date,0
2006-01-03,0.0008672763822301897
2006-01-04,0.009254865711892777
2006-01-05,0.00370597455176558
2006-01-06,0.0033990172251952195
2006-01-09,0.003908139634045738
2006-01-10,-0.004129230392851209
2006-01-11,0.0025041617692785857
2006-01-12,0.003128375166171761
2006-01-13,-0.0015642149117596734
2006-01-17,-0.008894609882411234
2006-01-18,0.0017188741411321695
2006-01-19,0.0021940023435318033
2006-01-20,-0.006106512105684151
2006-01-23,-0.0030989989409584986
2006-01-24,-0.0013307992889671268
2006-01-25,0.0054512329590935054
2006-01-26,0.002872101941409754
2006-01-27,-0.0015487897759292335
2006-01-30,-0.008023974723396474
2006-01-31,-0.005536207047773917
2006-02-01,0.0057684489420449896
2006-02-02,-0.0024852803582715685
2006-02-03,-0.004357474541748879
2006-02-06,-0.0009315309989434643
2006-02-07,0.006225221074198023
2006-02-08,0.00671896416675438
2006-02-09,-0.004816118502293156
2006-02-10,-0.0023277755181937048
2006-02-13,-0.0008900986283814213
2006-02-14,-0.0033388523970901557
2006-02-15,9.591655105362563e-05
2006-02-16,0.0030185251733505893
2006-02-17,-0.0015375711268556325
2006-02-21,-0.00527734288716602
2006-02-22,-0.002721837529159146
2006-02-23,0.0013691577963599836
2006-02-24,0.0020000714889749993
2006-02-27,0.0018703410365157784
2006-02-28,0.0036280526863669326
2006-03-01,0.008370616574157403
2006-03-02,0.0012942963369180747
2006-03-03,-0.0010933001646820067
2006-03-06,-0.0026535429351820954
2006-03-07,-0.003905777747030484
2006-03-08,-0.007909700552605018
2006-03-09,-0.003238280799579917
2006-03-10,-0.002911518383190463
2006-03-13,0.0026586235666539175
2006-03-14,0.004178843957219714
2006-03-15,-0.0018433999779411971
2006-03-16,-0.008388370803179265
2006-03-17,0.0007932102856063071
2006-03-20,0.0012584022383316327
2006-03-21,0.001501483761856882
2006-03-22,-0.003593190235867242
2006-03-23,-5.490761508298087e-06
2006-03-24,0.0036793940654582923
2006-03-27,0.002363592185183473
2006-03-28,0.0005977412990264485
2006-03-29,0.00815997871199843
2006-03-30,0.00020296761097773463
2006-03-31,-0.0018102183267161148
2006-04-03,0.0060537396169832135
2006-04-04,-0.0028086532967302237
2006-04-05,0.005199695381945519
2006-04-06,-0.003686308653197309
2006-04-07,0.000838584232351764
2006-04-10,-0.007062365241339953
2006-04-11,0.00013054074655073796
2006-04-12,0.0016062977850444646
2006-04-13,0.003180955911671468
2006-04-17,-0.00789525730068947
2006-04-18,-0.005949687845477789
2006-04-19,0.0045815535145493115
2006-04-20,0.005769748034351289
2006-04-21,-0.006765166036370402
2006-04-24,0.0018750808179205777
2006-04-25,0.004593950224711445
2006-04-26,0.003517490321227545
2006-04-27,0.00743588437647058
2006-04-28,-0.004117997511522999
2006-05-01,-0.0026553419646718397
2006-05-02,-0.0032335183612677005
2006-05-03,-0.0014572496515701272
2006-05-04,0.0074296079565623905
2006-05-05,-0.004591214844394492
2006-05-08,-0.00010626282613505466
2006-05-09,-0.004037903220034732
2006-05-10,-0.008924137315283957
2006-05-11,-0.003942276059246368
2006-05-12,-0.0009686855607037079
2006-05-15,0.004498176371306397
2006-05-16,-0.0023248874496323117
2006-05-17,-4.808666601163888e-05
2006-05-18,-0.006370834491427962
2006-05-19,0.006559587534803054
2006-05-22,-0.0075635871095870305
2006-05-23,0.00047488467456355146
2006-05-24,0.009175865775445267
2006-05-25,0.0015748018491615772
2006-05-26,-0.002322409209276635
2006-05-30,-0.003569761885939089
2006-05-31,-0.0008286967801324317
2006-06-01,0.0004052399955656592
2006-06-02,-0.00012437858385936506
2006-06-05,-0.0013667611267609288
2006-06-06,0.002120822857633512
2006-06-07,-0.0012046143836811221
2006-06-08,-0.0034627224614844168
2006-06-09,0.0010053251130698673
2006-06-12,0.0012507892463544865
2006-06-13,0.01055539697688441
2006-06-14,-0.0018627164502088244
2006-06-15,0.01203231379397058
2006-06-16,-0.00020131783098485795
2006-06-19,0.0037102836049182422
2006-06-20,-0.0007243558312009158
2006-06-21,0.0008940761344187699
2006-06-22,0.0003722122865595391
2006-06-23,-0.004729237037749037
2006-06-26,0.0033681026503967313
2006-06-27,-0.007092202356684855
2006-06-28,-0.0016446641173579874
2006-06-29,0.004549858220792201
2006-06-30,-0.0012581131440708934
2006-07-03,-0.0033846905229767744
2006-07-05,-0.003913800309983595
2006-07-06,-0.0014053255636341335
2006-07-07,-0.0071114890450412575
2006-07-10,-0.008500406777894775
2006-07-11,0.006293748627067769
2006-07-12,-0.0025729143182931092
2006-07-13,0.0008860430461228155
2006-07-14,0.002620992992582167
2006-07-17,0.002262309992787383
2006-07-18,0.006749024734555378
2006-07-19,0.003158208092560233
2006-07-20,-0.0027694074751276484
2006-07-21,-0.008915826563366525
2006-07-24,0.003351974928402442
2006-07-25,-0.0011492301234566201
2006-07-26,-0.00536818496245025
2006-07-27,0.010984778853727303
2006-07-28,0.002192918511437469
2006-07-31,-0.002682531608876873
2006-08-01,-0.010823083291443112
2006-08-02,0.005461365660830007
2006-08-03,0.0039470239557431825
2006-08-04,-0.007977087425824177
2006-08-07,-0.0044308013089054705
2006-08-08,0.0019155546244197196
2006-08-09,0.013415047458578877
2006-08-10,-0.0024173718229711896
2006-08-11,-0.004001880826687155
2006-08-14,0.005331760114309437
2006-08-15,0.007839980773088966
2006-08-16,0.006444197246420046
2006-08-17,0.00329587524438446
2006-08-18,0.0005393086316192806
2006-08-21,-0.0033301458258938347
2006-08-22,0.001298807447912945
2006-08-23,0.00023590577168179877
2006-08-24,-0.0017310194026663517
2006-08-25,0.004887769961554937
2006-08-28,0.0020994590463081653
2006-08-29,0.007427353219300327
2006-08-30,0.008953835587060612
2006-08-31,-0.0032360152511820904
2006-09-01,-0.0017134040586568428
2006-09-05,0.005157051814091735
2006-09-06,-0.003995958828574549
2006-09-07,0.005426829198520889
2006-09-08,0.010201887018951274
2006-09-11,0.01872030772217777
2006-09-12,0.006663242100655272
2006-09-13,-0.011577538275442487
2006-09-14,0.005058334863990317
2006-09-15,-0.0007583502244726129
2006-09-18,-0.00865156749502412
2006-09-19,4.171365600722081e-05
2006-09-20,0.005650229049806488
2006-09-21,-0.004788344674090283
2006-09-22,0.0018168886414285483
2006-09-25,0.005603884503707653
2006-09-26,-0.0028765436547553906
2006-09-27,-0.004419752840432687
2006-09-28,0.001780613545382717
2006-09-29,3.8885624180515174e-05
2006-10-02,-0.00104038981170611
2006-10-03,0.006143858465206968
2006-10-04,0.001803119590121179
2006-10-05,-0.008183129096202299
2006-10-06,0.00041270920302904663
2006-10-09,0.003874409963582173
2006-10-10,-0.005425531876226623
2006-10-11,0.005610345462009805
2006-10-12,0.0018377080628716258
2006-10-13,0.004380016487954989
2006-10-16,0.0012098504778434807
2006-10-17,-0.004996437001863927
2006-10-18,-0.0035159705245439263
2006-10-19,0.0067217502558767185
2006-10-20,0.0023789226200951054
2006-10-23,0.001973194366640937
2006-10-24,-0.0008923162461476741
2006-10-25,0.012602910273112045
2006-10-26,-0.0007182237367715102
2006-10-27,-0.0004257501966591229
2006-10-30,0.00020121566868309864
2006-10-31,0.0022947484357415844
2006-11-01,-0.0020296754388526893
2006-11-02,-0.001094585201228279
2006-11-03,-0.009167892779378744
2006-11-06,0.004852488638992604
2006-11-07,0.008463269523002711
2006-11-08,0.002356855687773909
2006-11-09,-0.0005876689880171873
2006-11-10,0.0024805919446585275
2006-11-13,0.009371807871028738
2006-11-14,0.008246764821940492
2006-11-15,0.00010798928508800485
2006-11-16,0.0055357936192023975
2006-11-17,-0.0026651824148489515
2006-11-20,-0.007367634673423243
2006-11-21,-0.003897651758008853
2006-11-22,0.00022591548865552155
2006-11-24,-0.0007937080536027073
2006-11-27,-0.005949015938323836
2006-11-28,0.0025035905645578423
2006-11-29,-0.002924972195230674
2006-11-30,0.0018126031987575218
2006-12-01,-0.0066831158319181965
2006-12-04,0.0034337832732038113
2006-12-05,-0.0006095424374733842
2006-12-06,-0.002307613599430251
2006-12-07,-0.007787849935162154
2006-12-08,-0.0032191082880939814
2006-12-11,0.0014815704327276933
2006-12-12,-0.0005926439129162243
2006-12-13,0.00046263025559527856
2006-12-14,0.0027377839445155284
2006-12-15,-0.000711005757212319
2006-12-18,-0.006049268977862654
2006-12-19,-0.0005006723311505977
2006-12-20,0.0010211205706813036
2006-12-21,0.0009032011680820286
2006-12-22,-0.0016535744018923006
2006-12-26,-0.0002921308158261858
2006-12-27,-1.3046902825219424e-05
2006-12-28,0.0009274679155202213
2006-12-29,-0.0002442461122032018
2007-01-03,-0.012523826571310886
2007-01-04,-0.0033677665259597657
2007-01-05,0.00397091767254564
2007-01-08,-0.012139411271454327
2007-01-09,0.0005234538272069495
2007-01-10,-0.0016778820025809688
2007-01-11,0.0016723652793050828
2007-01-12,-0.00797473562331235
2007-01-16,0.002698502142657784
2007-01-17,-0.0036822931761943335
2007-01-18,0.006763511590963242
2007-01-19,-0.009422788104830306
2007-01-22,0.0007945080927420233
2007-01-23,-0.006136048652596076
2007-01-24,-0.0003113603354192027
2007-01-25,0.0013612364172634849
2007-01-26,-0.0033695832739609197
2007-01-29,0.00013616515948138724
2007-01-30,-0.009651862480816802
2007-01-31,0.0027116194554782295
2007-02-01,-0.0002621877107448024
2007-02-02,0.0007657742537292482
2007-02-05,0.0012418953325583455
2007-02-06,2.3219497440715137e-05
2007-02-07,-0.012226340043523697
2007-02-08,0.005655623269982256
2007-02-09,0.003502609067081294
2007-02-12,-0.006775990593176407
2007-02-13,0.0007655390265198017
2007-02-14,-0.003547909635218053
2007-02-15,-0.00655975274763636
2007-02-16,6.578677785135249e-05
2007-02-20,-0.0058984124165544684
2007-02-21,0.0059899315999025985
2007-02-22,0.01086629574604257
2007-02-23,0.0034455416272905913
2007-02-26,0.001925366400501734
2007-02-27,0.0012005894852029316
2007-02-28,-0.0021465449294151054
2007-03-01,-0.002072350794409056
2007-03-02,-0.0022036876240789623
2007-03-05,0.0020532994066156138
2007-03-06,0.0005952788633149043
2007-03-07,0.008578226869048149
2007-03-08,-0.0011990506553744213
2007-03-09,-0.013390994765330164
2007-03-12,0.003109100930747352
2007-03-13,0.006347203613629096
2007-03-14,0.000913990875726186
2007-03-15,-0.006102527283810648
2007-03-16,0.0011423975129289518
2007-03-19,0.002170905074863316
2007-03-20,-0.002710855559257872
2007-03-21,-0.0022067539854448755
2007-03-22,0.004010694301893891
2007-03-23,-0.0003295671772162986
2007-03-26,0.001268009210494359
2007-03-27,0.0016491509002917691
2007-03-28,0.003630434209199932
2007-03-29,-0.0031765921071152145
2007-03-30,0.001593189788127308
2007-04-02,-0.001457247328254335
2007-04-03,-0.0021731398070675176
2007-04-04,0.003015708098638473
2007-04-05,0.001322637938523576
2007-04-09,-0.0019780776459036808
2007-04-10,-0.006704048648102137
2007-04-11,-0.000599744739410291
2007-04-12,-0.0019886725008178775
2007-04-13,-0.005337325473259794
2007-04-16,0.00032586442388082837
2007-04-17,0.0014154199584854898
2007-04-18,0.0019258828800981951
2007-04-19,-0.005187081622828254
2007-04-20,-0.002825188014629964
2007-04-23,-5.955491508021757e-05
2007-04-24,0.0029134425311280287
2007-04-25,-0.0013374027042662425
2007-04-26,0.0026599692511914213
2007-04-27,-0.0007875684393110027
2007-04-30,0.0007925214176455576
2007-05-01,-0.0018278751733277632
2007-05-02,-0.001880406195019819
2007-05-03,-0.0038863777570139592
2007-05-04,0.0015299131407298995
2007-05-07,0.0011509914895557203
2007-05-08,0.0007297051510054343
2007-05-09,-0.0061195792649907516
2007-05-10,-0.0045858278523518235
2007-05-11,0.00196593020069487
2007-05-14,0.0005382937683737395
2007-05-15,-0.002607746176095267
2007-05-16,-0.0004057763426937986
2007-05-17,3.754413971520938e-05
2007-05-18,0.00410115182341201
2007-05-21,0.00015511600235910993
2007-05-22,-0.0026248776458880686
2007-05-23,0.0009742213884005804
2007-05-24,0.0010794612455032977
2007-05-25,-0.0009804784247301104
2007-05-29,0.0016217708453053277
2007-05-30,-0.0010733458421252103
2007-05-31,0.0017124179143890863
2007-06-01,0.0037844313202349588
2007-06-04,0.0035478833956738365
2007-06-05,-0.0008586221983503407
2007-06-06,-0.001865435138416357
2007-06-07,-0.0016253159917019645
2007-06-08,-0.011219265079474424
2007-06-11,0.0006580235925932764
2007-06-12,-0.00047506385554715186
2007-06-13,0.004212400254404512
2007-06-14,0.0018806529114038246
2007-06-15,-0.003212742843233847
2007-06-18,0.0006707425805782346
2007-06-19,0.005349732980160432
2007-06-20,-0.003753268176309027
2007-06-21,-0.006090121326391702
2007-06-22,0.0031576234156945587
2007-06-25,-0.0030630385159252697
2007-06-26,-0.0071926364827422234
2007-06-27,-0.0018178109861200853
2007-06-28,-0.001391474736929042
2007-06-29,-0.0011461232940624718
2007-07-02,0.0020399257911666354
2007-07-03,-0.00020740189113262653
2007-07-05,-0.003658052529755346
2007-07-06,0.004008245852934685
2007-07-09,-0.003303174488145383
2007-07-10,-0.011441266828213231
2007-07-11,0.0029368784044138973
2007-07-12,-0.0027495115641985508
2007-07-13,-0.002547977526418888
2007-07-16,-0.0004868448200409001
2007-07-17,0.0003965606170669029
2007-07-18,-0.0011546662855542176
2007-07-19,0.0027156090735938948
2007-07-20,-0.00024998119075463613
2007-07-23,0.005640617105959519
2007-07-24,0.0008464937836965814
2007-07-25,-0.0047726528854849445
2007-07-26,-0.0001449374551663284
2007-07-27,0.002515147365420467
2007-07-30,-0.0025224501181688864
2007-07-31,-0.0029999074506791125
2007-08-01,0.00047045644050193485
2007-08-02,0.005185379889709836
2007-08-03,-0.004005513496366056
2007-08-06,0.006986598164010452
2007-08-07,-0.0003590444360682183
2007-08-08,-0.004587199679829984
2007-08-09,-0.0038424644567247876
2007-08-10,0.0005269130702437446
2007-08-13,0.006939894123065503
2007-08-14,-0.0018989982688778642
2007-08-15,0.0003114464439182696
2007-08-16,-0.0025660228832590642
2007-08-17,-0.003810859071137287
2007-08-20,0.002558544159559097
2007-08-21,0.004636038516385634
2007-08-22,0.0005502177156869431
2007-08-23,-0.004160069240377889
2007-08-24,-0.00030855474395684264
2007-08-27,0.0016766201135794859
2007-08-28,-0.004291008044470389
2007-08-29,0.005082505099541801
2007-08-30,0.0040600563874872014
2007-08-31,0.003212757477295936
2007-09-04,-0.0014308944996184892
2007-09-05,-0.0038679273759607983
2007-09-06,-0.0020422308551750444
2007-09-07,-0.010934346876540376
2007-09-10,-0.0010996494395086346
2007-09-11,-0.002495904640054531
2007-09-12,-0.00879848803036216
2007-09-13,0.005407899001707287
2007-09-14,0.0004988346418011551
2007-09-17,-0.000725177057293443
2007-09-18,0.008914017476631626
2007-09-19,-0.00015962047917149287
2007-09-20,-0.0056562193456114445
2007-09-21,0.0002477917192974103
2007-09-24,-0.00548490182268033
2007-09-25,0.001186664150733788
2007-09-26,0.003327225206389612
2007-09-27,-0.0018850942032685115
2007-09-28,0.0024669969939588986
2007-10-01,0.00139299164572447
2007-10-02,0.006542481680621558
2007-10-03,0.002026430732144247
2007-10-04,0.0012574771871318394
2007-10-05,0.005043333942777414
2007-10-08,-0.00790539773196254
2007-10-09,0.0006687451247001628
2007-10-10,0.00489037551193036
2007-10-11,-0.0006546043514083126
2007-10-12,-0.004614090553454978
2007-10-15,0.004601087568592409
2007-10-16,0.001840058302415126
2007-10-17,0.0017635470659975124
2007-10-18,0.00019215200004312532
2007-10-19,-0.007091308718962788
2007-10-22,-0.0026796545438378715
2007-10-23,0.0007043515340667656
2007-10-24,0.001465336958385582
2007-10-25,0.00447466009790677
2007-10-26,0.0010664933603515463
2007-10-29,0.0007141892053948879
2007-10-30,-0.0061776034342329745
2007-10-31,-0.0014491905097463505
2007-11-01,0.00662235387312555
2007-11-02,0.005304711574731264
2007-11-05,-0.0008909551752872471
2007-11-06,-0.012090088900001794
2007-11-07,-0.0008797198390948352
2007-11-08,0.0015819859782224325
2007-11-09,-0.0031411227431325157
2007-11-12,0.006969854024672985
2007-11-13,0.0030714994618332636
2007-11-14,-0.0016919007591450544
2007-11-15,0.0038517512409514828
2007-11-16,-0.0042605269887120495
2007-11-19,-0.0023598081657201474
2007-11-20,-0.005201312530194159
2007-11-21,-0.0012219923785925786
2007-11-23,-0.00043241695308238767
2007-11-26,-0.005127962193054123
2007-11-27,0.01256434167099127
2007-11-28,0.0062945865971267435
2007-11-29,-0.002764286445633694
2007-11-30,0.0012949021738816134
2007-12-03,9.023849433973082e-05
2007-12-04,0.0019660909498612246
2007-12-05,-0.000720778049619087
2007-12-06,-0.004692015762810116
2007-12-07,-0.003060618511167907
2007-12-10,0.00046993655187160333
2007-12-11,-0.004914106950349138
2007-12-12,-0.010412878670841097
2007-12-13,0.0024840237547530688
2007-12-14,-0.0007428120401492052
2007-12-17,-7.68917577043631e-05
2007-12-18,-0.002299056977330367
2007-12-19,-0.0017092415521951024
2007-12-20,0.0007164176404758141
2007-12-21,-0.006235664616210426
2007-12-24,-0.0030790517594089734
2007-12-26,-0.003369964832301655
2007-12-27,0.0006281546133826285
2007-12-28,-0.0040203176601617185
2007-12-31,0.004759100523416182
2008-01-02,0.0025032018161411772
2008-01-03,0.0051607177351885945
2008-01-04,0.0041981333655076855
2008-01-07,0.0006116484013973434
2008-01-08,-0.027888094952998925
2008-01-09,-0.006929405342812956
2008-01-10,0.017603386827558888
2008-01-11,-0.0001242339451694143
2008-01-14,-0.010056120161424927
2008-01-15,0.004868210830127659
2008-01-16,0.026491565942681317
2008-01-17,0.0030374942586590503
2008-01-18,-0.005840292708852158
2008-01-22,0.015487337053327565
2008-01-23,0.023979117165266437
2008-01-24,-0.006202333945004169
2008-01-25,-0.011312114483015768
2008-01-28,0.0027532153192754297
2008-01-29,0.00617337124707816
2008-01-30,-0.0017640787292570051
2008-01-31,0.01650321212093183
2008-02-01,0.006617675616341609
2008-02-04,-0.012769860696023405
2008-02-05,-0.0033734090812483053
2008-02-06,-0.007077702952970266
2008-02-07,-0.014068769802715176
2008-02-08,-0.002464581427223927
2008-02-11,-0.005640960293096617
2008-02-12,0.0009728560119425895
2008-02-13,0.00026161544973713646
2008-02-14,-0.0010161307194445687
2008-02-15,0.0005059743597948555
2008-02-19,0.0002696369685842741
2008-02-20,-0.0003608861430664921
2008-02-21,0.002325076420322493
2008-02-22,0.0005370793748738399
2008-02-25,0.00041457709292906295
2008-02-26,-0.0026473263853180155
2008-02-27,0.004633721984792533
2008-02-28,-0.009475648231961018
2008-02-29,-0.005452680115970347
2008-03-03,-0.0007484595352850393
2008-03-04,-0.0011621693992402912
2008-03-05,-0.0065811804382422765
2008-03-06,-0.0031286052099999354
2008-03-07,-0.006487775661071343
2008-03-10,-0.003616084994420057
2008-03-11,-0.010315530048927704
2008-03-12,0.0026358818931583776
2008-03-13,-0.004020787971444285
2008-03-14,0.011576841265031015
2008-03-17,0.0007152993883334075
2008-03-18,-0.013001896780641276
2008-03-19,0.00234378960096649
2008-03-20,-0.014197346103836288
2008-03-24,-0.0017994061885557432
2008-03-25,0.001219083716643882
2008-03-26,0.009561840906075486
2008-03-27,0.00360107534534773
2008-03-28,0.006054625693055288
2008-03-31,0.0014472939260342758
2008-04-01,-0.014348258580960888
2008-04-02,-7.852728541796255e-05
2008-04-03,-0.006102800105033302
2008-04-04,0.007654827329244524
2008-04-07,-0.003649119788667388
2008-04-08,0.00559224318719341
2008-04-09,-0.014385281581355448
2008-04-10,-0.007957593992329016
2008-04-11,0.002914317415628749
2008-04-14,0.00047390150655361404
2008-04-15,0.005109715958926802
2008-04-16,0.0026450113432071364
2008-04-17,0.0031837649793032296
2008-04-18,0.010066625311286307
2008-04-21,-0.00404126444259187
2008-04-22,-0.0011006128445250271
2008-04-23,0.0013198906167107415
2008-04-24,0.0038446031204657557
2008-04-25,0.002153211359337936
2008-04-28,-0.002143659926633827
2008-04-29,0.00030333625696821187
2008-04-30,0.002336673812493552
2008-05-01,0.0077105032946765935
2008-05-02,0.0006149914958951911
2008-05-05,-0.003955037415383688
2008-05-06,-0.001570925158079539
2008-05-07,-0.004239507653980136
2008-05-08,-0.006904266823487602
2008-05-09,0.004260168094952766
2008-05-12,0.0077687180792596665
2008-05-13,-0.0012870825919503884
2008-05-14,0.0024147179783679047
2008-05-15,0.0007646540388911026
2008-05-16,-0.003527795130277401
2008-05-19,-0.0062028112770004555
2008-05-20,-0.0058302803470738265
2008-05-21,0.002678658092400974
2008-05-22,-0.0014984887307689433
2008-05-23,0.0005440107977017762
2008-05-27,0.006000469601187466
2008-05-28,-0.0045722941848509654
2008-05-29,0.003696840363291394
2008-05-30,-0.0023526414925340404
2008-06-02,-0.008546396492337589
2008-06-03,-0.0035403634247984446
2008-06-04,0.008271075325787728
2008-06-05,-0.0024179271371072386
2008-06-06,-0.005764038663246682
2008-06-09,-0.012829971158485384
2008-06-10,-1.0808196447342931e-05
2008-06-11,-0.008824372293707661
2008-06-12,-0.00015909612060468255
2008-06-13,0.0015569360424235782
2008-06-16,0.00038685118460787436
2008-06-17,-0.009685650740487285
2008-06-18,-0.002723757245792502
2008-06-19,0.01022703505701259
2008-06-20,-0.007493538684053979
2008-06-23,-0.015022289105051524
2008-06-24,0.011950988357263215
2008-06-25,0.009640811897042698
2008-06-26,-0.006225296573392596
2008-06-27,-0.0013459447986631148
2008-06-30,-0.007091669189564122
2008-07-01,-0.012800988945221638
2008-07-02,0.001064952151796741
2008-07-03,-0.004950457176780742
2008-07-07,0.011991397892937466
2008-07-08,0.0024120940665551234
2008-07-09,-0.03161888838930898
2008-07-10,-0.024663987371366596
2008-07-11,-0.004650642708079535
2008-07-14,-0.016007882704836607
2008-07-15,-0.010350166253614353
2008-07-16,0.03192263019310999
2008-07-17,0.023391780650942356
2008-07-18,0.009071864043045814
2008-07-21,0.0003245726199675021
2008-07-22,0.014295930374750635
2008-07-23,0.0177039235623839
2008-07-24,-0.033221016120733596
2008-07-25,-0.013530112054332076
2008-07-28,-0.018406541947251016
2008-07-29,0.02133432610415271
2008-07-30,0.0031245287185622437
2008-07-31,0.0018878321823345798
2008-08-01,0.010033828811306654
2008-08-04,0.0008429401123999533
2008-08-05,0.0168409655395779
2008-08-06,-0.010537884720605939
2008-08-07,-0.016327360059333648
2008-08-08,0.00919251185300779
2008-08-11,0.0026119671424239977
2008-08-12,-0.014741753036721587
2008-08-13,-0.02026950654893013
2008-08-14,0.0037965027866266768
2008-08-15,0.00640886774125438
2008-08-18,0.0012368457989259574
2008-08-19,-0.01872608411936821
2008-08-20,-0.009012301036200774
2008-08-21,-0.004748269450129706
2008-08-22,0.014177543414559504
2008-08-25,-0.0029740368116194685
2008-08-26,-0.0001294464635821716
2008-08-27,-0.007335952572079443
2008-08-28,0.01611380638428083
2008-08-29,0.005388377130075798
2008-09-02,0.020998610506215674
2008-09-03,0.004370781747576578
2008-09-04,-0.0026572336511301873
2008-09-05,0.003792227167900353
2008-09-08,-0.04855449074769204
2008-09-09,-0.010026864714490262
2008-09-10,-0.006195374024384961
2008-09-11,-0.003553303895908714
2008-09-12,0.0004279731248468604
2008-09-15,-0.016474923039695215
2008-09-16,-0.012759744476912957
2008-09-17,-0.005491902004785775
2008-09-18,-0.018226616095712654
2008-09-19,0.016412947810015642
2008-09-22,0.0027111090860157663
2008-09-23,0.005872032229648517
2008-09-24,-0.003008450335306801
2008-09-25,-0.004572440250127639
2008-09-26,-0.026981486320384527
2008-09-29,0.012306658405390882
2008-09-30,-0.019123618646458354
2008-10-01,-0.01164451012424379
2008-10-02,-0.003323355178436724
2008-10-03,0.011322089903482073
2008-10-06,0.0004376642575280899
2008-10-07,-0.05637024221198971
2008-10-08,-0.002350654945598037
2008-10-09,-0.0433141821736434
2008-10-10,0.036169593096014564
2008-10-13,0.01283288202249369
2008-10-14,0.04367064496177317
2008-10-15,-0.024223415232743368
2008-10-16,-0.0050392090789404655
2008-10-17,-0.0019901083666905993
2008-10-20,-0.010316969819586972
2008-10-21,0.005748222059769995
2008-10-22,-0.010781603125581065
2008-10-23,-0.02504048413742895
2008-10-24,-0.009023399960907959
2008-10-27,-0.030496851010933777
2008-10-28,-0.0063453935461428275
2008-10-29,0.012724901316264792
2008-10-30,0.007499748471226525
2008-10-31,0.027171459815687544
2008-11-03,-0.00962577962690619
2008-11-04,0.016502280251400533
2008-11-05,-0.017208246377087656
2008-11-06,0.014074554580804692
2008-11-07,0.00011035978781406224
2008-11-10,-0.0013581292276777577
2008-11-11,0.0001692420243141997
2008-11-12,0.012868968388569555
2008-11-13,0.004297803564264253
2008-11-14,-0.0004123222055152356
2008-11-17,0.005245254124326693
2008-11-18,0.002575317585517977
2008-11-19,0.019920938065975294
2008-11-20,0.023575937606929977
2008-11-21,-0.026663157115515486
2008-11-24,-0.02236983550631387
2008-11-25,-0.018155199961525773
2008-11-26,-0.015183678811560714
2008-11-28,0.0027385310631571898
2008-12-01,0.02559326952271556
2008-12-02,-0.0010060484304295191
2008-12-03,0.005226271756755789
2008-12-04,0.01944150886604084
2008-12-05,-0.013653274818553385
2008-12-08,0.01368081824895202
2008-12-09,-0.01078799997168013
2008-12-10,-0.018810507572018728
2008-12-11,-0.01589279884322872
2008-12-12,-0.0034774853714386457
2008-12-15,-0.0011987142048514529
2008-12-16,0.017906210180735297
2008-12-17,-0.012588301487646244
2008-12-18,0.0018094573837000223
2008-12-19,-0.003938588522957735
2008-12-22,0.003953388998668102
2008-12-23,0.0010101619536956093
2008-12-24,0.0003327356336932162
2008-12-26,-0.005077648676608079
2008-12-29,-0.0014575329087781425
2008-12-30,0.0041858087092769836
2008-12-31,-0.007200470064607329
2009-01-02,-0.010559996943099514
2009-01-05,-0.01694137925388612
2009-01-06,-0.0162368831960528
2009-01-07,-0.029893948742220677
2009-01-08,-0.0003590139879332082
2009-01-09,-0.008843043545800088
2009-01-12,-0.004415417849681253
2009-01-13,-0.009486619265167322
2009-01-14,-0.006499878692829998
2009-01-15,0.0010940884812411745
2009-01-16,-0.004080192027949792
2009-01-20,-0.004936990356276376
2009-01-21,0.006742296149792099
2009-01-22,0.004022363575571852
2009-01-23,0.011845424477480748
2009-01-26,-0.0016220831617404137
2009-01-27,0.008961027364293866
2009-01-28,0.016511281521987352
2009-01-29,-0.015825858199791567
2009-01-30,-0.007064720900897196
2009-02-02,0.002472366311001947
2009-02-03,-0.007619131049260149
2009-02-04,0.015054891137674378
2009-02-05,0.016792363002725536
2009-02-06,-0.0038342374162119684
2009-02-09,-0.004233610300341246
2009-02-10,-0.004541016451263765
2009-02-11,0.000225561868524674
2009-02-12,0.004589289677528434
2009-02-13,0.006638029124783347
2009-02-17,-0.014799553747654924
2009-02-18,0.006302573936473319
2009-02-19,0.004216269894637985
2009-02-20,0.008090022168402431
2009-02-23,-0.013234656712098345
2009-02-24,0.011026675028142896
2009-02-25,0.0002410849545203637
2009-02-26,0.01355058660659081
2009-02-27,0.01772223045398753
2009-03-02,-0.0068623544289829865
2009-03-03,0.006672300876620487
2009-03-04,0.014718457765376064
2009-03-05,0.0024422865694916887
2009-03-06,-0.0027324518533983944
2009-03-09,-0.0007722918958191065
2009-03-10,-0.018565383678702467
2009-03-11,-0.001316114232195361
2009-03-12,0.013028351830038311
2009-03-13,0.008237091210326166
2009-03-16,-0.037151352787096054
2009-03-17,0.0001378153773006624
2009-03-18,-0.009137778655008356
2009-03-19,-0.02424628239096142
2009-03-20,0.019424823774370523
2009-03-23,-0.01879768356119333
2009-03-24,-0.004086357249452379
2009-03-25,0.016150076950026217
2009-03-26,0.007504274148924942
2009-03-27,0.013588992304009579
2009-03-30,0.011352432305972587
2009-03-31,0.002653660359281632
2009-04-01,0.0001328790678420799
2009-04-02,-0.010081697733040271
2009-04-03,-0.012984511154052254
2009-04-06,0.006923980374255671
2009-04-07,0.004116256317187052
2009-04-08,-0.013008902013165746
2009-04-09,-0.014978586346545928
2009-04-13,-0.007389846223095971
2009-04-14,0.0026498784796595773
2009-04-15,-0.0033783027409056755
2009-04-16,-0.002769576891872433
2009-04-17,0.007710631843348263
2009-04-20,0.01806055122604783
2009-04-21,-0.01664859507409824
2009-04-22,0.006940877209500469
2009-04-23,-0.012032908648316869
2009-04-24,-0.004074395152345041
2009-04-27,0.0011760907391715112
2009-04-28,0.00969251601695601
2009-04-29,-0.008640304837692224
2009-04-30,0.004617956041887844
2009-05-01,-0.0017616294317257235
2009-05-04,-0.010083792293327705
2009-05-05,-0.007039934447182138
2009-05-06,-0.013850987151115695
2009-05-07,0.0006313677248166641
2009-05-08,-0.040396280588061356
2009-05-11,0.016336169738750808
2009-05-12,0.0038559218218829844
2009-05-13,0.01994762571180831
2009-05-14,-0.0054636247406345175
2009-05-15,0.009573579638652487
2009-05-18,-0.013524200845908718
2009-05-19,-0.007482538293195697
2009-05-20,0.005512525233309734
2009-05-21,0.011959579484175182
2009-05-22,0.0007648267026881623
2009-05-26,-0.0009171751808527008
2009-05-27,0.0006717880387141663
2009-05-28,-0.009949349284442641
2009-05-29,-0.0002312189372364627
2009-06-01,-0.01018088566138382
2009-06-02,0.014178018598053654
2009-06-03,0.022989041611553157
2009-06-04,-0.018289647360973382
2009-06-05,0.005914991796849183
2009-06-08,-0.0013946952236520648
2009-06-09,-0.004370983003943621
2009-06-10,0.004230081732089192
2009-06-11,-0.004116363277678392
2009-06-12,-0.003190387783245596
2009-06-15,-0.0001314234253198687
2009-06-16,0.008212609062283589
2009-06-17,0.008031690342290886
2009-06-18,0.00506896545641762
2009-06-19,-1.72459056138666e-05
2009-06-22,0.002200543155557322
2009-06-23,-0.00460733788331641
2009-06-24,0.0028643291086242087
2009-06-25,0.00046543897841477746
2009-06-26,-0.0006005785494221309
2009-06-29,-0.0025728433767775844
2009-06-30,0.0018699466881781355
2009-07-01,0.005202628616333226
2009-07-02,0.0016257512895594306
2009-07-06,-0.0015059466249431857
2009-07-07,0.0013239009561046133
2009-07-08,0.00011014346562278259
2009-07-09,-0.01344272793208567
2009-07-10,0.001788169026639804
2009-07-13,-0.014284761940414371
2009-07-14,0.006048885024467407
2009-07-15,0.00045844308139784425
2009-07-16,0.006247476265449231
2009-07-17,0.0006825304138018555
2009-07-20,0.009542732086088673
2009-07-21,0.010556140474664454
2009-07-22,-0.01143796392998056
2009-07-23,-0.00010000038262764913
2009-07-24,0.003393397763822632
2009-07-27,-0.007252325180179518
2009-07-28,-0.010400112603218206
2009-07-29,-0.0032769343804420876
2009-07-30,-0.00455778197122586
2009-07-31,-0.001139172437678501
2009-08-03,0.0054367865614184125
2009-08-04,-0.005163392455859105
2009-08-05,-0.015308252348332423
2009-08-06,0.0036673710072857163
2009-08-07,-0.01928626912038879
2009-08-10,0.002033582395507341
2009-08-11,0.010250561921726407
2009-08-12,0.0017094286463851908
2009-08-13,-0.00442634596595688
2009-08-14,-0.0018543386475630313
2009-08-17,0.003296874186012334
2009-08-18,-0.004516547253927461
2009-08-19,5.939462494259848e-05
2009-08-20,-0.012062866199031247
2009-08-21,0.0022421804388508635
2009-08-24,0.0035056902949765585
2009-08-25,-0.001492519568787266
2009-08-26,-0.003880966757238704
2009-08-27,-0.016357663055181704
2009-08-28,-0.008325384463008494
2009-08-31,0.006841493872917881
2009-09-01,0.02282419897045882
2009-09-02,2.768022432107056e-05
2009-09-03,-0.008573043298841412
2009-09-04,0.004906128572141373
2009-09-08,-0.013763124365766386
2009-09-09,0.003620208292926288
2009-09-10,-0.001772610694038486
2009-09-11,-0.005387007156022399
2009-09-14,0.0016539660494419672
2009-09-15,-0.0028173265396939065
2009-09-16,-0.0012794339890656679
2009-09-17,-0.0009330907529275882
2009-09-18,0.005652125344488843
2009-09-21,0.00839432814179307
2009-09-22,-0.0017580234372052588
2009-09-23,0.002431504697415966
2009-09-24,-0.0016227262067572377
2009-09-25,-0.0027908519906434718
2009-09-28,-0.0016772145535628464
2009-09-29,0.0023935261731300663
2009-09-30,-0.002597740111341072
2009-10-01,0.001525223875669959
2009-10-02,0.00029118470035195004
2009-10-05,-0.002475739026681216
2009-10-06,0.0026052727672318298
2009-10-07,-0.008845014829482835
2009-10-08,0.001056426732557898
2009-10-09,-0.0013162646584382429
2009-10-12,0.0025692692274415694
2009-10-13,-9.010430599510643e-05
2009-10-14,-0.003201885467425615
2009-10-15,-0.0011226408594223712
2009-10-16,-0.00015418096290214156
2009-10-19,-0.0022743378677442835
2009-10-20,0.0033212208117498064
2009-10-21,-0.0016766084474487248
2009-10-22,-0.006072696151756906
2009-10-23,0.0009759754323581787
2009-10-26,0.0010430774975031798
2009-10-27,0.00042084996590181637
2009-10-28,-0.0006540210079751077
2009-10-29,-0.006028073844343153
2009-10-30,0.00034126109357128303
2009-11-02,-0.002182311996282108
2009-11-03,0.0008048221377112527
2009-11-04,0.00011317793961664335
2009-11-05,-0.016860419625266562
2009-11-06,0.0013697518149342195
2009-11-09,0.0012131999337302202
2009-11-10,-0.0029944347321843043
2009-11-11,-0.0006439435971941332
2009-11-12,-0.0073744330922160765
2009-11-13,0.0005201841805833762
2009-11-16,0.00030619538854479616
2009-11-17,-0.0031234289271661387
2009-11-18,0.0029734896957737582
2009-11-19,-6.513935218089373e-06
2009-11-20,0.0025030170866366754
2009-11-23,0.0014438330358190242
2009-11-24,-7.638340380007704e-05
2009-11-25,0.0003371554986475868
2009-11-27,0.0003702896113801651
2009-11-30,0.004074537166697083
2009-12-01,-0.00027761469225777517
2009-12-02,-0.0018249985712170324
2009-12-03,-0.002212038381718167
2009-12-04,0.003017556026212387
2009-12-07,-0.010764790210344393
2009-12-08,-0.0005609440830056318
2009-12-09,-0.0009803879026412078
2009-12-10,-0.0017148027270069304
2009-12-11,-0.0006964652147349287
2009-12-14,-0.001690268854366125
2009-12-15,-0.0014417770877213456
2009-12-16,-0.0032760322487573206
2009-12-17,-3.6895606182899305e-05
2009-12-18,-0.0021916442280931836
2009-12-21,-0.0037600111520435524
2009-12-22,0.00023386770862625635
2009-12-23,-0.00775678624897174
2009-12-24,-0.0044674646964157644
2009-12-28,0.0028254505665945406
2009-12-29,0.003310625059215458
2009-12-30,-0.00025359720897800953
2009-12-31,-0.0008559298720767946
2010-01-04,0.0015756484927369732
2010-01-05,-0.005406408674297536
2010-01-06,0.0064482843456558575
2010-01-07,-0.011413113775929028
2010-01-08,-0.0027481895108498397
2010-01-11,0.0015560048411332509
2010-01-12,0.005467401832475794
2010-01-13,-0.0017683963639686345
2010-01-14,-0.004308207077804214
2010-01-15,-0.0002751438891774045
2010-01-19,-0.0019487937837277425
2010-01-20,0.003480556758538396
2010-01-21,0.012105630625226096
2010-01-22,-0.0045207636159006834
2010-01-25,-0.00020920866385557818
2010-01-26,-0.0018500235618185673
2010-01-27,0.0020433113451375448
2010-01-28,-0.011072838351604691
2010-01-29,0.0017758869990596722
2010-02-01,-0.010057501872785876
2010-02-02,-0.004000602610526289
2010-02-03,0.007301252445808318
2010-02-04,0.008953079346888819
2010-02-05,0.004939345795833958
2010-02-08,-0.0019142187211042619
2010-02-09,0.002816155544173683
2010-02-10,-0.0010453867591878262
2010-02-11,-0.001972170745925346
2010-02-12,-0.0026372325308131523
2010-02-16,-0.004936281956174033
2010-02-17,0.002886402213075434
2010-02-18,0.003990170574071375
2010-02-19,-0.00032011311897864406
2010-02-22,-0.0018941538730690925
2010-02-23,0.008115020653419115
2010-02-24,-0.0018430778528639963
2010-02-25,-0.001613899687252031
2010-02-26,-0.0011960621171795602
2010-03-01,-0.003947490415902081
2010-03-02,0.0009008639087691978
2010-03-03,0.004876571175016069
2010-03-04,-0.0060884278153813445
2010-03-05,-0.0007436143359201779
2010-03-08,-0.0032841869228649044
2010-03-09,-0.001465313182145969
2010-03-10,-0.01127939406707773
2010-03-11,0.001473518964061616
2010-03-12,0.003727019053094675
2010-03-15,-0.00205264257505516
2010-03-16,0.002009964156210472
2010-03-17,-0.0005991852642746149
2010-03-18,-0.001998164244468546
2010-03-19,-0.0004685968745006185
2010-03-22,0.0034582483755910944
2010-03-23,-0.0017135992994340475
2010-03-24,0.003733588353606395
2010-03-25,0.0035538632010211745
2010-03-26,0.0009708511435949418
2010-03-29,-0.0001652343070052942
2010-03-30,-3.6382272975204966e-05
2010-03-31,-0.0025431067347486164
2010-04-01,-0.002592977149989994
2010-04-05,-0.0010331247073954233
2010-04-06,-0.001801026438033322
2010-04-07,-0.00734754178665463
2010-04-08,-0.0026072779340780674
2010-04-09,-0.008647517354280756
2010-04-12,-0.0014914844946912397
2010-04-13,-0.0016806314770488264
2010-04-14,-0.008877295081505096
2010-04-15,-0.0016264704095315051
2010-04-16,0.012683366754388106
2010-04-19,-0.0007040238192248221
2010-04-20,-0.010218920223599916
2010-04-21,-0.002961287343043355
2010-04-22,-0.0015639380579750021
2010-04-23,-0.0055730241981431115
2010-04-26,0.003878636078119289
2010-04-27,0.0014927934977973746
2010-04-28,-0.0016326736088388438
2010-04-29,-0.0019815796034115276
2010-04-30,-0.0025802094720749845
2010-05-03,-0.005293355418272739
2010-05-04,0.004086644957573639
2010-05-05,0.008856177858311602
2010-05-06,0.0027601002273666634
2010-05-07,0.008285338098409298
2010-05-10,0.008787146239470653
2010-05-11,0.002667745210294103
2010-05-12,-9.612055823460207e-05
2010-05-13,0.0006808927503364524
2010-05-14,-0.002627449708774596
2010-05-17,0.003308950434954093
2010-05-18,0.0030935646651383463
2010-05-19,-0.01050595075533999
2010-05-20,-0.00677195202210939
2010-05-21,0.006315918357191129
2010-05-24,0.0008163968311838384
2010-05-25,0.0009712281279379569
2010-05-26,0.0032180519821245245
2010-05-27,0.004598483810183895
2010-05-28,-0.007462989018162061
2010-06-01,-0.008186259807001346
2010-06-02,0.00419324919947627
2010-06-03,0.0019745644929769364
2010-06-04,-0.002532337788159547
2010-06-07,0.0021458253659094964
2010-06-08,-0.0008877327917114338
2010-06-09,-0.016039499453055397
2010-06-10,-0.0005546710044642572
2010-06-11,0.002781996930610513
2010-06-14,0.003525596928145321
2010-06-15,0.006577100274271869
2010-06-16,0.004648037726076282
2010-06-17,0.002201211161490068
2010-06-18,0.0002159315468470379
2010-06-21,-0.00491692941059605
2010-06-22,0.0007139816384884595
2010-06-23,-0.0015968647299022362
2010-06-24,-0.0050949033715619214
2010-06-25,0.0011861272172181588
2010-06-28,0.001724833190357278
2010-06-29,-0.007845908597371378
2010-06-30,-0.003013450495206915
2010-07-01,-0.0024508740644367147
2010-07-02,0.0031911166966107026
2010-07-06,-0.003297955044346646
2010-07-07,0.0002832348598020241
2010-07-08,-0.00018692620378969635
2010-07-09,-0.004247128939086222
2010-07-12,0.0005934907933250598
2010-07-13,0.005915770897543619
2010-07-14,-0.0023959161126269803
2010-07-15,-0.003211054482299884
2010-07-16,-0.007567429883919401
2010-07-19,-0.0016699223054328816
2010-07-20,0.0040134814788525455
2010-07-21,-0.0022244277782696993
2010-07-22,0.0071948833604557035
2010-07-23,0.0035324001221675805
2010-07-26,0.004267718026075703
2010-07-27,-0.005499282531077374
2010-07-28,-0.0017593193837783549
2010-07-29,-0.006063640040073255
2010-07-30,-0.004026809117018628
2010-08-02,0.00024599603688018197
2010-08-03,-0.005274643413001735
2010-08-04,0.001314060696635336
2010-08-05,-0.0027838454318805995
2010-08-06,-0.0036883926299135714
2010-08-09,-0.006679426657677909
2010-08-10,-0.006901475425341496
2010-08-11,-0.0023041510892560903
2010-08-12,-0.0022156072346606096
2010-08-13,-0.0021320004827669265
2010-08-16,0.0014107346507997998
2010-08-17,0.0024157256012645035
2010-08-18,-0.0013548794048302355
2010-08-19,-0.0016866315186478014
2010-08-20,-0.00200466357781792
2010-08-23,-0.003120443112784503
2010-08-24,4.519898262445249e-05
2010-08-25,-0.00215775166276472
2010-08-26,0.0009041647933769472
2010-08-27,0.005574279992381458
2010-08-30,-0.0007878428874859814
2010-08-31,0.00396780400437788
2010-09-01,0.007460977991876135
2010-09-02,0.0027152020532190753
2010-09-03,0.0008828879745167758
2010-09-07,-0.0039710214383148704
2010-09-08,-0.010241223349718227
2010-09-09,0.006912909987400367
2010-09-10,0.0002968714769119262
2010-09-13,-0.0003841655252364924
2010-09-14,0.002178244107939134
2010-09-15,0.004776883633591001
2010-09-16,-0.00042244182851230354
2010-09-17,0.005159902069717955
2010-09-20,0.0037878013024677465
2010-09-21,-0.005048595988579477
2010-09-22,-0.009951159107361957
2010-09-23,-0.0006479288945981436
2010-09-24,0.004102634545948022
2010-09-27,-0.001472086585598628
2010-09-28,-0.0023594743502527715
2010-09-29,-0.004749713973191163
2010-09-30,0.0032194113260028035
2010-10-01,-0.002388079911332751
2010-10-04,0.004287212413382497
2010-10-05,0.0017848933340543515
2010-10-06,-0.0018048858118821258
2010-10-07,-0.0022853844430767434
2010-10-08,-0.004745964379738988
2010-10-11,0.00019142621599725659
2010-10-12,0.004005531882182889
2010-10-13,3.9787984096324074e-05
2010-10-14,0.005022485220709389
2010-10-15,0.012099136912730669
2010-10-18,-0.000992799777866015
2010-10-19,0.00042688520064416025
2010-10-20,0.0008954006166974685
2010-10-21,-0.0009621515796596623
2010-10-22,0.00617576816508258
2010-10-25,0.004723551112074404
2010-10-26,0.0003035179792728352
2010-10-27,0.0062773639670766984
2010-10-28,-0.0023634997374799337
2010-10-29,-0.006184611295559482
2010-11-01,-0.005190982545480452
2010-11-02,0.006182483798307739
2010-11-03,0.0006157019895626786
2010-11-04,-0.004279674343983971
2010-11-05,-0.011420896708584757
2010-11-08,0.00455380859566053
2010-11-09,0.008028133478046892
2010-11-10,-0.0029145792961072004
2010-11-11,-0.0013234266784819967
2010-11-12,0.0013437900288156552
2010-11-15,-0.002804995227315382
2010-11-16,0.0008711296723542361
2010-11-17,0.0008411547796205324
2010-11-18,-0.0006100699651138564
2010-11-19,0.0004710990721316404
2010-11-22,0.004283225744110263
2010-11-23,-0.0009282275663073255
2010-11-24,-0.0006307724598537046
2010-11-26,0.003435191742607047
2010-11-29,-0.006888642891791254
2010-11-30,-0.0034728007006307013
2010-12-01,-0.005312926153543998
2010-12-02,-0.005388977596954127
2010-12-03,-0.00012039271844457898
2010-12-06,-0.0035723533782588976
2010-12-07,-0.0019334293707360525
2010-12-08,-0.0033169457039422404
2010-12-09,-0.002349704365521599
2010-12-10,1.0530704303494895e-05
2010-12-13,-0.0006708579470300753
2010-12-14,-0.001590231872474313
2010-12-15,0.0020588492086184725
2010-12-16,0.010146062459299006
2010-12-17,-0.0009456646812497848
2010-12-20,-0.0014742523517050606
2010-12-21,-0.00483963837221802
2010-12-22,0.001992679189733196
2010-12-23,0.003395597149862319
2010-12-27,-0.00595934592332728
2010-12-28,-0.001031241008004005
2010-12-29,0.0019763313574988513
2010-12-30,-0.00014647198312463965
2010-12-31,0.0006086009304255994
2011-01-03,-0.0029991891521054534
2011-01-04,-0.0038069766591799495
2011-01-05,-0.002430359750431727
2011-01-06,-0.010925976548809118
2011-01-07,0.0011826638505743692
2011-01-10,0.00210647368427585
2011-01-11,0.008077364634058877
2011-01-12,-0.004466461223563379
2011-01-13,0.00308388588207053
2011-01-14,-0.0014484949512749057
2011-01-18,0.004866045480058252
2011-01-19,0.009344412266854252
2011-01-20,0.0008481544790008269
2011-01-21,0.0005160520065108523
2011-01-24,-0.0006533105392580905
2011-01-25,0.006969086781773517
2011-01-26,0.00528198695792183
2011-01-27,0.0010701882175251606
2011-01-28,0.010586874401425528
2011-01-31,0.0001058333525689565
2011-02-01,-0.005724869130554903
2011-02-02,-0.0056454448301823616
2011-02-03,0.006386705456773862
2011-02-04,0.0007902986772076995
2011-02-07,-0.004543893811430255
2011-02-08,-0.0033029454852089137
2011-02-09,-0.004948331921676777
2011-02-10,-0.00020846916163695038
2011-02-11,-0.0010168873438725077
2011-02-14,0.00678972408799927
2011-02-15,-0.002298479489182625
2011-02-16,0.002587653644574672
2011-02-17,0.0034710604767999335
2011-02-18,-0.002863519867450971
2011-02-22,-0.0010676687736334116
2011-02-23,0.012407254950245162
2011-02-24,-0.010555321497685273
2011-02-25,-0.0007685361303462612
2011-02-28,0.0013161395204300222
2011-03-01,-0.0023359080325722776
2011-03-02,-0.0011687635178501765
2011-03-03,-0.0005569061804715512
2011-03-04,-0.002136027014243515
2011-03-07,0.0015291342809046163
2011-03-08,-0.002074960687448739
2011-03-09,-0.018155838990664936
2011-03-10,-0.007426968336559599
2011-03-11,0.008937481190356072
2011-03-14,0.00716867655797315
2011-03-15,0.0074510807140456105
2011-03-16,0.004305363005758306
2011-03-17,0.004061697232647219
2011-03-18,-0.012769694089075108
2011-03-21,0.004663865695119164
2011-03-22,0.0022980095673798637
2011-03-23,0.004145138051866297
2011-03-24,-0.001325904384786147
2011-03-25,0.0009547005162463044
2011-03-28,0.003313435880795991
2011-03-29,0.0008597997708699335
2011-03-30,-0.0011637439262982508
2011-03-31,0.0016637482494132772
2011-04-01,-0.005372022962168244
2011-04-04,-0.0008702626734439329
2011-04-05,0.0016557020815983427
2011-04-06,-0.010955137409246758
2011-04-07,-0.004645232488157095
2011-04-08,-0.0002582475730141364
2011-04-11,-0.008966772981294075
2011-04-12,-0.00617033393383258
2011-04-13,0.004710329761672617
2011-04-14,0.006737203643069559
2011-04-15,0.002737796276927239
2011-04-18,-0.0006039630612507899
2011-04-19,0.006274088047447747
2011-04-20,0.0029289324305198142
2011-04-21,0.00035645640748514237
2011-04-25,-0.0009668771922843894
2011-04-26,-0.003902150035869262
2011-04-27,0.0010773295450597507
2011-04-28,-0.005485019165338611
2011-04-29,0.006719568809640096
2011-05-02,-0.0030497758950176596
2011-05-03,-0.015321404336256252
2011-05-04,-0.008566354622641539
2011-05-05,-0.003517658281571359
2011-05-06,-0.001937526899990124
2011-05-09,-0.015078731096517457
2011-05-10,0.004593660208145836
2011-05-11,0.007359920568996174
2011-05-12,0.003014377506214016
2011-05-13,0.005444627734056916
2011-05-16,-0.002837140304957951
2011-05-17,-0.003030039689664521
2011-05-18,-0.004985702813202829
2011-05-19,0.0015317495794036624
2011-05-20,0.0007327589619820607
2011-05-23,0.003255247534742673
2011-05-24,-0.003918758269597616
2011-05-25,-0.005147811763089865
2011-05-26,-0.0021642114505245513
2011-05-27,-0.0032093706792817025
2011-05-31,0.0007702584405498217
2011-06-01,0.003367145066667251
2011-06-02,-0.002043850462325778
2011-06-03,-0.0016017953521945206
2011-06-06,0.004915970143532858
2011-06-07,-0.001471575340487777
2011-06-08,-0.002089043966281559
2011-06-09,0.005540259113699414
2011-06-10,-0.0018347983128630476
2011-06-13,0.001041857677376405
2011-06-14,-0.004682845376292594
2011-06-15,0.0008827611224716674
2011-06-16,-0.001256253838627345
2011-06-17,-0.0006157181559405765
2011-06-20,-0.004274157250000679
2011-06-21,0.00047913105052705226
2011-06-22,0.0028210665997275494
2011-06-23,-0.0021669743489023652
2011-06-24,-0.003320994905617958
2011-06-27,-0.0024419382453129313
2011-06-28,-0.0018998861591767392
2011-06-29,-0.004583694695820325
2011-06-30,-0.002223782601042322
2011-07-01,-0.0027852827324149213
2011-07-05,0.004001445309117736
2011-07-06,-0.0010874624932622828
2011-07-07,-0.0006216661386550579
2011-07-08,-0.0006505195830052981
2011-07-11,0.0018954067767332713
2011-07-12,0.0023769133481224636
2011-07-13,0.001142151723903774
2011-07-14,0.002632963867380775
2011-07-15,-0.004392338868216494
2011-07-18,0.0021273308591440933
2011-07-19,-0.005025973051418786
2011-07-20,0.0011394655099466928
2011-07-21,0.004977220348820787
2011-07-22,-0.009091770677027742
2011-07-25,-0.0011652584499826407
2011-07-26,-0.003273372926506893
2011-07-27,0.0057279827446946275
2011-07-28,-0.003959331125264223
2011-07-29,0.0028040541533229553
2011-08-01,-0.005167913297200075
2011-08-02,0.0010873420140988805
2011-08-03,-0.00977984334323306
2011-08-04,0.006702219044669036
2011-08-05,0.008242906673211122
2011-08-08,-0.030511150149424522
2011-08-09,0.01862620444692841
2011-08-10,-0.00932045414303757
2011-08-11,0.004493725512169134
2011-08-12,-0.0043076380412767285
2011-08-15,0.009550932079613944
2011-08-16,-0.008431651852694573
2011-08-17,-0.005046791237154359
2011-08-18,-0.021955711308373763
2011-08-19,-0.01595470309986857
2011-08-22,-0.004511933314664775
2011-08-23,0.008721967782409515
2011-08-24,-0.000431401712092602
2011-08-25,-0.00038022803135097214
2011-08-26,0.005221136230470409
2011-08-29,0.01042905120374105
2011-08-30,-0.0007692987502314199
2011-08-31,0.00010124903404115116
2011-09-01,-0.007486119734826099
2011-09-02,-0.009056740025102275
2011-09-06,-0.003073286802748191
2011-09-07,0.004276069644453459
2011-09-08,-0.006331856317621189
2011-09-09,0.00045975730625553513
2011-09-12,-0.004078326938918011
2011-09-13,-0.00033981875742003574
2011-09-14,-0.00043608561075881864
2011-09-15,0.006904810755926968
2011-09-16,-0.005132813666829299
2011-09-19,-0.0094358978258523
2011-09-20,-0.005415810142643381
2011-09-21,-0.009929156299437115
2011-09-22,-0.009875282323870194
2011-09-23,-0.005289555574287065
2011-09-26,0.008498616231190205
2011-09-27,0.00700216082847419
2011-09-28,-0.009643181024965038
2011-09-29,0.014276291505126498
2011-09-30,-0.005882019087112627
2011-10-03,-0.005382084328813944
2011-10-04,0.012884811997293308
2011-10-05,0.007364627842027515
2011-10-06,-0.006122781598870758
2011-10-07,0.005055068971918965
2011-10-10,-0.003271109940890054
2011-10-11,-0.0033091809813578896
2011-10-12,-0.0025742690581804797
2011-10-13,-0.005761450963777935
2011-10-14,-0.0050983443392284625
2011-10-17,0.008101371604273188
2011-10-18,-0.005716239129630494
2011-10-19,0.008426409216045134
2011-10-20,0.003908787716468442
2011-10-21,0.0024075022377090336
2011-10-24,-0.004117531276315684
2011-10-25,0.009287345591735966
2011-10-26,0.010883211108684595
2011-10-27,-0.008630134359695021
2011-10-28,-0.0017764805219376636
2011-10-31,0.007067634295257975
2011-11-01,0.008172193210224877
2011-11-02,-9.975117515357846e-06
2011-11-03,-0.007230654945982155
2011-11-04,-0.003941689717411801
2011-11-07,-0.0005827208525010541
2011-11-08,-0.0003963626272228064
2011-11-09,-0.004195212159966215
2011-11-10,0.0025310664647579585
2011-11-11,-0.0002830301007015778
2011-11-14,-0.0005127325383586265
2011-11-15,-0.0024859647477576937
2011-11-16,-0.0077819042616390326
2011-11-17,0.004494004267384573
2011-11-18,0.00444019163036974
2011-11-21,-0.0038290277213457805
2011-11-22,-0.0015945513548848726
2011-11-23,-0.0010179963544680326
2011-11-25,0.004021504967896872
2011-11-28,0.001539104589688898
2011-11-29,0.003040971461430942
2011-11-30,0.013519142347123161
2011-12-01,-0.007266215116267445
2011-12-02,0.0055276747689036254
2011-12-05,-0.0005639707487885215
2011-12-06,-0.00600522222429634
2011-12-07,0.0011733202529770265
2011-12-08,0.013786905021263963
2011-12-09,-0.0019832486892007303
2011-12-12,0.009140968135232871
2011-12-13,0.009642820597255661
2011-12-14,0.0023951735285967965
2011-12-15,0.009468189330901265
2011-12-16,0.0004078641724673642
2011-12-19,0.014471989005965424
2011-12-20,-0.005952832714791781
2011-12-21,0.006965944618681055
2011-12-22,-0.006786188964756303
2011-12-23,0.0005124459224733586
2011-12-27,0.006737917500821704
2011-12-28,0.003698162652111391
2011-12-29,0.00019258272556991422
2011-12-30,-0.0032814898469414005
2012-01-03,0.005535774362925041
2012-01-04,0.0019077176691763597
2012-01-05,-0.001399605371766688
2012-01-06,-0.010350933553007993
2012-01-09,0.0012603602722235274
2012-01-10,-0.004702646299062777
2012-01-11,-0.006701784292386729
2012-01-12,-0.00107784722514112
2012-01-13,-0.003637126448958336
2012-01-17,0.0043646025293143055
2012-01-18,0.005391445877720476
2012-01-19,0.00405708377946148
2012-01-20,-0.0022037106956232407
2012-01-23,-0.0008027073648854639
2012-01-24,0.0042811847114789464
2012-01-25,0.004879873612690109
2012-01-26,-0.0019009722554946765
2012-01-27,-0.001218520652621333
2012-01-30,-0.002238348157598326
2012-01-31,-0.003991446138624925
2012-02-01,-0.005347092348415011
2012-02-02,-0.0014251859004429
2012-02-03,-0.003128972428267868
2012-02-06,0.008339011431269765
2012-02-07,-0.008747989436073616
2012-02-08,0.007517497578128495
2012-02-09,-0.005081276384828866
2012-02-10,-0.002585816064606291
2012-02-13,0.0014574956714831682
2012-02-14,-0.006114699959077871
2012-02-15,-0.0010482063388752728
2012-02-16,0.004163213029798846
2012-02-17,0.003075081989826856
2012-02-21,0.001448505903540077
2012-02-22,-0.005733635806376745
2012-02-23,0.0013980685768351761
2012-02-24,-0.0009156983358601792
2012-02-27,0.004306629784407636
2012-02-28,0.004096106042645527
2012-02-29,0.0006704815796442521
2012-03-01,0.0032449098133786164
2012-03-02,0.00043657229781567136
2012-03-05,-0.0014349663162993179
2012-03-06,-0.0024209002338077107
2012-03-07,0.006960150035107826
2012-03-08,-0.002167900593229492
2012-03-09,-0.0020281006132998047
2012-03-12,0.0007063802504299152
2012-03-13,-0.0037949995281192192
2012-03-14,-0.0029665680185283682
2012-03-15,-0.0009134227917139357
2012-03-16,-0.002223031966442532
2012-03-19,-1.7205643732349285e-05
2012-03-20,0.00308748385339115
2012-03-21,-0.000384930104439354
2012-03-22,-0.0004765738750555177
2012-03-23,-0.0003945260803019846
2012-03-26,0.004387953412574312
2012-03-27,-0.00018763650809963426
2012-03-28,0.002810379244841851
2012-03-29,0.0026678458338108887
2012-03-30,-0.00280934123869669
2012-04-02,0.0018513463713140553
2012-04-03,0.0029913825229636658
2012-04-04,-0.0025773250498132083
2012-04-05,-0.00102394807480268
2012-04-09,-0.0029959616865682472
2012-04-10,-0.0011004191825582659
2012-04-11,-0.0017807730692194566
2012-04-12,-0.000670598180790845
2012-04-13,-0.006062688197889326
2012-04-16,-0.0009797132724052038
2012-04-17,0.0032812456178255766
2012-04-18,0.00029878038176110375
2012-04-19,-0.0046389329984194766
2012-04-20,-0.002546612962766865
2012-04-23,0.0035131553365024895
2012-04-24,0.0005889963011418974
2012-04-25,0.0018478439905712913
2012-04-26,-0.0030499632845417146
2012-04-27,0.003596751897464515
2012-04-30,-0.0009518811759071749
2012-05-01,-0.0001816437043915789
2012-05-02,0.0003651808457880206
2012-05-03,0.0006250572471646343
2012-05-04,0.0013641195404434745
2012-05-07,0.007520604508212067
2012-05-08,-0.011657588211996604
2012-05-09,0.0017379568097702946
2012-05-10,-0.007755795987144632
2012-05-11,0.004710593449678612
2012-05-14,0.0017308733886902165
2012-05-15,-0.0004530741213743078
2012-05-16,-0.008100289742076274
2012-05-17,-0.0013070168887628134
2012-05-18,0.0011485189586707741
2012-05-21,0.0020144742898478437
2012-05-22,-4.324794719237983e-05
2012-05-23,0.0024818035713414046
2012-05-24,-0.0017295190946923463
2012-05-25,0.0012591038919415078
2012-05-29,-0.002249328553486413
2012-05-30,0.0005633003618097361
2012-05-31,-0.002109298611324668
2012-06-01,0.00197633060446014
2012-06-04,-0.0006090732792299064
2012-06-05,-0.005037854033288008
2012-06-06,0.0002725092791945059
2012-06-07,-0.007643211961833133
2012-06-08,0.0004893906067608508
2012-06-11,0.00028030886854167754
2012-06-12,-0.004940838202770918
2012-06-13,-0.00497410890675634
2012-06-14,-0.004306256131901082
2012-06-15,-0.004711388761293125
2012-06-18,0.005932538290736347
2012-06-19,-0.00038656331599202566
2012-06-20,0.002628276897464812
2012-06-21,-0.0028155132459222014
2012-06-22,-0.00012582554897687336
2012-06-25,0.0030368316571497494
2012-06-26,0.0036719772780011745
2012-06-27,-0.0026143618519101144
2012-06-28,-0.003074954545437856
2012-06-29,-0.0038474491357256193
2012-07-02,0.0005506589810285736
2012-07-03,0.0012140545691347417
2012-07-05,0.007385632157135498
2012-07-06,0.004178345758308179
2012-07-09,-0.005171927109875919
2012-07-10,-0.002320562316920336
2012-07-11,0.004313827466622935
2012-07-12,0.0013547624022744792
2012-07-13,0.004386225194823992
2012-07-16,0.0013444297381510965
2012-07-17,0.006249504376974867
2012-07-18,-0.015315983547933534
2012-07-19,-0.005997104089474815
2012-07-20,0.005345986315603272
2012-07-23,0.006155880478758936
2012-07-24,0.0037213039696477783
2012-07-25,-0.004571754174727995
2012-07-26,-0.0026980679927856963
2012-07-27,-0.0006099565609858251
2012-07-30,0.0034353848481110333
2012-07-31,-0.0009195363433128706
2012-08-01,-0.0014396341907155397
2012-08-02,-0.003061050455351805
2012-08-03,7.32800282155061e-05
2012-08-06,-0.002212080231008274
2012-08-07,-0.011443564723953043
2012-08-08,-0.00770972300388208
2012-08-09,-0.00047858186966477515
2012-08-10,0.00040790100967888693
2012-08-13,0.005120206715584868
2012-08-14,0.0015724194447800798
2012-08-15,0.001398047740657182
2012-08-16,-0.0023283348683154066
2012-08-17,0.002908993469481389
2012-08-20,-0.008668919901227748
2012-08-21,-0.008607799656071918
2012-08-22,0.00027974204385618564
2012-08-23,0.0017413208013054684
2012-08-24,0.003234342024409985
2012-08-27,-0.0006474971607876511
2012-08-28,0.0016427701813425855
2012-08-29,0.001499052953583959
2012-08-30,0.0069185714966422856
2012-08-31,-0.001845413133099456
2012-09-04,0.003890235649843955
2012-09-05,0.0004245814127882373
2012-09-06,0.0028296027530778593
2012-09-07,-0.0014595115216807866
2012-09-10,-0.0018049451844490162
2012-09-11,-0.002966081101761627
2012-09-12,0.001908289346628768
2012-09-13,0.002620633663095116
2012-09-14,0.0024954535481888154
2012-09-17,-0.002554865592844099
2012-09-18,0.001240951912638685
2012-09-19,5.097165442728235e-05
2012-09-20,0.0025309647778100344
2012-09-21,-0.0001448858371136484
2012-09-24,0.0025253057022060687
2012-09-25,-0.0018134636532907396
2012-09-26,8.548795921280637e-05
2012-09-27,0.002470155046149022
2012-09-28,-0.0037267252003768334
2012-10-01,-0.002977297763695636
2012-10-02,0.004616636513115953
2012-10-03,0.0071756494468368116
2012-10-04,0.00451503932545557
2012-10-05,-0.003929502417782983
2012-10-08,-0.0025676282100276205
2012-10-09,0.006342739039461326
2012-10-10,0.0009857758615620313
2012-10-11,-0.0021728343931698355
2012-10-12,0.000294244224653069
2012-10-15,-0.001790015056093058
2012-10-16,-0.0018596150885481257
2012-10-17,0.0016925422538303918
2012-10-18,0.0018985606141288377
2012-10-19,-0.0006516048980017181
2012-10-22,-0.005014212648489612
2012-10-23,0.0007331489784444665
2012-10-24,-0.0025922969601205057
2012-10-25,-0.006142898961441937
2012-10-26,-0.0032887394343386342
2012-10-31,-0.0013964044616665535
2012-11-01,-0.0022056572600895963
2012-11-02,-0.0016688216723008441
2012-11-05,-0.003237211342794848
2012-11-06,0.003637902652960203
2012-11-07,-0.005333268829959343
2012-11-08,-0.0018231071229631469
2012-11-09,-9.162177840954644e-05
2012-11-12,0.0026144615961432075
2012-11-13,0.0037899374878163808
2012-11-14,0.0011052742351075028
2012-11-15,-0.0018916155356958142
2012-11-16,0.0006671179116082374
2012-11-19,0.0013773165473588303
2012-11-20,0.001208271918354336
2012-11-21,-0.0007970372598101482
2012-11-23,-0.00038448733427871114
2012-11-26,0.0031842509641289273
2012-11-27,0.00129536495552617
2012-11-28,-0.0012955773835959831
2012-11-29,0.0008092269008168954
2012-11-30,0.0012032236545260451
2012-12-03,0.0003128578737258872
2012-12-04,-0.0014622432797433014
2012-12-05,-0.0027164760354714264
2012-12-06,0.0046618010997303986
2012-12-07,-0.0069247647577329345
2012-12-10,-0.0023373589497411775
2012-12-11,-0.0010878394144274287
2012-12-12,-0.006954561437822206
2012-12-13,-0.0046565019159675
2012-12-14,-0.004679499242119009
2012-12-17,0.0027395109166577767
2012-12-18,-0.00245501784579719
2012-12-19,0.00018075556866251844
2012-12-20,0.0047341400037941616
2012-12-21,0.0010892274899277315
2012-12-24,0.0012078639958970922
2012-12-26,0.00023474932056360065
2012-12-27,0.0010679769291222225
2012-12-28,0.003059958960706014
2012-12-31,-0.007391630030266984
2013-01-02,0.0010923815994571047
2013-01-03,-0.002927747340266083
2013-01-04,0.003503656422190323
2013-01-07,0.0015929700575111716
2013-01-08,-0.0030714471281244166
2013-01-09,-0.004551376745255846
2013-01-10,0.0002725659821400249
2013-01-11,-0.0010522282836491117
2013-01-14,5.4820255391548526e-05
2013-01-15,0.002111484970913685
2013-01-16,-0.0015724419964686404
2013-01-17,0.0073715686062546665
2013-01-18,-0.0001701921140016311
2013-01-22,0.003810897917298322
2013-01-23,-0.0004903159346350198
2013-01-24,0.007635569571414325
2013-01-25,0.007321967354658199
2013-01-28,-0.003168302045786494
2013-01-29,0.005707192263065545
2013-01-30,0.00041014495359968027
2013-01-31,-0.0024120826566230245
2013-02-01,-0.0004668624607004604
2013-02-04,0.0010029094283765178
2013-02-05,0.0005275909301770567
2013-02-06,0.0009831831380564334
2013-02-07,-0.00039388219086063233
2013-02-08,-0.0058525286281790635
2013-02-11,-0.00011816098590774682
2013-02-12,0.0005459189449668263
2013-02-13,-0.006699981427471532
2013-02-14,0.001994978919846849
2013-02-15,-0.005803899023592012
2013-02-19,3.655892072610713e-05
2013-02-20,-0.005136011261144838
2013-02-21,-0.0023539799736140917
2013-02-22,-0.002531853862354925
2013-02-25,-0.004571202290167907
2013-02-26,0.0012392849600821637
2013-02-27,0.0006216463898380371
2013-02-28,0.00532843443827327
2013-03-01,-0.001458295613056667
2013-03-04,-0.0014627367652486356
2013-03-05,-0.0007060694108306685
2013-03-06,0.006516941566264331
2013-03-07,0.000614638950156781
2013-03-08,-0.0007097535773719617
2013-03-11,0.0011670805140246694
2013-03-12,-0.004813000683723526
2013-03-13,-0.0052314662403171956
2013-03-14,-0.0020111180640429837
2013-03-15,-0.004502815485297184
2013-03-18,0.0016224257454682553
2013-03-19,-0.0015590613782326885
2013-03-20,-0.0009358772792548032
2013-03-21,0.006082626078850588
2013-03-22,0.0006383186215524392
2013-03-25,0.0014782843728657405
2013-03-26,0.0024437067987885096
2013-03-27,-0.002532042813419579
2013-03-28,-0.00035204184499113315
2013-04-01,0.0014565582765672525
2013-04-02,-0.004569092395139879
2013-04-03,-0.002748616125829979
2013-04-04,-0.004932413123146924
2013-04-05,0.005463356821654993
2013-04-08,0.0012870151679822976
2013-04-09,0.0054042197008533615
2013-04-10,-0.0026619560177613285
2013-04-11,-0.006379041019905438
2013-04-12,-0.007693217517536131
2013-04-15,0.0029111049291232365
2013-04-16,-0.00376365219742156
2013-04-17,-0.0020450257257558177
2013-04-18,0.007390706055286995
2013-04-19,-0.007785180138945154
2013-04-22,-0.0041146694791316255
2013-04-23,0.0051221229456439275
2013-04-24,0.018541519062069765
2013-04-25,0.00037649461041405074
2013-04-26,-0.0035623403569172486
2013-04-29,0.00047281849372047185
2013-04-30,0.003125107363829671
2013-05-01,0.0006916429871782964
2013-05-02,-0.0055472853121759464
2013-05-03,0.0025079873204901034
2013-05-06,0.004286933957555302
2013-05-07,-0.0027803986746184938
2013-05-08,0.007438416986797141
2013-05-09,-0.00013594498295563446
2013-05-10,-0.008789184524521643
2013-05-13,-0.000661077906700601
2013-05-14,0.002205013343547547
2013-05-15,-0.003415175590319721
2013-05-16,-0.0009665380383247368
2013-05-17,-0.0038216750335811583
2013-05-20,-0.0027106641668626524
2013-05-21,-0.0016760753752288263
2013-05-22,0.0016277723901030954
2013-05-23,-0.0033564238048445732
2013-05-24,0.0018442969975287493
2013-05-28,-0.0023089637522833695
2013-05-29,-0.0012017195527811335
2013-05-30,-0.0002766417269903626
2013-05-31,0.000731749940276807
2013-06-03,0.0017515253882119468
2013-06-04,0.0025505312099529318
2013-06-05,-0.0033018666291326935
2013-06-06,0.0014024325746785876
2013-06-07,-0.0019005557254596823
2013-06-10,0.0005364485917531083
2013-06-11,0.002300975883563482
2013-06-12,0.0022739148875819655
2013-06-13,0.001566426081694098
2013-06-14,0.0007713231695410279
2013-06-17,-0.005358530297163355
2013-06-18,0.0004332015522537108
2013-06-19,-0.002382648474639529
2013-06-20,0.00043574339073775096
2013-06-21,0.004508214666759965
2013-06-24,0.0011829513313118707
2013-06-25,-0.0011719636356938296
2013-06-26,0.00360671062741925
2013-06-27,-0.003118153989054378
2013-06-28,-0.0005459409053876339
2013-07-01,-0.0012797480951321262
2013-07-02,0.00471824555055926
2013-07-03,0.00468552376273107
2013-07-05,-0.0017817082765916798
2013-07-08,0.0018085852103926598
2013-07-09,0.0015037885460525457
2013-07-10,0.0018381373541405872
2013-07-11,-0.0069534385431256245
2013-07-12,-0.004289153294493369
2013-07-15,0.0009413903806972062
2013-07-16,0.0019654379710653336
2013-07-17,-0.0012153514102290217
2013-07-18,0.003997687518261578
2013-07-19,0.0024180292774741764
2013-07-22,0.002448917880549575
2013-07-23,0.006691403747977837
2013-07-24,-0.002252710717600758
2013-07-25,-0.0036178119522298565
2013-07-26,-0.003178808009568454
2013-07-29,0.0009109725785801399
2013-07-30,-0.004467597805830764
2013-07-31,-0.0009739804298566808
2013-08-01,0.0005926286016581783
2013-08-02,-0.0027561341637610667
2013-08-05,0.0018451356857739378
2013-08-06,-0.002143201892473211
2013-08-07,-0.0011541548646669883
2013-08-08,0.009808230284623371
2013-08-09,-0.01349440652794659
2013-08-12,-0.002781443648551734
2013-08-13,0.002720025193825252
2013-08-14,-0.004970605892924094
2013-08-15,-0.0029433708526045133
2013-08-16,0.004477060933039861
2013-08-19,0.005945570698201136
2013-08-20,0.002347111963959499
2013-08-21,0.0032421070997223737
2013-08-22,-0.002941202461376798
2013-08-23,-0.0033068344443192496
2013-08-26,-0.0014643137821492211
2013-08-27,0.0002111973112742582
2013-08-28,0.0019531497728236106
2013-08-29,0.004718747023107058
2013-08-30,-0.0006983485979270299
2013-09-03,0.0021346560472992374
2013-09-04,0.0006571359643438581
2013-09-05,0.0003873251583598979
2013-09-06,-0.0029429960749533897
2013-09-09,-0.00419978413093967
2013-09-10,-0.009255476869308076
2013-09-11,-0.0018110978496923618
2013-09-12,-0.001327771215427368
2013-09-13,0.0010264697594846916
2013-09-16,-0.0023736785636800355
2013-09-17,-0.0006177683293304695
2013-09-18,-0.010104306168500337
2013-09-19,-0.002908494311442558
2013-09-20,-0.0018323278197340618
2013-09-23,0.005694478599379726
2013-09-24,0.00035604152362158584
2013-09-25,0.0005568866333400461
2013-09-26,0.0018316753902862318
2013-09-27,-0.0006522507257615542
2013-09-30,0.002461830211437915
2013-10-01,-0.0021010547853003796
2013-10-02,-0.0005989219373442465
2013-10-03,0.0009371865031332835
2013-10-04,-0.002018273004829561
2013-10-07,0.00376518701179386
2013-10-08,0.0019867640203914583
2013-10-09,-0.005614477394648677
2013-10-10,0.003177071026495464
2013-10-11,0.0005508051395334015
2013-10-14,-0.0015275490414115897
2013-10-15,-0.002017279673171221
2013-10-16,0.003116352201767841
2013-10-17,0.00039594582447530956
2013-10-18,-0.0097090217327298
2013-10-21,-0.0034934747798065773
2013-10-22,0.0021766169758139567
2013-10-23,0.012473669651013868
2013-10-24,-0.0012503531499231963
2013-10-25,-0.0002499426528904707
2013-10-28,-0.0015241951144372252
2013-10-29,-0.004050990286181021
2013-10-30,0.0032853011945346176
2013-10-31,0.0008197774087672236
2013-11-01,-0.007692148949274027
2013-11-04,-0.0055000899577922376
2013-11-05,0.0008717017300242063
2013-11-06,-0.00010316623192133155
2013-11-07,-0.013180458498705888
2013-11-08,0.005033047408276972
2013-11-11,0.0015134377043565773
2013-11-12,-0.003605564847716024
2013-11-13,0.003208025500334499
2013-11-14,0.004086986956987506
2013-11-15,-0.0003230468695087186
2013-11-18,-0.000528071410849114
2013-11-19,-0.001519983536180407
2013-11-20,0.004432430456929671
2013-11-21,0.0029847405183112703
2013-11-22,0.005194109122163847
2013-11-25,0.004219209014641809
2013-11-26,0.0001309091011414839
2013-11-27,0.00267127813759358
2013-11-29,7.72391466930047e-06
2013-12-02,0.002103855126014669
2013-12-03,-0.002971205932199432
2013-12-04,-0.0028430470957285865
2013-12-05,0.00267280985154136
2013-12-06,-0.005608491344959664
2013-12-09,-0.007990726418516399
2013-12-10,0.005237084977008138
2013-12-11,-0.004865073200796418
2013-12-12,0.006083704132597401
2013-12-13,0.0033421369388817127
2013-12-16,-0.002088475654495476
2013-12-17,0.0012520496506171596
2013-12-18,-0.009528397786986716
2013-12-19,0.00540979178354274
2013-12-20,-0.00352504103857295
2013-12-23,0.002243573730546419
2013-12-24,0.001834357155254917
2013-12-26,-0.0019094707101691688
2013-12-27,0.004354433560351215
2013-12-30,-0.0048966388041521555
2013-12-31,0.0006126243215324619
2014-01-02,0.002572236415380759
2014-01-03,-0.0009308240447530779
2014-01-06,1.4282713492395258e-05
2014-01-07,-0.002044226880350772
2014-01-08,-0.0024493441024236924
2014-01-09,-0.008293249801185702
2014-01-10,-0.0027596210676931405
2014-01-13,0.005631687396712847
2014-01-14,-0.008450054079858821
2014-01-15,0.0009000540676441113
2014-01-16,-0.0022252904642494397
2014-01-17,-0.00398130662839286
2014-01-21,-0.005515587221771207
2014-01-22,-0.0013323839903013831
2014-01-23,0.001714716357084899
2014-01-24,0.008810354167566063
2014-01-27,0.00013528310452013762
2014-01-28,-0.004106635617856884
2014-01-29,-0.0003251039354284497
2014-01-30,-0.013051483677343273
2014-01-31,-0.003601793074615253
2014-02-03,0.0026292258622199935
2014-02-04,-0.0038666213425067784
2014-02-05,0.00282823763041471
2014-02-06,0.0012721616686905716
2014-02-07,-0.004838285482047222
2014-02-10,-0.008371570839107324
2014-02-11,-0.0014935599429639604
2014-02-12,-0.0005132951977354547
2014-02-13,-0.0054145297938440915
2014-02-14,0.002239299395037984
2014-02-18,-0.007680891025701302
2014-02-19,-0.0014502004502169655
2014-02-20,-8.996771283885626e-05
2014-02-21,0.00027964414297134706
2014-02-24,-0.005382978146116901
2014-02-25,-0.0011799893059613814
2014-02-26,0.008036412410738663
2014-02-27,0.00029246847484785835
2014-02-28,0.0013371691504611679
2014-03-03,-0.002598817288120566
2014-03-04,-0.004078988502238537
2014-03-05,0.003713722731934399
2014-03-06,0.005222622964434069
2014-03-07,0.0027104690813938726
2014-03-10,-0.0019836337188052344
2014-03-11,0.002606526401595832
2014-03-12,-0.007967393997832337
2014-03-13,0.003222778669941973
2014-03-14,0.0002538372734641913
2014-03-17,0.0023205100191634083
2014-03-18,-0.0035548697112763312
2014-03-19,-0.00024321977184295655
2014-03-20,0.005018405298871474
2014-03-21,0.00903345923597499
2014-03-24,0.0011905940179724843
2014-03-25,0.002346399971887639
2014-03-26,0.0036710765030163357
2014-03-27,-0.004846132786575339
2014-03-28,0.006152422117509071
2014-03-31,-0.004854582751051
2014-04-01,-4.600927849652853e-05
2014-04-02,0.0015829256262336333
2014-04-03,0.007316319481394374
2014-04-04,0.003436134740081123
2014-04-07,-0.0067619586050086215
2014-04-08,-0.0014343687697273633
2014-04-09,-0.006525549652631734
2014-04-10,0.006029597095218459
2014-04-11,0.0011534271932609334
2014-04-14,-0.002072453635166758
2014-04-15,-0.0006167694606577171
2014-04-16,-0.007253185623170604
2014-04-17,0.0013885911800463264
2014-04-21,-0.003661000862255165
2014-04-22,-0.008483053861069748
2014-04-23,0.005091511301797923
2014-04-24,0.0015030485220946894
2014-04-25,0.004824014558478357
2014-04-28,0.002861331079325269
2014-04-29,-0.00735164684520662
2014-04-30,0.00247946894714191
2014-05-01,-0.00550928738186983
2014-05-02,0.002664400546248297
2014-05-05,-0.006101040740584994
2014-05-06,0.005279369804967752
2014-05-07,0.003222239338292664
2014-05-08,0.005113548137126861
2014-05-09,-0.0025212196915994287
2014-05-12,-0.008330954051014037
2014-05-13,0.004196884739633281
2014-05-14,0.0010489961344951196
2014-05-15,-0.0010087145053507085
2014-05-16,-0.001601612396501756
2014-05-19,-0.0008963899107123152
2014-05-20,0.004203773637047829
2014-05-21,-0.005189829436870173
2014-05-22,-0.004343863279512282
2014-05-23,0.0007239256939257004
2014-05-27,-0.00351438723339278
2014-05-28,0.002177774194080545
2014-05-29,-0.001893459086221207
2014-05-30,0.0019538975195113524
2014-06-02,0.002445380524875388
2014-06-03,0.0065752428728875914
2014-06-04,0.001049411016962325
2014-06-05,0.001596749670213075
2014-06-06,0.004022902812042979
2014-06-09,0.002829110428247602
2014-06-10,0.0002454977239782902
2014-06-11,-0.010768318943151478
2014-06-12,0.0008488315505477653
2014-06-13,-0.0002336020262388216
2014-06-16,0.004362602157618421
2014-06-17,0.0049331801815143735
2014-06-18,-0.0028309238234938807
2014-06-19,0.00039380741211223283
2014-06-20,-0.0009356476427740032
2014-06-23,0.0013233887245656878
2014-06-24,-0.007104061087554436
2014-06-25,-0.00846335742837569
2014-06-26,-0.0011387787607790032
2014-06-27,-0.0002548708785672115
2014-06-30,-0.0014785325583578101
2014-07-01,-0.003400658901861595
2014-07-02,-0.0014494065887845854
2014-07-03,0.00034773313349082405
2014-07-07,0.005852513392434334
2014-07-08,0.004473034434056934
2014-07-09,-0.001855741534178086
2014-07-10,-0.002811015663203977
2014-07-11,-0.0057526408302472805
2014-07-14,-0.0027967052037504237
2014-07-15,0.00012845122273213343
2014-07-16,0.0034919687985726293
2014-07-17,0.005335668171430617
2014-07-18,-0.0059672213684246085
2014-07-21,-0.001108859563335804
2014-07-22,-0.0020128514582792457
2014-07-23,-0.005650403886067926
2014-07-24,0.0010895448142835425
2014-07-25,-0.0012300706840668912
2014-07-28,-0.0010023849786898098
2014-07-29,-0.006099763752678247
2014-07-30,-0.003746979434189174
2014-07-31,0.001165036697333551
2014-08-01,0.002687910368219666
2014-08-04,0.0001568719961255907
2014-08-05,0.0027101191123183074
2014-08-06,0.0010924119424214117
2014-08-07,0.001519366676594808
2014-08-08,0.0015381960468465175
2014-08-11,0.0016643207182008611
2014-08-12,0.0022092912789770077
2014-08-13,0.0010729893339763768
2014-08-14,-0.001837152538912989
2014-08-15,0.002790754221526402
2014-08-18,0.004411595391937251
2014-08-19,-0.003417755884132092
2014-08-20,-0.004770846526764695
2014-08-21,0.0010318808512637047
2014-08-22,0.003592584388771943
2014-08-25,-0.002457025361588025
2014-08-26,0.0007029742578275618
2014-08-27,0.0006372015173576959
2014-08-28,-0.000960573191520331
2014-08-29,-0.0010016189781292587
2014-09-02,0.00027181058955851457
2014-09-03,0.0015686425567998782
2014-09-04,4.017921896146912e-05
2014-09-05,-0.0009122666783645732
2014-09-08,0.00534292881639327
2014-09-09,0.0002484003366696753
2014-09-10,-0.005675340881070221
2014-09-11,1.2038973470184634e-05
2014-09-12,0.006327489514574216
2014-09-15,-0.002816381376674979
2014-09-16,-0.004841670952207554
2014-09-17,0.00454085597590426
2014-09-18,0.0049173609786434345
2014-09-19,0.0032849972669217083
2014-09-22,0.000120572137550437
2014-09-23,0.0022766059975031765
2014-09-24,-0.0010330374680381023
2014-09-25,0.0026982475028973236
2014-09-26,0.0018824935727434664
2014-09-29,0.002621058864667138
2014-09-30,0.006231871362467339
2014-10-01,-0.002852994863746202
2014-10-02,0.002236355018677703
2014-10-03,0.000324158147442772
2014-10-06,0.002122471889583892
2014-10-07,-0.0016228154737781197
2014-10-08,-0.0005781960891775837
2014-10-09,-0.010051556600147758
2014-10-10,-0.00669238160619859
2014-10-13,-0.00192290404636011
2014-10-14,0.005177100104463985
2014-10-15,0.005399874024151133
2014-10-16,-0.006504554582738764
2014-10-17,-0.0017335118250679177
2014-10-20,0.0024046657586965555
2014-10-21,-0.006358739968522369
2014-10-22,0.0052650083563934484
2014-10-23,-0.005303773818627426
2014-10-24,-0.006906158783739406
2014-10-27,-0.0027081925229776507
2014-10-28,0.00041362153586634
2014-10-29,0.0017335582409691336
2014-10-30,-0.004502573983569289
2014-10-31,0.003984386493739207
2014-11-03,-0.0020774440425631252
2014-11-04,0.0002098923766759863
2014-11-05,0.006174740134043671
2014-11-06,0.0022382823834566166
2014-11-07,-0.013059177285281168
2014-11-10,0.0053050422224152375
2014-11-11,-0.0034630597816264594
2014-11-12,0.005053573217990737
2014-11-13,0.00975487756763146
2014-11-14,-0.0004493488455376057
2014-11-17,-0.00015282265987140082
2014-11-18,0.0010480334951913223
2014-11-19,-0.0005462033409378181
2014-11-20,-0.00302150295303578
2014-11-21,-0.004351221471606356
2014-11-24,0.0030345690087421498
2014-11-25,0.008782528529267253
2014-11-26,0.009650276813390703
2014-11-28,0.03131989719278686
2014-12-01,-0.003443276803374281
2014-12-02,-0.00234724377807532
2014-12-03,-0.006363404322269544
2014-12-04,0.0035016395049314412
2014-12-05,0.005958680967537317
2014-12-08,0.010825101977707186
2014-12-09,-0.0040965887098111465
2014-12-10,-0.0030927776912931114
2014-12-11,-0.0021246601002512426
2014-12-12,-0.001879379584863408
2014-12-15,0.0017763686160109594
2014-12-16,0.008355120927186615
2014-12-17,0.00024287758325882832
2014-12-18,-1.9116059076951906e-05
2014-12-19,0.001361082944717501
2014-12-22,0.010303227341629924
2014-12-23,0.011113127566370413
2014-12-24,-0.003970113850067554
2014-12-26,-0.0019584846884776494
2014-12-29,-0.0017401810977898387
2014-12-30,0.00029249015354111554
2014-12-31,-2.148821899498369e-05
2015-01-02,-0.0004218327418677929
2015-01-05,-0.005805086339409176
2015-01-06,-0.00011406448310480339
2015-01-07,-0.0053379357241464314
2015-01-08,0.0035268638873499833
2015-01-09,-0.0040595972185912986
2015-01-12,-0.0010453919318201268
2015-01-13,-0.004734157730002322
2015-01-14,-0.005207547947305006
2015-01-15,-0.0027510900010528287
2015-01-16,0.001168725609313418
2015-01-20,0.002240138425877447
2015-01-21,0.006634304675908738
2015-01-22,0.006610098060536119
2015-01-23,0.0005688336026975038
2015-01-26,-0.0015274429099150786
2015-01-27,-0.00407458832964656
2015-01-28,-0.0004191176566477212
2015-01-29,-0.0035049851835620154
2015-01-30,0.007735133016284947
2015-02-02,0.0011401141692428671
2015-02-03,0.002353304746699294
2015-02-04,0.0010014515586025837
2015-02-05,0.0008265782387377862
2015-02-06,0.004120253495605144
2015-02-09,0.005448241224427477
2015-02-10,0.0017272288816106102
2015-02-11,-0.0015048999972884075
2015-02-12,0.005257126533858846
2015-02-13,9.821480243853176e-05
2015-02-17,-0.000789886733802577
2015-02-18,-0.00230988139306581
2015-02-19,-0.0024964114455481206
2015-02-20,-0.004913435607782075
2015-02-23,-0.003513203608595008
2015-02-24,0.0038114553239997104
2015-02-25,0.004427377445810178
2015-02-26,-0.0010546976297572904
2015-02-27,-0.00029280258260888626
2015-03-02,0.001306010170292715
2015-03-03,-0.0022651758274951543
2015-03-04,-0.00010300955928863452
2015-03-05,-0.008999782068785895
2015-03-06,0.0002763453958706135
2015-03-09,-0.0030996262001354155
2015-03-10,-0.0035738795516109443
2015-03-11,-0.0007117617936388316
2015-03-12,-8.440336766881752e-05
2015-03-13,-0.0023561204058262473
2015-03-16,-0.008317910646561361
2015-03-17,-0.003105964516549738
2015-03-18,0.0025523156384647623
2015-03-19,-0.0068254726132560145
2015-03-20,0.0008238776043608526
2015-03-23,0.005016935407711082
2015-03-24,0.0013398011674792328
2015-03-25,-0.0006618464423432089
2015-03-26,-2.6640355384239156e-06
2015-03-27,-0.005850972931066112
2015-03-30,0.001099014806774001
2015-03-31,0.0051476054078232305
2015-04-01,-0.0023766646202849945
2015-04-02,-0.0032999747167758264
2015-04-06,0.0012387474361597124
2015-04-07,-0.0015288249282927938
2015-04-08,0.0017261857912403318
2015-04-09,0.0001768603870546668
2015-04-10,-0.0008268187378265308
2015-04-13,0.0023198954832041978
2015-04-14,0.00112192032966409
2015-04-15,0.006089417776035741
2015-04-16,0.0049736871983836585
2015-04-17,0.0071811097208865264
2015-04-20,0.001538166708046283
2015-04-21,-0.003054677612535984
2015-04-22,0.0010096328736335077
2015-04-23,-0.0008120768997595437
2015-04-24,0.011075538713293856
2015-04-27,0.006219250555958142
2015-04-28,0.003419356372668831
2015-04-29,0.006186515475959821
2015-04-30,0.0016306375439511481
2015-05-01,-0.003590799416987506
2015-05-04,-0.0009096174551849475
2015-05-05,0.0008138930948684449
2015-05-06,0.0008071147338891508
2015-05-07,0.0012816296808397635
2015-05-08,0.0005391526981308954
2015-05-11,0.002533830605251166
2015-05-12,-0.0025094594823847297
2015-05-13,0.002264881648726652
2015-05-14,-0.0028275559834606222
2015-05-15,0.0005147755920326576
2015-05-18,-0.0003402561271551118
2015-05-19,-0.0047076660148374005
2015-05-20,-0.0019587233547743188
2015-05-21,9.442976300312912e-05
2015-05-22,-0.0032536866199491007
2015-05-26,-0.0007054485686272486
2015-05-27,0.00918551411665123
2015-05-28,0.003110929672560773
2015-05-29,0.00025360410040225383
2015-06-01,0.00039043204213579536
2015-06-02,0.002184752878844616
2015-06-03,9.95151264804118e-05
2015-06-04,-0.0005588463409450443
2015-06-05,-0.002592919071563989
2015-06-08,-0.000755520755425983
2015-06-09,-0.0005403708665347559
2015-06-10,0.0023810544298304816
2015-06-11,-0.0032010786240982726
2015-06-12,0.001798332329283949
2015-06-15,-0.004972839006108362
2015-06-16,0.00045890724178606354
2015-06-17,0.002606144779873425
2015-06-18,-0.002862406755035236
2015-06-19,-0.0021897259371053256
2015-06-22,-0.001220052048869455
2015-06-23,0.0027026081603199028
2015-06-24,0.0053863114264249895
2015-06-25,-0.003751398869543089
2015-06-26,-0.0022560139739416
2015-06-29,-0.0002767558479980899
2015-06-30,-0.003410274828597197
2015-07-01,-0.0003824865742870238
2015-07-02,-2.285724261130549e-05
2015-07-06,0.0024665861614153804
2015-07-07,-0.007579473482518799
2015-07-08,-0.0005005457283659879
2015-07-09,-0.002203135162136388
2015-07-10,0.0023865660094700026
2015-07-13,0.003397849515469078
2015-07-14,0.0011211220954067862
2015-07-15,-0.0026692257896561993
2015-07-16,0.006448753143326923
2015-07-17,0.01064216840906855
2015-07-20,-0.004249339751693679
2015-07-21,0.005687594841826427
2015-07-22,-0.004280445886996398
2015-07-23,-0.0013744321529666021
2015-07-24,0.011655764827061883
2015-07-27,-0.004130630082864155
2015-07-28,-0.0032028599837567013
2015-07-29,0.004779934894715168
2015-07-30,-0.002268221181591503
2015-07-31,-0.00829890096848239
2015-08-03,0.0004394543330518923
2015-08-04,-0.002567958630938559
2015-08-05,0.0008124289087398987
2015-08-06,0.012774606471246543
2015-08-07,-0.005767974503326026
2015-08-10,-0.0031319140489744933
2015-08-11,-0.0037978861835642947
2015-08-12,0.003682336324314393
2015-08-13,-0.0002417762569889392
2015-08-14,-0.0029280164774697953
2015-08-17,-0.0007296538145526283
2015-08-18,-0.004828865192649049
2015-08-19,-0.0025162790583602643
2015-08-20,-0.00014972487460201029
2015-08-21,-0.001440725751005069
2015-08-24,-0.0016072931125328104
2015-08-25,-0.0013467756395320802
2015-08-26,-0.008542186859758716
2015-08-27,0.013516892305572525
2015-08-28,0.003559701980499122
2015-08-31,0.008160602890835625
2015-09-01,-0.005215082854372633
2015-09-02,-0.004695518784971699
2015-09-03,-0.0006865227312966922
2015-09-04,-0.002157836118548527
2015-09-08,-0.005266567956457045
2015-09-09,0.0034117923290515923
2015-09-10,0.00412528195431921
2015-09-11,-0.0022384854663717634
2015-09-14,0.00035020796945265623
2015-09-15,0.0018295312113347647
2015-09-16,0.002594693020405448
2015-09-17,-0.0037704078641460723
2015-09-18,-0.006002715914848787
2015-09-21,0.004456487805578613
2015-09-22,-0.004568628818188098
2015-09-23,-0.004386673296418711
2015-09-24,0.007009495580393039
2015-09-25,0.009547829488247644
2015-09-28,0.002531046089094631
2015-09-29,-0.0010318690350533204
2015-09-30,0.0018839020440495067
2015-10-01,-0.003651289185424608
2015-10-02,0.002223259650866077
2015-10-05,0.012064733345644167
2015-10-06,0.012761116852789007
2015-10-07,0.004878084384325968
2015-10-08,0.0009650229641924758
2015-10-09,-0.001890348665251749
2015-10-12,-0.0027572638033633323
2015-10-13,0.0028521889950868843
2015-10-14,0.004462275425425785
2015-10-15,-0.0024169897538861914
2015-10-16,-0.0033398386350688464
2015-10-19,-0.003313311334880449
2015-10-20,0.002670817328636715
2015-10-21,-0.007869746687755308
2015-10-22,0.0057178114670236434
2015-10-23,0.00559292942690243
2015-10-26,-0.0031989527479846795
2015-10-27,-0.008275439888147777
2015-10-28,0.009610271654655389
2015-10-29,-0.005681633003348386
2015-10-30,0.0011087709635804028
2015-11-02,-0.0013869981683045385
2015-11-03,0.003686796803840769
2015-11-04,0.005431350056091359
2015-11-05,-0.004846440663608959
2015-11-06,0.004338451618633265
2015-11-09,-0.0033085135399010496
2015-11-10,-0.00136363673373974
2015-11-11,0.0014980014527633339
2015-11-12,-0.0019334884677266247
2015-11-13,-0.0013794150780386337
2015-11-16,0.0013730748828455197
2015-11-17,-0.00041208127690245194
2015-11-18,-1.4206860046652284e-05
2015-11-19,0.004367493088127954
2015-11-20,-0.006102180997808085
2015-11-23,-0.003672300239951695
2015-11-24,-0.0006618909516533635
2015-11-25,-0.0021249113351075213
2015-11-27,-0.002547149664638992
2015-11-30,0.007610437402142205
2015-12-01,-0.0035971526278328315
2015-12-02,-0.0028557794850665977
2015-12-03,0.003987887636444004
2015-12-04,-0.0013725944645712883
2015-12-07,-0.015125357977472593
2015-12-08,-0.010719912984681269
2015-12-09,0.0009072480376370803
2015-12-10,0.002058119692320694
2015-12-11,-0.005045325664820969
2015-12-14,-0.0073203321125718075
2015-12-15,0.00551966050726861
2015-12-16,-0.002875806932068218
2015-12-17,-0.009838507853610949
2015-12-18,-0.0003059561039084485
2015-12-21,-0.00042050119409155624
2015-12-22,0.0023800411036518057
2015-12-23,0.00814389865950468
2015-12-24,-0.002345052702784382
2015-12-28,-0.0038088593712166333
2015-12-29,-0.004954403010769027
2015-12-30,-0.007967189411012909
2015-12-31,0.0030025574232145024
2016-01-04,0.007089897268909808
2016-01-05,-0.004204759643769091
2016-01-06,0.002210345037521552
2016-01-07,0.005643597322420647
2016-01-08,0.0037395979661230035
2016-01-11,-0.011043777254331841
2016-01-12,0.0009258170080369307
2016-01-13,-0.0005590595794973811
2016-01-14,-0.0007779352748205383
2016-01-15,-0.0004727977762270339
2016-01-19,-0.0053756010319122504
2016-01-20,-0.003730327502011036
2016-01-21,-0.0035388828078445978
2016-01-22,-0.010847111520348523
2016-01-25,-0.005679816349020324
2016-01-26,0.0001856466259910777
2016-01-27,0.008381413093120698
2016-01-28,-0.0016586381426198125
2016-01-29,-0.004890873656687518
2016-02-01,-0.00016293205407334662
2016-02-02,0.0072028954370977165
2016-02-03,0.003542346577771742
2016-02-04,0.005091144314433781
2016-02-05,0.0061591010656574675
2016-02-08,-0.0017432944309610148
2016-02-09,0.007552459820860942
2016-02-10,-0.02294808392309979
2016-02-11,0.006099779715692386
2016-02-12,0.004969222205821377
2016-02-16,0.00959065957770643
2016-02-17,0.012443378887078294
2016-02-18,0.0007419274085519532
2016-02-19,-0.007595708809250331
2016-02-22,0.014148856232551077
2016-02-23,-0.016041744095652625
2016-02-24,0.00945032651285857
2016-02-25,-0.012703466704912288
2016-02-26,0.009305841817713578
2016-02-29,0.0075204606187717505
2016-03-01,0.0032716921714883974
2016-03-02,0.030420263076947847
2016-03-03,0.02295528070820525
2016-03-04,0.02479233996537849
2016-03-07,0.01478620311880223
2016-03-08,-0.03782681886279493
2016-03-09,0.010752525429639033
2016-03-10,-0.002830695333071073
2016-03-11,-0.009443747154844691
2016-03-14,-0.004577553873039939
2016-03-15,-0.0032856805024285415
2016-03-16,-0.002243984999727655
2016-03-17,0.0012679495704478769
2016-03-18,-0.0021754775847394187
2016-03-21,0.0022954539845875506
2016-03-22,-0.00014829591624662672
2016-03-23,-0.003301831827689773
2016-03-24,-0.001211789113519861
2016-03-28,-0.0001790895719964809
2016-03-29,-0.00488872636522364
2016-03-30,-0.003701420167557061
2016-03-31,-0.0010821256628813242
2016-04-01,-0.0060426648807588995
2016-04-04,-0.0004412848363489388
2016-04-05,0.004532325943155272
2016-04-06,0.0007630382902518036
2016-04-07,0.0031332802004234
2016-04-08,-0.001132927338096758
2016-04-11,-0.0074432782837209705
2016-04-12,-0.016522881346141674
2016-04-13,-0.010765396242509474
2016-04-14,0.00111887147989677
2016-04-15,-0.0031786831321513587
2016-04-18,0.007408144265280259
2016-04-19,-0.009450614792892973
2016-04-20,-0.007322838926777397
2016-04-21,0.0022184714539588922
2016-04-22,-0.005094712191575088
2016-04-25,0.0023466510695811962
2016-04-26,-0.0019850640850670666
2016-04-27,-0.002579473719254341
2016-04-28,0.0030221810297939486
2016-04-29,-0.0008856993563184787
2016-05-02,0.0028271442260462396
2016-05-03,9.09279507857648e-05
2016-05-04,0.004205745249195083
2016-05-05,0.004429661382997951
2016-05-06,0.011071471024596819
2016-05-09,0.001221527292455867
2016-05-10,-0.002148390894104135
2016-05-11,-0.00840198164444838
2016-05-12,-0.006691746439441075
2016-05-13,-0.0012370339457021802
2016-05-16,0.00675048250746317
2016-05-17,0.004311330612133306
2016-05-18,-0.005388371019006372
2016-05-19,0.0027591027944188096
2016-05-20,0.005774452532567678
2016-05-23,-0.003895487322498685
2016-05-24,-0.0013790536195819585
2016-05-25,-0.0005076653433788395
2016-05-26,0.00527679526444499
2016-05-27,0.0010234208033025446
2016-05-31,0.0026831588888825406
2016-06-01,0.0021433649028110074
2016-06-02,0.0022580205946635934
2016-06-03,0.0006587912231539745
2016-06-06,0.007821078764420977
2016-06-07,0.0028049724527243495
2016-06-08,0.0013627576090458945
2016-06-09,-0.004127908783309684
2016-06-10,-0.007590509220322186
2016-06-13,-4.975052643075514e-05
2016-06-14,-0.0005361925754840273
2016-06-15,0.0005972877750014065
2016-06-16,-0.0001441777209672504
2016-06-17,0.0011381437856421187
2016-06-20,-0.0008534707503607044
2016-06-21,0.00031051917023137683
2016-06-22,-0.0006420078175121309
2016-06-23,0.007104501373932204
2016-06-24,-0.0065602258681184125
2016-06-27,-0.00648870076133048
2016-06-28,-0.00023475836700339935
2016-06-29,0.004664488215655617
2016-06-30,-0.004047847725430098
2016-07-01,0.0019258966598157822
2016-07-05,-0.006637809105282471
2016-07-06,0.00309210861450729
2016-07-07,-0.0028141571761040596
2016-07-08,0.000509121517230622
2016-07-11,0.0007414870307048476
2016-07-12,-0.0014774008226990255
2016-07-13,-0.007048871236577561
2016-07-14,-0.002218031769387273
2016-07-15,0.002853699345102027
2016-07-18,-0.0007404715858375833
2016-07-19,-0.0045486887461465
2016-07-20,0.006543301657552253
2016-07-21,0.0003353754619735522
2016-07-22,0.003411217164956011
2016-07-25,-0.000702903803237664
2016-07-26,-0.0049533286970033915
2016-07-27,0.002180112865842865
2016-07-28,0.001344279246127093
2016-07-29,0.004702154996190071
2016-08-01,-0.007262274224247057
2016-08-02,0.00827411411363808
2016-08-03,0.01005046191283072
2016-08-04,-0.0034879852695172174
2016-08-05,-0.0023001322714251028
2016-08-08,0.000983861476652406
2016-08-09,0.0026939288757579236
2016-08-10,-0.011430247535636488
2016-08-11,0.005930430374220302
2016-08-12,0.0003294718263389301
2016-08-15,0.005485478542938273
2016-08-16,0.002867209915679181
2016-08-17,0.00397303832986941
2016-08-18,0.009660617435981029
2016-08-19,-0.0008254130177739479
2016-08-22,-0.0037018821829292946
2016-08-23,0.006069091038212833
2016-08-24,-0.002408500755389488
2016-08-25,0.0009921020095982707
2016-08-26,0.0027690776971421153
2016-08-29,0.00026998194480729173
2016-08-30,-0.0013080793916333702
2016-08-31,-0.00638715009712112
2016-09-01,0.0025639790468920494
2016-09-02,0.004329240671828102
2016-09-06,0.0038919662984918607
2016-09-07,0.006474900523399899
2016-09-08,0.010871387623767992
2016-09-09,-0.0028318160477373367
2016-09-12,0.0007007909556422337
2016-09-13,0.009042424880600428
2016-09-14,0.009584395780509986
2016-09-15,0.0002834290757638378
2016-09-16,-0.0009840658039964876
2016-09-19,0.004580365070804922
2016-09-20,0.0033934883221260616
2016-09-21,-0.006923351372037689
2016-09-22,-0.0015578938893101861
2016-09-23,0.00420751630159653
2016-09-26,-0.002038649013389935
2016-09-27,0.006637211324287234
2016-09-28,-0.01536923379578121
2016-09-29,-0.0013135290896516714
2016-09-30,-0.0014796718677939794
2016-10-03,0.000403224054392064
2016-10-04,-0.00031199258893488223
2016-10-05,-0.011132018427176793
2016-10-06,0.000683660987359537
2016-10-07,0.003977195627205688
2016-10-10,-0.002466777382450545
2016-10-11,-0.007354053058121185
2016-10-12,8.734287645224266e-05
2016-10-13,-0.0015799708795765134
2016-10-14,-0.0013866362668912605
2016-10-17,0.0013401427570028336
2016-10-18,-0.003911751077207467
2016-10-19,0.00782176636439137
2016-10-20,0.0008370485025452883
2016-10-21,0.0028935237803365023
2016-10-24,-0.0023636375908634194
2016-10-25,-0.011419699429142277
2016-10-26,9.332339396490971e-05
2016-10-27,-0.005512658316638476
2016-10-28,0.003235174573773487
2016-10-31,0.0012897220096843875
2016-11-01,-0.0008990985609185495
2016-11-02,-0.004032110226838965
2016-11-03,0.006800147058583316
2016-11-04,-0.004517883582962384
2016-11-07,0.0028379380227294354
2016-11-08,-0.013374801331467883
2016-11-09,0.010116039410335087
2016-11-10,0.0002844198661132936
2016-11-11,-0.006395356402670185
2016-11-14,0.002368643208335967
2016-11-15,0.013738896857125524
2016-11-16,-0.002278168478050404
2016-11-17,-0.0013640024892788423
2016-11-18,0.003814859331147699
2016-11-21,0.012236013638034208
2016-11-22,0.002498403359171823
2016-11-23,0.006726974260914168
2016-11-25,-0.006133463976535907
2016-11-28,-0.005479114333466633
2016-11-29,-0.010223113958021841
2016-11-30,0.03359194645817574
2016-12-01,0.0025389480696823034
2016-12-02,0.006847211640545534
2016-12-05,0.006035535152655211
2016-12-06,0.0022082109835868183
2016-12-07,0.0013978016397679315
2016-12-08,-0.005515262585397997
2016-12-09,0.000387761321767772
2016-12-12,0.003245737547739141
2016-12-13,0.0014805523615080169
2016-12-14,-0.0038382529783079697
2016-12-15,0.00018471249512860637
2016-12-16,0.003823455242789879
2016-12-19,-0.005130480980519542
2016-12-20,-0.0024676001116439384
2016-12-21,0.00027932934617969123
2016-12-22,-0.0003217951251395238
2016-12-23,0.001509686182506679
2016-12-27,0.001319213691115213
2016-12-28,-0.001993281509697789
2016-12-29,-0.0016480382539419993
2016-12-30,0.0015649025408169689
2017-01-03,0.008336694597926516
2017-01-04,-0.0010810343543148468
2017-01-05,-0.002117486508716627
2017-01-06,-0.004313770423982268
2017-01-09,0.002460489986124785
2017-01-10,-0.006282585768385647
2017-01-11,-0.0008301219566184953
2017-01-12,0.0009587106067891264
2017-01-13,0.00045417747897986635
2017-01-17,0.002456728394913014
2017-01-18,0.0006903674754135786
2017-01-19,0.0019536860644571836
2017-01-20,0.0024848236137415686
2017-01-23,0.005135444004658223
2017-01-24,-0.0006463493447868
2017-01-25,-0.0006946948637723582
2017-01-26,0.0030318655806336747
2017-01-27,0.0012292166173755081
2017-01-30,0.0026312749155084024
2017-01-31,0.0070130431450595755
2017-02-01,0.0010214273805991127
2017-02-02,0.001361788493529216
2017-02-03,0.0012157408978537116
2017-02-06,0.000701172285875327
2017-02-07,0.0033098055697199516
2017-02-08,-0.00025953951209009476
2017-02-09,-0.0006539237695027001
2017-02-10,0.006048615596991398
2017-02-13,-0.006876201096635539
2017-02-14,0.0009898778431123828
2017-02-15,-0.0038330389130813657
2017-02-16,-0.005467211011434288
2017-02-17,-0.0020974899404698254
2017-02-21,0.001309802291058724
2017-02-22,-0.00763618970553574
2017-02-23,-0.004090806965777274
2017-02-24,-0.0016845112458514044
2017-02-27,-0.003087422728997949
2017-02-28,-0.0016654377781751934
2017-03-01,0.0004873703810107308
2017-03-02,-0.0002493640727649194
2017-03-03,-0.004859933383798262
2017-03-06,0.0036846951908290435
2017-03-07,-0.0023627091241211354
2017-03-08,-0.010378933200090722
2017-03-09,0.0032095995987497846
2017-03-10,-0.0022064603337673756
2017-03-13,-0.008975318870536191
2017-03-14,-0.0029071215617691073
2017-03-15,0.00371543144248132
2017-03-16,0.00124973710994284
2017-03-17,-0.0003472819895393101
2017-03-20,0.003902411890771747
2017-03-21,-0.0034875647842883017
2017-03-22,-0.0016900872193346059
2017-03-23,0.001422488322455414
2017-03-24,0.003486759964523447
2017-03-27,0.0018864151600533417
2017-03-28,6.765928421996774e-05
2017-03-29,-0.00334022645767222
2017-03-30,0.0003646734122310794
2017-03-31,0.0030185056669010217
2017-04-03,0.0002735779912951111
2017-04-04,-0.0005066272769946552
2017-04-05,0.0012019132369563816
2017-04-06,-0.0030318198293975895
2017-04-07,0.002702118337799133
2017-04-10,-0.00014555979512382235
2017-04-11,-0.0053294719702324045
2017-04-12,0.0006755978075839702
2017-04-13,0.0005253004558455346
2017-04-17,0.002650830108107571
2017-04-18,0.001786170533706033
2017-04-19,-0.00421914523183593
2017-04-20,-0.001521193539430777
2017-04-21,0.004547135226972062
2017-04-24,-0.0007386123508560637
2017-04-25,0.0021502156274629367
2017-04-26,-0.0025300653382717415
2017-04-27,0.00405939165960506
2017-04-28,-0.002750732654895119
2017-05-01,-0.0015716051822275247
2017-05-02,-0.00273635343395765
2017-05-03,0.0017019062274963117
2017-05-04,-0.0024663861067057416
2017-05-05,0.001691743286754584
2017-05-08,0.003226486095256483
2017-05-09,-0.00030730757571308326
2017-05-10,0.004841659557917032
2017-05-11,-0.0038024433319659677
2017-05-12,-0.0012189522233668675
2017-05-15,-0.0012302145478306848
2017-05-16,-0.0039693708525404105
2017-05-17,0.004274286705925422
2017-05-18,-0.0003588367989678737
2017-05-19,0.0028743040587338575
2017-05-22,-0.0027180420859743027
2017-05-23,-0.0037495709463005733
2017-05-24,-7.012624532250862e-05
2017-05-25,-0.0032651509581851424
2017-05-26,0.0007923954390761926
2017-05-30,-3.472772489442684e-05
2017-05-31,-0.0013301347162093997
2017-06-01,-0.0034587246449587655
2017-06-02,-0.005478334026346988
2017-06-05,0.0006026902182287459
2017-06-06,0.004229868964963191
2017-06-07,-0.002733072893951899
2017-06-08,-0.0012903688598715918
2017-06-09,0.004067006689753868
2017-06-12,-0.012782715663283723
2017-06-13,0.005738640846092261
2017-06-14,-0.008467721562324036
2017-06-15,-0.002830144465307961
2017-06-16,0.005790834235396867
2017-06-19,0.007770180840151756
2017-06-20,0.0019887016596957523
2017-06-21,0.0026926157931949054
2017-06-22,-0.0012588423154769645
2017-06-23,0.003297822513193267
2017-06-26,-0.0061859735675192
2017-06-27,-0.004295617173993493
2017-06-28,0.0035985395401104945
2017-06-29,-0.0028574400927108986
2017-06-30,-0.007455165549612221
2017-07-03,-0.004452698367702853
2017-07-05,0.009468567531695978
2017-07-06,0.0034698640799734515
2017-07-07,0.004728376850386289
2017-07-10,0.007231531970543541
2017-07-11,0.0009989496551278503
2017-07-12,-0.00638625422842143
2017-07-13,0.0006001115601494064
2017-07-14,-0.002170055113838066
2017-07-17,0.0019027243144826025
2017-07-18,-0.0008532838437693887
2017-07-19,-0.012657303634715879
2017-07-20,-0.0011207045584162184
2017-07-21,0.0021820918976161656
2017-07-24,-0.00477708445467377
2017-07-25,0.0026386527721923327
2017-07-26,0.0009575333411874439
2017-07-27,0.0008847659964593049
2017-07-28,-0.002032746034257757
2017-07-31,0.0036088327576215265
2017-08-01,0.001913096265722387
2017-08-02,0.005146310162968029
2017-08-03,0.00500797437066007
2017-08-04,0.00010969757833129461
2017-08-07,0.005866285606892578
2017-08-08,-0.0012522471866394174
2017-08-09,0.0031203665705294165
2017-08-10,-0.0021593505075297942
2017-08-11,-0.0029272525165386257
2017-08-14,-0.00028264255780987636
2017-08-15,-0.0020239169513677855
2017-08-16,-0.001798419719795071
2017-08-17,0.004877329055869332
2017-08-18,-6.068731076150753e-05
2017-08-21,0.0016585415997191523
2017-08-22,-0.0016956238875796372
2017-08-23,0.0026742347535181257
2017-08-24,0.003906826725070502
2017-08-25,0.000826156825373546
2017-08-28,-0.000710606946293599
2017-08-29,0.0001392657992699971
2017-08-30,0.001342975663862385
2017-08-31,-0.00221439152013002
2017-09-01,-0.003081120618052523
2017-09-05,-0.0015917728196846173
2017-09-06,-0.0025782786775259093
2017-09-07,-0.008597427730380539
2017-09-08,0.003499620666471879
2017-09-11,-0.013528294781508616
2017-09-12,-0.00042525639922844625
2017-09-13,-0.0006162574298693926
2017-09-14,0.004704465146567107
2017-09-15,-0.002962383633649596
2017-09-18,0.0011936389943983934
2017-09-19,-0.00040630686588305725
2017-09-20,0.003093932823676403
2017-09-21,-0.005239896580511806
2017-09-22,-0.0008985163766338263
2017-09-25,0.0055033546612477
2017-09-26,-0.0015565456511415303
2017-09-27,-0.003012751087105435
2017-09-28,0.00026470880023676276
2017-09-29,-0.003645898795833516
2017-10-02,0.003627703123297436
2017-10-03,-0.0016716478804776364
2017-10-04,-0.003965412899049145
2017-10-05,-0.0006101763120794812
2017-10-06,-0.002010209381585442
2017-10-09,-0.001861771289793827
2017-10-10,-0.0040530368113197435
2017-10-11,0.0025829100967393256
2017-10-12,-0.00019130396843827107
2017-10-13,0.0015438637311583092
2017-10-16,0.0019219437840506893
2017-10-17,0.0033449014583193312
2017-10-18,0.0006598496242857685
2017-10-19,0.005841747918522774
2017-10-20,0.0015688984996403658
2017-10-23,0.00037770098393904045
2017-10-24,0.0033031887271449496
2017-10-25,-0.005195638186304249
2017-10-26,-0.0008872075547089258
2017-10-27,-0.004052286392460463
2017-10-30,-0.0016035956572232907
2017-10-31,-0.0046667694499753585
2017-11-01,0.0022163541497893175
2017-11-02,0.002937709953338547
2017-11-03,-0.0012790027779397061
2017-11-06,-0.007604356790451771
2017-11-07,0.0031954998766563414
2017-11-08,-0.005117708662500977
2017-11-09,0.005363891161402498
2017-11-10,0.0024787440949784823
2017-11-13,-4.382275667548642e-06
2017-11-14,0.0014315681116030478
2017-11-15,-0.0018093441956559104
2017-11-16,-0.006543874882091824
2017-11-17,0.005288186923932578
2017-11-20,-0.0007569867085729806
2017-11-21,-0.0026755250297427137
2017-11-22,-0.0014265357944729421
2017-11-24,0.000786850229333186
2017-11-27,-0.0033248054608080225
2017-11-28,-0.0012754477141503258
2017-11-29,0.0031730911851324487
2017-11-30,-0.005027306983708431
2017-12-01,0.004110610736368235
2017-12-04,0.0038515247344786704
2017-12-05,-0.0027101611308052963
2017-12-06,-0.003291812150128697
2017-12-07,-0.002243913447800794
2017-12-08,-0.005815122139041639
2017-12-11,0.0013901499393312396
2017-12-12,-0.0002052158885091279
2017-12-13,-0.0014789423891674231
2017-12-14,0.002982853273917629
2017-12-15,-0.0009967034982438843
2017-12-18,0.0039323727593125355
2017-12-19,5.2718335651246915e-05
2017-12-20,0.0006147859133333786
2017-12-21,0.002699199522161948
2017-12-22,0.002275735948134911
2017-12-26,-0.00306433072635076
2017-12-27,-0.0005049999493318498
2017-12-28,0.0021444507773133326
2017-12-29,-8.195811500188587e-05
2018-01-02,0.0020213590149981606
2018-01-03,-0.000536689278390049
2018-01-04,0.006526319974261548
2018-01-05,0.0015860111535457642
2018-01-08,-0.006179303673787684
2018-01-09,2.591665374491997e-05
2018-01-10,0.0020508723998665292
2018-01-11,1.156875738337668e-05
2018-01-12,0.002721319916326705
2018-01-16,0.00032843086700965157
2018-01-17,0.010144069699922981
2018-01-18,-0.000446748166940774
2018-01-19,0.00018527063548801084
2018-01-22,-0.0018967596053825072
2018-01-23,-0.0009828221124394403
2018-01-24,-0.0030198912992899256
2018-01-25,0.0012358085936995692
2018-01-26,-0.00261387564171231
2018-01-29,-0.0002672572783486154
2018-01-30,-0.005426171384755106
2018-01-31,0.008223569082198115
2018-02-01,-0.012976873564768449
2018-02-02,-0.009114161931450284
2018-02-05,0.0022710691285905828
2018-02-06,0.011680710200156593
2018-02-07,-0.0021845624109993905
2018-02-08,-0.003609035237785989
2018-02-09,-0.006324363047089248
2018-02-12,0.006187458752067917
2018-02-13,0.002644709589849657
2018-02-14,0.00585646101825118
2018-02-15,0.0031379127446157316
2018-02-16,-0.0018914325786204638
2018-02-20,0.006674661505823518
2018-02-21,-0.004393899904504129
2018-02-22,-0.0029291771735980893
2018-02-23,0.0011397590559403372
2018-02-26,-0.002295190738935049
2018-02-27,0.0018345998718733059
2018-02-28,0.005542557047526704
2018-03-01,-0.01009425327747206
2018-03-02,0.0011184872076058967
2018-03-05,-0.0031617542171828747
2018-03-06,-0.001334369576088006
2018-03-07,0.0033297987447601708
2018-03-08,-0.0002549825928883123
2018-03-09,-0.009117395394235327
2018-03-12,0.004705445457889284
2018-03-13,-0.011931547259887154
2018-03-14,0.0018345977925761363
2018-03-15,0.0017614311478822376
2018-03-16,-0.004855344284237745
2018-03-19,0.003822988046400374
2018-03-20,0.0014680425181727325
2018-03-21,-0.008359003872986388
2018-03-22,0.004550853165800074
2018-03-23,0.0007638068822554522
2018-03-26,0.00864250325984148
2018-03-27,-0.009771576675510363
2018-03-28,-0.005346675866467822
2018-03-29,-0.0030339238500005903
2018-04-02,0.0008890082396044081
2018-04-03,-0.001876498636089504
2018-04-04,0.00545395945227734
2018-04-05,-0.0038016243314740756
2018-04-06,0.0006287134687040647
2018-04-09,0.0036113161046366863
2018-04-10,-0.0003221592304937491
2018-04-11,-0.0036560483705371624
2018-04-12,-0.010247821361002506
2018-04-13,0.001736215251858647
2018-04-16,-0.0035255622806547884
2018-04-17,-0.0008027360160119332
2018-04-18,0.007514716507819667
2018-04-19,0.012887474479306344
2018-04-20,0.003225076109816875
2018-04-23,-0.0016488169650993145
2018-04-24,0.0054389009405386626
2018-04-25,0.003926409400740285
2018-04-26,-0.016624907077176763
2018-04-27,-0.004288105347753369
2018-04-30,0.0012344387136017532
2018-05-01,-0.0018161096667855458
2018-05-02,-0.0034311687947646764
2018-05-03,-0.0023479545580970345
2018-05-04,0.000364462512106031
2018-05-07,-0.004526345781255629
2018-05-08,0.00368759984810411
2018-05-09,-0.000364977098536028
2018-05-10,-0.003103775706737982
2018-05-11,-0.009702434451880937
2018-05-14,0.003474270344350526
2018-05-15,-0.0025518096568713134
2018-05-16,0.003760521824614076
2018-05-17,0.0035752608740152944
2018-05-18,0.0003781004722126754
2018-05-21,-0.00121308482254565
2018-05-22,0.0048348582515758895
2018-05-23,0.0010325586392093238
2018-05-24,0.002251979649753876
2018-05-25,0.004672808321279199
2018-05-29,0.0011945737441757312
2018-05-30,-0.0013474536297965517
2018-05-31,-0.00043549876673927416
2018-06-01,0.0029931002453837717
2018-06-04,-0.0006441438085037738
2018-06-05,0.0008539708332232366
2018-06-06,-0.0009226278070262416
2018-06-07,-0.004762413455544204
2018-06-08,-0.0005314377988533084
2018-06-11,6.19102521180794e-05
2018-06-12,-0.014134820504788783
2018-06-13,-0.0009814858304393053
2018-06-14,0.00898752677092703
2018-06-15,0.0037784432624281593
2018-06-18,-0.003784116972446102
2018-06-19,-0.004226717371841927
2018-06-20,0.006964925612874768
2018-06-21,0.006257534983902411
2018-06-22,0.0035862952735377855
2018-06-25,0.005631480022661692
2018-06-26,-0.005286376886305504
2018-06-27,0.004651804880800479
2018-06-28,0.001627395898404554
2018-06-29,0.0006849920687108826
2018-07-02,-0.001845716480747317
2018-07-03,0.005101628950536161
2018-07-05,-0.0030456517136828202
2018-07-06,-0.002117468206461883
2018-07-09,-0.0022180416117358625
2018-07-10,-0.00274284187821967
2018-07-11,-0.0035921192587056515
2018-07-12,-0.008752163039211848
2018-07-13,-0.003686025545436656
2018-07-16,-0.002982461735059001
2018-07-17,0.0022130687484995556
2018-07-18,0.007411962785439858
2018-07-19,-0.006806634663590233
2018-07-20,-0.00040927582775650886
2018-07-23,-0.0009290053335211629
2018-07-24,-0.007611702895290694
2018-07-25,0.0014963723552138808
2018-07-26,0.008178730202212653
2018-07-27,-0.0011437041735827777
2018-07-30,-0.01148098659132363
2018-07-31,0.0005885100582379993
2018-08-01,-0.006028925781474735
2018-08-02,-0.0010024901341301445
2018-08-03,0.0010635254300191538
2018-08-06,-0.0006583518995999768
2018-08-07,0.0025985921335162326
2018-08-08,-0.0007613880476689147
2018-08-09,-0.004421502853602291
2018-08-10,-0.0025586838199313983
2018-08-13,5.3023037425153665e-06
2018-08-14,-0.00024290652216971703
2018-08-15,-0.007305882868078151
2018-08-16,0.00013936068439838198
2018-08-17,0.0036867500102601538
2018-08-20,-0.001900116569239592
2018-08-21,0.0020538350702907103
2018-08-22,-0.000474781950885532
2018-08-23,-0.008060755303073425
2018-08-24,0.0015802815032001513
2018-08-27,-0.0024558698375480585
2018-08-28,0.0002921662043542196
2018-08-29,0.0022609950081409636
2018-08-30,-6.932038907789327e-05
2018-08-31,-0.0009844917164373672
2018-09-04,-0.009932171516605689
2018-09-05,0.0027096590882394944
2018-09-06,-0.001981441176217355
2018-09-07,0.0022634165429621933
2018-09-10,-0.005497215665530447
2018-09-11,-0.005752648502439743
2018-09-12,-0.002761040724361361
2018-09-13,-0.004901829839067413
2018-09-14,-0.002466245121429839
2018-09-17,2.9306494296796352e-05
2018-09-18,-0.0009843018150871943
2018-09-19,-0.0015140479728861342
2018-09-20,-0.0022475946110858103
2018-09-21,0.0025355020796310277
2018-09-24,-0.0024308838061872207
2018-09-25,-0.00022817645990258768
2018-09-26,-0.0003282935641663651
2018-09-27,9.36788594654627e-05
2018-09-28,-0.0006146677573787632
2018-10-01,-0.004687332082334431
2018-10-02,0.0010215159939999034
2018-10-03,-0.001360229332324205
2018-10-04,-0.0004085661715859967
2018-10-05,-0.0020307437168587015
2018-10-08,0.00698866661486128
2018-10-09,-0.0019576369393958437
2018-10-10,-0.006775843167902814
2018-10-11,0.0003243396263445048
2018-10-12,0.004983543200463282
2018-10-15,0.006800493535225105
2018-10-16,0.003899368236041745
2018-10-17,0.01503086020377536
2018-10-18,-0.005398197725047629
2018-10-19,-0.0017628904956349348
2018-10-22,0.0006090028800501202
2018-10-23,0.0025024870657687683
2018-10-24,0.0057957675527300885
2018-10-25,0.0010739745954198789
2018-10-26,-0.0037627300599228043
2018-10-29,0.0007923657044086322
2018-10-30,-0.00145045545851493
2018-10-31,0.005342992275779991
2018-11-01,-0.0023265452897820575
2018-11-02,0.03280147444854167
2018-11-05,-0.0021847460812088352
2018-11-06,0.0011945151939488083
2018-11-07,0.007509644963619612
2018-11-08,-0.00815121024168225
2018-11-09,0.0007069953640235762
2018-11-12,0.0010640196440205704
2018-11-13,-0.004821953307756681
2018-11-14,-0.0025427482768056284
2018-11-15,0.0004381544417089358
2018-11-16,-0.002092357534939084
2018-11-19,-0.005477494558090255
2018-11-20,-0.00883538612014456
2018-11-21,0.0009354745245646967
2018-11-23,-0.00037366204940446167
2018-11-26,0.0055641212092155095
2018-11-27,0.0020491344399498923
2018-11-28,-0.0031597077131855777
2018-11-29,0.005869463805749172
2018-11-30,-0.003785139202898835
2018-12-03,0.006160773252895103
2018-12-04,-0.0015946784967606276
2018-12-06,0.001536623213333188
2018-12-07,-0.018534863812329817
2018-12-10,0.0005815225595352421
2018-12-11,-0.014869056356038485
2018-12-12,-5.90115291354575e-06
2018-12-13,-0.002777356952352294
2018-12-14,0.002658088716148525
2018-12-17,0.003617048349295852
2018-12-18,-0.004820443814065243
2018-12-19,-0.008996686998296312
2018-12-20,-0.0007548071992935718
2018-12-21,0.00016537488974515473
2018-12-24,-0.003501251046218642
2018-12-26,-0.0014711395051655253
2018-12-27,0.0011551122040151566
2018-12-28,-0.0024520719635399268
2018-12-31,0.003345782827877965
2019-01-02,0.007895578884327618
2019-01-03,-0.017688453232313377
2019-01-04,0.007468094020924002
2019-01-07,0.005663247161912073
2019-01-08,0.0007485597515889232
2019-01-09,0.00811282586445909
2019-01-10,-0.0006911351993989389
2019-01-11,-0.00980172317530311
2019-01-14,-0.00900933395403345
2019-01-15,0.0020436570211490738
2019-01-16,-0.01173581374173155
2019-01-17,0.0033074512004092585
2019-01-18,-0.0026953636077218313
2019-01-22,0.00127704370880479
2019-01-23,0.0009403447715038695
2019-01-24,0.011361410322930648
2019-01-25,-0.0040943479870895975
2019-01-28,-0.0029402211115243594
2019-01-29,-0.0013875258151967921
2019-01-30,0.005310009664786135
2019-01-31,-0.0058079888062894285
2019-02-01,0.0018039208475238231
2019-02-04,0.004710490369406819
2019-02-05,0.00510927772971786
2019-02-06,0.0012735090808314552
2019-02-07,0.008526559978829099
2019-02-08,0.0021042981116409206
2019-02-11,0.00435641041024774
2019-02-12,-0.006941374185856053
2019-02-13,0.004515536028703834
2019-02-14,0.0015498178253318005
2019-02-15,-0.0023860561254100488
2019-02-19,0.0002375481235681939
2019-02-20,-0.00780906978568068
2019-02-21,-0.004112350238059596
2019-02-22,-0.00535244773194646
2019-02-25,-0.0006518388983578801
2019-02-26,0.0005698620453088284
2019-02-27,-0.0017290492993454654
2019-02-28,-0.0045174345606170405
2019-03-01,0.0007060556337054912
2019-03-04,0.0035433735999501684
2019-03-05,0.0008653307941565488
2019-03-06,-0.0025460787190872388
2019-03-07,0.0035719802030338443
2019-03-08,-0.003950483722814625
2019-03-11,-0.0012512432986704623
2019-03-12,0.002933241633617632
2019-03-13,0.003961852892637995
2019-03-14,-0.00653629730749066
2019-03-15,0.0009023900769213249
2019-03-18,-5.652462666622332e-07
2019-03-19,0.0017953560889657652
2019-03-20,-0.002350356937412238
2019-03-21,-0.0020489942758039024
2019-03-22,0.0023372796239511267
2019-03-25,0.00036611568449706285
2019-03-26,-0.00266254330036015
2019-03-27,0.0036284263270216703
2019-03-28,-0.004133018973689353
2019-03-29,-0.003695079307559703
2019-04-01,-0.004081683222641485
2019-04-02,-0.004119573517597051
2019-04-03,-0.0015149939361960587
2019-04-04,-0.0018481493325978426
2019-04-05,-0.0014580102544177061
2019-04-08,-0.001008984328394513
2019-04-09,0.006145451436722942
2019-04-10,0.00010708124451098936
2019-04-11,-0.0012783417190683894
2019-04-12,-0.008375331954625656
2019-04-15,-0.0018166140287626733
2019-04-16,0.012000476311222575
2019-04-17,0.015565979692477342
2019-04-18,-0.0029856081476338538
2019-04-22,0.0004269306327500128
2019-04-23,-0.006112707593767398
2019-04-24,-0.004686419542157863
2019-04-25,-0.010392057590744495
2019-04-26,-0.0029446369339242587
2019-04-29,0.004566918705049641
2019-04-30,-0.0012640470821731703
2019-05-01,0.0010000671515094028
2019-05-02,0.0011450968776228845
2019-05-03,0.004367175383795959
2019-05-06,-0.004571388190133013
2019-05-07,0.002591114508729042
2019-05-08,-0.005059667674104332
2019-05-09,0.0013091552647972332
2019-05-10,0.008122811028197023
2019-05-13,0.0005886722563427842
2019-05-14,-0.005070605895377472
2019-05-15,3.363311191043874e-05
2019-05-16,-0.0026068254744563697
2019-05-17,-0.003289957701133435
2019-05-20,-0.0073986906520851934
2019-05-21,-0.004352386240274557
2019-05-22,-0.008237447124202912
2019-05-23,0.0023444938977606957
2019-05-24,-0.0036969904194410997
2019-05-28,0.003456489728845424
2019-05-29,0.005372672545988416
2019-05-30,0.0018716406802401077
2019-05-31,-0.0015477285991167531
2019-06-03,-0.004613185172113952
2019-06-04,0.005403320550308759
2019-06-05,0.0013465494664512297
2019-06-06,0.0049575752689059414
2019-06-07,-0.0024836666452116036
2019-06-10,0.005165671836354855
2019-06-11,0.004664912319899891
2019-06-12,-0.0067362646698607255
2019-06-13,-0.010343816954666178
2019-06-14,0.0016157880856889964
2019-06-17,-0.0011918110849795163
2019-06-18,-0.004304945257543314
2019-06-19,-0.0008727147502479165
2019-06-20,-0.004193033870778042
2019-06-21,-0.0014344251252607688
2019-06-24,-0.0003597165301037887
2019-06-25,-0.0006637846314240377
2019-06-26,-0.0004903829736838791
2019-06-27,-0.0023112594674902735
2019-06-28,-0.00362435359798906
2019-07-01,0.00022196791737084953
2019-07-02,0.005174037582531859
2019-07-03,-0.00018003021562642014
2019-07-05,-0.0006855088090082505
2019-07-08,-0.0002590339007134982
2019-07-09,0.003949594732323489
2019-07-10,0.0034315559221703316
2019-07-11,-0.008571203988591018
2019-07-12,-0.001537348217524302
2019-07-15,-0.0043538542912906035
2019-07-16,0.0041455755030974034
2019-07-17,-0.004467193572421839
2019-07-18,-0.0007416806071206275
2019-07-19,0.0002032960818170667
2019-07-22,0.004720117552421021
2019-07-23,-0.0001253412665990609
2019-07-24,0.002306061928064341
2019-07-25,0.005172974284806694
2019-07-26,0.001055462663212334
2019-07-29,0.005075541394460566
2019-07-30,-0.002300703747847516
2019-07-31,-0.004984838079723143
2019-08-01,-0.00012501735253317922
2019-08-02,0.0009199356506527571
2019-08-05,-1.534366990051985e-05
2019-08-06,0.0022952267266157004
2019-08-07,-0.005401416038702452
2019-08-08,-0.004239180864308216
2019-08-09,0.0009535215334704186
2019-08-12,-0.002048707705607763
2019-08-13,-0.007229075421906492
2019-08-14,-0.004010788679560213
2019-08-15,-0.005330188719194768
2019-08-16,0.009213345017840515
2019-08-19,0.00623565128656545
2019-08-20,-0.005643616057050165
2019-08-21,0.0029924047495677084
2019-08-22,0.002940781511854251
2019-08-23,-0.007794431712819554
2019-08-26,0.003312579429361543
2019-08-27,-0.0001653751459610039
2019-08-28,-1.0965562703294917e-05
2019-08-29,0.0012330762186937275
2019-08-30,0.006455851947946757
2019-09-03,0.0032690114469270406
2019-09-04,0.00733210766420691
2019-09-05,0.005742294001718254
2019-09-06,-0.0011800412537012095
2019-09-09,0.009411899795150102
2019-09-10,-0.0014368108105453632
2019-09-11,0.0017280183917950385
2019-09-12,-0.004761562175532542
2019-09-13,-0.0035343832244642335
2019-09-16,-0.00820320366959817
2019-09-17,0.0036644902626696207
2019-09-18,0.004327061530313263
2019-09-19,-0.0025190262095667283
2019-09-20,-0.0017590852564913456
2019-09-23,0.0005919881221707187
2019-09-24,0.00027365188439623737
2019-09-25,0.006982776343463643
2019-09-26,0.0022524855724560216
2019-09-27,-0.003977143786141264
2019-09-30,0.0006559578936583777
2019-10-01,-0.002341967389227368
2019-10-02,-0.005783247159692021
2019-10-03,0.0054376847179666826
2019-10-04,0.0052251054517387825
2019-10-07,0.0028788456638487113
2019-10-08,-0.0013973514404472516
2019-10-09,0.00029034223740739666
2019-10-10,-0.003537945791179922
2019-10-11,0.003401001458516375
2019-10-14,-0.00022124424298453546
2019-10-15,0.004040338841896279
2019-10-16,-0.0008478640538164768
2019-10-17,0.0016989620038876728
2019-10-18,0.0015746147496493235
2019-10-21,0.006059110662331749
2019-10-22,0.007608640197653005
2019-10-23,0.0008135612301698451
2019-10-24,-0.005685646031439113
2019-10-25,0.008236297642561785
2019-10-28,0.0006346604684660679
2019-10-29,-0.004190807108678013
2019-10-30,-0.00020237840260542935
2019-10-31,0.0003662217514886706
2019-11-01,0.007032673209153031
2019-11-04,0.010234170805193876
2019-11-05,0.0026491957693412383
2019-11-06,-0.0010550238876868014
2019-11-07,0.003038127537721005
2019-11-08,0.0020679124755444487
2019-11-11,-0.009814714546061115
2019-11-12,-0.002195444494606661
2019-11-13,-0.00401794942724663
2019-11-14,-0.002135728406125305
2019-11-15,0.00023698759428498347
2019-11-18,0.00025406279684925313
2019-11-19,0.0013395669176506561
2019-11-20,-0.0016351165654508535
2019-11-21,0.0031653681237617933
2019-11-22,0.0006177146255460941
2019-11-25,0.0015452616941610486
2019-11-26,-0.0021901897173564814
2019-11-27,0.002220346297346459
2019-11-29,-0.00016494366990825793
2019-12-02,0.0007282164125621916
2019-12-03,0.0028407839761281583
2019-12-04,0.0007512916545002853
2019-12-05,0.002229221815357296
2019-12-06,-0.0034737186376264067
2019-12-09,0.0023217064738537668
2019-12-10,0.002015741786171938
2019-12-11,-0.002261094875212066
2019-12-12,0.007682335734627019
2019-12-13,-0.004531257114029246
2019-12-16,0.0033402449088841763
2019-12-17,0.004026600435925474
2019-12-18,1.1292578168117726e-05
2019-12-19,-0.0005805118239916581
2019-12-20,-3.860329163665855e-05
2019-12-23,0.0010501235445776653
2019-12-24,0.001542425494941008
2019-12-26,-0.0002229810353809239
2019-12-27,-0.004386851799160171
2019-12-30,0.0012180132476037715
2019-12-31,0.0017762472704908642
2020-01-02,-0.005537253155356495
2020-01-03,0.002470342063752793
2020-01-06,0.0006738753201163249
2020-01-07,-0.005242234449870969
2020-01-08,0.0019572451460317937
2020-01-09,0.0036362649453482022
2020-01-10,0.0012500528585770159
2020-01-13,-0.00026896514589637606
2020-01-14,-0.0034449645527099286
2020-01-15,0.0016070452658188447
2020-01-16,0.004395729254764135
2020-01-17,0.004345692345640273
2020-01-21,0.00697756330425084
2020-01-22,0.0019258784332502768
2020-01-23,0.0038079709561379344
2020-01-24,0.002077892487300453
2020-01-27,-0.00403201348316975
2020-01-28,0.005762486844554256
2020-01-29,0.0023276951947583347
2020-01-30,0.0010462393982417731
2020-01-31,-0.001190838883248285
2020-02-03,0.0068789005325843415
2020-02-04,0.003942105299741874
2020-02-05,-0.01376769428862447
2020-02-06,0.0065877968744084085
2020-02-07,0.0039928543599968835
2020-02-10,0.008000845506525595
2020-02-11,-0.0009491481736698707
2020-02-12,-0.0100166828698849
2020-02-13,0.003932190801799743
2020-02-14,0.0028272086780322283
2020-02-18,0.004023834241701933
2020-02-19,-0.00561467404492092
2020-02-20,0.0005570858798368574
2020-02-21,0.004334655903612664
2020-02-24,0.01185861559887375
2020-02-25,0.00267271066234848
2020-02-26,0.0032871807455966454
2020-02-27,-0.0037201296230540593
2020-02-28,-0.0031715454066295287
2020-03-02,0.009535884832278085
2020-03-03,0.0006974596021417185
2020-03-04,-0.0004396271705461446
2020-03-05,0.004995520456775467
2020-03-06,-0.000792833631042268
2020-03-09,0.006048351481906071
2020-03-10,-0.00845695154039747
2020-03-11,-0.006127730551140138
2020-03-12,0.012051173687051081
2020-03-13,0.006565764729068158
2020-03-16,0.005552305989590772
2020-03-17,0.01119720056913482
2020-03-18,0.00554107935373331
2020-03-19,-0.007738853299600991
2020-03-20,-0.003446126649244789
2020-03-23,0.02591170240489597
2020-03-24,-0.011625546597339116
2020-03-25,-0.022380019543061836
2020-03-26,0.007543313218942719
2020-03-27,0.005790161007326005
2020-03-30,0.007053873233310762
2020-03-31,-0.0026190542880879584
2020-04-01,0.003094571807983165
2020-04-02,0.002205334143944572
2020-04-03,-0.00030631001345838606
2020-04-06,-0.012571594901358969
2020-04-07,0.003255634118354004
2020-04-08,-0.010936429801682326
2020-04-09,-0.00795418359461673
2020-04-13,0.009790428718865258
2020-04-14,-0.029054550830170927
2020-04-15,-0.02108867679809276
2020-04-16,-0.043945207090195504
2020-04-17,0.041511576734723755
2020-04-20,-0.009863530435835812
2020-04-21,0.0020436515087904044
2020-04-22,-0.010565495645246864
2020-04-23,0.013832474962522658
2020-04-24,-0.009127316211422633
2020-04-27,0.015345151279599721
2020-04-28,0.030644389956295606
2020-04-29,0.016377521983205183
2020-04-30,-0.019489659585958247
2020-05-01,-0.016029622908482255
2020-05-04,-0.015348679909296167
2020-05-05,-0.015044830613269014
2020-05-06,-0.022044500989503713
2020-05-07,0.00687303691275755
2020-05-08,0.02286490141235583
2020-05-11,-0.02309210922859591
2020-05-12,-0.00039671224963247226
2020-05-13,-0.015612949020492348
2020-05-14,0.009528060695738489
2020-05-15,-0.0025255236885616686
2020-05-18,0.004380427720399297
2020-05-19,0.002640828555354162
2020-05-20,0.017992796623585015
2020-05-21,-0.007141818436533613
2020-05-22,-0.002673660647038383
2020-05-26,-0.00019893311921391908
2020-05-27,-0.008562041520188276
2020-05-28,-0.02217589708168765
2020-05-29,0.003761785659904722
2020-06-01,0.005060207828903501
2020-06-02,0.0036624384758348854
2020-06-03,0.00626912440729038
2020-06-04,0.013436700888638837
2020-06-05,0.01674098312761766
2020-06-08,0.009339192336261338
2020-06-09,0.0057808468322023965
2020-06-10,-0.004431266449991818
2020-06-11,-0.019476696223881384
2020-06-12,-0.002570894770211398
2020-06-15,0.006649801520867373
2020-06-16,-0.0011164971991343947
2020-06-17,0.002972475020071919
2020-06-18,0.0021773508199617064
2020-06-19,-0.0010004931233946381
2020-06-22,0.004884802708840011
2020-06-23,0.000837482291577513
2020-06-24,0.004712173584877618
2020-06-25,0.005755575841417995
2020-06-26,-0.010835651630248114
2020-06-29,0.0006909784648377709
2020-06-30,0.003207278524294243
2020-07-01,-0.0038177357131610476
2020-07-02,-0.0024134791259738096
2020-07-06,0.01096900161346108
2020-07-07,-0.0007085513590855179
2020-07-08,0.009081044187480559
2020-07-09,0.009747084578923301
2020-07-10,0.0036812937818938947
2020-07-13,-0.010951702116381426
2020-07-14,-0.013896206349645012
2020-07-15,-0.006889377276479251
2020-07-16,-0.006833408437102448
2020-07-17,-0.0039420779799086295
2020-07-20,0.02376756797005275
2020-07-21,-0.011885776497580776
2020-07-22,0.0009750039808515286
2020-07-23,-0.006700026995336598
2020-07-24,0.00017420865216288627
2020-07-27,0.011023456054856839
2020-07-28,-0.006267802057890433
2020-07-29,-0.0002448333577657174
2020-07-30,0.01271290142645091
2020-07-31,0.012272674528127178
2020-08-03,0.005450232332881461
2020-08-04,0.008357740692588045
2020-08-05,-0.0006445813591556919
2020-08-06,0.004729220775167253
2020-08-07,-0.011083536368163532
2020-08-10,-0.011817205904138265
2020-08-11,-0.018471070917944133
2020-08-12,-0.007742455011900223
2020-08-13,-0.007255301877093005
2020-08-14,0.003910478895442567
2020-08-17,-0.008611952180920566
2020-08-18,0.0007828959542814283
2020-08-19,0.000810702225161955
2020-08-20,0.003353908573988323
2020-08-21,-0.003961745575688083
2020-08-24,0.010762998965477553
2020-08-25,-0.0046631036428270885
2020-08-26,-0.003454998241250595
2020-08-27,0.0012435278599398731
2020-08-28,0.007645286314452087
2020-08-31,-0.004020470687826978
2020-09-01,0.005539302167210693
2020-09-02,-0.005328482810856134
2020-09-03,0.0009637383753447094
2020-09-04,0.00404496749119527
2020-09-08,-0.004145573560922305
2020-09-09,-0.006946678945264547
2020-09-10,-0.004175597361334977
2020-09-11,-0.008140539320081455
2020-09-14,-0.004633078673101812
2020-09-15,0.005020785679450635
2020-09-16,-0.0021028687724715554
2020-09-17,-0.0038352656837901413
2020-09-18,-0.005840119721974368
2020-09-21,0.004360512709669461
2020-09-22,0.007135459476740638
2020-09-23,-0.0037572610834925926
2020-09-24,-0.0011542425756243275
2020-09-25,-0.0043166593742468146
2020-09-28,0.003705444132050933
2020-09-29,0.0001696008539774597
2020-09-30,-0.001132088918535932
2020-10-01,0.011235043871597397
2020-10-02,-0.003847548292948207
2020-10-05,-0.002423923781444784
2020-10-06,-0.0018147586600088465
2020-10-07,0.003297623999389534
2020-10-08,-0.002483847101456894
2020-10-09,0.0006478169584830242
2020-10-12,-0.008079064772252077
2020-10-13,-0.007864941056480283
2020-10-14,0.004831367602802032
2020-10-15,0.01073688066877331
2020-10-16,-0.004395824847557361
2020-10-19,0.0020029754274135223
2020-10-20,0.0010103899262466833
2020-10-21,-0.004605059754314022
2020-10-22,0.016299012836240724
2020-10-23,-0.004882771315173238
2020-10-26,-0.0061088905626872966
2020-10-27,-0.012350368133895675
2020-10-28,8.853200215563804e-05
2020-10-29,0.006212651110802336
2020-10-30,0.0009121844524707517
2020-11-02,0.010079703583104805
2020-11-03,0.0007094008102173929
2020-11-04,-0.01719923608102479
2020-11-05,0.001192210347317984
2020-11-06,-0.0055417066770790035
2020-11-09,0.052027706835534246
2020-11-10,-0.023482140853158036
2020-11-11,0.018013682360588888
2020-11-12,0.009565737110909986
2020-11-13,-0.009577244710313824
2020-11-16,-0.016833377936271987
2020-11-17,-0.003244618360466529
2020-11-18,0.0022434301331792812
2020-11-19,-0.00169363029012668
2020-11-20,0.001374891366527662
2020-11-23,-0.024275426146882405
2020-11-24,-0.01868519421260692
2020-11-25,0.010655762925892745
2020-11-27,0.0060747604985749845
2020-11-30,0.02140324978497368
2020-12-01,0.0027006838267500674
2020-12-02,-0.008783242981712413
2020-12-03,-0.0033856554091039317
2020-12-04,-0.015233641714461581
2020-12-07,0.01164616339824703
2020-12-08,-0.0015303492842032556
2020-12-09,-0.013459602866644408
2020-12-10,0.008907471424784343
2020-12-11,-0.004995004385324296
2020-12-14,-0.00027429806201210706
2020-12-15,0.0004863273807871465
2020-12-16,-0.0005751075735831042
2020-12-17,-0.004186387989467101
2020-12-18,-0.008197806203286213
2020-12-21,0.0034926496245504765
2020-12-22,-0.001771193341812
2020-12-23,-0.00022071978897049015
2020-12-24,-0.0006595038753205115
2020-12-28,0.0016089335269672083
2020-12-29,0.0009082350017931805
2020-12-30,0.0023036823723685622
2020-12-31,-0.0056270852662712876
2021-01-04,-0.0023084775785398902
2021-01-05,0.011670436558529321
2021-01-06,-0.022712606288051065
2021-01-07,0.008955419001069286
2021-01-08,-0.0012466581958899244
2021-01-11,-0.0025764813913778184
2021-01-12,-0.013582659695023723
2021-01-13,0.00820217530572679
2021-01-14,-0.012360274687935881
2021-01-15,0.009380703423322947
2021-01-19,-0.003825913207684774
2021-01-20,0.018523095484073666
2021-01-21,0.008524617796116619
2021-01-22,-0.003944631661134312
2021-01-25,0.00724637694588824
2021-01-26,0.009874024357024194
2021-01-27,-0.0004076046390754253
2021-01-28,-0.005899641862008782
2021-01-29,-0.0033352382298521954
2021-02-01,0.004413592412326583
2021-02-02,-0.001875574747034547
2021-02-03,0.001769522487744753
2021-02-04,-0.0002079061208035193
2021-02-05,0.0014308623762979771
2021-02-08,-0.007442328464304795
2021-02-09,0.000335348731987977
2021-02-10,-0.004219760766861358
2021-02-11,-0.011575646310382846
2021-02-12,0.0019041491528861982
2021-02-16,0.01000431673286601
2021-02-17,0.006863937733536581
2021-02-18,-0.00018568083601673267
2021-02-19,0.01181752602411753
2021-02-22,0.002525337740658598
2021-02-23,-6.529571920625829e-05
2021-02-24,0.00753954948687028
2021-02-25,-0.008085422308441169
2021-02-26,-0.004891569080218979
2021-03-01,0.00021841315304500257
2021-03-02,0.007625946979831607
2021-03-03,0.010128123295847363
2021-03-04,-0.0010019182739284223
2021-03-05,-0.011050052373962662
2021-03-08,0.003896753546317304
2021-03-09,0.004228100498718985
2021-03-10,-7.880772088475242e-05
2021-03-11,-0.0008745016323162435
2021-03-12,0.006325350948376491
2021-03-15,-0.011253807482986487
2021-03-16,0.005129571136376486
2021-03-17,-0.002339196598226529
2021-03-18,-0.003226833418176873
2021-03-19,-0.0040236340855215255
2021-03-22,0.003888927621624011
2021-03-23,0.006524807622980041
2021-03-24,0.0071556588034338885
2021-03-25,-0.006338906314800681
2021-03-26,0.0020774998357852097
2021-03-29,0.0013867729153484146
2021-03-30,-0.0033593120929728453
2021-03-31,-0.001188680691328291
2021-04-01,0.00912686510734359
2021-04-05,-0.005513906093640696
2021-04-06,-0.0029898480278788735
2021-04-07,0.004181277191920311
2021-04-08,-0.0010468313321728487
2021-04-09,0.00022701206291907304
2021-04-12,-0.001812484052919817
2021-04-13,-0.006155484654762954
2021-04-14,0.0024210117261380393
2021-04-15,-0.0011887980158014394
2021-04-16,0.002603163571043986
2021-04-19,0.003376384984480855
2021-04-20,-0.001213737061518344
2021-04-21,-0.0062261500303046865
2021-04-22,-0.002422084229212834
2021-04-23,0.0008423353406062952
2021-04-26,0.004031005955295573
2021-04-27,0.0007702575337483926
2021-04-28,0.002955157368587155
2021-04-29,0.008523878929826452
2021-04-30,-0.0028727218252185527
2021-05-03,0.002289161955481494
2021-05-04,0.005839933775304212
2021-05-05,0.005716296233810624
2021-05-06,0.013355534146214255
2021-05-07,-0.0024974288529199654
2021-05-10,-0.007705558149556252
2021-05-11,0.003185137369119242
2021-05-12,0.006045846485593976
2021-05-13,-0.008977864201910851
2021-05-14,0.020132553893566944
2021-05-17,0.008761951068965367
2021-05-18,-0.0009680600430271484
2021-05-19,-0.008766800319187432
2021-05-20,-0.0006239657317745652
2021-05-21,0.004293282923256182
2021-05-24,0.012215735622445994
2021-05-25,0.002781889509823197
2021-05-26,0.011813227658559163
2021-05-27,0.015438116400146973
2021-05-28,-0.002811793695499475
2021-06-01,0.015729586317685205
2021-06-02,0.0027683187015008787
2021-06-03,-0.008450218611128909
2021-06-04,0.0017424403109165456
2021-06-07,0.00776804901559298
2021-06-08,0.0003756215535653584
2021-06-09,-0.011794997065770496
2021-06-10,-0.0089353622498257
2021-06-11,0.005186872602237733
2021-06-14,-0.007750062461309733
2021-06-15,0.00041483041192428053
2021-06-16,3.218865459464745e-07
2021-06-17,-0.01153941436327426
2021-06-18,-0.0021160568999707154
2021-06-21,-0.0010603517871777643
2021-06-22,-0.00028355936997068436
2021-06-23,0.0019764083093978388
2021-06-24,0.00383665227211099
2021-06-25,-0.001961766795601645
2021-06-28,-0.0043301543270021885
2021-06-29,-0.0017194627084945284
2021-06-30,0.004266565502649812
2021-07-01,0.0011818073481819295
2021-07-02,-0.0024734795385913644
2021-07-06,-0.005800275895550351
2021-07-07,-0.0066762266819558195
2021-07-08,0.0033267420913187158
2021-07-09,0.0015718952134310185
2021-07-12,-0.000436833723554998
2021-07-13,-0.0010713875440352542
2021-07-14,-0.009831417121082042
2021-07-15,-0.004841878682258101
2021-07-16,-0.012419561803346784
2021-07-19,-0.008260750334109694
2021-07-20,0.017123444470503974
2021-07-21,0.014296081983706504
2021-07-22,-0.005788951472673641
2021-07-23,-0.0075383399718093455
2021-07-26,0.01363109139673633
2021-07-27,-0.003726485062329372
2021-07-28,0.005134389189207552
2021-07-29,-0.0003398597064821376
2021-07-30,-0.013837342294743546
2021-08-02,0.003080913908448496
2021-08-03,0.0038638740786683086
2021-08-04,-0.003234607593385769
2021-08-05,0.013687298517371164
2021-08-06,0.0017416069437847434
2021-08-09,-0.0020116509837493747
2021-08-10,0.01201594097968992
2021-08-11,0.007066423120508511
2021-08-12,-0.0034701591846268403
2021-08-13,0.009170377422191968
2021-08-16,0.004350366843413173
2021-08-17,0.0066141875365358
2021-08-18,-0.005373109751299357
2021-08-19,0.009947772056995739
2021-08-20,0.0027047448435156395
2021-08-23,-8.581931919765987e-05
2021-08-24,-0.010831438092698566
2021-08-25,-0.0036139844925220065
2021-08-26,0.0004677753249785413
2021-08-27,-0.003400596709590202
2021-08-30,0.011072858264781322
2021-08-31,-0.002722045437360615
2021-09-01,0.0034416442038055933
2021-09-02,-0.005619628210865585
2021-09-03,0.007845202790590037
2021-09-07,-0.0009572554094077907
2021-09-08,0.002328898025170069
2021-09-09,-0.006384490070504274
2021-09-10,0.003949954086722834
2021-09-13,0.004363568688525372
2021-09-14,-0.004660437991220824
2021-09-15,0.00612526731629251
2021-09-16,0.001317817660815293
2021-09-17,-0.002181412259644431
2021-09-20,-0.0044189371214452796
2021-09-21,-0.00373126395711598
2021-09-22,0.016103445515521262
2021-09-23,0.009066247650176038
2021-09-24,0.008708770086774786
2021-09-27,0.012713803706390397
2021-09-28,-0.0021095620107996764
2021-09-29,-0.008500296176876648
2021-09-30,-0.002639030435115375
2021-10-01,0.016640000735921475
2021-10-04,9.842455788199656e-06
2021-10-05,0.0001702137550016938
2021-10-06,-0.009085280477694
2021-10-07,-0.0003856457397943763
2021-10-08,0.0023113468707556943
2021-10-11,0.001405332844537973
2021-10-12,-0.010839991181683283
2021-10-13,-0.000507326594751755
2021-10-14,0.001091162887569289
2021-10-15,0.0015113955951606534
2021-10-18,0.0029181630928082256
2021-10-19,0.0005058917886027475
2021-10-20,0.0003734878811262521
2021-10-21,-0.0061800091855487155
2021-10-22,-0.006848416100607699
2021-10-25,0.0027804536144103503
2021-10-26,0.002410001417232712
2021-10-27,-0.01068885434088318
2021-10-28,0.008802145453012764
2021-10-29,-0.00527158825684241
2021-11-01,0.007520833169799044
2021-11-02,-0.002892918914990905
2021-11-03,-0.0038332709442925497
2021-11-04,-0.004477549881380163
2021-11-05,-0.004015913522821509
2021-11-08,0.01295000937065962
2021-11-09,-0.001716165917066197
2021-11-10,-0.003979729412733666
2021-11-11,0.001059810178028698
2021-11-12,-0.0026112435968767976
2021-11-15,0.0006595718445012169
2021-11-16,0.00011123345847413027
2021-11-17,-0.00119362327460546
2021-11-18,0.0041025985543913365
2021-11-19,0.006569855176007383
2021-11-22,-0.00018949667912545595
2021-11-23,-0.008859734876898819
2021-11-24,0.005122042302047473
2021-11-26,0.006955281890188237
2021-11-29,0.00035240292861596004
2021-11-30,0.002245182304358731
2021-12-01,-0.008570895502603334
2021-12-02,-0.0031178339847747543
2021-12-03,-0.007537617317618147
2021-12-06,-0.009244635671779891
2021-12-07,0.0016403291163287338
2021-12-08,0.0035390265719820535
2021-12-09,-0.0059484886009917625
2021-12-10,-0.0031660170593075378
2021-12-13,-0.0174873353317265
2021-12-14,-0.0029278002050032717
2021-12-15,0.011489081942664018
2021-12-16,-0.022211748078104825
2021-12-17,0.0011400008639832467
2021-12-20,-0.00012943532470077696
2021-12-21,0.013206193381034521
2021-12-22,0.004325333465164713
2021-12-23,0.0029730635116101576
2021-12-27,0.0078031668099610525
2021-12-28,-0.0069592906344911575
2021-12-29,-0.0051383723885449996
2021-12-30,-0.0011945133186850182
2021-12-31,-0.0024182168606220905
2022-01-03,0.004964907326556296
2022-01-04,-0.0045626933879145135
2022-01-05,-0.018218742129541454
2022-01-06,0.012948864763749844
2022-01-07,-0.014653252463204718
2022-01-10,-0.009622674584172729
2022-01-11,-0.009280734644977567
2022-01-12,-0.0035511667955487928
2022-01-13,0.029083784974453096
2022-01-14,-0.007860272928204355
2022-01-18,0.010538460101341423
2022-01-19,0.0001560663489586909
2022-01-20,0.0010096959497193896
2022-01-21,0.005074882896674183
2022-01-24,-0.007082038856312767
2022-01-25,0.026406075699615464
2022-01-26,-0.00890743432203196
2022-01-27,0.0006257809336315277
2022-01-28,-0.02005560023261754
2022-01-31,-0.010466350676609906
2022-02-01,0.0090645305209974
2022-02-02,-0.004551139482599932
2022-02-03,0.017020178902716652
2022-02-04,-0.009923270413363479
2022-02-07,0.01770660974689348
2022-02-08,0.0020254188205632486
2022-02-09,-0.009945919998186371
2022-02-10,-0.0031032846538875357
2022-02-11,0.021778766568433246
2022-02-14,-0.00010962886762468949
2022-02-15,-0.017350150251629733
2022-02-16,0.004049135853811358
2022-02-17,0.013700721948423193
2022-02-18,0.00387437191998078
2022-02-22,-4.372752541796719e-05
2022-02-23,0.009671582656078107
2022-02-24,-0.02966957656621348
2022-02-25,0.00915914181067158
2022-02-28,0.002655407809431144
2022-03-01,0.007897664083416765
2022-03-02,0.00016134751623328447
2022-03-03,0.015202332288637458
2022-03-04,0.017000423329848083
2022-03-07,0.024368301524639972
2022-03-08,-0.006880896363564115
2022-03-09,-0.018858770964500938
2022-03-10,0.006734082307589756
2022-03-11,0.006987948138427811
2022-03-14,-0.0027558761090532725
2022-03-15,0.009757847399411823
2022-03-16,0.009287964513984379
2022-03-17,-0.004732971660623735
2022-03-18,0.0019260544581397123
2022-03-21,-0.00393094674835026
2022-03-22,0.0009645788580663328
2022-03-23,-0.004696005178068912
2022-03-24,0.00899070125147651
2022-03-25,-0.0032734868355305375
2022-03-28,0.0012990039146615181
2022-03-29,0.0076415008592306075
2022-03-30,-0.008508917233346087
2022-03-31,-0.00457002205905393
2022-04-01,-0.0027897945806202615
2022-04-04,0.0016921398178099559
2022-04-05,-0.0032206973868094168
2022-04-06,-0.008796778472556168
2022-04-07,-0.003268217682376735
2022-04-08,-0.005081526027467528
2022-04-11,0.0006886536440816744
2022-04-12,-0.008848640552325019
2022-04-13,-0.014827235698139827
2022-04-14,-0.004706039184919152
2022-04-18,0.005068151808258728
2022-04-19,-0.00550691415413854
2022-04-20,0.003013010463897491
2022-04-21,-0.007172918799457322
2022-04-22,-0.007120198543022129
2022-04-25,-0.005706958231373088
2022-04-26,0.010983885069395658
2022-04-27,-0.0021888340695820187
2022-04-28,0.0030429936262866583
2022-04-29,0.002836977250991762
2022-05-02,-0.0011494665603663913
2022-05-03,-0.004351116438650596
2022-05-04,0.005582288661541497
2022-05-05,0.00561743377622987
2022-05-06,0.008559212619905292
2022-05-09,0.007923754973581826
2022-05-10,-0.0017610934419512718
2022-05-11,0.008492627968872847
2022-05-12,-0.0030087727897180425
2022-05-13,-0.009994035633263156
2022-05-16,-0.0017275309304469395
2022-05-17,0.004826995783538362
2022-05-18,-0.006908433333087146
2022-05-19,0.004388108709518401
2022-05-20,-0.002713356989366772
2022-05-23,-0.0003634873616332577
2022-05-24,0.0009598293761797776
2022-05-25,-0.002032106919195724
2022-05-26,-0.0006098233856269674
2022-05-27,0.0005307350712455937
2022-05-31,0.004354930456082494
2022-06-01,-0.004217199866288001
2022-06-02,0.0021102627541629134
2022-06-03,0.0002219350904737911
2022-06-06,-0.0006043369022276894
2022-06-07,0.0007014256751352081
2022-06-08,0.00011470823794980301
2022-06-09,0.0035752808487533767
2022-06-10,0.0009477918876106295
2022-06-13,0.0019360921208244888
2022-06-14,0.010613552065521937
2022-06-15,0.006664753878992237
2022-06-16,-0.0017388167841073231
2022-06-17,0.001726660917836135
2022-06-21,0.007340892707626482
2022-06-22,0.001767288215274304
2022-06-23,0.005573069061120547
2022-06-24,0.0016923587151774588
2022-06-27,-0.001747463645876776
2022-06-28,-0.011654356525578486
2022-06-29,0.008878624958359543
2022-06-30,0.0015429999440858882
2022-07-01,-0.009986103312332304
2022-07-05,0.00711412264919214
2022-07-06,0.006748416577532407
2022-07-07,0.0037352733569707077
2022-07-08,4.5762679535893674e-05
2022-07-11,-0.0011435958000877635
2022-07-12,-0.008533018202072811
2022-07-13,0.007571645759682067
2022-07-14,-0.017627910498658417
2022-07-15,-0.001391979135138094
2022-07-18,-0.008804764531234372
2022-07-19,-0.011969582744582692
2022-07-20,-0.016874215281379057
2022-07-21,-0.0100638056283994
2022-07-22,0.008378948817499602
2022-07-25,0.0063848856123655835
2022-07-26,0.011645295508223064
2022-07-27,-0.02628240295947107
2022-07-28,-0.003010686114009136
2022-07-29,-0.006092090324565216
2022-08-01,-0.005664271739988972
2022-08-02,0.0037487534697777727
2022-08-03,-0.011951441816335345
2022-08-04,-0.004877155456302683
2022-08-05,0.006924684863895401
2022-08-08,0.001186854809972133
2022-08-09,0.014160044196461443
2022-08-10,-0.015064942122248102
2022-08-11,0.00201316492354986
2022-08-12,-0.006577151182184371
2022-08-15,0.0028067732832892933
2022-08-16,-0.003622581431971402
2022-08-17,-0.006038930301627154
2022-08-18,-0.001037841210292258
2022-08-19,-0.011844067223311364
2022-08-22,-0.0069512280131703305
2022-08-23,-0.0061819603282397785
2022-08-24,-0.00045216589499157643
2022-08-25,0.0028320948089546965
2022-08-26,-0.008544222364035355
2022-08-29,-0.00903984089794295
2022-08-30,0.005772364073157747
2022-08-31,-8.271148903722009e-05
2022-09-01,-0.0015674455791163495
2022-09-02,-0.004645741219392944
2022-09-06,0.00345297027222194
2022-09-07,0.012437111296434161
2022-09-08,0.003498594992317778
2022-09-09,-0.0008268699106667576
2022-09-12,-0.00020824493001345395
2022-09-13,-0.004668629763640603
2022-09-14,0.005211896839522738
2022-09-15,0.0006163094953173562
2022-09-16,0.006015939245953427
2022-09-19,-0.001103286777874495
2022-09-20,-0.004778010171528932
2022-09-21,0.0009945654519915778
2022-09-22,0.0006134115167031797
2022-09-23,-0.008401018806822973
2022-09-26,-0.005017745258893337
2022-09-27,0.00428399014177344
2022-09-28,0.0022250966265000547
2022-09-29,0.00044420223631660164
2022-09-30,0.0009301212695695181
2022-10-03,-0.0011800351007323516
2022-10-04,0.006241603184688499
2022-10-05,0.0013616546884619369
2022-10-06,0.0022240140239867165
2022-10-07,-0.0006562854428854005
2022-10-10,0.004434779460409431
2022-10-11,-0.003185551951003373
2022-10-12,-0.006223735788613778
2022-10-13,0.003900660385405463
2022-10-14,0.004491595598271901
2022-10-17,0.006899573861390768
2022-10-18,-0.0010616456427393918
2022-10-19,-0.0015609607752077605
2022-10-20,-0.0046281732523269
2022-10-21,-0.0002902004895334709
2022-10-24,-0.004042386228184979
2022-10-25,0.0024066505720440386
2022-10-26,0.0012664894959714555
2022-10-27,0.001841774126648677
2022-10-28,-0.001846794331989851
2022-10-31,-0.003001041821364399
2022-11-01,0.003831618697620179
2022-11-02,-0.002784487704022368
2022-11-03,-0.01934588155037241
2022-11-04,-6.109122713967506e-07
2022-11-07,-0.00204652170513775
2022-11-08,-0.0031344195182633956
2022-11-09,-0.0023764844948571937
2022-11-10,-0.006319515436276364
2022-11-11,-0.008649795438905554
2022-11-14,0.004735826971293304
2022-11-15,-0.003538498335846957
2022-11-16,0.003699383162337781
2022-11-17,0.00342817178831302
2022-11-18,0.001493666019480406
2022-11-21,0.0019900242287366494
2022-11-22,-0.0005870494740358325
2022-11-23,1.0842060839118262e-06
2022-11-25,0.0019907506222067704
2022-11-28,0.0002397846984882347
2022-11-29,-0.002220404967789847
2022-11-30,-0.0028421316079971677
2022-12-01,-0.0001435978038496819
2022-12-02,-0.0013638294976758463
2022-12-05,0.00455718415362996
2022-12-06,0.00886852199276714
2022-12-07,0.003074024018848669
2022-12-08,-0.0001634372918006725
2022-12-09,-0.0022987499014783747
2022-12-12,-0.010073166280418338
2022-12-13,0.000666406589547348
2022-12-14,0.009935363197113791
2022-12-15,0.005593613939711145
2022-12-16,0.0011685894901705687
2022-12-19,-0.0029288980888202342
2022-12-20,0.002933144903388618
2022-12-21,0.0007225880648016217
2022-12-22,0.001033510837028952
2022-12-23,-0.005033694782736488
2022-12-27,0.0025518712025501458
2022-12-28,-0.00026456864514266647
2022-12-29,-0.006144193199185939
2022-12-30,-0.0030620888669028847
2023-01-03,-0.0009835287517442409
2023-01-04,-0.008408130862942063
2023-01-05,-0.00790887713650242
2023-01-06,-0.005935826825923766
2023-01-09,-0.0034606089127684186
2023-01-10,-0.004253503033268077
2023-01-11,0.001638103162772608
2023-01-12,-0.0027589240884330502
2023-01-13,-0.004037999079850691
2023-01-17,-0.00032692315697713036
2023-01-18,-0.0020316925327169984
2023-01-19,0.0010966134501764094
2023-01-20,-0.0005033266985281486
2023-01-23,0.0008636431934536345
2023-01-24,0.0011695122546032035
2023-01-25,0.006909426120951097
2023-01-26,0.0031908706544740363
2023-01-27,-0.0036150259885312677
2023-01-30,-0.005506702443814683
2023-01-31,-0.006113393773221759
2023-02-01,0.00037085683407243116
2023-02-02,0.007004289833862935
2023-02-03,-0.0013062848009538623
2023-02-06,-0.00035034574543958057
2023-02-07,-0.000623212167075269
2023-02-08,-0.0003602389055432707
2023-02-09,-0.002934857130447614
2023-02-10,0.004033573079754972
2023-02-13,0.0012380989279196317
2023-02-14,0.002137651950650616
2023-02-15,0.006984269701922715
2023-02-16,-0.0004166026602563805
2023-02-17,0.003946695502160281
2023-02-21,-0.010801279083509308
2023-02-22,0.0029980586018048365
2023-02-23,-0.003914250099868793
2023-02-24,0.00022553743593579
2023-02-27,-0.005994356366980005
2023-02-28,0.002586908111269349
2023-03-01,-0.008154860596451704
2023-03-02,-0.006648401614580496
2023-03-03,0.00393006006351986
2023-03-06,-0.0005652528530999154
2023-03-07,-0.0010067340776897327
2023-03-08,0.006617421890525773
2023-03-09,-0.002993001920594898
2023-03-10,-0.0031148472788299782
2023-03-13,0.0008669794899921985
2023-03-14,0.004615138287628638
2023-03-15,-0.01072042240321119
2023-03-16,-0.0004793721420016017
2023-03-17,-0.004633271803003625
2023-03-20,0.004061308545859432
2023-03-21,0.00948516210115782
2023-03-22,-0.00807372621124534
2023-03-23,-0.0031445030809997675
2023-03-24,-0.005280727037669223
2023-03-27,0.0032578127210540057
2023-03-28,0.003938862813484416
2023-03-29,0.0007253826230149126
2023-03-30,0.00045074967211183517
2023-03-31,0.008435451666408559
2023-04-03,0.003488535754682777
2023-04-04,-0.002045804066494098
2023-04-05,-0.006540514533783783
2023-04-06,0.0012555301091177772
2023-04-10,0.003979745006312131
2023-04-11,0.002893246117852577
2023-04-12,-0.004210077578619485
2023-04-13,0.0008207258941031315
2023-04-14,-0.009807010550770628
2023-04-17,-0.0016301050536459058
2023-04-18,-0.0005574022259948233
2023-04-19,-0.0027294534823788965
2023-04-20,-0.00446738281988889
2023-04-21,-0.00010113905567938064
2023-04-24,0.0016716599650969037
2023-04-25,0.004559339226971438
2023-04-26,0.006526186704516878
2023-04-27,-0.006426074306764259
2023-04-28,-0.0027320233531767865
2023-05-01,0.003087109216560458
2023-05-02,-0.003106523355684255
2023-05-03,-0.0029112586395857753
2023-05-04,0.01103438370659964
2023-05-05,0.0011561808773758227
2023-05-08,-0.0014575062380452885
2023-05-09,-0.0008801126929048256
2023-05-10,-0.0006511042054771353
2023-05-11,0.0027077455173075164
2023-05-12,0.0020206928251282116
2023-05-15,-0.0024973844496561292
2023-05-16,0.0013549055604327191
2023-05-17,0.0035569996149229124
2023-05-18,0.00015224525626711752
2023-05-19,0.0005112239162883234
2023-05-22,0.0028879030817969263
2023-05-23,0.006231213226519003
2023-05-24,-0.000960854413535071
2023-05-25,0.012052983123037172
2023-05-26,0.0007767301133376176
2023-05-30,-0.0008749911177481206
2023-05-31,-0.002682969285505902
2023-06-01,0.005454681892745942
2023-06-02,0.0022073427964083648
2023-06-05,0.0006243084182872137
2023-06-06,0.0024176262221228873
2023-06-07,0.00493119078404596
2023-06-08,-0.0004909382075344346
2023-06-09,-0.0015276889358471905
2023-06-12,0.00021897357621676844
2023-06-13,-0.0017146427000253692
2023-06-14,-0.011306888068334912
2023-06-15,-0.003948401609610073
2023-06-16,-0.00431818951845449
2023-06-20,-0.00018345431303083657
2023-06-21,0.0034676700036826704
2023-06-22,0.0019836102884351623
2023-06-23,0.004034964944560005
2023-06-26,-4.847657052145717e-05
2023-06-27,-0.0020711084085259434
2023-06-28,-0.0013980067191887503
2023-06-29,0.0015039834781193648
2023-06-30,-0.004131399158978144
2023-07-03,-0.0013591216997578042
2023-07-05,0.0012941913168968606
2023-07-06,0.001378675957287411
2023-07-07,-0.0013425269854546984
2023-07-10,-0.0017556836989977608
2023-07-11,-0.001277303778501537
2023-07-12,0.0009147716044509561
2023-07-13,-0.00043070121731565237
2023-07-14,0.004821302025973442
2023-07-17,-0.002170949147519795
2023-07-18,-0.002177494870482035
2023-07-19,-0.006126053061441804
2023-07-20,0.0001881626082751253
2023-07-21,0.0027668212493805844
2023-07-24,0.0032054959936597513
2023-07-25,0.004370305720551795
2023-07-26,0.002297001435223497
2023-07-27,0.005927747514186581
2023-07-28,-0.0011419320135138808
2023-07-31,0.0006222482088907172
2023-08-01,0.0047513782898050035
2023-08-02,-0.0026264127592654255
2023-08-03,-0.0052106405267793
2023-08-04,0.0013279773849556218
2023-08-07,0.0005887641299178035
2023-08-08,-0.003006662114580288
2023-08-09,0.002548780388776466
2023-08-10,0.00013648541592950069
2023-08-11,0.0019216292149662599
2023-08-14,0.0005185171652266269
2023-08-15,-0.006207841252117404
2023-08-16,0.0018507604698002407
2023-08-17,0.0014013564871273177
2023-08-18,-0.001346351531054301
2023-08-21,-0.002985378677059247
2023-08-22,0.0030055601665996646
2023-08-23,-0.005199383997328571
2023-08-24,0.004588749468808436
2023-08-25,-0.0005150989422780576
2023-08-28,-0.0006644949503159215
2023-08-29,-0.008196445082159116
2023-08-30,-0.0017333459587541885
2023-08-31,-0.007213452271403046
2023-09-01,-0.001002069213669752
2023-09-05,0.00034374903604357277
2023-09-06,-0.0020201049823549474
2023-09-07,0.0028697176852194558
2023-09-08,0.001756607442489559
2023-09-11,-0.00010664476498422097
2023-09-12,0.0051321528424257655
2023-09-13,-0.001417816786334941
2023-09-14,-0.006323393591411787
2023-09-15,-0.00391356217474595
2023-09-18,0.004551135135324737
2023-09-19,-0.008376168500417192
2023-09-20,0.001950441578487287
2023-09-21,-0.003564821295443287
2023-09-22,0.002631578655909808
2023-09-25,0.0017845960905780848
2023-09-26,0.0028390514173230906
2023-09-27,0.006177762222898772
2023-09-28,0.0034821341921225054
2023-09-29,-0.0015320777534345467
2023-10-02,0.005663399892574298
2023-10-03,0.003753583601403607
2023-10-04,-0.005200070738091148
2023-10-05,-0.003406997692276355
2023-10-06,-0.0038093711897419272
2023-10-09,0.012666469471010114
2023-10-10,-9.518843819499325e-05
2023-10-11,-0.003175972651487516
2023-10-12,0.00017551353528092353
2023-10-13,-0.001323919457741551
2023-10-16,0.0010654650467098173
2023-10-17,0.0018412531661779136
2023-10-18,-0.0007762496410444525
2023-10-19,-0.008304340260855544
2023-10-20,-0.004691229630711798
2023-10-23,0.0004932798835229774
2023-10-24,0.00017039078097603653
2023-10-25,0.0037120640286551756
2023-10-26,0.008227009380195601
2023-10-27,-0.005064993104037696
2023-10-30,0.008835620464717335
2023-10-31,-0.002000602516184762
2023-11-01,-0.004945577787573416
2023-11-02,0.002355748343806875
2023-11-03,0.000846738572055056
2023-11-06,-0.004270375133829672
2023-11-07,-0.0029094254168221217
2023-11-08,-0.0046856219748072905
2023-11-09,0.0075479716324225185
2023-11-10,-0.006953449728106894
2023-11-13,-0.00371364997922581
2023-11-14,0.0003398043984755734
2023-11-15,-0.002957567652463676
2023-11-16,0.0036126040716346185
2023-11-17,0.0037575008116321304
2023-11-20,-0.0029814701145479336
2023-11-21,-0.0012181526548061968
2023-11-22,0.001999435015404285
2023-11-24,-0.00026116146149663267
2023-11-27,0.005146168437457046
2023-11-28,0.0025128738958205797
2023-11-29,0.004252685983838518
2023-11-30,0.0043483062627962836
2023-12-01,0.007204182203274675
2023-12-04,0.0008961765808168979
2023-12-05,9.927039714605869e-05
2023-12-06,-0.002470911657749693
2023-12-07,-0.004838591395524683
2023-12-08,0.006264047681135511
2023-12-11,-0.012509066181193226
2023-12-12,-0.004510358206605348
2023-12-13,0.0001269814230733697
2023-12-14,0.0002690783744230714
2023-12-15,-0.006858797075987588
2023-12-18,-0.006445665410993905
2023-12-19,-4.197548118426728e-06
2023-12-20,-0.0014061333392418208
2023-12-21,-0.000871884315241993
2023-12-22,-0.0018628514365230332
2023-12-26,-0.0024386678766251005
2023-12-27,-0.0006784538423282871
2023-12-28,0.0014136164836565151
2023-12-29,-0.000433589539485962
2024-01-02,-0.0007672137216848809
2024-01-03,-0.0031844722465231433
2024-01-04,0.0005438572634591092
2024-01-05,0.007959171182596241
2024-01-08,0.0004675392320547789
2024-01-09,-0.005463317462329232
2024-01-10,-0.008157907762506088
2024-01-11,-0.006343250399538076
2024-01-12,-0.0119408704809838
2024-01-16,-0.006210855261229314
2024-01-17,-0.006323383816736865
2024-01-18,0.002093343071352272
2024-01-19,0.0011017354599419144
2024-01-22,-0.004829621236778319
2024-01-23,0.00853878590500674
2024-01-24,0.0034329981740934727
2024-01-25,0.01689535806712337
2024-01-26,-0.004806488776731969
2024-01-29,-0.0016105476897236286
2024-01-30,-0.00231236761887822
2024-01-31,-0.0013583688162053292
2024-02-01,-0.003025325663984111
2024-02-02,-0.0048662334035942546
2024-02-05,-0.004847274100005132
2024-02-06,0.0071257694563450135
2024-02-07,-0.0036238425168033006
2024-02-08,-0.0035589189880549173
2024-02-09,-0.0015451729004883656
2024-02-12,0.00837649797018004
2024-02-13,-0.003663675467342926
2024-02-14,0.001723938198270266
2024-02-15,0.006316113004446539
2024-02-16,-0.0015684556602669328
2024-02-20,0.0036372703581306243
2024-02-21,0.003585863137119764
2024-02-22,-0.008022130429626517
2024-02-23,-0.002386042333639375
2024-02-26,-0.004681541299867552
2024-02-27,0.00508752616117728
2024-02-28,-0.0022172017741855458
2024-02-29,0.005452125721923787
2024-03-01,-0.0014237901735412652
2024-03-04,0.0025292631707300017
2024-03-05,0.006286206008084222
2024-03-06,0.0025209985367887857
2024-03-07,-0.00035941173990328005
2024-03-08,0.0040091808005251455
2024-03-11,0.008146612888306912
2024-03-12,-0.007318015376025841
2024-03-13,0.009193077078810194
2024-03-14,-0.0044779879812281405
2024-03-15,0.00667944550627143
2024-03-18,0.0021200337529286494
2024-03-19,-0.005101957109932517
2024-03-20,0.01032416255019495
2024-03-21,0.0032709137960235933
2024-03-22,0.0021735905548660147
2024-03-25,0.006330473756595316
2024-03-26,-0.0030899020475212745
2024-03-27,0.007640707718756578
2024-03-28,0.003559132125446263
2024-04-01,0.00531525941437291
2024-04-02,0.0015308957765053201
2024-04-03,-0.0004725905373627439
2024-04-04,-0.0014488686249268675
2024-04-05,-0.001639953538667786
2024-04-08,0.0007550506186052788
2024-04-09,0.0032618397595122715
2024-04-10,-0.002510743185342901
2024-04-11,0.0012955815993829377
2024-04-12,-0.004346219689046143
2024-04-15,0.002180533415724081
2024-04-16,-0.003091220859486872
2024-04-17,0.0027292352474804597
2024-04-18,0.004982711286699761
2024-04-19,-0.00027190085786676113
2024-04-22,0.001906784138462616
2024-04-23,-0.002293583807057544
2024-04-24,-0.00022694819114167948
2024-04-25,0.008074717573005036
2024-04-26,-0.002339064549366166
2024-04-29,0.0007399404592394514
2024-04-30,-0.0073184537360000985
2024-05-01,-0.004742713469450552
2024-05-02,0.0012220274767732846
2024-05-03,-0.004616481445580518
2024-05-06,0.004030573593780026
2024-05-07,-0.007027847777426625
2024-05-08,0.0019487898902212893
2024-05-09,0.0003169641602418463
2024-05-10,-0.004486769683561417
2024-05-13,0.009583328107487108
2024-05-14,0.002503946740584468
2024-05-15,-0.006348988175592856
2024-05-16,0.001971468053428248
2024-05-17,-0.0023253238533939833
2024-05-20,0.0021331211860783138
2024-05-21,-0.0026604882103895846
2024-05-22,-0.003847037498866865
2024-05-23,-0.0070972814387866255
2024-05-24,0.005027578926713476
2024-05-28,0.0018655769723567807
2024-05-29,-0.002572437288185201
2024-05-30,0.008812120406359125
2024-05-31,0.0019955901014792944
2024-06-03,-0.001586410821092547
2024-06-04,-0.0035577816741557515
2024-06-05,-0.0015871639783434292
2024-06-06,-0.0021211911697655637
2024-06-07,0.0001526914833304977
2024-06-10,0.0018044183647896784
2024-06-11,-0.004886180420619752
2024-06-12,-0.0006906136596470974
2024-06-13,-0.0032628081948984033
2024-06-14,-0.009242468426089417
2024-06-17,-3.095866564602391e-05
2024-06-18,0.0001621977654317733
2024-06-20,0.0026720262004085336
2024-06-21,5.8852917630045814e-05
2024-06-24,0.006936619053185234
2024-06-25,-0.0011505750605802804
2024-06-26,-0.0035083198536861615
2024-06-27,-0.000727815263493764
2024-06-28,0.003784143192691204
2024-07-01,-0.0007278995142077187
2024-07-02,-0.0023178110046370055
2024-07-03,0.002092367611246494
2024-07-05,-0.006357623662190272
2024-07-08,0.0004214275169255662
2024-07-09,0.0009815704639902366
2024-07-10,-0.00019223184859129842
2024-07-11,0.004697333731544171
2024-07-12,-0.0035715413529959416
2024-07-15,-0.0018756827711742118
2024-07-16,0.002179416495714745
2024-07-17,0.007191228621740432
2024-07-18,0.0007623857903874343
2024-07-19,-0.0012817743466328494
2024-07-22,-0.010783606241298838
2024-07-23,-0.009436438495469827
2024-07-24,0.008330297580393628
2024-07-25,-0.005511921133514462
2024-07-26,-0.004031680712316752
2024-07-29,-0.0031823797118046447
2024-07-30,0.001867202026823598
2024-07-31,-0.0035020832819171125
2024-08-01,-0.011554812170277774
2024-08-02,-0.012436693424446681
2024-08-05,-0.0002065704123836867
2024-08-06,0.0017309498900973685
2024-08-07,0.0055220675850996565
2024-08-08,0.003012779939007593
2024-08-09,-0.004579858688033972
2024-08-12,-0.0011504330836251562
2024-08-13,-0.0008529100215124499
2024-08-14,-0.0025641706268558747
2024-08-15,0.010168250834793618
2024-08-16,0.0010804865764908115
2024-08-19,0.004978499607556641
2024-08-20,-0.00645130864929022
2024-08-21,0.00234820461221442
2024-08-22,-0.0036237445874026187
2024-08-23,0.012021076197512085
2024-08-26,0.0002548327968246766
2024-08-27,-0.004483634430056116
2024-08-28,-0.0028670385209850773
2024-08-29,0.001397766906577453
2024-08-30,0.0015471088896400213
2024-09-03,-0.0047608795168148236
2024-09-04,-0.005494614159051418
2024-09-05,0.00699980077856519
2024-09-06,-0.002987434142185108
2024-09-09,0.0018063503061709607
2024-09-10,-0.005935289751906659
2024-09-11,8.762635428532696e-05
2024-09-12,-0.004018430136551814
2024-09-13,0.007451662163648847
2024-09-16,0.005809401581318924
2024-09-17,0.011373204331621136
2024-09-18,0.0026994083222700947
2024-09-19,-0.0008901620412788587
2024-09-20,0.0033779764643500606
2024-09-23,0.0009570890661713431
2024-09-24,0.008380316259008327
2024-09-25,-0.00434266043298096
2024-09-26,0.009055817143358796
2024-09-27,0.0017908382671199068
2024-09-30,-0.005838958716083981
2024-10-01,0.0011211094809401038
2024-10-02,0.0003371561907893837
2024-10-03,0.0026569461999350424
2024-10-04,0.01240310147261243
2024-10-07,0.005103350548854069
2024-10-08,-0.0066846238362345545
2024-10-09,0.0012339461104392828
2024-10-10,0.0014618288717387212
2024-10-11,0.0024833266401550393
2024-10-14,-0.003922925408993818
2024-10-15,-0.0013944613645226291
2024-10-16,0.007501364565617778
2024-10-17,-0.0012907905704384
2024-10-18,-0.0007461231678234136
2024-10-21,0.0014048919098308076
2024-10-22,0.009394902083201475
2024-10-23,0.0033096792785179256
2024-10-24,-0.002589859241921071
2024-10-25,-0.002445607193207857
2024-10-28,0.006749120208993694
2024-10-29,-0.00487039833901791
2024-10-30,-0.0001735801348659087
2024-10-31,0.00858912381678957
2024-11-01,-0.007518048924951242
2024-11-04,-0.0010230455216127113
2024-11-05,0.0012744902760698392
2024-11-06,0.004534669650328125
2024-11-07,-0.012729001690523947
2024-11-08,-0.00401559622168978
2024-11-11,0.0018289046686313863
2024-11-12,0.0023394147361448622
2024-11-13,0.0006684114147266578
2024-11-14,0.007560609922770705
2024-11-15,0.005520497487865061
2024-11-18,0.008585044808656572
2024-11-19,0.000405719168691237
2024-11-20,-0.0036928483842440163
2024-11-21,-0.0013241183018823034
2024-11-22,0.00786323635079286
2024-11-25,0.004704423823359506
2024-11-26,-0.010860790004584207
2024-11-27,0.005131830355665706
2024-11-29,-0.0027115620679844608
2024-12-02,1.789690295020632e-05
2024-12-03,-0.005026416233910523
2024-12-04,-0.009317594875240668
2024-12-05,0.005353981404482267
2024-12-06,-0.007090833057285837
2024-12-09,0.00013836700893391516
2024-12-10,-0.003555994266332491
2024-12-11,-0.0008823031754130823
2024-12-12,0.00492774451289104
2024-12-13,-0.004224656807956755
2024-12-16,-0.006637979116631879
2024-12-17,0.002764878961333201
2024-12-18,-0.0024191019726046226
2024-12-19,-0.0005981387290150851
2024-12-20,0.007137789834233475
2024-12-23,-0.0001670329133752053
2024-12-24,-0.0018411682651147652
2024-12-26,0.0020303336558678267
2024-12-27,0.0018304180620706129
2024-12-30,-8.14541977069657e-05
2024-12-31,0.005695674831968098
2025-01-02,0.0010278998851862388
2025-01-03,-0.0015316242248388256
2025-01-06,0.005231611355101973
2025-01-07,-0.00038619870313359196
2025-01-08,-0.0039835462112072775
2025-01-10,-0.0036834325358057313
2025-01-13,-0.004202740738483743
2025-01-14,-0.0004330525104853631
2025-01-15,0.005492980088302267
2025-01-16,-0.007209556198910507
2025-01-17,-0.0010916252719540452
2025-01-21,0.0020316442154197627
2025-01-22,-0.009063255882276949
2025-01-23,0.002004022787731269
2025-01-24,0.0015302869080270902
2025-01-27,0.0072652295380380314
2025-01-28,-0.005108337664289334
2025-01-29,0.0019548585229278307
2025-01-30,-0.0005682963972825251
2025-01-31,-0.0033702656823148595
2025-02-03,-0.0003857639946045037
2025-02-04,0.007409340053215644
2025-02-05,-0.005202900247986816
2025-02-06,-0.0023534249879731063
2025-02-07,-0.001325973349171749
2025-02-10,0.006935100194669497
2025-02-11,-0.0016148912587123623
2025-02-12,0.0070430428398173
2025-02-13,0.0011920800447470033
2025-02-14,0.0018894054911731666
2025-02-18,-0.017935461842752395
2025-02-19,0.0015908501059368938
2025-02-20,0.003121401359509802
2025-02-21,0.005504802658418683
2025-02-24,0.009790286419386698
2025-02-25,0.00955218546429039
2025-02-26,-0.00817175974325665
2025-02-27,0.008155619202110666
2025-02-28,0.0002030322583119039
2025-03-03,0.009071522609704789
2025-03-04,0.00172995341810501
2025-03-05,-0.001008440767413609
2025-03-06,0.00456885031698699
2025-03-07,0.0005632424574776234
2025-03-10,0.004339027833671043
2025-03-11,-0.007698200608961963
2025-03-12,-0.00939891316370864
2025-03-13,-0.006239701614938127
2025-03-14,-0.007977758085006182
2025-03-17,-0.003005402640977685
2025-03-18,0.004514170062984948
2025-03-19,-0.005055934468865313
2025-03-20,-0.0027365863315529245
2025-03-21,0.0008732677081025545
2025-03-24,0.0033576361128783727
2025-03-25,-0.008925799676203572
2025-03-26,-0.0035904509759803137
2025-03-27,-0.004684428436353124
2025-03-28,-0.003146384229966664
2025-03-31,-0.003763933016636497
2025-04-01,-7.766634970014807e-05
2025-04-02,0.0017793106487929134
2025-04-03,-0.021081214328482634
2025-04-04,0.005564849543504065
2025-04-07,0.008195166963048438
2025-04-08,-0.011092847100988538
2025-04-09,0.019684631424116278
2025-04-10,-0.008832133437475978
2025-04-11,0.0031696417894398264
2025-04-14,0.0012536029833812058
2025-04-15,0.0008336311892133797
2025-04-16,-0.009730526026301771
2025-04-17,-0.013378853874414112
2025-04-21,-0.003957260107323717
2025-04-22,0.011026248281347654
2025-04-23,-0.013816460901409191
2025-04-24,-0.024980866579569622
2025-04-25,-0.0009946575720492957
2025-04-28,-0.00016806581775235141
2025-04-29,0.006043760768287753
2025-04-30,0.0018541705371017412
2025-05-01,-0.0022472324383851377
2025-05-02,-0.014026151252592177
2025-05-05,0.00177482700024045
2025-05-06,-0.0010856285232872442
2025-05-07,-0.007863870591329728
2025-05-08,-0.006584201864485526
2025-05-09,-0.006932373447901571
2025-05-12,-0.013251652941458792
2025-05-13,-0.016342449984755654
2025-05-14,0.002458516518582011
2025-05-15,0.002391039513001058
2025-05-16,0.004860558591098532
2025-05-19,-0.01551473754066596
2025-05-20,-0.001818484206945886
2025-05-21,-0.0012722536541713387
2025-05-22,0.0017078704408856227
2025-05-23,0.0031536597892239384
2025-05-27,0.003303694794210699
2025-05-28,-0.00534462905333108
2025-05-29,-0.0036116566540768686
2025-05-30,0.001490784982580228
2025-06-02,1.645488331990294e-05
2025-06-03,0.011502003671020103
2025-06-04,-0.0027050692511483084
2025-06-05,-0.000860641636741336
2025-06-06,-0.001360920899554198
2025-06-09,0.00440201960898912
2025-06-10,0.004603099120461412
2025-06-11,0.0011866816436645975
2025-06-12,-0.004531032256919634
2025-06-13,-0.0015496357544786698
2025-06-16,0.006740352526480135
2025-06-17,-0.008312095416379447
2025-06-18,-0.007220605638629515
2025-06-20,-0.0027634041535462037
2025-06-23,0.0027091061352120466
2025-06-24,0.001590647530155114
2025-06-25,0.00259351279881051
2025-06-26,-0.0007398593659948735
2025-06-27,-0.00018346535120098697
2025-06-30,0.0003986018866155706
2025-07-01,-0.006124704880286581
2025-07-02,-0.0044061277331688435
2025-07-03,-0.0016489198270312718
2025-07-07,-0.0021519882240397994
2025-07-08,0.002787437896457717
2025-07-09,0.0009625407866529297
2025-07-10,-0.007010613470272874
2025-07-11,0.0017370534295141082
2025-07-14,0.00195898248472551
2025-07-15,0.005898300123118183
2025-07-16,0.005174958597153851
2025-07-17,-0.005681658363357617
2025-07-18,-0.0016430694252498172
2025-07-21,-0.007950385444926296
2025-07-22,-0.004435440461297119
2025-07-23,-0.004911732500152896
2025-07-24,0.00247681821003764
2025-07-25,-0.0035564754886046063
2025-07-28,0.005667083951598934
2025-07-29,-0.001114944723131109
2025-07-30,-0.0016265050114029162
2025-07-31,-0.0037845677496711706
2025-08-01,-0.0005654110885592983
2025-08-04,0.00027215511495413513
2025-08-05,-0.005763655381187809
2025-08-06,0.00010119538690334649
2025-08-07,0.002378902135428352
2025-08-08,-0.006197883279392147
2025-08-11,-0.0002817287852879209
2025-08-12,0.0037074738210641665
2025-08-13,0.0012794199593671495
2025-08-14,-0.005535691227499298
2025-08-15,-0.006907355312750641
2025-08-18,0.0018784273643862547
2025-08-19,-0.009244682195640433
2025-08-20,0.004953154934990225
2025-08-21,0.001329565051212674
2025-08-22,-0.0016723462455888662
2025-08-25,0.001329242212631027
2025-08-26,0.001114929407101221
2025-08-27,-0.0029951622940253123
2025-08-28,-0.0036550752828551376
2025-08-29,-0.0019972616722700046
2025-09-02,0.0014154492933328528
2025-09-03,0.0024879678456963036
2025-09-04,0.004197789766172887
2025-09-05,0.0002532979225955594
2025-09-08,-0.0034807159267351557
2025-09-09,-0.0018966135447189443
2025-09-10,0.006991527081623644
2025-09-11,0.0008201724114807818
2025-09-12,0.0018660795858917783
2025-09-15,-0.00052321557979797
2025-09-16,0.0011714775772984443
2025-09-17,-0.002456149970030111
2025-09-18,-0.008456469895089557
2025-09-19,-0.004535029598258681
2025-09-22,-0.0018679357166902397
2025-09-23,0.008176368586925857
2025-09-24,-0.0008866455924695519
2025-09-25,-0.008053150337371074
2025-09-26,-0.0017966201278848749
2025-09-29,-0.0030261558774365782
2025-09-30,0.0060895657436831315
2025-10-01,-0.0032153638990229804
2025-10-02,0.003683708668989282
2025-10-03,0.001463158558494369
2025-10-06,-0.005062823896665789
2025-10-07,0.005499489664142281
2025-10-08,0.007408007960874561
2025-10-09,0.0006014303915908542
2025-10-10,-0.0006022489935008857
2025-10-13,0.002219438739069044
2025-10-14,-0.00354468299779627
2025-10-15,0.005024084270431875
2025-10-16,0.007120422048583911
2025-10-17,-0.0053382522237461014
2025-10-20,0.0017565288637029068
2025-10-21,0.0032941156247905798
2025-10-22,0.00533595004977962
2025-10-23,-0.00024956135222796346
2025-10-24,-0.004333002075478623
2025-10-27,0.007825540546997191
2025-10-28,0.00923903112562678
2025-10-29,-0.0013089822581147555
2025-10-30,-0.008527519052779315
2025-10-31,0.0020351880430426526
2025-11-03,-0.0013870424627564454
2025-11-04,-0.00035539847160723535
2025-11-05,-0.0017575467091515604
2025-11-06,-0.0045355932540428025
2025-11-07,-0.005122232866115111
2025-11-10,0.003999169642376141
2025-11-11,0.0009968830527290482
2025-11-12,-0.0038080319161954202
2025-11-13,0.000611881793922299
2025-11-14,0.000306474307978337
2025-11-17,-0.014080192120782297
2025-11-18,0.003207560676859393
2025-11-19,-0.004077774350506761
2025-11-20,0.008581847037049178
2025-11-21,0.013110294423579725
2025-11-24,-0.008645189282142399
2025-11-25,-0.0007342867858630551
2025-11-26,0.0006658766776755318
2025-11-28,0.0018270244173984956
2025-12-01,0.004587448558950412
2025-12-02,0.008904504924489489
2025-12-03,0.00512316170514435
2025-12-04,-0.00568648958219437
2025-12-05,0.0006137831343384937
2025-12-08,-0.002877692728739019
2025-12-09,0.0003203664559849818
2025-12-10,-0.004444085625442642
2025-12-11,0.008179066555463294
2025-12-12,0.012476651692357192
2025-12-15,-0.0003245198946131551
2025-12-16,0.002268348724529942
2025-12-17,-0.011994748132216715
2025-12-18,0.0025902396540089757
2025-12-19,0.003165032102371548
2025-12-22,-0.001043406019189972
2025-12-23,-0.0006922895239194224
2025-12-24,0.0007388520790304161
2025-12-26,0.0002222063271008338
2025-12-29,-8.406312385479164e-05
2025-12-30,-0.0016489903674280386
2025-12-31,-0.0014910244467535951
2026-01-02,0.007252547608704585
2026-01-05,0.00648385624687862
2026-01-06,0.00030682680184787906
2026-01-07,-0.00432343169472138
2026-01-08,0.01745514615043675
2026-01-09,-0.003465546906433862
2026-01-12,-0.0049772458645754875
2026-01-13,0.006557675416726072
2026-01-14,0.012746526700899149
2026-01-15,-0.001101807221741037
2026-01-16,0.001476556218754808
2026-01-20,0.0075931864019248615
2026-01-21,0.00525574222631631
2026-01-22,0.002927423395822486
2026-01-23,-0.0040422635831389745
2026-01-26,-0.0010815904620315319
2026-01-27,-0.012684380543198308
2026-01-28,-0.004352346055066925
2026-01-29,0.0029437002137057797
2026-01-30,-0.00567181382784301
2026-02-02,0.002186136469334312
2026-02-03,0.008851101091470392
2026-02-04,-0.022154688345352315
2026-02-05,0.0036042959909803854
2026-02-06,-0.0030479799347406227
2026-02-09,-0.0008483067508474688
2026-02-10,-0.0011689115015836775
2026-02-11,0.0014283556342247587
2026-02-12,-0.006206739251338964
2026-02-13,-0.00023864769853089345
2026-02-17,1.2181435258135738e-05
2026-02-18,0.0017537450882098835
2026-02-19,0.0031471498552568073
2026-02-20,0.00041599626913347464
2026-02-23,0.029205150131211544
2026-02-24,-0.001679118190375602
2026-02-25,-0.010005364761573324
2026-02-26,-0.017147394905974882
2026-02-27,0.014390616623379532
2026-03-02,-0.0025634042902202827
2026-03-03,-0.012357713534625643
2026-03-04,-0.002441624171663069
2026-03-05,-0.016394958185740077
2026-03-06,0.002450331924801228
2026-03-09,0.004740453207778168
2026-03-10,0.01461391537462968
2026-03-11,-0.0035197330672888283
2026-03-12,0.010081272905500214
2026-03-13,0.0011582348061441286
2026-03-16,-0.00709739240334466
2026-03-17,-0.008969669243571208
2026-03-18,-0.001365355339656528
2026-03-19,-0.0032732428472335056
2026-03-20,0.0006289517705219214
2026-03-23,-0.008410274710886324
2026-03-24,-0.015828598524168434
2026-03-25,-0.0008018425063137987
2026-03-26,0.02161604876545997
2026-03-27,0.00024798373854360227
2026-03-30,0.021003258865498628
2026-03-31,-0.020988540091808307
2026-04-01,-0.012355669365168144
2026-04-02,0.002542475806636971
2026-04-06,-0.006589762371399982
2026-04-07,-0.002620018519824801
2026-04-08,-0.03053244078590799
2026-04-09,-0.013287542637779395
2026-04-10,-0.012216015529817667
2026-04-13,-0.007155412050893829
2026-04-14,-0.002784997304323258
2026-04-15,0.01649022583406671
2026-04-16,-0.005180136954042376
2026-04-17,-0.012442429344162675
2026-04-20,-0.0039823082136505265
2026-04-21,-0.008677207052690294
2026-04-22,0.00684494035469079
2026-04-23,0.016422838807944734
2026-04-24,0.0006333690507312906
2026-04-27,-0.002903411761779171
2026-04-28,0.005443228232762048
2026-04-29,-0.0016419746411655428
2026-04-30,0.0034465946557934533
2026-05-01,-0.008192357587973537
2026-05-04,0.0024000053466308024
2026-05-05,0.006376583131440805
2026-05-06,0.0037710768559176587
2026-05-07,-0.017410059488274267
2026-05-08,0.003631663436031142
2026-05-11,0.003360315371588207
2026-05-12,0.0055166508021776564
2026-05-13,0.003829537201729283
2026-05-14,-0.005794209652322937
2026-05-15,-0.010604109964489822
2026-05-18,-0.0025346904350735024
2026-05-19,0.010560752820160144
2026-05-20,-0.0020138118120026915
2026-05-21,-0.008185226931187138
2026-05-22,-0.00021180588427888327
2026-05-26,-0.00955606233526669
2026-05-27,0.006045509610750211
2026-05-28,0.00861185277271871
2026-05-29,0.02679441165217557
2026-06-01,0.01916633219710807
2026-06-02,-0.02071244849468738
2026-06-03,-0.02705980873211479
2026-06-04,0.0067424045741909765
2026-06-05,-0.005470369240710226
2026-06-08,-0.007677263086909439
2026-06-09,-0.013442387477127645
2026-06-10,-0.0031381646620459625
2026-06-11,-0.01694524598263797
2026-06-12,-0.0036453059490790148
2026-06-15,0.004597234559439461
2026-06-16,0.0084858617956518
2026-06-17,-0.007332158705199538
2026-06-18,-0.011220034458231071
2026-06-22,-0.0039032643176155502
2026-06-23,0.021437046461348457
2026-06-24,-0.01453498564081785
2026-06-25,-0.005793562962141535
2026-06-26,0.015932924319239226
2026-06-29,0.00028617607242300126
2026-06-30,-0.005354641579881431
2026-07-01,0.008918513731129866
2026-07-02,0.01033822332762112
2026-07-06,-0.0005614768361130905
2026-07-07,0.009713676754872693
2026-07-08,-0.007216624246696362
2026-07-09,-0.0077638769529630785
2026-07-10,-0.0022843471714253548
2026-07-13,0.011065313234978573
2026-07-14,-0.0007863428700608759
2026-07-15,-0.002679620890020672
2026-07-16,0.006396520489796571
2026-07-17,0.009707111265472268
2026-07-20,-0.0038594732523726644
2026-07-21,0.004391149231111358
2026-07-22,-0.015841378622291857
2026-07-23,-0.012465303763349304
2026-07-24,0.00598819444842618
2026-07-27,0.003239910283552002
2026-07-28,0.010092849206848106
2026-07-29,0.006386650382778698
2026-07-30,-0.009810874289560997
2026-07-31,0.011885436629212185
2026-08-03,0.00831588032271639
2026-08-04,0.013479475689759511
2026-08-05,-0.0046268517115470595
2026-08-06,0.0016718872418302084
2026-08-07,-0.004601680378271391
2026-08-10,-0.005045363120848423
2026-08-11,0.002382383019141748
2026-08-12,-0.010124485760598222
2026-08-13,0.0028335710838891825
