date,0
2006-01-03,0.007427403973254095
2006-01-04,0.007689766253738253
2006-01-05,-0.0037345403526691905
2006-01-06,0.009246068489011751
2006-01-09,0.0015582983809620797
2006-01-10,-0.0012576859194444452
2006-01-11,0.006280138235176482
2006-01-12,0.002592250339737052
2006-01-13,0.003760072200391547
2006-01-17,-0.007240252782927787
2006-01-18,-0.002687528720089546
2006-01-19,0.013373708822402224
2006-01-20,-0.00326837461402676
2006-01-23,0.006689435339215007
2006-01-24,0.0020627002222388157
2006-01-25,0.003870822303669645
2006-01-26,0.010583849879400366
2006-01-27,0.005490241379963684
2006-01-30,0.0010724905072044867
2006-01-31,-0.004610937355512106
2006-02-01,-0.001200970268216235
2006-02-02,-0.005034096023821722
2006-02-03,-0.0014971261528356028
2006-02-06,-0.006913040657982044
2006-02-07,-0.010514604428626855
2006-02-08,0.002774879204664003
2006-02-09,-0.003885806684851431
2006-02-10,-0.001971110381686135
2006-02-13,-0.0020841537579679645
2006-02-14,-0.0032402507488186786
2006-02-15,-0.0009234978681807233
2006-02-16,0.00022900298760154835
2006-02-17,-0.001183616782039665
2006-02-21,0.006191324065565842
2006-02-22,-0.0008735406999029597
2006-02-23,-0.0010495051057219985
2006-02-24,0.0037371859158619922
2006-02-27,-0.007049615369662099
2006-02-28,-0.0015896807963622012
2006-03-01,0.006626297578403809
2006-03-02,0.004239892384285561
2006-03-03,-0.0034445530215334043
2006-03-06,-0.004364321515834582
2006-03-07,-0.007112053043812605
2006-03-08,-0.00993461069562691
2006-03-09,-0.006619259545337751
2006-03-10,-0.003742004094245473
2006-03-13,0.0002625911217259566
2006-03-14,0.011419197353217928
2006-03-15,0.0007200472316517779
2006-03-16,-0.0015061718810134214
2006-03-17,-0.002327004386267597
2006-03-20,-0.007618514787177441
2006-03-21,-0.00044811461071859164
2006-03-22,-0.004775395647747187
2006-03-23,0.011910011688179137
2006-03-24,0.007594286372864746
2006-03-27,0.0033687135781709852
2006-03-28,-0.000358270496966449
2006-03-29,0.007107103132530231
2006-03-30,0.0020406227298255058
2006-03-31,-0.0040679611056454726
2006-04-03,0.004127486045771574
2006-04-04,0.0009497803265633019
2006-04-05,0.012539009382357646
2006-04-06,0.0032641238402403346
2006-04-07,-0.0017529124675347853
2006-04-10,-0.0034163710213133153
2006-04-11,0.0010407035880510423
2006-04-12,-0.0006624905890160221
2006-04-13,-0.00028942303598873914
2006-04-17,-0.00033411161687545046
2006-04-18,0.011445406169743223
2006-04-19,0.0047111496777211105
2006-04-20,0.0015293967524865105
2006-04-21,-0.0014738543542714788
2006-04-24,-0.0077076066239735
2006-04-25,-3.280512637596453e-05
2006-04-26,0.00011400095936671182
2006-04-27,-0.002094802323923656
2006-04-28,-0.0022312790792507345
2006-05-01,0.0026306167375533874
2006-05-02,0.0010304880534138653
2006-05-03,0.00111891995947819
2006-05-04,0.0032823503465909108
2006-05-05,0.002865782904675332
2006-05-08,-0.01768104952389199
2006-05-09,-0.00015774048335813947
2006-05-10,0.0033053491753443206
2006-05-11,-0.004422879341513495
2006-05-12,-0.0002469061367518634
2006-05-15,-0.004481659634631561
2006-05-16,-0.009636430980952059
2006-05-17,-0.0015996631707608639
2006-05-18,0.006988260344278271
2006-05-19,0.002934324282108038
2006-05-22,0.00039590077376866657
2006-05-23,-0.001672894215870235
2006-05-24,9.953734347757308e-05
2006-05-25,0.005330392080577735
2006-05-26,0.00096969652351346
2006-05-30,-0.0017185697643543473
2006-05-31,-0.0020821951055043277
2006-06-01,-0.0015790149848924227
2006-06-02,-0.006241367407161261
2006-06-05,-0.003941971722994697
2006-06-06,-0.011794501008645188
2006-06-07,-0.018103171590695324
2006-06-08,-0.0004608890023163124
2006-06-09,0.0015334297988312828
2006-06-12,-0.008255721898193177
2006-06-13,-0.008507020369591774
2006-06-14,0.008522110822413298
2006-06-15,0.01758633152035533
2006-06-16,-0.0025429422249406016
2006-06-19,-0.007243546913337257
2006-06-20,-0.003192836582135241
2006-06-21,0.009702977189399687
2006-06-22,0.00032530549051051883
2006-06-23,0.0036673177154835607
2006-06-26,0.00648858453949299
2006-06-27,-0.006904018326053428
2006-06-28,0.0026996238158894024
2006-06-29,0.004173181423819513
2006-06-30,-0.004084694092124731
2006-07-03,0.0024139507705142134
2006-07-05,-0.002328366861611972
2006-07-06,-0.0009460647659869317
2006-07-07,-0.01237078258690874
2006-07-10,-0.009138513701376945
2006-07-11,0.00899823891735411
2006-07-12,0.0033251543624252195
2006-07-13,-0.0014735365869573255
2006-07-14,0.0003512235678080537
2006-07-17,-0.004114193581024565
2006-07-18,-0.0029201057592539944
2006-07-19,-0.0019338994704326663
2006-07-20,-0.005639312717823528
2006-07-21,-0.016092050736986482
2006-07-24,0.010354929843397977
2006-07-25,0.0035880695309341744
2006-07-26,-0.005590929236912757
2006-07-27,0.002069946258756807
2006-07-28,-0.001531681196995547
2006-07-31,0.005442959595726644
2006-08-01,-0.0044169866878281784
2006-08-02,0.0060138458188606645
2006-08-03,0.011603112526207209
2006-08-04,-0.002410014199609432
2006-08-07,-0.005921765703431257
2006-08-08,-0.007730561014487898
2006-08-09,-0.005892825320750402
2006-08-10,0.0017760728758903046
2006-08-11,-0.011581608054449419
2006-08-14,-0.003704829183078574
2006-08-15,0.014818360429129486
2006-08-16,0.017083967223935317
2006-08-17,0.0006349727737481064
2006-08-18,-0.0003894694103219227
2006-08-21,-0.011199155852295363
2006-08-22,0.0009538395186671609
2006-08-23,-0.007756245527620875
2006-08-24,0.0004949827928086355
2006-08-25,-0.0010431959385787477
2006-08-28,0.0013310630680310874
2006-08-29,0.0027455140946315544
2006-08-30,0.0033005442639928786
2006-08-31,0.0017577437147852431
2006-09-01,-0.0033550279568597117
2006-09-05,0.010234676497591908
2006-09-06,-0.02608650519622822
2006-09-07,0.0011056664041481595
2006-09-08,-0.011117217874176093
2006-09-11,-0.020739470088013703
2006-09-12,-0.005737739263626356
2006-09-13,0.009169290612133205
2006-09-14,-0.008943676357962053
2006-09-15,-0.004445248935570749
2006-09-18,0.008352737420471677
2006-09-19,-0.013655394601487852
2006-09-20,-0.011923314267939916
2006-09-21,0.0013089282237222105
2006-09-22,-0.0071153060651230225
2006-09-25,-0.0011553860652586034
2006-09-26,0.008881023699898766
2006-09-27,0.0058249798596231115
2006-09-28,-0.0017291566245331968
2006-09-29,0.0036813819848726223
2006-10-02,-0.005167195917025958
2006-10-03,-0.019935257404807664
2006-10-04,0.0047031613747579295
2006-10-05,0.0020974050385600476
2006-10-06,-0.0013899361906813622
2006-10-09,0.0020862866927509466
2006-10-10,0.0043154136196830615
2006-10-11,0.00016447237744706184
2006-10-12,0.0060160371197760685
2006-10-13,0.008076409504176534
2006-10-16,0.0054127849571755215
2006-10-17,-0.0065603803037770836
2006-10-18,-0.013766407461346804
2006-10-19,0.009407660763620247
2006-10-20,-0.007773903728951045
2006-10-23,0.005961338894989035
2006-10-24,0.009109066919023167
2006-10-25,0.007125697809579725
2006-10-26,-0.0043051438640925544
2006-10-27,-0.0042958446511440805
2006-10-30,-0.005085126314746292
2006-10-31,0.010299707671543304
2006-11-01,-0.008533786652182877
2006-11-02,0.001160856055934158
2006-11-03,-0.01587376084443503
2006-11-06,0.0016273626977581503
2006-11-07,-0.003089901123542424
2006-11-08,-0.0032542070705675044
2006-11-09,-0.0015316753296835046
2006-11-10,0.00608042035699255
2006-11-13,0.007739002010591246
2006-11-14,0.005390430963717327
2006-11-15,0.003782648243902655
2006-11-16,-0.007297290546881144
2006-11-17,-0.005129123175795054
2006-11-20,-0.004723335291134531
2006-11-21,0.0020011306686213153
2006-11-22,0.004036314531366769
2006-11-24,0.0010798174576216388
2006-11-27,-0.0030397631152381164
2006-11-28,0.003737165986836864
2006-11-29,0.009876846833700808
2006-11-30,-0.004131450133479472
2006-12-01,-0.0034356404958352346
2006-12-04,0.00674041288394274
2006-12-05,-0.014146873444093218
2006-12-06,-0.005747860553475131
2006-12-07,-0.0015546604418266415
2006-12-08,0.002857007889845989
2006-12-11,-0.0013928364773915208
2006-12-12,-0.005346215097902764
2006-12-13,-0.0035144934052637887
2006-12-14,-0.00015170846247636522
2006-12-15,0.004259842238913208
2006-12-18,-5.165145159975256e-05
2006-12-19,-0.00512671297544927
2006-12-20,0.0014478412366577726
2006-12-21,-0.004537922213636825
2006-12-22,-0.001246319426754766
2006-12-26,0.0023760260121009303
2006-12-27,0.0018724511089025016
2006-12-28,-0.002078728805183381
2006-12-29,-0.0012180165138950133
2007-01-03,0.012143785089342815
2007-01-04,0.012411633652551197
2007-01-05,-0.0038581960605370883
2007-01-08,-0.0075259466340502484
2007-01-09,0.005248977197908809
2007-01-10,0.008483555190097743
2007-01-11,0.005139634617941545
2007-01-12,-0.011066369483461128
2007-01-16,0.0036543573361571755
2007-01-17,-0.002476236499784618
2007-01-18,0.004711116878182656
2007-01-19,-0.01322445020315859
2007-01-22,-6.810728637341481e-05
2007-01-23,-0.011383690179269051
2007-01-24,0.0002922729311756098
2007-01-25,0.008502164068109793
2007-01-26,-0.00712780622600417
2007-01-29,0.003372047148792943
2007-01-30,-0.011668063194276409
2007-01-31,0.001771752110409871
2007-02-01,0.0026062295405477917
2007-02-02,-0.0015636565808772513
2007-02-05,0.002948564807871301
2007-02-06,0.001626936300872005
2007-02-07,-0.007409799042099289
2007-02-08,8.105276798020215e-06
2007-02-09,-0.000350058471937734
2007-02-12,0.0024874148058908
2007-02-13,-0.002240684717753242
2007-02-14,-0.005334733206420733
2007-02-15,0.0020835899200047333
2007-02-16,-0.0008583853728392792
2007-02-20,0.0007335776207610063
2007-02-21,-0.006192020590807042
2007-02-22,0.0010372948660863984
2007-02-23,-9.640468286322738e-05
2007-02-26,-0.001045728016231737
2007-02-27,0.0012094852113028452
2007-02-28,0.004725802906854121
2007-03-01,-0.0009026022419789022
2007-03-02,0.0030475012855265076
2007-03-05,0.002401663026307752
2007-03-06,-0.0037367075489742768
2007-03-07,-0.00107269244539209
2007-03-08,-0.005251596299790342
2007-03-09,-0.01003993707037229
2007-03-12,0.006418265738201472
2007-03-13,-0.0005976020933273348
2007-03-14,-0.001917505810485959
2007-03-15,0.00303880872837563
2007-03-16,0.00474457353888096
2007-03-19,-0.0002454678960654112
2007-03-20,0.003441438249652922
2007-03-21,0.0007098009978598023
2007-03-22,-0.0015754436714065369
2007-03-23,-1.596539013459775e-05
2007-03-26,0.0006919594402311739
2007-03-27,0.001101002855161057
2007-03-28,0.0004247601527456593
2007-03-29,-0.0028836405386611637
2007-03-30,0.0050864674770576
2007-04-02,0.006109568010207683
2007-04-03,0.005986506789229842
2007-04-04,-0.0020353013297434684
2007-04-05,-0.002831707861618063
2007-04-09,-3.946411868962989e-05
2007-04-10,-0.005891620120152659
2007-04-11,0.00028026847900011065
2007-04-12,0.003943152524208185
2007-04-13,-0.002294173672467438
2007-04-16,-0.006829592604933317
2007-04-17,-0.002419968008956654
2007-04-18,-0.0032236045469087836
2007-04-19,-0.000782247232119873
2007-04-20,0.0034821459190849074
2007-04-23,-0.0011606085331562158
2007-04-24,0.004240372232252449
2007-04-25,0.007111251205826287
2007-04-26,-0.0015994494756315667
2007-04-27,0.0025544604485166636
2007-04-30,-0.001681150032068481
2007-05-01,-0.0014057237410646348
2007-05-02,0.0007561968665832089
2007-05-03,0.0010038263314365295
2007-05-04,0.0012073640585988916
2007-05-07,-0.003465219405015307
2007-05-08,0.0012956423932526965
2007-05-09,-0.006222795230018092
2007-05-10,0.002123411440179123
2007-05-11,-0.00841867106849017
2007-05-14,-0.00011984656890743909
2007-05-15,-0.0006950765495933113
2007-05-16,0.0012272017292656182
2007-05-17,-0.007183047337887645
2007-05-18,-0.0016596519429975785
2007-05-21,-0.0030111246034810637
2007-05-22,0.002825694333337809
2007-05-23,-0.0036701325993099567
2007-05-24,0.010667155690049517
2007-05-25,0.0007441944114592661
2007-05-29,-0.0002910008869193054
2007-05-30,-0.007252221630009511
2007-05-31,0.006776045636576289
2007-06-01,0.0035211313832045183
2007-06-04,-0.006579715262244593
2007-06-05,-0.002875370722976609
2007-06-06,0.003608676868972281
2007-06-07,0.0041554104796299625
2007-06-08,-0.005704429394701576
2007-06-11,-0.0046288411700861985
2007-06-12,0.0013585139049829618
2007-06-13,0.0001977227668040057
2007-06-14,0.0020620078467256347
2007-06-15,0.0036232836239696274
2007-06-18,0.001374437891276177
2007-06-19,-0.0030743101865070488
2007-06-20,0.00023028850383961398
2007-06-21,0.006774170306225303
2007-06-22,-0.0026791090818270623
2007-06-25,0.0016657799376180089
2007-06-26,5.152976602584112e-05
2007-06-27,0.005035548017340195
2007-06-28,0.0009656811164637654
2007-06-29,-0.0022722863747420925
2007-07-02,0.0021792390405329203
2007-07-03,0.006252095808760581
2007-07-05,0.0030861652154746556
2007-07-06,-0.0030530936901104165
2007-07-09,0.004066533194462325
2007-07-10,-0.00177310923403772
2007-07-11,0.0019004993685551347
2007-07-12,-0.003554129445731337
2007-07-13,-0.00204452035301686
2007-07-16,0.006266885862545388
2007-07-17,-0.0023160479076253624
2007-07-18,-0.005121722171317294
2007-07-19,-8.932989630808313e-05
2007-07-20,-0.003685177318064973
2007-07-23,-0.003507152980614597
2007-07-24,5.731543148955464e-05
2007-07-25,-0.0037911266777831388
2007-07-26,0.0036325924559116995
2007-07-27,0.006721679792121742
2007-07-30,-0.001780262759419667
2007-07-31,0.001063625569361424
2007-08-01,0.009413353044798015
2007-08-02,0.0029402339929205036
2007-08-03,0.0014534398832441644
2007-08-06,0.003890424749358703
2007-08-07,-0.008074671355044248
2007-08-08,-0.017086837865238614
2007-08-09,0.00799958673984004
2007-08-10,-0.0024844483182421017
2007-08-13,0.00333589506969492
2007-08-14,0.007764502384147142
2007-08-15,0.009581025721759225
2007-08-16,-0.0012903421878745572
2007-08-17,-0.011190874745233214
2007-08-20,0.005741747101203894
2007-08-21,0.005937527504357995
2007-08-22,-0.006486314527565159
2007-08-23,-0.0019187884718582656
2007-08-24,-0.007199853714434825
2007-08-27,0.006503523223095691
2007-08-28,0.010105932261713068
2007-08-29,-0.002224778453255115
2007-08-30,0.0004839123021210165
2007-08-31,-0.003054250861429845
2007-09-04,-0.00687902017055015
2007-09-05,-0.0007201788905694562
2007-09-06,-0.0007765248522471927
2007-09-07,-0.0053035807822022895
2007-09-10,0.005314511281252923
2007-09-11,0.0006327007280517814
2007-09-12,0.0004222585834311914
2007-09-13,-0.011905487800799882
2007-09-14,-0.004466565079556302
2007-09-17,0.0005047307052060506
2007-09-18,-0.006029893277673002
2007-09-19,-0.0056995539674304565
2007-09-20,0.0038421271737439284
2007-09-21,-0.0005396475495143566
2007-09-24,0.011018784004267198
2007-09-25,0.004507498456262595
2007-09-26,0.0006951222027659169
2007-09-27,-0.006123690212786671
2007-09-28,-0.00021779940402597022
2007-10-01,-0.00716848501778416
2007-10-02,0.00016297456335703103
2007-10-03,-0.0025048005993283775
2007-10-04,0.006922193753684913
2007-10-05,0.0003013807687683568
2007-10-08,-0.0002222005367891397
2007-10-09,-0.00807136069183132
2007-10-10,-0.0025352393355443
2007-10-11,0.0023140804659995415
2007-10-12,-0.0026678373419463395
2007-10-15,-0.0007456589604422042
2007-10-16,0.0033099935814367323
2007-10-17,0.01204814819210148
2007-10-18,-0.0037921147500446454
2007-10-19,0.007949521140861317
2007-10-22,0.0005710888710906932
2007-10-23,-0.001814031047827216
2007-10-24,-0.00394887927377395
2007-10-25,-0.00598859640491477
2007-10-26,-0.007560363050976011
2007-10-29,-0.0027449071859521673
2007-10-30,0.008707451947073593
2007-10-31,-0.008283235782143203
2007-11-01,0.00912618219696308
2007-11-02,0.0022469383899132917
2007-11-05,0.005569271242781118
2007-11-06,-0.012140100906234455
2007-11-07,0.006159136270557246
2007-11-08,-0.009345722014530818
2007-11-09,0.005879309921429057
2007-11-12,0.015945723177854455
2007-11-13,0.0008931197820453461
2007-11-14,-0.002905157580292989
2007-11-15,0.006676571470830189
2007-11-16,-0.005239181273789975
2007-11-19,-0.0007421464032476323
2007-11-20,-0.01457016925623009
2007-11-21,0.003302898163650209
2007-11-23,-0.004185545748072782
2007-11-26,0.0023661691593967822
2007-11-27,0.000277309155808083
2007-11-28,0.0010446184151318672
2007-11-29,-0.0031130817090126808
2007-11-30,0.005467527676815127
2007-12-03,-0.001394838870405304
2007-12-04,0.00518573970357985
2007-12-05,-0.0023477790497463485
2007-12-06,-0.010290198165265545
2007-12-07,0.0002497992438260635
2007-12-10,0.0001680225344021463
2007-12-11,0.013334250238800272
2007-12-12,0.0018485091191191745
2007-12-13,-0.0013743157022597572
2007-12-14,-0.004604446230156552
2007-12-17,-0.009019166950606797
2007-12-18,0.0002346038620043357
2007-12-19,0.0035285311979803883
2007-12-20,0.006537548863598797
2007-12-21,-0.0008084510004134516
2007-12-24,-0.005651197367614147
2007-12-26,0.0009305690611838946
2007-12-27,0.001638350613136107
2007-12-28,0.0020768552157646647
2007-12-31,-0.004910212442913535
2008-01-02,0.007757012273873534
2008-01-03,0.0053675063114906165
2008-01-04,0.0009286965132326193
2008-01-07,0.001693514225683054
2008-01-08,0.007502961333249652
2008-01-09,0.005471023539783509
2008-01-10,-0.01820399137670035
2008-01-11,-0.009783975990236733
2008-01-14,-0.0036825570386904835
2008-01-15,0.010692274097262373
2008-01-16,-0.015033883815122774
2008-01-17,0.008506737229193638
2008-01-18,-0.004306740867664854
2008-01-22,-0.019478793690218082
2008-01-23,-0.028792185564543913
2008-01-24,0.0006310725879479657
2008-01-25,-0.004349207203252985
2008-01-28,-0.01287828416023482
2008-01-29,-0.0071042249755042
2008-01-30,0.0025967174911632573
2008-01-31,-0.00594466663424008
2008-02-01,-0.019359098639549106
2008-02-04,0.007162168859276954
2008-02-05,0.014198132927188275
2008-02-06,0.006874054063948034
2008-02-07,-0.0066018474465219185
2008-02-08,-0.008793954001523012
2008-02-11,-0.008905490642545212
2008-02-12,0.0011749820474218325
2008-02-13,-0.00838458835127235
2008-02-14,-0.003954916722882685
2008-02-15,0.00447874165900321
2008-02-19,-0.009872972242873878
2008-02-20,-0.00011066198727211649
2008-02-21,0.004342039315995404
2008-02-22,0.0004498902864566017
2008-02-25,-0.0010236431206986402
2008-02-26,-0.0005985039644618317
2008-02-27,0.0014326056174396662
2008-02-28,-0.006296508502939606
2008-02-29,0.007066031910833696
2008-03-03,0.000307256837209706
2008-03-04,0.010272420426617088
2008-03-05,-0.0112248875558897
2008-03-06,0.0047871352187851095
2008-03-07,0.0024293325171333827
2008-03-10,0.00303336883658148
2008-03-11,0.006405576627606152
2008-03-12,0.0014546728816632218
2008-03-13,-0.002135347277036629
2008-03-14,0.00621456005591368
2008-03-17,0.02034776692640111
2008-03-18,-0.0061637415267478506
2008-03-19,0.0004985022704661951
2008-03-20,-0.0017619136749086458
2008-03-24,-0.004439593388390179
2008-03-25,0.005316084623844995
2008-03-26,-0.006740111459534875
2008-03-27,0.002424850849706679
2008-03-28,0.0030704778337046343
2008-03-31,0.005587117906270289
2008-04-01,-0.010686615327564711
2008-04-02,0.003213929148531838
2008-04-03,-0.0015001121647132867
2008-04-04,-0.005238204274071232
2008-04-07,-0.0015489464559821212
2008-04-08,-0.002226779452245834
2008-04-09,-0.00849615728854623
2008-04-10,0.0028175672218967865
2008-04-11,0.0016503478157142669
2008-04-14,-0.0026987532803225767
2008-04-15,0.0007759173130977863
2008-04-16,0.003851386829997183
2008-04-17,0.0022085495116719507
2008-04-18,-0.006847861861390652
2008-04-21,-0.0016768443591056907
2008-04-22,0.0008964336908340105
2008-04-23,-0.014261680791400208
2008-04-24,0.02071247176908412
2008-04-25,-0.006989101086573564
2008-04-28,0.006910433630484151
2008-04-29,0.009481821351857862
2008-04-30,0.004194373681252747
2008-05-01,0.009877022398694889
2008-05-02,-0.007608365790187921
2008-05-05,-0.0067902673496369635
2008-05-06,-2.7112163522377256e-05
2008-05-07,-0.0023666043088139627
2008-05-08,0.0018610615471640656
2008-05-09,0.0033739933453854933
2008-05-12,-0.004662949826219715
2008-05-13,-0.000339705456334727
2008-05-14,0.0036100404289150815
2008-05-15,-0.0008586654368970497
2008-05-16,-0.003833899573015244
2008-05-19,-0.002456069837174799
2008-05-20,-0.002108889030518392
2008-05-21,0.0050194075796602365
2008-05-22,-0.00368982152288787
2008-05-23,0.006560931849124241
2008-05-27,0.004883305896525859
2008-05-28,-0.0023763361436925203
2008-05-29,0.004379119369662356
2008-05-30,0.00035349027973147044
2008-06-02,-0.006096688831636817
2008-06-03,-0.000609221422194141
2008-06-04,0.007726336859548243
2008-06-05,0.007586095990198608
2008-06-06,-0.0009966877624516645
2008-06-09,-0.005104954694712673
2008-06-10,-0.002301486201644184
2008-06-11,-0.006191174783425576
2008-06-12,0.004529530099443358
2008-06-13,0.0017773530687105544
2008-06-16,0.0030130820876844095
2008-06-17,-0.003415154238521482
2008-06-18,-0.004718553915155811
2008-06-19,0.008669619568160165
2008-06-20,-0.008145321549630699
2008-06-23,-0.010720131694331081
2008-06-24,0.00296820104948333
2008-06-25,0.012267463606763278
2008-06-26,-0.0038148596791893123
2008-06-27,-0.005667022460969919
2008-06-30,-0.0004816473959772771
2008-07-01,-0.004481248435772688
2008-07-02,0.00789119065504494
2008-07-03,-0.006512126684997058
2008-07-07,0.008303355815386224
2008-07-08,0.004165837701591687
2008-07-09,0.004260614059685558
2008-07-10,0.015169329640990877
2008-07-11,0.005406171252975113
2008-07-14,0.008318204604732473
2008-07-15,0.019024602523401254
2008-07-16,-0.021264516752664248
2008-07-17,-0.018202398447083844
2008-07-18,-0.01868284489564016
2008-07-21,-0.01588045102617035
2008-07-22,-0.026337374366974017
2008-07-23,0.006241153736254856
2008-07-24,0.033921930188510266
2008-07-25,0.013041878551041703
2008-07-28,0.007392437740503122
2008-07-29,-0.014254008852168428
2008-07-30,-0.010311511486455784
2008-07-31,0.01141719600672914
2008-08-01,0.005235230015089959
2008-08-04,0.01829337599636877
2008-08-05,-0.0073131996187515815
2008-08-06,-0.0039827690885489726
2008-08-07,0.002985426412956061
2008-08-08,0.014085139481019481
2008-08-11,0.0052440317479056225
2008-08-12,0.0008454572891854369
2008-08-13,-0.012274764199690525
2008-08-14,-0.00397057589193749
2008-08-15,0.003155662077438453
2008-08-18,0.010945119826418414
2008-08-19,-0.010221296825708126
2008-08-20,-0.004192069380993465
2008-08-21,-0.002440073222847316
2008-08-22,0.012340153809508573
2008-08-25,-0.0003719987619714817
2008-08-26,-0.008404284528818239
2008-08-27,-0.010724559920881487
2008-08-28,-0.002555153548562952
2008-08-29,-0.008473738312395826
2008-09-02,0.01263590731653811
2008-09-03,-0.0030914928075694483
2008-09-04,0.007319214508934907
2008-09-05,-0.011885939721163651
2008-09-08,0.05595937939438861
2008-09-09,0.009217870404371931
2008-09-10,-0.026622197553801172
2008-09-11,0.0026431938516502324
2008-09-12,-0.018681191949443787
2008-09-15,0.013826221806851993
2008-09-16,0.000353689713738092
2008-09-17,-0.02631121262799443
2008-09-18,0.023504576891542686
2008-09-19,-0.005899520722147168
2008-09-22,-0.03346482165216648
2008-09-23,0.008419172817372842
2008-09-24,-0.0060567077909607836
2008-09-25,0.004781760590423283
2008-09-26,0.02114050510186065
2008-09-29,-0.0041171511828078594
2008-09-30,0.02381560088308923
2008-10-01,0.00859845365090456
2008-10-02,0.0391332488931143
2008-10-03,0.00037388735782896556
2008-10-06,0.004684491982647626
2008-10-07,-0.004746578475477223
2008-10-08,-0.023334188818692307
2008-10-09,-0.0017049604451120756
2008-10-10,0.036048590027475784
2008-10-13,-0.035596226672475584
2008-10-14,0.020964695149682477
2008-10-15,0.04767582340998301
2008-10-16,-0.003597655499610599
2008-10-17,-0.0071920176958903004
2008-10-20,-0.030575369451939335
2008-10-21,0.005980612336895693
2008-10-22,0.023701643267317385
2008-10-23,-0.006863151562702826
2008-10-24,-0.0014724598764908343
2008-10-27,0.03014415071183945
2008-10-28,0.015974703029187264
2008-10-29,-0.03140898778499744
2008-10-30,-0.011044824539083514
2008-10-31,0.013824624210535737
2008-11-03,0.004242918797972654
2008-11-04,-0.024538375314851146
2008-11-05,-0.01797002523461154
2008-11-06,0.0027992549470396487
2008-11-07,-0.0011137066725237744
2008-11-10,-0.015131568697889515
2008-11-11,0.010081891652364955
2008-11-12,0.016770443981253207
2008-11-13,-0.0168563776671059
2008-11-14,0.006919027218467724
2008-11-17,0.0035971479663888606
2008-11-18,0.0049137266012182
2008-11-19,0.0037674224018758693
2008-11-20,0.023697180737510287
2008-11-21,-0.0086570985745607
2008-11-24,0.004062472448172263
2008-11-25,0.004712539396782783
2008-11-26,-0.014477785308675542
2008-11-28,0.011075582391656208
2008-12-01,0.0067873634707925
2008-12-02,0.005138437214758797
2008-12-03,0.022037167206879364
2008-12-04,0.009616828589760035
2008-12-05,0.005291073480560836
2008-12-08,-0.016179094936880557
2008-12-09,-0.015373474521093576
2008-12-10,-0.02605631745664474
2008-12-11,-0.017214927692595826
2008-12-12,0.01862881891881936
2008-12-15,-0.008748398357484
2008-12-16,-0.0013947640411944677
2008-12-17,-0.0031817830826908777
2008-12-18,0.02411917311658445
2008-12-19,-0.00471732468086716
2008-12-22,0.01049934359425102
2008-12-23,-0.005360017219090375
2008-12-24,0.008886715438792651
2008-12-26,-0.009810486479456131
2008-12-29,-0.004326098312296191
2008-12-30,-0.006641827292407687
2008-12-31,-0.004206506760984291
2009-01-02,0.004895389914645678
2009-01-05,0.007263133640926657
2009-01-06,-0.01542288110661517
2009-01-07,9.154062123510262e-06
2009-01-08,-0.00048710786356855615
2009-01-09,0.009694016571121596
2009-01-12,0.004494351932347581
2009-01-13,0.012436755421425005
2009-01-14,0.011633519157094482
2009-01-15,0.008605123685414908
2009-01-16,0.014792127584583405
2009-01-20,0.0353875207676317
2009-01-21,0.0017474863383141184
2009-01-22,0.0058575633014496965
2009-01-23,0.015685075887679378
2009-01-26,0.013298971766112897
2009-01-27,-0.018176768523021317
2009-01-28,-0.014891494767406064
2009-01-29,0.017329068857496237
2009-01-30,0.0067418123736000994
2009-02-02,-0.005241604970973463
2009-02-03,0.029958903520033095
2009-02-04,-0.0010576167009128583
2009-02-05,-0.008325739416037271
2009-02-06,-0.030429564177175412
2009-02-09,0.0024252167921342627
2009-02-10,0.017821265264132816
2009-02-11,0.008042722297866175
2009-02-12,0.016261554360636955
2009-02-13,-0.00115913108335716
2009-02-17,0.02321170239583847
2009-02-18,-0.00041598172402092237
2009-02-19,0.000816974556993343
2009-02-20,0.0058568527534880056
2009-02-23,-0.005679183211977876
2009-02-24,-0.01765882271331621
2009-02-25,-0.009487379335904423
2009-02-26,-0.020314846960661645
2009-02-27,0.012067456978258485
2009-03-02,0.009930078212598193
2009-03-03,-0.003386899041826827
2009-03-04,-0.010776327808910349
2009-03-05,0.011976497837097888
2009-03-06,0.007601971692657251
2009-03-09,-0.005244275387573324
2009-03-10,-0.033507665779259066
2009-03-11,0.012134627527183469
2009-03-12,-0.02355122201224725
2009-03-13,-0.012516959233922185
2009-03-16,-0.050247189348842224
2009-03-17,-0.010975326524002776
2009-03-18,-0.04358283233333553
2009-03-19,0.020688678178604952
2009-03-20,0.008841031653441937
2009-03-23,-0.04700117402758486
2009-03-24,0.020141541914130978
2009-03-25,0.007523562136484375
2009-03-26,0.00605006748803915
2009-03-27,0.0034315194563450395
2009-03-30,0.04162559569892925
2009-03-31,-0.0030918034480134273
2009-04-01,0.003241223438847065
2009-04-02,-0.007289956104084706
2009-04-03,-0.008110321208617079
2009-04-06,-0.015621789516339026
2009-04-07,0.005118262369533546
2009-04-08,-0.002699505129659949
2009-04-09,-0.013524931585891435
2009-04-13,-0.020864683431045885
2009-04-14,0.0003033717650513818
2009-04-15,-0.01630896710005672
2009-04-16,0.0013395245817709202
2009-04-17,0.00022482307328632585
2009-04-20,0.026277983468525983
2009-04-21,-0.012806499628423508
2009-04-22,0.019931887918726177
2009-04-23,-0.011785560220972054
2009-04-24,-0.0003379352846716171
2009-04-27,0.014150555071730296
2009-04-28,-0.00495407760938429
2009-04-29,-0.003347115575315502
2009-04-30,0.026713407725714428
2009-05-01,-0.012896582347533849
2009-05-04,-0.009247727127303589
2009-05-05,0.0009626491984943433
2009-05-06,-0.03321828895491438
2009-05-07,-0.036587379141202754
2009-05-08,0.005628244535893088
2009-05-11,-0.025474545387619684
2009-05-12,-0.026070819881769975
2009-05-13,-0.02971861778360769
2009-05-14,0.01763382107305678
2009-05-15,-0.006640063278794427
2009-05-18,0.02905726917642709
2009-05-19,0.0035428451825124
2009-05-20,-0.009992875927598732
2009-05-21,-0.007169173439675375
2009-05-22,-0.005660852636257653
2009-05-26,0.011184628151740846
2009-05-27,-0.0011573869143108226
2009-05-28,0.011043600537380521
2009-05-29,-0.004280273190785869
2009-06-01,0.016609199604712938
2009-06-02,-0.015479561462837854
2009-06-03,-0.016385510917090798
2009-06-04,0.028965672715636572
2009-06-05,-0.008169510245375017
2009-06-08,0.004166372298207681
2009-06-09,-0.01956644918008364
2009-06-10,0.0011074589622435452
2009-06-11,-0.0017320026684787568
2009-06-12,0.0016793991549214496
2009-06-15,-0.005694338103213296
2009-06-16,0.008421144056622979
2009-06-17,0.005870953550944206
2009-06-18,0.004761702586335633
2009-06-19,-0.004285933579364826
2009-06-22,0.008352814696187575
2009-06-23,-0.008426347923738895
2009-06-24,0.0013634779863612519
2009-06-25,-0.002762423468151039
2009-06-26,-0.0010585184211656623
2009-06-29,0.002577547494809591
2009-06-30,0.0023972218187322822
2009-07-01,0.005766011874472993
2009-07-02,0.00012091878760283412
2009-07-06,0.004892599201108893
2009-07-07,0.005297897497884242
2009-07-08,-0.0012862906417722554
2009-07-09,-0.015366667737552617
2009-07-10,0.004620005232245528
2009-07-13,-0.005984766724615674
2009-07-14,-0.009137906562510272
2009-07-15,-0.006470305561197921
2009-07-16,2.6751943637938583e-05
2009-07-17,-0.0034666120093312025
2009-07-20,0.0011352744728803255
2009-07-21,-0.0025732203250956303
2009-07-22,-0.0027801295502441863
2009-07-23,0.014191048748706935
2009-07-24,0.002530905499402587
2009-07-27,0.0014915010201687901
2009-07-28,0.0016219533863578606
2009-07-29,-0.002972228070179056
2009-07-30,0.0010579611464742718
2009-07-31,-0.0019145760079413811
2009-08-03,-0.005117068149152189
2009-08-04,-0.00019157154085743628
2009-08-05,-0.007940598269596031
2009-08-06,-0.013707752974165818
2009-08-07,-0.0033687117299294614
2009-08-10,-0.007234998411568178
2009-08-11,-0.0012439195106440243
2009-08-12,0.0024878765900775805
2009-08-13,0.0020060523597825956
2009-08-14,0.0014775365550678114
2009-08-17,-0.00487863756721314
2009-08-18,0.007329583259356283
2009-08-19,-0.0034204949810381653
2009-08-20,0.004088262723768417
2009-08-21,-0.008338080819332567
2009-08-24,-0.010985138944166134
2009-08-25,0.009636109424298881
2009-08-26,0.0001718151581912551
2009-08-27,0.0057623638425569465
2009-08-28,0.010137084277393606
2009-08-31,0.002742048745924149
2009-09-01,-0.01728302834149701
2009-09-02,-0.004610313379607536
2009-09-03,0.003986364348111348
2009-09-04,-0.0011030483803134595
2009-09-08,-0.025904435292593765
2009-09-09,0.0012794032227659365
2009-09-10,-0.00740915400916118
2009-09-11,-0.004651027578949499
2009-09-14,-0.006199041154657803
2009-09-15,-0.01935175912374596
2009-09-16,-0.013828878811177286
2009-09-17,0.0018968936147964435
2009-09-18,0.0016691495776727154
2009-09-21,0.014359250140408534
2009-09-22,-0.016129326725331822
2009-09-23,0.009531681955227246
2009-09-24,0.011174093206948805
2009-09-25,-0.00358495023556928
2009-09-28,-0.001611463243257343
2009-09-29,0.0010671636950786475
2009-09-30,-0.003017242573458643
2009-10-01,0.0152523946080252
2009-10-02,0.00426003811604489
2009-10-05,-0.011292519004409932
2009-10-06,-0.006362309879303319
2009-10-07,-0.008365844486942733
2009-10-08,0.004150917878400273
2009-10-09,0.0009246309099315202
2009-10-12,0.00172925705953925
2009-10-13,0.0007940092125567048
2009-10-14,-0.006359101077038416
2009-10-15,0.0040503489286227105
2009-10-16,-0.006237057217408737
2009-10-19,0.0040152844377456835
2009-10-20,0.003936152169887422
2009-10-21,-0.006270119832086321
2009-10-22,-0.003404283311453039
2009-10-23,-0.007439339048622506
2009-10-26,-0.004375435637155109
2009-10-27,0.0011241814084591785
2009-10-28,0.0003284288731976078
2009-10-29,0.0023954574698634313
2009-10-30,-0.0035330826877879437
2009-11-02,-0.00453959652813666
2009-11-03,0.005336088780969622
2009-11-04,0.003956472369498151
2009-11-05,-0.004152602207870001
2009-11-06,-0.0035939647806852238
2009-11-09,0.0036357523239712625
2009-11-10,-0.002005815227743323
2009-11-11,-0.003178314062308261
2009-11-12,-0.010577395436399724
2009-11-13,-0.0013453397309993052
2009-11-16,0.0018913688523916005
2009-11-17,-0.0016273724914294652
2009-11-18,-0.003735360452908774
2009-11-19,-0.009017501672906138
2009-11-20,-0.002327618874157923
2009-11-23,0.0024089740255580573
2009-11-24,-0.0041996720985808585
2009-11-25,-0.0006570596400615472
2009-11-27,-0.00918100257671262
2009-11-30,0.003966101665871743
2009-12-01,-0.0011634491342661138
2009-12-02,-0.00522708011620479
2009-12-03,-0.0045644136861290145
2009-12-04,-0.009026216801969878
2009-12-07,-0.013161028568820364
2009-12-08,-0.006378536284241157
2009-12-09,0.002108935726941619
2009-12-10,0.0025834889351734882
2009-12-11,0.0010899283122006113
2009-12-14,0.0046393666569109525
2009-12-15,0.006219915136437999
2009-12-16,0.003019615618320235
2009-12-17,0.0012950814397278076
2009-12-18,-0.0037878409821886293
2009-12-21,0.0004168583458938283
2009-12-22,0.0016893096015510502
2009-12-23,0.009728760079359624
2009-12-24,-0.001358216935578925
2009-12-28,0.0016644098164700005
2009-12-29,-0.005018064906618606
2009-12-30,-0.006131737528637549
2009-12-31,-0.00305437475967987
2010-01-04,-0.009296939604782438
2010-01-05,-0.0007136295730265587
2010-01-06,-0.010692878683568502
2010-01-07,-0.007509357082384552
2010-01-08,-0.0010164687144195725
2010-01-11,0.004948010552547663
2010-01-12,-0.0027263644717447012
2010-01-13,0.00023551579490215557
2010-01-14,-0.00027349235766227443
2010-01-15,-0.0008299261905221794
2010-01-19,-0.0014540681022669557
2010-01-20,0.0015451590914475997
2010-01-21,0.0061009166215697545
2010-01-22,-0.011458366443036602
2010-01-25,0.0009620616176535216
2010-01-26,0.004889163425696828
2010-01-27,0.00820979886666061
2010-01-28,-0.006017271247826281
2010-01-29,-0.005036256742780614
2010-02-01,-0.004088589606051888
2010-02-02,-0.001154455538605679
2010-02-03,0.0008989124865563089
2010-02-04,-0.0012588168260435583
2010-02-05,0.005807971346587772
2010-02-08,-0.0005996860473885231
2010-02-09,-0.009232628244640632
2010-02-10,-0.001422570041001627
2010-02-11,-0.005957669920964456
2010-02-12,-0.00011009948784049359
2010-02-16,-0.0041201869899335965
2010-02-17,0.0014475274420875648
2010-02-18,-0.004098013184325105
2010-02-19,-0.002487773450362875
2010-02-22,0.004372169026345351
2010-02-23,0.0034934145244351626
2010-02-24,0.0025383062639069095
2010-02-25,-0.0018985164030774807
2010-02-26,0.00012495959234330758
2010-03-01,0.005205513098916666
2010-03-02,-0.007682711826686837
2010-03-03,-0.0025233343814765508
2010-03-04,0.0034526371179529553
2010-03-05,-0.0015172727330993905
2010-03-08,0.006783068901035465
2010-03-09,0.0052216398169871725
2010-03-10,0.003660869096576635
2010-03-11,0.0010015889390719815
2010-03-12,-0.004781635343730677
2010-03-15,0.004313410126383475
2010-03-16,-0.001307583566268766
2010-03-17,0.005459232230652474
2010-03-18,0.004615119685833109
2010-03-19,-0.001646088274345187
2010-03-22,0.005097939128941663
2010-03-23,0.001833610386750586
2010-03-24,0.00266767613244358
2010-03-25,0.01250878894592108
2010-03-26,-0.0010645151637180827
2010-03-29,-0.011112008762444326
2010-03-30,0.0017887292429502228
2010-03-31,-0.0032715871014441338
2010-04-01,-0.006012979724458127
2010-04-05,-0.0012789532997325474
2010-04-06,0.005111576293784131
2010-04-07,0.004909149211128152
2010-04-08,0.0030693577862270925
2010-04-09,-0.0013532756363167575
2010-04-12,0.006215426822076255
2010-04-13,0.005005419949016893
2010-04-14,0.009229625041369448
2010-04-15,0.0035141822275485016
2010-04-16,-0.0036399072835435436
2010-04-19,-0.0010390738995811777
2010-04-20,-0.00022592087912774028
2010-04-21,0.00022183372953418724
2010-04-22,0.004560471030297842
2010-04-23,-0.008842080538757572
2010-04-26,0.0024097705654767595
2010-04-27,-0.003832589123804049
2010-04-28,-0.0033065913246492135
2010-04-29,0.010325259605267182
2010-04-30,-0.003252916056004895
2010-05-03,0.004221606965357881
2010-05-04,-0.006584934832734788
2010-05-05,-0.0012785271214795022
2010-05-06,-0.0049332640284796
2010-05-07,-0.0006351392992271194
2010-05-10,-0.002854369393292321
2010-05-11,0.00024922044163925265
2010-05-12,-0.003370927181210282
2010-05-13,0.002160988355452509
2010-05-14,-0.0022939542485644433
2010-05-17,0.0053079332204772345
2010-05-18,-0.0020707072965415393
2010-05-19,0.0017056570289704157
2010-05-20,0.0009712548136654275
2010-05-21,-0.0063881463685721476
2010-05-24,0.01293677014689779
2010-05-25,0.004575782640772418
2010-05-26,-0.0034233388703453407
2010-05-27,0.0018291826722930356
2010-05-28,0.00413434960890292
2010-06-01,0.011229462382587924
2010-06-02,-0.011273881982107915
2010-06-03,-0.00414208785986194
2010-06-04,0.000977330258922543
2010-06-07,-0.005351274468193315
2010-06-08,-0.005122835577406324
2010-06-09,-0.002328345493518969
2010-06-10,-0.01021571511728588
2010-06-11,0.001999545855701218
2010-06-14,-0.001856350416020826
2010-06-15,-0.0035625544750741427
2010-06-16,0.0031251098375328188
2010-06-17,0.0032660130467144833
2010-06-18,-0.002904293244302202
2010-06-21,-0.00442208559864257
2010-06-22,0.0060394344941988275
2010-06-23,0.0015402118055239573
2010-06-24,0.002922117156073707
2010-06-25,-0.008965029808926077
2010-06-28,0.00883809856006615
2010-06-29,0.003918888795031893
2010-06-30,-0.0020962319953138557
2010-07-01,0.004746702278048225
2010-07-02,-0.0017698777029039336
2010-07-06,0.0002585570197694924
2010-07-07,-0.005014046337280123
2010-07-08,-0.0037516031087152187
2010-07-09,-0.0036407003947133317
2010-07-12,0.009763967971493974
2010-07-13,0.0031041179116160053
2010-07-14,0.001841212662559421
2010-07-15,0.0026551463095170775
2010-07-16,-0.005308138250098831
2010-07-19,-0.00023316068366185594
2010-07-20,-0.006208873938126923
2010-07-21,-0.002967057762293747
2010-07-22,0.0017120303480828508
2010-07-23,-0.005684894762090497
2010-07-26,-0.0015393704393828814
2010-07-27,0.0046037065251762505
2010-07-28,-0.000501472620004743
2010-07-29,-0.009129184417520147
2010-07-30,-0.004259116123417786
2010-08-02,-0.006052882179667531
2010-08-03,0.005361951435331019
2010-08-04,0.007624237279956053
2010-08-05,0.0014757675109350076
2010-08-06,0.00026617040506223243
2010-08-09,-0.0012911335181771105
2010-08-10,0.0002987635526268669
2010-08-11,0.0025457443583137966
2010-08-12,2.254553005151778e-05
2010-08-13,-0.0006914880348673992
2010-08-16,-0.0038912752718987496
2010-08-17,0.0010981273772428075
2010-08-18,0.0031294135338764133
2010-08-19,0.004827900804439407
2010-08-20,0.002762170794046604
2010-08-23,-0.001551618272711481
2010-08-24,-0.0010280809749452092
2010-08-25,0.0034709386549235865
2010-08-26,-0.0009692847203084952
2010-08-27,7.987484632925859e-05
2010-08-30,-0.0019868950864259448
2010-08-31,-0.00022587982596918257
2010-09-01,-0.001187109710887084
2010-09-02,0.0007192393222708826
2010-09-03,0.002722993953084851
2010-09-07,0.002664401545348161
2010-09-08,-0.0038637865241580175
2010-09-09,-0.002451547923558302
2010-09-10,-0.0026025036933457362
2010-09-13,0.004301086561340913
2010-09-14,0.00439233761057943
2010-09-15,-0.0022148345640662743
2010-09-16,0.0023728474583634388
2010-09-17,0.0007909061611431406
2010-09-20,0.0027851287360641463
2010-09-21,0.002357475603881239
2010-09-22,-0.00033659601022964416
2010-09-23,0.0030710197443639168
2010-09-24,0.002433187114547134
2010-09-27,0.003982292019532736
2010-09-28,0.0027453594131821974
2010-09-29,-0.006849717730737933
2010-09-30,-0.002548036024123773
2010-10-01,-0.005912112665290852
2010-10-04,0.006031226946495123
2010-10-05,0.0016332214870480532
2010-10-06,-0.007152367999690576
2010-10-07,-0.004306388243515978
2010-10-08,-0.0007200240251565308
2010-10-11,-0.0002703600548632804
2010-10-12,0.004509993190344517
2010-10-13,-0.0018220908962878932
2010-10-14,0.0041846528485997275
2010-10-15,0.007041073416422425
2010-10-18,0.00025236666055629257
2010-10-19,0.0006756584805342725
2010-10-20,0.0011193415868494636
2010-10-21,0.002995695019461801
2010-10-22,0.004362883694745095
2010-10-25,9.867192779721685e-05
2010-10-26,0.0012835670977290206
2010-10-27,-0.0044951317865548415
2010-10-28,0.00011755703367840792
2010-10-29,-0.002724943691256475
2010-11-01,-0.0028711423939819913
2010-11-02,-0.005547809286234851
2010-11-03,0.005433506335304203
2010-11-04,-0.0036661844201805543
2010-11-05,0.000830301601805079
2010-11-08,-0.0037989046884601358
2010-11-09,0.0019978420129886684
2010-11-10,-0.002323785900199784
2010-11-11,-0.010928423099203862
2010-11-12,0.004246020620078925
2010-11-15,0.00028656408418501205
2010-11-16,0.0006894113612071896
2010-11-17,-0.0023463878449392706
2010-11-18,-0.0012075156339587914
2010-11-19,-0.0029761148714362285
2010-11-22,0.00013833973605567574
2010-11-23,0.0028679048813860246
2010-11-24,0.0015391001527065907
2010-11-26,0.0008919618467075781
2010-11-29,-0.0035896660227064457
2010-11-30,-0.005899079555072695
2010-12-01,-0.0009916042244671704
2010-12-02,-0.0008758531642304294
2010-12-03,0.0019320210155795677
2010-12-06,-0.002268869195815504
2010-12-07,0.00328046737679978
2010-12-08,0.004776477315790254
2010-12-09,0.0020182046483026507
2010-12-10,0.0013614642478187778
2010-12-13,-0.0041177165452314125
2010-12-14,-0.00011688008973196621
2010-12-15,-4.111980989811472e-05
2010-12-16,-0.0014704043099499529
2010-12-17,0.0035894271834501163
2010-12-20,0.0006256067263334046
2010-12-21,0.003894020904971795
2010-12-22,0.00027329324539164784
2010-12-23,-0.0017592006467388238
2010-12-27,0.004162749411435441
2010-12-28,-0.0006244427366860374
2010-12-29,-0.004121014061926987
2010-12-30,-0.002453800226926427
2010-12-31,0.0003909264272068074
2011-01-03,0.0012597047103051367
2011-01-04,0.004028425811941953
2011-01-05,0.001235690647370544
2011-01-06,-0.011537090767564446
2011-01-07,0.002201012321819193
2011-01-10,0.0024695718711395744
2011-01-11,0.0006479693765199428
2011-01-12,-0.003223164309542547
2011-01-13,0.005381164613237257
2011-01-14,-0.004837189737670199
2011-01-18,0.0021844322113281985
2011-01-19,0.010234018853644975
2011-01-20,0.005655191896080233
2011-01-21,0.0025664705993913065
2011-01-24,0.000814545456594643
2011-01-25,0.006967092432899644
2011-01-26,-0.001986368192083468
2011-01-27,0.005745216157148548
2011-01-28,0.00363178823842424
2011-01-31,-0.003944355001393832
2011-02-01,-0.0071770275037084195
2011-02-02,-0.004713465582140978
2011-02-03,0.008218190961250928
2011-02-04,0.0018701416782035299
2011-02-07,-0.003577130387754495
2011-02-08,-0.0019919048261849695
2011-02-09,-0.0045581038026305
2011-02-10,-0.003512894057433272
2011-02-11,0.0030771678228194146
2011-02-14,0.006332316196078432
2011-02-15,-0.0034127652732626247
2011-02-16,0.001979203014384036
2011-02-17,0.002403001272614996
2011-02-18,-0.005532615468061059
2011-02-22,-0.00016466463879628076
2011-02-23,0.011478788099310463
2011-02-24,-0.007080113093112776
2011-02-25,-0.0008171676451690221
2011-02-28,-0.002450988391555331
2011-03-01,-0.0033885015666411757
2011-03-02,-0.00028065682313060594
2011-03-03,-0.0016087241193529554
2011-03-04,0.0008005803442189487
2011-03-07,0.0002986222330828175
2011-03-08,-0.003303648398552858
2011-03-09,-0.012984793595892424
2011-03-10,0.0009294388408085917
2011-03-11,0.004443568914096362
2011-03-14,0.002747741151175394
2011-03-15,0.003318433287235132
2011-03-16,0.0013083800942776207
2011-03-17,-0.0011908555831397281
2011-03-18,-0.011921213210089323
2011-03-21,0.008117007581004622
2011-03-22,0.0008879188545256886
2011-03-23,0.005213848818491847
2011-03-24,0.0018848792498424999
2011-03-25,0.00039835374464429084
2011-03-28,0.0013430188759538972
2011-03-29,-0.00029581077284435777
2011-03-30,0.00010590436394426289
2011-03-31,0.0008816033863650218
2011-04-01,-0.006551733533355102
2011-04-04,-0.00039933537242993743
2011-04-05,0.0004175520527754715
2011-04-06,-0.00831861329859514
2011-04-07,-0.006281539434531872
2011-04-08,0.00271735872763342
2011-04-11,-0.010993872187703105
2011-04-12,-0.007291864435108042
2011-04-13,0.003008879079467081
2011-04-14,0.008601300002850603
2011-04-15,0.0013623170241341778
2011-04-18,-0.0007338829764166298
2011-04-19,0.008231751999820538
2011-04-20,0.0019164153427464786
2011-04-21,0.0005974366642369616
2011-04-25,-0.002966562545338548
2011-04-26,-0.003115515650984124
2011-04-27,-0.0028709470077182106
2011-04-28,-0.0053442405222739525
2011-04-29,0.007524104256429963
2011-05-02,-0.0033460703267764002
2011-05-03,-0.01572397156302532
2011-05-04,-0.008269321131007179
2011-05-05,-0.005623678048879616
2011-05-06,-0.0016318936621693523
2011-05-09,-0.006998546882788363
2011-05-10,0.004159721385742752
2011-05-11,-0.002219790711728774
2011-05-12,0.00022415498888871544
2011-05-13,-0.0011775217598848677
2011-05-16,-0.002695772818865485
2011-05-17,-0.0054298202391961665
2011-05-18,-0.0006759692079420374
2011-05-19,-0.001462202013037548
2011-05-20,-0.00012605878563533475
2011-05-23,-0.0005125729364989818
2011-05-24,0.0035765501936864622
2011-05-25,0.003981015858543086
2011-05-26,0.001231590843493225
2011-05-27,-0.0022712117422812434
2011-05-31,-0.0017099777136121098
2011-06-01,0.0011006564997101064
2011-06-02,0.0036417307597433647
2011-06-03,0.0003359453685964466
2011-06-06,-0.0011858801605514953
2011-06-07,-0.0021689766257108343
2011-06-08,-0.002487775079807823
2011-06-09,0.0059033394090753965
2011-06-10,0.0002346924657760913
2011-06-13,0.0025154373985312446
2011-06-14,-0.0028068498113817206
2011-06-15,-0.001669634683557214
2011-06-16,0.0020581940120612463
2011-06-17,0.002457495113227363
2011-06-20,-0.004791329713273765
2011-06-21,-0.0016993937325193863
2011-06-22,0.0023128188770806784
2011-06-23,-0.005525819721243035
2011-06-24,-0.00045372866309602473
2011-06-27,-0.0015124746548504217
2011-06-28,-0.005934803140229751
2011-06-29,-0.006049198299222815
2011-06-30,-0.0006791006301285511
2011-07-01,0.0010530181695197435
2011-07-05,-0.002899725358964336
2011-07-06,-0.0027179117334960945
2011-07-07,0.0009693076182765376
2011-07-08,-0.0016085722268689377
2011-07-11,0.002986054558877293
2011-07-12,0.0004480902296736952
2011-07-13,0.0013960278520975678
2011-07-14,-8.627639512073932e-05
2011-07-15,-0.0019327390188268233
2011-07-18,0.002600298051519082
2011-07-19,-0.001371787231211468
2011-07-20,0.0008179972989195806
2011-07-21,-0.0005593143772550123
2011-07-22,-0.004081655657956709
2011-07-25,0.0011740434958764994
2011-07-26,-0.00046307067626418896
2011-07-27,0.0005861715208680219
2011-07-28,-0.013339025356528969
2011-07-29,-0.0005100035041827116
2011-08-01,-0.00235595106337043
2011-08-02,0.00010224623171230562
2011-08-03,-0.0015759824041596527
2011-08-04,0.003180747720827589
2011-08-05,0.005397737910788093
2011-08-08,-0.02962527896991933
2011-08-09,0.016778814837556708
2011-08-10,-0.009006725053932808
2011-08-11,0.00797506371108958
2011-08-12,-0.006123627215012156
2011-08-15,0.009613793730616264
2011-08-16,-0.007677523273110614
2011-08-17,0.002271947365636306
2011-08-18,-0.017915030174918335
2011-08-19,-0.00781395547738399
2011-08-22,-0.006530048456729594
2011-08-23,0.005531458068335102
2011-08-24,0.0033696268071379174
2011-08-25,0.001295653998030488
2011-08-26,0.003502534988447137
2011-08-29,0.009351433218235713
2011-08-30,-0.0013309301046619247
2011-08-31,-0.002093633449104857
2011-09-01,-0.005784981664722261
2011-09-02,-0.01083942023082348
2011-09-06,-0.004139165574800834
2011-09-07,0.001161873819476046
2011-09-08,-0.003136175657257429
2011-09-09,0.0035825544994246184
2011-09-12,-0.001980273097171985
2011-09-13,-0.00026958629934416495
2011-09-14,-0.0011179797332348713
2011-09-15,0.007723480181459517
2011-09-16,-0.001209562756290678
2011-09-19,-0.010256649159196145
2011-09-20,-0.0010044445089921624
2011-09-21,-0.002906141688227298
2011-09-22,-0.0029683061508757394
2011-09-23,0.005003416192714522
2011-09-26,0.00545125383191399
2011-09-27,0.0001708816830127914
2011-09-28,-0.0004897451638054134
2011-09-29,0.012564900399717615
2011-09-30,-0.001873215341861592
2011-10-03,-0.009577190233602206
2011-10-04,0.003690989148838595
2011-10-05,-0.001295090333006418
2011-10-06,-0.0003592581962148494
2011-10-07,0.008246917041414564
2011-10-10,-0.002382799787839818
2011-10-11,-0.0007254736735737479
2011-10-12,-0.002724408381867948
2011-10-13,-0.010319202558652985
2011-10-14,-0.009810839181782504
2011-10-17,0.004884597006838296
2011-10-18,0.007303895646348623
2011-10-19,-0.0002991791430254987
2011-10-20,0.0020862085688669093
2011-10-21,-0.0037825635346452175
2011-10-24,-0.00027565381237784967
2011-10-25,0.006596391293274376
2011-10-26,0.00456953025740934
2011-10-27,0.002598166629761344
2011-10-28,-0.0046018467399316625
2011-10-31,0.0072424166310147186
2011-11-01,0.0007183727930949023
2011-11-02,-0.008165786313839825
2011-11-03,-0.0064746240100186075
2011-11-04,-0.008739254432202661
2011-11-07,0.0010357129640240236
2011-11-08,-0.002198263213754227
2011-11-09,0.0009780352810895064
2011-11-10,0.0047244043860523
2011-11-11,-0.002041934904575601
2011-11-14,-0.0007563630080402305
2011-11-15,-0.00323734556697028
2011-11-16,-0.00543219870945256
2011-11-17,0.011704795192662465
2011-11-18,0.006127947734791664
2011-11-21,-0.0031165773570584797
2011-11-22,0.001023030058901082
2011-11-23,0.0021131310570444953
2011-11-25,0.0031770258174567178
2011-11-28,-0.002485179770491291
2011-11-29,0.0012532220855756358
2011-11-30,0.009839427070483228
2011-12-01,-0.003829302363403493
2011-12-02,0.002024684771814702
2011-12-05,-0.005323420906597482
2011-12-06,-0.004404110611084531
2011-12-07,-0.0014078502582294487
2011-12-08,0.0036253588959624648
2011-12-09,0.0017259657756152978
2011-12-12,3.3581864198792174e-05
2011-12-13,0.006294498280666297
2011-12-14,-0.004232178053349659
2011-12-15,0.0039665030656462355
2011-12-16,-0.00041105586685390264
2011-12-19,0.0058980228162507885
2011-12-20,-0.0011303617170282895
2011-12-21,0.007149390533064368
2011-12-22,0.00029545160461433225
2011-12-23,-0.0006781070841880478
2011-12-27,0.0019058393021180683
2011-12-28,-0.0014416840807222368
2011-12-29,0.0021724344743289914
2011-12-30,-5.8910327745431065e-05
2012-01-03,0.0001774026731585974
2012-01-04,0.00414776769361562
2012-01-05,-8.581890643762596e-05
2012-01-06,-0.007483664512338644
2012-01-09,0.0011249323326895197
2012-01-10,-0.00010464734075408713
2012-01-11,0.0015291467985314743
2012-01-12,0.0025295588824411097
2012-01-13,0.002278708949793098
2012-01-17,-0.0006704100234739619
2012-01-18,0.0027096842757557645
2012-01-19,0.00861685014057183
2012-01-20,0.003361513408918128
2012-01-23,-0.004245493000860823
2012-01-24,0.008098083882389685
2012-01-25,-0.00746986998139759
2012-01-26,0.0018046880643549782
2012-01-27,-0.0004471197152848871
2012-01-30,0.002437342009828549
2012-01-31,0.006577450018388131
2012-02-01,-0.0013710081086703088
2012-02-02,-0.0007608731727424628
2012-02-03,0.005534413353755531
2012-02-06,-0.005183680597040433
2012-02-07,-0.006265385920543768
2012-02-08,0.004116167693717043
2012-02-09,0.0014505461969987169
2012-02-10,0.0036255170532871186
2012-02-13,-0.0032111950948266075
2012-02-14,0.008775947152738777
2012-02-15,-0.005231859086207631
2012-02-16,-0.00183731141543898
2012-02-17,0.0031883749488408634
2012-02-21,-0.00504342429958181
2012-02-22,-0.00499248923435433
2012-02-23,-0.0001876373057269293
2012-02-24,-0.0023703348371060364
2012-02-27,0.007828753833897915
2012-02-28,0.008760800643363983
2012-02-29,0.003440588684982809
2012-03-01,0.0005736831551996116
2012-03-02,0.009043655607629134
2012-03-05,0.0019733787547288207
2012-03-06,0.0030768820568011974
2012-03-07,-0.0017676722309059184
2012-03-08,-0.006785303744146117
2012-03-09,-0.0012099650415996663
2012-03-12,0.0012840899519473061
2012-03-13,0.0011483484119148173
2012-03-14,0.0038893016478244668
2012-03-15,0.005657503082053851
2012-03-16,0.0003656992594471719
2012-03-19,-0.0039330443003152155
2012-03-20,0.00830893195538017
2012-03-21,-0.0009148864841634612
2012-03-22,0.0024385045715172317
2012-03-23,-0.0016213424750897553
2012-03-26,0.0038450153779500777
2012-03-27,0.00043804712439008076
2012-03-28,0.0022625628127639235
2012-03-29,0.00032313440134190317
2012-03-30,-0.0017551006679618207
2012-04-02,-0.0002838353705470519
2012-04-03,-0.00036663447279432497
2012-04-04,0.003962218832694148
2012-04-05,0.0015530349446314833
2012-04-09,-0.003830573052731512
2012-04-10,-0.002522406057685442
2012-04-11,0.0031367297422346596
2012-04-12,0.0023618346926982596
2012-04-13,-0.008249106784985359
2012-04-16,-0.00023023975247026592
2012-04-17,0.00357837930445062
2012-04-18,-0.004134419219193975
2012-04-19,-0.005551103381311687
2012-04-20,-0.011386191712233526
2012-04-23,-0.003307987185252918
2012-04-24,-0.005853024480079264
2012-04-25,-0.003159837598692717
2012-04-26,0.0011485035045670404
2012-04-27,-0.0018618104499421625
2012-04-30,-0.0010122385866530215
2012-05-01,0.003573435686536167
2012-05-02,-0.0023596160046928036
2012-05-03,-0.005670290907295936
2012-05-04,-0.0045069021273080835
2012-05-07,0.008254981040046147
2012-05-08,-0.005938744248375539
2012-05-09,0.0033298606342630527
2012-05-10,-0.002704578171846294
2012-05-11,0.0033712264510483616
2012-05-14,0.0013104697988889837
2012-05-15,0.006844997367517528
2012-05-16,0.0004843680594164469
2012-05-17,-0.0012412542703128266
2012-05-18,-0.001516401437292212
2012-05-21,-0.004956786054438445
2012-05-22,0.00195938883540276
2012-05-23,0.0018222171735650832
2012-05-24,-0.0007204171091064426
2012-05-25,0.0008030361304072583
2012-05-29,-0.001829544210595183
2012-05-30,0.001276781841259162
2012-05-31,0.001311057409527127
2012-06-01,0.0011121702188553824
2012-06-04,0.0003513759948567663
2012-06-05,-0.0022036671397112307
2012-06-06,0.0011378825016959727
2012-06-07,-0.006404220281852139
2012-06-08,0.01011296205663685
2012-06-11,0.00024302261864310448
2012-06-12,0.0011739457666567982
2012-06-13,0.004092844573923592
2012-06-14,-0.0004541129348162908
2012-06-15,-0.003627840159685234
2012-06-18,0.0019537348632089765
2012-06-19,-0.00200209764161718
2012-06-20,0.004562575442428075
2012-06-21,0.007247621923103542
2012-06-22,0.0021949763770228205
2012-06-25,-0.0038392019669307633
2012-06-26,0.0001653977859395318
2012-06-27,-0.005778846513782447
2012-06-28,-0.0009523947221041142
2012-06-29,-0.004198719230895549
2012-07-02,0.003966924085151483
2012-07-03,-0.0051630045954152515
2012-07-05,-0.0013174854661788598
2012-07-06,0.004934035683595444
2012-07-09,-0.0025596639096930923
2012-07-10,0.005720475619245314
2012-07-11,0.003514979914389869
2012-07-12,-0.0009712318555575774
2012-07-13,0.0053556171264019
2012-07-16,-0.00015668105684858258
2012-07-17,0.00030934125752056214
2012-07-18,-0.0037233088557199123
2012-07-19,-0.003703170605164807
2012-07-20,-0.008812093966702673
2012-07-23,0.0007700454008142314
2012-07-24,0.005841016271468946
2012-07-25,-0.01615241956059773
2012-07-26,-0.010880955994720864
2012-07-27,-0.002085153624271516
2012-07-30,0.0033448304151750138
2012-07-31,0.0036310331891059038
2012-08-01,-0.0023310822479061734
2012-08-02,-0.006054987870716117
2012-08-03,-6.948962577888249e-05
2012-08-06,-0.00036816246347767725
2012-08-07,-0.010008655399652334
2012-08-08,-0.007822648241238317
2012-08-09,0.0009427202285408596
2012-08-10,0.007619767080798479
2012-08-13,0.003361077085704532
2012-08-14,0.006657127230379835
2012-08-15,0.002157105264821066
2012-08-16,0.00030851146076276895
2012-08-17,-0.0014223763146942491
2012-08-20,-0.0023683048013332635
2012-08-21,-0.002976819257264201
2012-08-22,-0.003922968207504264
2012-08-23,0.0029544841249478787
2012-08-24,0.0008619121065169995
2012-08-27,-0.0020910224873769523
2012-08-28,0.005582460229163068
2012-08-29,0.005531337845091096
2012-08-30,0.005108748267770439
2012-08-31,-0.00038341821725613757
2012-09-04,0.00026995369861772733
2012-09-05,0.001485066429134533
2012-09-06,0.00011658847997612779
2012-09-07,-0.006912433100570587
2012-09-10,0.003646211499094682
2012-09-11,0.0016428557478713162
2012-09-12,0.003216987408289249
2012-09-13,-0.005430131264554356
2012-09-14,-0.006139901401246492
2012-09-17,0.001596243652455013
2012-09-18,-0.005343883261297791
2012-09-19,0.005326968512299292
2012-09-20,-0.0047202829574565265
2012-09-21,-0.003066085411242371
2012-09-24,0.0011940067668245308
2012-09-25,-0.0008372510091108077
2012-09-26,0.0027335756209776185
2012-09-27,0.00311493078065889
2012-09-28,-0.003725111533449452
2012-10-01,-0.007935306573169286
2012-10-02,-0.002759727525503786
2012-10-03,0.003542729547289384
2012-10-04,-0.0009446575876180568
2012-10-05,-0.004767916265969026
2012-10-08,0.0006273439673230492
2012-10-09,-0.0030056951293007893
2012-10-10,-0.0011719122055789057
2012-10-11,-0.004096304237852429
2012-10-12,-0.0036450692930576453
2012-10-15,0.001310181168804242
2012-10-16,-0.00028662336566104735
2012-10-17,0.00440965946550603
2012-10-18,-0.0015575864409932741
2012-10-19,-0.00767890733866714
2012-10-22,-0.003294624273574185
2012-10-23,0.0017099013565922152
2012-10-24,-0.003850551759274392
2012-10-25,0.003012679150233871
2012-10-26,0.001927801367386606
2012-10-31,0.0015324439074129112
2012-11-01,0.0019006791931154073
2012-11-02,0.0003024371516362355
2012-11-05,0.005588256952373056
2012-11-06,0.0014990732413271142
2012-11-07,-0.002511002911717487
2012-11-08,0.0032012315310551666
2012-11-09,-0.005999672611031288
2012-11-12,-0.0017636118392028953
2012-11-13,-0.0022826139817101517
2012-11-14,0.008922718342506164
2012-11-15,-0.0007098387052795912
2012-11-16,-0.002705668591849352
2012-11-19,-3.966795133718568e-05
2012-11-20,-0.0028918598668851037
2012-11-21,0.0021138228444947736
2012-11-23,0.0006989237627295758
2012-11-26,0.009293947598861499
2012-11-27,-0.0009370592388557547
2012-11-28,-0.0007344642202248277
2012-11-29,0.0003320075813207909
2012-11-30,0.0008298423078848509
2012-12-03,0.0017929961100163247
2012-12-04,0.0019145255880601594
2012-12-05,0.003201454824538827
2012-12-06,-0.001843689604752592
2012-12-07,-0.00972823380453395
2012-12-10,0.0011906529030176478
2012-12-11,0.001998173186767842
2012-12-12,0.0037266828289830665
2012-12-13,0.010780470800895448
2012-12-14,0.0024334283602872953
2012-12-17,-0.002917292624630239
2012-12-18,-0.007534645052983247
2012-12-19,0.00392453001612836
2012-12-20,-0.007932623916609037
2012-12-21,0.00035545790084376845
2012-12-24,0.0010142072091197426
2012-12-26,0.0029967213067075586
2012-12-27,-0.0014691443291019782
2012-12-28,-0.0008037756485730338
2012-12-31,0.0009289516304709308
2013-01-02,-0.0010600581604915265
2013-01-03,0.004234792048507275
2013-01-04,-0.0007815986329005153
2013-01-07,0.005147116433497706
2013-01-08,0.004988144000039779
2013-01-09,-0.005125966360841488
2013-01-10,0.004465224292725919
2013-01-11,0.003032244005885705
2013-01-14,0.005569980973077146
2013-01-15,0.0028819243715698505
2013-01-16,-0.00380559338238147
2013-01-17,0.004164608973245332
2013-01-18,-0.0004280479718733181
2013-01-22,-0.002251599715386494
2013-01-23,0.0030290671574519047
2013-01-24,0.023259531149731765
2013-01-25,0.015719772254838366
2013-01-28,-0.00646268901043623
2013-01-29,-0.005642148481206346
2013-01-30,0.0018604973379936348
2013-01-31,-0.0031361002303368435
2013-02-01,0.004391480811915692
2013-02-04,0.0034529609511988624
2013-02-05,0.0029814049295459866
2013-02-06,0.0064892994991380655
2013-02-07,-0.000547851023441939
2013-02-08,-0.00563772260211155
2013-02-11,0.00508642431556436
2013-02-12,0.00029585041451879126
2013-02-13,0.0029035131039642603
2013-02-14,0.004239762488213855
2013-02-15,0.0010515358172278211
2013-02-19,0.007195377230277491
2013-02-20,-0.005650563248801754
2013-02-21,-0.0021401489986346296
2013-02-22,0.003275746376113513
2013-02-25,-0.0021511187390605897
2013-02-26,0.0019567993375499476
2013-02-27,0.004792062598615739
2013-02-28,0.006471248363490703
2013-03-01,0.0023727175682906627
2013-03-04,0.004163181036780355
2013-03-05,0.0031535503331552232
2013-03-06,0.0016656885864485761
2013-03-07,-0.0006112677748719184
2013-03-08,-0.002459420512338793
2013-03-11,0.0017447517521894044
2013-03-12,-0.0052541082740668495
2013-03-13,0.004830009501284819
2013-03-14,-0.002335352566427963
2013-03-15,-0.005100185319448121
2013-03-18,0.0003686957548912087
2013-03-19,0.00628649014691426
2013-03-20,-0.00016894138859146384
2013-03-21,-0.0007913704451495512
2013-03-22,0.007590563915030243
2013-03-25,0.0034547762117283884
2013-03-26,0.002558358922200224
2013-03-27,-0.0023294841001451285
2013-03-28,0.0010084018490202373
2013-04-01,-0.0011110197085660765
2013-04-02,-0.0029193376496304793
2013-04-03,-0.004703801878151361
2013-04-04,-0.0006912367249021494
2013-04-05,0.002396244302895931
2013-04-08,-0.000318504080035889
2013-04-09,-0.00846691431992526
2013-04-10,0.005380199857270526
2013-04-11,-0.003510489827785475
2013-04-12,0.009240394923059253
2013-04-15,0.018464053770544483
2013-04-16,-0.002720941500467606
2013-04-17,0.005458786990850135
2013-04-18,-0.0022478754557277133
2013-04-19,0.008825107342947119
2013-04-22,-0.0016247830172155715
2013-04-23,0.006194002926413624
2013-04-24,-0.007444789263754359
2013-04-25,-0.005197496336204581
2013-04-26,0.00233619286980513
2013-04-29,-0.005283367397516196
2013-04-30,-0.0025154749111648833
2013-05-01,0.00492012671143836
2013-05-02,-0.004030568626245085
2013-05-03,-0.007466937105113023
2013-05-06,-0.004711905197413094
2013-05-07,-0.0007805375151103466
2013-05-08,-0.006312198908568753
2013-05-09,-0.00043497240082660785
2013-05-10,-0.0028427504868612907
2013-05-13,0.003150811518644516
2013-05-14,0.005532101703848317
2013-05-15,0.008702279667266215
2013-05-16,-0.004144701492025412
2013-05-17,-0.002025588284111079
2013-05-20,-0.010426155239894916
2013-05-21,0.0003799104023009198
2013-05-22,0.0025676625994017783
2013-05-23,0.0007726973949271814
2013-05-24,0.003473785626548614
2013-05-28,-0.0022962699231129455
2013-05-29,-0.006256440125821828
2013-05-30,-0.0033229443192396985
2013-05-31,0.003635791572310082
2013-06-03,0.005317844010662277
2013-06-04,0.003227861621550108
2013-06-05,-0.001289856824655697
2013-06-06,-0.0003265082230402884
2013-06-07,0.0032390116106566745
2013-06-10,0.000630561458407367
2013-06-11,0.0047219905275029846
2013-06-12,0.0025688769453514524
2013-06-13,-0.0019901411886042147
2013-06-14,0.0019253488918501704
2013-06-17,-0.0005979054236443979
2013-06-18,-0.0009586738702966358
2013-06-19,-0.0011320191603369813
2013-06-20,0.003128922471701684
2013-06-21,0.004590106040257211
2013-06-24,0.003127680249363792
2013-06-25,-0.0025751449047958287
2013-06-26,0.005810949597820039
2013-06-27,-0.0005067091249963047
2013-06-28,-0.001215494472615224
2013-07-01,-0.00033114305910746534
2013-07-02,0.0017909462175997968
2013-07-03,0.003213297559397242
2013-07-05,0.0019426407398387743
2013-07-08,0.0011969843401086126
2013-07-09,0.0017322401175012172
2013-07-10,-0.0003943393560065242
2013-07-11,-0.01445128722380604
2013-07-12,0.005145519747275681
2013-07-15,0.0016444571952420294
2013-07-16,-0.00014313989450981862
2013-07-17,0.0028165128550677408
2013-07-18,0.004338424711644337
2013-07-19,-0.004482509426975726
2013-07-22,0.0028632338084123585
2013-07-23,0.00013820206427771672
2013-07-24,0.0036286117087275
2013-07-25,-0.0027898604073372983
2013-07-26,-0.0072223863770561276
2013-07-29,-0.0029827544105228156
2013-07-30,0.002133486430488947
2013-07-31,0.00023818886566696144
2013-08-01,0.007549424824803727
2013-08-02,0.0016549994183529776
2013-08-05,0.004137760755597105
2013-08-06,0.0006304411937305427
2013-08-07,-0.0014779401022681484
2013-08-08,-0.001965329873948573
2013-08-09,-0.009679265266704817
2013-08-12,-0.0034132285908836
2013-08-13,0.008023751824193405
2013-08-14,-0.003416327978696721
2013-08-15,-0.010379030017810483
2013-08-16,0.008362605129838914
2013-08-19,0.003895560877126118
2013-08-20,0.0006228261448463818
2013-08-21,0.003042002427353501
2013-08-22,-0.008978850509382677
2013-08-23,-0.0033114435455837924
2013-08-26,-0.002392785816042387
2013-08-27,-0.004717764581542017
2013-08-28,0.003547714338007678
2013-08-29,0.005223701228087276
2013-08-30,-0.004615807943501447
2013-09-03,0.005001953702716603
2013-09-04,0.005643179150474793
2013-09-05,-0.0011941737624760014
2013-09-06,-5.096569701233652e-05
2013-09-09,-0.004179517296694423
2013-09-10,0.003606009253013578
2013-09-11,-0.0028011151442633745
2013-09-12,-0.0009427024419996363
2013-09-13,-0.001116868224969763
2013-09-16,-0.005318955618788331
2013-09-17,0.0008911118321100747
2013-09-18,-0.0009516990179715263
2013-09-19,-0.0014254902160757475
2013-09-20,0.0037432617940146534
2013-09-23,0.00116019229529733
2013-09-24,0.005930195618947398
2013-09-25,0.0002084958710449736
2013-09-26,0.004782359180035157
2013-09-27,0.0032384980452698497
2013-09-30,0.002779821615160726
2013-10-01,0.0033318757534639334
2013-10-02,0.0006041478822433646
2013-10-03,-0.000791840988763101
2013-10-04,0.0025526124173815266
2013-10-07,-0.0031500734447310074
2013-10-08,-0.005261345051696626
2013-10-09,-0.008713115437779535
2013-10-10,0.007414814466731331
2013-10-11,-0.0021956191352214597
2013-10-14,0.002178181272906074
2013-10-15,0.0043954921620998535
2013-10-16,-0.005014015171107456
2013-10-17,-0.00020541912089292185
2013-10-18,0.0006839040257466884
2013-10-21,0.002590152478327122
2013-10-22,-0.0018699486291996607
2013-10-23,-0.0017281374633713656
2013-10-24,0.007567848965380937
2013-10-25,-0.00014419961866639418
2013-10-28,-0.006945803282872875
2013-10-29,0.006768684248503541
2013-10-30,-2.4116761918192733e-05
2013-10-31,0.0032136156010137296
2013-11-01,-0.005553953371967111
2013-11-04,0.00016131109522138777
2013-11-05,0.002502151394637201
2013-11-06,-0.00399277285573105
2013-11-07,-0.015891837956709124
2013-11-08,0.006717795195866498
2013-11-11,0.0005081632164258289
2013-11-12,-0.0009189772198435504
2013-11-13,0.0009698953989380274
2013-11-14,0.007961171580484138
2013-11-15,-0.0011996120435771587
2013-11-18,-0.0032143085760219653
2013-11-19,-0.004153870169706403
2013-11-20,-0.0012339690365326048
2013-11-21,0.0065395541832213265
2013-11-22,-0.0005788424500992528
2013-11-25,0.0005102295257894088
2013-11-26,0.0035786007082567735
2013-11-27,0.0006373676089127609
2013-11-29,3.258014719226225e-05
2013-12-02,0.0007358050186012214
2013-12-03,-0.0010015402479743559
2013-12-04,-0.00031851597173893683
2013-12-05,0.004524497854338906
2013-12-06,0.00012313948611707344
2013-12-09,-0.0021494083190566476
2013-12-10,0.0008244775684455338
2013-12-11,0.0023642532454645707
2013-12-12,0.0023002850684316393
2013-12-13,0.003639372300606215
2013-12-16,-0.003638571530559941
2013-12-17,0.00253544659717747
2013-12-18,-0.000913810127339456
2013-12-19,-4.073761261121829e-05
2013-12-20,-0.003982540399615736
2013-12-23,0.004890606120760854
2013-12-24,-0.001349224521285273
2013-12-26,-0.0009883802286788194
2013-12-27,-0.0035800772378958077
2013-12-30,-0.003469911597090943
2013-12-31,0.0023625343586771885
2014-01-02,0.0014339365609608433
2014-01-03,-0.0016172471763029053
2014-01-06,0.00023715125695689476
2014-01-07,-0.00011752360910288864
2014-01-08,-0.0041095180787116105
2014-01-09,-0.009189596619411423
2014-01-10,-0.0009057746262363784
2014-01-13,0.003193737693266127
2014-01-14,-0.0031915956478578865
2014-01-15,0.0012844219343425018
2014-01-16,-0.003150103629988922
2014-01-17,-0.004163940594233386
2014-01-21,-0.003463322838906759
2014-01-22,-0.0005556511239455106
2014-01-23,-0.0002495944600404461
2014-01-24,0.005425773897173873
2014-01-27,-0.00015361731549311396
2014-01-28,0.0006773125500802569
2014-01-29,-0.0042354629702197185
2014-01-30,-0.0035138227822453607
2014-01-31,0.00039462507713028513
2014-02-03,0.0013148128576555898
2014-02-04,-0.0027687699593951782
2014-02-05,0.002044582886813531
2014-02-06,0.0027580573486743736
2014-02-07,-0.001191453066972311
2014-02-10,-0.011769106329993116
2014-02-11,-0.004438524973771783
2014-02-12,0.000712508305461636
2014-02-13,0.0016033291917192305
2014-02-14,-0.0009595355999130989
2014-02-18,-0.0013377322681415883
2014-02-19,0.0003385375560359449
2014-02-20,-0.0008205602660596564
2014-02-21,0.0053100021001528455
2014-02-24,0.00017850091006886066
2014-02-25,0.0007209712726074977
2014-02-26,0.004398438225964609
2014-02-27,0.0020336550541057625
2014-02-28,-0.011878637277587572
2014-03-03,-0.003525218106410255
2014-03-04,0.0011734351043829565
2014-03-05,-0.0019718558064995687
2014-03-06,0.002105932214635186
2014-03-07,-0.001356531964753486
2014-03-10,-0.0032614468885857075
2014-03-11,0.0016820023030009509
2014-03-12,-0.004447616604025269
2014-03-13,-0.001498221438880486
2014-03-14,0.0024540293039053145
2014-03-17,0.000658513322415198
2014-03-18,0.0015091850597709765
2014-03-19,0.0025483463735568768
2014-03-20,-0.00045413203307626774
2014-03-21,-0.002737058624126788
2014-03-24,-0.006938364804605527
2014-03-25,0.002322256027916085
2014-03-26,-0.004964699677855131
2014-03-27,0.003661854524875768
2014-03-28,6.825524717610721e-05
2014-03-31,-0.0017806286146704316
2014-04-01,0.0056713057879381745
2014-04-02,-0.00048299936980187664
2014-04-03,-0.0006950194136998022
2014-04-04,-0.0042610831014110815
2014-04-07,-0.002432541362029097
2014-04-08,0.0028347425229272825
2014-04-09,0.007201368857036544
2014-04-10,0.003128793400024121
2014-04-11,0.005964561398631508
2014-04-14,-0.005580102289570646
2014-04-15,-0.0035417056363133293
2014-04-16,-0.006062104202801485
2014-04-17,0.0003612621252332402
2014-04-21,-0.005124893658536663
2014-04-22,-0.00893467075681035
2014-04-23,0.003307866196312281
2014-04-24,0.0017450655133031702
2014-04-25,0.00861177599318901
2014-04-28,0.011100329996237003
2014-04-29,-0.0102063486471662
2014-04-30,0.000230460615926346
2014-05-01,-0.00577330498582568
2014-05-02,-0.00029347838683319656
2014-05-05,-0.0023861477727895384
2014-05-06,0.006144315467085654
2014-05-07,0.01057323103719146
2014-05-08,0.004062894497056186
2014-05-09,0.0019226168252279735
2014-05-12,-0.011943015627370249
2014-05-13,0.0015483989750904638
2014-05-14,0.0016813925339364496
2014-05-15,0.0006551416761750631
2014-05-16,-0.0008867965026905175
2014-05-19,-0.0020103181988907672
2014-05-20,0.00441405055244618
2014-05-21,-0.0006664374265971363
2014-05-22,-0.005230099302618628
2014-05-23,-0.0019992614242863496
2014-05-27,-0.006377368848405061
2014-05-28,0.002252960802673999
2014-05-29,0.002949018523478157
2014-05-30,0.005741467000533267
2014-06-02,-0.0008995629959604494
2014-06-03,0.0027530355465661704
2014-06-04,-0.001514348269358201
2014-06-05,-0.0010166789098116332
2014-06-06,0.0012728714640885203
2014-06-09,0.003058788171535359
2014-06-10,-0.0018383481268193955
2014-06-11,-0.006636220936025765
2014-06-12,0.002565968319980114
2014-06-13,0.00038218259729835705
2014-06-16,0.0008509229188083276
2014-06-17,-0.001827878140257068
2014-06-18,-0.0029488176462060967
2014-06-19,0.0011896879503708816
2014-06-20,0.0016936539457269707
2014-06-23,-0.0010031426270661165
2014-06-24,0.0036706420979537874
2014-06-25,-0.002941825988704777
2014-06-26,0.000775922441945791
2014-06-27,-0.004780722076012707
2014-06-30,0.00023106417295092518
2014-07-01,0.001587413582832994
2014-07-02,0.00010024730921975834
2014-07-03,-9.432448594180998e-05
2014-07-07,0.00164676218591001
2014-07-08,0.003927158930159523
2014-07-09,-3.075648529926375e-05
2014-07-10,-0.0006342552386680879
2014-07-11,-0.007288255139481123
2014-07-14,-0.0019138806853382848
2014-07-15,-0.0030541852543653973
2014-07-16,0.0036348269872540358
2014-07-17,0.007632872024535816
2014-07-18,-0.004866423969380609
2014-07-21,0.00041942224189939626
2014-07-22,-0.002681531364998376
2014-07-23,-0.008173339994764772
2014-07-24,-0.0003371633029415074
2014-07-25,0.0023774830027920362
2014-07-28,0.0009506191298819405
2014-07-29,-0.004948117929914371
2014-07-30,-0.004097041968769264
2014-07-31,-0.0023049878136116677
2014-08-01,0.004139214637080236
2014-08-04,0.0014468875711252053
2014-08-05,0.0008613675066878823
2014-08-06,0.006003751698601902
2014-08-07,0.0011838686270483002
2014-08-08,-0.0010788394369170122
2014-08-11,0.002938447383807903
2014-08-12,0.0023991007007637564
2014-08-13,6.608939952367106e-05
2014-08-14,-0.0027600751467311167
2014-08-15,-0.0013891759822149705
2014-08-18,0.003930567513897529
2014-08-19,-0.0037527206964257367
2014-08-20,-0.0019061536713544055
2014-08-21,0.003595762980637581
2014-08-22,0.001502606635068538
2014-08-25,-2.154351104912063e-05
2014-08-26,-0.001304618704203629
2014-08-27,-0.0038880543662089483
2014-08-28,-1.2175895782464225e-05
2014-08-29,-0.0021078100294748426
2014-09-02,0.007196681978140571
2014-09-03,0.0002605567983858223
2014-09-04,0.0007498427385344907
2014-09-05,-0.0046504929213798205
2014-09-08,0.005133986265816112
2014-09-09,-0.003704227378270136
2014-09-10,-0.0030702174807824938
2014-09-11,0.0003254435803733166
2014-09-12,0.008040936511852725
2014-09-15,-0.0035555693446839686
2014-09-16,-0.00258645175823852
2014-09-17,0.0021195123381223323
2014-09-18,0.0020592380355080723
2014-09-19,-0.00132673542859091
2014-09-22,-0.004909841065145412
2014-09-23,0.005716265700912735
2014-09-24,0.00215874694777992
2014-09-25,-0.002441386275768801
2014-09-26,0.008970239846519894
2014-09-29,0.0023900364861032483
2014-09-30,0.005432782042506736
2014-10-01,-0.0015546058117173402
2014-10-02,0.0038731436334343587
2014-10-03,0.0050592785460666576
2014-10-06,-0.0008771888701920651
2014-10-07,0.0005761904200839754
2014-10-08,0.002123589265724749
2014-10-09,-0.0017039549400191846
2014-10-10,0.010261942544806007
2014-10-13,0.010213960310494574
2014-10-14,0.00027411415521643714
2014-10-15,-0.013069740154694707
2014-10-16,-0.01168650452327991
2014-10-17,0.00031996579736932613
2014-10-20,0.00024440601035035465
2014-10-21,-0.013138406687953057
2014-10-22,0.008774145648389624
2014-10-23,-0.008951163368581611
2014-10-24,0.0049351122681567374
2014-10-27,0.003914075346394887
2014-10-28,-0.009367607750583018
2014-10-29,0.005776100068378277
2014-10-30,0.001193214110664095
2014-10-31,-0.002966778220958024
2014-11-03,0.0051818963121194024
2014-11-04,0.011723671261911253
2014-11-05,6.763459922298837e-06
2014-11-06,-0.008299493897473954
2014-11-07,-0.011511349219487679
2014-11-10,0.004354540919724687
2014-11-11,-0.0047963983709791835
2014-11-12,0.0011935861045694605
2014-11-13,0.002359965844275061
2014-11-14,-0.00784669723154506
2014-11-17,0.005837776225968883
2014-11-18,0.005750184754572058
2014-11-19,0.0009400523845758812
2014-11-20,-0.007108040506531632
2014-11-21,-0.004408616690535082
2014-11-24,0.003499623669108194
2014-11-25,0.006618866915668727
2014-11-26,0.010175891918778742
2014-11-28,0.024982469307571135
2014-12-01,-0.0011494125376055844
2014-12-02,0.0002321790590798429
2014-12-03,-0.006421169822424611
2014-12-04,0.006053692734590963
2014-12-05,0.005567775856622966
2014-12-08,0.010783431946081171
2014-12-09,-0.004445690059874715
2014-12-10,0.002248702151090492
2014-12-11,0.0022168541366651313
2014-12-12,0.0011399972267895982
2014-12-15,0.004099897221317574
2014-12-16,-0.0046764541211221766
2014-12-17,-0.011680761194166903
2014-12-18,0.0004065342956634749
2014-12-19,-0.009784968045511561
2014-12-22,0.009048105343570072
2014-12-23,-0.00388624862042862
2014-12-24,0.002136526045110985
2014-12-26,-0.0008015576022158829
2014-12-29,0.0015519695262880414
2014-12-30,0.0006742319068190174
2014-12-31,0.00024250014764781714
2015-01-02,-0.003619148516907599
2015-01-05,0.02041862844241922
2015-01-06,0.005521940297244461
2015-01-07,0.012718644849936232
2015-01-08,-0.002792243865354708
2015-01-09,-0.007065770245379389
2015-01-12,0.016899021817407066
2015-01-13,0.0032967236757652594
2015-01-14,-0.00014103972427768663
2015-01-15,0.004198883101277819
2015-01-16,-0.010202713983342666
2015-01-20,0.0010048000164872637
2015-01-21,-0.01687836528587697
2015-01-22,0.004956483266415555
2015-01-23,-0.0005152562925590086
2015-01-26,-0.010957105504869856
2015-01-27,-0.004487414413673393
2015-01-28,0.015758644975707364
2015-01-29,0.005999673586418247
2015-01-30,-0.024450592514686422
2015-02-02,-0.015831211358696057
2015-02-03,-0.012197457627047787
2015-02-04,0.018692730661278446
2015-02-05,0.00018573652828700028
2015-02-06,-0.003864933777003348
2015-02-09,-0.011097305587425913
2015-02-10,0.0010468456138837288
2015-02-11,0.0012885458277139589
2015-02-12,-0.003297394039498926
2015-02-13,-0.010038537535870926
2015-02-17,-0.002444183103206132
2015-02-18,0.007027467454690016
2015-02-19,0.0003560600038409323
2015-02-20,0.00530362018543059
2015-02-23,0.007840034379638719
2015-02-24,-0.0010715012984840585
2015-02-25,-0.0018252574195498348
2015-02-26,0.003939326474107258
2015-02-27,-0.001945977448318501
2015-03-02,0.002706187129337101
2015-03-03,0.0007887421805618575
2015-03-04,-0.0011064327926205435
2015-03-05,0.004489375485417476
2015-03-06,0.0020469017812091263
2015-03-09,0.008047691622504202
2015-03-10,0.0035324351971975777
2015-03-11,-0.000880014710846036
2015-03-12,0.0008745975650379994
2015-03-13,0.004967019907653929
2015-03-16,0.0019907947913103906
2015-03-17,0.0027882700160300833
2015-03-18,-0.0008283580242168154
2015-03-19,0.0032536307656918445
2015-03-20,-0.004381959660192886
2015-03-23,-0.00040241288956909324
2015-03-24,0.0030799589706252627
2015-03-25,-0.0009163450759008302
2015-03-26,0.0046150825393913185
2015-03-27,0.003257029528546448
2015-03-30,0.0018205560901870675
2015-03-31,-0.002534784861501401
2015-04-01,-0.0005008881803585325
2015-04-02,-0.00308233143439912
2015-04-06,-0.003736039483593835
2015-04-07,-0.004265848484418027
2015-04-08,0.0031242311868849315
2015-04-09,-0.0042189585098334845
2015-04-10,0.00250015801387854
2015-04-13,-0.007457457245604344
2015-04-14,0.0015759558229593911
2015-04-15,-0.005924244010869978
2015-04-16,0.00760098466021346
2015-04-17,-0.0006565369191849762
2015-04-20,-0.0021151376403708336
2015-04-21,0.004673932015889497
2015-04-22,-0.0012250180909897416
2015-04-23,0.0056058555051307765
2015-04-24,0.001740821026264265
2015-04-27,-0.004701735509578904
2015-04-28,-0.008063891013319044
2015-04-29,0.0010740671450771729
2015-04-30,-0.00920917844836845
2015-05-01,-0.00043401504264147347
2015-05-04,0.0009957794412375155
2015-05-05,0.0008497936593813234
2015-05-06,0.003110231269985216
2015-05-07,0.0028664906618684842
2015-05-08,-0.0013083343772473598
2015-05-11,-0.0032720984191226847
2015-05-12,-0.0013257633412481153
2015-05-13,0.003054882626498984
2015-05-14,0.0048994723777134
2015-05-15,0.0012781176268254586
2015-05-18,0.0023055494216007435
2015-05-19,0.002009446370091946
2015-05-20,0.0005553145228177897
2015-05-21,-0.0020398451010316013
2015-05-22,0.0032070300644091608
2015-05-26,0.00053460334067795
2015-05-27,0.00873479492885502
2015-05-28,0.0022714856946981768
2015-05-29,0.0018818167383976927
2015-06-01,0.0006322968582670675
2015-06-02,0.0013580821316101388
2015-06-03,0.0026824567718284733
2015-06-04,0.0003474318608445176
2015-06-05,0.005771645160389638
2015-06-08,-0.0002910538880020215
2015-06-09,0.0024577086230573152
2015-06-10,0.004663311706055877
2015-06-11,-0.004286594185855374
2015-06-12,-0.001486376497858665
2015-06-15,0.0014882476555392213
2015-06-16,0.0027887899498625587
2015-06-17,-0.003021083287509792
2015-06-18,-0.0034995651014266826
2015-06-19,-0.004028617679783396
2015-06-22,0.0032320980373910773
2015-06-23,0.004512972452974269
2015-06-24,0.0045011974247528294
2015-06-25,0.00251201737214302
2015-06-26,0.007901215213018876
2015-06-29,0.0019214237517561818
2015-06-30,0.0034562992252733407
2015-07-01,-0.002542825456645463
2015-07-02,-0.00038319220712116156
2015-07-06,0.00018362533772787855
2015-07-07,-0.0070502208436097995
2015-07-08,0.0012665720047731232
2015-07-09,0.0004468366291250478
2015-07-10,-0.00045013195437058515
2015-07-13,0.002414675295357586
2015-07-14,-0.00501394939423144
2015-07-15,0.012098069141832781
2015-07-16,0.015662175414771513
2015-07-17,0.01381397663598437
2015-07-20,0.00990086849701612
2015-07-21,-0.0012909500508923055
2015-07-22,0.01167516444468771
2015-07-23,-0.010455990672129961
2015-07-24,0.011954515430074494
2015-07-27,-0.002232816243441777
2015-07-28,-0.012931310478440986
2015-07-29,-0.004313426408869522
2015-07-30,0.005295827961426248
2015-07-31,0.015410935065941362
2015-08-03,0.01296395882881058
2015-08-04,0.0037418215090980864
2015-08-05,0.003004639288282265
2015-08-06,-0.006086826513478383
2015-08-07,0.005243421727613461
2015-08-10,-0.013027360378498781
2015-08-11,0.007275008907584021
2015-08-12,-0.010190871955414356
2015-08-13,0.01419996332610883
2015-08-14,0.004902085032560822
2015-08-17,0.0010908745884259537
2015-08-18,0.0035328394691504015
2015-08-19,0.0121496699410686
2015-08-20,-0.0039316674804852556
2015-08-21,-0.012918437623853418
2015-08-24,0.0006307273836700919
2015-08-25,0.011576964846199998
2015-08-26,0.015423322277811917
2015-08-27,-0.022552154120226688
2015-08-28,-0.014529603449105453
2015-08-31,-0.019403689965746228
2015-09-01,0.0019055003542452072
2015-09-02,0.010138330169026141
2015-09-03,-0.002724817726619209
2015-09-04,0.0020839843412983417
2015-09-08,0.0028133915324053175
2015-09-09,0.004563959636009169
2015-09-10,-0.0023241470623220923
2015-09-11,0.006602399992345943
2015-09-14,-0.0020532013067662354
2015-09-15,0.00015630635546691837
2015-09-16,-0.016858851790547257
2015-09-17,0.010915752263018061
2015-09-18,0.008385402384940292
2015-09-21,0.0049652778661166295
2015-09-22,0.006071245481669788
2015-09-23,0.018278473497259612
2015-09-24,-0.003106498226699353
2015-09-25,-0.0029851255081032976
2015-09-28,0.003401034311436597
2015-09-29,-0.004764342707530499
2015-09-30,0.0002876153827756282
2015-10-01,0.013005506486454576
2015-10-02,-0.022372269911779624
2015-10-05,-0.013068266599423593
2015-10-06,-0.026443205301443826
2015-10-07,-0.00667414006346683
2015-10-08,-0.00961156204408749
2015-10-09,-0.0021095891791525485
2015-10-12,0.005030280059159263
2015-10-13,0.003031673625175454
2015-10-14,0.0037973871315767297
2015-10-15,-0.009811299833871186
2015-10-16,0.0024571559515715142
2015-10-19,0.005792695186884191
2015-10-20,-0.0018793914840202885
2015-10-21,0.0026668687736742434
2015-10-22,0.01060989508469439
2015-10-23,-0.005025056755530682
2015-10-26,0.0066602774229281595
2015-10-27,-0.006586702404240587
2015-10-28,-0.007058592232261724
2015-10-29,-0.004657582637358759
2015-10-30,0.0058156159402788276
2015-11-02,-0.010615290193438705
2015-11-03,0.0020158368376730247
2015-11-04,0.005457870745820589
2015-11-05,0.006644938883461652
2015-11-06,-0.0070013762548053506
2015-11-09,-0.006408525339221657
2015-11-10,0.0015261782760238368
2015-11-11,0.00880511374343097
2015-11-12,0.003985963753072487
2015-11-13,-0.010270840128214803
2015-11-16,-0.003777507588011334
2015-11-17,-0.0021658354609658467
2015-11-18,0.0002994268513043242
2015-11-19,0.010711293290829843
2015-11-20,0.006912773600845741
2015-11-23,0.0005997709376652207
2015-11-24,-0.0032557786890639235
2015-11-25,-0.003354599800935515
2015-11-27,0.0005130804317994671
2015-11-30,3.353497317036167e-07
2015-12-01,-0.0010576037588307123
2015-12-02,-0.0010447702191348262
2015-12-03,0.009988321922335827
2015-12-04,0.006961346575032073
2015-12-07,0.005301907979688884
2015-12-08,0.004740797214907329
2015-12-09,-0.01533092653410939
2015-12-10,-0.005669702688633836
2015-12-11,0.005532914780562289
2015-12-14,0.014111252242820222
2015-12-15,-0.0026163146700903086
2015-12-16,0.004024355306810617
2015-12-17,0.009756605927319984
2015-12-18,-0.010338116492636697
2015-12-21,-0.0008643881137771667
2015-12-22,-0.004495457494517351
2015-12-23,-0.018877926922457905
2015-12-24,-5.0149694678382e-05
2015-12-28,0.014497691715127353
2015-12-29,-0.003022192420534337
2015-12-30,0.009045379913975336
2015-12-31,-0.009544884895999327
2016-01-04,-0.01065660784836579
2016-01-05,-0.0012021980113141937
2016-01-06,0.014011957674511832
2016-01-07,0.0014865554752033301
2016-01-08,-0.0005021081706934053
2016-01-11,-0.009965575115374315
2016-01-12,-0.0038936420174789906
2016-01-13,-0.003956960209103809
2016-01-14,0.003935341363823424
2016-01-15,0.004497255053593617
2016-01-19,0.005796075169785357
2016-01-20,0.006251955141040528
2016-01-21,0.007711022854608681
2016-01-22,0.00031057563229265877
2016-01-25,0.0060997773239179105
2016-01-26,0.0013592714307536474
2016-01-27,-0.0016035465572566228
2016-01-28,0.00045144250752938736
2016-01-29,-0.0054634464807741916
2016-02-01,0.006040039164188099
2016-02-02,0.002951686141682385
2016-02-03,-0.005844573129838967
2016-02-04,0.0005775215351355691
2016-02-05,0.004806996401588065
2016-02-08,0.004436226732713201
2016-02-09,-0.006286530723496836
2016-02-10,-0.012449445666642776
2016-02-11,-0.0020306001300371542
2016-02-12,0.016052317664216574
2016-02-16,-0.005670030968226974
2016-02-17,0.009997988354457709
2016-02-18,0.00018087444253126045
2016-02-19,-0.014417624201339041
2016-02-22,0.002514014658374317
2016-02-23,-0.010416093871468047
2016-02-24,-0.006530091114046423
2016-02-25,-0.004707382906983186
2016-02-26,-0.0024979221693892536
2016-02-29,0.010642363761896817
2016-03-01,-0.008059776888226462
2016-03-02,0.011006108166405085
2016-03-03,-0.001616260191484367
2016-03-04,0.006435624004254869
2016-03-07,0.0014243432701244426
2016-03-08,-0.00563692887396127
2016-03-09,-0.0010419713177423308
2016-03-10,0.0032343065997773117
2016-03-11,-0.010293761397508885
2016-03-14,0.005586163560518379
2016-03-15,0.007835778195972963
2016-03-16,0.01020454856233485
2016-03-17,0.008248076782461006
2016-03-18,-0.011688207340189473
2016-03-21,-0.0021090145700379754
2016-03-22,-0.004257372333429193
2016-03-23,-0.0028107138589378564
2016-03-24,-0.00012795239709691907
2016-03-28,0.00481148890498535
2016-03-29,1.3773437327657991e-05
2016-03-30,0.005367974591929973
2016-03-31,-0.0034584498460269023
2016-04-01,-0.011044585882345224
2016-04-04,-0.005656363922785517
2016-04-05,0.0044651370470403726
2016-04-06,-0.014103224279500804
2016-04-07,0.003976936053716068
2016-04-08,0.0068478740953847915
2016-04-11,0.0038451725817452605
2016-04-12,-0.004234449808711729
2016-04-13,-0.006154348951518557
2016-04-14,0.005291443569909578
2016-04-15,-0.0012187172056839152
2016-04-18,-0.001958337640804674
2016-04-19,-0.0037145924930526535
2016-04-20,-0.004206576182546257
2016-04-21,-0.00793296163243402
2016-04-22,0.0007053192425879693
2016-04-25,-0.001297423065996044
2016-04-26,0.002051993148993863
2016-04-27,0.001037854541905999
2016-04-28,-0.004950725322231902
2016-04-29,0.00675445141275522
2016-05-02,-0.003914765396829833
2016-05-03,-0.004672538185954948
2016-05-04,0.003543785762889718
2016-05-05,0.0014264505570454832
2016-05-06,0.014403575302739398
2016-05-09,-0.007871115559846336
2016-05-10,0.0018747249510805797
2016-05-11,0.005195768790145675
2016-05-12,0.007581785516558926
2016-05-13,-0.006523207551987003
2016-05-16,-0.0018185388806563159
2016-05-17,0.0014402918872426069
2016-05-18,-0.0020583365281120433
2016-05-19,0.007215664994036723
2016-05-20,-0.0014057019333242812
2016-05-23,0.0020930064727665617
2016-05-24,-0.005707920829096539
2016-05-25,-0.0018531835892175385
2016-05-26,0.0010456782048446059
2016-05-27,-0.00026601534924321863
2016-05-31,-0.0010041012629265697
2016-06-01,-0.008915991732192369
2016-06-02,-0.0023682824011537302
2016-06-03,0.0039281451544505375
2016-06-06,-0.0006012042140077258
2016-06-07,0.0034000018677348347
2016-06-08,-0.004863373368980246
2016-06-09,0.002897203102889566
2016-06-10,-0.007520594665629992
2016-06-13,0.003902846654596874
2016-06-14,0.0014362956315916808
2016-06-15,0.0001769871453948462
2016-06-16,-8.149740872383151e-05
2016-06-17,0.005180343175391949
2016-06-20,0.0008914650144135948
2016-06-21,0.005149357900244936
2016-06-22,-0.001745022844681665
2016-06-23,0.009637777419512654
2016-06-24,-0.002445808850608402
2016-06-27,-0.0019167946766636373
2016-06-28,0.0050221735461580775
2016-06-29,-0.0006508398927657985
2016-06-30,0.0038865375498151737
2016-07-01,-0.004443975059790001
2016-07-05,-0.006744144735737423
2016-07-06,0.000925374832175735
2016-07-07,0.0015610692448824468
2016-07-08,0.0022295869075073717
2016-07-11,-0.002822596947710577
2016-07-12,-0.006898622852527559
2016-07-13,0.004247589894529185
2016-07-14,-0.003237904891921285
2016-07-15,-0.0018394648534327568
2016-07-18,-0.003442216572606332
2016-07-19,0.0019472484125481254
2016-07-20,-0.003497851288910534
2016-07-21,-0.006681279630472478
2016-07-22,-0.002860403170529592
2016-07-25,0.004496712522944087
2016-07-26,-0.0021257586771734386
2016-07-27,-0.0016408563340614335
2016-07-28,-0.006564180232599182
2016-07-29,0.003290118774981049
2016-08-01,-0.0016047752749777104
2016-08-02,-0.003379199888360925
2016-08-03,-0.006704940060490409
2016-08-04,0.005597767976836618
2016-08-05,-0.0014525842852853538
2016-08-08,-0.003069304879953136
2016-08-09,0.0034714180120029316
2016-08-10,-0.008338898761521513
2016-08-11,0.002121250786807434
2016-08-12,0.0023095395632686333
2016-08-15,0.0004242432305516304
2016-08-16,-0.0004902827293728087
2016-08-17,0.0019488217912391529
2016-08-18,0.0037308163328705147
2016-08-19,-0.001634573393391347
2016-08-22,-0.005243556020915232
2016-08-23,0.0012975886232289287
2016-08-24,-0.0026533058779988567
2016-08-25,0.008960878257550455
2016-08-26,0.004524988367546645
2016-08-29,0.0018742995521813985
2016-08-30,0.0010204502403840816
2016-08-31,0.0024393822036941383
2016-09-01,0.0023233256105606075
2016-09-02,-0.004539372602186685
2016-09-06,0.007231671622777569
2016-09-07,0.0002677035987563571
2016-09-08,-0.0029407351656213143
2016-09-09,-0.007136690007381946
2016-09-12,-0.001472851640355599
2016-09-13,-0.0016637860692261018
2016-09-14,-0.0030045880738313858
2016-09-15,0.004110489893350625
2016-09-16,-0.0019235467687168295
2016-09-19,0.0004199316052838135
2016-09-20,-0.0017184413965000054
2016-09-21,0.0030635928564528825
2016-09-22,-0.001995877468770211
2016-09-23,-0.001749005717484509
2016-09-26,-0.0004127124437594694
2016-09-27,-2.8221165952281525e-05
2016-09-28,0.009756751003443228
2016-09-29,0.0030076738589399697
2016-09-30,0.00808433155902731
2016-10-03,0.0031504339117663085
2016-10-04,0.0018611562144289684
2016-10-05,0.011335210391194015
2016-10-06,-0.000539337987636643
2016-10-07,-0.0028305325781248945
2016-10-10,-0.0024759023567472826
2016-10-11,-0.0006769015738297691
2016-10-12,0.0018843424094443792
2016-10-13,-0.004622623556078328
2016-10-14,0.0026227455012248027
2016-10-17,-0.0012970098774309437
2016-10-18,0.0035795053626113144
2016-10-19,0.008720886198817182
2016-10-20,-0.006196968456681116
2016-10-21,0.0066807452180872
2016-10-24,0.0014331788032633005
2016-10-25,0.00017261372468839733
2016-10-26,-0.0034664018156718604
2016-10-27,-0.0019504632566948658
2016-10-28,0.009406887884964268
2016-10-31,0.00027935621275452014
2016-11-01,-0.0015880731071501299
2016-11-02,-0.006905891722449586
2016-11-03,0.012490593369381601
2016-11-04,-0.0061145840219549025
2016-11-07,0.002363793663628354
2016-11-08,0.0025137482197257
2016-11-09,-0.01772702334025595
2016-11-10,-0.004677670039184335
2016-11-11,0.01357657133950754
2016-11-14,-0.0006257422176459701
2016-11-15,0.004537535103913694
2016-11-16,-0.002075392797284519
2016-11-17,0.005300957358053664
2016-11-18,0.00779937250978578
2016-11-21,0.0017648135493618115
2016-11-22,0.0029435271116270995
2016-11-23,0.0021585204689816687
2016-11-25,0.001568327533561539
2016-11-28,-0.0011431593946201446
2016-11-29,-0.0042884770057713215
2016-11-30,0.006604832676091819
2016-12-01,0.003600728698666238
2016-12-02,-0.0013422769676221817
2016-12-05,0.006519671790915793
2016-12-06,0.004149618935961994
2016-12-07,0.01729085169166114
2016-12-08,-0.001164943211024381
2016-12-09,-0.0011918054194181625
2016-12-12,-0.0031234867600062354
2016-12-13,-0.000799432100302549
2016-12-14,-0.005555731235886293
2016-12-15,0.004582615104293849
2016-12-16,-0.002963029750274857
2016-12-19,0.00562530410829361
2016-12-20,0.0038271208719045254
2016-12-21,0.0031258499908298166
2016-12-22,0.0016770901518607802
2016-12-23,-0.004376709481308087
2016-12-27,0.0015849224674003139
2016-12-28,-0.004754088208457122
2016-12-29,-0.005530804773606316
2016-12-30,-0.0002584183661958105
2017-01-03,-0.000526992517638264
2017-01-04,0.0014011106666819357
2017-01-05,-0.012146300721529344
2017-01-06,-0.0049218602248490995
2017-01-09,-0.008143845814669624
2017-01-10,-0.006343435952332289
2017-01-11,-0.003556923269833094
2017-01-12,-0.0015739191800618183
2017-01-13,0.0013962587162222669
2017-01-17,-0.0021580651615243363
2017-01-18,0.0010218315976649715
2017-01-19,0.004828176866734117
2017-01-20,-0.007373398111039636
2017-01-23,0.006134978688132453
2017-01-24,0.0010486649765990483
2017-01-25,3.949721434966919e-05
2017-01-26,0.00026316339503809085
2017-01-27,0.002020485041886739
2017-01-30,0.001842897841211413
2017-01-31,0.004463984672069098
2017-02-01,0.004405226752260788
2017-02-02,-0.0008163227131693114
2017-02-03,-0.0014312233017910769
2017-02-06,0.0026091970288859077
2017-02-07,0.0025769858695271776
2017-02-08,-0.002922711129973172
2017-02-09,-0.012067980937119522
2017-02-10,0.0023435605262087226
2017-02-13,-0.007832596488578284
2017-02-14,-0.005688212199918401
2017-02-15,0.0010216995112592162
2017-02-16,0.0019046954603366632
2017-02-17,0.003084238155449816
2017-02-21,0.004291489187887217
2017-02-22,0.0026614759846507138
2017-02-23,-0.0012390419363386292
2017-02-24,-0.0012687012981823763
2017-02-27,-0.004750952038202096
2017-02-28,0.0013520096351746353
2017-03-01,-0.0013552868981030254
2017-03-02,0.00502869404188217
2017-03-03,-0.0016023383793338185
2017-03-06,0.002197130364768617
2017-03-07,0.003487090228445962
2017-03-08,-0.00017174742722622733
2017-03-09,0.001551546142174495
2017-03-10,0.003242113729045479
2017-03-13,-0.0041566873610306004
2017-03-14,0.004193725988146807
2017-03-15,-0.003915651342246423
2017-03-16,0.00039876547157221735
2017-03-17,0.0009580411400405373
2017-03-20,0.0037429415126896248
2017-03-21,0.003807892307465311
2017-03-22,0.0023714742043507145
2017-03-23,0.0018167521392943255
2017-03-24,0.003968058859659214
2017-03-27,0.005305768835665164
2017-03-28,-0.0070409669176489855
2017-03-29,-0.004864099913804574
2017-03-30,-0.0013092449707983287
2017-03-31,-0.0002565637817170818
2017-04-03,0.003389424630526138
2017-04-04,-0.0034428170846250213
2017-04-05,0.0014867307386162306
2017-04-06,-0.006318759301753718
2017-04-07,0.0028705601932527223
2017-04-10,-0.004189866134767915
2017-04-11,-0.00563364301466604
2017-04-12,0.0012177972067310384
2017-04-13,0.0016700363497681473
2017-04-17,0.0027814360387355083
2017-04-18,0.004720831374888354
2017-04-19,-0.0018171006138468226
2017-04-20,-0.003889424800854757
2017-04-21,0.002361510721078603
2017-04-24,-0.0035796604506298985
2017-04-25,-6.891269621945232e-05
2017-04-26,-0.0008644731200245807
2017-04-27,0.004434117374417226
2017-04-28,0.0002812387611358902
2017-05-01,0.0026044165908658988
2017-05-02,-0.001035661940034606
2017-05-03,0.002059945845051805
2017-05-04,-0.0028010526751427586
2017-05-05,-0.00021948890198384837
2017-05-08,0.004087594599002149
2017-05-09,0.002728941889736659
2017-05-10,0.006219582776314288
2017-05-11,-0.0050486355613766154
2017-05-12,-0.0008934883935025409
2017-05-15,0.0005444922360085725
2017-05-16,-0.00027074536982085777
2017-05-17,-0.0036352917151438063
2017-05-18,0.005090600068196928
2017-05-19,0.000627497901148728
2017-05-22,0.0030711554187064566
2017-05-23,0.0008690081870938307
2017-05-24,-0.00158782658512011
2017-05-25,0.002040239067298529
2017-05-26,0.00046300665046963396
2017-05-30,0.0025748155034694535
2017-05-31,-0.0023656749624453703
2017-06-01,-0.0023337340879384227
2017-06-02,-0.0014811123295466564
2017-06-05,0.0028055245309176993
2017-06-06,-0.0007036222625652968
2017-06-07,0.0001944100415571203
2017-06-08,0.0036311865519447375
2017-06-09,-0.011281084080578988
2017-06-12,-0.002699451931258041
2017-06-13,-0.0013003321523484103
2017-06-14,-0.00453156292166628
2017-06-15,-0.009612411860075576
2017-06-16,-0.005090723796010237
2017-06-19,-0.001696180705564622
2017-06-20,-0.008589664328345813
2017-06-21,-0.008334161904190033
2017-06-22,-0.0005490826057717262
2017-06-23,0.00012337754831496652
2017-06-26,0.002612221390877164
2017-06-27,0.004894684795502594
2017-06-28,0.0019722185493791958
2017-06-29,0.002478183946225266
2017-06-30,-0.0008603921724261174
2017-07-03,0.0032983854895605952
2017-07-05,-0.0017363515645505909
2017-07-06,0.0008767515032440296
2017-07-07,0.0004518602597454052
2017-07-10,0.001566178486299257
2017-07-11,-0.004759386989589315
2017-07-12,-0.0029451905320131873
2017-07-13,0.0006128584868603093
2017-07-14,-9.955744289817532e-05
2017-07-17,0.00019754055905710417
2017-07-18,-1.2492767003435172e-05
2017-07-19,-0.01005938438014834
2017-07-20,0.0022706365134470725
2017-07-21,-0.0012312256944831187
2017-07-24,-0.003932400076602054
2017-07-25,0.006848610713951165
2017-07-26,-0.003051049507425428
2017-07-27,-0.00773115837443469
2017-07-28,0.00033216068129127027
2017-07-31,0.0001056522744743507
2017-08-01,0.0012741320953368867
2017-08-02,-0.0030453798452018043
2017-08-03,0.002020462705033138
2017-08-04,0.0021131270443223563
2017-08-07,5.5672658414256064e-05
2017-08-08,0.00045200781424255005
2017-08-09,-0.0023255627552786168
2017-08-10,-0.002138742908473564
2017-08-11,-0.00614645885296225
2017-08-14,-0.0008814783073043992
2017-08-15,-0.00420327294526921
2017-08-16,-0.003118444896878909
2017-08-17,0.0007706766196462
2017-08-18,-0.0025608985785624755
2017-08-21,-0.0005439251192274943
2017-08-22,-0.003266470465417653
2017-08-23,0.005684075716517067
2017-08-24,-9.798088024380304e-05
2017-08-25,0.0021859792481292795
2017-08-28,-0.0003817010878032837
2017-08-29,-0.0018558686698403335
2017-08-30,-0.0022036973907429954
2017-08-31,-0.0047211671451724965
2017-09-01,0.0015172999733959742
2017-09-05,0.0006294010191380698
2017-09-06,0.004152830370458606
2017-09-07,-0.008568314478738615
2017-09-08,-0.005663572537998656
2017-09-11,0.0001594353433182205
2017-09-12,0.005339665778117631
2017-09-13,0.00032671817271912794
2017-09-14,0.0018396382350043129
2017-09-15,0.002377428709792951
2017-09-18,-0.0005622476758655617
2017-09-19,0.00524886655815387
2017-09-20,-0.001614784384398462
2017-09-21,0.0016667427998741896
2017-09-22,0.001393254357525966
2017-09-25,0.0009417262842800722
2017-09-26,-0.0015941795725757245
2017-09-27,0.0019933476529327304
2017-09-28,-0.0019694841428010146
2017-09-29,-0.0006567087038980132
2017-10-02,-0.003781334243372137
2017-10-03,-0.000776147197650224
2017-10-04,0.002396666750428339
2017-10-05,0.0008897032748771337
2017-10-06,-0.0013135795446749543
2017-10-09,0.0059769355451002705
2017-10-10,0.0017667989300532397
2017-10-11,0.001936412811524311
2017-10-12,-0.004162605126666124
2017-10-13,0.006540829392637387
2017-10-16,0.003526431410763436
2017-10-17,-0.00469097462273395
2017-10-18,-0.0005943596729501535
2017-10-19,-0.003517730661325955
2017-10-20,0.0035548061642174233
2017-10-23,0.0022796759604440282
2017-10-24,0.005315124834505785
2017-10-25,-0.011024480748552846
2017-10-26,0.006957635875263235
2017-10-27,0.006402501200716404
2017-10-30,-0.0004140665788201937
2017-10-31,0.0020195467447649052
2017-11-01,0.00473373023013177
2017-11-02,0.008244600302808673
2017-11-03,-0.00498840656289788
2017-11-06,6.124835749526223e-05
2017-11-07,-0.0037008090684823094
2017-11-08,-0.0017117683468523834
2017-11-09,-0.0018977557992069982
2017-11-10,-0.0012474788629625823
2017-11-13,0.0006357651854777177
2017-11-14,0.0011854334637903092
2017-11-15,-0.0015717073692982106
2017-11-16,0.0005575536169695375
2017-11-17,0.003738708541639722
2017-11-20,0.00168623317512852
2017-11-21,0.0013026126909602212
2017-11-22,-0.0009297934835271323
2017-11-24,0.0045283889035986355
2017-11-27,-0.005975356194479667
2017-11-28,0.00010462374514192934
2017-11-29,-0.0073416613700452715
2017-11-30,-0.000259881014586561
2017-12-01,0.003303521323549258
2017-12-04,-0.0034395117997358597
2017-12-05,0.0035247414365427304
2017-12-06,-0.0003395218262477034
2017-12-07,0.004686510331455553
2017-12-08,-0.00952470615657362
2017-12-11,-0.00010559181602640592
2017-12-12,0.0048295666374692904
2017-12-13,-0.0033164070630557216
2017-12-14,0.006637108369465297
2017-12-15,-0.0008398885504113894
2017-12-18,0.006842456357221886
2017-12-19,0.000532752680267398
2017-12-20,-0.004312660301565875
2017-12-21,0.00327603990373833
2017-12-22,0.0007047405664481199
2017-12-26,-0.003019854325239256
2017-12-27,-0.0007354851842376193
2017-12-28,-0.00042882267217754294
2017-12-29,-0.002395354849588605
2018-01-02,0.005970517526303713
2018-01-03,0.00036008128131645797
2018-01-04,0.00228491986256718
2018-01-05,-6.08525431448159e-06
2018-01-08,0.004321882050600822
2018-01-09,-0.012306862270275071
2018-01-10,-0.0011868048752352778
2018-01-11,0.0005883316523036574
2018-01-12,-0.004303550419211992
2018-01-16,-0.0004960312795545316
2018-01-17,0.0009065794255692347
2018-01-18,0.00208881570719434
2018-01-19,0.0003899500383671446
2018-01-22,0.00043919670232135893
2018-01-23,0.004290619180908241
2018-01-24,-0.002425357701629585
2018-01-25,-0.006559090737303225
2018-01-26,0.00691901858615262
2018-01-29,0.0038355225489841763
2018-01-30,-0.001288870579931595
2018-01-31,0.004170406085768631
2018-02-01,-0.0008103682163817965
2018-02-02,-0.0065499076221776946
2018-02-05,-0.00417578940475552
2018-02-06,0.008761196762595373
2018-02-07,-0.007345816075439527
2018-02-08,-0.0027757081304614836
2018-02-09,-0.00020716837547511983
2018-02-12,0.006464307670099452
2018-02-13,0.0037678887992883257
2018-02-14,0.011614416723245879
2018-02-15,0.0025154040927901408
2018-02-16,0.0010114674332503872
2018-02-20,0.0035456628093690668
2018-02-21,-0.001715389802906543
2018-02-22,-0.007012730739737411
2018-02-23,0.0019145657511740282
2018-02-26,0.0055953365545964575
2018-02-27,-0.00013955714379387503
2018-02-28,0.002977562591139815
2018-03-01,-0.00025075873285266875
2018-03-02,0.004709433024224102
2018-03-05,0.0021133547738379074
2018-03-06,0.004755798071618683
2018-03-07,-0.003055660202644281
2018-03-08,0.00034107719518608687
2018-03-09,0.0007990619552751023
2018-03-12,0.005785995585290263
2018-03-13,-0.00382110771194508
2018-03-14,0.002135360469079316
2018-03-15,-0.0018053052836290602
2018-03-16,-0.005975821995612784
2018-03-19,-0.0010672469179029552
2018-03-20,-0.0028091565689083216
2018-03-21,0.008309083863285277
2018-03-22,0.001730823958262812
2018-03-23,-0.007100216614579455
2018-03-26,0.004760128728735209
2018-03-27,-0.005224450639278571
2018-03-28,-0.007119602232169485
2018-03-29,0.003643280389268535
2018-04-02,-0.009943064707516732
2018-04-03,0.007018497236513325
2018-04-04,0.0010928969725838473
2018-04-05,-0.000994929656280384
2018-04-06,7.35243859678507e-05
2018-04-09,-0.001125423476896628
2018-04-10,0.004536291814637218
2018-04-11,0.0019358520953724847
2018-04-12,-0.0011818165448889532
2018-04-13,-0.0008205345314083776
2018-04-16,-0.002623282207129936
2018-04-17,0.0006634132031528524
2018-04-18,-0.002857697593682541
2018-04-19,0.0008366361367285104
2018-04-20,-0.0002027732405625518
2018-04-23,-0.0033981029131662484
2018-04-24,0.0014784299392835432
2018-04-25,-0.0011569266278303961
2018-04-26,0.00788390367157334
2018-04-27,-0.0008953797352257868
2018-04-30,-0.0018730255682025113
2018-05-01,0.004833480117501268
2018-05-02,-0.0009879234201005903
2018-05-03,0.0029442798222797306
2018-05-04,0.00623110761973611
2018-05-07,0.003067830568799135
2018-05-08,0.004268916383109087
2018-05-09,0.0026558473966372103
2018-05-10,0.0017872607862818464
2018-05-11,-0.008889022674363782
2018-05-14,0.002069270348316268
2018-05-15,0.003022673090065282
2018-05-16,0.004260748968252888
2018-05-17,-0.003619852626245794
2018-05-18,-0.008144677657873354
2018-05-21,0.0033831271775224786
2018-05-22,0.007859994266449935
2018-05-23,0.0011925939621552002
2018-05-24,0.0018652386760200544
2018-05-25,-0.00024170313055661517
2018-05-29,0.0015640205449409198
2018-05-30,-0.0006529102463385532
2018-05-31,0.005843753983711647
2018-06-01,0.004715178913205339
2018-06-04,0.0009906719840866679
2018-06-05,0.0011341790231966698
2018-06-06,-0.0008083440813063153
2018-06-07,-0.003409797712320862
2018-06-08,-0.0008786224648953355
2018-06-11,0.00015752512291546003
2018-06-12,-0.004177058374165859
2018-06-13,-1.3431351331176788e-05
2018-06-14,-0.0009936068666462367
2018-06-15,-0.0017163256173977014
2018-06-18,0.0017311972215201916
2018-06-19,0.0025061237936589817
2018-06-20,-0.00018484022204703576
2018-06-21,0.0012755382787657634
2018-06-22,3.121528706486976e-05
2018-06-25,-0.004820318344302233
2018-06-26,0.003045532540331826
2018-06-27,-0.0020079156622445377
2018-06-28,0.0012992937163773823
2018-06-29,-0.002741980712102774
2018-07-02,0.0016348994706913552
2018-07-03,-0.005003802068889839
2018-07-05,0.0026558844721304422
2018-07-06,-0.0019677865080909218
2018-07-09,0.0003031897499966737
2018-07-10,-0.0005833143576104102
2018-07-11,-0.003762191038981974
2018-07-12,-0.006695667700057293
2018-07-13,-0.005338875031873436
2018-07-16,0.0038276975663876864
2018-07-17,0.002343601490580468
2018-07-18,0.0009519571558900985
2018-07-19,-0.007705783058248469
2018-07-20,-0.00015740024567540654
2018-07-23,0.0007880178738103253
2018-07-24,-0.0023485613997127016
2018-07-25,-0.006148416222475017
2018-07-26,0.010508362162143955
2018-07-27,0.007715702396586342
2018-07-30,0.005141601835588573
2018-07-31,-0.011286744799335773
2018-08-01,-0.0023537675311630026
2018-08-02,0.003336913286771759
2018-08-03,0.002243567803355995
2018-08-06,0.004505172717324486
2018-08-07,-0.0021186302206659758
2018-08-08,0.004727203614121405
2018-08-09,-0.0022222083578759115
2018-08-10,-0.0022954767977440673
2018-08-13,-0.0014004108468776595
2018-08-14,-0.002441053569206314
2018-08-15,0.0010958590311827866
2018-08-16,-0.0032324218130602047
2018-08-17,-0.0012304909284493433
2018-08-20,0.00020801944132054688
2018-08-21,0.004114941052850424
2018-08-22,0.0026118124635414047
2018-08-23,-0.0008670271524074783
2018-08-24,0.0030967412263436045
2018-08-27,0.0016747096071134519
2018-08-28,-0.0010158176928110982
2018-08-29,-0.003786852602819618
2018-08-30,0.0011060554349213135
2018-08-31,-0.0026545207619340606
2018-09-04,0.0011239218519980764
2018-09-05,-0.0010476330244522391
2018-09-06,-0.009608720039594868
2018-09-07,-0.003041578757540513
2018-09-10,0.0039613882780153604
2018-09-11,-0.0025839912941564565
2018-09-12,0.0009570871654553706
2018-09-13,-0.004580373231975243
2018-09-14,0.004392534393869782
2018-09-17,-0.0009560655894279337
2018-09-18,0.0013519025214381516
2018-09-19,0.0008142000901196538
2018-09-20,-0.0004892786418607937
2018-09-21,-0.0010719892336543547
2018-09-24,-0.0012544097469212715
2018-09-25,-0.0014724077396195236
2018-09-26,-0.005918458053225902
2018-09-27,-0.0014000972244947966
2018-09-28,-0.002002999526822309
2018-10-01,-0.0007937953775303821
2018-10-02,-0.0007727240420967601
2018-10-03,0.000665809262047152
2018-10-04,0.000262693084070507
2018-10-05,-0.0024726522946870895
2018-10-08,0.0016706533393185414
2018-10-09,-0.000748388863883782
2018-10-10,-0.005176130402490252
2018-10-11,0.003616867155985319
2018-10-12,-0.0015224407573711206
2018-10-15,0.0031287313021531402
2018-10-16,-0.005466157058246943
2018-10-17,0.00497336508501631
2018-10-18,-0.004227787864907513
2018-10-19,0.0010625691743331794
2018-10-22,0.0030466003377774735
2018-10-23,0.005158616344513897
2018-10-24,-0.007218292634785434
2018-10-25,0.004816180564495265
2018-10-26,-0.00242841409173138
2018-10-29,2.9462137223292374e-05
2018-10-30,0.008661421792924269
2018-10-31,0.006103489675714446
2018-11-01,0.0019928529157194784
2018-11-02,-8.079702834643919e-05
2018-11-05,-0.006950564597424324
2018-11-06,0.0017632342483588663
2018-11-07,-0.008024734913391212
2018-11-08,-0.004224265493888565
2018-11-09,-0.005135937050528702
2018-11-12,-0.005545954162559726
2018-11-13,0.0010205425089618624
2018-11-14,0.002863084958908846
2018-11-15,0.005191299583204231
2018-11-16,-0.008857168340453584
2018-11-19,-0.00012267269359121383
2018-11-20,-0.00037511905791978684
2018-11-21,-0.000174388268294822
2018-11-23,-0.004883182902876837
2018-11-26,0.0032547768978587084
2018-11-27,-0.0008865704257281907
2018-11-28,-0.0008713848984998236
2018-11-29,-0.002959597720378484
2018-11-30,0.0023306974300121236
2018-12-03,0.003818132120410291
2018-12-04,-0.009763756235818431
2018-12-06,-0.005221311689761904
2018-12-07,0.0013980094682089195
2018-12-10,-0.000662605663540442
2018-12-11,-0.0012983057434520554
2018-12-12,0.0012370685107056685
2018-12-13,0.0009874304132991008
2018-12-14,0.004248124238345314
2018-12-17,0.005182722692508095
2018-12-18,0.0070994927088854935
2018-12-19,-0.0046565664841594885
2018-12-20,0.002918039629876632
2018-12-21,-0.0028216636602772
2018-12-24,-0.005947102563841575
2018-12-26,0.005167225205774559
2018-12-27,-0.0025631931055654263
2018-12-28,0.004431830220937533
2018-12-31,-0.0031686296984218564
2019-01-02,0.009436091918138614
2019-01-03,-0.0026986737551071894
2019-01-04,-0.0012666823938598428
2019-01-07,0.0010911867363642142
2019-01-08,-0.0038980804719160674
2019-01-09,0.0026159991724111448
2019-01-10,-0.0035590340445709203
2019-01-11,0.0022019516057355778
2019-01-14,-0.007614730980321588
2019-01-15,-0.0008224494557930278
2019-01-16,-0.005479639134860652
2019-01-17,-0.004976871470461286
2019-01-18,-0.0013405015449769063
2019-01-22,0.0006094824032894237
2019-01-23,0.0015619299013319887
2019-01-24,0.00919139045785125
2019-01-25,-0.002675002572037239
2019-01-28,-0.002419067113457029
2019-01-29,-0.0019001086174359133
2019-01-30,0.003426689597813356
2019-01-31,-0.0028765618810389446
2019-02-01,0.0032195902557560956
2019-02-04,-0.001384790739459764
2019-02-05,0.0016152041918066334
2019-02-06,0.008887290822005792
2019-02-07,0.0009625007930718056
2019-02-08,-0.002138976479976253
2019-02-11,-0.0005536734599928025
2019-02-12,-0.004475495830012495
2019-02-13,-0.000487305097987093
2019-02-14,0.0013970559495140975
2019-02-15,-0.006888355161256396
2019-02-19,0.002836951900602204
2019-02-20,0.0020333428221192434
2019-02-21,0.006777153894740655
2019-02-22,0.0005685163328792445
2019-02-25,0.0025676346814089055
2019-02-26,0.0006615274303859455
2019-02-27,-0.004498715571941308
2019-02-28,-0.0006785277394546566
2019-03-01,-0.002024414731371178
2019-03-04,0.0090605534743896
2019-03-05,0.0022193827015277567
2019-03-06,0.0032397104379378572
2019-03-07,0.0009391003666912243
2019-03-08,0.0017825520413733947
2019-03-11,0.0032042049088961103
2019-03-12,-0.0012375237153633913
2019-03-13,-0.004477114360423933
2019-03-14,-0.003133793099638742
2019-03-15,0.002912515570794541
2019-03-18,0.00039909346958581456
2019-03-19,0.004551558449979083
2019-03-20,0.00035517901418305453
2019-03-21,0.017008775063860664
2019-03-22,-0.001340081846691096
2019-03-25,-0.000983458963389817
2019-03-26,0.00037094726913732587
2019-03-27,-0.0016452670147094495
2019-03-28,-0.0015707223791208082
2019-03-29,-0.00027487348229270124
2019-04-01,0.005887924776382736
2019-04-02,0.004847170318516833
2019-04-03,0.01104840291416291
2019-04-04,-0.0018777498620068669
2019-04-05,-0.009215368990074748
2019-04-08,0.00014817419437756872
2019-04-09,-0.0004965229188552865
2019-04-10,0.0036247160389296044
2019-04-11,0.003488801475595167
2019-04-12,-0.010172837102332346
2019-04-15,0.0021688004135667544
2019-04-16,0.009334304533079204
2019-04-17,0.012425776047848397
2019-04-18,-0.006561974700120433
2019-04-22,3.6334456121752385e-06
2019-04-23,-0.005884894461678974
2019-04-24,0.004768360317458759
2019-04-25,-0.002724721800858246
2019-04-26,-0.0026785195579787416
2019-04-29,0.0022022060440864597
2019-04-30,0.00025542259552789994
2019-05-01,0.0056373117905579775
2019-05-02,0.0032463327126370277
2019-05-03,-0.0025097396194080804
2019-05-06,-0.0023344086589135926
2019-05-07,0.0017874148334918447
2019-05-08,-0.005984367850415067
2019-05-09,-0.0028617582957709436
2019-05-10,0.002280176557460231
2019-05-13,-0.002519510263882029
2019-05-14,0.0020609506594385183
2019-05-15,0.00391675864823455
2019-05-16,0.0008809556016906853
2019-05-17,-0.0022947680803040724
2019-05-20,-0.009747710296785185
2019-05-21,-0.0032892072313906273
2019-05-22,-0.004710423004496537
2019-05-23,-0.0056618207586203746
2019-05-24,0.00019685859261068213
2019-05-28,0.009649186861894456
2019-05-29,-0.0016018496889528334
2019-05-30,-0.0003738292937149866
2019-05-31,-0.004270727966152611
2019-06-03,-0.010608723594921099
2019-06-04,0.010208460119543978
2019-06-05,-0.0006228382740553577
2019-06-06,0.007905426122035951
2019-06-07,-0.00207943553408588
2019-06-10,0.0070488864814623395
2019-06-11,0.005818026380392512
2019-06-12,-0.007813188854803674
2019-06-13,-0.004181221990380128
2019-06-14,-0.0023750080173284356
2019-06-17,-0.004279197637326847
2019-06-18,0.0033831970593223098
2019-06-19,-0.007841448045409424
2019-06-20,-0.004822983421154683
2019-06-21,-0.0055278535850885385
2019-06-24,0.007529518044153699
2019-06-25,-0.001295479996893467
2019-06-26,0.01097983156089514
2019-06-27,0.003355841728199308
2019-06-28,-0.0008850012246056295
2019-07-01,0.007460416084945286
2019-07-02,-0.0009102854608815557
2019-07-03,-0.004142434718663475
2019-07-05,0.0038369242964386733
2019-07-08,0.002206686822519569
2019-07-09,0.0027580924265423585
2019-07-10,0.0021846810066332364
2019-07-11,-0.005050345006302537
2019-07-12,0.0035856496817030462
2019-07-15,-0.0013106486824070386
2019-07-16,-0.0020056414661134194
2019-07-17,-0.00036954671245996944
2019-07-18,-0.0005632002373009246
2019-07-19,-0.00358866893642178
2019-07-22,0.003328641935066981
2019-07-23,-0.0009929738368101397
2019-07-24,0.004955597123593948
2019-07-25,0.00458687609333331
2019-07-26,0.00879267570998358
2019-07-29,0.0028499176099954222
2019-07-30,-0.004653469274474393
2019-07-31,-0.002024006141254985
2019-08-01,0.001443371042126045
2019-08-02,0.003564807083309524
2019-08-05,-0.0005820447763839193
2019-08-06,-0.0009036198855672485
2019-08-07,0.0024991176644495686
2019-08-08,-0.0013078703762653937
2019-08-09,0.0004985369190660068
2019-08-12,0.0024241017286630944
2019-08-13,-0.004396042265631569
2019-08-14,-0.0022410651130922573
2019-08-15,6.833475361215742e-05
2019-08-16,0.003613973877110507
2019-08-19,0.0009067017600488911
2019-08-20,-0.0014831057051589102
2019-08-21,0.0004268619210170646
2019-08-22,-0.005095292237163356
2019-08-23,-0.005188349444557992
2019-08-26,0.0056932363724198735
2019-08-27,0.004207418446086821
2019-08-28,0.0015887267736636656
2019-08-29,0.0025913664917735432
2019-08-30,0.0066944302019592535
2019-09-03,0.0023040484685910483
2019-09-04,0.002405884784010452
2019-09-05,0.00992291772987526
2019-09-06,-0.00421904978894336
2019-09-09,0.0048512131537060375
2019-09-10,-0.008392186851892313
2019-09-11,-0.0016281012363529956
2019-09-12,-0.0015668322095886283
2019-09-13,-0.0056028720105781565
2019-09-16,-0.000992289933540579
2019-09-17,-0.000255096207130568
2019-09-18,0.0028858071319098426
2019-09-19,-0.005348325019462603
2019-09-20,-0.005005876207883025
2019-09-23,0.005771058951856284
2019-09-24,-0.000597124450903996
2019-09-25,0.007868732726817056
2019-09-26,0.0014990155724098535
2019-09-27,-0.004093272817673682
2019-09-30,-0.003372897187417902
2019-10-01,1.2803081200141365e-05
2019-10-02,-0.002399146834869034
2019-10-03,0.0006948935012779806
2019-10-04,0.0028906816797226367
2019-10-07,-0.0006058313135056032
2019-10-08,-0.0011989577899199793
2019-10-09,-5.940802523817738e-05
2019-10-10,0.00019157894837475384
2019-10-11,0.00012190171399434954
2019-10-14,-0.0017840699203517155
2019-10-15,-0.0019058079623148396
2019-10-16,-0.00025409441311129545
2019-10-17,0.00017757156495346266
2019-10-18,0.0022743470965621133
2019-10-21,0.008164397655250117
2019-10-22,-0.002884669591334228
2019-10-23,-0.008474668897902646
2019-10-24,-0.009006718879467036
2019-10-25,0.008879799046306619
2019-10-28,8.361829993311267e-05
2019-10-29,-0.01024470926583978
2019-10-30,-0.0002861613392374035
2019-10-31,0.002797877325769884
2019-11-01,0.00020753897277771068
2019-11-04,0.005349238113883271
2019-11-05,0.0045822165017999844
2019-11-06,-0.00312674741892184
2019-11-07,0.0023667353427204055
2019-11-08,-0.0012429161415307487
2019-11-11,-0.0029263627512122097
2019-11-12,-0.005666945810304345
2019-11-13,-0.003775668783851189
2019-11-14,0.0012170869249807684
2019-11-15,-0.005620436726792741
2019-11-18,0.003711707685821238
2019-11-19,-0.006197262188365725
2019-11-20,-0.0014568562951763223
2019-11-21,0.0018456711299297433
2019-11-22,-0.0008496084357851438
2019-11-25,-0.0011074033636405052
2019-11-26,-0.0029747686370464378
2019-11-27,-9.858185777771901e-05
2019-11-29,-0.002108598836351761
2019-12-02,0.004215638128611515
2019-12-03,-0.005446692103526127
2019-12-04,0.0014616904663192303
2019-12-05,0.001955106732787729
2019-12-06,-0.001461034572673465
2019-12-09,0.0031516998810869577
2019-12-10,0.00015201930018979092
2019-12-11,0.001627384184497272
2019-12-12,0.004445274928229283
2019-12-13,-0.004502290879358953
2019-12-16,0.0008551146024429964
2019-12-17,0.0065474523984163655
2019-12-18,0.0017555401760839112
2019-12-19,0.0020832234932813363
2019-12-20,-0.0029787561233473973
2019-12-23,-0.0015864193887700107
2019-12-24,0.00010048954316849222
2019-12-26,0.0023677174821979527
2019-12-27,-0.002784381459414
2019-12-30,0.0011258990709396319
2019-12-31,0.0003632583813617111
2020-01-02,0.0022549127915626015
2020-01-03,-0.005171497871957517
2020-01-06,-0.005807782805546128
2020-01-07,8.252342714730514e-05
2020-01-08,-0.001303737939020514
2020-01-09,0.00014244378377740454
2020-01-10,0.0008077644632142494
2020-01-13,1.0570944888226366e-05
2020-01-14,-0.003700671035897423
2020-01-15,-0.0035683628475873057
2020-01-16,0.0031247690765969062
2020-01-17,0.0019014414541440228
2020-01-21,-0.0031198143832488596
2020-01-22,0.0007468376760991967
2020-01-23,-0.0008326954855302311
2020-01-24,-0.002662433317372389
2020-01-27,-0.009396866100725692
2020-01-28,0.005325715821334511
2020-01-29,0.0010107570320683696
2020-01-30,0.003207520503772218
2020-01-31,2.4514115944102195e-05
2020-02-03,0.002218751422180371
2020-02-04,0.0026069290215150758
2020-02-05,-0.0037216798822993537
2020-02-06,-0.004663273734825168
2020-02-07,0.001166024462973152
2020-02-10,0.006898273596599777
2020-02-11,0.0002762870640716905
2020-02-12,-0.01086345151211867
2020-02-13,0.003825999080538821
2020-02-14,0.004112921072079772
2020-02-18,-0.00038011824896896213
2020-02-19,-5.873004223256585e-05
2020-02-20,-0.0027213808377591253
2020-02-21,-0.006697953101864972
2020-02-24,0.0010465361119009597
2020-02-25,0.0007748329878965282
2020-02-26,0.00431192166486403
2020-02-27,-0.009021135748357025
2020-02-28,0.007584343212658157
2020-03-02,0.006547684393953852
2020-03-03,-0.0042360910675178914
2020-03-04,-0.008630245405759367
2020-03-05,-0.0017582354438554079
2020-03-06,-0.011658950852113242
2020-03-09,-0.012477391129861173
2020-03-10,0.0010213226994214572
2020-03-11,-0.00042573970120468363
2020-03-12,0.0069408667683796945
2020-03-13,0.0042009695024112816
2020-03-16,0.006747572536800072
2020-03-17,0.024221400699025036
2020-03-18,0.013977725709881083
2020-03-19,-0.020094164089148884
2020-03-20,-0.01833874415654518
2020-03-23,0.045598071179832306
2020-03-24,-0.01783630681848583
2020-03-25,-0.031063620828436958
2020-03-26,0.0033456780228471638
2020-03-27,0.004766733876036607
2020-03-30,0.012038383102596627
2020-03-31,-0.004678539333860197
2020-04-01,0.005705039385712669
2020-04-02,-0.005164118626604601
2020-04-03,0.000537044821795461
2020-04-06,0.0004224361617403849
2020-04-07,-0.009114490460001044
2020-04-08,-0.019308331419495606
2020-04-09,-0.012288283026635689
2020-04-13,0.025365448947041295
2020-04-14,-0.014241402967054353
2020-04-15,-0.006923331586691551
2020-04-16,-0.022463108353913366
2020-04-17,0.007125510269905504
2020-04-20,-0.0024552784860625804
2020-04-21,-0.0014760827179953443
2020-04-22,-0.00017149511074217175
2020-04-23,0.0019160407505727217
2020-04-24,-0.004660333110589566
2020-04-27,0.0028424011414904383
2020-04-28,0.010837036905554981
2020-04-29,0.001000444905228501
2020-04-30,-0.009996403231420517
2020-05-01,-0.008989416260047192
2020-05-04,-0.008043089666314186
2020-05-05,-0.009637278067967521
2020-05-06,-0.009668067756170332
2020-05-07,0.002016761541305201
2020-05-08,0.016278215680154612
2020-05-11,-0.008086933258765885
2020-05-12,0.0010601319050332918
2020-05-13,0.008956738306235376
2020-05-14,0.0032455339665861216
2020-05-15,0.00959108193128631
2020-05-18,-0.03997294148355196
2020-05-19,0.010971081014550497
2020-05-20,-0.009042589256885046
2020-05-21,-0.0033913614073081354
2020-05-22,0.006769912724300046
2020-05-26,-0.031352467997605764
2020-05-27,-0.019782610451158433
2020-05-28,0.006638367994240476
2020-05-29,0.020227178696755548
2020-06-01,-0.013407016652240446
2020-06-02,-0.010236509063599311
2020-06-03,-0.022355834980859125
2020-06-04,-0.01909315181816689
2020-06-05,-0.020963326424515684
2020-06-08,-0.02477698926297
2020-06-09,0.032598852838259876
2020-06-10,0.03240507742346389
2020-06-11,0.018444100271509643
2020-06-12,-0.009415750221124489
2020-06-15,0.007079813003634841
2020-06-16,-0.00032525687867781915
2020-06-17,0.004590900606070568
2020-06-18,0.006637398845609526
2020-06-19,0.0002700143357398468
2020-06-22,0.01789707187042085
2020-06-23,0.0014225402151839908
2020-06-24,0.005633894162928308
2020-06-25,0.004721580878600733
2020-06-26,-0.006676467222857962
2020-06-29,-0.007928280341793333
2020-06-30,0.008594492772993746
2020-07-01,0.0001211517999591028
2020-07-02,-0.0009097433382359843
2020-07-06,0.010015645770323702
2020-07-07,0.00047867769143397745
2020-07-08,0.008348836205532041
2020-07-09,0.015518968935026653
2020-07-10,-0.00585033759461272
2020-07-13,-0.014357757573518846
2020-07-14,-0.006273178390944314
2020-07-15,-0.006038124855612713
2020-07-16,-0.005521922449269759
2020-07-17,-0.0015331123662967727
2020-07-20,0.026386991669790597
2020-07-21,-0.013243481717557778
2020-07-22,-2.1357849652302785e-05
2020-07-23,-0.008645013788518242
2020-07-24,-0.000899451126046824
2020-07-27,0.01570127426817991
2020-07-28,-0.010972328492807886
2020-07-29,0.0020617176170834323
2020-07-30,0.013380998516309977
2020-07-31,0.011953514178571111
2020-08-03,0.008680564701932713
2020-08-04,0.005537934615556435
2020-08-05,0.001392142864198511
2020-08-06,0.006915219618276415
2020-08-07,-0.016697601471020243
2020-08-10,-0.011587629703665586
2020-08-11,-0.015262674671483983
2020-08-12,-0.0061456320209460225
2020-08-13,-0.005317658500581522
2020-08-14,0.0010100677457206065
2020-08-17,-0.0067056990565549585
2020-08-18,0.0027787765366989884
2020-08-19,0.0016606089794011104
2020-08-20,0.007168655119545214
2020-08-21,-0.00448722245990396
2020-08-24,0.0145781751804521
2020-08-25,-0.0038441579734990764
2020-08-26,0.005636618067632237
2020-08-27,-0.002387951477745461
2020-08-28,0.0049688641865868145
2020-08-31,-0.004584212576736795
2020-09-01,0.014900913388628229
2020-09-02,-0.0051754893904082016
2020-09-03,-0.007590372901659328
2020-09-04,0.0033649286132946157
2020-09-08,-0.005708392753943049
2020-09-09,-0.0017668721589254323
2020-09-10,-0.0020126354057182216
2020-09-11,-0.008013140946704602
2020-09-14,-0.006508624749144117
2020-09-15,0.00589322798076773
2020-09-16,-0.0017267396142886609
2020-09-17,-0.0026420622036946676
2020-09-18,-0.005370673031736987
2020-09-21,0.009809327173151302
2020-09-22,0.007770918621208611
2020-09-23,-0.007557506213633812
2020-09-24,0.0003816680246822219
2020-09-25,-0.0027239070735832005
2020-09-28,0.004426289971864238
2020-09-29,-0.0005815542840410324
2020-09-30,0.00023354178181353902
2020-10-01,0.00951666729068352
2020-10-02,-0.005716906149794439
2020-10-05,0.0022159204733692714
2020-10-06,-0.005050545898855448
2020-10-07,0.005241799911659141
2020-10-08,-0.0005873130656271108
2020-10-09,9.532723771525678e-05
2020-10-12,-0.005617256210963857
2020-10-13,-0.00870291439705696
2020-10-14,0.005941684929333411
2020-10-15,0.014629694553416188
2020-10-16,-0.00685152225691635
2020-10-19,0.004582551011499833
2020-10-20,0.0041680192917299234
2020-10-21,-0.002773125312054575
2020-10-22,0.005636651203340287
2020-10-23,-0.00468354630268783
2020-10-26,-0.006938508527750041
2020-10-27,-0.013066494930076493
2020-10-28,-0.002622097022670386
2020-10-29,0.014299335996596295
2020-10-30,0.002400361156705373
2020-11-02,-0.0014394021558003524
2020-11-03,0.00215932410721111
2020-11-04,-0.02831308603579194
2020-11-05,0.007018006397687864
2020-11-06,0.0009514835696925781
2020-11-09,0.04733684161743874
2020-11-10,-0.023900044294981528
2020-11-11,0.015257980319280969
2020-11-12,0.007127473872850542
2020-11-13,-0.008484651092341474
2020-11-16,-0.006861016758023246
2020-11-17,0.0019904584243159687
2020-11-18,0.004048294410236759
2020-11-19,0.002651502026689377
2020-11-20,-0.0005258966458890649
2020-11-23,-0.013777879900969268
2020-11-24,-0.007429114533060893
2020-11-25,0.005342339835921077
2020-11-27,0.0010641433485280975
2020-11-30,0.014543358761912081
2020-12-01,0.00733014808991462
2020-12-02,-0.010605017606007657
2020-12-03,-0.005394087472321551
2020-12-04,-0.009178795753913368
2020-12-07,0.010292051662273444
2020-12-08,-0.0023938196980316513
2020-12-09,-0.011619928735610505
2020-12-10,0.003836213608956694
2020-12-11,-0.006763356309536582
2020-12-14,-0.006725573075537981
2020-12-15,0.002961464919294043
2020-12-16,-0.0025719508352143906
2020-12-17,-0.0065670731564957865
2020-12-18,-0.00972851990424525
2020-12-21,0.004029797183761508
2020-12-22,-0.003955512326222457
2020-12-23,0.0033022637058563254
2020-12-24,-0.003081709316373837
2020-12-28,-0.00017755435364395908
2020-12-29,-0.000609347249686524
2020-12-30,0.005456879284867331
2020-12-31,-0.006459913830982101
2021-01-04,0.0028929906792682794
2021-01-05,0.014207133276474177
2021-01-06,0.0011503378699664253
2021-01-07,0.0023187358573727467
2021-01-08,-0.005508086434344548
2021-01-11,0.004394017137417115
2021-01-12,0.011507979410808665
2021-01-13,0.001590492877350007
2021-01-14,0.01990951468061384
2021-01-15,-0.019689661063510056
2021-01-19,0.011481490657837226
2021-01-20,0.0030261639899499585
2021-01-21,0.00024617058035271254
2021-01-22,0.0011871178190730556
2021-01-25,-0.0056980958836882305
2021-01-26,0.0005125878965765188
2021-01-27,0.004955165544615763
2021-01-28,-0.0005646805531731421
2021-01-29,-0.006710429035559922
2021-02-01,0.0014421753471029765
2021-02-02,-0.0011219967431423893
2021-02-03,0.019665601488860845
2021-02-04,0.002503708293561882
2021-02-05,0.0032919639787582933
2021-02-08,0.011766212462186431
2021-02-09,-0.006338957976212395
2021-02-10,0.005442240489960887
2021-02-11,-0.006069565982293379
2021-02-12,-0.001207270850483388
2021-02-16,0.013716698956740775
2021-02-17,0.00626407705123815
2021-02-18,-0.002108003780311466
2021-02-19,0.013723431082760817
2021-02-22,0.012758872945016061
2021-02-23,0.003085573106676005
2021-02-24,0.014247292542363602
2021-02-25,-0.010828352221224904
2021-02-26,0.0006781793365652446
2021-03-01,0.00014069201765039432
2021-03-02,0.003683216060834916
2021-03-03,0.015349268149524567
2021-03-04,-0.000788018808919222
2021-03-05,-0.008774516179220591
2021-03-08,0.0039130034104948
2021-03-09,-0.0014555983208366869
2021-03-10,0.0013181471046077085
2021-03-11,-0.00163577954962498
2021-03-12,0.008989613598035951
2021-03-15,0.0033332962784569315
2021-03-16,-0.005810774373304691
2021-03-17,0.008966330378114564
2021-03-18,-0.012731816164029415
2021-03-19,0.0004184254086920858
2021-03-22,-0.007438177332903298
2021-03-23,-0.0120726855641194
2021-03-24,-0.007367397768049362
2021-03-25,0.0022192358044275653
2021-03-26,-0.0036048308174236833
2021-03-29,-0.004002260087237962
2021-03-30,0.00986582283563531
2021-03-31,7.63338177977492e-05
2021-04-01,0.007590354431630464
2021-04-05,0.003588425064336336
2021-04-06,0.001584623847582015
2021-04-07,0.002985034895862473
2021-04-08,-0.004766199842188509
2021-04-09,-0.007552219410342553
2021-04-12,-0.006173363022169169
2021-04-13,-0.001403856536104376
2021-04-14,0.001760144401410116
2021-04-15,-0.01002454811404835
2021-04-16,-0.002904702292447795
2021-04-19,-0.002544832102945641
2021-04-20,-0.0149340698185366
2021-04-21,0.005443733912837163
2021-04-22,-0.006824702606957008
2021-04-23,0.004098737462743148
2021-04-26,0.008096541812948593
2021-04-27,0.0004261121536292412
2021-04-28,0.0070041316473911834
2021-04-29,-0.0057842669092574
2021-04-30,0.0018397396883305431
2021-05-03,0.0009210204642565072
2021-05-04,-0.00695860327933231
2021-05-05,0.01102959539603147
2021-05-06,-0.0011182486262933283
2021-05-07,0.0010632625868244518
2021-05-10,-0.0066693782529674865
2021-05-11,-0.0010810865535904712
2021-05-12,-0.0007092550237301179
2021-05-13,-0.0075189796945845655
2021-05-14,0.0122239001608086
2021-05-17,0.008991574968133955
2021-05-18,-0.0019485644415131625
2021-05-19,-0.0041297159711679455
2021-05-20,0.0009075050011623462
2021-05-21,0.0014030115945809622
2021-05-24,0.008424744386915605
2021-05-25,-0.0005555924360463729
2021-05-26,0.009909174746813413
2021-05-27,0.006415432480557582
2021-05-28,-0.0022396868424984697
2021-06-01,0.012912772307154827
2021-06-02,0.007408241436735285
2021-06-03,-0.0025252702435118258
2021-06-04,-0.00024505602035022455
2021-06-07,-0.006593584037615615
2021-06-08,-0.0024514013948114944
2021-06-09,-0.004295818742223604
2021-06-10,-0.006938461158256285
2021-06-11,0.004550526110317374
2021-06-14,-0.005881712745749293
2021-06-15,-0.0016286025536057886
2021-06-16,0.0061985602972705325
2021-06-17,-0.01230379441081695
2021-06-18,-0.002565486337183626
2021-06-21,-0.0002952948433010622
2021-06-22,-0.0007799291846517658
2021-06-23,0.004840072431500988
2021-06-24,0.00039094559309984405
2021-06-25,-0.00022808387308469134
2021-06-28,-0.007246387931247329
2021-06-29,-0.0019060050659672955
2021-06-30,0.004721117134552961
2021-07-01,-0.0021527450232187197
2021-07-02,-0.003855817279924783
2021-07-06,-0.008117126869208485
2021-07-07,-0.010913064713533009
2021-07-08,0.00012866804205521128
2021-07-09,0.006659757201683265
2021-07-12,0.0014566368714946305
2021-07-13,-0.005962327641548105
2021-07-14,-0.0036235900100112257
2021-07-15,-0.007722013595295804
2021-07-16,-0.014928145053134202
2021-07-19,-0.005682820932809404
2021-07-20,0.006180664776841851
2021-07-21,0.01888267859124224
2021-07-22,-0.007272288700196718
2021-07-23,-0.010020123695745436
2021-07-26,0.013884532907847786
2021-07-27,-0.005413661943328604
2021-07-28,0.008260589555209918
2021-07-29,-0.001320857177362758
2021-07-30,-0.011687392738348516
2021-08-02,0.0006359070342606109
2021-08-03,-0.00025611723769691585
2021-08-04,-0.0068407077141970155
2021-08-05,0.011993739184920141
2021-08-06,0.003752517244791526
2021-08-09,-0.0023475975512138735
2021-08-10,0.00935494719262073
2021-08-11,0.001678111723180776
2021-08-12,-0.006769088989702627
2021-08-13,-0.005384366140201632
2021-08-16,-0.010394001066259708
2021-08-17,-0.00865684315517912
2021-08-18,0.0013050001906034876
2021-08-19,-0.009986008027106827
2021-08-20,-0.0016267425842786318
2021-08-23,0.012959303969082741
2021-08-24,0.00871138277154588
2021-08-25,0.003478638476421138
2021-08-26,-0.001770545719783202
2021-08-27,0.01113155053971734
2021-08-30,-0.008768385397029897
2021-08-31,0.0023524476132570585
2021-09-01,-0.006881125442203597
2021-09-02,0.003112341296435202
2021-09-03,-0.0028126316597747157
2021-09-07,0.005065085059683766
2021-09-08,-0.010463051350388072
2021-09-09,0.007613094406155544
2021-09-10,-0.0014156121267981396
2021-09-13,0.009837400415245346
2021-09-14,-0.006715709132728474
2021-09-15,0.006964778897430714
2021-09-16,-0.0016315544988738048
2021-09-17,-0.0007192242663261803
2021-09-20,-0.0040915229240545085
2021-09-21,-0.0035701696034837905
2021-09-22,0.014010955507736152
2021-09-23,0.009153533839762754
2021-09-24,0.004295251910205564
2021-09-27,0.01515379998620214
2021-09-28,0.00588132277083175
2021-09-29,-0.004007498868791885
2021-09-30,0.0018818223004119826
2021-10-01,0.013449642625743713
2021-10-04,0.007173000966616706
2021-10-05,-0.001997895799517864
2021-10-06,-0.007418682527476553
2021-10-07,-0.0006169186718924394
2021-10-08,0.0040582194280565365
2021-10-11,0.0002565981131166941
2021-10-12,-0.000329842853239424
2021-10-13,-0.005862443557238519
2021-10-14,-0.0032058855113116214
2021-10-15,-0.0016338491981343023
2021-10-18,0.0001662581638894279
2021-10-19,-0.0017936891640740458
2021-10-20,-0.0020633575486976256
2021-10-21,-0.0053583557690384635
2021-10-22,-0.010075337265164167
2021-10-25,0.0011975761447201583
2021-10-26,0.0034467108326958953
2021-10-27,-0.005404653023567268
2021-10-28,0.004234905107415306
2021-10-29,-0.0033794374406827545
2021-11-01,0.014284819973966571
2021-11-02,-0.0037493189536531384
2021-11-03,0.0007156344535112385
2021-11-04,-0.0012164554122749863
2021-11-05,0.013132563632679865
2021-11-08,0.001413211833074481
2021-11-09,-0.002717213140129924
2021-11-10,-0.006986474181801738
2021-11-11,0.0038699349010440204
2021-11-12,-0.007121373223019071
2021-11-15,0.002898547454656909
2021-11-16,-0.010980746283545593
2021-11-17,-3.431316314903873e-05
2021-11-18,-0.00020640983465850524
2021-11-19,-0.007999533935528104
2021-11-22,0.0110622258555234
2021-11-23,0.0013934730901484363
2021-11-24,0.004093981267633109
2021-11-26,-0.010823564057910707
2021-11-29,-0.0016122865158776085
2021-11-30,0.004306025327772046
2021-12-01,-0.008258050634586515
2021-12-02,0.002354023903289187
2021-12-03,-0.006063353251170393
2021-12-06,0.0034544838287378457
2021-12-07,-0.0018376311361779861
2021-12-08,0.0002913316396839122
2021-12-09,-0.006278395563310031
2021-12-10,0.00021609247411576355
2021-12-13,-0.011498285040536666
2021-12-14,0.006841964821486149
2021-12-15,-0.0017191952711772312
2021-12-16,0.00223664510360965
2021-12-17,0.0001380544463378911
2021-12-20,0.00808389479747719
2021-12-21,0.00775469448546306
2021-12-22,-0.0006879303264704216
2021-12-23,-0.00013254381810601777
2021-12-27,-0.0028275965708353286
2021-12-28,-0.0002634512121473156
2021-12-29,-0.008387805353777531
2021-12-30,0.0004316076351864599
2021-12-31,-0.001871188551993232
2022-01-03,0.006859110570774534
2022-01-04,-0.0066649961182291394
2022-01-05,-0.024863178952180588
2022-01-06,0.012419064116795971
2022-01-07,-0.020969940701631846
2022-01-10,-0.0032076785844671434
2022-01-11,-0.014539441235759728
2022-01-12,0.002424194690656245
2022-01-13,0.02291538672529044
2022-01-14,0.0018345925370263198
2022-01-18,0.00570193478838666
2022-01-19,-0.006482163602441545
2022-01-20,-0.003440479373388601
2022-01-21,0.007494388886932633
2022-01-24,-0.0064821528064605595
2022-01-25,0.018211027571248376
2022-01-26,0.0014293614302434256
2022-01-27,0.0009077588620655658
2022-01-28,-0.017231123518311416
2022-01-31,-0.012656335510280699
2022-02-01,0.0043233125011002535
2022-02-02,0.006404635418775307
2022-02-03,0.015381597333515707
2022-02-04,-0.009885211560490362
2022-02-07,0.00876254845500956
2022-02-08,-0.0027324363259231383
2022-02-09,-0.014571833757545852
2022-02-10,0.004291601549632349
2022-02-11,0.02283212735787741
2022-02-14,-0.0018976960792788514
2022-02-15,-0.012305819802805375
2022-02-16,0.009109105716712262
2022-02-17,0.018158012357179943
2022-02-18,0.0035170977504302555
2022-02-22,-0.0005752502633341133
2022-02-23,0.009218851486506053
2022-02-24,-0.038657227319929044
2022-02-25,0.010239578499747892
2022-02-28,0.0016712599909247641
2022-03-01,0.00013149268282593713
2022-03-02,0.0028512612695752106
2022-03-03,0.01068582670074763
2022-03-04,0.015884613239546173
2022-03-07,0.020276945137322713
2022-03-08,0.005773221032812308
2022-03-09,-0.022198599848013156
2022-03-10,0.012382253284117208
2022-03-11,0.013945807000738443
2022-03-14,-0.017405383572045154
2022-03-15,-0.005193336144339897
2022-03-16,-0.009010769633448336
2022-03-17,0.002204774348901601
2022-03-18,-0.008982810604721812
2022-03-21,0.010967826062081689
2022-03-22,-0.002549010970172501
2022-03-23,0.00800901794876516
2022-03-24,-0.001871967515142265
2022-03-25,0.008029629392261343
2022-03-28,-0.010300544305977669
2022-03-29,-0.012024755586346874
2022-03-30,0.009229853841716044
2022-03-31,-0.0017389406279406609
2022-04-01,0.001209248775557804
2022-04-04,-0.009731792538750677
2022-04-05,0.0007946401881624203
2022-04-06,0.006381854241127902
2022-04-07,0.0035576065218739204
2022-04-08,0.0033605845369418788
2022-04-11,-0.000251964449197544
2022-04-12,-0.0014430169443042347
2022-04-13,-0.010948985232158181
2022-04-14,0.0068876816545118125
2022-04-18,0.004887438432636874
2022-04-19,-0.023074262898519465
2022-04-20,0.016123443836262866
2022-04-21,0.0018961473482450666
2022-04-22,0.002238903466882327
2022-04-25,-0.01339178099057629
2022-04-26,0.018054599221584866
2022-04-27,-8.265250095587029e-05
2022-04-28,-0.015840416936422165
2022-04-29,0.00649000286006231
2022-05-02,-0.003960326464172813
2022-05-03,0.0022671532079873557
2022-05-04,-0.006237379919062032
2022-05-05,0.027485821185525675
2022-05-06,0.02334326296628308
2022-05-09,0.0063918244982901105
2022-05-10,0.002127800770115834
2022-05-11,0.01845440918795025
2022-05-12,-0.01792074721005808
2022-05-13,-8.687367630196894e-05
2022-05-16,0.004783267534316319
2022-05-17,0.006247144994969367
2022-05-18,-0.01091445314614094
2022-05-19,-0.004617047149146521
2022-05-20,-0.0045178617393591535
2022-05-23,0.0018195060141383685
2022-05-24,-0.012041734496532975
2022-05-25,0.002546300916085531
2022-05-26,0.010031057757059036
2022-05-27,0.00326404800464149
2022-05-31,0.0002816932958330969
2022-06-01,1.6077179617546357e-05
2022-06-02,-0.011847556092743215
2022-06-03,-0.0026149564837956714
2022-06-06,0.0031526548822421777
2022-06-07,0.007537125448599114
2022-06-08,-0.0011076096923294974
2022-06-09,0.00018092623972945692
2022-06-10,0.002830367411081865
2022-06-13,-0.019649467223130032
2022-06-14,0.005285546277679407
2022-06-15,-0.003118708807047561
2022-06-16,-0.02307468531327537
2022-06-17,-0.00043883892347444653
2022-06-21,0.0012257440669358837
2022-06-22,-0.01049587210268027
2022-06-23,-0.019565854894173815
2022-06-24,0.018303031829509767
2022-06-27,-0.0002890953696544725
2022-06-28,0.008016038988163405
2022-06-29,-0.016890952105337705
2022-06-30,-0.007717754567895354
2022-07-01,-0.009873118325641469
2022-07-05,0.007841662865306185
2022-07-06,-0.006672358903750668
2022-07-07,0.009548367686994871
2022-07-08,-0.0033091555726735616
2022-07-11,-0.004615588757321338
2022-07-12,0.01880882337789714
2022-07-13,0.002341890003260372
2022-07-14,-0.005329862330733541
2022-07-15,-0.009551345020059393
2022-07-18,-0.012900204814259906
2022-07-19,-0.01769288675596597
2022-07-20,-0.018629065873108593
2022-07-21,-0.006620753955723399
2022-07-22,0.007049857603549441
2022-07-25,0.007092861954308161
2022-07-26,0.011834902308217172
2022-07-27,-0.01822235638081445
2022-07-28,-0.010975476975231763
2022-07-29,0.00014270950593310745
2022-08-01,-0.0014278398393985834
2022-08-02,-0.00014323178078012107
2022-08-03,-0.016494946048679196
2022-08-04,-0.004070656060254174
2022-08-05,0.004606772029887257
2022-08-08,-0.006923806578315292
2022-08-09,0.017627636164051375
2022-08-10,-0.020962219340960975
2022-08-11,-0.004578917328251562
2022-08-12,-0.005214112493158037
2022-08-15,0.007122537445823805
2022-08-16,-0.01023172121060692
2022-08-17,-0.005486901704517969
2022-08-18,-0.002084881512281606
2022-08-19,-0.014931230093512177
2022-08-22,-0.01092733013814249
2022-08-23,-0.005184406579644215
2022-08-24,-0.001449529217389595
2022-08-25,0.004748263978649628
2022-08-26,-0.010810637575822261
2022-08-29,-0.006114049696609884
2022-08-30,0.0035843839180398117
2022-08-31,0.0032617535473249983
2022-09-01,-0.0011294747657020737
2022-09-02,-0.005898664749455271
2022-09-06,0.0003227902224612234
2022-09-07,0.00995078802009034
2022-09-08,0.003797417206509775
2022-09-09,-0.0001911987297003821
2022-09-12,-0.001179383864318634
2022-09-13,0.00259409933842417
2022-09-14,0.007712244802492161
2022-09-15,0.008188901225352952
2022-09-16,0.0036070270830662575
2022-09-19,0.002930168000975395
2022-09-20,-0.0023095070712812345
2022-09-21,0.0003409556913965173
2022-09-22,0.002256531207020613
2022-09-23,-0.0070429791603798045
2022-09-26,0.0021910211940956038
2022-09-27,0.0019031638336864563
2022-09-28,0.009781647948169728
2022-09-29,-0.005601553967466269
2022-09-30,-0.006051204846135472
2022-10-03,-0.012270950346208367
2022-10-04,0.007872840036047164
2022-10-05,-0.0028919740198618846
2022-10-06,0.0008766409663545367
2022-10-07,0.0018648357817636586
2022-10-10,0.005366159372043014
2022-10-11,0.0014050957528664357
2022-10-12,-0.004443810459265154
2022-10-13,0.004419919982351089
2022-10-14,-0.0022895219218392244
2022-10-17,0.0026806164979948943
2022-10-18,0.0004444663866172301
2022-10-19,0.016812923930324353
2022-10-20,0.00041627246881339704
2022-10-21,0.00914482259067804
2022-10-24,-0.0104310472694666
2022-10-25,-0.0009032056569505465
2022-10-26,-0.0051896285303513565
2022-10-27,0.004902693496642555
2022-10-28,-0.006785561010505176
2022-10-31,0.005111141778092284
2022-11-01,0.007842888631050156
2022-11-02,-0.00012041510926754428
2022-11-03,0.0037612093891908715
2022-11-04,0.0038922676661207758
2022-11-07,0.0009591936425090399
2022-11-08,-0.0039254512518091846
2022-11-09,-0.011084747503569106
2022-11-10,-0.044364966129972976
2022-11-11,-0.014015138864604992
2022-11-14,0.015093172686169538
2022-11-15,-0.0036687989042496236
2022-11-16,0.00019204421520026228
2022-11-17,0.008839840189632872
2022-11-18,0.0019155132446500736
2022-11-21,0.0009896998867953313
2022-11-22,-0.0008560808848047252
2022-11-23,-0.005630338759753042
2022-11-25,0.0016007155948390922
2022-11-28,-0.000829938514089321
2022-11-29,0.007099982602346569
2022-11-30,-0.019044918075239635
2022-12-01,-0.0029935904410118177
2022-12-02,0.0029159939148599946
2022-12-05,0.0010766098689621382
2022-12-06,0.0047285929468189915
2022-12-07,0.0007406132930073735
2022-12-08,-0.005460273491031148
2022-12-09,-0.009691712352432076
2022-12-12,-0.007937907250408351
2022-12-13,0.0039207382657286734
2022-12-14,0.01391280465083423
2022-12-15,0.00482311380715931
2022-12-16,0.003336383582922707
2022-12-19,0.007704811121593886
2022-12-20,0.007372430720424096
2022-12-21,0.003435700263901872
2022-12-22,0.0007769621317112124
2022-12-23,-0.002521619421630454
2022-12-27,0.003948581385229371
2022-12-28,-0.0008309571522594468
2022-12-29,-0.012820569896514549
2022-12-30,0.002324669600700405
2023-01-03,-0.0021827735240461965
2023-01-04,0.000990198884421954
2023-01-05,0.004879104820429223
2023-01-06,0.0014330981614181304
2023-01-09,0.006082963484617989
2023-01-10,0.0021632600423086576
2023-01-11,0.002227358390065133
2023-01-12,0.00659678404123235
2023-01-13,-0.0018394100634383417
2023-01-17,0.0056803468168289285
2023-01-18,-0.004843822714866279
2023-01-19,-0.0008459147938044069
2023-01-20,0.007451394416489387
2023-01-23,0.010510312270804935
2023-01-24,0.0007307788157277119
2023-01-25,0.0047572525248685636
2023-01-26,0.010509322331809873
2023-01-27,0.009602123793537115
2023-01-30,-0.011396914257967182
2023-01-31,0.007950760771390154
2023-02-01,0.011376368997848546
2023-02-02,0.026767030584341496
2023-02-03,-0.004260648417676448
2023-02-06,-0.0015182695651665711
2023-02-07,0.006658953451961795
2023-02-08,-0.005130412112378024
2023-02-09,-0.003907634376111421
2023-02-10,-0.014644773090434222
2023-02-13,-0.004647016783573197
2023-02-14,0.005238793918737724
2023-02-15,0.003819528550449454
2023-02-16,-0.0021417614678957753
2023-02-17,-0.004134920295784209
2023-02-21,0.00034465857146855164
2023-02-22,-0.0005111271446177749
2023-02-23,0.0008905264402634305
2023-02-24,-0.0026454624294234962
2023-02-27,0.005671366795325137
2023-02-28,-0.005720062200458488
2023-03-01,0.002598314927163908
2023-03-02,0.001971208931198297
2023-03-03,0.0023653098425529023
2023-03-06,0.0006577524131222616
2023-03-07,0.0021642153337486296
2023-03-08,-0.002161892640501922
2023-03-09,-0.004291553071212633
2023-03-10,0.004784366494002207
2023-03-13,-0.0075993059760894426
2023-03-14,-2.2648927212163715e-05
2023-03-15,-0.017603939445872928
2023-03-16,0.008125930779580579
2023-03-17,-0.002102715922294264
2023-03-20,-0.002454691097433562
2023-03-21,0.01285931606042124
2023-03-22,0.0006474269952181342
2023-03-23,0.0008655693481488265
2023-03-24,-0.009283074142153798
2023-03-27,0.004682861362787022
2023-03-28,0.006546857610908328
2023-03-29,0.010452280756752625
2023-03-30,-9.345691839029006e-06
2023-03-31,-0.002720646347699029
2023-04-03,0.005851796834804303
2023-04-04,-0.005996014274701474
2023-04-05,-0.0036459358182409952
2023-04-06,0.0006175652768505913
2023-04-10,0.0027997665733592073
2023-04-11,-0.0009055581488611778
2023-04-12,-0.008373906992447798
2023-04-13,0.0010945033318244953
2023-04-14,-0.003792079703279065
2023-04-17,-0.0030205800088093262
2023-04-18,-0.0015643062839328869
2023-04-19,-0.0034613209151935142
2023-04-20,-0.009655074679433558
2023-04-21,-0.001998278303114866
2023-04-24,-0.0032824588231007198
2023-04-25,0.001091881478142711
2023-04-26,0.007036661026127468
2023-04-27,0.013022117431335644
2023-04-28,0.003385219340386287
2023-05-01,-0.00010648765483281388
2023-05-02,-0.007551353622359284
2023-05-03,-0.0036756257161820686
2023-05-04,-0.0034822261300387013
2023-05-05,0.007934070518626142
2023-05-08,0.008857098108808022
2023-05-09,-0.004003651483353949
2023-05-10,-0.003025604955425474
2023-05-11,0.0006450833244693903
2023-05-12,-0.005368592133214448
2023-05-15,0.0032213719830956446
2023-05-16,-0.0006920095028136856
2023-05-17,0.008141227561986354
2023-05-18,0.004681448188472207
2023-05-19,-0.003099351256566401
2023-05-22,0.00471948290035459
2023-05-23,0.011771820480442353
2023-05-24,0.003191858879847539
2023-05-25,0.008789478725580571
2023-05-26,0.007927946416536257
2023-05-30,0.008814805322968326
2023-05-31,-0.005325793109027716
2023-06-01,0.008967881258372324
2023-06-02,-0.003296751810209025
2023-06-05,0.002480031844022518
2023-06-06,0.009082931235602831
2023-06-07,0.005506423270726709
2023-06-08,0.0011657551977231346
2023-06-09,0.0034193754801292078
2023-06-12,0.0046808674789841935
2023-06-13,0.005598228810194985
2023-06-14,-0.0043234094588521805
2023-06-15,-0.003350677871012007
2023-06-16,-0.0006683118623208946
2023-06-20,-0.0013280220536919854
2023-06-21,-0.0025598693890534056
2023-06-22,-0.005396827239644247
2023-06-23,-0.0008152272014131139
2023-06-26,-0.001659180862231021
2023-06-27,0.0046908938410194735
2023-06-28,0.006316116840316763
2023-06-29,-0.00042815894189157156
2023-06-30,0.0014563567376092287
2023-07-03,0.0071579759226917785
2023-07-05,0.0007560769213590243
2023-07-06,-0.006437688447559709
2023-07-07,0.009956219599128738
2023-07-10,-0.008436548422702417
2023-07-11,0.004863564438259929
2023-07-12,0.0007864792273652282
2023-07-13,-0.00022114575525345988
2023-07-14,-0.014542349657896123
2023-07-17,-0.0027094396694545557
2023-07-18,0.006573803029724563
2023-07-19,0.0014719743681679183
2023-07-20,-0.015569901807732156
2023-07-21,-0.0032320715943682304
2023-07-24,0.000264380080588504
2023-07-25,-0.0007906971523999371
2023-07-26,-0.0012601701156741245
2023-07-27,0.00836031578304398
2023-07-28,0.00560736373444587
2023-07-31,0.0032208732041053246
2023-08-01,-0.007285065730024915
2023-08-02,-0.013143770677300796
2023-08-03,0.010116287479917286
2023-08-04,0.0019791867786758542
2023-08-07,0.002066501970175799
2023-08-08,-0.0063795101214593735
2023-08-09,-0.012310932582358927
2023-08-10,-0.00293202100051953
2023-08-11,-0.0068507003032688
2023-08-14,0.01095071966832563
2023-08-15,-0.002709143022164308
2023-08-16,-0.0021435465718745174
2023-08-17,-0.003745696018170765
2023-08-18,0.0022773718490876464
2023-08-21,0.0008167422816209645
2023-08-22,-0.0011486614525123362
2023-08-23,0.0033001941735123557
2023-08-24,-0.0036090157733350728
2023-08-25,-0.00201825501590759
2023-08-28,-1.2865390838900882e-05
2023-08-29,0.0029467832980223643
2023-08-30,-0.00023616228533033466
2023-08-31,0.0036693409817540493
2023-09-01,-0.005605121038638348
2023-09-05,0.006544318356029602
2023-09-06,-0.0033579168024179557
2023-09-07,-0.0009414785986259681
2023-09-08,0.0016562448191953167
2023-09-11,0.006151694897738975
2023-09-12,-0.00014221288953233826
2023-09-13,0.0005365780510077963
2023-09-14,-0.009130548871136006
2023-09-15,-0.002010074368915834
2023-09-18,-0.00486208159033045
2023-09-19,0.0024419737204375348
2023-09-20,-0.00603563464922044
2023-09-21,-0.0010689625693740437
2023-09-22,-0.0008783559613379585
2023-09-25,0.0006059044358270911
2023-09-26,-0.00022820427273227435
2023-09-27,0.0007072880071955732
2023-09-28,-0.0029274896217100907
2023-09-29,0.007777718714737904
2023-10-02,0.0039013104504920255
2023-10-03,-0.0005493502657212858
2023-10-04,0.0036719160751562717
2023-10-05,0.0008197495301762515
2023-10-06,9.579219691711128e-06
2023-10-09,-0.004155388622275371
2023-10-10,0.00030367661430287784
2023-10-11,-0.001573415396545092
2023-10-12,0.00152003786899918
2023-10-13,-0.010400310061447449
2023-10-16,-0.0033156117875984287
2023-10-17,-0.003496832278833892
2023-10-18,0.0005243398590143059
2023-10-19,0.007722756537854006
2023-10-20,-0.0018890402141666636
2023-10-23,0.004397604373220592
2023-10-24,0.006486890597105492
2023-10-25,-0.008672047956663114
2023-10-26,-0.0012636648810754375
2023-10-27,0.007758100788088882
2023-10-30,0.00024634877277320607
2023-10-31,-0.00015923744731779967
2023-11-01,0.020882899074459855
2023-11-02,-0.0010315970927045441
2023-11-03,0.006115887274012009
2023-11-06,-0.0027538262855025847
2023-11-07,0.0009304469953837697
2023-11-08,-0.0008353294359793326
2023-11-09,-0.0034918129999230714
2023-11-10,0.00993614232758826
2023-11-13,-0.005465950892757766
2023-11-14,0.005204048074616151
2023-11-15,0.005156976736539287
2023-11-16,-0.005109142020064571
2023-11-17,0.005460602825589559
2023-11-20,0.0007910093815266636
2023-11-21,-0.007232264338191022
2023-11-22,-0.0006307285133832319
2023-11-24,-0.001790475751211781
2023-11-27,0.004052548729433884
2023-11-28,0.0010468945815469161
2023-11-29,0.0026201960438597825
2023-11-30,-0.007898525354235492
2023-12-01,0.004019375654269061
2023-12-04,-0.004939996629124326
2023-12-05,0.0022558241412718814
2023-12-06,-0.0004301367277600978
2023-12-07,0.009929155941843371
2023-12-08,0.008852347548503605
2023-12-11,-0.006088401945396825
2023-12-12,-0.004914045401150024
2023-12-13,-0.018875018838108375
2023-12-14,0.008402715359994203
2023-12-15,0.005327530918538932
2023-12-18,-0.0017514547607710242
2023-12-19,-0.002094029627866114
2023-12-20,0.0006191201035443749
2023-12-21,0.0013992191281030051
2023-12-22,-0.001642858009742092
2023-12-26,-0.00043013927403065067
2023-12-27,-0.00466424411923336
2023-12-28,-0.0008970230274233713
2023-12-29,-0.002548915620923924
2024-01-02,-0.005938352409099803
2024-01-03,0.00019066049180828796
2024-01-04,-0.0011091888783068106
2024-01-05,0.007609899956328585
2024-01-08,0.0014921471465913338
2024-01-09,-0.0050654441887294805
2024-01-10,-0.005448381879001234
2024-01-11,-0.0048978275545737285
2024-01-12,-0.00884113810958167
2024-01-16,-0.004327446959828084
2024-01-17,-0.003931088184754896
2024-01-18,0.004236574466569814
2024-01-19,0.005203396756135465
2024-01-22,-0.007060969603582555
2024-01-23,0.009388603575152437
2024-01-24,0.009553240352153101
2024-01-25,0.010950161926677667
2024-01-26,-0.005593073385282229
2024-01-29,-0.0010868113735996562
2024-01-30,-0.0035699987532451225
2024-01-31,-0.003985052744839245
2024-02-01,-0.004838808561692918
2024-02-02,0.005306996525584092
2024-02-05,-0.005261738784622321
2024-02-06,0.004855913323868546
2024-02-07,-0.0013677895538850955
2024-02-08,-0.0019058485084843015
2024-02-09,0.00037515775038302534
2024-02-12,0.003284169043037768
2024-02-13,-0.0016560834965887374
2024-02-14,0.004081304364855604
2024-02-15,0.003675379559698257
2024-02-16,-0.004352456026159454
2024-02-20,0.0001121975528818778
2024-02-21,-0.0023565859111077236
2024-02-22,0.0015414473023720263
2024-02-23,-0.004446508906926772
2024-02-26,-0.0019052641166057262
2024-02-27,0.0033305277442757966
2024-02-28,-0.0025027682956017287
2024-02-29,0.008764127937645277
2024-03-01,0.0012029988581348616
2024-03-04,0.0007879169456386094
2024-03-05,0.0004220393347396285
2024-03-06,0.00019532427888707156
2024-03-07,0.002075494464703944
2024-03-08,-0.0013608132903393526
2024-03-11,0.0028636476723254674
2024-03-12,-0.0019437812255253305
2024-03-13,0.005884349023102129
2024-03-14,-0.0022851046107812377
2024-03-15,0.004211026533685373
2024-03-18,0.005754903021517143
2024-03-19,-0.007342521712131319
2024-03-20,0.010927756924036946
2024-03-21,0.0018176869748130803
2024-03-22,0.004617327728809216
2024-03-25,0.0064606757397918475
2024-03-26,-0.0024834968069793327
2024-03-27,0.002666173299081666
2024-03-28,0.0008719768231252971
2024-04-01,0.008376607380702467
2024-04-02,0.0014417266196026022
2024-04-03,0.0002481486664319249
2024-04-04,-0.0035938111595816254
2024-04-05,-0.0007314859385119583
2024-04-08,0.0004749156512150108
2024-04-09,0.0022900044757843264
2024-04-10,-0.000998855069765003
2024-04-11,0.006283070159408472
2024-04-12,-0.0050953252118197895
2024-04-15,-0.0013684617699370137
2024-04-16,-0.0013323010999075065
2024-04-17,-0.0009388486711389771
2024-04-18,0.00461623627263838
2024-04-19,-0.00818032806600582
2024-04-22,0.0016528815435559645
2024-04-23,-0.0010260936429384944
2024-04-24,0.0033430965628549825
2024-04-25,0.007718728206466294
2024-04-26,0.0036009614252264523
2024-04-29,0.0022513264813524654
2024-04-30,-0.00916756773132869
2024-05-01,-0.004248069191800842
2024-05-02,0.0038565497197009012
2024-05-03,-0.0007761586019349407
2024-05-06,0.007389464295662196
2024-05-07,-0.009505716567880696
2024-05-08,0.0033472781235704932
2024-05-09,-0.0026785035587752162
2024-05-10,-0.00297429836110916
2024-05-13,0.00826002243692917
2024-05-14,0.0037446375152508124
2024-05-15,-0.004190450279061217
2024-05-16,0.0007926477808899314
2024-05-17,-0.0007909948343800109
2024-05-20,0.0030789807308709777
2024-05-21,0.00021441932802555313
2024-05-22,-0.005372470938402052
2024-05-23,-0.004902926379379895
2024-05-24,0.007197704908647025
2024-05-28,0.006613594272836784
2024-05-29,-0.0012374557054049386
2024-05-30,0.004079622010493832
2024-05-31,-0.0027448284053592934
2024-06-03,0.0008532094291689296
2024-06-04,-0.0015937156814890998
2024-06-05,0.002482718421515262
2024-06-06,-0.0004980408018736629
2024-06-07,0.0015745945288586495
2024-06-10,4.668059448179434e-05
2024-06-11,-0.001994477399684498
2024-06-12,0.004830729771323
2024-06-13,0.002466966432087354
2024-06-14,-0.005340599593239363
2024-06-17,0.0033659173379779316
2024-06-18,0.0010951291794681919
2024-06-20,-0.0004766217398775473
2024-06-21,-0.0019762687210035995
2024-06-24,0.00013599776781897215
2024-06-25,0.004654470420708404
2024-06-26,-0.0005467875987122746
2024-06-27,-8.549966852011695e-05
2024-06-28,0.0037035416177634193
2024-07-01,0.005764023061271452
2024-07-02,0.002506666079978878
2024-07-03,0.007956523013265026
2024-07-05,-0.0020306880449755837
2024-07-08,0.0018873893088898876
2024-07-09,0.00178512851380807
2024-07-10,0.0010401296341724584
2024-07-11,-0.01054125882917056
2024-07-12,-0.004352179071725191
2024-07-15,-0.00021208370122146838
2024-07-16,-0.0022063990593424523
2024-07-17,-0.0037614424587134334
2024-07-18,0.0015480027782586157
2024-07-19,-0.0031687983390318907
2024-07-22,-0.006803288349991147
2024-07-23,-0.005880773308303254
2024-07-24,-0.00606226738988782
2024-07-25,-0.008684323241587993
2024-07-26,-0.0027983140361012003
2024-07-29,-0.003195154221664271
2024-07-30,-0.004645227089564861
2024-07-31,0.004089797075397434
2024-08-01,-0.01513365159606153
2024-08-02,-0.01427699523627876
2024-08-05,-0.0024962867110841997
2024-08-06,0.0024339982858162146
2024-08-07,0.003203850833215072
2024-08-08,0.005617211714745593
2024-08-09,-0.002344321307284559
2024-08-12,0.0010504486864697205
2024-08-13,0.005591334259066891
2024-08-14,-0.0008528096829068036
2024-08-15,0.012409521919531465
2024-08-16,0.0014146510769093277
2024-08-19,0.006463079194425573
2024-08-20,-0.0038752010040523717
2024-08-21,0.0012516270141610158
2024-08-22,-0.007351949000213236
2024-08-23,0.010775231594484293
2024-08-26,-0.0034099300909848926
2024-08-27,-0.0037194983442465227
2024-08-28,-0.005449181669874103
2024-08-29,0.0037873599542647633
2024-08-30,0.003962306502378096
2024-09-03,-0.009875273159496236
2024-09-04,-0.0029078618415872364
2024-09-05,0.01017746250183764
2024-09-06,-0.009345880149267669
2024-09-09,0.003586863644490302
2024-09-10,-0.0029811822737102556
2024-09-11,0.00586585003750485
2024-09-12,-0.0013225664378445226
2024-09-13,0.005988023903808516
2024-09-16,0.0015074585653646242
2024-09-17,0.011130138430965539
2024-09-18,0.0017243402679227489
2024-09-19,0.005385085841398574
2024-09-20,0.0055833036369478915
2024-09-23,0.0018208929947109735
2024-09-24,0.009774356593506464
2024-09-25,-0.0005396255614489881
2024-09-26,0.0073757172256531485
2024-09-27,0.0006558757236086733
2024-09-30,-0.004282301168765877
2024-10-01,-0.0027100447143712882
2024-10-02,0.0004711288580145112
2024-10-03,0.003418338052764247
2024-10-04,0.014836795999358724
2024-10-07,0.0017250700493407702
2024-10-08,-0.0018388170397465454
2024-10-09,-0.0015572123415182602
2024-10-10,0.0017940414975054022
2024-10-11,0.0012302305066567761
2024-10-14,-0.003279640215259103
2024-10-15,-0.0022216023424024393
2024-10-16,0.0053272574732166145
2024-10-17,0.00032351736923041924
2024-10-18,-0.00035607194664374995
2024-10-21,0.0053881252095746845
2024-10-22,0.008554362337889298
2024-10-23,0.00045722519555287176
2024-10-24,0.006033270764500376
2024-10-25,0.002284136273110226
2024-10-28,0.005169813577721844
2024-10-29,0.001608819178418772
2024-10-30,-0.0026702840659877727
2024-10-31,0.0012886806088097768
2024-11-01,-0.006835735273108953
2024-11-04,-0.004195611313502472
2024-11-05,0.004007269620927738
2024-11-06,0.0180505346209918
2024-11-07,-0.008362201519808165
2024-11-08,-0.002431716875840118
2024-11-11,0.00255821642629906
2024-11-12,0.0006257070949806542
2024-11-13,-0.004402653992870454
2024-11-14,0.005947966900247083
2024-11-15,0.0025508306689998187
2024-11-18,0.00924201012745995
2024-11-19,0.0055060989933180034
2024-11-20,-0.004390436409120821
2024-11-21,-0.004045165951917896
2024-11-22,0.007649679684135903
2024-11-25,0.0014708154670909285
2024-11-26,-0.007952293457200098
2024-11-27,0.002185056484511394
2024-11-29,-0.00023934557357654904
2024-12-02,0.0033184501329483174
2024-12-03,-0.0014353302214835536
2024-12-04,-0.0022529482797833673
2024-12-05,0.007508312326440388
2024-12-06,-0.004121259601131991
2024-12-09,-0.0015434849424621339
2024-12-10,-0.0020090635275761934
2024-12-11,0.006221426802686954
2024-12-12,0.004334226827728323
2024-12-13,0.0019449988299194488
2024-12-16,0.0024310264714761114
2024-12-17,0.003501304585431986
2024-12-18,-0.0025778958807048872
2024-12-19,-0.0008053497797482633
2024-12-20,0.003193283516213348
2024-12-23,0.003647054321092207
2024-12-24,0.0017738799975731486
2024-12-26,0.0006990569199277053
2024-12-27,-0.0018049760768108188
2024-12-30,-0.0004423966897963806
2024-12-31,0.0007569264967753074
2025-01-02,0.0004314370533500392
2025-01-03,0.00407834685577281
2025-01-06,0.00824121581259957
2025-01-07,-0.003032283398402606
2025-01-08,-0.0051307835863597965
2025-01-10,0.0022815057754813676
2025-01-13,-0.004218629253653253
2025-01-14,-0.00106190507476026
2025-01-15,0.01063210795975207
2025-01-16,-0.00987211756710243
2025-01-17,0.010417506488173972
2025-01-21,-0.003839277807105222
2025-01-22,0.0056793432162003474
2025-01-23,-0.005838195639601359
2025-01-24,-0.0016410864269278472
2025-01-27,-0.013978072727225803
2025-01-28,0.004329483413779772
2025-01-29,0.005502786790762611
2025-01-30,-0.00013960444254442254
2025-01-31,-0.002576261074783497
2025-02-03,-0.0021151949826559114
2025-02-04,0.014601338145321554
2025-02-05,0.0001547154511319965
2025-02-06,0.0086053484423516
2025-02-07,0.0035364573950525855
2025-02-10,0.010276577441478025
2025-02-11,-0.002206489631857324
2025-02-12,0.017419554858926697
2025-02-13,0.009777834414788623
2025-02-14,0.010159148772537065
2025-02-18,0.004068123163400474
2025-02-19,0.0052734749493578035
2025-02-20,-0.0005871872701501113
2025-02-21,0.003091178792633603
2025-02-24,-0.008635251745032846
2025-02-25,-0.01457839339453374
2025-02-26,0.0032085408937144824
2025-02-27,-0.011423336875097716
2025-02-28,-0.001188647626444185
2025-03-03,-0.007855326634536138
2025-03-04,-0.0039632639750151214
2025-03-05,0.00014907384094798096
2025-03-06,-0.004796808634056604
2025-03-07,0.009672431105797474
2025-03-10,-0.0025867614854303
2025-03-11,0.004544359170048565
2025-03-12,0.011151825367868034
2025-03-13,-0.003491530915165391
2025-03-14,0.0043877845474179925
2025-03-17,-0.0048537855084133195
2025-03-18,-0.003595031188468692
2025-03-19,0.007337297097231063
2025-03-20,0.0004138709601336408
2025-03-21,0.009367003344115301
2025-03-24,0.013815468611824424
2025-03-25,0.0015039096292608187
2025-03-26,-0.020712317555635587
2025-03-27,-0.014692471986062688
2025-03-28,-0.007687665188539375
2025-03-31,-0.00532243550267977
2025-04-01,0.00498734142610459
2025-04-02,0.007533359701854234
2025-04-03,-0.047496086611291795
2025-04-04,-0.008618356965012439
2025-04-07,0.0185247378849715
2025-04-08,-0.008850086990481032
2025-04-09,0.05778098954045299
2025-04-10,-0.027478651187779743
2025-04-11,0.00024863014597613456
2025-04-14,-0.0012849323244115902
2025-04-15,0.010464985796050855
2025-04-16,-0.013801090148958917
2025-04-17,-0.01979806104218003
2025-04-21,-0.003536530210877387
2025-04-22,0.0029604762279479865
2025-04-23,0.019982081550327914
2025-04-24,0.024281916150453702
2025-04-25,0.0070825940792313595
2025-04-28,6.046538489044432e-05
2025-04-29,-0.008500544152037224
2025-04-30,-0.011713359916300101
2025-05-01,0.01135028992401854
2025-05-02,0.00883446858201597
2025-05-05,-0.0053687852648607905
2025-05-06,-0.0021794599847578203
2025-05-07,-0.0028157108286324868
2025-05-08,0.00964616465831935
2025-05-09,0.0015161360385720823
2025-05-12,0.027470075743254316
2025-05-13,0.018123593041135748
2025-05-14,0.005611128454277121
2025-05-15,-0.014919455464733933
2025-05-16,4.042668914221897e-05
2025-05-19,-0.00491837124832826
2025-05-20,0.00045154353986344095
2025-05-21,-0.002321509055006813
2025-05-22,-0.0018282235352049393
2025-05-23,-0.0005726463273870441
2025-05-27,-0.003308926178392813
2025-05-28,0.0034351116606236485
2025-05-29,0.00018621625170457353
2025-05-30,0.001281666072070414
2025-06-02,0.0004895512694309026
2025-06-03,0.0008512509245764536
2025-06-04,-0.0008565737026216228
2025-06-05,-0.005577159871111496
2025-06-06,0.007204499273409156
2025-06-09,0.008016385001216932
2025-06-10,0.007673122383999519
2025-06-11,0.0002961048672202414
2025-06-12,-0.0023415431117750326
2025-06-13,-0.0007789393589774458
2025-06-16,0.002593374606414483
2025-06-17,-0.006830124221371084
2025-06-18,-0.0013042036764543694
2025-06-20,-0.001951324590135687
2025-06-23,0.000535002346172358
2025-06-24,0.010979935098173629
2025-06-25,0.010408735981298335
2025-06-26,0.0016395879742126937
2025-06-27,-0.004510488790515362
2025-06-30,0.0004940971313513463
2025-07-01,-0.01806280384382105
2025-07-02,0.011348442419473533
2025-07-03,0.003511568301719507
2025-07-07,-0.004880814846493887
2025-07-08,0.009232308276439595
2025-07-09,0.0010024469401572669
2025-07-10,-0.000529921572999179
2025-07-11,0.007117050476405957
2025-07-14,-0.00365475453130693
2025-07-15,0.012918425142823807
2025-07-16,-0.004057859638081802
2025-07-17,0.0009313546152663634
2025-07-18,0.002767154260329214
2025-07-21,-0.0009511167870931347
2025-07-22,-0.0067744376493620835
2025-07-23,-0.007604447670591654
2025-07-24,0.003174565772733317
2025-07-25,8.647114876801498e-05
2025-07-28,0.0042262531775875455
2025-07-29,-0.0019809094534343897
2025-07-30,-0.0019167144852771678
2025-07-31,0.002556096558953055
2025-08-01,-0.009928418343781194
2025-08-04,-0.0001484206496720711
2025-08-05,0.004420185962265645
2025-08-06,-0.0034196269482573106
2025-08-07,0.010586915258026264
2025-08-08,0.007929681538011627
2025-08-11,0.005442859577196539
2025-08-12,0.00026046950653076236
2025-08-13,-0.013079709192412612
2025-08-14,0.007184539965170435
2025-08-15,0.002109452057024682
2025-08-18,-0.0011461670954696732
2025-08-19,-0.011831640758886833
2025-08-20,-0.00810882883854954
2025-08-21,-0.0020300470764015852
2025-08-22,0.007444140019868335
2025-08-25,0.002735280621971851
2025-08-26,6.551875328800889e-05
2025-08-27,0.0007343061261459328
2025-08-28,1.3901941407124613e-05
2025-08-29,-0.0029156082847646876
2025-09-02,-0.0005302585824034582
2025-09-03,0.0035377994273114565
2025-09-04,0.0009445840871952134
2025-09-05,-0.00035550753356763254
2025-09-08,0.00022827653528114823
2025-09-09,0.010696983025252028
2025-09-10,0.01201284494577264
2025-09-11,-0.004414148275899341
2025-09-12,0.00897968411554781
2025-09-15,0.005348177589619706
2025-09-16,7.621358860769027e-05
2025-09-17,-0.00119158381653925
2025-09-18,-0.010856393327028965
2025-09-19,-0.004078031675086281
2025-09-22,-0.003772798266517025
2025-09-23,0.004381315529586547
2025-09-24,0.0015076379100169676
2025-09-25,-0.0015621841331108924
2025-09-26,0.0036850931323661133
2025-09-29,0.0023633750970273597
2025-09-30,-0.0003567579409758986
2025-10-01,0.00531860504088084
2025-10-02,-0.000766913923551533
2025-10-03,0.004704899005605561
2025-10-06,-0.003747887128052859
2025-10-07,0.0011851166178575285
2025-10-08,0.0009223583946882591
2025-10-09,-0.00047856263332284103
2025-10-10,-0.001508254512330579
2025-10-13,0.0005785301398248662
2025-10-14,0.005918426195648257
2025-10-15,0.0017122177972484231
2025-10-16,-0.002853823309307375
2025-10-17,-0.010869138172496308
2025-10-20,0.005820938140308097
2025-10-21,-0.0030557985962862003
2025-10-22,-0.006430018037700151
2025-10-23,-0.002874074797199915
2025-10-24,0.012267386856247096
2025-10-27,0.006990822219164875
2025-10-28,0.007580365685806832
2025-10-29,0.012675688363910132
2025-10-30,-0.011401008940336067
2025-10-31,0.002949153514645335
2025-11-03,0.0052260122979155815
2025-11-04,-0.017955823618848094
2025-11-05,0.005553130038566881
2025-11-06,-0.008155222106300089
2025-11-07,-0.0070132062151753456
2025-11-10,0.016965625026300973
2025-11-11,-0.006343217100742002
2025-11-12,0.0014885504548217269
2025-11-13,-0.013271906923639344
2025-11-14,-0.00029830607308194254
2025-11-17,-0.011152482999435767
2025-11-18,-0.005233177643648122
2025-11-19,0.005218956952040842
2025-11-20,-0.022717776993078885
2025-11-21,-0.0025290471118049784
2025-11-24,0.015887355763369273
2025-11-25,-0.006778700623026874
2025-11-26,0.0075022142476088875
2025-11-28,0.00976859026836768
2025-12-01,0.007130501873691824
2025-12-02,0.006550823431711187
2025-12-03,0.0023904742646762133
2025-12-04,-0.0011511997537329332
2025-12-05,0.0006642843541696238
2025-12-08,0.007099321313824743
2025-12-09,0.006035975866134314
2025-12-10,-0.001373661745506841
2025-12-11,-0.010297425130778557
2025-12-12,-0.014730856472460845
2025-12-15,-0.00747691949117752
2025-12-16,0.006348014523584469
2025-12-17,-0.010747361683138869
2025-12-18,0.004964168285823376
2025-12-19,0.007176742384981951
2025-12-22,-0.00526034865716928
2025-12-23,0.004961764169601357
2025-12-24,0.0023311334399353065
2025-12-26,0.00020428970385764377
2025-12-29,-0.0008083518196235149
2025-12-30,0.002907820324193787
2025-12-31,0.0010487098465670058
2026-01-02,0.002518726825593107
2026-01-05,0.00017238887987753565
2026-01-06,-0.005138065503824246
2026-01-07,0.0039605094924924245
2026-01-08,-0.0008712718265518958
2026-01-09,0.003082695888472528
2026-01-12,-0.002016611246964582
2026-01-13,0.012038259905909905
2026-01-14,0.0012074069406439892
2026-01-15,-0.005947542430603573
2026-01-16,0.0012123087357204447
2026-01-20,0.003057842958301727
2026-01-21,0.001845995762664851
2026-01-22,0.0025432882942292376
2026-01-23,0.0039600122498267415
2026-01-26,-0.006820795553261182
2026-01-27,0.01814663302604438
2026-01-28,-0.008510550019206886
2026-01-29,-0.00016487126779022267
2026-01-30,0.0013859314952295377
2026-02-02,-0.0039769625916621755
2026-02-03,0.010526328892098785
2026-02-04,-0.007522017673160478
2026-02-05,-0.008052075652967422
2026-02-06,0.0074980491401348895
2026-02-09,-0.0004392214805150569
2026-02-10,0.003474656195566329
2026-02-11,-0.003668911200088888
2026-02-12,-0.008471213577092108
2026-02-13,-0.004963701175088699
2026-02-17,0.001304129544547308
2026-02-18,-0.0011406995874431382
2026-02-19,-0.0025137440995093366
2026-02-20,-0.00280105886489164
2026-02-23,0.0006556099281889282
2026-02-24,0.00453749212123218
2026-02-25,0.009497951881602013
2026-02-26,-0.0013677888789314836
2026-02-27,0.0009121490180141155
2026-03-02,0.0038211308805443838
2026-03-03,0.0019702308375753137
2026-03-04,0.008238716850718926
2026-03-05,0.015239920766147606
2026-03-06,-0.0017017062880048644
2026-03-09,-0.005207978930809875
2026-03-10,0.0005646696579258663
2026-03-11,0.005758597803476728
2026-03-12,-0.00109436276161642
2026-03-13,0.000886888975048844
2026-03-16,-3.0166480450785546e-05
2026-03-17,0.004690688188099608
2026-03-18,-0.006569485194983752
2026-03-19,0.0031905077211648552
2026-03-20,-0.00953412041636079
2026-03-23,0.006149433496324202
2026-03-24,-0.0012637396374413248
2026-03-25,0.004120926273365049
2026-03-26,0.00041624754945032336
2026-03-27,0.005368441989713948
2026-03-30,-0.004226350302021832
2026-03-31,0.004022227615922747
2026-04-01,-0.00619436794919132
2026-04-02,0.005014319965165061
2026-04-06,-0.002836507672379147
2026-04-07,-0.0024315368262121393
2026-04-08,-0.0039221948797832605
2026-04-09,0.0021444640321336673
2026-04-10,0.0073926785917643924
2026-04-13,-0.0013944852931356804
2026-04-14,0.009029115018316422
2026-04-15,0.008637869409837256
2026-04-16,0.006755054591093313
2026-04-17,-0.004064080813195373
2026-04-20,-0.0011621464704000585
2026-04-21,-0.0012847816818864616
2026-04-22,0.0019384696640968979
2026-04-23,-0.009435064687667132
2026-04-24,0.010225663640371297
2026-04-27,-0.0016923407209423244
2026-04-28,0.004097729197135116
2026-04-29,0.004368598939758452
2026-04-30,-0.00794814969029318
2026-05-01,0.0071529979593114084
2026-05-04,-0.0037302646946702784
2026-05-05,8.44344795431685e-05
2026-05-06,0.007539057117035708
2026-05-07,0.002299673274607971
2026-05-08,0.006196693537642083
2026-05-11,-0.004959007297756921
2026-05-12,-0.005312514976675076
2026-05-13,0.0035387328042169757
2026-05-14,0.008112630015509846
2026-05-15,-0.004468728685361938
2026-05-18,0.007664081799107996
2026-05-19,-0.0010816632957169551
2026-05-20,0.0033263971389799907
2026-05-21,0.002369294851891394
2026-05-22,0.001121990476568558
2026-05-26,-0.0010187826556707948
2026-05-27,-0.0007052061711605393
2026-05-28,0.00676691960782626
2026-05-29,0.008066871698747658
2026-06-01,0.00030616936566100805
2026-06-02,-0.005882826378233793
2026-06-03,-0.013685026368645789
2026-06-04,-0.00738432199936456
2026-06-05,-0.00875434955340436
2026-06-08,0.005219717471308929
2026-06-09,-0.005850064926947605
2026-06-10,-0.000683009248546391
2026-06-11,-0.0013045917545611836
2026-06-12,-0.0008328136104148398
2026-06-15,-0.004908457808012118
2026-06-16,-0.004951330642385546
2026-06-17,-0.009237352447750249
2026-06-18,0.006017958625443971
2026-06-22,-0.008161324415568261
2026-06-23,0.009493022600157011
2026-06-24,-0.011502412054086348
2026-06-25,-0.017846627731420265
2026-06-26,0.01266590473931335
2026-06-29,-0.004354684860940195
2026-06-30,-0.010565556749160071
2026-07-01,0.0048580615320105314
2026-07-02,0.00665516398757504
2026-07-06,-0.004054607783757625
2026-07-07,0.011155702389277744
2026-07-08,0.0018631282454417866
2026-07-09,-0.002740332540278585
2026-07-10,0.00123132331087285
2026-07-13,0.011730334805291908
2026-07-14,-0.007051397552016876
2026-07-15,0.010171133703831365
2026-07-16,0.009393179905082276
2026-07-17,0.0019834489545197966
2026-07-20,-0.0008569345132753789
2026-07-21,-0.000678637532153557
2026-07-22,0.004885603170423053
2026-07-23,-0.013415693047552125
2026-07-24,0.0016153255811117582
2026-07-27,0.006048541745572922
2026-07-28,0.0005085303119456027
2026-07-29,0.008538555753029671
2026-07-30,-0.005195296401069867
2026-07-31,0.0025492511106177673
2026-08-03,0.0015429850150640299
2026-08-04,0.009947710588717358
2026-08-05,-0.00804048018818625
2026-08-06,0.004696445634412368
2026-08-07,-0.00013000709015817454
2026-08-10,0.002124496304553602
2026-08-11,-0.0014195725093672333
2026-08-12,0.0052514387308490815
2026-08-13,0.006706821531647776
