date,0
2006-01-03,-0.012162786285672628
2006-01-04,0.0009203626581344507
2006-01-05,-0.0015510844848563073
2006-01-06,0.0016884539107370517
2006-01-09,-9.446787525131315e-05
2006-01-10,-0.003523445148078076
2006-01-11,0.002237112601537201
2006-01-12,0.005447791497597533
2006-01-13,9.228721475676958e-05
2006-01-17,-0.008139285643081745
2006-01-18,0.0020487731468323256
2006-01-19,-0.0002033674836567308
2006-01-20,-0.007428489806859281
2006-01-23,0.0002600014814397547
2006-01-24,0.007539164653098714
2006-01-25,0.0059864313453838495
2006-01-26,0.00561396358203374
2006-01-27,-0.008385303158429641
2006-01-30,-0.008728952950854628
2006-01-31,-0.0010667116148883591
2006-02-01,0.010836873700580245
2006-02-02,0.002775814989690587
2006-02-03,-0.002026533615925254
2006-02-06,-0.019444164783724315
2006-02-07,0.005894235394629639
2006-02-08,0.008888529189908604
2006-02-09,-0.0005476749306802655
2006-02-10,-0.00018705262288750484
2006-02-13,0.0014589442928048834
2006-02-14,-0.0018582764794968839
2006-02-15,0.0027165874937340843
2006-02-16,-0.006512626298194926
2006-02-17,0.0016650014201783278
2006-02-21,-0.0007131536355029324
2006-02-22,-0.000850499526244896
2006-02-23,0.0019253687224780505
2006-02-24,0.0008765881900529141
2006-02-27,-0.0013876499838474696
2006-02-28,0.0007165543048848483
2006-03-01,-0.0016325043964734033
2006-03-02,-0.0009482931922837128
2006-03-03,-0.0012326800702630245
2006-03-06,0.0016637590330494585
2006-03-07,0.001652074455786356
2006-03-08,-0.010119686451085522
2006-03-09,-0.0073739843861479045
2006-03-10,-0.0034971552689712377
2006-03-13,0.003016011668382426
2006-03-14,0.008560286557497191
2006-03-15,-0.006454416153951386
2006-03-16,-0.0006444317797927605
2006-03-17,-0.0030871195305978687
2006-03-20,-0.00848749077413065
2006-03-21,-0.00024383067109855975
2006-03-22,-0.0029861429686319496
2006-03-23,0.008460207044786137
2006-03-24,0.004835050568822457
2006-03-27,9.717812076867503e-05
2006-03-28,0.0009589768204055792
2006-03-29,0.0031180898038329565
2006-03-30,0.002546452656741941
2006-03-31,-0.005554569192585642
2006-04-03,0.0012751835741320959
2006-04-04,0.0010052076542576241
2006-04-05,0.009931450996192073
2006-04-06,-0.008846046827124206
2006-04-07,0.003863312689409401
2006-04-10,-0.006094075662247512
2006-04-11,0.002425562608411181
2006-04-12,0.004954200522583785
2006-04-13,-0.0024516855428606595
2006-04-17,-0.008632669344950284
2006-04-18,-0.00798548172262133
2006-04-19,-0.010470942514585503
2006-04-20,0.013330576039658216
2006-04-21,-0.006002979362143839
2006-04-24,-0.0009241518936885226
2006-04-25,0.005169645519791996
2006-04-26,0.008108763866836082
2006-04-27,-8.011566724133896e-05
2006-04-28,0.00024293772287816272
2006-05-01,-0.01006507733481866
2006-05-02,-0.004761833874270969
2006-05-03,-0.004147364829297475
2006-05-04,0.002402597658638401
2006-05-05,-0.00025089976480312904
2006-05-08,-0.012828041448792115
2006-05-09,-0.005251044123174711
2006-05-10,0.0058883086548494066
2006-05-11,0.0010417857056889703
2006-05-12,0.007434271565562908
2006-05-15,0.0033868853871290034
2006-05-16,-0.003585668484926667
2006-05-17,0.006068204767791838
2006-05-18,0.007588964907504481
2006-05-19,-0.004850957781554943
2006-05-22,0.009373357191248181
2006-05-23,-0.002124415576453316
2006-05-24,-0.002834684647812126
2006-05-25,-0.005627080759634778
2006-05-26,-0.0017012554874131166
2006-05-30,0.005315162685816869
2006-05-31,-0.006200364268291798
2006-06-01,-0.0035800573200032828
2006-06-02,-0.0029039773965688887
2006-06-05,0.0024441949302144595
2006-06-06,-0.007093414398310489
2006-06-07,-0.018906641142994937
2006-06-08,0.0002855091888251571
2006-06-09,0.0021119681228572466
2006-06-12,-0.004389944270167237
2006-06-13,-0.0013839410915283939
2006-06-14,0.008000541773658129
2006-06-15,0.018923355760850136
2006-06-16,-0.0034361351649379013
2006-06-19,-0.0031788856791151506
2006-06-20,0.0011349240963386843
2006-06-21,0.006638715997339912
2006-06-22,-0.0009695609897134388
2006-06-23,-0.00476996847780013
2006-06-26,0.004815213551894821
2006-06-27,-0.006952796253478027
2006-06-28,0.001133479910494712
2006-06-29,0.0046179821869303615
2006-06-30,-0.006984250881643088
2006-07-03,0.0025022410885469125
2006-07-05,-0.002643456885380839
2006-07-06,0.0006074822117449949
2006-07-07,-0.008289428986499713
2006-07-10,-0.010190337400585387
2006-07-11,0.001551741797917507
2006-07-12,0.0012168219758210497
2006-07-13,0.009910485328492839
2006-07-14,-0.004300885491360756
2006-07-17,0.012865157418796718
2006-07-18,-0.001280197984725809
2006-07-19,-0.0034688700821138892
2006-07-20,0.011990811179132931
2006-07-21,-0.009036375466242343
2006-07-24,-0.0021811975812649335
2006-07-25,-0.004208798581750393
2006-07-26,-0.002184304591430405
2006-07-27,0.00498711212816213
2006-07-28,0.0006432224089045794
2006-07-31,-0.005085064828459225
2006-08-01,-0.0035655180615025203
2006-08-02,0.002445099761783581
2006-08-03,0.0034648152894748625
2006-08-04,-0.0008145479738662204
2006-08-07,-0.010807992411352869
2006-08-08,-0.005098657515521238
2006-08-09,0.0008856993172980754
2006-08-10,0.003543416491250441
2006-08-11,-0.00044655227137132734
2006-08-14,0.005923473177631568
2006-08-15,0.003081562769633543
2006-08-16,0.004113085988068833
2006-08-17,0.009067717261576099
2006-08-18,-0.002073291807461645
2006-08-21,-0.002314836777769757
2006-08-22,0.0001321925145603864
2006-08-23,-0.0016957597743265955
2006-08-24,0.0021495674177466006
2006-08-25,-0.0019072797426852406
2006-08-28,0.00017981478435958445
2006-08-29,0.002910189658343531
2006-08-30,0.0016653147573729731
2006-08-31,-0.00038160683343654026
2006-09-01,0.0010086608453844436
2006-09-05,0.004118231592544662
2006-09-06,-0.01645577867595025
2006-09-07,-0.00015938126345165844
2006-09-08,-0.012801270567012532
2006-09-11,-0.01906171274713441
2006-09-12,-0.015706566339188203
2006-09-13,0.01260419668179913
2006-09-14,-0.006767723909230167
2006-09-15,-0.0023891547990847212
2006-09-18,0.008883076752472248
2006-09-19,-0.005444753041493938
2006-09-20,-0.01860920507964617
2006-09-21,0.008827552268596028
2006-09-22,-0.0009027006371487474
2006-09-25,-0.006435394280170113
2006-09-26,0.011084830440673581
2006-09-27,0.009930095146538824
2006-09-28,-0.003522757187448776
2006-09-29,0.0043226620683614195
2006-10-02,-0.0006391046507120523
2006-10-03,-0.01812966523584694
2006-10-04,-0.00432857644442127
2006-10-05,0.002296423549926158
2006-10-06,0.004377622865855808
2006-10-09,-0.007722478479331286
2006-10-10,0.004314722123961872
2006-10-11,0.0036880993615255116
2006-10-12,0.0022971656214156536
2006-10-13,0.009318887476262486
2006-10-16,0.007881466371415687
2006-10-17,0.001988326375889668
2006-10-18,-0.0037698678896956822
2006-10-19,0.013019733325995358
2006-10-20,-0.005415330055458507
2006-10-23,0.0007316583224352659
2006-10-24,0.007193807239443571
2006-10-25,0.00884090058111109
2006-10-26,-0.006787919973337457
2006-10-27,0.0038167453319285605
2006-10-30,-0.01260190385893101
2006-10-31,0.007751265723514633
2006-11-01,-0.001202594955280121
2006-11-02,0.002913281969317873
2006-11-03,-0.015987450117650744
2006-11-06,-0.00031617780886884203
2006-11-07,0.0001541191918007199
2006-11-08,-0.006309160381020723
2006-11-09,-0.014466445301356226
2006-11-10,0.010603056925871072
2006-11-13,0.007188310915535975
2006-11-14,0.006290839173784517
2006-11-15,0.001165489961233169
2006-11-16,0.0034090463808868817
2006-11-17,-0.0074779260238884435
2006-11-20,-0.006046529219461742
2006-11-21,-0.004134250550047859
2006-11-22,0.0022289731597296674
2006-11-24,0.00013770768167145443
2006-11-27,-0.0006244848594875274
2006-11-28,0.0016020317917545969
2006-11-29,0.0029523341770616245
2006-11-30,-0.0023741267274058663
2006-12-01,-0.0017810381966297053
2006-12-04,0.003288748377999708
2006-12-05,-0.00920107305225226
2006-12-06,-0.005885859704713665
2006-12-07,-0.0003135780937385988
2006-12-08,0.0009043210699269316
2006-12-11,0.004345360519978923
2006-12-12,0.002965541917100251
2006-12-13,-0.0028464607351180384
2006-12-14,-0.0009744389340872474
2006-12-15,0.006287733520123014
2006-12-18,0.00843178780918249
2006-12-19,-0.0070422908323464475
2006-12-20,0.0021955374602639502
2006-12-21,0.0009290135458589752
2006-12-22,0.00161090905691591
2006-12-26,0.0009481322046863511
2006-12-27,0.001703563844039988
2006-12-28,-0.0009134644328794182
2006-12-29,-0.0008446373862311286
2007-01-03,-0.0012675140037874048
2007-01-04,0.001961850519619977
2007-01-05,0.003221109962743127
2007-01-08,-0.006683204819493709
2007-01-09,0.0039238972186926456
2007-01-10,0.0032669984666106014
2007-01-11,0.003952562597682625
2007-01-12,-0.006032913961785313
2007-01-16,0.006432882498221571
2007-01-17,0.0008758536663083633
2007-01-18,0.006802235446576638
2007-01-19,-0.007325696252984165
2007-01-22,0.001145119845399833
2007-01-23,-0.0023433985880111532
2007-01-24,-0.003698528144202235
2007-01-25,0.006196451813400303
2007-01-26,-0.006611990373920009
2007-01-29,0.0009756339172867681
2007-01-30,-0.008829554012735127
2007-01-31,0.0029788129089132753
2007-02-01,0.004616849382641813
2007-02-02,0.0003564626483212887
2007-02-05,0.0023019848555300734
2007-02-06,-8.680787269926512e-05
2007-02-07,-0.009081406450251586
2007-02-08,0.003576213424151732
2007-02-09,2.0112398160279862e-05
2007-02-12,0.0005570201231867354
2007-02-13,-0.0020135550194987093
2007-02-14,0.0005761799761888926
2007-02-15,-0.0003478979048276864
2007-02-16,-0.0017347115217813194
2007-02-20,-0.0023528566490712034
2007-02-21,0.0035079838298449637
2007-02-22,0.004518967054397513
2007-02-23,0.0034041318425204075
2007-02-26,0.0014937017452707135
2007-02-27,0.0004577038769696276
2007-02-28,0.001656464957952298
2007-03-01,7.532286300960441e-05
2007-03-02,-0.0017753406254397417
2007-03-05,-0.0008177738432826751
2007-03-06,-0.002164923010997
2007-03-07,0.0035051087662827402
2007-03-08,-0.0017300925214006873
2007-03-09,-0.011966054482392012
2007-03-12,0.0030338575107398532
2007-03-13,0.003727409082653083
2007-03-14,0.0002477013847758209
2007-03-15,0.0009792069625184712
2007-03-16,0.002407788212991976
2007-03-19,0.0011283751728825729
2007-03-20,0.0020886135272257197
2007-03-21,-0.002700178834119958
2007-03-22,0.0007534396412136621
2007-03-23,0.0027726992357163423
2007-03-26,0.00046507793751282924
2007-03-27,0.0008464192029419452
2007-03-28,0.0033802705084842793
2007-03-29,-0.003852638553144386
2007-03-30,0.0026826158362824636
2007-04-02,0.005105627331723045
2007-04-03,0.0010062638013337104
2007-04-04,-0.00017831037250916337
2007-04-05,-0.0016497408692302022
2007-04-09,0.003903983879812442
2007-04-10,-0.0062690051542001225
2007-04-11,-0.0008413930974414023
2007-04-12,0.0027335846794968523
2007-04-13,-0.0024866321751610375
2007-04-16,-0.0019144045776812967
2007-04-17,-0.005364222070193864
2007-04-18,0.004957383338409396
2007-04-19,-0.00129985347795685
2007-04-20,0.004006603474524315
2007-04-23,0.0010926712499077934
2007-04-24,0.0004882704356323623
2007-04-25,0.0020315253451150626
2007-04-26,-0.005801346034283969
2007-04-27,0.0007929177955514032
2007-04-30,-0.0035626009616344873
2007-05-01,-0.002947193346469282
2007-05-02,0.0021461875308690977
2007-05-03,0.0016499919010436403
2007-05-04,-0.0008147364975266193
2007-05-07,-0.0020310642801546095
2007-05-08,-0.0008394399641989071
2007-05-09,-0.004777207653282302
2007-05-10,-0.0019515058014108343
2007-05-11,-0.0041196596752265495
2007-05-14,-0.002196259311004219
2007-05-15,-0.003646396854225936
2007-05-16,-0.00040420063687684245
2007-05-17,-0.0046466415351528725
2007-05-18,-0.0012871618511636571
2007-05-21,-0.0013176123183572942
2007-05-22,0.0050202848510664
2007-05-23,-0.005327451008042989
2007-05-24,0.0031234503507476903
2007-05-25,-2.1121615904958216e-05
2007-05-29,0.0011364638654370678
2007-05-30,-0.006156414480880097
2007-05-31,0.0049122382680732365
2007-06-01,0.00249504404811396
2007-06-04,-0.005584548161069871
2007-06-05,0.00018850335752915295
2007-06-06,-0.0007588176307268506
2007-06-07,0.001161591100996516
2007-06-08,-0.01369520481489185
2007-06-11,0.004864224367191837
2007-06-12,-0.002412190218767991
2007-06-13,0.002765525759236809
2007-06-14,0.0014711449697783594
2007-06-15,-0.0023243599871977175
2007-06-18,-0.0020945284796927226
2007-06-19,0.00510457795628903
2007-06-20,-0.0023972721263574733
2007-06-21,-0.005733636783667057
2007-06-22,0.0014851495674033455
2007-06-25,-0.002208906765081315
2007-06-26,-0.0028329783067743285
2007-06-27,-0.006824394464197493
2007-06-28,0.0013058024135601338
2007-06-29,0.00568416798418787
2007-07-02,0.0011113090503486632
2007-07-03,-0.0007257310745541472
2007-07-05,-0.005355631626385923
2007-07-06,-0.0028446129254359404
2007-07-09,-0.0011785314202246175
2007-07-10,-0.010210658036053729
2007-07-11,0.0025789011815581034
2007-07-12,-0.001168678364745637
2007-07-13,-0.0002733902877941134
2007-07-16,-0.00010763206359890433
2007-07-17,-0.0023129330307519185
2007-07-18,-0.00047306419709403
2007-07-19,-0.0037882058841370936
2007-07-20,-0.006823231994999377
2007-07-23,-0.001978641879589189
2007-07-24,-0.0006459809792941824
2007-07-25,-0.0016274308610621181
2007-07-26,-0.004135124162209397
2007-07-27,0.0040979096238226344
2007-07-30,0.0002567532366285577
2007-07-31,-0.0013954651986240157
2007-08-01,0.002165576630380571
2007-08-02,0.0028430887687034404
2007-08-03,-0.003976257555978657
2007-08-06,0.004876848867116814
2007-08-07,-0.0008645436955843007
2007-08-08,-0.0076746973503707865
2007-08-09,0.010468516335524215
2007-08-10,0.0008329669826398652
2007-08-13,0.001797098400491672
2007-08-14,0.0017015559318628874
2007-08-15,0.000516380548134022
2007-08-16,-0.009965436531253135
2007-08-17,-0.0021844063795689967
2007-08-20,0.002444410942761006
2007-08-21,0.0012645069611752248
2007-08-22,0.0007787620546624918
2007-08-23,-0.003206844232146369
2007-08-24,0.002397854521220715
2007-08-27,0.004736672845730552
2007-08-28,0.009011758638296818
2007-08-29,0.004235036321779555
2007-08-30,0.0020430074524386585
2007-08-31,-0.0012646844532309203
2007-09-04,6.279418632094074e-05
2007-09-05,0.0005754204434413822
2007-09-06,-0.00012506539586373843
2007-09-07,-0.004932486013168048
2007-09-10,7.955402538902949e-05
2007-09-11,-0.0010056883024165625
2007-09-12,-0.0024370706521733582
2007-09-13,-0.0016853799721849036
2007-09-14,0.0005975118382247724
2007-09-17,-0.0014268347869164212
2007-09-18,0.0018123040510787153
2007-09-19,-0.002543476798217098
2007-09-20,-0.004257388424574029
2007-09-21,-0.00013836411731269144
2007-09-24,-0.0006895783415842448
2007-09-25,0.0017671860494877021
2007-09-26,0.0028059704837903993
2007-09-27,0.0003649908132341966
2007-09-28,0.002249058799013765
2007-10-01,-0.003430409903896254
2007-10-02,0.004962774465616049
2007-10-03,-0.0024339948004995057
2007-10-04,0.0026846084225631596
2007-10-05,0.003005931164990773
2007-10-08,-0.005176665239656753
2007-10-09,-0.0034874252192076453
2007-10-10,-0.005035056867889017
2007-10-11,0.0026660304369523864
2007-10-12,0.0011098828954257689
2007-10-15,0.0033717075160773886
2007-10-16,-0.0033730934967520303
2007-10-17,0.005801215955397127
2007-10-18,-0.0022342239811718877
2007-10-19,-0.0028351696562759114
2007-10-22,0.0022782883669222797
2007-10-23,0.003910413922483107
2007-10-24,-0.0032972947839404855
2007-10-25,-0.009014249392247577
2007-10-26,0.0020288754328605008
2007-10-29,-0.002978171546901384
2007-10-30,0.0026885601660133355
2007-10-31,-0.005707470936549649
2007-11-01,0.0029066266061950636
2007-11-02,0.0014731377942995391
2007-11-05,0.0011215942187355612
2007-11-06,-0.013332480595777551
2007-11-07,-0.003078189655696444
2007-11-08,-0.01103920195015724
2007-11-09,-0.0015542961384906685
2007-11-12,0.009888974713359562
2007-11-13,0.0077955749850015235
2007-11-14,-0.0066840500330255835
2007-11-15,-0.0009876671680303017
2007-11-16,-0.0061111502087366106
2007-11-19,-0.006013927579359213
2007-11-20,-0.019790875827468135
2007-11-21,-0.0020629872404996225
2007-11-23,0.0007672441932602997
2007-11-26,-0.007322179108961866
2007-11-27,0.007900843582409882
2007-11-28,0.00910328549999808
2007-11-29,-0.004354469257236048
2007-11-30,0.009036792949680746
2007-12-03,-0.0004883413849927275
2007-12-04,-0.0007872716968275776
2007-12-05,-0.0003192850189675393
2007-12-06,-0.0021091819585960965
2007-12-07,-0.0004664243313105966
2007-12-10,0.0047931453883405094
2007-12-11,-0.008746933780120774
2007-12-12,-0.010599745252098036
2007-12-13,-0.008881356296358804
2007-12-14,-0.005273590382458486
2007-12-17,-0.002635516353447259
2007-12-18,-0.0022517561412903277
2007-12-19,0.0013077590975334606
2007-12-20,0.002192505595996105
2007-12-21,-0.003898424910527705
2007-12-24,-0.0036017832927898487
2007-12-26,0.0005594224085872613
2007-12-27,0.000314329269774055
2007-12-28,-0.0026677976701465363
2007-12-31,0.0014405383074268343
2008-01-02,0.0002926440192465119
2008-01-03,0.004158954670750524
2008-01-04,-0.008427476232043984
2008-01-07,-0.0016570733534398037
2008-01-08,0.011213741116911804
2008-01-09,0.004881314114745314
2008-01-10,-0.017824279792760397
2008-01-11,-0.002980008272443004
2008-01-14,-0.013543457583766374
2008-01-15,0.015355038675319392
2008-01-16,0.006242858521856882
2008-01-17,0.017383233026193164
2008-01-18,-0.0159131145385038
2008-01-22,-0.019860160204321888
2008-01-23,-0.026732782212221164
2008-01-24,-0.02137439158993657
2008-01-25,-0.005658550277987941
2008-01-28,-0.009530840506649405
2008-01-29,-0.007792814783051664
2008-01-30,0.002838917344554376
2008-01-31,-0.0012160921747274753
2008-02-01,-0.026457942529019035
2008-02-04,0.011733063315403384
2008-02-05,0.01815167201823002
2008-02-06,0.011790630886031881
2008-02-07,-0.02398519411612756
2008-02-08,-0.0039982329927869915
2008-02-11,-0.0002872975362941555
2008-02-12,0.006979145473583071
2008-02-13,-0.006415206460366317
2008-02-14,-0.009834015418479653
2008-02-15,0.001707214382567324
2008-02-19,-0.003367815941727504
2008-02-20,-0.0022476694572558043
2008-02-21,0.0054071030271459685
2008-02-22,-0.0055889648783529885
2008-02-25,0.0064158353675200005
2008-02-26,0.0040550588134693945
2008-02-27,-0.007107136895835516
2008-02-28,-0.0028727792670017356
2008-02-29,0.007829020730323885
2008-03-03,0.0052006680513020445
2008-03-04,0.011986379413493337
2008-03-05,-0.011457534582173138
2008-03-06,0.002698708713084061
2008-03-07,0.0016887878009056345
2008-03-10,-0.002697392664216848
2008-03-11,-0.009465785352576304
2008-03-12,0.011199969036067021
2008-03-13,-0.005622074181772797
2008-03-14,0.009920589462117303
2008-03-17,0.026682714025862912
2008-03-18,-0.01996225123288515
2008-03-19,0.008562014500427543
2008-03-20,-0.007735700343776153
2008-03-24,0.0026997326405712725
2008-03-25,0.0035357219029601133
2008-03-26,-0.006163289092898343
2008-03-27,0.0059651288335850735
2008-03-28,0.004687102916829983
2008-03-31,0.008120681430217283
2008-04-01,-0.014962612134404365
2008-04-02,0.0017724076672586586
2008-04-03,0.00138536117285868
2008-04-04,-0.0021221230117698196
2008-04-07,-0.007418026157317142
2008-04-08,-0.00043685043087549557
2008-04-09,-0.013373182397623098
2008-04-10,0.0019101560457832156
2008-04-11,0.004174099505965654
2008-04-14,0.01268304550140408
2008-04-15,-9.077709040913108e-05
2008-04-16,-0.001024024345531899
2008-04-17,-0.00795858999968691
2008-04-18,-0.0036123983509581056
2008-04-21,0.010729801525138126
2008-04-22,0.004400753267262805
2008-04-23,-0.007589961241923118
2008-04-24,0.007918199263135856
2008-04-25,-0.02343658580919564
2008-04-28,0.018399830422160413
2008-04-29,0.00844273111493704
2008-04-30,0.008915233973342295
2008-05-01,-0.0026762200813712266
2008-05-02,-0.004099453481862346
2008-05-05,0.0032247811594490975
2008-05-06,-0.00870652602084694
2008-05-07,-0.0006027805160469333
2008-05-08,-0.011568393981449975
2008-05-09,0.015485651488938186
2008-05-12,-0.01861827427448251
2008-05-13,-0.01347364067944627
2008-05-14,0.01822411617654024
2008-05-15,0.028082960062514834
2008-05-16,0.0029911670532693
2008-05-19,-0.00731398019678335
2008-05-20,-0.01254880972434304
2008-05-21,0.008659104686235758
2008-05-22,0.010264174875897255
2008-05-23,-0.0015950466456660355
2008-05-27,0.0072348666228723366
2008-05-28,-0.0023008523271870027
2008-05-29,0.005606600155201275
2008-05-30,0.020206825250837085
2008-06-02,0.001274467533264194
2008-06-03,-0.01034813414197996
2008-06-04,0.013715703260031192
2008-06-05,0.003169044179322979
2008-06-06,-0.004589936731401526
2008-06-09,-0.008240523003236707
2008-06-10,-0.022480220074165076
2008-06-11,-0.015295992813145165
2008-06-12,0.00397346877299609
2008-06-13,-0.009480674331425867
2008-06-16,-0.004437589027231431
2008-06-17,-0.0062712936669966236
2008-06-18,-0.012124706411290733
2008-06-19,0.0018075536958467686
2008-06-20,0.0029546033905472942
2008-06-23,-0.015762681860494128
2008-06-24,0.013568436002946565
2008-06-25,0.008447167344033661
2008-06-26,-0.011502544164663711
2008-06-27,0.001218950545233307
2008-06-30,-0.013910001111163368
2008-07-01,-0.004297907460837316
2008-07-02,0.0017564144779123334
2008-07-03,-0.12317729483501288
2008-07-07,0.0031054453016967722
2008-07-08,-0.007296732416480699
2008-07-09,0.01056634896681501
2008-07-10,0.00524041761245952
2008-07-11,0.0008783230100056816
2008-07-14,0.009377192411819611
2008-07-15,0.034674646333106865
2008-07-16,-0.02213069463449099
2008-07-17,-0.019877367623860075
2008-07-18,-0.01678934088885141
2008-07-21,-0.021903446246037198
2008-07-22,0.00026039186177593415
2008-07-23,-0.0030589321406437877
2008-07-24,0.04112346646388207
2008-07-25,0.0003026687986495814
2008-07-28,0.0052420036087231685
2008-07-29,-0.012950571518318674
2008-07-30,-0.021903353532394403
2008-07-31,0.018172277986078244
2008-08-01,-0.00483015311572886
2008-08-04,0.031123966276230153
2008-08-05,0.0001992073162512656
2008-08-06,-0.007680977318183652
2008-08-07,-0.0020515343529118315
2008-08-08,0.0114569989682502
2008-08-11,0.0015928222222924096
2008-08-12,0.008065254971612068
2008-08-13,-0.008350885130854142
2008-08-14,-0.0024682370730839207
2008-08-15,0.002182014893118281
2008-08-18,0.012171878180302648
2008-08-19,-0.0074442614882166015
2008-08-20,-0.007492810199270746
2008-08-21,-0.006987640339658031
2008-08-22,0.009942762397480018
2008-08-25,0.003486105361236322
2008-08-26,-0.010329001280058824
2008-08-27,-0.014040108997549943
2008-08-28,-0.0037309963884662634
2008-08-29,-0.002888848538720851
2008-09-02,0.012500776513586321
2008-09-03,-0.00024800497124239507
2008-09-04,0.014359477645948577
2008-09-05,-0.015324186170474815
2008-09-08,0.037429486448246396
2008-09-09,0.019923509988744332
2008-09-10,-0.018485564123351467
2008-09-11,-0.004438619763952799
2008-09-12,-0.019681538135915635
2008-09-15,0.018039580657954295
2008-09-16,0.0033586355133503514
2008-09-17,-0.005863822254472402
2008-09-18,0.03243501147858009
2008-09-19,-0.01908842392742318
2008-09-22,-0.022216301411754097
2008-09-23,0.004298158722549879
2008-09-24,-0.0010743054406890716
2008-09-25,0.00486758692765992
2008-09-26,0.02026944405721394
2008-09-29,0.004846002207503641
2008-09-30,0.008348256163443639
2008-10-01,0.0016518232653882205
2008-10-02,0.028442315440247685
2008-10-03,-0.00015435602373595095
2008-10-06,-0.005461342065675739
2008-10-07,-0.005838011142517009
2008-10-08,-0.011275201205314944
2008-10-09,-0.0005444348203312687
2008-10-10,0.03708293285215718
2008-10-13,-0.06497358812596117
2008-10-14,0.02626819464203512
2008-10-15,0.04565744494357204
2008-10-16,0.011438877028488167
2008-10-17,-0.010404862754961827
2008-10-20,-0.03658021693339115
2008-10-21,0.005234368646819253
2008-10-22,0.013899626010370572
2008-10-23,-0.010900699871648769
2008-10-24,-0.000646595895235617
2008-10-27,0.025279604137770372
2008-10-28,0.0018045658153513638
2008-10-29,-0.024382378124165677
2008-10-30,0.0015562798510568429
2008-10-31,0.006861410768075857
2008-11-03,0.005082596721907041
2008-11-04,-0.012080996319833233
2008-11-05,-0.024120385066152362
2008-11-06,-0.01937352660680465
2008-11-07,0.039907800539782295
2008-11-10,-0.03170509001508219
2008-11-11,0.0021247879949887467
2008-11-12,0.006342729466868909
2008-11-13,-0.01376890203753866
2008-11-14,-0.016902322794026536
2008-11-17,0.0023442993771299286
2008-11-18,-0.01748430677296337
2008-11-19,0.0015471851946234963
2008-11-20,0.02899067556432918
2008-11-21,-0.008321580273437493
2008-11-24,-0.007823120372280418
2008-11-25,0.018167880087174633
2008-11-26,-0.010101477819499926
2008-11-28,0.0034212231397742553
2008-12-01,0.010710332492465387
2008-12-02,0.002378181784415046
2008-12-03,0.018314226815493464
2008-12-04,-0.004706884361853049
2008-12-05,-0.01878679269057448
2008-12-08,-0.06332634141551793
2008-12-09,0.03226390138158973
2008-12-10,0.016761381029885915
2008-12-11,-0.005011733543387199
2008-12-12,0.03444040533723987
2008-12-15,-0.010849380086413903
2008-12-16,-0.0057001383147828886
2008-12-17,0.023652109519190268
2008-12-18,-0.012560363155485962
2008-12-19,-0.0049479607900992486
2008-12-22,-0.000539961098678949
2008-12-23,-0.0027086075529060643
2008-12-24,-0.015951457627552016
2008-12-26,-0.021052373639320623
2008-12-29,0.009189005325854144
2008-12-30,-0.005535633130452827
2008-12-31,-0.005997271519375279
2009-01-02,-0.005056054323915032
2009-01-05,-0.003287657056160923
2009-01-06,-0.004082724703417291
2009-01-07,-0.023035223503844765
2009-01-08,0.0006075952708598964
2009-01-09,-0.007408118854874617
2009-01-12,-0.011487676177927536
2009-01-13,0.0045492362264360564
2009-01-14,-0.01196555625443509
2009-01-15,0.004828140162247906
2009-01-16,0.006255102337961311
2009-01-20,0.013879751124323549
2009-01-21,0.024967101718571798
2009-01-22,-0.009746480537463314
2009-01-23,0.027863187331938356
2009-01-26,0.021091179609013404
2009-01-27,-0.01262496539248115
2009-01-28,0.006808510233564807
2009-01-29,0.0019271148051239677
2009-01-30,-0.0021879587371857
2009-02-02,-0.016378719300189495
2009-02-03,0.013903074370768959
2009-02-04,0.01702155902916912
2009-02-05,0.01008486192681699
2009-02-06,-0.007360759340733825
2009-02-09,-0.004553669861178308
2009-02-10,-0.009861261684459461
2009-02-11,0.009003372698987561
2009-02-12,0.002445474440159713
2009-02-13,-0.005320187889348151
2009-02-17,-0.006086317832295443
2009-02-18,0.014169999963123575
2009-02-19,-0.00241249434969541
2009-02-20,0.01618169578180871
2009-02-23,-0.009607250582675966
2009-02-24,0.009377525073954686
2009-02-25,0.0034245659631931273
2009-02-26,0.008686998044134704
2009-02-27,0.015334904086060563
2009-03-02,0.0034455769240856375
2009-03-03,0.0018945610873619236
2009-03-04,0.0015485946027771413
2009-03-05,-0.0029224343857537334
2009-03-06,-0.0018670921689626799
2009-03-09,0.0001833633155917262
2009-03-10,-0.012510263951775128
2009-03-11,0.0015425099356058544
2009-03-12,0.003941066654100644
2009-03-13,-0.00806880076514655
2009-03-16,-0.01834710708675655
2009-03-17,-0.004162364841276247
2009-03-18,-0.009720987880746754
2009-03-19,0.00019761360397366063
2009-03-20,0.0045779661310414955
2009-03-23,0.0050432693343045246
2009-03-24,0.00702047560202724
2009-03-25,0.01287803229052892
2009-03-26,-0.021336152195980024
2009-03-27,0.0020407887079587905
2009-03-30,0.003222782478467269
2009-03-31,-0.0005788715127611173
2009-04-01,0.004396658111597063
2009-04-02,-0.01041412077970437
2009-04-03,0.006421512637598286
2009-04-06,-0.017245899386931954
2009-04-07,0.005379183192294082
2009-04-08,-0.007763564907479297
2009-04-09,-0.018515506489056872
2009-04-13,-0.0005440278875353707
2009-04-14,-0.0037582083777161525
2009-04-15,0.0019906417108293615
2009-04-16,-0.0014715320980617462
2009-04-17,-0.014101269564669068
2009-04-20,0.0114135833998842
2009-04-21,0.006540877558549412
2009-04-22,-0.013444018434928708
2009-04-23,0.007393098352556275
2009-04-24,0.0009074597523232203
2009-04-27,0.014305100203250888
2009-04-28,-0.009479591878291223
2009-04-29,-0.003517180589038425
2009-04-30,0.003520379758978412
2009-05-01,-0.011416303189253968
2009-05-04,-0.009168487731170991
2009-05-05,0.018251991701071252
2009-05-06,-0.016076756842775545
2009-05-07,0.003973560050555632
2009-05-08,-0.015228487196659393
2009-05-11,-0.0028763647719482477
2009-05-12,-0.012905246850982117
2009-05-13,0.0011103351912544338
2009-05-14,-0.00024883719336908156
2009-05-15,-0.002140455295112196
2009-05-18,0.003678959917065294
2009-05-19,0.0048152271508454855
2009-05-20,-0.00743346503024571
2009-05-21,0.001993782637513971
2009-05-22,-0.005815577108679652
2009-05-26,-0.0028149326215815636
2009-05-27,0.002361397577585578
2009-05-28,-0.0012941846599663538
2009-05-29,-0.013880869285018345
2009-06-01,0.0005162068384448309
2009-06-02,-0.006999724088435164
2009-06-03,0.0001636370181941015
2009-06-04,0.0010440811451367636
2009-06-05,-0.003697361448727723
2009-06-08,0.007470046644257503
2009-06-09,-0.02068624385070011
2009-06-10,-0.0034999871406693798
2009-06-11,0.0038250429962047214
2009-06-12,0.007950075176839148
2009-06-15,0.0020279112099302744
2009-06-16,0.004258664634571907
2009-06-17,0.0010256243612004078
2009-06-18,0.0052368877110672485
2009-06-19,7.453339306673025e-05
2009-06-22,0.00621920660876103
2009-06-23,0.0007976755254345485
2009-06-24,-0.002539498301199288
2009-06-25,0.004237094966302336
2009-06-26,-0.001422671649541361
2009-06-29,0.008212863707831966
2009-06-30,0.004394827238028781
2009-07-01,-0.0028630029359222498
2009-07-02,0.0010234246132325149
2009-07-06,0.0071081470342832034
2009-07-07,-0.0037828084157814877
2009-07-08,0.007755726853855795
2009-07-09,-0.016599523369380673
2009-07-10,0.008915463597399136
2009-07-13,-0.0009346097684568398
2009-07-14,-0.003213497783993563
2009-07-15,-0.0024820374242074885
2009-07-16,0.0013424514483880105
2009-07-17,0.003956874291084537
2009-07-20,0.0019867757276142172
2009-07-21,0.003719058234346339
2009-07-22,-0.005095890489472537
2009-07-23,0.012965631827063912
2009-07-24,-0.0003646136764832147
2009-07-27,-0.0010445334256760244
2009-07-28,0.0039814180701943265
2009-07-29,0.0001862403250297862
2009-07-30,-0.0062860945440238805
2009-07-31,-0.004386818017883606
2009-08-03,-0.005263554522426669
2009-08-04,-0.003156069400322664
2009-08-05,-0.003469680953757825
2009-08-06,-0.005962259177689712
2009-08-07,-0.0005170107017342558
2009-08-10,-0.008967729965633223
2009-08-11,-0.00045264625506547944
2009-08-12,-8.62150411956092e-06
2009-08-13,0.0011417392791774833
2009-08-14,2.852958270483774e-05
2009-08-17,-0.004741244549913818
2009-08-18,0.008393417439218214
2009-08-19,-0.003880459205991159
2009-08-20,-0.01883777544421523
2009-08-21,-0.0057768082679325004
2009-08-24,-0.011941907951548614
2009-08-25,0.010762766434744426
2009-08-26,0.0026064455640358994
2009-08-27,-0.002938980543024581
2009-08-28,0.004488100460664286
2009-08-31,0.004086487363608991
2009-09-01,-0.001381146274636258
2009-09-02,-0.0019232915041810176
2009-09-03,0.004571853238511231
2009-09-04,0.003571752112036003
2009-09-08,-0.009803193465240743
2009-09-09,-8.04025325440261e-05
2009-09-10,0.002286220023389909
2009-09-11,0.014554356379716823
2009-09-14,0.0037276162933571003
2009-09-15,-5.20849883940305e-05
2009-09-16,-0.010017836542376696
2009-09-17,-0.0027440275852165853
2009-09-18,0.01078750014959738
2009-09-21,-0.002164476138167363
2009-09-22,-0.012230554543333584
2009-09-23,-0.006868003066290235
2009-09-24,-0.0002935137089610463
2009-09-25,0.00033433377995892825
2009-09-28,-0.0032761710842132493
2009-09-29,0.004014914439376048
2009-09-30,-0.0005194867444907714
2009-10-01,0.006585018956535446
2009-10-02,-0.005463775923419546
2009-10-05,-0.0023731386846004877
2009-10-06,-0.0014865587081556073
2009-10-07,-0.012479212134582104
2009-10-08,0.0013057404693833773
2009-10-09,-0.0011841428394004714
2009-10-12,-0.0011095580625500425
2009-10-13,0.0017919567526400674
2009-10-14,-0.0010145144298443515
2009-10-15,0.0021664901163532305
2009-10-16,0.000921289920839125
2009-10-19,0.0033165978205027358
2009-10-20,-0.006680329329909167
2009-10-21,0.000695045534675738
2009-10-22,0.005774414267957648
2009-10-23,0.0007212711227938167
2009-10-26,0.0018958692206189121
2009-10-27,0.0016719925367700513
2009-10-28,-0.0014548376261201634
2009-10-29,-0.0006358867557534507
2009-10-30,0.0012474327726800381
2009-11-02,-0.004658072353608819
2009-11-03,0.0066883273760169745
2009-11-04,-0.004033346394794901
2009-11-05,-0.01505399145904092
2009-11-06,0.009580335434323864
2009-11-09,-0.007118720957741918
2009-11-10,-0.0036730648638969333
2009-11-11,-0.0008600129972632178
2009-11-12,-0.0062430167201677055
2009-11-13,-0.0023059674401652436
2009-11-16,0.00013952503969912652
2009-11-17,-0.0032304806530576943
2009-11-18,-0.008458337205298509
2009-11-19,0.0013833364520633427
2009-11-20,0.004745249030391076
2009-11-23,0.005381711235245747
2009-11-24,0.0029844026442731454
2009-11-25,-0.0029211994766024426
2009-11-27,0.0006471964266803075
2009-11-30,-0.009915685554346321
2009-12-01,0.001731163015656523
2009-12-02,-0.0025027020205186886
2009-12-03,-0.006458587020410105
2009-12-04,-0.0030873202511225266
2009-12-07,-0.0005240975607688925
2009-12-08,0.0009139963390215559
2009-12-09,0.00026927175433248023
2009-12-10,-0.0021596557571522536
2009-12-11,-0.003702812160540197
2009-12-14,0.003092224002525326
2009-12-15,0.0030493913454414413
2009-12-16,0.0034311544022389566
2009-12-17,0.0006253534852728731
2009-12-18,-0.0011694260893260165
2009-12-21,-0.0004664273755351424
2009-12-22,-0.00039904130450500085
2009-12-23,-0.000691878918602861
2009-12-24,-0.0004242632381696943
2009-12-28,-0.002291959957114276
2009-12-29,0.00028435475555729615
2009-12-30,0.0015882786613212068
2009-12-31,-0.0004934500539857788
2010-01-04,-0.007589674328765561
2010-01-05,-0.005605073548986929
2010-01-06,-0.0030846507851638033
2010-01-07,-0.01259887497256581
2010-01-08,0.0008570339533689542
2010-01-11,0.007356822894444042
2010-01-12,0.003054189908138259
2010-01-13,-0.001981773437531262
2010-01-14,-0.001791338657031455
2010-01-15,0.0005346657232936116
2010-01-19,0.0005250999135449565
2010-01-20,0.000537908755164184
2010-01-21,0.0056831643425553436
2010-01-22,-0.0043917908371024494
2010-01-25,-0.002168144285085421
2010-01-26,-0.00214292923148811
2010-01-27,0.0018386288112771675
2010-01-28,-0.010671596398543301
2010-01-29,-0.0006001676328983328
2010-02-01,-0.00848866304875478
2010-02-02,-0.00258793986761184
2010-02-03,0.005805377999274626
2010-02-04,0.00907400166091099
2010-02-05,0.003902158705819729
2010-02-08,0.0051543076767466
2010-02-09,-0.00974900953594108
2010-02-10,-0.0033340212584338893
2010-02-11,-0.011049346701675887
2010-02-12,-0.002022815541864749
2010-02-16,-0.01174721978126661
2010-02-17,0.007613707806358364
2010-02-18,-0.0038514488543925076
2010-02-19,-0.002400755489035378
2010-02-22,0.004973002744282112
2010-02-23,0.010340525633059806
2010-02-24,0.0002823023688389428
2010-02-25,-0.004986630459828693
2010-02-26,-0.0005472513052726988
2010-03-01,0.0035119554626372304
2010-03-02,-0.008925063831101218
2010-03-03,-0.002852697252309446
2010-03-04,0.0032117150691151966
2010-03-05,-0.003403579872286849
2010-03-08,0.0038172981671916683
2010-03-09,0.00041921955254007064
2010-03-10,-0.005612970114907498
2010-03-11,-0.0020993302083262204
2010-03-12,0.0019505371087757816
2010-03-15,0.0032158069647247735
2010-03-16,0.0013178701822789607
2010-03-17,0.002374835844170903
2010-03-18,-0.005980385574213745
2010-03-19,-0.0028066124188504756
2010-03-22,0.009441769878170072
2010-03-23,-0.0004105308566973592
2010-03-24,0.005533633943923579
2010-03-25,0.0017736052202149807
2010-03-26,0.0007642836864949122
2010-03-29,-0.005016321245391862
2010-03-30,-0.0029602391866726005
2010-03-31,-0.006577598393465686
2010-04-01,-0.00022611729722295633
2010-04-05,0.002367067922149092
2010-04-06,0.0014978241984866993
2010-04-07,-0.00811443323915105
2010-04-08,-3.419828669287555e-05
2010-04-09,-0.005076650312841815
2010-04-12,0.0016743471760624783
2010-04-13,0.005458845734446493
2010-04-14,-0.0014086104283521008
2010-04-15,0.0022799120331500546
2010-04-16,0.009990046120228894
2010-04-19,0.003755567073712173
2010-04-20,-0.00859268907288329
2010-04-21,-0.0022640992228767282
2010-04-22,0.003589019333647345
2010-04-23,-0.012878878559790148
2010-04-26,0.00541432612508631
2010-04-27,0.002421980477603583
2010-04-28,-0.0047836811451379465
2010-04-29,0.007149750341160629
2010-04-30,0.0010780020475287077
2010-05-03,0.0023479490616296057
2010-05-04,0.002368009702718153
2010-05-05,0.005124804238142441
2010-05-06,0.0015102687253482764
2010-05-07,0.005763759007997741
2010-05-10,0.015987616092842525
2010-05-11,0.006764486925684473
2010-05-12,-0.004353804694042907
2010-05-13,-0.0037582267866282638
2010-05-14,-0.003753317373253935
2010-05-17,0.005925911642838478
2010-05-18,-0.00472546372788795
2010-05-19,-0.0069868292429809435
2010-05-20,-0.005816896685937386
2010-05-21,0.007784335977825626
2010-05-24,0.004990327057055561
2010-05-25,0.0030060966375377567
2010-05-26,0.0035902791502750637
2010-05-27,0.008753297351150637
2010-05-28,-0.004325517966920133
2010-06-01,0.004668569208066843
2010-06-02,-0.0046712538314310085
2010-06-03,-0.007001693834154369
2010-06-04,-0.0074927586396157046
2010-06-07,-0.004087509853702153
2010-06-08,0.0033239487145084482
2010-06-09,-0.005466707742003685
2010-06-10,-0.014249824277382233
2010-06-11,0.0006800844713393845
2010-06-14,0.003987660797551937
2010-06-15,-0.005947058501203259
2010-06-16,0.0054497297419154505
2010-06-17,0.003618933693528778
2010-06-18,-0.0036900956614979745
2010-06-21,-0.006696678988952587
2010-06-22,0.009612533570533323
2010-06-23,-0.0006911100338912082
2010-06-24,-0.0009604374851569597
2010-06-25,-0.006985774330753836
2010-06-28,0.012829900560445633
2010-06-29,0.002638857668684654
2010-06-30,-0.0035682781009516175
2010-07-01,-0.0013916254606806833
2010-07-02,-0.0030395330753513667
2010-07-06,-0.002553869248294984
2010-07-07,-0.00954039582451482
2010-07-08,-0.004262454312684414
2010-07-09,-0.008513612964380688
2010-07-12,0.014000927930383334
2010-07-13,0.0010497386867952278
2010-07-14,-0.004989804641491144
2010-07-15,-4.922149688123224e-05
2010-07-16,-0.0034436964992699635
2010-07-19,-0.004024139381790228
2010-07-20,-0.010276857488921742
2010-07-21,-0.0014491211983898569
2010-07-22,0.00039533033037371726
2010-07-23,-0.005998151835398147
2010-07-26,0.00215542722381533
2010-07-27,0.0053737538445184085
2010-07-28,0.002365458886404657
2010-07-29,-0.008739768225953638
2010-07-30,-0.002603772773801005
2010-08-02,-0.010308830899647124
2010-08-03,0.00014027021522352654
2010-08-04,0.0002772365819263636
2010-08-05,0.0013105592443515464
2010-08-06,-0.0039521720873854005
2010-08-09,-0.0026797637618912445
2010-08-10,0.00016493460637237347
2010-08-11,0.004841860209538874
2010-08-12,0.0026856897663337545
2010-08-13,-0.0012584627795984291
2010-08-16,-0.0022429542963108254
2010-08-17,0.0012361677197662018
2010-08-18,-0.0006647677932889065
2010-08-19,0.0013602035003398931
2010-08-20,0.003406603200869196
2010-08-23,-0.0004252936205661616
2010-08-24,0.002087646458138716
2010-08-25,0.0015365719801678154
2010-08-26,0.0018901042642873202
2010-08-27,0.0020883802241906464
2010-08-30,0.0016914827110736635
2010-08-31,0.00446167395123738
2010-09-01,-0.002560327341114187
2010-09-02,0.00011002938327029033
2010-09-03,-0.001256586508224375
2010-09-07,0.00514387671566645
2010-09-08,-0.006943535670430916
2010-09-09,0.000547246857457884
2010-09-10,-0.002595038861693515
2010-09-13,0.002743197860111427
2010-09-14,0.003076700616362859
2010-09-15,0.0012872718280483072
2010-09-16,0.005138571328923898
2010-09-17,0.0067516104586537815
2010-09-20,0.002327007640391598
2010-09-21,-0.005034070756839927
2010-09-22,-0.004973728183559031
2010-09-23,-0.0025436795657512484
2010-09-24,0.00037335811933987496
2010-09-27,0.004722900552928396
2010-09-28,-0.00566977801922512
2010-09-29,-0.0072113582507522455
2010-09-30,-0.0035526087034017566
2010-10-01,-0.005197804244390635
2010-10-04,0.005390965570277018
2010-10-05,0.0024194015159861733
2010-10-06,-0.005056341368115536
2010-10-07,-0.001544768602327412
2010-10-08,0.0005283485282097837
2010-10-11,-0.00036829093884987584
2010-10-12,0.002485854613558845
2010-10-13,0.0006578590087739333
2010-10-14,0.010158422869346274
2010-10-15,0.010936561735870806
2010-10-18,-0.007861997730870018
2010-10-19,0.000325550406480795
2010-10-20,0.004357453911857032
2010-10-21,0.0023331517271788405
2010-10-22,0.0044886188871651155
2010-10-25,0.004464164673006524
2010-10-26,0.00372659563212982
2010-10-27,-0.006903251190284593
2010-10-28,-0.002443588323946246
2010-10-29,-0.002323687729677945
2010-11-01,-0.004355511883953091
2010-11-02,0.0011700968223616907
2010-11-03,0.00025908846270788935
2010-11-04,-0.0028217713200427872
2010-11-05,-0.011761659983847067
2010-11-08,-0.001302520486509606
2010-11-09,0.008008470915988178
2010-11-10,-0.004485620576708526
2010-11-11,-0.0022366495517646898
2010-11-12,0.004541230724056019
2010-11-15,-0.0014773118674504865
2010-11-16,0.001914371654913056
2010-11-17,0.002149500020214389
2010-11-18,0.0004418557777894625
2010-11-19,-0.002169154669008172
2010-11-22,0.003212162176686709
2010-11-23,0.004404518654633997
2010-11-24,0.0002127603482532719
2010-11-26,0.00228884093193594
2010-11-29,-0.00837675754498689
2010-11-30,-0.0033944750688219625
2010-12-01,-0.0049922104779959045
2010-12-02,-0.0074110474020090975
2010-12-03,-0.0004000907515952989
2010-12-06,-0.003451031376026827
2010-12-07,0.0007601728940553006
2010-12-08,-0.00075605257775057
2010-12-09,0.0003442785552700307
2010-12-10,-0.0013796877028693635
2010-12-13,-0.005439924578788521
2010-12-14,-0.006951066919025035
2010-12-15,0.002034070666810129
2010-12-16,0.00204380975641397
2010-12-17,0.0014989332482827989
2010-12-20,-0.0017375122351926632
2010-12-21,-0.0012592205731948363
2010-12-22,0.00032729943386742677
2010-12-23,0.0035717217178570064
2010-12-27,-0.001592271487122446
2010-12-28,-0.0008934529879401972
2010-12-29,-0.00046339732700131594
2010-12-30,-0.0003162221749376338
2010-12-31,-0.0007338517788146223
2011-01-03,-0.0005378515094190303
2011-01-04,0.0013101579941119052
2011-01-05,0.0030214900204024913
2011-01-06,-0.011575223996215146
2011-01-07,0.0017284589133885267
2011-01-10,-0.0012532511438957006
2011-01-11,0.00812579135852812
2011-01-12,-0.0013773257879403063
2011-01-13,0.002991604049044734
2011-01-14,-0.0013308979761430975
2011-01-18,0.00657865057989386
2011-01-19,0.0036926436821311925
2011-01-20,0.0009588013649725059
2011-01-21,0.00339776331679222
2011-01-24,-0.0026204607324644977
2011-01-25,0.0008155234069574354
2011-01-26,-0.0015986774725236374
2011-01-27,0.002930473473389974
2011-01-28,0.006608135686141728
2011-01-31,0.0025370185005361185
2011-02-01,-0.00322208671877121
2011-02-02,-0.0004070287127339801
2011-02-03,0.00031716354381515564
2011-02-04,0.0003564064281523421
2011-02-07,0.0007921736023088783
2011-02-08,0.001267055792097713
2011-02-09,-0.004002601604626281
2011-02-10,0.006137454345990886
2011-02-11,0.0011897273517849274
2011-02-14,0.0020476358827557096
2011-02-15,-0.0011971933994852416
2011-02-16,0.0012571564186124355
2011-02-17,-0.0007015865284390652
2011-02-18,-0.00385735740412033
2011-02-22,-0.003918262918739929
2011-02-23,0.007365732016378202
2011-02-24,-0.0018327284795204286
2011-02-25,-0.001176037386576092
2011-02-28,-0.002463662183029489
2011-03-01,-0.0029296899637043204
2011-03-02,0.0026151879177660218
2011-03-03,0.002383884366303852
2011-03-04,-5.880053726571837e-05
2011-03-07,0.0011058080890097568
2011-03-08,0.0037097309782026296
2011-03-09,-0.015127374383382818
2011-03-10,-0.00967316825631608
2011-03-11,0.00723802839224754
2011-03-14,0.007824327670935478
2011-03-15,0.0064259995139203906
2011-03-16,0.005862597871415724
2011-03-17,0.0051396028721449796
2011-03-18,-0.009603079415489577
2011-03-21,0.0036614649125757083
2011-03-22,0.0015447122535454827
2011-03-23,0.0016026681129936615
2011-03-24,-0.00027837301490768283
2011-03-25,0.001544817807386327
2011-03-28,0.004242293703149958
2011-03-29,0.0036583494896554646
2011-03-30,-0.001234261338044364
2011-03-31,0.00298536958310797
2011-04-01,-0.0035457831967881112
2011-04-04,-0.004679610010976625
2011-04-05,-0.0028778945695557287
2011-04-06,-0.010325971347527144
2011-04-07,-0.003934766789522363
2011-04-08,0.0005340044478745008
2011-04-11,-0.006551620888485189
2011-04-12,-0.001621986179337204
2011-04-13,0.0022008944977542147
2011-04-14,0.006291117458571737
2011-04-15,0.0024626643290769188
2011-04-18,-0.0035342214800673667
2011-04-19,0.004496044002844572
2011-04-20,0.0016606711524270559
2011-04-21,0.0036311230682465057
2011-04-25,-0.0007111825120692691
2011-04-26,-0.004806240663198557
2011-04-27,0.0037976870786611406
2011-04-28,-0.0012780971992247534
2011-04-29,0.004244401741462244
2011-05-02,0.0029552227071104283
2011-05-03,-0.013506712349213516
2011-05-04,-0.004157224564185947
2011-05-05,-0.003288928667723739
2011-05-06,0.0006442808901285166
2011-05-09,-0.017570437955003772
2011-05-10,0.0037460351844336307
2011-05-11,0.00946938306203625
2011-05-12,0.0006338611781753177
2011-05-13,0.005581387602888438
2011-05-16,-0.004059560286012892
2011-05-17,0.0004706435141569405
2011-05-18,-0.003713620611672206
2011-05-19,0.0012175551568743208
2011-05-20,-0.0009387439258562615
2011-05-23,0.002038025141339992
2011-05-24,-0.0037623322156095226
2011-05-25,-0.00695184284655974
2011-05-26,-0.0021830840844775977
2011-05-27,-0.00013615112633044916
2011-05-31,0.001331471754236177
2011-06-01,6.216985907196043e-05
2011-06-02,-0.00475048953127644
2011-06-03,-0.0024469100483507722
2011-06-06,0.004478012107463866
2011-06-07,-0.0020666614120487302
2011-06-08,-0.005845941524826039
2011-06-09,-0.0020097829635055465
2011-06-10,0.0021628646814648043
2011-06-13,0.00531135630406856
2011-06-14,-0.0008643643310574856
2011-06-15,0.002421159457466465
2011-06-16,-0.0035972354216760854
2011-06-17,0.00045556655277680216
2011-06-20,-0.002071753616502777
2011-06-21,0.0014117267821413242
2011-06-22,0.0018361210334698482
2011-06-23,0.004817118795416471
2011-06-24,-0.001655244065494869
2011-06-27,-0.001647449213347701
2011-06-28,-0.008450426213096886
2011-06-29,-0.0022618466106343067
2011-06-30,-0.0014154657313685602
2011-07-01,0.0023297849885553106
2011-07-05,0.0017137541642380392
2011-07-06,-0.003684559797486135
2011-07-07,-0.002464964880259144
2011-07-08,-0.00421420604766622
2011-07-11,-0.0011571367800720445
2011-07-12,0.004560513751820571
2011-07-13,2.391247377436492e-05
2011-07-14,-0.0020225602237964936
2011-07-15,-0.0015978817685521824
2011-07-18,0.0003903577487649174
2011-07-19,-0.0004455556391454418
2011-07-20,-0.0008118026057102304
2011-07-21,0.0021480519785196696
2011-07-22,-0.006433249869242294
2011-07-25,-9.155731909534556e-05
2011-07-26,0.004508711451767329
2011-07-27,-3.306720570467392e-06
2011-07-28,-0.013107446897421353
2011-07-29,0.0014656469020892728
2011-08-01,-0.004159487229422225
2011-08-02,0.0014676980042331758
2011-08-03,-0.0025538682616699443
2011-08-04,0.002015750218386934
2011-08-05,-0.00568592023081547
2011-08-08,-0.028016298010583744
2011-08-09,0.01821122023253347
2011-08-10,-0.008273412369470745
2011-08-11,0.007522501968849773
2011-08-12,-0.00276607725020863
2011-08-15,0.008343442057193486
2011-08-16,-0.007172203161963251
2011-08-17,0.004236236401165246
2011-08-18,-0.013571409261738231
2011-08-19,-0.0030464917150835364
2011-08-22,-0.005536735433042207
2011-08-23,0.006547357372362542
2011-08-24,-0.000914656458097224
2011-08-25,0.0003245178523576596
2011-08-26,0.0017889671197215504
2011-08-29,0.01219741368580356
2011-08-30,-0.0009419074294027871
2011-08-31,-0.004118578317952774
2011-09-01,-0.00404466158269126
2011-09-02,-0.012196355274168034
2011-09-06,-0.0019395676383243134
2011-09-07,-0.007788411004674447
2011-09-08,0.0003584319152107573
2011-09-09,-0.0014346835427593867
2011-09-12,-0.0038138939277200853
2011-09-13,0.0053573032734035774
2011-09-14,-0.004786074169200645
2011-09-15,-0.003521323478641994
2011-09-16,-0.003952039099412998
2011-09-19,0.008203587490719765
2011-09-20,-0.00034032340432494333
2011-09-21,-0.006866367682904773
2011-09-22,-0.011904284044482306
2011-09-23,-0.013053777141904073
2011-09-26,0.0009270112742484901
2011-09-27,0.0031988496226882197
2011-09-28,-0.010382971175644124
2011-09-29,-0.005088068840206535
2011-09-30,0.004448877998538515
2011-10-03,-0.00030882284021427364
2011-10-04,-0.003887646542717053
2011-10-05,-0.00016620013835730654
2011-10-06,-0.001648070291478043
2011-10-07,0.0009023466601453453
2011-10-10,0.007278880435692561
2011-10-11,-0.0018263603791010058
2011-10-12,-0.004365251208677435
2011-10-13,-0.004311513370165417
2011-10-14,0.009067253446562252
2011-10-17,-0.0027179768646600063
2011-10-18,-0.004762194768274049
2011-10-19,0.005956256689792928
2011-10-20,0.003063717373456185
2011-10-21,0.007154599943561886
2011-10-24,0.0037471534620989013
2011-10-25,0.007567745937429782
2011-10-26,0.011422798357651344
2011-10-27,0.003574396524208363
2011-10-28,0.00030215574213736233
2011-10-31,-0.0037535778276588747
2011-11-01,0.002603261670616554
2011-11-02,0.0030560459919122093
2011-11-03,-0.0009773526449992614
2011-11-04,-0.0026331655739784536
2011-11-07,-0.002693282365061927
2011-11-08,-0.0005405900014138215
2011-11-09,-6.500019245262237e-05
2011-11-10,0.002340955042317475
2011-11-11,0.0013404799911452452
2011-11-14,-0.00011373323688516647
2011-11-15,-0.0010593485966787744
2011-11-16,-0.0004396069106122285
2011-11-17,0.0007980355905419684
2011-11-18,0.002331818641659683
2011-11-21,0.0017611839256502456
2011-11-22,-0.008347451327376834
2011-11-23,0.00445538582626771
2011-11-25,0.0047180874388085495
2011-11-28,-0.0007048665185270763
2011-11-29,0.006015935575863238
2011-11-30,0.009236906319983619
2011-12-01,-0.0016089869016220036
2011-12-02,-0.003485479066353457
2011-12-05,-0.0041855833144075075
2011-12-06,-0.009570858467626326
2011-12-07,0.0018888034223000871
2011-12-08,0.005498107773183025
2011-12-09,0.0004561504698007947
2011-12-12,-0.00015750413315707276
2011-12-13,0.0031957366813297485
2011-12-14,0.004866087742404741
2011-12-15,0.005313895160275603
2011-12-16,0.0010059950829307885
2011-12-19,0.003872475234327903
2011-12-20,-0.0019442009802555817
2011-12-21,0.008938579445447317
2011-12-22,0.00018442194204776582
2011-12-23,-0.0010169129984757342
2011-12-27,0.0006837794044587133
2011-12-28,0.0006072803732574462
2011-12-29,0.0027936651651675657
2011-12-30,0.0009522172675287291
2012-01-03,-0.005060076024291028
2012-01-04,0.0006058793890860753
2012-01-05,-0.0033085901759327355
2012-01-06,-0.008261030076257232
2012-01-09,0.0014113366334341548
2012-01-10,-0.007884178371970597
2012-01-11,-0.006029564680505421
2012-01-12,-0.00527412600391592
2012-01-13,0.004775687054561516
2012-01-17,0.004745988900279978
2012-01-18,-0.00866231876515887
2012-01-19,-0.004135682027663703
2012-01-20,-0.003185371239478748
2012-01-23,-0.0077672663777550695
2012-01-24,-0.00018735421463558758
2012-01-25,0.0018439666178839047
2012-01-26,0.008715436868035002
2012-01-27,-0.007027558717966278
2012-01-30,0.0031275445079163005
2012-01-31,-0.00414900944014677
2012-02-01,-0.006285875247922614
2012-02-02,-0.00638317228770925
2012-02-03,-0.011643013905999327
2012-02-06,-0.0013893972993889586
2012-02-07,-0.00584338839999659
2012-02-08,0.0022919285239409435
2012-02-09,0.00388960190832231
2012-02-10,0.0021184326073057248
2012-02-13,-0.0014780816221426944
2012-02-14,0.0071257498315805854
2012-02-15,0.000614383638028855
2012-02-16,0.00050384195428392
2012-02-17,-3.72098854356411e-05
2012-02-21,-0.002417821930995876
2012-02-22,0.0032151731949438176
2012-02-23,0.003611624437063626
2012-02-24,0.002519791330943084
2012-02-27,-0.0008160547713252071
2012-02-28,0.0008144763156225678
2012-02-29,-0.002425574672820782
2012-03-01,0.0012324284319066615
2012-03-02,0.000983136906918886
2012-03-05,0.0013688089559202
2012-03-06,0.0005904512211760526
2012-03-07,0.001912941266294224
2012-03-08,-0.006473798387436224
2012-03-09,0.0047382328285800164
2012-03-12,0.0008828301938609864
2012-03-13,-0.0033447111870946525
2012-03-14,0.0060788543053954805
2012-03-15,-0.00021181947401014415
2012-03-16,0.0008972093437703391
2012-03-19,-0.0015948539327652598
2012-03-20,0.0019376916846472717
2012-03-21,-0.00012785432833363402
2012-03-22,0.003299827236542325
2012-03-23,-0.0012236775997280774
2012-03-26,0.0011833977303843779
2012-03-27,0.005955240268832971
2012-03-28,0.002054512595472017
2012-03-29,0.004961390688217383
2012-03-30,-0.0037134588549604173
2012-04-02,-0.0011324271571861988
2012-04-03,0.0011051607671769994
2012-04-04,0.001490031253481805
2012-04-05,0.002519462243087357
2012-04-09,-0.0075672001460082225
2012-04-10,-0.004077525395363198
2012-04-11,-0.006464709328081022
2012-04-12,0.0032631669169263513
2012-04-13,-0.0019161435519643017
2012-04-16,0.0015161400405672002
2012-04-17,-0.003175234387036624
2012-04-18,0.00044978934789467414
2012-04-19,-0.0038085314014733294
2012-04-20,-0.0016190314350271635
2012-04-23,0.006960414936078195
2012-04-24,0.0038077006027592442
2012-04-25,-0.001502418311888454
2012-04-26,-0.006413949461057284
2012-04-27,0.0026274889271926255
2012-04-30,0.0018128351335553032
2012-05-01,0.0035649723089596517
2012-05-02,-0.006407986720800284
2012-05-03,0.0003076183288961819
2012-05-04,-0.0007743939435505514
2012-05-07,0.003486946183404522
2012-05-08,-0.004574751437996338
2012-05-09,0.0008119425411658917
2012-05-10,-0.005001045739228499
2012-05-11,0.008751292123629895
2012-05-14,0.0028471526215318784
2012-05-15,0.004545038347571261
2012-05-16,-0.00560931753797076
2012-05-17,-0.0026289848340072847
2012-05-18,0.0022955752631451626
2012-05-21,0.002665873231530257
2012-05-22,-0.0025206054893349207
2012-05-23,0.0007436533511250547
2012-05-24,-0.006747300666994075
2012-05-25,0.0009172976856623063
2012-05-29,-0.004173524312130461
2012-05-30,-0.0014586943419757183
2012-05-31,-0.006968576072518185
2012-06-01,0.006834072762444467
2012-06-04,-0.0017003571672752874
2012-06-05,-0.0016415362628758399
2012-06-06,-0.003400430089890161
2012-06-07,-0.00014870932357208613
2012-06-08,0.0001802925784401212
2012-06-11,0.005645186845727425
2012-06-12,-0.0077506095375825135
2012-06-13,0.0071539421336232565
2012-06-14,0.003659552404056472
2012-06-15,-0.0036599564921498866
2012-06-18,0.001032406168324697
2012-06-19,0.0005768671012275533
2012-06-20,-0.005526551292974674
2012-06-21,0.007728708715626507
2012-06-22,0.0028296241672324525
2012-06-25,0.0061848644717701125
2012-06-26,-0.003580667715613939
2012-06-27,0.0046755771435766985
2012-06-28,-0.0008105705190654114
2012-06-29,-0.0005139189588129844
2012-07-02,0.0018449242630963587
2012-07-03,-0.00047146686028287155
2012-07-05,0.00407673430624281
2012-07-06,0.0019585213395437746
2012-07-09,0.0007004350134646228
2012-07-10,0.001985470314122295
2012-07-11,0.004593619469264132
2012-07-12,0.0037087133869741326
2012-07-13,0.00040622536176686903
2012-07-16,0.004232896501148745
2012-07-17,0.002573374635577357
2012-07-18,-0.012263779280900796
2012-07-19,-0.005451952339150497
2012-07-20,0.005963663184210664
2012-07-23,0.0022220260230584135
2012-07-24,0.004483593323083152
2012-07-25,-0.012148591326987257
2012-07-26,0.001975784373847214
2012-07-27,-0.0024855881144453737
2012-07-30,0.003601225919595936
2012-07-31,-0.0024631112791122763
2012-08-01,0.0004392300845474831
2012-08-02,-0.003430028347084999
2012-08-03,-0.00535451946883301
2012-08-06,-0.005631972780649597
2012-08-07,-0.008316762517348595
2012-08-08,-0.009064885088249404
2012-08-09,-0.0025934502628778885
2012-08-10,0.0037766005405618836
2012-08-13,0.0005350600375510527
2012-08-14,0.005254903426094205
2012-08-15,0.007631146218451837
2012-08-16,-0.002280971526873059
2012-08-17,-0.0001615010951505423
2012-08-20,-0.0012569732007169019
2012-08-21,-0.0020011233305486046
2012-08-22,-0.0017454718056735194
2012-08-23,0.006496290658525001
2012-08-24,0.000831578479808976
2012-08-27,0.00039826135102495695
2012-08-28,0.0033947192725500897
2012-08-29,-0.0007388805184583581
2012-08-30,-0.0026101930326372204
2012-08-31,-0.0017605470942995039
2012-09-04,0.002053747382661805
2012-09-05,4.409104992526681e-05
2012-09-06,-0.0031603439252174976
2012-09-07,0.004584701072185406
2012-09-10,-0.0028660876659162985
2012-09-11,0.0013361643456855602
2012-09-12,-0.00018401903128430368
2012-09-13,0.006237759389410097
2012-09-14,-0.0037910035956626163
2012-09-17,-0.0030041521943831896
2012-09-18,0.0008615928468466626
2012-09-19,-0.0012661320776741324
2012-09-20,0.003590722296012163
2012-09-21,-0.0028983893229942944
2012-09-24,0.0015942632021649812
2012-09-25,-0.0013057824448418993
2012-09-26,0.0030592048564290395
2012-09-27,0.00110999419864322
2012-09-28,0.0010948297004168823
2012-10-01,-0.0017343386157582664
2012-10-02,-0.0024177575598840913
2012-10-03,-0.006209625251377541
2012-10-04,-0.00139264089309467
2012-10-05,-0.001811615824021789
2012-10-08,-0.0038080714543459572
2012-10-09,-0.0034872380412401655
2012-10-10,0.002863108251439321
2012-10-11,-0.008166343847091114
2012-10-12,0.0030791393452357964
2012-10-15,0.0021807438061546692
2012-10-16,-0.004644956447612254
2012-10-17,-0.006758608116270824
2012-10-18,0.004470365841257621
2012-10-19,0.003914164662609232
2012-10-22,-0.00241076510083832
2012-10-23,0.0026871139406873233
2012-10-24,-0.006002392927048766
2012-10-25,0.0031371460676855
2012-10-26,-0.002147086382169526
2012-10-31,0.0012913625925699169
2012-11-01,-0.0008795868602502918
2012-11-02,0.0009985569639740825
2012-11-05,-0.0011007610031554247
2012-11-06,-0.0065957365584284975
2012-11-07,0.0007531404591427648
2012-11-08,0.0005418208442203423
2012-11-09,-0.0017631209256857335
2012-11-12,-0.003353496663725797
2012-11-13,0.0018828874008838747
2012-11-14,0.00027771692107910574
2012-11-15,0.0011049774598785689
2012-11-16,-0.0007786667694444926
2012-11-19,-0.004774005953673375
2012-11-20,0.0010294840734122537
2012-11-21,-0.002119198723509738
2012-11-23,-0.0004423876851727878
2012-11-26,-0.00321344215323513
2012-11-27,0.0024727940382998736
2012-11-28,-0.000835864500749805
2012-11-29,-0.0007339093720395719
2012-11-30,-0.0016221459053424646
2012-12-03,-0.0030296774468187553
2012-12-04,0.0025732799559952677
2012-12-05,0.0008616433255438753
2012-12-06,0.00024282907861628873
2012-12-07,-0.008233470602447383
2012-12-10,0.0027106094015049743
2012-12-11,-0.003921710066505474
2012-12-12,-0.001786536862367228
2012-12-13,0.002152558052534399
2012-12-14,0.0016829977309760443
2012-12-17,-0.003029370998228208
2012-12-18,-0.001311659466919483
2012-12-19,0.00046732986075158334
2012-12-20,-0.002407731127481112
2012-12-21,0.0011419320562774528
2012-12-24,-0.0007968352048858749
2012-12-26,0.0008094874466203613
2012-12-27,-0.0006879133569031684
2012-12-28,7.947352620734017e-05
2012-12-31,0.0019230778863537179
2013-01-02,0.007917400116253885
2013-01-03,0.003328554480364289
2013-01-04,0.000313944784660577
2013-01-07,0.00024054873793073815
2013-01-08,-0.0013837499987928805
2013-01-09,-0.007668596967802783
2013-01-10,0.004023876881631069
2013-01-11,0.002456675407185577
2013-01-14,0.0022464488866268503
2013-01-15,-0.000668175371359232
2013-01-16,-0.000998480973145695
2013-01-17,-0.0003066397945107483
2013-01-18,-0.0015997987365951013
2013-01-22,-0.0030766427023947735
2013-01-23,0.001312424858877113
2013-01-24,0.008180440630569243
2013-01-25,0.00782490255655013
2013-01-28,-0.0021500623487918772
2013-01-29,-0.0029073226411887873
2013-01-30,0.002138787978777145
2013-01-31,-0.004070628689078527
2013-02-01,-0.0002247456733372494
2013-02-04,0.0018377177615811493
2013-02-05,0.003396787723452663
2013-02-06,0.004350607167369489
2013-02-07,0.0012901886348516284
2013-02-08,-0.002725740879819836
2013-02-11,0.006155697769974127
2013-02-12,0.001987967836851792
2013-02-13,0.0010917646771024226
2013-02-14,0.002676682912905696
2013-02-15,-8.244560972341797e-06
2013-02-19,0.0005626305966648373
2013-02-20,-0.0032062146448949996
2013-02-21,0.0009028228598400275
2013-02-22,0.0031892209338462074
2013-02-25,0.0019210819626394996
2013-02-26,0.00032118949551422773
2013-02-27,-0.0014208700598786644
2013-02-28,-0.0023664189196753002
2013-03-01,-1.914796642315997e-05
2013-03-04,0.002042718137891693
2013-03-05,-0.001033234555385488
2013-03-06,0.0010013615645913458
2013-03-07,-0.0011667387645355421
2013-03-08,-0.002679499425979735
2013-03-11,-0.0002924377594569116
2013-03-12,0.00022645795747373723
2013-03-13,0.0003359386060981941
2013-03-14,-0.0036778450460097263
2013-03-15,-0.0005510131090535345
2013-03-18,0.0021693083369787405
2013-03-19,0.004124106611382255
2013-03-20,0.0032804513183038835
2013-03-21,-0.0011478595633761584
2013-03-22,0.0042517509147788355
2013-03-25,0.001730337411029038
2013-03-26,-0.0029075688998577787
2013-03-27,-0.005156220292003388
2013-03-28,-7.105571447931327e-06
2013-04-01,-0.004741837479604342
2013-04-02,-0.007418939230059298
2013-04-03,-0.0016387906142279096
2013-04-04,0.0020321429281718166
2013-04-05,0.0031823673652014877
2013-04-08,0.001573199508490098
2013-04-09,0.006755065477797641
2013-04-10,-0.0007921052904332541
2013-04-11,-0.004042830984922263
2013-04-12,0.000918975017069648
2013-04-15,0.009308911369335707
2013-04-16,-0.0003215246875022842
2013-04-17,-0.006094211107732656
2013-04-18,-0.004119516153716536
2013-04-19,0.0041761715964960195
2013-04-22,0.003099743703414723
2013-04-23,0.009035685748810154
2013-04-24,0.0018560364954445503
2013-04-25,0.0010322831964653572
2013-04-26,0.0012371142735501973
2013-04-29,0.0007224974106785852
2013-04-30,0.0009606405718046436
2013-05-01,0.0015221751697741801
2013-05-02,-0.002216975420229293
2013-05-03,0.0006277290103305242
2013-05-06,0.0027574450304421465
2013-05-07,-0.006331680256152188
2013-05-08,0.007954478820095385
2013-05-09,0.0007242062411914475
2013-05-10,0.003257224261190588
2013-05-13,-0.0010279014903358035
2013-05-14,0.0010287799623037003
2013-05-15,0.005030528269703173
2013-05-16,0.006288747163047237
2013-05-17,-0.0001080827539191062
2013-05-20,-1.9162056284720656e-05
2013-05-21,-0.005099543251672019
2013-05-22,-0.001563004488589802
2013-05-23,0.003733524361180452
2013-05-24,-0.000273489027991691
2013-05-28,-0.003549947579246925
2013-05-29,0.0011412630832644112
2013-05-30,0.0033132542201397656
2013-05-31,0.005395221908059909
2013-06-03,0.001367763229542987
2013-06-04,0.004149662731754326
2013-06-05,0.0034843573450528843
2013-06-06,-0.0025975384632727695
2013-06-07,0.0014820875448617505
2013-06-10,0.00029067176683586043
2013-06-11,-0.0009430602556601304
2013-06-12,0.004050730079987044
2013-06-13,0.0023962418712233013
2013-06-14,-0.0015681491847426684
2013-06-17,0.0015157720919958173
2013-06-18,0.0007779852669688919
2013-06-19,0.002937921062144306
2013-06-20,0.0021804578168729467
2013-06-21,-0.004499021037529664
2013-06-24,-0.0018066324418919838
2013-06-25,0.002326426113050274
2013-06-26,-0.003947258942393379
2013-06-27,0.00198028732875481
2013-06-28,0.002922325704135396
2013-07-01,0.0009097849919514457
2013-07-02,0.004662295155234621
2013-07-03,3.6885773840799575e-05
2013-07-05,-0.0018198664877014565
2013-07-08,0.0007299310043718149
2013-07-09,0.001963738776259377
2013-07-10,-0.001236304510848107
2013-07-11,6.209628935173814e-05
2013-07-12,0.00228006086054476
2013-07-15,-0.000944431520486318
2013-07-16,0.0037867078227860843
2013-07-17,0.0014028221134985042
2013-07-18,-0.00733899774571055
2013-07-19,-0.007118958094143209
2013-07-22,0.0017011113986583589
2013-07-23,0.004395111117310202
2013-07-24,0.0010700082656420293
2013-07-25,0.0004155244200007798
2013-07-26,0.0037177973784099324
2013-07-29,0.0031708421334374244
2013-07-30,-0.0027701879388650676
2013-07-31,-0.00460640882252989
2013-08-01,0.0009814579767423255
2013-08-02,0.0010292339651377731
2013-08-05,0.0012305159741808859
2013-08-06,0.0004884933181483084
2013-08-07,-0.0023086025702032755
2013-08-08,0.0033887305196900765
2013-08-09,0.0011961052687586224
2013-08-12,0.0031003997022811002
2013-08-13,0.0005505402702150483
2013-08-14,0.005487330036503413
2013-08-15,-0.0028282905109589676
2013-08-16,0.0006347098471219762
2013-08-19,-0.003998672648947819
2013-08-20,0.0027195556171762613
2013-08-21,-0.0007616062653840698
2013-08-22,-0.00588273579401469
2013-08-23,0.0030362755948588594
2013-08-26,-0.004064280936328473
2013-08-27,-0.004236905272945942
2013-08-28,-0.002652817851047206
2013-08-29,0.002834874888249209
2013-08-30,-0.0027587104843520022
2013-09-03,-0.0016362547481010234
2013-09-04,0.008907105948290268
2013-09-05,1.1501943462956655e-05
2013-09-06,0.00033588705094950974
2013-09-09,0.0015100061979807556
2013-09-10,0.002149567307550673
2013-09-11,-0.004344167446662194
2013-09-12,-0.003823268227606062
2013-09-13,0.0007968952153085803
2013-09-16,-0.003478590874937209
2013-09-17,0.0025249872509408066
2013-09-18,0.0022707365584783063
2013-09-19,-0.004371910382471053
2013-09-20,-0.0012365336736175141
2013-09-23,-0.0021411939712268077
2013-09-24,0.0029427351633089637
2013-09-25,-0.00110762288375104
2013-09-26,0.000545112724991101
2013-09-27,-0.0036837302294688555
2013-09-30,0.0029147152660212545
2013-10-01,-0.0003991789398984693
2013-10-02,0.0014372546262701863
2013-10-03,2.4162939775585043e-05
2013-10-04,-0.0003603241127460234
2013-10-07,0.00018885900395980304
2013-10-08,-0.000756140860214202
2013-10-09,0.003202492831111235
2013-10-10,-0.0017495499898546251
2013-10-11,-0.004425446097758622
2013-10-14,0.0018622033731396652
2013-10-15,0.00021764632136504606
2013-10-16,-0.001290031528687945
2013-10-17,0.0025938514505465873
2013-10-18,0.007066333306871758
2013-10-21,0.000716154787702107
2013-10-22,-0.0031670988186964758
2013-10-23,0.0035914152307524178
2013-10-24,-0.000528834945093213
2013-10-25,0.004231681268533622
2013-10-28,-0.00017651545501580208
2013-10-29,0.00855438508629651
2013-10-30,0.00177279496889368
2013-10-31,0.0017129738289036623
2013-11-01,0.0018770499332788676
2013-11-04,0.003918430827726857
2013-11-05,0.0005160942524167354
2013-11-06,-0.0005775240435950526
2013-11-07,0.0003316713249011773
2013-11-08,0.0055849236213288125
2013-11-11,-2.6732982265157295e-05
2013-11-12,-0.0001237648771903126
2013-11-13,0.0016880927871623067
2013-11-14,-0.00220650178509486
2013-11-15,0.0011755446213541584
2013-11-18,-0.004052980838020891
2013-11-19,0.0012714517458109283
2013-11-20,0.0014241931079847987
2013-11-21,0.0008342477179751436
2013-11-22,-0.005896900594635602
2013-11-25,0.003414926288856834
2013-11-26,0.00045212215689951883
2013-11-27,0.008879824369964756
2013-11-29,0.0007293327639017118
2013-12-02,-0.00047077775484545326
2013-12-03,0.0024785609134032175
2013-12-04,0.0015581015134754645
2013-12-05,-0.005214109492482683
2013-12-06,-0.002662279185328321
2013-12-09,-0.0007800197397653283
2013-12-10,-0.00014872015608155277
2013-12-11,0.0005292472037692586
2013-12-12,0.00022972773691256666
2013-12-13,-0.0007281492961437556
2013-12-16,-0.0015764547887340949
2013-12-17,0.002732878908362576
2013-12-18,-0.004839565994382838
2013-12-19,-0.002047922587799077
2013-12-20,-0.0006253132552978487
2013-12-23,0.0032593284086771335
2013-12-24,-0.00015456401717463253
2013-12-26,-0.0031507062397411055
2013-12-27,0.0002652234906619569
2013-12-30,-0.0013026880266716002
2013-12-31,0.0009367977763733653
2014-01-02,0.005307967437659521
2014-01-03,-0.0016866678432475221
2014-01-06,-0.0002288887815119116
2014-01-07,-0.0032163590959450273
2014-01-08,-0.0018092888485292625
2014-01-09,-0.009602533892356775
2014-01-10,-0.0041205985505401764
2014-01-13,0.006393713034915132
2014-01-14,-0.007365047506789456
2014-01-15,0.003019634069897227
2014-01-16,-0.002514227229149883
2014-01-17,-0.005299549503365617
2014-01-21,-0.003486690281901666
2014-01-22,0.0027229434439585923
2014-01-23,0.006204150559247495
2014-01-24,0.0064918417294585785
2014-01-27,-0.0018352428132785838
2014-01-28,-0.002372138336629808
2014-01-29,-0.0013476445386722262
2014-01-30,-0.010318090603646897
2014-01-31,-0.0014722583124357324
2014-02-03,-1.9170655100185132e-05
2014-02-04,0.0011038660483816706
2014-02-05,0.0028502368152271067
2014-02-06,-0.0020659864740625324
2014-02-07,-0.002394622975285075
2014-02-10,-0.007612875369064461
2014-02-11,-0.0018191730536782902
2014-02-12,-0.0006200451598111897
2014-02-13,-0.003845989368233864
2014-02-14,0.00015231458885002543
2014-02-18,-0.009169214084596767
2014-02-19,-0.004117389466673009
2014-02-20,-0.0012777816771268938
2014-02-21,-0.0027191630371595664
2014-02-24,-0.004308153924388127
2014-02-25,-9.590938875501104e-05
2014-02-26,0.008904943496437227
2014-02-27,-0.001422954670259044
2014-02-28,-0.00013500377799640197
2014-03-03,-0.003894738994255608
2014-03-04,0.00012477029576511193
2014-03-05,0.004437263529901573
2014-03-06,0.005361483721242295
2014-03-07,0.002289821014612383
2014-03-10,-0.002752502892028302
2014-03-11,0.0017633183535413488
2014-03-12,-0.008893080946461629
2014-03-13,0.0007907138942506282
2014-03-14,0.000719499038263825
2014-03-17,0.003703044368961533
2014-03-18,-0.0018085171722776296
2014-03-19,0.0034789092184645785
2014-03-20,0.002608410013343806
2014-03-21,0.00116115760376718
2014-03-24,-0.00039041381747463637
2014-03-25,0.0009651295537776228
2014-03-26,-0.004692494116702158
2014-03-27,-0.00011010144690386288
2014-03-28,-0.00022189393327661083
2014-03-31,-0.0023608981106030386
2014-04-01,-0.00010077059981795388
2014-04-02,0.002267125794021836
2014-04-03,-0.0013052061294405754
2014-04-04,-0.0006191065644172947
2014-04-07,-0.005653923341512886
2014-04-08,3.27095928486209e-05
2014-04-09,0.0032787609646620923
2014-04-10,-0.002908978648270056
2014-04-11,-0.0004906850661804331
2014-04-14,-0.0004693508302339059
2014-04-15,-0.002048035098347874
2014-04-16,-0.00476714480301699
2014-04-17,0.0015215723646072247
2014-04-21,0.00029031874279440424
2014-04-22,-0.004387678996491259
2014-04-23,0.002338349060004249
2014-04-24,0.003155980367128782
2014-04-25,0.001485167837057614
2014-04-28,0.0005550641354004444
2014-04-29,-0.0038721766334303214
2014-04-30,0.002787862560178287
2014-05-01,-0.0030686146643836773
2014-05-02,0.002494729595502202
2014-05-05,-0.004817028474694227
2014-05-06,0.00062462773609528
2014-05-07,-5.586767542551972e-05
2014-05-08,0.0052400451236633986
2014-05-09,-0.002419857045336971
2014-05-12,-0.0062764327501038724
2014-05-13,0.0020299144973803724
2014-05-14,0.0008234934912676428
2014-05-15,0.0010110312541712582
2014-05-16,0.0004269630730226807
2014-05-19,0.0010600668636104509
2014-05-20,0.004899973567765568
2014-05-21,-0.001319644431427447
2014-05-22,-0.0020797210769186386
2014-05-23,0.002317432979123558
2014-05-27,-0.0018344691289870643
2014-05-28,0.0016324992786630862
2014-05-29,-0.000624954236136506
2014-05-30,0.0023547464242159076
2014-06-02,0.004278622822235977
2014-06-03,0.0031255306638525724
2014-06-04,0.001263173503767116
2014-06-05,0.0019036750604217523
2014-06-06,0.003580179523865007
2014-06-09,-0.0002869100189147392
2014-06-10,0.003284945268340225
2014-06-11,-0.008126485218803176
2014-06-12,-0.0020628522413886235
2014-06-13,0.0004595915062746804
2014-06-16,-0.0006967936977830617
2014-06-17,0.00474612053481045
2014-06-18,-0.0033323322378492376
2014-06-19,-0.0023949525586158408
2014-06-20,-0.002014044588294772
2014-06-23,0.0013527481568981418
2014-06-24,-0.0041164441475820485
2014-06-25,-0.005734110306440853
2014-06-26,-0.0008405403998454605
2014-06-27,-0.0013278361511190962
2014-06-30,0.0008819962496768145
2014-07-01,0.00307699391811468
2014-07-02,-0.0008019241875583681
2014-07-03,-1.1116055042977407e-05
2014-07-07,0.0037284251079402774
2014-07-08,0.00030216696413832065
2014-07-09,0.0002936363350469024
2014-07-10,-0.0003841554780643305
2014-07-11,-0.004074213006569276
2014-07-14,0.0007816516115325577
2014-07-15,0.0022186924117147708
2014-07-16,0.0003382491253487602
2014-07-17,0.004935770741964176
2014-07-18,-0.0037015284772320416
2014-07-21,0.0010427590202561384
2014-07-22,-0.002017658872715428
2014-07-23,-0.004701497870094645
2014-07-24,0.0009605514032774589
2014-07-25,-0.004078193154993248
2014-07-28,0.001318396460029372
2014-07-29,-0.004578563889273814
2014-07-30,-0.00156710156691782
2014-07-31,0.0025082553195540946
2014-08-01,-0.0006480909371970184
2014-08-04,-0.00016201011492025466
2014-08-05,0.0006475590808931998
2014-08-06,0.0038113636247331015
2014-08-07,0.0027779964056099254
2014-08-08,-0.0012733685102272099
2014-08-11,0.002785132386194411
2014-08-12,0.0031384740904433096
2014-08-13,0.0010104253536477544
2014-08-14,1.981217370092434e-05
2014-08-15,0.0007565536290047616
2014-08-18,0.0038499043154019857
2014-08-19,-0.0036232369307968603
2014-08-20,-0.0043599381139394705
2014-08-21,0.0018606934287499913
2014-08-22,0.004193203063225869
2014-08-25,-0.0027133986844507267
2014-08-26,0.0006911570046582127
2014-08-27,0.0003410688504935932
2014-08-28,-0.0019876204820079508
2014-08-29,-0.0005182632829258146
2014-09-02,0.002739055391341738
2014-09-03,-0.001193192247067655
2014-09-04,0.002706150795104916
2014-09-05,-7.91238080470028e-05
2014-09-08,0.0052234128486934855
2014-09-09,-0.0029963501676905633
2014-09-10,-0.0017556718973583776
2014-09-11,-0.001024534777713308
2014-09-12,0.002106756617445548
2014-09-15,-0.0075431471820430465
2014-09-16,0.0010355386714377408
2014-09-17,-0.0012546094578715391
2014-09-18,0.002632159458814914
2014-09-19,0.002648239921378975
2014-09-22,-0.0037449968482186576
2014-09-23,0.005648530165765453
2014-09-24,0.0021821372423520857
2014-09-25,-0.0006547532660694676
2014-09-26,0.005938276880363782
2014-09-29,0.0017113131977059511
2014-09-30,0.005477567812270834
2014-10-01,-0.003252868273288867
2014-10-02,-0.001020746673779722
2014-10-03,0.0009482384529364267
2014-10-06,-0.0007723822791637815
2014-10-07,0.00021716591784691554
2014-10-08,0.0011963265524427464
2014-10-09,-0.008874600448438493
2014-10-10,-0.002915377549312156
2014-10-13,0.0034344701891077484
2014-10-14,0.005548618089931665
2014-10-15,-0.0019518948240961175
2014-10-16,-0.007966660166857712
2014-10-17,-0.004890431964070863
2014-10-20,0.0014479083904550235
2014-10-21,-0.008609599280199044
2014-10-22,0.009951641386266407
2014-10-23,-0.00760228889135702
2014-10-24,-0.004126066158895829
2014-10-27,-0.0008812342017115855
2014-10-28,-0.0006468093588280607
2014-10-29,0.0010075398793295243
2014-10-30,-0.0055038231986282524
2014-10-31,0.002848605609945344
2014-11-03,-0.00021656149371647877
2014-11-04,0.0027280590366886384
2014-11-05,0.003494545197025972
2014-11-06,-0.000700991163315116
2014-11-07,-0.007559962222077056
2014-11-10,0.004026598171994186
2014-11-11,-0.0016592586028549778
2014-11-12,0.00469579377145895
2014-11-13,0.011162240246001601
2014-11-14,0.0008150821390732388
2014-11-17,0.0022382702710351983
2014-11-18,0.000976765197569094
2014-11-19,-0.003185602470305019
2014-11-20,-0.001777959199294361
2014-11-21,-0.0042897158304220865
2014-11-24,0.0026438512702779424
2014-11-25,0.006934161296876983
2014-11-26,0.009660433678349045
2014-11-28,0.02570490295911429
2014-12-01,-0.0035067070114187904
2014-12-02,-0.0028747810238401936
2014-12-03,-0.007940888073335475
2014-12-04,0.004200200417933681
2014-12-05,0.006298886332748995
2014-12-08,0.011054485698133717
2014-12-09,0.002014038610702023
2014-12-10,-0.00662985858198291
2014-12-11,-0.004310657804873441
2014-12-12,-0.0008154575616865141
2014-12-15,0.001625621234996503
2014-12-16,0.009754309708649694
2014-12-17,0.009213687787348967
2014-12-18,-0.005901076248158062
2014-12-19,0.010346737253578006
2014-12-22,-0.0003273874843325764
2014-12-23,0.012689112748033249
2014-12-24,-0.0054769545080805915
2014-12-26,-0.0005124282532685628
2014-12-29,-0.0003947084934739343
2014-12-30,-0.0005752501579369231
2014-12-31,-0.00043063697885192093
2015-01-02,-0.0007048150773617653
2015-01-05,0.007388843034352704
2015-01-06,0.0005233400501554913
2015-01-07,0.006200269706342692
2015-01-08,-0.002690129048236998
2015-01-09,-0.007612096372661845
2015-01-12,0.012014982106323157
2015-01-13,0.001582687820125411
2015-01-14,0.0006479005016397994
2015-01-15,0.0037779920029927987
2015-01-16,-0.009425291819079577
2015-01-20,-0.0010095693078492761
2015-01-21,-0.011106491381006287
2015-01-22,0.004860957820935949
2015-01-23,0.0025356094448006463
2015-01-26,-0.007042540436957316
2015-01-27,-0.0031925486279757724
2015-01-28,0.014249782820725775
2015-01-29,0.004399483262660445
2015-01-30,-0.018370722637485022
2015-02-02,-0.014694741271600805
2015-02-03,-0.0076989359863410605
2015-02-04,0.015594313866034486
2015-02-05,0.0007965376008737551
2015-02-06,-0.005066808078157396
2015-02-09,-0.010209135750838027
2015-02-10,-0.000315329831942256
2015-02-11,0.0015545871023464792
2015-02-12,0.0026386285583440616
2015-02-13,-0.009055959938836608
2015-02-17,-0.0017717364666457204
2015-02-18,0.004239376956960079
2015-02-19,-0.0009179284758477481
2015-02-20,0.00038855171593641605
2015-02-23,0.004275440265487091
2015-02-24,-0.0003119296159073298
2015-02-25,-0.0005319262478760638
2015-02-26,0.0003151072662354672
2015-02-27,0.00032493601346935113
2015-03-02,0.0033531521964971275
2015-03-03,-0.00021160125647497544
2015-03-04,9.155721415426917e-05
2015-03-05,0.0021844023356982364
2015-03-06,0.0011918717858001293
2015-03-09,0.006688040248872625
2015-03-10,0.004897754596280464
2015-03-11,-0.002097111337362444
2015-03-12,-0.0019636918602787155
2015-03-13,0.0016324200993437913
2015-03-16,-0.006425382470803762
2015-03-17,0.0005029189380069574
2015-03-18,-0.0021056480079677097
2015-03-19,0.001583063071852987
2015-03-20,-0.0038412548661946678
2015-03-23,0.0026538849168100224
2015-03-24,0.002316227323272313
2015-03-25,-0.0003698284952115661
2015-03-26,0.00447430230133402
2015-03-27,-0.0017727420119489645
2015-03-30,-0.0025455525345947504
2015-03-31,-0.00025016539097524583
2015-04-01,-2.4916859605181195e-05
2015-04-02,-0.005948350147990217
2015-04-06,-0.004404724103281604
2015-04-07,-0.0010192177356754075
2015-04-08,0.008013004501485337
2015-04-09,-0.003997907511487804
2015-04-10,0.004716280574626429
2015-04-13,-0.007361098716312066
2015-04-14,0.0031665603410442706
2015-04-15,-0.00327345469219649
2015-04-16,0.0074409456902543615
2015-04-17,0.00472309401518884
2015-04-20,-0.0023368474752185676
2015-04-21,-0.000615964263069257
2015-04-22,-0.004616992355146335
2015-04-23,0.003063012936069176
2015-04-24,0.005016328376568319
2015-04-27,-0.0012023405315758984
2015-04-28,-0.0028300051052254733
2015-04-29,0.0004660480015342746
2015-04-30,-0.0038012408174525345
2015-05-01,-0.0016345206047896558
2015-05-04,0.001157904335301011
2015-05-05,-0.0005070027097643456
2015-05-06,0.0017381628031612445
2015-05-07,0.0019065707550094528
2015-05-08,-0.0007492865985311404
2015-05-11,0.0003295051162939778
2015-05-12,-0.003782933646756201
2015-05-13,0.0009016177264999131
2015-05-14,0.0002354151190047249
2015-05-15,0.0013956263059224949
2015-05-18,0.0038783910129283577
2015-05-19,-0.0007635314543519536
2015-05-20,-0.00045696929125352547
2015-05-21,-0.0013673048258419519
2015-05-22,0.0036073016928510927
2015-05-26,-0.002197184679861473
2015-05-27,0.006948017922159703
2015-05-28,0.0006079378915066095
2015-05-29,-0.0019588101436505646
2015-06-01,-0.0008716804580849311
2015-06-02,0.003803477636566419
2015-06-03,0.0028997098814309116
2015-06-04,-0.001016033720783633
2015-06-05,0.006575326040977239
2015-06-08,-0.0003075194843427662
2015-06-09,0.0013533122082830594
2015-06-10,0.005932629545274002
2015-06-11,-0.003280217475023242
2015-06-12,-0.0008678280725134606
2015-06-15,-0.00011207490505184869
2015-06-16,0.0037073902694963285
2015-06-17,-0.00350970340240527
2015-06-18,-0.0020718219636180527
2015-06-19,-0.004631186612806569
2015-06-22,0.0033075647376757987
2015-06-23,0.004692682846928367
2015-06-24,0.0030900402307493992
2015-06-25,0.00036999729055424625
2015-06-26,0.007062433558936542
2015-06-29,0.0005559690501875148
2015-06-30,0.0026601611152354486
2015-07-01,-0.0016057774348606705
2015-07-02,0.0008314993168099493
2015-07-06,0.003911098138876705
2015-07-07,-0.007965222569533671
2015-07-08,0.00018362576972175094
2015-07-09,0.004117544039631499
2015-07-10,0.001501563183417181
2015-07-13,0.005266875512563421
2015-07-14,-0.003300472194839538
2015-07-15,0.006733420480976242
2015-07-16,0.018612566287512334
2015-07-17,0.016301870759571
2015-07-20,0.009163489815072057
2015-07-21,-0.0024110838795487447
2015-07-22,0.007427482052841945
2015-07-23,-0.007931451168547902
2015-07-24,0.009618740023310896
2015-07-27,-0.0013875728682421517
2015-07-28,-0.009901196495777203
2015-07-29,-0.004591762673826021
2015-07-30,0.0016036450843219328
2015-07-31,0.013235528326562697
2015-08-03,0.010583054035302828
2015-08-04,0.005318066069777652
2015-08-05,0.00236401237747824
2015-08-06,-0.004293364414503323
2015-08-07,0.0035126089594796715
2015-08-10,-0.008226414775356376
2015-08-11,0.0022617833829218356
2015-08-12,-0.007555364432879419
2015-08-13,0.008192403666320734
2015-08-14,1.685749801482589e-05
2015-08-17,-0.0008268566011520617
2015-08-18,0.004700932654752556
2015-08-19,0.006233145869589189
2015-08-20,0.0011342623404441633
2015-08-21,-0.010523712786716951
2015-08-24,0.003605286048909594
2015-08-25,0.004657668928400551
2015-08-26,-8.341138061938223e-06
2015-08-27,-0.023036069658926895
2015-08-28,-0.007028080678148492
2015-08-31,-0.01163074343501436
2015-09-01,0.0033186269382631693
2015-09-02,0.005092057678878923
2015-09-03,0.0017040055633514148
2015-09-04,0.00138220482288693
2015-09-08,0.0005033016889824332
2015-09-09,0.002138428888326187
2015-09-10,-0.005126095518704914
2015-09-11,0.0012330374567914532
2015-09-14,-0.003848122468083882
2015-09-15,0.002083351317787533
2015-09-16,-0.007431649253310113
2015-09-17,0.007457452200225725
2015-09-18,0.006999918112957327
2015-09-21,0.004766786701676401
2015-09-22,0.0006528453857422883
2015-09-23,0.008501618418201424
2015-09-24,-0.000401066526865633
2015-09-25,-0.001482403008110297
2015-09-28,0.00014397989613983966
2015-09-29,-0.0025099215286640947
2015-09-30,-8.840850412615285e-05
2015-10-01,0.011530073966318465
2015-10-02,-0.012113038350290027
2015-10-05,0.0005481132647094663
2015-10-06,-0.015036369610225303
2015-10-07,-0.00046625895572767186
2015-10-08,-0.005219678749730451
2015-10-09,-0.005058402628680285
2015-10-12,-0.0005243075795351605
2015-10-13,0.0001888693024705667
2015-10-14,0.010910799149570112
2015-10-15,-0.009252111461568999
2015-10-16,0.0008802476616191341
2015-10-19,-5.2041838075198715e-05
2015-10-20,-0.0014030702729692745
2015-10-21,-0.005012720869526081
2015-10-22,0.011163054317313455
2015-10-23,0.001079684071489582
2015-10-26,-0.0009057344123401781
2015-10-27,-0.007613746446172963
2015-10-28,-0.0017687670511610037
2015-10-29,-0.0045658346787699365
2015-10-30,0.005096827145649552
2015-11-02,-0.005237051515217244
2015-11-03,0.006913521890336692
2015-11-04,0.005725418764424878
2015-11-05,0.0030317791439363733
2015-11-06,-0.005493421420321024
2015-11-09,-0.009963581320091158
2015-11-10,0.0036102721589107048
2015-11-11,0.007675946859433825
2015-11-12,0.0012814123642412546
2015-11-13,-0.004677033540108441
2015-11-16,-0.003474167159104445
2015-11-17,-0.0034561022264262284
2015-11-18,0.001004413337290785
2015-11-19,0.0034401291661303687
2015-11-20,0.00143841851403103
2015-11-23,-0.002467208603855859
2015-11-24,-0.003210087223544388
2015-11-25,-0.004311933957403583
2015-11-27,-0.0013470101649102702
2015-11-30,0.001447129861758103
2015-12-01,-0.0019716771853275934
2015-12-02,-0.005242280642023999
2015-12-03,0.009083343954692225
2015-12-04,0.005733761705660829
2015-12-07,-0.012602878477670975
2015-12-08,-0.00016544733235753496
2015-12-09,-0.01829859204454607
2015-12-10,-0.003264540335072588
2015-12-11,0.002332492574974202
2015-12-14,0.0100067960119824
2015-12-15,0.002719716082947123
2015-12-16,0.0008219211704720461
2015-12-17,0.00249092729201778
2015-12-18,-0.009010882073708813
2015-12-21,-0.0021269280656952693
2015-12-22,-0.0010817470411876283
2015-12-23,-0.0029320424235486195
2015-12-24,-0.0011564624042145126
2015-12-28,0.0036516495790470255
2015-12-29,-0.005603490643644167
2015-12-30,0.005573670087752614
2015-12-31,-0.002566381731094001
2016-01-04,-0.00043633600129339405
2016-01-05,-0.007097468624070275
2016-01-06,0.008912081696354733
2016-01-07,0.006787272858869147
2016-01-08,0.0025258467083540655
2016-01-11,0.01806673187164347
2016-01-12,0.014742835718252047
2016-01-13,-0.0017353382427521117
2016-01-14,-0.016304836088913796
2016-01-15,0.005032705889440377
2016-01-19,0.012075806721131602
2016-01-20,-0.009550370410753942
2016-01-21,-0.02157055178784814
2016-01-22,-0.0014705037949708129
2016-01-25,0.018368225997281638
2016-01-26,-0.009503040871959285
2016-01-27,-0.010154341448095112
2016-01-28,0.0037299401652532162
2016-01-29,-0.0009590626625293736
2016-02-01,0.008848524305832892
2016-02-02,0.003677642847064561
2016-02-03,-0.026323620416834913
2016-02-04,0.0007306216327691426
2016-02-05,-0.0002752267894197798
2016-02-08,0.018356395929790013
2016-02-09,0.02016202972453885
2016-02-10,-0.010248907631754109
2016-02-11,0.005365025231460402
2016-02-12,-0.001486814996297568
2016-02-16,-0.01114195313338713
2016-02-17,-0.005467510169378126
2016-02-18,0.003123561909001239
2016-02-19,-9.100347632857815e-05
2016-02-22,-0.013315844904653937
2016-02-23,0.007519349305536254
2016-02-24,-0.00962671866535692
2016-02-25,-0.000824937344567158
2016-02-26,-0.010476175992271818
2016-02-29,0.0068957266147239675
2016-03-01,-0.005603306572410307
2016-03-02,-0.010798576927391645
2016-03-03,-0.01816959916828373
2016-03-04,-0.011117608195438685
2016-03-07,-0.0039974263673141965
2016-03-08,0.02711747522520421
2016-03-09,-0.007628409504685751
2016-03-10,0.0025381371420619705
2016-03-11,-0.018968097779352194
2016-03-14,0.008568326793759911
2016-03-15,0.007120867701045673
2016-03-16,-0.008582044979350337
2016-03-17,-0.012076609602301024
2016-03-18,-0.0014135294147108685
2016-03-21,0.0015016002723512096
2016-03-22,0.00023171553597751472
2016-03-23,0.023416693035586904
2016-03-24,-0.0049971642141603215
2016-03-28,0.003562712669607867
2016-03-29,0.002774253117824996
2016-03-30,0.00585798703621111
2016-03-31,-0.008694957264089153
2016-04-01,0.01233823397329699
2016-04-04,0.0007973965810727281
2016-04-05,0.004363547525672847
2016-04-06,-0.006572369500530683
2016-04-07,0.002018404079651528
2016-04-08,-0.010942540210443098
2016-04-11,-0.005929452482820673
2016-04-12,-0.026750423147852254
2016-04-13,0.00032270146249561776
2016-04-14,0.004025235607715941
2016-04-15,0.0003572185537679695
2016-04-18,-0.0006875922183577713
2016-04-19,-0.005678381293663417
2016-04-20,-0.007630599565101697
2016-04-21,-0.002889348944310412
2016-04-22,-0.016892305250822127
2016-04-25,0.0053210124959582
2016-04-26,-0.008346634111119577
2016-04-27,-0.011420909310012424
2016-04-28,0.008872532653430859
2016-04-29,-0.00631365208633185
2016-05-02,0.005315538601408422
2016-05-03,0.012613352515020578
2016-05-04,0.00044626982048977216
2016-05-05,-0.00477103926375212
2016-05-06,0.013150606111087572
2016-05-09,0.012018938463491651
2016-05-10,-0.004618209596371935
2016-05-11,-0.008697049764433794
2016-05-12,0.010767312738698007
2016-05-13,0.0009575991084417933
2016-05-16,-0.007969043449369159
2016-05-17,-0.009047110569701637
2016-05-18,-0.0009120370296977959
2016-05-19,0.006000006560332177
2016-05-20,-0.001948146356411271
2016-05-23,-0.005141499446440243
2016-05-24,-0.0034439561331155643
2016-05-25,-0.012103710447665027
2016-05-26,0.0073653030716793536
2016-05-27,0.0007945766951736029
2016-05-31,-0.005514445461703523
2016-06-01,-0.0056370739572314315
2016-06-02,-0.004662146243410073
2016-06-03,0.0030750278149725262
2016-06-06,-0.011996641319635591
2016-06-07,0.0018466254771418835
2016-06-08,0.0015506595588710963
2016-06-09,0.005400598456429752
2016-06-10,0.010820396748859557
2016-06-13,0.003931739710805402
2016-06-14,0.004907217023892848
2016-06-15,-0.0019174131586894552
2016-06-16,0.006943416065271123
2016-06-17,-0.006994595812044436
2016-06-20,-0.002565512170160721
2016-06-21,-0.0015225354917932686
2016-06-22,0.00452112329166427
2016-06-23,0.0005781970120989191
2016-06-24,0.007365851994064628
2016-06-27,0.01644095434351458
2016-06-28,-0.01239456794882663
2016-06-29,-0.0002569980763419269
2016-06-30,0.004164918408381783
2016-07-01,-0.006725397906083553
2016-07-05,0.01011489118756493
2016-07-06,0.0033139522125853983
2016-07-07,-0.0012009169843011885
2016-07-08,0.00015304419807237837
2016-07-11,0.0023333454224110017
2016-07-12,-0.010715114832417732
2016-07-13,0.003981277212410948
2016-07-14,-0.004227579296857272
2016-07-15,-0.0010820618401341268
2016-07-18,-0.005079657297352888
2016-07-19,0.0006061783547577794
2016-07-20,-0.0031110294777171275
2016-07-21,0.00023623704235371473
2016-07-22,-0.0009452365736357139
2016-07-25,9.544739815248727e-05
2016-07-26,-0.002873623011650964
2016-07-27,-0.0002824759425871081
2016-07-28,-0.0017536060881194495
2016-07-29,0.0025003597450006954
2016-08-01,-0.002020699867465094
2016-08-02,0.0032015628352859557
2016-08-03,-0.0044614349316156945
2016-08-04,0.004121227150754421
2016-08-05,0.002491258035216578
2016-08-08,-0.002776037096551654
2016-08-09,-0.0004411634844567651
2016-08-10,-0.005571806274245878
2016-08-11,-0.00025418718956191105
2016-08-12,0.00013923923814591617
2016-08-15,-0.0027020542633598844
2016-08-16,0.000820167955300518
2016-08-17,0.0005318755378513534
2016-08-18,0.0007459466867735572
2016-08-19,-0.0016952242026094866
2016-08-22,-0.002437212169413669
2016-08-23,0.0002755965966196494
2016-08-24,0.010868191732743082
2016-08-25,0.01034757187352977
2016-08-26,-0.001034617466882684
2016-08-29,0.0026421999591227318
2016-08-30,0.0013701561600584456
2016-08-31,-0.0013014830218890565
2016-09-01,0.001339743476683818
2016-09-02,0.002169539241747297
2016-09-06,0.004132031210505084
2016-09-07,0.0034725282213367544
2016-09-08,-0.0072886196040569794
2016-09-09,0.0030032716360407405
2016-09-12,-0.004397245739463748
2016-09-13,0.009353947110975274
2016-09-14,0.004823328025967663
2016-09-15,-0.0032995723549247608
2016-09-16,-0.001911023517280419
2016-09-19,0.0036744952930294404
2016-09-20,0.0030300245464471996
2016-09-21,-0.01020192038391748
2016-09-22,-0.0014283414984046252
2016-09-23,0.00308060088413807
2016-09-26,-0.00031166350987348713
2016-09-27,0.004466228908821274
2016-09-28,-0.012999004571046541
2016-09-29,0.0036538647929807285
2016-09-30,-0.004468639135932314
2016-10-03,0.0009044119678806617
2016-10-04,0.0004352255646632846
2016-10-05,-0.0102437363363362
2016-10-06,0.002881726990481352
2016-10-07,0.0023284566506874644
2016-10-10,-0.0038973204431850842
2016-10-11,0.008700380163061485
2016-10-12,0.00929592265554451
2016-10-13,-0.0004745294983721022
2016-10-14,-0.0005963869911997309
2016-10-17,0.0005451493096446789
2016-10-18,-0.0032915141056681467
2016-10-19,0.004875735989139313
2016-10-20,-0.0008068236076551904
2016-10-21,0.004997553662816703
2016-10-24,0.002664063727013463
2016-10-25,-0.0018063739995081676
2016-10-26,-0.002674737698592471
2016-10-27,-0.001854820527757693
2016-10-28,0.011481724608261988
2016-10-31,0.004296904699744029
2016-11-01,-0.0028628772340081087
2016-11-02,-0.00176384854927328
2016-11-03,0.007619674081877906
2016-11-04,-0.003549150027792632
2016-11-07,-0.001483959978642185
2016-11-08,-0.002322920665733166
2016-11-09,-0.013685175436015539
2016-11-10,-0.008988766260588268
2016-11-11,0.005038608660586453
2016-11-14,-0.013971591215708927
2016-11-15,-0.004126836909884195
2016-11-16,0.00466597355622886
2016-11-17,0.0010110340289264954
2016-11-18,0.001862871341182859
2016-11-21,-0.005050741485918265
2016-11-22,-0.0008507103081620897
2016-11-23,-0.002840391430540774
2016-11-25,0.0032830052554842382
2016-11-28,0.0024029056104298958
2016-11-29,0.0030352320888968535
2016-11-30,-0.0074310380813763606
2016-12-01,0.0009256553320866729
2016-12-02,-0.0016102704686906724
2016-12-05,0.0027171618233327336
2016-12-06,-0.0021447766937902684
2016-12-07,0.009002126837042868
2016-12-08,-0.003871206334096867
2016-12-09,0.005010747926059159
2016-12-12,0.015960413421584087
2016-12-13,0.0044369634827743755
2016-12-14,0.00337256155308918
2016-12-15,-0.0029449424414015285
2016-12-16,0.00022456823972265662
2016-12-19,0.00198014742860004
2016-12-20,-0.001924199644717592
2016-12-21,0.0021990035512792607
2016-12-22,-0.004669256304199571
2016-12-23,-0.003466529057949636
2016-12-27,-0.0019132418980354643
2016-12-28,0.003397458552936557
2016-12-29,0.002738094627720778
2016-12-30,0.0001958780585032271
2017-01-03,0.005190540574390432
2017-01-04,0.004292232218326809
2017-01-05,-0.009270135412988881
2017-01-06,-0.002170001019010961
2017-01-09,-0.0044538280784507
2017-01-10,-0.007708270027050767
2017-01-11,0.006284147265647549
2017-01-12,-0.005172614070323302
2017-01-13,-0.0022771235713013823
2017-01-17,-0.00539852774170696
2017-01-18,0.0023549246986757162
2017-01-19,0.007228336894952127
2017-01-20,0.003400490679902441
2017-01-23,0.0021851601535164272
2017-01-24,0.006139634118838064
2017-01-25,0.0026303031406513726
2017-01-26,0.005149353022133605
2017-01-27,-0.0016217891311364327
2017-01-30,-0.002569250067956101
2017-01-31,-0.005984518372267057
2017-02-01,-0.0017511307280664184
2017-02-02,-0.002969391143186586
2017-02-03,0.007055005263899909
2017-02-06,0.0008853220480300607
2017-02-07,0.0006471788869286877
2017-02-08,-0.00400271382362324
2017-02-09,-0.009161638707838576
2017-02-10,0.005513232766202948
2017-02-13,-0.0013516795808887591
2017-02-14,-0.004231569715363929
2017-02-15,0.0006834440151532375
2017-02-16,0.0035109404663219023
2017-02-17,-0.00037034863457770863
2017-02-21,0.003864175281555134
2017-02-22,0.0011352749147352352
2017-02-23,-7.721340837456596e-05
2017-02-24,-0.00345871258549642
2017-02-27,-0.0033415396194672316
2017-02-28,0.006168743142567995
2017-03-01,0.003979694753198389
2017-03-02,-0.0006732222653377293
2017-03-03,-0.0008164245402056426
2017-03-06,0.0015844427727763038
2017-03-07,0.0035437250098538115
2017-03-08,-0.002659144772362216
2017-03-09,-0.001116421571497096
2017-03-10,-0.0006664911943474352
2017-03-13,-0.006572311562241587
2017-03-14,0.0035010427598377316
2017-03-15,-0.0038916264909967346
2017-03-16,-0.00030951084063567683
2017-03-17,0.0015575982051781272
2017-03-20,0.0029641735790270772
2017-03-21,-0.0016269854240351439
2017-03-22,-0.003281480425926691
2017-03-23,0.00433188832078749
2017-03-24,0.0035230943103712626
2017-03-27,0.005402473949801803
2017-03-28,-0.0036661252668157927
2017-03-29,-0.006586218607000944
2017-03-30,-0.0012112074364755104
2017-03-31,0.0017126247201861575
2017-04-03,0.0023191157002384047
2017-04-04,0.0008559700397203991
2017-04-05,0.003333225022668485
2017-04-06,-0.0026570402112471494
2017-04-07,0.0018761585858404967
2017-04-10,-0.003409650583832583
2017-04-11,-0.006000795348719761
2017-04-12,0.0032017069396684437
2017-04-13,0.0013440517723963719
2017-04-17,0.003141589252422591
2017-04-18,0.006207541701105553
2017-04-19,2.3023333340343287e-05
2017-04-20,0.0007911697032939186
2017-04-21,0.0028421304197490363
2017-04-24,-0.0003978264032164519
2017-04-25,-0.0023311664660459253
2017-04-26,-0.0012338257205524786
2017-04-27,0.004562424610063296
2017-04-28,0.002486613543864781
2017-05-01,0.006106609465040988
2017-05-02,0.0021119643885025453
2017-05-03,0.0033997758373076467
2017-05-04,0.003000989793583989
2017-05-05,-0.00323719335486622
2017-05-08,0.0006520622261781772
2017-05-09,0.0014609502456340655
2017-05-10,-0.0016058724506071488
2017-05-11,-0.0027805043116436107
2017-05-12,0.00413188472689147
2017-05-15,-0.00023046038657483292
2017-05-16,0.002706280766200829
2017-05-17,-0.0005329296525107014
2017-05-18,0.0017502032914140154
2017-05-19,-0.00312453709545868
2017-05-22,0.0010626596975141904
2017-05-23,-0.004073482763684508
2017-05-24,0.0029953877127780176
2017-05-25,0.006569983845504859
2017-05-26,8.077957309795789e-05
2017-05-30,0.004747761357090016
2017-05-31,0.004562194394027302
2017-06-01,-0.006270904480260634
2017-06-02,0.007231220358063585
2017-06-05,0.0015207504832253087
2017-06-06,-0.0023570268134460136
2017-06-07,0.0039488791254335895
2017-06-08,0.0018417323689307813
2017-06-09,-0.01938070215031247
2017-06-12,-0.01936557750459623
2017-06-13,0.004380468829641699
2017-06-14,0.0035723998271714958
2017-06-15,0.0017415874688335897
2017-06-16,-0.0013041086389722568
2017-06-19,0.011361364664798321
2017-06-20,0.0014911274059163221
2017-06-21,0.01115395506933087
2017-06-22,-0.0016889930122344617
2017-06-23,0.0005997479592955904
2017-06-26,-0.009323790567235547
2017-06-27,-0.009524834888541608
2017-06-28,0.004552517242129478
2017-06-29,-0.013181840746973145
2017-06-30,-0.006974508765998958
2017-07-03,-0.01900010352589309
2017-07-05,0.021892990918934672
2017-07-06,0.00810711852022128
2017-07-07,0.009853391789101865
2017-07-10,0.003499597415659093
2017-07-11,0.0014347531586954695
2017-07-12,6.596214056661404e-05
2017-07-13,-0.0022902847853387195
2017-07-14,-0.004550394353774545
2017-07-17,-0.001315950833147636
2017-07-18,-0.0016935727820406375
2017-07-19,-0.010709691496230637
2017-07-20,0.0004846823078877997
2017-07-21,0.00498727822841731
2017-07-24,0.00045545220726344573
2017-07-25,-0.007283201129343044
2017-07-26,0.0003698051100939888
2017-07-27,-0.012755103839926209
2017-07-28,0.0010017583816264556
2017-07-31,0.0008440674050564438
2017-08-01,0.005152157121756701
2017-08-02,0.0041325342925820595
2017-08-03,0.0084207421646579
2017-08-04,-0.0007190237427417631
2017-08-07,0.008366529407222503
2017-08-08,-0.0022075656307718513
2017-08-09,0.0036531638459045093
2017-08-10,-0.0015042204777125133
2017-08-11,-0.002744210039221816
2017-08-14,0.0017692248565974171
2017-08-15,0.001904276926877892
2017-08-16,-0.004422209362049694
2017-08-17,0.0040243408389127305
2017-08-18,0.002167963819011322
2017-08-21,0.0021158454295318765
2017-08-22,-0.002386984757988515
2017-08-23,0.002575636151623775
2017-08-24,0.004284221890488024
2017-08-25,-0.0012864709883611584
2017-08-28,0.0015829209463239491
2017-08-29,0.00038135025332277007
2017-08-30,-0.0009281673125293026
2017-08-31,0.000622657866940847
2017-09-01,-0.00216555917163415
2017-09-05,-0.005384799380304166
2017-09-06,-0.005079120817461804
2017-09-07,0.0023453206830111217
2017-09-08,0.009612269024400568
2017-09-11,-0.00785177458912893
2017-09-12,-0.004571732367201012
2017-09-13,-0.007626393560404829
2017-09-14,0.0007025389225694198
2017-09-15,-0.002662328542295636
2017-09-18,0.003984140001695797
2017-09-19,0.0030107368176725737
2017-09-20,-0.0031446899371104686
2017-09-21,-0.00654998400419144
2017-09-22,-0.0015228317927762375
2017-09-25,-0.008130639618845002
2017-09-26,-0.0023684229201850946
2017-09-27,0.00023052194582806693
2017-09-28,0.0023275523884376467
2017-09-29,0.0009429916414395333
2017-10-02,0.0020218235111441342
2017-10-03,-0.004553173710147321
2017-10-04,-0.006438422172726342
2017-10-05,-0.0006265679140930141
2017-10-06,0.0014153865135874528
2017-10-09,0.0036302914694391042
2017-10-10,-0.0025686523896484626
2017-10-11,0.001962693417180218
2017-10-12,0.0011641162034848162
2017-10-13,-0.001226957200828664
2017-10-16,0.0005252168497165207
2017-10-17,0.0029893497010888594
2017-10-18,0.00431806260530031
2017-10-19,-0.0009756406066930778
2017-10-20,0.0030913807422883206
2017-10-23,0.0028859258573875573
2017-10-24,-0.0009725788918890693
2017-10-25,0.008456235046457757
2017-10-26,-0.001312411532403364
2017-10-27,-0.004511601890164214
2017-10-30,-0.0062229164602620925
2017-10-31,0.0030442711251061666
2017-11-01,-0.0006734983667916554
2017-11-02,0.006288715163429967
2017-11-03,-0.0035316202125566503
2017-11-06,-0.018362342086221395
2017-11-07,0.0016904840602120846
2017-11-08,-0.010327037577127185
2017-11-09,-0.001200808849180589
2017-11-10,-0.002997269170825142
2017-11-13,0.0024516959163682944
2017-11-14,-4.14156725231864e-05
2017-11-15,-0.0017250118784662078
2017-11-16,-0.00485786361158826
2017-11-17,0.0013943932905824635
2017-11-20,0.0021932384973457576
2017-11-21,-0.00044909359794404076
2017-11-22,-0.00522357238446433
2017-11-24,0.002472426731880777
2017-11-27,-0.00544768289384572
2017-11-28,-0.0016448144199404627
2017-11-29,-0.006250440786955808
2017-11-30,-0.005381388106865294
2017-12-01,0.005471453886545046
2017-12-04,-0.006088738199084207
2017-12-05,0.0002923647695091501
2017-12-06,-0.003670099745767143
2017-12-07,0.002898438620082406
2017-12-08,-0.011628969921926954
2017-12-11,-0.0013409003766997778
2017-12-12,0.0019172435940069856
2017-12-13,-0.004516495641665812
2017-12-14,0.002994591367775024
2017-12-15,-0.002279529077071244
2017-12-18,0.0055917723977825864
2017-12-19,0.0009452270480470294
2017-12-20,-0.001860785062171434
2017-12-21,-0.0005781845345300128
2017-12-22,0.0021558043743895297
2017-12-26,-0.004439014309302803
2017-12-27,0.0010425374661751454
2017-12-28,0.0006603228384541965
2017-12-29,0.002507406714260673
2018-01-02,-0.007215246029059839
2018-01-03,-0.00604783535414705
2018-01-04,0.006368085284890186
2018-01-05,-0.00032255024934089386
2018-01-08,-0.0013853921890849248
2018-01-09,-0.003027259808951222
2018-01-10,-0.003731000252735263
2018-01-11,0.0019474613660908117
2018-01-12,0.005460536269517783
2018-01-16,-0.0004604804398478364
2018-01-17,0.008188073775777372
2018-01-18,-0.0022379119623810867
2018-01-19,0.003377538901676043
2018-01-22,0.0043046995207773504
2018-01-23,-0.007207460193829461
2018-01-24,0.0019441312327168811
2018-01-25,-5.9665258729910305e-05
2018-01-26,-0.0049205082129489645
2018-01-29,-0.002126044935654254
2018-01-30,-0.001460664937989509
2018-01-31,0.0027202037607831834
2018-02-01,-0.0025159628297963055
2018-02-02,-0.006035511579297104
2018-02-05,-0.002642073472505583
2018-02-06,0.008355784792455287
2018-02-07,0.0008559551268686813
2018-02-08,-0.007214249140509797
2018-02-09,-0.013733591349533515
2018-02-12,0.0009111269097644074
2018-02-13,0.0029906380932742016
2018-02-14,0.003081954666650568
2018-02-15,0.002300100910590402
2018-02-16,-3.986001435666761e-05
2018-02-20,-0.004170023966005426
2018-02-21,0.0014886900237450424
2018-02-22,-0.0067226616760870765
2018-02-23,-0.0008971236453733879
2018-02-26,-0.0006626833822521069
2018-02-27,-0.004738200427786233
2018-02-28,0.009625047614877149
2018-03-01,-0.001101651980692655
2018-03-02,-0.004436167398021938
2018-03-05,-0.00366203448905434
2018-03-06,-0.0008231653913254603
2018-03-07,-0.009737266651091078
2018-03-08,-0.0010423156216301844
2018-03-09,0.001010678734639402
2018-03-12,-0.004283172497716559
2018-03-13,-0.011855676493911383
2018-03-14,0.0029946770740625715
2018-03-15,-0.0002809975609738704
2018-03-16,-0.004702890017945151
2018-03-19,0.0013791536864344578
2018-03-20,0.0055779370960768555
2018-03-21,-0.0066917433195975845
2018-03-22,-0.005585911030490828
2018-03-23,-0.006253726968902238
2018-03-26,0.009732393334669123
2018-03-27,-0.0154975776477507
2018-03-28,-0.015327311339510572
2018-03-29,0.004102739201442741
2018-04-02,-0.0023650802384465467
2018-04-03,-0.0008095553472742072
2018-04-04,0.0009051357464569654
2018-04-05,-0.0065007481156863145
2018-04-06,-0.006053612860989179
2018-04-09,0.006457011330792091
2018-04-10,0.004608498896370082
2018-04-11,-0.004621245974711142
2018-04-12,-0.00547003073411369
2018-04-13,0.00029456926983889445
2018-04-16,-0.0027835382911831318
2018-04-17,0.005747940108572756
2018-04-18,0.001903309155885496
2018-04-19,0.0036655516557384453
2018-04-20,0.0014390462222146582
2018-04-23,-0.0029822197640428723
2018-04-24,-0.0035160474959287343
2018-04-25,-0.00022780601222754606
2018-04-26,-0.0015983252212180402
2018-04-27,-0.010893093986020888
2018-04-30,0.006720122715991382
2018-05-01,0.0002692272019046044
2018-05-02,-0.0003534644679424831
2018-05-03,0.009756059929373237
2018-05-04,-0.0035953315792937343
2018-05-07,0.0014461714718790152
2018-05-08,0.0060562556103506806
2018-05-09,0.003951124418964302
2018-05-10,-0.00718708265069353
2018-05-11,-0.013116001999498219
2018-05-14,-0.0017828089002931134
2018-05-15,0.001906350959194303
2018-05-16,0.0008450533402571702
2018-05-17,0.0049716873743752285
2018-05-18,-0.0012383940764076396
2018-05-21,0.004900787842787503
2018-05-22,0.0009523881997255043
2018-05-23,0.0006999060840057349
2018-05-24,-0.0008173195343581108
2018-05-25,-0.008003099818266232
2018-05-29,0.005019896643591269
2018-05-30,0.004837970826069395
2018-05-31,0.0006270352986657256
2018-06-01,0.0024722897401617473
2018-06-04,-0.004908927750256976
2018-06-05,0.00020274617574554373
2018-06-06,-0.0029678602821206026
2018-06-07,-0.0036266037463601373
2018-06-08,-0.0019724223116689013
2018-06-11,-0.002220045232748804
2018-06-12,-0.01028813607794543
2018-06-13,0.0016138003542875853
2018-06-14,0.00029485951489845684
2018-06-15,-0.005260127001251077
2018-06-18,0.007696065309602747
2018-06-19,-0.006955749052661387
2018-06-20,0.003275171502347001
2018-06-21,-0.00175540117609055
2018-06-22,0.00631308428025464
2018-06-25,-0.0018814303249674448
2018-06-26,0.0020235782568021293
2018-06-27,0.004991443977467159
2018-06-28,-0.004182562170978763
2018-06-29,-0.00034818827541616636
2018-07-02,-0.004824075578707181
2018-07-03,0.005327026619570891
2018-07-05,-0.004554863627176029
2018-07-06,-0.0013165934896135739
2018-07-09,0.0032623829831109675
2018-07-10,-0.002145155054557503
2018-07-11,-0.0034088643037687777
2018-07-12,-0.0028617907179098014
2018-07-13,-0.002094503298759893
2018-07-16,-0.0074793568760894505
2018-07-17,0.0009777854340773532
2018-07-18,0.0028694680309414725
2018-07-19,0.002740630488892707
2018-07-20,-0.0023403127494965145
2018-07-23,0.0013934918443868568
2018-07-24,-0.003630247228826424
2018-07-25,0.004787962935787471
2018-07-26,-0.0010302182425868964
2018-07-27,-0.007306381117356937
2018-07-30,-0.012109384042069144
2018-07-31,-0.001073084267223273
2018-08-01,0.005166481629958409
2018-08-02,0.008378206563098862
2018-08-03,-0.004876600350202248
2018-08-06,0.0034608204407372643
2018-08-07,0.0001850251163581002
2018-08-08,-0.0005602899338237628
2018-08-09,0.0007316629951832005
2018-08-10,1.120783552874434e-05
2018-08-13,0.0034145751028328776
2018-08-14,0.004064309922467435
2018-08-15,0.004966222858829827
2018-08-16,0.0024311419287654274
2018-08-17,-0.00013935494012897807
2018-08-20,-0.0034007918161856497
2018-08-21,0.00020161868329009267
2018-08-22,0.0036666885486995936
2018-08-23,0.0050821443303984
2018-08-24,-0.00038133817268853296
2018-08-27,-0.006715124211655422
2018-08-28,0.0015790198727683412
2018-08-29,0.00429058019245501
2018-08-30,0.007245983936027066
2018-08-31,0.0033578668392499184
2018-09-04,0.003290394885224394
2018-09-05,0.006705893753986193
2018-09-06,0.00575380987287994
2018-09-07,-0.0023367924948975564
2018-09-10,-0.0028626641937793975
2018-09-11,-0.003432582565965564
2018-09-12,-8.818714524250887e-05
2018-09-13,-0.0057352444921494146
2018-09-14,-0.0039009340102308544
2018-09-17,0.00025499596026847964
2018-09-18,-0.0036403607194883596
2018-09-19,-0.007514964145930886
2018-09-20,-0.0026780331355460174
2018-09-21,0.0012945938701566036
2018-09-24,-0.0019595284350667616
2018-09-25,0.0009418799725567083
2018-09-26,0.0022444664033401283
2018-09-27,0.0004276690962564934
2018-09-28,-0.0008991997953546826
2018-10-01,-2.6472852179185873e-05
2018-10-02,-0.002825236433469146
2018-10-03,-0.005382785050524873
2018-10-04,0.004578773580809635
2018-10-05,0.004368165630534828
2018-10-08,0.006786000445361659
2018-10-09,0.005504776747290661
2018-10-10,5.5310510372249926e-05
2018-10-11,-0.009017106862126483
2018-10-12,0.0022374650857104657
2018-10-15,0.0053031725902164505
2018-10-16,-0.00324112769261613
2018-10-17,0.004204642658242515
2018-10-18,0.007585431303756405
2018-10-19,0.003930828189656359
2018-10-22,0.0037156746598038027
2018-10-23,0.0003999353216426342
2018-10-24,0.016206597415754316
2018-10-25,-0.0138738637569043
2018-10-26,0.005077333646102
2018-10-29,0.010819379338994543
2018-10-30,-0.0004235907286094161
2018-10-31,-0.005814058989939467
2018-11-01,-0.014486264816519994
2018-11-02,0.009121689320653575
2018-11-05,0.006615874430968706
2018-11-06,0.0024377838277437136
2018-11-07,0.007693866053654426
2018-11-08,0.001417787248937455
2018-11-09,0.009508034982994316
2018-11-12,0.007914617884597443
2018-11-13,-0.007099179751229659
2018-11-14,-0.0027209273209267315
2018-11-15,-0.00793409566709028
2018-11-16,0.005772486332840704
2018-11-19,0.0042177472078493055
2018-11-20,-0.00694232943944256
2018-11-21,-0.00800781971501046
2018-11-23,0.008296403107954261
2018-11-26,-0.0033824735532522413
2018-11-27,0.008959340993293421
2018-11-28,-0.0008199974367458822
2018-11-29,0.008555900234710166
2018-11-30,-0.0006978773788050095
2018-12-03,-0.002298120546344173
2018-12-04,0.011091780562346516
2018-12-06,0.0006591594866947838
2018-12-07,-0.0024751580069321487
2018-12-10,0.005190621348812065
2018-12-11,-0.004377801049051949
2018-12-12,-0.0024456827444085338
2018-12-13,0.002680361291501009
2018-12-14,-0.0008164489388437592
2018-12-17,-3.067484182044545e-05
2018-12-18,-0.012133430219564638
2018-12-19,0.004400345151154456
2018-12-20,-0.002119411379705451
2018-12-21,0.0070439096110248055
2018-12-24,-0.00323726510219132
2018-12-26,-0.012193416195417328
2018-12-27,0.0033813590649237326
2018-12-28,-0.0029122888523051126
2018-12-31,-0.001709049059466262
2019-01-02,0.00791283613892493
2019-01-03,0.011553995214232598
2019-01-04,0.000853393940045391
2019-01-07,-0.003462500578651255
2019-01-08,0.002848250241400445
2019-01-09,-0.005240126670732637
2019-01-10,0.004701305189314767
2019-01-11,-0.009459321337984343
2019-01-14,0.006256115027529674
2019-01-15,0.0010729627650164285
2019-01-16,0.002231202231991047
2019-01-17,-0.002706148711769245
2019-01-18,-0.0017300631029331598
2019-01-22,0.002057188716950715
2019-01-23,-0.0015905467640539785
2019-01-24,-0.006466799856669044
2019-01-25,0.0034372065460337776
2019-01-28,0.0015394357920624768
2019-01-29,-0.0037768040132119384
2019-01-30,-0.006047551167668105
2019-01-31,-0.002347969295701302
2019-02-01,0.00194061794540464
2019-02-04,-0.005208073099273658
2019-02-05,-6.4732709440382215e-06
2019-02-06,0.0021257816422444124
2019-02-07,-0.009290232150944116
2019-02-08,0.00024327433094406916
2019-02-11,0.0014856606654163388
2019-02-12,-0.004345547486961893
2019-02-13,-0.0072527221824930195
2019-02-14,0.0016614025509627105
2019-02-15,-0.0038732825081145466
2019-02-19,-0.00445391225645694
2019-02-20,0.0037059512261735377
2019-02-21,0.00861773182367635
2019-02-22,0.00571233746333003
2019-02-25,-0.002186334064843888
2019-02-26,0.0019093801592059338
2019-02-27,-0.0019867738222769417
2019-02-28,0.001636119183140739
2019-03-01,0.000140196607872699
2019-03-04,0.004145308074574769
2019-03-05,-0.0007418470415576476
2019-03-06,0.006019021465179474
2019-03-07,0.006516617295126095
2019-03-08,0.0023174488561542726
2019-03-11,-0.00045287358283709235
2019-03-12,-0.0045170610706204905
2019-03-13,-0.006165483734965072
2019-03-14,-0.0037060987235976463
2019-03-15,0.0006356119067848974
2019-03-18,-0.007132897210921667
2019-03-19,0.0009118318260959858
2019-03-20,0.005116765196814736
2019-03-21,0.004070847685927039
2019-03-22,0.007956792212307997
2019-03-25,0.000358102610852208
2019-03-26,0.001643655069836431
2019-03-27,-0.0003549532017063861
2019-03-28,-0.0006766163536020284
2019-03-29,-0.0024869792292462256
2019-04-01,-0.004179267562034867
2019-04-02,0.00538523556045131
2019-04-03,0.0031347148752304778
2019-04-04,-0.0017615570357213267
2019-04-05,-0.007808221100715917
2019-04-08,0.00018268917398277132
2019-04-09,0.006598234101808505
2019-04-10,-0.00136880741560237
2019-04-11,0.00022109402819766485
2019-04-12,0.007835943922593302
2019-04-15,-0.004322535867082887
2019-04-16,0.003072238296510813
2019-04-17,0.009817907252647508
2019-04-18,-0.005669945864435815
2019-04-22,-0.0008462695930566437
2019-04-23,-0.00041364615423027367
2019-04-24,0.00014043178204318807
2019-04-25,0.00710353044861572
2019-04-26,-0.00282938462574212
2019-04-29,0.0023667799566089195
2019-04-30,-0.003078319034272453
2019-05-01,0.0004757080080272204
2019-05-02,-0.0021279088013470616
2019-05-03,-0.004134412741152311
2019-05-06,-0.004381633237184609
2019-05-07,-0.0004075006968428041
2019-05-08,-0.006980661780450004
2019-05-09,-0.006165284814201311
2019-05-10,-0.003993777141154829
2019-05-13,-0.010231241868344253
2019-05-14,-0.006201270175522099
2019-05-15,0.004432443411650814
2019-05-16,0.003972243034072753
2019-05-17,0.004468313328629385
2019-05-20,-0.0003723840525989325
2019-05-21,0.0007679996780311892
2019-05-22,0.004392798681430889
2019-05-23,-0.005564733029749837
2019-05-24,-0.0003803245005806876
2019-05-28,0.011826705967162423
2019-05-29,-0.006736243269880049
2019-05-30,-0.0005118466254021198
2019-05-31,0.002852425406789039
2019-06-03,-0.007160747210062676
2019-06-04,0.0027336623005364963
2019-06-05,0.00284037780766991
2019-06-06,0.0012574598986195454
2019-06-07,0.0038156687154000182
2019-06-10,-0.000978645049845068
2019-06-11,-0.005431455102909709
2019-06-12,0.0032447890517737802
2019-06-13,-0.011601259861657415
2019-06-14,0.0001547116531669839
2019-06-17,-0.005989939536236829
2019-06-18,0.0015753815440490383
2019-06-19,-0.0037630339521739385
2019-06-20,-0.0034560972334422065
2019-06-21,-0.006795481714370056
2019-06-24,0.009237164707428407
2019-06-25,-0.002375038281595996
2019-06-26,-0.00269057125099897
2019-06-27,0.002105506907778094
2019-06-28,-0.005004451807731209
2019-07-01,0.0041371046236862484
2019-07-02,0.0021346413938728047
2019-07-03,0.001349139729137633
2019-07-05,0.0012822233897839654
2019-07-08,-0.00027691467318649934
2019-07-09,-0.002069336220113322
2019-07-10,-0.002695437234372763
2019-07-11,-0.0008497408411284419
2019-07-12,-0.0006500624557527684
2019-07-15,-0.008312766844124726
2019-07-16,-0.0006690676344317625
2019-07-17,-0.002572915369918454
2019-07-18,0.0024621405571828257
2019-07-19,-0.0017997212335092133
2019-07-22,-0.0018102813883026211
2019-07-23,-0.002673013674895503
2019-07-24,0.001699292531002145
2019-07-25,0.006365194644681781
2019-07-26,0.005683747222219774
2019-07-29,-0.0015123714026169116
2019-07-30,0.0005549189220292759
2019-07-31,-0.0038746588922828015
2019-08-01,-0.0015552771936546625
2019-08-02,-0.0015684105064899276
2019-08-05,-0.004377853378809161
2019-08-06,-0.0038982909421865185
2019-08-07,0.0005167261406208393
2019-08-08,-5.742642395687094e-06
2019-08-09,0.0010755628276914707
2019-08-12,-0.0008750263795394581
2019-08-13,-0.012991503959712426
2019-08-14,0.0012281654905454454
2019-08-15,0.005266886470202076
2019-08-16,-0.0030296058001161637
2019-08-19,-0.003995535027640285
2019-08-20,0.005794362464317529
2019-08-21,0.0018273643361399088
2019-08-22,-0.007419904864605916
2019-08-23,-0.0003777292397124658
2019-08-26,0.003944322052616325
2019-08-27,0.0055428765675574745
2019-08-28,-0.004586746848343638
2019-08-29,-0.0014958336297702293
2019-08-30,-0.0018958921751014957
2019-09-03,-0.0015135750975407882
2019-09-04,-0.004870714990950315
2019-09-05,-0.0028171864336005424
2019-09-06,-0.00031573682194636357
2019-09-09,-0.014712193272749056
2019-09-10,-0.011603281601208338
2019-09-11,-0.006618325966567195
2019-09-12,-0.010286785652741182
2019-09-13,0.004525066344907367
2019-09-16,0.004557134331990353
2019-09-17,-0.00754878947304805
2019-09-18,0.002550233119784716
2019-09-19,-0.005055047723553775
2019-09-20,-0.004187681477315775
2019-09-23,0.003580563456758912
2019-09-24,-0.0013094564569313323
2019-09-25,0.0041667199404101345
2019-09-26,-0.0036554465354740194
2019-09-27,0.0008310416327353532
2019-09-30,-0.0034973995583585334
2019-10-01,-0.0011956001620738591
2019-10-02,0.0016911817474771541
2019-10-03,0.00046828389436099786
2019-10-04,-4.380838914844273e-05
2019-10-07,-0.0006745335695074062
2019-10-08,-0.0007169627372255241
2019-10-09,-0.001708177250033977
2019-10-10,0.0030812875358701116
2019-10-11,-0.012857458726447515
2019-10-14,-2.8909438531546736e-05
2019-10-15,-0.003895401186779471
2019-10-16,-8.116599577530257e-05
2019-10-17,-0.0010681667380800137
2019-10-18,0.0018781716763686214
2019-10-21,0.0001646597133399051
2019-10-22,-0.009780155904074533
2019-10-23,-0.007919018841016718
2019-10-24,0.00862445585353558
2019-10-25,-0.000425498852082525
2019-10-28,-0.0004181981684152522
2019-10-29,-0.0018326881210871504
2019-10-30,0.004161038743523664
2019-10-31,0.0066427647635115645
2019-11-01,-0.008440631517911034
2019-11-04,-0.009464518281907645
2019-11-05,0.0001593403614662521
2019-11-06,0.0025652087144801927
2019-11-07,-0.0004805048973210227
2019-11-08,-0.002176230436016816
2019-11-11,-0.008249387822365659
2019-11-12,0.004291038531424315
2019-11-13,0.006476458625425318
2019-11-14,0.0022891090444837133
2019-11-15,-0.0004642989683039105
2019-11-18,0.0038658699794173086
2019-11-19,0.0001116212324176707
2019-11-20,-0.0069349239642979696
2019-11-21,0.00012669112242052365
2019-11-22,-0.00015423013494822533
2019-11-25,-0.0015170862514634208
2019-11-26,-0.00032381516558767864
2019-11-27,-0.0032333962221284076
2019-11-29,0.00219021241542407
2019-12-02,-0.0008823071288798697
2019-12-03,-0.0013403419219799406
2019-12-04,-0.0012744697723503955
2019-12-05,-0.0007840589765913931
2019-12-06,-0.0005515357225738867
2019-12-09,-0.0017886366199008346
2019-12-10,-0.0005963336875357088
2019-12-11,-0.0051935634629524784
2019-12-12,-0.007541163583713329
2019-12-13,0.00619531279554508
2019-12-16,-0.0035120924941346985
2019-12-17,0.0018000058180397348
2019-12-18,0.0004266830740721053
2019-12-19,0.0013799567343225371
2019-12-20,-0.0013296327314040852
2019-12-23,-0.003080545473634061
2019-12-24,0.0002023409153772438
2019-12-26,-0.0010160049714775948
2019-12-27,0.003901797523198087
2019-12-30,0.0002099983574951479
2019-12-31,-0.0003677447216105433
2020-01-02,-0.0016224310555979801
2020-01-03,-0.006158306866292251
2020-01-06,-0.003652042395865054
2020-01-07,-0.0018072112360870275
2020-01-08,-0.00107989071423444
2020-01-09,-2.620352123169651e-05
2020-01-10,0.00036680034733827763
2020-01-13,-0.0017882587699342297
2020-01-14,-0.0009606504433583413
2020-01-15,-0.003714576825203142
2020-01-16,0.0013009103424244722
2020-01-17,-0.000621256414359618
2020-01-21,-0.004047929889940724
2020-01-22,-0.0015879069458587202
2020-01-23,-0.0018551449134795843
2020-01-24,-0.0027540900901775046
2020-01-27,-0.005628784445037903
2020-01-28,0.0009141415960900736
2020-01-29,0.0006661372067132641
2020-01-30,0.004503173949555353
2020-01-31,-0.0018102886641219898
2020-02-03,-0.001462911280436235
2020-02-04,-0.0068904277920853844
2020-02-05,0.0005295989113324656
2020-02-06,-0.004722692570788178
2020-02-07,0.0067102279047773425
2020-02-10,0.0014537806521994507
2020-02-11,-0.0016110635316726
2020-02-12,-0.008468909519334008
2020-02-13,0.00010567207141171001
2020-02-14,0.004597499779298743
2020-02-18,0.0011614213579625558
2020-02-19,-4.7749262857665464e-05
2020-02-20,-0.004052828155063407
2020-02-21,-0.004982168321206133
2020-02-24,-0.0007209300459543904
2020-02-25,0.0042815324727896896
2020-02-26,0.009436866811960822
2020-02-27,-0.009834894018856828
2020-02-28,0.010157384974163342
2020-03-02,0.003794778081003279
2020-03-03,0.0029726362243827297
2020-03-04,0.00420001622375019
2020-03-05,0.00033381546798186463
2020-03-06,-0.012035046444515547
2020-03-09,-0.007847793350463164
2020-03-10,-0.0019195125735236823
2020-03-11,0.007189113182705201
2020-03-12,0.00860637201900622
2020-03-13,-0.006212853989191816
2020-03-16,0.02148473233800637
2020-03-17,0.00015681174815029746
2020-03-18,0.011754081866184143
2020-03-19,-0.012200973503818586
2020-03-20,-0.007517384832765794
2020-03-23,0.018103665649197097
2020-03-24,-0.01558302525892264
2020-03-25,-0.017962004052696212
2020-03-26,-0.008834816967148142
2020-03-27,-0.00016247137939919524
2020-03-30,0.004572945940851406
2020-03-31,0.010141530580114643
2020-04-01,0.0050857987327448265
2020-04-02,0.012089655342003309
2020-04-03,0.006203166467733166
2020-04-06,-0.004939564537609493
2020-04-07,-0.003033480657904394
2020-04-08,-0.011803606592201884
2020-04-09,-0.005006405047840253
2020-04-13,0.005379815467251127
2020-04-14,-0.0004368312693253575
2020-04-15,0.004116033455926493
2020-04-16,0.0026625099331902794
2020-04-17,-0.013571915488037992
2020-04-20,0.00933626074428303
2020-04-21,-0.002748518744382987
2020-04-22,0.0050615014395290195
2020-04-23,-0.007158315926361641
2020-04-24,0.0036812191567461953
2020-04-27,-0.008504168915174803
2020-04-28,-0.008102921509253735
2020-04-29,-0.008793006901694374
2020-04-30,0.006535698666303962
2020-05-01,0.0012743765760811652
2020-05-04,0.005661016276468996
2020-05-05,0.0013728402888505454
2020-05-06,0.0026407412023292656
2020-05-07,-0.0012897102167872558
2020-05-08,-0.0012076635427166603
2020-05-11,0.013957282487835647
2020-05-12,0.0018637644408925473
2020-05-13,0.006385659143339334
2020-05-14,0.00013390117350579994
2020-05-15,0.0041217145215150285
2020-05-18,-0.030833753258548396
2020-05-19,0.004693051657866415
2020-05-20,-0.009654975635309582
2020-05-21,-0.003725656561241225
2020-05-22,0.005239150646703568
2020-05-26,-0.02356074803389864
2020-05-27,-0.007306013003707889
2020-05-28,0.0022204214929324173
2020-05-29,0.01435422304323537
2020-06-01,-0.009702168561164485
2020-06-02,-0.004961379627986182
2020-06-03,-0.01959850796157373
2020-06-04,0.0017305655361412623
2020-06-05,-0.015976270301902885
2020-06-08,-0.013797581605222714
2020-06-09,0.017497157802856624
2020-06-10,0.012722999941077277
2020-06-11,0.019159475428114567
2020-06-12,0.003836102898270726
2020-06-15,0.006559951107309145
2020-06-16,-0.0006791216099160211
2020-06-17,-0.006324533901786059
2020-06-18,0.0038704974052561217
2020-06-19,-0.010711588423810165
2020-06-22,0.008019131560231511
2020-06-23,-0.0007669130451015817
2020-06-24,-0.005363680860305686
2020-06-25,0.005560571380040025
2020-06-26,-0.014325927582754779
2020-06-29,0.002775359537041513
2020-06-30,0.0025222442208664053
2020-07-01,-0.004854111407833575
2020-07-02,-0.0017798174842546834
2020-07-06,0.010983610467292728
2020-07-07,-0.008686159570047636
2020-07-08,0.006028594734117732
2020-07-09,0.0007313249455744895
2020-07-10,0.010177299565208022
2020-07-13,-0.007905113819627678
2020-07-14,-0.01005260093989021
2020-07-15,-0.008160648625780935
2020-07-16,0.0061538537576844386
2020-07-17,-0.007638344926400517
2020-07-20,0.010150760681528917
2020-07-21,0.00041208522855241194
2020-07-22,-0.004789100490589804
2020-07-23,-0.0036714146686917843
2020-07-24,0.003697600904787552
2020-07-27,0.004959870718628546
2020-07-28,-0.002590103136165288
2020-07-29,0.004763849307126407
2020-07-30,0.0015526420055563665
2020-07-31,0.0051078017246696025
2020-08-03,0.0020177492056563315
2020-08-04,-0.0035052518710127767
2020-08-05,0.0009676204495906902
2020-08-06,0.005465960665809331
2020-08-07,-0.013523836971910478
2020-08-10,-2.6926557562325858e-05
2020-08-11,0.0028889517163994947
2020-08-12,-0.014363500265419205
2020-08-13,-0.00665614295425798
2020-08-14,0.0028347100190065544
2020-08-17,-0.004895956421459381
2020-08-18,-0.0031865273863497653
2020-08-19,0.0015894179804382478
2020-08-20,-0.003310700525068115
2020-08-21,0.0018320378138295833
2020-08-24,0.019370447381273023
2020-08-25,-0.007974914505332864
2020-08-26,-0.01050322340860756
2020-08-27,0.0032340698748147085
2020-08-28,0.008071743477763559
2020-08-31,-0.008521549068259604
2020-09-01,0.010927171033016806
2020-09-02,-0.0051349860182751264
2020-09-03,0.003556381628143741
2020-09-04,0.010312207001181604
2020-09-08,0.0019447373137824729
2020-09-09,-0.0036876086841031715
2020-09-10,0.0035007207277135558
2020-09-11,-0.002504012841270483
2020-09-14,-0.005842318453580934
2020-09-15,0.003517849614724811
2020-09-16,-0.00011517649646864138
2020-09-17,0.005466326564729801
2020-09-18,0.0018696842208233066
2020-09-21,0.0054562708174754875
2020-09-22,-0.00020677809683876882
2020-09-23,-0.00254654745301462
2020-09-24,0.004607497487948556
2020-09-25,-0.011077915200612186
2020-09-28,-0.003469608921134801
2020-09-29,-0.0035211043968939914
2020-09-30,0.0029062734983812248
2020-10-01,-0.005457163010761358
2020-10-02,0.0016807990393608288
2020-10-05,0.000640352466904939
2020-10-06,0.00554111137456117
2020-10-07,-0.0002335617924480854
2020-10-08,-0.001147451032673325
2020-10-09,-0.0015164064148388472
2020-10-12,-0.009114903061914778
2020-10-13,-0.0028772575993646853
2020-10-14,0.0039670379025511125
2020-10-15,0.009167619746130985
2020-10-16,-0.0008694684015942374
2020-10-19,0.0040043017431400435
2020-10-20,0.003679473771810024
2020-10-21,-0.0028432828888321766
2020-10-22,-0.008486506297535537
2020-10-23,-0.000600577015783235
2020-10-26,0.0019026498928562824
2020-10-27,0.00013754734830866976
2020-10-28,0.005705442682875933
2020-10-29,0.009937652622902667
2020-10-30,0.0025429386616067544
2020-11-02,-0.007583742655122381
2020-11-03,0.0001991798549189829
2020-11-04,-0.03539669841671133
2020-11-05,0.007786555812178378
2020-11-06,0.004790022957722458
2020-11-09,0.007678411081049053
2020-11-10,-0.0035952819772145797
2020-11-11,-0.01910642777420693
2020-11-12,-0.008869318371362116
2020-11-13,0.013758640201257012
2020-11-16,0.023815850552475922
2020-11-17,0.0029635230723397228
2020-11-18,0.0025029614151743187
2020-11-19,0.0024943294879952375
2020-11-20,-0.005753634745640678
2020-11-23,0.018002157299552998
2020-11-24,0.024712681993537503
2020-11-25,-0.007839873747529718
2020-11-27,-0.007676716236945319
2020-11-30,-0.015931505747626282
2020-12-01,0.0023882428588530664
2020-12-02,0.014014190355188487
2020-12-03,0.010135221295158078
2020-12-04,0.008231230555292738
2020-12-07,-0.0008386391345096588
2020-12-08,0.0020174529654926787
2020-12-09,0.004673835695462676
2020-12-10,-0.00034183773817070447
2020-12-11,-0.005200533141821198
2020-12-14,-0.01619959790438922
2020-12-15,0.0037844743191365418
2020-12-16,-0.004412314732530711
2020-12-17,-0.008391399022883737
2020-12-18,-0.005680782189403385
2020-12-21,0.002064632562422184
2020-12-22,-0.009878096287470682
2020-12-23,0.010714535170243383
2020-12-24,-0.0028353875907892075
2020-12-28,-0.004436711693417185
2020-12-29,-0.00355598676299918
2020-12-30,0.008347329160709249
2020-12-31,-0.005570604827306894
2021-01-04,0.0018739469819681978
2021-01-05,0.000712924824305086
2021-01-06,-0.021880109381137318
2021-01-07,0.0050033409125099645
2021-01-08,0.001226750869342871
2021-01-11,-0.00224168407310175
2021-01-12,-0.02017563587175042
2021-01-13,0.007439438721750944
2021-01-14,-0.018089587890446485
2021-01-15,0.016053232842762784
2021-01-19,-0.00048395230443537313
2021-01-20,0.010550347997943488
2021-01-21,0.007937424743007753
2021-01-22,0.0013376782802675714
2021-01-25,0.015352957478925417
2021-01-26,0.012478439234695831
2021-01-27,-0.001467053534380443
2021-01-28,-0.011663882004438556
2021-01-29,0.002204842651361462
2021-02-01,0.0027241855427490315
2021-02-02,-0.006951282699086111
2021-02-03,-0.012495127126536795
2021-02-04,-0.0036436204913583283
2021-02-05,-0.0028933857539634854
2021-02-08,-0.00909727857598995
2021-02-09,0.00473338233064612
2021-02-10,-0.0015985396499879844
2021-02-11,-0.010445827859562315
2021-02-12,-0.0005183150957813446
2021-02-16,0.00010320618099113675
2021-02-17,0.004384613118617547
2021-02-18,0.005214061435144096
2021-02-19,-0.00482277155521196
2021-02-22,0.005714367380433117
2021-02-23,0.00404432453343102
2021-02-24,-0.007336759044381158
2021-02-25,0.006980275191941571
2021-02-26,-0.006175100084590123
2021-03-01,-0.009741816592135126
2021-03-02,0.0058251947982352
2021-03-03,0.004834770889038614
2021-03-04,0.0053416707993831705
2021-03-05,0.000616457678037352
2021-03-08,0.004086752415234262
2021-03-09,-0.002430098482400739
2021-03-10,0.0011241529574494208
2021-03-11,-0.007413929623335604
2021-03-12,0.005168505094430088
2021-03-15,-0.011540208266982552
2021-03-16,0.005238169372688837
2021-03-17,0.0007650889522448536
2021-03-18,0.006061369579756452
2021-03-19,-0.007536923896182598
2021-03-22,0.0012058096917469386
2021-03-23,0.006485633417111596
2021-03-24,0.01239912133717971
2021-03-25,-0.003074325235543981
2021-03-26,0.0019681966242506683
2021-03-29,0.0029666494910292537
2021-03-30,-0.004270358278410254
2021-03-31,-0.004782433256050619
2021-04-01,0.006152289493436524
2021-04-05,-0.004442569785934446
2021-04-06,-0.003135848904109011
2021-04-07,0.0007754991439545449
2021-04-08,-0.0018222567384464032
2021-04-09,-0.003542730466328893
2021-04-12,0.0009443006449387395
2021-04-13,-0.005901314614166305
2021-04-14,-0.00030337045820511954
2021-04-15,0.0018062978673978561
2021-04-16,0.0022215396942727606
2021-04-19,0.0022226810195008872
2021-04-20,0.006625353124533787
2021-04-21,-0.005275226086570883
2021-04-22,0.0006469412982360789
2021-04-23,-0.0005751246448262676
2021-04-26,0.000751239771298861
2021-04-27,-0.004652641622551794
2021-04-28,0.0010993695799284462
2021-04-29,0.011830771603196972
2021-04-30,-0.0024112203759438697
2021-05-03,-0.0009037625417881265
2021-05-04,0.007971187519155392
2021-05-05,0.0060729123871604415
2021-05-06,0.011885450560666568
2021-05-07,-0.0010799152650537679
2021-05-10,-0.0013824322576466608
2021-05-11,0.0021590712726827594
2021-05-12,0.008670174193244028
2021-05-13,-0.0012892891933365888
2021-05-14,-0.001613883433375305
2021-05-17,-0.004001319074592707
2021-05-18,-0.003757464562125397
2021-05-19,-0.0023544009432721062
2021-05-20,-0.003943847297548576
2021-05-21,0.0019378394171205209
2021-05-24,0.0011778568334022954
2021-05-25,0.002106781005061824
2021-05-26,-0.004059250655880771
2021-05-27,0.001444466487933569
2021-05-28,-0.001836375969855911
2021-06-01,0.0021106164403053534
2021-06-02,-0.0029219980939532344
2021-06-03,-0.002787839596411543
2021-06-04,-0.0008227327665265348
2021-06-07,-0.011210135034485298
2021-06-08,-0.001419820912481998
2021-06-09,-0.003918460443246464
2021-06-10,-0.00875059859227867
2021-06-11,0.006163008788749591
2021-06-14,-0.006976747188874121
2021-06-15,0.00023801630931492146
2021-06-16,-0.0009708532439503881
2021-06-17,-0.006637821780570372
2021-06-18,6.222066525968269e-05
2021-06-21,0.0009957124318586922
2021-06-22,-0.0012909335241662644
2021-06-23,-0.0031489275112337686
2021-06-24,0.0012648026104305932
2021-06-25,-0.002203338220917518
2021-06-28,-0.005914772213746142
2021-06-29,-0.003821395576540767
2021-06-30,0.004016557118847675
2021-07-01,0.005231951678559751
2021-07-02,-0.001146753374318179
2021-07-06,-0.003102590895082354
2021-07-07,0.0015959995667519395
2021-07-08,0.0004228065504668797
2021-07-09,-0.001236908097945911
2021-07-12,-0.002934533686168656
2021-07-13,-0.0003578866711028588
2021-07-14,-0.0075452196829019266
2021-07-15,0.0013621862856492686
2021-07-16,-0.007739311949564945
2021-07-19,-0.013214823271926714
2021-07-20,0.016995852187493644
2021-07-21,0.013190528376767641
2021-07-22,-0.0072634695421889064
2021-07-23,-0.007530198889614681
2021-07-26,0.010866958010507924
2021-07-27,-0.002255483744816081
2021-07-28,-0.0029322780236892883
2021-07-29,-0.0010634448320436213
2021-07-30,-0.015677599921987827
2021-08-02,-0.002125162838923909
2021-08-03,-0.006500711667094435
2021-08-04,-0.006827700561049521
2021-08-05,0.013304701514370873
2021-08-06,0.003083547402309202
2021-08-09,-0.004759836513163369
2021-08-10,0.011209210195499614
2021-08-11,0.011408265357595869
2021-08-12,-0.009493626050312776
2021-08-13,0.00997434480987718
2021-08-16,0.01206159109482951
2021-08-17,0.012224093511043747
2021-08-18,-0.006938686608873943
2021-08-19,0.010842565239381981
2021-08-20,-0.0016225391725496977
2021-08-23,-0.009315140403440617
2021-08-24,-0.011652733155529605
2021-08-25,-0.00746797813937009
2021-08-26,-0.0007400675482906633
2021-08-27,-0.006867572958330749
2021-08-30,0.0062437970642381145
2021-08-31,-0.002165382125962378
2021-09-01,0.0001667119455595176
2021-09-02,-0.0023961352616859396
2021-09-03,0.004769364027265841
2021-09-07,-0.004063164476173549
2021-09-08,0.008624832406707882
2021-09-09,-0.001016685055648437
2021-09-10,-0.0034477515683578397
2021-09-13,0.0006558309111462934
2021-09-14,-0.00336393024915856
2021-09-15,-0.001971561104939107
2021-09-16,0.002915521956859451
2021-09-17,6.837161495862883e-05
2021-09-20,0.00476690101006058
2021-09-21,-0.006666602298752318
2021-09-22,0.00729620693398021
2021-09-23,0.0032088884402660276
2021-09-24,0.004995457953583182
2021-09-27,0.006244876550725155
2021-09-28,0.0034196309175274393
2021-09-29,-0.0024518731563577963
2021-09-30,-0.004503576018682687
2021-10-01,0.012414532797079264
2021-10-04,0.0009911903572600096
2021-10-05,-0.0006235656140460616
2021-10-06,-0.005250452233064392
2021-10-07,-0.005069505649458785
2021-10-08,0.0022903383855996167
2021-10-11,-0.0035050369654591926
2021-10-12,-0.012249559682792274
2021-10-13,-0.0006685353348267174
2021-10-14,0.005601377901155434
2021-10-15,0.007428455057288417
2021-10-18,-0.0005209459655444273
2021-10-19,0.004446183936328858
2021-10-20,0.0024398530652436487
2021-10-21,-0.007210852896699128
2021-10-22,0.0006362976483837746
2021-10-25,0.00115110091250103
2021-10-26,0.0001478336409044396
2021-10-27,-0.009262559119784576
2021-10-28,0.0012380637242782738
2021-10-29,-0.010133655825115532
2021-11-01,-0.0055597231149938165
2021-11-02,-0.0026336440772861754
2021-11-03,-0.005957106674911928
2021-11-04,-0.008787738191814708
2021-11-05,-0.004611749369693917
2021-11-08,-0.0005303810281197172
2021-11-09,0.0013057121128973908
2021-11-10,-0.006449145288032708
2021-11-11,-0.0014903466056559811
2021-11-12,-0.0019396926563829784
2021-11-15,-0.0028698968490551073
2021-11-16,0.002282654862609672
2021-11-17,0.001433582213459537
2021-11-18,0.0076991316939747385
2021-11-19,0.005678211642042266
2021-11-22,-0.006168707663037921
2021-11-23,0.0006474325971090018
2021-11-24,0.006471668243841826
2021-11-26,-0.002344915006750867
2021-11-29,0.003683534837643593
2021-11-30,0.00030673934577967203
2021-12-01,0.00766961633586909
2021-12-02,-0.0023886762798928044
2021-12-03,-0.00757222047550508
2021-12-06,-0.0016760056332013815
2021-12-07,0.005135124824455864
2021-12-08,0.0018466467712504914
2021-12-09,-0.0035090333630383884
2021-12-10,-0.003950543312661994
2021-12-13,-0.0019381426127669627
2021-12-14,-0.0034425393470417613
2021-12-15,0.013587856700350762
2021-12-16,-0.018415918493462913
2021-12-17,-0.0007157084616265854
2021-12-20,0.0015833784915373753
2021-12-21,-0.0019687406885916412
2021-12-22,0.0011064727602602602
2021-12-23,-0.0002973785222748425
2021-12-27,0.009822411872928125
2021-12-28,-0.007517819619321914
2021-12-29,0.0015990330643303422
2021-12-30,-0.002820324129857253
2021-12-31,-0.0010556210747740941
2022-01-03,-0.0010431581202380302
2022-01-04,-0.013879328921607485
2022-01-05,-0.02521386789510978
2022-01-06,0.00924875480492757
2022-01-07,-0.020306741194784667
2022-01-10,-0.002629514453189867
2022-01-11,-0.006826345535668867
2022-01-12,-0.003212729256413966
2022-01-13,0.025562234950197094
2022-01-14,-0.008062781398276025
2022-01-18,0.010196750765135825
2022-01-19,0.002594104803406875
2022-01-20,0.00250123162803709
2022-01-21,0.007145888672382812
2022-01-24,-0.002508015799312149
2022-01-25,0.017980345657481325
2022-01-26,-0.008517765453456597
2022-01-27,0.0010408019132702026
2022-01-28,-0.015154662570560397
2022-01-31,-0.009673557196972698
2022-02-01,0.009165918599180454
2022-02-02,-0.0032187832130025633
2022-02-03,0.02207572923293485
2022-02-04,-0.007056316125817508
2022-02-07,0.015253691939188714
2022-02-08,4.9490418035884014e-05
2022-02-09,-0.0068005743348137975
2022-02-10,-0.0003047248002397739
2022-02-11,0.0177255806274612
2022-02-14,-0.00012085912785129315
2022-02-15,-0.0120722271778296
2022-02-16,0.005125579201996154
2022-02-17,0.015586122628385421
2022-02-18,0.0014690221664677872
2022-02-22,-0.0020845533271054966
2022-02-23,0.007325603020387132
2022-02-24,-0.025403936203311238
2022-02-25,0.00784938501671317
2022-02-28,0.003207293111604881
2022-03-01,0.004872234306962938
2022-03-02,-0.004711221757858512
2022-03-03,0.011659833441971391
2022-03-04,0.011548029907123019
2022-03-07,0.012317862137155631
2022-03-08,-0.004395653711633848
2022-03-09,-0.014679211919467711
2022-03-10,0.011442255527488837
2022-03-11,0.006909619354203609
2022-03-14,-0.00537133315979968
2022-03-15,0.014397086899684858
2022-03-16,0.011944703572754862
2022-03-17,-0.004566779346343969
2022-03-18,0.007137418564240009
2022-03-21,-0.006419465488030748
2022-03-22,0.010162819617342146
2022-03-23,-0.008552796924284099
2022-03-24,0.006095131570148675
2022-03-25,-0.005118607064528949
2022-03-28,0.008183175273012622
2022-03-29,0.0026258796340678874
2022-03-30,-0.009618989057537828
2022-03-31,-0.00943564573068433
2022-04-01,-0.006011017383123534
2022-04-04,0.010009624882460008
2022-04-05,-0.00813495458170601
2022-04-06,-0.013277329393492682
2022-04-07,-0.00019944804277765503
2022-04-08,-0.009059487515724692
2022-04-11,-0.002912429030048286
2022-04-12,-0.0035587279194445754
2022-04-13,-0.01441378922087692
2022-04-14,-0.003954353897693754
2022-04-18,0.008842799925546483
2022-04-19,-0.011000646480299884
2022-04-20,0.0016537421305340503
2022-04-21,-0.002367342651566915
2022-04-22,-0.0030407439249389876
2022-04-25,-0.008364850587075241
2022-04-26,0.009754707175333848
2022-04-27,-0.00617110040235238
2022-04-28,-0.0031521290568331715
2022-04-29,-0.0007980579748652458
2022-05-02,0.005436142710405387
2022-05-03,-0.0013729462670049198
2022-05-04,0.0015721793372632273
2022-05-05,0.011114064721287717
2022-05-06,0.01870384169842708
2022-05-09,0.013819292474584648
2022-05-10,0.0014407752978449254
2022-05-11,0.006970472910889423
2022-05-12,-0.008048735420217326
2022-05-13,0.0013668401287747977
2022-05-16,-0.00237819902010682
2022-05-17,0.005838632218445791
2022-05-18,-0.015489669923687449
2022-05-19,-0.002424700723814085
2022-05-20,-0.009863075867882804
2022-05-23,0.006735208090891593
2022-05-24,-0.0051484215597019855
2022-05-25,0.0028948978978086642
2022-05-26,0.006048714305903469
2022-05-27,0.008654940449020956
2022-05-31,0.004001411598372947
2022-06-01,0.004086109251601989
2022-06-02,0.004828764675376761
2022-06-03,-0.007591898174313982
2022-06-06,-0.002125675337949184
2022-06-07,0.0031072887454983546
2022-06-08,-0.002092372967421824
2022-06-09,0.0034819851885840337
2022-06-10,-0.0048345122421667944
2022-06-13,-0.0113322780902909
2022-06-14,0.008071218256971085
2022-06-15,0.010145555582304013
2022-06-16,-0.0163921443163145
2022-06-17,0.00297327534655767
2022-06-21,0.0033335758525009874
2022-06-22,-0.0055196346740125505
2022-06-23,-0.009294233913441967
2022-06-24,0.01485941745310614
2022-06-27,-0.002921717993703175
2022-06-28,-0.00639986924087579
2022-06-29,-0.00771192736988164
2022-06-30,-0.007120733461673982
2022-07-01,-0.011967527392902093
2022-07-05,0.016224753881526444
2022-07-06,0.0007355014861679311
2022-07-07,0.014223068509879326
2022-07-08,-0.00028024365225286056
2022-07-11,-0.00794630653370308
2022-07-12,0.004069298424654537
2022-07-13,0.004447967087028066
2022-07-14,-0.016601033329621123
2022-07-15,-0.009612830487526555
2022-07-18,-0.009972654922721879
2022-07-19,-0.014769588983844326
2022-07-20,-0.018688616656045022
2022-07-21,-0.0057461411419868925
2022-07-22,0.009076646795160792
2022-07-25,0.007210360323868126
2022-07-26,0.015223571881160504
2022-07-27,-0.02236414883970444
2022-07-28,-0.0020642562785461245
2022-07-29,-0.002639568159246439
2022-08-01,-0.005463960258439413
2022-08-02,0.005349083906702137
2022-08-03,-0.01842209982917945
2022-08-04,-0.0063154545346560285
2022-08-05,0.006982173229483897
2022-08-08,0.002194485969887858
2022-08-09,0.016202089247032883
2022-08-10,-0.01889131237739877
2022-08-11,-0.002092490966627348
2022-08-12,-0.007666234190658878
2022-08-15,0.005617387622603485
2022-08-16,-0.007098496293251936
2022-08-17,-0.005340289726558506
2022-08-18,-0.0021525856396952168
2022-08-19,-0.012212612988869796
2022-08-22,-0.006212364683969535
2022-08-23,-0.006971352214732032
2022-08-24,-0.00393621202524707
2022-08-25,0.003937146863978059
2022-08-26,-0.011116586401218391
2022-08-29,-0.01082880572001502
2022-08-30,0.004627349713919284
2022-08-31,0.0008085134145633882
2022-09-01,0.00013054086331758016
2022-09-02,-0.00726282981949572
2022-09-06,0.0009367975843674005
2022-09-07,0.004688547504993965
2022-09-08,0.00022314977038425619
2022-09-09,0.0028857040228709254
2022-09-12,-0.0032433787345124954
2022-09-13,0.0014160543445633257
2022-09-14,0.0019907882864408553
2022-09-15,0.010183113262332797
2022-09-16,-0.00010224346315456843
2022-09-19,-0.0015925592491570625
2022-09-20,-0.0014526103258677577
2022-09-21,-0.0013885141195648537
2022-09-22,0.004694946604528563
2022-09-23,-0.002862208631594711
2022-09-26,-0.002079832289656495
2022-09-27,0.001010995900209041
2022-09-28,0.012456982338031174
2022-09-29,0.000767604158284013
2022-09-30,0.00048452388355547634
2022-10-03,-0.004121768994150745
2022-10-04,0.005303092689789674
2022-10-05,0.00017788384461172118
2022-10-06,0.0008980593185029295
2022-10-07,0.006877407413333585
2022-10-10,0.006205023192286253
2022-10-11,0.0030862873039984575
2022-10-12,-0.010173427899419286
2022-10-13,0.008989176012813765
2022-10-14,0.0031466815460061514
2022-10-17,0.004240518001351032
2022-10-18,-0.0044232962747967055
2022-10-19,0.006332341796056597
2022-10-20,-0.005085275893120125
2022-10-21,-0.0012049543556925098
2022-10-24,-0.003003172639466666
2022-10-25,-0.0003050417611654077
2022-10-26,-0.008459928149909226
2022-10-27,-0.0022309521312726234
2022-10-28,-0.0028136664239251374
2022-10-31,-0.0022534691275773087
2022-11-01,0.003497115796167947
2022-11-02,-0.0003604468913424473
2022-11-03,-0.013707845040288394
2022-11-04,0.004268505293225787
2022-11-07,0.0047274722725198
2022-11-08,-0.0040697588335856455
2022-11-09,-0.00011816127536124767
2022-11-10,-0.00988256906352483
2022-11-11,-0.00885626240726773
2022-11-14,0.00967430003670582
2022-11-15,2.3575127180576397e-05
2022-11-16,0.0003221390833100168
2022-11-17,0.0072789473486591545
2022-11-18,-0.002107487500965247
2022-11-21,-0.0040242369876091425
2022-11-22,0.0034739977147180585
2022-11-23,0.002104998231638615
2022-11-25,-0.003952597279039318
2022-11-28,9.648983525862458e-05
2022-11-29,-0.009727759460480349
2022-11-30,0.0063496903670631506
2022-12-01,-0.002956965817205391
2022-12-02,-0.003415856593368584
2022-12-05,-0.002107986874537391
2022-12-06,-0.0017111655185250883
2022-12-07,0.004331394525359023
2022-12-08,-0.0011037867606986025
2022-12-09,-0.0011077094751767273
2022-12-12,-0.00592540725561643
2022-12-13,0.005619773663481252
2022-12-14,0.010208379570808003
2022-12-15,0.00016400832363631677
2022-12-16,0.0017670098542151497
2022-12-19,0.004036966952313913
2022-12-20,0.0034340137525535495
2022-12-21,0.0025828093681408196
2022-12-22,-0.0012198901212856568
2022-12-23,0.0003537678865431104
2022-12-27,0.0011735695363226178
2022-12-28,0.0006268382639108764
2022-12-29,-0.007534542935889653
2022-12-30,0.0004381510827744741
2023-01-03,0.00512163152220329
2023-01-04,0.01768908990981822
2023-01-05,0.007339220033545919
2023-01-06,0.004669935645812558
2023-01-09,0.012682877319718237
2023-01-10,0.004555542830175157
2023-01-11,0.0026035210414951594
2023-01-12,0.0040015806085090515
2023-01-13,0.0026322398007421776
2023-01-17,0.0026370738228990525
2023-01-18,-0.0006366973310124443
2023-01-19,-0.003957326882145371
2023-01-20,0.013936039039353457
2023-01-23,0.01604888298515375
2023-01-24,-0.00534174044451691
2023-01-25,0.004345021568679632
2023-01-26,0.001713985885445671
2023-01-27,0.011402646940536875
2023-01-30,-0.010505922668235978
2023-01-31,0.012484688567593938
2023-02-01,0.01949781186754846
2023-02-02,0.02868109575063464
2023-02-03,-0.00944545366377279
2023-02-06,-0.003561442738608957
2023-02-07,0.005332383034250403
2023-02-08,-0.008403991481102392
2023-02-09,-0.006527357414984866
2023-02-10,-0.023338781030031994
2023-02-13,-0.015230364835343395
2023-02-14,-0.003094325047144438
2023-02-15,-0.01160700986599777
2023-02-16,0.008916055743011351
2023-02-17,-0.003380276365930912
2023-02-21,0.009381320709085837
2023-02-22,-0.004154064765777111
2023-02-23,-0.001195423693257498
2023-02-24,0.006564254725802114
2023-02-27,0.0008466080293622562
2023-02-28,-0.008615302978253452
2023-03-01,0.007319278605229407
2023-03-02,0.0026845741452153327
2023-03-03,-0.004795447873100112
2023-03-06,-0.001710194988340239
2023-03-07,8.994978173479929e-05
2023-03-08,-0.003777621952149835
2023-03-09,0.0029042273101548485
2023-03-10,0.0101596928246478
2023-03-13,-0.006425211117046479
2023-03-14,-0.00423159427056839
2023-03-15,-0.0019123361752316544
2023-03-16,0.010920652107680527
2023-03-17,0.002642242460484318
2023-03-20,-0.0025899691714018585
2023-03-21,8.742400203157479e-05
2023-03-22,0.0060265553200559525
2023-03-23,0.010411207703879
2023-03-24,-0.0036639154840095636
2023-03-27,-0.002194355505714356
2023-03-28,-0.0014054682958872878
2023-03-29,0.006759594511980674
2023-03-30,0.0023909535857316293
2023-03-31,-0.0030675011024268906
2023-04-03,0.001459844583597929
2023-04-04,-0.0016305367020528823
2023-04-05,-0.0001165642322583848
2023-04-06,0.0006704469943462983
2023-04-10,-0.0005218968094878244
2023-04-11,-0.006584043659094664
2023-04-12,-0.004191588344694469
2023-04-13,0.0018161444205818061
2023-04-14,6.219140255681477e-05
2023-04-17,-0.00112290084634316
2023-04-18,-0.0015528325740540106
2023-04-19,-0.00473955675877791
2023-04-20,-0.005723367082688343
2023-04-21,0.0011252361053670902
2023-04-24,-0.0071694043944607625
2023-04-25,0.0005988084598166766
2023-04-26,-0.0019491606421834621
2023-04-27,0.010366575190934675
2023-04-28,-0.0006027097638693552
2023-05-01,-0.003065438861726516
2023-05-02,-0.005708069661907693
2023-05-03,-0.0002901814325984707
2023-05-04,-0.0015611645229295775
2023-05-05,0.005556526424757299
2023-05-08,0.004055956534758718
2023-05-09,-0.0035881384939393285
2023-05-10,-0.0008555902398557861
2023-05-11,0.0018276868730734736
2023-05-12,-0.005618575725395367
2023-05-15,-0.004195416490031283
2023-05-16,-0.0005345025630336853
2023-05-17,0.0013213473882568634
2023-05-18,-2.270972370206114e-05
2023-05-19,-0.0015326738982903226
2023-05-22,0.00023535255552052588
2023-05-23,0.005782326224418475
2023-05-24,8.706685486905011e-05
2023-05-25,-0.0008707472371836227
2023-05-26,0.005386809648847383
2023-05-30,0.004244716607688794
2023-05-31,0.0008128366110358747
2023-06-01,-0.00468869815909406
2023-06-02,-0.0076048201292039114
2023-06-05,-0.0016176440836700996
2023-06-06,0.001992240019453452
2023-06-07,0.005442059153962607
2023-06-08,0.0003214430396623398
2023-06-09,-0.003862259522992316
2023-06-12,0.0018242754238988416
2023-06-13,0.003121025794298334
2023-06-14,0.0016543451788708355
2023-06-15,-0.003910578810749616
2023-06-16,0.0013750003785769046
2023-06-20,0.004210341040288489
2023-06-21,-0.004084195511075306
2023-06-22,0.0005461672391056861
2023-06-23,-0.0028450551425112424
2023-06-26,-0.002625926438913318
2023-06-27,0.008872720434935075
2023-06-28,0.004648179277847182
2023-06-29,-0.005411311044777551
2023-06-30,0.004802473580372142
2023-07-03,0.008388834882596036
2023-07-05,-5.2152056133312596e-05
2023-07-06,-0.003386755664030161
2023-07-07,0.002522775478735074
2023-07-10,-0.004177922859763942
2023-07-11,-0.000877348095285633
2023-07-12,-0.004382195657998037
2023-07-13,-0.000266049881879961
2023-07-14,-0.011031759647728066
2023-07-17,-0.005982071459075994
2023-07-18,-0.0020608668155225364
2023-07-19,0.002332046068391295
2023-07-20,-0.00932575206295636
2023-07-21,-0.00013662052192377357
2023-07-24,-0.004567475189144606
2023-07-25,0.0010254214595532894
2023-07-26,0.0004500331932376049
2023-07-27,-0.003914785231148658
2023-07-28,0.008986059149617818
2023-07-31,-0.004524352987712491
2023-08-01,-0.005995485441515038
2023-08-02,0.00036679410871957543
2023-08-03,0.0016338552248079767
2023-08-04,-0.00039003811371082477
2023-08-07,0.004337563534942974
2023-08-08,-0.001773437543495549
2023-08-09,-0.004564440707573707
2023-08-10,-0.0004538952927819141
2023-08-11,-0.0014075900781944926
2023-08-14,0.0063908595963852064
2023-08-15,-0.009920555100015865
2023-08-16,-0.00895735056467708
2023-08-17,-0.0030006115231149613
2023-08-18,-0.0003273949633513239
2023-08-21,0.01354237414898648
2023-08-22,0.0003939923156569226
2023-08-23,0.009307474217550788
2023-08-24,-0.01129999217065486
2023-08-25,0.0006955326127704063
2023-08-28,5.2806302844942126e-05
2023-08-29,0.01267813395808564
2023-08-30,0.00046664248169987966
2023-08-31,0.008979869224656519
2023-09-01,-0.0027024020634641038
2023-09-05,0.006440019545701666
2023-09-06,-0.0013525898624108692
2023-09-07,-0.010333990670706119
2023-09-08,-0.0004947044842663269
2023-09-11,0.005608693588120681
2023-09-12,-0.005533280219897271
2023-09-13,0.0014443287480303128
2023-09-14,-0.005184134289402647
2023-09-15,-0.0010635358807646745
2023-09-18,-0.0011714248994237528
2023-09-19,0.0009503421670280167
2023-09-20,-0.004614109963984598
2023-09-21,0.00028483885475164467
2023-09-22,-0.0008617221350162657
2023-09-25,-0.0029493463912154
2023-09-26,-0.0026765238301554245
2023-09-27,-0.004983349845108747
2023-09-28,0.0011282538484399117
2023-09-29,0.006483500119474128
2023-10-02,0.002929432925356463
2023-10-03,-0.0028661301385755574
2023-10-04,0.004513498311061053
2023-10-05,-0.0018699233855973974
2023-10-06,0.00011409577742460542
2023-10-09,-0.00688653222514898
2023-10-10,0.0007797506686203976
2023-10-11,-0.0041959207272383135
2023-10-12,-0.001697505189365412
2023-10-13,-0.006992433570376752
2023-10-16,-0.0008124140622348759
2023-10-17,-0.0013829703937233947
2023-10-18,0.004338890443797868
2023-10-19,0.0035505511710625134
2023-10-20,-0.00043433016996443583
2023-10-23,7.720180387885574e-05
2023-10-24,0.009086525821047582
2023-10-25,0.002727595728337866
2023-10-26,0.003996505806156041
2023-10-27,0.0072924761209494935
2023-10-30,0.00017875377038480448
2023-10-31,-0.00010776209834205607
2023-11-01,0.00781265095073149
2023-11-02,0.00018240004935130146
2023-11-03,0.0015813173740058747
2023-11-06,-0.0020074123438572028
2023-11-07,-0.0009807993368772378
2023-11-08,-0.002001981059730393
2023-11-09,-0.0014929382244216816
2023-11-10,0.006939013440028943
2023-11-13,-0.011601943515211634
2023-11-14,0.016847215102722496
2023-11-15,0.00929712779989429
2023-11-16,-0.005133853714881397
2023-11-17,0.00514017589685231
2023-11-20,0.002772303190852741
2023-11-21,-0.010265170364942908
2023-11-22,-0.0005546701451660455
2023-11-24,-0.002601201624488067
2023-11-27,0.002916135451663578
2023-11-28,0.0028319756697796493
2023-11-29,0.003278755156748792
2023-11-30,-0.009507819186779318
2023-12-01,0.008262948737260415
2023-12-04,-0.005106858207686375
2023-12-05,0.0009544936571789144
2023-12-06,0.002046436485782901
2023-12-07,0.01715269697876829
2023-12-08,0.005883573206311573
2023-12-11,0.00021402289844019333
2023-12-12,-0.000516643713961884
2023-12-13,-0.020012333372468546
2023-12-14,-0.0020866207469619957
2023-12-15,0.005428666955310739
2023-12-18,0.00014082287174034013
2023-12-19,-0.0031749091982689916
2023-12-20,0.0011080738256925365
2023-12-21,0.0019790174699628594
2023-12-22,-0.001926945807521455
2023-12-26,-0.0027703441943620673
2023-12-27,-0.0029610368478944177
2023-12-28,2.2993132918069954e-05
2023-12-29,-0.0014806449980784542
2024-01-02,-0.013530039755968573
2024-01-03,-0.010191990796690004
2024-01-04,0.005832906448702411
2024-01-05,0.009682523811399925
2024-01-08,0.0030603512500194286
2024-01-09,-0.004313059800895351
2024-01-10,-0.0034448121744651
2024-01-11,-0.004150317465117735
2024-01-12,-0.020051910184902266
2024-01-16,0.005413933140638336
2024-01-17,0.002622940647251766
2024-01-18,0.008220163583433363
2024-01-19,0.008684937587687609
2024-01-22,-0.00882309261948779
2024-01-23,0.00471991446362576
2024-01-24,0.013294420829560118
2024-01-25,0.009905766650851178
2024-01-26,-0.0037272351433173066
2024-01-29,0.0018156840591050548
2024-01-30,-0.007497056410362678
2024-01-31,-0.004650231569195123
2024-02-01,-0.00011351584218820135
2024-02-02,0.015124872017460905
2024-02-05,0.003463774083379704
2024-02-06,-0.0017751378504530877
2024-02-07,0.0018642681036857523
2024-02-08,-0.006779223348890198
2024-02-09,0.0028758741708564363
2024-02-12,-0.007516318426271335
2024-02-13,0.005794198337148
2024-02-14,-0.004957019354751072
2024-02-15,0.002994285166231641
2024-02-16,-0.0034357167604828626
2024-02-20,0.003491025554286213
2024-02-21,0.0026606593749808555
2024-02-22,0.000856936873194703
2024-02-23,-0.004120797666499409
2024-02-26,-0.0013892756795557816
2024-02-27,-0.0018740471240750198
2024-02-28,-8.22338837992861e-06
2024-02-29,0.0009231865645308707
2024-03-01,-0.004955718511303537
2024-03-04,-0.005608422273436561
2024-03-05,0.0024656638011350276
2024-03-06,-0.004652037822578678
2024-03-07,-0.00016072496255514212
2024-03-08,-0.0038600286402915946
2024-03-11,-0.004094405281059524
2024-03-12,0.0013496387436046377
2024-03-13,0.002415442912390042
2024-03-14,0.007161199844945014
2024-03-15,-0.00046377864803076336
2024-03-18,0.005293995897280493
2024-03-19,-0.005854369651649843
2024-03-20,0.005811860620938456
2024-03-21,0.0029685651733892446
2024-03-22,0.002185660798709024
2024-03-25,0.006089706654339326
2024-03-26,-0.0005485832107004043
2024-03-27,-0.007161972396061914
2024-03-28,-0.002501264729297385
2024-04-01,0.006978246752848452
2024-04-02,0.005611093666484072
2024-04-03,0.004375434090098577
2024-04-04,-0.0021749710178179415
2024-04-05,0.0077647840600619565
2024-04-08,0.0012073186503980182
2024-04-09,-0.0018749447909250055
2024-04-10,0.003629635460720356
2024-04-11,0.004502328322582342
2024-04-12,-0.002965144169687713
2024-04-15,-0.00039263486460833983
2024-04-16,-0.0009347980757319447
2024-04-17,-0.011348387307796302
2024-04-18,-0.0030099271913313387
2024-04-19,-0.026084080002299385
2024-04-22,0.007513568580352643
2024-04-23,0.00893556244134576
2024-04-24,-0.0030007107000860063
2024-04-25,-0.002297946541486018
2024-04-26,0.03048326690721005
2024-04-29,-0.007685360872336854
2024-04-30,-0.006744190896847808
2024-05-01,-0.0035439544557397317
2024-05-02,0.009868519710448621
2024-05-03,0.011840385966932572
2024-05-06,0.01120401336864172
2024-05-07,-0.003870432113902466
2024-05-08,-0.0007821799590155491
2024-05-09,-0.00614193262939633
2024-05-10,-0.002211225941979884
2024-05-13,-0.0009350496831651547
2024-05-14,0.005826876886583315
2024-05-15,-0.010187427759243726
2024-05-16,-0.0003037500660336875
2024-05-17,-0.00015158848402625237
2024-05-20,0.0011006033039008714
2024-05-21,-0.0017891187880834534
2024-05-22,-0.000692609408390746
2024-05-23,-0.006948027521404771
2024-05-24,0.0031020403559357127
2024-05-28,-0.001185091654216382
2024-05-29,-0.0068749983733289565
2024-05-30,0.0072354852198638735
2024-05-31,-0.0011671100736155707
2024-06-03,0.0038681286244215967
2024-06-04,2.6115807970238935e-05
2024-06-05,-0.0018617779356163281
2024-06-06,-0.0047028889381273845
2024-06-07,-0.0021785264014797415
2024-06-10,-0.003557521954731589
2024-06-11,-0.0008482518401379022
2024-06-12,0.00044638412767799093
2024-06-13,0.0018361435396962924
2024-06-14,-0.008859415071631405
2024-06-17,0.012335789081910542
2024-06-18,-0.0034793266364519203
2024-06-20,-0.010706070076358891
2024-06-21,-0.003110755955129425
2024-06-24,-0.008447485310851084
2024-06-25,0.012756995391480985
2024-06-26,0.008697808241471467
2024-06-27,0.0046629327029570474
2024-06-28,-0.0020268581016182367
2024-07-01,0.015000225564349974
2024-07-02,0.013370236751956668
2024-07-03,0.013619960706799765
2024-07-05,0.008319292565790145
2024-07-08,0.003662991087120573
2024-07-09,0.0039689825658994465
2024-07-10,-0.0005356271473844586
2024-07-11,-0.023470957331209498
2024-07-12,-0.001056713591158253
2024-07-15,0.0007944134468250306
2024-07-16,-0.007949897873925816
2024-07-17,-0.0012441078253623804
2024-07-18,0.0009985891061609776
2024-07-19,-0.005807497864447033
2024-07-22,-0.010691603378725382
2024-07-23,-0.003749358137571912
2024-07-24,-0.0011288188785582545
2024-07-25,-0.020663059237097124
2024-07-26,-0.002018832494586527
2024-07-29,-0.0045462804253734255
2024-07-30,0.0011407708671276003
2024-07-31,-0.0011744094312664494
2024-08-01,-0.005417823725325755
2024-08-02,-0.01924315733179246
2024-08-05,-0.0017510622159774398
2024-08-06,0.0017214293844104406
2024-08-07,0.0036314339824589786
2024-08-08,0.004836646216056597
2024-08-09,-0.00118840073227501
2024-08-12,-0.00043532797925172176
2024-08-13,-0.0006329690024545363
2024-08-14,0.0012689305747031615
2024-08-15,-0.0005127806734146149
2024-08-16,-0.0022109592294013007
2024-08-19,-0.001299668832124407
2024-08-20,0.002717803179648057
2024-08-21,-0.0017311675973488573
2024-08-22,-0.005961380804277576
2024-08-23,0.001976101502802435
2024-08-26,-0.004743107471257631
2024-08-27,0.002695825561066141
2024-08-28,-0.0052417805135510556
2024-08-29,0.007257772572408254
2024-08-30,0.003587775784406812
2024-09-03,-0.0056123248047806
2024-09-04,0.0025436630542661496
2024-09-05,0.008951493279123165
2024-09-06,-0.006108400478456365
2024-09-09,0.005680028953502893
2024-09-10,0.00042520408144467353
2024-09-11,0.008646372312419368
2024-09-12,0.0032357361738490137
2024-09-13,0.0024729506971141848
2024-09-16,0.002690216112602494
2024-09-17,-0.00013724486702029802
2024-09-18,-0.00046536285128831776
2024-09-19,-0.001240487720077084
2024-09-20,0.009811149075635881
2024-09-23,-0.000357930705391862
2024-09-24,0.004819765892027417
2024-09-25,0.005030869694268395
2024-09-26,0.005028178916546188
2024-09-27,-0.006367282708367158
2024-09-30,-0.0026888148565757434
2024-10-01,-0.0036224581985838133
2024-10-02,-0.0022309607660656906
2024-10-03,-0.004047465870428516
2024-10-04,0.01326799174070164
2024-10-07,-0.001495339288225
2024-10-08,0.01372686134409083
2024-10-09,0.002455901507295454
2024-10-10,-0.002414729251173013
2024-10-11,-0.001989706057165004
2024-10-14,-0.0023036874170160202
2024-10-15,-0.002514509436996233
2024-10-16,0.002269613726776625
2024-10-17,0.001503094406560108
2024-10-18,-0.0033495193631931305
2024-10-21,0.006750596971459274
2024-10-22,0.007089532089350425
2024-10-23,-0.0021174842588180536
2024-10-24,0.00032756426793309484
2024-10-25,0.0009706086183230697
2024-10-28,0.006817031816901765
2024-10-29,0.00711885634250202
2024-10-30,-0.0033247124515799428
2024-10-31,-0.009253348391458237
2024-11-01,-0.002246842531482619
2024-11-04,-0.00554759325060896
2024-11-05,0.00801310364880731
2024-11-06,0.04635641883534242
2024-11-07,-0.011796203251752022
2024-11-08,-0.0022586288565273394
2024-11-11,0.0058422321485593455
2024-11-12,0.00653614246317309
2024-11-13,-0.005440427349972132
2024-11-14,-0.005442598054850676
2024-11-15,0.010582617650111351
2024-11-18,0.0035652183198080765
2024-11-19,0.006302982550843101
2024-11-20,-0.0016162801991737965
2024-11-21,-0.00283431503593774
2024-11-22,0.007884194418290415
2024-11-25,-0.012902938987299679
2024-11-26,-0.0020513995623704906
2024-11-27,-0.004514116008834271
2024-11-29,0.003160298787100954
2024-12-02,0.00399236793588865
2024-12-03,-0.0024859116041191674
2024-12-04,0.00649453372689653
2024-12-05,0.01027836914056231
2024-12-06,0.005130011798608396
2024-12-09,-0.012545949231282287
2024-12-10,0.0060846641512419695
2024-12-11,0.010945699525761923
2024-12-12,0.004168048824087445
2024-12-13,0.001079167316428185
2024-12-16,0.02584990250244202
2024-12-17,0.011873247684100216
2024-12-18,-0.017070508970119195
2024-12-19,0.0007771130337554526
2024-12-20,-0.008948261504611131
2024-12-23,0.002430483047149285
2024-12-24,0.011543226048478614
2024-12-26,-0.0052297604794590705
2024-12-27,-0.01197297844019445
2024-12-30,-0.0031017554809838117
2024-12-31,-0.010725120453270641
2025-01-02,-0.0021329971696168984
2025-01-03,0.0010575542266916297
2025-01-06,0.00028196201245042575
2025-01-07,-0.004210808901448868
2025-01-08,-0.007789495672019628
2025-01-10,-0.008791859765384269
2025-01-13,-0.009818120238153585
2025-01-14,-0.0015849280767954554
2025-01-15,0.0014882481412904533
2025-01-16,-0.012958502900806555
2025-01-17,0.01141600621141121
2025-01-21,-0.005763518384907102
2025-01-22,0.0064224883243288265
2025-01-23,-0.005308515791058107
2025-01-24,-0.003986762963478085
2025-01-27,-0.021937664097676113
2025-01-28,0.00661364330947568
2025-01-29,0.0002785809052954856
2025-01-30,1.5669428227112528e-05
2025-01-31,-0.001383309838755446
2025-02-03,-0.0028010897264223933
2025-02-04,0.011180958916717856
2025-02-05,-0.004883209339545177
2025-02-06,0.008060107958488626
2025-02-07,0.0045438125009212675
2025-02-10,0.010893010875720087
2025-02-11,-0.0023268374913452796
2025-02-12,0.01247824679839676
2025-02-13,0.013166002757110787
2025-02-14,0.009774950896071109
2025-02-18,0.006888422331454588
2025-02-19,0.007894161741887241
2025-02-20,-0.011217365814849034
2025-02-21,-0.007056618890980988
2025-02-24,-0.016197579045819057
2025-02-25,-0.02121257344705676
2025-02-26,0.011431765171762625
2025-02-27,-0.02482815287649759
2025-02-28,-0.0018077134325962555
2025-03-03,-0.01375557505752015
2025-03-04,-0.0008544083303971147
2025-03-05,0.004794894882173075
2025-03-06,-0.017320873166907325
2025-03-07,0.00739574486436659
2025-03-10,-0.01844637136958115
2025-03-11,0.005208638295567357
2025-03-12,0.018329526891459995
2025-03-13,-0.011983676234911828
2025-03-14,0.01312806872914853
2025-03-17,-0.0020203504953597933
2025-03-18,-0.009818318205764601
2025-03-19,-0.004824203175209641
2025-03-20,0.0013976603770967898
2025-03-21,0.0024395173838782716
2025-03-24,0.003234352709561545
2025-03-25,-0.0008011920169237318
2025-03-26,-0.003219513262699942
2025-03-27,-0.003184370764569658
2025-03-28,-0.0020606106625549077
2025-03-31,-0.00040159979199938815
2025-04-01,-0.008311220170466547
2025-04-02,0.0016059392117229684
2025-04-03,-0.014448005555133455
2025-04-04,-0.006821947832515062
2025-04-07,0.00832539974948105
2025-04-08,-0.005006913252681944
2025-04-09,0.008841370061404357
2025-04-10,-0.01079887626677434
2025-04-11,-0.0016199351220411347
2025-04-14,3.736337566248191e-05
2025-04-15,0.007887963873218615
2025-04-16,-0.004233778552686138
2025-04-17,-0.009980450701397102
2025-04-21,0.0014307126433689915
2025-04-22,0.001237904617346171
2025-04-23,0.02211085930383217
2025-04-24,0.03754602885384553
2025-04-25,0.00442818443634913
2025-04-28,-0.0022544748452396953
2025-04-29,-0.013826819063936829
2025-04-30,-0.015989211632040486
2025-05-01,0.010775569074008477
2025-05-02,0.015494787401036164
2025-05-05,-0.00814934791470603
2025-05-06,0.007202898946342501
2025-05-07,0.00015143203553168557
2025-05-08,0.015207310494434695
2025-05-09,0.012768353880795506
2025-05-12,0.03692755188838889
2025-05-13,0.03311034532926706
2025-05-14,0.01345410106470911
2025-05-15,-0.017055269094315654
2025-05-16,-0.002595602176858015
2025-05-19,0.003504118707445181
2025-05-20,0.005051780379431471
2025-05-21,-0.0066295356333776
2025-05-22,-0.0035020460725782554
2025-05-23,0.004928278884623399
2025-05-27,-0.005129577713406343
2025-05-28,0.0020653716471557286
2025-05-29,0.001205156170744408
2025-05-30,0.004972281677743588
2025-06-02,0.00036842498775623434
2025-06-03,-0.0032699853711632633
2025-06-04,-0.0031052055933386683
2025-06-05,-0.0061282001771436456
2025-06-06,0.005575129607774555
2025-06-09,0.001976093664265155
2025-06-10,0.002495736004091854
2025-06-11,-0.0008596851144305669
2025-06-12,-9.730665390020743e-05
2025-06-13,-0.001096817347753107
2025-06-16,-0.0017726522106913246
2025-06-17,-0.0038735344823017884
2025-06-18,-0.003320621345322851
2025-06-20,1.8596343820468426e-05
2025-06-23,-0.007900490111468416
2025-06-24,0.005611832703368829
2025-06-25,0.010760167381195777
2025-06-26,0.007925982379077831
2025-06-27,-0.008495248003206177
2025-06-30,-0.00030028085563546606
2025-07-01,-0.011292885745354315
2025-07-02,0.012006069045330286
2025-07-03,0.006646278587023177
2025-07-07,-0.000986349568378576
2025-07-08,0.0038758151483130397
2025-07-09,0.0024671468344843192
2025-07-10,-0.001574518460581271
2025-07-11,0.005261983860098682
2025-07-14,-0.004952123900884999
2025-07-15,0.01019488031024424
2025-07-16,-0.008092424518895858
2025-07-17,0.002336588470922601
2025-07-18,0.003757011590974703
2025-07-21,0.00011434530913497897
2025-07-22,-0.0043051712962563545
2025-07-23,-0.015703328023216778
2025-07-24,-0.002476487850477462
2025-07-25,0.005144026815958017
2025-07-28,0.0029936739916650587
2025-07-29,-0.0069581960714866
2025-07-30,-0.0027505988634492786
2025-07-31,0.002688341725375757
2025-08-01,-0.01074470314285941
2025-08-04,0.0011105531890418605
2025-08-05,0.006029415316686645
2025-08-06,0.006934143621169216
2025-08-07,0.010676345932953935
2025-08-08,0.004102576204906016
2025-08-11,0.0043807238480770465
2025-08-12,0.008153225209921362
2025-08-13,-0.007730547912357824
2025-08-14,0.00030312888901648196
2025-08-15,-0.0026471078131733734
2025-08-18,0.0028576594948395797
2025-08-19,-0.014807137931046765
2025-08-20,-0.00838744747110498
2025-08-21,-0.002466949947028806
2025-08-22,0.012747569471497994
2025-08-25,0.006381635225748283
2025-08-26,0.0023611558776818193
2025-08-27,0.0031463458237548673
2025-08-28,0.004126189017531238
2025-08-29,-0.005502528834456113
2025-09-02,-0.005095523916991663
2025-09-03,0.001480475022822906
2025-09-04,0.0039308052664437055
2025-09-05,-5.949601500637321e-05
2025-09-08,0.00170403393539547
2025-09-09,0.00753287470441162
2025-09-10,0.010734764891555124
2025-09-11,-0.003478078920254466
2025-09-12,0.007597772433215776
2025-09-15,0.005403744171215552
2025-09-16,0.0020040204552199663
2025-09-17,0.0009261440173411363
2025-09-18,-0.005436036920320081
2025-09-19,-0.001318571858315631
2025-09-22,-0.0042858693284979375
2025-09-23,0.003233672578203138
2025-09-24,-0.001640882602655706
2025-09-25,0.0012045090848248308
2025-09-26,0.0005471450621056576
2025-09-29,0.003304797617742007
2025-09-30,-0.002306726135675937
2025-10-01,0.0008481407270601452
2025-10-02,-0.003746679770117649
2025-10-03,-0.00033655827484106477
2025-10-06,0.0011499377201908503
2025-10-07,0.0010762960760188978
2025-10-08,0.0022741389266696392
2025-10-09,0.0018012200432583503
2025-10-10,-0.0019357041265580378
2025-10-13,0.0012787227879417305
2025-10-14,0.004214375685302989
2025-10-15,0.005094708182415187
2025-10-16,-0.005361728371919873
2025-10-17,-0.015468692596236264
2025-10-20,0.0037902254409734088
2025-10-21,-0.0006554939295777713
2025-10-22,-0.006664039589359734
2025-10-23,-0.0008263941435611098
2025-10-24,0.007572220558181446
2025-10-27,0.006018611211815178
2025-10-28,0.005069783544456904
2025-10-29,0.01616398260794313
2025-10-30,-0.0105206442977192
2025-10-31,0.00065138105850892
2025-11-03,-0.00115355964686274
2025-11-04,-0.017630382191106034
2025-11-05,0.0063159827054754016
2025-11-06,-0.004585201819344718
2025-11-07,-0.0031121906492359514
2025-11-10,0.009333359863422167
2025-11-11,-0.0015980461010669667
2025-11-12,-0.0004688963822823228
2025-11-13,-0.007054415625727906
2025-11-14,0.0007043874104414298
2025-11-17,-0.010709844852421341
2025-11-18,-0.0023450049407412197
2025-11-19,0.003896999092658703
2025-11-20,-0.023794770683598466
2025-11-21,-0.008717891273158028
2025-11-24,0.018973786449478978
2025-11-25,-0.006462332733663452
2025-11-26,0.006984906058652297
2025-11-28,0.008574669429581924
2025-12-01,0.0027023777824708244
2025-12-02,0.0024681055945278236
2025-12-03,0.0034895021493915887
2025-12-04,0.0038055511700682827
2025-12-05,0.003973818054010893
2025-12-08,0.009101118778863323
2025-12-09,0.008013033996739534
2025-12-10,0.0006832677559552375
2025-12-11,-0.012998935827351848
2025-12-12,-0.016325454742604238
2025-12-15,-0.007695256847318613
2025-12-16,0.0010896008592407647
2025-12-17,-0.015557206270651706
2025-12-18,0.009861927485943158
2025-12-19,0.010628025557441413
2025-12-22,-0.00099197288572249
2025-12-23,-0.0005784802083207361
2025-12-24,0.0012270947718934664
2025-12-26,4.109671771708109e-06
2025-12-29,-0.005104069019675174
2025-12-30,-0.0005516275011140636
2025-12-31,-0.0002175199083471548
2026-01-02,-0.0015224463967515854
2026-01-05,0.003932330460942164
2026-01-06,-0.005159799563336556
2026-01-07,0.000324716165548034
2026-01-08,0.01600176431891755
2026-01-09,-0.006631891365062662
2026-01-12,0.0003308413104763087
2026-01-13,-0.0040126521835427455
2026-01-14,0.00680167986834091
2026-01-15,0.0015718680573990791
2026-01-16,0.0007361273746651349
2026-01-20,-0.0024688612090406846
2026-01-21,-0.0002971432346554642
2026-01-22,0.00924321633323828
2026-01-23,-0.009674495040694757
2026-01-26,0.003681126208678562
2026-01-27,-0.01549764603616348
2026-01-28,0.0042245547840006935
2026-01-29,-0.007245543883208315
2026-01-30,0.003582434807080752
2026-02-02,0.0022509756388271606
2026-02-03,0.005599516492109417
2026-02-04,-0.01199136638395852
2026-02-05,0.0013112843583380374
2026-02-06,-0.009044986491007689
2026-02-09,0.002880307426759198
2026-02-10,-0.0033763843769932
2026-02-11,-0.004112240463233409
2026-02-12,-0.009085137877867801
2026-02-13,-0.0021547518279149912
2026-02-17,-0.00019297117635511053
2026-02-18,0.005763738871417044
2026-02-19,-0.0036393876553640443
2026-02-20,-0.0019011163918134931
2026-02-23,0.013484100620202548
2026-02-24,0.0028079798087306588
2026-02-25,-0.0010138080109573886
2026-02-26,-0.011894768821012796
2026-02-27,0.0015888885038197343
2026-03-02,0.0033554066349288443
2026-03-03,-0.006863913528941598
2026-03-04,-1.957607559754339e-05
2026-03-05,-0.007757614284930603
2026-03-06,-0.001963328259743604
2026-03-09,0.0034089839888639018
2026-03-10,0.00937547820796456
2026-03-11,-0.006468071444334276
2026-03-12,0.0036277730819390223
2026-03-13,0.003052464146906568
2026-03-16,-0.0059365421354729735
2026-03-17,-0.00227947319874699
2026-03-18,-0.0009730922870507322
2026-03-19,0.00011240942212656228
2026-03-20,0.0032908413081062186
2026-03-23,-0.009140000128136086
2026-03-24,-0.008521610049030829
2026-03-25,-0.0021736657920407147
2026-03-26,0.027789141421939525
2026-03-27,-0.002245495392130506
2026-03-30,0.023888748169405186
2026-03-31,-0.019356232311553666
2026-04-01,-0.015317060426664983
2026-04-02,0.001862356890845142
2026-04-06,-0.00893769909069954
2026-04-07,-0.0027883125858616147
2026-04-08,-0.030340019010642812
2026-04-09,-0.013211507642475789
2026-04-10,-0.01349295157703711
2026-04-13,-0.007139299673397889
2026-04-14,-0.00993720625308915
2026-04-15,0.01354262119350239
2026-04-16,-1.5612480374491754e-05
2026-04-17,-0.008668803706071301
2026-04-20,-0.0005827290254187472
2026-04-21,-0.009422795852413016
2026-04-22,0.005861180738375199
2026-04-23,0.0020363370597382617
2026-04-24,-0.0027206787507175136
2026-04-27,0.0008709809882548303
2026-04-28,0.00805119690685454
2026-04-29,-0.0014090568167134192
2026-04-30,0.0004011182891887456
2026-05-01,-0.0044182411072622605
2026-05-04,0.001581002425247122
2026-05-05,0.005629082207361848
2026-05-06,-0.008284246370881902
2026-05-07,-0.012020623078557198
2026-05-08,0.0002728618250472938
2026-05-11,-0.0054759574251582125
2026-05-12,0.006069935929496062
2026-05-13,-0.0019629096889748864
2026-05-14,-0.005953427612632634
2026-05-15,0.002685760435893917
2026-05-18,0.004502488966254058
2026-05-19,0.008481377592202237
2026-05-20,-0.009262568316018197
2026-05-21,-0.010106437506534014
2026-05-22,-0.0007227200104331988
2026-05-26,-0.01640382602690918
2026-05-27,0.002622327842410086
2026-05-28,0.0019298632783308783
2026-05-29,0.011164976878243815
2026-06-01,0.012561990152843414
2026-06-02,-0.01538812031971525
2026-06-03,-0.019218942989959586
2026-06-04,0.009773959064447058
2026-06-05,0.018278385664358812
2026-06-08,-0.02069253218582985
2026-06-09,-0.0006287665956992833
2026-06-10,0.004893400902085702
2026-06-11,-0.033977247872106216
2026-06-12,-0.009422563184541823
2026-06-15,-0.006711702950656108
2026-06-16,0.015604041492716499
2026-06-17,-0.009400793423157439
2026-06-18,-0.026468676002465243
2026-06-22,-0.004733159115317417
2026-06-23,0.02221468701790106
2026-06-24,0.002240083251315151
2026-06-25,-0.0035764216547405094
2026-06-26,0.008909529607385643
2026-06-29,-0.00998608969022172
2026-06-30,-0.012465546220582133
2026-07-01,0.011846551386636007
2026-07-02,0.014325809568405616
2026-07-06,-0.009184699933594453
2026-07-07,0.008242344240029039
2026-07-08,-0.009165136324479047
2026-07-09,-0.00834445816081026
2026-07-10,0.001747802846171443
2026-07-13,0.00851476494306082
2026-07-14,-0.0018504105635715033
2026-07-15,-0.0011905276663084254
2026-07-16,0.01198489334787652
2026-07-17,0.0030538574777820987
2026-07-20,-0.0063660426710086685
2026-07-21,0.0018104911332010223
2026-07-22,-0.00902525317109878
2026-07-23,-0.010047595341807597
2026-07-24,0.020025583999538583
2026-07-27,0.014613334224523109
2026-07-28,0.02136220983748196
2026-07-29,0.01128209354813402
2026-07-30,-0.026504214137417423
2026-07-31,0.007602900733703266
2026-08-03,0.011852745338496694
2026-08-04,-0.0013464087296641781
2026-08-05,-0.0026331056907612383
2026-08-06,0.004510204782638583
2026-08-07,-0.003590946204165142
2026-08-10,0.0025355259827690765
2026-08-11,0.005589974357716236
2026-08-12,-0.012348667426023899
2026-08-13,0.006606623858130504
