date,0
2006-01-03,-0.003251097904494165
2006-01-04,0.0037237982897639532
2006-01-05,0.004495634324999494
2006-01-06,-0.004480731010389199
2006-01-09,-0.002455132852550746
2006-01-10,-0.004512070509447042
2006-01-11,0.0018441784910464727
2006-01-12,0.0035374391460671903
2006-01-13,-0.0014093315194540167
2006-01-17,-0.01100797831582251
2006-01-18,0.0011576683802761944
2006-01-19,0.001069432559303109
2006-01-20,-0.006283197514593598
2006-01-23,-0.00458572214534934
2006-01-24,-0.0013793950459896696
2006-01-25,0.0087296037923089
2006-01-26,0.0037576564903344283
2006-01-27,-0.007181420142656473
2006-01-30,-0.008786868130637528
2006-01-31,-0.004957698610579112
2006-02-01,0.010860991339220966
2006-02-02,0.0037063132002388803
2006-02-03,0.00023558570426627617
2006-02-06,-0.010396062084256589
2006-02-07,0.01713226828867612
2006-02-08,0.007767008509448296
2006-02-09,0.007001271554662217
2006-02-10,0.0036266831342637936
2006-02-13,0.001259537607230828
2006-02-14,0.0035987535066483163
2006-02-15,0.006047730371782129
2006-02-16,-0.004526918978149939
2006-02-17,0.002286698951934587
2006-02-21,-0.008970252216368938
2006-02-22,0.003643150920117488
2006-02-23,-0.0020061246146918827
2006-02-24,-0.0027257770814193734
2006-02-27,0.008589896461288972
2006-02-28,0.00818600512198165
2006-03-01,-0.0028184509126976454
2006-03-02,-0.006015969317472707
2006-03-03,0.002311233624740016
2006-03-06,0.009228152905539322
2006-03-07,0.004244255901751271
2006-03-08,-0.0017410867883315474
2006-03-09,0.0040933414056633895
2006-03-10,-0.003025466731945188
2006-03-13,0.0006975065745172866
2006-03-14,-0.00736207709323652
2006-03-15,-0.001978576085930671
2006-03-16,-0.006812478766791011
2006-03-17,0.0016800008957897925
2006-03-20,0.01240499620187648
2006-03-21,0.006754205043332751
2006-03-22,-0.0019141750521702225
2006-03-23,-0.011496225151417926
2006-03-24,0.0005723421109125583
2006-03-27,-0.002665442393501381
2006-03-28,-0.004888348380628051
2006-03-29,-0.0011584326293317489
2006-03-30,-0.0012290604820696062
2006-03-31,0.0020581957564854165
2006-04-03,0.002352697104403215
2006-04-04,-0.00392381220319131
2006-04-05,-0.006433743799564107
2006-04-06,-0.0034305010752831034
2006-04-07,-0.0001671669553034397
2006-04-10,-0.006598008629809759
2006-04-11,0.002661498539130655
2006-04-12,-0.0012808855930521263
2006-04-13,0.003732148511158274
2006-04-17,-0.009512519856257602
2006-04-18,-0.007390770972892172
2006-04-19,0.00018391765109218613
2006-04-20,0.004314166579437565
2006-04-21,-0.008649787329034774
2006-04-24,0.0023781122216151728
2006-04-25,0.008889215095937533
2006-04-26,0.0005442093202226012
2006-04-27,0.014503951037519133
2006-04-28,-0.0023871719009519064
2006-05-01,-0.0023665475757740813
2006-05-02,-0.006393790144112926
2006-05-03,0.005941906459598969
2006-05-04,0.006163412147200824
2006-05-05,-0.00536437146687377
2006-05-08,0.0016109358152719138
2006-05-09,-0.003942307999320655
2006-05-10,-0.012382694086612356
2006-05-11,0.0054664955660922165
2006-05-12,0.004536463985405241
2006-05-15,0.015340379661161495
2006-05-16,-0.0038033726438067863
2006-05-17,0.0017546729127022101
2006-05-18,-3.5163191584406066e-06
2006-05-19,0.0024979164416821693
2006-05-22,0.00045172465065015867
2006-05-23,-0.0011800939631041037
2006-05-24,0.008384964993604563
2006-05-25,-0.009039317446625884
2006-05-26,-0.003933688806458696
2006-05-30,0.0015929952873454697
2006-05-31,-0.004403419947228284
2006-06-01,0.0013732438744129458
2006-06-02,-0.004868380554086675
2006-06-05,0.006341070720603435
2006-06-06,0.004831602803725452
2006-06-07,0.007625981684986281
2006-06-08,-0.0011187289639612943
2006-06-09,-0.000988229652585596
2006-06-12,0.01002328553283518
2006-06-13,0.011766535728507548
2006-06-14,-0.007172900694118913
2006-06-15,0.0014601626229482762
2006-06-16,0.0010256547531841244
2006-06-19,0.008436613561352434
2006-06-20,0.0033941891105087
2006-06-21,-0.008231901208002415
2006-06-22,-0.002745852278626567
2006-06-23,-0.010266342251513098
2006-06-26,-0.002127780019505718
2006-06-27,-0.000979856804222604
2006-06-28,-0.0018016666954319101
2006-06-29,-0.005040790624018059
2006-06-30,-0.0052560373710537605
2006-07-03,-0.004182362083323917
2006-07-05,-0.000821600423138972
2006-07-06,0.00015095097152992087
2006-07-07,0.002330382963959669
2006-07-10,-0.005784858041124286
2006-07-11,-0.0035500927143965817
2006-07-12,-0.005943995249532217
2006-07-13,0.007170871362020228
2006-07-14,-0.004597125836558833
2006-07-17,0.018220290549135473
2006-07-18,0.00953155181148707
2006-07-19,-0.0014545335151868635
2006-07-20,0.011344833358611254
2006-07-21,0.010368856411286154
2006-07-24,-0.00420300152459246
2006-07-25,-0.011826014898424388
2006-07-26,-0.007134616589348525
2006-07-27,0.011040952212050354
2006-07-28,0.004056197838126735
2006-07-31,-0.010563127166356434
2006-08-01,-0.007361101429282014
2006-08-02,-0.0019208510696909313
2006-08-03,-0.003996340282070834
2006-08-04,0.0016475798385219493
2006-08-07,-0.006689559040679098
2006-08-08,0.0058416770841246985
2006-08-09,0.00664585673797103
2006-08-10,0.0011813187958681576
2006-08-11,0.0006058023424595517
2006-08-14,0.009774032885874952
2006-08-15,-0.0009026958852715694
2006-08-16,-0.0014666914166639984
2006-08-17,0.0028032330696388646
2006-08-18,-0.002251410047239546
2006-08-21,-0.00035648957500919877
2006-08-22,0.0005834237627841938
2006-08-23,0.004711168056580381
2006-08-24,-0.0013204228596637026
2006-08-25,0.0012334282861247517
2006-08-28,0.009242564372169443
2006-08-29,0.009029807112484627
2006-08-30,0.007563937801584859
2006-08-31,-0.0021827098778436386
2006-09-01,3.7950578540595775e-05
2006-09-05,-0.005702498420530072
2006-09-06,0.0047244949751431425
2006-09-07,0.004385132110106393
2006-09-08,0.006340897202974006
2006-09-11,0.01300396791927126
2006-09-12,-0.005228262649565519
2006-09-13,-0.008309441221831183
2006-09-14,0.005202905994829935
2006-09-15,-0.0020918126299483888
2006-09-18,-0.00959986765982869
2006-09-19,0.006002354578908493
2006-09-20,0.011490371219624497
2006-09-21,-0.000956946215751165
2006-09-22,0.0018390825269001569
2006-09-25,0.001080936807453615
2006-09-26,-0.00251392330762741
2006-09-27,-0.001176652536183091
2006-09-28,0.0018276508534724922
2006-09-29,0.002717639348974257
2006-10-02,-0.006082446131356279
2006-10-03,0.009700351680551781
2006-10-04,-0.0003763827301110864
2006-10-05,-0.012434045253285807
2006-10-06,0.004001194000055471
2006-10-09,0.004984245258985526
2006-10-10,-0.01147128499478172
2006-10-11,0.007634290233762461
2006-10-12,-0.005186902588684158
2006-10-13,-0.0014326472777558617
2006-10-16,-0.006759069785124605
2006-10-17,0.0016460001955396844
2006-10-18,0.00651331279846836
2006-10-19,-0.004987891606856197
2006-10-20,0.010124853707489232
2006-10-23,0.0024991597899403184
2006-10-24,-0.0108380695485621
2006-10-25,0.005408481841486794
2006-10-26,0.000927712655147177
2006-10-27,0.0017868055132206505
2006-10-30,0.0039543932347871815
2006-10-31,0.0004859900187791216
2006-11-01,0.0034701867200444348
2006-11-02,-0.00045310641895945767
2006-11-03,-0.005795866004118015
2006-11-06,0.0008836101354724067
2006-11-07,0.006533714821904871
2006-11-08,0.001559851317746132
2006-11-09,0.002467413808210718
2006-11-10,-0.0014734958259836
2006-11-13,0.0021073895286242233
2006-11-14,-0.001334018915724731
2006-11-15,-0.005764405342642692
2006-11-16,0.010336338387305244
2006-11-17,-0.0032237420852186545
2006-11-20,-0.006403500788995811
2006-11-21,-0.003194148984063047
2006-11-22,-0.0033605486369909054
2006-11-24,-0.0011595344904513562
2006-11-27,-0.00015107269358965626
2006-11-28,0.0011495400902648216
2006-11-29,-0.006615193512917448
2006-11-30,-0.003239697747761976
2006-12-01,-0.00466517694527281
2006-12-04,0.0007769570613748636
2006-12-05,-0.002425135410031804
2006-12-06,-0.004793277217526009
2006-12-07,-0.0033813561784943142
2006-12-08,-0.0015952685368288175
2006-12-11,0.0019345220708830004
2006-12-12,0.0035599297725642217
2006-12-13,8.42501942831587e-06
2006-12-14,0.00041542139273790374
2006-12-15,-0.0006061954764937583
2006-12-18,0.004089525649419448
2006-12-19,-0.0018444388442818926
2006-12-20,0.0029779106566466635
2006-12-21,0.0029481018337010525
2006-12-22,-0.0003565374212066424
2006-12-26,0.0012468922328787663
2006-12-27,-0.0030762533686078284
2006-12-28,0.0017470990807170305
2006-12-29,-0.000840595847876332
2007-01-03,0.009754801180360612
2007-01-04,0.010404153379181586
2007-01-05,-0.005471863457310786
2007-01-08,-0.005034206026370232
2007-01-09,0.007271322039002455
2007-01-10,0.006476933132268252
2007-01-11,0.0022114737320108255
2007-01-12,-0.006540926454530318
2007-01-16,0.0005955254203902449
2007-01-17,-0.008259618057510614
2007-01-18,-0.003933650311193885
2007-01-19,-0.012350759022021913
2007-01-22,-0.0008249944806408355
2007-01-23,-0.014271406041657456
2007-01-24,0.0037519389511613474
2007-01-25,0.006462422653662418
2007-01-26,-0.0014285906020314232
2007-01-29,0.004599805574587687
2007-01-30,-0.011114550095374601
2007-01-31,-0.002970431884030522
2007-02-01,-0.00321867698856466
2007-02-02,-0.002656311088154503
2007-02-05,0.004237252136921984
2007-02-06,0.001754588436591799
2007-02-07,0.0025750912695987668
2007-02-08,0.0008386940391198469
2007-02-09,0.0014064260993240127
2007-02-12,0.00661346398719107
2007-02-13,-0.004602894795644798
2007-02-14,-0.002096958661917537
2007-02-15,0.0028756920746114364
2007-02-16,-0.0012081831318596454
2007-02-20,0.0017918886770773653
2007-02-21,-0.0051958190748152226
2007-02-22,0.003554956288659118
2007-02-23,-0.0002593242910160345
2007-02-26,-0.0006724064853148818
2007-02-27,0.001720248125937188
2007-02-28,0.002386804940055825
2007-03-01,-0.002081038260350281
2007-03-02,-0.0007496437460549958
2007-03-05,0.005337935162138674
2007-03-06,-0.001689381685420268
2007-03-07,-0.00687390031340138
2007-03-08,0.0005275143231721907
2007-03-09,-0.0008487435946106583
2007-03-12,0.003354351761267933
2007-03-13,0.005279467231911992
2007-03-14,-0.0014432022070175066
2007-03-15,-0.003023251980157487
2007-03-16,0.006262995710860716
2007-03-19,-0.004930391907276085
2007-03-20,0.0007096526844434546
2007-03-21,-0.0016323508828342348
2007-03-22,0.002118669790854453
2007-03-23,-0.00621676823762735
2007-03-26,0.0033076569375364248
2007-03-27,0.0030165974097484186
2007-03-28,0.00034928031883758274
2007-03-29,-9.726349630549718e-05
2007-03-30,0.002563053533774334
2007-04-02,0.0003399985226173593
2007-04-03,0.0011718803586264234
2007-04-04,0.0003794588151156235
2007-04-05,0.0006140027834665115
2007-04-09,-0.002949836408858737
2007-04-10,-0.0007290447345154115
2007-04-11,-0.0002503492890407418
2007-04-12,-0.0006122552032255639
2007-04-13,0.002344898380005649
2007-04-16,-0.0077734896902240565
2007-04-17,0.003161459264751022
2007-04-18,0.0007664218939247074
2007-04-19,0.00475956248934646
2007-04-20,7.464142610119101e-06
2007-04-23,-0.0010605011449406803
2007-04-24,0.009959710319289786
2007-04-25,0.006640884002679516
2007-04-26,0.002703186006820742
2007-04-27,-0.001366126342903367
2007-04-30,0.0029252989891205834
2007-05-01,0.00026834895549588024
2007-05-02,-0.0018450515101367986
2007-05-03,0.000529275662418661
2007-05-04,0.0015092540927998741
2007-05-07,-0.0008001845865103913
2007-05-08,-0.0015936162628943892
2007-05-09,-0.0009224132037077898
2007-05-10,0.001056315535954559
2007-05-11,-0.0009719045597673124
2007-05-14,0.003075524449459287
2007-05-15,-0.0016826659578464765
2007-05-16,0.0009889769023890868
2007-05-17,-0.007247528095004477
2007-05-18,-0.0012407326010281195
2007-05-21,0.00039088075271921196
2007-05-22,0.003122548743671387
2007-05-23,-0.002265691308072185
2007-05-24,0.0036017435587577884
2007-05-25,0.0014675870277829222
2007-05-29,0.0010430291334474601
2007-05-30,-0.003487676877289115
2007-05-31,0.007141305233307208
2007-06-01,-0.0013830884626363988
2007-06-04,0.00014879401985110844
2007-06-05,0.00029892520069584413
2007-06-06,0.002296009156753293
2007-06-07,0.0031347157779625296
2007-06-08,-0.005861836719347244
2007-06-11,-0.003492615941228623
2007-06-12,0.0019938173934013377
2007-06-13,-0.007098113142275842
2007-06-14,-0.0011187853183206255
2007-06-15,0.001168544667236474
2007-06-18,0.0011031378642288776
2007-06-19,-0.0038717131593666906
2007-06-20,0.009568200978881655
2007-06-21,0.0005639370737936436
2007-06-22,-0.0006421071230426345
2007-06-25,0.006589158184286667
2007-06-26,0.00741807092534554
2007-06-27,0.003183302362893554
2007-06-28,0.002210160128104173
2007-06-29,-0.00046801667364184074
2007-07-02,0.00013743452847320167
2007-07-03,0.0025052841501667913
2007-07-05,0.0037392904347103104
2007-07-06,-0.002107441149602517
2007-07-09,0.0009304030048953529
2007-07-10,0.00396166453075134
2007-07-11,0.0010980188670220165
2007-07-12,-0.003000787581560001
2007-07-13,-0.0027290630362983774
2007-07-16,0.009095568558416657
2007-07-17,0.0032793969984763033
2007-07-18,-0.008073774297650766
2007-07-19,0.0030015969744305224
2007-07-20,0.0027998755721432944
2007-07-23,0.003563165152354171
2007-07-24,0.009169981513200736
2007-07-25,0.004727446202529322
2007-07-26,0.009122034622361812
2007-07-27,0.0028668483709177466
2007-07-30,-0.006433358607310691
2007-07-31,0.003961153754749966
2007-08-01,0.01154010028730347
2007-08-02,0.005879033816340339
2007-08-03,0.010529669132025545
2007-08-06,-0.0022526815041237712
2007-08-07,-0.010565555025757668
2007-08-08,-0.007820552580398488
2007-08-09,0.009215379107675135
2007-08-10,-0.003057735558441232
2007-08-13,0.0025398856042084484
2007-08-14,0.007521972142381214
2007-08-15,0.009564517289373855
2007-08-16,-0.009636496632776277
2007-08-17,-0.012074956724643352
2007-08-20,0.0036401401229701254
2007-08-21,0.007369987859608337
2007-08-22,-0.004766504865176864
2007-08-23,2.9223545009110007e-05
2007-08-24,-0.004359351234953115
2007-08-27,0.006894147471907655
2007-08-28,0.0059142664932365545
2007-08-29,0.000948417022694329
2007-08-30,0.004082436408055129
2007-08-31,-0.0035880125767435538
2007-09-04,-0.0026508527314159968
2007-09-05,0.0030099951710866124
2007-09-06,0.00010748344697309337
2007-09-07,-0.0029839168004000315
2007-09-10,0.004571715384400249
2007-09-11,0.003337591760872802
2007-09-12,-0.004184695384520673
2007-09-13,-0.011875653090235456
2007-09-14,-0.00465759216634105
2007-09-17,0.0035381592654640803
2007-09-18,-0.014146092253454036
2007-09-19,-0.0019468709351824496
2007-09-20,0.005394325377703736
2007-09-21,0.0006354773851025584
2007-09-24,0.012162580338223343
2007-09-25,0.007901369896287123
2007-09-26,-0.0036828064779749333
2007-09-27,-0.006489899849562882
2007-09-28,0.00016802094481560494
2007-10-01,-0.00669525965604007
2007-10-02,-0.003508331565223921
2007-10-03,-0.004022414147507793
2007-10-04,0.0010158863862933022
2007-10-05,-0.003415440632475249
2007-10-08,0.007775164015013167
2007-10-09,-0.0075246556844424176
2007-10-10,-0.003683635197993901
2007-10-11,-0.001617537497039404
2007-10-12,0.003154160298831764
2007-10-15,-0.00209628370618471
2007-10-16,0.008248410167944706
2007-10-17,0.012983171838935227
2007-10-18,-0.002694947183738281
2007-10-19,0.01589806113701697
2007-10-22,0.005612085198211459
2007-10-23,-0.002082586159153636
2007-10-24,-0.008142710773988376
2007-10-25,-0.010052125451949515
2007-10-26,-0.010447205672085146
2007-10-29,-0.0016671616853910305
2007-10-30,0.013321998763454882
2007-10-31,-0.005380993899311153
2007-11-01,0.011571794588522541
2007-11-02,0.004016837953087981
2007-11-05,0.006450727428072814
2007-11-06,-0.012177784900326031
2007-11-07,0.015785793687623742
2007-11-08,-0.015440746077346695
2007-11-09,-0.00033244966671358887
2007-11-12,0.02148083576087441
2007-11-13,-0.0054047192483333666
2007-11-14,-0.0030249643190681623
2007-11-15,0.018586378900458795
2007-11-16,-0.001355502195545571
2007-11-19,0.00802406541297981
2007-11-20,0.0028911837151455373
2007-11-21,0.007500677355105393
2007-11-23,-0.009391468333878437
2007-11-26,0.006340424696312789
2007-11-27,0.003429471799048564
2007-11-28,-0.008435946910502895
2007-11-29,-0.00018714548105090896
2007-11-30,-0.010240435015807034
2007-12-03,0.001780192561563215
2007-12-04,0.01012534371060519
2007-12-05,-0.00726264809443294
2007-12-06,-0.016940267948991387
2007-12-07,0.0006044558598764918
2007-12-10,-0.007137483309853844
2007-12-11,0.017698214121865355
2007-12-12,-0.0034752870313896215
2007-12-13,-0.0004442916399363065
2007-12-14,-1.961051923785271e-05
2007-12-17,-0.0007145701121023059
2007-12-18,-0.003947108188906297
2007-12-19,-0.0026527501766134645
2007-12-20,0.005969548133160945
2007-12-21,-0.009853715812411564
2007-12-24,-0.005469078834363221
2007-12-26,-0.003980708052253644
2007-12-27,0.003063152840214193
2007-12-28,-0.0017482501197386038
2007-12-31,-0.005970489436609863
2008-01-02,-0.007192841384339944
2008-01-03,-0.0045532468420684015
2008-01-04,0.005157616507032992
2008-01-07,0.0064867136684187135
2008-01-08,0.007753971652144098
2008-01-09,-0.005483374606958348
2008-01-10,-0.0020839651711987857
2008-01-11,-0.009906695394780061
2008-01-14,-0.00883175571141516
2008-01-15,0.014972015473635986
2008-01-16,0.012520206105848601
2008-01-17,0.0237057761331983
2008-01-18,-0.005344923079789408
2008-01-22,-0.010717582203512025
2008-01-23,-0.005528035751838173
2008-01-24,-0.005737605361348279
2008-01-25,-0.006117426054316257
2008-01-28,-0.007944843430683699
2008-01-29,-0.0007349251125241408
2008-01-30,0.006059738135221434
2008-01-31,-0.0018407016836304788
2008-02-01,-0.001346545384696714
2008-02-04,-0.0014360775623134345
2008-02-05,0.013854118479727243
2008-02-06,0.0016481333141645847
2008-02-07,-0.018896998995977153
2008-02-08,-0.0038992380147840457
2008-02-11,-0.0006588850590821911
2008-02-12,0.008794322862226764
2008-02-13,0.001425571639179479
2008-02-14,-0.005122180984448627
2008-02-15,-0.0016442720154897078
2008-02-19,-0.013315040747483598
2008-02-20,-0.0077233674842570816
2008-02-21,0.006213921882478798
2008-02-22,-0.0014095265020282266
2008-02-25,-0.00403657567479667
2008-02-26,0.00017077584942932431
2008-02-27,0.006995921436223495
2008-02-28,-0.0035512255161410985
2008-02-29,0.011869046301838285
2008-03-03,-0.0023368882672948708
2008-03-04,0.012874688810365994
2008-03-05,-0.008381375090727698
2008-03-06,0.00631239620669734
2008-03-07,0.012806235689175173
2008-03-10,0.007411730466308101
2008-03-11,-0.008753046091213738
2008-03-12,0.001023039478410158
2008-03-13,-0.012653468661572746
2008-03-14,0.005848394541871173
2008-03-17,0.03572050494512738
2008-03-18,-0.017966146011431292
2008-03-19,0.02644901411947892
2008-03-20,-5.555499047567618e-05
2008-03-24,0.005037749694229933
2008-03-25,-0.007272421495268419
2008-03-26,-0.010160207292294634
2008-03-27,0.008704150561559907
2008-03-28,0.001880811114913153
2008-03-31,-0.0016858962588173622
2008-04-01,-0.0026794386225659985
2008-04-02,-0.005562746527912931
2008-04-03,0.002083323255804564
2008-04-04,-0.01158908683794523
2008-04-07,0.0022930930868672924
2008-04-08,-0.01288178805179676
2008-04-09,-0.001686822943944627
2008-04-10,0.010864823895360023
2008-04-11,0.0005365381869245911
2008-04-14,-0.0031773879146199347
2008-04-15,-0.006557445883060978
2008-04-16,-0.0072966780424195835
2008-04-17,-0.0072186934858677314
2008-04-18,-0.001634610786073792
2008-04-21,0.002875586397332503
2008-04-22,0.00010332470337469791
2008-04-23,0.011541511410526778
2008-04-24,0.005654922106870655
2008-04-25,-0.0209087580188744
2008-04-28,0.008420726517889375
2008-04-29,0.0248284283718682
2008-04-30,0.0011478938132673045
2008-05-01,0.017995224062484567
2008-05-02,-0.01336415978903986
2008-05-05,-0.0009527556851413561
2008-05-06,-0.011300352568352873
2008-05-07,0.004455991032695249
2008-05-08,-0.01062038669290526
2008-05-09,0.004473690733691448
2008-05-12,0.00389404659298516
2008-05-13,-0.005991641992610017
2008-05-14,0.00722329559543327
2008-05-15,-0.005650581909241574
2008-05-16,-0.010937224868295866
2008-05-19,0.0033388418051442563
2008-05-20,-0.007605924965978255
2008-05-21,0.010975394494952263
2008-05-22,0.008707978509967738
2008-05-23,0.007573139874983919
2008-05-27,0.009335740038926942
2008-05-28,-0.008951138344006236
2008-05-29,0.02187332848699224
2008-05-30,-0.004227553374124089
2008-06-02,-0.0032421643556205977
2008-06-03,0.007147974836622486
2008-06-04,0.011679407605724284
2008-06-05,-0.013728515240840072
2008-06-06,-0.007260321276714752
2008-06-09,-0.015965411373318993
2008-06-10,0.011995140943743215
2008-06-11,-0.009839004744289339
2008-06-12,0.010811093876260697
2008-06-13,-0.004838659420244296
2008-06-16,-0.002425278202521143
2008-06-17,-0.01100558460471654
2008-06-18,-0.012088115258790322
2008-06-19,0.012184045239071257
2008-06-20,-0.008664505063926528
2008-06-23,-0.027966340984707336
2008-06-24,0.016041745489749414
2008-06-25,0.013478411180908305
2008-06-26,-0.009933060103483283
2008-06-27,-0.011007120948433905
2008-06-30,-0.0038192559939187742
2008-07-01,-0.002177745762693344
2008-07-02,0.019050766363180493
2008-07-03,0.0019186903233553913
2008-07-07,0.01127939788861921
2008-07-08,0.020489184659520848
2008-07-09,0.004908018640119561
2008-07-10,-0.009621448418271509
2008-07-11,0.0022831048398679497
2008-07-14,-0.009571211671726691
2008-07-15,0.031136156873772608
2008-07-16,0.01258227448801832
2008-07-17,0.004421457470710259
2008-07-18,-0.017688061550384826
2008-07-21,-0.02404836467971885
2008-07-22,0.0037247881473021606
2008-07-23,0.03210650438868816
2008-07-24,0.008299049902772056
2008-07-25,0.0036963824576759594
2008-07-28,-0.0021406728144049607
2008-07-29,0.002283818938703347
2008-07-30,-0.02623208495342971
2008-07-31,0.02200366954136022
2008-08-01,0.002796937481621985
2008-08-04,0.037468288870891805
2008-08-05,0.003664635778730841
2008-08-06,-0.009444175520295568
2008-08-07,0.016422205047291197
2008-08-08,0.02429026602585963
2008-08-11,0.012457407398831855
2008-08-12,0.009619081051545209
2008-08-13,-0.017463193380631317
2008-08-14,0.00441040638420215
2008-08-15,0.012066551875108196
2008-08-18,0.009211145755978728
2008-08-19,-0.019869001717099773
2008-08-20,-0.015652326627605163
2008-08-21,-0.00805177057719167
2008-08-22,0.014539001227570418
2008-08-25,-0.00043093820175166145
2008-08-26,-0.013323495995480814
2008-08-27,-0.010292630722656038
2008-08-28,0.0011516105428632198
2008-08-29,-0.006201227278395244
2008-09-02,0.02551334641806562
2008-09-03,-0.003428254814718438
2008-09-04,0.006042132558395114
2008-09-05,-0.0104947474987767
2008-09-08,0.01395916569791313
2008-09-09,0.04390695080189504
2008-09-10,-0.017483856014954044
2008-09-11,0.0036636406947766096
2008-09-12,-0.005333581875610183
2008-09-15,0.041423981643476174
2008-09-16,-0.01991712682115349
2008-09-17,-0.005430157585511466
2008-09-18,0.0011568763906857757
2008-09-19,-0.03694922672246032
2008-09-22,-0.020896285123020907
2008-09-23,0.016010229875979238
2008-09-24,0.007686932022966677
2008-09-25,0.008178617857467534
2008-09-26,0.007978922778327308
2008-09-29,0.031672177777043474
2008-09-30,-0.0030419042344079243
2008-10-01,-0.011413579524172707
2008-10-02,0.033939565374249275
2008-10-03,0.009532000082418628
2008-10-06,-2.4710241374899965e-05
2008-10-07,0.025076679722687796
2008-10-08,-0.02327111004170399
2008-10-09,0.04579852582788681
2008-10-10,0.005859819547804258
2008-10-13,-0.03529974109220058
2008-10-14,-0.022938043484871985
2008-10-15,0.04475903291360417
2008-10-16,-0.0006142903118607017
2008-10-17,-0.004999582742193239
2008-10-20,-0.027323083718264012
2008-10-21,-0.006823830124572164
2008-10-22,0.047603956006368645
2008-10-23,-0.006123727843177208
2008-10-24,0.011031162185361956
2008-10-27,0.04174333403451612
2008-10-28,0.00856456265579743
2008-10-29,-0.027770089195881413
2008-10-30,-0.004565095190990995
2008-10-31,-0.013463267865162698
2008-11-03,0.01116938313594764
2008-11-04,-0.024600225850496288
2008-11-05,-0.006453607818510427
2008-11-06,0.00973863412088386
2008-11-07,-0.015815219447927548
2008-11-10,-0.025886519926133594
2008-11-11,0.0005476808670700072
2008-11-12,0.016868980981421252
2008-11-13,-0.016765961146490233
2008-11-14,0.006251386951959094
2008-11-17,0.005032371531997718
2008-11-18,-0.005794216629460845
2008-11-19,0.0039831613945476435
2008-11-20,0.06022314647726662
2008-11-21,-0.034322174219334534
2008-11-24,-0.017728767159833198
2008-11-25,-0.003412585200185843
2008-11-26,-0.006843715637697397
2008-11-28,0.018036436086798235
2008-12-01,0.03676219496768903
2008-12-02,0.006063000636395698
2008-12-03,0.0223088612786113
2008-12-04,0.015450146126560614
2008-12-05,0.0071252483745222975
2008-12-08,-0.029651261383416474
2008-12-09,0.0023850025319754127
2008-12-10,-0.027124383863640803
2008-12-11,-0.0035412724108664214
2008-12-12,0.022064658061056248
2008-12-15,-0.004388270561443168
2008-12-16,-0.004310862992051101
2008-12-17,0.004155904770587877
2008-12-18,0.02986287038886295
2008-12-19,0.006227541392959443
2008-12-22,-0.005476539114717442
2008-12-23,-0.010156273996720597
2008-12-24,0.00429822492002875
2008-12-26,-0.007435164930973311
2008-12-29,-0.014925162909945448
2008-12-30,0.0015810460954697294
2008-12-31,-0.0067414492926593395
2009-01-02,-0.006080424254419245
2009-01-05,0.004281571358665013
2009-01-06,0.009379254255068416
2009-01-07,0.01049813280783714
2009-01-08,-0.004029981850764329
2009-01-09,0.008681878867282403
2009-01-12,0.020471504537542883
2009-01-13,-0.008114612964759961
2009-01-14,0.008945845799845462
2009-01-15,0.00650686045666098
2009-01-16,0.006696837092097476
2009-01-20,0.026520825153562584
2009-01-21,-0.022186196479398634
2009-01-22,0.008631979741394588
2009-01-23,-0.004234427976606892
2009-01-26,-0.0007881304245357839
2009-01-27,-0.005218061775601068
2009-01-28,-0.009955876359441753
2009-01-29,0.010811883298033592
2009-01-30,0.004670291301565179
2009-02-02,0.017939271893382524
2009-02-03,0.006970874081057355
2009-02-04,-0.015532530493656844
2009-02-05,-0.0007501676084882166
2009-02-06,-0.008945423619425574
2009-02-09,-0.009072918016553405
2009-02-10,0.014738300738493979
2009-02-11,-0.0084410773616833
2009-02-12,0.008296602070857695
2009-02-13,0.0032141006645929515
2009-02-17,0.02924596098615414
2009-02-18,0.006110516427964654
2009-02-19,0.005530282369763101
2009-02-20,0.01048590480976008
2009-02-23,0.015440322961952607
2009-02-24,-0.0003226369888257912
2009-02-25,0.012519500890962978
2009-02-26,-0.031773835800229425
2009-02-27,0.011259640131578092
2009-03-02,0.028381682954011046
2009-03-03,0.00271999912872923
2009-03-04,2.8661038493821116e-05
2009-03-05,0.0060974120582085525
2009-03-06,-0.003201129061161654
2009-03-09,-0.015717455644991607
2009-03-10,-0.016907407558235343
2009-03-11,0.012326272988112
2009-03-12,-0.002221292530673007
2009-03-13,0.02162993663879231
2009-03-16,-0.03611979751766524
2009-03-17,0.0021793509195537466
2009-03-18,-0.0036262379969281646
2009-03-19,-0.001226689439681528
2009-03-20,0.02059541614066672
2009-03-23,-0.03420957860508096
2009-03-24,0.004454756730308459
2009-03-25,-0.006819367749480248
2009-03-26,0.03009904450599428
2009-03-27,0.015421651741623453
2009-03-30,0.009813296539902726
2009-03-31,-0.01184979312454241
2009-04-01,0.0032297785800036714
2009-04-02,-0.001099309912482448
2009-04-03,-0.0001432574840346268
2009-04-06,0.01511221282295588
2009-04-07,-0.004407066440430841
2009-04-08,0.0001864783712544147
2009-04-09,-0.01937285444439358
2009-04-13,-0.03135325246955084
2009-04-14,0.009139753345701891
2009-04-15,-0.0065016735192910315
2009-04-16,0.00016002842750429316
2009-04-17,-0.006369301924921796
2009-04-20,0.024637808403375466
2009-04-21,-0.014342788753669893
2009-04-22,0.008975624488689781
2009-04-23,-0.0029456491233952834
2009-04-24,-0.008490364270316603
2009-04-27,0.015318137363905608
2009-04-28,0.004617136602388463
2009-04-29,-0.011330833979897606
2009-04-30,0.011285443989998188
2009-05-01,-0.009147164248035931
2009-05-04,-0.025696519736383355
2009-05-05,0.004329271441843149
2009-05-06,-0.03520957109899077
2009-05-07,-0.007593415702233632
2009-05-08,-0.04515799358506827
2009-05-11,0.028909939194947182
2009-05-12,0.0007886463427087995
2009-05-13,0.025034767061765766
2009-05-14,-0.009378862108992187
2009-05-15,0.010026276648318209
2009-05-18,-0.01880336817737549
2009-05-19,0.0032386316162427804
2009-05-20,0.0047091718416202525
2009-05-21,0.015257771359914943
2009-05-22,-0.007290290012806659
2009-05-26,-0.004545078510919788
2009-05-27,0.0007312213624857278
2009-05-28,-0.0159979018123215
2009-05-29,-0.009875444897306282
2009-06-01,-0.008758790513952827
2009-06-02,0.002708856572442446
2009-06-03,0.017836201204799118
2009-06-04,-0.016255096642212107
2009-06-05,0.00596653545876849
2009-06-08,0.011981083615906137
2009-06-09,-0.009572052441116134
2009-06-10,-0.0017274519516404393
2009-06-11,-0.006434546964402856
2009-06-12,0.012083613765336874
2009-06-15,0.010513449252524511
2009-06-16,0.010877175571719331
2009-06-17,0.019453886492943582
2009-06-18,0.0011449806840731838
2009-06-19,0.007028244384307233
2009-06-22,0.02522493608009982
2009-06-23,-0.0060098788059573275
2009-06-24,0.005459373774084369
2009-06-25,-0.0006651414532477213
2009-06-26,0.004104839715350166
2009-06-29,0.005933829072295188
2009-06-30,0.005488059240095482
2009-07-01,0.007389347147301969
2009-07-02,0.008547537495393834
2009-07-06,0.010688652750543402
2009-07-07,1.9394362429668123e-05
2009-07-08,0.004256752409260603
2009-07-09,0.0009499534282883305
2009-07-10,0.0014113347325938755
2009-07-13,-0.006352332746999599
2009-07-14,-0.00033491052060701616
2009-07-15,-0.0030240919578008877
2009-07-16,0.0006738082512531723
2009-07-17,0.0010722763985875202
2009-07-20,-0.006058416588093927
2009-07-21,0.00021041768679914147
2009-07-22,0.01881456068173841
2009-07-23,-0.004627941965291315
2009-07-24,-0.004490668410376489
2009-07-27,0.0031791771979777415
2009-07-28,0.004465096129948045
2009-07-29,0.009665618661989756
2009-07-30,-0.006279894688978635
2009-07-31,-0.003167351632587675
2009-08-03,-0.014120590432631063
2009-08-04,-0.00019024487860379375
2009-08-05,-0.013425594028375861
2009-08-06,-0.0018632091744270564
2009-08-07,-0.008730315810477235
2009-08-10,-0.006196299656111668
2009-08-11,0.013242901647711214
2009-08-12,-0.0052769805398489135
2009-08-13,-0.004197254735342446
2009-08-14,0.008329600757047386
2009-08-17,0.006809692616175501
2009-08-18,-0.005866544747931102
2009-08-19,-0.002493335307954933
2009-08-20,-0.00885559045872744
2009-08-21,-0.00844712258335174
2009-08-24,-0.002664371065132832
2009-08-25,0.00868611293140369
2009-08-26,0.0020197408552462153
2009-08-27,-0.011838974561889341
2009-08-28,0.00011534735158408017
2009-08-31,0.012728726205113556
2009-09-01,0.01245596840852381
2009-09-02,0.00021065180373263837
2009-09-03,-0.004979958799550442
2009-09-04,0.0013195646667727263
2009-09-08,-0.006664073749105992
2009-09-09,-0.0012399812239197873
2009-09-10,-0.0012591102448015225
2009-09-11,-0.00715609248636686
2009-09-14,-0.008877339780467074
2009-09-15,-0.011163227946531655
2009-09-16,-0.016449524628021062
2009-09-17,0.0011090095978789282
2009-09-18,0.005869862357194474
2009-09-21,-0.0007564637275822616
2009-09-22,-0.0087067963767312
2009-09-23,0.010030650788820834
2009-09-24,0.009645280869730162
2009-09-25,0.00691825075500037
2009-09-28,-0.003455628640962565
2009-09-29,-0.0020259475863265044
2009-09-30,0.0025649032454415875
2009-10-01,0.012137997827481088
2009-10-02,0.002084635780110963
2009-10-05,-0.015807335725835845
2009-10-06,-0.005997798446179289
2009-10-07,-0.007172171440298235
2009-10-08,-0.005490892653500266
2009-10-09,0.00025647726296957663
2009-10-12,-0.0013354372347787133
2009-10-13,-0.0016196742722953176
2009-10-14,-0.004788814197263165
2009-10-15,-0.0027774356120024066
2009-10-16,0.005075515639163403
2009-10-19,-0.001066585887037285
2009-10-20,0.003184534397030984
2009-10-21,0.0024141390209714664
2009-10-22,-0.004415842960590195
2009-10-23,0.01586665905988907
2009-10-26,0.011203071946623231
2009-10-27,-0.0010914035608604045
2009-10-28,0.0218835307331516
2009-10-29,-0.016000932602213518
2009-10-30,0.011620483421616166
2009-11-02,-0.002488708828245013
2009-11-03,-0.01886616882260241
2009-11-04,0.004496371385189893
2009-11-05,-0.006277759401946366
2009-11-06,0.012948716418606489
2009-11-09,-0.0018416277980749843
2009-11-10,-2.0120099469153573e-05
2009-11-11,0.006349867464322929
2009-11-12,0.01733353787213405
2009-11-13,0.0012379567671816829
2009-11-16,-0.006310649865632283
2009-11-17,0.0035199666620148173
2009-11-18,0.00636583560900351
2009-11-19,0.004948574293852683
2009-11-20,0.0040617477902689875
2009-11-23,0.001403774736111372
2009-11-24,-0.0017658153526514217
2009-11-25,-0.0033866859831805183
2009-11-27,0.005022062872802634
2009-11-30,0.00166972295018106
2009-12-01,-0.0028684255672702702
2009-12-02,0.004236484144478446
2009-12-03,0.016390921205150157
2009-12-04,0.006087501805388318
2009-12-07,0.005374510495269766
2009-12-08,0.0015862986143327326
2009-12-09,-0.00023961382166161764
2009-12-10,-0.0021446032199117226
2009-12-11,0.0012923413005757754
2009-12-14,-0.012145184728461265
2009-12-15,-0.006220230916454201
2009-12-16,-0.004908562736564074
2009-12-17,0.001523176659865635
2009-12-18,-0.0007713674734174798
2009-12-21,-0.0033617228266718258
2009-12-22,-0.003029079956502622
2009-12-23,-0.0038489680992356704
2009-12-24,-0.0028371788588907104
2009-12-28,-0.0006891672930812502
2009-12-29,0.006568681151860244
2009-12-30,0.00431218679698205
2009-12-31,0.0009503898332143837
2010-01-04,-0.01482529797910682
2010-01-05,-0.007430717696571288
2010-01-06,-0.01319926769122382
2010-01-07,-0.005433098737885079
2010-01-08,-0.00590799283060712
2010-01-11,0.008251089679000565
2010-01-12,0.008094016124499516
2010-01-13,-0.003470716868410306
2010-01-14,-0.00032960811865335483
2010-01-15,0.004627611524695453
2010-01-19,-0.004060286257282556
2010-01-20,0.0064882479646838215
2010-01-21,0.015537391994544446
2010-01-22,0.0004932074278702516
2010-01-25,-0.0014327616173249159
2010-01-26,0.00619816214021752
2010-01-27,0.006122068805849859
2010-01-28,-0.0017674813941700198
2010-01-29,0.007889326116952651
2010-02-01,-0.015959899539030965
2010-02-02,-0.0030454273099780322
2010-02-03,0.0007005421915407206
2010-02-04,0.012883149507123725
2010-02-05,-0.0007236167422429075
2010-02-08,0.005521753842616101
2010-02-09,-0.010731902836834463
2010-02-10,0.002238438237728358
2010-02-11,-0.01561235421833424
2010-02-12,-0.002815664790804485
2010-02-16,-0.00985310990902251
2010-02-17,0.002433152288716344
2010-02-18,-0.004594649285688321
2010-02-19,-0.0010474522636723322
2010-02-22,0.0036329170645174724
2010-02-23,0.012542489781303675
2010-02-24,0.0037224246277906786
2010-02-25,-0.005968967847109755
2010-02-26,-0.0040856915265895105
2010-03-01,-0.0007151517116598599
2010-03-02,-0.01068564329741981
2010-03-03,-0.004950101765551411
2010-03-04,0.0058927990603552935
2010-03-05,-0.0067051286312273094
2010-03-08,0.007187631462838883
2010-03-09,0.0032305187362564654
2010-03-10,-0.006049464411935712
2010-03-11,0.0012280818586338324
2010-03-12,-0.0029414459387701103
2010-03-15,0.010119083467810524
2010-03-16,-0.004014111438026006
2010-03-17,0.003685839317237782
2010-03-18,0.010195641975227503
2010-03-19,0.003669627633188666
2010-03-22,0.0050258170014963474
2010-03-23,-0.00044409588770588805
2010-03-24,-0.0021710177658004065
2010-03-25,0.012388344317348855
2010-03-26,-0.00301038278921691
2010-03-29,-0.013688524810076428
2010-03-30,0.003182613106346196
2010-03-31,-0.003833348281331872
2010-04-01,-0.008154635839479505
2010-04-05,-0.00941114397625673
2010-04-06,0.0015202142566684226
2010-04-07,0.0012055393909475003
2010-04-08,0.004069153016937601
2010-04-09,0.0002899742289555816
2010-04-12,0.0008783948546074573
2010-04-13,0.006899465342891672
2010-04-14,0.0001166805200658303
2010-04-15,0.0038705273822719297
2010-04-16,0.008846964992676317
2010-04-19,0.001339487409956905
2010-04-20,-0.0069830474625984604
2010-04-21,-0.0018778414072600147
2010-04-22,-0.0022338986285102393
2010-04-23,-0.01301718280793349
2010-04-26,0.005035726811570721
2010-04-27,0.011527474522813646
2010-04-28,-0.005963418561249637
2010-04-29,0.007895895537994451
2010-04-30,0.008163112213252976
2010-05-03,0.001772729394051708
2010-05-04,0.004930362764220678
2010-05-05,0.005387595770348322
2010-05-06,-0.0026022157558970404
2010-05-07,-2.0011643020945808e-05
2010-05-10,-0.014473126823956883
2010-05-11,0.001580373396192213
2010-05-12,-0.0065011142254218415
2010-05-13,0.004506701309273284
2010-05-14,0.005709308428599754
2010-05-17,0.010599263848807754
2010-05-18,0.004025400381484005
2010-05-19,0.0028547800368680853
2010-05-20,0.007521847412664434
2010-05-21,-0.01725658965237426
2010-05-24,0.01768339612701926
2010-05-25,-0.005343962406322842
2010-05-26,-0.008512434570286507
2010-05-27,-0.01053660029467557
2010-05-28,0.010406078093614697
2010-06-01,0.02683706233623839
2010-06-02,-0.017850784908781257
2010-06-03,-0.004014623492010756
2010-06-04,0.005425247282076558
2010-06-07,0.002587644534852505
2010-06-08,-0.0036286859980485748
2010-06-09,0.001167406498479826
2010-06-10,-0.019317631398750864
2010-06-11,0.00034243080879942664
2010-06-14,0.001398458228058709
2010-06-15,-0.009099710300953526
2010-06-16,0.0015351175257616134
2010-06-17,0.004736249152274137
2010-06-18,-0.003090742089687044
2010-06-21,-0.007709606518117003
2010-06-22,0.012443896111223318
2010-06-23,0.0008188555867029304
2010-06-24,0.0038148336807165705
2010-06-25,-0.01198412004863325
2010-06-28,0.011949425382335307
2010-06-29,0.01098270960893037
2010-06-30,-0.001909985500674999
2010-07-01,0.0025902514893140585
2010-07-02,0.001104261431286294
2010-07-06,-0.003689986940938123
2010-07-07,-0.011479731235783061
2010-07-08,-0.004838501925548235
2010-07-09,-0.005106072441759704
2010-07-12,0.010944914670080727
2010-07-13,0.0018220330791312
2010-07-14,-3.939214615902304e-05
2010-07-15,0.004145024474200382
2010-07-16,-2.154780674983897e-05
2010-07-19,-0.0016379241917942782
2010-07-20,-0.013381811820950941
2010-07-21,-0.0037156003367581577
2010-07-22,-0.003266812648345794
2010-07-23,-0.008286622271456628
2010-07-26,-0.002394551954636235
2010-07-27,0.00939900952682819
2010-07-28,-0.0016012069338394055
2010-07-29,-0.012784347895633631
2010-07-30,-0.0005816880739974366
2010-08-02,-0.011383091116802456
2010-08-03,0.005463496949630917
2010-08-04,0.0027901065946495606
2010-08-05,0.003314370727907156
2010-08-06,0.0016554064812469057
2010-08-09,0.0022138581535169023
2010-08-10,0.00210150668388446
2010-08-11,0.00840579213196992
2010-08-12,0.0005105875393275547
2010-08-13,-4.402587613297132e-05
2010-08-16,-0.005665226476930176
2010-08-17,-0.0037456317921989017
2010-08-18,0.0030867016174240427
2010-08-19,0.006200936747423386
2010-08-20,0.0034024587908353643
2010-08-23,0.001588395380507397
2010-08-24,0.002498306865048755
2010-08-25,0.004291038172502724
2010-08-26,0.0029154786226274288
2010-08-27,-0.008167601681645445
2010-08-30,0.0008483928847040758
2010-08-31,-0.0003418931168911121
2010-09-01,-0.007930481180255066
2010-09-02,0.00024075483485157256
2010-09-03,-0.001225783627203778
2010-09-07,0.0035062358340900578
2010-09-08,-0.009408435935711196
2010-09-09,0.0005456671368499804
2010-09-10,-0.002742211370019332
2010-09-13,-0.0033802660239587888
2010-09-14,0.008923396854188309
2010-09-15,0.003327187821875943
2010-09-16,0.0032286991204830725
2010-09-17,0.002700957901482156
2010-09-20,0.0009506792387702812
2010-09-21,0.003935874566143699
2010-09-22,0.0010312539048076242
2010-09-23,0.006072579878651566
2010-09-24,-0.002392506671123483
2010-09-27,0.004651728284478659
2010-09-28,0.004848415851923287
2010-09-29,-0.010582684752381095
2010-09-30,3.672824548460463e-05
2010-10-01,-0.007510465955161731
2010-10-04,0.008721234635366287
2010-10-05,-0.0028898453174290937
2010-10-06,-0.006294841115958606
2010-10-07,-0.004252912602478311
2010-10-08,-0.006204321994034664
2010-10-11,-0.00046739691527710435
2010-10-12,0.0009848245062714525
2010-10-13,-0.002901260235584694
2010-10-14,0.010825342945937589
2010-10-15,0.004775721829558709
2010-10-18,0.0010059403510561868
2010-10-19,0.003488092944262586
2010-10-20,-0.002045014481236636
2010-10-21,0.005297671999808017
2010-10-22,0.0013311402673057452
2010-10-25,-0.0011977844295378264
2010-10-26,-0.0006528510932666732
2010-10-27,-0.008398008985882046
2010-10-28,0.0026605666593153224
2010-10-29,-0.002457532822502755
2010-11-01,-0.002208841501315993
2010-11-02,-0.006050718559811983
2010-11-03,0.0022650750686725556
2010-11-04,-0.013939602937285432
2010-11-05,-0.0077252741270687555
2010-11-08,-0.00554458259074713
2010-11-09,0.005311464652752572
2010-11-10,-0.007157536053435729
2010-11-11,-0.009238387174884646
2010-11-12,0.00908372375307915
2010-11-15,0.0009238589374168671
2010-11-16,0.004167824442103304
2010-11-17,-0.001446886284143508
2010-11-18,-0.0044319593404618576
2010-11-19,-0.002648059301919531
2010-11-22,-0.00021504698496603667
2010-11-23,0.0046002137439294
2010-11-24,-0.0030565715044690222
2010-11-26,0.002254853838733382
2010-11-29,-0.00783410916619128
2010-11-30,-0.0031405119635831715
2010-12-01,-0.006961876704254765
2010-12-02,-0.005430372064135144
2010-12-03,-0.0030986877338200487
2010-12-06,-0.003344300404435732
2010-12-07,0.006528166869727706
2010-12-08,0.006636047523504957
2010-12-09,0.0009277039163746886
2010-12-10,-0.0009807567300192442
2010-12-13,-0.005240726802255947
2010-12-14,0.0039650745577628835
2010-12-15,0.003017027509005776
2010-12-16,-0.0007884022268938548
2010-12-17,0.0018172754144170863
2010-12-20,-0.003358785778150926
2010-12-21,-0.003935365358844233
2010-12-22,0.00059834209434768
2010-12-23,-0.0013921545012638783
2010-12-27,0.002051870318555988
2010-12-28,0.0003464544262743921
2010-12-29,-0.0057568234265756085
2010-12-30,-0.0039044640736420957
2010-12-31,-0.0004753107373009794
2011-01-03,0.0014718755054226801
2011-01-04,0.006084982564162985
2011-01-05,0.0017778372421892999
2011-01-06,0.006598659772007675
2011-01-07,-0.00046633922739599957
2011-01-10,0.001880560463872694
2011-01-11,-0.01200968596554429
2011-01-12,0.005312263883186567
2011-01-13,0.0039479085922924225
2011-01-14,-0.00187009178661093
2011-01-18,-0.005131898240416229
2011-01-19,0.009342531019036784
2011-01-20,0.005880775977897901
2011-01-21,-0.0016810911414754577
2011-01-24,0.003124770184998142
2011-01-25,0.00949779678260166
2011-01-26,-0.010810803866793088
2011-01-27,0.011009918792910947
2011-01-28,-0.004774922639816675
2011-01-31,-0.014312054008471407
2011-02-01,-0.001453406731150605
2011-02-02,-0.001564805508687575
2011-02-03,0.0005602253981231264
2011-02-04,0.009653449409654105
2011-02-07,-0.004798380179716328
2011-02-08,-0.00028717558396616717
2011-02-09,0.0073874083176956925
2011-02-10,-0.005431193683571483
2011-02-11,-0.002286288903457046
2011-02-14,-0.010161542160900393
2011-02-15,0.0035578391702840097
2011-02-16,-0.0016017097269012991
2011-02-17,0.0007908691292845778
2011-02-18,0.0054440209140464765
2011-02-22,0.004571536974568638
2011-02-23,-0.014519070896794814
2011-02-24,0.002932356988960281
2011-02-25,-0.004373175058441176
2011-02-28,0.005566690480163177
2011-03-01,0.0052854143429841224
2011-03-02,-0.004841901225708846
2011-03-03,-0.002666666469763663
2011-03-04,0.0018494641594274394
2011-03-07,0.0035109657775713034
2011-03-08,0.0036751202304680756
2011-03-09,0.004769129571286274
2011-03-10,0.01617782824824347
2011-03-11,-0.007075505777659898
2011-03-14,-0.006229034797278912
2011-03-15,-0.005177183703722073
2011-03-16,-0.001026105409054737
2011-03-17,-0.008345452847657395
2011-03-18,0.003067550587353446
2011-03-21,-0.011624365965921148
2011-03-22,-0.0009270569169252696
2011-03-23,0.0006882110935604687
2011-03-24,0.00512331948219881
2011-03-25,-0.005448096235710423
2011-03-28,0.002868585044567368
2011-03-29,-0.0067545803054831445
2011-03-30,-0.0006261609807338484
2011-03-31,-0.002368933998910215
2011-04-01,-0.0007079012322488814
2011-04-04,0.0014673131844329583
2011-04-05,0.0006301864883184765
2011-04-06,0.01194083772993561
2011-04-07,-0.002350786586191489
2011-04-08,-0.0018930286849622678
2011-04-11,0.009128950651665689
2011-04-12,0.01473832508286797
2011-04-13,-0.0024061404104939294
2011-04-14,0.0007077860168578098
2011-04-15,-0.0023146708267711993
2011-04-18,-0.0023808160014074046
2011-04-19,-0.004528082563527001
2011-04-20,-0.005727231704076686
2011-04-21,-0.0051219221603422
2011-04-25,0.004957440079254595
2011-04-26,-0.0010503047509111225
2011-04-27,0.008400680743608604
2011-04-28,0.005045762294479935
2011-04-29,-0.0051621808715005615
2011-05-02,0.009382916875026312
2011-05-03,0.013020291337370777
2011-05-04,0.012496828306684853
2011-05-05,0.0033012881543327617
2011-05-06,0.0001856899480953472
2011-05-09,-0.01394021624148504
2011-05-10,0.00043151597779783537
2011-05-11,0.014211459160024255
2011-05-12,0.004221221786043795
2011-05-13,-0.001227436907004744
2011-05-16,-0.0016646681172573158
2011-05-17,0.0007148458601875038
2011-05-18,-0.01178351960191339
2011-05-19,0.0020820860283874867
2011-05-20,-0.004221377824137655
2011-05-23,0.0047331233293415485
2011-05-24,-0.0072901904227173344
2011-05-25,-0.009567872627556132
2011-05-26,-0.0025092921467882263
2011-05-27,0.0008217140651119876
2011-05-31,0.0024726088750250145
2011-06-01,0.0017256606866785807
2011-06-02,-0.005430886163708152
2011-06-03,-0.005145694300579009
2011-06-06,0.005908882450302675
2011-06-07,0.00020371793756681386
2011-06-08,-0.000504777984491048
2011-06-09,-0.005629575355302672
2011-06-10,0.0016028489050358822
2011-06-13,0.010760636282983058
2011-06-14,-0.010050597403813023
2011-06-15,0.0038335702430510096
2011-06-16,0.00018589778477639006
2011-06-17,0.0012704937478034784
2011-06-20,-0.002242904768351671
2011-06-21,-0.004969251853557736
2011-06-22,-0.001414039448062169
2011-06-23,0.003578054283678179
2011-06-24,-1.95990967257274e-05
2011-06-27,0.00041150112778457387
2011-06-28,-0.010100685966715825
2011-06-29,-0.001134880628710369
2011-06-30,-0.005193117090706917
2011-07-01,0.0014204657502969226
2011-07-05,-0.003941111879545144
2011-07-06,-0.0009938491716922234
2011-07-07,-0.001415596150671763
2011-07-08,-0.003164447357858295
2011-07-11,0.007289198257252109
2011-07-12,-0.0005462954205616342
2011-07-13,-0.0026351367420591717
2011-07-14,-0.0010917664671775212
2011-07-15,-0.011979287233869339
2011-07-18,-0.0037433429152921097
2011-07-19,-0.0013766544271215187
2011-07-20,0.0004684289768366772
2011-07-21,-0.0024424982931079858
2011-07-22,0.0006917923458464373
2011-07-25,0.0019085932650284325
2011-07-26,0.0014013078127500262
2011-07-27,0.006533759668472691
2011-07-28,-0.0022203172204805595
2011-07-29,-0.0025623692904704998
2011-08-01,0.0027948684971994403
2011-08-02,0.001442254229917792
2011-08-03,0.0026773401818818406
2011-08-04,0.013217529633229759
2011-08-05,0.007122163793841018
2011-08-08,0.014692529516522564
2011-08-09,-0.007060462575197748
2011-08-10,-0.00901392914429168
2011-08-11,-0.001694374896984044
2011-08-12,-0.00449002797971661
2011-08-15,-0.0031335978534502576
2011-08-16,0.014003596703125303
2011-08-17,-0.0002927227488568214
2011-08-18,0.012416768994809762
2011-08-19,0.0019319946347395364
2011-08-22,0.0056391233817240545
2011-08-23,-0.0029256926502562687
2011-08-24,-0.0036746776254036858
2011-08-25,0.0021782593383721945
2011-08-26,-0.00758314293999407
2011-08-29,-0.0028400941969084336
2011-08-30,-0.005222792999864895
2011-08-31,5.574688163044785e-05
2011-09-01,-0.000858846339898826
2011-09-02,0.0007684892647698212
2011-09-06,0.004982971623472578
2011-09-07,-0.004629997715159072
2011-09-08,0.0068197167465609216
2011-09-09,0.005899260502233405
2011-09-12,0.0020800442790760245
2011-09-13,-0.0016766563167504712
2011-09-14,0.004331602805808947
2011-09-15,-0.004652942996852379
2011-09-16,0.0045409250128750625
2011-09-19,1.756571524877664e-05
2011-09-20,0.007381951770595827
2011-09-21,0.01229248702528479
2011-09-22,0.015633785927848486
2011-09-23,0.012693067320762268
2011-09-26,-0.01397643561191439
2011-09-27,-0.003683396683186206
2011-09-28,0.014442274561685248
2011-09-29,-0.004032276281724034
2011-09-30,0.004177679488529375
2011-10-03,0.0018044724680567456
2011-10-04,-0.004214969269518584
2011-10-05,-0.0027973559119925983
2011-10-06,-0.00920263853512465
2011-10-07,0.00784145320200669
2011-10-10,-0.013901701718323741
2011-10-11,0.0010889537661835829
2011-10-12,0.0018417794653319392
2011-10-13,0.009826288390223856
2011-10-14,-0.01332663398169428
2011-10-17,0.005008275258154576
2011-10-18,-0.0010420691284120723
2011-10-19,-0.001007106500005424
2011-10-20,-0.005905508373324129
2011-10-21,-0.006719786373745855
2011-10-24,-0.010337145378555151
2011-10-25,-0.0004222779898513917
2011-10-26,-0.015753590278253876
2011-10-27,-0.017829760668608197
2011-10-28,-0.004273536458748875
2011-10-31,0.016445257407260078
2011-11-01,0.005285545118765915
2011-11-02,-0.008501454443283204
2011-11-03,-0.0004914712710805054
2011-11-04,-0.003776223682196789
2011-11-07,0.0033540853322238683
2011-11-08,-0.0020153431577422318
2011-11-09,0.010973144117535805
2011-11-10,7.522674643402605e-05
2011-11-11,-0.0003155340351347596
2011-11-14,0.0009006716752736658
2011-11-15,-0.0011612275171361188
2011-11-16,0.0051121258671713065
2011-11-17,0.004053707093844329
2011-11-18,0.0015588719376438789
2011-11-21,0.0015678103705425355
2011-11-22,0.0076750484881142975
2011-11-23,0.005554177530712231
2011-11-25,-0.003017749530243117
2011-11-28,-0.00482873152580951
2011-11-29,-0.0004757409097471653
2011-11-30,-0.024280039083865106
2011-12-01,0.003400191817117623
2011-12-02,-0.0012592104024897067
2011-12-05,0.0004099348722710191
2011-12-06,-0.0020357165521621527
2011-12-07,0.008077339316646724
2011-12-08,0.006690119139896599
2011-12-09,-0.0065023587694771675
2011-12-12,0.012092254949920882
2011-12-13,0.0019055740797960371
2011-12-14,0.012731126990600044
2011-12-15,0.0044767077717054035
2011-12-16,-0.004802978426318455
2011-12-19,0.005167787235729414
2011-12-20,-0.00492243587694935
2011-12-21,-0.0014599189543478064
2011-12-22,-0.00013186105613558678
2011-12-23,0.0024692739489383434
2011-12-27,-0.000496823086965571
2011-12-28,0.005693783130899471
2011-12-29,0.0017967913852448556
2011-12-30,-0.00029389830117125776
2012-01-03,-0.011091682067851452
2012-01-04,0.002975506923453295
2012-01-05,0.0038833889041188516
2012-01-06,-0.001325184307821782
2012-01-09,0.0003520317354657131
2012-01-10,-0.007001240271292374
2012-01-11,-0.0012267056228896006
2012-01-12,0.0016977688089158843
2012-01-13,0.007853120191450163
2012-01-17,0.001487869340697473
2012-01-18,-0.006201970807245309
2012-01-19,0.00261620129517257
2012-01-20,0.0023794079773944202
2012-01-23,-0.006666856359989141
2012-01-24,-0.0008786372793180594
2012-01-25,-0.0123007928416513
2012-01-26,0.010280832153865192
2012-01-27,-0.0058766887200901825
2012-01-30,0.0056816370906932045
2012-01-31,0.0034203448321006324
2012-02-01,-0.0021642880259471493
2012-02-02,-0.008427292143432383
2012-02-03,-0.0011693347898010156
2012-02-06,-0.00045774920328085317
2012-02-07,-0.0002632042344755908
2012-02-08,0.004549959552652265
2012-02-09,-0.00433854916989368
2012-02-10,0.006770596772000553
2012-02-13,0.0013648468542057433
2012-02-14,0.0029228793774252653
2012-02-15,-0.005711291721346717
2012-02-16,-0.001759314246901293
2012-02-17,0.0021521011514039658
2012-02-21,-0.006888872781612567
2012-02-22,-0.005044919237276866
2012-02-23,0.0020367878838951662
2012-02-24,-0.0010968367338895133
2012-02-27,0.006305414668440485
2012-02-28,0.0071901664769647875
2012-02-29,0.005777886658226596
2012-03-01,-0.0017181790318926478
2012-03-02,0.008290938397577594
2012-03-05,0.00597651703333776
2012-03-06,0.006011018816121838
2012-03-07,-0.00024010729034225237
2012-03-08,-0.0011110153645806095
2012-03-09,0.0017857737500699218
2012-03-12,0.00710531341254274
2012-03-13,-0.006518525316659403
2012-03-14,0.006018570408539994
2012-03-15,0.00031887191836220765
2012-03-16,-0.006394425116556325
2012-03-19,-0.0016513123886116024
2012-03-20,0.011641298924745434
2012-03-21,0.004895723348390726
2012-03-22,0.012010532141893447
2012-03-23,-0.0030783700175127282
2012-03-26,0.004380760083687905
2012-03-27,0.0056702552084899865
2012-03-28,0.008243979131214732
2012-03-29,-0.0019933178574623287
2012-03-30,-0.0018916975641283227
2012-04-02,-0.004541264979216721
2012-04-03,0.003865525408004292
2012-04-04,0.0032926363645608085
2012-04-05,0.005446527633787104
2012-04-09,0.00572046532019709
2012-04-10,0.0010415528309025545
2012-04-11,0.00306161195759999
2012-04-12,-0.011056868273729977
2012-04-13,0.008753178350688869
2012-04-16,0.003985711592521044
2012-04-17,-0.004387589520498195
2012-04-18,0.0029223560624138125
2012-04-19,-0.00037078372882534504
2012-04-20,0.005496178995336952
2012-04-23,-0.003202734098410296
2012-04-24,-0.004610393788955136
2012-04-25,0.0025280549350672173
2012-04-26,0.004243100336650042
2012-04-27,0.002488389862477196
2012-04-30,-0.0015093413647278135
2012-05-01,-0.005328870231932893
2012-05-02,0.010029118018860363
2012-05-03,0.004461650778037477
2012-05-04,0.008445349530963748
2012-05-07,0.0032998667841525183
2012-05-08,-0.0034097941522984194
2012-05-09,0.002444436543456792
2012-05-10,0.0054117464544831085
2012-05-11,0.006654512039517304
2012-05-14,0.005989751525329331
2012-05-15,0.00959861331204343
2012-05-16,0.009022479611754484
2012-05-17,0.0013163119260893564
2012-05-18,-0.0026169801468129373
2012-05-21,-0.01682162302526107
2012-05-22,0.0037982134040986885
2012-05-23,-0.01044724776937328
2012-05-24,0.008664576537943421
2012-05-25,0.003767334492618296
2012-05-29,-0.004909858839738335
2012-05-30,0.006673186956094008
2012-05-31,0.008496049154812167
2012-06-01,0.003577517865889223
2012-06-04,-0.0024377826328781656
2012-06-05,-0.005652714328439895
2012-06-06,-0.004733087966974249
2012-06-07,-0.0027738553425293144
2012-06-08,0.00696036159779406
2012-06-11,0.009645715254180119
2012-06-12,-0.005957581124204678
2012-06-13,0.0061789841571393885
2012-06-14,-0.0010791745162995097
2012-06-15,-0.005590440333818065
2012-06-18,0.004626783652321009
2012-06-19,-0.00381262677691017
2012-06-20,0.0015421096270127528
2012-06-21,0.014739414475514098
2012-06-22,0.00034979711672730593
2012-06-25,0.00162761930698336
2012-06-26,-0.0004915237176477797
2012-06-27,-0.006936517190965216
2012-06-28,0.00024163110577065842
2012-06-29,-0.009102896245806768
2012-07-02,0.005084654923443097
2012-07-03,-0.008354647059875368
2012-07-05,0.003103419524010284
2012-07-06,0.00933805305801178
2012-07-09,0.0004189643704931522
2012-07-10,0.007145535654853633
2012-07-11,-0.0029593796944058825
2012-07-12,0.0015873851561630345
2012-07-13,-0.0022031412426914182
2012-07-16,-0.002140559921423701
2012-07-17,0.0018720958401838544
2012-07-18,-0.006144675164855397
2012-07-19,-0.006234804281064153
2012-07-20,-0.006887400485351575
2012-07-23,-3.223084675402984e-06
2012-07-24,0.0034157945976067746
2012-07-25,-0.012075649702811369
2012-07-26,-0.010004108199625203
2012-07-27,0.000815215443533614
2012-07-30,0.004195599506732946
2012-07-31,0.005579161886778441
2012-08-01,-0.002826446224802446
2012-08-02,0.005670540053814851
2012-08-03,-0.0043116233588273555
2012-08-06,-0.0028215822540050848
2012-08-07,-0.011363528947176184
2012-08-08,0.004200648253680875
2012-08-09,-0.0014041657742715275
2012-08-10,-0.00032676373417680875
2012-08-13,0.005775697058103052
2012-08-14,0.0030764667971424557
2012-08-15,-0.0023148351561652464
2012-08-16,-0.006211988825384287
2012-08-17,0.001250183799186207
2012-08-20,-0.0006179995242934012
2012-08-21,-0.005789683406760819
2012-08-22,-0.005844708506693371
2012-08-23,-0.0012721063999169603
2012-08-24,0.0017474235469278631
2012-08-27,-0.004334401202491806
2012-08-28,0.002815878561249942
2012-08-29,0.002383213070367148
2012-08-30,0.007982420295496916
2012-08-31,-0.00442281192839277
2012-09-04,0.004146528007781642
2012-09-05,0.0019950419700042687
2012-09-06,-0.0013261901860179611
2012-09-07,-0.017131373375510406
2012-09-10,0.004727519395170476
2012-09-11,-0.005000421359498794
2012-09-12,0.00010235789458979776
2012-09-13,-0.0018598358587345381
2012-09-14,-0.011342228677356228
2012-09-17,0.004951922631793142
2012-09-18,-0.00449442996728216
2012-09-19,0.003941223293772358
2012-09-20,0.004717378639117801
2012-09-21,0.004353848461045028
2012-09-24,0.003952081100192203
2012-09-25,0.0010473489267610859
2012-09-26,0.0021918521685835735
2012-09-27,-0.005259362906114743
2012-09-28,0.002016048322934037
2012-10-01,-0.0031298840480154734
2012-10-02,-0.0027659608916618915
2012-10-03,0.009560320758923706
2012-10-04,0.0002955938205053637
2012-10-05,0.003991720325509209
2012-10-08,-0.0018449001177360893
2012-10-09,-0.012494845620062901
2012-10-10,0.003139983883086808
2012-10-11,-0.008646985455310589
2012-10-12,-0.00259968678532532
2012-10-15,0.002386064841467266
2012-10-16,-0.008309561440259829
2012-10-17,-0.0051797467710081434
2012-10-18,-0.004345787374235004
2012-10-19,-0.005373950495164873
2012-10-22,-0.003947179618330958
2012-10-23,0.01088544849203588
2012-10-24,-0.00101454470938697
2012-10-25,0.004947703987524814
2012-10-26,0.004519420110977339
2012-10-31,0.006167138800699439
2012-11-01,-0.0026362216374970363
2012-11-02,0.013064811017685555
2012-11-05,5.270760178257794e-05
2012-11-06,-0.0048138317927803355
2012-11-07,0.0012841673841098625
2012-11-08,0.003016189316244379
2012-11-09,-0.0014108059306922255
2012-11-12,-0.001531029604993249
2012-11-13,0.00361192305977848
2012-11-14,0.005571372378489392
2012-11-15,-0.0007662917681546153
2012-11-16,-0.0041325907856224805
2012-11-19,0.0003580354823914275
2012-11-20,-3.337963987371762e-05
2012-11-21,0.002718632249390349
2012-11-23,0.0007986124833836504
2012-11-26,0.00525017165283374
2012-11-27,0.0019986722404641273
2012-11-28,-4.392206350913555e-05
2012-11-29,0.00018607481175270249
2012-11-30,0.005322936743664543
2012-12-03,0.0007767706184325556
2012-12-04,0.004740828495439347
2012-12-05,-0.0001950004906845241
2012-12-06,0.0025906801538445917
2012-12-07,-0.00349541474946465
2012-12-10,-0.0025099325748613524
2012-12-11,-0.0007507388448292582
2012-12-12,-0.00226865819964876
2012-12-13,0.002028491346120164
2012-12-14,0.001102973113491915
2012-12-17,0.0004466165831016053
2012-12-18,-0.00232480578610566
2012-12-19,0.0010030023317726064
2012-12-20,-0.0011649466279282765
2012-12-21,-0.0006144617353827121
2012-12-24,0.0027671265312263684
2012-12-26,-0.0017302736639438362
2012-12-27,0.002322316624785909
2012-12-28,0.0020090612610868287
2012-12-31,-0.005148607121389276
2013-01-02,0.0033984127436478616
2013-01-03,0.005734209368741649
2013-01-04,-0.000199400483090331
2013-01-07,0.002141942892635249
2013-01-08,0.0026250852301156436
2013-01-09,-0.00788401714589384
2013-01-10,0.002728998651931749
2013-01-11,0.005861740748793208
2013-01-14,0.004423473639701824
2013-01-15,-0.002842369341119454
2013-01-16,-0.0005818841069335989
2013-01-17,0.0007497470842709855
2013-01-18,-0.0022315186032400938
2013-01-22,-0.005929958060985533
2013-01-23,0.0041125417563304305
2013-01-24,0.01026144694707105
2013-01-25,0.006954089484491155
2013-01-28,-0.0004366901889747974
2013-01-29,-0.0037944238911207504
2013-01-30,0.0024315502038641623
2013-01-31,-0.005286101877032771
2013-02-01,0.0010561634695374356
2013-02-04,0.0028550674214982016
2013-02-05,0.002377555702803366
2013-02-06,0.0032206409597434057
2013-02-07,0.0037743356958283352
2013-02-08,-0.004462869139991995
2013-02-11,0.005186606771363751
2013-02-12,0.00011198740032952129
2013-02-13,0.0032976008419364
2013-02-14,-0.0029423463443251515
2013-02-15,0.003052538320703005
2013-02-19,-0.0006644239545224915
2013-02-20,0.003292396422283062
2013-02-21,0.0018350781466040284
2013-02-22,0.0033927662679992224
2013-02-25,0.006202630891384307
2013-02-26,0.0019269571240277642
2013-02-27,0.0019881244874857392
2013-02-28,0.005943884670092298
2013-03-01,0.00039586537432344937
2013-03-04,0.004717881768606593
2013-03-05,0.0015688436245786428
2013-03-06,-0.0011974402249245956
2013-03-07,-0.001346766929051267
2013-03-08,-0.0009011757208422308
2013-03-11,0.002367311594224329
2013-03-12,-0.004753593947542484
2013-03-13,0.005012557109284476
2013-03-14,-0.0027378456141108286
2013-03-15,-0.0027546330796096993
2013-03-18,-0.00015130917093854592
2013-03-19,0.01047120119154223
2013-03-20,0.0013458763074453285
2013-03-21,0.0011473565694802511
2013-03-22,0.007860853521763904
2013-03-25,0.0021904915521719533
2013-03-26,-0.0001341335549864491
2013-03-27,-0.0006585571475720807
2013-03-28,0.0018112168490330507
2013-04-01,0.0003984483810483959
2013-04-02,0.002157600222336269
2013-04-03,0.0009968601224497069
2013-04-04,0.0009481938013070105
2013-04-05,0.00012236438748581516
2013-04-08,-0.0014988732390146962
2013-04-09,-0.009767098554270047
2013-04-10,0.003956536317038344
2013-04-11,-0.004188229010576622
2013-04-12,0.005649430544374507
2013-04-15,0.015252926021528777
2013-04-16,-0.0037657988311303875
2013-04-17,-0.000555450947295921
2013-04-18,-0.004636974171654214
2013-04-19,0.007628376611788152
2013-04-22,0.0011974471628555495
2013-04-23,0.010782486255900227
2013-04-24,-0.005903108731871379
2013-04-25,-0.0054475550571485894
2013-04-26,-0.0003214991572320753
2013-04-29,-0.0026439538883720206
2013-04-30,0.00016710729061580312
2013-05-01,0.0035213784498370235
2013-05-02,-0.003184244287561578
2013-05-03,-0.0032676836813777597
2013-05-06,-0.0018437297814732126
2013-05-07,-0.0008617715361584779
2013-05-08,-0.0007328676656610574
2013-05-09,0.0008696519254204711
2013-05-10,-0.0004096530680411173
2013-05-13,0.0003586736784389222
2013-05-14,0.0022997185302440133
2013-05-15,0.009197855230257877
2013-05-16,0.006221248547933248
2013-05-17,-0.0019769014405791887
2013-05-20,-0.005435924668758387
2013-05-21,-0.0019057555178612245
2013-05-22,0.0010296945969062582
2013-05-23,0.004792416085662799
2013-05-24,0.0016871811473884292
2013-05-28,-0.0031740091480962035
2013-05-29,-0.0013291450488628785
2013-05-30,0.0003705036525394117
2013-05-31,0.0067846008418473765
2013-06-03,0.005012535013553033
2013-06-04,0.0036723677036858506
2013-06-05,0.0032946272960773884
2013-06-06,-0.004884012060119317
2013-06-07,0.003046342270438756
2013-06-10,-0.0002563525642121676
2013-06-11,0.0003480038028563009
2013-06-12,0.005390126343751024
2013-06-13,0.0005548330261568955
2013-06-14,0.0006660768813215899
2013-06-17,0.0017062523639534385
2013-06-18,-0.00038351115332452843
2013-06-19,0.002774812548287218
2013-06-20,0.005152148464679357
2013-06-21,-0.003283901780135678
2013-06-24,0.0012889047737562767
2013-06-25,-0.00016520790536988175
2013-06-26,-0.0036372952818004927
2013-06-27,0.0009435055604629535
2013-06-28,0.001516540998396249
2013-07-01,0.0006244623086343131
2013-07-02,0.0037158997643412604
2013-07-03,0.0005994533700015266
2013-07-05,-0.0014280147510266298
2013-07-08,0.0022740963615895345
2013-07-09,0.002041641928959208
2013-07-10,-0.002760360195494222
2013-07-11,-0.005830087065668037
2013-07-12,0.003056882272385839
2013-07-15,-0.004357417302962492
2013-07-16,0.0036242058564094994
2013-07-17,0.00074363635129262
2013-07-18,-0.006808956075381844
2013-07-19,-0.006114064623763233
2013-07-22,-0.0008462027973444837
2013-07-23,0.002953473318752706
2013-07-24,0.005445267054963778
2013-07-25,-0.0017737059000591583
2013-07-26,0.0017238885859615772
2013-07-29,0.0027108093784403305
2013-07-30,-0.0018482446870327772
2013-07-31,-0.0046890111001494945
2013-08-01,0.0006593558045917859
2013-08-02,0.00256789440584865
2013-08-05,0.0011409427694784955
2013-08-06,0.004420845061111896
2013-08-07,0.0014368470509880714
2013-08-08,-0.0039425252685759945
2013-08-09,-0.004491280274204782
2013-08-12,-0.0004632769361456121
2013-08-13,0.0024580239866617603
2013-08-14,-0.0002778550557522947
2013-08-15,-0.005177273047881621
2013-08-16,0.0033555023720154013
2013-08-19,0.0017573478888556681
2013-08-20,-0.002805899557029614
2013-08-21,-0.00040471658099965253
2013-08-22,-0.011124888796471624
2013-08-23,-0.0006629642196428539
2013-08-26,-0.0049062901222458296
2013-08-27,0.002268750973088844
2013-08-28,-0.002045458687591957
2013-08-29,0.0017092740175570996
2013-08-30,-0.0013347166002880355
2013-09-03,-0.003991935409205812
2013-09-04,0.006509949312433637
2013-09-05,-0.0036988654000570183
2013-09-06,0.0007843338474403533
2013-09-09,-0.003912232339722145
2013-09-10,-0.0010077355522729143
2013-09-11,-0.0019739112689263756
2013-09-12,0.0002227276400585432
2013-09-13,0.0021321870469627386
2013-09-16,-0.0009094422513563545
2013-09-17,0.0007366774774043437
2013-09-18,-0.002235078989332104
2013-09-19,-0.00331903700450521
2013-09-20,0.002600321320654209
2013-09-23,0.0009714349728596899
2013-09-24,0.001614878872880558
2013-09-25,0.00010704644762339816
2013-09-26,0.0006560293537790676
2013-09-27,-0.0016850293332766272
2013-09-30,0.003812415309324317
2013-10-01,-0.002181001429580878
2013-10-02,-0.0029325325470545317
2013-10-03,0.0005084342130956599
2013-10-04,-0.0028785060873993953
2013-10-07,0.0022676458308783496
2013-10-08,0.0035078609906455966
2013-10-09,0.0022026435690894208
2013-10-10,-0.003569614095966173
2013-10-11,-0.0037694771896541693
2013-10-14,0.0009460070758496228
2013-10-15,-5.557834392157289e-05
2013-10-16,-0.0016992679165054288
2013-10-17,0.0018322674876415437
2013-10-18,0.008004388635378503
2013-10-21,-0.0017447947333111011
2013-10-22,-0.004373544882072201
2013-10-23,0.003737912145332414
2013-10-24,0.0005368991815221545
2013-10-25,0.0054051986605609705
2013-10-28,-0.0006948538559732203
2013-10-29,0.00688172128027492
2013-10-30,0.0009125843917265328
2013-10-31,0.00340105061987468
2013-11-01,-0.0048714825894626695
2013-11-04,-0.001144741944489765
2013-11-05,0.0005652967784703386
2013-11-06,0.005797905784774761
2013-11-07,0.0003147931915219453
2013-11-08,0.0006480622873728632
2013-11-11,-0.001186664560714363
2013-11-12,0.001229910158207033
2013-11-13,-0.0011792577365186115
2013-11-14,-0.0022612747841777815
2013-11-15,0.0005456267391548246
2013-11-18,0.0010209389239575711
2013-11-19,0.0033170478475917984
2013-11-20,0.0003014173916654861
2013-11-21,-0.00019230725472745702
2013-11-22,-0.004493236774737202
2013-11-25,0.0033837895704435894
2013-11-26,0.0003539019960272656
2013-11-27,0.004927355708279896
2013-11-29,-0.0002956701461633084
2013-12-02,2.068325468862525e-05
2013-12-03,0.0013272242390100426
2013-12-04,0.00019923610851718275
2013-12-05,-0.0036740332903588864
2013-12-06,0.0023741435464615297
2013-12-09,-0.00230845019554361
2013-12-10,-0.002104097556623416
2013-12-11,0.004687860992297317
2013-12-12,-0.0021197972723382965
2013-12-13,-0.0025446958372890025
2013-12-16,-0.0006744567522463137
2013-12-17,0.000446408119690579
2013-12-18,-0.0019915897573970103
2013-12-19,-0.002657928279251683
2013-12-20,-0.0007584970768736848
2013-12-23,0.002207015964096479
2013-12-24,-0.00121089777434551
2013-12-26,-0.0021401681293274823
2013-12-27,-0.0003887451378260084
2013-12-30,-0.00033603400960521146
2013-12-31,-5.048888328784241e-05
2014-01-02,-0.0007553828072364322
2014-01-03,0.003572993434265016
2014-01-06,0.0055483250129044984
2014-01-07,-0.0038021369167501834
2014-01-08,-0.0023189639094679
2014-01-09,-0.0030517477254802484
2014-01-10,-0.0017764074125903723
2014-01-13,0.008233202579172594
2014-01-14,-0.01073389661548895
2014-01-15,0.005853980852107929
2014-01-16,-0.0026921473150345134
2014-01-17,-0.005787675980293089
2014-01-21,-0.005865262759935215
2014-01-22,-0.004160551789083232
2014-01-23,0.005864773391535131
2014-01-24,0.004410425968607664
2014-01-27,0.0007180742700082885
2014-01-28,-0.006035413394856651
2014-01-29,-0.002159749751806134
2014-01-30,-0.01239885275147831
2014-01-31,0.004754010551900384
2014-02-03,0.0003634581122105734
2014-02-04,-0.009200891417796326
2014-02-05,0.0032949756285295447
2014-02-06,-0.0006768407515633396
2014-02-07,-0.008012377506954717
2014-02-10,-0.004999643417505487
2014-02-11,-0.0004918217116899154
2014-02-12,-0.0007728508602557885
2014-02-13,-0.005800892087883246
2014-02-14,0.0016184783457482018
2014-02-18,-0.009088131602975353
2014-02-19,-0.000703746224100173
2014-02-20,0.0006628740450162554
2014-02-21,-0.0024683570299180732
2014-02-24,-0.004546987532690739
2014-02-25,0.0018881930820584315
2014-02-26,0.0077403400669209645
2014-02-27,-0.003664718456793147
2014-02-28,0.0032043145267852723
2014-03-03,0.0003844177235093069
2014-03-04,-9.589301427934271e-05
2014-03-05,0.0029421127596351068
2014-03-06,0.004117799650730894
2014-03-07,0.005528396048352383
2014-03-10,-0.000572472417493221
2014-03-11,0.001917579833499005
2014-03-12,-0.003197521137794287
2014-03-13,0.0030942872227746614
2014-03-14,-0.0006994634415195392
2014-03-17,-0.0012792068717316987
2014-03-18,-0.00044542669356657533
2014-03-19,-0.0009625997607572553
2014-03-20,0.006428730696549836
2014-03-21,0.006218723384413112
2014-03-24,0.003328045328105193
2014-03-25,0.0017170960722410094
2014-03-26,0.006305559607293835
2014-03-27,-0.00785294571356403
2014-03-28,0.003610324415504032
2014-03-31,-0.001633952162532318
2014-04-01,-0.003864238464733865
2014-04-02,6.334880235609175e-05
2014-04-03,0.002769825770837035
2014-04-04,0.001781916408556003
2014-04-07,0.0014842604399064492
2014-04-08,0.000540766317585164
2014-04-09,-0.010581041240718934
2014-04-10,0.008990793666550439
2014-04-11,0.0031630161587306326
2014-04-14,-0.00465648820118707
2014-04-15,-0.0026469028167217436
2014-04-16,-0.005464330132859663
2014-04-17,-0.0011377194420147476
2014-04-21,-0.00573894984978319
2014-04-22,-0.00856459456154984
2014-04-23,0.0026977561712632674
2014-04-24,0.003517475239382622
2014-04-25,0.005906072840189122
2014-04-28,0.008288394203646505
2014-04-29,-0.010343089045871305
2014-04-30,-0.004366829469092847
2014-05-01,-0.004904642170700622
2014-05-02,0.002857864117078163
2014-05-05,-0.006620428566999559
2014-05-06,-0.002324213744071366
2014-05-07,0.005916433007865323
2014-05-08,0.007301634279120103
2014-05-09,-0.002845540275703129
2014-05-12,-0.009299067465796161
2014-05-13,0.0038163924985050016
2014-05-14,0.0014178581639246216
2014-05-15,0.002202381952502313
2014-05-16,0.003351544448474018
2014-05-19,-0.003568578830953517
2014-05-20,0.0011805430356318445
2014-05-21,-0.0011487305084214932
2014-05-22,-0.0031974975122625927
2014-05-23,0.0012832429446188072
2014-05-27,-0.005383141515633944
2014-05-28,0.002407130617943825
2014-05-29,-0.0022211721976495738
2014-05-30,0.003764030722348396
2014-06-02,-0.0015095666256849203
2014-06-03,0.0005751889895231595
2014-06-04,0.0010919544166394623
2014-06-05,0.001773531905619006
2014-06-06,0.0009918345007143177
2014-06-09,0.00325782170746687
2014-06-10,7.63365149904894e-05
2014-06-11,-0.006975850933383321
2014-06-12,0.0005715033941199333
2014-06-13,0.001560732117085037
2014-06-16,0.0002010015024485556
2014-06-17,0.002595860784271907
2014-06-18,-0.0025390574432112333
2014-06-19,0.002026243738415797
2014-06-20,-0.004121386888351808
2014-06-23,0.0032128037469427283
2014-06-24,-0.005856940091828395
2014-06-25,-0.003926778880836253
2014-06-26,-0.0025182917404362746
2014-06-27,0.0016887458000087608
2014-06-30,0.0008541964210096748
2014-07-01,-0.002501292202586651
2014-07-02,0.0002399837239838312
2014-07-03,-6.630619000081231e-05
2014-07-07,0.006777430492249143
2014-07-08,0.0031135530997557282
2014-07-09,-0.0024900755293299783
2014-07-10,0.0023454333794690465
2014-07-11,0.00043633249847262103
2014-07-14,0.0016454700130114016
2014-07-15,0.006052143397869025
2014-07-16,-0.001439858753071931
2014-07-17,0.007426665260005867
2014-07-18,-0.0009323230592941315
2014-07-21,-0.0005388883060200349
2014-07-22,-0.0025537639741007256
2014-07-23,-0.007058905393853423
2014-07-24,-0.0013401836958138909
2014-07-25,-0.0021959863093197226
2014-07-28,0.0032276401684227228
2014-07-29,-0.0043212044847725775
2014-07-30,-0.002638521664150237
2014-07-31,0.0005224667182857351
2014-08-01,-0.0022581238282315635
2014-08-04,-0.004015600407229355
2014-08-05,0.0009529517606919785
2014-08-06,0.0056771011012207665
2014-08-07,0.002660066095031094
2014-08-08,-0.003858098918050393
2014-08-11,-0.0005755362562537308
2014-08-12,0.004361826967307803
2014-08-13,-0.005583196131661238
2014-08-14,0.0017865304894481237
2014-08-15,-0.002302686589707248
2014-08-18,0.0014069265603834226
2014-08-19,-0.001117446732035113
2014-08-20,-0.0020409425600046863
2014-08-21,0.004938017149906073
2014-08-22,0.000448252706067483
2014-08-25,-0.0027339961236769903
2014-08-26,-0.0007358298613994962
2014-08-27,0.0030791410424457345
2014-08-28,0.001839316161105113
2014-08-29,-0.0007582238664823117
2014-09-02,0.0017222136162308962
2014-09-03,-0.0027520670636644114
2014-09-04,0.0051682410931472795
2014-09-05,-0.0009007513374131592
2014-09-08,0.0007093768218755969
2014-09-09,-0.0005756689911456738
2014-09-10,-0.0018947475954485071
2014-09-11,0.0011029339051778705
2014-09-12,0.0034826224814362536
2014-09-15,0.004484146037115024
2014-09-16,-0.0072605953248611535
2014-09-17,0.004819590893473088
2014-09-18,0.002264278315242573
2014-09-19,0.002387347487412022
2014-09-22,0.006551074376378202
2014-09-23,-0.0041595112438826175
2014-09-24,-0.005140557480510582
2014-09-25,0.0035078244273363504
2014-09-26,-0.001385628811012974
2014-09-29,-0.0028449531850006132
2014-09-30,0.004581480662526164
2014-10-01,0.004126534433728534
2014-10-02,0.0033682339211699845
2014-10-03,-0.002431075235660904
2014-10-06,0.005883452652897402
2014-10-07,0.0010641153524215362
2014-10-08,-0.0018770542599183915
2014-10-09,0.004932535613192627
2014-10-10,0.006333126240427376
2014-10-13,0.011778832225066255
2014-10-14,0.008316943117860295
2014-10-15,-0.007676263020688516
2014-10-16,-0.019394832833696522
2014-10-17,-0.0035805796507513248
2014-10-20,-0.0016894311668278754
2014-10-21,-0.014411723914464112
2014-10-22,0.011268089224470614
2014-10-23,-0.011245405658231252
2014-10-24,-0.00423735517181543
2014-10-27,0.0038604814159645
2014-10-28,-0.008067731709311323
2014-10-29,0.0034594768471158848
2014-10-30,-0.0026502994675803664
2014-10-31,-0.002864607300901891
2014-11-03,0.0035262992894585002
2014-11-04,0.007028892919884895
2014-11-05,0.0002475939961802342
2014-11-06,-0.0026283138393590954
2014-11-07,0.0035132936159226304
2014-11-10,0.0011720966968754463
2014-11-11,0.0009231529568276116
2014-11-12,0.0052223835634735895
2014-11-13,0.0050147011378209394
2014-11-14,0.0004662263890934076
2014-11-17,0.002105889201660071
2014-11-18,-0.004158488240487911
2014-11-19,0.001116228790296232
2014-11-20,-0.00012793695981276308
2014-11-21,-0.0029998681526586727
2014-11-24,-0.0029398772267098935
2014-11-25,0.002531595808774351
2014-11-26,0.005485099598010288
2014-11-28,0.020224512217335087
2014-12-01,-2.862576292287293e-05
2014-12-02,-0.004003390596235621
2014-12-03,-0.003667513781083627
2014-12-04,0.002051777418827094
2014-12-05,0.0011121084582113943
2014-12-08,0.005170711100638702
2014-12-09,-0.01125610493285147
2014-12-10,0.01002940850919352
2014-12-11,0.0033633984499654465
2014-12-12,-0.002053012869060749
2014-12-15,0.00041632653934711787
2014-12-16,-0.004795755301272706
2014-12-17,-0.008507739069100902
2014-12-18,-0.0007952060992940397
2014-12-19,-0.015720522233060544
2014-12-22,0.017395031583413854
2014-12-23,0.002233795950611025
2014-12-24,0.0009005079681929799
2014-12-26,-0.0022186040708323898
2014-12-29,-0.0024062307240061026
2014-12-30,0.0039890257416091675
2014-12-31,-0.0004483763096397319
2015-01-02,-0.0036544534765930053
2015-01-05,0.010564269739200776
2015-01-06,0.003549031399194217
2015-01-07,0.0012019524174026485
2015-01-08,-0.0008628363407467054
2015-01-09,-0.005385567583783529
2015-01-12,0.007827225141384696
2015-01-13,-0.0014949732943525416
2015-01-14,-0.007349479346711371
2015-01-15,0.002131273530453933
2015-01-16,-0.0053185898500965
2015-01-20,0.0002470792315688157
2015-01-21,0.002839785964075351
2015-01-22,0.006320782369208793
2015-01-23,-0.0021855926542619325
2015-01-26,-0.004754776378023076
2015-01-27,-0.0024224201642400584
2015-01-28,0.005682817745472615
2015-01-29,-0.001502976372093914
2015-01-30,0.0028407613176063243
2015-02-02,-0.0018264558404459375
2015-02-03,-0.0003560537023754085
2015-02-04,0.009144264975297304
2015-02-05,-0.0009930082269426909
2015-02-06,0.004558949791137551
2015-02-09,0.002747347221485621
2015-02-10,0.002855314867418793
2015-02-11,0.0012258317603783366
2015-02-12,0.001387068657481706
2015-02-13,-0.006598569821125641
2015-02-17,-0.0025074849150935868
2015-02-18,0.001360421101881374
2015-02-19,-0.0032488044342706395
2015-02-20,-0.00344057472673526
2015-02-23,-0.0005359944179438317
2015-02-24,0.004212062970728731
2015-02-25,0.0026110028812909043
2015-02-26,0.0026309681608040515
2015-02-27,0.000990712081518
2015-03-02,0.0025753726329292904
2015-03-03,-0.0016966691497331617
2015-03-04,-0.001983192026250874
2015-03-05,-0.0040702634773179406
2015-03-06,0.0026905964849723886
2015-03-09,0.0008112091617989348
2015-03-10,-0.0019816353529097256
2015-03-11,-0.0018155758776785757
2015-03-12,0.0005529451386966058
2015-03-13,-0.0013234143089170898
2015-03-16,-0.006926624122883837
2015-03-17,-0.004780109679465924
2015-03-18,-0.002783220421051035
2015-03-19,-0.006494085228880069
2015-03-20,0.0005340401353984821
2015-03-23,0.00558180407478238
2015-03-24,0.0011111878405957593
2015-03-25,0.0010156808897571297
2015-03-26,0.003039946969991266
2015-03-27,-0.0024326900890071367
2015-03-30,0.0010166947024172071
2015-03-31,0.004473921908032901
2015-04-01,-0.0007435845942843913
2015-04-02,-0.0012686871600423955
2015-04-06,-0.000390048711472697
2015-04-07,-0.0033949650398252622
2015-04-08,-0.0018454179340550304
2015-04-09,-0.0026163887848051587
2015-04-10,-0.0006755046225742408
2015-04-13,0.005313725634865684
2015-04-14,-0.0027499896126011864
2015-04-15,0.0001523108779847176
2015-04-16,0.008015104218815008
2015-04-17,0.004574782247980272
2015-04-20,0.0019173261133985748
2015-04-21,-0.0033917963845521326
2015-04-22,4.895814667576144e-05
2015-04-23,0.0012737646851250554
2015-04-24,0.01006344210902744
2015-04-27,0.005488201766405817
2015-04-28,0.0010143849186065724
2015-04-29,0.004618037942708624
2015-04-30,0.0011426216387547146
2015-05-01,-0.005367624894888311
2015-05-04,0.0024723232002572355
2015-05-05,0.0018351436615277675
2015-05-06,0.0015440417169416184
2015-05-07,0.0013815443862962963
2015-05-08,-0.0023102103079563983
2015-05-11,0.004338740627510792
2015-05-12,-0.003794536854272928
2015-05-13,0.0011423799021980637
2015-05-14,-0.0016270713028451423
2015-05-15,0.0026432053815888556
2015-05-18,0.0006018903318534669
2015-05-19,0.0035903729085773467
2015-05-20,-0.00308113995824371
2015-05-21,-0.003564663719990564
2015-05-22,-0.003025367302236908
2015-05-26,0.0018355823701693738
2015-05-27,-0.0018297338341596542
2015-05-28,0.005922037406942973
2015-05-29,0.0004175275525776115
2015-06-01,0.0007478370277956059
2015-06-02,0.0012501927485796204
2015-06-03,0.0026014132741699393
2015-06-04,0.0007956999234521414
2015-06-05,-0.004853753869726055
2015-06-08,0.0025665163998818
2015-06-09,0.0012430417519479885
2015-06-10,-0.0012719037260127688
2015-06-11,-0.0013619524634541924
2015-06-12,0.001403494662403262
2015-06-15,-0.005883657643247117
2015-06-16,0.002492666237914888
2015-06-17,0.0020773485747410513
2015-06-18,-0.0009229491483652143
2015-06-19,-0.0015282805924758743
2015-06-22,-0.002040343120236332
2015-06-23,0.001769536057189618
2015-06-24,0.005266637486682591
2015-06-25,-0.001721571210155939
2015-06-26,0.002802439596760543
2015-06-29,0.002809573130800459
2015-06-30,-0.0033481559223268948
2015-07-01,0.0014631774777792384
2015-07-02,-0.0008679577908610807
2015-07-06,0.0034755910850837956
2015-07-07,-0.0054793994850158715
2015-07-08,0.0007845864311741486
2015-07-09,-0.002221536179775968
2015-07-10,0.00037075153659069435
2015-07-13,0.0015310353469755518
2015-07-14,-0.0054424278571541616
2015-07-15,0.00018269420418900998
2015-07-16,0.005191974641757292
2015-07-17,0.0063475711441601445
2015-07-20,-0.0017707254648703797
2015-07-21,0.002986229028842627
2015-07-22,0.0012364441396903228
2015-07-23,-0.004514674521660937
2015-07-24,0.010706355099216637
2015-07-27,0.001223909539433476
2015-07-28,-0.008663759359074208
2015-07-29,0.004415808191191745
2015-07-30,-0.002214549909197946
2015-07-31,-0.00365341814479062
2015-08-03,-0.0007830010334046614
2015-08-04,-0.002701564148621292
2015-08-05,-0.003079759100407729
2015-08-06,0.012315938499230033
2015-08-07,-0.0038776860229605623
2015-08-10,-0.005854733622398408
2015-08-11,-0.003285547642715278
2015-08-12,-0.0031991093161195024
2015-08-13,0.010855162607223355
2015-08-14,0.005115158851522544
2015-08-17,-0.0030006708941857753
2015-08-18,8.242017521903743e-05
2015-08-19,0.0027569718009270035
2015-08-20,0.006469519521693864
2015-08-21,0.0009312765625039783
2015-08-24,-0.0029710815711332115
2015-08-25,-0.0076085288439028086
2015-08-26,-0.005537046603359023
2015-08-27,-0.00218328094588686
2015-08-28,-0.003238663527760052
2015-08-31,0.0012327894776756026
2015-09-01,-0.0017785986234181306
2015-09-02,-0.003906267234868088
2015-09-03,0.002369537713706817
2015-09-04,-0.00638165236050136
2015-09-08,-0.0028404344167177265
2015-09-09,-0.0002277644363335082
2015-09-10,-0.0007480998899897415
2015-09-11,-0.0008336230362523422
2015-09-14,-0.0002600846988112026
2015-09-15,0.001550166951082005
2015-09-16,0.0005848537701161624
2015-09-17,-0.004111931540922202
2015-09-18,-0.002894964552559118
2015-09-21,0.003726768767507894
2015-09-22,-0.005012089086581846
2015-09-23,-0.0038479167396293147
2015-09-24,0.007493397870182988
2015-09-25,0.009779650357373047
2015-09-28,0.008867008573886141
2015-09-29,-0.002027748252081273
2015-09-30,-0.0029152953059033804
2015-10-01,-0.008060829389690998
2015-10-02,-0.002216712718891984
2015-10-05,0.008734850923540738
2015-10-06,0.006957247048893941
2015-10-07,0.003468350813845369
2015-10-08,-0.0008162494648018145
2015-10-09,-0.003023415516913677
2015-10-12,0.0025120058295977493
2015-10-13,0.0040957030122029635
2015-10-14,-0.004164972851288776
2015-10-15,-0.006617787319904346
2015-10-16,-0.0019078329782974762
2015-10-19,0.00031867721512743557
2015-10-20,0.006870235189599523
2015-10-21,-0.0014487733762336289
2015-10-22,0.004776894487102328
2015-10-23,0.000515719620922079
2015-10-26,-0.00031726474038519634
2015-10-27,-0.007909931141977172
2015-10-28,0.006915407114818321
2015-10-29,-0.00727255090834633
2015-10-30,-0.0013735420003821528
2015-11-02,-0.00567011601153184
2015-11-03,-0.0022616191487560035
2015-11-04,0.004452813190032112
2015-11-05,-0.0021858085909598735
2015-11-06,0.005814976915416299
2015-11-09,-0.003293391294332695
2015-11-10,0.0011996500817289006
2015-11-11,0.0019150400475625503
2015-11-12,0.0007850519505275202
2015-11-13,-0.0041611995543439865
2015-11-16,0.0007761243334701339
2015-11-17,0.0012636000264443755
2015-11-18,-4.040022156295194e-05
2015-11-19,0.009078352787166902
2015-11-20,-0.003117062711449027
2015-11-23,-0.0006671837205379904
2015-11-24,-0.0013158103386089835
2015-11-25,-0.0011507344888026562
2015-11-27,-0.00032198252310587736
2015-11-30,0.004932663989467324
2015-12-01,-0.007425883172460544
2015-12-02,-0.0025972147293390918
2015-12-03,0.005594212272619847
2015-12-04,0.0003241302765863136
2015-12-07,-0.011778874886509083
2015-12-08,-0.008035662957037901
2015-12-09,-0.003291887942698138
2015-12-10,0.0003540784988881757
2015-12-11,0.00190341621486392
2015-12-14,-0.006786334766094054
2015-12-15,0.0026435142793049867
2015-12-16,0.002059062086898967
2015-12-17,-0.004563501251517903
2015-12-18,-0.003048264972284199
2015-12-21,-3.988009315130029e-05
2015-12-22,0.0017863666852398906
2015-12-23,-4.626510443248065e-05
2015-12-24,-0.0011893580182026904
2015-12-28,0.0007153787662104629
2015-12-29,-0.004604249327847914
2015-12-30,-0.0028633055018712546
2015-12-31,-0.0008655459462225585
2016-01-04,-0.0015453013368883408
2016-01-05,-0.0033017864845768644
2016-01-06,-0.000993350236017538
2016-01-07,0.004861313203988222
2016-01-08,0.0006703411573904859
2016-01-11,0.004947822819008362
2016-01-12,-0.0042897882932406515
2016-01-13,0.007030790530949669
2016-01-14,-0.0043572530151340695
2016-01-15,0.0022863291055601875
2016-01-19,0.0027735324517495887
2016-01-20,-0.004327047575084965
2016-01-21,0.007327069433888536
2016-01-22,-0.009502057039589205
2016-01-25,0.006898461407512365
2016-01-26,0.004139834726597391
2016-01-27,0.007897447341272214
2016-01-28,0.0026375838726822353
2016-01-29,-0.00021120802853833093
2016-02-01,0.0022928510396595303
2016-02-02,0.0023901148624543215
2016-02-03,-0.006424155970394212
2016-02-04,0.006292758493445189
2016-02-05,0.011051262549658776
2016-02-08,0.011459986380848969
2016-02-09,-0.0060014951428746955
2016-02-10,-0.004531525973211679
2016-02-11,-0.004235428534705186
2016-02-12,0.008754341891359154
2016-02-16,-0.004108246703097444
2016-02-17,0.00041671999839971134
2016-02-18,0.0036163438054327987
2016-02-19,-0.006435418967934248
2016-02-22,-0.0011876943889113137
2016-02-23,-0.0011971102218521368
2016-02-24,-0.008320515615904939
2016-02-25,5.580827766556336e-05
2016-02-26,-0.003049049543270818
2016-02-29,0.007229337039934996
2016-03-01,-0.007485329320848587
2016-03-02,0.004805414659882168
2016-03-03,-0.0027421195996972956
2016-03-04,0.004621449492631454
2016-03-07,-0.004295194436681296
2016-03-08,0.005416345874708949
2016-03-09,-0.003192367166750303
2016-03-10,0.004077732825715566
2016-03-11,-0.008783410209617008
2016-03-14,0.006763046871462082
2016-03-15,0.008317584729987353
2016-03-16,0.0016069957158607133
2016-03-17,0.0019496161717503513
2016-03-18,-0.0060635714731493455
2016-03-21,-0.0007570962199704261
2016-03-22,-0.0032085356636914765
2016-03-23,0.0016584234689360215
2016-03-24,-0.0038287419824221693
2016-03-28,0.004368055979350678
2016-03-29,0.0006567493359097171
2016-03-30,0.0054052276936300235
2016-03-31,-0.0008222791195890197
2016-04-01,-0.0034852427063280537
2016-04-04,-0.0019567407472326393
2016-04-05,0.004339419278044324
2016-04-06,-0.009086545939591585
2016-04-07,-0.0016865498683831409
2016-04-08,0.0038077597307075023
2016-04-11,0.003954570419466559
2016-04-12,-0.007715037813106698
2016-04-13,0.004407382692984494
2016-04-14,0.0001822653627845605
2016-04-15,0.0026754330210537096
2016-04-18,-0.007589928748638742
2016-04-19,0.0012258294324320438
2016-04-20,0.0014941613402682818
2016-04-21,-0.011619207996136393
2016-04-22,-0.0025330334388805518
2016-04-25,0.0048846175472660154
2016-04-26,0.0015357216841253613
2016-04-27,0.001050087678033158
2016-04-28,-0.000984552091423362
2016-04-29,0.002738877902541054
2016-05-02,-0.0015417964234990796
2016-05-03,0.0007744126688288917
2016-05-04,0.005330443423030575
2016-05-05,-0.0022042147068569383
2016-05-06,0.019963127716173257
2016-05-09,-0.0011294583732764756
2016-05-10,-0.0019363353791473196
2016-05-11,0.005511224597892274
2016-05-12,0.0025787655066092825
2016-05-13,-0.0013900397821495244
2016-05-16,-0.0019379819542365109
2016-05-17,-0.0023002166734271486
2016-05-18,0.002000936975283817
2016-05-19,0.007289781626329493
2016-05-20,0.004831112354016653
2016-05-23,0.001528876212021542
2016-05-24,-0.003501291221136954
2016-05-25,-0.002887608819171569
2016-05-26,0.0011531826854903368
2016-05-27,0.0007191804964165151
2016-05-31,-0.00171353592843389
2016-06-01,-0.005069682574614862
2016-06-02,-0.004123132214126429
2016-06-03,0.0006034761259892172
2016-06-06,-0.00503893004585762
2016-06-07,0.0030103375827638746
2016-06-08,-0.004182072534254213
2016-06-09,0.003627982436317852
2016-06-10,0.0004888398973084017
2016-06-13,0.0017333326951212036
2016-06-14,-0.0007706242619550099
2016-06-15,0.0004339037980180094
2016-06-16,0.0034779516962625905
2016-06-17,0.0008796631683876986
2016-06-20,0.0007691912909181362
2016-06-21,0.0018243373097289386
2016-06-22,7.429870154813244e-05
2016-06-23,0.004736762346320431
2016-06-24,-0.0016248911368543033
2016-06-27,0.0030053147730823293
2016-06-28,0.00142739298113213
2016-06-29,-0.0004917040673417699
2016-06-30,0.004666074264757058
2016-07-01,-0.0025736773308598377
2016-07-05,-0.00039097931289303636
2016-07-06,-0.002360436431464859
2016-07-07,0.004427489464050766
2016-07-08,0.0028564924731998066
2016-07-11,0.0014349507506192852
2016-07-12,-0.00481100948009263
2016-07-13,0.006116930029979928
2016-07-14,-0.0007968074962617234
2016-07-15,-0.0029713470002155624
2016-07-18,-0.0008143621614535671
2016-07-19,0.0018849588692634294
2016-07-20,-0.0036069848446603514
2016-07-21,-0.004926782644605327
2016-07-22,-0.003007456934945576
2016-07-25,0.00411886832980501
2016-07-26,-0.0027262283677027257
2016-07-27,-0.004128845985373696
2016-07-28,-0.007236985398261404
2016-07-29,0.0025812107766536867
2016-08-01,-0.0023096016713600826
2016-08-02,-0.0013921653727003087
2016-08-03,-0.003326216171052358
2016-08-04,0.0014884065718603877
2016-08-05,-0.0007880617888205715
2016-08-08,-0.0015432128313520187
2016-08-09,0.0007891720949038585
2016-08-10,-0.0028679146540073145
2016-08-11,-0.002116129129337211
2016-08-12,-0.0006876976987548772
2016-08-15,-0.00307015016600957
2016-08-16,-0.0010725966311090072
2016-08-17,0.0033106141864128846
2016-08-18,-0.0008819774690904307
2016-08-19,0.001866978432779325
2016-08-22,-0.005805331371128301
2016-08-23,-0.000747101324711871
2016-08-24,0.008643091468098694
2016-08-25,0.00808000329924249
2016-08-26,0.001971582465503044
2016-08-29,0.0036565542319229385
2016-08-30,-0.0014153420339784407
2016-08-31,0.0032664604126984085
2016-09-01,0.0007430679243881251
2016-09-02,-0.001803071735618248
2016-09-06,-0.0014484759058561256
2016-09-07,-0.004182696639725658
2016-09-08,-0.008411171426308277
2016-09-09,-0.0027542560471325505
2016-09-12,-0.00137598764581243
2016-09-13,0.0032411332921380392
2016-09-14,0.0004619526057866532
2016-09-15,-0.0005392290581408607
2016-09-16,-0.0024128988155719916
2016-09-19,0.0035503202049146443
2016-09-20,0.0005708000233281149
2016-09-21,-0.0037257698155509483
2016-09-22,0.0005965946134678142
2016-09-23,0.0016552362887236626
2016-09-26,0.0014564393062138394
2016-09-27,0.0020141359446275288
2016-09-28,-0.001515414772430536
2016-09-29,0.005577103260775507
2016-09-30,0.003610865557405004
2016-10-03,-0.0011356261215602337
2016-10-04,0.0009406631683991885
2016-10-05,0.004256544640990347
2016-10-06,-0.000314404050569057
2016-10-07,0.0001006324603203968
2016-10-10,-0.008813315741321569
2016-10-11,0.007199433814086135
2016-10-12,0.006408133972856325
2016-10-13,-0.00329373704003186
2016-10-14,0.0024015483013148727
2016-10-17,-0.0008440629803291367
2016-10-18,0.0011300784702432986
2016-10-19,0.0010541921849369351
2016-10-20,-0.005669423702017231
2016-10-21,0.0037528726286030303
2016-10-24,0.00548928641907667
2016-10-25,-0.0015164235365206725
2016-10-26,-0.004587901649860506
2016-10-27,-0.0007039481835458307
2016-10-28,0.00415024289280087
2016-10-31,0.0049060038203949
2016-11-01,-0.00444792862184196
2016-11-02,0.0029359896595180556
2016-11-03,0.010743716595942789
2016-11-04,-0.00444783410728454
2016-11-07,0.0007688147234405978
2016-11-08,0.0009215058361855249
2016-11-09,-0.009535087951865596
2016-11-10,-0.000575499045238009
2016-11-11,0.012608399885102118
2016-11-14,-0.0007369055932843787
2016-11-15,-0.0004719329654245081
2016-11-16,0.0013221255550298963
2016-11-17,-0.0022444544513686594
2016-11-18,0.006955678351474396
2016-11-21,0.0004215768328821913
2016-11-22,0.006172092190996605
2016-11-23,0.002615649884541937
2016-11-25,0.0022520965842172044
2016-11-28,-0.0015697425056214877
2016-11-29,-0.005413722750787588
2016-11-30,0.007538350618459742
2016-12-01,0.004170244633461166
2016-12-02,-0.002037328327042236
2016-12-05,0.0029172187139902567
2016-12-06,3.309093839612501e-05
2016-12-07,0.013605542822721455
2016-12-08,-3.632661860205949e-05
2016-12-09,0.0022203090277959437
2016-12-12,0.0003263436452280264
2016-12-13,-0.001141363906864685
2016-12-14,0.0013586151329682242
2016-12-15,-0.00030515697183813016
2016-12-16,-0.0023244164490812545
2016-12-19,0.005640224643146818
2016-12-20,0.0008849462902364008
2016-12-21,0.003526150182779319
2016-12-22,-0.001989301814797931
2016-12-23,-0.0029175908409212093
2016-12-27,0.00038277180990050166
2016-12-28,-4.132263662135621e-05
2016-12-29,-0.0013446842897631506
2016-12-30,0.00041195929994559336
2017-01-03,-0.00029213382402408175
2017-01-04,0.000992635375335282
2017-01-05,-0.004177225277075384
2017-01-06,-0.00011842648968116371
2017-01-09,-0.0025540476027908097
2017-01-10,-0.005720129840210121
2017-01-11,0.0034207327722482295
2017-01-12,-0.0018464350566471067
2017-01-13,0.0013335282278340614
2017-01-17,-0.001055075532952047
2017-01-18,0.001119598650107998
2017-01-19,0.010807948202206081
2017-01-20,-0.0011528209145750664
2017-01-23,0.0018966002270310149
2017-01-24,0.004713987180071594
2017-01-25,-0.0010410130694308646
2017-01-26,0.0019563188541671227
2017-01-27,-0.00012057907551497962
2017-01-30,-0.0005985228665384561
2017-01-31,-0.004884329052176058
2017-02-01,-0.000460387302844166
2017-02-02,0.0021378343095004525
2017-02-03,-0.0005482761833903968
2017-02-06,0.00043854129721234894
2017-02-07,0.0031887803893675903
2017-02-08,-0.0027325630524943907
2017-02-09,-0.009161969305186484
2017-02-10,0.0013923017148796367
2017-02-13,-0.0055078597453817445
2017-02-14,-0.0022865982629267172
2017-02-15,-0.002963269048495384
2017-02-16,0.003770792816656373
2017-02-17,0.0014080864585733093
2017-02-21,0.004667726410895579
2017-02-22,0.0016180299354329297
2017-02-23,0.000661091155252325
2017-02-24,-0.0034805868248252835
2017-02-27,-0.005341709383457789
2017-02-28,0.003173554182318163
2017-03-01,-0.0024503625251041457
2017-03-02,0.0024327142378887737
2017-03-03,-0.0022918491396892154
2017-03-06,0.0019581098748963134
2017-03-07,0.0029749106938429556
2017-03-08,0.00039239145524810074
2017-03-09,0.000933099061937582
2017-03-10,0.0023419041394442163
2017-03-13,-0.0034092898453669356
2017-03-14,0.0029759579612587427
2017-03-15,-0.0015539917862065326
2017-03-16,0.004690823134566101
2017-03-17,0.001023252633161254
2017-03-20,0.0022954283377311087
2017-03-21,0.0004988831758100175
2017-03-22,0.0010662486934403259
2017-03-23,0.0015532387979897897
2017-03-24,0.0024861133021844123
2017-03-27,-0.000612185231884909
2017-03-28,-0.002228318991020264
2017-03-29,-0.00505113309011753
2017-03-30,0.0022212500385145415
2017-03-31,0.00010029998074897639
2017-04-03,0.0011010813108161591
2017-04-04,-0.00288374656531027
2017-04-05,-0.0005096348294610393
2017-04-06,-0.0044698645645473946
2017-04-07,-0.0013529778830807093
2017-04-10,-0.0025583094479394624
2017-04-11,-0.0026008781844606907
2017-04-12,0.002878255412962281
2017-04-13,0.002732481186442426
2017-04-17,0.002380664876777926
2017-04-18,0.005250223320136751
2017-04-19,-0.00039731014619508545
2017-04-20,-0.003155262197475563
2017-04-21,0.0010206658657698506
2017-04-24,-0.0033674280957982847
2017-04-25,0.00035134153703551265
2017-04-26,-5.7287925093048716e-08
2017-04-27,0.004824362893900449
2017-04-28,-0.0009920648831495643
2017-05-01,-0.0006351493938293227
2017-05-02,-0.003943332051818675
2017-05-03,-0.0004041768533486672
2017-05-04,0.0005993135325425861
2017-05-05,-0.0004230741303772457
2017-05-08,0.0009709355623335415
2017-05-09,-0.0020593200101076095
2017-05-10,0.0055841411747311115
2017-05-11,-0.001221825655553982
2017-05-12,7.753257126639078e-05
2017-05-15,-0.00038070758582804963
2017-05-16,-0.0006911331456214855
2017-05-17,-1.395665743223437e-05
2017-05-18,9.257384235646698e-05
2017-05-19,-0.0024851088965091787
2017-05-22,0.0020123978749996985
2017-05-23,0.0043040367112034805
2017-05-24,-0.0029035708993280307
2017-05-25,0.002739399628199444
2017-05-26,-0.0007862324014056179
2017-05-30,0.0051772862705854435
2017-05-31,-0.0012744936815185118
2017-06-01,-0.00558631098778987
2017-06-02,-0.0018244125978849313
2017-06-05,0.0017807241254267014
2017-06-06,-0.000940415092771516
2017-06-07,0.00119205128974055
2017-06-08,0.003097477484493245
2017-06-09,-0.0035590351637487163
2017-06-12,0.0011504023766232135
2017-06-13,-0.006163392830452932
2017-06-14,-0.0021331515798618927
2017-06-15,-0.0033545625858281635
2017-06-16,-0.00041140961246067067
2017-06-19,-0.0026367624721742675
2017-06-20,-0.005543088080629909
2017-06-21,-0.005764686949486507
2017-06-22,0.0019460102100165928
2017-06-23,0.0016647109764951393
2017-06-26,0.0035281512910713985
2017-06-27,0.0022859753095351132
2017-06-28,-0.0015091764083571563
2017-06-29,0.0019210692164915643
2017-06-30,0.0012360289467360092
2017-07-03,0.0009240923594250837
2017-07-05,-0.0028874084159627132
2017-07-06,0.00025469492609038593
2017-07-07,-0.0008270091115514324
2017-07-10,-0.0007591983490091792
2017-07-11,-0.0038557971219331617
2017-07-12,-0.001337160316256041
2017-07-13,-0.001434749117674388
2017-07-14,0.0023767593507928483
2017-07-17,-0.0009556197865197416
2017-07-18,0.0028509607207649916
2017-07-19,-0.006658000178616983
2017-07-20,0.0003802091281851247
2017-07-21,-0.0023118215042946984
2017-07-24,-0.005500600590772134
2017-07-25,0.0042061818210373135
2017-07-26,-0.0021456256775967335
2017-07-27,0.0010180216743201928
2017-07-28,-0.003915372585782471
2017-07-31,-0.0008266283750626177
2017-08-01,0.00036400167016278695
2017-08-02,-0.0005518898468905044
2017-08-03,0.005683333333069897
2017-08-04,0.001454271179136149
2017-08-07,-0.0018260709354428759
2017-08-08,-0.0008625562412870734
2017-08-09,-0.0020074709508293978
2017-08-10,0.0005945966381707812
2017-08-11,-0.0036875076166512635
2017-08-14,0.0030440449700678027
2017-08-15,0.00015199956095354565
2017-08-16,-0.0022498367439537014
2017-08-17,-0.0024034078454160317
2017-08-18,-0.0016341681796435072
2017-08-21,-0.002034809135440572
2017-08-22,-0.003978660302967664
2017-08-23,0.004515649047111707
2017-08-24,-0.0033071353148011727
2017-08-25,0.002796502808006219
2017-08-28,-0.0008502837447650062
2017-08-29,-0.002160558074015052
2017-08-30,-0.0015947576884285325
2017-08-31,-0.006063212664516477
2017-09-01,0.0004304928069245199
2017-09-05,-0.003461347759247632
2017-09-06,0.00456244719553217
2017-09-07,-0.0038827067420742116
2017-09-08,-0.004017062164874094
2017-09-11,0.004570256827900177
2017-09-12,0.0037421137902133987
2017-09-13,0.0017365281428398157
2017-09-14,0.0015344662127579022
2017-09-15,0.0057376085835281684
2017-09-18,0.002312436057235665
2017-09-19,0.0063723516106192046
2017-09-20,-0.0006088528083260275
2017-09-21,-0.00019269500573237082
2017-09-22,-0.0016036605178340435
2017-09-25,0.002716264943400663
2017-09-26,5.84937233947578e-05
2017-09-27,-0.0005320660175349129
2017-09-28,-0.0009960887609841255
2017-09-29,-0.00552663041281712
2017-10-02,-0.005764751878283713
2017-10-03,-0.00030691324245882035
2017-10-04,0.0031204923658698573
2017-10-05,0.0020713229323509772
2017-10-06,0.0009225156774345232
2017-10-09,0.004269291889019689
2017-10-10,0.0030952897221403486
2017-10-11,0.0004917414826918639
2017-10-12,-0.0010770274364778779
2017-10-13,0.003699486990887069
2017-10-16,0.0017346636342338835
2017-10-17,-0.002837383494290593
2017-10-18,-0.002095948833307705
2017-10-19,0.0003172389181172205
2017-10-20,0.001023860268474799
2017-10-23,0.00388217594779366
2017-10-24,0.004549410412015965
2017-10-25,-0.009333758322688748
2017-10-26,0.008255592122375949
2017-10-27,0.003117048811761158
2017-10-30,-0.00043951504927540724
2017-10-31,-0.004026613841339644
2017-11-01,-0.0007500577663204517
2017-11-02,0.007577962337053116
2017-11-03,-0.0030664940988128064
2017-11-06,-0.00036018200320998947
2017-11-07,-0.0012263427120327401
2017-11-08,-0.000719789612204508
2017-11-09,-0.0021185747738654355
2017-11-10,0.0007905039058379213
2017-11-13,0.0012432641635678992
2017-11-14,0.003153297690481337
2017-11-15,-0.0008923587240081897
2017-11-16,-0.0005837424428648788
2017-11-17,0.0009924331626122713
2017-11-20,0.0024378979383562725
2017-11-21,-0.002159472998189706
2017-11-22,-0.0025687274788013924
2017-11-24,0.0018053209032622337
2017-11-27,-0.0009146747570404932
2017-11-28,0.00318148066697184
2017-11-29,0.001502577933195181
2017-11-30,-0.0019170264608972531
2017-12-01,0.005360819097975895
2017-12-04,0.008342059343074089
2017-12-05,0.00042095861378601
2017-12-06,0.00026815615890197635
2017-12-07,-5.563621301418393e-06
2017-12-08,-0.0037219928529566007
2017-12-11,0.0015566559305716726
2017-12-12,0.0032912487840708465
2017-12-13,-0.0013143651354509051
2017-12-14,0.0023462149188567083
2017-12-15,-0.0014266498448077352
2017-12-18,0.003379048724819447
2017-12-19,0.0018157005505892534
2017-12-20,-0.0030375730827755087
2017-12-21,0.0036110066430434765
2017-12-22,-0.0006610094765083353
2017-12-26,-0.00040628832761694387
2017-12-27,-4.022321885370563e-05
2017-12-28,3.728375561777518e-05
2017-12-29,-0.002138010583863501
2018-01-02,-0.0026890517604230366
2018-01-03,-0.0005750830819855636
2018-01-04,0.0019340242762801757
2018-01-05,-0.0033505302451054438
2018-01-08,0.004931183105778037
2018-01-09,-0.00948795427293927
2018-01-10,-0.003130684169275289
2018-01-11,-0.0005629412675066221
2018-01-12,-0.003185218871986165
2018-01-16,-0.0001233195868089855
2018-01-17,-2.570294342861914e-05
2018-01-18,0.0019656593842134733
2018-01-19,0.002325204333990587
2018-01-22,-0.0005546961546385037
2018-01-23,0.0012149990060292843
2018-01-24,-0.0004885101398872949
2018-01-25,-0.007143541790217935
2018-01-26,0.0037544030801005797
2018-01-29,0.002124168323731826
2018-01-30,0.0004931877928403989
2018-01-31,0.001153926041857794
2018-02-01,0.0031835454144731033
2018-02-02,-0.0022634005525456993
2018-02-05,-0.0026845873903103127
2018-02-06,-0.0016317314916436062
2018-02-07,-0.0034131780381365276
2018-02-08,0.004263317449368335
2018-02-09,-0.005881395714920657
2018-02-12,0.0037091134380222665
2018-02-13,0.004860935479542426
2018-02-14,0.007116444237807343
2018-02-15,0.0007650869352164812
2018-02-16,0.0017509486645505903
2018-02-20,-0.0006922428906497202
2018-02-21,-0.0024125024727369455
2018-02-22,-0.0068130081207454975
2018-02-23,-0.001674739813028678
2018-02-26,3.2735385002325475e-05
2018-02-27,-2.8227703958607145e-05
2018-02-28,0.003909163389454643
2018-03-01,0.0038269523414687146
2018-03-02,0.002826504067221136
2018-03-05,-0.0009665916955389163
2018-03-06,0.004068168779113047
2018-03-07,-0.006677236651497284
2018-03-08,-0.0009563485623269106
2018-03-09,-0.0033959162598842284
2018-03-12,0.003596834275551928
2018-03-13,-0.00046889187213196705
2018-03-14,-0.0010754296654628352
2018-03-15,-0.003083287268666639
2018-03-16,-0.005932249804440907
2018-03-19,0.0036002757071896415
2018-03-20,-0.0037052216709365354
2018-03-21,0.006156984443974548
2018-03-22,0.003827890697145471
2018-03-23,-0.003572980970324863
2018-03-26,-0.0008429230101563582
2018-03-27,0.003184602824936074
2018-03-28,-0.003985847214402716
2018-03-29,0.0009191098743692123
2018-04-02,-0.0054927595235142535
2018-04-03,0.006772304615775463
2018-04-04,-0.0012681368571480054
2018-04-05,0.00234358232932035
2018-04-06,0.0008007315297759272
2018-04-09,0.0007129167689991161
2018-04-10,-0.0009513596269611727
2018-04-11,0.0006458599806480585
2018-04-12,-0.006958381322797504
2018-04-13,0.001943142515912105
2018-04-16,0.0005127239112197069
2018-04-17,-0.007305751339339352
2018-04-18,-0.0032815254281427257
2018-04-19,-0.001338456131605887
2018-04-20,-0.0003341021603420003
2018-04-23,0.0006350941143126484
2018-04-24,0.010693087849843257
2018-04-25,-1.2508758971883469e-05
2018-04-26,-0.0006746973983684986
2018-04-27,0.003570902931341169
2018-04-30,-0.0016577189312467534
2018-05-01,-0.0026813898215062287
2018-05-02,-0.0020981504838033563
2018-05-03,-0.0005697752840200343
2018-05-04,0.00325066570104387
2018-05-07,-0.0018193371290854928
2018-05-08,-0.0005592077081415695
2018-05-09,-0.0027993743574500868
2018-05-10,0.00035297586579724455
2018-05-11,-0.006679140784387116
2018-05-14,0.0011265071554999585
2018-05-15,0.006184227849116494
2018-05-16,0.001750139129181707
2018-05-17,0.00010106017818769947
2018-05-18,-0.0054291501447644415
2018-05-21,0.0021295411909646295
2018-05-22,0.0038515846780874516
2018-05-23,-0.003891588278049918
2018-05-24,0.00046386499168537897
2018-05-25,-0.001832445074600101
2018-05-29,0.00028612946929551877
2018-05-30,0.002040701372077364
2018-05-31,0.005389051151543294
2018-06-01,0.0003278592558942983
2018-06-04,0.0015764709479778381
2018-06-05,-0.0007684002146775452
2018-06-06,-0.0015566384793547165
2018-06-07,0.0018343509001515015
2018-06-08,-0.0015068250489876144
2018-06-11,0.0012843874246443686
2018-06-12,-0.003282165137534346
2018-06-13,-0.00017456600655938077
2018-06-14,9.223393498057427e-05
2018-06-15,0.004103255456697638
2018-06-18,-0.0018632565014197711
2018-06-19,0.005053544298280718
2018-06-20,-0.0005453854275915135
2018-06-21,0.002643054227268599
2018-06-22,0.0033944714367021124
2018-06-25,0.001673233826473801
2018-06-26,-0.0010234490579464055
2018-06-27,-1.0707793060325734e-05
2018-06-28,-0.0008108154312696065
2018-06-29,-0.0018089794322440557
2018-07-02,0.0015888996840234912
2018-07-03,8.174170514545413e-05
2018-07-05,0.0018729318346955013
2018-07-06,-0.0032564497370891547
2018-07-09,-0.004201819200668146
2018-07-10,-0.0011217737216829284
2018-07-11,-0.00021948912783828795
2018-07-12,-0.011333763182807188
2018-07-13,-0.005260654973181016
2018-07-16,0.00377659288212275
2018-07-17,0.004630790197626455
2018-07-18,0.00019304053823456587
2018-07-19,-0.0023547853159967946
2018-07-20,0.0012817501987354408
2018-07-23,0.0013765499953656897
2018-07-24,-0.00010390090978691497
2018-07-25,-0.005688891170957668
2018-07-26,0.014473050357641444
2018-07-27,0.009471307958139311
2018-07-30,0.010326021223745261
2018-07-31,-0.008888670574424534
2018-08-01,-0.0013586555082288855
2018-08-02,0.0012155522310421313
2018-08-03,0.005772960747612937
2018-08-06,0.00177461040413298
2018-08-07,-0.0017079428401432675
2018-08-08,0.00519303339631838
2018-08-09,-0.0023019582636825443
2018-08-10,-0.0027111942992452983
2018-08-13,-0.0024806035639096924
2018-08-14,-0.0007083178204809204
2018-08-15,0.0064510816870738015
2018-08-16,0.0023855684077809477
2018-08-17,-0.0002529139207906265
2018-08-20,0.0009290799855708559
2018-08-21,0.0033076413245835957
2018-08-22,0.00040533995272673144
2018-08-23,0.0001633976444425004
2018-08-24,-0.003339791141395005
2018-08-27,-0.0025069765094901967
2018-08-28,-0.0014186710128152437
2018-08-29,-0.00504534475331745
2018-08-30,0.000554530383170225
2018-08-31,-0.0013328144677739778
2018-09-04,0.003048179226976575
2018-09-05,0.005953995951363179
2018-09-06,-0.003965660957446077
2018-09-07,-0.004161026968616087
2018-09-10,0.003691279733460719
2018-09-11,-0.0067128497134657334
2018-09-12,-0.00028861690632609295
2018-09-13,-0.0027079570506117778
2018-09-14,0.0006336752522195203
2018-09-17,0.004925619011624503
2018-09-18,-0.0033991647037514387
2018-09-19,0.001383190601159918
2018-09-20,-0.0006264639157909801
2018-09-21,0.0026662622407617074
2018-09-24,-0.007703674575127972
2018-09-25,-0.002781081062247684
2018-09-26,-0.004227418683859075
2018-09-27,-0.005205928985717864
2018-09-28,0.0013817276532101558
2018-10-01,-0.0018600741129029329
2018-10-02,0.00410041061163791
2018-10-03,-0.0011188954402039345
2018-10-04,0.008745666852924595
2018-10-05,0.0013330969749326621
2018-10-08,0.008005964816064621
2018-10-09,-0.002369825327947863
2018-10-10,0.0041278982067916945
2018-10-11,-0.0053064310203445875
2018-10-12,-0.007397585558215522
2018-10-15,0.004908291338290802
2018-10-16,-0.013038976753795653
2018-10-17,0.004303631964102164
2018-10-18,0.003567421890079667
2018-10-19,0.007149632574266529
2018-10-22,-0.004767580648241473
2018-10-23,0.00279259986277005
2018-10-24,0.007004930734787367
2018-10-25,0.0008579079829230274
2018-10-26,0.003833141284447896
2018-10-29,0.00973186330592946
2018-10-30,0.009593339051276293
2018-10-31,-0.005057395985753562
2018-11-01,-0.004817042140091399
2018-11-02,0.0013060781229938228
2018-11-05,0.0006924135240815519
2018-11-06,0.003721046217228856
2018-11-07,-0.014970752118807478
2018-11-08,0.0016773984332443671
2018-11-09,0.004712545651184699
2018-11-12,0.004065236381080313
2018-11-13,-0.0016648466130365558
2018-11-14,0.002740093776627182
2018-11-15,-0.0022006204626458105
2018-11-16,-0.00407347999053038
2018-11-19,0.013396387227411526
2018-11-20,-0.005175254525466811
2018-11-21,-0.002477703375141566
2018-11-23,-0.0019275502312094473
2018-11-26,-0.004264906593208295
2018-11-27,-0.0005799173029556813
2018-11-28,-0.0072151276425634
2018-11-29,-0.0029042241985289333
2018-11-30,0.0018371137869923504
2018-12-03,-0.004761623424073759
2018-12-04,-0.000789483137409808
2018-12-06,-0.01074263006837857
2018-12-07,0.011203871156544464
2018-12-10,-0.0061267491113420345
2018-12-11,-0.001113142408211129
2018-12-12,-0.002184530577027563
2018-12-13,0.002025100398989012
2018-12-14,0.00557624297761118
2018-12-17,0.006710782018383577
2018-12-18,-0.0025477246294840837
2018-12-19,0.002497078306974338
2018-12-20,0.0011091932793347871
2018-12-21,0.006189828402409431
2018-12-24,-0.004873735632626469
2018-12-26,-0.010249682486147035
2018-12-27,-0.0018679051407244122
2018-12-28,0.004415491474528818
2018-12-31,-0.0053097987372091714
2019-01-02,0.0058870563184232885
2019-01-03,0.002279720829386279
2019-01-04,-0.005191295409499226
2019-01-07,-0.0017668483917009916
2019-01-08,-0.0034240973768987193
2019-01-09,-0.00036291168516037467
2019-01-10,-0.0021676880419572555
2019-01-11,0.0016901879305355133
2019-01-14,0.002743608757344292
2019-01-15,-0.004410470303673395
2019-01-16,-0.003320576752227787
2019-01-17,-0.0036573309522946896
2019-01-18,0.00363616678826177
2019-01-22,-0.0010259294751224573
2019-01-23,0.0016723157301144426
2019-01-24,0.004156924215648371
2019-01-25,0.0007473509107136035
2019-01-28,-0.0033620953815759356
2019-01-29,-0.0018014031992326764
2019-01-30,-0.0006817891615748414
2019-01-31,-0.004539677784196137
2019-02-01,0.0010688757127641664
2019-02-04,0.0014142104846034515
2019-02-05,-0.00142446499592037
2019-02-06,0.004672563836779552
2019-02-07,0.0025443621177279317
2019-02-08,-0.0031015395169936544
2019-02-11,-0.0012522981706575272
2019-02-12,-0.00666202694274329
2019-02-13,0.0011871053026676593
2019-02-14,-0.004938129645494978
2019-02-15,-0.00010914883624143427
2019-02-19,0.006436492907100066
2019-02-20,0.001100883495325104
2019-02-21,0.0034351698684482314
2019-02-22,-0.004663774143452989
2019-02-25,-0.0022797009670283007
2019-02-26,-0.0011080324230379644
2019-02-27,0.0016696262264504986
2019-02-28,0.00040071288023309454
2019-03-01,-0.0073287868267503985
2019-03-04,0.008711252987844254
2019-03-05,0.004852706181202519
2019-03-06,0.004766587222981013
2019-03-07,-0.00309670869166345
2019-03-08,-0.002096720411086714
2019-03-11,0.00036020454304555886
2019-03-12,0.0005452729351109361
2019-03-13,-0.00319424864575277
2019-03-14,-0.001882557564542652
2019-03-15,0.00436395320456457
2019-03-18,0.00015490942067957367
2019-03-19,0.00120079261590662
2019-03-20,-0.002899006856325442
2019-03-21,0.0067266691627016146
2019-03-22,0.004638962296770391
2019-03-25,-0.0029097747226222398
2019-03-26,0.001583863527403603
2019-03-27,0.0006779401440347836
2019-03-28,-0.0016726097809462747
2019-03-29,-0.003692461266773853
2019-04-01,0.001413836691430271
2019-04-02,0.001225181999909039
2019-04-03,0.005422764724350871
2019-04-04,0.00030764092603918715
2019-04-05,-0.00627449868548372
2019-04-08,0.0038695889029357207
2019-04-09,0.0018483395039782526
2019-04-10,0.00033924511557401695
2019-04-11,0.0029499413247655697
2019-04-12,-0.002159122292350828
2019-04-15,0.0002788690449566729
2019-04-16,0.011640646554483049
2019-04-17,0.014575902082843166
2019-04-18,-0.006647221122005541
2019-04-22,-0.0034958524160595274
2019-04-23,-0.005585083230557319
2019-04-24,0.00253540132088682
2019-04-25,-0.01010697887397751
2019-04-26,-0.000613284450995493
2019-04-29,0.003694736562049222
2019-04-30,0.0005765072785447129
2019-05-01,0.0024164064727136944
2019-05-02,0.0006730581507028157
2019-05-03,-0.0019682875556045337
2019-05-06,-0.0023391040999537712
2019-05-07,0.007533645355039848
2019-05-08,-0.005494382285509194
2019-05-09,-0.0014738396722400126
2019-05-10,0.0036482203605882144
2019-05-13,0.004144118762573511
2019-05-14,-0.00024343142806329868
2019-05-15,-0.0028187851776438765
2019-05-16,-0.00346873173520349
2019-05-17,0.002960787072312449
2019-05-20,-0.002490066180804624
2019-05-21,-0.004552544296486904
2019-05-22,-0.004339086670176468
2019-05-23,0.0017476077309188638
2019-05-24,-0.0029989730531546216
2019-05-28,-0.001447642354977718
2019-05-29,0.002002247821113359
2019-05-30,-0.00351669764298327
2019-05-31,-0.003366496234445821
2019-06-03,0.009133406405370163
2019-06-04,0.0016661405076998552
2019-06-05,-0.004204770781212907
2019-06-06,0.004826402431786214
2019-06-07,-0.007109006637768209
2019-06-10,0.0019940980303185273
2019-06-11,0.009258584595380176
2019-06-12,-0.004683908143098369
2019-06-13,-0.000780201846743044
2019-06-14,-0.0008651706135082666
2019-06-17,-0.0034737491581599577
2019-06-18,-0.0007476720296903501
2019-06-19,-0.007658603177839946
2019-06-20,-0.006935402230774467
2019-06-21,-0.0032918791127056696
2019-06-24,0.001934038692869791
2019-06-25,-0.0008325817164221389
2019-06-26,0.004081615891588827
2019-06-27,0.0011750752273657133
2019-06-28,-0.002707007666022672
2019-07-01,0.002353867960397391
2019-07-02,-0.00108222997058604
2019-07-03,-0.002974900051807551
2019-07-05,0.0025472908424378185
2019-07-08,0.0001362928641321646
2019-07-09,-0.0014015755829699357
2019-07-10,0.00010757637212971015
2019-07-11,-0.00160174027064475
2019-07-12,0.0030234532679706567
2019-07-15,0.0007048523941655311
2019-07-16,0.0015856585234674697
2019-07-17,-0.004070856621925647
2019-07-18,0.003080645078799789
2019-07-19,-0.00015962178700570814
2019-07-22,0.002314620945676005
2019-07-23,0.0017721445077650835
2019-07-24,0.006831128716476018
2019-07-25,0.0021058834624091073
2019-07-26,0.008554430691731793
2019-07-29,0.0026149828717075517
2019-07-30,-0.005337521998940664
2019-07-31,-0.0019584271687931114
2019-08-01,-0.003081264937147763
2019-08-02,0.0011168305296800443
2019-08-05,-0.001319458426124482
2019-08-06,-0.0016374560760126207
2019-08-07,0.001050639604478125
2019-08-08,-0.003555806299755843
2019-08-09,-0.002784781678116589
2019-08-12,-0.0012166875155310648
2019-08-13,-0.003077774622377909
2019-08-14,-0.00020076430885967837
2019-08-15,-0.006634781650519666
2019-08-16,0.004816934552618761
2019-08-19,0.004923069868899897
2019-08-20,-0.002175675968072648
2019-08-21,-0.00034181290907778233
2019-08-22,0.0037193133691604927
2019-08-23,-0.0025409749350327458
2019-08-26,0.001764911250284519
2019-08-27,-0.000510691767434395
2019-08-28,0.003507753870006333
2019-08-29,-0.0032442754869953603
2019-08-30,0.0070849001182761275
2019-09-03,0.00879836741244243
2019-09-04,0.006453887557310762
2019-09-05,0.0037040536332364083
2019-09-06,-0.00011258754883563529
2019-09-09,0.016068079062815398
2019-09-10,0.004924063946110327
2019-09-11,0.002095405948535981
2019-09-12,-0.0014866874153007517
2019-09-13,-0.003719171798111584
2019-09-16,-0.0033617573820933994
2019-09-17,-0.0016297074910220294
2019-09-18,0.002718613232668381
2019-09-19,-0.004260613176838927
2019-09-20,-1.4126266267715984e-05
2019-09-23,0.0016062311250618017
2019-09-24,0.00010571443160944683
2019-09-25,0.0031780067876357207
2019-09-26,0.0006105724671167769
2019-09-27,0.0029685816996845994
2019-09-30,-0.001937860750456448
2019-10-01,-0.0039284131966930294
2019-10-02,-0.0053741771295192685
2019-10-03,-0.0017293279160481444
2019-10-04,0.0013849357661085268
2019-10-07,0.0007818932548994184
2019-10-08,0.0002846839743995638
2019-10-09,-0.0011285563356091281
2019-10-10,0.001117271732472873
2019-10-11,0.002198949410133496
2019-10-14,-0.0013113255027052074
2019-10-15,-0.0032559066676417303
2019-10-16,0.0011523126062059933
2019-10-17,0.0014077334722601156
2019-10-18,0.004869219087614093
2019-10-21,0.005568271604844281
2019-10-22,-0.0032269769516312867
2019-10-23,-0.0031327025566711382
2019-10-24,-0.01076371263207105
2019-10-25,0.007179002823319621
2019-10-28,-0.0017339922003638945
2019-10-29,-0.007453837389522969
2019-10-30,0.0002900804278771392
2019-10-31,0.002377422205055779
2019-11-01,0.0012041825259413441
2019-11-04,0.0060938319875907055
2019-11-05,0.004836519420077967
2019-11-06,-0.0011054925758799566
2019-11-07,-0.0016924981470988313
2019-11-08,-7.785531737990008e-05
2019-11-11,-0.0024979881157813537
2019-11-12,-0.003381279814901109
2019-11-13,-0.0049422000602177595
2019-11-14,-0.0007882105618244638
2019-11-15,-0.00567708385181195
2019-11-18,0.0028151399722520848
2019-11-19,-0.004025174568493245
2019-11-20,-0.0007866314821019428
2019-11-21,0.0019626347735477367
2019-11-22,0.001105199244154758
2019-11-25,-0.003429534344824364
2019-11-26,0.00048364703225743113
2019-11-27,-0.0007182815496352082
2019-11-29,-0.0005115525659867309
2019-12-02,0.00524531450889716
2019-12-03,-0.003061597530329581
2019-12-04,0.0008152470414490488
2019-12-05,0.0017194032657784663
2019-12-06,-0.0027180715729398833
2019-12-09,0.004995150917246736
2019-12-10,-0.0012771401765974617
2019-12-11,-0.0003288766933547812
2019-12-12,0.002920006292126663
2019-12-13,-0.004169622544554293
2019-12-16,-0.0004166862351188883
2019-12-17,0.004795513046194644
2019-12-18,0.001890043820781476
2019-12-19,-0.0012648873348079601
2019-12-20,-0.0016877528331795781
2019-12-23,-0.0023489340166136796
2019-12-24,-3.199353177622506e-05
2019-12-26,0.001059602131502934
2019-12-27,-0.0020770250126144075
2019-12-30,0.0015557414470924657
2019-12-31,0.00033916023484114
2020-01-02,0.0004264765207960006
2020-01-03,-0.003544950732905003
2020-01-06,-0.004345571501061141
2020-01-07,-0.0007332639639019735
2020-01-08,-0.005726007837142961
2020-01-09,-0.002497117612415224
2020-01-10,-0.0018994123465095353
2020-01-13,0.000296251669929561
2020-01-14,-0.0005809261640407087
2020-01-15,-0.002941811750322396
2020-01-16,0.0018656549701190296
2020-01-17,0.0016325161518118527
2020-01-21,-0.0016470479055559518
2020-01-22,0.0028838965497079
2020-01-23,-0.001165651367319365
2020-01-24,0.0033093587927039655
2020-01-27,0.0014448035427012315
2020-01-28,-0.00035371605861795393
2020-01-29,-0.0013313588991391244
2020-01-30,0.0067238963157860735
2020-01-31,-0.0014442048937674987
2020-02-03,0.0006554708944670485
2020-02-04,-0.0010491791836918947
2020-02-05,-0.008118351034394821
2020-02-06,0.002228955988143938
2020-02-07,0.0016330509249219097
2020-02-10,-0.0015607204148426986
2020-02-11,0.0009070040235424869
2020-02-12,-0.0046140700495985185
2020-02-13,-0.00020224451811263466
2020-02-14,-0.0046184259374931124
2020-02-18,-0.004697214674963948
2020-02-19,-0.0010152449190872453
2020-02-20,0.005776117488493468
2020-02-21,-0.000267555300350046
2020-02-24,-0.0016665773278581803
2020-02-25,-0.0013218985281828947
2020-02-26,0.00014442722068814113
2020-02-27,-0.0062006299490746705
2020-02-28,-0.0027257844983275045
2020-03-02,-0.004550418547177714
2020-03-03,-0.00037196961147835443
2020-03-04,-0.015394308792245508
2020-03-05,0.0001922791447706992
2020-03-06,-0.007848065273410578
2020-03-09,-0.015455321415902038
2020-03-10,-0.005074935052918673
2020-03-11,0.00014907330426698381
2020-03-12,-0.0043464826405013365
2020-03-13,0.002725357949570002
2020-03-16,0.012828727957900417
2020-03-17,-0.0005260432451124144
2020-03-18,-0.0034590050086004973
2020-03-19,-0.008166205550091673
2020-03-20,0.007753548470753353
2020-03-23,0.004374557034057959
2020-03-24,0.004617007451130248
2020-03-25,-0.011019923245527734
2020-03-26,-0.007048641998145345
2020-03-27,-0.0017002048340570002
2020-03-30,-0.007761164632961469
2020-03-31,0.00969780295236449
2020-04-01,-0.0034181803850787044
2020-04-02,0.006868789803986626
2020-04-03,0.0027735696035814657
2020-04-06,-0.011268531365420933
2020-04-07,0.013029655068945064
2020-04-08,0.003032320988625749
2020-04-09,0.00031635120656687345
2020-04-13,-0.0010260633278156525
2020-04-14,-0.007383405840189207
2020-04-15,-0.013253273032088933
2020-04-16,-0.02440698028913401
2020-04-17,0.010098410411983498
2020-04-20,0.0004109488818068057
2020-04-21,-0.0010953932583359094
2020-04-22,0.0035071790817267547
2020-04-23,0.009840990340017291
2020-04-24,-0.0019307665996731898
2020-04-27,0.0022825863870113124
2020-04-28,0.011861117129017124
2020-04-29,0.015484703159020383
2020-04-30,-0.014197499676866124
2020-05-01,-0.014235941772867466
2020-05-04,-4.226034333158479e-05
2020-05-05,-0.010158628392823825
2020-05-06,-0.008528835536341773
2020-05-07,0.004781642280465001
2020-05-08,0.02133751280048743
2020-05-11,-0.0065792017486895745
2020-05-12,0.0006565847403797786
2020-05-13,-0.01583225346397319
2020-05-14,0.005740074760378845
2020-05-15,-0.009688848934758064
2020-05-18,0.017911834339531814
2020-05-19,-0.003479175118887689
2020-05-20,0.006919112569621918
2020-05-21,-0.000873681448189017
2020-05-22,-0.004102833386673086
2020-05-26,0.01699471798119311
2020-05-27,0.0011661331680223959
2020-05-28,-0.01672459596275156
2020-05-29,-0.004524198149977041
2020-06-01,0.005102439296891346
2020-06-02,0.00592741061761152
2020-06-03,0.009382083074518812
2020-06-04,0.026709481017373117
2020-06-05,0.016389953260339464
2020-06-08,0.016760028234844824
2020-06-09,-0.00865290239079668
2020-06-10,-0.01944650592912752
2020-06-11,-0.01692394127541843
2020-06-12,-0.004279701823130418
2020-06-15,0.00272279055757342
2020-06-16,-0.0011821894482582965
2020-06-17,-0.004296531200765078
2020-06-18,0.0014285431908400551
2020-06-19,-0.001969473017129686
2020-06-22,0.0029605832869094594
2020-06-23,-0.00491114943871181
2020-06-24,0.004434100364568528
2020-06-25,0.0025941371737103814
2020-06-26,-0.004887556540348781
2020-06-29,-0.00015417355715934374
2020-06-30,0.0012930929639230167
2020-07-01,-0.007774821500663673
2020-07-02,-0.0006079365390727542
2020-07-06,0.006283593984061259
2020-07-07,0.004014883655984333
2020-07-08,0.0006794376857667322
2020-07-09,0.0008150199239596461
2020-07-10,0.010333428581181749
2020-07-13,-0.00041001765683659525
2020-07-14,-0.00221850429125243
2020-07-15,0.005807610796734345
2020-07-16,0.0037989099883535215
2020-07-17,-0.009224132467636866
2020-07-20,-0.0086856828528436
2020-07-21,0.015266464683419363
2020-07-22,-0.0010807063260414064
2020-07-23,0.010008431521830228
2020-07-24,-0.0035036858060153316
2020-07-27,-0.00330586095223272
2020-07-28,0.002114173760200216
2020-07-29,-0.0013927545304363415
2020-07-30,-0.004854700781744157
2020-07-31,-0.0020325906782898825
2020-08-03,-0.0007621911683842013
2020-08-04,0.006247982136651837
2020-08-05,-0.0049977231023496235
2020-08-06,-0.003738310635968976
2020-08-07,0.0009751763675282233
2020-08-10,0.009870279143509398
2020-08-11,0.004621110401411041
2020-08-12,-0.008162578768364202
2020-08-13,-0.012055859778459748
2020-08-14,0.0033421355309759737
2020-08-17,-0.0026971584561803624
2020-08-18,-0.002109326074200767
2020-08-19,0.0022717106787638343
2020-08-20,-0.010967554977372718
2020-08-21,-0.004734852279252538
2020-08-24,0.011452294479078905
2020-08-25,-0.006993900532335618
2020-08-26,-0.01545106942564177
2020-08-27,0.00346276117730289
2020-08-28,0.0038619840979103853
2020-08-31,-0.007495649308220033
2020-09-01,-0.002325317965651948
2020-09-02,-0.002086235235035443
2020-09-03,0.01390970049287652
2020-09-04,0.0095662445292444
2020-09-08,0.00419807630932413
2020-09-09,-0.011512539708965793
2020-09-10,-0.0014050310051599633
2020-09-11,0.004002778255373821
2020-09-14,-0.0017979646056736662
2020-09-15,-0.006325015807802848
2020-09-16,0.02155805546006112
2020-09-17,0.005924704253017364
2020-09-18,-0.000732400829819152
2020-09-21,-0.020244061263409413
2020-09-22,-0.009937372849359197
2020-09-23,-0.001135593741043391
2020-09-24,0.0009175115429374159
2020-09-25,-0.013189776283639838
2020-09-28,0.0020844100250874786
2020-09-29,-0.012845948011907353
2020-09-30,-0.002096705925079272
2020-10-01,-0.00790915055475168
2020-10-02,0.014803165972284297
2020-10-05,-0.0020506866061747752
2020-10-06,0.003767266204336845
2020-10-07,0.002367146526560581
2020-10-08,0.010816056849877426
2020-10-09,-0.01006172180768343
2020-10-12,-0.0043328417083536895
2020-10-13,-0.008343785020596663
2020-10-14,0.0020903900079065996
2020-10-15,0.011279500897433781
2020-10-16,-0.00977016184948231
2020-10-19,0.004513857243211922
2020-10-20,0.006620019562470192
2020-10-21,-0.0036069431574729544
2020-10-22,0.009006363982458005
2020-10-23,-0.005048990369743483
2020-10-26,-0.005201111410584599
2020-10-27,-0.011491266521336942
2020-10-28,0.0015695469687763025
2020-10-29,0.007175671427707805
2020-10-30,0.013670417980122524
2020-11-02,0.0041412344366237195
2020-11-03,9.451082300397473e-05
2020-11-04,-0.03570130626333745
2020-11-05,0.004256498444236183
2020-11-06,-0.00036185826251685337
2020-11-09,0.06034921152070826
2020-11-10,0.009902085548360653
2020-11-11,-0.0036035579951160415
2020-11-12,-0.006199302825028342
2020-11-13,0.007431643961763465
2020-11-16,0.01737722534981443
2020-11-17,-7.272547072130747e-05
2020-11-18,0.002358712465652809
2020-11-19,0.0049621216429189974
2020-11-20,-0.00026504325270620716
2020-11-23,0.014484972130994535
2020-11-24,0.016670222831669183
2020-11-25,-0.004147315493736099
2020-11-27,-0.005709729607288436
2020-11-30,-0.015122230585277443
2020-12-01,0.0038876296018417566
2020-12-02,0.009628226829845514
2020-12-03,0.006793063051118194
2020-12-04,0.014732881875175522
2020-12-07,-0.0015471772633575622
2020-12-08,0.006866974267895125
2020-12-09,0.005782905832520865
2020-12-10,0.000783627701105838
2020-12-11,-0.0015346344944696959
2020-12-14,-0.009063700791042727
2020-12-15,0.00386492222030558
2020-12-16,-0.0020632213444449865
2020-12-17,-0.006449541999971159
2020-12-18,-0.002074937711299413
2020-12-21,1.2278732451865425e-05
2020-12-22,-0.00672876894208753
2020-12-23,0.005601992506451328
2020-12-24,-0.004079180526589638
2020-12-28,-3.612768270418588e-05
2020-12-29,-0.0004190048670234217
2020-12-30,0.003536947735599096
2020-12-31,-0.003900806547431375
2021-01-04,0.0034177366443568567
2021-01-05,0.006139889582087332
2021-01-06,0.008186323784283247
2021-01-07,-0.0023262511909334393
2021-01-08,-0.00371318698922303
2021-01-11,0.0024907065275722143
2021-01-12,0.007688674501179419
2021-01-13,-0.002358649958237915
2021-01-14,0.016431060159524138
2021-01-15,-0.01194064449807673
2021-01-19,0.0030272292253509985
2021-01-20,-0.0017894461686565827
2021-01-21,-0.0026478745251516224
2021-01-22,-0.00201193187131755
2021-01-25,-0.007114018850509247
2021-01-26,0.002106159644225835
2021-01-27,0.009078298549324654
2021-01-28,0.0003250908012735715
2021-01-29,-0.0031327179515172185
2021-02-01,-0.006627135443411266
2021-02-02,-0.004562485649753311
2021-02-03,0.018499426829274555
2021-02-04,0.0018651552782263105
2021-02-05,0.0033730936437672302
2021-02-08,0.007928574841996201
2021-02-09,-0.0044751514423069325
2021-02-10,0.0040050041210157915
2021-02-11,-0.00864420783538121
2021-02-12,-0.0038799575171954005
2021-02-16,0.008810081831024169
2021-02-17,0.008813443635606565
2021-02-18,0.0016616649533692978
2021-02-19,0.008746967548223024
2021-02-22,0.02285420821354714
2021-02-23,0.001889888668605293
2021-02-24,0.0076428978372808
2021-02-25,0.0004022678859900054
2021-02-26,-0.008435548243277479
2021-03-01,-0.006150889352944004
2021-03-02,0.009700437499591989
2021-03-03,0.020296427160593905
2021-03-04,0.004027622903194412
2021-03-05,-0.00652516276636516
2021-03-08,0.0163814520120624
2021-03-09,-0.014063344125150255
2021-03-10,0.0038268521704105116
2021-03-11,-0.014419078541323379
2021-03-12,0.01107061893480988
2021-03-15,-0.00038889298121291783
2021-03-16,-0.002886745598833617
2021-03-17,-0.0006574825331659893
2021-03-18,0.00553516742583909
2021-03-19,-0.0035590598318390745
2021-03-22,-0.00585303612201599
2021-03-23,-0.00465337150721095
2021-03-24,0.0056256107983727625
2021-03-25,0.004150930082848562
2021-03-26,-0.0029793482384016905
2021-03-29,0.0004669729962066562
2021-03-30,0.002396895558285725
2021-03-31,-0.011125727660385571
2021-04-01,-0.0030236284535867745
2021-04-05,-0.0032754657676081892
2021-04-06,-5.906686716705646e-05
2021-04-07,0.00029950748153998575
2021-04-08,-0.011311262491236818
2021-04-09,-0.003915801438623731
2021-04-12,-0.0008417231470662581
2021-04-13,-0.006784516705493212
2021-04-14,0.008139115007014691
2021-04-15,-0.008496163985122054
2021-04-16,0.0013037172269461678
2021-04-19,0.0026684475776721163
2021-04-20,-0.004533576910741937
2021-04-21,0.0005812095482565216
2021-04-22,-0.0001337591979445647
2021-04-23,-0.0013970464216933325
2021-04-26,-0.0009424198111654333
2021-04-27,0.000741371442091969
2021-04-28,0.008845137582291128
2021-04-29,-0.003838528405275592
2021-04-30,0.0035260229120607283
2021-05-03,0.009664123742941736
2021-05-04,0.001918539550005688
2021-05-05,0.011865177590974893
2021-05-06,0.0021565232872413753
2021-05-07,-0.001549638406104808
2021-05-10,0.009450245707842753
2021-05-11,-0.004037087671080094
2021-05-12,0.00811398740239732
2021-05-13,-0.00340487171293184
2021-05-14,0.0022274868812280726
2021-05-17,0.00817682857421454
2021-05-18,-0.0009899486436078706
2021-05-19,-0.0062649277241981025
2021-05-20,-0.005089005554295183
2021-05-21,0.004364342383010953
2021-05-24,-0.0012737210780056814
2021-05-25,-0.0037058121272289784
2021-05-26,0.005524780523893234
2021-05-27,0.0037914336363996997
2021-05-28,-0.0014545972352974716
2021-06-01,0.009053411120284684
2021-06-02,0.005416373356542222
2021-06-03,0.006614859476216178
2021-06-04,-0.005673122692991571
2021-06-07,-0.006825615714535184
2021-06-08,-0.00268320109598727
2021-06-09,-0.0004968359622531731
2021-06-10,-0.007923383229338107
2021-06-11,0.0020426643279314086
2021-06-14,-0.009384440896324302
2021-06-15,0.002607927767220011
2021-06-16,0.002593845604989848
2021-06-17,-0.012670974298254789
2021-06-18,-0.006131137687117168
2021-06-21,0.0023066881652931068
2021-06-22,-0.002929143996672493
2021-06-23,-0.00135906411911951
2021-06-24,-0.004039527801116479
2021-06-25,0.004481004007253867
2021-06-28,-0.010383397288846378
2021-06-29,-0.0033064324072850154
2021-06-30,0.003298797172295353
2021-07-01,0.0017897635574488085
2021-07-02,-0.004111003509238274
2021-07-06,-0.007366996414421889
2021-07-07,-0.0037913043763898053
2021-07-08,-0.0032854633487831974
2021-07-09,0.005783475427890183
2021-07-12,-0.00025220329007953244
2021-07-13,-0.001313281840331428
2021-07-14,0.001807221388970416
2021-07-15,-0.002620500166686153
2021-07-16,-0.0051810598209030044
2021-07-19,-0.003032487138513697
2021-07-20,0.00048069509923996537
2021-07-21,0.010032654989614205
2021-07-22,-0.004853916433353579
2021-07-23,-0.005973339915541735
2021-07-26,0.007014181913893562
2021-07-27,0.003007101938871559
2021-07-28,0.0008176239603444041
2021-07-29,-0.0025168934051102362
2021-07-30,-0.005708156037574899
2021-08-02,-0.0016772619927309482
2021-08-03,-0.0016082697687922832
2021-08-04,-0.01270209616677654
2021-08-05,0.008043384065738034
2021-08-06,0.00241440785809636
2021-08-09,-0.0025823680398600916
2021-08-10,0.006731048294155544
2021-08-11,0.0006335154387852036
2021-08-12,-0.003103773964463165
2021-08-13,-0.002461417883861218
2021-08-16,-0.0033228071182929042
2021-08-17,-0.0010502223922518605
2021-08-18,-0.0005975906336142042
2021-08-19,-0.0013045717753001932
2021-08-20,-0.0014361180008690979
2021-08-23,0.0018982812045130924
2021-08-24,0.00029398634144920944
2021-08-25,0.0003899645045118223
2021-08-26,0.00013286152738457933
2021-08-27,0.002954652896610195
2021-08-30,-0.005176541029536467
2021-08-31,0.0002854897210627828
2021-09-01,-0.005355301681856633
2021-09-02,0.00670457380707604
2021-09-03,-0.0017693925645931204
2021-09-07,-0.0021807150145794233
2021-09-08,-0.004291230235957991
2021-09-09,0.0012261573553829848
2021-09-10,0.002258203130468345
2021-09-13,0.0056240152912784575
2021-09-14,-0.005300415794263289
2021-09-15,0.005184820255244807
2021-09-16,-0.0022724863082762164
2021-09-17,-0.0003002662554030339
2021-09-20,7.541784602051811e-05
2021-09-21,-0.0026966263191571978
2021-09-22,0.009564325012745779
2021-09-23,0.005513502252158199
2021-09-24,0.0011106279832618798
2021-09-27,0.010132504949835348
2021-09-28,0.01094831640590778
2021-09-29,-0.0011514129717320873
2021-09-30,-0.0017230484640339795
2021-10-01,0.010247290659339985
2021-10-04,0.01194661114980908
2021-10-05,-0.0026593055033985024
2021-10-06,-0.005320290542413839
2021-10-07,-0.004207025788159841
2021-10-08,0.00408985458457223
2021-10-11,-0.000703333600667903
2021-10-12,-0.003081887062316762
2021-10-13,-0.006720546233460293
2021-10-14,-0.002580570190318877
2021-10-15,-0.002889187279051587
2021-10-18,-0.008874091531626441
2021-10-19,-0.0006877157398775709
2021-10-20,0.0026602096291098243
2021-10-21,-0.004572754391184493
2021-10-22,-0.006916441910996689
2021-10-25,-0.00696582914113641
2021-10-26,0.005085489791119116
2021-10-27,-0.005521206528782232
2021-10-28,-0.00072939006764366
2021-10-29,-0.00409851266806771
2021-11-01,0.008248259786022094
2021-11-02,-0.0003260536737500796
2021-11-03,0.0016720940965322855
2021-11-04,-0.007530138241509266
2021-11-05,0.013470834090800153
2021-11-08,-0.0016496145125557207
2021-11-09,0.004251559671462853
2021-11-10,-0.003238856253631156
2021-11-11,-0.0002978089305410944
2021-11-12,-0.008422966422386283
2021-11-15,0.000724330067109809
2021-11-16,-0.014090173512926114
2021-11-17,0.003511637668492175
2021-11-18,-0.00409844714512366
2021-11-19,-0.008997560634667428
2021-11-22,0.016367917612739348
2021-11-23,0.00528666158952128
2021-11-24,-0.0025902456375163155
2021-11-26,-0.00607950204701402
2021-11-29,-0.004302787531817775
2021-11-30,0.0005647005271284282
2021-12-01,0.0032733820267755263
2021-12-02,0.0039997817192649505
2021-12-03,0.007345679342049082
2021-12-06,0.006386949331706037
2021-12-07,-0.009741425705887598
2021-12-08,-0.004791920343117446
2021-12-09,0.0025946509623374723
2021-12-10,0.0019076029104886777
2021-12-13,0.0006771459828139927
2021-12-14,0.009051569550657305
2021-12-15,-0.008004992264734456
2021-12-16,0.02112448897008898
2021-12-17,-0.004408997048235864
2021-12-20,0.008109998408021889
2021-12-21,-0.005698789214086808
2021-12-22,-0.004263468056173223
2021-12-23,-0.0027201083734205394
2021-12-27,-0.004762547252772464
2021-12-28,0.0040041338587655795
2021-12-29,-0.0037236606575418323
2021-12-30,0.0021514778072831107
2021-12-31,0.0024579110217353302
2022-01-03,0.008545959306531988
2022-01-04,0.015865941259606255
2022-01-05,0.01551241464647774
2022-01-06,0.008427986160311401
2022-01-07,0.018944138771818372
2022-01-10,0.001220727156211657
2022-01-11,-0.004040159572122615
2022-01-12,0.00017115850995101566
2022-01-13,0.021187063714615793
2022-01-14,0.007934843742326237
2022-01-18,0.011070975969877368
2022-01-19,-0.0003275039925207863
2022-01-20,-0.002229770926253847
2022-01-21,0.00028989227355668206
2022-01-24,-0.0062773688995958225
2022-01-25,0.018886304654583658
2022-01-26,-0.0022035354219696367
2022-01-27,0.002602026963588474
2022-01-28,-0.0165307521822793
2022-01-31,-0.012331121546160468
2022-02-01,0.0044541284287956465
2022-02-02,-0.0029064746888238574
2022-02-03,0.01076941448634753
2022-02-04,-0.004287280452883105
2022-02-07,0.01164144897802605
2022-02-08,-0.0001449608559321073
2022-02-09,-0.0069966292320254265
2022-02-10,0.01005496907121738
2022-02-11,0.015622178494359014
2022-02-14,-0.001239056466849147
2022-02-15,-0.0011755097797034079
2022-02-16,-0.0007170259012980223
2022-02-17,0.011078867481554122
2022-02-18,0.0030470479585871955
2022-02-22,1.80179653506331e-05
2022-02-23,0.0053914592662545465
2022-02-24,-0.030056554171711866
2022-02-25,0.006368434083214125
2022-02-28,-0.008633003792082908
2022-03-01,-0.0024579783426679973
2022-03-02,0.0080336267148929
2022-03-03,0.006348331517058504
2022-03-04,0.007369237303206571
2022-03-07,0.001615590031249594
2022-03-08,-0.0018045251204157292
2022-03-09,-0.011698712141221283
2022-03-10,0.009184524398242183
2022-03-11,0.007742268794088564
2022-03-14,0.001142024586419668
2022-03-15,-0.005204989909481923
2022-03-16,-0.0110389339740239
2022-03-17,-0.0051398355742090516
2022-03-18,-0.010571415108750145
2022-03-21,0.0028102089567099493
2022-03-22,-0.0077160319543068305
2022-03-23,0.01063833109775908
2022-03-24,-0.0012585429482909218
2022-03-25,0.009162984492418142
2022-03-28,-0.00955166833346915
2022-03-29,-0.004393613288230023
2022-03-30,0.00447475476393781
2022-03-31,0.0049374965662039765
2022-04-01,-0.0043971235464277435
2022-04-04,-0.00212930667632296
2022-04-05,0.006373537162684711
2022-04-06,0.005837801149385466
2022-04-07,-0.008364329141608078
2022-04-08,0.0057839006011128884
2022-04-11,0.012727424425009178
2022-04-12,0.003952910141157714
2022-04-13,0.0002238914183380079
2022-04-14,0.009553026703961359
2022-04-18,0.0024332631894988742
2022-04-19,-0.002584703496355837
2022-04-20,0.0013149907854316661
2022-04-21,0.016981447903011322
2022-04-22,0.005598228012743579
2022-04-25,-0.007591512569291674
2022-04-26,0.001755896766649543
2022-04-27,-0.0008557350681639586
2022-04-28,-0.009061314528205258
2022-04-29,0.007103749279920149
2022-05-02,-0.0028890904319347275
2022-05-03,0.008805390437045877
2022-05-04,-0.008460136654460047
2022-05-05,0.01499449225262794
2022-05-06,0.006895640168675762
2022-05-09,0.0021164819088820923
2022-05-10,-0.0014181620142620492
2022-05-11,0.007716801297717791
2022-05-12,-0.01242281944648478
2022-05-13,-0.005264608959317646
2022-05-16,0.0043611753519215936
2022-05-17,0.005252617205844835
2022-05-18,0.0036067322687148183
2022-05-19,-0.012813486829720498
2022-05-20,-0.0010359513498036832
2022-05-23,0.002145457144138659
2022-05-24,-0.001972409510208063
2022-05-25,-0.0007702868487492924
2022-05-26,0.0014277538352261052
2022-05-27,-0.010798181919284408
2022-05-31,0.008317789182651952
2022-06-01,-0.0009969156819003254
2022-06-02,-0.017231136281036532
2022-06-03,0.004653667424181387
2022-06-06,-0.0011609648302499146
2022-06-07,0.0005806614789048404
2022-06-08,-0.0038479925516703433
2022-06-09,-0.0005318312290418623
2022-06-10,0.007787556737931962
2022-06-13,-0.005357804117703197
2022-06-14,-0.0035517876124531644
2022-06-15,-0.006299522665293365
2022-06-16,0.001481623405874545
2022-06-17,-0.005531946096810738
2022-06-21,-0.00020029057445300567
2022-06-22,-0.0037942755909828045
2022-06-23,-0.017158002086688957
2022-06-24,0.004957672134875904
2022-06-27,0.0029279223216303416
2022-06-28,0.0131126448896081
2022-06-29,-0.011666480915925898
2022-06-30,-0.004361911773418476
2022-07-01,-0.00293856956169397
2022-07-05,-0.00470470757051169
2022-07-06,-0.00920981554682529
2022-07-07,-0.0017456085722414767
2022-07-08,-0.00552634498776032
2022-07-11,-0.0025590192242862125
2022-07-12,0.016897713287233967
2022-07-13,0.0010102593927242196
2022-07-14,-0.0037654878258539352
2022-07-15,0.005987598070830256
2022-07-18,0.007108242366238076
2022-07-19,-0.0030376053475149813
2022-07-20,-0.0008469149542406708
2022-07-21,-0.01947684933865946
2022-07-22,0.0015363110025029174
2022-07-25,-0.0014020725896507012
2022-07-26,0.0004311266661940948
2022-07-27,0.0001248550229149786
2022-07-28,-0.012141203986908175
2022-07-29,-0.008950262968589492
2022-08-01,0.008489794292880673
2022-08-02,-0.002928753901643831
2022-08-03,0.0007734965614471491
2022-08-04,-0.010739644942162743
2022-08-05,8.046561778107067e-05
2022-08-08,0.004174393007043758
2022-08-09,-5.807466086800362e-05
2022-08-10,-0.0030837461744183674
2022-08-11,0.011073871356143182
2022-08-12,-0.0030276811068505557
2022-08-15,-0.005988376234197262
2022-08-16,0.0096470690671812
2022-08-17,-0.0005893853073937801
2022-08-18,0.0047838351354892
2022-08-19,0.0023598515560535674
2022-08-22,-0.001541169914651219
2022-08-23,0.005273635016302046
2022-08-24,0.001282318161263175
2022-08-25,0.000859137905071194
2022-08-26,0.004386667156608787
2022-08-29,0.0010075271659609282
2022-08-30,-0.0025149435761026516
2022-08-31,-0.0016638746920487793
2022-09-01,-0.0026294337118563968
2022-09-02,0.006111283664744088
2022-09-06,-0.0016366928736669493
2022-09-07,-0.002345910273907004
2022-09-08,-0.007331150932317335
2022-09-09,0.003131956809295749
2022-09-12,0.002683901853263748
2022-09-13,0.0054290808213269875
2022-09-14,0.002088014983288244
2022-09-15,0.009973428649870926
2022-09-16,-0.00013899745694548923
2022-09-19,0.006377328806779647
2022-09-20,-0.0033775063875149496
2022-09-21,-0.0069868833734240176
2022-09-22,0.0007603389409090113
2022-09-23,-0.010699809728467617
2022-09-26,0.0010949572772737703
2022-09-27,-0.00013002655366382482
2022-09-28,-0.005745035244502603
2022-09-29,-0.0015434356486575165
2022-09-30,-0.013524303440617313
2022-10-03,-0.0042014947573315005
2022-10-04,0.012473957866369406
2022-10-05,-0.0008358860537960847
2022-10-06,-0.002182802976497253
2022-10-07,0.002254026106268942
2022-10-10,-0.005951166339153259
2022-10-11,-0.0014870612472240377
2022-10-12,0.007432635832977199
2022-10-13,0.002679138191767054
2022-10-14,0.006183255883309897
2022-10-17,-0.0052984728326836705
2022-10-18,0.005534936936805651
2022-10-19,0.004959840335188326
2022-10-20,0.00856039891399485
2022-10-21,0.0002965790125002234
2022-10-24,-0.0018526383782748105
2022-10-25,-0.004592399590649397
2022-10-26,0.0004390899348533874
2022-10-27,0.003132052756217395
2022-10-28,0.003808555769587057
2022-10-31,-0.0002912727538292828
2022-11-01,0.007862111268154646
2022-11-02,0.002839049151941606
2022-11-03,-0.003411587543739437
2022-11-04,0.008147384633898008
2022-11-07,1.8289846057687343e-05
2022-11-08,0.0003196965522399525
2022-11-09,-0.0042607155423171296
2022-11-10,-0.014407803362963245
2022-11-11,0.0064361531829115965
2022-11-14,0.003416037424241845
2022-11-15,0.0006723707363793096
2022-11-16,-0.006631169304416741
2022-11-17,0.002944640269441991
2022-11-18,0.0027463626128634558
2022-11-21,0.004053664485297028
2022-11-22,-0.001965855438296157
2022-11-23,-0.000244988717168027
2022-11-25,-0.00151880419470052
2022-11-28,-0.0014708566344349898
2022-11-29,0.011853019456058284
2022-11-30,-0.012026617130077678
2022-12-01,-0.0013989433303644053
2022-12-02,-0.003805371036395936
2022-12-05,0.0009340725328037855
2022-12-06,0.002555544857373767
2022-12-07,-0.007909360307168501
2022-12-08,-0.002933708075267784
2022-12-09,0.005396326838302604
2022-12-12,0.004559689198929443
2022-12-13,-0.012549915681948808
2022-12-14,0.001233035761243344
2022-12-15,-0.0004889478163525065
2022-12-16,0.0010756680678092065
2022-12-19,-0.0010841653875657174
2022-12-20,-0.0002495854788135086
2022-12-21,-0.0030004131944526397
2022-12-22,-0.0025132766570621617
2022-12-23,0.0022601221875415416
2022-12-27,0.00386209145937143
2022-12-28,-0.005494546313590148
2022-12-29,-0.0007884178685795852
2022-12-30,0.0032884034334467152
2023-01-03,0.006825383325940271
2023-01-04,0.01465210746638237
2023-01-05,0.015818631669216952
2023-01-06,0.005898405321850573
2023-01-09,0.002408452552588948
2023-01-10,0.005188780346074342
2023-01-11,-0.008454511690920425
2023-01-12,0.006400018415180334
2023-01-13,-0.0008352330684627926
2023-01-17,-0.0003437386838697278
2023-01-18,-0.007851176032640917
2023-01-19,0.0027112175167599197
2023-01-20,5.848161795763253e-05
2023-01-23,0.0009380620920596424
2023-01-24,-0.00023091383357572978
2023-01-25,0.010466028934981813
2023-01-26,-0.004293377155535148
2023-01-27,-0.002192673182320563
2023-01-30,-0.0027329276698062803
2023-01-31,-0.0010833333445963308
2023-02-01,0.0015035560329207055
2023-02-02,-0.0009705695515132198
2023-02-03,0.0008997836863918135
2023-02-06,-0.0017934243706873073
2023-02-07,0.0014189124691645803
2023-02-08,-0.0008530826319087883
2023-02-09,-0.0027883353713165923
2023-02-10,-0.002955318854877051
2023-02-13,0.00011412138617741645
2023-02-14,0.002834308612490441
2023-02-15,0.0007725780215256505
2023-02-16,0.007302750161337497
2023-02-17,-0.0017225751159011837
2023-02-21,0.0007939525022757323
2023-02-22,-0.0032459817333326374
2023-02-23,-0.0008528417289827678
2023-02-24,0.005381729115792367
2023-02-27,-0.001533373138539287
2023-02-28,-0.002987556000170039
2023-03-01,0.001982782085046426
2023-03-02,-0.0013661597042030208
2023-03-03,-0.003977596041007357
2023-03-06,-0.004656307476152871
2023-03-07,0.0002767520669396103
2023-03-08,0.0022706776458134145
2023-03-09,-0.007252301762159673
2023-03-10,0.005269917582240956
2023-03-13,-0.01798881874827724
2023-03-14,-0.006493159613732685
2023-03-15,-0.004397973119632343
2023-03-16,0.0014493955409554096
2023-03-17,0.0007984241625786151
2023-03-20,-0.0012079010276880922
2023-03-21,-0.0005421768747803937
2023-03-22,0.002467845678115549
2023-03-23,-0.0017126888155804426
2023-03-24,-0.0007221701746565617
2023-03-27,0.0034889218366736608
2023-03-28,0.006598160753421723
2023-03-29,0.005326113633392776
2023-03-30,0.0009727438940068413
2023-03-31,-0.005488712445438789
2023-04-03,0.0037762845320934513
2023-04-04,0.0013139529636800615
2023-04-05,0.002557936920327908
2023-04-06,0.0008189688700502191
2023-04-10,0.0002220769478786421
2023-04-11,0.00023747622122397938
2023-04-12,-0.010653489108290117
2023-04-13,-0.004619276453231138
2023-04-14,0.0008849198131780952
2023-04-17,0.004165445622211177
2023-04-18,0.0014285574434074147
2023-04-19,0.0022389633075303433
2023-04-20,-0.008520327734959053
2023-04-21,0.002605271985138592
2023-04-24,-0.002377870846857544
2023-04-25,0.0028868292109417537
2023-04-26,0.006839497986858553
2023-04-27,0.005686813896959949
2023-04-28,0.0017694644666749377
2023-05-01,0.005716027523779759
2023-05-02,-0.0034399199286264544
2023-05-03,0.0009563185583535373
2023-05-04,-0.008201736881908821
2023-05-05,0.003047514862005758
2023-05-08,0.0071559577860852465
2023-05-09,-0.0016531861401606715
2023-05-10,-0.006638915675752554
2023-05-11,-0.003007978008110381
2023-05-12,-0.003680016729270644
2023-05-15,0.005470763863061958
2023-05-16,-0.000983908589579615
2023-05-17,0.006078693159265804
2023-05-18,0.0027808369957401805
2023-05-19,-0.004208041151853602
2023-05-22,-0.0020415027795885063
2023-05-23,0.00902435383928855
2023-05-24,-0.0024504345127411274
2023-05-25,0.002025142315150858
2023-05-26,2.941992876091858e-05
2023-05-30,0.001891738086542831
2023-05-31,-0.0028743027721409567
2023-06-01,-6.922149881111949e-07
2023-06-02,0.000728879347094626
2023-06-05,-0.001279320006542833
2023-06-06,0.006016274501918548
2023-06-07,0.015459845125160668
2023-06-08,-0.0025539485917415836
2023-06-09,0.0028916536052611044
2023-06-12,0.0026364575984185973
2023-06-13,0.006935371017417422
2023-06-14,2.3871274636039566e-05
2023-06-15,-0.006402339500837206
2023-06-16,0.0027806367750413397
2023-06-20,-0.002744700192267791
2023-06-21,0.0022202323578217353
2023-06-22,-0.004541824434447464
2023-06-23,-0.0005015077058808041
2023-06-26,0.0026335712826844873
2023-06-27,0.00461982101834344
2023-06-28,0.0067395674517829315
2023-06-29,-0.0014587869912877152
2023-06-30,0.0013979139160877245
2023-07-03,0.006376328281845741
2023-07-05,0.001065256496995615
2023-07-06,-0.003433579390510896
2023-07-07,0.005771168176772617
2023-07-10,-0.0059506282320882925
2023-07-11,0.0019454378960099038
2023-07-12,-0.006687192881566119
2023-07-13,-0.0020751053713013398
2023-07-14,-0.014793034012026892
2023-07-17,-0.010927263085181854
2023-07-18,0.008269934083908505
2023-07-19,0.006539382466669733
2023-07-20,0.006405664380655356
2023-07-21,-0.004653000503070028
2023-07-24,0.0009325620848006048
2023-07-25,-0.008094575315597314
2023-07-26,0.004399911775829594
2023-07-27,-0.006473812272337615
2023-07-28,0.000995341551936325
2023-07-31,0.003132906815507797
2023-08-01,-0.008273851274909044
2023-08-02,-0.003256948124890872
2023-08-03,0.005386894018434247
2023-08-04,0.0006204323299939864
2023-08-07,0.0014125254756510944
2023-08-08,-0.0013942311353754135
2023-08-09,-0.001983936931010782
2023-08-10,-0.004089700590823228
2023-08-11,-0.0005160964162234943
2023-08-14,-0.00455549140798001
2023-08-15,-0.0020621210760848963
2023-08-16,0.0009453024361070109
2023-08-17,0.004763613026420971
2023-08-18,0.003704704875966969
2023-08-21,-0.00500569263361774
2023-08-22,-0.0038757844024595624
2023-08-23,-0.0022389359587107636
2023-08-24,0.003422937367368534
2023-08-25,-0.006540769926564815
2023-08-28,0.001758545511312782
2023-08-29,-0.004161459422441976
2023-08-30,-0.0024539410267689177
2023-08-31,0.0026164342229832408
2023-09-01,-0.004691555736782853
2023-09-05,-0.002494126688423405
2023-09-06,0.0017112459564844926
2023-09-07,-0.0017909881115766922
2023-09-08,0.00657837983789537
2023-09-11,-0.003617672552139533
2023-09-12,0.01008728793793385
2023-09-13,-0.0045847782552646465
2023-09-14,0.0014053451851319596
2023-09-15,0.0073893465114092055
2023-09-18,-0.0011819403664587824
2023-09-19,0.0011196393628272658
2023-09-20,-0.0019624682395714688
2023-09-21,0.005229276486243289
2023-09-22,-0.004370326376743967
2023-09-25,-0.0038260814213668523
2023-09-26,0.0011984638850909704
2023-09-27,-0.002906180746048937
2023-09-28,-0.0021839320938489316
2023-09-29,-0.0007265174689736589
2023-10-02,-0.010557691061628455
2023-10-03,0.0014004253393874204
2023-10-04,-0.008951474901405212
2023-10-05,-0.0026449270131259197
2023-10-06,-0.005074558293355564
2023-10-09,-0.0030983084320709985
2023-10-10,0.0009078318559886218
2023-10-11,-0.003925174138979504
2023-10-12,-0.002916039279067444
2023-10-13,-0.005551874271473249
2023-10-16,0.002101015509029247
2023-10-17,0.003958074223409172
2023-10-18,-0.00674431644265671
2023-10-19,0.009370550986645954
2023-10-20,0.003661360304414136
2023-10-23,-0.0010045505353906297
2023-10-24,0.00873188948187036
2023-10-25,0.002383317374472867
2023-10-26,0.007249131954535891
2023-10-27,-0.005353337984123759
2023-10-30,0.006526744295840365
2023-10-31,0.0005461968207059937
2023-11-01,-0.005240606465067762
2023-11-02,0.005066929343232466
2023-11-03,0.0142251395260144
2023-11-06,-0.00841314770372849
2023-11-07,-0.0029429660164574972
2023-11-08,-0.008166292878193985
2023-11-09,-0.0005835064638671216
2023-11-10,-0.0016272803848342908
2023-11-13,-0.0023289533204608123
2023-11-14,-0.0013564033486661317
2023-11-15,0.006657458099233426
2023-11-16,-0.007380769737456349
2023-11-17,0.005306814796943357
2023-11-20,-0.004422712299415715
2023-11-21,-0.002316067039455768
2023-11-22,-0.00037012257630659367
2023-11-24,0.0005013877461194687
2023-11-27,0.0038427900255690755
2023-11-28,-0.0008090937921080301
2023-11-29,0.005252695182631087
2023-11-30,0.0012026430091531862
2023-12-01,0.007183466214405039
2023-12-04,0.0024642804143013295
2023-12-05,-0.0012591752002946571
2023-12-06,0.00305230310163263
2023-12-07,-0.0009646363613877986
2023-12-08,0.006555302244321699
2023-12-11,-0.008414026366267686
2023-12-12,-0.006401608712423586
2023-12-13,-0.0061106620399681115
2023-12-14,0.011962821242781222
2023-12-15,-0.004082134133735768
2023-12-18,-0.003772507578370877
2023-12-19,-0.0007518355388170818
2023-12-20,0.0006556404116506222
2023-12-21,-0.0005155730655220926
2023-12-22,-0.0009429584829979989
2023-12-26,-0.0010094138799960997
2023-12-27,-0.004237285316938999
2023-12-28,0.0008391475778497623
2023-12-29,-0.0008625800010437735
2024-01-02,0.003845179487943172
2024-01-03,0.007118472138605737
2024-01-04,0.0020165669192307323
2024-01-05,0.006799393967097589
2024-01-08,-0.004885291105169867
2024-01-09,-0.006189127396013368
2024-01-10,-0.0056861741985023175
2024-01-11,-0.005072960463554164
2024-01-12,-0.005726153893688576
2024-01-16,-0.003665381105793316
2024-01-17,-0.0021454505321907014
2024-01-18,-8.042218633037566e-05
2024-01-19,-0.00016129865386620785
2024-01-22,-0.006562524369111012
2024-01-23,0.005980985406284599
2024-01-24,0.0006679069760251331
2024-01-25,0.01857763885028925
2024-01-26,-0.0018681492863888442
2024-01-29,-0.0046094086324643705
2024-01-30,0.0032529018846787572
2024-01-31,0.001656573850461827
2024-02-01,-0.0019132407849102781
2024-02-02,-0.005663546675183522
2024-02-05,-0.0049060910808980404
2024-02-06,0.006375451211633862
2024-02-07,-0.008705478327298805
2024-02-08,-0.004006856525981552
2024-02-09,-0.005029745134855689
2024-02-12,0.0042573043903218625
2024-02-13,0.0037850647929600937
2024-02-14,-0.004369193088477828
2024-02-15,0.004417962278592177
2024-02-16,0.000752593677920391
2024-02-20,0.008544129808781635
2024-02-21,0.006550353034111064
2024-02-22,-0.010471201092238314
2024-02-23,0.0002622304954765852
2024-02-26,-0.0057540809841231475
2024-02-27,0.002141199382486871
2024-02-28,-0.000454251793093962
2024-02-29,-0.0005496704224897619
2024-03-01,-0.006280595440068307
2024-03-04,0.005298040029246688
2024-03-05,0.012540062319321255
2024-03-06,0.00022869854783329582
2024-03-07,-0.005905752417077616
2024-03-08,0.006642928528043008
2024-03-11,0.0072601852330297315
2024-03-12,-0.005724870966969994
2024-03-13,0.01098785301282143
2024-03-14,0.0003378650471998728
2024-03-15,0.005639696178540092
2024-03-18,-0.0024734452123129683
2024-03-19,0.0003098112486119628
2024-03-20,0.005496030350155219
2024-03-21,-0.0007523385511101028
2024-03-22,0.002947666094868902
2024-03-25,0.00412997451915348
2024-03-26,-0.0010706242410022544
2024-03-27,0.005398311913717071
2024-03-28,0.00357304032869219
2024-04-01,0.0007327077559566458
2024-04-02,0.005422478088816685
2024-04-03,-0.005377473640003222
2024-04-04,0.003232558134744296
2024-04-05,-0.00275388268502421
2024-04-08,-0.002254380159864286
2024-04-09,-0.0006489610368128245
2024-04-10,-0.002078681391270881
2024-04-11,-0.006819670005663723
2024-04-12,0.005392869131894219
2024-04-15,0.00813457951817703
2024-04-16,-0.004441138146894358
2024-04-17,0.0035109007611008975
2024-04-18,0.007185211359516401
2024-04-19,0.008990173287404805
2024-04-22,6.330747099682188e-05
2024-04-23,-0.006814195522044767
2024-04-24,0.00038772861395449065
2024-04-25,0.004611521868808807
2024-04-26,-0.006137270299369591
2024-04-29,-0.0036031403341158803
2024-04-30,-0.00394555654550708
2024-05-01,0.002066626437136539
2024-05-02,-0.006065176506383162
2024-05-03,-0.009575523958147321
2024-05-06,0.0005921930161049405
2024-05-07,-0.0037496018024382348
2024-05-08,0.0031331053158394897
2024-05-09,0.0015121630586122693
2024-05-10,-0.0021564309833137668
2024-05-13,0.004709752021588021
2024-05-14,-0.0028689327268984683
2024-05-15,-0.00921822155834274
2024-05-16,0.0018393680269849855
2024-05-17,-0.0015792820061132286
2024-05-20,-0.004894786667620868
2024-05-21,-0.0025631273955635946
2024-05-22,-0.00771225161519786
2024-05-23,-0.005609067931387857
2024-05-24,-0.0013928122428869076
2024-05-28,-0.0016151789411033362
2024-05-29,-0.00019850638592459522
2024-05-30,0.009476293805625913
2024-05-31,0.00789715282149201
2024-06-03,-0.004562233919026753
2024-06-04,-0.0005815660293363227
2024-06-05,-0.009746018693144412
2024-06-06,-0.0013769141290746732
2024-06-07,0.003638518827262989
2024-06-10,-0.0010453574012337951
2024-06-11,-0.005282868518609973
2024-06-12,-0.006595001542493713
2024-06-13,-0.003237380461489707
2024-06-14,-0.007789142928084443
2024-06-17,-0.0003853024442308521
2024-06-18,0.0010163137215662768
2024-06-20,0.008237446081822109
2024-06-21,0.0022415524456984755
2024-06-24,0.009942263345120718
2024-06-25,-0.0020037782898123307
2024-06-26,-0.0020138009203112483
2024-06-27,-0.0027494070706684725
2024-06-28,0.0021619812424994327
2024-07-01,-0.001235004768543491
2024-07-02,-0.0028891447551448097
2024-07-03,-0.0026346555439002994
2024-07-05,-0.005467834791125277
2024-07-08,-0.0012099513467269806
2024-07-09,0.0028276998915461684
2024-07-10,-0.0019098862844256046
2024-07-11,0.005668863128341938
2024-07-12,-0.005412088376398469
2024-07-15,0.002637855440781868
2024-07-16,0.00261227326663889
2024-07-17,0.021518888996084888
2024-07-18,0.001160165211247559
2024-07-19,-0.00020548612822612422
2024-07-22,-0.015656934122378265
2024-07-23,-0.005766970954975475
2024-07-24,0.015208933919447746
2024-07-25,-0.004302305003068332
2024-07-26,-0.002791469579702382
2024-07-29,-0.001605032998541144
2024-07-30,0.009580937105848305
2024-07-31,-0.013256694645683763
2024-08-01,0.004868177212362648
2024-08-02,-0.004160816850465165
2024-08-05,-0.0003837677279838789
2024-08-06,0.0034039063294804745
2024-08-07,0.009269747609860131
2024-08-08,-0.003242287640156208
2024-08-09,-0.003638464083650702
2024-08-12,-0.0010272398386832248
2024-08-13,-0.007585382540586618
2024-08-14,0.0012030285619367674
2024-08-15,-0.002842057275579527
2024-08-16,0.002326129717738107
2024-08-19,4.0220661327681356e-05
2024-08-20,-0.000754528084065869
2024-08-21,0.001623333049462507
2024-08-22,0.007293042322602645
2024-08-23,0.005485363524890271
2024-08-26,0.007521049410195566
2024-08-27,-0.00461598187781667
2024-08-28,0.002535562677586053
2024-08-29,7.983004660926563e-05
2024-08-30,-0.0027635107325948206
2024-09-03,0.011573898486956861
2024-09-04,-0.0049779107287413246
2024-09-05,0.004833705016633736
2024-09-06,0.005654967914029746
2024-09-09,0.0004211119252738714
2024-09-10,-0.006890984713074898
2024-09-11,-0.012676303485641435
2024-09-12,0.0015462604209092851
2024-09-13,0.004473335660008222
2024-09-16,0.007379966202975706
2024-09-17,0.003817430780302807
2024-09-18,0.002771723141760673
2024-09-19,-0.009396174364189158
2024-09-20,0.008118364959718353
2024-09-23,-0.00029127302937230996
2024-09-24,0.004394071803083056
2024-09-25,-0.0045968645529652855
2024-09-26,-0.0032935760021360165
2024-09-27,0.0039656553376468395
2024-09-30,0.002225525167233719
2024-10-01,0.009371332369398263
2024-10-02,0.0005019064598710663
2024-10-03,0.000958083121558493
2024-10-04,0.003265581383876247
2024-10-07,0.002680538112145352
2024-10-08,-0.005171608897984799
2024-10-09,0.0015371026372303384
2024-10-10,0.003249989734210617
2024-10-11,0.0025551805245711714
2024-10-14,-0.0014676064711405918
2024-10-15,0.010151648651711752
2024-10-16,0.005158048599317074
2024-10-17,-0.002454851630274444
2024-10-18,0.0006109362346998342
2024-10-21,0.0004294461545672183
2024-10-22,0.0078105599281528435
2024-10-23,0.008333224890275756
2024-10-24,-0.009274096333423309
2024-10-25,-0.007175258434286339
2024-10-28,0.005608155528336934
2024-10-29,-0.007536213391141995
2024-10-30,0.004727731673308003
2024-10-31,0.01567519424938323
2024-11-01,-0.00967083456035815
2024-11-04,-0.0018655806185592552
2024-11-05,-0.0008675676121454785
2024-11-06,-0.0004757551703008303
2024-11-07,-0.014064685542466752
2024-11-08,0.0005308773058002366
2024-11-11,-0.0005116039633235332
2024-11-12,0.006071508489614865
2024-11-13,0.0005827792748503888
2024-11-14,0.005487659537822097
2024-11-15,0.009020628417434215
2024-11-18,0.005430065924046274
2024-11-19,-0.0010773030014695451
2024-11-20,-0.004827427178710141
2024-11-21,-0.0011223625772988066
2024-11-22,0.004119952219597869
2024-11-25,-0.0007202702530872344
2024-11-26,-0.007256212203497378
2024-11-27,0.005416290342083113
2024-11-29,-0.0026352918863707525
2024-12-02,-0.005440866194437322
2024-12-03,-0.00434465493248213
2024-12-04,-0.01052613868532009
2024-12-05,0.007136205825136985
2024-12-06,-0.008971393489089822
2024-12-09,-0.0025208718435156697
2024-12-10,0.00024356543151196554
2024-12-11,-0.001729768832761706
2024-12-12,0.0079992911873738
2024-12-13,-0.00810641924682063
2024-12-16,-0.010165467821891419
2024-12-17,0.004441126015616883
2024-12-18,0.0012300404038650982
2024-12-19,0.003884363585090868
2024-12-20,0.004132421920372166
2024-12-23,-0.004953139224370651
2024-12-24,-0.0017776345151051301
2024-12-26,0.0016937543631605977
2024-12-27,0.0034185104501307873
2024-12-30,0.0018136314369977169
2024-12-31,0.007491606575900712
2025-01-02,0.0018588207290190428
2025-01-03,-0.006581056212965577
2025-01-06,-0.0031320905078069156
2025-01-07,0.006453678474062383
2025-01-08,-0.0026405220646208223
2025-01-10,0.002387776045929554
2025-01-13,-0.0004481082322363411
2025-01-14,0.0052828764966635685
2025-01-15,-0.0005005896314926458
2025-01-16,0.0020611313114501013
2025-01-17,-0.0017738727946912988
2025-01-21,-0.0020558018677468482
2025-01-22,-0.01037743908965641
2025-01-23,2.9173120548119975e-05
2025-01-24,0.0012062510712673637
2025-01-27,0.0293399558933016
2025-01-28,-0.01380963994535755
2025-01-29,0.0060386153164504195
2025-01-30,-0.004433904296015421
2025-01-31,-0.006725279911142893
2025-02-03,0.002504807266746536
2025-02-04,-0.006292766600744349
2025-02-05,-0.002661914541208005
2025-02-06,-0.0033003884927944285
2025-02-07,0.007693781299110801
2025-02-10,0.0024555595313696726
2025-02-11,0.009325787126629464
2025-02-12,0.012037757157638846
2025-02-13,0.004800538893203515
2025-02-14,0.002501880439296983
2025-02-18,0.0008751859078931956
2025-02-19,0.007718853910887643
2025-02-20,0.0020005553861274297
2025-02-21,0.010578624038754118
2025-02-24,0.006432955280413362
2025-02-25,-0.0010018791632567352
2025-02-26,-0.005836969590385911
2025-02-27,0.00978626574806694
2025-02-28,0.0010013095886174596
2025-03-03,0.006935614174557757
2025-03-04,-0.01345165210510612
2025-03-05,-0.004239991103835091
2025-03-06,0.00575264228012536
2025-03-07,0.00635981908541994
2025-03-10,0.00756322830019293
2025-03-11,-0.008435220844437222
2025-03-12,-0.007302162549923363
2025-03-13,0.011836861348199801
2025-03-14,-0.004259149824148894
2025-03-17,0.0027095689340891817
2025-03-18,0.005967478396372636
2025-03-19,-0.006328681281055851
2025-03-20,0.0006590488836078167
2025-03-21,-0.004949519189253467
2025-03-24,-0.010256892663468822
2025-03-25,-0.0068254369623273635
2025-03-26,0.012315929480553016
2025-03-27,0.003599125260411269
2025-03-28,0.007639890528891188
2025-03-31,0.0047739312297217906
2025-04-01,-0.008625907522958578
2025-04-02,-0.007018582649650423
2025-04-03,-0.0039052714377364826
2025-04-04,0.005001949421379447
2025-04-07,-0.0039893724304880486
2025-04-08,-0.011209611764167057
2025-04-09,-0.022835420979821528
2025-04-10,-0.00020857284821977173
2025-04-11,-0.0002988168830318814
2025-04-14,0.004533511325563035
2025-04-15,-0.0023831265499624148
2025-04-16,0.006532679591744022
2025-04-17,0.0066937376777929
2025-04-21,0.010330318720917261
2025-04-22,-0.005471372301374213
2025-04-23,-0.011183008875243684
2025-04-24,-0.007251731024074946
2025-04-25,-0.011299434691574276
2025-04-28,0.0019049296857775
2025-04-29,-0.001016296860227796
2025-04-30,-0.005719318840003093
2025-05-01,-0.0017963073012623022
2025-05-02,-0.0019096789502168292
2025-05-05,-0.005956910534935638
2025-05-06,0.0033414227706657623
2025-05-07,-0.005522982543722587
2025-05-08,0.004303651881599869
2025-05-09,0.0014667503986540526
2025-05-12,-0.013195511843122159
2025-05-13,-0.003097858903057405
2025-05-14,-0.0019621172830927326
2025-05-15,0.006019819115189039
2025-05-16,-4.128851625865135e-05
2025-05-19,-0.0032006801546212733
2025-05-20,-0.001375846138956755
2025-05-21,-0.0023884781313343387
2025-05-22,0.001606843301152675
2025-05-23,0.0029326806364466363
2025-05-27,-0.0015002707415427343
2025-05-28,-0.0025385229731263157
2025-05-29,0.004018658388613855
2025-05-30,-0.0009569894089550966
2025-06-02,0.0013434426377720865
2025-06-03,0.00563041904932738
2025-06-04,-0.0028683537891436846
2025-06-05,0.0026145313314347154
2025-06-06,0.004917001802706533
2025-06-09,0.003501019970878056
2025-06-10,0.007221360853186375
2025-06-11,-0.0029856192501878506
2025-06-12,-0.002479679115475427
2025-06-13,-0.0011071795701765596
2025-06-16,0.006041496699747652
2025-06-17,0.0017161347063811708
2025-06-18,0.0010952995794852555
2025-06-20,0.006577108313773052
2025-06-23,-0.006200209564387416
2025-06-24,-0.0017605806283339284
2025-06-25,-0.0012817248903350344
2025-06-26,0.0007121054354032307
2025-06-27,0.0015543855467348895
2025-06-30,-0.006133500330521101
2025-07-01,0.01441714971793378
2025-07-02,0.005761731554799725
2025-07-03,-0.007489115001697756
2025-07-07,0.000646020795998903
2025-07-08,0.0053034606236180394
2025-07-09,-0.0020619166702319563
2025-07-10,0.007219901766051137
2025-07-11,-0.0008159119851309708
2025-07-14,-0.002369214901236776
2025-07-15,-0.005623691520433282
2025-07-16,-0.003023805945218022
2025-07-17,0.001366497864326536
2025-07-18,-0.0003178296837308862
2025-07-21,0.0009701157367846614
2025-07-22,0.002662144534515106
2025-07-23,-0.010259603277943953
2025-07-24,-0.002242606240217198
2025-07-25,-0.0011018750062652953
2025-07-28,-0.0029668665839914263
2025-07-29,-0.005096478278129729
2025-07-30,-0.009706831449910455
2025-07-31,-2.185291912831637e-05
2025-08-01,0.0012187978108103008
2025-08-04,-0.007201415406555408
2025-08-05,0.008368010280201083
2025-08-06,-0.00442087835779873
2025-08-07,0.013750814617070959
2025-08-08,-0.0002694376445444572
2025-08-11,0.0017866476035373977
2025-08-12,0.0008782615859011857
2025-08-13,0.002890622933584406
2025-08-14,0.002755260604692785
2025-08-15,-0.006817442789889724
2025-08-18,-0.002710147287078307
2025-08-19,0.007050878090340435
2025-08-20,-0.0020646194888389474
2025-08-21,0.0010140387751813409
2025-08-22,0.005167521784866871
2025-08-25,0.0013896864784470639
2025-08-26,-0.004521615220842652
2025-08-27,0.0030974761189230217
2025-08-28,-0.004169681114735786
2025-08-29,0.007062294059917991
2025-09-02,0.0017354901505953852
2025-09-03,-0.0017774409715712984
2025-09-04,-0.00016583522365009841
2025-09-05,-0.005105322510430275
2025-09-08,-0.007557673580549749
2025-09-09,0.00039824292480488766
2025-09-10,0.005831220035994148
2025-09-11,-0.002678205646463409
2025-09-12,-0.0018356921248799465
2025-09-15,-0.0033757770292835183
2025-09-16,0.0026725409564413815
2025-09-17,-0.00013987591891888705
2025-09-18,-0.0006177620232931636
2025-09-19,-0.00695769394635575
2025-09-22,-0.008250616988434056
2025-09-23,0.007206358493054441
2025-09-24,-0.0017421514159375328
2025-09-25,0.00639213072363026
2025-09-26,0.0032577561050786854
2025-09-29,-0.0016041018630408325
2025-09-30,-0.0034910755207711703
2025-10-01,0.0029652558057263064
2025-10-02,-0.003949655356141918
2025-10-03,0.0028045485871898714
2025-10-06,-0.01034447143095422
2025-10-07,0.001966090968134286
2025-10-08,-0.008954187048711348
2025-10-09,-0.0015964408940403727
2025-10-10,0.004598428108063906
2025-10-13,-0.0039314062361927695
2025-10-14,0.009161702263063454
2025-10-15,0.0025555381025925785
2025-10-16,-0.0023714441615172196
2025-10-17,0.004201639941311111
2025-10-20,0.000982379870074266
2025-10-21,0.004799575155382293
2025-10-22,0.00040845246602979013
2025-10-23,-0.013633318446776142
2025-10-24,-0.0035679204117878387
2025-10-27,-0.006038444815940685
2025-10-28,-0.006621088026465116
2025-10-29,-0.01146625837169915
2025-10-30,0.008775105954310716
2025-10-31,-0.0017741204825728089
2025-11-03,-0.0043895458670964475
2025-11-04,0.0018408087760377453
2025-11-05,-0.0029862347163619528
2025-11-06,0.011395729474379135
2025-11-07,0.010197959198580556
2025-11-10,-0.008504182372652765
2025-11-11,0.012571953285328544
2025-11-12,0.00042964168555033105
2025-11-13,0.009371264616810452
2025-11-14,-0.004880152921821666
2025-11-17,-0.007716071066754784
2025-11-18,0.012582127777154723
2025-11-19,-0.007451121575799639
2025-11-20,0.0062297676723196
2025-11-21,0.007280724299592877
2025-11-24,-0.015774078903633283
2025-11-25,0.002064370123264575
2025-11-26,-0.0002917627230951564
2025-11-28,0.003437151731192849
2025-12-01,0.0037039558465633937
2025-12-02,-0.003219146472041988
2025-12-03,0.006884618371643395
2025-12-04,-0.00043848001246909606
2025-12-05,-0.0036164337470743586
2025-12-08,-0.0002716380431689
2025-12-09,-0.0003343137880230873
2025-12-10,-0.0007910404850833215
2025-12-11,0.0014863357031915376
2025-12-12,0.01315305483468933
2025-12-15,0.0002853881823849623
2025-12-16,-0.0037468293945652487
2025-12-17,0.014618409530741543
2025-12-18,-0.009618836619910557
2025-12-19,-0.004584733186613027
2025-12-22,-0.00428473010091734
2025-12-23,-0.004054300579202414
2025-12-24,0.0009135872948837967
2025-12-26,-0.0007840564824603677
2025-12-29,-6.729552372459395e-05
2025-12-30,0.0028594979003153348
2025-12-31,0.0026171217056977494
2026-01-02,-0.0006281059034556821
2026-01-05,0.003315202563502532
2026-01-06,-0.008365802987926786
2026-01-07,-0.0028290682318372054
2026-01-08,0.012432961572363701
2026-01-09,-0.004343009517264697
2026-01-12,-0.00543918247329109
2026-01-13,0.009678669983337456
2026-01-14,0.011699458015029226
2026-01-15,-0.005603347020448288
2026-01-16,-0.0024639566061957973
2026-01-20,0.0037866374137763606
2026-01-21,-0.002679060913222058
2026-01-22,-0.0014115385673007324
2026-01-23,0.0053584496954040255
2026-01-26,-0.005418772889572383
2026-01-27,0.003068085407128294
2026-01-28,-0.015390201422740547
2026-01-29,0.0031405299974687053
2026-01-30,0.01842942275442211
2026-02-02,-0.009008893005234896
2026-02-03,0.011370315250765616
2026-02-04,0.032067825912566995
2026-02-05,0.0031855475705318812
2026-02-06,-0.009111334466316649
2026-02-09,-0.010291362185085641
2026-02-10,0.011626439660187626
2026-02-11,-0.004220278249864918
2026-02-12,-0.0019064593810796957
2026-02-13,-0.006946503792252999
2026-02-17,0.0031417506897896083
2026-02-18,-0.005642102637870316
2026-02-19,-0.0021364848705942383
2026-02-20,-0.00208786962687297
2026-02-23,0.01619420927911558
2026-02-24,-0.0015458231872725518
2026-02-25,-0.011598671047942447
2026-02-26,-0.0003394494479597778
2026-02-27,0.011720497969405875
2026-03-02,-0.002634976239197611
2026-03-03,0.006720493685671364
2026-03-04,-0.013559550228910427
2026-03-05,-0.0004782519329498413
2026-03-06,0.007304085468488365
2026-03-09,-0.017305352314630484
2026-03-10,0.0018949396253749432
2026-03-11,-0.004360551797941238
2026-03-12,0.00674448861450446
2026-03-13,0.0016692480998613988
2026-03-16,-0.008641547682780637
2026-03-17,-0.005218429758052955
2026-03-18,-0.007629498699578877
2026-03-19,0.0011236717100594706
2026-03-20,0.0007785060657885738
2026-03-23,0.0010352861482435312
2026-03-24,0.0061483779986990185
2026-03-25,0.0035124268287375676
2026-03-26,0.018758785822023838
2026-03-27,0.006432417675879474
2026-03-30,0.00723636946653212
2026-03-31,-0.011684127652970229
2026-04-01,-0.01891403000305328
2026-04-02,0.004381436344111183
2026-04-06,-0.0043007793861967415
2026-04-07,-0.006497839842566611
2026-04-08,-0.009530179783690047
2026-04-09,0.0008300395613617048
2026-04-10,-0.00157979989038053
2026-04-13,-0.01256851875028445
2026-04-14,-0.004720368739172336
2026-04-15,-9.344100404876836e-05
2026-04-16,0.0024492639001546736
2026-04-17,-0.005300354444822377
2026-04-20,2.9597021188084146e-05
2026-04-21,-0.0074182553517418755
2026-04-22,-0.016767010958889973
2026-04-23,0.013633760707652733
2026-04-24,-0.012466754660546002
2026-04-27,-0.005040443116420271
2026-04-28,0.01397122901666915
2026-04-29,0.004973341665110631
2026-04-30,-0.004175242390569069
2026-05-01,-0.011856116477374782
2026-05-04,-0.015908920862126984
2026-05-05,-0.01219276970365223
2026-05-06,-0.00381661448549892
2026-05-07,0.000915055687469446
2026-05-08,-0.020918073700737463
2026-05-11,-0.01180039194390178
2026-05-12,0.01231534498604089
2026-05-13,-0.003422846272061151
2026-05-14,0.0027233457572586038
2026-05-15,0.004442978644636419
2026-05-18,0.017408395522470758
2026-05-19,0.002317066410963952
2026-05-20,-0.008919140636821168
2026-05-21,-0.003127285568325932
2026-05-22,-0.00468709586796135
2026-05-26,-0.023626614500968004
2026-05-27,0.005145195255793003
2026-05-28,-0.006398795303782747
2026-05-29,-0.013562523012353323
2026-06-01,-0.010540747207825496
2026-06-02,-0.010251098612566331
2026-06-03,-0.010069681027534307
2026-06-04,0.011155947254159282
2026-06-05,0.040616752022171514
2026-06-08,-0.014814313166071461
2026-06-09,0.013880192465767353
2026-06-10,0.013838569430134411
2026-06-11,-0.021247789098620726
2026-06-12,-0.0050175377227273076
2026-06-15,-0.02902647594223098
2026-06-16,0.01643505614836239
2026-06-17,-0.012912741396053275
2026-06-18,-0.020564007481558975
2026-06-22,-0.009815928183538042
2026-06-23,0.03321725793128541
2026-06-24,0.0014161601250786248
2026-06-25,-0.01608667088676682
2026-06-26,0.022957523774757578
2026-06-29,-0.022972247291502206
2026-06-30,-0.025927018459596652
2026-07-01,0.01359165757352318
2026-07-02,0.030171791177942452
2026-07-06,-0.021518177099301032
2026-07-07,0.022884769157665533
2026-07-08,-0.008586609632369974
2026-07-09,-0.011440693013586509
2026-07-10,0.007911258612651862
2026-07-13,0.022638272516019044
2026-07-14,-0.014420486876491456
2026-07-15,0.01672173436204936
2026-07-16,0.030411811667213417
2026-07-17,0.0036397804213299224
2026-07-20,-0.00553796043352394
2026-07-21,-0.011556789347801482
2026-07-22,0.006684967633703768
2026-07-23,-0.00286811526925091
2026-07-24,0.023599854991288784
2026-07-27,0.013548544719090826
2026-07-28,0.023609932870474373
2026-07-29,0.02225891048519748
2026-07-30,-0.03433103445494186
2026-07-31,0.0005263261927870605
2026-08-03,-0.003557391130905502
2026-08-04,-0.014053152939884364
2026-08-05,3.935572000833489e-05
2026-08-06,0.010621597908128876
2026-08-07,-0.006136031977140609
2026-08-10,0.0040410797948410215
2026-08-11,0.0030062563006702453
2026-08-12,-0.004637283759856919
2026-08-13,0.0028149182315901525
