date,0
2006-01-03,-0.0005614651026301053
2006-01-04,0.002232975807652418
2006-01-05,0.006395864692370236
2006-01-06,-0.0014710661599036106
2006-01-09,-0.00257614453357801
2006-01-10,-0.004433434695361798
2006-01-11,0.0035861860902666894
2006-01-12,0.0026285185030803094
2006-01-13,-0.0018437294488356953
2006-01-17,-0.01147965099820077
2006-01-18,0.00011765350100357975
2006-01-19,0.003553662438810644
2006-01-20,-0.005305253028437429
2006-01-23,-0.003918589817427516
2006-01-24,-0.004743702240359346
2006-01-25,0.009398097276842309
2006-01-26,0.0049687771443840964
2006-01-27,-0.003909092079174702
2006-01-30,-0.006753282175663542
2006-01-31,-0.005152976624320882
2006-02-01,0.00927014939492325
2006-02-02,0.003341479749296239
2006-02-03,-0.0024318447201752157
2006-02-06,-0.005257061365192868
2006-02-07,0.017759502987932177
2006-02-08,0.008196684679933267
2006-02-09,0.005950269893184208
2006-02-10,0.004100664087436816
2006-02-13,-0.000449505747103371
2006-02-14,0.00430694577487997
2006-02-15,0.005232543602561679
2006-02-16,-0.003915110282242801
2006-02-17,0.00041615451405968676
2006-02-21,-0.009669980020083381
2006-02-22,0.004218601784370634
2006-02-23,-0.0023127024128297524
2006-02-24,-0.003451590293755371
2006-02-27,0.009017506338445487
2006-02-28,0.007762419750308029
2006-03-01,-0.00016203714652225897
2006-03-02,-0.006371029853084844
2006-03-03,0.0015118400295688328
2006-03-06,0.009977724234031145
2006-03-07,0.0030558628024404443
2006-03-08,0.0003539646570278227
2006-03-09,0.0025517510073348923
2006-03-10,-0.0025715919602486057
2006-03-13,0.001040377387402079
2006-03-14,-0.0057827413251515134
2006-03-15,-0.0023389722257223166
2006-03-16,-0.008285376859009104
2006-03-17,0.001927858883930906
2006-03-20,0.01120464678390458
2006-03-21,0.005695802008731734
2006-03-22,-0.0024574917276427685
2006-03-23,-0.011221748354638262
2006-03-24,0.000796244462334906
2006-03-27,-0.000854549404909348
2006-03-28,-0.005426513404553453
2006-03-29,0.002732013172667168
2006-03-30,-0.00029811379764370794
2006-03-31,0.000780295061502031
2006-04-03,0.004650611635323355
2006-04-04,-0.004034771223101154
2006-04-05,-0.0035451240712082643
2006-04-06,-0.001348237239260589
2006-04-07,-0.0008754836804026248
2006-04-10,-0.008036492683404142
2006-04-11,0.001516024508493509
2006-04-12,-0.000511132360945407
2006-04-13,0.003353400882240559
2006-04-17,-0.011067653772689742
2006-04-18,-0.005981653350387855
2006-04-19,0.0015868274746416579
2006-04-20,0.004134875547083056
2006-04-21,-0.008729770599159577
2006-04-24,0.0022595753704020703
2006-04-25,0.008170089936078805
2006-04-26,0.0027089993572692287
2006-04-27,0.014454585765165331
2006-04-28,-0.004789584656429826
2006-05-01,-0.0021160948695734118
2006-05-02,-0.005975325917802888
2006-05-03,0.006413543543349714
2006-05-04,0.007823521857601512
2006-05-05,-0.005323161728116809
2006-05-08,0.0028984316560857677
2006-05-09,-0.005005840050165045
2006-05-10,-0.010103736400047358
2006-05-11,0.0047896630071535525
2006-05-12,0.004381851584496919
2006-05-15,0.015058966380759525
2006-05-16,-0.00032673916172041705
2006-05-17,0.0008722774244252952
2006-05-18,-0.001779052802083221
2006-05-19,0.0020997180017575012
2006-05-22,0.001296451217100614
2006-05-23,-0.001106806582161433
2006-05-24,0.00865366499558459
2006-05-25,-0.006542350630211979
2006-05-26,-0.003964988979891022
2006-05-30,0.000647342294504771
2006-05-31,-0.006064927958579585
2006-06-01,0.0016949898607559982
2006-06-02,-0.005241066342919918
2006-06-05,0.0060857671841628045
2006-06-06,0.004216401449914475
2006-06-07,0.008075758531676193
2006-06-08,-0.0020715967633548014
2006-06-09,-0.0007767676877200971
2006-06-12,0.00770604949922133
2006-06-13,0.012243264072414037
2006-06-14,-0.0066008147933928
2006-06-15,0.0022528904584093725
2006-06-16,0.00084586662465274
2006-06-19,0.0085876416780572
2006-06-20,0.004397217300434028
2006-06-21,-0.009204569164467664
2006-06-22,-0.0026799220627291625
2006-06-23,-0.0145854592985858
2006-06-26,-0.0018740910656119929
2006-06-27,-0.000898267676421296
2006-06-28,-0.0006907487895277555
2006-06-29,-0.004342810805733914
2006-06-30,-0.004720585279937388
2006-07-03,-0.0036788881747190985
2006-07-05,-0.0009197531869268747
2006-07-06,-0.0003029057689159154
2006-07-07,0.0017100399665329385
2006-07-10,-0.0061113832005587525
2006-07-11,-0.0030734832166196954
2006-07-12,-0.006604640351958884
2006-07-13,0.004057785915874228
2006-07-14,-0.0040921094952533306
2006-07-17,0.017345360726993504
2006-07-18,0.008752496898211158
2006-07-19,-0.0007803592586573459
2006-07-20,0.009931751258875531
2006-07-21,0.010460706180620397
2006-07-24,-0.003848197930505966
2006-07-25,-0.013213937112185537
2006-07-26,-0.008554126735363978
2006-07-27,0.011239476167888294
2006-07-28,0.004599166057085705
2006-07-31,-0.010048755734355888
2006-08-01,-0.007901133074381629
2006-08-02,-0.002139541903578406
2006-08-03,-0.0037656955725520456
2006-08-04,0.001256595212165226
2006-08-07,-0.006382115229413013
2006-08-08,0.00395746452442682
2006-08-09,0.004474160867886063
2006-08-10,0.000894053054115775
2006-08-11,0.0023494278970394456
2006-08-14,0.01120216151557309
2006-08-15,-0.00015871590038558404
2006-08-16,-0.0022063614447476116
2006-08-17,0.00414044575177216
2006-08-18,-0.00243017332663638
2006-08-21,-0.0018179229700860267
2006-08-22,-0.0005791128543838312
2006-08-23,0.007136041050983071
2006-08-24,-0.0018451919977536058
2006-08-25,0.0019904700217007365
2006-08-28,0.010221723081556526
2006-08-29,0.007850588774978632
2006-08-30,0.008804427265065386
2006-08-31,-0.0024333601479514717
2006-09-01,0.0005077625592211064
2006-09-05,-0.007000237402702674
2006-09-06,0.006041180373720672
2006-09-07,0.004536472363949349
2006-09-08,0.007689244855175305
2006-09-11,0.015492032507935925
2006-09-12,-0.002590459828687849
2006-09-13,-0.010054309383878654
2006-09-14,0.006505073861592124
2006-09-15,-0.0018638196663346165
2006-09-18,-0.011332388460491418
2006-09-19,0.007010566206740245
2006-09-20,0.014051650650481815
2006-09-21,-0.0030978427593864187
2006-09-22,0.003248788075361608
2006-09-25,0.00289232515864441
2006-09-26,-0.0027065216230634705
2006-09-27,-0.0033263055632714294
2006-09-28,0.0021653973860752272
2006-09-29,0.00020856313940670606
2006-10-02,-0.004241192218307398
2006-10-03,0.012575152070956847
2006-10-04,0.0006581057546277643
2006-10-05,-0.01237191438261313
2006-10-06,0.0019509021419379406
2006-10-09,0.004931752823030196
2006-10-10,-0.010618980183521278
2006-10-11,0.007164086858788375
2006-10-12,-0.004864512407043687
2006-10-13,-0.0014580933469266948
2006-10-16,-0.006011835687749442
2006-10-17,0.0017387826201829902
2006-10-18,0.007348330720941197
2006-10-19,-0.0017986211987082426
2006-10-20,0.009843731482713296
2006-10-23,0.0032471510085797226
2006-10-24,-0.00947667796531628
2006-10-25,0.005385862419172465
2006-10-26,-0.0011897897643442777
2006-10-27,0.0021129794559326498
2006-10-30,0.0036795721126249136
2006-10-31,0.0008243272485727761
2006-11-01,0.0030517325491725656
2006-11-02,-0.0010939485733845735
2006-11-03,-0.005867721817304833
2006-11-06,0.002432521188810489
2006-11-07,0.008014148071652514
2006-11-08,0.0004733605447005162
2006-11-09,-0.0007964239108415052
2006-11-10,0.0008788414065860525
2006-11-13,0.003790033008794215
2006-11-14,-9.957163988614945e-05
2006-11-15,-0.0062790782070788025
2006-11-16,0.012056186480960206
2006-11-17,-0.005610459900308707
2006-11-20,-0.007269696450079149
2006-11-21,-0.006745721490200683
2006-11-22,-0.0016509632540878277
2006-11-24,-0.001401510624791123
2006-11-27,0.0006279033388416211
2006-11-28,0.0008517969600747548
2006-11-29,-0.0074263555266341
2006-11-30,-0.004083759716135228
2006-12-01,-0.0038323620171593293
2006-12-04,0.00085524365344494
2006-12-05,-0.000564031968701842
2006-12-06,-0.005637649163388614
2006-12-07,-0.0018061110333893859
2006-12-08,-0.000834397304937827
2006-12-11,0.00380220216714817
2006-12-12,0.004029161226199035
2006-12-13,0.0005513787206693619
2006-12-14,-0.0018209320280286629
2006-12-15,0.0010963105077370203
2006-12-18,0.007152096234827464
2006-12-19,-0.0005651465034404275
2006-12-20,0.004038422594153305
2006-12-21,0.003883928483351566
2006-12-22,-0.00035888192666151843
2006-12-26,0.002192642411718334
2006-12-27,-0.003368868934137992
2006-12-28,0.001814375239063972
2006-12-29,-0.0007181559413422248
2007-01-03,0.013020402794255873
2007-01-04,0.011095092908350925
2007-01-05,-0.006749891974318423
2007-01-08,-0.0015657946687247682
2007-01-09,0.006536087586971931
2007-01-10,0.0049420130578868285
2007-01-11,0.0017568262807666146
2007-01-12,-0.005911850606743876
2007-01-16,-0.0004329824154510135
2007-01-17,-0.007263919803326094
2007-01-18,-0.0036748283495321157
2007-01-19,-0.011352318296532297
2007-01-22,-0.0008175733722902694
2007-01-23,-0.014483977362334458
2007-01-24,0.005234025800249597
2007-01-25,0.004948041598107612
2007-01-26,-0.0015586625718162538
2007-01-29,0.003461499250633743
2007-01-30,-0.009880674063962588
2007-01-31,-0.0035398076951849845
2007-02-01,-0.0031802389799795677
2007-02-02,-0.0033304238526716454
2007-02-05,0.002492763730251402
2007-02-06,0.0011037405272616586
2007-02-07,0.0053728649173781385
2007-02-08,-4.059492389516989e-05
2007-02-09,-0.0012776330745199987
2007-02-12,0.006733525770819531
2007-02-13,-0.004573010780978803
2007-02-14,-0.0015660795872142
2007-02-15,0.001229422049134544
2007-02-16,-0.0012748816067453279
2007-02-20,0.001797362508151292
2007-02-21,-0.005678267667593018
2007-02-22,0.0010999110418292235
2007-02-23,-0.00046575488588888566
2007-02-26,-0.0015648965141276954
2007-02-27,0.0005618558363474642
2007-02-28,0.003828029569860316
2007-03-01,-0.0024521895722341273
2007-03-02,3.4577722335636825e-05
2007-03-05,0.006420519107867659
2007-03-06,-0.0018174890170117516
2007-03-07,-0.00736542554848593
2007-03-08,-0.0008031357604769449
2007-03-09,0.00204315102977037
2007-03-12,0.004259846441012812
2007-03-13,0.0019601628957592178
2007-03-14,-0.0034776672089417895
2007-03-15,-0.0020821003506860604
2007-03-16,0.00629775894504497
2007-03-19,-0.0043054904510617135
2007-03-20,0.001739124880666682
2007-03-21,-0.0014544598826746642
2007-03-22,0.0004203857404454616
2007-03-23,-0.0067721347474160535
2007-03-26,0.0018422259248972376
2007-03-27,0.0011492511005898312
2007-03-28,-0.00040716234752240514
2007-03-29,0.0001262832044746523
2007-03-30,0.004137894258792738
2007-04-02,-0.001184954780355198
2007-04-03,0.0015293510761269075
2007-04-04,-0.00026715276107654504
2007-04-05,0.00044950921545082917
2007-04-09,-0.003206880060635275
2007-04-10,-0.0021104042496939064
2007-04-11,0.0005545356774579134
2007-04-12,-0.0033062961027443003
2007-04-13,0.0034799868599730047
2007-04-16,-0.004475152107037477
2007-04-17,0.004066118366570282
2007-04-18,0.0014199454377886178
2007-04-19,0.005307032727691083
2007-04-20,-0.0003210733946775754
2007-04-23,-0.0032593789375230473
2007-04-24,0.0075622458312372964
2007-04-25,0.0038264953437440125
2007-04-26,0.0024550334816381197
2007-04-27,-0.00031850531476128405
2007-04-30,0.005678156712697678
2007-05-01,0.001308762269590591
2007-05-02,-0.0021517472250163184
2007-05-03,0.00010516471056986888
2007-05-04,0.001076568680140594
2007-05-07,0.0019968115645437727
2007-05-08,-0.0010233894570883131
2007-05-09,0.0008222786696022403
2007-05-10,0.0011493361631751532
2007-05-11,-0.0035169550479477387
2007-05-14,0.0029062888081119024
2007-05-15,-0.0006454303669493082
2007-05-16,0.0018831971778312502
2007-05-17,-0.008782966646108448
2007-05-18,-0.0014185154345505064
2007-05-21,0.0002297385816587448
2007-05-22,0.0038757613499926344
2007-05-23,-0.0034932222441487917
2007-05-24,0.005470868151781191
2007-05-25,0.0002609884630444659
2007-05-29,0.001121184266736313
2007-05-30,-0.005233115621333319
2007-05-31,0.0063599181468491275
2007-06-01,-0.0020032711272848234
2007-06-04,-0.0019210662422327162
2007-06-05,0.00032151725804282496
2007-06-06,0.0021039335097967292
2007-06-07,0.0036406693995931234
2007-06-08,-0.00389024703180895
2007-06-11,-0.003073323171438493
2007-06-12,0.0020288653775817414
2007-06-13,-0.005682063611180274
2007-06-14,-4.8500932691074174e-05
2007-06-15,0.0029517661664190194
2007-06-18,0.0020872940532069414
2007-06-19,-0.0024141155438355344
2007-06-20,0.006979646834634968
2007-06-21,0.00011107650194157792
2007-06-22,-0.0007179301033000636
2007-06-25,0.007237604101103169
2007-06-26,0.0060813289283776694
2007-06-27,0.003622890677815306
2007-06-28,0.0008749728796711311
2007-06-29,-0.0023706326332698538
2007-07-02,0.0007376890909436351
2007-07-03,0.0027793086129148607
2007-07-05,0.003997518292991856
2007-07-06,-0.00368572866931745
2007-07-09,0.0010644000449834224
2007-07-10,0.006069561325365391
2007-07-11,0.0013276287104840535
2007-07-12,-2.336552335669334e-05
2007-07-13,-0.0027328431226715014
2007-07-16,0.008504477442081373
2007-07-17,0.0029687351820812126
2007-07-18,-0.006748724480776126
2007-07-19,0.004483115269939653
2007-07-20,0.0020129853338511873
2007-07-23,0.005227797701293371
2007-07-24,0.006986053417258883
2007-07-25,0.007569202566735587
2007-07-26,0.008608181578108625
2007-07-27,0.0018399535749878504
2007-07-30,-0.004490922690337545
2007-07-31,0.004218809784442784
2007-08-01,0.01186749362708032
2007-08-02,0.0037016002183868895
2007-08-03,0.011170660393531867
2007-08-06,-0.004764570635159427
2007-08-07,-0.010986321603456323
2007-08-08,-0.007450143082598214
2007-08-09,0.005449907701203939
2007-08-10,-0.0030434845701585197
2007-08-13,0.003931823060752393
2007-08-14,0.007341955780418364
2007-08-15,0.00984247209985525
2007-08-16,-0.005223864145631661
2007-08-17,-0.010921499595575968
2007-08-20,0.0030318674868611527
2007-08-21,0.006954002401545798
2007-08-22,-0.0033632831583186138
2007-08-23,-0.001524085426315485
2007-08-24,-0.003128835691125711
2007-08-27,0.008156899608152135
2007-08-28,0.005126474802312983
2007-08-29,0.0017390535886084104
2007-08-30,0.0027155412246161
2007-08-31,-0.004837003307136508
2007-09-04,-0.003422046002465645
2007-09-05,0.0030277055909979987
2007-09-06,0.0006927277978038038
2007-09-07,-0.002039951582737671
2007-09-10,0.0036788510076553745
2007-09-11,0.0028815372531730836
2007-09-12,-0.003724127459406906
2007-09-13,-0.010840439747003496
2007-09-14,-0.005793802954437513
2007-09-17,0.0028785365799173256
2007-09-18,-0.011233351869094105
2007-09-19,-0.001478366645767195
2007-09-20,0.003338487985207465
2007-09-21,1.668881267407551e-05
2007-09-24,0.011340668982949595
2007-09-25,0.0063833202786386595
2007-09-26,-0.003425765937779313
2007-09-27,-0.006109032267668791
2007-09-28,0.00019009936952506246
2007-10-01,-0.0060388354935231306
2007-10-02,-0.0031399115576887246
2007-10-03,-0.00557125419370531
2007-10-04,0.0005035053068090319
2007-10-05,-0.0029008313734421066
2007-10-08,0.009446993499566137
2007-10-09,-0.007138752959966749
2007-10-10,-0.004893034394442393
2007-10-11,-0.0023576169612002807
2007-10-12,0.004355733448936667
2007-10-15,-0.004698653649141942
2007-10-16,0.007470710445416819
2007-10-17,0.013515853685955087
2007-10-18,-0.003398603116903069
2007-10-19,0.015848548496638925
2007-10-22,0.004705217259633697
2007-10-23,-0.00015729072170790094
2007-10-24,-0.00598912004294889
2007-10-25,-0.008828348815949783
2007-10-26,-0.013811593019807876
2007-10-29,-0.0005016063980500477
2007-10-30,0.014249625755714559
2007-10-31,-0.005586119950577884
2007-11-01,0.011185558971123503
2007-11-02,0.004010625242681006
2007-11-05,0.005088987775924754
2007-11-06,-0.010453929479520093
2007-11-07,0.014790965510512028
2007-11-08,-0.016493143200432617
2007-11-09,-0.002752957299259449
2007-11-12,0.015247660336028833
2007-11-13,-0.0050832122885848185
2007-11-14,-0.0034233844915778737
2007-11-15,0.01851724236788303
2007-11-16,0.002369781433914889
2007-11-19,0.011430559408037324
2007-11-20,0.0099592967365996
2007-11-21,0.007143219503425752
2007-11-23,-0.01165411760641082
2007-11-26,0.007750984619258184
2007-11-27,0.005157076605416754
2007-11-28,-0.01147695114305354
2007-11-29,0.0004506615344989734
2007-11-30,-0.01828756005857967
2007-12-03,0.002103312128155612
2007-12-04,0.011675535880066616
2007-12-05,-0.006356051945977377
2007-12-06,-0.018614577753657092
2007-12-07,-0.0008851210443248493
2007-12-10,-0.006685900088620327
2007-12-11,0.01698102189255122
2007-12-12,-0.0026453408924495205
2007-12-13,-0.0011063471088911155
2007-12-14,-9.32082493699402e-05
2007-12-17,-0.0015260900182501114
2007-12-18,-0.0015245145851248878
2007-12-19,-0.0012740534239961074
2007-12-20,0.005562078943446592
2007-12-21,-0.008083130643078267
2007-12-24,-0.0043180723562778935
2007-12-26,-0.003391211263310459
2007-12-27,0.0031780079848561806
2007-12-28,-0.0012088043625553021
2007-12-31,-0.0068661212333916396
2008-01-02,-0.00631792146304461
2008-01-03,-0.006243806610885475
2008-01-04,0.005060920470226277
2008-01-07,0.017510011529805213
2008-01-08,0.01938841571053984
2008-01-09,-0.0016158800271519715
2008-01-10,-0.01394825130994731
2008-01-11,-0.00790763382425691
2008-01-14,-0.008732830589946174
2008-01-15,0.018001184427542654
2008-01-16,0.008587773748821801
2008-01-17,0.023232442329632553
2008-01-18,-0.006247952140319386
2008-01-22,-0.014680111209344567
2008-01-23,-0.011946610809723491
2008-01-24,-0.009508105325137343
2008-01-25,-0.005581010885463703
2008-01-28,-0.009364289060795929
2008-01-29,-0.0037328423296983278
2008-01-30,0.006337906020241294
2008-01-31,0.00030996260201932924
2008-02-01,-0.009352228715970051
2008-02-04,-0.0021385776018467157
2008-02-05,0.01415111024355367
2008-02-06,0.004659702828422422
2008-02-07,-0.017044514962595764
2008-02-08,-0.004734701412072267
2008-02-11,0.0001538004931855718
2008-02-12,0.009661181351697098
2008-02-13,-0.00098901966891175
2008-02-14,-0.0051230062944482525
2008-02-15,-0.0012863226270246526
2008-02-19,-0.01352039572905661
2008-02-20,-0.009351337871273525
2008-02-21,0.005303265745309065
2008-02-22,0.0003272601653473956
2008-02-25,-0.004345233298370635
2008-02-26,0.0010315182753295607
2008-02-27,0.0052418647992587995
2008-02-28,-0.003336174458469276
2008-02-29,0.01066819077247378
2008-03-03,-0.0018056775027432152
2008-03-04,0.013303925999918956
2008-03-05,-0.005568236379701607
2008-03-06,0.009153424141830891
2008-03-07,0.012271629579149625
2008-03-10,0.01740638163559769
2008-03-11,-0.022338810635236662
2008-03-12,0.0033775872103915254
2008-03-13,-0.012108975234392664
2008-03-14,0.013959923841275337
2008-03-17,0.05107204996588802
2008-03-18,-0.03992549214496884
2008-03-19,0.022758990746587136
2008-03-20,-0.012278293590995136
2008-03-24,-0.016935738643342635
2008-03-25,-0.007964037281727832
2008-03-26,-0.00821684373492843
2008-03-27,0.013384994199734044
2008-03-28,0.0056074571951063405
2008-03-31,0.0004933397984605602
2008-04-01,-0.015511246732614142
2008-04-02,-0.005994185627176654
2008-04-03,0.00043535027918982933
2008-04-04,-0.005453563182057481
2008-04-07,-0.0011787325704537932
2008-04-08,-0.007687539012932728
2008-04-09,0.0001444810148075962
2008-04-10,0.010400425324585667
2008-04-11,0.0030514727083684754
2008-04-14,-0.001891650334121526
2008-04-15,-0.004414748406485069
2008-04-16,-0.010427082472600121
2008-04-17,-0.008193102955424043
2008-04-18,-0.003160592504131775
2008-04-21,0.0028765649311131803
2008-04-22,0.00029018084060285183
2008-04-23,0.010177394752932202
2008-04-24,0.004205663881689766
2008-04-25,-0.019013041351273706
2008-04-28,0.007404826734555489
2008-04-29,0.021748174700780165
2008-04-30,0.0020164233601024863
2008-05-01,0.016111490885809234
2008-05-02,-0.013144453713176466
2008-05-05,-0.0017987956705285222
2008-05-06,-0.012821939039671479
2008-05-07,0.004418491926536194
2008-05-08,-0.0035776698024574116
2008-05-09,0.0049672268205555705
2008-05-12,-6.472727881038302e-05
2008-05-13,-0.0041068239593115095
2008-05-14,0.006322578416057743
2008-05-15,-0.006673172945720508
2008-05-16,-0.0072216405043340265
2008-05-19,0.0049817094881952125
2008-05-20,-0.0035253172460090066
2008-05-21,0.013289995660940152
2008-05-22,0.006452529504263644
2008-05-23,0.008756165191142985
2008-05-27,0.0077431499350885035
2008-05-28,-0.009118733376113958
2008-05-29,0.018840354009372562
2008-05-30,-0.003167717551299973
2008-06-02,-0.0037632713217039433
2008-06-03,0.005422623461260492
2008-06-04,0.013677643041280088
2008-06-05,-0.01320321579344629
2008-06-06,-0.0019892607237444646
2008-06-09,-0.004099374935516898
2008-06-10,0.00865782606458263
2008-06-11,-0.004476992197720572
2008-06-12,0.007655609653811132
2008-06-13,-0.006720622245164904
2008-06-16,-0.004766749163410453
2008-06-17,-0.005930970144601101
2008-06-18,-0.010436966852866145
2008-06-19,0.010072486944986518
2008-06-20,-0.006711286491218327
2008-06-23,-0.01933378102933213
2008-06-24,0.009316362404354888
2008-06-25,0.013510865218480581
2008-06-26,-0.005080629620618734
2008-06-27,-0.008121260761678354
2008-06-30,0.0008299745159234572
2008-07-01,-0.004499857478377746
2008-07-02,0.014494579501412207
2008-07-03,-0.0007103207083342869
2008-07-07,0.013583397121574985
2008-07-08,0.010218188028626937
2008-07-09,0.01123514701315014
2008-07-10,0.00014808453932183243
2008-07-11,0.009294362051048307
2008-07-14,0.0005407653271105707
2008-07-15,0.03134193704965199
2008-07-16,-0.007158023390078902
2008-07-17,-0.01169828181557441
2008-07-18,-0.019749858384320553
2008-07-21,-0.024029212302699613
2008-07-22,-0.0024495815172230267
2008-07-23,0.0335364754702056
2008-07-24,0.019802815933737145
2008-07-25,0.00358535139460453
2008-07-28,0.0007231670442026127
2008-07-29,-0.005076252364676945
2008-07-30,-0.030313517580834587
2008-07-31,0.02254629077867852
2008-08-01,0.002190199583716849
2008-08-04,0.040228853999108166
2008-08-05,8.168306119160171e-05
2008-08-06,-0.008934878006168802
2008-08-07,0.018683832380470573
2008-08-08,0.022891302984633415
2008-08-11,0.013125024381231375
2008-08-12,0.009340030341579477
2008-08-13,-0.019179572420229902
2008-08-14,0.0032673557879536073
2008-08-15,0.011381212430767368
2008-08-18,0.014454075800466603
2008-08-19,-0.018250555603151322
2008-08-20,-0.0111464548708058
2008-08-21,-0.007981877626541916
2008-08-22,0.014412818054520129
2008-08-25,-0.001436535373160316
2008-08-26,-0.016800143410842273
2008-08-27,-0.015899451785371974
2008-08-28,-0.002830741707271653
2008-08-29,-0.00434833930482884
2008-09-02,0.024004791241660894
2008-09-03,-0.004461620708159704
2008-09-04,0.008124728822088293
2008-09-05,-0.011737736563758244
2008-09-08,0.04068021201245426
2008-09-09,0.043319576461119245
2008-09-10,-0.006547186944985548
2008-09-11,0.009286206778391285
2008-09-12,0.00018121801080043853
2008-09-15,0.06750584840542159
2008-09-16,-0.02723190121349994
2008-09-17,0.023015479323064608
2008-09-18,-0.0018930208703230847
2008-09-19,-0.12412639635952429
2008-09-22,-0.02307988780342838
2008-09-23,0.01424544286564322
2008-09-24,0.018130258000686173
2008-09-25,0.012119841075086546
2008-09-26,0.015437683855082856
2008-09-29,0.041678380009980066
2008-09-30,-0.02285677239031382
2008-10-01,-0.014688343858804225
2008-10-02,0.04165704824696954
2008-10-03,-0.00017297653730582356
2008-10-06,0.005603823138319215
2008-10-07,0.02844137046835263
2008-10-08,-0.022070723939706154
2008-10-09,0.0466619253522146
2008-10-10,0.010947564426683968
2008-10-13,-0.05265443192431087
2008-10-14,-0.019277361375878526
2008-10-15,0.05065077984857794
2008-10-16,-0.005881662068581933
2008-10-17,-0.00761997432192684
2008-10-20,-0.033866290490032244
2008-10-21,-0.004870051774168399
2008-10-22,0.05108172995065026
2008-10-23,-0.0037303231969204316
2008-10-24,0.01514839159525919
2008-10-27,0.045999013786466585
2008-10-28,-0.007110641878603085
2008-10-29,-0.0316427910600981
2008-10-30,-0.0060127131809034964
2008-10-31,-0.016682497862200142
2008-11-03,0.01121273925641434
2008-11-04,-0.03382392007081579
2008-11-05,0.006132852295424245
2008-11-06,0.018229207427339935
2008-11-07,-0.009417159154217616
2008-11-10,-0.017394467976689542
2008-11-11,0.004667208693178247
2008-11-12,0.023409939457651144
2008-11-13,-0.01690112833256159
2008-11-14,0.006504012025206944
2008-11-17,0.010925740414962474
2008-11-18,-0.0008568843590490283
2008-11-19,0.02176183326193394
2008-11-20,0.06886459664489561
2008-11-21,-0.032829739608861944
2008-11-24,-0.055203798927218044
2008-11-25,-0.011985178310810392
2008-11-26,-0.022004241640585686
2008-11-28,0.015450258328344206
2008-12-01,0.056246946977444284
2008-12-02,-0.007746483047085741
2008-12-03,0.013153958168717832
2008-12-04,0.02809812977174707
2008-12-05,0.0043138998040224115
2008-12-08,-0.048852223894961175
2008-12-09,-0.0009617552489444235
2008-12-10,-0.029362326362937397
2008-12-11,0.00010935988484679507
2008-12-12,0.02116529863886743
2008-12-15,-0.0027987949920479627
2008-12-16,-0.011086416840772863
2008-12-17,-0.002902746035781541
2008-12-18,0.03658605536153837
2008-12-19,0.0011703414400947793
2008-12-22,0.004999002792327239
2008-12-23,-0.007599317009743558
2008-12-24,-0.0003119560440450126
2008-12-26,-0.006458106461088801
2008-12-29,-0.012217094756630938
2008-12-30,-0.0018080973587051147
2008-12-31,-0.00781382005368933
2009-01-02,-0.012658209572192965
2009-01-05,-0.006755855698266604
2009-01-06,-0.0013982812478139555
2009-01-07,0.016487217491705307
2009-01-08,-0.007641637727642076
2009-01-09,0.010587465993567108
2009-01-12,0.02702616066294847
2009-01-13,-0.013538211647294109
2009-01-14,0.015513853852925492
2009-01-15,0.008502952718577629
2009-01-16,0.008034743893374408
2009-01-20,0.032884545211658754
2009-01-21,-0.03625176857908916
2009-01-22,0.012813898224909186
2009-01-23,-0.016604566565111646
2009-01-26,-0.0018411409541745204
2009-01-27,-0.00514834251743217
2009-01-28,-0.01837813803064137
2009-01-29,0.015172756099258212
2009-01-30,0.01043047167585994
2009-02-02,0.02080813710050345
2009-02-03,0.012826390882120984
2009-02-04,-0.01843603228176206
2009-02-05,-0.004964069022881104
2009-02-06,-0.0074183790207572224
2009-02-09,-0.009516089493920979
2009-02-10,0.01381963137160599
2009-02-11,-0.006936697544526919
2009-02-12,0.008089093976531205
2009-02-13,-0.0012960722019906097
2009-02-17,0.03576918007322143
2009-02-18,0.006455884320152299
2009-02-19,0.005735727340557139
2009-02-20,0.01178227171951774
2009-02-23,0.01847534853567803
2009-02-24,-0.0058204993345769744
2009-02-25,0.0059807615372709
2009-02-26,-0.0340957011818617
2009-02-27,0.015720330714676416
2009-03-02,0.03802400457498466
2009-03-03,-0.00359977971079522
2009-03-04,-0.009440137506122737
2009-03-05,0.013254299661327809
2009-03-06,-0.0050377987655589734
2009-03-09,-0.01893840479630931
2009-03-10,-0.02255427069079331
2009-03-11,0.010382677526378812
2009-03-12,-0.0011048000808396123
2009-03-13,0.021443134520079968
2009-03-16,-0.04068814315101765
2009-03-17,0.0008416186022922928
2009-03-18,-0.007001012294030788
2009-03-19,-0.013572204856409257
2009-03-20,0.02100762722141216
2009-03-23,-0.0373822662058606
2009-03-24,0.001766917301923394
2009-03-25,-0.005934504305419652
2009-03-26,0.024658425406789725
2009-03-27,0.016641710436052372
2009-03-30,0.020023843785710798
2009-03-31,-0.006562010294500383
2009-04-01,0.0014389976699717894
2009-04-02,-0.009843536863610464
2009-04-03,-0.00856113646160109
2009-04-06,0.02182351875316008
2009-04-07,0.0024999194682174732
2009-04-08,0.006157626275047254
2009-04-09,-0.026947701965185346
2009-04-13,-0.03375285281791771
2009-04-14,0.005189247514390516
2009-04-15,-0.006554749599728061
2009-04-16,0.0033776565651301546
2009-04-17,-0.00813083509721571
2009-04-20,0.0350458606243395
2009-04-21,-0.017450807486236185
2009-04-22,0.007459805422667391
2009-04-23,-0.004183538341137507
2009-04-24,-0.015066751167215132
2009-04-27,0.01799052645527931
2009-04-28,0.0057342564768952725
2009-04-29,-0.014606883987671503
2009-04-30,0.011690126807098548
2009-05-01,-0.012429453378102725
2009-05-04,-0.029718050123080146
2009-05-05,0.005144185444385138
2009-05-06,-0.04117540033943253
2009-05-07,-0.009190104920336914
2009-05-08,-0.04241895722588134
2009-05-11,0.024071465033199634
2009-05-12,-0.0044153956034399654
2009-05-13,0.02027311612849465
2009-05-14,-0.005446546674030358
2009-05-15,0.010834629676910167
2009-05-18,-0.016002618186229476
2009-05-19,0.002034232657575003
2009-05-20,0.0012551043102240116
2009-05-21,0.015541966348660499
2009-05-22,-0.0043310533673431495
2009-05-26,-0.0021490199469683512
2009-05-27,0.0017509616446719396
2009-05-28,-0.014921738333428454
2009-05-29,-0.01041394990838568
2009-06-01,-0.007005096770319705
2009-06-02,-0.0008712322314178246
2009-06-03,0.01846481275956337
2009-06-04,-0.016299304271765683
2009-06-05,0.0027572088921446964
2009-06-08,0.007764522164647211
2009-06-09,-0.00571370879638104
2009-06-10,-0.0022140387993277734
2009-06-11,-0.0078407512355613
2009-06-12,0.010811462086060007
2009-06-15,0.009457695485595843
2009-06-16,0.007298135734954972
2009-06-17,0.017798995876794066
2009-06-18,-0.0025008314448545293
2009-06-19,0.00705149712715047
2009-06-22,0.025514788795194084
2009-06-23,-0.007862376320153266
2009-06-24,0.004732035284969808
2009-06-25,-7.126073710165878e-05
2009-06-26,0.0045605025337475
2009-06-29,0.005588843783271611
2009-06-30,0.006263177749412082
2009-07-01,0.008157688087482485
2009-07-02,0.009958820704211722
2009-07-06,0.011583661301399616
2009-07-07,-0.00019792575561849236
2009-07-08,0.0030545398118715966
2009-07-09,-0.0017133103890301967
2009-07-10,0.0028974860088645162
2009-07-13,-0.013344734705172983
2009-07-14,-0.002451042998171792
2009-07-15,-0.005892134418198873
2009-07-16,0.0015172791735248744
2009-07-17,0.002036217993127993
2009-07-20,-0.004478228757193854
2009-07-21,0.0033591508617004254
2009-07-22,0.015817208079909977
2009-07-23,-0.00482358147333435
2009-07-24,-0.003016230666133965
2009-07-27,-0.0008853347747375496
2009-07-28,0.004655969584291458
2009-07-29,0.007421049824535198
2009-07-30,-0.0114433604267088
2009-07-31,-0.0047445350470621
2009-08-03,-0.016351721253666757
2009-08-04,-0.0037328567719067483
2009-08-05,-0.019108600363713455
2009-08-06,-0.002707221617216876
2009-08-07,-0.007166181781037121
2009-08-10,-0.005336256066395004
2009-08-11,0.012774750123334372
2009-08-12,-0.004525014073928711
2009-08-13,-0.005940576269165226
2009-08-14,0.00901945473785421
2009-08-17,0.008843104396853848
2009-08-18,-0.006590063478860729
2009-08-19,-0.002124135197533263
2009-08-20,-0.007794404421525232
2009-08-21,-0.008100105045752447
2009-08-24,-0.001089236051311382
2009-08-25,0.00744428081385459
2009-08-26,0.0023120630598611556
2009-08-27,-0.007667166677552162
2009-08-28,0.0010704291320843325
2009-08-31,0.009996688226739756
2009-09-01,0.007140337723215206
2009-09-02,0.0030693395028653925
2009-09-03,-0.004595911417338436
2009-09-04,0.0012846444789460954
2009-09-08,-0.003932687922186652
2009-09-09,-0.001221835775483142
2009-09-10,-0.0020706422284792695
2009-09-11,-0.006880221256854664
2009-09-14,-0.009278666749756206
2009-09-15,-0.01048974034366432
2009-09-16,-0.01737590773910938
2009-09-17,-0.00229742263198154
2009-09-18,0.005956656107729104
2009-09-21,-0.0011687426926158017
2009-09-22,-0.009962841426872801
2009-09-23,0.011169470211363398
2009-09-24,0.008405121039719174
2009-09-25,0.004518228226877838
2009-09-28,-0.002275351569079792
2009-09-29,-0.0014594642010325924
2009-09-30,0.0018033360380332794
2009-10-01,0.00989328181368101
2009-10-02,0.0019929898262273987
2009-10-05,-0.014203411334546778
2009-10-06,-0.0034283568078389832
2009-10-07,-0.0046700896741325455
2009-10-08,-0.006515785295713403
2009-10-09,0.0011183227496245041
2009-10-12,-0.0016272515984637151
2009-10-13,-0.0018388902560121372
2009-10-14,-0.00507485182509978
2009-10-15,-0.005001951700736727
2009-10-16,0.003582760974468999
2009-10-19,0.0010102256142785389
2009-10-20,0.0036259709887063187
2009-10-21,0.0033307803455336414
2009-10-22,-0.005154323052811767
2009-10-23,0.016532013013525127
2009-10-26,0.01132282901807091
2009-10-27,-0.0016425097752528536
2009-10-28,0.02067120032395167
2009-10-29,-0.015180432299541807
2009-10-30,0.010745743876881625
2009-11-02,-0.002602548036546719
2009-11-03,-0.020580510092747337
2009-11-04,0.005490080395987524
2009-11-05,-0.006800237017030716
2009-11-06,0.012473653561080664
2009-11-09,-0.003240214759539303
2009-11-10,0.0015602019040728565
2009-11-11,0.005450051968746332
2009-11-12,0.01852736172699278
2009-11-13,0.0019121370229174574
2009-11-16,-0.007951958407344173
2009-11-17,0.0035686128192495828
2009-11-18,0.005497876862660062
2009-11-19,0.0046328105032807125
2009-11-20,0.004919443975634514
2009-11-23,0.0009609848359374424
2009-11-24,-0.0009535587224473522
2009-11-25,-0.004629800490614024
2009-11-27,0.0055804608468475155
2009-11-30,0.0017828007480618067
2009-12-01,-0.0030804405374219718
2009-12-02,0.005199983089328427
2009-12-03,0.01702408449223831
2009-12-04,0.0059612269448343245
2009-12-07,0.010223067385326317
2009-12-08,-6.661643799138554e-05
2009-12-09,0.00038462592637835726
2009-12-10,-0.002124584587307216
2009-12-11,0.0009872639350930012
2009-12-14,-0.011314729234051244
2009-12-15,-0.004297994888240156
2009-12-16,-0.0033025773904271274
2009-12-17,0.00138543018299707
2009-12-18,-0.001996392336563391
2009-12-21,-0.0019265830041007748
2009-12-22,-0.0032891224249943806
2009-12-23,-0.0016612896501674247
2009-12-24,-0.0018585781333199881
2009-12-28,-0.0013303481771395874
2009-12-29,0.006133131185584075
2009-12-30,0.0044920575088699035
2009-12-31,-0.0004760230333479825
2010-01-04,-0.013718649328392837
2010-01-05,-0.009658739184545264
2010-01-06,-0.014437191190384094
2010-01-07,-0.005656202190611413
2010-01-08,-0.006548803236833684
2010-01-11,0.008180165399966395
2010-01-12,0.006932849861814249
2010-01-13,-0.002516391710573239
2010-01-14,-0.000606153225059384
2010-01-15,0.005472032769573179
2010-01-19,-0.002382810974297158
2010-01-20,0.003190260903069188
2010-01-21,0.014633325729971865
2010-01-22,0.002884766729193185
2010-01-25,-0.0020833431775763383
2010-01-26,0.007522116667799939
2010-01-27,0.0052517021856738145
2010-01-28,-0.0032263535880626497
2010-01-29,0.006151192806286988
2010-02-01,-0.016387311237644638
2010-02-02,-0.0017313705864997404
2010-02-03,0.0021871764488597158
2010-02-04,0.015083145355445672
2010-02-05,-0.0019070915265072264
2010-02-08,0.010083601444736351
2010-02-09,-0.011104729916618398
2010-02-10,-0.003759328886110226
2010-02-11,-0.010925245087449052
2010-02-12,-0.00242337874530719
2010-02-16,-0.010501439389126876
2010-02-17,0.003534437373981553
2010-02-18,-0.004167323208007039
2010-02-19,-0.0017834241681527383
2010-02-22,0.0006501516561852347
2010-02-23,0.01169026553425639
2010-02-24,0.0015424367314921124
2010-02-25,-0.004218274183773006
2010-02-26,-0.0005905311898620914
2010-03-01,0.0013896054078016797
2010-03-02,-0.00909470066522241
2010-03-03,-0.005019037064771488
2010-03-04,0.0033361434796929713
2010-03-05,-0.006488679805744071
2010-03-08,0.0054681264183873875
2010-03-09,-0.0001444566303511986
2010-03-10,-0.004392194639300254
2010-03-11,-0.00024136435037409743
2010-03-12,-0.0031414530508153734
2010-03-15,0.00901407198218901
2010-03-16,-0.005056133531767404
2010-03-17,0.001426631806262456
2010-03-18,0.010789629274308193
2010-03-19,0.003003155103171563
2010-03-22,0.005664129632659079
2010-03-23,-0.0007022048488642538
2010-03-24,-0.0017193148218767223
2010-03-25,0.01373292755584865
2010-03-26,-0.0031739233512212265
2010-03-29,-0.01432893455607839
2010-03-30,0.00347300160609705
2010-03-31,-0.004936375159907165
2010-04-01,-0.008511228658897198
2010-04-05,-0.009635769614051813
2010-04-06,0.0008802281854949914
2010-04-07,0.002385258519392701
2010-04-08,0.0021956578437814507
2010-04-09,0.001701732884238354
2010-04-12,0.0003931244152410484
2010-04-13,0.006924345749388296
2010-04-14,5.594278035833632e-05
2010-04-15,0.004627116344699638
2010-04-16,0.010325265769779282
2010-04-19,0.0003279271305070354
2010-04-20,-0.0069059433978375185
2010-04-21,-0.0017255704918627786
2010-04-22,-0.002105518913937381
2010-04-23,-0.012250329575443551
2010-04-26,0.005941867758340607
2010-04-27,0.011733046211728113
2010-04-28,-0.007104247599091708
2010-04-29,0.007397968793767375
2010-04-30,0.008416425440057785
2010-05-03,0.0009022075301468734
2010-05-04,0.005942019289713611
2010-05-05,0.004143975488415125
2010-05-06,0.0005526589535779946
2010-05-07,0.000577062683467109
2010-05-10,-0.009679581059797061
2010-05-11,0.0031594386631566824
2010-05-12,-0.0064302071883085635
2010-05-13,0.0022961538271213133
2010-05-14,0.003547808508512107
2010-05-17,0.011299352592035149
2010-05-18,0.0024652371673577872
2010-05-19,0.002311788810686968
2010-05-20,0.008868177051639052
2010-05-21,-0.01613061509905374
2010-05-24,0.017336216288667133
2010-05-25,-0.00829511641491341
2010-05-26,-0.0044641180045599214
2010-05-27,-0.009602970251275546
2010-05-28,0.008565789701987469
2010-06-01,0.02679596165974757
2010-06-02,-0.021274517947391693
2010-06-03,-0.002913566642860077
2010-06-04,0.005896929536161972
2010-06-07,0.0034898853873849382
2010-06-08,-0.00572955441605849
2010-06-09,0.002384587141212441
2010-06-10,-0.017617725185974185
2010-06-11,-0.0006127957237630487
2010-06-14,0.0002567331611247601
2010-06-15,-0.008879915033517378
2010-06-16,0.0012893253220379712
2010-06-17,0.004407563693101827
2010-06-18,-0.0033723186489866145
2010-06-21,-0.0068750524854842895
2010-06-22,0.010584268819090453
2010-06-23,0.0009112798516698909
2010-06-24,0.004474480941737571
2010-06-25,-0.012342238794440342
2010-06-28,0.012737205591167358
2010-06-29,0.011685487681321337
2010-06-30,-0.0013541460485747597
2010-07-01,0.003910415547254624
2010-07-02,0.0003056655671655044
2010-07-06,-0.0035416759671734674
2010-07-07,-0.012671288687349324
2010-07-08,-0.005144813545823576
2010-07-09,-0.004681178140986064
2010-07-12,0.011689061844536138
2010-07-13,0.000670654716350992
2010-07-14,-0.0007495669258671149
2010-07-15,0.0037944651892736986
2010-07-16,0.0013324614887436582
2010-07-19,-0.0024022745872750834
2010-07-20,-0.014448921890579681
2010-07-21,-0.0038882189678125724
2010-07-22,-0.004038807525250428
2010-07-23,-0.007336774407690841
2010-07-26,-0.001564162309015934
2010-07-27,0.00983138927622316
2010-07-28,-0.0012439927067020567
2010-07-29,-0.01359919776449946
2010-07-30,0.0010699448226408332
2010-08-02,-0.01157042770936596
2010-08-03,0.004758986931930239
2010-08-04,0.0018221290280730498
2010-08-05,0.003500754615825926
2010-08-06,0.00020065969802736156
2010-08-09,0.003931294390112333
2010-08-10,0.004433992822513542
2010-08-11,0.011000483400766864
2010-08-12,0.0010037382251110174
2010-08-13,-0.0006901479631865589
2010-08-16,-0.0053703972194972275
2010-08-17,-0.004791154379689158
2010-08-18,0.003423331884550381
2010-08-19,0.006638103255802745
2010-08-20,0.004398467933809001
2010-08-23,0.001271487073584289
2010-08-24,0.0038551540519414884
2010-08-25,0.0061334157800884675
2010-08-26,0.0023871403646939316
2010-08-27,-0.010771320789333686
2010-08-30,0.0020090208788110563
2010-08-31,-0.00023875653849996463
2010-09-01,-0.009932015913016793
2010-09-02,-0.00019127567924875078
2010-09-03,-0.0026942333705202814
2010-09-07,0.00415714416597902
2010-09-08,-0.007556386783807429
2010-09-09,0.0005453234184128115
2010-09-10,-0.002549105530298961
2010-09-13,-0.0027065713793410985
2010-09-14,0.008428423681709861
2010-09-15,0.003295579034541175
2010-09-16,0.002165295048338404
2010-09-17,0.003570922083972462
2010-09-20,0.0009021837512789994
2010-09-21,0.003920096077562361
2010-09-22,0.0014548158035470502
2010-09-23,0.005042646933945861
2010-09-24,-0.003278117161285273
2010-09-27,0.004176109404955796
2010-09-28,0.003931953726063938
2010-09-29,-0.01223575863799428
2010-09-30,-0.0002608733807447686
2010-10-01,-0.008626953249093402
2010-10-04,0.009626272353314105
2010-10-05,-0.003378660098705716
2010-10-06,-0.007106435485279537
2010-10-07,-0.0005466993225699693
2010-10-08,-0.007447659150704292
2010-10-11,-0.0010437799643937048
2010-10-12,0.0025600730737568083
2010-10-13,-0.0026123007685500115
2010-10-14,0.011376977093256439
2010-10-15,0.007208617844021721
2010-10-18,0.0006967327990743477
2010-10-19,0.004014630324435455
2010-10-20,-0.0022467039367346005
2010-10-21,0.005276021559198791
2010-10-22,0.0014481181772735344
2010-10-25,-0.001074685805657705
2010-10-26,0.0002485587144199425
2010-10-27,-0.006868135784590028
2010-10-28,0.0030090112078072816
2010-10-29,-0.0020698751343555567
2010-11-01,-0.0031168495297653484
2010-11-02,-0.005930021520529222
2010-11-03,0.00221082969142714
2010-11-04,-0.01230205459898582
2010-11-05,-0.007421996882042266
2010-11-08,-0.0043200224767338076
2010-11-09,0.006326651871127156
2010-11-10,-0.006769977871014162
2010-11-11,-0.007252541394835007
2010-11-12,0.007992602906682007
2010-11-15,-0.0006481735566122354
2010-11-16,0.0037928187764526547
2010-11-17,-0.0009339326599359082
2010-11-18,-0.0030027188433481744
2010-11-19,-0.004475402690736203
2010-11-22,-0.00022189780381879322
2010-11-23,0.004746085111286208
2010-11-24,-0.0030343106617139438
2010-11-26,0.001831398318131176
2010-11-29,-0.0073759264423675815
2010-11-30,-0.004759250603644448
2010-12-01,-0.006166300119677336
2010-12-02,-0.005418994261744923
2010-12-03,-0.002132275668021674
2010-12-06,-0.0030832367755719153
2010-12-07,0.008014971536381369
2010-12-08,0.004615536966845189
2010-12-09,-0.000136960064705717
2010-12-10,-0.002384820920300513
2010-12-13,-0.005141081465504049
2010-12-14,0.0029428799282109246
2010-12-15,0.004181220635832188
2010-12-16,-0.0017152794020763489
2010-12-17,-0.00039083429556263866
2010-12-20,-0.0029223496729063694
2010-12-21,-0.004972578878062542
2010-12-22,9.406578393936381e-05
2010-12-23,-0.0004819180243610372
2010-12-27,0.0016814780974226287
2010-12-28,-1.796103479637737e-05
2010-12-29,-0.005468460227003922
2010-12-30,-0.003611249160094644
2010-12-31,-0.0006807282964326344
2011-01-03,0.0003301827385737759
2011-01-04,0.0051464088130124
2011-01-05,-0.0002406148093701625
2011-01-06,0.009479132703606188
2011-01-07,-0.001590401906823912
2011-01-10,0.0015492757410466781
2011-01-11,-0.015432077024362017
2011-01-12,0.003552867539677063
2011-01-13,0.003233646525770465
2011-01-14,-0.002503659755328484
2011-01-18,-0.0066170708249682275
2011-01-19,0.008827556499908414
2011-01-20,0.006991459850630696
2011-01-21,-0.0030123358324066095
2011-01-24,0.0012009646811159498
2011-01-25,0.009009342715546676
2011-01-26,-0.014213067982053343
2011-01-27,0.010615792463331374
2011-01-28,-0.0048552761319984
2011-01-31,-0.016262384521156328
2011-02-01,-0.0015092398236241165
2011-02-02,-0.0019470822217374439
2011-02-03,0.0015657005627596505
2011-02-04,0.008258855096479625
2011-02-07,-0.00441006107180951
2011-02-08,-0.0007047883112880499
2011-02-09,0.007404395187606296
2011-02-10,-0.0029566144096592876
2011-02-11,-0.0019666526747899853
2011-02-14,-0.008869017770194493
2011-02-15,0.003066871766309982
2011-02-16,-0.0005624111346940854
2011-02-17,0.0033066809952411796
2011-02-18,0.004726895840213937
2011-02-22,0.0028510242715835275
2011-02-23,-0.014449896904041935
2011-02-24,0.004328533493861252
2011-02-25,-0.004935635371708822
2011-02-28,0.0063976367517726744
2011-03-01,0.0037979793006592644
2011-03-02,-0.004045235371353985
2011-03-03,-0.002499242396371912
2011-03-04,0.0017005130274726484
2011-03-07,0.0024707928935548606
2011-03-08,0.00206664896211337
2011-03-09,0.004881065040169029
2011-03-10,0.016022510047704615
2011-03-11,-0.007482732257702167
2011-03-14,-0.007205468128442035
2011-03-15,-0.005633883837158234
2011-03-16,-0.0019913394877809436
2011-03-17,-0.006756015475125938
2011-03-18,0.002708201438493738
2011-03-21,-0.010029490043984554
2011-03-22,-0.001292420696433408
2011-03-23,0.0016314681661619207
2011-03-24,0.006101035692046025
2011-03-25,-0.003814560806141355
2011-03-28,0.0022267686082627926
2011-03-29,-0.005654408948032664
2011-03-30,-0.0018108977838916247
2011-03-31,-0.0028049629891262356
2011-04-01,-0.0015151208775722252
2011-04-04,0.0005756339490735319
2011-04-05,0.00022248760917998705
2011-04-06,0.011054731830811914
2011-04-07,-0.000729409276834995
2011-04-08,-0.0007302890543094052
2011-04-11,0.008254194381450924
2011-04-12,0.01221573780430408
2011-04-13,-0.0009128918654070813
2011-04-14,0.0028093220900647082
2011-04-15,-0.001638451453604245
2011-04-18,-0.002576041878442257
2011-04-19,-0.004139879380036231
2011-04-20,-0.0032455394059162515
2011-04-21,-0.004856509810286501
2011-04-25,0.004320968582451465
2011-04-26,-0.0007531236445431129
2011-04-27,0.00826213672065602
2011-04-28,0.0057225115613983675
2011-04-29,-0.004592704263284462
2011-05-02,0.00862712079884224
2011-05-03,0.011434091288208392
2011-05-04,0.012248622502313474
2011-05-05,0.003082635579730069
2011-05-06,0.0001280238050648324
2011-05-09,-0.009871918460692825
2011-05-10,-0.0006543488037369175
2011-05-11,0.012376911894495161
2011-05-12,0.004304194372768696
2011-05-13,0.00014695360213162783
2011-05-16,-0.002799217923449113
2011-05-17,-0.000115456884668177
2011-05-18,-0.010254288812341061
2011-05-19,0.0017435199506914997
2011-05-20,-0.003327191912427196
2011-05-23,0.004196704859149763
2011-05-24,-0.006475913776121553
2011-05-25,-0.00770646514743587
2011-05-26,-0.002704356842140456
2011-05-27,0.0004567823120372461
2011-05-31,0.004138808955059238
2011-06-01,0.0030548630832389523
2011-06-02,-0.00582213771550077
2011-06-03,-0.004571967625669075
2011-06-06,0.007808768974968959
2011-06-07,0.0002719260256768481
2011-06-08,0.00010663251515827984
2011-06-09,-0.005668166833830744
2011-06-10,-0.00017674310057096511
2011-06-13,0.010732346681486364
2011-06-14,-0.009439950980104986
2011-06-15,0.003766535547905198
2011-06-16,-0.0006265649008466449
2011-06-17,0.0013971540745469273
2011-06-20,-0.0012194118768610028
2011-06-21,-0.004768042816546197
2011-06-22,-0.0024054710200746596
2011-06-23,0.003944837153520474
2011-06-24,-2.210835725100139e-05
2011-06-27,0.0009273989004462402
2011-06-28,-0.010113272256238703
2011-06-29,-0.002182562212856056
2011-06-30,-0.004525779650967664
2011-07-01,0.002478376957135252
2011-07-05,-0.0034113290071481044
2011-07-06,-0.0007533774156213142
2011-07-07,-0.0011897373699264965
2011-07-08,-0.0012948288574202503
2011-07-11,0.008398621397402153
2011-07-12,-0.0011655366394431623
2011-07-13,-0.0025151064171427704
2011-07-14,0.00034377487832142506
2011-07-15,-0.012356815673523093
2011-07-18,-0.002823424596678428
2011-07-19,-0.002078654813484242
2011-07-20,-0.00016760565175614862
2011-07-21,-0.002575241890271433
2011-07-22,0.00043814402081166875
2011-07-25,0.0018067213447532362
2011-07-26,0.00033968088759854943
2011-07-27,0.00785981033655132
2011-07-28,0.00097076243931592
2011-07-29,-0.0025118874749447584
2011-08-01,0.0036952968595177853
2011-08-02,0.0006655489658326873
2011-08-03,0.00466405496489303
2011-08-04,0.01392531804410494
2011-08-05,0.008598284244622821
2011-08-08,0.016675713818452502
2011-08-09,-0.008372527504591613
2011-08-10,-0.007163794438243035
2011-08-11,-0.003933417467720489
2011-08-12,-0.004340333794903296
2011-08-15,-0.0032235789646397387
2011-08-16,0.013411869885566455
2011-08-17,1.6200129973483745e-05
2011-08-18,0.014012420737228942
2011-08-19,0.002817197438613081
2011-08-22,0.00547640973840926
2011-08-23,-0.003392742349677515
2011-08-24,-0.005009836632984641
2011-08-25,0.0032570959650383515
2011-08-26,-0.008301793898316277
2011-08-29,-0.004482501169263282
2011-08-30,-0.0036974556019689327
2011-08-31,-0.000390977964773805
2011-09-01,-0.0002302647223749521
2011-09-02,0.0019526910255820984
2011-09-06,0.0047318250008992644
2011-09-07,-0.0066722729051283056
2011-09-08,0.005405880525831898
2011-09-09,0.005055259108623378
2011-09-12,0.002346344261659136
2011-09-13,-0.0028257061455190646
2011-09-14,0.00312038573606803
2011-09-15,-0.0038447717178195545
2011-09-16,0.006120896296972204
2011-09-19,0.00020072656536095873
2011-09-20,0.009179800330558168
2011-09-21,0.013938937536082704
2011-09-22,0.022714661166788025
2011-09-23,0.011986355491125597
2011-09-26,-0.015081043006881657
2011-09-27,-0.005661717576554261
2011-09-28,0.02001660397883272
2011-09-29,-0.0003859965973816292
2011-09-30,0.00902819618369744
2011-10-03,0.00651974125230665
2011-10-04,-0.0109622508073848
2011-10-05,-0.010388388942855023
2011-10-06,-0.011834050710695262
2011-10-07,0.00786985910839007
2011-10-10,-0.014665311590575167
2011-10-11,0.00033050975317831766
2011-10-12,0.0028563833618018516
2011-10-13,0.008444075416809006
2011-10-14,-0.014065550354072101
2011-10-17,0.006414016123537001
2011-10-18,-0.003025996466459284
2011-10-19,0.004110841201653943
2011-10-20,-0.005834982538334594
2011-10-21,-0.006598712224299702
2011-10-24,-0.014421952123974591
2011-10-25,0.0011287411271841787
2011-10-26,-0.017927433805616597
2011-10-27,-0.021593656464764355
2011-10-28,-0.004565679676826148
2011-10-31,0.015329649853272165
2011-11-01,0.004483183328355421
2011-11-02,-0.007134107108557249
2011-11-03,0.0003422759827978265
2011-11-04,-0.0025406522446765295
2011-11-07,0.004346768890144156
2011-11-08,-0.0021188328384886676
2011-11-09,0.010109393151645048
2011-11-10,-2.42651303839141e-05
2011-11-11,-0.0010897923198315226
2011-11-14,0.00011315282519070094
2011-11-15,-0.0017217894058783093
2011-11-16,0.0033045649377778205
2011-11-17,0.005325486880304282
2011-11-18,0.0024178925322133876
2011-11-21,0.0009698634041997289
2011-11-22,0.008910623595349844
2011-11-23,0.005803690591704764
2011-11-25,-0.0023470037505708033
2011-11-28,-0.005931627251364035
2011-11-29,-0.0026862900185858573
2011-11-30,-0.02472703716550523
2011-12-01,0.003726281519953777
2011-12-02,-9.712103145035012e-05
2011-12-05,0.0008591548504787526
2011-12-06,0.0007332462129227955
2011-12-07,0.009709535269339301
2011-12-08,0.007744859034785531
2011-12-09,-0.00735918544054203
2011-12-12,0.013067376265560132
2011-12-13,0.004104257475754419
2011-12-14,0.014455589180384844
2011-12-15,0.005127897830533327
2011-12-16,-0.004695279147053166
2011-12-19,0.00675220608874634
2011-12-20,-0.008554137252930133
2011-12-21,-0.0022120439708034805
2011-12-22,-0.0023878556305391937
2011-12-23,0.0023567104882522465
2011-12-27,0.00027035444270621657
2011-12-28,0.007151081235754072
2011-12-29,0.0012831635354868922
2011-12-30,-0.0012940556615706547
2012-01-03,-0.013576847051758103
2012-01-04,0.001995162244508669
2012-01-05,0.004239765096410313
2012-01-06,0.001068441127912477
2012-01-09,0.00023346595571935693
2012-01-10,-0.0065234782368660885
2012-01-11,-0.0007433252457935692
2012-01-12,0.0019170702401604858
2012-01-13,0.007541487773994848
2012-01-17,0.001329659200570848
2012-01-18,-0.005765634664298574
2012-01-19,0.0009291386115595315
2012-01-20,0.002009545744341206
2012-01-23,-0.007383187581978912
2012-01-24,-0.0009783733925996525
2012-01-25,-0.011894854843130572
2012-01-26,0.010303692599175464
2012-01-27,-0.007398135979274339
2012-01-30,0.0058158551558731425
2012-01-31,0.003991783434566218
2012-02-01,-0.0023994923983722658
2012-02-02,-0.00997379314830578
2012-02-03,-0.0010111909331173533
2012-02-06,-0.0007756306879192402
2012-02-07,0.0023620819867315695
2012-02-08,0.005404150772769202
2012-02-09,-0.0031139981968079824
2012-02-10,0.0076809250630110815
2012-02-13,0.0012323714293440617
2012-02-14,0.00463345107335763
2012-02-15,-0.003508091159775201
2012-02-16,-0.0020005088297984845
2012-02-17,-0.0004764822544193538
2012-02-21,-0.009600769606072323
2012-02-22,-0.006171486069012672
2012-02-23,0.0032711789556727007
2012-02-24,-0.0015587685117602176
2012-02-27,0.006874909138340441
2012-02-28,0.008608910616092464
2012-02-29,0.006321594483052691
2012-03-01,-0.001866575490442486
2012-03-02,0.009895478384723195
2012-03-05,0.006645820397701512
2012-03-06,0.008619016258436772
2012-03-07,-0.0001751501491996398
2012-03-08,0.0014257347135845702
2012-03-09,0.0004892743690489255
2012-03-12,0.007941227994454953
2012-03-13,-0.007372951909520002
2012-03-14,0.005705756395395347
2012-03-15,0.0007810974846435473
2012-03-16,-0.007417223286547325
2012-03-19,-0.0017667766417479981
2012-03-20,0.012662587318267748
2012-03-21,0.006059513121711164
2012-03-22,0.013264583628098665
2012-03-23,-0.004048088960422036
2012-03-26,0.0036551488241630755
2012-03-27,0.007069583878401408
2012-03-28,0.008951123795400306
2012-03-29,-0.003919696947641126
2012-03-30,-0.0029697637371983014
2012-04-02,-0.004230710457137016
2012-04-03,0.0049960528226573216
2012-04-04,0.004602008845638789
2012-04-05,0.006398191871733429
2012-04-09,0.0065697133569200365
2012-04-10,-0.001338835824774835
2012-04-11,0.0031604552532695507
2012-04-12,-0.012740805465391124
2012-04-13,0.008675751895935313
2012-04-16,0.0032135863004297835
2012-04-17,-0.004470214816443895
2012-04-18,0.002309022371148007
2012-04-19,-0.0023005770971653862
2012-04-20,0.006211970544331727
2012-04-23,-0.00306024977070023
2012-04-24,-0.005974192666805185
2012-04-25,0.0025585302768243966
2012-04-26,0.0032988675507555445
2012-04-27,0.0024823686200804167
2012-04-30,-0.002788122597105619
2012-05-01,-0.004418592475498983
2012-05-02,0.010267594506023367
2012-05-03,0.004025531614959944
2012-05-04,0.008141577917532622
2012-05-07,0.004787884022664111
2012-05-08,0.0010865222792211973
2012-05-09,0.002840398175731585
2012-05-10,0.00645422599221413
2012-05-11,0.00797013708986102
2012-05-14,0.005835366315739036
2012-05-15,0.01490260158367647
2012-05-16,0.01055850229664444
2012-05-17,-0.0010123801551135646
2012-05-18,-0.0010394928352864979
2012-05-21,-0.016441593807636875
2012-05-22,0.004336855765229064
2012-05-23,-0.009341756264219571
2012-05-24,0.00965151300740717
2012-05-25,0.0032766130307139547
2012-05-29,-0.005279763567001616
2012-05-30,0.008800813912621355
2012-05-31,0.010019000268897155
2012-06-01,0.003896262796486092
2012-06-04,-6.818327987438317e-06
2012-06-05,-0.008252254526540881
2012-06-06,-0.004779985904416686
2012-06-07,-2.1240771115961564e-05
2012-06-08,0.00843444966418282
2012-06-11,0.010657721468257537
2012-06-12,-0.00814577141183995
2012-06-13,0.006619435400554023
2012-06-14,-0.0015173617474646068
2012-06-15,-0.00666299662709318
2012-06-18,0.007224542940126677
2012-06-19,-0.007937965989824814
2012-06-20,0.002755039228135892
2012-06-21,0.016891541712936223
2012-06-22,-0.00011530137728042709
2012-06-25,0.0036591902068261943
2012-06-26,0.0009319411235226368
2012-06-27,-0.01074487043759239
2012-06-28,-0.0024308597473306215
2012-06-29,-0.009316346666203469
2012-07-02,0.0048638094985327986
2012-07-03,-0.012700044876171438
2012-07-05,0.0048478183636851135
2012-07-06,0.010517268379742279
2012-07-09,0.004369954458601661
2012-07-10,0.009279227942478105
2012-07-11,-0.0034105102678093965
2012-07-12,0.0027341114894286413
2012-07-13,-0.002169510839193274
2012-07-16,-0.0013334598789865703
2012-07-17,0.0010537498538182944
2012-07-18,-0.004349687623501591
2012-07-19,-0.005779262068921198
2012-07-20,-0.008624423056756784
2012-07-23,-0.0009808256145059278
2012-07-24,0.005433267379429033
2012-07-25,-0.011754800105746257
2012-07-26,-0.009460951077862925
2012-07-27,-0.0029592716101474992
2012-07-30,0.002551797517591244
2012-07-31,0.003334390650248612
2012-08-01,-0.002942029112225102
2012-08-02,0.004705252734139336
2012-08-03,-0.003549810339937213
2012-08-06,-0.004080203055541966
2012-08-07,-0.011957559472025307
2012-08-08,0.0030612042277231525
2012-08-09,-0.004978677396439136
2012-08-10,0.00012834737734219906
2012-08-13,0.006932141345826926
2012-08-14,0.004640038940997754
2012-08-15,0.00012034977507742898
2012-08-16,-0.008071009877457154
2012-08-17,0.0008879822091076583
2012-08-20,-0.0017736478293553797
2012-08-21,-0.006742455347888504
2012-08-22,-0.005601736688970098
2012-08-23,0.0021313433489580365
2012-08-24,0.0034019099986984506
2012-08-27,-0.0029465463400361602
2012-08-28,0.003313018980752933
2012-08-29,0.0026770938575433993
2012-08-30,0.008536754751125341
2012-08-31,-0.005209993805484199
2012-09-04,0.006930887301978087
2012-09-05,0.0003343290076010247
2012-09-06,-0.0023975740805713443
2012-09-07,-0.021301054438763064
2012-09-10,0.004177917542091704
2012-09-11,-0.006111094763699057
2012-09-12,-0.00045179337539265205
2012-09-13,-0.0023534143949964378
2012-09-14,-0.012132607451038363
2012-09-17,0.005785283788527731
2012-09-18,-0.0033799364679589616
2012-09-19,0.0060311014226675065
2012-09-20,0.005494279954911246
2012-09-21,0.0032455528613472917
2012-09-24,0.003716758187336127
2012-09-25,0.000796100459089938
2012-09-26,0.0034689684878874247
2012-09-27,-0.0042628805031118535
2012-09-28,0.0004395791219521227
2012-10-01,-0.004150739250481219
2012-10-02,-0.0031611693063661175
2012-10-03,0.00939262156563796
2012-10-04,-0.0005952318232584174
2012-10-05,0.005359474376527107
2012-10-08,-0.002031990763091086
2012-10-09,-0.011630241085946765
2012-10-10,0.004504714298347688
2012-10-11,-0.007742350083458395
2012-10-12,-0.003815722828911599
2012-10-15,0.0010563180853661114
2012-10-16,-0.009290334205524314
2012-10-17,-0.002643167898849489
2012-10-18,-0.003993362413485735
2012-10-19,-0.007064763800215858
2012-10-22,-0.004262766642298048
2012-10-23,0.009192019700009048
2012-10-24,4.338010545126565e-05
2012-10-25,0.0037225503510554736
2012-10-26,0.005103468340179082
2012-10-31,0.00573193482243709
2012-11-01,-0.0028000723209802856
2012-11-02,0.011633872199898547
2012-11-05,-0.0007347437960228541
2012-11-06,-0.004191084350396422
2012-11-07,0.005273569044409734
2012-11-08,0.00376154242307052
2012-11-09,-0.0007223620853664535
2012-11-12,-0.00039870927001671593
2012-11-13,0.004014045692951864
2012-11-14,0.004928681333143948
2012-11-15,-0.002916843011203009
2012-11-16,-0.004706223372873246
2012-11-19,-0.0005934796033817045
2012-11-20,0.0019285414376135907
2012-11-21,0.0011945022188698728
2012-11-23,0.0007278930052238746
2012-11-26,0.005352005214477457
2012-11-27,0.0023998365201766364
2012-11-28,0.001084638460485867
2012-11-29,0.00031721677694055247
2012-11-30,0.006190772561054039
2012-12-03,0.0005457086209965438
2012-12-04,0.005041511032066224
2012-12-05,-0.001645682641637834
2012-12-06,0.0018789363229378023
2012-12-07,-0.0028264395178105427
2012-12-10,-0.0020584691873921338
2012-12-11,-0.0014397496072084898
2012-12-12,-0.0031917806124209837
2012-12-13,0.0024730425581824637
2012-12-14,0.0006486164833490075
2012-12-17,0.0008433338030048071
2012-12-18,-0.005084672811624732
2012-12-19,0.0004056286062340998
2012-12-20,-0.002342718864201218
2012-12-21,0.0001100707801611452
2012-12-24,0.003317690885340743
2012-12-26,-0.001473501275612002
2012-12-27,0.0020205078820478327
2012-12-28,0.0023133667310083253
2012-12-31,-0.0054858472731097695
2013-01-02,0.0038152689187030595
2013-01-03,0.0032974754257237334
2013-01-04,-0.0029374634346899502
2013-01-07,0.0007149788733005053
2013-01-08,0.002351696030328593
2013-01-09,-0.004684477107030352
2013-01-10,0.0028372444074622662
2013-01-11,0.004530457948678415
2013-01-14,0.0045066223976420626
2013-01-15,-0.0032342566867755926
2013-01-16,-0.0005290203508265177
2013-01-17,0.00036156824112744916
2013-01-18,-0.002939265530005724
2013-01-22,-0.0067124139424347435
2013-01-23,0.00649449452968447
2013-01-24,0.010574032154482145
2013-01-25,0.004420917859207224
2013-01-28,0.00044286565153008685
2013-01-29,-0.004822477332408981
2013-01-30,0.0018075834782158848
2013-01-31,-0.005613160920764937
2013-02-01,0.0007093614719675017
2013-02-04,0.0015882281725323672
2013-02-05,0.0034577186467298726
2013-02-06,0.002105140490325712
2013-02-07,0.0040636016927838884
2013-02-08,-0.002735369701020365
2013-02-11,0.005228027910640894
2013-02-12,0.0004005870651661381
2013-02-13,0.005599303948479309
2013-02-14,-0.001228776616964458
2013-02-15,0.004409225882702769
2013-02-19,0.001103539519111658
2013-02-20,0.004126855536140482
2013-02-21,0.003092445524838256
2013-02-22,0.003919757976229791
2013-02-25,0.0065477445735321145
2013-02-26,0.0022897669606460535
2013-02-27,0.001732230865129148
2013-02-28,0.005134893551260811
2013-03-01,0.0026032877097816594
2013-03-04,0.007976530188469498
2013-03-05,0.0016980727968784826
2013-03-06,-0.0027569939833357255
2013-03-07,-0.003606677243594874
2013-03-08,-0.0031344563593508185
2013-03-11,0.001236860005730689
2013-03-12,-0.0019318262504381659
2013-03-13,0.0051286815960117785
2013-03-14,-0.0022038527972018562
2013-03-15,-0.003518908681638895
2013-03-18,-0.00011253928690933986
2013-03-19,0.010462613523871837
2013-03-20,0.0017512650987813081
2013-03-21,0.00018325936179779473
2013-03-22,0.007829383275139656
2013-03-25,0.0019111866523397335
2013-03-26,5.150599113775233e-05
2013-03-27,-0.001068081253963536
2013-03-28,0.0013053952152010297
2013-04-01,-0.0001917305431001027
2013-04-02,0.0009238235647823329
2013-04-03,-0.0011608178179037076
2013-04-04,0.001543189357045967
2013-04-05,0.0015812389088194808
2013-04-08,-9.322107591271076e-05
2013-04-09,-0.008987690707235235
2013-04-10,0.002688727598716093
2013-04-11,-0.0020858917256542896
2013-04-12,0.0067707991778917734
2013-04-15,0.01756985370335546
2013-04-16,-0.0020708067323628853
2013-04-17,0.0006167494776009537
2013-04-18,-0.005869117092689759
2013-04-19,0.0108094416797772
2013-04-22,0.0010515649528504696
2013-04-23,0.007109702350804194
2013-04-24,-0.012084226349059637
2013-04-25,-0.008385491495435458
2013-04-26,0.000299909558266194
2013-04-29,-0.004257773808915129
2013-04-30,-0.00036490760489620304
2013-05-01,0.005138282822818056
2013-05-02,-0.0019472389699511797
2013-05-03,-0.004900362711448564
2013-05-06,-0.00298117431953611
2013-05-07,-0.0016403582430201057
2013-05-08,-0.002701242144401987
2013-05-09,0.00034801192926410144
2013-05-10,0.0013281730127633192
2013-05-13,0.0019852162619200336
2013-05-14,0.004169484765952139
2013-05-15,0.010142758145627956
2013-05-16,0.0050794462975216675
2013-05-17,-0.0021109895865092493
2013-05-20,-0.009066687528076873
2013-05-21,-0.002509202307143157
2013-05-22,0.0022117881313517573
2013-05-23,0.0041856508365855786
2013-05-24,0.00316978313455911
2013-05-28,-0.0030448200862460153
2013-05-29,-0.001767971997395935
2013-05-30,-0.0002296609053524255
2013-05-31,0.006639301122662092
2013-06-03,0.004012960981730344
2013-06-04,0.0040425626872469984
2013-06-05,0.0030376092408429746
2013-06-06,-0.00383458763191411
2013-06-07,0.003133471039093129
2013-06-10,0.0005451005308627693
2013-06-11,0.004513900704682295
2013-06-12,0.005411582246986734
2013-06-13,-0.001912100408006769
2013-06-14,0.003503079575519818
2013-06-17,0.0019051187862539813
2013-06-18,-0.0006212626304498727
2013-06-19,0.0016537773497076551
2013-06-20,0.006082288285983247
2013-06-21,0.0013035401278051531
2013-06-24,0.006126472146161098
2013-06-25,-0.0028517753178377517
2013-06-26,7.51402603681369e-05
2013-06-27,-0.00048200786687016415
2013-06-28,-0.00029210781702193654
2013-07-01,0.0006653360570320966
2013-07-02,0.0028407634112901812
2013-07-03,0.0019681354687946613
2013-07-05,0.00010543247973548181
2013-07-08,0.0018445388939789793
2013-07-09,0.002364055954568291
2013-07-10,-0.0023896901168156733
2013-07-11,-0.006200964685213221
2013-07-12,0.0025094980853485166
2013-07-15,-0.0032886849046976432
2013-07-16,0.004028666640938789
2013-07-17,0.002525958026528373
2013-07-18,-0.007361909967009035
2013-07-19,-0.0062629980743574174
2013-07-22,-0.0003577412152963607
2013-07-23,0.0017132958366445797
2013-07-24,0.007440410792685957
2013-07-25,-0.002500200052091794
2013-07-26,-0.00021938729273604282
2013-07-29,0.002448087156227994
2013-07-30,0.0003077587710226869
2013-07-31,-0.002643496862396813
2013-08-01,0.0005944871037061579
2013-08-02,0.0032644450908465915
2013-08-05,0.0005384327776080654
2013-08-06,0.00489683891596191
2013-08-07,0.0010215589770660263
2013-08-08,-0.006919007909618958
2013-08-09,-0.0030115608279324166
2013-08-12,-0.000963584143969545
2013-08-13,0.0038639900151769277
2013-08-14,-0.0006671993031196301
2013-08-15,-0.006676159111991805
2013-08-16,0.004014814462529771
2013-08-19,0.0018914876665011126
2013-08-20,-0.0021852210790343557
2013-08-21,0.0009245462395349311
2013-08-22,-0.010886954778176812
2013-08-23,0.001115635642739255
2013-08-26,-0.006375088367400121
2013-08-27,0.0008138572267133382
2013-08-28,-0.0020420123536266403
2013-08-29,0.00365479913395896
2013-08-30,-0.0037189845962150706
2013-09-03,-0.004617809508656077
2013-09-04,0.0069029353303003025
2013-09-05,-0.0034299456078349965
2013-09-06,0.0004929290683715049
2013-09-09,-0.0040733910515308586
2013-09-10,0.0024897050351099675
2013-09-11,-0.001980651784844921
2013-09-12,0.0007004921638114963
2013-09-13,0.002038233863244721
2013-09-16,-0.0012470225742117675
2013-09-17,0.0012734320283439684
2013-09-18,-0.001375087735069213
2013-09-19,-0.0026793045538579512
2013-09-20,0.0013400954155205448
2013-09-23,0.00016616039664457354
2013-09-24,0.002427355169128457
2013-09-25,-0.001057410869108635
2013-09-26,0.0011403170506854435
2013-09-27,0.0008107141720611934
2013-09-30,0.0031130637621719233
2013-10-01,-0.0018105080319665396
2013-10-02,-0.003511596869356348
2013-10-03,0.001327312145515083
2013-10-04,-0.0025672833574258026
2013-10-07,0.000522736909263309
2013-10-08,0.002790128476154115
2013-10-09,0.003179337517120473
2013-10-10,-0.0016025395659889047
2013-10-11,-0.004747202543973464
2013-10-14,0.0007024992712346347
2013-10-15,-0.00042340139668373405
2013-10-16,-0.002140057802645551
2013-10-17,0.0015506360767653642
2013-10-18,0.007123257407981039
2013-10-21,-0.0008936854897187246
2013-10-22,-0.003849151606058897
2013-10-23,0.006215758605611812
2013-10-24,-1.8370533483631242e-06
2013-10-25,0.0032808175216790256
2013-10-28,-0.0009992003808163704
2013-10-29,0.007066830354066714
2013-10-30,0.0008079103882015483
2013-10-31,0.004190785868633346
2013-11-01,-0.00510940659620166
2013-11-04,-0.0025538913214081796
2013-11-05,0.002462674943917253
2013-11-06,0.0049213118869546706
2013-11-07,0.00024151411547489518
2013-11-08,0.002247458679773642
2013-11-11,-0.0017883834793977903
2013-11-12,0.0014111061986162097
2013-11-13,-0.0018053943702004995
2013-11-14,-0.0013058789309843266
2013-11-15,-0.0006047108273452881
2013-11-18,-9.065448943576849e-05
2013-11-19,0.0030395812624506406
2013-11-20,-0.0009839361464538845
2013-11-21,0.002520102602853765
2013-11-22,-0.004265472377683633
2013-11-25,0.004041024115137397
2013-11-26,0.001438799698950414
2013-11-27,0.005269485495457531
2013-11-29,-0.0007527297649952163
2013-12-02,-9.865414277208958e-06
2013-12-03,0.0013038795991247515
2013-12-04,-0.0007328896208404486
2013-12-05,-0.0024132898767768797
2013-12-06,0.0040305675709934
2013-12-09,-0.0012313962292740377
2013-12-10,-0.0025740097056072557
2013-12-11,0.004855364628602992
2013-12-12,-0.0009986237379245883
2013-12-13,-0.0014100211061259243
2013-12-16,-0.001522376846656326
2013-12-17,0.0012310447400765356
2013-12-18,-0.0012172685904413632
2013-12-19,-0.003868232428636747
2013-12-20,-0.0012195002727377435
2013-12-23,0.001937237745250182
2013-12-24,-0.001470685200253051
2013-12-26,-0.0024408803731032925
2013-12-27,-0.0016686153821727744
2013-12-30,-0.0003214018979018129
2013-12-31,0.0009712882652694557
2014-01-02,-0.0014191100678587548
2014-01-03,0.002054982515242469
2014-01-06,0.004660696446474053
2014-01-07,-0.004886093820143227
2014-01-08,-0.000486243959516481
2014-01-09,-0.00014257032240274313
2014-01-10,-0.0036408476359426414
2014-01-13,0.008389978164796367
2014-01-14,-0.01070235947955606
2014-01-15,0.005164416058193323
2014-01-16,-0.003719695699307147
2014-01-17,-0.006603063960129226
2014-01-21,-0.005142782775937552
2014-01-22,-0.0022560999201890657
2014-01-23,0.0063751375900008836
2014-01-24,0.003362158532955489
2014-01-27,0.0007466631754832703
2014-01-28,-0.0065236637193070235
2014-01-29,-0.0022886808726323526
2014-01-30,-0.011490038595524318
2014-01-31,0.005009088710228577
2014-02-03,-0.0005123571942572548
2014-02-04,-0.008826147301781774
2014-02-05,0.004520956854330404
2014-02-06,-0.0009090314143236707
2014-02-07,-0.007730159235642954
2014-02-10,-0.0028704134595173244
2014-02-11,-0.0019125831845853531
2014-02-12,-0.0007554781356629377
2014-02-13,-0.004972764346544187
2014-02-14,-0.0015050936838151674
2014-02-18,-0.009543776608656213
2014-02-19,-0.0024681554496170954
2014-02-20,-0.0002238639365613078
2014-02-21,-0.002736617260421275
2014-02-24,-0.003678180961890508
2014-02-25,0.002053329697996852
2014-02-26,0.007945663354374547
2014-02-27,-0.003955161448409261
2014-02-28,0.002095949471349346
2014-03-03,-0.0016162064580349813
2014-03-04,0.0018788931214295094
2014-03-05,0.003212421366723253
2014-03-06,0.0045366014980473745
2014-03-07,0.006373461050285245
2014-03-10,-0.0007979424111201857
2014-03-11,0.0016118553695068432
2014-03-12,-0.0011718592727687901
2014-03-13,0.0032584535564045333
2014-03-14,-0.0004523783434284255
2014-03-17,-0.0020767297688353654
2014-03-18,-0.0011722724519960782
2014-03-19,-0.0008484557164234034
2014-03-20,0.007457969471574411
2014-03-21,0.007126243198825991
2014-03-24,0.004519493720843228
2014-03-25,0.0004593873456077184
2014-03-26,0.00654011386699273
2014-03-27,-0.006940041660532188
2014-03-28,0.004111707881824661
2014-03-31,-0.003350603996794523
2014-04-01,-0.005472652107945639
2014-04-02,-0.0010313774420175888
2014-04-03,0.0028396617244828247
2014-04-04,0.004403247819533171
2014-04-07,-2.42099943750135e-05
2014-04-08,0.0014679740477165052
2014-04-09,-0.01207186140864064
2014-04-10,0.0072129045710568164
2014-04-11,0.002611708446885147
2014-04-14,-0.0025844275435922244
2014-04-15,-0.002141040912913626
2014-04-16,-0.004670350097432343
2014-04-17,-0.0003733956150034821
2014-04-21,-0.005348902779467507
2014-04-22,-0.006884409250709182
2014-04-23,0.0005187593676384111
2014-04-24,0.0023524527139810285
2014-04-25,0.003275864187366605
2014-04-28,0.007070142305863213
2014-04-29,-0.009161799246992964
2014-04-30,-0.003576076932810634
2014-05-01,-0.004091302990826249
2014-05-02,0.0023909722048721014
2014-05-05,-0.006220575731254063
2014-05-06,-0.00243141988593604
2014-05-07,0.004191724302909358
2014-05-08,0.00808484599036091
2014-05-09,-0.00279259098908397
2014-05-12,-0.007848472384742513
2014-05-13,0.0030185083246105026
2014-05-14,0.0006171420463103604
2014-05-15,0.0024066914277932564
2014-05-16,0.004668027613679792
2014-05-19,-0.003462954790489186
2014-05-20,0.002750658863726901
2014-05-21,-0.0012849380211892112
2014-05-22,-0.004023597410335419
2014-05-23,0.0019270627709267595
2014-05-27,-0.005017667678650387
2014-05-28,0.0023008696123636347
2014-05-29,-0.002123921727035693
2014-05-30,0.004033046741289747
2014-06-02,-0.0014894635186536854
2014-06-03,0.0006847661760270833
2014-06-04,0.0005095323973793452
2014-06-05,0.0023225563321578532
2014-06-06,0.0013500287678776342
2014-06-09,0.0019608730840260176
2014-06-10,0.0006435327196747487
2014-06-11,-0.005987601982746046
2014-06-12,-0.0012031568382336417
2014-06-13,0.002536818820088057
2014-06-16,0.002262027624426611
2014-06-17,0.0040925943730469976
2014-06-18,-0.0019643838363347004
2014-06-19,0.0013289549480365109
2014-06-20,-0.004214031883600217
2014-06-23,0.0027299771631519986
2014-06-24,-0.007207912561739656
2014-06-25,-0.004537386037037484
2014-06-26,-0.002938145248531611
2014-06-27,-0.00012236231689679038
2014-06-30,0.0009556889237334878
2014-07-01,-0.001930704593100296
2014-07-02,-2.4275660401577364e-05
2014-07-03,0.0003490775786932214
2014-07-07,0.006828590747076007
2014-07-08,0.004031304234100956
2014-07-09,-0.0024184085787718234
2014-07-10,0.0019505414257198464
2014-07-11,0.0018542875529110148
2014-07-14,0.0021892732368669807
2014-07-15,0.005358396434487529
2014-07-16,-0.0003098963616486436
2014-07-17,0.005823113261935912
2014-07-18,-0.001640443021772527
2014-07-21,-0.00013809784807844826
2014-07-22,-0.0025611610589374076
2014-07-23,-0.006705654642317755
2014-07-24,-0.0012399010697049994
2014-07-25,-0.002061636036486619
2014-07-28,0.0025423464349904434
2014-07-29,-0.0057912860759614096
2014-07-30,-0.003378591425823497
2014-07-31,0.0014779848480614506
2014-08-01,-0.002458128577844218
2014-08-04,-0.0029262988467032413
2014-08-05,-4.85388278061415e-05
2014-08-06,0.006722432284408148
2014-08-07,0.0025223297360644
2014-08-08,-0.0028534268725391443
2014-08-11,0.0005408891720350398
2014-08-12,0.0045355270844797905
2014-08-13,-0.00436802705330824
2014-08-14,-0.0002625384801853966
2014-08-15,-0.0017272103955594303
2014-08-18,0.00010109536446212988
2014-08-19,-0.0019766337549598635
2014-08-20,-0.001871655032385013
2014-08-21,0.005936986573206673
2014-08-22,-0.0012213069347789267
2014-08-25,-0.002970917598313659
2014-08-26,-0.0004961384904402723
2014-08-27,0.003023607354180402
2014-08-28,0.0018368618695171028
2014-08-29,-0.00046154641423672426
2014-09-02,0.0004223942419446219
2014-09-03,-0.001866225028312818
2014-09-04,0.005659224133277182
2014-09-05,5.53260915901556e-05
2014-09-08,-0.0003592952750408054
2014-09-09,0.00040345760685733193
2014-09-10,-0.00015727538967591134
2014-09-11,0.001696424708540778
2014-09-12,0.0030389504902492786
2014-09-15,0.005162672905272858
2014-09-16,-0.007391167919232527
2014-09-17,0.003977125885058821
2014-09-18,0.0009814393519135935
2014-09-19,0.001973419289340484
2014-09-22,0.006551823004210237
2014-09-23,-0.004028930876888311
2014-09-24,-0.006655774886252437
2014-09-25,0.0033964376564050657
2014-09-26,-0.0006893789651472524
2014-09-29,-0.00316214631685571
2014-09-30,0.004777692042996874
2014-10-01,0.003154819465491212
2014-10-02,0.0030366723620539543
2014-10-03,-0.004663222301052031
2014-10-06,0.006279859709794628
2014-10-07,0.001801498222457788
2014-10-08,-0.0020834691754740347
2014-10-09,0.008180231893457226
2014-10-10,0.005053675989756697
2014-10-13,0.012346202959937986
2014-10-14,0.007455634397341394
2014-10-15,-0.00998581309568962
2014-10-16,-0.020106799721642605
2014-10-17,-0.0036809777258460675
2014-10-20,-0.0021877189572473187
2014-10-21,-0.014347866321329124
2014-10-22,0.012409274823884002
2014-10-23,-0.01062830488901653
2014-10-24,-0.001767839745659705
2014-10-27,0.004737947426093446
2014-10-28,-0.008177048472063615
2014-10-29,0.003614529882664873
2014-10-30,-0.003114920185872945
2014-10-31,-0.0037177077630222
2014-11-03,0.003678206903184035
2014-11-04,0.009629175314694595
2014-11-05,-0.0003046611234191945
2014-11-06,-0.0040673703446777315
2014-11-07,0.006027758039939599
2014-11-10,-0.0007725092970370874
2014-11-11,0.00043206820991924504
2014-11-12,0.004235598724491071
2014-11-13,0.0052297452097680285
2014-11-14,0.001100657360385778
2014-11-17,0.0016076900686948692
2014-11-18,-0.005027485284243031
2014-11-19,0.0008802760558432876
2014-11-20,0.001087182364710713
2014-11-21,-0.002802458813996368
2014-11-24,-0.004061323027851118
2014-11-25,0.001323358531057674
2014-11-26,0.0054304891080977115
2014-11-28,0.017058696421860073
2014-12-01,0.0008731166674459587
2014-12-02,-0.0035533376668223622
2014-12-03,-0.003989125229293044
2014-12-04,0.001974832019001361
2014-12-05,0.0009317740791536058
2014-12-08,0.005856501383611971
2014-12-09,-0.006705477034310233
2014-12-10,0.006811986342083847
2014-12-11,0.0002862158621631989
2014-12-12,-0.004166220619469582
2014-12-15,-0.000958923936963074
2014-12-16,0.0007558340073018236
2014-12-17,-0.003174357886263162
2014-12-18,-0.0026035061886392273
2014-12-19,-0.010778205385991882
2014-12-22,0.014435844412508272
2014-12-23,0.004371665887872868
2014-12-24,-0.0009135591552380945
2014-12-26,-0.0019457847792347409
2014-12-29,-0.002319432932449295
2014-12-30,0.0047445230111891
2014-12-31,-0.0005345556921169384
2015-01-02,-0.0028503611369257663
2015-01-05,0.006256429692053873
2015-01-06,0.004356244877759653
2015-01-07,-0.0018405540302184962
2015-01-08,-0.0007550580981331407
2015-01-09,-0.0015516218273403438
2015-01-12,0.009582916393570236
2015-01-13,-0.0024123136284357107
2015-01-14,-0.007034920992110046
2015-01-15,0.0044092641926772825
2015-01-16,-0.006648783211806072
2015-01-20,-0.0008548643482666929
2015-01-21,-0.0008586184971945172
2015-01-22,0.008005959621877275
2015-01-23,-0.004211673649213547
2015-01-26,-0.006231113563126968
2015-01-27,-0.004409932559955782
2015-01-28,0.00651321179333057
2015-01-29,0.0009131699276621041
2015-01-30,-0.002402052855313989
2015-02-02,-0.001971909395810038
2015-02-03,-0.0008334864613423231
2015-02-04,0.008793076499967675
2015-02-05,-0.0004803277809954032
2015-02-06,0.005468480798500888
2015-02-09,0.001179098687326696
2015-02-10,0.0042341636379201126
2015-02-11,0.0004980272975758018
2015-02-12,0.001493338750366868
2015-02-13,-0.007788787118202345
2015-02-17,-0.0023182114350455015
2015-02-18,0.002072794749063459
2015-02-19,-0.004886451518716762
2015-02-20,-0.0016659119003776962
2015-02-23,-0.0007135810058189071
2015-02-24,0.003877819709997686
2015-02-25,0.0017833260869177057
2015-02-26,0.0030303453614695113
2015-02-27,0.0008274343912879933
2015-03-02,0.0020307946620336677
2015-03-03,-0.0030105707064743575
2015-03-04,-0.002554901652460726
2015-03-05,-0.004267229144240189
2015-03-06,0.0033462088078246165
2015-03-09,0.0031376293339464836
2015-03-10,-0.002473801362506355
2015-03-11,-0.002404161873343891
2015-03-12,0.006547599736304318
2015-03-13,-0.0013474120294380259
2015-03-16,-0.006401895818993602
2015-03-17,-0.0039608591837293795
2015-03-18,-0.005369133410376875
2015-03-19,-0.005310300062849477
2015-03-20,-0.0011879785737886537
2015-03-23,0.0065555937091383775
2015-03-24,-3.2067721886251015e-05
2015-03-25,0.0005675303310136975
2015-03-26,0.00334739130735438
2015-03-27,-0.0002592645054754294
2015-03-30,0.0006038310769616611
2015-03-31,0.004700977657265571
2015-04-01,-0.0011899066178763975
2015-04-02,-0.001891787660202732
2015-04-06,-0.004440998448718915
2015-04-07,-0.0032360540307400766
2015-04-08,-0.0005140070323936027
2015-04-09,-0.005065791997925633
2015-04-10,-0.0006620284898941212
2015-04-13,0.005562543905228221
2015-04-14,-0.003910197982069666
2015-04-15,-0.0029872702500828015
2015-04-16,0.00856770652649859
2015-04-17,0.0062151356710398115
2015-04-20,0.0007523915527664866
2015-04-21,-0.0013725381413403899
2015-04-22,-0.00027574955750719584
2015-04-23,-0.00094927106602182
2015-04-24,0.009697689424394943
2015-04-27,0.004402141496847043
2015-04-28,0.0014001065802595972
2015-04-29,0.0026648562084208415
2015-04-30,0.0006885837734991144
2015-05-01,-0.00499857149996078
2015-05-04,0.0027508839775801075
2015-05-05,0.0022782008167715794
2015-05-06,0.0022091111275895376
2015-05-07,0.003902915106710904
2015-05-08,-0.002287702591150202
2015-05-11,0.005309544807370122
2015-05-12,-0.0020861350137341005
2015-05-13,0.0007828485721734794
2015-05-14,-2.296331350797684e-05
2015-05-15,0.0025062268118719736
2015-05-18,3.914921439576255e-05
2015-05-19,0.004008449901293752
2015-05-20,-0.0034851770904271934
2015-05-21,-0.003991476649597403
2015-05-22,-0.0034517512869062556
2015-05-26,0.00254470620237819
2015-05-27,0.0050336967178733
2015-05-28,0.00583550513749326
2015-05-29,0.00038100127472118613
2015-06-01,0.0005383031401507599
2015-06-02,-2.651672589620669e-05
2015-06-03,0.0030128784280047394
2015-06-04,0.00046952666772842204
2015-06-05,-0.006736769807650795
2015-06-08,0.002695850770785339
2015-06-09,0.0018083088675866354
2015-06-10,-1.949170736483938e-05
2015-06-11,0.0003358658899014743
2015-06-12,0.002465040917600036
2015-06-15,-0.0056404214759729916
2015-06-16,0.0015496276869338698
2015-06-17,0.0025587116800276305
2015-06-18,-0.0007220100413397661
2015-06-19,-0.000955210142034707
2015-06-22,-0.0019665909122203854
2015-06-23,0.00090211153665763
2015-06-24,0.005431344410951214
2015-06-25,-0.0002371667825499907
2015-06-26,0.0030523684745072856
2015-06-29,0.0026203944414568514
2015-06-30,-0.00413713144315653
2015-07-01,0.004398484271617185
2015-07-02,-0.0017454317300866326
2015-07-06,0.004464893091260826
2015-07-07,-0.006959455846605533
2015-07-08,0.0021563512443421654
2015-07-09,-0.0035193618239298743
2015-07-10,0.0025940076507147787
2015-07-13,0.002476550549328926
2015-07-14,-0.004496474902609696
2015-07-15,0.0017642178993275929
2015-07-16,0.006712129657849902
2015-07-17,0.008572026491974631
2015-07-20,-0.000869359449630805
2015-07-21,0.0019481109077028695
2015-07-22,0.0028902496028725528
2015-07-23,-0.004846473629506918
2015-07-24,0.014143521555982221
2015-07-27,0.0010389003936948343
2015-07-28,-0.010090188752799446
2015-07-29,0.004114355058585901
2015-07-30,-0.0020630885219928563
2015-07-31,-0.002784998302135064
2015-08-03,0.0026791046014852673
2015-08-04,-0.002785346577345085
2015-08-05,-0.0008046457673150496
2015-08-06,0.007586975416833204
2015-08-07,-0.002776785238877581
2015-08-10,-0.008350070040537897
2015-08-11,0.0003932579100965775
2015-08-12,-0.0015886199705150538
2015-08-13,0.008415368755125935
2015-08-14,0.002872333607228959
2015-08-17,-0.0016222018003493885
2015-08-18,-0.0020995942377318886
2015-08-19,0.00256933294244664
2015-08-20,0.004689115970561256
2015-08-21,-0.0002482029166999401
2015-08-24,-0.0019626175637459855
2015-08-25,-0.004575474952567687
2015-08-26,-0.006144907032964958
2015-08-27,0.0007116169226952833
2015-08-28,-0.00315665658567793
2015-08-31,0.0016786206795462815
2015-09-01,-0.0036803340890691617
2015-09-02,-0.004613494613248223
2015-09-03,0.001359777235154936
2015-09-04,-0.005549382086799125
2015-09-08,-0.003859145715462545
2015-09-09,0.0018724984390079296
2015-09-10,0.001342978637923517
2015-09-11,0.001304172249594852
2015-09-14,0.000430873790717752
2015-09-15,0.0030434423331278286
2015-09-16,-0.00329715712582752
2015-09-17,-0.002387382822093594
2015-09-18,-0.0005049539305801974
2015-09-21,0.0072498144804475
2015-09-22,-0.003794560780501269
2015-09-23,0.0026285561103831763
2015-09-24,0.006885173075408931
2015-09-25,0.01441705337885854
2015-09-28,0.011767254546936029
2015-09-29,-0.002241841599113911
2015-09-30,-0.0033002141372523077
2015-10-01,-0.004938572805139073
2015-10-02,-0.013682757275758463
2015-10-05,0.0067464571263030045
2015-10-06,0.0021711217634675316
2015-10-07,0.00041923380205803563
2015-10-08,-0.002391929683463315
2015-10-09,0.000575902758355084
2015-10-12,0.0026426504810153637
2015-10-13,0.0035531384086003133
2015-10-14,-0.005469606117937724
2015-10-15,-0.006177647148791248
2015-10-16,-0.001711631625660988
2015-10-19,0.000346767783423114
2015-10-20,0.006939997951407713
2015-10-21,-0.0021385650745787085
2015-10-22,0.005586582138807747
2015-10-23,-0.0016810147051125029
2015-10-26,-0.0005224449159769596
2015-10-27,-0.007297927960468197
2015-10-28,0.00690801964557027
2015-10-29,-0.007680191274979285
2015-10-30,-0.0009742120011561189
2015-11-02,-0.006175104724183162
2015-11-03,-0.0023086342353376716
2015-11-04,0.004780833552981605
2015-11-05,-0.00221314525825204
2015-11-06,0.005235168985682776
2015-11-09,-0.0016371846544642862
2015-11-10,0.0010594649283813692
2015-11-11,0.003660743910934152
2015-11-12,0.0007093441075270779
2015-11-13,-0.005187805722695309
2015-11-16,0.0008616430432664096
2015-11-17,0.00260473123975626
2015-11-18,-0.0018262849309172025
2015-11-19,0.009048145026264456
2015-11-20,-0.0030166466881789717
2015-11-23,-0.001497529074516759
2015-11-24,-0.002732832237821788
2015-11-25,-0.0012273676425369863
2015-11-27,0.0009599196872636038
2015-11-30,0.005171477282153753
2015-12-01,-0.008105815727410811
2015-12-02,-0.0023334156302148496
2015-12-03,0.006854127869197549
2015-12-04,0.0013101881339730374
2015-12-07,-0.011482416775444782
2015-12-08,-0.01077803810335901
2015-12-09,-0.002639435557881023
2015-12-10,0.0002027911774915929
2015-12-11,0.002067698345586908
2015-12-14,-0.005042795638972638
2015-12-15,0.0017938757842929224
2015-12-16,0.0021911078342357975
2015-12-17,-0.005965494459037759
2015-12-18,-0.0029957613312673863
2015-12-21,-0.0002375085529742473
2015-12-22,0.0009915018884739805
2015-12-23,-0.000790897595806221
2015-12-24,-0.0022321689038241354
2015-12-28,0.0015621292279032718
2015-12-29,-0.005477262350381907
2015-12-30,-0.0038814356267410726
2015-12-31,-0.0011970550636832915
2016-01-04,-0.0019069579430121832
2016-01-05,-0.0015581722801227783
2016-01-06,-0.002367675880951903
2016-01-07,0.0015440940565387476
2016-01-08,0.0021691682216640673
2016-01-11,0.010995427812255126
2016-01-12,-0.006065021206388465
2016-01-13,0.005831275583444393
2016-01-14,-0.0007770315542678432
2016-01-15,-0.001504234370720684
2016-01-19,0.0041093378722962225
2016-01-20,-0.009006722840375566
2016-01-21,0.006965847463678513
2016-01-22,-0.004503730277493791
2016-01-25,0.006620842337992085
2016-01-26,0.005499019777076355
2016-01-27,0.00742055106814574
2016-01-28,0.004361376918424766
2016-01-29,-0.0007643315400518554
2016-02-01,0.0015784199482840803
2016-02-02,-0.0014037112063740081
2016-02-03,-0.007528850421236503
2016-02-04,0.0068096235052917415
2016-02-05,0.009541996157949751
2016-02-08,0.014575045091957985
2016-02-09,-0.005342195952507307
2016-02-10,-0.0011233555078038115
2016-02-11,-0.00047353709931040474
2016-02-12,0.008032292575851524
2016-02-16,-0.005145789266877302
2016-02-17,0.00014123535589677513
2016-02-18,0.003159076090343341
2016-02-19,-0.005540139247355571
2016-02-22,-0.0019755512805564547
2016-02-23,-0.0010702768717396809
2016-02-24,-0.006727831282493775
2016-02-25,0.0006772423660212647
2016-02-26,-0.0042648709683217245
2016-02-29,0.008291617962153117
2016-03-01,-0.00615946128222036
2016-03-02,0.0026344732569997596
2016-03-03,0.0006442579330536995
2016-03-04,0.0058858375216549125
2016-03-07,-0.005559604463097159
2016-03-08,0.0051368775135544244
2016-03-09,-0.0015929828610494992
2016-03-10,0.0019211270620613197
2016-03-11,-0.004698234450785407
2016-03-14,0.0051292624288422715
2016-03-15,0.008151318340233922
2016-03-16,0.002123025928190807
2016-03-17,0.003701590418391072
2016-03-18,-0.008773221034017991
2016-03-21,-0.001275375443895161
2016-03-22,-0.0052414697098372
2016-03-23,0.0009081650007926655
2016-03-24,-0.0027876181394920095
2016-03-28,0.004845699261563874
2016-03-29,-0.000618710759398176
2016-03-30,0.005769647785756503
2016-03-31,-0.0018704722406141195
2016-04-01,-0.0049884297300365225
2016-04-04,-0.002172072717830868
2016-04-05,0.004654197748591737
2016-04-06,-0.011009374526739715
2016-04-07,-0.0017176651444481324
2016-04-08,0.004855091783121457
2016-04-11,0.0026640774416776085
2016-04-12,-0.005113615106323293
2016-04-13,0.004619811827500395
2016-04-14,0.0006230094293201794
2016-04-15,0.003168566538171775
2016-04-18,-0.007124340724081629
2016-04-19,0.002704553011188339
2016-04-20,0.0010589321150702297
2016-04-21,-0.013201227099676995
2016-04-22,-0.0016449266422166855
2016-04-25,0.0031583393267802275
2016-04-26,0.0013734093426006995
2016-04-27,0.0025336098639679792
2016-04-28,-0.0011874818368776457
2016-04-29,0.004661901193576522
2016-05-02,-0.0017634377588266368
2016-05-03,-0.0006127427434254567
2016-05-04,0.0052483570441168
2016-05-05,-0.0038317900757560137
2016-05-06,0.018189672823983764
2016-05-09,-0.0012695479617897496
2016-05-10,-0.0028659908388556387
2016-05-11,0.008604152979267893
2016-05-12,0.0019010028190710206
2016-05-13,-0.003282641630101024
2016-05-16,-0.0022209519369642636
2016-05-17,-0.0002753558176592974
2016-05-18,0.00018425601556901265
2016-05-19,0.008129121214098277
2016-05-20,0.004425831388900233
2016-05-23,0.0031020381063890314
2016-05-24,-0.004266805526388237
2016-05-25,-0.00018651619926979531
2016-05-26,0.0002971617337028332
2016-05-27,-0.00012710393861657774
2016-05-31,-0.00025445427286435485
2016-06-01,-0.007258513955200981
2016-06-02,-0.005290634549937517
2016-06-03,0.001820298219019283
2016-06-06,-0.002558208874543755
2016-06-07,0.003707096140921654
2016-06-08,-0.004146315453149041
2016-06-09,0.0034663759781843944
2016-06-10,0.005432067907755088
2016-06-13,0.0013085225737074183
2016-06-14,-0.002851855617306387
2016-06-15,0.0018801581848072735
2016-06-16,0.0031177191547763243
2016-06-17,0.0027401072800018866
2016-06-20,0.00068921888087649
2016-06-21,0.0036903443277961994
2016-06-22,0.000437363064510885
2016-06-23,0.0034581888993354634
2016-06-24,0.0014283067802862877
2016-06-27,0.006899069236485269
2016-06-28,-0.005118795194096538
2016-06-29,-0.0006785516469934998
2016-06-30,0.006069205685072628
2016-07-01,-0.006023112345989628
2016-07-05,9.951302784706413e-06
2016-07-06,-0.0028849683941719797
2016-07-07,0.004761763508783202
2016-07-08,0.0030055646035770166
2016-07-11,0.0020752707213182015
2016-07-12,-0.0011095044795802244
2016-07-13,0.005848454282585085
2016-07-14,0.0012132545746489655
2016-07-15,-0.0029373854976727353
2016-07-18,-0.0017867686536661366
2016-07-19,0.002422850606980373
2016-07-20,-0.004894790118695778
2016-07-21,-0.006384841998540927
2016-07-22,-0.0010584378447622968
2016-07-25,0.004231224848232661
2016-07-26,-0.0001781716223315039
2016-07-27,-0.004393968582688461
2016-07-28,-0.007389096466151469
2016-07-29,0.0014555447631565295
2016-08-01,-0.001289283496986465
2016-08-02,-0.005132036123857599
2016-08-03,-0.0034261654576442074
2016-08-04,0.0010263797399541086
2016-08-05,0.004033122074466623
2016-08-08,-0.002094815448420692
2016-08-09,-0.001877473623604675
2016-08-10,-0.0007764127255208584
2016-08-11,-0.0026409125398150803
2016-08-12,-0.0004691556764930496
2016-08-15,-0.003658543388548744
2016-08-16,-0.0014353087843680425
2016-08-17,0.0021117493901637095
2016-08-18,-0.0003542501832153598
2016-08-19,0.0004716883027154499
2016-08-22,-0.004591030491710764
2016-08-23,-0.00047228400873416634
2016-08-24,0.010189590212048369
2016-08-25,0.00851306225917083
2016-08-26,0.0018214282666964498
2016-08-29,0.003592732520661901
2016-08-30,-0.00040948933690676835
2016-08-31,0.004783560455404667
2016-09-01,0.0014997864922487937
2016-09-02,-0.0014159368089682405
2016-09-06,-0.0008074771303509517
2016-09-07,-0.003083973496791391
2016-09-08,-0.006974011701529563
2016-09-09,-0.002061119669273338
2016-09-12,-0.0025354333149287733
2016-09-13,0.002019726060369292
2016-09-14,0.0007454674858742933
2016-09-15,-0.0004417513065366745
2016-09-16,-0.002405402664464463
2016-09-19,0.002387531868228532
2016-09-20,-0.00010507179074917817
2016-09-21,-0.003576893348140801
2016-09-22,0.00045221325412248545
2016-09-23,0.0010176842617183755
2016-09-26,0.0020404876619397674
2016-09-27,0.0010615580272592263
2016-09-28,-0.002899918045924787
2016-09-29,0.007863917863701669
2016-09-30,0.0023938193309618627
2016-10-03,-0.0011359560087162211
2016-10-04,-0.001630498297971792
2016-10-05,0.0009368172390215161
2016-10-06,0.0010725809034181813
2016-10-07,-0.000943390244137332
2016-10-10,-0.006709057152958872
2016-10-11,0.006861820542569729
2016-10-12,0.007518986353775289
2016-10-13,-0.00472306496061569
2016-10-14,0.002699659243190048
2016-10-17,-0.0003063234027896794
2016-10-18,-0.0005060328224600605
2016-10-19,-0.0003231498088179239
2016-10-20,-0.00534272590062882
2016-10-21,0.00415452896857297
2016-10-24,0.005966504703133601
2016-10-25,0.0016829679952140414
2016-10-26,-0.003427598195548093
2016-10-27,-0.001929046483613954
2016-10-28,0.005967947234447751
2016-10-31,0.005419733216653201
2016-11-01,-0.004265449625365614
2016-11-02,0.0016066059892320416
2016-11-03,0.014000393875774859
2016-11-04,-0.007410556296626636
2016-11-07,-0.001566115929501156
2016-11-08,0.0025994564048583873
2016-11-09,-0.01559809590543066
2016-11-10,-0.004954134350268973
2016-11-11,0.01386939657133774
2016-11-14,-0.005901441712212214
2016-11-15,-0.0009494957066535851
2016-11-16,0.0015897936396488009
2016-11-17,-0.0016663333506099992
2016-11-18,0.005648808628968445
2016-11-21,-0.0016937578933129633
2016-11-22,0.003680767232171865
2016-11-23,-0.0008926861147045582
2016-11-25,0.003252788490009137
2016-11-28,0.0008642516606272218
2016-11-29,-0.0019582847011296693
2016-11-30,-0.002312955811537077
2016-12-01,0.002301266910334103
2016-12-02,-0.0008084345334230037
2016-12-05,0.0005986986809076638
2016-12-06,-0.001376000399210744
2016-12-07,0.014042110319502877
2016-12-08,0.0006452773193331209
2016-12-09,0.0018747781077166242
2016-12-12,0.003597402949483637
2016-12-13,-0.001700173151196182
2016-12-14,0.001431634057668412
2016-12-15,0.002531723632753307
2016-12-16,-0.003169478730744547
2016-12-19,0.0056321734254956846
2016-12-20,0.0016022678606081335
2016-12-21,0.002925226494738869
2016-12-22,-0.0009643463361828079
2016-12-23,-0.0034544115960734
2016-12-27,0.0004261105001054342
2016-12-28,0.0001866163226461981
2016-12-29,-0.00152546531295244
2016-12-30,-0.00039538856070802194
2017-01-03,-0.00044203622217199286
2017-01-04,-0.0001758462146623117
2017-01-05,-0.005988867009348373
2017-01-06,8.277458038229132e-05
2017-01-09,-0.00015341051317552712
2017-01-10,-0.0014345892213619186
2017-01-11,0.005485932586723724
2017-01-12,-0.0022688635164268807
2017-01-13,0.0024505392811378216
2017-01-17,-0.003137968707745011
2017-01-18,0.001808134989774254
2017-01-19,0.010257916068828962
2017-01-20,-0.0009121697384597412
2017-01-23,0.0027072753443295313
2017-01-24,0.006542492318327472
2017-01-25,-0.0012378425864392056
2017-01-26,0.00214030386928216
2017-01-27,8.492185106712363e-05
2017-01-30,0.0012438355239193517
2017-01-31,-0.004891940668019977
2017-02-01,-0.0012653339402318236
2017-02-02,0.0015611299967696007
2017-02-03,-0.0011865447865567875
2017-02-06,0.0010253754178456008
2017-02-07,0.002731970351090765
2017-02-08,-0.004305327374316444
2017-02-09,-0.007504495771940068
2017-02-10,-0.0005820731098019422
2017-02-13,-0.0025327269566645665
2017-02-14,-0.001703719672340452
2017-02-15,-0.0026617469680014472
2017-02-16,0.004576429020407943
2017-02-17,0.002428575742653424
2017-02-21,0.004414387685989168
2017-02-22,0.0022328327472757093
2017-02-23,-0.0009291604969536878
2017-02-24,-0.0018632540866210464
2017-02-27,-0.006198806532946827
2017-02-28,0.000188615988221327
2017-03-01,-0.0014069081868203154
2017-03-02,0.0021782436548017986
2017-03-03,-0.0014627309706509739
2017-03-06,0.00038603781259294854
2017-03-07,0.0019369478892361498
2017-03-08,0.0008593762164677113
2017-03-09,0.0006827269605154362
2017-03-10,0.0022972716487024308
2017-03-13,-0.0013467707967034063
2017-03-14,0.002488924989816352
2017-03-15,-0.0021887754759131756
2017-03-16,0.00588228342992919
2017-03-17,-1.232268874532591e-05
2017-03-20,0.0016025923901494194
2017-03-21,-0.0009854857847064122
2017-03-22,0.00025574411957909855
2017-03-23,0.0023806458055529566
2017-03-24,0.0017760080529399984
2017-03-27,-0.001732039517798508
2017-03-28,0.00011175060328972164
2017-03-29,-0.007752552947163091
2017-03-30,0.0041731280234729665
2017-03-31,-0.000823683938173806
2017-04-03,0.0005952510305949716
2017-04-04,-0.003618999826911507
2017-04-05,-0.0009127524498109186
2017-04-06,-0.0037787078682231384
2017-04-07,-0.0016995217364469822
2017-04-10,-0.0030618506039311456
2017-04-11,-0.0012789779514980149
2017-04-12,0.0020202007491539795
2017-04-13,0.001157352181275324
2017-04-17,0.004234457543948758
2017-04-18,0.005328830364066291
2017-04-19,-0.00023982286743248564
2017-04-20,-0.0015067068881554012
2017-04-21,0.0002495418852816206
2017-04-24,-0.0028654887187386712
2017-04-25,0.0011569703646275972
2017-04-26,-0.0008968917320511681
2017-04-27,0.003039633338766467
2017-04-28,-0.0015911382849261605
2017-05-01,0.0005218876063854842
2017-05-02,-0.0037758758403901344
2017-05-03,-0.0007626396600304414
2017-05-04,-0.0010541080587910209
2017-05-05,-4.607009001176067e-05
2017-05-08,0.0019524480651219507
2017-05-09,-0.0014752481273282022
2017-05-10,0.006802901347370209
2017-05-11,0.001981908260471809
2017-05-12,0.0002002811987869286
2017-05-15,0.0006624199565062354
2017-05-16,0.0009457659159853152
2017-05-17,-0.002727807605173966
2017-05-18,0.00046505403699189523
2017-05-19,-0.0020806484336948223
2017-05-22,0.002777044274594762
2017-05-23,0.006400322168952293
2017-05-24,-0.0013922969424794887
2017-05-25,0.003932731244396172
2017-05-26,-0.0007580614012556464
2017-05-30,0.005980894653164442
2017-05-31,-0.000919987119061136
2017-06-01,-0.006681920824922423
2017-06-02,-0.0008910288169901799
2017-06-05,0.0017601276471436481
2017-06-06,-0.0007735142290740673
2017-06-07,0.0031242987937297557
2017-06-08,0.0028590325692985363
2017-06-09,-0.005970347187521731
2017-06-12,-0.0016245654809272283
2017-06-13,-0.005122075529863463
2017-06-14,-0.0018508308712972359
2017-06-15,-0.002716713118329056
2017-06-16,-0.0015827623749909974
2017-06-19,0.0009407536812657262
2017-06-20,-0.0069547357438070456
2017-06-21,-0.004326195415210448
2017-06-22,-0.00014187802504787644
2017-06-23,0.0012403254888711857
2017-06-26,0.001788415562596507
2017-06-27,-0.0011295366468391174
2017-06-28,-0.00015294026395998918
2017-06-29,-0.0003753089668595931
2017-06-30,-0.0011267390312606758
2017-07-03,-0.002542266251727068
2017-07-05,0.001586006502489923
2017-07-06,0.0018985492714076355
2017-07-07,0.0014126332528034283
2017-07-10,0.00034352734881800773
2017-07-11,-0.003645199385941446
2017-07-12,0.0015000779649633924
2017-07-13,-0.0019418510855046375
2017-07-14,0.0029674282651720105
2017-07-17,-0.0003678442811639101
2017-07-18,0.005202919277831614
2017-07-19,-0.00624322326097595
2017-07-20,0.0025781900210976164
2017-07-21,-0.0024001790570293015
2017-07-24,-0.004806403951396446
2017-07-25,0.002890149675544031
2017-07-26,-0.0013733990542990644
2017-07-27,0.0024457854807474104
2017-07-28,-0.004443019821433718
2017-07-31,-0.001826089872408145
2017-08-01,0.002584548066244876
2017-08-02,-0.000490500754328792
2017-08-03,0.005455359899261126
2017-08-04,0.00013725301579301216
2017-08-07,0.0010838982724043758
2017-08-08,-0.0016802955813215474
2017-08-09,-0.002013682145215091
2017-08-10,0.0034700579237774026
2017-08-11,-0.0028837486978240804
2017-08-14,0.0023187317140049546
2017-08-15,0.0006022117487029074
2017-08-16,-6.304572086809863e-05
2017-08-17,-0.0016075022201981174
2017-08-18,-0.0005956297224077341
2017-08-21,-0.0009848061044773063
2017-08-22,-0.002876167239966726
2017-08-23,0.003935233069287531
2017-08-24,-0.0029520177687776474
2017-08-25,0.0007046786934767333
2017-08-28,0.0005662403992943023
2017-08-29,-0.0008663849677135654
2017-08-30,-0.001101372415181907
2017-08-31,-0.005853431255020172
2017-09-01,-0.0013752347925870105
2017-09-05,-0.003973817458315129
2017-09-06,0.003365519274828114
2017-09-07,-0.0037396247377067576
2017-09-08,-0.004077377026281737
2017-09-11,0.005368436215306712
2017-09-12,0.002355542354621615
2017-09-13,-0.0012063349984210501
2017-09-14,0.0012491473418520806
2017-09-15,0.005244576597806043
2017-09-18,0.0017711754189629987
2017-09-19,0.007240782103303567
2017-09-20,-0.002444653517968436
2017-09-21,-0.0016033231317147856
2017-09-22,-0.00191994587637536
2017-09-25,-0.0003157591428130089
2017-09-26,-0.00039836358515415836
2017-09-27,-0.0002415395731089406
2017-09-28,0.0006433162705586853
2017-09-29,-0.005408040744544306
2017-10-02,-0.005683870811948217
2017-10-03,0.0004075783048803939
2017-10-04,0.0030788529709542063
2017-10-05,0.0022027706380876953
2017-10-06,0.002093444868558959
2017-10-09,0.004336471640937623
2017-10-10,0.004518315526329626
2017-10-11,0.0006580515202009704
2017-10-12,-0.0011660217589958442
2017-10-13,0.004131807203876066
2017-10-16,0.002825834148473576
2017-10-17,-0.00205429737401294
2017-10-18,-0.0014889232603835024
2017-10-19,0.0019393044384505747
2017-10-20,0.0006164773375338491
2017-10-23,0.0029124062459171263
2017-10-24,0.004182291113790085
2017-10-25,-0.007832759161861883
2017-10-26,0.008084418083558007
2017-10-27,0.003111289164079764
2017-10-30,-0.0018064325561135148
2017-10-31,-0.003043446075861173
2017-11-01,-0.0008640661599930445
2017-11-02,0.005263162969325663
2017-11-03,-0.005280312668822489
2017-11-06,-0.002458220211408693
2017-11-07,0.0002842605184411053
2017-11-08,0.002733600605397919
2017-11-09,-0.0005710715072564587
2017-11-10,0.0014118354303747746
2017-11-13,0.001734870342548732
2017-11-14,0.0033847531124890982
2017-11-15,0.00026651250899326247
2017-11-16,-0.0013214055836428939
2017-11-17,0.0015943865288066102
2017-11-20,0.0010401752136286156
2017-11-21,-0.0028933542234542775
2017-11-22,-0.0018483832529532444
2017-11-24,0.002132764609610087
2017-11-27,-0.0010131714946903301
2017-11-28,0.0028089147930958
2017-11-29,0.0008848511357559037
2017-11-30,-0.003960149848716676
2017-12-01,0.0052834452359480175
2017-12-04,0.005764887488136814
2017-12-05,-0.0005581320598136761
2017-12-06,0.000506896951969893
2017-12-07,-0.0018847388677690014
2017-12-08,-0.004346713909856887
2017-12-11,0.00045838919210300415
2017-12-12,0.00301139932375295
2017-12-13,-0.0017118737819078191
2017-12-14,0.003435064016018854
2017-12-15,-0.0013163776930921486
2017-12-18,0.0033561905493151756
2017-12-19,0.0017831977148249421
2017-12-20,-0.004180350619908144
2017-12-21,0.0008742857259247469
2017-12-22,-0.0004612263940260667
2017-12-26,-0.001688726757760561
2017-12-27,0.00018458790524672534
2017-12-28,-0.0006494712636521318
2017-12-29,-0.0009793789642982213
2018-01-02,-0.002470025164934644
2018-01-03,-0.0030919764802713615
2018-01-04,0.0030650837469519614
2018-01-05,0.0006928466806958967
2018-01-08,0.006046775210120213
2018-01-09,-0.008016410539887935
2018-01-10,-0.002379420376527353
2018-01-11,-0.0023556878572478903
2018-01-12,-0.005033209334843243
2018-01-16,-0.0011295059032719694
2018-01-17,0.0013799984244435015
2018-01-18,0.0019924690735781347
2018-01-19,0.0024700618936029425
2018-01-22,-0.0014971473931263803
2018-01-23,0.0001458010809354795
2018-01-24,0.002982315765999942
2018-01-25,-0.005707474474791871
2018-01-26,0.005867059228204591
2018-01-29,0.0022181529787631492
2018-01-30,-0.00015804005213497683
2018-01-31,0.000977350121034993
2018-02-01,0.00382062856405688
2018-02-02,-0.0029862647203388647
2018-02-05,-0.0023409010334888955
2018-02-06,-0.00010976217454417201
2018-02-07,-0.005357119673854083
2018-02-08,0.0034449076314297597
2018-02-09,0.0008688044122245503
2018-02-12,0.004287056274883133
2018-02-13,0.00483884165172074
2018-02-14,0.007339850043344111
2018-02-15,0.0012485394154721449
2018-02-16,0.0022130491557632494
2018-02-20,9.935560718617052e-05
2018-02-21,-0.0018093180344367712
2018-02-22,-0.00797990898752607
2018-02-23,-0.0018383779461671047
2018-02-26,0.002195181538035282
2018-02-27,0.0002928375155294531
2018-02-28,0.0034231714837771768
2018-03-01,0.0018897806764210262
2018-03-02,0.0027360551320386303
2018-03-05,-0.0015586951641888335
2018-03-06,0.002620615281061444
2018-03-07,-0.005687127841906609
2018-03-08,-0.0013559950478085393
2018-03-09,-0.0024121763339453694
2018-03-12,0.00153183076151198
2018-03-13,0.0010740580968301501
2018-03-14,-0.0007200610872298555
2018-03-15,-0.0018765133846508108
2018-03-16,-0.0052465289438198255
2018-03-19,0.0031663158190095813
2018-03-20,-0.0008519170902867756
2018-03-21,0.00848432332911758
2018-03-22,0.002202104053640699
2018-03-23,-0.002211719042963257
2018-03-26,0.001402324069804135
2018-03-27,0.000982015393677866
2018-03-28,-0.005367630545778107
2018-03-29,0.0029719994018952956
2018-04-02,-0.005783312349295571
2018-04-03,0.006235520155653864
2018-04-04,-0.0024322174953233357
2018-04-05,0.003912929579077551
2018-04-06,0.00112480600640122
2018-04-09,0.0002453341265065761
2018-04-10,0.0007177385917613127
2018-04-11,0.003352079025335884
2018-04-12,-0.0031398164060127322
2018-04-13,0.0010127744007031921
2018-04-16,-0.00030648274337082666
2018-04-17,-0.005345332208707747
2018-04-18,-0.004076697125299263
2018-04-19,0.0006344298282069061
2018-04-20,-0.0003338384062416881
2018-04-23,-0.0008158186825992366
2018-04-24,0.006975827909369
2018-04-25,-0.0008250278682399078
2018-04-26,0.002134125876280477
2018-04-27,0.001824521298342848
2018-04-30,-0.000922701217869627
2018-05-01,-0.0006157137594842631
2018-05-02,-0.0013301196213809153
2018-05-03,0.0028215016627180854
2018-05-04,0.0034160023127148146
2018-05-07,-0.00011273842272159387
2018-05-08,0.0013612647524468041
2018-05-09,-0.00112414956221074
2018-05-10,0.00066772812206392
2018-05-11,-0.006534913583937005
2018-05-14,0.0005562550171128521
2018-05-15,0.004725533671540881
2018-05-16,0.0012552632884292717
2018-05-17,-0.0006089035129749659
2018-05-18,-0.005234410933974058
2018-05-21,0.0022289146398424306
2018-05-22,0.004818571403468222
2018-05-23,-0.002145545950958247
2018-05-24,0.0007497658180388364
2018-05-25,-0.0020095058390953444
2018-05-29,0.000635024731458026
2018-05-30,0.0018064423681994448
2018-05-31,0.006282913037703985
2018-06-01,0.0012542159966872275
2018-06-04,0.0013417161354310101
2018-06-05,-0.00033460503160798335
2018-06-06,-0.0010533339841346957
2018-06-07,-1.7692749533907718e-05
2018-06-08,-0.0011932041656584793
2018-06-11,0.0009958597001977444
2018-06-12,-0.0027135338403184482
2018-06-13,-0.0014203748997029387
2018-06-14,-0.0029003500227541175
2018-06-15,0.0013271616114210415
2018-06-18,0.000908851753175372
2018-06-19,0.002436967297760777
2018-06-20,-0.003091462630155193
2018-06-21,0.0004595782618958231
2018-06-22,0.005278483014494851
2018-06-25,0.00037452107735666995
2018-06-26,0.001118387708544551
2018-06-27,0.0013802055773653329
2018-06-28,-0.0014025540578286786
2018-06-29,-0.0032005646974150102
2018-07-02,-0.00017099006106251788
2018-07-03,0.00025137398536703503
2018-07-05,-0.0003954219519426456
2018-07-06,-0.004787779531558191
2018-07-09,-0.002033546471432415
2018-07-10,-0.0008560288765936358
2018-07-11,-0.002435090277861097
2018-07-12,-0.010602543156439886
2018-07-13,-0.006255681497981274
2018-07-16,0.0021155657658613355
2018-07-17,0.0028930583385438184
2018-07-18,-0.0015975177953445083
2018-07-19,-0.0032044981493052575
2018-07-20,0.0007058027975833808
2018-07-23,0.0006764014519812001
2018-07-24,-0.0009964485607232953
2018-07-25,-0.00532328522021707
2018-07-26,0.014113856340814872
2018-07-27,0.0096096737077213
2018-07-30,0.009949959716440736
2018-07-31,-0.011077479801174416
2018-08-01,-0.002376566360120849
2018-08-02,0.001502485126032299
2018-08-03,0.004674005776773668
2018-08-06,0.0019462706535498982
2018-08-07,-0.002649898252491367
2018-08-08,0.004248493032693794
2018-08-09,-0.0022107915308821903
2018-08-10,0.0005373016655616035
2018-08-13,-0.0017022092312133493
2018-08-14,-0.0008935909318204369
2018-08-15,0.008325697871464713
2018-08-16,-0.0002464636632156947
2018-08-17,0.001840402395540422
2018-08-20,0.0009322081357146198
2018-08-21,0.001452966324719666
2018-08-22,0.0005265088700108146
2018-08-23,0.0007492383199735434
2018-08-24,-0.0012324644484529794
2018-08-27,-0.0027870825400490833
2018-08-28,-0.0017664892486378703
2018-08-29,-0.0045839305252924145
2018-08-30,0.00048183398416625064
2018-08-31,-0.0010688451781125361
2018-09-04,0.00424646799674053
2018-09-05,0.005466236183165084
2018-09-06,-0.0018197762113943004
2018-09-07,-0.0036278353455624483
2018-09-10,0.003143780448264448
2018-09-11,-0.0027664299690379084
2018-09-12,0.001963164420688175
2018-09-13,-0.005557743354634018
2018-09-14,0.003170913666063586
2018-09-17,0.0036622399402778537
2018-09-18,-0.0014461697815801007
2018-09-19,-0.0008595346324287661
2018-09-20,-0.0020409593947044043
2018-09-21,0.002935166380574098
2018-09-24,-0.004081218991507639
2018-09-25,-0.0016628732494529531
2018-09-26,-0.005570957513555197
2018-09-27,-0.004428112067883286
2018-09-28,0.00037387424110848046
2018-10-01,0.0001149063117605126
2018-10-02,0.0002550505687075768
2018-10-03,-0.00196216608880217
2018-10-04,0.007323499784615113
2018-10-05,0.0012318769179374377
2018-10-08,0.005625176880400156
2018-10-09,-0.0008112003378504426
2018-10-10,0.0032804708098599913
2018-10-11,-0.0031724405817852427
2018-10-12,-0.006185611758880112
2018-10-15,0.0048750934780401505
2018-10-16,-0.012015441915054837
2018-10-17,0.004839746375516563
2018-10-18,0.002770853083385326
2018-10-19,0.004973193022131813
2018-10-22,-0.0003666898556156441
2018-10-23,0.005233166992464589
2018-10-24,0.006015786333866609
2018-10-25,-0.0031071731788240584
2018-10-26,0.002135025506999823
2018-10-29,0.011218299662583345
2018-10-30,0.009564923258778722
2018-10-31,-0.0034599686266842005
2018-11-01,-0.006135621669179094
2018-11-02,0.0015217685764594591
2018-11-05,-0.00041112163882896593
2018-11-06,0.001816011115169422
2018-11-07,-0.014488756991787408
2018-11-08,0.00517414261275921
2018-11-09,0.006832628972843952
2018-11-12,0.0033061599229043054
2018-11-13,-0.0012243889578595311
2018-11-14,0.002847220533365703
2018-11-15,-0.0018116083746243445
2018-11-16,-0.004312513858426201
2018-11-19,0.01256118304919005
2018-11-20,-0.0033820820435288778
2018-11-21,-0.004931862241914225
2018-11-23,-0.0007196606249476029
2018-11-26,-0.004134862096921875
2018-11-27,-0.0001231293709353398
2018-11-28,-0.007355759482700352
2018-11-29,-0.003123871474159506
2018-11-30,0.0029972340193464265
2018-12-03,-0.005807004438612008
2018-12-04,0.00012701933496045477
2018-12-06,-0.010095948611898055
2018-12-07,0.009994128946621453
2018-12-10,-0.0049749945827813405
2018-12-11,0.0005468735204144238
2018-12-12,-0.0021285274504600445
2018-12-13,0.0015043618948712768
2018-12-14,0.005158635937303457
2018-12-17,0.004765395738916995
2018-12-18,0.00023808113174251974
2018-12-19,0.0026901318244033343
2018-12-20,0.001198652439740367
2018-12-21,0.006872145482889015
2018-12-24,-0.004247026893140794
2018-12-26,-0.008889627134310393
2018-12-27,-0.0020434378717581075
2018-12-28,0.005099543102886456
2018-12-31,-0.004179001545921324
2019-01-02,0.003394364656869185
2019-01-03,-0.00019198176213463202
2019-01-04,-0.004996678181151957
2019-01-07,-0.003289270638673262
2019-01-08,-0.005127609090791102
2019-01-09,-0.0001186830292039287
2019-01-10,-0.004862174118256684
2019-01-11,0.00464680121431953
2019-01-14,0.0017156835446777324
2019-01-15,-0.0031203455492593373
2019-01-16,-0.004998751282928341
2019-01-17,-0.0041121796136234625
2019-01-18,0.0021469705804599403
2019-01-22,0.00172893951067973
2019-01-23,0.0037114007829905254
2019-01-24,0.0007313642121077707
2019-01-25,-0.0020333313545587363
2019-01-28,-0.0018258998358558843
2019-01-29,-0.0005098135236160947
2019-01-30,-0.0008034538779375501
2019-01-31,-0.0058536881355736505
2019-02-01,0.001100869318704708
2019-02-04,0.0007495881255495411
2019-02-05,-0.0019772944602954937
2019-02-06,0.007775063124703035
2019-02-07,0.0036769516875780053
2019-02-08,-0.0032155555873531637
2019-02-11,-4.430401231271354e-05
2019-02-12,-0.003715979627580118
2019-02-13,0.0010675559536287437
2019-02-14,-0.0038375346325333543
2019-02-15,-0.0009482559784236448
2019-02-19,0.006105542423516768
2019-02-20,0.002426108589572688
2019-02-21,0.0034455287352587287
2019-02-22,-0.004100933116295569
2019-02-25,-0.0008454708854481504
2019-02-26,-0.0012515127741844448
2019-02-27,0.0001851169878565342
2019-02-28,0.0009116152115067585
2019-03-01,-0.0065139723064379955
2019-03-04,0.009492307475498197
2019-03-05,0.004284224728738239
2019-03-06,0.0028124755756895763
2019-03-07,-0.0018419057697739443
2019-03-08,-0.001292815095862037
2019-03-11,0.0012816593129917767
2019-03-12,0.0005749331741570134
2019-03-13,-0.0034156358245008137
2019-03-14,0.00020570446552278912
2019-03-15,0.0017636502951202866
2019-03-18,0.001799199551133327
2019-03-19,-0.00010181283387950776
2019-03-20,-0.004314291535916681
2019-03-21,0.005838912049552137
2019-03-22,0.005543555800442921
2019-03-25,-0.0028999755476866226
2019-03-26,0.0018207135062414121
2019-03-27,0.0018470034405464622
2019-03-28,-0.0018801377426113264
2019-03-29,-0.0032576774024413815
2019-04-01,-0.0010334773052016273
2019-04-02,-0.0031156282796287655
2019-04-03,0.0039343430519924736
2019-04-04,0.0016005556120326598
2019-04-05,-0.006084224446201887
2019-04-08,0.0036594153166945565
2019-04-09,0.0016576710535047428
2019-04-10,0.0003413956712476845
2019-04-11,0.003264723347826538
2019-04-12,-6.550492389394098e-05
2019-04-15,-0.000279089314640623
2019-04-16,0.013733770976526612
2019-04-17,0.015340099468645806
2019-04-18,-0.007385420724673461
2019-04-22,-0.003910669397356339
2019-04-23,-0.009719622389903143
2019-04-24,0.003019050018310086
2019-04-25,-0.012100849648642168
2019-04-26,-0.0011586339771347018
2019-04-29,0.0035197754878136516
2019-04-30,0.0010497447526359434
2019-05-01,0.0016721967774496883
2019-05-02,0.0017935773182261281
2019-05-03,-0.002519726812162294
2019-05-06,-0.004028544497015643
2019-05-07,0.007168125707790051
2019-05-08,-0.005611703792426001
2019-05-09,-0.0015688865709658642
2019-05-10,0.0035845562300117085
2019-05-13,0.0032392462496390736
2019-05-14,0.000182041794091961
2019-05-15,-0.0028194801683849233
2019-05-16,-0.003883500928022377
2019-05-17,0.002751659750111451
2019-05-20,-0.0027656247627115297
2019-05-21,-0.005235456688116142
2019-05-22,-0.005197501538671756
2019-05-23,0.002802937250023247
2019-05-24,-0.00248194054149139
2019-05-28,-0.0027627374668447403
2019-05-29,0.0020045205671292894
2019-05-30,-0.0018345884553909709
2019-05-31,-0.0031609744426994314
2019-06-03,0.008211826802888069
2019-06-04,0.0013659864269963704
2019-06-05,-0.003943975692584241
2019-06-06,0.005266040487532878
2019-06-07,-0.006635664076343884
2019-06-10,0.002670297149992388
2019-06-11,0.009298924235451375
2019-06-12,-0.003890944791944254
2019-06-13,-0.0002677669137681717
2019-06-14,-0.0007573662821666262
2019-06-17,-0.004688069251236576
2019-06-18,-0.0003689393538996686
2019-06-19,-0.008306871085515288
2019-06-20,-0.005705888393786362
2019-06-21,-0.003983922188640595
2019-06-24,0.0035404347032198667
2019-06-25,-0.0010328595239616697
2019-06-26,0.003873932798470613
2019-06-27,0.00028947277790450897
2019-06-28,-0.003131914435790401
2019-07-01,0.0030028342966095067
2019-07-02,-0.00013625765035994567
2019-07-03,-0.002616325721012614
2019-07-05,0.0032487017436381885
2019-07-08,0.0007583855419632409
2019-07-09,-0.0013090685703167084
2019-07-10,-0.0007556646124466087
2019-07-11,-0.002559432490882179
2019-07-12,0.003708652224811742
2019-07-15,0.0020477376357687237
2019-07-16,0.0004989621064632589
2019-07-17,-0.0031326078473638335
2019-07-18,0.004235163786044213
2019-07-19,-0.0006521988726171285
2019-07-22,0.0019018143345531397
2019-07-23,-1.2375570049202963e-05
2019-07-24,0.006349044547576454
2019-07-25,0.00408171027469774
2019-07-26,0.008143080348410008
2019-07-29,0.0035282093356653033
2019-07-30,-0.006440114910655915
2019-07-31,-0.002806382254702677
2019-08-01,-0.001904177766749804
2019-08-02,0.003024300419876584
2019-08-05,0.0013859973902948077
2019-08-06,-0.00232949997321855
2019-08-07,0.0004828269288907311
2019-08-08,-0.004405960285895133
2019-08-09,-0.0012950337033009668
2019-08-12,0.0005801027504229814
2019-08-13,-0.0005201741747995424
2019-08-14,0.0006071144323863509
2019-08-15,-0.004814996030523908
2019-08-16,0.004752002094598871
2019-08-19,0.003415085637496031
2019-08-20,-0.003540658241303222
2019-08-21,-0.001744094497388499
2019-08-22,0.0037794334912113247
2019-08-23,-0.0030839130482471495
2019-08-26,0.0017372872177933494
2019-08-27,-0.00011887073950863708
2019-08-28,0.004444889817446344
2019-08-29,-0.003280225907547574
2019-08-30,0.007457883834336642
2019-09-03,0.008540742535158964
2019-09-04,0.006022984260860568
2019-09-05,0.0026594299326186325
2019-09-06,-0.0008470977891563933
2019-09-09,0.014919712908862483
2019-09-10,0.00034371494999956584
2019-09-11,0.0011828377418029786
2019-09-12,0.0011570406673037713
2019-09-13,-0.005724888743916919
2019-09-16,-0.005819436587694267
2019-09-17,7.175648182064926e-05
2019-09-18,0.0035499713053848596
2019-09-19,-0.0038044242367940434
2019-09-20,-0.00042517287370920197
2019-09-23,0.0032291931623381815
2019-09-24,0.001107524984960963
2019-09-25,0.0035166658404551274
2019-09-26,0.0015122159030655565
2019-09-27,0.0034262371361433773
2019-09-30,-0.00155122773661244
2019-10-01,-0.004044579626699051
2019-10-02,-0.005649388758818721
2019-10-03,-0.0015820103103537585
2019-10-04,0.002374544196531765
2019-10-07,0.00073865015574625
2019-10-08,-0.0002336869839794595
2019-10-09,-0.0007015542901797885
2019-10-10,0.0007917620148285183
2019-10-11,0.0004993231132825372
2019-10-14,-0.0021851305536477856
2019-10-15,-0.004100654448480292
2019-10-16,0.0010967709593148332
2019-10-17,0.0013680752521326887
2019-10-18,0.006130020428277154
2019-10-21,0.005899955767795925
2019-10-22,-0.004575298859108409
2019-10-23,-0.00316349192241639
2019-10-24,-0.009166378716761193
2019-10-25,0.0066519076148358605
2019-10-28,-0.003296870798863731
2019-10-29,-0.006067697725766134
2019-10-30,-0.0026371072330640703
2019-10-31,0.002164968867740763
2019-11-01,0.0003521790334461504
2019-11-04,0.005090958668219195
2019-11-05,0.003971892726976673
2019-11-06,-0.0014759413691945219
2019-11-07,-0.0006474300915201027
2019-11-08,-0.0015261568458208737
2019-11-11,-0.0003992487847895329
2019-11-12,-0.00437485587577526
2019-11-13,-0.00511585907937371
2019-11-14,-0.0009771857911881905
2019-11-15,-0.004766242598550967
2019-11-18,0.0026891218721738033
2019-11-19,-0.005744234949781897
2019-11-20,-0.0017603056571231046
2019-11-21,0.0017129779213025278
2019-11-22,0.001553081474355406
2019-11-25,-0.002147724825282051
2019-11-26,0.00046928849249902723
2019-11-27,0.0004978871383584369
2019-11-29,-0.0009434679672374152
2019-12-02,0.004976715836410882
2019-12-03,-0.0038552971817455576
2019-12-04,0.00214945909112253
2019-12-05,0.0011260853975738558
2019-12-06,-0.0029175276544311027
2019-12-09,0.004682194242309982
2019-12-10,-0.0007736034604983012
2019-12-11,0.0019515607829172265
2019-12-12,0.004812635452665164
2019-12-13,-0.004642695369782868
2019-12-16,-0.00023230177914282033
2019-12-17,0.005582280039265177
2019-12-18,0.00025839317646997057
2019-12-19,-0.0015753644374340002
2019-12-20,-0.001759927399872517
2019-12-23,-0.0030029142521220673
2019-12-24,0.0005446757040015504
2019-12-26,0.0007233220238259474
2019-12-27,-0.002272061489681703
2019-12-30,0.002261933353128785
2019-12-31,0.0002851367101798481
2020-01-02,-0.0004595945116052729
2020-01-03,-0.00562413164298125
2020-01-06,-0.004110531150355607
2020-01-07,2.398839762570356e-05
2020-01-08,-0.007050838743984773
2020-01-09,-0.0032748185566012808
2020-01-10,-0.0019796530358192075
2020-01-13,0.003260190711672472
2020-01-14,-0.0004849568668581362
2020-01-15,-0.0039845333177297585
2020-01-16,0.0015571755899804285
2020-01-17,0.0007521344403262092
2020-01-21,-0.0009172609176605973
2020-01-22,0.002113430497017785
2020-01-23,-0.0003961950559432461
2020-01-24,0.0019165043861311538
2020-01-27,0.00042883527555232404
2020-01-28,0.0005062089345973304
2020-01-29,-0.001493195787164087
2020-01-30,0.008773371764122606
2020-01-31,9.659023854885834e-05
2020-02-03,0.0003658043238652661
2020-02-04,-0.0007392384921200964
2020-02-05,-0.009863615648612274
2020-02-06,0.0010220627114672879
2020-02-07,0.0030561631967113974
2020-02-10,0.000432070201875988
2020-02-11,-0.0002043554790468392
2020-02-12,-0.002766326743930287
2020-02-13,-0.0013095830305869178
2020-02-14,-0.004670365521433029
2020-02-18,-0.0037607709581279412
2020-02-19,-0.0020649582230001873
2020-02-20,0.003862349442843139
2020-02-21,-0.0012334396256355783
2020-02-24,-0.0027780826230979516
2020-02-25,-0.0013344051231093457
2020-02-26,0.00016105655509707876
2020-02-27,-0.005942732125056432
2020-02-28,-0.002433405539329137
2020-03-02,-0.003512730120057195
2020-03-03,-0.0025656970412845643
2020-03-04,-0.013352887560279633
2020-03-05,-0.0026781427497685234
2020-03-06,-0.00869929365403066
2020-03-09,-0.019287342890839308
2020-03-10,0.0008818509222493283
2020-03-11,0.00028930403860628483
2020-03-12,-0.010708231802931147
2020-03-13,0.009534874969252961
2020-03-16,0.013578100680332368
2020-03-17,-0.002419994928294312
2020-03-18,-0.0023715200404728328
2020-03-19,-0.009475991901959043
2020-03-20,0.0011386634503837397
2020-03-23,0.00022539841658927179
2020-03-24,0.006813744881302681
2020-03-25,-0.011645308398370408
2020-03-26,-0.006261148884525104
2020-03-27,0.001934317657191392
2020-03-30,-0.00824461299728825
2020-03-31,0.008563230297133944
2020-04-01,-0.003382443125455566
2020-04-02,0.008684172193714547
2020-04-03,0.0033029719198980497
2020-04-06,-0.018020021503047576
2020-04-07,0.013726523097938589
2020-04-08,-0.000509938189936654
2020-04-09,0.0059217610442522
2020-04-13,-0.0035040062627620136
2020-04-14,-0.003576006996896548
2020-04-15,-0.012861086982861245
2020-04-16,-0.021360158148498173
2020-04-17,0.008812525277906432
2020-04-20,-0.0013312868934892128
2020-04-21,-0.0037431469820067135
2020-04-22,0.0031348263367446698
2020-04-23,0.00578667817077016
2020-04-24,0.000474518810434846
2020-04-27,0.003233932816374329
2020-04-28,0.010460102058590043
2020-04-29,0.00780791583218199
2020-04-30,-0.014127064485394216
2020-05-01,-0.009858639114203229
2020-05-04,-0.0040021218607848965
2020-05-05,-0.008347596035002848
2020-05-06,-0.008558499018415216
2020-05-07,0.003626035873302285
2020-05-08,0.01800527361340548
2020-05-11,-0.006972100122626268
2020-05-12,8.874440671922326e-05
2020-05-13,-0.01448142503112176
2020-05-14,0.007687708520018778
2020-05-15,-0.008799663437861493
2020-05-18,0.015628010100741205
2020-05-19,-0.003975743305651869
2020-05-20,0.007895391237936897
2020-05-21,-0.0017870613031683838
2020-05-22,-0.003898261198090454
2020-05-26,0.015179840199134039
2020-05-27,-0.0016751166567233308
2020-05-28,-0.0159467695851617
2020-05-29,-0.0035052887224146095
2020-06-01,0.004854955560285923
2020-06-02,0.00403138223623019
2020-06-03,0.008175320590386042
2020-06-04,0.02141125594539531
2020-06-05,0.013253846899145395
2020-06-08,0.01046630493719168
2020-06-09,-0.0028369757014931976
2020-06-10,-0.014475806287206365
2020-06-11,-0.010747527291972047
2020-06-12,0.007241849031522752
2020-06-15,0.00314839441408821
2020-06-16,-0.0017342882162643951
2020-06-17,-0.007718352882896322
2020-06-18,0.0015219767244980687
2020-06-19,-0.00553382317114371
2020-06-22,0.0013776649994334663
2020-06-23,-0.005230380726812177
2020-06-24,-0.00040395764405061897
2020-06-25,0.0047648260877723595
2020-06-26,-0.007642389189093578
2020-06-29,0.002567200592630001
2020-06-30,-0.001038329712393064
2020-07-01,-0.011085363161192664
2020-07-02,-0.000798363612720739
2020-07-06,0.006428690430405304
2020-07-07,-0.0006993129325752454
2020-07-08,0.00043890224033645735
2020-07-09,-0.00460731892481665
2020-07-10,0.015573984623505519
2020-07-13,0.00013616173087009658
2020-07-14,-0.0024813778820766586
2020-07-15,0.0030876693608317017
2020-07-16,0.004397148728304613
2020-07-17,-0.01093531857260631
2020-07-20,-0.005044347045687477
2020-07-21,0.012364261902461756
2020-07-22,-0.0013910623467225992
2020-07-23,0.007463531635092048
2020-07-24,-0.0008441424688810282
2020-07-27,-0.0022464480012167384
2020-07-28,0.0017856173366567365
2020-07-29,-0.0014813489151841513
2020-07-30,-0.004777119163723937
2020-07-31,-0.0007158873465075307
2020-08-03,-0.0006386815419866922
2020-08-04,0.0050540663866786
2020-08-05,-0.005644631290236432
2020-08-06,-0.00239476003909268
2020-08-07,0.0005350815050109392
2020-08-10,0.006902017943050106
2020-08-11,0.0022066938422258342
2020-08-12,-0.002625756598797677
2020-08-13,-0.009489662867208967
2020-08-14,0.002179236416911542
2020-08-17,-0.0006056802154287215
2020-08-18,-0.00013643552059854687
2020-08-19,0.0004988945409911271
2020-08-20,-0.006446027452126654
2020-08-21,-0.00543497143447248
2020-08-24,0.010200202380981663
2020-08-25,-0.00602582470297456
2020-08-26,-0.011516140759817465
2020-08-27,0.0017008141746233114
2020-08-28,0.003947233306755287
2020-08-31,-0.004178307563033559
2020-09-01,-0.00034099125991222446
2020-09-02,-0.0034023070586496613
2020-09-03,0.007974469522286837
2020-09-04,0.008012967625701247
2020-09-08,0.0008002130720087899
2020-09-09,-0.00953652264485247
2020-09-10,-0.002993456808655629
2020-09-11,0.004120265096181228
2020-09-14,-0.0037123689491728195
2020-09-15,-0.0008224519418881293
2020-09-16,0.011353881083802593
2020-09-17,0.003884608718637266
2020-09-18,0.00021904842244173763
2020-09-21,-0.007039694325164283
2020-09-22,-0.005136230969555463
2020-09-23,-0.0008047514870685599
2020-09-24,0.0016536814132479488
2020-09-25,-0.011759609124962015
2020-09-28,0.0018347359869677526
2020-09-29,-0.009598809946385924
2020-09-30,-0.0017601414715202274
2020-10-01,-0.0029700377916321457
2020-10-02,0.007233272521254194
2020-10-05,-0.0009629103384568859
2020-10-06,0.002302017474836111
2020-10-07,0.002452301764078996
2020-10-08,0.008077546149085804
2020-10-09,-0.005879599370850442
2020-10-12,-0.0019302815772993835
2020-10-13,-0.00601984438453958
2020-10-14,0.0012354749732170177
2020-10-15,0.010183731635790448
2020-10-16,-0.008972241908310098
2020-10-19,0.004556093931593668
2020-10-20,0.005698359657868522
2020-10-21,-0.003567414193407275
2020-10-22,0.006196074371296301
2020-10-23,-0.0038787009115450978
2020-10-26,-0.002950041674582104
2020-10-27,-0.007925108308365982
2020-10-28,0.0014002598298883404
2020-10-29,0.006943738407527206
2020-10-30,0.0086910784093676
2020-11-02,0.002488832879222824
2020-11-03,0.0003079379903990188
2020-11-04,-0.037802259689157465
2020-11-05,0.0041865204369251315
2020-11-06,0.0006955398440138563
2020-11-09,0.0473830256197527
2020-11-10,0.01013009341031058
2020-11-11,-0.005214449557409097
2020-11-12,-0.006747164893496555
2020-11-13,0.007525538079021881
2020-11-16,0.017586875435670907
2020-11-17,0.0005332936850269951
2020-11-18,0.002934574085965767
2020-11-19,0.004234665020055719
2020-11-20,0.00023477783195163996
2020-11-23,0.014011221272741861
2020-11-24,0.016206613666953838
2020-11-25,-0.004455713499616466
2020-11-27,-0.005910579369780129
2020-11-30,-0.014866015541363258
2020-12-01,0.0035046922829113474
2020-12-02,0.010439527719320591
2020-12-03,0.006409453444724393
2020-12-04,0.011887094815525712
2020-12-07,-0.00046525231374375156
2020-12-08,0.00537316860996318
2020-12-09,0.006399381953495313
2020-12-10,0.003832928404263729
2020-12-11,-0.0037892647213076565
2020-12-14,-0.012202464073971337
2020-12-15,0.005717733788074745
2020-12-16,-0.003034157533114971
2020-12-17,-0.007849244624462686
2020-12-18,-0.004029926025202176
2020-12-21,-0.0010420469660546562
2020-12-22,-0.008782149166009437
2020-12-23,0.00801250790310265
2020-12-24,-0.00512157498286419
2020-12-28,-0.001979060133815128
2020-12-29,-0.0016512063549780247
2020-12-30,0.005415920901561211
2020-12-31,-0.00515352179942398
2021-01-04,0.005327040566326064
2021-01-05,0.006361270426408878
2021-01-06,0.010440750861817208
2021-01-07,-0.0026815580240513127
2021-01-08,-0.005752680202552092
2021-01-11,0.006207831651610084
2021-01-12,0.010817849255523815
2021-01-13,-0.002593392274744874
2021-01-14,0.016834851199676325
2021-01-15,-0.012977832397447155
2021-01-19,0.00411457948637973
2021-01-20,-0.003147502342719644
2021-01-21,-0.0023582557402833213
2021-01-22,-0.0007422581741570076
2021-01-25,-0.006426228789985362
2021-01-26,0.0005887910686425061
2021-01-27,0.0057375659377131745
2021-01-28,-0.0004991148831708708
2021-01-29,-0.002922347578564607
2021-02-01,-0.004621468472027806
2021-02-02,-0.003266825802203411
2021-02-03,0.016634899713266607
2021-02-04,0.0012832704374120638
2021-02-05,0.004099543764982265
2021-02-08,0.008058924180136262
2021-02-09,-0.0040405624073043805
2021-02-10,0.003458916334372843
2021-02-11,-0.004362865982675406
2021-02-12,-0.0020902866961843903
2021-02-16,0.007923806686964689
2021-02-17,0.006593319104824716
2021-02-18,0.0009627149890299377
2021-02-19,0.008803179304783072
2021-02-22,0.016272694109845498
2021-02-23,0.0003985252863501497
2021-02-24,0.006461250439811992
2021-02-25,0.0010073591280303606
2021-02-26,-0.005612639957314325
2021-03-01,-0.003946413055407305
2021-03-02,0.00612628311629012
2021-03-03,0.01644921989964343
2021-03-04,0.0029097613443234836
2021-03-05,-0.0017945538963953702
2021-03-08,0.012198160595416218
2021-03-09,-0.013659010246230554
2021-03-10,0.003407685019683227
2021-03-11,-0.013045398363365945
2021-03-12,0.00902238886061573
2021-03-15,0.0032668525966645617
2021-03-16,-0.0036423154619859128
2021-03-17,0.0025114999119370315
2021-03-18,0.00029916928062860554
2021-03-19,-0.0024426052983126103
2021-03-22,-0.005785433788555658
2021-03-23,-0.008552594844282519
2021-03-24,0.003102004739476296
2021-03-25,0.004451364930197703
2021-03-26,0.0010471384840789496
2021-03-29,-0.002765025929794908
2021-03-30,0.005180494503979666
2021-03-31,-0.008350092743232488
2021-04-01,0.001778307516549347
2021-04-05,-0.0002579931293692201
2021-04-06,0.00043423064281497407
2021-04-07,0.0001792559529985527
2021-04-08,-0.0097260589475047
2021-04-09,-0.0057364984233726594
2021-04-12,-0.0023367227631002846
2021-04-13,-0.007517440139151543
2021-04-14,0.008989212043243551
2021-04-15,-0.010339200746040474
2021-04-16,0.0005919573245668476
2021-04-19,0.0007411476881409731
2021-04-20,-0.007955252204657695
2021-04-21,0.0033236715305827963
2021-04-22,-0.002449178021626316
2021-04-23,8.750808498602785e-05
2021-04-26,0.0007802298097750283
2021-04-27,0.0015646356305712235
2021-04-28,0.007686047432197423
2021-04-29,-0.0044129824008640765
2021-04-30,0.0034123307586522147
2021-05-03,0.009691130699012312
2021-05-04,0.0005365117152309241
2021-05-05,0.01313510045765948
2021-05-06,0.0015807387938323474
2021-05-07,-0.0010437477446167325
2021-05-10,0.00713425845197266
2021-05-11,-0.004440633229841046
2021-05-12,0.00542822090112384
2021-05-13,-0.001682294043352473
2021-05-14,0.0022673201924756897
2021-05-17,0.00903803650491214
2021-05-18,-0.0016237373064754766
2021-05-19,-0.006433980080223858
2021-05-20,-0.004426539262894403
2021-05-21,0.004753204117548209
2021-05-24,-0.0006905231732283948
2021-05-25,-0.004209244441049461
2021-05-26,0.005254442968789673
2021-05-27,0.0028635420356165637
2021-05-28,-0.0009596329653267098
2021-06-01,0.008551329786447308
2021-06-02,0.004707283960973799
2021-06-03,0.007107764079095443
2021-06-04,-0.005597691210984544
2021-06-07,-0.008004568166912664
2021-06-08,-0.0033469976371648014
2021-06-09,-0.00034004078848862243
2021-06-10,-0.007071729238465749
2021-06-11,0.002931743734397877
2021-06-14,-0.009510088241155032
2021-06-15,0.0031148048740888105
2021-06-16,0.003370117740975864
2021-06-17,-0.015949483981761457
2021-06-18,-0.006919004078476862
2021-06-21,0.004175433394763858
2021-06-22,-0.004007836623303617
2021-06-23,-0.0011895456636606832
2021-06-24,-0.003413522250277545
2021-06-25,0.0030146215962660356
2021-06-28,-0.011848520937918362
2021-06-29,-0.0033110589571227716
2021-06-30,0.003707057164591193
2021-07-01,0.002093515144497252
2021-07-02,-0.004279881748337674
2021-07-06,-0.00985101985486851
2021-07-07,-0.004613919744775572
2021-07-08,-0.0028072928771731187
2021-07-09,0.0064317459644731255
2021-07-12,-0.000988803809548305
2021-07-13,-0.003205614695139744
2021-07-14,0.0016740821051658933
2021-07-15,-0.00318335027074156
2021-07-16,-0.007959666617613253
2021-07-19,-0.0049370863078248015
2021-07-20,0.0016011625784334775
2021-07-21,0.013363422990502475
2021-07-22,-0.006291845267514847
2021-07-23,-0.007824258173775899
2021-07-26,0.008572518093136697
2021-07-27,0.0025976042861074336
2021-07-28,0.0010317896665038267
2021-07-29,-0.0016550230418841455
2021-07-30,-0.007139835499361388
2021-08-02,-0.0010923428326168115
2021-08-03,0.00027656997596258424
2021-08-04,-0.012711038627187251
2021-08-05,0.008388690858107497
2021-08-06,0.004235832219040341
2021-08-09,-0.002675498892055249
2021-08-10,0.009417176552131682
2021-08-11,0.0025787375494459816
2021-08-12,-0.0019907226254491732
2021-08-13,-0.002657268661495375
2021-08-16,-0.003805816275669966
2021-08-17,-0.0013148123606742145
2021-08-18,-0.000562719757678414
2021-08-19,-0.004672321025134387
2021-08-20,-0.0018576425208290225
2021-08-23,0.0028882144809658297
2021-08-24,0.0031695207554654123
2021-08-25,0.0010098331559657604
2021-08-26,-0.000410454635849779
2021-08-27,0.004156468009493015
2021-08-30,-0.0076976579841175835
2021-08-31,0.0015395254466131492
2021-09-01,-0.0053880115783991635
2021-09-02,0.005440382202840164
2021-09-03,-0.002862459770297483
2021-09-07,-0.000994640686798353
2021-09-08,-0.003986134711422024
2021-09-09,0.0025935935283914924
2021-09-10,-1.1660755230365259e-05
2021-09-13,0.006706921900309919
2021-09-14,-0.005512671779832774
2021-09-15,0.0053480025583885265
2021-09-16,-0.0023725063509925943
2021-09-17,0.00017730842218912176
2021-09-20,0.0017266908143614256
2021-09-21,-0.0027764924712515675
2021-09-22,0.00904862145181622
2021-09-23,0.003708368993524699
2021-09-24,-0.0002473732732607679
2021-09-27,0.009000460708215753
2021-09-28,0.011091654192332457
2021-09-29,0.0010391474673261832
2021-09-30,-0.0018992332645480588
2021-10-01,0.007965212046506806
2021-10-04,0.011941973500738931
2021-10-05,-0.004169541505952398
2021-10-06,-0.004780981300840546
2021-10-07,-0.003483886465245901
2021-10-08,0.003004263593599297
2021-10-11,0.0004339299960572627
2021-10-12,-0.000447534144195874
2021-10-13,-0.005450258841208225
2021-10-14,-0.002542465038097738
2021-10-15,-0.0031998960538640467
2021-10-18,-0.00744057527607158
2021-10-19,3.304024603027217e-05
2021-10-20,0.0021744662546616706
2021-10-21,-0.004898144103484442
2021-10-22,-0.004728785175408009
2021-10-25,-0.007082655947435397
2021-10-26,0.00550966626768691
2021-10-27,-0.004842088458023153
2021-10-28,-0.0006632181204624304
2021-10-29,-0.0035680044439041422
2021-11-01,0.005813715633196506
2021-11-02,0.0008755548745538587
2021-11-03,-0.00026408589173082113
2021-11-04,-0.008462758258350418
2021-11-05,0.010066442303689064
2021-11-08,-0.0022662280560801673
2021-11-09,0.005165766404465034
2021-11-10,0.001619361206040317
2021-11-11,0.00024716635818676914
2021-11-12,-0.009452795164339351
2021-11-15,0.0009693463542031918
2021-11-16,-0.013702153988229191
2021-11-17,0.0028494219615572895
2021-11-18,-0.002628661513296383
2021-11-19,-0.009760363271100431
2021-11-22,0.014582581889325668
2021-11-23,0.004424890805384319
2021-11-24,-0.0006489515810204754
2021-11-26,-0.004771098391199356
2021-11-29,-0.006961841239063194
2021-11-30,0.0005650446036529865
2021-12-01,0.002205444272586353
2021-12-02,0.004138041709781296
2021-12-03,0.006352116336405865
2021-12-06,0.005605555006959192
2021-12-07,-0.011566835185778302
2021-12-08,-0.004331005700639629
2021-12-09,0.003310035106637838
2021-12-10,0.00453862228157278
2021-12-13,-0.001525151659923488
2021-12-14,0.00724696469234147
2021-12-15,-0.006634120446717205
2021-12-16,0.01684677021336681
2021-12-17,-0.003139263050985725
2021-12-20,0.009863996266566878
2021-12-21,-0.0038473134400972744
2021-12-22,-0.0034777486151946215
2021-12-23,-0.003366466782008803
2021-12-27,-0.0036624165378941185
2021-12-28,0.003213763461806222
2021-12-29,-0.004769503921611275
2021-12-30,0.0012534445134817472
2021-12-31,0.002714390661728217
2022-01-03,0.009626324801773
2022-01-04,0.016459551856528993
2022-01-05,0.01961514316575587
2022-01-06,0.009249798055960882
2022-01-07,0.020746006796545365
2022-01-10,-0.0043951010597572315
2022-01-11,-0.002933437988002134
2022-01-12,0.0016382415622946311
2022-01-13,0.018103566363939467
2022-01-14,0.008081080448837985
2022-01-18,0.007570459039292289
2022-01-19,-0.0011416695763349098
2022-01-20,-0.0031255405676380134
2022-01-21,0.0029252813611575995
2022-01-24,-0.005824773968966466
2022-01-25,0.01649587337971655
2022-01-26,-0.0007535778714342457
2022-01-27,0.0033799241266612347
2022-01-28,-0.018091664521453693
2022-01-31,-0.012628122311056708
2022-02-01,0.0024440839453113705
2022-02-02,0.002962288409772394
2022-02-03,0.012898328461485784
2022-02-04,-0.006756023679334538
2022-02-07,0.010497453687466778
2022-02-08,-7.100872212665115e-05
2022-02-09,-0.008076478259815148
2022-02-10,0.009854676638689306
2022-02-11,0.014345736919755023
2022-02-14,0.00018962699537444018
2022-02-15,-0.0033371663864718883
2022-02-16,-0.0012395032331402748
2022-02-17,0.012354443754019865
2022-02-18,0.0049037399165117335
2022-02-22,0.001067246213014784
2022-02-23,0.006178527749372804
2022-02-24,-0.029741499640093066
2022-02-25,0.004395563268613728
2022-02-28,-0.008278277325132958
2022-03-01,-0.0024631094348326102
2022-03-02,0.006753983113460834
2022-03-03,0.007568237821041276
2022-03-04,0.007723278636898784
2022-03-07,0.005861016413717111
2022-03-08,-0.001356696870336895
2022-03-09,-0.013826487822338262
2022-03-10,0.00798121222900015
2022-03-11,0.008306393048649167
2022-03-14,0.0018623105383576259
2022-03-15,-0.0063705815153007215
2022-03-16,-0.013414557248621329
2022-03-17,-0.004920811541915398
2022-03-18,-0.011498626369820956
2022-03-21,0.00593498416678238
2022-03-22,-0.008017459258371875
2022-03-23,0.011372634949886998
2022-03-24,-0.0010827253502269714
2022-03-25,0.01031409015642237
2022-03-28,-0.011462746960853662
2022-03-29,-0.006246455686482615
2022-03-30,0.00538044660055776
2022-03-31,0.004267646536289647
2022-04-01,-0.005012152679423235
2022-04-04,-0.005604033702542506
2022-04-05,0.004397696920820208
2022-04-06,0.005934941243682534
2022-04-07,-0.006263512167021734
2022-04-08,0.0068072146277742135
2022-04-11,0.011665639954044864
2022-04-12,0.006049936890253894
2022-04-13,-0.00043665784148789615
2022-04-14,0.008102493321886789
2022-04-18,0.004798577187341902
2022-04-19,-0.0068160542121009846
2022-04-20,0.004275336997864323
2022-04-21,0.016177094185115582
2022-04-22,0.0072562475229947365
2022-04-25,-0.00934533506823013
2022-04-26,0.00532545762154269
2022-04-27,-0.000774145114094541
2022-04-28,-0.00950471030351178
2022-04-29,0.006931890550265078
2022-05-02,-0.001945947282341064
2022-05-03,0.0081710214961364
2022-05-04,-0.008911131239197755
2022-05-05,0.018542857681247416
2022-05-06,0.012147819039908275
2022-05-09,0.003107171750777862
2022-05-10,-0.00012957103463607497
2022-05-11,0.00887872666967457
2022-05-12,-0.010457890099761582
2022-05-13,-0.008693014997929228
2022-05-16,0.0088220553628459
2022-05-17,0.0020066702885657693
2022-05-18,0.00485394606619013
2022-05-19,-0.013476836330210748
2022-05-20,-0.0002575366476899376
2022-05-23,0.0038774395440245874
2022-05-24,0.0035379568465420696
2022-05-25,-0.0015239569419894204
2022-05-26,-0.0021488187088488275
2022-05-27,-0.012216048245415024
2022-05-31,0.0067790715219427115
2022-06-01,0.0009478625714432489
2022-06-02,-0.019088896887328947
2022-06-03,0.006253401100732579
2022-06-06,-0.001756102947444245
2022-06-07,0.0013324869575764447
2022-06-08,-0.004229936065938115
2022-06-09,-0.0011733666578496698
2022-06-10,0.009577612424826822
2022-06-13,-0.0005484580166069886
2022-06-14,-0.003651777128215667
2022-06-15,-0.009691976510245632
2022-06-16,0.004848167718525084
2022-06-17,-0.007578790197948032
2022-06-21,0.002642017330276586
2022-06-22,-0.0062763007736100305
2022-06-23,-0.018666674389162155
2022-06-24,0.004169829005401305
2022-06-27,0.003527925070034884
2022-06-28,0.01565719310406805
2022-06-29,-0.012306396370384175
2022-06-30,-0.003669655147702519
2022-07-01,-0.0036811787492845964
2022-07-05,-0.007478733629411676
2022-07-06,-0.008027513369544234
2022-07-07,-0.0010623622616600119
2022-07-08,-0.005510795159320839
2022-07-11,-0.0014903144519292633
2022-07-12,0.017417563605713733
2022-07-13,0.00045976288729029365
2022-07-14,-0.0033684483355841954
2022-07-15,0.002893264605248414
2022-07-18,0.007029709246154322
2022-07-19,-0.006565755325997075
2022-07-20,-0.004736593358442491
2022-07-21,-0.02260165290703494
2022-07-22,0.002903257940494356
2022-07-25,0.0009048639293933273
2022-07-26,0.0022956822360703727
2022-07-27,-0.0028863056033538457
2022-07-28,-0.012301797131108783
2022-07-29,-0.006414642789086686
2022-08-01,0.006003965523726719
2022-08-02,-0.002820997154224153
2022-08-03,-0.004830841671180501
2022-08-04,-0.012916762631283309
2022-08-05,0.0020370469742386405
2022-08-08,0.0034865346843499733
2022-08-09,0.00438879196762632
2022-08-10,-0.005758160401047887
2022-08-11,0.010593587188475676
2022-08-12,-0.0012215944718451757
2022-08-15,-0.005730327653364902
2022-08-16,0.00781287921099054
2022-08-17,0.0012287214240221174
2022-08-18,0.004143256757037706
2022-08-19,0.005265765988823015
2022-08-22,0.0006370655065742869
2022-08-23,0.00576859140326556
2022-08-24,-0.0003447271174967427
2022-08-25,-0.00032119805072326865
2022-08-26,0.006587873885232197
2022-08-29,0.0012773639914491946
2022-08-30,-0.0024185654049891686
2022-08-31,-0.0018159346135841533
2022-09-01,-0.0022015193711413927
2022-09-02,0.005561115811942883
2022-09-06,-0.0015034033609343607
2022-09-07,-0.004838455456425586
2022-09-08,-0.007457581773312931
2022-09-09,0.0014561703852428102
2022-09-12,0.0021353184292607396
2022-09-13,0.008232565323555784
2022-09-14,0.0012250851450672563
2022-09-15,0.008991287864121497
2022-09-16,0.0025700580119121623
2022-09-19,0.0047036408924743455
2022-09-20,-0.001657512133474613
2022-09-21,-0.004815893180695422
2022-09-22,0.006184046496963328
2022-09-23,-0.009279536833401688
2022-09-26,0.0017887641973740743
2022-09-27,-0.0010257144076726626
2022-09-28,-0.005424248829466225
2022-09-29,0.0001175372114921
2022-09-30,-0.011919586941312661
2022-10-03,-0.004633321371389227
2022-10-04,0.009735900882083518
2022-10-05,-0.0004936943763751312
2022-10-06,-0.003399948998231459
2022-10-07,0.00464241183804001
2022-10-10,-0.00427937542596891
2022-10-11,0.0025148821880460115
2022-10-12,0.01080912788107634
2022-10-13,0.003210587939668391
2022-10-14,0.010355843772321353
2022-10-17,-0.00981225378198507
2022-10-18,0.005037038317557216
2022-10-19,0.005293032378291238
2022-10-20,0.009611195361194097
2022-10-21,-0.0010640280375599758
2022-10-24,-0.0020476027220919352
2022-10-25,-0.00997125700824944
2022-10-26,0.004783831473551082
2022-10-27,0.0074580466774612775
2022-10-28,0.0026539343376108565
2022-10-31,0.0040042339224094295
2022-11-01,0.009050135010851185
2022-11-02,0.00783685964744604
2022-11-03,0.0016153295149089737
2022-11-04,0.006098729864484799
2022-11-07,-0.0019630960082118415
2022-11-08,-0.0004384089771501487
2022-11-09,-0.0022009631176339514
2022-11-10,-0.02059793975154681
2022-11-11,0.0031606394961057774
2022-11-14,0.004585330623813492
2022-11-15,-0.001808600060471254
2022-11-16,-0.0029732549510971392
2022-11-17,0.0028885902801713574
2022-11-18,0.0025454494220172007
2022-11-21,0.005347834788883214
2022-11-22,-0.0023344106518432654
2022-11-23,-0.0016647270147841656
2022-11-25,-0.0013147274490693801
2022-11-28,-0.0008813654734861995
2022-11-29,0.011585548257765713
2022-11-30,-0.012327627251919125
2022-12-01,0.00016897109911138573
2022-12-02,-0.0019766135994553355
2022-12-05,0.0013100158509833574
2022-12-06,0.002290369847116885
2022-12-07,-0.006703380642837223
2022-12-08,-0.0028952353962946272
2022-12-09,0.0040091236018669546
2022-12-12,0.006599889225905659
2022-12-13,-0.013577542810820409
2022-12-14,0.002957865603012369
2022-12-15,-4.1796206624347146e-05
2022-12-16,0.0015849939540259746
2022-12-19,0.0005183584921967545
2022-12-20,-0.0007559539986260618
2022-12-21,-0.0032604913670075063
2022-12-22,-0.0017575700048607953
2022-12-23,0.002044817344801509
2022-12-27,0.0049377916996775914
2022-12-28,-0.005724162094086156
2022-12-29,-0.001961105406272677
2022-12-30,0.003390017257465765
2023-01-03,0.006476828448846033
2023-01-04,0.012862675989981724
2023-01-05,0.017682396262427184
2023-01-06,0.005630693928017213
2023-01-09,0.0013038524402987635
2023-01-10,0.005357140314845535
2023-01-11,-0.008853400691408572
2023-01-12,0.00823934949107711
2023-01-13,-0.0016078858416439387
2023-01-17,-0.0015440775768297693
2023-01-18,-0.0073842990572724
2023-01-19,0.001649654107830313
2023-01-20,-0.001605293848037932
2023-01-23,-0.00017775969257622528
2023-01-24,0.00019800755230735435
2023-01-25,0.010343996807817848
2023-01-26,-0.006179961055649369
2023-01-27,-0.0034444289346171
2023-01-30,-0.0029236769324486383
2023-01-31,-0.001535139530486785
2023-02-01,0.0009550963745137126
2023-02-02,-0.003799517018456049
2023-02-03,0.001935458283523888
2023-02-06,-0.001255392735823455
2023-02-07,0.0004148266603678858
2023-02-08,0.00027059073890925434
2023-02-09,-0.0023021439033550496
2023-02-10,-0.0018796335495132731
2023-02-13,0.0012877407440938559
2023-02-14,0.002535280167215527
2023-02-15,0.0008874743200662193
2023-02-16,0.007484480332060386
2023-02-17,-0.0017411968773215917
2023-02-21,0.0013220254134092206
2023-02-22,-0.0028914426291424865
2023-02-23,-0.00020714292442730326
2023-02-24,0.007242936815411803
2023-02-27,-0.002098101119571678
2023-02-28,-0.0037373349050155717
2023-03-01,0.0028548154291190577
2023-03-02,-0.001656239579010769
2023-03-03,-0.0038153004407861443
2023-03-06,-0.004530825726597631
2023-03-07,0.0007559056356120006
2023-03-08,0.002138709734313925
2023-03-09,-0.007058183533102671
2023-03-10,0.00426567921019594
2023-03-13,-0.02003577180028181
2023-03-14,-0.00419236718844974
2023-03-15,-0.005161454881935294
2023-03-16,-0.000509068408237377
2023-03-17,-0.001545758825305165
2023-03-20,-0.0013156999936002544
2023-03-21,0.0011026910165228383
2023-03-22,0.00046159372865752895
2023-03-23,-0.00431962236075099
2023-03-24,-0.0026265725071788
2023-03-27,0.006489473877041089
2023-03-28,0.007492806901956809
2023-03-29,0.0055863032649291775
2023-03-30,0.00020142255629876634
2023-03-31,-0.005327175056584916
2023-04-03,0.001808055850822655
2023-04-04,-0.0006292050563968204
2023-04-05,0.001538438898696822
2023-04-06,0.0010020152321358084
2023-04-10,0.001253278389128984
2023-04-11,0.001121310579803829
2023-04-12,-0.010483758752291638
2023-04-13,-0.00621428189674648
2023-04-14,0.0028051262424227813
2023-04-17,0.003268097883614598
2023-04-18,0.0017709284747054214
2023-04-19,0.0006578207307253604
2023-04-20,-0.007812462729557661
2023-04-21,0.0013572272394464142
2023-04-24,-0.001961083761404273
2023-04-25,0.003074971303682477
2023-04-26,0.0060545076318716156
2023-04-27,0.0043977622892196234
2023-04-28,0.000985767423003165
2023-05-01,0.00625778896516753
2023-05-02,-0.0028718481720985374
2023-05-03,0.0015301175124944708
2023-05-04,-0.008277183932576102
2023-05-05,0.003225893002187522
2023-05-08,0.00792479762642821
2023-05-09,-0.0005860420283941367
2023-05-10,-0.007813497361900101
2023-05-11,-0.002876113066168821
2023-05-12,-0.0037419327027607397
2023-05-15,0.007315657038153704
2023-05-16,-0.0005906680707900054
2023-05-17,0.004253523342713453
2023-05-18,0.0017356355955344951
2023-05-19,-0.00423760354744615
2023-05-22,-0.002564446761073441
2023-05-23,0.007644635843976919
2023-05-24,-0.0016961688508224924
2023-05-25,0.0014960944657752733
2023-05-26,5.1579451865751266e-05
2023-05-30,0.002649674681838121
2023-05-31,-0.0013651796607219633
2023-06-01,-0.000140802611740602
2023-06-02,-0.002819833942475408
2023-06-05,0.00011412358100144824
2023-06-06,0.0056717644424212725
2023-06-07,0.014103231296780795
2023-06-08,-0.0019130669921616033
2023-06-09,0.0013941314286534548
2023-06-12,0.00022393413517971067
2023-06-13,0.0027563852895555172
2023-06-14,0.006965430548677839
2023-06-15,-0.008163128484311376
2023-06-16,0.0010721405772693591
2023-06-20,-0.0017150733535103693
2023-06-21,0.00106407514197234
2023-06-22,-0.0026987276394710904
2023-06-23,-0.0008506680448431235
2023-06-26,0.0005128402845329013
2023-06-27,0.008045298590500956
2023-06-28,0.005035690377124789
2023-06-29,-0.002236961711368112
2023-06-30,0.0018310388954534066
2023-07-03,0.005980216552755222
2023-07-05,-0.000981335247132473
2023-07-06,-0.0024245781554187336
2023-07-07,0.004470958747639299
2023-07-10,-0.005360624646387387
2023-07-11,-0.0001301609951954028
2023-07-12,-0.005613051563356239
2023-07-13,-0.0014780700162443053
2023-07-14,-0.014552656955758827
2023-07-17,-0.007341810328490516
2023-07-18,0.008077761770428914
2023-07-19,0.00513489119003131
2023-07-20,0.004420116236995168
2023-07-21,-0.004220757088737844
2023-07-24,8.84985415648961e-05
2023-07-25,-0.0066705815605224445
2023-07-26,0.0029058476252470933
2023-07-27,-0.004232348167871451
2023-07-28,0.0019320633489737188
2023-07-31,0.003248085300918643
2023-08-01,-0.009290922736911822
2023-08-02,-0.0030255218071592693
2023-08-03,0.00449160817675484
2023-08-04,0.0010852991729596976
2023-08-07,0.0030650719347343567
2023-08-08,-0.00034657103337779754
2023-08-09,-0.003915933351463277
2023-08-10,-0.0045752843471282174
2023-08-11,-0.0009561848231880063
2023-08-14,-0.0030995196881803606
2023-08-15,-0.00048226318932414206
2023-08-16,-0.0011833680123851914
2023-08-17,0.0025189315863007773
2023-08-18,0.003420400859821696
2023-08-21,-0.0028617305635214745
2023-08-22,-0.00328163993595019
2023-08-23,-0.00010215737461978363
2023-08-24,0.0025664333220575984
2023-08-25,-0.0057942770679716045
2023-08-28,0.0013007211019274469
2023-08-29,-0.0028684501670216645
2023-08-30,-0.00324707554241678
2023-08-31,0.004243614351298392
2023-09-01,-0.005424249825356691
2023-09-05,-0.00195628922095404
2023-09-06,0.000281834980082557
2023-09-07,-0.004156950923112839
2023-09-08,0.006277245481459911
2023-09-11,-0.0013720118369919757
2023-09-12,0.009044240791711358
2023-09-13,-0.005223759842823521
2023-09-14,0.001192691561815524
2023-09-15,0.00630714441837189
2023-09-18,-0.0011710454872934726
2023-09-19,0.0009418956239193054
2023-09-20,-0.001954948468961224
2023-09-21,0.003920168056024871
2023-09-22,-0.0035626971689259484
2023-09-25,-0.004339839662161678
2023-09-26,0.00207425101841384
2023-09-27,-0.002568033612637151
2023-09-28,-0.0016280493115584252
2023-09-29,-0.0007057659794468167
2023-10-02,-0.009536870353500145
2023-10-03,0.0017936559508938445
2023-10-04,-0.008966445610510927
2023-10-05,-0.0023317908983353365
2023-10-06,-0.005589512004588782
2023-10-09,-0.0021539249785371122
2023-10-10,0.0010019945613238962
2023-10-11,-0.005050638639691438
2023-10-12,-0.0026101325542184964
2023-10-13,-0.000528860178496792
2023-10-16,0.0010055292589413382
2023-10-17,0.0028074453126293707
2023-10-18,-0.0022400198660822504
2023-10-19,0.009679012897030976
2023-10-20,0.0046292139289917595
2023-10-23,-0.0007850393329214141
2023-10-24,0.00828654037476764
2023-10-25,0.004457196915997484
2023-10-26,0.007259976517508358
2023-10-27,-0.002848648781775157
2023-10-30,0.006363578690840262
2023-10-31,-6.693806093687343e-05
2023-11-01,-0.0022240732991726793
2023-11-02,0.0029186630059804034
2023-11-03,0.010053648843283254
2023-11-06,-0.00826249500373323
2023-11-07,-0.006435335670652071
2023-11-08,-0.007887799140337269
2023-11-09,-0.0006489162382120032
2023-11-10,-0.0017360431947214415
2023-11-13,-0.0021025235450694356
2023-11-14,-0.0009242798669412214
2023-11-15,0.0067389742845881655
2023-11-16,-0.006040257722485796
2023-11-17,0.004708272078209743
2023-11-20,-0.005009541936844701
2023-11-21,-0.0030372068194691334
2023-11-22,0.00012635769145033252
2023-11-24,0.0002029773644699438
2023-11-27,0.0031226282507834913
2023-11-28,-0.0014442758110441425
2023-11-29,0.0054206729516803115
2023-11-30,-0.0005201717426958219
2023-12-01,0.005901337384747317
2023-12-04,0.0014932394897905353
2023-12-05,-0.0009010884804407362
2023-12-06,0.0029068253658911234
2023-12-07,0.0003428171647538369
2023-12-08,0.006501476537818623
2023-12-11,-0.007811807021216103
2023-12-12,-0.006147300181019842
2023-12-13,-0.0038786596955401194
2023-12-14,0.010959418712752203
2023-12-15,-0.003540141416360894
2023-12-18,-0.003537112321307742
2023-12-19,-0.00039551203027048603
2023-12-20,0.0005496055585831994
2023-12-21,0.0001192635056482931
2023-12-22,-0.0008822469252017457
2023-12-26,-0.001009175623811372
2023-12-27,-0.004243768991449292
2023-12-28,0.0011146157693712319
2023-12-29,-0.001521691963704303
2024-01-02,0.0016614049729463604
2024-01-03,0.00397293763489593
2024-01-04,0.003370373178033938
2024-01-05,0.006872711720141955
2024-01-08,-0.0011992131431869018
2024-01-09,-0.0031483385250687273
2024-01-10,-0.0043410619832653435
2024-01-11,-0.001134020786326998
2024-01-12,-0.004431938695611635
2024-01-16,-0.0023421245991990824
2024-01-17,-0.002476116772578258
2024-01-18,0.001610184440523007
2024-01-19,0.0018070588501134758
2024-01-22,-0.006847930783257696
2024-01-23,0.00618790062215641
2024-01-24,0.0028431568953974904
2024-01-25,0.020412647253748875
2024-01-26,-0.003842741290740328
2024-01-29,-0.005226472198506501
2024-01-30,0.0026541909829881994
2024-01-31,0.0022866399413821927
2024-02-01,-0.002911165870666663
2024-02-02,-0.004458071059345491
2024-02-05,-0.005138996204831379
2024-02-06,0.0061414437670069336
2024-02-07,-0.008066622635808497
2024-02-08,-0.002421793561739151
2024-02-09,-0.0056836391653275736
2024-02-12,0.004596147276023389
2024-02-13,0.002076922563472721
2024-02-14,-0.0011722166492763913
2024-02-15,0.0034040659980952076
2024-02-16,-0.00015878853967839413
2024-02-20,0.008468444711512825
2024-02-21,0.004206301646056357
2024-02-22,-0.0073788678088325095
2024-02-23,5.291358835406547e-05
2024-02-26,-0.0057470373585391905
2024-02-27,0.0015659564737328779
2024-02-28,-0.001669974405958905
2024-02-29,-6.565021057198741e-05
2024-03-01,-0.005834673391770714
2024-03-04,0.0066568221407245195
2024-03-05,0.011170216870440937
2024-03-06,-0.00087117353309538
2024-03-07,-0.00665707049270605
2024-03-08,0.005427606722739075
2024-03-11,0.0044962745200154385
2024-03-12,-0.004946231236905902
2024-03-13,0.010623687092125357
2024-03-14,0.001662397826733358
2024-03-15,0.007009913275645752
2024-03-18,-0.0004505271088716718
2024-03-19,-0.0017438078996831901
2024-03-20,0.006862049162988186
2024-03-21,0.0007657628561625375
2024-03-22,0.003539046020027666
2024-03-25,0.005241311155588476
2024-03-26,-0.0019258584684942
2024-03-27,0.0018996141491325598
2024-03-28,0.00303334507246134
2024-04-01,0.004388401515941252
2024-04-02,0.007170581657256336
2024-04-03,-0.002605336894351149
2024-04-04,-0.00022266550142795876
2024-04-05,-0.000648586111918176
2024-04-08,-0.0033468328679045396
2024-04-09,-0.002133385842153357
2024-04-10,-0.00021870592950968333
2024-04-11,-0.0017980587275367855
2024-04-12,0.0022708499141360977
2024-04-15,0.005811057055694694
2024-04-16,-0.0026552783009925595
2024-04-17,0.0025669119896054495
2024-04-18,0.006668630419724543
2024-04-19,0.007111074687604549
2024-04-22,0.0016812212602753999
2024-04-23,-0.004734137335560635
2024-04-24,-0.0010750228947691894
2024-04-25,0.006623969538754291
2024-04-26,-0.0053837164783489475
2024-04-29,-0.005300364977165361
2024-04-30,-0.00419254094612871
2024-05-01,-0.0005534152634708976
2024-05-02,-0.00459246636786147
2024-05-03,-0.008121387459933467
2024-05-06,0.0017039584281721585
2024-05-07,-0.006222735572639344
2024-05-08,0.0033405700160275896
2024-05-09,0.001998273131192522
2024-05-10,-0.0015265396827929892
2024-05-13,0.004970701964526106
2024-05-14,-0.0033823255194172386
2024-05-15,-0.006381847236217088
2024-05-16,0.0009512978580221982
2024-05-17,2.8938536949156856e-05
2024-05-20,-0.0016334726547180584
2024-05-21,-0.0020904356796741038
2024-05-22,-0.007000263638197553
2024-05-23,-0.004215972919822895
2024-05-24,-0.000168744054425287
2024-05-28,-0.0009343539033952464
2024-05-29,-0.0003150842624134806
2024-05-30,0.011454333549420099
2024-05-31,0.005179636447847716
2024-06-03,-0.00382056576817837
2024-06-04,-0.0008161460708132079
2024-06-05,-0.006999933931634215
2024-06-06,-0.0013335559750269686
2024-06-07,0.0039173242527886995
2024-06-10,-0.0009220370297801107
2024-06-11,-0.006055906114861156
2024-06-12,-0.005372829736650701
2024-06-13,-0.0015968282919878397
2024-06-14,-0.005851592601914888
2024-06-17,0.00011703875762962194
2024-06-18,0.004053508858749474
2024-06-20,0.006412397736280937
2024-06-21,-0.0007565170108299566
2024-06-24,0.009218357035091166
2024-06-25,-0.001258487861037582
2024-06-26,-0.00508973508055039
2024-06-27,-0.002382755127699874
2024-06-28,0.004733582654018872
2024-07-01,-0.0003997248200917884
2024-07-02,-0.004088466072577301
2024-07-03,-0.0014477408795821396
2024-07-05,-0.006093169263315066
2024-07-08,-0.0017904568744549162
2024-07-09,0.00272279033278742
2024-07-10,-0.0020576875456235705
2024-07-11,0.005272573236205375
2024-07-12,-0.006718890080929603
2024-07-15,0.0018736253352267648
2024-07-16,0.0011879823637182235
2024-07-17,0.01806427159691307
2024-07-18,0.0021992761095485512
2024-07-19,-0.00048385499954639013
2024-07-22,-0.014779155848964588
2024-07-23,-0.006155522625860616
2024-07-24,0.013430538308226565
2024-07-25,-0.0035201404837166134
2024-07-26,-0.0018943505502050657
2024-07-29,-0.002895987045699271
2024-07-30,0.006196873954208501
2024-07-31,-0.010541221957247313
2024-08-01,0.0027644310015282137
2024-08-02,-0.0035306905752192797
2024-08-05,-0.0017805189722762311
2024-08-06,0.003291493454413892
2024-08-07,0.009758207886989754
2024-08-08,-0.0033472708491311966
2024-08-09,-0.0034764361943565524
2024-08-12,-0.00011306526506232485
2024-08-13,-0.007954623921677497
2024-08-14,0.0020378930256839656
2024-08-15,-0.0032205083050627073
2024-08-16,0.001756926783610945
2024-08-19,-0.00027414264961058126
2024-08-20,-0.0018276150840386115
2024-08-21,-0.0003637764399522181
2024-08-22,0.0063657060182889975
2024-08-23,0.005125786719057055
2024-08-26,0.006363839303863364
2024-08-27,-0.002917839620511667
2024-08-28,0.0028658006315233973
2024-08-29,0.005215012795497846
2024-08-30,-0.0006643475592725334
2024-09-03,0.010669902455199871
2024-09-04,-0.003996131367313503
2024-09-05,0.004574157955452747
2024-09-06,0.005450605084826318
2024-09-09,0.0022610120241754027
2024-09-10,-0.007741645595450708
2024-09-11,-0.014229997556666723
2024-09-12,0.00047154211579561136
2024-09-13,0.004090390149891578
2024-09-16,0.008770121933916963
2024-09-17,0.004274834401842896
2024-09-18,0.002598966923475016
2024-09-19,-0.008124176956985783
2024-09-20,0.008080008350479142
2024-09-23,-0.0003455695037401596
2024-09-24,0.003656264089967559
2024-09-25,-0.0044733975881829325
2024-09-26,-0.006281653777270315
2024-09-27,0.00404160158209019
2024-09-30,0.0015443885256238037
2024-10-01,0.011661316840338573
2024-10-02,0.0019286285958631526
2024-10-03,0.002310259896076556
2024-10-04,0.0037585659298473933
2024-10-07,0.0032983812502077065
2024-10-08,-0.0068014123971839565
2024-10-09,0.0010591157554428502
2024-10-10,0.0038493881286501583
2024-10-11,0.002927890548213742
2024-10-14,-0.0028852697307270017
2024-10-15,0.011762026026548796
2024-10-16,0.0068943557829758365
2024-10-17,-0.00010228091367158569
2024-10-18,0.00031181456831518836
2024-10-21,-5.8053366822106396e-05
2024-10-22,0.008155433735848448
2024-10-23,0.009861962906157786
2024-10-24,-0.010098077464559506
2024-10-25,-0.008487048852202885
2024-10-28,0.0053627264332310005
2024-10-29,-0.009419152810491093
2024-10-30,0.005408048857408407
2024-10-31,0.016760518132764957
2024-11-01,-0.012323935251109665
2024-11-04,-0.0009452505567124502
2024-11-05,0.00024544825589626636
2024-11-06,0.00744989600667899
2024-11-07,-0.016595258885086034
2024-11-08,0.0038024499529814904
2024-11-11,0.0034645267632290614
2024-11-12,0.005088577244825438
2024-11-13,0.0037453504403061836
2024-11-14,0.004773314457168415
2024-11-15,0.014086589570294008
2024-11-18,0.002669966415128544
2024-11-19,0.0011142026053208769
2024-11-20,-0.002241062730565214
2024-11-21,-0.0018358262919843673
2024-11-22,0.004520520658723627
2024-11-25,-0.003947148105281539
2024-11-26,-0.00367228523624436
2024-11-27,0.004902763011083417
2024-11-29,-0.004334956627162554
2024-12-02,-0.011151132157050676
2024-12-03,-0.004580749137341213
2024-12-04,-0.01041465342194276
2024-12-05,0.010136558684964417
2024-12-06,-0.010807377313091391
2024-12-09,-0.008079658247686913
2024-12-10,0.003378255603815182
2024-12-11,-0.005358619552705321
2024-12-12,0.008969878076946101
2024-12-13,-0.005883031014058943
2024-12-16,-0.008662825985960583
2024-12-17,0.003992295133929158
2024-12-18,0.0021610041841763207
2024-12-19,0.00602387705621079
2024-12-20,0.0025621370695450806
2024-12-23,-0.006066323813161989
2024-12-24,-0.0012039598189248209
2024-12-26,0.0021153016150926673
2024-12-27,0.0025917064903055774
2024-12-30,0.002794114388834968
2024-12-31,0.006512236904280604
2025-01-02,0.0006727011644161741
2025-01-03,-0.009565662060039264
2025-01-06,-0.0076112871130517065
2025-01-07,0.004555402761905552
2025-01-08,0.0006037843688425835
2025-01-10,-0.0031068952400686864
2025-01-13,0.0029116013575973517
2025-01-14,0.005626079825317317
2025-01-15,-0.0048096694061732755
2025-01-16,0.004718201955600661
2025-01-17,9.341041863779076e-06
2025-01-21,-0.0021541803655973275
2025-01-22,-0.009993085920162932
2025-01-23,-0.0009219614327128212
2025-01-24,0.0033720585376209897
2025-01-27,0.023668384475106958
2025-01-28,-0.008807947676682075
2025-01-29,0.007167620120465626
2025-01-30,-0.004642512116748273
2025-01-31,-0.006027095969950507
2025-02-03,0.0036188562803942228
2025-02-04,-0.0020083116912377385
2025-02-05,-0.002206845899235979
2025-02-06,-0.0022330020057952484
2025-02-07,0.007512428182721888
2025-02-10,-0.00030102173149819454
2025-02-11,0.009292778952657883
2025-02-12,0.01228647463790771
2025-02-13,0.0029627150954234477
2025-02-14,0.002214220097783789
2025-02-18,0.0007019462768244552
2025-02-19,0.0019184340580205759
2025-02-20,0.0022420742528237747
2025-02-21,0.01155258582925189
2025-02-24,0.0053491281268443075
2025-02-25,0.0019945443023472635
2025-02-26,-0.006875657229121887
2025-02-27,0.013197235738951901
2025-02-28,0.002657932019805382
2025-03-03,0.010378650089725524
2025-03-04,-0.015743969888053096
2025-03-05,-0.004804289343384438
2025-03-06,0.004309196839606168
2025-03-07,0.004434986748409093
2025-03-10,0.008893005017948138
2025-03-11,-0.009000322193909898
2025-03-12,-0.006416572495515636
2025-03-13,0.013534056986508287
2025-03-14,-0.005202654050228414
2025-03-17,0.002920166775294843
2025-03-18,0.0059037020874156835
2025-03-19,-0.0014161818824220216
2025-03-20,0.00029278585610621624
2025-03-21,-0.0030671237920137455
2025-03-24,-0.009102480342975647
2025-03-25,-0.0050528839997955695
2025-03-26,0.011672553757040046
2025-03-27,0.002191061213460898
2025-03-28,0.007360223888766653
2025-03-31,0.006703716499323914
2025-04-01,-0.0078068482114960844
2025-04-02,-0.005921896810511389
2025-04-03,-0.002170805880590892
2025-04-04,-0.0002967618208763466
2025-04-07,-0.002179144215648425
2025-04-08,-0.009161879731213657
2025-04-09,-0.016638668095198775
2025-04-10,-0.001114976833709803
2025-04-11,-0.0005308517523869871
2025-04-14,0.004550366011435069
2025-04-15,0.0009654929584454509
2025-04-16,0.006909534313983075
2025-04-17,0.01081771822364142
2025-04-21,0.012048299555660086
2025-04-22,-0.007354296399892905
2025-04-23,-0.008688198748670136
2025-04-24,-0.009256938422217776
2025-04-25,-0.01319263576931637
2025-04-28,0.002442565758590146
2025-04-29,-0.0003768474948166185
2025-04-30,-0.003634958622105984
2025-05-01,-0.00038519448821446863
2025-05-02,-0.0007735549486640395
2025-05-05,-0.005985740329077536
2025-05-06,0.005710377502466505
2025-05-07,-0.003187610070319956
2025-05-08,0.005187088343683392
2025-05-09,0.0020689651170020086
2025-05-12,-0.01181244726987372
2025-05-13,-0.003115697344933766
2025-05-14,-0.004521304692429602
2025-05-15,0.008115321690077117
2025-05-16,-0.003138226346369289
2025-05-19,-0.0008929563469652523
2025-05-20,-0.0010262769571834681
2025-05-21,-0.0004081199424832881
2025-05-22,-0.0002950086134142509
2025-05-23,0.005163803670696643
2025-05-27,-0.00450769028779362
2025-05-28,-0.00175809114518537
2025-05-29,0.0034264226718564075
2025-05-30,0.001484829554950019
2025-06-02,0.0002483885889778359
2025-06-03,0.0022255079964426873
2025-06-04,-0.0029606939360907842
2025-06-05,0.0031628041474862094
2025-06-06,0.004809948978652243
2025-06-09,0.0018827461535760833
2025-06-10,0.006412543109729385
2025-06-11,-0.0011817826187055962
2025-06-12,-0.0018198571556687726
2025-06-13,0.0022002492905996295
2025-06-16,0.0023291125414834357
2025-06-17,0.0003807794295892067
2025-06-18,0.001798774486511353
2025-06-20,0.006364306198754742
2025-06-23,-0.00482948607519819
2025-06-24,-0.002788196947868937
2025-06-25,-0.0025018177726671745
2025-06-26,0.001739169437843184
2025-06-27,0.0007196532616615081
2025-06-30,-0.005525226134676741
2025-07-01,0.014549252814612827
2025-07-02,0.00653919356265527
2025-07-03,-0.006248888913027435
2025-07-07,0.00115111315768692
2025-07-08,0.003364834511287684
2025-07-09,-0.0010507846135557194
2025-07-10,0.007953416793202342
2025-07-11,-0.0005505663635097861
2025-07-14,-0.0016882087146357385
2025-07-15,-0.005569761942387709
2025-07-16,-0.003493115718254822
2025-07-17,0.002896170074299166
2025-07-18,0.0007438760005292793
2025-07-21,0.003151907900304156
2025-07-22,0.002732029916683865
2025-07-23,-0.006013393769290185
2025-07-24,-0.0018477117386058739
2025-07-25,-0.0002859363663114129
2025-07-28,-0.004038348045592872
2025-07-29,-0.0035879205958483113
2025-07-30,-0.010622117092498228
2025-07-31,0.0014181819721135402
2025-08-01,0.001661501825070586
2025-08-04,-0.005732669812981587
2025-08-05,0.00885554579785381
2025-08-06,-0.004331122023922646
2025-08-07,0.014023323343469169
2025-08-08,0.0009703814551486015
2025-08-11,0.0018143178603574654
2025-08-12,-9.975781424059819e-05
2025-08-13,0.0010179257021742634
2025-08-14,0.002494446562976134
2025-08-15,-0.005013212795086363
2025-08-18,-0.0031628514547057934
2025-08-19,0.00840168080691232
2025-08-20,-0.0020034021441191975
2025-08-21,0.0014216460316600857
2025-08-22,0.0030186120890122337
2025-08-25,0.00038599682406621506
2025-08-26,-0.0040670055355576515
2025-08-27,0.0021021968519783487
2025-08-28,-0.005129526174392652
2025-08-29,0.006609925575373432
2025-09-02,0.0018492416799657232
2025-09-03,-0.0027331651016031687
2025-09-04,-0.0011303383340840129
2025-09-05,-0.002923739025635355
2025-09-08,-0.008329258368055986
2025-09-09,0.0010560068907970288
2025-09-10,0.004978689134760325
2025-09-11,-0.003740056506063567
2025-09-12,-0.0024330760214444605
2025-09-15,-0.0038179310651985186
2025-09-16,0.0021122129462925084
2025-09-17,3.3572414406693236e-05
2025-09-18,0.0013711724537638767
2025-09-19,-0.00643715214786138
2025-09-22,-0.008732004316182351
2025-09-23,0.007938893607708707
2025-09-24,-0.0044694311404144555
2025-09-25,0.00542920590897156
2025-09-26,0.0025430178163507716
2025-09-29,-0.0014842204866495044
2025-09-30,-0.0026346645545999043
2025-10-01,0.00012520459067900732
2025-10-02,-0.005825419826525465
2025-10-03,0.0029551808067788533
2025-10-06,-0.00853097265362774
2025-10-07,0.0019279604652415923
2025-10-08,-0.0076251405937479136
2025-10-09,-0.0026886584700979528
2025-10-10,0.0053336329190681615
2025-10-13,-0.0032078942034425334
2025-10-14,0.00883078919539344
2025-10-15,0.0044936020240183595
2025-10-16,-0.002476037451946815
2025-10-17,0.002833794012591763
2025-10-20,0.0022024926028514796
2025-10-21,0.0016386883726414525
2025-10-22,-0.0007673315603700252
2025-10-23,-0.009037033008285478
2025-10-24,-0.00020130008418411502
2025-10-27,-0.004445971668182733
2025-10-28,-0.006761519882488296
2025-10-29,-0.00031940537420864284
2025-10-30,0.007868846757295881
2025-10-31,-0.0024698707746550258
2025-11-03,-0.0014397355592856084
2025-11-04,-0.0022882840458899392
2025-11-05,0.0011064250092323107
2025-11-06,0.009857636252730239
2025-11-07,0.007216642661476697
2025-11-10,-0.004248020858750262
2025-11-11,0.008851504601770721
2025-11-12,0.0028999493563467604
2025-11-13,0.005315763462597479
2025-11-14,-0.004486636849497274
2025-11-17,-0.003955066726885715
2025-11-18,0.01173176759949876
2025-11-19,-0.006375248276902722
2025-11-20,-0.0004317392452799868
2025-11-21,0.007211939568230114
2025-11-24,-0.011025901181596872
2025-11-25,0.0006482704636255063
2025-11-26,0.0015403700539764944
2025-11-28,0.004104519100805136
2025-12-01,0.003113545261250576
2025-12-02,-0.005238940471097984
2025-12-03,0.0032240257525496586
2025-12-04,-0.0006622530352955121
2025-12-05,-0.0047204422575850375
2025-12-08,0.0014274414996064242
2025-12-09,0.00114213472600834
2025-12-10,-0.0005515624160823486
2025-12-11,-0.00023033437513999292
2025-12-12,0.009813263759323967
2025-12-15,0.0020386896734395565
2025-12-16,-0.004340981343692156
2025-12-17,0.015631462424034598
2025-12-18,-0.007978767602418559
2025-12-19,-0.0028181773144614316
2025-12-22,-0.004044474653094146
2025-12-23,-0.004061272800465031
2025-12-24,0.0015524520090213355
2025-12-26,-0.00030882149460657854
2025-12-29,0.00034753840616496586
2025-12-30,0.0029368823840970194
2025-12-31,0.002101205843211709
2026-01-02,0.0037726752875438226
2026-01-05,-0.00021926275961960747
2026-01-06,-0.008253315161986834
2026-01-07,0.0009629501378196546
2026-01-08,0.012591636578659087
2026-01-09,0.0005388686315263056
2026-01-12,-0.0024808409173001683
2026-01-13,0.0065191071033840736
2026-01-14,0.012034407933798655
2026-01-15,-0.0038684936415159135
2026-01-16,-0.00042372211661888216
2026-01-20,0.011963205799914925
2026-01-21,0.00393859741320636
2026-01-22,-0.003615677080828463
2026-01-23,0.0008582359205333799
2026-01-26,-0.0048070525020090325
2026-01-27,0.014235932292746686
2026-01-28,-0.007289152385883813
2026-01-29,0.01004185298153522
2026-01-30,0.014454864160181118
2026-02-02,0.0007422398451122738
2026-02-03,0.022467576674774052
2026-02-04,0.020417407371685042
2026-02-05,0.007807654558964896
2026-02-06,-0.006958555468006356
2026-02-09,-0.013225622144463182
2026-02-10,0.004600254323369456
2026-02-11,0.0052066725781742445
2026-02-12,0.004970623280136421
2026-02-13,-0.010305044431675021
2026-02-17,0.0019393073021408904
2026-02-18,-0.003947592924241238
2026-02-19,-0.0007446676235930382
2026-02-20,-0.0017470267390500536
2026-02-23,0.01904632901271467
2026-02-24,-0.003914726891987046
2026-02-25,-0.012099427940026566
2026-02-26,-0.00032153355346613765
2026-02-27,0.008944908287230477
2026-03-02,-0.0051510250464232325
2026-03-03,0.00031411062538850605
2026-03-04,-0.01138448957283849
2026-03-05,-0.0038224400994291492
2026-03-06,0.003764454710823141
2026-03-09,-0.012367480474002273
2026-03-10,0.005329884675696266
2026-03-11,-0.0018217941032801627
2026-03-12,0.0033096874393627653
2026-03-13,0.004215089591572463
2026-03-16,-0.00605169372791195
2026-03-17,-0.001108364696250995
2026-03-18,-0.006903860035245136
2026-03-19,0.0027420921037211916
2026-03-20,0.004489334625639101
2026-03-23,0.000319111965080638
2026-03-24,0.010419096385089983
2026-03-25,0.002928936200353347
2026-03-26,0.016811911398528192
2026-03-27,0.010201153079600083
2026-03-30,0.005446646896408701
2026-03-31,-0.013750106660019723
2026-04-01,-0.015779713415166506
2026-04-02,0.004478484299441226
2026-04-06,-0.0034868021119815714
2026-04-07,-0.007693773715118479
2026-04-08,-0.004741046267317131
2026-04-09,0.004964816119401666
2026-04-10,-0.0009072374042941397
2026-04-13,-0.016419849347778383
2026-04-14,-0.006954461201792321
2026-04-15,-0.006522587295178305
2026-04-16,0.000666979857327042
2026-04-17,-0.0060581462916534145
2026-04-20,-0.0011557027647181894
2026-04-21,-0.00337433510320838
2026-04-22,-0.014841534692084052
2026-04-23,0.015776525004552133
2026-04-24,-0.011059288229624252
2026-04-27,-0.004496127248483552
2026-04-28,0.011090309429716134
2026-04-29,0.006493633650292984
2026-04-30,-0.004620265158853531
2026-05-01,-0.010349488747554222
2026-05-04,-0.015158837167740311
2026-05-05,-0.0067598436626774465
2026-05-06,-0.0018536420020416379
2026-05-07,-0.004203234970558357
2026-05-08,-0.01400429279967524
2026-05-11,-0.011501003697804558
2026-05-12,0.01156744202187486
2026-05-13,0.0018284063014743675
2026-05-14,0.0016401791757047358
2026-05-15,0.002347251981136007
2026-05-18,0.01473265186152194
2026-05-19,0.003593924651012407
2026-05-20,-0.006995701220830438
2026-05-21,-0.0005766566054364009
2026-05-22,0.00036746094804468053
2026-05-26,-0.015451435053795336
2026-05-27,0.0003756390582682834
2026-05-28,-0.008280707128464624
2026-05-29,-0.013711004222480987
2026-06-01,-0.00893813628907358
2026-06-02,-0.002344025648691799
2026-06-03,-0.0037235682902081926
2026-06-04,0.0028432377402087252
2026-06-05,0.026030906054150333
2026-06-08,-0.009292242941179894
2026-06-09,0.009554992637860797
2026-06-10,0.013697481070867133
2026-06-11,-0.012198027028993075
2026-06-12,0.0004806096212336026
2026-06-15,-0.026885365809331388
2026-06-16,0.007168759918823329
2026-06-17,-0.010743065750678472
2026-06-18,-0.01074040748374482
2026-06-22,-0.0008336928755423833
2026-06-23,0.02369726404798412
2026-06-24,-0.002076067766731638
2026-06-25,-0.013676938434417514
2026-06-26,0.01152399602596613
2026-06-29,-0.019112001198307752
2026-06-30,-0.019066707012484963
2026-07-01,0.004510422520783351
2026-07-02,0.021006461841269242
2026-07-06,-0.01858928350851965
2026-07-07,0.019905244707914372
2026-07-08,-0.004730142782587009
2026-07-09,-0.009294035708294119
2026-07-10,0.005193386816704031
2026-07-13,0.01991489338486547
2026-07-14,-0.012671736821124558
2026-07-15,0.010954663018752456
2026-07-16,0.02637212751816522
2026-07-17,0.005743670169870937
2026-07-20,-0.006605853065730935
2026-07-21,-0.012533123312781629
2026-07-22,0.010614441632968085
2026-07-23,-0.001691227411143523
2026-07-24,0.01894267051378719
2026-07-27,0.007377112533541804
2026-07-28,0.019902610222631418
2026-07-29,0.020377819396652404
2026-07-30,-0.036288957859257585
2026-07-31,-0.0016714959558751933
2026-08-03,-0.00911767243027095
2026-08-04,-0.015853971284211562
2026-08-05,-0.0010360758866078768
2026-08-06,0.01195594797096223
2026-08-07,-0.007878713820193938
2026-08-10,0.0025263448044440797
2026-08-11,0.002450697963437456
2026-08-12,-0.0031591549894624724
2026-08-13,-0.001455367799518365
