,0
2006-01-03,0.028392111349671977
2006-01-04,0.29594528580822205
2006-01-05,0.028871235871612125
2006-01-06,0.034140613970233526
2006-01-09,0.03055131854066831
2006-01-10,0.03125120542673403
2006-01-11,0.028715128023154846
2006-01-12,0.029756177910302314
2006-01-13,0.0327628317283505
2006-01-17,0.02939323525958279
2006-01-18,0.031970116550272945
2006-01-19,0.029821627834093763
2006-01-20,0.028934669108845384
2006-01-23,0.028228614449934346
2006-01-24,0.027724975439042336
2006-01-25,0.031022415119942352
2006-01-26,0.033060332207179445
2006-01-27,0.033320404499864925
2006-01-30,0.03343903127100667
2006-01-31,0.031575070741640024
2006-02-01,0.031928390287483344
2006-02-02,0.0338248365996887
2006-02-03,0.03152707267239844
2006-02-06,0.030002116606417543
2006-02-07,0.0325053762958835
2006-02-08,0.036449672917457154
2006-02-09,0.029754966761284734
2006-02-10,0.03622800632501386
2006-02-13,0.0312890122240873
2006-02-14,0.0280658399188404
2006-02-15,0.031798442735157174
2006-02-16,0.03131734524304303
2006-02-17,0.028782946586963426
2006-02-21,0.028780348997454762
2006-02-22,0.028595822638612912
2006-02-23,0.032753530770594695
2006-02-24,0.031554169449556496
2006-02-27,0.028066793020105556
2006-02-28,0.03320124972297566
2006-03-01,0.02934931076195172
2006-03-02,0.03343156148435232
2006-03-03,0.027502528483799485
2006-03-06,0.031999042661217135
2006-03-07,0.03431841446847923
2006-03-08,0.030317299242833502
2006-03-09,0.02816607000955212
2006-03-10,0.03120523987898529
2006-03-13,0.030548745379871876
2006-03-14,0.028614918361378867
2006-03-15,0.03035798609525778
2006-03-16,0.031077417513420885
2006-03-17,0.03056019186863498
2006-03-20,0.030198359680066435
2006-03-21,0.03217708507651889
2006-03-22,0.031000486300174386
2006-03-23,0.03057515981037221
2006-03-24,0.03360739535445815
2006-03-27,0.029302549854587596
2006-03-28,0.02992494955499801
2006-03-29,0.03828910325230451
2006-03-30,0.03214966281209228
2006-03-31,0.03150252092281273
2006-04-03,0.03150285252588665
2006-04-04,0.03322522518314461
2006-04-05,0.03239913313643578
2006-04-06,0.03351155556384888
2006-04-07,0.028791360082450645
2006-04-10,0.03251272897147598
2006-04-11,0.030694443352419404
2006-04-12,0.02949932121206149
2006-04-13,0.03189002248639951
2006-04-17,0.035681469793370384
2006-04-18,0.03384286222116159
2006-04-19,0.033367666043111185
2006-04-20,0.032902643715188966
2006-04-21,0.030587202480209102
2006-04-24,0.03246336635939668
2006-04-25,0.03217681138263437
2006-04-26,0.028635642600154904
2006-04-27,0.0354252279700156
2006-04-28,0.03632043583667201
2006-05-01,0.03396540813234884
2006-05-02,0.03775085882300781
2006-05-03,0.03288466777932816
2006-05-04,0.03466494933757043
2006-05-05,0.03320345792715188
2006-05-08,0.03306112700916604
2006-05-09,0.03059771109055549
2006-05-10,0.03174316132408231
2006-05-11,0.03489940039755143
2006-05-12,0.031193765248299452
2006-05-15,0.03495922585604206
2006-05-16,0.035591802804897106
2006-05-17,0.03232672210816948
2006-05-18,0.03010461066113164
2006-05-19,0.036890102084639456
2006-05-22,0.03290092670763742
2006-05-23,0.03202272024352819
2006-05-24,0.03275862846685317
2006-05-25,0.036812576964720775
2006-05-26,0.03516204932079968
2006-05-30,0.031294757881143026
2006-05-31,0.03220526868235257
2006-06-01,0.03073416994588367
2006-06-02,0.0324926505019463
2006-06-05,0.03164352907867082
2006-06-06,0.033132644947992174
2006-06-07,0.032060681047918406
2006-06-08,0.037228484430035486
2006-06-09,0.029038466051877175
2006-06-12,0.03337631294388693
2006-06-13,0.03170439070045286
2006-06-14,0.03645516863528269
2006-06-15,0.030557199747579887
2006-06-16,0.03402921845840765
2006-06-19,0.03048911791413328
2006-06-20,0.03469887142858794
2006-06-21,0.03135722857710266
2006-06-22,0.03324821603289019
2006-06-23,0.03242860387148143
2006-06-26,0.03170968635315706
2006-06-27,0.033211444949111484
2006-06-28,0.029240142248223033
2006-06-29,0.03137203497308245
2006-06-30,0.03484332728403713
2006-07-03,0.031996713798824725
2006-07-05,0.03197495217399301
2006-07-06,0.03003670763672716
2006-07-07,0.030568071729638307
2006-07-10,0.03271187513081249
2006-07-11,0.03302429083681365
2006-07-12,0.03503315354211193
2006-07-13,0.033480018505163224
2006-07-14,0.033917041338053726
2006-07-17,0.033502492204417915
2006-07-18,0.03803614720612833
2006-07-19,0.032966959404099626
2006-07-20,0.03321776904956622
2006-07-21,0.03721947708110998
2006-07-24,0.04051293316621346
2006-07-25,0.03515475339345711
2006-07-26,0.03547872996585445
2006-07-27,0.03523398090576923
2006-07-28,0.03505830845214166
2006-07-31,0.03610414969302154
2006-08-01,0.034694536326077385
2006-08-02,0.04027324142046333
2006-08-03,0.035257911727578424
2006-08-04,0.045590456457328093
2006-08-07,0.03773775730850057
2006-08-08,0.03641943447886574
2006-08-09,0.03804633543333241
2006-08-10,0.03701689719745643
2006-08-11,0.035362779435611606
2006-08-14,0.03714974779196758
2006-08-15,0.038767240565402206
2006-08-16,0.03808959194734744
2006-08-17,0.03876124041965763
2006-08-18,0.03813731001257793
2006-08-21,0.03866229792632591
2006-08-22,0.04035850431683965
2006-08-23,0.03817779699867655
2006-08-24,0.03691597481386935
2006-08-25,0.041498447894526884
2006-08-28,0.036843784109165556
2006-08-29,0.03898271430429858
2006-08-30,0.03756153882091801
2006-08-31,0.03759703712350902
2006-09-01,0.03620303137358097
2006-09-05,0.038235338301820285
2006-09-06,0.03789739960870473
2006-09-07,0.038237796301907614
2006-09-08,0.03554938884774282
2006-09-11,0.03956896792361857
2006-09-12,0.03900448592971202
2006-09-13,0.0374536843978289
2006-09-14,0.03269845789168569
2006-09-15,0.03184685046290764
2006-09-18,0.035185682962190226
2006-09-19,0.03835906515687856
2006-09-20,0.0346091517896766
2006-09-21,0.035821910811366736
2006-09-22,0.03284355386428737
2006-09-25,0.03590318047798236
2006-09-26,0.03377331328352899
2006-09-27,0.03414943644257871
2006-09-28,0.032799611399112104
2006-09-29,0.0318012681000893
2006-10-02,0.032850717146960196
2006-10-03,0.0321577886051394
2006-10-04,0.036331143440150385
2006-10-05,0.03127991469029891
2006-10-06,0.03076370280193807
2006-10-09,0.02936478103080655
2006-10-10,0.030836552563474347
2006-10-11,0.030609917863779222
2006-10-12,0.03092958780492582
2006-10-13,0.030898549742647562
2006-10-16,0.0354663511376291
2006-10-17,0.03315311328213408
2006-10-18,0.03366135707078212
2006-10-19,0.034572521252356686
2006-10-20,0.03448452677678586
2006-10-23,0.03604324118576637
2006-10-24,0.031391510676458845
2006-10-25,0.03364121355303994
2006-10-26,0.03268347790145718
2006-10-27,0.03227500044873009
2006-10-30,0.03400977917201795
2006-10-31,0.03303426641355746
2006-11-01,0.03458261812594304
2006-11-02,0.035706175492449053
2006-11-03,0.03426436265183771
2006-11-06,0.032563828069947884
2006-11-07,0.033533843515530834
2006-11-08,0.032672309872700145
2006-11-09,0.03432441771122418
2006-11-10,0.03705822343302262
2006-11-13,0.0353918304941079
2006-11-14,0.03539177784385931
2006-11-15,0.03362299805450124
2006-11-16,0.03553709373678857
2006-11-17,0.038094802412035354
2006-11-20,0.03376041304074499
2006-11-21,0.03136307477341233
2006-11-22,0.034402160148922195
2006-11-24,0.03281089471515078
2006-11-27,0.0336516412252662
2006-11-28,0.03602538493279642
2006-11-29,0.03712819021766899
2006-11-30,0.03231367842619701
2006-12-01,0.03534419325620799
2006-12-04,0.034236139794717735
2006-12-05,0.03650574141060826
2006-12-06,0.033593479251555966
2006-12-07,0.0328384449599656
2006-12-08,0.034805388765201506
2006-12-11,0.03402177019238588
2006-12-12,0.037979681809466426
2006-12-13,0.03618677099545386
2006-12-14,0.03523763777372067
2006-12-15,0.034206890594474536
2006-12-18,0.03855659620968778
2006-12-19,0.035896866053457835
2006-12-20,0.03685629700595219
2006-12-21,0.03598798492432289
2006-12-22,0.03645120853848573
2006-12-26,0.03274226160511655
2006-12-27,0.03354021696235697
2006-12-28,0.0344289670743024
2006-12-29,0.03439492767139662
2007-01-03,0.02885431387293621
2007-01-04,0.38766408411405906
2007-01-05,0.034165023483812874
2007-01-08,0.0280840324233812
2007-01-09,0.030412571895297044
2007-01-10,0.02997349603707279
2007-01-11,0.02983146159008719
2007-01-12,0.028485405138345805
2007-01-16,0.03127006450677869
2007-01-17,0.029589115003951984
2007-01-18,0.030037804614827784
2007-01-19,0.029893484643333367
2007-01-22,0.032773920653325087
2007-01-23,0.0327127178263171
2007-01-24,0.03179055233049642
2007-01-25,0.032343225814321266
2007-01-26,0.030221396168428193
2007-01-29,0.030923134494766514
2007-01-30,0.030293636756016734
2007-01-31,0.034183822291484596
2007-02-01,0.03234483791419456
2007-02-02,0.035111265303809105
2007-02-05,0.030423922232078952
2007-02-06,0.03534970767298606
2007-02-07,0.03238865290160911
2007-02-08,0.032424360053280296
2007-02-09,0.03129566985283378
2007-02-12,0.03141888150082202
2007-02-13,0.03150891476207515
2007-02-14,0.03282719337697417
2007-02-15,0.031400390134411316
2007-02-16,0.03063047616326465
2007-02-20,0.03364390082709881
2007-02-21,0.03288299197419698
2007-02-22,0.03468727526174474
2007-02-23,0.032519523765220895
2007-02-26,0.032664453996567
2007-02-27,0.03220472655320419
2007-02-28,0.03401368971459727
2007-03-01,0.03541395813040237
2007-03-02,0.03158512336129729
2007-03-05,0.033743565983305586
2007-03-06,0.03325472632575021
2007-03-07,0.0328307173270367
2007-03-08,0.03456940883568084
2007-03-09,0.03271479679899622
2007-03-12,0.028225555960114668
2007-03-13,0.03044192849040054
2007-03-14,0.03042769392732853
2007-03-15,0.031150573261575925
2007-03-16,0.031474824326579456
2007-03-19,0.031334631599631464
2007-03-20,0.031793891986953246
2007-03-21,0.030314858071023895
2007-03-22,0.02931847950733485
2007-03-23,0.033086740381483314
2007-03-26,0.030177012182115222
2007-03-27,0.02905647670654735
2007-03-28,0.029894660887378327
2007-03-29,0.027971111882870277
2007-03-30,0.028869039675389025
2007-04-02,0.027536143616069576
2007-04-03,0.028660126039793184
2007-04-04,0.02841033362235088
2007-04-05,0.028029200439176997
2007-04-09,0.026584935220804084
2007-04-10,0.027793948102233963
2007-04-11,0.028263525484565642
2007-04-12,0.02594921678596072
2007-04-13,0.02702903423336126
2007-04-16,0.028097078647870553
2007-04-17,0.031160922033846794
2007-04-18,0.025642871453071054
2007-04-19,0.027969467112113098
2007-04-20,0.027384527055727484
2007-04-23,0.028511796809016585
2007-04-24,0.0272267879542497
2007-04-25,0.026191935382161975
2007-04-26,0.02487324533357976
2007-04-27,0.028539305299109356
2007-04-30,0.02657454632361749
2007-05-01,0.026696510316881493
2007-05-02,0.027189532097881233
2007-05-03,0.027368563691439064
2007-05-04,0.028692907923414057
2007-05-07,0.028104193568082345
2007-05-08,0.02855212824092978
2007-05-09,0.02794814110587277
2007-05-10,0.026495929767188654
2007-05-11,0.029047336731775328
2007-05-14,0.02681214175935264
2007-05-15,0.02534944365054379
2007-05-16,0.02793000908181268
2007-05-17,0.026483649486903342
2007-05-18,0.028560924483182076
2007-05-21,0.025850817866179085
2007-05-22,0.025162097440471272
2007-05-23,0.026047196979004907
2007-05-24,0.0261040253981654
2007-05-25,0.025774536961226054
2007-05-29,0.026986159521018467
2007-05-30,0.026222426785755776
2007-05-31,0.027607884827917546
2007-06-01,0.025647341756419646
2007-06-04,0.026097127450302744
2007-06-05,0.027060508118817113
2007-06-06,0.02637529449845713
2007-06-07,0.026815652010839235
2007-06-08,0.025514736764950363
2007-06-11,0.026765802571099447
2007-06-12,0.026178136518672464
2007-06-13,0.02502561569330898
2007-06-14,0.02513155864535819
2007-06-15,0.02640154883186687
2007-06-18,0.02752938937016485
2007-06-19,0.02851288173800707
2007-06-20,0.025978866505952446
2007-06-21,0.027505428759890746
2007-06-22,0.028926110096483694
2007-06-25,0.030706575207048333
2007-06-26,0.025767875097047782
2007-06-27,0.02554405512950224
2007-06-28,0.02707216377978717
2007-06-29,0.02583409866127024
2007-07-02,0.028474373322518093
2007-07-03,0.025683095007593727
2007-07-05,0.023943653895115477
2007-07-06,0.025205521023624174
2007-07-09,0.02554738368555717
2007-07-10,0.0262845687147757
2007-07-11,0.02782851737237184
2007-07-12,0.02402175180584288
2007-07-13,0.027154593503491094
2007-07-16,0.026717864787545474
2007-07-17,0.02370406622258478
2007-07-18,0.025137385667074894
2007-07-19,0.028359539096751568
2007-07-20,0.02791175127624711
2007-07-23,0.0273104459806231
2007-07-24,0.02485721247879147
2007-07-25,0.026676993691312142
2007-07-26,0.02412766394979786
2007-07-27,0.024011075953569574
2007-07-30,0.02248585178013935
2007-07-31,0.025134945882857675
2007-08-01,0.022496123004555012
2007-08-02,0.028922566737802632
2007-08-03,0.026259879140279337
2007-08-06,0.030266668734027925
2007-08-07,0.025710863000556694
2007-08-08,0.026785182672462046
2007-08-09,0.027131504570443526
2007-08-10,0.028568147251772587
2007-08-13,0.02866842681734937
2007-08-14,0.02813199057038869
2007-08-15,0.02471961990848824
2007-08-16,0.02598798365713397
2007-08-17,0.027985683618525558
2007-08-20,0.025138551539566675
2007-08-21,0.02549808213101401
2007-08-22,0.023990252175193804
2007-08-23,0.024910071446027606
2007-08-24,0.020012013762018114
2007-08-27,0.022929395776843817
2007-08-28,0.02256984477519123
2007-08-29,0.024298186181558094
2007-08-30,0.023282440159286773
2007-08-31,0.02295301585146261
2007-09-04,0.020887898983962747
2007-09-05,0.024013628982028017
2007-09-06,0.022405573043974537
2007-09-07,0.02570041534442776
2007-09-10,0.020349751436782304
2007-09-11,0.023620412114386806
2007-09-12,0.021615724323274875
2007-09-13,0.0241884262507851
2007-09-14,0.02168969395452696
2007-09-17,0.02298476979021988
2007-09-18,0.021389809005963867
2007-09-19,0.024997422672562584
2007-09-20,0.022637457753529433
2007-09-21,0.024843397372668895
2007-09-24,0.023672313080463553
2007-09-25,0.02529908039124124
2007-09-26,0.023954489452866594
2007-09-27,0.023553123848906378
2007-09-28,0.02583676389853115
2007-10-01,0.02172684710739626
2007-10-02,0.020414264033760312
2007-10-03,0.02255275749275022
2007-10-04,0.021629300870397557
2007-10-05,0.02258722130570354
2007-10-08,0.02159821982404194
2007-10-09,0.02541029975979727
2007-10-10,0.023084808782082192
2007-10-11,0.024474296936001207
2007-10-12,0.027695628297390314
2007-10-15,0.024394236176542204
2007-10-16,0.027696935501326722
2007-10-17,0.025475657053485326
2007-10-18,0.02708470930819821
2007-10-19,0.026509772359851767
2007-10-22,0.02348517985344402
2007-10-23,0.02416150436160806
2007-10-24,0.024326885466791986
2007-10-25,0.02724141586830779
2007-10-26,0.029432529423670282
2007-10-29,0.026880588624700434
2007-10-30,0.02521359017426895
2007-10-31,0.025808968609028125
2007-11-01,0.027210330200256014
2007-11-02,0.029313591893220713
2007-11-05,0.02915076126233682
2007-11-06,0.025109461746785983
2007-11-07,0.027688346195192656
2007-11-08,0.02795109400369993
2007-11-09,0.02674967743082951
2007-11-12,0.028281463734294878
2007-11-13,0.0393145173942779
2007-11-14,0.03124919383928433
2007-11-15,0.02475860895446483
2007-11-16,0.025206882837751327
2007-11-19,0.023816288639557398
2007-11-20,0.02617441789536357
2007-11-21,0.03388666278554488
2007-11-23,0.026200632372723614
2007-11-26,0.023570786840880542
2007-11-27,0.024639509895937363
2007-11-28,0.02429881944770728
2007-11-29,0.023557900208919506
2007-11-30,0.021209966000656853
2007-12-03,0.028544302348121418
2007-12-04,0.02535130879465555
2007-12-05,0.02702023257142098
2007-12-06,0.025321967818899317
2007-12-07,0.02862882971858771
2007-12-10,0.02348950168925816
2007-12-11,0.02322379802513082
2007-12-12,0.02886582154959477
2007-12-13,0.024852097588668447
2007-12-14,0.024567464537201072
2007-12-17,0.021837613187723273
2007-12-18,0.021153122997503507
2007-12-19,0.021568478829430738
2007-12-20,0.021649182381459277
2007-12-21,0.023787624532573135
2007-12-24,0.02359231226295773
2007-12-26,0.019518799243717966
2007-12-27,0.021052457821376908
2007-12-28,0.02052119984727718
2007-12-31,0.021298937248960523
2008-01-02,0.020028575742353543
2008-01-03,0.2603523562270161
2008-01-04,0.023298638483012828
2008-01-07,0.02369126776603996
2008-01-08,0.029174722642630508
2008-01-09,0.03120090064723754
2008-01-10,0.024972699349758497
2008-01-11,0.028718403348808062
2008-01-14,0.03146748325485216
2008-01-15,0.023736132813361663
2008-01-16,0.02706855797494994
2008-01-17,0.03888780434175233
2008-01-18,0.03397546314889211
2008-01-22,0.03028376129609745
2008-01-23,0.0452073030232397
2008-01-24,0.04843260626970238
2008-01-25,0.03447668444765837
2008-01-28,0.02732518075709808
2008-01-29,0.023915641864186033
2008-01-30,0.027749826488142906
2008-01-31,0.027539636443290754
2008-02-01,0.03011733882250283
2008-02-04,0.029843430727005654
2008-02-05,0.028332338702144685
2008-02-06,0.023392886230215546
2008-02-07,0.027457007123684804
2008-02-08,0.030310190709281117
2008-02-11,0.030089304115024033
2008-02-12,0.033287360494222
2008-02-13,0.02548883574184687
2008-02-14,0.023602748853316348
2008-02-15,0.02396435683207621
2008-02-19,0.022930247447531228
2008-02-20,0.026725771683713304
2008-02-21,0.024438964314421777
2008-02-22,0.020683985037161536
2008-02-25,0.022391964657206005
2008-02-26,0.027155255001080805
2008-02-27,0.026111385675997505
2008-02-28,0.024841725709895183
2008-02-29,0.03243770911944502
2008-03-03,0.02391048135508022
2008-03-04,0.024562350313722944
2008-03-05,0.027771251968584522
2008-03-06,0.026486880808225595
2008-03-07,0.02612531605781663
2008-03-10,0.02556739246846348
2008-03-11,0.030604719141031897
2008-03-12,0.03706785632145245
2008-03-13,0.024013404728058543
2008-03-14,0.027696531874156174
2008-03-17,0.021287453487183125
2008-03-18,0.03212365168623195
2008-03-19,0.03931396537681103
2008-03-20,0.03343984590776772
2008-03-24,0.03697465742395924
2008-03-25,0.0323391402566074
2008-03-26,0.02539732187077272
2008-03-27,0.032073375623864406
2008-03-28,0.02537913412261058
2008-03-31,0.02646065732758201
2008-04-01,0.024983138905098012
2008-04-02,0.03529424804712416
2008-04-03,0.02646343261878938
2008-04-04,0.026459960709754708
2008-04-07,0.026946661940555814
2008-04-08,0.02454176992721491
2008-04-09,0.024397961140287916
2008-04-10,0.02652172526036302
2008-04-11,0.0270846414362172
2008-04-14,0.020420999980284186
2008-04-15,0.027859474997841138
2008-04-16,0.02453464935668451
2008-04-17,0.030191384060471723
2008-04-18,0.02839458418220019
2008-04-21,0.030934876499017674
2008-04-22,0.02911719971509135
2008-04-23,0.02567773444467656
2008-04-24,0.03258369674007693
2008-04-25,0.03381021246300004
2008-04-28,0.02761515006689525
2008-04-29,0.02591786481240716
2008-04-30,0.030131135635735405
2008-05-01,0.025602017455869115
2008-05-02,0.03395118213234449
2008-05-05,0.02494796869205219
2008-05-06,0.02789336683791178
2008-05-07,0.0294968513619916
2008-05-08,0.02621013928858678
2008-05-09,0.025066788371182307
2008-05-12,0.0247922033408811
2008-05-13,0.027953306645197174
2008-05-14,0.02909865973097705
2008-05-15,0.02780297220138835
2008-05-16,0.027978077504349736
2008-05-19,0.028094299866951965
2008-05-20,0.026956024490639725
2008-05-21,0.027634747173914138
2008-05-22,0.03191794524185732
2008-05-23,0.02566721530016909
2008-05-27,0.027275101593341698
2008-05-28,0.029849624603217863
2008-05-29,0.028601015980638772
2008-05-30,0.030411205334403817
2008-06-02,0.026441884954928174
2008-06-03,0.026117237919316673
2008-06-04,0.026466412473190638
2008-06-05,0.029261064711455835
2008-06-06,0.02981330865600015
2008-06-09,0.02645856814801914
2008-06-10,0.03016247827050499
2008-06-11,0.027020677472321328
2008-06-12,0.025109156776261344
2008-06-13,0.03509864263625861
2008-06-16,0.02803886170156605
2008-06-17,0.0257220176433894
2008-06-18,0.029722565184885585
2008-06-19,0.02598226880007285
2008-06-20,0.02746939612208435
2008-06-23,0.025356154545945954
2008-06-24,0.03407075856385702
2008-06-25,0.02732716524032657
2008-06-26,0.022715959107772608
2008-06-27,0.02727972708242923
2008-06-30,0.02454161909706751
2008-07-01,0.028926758775511735
2008-07-02,0.026912508664584
2008-07-03,0.03094009827946774
2008-07-07,0.029055224175007242
2008-07-08,0.031059253489059427
2008-07-09,0.04028523496716516
2008-07-10,0.034947762812810264
2008-07-11,0.035095326732557254
2008-07-14,0.02806515392507703
2008-07-15,0.03454891924621111
2008-07-16,0.04318658231960077
2008-07-17,0.06456178728301451
2008-07-18,0.049933987279012056
2008-07-21,0.031444587775198284
2008-07-22,0.034148674093756444
2008-07-23,0.04519284840688696
2008-07-24,0.040073025004871844
2008-07-25,0.043051840392288196
2008-07-28,0.029056895264707568
2008-07-29,0.03593834066247168
2008-07-30,0.0400606376623827
2008-07-31,0.031471685625925276
2008-08-01,0.03472077137794696
2008-08-04,0.034699855636390504
2008-08-05,0.034109114251100005
2008-08-06,0.03398015537684508
2008-08-07,0.03407091125673973
2008-08-08,0.036188472124357655
2008-08-11,0.0330512310528438
2008-08-12,0.030836862230831333
2008-08-13,0.030649977339273153
2008-08-14,0.035615900384822236
2008-08-15,0.0298080114536139
2008-08-18,0.031001741594986518
2008-08-19,0.03371828653856278
2008-08-20,0.030701964053296095
2008-08-21,0.03853882283349994
2008-08-22,0.027577825743362906
2008-08-25,0.02945254949539798
2008-08-26,0.027534260692038008
2008-08-27,0.0245080960878198
2008-08-28,0.026527704886094072
2008-08-29,0.03670255377429656
2008-09-02,0.028093232810360837
2008-09-03,0.04103639624025168
2008-09-04,0.028748212599348587
2008-09-05,0.02722830182187497
2008-09-08,0.029913996867031025
2008-09-09,0.0738887742370753
2008-09-10,0.04591192151015697
2008-09-11,0.03968607854958119
2008-09-12,0.09119530819892789
2008-09-15,0.035712915726307394
2008-09-16,0.05999456987442717
2008-09-17,0.040601260554495186
2008-09-18,0.0506937611145176
2008-09-19,0.048210415679328364
2008-09-22,0.05831932826184797
2008-09-23,0.0414015925005697
2008-09-24,0.03131709723808357
2008-09-25,0.03846188828093029
2008-09-26,0.037728641925301024
2008-09-29,0.04021283626281778
2008-09-30,0.054657712571870846
2008-10-01,0.05469414565650557
2008-10-02,0.046110677504086886
2008-10-03,0.04713278139003033
2008-10-06,0.03299614205197397
2008-10-07,0.03788768454173576
2008-10-08,0.046135208074528984
2008-10-09,0.045604797890138146
2008-10-10,0.055462552798453905
2008-10-13,0.0627043100299029
2008-10-14,0.060826855183807954
2008-10-15,0.060324265926313035
2008-10-16,0.05258899848041586
2008-10-17,0.03945391631121589
2008-10-20,0.041256113818648354
2008-10-21,0.038835368901598784
2008-10-22,0.035780555870866544
2008-10-23,0.04674880609895357
2008-10-24,0.04379674695283928
2008-10-27,0.04160480833838843
2008-10-28,0.04850987002494156
2008-10-29,0.046494663053993676
2008-10-30,0.04047139804200826
2008-10-31,0.05204075959918816
2008-11-03,0.044361594222778515
2008-11-04,0.04135778474085117
2008-11-05,0.03719228245008368
2008-11-06,0.03661104774914276
2008-11-07,0.03671100831006939
2008-11-10,0.03420604431196833
2008-11-11,0.03944550392356232
2008-11-12,0.030283638528412128
2008-11-13,0.03580621610101273
2008-11-14,0.04172656826735703
2008-11-17,0.03388846525800371
2008-11-18,0.03754319273995752
2008-11-19,0.03855006912090454
2008-11-20,0.048561668152747345
2008-11-21,0.05636309016289989
2008-11-24,0.059164378291907765
2008-11-25,0.05919175680723059
2008-11-26,0.048526664076060405
2008-11-28,0.03844570029881801
2008-12-01,0.03617214595273788
2008-12-02,0.053475925796616676
2008-12-03,0.04022121912697439
2008-12-04,0.0405662873188414
2008-12-05,0.042625382428860964
2008-12-08,0.04193501374353535
2008-12-09,0.04699172266788039
2008-12-10,0.041077565553817794
2008-12-11,0.039143318233091556
2008-12-12,0.03641933981431987
2008-12-15,0.030227802744202895
2008-12-16,0.034653719611395364
2008-12-17,0.040406142192002226
2008-12-18,0.031019737717057537
2008-12-19,0.039407136561847494
2008-12-22,0.03367721761699289
2008-12-23,0.034720014338690826
2008-12-24,0.026740954073075692
2008-12-26,0.022430475197034026
2008-12-29,0.06893223211977573
2008-12-30,0.028148460277101807
2008-12-31,0.02483480572531276
2009-01-02,0.02948963241882561
2009-01-05,0.2651639938489654
2009-01-06,0.042065406047469625
2009-01-07,0.04701326197472946
2009-01-08,0.04258639264653198
2009-01-09,0.0473347879108424
2009-01-12,0.040045418706850584
2009-01-13,0.04860463574460004
2009-01-14,0.03629534469874256
2009-01-15,0.04023263286858209
2009-01-16,0.04078376499198949
2009-01-20,0.03873667747710978
2009-01-21,0.06047624299527199
2009-01-22,0.06175090656825511
2009-01-23,0.05318605844412881
2009-01-26,0.04649698565503328
2009-01-27,0.03901533052799727
2009-01-28,0.04040606417194873
2009-01-29,0.053065951272975795
2009-01-30,0.0423391925709577
2009-02-02,0.04054257667334644
2009-02-03,0.03801607535681696
2009-02-04,0.04783271713224726
2009-02-05,0.04516992156163712
2009-02-06,0.043933136145057824
2009-02-09,0.04956221429565945
2009-02-10,0.04057326277126296
2009-02-11,0.04409862054641063
2009-02-12,0.03919643851547781
2009-02-13,0.04553656758237813
2009-02-17,0.03859615615393119
2009-02-18,0.04514473777435237
2009-02-19,0.03905447940918199
2009-02-20,0.06089211007861265
2009-02-23,0.04736122722490252
2009-02-24,0.055956611199436526
2009-02-25,0.050887221379837165
2009-02-26,0.05925987370290444
2009-02-27,0.07255516864831824
2009-03-02,0.06709023977480683
2009-03-03,0.06648993712485723
2009-03-04,0.04858532987162779
2009-03-05,0.05009607145856587
2009-03-06,0.06168883356860127
2009-03-09,0.05224615211710963
2009-03-10,0.04751597662829772
2009-03-11,0.06756787242700953
2009-03-12,0.05436130474694277
2009-03-13,0.053923496095171844
2009-03-16,0.057382936097811185
2009-03-17,0.06588497914309342
2009-03-18,0.04887884980287788
2009-03-19,0.060928257361687166
2009-03-20,0.062614484082283
2009-03-23,0.05320643687804552
2009-03-24,0.05350858588554694
2009-03-25,0.04507714901493588
2009-03-26,0.045021738874657304
2009-03-27,0.049098977835079376
2009-03-30,0.05934360886789514
2009-03-31,0.04615451860731019
2009-04-01,0.04395589379851535
2009-04-02,0.04859413286359488
2009-04-03,0.05337495478842143
2009-04-06,0.052040533967099525
2009-04-07,0.04567128766714873
2009-04-08,0.04947961394001395
2009-04-09,0.05211725693102276
2009-04-13,0.061715444676479284
2009-04-14,0.05352543352706055
2009-04-15,0.058286347485643646
2009-04-16,0.04732115892977372
2009-04-17,0.051102120191069494
2009-04-20,0.04851398443800898
2009-04-21,0.06329337988377609
2009-04-22,0.07028896699965569
2009-04-23,0.06824747337586523
2009-04-24,0.0626726172018427
2009-04-27,0.05709478916770008
2009-04-28,0.04943891003505902
2009-04-29,0.04711162802197562
2009-04-30,0.05135518201480117
2009-05-01,0.054212379939336225
2009-05-04,0.051534491115829174
2009-05-05,0.046884959109179274
2009-05-06,0.057759804921586194
2009-05-07,0.05288560885416279
2009-05-08,0.0562621162378357
2009-05-11,0.05711314882393409
2009-05-12,0.04658651003202434
2009-05-13,0.04871960751616339
2009-05-14,0.04803641233115351
2009-05-15,0.049235705292524024
2009-05-18,0.04007646791736733
2009-05-19,0.044370642988740217
2009-05-20,0.04674388251420107
2009-05-21,0.05486626358620779
2009-05-22,0.04949348887864678
2009-05-26,0.05717487051928099
2009-05-27,0.0434890138978368
2009-05-28,0.04588440346535808
2009-05-29,0.04045140804611591
2009-06-01,0.04319601018332756
2009-06-02,0.04492105554088943
2009-06-03,0.06053246803788549
2009-06-04,0.03854188136275137
2009-06-05,0.04920466295211085
2009-06-08,0.03904442238273198
2009-06-09,0.037574343712114544
2009-06-10,0.039119579474607494
2009-06-11,0.03310456009557569
2009-06-12,0.03529740582927441
2009-06-15,0.04000030710602814
2009-06-16,0.03481565764077514
2009-06-17,0.033824382359049374
2009-06-18,0.03964757523668261
2009-06-19,0.03773498462886454
2009-06-22,0.03299457496562071
2009-06-23,0.04452125275132027
2009-06-24,0.04099922356786598
2009-06-25,0.037958382271323116
2009-06-26,0.04207972841662004
2009-06-29,0.052262686580950395
2009-06-30,0.04090260364214139
2009-07-01,0.03863270986284249
2009-07-02,0.03809572920646096
2009-07-06,0.03580331068028021
2009-07-07,0.034452679187053185
2009-07-08,0.032668340575051844
2009-07-09,0.04628668189813615
2009-07-10,0.0358016869801709
2009-07-13,0.03490089618168129
2009-07-14,0.037171223159089516
2009-07-15,0.03259931715413712
2009-07-16,0.0342144025602376
2009-07-17,0.03336175666384483
2009-07-20,0.03128914520510679
2009-07-21,0.03611629452779635
2009-07-22,0.03691539105271739
2009-07-23,0.044584887620885236
2009-07-24,0.04740135213587375
2009-07-27,0.0332011239706363
2009-07-28,0.03960043303068278
2009-07-29,0.042352977949571644
2009-07-30,0.04673309595607612
2009-07-31,0.058693933904536186
2009-08-03,0.04421662369219606
2009-08-04,0.03566829855090512
2009-08-05,0.05124486599304295
2009-08-06,0.052224187734818246
2009-08-07,0.03717919922163371
2009-08-10,0.03775557542582312
2009-08-11,0.03599265377844732
2009-08-12,0.03261244941408574
2009-08-13,0.035657901902156466
2009-08-14,0.04167147259052214
2009-08-17,0.03740518812612477
2009-08-18,0.04840924730184529
2009-08-19,0.034872287563840094
2009-08-20,0.031610582727144274
2009-08-21,0.03864750155193994
2009-08-24,0.03223678588382825
2009-08-25,0.0339209473617684
2009-08-26,0.04055846283462247
2009-08-27,0.035522865970900167
2009-08-28,0.03985358025558796
2009-08-31,0.03516545030518678
2009-09-01,0.03760810710215919
2009-09-02,0.03740018927413726
2009-09-03,0.03290019157232869
2009-09-04,0.04031604257277843
2009-09-08,0.03097642977762385
2009-09-09,0.04182925664946869
2009-09-10,0.03477091282558739
2009-09-11,0.03453679790077766
2009-09-14,0.040423072735668863
2009-09-15,0.030377503785858878
2009-09-16,0.03527693977411373
2009-09-17,0.044165754504903385
2009-09-18,0.04398305200212081
2009-09-21,0.038389963264196386
2009-09-22,0.03408986662740985
2009-09-23,0.03454502335237026
2009-09-24,0.034037553988328
2009-09-25,0.03545417512471494
2009-09-28,0.03315063817662996
2009-09-29,0.031180673261809573
2009-09-30,0.03516792030667637
2009-10-01,0.031804308179950884
2009-10-02,0.030736773356918906
2009-10-05,0.03500646624222601
2009-10-06,0.034120217789101556
2009-10-07,0.029647807824726258
2009-10-08,0.035184872287930644
2009-10-09,0.05067599218945834
2009-10-12,0.028169022271656734
2009-10-13,0.022144353262757183
2009-10-14,0.027196656917002255
2009-10-15,0.029532295229679248
2009-10-16,0.03380015422727069
2009-10-19,0.0295814577106055
2009-10-20,0.028246129774060727
2009-10-21,0.03685006214848875
2009-10-22,0.041159161092897044
2009-10-23,0.03891943079443669
2009-10-26,0.03788502420338793
2009-10-27,0.03610520091500502
2009-10-28,0.03763974913426635
2009-10-29,0.042675956969574325
2009-10-30,0.039239079594883805
2009-11-02,0.03241266817474212
2009-11-03,0.02827482980922527
2009-11-04,0.03574524366947658
2009-11-05,0.03667981862834214
2009-11-06,0.053791381885227196
2009-11-09,0.036291833666623675
2009-11-10,0.042432943303066906
2009-11-11,0.041360606542299345
2009-11-12,0.029194325302989564
2009-11-13,0.031394147329361896
2009-11-16,0.028715912671411957
2009-11-17,0.0369788120124573
2009-11-18,0.03690039596909846
2009-11-19,0.03564616301686453
2009-11-20,0.035937223738766275
2009-11-23,0.028019344652811775
2009-11-24,0.02869386300335687
2009-11-25,0.032706677370389445
2009-11-27,0.03515803434201083
2009-11-30,0.03120307297570226
2009-12-01,0.031065235932916446
2009-12-02,0.02561006175083435
2009-12-03,0.03262085269998212
2009-12-04,0.03298270910481706
2009-12-07,0.03213667551884053
2009-12-08,0.029641842073129365
2009-12-09,0.033580899800717635
2009-12-10,0.029191178024258527
2009-12-11,0.03428611573293972
2009-12-14,0.030909004839413362
2009-12-15,0.03241557080626602
2009-12-16,0.03607991264005763
2009-12-17,0.04167984249203417
2009-12-18,0.03031213184069858
2009-12-21,0.04194258315757775
2009-12-22,0.0396326481298165
2009-12-23,0.023870145907837766
2009-12-24,0.024900334659808725
2009-12-28,0.02443415867896574
2009-12-29,0.024931493009492676
2009-12-30,0.02004048170236046
2009-12-31,0.02666009552860991
2010-01-04,0.022644591875845117
2010-01-05,0.23948204139306734
2010-01-06,0.0327765798937701
2010-01-07,0.031505097804152844
2010-01-08,0.03118108399476019
2010-01-11,0.03214564552621181
2010-01-12,0.030796449727612515
2010-01-13,0.031214852389073896
2010-01-14,0.02805929375672065
2010-01-15,0.03035455158885863
2010-01-19,0.029314018096172297
2010-01-20,0.027605222970981516
2010-01-21,0.028719402623823317
2010-01-22,0.031230992437408206
2010-01-25,0.03165611180337807
2010-01-26,0.026805780815359816
2010-01-27,0.03069836144322897
2010-01-28,0.02944142666656624
2010-01-29,0.03171317977635392
2010-02-01,0.03429732893897966
2010-02-02,0.031671037682699174
2010-02-03,0.03073217713995704
2010-02-04,0.03037427994276941
2010-02-05,0.03229075305499647
2010-02-08,0.030439739485521478
2010-02-09,0.031066198206931253
2010-02-10,0.031627562495366905
2010-02-11,0.03508673474283562
2010-02-12,0.03650904131064635
2010-02-16,0.03127271037687543
2010-02-17,0.03062273166259384
2010-02-18,0.03182829098512956
2010-02-19,0.030137535066079878
2010-02-22,0.029323355802852218
2010-02-23,0.02843399431123639
2010-02-24,0.03204175221184753
2010-02-25,0.03149120310507291
2010-02-26,0.030674470034986457
2010-03-01,0.032374564868771424
2010-03-02,0.03227390408551464
2010-03-03,0.031237888664637208
2010-03-04,0.030483116470085485
2010-03-05,0.031653620948087324
2010-03-08,0.032394916880767975
2010-03-09,0.030834108306154944
2010-03-10,0.034236994188226
2010-03-11,0.03463606844216793
2010-03-12,0.03115541644524833
2010-03-15,0.030760214712591064
2010-03-16,0.03164440561971171
2010-03-17,0.030192638094862126
2010-03-18,0.03255172712941876
2010-03-19,0.030157711493235918
2010-03-22,0.031356770869693136
2010-03-23,0.03135541111228484
2010-03-24,0.030996152075465064
2010-03-25,0.029714230599323214
2010-03-26,0.03110716465817771
2010-03-29,0.030926821493329842
2010-03-30,0.03429715716637075
2010-03-31,0.03124465455572328
2010-04-01,0.033745069877114835
2010-04-05,0.03229078706300125
2010-04-06,0.032815882147238386
2010-04-07,0.02874897851601438
2010-04-08,0.03697744217591721
2010-04-09,0.03380781294625877
2010-04-12,0.03093395500175821
2010-04-13,0.03027031921945778
2010-04-14,0.03461961799298027
2010-04-15,0.03486161676439944
2010-04-16,0.032482195423958096
2010-04-19,0.03230907389589828
2010-04-20,0.033840097644033194
2010-04-21,0.033351061978162094
2010-04-22,0.03311992516286795
2010-04-23,0.03631487970761767
2010-04-26,0.03133375674269471
2010-04-27,0.03246368065431098
2010-04-28,0.03387596531023517
2010-04-29,0.03165581301296522
2010-04-30,0.03592479783320044
2010-05-03,0.03675156195310911
2010-05-04,0.036340868580189534
2010-05-05,0.03252943870853012
2010-05-06,0.034431068776989926
2010-05-07,0.03317234917096049
2010-05-10,0.03280142439045718
2010-05-11,0.03650018361891903
2010-05-12,0.03541439995127019
2010-05-13,0.03378155923945048
2010-05-14,0.03454165858672198
2010-05-17,0.03495366003081086
2010-05-18,0.03716872922131953
2010-05-19,0.03708780001601041
2010-05-20,0.036448185665100004
2010-05-21,0.03924504646632877
2010-05-24,0.037344384968178324
2010-05-25,0.037079940518568694
2010-05-26,0.03524731693743268
2010-05-27,0.03540180710085521
2010-05-28,0.03857263432635488
2010-06-01,0.03603163973041985
2010-06-02,0.0405402282022644
2010-06-03,0.03764507536887388
2010-06-04,0.03793775026459512
2010-06-07,0.039042252396432636
2010-06-08,0.036539261393219204
2010-06-09,0.03747566943877971
2010-06-10,0.036517521496767284
2010-06-11,0.037484552126519514
2010-06-14,0.035565434767076784
2010-06-15,0.04064323983139592
2010-06-16,0.03836842096015932
2010-06-17,0.03523922102979213
2010-06-18,0.03750816580175547
2010-06-21,0.0347600044595681
2010-06-22,0.039740001493920804
2010-06-23,0.04003112685035696
2010-06-24,0.03561152230087819
2010-06-25,0.0361532611863981
2010-06-28,0.041953094202188616
2010-06-29,0.03765354153563725
2010-06-30,0.03987560613644262
2010-07-01,0.036319215927611004
2010-07-02,0.03702204225677363
2010-07-06,0.03681758019265708
2010-07-07,0.03699472069285324
2010-07-08,0.042253596791254094
2010-07-09,0.034815935831923106
2010-07-12,0.03557181582259288
2010-07-13,0.03845102603608675
2010-07-14,0.03560186402917565
2010-07-15,0.03545953107011916
2010-07-16,0.03630243729220041
2010-07-19,0.03715297012053092
2010-07-20,0.03819001789959181
2010-07-21,0.0383856599996944
2010-07-22,0.03927544765704842
2010-07-23,0.04289264360448816
2010-07-26,0.03998324782521053
2010-07-27,0.040586001715778836
2010-07-28,0.03914099988153161
2010-07-29,0.03600155005308575
2010-07-30,0.03803481608789774
2010-08-02,0.03837358986139605
2010-08-03,0.03859963388758052
2010-08-04,0.03671774564588278
2010-08-05,0.03978746249231184
2010-08-06,0.036488276366487465
2010-08-09,0.0392104800381053
2010-08-10,0.040436357949096224
2010-08-11,0.03510747533499733
2010-08-12,0.03456403698332651
2010-08-13,0.036002620254811914
2010-08-16,0.03619508010883061
2010-08-17,0.038371193619516034
2010-08-18,0.034716743973378456
2010-08-19,0.035013410627641406
2010-08-20,0.03679517524430442
2010-08-23,0.034116241878862266
2010-08-24,0.03567455344287813
2010-08-25,0.036472977220510724
2010-08-26,0.03481665147198675
2010-08-27,0.037777379143409104
2010-08-30,0.04012268415687964
2010-08-31,0.034831462261452374
2010-09-01,0.03871961780860439
2010-09-02,0.0391719976247933
2010-09-03,0.034449595028210774
2010-09-07,0.0347872537963055
2010-09-08,0.03755090195608965
2010-09-09,0.034518161020457475
2010-09-10,0.03643826859993327
2010-09-13,0.033183762204623504
2010-09-14,0.034439040466465835
2010-09-15,0.03270456837683159
2010-09-16,0.032647308231061954
2010-09-17,0.033688360156379736
2010-09-20,0.036321041609528114
2010-09-21,0.03545468225761255
2010-09-22,0.03465831799060604
2010-09-23,0.036273801559007696
2010-09-24,0.03425604064227959
2010-09-27,0.034227014626102274
2010-09-28,0.03298192162918324
2010-09-29,0.034767959934378326
2010-09-30,0.03327460490192338
2010-10-01,0.036138569216877164
2010-10-04,0.03711948812125084
2010-10-05,0.033650653922051174
2010-10-06,0.03840938970759757
2010-10-07,0.03584475592508167
2010-10-08,0.03473084706617737
2010-10-11,0.034612063852988845
2010-10-12,0.029142420509343486
2010-10-13,0.03416585473679722
2010-10-14,0.03450183654595566
2010-10-15,0.03567193725012349
2010-10-18,0.035211377176236285
2010-10-19,0.033446347197538466
2010-10-20,0.03529142326171106
2010-10-21,0.03647517104677251
2010-10-22,0.037601572856504194
2010-10-25,0.03436225068910352
2010-10-26,0.03331177669257564
2010-10-27,0.03777679206137719
2010-10-28,0.03601016454978137
2010-10-29,0.03405123699465165
2010-11-01,0.03382823054986178
2010-11-02,0.033740304614190114
2010-11-03,0.037249554821000064
2010-11-04,0.03810761435663857
2010-11-05,0.03775512700126547
2010-11-08,0.03958468644660986
2010-11-09,0.03862854260126723
2010-11-10,0.03528240079452303
2010-11-11,0.03725254147214237
2010-11-12,0.0433872416308997
2010-11-15,0.03797662345450032
2010-11-16,0.03826529373715155
2010-11-17,0.037159090267128346
2010-11-18,0.039010683835276574
2010-11-19,0.03447886959472307
2010-11-22,0.03674185511854399
2010-11-23,0.03740350579404603
2010-11-24,0.037666111339013666
2010-11-26,0.035323315526853305
2010-11-29,0.03401165261058631
2010-11-30,0.03749696412383686
2010-12-01,0.03594738675686177
2010-12-02,0.03778927411167595
2010-12-03,0.03991676365582824
2010-12-06,0.035678396429473035
2010-12-07,0.036552529320451305
2010-12-08,0.03944647743611569
2010-12-09,0.04066581696282816
2010-12-10,0.040191993642303886
2010-12-13,0.03871710125013587
2010-12-14,0.03731349608796833
2010-12-15,0.03744068972317207
2010-12-16,0.038991877736486345
2010-12-17,0.04032234611812524
2010-12-20,0.03718950233778707
2010-12-21,0.0368234824791552
2010-12-22,0.041424598121881935
2010-12-23,0.03673068279997763
2010-12-27,0.03268714430711216
2010-12-28,0.033649616351936334
2010-12-29,0.030754403831527246
2010-12-30,0.033097152081276185
2010-12-31,0.03147759395238238
2011-01-03,0.024046035029919043
2011-01-04,0.30472628409651914
2011-01-05,0.02984821360734228
2011-01-06,0.03196288441272165
2011-01-07,0.029533218869528942
2011-01-10,0.03221633843101739
2011-01-11,0.031749300126446806
2011-01-12,0.028820887525298784
2011-01-13,0.030161497767263616
2011-01-14,0.028175955747426634
2011-01-18,0.03164370656067445
2011-01-19,0.03021571654195575
2011-01-20,0.0313996096317138
2011-01-21,0.032358676591139814
2011-01-24,0.03174583055182355
2011-01-25,0.031090306414432875
2011-01-26,0.03212200239211916
2011-01-27,0.033808846693002825
2011-01-28,0.03690182777145132
2011-01-31,0.03349637771288305
2011-02-01,0.03287692632164458
2011-02-02,0.030627665859833345
2011-02-03,0.031757245770934826
2011-02-04,0.03182379204673331
2011-02-07,0.03346473442479018
2011-02-08,0.03111024139527606
2011-02-09,0.032721243218913405
2011-02-10,0.029234212400547455
2011-02-11,0.03289806984424689
2011-02-14,0.030455676200061576
2011-02-15,0.03088664736800624
2011-02-16,0.027610775947595676
2011-02-17,0.026539012877214684
2011-02-18,0.029413558974407807
2011-02-22,0.031201261510916622
2011-02-23,0.032419167367632354
2011-02-24,0.03555671499421058
2011-02-25,0.030396058058227197
2011-02-28,0.031071085573400246
2011-03-01,0.03466263279243484
2011-03-02,0.031070276286176403
2011-03-03,0.032161688291494565
2011-03-04,0.032347781627698184
2011-03-07,0.03148665567317657
2011-03-08,0.03145946288673797
2011-03-09,0.03221614190859751
2011-03-10,0.031104445460789137
2011-03-11,0.03146670774938734
2011-03-14,0.031351489336842515
2011-03-15,0.027801429685280685
2011-03-16,0.033699907166312465
2011-03-17,0.028954621853810383
2011-03-18,0.032959863939476766
2011-03-21,0.03308843767307022
2011-03-22,0.0294353248909818
2011-03-23,0.030381859576506978
2011-03-24,0.03151331685262987
2011-03-25,0.03080914648795625
2011-03-28,0.028444541648611082
2011-03-29,0.028390358267876125
2011-03-30,0.028510009355479416
2011-03-31,0.029827616728127303
2011-04-01,0.026125705785315447
2011-04-04,0.026226215891652988
2011-04-05,0.02752775325200192
2011-04-06,0.02758785224310451
2011-04-07,0.02844065595240722
2011-04-08,0.028424579041945945
2011-04-11,0.025575921079596282
2011-04-12,0.027539955989554096
2011-04-13,0.027984657535322335
2011-04-14,0.028380152226069974
2011-04-15,0.02611343384482588
2011-04-18,0.027412697222869254
2011-04-19,0.029101789237797385
2011-04-20,0.02926985604902468
2011-04-21,0.032001868239080196
2011-04-25,0.03547549801478135
2011-04-26,0.026968509937841202
2011-04-27,0.03370670055140735
2011-04-28,0.030312218783541088
2011-04-29,0.03251876115064783
2011-05-02,0.030448037947584345
2011-05-03,0.028221292337613273
2011-05-04,0.02868401186527955
2011-05-05,0.028715435144011023
2011-05-06,0.030484640840825333
2011-05-09,0.02859766875896051
2011-05-10,0.03061873605397081
2011-05-11,0.02720171909777563
2011-05-12,0.028107204191741446
2011-05-13,0.02894731435349881
2011-05-16,0.029191531290164878
2011-05-17,0.031992791499060966
2011-05-18,0.03165259397862788
2011-05-19,0.03191330133083178
2011-05-20,0.02763727287089516
2011-05-23,0.030920635013285347
2011-05-24,0.02982035426033801
2011-05-25,0.02774582403096704
2011-05-26,0.029502214972490615
2011-05-27,0.028338501463217418
2011-05-31,0.026923579424203023
2011-06-01,0.02885256444560548
2011-06-02,0.030720059415514558
2011-06-03,0.030065380645265403
2011-06-06,0.029175195985744508
2011-06-07,0.03161602635060402
2011-06-08,0.028506842134080806
2011-06-09,0.03238092203662103
2011-06-10,0.029550666408127715
2011-06-13,0.03076556991902238
2011-06-14,0.029739172831214227
2011-06-15,0.029845355579139622
2011-06-16,0.02967458610388616
2011-06-17,0.029425147966528592
2011-06-20,0.03060690087937101
2011-06-21,0.02867213646288442
2011-06-22,0.03032354738610401
2011-06-23,0.029889672831885906
2011-06-24,0.03356690226047633
2011-06-27,0.035487805681340204
2011-06-28,0.03150113396029035
2011-06-29,0.030306378185669954
2011-06-30,0.0353257962546833
2011-07-01,0.03082357866950284
2011-07-05,0.030556715149984922
2011-07-06,0.030542996324963854
2011-07-07,0.03141678620758448
2011-07-08,0.029378157786749667
2011-07-11,0.030428405243269795
2011-07-12,0.031061277787697045
2011-07-13,0.028635459837734523
2011-07-14,0.028883908346284855
2011-07-15,0.032222287981244366
2011-07-18,0.03265004195104393
2011-07-19,0.0312266481772854
2011-07-20,0.0316843198327953
2011-07-21,0.03055237904661287
2011-07-22,0.03298329133070322
2011-07-25,0.03566103972677061
2011-07-26,0.0316861158433428
2011-07-27,0.035216902084107674
2011-07-28,0.03665533955845155
2011-07-29,0.03838928425362957
2011-08-01,0.03272197577300286
2011-08-02,0.034471737707661834
2011-08-03,0.03427295001926474
2011-08-04,0.037168221702562225
2011-08-05,0.04017193801369241
2011-08-08,0.03550642660332808
2011-08-09,0.04512610508306654
2011-08-10,0.04170494275869192
2011-08-11,0.04024193848253302
2011-08-12,0.040028974612605614
2011-08-15,0.03500771054988966
2011-08-16,0.033908656486150844
2011-08-17,0.040791416434578356
2011-08-18,0.03258045881791456
2011-08-19,0.03723576447915989
2011-08-22,0.03886166364654618
2011-08-23,0.03205454738322276
2011-08-24,0.03641561275136924
2011-08-25,0.032746321487278775
2011-08-26,0.035487868761214826
2011-08-29,0.0346955154871509
2011-08-30,0.03652566833448272
2011-08-31,0.03236506484689464
2011-09-01,0.03508365097488862
2011-09-02,0.03775890205063042
2011-09-06,0.03493647019413554
2011-09-07,0.036066514664970524
2011-09-08,0.04200544783101784
2011-09-09,0.03434446686902653
2011-09-12,0.035852017931257654
2011-09-13,0.03606752156127059
2011-09-14,0.037140095109721855
2011-09-15,0.03564869992757989
2011-09-16,0.03607101346514369
2011-09-19,0.037722125614080525
2011-09-20,0.037820112998927256
2011-09-21,0.03604681172457298
2011-09-22,0.0386882690703916
2011-09-23,0.04251253955518997
2011-09-26,0.037344916328540624
2011-09-27,0.0382971966287937
2011-09-28,0.03473684008593929
2011-09-29,0.036924294363023566
2011-09-30,0.03789752491459209
2011-10-03,0.03766627161621066
2011-10-04,0.04174538825424164
2011-10-05,0.04229184871726347
2011-10-06,0.04237134559596547
2011-10-07,0.036416019277519626
2011-10-10,0.03631960800425425
2011-10-11,0.037631391445768096
2011-10-12,0.036152931566177535
2011-10-13,0.03419230699602893
2011-10-14,0.037523888533067415
2011-10-17,0.03817341872311392
2011-10-18,0.036414749088176164
2011-10-19,0.03642750975788824
2011-10-20,0.039659581187089635
2011-10-21,0.03381693792595103
2011-10-24,0.03602250692623973
2011-10-25,0.03636509388873959
2011-10-26,0.03775600987299143
2011-10-27,0.03662088451171943
2011-10-28,0.040284253602654106
2011-10-31,0.03504380707449924
2011-11-01,0.03887856877363167
2011-11-02,0.0343812398102459
2011-11-03,0.034316590504727275
2011-11-04,0.03360918619657258
2011-11-07,0.03457826481822915
2011-11-08,0.0329202301834172
2011-11-09,0.030787180889264867
2011-11-10,0.03356987511814584
2011-11-11,0.031105622886043925
2011-11-14,0.03160967985763647
2011-11-15,0.03364768019792487
2011-11-16,0.030691948422245322
2011-11-17,0.031107811763548893
2011-11-18,0.03159751543119488
2011-11-21,0.029628977394199472
2011-11-22,0.03256281381534441
2011-11-23,0.032725724670101666
2011-11-25,0.03296359161152948
2011-11-28,0.0310425101571273
2011-11-29,0.030116422980131858
2011-11-30,0.033738090933312974
2011-12-01,0.03590326907864292
2011-12-02,0.029718348994739966
2011-12-05,0.030572383007200468
2011-12-06,0.030330367181338008
2011-12-07,0.031135650141685442
2011-12-08,0.03218201765931725
2011-12-09,0.034540712135958364
2011-12-12,0.02715711371734233
2011-12-13,0.03105370487461135
2011-12-14,0.028184345640566637
2011-12-15,0.031619752885771915
2011-12-16,0.027742040589664438
2011-12-19,0.028569416306174922
2011-12-20,0.0361547342137448
2011-12-21,0.028463290018325885
2011-12-22,0.03142221413490215
2011-12-23,0.03640054909783
2011-12-27,0.03037185268630895
2011-12-28,0.03181574241362234
2011-12-29,0.02827294294890369
2011-12-30,0.027996930265408827
2012-01-03,0.012076380053748911
2012-01-04,0.35186725948299424
2012-01-05,0.0402991417734571
2012-01-06,0.041468119465113196
2012-01-09,0.04458310898796848
2012-01-10,0.039033230576483204
2012-01-11,0.03744145218852907
2012-01-12,0.039013089033867174
2012-01-13,0.0402032281223728
2012-01-17,0.041625105727190165
2012-01-18,0.03996335713943072
2012-01-19,0.04205632870574842
2012-01-20,0.044246654014062414
2012-01-23,0.037441826078707253
2012-01-24,0.03699218023229979
2012-01-25,0.038632030002485454
2012-01-26,0.04449870265487203
2012-01-27,0.04662704385441088
2012-01-30,0.04011215958876014
2012-01-31,0.03763677915059505
2012-02-01,0.0391500107888169
2012-02-02,0.03603828987089426
2012-02-03,0.043883030269390326
2012-02-06,0.039412264778044284
2012-02-07,0.040183159929776516
2012-02-08,0.040340096253707464
2012-02-09,0.0433760131606697
2012-02-10,0.042798350305608766
2012-02-13,0.0412255669581367
2012-02-14,0.0376348177101718
2012-02-15,0.040363019944214935
2012-02-16,0.041077398620890986
2012-02-17,0.039429964299818994
2012-02-21,0.042642604323256186
2012-02-22,0.03957045116718557
2012-02-23,0.038819193947535975
2012-02-24,0.0427098225298538
2012-02-27,0.03734824951278923
2012-02-28,0.04183642457866297
2012-02-29,0.03751379709422951
2012-03-01,0.03948683749270937
2012-03-02,0.04252618980812157
2012-03-05,0.03537169818716811
2012-03-06,0.04124588912782312
2012-03-07,0.03327393302692115
2012-03-08,0.040512426865385955
2012-03-09,0.04112549467501104
2012-03-12,0.0428605353064164
2012-03-13,0.033837849504266174
2012-03-14,0.041463673659904866
2012-03-15,0.04124280124769521
2012-03-16,0.040765977512541386
2012-03-19,0.03435504490161755
2012-03-20,0.036678474184000213
2012-03-21,0.0371914041404728
2012-03-22,0.03676995886544557
2012-03-23,0.04515813137818014
2012-03-26,0.036796291055103625
2012-03-27,0.03636681130718566
2012-03-28,0.03346940367692868
2012-03-29,0.04333747211102445
2012-03-30,0.0395355631043699
2012-04-02,0.03578048796690363
2012-04-03,0.05710108567221623
2012-04-04,0.04037092859698759
2012-04-05,0.03722136889218484
2012-04-09,0.0381247483089052
2012-04-10,0.031942474972033064
2012-04-11,0.030444997786338763
2012-04-12,0.03829993081469681
2012-04-13,0.042737796172537
2012-04-16,0.043334989077342255
2012-04-17,0.03770196413406763
2012-04-18,0.04075558444227769
2012-04-19,0.039841294366740464
2012-04-20,0.046852490094428746
2012-04-23,0.04034051294195393
2012-04-24,0.040306033343915325
2012-04-25,0.03941981687098908
2012-04-26,0.04230812799349047
2012-04-27,0.04409649744119326
2012-04-30,0.044238119404715746
2012-05-01,0.040724067399932284
2012-05-02,0.0389224747763755
2012-05-03,0.043971094460448015
2012-05-04,0.03887777908803081
2012-05-07,0.03919355152329203
2012-05-08,0.03549773661321919
2012-05-09,0.04101366391796885
2012-05-10,0.03928412522888115
2012-05-11,0.04438161803143711
2012-05-14,0.04056878446794495
2012-05-15,0.03693684380164866
2012-05-16,0.04494053132923805
2012-05-17,0.04395956248417571
2012-05-18,0.03994571928155476
2012-05-21,0.029909817009363737
2012-05-22,0.03619577012690749
2012-05-23,0.03538679414880389
2012-05-24,0.040191288825781844
2012-05-25,0.04180800801070384
2012-05-29,0.0332830046496501
2012-05-30,0.03839874419887291
2012-05-31,0.03923911061751397
2012-06-01,0.03719699402380405
2012-06-04,0.032427309016963786
2012-06-05,0.03803999494984172
2012-06-06,0.03706728720619047
2012-06-07,0.038161450241845196
2012-06-08,0.041249451421258305
2012-06-11,0.044920207315666545
2012-06-12,0.04608678390042141
2012-06-13,0.04458288118341602
2012-06-14,0.03993553738191571
2012-06-15,0.03493167376704699
2012-06-18,0.038902723353970714
2012-06-19,0.041292146122027536
2012-06-20,0.04662682130255334
2012-06-21,0.041429837492584734
2012-06-22,0.04146923859126111
2012-06-25,0.04740297061636331
2012-06-26,0.0427782497054703
2012-06-27,0.038533017289430954
2012-06-28,0.045689485807083895
2012-06-29,0.04110513151252177
2012-07-02,0.12526001125265082
2012-07-03,0.0388742736934091
2012-07-05,0.033979414979068916
2012-07-06,0.03642627800521358
2012-07-09,0.03423278436621002
2012-07-10,0.03992216774219691
2012-07-11,0.04291400588453188
2012-07-12,0.0402995776588109
2012-07-13,0.037758347140097265
2012-07-16,0.03422813690839871
2012-07-17,0.04551898942731337
2012-07-18,0.042839163516342885
2012-07-19,0.04400912679289656
2012-07-20,0.04217424288057542
2012-07-23,0.039969451736150796
2012-07-24,0.04031837152879079
2012-07-25,0.04109422410586969
2012-07-26,0.05002503140783237
2012-07-27,0.04655491252228926
2012-07-30,0.04202895620417815
2012-07-31,0.040148523893372146
2012-08-01,0.042093021371364524
2012-08-02,0.0467696907865198
2012-08-03,0.042272087624586716
2012-08-06,0.03954306366119721
2012-08-07,0.03445625447065546
2012-08-08,0.03989396144778147
2012-08-09,0.03837523735202175
2012-08-10,0.04075342563785133
2012-08-13,0.03611722731647012
2012-08-14,0.02864624151594665
2012-08-15,0.0350722907129143
2012-08-16,0.03701925406585379
2012-08-17,0.0418223685716778
2012-08-20,0.032179887372517535
2012-08-21,0.035878264973940456
2012-08-22,0.03499628773267404
2012-08-23,0.03272230062726118
2012-08-24,0.03505524270006241
2012-08-27,0.031134695675152868
2012-08-28,0.027253988720831023
2012-08-29,0.030405675049077447
2012-08-30,0.03088418933998005
2012-08-31,0.028458572576895727
2012-09-04,0.030738096104420215
2012-09-05,0.03587342091649884
2012-09-06,0.03669037084467661
2012-09-07,0.030816382339525997
2012-09-10,0.04297487363013365
2012-09-11,0.03426465795747054
2012-09-12,0.03839737076608442
2012-09-13,0.03332080947762667
2012-09-14,0.03177672706317891
2012-09-17,0.025799990427257096
2012-09-18,0.03689494838181788
2012-09-19,0.03618763022734565
2012-09-20,0.03390228505471032
2012-09-21,0.03761508369007091
2012-09-24,0.026253558273631173
2012-09-25,0.037000749665130124
2012-09-26,0.032796565219608755
2012-09-27,0.031248905116764817
2012-09-28,0.035328643563801
2012-10-01,0.03482608271946795
2012-10-02,0.03283809628859519
2012-10-03,0.06277788514117112
2012-10-04,0.039600529593611024
2012-10-05,0.03460644187374941
2012-10-08,0.0374059854601127
2012-10-09,0.03153316541072778
2012-10-10,0.03388061417666219
2012-10-11,0.03556552011672136
2012-10-12,0.03786086305433485
2012-10-15,0.03664153683954344
2012-10-16,0.03787419226262327
2012-10-17,0.037348339908498764
2012-10-18,0.037791969797033906
2012-10-19,0.03761909862606093
2012-10-22,0.03721591912424867
2012-10-23,0.03658570314282738
2012-10-24,0.028598959642769997
2012-10-25,0.03517217679181206
2012-10-26,0.04594307981364612
2012-10-31,0.0386127564211123
2012-11-01,0.03549255231508227
2012-11-02,0.03331752599981859
2012-11-05,0.04037685872629441
2012-11-06,0.037647599593670096
2012-11-07,0.03531669954667249
2012-11-08,0.03134816559740279
2012-11-09,0.033761138575544275
2012-11-12,0.032419492894762904
2012-11-13,0.032682554108966755
2012-11-14,0.03717582291667555
2012-11-15,0.028441801662650555
2012-11-16,0.030423673397749935
2012-11-19,0.02422351750283671
2012-11-20,0.029404663235815552
2012-11-21,0.03832125419323325
2012-11-23,0.03396222191862745
2012-11-26,0.017476710533721858
2012-11-27,0.03588244818248782
2012-11-28,0.03510260785369858
2012-11-29,0.031305983599075424
2012-11-30,0.036432440612790676
2012-12-03,0.03332942090452886
2012-12-04,0.033375940404052354
2012-12-05,0.03727708876228836
2012-12-06,0.03354666757002634
2012-12-07,0.035633844145446285
2012-12-10,0.034192939855680476
2012-12-11,0.03255919342747698
2012-12-12,0.03313533510332323
2012-12-13,0.032283358076337546
2012-12-14,0.03305875956292255
2012-12-17,0.035937935744884034
2012-12-18,0.036527024080112255
2012-12-19,0.033463715017376675
2012-12-20,0.03465656766213325
2012-12-21,0.03807546009944582
2012-12-24,0.022777977387174148
2012-12-26,0.012992985986922993
2012-12-27,0.024986249921781233
2012-12-28,0.03080326863711021
2012-12-31,0.026939579846766537
2013-01-02,0.02990789516385558
2013-01-03,0.20288093638184926
2013-01-04,0.029163063132070184
2013-01-07,0.029174496320479068
2013-01-08,0.02738331173522731
2013-01-09,0.02880154208027865
2013-01-10,0.027936193574109622
2013-01-11,0.028240801344467787
2013-01-14,0.029778119856803884
2013-01-15,0.027141156952564378
2013-01-16,0.028756785978472713
2013-01-17,0.03045069079276226
2013-01-18,0.029527098857986774
2013-01-22,0.029834231076634767
2013-01-23,0.032787078454984256
2013-01-24,0.03074629491540401
2013-01-25,0.03166768467105135
2013-01-28,0.028856595769211305
2013-01-29,0.027221643484902233
2013-01-30,0.03085410053060845
2013-01-31,0.027522709118963803
2013-02-01,0.028629454829917782
2013-02-04,0.028367664003399906
2013-02-05,0.027457179357505926
2013-02-06,0.030667579783871232
2013-02-07,0.02803299016433435
2013-02-08,0.026764222629452186
2013-02-11,0.02695849908315639
2013-02-12,0.026746906182823493
2013-02-13,0.02831072962140679
2013-02-14,0.034153827513632086
2013-02-15,0.03188668820516663
2013-02-19,0.028023169763368314
2013-02-20,0.02821548734934814
2013-02-21,0.031498617745228524
2013-02-22,0.02980887809343783
2013-02-25,0.03027509167079514
2013-02-26,0.029703052029059273
2013-02-27,0.0315382402359305
2013-02-28,0.03151919307000472
2013-03-01,0.033937069501430044
2013-03-04,0.029616502371089932
2013-03-05,0.032253824572114564
2013-03-06,0.030354045739860176
2013-03-07,0.028502554483481584
2013-03-08,0.029046849514577353
2013-03-11,0.027270868780710538
2013-03-12,0.026151294711741383
2013-03-13,0.026837999469219324
2013-03-14,0.026369197185292282
2013-03-15,0.03052596599637768
2013-03-18,0.031677935733328916
2013-03-19,0.030096922142274954
2013-03-20,0.029368627057913536
2013-03-21,0.0279669689938278
2013-03-22,0.0316576632140691
2013-03-25,0.02800662383805454
2013-03-26,0.028135105880692277
2013-03-27,0.030179581747277223
2013-03-28,0.03291723574814737
2013-04-01,0.027508296438394936
2013-04-02,0.027537419060100245
2013-04-03,0.02869413105054574
2013-04-04,0.03214169805525509
2013-04-05,0.030884417349140658
2013-04-08,0.03014214744188065
2013-04-09,0.02585725192533424
2013-04-10,0.032527219811760565
2013-04-11,0.02975641953362687
2013-04-12,0.03232030390736206
2013-04-15,0.02986325199512058
2013-04-16,0.03163341601558493
2013-04-17,0.030661232514325898
2013-04-18,0.03185355400790921
2013-04-19,0.03366369895460389
2013-04-22,0.031047679675836482
2013-04-23,0.02891486777407943
2013-04-24,0.0328515737119205
2013-04-25,0.03508896910492143
2013-04-26,0.035455221151222634
2013-04-29,0.0294177723407777
2013-04-30,0.028817774542684596
2013-05-01,0.03079883515492818
2013-05-02,0.02955303908024818
2013-05-03,0.03073013300151329
2013-05-06,0.030533910006211834
2013-05-07,0.03102294491243474
2013-05-08,0.030961074293940027
2013-05-09,0.03425040742335422
2013-05-10,0.029059811076733597
2013-05-13,0.027827672487815917
2013-05-14,0.027370558986854417
2013-05-15,0.0303100063809889
2013-05-16,0.030156010606846917
2013-05-17,0.027657364325752266
2013-05-20,0.028357086248395218
2013-05-21,0.03008238111206942
2013-05-22,0.027317065895260603
2013-05-23,0.030087058166639175
2013-05-24,0.03126674649519511
2013-05-28,0.024329151724842943
2013-05-29,0.028988203420104393
2013-05-30,0.03277598496423684
2013-05-31,0.03074215714237236
2013-06-03,0.03140730180622522
2013-06-04,0.027939346686732952
2013-06-05,0.02981521353532602
2013-06-06,0.03191754646717333
2013-06-07,0.026872972449223126
2013-06-10,0.032487521126908066
2013-06-11,0.027054877567820608
2013-06-12,0.02744290061235572
2013-06-13,0.026007744797267123
2013-06-14,0.02982086204404723
2013-06-17,0.02713314214473248
2013-06-18,0.027514134124595892
2013-06-19,0.02784469943518744
2013-06-20,0.02921211448805508
2013-06-21,0.03144940353629539
2013-06-24,0.026024768924199217
2013-06-25,0.032260736923739666
2013-06-26,0.030361953646544225
2013-06-27,0.03099326194610069
2013-06-28,0.0309120711226171
2013-07-01,0.030191341887629706
2013-07-02,0.02858419872748681
2013-07-03,0.03296689106336466
2013-07-05,0.026165207543023684
2013-07-08,0.028171652106809258
2013-07-09,0.0314125003908954
2013-07-10,0.03825729055363828
2013-07-11,0.029214859785869234
2013-07-12,0.03057092041387924
2013-07-15,0.03026864742122693
2013-07-16,0.030919409498240447
2013-07-17,0.03015112355703494
2013-07-18,0.028829167077976902
2013-07-19,0.03326395603776289
2013-07-22,0.029547509654931817
2013-07-23,0.028130700915182258
2013-07-24,0.02980082348097392
2013-07-25,0.03023959220661061
2013-07-26,0.03216652553010456
2013-07-29,0.030232401251280516
2013-07-30,0.028974478061859592
2013-07-31,0.02789152666382856
2013-08-01,0.029760942981156335
2013-08-02,0.03331953476853881
2013-08-05,0.031616609593889115
2013-08-06,0.02778300144663702
2013-08-07,0.030859885389839768
2013-08-08,0.03189905190636924
2013-08-09,0.032871976529591354
2013-08-12,0.03283980485716854
2013-08-13,0.030178782877171732
2013-08-14,0.03306137228611925
2013-08-15,0.030687107538906706
2013-08-16,0.032095446058970606
2013-08-19,0.030968734353116367
2013-08-20,0.03152413206915723
2013-08-21,0.03157145409501296
2013-08-22,0.030302577603802477
2013-08-23,0.028850722144328576
2013-08-26,0.02613667325395247
2013-08-27,0.028339021273868947
2013-08-28,0.030486274344559805
2013-08-29,0.033401370920154924
2013-08-30,0.0287372285903068
2013-09-03,0.029690317548209024
2013-09-04,0.03055260051073717
2013-09-05,0.02682000365863917
2013-09-06,0.028397511057635348
2013-09-09,0.026789436223863247
2013-09-10,0.02925520497748986
2013-09-11,0.030958646577863867
2013-09-12,0.02818396914896217
2013-09-13,0.029220033836191248
2013-09-16,0.027253334135217445
2013-09-17,0.027301524245013833
2013-09-18,0.027769067700580085
2013-09-19,0.028818793861260128
2013-09-20,0.03098061210376541
2013-09-23,0.029979066498790667
2013-09-24,0.029016093344554367
2013-09-25,0.03090134390883934
2013-09-26,0.033723508086717056
2013-09-27,0.028783207424559733
2013-09-30,0.030985532954572643
2013-10-01,0.028112687595205483
2013-10-02,0.030049971935357342
2013-10-03,0.02953559349760956
2013-10-04,0.029194720200814324
2013-10-07,0.029505430721452376
2013-10-08,0.02565541225564031
2013-10-09,0.02860484278029007
2013-10-10,0.025314560792327134
2013-10-11,0.031092675471163265
2013-10-14,0.03439182417458337
2013-10-15,0.026961684420965058
2013-10-16,0.031193028030056892
2013-10-17,0.03133001045467985
2013-10-18,0.030325970797411932
2013-10-21,0.03128070903607491
2013-10-22,0.03228812686079137
2013-10-23,0.028616037695723198
2013-10-24,0.031359136148647423
2013-10-25,0.02835350888484209
2013-10-28,0.02667596149342629
2013-10-29,0.030203676345550167
2013-10-30,0.02948392170916179
2013-10-31,0.02749075423671531
2013-11-01,0.028647172427886478
2013-11-04,0.032141961141323755
2013-11-05,0.029375971561773812
2013-11-06,0.027673977251266565
2013-11-07,0.027439104132027596
2013-11-08,0.029920373434280226
2013-11-11,0.03302421227671193
2013-11-12,0.02499002449398496
2013-11-13,0.02762838897283352
2013-11-14,0.02653964752346643
2013-11-15,0.029880722051842914
2013-11-18,0.026146798922621173
2013-11-19,0.02726588892382634
2013-11-20,0.028901097583599045
2013-11-21,0.030251179305072977
2013-11-22,0.030155912908798224
2013-11-25,0.026271345641331875
2013-11-26,0.028609844000148148
2013-11-27,0.027053804981866394
2013-11-29,0.027826556707953486
2013-12-02,0.023168481842968082
2013-12-03,0.06501975298116135
2013-12-04,0.028767293187233298
2013-12-05,0.028064756440200442
2013-12-06,0.027407641755817794
2013-12-09,0.02608764669184417
2013-12-10,0.027617152078106035
2013-12-11,0.02879119750177229
2013-12-12,0.028278586023986172
2013-12-13,0.027985868933540693
2013-12-16,0.02528668225333407
2013-12-17,0.02696735388807608
2013-12-18,0.02629513126628708
2013-12-19,0.030025835191921844
2013-12-20,0.027790027024107287
2013-12-23,0.029887402396349065
2013-12-24,0.025849917653444028
2013-12-26,0.024196963477549363
2013-12-27,0.022946947753081814
2013-12-30,0.02328269245070353
2013-12-31,0.024311760825540814
2014-01-02,0.07426048605204721
2014-01-03,0.2788006342241435
2014-01-06,0.10188444947336672
2014-01-07,0.09292239993913268
2014-01-08,0.11152793400748293
2014-01-09,0.10154007179434077
2014-01-10,0.11286372925479934
2014-01-13,0.10363207106356538
2014-01-14,0.09129751300074623
2014-01-15,0.11180956794969314
2014-01-16,0.11941910738856068
2014-01-17,0.12895322542401574
2014-01-21,0.09130325594469896
2014-01-22,0.0984858220534218
2014-01-23,0.13440308033208184
2014-01-24,0.09372534462568978
2014-01-27,0.06275787032959525
2014-01-28,0.08050450710921195
2014-01-29,0.11745819978068958
2014-01-30,0.08896506331466437
2014-01-31,0.10634344740538722
2014-02-03,0.09154760897460155
2014-02-04,0.04387051163209598
2014-02-05,0.08673371553170672
2014-02-06,0.09668982889958389
2014-02-07,0.11063145855197318
2014-02-10,0.086278247263175
2014-02-11,0.10838201677924057
2014-02-12,0.09787946519024354
2014-02-13,0.10775542162165086
2014-02-14,0.11178088126177659
2014-02-18,0.10872705529287476
2014-02-19,0.10744173101225052
2014-02-20,0.09554542895131228
2014-02-21,0.10081048440804367
2014-02-24,0.08960369436866285
2014-02-25,0.09141012754488846
2014-02-26,0.10204204434281057
2014-02-27,0.09995255926295682
2014-02-28,0.0956840251091736
2014-03-03,0.07493352260722075
2014-03-04,0.07925724507215491
2014-03-05,0.08680584703058208
2014-03-06,0.0851815307438945
2014-03-07,0.10182734486913508
2014-03-10,0.09813874572423723
2014-03-11,0.07248636096953417
2014-03-12,0.08183546271178117
2014-03-13,0.083480672010816
2014-03-14,0.0951274298132057
2014-03-17,0.08410345326700869
2014-03-18,0.08794210824861164
2014-03-19,0.09279267545688137
2014-03-20,0.10333350071426253
2014-03-21,0.11841144482596476
2014-03-24,0.057306773775844574
2014-03-25,0.10615243475023652
2014-03-26,0.10556371499034392
2014-03-27,0.10481086909116186
2014-03-28,0.09822074888642614
2014-03-31,0.10235535964657386
2014-04-01,0.09890456669496202
2014-04-02,0.10328237248700281
2014-04-03,0.1159491618143336
2014-04-04,0.10818943659832823
2014-04-07,0.09331317368964055
2014-04-08,0.09309013239983499
2014-04-09,0.09048553732234713
2014-04-10,0.09993126911279007
2014-04-11,0.08397912127114479
2014-04-14,0.0888843799144028
2014-04-15,0.1006924624625013
2014-04-16,0.08367449505783826
2014-04-17,0.11142738659312675
2014-04-21,0.11512832447146659
2014-04-22,0.10502554398920087
2014-04-23,0.10298404569962509
2014-04-24,0.11636823166380506
2014-04-25,0.11815097503756519
2014-04-28,0.10902149316632216
2014-04-29,0.09539148841126138
2014-04-30,0.1049661979137063
2014-05-01,0.10600448195268068
2014-05-02,0.10865276561362835
2014-05-05,0.10056821400770787
2014-05-06,0.10062691765371701
2014-05-07,0.1067181749026145
2014-05-08,0.09892022378034349
2014-05-09,0.09896127376112024
2014-05-12,0.07992554321856866
2014-05-13,0.07694210291993801
2014-05-14,0.09144096375014989
2014-05-15,0.086848861754496
2014-05-16,0.09146134103869731
2014-05-19,0.09428617144544033
2014-05-20,0.09009841057372969
2014-05-21,0.09464715450752106
2014-05-22,0.0911899687487972
2014-05-23,0.08175885134785355
2014-05-27,0.071083831239463
2014-05-28,0.08493921268842271
2014-05-29,0.08885792616033798
2014-05-30,0.08572444737952363
2014-06-02,0.08532936273733166
2014-06-03,0.06600160592621929
2014-06-04,0.08469841158151407
2014-06-05,0.09176541355351542
2014-06-06,0.08790798366942591
2014-06-09,0.08036587516269746
2014-06-10,0.07158096875642762
2014-06-11,0.07941638900372716
2014-06-12,0.08925162066510448
2014-06-13,0.0744688106069099
2014-06-16,0.07668988882908385
2014-06-17,0.0882929135842878
2014-06-18,0.08800078776459501
2014-06-19,0.08832291773733288
2014-06-20,0.09289496133100689
2014-06-23,0.04871594054053718
2014-06-24,0.09471974128021537
2014-06-25,0.08516240282289664
2014-06-26,0.10216851777771403
2014-06-27,0.094434386745928
2014-06-30,0.10698099687468496
2014-07-01,0.09125275426942585
2014-07-02,0.09434377312069055
2014-07-03,0.11292055896872578
2014-07-07,0.06692107284465328
2014-07-08,0.09782922735421828
2014-07-09,0.08017347331925223
2014-07-10,0.10783496450608139
2014-07-11,0.09618141996405107
2014-07-14,0.09960713393251049
2014-07-15,0.10029010323139474
2014-07-16,0.08435022351946925
2014-07-17,0.10524709918351406
2014-07-18,0.12892874094788445
2014-07-21,0.11509486081088283
2014-07-22,0.10324579153566717
2014-07-23,0.10078847498934423
2014-07-24,0.12362222864006543
2014-07-25,0.11189673995699548
2014-07-28,0.10503885338978776
2014-07-29,0.10003911629174556
2014-07-30,0.10615544850320809
2014-07-31,0.09319644099703156
2014-08-01,0.06494592581465802
2014-08-04,0.13673215261637556
2014-08-05,0.12226938451588619
2014-08-06,0.08761735413123503
2014-08-07,0.1088596861653579
2014-08-08,0.09160795710312487
2014-08-11,0.08780643032080027
2014-08-12,0.08073518971603645
2014-08-13,0.08828200865136666
2014-08-14,0.09366621821589231
2014-08-15,0.10080082939740138
2014-08-18,0.08085937422993478
2014-08-19,0.09217597169221212
2014-08-20,0.10336326113819322
2014-08-21,0.10151433907264118
2014-08-22,0.09930798855928169
2014-08-25,0.08346319752380651
2014-08-26,0.08094118295755247
2014-08-27,0.08654480267017552
2014-08-28,0.081575390376404
2014-08-29,0.08050387389130204
2014-09-02,0.07397835814080476
2014-09-03,0.08586674532300186
2014-09-04,0.08745614380306427
2014-09-05,0.08318049254410531
2014-09-08,0.08978882146164939
2014-09-09,0.0945229945932746
2014-09-10,0.08600229535668295
2014-09-11,0.09203810063058063
2014-09-12,0.09448786923106024
2014-09-15,0.09342833119584618
2014-09-16,0.0953247645768981
2014-09-17,0.0938251099711093
2014-09-18,0.08804826645694427
2014-09-19,0.10592117936742436
2014-09-22,0.05489481894006934
2014-09-23,0.08380815823314208
2014-09-24,0.09820897459314397
2014-09-25,0.10635350368923835
2014-09-26,0.08965839209235703
2014-09-29,0.11060726102261817
2014-09-30,0.0989044205203201
2014-10-01,0.07218799087581793
2014-10-02,0.05909410311984708
2014-10-03,0.0782402059567078
2014-10-06,0.08799240848501873
2014-10-07,0.10251937378041863
2014-10-08,0.07564651417062439
2014-10-09,0.06445560489257955
2014-10-10,0.05795979415505662
2014-10-13,0.05112175958402377
2014-10-14,0.05732140109620539
2014-10-15,0.047317211563660706
2014-10-16,0.02714365226727799
2014-10-17,0.03994388297458663
2014-10-20,0.0526549773348779
2014-10-21,0.09210583124989045
2014-10-22,0.0803069633281049
2014-10-23,0.08842189938015148
2014-10-24,0.09845376645125582
2014-10-27,0.11108835937845038
2014-10-28,0.11517050504739007
2014-10-29,0.10530849643774225
2014-10-30,0.10232000444169358
2014-10-31,0.10877126206793616
2014-11-03,0.07816027880642726
2014-11-04,0.09671173606160943
2014-11-05,0.10725479458686801
2014-11-06,0.0931423165312375
2014-11-07,0.09400246259585542
2014-11-10,0.09295548534747146
2014-11-11,0.09895581328304105
2014-11-12,0.08341957086911077
2014-11-13,0.0862965898857877
2014-11-14,0.09893926721253302
2014-11-17,0.10349244868351602
2014-11-18,0.0914382487935818
2014-11-19,0.09445143214788297
2014-11-20,0.09699913145257219
2014-11-21,0.09193482577814843
2014-11-24,0.07885608387024738
2014-11-25,0.07864964528498929
2014-11-26,0.08509035936545292
2014-11-28,0.07259961583170349
2014-12-01,0.11194275474535864
2014-12-02,0.06866273837291273
2014-12-03,0.08769781387747023
2014-12-04,0.08042111587059733
2014-12-05,0.07215255227357022
2014-12-08,0.08896894253771659
2014-12-09,0.08849610501774566
2014-12-10,0.08084263319982815
2014-12-11,0.0834158551179549
2014-12-12,0.0812975779411695
2014-12-15,0.07409893543795837
2014-12-16,0.0651598973836831
2014-12-17,0.06075510764284575
2014-12-18,0.06390157992179392
2014-12-19,0.05580602705415172
2014-12-22,0.035742275606733036
2014-12-23,0.09391240464617089
2014-12-24,0.08864265963169404
2014-12-26,0.024011418640441574
2014-12-29,0.02937762460463656
2014-12-30,0.05305164033924202
2014-12-31,0.0434451568982996
2015-01-02,0.02290572604728212
2015-01-05,0.29692909679331314
2015-01-06,0.031024259493862415
2015-01-07,0.024889506048024375
2015-01-08,0.024896564436185074
2015-01-09,0.02480962211455861
2015-01-12,0.02389259925882394
2015-01-13,0.031358219276332575
2015-01-14,0.026526846454281865
2015-01-15,0.026021414534646885
2015-01-16,0.026357111918550093
2015-01-20,0.027363728224408582
2015-01-21,0.026880737587841378
2015-01-22,0.02928029590606314
2015-01-23,0.028589796604128043
2015-01-26,0.02474537701879565
2015-01-27,0.028966716269986374
2015-01-28,0.038050739617714206
2015-01-29,0.03268845685019292
2015-01-30,0.030295961400472343
2015-02-02,0.03308653106079912
2015-02-03,0.02827321781649452
2015-02-04,0.026338008468253734
2015-02-05,0.030499448317390775
2015-02-06,0.022757990133667742
2015-02-09,0.02864668400483971
2015-02-10,0.02552121928966396
2015-02-11,0.03464237659164683
2015-02-12,0.030068985920012035
2015-02-13,0.029764992346468542
2015-02-17,0.026761563813102303
2015-02-18,0.024241956286310172
2015-02-19,0.026425841763942196
2015-02-20,0.025838623315313183
2015-02-23,0.026441266589988115
2015-02-24,0.02924719047526861
2015-02-25,0.027971296776859736
2015-02-26,0.025770697132377965
2015-02-27,0.029557915893668955
2015-03-02,0.026923450906130256
2015-03-03,0.026076113728080007
2015-03-04,0.02618852658486376
2015-03-05,0.027928133563727663
2015-03-06,0.02641527837149202
2015-03-09,0.027085753906404372
2015-03-10,0.02697867969346559
2015-03-11,0.023719133189170228
2015-03-12,0.02652953584497615
2015-03-13,0.028739003577465824
2015-03-16,0.02973995583374448
2015-03-17,0.027508065876126836
2015-03-18,0.02870759279795603
2015-03-19,0.030565022517156388
2015-03-20,0.029891402988995376
2015-03-23,0.029031656434226023
2015-03-24,0.026989962680908128
2015-03-25,0.029687031277334918
2015-03-26,0.032599747394973
2015-03-27,0.026926581665471183
2015-03-30,0.028778847916073436
2015-03-31,0.02802080780407054
2015-04-01,0.02752478351879875
2015-04-02,0.028306713362353842
2015-04-06,0.025304458349782625
2015-04-07,0.0286536728329235
2015-04-08,0.02463194742012009
2015-04-09,0.024265396806977133
2015-04-10,0.026530695312009776
2015-04-13,0.02620573344770192
2015-04-14,0.02875601349720198
2015-04-15,0.02770167033645409
2015-04-16,0.03150338642770807
2015-04-17,0.027464353583944747
2015-04-20,0.02890763139972021
2015-04-21,0.02678190831072486
2015-04-22,0.028380173943182645
2015-04-23,0.02729737941933867
2015-04-24,0.02682345702529125
2015-04-27,0.028701188376450602
2015-04-28,0.027758665937776816
2015-04-29,0.029838968690262268
2015-04-30,0.030482704841789436
2015-05-01,0.028670953907916564
2015-05-04,0.02549392930638854
2015-05-05,0.027365028711873317
2015-05-06,0.028648200398624285
2015-05-07,0.026920052933273295
2015-05-08,0.029396316764481435
2015-05-11,0.028664099720428958
2015-05-12,0.029233026339122364
2015-05-13,0.027573138755682073
2015-05-14,0.028145783475826917
2015-05-15,0.02915021641127923
2015-05-18,0.026763375167236963
2015-05-19,0.02841582114466569
2015-05-20,0.028615400105748236
2015-05-21,0.027438181530411238
2015-05-22,0.029988767195425207
2015-05-26,0.02630460479231279
2015-05-27,0.02684562086505475
2015-05-28,0.027616284179454283
2015-05-29,0.02577501154166368
2015-06-01,0.029653022448068986
2015-06-02,0.029162124461762393
2015-06-03,0.029705547490182845
2015-06-04,0.02786071953436028
2015-06-05,0.026200151880509198
2015-06-08,0.03277246842079342
2015-06-09,0.02852573271982742
2015-06-10,0.029045577577446094
2015-06-11,0.029119904961090782
2015-06-12,0.02956648188992346
2015-06-15,0.02870168528920442
2015-06-16,0.03161872816092558
2015-06-17,0.03174902331344566
2015-06-18,0.029328060183357117
2015-06-19,0.02993704642250943
2015-06-22,0.02792891533398627
2015-06-23,0.033520230424537535
2015-06-24,0.03054565445124779
2015-06-25,0.030406102290859195
2015-06-26,0.031569555769342374
2015-06-29,0.03230892624586178
2015-06-30,0.03132490466034406
2015-07-01,0.03220929968794718
2015-07-02,0.03001252654249718
2015-07-06,0.02904507261540981
2015-07-07,0.029065937472428485
2015-07-08,0.03034139361853078
2015-07-09,0.029934706415462912
2015-07-10,0.0292954085074658
2015-07-13,0.032570731385273236
2015-07-14,0.032010259592574926
2015-07-15,0.030149862552785803
2015-07-16,0.03140278010080102
2015-07-17,0.03248623452740349
2015-07-20,0.03430701034671586
2015-07-21,0.03361441690889026
2015-07-22,0.032354872059328826
2015-07-23,0.03350590734128511
2015-07-24,0.037879321264754615
2015-07-27,0.036189577702685695
2015-07-28,0.030763118266981124
2015-07-29,0.03246956174654006
2015-07-30,0.03190987545222197
2015-07-31,0.028981895576970132
2015-08-03,0.030144013859984997
2015-08-04,0.03144879433486524
2015-08-05,0.03179100479928415
2015-08-06,0.03556991132241984
2015-08-07,0.03780834206302231
2015-08-10,0.03239282208847119
2015-08-11,0.03536711865665285
2015-08-12,0.03143064229487955
2015-08-13,0.0313039299995476
2015-08-14,0.03362162651198851
2015-08-17,0.03288471198678374
2015-08-18,0.027661140621360113
2015-08-19,0.03564779838220491
2015-08-20,0.03161711777458457
2015-08-21,0.03102358198763522
2015-08-24,0.033509717998162714
2015-08-25,0.034920085905791695
2015-08-26,0.035200067970752515
2015-08-27,0.03593267045201567
2015-08-28,0.04164000707551522
2015-08-31,0.02982486483002329
2015-09-01,0.031684932890529954
2015-09-02,0.03376779022107826
2015-09-03,0.031149184609609068
2015-09-04,0.02815109354758072
2015-09-08,0.03219697836836813
2015-09-09,0.03126635592845008
2015-09-10,0.033712536091286
2015-09-11,0.03244369069528881
2015-09-14,0.029582967770073017
2015-09-15,0.030786771531368013
2015-09-16,0.03179199128762416
2015-09-17,0.029984777937521263
2015-09-18,0.03265262072609686
2015-09-21,0.0364560519928754
2015-09-22,0.03473016259482555
2015-09-23,0.03173402349033315
2015-09-24,0.035760430361230854
2015-09-25,0.03074011765739123
2015-09-28,0.03402832002159144
2015-09-29,0.03648042807570806
2015-09-30,0.03432805201518687
2015-10-01,0.031982965211776924
2015-10-02,0.03312099302477517
2015-10-05,0.04206783204320112
2015-10-06,0.03130004696578157
2015-10-07,0.03489397049151385
2015-10-08,0.034034611727053445
2015-10-09,0.031281605975754696
2015-10-12,0.03070862630605425
2015-10-13,0.03723964414038381
2015-10-14,0.031161056322061988
2015-10-15,0.03489771493815837
2015-10-16,0.03287416463802233
2015-10-19,0.02929702731131859
2015-10-20,0.034341939828785334
2015-10-21,0.03357449272386612
2015-10-22,0.0329692960269562
2015-10-23,0.036940090716532065
2015-10-26,0.032194126903760466
2015-10-27,0.03051387602804316
2015-10-28,0.03657261430539008
2015-10-29,0.03371830595633719
2015-10-30,0.033896275754246315
2015-11-02,0.03422546757971709
2015-11-03,0.030839005838858322
2015-11-04,0.03116042808395105
2015-11-05,0.035218028858170165
2015-11-06,0.03355435498346826
2015-11-09,0.032961084255381204
2015-11-10,0.031221517754349726
2015-11-11,0.03390557099141541
2015-11-12,0.03716061573106426
2015-11-13,0.03411670672668444
2015-11-16,0.03142518124208494
2015-11-17,0.033686179237539554
2015-11-18,0.03675422695745425
2015-11-19,0.03263238381519607
2015-11-20,0.036232896065244165
2015-11-23,0.03374388058006274
2015-11-24,0.035480172799816384
2015-11-25,0.03498574104044087
2015-11-27,0.03648417148898725
2015-11-30,0.03450809095189854
2015-12-01,0.033840804643138836
2015-12-02,0.032426386029866465
2015-12-03,0.035934954549046313
2015-12-04,0.0320062359185056
2015-12-07,0.03480185476878289
2015-12-08,0.045519425615655584
2015-12-09,0.03298911261317712
2015-12-10,0.03459000992106979
2015-12-11,0.03262564604675819
2015-12-14,0.034141523081140185
2015-12-15,0.03465957096858633
2015-12-16,0.03378457360050248
2015-12-17,0.033239461397405495
2015-12-18,0.033734815138490436
2015-12-21,0.031222775819948187
2015-12-22,0.02878427173140076
2015-12-23,0.029377018788923757
2015-12-24,0.035953149118656144
2015-12-28,0.028846901556664122
2015-12-29,0.032292379739658525
2015-12-30,0.026926927380860263
2015-12-31,0.02689926692787526
2016-01-04,0.025305312296487515
2016-01-05,0.19352981696149954
2016-01-06,0.028869815299573342
2016-01-07,0.0388371161015294
2016-01-08,0.035642745357759686
2016-01-11,0.030150266060789403
2016-01-12,0.04327508153175361
2016-01-13,0.036855822582134816
2016-01-14,0.036853352729980624
2016-01-15,0.036640383011853336
2016-01-19,0.043418055595418385
2016-01-20,0.03716929767386009
2016-01-21,0.03519664573291896
2016-01-22,0.03896752385024066
2016-01-25,0.03936312005605662
2016-01-26,0.03851542828248213
2016-01-27,0.0322425582357447
2016-01-28,0.03312604317419751
2016-01-29,0.04389326311645549
2016-02-01,0.0319512541966938
2016-02-02,0.03763168175573948
2016-02-03,0.03735372065366694
2016-02-04,0.04204894321182705
2016-02-05,0.038093703841225485
2016-02-08,0.038213745755412885
2016-02-09,0.042979385964269055
2016-02-10,0.038297792334959904
2016-02-11,0.03419518848960081
2016-02-12,0.03360818311144232
2016-02-16,0.03525856873319848
2016-02-17,0.03681059481132336
2016-02-18,0.03570041386674098
2016-02-19,0.03281948636497184
2016-02-22,0.0357174351500165
2016-02-23,0.036006401690387456
2016-02-24,0.03226072045469268
2016-02-25,0.029032323476661542
2016-02-26,0.02798945840026962
2016-02-29,0.032269167027497145
2016-03-01,0.030456289363321797
2016-03-02,0.02889804452362669
2016-03-03,0.0400815325922474
2016-03-04,0.04317176991861147
2016-03-07,0.03552425954105512
2016-03-08,0.0289847092250003
2016-03-09,0.038036954018662625
2016-03-10,0.03216578647618223
2016-03-11,0.029420785269649148
2016-03-14,0.029724197307053706
2016-03-15,0.027076805737945076
2016-03-16,0.03169751381710663
2016-03-17,0.03321755091305769
2016-03-18,0.03354866280032821
2016-03-21,0.03145661385281835
2016-03-22,0.028145414508035836
2016-03-23,0.027944188184419832
2016-03-24,0.03752320294154287
2016-03-28,0.028303613601324853
2016-03-29,0.027451121033474628
2016-03-30,0.02757193264020006
2016-03-31,0.02585482791779043
2016-04-01,0.030344420505008813
2016-04-04,0.03302829315551744
2016-04-05,0.031544357424702144
2016-04-06,0.026575201596778533
2016-04-07,0.03157218524536959
2016-04-08,0.03297181058201572
2016-04-11,0.03180921368627602
2016-04-12,0.028747119942255178
2016-04-13,0.03290219547629008
2016-04-14,0.028395213843805986
2016-04-15,0.0267063892379869
2016-04-18,0.02723325757735949
2016-04-19,0.02720852017111453
2016-04-20,0.03080529448932115
2016-04-21,0.025832559390366053
2016-04-22,0.029060640596858884
2016-04-25,0.02891898744811514
2016-04-26,0.029521742027581118
2016-04-27,0.02651658764071762
2016-04-28,0.03252275977503524
2016-04-29,0.027583583157388483
2016-05-02,0.032079537409672385
2016-05-03,0.032203327977950794
2016-05-04,0.03480623810750462
2016-05-05,0.02925366153786077
2016-05-06,0.03039673005124719
2016-05-09,0.028070010662760523
2016-05-10,0.03437805753529535
2016-05-11,0.030219705571887447
2016-05-12,0.031079574136149497
2016-05-13,0.034128683606619456
2016-05-16,0.029357591404534193
2016-05-17,0.03277660318903399
2016-05-18,0.030603076722760976
2016-05-19,0.035452539399696975
2016-05-20,0.03218458342621777
2016-05-23,0.03062817166663638
2016-05-24,0.029134049893593
2016-05-25,0.02836889888839628
2016-05-26,0.032377697608775007
2016-05-27,0.030029551092261908
2016-05-31,0.028992234510410664
2016-06-01,0.030723146873674556
2016-06-02,0.029631621087343407
2016-06-03,0.02894095522287052
2016-06-06,0.031080891903117778
2016-06-07,0.0317489252984536
2016-06-08,0.030824894049876053
2016-06-09,0.02858119527960904
2016-06-10,0.027856211267285404
2016-06-13,0.030558279083368788
2016-06-14,0.030227562739998774
2016-06-15,0.029785231909254493
2016-06-16,0.02964689007080557
2016-06-17,0.029110037351435483
2016-06-20,0.03223734564540175
2016-06-21,0.03205820363428034
2016-06-22,0.031069381782981062
2016-06-23,0.029164999194400597
2016-06-24,0.028386043306844286
2016-06-27,0.038752379810780654
2016-06-28,0.03559488959772563
2016-06-29,0.03237104451069668
2016-06-30,0.028653256584004416
2016-07-01,0.03068074422093468
2016-07-05,0.034697088043763265
2016-07-06,0.034213827321694985
2016-07-07,0.030708403621225892
2016-07-08,0.029432958339101103
2016-07-11,0.028272569798558477
2016-07-12,0.027479296769368024
2016-07-13,0.03307098730309103
2016-07-14,0.028259377704038503
2016-07-15,0.027629739008842028
2016-07-18,0.029401914840721716
2016-07-19,0.025661907037949367
2016-07-20,0.028391973292579954
2016-07-21,0.029599639406267322
2016-07-22,0.03300676847049806
2016-07-25,0.032272015111959367
2016-07-26,0.03079689442591633
2016-07-27,0.031880474655365566
2016-07-28,0.03146416645658982
2016-07-29,0.03050611733199419
2016-08-01,0.02865236624500643
2016-08-02,0.034704630593253
2016-08-03,0.03154218037193335
2016-08-04,0.032702938060854864
2016-08-05,0.029832810970139897
2016-08-08,0.03018275224139027
2016-08-09,0.02935722549816448
2016-08-10,0.028593910080498372
2016-08-11,0.02797475283439506
2016-08-12,0.028530554345569552
2016-08-15,0.024984172359741774
2016-08-16,0.028432346169652078
2016-08-17,0.02834036135821592
2016-08-18,0.028173896097840833
2016-08-19,0.031319828876047166
2016-08-22,0.02694921679938635
2016-08-23,0.027563219401989143
2016-08-24,0.027803170257789205
2016-08-25,0.02610490676276127
2016-08-26,0.028068438701012034
2016-08-29,0.0255936260573374
2016-08-30,0.024938264298770624
2016-08-31,0.025562908165232833
2016-09-01,0.02587532088350473
2016-09-02,0.026171544924487783
2016-09-06,0.025759968579490894
2016-09-07,0.028906025706724982
2016-09-08,0.029232006268366105
2016-09-09,0.028010431803236518
2016-09-12,0.028144244129230892
2016-09-13,0.029741598090145677
2016-09-14,0.030063552524567976
2016-09-15,0.027436026006047852
2016-09-16,0.02974644891867291
2016-09-19,0.027237197714423723
2016-09-20,0.02696882747254102
2016-09-21,0.027232467477269335
2016-09-22,0.03131141849586176
2016-09-23,0.0286704049320145
2016-09-26,0.029408648947584295
2016-09-27,0.026949507848087823
2016-09-28,0.028734347449745127
2016-09-29,0.03675675522202343
2016-09-30,0.03451124868840322
2016-10-03,0.03149300493270972
2016-10-04,0.03211479914161651
2016-10-05,0.0269049681600062
2016-10-06,0.03202086454770301
2016-10-07,0.02628896448150307
2016-10-10,0.025929290668753716
2016-10-11,0.030928226269480465
2016-10-12,0.03401032247082149
2016-10-13,0.028864520758037752
2016-10-14,0.027446520350214818
2016-10-17,0.0278628584043383
2016-10-18,0.02715114776805651
2016-10-19,0.03306295914552107
2016-10-20,0.031214079823757887
2016-10-21,0.02767044188953574
2016-10-24,0.029371859874753086
2016-10-25,0.02969143745152061
2016-10-26,0.029697154397775073
2016-10-27,0.03078475087317732
2016-10-28,0.029742655658109518
2016-10-31,0.03207156935863391
2016-11-01,0.033067260213342775
2016-11-02,0.028852830364084883
2016-11-03,0.034008304873741006
2016-11-04,0.03509781086532452
2016-11-07,0.03090266624978469
2016-11-08,0.0336410164970953
2016-11-09,0.03683883411726008
2016-11-10,0.04024738613043823
2016-11-11,0.03816460955070854
2016-11-14,0.032019873858485634
2016-11-15,0.03364203576438385
2016-11-16,0.03554527954067325
2016-11-17,0.033215186692221
2016-11-18,0.02888626836573167
2016-11-21,0.028158440202397016
2016-11-22,0.03314663994661923
2016-11-23,0.031578081632448074
2016-11-25,0.032270338318348635
2016-11-28,0.029323946735049337
2016-11-29,0.030046118711538984
2016-11-30,0.030081822519272976
2016-12-01,0.04763976386039612
2016-12-02,0.03666797713408685
2016-12-05,0.031658538393695076
2016-12-06,0.02886670725432389
2016-12-07,0.03086245931626824
2016-12-08,0.03175659089564422
2016-12-09,0.029516158792500618
2016-12-12,0.031039017715848806
2016-12-13,0.034748018964779616
2016-12-14,0.030810864686129827
2016-12-15,0.030777666956422492
2016-12-16,0.02864312423972207
2016-12-19,0.033556007232862534
2016-12-20,0.029309030377999357
2016-12-21,0.03056229590245225
2016-12-22,0.029277245582471113
2016-12-23,0.02646553305283322
2016-12-27,0.02562554688742103
2016-12-28,0.026285032663994193
2016-12-29,0.02505293561695389
2016-12-30,0.0233430770284776
2017-01-03,0.049121614779132544
2017-01-04,0.2860516202299545
2017-01-05,0.05945411058389526
2017-01-06,0.06489566519001227
2017-01-09,0.07210594568691985
2017-01-10,0.06831576557560265
2017-01-11,0.06958398449746164
2017-01-12,0.07244157512879099
2017-01-13,0.06469544446111816
2017-01-17,0.06399667458950732
2017-01-18,0.07164421633374907
2017-01-19,0.08093868107552295
2017-01-20,0.08061869812173678
2017-01-23,0.06916702809076347
2017-01-24,0.07479843582533131
2017-01-25,0.07129369383596541
2017-01-26,0.06664742433657633
2017-01-27,0.0878687323359891
2017-01-30,0.08281082549307066
2017-01-31,0.06925393308169633
2017-02-01,0.06807267537830795
2017-02-02,0.06808977721936423
2017-02-03,0.08229810192410716
2017-02-06,0.07139979197618043
2017-02-07,0.07253713248583832
2017-02-08,0.07883344759929528
2017-02-09,0.08261007113276526
2017-02-10,0.08684298420553924
2017-02-13,0.09418314996334831
2017-02-14,0.08041660120105232
2017-02-15,0.08051563334099182
2017-02-16,0.08291803426814362
2017-02-17,0.08385222578490138
2017-02-21,0.08358964174227125
2017-02-22,0.07874806827485724
2017-02-23,0.08407633698828385
2017-02-24,0.08542288895004821
2017-02-27,0.07630492241164748
2017-02-28,0.08906654449599333
2017-03-01,0.07271995252405487
2017-03-02,0.06731199909344002
2017-03-03,0.08407402652666267
2017-03-06,0.08533682136523096
2017-03-07,0.08155284839311729
2017-03-08,0.08028006255170336
2017-03-09,0.08540674102908248
2017-03-10,0.0838552438386458
2017-03-13,0.07163734499487298
2017-03-14,0.07585646041613818
2017-03-15,0.08160696685125499
2017-03-16,0.06363230235873948
2017-03-17,0.06954161253534133
2017-03-20,0.038555591383183915
2017-03-21,0.07817662858313296
2017-03-22,0.055972202958109514
2017-03-23,0.08115631808485999
2017-03-24,0.08929286374298122
2017-03-27,0.09356572357873308
2017-03-28,0.08406441552797118
2017-03-29,0.07783768010105835
2017-03-30,0.08456877442452639
2017-03-31,0.0848482009069457
2017-04-03,0.06843553956407056
2017-04-04,0.07047034036119668
2017-04-05,0.07845363412557853
2017-04-06,0.0755745190249796
2017-04-07,0.07440121578451929
2017-04-10,0.07462412217244949
2017-04-11,0.06909099137647239
2017-04-12,0.08705360281181436
2017-04-13,0.08218757883953572
2017-04-17,0.08530077676534395
2017-04-18,0.07251086439732847
2017-04-19,0.08709897612080743
2017-04-20,0.08528949009740361
2017-04-21,0.07865839132891302
2017-04-24,0.0834222825916007
2017-04-25,0.07923935024297483
2017-04-26,0.08842787367542511
2017-04-27,0.08811884706746285
2017-04-28,0.09575979409216984
2017-05-01,0.08644461836600649
2017-05-02,0.0838207521926251
2017-05-03,0.08370881800577902
2017-05-04,0.0923963344753627
2017-05-05,0.09733574518572927
2017-05-08,0.08980113526491404
2017-05-09,0.08847854401024535
2017-05-10,0.08460419369714497
2017-05-11,0.08926242188006513
2017-05-12,0.09311879996926521
2017-05-15,0.09168498334252645
2017-05-16,0.08981493244458834
2017-05-17,0.09070639579707336
2017-05-18,0.06384344178772944
2017-05-19,0.07249136552683352
2017-05-22,0.06961903881839901
2017-05-23,0.09195669544637104
2017-05-24,0.09365325936544475
2017-05-25,0.09877754032480779
2017-05-26,0.10031874044663147
2017-05-30,0.08622002986700697
2017-05-31,0.08484393697806458
2017-06-01,0.06263673086772312
2017-06-02,0.07629561345121731
2017-06-05,0.07813559668408428
2017-06-06,0.08200369738137707
2017-06-07,0.08426230348269663
2017-06-08,0.0952371792741744
2017-06-09,0.07261455864621186
2017-06-12,0.07963632101484976
2017-06-13,0.05897891327737453
2017-06-14,0.08889917414245169
2017-06-15,0.09341307304105231
2017-06-16,0.08785236063370278
2017-06-19,0.04374890069413395
2017-06-20,0.08641928415087982
2017-06-21,0.08660460831427727
2017-06-22,0.09371540577401966
2017-06-23,0.09971602291617325
2017-06-26,0.08272675063313667
2017-06-27,0.08445334929929689
2017-06-28,0.09149098052535473
2017-06-29,0.08707577962602563
2017-06-30,0.0865684722228168
2017-07-03,0.06836834083417202
2017-07-05,0.0603199870077827
2017-07-06,0.07706557567471514
2017-07-07,0.07250826679955164
2017-07-10,0.07004108915500762
2017-07-11,0.09188262453281756
2017-07-12,0.0761070596794842
2017-07-13,0.07407715100444144
2017-07-14,0.07600323835797575
2017-07-17,0.06936907260967028
2017-07-18,0.0725013448908739
2017-07-19,0.08258545431807032
2017-07-20,0.0808213955723548
2017-07-21,0.08095690924149843
2017-07-24,0.08310934299085128
2017-07-25,0.08716822913581666
2017-07-26,0.08403376054377662
2017-07-27,0.08180336247520595
2017-07-28,0.06909964591970229
2017-07-31,0.08803534114598587
2017-08-01,0.07508329976873887
2017-08-02,0.0791990945744292
2017-08-03,0.07894777748628495
2017-08-04,0.08861809402080335
2017-08-07,0.07962872854745774
2017-08-08,0.07736362110322698
2017-08-09,0.073727758609316
2017-08-10,0.07591283230461233
2017-08-11,0.0672608500271729
2017-08-14,0.06879893088989542
2017-08-15,0.06598877025647515
2017-08-16,0.07287720173474517
2017-08-17,0.07534356916030234
2017-08-18,0.06800836386116635
2017-08-21,0.06593396330915546
2017-08-22,0.06657841994727023
2017-08-23,0.06642705178301891
2017-08-24,0.07087845102368974
2017-08-25,0.08425276525739761
2017-08-28,0.06627645189173376
2017-08-29,0.07801987567473402
2017-08-30,0.06469814896518793
2017-08-31,0.0697683973892251
2017-09-01,0.05545303185748009
2017-09-05,0.066864070263633
2017-09-06,0.06691621509062243
2017-09-07,0.07134322861125009
2017-09-08,0.0766679080013409
2017-09-11,0.07826676790796754
2017-09-12,0.0637893076773682
2017-09-13,0.07989996839374224
2017-09-14,0.0742990036563847
2017-09-15,0.06420331198396217
2017-09-18,0.039857557420375084
2017-09-19,0.07814182143045101
2017-09-20,0.07444486990474301
2017-09-21,0.06442654065622573
2017-09-22,0.07347422166536159
2017-09-25,0.07851938290279155
2017-09-26,0.06933957388129748
2017-09-27,0.07886210558158249
2017-09-28,0.06955741252930989
2017-09-29,0.07556255453396411
2017-10-02,0.07123996464629355
2017-10-03,0.07395424159022436
2017-10-04,0.07462672229545463
2017-10-05,0.0714849031809288
2017-10-06,0.07688495678839895
2017-10-09,0.08048627163397129
2017-10-10,0.06972576004181334
2017-10-11,0.07032382936968287
2017-10-12,0.07980428295308813
2017-10-13,0.07350539189944177
2017-10-16,0.07781057612493672
2017-10-17,0.08068381190353968
2017-10-18,0.08245352022981371
2017-10-19,0.0829686587133037
2017-10-20,0.09063654897223708
2017-10-23,0.06998656345515927
2017-10-24,0.07437610123529023
2017-10-25,0.08112111679591101
2017-10-26,0.08055993606042242
2017-10-27,0.0855950813591748
2017-10-30,0.06931182351925459
2017-10-31,0.07938074505459564
2017-11-01,0.06854659519302675
2017-11-02,0.07108735505153795
2017-11-03,0.09084516138026437
2017-11-06,0.08836955526153371
2017-11-07,0.08468491890372914
2017-11-08,0.0803651739803442
2017-11-09,0.09973018254471687
2017-11-10,0.07537421180688805
2017-11-13,0.07541469523636847
2017-11-14,0.07908157766670962
2017-11-15,0.07841563502150668
2017-11-16,0.06762841090484595
2017-11-17,0.06914145403310121
2017-11-20,0.08283954980762528
2017-11-21,0.08133643207629355
2017-11-22,0.07221267913578329
2017-11-24,0.07521357788544311
2017-11-27,0.0295745059813318
2017-11-28,0.07985752467568655
2017-11-29,0.07230400892659075
2017-11-30,0.06848012503499147
2017-12-01,0.03095654246513175
2017-12-04,0.04583668492480772
2017-12-05,0.06488980621570582
2017-12-06,0.06682611074437904
2017-12-07,0.07713979889192837
2017-12-08,0.08397179702477622
2017-12-11,0.08132856395286174
2017-12-12,0.07902741231669622
2017-12-13,0.08909509562420503
2017-12-14,0.0791066623336329
2017-12-15,0.07709453649105345
2017-12-18,0.03769841123998666
2017-12-19,0.06600139169999325
2017-12-20,0.07210781448844951
2017-12-21,0.0860693588867252
2017-12-22,0.10209814728035053
2017-12-26,0.08083749357710954
2017-12-27,0.047421469505239955
2017-12-28,0.059193130357504495
2017-12-29,0.0504842470912621
2018-01-02,0.07462061691668415
2018-01-03,0.3411629911465512
2018-01-04,0.08172982246051758
2018-01-05,0.08778381100704583
2018-01-08,0.08605260003459582
2018-01-09,0.08759601898952393
2018-01-10,0.09697070565550275
2018-01-11,0.12285390707677789
2018-01-12,0.11122145233857995
2018-01-16,0.09880273485995184
2018-01-17,0.08596053583926729
2018-01-18,0.09133049002111665
2018-01-19,0.09301618425681285
2018-01-22,0.06994871056251048
2018-01-23,0.08815791421775121
2018-01-24,0.09739597892742298
2018-01-25,0.08012694910905048
2018-01-26,0.09459999279769446
2018-01-29,0.096086150596279
2018-01-30,0.08931908797531588
2018-01-31,0.07108595309848673
2018-02-01,0.06295476945115241
2018-02-02,0.08087508709836931
2018-02-05,0.059525470129436424
2018-02-06,0.04307399549875664
2018-02-07,0.028486734507255092
2018-02-08,0.06147825760712066
2018-02-09,0.04702768231342722
2018-02-12,0.0315309556002721
2018-02-13,0.059054192001988144
2018-02-14,0.06317293718159847
2018-02-15,0.07341154387508142
2018-02-16,0.06573832706261055
2018-02-20,0.0695887895145835
2018-02-21,0.06935708336138435
2018-02-22,0.07015492939525365
2018-02-23,0.06534751216206924
2018-02-26,0.06100710433139996
2018-02-27,0.06368857409780172
2018-02-28,0.06334336075469352
2018-03-01,0.06270871989290445
2018-03-02,0.04718220729102812
2018-03-05,0.05838131168319219
2018-03-06,0.06388078346639496
2018-03-07,0.07027541116124814
2018-03-08,0.06648394079483579
2018-03-09,0.07416871481600233
2018-03-12,0.06905016773239035
2018-03-13,0.07465956200754445
2018-03-14,0.07470117897215105
2018-03-15,0.07707122894805438
2018-03-16,0.07270645870973813
2018-03-19,0.05930900091967125
2018-03-20,0.06632847532147929
2018-03-21,0.07133093150058406
2018-03-22,0.08059490112615367
2018-03-23,0.07274832166672306
2018-03-26,0.06515701290900937
2018-03-27,0.06555672909218548
2018-03-28,0.0692598596209477
2018-03-29,0.06325042181998612
2018-04-02,0.07206819609227016
2018-04-03,0.059361516195076416
2018-04-04,0.06232969419704444
2018-04-05,0.06393183663372758
2018-04-06,0.06633224788600434
2018-04-09,0.06825443768218048
2018-04-10,0.06473208648746101
2018-04-11,0.07773275038343229
2018-04-12,0.07405328273773673
2018-04-13,0.08403972782903574
2018-04-16,0.07656713953607275
2018-04-17,0.0937361107054255
2018-04-18,0.09648073703267887
2018-04-19,0.10604578969280501
2018-04-20,0.0997139834124483
2018-04-23,0.08536216594639875
2018-04-24,0.0866225869567039
2018-04-25,0.08480924266426071
2018-04-26,0.09552933846719402
2018-04-27,0.10460862639174928
2018-04-30,0.09711580795718046
2018-05-01,0.08690278984609467
2018-05-02,0.09577699041954663
2018-05-03,0.09088297734593329
2018-05-04,0.08712522817325327
2018-05-07,0.09029437765231017
2018-05-08,0.08909714365273882
2018-05-09,0.08831260235491298
2018-05-10,0.09214159967375561
2018-05-11,0.08243854626611344
2018-05-14,0.09070914749609905
2018-05-15,0.09466112874805621
2018-05-16,0.08192480909392467
2018-05-17,0.0882509487309549
2018-05-18,0.09846696927840833
2018-05-21,0.09413934442811654
2018-05-22,0.096610190492596
2018-05-23,0.0982874203532137
2018-05-24,0.09436327268853319
2018-05-25,0.0943147163430359
2018-05-29,0.09768014255996652
2018-05-30,0.10070660502888244
2018-05-31,0.0962995732035843
2018-06-01,0.07344188912989394
2018-06-04,0.09393884689916877
2018-06-05,0.09903339613612555
2018-06-06,0.09525828809605341
2018-06-07,0.09896997738338309
2018-06-08,0.09985258147632807
2018-06-11,0.09267248438350972
2018-06-12,0.09672239680417777
2018-06-13,0.10836156346534237
2018-06-14,0.11330270139046543
2018-06-15,0.10431063938507805
2018-06-18,0.04592876324864471
2018-06-19,0.08793488061279411
2018-06-20,0.09020668990488563
2018-06-21,0.0983164939575746
2018-06-22,0.0983058038368363
2018-06-25,0.09218084385403906
2018-06-26,0.0994480313139886
2018-06-27,0.1056718748181844
2018-06-28,0.08768115971630386
2018-06-29,0.10408402254710082
2018-07-02,0.101425680136517
2018-07-03,0.09298223760635346
2018-07-05,0.047286582448939074
2018-07-06,0.09199926072326751
2018-07-09,0.08832678889565393
2018-07-10,0.10770888853963391
2018-07-11,0.10566186992464963
2018-07-12,0.09315646705723934
2018-07-13,0.09993742707415025
2018-07-16,0.11638892951657062
2018-07-17,0.10270089959859285
2018-07-18,0.10188754343529971
2018-07-19,0.10071473446621601
2018-07-20,0.10478817236356139
2018-07-23,0.09529252274674826
2018-07-24,0.09434083906162966
2018-07-25,0.08676669312922462
2018-07-26,0.09629324472136916
2018-07-27,0.09802483373468665
2018-07-30,0.0969365283998268
2018-07-31,0.08914418803660767
2018-08-01,0.07755314686913446
2018-08-02,0.09048354740870938
2018-08-03,0.09769415198549428
2018-08-06,0.09000528136583626
2018-08-07,0.08779285336909827
2018-08-08,0.08753210408181644
2018-08-09,0.09421649730664028
2018-08-10,0.09257625312069541
2018-08-13,0.0943692221186247
2018-08-14,0.08339499886658236
2018-08-15,0.08667429259050921
2018-08-16,0.08686844929190639
2018-08-17,0.09721935435411
2018-08-20,0.09675929817097446
2018-08-21,0.09907467629274831
2018-08-22,0.09460541646528459
2018-08-23,0.09709867347803725
2018-08-24,0.09031032124644384
2018-08-27,0.08213415866660544
2018-08-28,0.08754625240443964
2018-08-29,0.0876600926298334
2018-08-30,0.08662019078434118
2018-08-31,0.08862794943501354
2018-09-04,0.08140279528862894
2018-09-05,0.08981220793468052
2018-09-06,0.07680826320413085
2018-09-07,0.08513865129676777
2018-09-10,0.08913631872841052
2018-09-11,0.08975044067048943
2018-09-12,0.0874793757309882
2018-09-13,0.08649062252879508
2018-09-14,0.0862832932814017
2018-09-17,0.08983506739432534
2018-09-18,0.07624593929653294
2018-09-19,0.07497681003986603
2018-09-20,0.09075754180912202
2018-09-21,0.071493642793092
2018-09-24,0.0263624571831935
2018-09-25,0.08840867203261445
2018-09-26,0.08923897309195035
2018-09-27,0.07861285220277593
2018-09-28,0.07764891719031344
2018-10-01,0.07606541417054874
2018-10-02,0.08228766979475438
2018-10-03,0.08648716130015924
2018-10-04,0.08075258217958205
2018-10-05,0.08152839370795827
2018-10-08,0.08608892684105492
2018-10-09,0.08840980428244222
2018-10-10,0.09428834973583111
2018-10-11,0.04855355319290098
2018-10-12,0.03608242719415851
2018-10-15,0.05702319614904455
2018-10-16,0.0852126280645199
2018-10-17,0.0964912683406915
2018-10-18,0.10591686223815622
2018-10-19,0.08754790004439571
2018-10-22,0.08578914094899254
2018-10-23,0.0990830834229876
2018-10-24,0.06945367356871461
2018-10-25,0.051635614427590945
2018-10-26,0.06559649982378754
2018-10-29,0.04889101212341515
2018-10-30,0.059623632159527665
2018-10-31,0.059538107077858275
2018-11-01,0.05011634669809569
2018-11-02,0.08906955659437142
2018-11-05,0.08135057644553573
2018-11-06,0.11221861041598372
2018-11-07,0.1146601226516545
2018-11-08,0.10515036736288763
2018-11-09,0.11696410995444571
2018-11-12,0.10997574531427151
2018-11-13,0.10274877592973646
2018-11-14,0.11305004192626655
2018-11-15,0.09626755684585955
2018-11-16,0.08682405485256667
2018-11-19,0.09899041302447988
2018-11-20,0.09356076874478077
2018-11-21,0.0802119404008786
2018-11-23,0.10064359783467561
2018-11-26,0.030454224861794756
2018-11-27,0.09613569869351603
2018-11-28,0.10358833224402196
2018-11-29,0.08512647446617491
2018-11-30,0.10853398394962717
2018-12-03,0.07762957938961287
2018-12-04,0.07459170761643777
2018-12-06,0.05839286220066468
2018-12-07,0.056012499165006176
2018-12-10,0.07320646966228835
2018-12-11,0.09300597446797353
2018-12-12,0.10060130838843202
2018-12-13,0.08289710304893676
2018-12-14,0.10128124392369328
2018-12-17,0.09773042984811156
2018-12-18,0.07339587120866493
2018-12-19,0.08732896897384157
2018-12-20,0.0689969988069962
2018-12-21,0.04448720335652926
2018-12-24,0.024675832934961353
2018-12-26,0.06681026074945923
2018-12-27,0.06300523174029254
2018-12-28,0.0748938396474395
2018-12-31,0.07260800337649062
2019-01-02,0.014434967412950197
2019-01-03,0.16673793295136483
2019-01-04,0.025238867234398017
2019-01-07,0.020814187716250848
2019-01-08,0.020037312246413443
2019-01-09,0.01602556762983194
2019-01-10,0.0170249607917451
2019-01-11,0.01679312566671138
2019-01-14,0.015689543445883386
2019-01-15,0.017410076677713826
2019-01-16,0.017142393459790697
2019-01-17,0.015421048183699285
2019-01-18,0.01475159694926418
2019-01-22,0.017596148682288877
2019-01-23,0.022277281104115997
2019-01-24,0.017933782152813195
2019-01-25,0.02419693000961691
2019-01-28,0.01893728629246941
2019-01-29,0.020422951006187663
2019-01-30,0.017900193819419003
2019-01-31,0.019317224145637094
2019-02-01,0.022319342173737503
2019-02-04,0.01556062659223515
2019-02-05,0.017815621490531626
2019-02-06,0.012778557542753591
2019-02-07,0.0173698865391393
2019-02-08,0.022400376967443875
2019-02-11,0.014876540863816321
2019-02-12,0.014240480121576606
2019-02-13,0.016821042107876577
2019-02-14,0.01593022750910964
2019-02-15,0.015261722243961391
2019-02-19,0.016802531434921865
2019-02-20,0.013486690370393422
2019-02-21,0.014829641109119501
2019-02-22,0.014162139663341136
2019-02-25,0.016756690786893777
2019-02-26,0.0157167075719284
2019-02-27,0.01551868664820099
2019-02-28,0.016687381376810376
2019-03-01,0.015489137669692949
2019-03-04,0.01608449971087965
2019-03-05,0.017921102910529955
2019-03-06,0.014041623193188833
2019-03-07,0.017060398474840414
2019-03-08,0.016458071645824947
2019-03-11,0.016424587785032065
2019-03-12,0.015990302073829066
2019-03-13,0.013508921942545079
2019-03-14,0.016291325857885806
2019-03-15,0.014883697417684279
2019-03-18,0.018277804098253594
2019-03-19,0.01697105760490305
2019-03-20,0.01805069747334277
2019-03-21,0.015702004844608382
2019-03-22,0.02441815173711942
2019-03-25,0.01919951715053268
2019-03-26,0.014301549387074829
2019-03-27,0.01605653727474043
2019-03-28,0.016629577471579587
2019-03-29,0.014938899488005003
2019-04-01,0.016452053907527693
2019-04-02,0.017783473017695065
2019-04-03,0.015778641944781367
2019-04-04,0.018990398949234787
2019-04-05,0.015677101685997345
2019-04-08,0.014767106356382783
2019-04-09,0.016696275348157708
2019-04-10,0.017615131256680672
2019-04-11,0.014561612673727263
2019-04-12,0.014004578366837293
2019-04-15,0.022736887573841458
2019-04-16,0.015476838378200845
2019-04-17,0.017173518137931897
2019-04-18,0.01928515061697144
2019-04-22,0.013606217565980188
2019-04-23,0.01696574510021946
2019-04-24,0.018324604638498637
2019-04-25,0.015525738219458496
2019-04-26,0.021831050556921264
2019-04-29,0.015868497696573232
2019-04-30,0.014621135443531776
2019-05-01,0.01615002995004136
2019-05-02,0.015483760941331538
2019-05-03,0.015922770081233314
2019-05-06,0.016771985290522068
2019-05-07,0.019649088703344482
2019-05-08,0.0193272369074934
2019-05-09,0.016608633198406005
2019-05-10,0.014861166659135429
2019-05-13,0.018922881207918275
2019-05-14,0.02296491886941232
2019-05-15,0.01849515429962404
2019-05-16,0.01674682393124003
2019-05-17,0.017798522418288835
2019-05-20,0.019463688628073045
2019-05-21,0.02249108832749465
2019-05-22,0.014094096223851245
2019-05-23,0.01892564859596927
2019-05-24,0.018396808815547797
2019-05-28,0.015855260722027947
2019-05-29,0.018253342781830384
2019-05-30,0.01661570381552295
2019-05-31,0.01596307877797048
2019-06-03,0.018841880012034212
2019-06-04,0.022411542575239127
2019-06-05,0.024504577023909842
2019-06-06,0.02067287196034912
2019-06-07,0.0189227482087779
2019-06-10,0.016461649566391647
2019-06-11,0.02037429174787823
2019-06-12,0.01833561519588075
2019-06-13,0.02157010809149052
2019-06-14,0.01818434588239211
2019-06-17,0.01805342562082229
2019-06-18,0.017561632126501095
2019-06-19,0.02352353741524859
2019-06-20,0.017147844085045647
2019-06-21,0.01815312142774752
2019-06-24,0.017171775066211654
2019-06-25,0.017899393794854383
2019-06-26,0.01827096594154322
2019-06-27,0.023407980789915427
2019-06-28,0.016102174957115696
2019-07-01,0.01764458126958826
2019-07-02,0.019164009472675155
2019-07-03,0.016416236334752886
2019-07-05,0.018531080585578903
2019-07-08,0.01612382520426926
2019-07-09,0.01709108222472326
2019-07-10,0.053519784522421475
2019-07-11,0.01982125264299045
2019-07-12,0.019033997072236332
2019-07-15,0.01601420215447321
2019-07-16,0.016986581834410694
2019-07-17,0.01714169436825197
2019-07-18,0.017953561369183635
2019-07-19,0.021774751412732416
2019-07-22,0.017301967287874635
2019-07-23,0.019573801708787964
2019-07-24,0.01672633444480699
2019-07-25,0.017844302609932382
2019-07-26,0.020005309203040812
2019-07-29,0.02044827823535961
2019-07-30,0.017313452772476277
2019-07-31,0.016526874321099658
2019-08-01,0.023342602995477607
2019-08-02,0.023242603958082777
2019-08-05,0.0206445766856015
2019-08-06,0.024765788565232927
2019-08-07,0.019132197418420725
2019-08-08,0.01869724501028409
2019-08-09,0.02232832300146374
2019-08-12,0.038517721575230826
2019-08-13,0.020410553511360546
2019-08-14,0.019165631234440504
2019-08-15,0.021671292873680314
2019-08-16,0.020265537205778485
2019-08-19,0.020643923212782203
2019-08-20,0.016909942971764385
2019-08-21,0.016894269457617316
2019-08-22,0.017503560855813394
2019-08-23,0.018057254465512956
2019-08-26,0.021148314204435102
2019-08-27,0.01733314423253431
2019-08-28,0.01968336293990897
2019-08-29,0.017390804915871385
2019-08-30,0.014648628385792855
2019-09-03,0.02106622091413294
2019-09-04,0.01947978605453888
2019-09-05,0.019436561163684266
2019-09-06,0.020325151306516295
2019-09-09,0.015177166052827123
2019-09-10,0.01943343082564055
2019-09-11,0.019513808279128027
2019-09-12,0.018298774518429126
2019-09-13,0.01660401925369654
2019-09-16,0.017672414125738452
2019-09-17,0.016947809458430163
2019-09-18,0.016933059566705974
2019-09-19,0.016358528642811145
2019-09-20,0.016924241686593455
2019-09-23,0.019463019509210935
2019-09-24,0.016705553216404795
2019-09-25,0.019566661781855017
2019-09-26,0.018309432380293117
2019-09-27,0.014984355086768921
2019-09-30,0.020414618433033632
2019-10-01,0.014581971290544244
2019-10-02,0.018457647552596775
2019-10-03,0.017289152702420714
2019-10-04,0.018269236933142332
2019-10-07,0.018342491863114443
2019-10-08,0.015853459492395073
2019-10-09,0.01753736546404288
2019-10-10,0.015756616311501256
2019-10-11,0.01685512747064897
2019-10-14,0.018316899110598348
2019-10-15,0.015960933242899468
2019-10-16,0.01622260248184145
2019-10-17,0.016655307336777024
2019-10-18,0.014165731816618638
2019-10-21,0.019314205742451226
2019-10-22,0.017160982777425157
2019-10-23,0.019553900133724454
2019-10-24,0.016516234575600308
2019-10-25,0.02927487399752495
2019-10-28,0.020188986537280483
2019-10-29,0.017470618890155356
2019-10-30,0.017063829731359816
2019-10-31,0.021136150644403003
2019-11-01,0.020986624016421266
2019-11-04,0.01806698887700079
2019-11-05,0.02120295051872198
2019-11-06,0.016042808502918428
2019-11-07,0.015943467409306272
2019-11-08,0.0206823977919717
2019-11-11,0.016971850376941093
2019-11-12,0.015630991594979375
2019-11-13,0.01605592409512413
2019-11-14,0.019100627712478134
2019-11-15,0.015618479942802339
2019-11-18,0.018965217908766437
2019-11-19,0.018206599487551982
2019-11-20,0.018459133854629148
2019-11-21,0.016648966569407918
2019-11-22,0.04522166355439361
2019-11-25,0.01764283070428397
2019-11-26,0.017994810518415054
2019-11-27,0.0210281813657656
2019-11-29,0.016724379303904774
2019-12-02,0.016977372696078692
2019-12-03,0.017100797901627482
2019-12-04,0.019645362698183476
2019-12-05,0.01889970639643418
2019-12-06,0.01627835369127804
2019-12-09,0.01792413641991622
2019-12-10,0.016031680923301497
2019-12-11,0.016649611496695547
2019-12-12,0.017823605531437088
2019-12-13,0.021461257557921203
2019-12-16,0.017296901692487876
2019-12-17,0.019937699903249888
2019-12-18,0.0172749813895683
2019-12-19,0.017924002111696813
2019-12-20,0.01731893405892224
2019-12-23,0.019552096225364596
2019-12-24,0.01674433286609789
2019-12-26,0.017545860354115605
2019-12-27,0.014714436875401606
2019-12-30,0.016373687116280948
2019-12-31,0.015057649258257894
2020-01-02,0.02469425112507927
2020-01-03,0.28799452536875664
2020-01-06,0.028825049522604937
2020-01-07,0.02959953831934999
2020-01-08,0.029694799051473902
2020-01-09,0.031050754915978473
2020-01-10,0.026268637625750747
2020-01-13,0.028016519788788042
2020-01-14,0.02887720872031123
2020-01-15,0.029365907230084684
2020-01-16,0.02991906579231296
2020-01-17,0.029700757448211754
2020-01-21,0.03049588451946486
2020-01-22,0.03225808665905994
2020-01-23,0.028724831562860133
2020-01-24,0.029799236992637125
2020-01-27,0.029495494099445272
2020-01-28,0.03290751546818492
2020-01-29,0.028842675231499214
2020-01-30,0.03146881499768312
2020-01-31,0.031403647017845475
2020-02-03,0.0316822602849597
2020-02-04,0.03237219173148572
2020-02-05,0.032604984773788454
2020-02-06,0.03442959269292788
2020-02-07,0.030666110626848046
2020-02-10,0.03153753136534994
2020-02-11,0.031965040691078514
2020-02-12,0.030576193806057902
2020-02-13,0.029924174579529915
2020-02-14,0.031810797473859356
2020-02-18,0.029556344947830868
2020-02-19,0.030042233795313383
2020-02-20,0.03198624989987521
2020-02-21,0.028264083832146607
2020-02-24,0.03094914202822794
2020-02-25,0.033271287584397985
2020-02-26,0.03369481219519222
2020-02-27,0.036359978075613836
2020-02-28,0.03403367447145724
2020-03-02,0.035957104484634086
2020-03-03,0.03487076506656553
2020-03-04,0.03704609926195132
2020-03-05,0.03625950628346844
2020-03-06,0.03281050931322961
2020-03-09,0.042660420051289866
2020-03-10,0.07148779848637132
2020-03-11,0.036332342585490195
2020-03-12,0.04240216582923072
2020-03-13,0.05100691646229143
2020-03-16,0.046745685233692165
2020-03-17,0.05587763641150608
2020-03-18,0.05437914252024205
2020-03-19,0.06816695517592575
2020-03-20,0.0514115155904808
2020-03-23,0.045542583350693805
2020-03-24,0.057823502597694726
2020-03-25,0.055912457068684515
2020-03-26,0.05206254420350501
2020-03-27,0.04443792989916705
2020-03-30,0.04769499503685612
2020-03-31,0.04231847958938908
2020-04-01,0.041250997432236494
2020-04-02,0.04220696716062941
2020-04-03,0.04897761090130965
2020-04-06,0.03484473485059117
2020-04-07,0.04498478718259702
2020-04-08,0.03544026075887846
2020-04-09,0.03886440163228394
2020-04-13,0.03981147732583336
2020-04-14,0.04154721177400772
2020-04-15,0.036815935617330514
2020-04-16,0.03967800128032858
2020-04-17,0.04832976838946073
2020-04-20,0.043646507178581054
2020-04-21,0.03616262288655579
2020-04-22,0.030924861682474575
2020-04-23,0.03836150126982468
2020-04-24,0.03395554242532678
2020-04-27,0.030190251981118237
2020-04-28,0.03268045721464917
2020-04-29,0.03677427212599152
2020-04-30,0.04315135349175192
2020-05-01,0.03442598838948661
2020-05-04,0.03159697275835399
2020-05-05,0.03604977019401917
2020-05-06,0.03125055221204168
2020-05-07,0.03727789837506835
2020-05-08,0.030350204449200193
2020-05-11,0.03280881654605193
2020-05-12,0.03686459631767861
2020-05-13,0.027543261938829184
2020-05-14,0.03306315210691011
2020-05-15,0.02975110339294404
2020-05-18,0.029503803797763715
2020-05-19,0.044515600166445915
2020-05-20,0.029092509563330177
2020-05-21,0.031945276035391934
2020-05-22,0.02780651615344466
2020-05-26,0.02768086663616858
2020-05-27,0.03422632967893452
2020-05-28,0.025941454764865382
2020-05-29,0.033875493096296075
2020-06-01,0.0333464456986307
2020-06-02,0.030540587136524425
2020-06-03,0.02999306621779911
2020-06-04,0.034640459166234344
2020-06-05,0.03128647117539776
2020-06-08,0.04073523578953894
2020-06-09,0.03700801216447175
2020-06-10,0.03278235692414225
2020-06-11,0.03993002856650609
2020-06-12,0.03883585219290911
2020-06-15,0.03517372282366707
2020-06-16,0.02416202089934538
2020-06-17,0.030088003193041026
2020-06-18,0.030055836644265498
2020-06-19,0.02567954644535231
2020-06-22,0.028667004837358363
2020-06-23,0.027911838356535074
2020-06-24,0.024868575069697123
2020-06-25,0.029082025525262404
2020-06-26,0.025276510445963594
2020-06-29,0.02913578686317815
2020-06-30,0.027296233313435676
2020-07-01,0.028603973655621853
2020-07-02,0.03120248875752204
2020-07-06,0.02402899985623504
2020-07-07,0.02520984500690537
2020-07-08,0.027663581195640618
2020-07-09,0.01955032813295486
2020-07-10,0.0306368992458822
2020-07-13,0.03122720304977195
2020-07-14,0.02689327932607982
2020-07-15,0.030334985365016595
2020-07-16,0.03030571616948887
2020-07-17,0.025445259434564972
2020-07-20,0.025976680941116454
2020-07-21,0.028041069927047153
2020-07-22,0.027247953477646053
2020-07-23,0.0251098601434708
2020-07-24,0.026417321903439223
2020-07-27,0.024733960315315728
2020-07-28,0.02809424990058662
2020-07-29,0.026990741395454303
2020-07-30,0.031491824765192356
2020-07-31,0.032857373315595545
2020-08-03,0.02595379569949499
2020-08-04,0.026294490143119412
2020-08-05,0.028171268542851204
2020-08-06,0.026144650137763566
2020-08-07,0.024628461347897174
2020-08-10,0.024389797898324066
2020-08-11,0.03507537885487093
2020-08-12,0.027585429960095793
2020-08-13,0.02773042417924059
2020-08-14,0.021252086334542283
2020-08-17,0.02012985975749334
2020-08-18,0.02777677313032318
2020-08-19,0.024710839821466313
2020-08-20,0.024467410235565375
2020-08-21,0.02349706930118667
2020-08-24,0.023545041180647937
2020-08-25,0.03185609687302713
2020-08-26,0.022846029251319507
2020-08-27,0.025505410258659284
2020-08-28,0.02523871084707086
2020-08-31,0.022496953173530395
2020-09-01,0.02564552539708171
2020-09-02,0.025892320142479382
2020-09-03,0.024125139362309818
2020-09-04,0.027112116550249903
2020-09-08,0.026399831799614065
2020-09-09,0.02875411612837499
2020-09-10,0.028317765217869408
2020-09-11,0.027938179660371817
2020-09-14,0.024850049999240564
2020-09-15,0.02619396425194829
2020-09-16,0.027356212620041124
2020-09-17,0.028748945343348643
2020-09-18,0.02475564947218137
2020-09-21,0.02337006589613987
2020-09-22,0.02854881688000913
2020-09-23,0.02367848505086784
2020-09-24,0.03462352277045158
2020-09-25,0.020416196853284666
2020-09-28,0.025564432969449213
2020-09-29,0.0234585637815801
2020-09-30,0.023481136562448515
2020-10-01,0.022500608329221097
2020-10-02,0.02577990100828314
2020-10-05,0.028481125860235858
2020-10-06,0.022827123976347497
2020-10-07,0.02067756956442683
2020-10-08,0.023568272191876457
2020-10-09,0.02310829741540326
2020-10-12,0.025574888461883796
2020-10-13,0.024007264752085058
2020-10-14,0.025662021982211815
2020-10-15,0.02439154982330161
2020-10-16,0.02307830665778436
2020-10-19,0.024195356729204934
2020-10-20,0.021771885446126106
2020-10-21,0.02214393703121252
2020-10-22,0.024240489763265125
2020-10-23,0.03341377650148643
2020-10-26,0.02447749357442138
2020-10-27,0.024329308697431988
2020-10-28,0.026536413547644643
2020-10-29,0.028974764477732704
2020-10-30,0.027188020515611797
2020-11-02,0.028167401053389097
2020-11-03,0.02766455612300148
2020-11-04,0.026255255107406943
2020-11-05,0.04210577145310196
2020-11-06,0.028960172099993384
2020-11-09,0.023909112306687203
2020-11-10,0.06579951693688711
2020-11-11,0.031983248775711175
2020-11-12,0.030282251159730135
2020-11-13,0.025402490423332584
2020-11-16,0.024763707470640595
2020-11-17,0.02778523869220622
2020-11-18,0.023709067889591352
2020-11-19,0.02505051235198506
2020-11-20,0.025390457362987836
2020-11-23,0.02355525129649581
2020-11-24,0.02999262344518016
2020-11-25,0.03088280452427533
2020-11-27,0.02371491777927416
2020-11-30,0.023223425811078054
2020-12-01,0.02979729679287006
2020-12-02,0.025446288365172418
2020-12-03,0.027956542685899
2020-12-04,0.0256157013277409
2020-12-07,0.02879483379640233
2020-12-08,0.02684736470171038
2020-12-09,0.024541530469771696
2020-12-10,0.025976631465516296
2020-12-11,0.028387807592924662
2020-12-14,0.024125336624452376
2020-12-15,0.02829459516578863
2020-12-16,0.027181685647738395
2020-12-17,0.027331112584873203
2020-12-18,0.0262192489203061
2020-12-21,0.027109316221900284
2020-12-22,0.023964015593342363
2020-12-23,0.026988395137538868
2020-12-24,0.030046807649906478
2020-12-28,0.022965026399415514
2020-12-29,0.0248410572328396
2020-12-30,0.023834549908386425
2020-12-31,0.02711265866738678
2021-01-04,0.0430069595415746
2021-01-05,0.395059567740664
2021-01-06,0.04744181613006178
2021-01-07,0.04194676247812713
2021-01-08,0.048623136400821526
2021-01-11,0.04657473010460873
2021-01-12,0.048132384467713826
2021-01-13,0.05185612403402018
2021-01-14,0.04395530807569346
2021-01-15,0.04750913426747872
2021-01-19,0.04472621478921254
2021-01-20,0.045936122171100366
2021-01-21,0.054388691488037565
2021-01-22,0.051122844340026494
2021-01-25,0.049253229571393234
2021-01-27,0.04780184139397023
2021-01-28,0.04199082784099224
2021-01-29,0.0479685235968332
2021-02-01,0.03859778987729103
2021-02-02,0.04513269690343769
2021-02-03,0.04302005308314679
2021-02-04,0.05483873526264536
2021-02-05,0.05027605340369873
2021-02-08,0.052788958093678284
2021-02-09,0.05020489510936427
2021-02-10,0.04639054376928722
2021-02-11,0.04507466874138491
2021-02-12,0.048083858097433825
2021-02-16,0.04576071099361564
2021-02-17,0.048741918882625024
2021-02-18,0.0431629320681085
2021-02-19,0.04363712425870334
2021-02-22,0.048834371815250376
2021-02-23,0.04980486205887714
2021-02-24,0.035576690082150475
2021-02-25,0.04909666465625984
2021-02-26,0.04124336742948727
2021-03-01,0.033177483908413956
2021-03-02,0.04012451745825476
2021-03-03,0.04156180200720978
2021-03-04,0.04372505092950235
2021-03-05,0.031732805858166825
2021-03-08,0.03821076092603561
2021-03-09,0.04635752442710231
2021-03-10,0.039504117575337665
2021-03-11,0.03952799861007323
2021-03-12,0.039178684655873076
2021-03-15,0.04821289193711831
2021-03-16,0.051105864830978426
2021-03-17,0.043803422749991015
2021-03-18,0.04056731578271967
2021-03-19,0.043703376026036876
2021-03-22,0.02608047774019596
2021-03-23,0.04929101600672053
2021-03-24,0.04380691841078619
2021-03-25,0.03908567567748206
2021-03-26,0.03712774452910104
2021-03-29,0.036733086379143735
2021-03-30,0.04208334113693969
2021-03-31,0.04117164390893396
2021-04-01,0.038348476773987235
2021-04-05,0.04455515018753063
2021-04-06,0.04561697385387888
2021-04-07,0.046007599743340295
2021-04-08,0.04093637359298155
2021-04-09,0.042195402255834416
2021-04-12,0.03740644344183321
2021-04-13,0.042039218130015
2021-04-14,0.04472893247154481
2021-04-15,0.04633115209957478
2021-04-16,0.04442346947543031
2021-04-19,0.047318605050611584
2021-04-20,0.04370313255061811
2021-04-21,0.04899398166520951
2021-04-22,0.04940923528481607
2021-04-23,0.04526742983043535
2021-04-26,0.04157834055009331
2021-04-27,0.04347247187839871
2021-04-28,0.048234971886298245
2021-04-29,0.05751372630428943
2021-04-30,0.05208858801105133
2021-05-03,0.04480623479993733
2021-05-04,0.044414203805399635
2021-05-05,0.034437100268966014
2021-05-06,0.04250527460482009
2021-05-07,0.043877879166263054
2021-05-10,0.04271399903490647
2021-05-11,0.043678941589476925
2021-05-12,0.03953274542909061
2021-05-13,0.03864078152011702
2021-05-14,0.04245072086648859
2021-05-17,0.04694230247614056
2021-05-18,0.05436572508075535
2021-05-19,0.05123966868622907
2021-05-20,0.04532802517366347
2021-05-21,0.045854279766977285
2021-05-24,0.04286641080188849
2021-05-25,0.04281242481222389
2021-05-26,0.04683349902876043
2021-05-27,0.04903923365534548
2021-05-28,0.04318175132622176
2021-06-01,0.04768335258623393
2021-06-02,0.05394174610744028
2021-06-03,0.047704020984997465
2021-06-04,0.04589925469085253
2021-06-07,0.04436002248613308
2021-06-08,0.048650111484002126
2021-06-09,0.04606182511186836
2021-06-10,0.045162193689188335
2021-06-11,0.05173562334662414
2021-06-14,0.0426968174532433
2021-06-15,0.04853899982309268
2021-06-16,0.05600061518141394
2021-06-17,0.04112041538429381
2021-06-18,0.0466475888545861
2021-06-21,0.019249333539825143
2021-06-22,0.04342158556614769
2021-06-23,0.044485299808864294
2021-06-24,0.044599415177899907
2021-06-25,0.05220623916313082
2021-06-28,0.0482597655603904
2021-06-29,0.04862295671872516
2021-06-30,0.053338718922736464
2021-07-01,0.04077441963762217
2021-07-02,0.048703863683776966
2021-07-06,0.04320682670845217
2021-07-07,0.04544338967970133
2021-07-08,0.04682158898907953
2021-07-09,0.0479875472818776
2021-07-12,0.04793743330610722
2021-07-13,0.0468153521390492
2021-07-14,0.05139954661261148
2021-07-15,0.05324761027112451
2021-07-16,0.05012572870824883
2021-07-19,0.051481810674848125
2021-07-20,0.03675596285274548
2021-07-21,0.06452820932088724
2021-07-22,0.0607590820934441
2021-07-23,0.05373243275739306
2021-07-26,0.05320763486310479
2021-07-27,0.05366847115636398
2021-07-28,0.055171819759292605
2021-07-29,0.06147575831066971
2021-07-30,0.05805051211851124
2021-08-02,0.052447443428712465
2021-08-03,0.11947757969892378
2021-08-04,0.05798773043943811
2021-08-05,0.06166873112814756
2021-08-06,0.06621976459003302
2021-08-09,0.057822367974027365
2021-08-10,0.04893644402015318
2021-08-11,0.057871212292452026
2021-08-12,0.057226517381281136
2021-08-13,0.047902026318102024
2021-08-16,0.041338491280347514
2021-08-17,0.04582899455333139
2021-08-18,0.05050655158666514
2021-08-19,0.046024519057907186
2021-08-20,0.05190021918260368
2021-08-23,0.04953977526404843
2021-08-24,0.04832927123773602
2021-08-25,0.050967895521161065
2021-08-26,0.0418738571196748
2021-08-27,0.04515231128251091
2021-08-30,0.03951773159717879
2021-08-31,0.0508355358997425
2021-09-01,0.03493637557956154
2021-09-02,0.041074091523311075
2021-09-03,0.0470671875815695
2021-09-07,0.045068040350359
2021-09-08,0.04504367565199927
2021-09-09,0.04092251397287047
2021-09-10,0.04126121831347379
2021-09-13,0.042202135240913694
2021-09-14,0.035464649221057104
2021-09-15,0.04587376344332996
2021-09-16,0.04469513329528865
2021-09-17,0.04138902632042138
2021-09-20,0.0189490552215742
2021-09-21,0.028121676161611316
2021-09-22,0.04241642996180698
2021-09-23,0.04507178649133965
2021-09-24,0.04574106919125757
2021-09-27,0.04976115693158638
2021-09-28,0.043688386092428255
2021-09-29,0.03981539911833818
2021-09-30,0.11742453198877595
2021-10-01,0.032214850785032736
2021-10-04,0.03602847041881959
2021-10-05,0.042155005278320105
2021-10-06,0.04909038215307408
2021-10-07,0.040704255427842354
2021-10-08,0.0390288875935687
2021-10-11,0.05187561461828091
2021-10-12,0.0454159654423423
2021-10-13,0.04490260403644587
2021-10-14,0.045314932923311194
2021-10-15,0.04840663572275003
2021-10-18,0.04859478108292238
2021-10-19,0.04916092682425693
2021-10-20,0.053716106909477424
2021-10-21,0.0482339381925152
2021-10-22,0.05213339073450711
2021-10-25,0.0519430404069037
2021-10-26,0.04942927710699499
2021-10-27,0.0504790025073896
2021-10-28,0.055690820179764074
2021-10-29,0.060003187745979895
2021-11-01,0.04845543594382934
2021-11-02,0.055389160323962794
2021-11-03,0.05467712376612211
2021-11-04,0.05338611722946919
2021-11-05,0.04990903255566086
2021-11-08,0.05241191192307404
2021-11-09,0.04787854846274213
2021-11-10,0.049822514968740655
2021-11-11,0.04885260098635297
2021-11-12,0.051803581024271406
2021-11-15,0.04842850666435698
2021-11-16,0.22107235698802813
2021-11-17,0.050829180610754705
2021-11-18,0.051153891382735316
2021-11-19,0.05963337914396565
2021-11-22,0.036948360752945046
2021-11-23,0.050578633139732036
2021-11-24,0.047165681522947214
2021-11-26,0.05573282605105024
2021-11-29,0.06017308971750815
2021-11-30,0.2347326630351752
2021-12-01,0.013308513300364512
2021-12-02,0.03361449401712012
2021-12-03,0.03814981667741297
2021-12-06,0.03571519346777118
2021-12-07,0.042476450206495056
2021-12-08,0.041812048806154856
2021-12-09,0.051361311210957966
2021-12-10,0.06289009963677897
2021-12-13,0.05609467245640435
2021-12-14,0.051387823823363786
2021-12-15,0.040119346818980064
2021-12-16,0.043953105612985516
2021-12-17,0.040708536526897446
2021-12-20,0.019675756530258742
2021-12-21,0.03711712338928887
2021-12-22,0.05279483415817761
2021-12-23,0.05329341889450651
2021-12-27,0.05357160052147461
2021-12-28,0.04908812944554312
2021-12-29,0.04673941248921666
2021-12-30,0.04271302375855
2021-12-31,0.046906322049926806
2022-01-03,0.02578360876848072
2022-01-04,0.17941104706971628
2022-01-05,0.035132032772323435
2022-01-06,0.033155782854585716
2022-01-07,0.030164283200213117
2022-01-10,0.03539234334344557
2022-01-11,0.03170123423515732
2022-01-12,0.028611353127705175
2022-01-13,0.027468595302008278
2022-01-14,0.03527195910944059
2022-01-18,0.03234660121251843
2022-01-19,0.02935920374594238
2022-01-20,0.030633165043226922
2022-01-21,0.02933310446896796
2022-01-24,0.03541315288920651
2022-01-25,0.02865722165597942
2022-01-26,0.03821165277723462
2022-01-27,0.031017429051484403
2022-01-28,0.03237993042979649
2022-01-31,0.02883618514483878
2022-02-01,0.032108842043086644
2022-02-02,0.0302755285064914
2022-02-03,0.030594106708591078
2022-02-04,0.03227646952714551
2022-02-07,0.030413150191984817
2022-02-08,0.03348097977551273
2022-02-09,0.03360537807109223
2022-02-10,0.030269752805644704
2022-02-11,0.02995073810858196
2022-02-14,0.03497230058469056
2022-02-15,0.026734020151080427
2022-02-16,0.03525166121928819
2022-02-17,0.026703188189931913
2022-02-18,0.03168655749021815
2022-02-22,0.029477164132317775
2022-02-23,0.02638703510323486
2022-02-24,0.027546081622731044
2022-02-25,0.034226957754521156
2022-02-28,0.032248173434229636
2022-03-01,0.028946168187926998
2022-03-02,0.03060415404139109
2022-03-03,0.02767284298759788
2022-03-04,0.027646420583724518
2022-03-07,0.033610708455623306
2022-03-08,0.035676926976185325
2022-03-09,0.037643860800012585
2022-03-10,0.03284542660753691
2022-03-11,0.027515632756120338
2022-03-14,0.02846177958224034
2022-03-15,0.03303903219310832
2022-03-16,0.030028831434881886
2022-03-17,0.03144443700346722
2022-03-18,0.024682167493152444
2022-03-21,0.026752731386427454
2022-03-22,0.027543217615935093
2022-03-23,0.026665531226906146
2022-03-24,0.02477535210374615
2022-03-25,0.028020078147458074
2022-03-28,0.02538412190657951
2022-03-29,0.02477644951032501
2022-03-30,0.025918028096003128
2022-03-31,0.026669273281336992
2022-04-01,0.024214143639963444
2022-04-04,0.024555759874000455
2022-04-05,0.0249146190897045
2022-04-06,0.026779254951395208
2022-04-07,0.028562881837899658
2022-04-08,0.025016890278430622
2022-04-11,0.02777225243753182
2022-04-12,0.02583672587755637
2022-04-13,0.022624386928404135
2022-04-14,0.026414950313091306
2022-04-18,0.027128041219582517
2022-04-19,0.02472519750667357
2022-04-20,0.02534642336283221
2022-04-21,0.034572349611178964
2022-04-22,0.0327213998662831
2022-04-25,0.02670074981546266
2022-04-26,0.02375573655005695
2022-04-27,0.029378496495558043
2022-04-28,0.02833012335042298
2022-04-29,0.030802738443794546
2022-05-02,0.023821697631939073
2022-05-03,0.02630848093077609
2022-05-04,0.02706432502291465
2022-05-05,0.02369997209047045
2022-05-06,0.03014831991229374
2022-05-09,0.028707653199475627
2022-05-10,0.03479445664034574
2022-05-11,0.026787148508041116
2022-05-12,0.029217894813592524
2022-05-13,0.025925654846414844
2022-05-16,0.030690543501417693
2022-05-17,0.02416852080081488
2022-05-18,0.02516162588824547
2022-05-19,0.026253512655475264
2022-05-20,0.02860277974499753
2022-05-23,0.02299675592686028
2022-05-24,0.024268617772819724
2022-05-25,0.0289604728829075
2022-05-26,0.02537323362010436
2022-05-27,0.02683369089087341
2022-05-31,0.024318644573143786
2022-06-01,0.023459389179414383
2022-06-02,0.02204484667154416
2022-06-03,0.02831942508655684
2022-06-06,0.021272510991560807
2022-06-07,0.02018014042133462
2022-06-08,0.022625966273399602
2022-06-09,0.02219990941862084
2022-06-10,0.021635434554353135
2022-06-13,0.025171049765872876
2022-06-14,0.02415512739728542
2022-06-15,0.02548946366002148
2022-06-16,0.02670795365340877
2022-06-17,0.029007436233925297
2022-06-21,0.02693610462213252
2022-06-22,0.02512775264014544
2022-06-23,0.02207077256190171
2022-06-24,0.025033633303808416
2022-06-27,0.02398924368659671
2022-06-28,0.02046623781247294
2022-06-29,0.026569180937213787
2022-06-30,0.022359015968799387
2022-07-01,0.022996049689749044
2022-07-05,0.02451207571832014
2022-07-06,0.027467530887455287
2022-07-07,0.02063559809600191
2022-07-08,0.026296230478069962
2022-07-11,0.020321965618387665
2022-07-12,0.021951626436152984
2022-07-13,0.027805006175427107
2022-07-14,0.019455997261671847
2022-07-15,0.022662109233407807
2022-07-18,0.021883899316961233
2022-07-19,0.02387646924554515
2022-07-20,0.021817597381179242
2022-07-21,0.023615066225038277
2022-07-22,0.02325607373853658
2022-07-25,0.021854590115229312
2022-07-26,0.020347918306860873
2022-07-27,0.024758518238117286
2022-07-28,0.03043319323045448
2022-07-29,0.023710353403625324
2022-08-01,0.026348628648788446
2022-08-02,0.022514683683360806
2022-08-03,0.020347202768810798
2022-08-04,0.02475806960336347
2022-08-05,0.02006369232987927
2022-08-08,0.021361849542803426
2022-08-09,0.02342680892829843
2022-08-10,0.026828376980846495
2022-08-11,0.023389862566245888
2022-08-12,0.02379474380418018
2022-08-15,0.020947772171131425
2022-08-16,0.018665288312708986
2022-08-17,0.019580877102871447
2022-08-18,0.018736030426115213
2022-08-19,0.018107267651118614
2022-08-22,0.021578269573655433
2022-08-23,0.019754909575174694
2022-08-24,0.020120639508191006
2022-08-25,0.0172563896292972
2022-08-26,0.0194095823134798
2022-08-29,0.02104077064373621
2022-08-30,0.016624138460648138
2022-08-31,0.015846896029911024
2022-09-01,0.020184145670857127
2022-09-02,0.023016656370180424
2022-09-06,0.01831176990325078
2022-09-07,0.019659320089357106
2022-09-08,0.022171382445805368
2022-09-09,0.02341447331326716
2022-09-12,0.017449421657345518
2022-09-13,0.018678439586260323
2022-09-14,0.022154796406729023
2022-09-15,0.02173794152491202
2022-09-16,0.02420784643928657
2022-09-19,0.020596025695689385
2022-09-20,0.02892316734037787
2022-09-21,0.01959497286112235
2022-09-22,0.019542331194329784
2022-09-23,0.02287981249986851
2022-09-26,0.02336636890666164
2022-09-27,0.022527051654500328
2022-09-28,0.019825027829378113
2022-09-29,0.025535054062277674
2022-09-30,0.02182095560170074
2022-10-03,0.02436175575233631
2022-10-04,0.024998895298748706
2022-10-05,0.02561789095915306
2022-10-06,0.02199076524700934
2022-10-07,0.018931417903305825
2022-10-10,0.022997910170858157
2022-10-11,0.025442046468616003
2022-10-12,0.0225613452198222
2022-10-13,0.02383428050378439
2022-10-14,0.024531404661563595
2022-10-17,0.024990991710868077
2022-10-18,0.023781222294966507
2022-10-19,0.02319819658511588
2022-10-20,0.026723947138710423
2022-10-21,0.026524992882000956
2022-10-24,0.024720988223849855
2022-10-25,0.021053155430070615
2022-10-26,0.020882917363455877
2022-10-27,0.028387505195802916
2022-10-28,0.024288928517645244
2022-10-31,0.029431346197952006
2022-11-01,0.019421611998763078
2022-11-02,0.026499774422082886
2022-11-03,0.0255727076326794
2022-11-04,0.027525099754038704
2022-11-07,0.03071202642229026
2022-11-08,0.02451906042925784
2022-11-09,0.0221545242523902
2022-11-10,0.023170731269498757
2022-11-11,0.03489932989776442
2022-11-14,0.02608771532391216
2022-11-15,0.02430337621244325
2022-11-16,0.022081187191320427
2022-11-17,0.026649729178979138
2022-11-18,0.021103815923222566
2022-11-21,0.020624549848603797
2022-11-22,0.022475358401859914
2022-11-23,0.021975445276338972
2022-11-25,0.02121207150616656
2022-11-28,0.02034482173200714
2022-11-29,0.023252004713591908
2022-11-30,0.021843365605576787
2022-12-01,0.03029807258344313
2022-12-02,0.021284743983795144
2022-12-05,0.02141396829333531
2022-12-06,0.02369278091927015
2022-12-07,0.022691001197432017
2022-12-08,0.02334972280552294
2022-12-09,0.023169895611658865
2022-12-12,0.022031528586069257
2022-12-13,0.02279603852729437
2022-12-14,0.03014665656264651
2022-12-15,0.023945906979965757
2022-12-16,0.021208221080049276
2022-12-19,0.022265839864048467
2022-12-20,0.020979373029880972
2022-12-21,0.023160138297646727
2022-12-22,0.022857292284002864
2022-12-23,0.024969825179731026
2022-12-27,0.022349486793748485
2022-12-28,0.02653423422342583
2022-12-29,0.020077282771830168
2022-12-30,0.024883808921788934
2023-01-03,0.019714081424854348
2023-01-04,0.2546971284751811
2023-01-05,0.02894966894138009
2023-01-06,0.026410240699522913
2023-01-09,0.026657085256910237
2023-01-10,0.02657708376284955
2023-01-11,0.027325228954018833
2023-01-12,0.024900699634482062
2023-01-13,0.026771229224016094
2023-01-17,0.02325926040471542
2023-01-18,0.024949535620357958
2023-01-19,0.02399482534499621
2023-01-20,0.028850524897588006
2023-01-23,0.024616697538795685
2023-01-24,0.028029082514805674
2023-01-25,0.024739812933954136
2023-01-26,0.027819276973679714
2023-01-27,0.026360561490796724
2023-01-30,0.027747289489509344
2023-01-31,0.023738288844559804
2023-02-01,0.02527728605652918
2023-02-02,0.02841661001014657
2023-02-03,0.03511571841174067
2023-02-06,0.02689050406084591
2023-02-07,0.024286729495939605
2023-02-08,0.023576782201303784
2023-02-09,0.025994648705322587
2023-02-10,0.024015190896124045
2023-02-13,0.03242013592793662
2023-02-14,0.025820483949763596
2023-02-15,0.024646868782581995
2023-02-16,0.024531197784984138
2023-02-17,0.024509484204822657
2023-02-21,0.02491225842413808
2023-02-22,0.02616044408951078
2023-02-23,0.023104381222117075
2023-02-24,0.02653676876177469
2023-02-27,0.022125071711701916
2023-02-28,0.025013972465999647
2023-03-01,0.023590489908429095
2023-03-02,0.026129909471162626
2023-03-03,0.027598200963278034
2023-03-06,0.025804198023526258
2023-03-07,0.02633372439989977
2023-03-08,0.02539126042213987
2023-03-09,0.025721776563136067
2023-03-10,0.025219339285871212
2023-03-13,0.025398337651339652
2023-03-14,0.03532853226379798
2023-03-15,0.027918841843089737
2023-03-16,0.031136858563049565
2023-03-17,0.02747124399367714
2023-03-20,0.027196156676843924
2023-03-21,0.025945865452635844
2023-03-22,0.030752868972140888
2023-03-23,0.025040063944453517
2023-03-24,0.028732816126573687
2023-03-27,0.023584247058604336
2023-03-28,0.027671459663071156
2023-03-29,0.027198497301479718
2023-03-30,0.027771626111027462
2023-03-31,0.02589800411057697
2023-04-03,0.02727022645184205
2023-04-04,0.03331343079905694
2023-04-05,0.026439607274537053
2023-04-06,0.028435811554853124
2023-04-10,0.025507921644984177
2023-04-11,0.028373520665884458
2023-04-12,0.025430971264740632
2023-04-13,0.026734728625291308
2023-04-14,0.026458182332365292
2023-04-17,0.025483160843491285
2023-04-18,0.02982291558762835
2023-04-19,0.027530208587045905
2023-04-20,0.029349830203531203
2023-04-21,0.02942592883677081
2023-04-24,0.026471800536541253
2023-04-25,0.025197921792896545
2023-04-26,0.026382275977478106
2023-04-27,0.032397974125272275
2023-04-28,0.028387820247114948
2023-05-01,0.02992479127127339
2023-05-02,0.03171723140697158
2023-05-03,0.029697971863777907
2023-05-04,0.02735354599501205
2023-05-05,0.027712014331990574
2023-05-08,0.029539456322876228
2023-05-09,0.04528187623134118
2023-05-10,0.02491665613163746
2023-05-11,0.023834587644076238
2023-05-12,0.026779122944694388
2023-05-15,0.024858868700068447
2023-05-16,0.02699132838294396
2023-05-17,0.027233976089678612
2023-05-18,0.029959614174887357
2023-05-19,0.027104034996726575
2023-05-22,0.026125497343293853
2023-05-23,0.028254224607577906
2023-05-24,0.029732123068920265
2023-05-25,0.027051940132575596
2023-05-26,0.033377950045370655
2023-05-30,0.03130092002334724
2023-05-31,0.02744079746219693
2023-06-01,0.029366313214458144
2023-06-02,0.031272300594091806
2023-06-05,0.026268547406846074
2023-06-06,0.02876686610768925
2023-06-07,0.029443568607265515
2023-06-08,0.03226117502982226
2023-06-09,0.04435198123090413
2023-06-12,0.02849296763211824
2023-06-13,0.02800443053132457
2023-06-14,0.029391523346429707
2023-06-15,0.027823760215723435
2023-06-16,0.024565501504469334
2023-06-20,0.029201956096021817
2023-06-21,0.029427369694346863
2023-06-22,0.025984785954490254
2023-06-23,0.023198136181977143
2023-06-26,0.029687350282383822
2023-06-27,0.02647211278651689
2023-06-28,0.03313355204260442
2023-06-29,0.028206892626107052
2023-06-30,0.025361988933102944
2023-07-03,0.02916591422695461
2023-07-05,0.02788755682887711
2023-07-06,0.028537876178465357
2023-07-07,0.023825545917653033
2023-07-10,0.03091744484893543
2023-07-11,0.029012689978542183
2023-07-12,0.02809263124503999
2023-07-13,0.029145895605504433
2023-07-14,0.025418879313386388
2023-07-17,0.026082400681526813
2023-07-18,0.026714687663448287
2023-07-19,0.02658616124703727
2023-07-20,0.026703755637776327
2023-07-21,0.03361173186827275
2023-07-24,0.027306390037547076
2023-07-25,0.028897160638422896
2023-07-26,0.03155857111126736
2023-07-27,0.02902197547209509
2023-07-28,0.03284132823906478
2023-07-31,0.030649415493101025
2023-08-01,0.02868764522765661
2023-08-02,0.027044048310240078
2023-08-03,0.02918853966388101
2023-08-04,0.027740989349655285
2023-08-07,0.03130955703840939
2023-08-08,0.030665654405289858
2023-08-09,0.02818085601932649
2023-08-10,0.029594844232237977
2023-08-11,0.02589590126757167
2023-08-14,0.02998535614126127
2023-08-15,0.03077047114402347
2023-08-16,0.02780155841388754
2023-08-17,0.0268374389586773
2023-08-18,0.0313368810303042
2023-08-21,0.026453577007614366
2023-08-22,0.03078496255075459
2023-08-23,0.02873531033175613
2023-08-24,0.027726714812181398
2023-08-25,0.027411928780301516
2023-08-28,0.025586305933996255
2023-08-29,0.02480423487859477
2023-08-30,0.027025527744797287
2023-08-31,0.025676669195755175
2023-09-01,0.029712328770832894
2023-09-05,0.029782190959558252
2023-09-06,0.027606651238463533
2023-09-07,0.024953480894899318
2023-09-08,0.02675343799478259
2023-09-11,0.024817291928909583
2023-09-12,0.02900654955588266
2023-09-13,0.030424316426315625
2023-09-14,0.027906732342401323
2023-09-15,0.027102447722301495
2023-09-18,0.027805415814880854
2023-09-19,0.02896849274119766
2023-09-20,0.0266587656575308
2023-09-21,0.023837812833189823
2023-09-22,0.02781766877969307
2023-09-25,0.028725349564260573
2023-09-26,0.06797819360516817
2023-09-27,0.02710116506407212
2023-09-28,0.03029903373551061
2023-09-29,0.02944936651877846
2023-10-02,0.02735194677045566
2023-10-03,0.030133191824673222
2023-10-04,0.02756986618856438
2023-10-05,0.02882718431993069
2023-10-06,0.026696395071520163
2023-10-09,0.027083679421458475
2023-10-10,0.03018602625852281
2023-10-11,0.026658693722617838
2023-10-12,0.025671029493873575
2023-10-13,0.028018588999655304
2023-10-16,0.032579202507813286
2023-10-17,0.02574516201982576
2023-10-18,0.029017056474734636
2023-10-19,0.028253074176204554
2023-10-20,0.0312873500454698
2023-10-23,0.03071524394717456
2023-10-24,0.028938852162819127
2023-10-25,0.031901362790318244
2023-10-26,0.028139399663268012
2023-10-27,0.030447270134029744
2023-10-30,0.030931766401619053
2023-10-31,0.02985566298338622
2023-11-01,0.029093501799393278
2023-11-02,0.036384844908611456
2023-11-03,0.03083047827930839
2023-11-06,0.032447520294958516
2023-11-07,0.029703727035140404
2023-11-08,0.028143959456439747
2023-11-09,0.029258649406892656
2023-11-10,0.14457069553797494
2023-11-13,0.031780653281608916
2023-11-14,0.028731706976456498
2023-11-15,0.03343688864124616
2023-11-16,0.03156807900079137
2023-11-17,0.028706047585001608
2023-11-20,0.028651620792174388
2023-11-21,0.029309262320316845
2023-11-22,0.029557566793912204
2023-11-24,0.025277456560870607
2023-11-27,0.023873840986327166
2023-11-28,0.024988591276555765
2023-11-29,0.027865210388247765
2023-11-30,0.028198895884749664
2023-12-01,0.02933895357459181
2023-12-04,0.032312320427969075
2023-12-05,0.031202027808762627
2023-12-06,0.028350154570705718
2023-12-07,0.030591187865455543
2023-12-08,0.0306050166898827
2023-12-11,0.02886385789883992
2023-12-12,0.03278916625613933
2023-12-13,0.02652974019964006
2023-12-14,0.03515381327501351
2023-12-15,0.03860966303414837
2023-12-18,0.029561275598519256
2023-12-19,0.02634922741361736
2023-12-20,0.0281722938166193
2023-12-21,0.027516477540250973
2023-12-22,0.03128200214023993
2023-12-26,0.027620829448389717
2023-12-27,0.026243811635833173
2023-12-28,0.025413089266772684
2023-12-29,0.02353516304226991
2024-01-02,0.026202301142079262
2024-01-03,0.2214680509200402
2024-01-04,0.029523989876339918
2024-01-05,0.030602867789827428
2024-01-08,0.027916680072131845
2024-01-09,0.02870272419736968
2024-01-10,0.02920982932064689
2024-01-11,0.028177642474012905
2024-01-12,0.02827732278144431
2024-01-16,0.03006234649520518
2024-01-17,0.029027820388643634
2024-01-18,0.026226378752824298
2024-01-19,0.0328556978758579
2024-01-22,0.03229789167123803
2024-01-23,0.027671328801426837
2024-01-24,0.025009807599727693
2024-01-25,0.032380646990203266
2024-01-26,0.030602569457052142
2024-01-29,0.027577126321293582
2024-01-30,0.028526954282090337
2024-01-31,0.028682621230388304
2024-02-01,0.030662026990909197
2024-02-02,0.029284406110659474
2024-02-05,0.0343594768438328
2024-02-06,0.03160417222346342
2024-02-07,0.028462034235900907
2024-02-08,0.02894525392288399
2024-02-09,0.02451400625595425
2024-02-12,0.030687439517735886
2024-02-13,0.02841890788362793
2024-02-14,0.030379283569916107
2024-02-15,0.02759288349050455
2024-02-16,0.02788384790146508
2024-02-20,0.029486487448648034
2024-02-21,0.027403279066447794
2024-02-22,0.025858772764541373
2024-02-23,0.03442523555333237
2024-02-26,0.02797145764594114
2024-02-27,0.03153969833802614
2024-02-28,0.030308402012428043
2024-02-29,0.026326013362797357
2024-03-01,0.028498309358309097
2024-03-04,0.02874238249996503
2024-03-05,0.029159687223359362
2024-03-06,0.031590947010644854
2024-03-07,0.030337050524048226
2024-03-08,0.02970006983586276
2024-03-11,0.029744692399123238
2024-03-12,0.027713381302233036
2024-03-13,0.030347457376830547
2024-03-14,0.031841769987114646
2024-03-15,0.030235757166904416
2024-03-18,0.030578630454780188
2024-03-19,0.028549718292213123
2024-03-20,0.025749376357133393
2024-03-21,0.030107937244471486
2024-03-22,0.030565069052097545
2024-03-25,0.027089101121946246
2024-03-26,0.02624314154773482
2024-03-27,0.026967415187688658
2024-03-28,0.029658768972420882
2024-04-01,0.026572207407121892
2024-04-02,0.027597777118534877
2024-04-03,0.029992905863499987
2024-04-04,0.03099731471634082
2024-04-05,0.029413565869638746
2024-04-08,0.032465134684549
2024-04-09,0.029894685087678646
2024-04-10,0.026725896109462507
2024-04-11,0.02896281332162837
2024-04-12,0.027838611213124104
2024-04-15,0.028775530440970108
2024-04-16,0.029487047036786375
2024-04-17,0.029401076649818725
2024-04-18,0.027458671730286807
2024-04-19,0.027747874656580674
2024-04-22,0.03143951766356352
2024-04-23,0.028206437453501272
2024-04-24,0.02932347292139038
2024-04-25,0.03230503343401939
2024-04-26,0.03500990917119107
2024-04-29,0.03378411136537686
2024-04-30,0.030283267776894864
2024-05-01,0.028434494285527544
2024-05-02,0.03461755400531648
2024-05-03,0.027764605499135876
2024-05-06,0.029085331249649155
2024-05-07,0.02858134627611253
2024-05-08,0.027689612811557397
2024-05-09,0.026814726902045657
2024-05-10,0.028188338758051372
2024-05-13,0.026410417783512125
2024-05-14,0.02698545260073868
2024-05-15,0.026370048358627197
2024-05-16,0.028370840090355183
2024-05-17,0.026125790868057573
2024-05-20,0.027186687155242903
2024-05-21,0.030065318737056347
2024-05-22,0.030286914325343476
2024-05-23,0.02948201891732424
2024-05-24,0.02796187683423762
2024-05-28,0.02583198538152026
2024-05-29,0.027917771266375672
2024-05-30,0.029650932692507563
2024-05-31,0.02824551231488524
2024-06-03,0.03228362199158616
2024-06-04,0.029519144291278963
2024-06-05,0.025231952994338967
2024-06-06,0.029388971576079725
2024-06-07,0.024855195375074777
2024-06-10,0.02402053041738044
2024-06-11,0.026627019411329188
2024-06-12,0.026976797660599617
2024-06-13,0.030734767851629048
2024-06-14,0.028946211585864686
2024-06-17,0.027967670060163444
2024-06-18,0.02999364161530389
2024-06-20,0.030098473337500965
2024-06-21,0.031521545402708975
2024-06-24,0.026883704334364156
2024-06-25,0.030220330218458644
2024-06-26,0.030118257963613074
2024-06-27,0.03024123593294419
2024-06-28,0.0276547505503412
2024-07-01,0.03288735933344482
2024-07-02,0.02846159827622102
2024-07-03,0.028535290389104052
2024-07-05,0.02738679272896767
2024-07-08,0.03120536315205366
2024-07-09,0.026904076887816108
2024-07-10,0.02867029196309262
2024-07-11,0.02784273489819071
2024-07-12,0.033377634430417406
2024-07-15,0.025605805059937165
2024-07-16,0.03002441912850713
2024-07-17,0.032680510084029134
2024-07-18,0.03584329853062329
2024-07-19,0.02769250103590155
2024-07-22,0.029054592594411514
2024-07-23,0.030268146876915973
2024-07-24,0.030620102699574638
2024-07-25,0.03804290978519999
2024-07-26,0.031483337561425684
2024-07-29,0.0321574280517138
2024-07-30,0.028118647632473435
2024-07-31,0.030105126059109623
2024-08-01,0.033386459715064494
2024-08-02,0.03685657768333043
2024-08-05,0.03893183880225099
2024-08-06,0.031325392709424596
2024-08-07,0.02959542872081935
2024-08-08,0.03076795114622437
2024-08-09,0.03150666772527232
2024-08-12,0.02836477685251958
2024-08-13,0.029895246216412496
2024-08-14,0.03603119184277901
2024-08-15,0.030234436325057096
2024-08-16,0.02937461970075198
2024-08-19,0.02447252172746196
2024-08-20,0.029178612805310405
2024-08-21,0.028616273138269293
2024-08-22,0.026811842816656606
2024-08-23,0.031053128404015362
2024-08-26,0.028319903443606298
2024-08-27,0.028078915109381528
2024-08-28,0.028673627041858232
2024-08-29,0.02872634573691632
2024-08-30,0.031139635307648263
2024-09-03,0.03192971428798552
2024-09-04,0.037547530497021725
2024-09-05,0.030005388192329237
2024-09-06,0.027908337095621294
2024-09-09,0.03436056022140814
2024-09-10,0.02726449524216587
2024-09-11,0.029368100176603632
2024-09-12,0.03109998746242834
2024-09-13,0.02797617199827313
2024-09-16,0.030133974450608687
2024-09-17,0.0294945064360448
2024-09-18,0.027587435934004714
2024-09-19,0.02989002950338853
2024-09-20,0.032792857267914616
2024-09-23,0.030199572062055972
2024-09-24,0.039870352006365684
2024-09-25,0.029491502180552985
2024-09-26,0.02860991251744629
2024-09-27,0.03375146818203245
2024-09-30,0.027681937819558855
2024-10-01,0.027834735647553698
2024-10-02,0.033909993298612204
2024-10-03,0.028241927677238855
2024-10-04,0.03014169188625855
2024-10-07,0.028223236626202956
2024-10-08,0.02633827369305724
2024-10-09,0.028523947746013713
2024-10-10,0.028359201626947713
2024-10-11,0.029094470241403936
2024-10-14,0.03081807273063144
2024-10-15,0.027943253650249713
2024-10-16,0.034217517617438395
2024-10-17,0.031254792691141065
2024-10-18,0.027282445032857386
2024-10-21,0.03205412245578685
2024-10-22,0.0259680143837709
2024-10-23,0.027755967714006506
2024-10-24,0.028999170409753534
2024-10-25,0.03244477812148207
2024-10-28,0.026847982199623498
2024-10-29,0.028261189899755762
2024-10-30,0.030820250224625513
2024-10-31,0.03282210376599376
2024-11-01,0.036214878611818366
2024-11-04,0.03189572394183141
2024-11-05,0.029849557020282774
2024-11-06,0.03090632429127129
2024-11-07,0.04974477296022301
2024-11-08,0.030776458101882828
2024-11-11,0.03169797312948175
2024-11-12,0.03531003941545914
2024-11-13,0.031070316372679374
2024-11-14,0.033443157880948385
2024-11-15,0.03175531391427829
2024-11-18,0.03317086403689667
2024-11-19,0.03230256529073655
2024-11-20,0.032545367430782374
2024-11-21,0.03074997536532086
2024-11-22,0.028129020747177415
2024-11-25,0.030707631777295043
2024-11-26,0.035654277489231855
2024-11-27,0.029747624778298815
2024-11-29,0.028708751356227247
2024-12-02,0.026102063613542573
2024-12-03,0.028878144727897133
2024-12-04,0.029912274426979742
2024-12-05,0.030606857751343492
2024-12-06,0.03143049528963671
2024-12-09,0.03163063051417226
2024-12-10,0.03179598403421934
2024-12-11,0.034076657208059705
2024-12-12,0.03325512814630456
2024-12-13,0.027140166461478012
2024-12-16,0.029463729655459465
2024-12-17,0.029941830351362577
2024-12-18,0.02795582856296905
2024-12-19,0.03036855388070892
2024-12-20,0.029274282985355483
2024-12-23,0.0313618577398542
2024-12-24,0.027373848484217145
2024-12-26,0.02579589488425342
2024-12-27,0.022405689451928376
2024-12-30,0.02268159385863458
2024-12-31,0.02236748579653869
2025-01-02,0.02725414878138878
2025-01-03,0.1570829532377795
2025-01-06,0.0346645167606328
2025-01-07,0.036590351503797094
2025-01-08,0.03769032905829435
2025-01-10,0.03521221187466276
2025-01-13,0.038339727306584526
2025-01-14,0.037655900785817015
2025-01-15,0.034518326085888555
2025-01-16,0.03756637710168635
2025-01-17,0.03461263002237318
2025-01-21,0.035807939258317115
2025-01-22,0.03581825041524076
2025-01-23,0.03558667016412603
2025-01-24,0.03464890580492746
2025-01-27,0.0360950582952395
2025-01-28,0.050358750449858575
2025-01-29,0.04198394636817773
2025-01-30,0.036629069552812
2025-01-31,0.03565066413575466
2025-02-03,0.03462369839661819
2025-02-04,0.03904266184005877
2025-02-05,0.04446737623801701
2025-02-06,0.03709646963267226
2025-02-07,0.03678906253224728
2025-02-10,0.03381842027889123
2025-02-11,0.03729540537664096
2025-02-12,0.03215179684719387
2025-02-13,0.03212605671029642
2025-02-14,0.033994012454917566
2025-02-18,0.03395217837492377
2025-02-19,0.03922337406795806
2025-02-20,0.03229207926694479
2025-02-21,0.032080138218851285
2025-02-24,0.038605981747535996
2025-02-25,0.034863762390734576
2025-02-26,0.03697654696221127
2025-02-27,0.037983210841918115
2025-02-28,0.039744537520198304
2025-03-03,0.03137436599304382
2025-03-04,0.03806942799062464
2025-03-05,0.038382399265853934
2025-03-06,0.040073315476803865
2025-03-07,0.04013512126213012
2025-03-10,0.035427518350162786
2025-03-11,0.04632913600781291
2025-03-12,0.03734044464259626
2025-03-13,0.041191380204433525
2025-03-14,0.03960673808820128
2025-03-17,0.03563498562092807
2025-03-18,0.03551622819244421
2025-03-19,0.03447892388573037
2025-03-20,0.038689101118591286
2025-03-21,0.03697292861804614
2025-03-24,0.03511312230930459
2025-03-25,0.03729755396967457
2025-03-26,0.03697348823783797
2025-03-27,0.041279798751269914
2025-03-28,0.039355272715272976
2025-03-31,0.03932520168098037
2025-04-01,0.03694864051079556
2025-04-02,0.035698404135507074
2025-04-03,0.0334996282341462
2025-04-04,0.05919059263266699
2025-04-07,0.04785885667392694
2025-04-08,0.04407558310814689
2025-04-09,0.046834048184274134
2025-04-10,0.06062437020406908
2025-04-11,0.04760801003545146
2025-04-14,0.038590851472660746
2025-04-15,0.03641257575376842
2025-04-16,0.035901131308074194
2025-04-17,0.03752196342688216
2025-04-21,0.03590746221636643
2025-04-22,0.03785417898969835
2025-04-23,0.036468895918223915
2025-04-24,0.03869695093600838
2025-04-25,0.038316433415784196
2025-04-28,0.03755693398225394
2025-04-29,0.0315322834252302
2025-04-30,0.03781132178266377
2025-05-01,0.03521308683923335
2025-05-02,0.03479936363682597
2025-05-05,0.03396163572315343
2025-05-06,0.03586505148250181
2025-05-07,0.041668508681174915
2025-05-08,0.034766858950212406
2025-05-09,0.039239623551752166
2025-05-12,0.036279196462824306
2025-05-13,0.038720769726309064
2025-05-14,0.04312637407698485
2025-05-15,0.045496045513050386
2025-05-16,0.03692786920675051
2025-05-19,0.034960153283649986
2025-05-20,0.03396626474167284
2025-05-21,0.03477643247822787
2025-05-22,0.038549399951358976
2025-05-23,0.034192754475332036
2025-05-27,0.0362774576825111
2025-05-28,0.03397587925036891
2025-05-29,0.03391208981650043
2025-05-30,0.0354860809082571
2025-06-02,0.041187107134958184
2025-06-03,0.0348780208692337
2025-06-04,0.0366971502180261
2025-06-05,0.03304247651535425
2025-06-06,0.03580916742070962
2025-06-09,0.034077548000833784
2025-06-10,0.034278241349591385
2025-06-11,0.031873053975114855
2025-06-12,0.03538492766685457
2025-06-13,0.0328567704214534
2025-06-16,0.03658473654642887
2025-06-17,0.039382642104342745
2025-06-18,0.038184517147846556
2025-06-20,0.03603731622313948
2025-06-23,0.03646780058427315
2025-06-24,0.040189289339131636
2025-06-25,0.03973078722939055
2025-06-26,0.04062650199187832
2025-06-27,0.03560086550463713
2025-06-30,0.04155843794943641
2025-07-01,0.04079886591659092
2025-07-02,0.04389918269923382
2025-07-03,0.04003955982433491
2025-07-07,0.03822772579976606
2025-07-08,0.035385753920686325
2025-07-09,0.039957740734553285
2025-07-10,0.037920956739221204
2025-07-11,0.03916365636119949
2025-07-14,0.03650532627874703
2025-07-15,0.036715197652221365
2025-07-16,0.042156881950422775
2025-07-17,0.038239679826757335
2025-07-18,0.03858245088927342
2025-07-21,0.038740985053113006
2025-07-22,0.03869221477373207
2025-07-23,0.04074940438613142
2025-07-24,0.04330749523008665
2025-07-25,0.03721619438703745
2025-07-28,0.03540613728566114
2025-07-29,0.03759764952032746
2025-07-30,0.03733247099156953
2025-07-31,0.03919121859886768
2025-08-01,0.04017843059299577
2025-08-04,0.04149903463872618
2025-08-05,0.03840996599823287
2025-08-06,0.03865011858512462
2025-08-07,0.04225611149650785
2025-08-08,0.03867779683130695
2025-08-11,0.03890350812780423
2025-08-12,0.03622310156917351
2025-08-13,0.03613273847058849
2025-08-14,0.04099870708944829
2025-08-15,0.036879366779215036
2025-08-18,0.03965624002345825
2025-08-19,0.03589909472577688
2025-08-20,0.03789064398487063
2025-08-21,0.03628995838389347
2025-08-22,0.034447136129178935
2025-08-25,0.03671851257936526
2025-08-26,0.035593196770033454
2025-08-27,0.0346057680853605
2025-08-28,0.034161862785414214
2025-08-29,0.03510575627974089
2025-09-02,0.03389123716347093
2025-09-03,0.03349894689716471
2025-09-04,0.03443843874900574
2025-09-05,0.03352854661708968
2025-09-08,0.0382277424547373
2025-09-09,0.03257933202227437
2025-09-10,0.037513552688590676
2025-09-11,0.045335456953744066
2025-09-12,0.037752325742384525
2025-09-15,0.03697366021723463
2025-09-16,0.03359101485666187
2025-09-17,0.034006615437101075
2025-09-18,0.03063699605277459
2025-09-19,0.03649834799765482
2025-09-22,0.03353264526882493
2025-09-23,0.05876653605478978
2025-09-24,0.03427793052687143
2025-09-25,0.03399377374382757
2025-09-26,0.034622596577696924
2025-09-29,0.031494398019229666
2025-09-30,0.03300261549922033
2025-10-01,0.03667405493721866
2025-10-02,0.04234902111895476
2025-10-03,0.029351068486907664
2025-10-06,0.03256330991238578
2025-10-07,0.036588513116376814
2025-10-08,0.03470184313283663
2025-10-09,0.038903014308164466
2025-10-10,0.0335606074691346
2025-10-13,0.03781883440207907
2025-10-14,0.03693928418306811
2025-10-15,0.04112334047420221
2025-10-16,0.03829182044243916
2025-10-17,0.03486157535947305
2025-10-20,0.036582388429395866
2025-10-21,0.035773275163232886
2025-10-22,0.04005064806157065
2025-10-23,0.03799803302879333
2025-10-24,0.036544291186906296
2025-10-27,0.036778609625053846
2025-10-28,0.03272324126627903
2025-10-29,0.037034932772041756
2025-10-30,0.03502380748844704
2025-10-31,0.03881173023856137
2025-11-03,0.031169548874652606
2025-11-04,0.03568119467778638
2025-11-05,0.037431894129718236
2025-11-06,0.035962078789872065
2025-11-07,0.03802111174937302
2025-11-10,0.032949158854437985
2025-11-11,0.03634847085275548
2025-11-12,0.036509211991306564
2025-11-13,0.036783563105865266
2025-11-14,0.03555778762229545
2025-11-17,0.035050599901412884
2025-11-18,0.03450035763027824
2025-11-19,0.033535830206197645
2025-11-20,0.03841921886650866
2025-11-21,0.03815569385670592
2025-11-24,0.03474181847165045
2025-11-25,0.03768094980007802
2025-11-26,0.045272905839953755
2025-11-28,0.03647210606207017
2025-12-01,0.03307736312408062
2025-12-02,0.03508988248633536
2025-12-03,0.03598116965600327
2025-12-04,0.034552714080287567
2025-12-05,0.03688494049042474
2025-12-08,0.03657545539045738
2025-12-09,0.03656022519054177
2025-12-10,0.03692143621745903
2025-12-11,0.03760531072081248
2025-12-12,0.04059567057576818
2025-12-15,0.04028776931534214
2025-12-16,0.03524361461364711
2025-12-17,0.034598043100249526
2025-12-18,0.03896034622680918
2025-12-19,0.036857361782030224
2025-12-22,0.04049475039997091
2025-12-23,0.03675466471779512
2025-12-24,0.03249230532397057
2025-12-26,0.03272685784133671
2025-12-29,0.03457428209663359
2025-12-30,0.03424717880207554
2025-12-31,0.0330258413740296
2026-01-02,0.026683142579039944
2026-01-05,0.3064530050521926
2026-01-06,0.033739617475229536
2026-01-07,0.03191002258984887
2026-01-08,0.033147658678579627
2026-01-09,0.03158383534947078
2026-01-12,0.03324973324590827
2026-01-13,0.028355654499993763
2026-01-14,0.03049519774116953
2026-01-15,0.031013238138942648
2026-01-16,0.036908325598536615
2026-01-20,0.03543641791738587
2026-01-21,0.03324673926864288
2026-01-22,0.03190679905820807
2026-01-23,0.03009957135530993
2026-01-26,0.028593448773713434
2026-01-27,0.03248887437805627
2026-01-28,0.04048675150614206
2026-01-29,0.030545815917859834
2026-01-30,0.03807910221989467
2026-02-02,0.0333710273724706
2026-02-03,0.0330036250945181
2026-02-04,0.04135012792203321
2026-02-05,0.048122929692161975
2026-02-06,0.04108007064622922
2026-02-09,0.04236758867160106
2026-02-10,0.03549444112748349
2026-02-11,0.03279622023526781
2026-02-12,0.038181226083697006
2026-02-13,0.03386183026248656
2026-02-17,0.03215246385856471
2026-02-18,0.03338189574781633
2026-02-19,0.03257662925301331
2026-02-20,0.03280375284959092
2026-02-23,0.03047659770343494
2026-02-24,0.0405725453175713
2026-02-25,0.031575588808337086
2026-02-26,0.03488238533027924
2026-02-27,0.037725374836117556
2026-03-02,0.03545867643005962
2026-03-03,0.03216820227820369
2026-03-04,0.03530771793387002
2026-03-05,0.03263170058244573
2026-03-06,0.03512002683396198
2026-03-09,0.03235300595920304
2026-03-10,0.031640170611512
2026-03-11,0.03292048901681613
2026-03-12,0.03011649701169161
2026-03-13,0.029244931144603116
2026-03-16,0.031048299552044228
2026-03-17,0.02937944756647346
2026-03-18,0.02780483305457954
2026-03-19,0.02905207815632369
2026-03-20,0.028772453415692536
2026-03-23,0.040763403346748994
2026-03-24,0.033304842827840665
2026-03-25,0.036641277248871305
2026-03-26,0.031426284917023754
2026-03-27,0.03291499961720156
2026-03-30,0.028118438196462116
2026-03-31,0.04465306848876416
2026-04-01,0.03651189326084064
2026-04-02,0.030217268994840358
2026-04-06,0.026667434684396526
2026-04-07,0.02653275044089852
2026-04-08,0.03082172859103668
2026-04-09,0.03973469906361177
2026-04-10,0.0324371937750192
2026-04-13,0.03169698934472904
2026-04-14,0.034448677354770176
2026-04-15,0.03229161704131959
2026-04-16,0.03514009505553285
2026-04-17,0.029958783549245655
2026-04-20,0.029291716882536744
2026-04-21,0.02751297170297621
2026-04-22,0.03001219196750712
2026-04-23,0.03332562433613808
2026-04-24,0.045827550404092116
2026-04-27,0.03724993472781622
2026-04-28,0.02696871655344221
2026-04-29,0.02898823808470185
2026-04-30,0.03144115769613561
2026-05-01,0.030585330418175134
2026-05-04,0.03053186539246722
2026-05-05,0.02902262891964211
2026-05-06,0.02859047612777265
2026-05-07,0.040190815435759274
2026-05-08,0.031055498023727854
2026-05-11,0.03569801897862609
2026-05-12,0.03370949946537759
2026-05-13,0.030931883552381002
2026-05-14,0.03430640188571511
2026-05-15,0.030828866550149513
2026-05-18,0.03322332118218947
2026-05-19,0.030753901694795013
2026-05-20,0.026515445387435395
2026-05-21,0.03227868316236873
2026-05-22,0.03238924137118053
2026-05-26,0.031337649898157294
2026-05-27,0.03410536384916865
2026-05-28,0.031632550288693065
2026-05-29,0.034349196815542736
2026-06-01,0.041380514846431043
2026-06-02,0.04356527677209945
2026-06-03,0.036623292927788216
2026-06-04,0.03261137433152019
2026-06-05,0.03232036686139754
2026-06-08,0.03998745698949054
2026-06-09,0.02846050486408749
2026-06-10,0.031664855165745964
2026-06-11,0.03142728776312285
2026-06-12,0.040417248677202776
2026-06-15,0.02541654796463315
2026-06-16,0.033291389012334784
2026-06-17,0.027044369975724087
2026-06-18,0.030886220907966812
2026-06-22,0.0326388709763141
2026-06-23,0.03265049654528979
2026-06-24,0.03547327383196978
2026-06-25,0.028236916625647507
2026-06-26,0.033840535102515994
2026-06-29,0.03789103874233239
2026-06-30,0.03019262842014511
2026-07-01,0.02827857874918256
2026-07-02,0.03620630713060768
2026-07-06,0.03579576129700828
2026-07-07,0.030944634127369506
2026-07-08,0.029835209189713843
2026-07-09,0.025591704870428767
2026-07-10,0.024620158058569864
2026-07-13,0.023829663952346203
2026-07-14,0.03095378411599084
2026-07-15,0.03584317942078618
2026-07-16,0.028567392739388534
2026-07-17,0.03684683208936268
2026-07-20,0.024991691273882476
2026-07-21,0.024113095822160785
2026-07-22,0.03356968627770654
2026-07-23,0.03162630591965414
2026-07-24,0.03305324743825689
2026-07-27,0.03370633373936987
2026-07-28,0.03178276397933132
2026-07-29,0.037084975556031255
2026-07-30,0.0332626349153208
2026-07-31,0.04357718109488439
2026-08-03,0.029178224593464662
2026-08-04,0.029810644093772445
2026-08-05,0.03756283551444653
2026-08-06,0.025541876889510356
2026-08-07,0.027355922572476807
2026-08-10,0.03460115169297419
2026-08-11,0.029912018675727035
2026-08-12,0.028498969496742552
2026-08-13,0.02546394507386004
