[gamma_sweep] loading full point-in-time panels (cached if already built)...

==============================================================================
cost_only_g1_0.0_g2_4.0
==============================================================================
[LocalQwenClient] seed=1001 main_gpu=0
[wfo:execution_aware] fold 0: train 2001-01-01..2005-12-31 -> test 2006-01-01..2006-12-31
[execution_aware] iter  0/50 [SEED] reward=  0.8966  rank(-1 * stddev(delta(close, 1), 20))
[execution_aware] iter  1/50 [OK ] reward=  1.1052  decay_linear(rank(-1 * stddev(delta(close, 1), 20)), 126)
[execution_aware] iter  2/50 [OK ] reward=  0.9842  decay_linear(rank(-1 * stddev(delta(close, 1), 20)), 252)
[execution_aware] iter  3/50 [OK ] reward=  0.9842  decay_linear(rank(-1 * stddev(delta(close, 1), 20)), 252)
[execution_aware] iter  4/50 [ERR] reward=    -inf  decay_linear(rank(-1 * stddev(delta(close, 1), 20)), 504)
[execution_aware] iter  5/50 [OK ] reward=  1.1052  decay_linear(cs_rank(-1 * stddev(delta(close, 1), 20)), 126)
[execution_aware] iter  6/50 [OK ] reward=  0.9842  decay_linear(cs_rank(-1 * stddev(delta(close, 1), 20)), 252)
[execution_aware] iter  7/50 [OK ] reward=  0.9842  decay_linear(cs_rank(-1 * stddev(delta(close, 1), 20)), 252)
[execution_aware] iter  8/50 [OK ] reward=  0.9842  decay_linear(cs_rank(-1 * stddev(delta(close, 1), 20)), 252)
[execution_aware] iter  9/50 [ERR] reward=    -inf  decay_linear(cs_rank(-1 * stddev(delta(close, 1), 20)), 504)
[execution_aware] iter 10/50 [OK ] reward=  1.1052  decay_linear(cs_rank(-1 * stddev(delta(close, 1), 20)), 126)
[execution_aware] iter 11/50 [OK ] reward=  0.9842  decay_linear(cs_rank(-1 * stddev(delta(close, 1), 20)), 252)
[execution_aware] iter 12/50 [OK ] reward=  0.9842  decay_linear(cs_rank(-1 * stddev(delta(close, 1), 20)), 252)
[execution_aware] iter 13/50 [OK ] reward=  0.9842  decay_linear(cs_rank(-1 * stddev(delta(close, 1), 20)), 252)
[execution_aware] iter 14/50 [OK ] reward=  0.9842  decay_linear(cs_rank(-1 * stddev(delta(close, 1), 20)), 252)
[execution_aware] iter 15/50 [ERR] reward=    -inf  decay_linear(cs_rank(-1 * stddev(delta(close, 1), 20)), 504)
[execution_aware] iter 16/50 [OK ] reward=  1.1052  decay_linear(cs_rank(-1 * stddev(delta(close, 1), 20)), 126)
[execution_aware] iter 17/50 [OK ] reward=  0.9842  decay_linear(cs_rank(-1 * stddev(delta(close, 1), 20)), 252)
[execution_aware] iter 18/50 [ERR] reward=    -inf  decay_linear(cs_rank(-1 * stddev(delta(close, 1), 20)), 504)
[execution_aware] iter 19/50 [OK ] reward=  1.1052  decay_linear(cs_rank(-1 * stddev(delta(close, 1), 20)), 126)
[execution_aware] iter 20/50 [OK ] reward=  0.9842  decay_linear(cs_rank(-1 * stddev(delta(close, 1), 20)), 252)
[execution_aware] iter 21/50 [OK ] reward=  0.9842  decay_linear(cs_rank(-1 * stddev(delta(close, 1), 20)), 252)
[execution_aware] iter 22/50 [OK ] reward=  0.9842  decay_linear(cs_rank(-1 * stddev(delta(close, 1), 20)), 252)
[execution_aware] iter 23/50 [OK ] reward=  0.9842  decay_linear(cs_rank(-1 * stddev(delta(close, 1), 20)), 252)
[execution_aware] iter 24/50 [OK ] reward=  0.9842  decay_linear(cs_rank(-1 * stddev(delta(close, 1), 20)), 252)
[execution_aware] iter 25/50 [OK ] reward=  1.0559  decay_linear(cs_rank(-1 * stddev(delta(close, 1), 20)), 180)
[execution_aware] iter 26/50 [OK ] reward=  0.9842  decay_linear(cs_rank(-1 * stddev(delta(close, 1), 20)), 252)
[execution_aware] iter 27/50 [OK ] reward=  0.9842  decay_linear(cs_rank(-1 * stddev(delta(close, 1), 20)), 252)
[execution_aware] iter 28/50 [OK ] reward= -0.0906  decay_linear(ts_rank(-1 * stddev(delta(close, 1), 20), 252), 126)
[execution_aware] iter 29/50 [OK ] reward= -0.0741  decay_linear(ts_rank(-1 * stddev(delta(close, 1), 20), 252), 252)
[execution_aware] iter 30/50 [OK ] reward=  1.0559  decay_linear(cs_rank(-1 * stddev(delta(close, 1), 20)), 180)
[execution_aware] iter 31/50 [OK ] reward=  0.9842  decay_linear(cs_rank(-1 * stddev(delta(close, 1), 20)), 252)
[execution_aware] iter 32/50 [ERR] reward=    -inf  decay_linear(cs_rank(-1 * stddev(delta(close, 1), 20)), 504)
[execution_aware] iter 33/50 [OK ] reward=  1.1052  decay_linear(cs_rank(-1 * stddev(delta(close, 1), 20)), 126)
[execution_aware] iter 34/50 [OK ] reward=  0.9842  decay_linear(cs_rank(-1 * stddev(delta(close, 1), 20)), 252)
[execution_aware] iter 35/50 [OK ] reward=  0.9842  decay_linear(cs_rank(-1 * stddev(delta(close, 1), 20)), 252)
[execution_aware] iter 36/50 [ERR] reward=    -inf  decay_linear(cs_rank(-1 * stddev(delta(close, 1), 20)), 504)
[execution_aware] iter 37/50 [OK ] reward=  1.1052  decay_linear(cs_rank(-1 * stddev(delta(close, 1), 20)), 126)
[execution_aware] iter 38/50 [OK ] reward=  0.9842  decay_linear(cs_rank(-1 * stddev(delta(close, 1), 20)), 252)
[execution_aware] iter 39/50 [OK ] reward=  0.9842  decay_linear(cs_rank(-1 * stddev(delta(close, 1), 20)), 252)
[execution_aware] iter 40/50 [OK ] reward=  0.9842  decay_linear(cs_rank(-1 * stddev(delta(close, 1), 20)), 252)
[execution_aware] iter 41/50 [OK ] reward=  0.9842  decay_linear(cs_rank(-1 * stddev(delta(close, 1), 20)), 252)
[execution_aware] iter 42/50 [OK ] reward=  0.9842  decay_linear(cs_rank(-1 * stddev(delta(close, 1), 20)), 252)
[execution_aware] iter 43/50 [OK ] reward=  0.9842  decay_linear(cs_rank(-1 * stddev(delta(close, 1), 20)), 252)
[execution_aware] iter 44/50 [ERR] reward=    -inf  decay_linear(cs_rank(-1 * stddev(delta(close, 1), 20)), 365)
[execution_aware] iter 45/50 [OK ] reward=  1.1052  decay_linear(cs_rank(-1 * stddev(delta(close, 1), 20)), 126)
[execution_aware] iter 46/50 [OK ] reward=  0.9842  decay_linear(cs_rank(-1 * stddev(delta(close, 1), 20)), 252)
[execution_aware] iter 47/50 [OK ] reward=  0.9842  decay_linear(cs_rank(-1 * stddev(delta(close, 1), 20)), 252)
[execution_aware] iter 48/50 [OK ] reward=  0.9842  decay_linear(cs_rank(-1 * stddev(delta(close, 1), 20)), 252)
[execution_aware] iter 49/50 [OK ] reward=  0.9842  decay_linear(cs_rank(-1 * stddev(delta(close, 1), 20)), 252)
[execution_aware] iter 50/50 [ERR] reward=    -inf  decay_linear(cs_rank(-1 * stddev(delta(close, 1), 20)), 365)
[wfo:execution_aware] fold 0 winner: decay_linear(rank(-1 * stddev(delta(close, 1), 20)), 126)
[wfo:execution_aware] fold 0 OOS: Gross_IR=1.148 Turnover=3.76 Net_IR=0.970
[wfo:execution_aware] fold 1: train 2002-01-01..2006-12-31 -> test 2007-01-01..2007-12-31
[execution_aware] iter  0/50 [SEED] reward=  1.2285  rank(-1 * stddev(delta(close, 1), 20))
[execution_aware] iter  1/50 [OK ] reward=  1.4433  decay_linear(rank(-1 * stddev(delta(close, 1), 20)), 252)
[execution_aware] iter  2/50 [ERR] reward=    -inf  decay_linear(rank(-1 * stddev(delta(close, 1), 20)), 500)
[execution_aware] iter  3/50 [OK ] reward=  1.4433  decay_linear(cs_rank(-1 * stddev(delta(close, 1), 20)), 252)
[execution_aware] iter  4/50 [OK ] reward=  1.3665  decay_linear(cs_rank(-1 * stddev(delta(close, 1), 50)), 252)
[execution_aware] iter  5/50 [ERR] reward=    -inf  decay_linear(cs_rank(-1 * stddev(delta(close, 1), 50)), 500)
[execution_aware] iter  6/50 [OK ] reward=  1.4433  decay_linear(cs_rank(-1 * stddev(delta(close, 1), 20)), 252)
[execution_aware] iter  7/50 [ERR] reward=    -inf  decay_linear(cs_rank(-1 * stddev(delta(close, 1), 20)), 504)
[execution_aware] iter  8/50 [OK ] reward=  1.4433  decay_linear(cs_rank(-1 * stddev(delta(close, 1), 20)), 252)
[execution_aware] iter  9/50 [ERR] reward=    -inf  decay_linear(cs_rank(-1 * stddev(delta(close, 1), 40)), 504)
[execution_aware] iter 10/50 [OK ] reward=  1.4433  decay_linear(cs_rank(-1 * stddev(delta(close, 1), 20)), 252)
[execution_aware] iter 11/50 [ERR] reward=    -inf  decay_linear(cs_rank(-1 * stddev(delta(close, 1), 20)), 500)
[execution_aware] iter 12/50 [OK ] reward=  1.4433  decay_linear(cs_rank(-1 * stddev(delta(close, 1), 20)), 252)
[execution_aware] iter 13/50 [ERR] reward=    -inf  decay_linear(cs_rank(-1 * stddev(delta(close, 1), 20)), 500)
[execution_aware] iter 14/50 [OK ] reward=  1.4433  decay_linear(cs_rank(-1 * stddev(delta(close, 1), 20)), 252)
[execution_aware] iter 15/50 [ERR] reward=    -inf  decay_linear(ts_rank(-1 * stddev(delta(close, 1), 20), 252), 500)
[execution_aware] iter 16/50 [OK ] reward= -0.2830  decay_linear(ts_rank(-1 * stddev(delta(close, 1), 20), 252), 252)
[execution_aware] iter 17/50 [ERR] reward=    -inf  decay_linear(rank(-1 * stddev(delta(close, 1), 20)), 500)
[execution_aware] iter 18/50 [OK ] reward=  1.4433  decay_linear(rank(-1 * stddev(delta(close, 1), 20)), 252)
[execution_aware] iter 19/50 [ERR] reward=    -inf  decay_linear(rank(-1 * stddev(delta(close, 1), 20)), 500)
[execution_aware] iter 20/50 [OK ] reward=  1.4433  decay_linear(rank(-1 * stddev(delta(close, 1), 20)), 252)
[execution_aware] iter 21/50 [ERR] reward=    -inf  decay_linear(ts_rank(-1 * stddev(delta(close, 1), 20), 252), 500)
[execution_aware] iter 22/50 [OK ] reward=  1.4433  decay_linear(cs_rank(-1 * stddev(delta(close, 1), 20)), 252)
[execution_aware] iter 23/50 [ERR] reward=    -inf  decay_linear(cs_rank(-1 * stddev(delta(close, 1), 20)), 500)
[execution_aware] iter 24/50 [OK ] reward=  1.4433  decay_linear(cs_rank(-1 * stddev(delta(close, 1), 20)), 252)
[execution_aware] iter 25/50 [ERR] reward=    -inf  decay_linear(cs_rank(-1 * stddev(delta(close, 1), 20)), 500)
[execution_aware] iter 26/50 [OK ] reward= -0.2830  decay_linear(ts_rank(-1 * stddev(delta(close, 1), 20), 252), 252)
[execution_aware] iter 27/50 [ERR] reward=    -inf  decay_linear(ts_rank(-1 * stddev(delta(close, 1), 20), 252), 500)
[execution_aware] iter 28/50 [OK ] reward= -0.2830  decay_linear(ts_rank(-1 * stddev(delta(close, 1), 20), 252), 252)
[execution_aware] iter 29/50 [ERR] reward=    -inf  decay_linear(ts_rank(-1 * stddev(delta(close, 1), 20), 252), 500)
[execution_aware] iter 30/50 [OK ] reward=  1.4433  decay_linear(cs_rank(-1 * stddev(delta(close, 1), 20)), 252)
[execution_aware] iter 31/50 [ERR] reward=    -inf  decay_linear(cs_rank(-1 * stddev(delta(close, 1), 20)), 500)
[execution_aware] iter 32/50 [OK ] reward=  1.4433  decay_linear(cs_rank(-1 * stddev(delta(close, 1), 20)), 252)
[execution_aware] iter 33/50 [ERR] reward=    -inf  decay_linear(cs_rank(-1 * stddev(delta(close, 1), 20)), 504)
[execution_aware] iter 34/50 [OK ] reward=  1.4433  decay_linear(cs_rank(-1 * stddev(delta(close, 1), 20)), 252)
[execution_aware] iter 35/50 [ERR] reward=    -inf  decay_linear(cs_rank(-1 * stddev(delta(close, 1), 20)), 500)
[execution_aware] iter 36/50 [OK ] reward= -0.2830  decay_linear(ts_rank(-1 * stddev(delta(close, 1), 20), 252), 252)
[execution_aware] iter 37/50 [ERR] reward=    -inf  decay_linear(rank(-1 * stddev(delta(close, 1), 20)), 500)
[execution_aware] iter 38/50 [OK ] reward=  1.4433  decay_linear(rank(-1 * stddev(delta(close, 1), 20)), 252)
[execution_aware] iter 39/50 [ERR] reward=    -inf  decay_linear(cs_rank(-1 * stddev(delta(close, 1), 40)), 500)
[execution_aware] iter 40/50 [OK ] reward=  1.4433  decay_linear(cs_rank(-1 * stddev(delta(close, 1), 20)), 252)
[execution_aware] iter 41/50 [ERR] reward=    -inf  decay_linear(cs_rank(-1 * stddev(delta(close, 1), 20)), 500)
[execution_aware] iter 42/50 [OK ] reward=  1.4433  decay_linear(cs_rank(-1 * stddev(delta(close, 1), 20)), 252)
[execution_aware] iter 43/50 [ERR] reward=    -inf  decay_linear(cs_rank(-1 * stddev(delta(close, 1), 20)), 504)
[execution_aware] iter 44/50 [OK ] reward= -0.6098  decay_linear(ts_rank(-1 * stddev(delta(close, 1), 20), 20), 252)
[execution_aware] iter 45/50 [ERR] reward=    -inf  decay_linear(cs_rank(-1 * stddev(delta(close, 1), 20)), 504)
[execution_aware] iter 46/50 [OK ] reward=  1.4433  decay_linear(cs_rank(-1 * stddev(delta(close, 1), 20)), 252)
[execution_aware] iter 47/50 [ERR] reward=    -inf  decay_linear(cs_rank(-1 * stddev(delta(close, 1), 20)), 500)
[execution_aware] iter 48/50 [OK ] reward=  1.4433  decay_linear(cs_rank(-1 * stddev(delta(close, 1), 20)), 252)
[execution_aware] iter 49/50 [ERR] reward=    -inf  decay_linear(cs_rank(-1 * stddev(delta(close, 1), 20)), 500)
[execution_aware] iter 50/50 [OK ] reward=  1.4433  decay_linear(cs_rank(-1 * stddev(delta(close, 1), 20)), 252)
[wfo:execution_aware] fold 1 winner: decay_linear(rank(-1 * stddev(delta(close, 1), 20)), 252)
[wfo:execution_aware] fold 1 OOS: Gross_IR=1.075 Turnover=3.30 Net_IR=0.914
[wfo:execution_aware] fold 2: train 2003-01-01..2007-12-31 -> test 2008-01-01..2008-12-31
[execution_aware] iter  0/50 [SEED] reward=  0.9391  rank(-1 * stddev(delta(close, 1), 20))
[execution_aware] iter  1/50 [OK ] reward=  1.1577  decay_linear(rank(-1 * stddev(delta(close, 1), 20)), 252)
[execution_aware] iter  2/50 [ERR] reward=    -inf  decay_linear(rank(-1 * stddev(delta(close, 1), 20)), 500)
[execution_aware] iter  3/50 [OK ] reward=  1.1577  decay_linear(rank(-1 * stddev(delta(close, 1), 20)), 252)
[execution_aware] iter  4/50 [ERR] reward=    -inf  decay_linear(rank(-1 * stddev(delta(close, 1), 20)), 500)
[execution_aware] iter  5/50 [OK ] reward= -0.0694  decay_linear(ts_rank(-1 * stddev(delta(close, 1), 20), 252), 252)
[execution_aware] iter  6/50 [ERR] reward=    -inf  decay_linear(cs_rank(-1 * stddev(delta(close, 1), 20)), 504)
[execution_aware] iter  7/50 [OK ] reward=  1.1577  decay_linear(cs_rank(-1 * stddev(delta(close, 1), 20)), 252)
[execution_aware] iter  8/50 [ERR] reward=    -inf  decay_linear(cs_rank(-1 * stddev(delta(close, 1), 30)), 500)
[execution_aware] iter  9/50 [OK ] reward=  1.1577  decay_linear(cs_rank(-1 * stddev(delta(close, 1), 20)), 252)
[execution_aware] iter 10/50 [ERR] reward=    -inf  decay_linear(cs_rank(-1 * stddev(delta(close, 1), 20)), 500)
[execution_aware] iter 11/50 [OK ] reward=  1.1577  decay_linear(cs_rank(-1 * stddev(delta(close, 1), 20)), 252)
[execution_aware] iter 12/50 [ERR] reward=    -inf  decay_linear(cs_rank(-1 * stddev(delta(close, 1), 20)), 500)
[execution_aware] iter 13/50 [OK ] reward=  1.1577  decay_linear(cs_rank(-1 * stddev(delta(close, 1), 20)), 252)
[execution_aware] iter 14/50 [ERR] reward=    -inf  decay_linear(cs_rank(-1 * stddev(delta(close, 1), 20)), 500)
[execution_aware] iter 15/50 [OK ] reward=  1.1577  decay_linear(cs_rank(-1 * stddev(delta(close, 1), 20)), 252)
[execution_aware] iter 16/50 [ERR] reward=    -inf  decay_linear(cs_rank(-1 * stddev(delta(close, 1), 20)), 500)
[execution_aware] iter 17/50 [OK ] reward=  1.1577  decay_linear(cs_rank(-1 * stddev(delta(close, 1), 20)), 252)
[execution_aware] iter 18/50 [ERR] reward=    -inf  decay_linear(cs_rank(-1 * stddev(delta(close, 1), 20)), 500)
[execution_aware] iter 19/50 [OK ] reward= -0.0694  decay_linear(ts_rank(-1 * stddev(delta(close, 1), 20), 252), 252)
[execution_aware] iter 20/50 [ERR] reward=    -inf  decay_linear(ts_rank(-1 * stddev(delta(close, 1), 20), 252), 500)
[execution_aware] iter 21/50 [OK ] reward=  1.1577  decay_linear(cs_rank(-1 * stddev(delta(close, 1), 20)), 252)
[execution_aware] iter 22/50 [ERR] reward=    -inf  decay_linear(cs_rank(-1 * stddev(delta(close, 1), 20)), 504)
[execution_aware] iter 23/50 [OK ] reward=  1.1577  decay_linear(cs_rank(-1 * stddev(delta(close, 1), 20)), 252)
[execution_aware] iter 24/50 [ERR] reward=    -inf  decay_linear(cs_rank(-1 * stddev(delta(close, 1), 20)), 500)
[execution_aware] iter 25/50 [OK ] reward=  1.1577  decay_linear(cs_rank(-1 * stddev(delta(close, 1), 20)), 252)
[execution_aware] iter 26/50 [ERR] reward=    -inf  decay_linear(cs_rank(-1 * stddev(delta(close, 1), 20)), 500)
[execution_aware] iter 27/50 [OK ] reward=  1.1577  decay_linear(cs_rank(-1 * stddev(delta(close, 1), 20)), 252)
[execution_aware] iter 28/50 [ERR] reward=    -inf  decay_linear(cs_rank(-1 * stddev(delta(close, 1), 20)), 500)
[execution_aware] iter 29/50 [OK ] reward=  1.1577  decay_linear(cs_rank(-1 * stddev(delta(close, 1), 20)), 252)
[execution_aware] iter 30/50 [ERR] reward=    -inf  decay_linear(cs_rank(-1 * stddev(delta(close, 1), 20)), 500)
[execution_aware] iter 31/50 [OK ] reward=  1.1577  decay_linear(cs_rank(-1 * stddev(delta(close, 1), 20)), 252)
[execution_aware] iter 32/50 [ERR] reward=    -inf  decay_linear(cs_rank(-1 * stddev(delta(close, 1), 20)), 500)
[execution_aware] iter 33/50 [OK ] reward=  1.1577  decay_linear(cs_rank(-1 * stddev(delta(close, 1), 20)), 252)
[execution_aware] iter 34/50 [ERR] reward=    -inf  decay_linear(cs_rank(-1 * stddev(delta(close, 1), 20)), 500)
[execution_aware] iter 35/50 [OK ] reward=  1.1577  decay_linear(cs_rank(-1 * stddev(delta(close, 1), 20)), 252)
[execution_aware] iter 36/50 [ERR] reward=    -inf  decay_linear(cs_rank(-1 * stddev(delta(close, 1), 20)), 500)
[execution_aware] iter 37/50 [OK ] reward=  1.1577  decay_linear(cs_rank(-1 * stddev(delta(close, 1), 20)), 252)
[execution_aware] iter 38/50 [ERR] reward=    -inf  decay_linear(cs_rank(-1 * stddev(delta(close, 1), 20)), 500)
[execution_aware] iter 39/50 [OK ] reward=  1.1577  decay_linear(cs_rank(-1 * stddev(delta(close, 1), 20)), 252)
[execution_aware] iter 40/50 [ERR] reward=    -inf  decay_linear(ts_rank(-1 * stddev(delta(close, 1), 20), 252), 500)
[execution_aware] iter 41/50 [OK ] reward=  1.1577  decay_linear(cs_rank(-1 * stddev(delta(close, 1), 20)), 252)
[execution_aware] iter 42/50 [ERR] reward=    -inf  decay_linear(cs_rank(-1 * stddev(delta(close, 1), 20)), 500)
[execution_aware] iter 43/50 [OK ] reward=  1.1577  decay_linear(cs_rank(-1 * stddev(delta(close, 1), 20)), 252)
[execution_aware] iter 44/50 [ERR] reward=    -inf  decay_linear(cs_rank(-1 * stddev(delta(close, 1), 20)), 500)
[execution_aware] iter 45/50 [OK ] reward=  1.1577  decay_linear(cs_rank(-1 * stddev(delta(close, 1), 20)), 252)
[execution_aware] iter 46/50 [ERR] reward=    -inf  decay_linear(cs_rank(-1 * stddev(delta(close, 1), 20)), 500)
[execution_aware] iter 47/50 [OK ] reward=  1.1577  decay_linear(cs_rank(-1 * stddev(delta(close, 1), 20)), 252)
[execution_aware] iter 48/50 [ERR] reward=    -inf  decay_linear(cs_rank(-1 * stddev(delta(close, 1), 20)), 500)
[execution_aware] iter 49/50 [OK ] reward=  1.1577  decay_linear(cs_rank(-1 * stddev(delta(close, 1), 20)), 252)
[execution_aware] iter 50/50 [ERR] reward=    -inf  decay_linear(cs_rank(-1 * stddev(delta(close, 1), 20)), 500)
[wfo:execution_aware] fold 2 winner: decay_linear(rank(-1 * stddev(delta(close, 1), 20)), 252)
[wfo:execution_aware] fold 2 OOS: Gross_IR=1.019 Turnover=6.46 Net_IR=0.882
[wfo:execution_aware] fold 3: train 2004-01-01..2008-12-31 -> test 2009-01-01..2009-12-31
[execution_aware] iter  0/50 [SEED] reward=  0.4216  rank(-1 * stddev(delta(close, 1), 20))
[execution_aware] iter  1/50 [OK ] reward=  0.7668  decay_linear(rank(-1 * stddev(delta(close, 1), 20)), 126)
[execution_aware] iter  2/50 [OK ] reward=  0.7965  decay_linear(rank(-1 * stddev(delta(close, 1), 20)), 252)
[execution_aware] iter  3/50 [ERR] reward=    -inf  decay_linear(rank(-1 * stddev(delta(close, 1), 20)), 500)
[execution_aware] iter  4/50 [OK ] reward=  0.7965  decay_linear(cs_rank(-1 * stddev(delta(close, 1), 20)), 252)
[execution_aware] iter  5/50 [ERR] reward=    -inf  decay_linear(cs_rank(-1 * stddev(delta(close, 1), 20)), 504)
[execution_aware] iter  6/50 [OK ] reward=  0.7965  decay_linear(cs_rank(-1 * stddev(delta(close, 1), 20)), 252)
[execution_aware] iter  7/50 [ERR] reward=    -inf  decay_linear(cs_rank(-1 * stddev(delta(close, 1), 40)), 500)
[execution_aware] iter  8/50 [OK ] reward=  0.8073  decay_linear(cs_rank(-1 * stddev(delta(close, 1), 40)), 252)
[execution_aware] iter  9/50 [ERR] reward=    -inf  decay_linear(cs_rank(-1 * stddev(delta(close, 1), 80)), 500)
[execution_aware] iter 10/50 [OK ] reward=  0.8085  decay_linear(cs_rank(-1 * stddev(delta(close, 1), 80)), 252)
[execution_aware] iter 11/50 [ERR] reward=    -inf  decay_linear(cs_rank(-1 * stddev(delta(close, 1), 80)), 500)
[execution_aware] iter 12/50 [OK ] reward=  0.7855  decay_linear(cs_rank(-1 * stddev(delta(close, 1), 80)), 200)
[execution_aware] iter 13/50 [ERR] reward=    -inf  decay_linear(cs_rank(-1 * stddev(delta(close, 1), 80)), 500)
[execution_aware] iter 14/50 [OK ] reward=  0.8085  decay_linear(cs_rank(-1 * stddev(delta(close, 1), 80)), 252)
[execution_aware] iter 15/50 [ERR] reward=    -inf  decay_linear(cs_rank(-1 * stddev(delta(close, 1), 80)), 500)
[execution_aware] iter 16/50 [OK ] reward=  0.8328  decay_linear(cs_rank(-1 * stddev(delta(close, 1), 120)), 252)
[execution_aware] iter 17/50 [ERR] reward=    -inf  decay_linear(cs_rank(-1 * stddev(delta(close, 1), 120)), 500)
[execution_aware] iter 18/50 [OK ] reward=  0.8050  decay_linear(cs_rank(-1 * stddev(delta(close, 1), 120)), 200)
[execution_aware] iter 19/50 [ERR] reward=    -inf  decay_linear(cs_rank(-1 * stddev(delta(close, 1), 120)), 500)
[execution_aware] iter 20/50 [OK ] reward=  0.8328  decay_linear(cs_rank(-1 * stddev(delta(close, 1), 120)), 252)
[execution_aware] iter 21/50 [ERR] reward=    -inf  decay_linear(cs_rank(-1 * stddev(delta(close, 1), 120)), 500)
[execution_aware] iter 22/50 [OK ] reward=  0.8050  decay_linear(cs_rank(-1 * stddev(delta(close, 1), 120)), 200)
[execution_aware] iter 23/50 [ERR] reward=    -inf  decay_linear(cs_rank(-1 * stddev(delta(close, 1), 120)), 500)
[execution_aware] iter 24/50 [OK ] reward=  0.8328  decay_linear(cs_rank(-1 * stddev(delta(close, 1), 120)), 252)
[execution_aware] iter 25/50 [ERR] reward=    -inf  decay_linear(cs_rank(-1 * stddev(delta(close, 1), 120)), 504)
[execution_aware] iter 26/50 [OK ] reward=  0.7779  decay_linear(cs_rank(-1 * stddev(delta(close, 1), 120)), 120)
[execution_aware] iter 27/50 [ERR] reward=    -inf  decay_linear(cs_rank(-1 * stddev(delta(close, 1), 120)), 500)
[execution_aware] iter 28/50 [OK ] reward=  0.8328  decay_linear(cs_rank(-1 * stddev(delta(close, 1), 120)), 252)
[execution_aware] iter 29/50 [ERR] reward=    -inf  decay_linear(cs_rank(-1 * stddev(delta(close, 1), 120)), 500)
[execution_aware] iter 30/50 [OK ] reward=  0.8328  decay_linear(cs_rank(-1 * stddev(delta(close, 1), 120)), 252)
[execution_aware] iter 31/50 [ERR] reward=    -inf  decay_linear(cs_rank(-1 * stddev(delta(close, 1), 120)), 504)
[execution_aware] iter 32/50 [OK ] reward=  0.7779  decay_linear(cs_rank(-1 * stddev(delta(close, 1), 120)), 120)
[execution_aware] iter 33/50 [ERR] reward=    -inf  decay_linear(cs_rank(-1 * stddev(delta(close, 1), 120)), 500)
[execution_aware] iter 34/50 [OK ] reward=  0.8328  decay_linear(cs_rank(-1 * stddev(delta(close, 1), 120)), 252)
[execution_aware] iter 35/50 [ERR] reward=    -inf  decay_linear(cs_rank(-1 * stddev(delta(close, 1), 120)), 500)
[execution_aware] iter 36/50 [OK ] reward=  0.8328  decay_linear(cs_rank(-1 * stddev(delta(close, 1), 120)), 252)
[execution_aware] iter 37/50 [ERR] reward=    -inf  decay_linear(cs_rank(-1 * stddev(delta(close, 1), 120)), 504)
[execution_aware] iter 38/50 [OK ] reward=  0.8328  decay_linear(cs_rank(-1 * stddev(delta(close, 1), 120)), 252)
[execution_aware] iter 39/50 [ERR] reward=    -inf  decay_linear(cs_rank(-1 * stddev(delta(close, 1), 120)), 500)
[execution_aware] iter 40/50 [OK ] reward=  0.8050  decay_linear(cs_rank(-1 * stddev(delta(close, 1), 120)), 200)
[execution_aware] iter 41/50 [ERR] reward=    -inf  decay_linear(cs_rank(-1 * stddev(delta(close, 1), 120)), 300)
[execution_aware] iter 42/50 [OK ] reward=  0.8153  decay_linear(cs_rank(-1 * stddev(delta(close, 1), 120)), 220)
[execution_aware] iter 43/50 [ERR] reward=    -inf  decay_linear(cs_rank(-1 * stddev(delta(close, 1), 120)), 365)
[execution_aware] iter 44/50 [OK ] reward=  0.8066  decay_linear(cs_rank(-1 * stddev(delta(close, 1), 60)), 252)
[execution_aware] iter 45/50 [ERR] reward=    -inf  decay_linear(cs_rank(-1 * stddev(delta(close, 1), 120)), 500)
[execution_aware] iter 46/50 [OK ] reward=  0.8782  decay_linear(cs_rank(-1 * stddev(delta(close, 1), 240)), 180)
[execution_aware] iter 47/50 [ERR] reward=    -inf  decay_linear(cs_rank(-1 * stddev(delta(close, 1), 240)), 360)
[execution_aware] iter 48/50 [OK ] reward=  0.8782  decay_linear(cs_rank(-1 * stddev(delta(close, 1), 240)), 180)
[execution_aware] iter 49/50 [ERR] reward=    -inf  decay_linear(cs_rank(-1 * stddev(delta(close, 1), 240)), 360)
[execution_aware] iter 50/50 [OK ] reward=  0.8347  decay_linear(cs_rank(-1 * stddev(delta(close, 1), 180)), 180)
[wfo:execution_aware] fold 3 winner: decay_linear(cs_rank(-1 * stddev(delta(close, 1), 240)), 180)
[wfo:execution_aware] fold 3 OOS: Gross_IR=0.125 Turnover=4.94 Net_IR=-0.021
[wfo:execution_aware] fold 4: train 2005-01-01..2009-12-31 -> test 2010-01-01..2010-12-31
[execution_aware] iter  0/50 [SEED] reward=  0.2889  rank(-1 * stddev(delta(close, 1), 20))
[execution_aware] iter  1/50 [OK ] reward=  0.6204  decay_linear(rank(-1 * stddev(delta(close, 1), 20)), 60)
[execution_aware] iter  2/50 [OK ] reward=  0.6038  decay_linear(rank(-1 * stddev(delta(close, 1), 20)), 120)
[execution_aware] iter  3/50 [OK ] reward=  0.5934  decay_linear(cs_rank(-1 * stddev(delta(close, 1), 20)), 180)
[execution_aware] iter  4/50 [OK ] reward=  0.5896  decay_linear(cs_rank(-1 * stddev(delta(close, 1), 20)), 252)
[execution_aware] iter  5/50 [OK ] reward=  0.6038  decay_linear(cs_rank(-1 * stddev(delta(close, 1), 20)), 120)
[execution_aware] iter  6/50 [OK ] reward=  0.5934  decay_linear(cs_rank(-1 * stddev(delta(close, 1), 20)), 180)
[execution_aware] iter  7/50 [OK ] reward=  0.0048  decay_linear(ts_rank(-1 * stddev(delta(close, 1), 20), 252), 252)
[execution_aware] iter  8/50 [OK ] reward= -0.1244  decay_linear(ts_rank(-1 * stddev(delta(close, 1), 20), 252), 120)
[execution_aware] iter  9/50 [OK ] reward=  0.6038  decay_linear(cs_rank(-1 * stddev(delta(close, 1), 20)), 120)
[execution_aware] iter 10/50 [OK ] reward=  0.5890  decay_linear(cs_rank(-1 * stddev(delta(close, 1), 20)), 240)
[execution_aware] iter 11/50 [OK ] reward=  0.5890  decay_linear(cs_rank(-1 * stddev(delta(close, 1), 20)), 240)
[execution_aware] iter 12/50 [ERR] reward=    -inf  decay_linear(cs_rank(-1 * stddev(delta(close, 1), 20)), 480)
[execution_aware] iter 13/50 [OK ] reward=  0.6204  decay_linear(cs_rank(-1 * stddev(delta(close, 1), 20)), 60)
[execution_aware] iter 14/50 [OK ] reward=  0.6038  decay_linear(cs_rank(-1 * stddev(delta(close, 1), 20)), 120)
[execution_aware] iter 15/50 [OK ] reward=  0.5890  decay_linear(cs_rank(-1 * stddev(delta(close, 1), 20)), 240)
[execution_aware] iter 16/50 [OK ] reward=  0.5890  decay_linear(cs_rank(-1 * stddev(delta(close, 1), 20)), 240)
[execution_aware] iter 17/50 [OK ] reward= -0.0855  decay_linear(ts_rank(-1 * stddev(delta(close, 1), 20), 120), 60)
[execution_aware] iter 18/50 [OK ] reward=  0.6038  decay_linear(rank(-1 * stddev(delta(close, 1), 20)), 120)
[execution_aware] iter 19/50 [OK ] reward=  0.5934  decay_linear(cs_rank(-1 * stddev(delta(close, 1), 20)), 180)
[execution_aware] iter 20/50 [ERR] reward=    -inf  decay_linear(cs_rank(-1 * stddev(delta(close, 1), 20)), 360)
[execution_aware] iter 21/50 [OK ] reward=  0.6204  decay_linear(cs_rank(-1 * stddev(delta(close, 1), 20)), 60)
[execution_aware] iter 22/50 [OK ] reward=  0.6038  decay_linear(cs_rank(-1 * stddev(delta(close, 1), 20)), 120)
[execution_aware] iter 23/50 [OK ] reward=  0.5992  decay_linear(cs_rank(-1 * stddev(delta(close, 1), 20)), 150)
[execution_aware] iter 24/50 [OK ] reward=  0.5934  decay_linear(cs_rank(-1 * stddev(delta(close, 1), 20)), 180)
[execution_aware] iter 25/50 [OK ] reward=  0.5890  decay_linear(cs_rank(-1 * stddev(delta(close, 1), 20)), 240)
[execution_aware] iter 26/50 [OK ] reward=  0.5890  decay_linear(cs_rank(-1 * stddev(delta(close, 1), 20)), 240)
[execution_aware] iter 27/50 [OK ] reward= -0.0288  decay_linear(ts_rank(-1 * stddev(delta(close, 1), 20), 120), 120)
[execution_aware] iter 28/50 [OK ] reward= -0.0288  decay_linear(ts_rank(-1 * stddev(delta(close, 1), 20), 120), 120)
[execution_aware] iter 29/50 [OK ] reward=  0.6038  decay_linear(cs_rank(-1 * stddev(delta(close, 1), 20)), 120)
[execution_aware] iter 30/50 [OK ] reward=  0.5890  decay_linear(cs_rank(-1 * stddev(delta(close, 1), 20)), 240)
[execution_aware] iter 31/50 [OK ] reward=  0.6038  decay_linear(cs_rank(-1 * stddev(delta(close, 1), 20)), 120)
[execution_aware] iter 32/50 [OK ] reward= -0.0457  decay_linear(ts_rank(-1 * stddev(delta(close, 1), 20), 120), 240)
[execution_aware] iter 33/50 [OK ] reward=  0.6038  decay_linear(rank(-1 * stddev(delta(close, 1), 20)), 120)
[execution_aware] iter 34/50 [OK ] reward=  0.5934  decay_linear(rank(-1 * stddev(delta(close, 1), 20)), 180)
[execution_aware] iter 35/50 [OK ] reward=  0.5890  decay_linear(rank(-1 * stddev(delta(close, 1), 20)), 240)
[execution_aware] iter 36/50 [OK ] reward=  0.6038  decay_linear(rank(-1 * stddev(delta(close, 1), 20)), 120)
[execution_aware] iter 37/50 [OK ] reward=  0.5934  decay_linear(rank(-1 * stddev(delta(close, 1), 20)), 180)
[execution_aware] iter 38/50 [ERR] reward=    -inf  decay_linear(rank(-1 * stddev(delta(close, 1), 20)), 360)
[execution_aware] iter 39/50 [OK ] reward=  0.6204  decay_linear(cs_rank(-1 * stddev(delta(close, 1), 20)), 60)
[execution_aware] iter 40/50 [OK ] reward=  0.6038  decay_linear(cs_rank(-1 * stddev(delta(close, 1), 20)), 120)
[execution_aware] iter 41/50 [OK ] reward=  0.5934  decay_linear(cs_rank(-1 * stddev(delta(close, 1), 20)), 180)
[execution_aware] iter 42/50 [ERR] reward=    -inf  decay_linear(cs_rank(-1 * stddev(delta(close, 1), 20)), 360)
[execution_aware] iter 43/50 [OK ] reward=  0.6204  decay_linear(cs_rank(-1 * stddev(delta(close, 1), 20)), 60)
[execution_aware] iter 44/50 [OK ] reward=  0.6038  decay_linear(cs_rank(-1 * stddev(delta(close, 1), 20)), 120)
[execution_aware] iter 45/50 [OK ] reward=  0.5934  decay_linear(cs_rank(-1 * stddev(delta(close, 1), 20)), 180)
[execution_aware] iter 46/50 [ERR] reward=    -inf  decay_linear(cs_rank(-1 * stddev(delta(close, 1), 20)), 360)
[execution_aware] iter 47/50 [OK ] reward=  0.6204  decay_linear(cs_rank(-1 * stddev(delta(close, 1), 20)), 60)
[execution_aware] iter 48/50 [OK ] reward=  0.6038  decay_linear(cs_rank(-1 * stddev(delta(close, 1), 20)), 120)
[execution_aware] iter 49/50 [OK ] reward=  0.5934  decay_linear(cs_rank(-1 * stddev(delta(close, 1), 20)), 180)
[execution_aware] iter 50/50 [OK ] reward=  0.5890  decay_linear(cs_rank(-1 * stddev(delta(close, 1), 20)), 240)
[wfo:execution_aware] fold 4 winner: decay_linear(rank(-1 * stddev(delta(close, 1), 20)), 60)
[wfo:execution_aware] fold 4 OOS: Gross_IR=-0.414 Turnover=4.18 Net_IR=-0.594
[wfo:execution_aware] fold 5: train 2006-01-01..2010-12-31 -> test 2011-01-01..2011-12-31
[execution_aware] iter  0/50 [SEED] reward=  0.2899  rank(-1 * stddev(delta(close, 1), 20))
[execution_aware] iter  1/50 [OK ] reward=  0.5593  decay_linear(rank(-1 * stddev(delta(close, 1), 20)), 60)
[execution_aware] iter  2/50 [OK ] reward=  0.5395  decay_linear(rank(-1 * stddev(delta(close, 1), 20)), 120)
[execution_aware] iter  3/50 [OK ] reward=  0.5395  decay_linear(rank(-1 * stddev(delta(close, 1), 20)), 120)
[execution_aware] iter  4/50 [OK ] reward=  0.5109  decay_linear(rank(-1 * stddev(delta(close, 1), 20)), 240)
[execution_aware] iter  5/50 [OK ] reward=  0.5395  decay_linear(cs_rank(-1 * stddev(delta(close, 1), 20)), 120)
[execution_aware] iter  6/50 [OK ] reward=  0.5203  decay_linear(cs_rank(-1 * stddev(delta(close, 1), 20)), 180)
[execution_aware] iter  7/50 [OK ] reward=  0.5395  decay_linear(cs_rank(-1 * stddev(delta(close, 1), 20)), 120)
[execution_aware] iter  8/50 [OK ] reward=  0.5395  decay_linear(cs_rank(-1 * stddev(delta(close, 1), 20)), 120)
[execution_aware] iter  9/50 [OK ] reward=  0.5395  decay_linear(cs_rank(-1 * stddev(delta(close, 1), 20)), 120)
[execution_aware] iter 10/50 [OK ] reward=  0.5203  decay_linear(cs_rank(-1 * stddev(delta(close, 1), 20)), 180)
[execution_aware] iter 11/50 [ERR] reward=    -inf  decay_linear(cs_rank(-1 * stddev(delta(close, 1), 20)), 360)
[execution_aware] iter 12/50 [OK ] reward=  0.5593  decay_linear(cs_rank(-1 * stddev(delta(close, 1), 20)), 60)
[execution_aware] iter 13/50 [OK ] reward=  0.5395  decay_linear(cs_rank(-1 * stddev(delta(close, 1), 20)), 120)
[execution_aware] iter 14/50 [OK ] reward=  0.5203  decay_linear(cs_rank(-1 * stddev(delta(close, 1), 20)), 180)
[execution_aware] iter 15/50 [OK ] reward=  0.5109  decay_linear(cs_rank(-1 * stddev(delta(close, 1), 20)), 240)
[execution_aware] iter 16/50 [ERR] reward=    -inf  decay_linear(cs_rank(-1 * stddev(delta(close, 1), 20)), 600)
[execution_aware] iter 17/50 [OK ] reward=  0.5593  decay_linear(cs_rank(-1 * stddev(delta(close, 1), 20)), 60)
[execution_aware] iter 18/50 [OK ] reward=  0.5395  decay_linear(cs_rank(-1 * stddev(delta(close, 1), 20)), 120)
[execution_aware] iter 19/50 [OK ] reward=  0.5203  decay_linear(cs_rank(-1 * stddev(delta(close, 1), 20)), 180)
[execution_aware] iter 20/50 [OK ] reward=  0.5109  decay_linear(cs_rank(-1 * stddev(delta(close, 1), 20)), 240)
[execution_aware] iter 21/50 [ERR] reward=    -inf  decay_linear(cs_rank(-1 * stddev(delta(close, 1), 20)), 360)
[execution_aware] iter 22/50 [OK ] reward=  0.5593  decay_linear(cs_rank(-1 * stddev(delta(close, 1), 20)), 60)
[execution_aware] iter 23/50 [OK ] reward=  0.5395  decay_linear(cs_rank(-1 * stddev(delta(close, 1), 20)), 120)
[execution_aware] iter 24/50 [OK ] reward=  0.5109  decay_linear(cs_rank(-1 * stddev(delta(close, 1), 20)), 240)
[execution_aware] iter 25/50 [OK ] reward=  0.5109  decay_linear(cs_rank(-1 * stddev(delta(close, 1), 20)), 240)
[execution_aware] iter 26/50 [OK ] reward=  0.5593  decay_linear(cs_rank(-1 * stddev(delta(close, 1), 20)), 60)
[execution_aware] iter 27/50 [OK ] reward=  0.5395  decay_linear(cs_rank(-1 * stddev(delta(close, 1), 20)), 120)
[execution_aware] iter 28/50 [OK ] reward=  0.5203  decay_linear(cs_rank(-1 * stddev(delta(close, 1), 20)), 180)
[execution_aware] iter 29/50 [ERR] reward=    -inf  decay_linear(cs_rank(-1 * stddev(delta(close, 1), 20)), 360)
[execution_aware] iter 30/50 [OK ] reward=  0.5593  decay_linear(cs_rank(-1 * stddev(delta(close, 1), 20)), 60)
[execution_aware] iter 31/50 [OK ] reward=  0.5395  decay_linear(cs_rank(-1 * stddev(delta(close, 1), 20)), 120)
[execution_aware] iter 32/50 [OK ] reward=  0.5203  decay_linear(cs_rank(-1 * stddev(delta(close, 1), 20)), 180)
[execution_aware] iter 33/50 [OK ] reward=  0.5109  decay_linear(cs_rank(-1 * stddev(delta(close, 1), 20)), 240)
[execution_aware] iter 34/50 [ERR] reward=    -inf  decay_linear(cs_rank(-1 * stddev(delta(close, 1), 20)), 360)
[execution_aware] iter 35/50 [OK ] reward=  0.5593  decay_linear(cs_rank(-1 * stddev(delta(close, 1), 20)), 60)
[execution_aware] iter 36/50 [OK ] reward=  0.5395  decay_linear(cs_rank(-1 * stddev(delta(close, 1), 20)), 120)
[execution_aware] iter 37/50 [OK ] reward=  0.5203  decay_linear(cs_rank(-1 * stddev(delta(close, 1), 20)), 180)
[execution_aware] iter 38/50 [OK ] reward=  0.1634  decay_linear(ts_rank(-1 * stddev(delta(close, 1), 20), 252), 180)
[execution_aware] iter 39/50 [OK ] reward=  0.5395  decay_linear(cs_rank(-1 * stddev(delta(close, 1), 20)), 120)
[execution_aware] iter 40/50 [OK ] reward=  0.5395  decay_linear(cs_rank(-1 * stddev(delta(close, 1), 20)), 120)
[execution_aware] iter 41/50 [OK ] reward=  0.5203  decay_linear(cs_rank(-1 * stddev(delta(close, 1), 20)), 180)
[execution_aware] iter 42/50 [ERR] reward=    -inf  decay_linear(cs_rank(-1 * stddev(delta(close, 1), 20)), 360)
[execution_aware] iter 43/50 [OK ] reward= -0.3467  decay_linear(ts_rank(-1 * stddev(delta(close, 1), 20), 20), 60)
[execution_aware] iter 44/50 [OK ] reward=  0.5395  decay_linear(cs_rank(-1 * stddev(delta(close, 1), 20)), 120)
[execution_aware] iter 45/50 [OK ] reward=  0.5203  decay_linear(cs_rank(-1 * stddev(delta(close, 1), 20)), 180)
[execution_aware] iter 46/50 [OK ] reward=  0.5395  decay_linear(cs_rank(-1 * stddev(delta(close, 1), 20)), 120)
[execution_aware] iter 47/50 [OK ] reward=  0.5109  decay_linear(cs_rank(-1 * stddev(delta(close, 1), 20)), 240)
[execution_aware] iter 48/50 [ERR] reward=    -inf  decay_linear(cs_rank(-1 * stddev(delta(close, 1), 20)), 360)
[execution_aware] iter 49/50 [OK ] reward=  0.5593  decay_linear(cs_rank(-1 * stddev(delta(close, 1), 20)), 60)
[execution_aware] iter 50/50 [OK ] reward=  0.5395  decay_linear(cs_rank(-1 * stddev(delta(close, 1), 20)), 120)
[wfo:execution_aware] fold 5 winner: decay_linear(rank(-1 * stddev(delta(close, 1), 20)), 60)
[wfo:execution_aware] fold 5 OOS: Gross_IR=0.792 Turnover=4.20 Net_IR=0.621
[wfo:execution_aware] fold 6: train 2007-01-01..2011-12-31 -> test 2012-01-01..2012-12-31
[execution_aware] iter  0/50 [SEED] reward=  0.2380  rank(-1 * stddev(delta(close, 1), 20))
[execution_aware] iter  1/50 [OK ] reward=  0.4702  decay_linear(rank(-1 * stddev(delta(close, 1), 20)), 252)
[execution_aware] iter  2/50 [ERR] reward=    -inf  decay_linear(rank(-1 * stddev(delta(close, 1), 20)), 500)
[execution_aware] iter  3/50 [OK ] reward=  0.4702  decay_linear(cs_rank(-1 * stddev(delta(close, 1), 20)), 252)
[execution_aware] iter  4/50 [ERR] reward=    -inf  decay_linear(cs_rank(-1 * stddev(delta(close, 1), 20)), 500)
[execution_aware] iter  5/50 [OK ] reward=  0.4702  decay_linear(cs_rank(-1 * stddev(delta(close, 1), 20)), 252)
[execution_aware] iter  6/50 [ERR] reward=    -inf  decay_linear(cs_rank(-1 * stddev(delta(close, 1), 20)), 500)
[execution_aware] iter  7/50 [OK ] reward=  0.4702  decay_linear(cs_rank(-1 * stddev(delta(close, 1), 20)), 252)
[execution_aware] iter  8/50 [ERR] reward=    -inf  decay_linear(cs_rank(-1 * stddev(delta(close, 1), 20)), 500)
[execution_aware] iter  9/50 [OK ] reward=  0.4702  decay_linear(cs_rank(-1 * stddev(delta(close, 1), 20)), 252)
[execution_aware] iter 10/50 [ERR] reward=    -inf  decay_linear(cs_rank(-1 * stddev(delta(close, 1), 20)), 500)
[execution_aware] iter 11/50 [OK ] reward=  0.4702  decay_linear(cs_rank(-1 * stddev(delta(close, 1), 20)), 252)
[execution_aware] iter 12/50 [ERR] reward=    -inf  decay_linear(cs_rank(-1 * stddev(delta(close, 1), 20)), 504)
[execution_aware] iter 13/50 [OK ] reward=  0.4702  decay_linear(cs_rank(-1 * stddev(delta(close, 1), 20)), 252)
[execution_aware] iter 14/50 [ERR] reward=    -inf  decay_linear(cs_rank(-1 * stddev(delta(close, 1), 20)), 500)
[execution_aware] iter 15/50 [OK ] reward=  0.4702  decay_linear(cs_rank(-1 * stddev(delta(close, 1), 20)), 252)
[execution_aware] iter 16/50 [ERR] reward=    -inf  decay_linear(cs_rank(-1 * stddev(delta(close, 1), 20)), 500)
[execution_aware] iter 17/50 [OK ] reward=  0.4702  decay_linear(cs_rank(-1 * stddev(delta(close, 1), 20)), 252)
[execution_aware] iter 18/50 [ERR] reward=    -inf  decay_linear(cs_rank(-1 * stddev(delta(close, 1), 20)), 500)
[execution_aware] iter 19/50 [OK ] reward=  0.4702  decay_linear(cs_rank(-1 * stddev(delta(close, 1), 20)), 252)
[execution_aware] iter 20/50 [ERR] reward=    -inf  decay_linear(cs_rank(-1 * stddev(delta(close, 1), 20)), 500)
[execution_aware] iter 21/50 [OK ] reward=  0.4702  decay_linear(cs_rank(-1 * stddev(delta(close, 1), 20)), 252)
[execution_aware] iter 22/50 [ERR] reward=    -inf  decay_linear(cs_rank(-1 * stddev(delta(close, 1), 20)), 500)
[execution_aware] iter 23/50 [OK ] reward=  0.4702  decay_linear(cs_rank(-1 * stddev(delta(close, 1), 20)), 252)
[execution_aware] iter 24/50 [ERR] reward=    -inf  decay_linear(cs_rank(-1 * stddev(delta(close, 1), 20)), 500)
[execution_aware] iter 25/50 [OK ] reward=  0.4702  decay_linear(cs_rank(-1 * stddev(delta(close, 1), 20)), 252)
[execution_aware] iter 26/50 [ERR] reward=    -inf  decay_linear(cs_rank(-1 * stddev(delta(close, 1), 20)), 500)
[execution_aware] iter 27/50 [OK ] reward=  0.4702  decay_linear(cs_rank(-1 * stddev(delta(close, 1), 20)), 252)
[execution_aware] iter 28/50 [ERR] reward=    -inf  decay_linear(cs_rank(-1 * stddev(delta(close, 1), 20)), 500)
[execution_aware] iter 29/50 [OK ] reward=  0.4702  decay_linear(cs_rank(-1 * stddev(delta(close, 1), 20)), 252)
[execution_aware] iter 30/50 [ERR] reward=    -inf  decay_linear(cs_rank(-1 * stddev(delta(close, 1), 20)), 500)
[execution_aware] iter 31/50 [OK ] reward=  0.4702  decay_linear(cs_rank(-1 * stddev(delta(close, 1), 20)), 252)
[execution_aware] iter 32/50 [ERR] reward=    -inf  decay_linear(cs_rank(-1 * stddev(delta(close, 1), 20)), 500)
[execution_aware] iter 33/50 [OK ] reward=  0.4702  decay_linear(cs_rank(-1 * stddev(delta(close, 1), 20)), 252)
[execution_aware] iter 34/50 [ERR] reward=    -inf  decay_linear(cs_rank(-1 * stddev(delta(close, 1), 20)), 500)
[execution_aware] iter 35/50 [OK ] reward=  0.4702  decay_linear(cs_rank(-1 * stddev(delta(close, 1), 20)), 252)
[execution_aware] iter 36/50 [ERR] reward=    -inf  decay_linear(cs_rank(-1 * stddev(delta(close, 1), 20)), 500)
[execution_aware] iter 37/50 [OK ] reward=  0.4702  decay_linear(cs_rank(-1 * stddev(delta(close, 1), 20)), 252)
[execution_aware] iter 38/50 [ERR] reward=    -inf  decay_linear(cs_rank(-1 * stddev(delta(close, 1), 20)), 500)
[execution_aware] iter 39/50 [OK ] reward=  0.4702  decay_linear(cs_rank(-1 * stddev(delta(close, 1), 20)), 252)
[execution_aware] iter 40/50 [ERR] reward=    -inf  decay_linear(cs_rank(-1 * stddev(delta(close, 1), 20)), 500)
[execution_aware] iter 41/50 [OK ] reward=  0.4702  decay_linear(cs_rank(-1 * stddev(delta(close, 1), 20)), 252)
[execution_aware] iter 42/50 [ERR] reward=    -inf  decay_linear(cs_rank(-1 * stddev(delta(close, 1), 20)), 500)
[execution_aware] iter 43/50 [OK ] reward=  0.4702  decay_linear(cs_rank(-1 * stddev(delta(close, 1), 20)), 252)
[execution_aware] iter 44/50 [ERR] reward=    -inf  decay_linear(ts_rank(-1 * stddev(delta(close, 1), 20), 252), 504)
[execution_aware] iter 45/50 [OK ] reward=  0.4702  decay_linear(cs_rank(-1 * stddev(delta(close, 1), 20)), 252)
[execution_aware] iter 46/50 [ERR] reward=    -inf  decay_linear(cs_rank(-1 * stddev(delta(close, 1), 20)), 500)
[execution_aware] iter 47/50 [OK ] reward=  0.4702  decay_linear(cs_rank(-1 * stddev(delta(close, 1), 20)), 252)
[execution_aware] iter 48/50 [ERR] reward=    -inf  decay_linear(cs_rank(-1 * stddev(delta(close, 1), 20)), 500)
[execution_aware] iter 49/50 [OK ] reward=  0.4702  decay_linear(cs_rank(-1 * stddev(delta(close, 1), 20)), 252)
[execution_aware] iter 50/50 [ERR] reward=    -inf  decay_linear(cs_rank(-1 * stddev(delta(close, 1), 40)), 500)
[wfo:execution_aware] fold 6 winner: decay_linear(rank(-1 * stddev(delta(close, 1), 20)), 252)
[wfo:execution_aware] fold 6 OOS: Gross_IR=1.393 Turnover=3.11 Net_IR=1.243
[wfo:execution_aware] fold 7: train 2008-01-01..2012-12-31 -> test 2013-01-01..2013-12-31
[execution_aware] iter  0/50 [SEED] reward=  0.2766  rank(-1 * stddev(delta(close, 1), 20))
[execution_aware] iter  1/50 [OK ] reward=  0.5774  decay_linear(rank(-1 * stddev(delta(close, 1), 20)), 60)
[execution_aware] iter  2/50 [OK ] reward=  0.5600  decay_linear(cs_rank(-1 * stddev(delta(close, 1), 20)), 120)
[execution_aware] iter  3/50 [OK ] reward=  0.5347  decay_linear(cs_rank(-1 * stddev(delta(close, 1), 20)), 180)
[execution_aware] iter  4/50 [OK ] reward=  0.5206  decay_linear(cs_rank(-1 * stddev(delta(close, 1), 20)), 240)
[execution_aware] iter  5/50 [ERR] reward=    -inf  decay_linear(cs_rank(-1 * stddev(delta(close, 1), 20)), 360)
[execution_aware] iter  6/50 [OK ] reward=  0.5774  decay_linear(cs_rank(-1 * stddev(delta(close, 1), 20)), 60)
[execution_aware] iter  7/50 [OK ] reward=  0.5600  decay_linear(cs_rank(-1 * stddev(delta(close, 1), 20)), 120)
[execution_aware] iter  8/50 [OK ] reward=  0.5497  decay_linear(cs_rank(-1 * stddev(delta(close, 1), 20)), 150)
[execution_aware] iter  9/50 [OK ] reward=  0.5288  decay_linear(cs_rank(-1 * stddev(delta(close, 1), 20)), 200)
[execution_aware] iter 10/50 [OK ] reward=  0.5203  decay_linear(cs_rank(-1 * stddev(delta(close, 1), 20)), 252)
[execution_aware] iter 11/50 [OK ] reward=  0.5600  decay_linear(cs_rank(-1 * stddev(delta(close, 1), 20)), 120)
[execution_aware] iter 12/50 [OK ] reward=  0.5497  decay_linear(cs_rank(-1 * stddev(delta(close, 1), 20)), 150)
[execution_aware] iter 13/50 [OK ] reward=  0.5203  decay_linear(cs_rank(-1 * stddev(delta(close, 1), 20)), 252)
[execution_aware] iter 14/50 [OK ] reward=  0.5203  decay_linear(cs_rank(-1 * stddev(delta(close, 1), 20)), 252)
[execution_aware] iter 15/50 [OK ] reward=  0.5600  decay_linear(cs_rank(-1 * stddev(delta(close, 1), 20)), 120)
[execution_aware] iter 16/50 [OK ] reward=  0.5600  decay_linear(cs_rank(-1 * stddev(delta(close, 1), 20)), 120)
[execution_aware] iter 17/50 [OK ] reward=  0.5347  decay_linear(cs_rank(-1 * stddev(delta(close, 1), 20)), 180)
[execution_aware] iter 18/50 [ERR] reward=    -inf  decay_linear(cs_rank(-1 * stddev(delta(close, 1), 20)), 360)
[execution_aware] iter 19/50 [OK ] reward=  0.5774  decay_linear(cs_rank(-1 * stddev(delta(close, 1), 20)), 60)
[execution_aware] iter 20/50 [OK ] reward=  0.5600  decay_linear(cs_rank(-1 * stddev(delta(close, 1), 20)), 120)
[execution_aware] iter 21/50 [OK ] reward=  0.5600  decay_linear(rank(-1 * stddev(delta(close, 1), 20)), 120)
[execution_aware] iter 22/50 [OK ] reward=  0.5497  decay_linear(rank(-1 * stddev(delta(close, 1), 20)), 150)
[execution_aware] iter 23/50 [OK ] reward=  0.0454  decay_linear(ts_rank(-1 * stddev(delta(close, 1), 20), 200), 60)
[execution_aware] iter 24/50 [OK ] reward=  0.5600  decay_linear(cs_rank(-1 * stddev(delta(close, 1), 20)), 120)
[execution_aware] iter 25/50 [OK ] reward=  0.5347  decay_linear(cs_rank(-1 * stddev(delta(close, 1), 20)), 180)
[execution_aware] iter 26/50 [OK ] reward=  0.5206  decay_linear(cs_rank(-1 * stddev(delta(close, 1), 20)), 240)
[execution_aware] iter 27/50 [OK ] reward=  0.5600  decay_linear(cs_rank(-1 * stddev(delta(close, 1), 20)), 120)
[execution_aware] iter 28/50 [OK ] reward=  0.5347  decay_linear(cs_rank(-1 * stddev(delta(close, 1), 20)), 180)
[execution_aware] iter 29/50 [OK ] reward=  0.5206  decay_linear(cs_rank(-1 * stddev(delta(close, 1), 20)), 240)
[execution_aware] iter 30/50 [OK ] reward=  0.5774  decay_linear(cs_rank(-1 * stddev(delta(close, 1), 20)), 60)
[execution_aware] iter 31/50 [OK ] reward=  0.5600  decay_linear(cs_rank(-1 * stddev(delta(close, 1), 20)), 120)
[execution_aware] iter 32/50 [OK ] reward=  0.5347  decay_linear(cs_rank(-1 * stddev(delta(close, 1), 20)), 180)
[execution_aware] iter 33/50 [OK ] reward=  0.5206  decay_linear(cs_rank(-1 * stddev(delta(close, 1), 20)), 240)
[execution_aware] iter 34/50 [ERR] reward=    -inf  decay_linear(cs_rank(-1 * stddev(delta(close, 1), 20)), 480)
[execution_aware] iter 35/50 [OK ] reward=  0.5774  decay_linear(cs_rank(-1 * stddev(delta(close, 1), 20)), 60)
[execution_aware] iter 36/50 [OK ] reward=  0.5600  decay_linear(cs_rank(-1 * stddev(delta(close, 1), 20)), 120)
[execution_aware] iter 37/50 [OK ] reward=  0.5347  decay_linear(cs_rank(-1 * stddev(delta(close, 1), 20)), 180)
[execution_aware] iter 38/50 [ERR] reward=    -inf  decay_linear(cs_rank(-1 * stddev(delta(close, 1), 20)), 360)
[execution_aware] iter 39/50 [OK ] reward=  0.5774  decay_linear(cs_rank(-1 * stddev(delta(close, 1), 20)), 60)
[execution_aware] iter 40/50 [OK ] reward=  0.5600  decay_linear(cs_rank(-1 * stddev(delta(close, 1), 20)), 120)
[execution_aware] iter 41/50 [OK ] reward=  0.5347  decay_linear(cs_rank(-1 * stddev(delta(close, 1), 20)), 180)
[execution_aware] iter 42/50 [OK ] reward=  0.5206  decay_linear(cs_rank(-1 * stddev(delta(close, 1), 20)), 240)
[execution_aware] iter 43/50 [OK ] reward=  0.5206  decay_linear(cs_rank(-1 * stddev(delta(close, 1), 20)), 240)
[execution_aware] iter 44/50 [OK ] reward=  0.5600  decay_linear(cs_rank(-1 * stddev(delta(close, 1), 20)), 120)
[execution_aware] iter 45/50 [OK ] reward=  0.5206  decay_linear(cs_rank(-1 * stddev(delta(close, 1), 20)), 240)
[execution_aware] iter 46/50 [ERR] reward=    -inf  decay_linear(cs_rank(-1 * stddev(delta(close, 1), 20)), 480)
[execution_aware] iter 47/50 [OK ] reward=  0.5774  decay_linear(cs_rank(-1 * stddev(delta(close, 1), 20)), 60)
[execution_aware] iter 48/50 [OK ] reward=  0.5600  decay_linear(cs_rank(-1 * stddev(delta(close, 1), 20)), 120)
[execution_aware] iter 49/50 [OK ] reward=  0.5347  decay_linear(cs_rank(-1 * stddev(delta(close, 1), 20)), 180)
[execution_aware] iter 50/50 [ERR] reward=    -inf  decay_linear(cs_rank(-1 * stddev(delta(close, 1), 20)), 360)
[wfo:execution_aware] fold 7 winner: decay_linear(rank(-1 * stddev(delta(close, 1), 20)), 60)
[wfo:execution_aware] fold 7 OOS: Gross_IR=2.362 Turnover=4.37 Net_IR=2.057
[wfo:execution_aware] fold 8: train 2009-01-01..2013-12-31 -> test 2014-01-01..2014-12-31
[execution_aware] iter  0/50 [SEED] reward=  0.5144  rank(-1 * stddev(delta(close, 1), 20))
[execution_aware] iter  1/50 [OK ] reward=  0.6654  decay_linear(rank(-1 * stddev(delta(close, 1), 20)), 60)
[execution_aware] iter  2/50 [OK ] reward=  0.6319  decay_linear(rank(-1 * stddev(delta(close, 1), 20)), 120)
[execution_aware] iter  3/50 [OK ] reward=  0.6319  decay_linear(rank(-1 * stddev(delta(close, 1), 20)), 120)
[execution_aware] iter  4/50 [OK ] reward=  0.6319  decay_linear(rank(-1 * stddev(delta(close, 1), 20)), 120)
[execution_aware] iter  5/50 [OK ] reward=  0.6319  decay_linear(rank(-1 * stddev(delta(close, 1), 20)), 120)
[execution_aware] iter  6/50 [OK ] reward=  0.5947  decay_linear(rank(-1 * stddev(delta(close, 1), 20)), 180)
[execution_aware] iter  7/50 [OK ] reward=  0.5756  decay_linear(rank(-1 * stddev(delta(close, 1), 20)), 240)
[execution_aware] iter  8/50 [OK ] reward=  0.6319  decay_linear(rank(-1 * stddev(delta(close, 1), 20)), 120)
[execution_aware] iter  9/50 [OK ] reward=  0.5947  decay_linear(rank(-1 * stddev(delta(close, 1), 20)), 180)
[execution_aware] iter 10/50 [OK ] reward=  0.5756  decay_linear(rank(-1 * stddev(delta(close, 1), 20)), 240)
[execution_aware] iter 11/50 [OK ] reward=  0.1077  decay_linear(ts_rank(-1 * stddev(delta(close, 1), 20), 252), 120)
[execution_aware] iter 12/50 [OK ] reward=  0.6319  decay_linear(cs_rank(-1 * stddev(delta(close, 1), 20)), 120)
[execution_aware] iter 13/50 [OK ] reward=  0.5756  decay_linear(cs_rank(-1 * stddev(delta(close, 1), 20)), 240)
[execution_aware] iter 14/50 [OK ] reward=  0.6319  decay_linear(cs_rank(-1 * stddev(delta(close, 1), 20)), 120)
[execution_aware] iter 15/50 [OK ] reward=  0.5947  decay_linear(cs_rank(-1 * stddev(delta(close, 1), 20)), 180)
[execution_aware] iter 16/50 [OK ] reward=  0.5756  decay_linear(cs_rank(-1 * stddev(delta(close, 1), 20)), 240)
[execution_aware] iter 17/50 [ERR] reward=    -inf  decay_linear(cs_rank(-1 * stddev(delta(close, 1), 20)), 480)
[execution_aware] iter 18/50 [OK ] reward=  0.6654  decay_linear(cs_rank(-1 * stddev(delta(close, 1), 20)), 60)
[execution_aware] iter 19/50 [OK ] reward=  0.6319  decay_linear(cs_rank(-1 * stddev(delta(close, 1), 20)), 120)
[execution_aware] iter 20/50 [OK ] reward=  0.5756  decay_linear(cs_rank(-1 * stddev(delta(close, 1), 20)), 240)
[execution_aware] iter 21/50 [OK ] reward=  0.5756  decay_linear(cs_rank(-1 * stddev(delta(close, 1), 20)), 240)
[execution_aware] iter 22/50 [ERR] reward=    -inf  decay_linear(cs_rank(-1 * stddev(delta(close, 1), 20)), 360)
[execution_aware] iter 23/50 [OK ] reward=  0.6654  decay_linear(cs_rank(-1 * stddev(delta(close, 1), 20)), 60)
[execution_aware] iter 24/50 [OK ] reward=  0.6319  decay_linear(cs_rank(-1 * stddev(delta(close, 1), 20)), 120)
[execution_aware] iter 25/50 [OK ] reward=  0.5947  decay_linear(cs_rank(-1 * stddev(delta(close, 1), 20)), 180)
[execution_aware] iter 26/50 [ERR] reward=    -inf  decay_linear(cs_rank(-1 * stddev(delta(close, 1), 20)), 360)
[execution_aware] iter 27/50 [OK ] reward=  0.6654  decay_linear(cs_rank(-1 * stddev(delta(close, 1), 20)), 60)
[execution_aware] iter 28/50 [OK ] reward=  0.6319  decay_linear(cs_rank(-1 * stddev(delta(close, 1), 20)), 120)
[execution_aware] iter 29/50 [OK ] reward=  0.5947  decay_linear(cs_rank(-1 * stddev(delta(close, 1), 20)), 180)
[execution_aware] iter 30/50 [OK ] reward=  0.5756  decay_linear(cs_rank(-1 * stddev(delta(close, 1), 20)), 240)
[execution_aware] iter 31/50 [ERR] reward=    -inf  decay_linear(cs_rank(-1 * stddev(delta(close, 1), 20)), 480)
[execution_aware] iter 32/50 [OK ] reward=  0.6654  decay_linear(cs_rank(-1 * stddev(delta(close, 1), 20)), 60)
[execution_aware] iter 33/50 [OK ] reward=  0.6319  decay_linear(cs_rank(-1 * stddev(delta(close, 1), 20)), 120)
[execution_aware] iter 34/50 [OK ] reward=  0.5756  decay_linear(cs_rank(-1 * stddev(delta(close, 1), 20)), 240)
[execution_aware] iter 35/50 [ERR] reward=    -inf  decay_linear(cs_rank(-1 * stddev(delta(close, 1), 20)), 360)
[execution_aware] iter 36/50 [OK ] reward=  0.6654  decay_linear(cs_rank(-1 * stddev(delta(close, 1), 20)), 60)
[execution_aware] iter 37/50 [OK ] reward=  0.6319  decay_linear(cs_rank(-1 * stddev(delta(close, 1), 20)), 120)
[execution_aware] iter 38/50 [OK ] reward=  0.5947  decay_linear(cs_rank(-1 * stddev(delta(close, 1), 20)), 180)
[execution_aware] iter 39/50 [ERR] reward=    -inf  decay_linear(cs_rank(-1 * stddev(delta(close, 1), 20)), 360)
[execution_aware] iter 40/50 [OK ] reward=  0.6654  decay_linear(cs_rank(-1 * stddev(delta(close, 1), 20)), 60)
[execution_aware] iter 41/50 [OK ] reward=  0.6319  decay_linear(cs_rank(-1 * stddev(delta(close, 1), 20)), 120)
[execution_aware] iter 42/50 [OK ] reward=  0.5947  decay_linear(cs_rank(-1 * stddev(delta(close, 1), 20)), 180)
[execution_aware] iter 43/50 [ERR] reward=    -inf  decay_linear(cs_rank(-1 * stddev(delta(close, 1), 20)), 360)
[execution_aware] iter 44/50 [OK ] reward=  0.6654  decay_linear(cs_rank(-1 * stddev(delta(close, 1), 20)), 60)
[execution_aware] iter 45/50 [OK ] reward=  0.6319  decay_linear(cs_rank(-1 * stddev(delta(close, 1), 20)), 120)
[execution_aware] iter 46/50 [OK ] reward=  0.5947  decay_linear(cs_rank(-1 * stddev(delta(close, 1), 20)), 180)
[execution_aware] iter 47/50 [OK ] reward=  0.5756  decay_linear(cs_rank(-1 * stddev(delta(close, 1), 20)), 240)
[execution_aware] iter 48/50 [ERR] reward=    -inf  decay_linear(cs_rank(-1 * stddev(delta(close, 1), 20)), 360)
[execution_aware] iter 49/50 [OK ] reward=  0.6654  decay_linear(cs_rank(-1 * stddev(delta(close, 1), 20)), 60)
[execution_aware] iter 50/50 [OK ] reward=  0.6180  decay_linear(rank(-1 * stddev(delta(close, 1), 30)), 120)
[wfo:execution_aware] fold 8 winner: decay_linear(rank(-1 * stddev(delta(close, 1), 20)), 60)
[wfo:execution_aware] fold 8 OOS: Gross_IR=0.175 Turnover=4.39 Net_IR=-0.045
[wfo:execution_aware] fold 9: train 2010-01-01..2014-12-31 -> test 2015-01-01..2015-12-31
[execution_aware] iter  0/50 [SEED] reward=  0.6474  rank(-1 * stddev(delta(close, 1), 20))
[execution_aware] iter  1/50 [OK ] reward=  0.6767  decay_linear(rank(-1 * stddev(delta(close, 1), 20)), 100)
[execution_aware] iter  2/50 [OK ] reward=  0.6631  decay_linear(cs_rank(-1 * stddev(delta(close, 1), 20)), 200)
[execution_aware] iter  3/50 [ERR] reward=    -inf  decay_linear(cs_rank(-1 * stddev(delta(close, 1), 20)), 400)
[execution_aware] iter  4/50 [OK ] reward=  0.6767  decay_linear(cs_rank(-1 * stddev(delta(close, 1), 20)), 100)
[execution_aware] iter  5/50 [OK ] reward=  0.6631  decay_linear(cs_rank(-1 * stddev(delta(close, 1), 20)), 200)
[execution_aware] iter  6/50 [ERR] reward=    -inf  decay_linear(cs_rank(-1 * stddev(delta(close, 1), 20)), 500)
[execution_aware] iter  7/50 [OK ] reward=  0.6767  decay_linear(cs_rank(-1 * stddev(delta(close, 1), 20)), 100)
[execution_aware] iter  8/50 [OK ] reward=  0.6631  decay_linear(cs_rank(-1 * stddev(delta(close, 1), 20)), 200)
[execution_aware] iter  9/50 [ERR] reward=    -inf  decay_linear(cs_rank(-1 * stddev(delta(close, 1), 20)), 300)
[execution_aware] iter 10/50 [OK ] reward=  0.6767  decay_linear(cs_rank(-1 * stddev(delta(close, 1), 20)), 100)
[execution_aware] iter 11/50 [OK ] reward=  0.6631  decay_linear(cs_rank(-1 * stddev(delta(close, 1), 20)), 200)
[execution_aware] iter 12/50 [ERR] reward=    -inf  decay_linear(cs_rank(-1 * stddev(delta(close, 1), 20)), 300)
[execution_aware] iter 13/50 [OK ] reward=  0.6767  decay_linear(cs_rank(-1 * stddev(delta(close, 1), 20)), 100)
[execution_aware] iter 14/50 [OK ] reward=  0.6631  decay_linear(cs_rank(-1 * stddev(delta(close, 1), 20)), 200)
[execution_aware] iter 15/50 [ERR] reward=    -inf  decay_linear(cs_rank(-1 * stddev(delta(close, 1), 20)), 500)
[execution_aware] iter 16/50 [OK ] reward=  0.6767  decay_linear(cs_rank(-1 * stddev(delta(close, 1), 20)), 100)
[execution_aware] iter 17/50 [OK ] reward=  0.6631  decay_linear(cs_rank(-1 * stddev(delta(close, 1), 20)), 200)
[execution_aware] iter 18/50 [ERR] reward=    -inf  decay_linear(cs_rank(-1 * stddev(delta(close, 1), 20)), 300)
[execution_aware] iter 19/50 [OK ] reward=  0.6767  decay_linear(cs_rank(-1 * stddev(delta(close, 1), 20)), 100)
[execution_aware] iter 20/50 [OK ] reward=  0.6631  decay_linear(cs_rank(-1 * stddev(delta(close, 1), 20)), 200)
[execution_aware] iter 21/50 [ERR] reward=    -inf  decay_linear(cs_rank(-1 * stddev(delta(close, 1), 20)), 500)
[execution_aware] iter 22/50 [OK ] reward=  0.6631  decay_linear(cs_rank(-1 * stddev(delta(close, 1), 20)), 252)
[execution_aware] iter 23/50 [ERR] reward=    -inf  decay_linear(cs_rank(-1 * stddev(delta(close, 1), 20)), 500)
[execution_aware] iter 24/50 [OK ] reward=  0.6631  decay_linear(cs_rank(-1 * stddev(delta(close, 1), 20)), 200)
[execution_aware] iter 25/50 [ERR] reward=    -inf  decay_linear(cs_rank(-1 * stddev(delta(close, 1), 20)), 500)
[execution_aware] iter 26/50 [OK ] reward=  0.6767  decay_linear(cs_rank(-1 * stddev(delta(close, 1), 20)), 100)
[execution_aware] iter 27/50 [OK ] reward=  0.6631  decay_linear(cs_rank(-1 * stddev(delta(close, 1), 20)), 200)
[execution_aware] iter 28/50 [ERR] reward=    -inf  decay_linear(cs_rank(-1 * stddev(delta(close, 1), 20)), 400)
[execution_aware] iter 29/50 [OK ] reward=  0.6767  decay_linear(cs_rank(-1 * stddev(delta(close, 1), 20)), 100)
[execution_aware] iter 30/50 [OK ] reward=  0.6631  decay_linear(cs_rank(-1 * stddev(delta(close, 1), 20)), 200)
[execution_aware] iter 31/50 [ERR] reward=    -inf  decay_linear(cs_rank(-1 * stddev(delta(close, 1), 20)), 300)
[execution_aware] iter 32/50 [OK ] reward=  0.6767  decay_linear(cs_rank(-1 * stddev(delta(close, 1), 20)), 100)
[execution_aware] iter 33/50 [OK ] reward=  0.6631  decay_linear(cs_rank(-1 * stddev(delta(close, 1), 20)), 200)
[execution_aware] iter 34/50 [ERR] reward=    -inf  decay_linear(cs_rank(-1 * stddev(delta(close, 1), 20)), 500)
[execution_aware] iter 35/50 [OK ] reward=  0.6767  decay_linear(cs_rank(-1 * stddev(delta(close, 1), 20)), 100)
[execution_aware] iter 36/50 [OK ] reward=  0.6487  decay_linear(cs_rank(-1 * stddev(delta(close, 1), 40)), 200)
[execution_aware] iter 37/50 [ERR] reward=    -inf  decay_linear(cs_rank(-1 * stddev(delta(close, 1), 60)), 300)
[execution_aware] iter 38/50 [OK ] reward=  0.6767  decay_linear(cs_rank(-1 * stddev(delta(close, 1), 20)), 100)
[execution_aware] iter 39/50 [OK ] reward=  0.6631  decay_linear(cs_rank(-1 * stddev(delta(close, 1), 20)), 200)
[execution_aware] iter 40/50 [ERR] reward=    -inf  decay_linear(cs_rank(-1 * stddev(delta(close, 1), 20)), 500)
[execution_aware] iter 41/50 [OK ] reward=  0.6767  decay_linear(cs_rank(-1 * stddev(delta(close, 1), 20)), 100)
[execution_aware] iter 42/50 [OK ] reward=  0.6631  decay_linear(cs_rank(-1 * stddev(delta(close, 1), 20)), 200)
[execution_aware] iter 43/50 [OK ] reward=  0.6631  decay_linear(cs_rank(-1 * stddev(delta(close, 1), 20)), 252)
[execution_aware] iter 44/50 [OK ] reward=  0.6631  decay_linear(cs_rank(-1 * stddev(delta(close, 1), 20)), 200)
[execution_aware] iter 45/50 [ERR] reward=    -inf  decay_linear(cs_rank(-1 * stddev(delta(close, 1), 20)), 300)
[execution_aware] iter 46/50 [OK ] reward=  0.6767  decay_linear(cs_rank(-1 * stddev(delta(close, 1), 20)), 100)
[execution_aware] iter 47/50 [OK ] reward=  0.6631  decay_linear(cs_rank(-1 * stddev(delta(close, 1), 20)), 200)
[execution_aware] iter 48/50 [ERR] reward=    -inf  decay_linear(cs_rank(-1 * stddev(delta(close, 1), 20)), 300)
[execution_aware] iter 49/50 [OK ] reward=  0.6767  decay_linear(cs_rank(-1 * stddev(delta(close, 1), 20)), 100)
[execution_aware] iter 50/50 [OK ] reward=  0.6631  decay_linear(cs_rank(-1 * stddev(delta(close, 1), 20)), 200)
[wfo:execution_aware] fold 9 winner: decay_linear(rank(-1 * stddev(delta(close, 1), 20)), 100)
[wfo:execution_aware] fold 9 OOS: Gross_IR=0.209 Turnover=3.72 Net_IR=-0.018
[wfo:execution_aware] fold 10: train 2011-01-01..2015-12-31 -> test 2016-01-01..2016-12-31
[execution_aware] iter  0/50 [SEED] reward=  0.7862  rank(-1 * stddev(delta(close, 1), 20))
[execution_aware] iter  1/50 [OK ] reward=  0.8697  decay_linear(rank(-1 * stddev(delta(close, 1), 20)), 120)
[execution_aware] iter  2/50 [OK ] reward=  0.8851  decay_linear(rank(-1 * stddev(delta(close, 1), 20)), 180)
[execution_aware] iter  3/50 [ERR] reward=    -inf  decay_linear(rank(-1 * stddev(delta(close, 1), 20)), 360)
[execution_aware] iter  4/50 [OK ] reward=  0.8851  decay_linear(cs_rank(-1 * stddev(delta(close, 1), 20)), 180)
[execution_aware] iter  5/50 [ERR] reward=    -inf  decay_linear(cs_rank(-1 * stddev(delta(close, 1), 20)), 360)
[execution_aware] iter  6/50 [OK ] reward=  0.8851  decay_linear(cs_rank(-1 * stddev(delta(close, 1), 20)), 180)
[execution_aware] iter  7/50 [ERR] reward=    -inf  decay_linear(cs_rank(-1 * stddev(delta(close, 1), 20)), 360)
[execution_aware] iter  8/50 [OK ] reward=  0.8851  decay_linear(cs_rank(-1 * stddev(delta(close, 1), 20)), 180)
[execution_aware] iter  9/50 [ERR] reward=    -inf  decay_linear(cs_rank(-1 * stddev(delta(close, 1), 20)), 360)
[execution_aware] iter 10/50 [OK ] reward=  0.8851  decay_linear(cs_rank(-1 * stddev(delta(close, 1), 20)), 180)
[execution_aware] iter 11/50 [OK ] reward=  0.8907  decay_linear(cs_rank(-1 * stddev(delta(close, 1), 20)), 240)
[execution_aware] iter 12/50 [ERR] reward=    -inf  decay_linear(cs_rank(-1 * stddev(delta(close, 1), 20)), 360)
[execution_aware] iter 13/50 [OK ] reward=  0.8697  decay_linear(cs_rank(-1 * stddev(delta(close, 1), 20)), 120)
[execution_aware] iter 14/50 [ERR] reward=    -inf  decay_linear(cs_rank(-1 * stddev(delta(close, 1), 20)), 360)
[execution_aware] iter 15/50 [OK ] reward=  0.8907  decay_linear(cs_rank(-1 * stddev(delta(close, 1), 20)), 240)
[execution_aware] iter 16/50 [ERR] reward=    -inf  decay_linear(cs_rank(-1 * stddev(delta(close, 1), 30)), 480)
[execution_aware] iter 17/50 [OK ] reward=  0.8841  decay_linear(cs_rank(-1 * stddev(delta(close, 1), 30)), 240)
[execution_aware] iter 18/50 [ERR] reward=    -inf  decay_linear(cs_rank(-1 * stddev(delta(close, 1), 20)), 360)
[execution_aware] iter 19/50 [OK ] reward=  0.8697  decay_linear(cs_rank(-1 * stddev(delta(close, 1), 20)), 120)
[execution_aware] iter 20/50 [ERR] reward=    -inf  decay_linear(cs_rank(-1 * stddev(delta(close, 1), 20)), 480)
[execution_aware] iter 21/50 [OK ] reward=  0.8697  decay_linear(cs_rank(-1 * stddev(delta(close, 1), 20)), 120)
[execution_aware] iter 22/50 [ERR] reward=    -inf  decay_linear(cs_rank(-1 * stddev(delta(close, 1), 20)), 360)
[execution_aware] iter 23/50 [OK ] reward=  0.8907  decay_linear(cs_rank(-1 * stddev(delta(close, 1), 20)), 240)
[execution_aware] iter 24/50 [ERR] reward=    -inf  decay_linear(cs_rank(-1 * stddev(delta(close, 1), 20)), 360)
[execution_aware] iter 25/50 [OK ] reward=  0.8907  decay_linear(cs_rank(-1 * stddev(delta(close, 1), 20)), 240)
[execution_aware] iter 26/50 [ERR] reward=    -inf  decay_linear(cs_rank(-1 * stddev(delta(close, 1), 20)), 360)
[execution_aware] iter 27/50 [OK ] reward=  0.8907  decay_linear(cs_rank(-1 * stddev(delta(close, 1), 20)), 240)
[execution_aware] iter 28/50 [ERR] reward=    -inf  decay_linear(cs_rank(-1 * stddev(delta(close, 1), 20)), 500)
[execution_aware] iter 29/50 [OK ] reward=  0.8834  decay_linear(cs_rank(-1 * stddev(delta(close, 1), 20)), 200)
[execution_aware] iter 30/50 [ERR] reward=    -inf  decay_linear(cs_rank(-1 * stddev(delta(close, 1), 20)), 360)
[execution_aware] iter 31/50 [OK ] reward=  0.8851  decay_linear(cs_rank(-1 * stddev(delta(close, 1), 20)), 180)
[execution_aware] iter 32/50 [ERR] reward=    -inf  decay_linear(cs_rank(-1 * stddev(delta(close, 1), 20)), 360)
[execution_aware] iter 33/50 [OK ] reward=  0.8907  decay_linear(cs_rank(-1 * stddev(delta(close, 1), 20)), 240)
[execution_aware] iter 34/50 [ERR] reward=    -inf  decay_linear(cs_rank(-1 * stddev(delta(close, 1), 20)), 500)
[execution_aware] iter 35/50 [OK ] reward=  0.8834  decay_linear(cs_rank(-1 * stddev(delta(close, 1), 20)), 200)
[execution_aware] iter 36/50 [ERR] reward=    -inf  decay_linear(cs_rank(-1 * stddev(delta(close, 1), 20)), 300)
[execution_aware] iter 37/50 [OK ] reward=  0.8907  decay_linear(cs_rank(-1 * stddev(delta(close, 1), 20)), 240)
[execution_aware] iter 38/50 [ERR] reward=    -inf  decay_linear(cs_rank(-1 * stddev(delta(close, 1), 20)), 480)
[execution_aware] iter 39/50 [OK ] reward=  0.8851  decay_linear(cs_rank(-1 * stddev(delta(close, 1), 20)), 180)
[execution_aware] iter 40/50 [ERR] reward=    -inf  decay_linear(cs_rank(-1 * stddev(delta(close, 1), 20)), 360)
[execution_aware] iter 41/50 [OK ] reward=  0.8907  decay_linear(cs_rank(-1 * stddev(delta(close, 1), 20)), 240)
[execution_aware] iter 42/50 [ERR] reward=    -inf  decay_linear(cs_rank(-1 * stddev(delta(close, 1), 20)), 360)
[execution_aware] iter 43/50 [OK ] reward=  0.8907  decay_linear(cs_rank(-1 * stddev(delta(close, 1), 20)), 240)
[execution_aware] iter 44/50 [ERR] reward=    -inf  decay_linear(cs_rank(-1 * stddev(delta(close, 1), 20)), 360)
[execution_aware] iter 45/50 [OK ] reward=  0.8907  decay_linear(cs_rank(-1 * stddev(delta(close, 1), 20)), 240)
[execution_aware] iter 46/50 [ERR] reward=    -inf  decay_linear(cs_rank(-1 * stddev(delta(close, 1), 20)), 360)
[execution_aware] iter 47/50 [OK ] reward=  0.8907  decay_linear(cs_rank(-1 * stddev(delta(close, 1), 20)), 240)
[execution_aware] iter 48/50 [ERR] reward=    -inf  decay_linear(cs_rank(-1 * stddev(delta(close, 1), 20)), 360)
[execution_aware] iter 49/50 [OK ] reward=  0.8697  decay_linear(cs_rank(-1 * stddev(delta(close, 1), 20)), 120)
[execution_aware] iter 50/50 [ERR] reward=    -inf  decay_linear(cs_rank(-1 * stddev(delta(close, 1), 20)), 360)
[wfo:execution_aware] fold 10 winner: decay_linear(cs_rank(-1 * stddev(delta(close, 1), 20)), 240)
[wfo:execution_aware] fold 10 OOS: Gross_IR=1.709 Turnover=3.53 Net_IR=1.484
[wfo:execution_aware] fold 11: train 2012-01-01..2016-12-31 -> test 2017-01-01..2017-12-31
[execution_aware] iter  0/50 [SEED] reward=  1.1811  rank(-1 * stddev(delta(close, 1), 20))
[execution_aware] iter  1/50 [OK ] reward=  1.1094  decay_linear(rank(-1 * stddev(delta(close, 1), 20)), 100)
[execution_aware] iter  2/50 [OK ] reward=  1.1182  decay_linear(rank(-1 * stddev(delta(close, 1), 20)), 200)
[execution_aware] iter  3/50 [ERR] reward=    -inf  decay_linear(rank(-1 * stddev(delta(close, 1), 20)), 400)
[execution_aware] iter  4/50 [OK ] reward=  1.1182  decay_linear(cs_rank(-1 * stddev(delta(close, 1), 20)), 200)
[execution_aware] iter  5/50 [ERR] reward=    -inf  decay_linear(cs_rank(-1 * stddev(delta(close, 1), 20)), 400)
[execution_aware] iter  6/50 [OK ] reward=  1.1094  decay_linear(cs_rank(-1 * stddev(delta(close, 1), 20)), 100)
[execution_aware] iter  7/50 [OK ] reward=  1.1182  decay_linear(cs_rank(-1 * stddev(delta(close, 1), 20)), 200)
[execution_aware] iter  8/50 [ERR] reward=    -inf  decay_linear(cs_rank(-1 * stddev(delta(close, 1), 20)), 400)
[execution_aware] iter  9/50 [OK ] reward=  1.1282  decay_linear(cs_rank(-1 * stddev(delta(close, 1), 20)), 252)
[execution_aware] iter 10/50 [ERR] reward=    -inf  decay_linear(cs_rank(-1 * stddev(delta(close, 1), 20)), 500)
[execution_aware] iter 11/50 [OK ] reward=  1.1811  rank(-1 * stddev(delta(close, 1), 20))
[execution_aware] iter 12/50 [OK ] reward=  1.0785  rank(-1 * decay_linear(stddev(delta(close, 1), 20), 120))
[execution_aware] iter 13/50 [OK ] reward=  1.0938  rank(-1 * decay_linear(stddev(delta(close, 1), 20), 240))
[execution_aware] iter 14/50 [ERR] reward=    -inf  rank(-1 * decay_linear(stddev(delta(close, 1), 20), 480))
[execution_aware] iter 15/50 [OK ] reward=  1.0785  rank(-1 * decay_linear(stddev(delta(close, 1), 20), 120))
[execution_aware] iter 16/50 [OK ] reward=  1.1001  rank(-1 * decay_linear(stddev(delta(close, 1), 20), 252))
[execution_aware] iter 17/50 [ERR] reward=    -inf  rank(-1 * decay_linear(stddev(delta(close, 1), 20), 500))
[execution_aware] iter 18/50 [OK ] reward=  1.1001  cs_rank(-1 * decay_linear(stddev(delta(close, 1), 20), 252))
[execution_aware] iter 19/50 [ERR] reward=    -inf  cs_rank(-1 * decay_linear(stddev(delta(close, 1), 20), 500))
[execution_aware] iter 20/50 [OK ] reward=  1.1001  cs_rank(-1 * decay_linear(stddev(delta(close, 1), 20), 252))
[execution_aware] iter 21/50 [ERR] reward=    -inf  cs_rank(-1 * decay_linear(stddev(delta(close, 1), 20), 500))
[execution_aware] iter 22/50 [OK ] reward=  1.1001  cs_rank(-1 * decay_linear(stddev(delta(close, 1), 20), 252))
[execution_aware] iter 23/50 [ERR] reward=    -inf  cs_rank(-1 * decay_linear(stddev(delta(close, 1), 20), 500))
[execution_aware] iter 24/50 [OK ] reward=  1.1001  cs_rank(-1 * decay_linear(stddev(delta(close, 1), 20), 252))
[execution_aware] iter 25/50 [ERR] reward=    -inf  cs_rank(-1 * decay_linear(stddev(delta(close, 1), 20), 500))
[execution_aware] iter 26/50 [OK ] reward=  1.1001  cs_rank(-1 * decay_linear(stddev(delta(close, 1), 20), 252))
[execution_aware] iter 27/50 [ERR] reward=    -inf  cs_rank(-1 * decay_linear(stddev(delta(close, 1), 20), 500))
[execution_aware] iter 28/50 [OK ] reward=  1.1001  cs_rank(-1 * decay_linear(stddev(delta(close, 1), 20), 252))
[execution_aware] iter 29/50 [ERR] reward=    -inf  cs_rank(-1 * decay_linear(stddev(delta(close, 1), 20), 500))
[execution_aware] iter 30/50 [OK ] reward=  1.1001  cs_rank(-1 * decay_linear(stddev(delta(close, 1), 20), 252))
[execution_aware] iter 31/50 [ERR] reward=    -inf  cs_rank(-1 * decay_linear(stddev(delta(close, 1), 20), 500))
[execution_aware] iter 32/50 [OK ] reward=  1.1001  cs_rank(-1 * decay_linear(stddev(delta(close, 1), 20), 252))
[execution_aware] iter 33/50 [ERR] reward=    -inf  cs_rank(-1 * decay_linear(stddev(delta(close, 1), 20), 500))
[execution_aware] iter 34/50 [OK ] reward=  1.1001  cs_rank(-1 * decay_linear(stddev(delta(close, 1), 20), 252))
[execution_aware] iter 35/50 [ERR] reward=    -inf  cs_rank(-1 * decay_linear(stddev(delta(close, 1), 20), 500))
[execution_aware] iter 36/50 [OK ] reward=  1.1001  cs_rank(-1 * decay_linear(stddev(delta(close, 1), 20), 252))
[execution_aware] iter 37/50 [ERR] reward=    -inf  cs_rank(-1 * decay_linear(stddev(delta(close, 1), 20), 500))
[execution_aware] iter 38/50 [OK ] reward=  1.0785  cs_rank(-1 * decay_linear(stddev(delta(close, 1), 20), 120))
[execution_aware] iter 39/50 [OK ] reward=  1.0894  cs_rank(-1 * decay_linear(stddev(delta(close, 1), 20), 200))
[execution_aware] iter 40/50 [ERR] reward=    -inf  cs_rank(-1 * decay_linear(stddev(delta(close, 1), 20), 500))
[execution_aware] iter 41/50 [OK ] reward=  1.1001  rank(-1 * decay_linear(stddev(delta(close, 1), 20), 252))
[execution_aware] iter 42/50 [ERR] reward=    -inf  rank(-1 * decay_linear(stddev(delta(close, 1), 20), 500))
[execution_aware] iter 43/50 [OK ] reward=  1.1001  rank(-1 * decay_linear(stddev(delta(close, 1), 20), 252))
[execution_aware] iter 44/50 [ERR] reward=    -inf  rank(-1 * decay_linear(stddev(delta(close, 1), 20), 500))
[execution_aware] iter 45/50 [OK ] reward=  1.1001  rank(-1 * decay_linear(stddev(delta(close, 1), 20), 252))
[execution_aware] iter 46/50 [ERR] reward=    -inf  rank(-1 * decay_linear(stddev(delta(close, 1), 20), 500))
[execution_aware] iter 47/50 [OK ] reward=  1.0759  rank(-1 * decay_linear(stddev(delta(close, 1), 20), 100))
[execution_aware] iter 48/50 [OK ] reward=  1.0894  rank(-1 * decay_linear(stddev(delta(close, 1), 20), 200))
[execution_aware] iter 49/50 [ERR] reward=    -inf  rank(-1 * decay_linear(stddev(delta(close, 1), 20), 500))
[execution_aware] iter 50/50 [OK ] reward=  1.1001  rank(-1 * decay_linear(stddev(delta(close, 1), 20), 252))
[wfo:execution_aware] fold 11 winner: rank(-1 * stddev(delta(close, 1), 20))
[wfo:execution_aware] fold 11 OOS: Gross_IR=0.999 Turnover=18.81 Net_IR=-0.436
[wfo:execution_aware] fold 12: train 2013-01-01..2017-12-31 -> test 2018-01-01..2018-12-31
[execution_aware] iter  0/50 [SEED] reward=  1.0480  rank(-1 * stddev(delta(close, 1), 20))
[execution_aware] iter  1/50 [OK ] reward=  0.9307  decay_linear(rank(-1 * stddev(delta(close, 1), 20)), 252)
[execution_aware] iter  2/50 [ERR] reward=    -inf  decay_linear(rank(-1 * stddev(delta(close, 1), 20)), 500)
[execution_aware] iter  3/50 [OK ] reward=  0.9307  decay_linear(cs_rank(-1 * stddev(delta(close, 1), 20)), 252)
[execution_aware] iter  4/50 [ERR] reward=    -inf  decay_linear(cs_rank(-1 * stddev(delta(close, 1), 20)), 500)
[execution_aware] iter  5/50 [OK ] reward=  0.9144  decay_linear(cs_rank(-1 * stddev(delta(close, 1), 20)), 200)
[execution_aware] iter  6/50 [ERR] reward=    -inf  decay_linear(cs_rank(-1 * stddev(delta(close, 1), 20)), 400)
[execution_aware] iter  7/50 [OK ] reward=  0.8811  decay_linear(cs_rank(-1 * stddev(delta(close, 1), 20)), 100)
[execution_aware] iter  8/50 [OK ] reward=  0.9144  decay_linear(cs_rank(-1 * stddev(delta(close, 1), 20)), 200)
[execution_aware] iter  9/50 [ERR] reward=    -inf  decay_linear(cs_rank(-1 * stddev(delta(close, 1), 20)), 500)
[execution_aware] iter 10/50 [OK ] reward=  0.9144  decay_linear(cs_rank(-1 * stddev(delta(close, 1), 20)), 200)
[execution_aware] iter 11/50 [ERR] reward=    -inf  decay_linear(cs_rank(-1 * stddev(delta(close, 1), 20)), 300)
[execution_aware] iter 12/50 [OK ] reward=  0.6320  rank(-1 * stddev(delta(close, 1), 20) / (volume + 1e-5))
[execution_aware] iter 13/50 [OK ] reward=  0.8864  decay_linear(rank(-1 * stddev(delta(close, 1), 20)), 60)
[execution_aware] iter 14/50 [OK ] reward=  0.8907  decay_linear(rank(-1 * stddev(delta(close, 1), 20)), 120)
[execution_aware] iter 15/50 [OK ] reward=  0.9258  decay_linear(rank(-1 * stddev(delta(close, 1), 20)), 240)
[execution_aware] iter 16/50 [ERR] reward=    -inf  decay_linear(rank(-1 * stddev(delta(close, 1), 20)), 500)
[execution_aware] iter 17/50 [OK ] reward=  0.8811  decay_linear(cs_rank(-1 * stddev(delta(close, 1), 20)), 100)
[execution_aware] iter 18/50 [OK ] reward=  0.9144  decay_linear(cs_rank(-1 * stddev(delta(close, 1), 20)), 200)
[execution_aware] iter 19/50 [ERR] reward=    -inf  decay_linear(cs_rank(-1 * stddev(delta(close, 1), 20)), 500)
[execution_aware] iter 20/50 [OK ] reward=  0.9307  decay_linear(cs_rank(-1 * stddev(delta(close, 1), 20)), 252)
[execution_aware] iter 21/50 [ERR] reward=    -inf  decay_linear(cs_rank(-1 * stddev(delta(close, 1), 20)), 500)
[execution_aware] iter 22/50 [OK ] reward=  0.9307  decay_linear(cs_rank(-1 * stddev(delta(close, 1), 20)), 252)
[execution_aware] iter 23/50 [ERR] reward=    -inf  decay_linear(cs_rank(-1 * stddev(delta(close, 1), 20)), 500)
[execution_aware] iter 24/50 [OK ] reward=  0.9307  decay_linear(cs_rank(-1 * stddev(delta(close, 1), 20)), 252)
[execution_aware] iter 25/50 [ERR] reward=    -inf  decay_linear(cs_rank(-1 * stddev(delta(close, 1), 20)), 500)
[execution_aware] iter 26/50 [OK ] reward=  0.9307  decay_linear(cs_rank(-1 * stddev(delta(close, 1), 20)), 252)
[execution_aware] iter 27/50 [ERR] reward=    -inf  decay_linear(cs_rank(-1 * stddev(delta(close, 1), 20)), 500)
[execution_aware] iter 28/50 [OK ] reward=  0.9307  decay_linear(cs_rank(-1 * stddev(delta(close, 1), 20)), 252)
[execution_aware] iter 29/50 [ERR] reward=    -inf  decay_linear(cs_rank(-1 * stddev(delta(close, 1), 20)), 504)
[execution_aware] iter 30/50 [OK ] reward=  0.9307  decay_linear(cs_rank(-1 * stddev(delta(close, 1), 20)), 252)
[execution_aware] iter 31/50 [ERR] reward=    -inf  decay_linear(cs_rank(-1 * stddev(delta(close, 1), 20)), 500)
[execution_aware] iter 32/50 [OK ] reward=  0.9144  decay_linear(cs_rank(-1 * stddev(delta(close, 1), 20)), 200)
[execution_aware] iter 33/50 [ERR] reward=    -inf  decay_linear(cs_rank(-1 * stddev(delta(close, 1), 20)), 400)
[execution_aware] iter 34/50 [OK ] reward=  0.9144  decay_linear(cs_rank(-1 * stddev(delta(close, 1), 20)), 200)
[execution_aware] iter 35/50 [ERR] reward=    -inf  decay_linear(cs_rank(-1 * stddev(delta(close, 1), 20)), 400)
[execution_aware] iter 36/50 [OK ] reward=  0.8811  decay_linear(cs_rank(-1 * stddev(delta(close, 1), 20)), 100)
[execution_aware] iter 37/50 [OK ] reward=  0.9144  decay_linear(cs_rank(-1 * stddev(delta(close, 1), 20)), 200)
[execution_aware] iter 38/50 [ERR] reward=    -inf  decay_linear(cs_rank(-1 * stddev(delta(close, 1), 20)), 300)
[execution_aware] iter 39/50 [OK ] reward=  0.9307  decay_linear(cs_rank(-1 * stddev(delta(close, 1), 20)), 252)
[execution_aware] iter 40/50 [ERR] reward=    -inf  decay_linear(cs_rank(-1 * stddev(delta(close, 1), 20)), 500)
[execution_aware] iter 41/50 [OK ] reward=  0.9307  decay_linear(cs_rank(-1 * stddev(delta(close, 1), 20)), 252)
[execution_aware] iter 42/50 [ERR] reward=    -inf  decay_linear(cs_rank(-1 * stddev(delta(close, 1), 20)), 500)
[execution_aware] iter 43/50 [OK ] reward=  0.9307  decay_linear(cs_rank(-1 * stddev(delta(close, 1), 20)), 252)
[execution_aware] iter 44/50 [ERR] reward=    -inf  decay_linear(cs_rank(-1 * stddev(delta(close, 1), 20)), 504)
[execution_aware] iter 45/50 [OK ] reward=  1.0480  cs_rank(-1 * stddev(delta(close, 1), 20))
[execution_aware] iter 46/50 [OK ] reward=  0.8811  decay_linear(cs_rank(-1 * stddev(delta(close, 1), 20)), 100)
[execution_aware] iter 47/50 [OK ] reward=  0.9144  decay_linear(cs_rank(-1 * stddev(delta(close, 1), 20)), 200)
[execution_aware] iter 48/50 [ERR] reward=    -inf  decay_linear(cs_rank(-1 * stddev(delta(close, 1), 20)), 400)
[execution_aware] iter 49/50 [OK ] reward=  0.9307  decay_linear(cs_rank(-1 * stddev(delta(close, 1), 20)), 252)
[execution_aware] iter 50/50 [ERR] reward=    -inf  decay_linear(cs_rank(-1 * stddev(delta(close, 1), 20)), 500)
[wfo:execution_aware] fold 12 winner: rank(-1 * stddev(delta(close, 1), 20))
[wfo:execution_aware] fold 12 OOS: Gross_IR=0.501 Turnover=17.00 Net_IR=-0.547
[wfo:execution_aware] fold 13: train 2014-01-01..2018-12-31 -> test 2019-01-01..2019-12-31
[execution_aware] iter  0/50 [SEED] reward=  0.6668  rank(-1 * stddev(delta(close, 1), 20))
[execution_aware] iter  1/50 [OK ] reward=  0.5973  decay_linear(rank(-1 * stddev(delta(close, 1), 20)), 252)
[execution_aware] iter  2/50 [ERR] reward=    -inf  decay_linear(rank(-1 * stddev(delta(close, 1), 20)), 500)
[execution_aware] iter  3/50 [OK ] reward=  0.5973  decay_linear(rank(-1 * stddev(delta(close, 1), 20)), 252)
[execution_aware] iter  4/50 [ERR] reward=    -inf  decay_linear(rank(-1 * stddev(delta(close, 1), 20)), 500)
[execution_aware] iter  5/50 [OK ] reward=  0.6668  cs_rank(-1 * stddev(delta(close, 1), 20))
[execution_aware] iter  6/50 [OK ] reward=  0.5725  decay_linear(cs_rank(-1 * stddev(delta(close, 1), 20)), 60)
[execution_aware] iter  7/50 [OK ] reward=  0.5830  decay_linear(cs_rank(-1 * stddev(delta(close, 1), 20)), 120)
[execution_aware] iter  8/50 [OK ] reward=  0.5948  decay_linear(cs_rank(-1 * stddev(delta(close, 1), 20)), 240)
[execution_aware] iter  9/50 [ERR] reward=    -inf  decay_linear(cs_rank(-1 * stddev(delta(close, 1), 20)), 500)
[execution_aware] iter 10/50 [OK ] reward=  0.5973  decay_linear(cs_rank(-1 * stddev(delta(close, 1), 20)), 252)
[execution_aware] iter 11/50 [ERR] reward=    -inf  decay_linear(cs_rank(-1 * stddev(delta(close, 1), 20)), 500)
[execution_aware] iter 12/50 [OK ] reward=  0.5973  decay_linear(cs_rank(-1 * stddev(delta(close, 1), 20)), 252)
[execution_aware] iter 13/50 [ERR] reward=    -inf  decay_linear(cs_rank(-1 * stddev(delta(close, 1), 20)), 500)
[execution_aware] iter 14/50 [OK ] reward=  0.5973  decay_linear(cs_rank(-1 * stddev(delta(close, 1), 20)), 252)
[execution_aware] iter 15/50 [ERR] reward=    -inf  decay_linear(cs_rank(-1 * stddev(delta(close, 1), 20)), 500)
[execution_aware] iter 16/50 [OK ] reward=  0.5973  decay_linear(cs_rank(-1 * stddev(delta(close, 1), 20)), 252)
[execution_aware] iter 17/50 [ERR] reward=    -inf  decay_linear(cs_rank(-1 * stddev(delta(close, 1), 20)), 504)
[execution_aware] iter 18/50 [OK ] reward=  0.5973  decay_linear(cs_rank(-1 * stddev(delta(close, 1), 20)), 252)
[execution_aware] iter 19/50 [ERR] reward=    -inf  decay_linear(cs_rank(-1 * stddev(delta(close, 1), 20)), 500)
[execution_aware] iter 20/50 [OK ] reward=  0.5973  decay_linear(cs_rank(-1 * stddev(delta(close, 1), 20)), 252)
[execution_aware] iter 21/50 [ERR] reward=    -inf  decay_linear(cs_rank(-1 * stddev(delta(close, 1), 20)), 500)
[execution_aware] iter 22/50 [OK ] reward=  0.5973  decay_linear(cs_rank(-1 * stddev(delta(close, 1), 20)), 252)
[execution_aware] iter 23/50 [ERR] reward=    -inf  decay_linear(cs_rank(-1 * stddev(delta(close, 1), 20)), 500)
[execution_aware] iter 24/50 [OK ] reward=  0.5774  decay_linear(cs_rank(-1 * stddev(delta(close, 1), 20)), 100)
[execution_aware] iter 25/50 [OK ] reward=  0.5942  decay_linear(cs_rank(-1 * stddev(delta(close, 1), 20)), 200)
[execution_aware] iter 26/50 [ERR] reward=    -inf  decay_linear(cs_rank(-1 * stddev(delta(close, 1), 20)), 300)
[execution_aware] iter 27/50 [OK ] reward=  0.5942  decay_linear(cs_rank(-1 * stddev(delta(close, 1), 20)), 200)
[execution_aware] iter 28/50 [ERR] reward=    -inf  decay_linear(cs_rank(-1 * stddev(delta(close, 1), 20)), 300)
[execution_aware] iter 29/50 [OK ] reward=  0.5973  decay_linear(cs_rank(-1 * stddev(delta(close, 1), 20)), 252)
[execution_aware] iter 30/50 [ERR] reward=    -inf  decay_linear(cs_rank(-1 * stddev(delta(close, 1), 20)), 500)
[execution_aware] iter 31/50 [OK ] reward=  0.5973  decay_linear(cs_rank(-1 * stddev(delta(close, 1), 20)), 252)
[execution_aware] iter 32/50 [ERR] reward=    -inf  decay_linear(cs_rank(-1 * stddev(delta(close, 1), 20)), 500)
[execution_aware] iter 33/50 [OK ] reward=  0.5973  decay_linear(cs_rank(-1 * stddev(delta(close, 1), 20)), 252)
[execution_aware] iter 34/50 [ERR] reward=    -inf  decay_linear(cs_rank(-1 * stddev(delta(close, 1), 20)), 500)
[execution_aware] iter 35/50 [OK ] reward=  0.5973  decay_linear(cs_rank(-1 * stddev(delta(close, 1), 20)), 252)
[execution_aware] iter 36/50 [ERR] reward=    -inf  decay_linear(cs_rank(-1 * stddev(delta(close, 1), 20)), 500)
[execution_aware] iter 37/50 [OK ] reward=  0.5973  decay_linear(cs_rank(-1 * stddev(delta(close, 1), 20)), 252)
[execution_aware] iter 38/50 [ERR] reward=    -inf  decay_linear(cs_rank(-1 * stddev(delta(close, 1), 20)), 500)
[execution_aware] iter 39/50 [OK ] reward=  0.5942  decay_linear(cs_rank(-1 * stddev(delta(close, 1), 20)), 200)
[execution_aware] iter 40/50 [ERR] reward=    -inf  decay_linear(cs_rank(-1 * stddev(delta(close, 1), 20)), 300)
[execution_aware] iter 41/50 [OK ] reward= -0.3286  cs_rank(-1 * stddev(delta(close, 1), 20)) * decay_linear(close, 60)
[execution_aware] iter 42/50 [OK ] reward= -0.3454  cs_rank(-1 * stddev(delta(close, 1), 20)) * decay_linear(close, 120)
[execution_aware] iter 43/50 [OK ] reward= -0.3714  rank(-1 * stddev(delta(close, 1), 20)) * decay_linear(close, 240)
[execution_aware] iter 44/50 [ERR] reward=    -inf  rank(-1 * stddev(delta(close, 1), 20)) * decay_linear(close, 360)
[execution_aware] iter 45/50 [OK ] reward= -0.3454  rank(-1 * stddev(delta(close, 1), 20)) * decay_linear(close, 120)
[execution_aware] iter 46/50 [OK ] reward= -0.3714  rank(-1 * stddev(delta(close, 1), 20)) * decay_linear(close, 240)
[execution_aware] iter 47/50 [ERR] reward=    -inf  rank(-1 * stddev(delta(close, 1), 20)) * decay_linear(close, 480)
[execution_aware] iter 48/50 [OK ] reward= -0.3678  rank(-1 * stddev(delta(close, 1), 20)) * decay_linear(close, 200)
[execution_aware] iter 49/50 [ERR] reward=    -inf  rank(-1 * stddev(delta(close, 1), 20)) * decay_linear(close, 400)
[execution_aware] iter 50/50 [OK ] reward= -0.3678  cs_rank(-1 * stddev(delta(close, 1), 20)) * decay_linear(close, 200)
[wfo:execution_aware] fold 13 winner: rank(-1 * stddev(delta(close, 1), 20))
[wfo:execution_aware] fold 13 OOS: Gross_IR=0.407 Turnover=15.62 Net_IR=-0.615
[wfo:execution_aware] fold 14: train 2015-01-01..2019-12-31 -> test 2020-01-01..2020-12-31
[execution_aware] iter  0/50 [SEED] reward=  0.6546  rank(-1 * stddev(delta(close, 1), 20))
[execution_aware] iter  1/50 [OK ] reward=  0.7017  decay_linear(cs_rank(-1 * stddev(delta(close, 1), 20)), 120)
[execution_aware] iter  2/50 [OK ] reward=  0.7046  decay_linear(cs_rank(-1 * stddev(delta(close, 1), 20)), 240)
[execution_aware] iter  3/50 [ERR] reward=    -inf  decay_linear(cs_rank(-1 * stddev(delta(close, 1), 20)), 500)
[execution_aware] iter  4/50 [OK ] reward=  0.7046  decay_linear(cs_rank(-1 * stddev(delta(close, 1), 20)), 240)
[execution_aware] iter  5/50 [ERR] reward=    -inf  decay_linear(cs_rank(-1 * stddev(delta(close, 1), 20)), 480)
[execution_aware] iter  6/50 [OK ] reward=  0.7046  decay_linear(cs_rank(-1 * stddev(delta(close, 1), 20)), 240)
[execution_aware] iter  7/50 [ERR] reward=    -inf  decay_linear(cs_rank(-1 * stddev(delta(close, 1), 20)), 360)
[execution_aware] iter  8/50 [OK ] reward=  0.7060  decay_linear(cs_rank(-1 * stddev(delta(close, 1), 20)), 180)
[execution_aware] iter  9/50 [ERR] reward=    -inf  decay_linear(cs_rank(-1 * stddev(delta(close, 1), 20)), 360)
[execution_aware] iter 10/50 [OK ] reward=  0.3007  decay_linear(cs_rank(-1 * stddev(delta(close, 1), 20)), 180) + cs_rank(volume / (volume + 1e-5))
[execution_aware] iter 11/50 [ERR] reward=    -inf  decay_linear(cs_rank(-1 * stddev(delta(close, 1), 20)), 360)
[execution_aware] iter 12/50 [OK ] reward=  0.7505  decay_linear(cs_rank(-1 * stddev(delta(close, 1), 10)), 180)
[execution_aware] iter 13/50 [ERR] reward=    -inf  decay_linear(cs_rank(-1 * stddev(delta(close, 1), 10)), 360)
[execution_aware] iter 14/50 [OK ] reward=  0.7504  decay_linear(cs_rank(-1 * stddev(delta(close, 1), 10)), 120)
[execution_aware] iter 15/50 [ERR] reward=    -inf  decay_linear(cs_rank(-1 * stddev(delta(close, 1), 10)), 360)
[execution_aware] iter 16/50 [OK ] reward=  0.7505  decay_linear(cs_rank(-1 * stddev(delta(close, 1), 10)), 180)
[execution_aware] iter 17/50 [ERR] reward=    -inf  decay_linear(cs_rank(-1 * stddev(delta(close, 1), 10)), 360)
[execution_aware] iter 18/50 [OK ] reward=  0.7505  decay_linear(cs_rank(-1 * stddev(delta(close, 1), 10)), 180)
[execution_aware] iter 19/50 [ERR] reward=    -inf  decay_linear(cs_rank(-1 * stddev(delta(close, 1), 10)), 360)
[execution_aware] iter 20/50 [OK ] reward=  0.7504  decay_linear(cs_rank(-1 * stddev(delta(close, 1), 10)), 120)
[execution_aware] iter 21/50 [OK ] reward=  0.7427  decay_linear(cs_rank(-1 * stddev(delta(close, 1), 10)), 240)
[execution_aware] iter 22/50 [ERR] reward=    -inf  decay_linear(cs_rank(-1 * stddev(delta(close, 1), 10)), 360)
[execution_aware] iter 23/50 [OK ] reward=  0.7504  decay_linear(cs_rank(-1 * stddev(delta(close, 1), 10)), 120)
[execution_aware] iter 24/50 [OK ] reward=  0.7427  decay_linear(cs_rank(-1 * stddev(delta(close, 1), 10)), 240)
[execution_aware] iter 25/50 [ERR] reward=    -inf  decay_linear(cs_rank(-1 * stddev(delta(close, 1), 10)), 360)
[execution_aware] iter 26/50 [OK ] reward=  0.7504  decay_linear(cs_rank(-1 * stddev(delta(close, 1), 10)), 120)
[execution_aware] iter 27/50 [OK ] reward=  0.7427  decay_linear(cs_rank(-1 * stddev(delta(close, 1), 10)), 240)
[execution_aware] iter 28/50 [ERR] reward=    -inf  decay_linear(cs_rank(-1 * stddev(delta(close, 1), 20)), 360)
[execution_aware] iter 29/50 [OK ] reward=  0.7060  decay_linear(cs_rank(-1 * stddev(delta(close, 1), 20)), 180)
[execution_aware] iter 30/50 [ERR] reward=    -inf  decay_linear(cs_rank(-1 * stddev(delta(close, 1), 10)), 360)
[execution_aware] iter 31/50 [OK ] reward=  0.7505  decay_linear(cs_rank(-1 * stddev(delta(close, 1), 10)), 180)
[execution_aware] iter 32/50 [ERR] reward=    -inf  decay_linear(cs_rank(-1 * stddev(delta(close, 1), 10)), 360)
[execution_aware] iter 33/50 [OK ] reward=  0.7483  decay_linear(cs_rank(-1 * stddev(delta(close, 1), 10)), 252)
[execution_aware] iter 34/50 [ERR] reward=    -inf  decay_linear(cs_rank(-1 * stddev(delta(close, 1), 10)), 365)
[execution_aware] iter 35/50 [OK ] reward=  0.7263  decay_linear(cs_rank(-1 * stddev(delta(close, 1), 14)), 180)
[execution_aware] iter 36/50 [ERR] reward=    -inf  decay_linear(cs_rank(-1 * stddev(delta(close, 1), 10)), 360)
[execution_aware] iter 37/50 [OK ] reward=  0.7505  decay_linear(cs_rank(-1 * stddev(delta(close, 1), 10)), 180)
[execution_aware] iter 38/50 [ERR] reward=    -inf  decay_linear(cs_rank(-1 * stddev(delta(close, 1), 10)), 360)
[execution_aware] iter 39/50 [OK ] reward=  0.7505  decay_linear(cs_rank(-1 * stddev(delta(close, 1), 10)), 180)
[execution_aware] iter 40/50 [ERR] reward=    -inf  decay_linear(cs_rank(-1 * stddev(delta(close, 1), 10)), 360)
[execution_aware] iter 41/50 [OK ] reward=  0.7504  decay_linear(cs_rank(-1 * stddev(delta(close, 1), 10)), 120)
[execution_aware] iter 42/50 [OK ] reward=  0.7427  decay_linear(cs_rank(-1 * stddev(delta(close, 1), 10)), 240)
[execution_aware] iter 43/50 [ERR] reward=    -inf  decay_linear(cs_rank(-1 * stddev(delta(close, 1), 10)), 360)
[execution_aware] iter 44/50 [OK ] reward=  0.7504  decay_linear(cs_rank(-1 * stddev(delta(close, 1), 10)), 120)
[execution_aware] iter 45/50 [OK ] reward=  0.7427  decay_linear(cs_rank(-1 * stddev(delta(close, 1), 10)), 240)
[execution_aware] iter 46/50 [ERR] reward=    -inf  decay_linear(cs_rank(-1 * stddev(delta(close, 1), 20)), 300)
[execution_aware] iter 47/50 [OK ] reward=  0.7230  decay_linear(cs_rank(-1 * stddev(delta(close, 1), 15)), 180)
[execution_aware] iter 48/50 [ERR] reward=    -inf  decay_linear(cs_rank(-1 * stddev(delta(close, 1), 10)), 360)
[execution_aware] iter 49/50 [OK ] reward=  0.7060  decay_linear(cs_rank(-1 * stddev(delta(close, 1), 20)), 180)
[execution_aware] iter 50/50 [ERR] reward=    -inf  decay_linear(cs_rank(-1 * stddev(delta(close, 1), 20)), 360)
[wfo:execution_aware] fold 14 winner: decay_linear(cs_rank(-1 * stddev(delta(close, 1), 10)), 180)
[wfo:execution_aware] fold 14 OOS: Gross_IR=-0.223 Turnover=4.27 Net_IR=-0.379
[wfo:execution_aware] fold 15: train 2016-01-01..2020-12-31 -> test 2021-01-01..2021-12-31
[execution_aware] iter  0/50 [SEED] reward=  0.3846  rank(-1 * stddev(delta(close, 1), 20))
[execution_aware] iter  1/50 [OK ] reward=  0.4683  decay_linear(rank(-1 * stddev(delta(close, 1), 20)), 60)
[execution_aware] iter  2/50 [OK ] reward=  0.4296  decay_linear(cs_rank(-1 * stddev(delta(close, 1), 20)), 120)
[execution_aware] iter  3/50 [OK ] reward=  0.3982  decay_linear(cs_rank(-1 * stddev(delta(close, 1), 20)), 180)
[execution_aware] iter  4/50 [ERR] reward=    -inf  decay_linear(cs_rank(-1 * stddev(delta(close, 1), 20)), 360)
[execution_aware] iter  5/50 [OK ] reward=  0.4683  decay_linear(cs_rank(-1 * stddev(delta(close, 1), 20)), 60)
[execution_aware] iter  6/50 [OK ] reward=  0.4296  decay_linear(cs_rank(-1 * stddev(delta(close, 1), 20)), 120)
[execution_aware] iter  7/50 [OK ] reward=  0.4130  decay_linear(cs_rank(-1 * stddev(delta(close, 1), 30)), 120)
[execution_aware] iter  8/50 [OK ] reward=  0.2634  decay_linear(ts_rank(-1 * stddev(delta(close, 1), 20), 60), 120)
[execution_aware] iter  9/50 [OK ] reward=  0.4296  decay_linear(cs_rank(-1 * stddev(delta(close, 1), 20)), 120)
[execution_aware] iter 10/50 [OK ] reward=  0.3982  decay_linear(cs_rank(-1 * stddev(delta(close, 1), 20)), 180)
[execution_aware] iter 11/50 [ERR] reward=    -inf  decay_linear(cs_rank(-1 * stddev(delta(close, 1), 20)), 360)
[execution_aware] iter 12/50 [OK ] reward=  0.4683  decay_linear(cs_rank(-1 * stddev(delta(close, 1), 20)), 60)
[execution_aware] iter 13/50 [OK ] reward=  0.4296  decay_linear(cs_rank(-1 * stddev(delta(close, 1), 20)), 120)
[execution_aware] iter 14/50 [OK ] reward=  0.3982  decay_linear(cs_rank(-1 * stddev(delta(close, 1), 20)), 180)
[execution_aware] iter 15/50 [OK ] reward=  0.3849  decay_linear(cs_rank(-1 * stddev(delta(close, 1), 20)), 240)
[execution_aware] iter 16/50 [ERR] reward=    -inf  decay_linear(cs_rank(-1 * stddev(delta(close, 1), 20)), 480)
[execution_aware] iter 17/50 [OK ] reward=  0.4683  decay_linear(cs_rank(-1 * stddev(delta(close, 1), 20)), 60)
[execution_aware] iter 18/50 [OK ] reward=  0.4296  decay_linear(cs_rank(-1 * stddev(delta(close, 1), 20)), 120)
[execution_aware] iter 19/50 [OK ] reward=  0.3849  decay_linear(cs_rank(-1 * stddev(delta(close, 1), 20)), 240)
[execution_aware] iter 20/50 [ERR] reward=    -inf  decay_linear(cs_rank(-1 * stddev(delta(close, 1), 20)), 480)
[execution_aware] iter 21/50 [OK ] reward=  0.4683  decay_linear(cs_rank(-1 * stddev(delta(close, 1), 20)), 60)
[execution_aware] iter 22/50 [OK ] reward=  0.4296  decay_linear(cs_rank(-1 * stddev(delta(close, 1), 20)), 120)
[execution_aware] iter 23/50 [OK ] reward=  0.3982  decay_linear(cs_rank(-1 * stddev(delta(close, 1), 20)), 180)
[execution_aware] iter 24/50 [OK ] reward=  0.3849  decay_linear(cs_rank(-1 * stddev(delta(close, 1), 20)), 240)
[execution_aware] iter 25/50 [ERR] reward=    -inf  decay_linear(cs_rank(-1 * stddev(delta(close, 1), 20)), 360)
[execution_aware] iter 26/50 [OK ] reward=  0.4683  decay_linear(cs_rank(-1 * stddev(delta(close, 1), 20)), 60)
[execution_aware] iter 27/50 [OK ] reward=  0.4296  decay_linear(cs_rank(-1 * stddev(delta(close, 1), 20)), 120)
[execution_aware] iter 28/50 [OK ] reward=  0.3982  decay_linear(cs_rank(-1 * stddev(delta(close, 1), 20)), 180)
[execution_aware] iter 29/50 [ERR] reward=    -inf  decay_linear(cs_rank(-1 * stddev(delta(close, 1), 20)), 360)
[execution_aware] iter 30/50 [OK ] reward=  0.4683  decay_linear(cs_rank(-1 * stddev(delta(close, 1), 20)), 60)
[execution_aware] iter 31/50 [OK ] reward=  0.4296  decay_linear(cs_rank(-1 * stddev(delta(close, 1), 20)), 120)
[execution_aware] iter 32/50 [OK ] reward=  0.3982  decay_linear(cs_rank(-1 * stddev(delta(close, 1), 20)), 180)
[execution_aware] iter 33/50 [OK ] reward=  0.3849  decay_linear(cs_rank(-1 * stddev(delta(close, 1), 20)), 240)
[execution_aware] iter 34/50 [OK ] reward=  0.3849  decay_linear(cs_rank(-1 * stddev(delta(close, 1), 20)), 240)
[execution_aware] iter 35/50 [ERR] reward=    -inf  decay_linear(cs_rank(-1 * stddev(delta(close, 1), 20)), 400)
[execution_aware] iter 36/50 [OK ] reward=  0.4683  decay_linear(cs_rank(-1 * stddev(delta(close, 1), 20)), 60)
[execution_aware] iter 37/50 [OK ] reward=  0.4130  decay_linear(cs_rank(-1 * stddev(delta(close, 1), 30)), 120)
[execution_aware] iter 38/50 [OK ] reward=  0.4296  decay_linear(cs_rank(-1 * stddev(delta(close, 1), 20)), 120)
[execution_aware] iter 39/50 [OK ] reward=  0.3982  decay_linear(cs_rank(-1 * stddev(delta(close, 1), 20)), 180)
[execution_aware] iter 40/50 [ERR] reward=    -inf  decay_linear(cs_rank(-1 * stddev(delta(close, 1), 20)), 360)
[execution_aware] iter 41/50 [OK ] reward=  0.4683  decay_linear(cs_rank(-1 * stddev(delta(close, 1), 20)), 60)
[execution_aware] iter 42/50 [OK ] reward=  0.4296  decay_linear(cs_rank(-1 * stddev(delta(close, 1), 20)), 120)
[execution_aware] iter 43/50 [OK ] reward=  0.3849  decay_linear(cs_rank(-1 * stddev(delta(close, 1), 20)), 240)
[execution_aware] iter 44/50 [ERR] reward=    -inf  decay_linear(cs_rank(-1 * stddev(delta(close, 1), 20)), 600)
[execution_aware] iter 45/50 [OK ] reward=  0.4683  decay_linear(cs_rank(-1 * stddev(delta(close, 1), 20)), 60)
[execution_aware] iter 46/50 [OK ] reward=  0.4296  decay_linear(cs_rank(-1 * stddev(delta(close, 1), 20)), 120)
[execution_aware] iter 47/50 [OK ] reward=  0.4296  decay_linear(cs_rank(-1 * stddev(delta(close, 1), 20)), 120)
[execution_aware] iter 48/50 [OK ] reward=  0.4296  decay_linear(cs_rank(-1 * stddev(delta(close, 1), 20)), 120)
[execution_aware] iter 49/50 [OK ] reward=  0.3982  decay_linear(cs_rank(-1 * stddev(delta(close, 1), 20)), 180)
[execution_aware] iter 50/50 [OK ] reward=  0.4296  decay_linear(rank(-1 * stddev(delta(close, 1), 20)), 120)
[wfo:execution_aware] fold 15 winner: decay_linear(rank(-1 * stddev(delta(close, 1), 20)), 60)
[wfo:execution_aware] fold 15 OOS: Gross_IR=0.660 Turnover=4.18 Net_IR=0.476
[wfo:execution_aware] fold 16: train 2017-01-01..2021-12-31 -> test 2022-01-01..2022-12-31
[execution_aware] iter  0/50 [SEED] reward=  0.1435  rank(-1 * stddev(delta(close, 1), 20))
[execution_aware] iter  1/50 [OK ] reward=  0.2608  decay_linear(rank(-1 * stddev(delta(close, 1), 20)), 120)
[execution_aware] iter  2/50 [OK ] reward=  0.1843  decay_linear(cs_rank(-1 * stddev(delta(close, 1), 40)), 240)
[execution_aware] iter  3/50 [OK ] reward=  0.2059  decay_linear(cs_rank(-1 * stddev(delta(close, 1), 20)), 240)
[execution_aware] iter  4/50 [OK ] reward=  0.0724  decay_linear(ts_rank(-1 * stddev(delta(close, 1), 20), 252), 240)
[execution_aware] iter  5/50 [OK ] reward=  0.2059  decay_linear(cs_rank(-1 * stddev(delta(close, 1), 20)), 240)
[execution_aware] iter  6/50 [ERR] reward=    -inf  decay_linear(cs_rank(-1 * stddev(delta(close, 1), 20)), 480)
[execution_aware] iter  7/50 [OK ] reward=  0.2608  decay_linear(cs_rank(-1 * stddev(delta(close, 1), 20)), 120)
[execution_aware] iter  8/50 [OK ] reward=  0.1843  decay_linear(cs_rank(-1 * stddev(delta(close, 1), 40)), 240)
[execution_aware] iter  9/50 [OK ] reward=  0.2059  decay_linear(cs_rank(-1 * stddev(delta(close, 1), 20)), 240)
[execution_aware] iter 10/50 [ERR] reward=    -inf  decay_linear(cs_rank(-1 * stddev(delta(close, 1), 20)), 360)
[execution_aware] iter 11/50 [OK ] reward=  0.2608  decay_linear(cs_rank(-1 * stddev(delta(close, 1), 20)), 120)
[execution_aware] iter 12/50 [OK ] reward=  0.2059  decay_linear(cs_rank(-1 * stddev(delta(close, 1), 20)), 240)
[execution_aware] iter 13/50 [OK ] reward=  0.2059  decay_linear(cs_rank(-1 * stddev(delta(close, 1), 20)), 240)
[execution_aware] iter 14/50 [ERR] reward=    -inf  decay_linear(cs_rank(-1 * stddev(delta(close, 1), 30)), 360)
[execution_aware] iter 15/50 [OK ] reward=  0.2608  decay_linear(cs_rank(-1 * stddev(delta(close, 1), 20)), 120)
[execution_aware] iter 16/50 [OK ] reward=  0.2258  decay_linear(cs_rank(-1 * stddev(delta(close, 1), 20)), 180)
[execution_aware] iter 17/50 [OK ] reward=  0.1924  decay_linear(cs_rank(-1 * stddev(delta(close, 1), 30)), 240)
[execution_aware] iter 18/50 [ERR] reward=    -inf  decay_linear(cs_rank(-1 * stddev(delta(close, 1), 40)), 360)
[execution_aware] iter 19/50 [OK ] reward=  0.2608  decay_linear(cs_rank(-1 * stddev(delta(close, 1), 20)), 120)
[execution_aware] iter 20/50 [OK ] reward=  0.2059  decay_linear(cs_rank(-1 * stddev(delta(close, 1), 20)), 240)
[execution_aware] iter 21/50 [OK ] reward=  0.2059  decay_linear(cs_rank(-1 * stddev(delta(close, 1), 20)), 240)
[execution_aware] iter 22/50 [OK ] reward=  0.1924  decay_linear(cs_rank(-1 * stddev(delta(close, 1), 30)), 240)
[execution_aware] iter 23/50 [OK ] reward=  0.2059  decay_linear(cs_rank(-1 * stddev(delta(close, 1), 20)), 240)
[execution_aware] iter 24/50 [ERR] reward=    -inf  decay_linear(cs_rank(-1 * stddev(delta(close, 1), 20)), 360)
[execution_aware] iter 25/50 [OK ] reward=  0.2608  decay_linear(cs_rank(-1 * stddev(delta(close, 1), 20)), 120)
[execution_aware] iter 26/50 [OK ] reward=  0.2059  decay_linear(cs_rank(-1 * stddev(delta(close, 1), 20)), 240)
[execution_aware] iter 27/50 [ERR] reward=    -inf  decay_linear(cs_rank(-1 * stddev(delta(close, 1), 20)), 360)
[execution_aware] iter 28/50 [OK ] reward=  0.2608  decay_linear(cs_rank(-1 * stddev(delta(close, 1), 20)), 120)
[execution_aware] iter 29/50 [OK ] reward=  0.2059  decay_linear(cs_rank(-1 * stddev(delta(close, 1), 20)), 240)
[execution_aware] iter 30/50 [ERR] reward=    -inf  decay_linear(cs_rank(-1 * stddev(delta(close, 1), 20)), 360)
[execution_aware] iter 31/50 [OK ] reward=  0.1813  decay_linear(ts_rank(-1 * stddev(delta(close, 1), 20), 120), 60)
[execution_aware] iter 32/50 [OK ] reward=  0.2028  decay_linear(ts_rank(-1 * stddev(delta(close, 1), 20), 120), 240)
[execution_aware] iter 33/50 [OK ] reward=  0.2059  decay_linear(cs_rank(-1 * stddev(delta(close, 1), 20)), 240)
[execution_aware] iter 34/50 [ERR] reward=    -inf  decay_linear(ts_rank(-1 * stddev(delta(close, 1), 20), 252), 360)
[execution_aware] iter 35/50 [OK ] reward=  0.2608  decay_linear(cs_rank(-1 * stddev(delta(close, 1), 20)), 120)
[execution_aware] iter 36/50 [OK ] reward=  0.2059  decay_linear(cs_rank(-1 * stddev(delta(close, 1), 20)), 240)
[execution_aware] iter 37/50 [ERR] reward=    -inf  decay_linear(cs_rank(-1 * stddev(delta(close, 1), 20)), 300)
[execution_aware] iter 38/50 [OK ] reward=  0.1813  decay_linear(ts_rank(-1 * stddev(delta(close, 1), 20), 120), 60)
[execution_aware] iter 39/50 [OK ] reward=  0.2059  decay_linear(rank(-1 * stddev(delta(close, 1), 20)), 240)
[execution_aware] iter 40/50 [ERR] reward=    -inf  decay_linear(rank(-1 * stddev(delta(close, 1), 20)), 360)
[execution_aware] iter 41/50 [OK ] reward=  0.2258  decay_linear(rank(-1 * stddev(delta(close, 1), 20)), 180)
[execution_aware] iter 42/50 [OK ] reward=  0.2059  decay_linear(cs_rank(-1 * stddev(delta(close, 1), 20)), 240)
[execution_aware] iter 43/50 [ERR] reward=    -inf  decay_linear(cs_rank(-1 * stddev(delta(close, 1), 20)), 360)
[execution_aware] iter 44/50 [OK ] reward=  0.2608  decay_linear(cs_rank(-1 * stddev(delta(close, 1), 20)), 120)
[execution_aware] iter 45/50 [OK ] reward=  0.2059  decay_linear(cs_rank(-1 * stddev(delta(close, 1), 20)), 240)
[execution_aware] iter 46/50 [ERR] reward=    -inf  decay_linear(cs_rank(-1 * stddev(delta(close, 1), 20)), 360)
[execution_aware] iter 47/50 [OK ] reward=  0.2608  decay_linear(cs_rank(-1 * stddev(delta(close, 1), 20)), 120)
[execution_aware] iter 48/50 [OK ] reward=  0.2059  decay_linear(cs_rank(-1 * stddev(delta(close, 1), 20)), 240)
[execution_aware] iter 49/50 [ERR] reward=    -inf  decay_linear(cs_rank(-1 * stddev(delta(close, 1), 20)), 360)
[execution_aware] iter 50/50 [OK ] reward=  0.1813  decay_linear(ts_rank(-1 * stddev(delta(close, 1), 20), 120), 60)
[wfo:execution_aware] fold 16 winner: decay_linear(rank(-1 * stddev(delta(close, 1), 20)), 120)
[wfo:execution_aware] fold 16 OOS: Gross_IR=1.303 Turnover=4.06 Net_IR=1.152
[wfo:execution_aware] fold 17: train 2018-01-01..2022-12-31 -> test 2023-01-01..2023-12-31
[execution_aware] iter  0/50 [SEED] reward=  0.3020  rank(-1 * stddev(delta(close, 1), 20))
[execution_aware] iter  1/50 [OK ] reward=  0.4660  decay_linear(rank(-1 * stddev(delta(close, 1), 20)), 126)
[execution_aware] iter  2/50 [OK ] reward=  0.4311  decay_linear(rank(-1 * stddev(delta(close, 1), 20)), 252)
[execution_aware] iter  3/50 [ERR] reward=    -inf  decay_linear(rank(-1 * stddev(delta(close, 1), 20)), 504)
[execution_aware] iter  4/50 [OK ] reward=  0.4660  decay_linear(rank(-1 * stddev(delta(close, 1), 20)), 126)
[execution_aware] iter  5/50 [OK ] reward=  0.4311  decay_linear(rank(-1 * stddev(delta(close, 1), 20)), 252)
[execution_aware] iter  6/50 [ERR] reward=    -inf  decay_linear(rank(-1 * stddev(delta(close, 1), 20)), 504)
[execution_aware] iter  7/50 [OK ] reward=  0.4660  decay_linear(cs_rank(-1 * stddev(delta(close, 1), 20)), 126)
[execution_aware] iter  8/50 [OK ] reward=  0.4311  decay_linear(cs_rank(-1 * stddev(delta(close, 1), 20)), 252)
[execution_aware] iter  9/50 [ERR] reward=    -inf  decay_linear(cs_rank(-1 * stddev(delta(close, 1), 20)), 365)
[execution_aware] iter 10/50 [OK ] reward=  0.4660  decay_linear(cs_rank(-1 * stddev(delta(close, 1), 20)), 126)
[execution_aware] iter 11/50 [OK ] reward=  0.4311  decay_linear(cs_rank(-1 * stddev(delta(close, 1), 20)), 252)
[execution_aware] iter 12/50 [ERR] reward=    -inf  decay_linear(cs_rank(-1 * stddev(delta(close, 1), 20)), 504)
[execution_aware] iter 13/50 [OK ] reward=  0.4660  decay_linear(cs_rank(-1 * stddev(delta(close, 1), 20)), 126)
[execution_aware] iter 14/50 [OK ] reward=  0.4311  decay_linear(cs_rank(-1 * stddev(delta(close, 1), 20)), 252)
[execution_aware] iter 15/50 [OK ] reward=  0.4311  decay_linear(cs_rank(-1 * stddev(delta(close, 1), 20)), 252)
[execution_aware] iter 16/50 [OK ] reward=  0.4436  decay_linear(cs_rank(-1 * stddev(delta(close, 1), 20)), 180)
[execution_aware] iter 17/50 [OK ] reward=  0.4311  decay_linear(cs_rank(-1 * stddev(delta(close, 1), 20)), 252)
[execution_aware] iter 18/50 [OK ] reward=  0.4311  decay_linear(cs_rank(-1 * stddev(delta(close, 1), 20)), 252)
[execution_aware] iter 19/50 [ERR] reward=    -inf  decay_linear(cs_rank(-1 * stddev(delta(close, 1), 20)), 504)
[execution_aware] iter 20/50 [OK ] reward=  0.4660  decay_linear(cs_rank(-1 * stddev(delta(close, 1), 20)), 126)
[execution_aware] iter 21/50 [OK ] reward=  0.4311  decay_linear(cs_rank(-1 * stddev(delta(close, 1), 20)), 252)
[execution_aware] iter 22/50 [ERR] reward=    -inf  decay_linear(cs_rank(-1 * stddev(delta(close, 1), 20)), 504)
[execution_aware] iter 23/50 [OK ] reward=  0.4660  decay_linear(cs_rank(-1 * stddev(delta(close, 1), 20)), 126)
[execution_aware] iter 24/50 [OK ] reward=  0.4137  decay_linear(cs_rank(-1 * stddev(delta(close, 1), 40)), 252)
[execution_aware] iter 25/50 [OK ] reward=  0.4311  decay_linear(cs_rank(-1 * stddev(delta(close, 1), 20)), 252)
[execution_aware] iter 26/50 [OK ] reward=  0.4311  decay_linear(cs_rank(-1 * stddev(delta(close, 1), 20)), 252)
[execution_aware] iter 27/50 [ERR] reward=    -inf  decay_linear(cs_rank(-1 * stddev(delta(close, 1), 20)), 365)
[execution_aware] iter 28/50 [OK ] reward=  0.4660  decay_linear(cs_rank(-1 * stddev(delta(close, 1), 20)), 126)
[execution_aware] iter 29/50 [OK ] reward=  0.4311  decay_linear(cs_rank(-1 * stddev(delta(close, 1), 20)), 252)
[execution_aware] iter 30/50 [OK ] reward=  0.4311  decay_linear(cs_rank(-1 * stddev(delta(close, 1), 20)), 252)
[execution_aware] iter 31/50 [ERR] reward=    -inf  decay_linear(cs_rank(-1 * stddev(delta(close, 1), 20)), 504)
[execution_aware] iter 32/50 [OK ] reward=  0.4660  decay_linear(cs_rank(-1 * stddev(delta(close, 1), 20)), 126)
[execution_aware] iter 33/50 [OK ] reward=  0.4311  decay_linear(cs_rank(-1 * stddev(delta(close, 1), 20)), 252)
[execution_aware] iter 34/50 [ERR] reward=    -inf  decay_linear(cs_rank(-1 * stddev(delta(close, 1), 20)), 504)
[execution_aware] iter 35/50 [OK ] reward=  0.1509  decay_linear(ts_rank(-1 * stddev(delta(close, 1), 20), 126), 126)
[execution_aware] iter 36/50 [OK ] reward=  0.1035  decay_linear(ts_rank(-1 * stddev(delta(close, 1), 20), 126), 252)
[execution_aware] iter 37/50 [OK ] reward=  0.4311  decay_linear(rank(-1 * stddev(delta(close, 1), 20)), 252)
[execution_aware] iter 38/50 [ERR] reward=    -inf  decay_linear(rank(-1 * stddev(delta(close, 1), 20)), 504)
[execution_aware] iter 39/50 [OK ] reward=  0.4660  decay_linear(rank(-1 * stddev(delta(close, 1), 20)), 126)
[execution_aware] iter 40/50 [OK ] reward=  0.4311  decay_linear(rank(-1 * stddev(delta(close, 1), 20)), 252)
[execution_aware] iter 41/50 [OK ] reward=  0.1035  decay_linear(ts_rank(-1 * stddev(delta(close, 1), 20), 126), 252)
[execution_aware] iter 42/50 [OK ] reward=  0.4660  decay_linear(cs_rank(-1 * stddev(delta(close, 1), 20)), 126)
[execution_aware] iter 43/50 [OK ] reward=  0.4311  decay_linear(cs_rank(-1 * stddev(delta(close, 1), 20)), 252)
[execution_aware] iter 44/50 [ERR] reward=    -inf  decay_linear(cs_rank(-1 * stddev(delta(close, 1), 20)), 365)
[execution_aware] iter 45/50 [OK ] reward=  0.4660  decay_linear(cs_rank(-1 * stddev(delta(close, 1), 20)), 126)
[execution_aware] iter 46/50 [OK ] reward=  0.4311  decay_linear(cs_rank(-1 * stddev(delta(close, 1), 20)), 252)
[execution_aware] iter 47/50 [OK ] reward=  0.1592  decay_linear(ts_rank(-1 * stddev(delta(close, 1), 20), 252), 252)
[execution_aware] iter 48/50 [OK ] reward=  0.4436  decay_linear(cs_rank(-1 * stddev(delta(close, 1), 20)), 180)
[execution_aware] iter 49/50 [OK ] reward=  0.4311  decay_linear(cs_rank(-1 * stddev(delta(close, 1), 20)), 252)
[execution_aware] iter 50/50 [ERR] reward=    -inf  decay_linear(cs_rank(-1 * stddev(delta(close, 1), 20)), 504)
[wfo:execution_aware] fold 17 winner: decay_linear(rank(-1 * stddev(delta(close, 1), 20)), 126)
[wfo:execution_aware] fold 17 OOS: Gross_IR=0.125 Turnover=3.43 Net_IR=-0.062
[wfo:execution_aware] fold 18: train 2019-01-01..2023-12-31 -> test 2024-01-01..2024-12-31
[execution_aware] iter  0/50 [SEED] reward=  0.2747  rank(-1 * stddev(delta(close, 1), 20))
[execution_aware] iter  1/50 [OK ] reward=  0.4033  decay_linear(cs_rank(-1 * stddev(delta(close, 1), 20)), 100)
[execution_aware] iter  2/50 [OK ] reward=  0.3497  decay_linear(cs_rank(-1 * stddev(delta(close, 1), 20)), 200)
[execution_aware] iter  3/50 [ERR] reward=    -inf  decay_linear(cs_rank(-1 * stddev(delta(close, 1), 20)), 300)
[execution_aware] iter  4/50 [OK ] reward=  0.3879  decay_linear(cs_rank(-1 * stddev(delta(close, 1), 20)), 120)
[execution_aware] iter  5/50 [OK ] reward=  0.3497  decay_linear(cs_rank(-1 * stddev(delta(close, 1), 20)), 200)
[execution_aware] iter  6/50 [OK ] reward=  0.3400  decay_linear(cs_rank(-1 * stddev(delta(close, 1), 20)), 250)
[execution_aware] iter  7/50 [ERR] reward=    -inf  decay_linear(cs_rank(-1 * stddev(delta(close, 1), 20)), 500)
[execution_aware] iter  8/50 [OK ] reward=  0.3098  decay_linear(cs_rank(-1 * stddev(delta(close, 1), 100)), 100)
[execution_aware] iter  9/50 [OK ] reward=  0.3497  decay_linear(cs_rank(-1 * stddev(delta(close, 1), 20)), 200)
[execution_aware] iter 10/50 [OK ] reward=  0.3400  decay_linear(cs_rank(-1 * stddev(delta(close, 1), 20)), 250)
[execution_aware] iter 11/50 [OK ] reward=  0.3497  decay_linear(cs_rank(-1 * stddev(delta(close, 1), 20)), 200)
[execution_aware] iter 12/50 [OK ] reward=  0.3400  decay_linear(cs_rank(-1 * stddev(delta(close, 1), 20)), 250)
[execution_aware] iter 13/50 [OK ] reward=  0.3497  decay_linear(cs_rank(-1 * stddev(delta(close, 1), 20)), 200)
[execution_aware] iter 14/50 [ERR] reward=    -inf  decay_linear(cs_rank(-1 * stddev(delta(close, 1), 20)), 300)
[execution_aware] iter 15/50 [OK ] reward=  0.3687  decay_linear(cs_rank(-1 * stddev(delta(close, 1), 20)), 150)
[execution_aware] iter 16/50 [OK ] reward=  0.3497  decay_linear(cs_rank(-1 * stddev(delta(close, 1), 20)), 200)
[execution_aware] iter 17/50 [ERR] reward=    -inf  decay_linear(cs_rank(-1 * stddev(delta(close, 1), 20)), 500)
[execution_aware] iter 18/50 [OK ] reward=  0.2944  decay_linear(cs_rank(-1 * stddev(delta(close, 1), 20)), 100) * cs_rank(volume)
[execution_aware] iter 19/50 [OK ] reward=  0.3497  decay_linear(cs_rank(-1 * stddev(delta(close, 1), 20)), 200)
[execution_aware] iter 20/50 [ERR] reward=    -inf  decay_linear(cs_rank(-1 * stddev(delta(close, 1), 20)), 500)
[execution_aware] iter 21/50 [OK ] reward=  0.3497  decay_linear(cs_rank(-1 * stddev(delta(close, 1), 20)), 200)
[execution_aware] iter 22/50 [OK ] reward=  0.3397  decay_linear(cs_rank(-1 * stddev(delta(close, 1), 20)), 252)
[execution_aware] iter 23/50 [OK ] reward=  0.3497  decay_linear(cs_rank(-1 * stddev(delta(close, 1), 20)), 200)
[execution_aware] iter 24/50 [OK ] reward=  0.3400  decay_linear(cs_rank(-1 * stddev(delta(close, 1), 20)), 250)
[execution_aware] iter 25/50 [ERR] reward=    -inf  decay_linear(cs_rank(-1 * stddev(delta(close, 1), 20)), 500)
[execution_aware] iter 26/50 [OK ] reward=  0.3687  decay_linear(cs_rank(-1 * stddev(delta(close, 1), 20)), 150)
[execution_aware] iter 27/50 [OK ] reward=  0.3438  decay_linear(cs_rank(-1 * stddev(delta(close, 1), 30)), 200)
[execution_aware] iter 28/50 [OK ] reward=  0.3497  decay_linear(cs_rank(-1 * stddev(delta(close, 1), 20)), 200)
[execution_aware] iter 29/50 [ERR] reward=    -inf  decay_linear(cs_rank(-1 * stddev(delta(close, 1), 20)), 500)
[execution_aware] iter 30/50 [OK ] reward=  0.3497  decay_linear(cs_rank(-1 * stddev(delta(close, 1), 20)), 200)
[execution_aware] iter 31/50 [ERR] reward=    -inf  decay_linear(cs_rank(-1 * stddev(delta(close, 1), 20)), 300)
[execution_aware] iter 32/50 [OK ] reward=  0.3094  decay_linear(cs_rank(-1 * stddev(delta(close, 1), 150)), 100)
[execution_aware] iter 33/50 [OK ] reward=  0.3037  decay_linear(cs_rank(-1 * stddev(delta(close, 1), 200)), 150)
[execution_aware] iter 34/50 [OK ] reward=  0.3497  decay_linear(cs_rank(-1 * stddev(delta(close, 1), 20)), 200)
[execution_aware] iter 35/50 [ERR] reward=    -inf  decay_linear(cs_rank(-1 * stddev(delta(close, 1), 20)), 300)
[execution_aware] iter 36/50 [OK ] reward=  0.3687  decay_linear(cs_rank(-1 * stddev(delta(close, 1), 20)), 150)
[execution_aware] iter 37/50 [OK ] reward=  0.3469  decay_linear(cs_rank(-1 * stddev(delta(close, 1), 25)), 200)
[execution_aware] iter 38/50 [OK ] reward=  0.3497  decay_linear(cs_rank(-1 * stddev(delta(close, 1), 20)), 200)
[execution_aware] iter 39/50 [ERR] reward=    -inf  decay_linear(cs_rank(-1 * stddev(delta(close, 1), 20)), 300)
[execution_aware] iter 40/50 [OK ] reward=  0.3687  decay_linear(cs_rank(-1 * stddev(delta(close, 1), 20)), 150)
[execution_aware] iter 41/50 [OK ] reward=  0.3497  decay_linear(cs_rank(-1 * stddev(delta(close, 1), 20)), 200)
[execution_aware] iter 42/50 [ERR] reward=    -inf  decay_linear(cs_rank(-1 * stddev(delta(close, 1), 20)), 500)
[execution_aware] iter 43/50 [OK ] reward=  0.3098  decay_linear(cs_rank(-1 * stddev(delta(close, 1), 100)), 100)
[execution_aware] iter 44/50 [OK ] reward=  0.3497  decay_linear(cs_rank(-1 * stddev(delta(close, 1), 20)), 200)
[execution_aware] iter 45/50 [ERR] reward=    -inf  decay_linear(cs_rank(-1 * stddev(delta(close, 1), 20)), 300)
[execution_aware] iter 46/50 [OK ] reward=  0.3497  decay_linear(cs_rank(-1 * stddev(delta(close, 1), 20)), 200)
[execution_aware] iter 47/50 [ERR] reward=    -inf  decay_linear(cs_rank(-1 * stddev(delta(close, 1), 20)), 300)
[execution_aware] iter 48/50 [OK ] reward=  0.4033  decay_linear(cs_rank(-1 * stddev(delta(close, 1), 20)), 100)
[execution_aware] iter 49/50 [OK ] reward=  0.3497  decay_linear(cs_rank(-1 * stddev(delta(close, 1), 20)), 200)
[execution_aware] iter 50/50 [ERR] reward=    -inf  decay_linear(cs_rank(-1 * stddev(delta(close, 1), 20)), 300)
[wfo:execution_aware] fold 18 winner: decay_linear(cs_rank(-1 * stddev(delta(close, 1), 20)), 100)
[wfo:execution_aware] fold 18 OOS: Gross_IR=0.992 Turnover=3.83 Net_IR=0.823
[wfo:execution_aware] fold 19: train 2020-01-01..2024-12-31 -> test 2025-01-01..2025-12-31
[execution_aware] iter  0/50 [SEED] reward=  0.3436  rank(-1 * stddev(delta(close, 1), 20))
[execution_aware] iter  1/50 [OK ] reward=  0.5103  decay_linear(rank(-1 * stddev(delta(close, 1), 20)), 60)
[execution_aware] iter  2/50 [OK ] reward=  0.5019  decay_linear(rank(-1 * stddev(delta(close, 1), 20)), 120)
[execution_aware] iter  3/50 [OK ] reward=  0.5019  decay_linear(rank(-1 * stddev(delta(close, 1), 20)), 180)
[execution_aware] iter  4/50 [ERR] reward=    -inf  decay_linear(rank(-1 * stddev(delta(close, 1), 20)), 360)
[execution_aware] iter  5/50 [OK ] reward=  0.5019  decay_linear(rank(-1 * stddev(delta(close, 1), 20)), 120)
[execution_aware] iter  6/50 [OK ] reward=  0.5019  decay_linear(rank(-1 * stddev(delta(close, 1), 20)), 180)
[execution_aware] iter  7/50 [ERR] reward=    -inf  decay_linear(rank(-1 * stddev(delta(close, 1), 20)), 360)
[execution_aware] iter  8/50 [OK ] reward= -0.3788  decay_linear(ts_rank(-1 * stddev(delta(close, 1), 20), 60), 30)
[execution_aware] iter  9/50 [OK ] reward=  0.5019  decay_linear(rank(-1 * stddev(delta(close, 1), 20)), 120)
[execution_aware] iter 10/50 [OK ] reward=  0.5002  decay_linear(rank(-1 * stddev(delta(close, 1), 40)), 120)
[execution_aware] iter 11/50 [OK ] reward=  0.4877  decay_linear(rank(-1 * stddev(delta(close, 1), 60)), 120)
[execution_aware] iter 12/50 [OK ] reward=  0.5019  decay_linear(rank(-1 * stddev(delta(close, 1), 20)), 120)
[execution_aware] iter 13/50 [OK ] reward=  0.4968  decay_linear(rank(-1 * stddev(delta(close, 1), 20)), 150)
[execution_aware] iter 14/50 [OK ] reward=  0.5019  decay_linear(cs_rank(-1 * stddev(delta(close, 1), 20)), 180)
[execution_aware] iter 15/50 [OK ] reward=  0.5004  decay_linear(cs_rank(-1 * stddev(delta(close, 1), 20)), 240)
[execution_aware] iter 16/50 [OK ] reward=  0.5019  decay_linear(cs_rank(-1 * stddev(delta(close, 1), 20)), 120)
[execution_aware] iter 17/50 [OK ] reward=  0.5004  decay_linear(cs_rank(-1 * stddev(delta(close, 1), 20)), 240)
[execution_aware] iter 18/50 [OK ] reward=  0.5004  decay_linear(cs_rank(-1 * stddev(delta(close, 1), 20)), 240)
[execution_aware] iter 19/50 [OK ] reward=  0.5004  decay_linear(cs_rank(-1 * stddev(delta(close, 1), 20)), 240)
[execution_aware] iter 20/50 [ERR] reward=    -inf  decay_linear(cs_rank(-1 * stddev(delta(close, 1), 30)), 360)
[execution_aware] iter 21/50 [OK ] reward=  0.5103  decay_linear(cs_rank(-1 * stddev(delta(close, 1), 20)), 60)
[execution_aware] iter 22/50 [OK ] reward=  0.5019  decay_linear(cs_rank(-1 * stddev(delta(close, 1), 20)), 120)
[execution_aware] iter 23/50 [OK ] reward=  0.5019  decay_linear(cs_rank(-1 * stddev(delta(close, 1), 20)), 120)
[execution_aware] iter 24/50 [OK ] reward=  0.5004  decay_linear(cs_rank(-1 * stddev(delta(close, 1), 20)), 240)
[execution_aware] iter 25/50 [ERR] reward=    -inf  decay_linear(cs_rank(-1 * stddev(delta(close, 1), 20)), 360)
[execution_aware] iter 26/50 [OK ] reward=  0.5103  decay_linear(cs_rank(-1 * stddev(delta(close, 1), 20)), 60)
[execution_aware] iter 27/50 [OK ] reward=  0.5019  decay_linear(cs_rank(-1 * stddev(delta(close, 1), 20)), 120)
[execution_aware] iter 28/50 [OK ] reward=  0.0882  decay_linear(ts_rank(-1 * stddev(delta(close, 1), 20), 180), 60)
[execution_aware] iter 29/50 [OK ] reward=  0.5019  decay_linear(rank(-1 * stddev(delta(close, 1), 20)), 120)
[execution_aware] iter 30/50 [OK ] reward=  0.5032  decay_linear(rank(-1 * stddev(delta(close, 1), 30)), 180)
[execution_aware] iter 31/50 [OK ] reward=  0.5019  decay_linear(rank(-1 * stddev(delta(close, 1), 20)), 120)
[execution_aware] iter 32/50 [OK ] reward=  0.5019  decay_linear(rank(-1 * stddev(delta(close, 1), 20)), 180)
[execution_aware] iter 33/50 [OK ] reward=  0.5021  decay_linear(rank(-1 * stddev(delta(close, 1), 30)), 120)
[execution_aware] iter 34/50 [OK ] reward=  0.5002  decay_linear(cs_rank(-1 * stddev(delta(close, 1), 40)), 120)
[execution_aware] iter 35/50 [OK ] reward=  0.5008  decay_linear(cs_rank(-1 * stddev(delta(close, 1), 40)), 180)
[execution_aware] iter 36/50 [OK ] reward= -0.0101  decay_linear(ts_rank(-1 * stddev(delta(close, 1), 20), 60), 120)
[execution_aware] iter 37/50 [OK ] reward=  0.0537  decay_linear(ts_rank(-1 * stddev(delta(close, 1), 20), 60), 180)
[execution_aware] iter 38/50 [OK ] reward= -0.0101  decay_linear(ts_rank(-1 * stddev(delta(close, 1), 20), 60), 120)
[execution_aware] iter 39/50 [OK ] reward=  0.5019  decay_linear(rank(-1 * stddev(delta(close, 1), 20)), 120)
[execution_aware] iter 40/50 [OK ] reward=  0.5002  decay_linear(rank(-1 * stddev(delta(close, 1), 40)), 120)
[execution_aware] iter 41/50 [OK ] reward=  0.5008  decay_linear(rank(-1 * stddev(delta(close, 1), 40)), 180)
[execution_aware] iter 42/50 [OK ] reward=  0.5019  decay_linear(rank(-1 * stddev(delta(close, 1), 20)), 120)
[execution_aware] iter 43/50 [OK ] reward=  0.5019  decay_linear(cs_rank(-1 * stddev(delta(close, 1), 20)), 120)
[execution_aware] iter 44/50 [OK ] reward=  0.5004  decay_linear(cs_rank(-1 * stddev(delta(close, 1), 20)), 240)
[execution_aware] iter 45/50 [OK ] reward=  0.5019  decay_linear(cs_rank(-1 * stddev(delta(close, 1), 20)), 120)
[execution_aware] iter 46/50 [OK ] reward=  0.5019  decay_linear(cs_rank(-1 * stddev(delta(close, 1), 20)), 180)
[execution_aware] iter 47/50 [ERR] reward=    -inf  decay_linear(cs_rank(-1 * stddev(delta(close, 1), 20)), 360)
[execution_aware] iter 48/50 [OK ] reward=  0.5103  decay_linear(cs_rank(-1 * stddev(delta(close, 1), 20)), 60)
[execution_aware] iter 49/50 [OK ] reward=  0.5019  decay_linear(cs_rank(-1 * stddev(delta(close, 1), 20)), 120)
[execution_aware] iter 50/50 [OK ] reward=  0.5019  decay_linear(cs_rank(-1 * stddev(delta(close, 1), 20)), 180)
[wfo:execution_aware] fold 19 winner: decay_linear(rank(-1 * stddev(delta(close, 1), 20)), 60)
[wfo:execution_aware] fold 19 OOS: Gross_IR=0.329 Turnover=4.52 Net_IR=0.126
[wfo:execution_aware] fold 20: train 2021-01-01..2025-12-31 -> test 2026-01-01..2026-08-13
[execution_aware] iter  0/50 [SEED] reward=  0.4429  rank(-1 * stddev(delta(close, 1), 20))
[execution_aware] iter  1/50 [OK ] reward=  0.6680  decay_linear(rank(-1 * stddev(delta(close, 1), 20)), 100)
[execution_aware] iter  2/50 [OK ] reward=  0.7306  decay_linear(rank(-1 * stddev(delta(close, 1), 20)), 200)
[execution_aware] iter  3/50 [ERR] reward=    -inf  decay_linear(cs_rank(-1 * stddev(delta(close, 1), 20)), 400)
[execution_aware] iter  4/50 [OK ] reward= -0.3343  decay_linear(ts_rank(-1 * stddev(delta(close, 1), 20), 20), 200)
[execution_aware] iter  5/50 [ERR] reward=    -inf  decay_linear(cs_rank(-1 * stddev(delta(close, 1), 20)), 400)
[execution_aware] iter  6/50 [OK ] reward=  0.7306  decay_linear(cs_rank(-1 * stddev(delta(close, 1), 20)), 200)
[execution_aware] iter  7/50 [ERR] reward=    -inf  decay_linear(cs_rank(-1 * stddev(delta(close, 1), 20)), 400)
[execution_aware] iter  8/50 [OK ] reward=  0.7306  decay_linear(cs_rank(-1 * stddev(delta(close, 1), 20)), 200)
[execution_aware] iter  9/50 [ERR] reward=    -inf  decay_linear(cs_rank(-1 * stddev(delta(close, 1), 20)), 400)
[execution_aware] iter 10/50 [OK ] reward=  0.7306  decay_linear(cs_rank(-1 * stddev(delta(close, 1), 20)), 200)
[execution_aware] iter 11/50 [ERR] reward=    -inf  decay_linear(cs_rank(-1 * stddev(delta(close, 1), 20)), 500)
[execution_aware] iter 12/50 [OK ] reward=  0.7306  decay_linear(cs_rank(-1 * stddev(delta(close, 1), 20)), 200)
[execution_aware] iter 13/50 [ERR] reward=    -inf  decay_linear(cs_rank(-1 * stddev(delta(close, 1), 20)), 400)
[execution_aware] iter 14/50 [OK ] reward=  0.6680  decay_linear(cs_rank(-1 * stddev(delta(close, 1), 20)), 100)
[execution_aware] iter 15/50 [OK ] reward=  0.7306  decay_linear(cs_rank(-1 * stddev(delta(close, 1), 20)), 200)
[execution_aware] iter 16/50 [ERR] reward=    -inf  decay_linear(cs_rank(-1 * stddev(delta(close, 1), 20)), 500)
[execution_aware] iter 17/50 [OK ] reward=  0.7306  decay_linear(cs_rank(-1 * stddev(delta(close, 1), 20)), 200)
[execution_aware] iter 18/50 [ERR] reward=    -inf  decay_linear(cs_rank(-1 * stddev(delta(close, 1), 20)), 400)
[execution_aware] iter 19/50 [OK ] reward=  0.7306  decay_linear(cs_rank(-1 * stddev(delta(close, 1), 20)), 200)
[execution_aware] iter 20/50 [ERR] reward=    -inf  decay_linear(cs_rank(-1 * stddev(delta(close, 1), 20)), 500)
[execution_aware] iter 21/50 [OK ] reward=  0.7306  decay_linear(cs_rank(-1 * stddev(delta(close, 1), 20)), 200)
[execution_aware] iter 22/50 [ERR] reward=    -inf  decay_linear(cs_rank(-1 * stddev(delta(close, 1), 20)), 400)
[execution_aware] iter 23/50 [OK ] reward=  0.7306  decay_linear(cs_rank(-1 * stddev(delta(close, 1), 20)), 200)
[execution_aware] iter 24/50 [ERR] reward=    -inf  decay_linear(cs_rank(-1 * stddev(delta(close, 1), 20)), 400)
[execution_aware] iter 25/50 [OK ] reward=  0.7306  decay_linear(cs_rank(-1 * stddev(delta(close, 1), 20)), 200)
[execution_aware] iter 26/50 [OK ] reward=  0.7741  decay_linear(cs_rank(-1 * stddev(delta(close, 1), 30)), 250)
[execution_aware] iter 27/50 [ERR] reward=    -inf  decay_linear(cs_rank(-1 * stddev(delta(close, 1), 60)), 500)
[execution_aware] iter 28/50 [OK ] reward=  0.7984  decay_linear(cs_rank(-1 * stddev(delta(close, 1), 60)), 250)
[execution_aware] iter 29/50 [ERR] reward=    -inf  decay_linear(cs_rank(-1 * stddev(delta(close, 1), 60)), 500)
[execution_aware] iter 30/50 [OK ] reward=  0.7659  decay_linear(cs_rank(-1 * stddev(delta(close, 1), 60)), 200)
[execution_aware] iter 31/50 [ERR] reward=    -inf  decay_linear(cs_rank(-1 * stddev(delta(close, 1), 60)), 300)
[execution_aware] iter 32/50 [OK ] reward=  0.7659  decay_linear(cs_rank(-1 * stddev(delta(close, 1), 60)), 200)
[execution_aware] iter 33/50 [ERR] reward=    -inf  decay_linear(cs_rank(-1 * stddev(delta(close, 1), 60)), 500)
[execution_aware] iter 34/50 [OK ] reward=  0.7214  decay_linear(cs_rank(-1 * stddev(delta(close, 1), 60)), 100)
[execution_aware] iter 35/50 [ERR] reward=    -inf  decay_linear(cs_rank(-1 * stddev(delta(close, 1), 60)), 500)
[execution_aware] iter 36/50 [OK ] reward=  0.7659  decay_linear(cs_rank(-1 * stddev(delta(close, 1), 60)), 200)
[execution_aware] iter 37/50 [ERR] reward=    -inf  decay_linear(cs_rank(-1 * stddev(delta(close, 1), 60)), 300)
[execution_aware] iter 38/50 [OK ] reward=  0.8525  decay_linear(cs_rank(-1 * stddev(delta(close, 1), 252)), 200)
[execution_aware] iter 39/50 [ERR] reward=    -inf  decay_linear(cs_rank(-1 * stddev(delta(close, 1), 252)), 400)
[execution_aware] iter 40/50 [OK ] reward=  0.8181  decay_linear(cs_rank(-1 * stddev(delta(close, 1), 200)), 200)
[execution_aware] iter 41/50 [ERR] reward=    -inf  decay_linear(cs_rank(-1 * stddev(delta(close, 1), 252)), 400)
[execution_aware] iter 42/50 [OK ] reward=  0.8713  decay_linear(cs_rank(-1 * stddev(delta(close, 1), 252)), 252)
[execution_aware] iter 43/50 [ERR] reward=    -inf  decay_linear(cs_rank(-1 * stddev(delta(close, 1), 252)), 500)
[execution_aware] iter 44/50 [OK ] reward=  0.8124  decay_linear(cs_rank(-1 * stddev(delta(close, 1), 180)), 180)
[execution_aware] iter 45/50 [ERR] reward=    -inf  decay_linear(cs_rank(-1 * stddev(delta(close, 1), 252)), 500)
[execution_aware] iter 46/50 [OK ] reward=  0.7675  decay_linear(cs_rank(-1 * stddev(delta(close, 1), 126)), 126)
[execution_aware] iter 47/50 [ERR] reward=    -inf  decay_linear(cs_rank(-1 * stddev(delta(close, 1), 252)), 500)
[execution_aware] iter 48/50 [OK ] reward=  0.8124  decay_linear(cs_rank(-1 * stddev(delta(close, 1), 180)), 180)
[execution_aware] iter 49/50 [ERR] reward=    -inf  decay_linear(cs_rank(-1 * stddev(delta(close, 1), 252)), 500)
[execution_aware] iter 50/50 [OK ] reward=  0.8094  decay_linear(cs_rank(-1 * stddev(delta(close, 1), 252)), 100)
[wfo:execution_aware] fold 20 winner: decay_linear(cs_rank(-1 * stddev(delta(close, 1), 252)), 252)
[wfo:execution_aware] fold 20 OOS: Gross_IR=1.131 Turnover=4.94 Net_IR=0.966
[gamma_sweep] checkpointed gamma_sweep_summary.csv (1 rows)

==============================================================================
cost_only_g1_0.0_g2_8.0
==============================================================================
[LocalQwenClient] seed=1001 main_gpu=0
[wfo:execution_aware] fold 0: train 2001-01-01..2005-12-31 -> test 2006-01-01..2006-12-31
[execution_aware] iter  0/50 [SEED] reward=  0.4406  rank(-1 * stddev(delta(close, 1), 20))
[execution_aware] iter  1/50 [OK ] reward=  1.0113  decay_linear(rank(-1 * stddev(delta(close, 1), 20)), 60)
[execution_aware] iter  2/50 [OK ] reward=  0.9757  decay_linear(rank(-1 * stddev(delta(close, 1), 20)), 120)
[execution_aware] iter  3/50 [OK ] reward=  0.9240  decay_linear(rank(-1 * stddev(delta(close, 1), 20)), 180)
[execution_aware] iter  4/50 [OK ] reward=  0.8727  decay_linear(rank(-1 * stddev(delta(close, 1), 20)), 240)
[execution_aware] iter  5/50 [OK ] reward=  0.9157  decay_linear(rank(-1 * stddev(delta(close, 1), 40)), 120)
[execution_aware] iter  6/50 [OK ] reward=  0.9757  decay_linear(rank(-1 * stddev(delta(close, 1), 20)), 120)
[execution_aware] iter  7/50 [OK ] reward=  0.9240  decay_linear(rank(-1 * stddev(delta(close, 1), 20)), 180)
[execution_aware] iter  8/50 [OK ] reward=  0.9157  decay_linear(rank(-1 * stddev(delta(close, 1), 40)), 120)
[execution_aware] iter  9/50 [OK ] reward=  0.9757  decay_linear(rank(-1 * stddev(delta(close, 1), 20)), 120)
[execution_aware] iter 10/50 [OK ] reward=  0.9240  decay_linear(rank(-1 * stddev(delta(close, 1), 20)), 180)
[execution_aware] iter 11/50 [OK ] reward=  0.8727  decay_linear(rank(-1 * stddev(delta(close, 1), 20)), 240)
[execution_aware] iter 12/50 [OK ] reward=  0.9757  decay_linear(rank(-1 * stddev(delta(close, 1), 20)), 120)
[execution_aware] iter 13/50 [OK ] reward=  0.9757  decay_linear(rank(-1 * stddev(delta(close, 1), 20)), 120)
[execution_aware] iter 14/50 [OK ] reward=  0.9240  decay_linear(rank(-1 * stddev(delta(close, 1), 20)), 180)
[execution_aware] iter 15/50 [OK ] reward=  0.8551  decay_linear(rank(-1 * stddev(delta(close, 1), 20)), 252)
[execution_aware] iter 16/50 [OK ] reward=  0.9927  decay_linear(rank(-1 * stddev(delta(close, 1), 20)), 100)
[execution_aware] iter 17/50 [OK ] reward=  0.9757  decay_linear(rank(-1 * stddev(delta(close, 1), 20)), 120)
[execution_aware] iter 18/50 [OK ] reward=  0.9757  decay_linear(rank(-1 * stddev(delta(close, 1), 20)), 120)
[execution_aware] iter 19/50 [OK ] reward=  0.9240  decay_linear(rank(-1 * stddev(delta(close, 1), 20)), 180)
[execution_aware] iter 20/50 [OK ] reward=  0.9757  decay_linear(cs_rank(-1 * stddev(delta(close, 1), 20)), 120)
[execution_aware] iter 21/50 [OK ] reward=  0.9240  decay_linear(cs_rank(-1 * stddev(delta(close, 1), 20)), 180)
[execution_aware] iter 22/50 [OK ] reward=  0.8727  decay_linear(cs_rank(-1 * stddev(delta(close, 1), 20)), 240)
[execution_aware] iter 23/50 [ERR] reward=    -inf  decay_linear(cs_rank(-1 * stddev(delta(close, 1), 20)), 360)
[execution_aware] iter 24/50 [OK ] reward=  1.0113  decay_linear(cs_rank(-1 * stddev(delta(close, 1), 20)), 60)
[execution_aware] iter 25/50 [OK ] reward=  0.9475  decay_linear(cs_rank(-1 * stddev(delta(close, 1), 30)), 120)
[execution_aware] iter 26/50 [OK ] reward=  0.9757  decay_linear(cs_rank(-1 * stddev(delta(close, 1), 20)), 120)
[execution_aware] iter 27/50 [OK ] reward=  0.9240  decay_linear(cs_rank(-1 * stddev(delta(close, 1), 20)), 180)
[execution_aware] iter 28/50 [OK ] reward= -0.2961  decay_linear(ts_rank(-1 * stddev(delta(close, 1), 20), 252), 120)
[execution_aware] iter 29/50 [OK ] reward= -0.2961  decay_linear(ts_rank(-1 * stddev(delta(close, 1), 20), 252), 120)
[execution_aware] iter 30/50 [OK ] reward=  0.9757  decay_linear(cs_rank(-1 * stddev(delta(close, 1), 20)), 120)
[execution_aware] iter 31/50 [OK ] reward=  0.9240  decay_linear(cs_rank(-1 * stddev(delta(close, 1), 20)), 180)
[execution_aware] iter 32/50 [ERR] reward=    -inf  decay_linear(cs_rank(-1 * stddev(delta(close, 1), 20)), 360)
[execution_aware] iter 33/50 [OK ] reward=  1.0113  decay_linear(cs_rank(-1 * stddev(delta(close, 1), 20)), 60)
[execution_aware] iter 34/50 [OK ] reward=  0.9757  decay_linear(cs_rank(-1 * stddev(delta(close, 1), 20)), 120)
[execution_aware] iter 35/50 [OK ] reward=  0.9757  decay_linear(cs_rank(-1 * stddev(delta(close, 1), 20)), 120)
[execution_aware] iter 36/50 [OK ] reward=  0.9240  decay_linear(cs_rank(-1 * stddev(delta(close, 1), 20)), 180)
[execution_aware] iter 37/50 [OK ] reward=  0.8727  decay_linear(cs_rank(-1 * stddev(delta(close, 1), 20)), 240)
[execution_aware] iter 38/50 [OK ] reward=  0.8727  decay_linear(cs_rank(-1 * stddev(delta(close, 1), 20)), 240)
[execution_aware] iter 39/50 [OK ] reward= -0.4088  decay_linear(ts_rank(-1 * stddev(delta(close, 1), 20), 240), 60)
[execution_aware] iter 40/50 [OK ] reward=  0.9757  decay_linear(cs_rank(-1 * stddev(delta(close, 1), 20)), 120)
[execution_aware] iter 41/50 [OK ] reward=  0.9757  decay_linear(cs_rank(-1 * stddev(delta(close, 1), 20)), 120)
[execution_aware] iter 42/50 [OK ] reward=  0.9240  decay_linear(cs_rank(-1 * stddev(delta(close, 1), 20)), 180)
[execution_aware] iter 43/50 [OK ] reward=  0.8727  decay_linear(cs_rank(-1 * stddev(delta(close, 1), 20)), 240)
[execution_aware] iter 44/50 [ERR] reward=    -inf  decay_linear(cs_rank(-1 * stddev(delta(close, 1), 20)), 480)
[execution_aware] iter 45/50 [OK ] reward=  1.0113  decay_linear(cs_rank(-1 * stddev(delta(close, 1), 20)), 60)
[execution_aware] iter 46/50 [OK ] reward=  0.9757  decay_linear(cs_rank(-1 * stddev(delta(close, 1), 20)), 120)
[execution_aware] iter 47/50 [OK ] reward=  0.9485  decay_linear(cs_rank(-1 * stddev(delta(close, 1), 20)), 150)
[execution_aware] iter 48/50 [OK ] reward=  0.8551  decay_linear(cs_rank(-1 * stddev(delta(close, 1), 20)), 252)
[execution_aware] iter 49/50 [OK ] reward=  0.9757  decay_linear(cs_rank(-1 * stddev(delta(close, 1), 20)), 120)
[execution_aware] iter 50/50 [OK ] reward=  0.9485  decay_linear(cs_rank(-1 * stddev(delta(close, 1), 20)), 150)
[wfo:execution_aware] fold 0 winner: decay_linear(rank(-1 * stddev(delta(close, 1), 20)), 60)
[wfo:execution_aware] fold 0 OOS: Gross_IR=1.094 Turnover=4.61 Net_IR=0.876
[wfo:execution_aware] fold 1: train 2002-01-01..2006-12-31 -> test 2007-01-01..2007-12-31
[execution_aware] iter  0/50 [SEED] reward=  0.8071  rank(-1 * stddev(delta(close, 1), 20))
[execution_aware] iter  1/50 [OK ] reward=  1.3566  decay_linear(rank(-1 * stddev(delta(close, 1), 20)), 60)
[execution_aware] iter  2/50 [OK ] reward=  1.3856  decay_linear(rank(-1 * stddev(delta(close, 1), 20)), 120)
[execution_aware] iter  3/50 [OK ] reward=  1.3559  decay_linear(rank(-1 * stddev(delta(close, 1), 20)), 240)
[execution_aware] iter  4/50 [ERR] reward=    -inf  decay_linear(ts_rank(-1 * stddev(delta(close, 1), 20), 252), 360)
[execution_aware] iter  5/50 [OK ] reward= -0.5747  decay_linear(ts_rank(-1 * stddev(delta(close, 1), 20), 252), 120)
[execution_aware] iter  6/50 [OK ] reward= -0.4266  decay_linear(ts_rank(-1 * stddev(delta(close, 1), 20), 252), 240)
[execution_aware] iter  7/50 [OK ] reward=  1.3559  decay_linear(cs_rank(-1 * stddev(delta(close, 1), 20)), 240)
[execution_aware] iter  8/50 [ERR] reward=    -inf  decay_linear(cs_rank(-1 * stddev(delta(close, 1), 20)), 300)
[execution_aware] iter  9/50 [OK ] reward=  1.3856  decay_linear(cs_rank(-1 * stddev(delta(close, 1), 20)), 120)
[execution_aware] iter 10/50 [OK ] reward=  1.3559  decay_linear(cs_rank(-1 * stddev(delta(close, 1), 20)), 240)
[execution_aware] iter 11/50 [ERR] reward=    -inf  decay_linear(cs_rank(-1 * stddev(delta(close, 1), 20)), 360)
[execution_aware] iter 12/50 [OK ] reward=  1.3856  decay_linear(cs_rank(-1 * stddev(delta(close, 1), 20)), 120)
[execution_aware] iter 13/50 [OK ] reward=  1.3559  decay_linear(cs_rank(-1 * stddev(delta(close, 1), 20)), 240)
[execution_aware] iter 14/50 [ERR] reward=    -inf  decay_linear(cs_rank(-1 * stddev(delta(close, 1), 20)), 360)
[execution_aware] iter 15/50 [OK ] reward= -0.7126  decay_linear(ts_rank(-1 * stddev(delta(close, 1), 20), 120), 60)
[execution_aware] iter 16/50 [OK ] reward= -0.6259  decay_linear(ts_rank(-1 * stddev(delta(close, 1), 20), 120), 240)
[execution_aware] iter 17/50 [OK ] reward=  1.3559  decay_linear(rank(-1 * stddev(delta(close, 1), 20)), 240)
[execution_aware] iter 18/50 [ERR] reward=    -inf  decay_linear(rank(-1 * stddev(delta(close, 1), 20)), 360)
[execution_aware] iter 19/50 [OK ] reward=  1.3842  decay_linear(cs_rank(-1 * stddev(delta(close, 1), 20)), 180)
[execution_aware] iter 20/50 [OK ] reward=  1.3559  decay_linear(cs_rank(-1 * stddev(delta(close, 1), 20)), 240)
[execution_aware] iter 21/50 [OK ] reward= -0.4897  decay_linear(ts_rank(-1 * stddev(delta(close, 1), 20), 252), 180)
[execution_aware] iter 22/50 [OK ] reward=  1.3559  decay_linear(rank(-1 * stddev(delta(close, 1), 20)), 240)
[execution_aware] iter 23/50 [OK ] reward=  1.3559  decay_linear(cs_rank(-1 * stddev(delta(close, 1), 20)), 240)
[execution_aware] iter 24/50 [ERR] reward=    -inf  decay_linear(cs_rank(-1 * stddev(delta(close, 1), 20)), 300)
[execution_aware] iter 25/50 [OK ] reward=  1.3856  decay_linear(cs_rank(-1 * stddev(delta(close, 1), 20)), 120)
[execution_aware] iter 26/50 [OK ] reward=  1.3559  decay_linear(rank(-1 * stddev(delta(close, 1), 20)), 240)
[execution_aware] iter 27/50 [OK ] reward= -0.4266  decay_linear(ts_rank(-1 * stddev(delta(close, 1), 20), 252), 240)
[execution_aware] iter 28/50 [ERR] reward=    -inf  decay_linear(ts_rank(-1 * stddev(delta(close, 1), 20), 252), 300)
[execution_aware] iter 29/50 [OK ] reward= -0.5747  decay_linear(ts_rank(-1 * stddev(delta(close, 1), 20), 252), 120)
[execution_aware] iter 30/50 [OK ] reward=  1.3559  decay_linear(rank(-1 * stddev(delta(close, 1), 20)), 240)
[execution_aware] iter 31/50 [ERR] reward=    -inf  decay_linear(rank(-1 * stddev(delta(close, 1), 20)), 360)
[execution_aware] iter 32/50 [OK ] reward=  1.3566  decay_linear(cs_rank(-1 * stddev(delta(close, 1), 20)), 60)
[execution_aware] iter 33/50 [OK ] reward=  1.3842  decay_linear(cs_rank(-1 * stddev(delta(close, 1), 20)), 180)
[execution_aware] iter 34/50 [OK ] reward=  1.3559  decay_linear(cs_rank(-1 * stddev(delta(close, 1), 20)), 240)
[execution_aware] iter 35/50 [ERR] reward=    -inf  decay_linear(cs_rank(-1 * stddev(delta(close, 1), 20)), 360)
[execution_aware] iter 36/50 [OK ] reward= -1.2302  decay_linear(ts_rank(-1 * stddev(delta(close, 1), 20), 20), 120)
[execution_aware] iter 37/50 [OK ] reward=  1.3559  decay_linear(cs_rank(-1 * stddev(delta(close, 1), 20)), 240)
[execution_aware] iter 38/50 [ERR] reward=    -inf  decay_linear(cs_rank(-1 * stddev(delta(close, 1), 20)), 360)
[execution_aware] iter 39/50 [OK ] reward=  1.3856  decay_linear(cs_rank(-1 * stddev(delta(close, 1), 20)), 120)
[execution_aware] iter 40/50 [OK ] reward=  1.3842  decay_linear(cs_rank(-1 * stddev(delta(close, 1), 20)), 180)
[execution_aware] iter 41/50 [OK ] reward=  1.3559  decay_linear(cs_rank(-1 * stddev(delta(close, 1), 20)), 240)
[execution_aware] iter 42/50 [ERR] reward=    -inf  decay_linear(cs_rank(-1 * stddev(delta(close, 1), 20)), 300)
[execution_aware] iter 43/50 [OK ] reward=  1.3856  decay_linear(cs_rank(-1 * stddev(delta(close, 1), 20)), 120)
[execution_aware] iter 44/50 [OK ] reward=  1.3559  decay_linear(rank(-1 * stddev(delta(close, 1), 20)), 240)
[execution_aware] iter 45/50 [OK ] reward=  1.3276  decay_linear(rank(-1 * stddev(delta(close, 1), 30)), 240)
[execution_aware] iter 46/50 [OK ] reward=  1.3559  decay_linear(rank(-1 * stddev(delta(close, 1), 20)), 240)
[execution_aware] iter 47/50 [OK ] reward=  1.3545  decay_linear(rank(-1 * stddev(delta(close, 1), 30)), 180)
[execution_aware] iter 48/50 [OK ] reward=  1.3559  decay_linear(rank(-1 * stddev(delta(close, 1), 20)), 240)
[execution_aware] iter 49/50 [OK ] reward= -0.5894  decay_linear(ts_rank(-1 * stddev(delta(close, 1), 20), 240), 120)
[execution_aware] iter 50/50 [OK ] reward=  1.3559  decay_linear(cs_rank(-1 * stddev(delta(close, 1), 20)), 240)
[wfo:execution_aware] fold 1 winner: decay_linear(rank(-1 * stddev(delta(close, 1), 20)), 120)
[wfo:execution_aware] fold 1 OOS: Gross_IR=1.111 Turnover=3.68 Net_IR=0.936
[wfo:execution_aware] fold 2: train 2003-01-01..2007-12-31 -> test 2008-01-01..2008-12-31
[execution_aware] iter  0/50 [SEED] reward=  0.5627  rank(-1 * stddev(delta(close, 1), 20))
[execution_aware] iter  1/50 [OK ] reward=  1.0834  decay_linear(rank(-1 * stddev(delta(close, 1), 20)), 252)
[execution_aware] iter  2/50 [ERR] reward=    -inf  decay_linear(rank(-1 * stddev(delta(close, 1), 20)), 500)
[execution_aware] iter  3/50 [OK ] reward=  1.0834  decay_linear(rank(-1 * stddev(delta(close, 1), 20)), 252)
[execution_aware] iter  4/50 [ERR] reward=    -inf  decay_linear(rank(-1 * stddev(delta(close, 1), 20)), 500)
[execution_aware] iter  5/50 [OK ] reward= -0.1833  decay_linear(ts_rank(-1 * stddev(delta(close, 1), 20), 252), 252)
[execution_aware] iter  6/50 [ERR] reward=    -inf  decay_linear(cs_rank(-1 * stddev(delta(close, 1), 20)), 504)
[execution_aware] iter  7/50 [OK ] reward=  1.0834  decay_linear(cs_rank(-1 * stddev(delta(close, 1), 20)), 252)
[execution_aware] iter  8/50 [ERR] reward=    -inf  decay_linear(cs_rank(-1 * stddev(delta(close, 1), 30)), 500)
[execution_aware] iter  9/50 [OK ] reward=  1.0834  decay_linear(cs_rank(-1 * stddev(delta(close, 1), 20)), 252)
[execution_aware] iter 10/50 [ERR] reward=    -inf  decay_linear(cs_rank(-1 * stddev(delta(close, 1), 20)), 500)
[execution_aware] iter 11/50 [OK ] reward=  1.0834  decay_linear(cs_rank(-1 * stddev(delta(close, 1), 20)), 252)
[execution_aware] iter 12/50 [ERR] reward=    -inf  decay_linear(cs_rank(-1 * stddev(delta(close, 1), 20)), 500)
[execution_aware] iter 13/50 [OK ] reward=  1.0834  decay_linear(cs_rank(-1 * stddev(delta(close, 1), 20)), 252)
[execution_aware] iter 14/50 [ERR] reward=    -inf  decay_linear(cs_rank(-1 * stddev(delta(close, 1), 20)), 500)
[execution_aware] iter 15/50 [OK ] reward=  1.0834  decay_linear(cs_rank(-1 * stddev(delta(close, 1), 20)), 252)
[execution_aware] iter 16/50 [ERR] reward=    -inf  decay_linear(cs_rank(-1 * stddev(delta(close, 1), 20)), 500)
[execution_aware] iter 17/50 [OK ] reward=  1.0834  decay_linear(cs_rank(-1 * stddev(delta(close, 1), 20)), 252)
[execution_aware] iter 18/50 [ERR] reward=    -inf  decay_linear(cs_rank(-1 * stddev(delta(close, 1), 20)), 500)
[execution_aware] iter 19/50 [OK ] reward= -0.7632  decay_linear(ts_rank(-1 * stddev(delta(close, 1), 20), 20), 252)
[execution_aware] iter 20/50 [ERR] reward=    -inf  decay_linear(ts_rank(-1 * stddev(delta(close, 1), 20), 20), 500)
[execution_aware] iter 21/50 [OK ] reward=  1.0834  decay_linear(cs_rank(-1 * stddev(delta(close, 1), 20)), 252)
[execution_aware] iter 22/50 [ERR] reward=    -inf  decay_linear(cs_rank(-1 * stddev(delta(close, 1), 20)), 504)
[execution_aware] iter 23/50 [OK ] reward=  1.0834  decay_linear(cs_rank(-1 * stddev(delta(close, 1), 20)), 252)
[execution_aware] iter 24/50 [ERR] reward=    -inf  decay_linear(cs_rank(-1 * stddev(delta(close, 1), 20)), 500)
[execution_aware] iter 25/50 [OK ] reward=  1.0834  decay_linear(cs_rank(-1 * stddev(delta(close, 1), 20)), 252)
[execution_aware] iter 26/50 [ERR] reward=    -inf  decay_linear(cs_rank(-1 * stddev(delta(close, 1), 20)), 500)
[execution_aware] iter 27/50 [OK ] reward=  1.0834  decay_linear(cs_rank(-1 * stddev(delta(close, 1), 20)), 252)
[execution_aware] iter 28/50 [ERR] reward=    -inf  decay_linear(cs_rank(-1 * stddev(delta(close, 1), 20)), 500)
[execution_aware] iter 29/50 [OK ] reward=  1.0834  decay_linear(cs_rank(-1 * stddev(delta(close, 1), 20)), 252)
[execution_aware] iter 30/50 [ERR] reward=    -inf  decay_linear(cs_rank(-1 * stddev(delta(close, 1), 20)), 500)
[execution_aware] iter 31/50 [OK ] reward=  1.0834  decay_linear(cs_rank(-1 * stddev(delta(close, 1), 20)), 252)
[execution_aware] iter 32/50 [ERR] reward=    -inf  decay_linear(cs_rank(-1 * stddev(delta(close, 1), 20)), 500)
[execution_aware] iter 33/50 [OK ] reward=  1.0834  decay_linear(cs_rank(-1 * stddev(delta(close, 1), 20)), 252)
[execution_aware] iter 34/50 [ERR] reward=    -inf  decay_linear(cs_rank(-1 * stddev(delta(close, 1), 20)), 500)
[execution_aware] iter 35/50 [OK ] reward=  1.0834  decay_linear(cs_rank(-1 * stddev(delta(close, 1), 20)), 252)
[execution_aware] iter 36/50 [ERR] reward=    -inf  decay_linear(cs_rank(-1 * stddev(delta(close, 1), 20)), 500)
[execution_aware] iter 37/50 [OK ] reward=  1.0834  decay_linear(cs_rank(-1 * stddev(delta(close, 1), 20)), 252)
[execution_aware] iter 38/50 [ERR] reward=    -inf  decay_linear(cs_rank(-1 * stddev(delta(close, 1), 20)), 500)
[execution_aware] iter 39/50 [OK ] reward=  1.0834  decay_linear(cs_rank(-1 * stddev(delta(close, 1), 20)), 252)
[execution_aware] iter 40/50 [ERR] reward=    -inf  decay_linear(rank(-1 * stddev(delta(close, 1), 20)), 500)
[execution_aware] iter 41/50 [OK ] reward= -0.7066  decay_linear(cs_rank(-1 * zscore(stddev(delta(close, 1), 20), 20)), 252)
[execution_aware] iter 42/50 [ERR] reward=    -inf  decay_linear(cs_rank(-1 * stddev(delta(close, 1), 20)), 500)
[execution_aware] iter 43/50 [OK ] reward=  1.0834  decay_linear(cs_rank(-1 * stddev(delta(close, 1), 20)), 252)
[execution_aware] iter 44/50 [ERR] reward=    -inf  decay_linear(cs_rank(-1 * stddev(delta(close, 1), 20)), 500)
[execution_aware] iter 45/50 [OK ] reward=  1.0834  decay_linear(cs_rank(-1 * stddev(delta(close, 1), 20)), 252)
[execution_aware] iter 46/50 [ERR] reward=    -inf  decay_linear(cs_rank(-1 * stddev(delta(close, 1), 20)), 500)
[execution_aware] iter 47/50 [OK ] reward=  1.0834  decay_linear(cs_rank(-1 * stddev(delta(close, 1), 20)), 252)
[execution_aware] iter 48/50 [ERR] reward=    -inf  decay_linear(cs_rank(-1 * stddev(delta(close, 1), 20)), 500)
[execution_aware] iter 49/50 [OK ] reward=  1.0834  decay_linear(cs_rank(-1 * stddev(delta(close, 1), 20)), 252)
[execution_aware] iter 50/50 [ERR] reward=    -inf  decay_linear(cs_rank(-1 * stddev(delta(close, 1), 20)), 500)
[wfo:execution_aware] fold 2 winner: decay_linear(rank(-1 * stddev(delta(close, 1), 20)), 252)
[wfo:execution_aware] fold 2 OOS: Gross_IR=1.019 Turnover=6.46 Net_IR=0.882
[wfo:execution_aware] fold 3: train 2004-01-01..2008-12-31 -> test 2009-01-01..2009-12-31
[execution_aware] iter  0/50 [SEED] reward=  0.0534  rank(-1 * stddev(delta(close, 1), 20))
[execution_aware] iter  1/50 [OK ] reward=  0.6740  decay_linear(rank(-1 * stddev(delta(close, 1), 20)), 126)
[execution_aware] iter  2/50 [OK ] reward=  0.7089  decay_linear(rank(-1 * stddev(delta(close, 1), 20)), 252)
[execution_aware] iter  3/50 [ERR] reward=    -inf  decay_linear(rank(-1 * stddev(delta(close, 1), 20)), 500)
[execution_aware] iter  4/50 [OK ] reward=  0.7089  decay_linear(cs_rank(-1 * stddev(delta(close, 1), 20)), 252)
[execution_aware] iter  5/50 [ERR] reward=    -inf  decay_linear(cs_rank(-1 * stddev(delta(close, 1), 20)), 504)
[execution_aware] iter  6/50 [OK ] reward=  0.7089  decay_linear(cs_rank(-1 * stddev(delta(close, 1), 20)), 252)
[execution_aware] iter  7/50 [ERR] reward=    -inf  decay_linear(cs_rank(-1 * stddev(delta(close, 1), 40)), 500)
[execution_aware] iter  8/50 [OK ] reward=  0.7206  decay_linear(cs_rank(-1 * stddev(delta(close, 1), 40)), 252)
[execution_aware] iter  9/50 [ERR] reward=    -inf  decay_linear(cs_rank(-1 * stddev(delta(close, 1), 80)), 500)
[execution_aware] iter 10/50 [OK ] reward=  0.7223  decay_linear(cs_rank(-1 * stddev(delta(close, 1), 80)), 252)
[execution_aware] iter 11/50 [ERR] reward=    -inf  decay_linear(cs_rank(-1 * stddev(delta(close, 1), 80)), 500)
[execution_aware] iter 12/50 [OK ] reward=  0.6987  decay_linear(cs_rank(-1 * stddev(delta(close, 1), 80)), 200)
[execution_aware] iter 13/50 [ERR] reward=    -inf  decay_linear(cs_rank(-1 * stddev(delta(close, 1), 80)), 500)
[execution_aware] iter 14/50 [OK ] reward=  0.7223  decay_linear(cs_rank(-1 * stddev(delta(close, 1), 80)), 252)
[execution_aware] iter 15/50 [ERR] reward=    -inf  decay_linear(cs_rank(-1 * stddev(delta(close, 1), 80)), 500)
[execution_aware] iter 16/50 [OK ] reward=  0.7469  decay_linear(cs_rank(-1 * stddev(delta(close, 1), 120)), 252)
[execution_aware] iter 17/50 [ERR] reward=    -inf  decay_linear(cs_rank(-1 * stddev(delta(close, 1), 120)), 500)
[execution_aware] iter 18/50 [OK ] reward=  0.7469  decay_linear(cs_rank(-1 * stddev(delta(close, 1), 120)), 252)
[execution_aware] iter 19/50 [ERR] reward=    -inf  decay_linear(cs_rank(-1 * stddev(delta(close, 1), 120)), 500)
[execution_aware] iter 20/50 [OK ] reward=  0.7469  decay_linear(cs_rank(-1 * stddev(delta(close, 1), 120)), 252)
[execution_aware] iter 21/50 [ERR] reward=    -inf  decay_linear(cs_rank(-1 * stddev(delta(close, 1), 120)), 500)
[execution_aware] iter 22/50 [OK ] reward=  0.7469  decay_linear(cs_rank(-1 * stddev(delta(close, 1), 120)), 252)
[execution_aware] iter 23/50 [ERR] reward=    -inf  decay_linear(cs_rank(-1 * stddev(delta(close, 1), 120)), 500)
[execution_aware] iter 24/50 [OK ] reward=  0.7469  decay_linear(cs_rank(-1 * stddev(delta(close, 1), 120)), 252)
[execution_aware] iter 25/50 [ERR] reward=    -inf  decay_linear(cs_rank(-1 * stddev(delta(close, 1), 120)), 504)
[execution_aware] iter 26/50 [OK ] reward=  0.6904  decay_linear(cs_rank(-1 * stddev(delta(close, 1), 120)), 120)
[execution_aware] iter 27/50 [ERR] reward=    -inf  decay_linear(cs_rank(-1 * stddev(delta(close, 1), 120)), 500)
[execution_aware] iter 28/50 [OK ] reward=  0.7469  decay_linear(cs_rank(-1 * stddev(delta(close, 1), 120)), 252)
[execution_aware] iter 29/50 [ERR] reward=    -inf  decay_linear(cs_rank(-1 * stddev(delta(close, 1), 120)), 500)
[execution_aware] iter 30/50 [OK ] reward=  0.7469  decay_linear(cs_rank(-1 * stddev(delta(close, 1), 120)), 252)
[execution_aware] iter 31/50 [ERR] reward=    -inf  decay_linear(cs_rank(-1 * stddev(delta(close, 1), 120)), 504)
[execution_aware] iter 32/50 [OK ] reward=  0.6904  decay_linear(cs_rank(-1 * stddev(delta(close, 1), 120)), 120)
[execution_aware] iter 33/50 [ERR] reward=    -inf  decay_linear(cs_rank(-1 * stddev(delta(close, 1), 120)), 500)
[execution_aware] iter 34/50 [OK ] reward=  0.7469  decay_linear(cs_rank(-1 * stddev(delta(close, 1), 120)), 252)
[execution_aware] iter 35/50 [ERR] reward=    -inf  decay_linear(cs_rank(-1 * stddev(delta(close, 1), 120)), 500)
[execution_aware] iter 36/50 [OK ] reward=  0.7469  decay_linear(cs_rank(-1 * stddev(delta(close, 1), 120)), 252)
[execution_aware] iter 37/50 [ERR] reward=    -inf  decay_linear(cs_rank(-1 * stddev(delta(close, 1), 120)), 504)
[execution_aware] iter 38/50 [OK ] reward=  0.7469  decay_linear(cs_rank(-1 * stddev(delta(close, 1), 120)), 252)
[execution_aware] iter 39/50 [ERR] reward=    -inf  decay_linear(cs_rank(-1 * stddev(delta(close, 1), 120)), 500)
[execution_aware] iter 40/50 [OK ] reward=  0.7847  decay_linear(cs_rank(-1 * stddev(delta(close, 1), 180)), 252)
[execution_aware] iter 41/50 [ERR] reward=    -inf  decay_linear(cs_rank(-1 * stddev(delta(close, 1), 180)), 500)
[execution_aware] iter 42/50 [OK ] reward=  0.7787  decay_linear(cs_rank(-1 * stddev(delta(close, 1), 180)), 240)
[execution_aware] iter 43/50 [ERR] reward=    -inf  decay_linear(cs_rank(-1 * stddev(delta(close, 1), 180)), 500)
[execution_aware] iter 44/50 [OK ] reward=  0.7941  decay_linear(cs_rank(-1 * stddev(delta(close, 1), 200)), 252)
[execution_aware] iter 45/50 [ERR] reward=    -inf  decay_linear(cs_rank(-1 * stddev(delta(close, 1), 200)), 500)
[execution_aware] iter 46/50 [OK ] reward=  0.7847  decay_linear(cs_rank(-1 * stddev(delta(close, 1), 180)), 252)
[execution_aware] iter 47/50 [ERR] reward=    -inf  decay_linear(cs_rank(-1 * stddev(delta(close, 1), 200)), 500)
[execution_aware] iter 48/50 [OK ] reward=  0.7941  decay_linear(cs_rank(-1 * stddev(delta(close, 1), 200)), 252)
[execution_aware] iter 49/50 [ERR] reward=    -inf  decay_linear(cs_rank(-1 * stddev(delta(close, 1), 200)), 500)
[execution_aware] iter 50/50 [OK ] reward=  0.7941  decay_linear(cs_rank(-1 * stddev(delta(close, 1), 200)), 252)
[wfo:execution_aware] fold 3 winner: decay_linear(cs_rank(-1 * stddev(delta(close, 1), 200)), 252)
[wfo:execution_aware] fold 3 OOS: Gross_IR=0.115 Turnover=4.93 Net_IR=-0.030
[wfo:execution_aware] fold 4: train 2005-01-01..2009-12-31 -> test 2010-01-01..2010-12-31
[execution_aware] iter  0/50 [SEED] reward= -0.0770  rank(-1 * stddev(delta(close, 1), 20))
[execution_aware] iter  1/50 [OK ] reward=  0.5020  decay_linear(rank(-1 * stddev(delta(close, 1), 20)), 100)
[execution_aware] iter  2/50 [OK ] reward=  0.4927  decay_linear(rank(-1 * stddev(delta(close, 1), 20)), 200)
[execution_aware] iter  3/50 [ERR] reward=    -inf  decay_linear(cs_rank(-1 * stddev(delta(close, 1), 20)), 300)
[execution_aware] iter  4/50 [OK ] reward=  0.5020  decay_linear(cs_rank(-1 * stddev(delta(close, 1), 20)), 100)
[execution_aware] iter  5/50 [OK ] reward=  0.4927  decay_linear(cs_rank(-1 * stddev(delta(close, 1), 20)), 200)
[execution_aware] iter  6/50 [ERR] reward=    -inf  decay_linear(cs_rank(-1 * stddev(delta(close, 1), 20)), 300)
[execution_aware] iter  7/50 [OK ] reward= -0.3015  decay_linear(ts_rank(-1 * stddev(delta(close, 1), 20), 200), 100)
[execution_aware] iter  8/50 [OK ] reward= -0.1757  decay_linear(ts_rank(-1 * stddev(delta(close, 1), 20), 252), 200)
[execution_aware] iter  9/50 [OK ] reward=  0.4927  decay_linear(cs_rank(-1 * stddev(delta(close, 1), 20)), 200)
[execution_aware] iter 10/50 [OK ] reward=  0.4917  decay_linear(cs_rank(-1 * stddev(delta(close, 1), 20)), 250)
[execution_aware] iter 11/50 [ERR] reward=    -inf  decay_linear(cs_rank(-1 * stddev(delta(close, 1), 20)), 500)
[execution_aware] iter 12/50 [OK ] reward=  0.5020  decay_linear(cs_rank(-1 * stddev(delta(close, 1), 20)), 100)
[execution_aware] iter 13/50 [OK ] reward=  0.4935  decay_linear(cs_rank(-1 * stddev(delta(close, 1), 30)), 200)
[execution_aware] iter 14/50 [OK ] reward=  0.4917  decay_linear(cs_rank(-1 * stddev(delta(close, 1), 20)), 250)
[execution_aware] iter 15/50 [ERR] reward=    -inf  decay_linear(cs_rank(-1 * stddev(delta(close, 1), 20)), 300)
[execution_aware] iter 16/50 [OK ] reward=  0.5020  decay_linear(cs_rank(-1 * stddev(delta(close, 1), 20)), 100)
[execution_aware] iter 17/50 [OK ] reward=  0.4927  decay_linear(rank(-1 * stddev(delta(close, 1), 20)), 200)
[execution_aware] iter 18/50 [ERR] reward=    -inf  decay_linear(rank(-1 * stddev(delta(close, 1), 20)), 500)
[execution_aware] iter 19/50 [OK ] reward=  0.4927  decay_linear(rank(-1 * stddev(delta(close, 1), 20)), 200)
[execution_aware] iter 20/50 [ERR] reward=    -inf  decay_linear(rank(-1 * stddev(delta(close, 1), 20)), 300)
[execution_aware] iter 21/50 [OK ] reward=  0.5002  decay_linear(rank(-1 * stddev(delta(close, 1), 20)), 120)
[execution_aware] iter 22/50 [OK ] reward=  0.4979  decay_linear(rank(-1 * stddev(delta(close, 1), 20)), 150)
[execution_aware] iter 23/50 [OK ] reward=  0.4927  decay_linear(rank(-1 * stddev(delta(close, 1), 20)), 200)
[execution_aware] iter 24/50 [ERR] reward=    -inf  decay_linear(rank(-1 * stddev(delta(close, 1), 20)), 500)
[execution_aware] iter 25/50 [OK ] reward=  0.5020  decay_linear(rank(-1 * stddev(delta(close, 1), 20)), 100)
[execution_aware] iter 26/50 [OK ] reward=  0.4927  decay_linear(rank(-1 * stddev(delta(close, 1), 20)), 200)
[execution_aware] iter 27/50 [OK ] reward= -0.2006  decay_linear(ts_rank(-1 * stddev(delta(close, 1), 20), 200), 200)
[execution_aware] iter 28/50 [OK ] reward=  0.4927  decay_linear(rank(-1 * stddev(delta(close, 1), 20)), 200)
[execution_aware] iter 29/50 [ERR] reward=    -inf  decay_linear(rank(-1 * stddev(delta(close, 1), 20)), 300)
[execution_aware] iter 30/50 [OK ] reward=  0.4927  decay_linear(rank(-1 * stddev(delta(close, 1), 20)), 200)
[execution_aware] iter 31/50 [ERR] reward=    -inf  decay_linear(rank(-1 * stddev(delta(close, 1), 20)), 500)
[execution_aware] iter 32/50 [OK ] reward= -0.2847  decay_linear(ts_rank(-1 * stddev(delta(close, 1), 20), 100), 100)
[execution_aware] iter 33/50 [OK ] reward=  0.4927  decay_linear(cs_rank(-1 * stddev(delta(close, 1), 20)), 200)
[execution_aware] iter 34/50 [ERR] reward=    -inf  decay_linear(cs_rank(-1 * stddev(delta(close, 1), 20)), 300)
[execution_aware] iter 35/50 [OK ] reward=  0.5020  decay_linear(cs_rank(-1 * stddev(delta(close, 1), 20)), 100)
[execution_aware] iter 36/50 [OK ] reward=  0.4927  decay_linear(cs_rank(-1 * stddev(delta(close, 1), 20)), 200)
[execution_aware] iter 37/50 [ERR] reward=    -inf  decay_linear(cs_rank(-1 * stddev(delta(close, 1), 20)), 500)
[execution_aware] iter 38/50 [OK ] reward=  0.5020  decay_linear(cs_rank(-1 * stddev(delta(close, 1), 20)), 100)
[execution_aware] iter 39/50 [OK ] reward=  0.4935  decay_linear(cs_rank(-1 * stddev(delta(close, 1), 30)), 200)
[execution_aware] iter 40/50 [OK ] reward=  0.4916  decay_linear(cs_rank(-1 * stddev(delta(close, 1), 20)), 252)
[execution_aware] iter 41/50 [OK ] reward=  0.4927  decay_linear(cs_rank(-1 * stddev(delta(close, 1), 20)), 200)
[execution_aware] iter 42/50 [ERR] reward=    -inf  decay_linear(cs_rank(-1 * stddev(delta(close, 1), 20)), 500)
[execution_aware] iter 43/50 [OK ] reward=  0.5020  decay_linear(cs_rank(-1 * stddev(delta(close, 1), 20)), 100)
[execution_aware] iter 44/50 [OK ] reward=  0.4927  decay_linear(cs_rank(-1 * stddev(delta(close, 1), 20)), 200)
[execution_aware] iter 45/50 [ERR] reward=    -inf  decay_linear(cs_rank(-1 * stddev(delta(close, 1), 20)), 300)
[execution_aware] iter 46/50 [OK ] reward=  0.5020  decay_linear(cs_rank(-1 * stddev(delta(close, 1), 20)), 100)
[execution_aware] iter 47/50 [OK ] reward=  0.4927  decay_linear(cs_rank(-1 * stddev(delta(close, 1), 20)), 200)
[execution_aware] iter 48/50 [OK ] reward=  0.4917  decay_linear(cs_rank(-1 * stddev(delta(close, 1), 20)), 250)
[execution_aware] iter 49/50 [ERR] reward=    -inf  decay_linear(cs_rank(-1 * stddev(delta(close, 1), 20)), 500)
[execution_aware] iter 50/50 [OK ] reward=  0.5020  decay_linear(cs_rank(-1 * stddev(delta(close, 1), 20)), 100)
[wfo:execution_aware] fold 4 winner: decay_linear(rank(-1 * stddev(delta(close, 1), 20)), 100)
[wfo:execution_aware] fold 4 OOS: Gross_IR=-0.440 Turnover=3.64 Net_IR=-0.599
[wfo:execution_aware] fold 5: train 2006-01-01..2010-12-31 -> test 2011-01-01..2011-12-31
[execution_aware] iter  0/50 [SEED] reward= -0.0639  rank(-1 * stddev(delta(close, 1), 20))
[execution_aware] iter  1/50 [OK ] reward=  0.4358  decay_linear(rank(-1 * stddev(delta(close, 1), 20)), 120)
[execution_aware] iter  2/50 [OK ] reward=  0.4118  decay_linear(rank(-1 * stddev(delta(close, 1), 20)), 240)
[execution_aware] iter  3/50 [ERR] reward=    -inf  decay_linear(rank(-1 * stddev(delta(close, 1), 20)), 360)
[execution_aware] iter  4/50 [OK ] reward=  0.4358  decay_linear(cs_rank(-1 * stddev(delta(close, 1), 20)), 120)
[execution_aware] iter  5/50 [OK ] reward=  0.4118  decay_linear(cs_rank(-1 * stddev(delta(close, 1), 20)), 240)
[execution_aware] iter  6/50 [ERR] reward=    -inf  decay_linear(cs_rank(-1 * stddev(delta(close, 1), 20)), 360)
[execution_aware] iter  7/50 [OK ] reward=  0.4358  decay_linear(cs_rank(-1 * stddev(delta(close, 1), 20)), 120)
[execution_aware] iter  8/50 [OK ] reward=  0.4118  decay_linear(cs_rank(-1 * stddev(delta(close, 1), 20)), 240)
[execution_aware] iter  9/50 [ERR] reward=    -inf  decay_linear(cs_rank(-1 * stddev(delta(close, 1), 20)), 300)
[execution_aware] iter 10/50 [OK ] reward=  0.4358  decay_linear(cs_rank(-1 * stddev(delta(close, 1), 20)), 120)
[execution_aware] iter 11/50 [OK ] reward=  0.4118  decay_linear(cs_rank(-1 * stddev(delta(close, 1), 20)), 240)
[execution_aware] iter 12/50 [ERR] reward=    -inf  decay_linear(cs_rank(-1 * stddev(delta(close, 1), 20)), 360)
[execution_aware] iter 13/50 [OK ] reward=  0.4358  decay_linear(cs_rank(-1 * stddev(delta(close, 1), 20)), 120)
[execution_aware] iter 14/50 [OK ] reward=  0.4118  decay_linear(cs_rank(-1 * stddev(delta(close, 1), 20)), 240)
[execution_aware] iter 15/50 [ERR] reward=    -inf  decay_linear(cs_rank(-1 * stddev(delta(close, 1), 20)), 360)
[execution_aware] iter 16/50 [OK ] reward=  0.4358  decay_linear(cs_rank(-1 * stddev(delta(close, 1), 20)), 120)
[execution_aware] iter 17/50 [OK ] reward=  0.4118  decay_linear(cs_rank(-1 * stddev(delta(close, 1), 20)), 240)
[execution_aware] iter 18/50 [ERR] reward=    -inf  decay_linear(cs_rank(-1 * stddev(delta(close, 1), 20)), 480)
[execution_aware] iter 19/50 [OK ] reward=  0.4358  decay_linear(cs_rank(-1 * stddev(delta(close, 1), 20)), 120)
[execution_aware] iter 20/50 [OK ] reward=  0.4118  decay_linear(cs_rank(-1 * stddev(delta(close, 1), 20)), 240)
[execution_aware] iter 21/50 [ERR] reward=    -inf  decay_linear(cs_rank(-1 * stddev(delta(close, 1), 20)), 360)
[execution_aware] iter 22/50 [OK ] reward=  0.4358  decay_linear(cs_rank(-1 * stddev(delta(close, 1), 20)), 120)
[execution_aware] iter 23/50 [OK ] reward=  0.4118  decay_linear(cs_rank(-1 * stddev(delta(close, 1), 20)), 240)
[execution_aware] iter 24/50 [ERR] reward=    -inf  decay_linear(cs_rank(-1 * stddev(delta(close, 1), 20)), 300)
[execution_aware] iter 25/50 [OK ] reward=  0.4358  decay_linear(cs_rank(-1 * stddev(delta(close, 1), 20)), 120)
[execution_aware] iter 26/50 [OK ] reward=  0.4026  decay_linear(cs_rank(-1 * stddev(delta(close, 1), 40)), 240)
[execution_aware] iter 27/50 [ERR] reward=    -inf  decay_linear(cs_rank(-1 * stddev(delta(close, 1), 40)), 360)
[execution_aware] iter 28/50 [OK ] reward=  0.4358  decay_linear(cs_rank(-1 * stddev(delta(close, 1), 20)), 120)
[execution_aware] iter 29/50 [OK ] reward=  0.4118  decay_linear(cs_rank(-1 * stddev(delta(close, 1), 20)), 240)
[execution_aware] iter 30/50 [OK ] reward=  0.4118  decay_linear(cs_rank(-1 * stddev(delta(close, 1), 20)), 240)
[execution_aware] iter 31/50 [ERR] reward=    -inf  decay_linear(cs_rank(-1 * stddev(delta(close, 1), 20)), 360)
[execution_aware] iter 32/50 [OK ] reward=  0.4358  decay_linear(cs_rank(-1 * stddev(delta(close, 1), 20)), 120)
[execution_aware] iter 33/50 [OK ] reward=  0.4118  decay_linear(cs_rank(-1 * stddev(delta(close, 1), 20)), 240)
[execution_aware] iter 34/50 [ERR] reward=    -inf  decay_linear(cs_rank(-1 * stddev(delta(close, 1), 20)), 300)
[execution_aware] iter 35/50 [OK ] reward=  0.4358  decay_linear(cs_rank(-1 * stddev(delta(close, 1), 20)), 120)
[execution_aware] iter 36/50 [OK ] reward=  0.4118  decay_linear(cs_rank(-1 * stddev(delta(close, 1), 20)), 240)
[execution_aware] iter 37/50 [ERR] reward=    -inf  decay_linear(cs_rank(-1 * stddev(delta(close, 1), 20)), 360)
[execution_aware] iter 38/50 [OK ] reward= -0.0524  decay_linear(ts_rank(-1 * stddev(delta(close, 1), 20), 120), 120)
[execution_aware] iter 39/50 [OK ] reward=  0.4118  decay_linear(cs_rank(-1 * stddev(delta(close, 1), 20)), 240)
[execution_aware] iter 40/50 [ERR] reward=    -inf  decay_linear(cs_rank(-1 * stddev(delta(close, 1), 20)), 480)
[execution_aware] iter 41/50 [OK ] reward=  0.4358  decay_linear(cs_rank(-1 * stddev(delta(close, 1), 20)), 120)
[execution_aware] iter 42/50 [OK ] reward=  0.4118  decay_linear(cs_rank(-1 * stddev(delta(close, 1), 20)), 240)
[execution_aware] iter 43/50 [OK ] reward= -0.0342  decay_linear(ts_rank(-1 * stddev(delta(close, 1), 20), 120), 240)
[execution_aware] iter 44/50 [OK ] reward=  0.4118  decay_linear(rank(-1 * stddev(delta(close, 1), 20)), 240)
[execution_aware] iter 45/50 [ERR] reward=    -inf  decay_linear(rank(-1 * stddev(delta(close, 1), 20)), 360)
[execution_aware] iter 46/50 [OK ] reward=  0.4358  decay_linear(cs_rank(-1 * stddev(delta(close, 1), 20)), 120)
[execution_aware] iter 47/50 [OK ] reward=  0.4118  decay_linear(cs_rank(-1 * stddev(delta(close, 1), 20)), 240)
[execution_aware] iter 48/50 [ERR] reward=    -inf  decay_linear(cs_rank(-1 * stddev(delta(close, 1), 20)), 360)
[execution_aware] iter 49/50 [OK ] reward=  0.4358  decay_linear(cs_rank(-1 * stddev(delta(close, 1), 20)), 120)
[execution_aware] iter 50/50 [OK ] reward=  0.4118  decay_linear(cs_rank(-1 * stddev(delta(close, 1), 20)), 240)
[wfo:execution_aware] fold 5 winner: decay_linear(rank(-1 * stddev(delta(close, 1), 20)), 120)
[wfo:execution_aware] fold 5 OOS: Gross_IR=0.788 Turnover=3.64 Net_IR=0.638
[wfo:execution_aware] fold 6: train 2007-01-01..2011-12-31 -> test 2012-01-01..2012-12-31
[execution_aware] iter  0/50 [SEED] reward= -0.1067  rank(-1 * stddev(delta(close, 1), 20))
[execution_aware] iter  1/50 [OK ] reward=  0.3701  decay_linear(rank(-1 * stddev(delta(close, 1), 20)), 252)
[execution_aware] iter  2/50 [ERR] reward=    -inf  decay_linear(rank(-1 * stddev(delta(close, 1), 20)), 500)
[execution_aware] iter  3/50 [OK ] reward= -0.3530  decay_linear(cs_rank(-1 * zscore(stddev(delta(close, 1), 20), 20)), 252)
[execution_aware] iter  4/50 [ERR] reward=    -inf  decay_linear(rank(-1 * stddev(delta(close, 1), 20)), 500)
[execution_aware] iter  5/50 [OK ] reward=  0.3701  decay_linear(cs_rank(-1 * stddev(delta(close, 1), 20)), 252)
[execution_aware] iter  6/50 [ERR] reward=    -inf  decay_linear(cs_rank(-1 * stddev(delta(close, 1), 20)), 500)
[execution_aware] iter  7/50 [OK ] reward=  0.3701  decay_linear(cs_rank(-1 * stddev(delta(close, 1), 20)), 252)
[execution_aware] iter  8/50 [ERR] reward=    -inf  decay_linear(cs_rank(-1 * stddev(delta(close, 1), 20)), 500)
[execution_aware] iter  9/50 [OK ] reward=  0.3701  decay_linear(cs_rank(-1 * stddev(delta(close, 1), 20)), 252)
[execution_aware] iter 10/50 [ERR] reward=    -inf  decay_linear(cs_rank(-1 * stddev(delta(close, 1), 20)), 500)
[execution_aware] iter 11/50 [OK ] reward=  0.3701  decay_linear(cs_rank(-1 * stddev(delta(close, 1), 20)), 252)
[execution_aware] iter 12/50 [ERR] reward=    -inf  decay_linear(cs_rank(-1 * stddev(delta(close, 1), 20)), 504)
[execution_aware] iter 13/50 [OK ] reward=  0.3701  decay_linear(cs_rank(-1 * stddev(delta(close, 1), 20)), 252)
[execution_aware] iter 14/50 [ERR] reward=    -inf  decay_linear(cs_rank(-1 * stddev(delta(close, 1), 20)), 500)
[execution_aware] iter 15/50 [OK ] reward=  0.3701  decay_linear(cs_rank(-1 * stddev(delta(close, 1), 20)), 252)
[execution_aware] iter 16/50 [ERR] reward=    -inf  decay_linear(cs_rank(-1 * stddev(delta(close, 1), 20)), 500)
[execution_aware] iter 17/50 [OK ] reward=  0.3701  decay_linear(cs_rank(-1 * stddev(delta(close, 1), 20)), 252)
[execution_aware] iter 18/50 [ERR] reward=    -inf  decay_linear(cs_rank(-1 * stddev(delta(close, 1), 20)), 500)
[execution_aware] iter 19/50 [OK ] reward=  0.3701  decay_linear(cs_rank(-1 * stddev(delta(close, 1), 20)), 252)
[execution_aware] iter 20/50 [ERR] reward=    -inf  decay_linear(cs_rank(-1 * stddev(delta(close, 1), 20)), 504)
[execution_aware] iter 21/50 [OK ] reward=  0.3701  decay_linear(cs_rank(-1 * stddev(delta(close, 1), 20)), 252)
[execution_aware] iter 22/50 [ERR] reward=    -inf  decay_linear(cs_rank(-1 * stddev(delta(close, 1), 20)), 500)
[execution_aware] iter 23/50 [OK ] reward=  0.3701  decay_linear(cs_rank(-1 * stddev(delta(close, 1), 20)), 252)
[execution_aware] iter 24/50 [ERR] reward=    -inf  decay_linear(cs_rank(-1 * stddev(delta(close, 1), 20)), 500)
[execution_aware] iter 25/50 [OK ] reward=  0.3701  decay_linear(cs_rank(-1 * stddev(delta(close, 1), 20)), 252)
[execution_aware] iter 26/50 [ERR] reward=    -inf  decay_linear(cs_rank(-1 * stddev(delta(close, 1), 20)), 500)
[execution_aware] iter 27/50 [OK ] reward=  0.3701  decay_linear(cs_rank(-1 * stddev(delta(close, 1), 20)), 252)
[execution_aware] iter 28/50 [ERR] reward=    -inf  decay_linear(cs_rank(-1 * stddev(delta(close, 1), 20)), 500)
[execution_aware] iter 29/50 [OK ] reward=  0.3701  decay_linear(cs_rank(-1 * stddev(delta(close, 1), 20)), 252)
[execution_aware] iter 30/50 [ERR] reward=    -inf  decay_linear(cs_rank(-1 * stddev(delta(close, 1), 20)), 500)
[execution_aware] iter 31/50 [OK ] reward=  0.3701  decay_linear(cs_rank(-1 * stddev(delta(close, 1), 20)), 252)
[execution_aware] iter 32/50 [ERR] reward=    -inf  decay_linear(cs_rank(-1 * stddev(delta(close, 1), 20)), 500)
[execution_aware] iter 33/50 [OK ] reward=  0.3701  decay_linear(cs_rank(-1 * stddev(delta(close, 1), 20)), 252)
[execution_aware] iter 34/50 [ERR] reward=    -inf  decay_linear(cs_rank(-1 * stddev(delta(close, 1), 20)), 500)
[execution_aware] iter 35/50 [OK ] reward=  0.3701  decay_linear(cs_rank(-1 * stddev(delta(close, 1), 20)), 252)
[execution_aware] iter 36/50 [ERR] reward=    -inf  decay_linear(cs_rank(-1 * stddev(delta(close, 1), 20)), 500)
[execution_aware] iter 37/50 [OK ] reward=  0.3701  decay_linear(cs_rank(-1 * stddev(delta(close, 1), 20)), 252)
[execution_aware] iter 38/50 [ERR] reward=    -inf  decay_linear(cs_rank(-1 * stddev(delta(close, 1), 20)), 500)
[execution_aware] iter 39/50 [OK ] reward=  0.3701  decay_linear(cs_rank(-1 * stddev(delta(close, 1), 20)), 252)
[execution_aware] iter 40/50 [ERR] reward=    -inf  decay_linear(cs_rank(-1 * stddev(delta(close, 1), 20)), 500)
[execution_aware] iter 41/50 [OK ] reward=  0.3701  decay_linear(cs_rank(-1 * stddev(delta(close, 1), 20)), 252)
[execution_aware] iter 42/50 [ERR] reward=    -inf  decay_linear(cs_rank(-1 * stddev(delta(close, 1), 20)), 500)
[execution_aware] iter 43/50 [OK ] reward=  0.3701  decay_linear(cs_rank(-1 * stddev(delta(close, 1), 20)), 252)
[execution_aware] iter 44/50 [ERR] reward=    -inf  decay_linear(ts_rank(-1 * stddev(delta(close, 1), 20), 252), 504)
[execution_aware] iter 45/50 [OK ] reward=  0.3701  decay_linear(cs_rank(-1 * stddev(delta(close, 1), 20)), 252)
[execution_aware] iter 46/50 [ERR] reward=    -inf  decay_linear(cs_rank(-1 * stddev(delta(close, 1), 20)), 500)
[execution_aware] iter 47/50 [OK ] reward=  0.3701  decay_linear(cs_rank(-1 * stddev(delta(close, 1), 20)), 252)
[execution_aware] iter 48/50 [ERR] reward=    -inf  decay_linear(cs_rank(-1 * stddev(delta(close, 1), 20)), 500)
[execution_aware] iter 49/50 [OK ] reward=  0.3701  decay_linear(cs_rank(-1 * stddev(delta(close, 1), 20)), 252)
[execution_aware] iter 50/50 [ERR] reward=    -inf  decay_linear(cs_rank(-1 * stddev(delta(close, 1), 20)), 500)
[wfo:execution_aware] fold 6 winner: decay_linear(rank(-1 * stddev(delta(close, 1), 20)), 252)
[wfo:execution_aware] fold 6 OOS: Gross_IR=1.393 Turnover=3.11 Net_IR=1.243
[wfo:execution_aware] fold 7: train 2008-01-01..2012-12-31 -> test 2013-01-01..2013-12-31
[execution_aware] iter  0/50 [SEED] reward= -0.0619  rank(-1 * stddev(delta(close, 1), 20))
[execution_aware] iter  1/50 [OK ] reward=  0.4650  decay_linear(rank(-1 * stddev(delta(close, 1), 20)), 60)
[execution_aware] iter  2/50 [OK ] reward=  0.4579  decay_linear(cs_rank(-1 * stddev(delta(close, 1), 20)), 120)
[execution_aware] iter  3/50 [OK ] reward=  0.4354  decay_linear(cs_rank(-1 * stddev(delta(close, 1), 20)), 180)
[execution_aware] iter  4/50 [OK ] reward=  0.4225  decay_linear(cs_rank(-1 * stddev(delta(close, 1), 20)), 240)
[execution_aware] iter  5/50 [ERR] reward=    -inf  decay_linear(cs_rank(-1 * stddev(delta(close, 1), 20)), 480)
[execution_aware] iter  6/50 [OK ] reward=  0.4650  decay_linear(cs_rank(-1 * stddev(delta(close, 1), 20)), 60)
[execution_aware] iter  7/50 [OK ] reward=  0.4579  decay_linear(cs_rank(-1 * stddev(delta(close, 1), 20)), 120)
[execution_aware] iter  8/50 [OK ] reward=  0.4493  decay_linear(cs_rank(-1 * stddev(delta(close, 1), 20)), 150)
[execution_aware] iter  9/50 [OK ] reward=  0.4300  decay_linear(cs_rank(-1 * stddev(delta(close, 1), 20)), 200)
[execution_aware] iter 10/50 [ERR] reward=    -inf  decay_linear(cs_rank(-1 * stddev(delta(close, 1), 20)), 300)
[execution_aware] iter 11/50 [OK ] reward=  0.4650  decay_linear(cs_rank(-1 * stddev(delta(close, 1), 20)), 60)
[execution_aware] iter 12/50 [OK ] reward=  0.4482  decay_linear(cs_rank(-1 * stddev(delta(close, 1), 40)), 120)
[execution_aware] iter 13/50 [OK ] reward=  0.4579  decay_linear(cs_rank(-1 * stddev(delta(close, 1), 20)), 120)
[execution_aware] iter 14/50 [OK ] reward=  0.4225  decay_linear(cs_rank(-1 * stddev(delta(close, 1), 20)), 240)
[execution_aware] iter 15/50 [ERR] reward=    -inf  decay_linear(cs_rank(-1 * stddev(delta(close, 1), 20)), 360)
[execution_aware] iter 16/50 [OK ] reward=  0.4650  decay_linear(cs_rank(-1 * stddev(delta(close, 1), 20)), 60)
[execution_aware] iter 17/50 [OK ] reward=  0.4579  decay_linear(cs_rank(-1 * stddev(delta(close, 1), 20)), 120)
[execution_aware] iter 18/50 [OK ] reward=  0.4579  decay_linear(cs_rank(-1 * stddev(delta(close, 1), 20)), 120)
[execution_aware] iter 19/50 [OK ] reward=  0.4354  decay_linear(cs_rank(-1 * stddev(delta(close, 1), 20)), 180)
[execution_aware] iter 20/50 [OK ] reward=  0.4225  decay_linear(cs_rank(-1 * stddev(delta(close, 1), 20)), 240)
[execution_aware] iter 21/50 [OK ] reward= -0.1116  decay_linear(ts_rank(-1 * stddev(delta(close, 1), 20), 252), 120)
[execution_aware] iter 22/50 [OK ] reward=  0.4579  decay_linear(cs_rank(-1 * stddev(delta(close, 1), 20)), 120)
[execution_aware] iter 23/50 [OK ] reward=  0.4225  decay_linear(cs_rank(-1 * stddev(delta(close, 1), 20)), 240)
[execution_aware] iter 24/50 [ERR] reward=    -inf  decay_linear(cs_rank(-1 * stddev(delta(close, 1), 20)), 480)
[execution_aware] iter 25/50 [OK ] reward=  0.4650  decay_linear(cs_rank(-1 * stddev(delta(close, 1), 20)), 60)
[execution_aware] iter 26/50 [OK ] reward=  0.4579  decay_linear(cs_rank(-1 * stddev(delta(close, 1), 20)), 120)
[execution_aware] iter 27/50 [OK ] reward=  0.4579  decay_linear(cs_rank(-1 * stddev(delta(close, 1), 20)), 120)
[execution_aware] iter 28/50 [OK ] reward=  0.4354  decay_linear(cs_rank(-1 * stddev(delta(close, 1), 20)), 180)
[execution_aware] iter 29/50 [OK ] reward=  0.4225  decay_linear(cs_rank(-1 * stddev(delta(close, 1), 20)), 240)
[execution_aware] iter 30/50 [OK ] reward=  0.4650  decay_linear(cs_rank(-1 * stddev(delta(close, 1), 20)), 60)
[execution_aware] iter 31/50 [OK ] reward=  0.4579  decay_linear(cs_rank(-1 * stddev(delta(close, 1), 20)), 120)
[execution_aware] iter 32/50 [OK ] reward=  0.4354  decay_linear(cs_rank(-1 * stddev(delta(close, 1), 20)), 180)
[execution_aware] iter 33/50 [OK ] reward=  0.4225  decay_linear(cs_rank(-1 * stddev(delta(close, 1), 20)), 240)
[execution_aware] iter 34/50 [ERR] reward=    -inf  decay_linear(cs_rank(-1 * stddev(delta(close, 1), 20)), 480)
[execution_aware] iter 35/50 [OK ] reward=  0.4650  decay_linear(cs_rank(-1 * stddev(delta(close, 1), 20)), 60)
[execution_aware] iter 36/50 [OK ] reward=  0.4579  decay_linear(cs_rank(-1 * stddev(delta(close, 1), 20)), 120)
[execution_aware] iter 37/50 [OK ] reward=  0.4354  decay_linear(cs_rank(-1 * stddev(delta(close, 1), 20)), 180)
[execution_aware] iter 38/50 [OK ] reward=  0.4225  decay_linear(cs_rank(-1 * stddev(delta(close, 1), 20)), 240)
[execution_aware] iter 39/50 [ERR] reward=    -inf  decay_linear(cs_rank(-1 * stddev(delta(close, 1), 20)), 360)
[execution_aware] iter 40/50 [OK ] reward=  0.4650  decay_linear(cs_rank(-1 * stddev(delta(close, 1), 20)), 60)
[execution_aware] iter 41/50 [OK ] reward=  0.4579  decay_linear(cs_rank(-1 * stddev(delta(close, 1), 20)), 120)
[execution_aware] iter 42/50 [OK ] reward=  0.4354  decay_linear(cs_rank(-1 * stddev(delta(close, 1), 20)), 180)
[execution_aware] iter 43/50 [ERR] reward=    -inf  decay_linear(cs_rank(-1 * stddev(delta(close, 1), 20)), 360)
[execution_aware] iter 44/50 [OK ] reward=  0.4650  decay_linear(cs_rank(-1 * stddev(delta(close, 1), 20)), 60)
[execution_aware] iter 45/50 [OK ] reward=  0.4579  decay_linear(cs_rank(-1 * stddev(delta(close, 1), 20)), 120)
[execution_aware] iter 46/50 [OK ] reward=  0.4354  decay_linear(cs_rank(-1 * stddev(delta(close, 1), 20)), 180)
[execution_aware] iter 47/50 [OK ] reward=  0.4225  decay_linear(cs_rank(-1 * stddev(delta(close, 1), 20)), 240)
[execution_aware] iter 48/50 [ERR] reward=    -inf  decay_linear(cs_rank(-1 * stddev(delta(close, 1), 20)), 480)
[execution_aware] iter 49/50 [OK ] reward=  0.4650  decay_linear(cs_rank(-1 * stddev(delta(close, 1), 20)), 60)
[execution_aware] iter 50/50 [OK ] reward=  0.4579  decay_linear(cs_rank(-1 * stddev(delta(close, 1), 20)), 120)
[wfo:execution_aware] fold 7 winner: decay_linear(rank(-1 * stddev(delta(close, 1), 20)), 60)
[wfo:execution_aware] fold 7 OOS: Gross_IR=2.362 Turnover=4.37 Net_IR=2.057
[wfo:execution_aware] fold 8: train 2009-01-01..2013-12-31 -> test 2014-01-01..2014-12-31
[execution_aware] iter  0/50 [SEED] reward=  0.1923  rank(-1 * stddev(delta(close, 1), 20))
[execution_aware] iter  1/50 [OK ] reward=  0.5732  decay_linear(rank(-1 * stddev(delta(close, 1), 20)), 60)
[execution_aware] iter  2/50 [OK ] reward=  0.5515  decay_linear(rank(-1 * stddev(delta(close, 1), 20)), 120)
[execution_aware] iter  3/50 [OK ] reward=  0.5515  decay_linear(rank(-1 * stddev(delta(close, 1), 20)), 120)
[execution_aware] iter  4/50 [OK ] reward=  0.5177  decay_linear(rank(-1 * stddev(delta(close, 1), 20)), 180)
[execution_aware] iter  5/50 [ERR] reward=    -inf  decay_linear(rank(-1 * stddev(delta(close, 1), 20)), 300)
[execution_aware] iter  6/50 [OK ] reward=  0.5732  decay_linear(cs_rank(-1 * stddev(delta(close, 1), 20)), 60)
[execution_aware] iter  7/50 [OK ] reward=  0.5515  decay_linear(cs_rank(-1 * stddev(delta(close, 1), 20)), 120)
[execution_aware] iter  8/50 [OK ] reward=  0.5177  decay_linear(cs_rank(-1 * stddev(delta(close, 1), 20)), 180)
[execution_aware] iter  9/50 [ERR] reward=    -inf  decay_linear(cs_rank(-1 * stddev(delta(close, 1), 20)), 360)
[execution_aware] iter 10/50 [OK ] reward=  0.5732  decay_linear(cs_rank(-1 * stddev(delta(close, 1), 20)), 60)
[execution_aware] iter 11/50 [OK ] reward=  0.5515  decay_linear(cs_rank(-1 * stddev(delta(close, 1), 20)), 120)
[execution_aware] iter 12/50 [OK ] reward=  0.5177  decay_linear(cs_rank(-1 * stddev(delta(close, 1), 20)), 180)
[execution_aware] iter 13/50 [ERR] reward=    -inf  decay_linear(cs_rank(-1 * stddev(delta(close, 1), 20)), 360)
[execution_aware] iter 14/50 [OK ] reward=  0.5732  decay_linear(cs_rank(-1 * stddev(delta(close, 1), 20)), 60)
[execution_aware] iter 15/50 [OK ] reward=  0.5515  decay_linear(cs_rank(-1 * stddev(delta(close, 1), 20)), 120)
[execution_aware] iter 16/50 [OK ] reward=  0.5177  decay_linear(cs_rank(-1 * stddev(delta(close, 1), 20)), 180)
[execution_aware] iter 17/50 [OK ] reward=  0.5177  decay_linear(cs_rank(-1 * stddev(delta(close, 1), 20)), 180)
[execution_aware] iter 18/50 [OK ] reward=  0.5001  decay_linear(cs_rank(-1 * stddev(delta(close, 1), 20)), 240)
[execution_aware] iter 19/50 [ERR] reward=    -inf  decay_linear(cs_rank(-1 * stddev(delta(close, 1), 20)), 300)
[execution_aware] iter 20/50 [OK ] reward=  0.5732  decay_linear(cs_rank(-1 * stddev(delta(close, 1), 20)), 60)
[execution_aware] iter 21/50 [OK ] reward=  0.5243  decay_linear(cs_rank(-1 * stddev(delta(close, 1), 40)), 120)
[execution_aware] iter 22/50 [OK ] reward=  0.5515  decay_linear(cs_rank(-1 * stddev(delta(close, 1), 20)), 120)
[execution_aware] iter 23/50 [OK ] reward=  0.5386  decay_linear(cs_rank(-1 * stddev(delta(close, 1), 20)), 150)
[execution_aware] iter 24/50 [OK ] reward=  0.5103  decay_linear(cs_rank(-1 * stddev(delta(close, 1), 20)), 200)
[execution_aware] iter 25/50 [ERR] reward=    -inf  decay_linear(cs_rank(-1 * stddev(delta(close, 1), 20)), 300)
[execution_aware] iter 26/50 [OK ] reward=  0.5732  decay_linear(cs_rank(-1 * stddev(delta(close, 1), 20)), 60)
[execution_aware] iter 27/50 [OK ] reward=  0.5515  decay_linear(cs_rank(-1 * stddev(delta(close, 1), 20)), 120)
[execution_aware] iter 28/50 [OK ] reward=  0.5177  decay_linear(cs_rank(-1 * stddev(delta(close, 1), 20)), 180)
[execution_aware] iter 29/50 [ERR] reward=    -inf  decay_linear(cs_rank(-1 * stddev(delta(close, 1), 20)), 360)
[execution_aware] iter 30/50 [OK ] reward=  0.5732  decay_linear(cs_rank(-1 * stddev(delta(close, 1), 20)), 60)
[execution_aware] iter 31/50 [OK ] reward=  0.5515  decay_linear(cs_rank(-1 * stddev(delta(close, 1), 20)), 120)
[execution_aware] iter 32/50 [OK ] reward=  0.5177  decay_linear(cs_rank(-1 * stddev(delta(close, 1), 20)), 180)
[execution_aware] iter 33/50 [OK ] reward=  0.5001  decay_linear(cs_rank(-1 * stddev(delta(close, 1), 20)), 240)
[execution_aware] iter 34/50 [ERR] reward=    -inf  decay_linear(cs_rank(-1 * stddev(delta(close, 1), 20)), 400)
[execution_aware] iter 35/50 [OK ] reward=  0.5732  decay_linear(cs_rank(-1 * stddev(delta(close, 1), 20)), 60)
[execution_aware] iter 36/50 [OK ] reward=  0.5515  decay_linear(cs_rank(-1 * stddev(delta(close, 1), 20)), 120)
[execution_aware] iter 37/50 [OK ] reward=  0.5177  decay_linear(cs_rank(-1 * stddev(delta(close, 1), 20)), 180)
[execution_aware] iter 38/50 [OK ] reward=  0.5001  decay_linear(cs_rank(-1 * stddev(delta(close, 1), 20)), 240)
[execution_aware] iter 39/50 [ERR] reward=    -inf  decay_linear(cs_rank(-1 * stddev(delta(close, 1), 20)), 480)
[execution_aware] iter 40/50 [OK ] reward=  0.5732  decay_linear(cs_rank(-1 * stddev(delta(close, 1), 20)), 60)
[execution_aware] iter 41/50 [OK ] reward=  0.5515  decay_linear(cs_rank(-1 * stddev(delta(close, 1), 20)), 120)
[execution_aware] iter 42/50 [OK ] reward=  0.5177  decay_linear(cs_rank(-1 * stddev(delta(close, 1), 20)), 180)
[execution_aware] iter 43/50 [ERR] reward=    -inf  decay_linear(cs_rank(-1 * stddev(delta(close, 1), 20)), 360)
[execution_aware] iter 44/50 [OK ] reward=  0.5732  decay_linear(cs_rank(-1 * stddev(delta(close, 1), 20)), 60)
[execution_aware] iter 45/50 [OK ] reward=  0.5515  decay_linear(cs_rank(-1 * stddev(delta(close, 1), 20)), 120)
[execution_aware] iter 46/50 [OK ] reward=  0.5177  decay_linear(cs_rank(-1 * stddev(delta(close, 1), 20)), 180)
[execution_aware] iter 47/50 [OK ] reward=  0.5001  decay_linear(cs_rank(-1 * stddev(delta(close, 1), 20)), 240)
[execution_aware] iter 48/50 [ERR] reward=    -inf  decay_linear(cs_rank(-1 * stddev(delta(close, 1), 20)), 360)
[execution_aware] iter 49/50 [OK ] reward=  0.5732  decay_linear(cs_rank(-1 * stddev(delta(close, 1), 20)), 60)
[execution_aware] iter 50/50 [OK ] reward=  0.5392  decay_linear(rank(-1 * stddev(delta(close, 1), 30)), 120)
[wfo:execution_aware] fold 8 winner: decay_linear(rank(-1 * stddev(delta(close, 1), 20)), 60)
[wfo:execution_aware] fold 8 OOS: Gross_IR=0.175 Turnover=4.39 Net_IR=-0.045
[wfo:execution_aware] fold 9: train 2010-01-01..2014-12-31 -> test 2015-01-01..2015-12-31
[execution_aware] iter  0/50 [SEED] reward=  0.3448  rank(-1 * stddev(delta(close, 1), 20))
[execution_aware] iter  1/50 [OK ] reward=  0.6102  decay_linear(rank(-1 * stddev(delta(close, 1), 20)), 100)
[execution_aware] iter  2/50 [OK ] reward=  0.6036  decay_linear(cs_rank(-1 * stddev(delta(close, 1), 20)), 200)
[execution_aware] iter  3/50 [ERR] reward=    -inf  decay_linear(cs_rank(-1 * stddev(delta(close, 1), 20)), 400)
[execution_aware] iter  4/50 [OK ] reward=  0.6102  decay_linear(cs_rank(-1 * stddev(delta(close, 1), 20)), 100)
[execution_aware] iter  5/50 [OK ] reward=  0.6036  decay_linear(cs_rank(-1 * stddev(delta(close, 1), 20)), 200)
[execution_aware] iter  6/50 [ERR] reward=    -inf  decay_linear(cs_rank(-1 * stddev(delta(close, 1), 20)), 500)
[execution_aware] iter  7/50 [OK ] reward=  0.6102  decay_linear(cs_rank(-1 * stddev(delta(close, 1), 20)), 100)
[execution_aware] iter  8/50 [OK ] reward=  0.6036  decay_linear(cs_rank(-1 * stddev(delta(close, 1), 20)), 200)
[execution_aware] iter  9/50 [ERR] reward=    -inf  decay_linear(cs_rank(-1 * stddev(delta(close, 1), 20)), 300)
[execution_aware] iter 10/50 [OK ] reward=  0.6102  decay_linear(cs_rank(-1 * stddev(delta(close, 1), 20)), 100)
[execution_aware] iter 11/50 [OK ] reward=  0.6036  decay_linear(cs_rank(-1 * stddev(delta(close, 1), 20)), 200)
[execution_aware] iter 12/50 [ERR] reward=    -inf  decay_linear(cs_rank(-1 * stddev(delta(close, 1), 20)), 300)
[execution_aware] iter 13/50 [OK ] reward=  0.6102  decay_linear(cs_rank(-1 * stddev(delta(close, 1), 20)), 100)
[execution_aware] iter 14/50 [OK ] reward=  0.6036  decay_linear(cs_rank(-1 * stddev(delta(close, 1), 20)), 200)
[execution_aware] iter 15/50 [ERR] reward=    -inf  decay_linear(cs_rank(-1 * stddev(delta(close, 1), 20)), 500)
[execution_aware] iter 16/50 [OK ] reward=  0.6102  decay_linear(cs_rank(-1 * stddev(delta(close, 1), 20)), 100)
[execution_aware] iter 17/50 [OK ] reward=  0.6036  decay_linear(cs_rank(-1 * stddev(delta(close, 1), 20)), 200)
[execution_aware] iter 18/50 [ERR] reward=    -inf  decay_linear(cs_rank(-1 * stddev(delta(close, 1), 20)), 300)
[execution_aware] iter 19/50 [OK ] reward=  0.6102  decay_linear(cs_rank(-1 * stddev(delta(close, 1), 20)), 100)
[execution_aware] iter 20/50 [OK ] reward=  0.6036  decay_linear(cs_rank(-1 * stddev(delta(close, 1), 20)), 200)
[execution_aware] iter 21/50 [ERR] reward=    -inf  decay_linear(cs_rank(-1 * stddev(delta(close, 1), 20)), 500)
[execution_aware] iter 22/50 [OK ] reward=  0.6049  decay_linear(cs_rank(-1 * stddev(delta(close, 1), 20)), 252)
[execution_aware] iter 23/50 [ERR] reward=    -inf  decay_linear(cs_rank(-1 * stddev(delta(close, 1), 20)), 500)
[execution_aware] iter 24/50 [OK ] reward=  0.6036  decay_linear(cs_rank(-1 * stddev(delta(close, 1), 20)), 200)
[execution_aware] iter 25/50 [ERR] reward=    -inf  decay_linear(cs_rank(-1 * stddev(delta(close, 1), 20)), 500)
[execution_aware] iter 26/50 [OK ] reward=  0.6102  decay_linear(cs_rank(-1 * stddev(delta(close, 1), 20)), 100)
[execution_aware] iter 27/50 [OK ] reward=  0.6036  decay_linear(cs_rank(-1 * stddev(delta(close, 1), 20)), 200)
[execution_aware] iter 28/50 [ERR] reward=    -inf  decay_linear(cs_rank(-1 * stddev(delta(close, 1), 20)), 500)
[execution_aware] iter 29/50 [OK ] reward=  0.6102  decay_linear(cs_rank(-1 * stddev(delta(close, 1), 20)), 100)
[execution_aware] iter 30/50 [OK ] reward=  0.6036  decay_linear(cs_rank(-1 * stddev(delta(close, 1), 20)), 200)
[execution_aware] iter 31/50 [ERR] reward=    -inf  decay_linear(cs_rank(-1 * stddev(delta(close, 1), 20)), 300)
[execution_aware] iter 32/50 [OK ] reward=  0.6102  decay_linear(cs_rank(-1 * stddev(delta(close, 1), 20)), 100)
[execution_aware] iter 33/50 [OK ] reward=  0.6036  decay_linear(cs_rank(-1 * stddev(delta(close, 1), 20)), 200)
[execution_aware] iter 34/50 [ERR] reward=    -inf  decay_linear(cs_rank(-1 * stddev(delta(close, 1), 20)), 300)
[execution_aware] iter 35/50 [OK ] reward=  0.6102  decay_linear(cs_rank(-1 * stddev(delta(close, 1), 20)), 100)
[execution_aware] iter 36/50 [OK ] reward=  0.5906  decay_linear(cs_rank(-1 * stddev(delta(close, 1), 40)), 200)
[execution_aware] iter 37/50 [ERR] reward=    -inf  decay_linear(cs_rank(-1 * stddev(delta(close, 1), 60)), 300)
[execution_aware] iter 38/50 [OK ] reward=  0.6102  decay_linear(cs_rank(-1 * stddev(delta(close, 1), 20)), 100)
[execution_aware] iter 39/50 [OK ] reward=  0.6036  decay_linear(cs_rank(-1 * stddev(delta(close, 1), 20)), 200)
[execution_aware] iter 40/50 [ERR] reward=    -inf  decay_linear(cs_rank(-1 * stddev(delta(close, 1), 20)), 500)
[execution_aware] iter 41/50 [OK ] reward=  0.6102  decay_linear(cs_rank(-1 * stddev(delta(close, 1), 20)), 100)
[execution_aware] iter 42/50 [OK ] reward=  0.6036  decay_linear(cs_rank(-1 * stddev(delta(close, 1), 20)), 200)
[execution_aware] iter 43/50 [ERR] reward=    -inf  decay_linear(cs_rank(-1 * stddev(delta(close, 1), 20)), 300)
[execution_aware] iter 44/50 [OK ] reward=  0.6102  decay_linear(cs_rank(-1 * stddev(delta(close, 1), 20)), 100)
[execution_aware] iter 45/50 [OK ] reward=  0.5967  decay_linear(cs_rank(-1 * stddev(delta(close, 1), 30)), 200)
[execution_aware] iter 46/50 [ERR] reward=    -inf  decay_linear(cs_rank(-1 * stddev(delta(close, 1), 20)), 300)
[execution_aware] iter 47/50 [OK ] reward=  0.6102  decay_linear(cs_rank(-1 * stddev(delta(close, 1), 20)), 100)
[execution_aware] iter 48/50 [OK ] reward=  0.6036  decay_linear(cs_rank(-1 * stddev(delta(close, 1), 20)), 200)
[execution_aware] iter 49/50 [ERR] reward=    -inf  decay_linear(cs_rank(-1 * stddev(delta(close, 1), 20)), 300)
[execution_aware] iter 50/50 [OK ] reward=  0.6102  decay_linear(cs_rank(-1 * stddev(delta(close, 1), 20)), 100)
[wfo:execution_aware] fold 9 winner: decay_linear(rank(-1 * stddev(delta(close, 1), 20)), 100)
[wfo:execution_aware] fold 9 OOS: Gross_IR=0.209 Turnover=3.72 Net_IR=-0.018
[wfo:execution_aware] fold 10: train 2011-01-01..2015-12-31 -> test 2016-01-01..2016-12-31
[execution_aware] iter  0/50 [SEED] reward=  0.4829  rank(-1 * stddev(delta(close, 1), 20))
[execution_aware] iter  1/50 [OK ] reward=  0.8370  decay_linear(rank(-1 * stddev(delta(close, 1), 20)), 252)
[execution_aware] iter  2/50 [ERR] reward=    -inf  decay_linear(rank(-1 * stddev(delta(close, 1), 20)), 504)
[execution_aware] iter  3/50 [OK ] reward=  0.8370  decay_linear(cs_rank(-1 * stddev(delta(close, 1), 20)), 252)
[execution_aware] iter  4/50 [ERR] reward=    -inf  decay_linear(cs_rank(-1 * stddev(delta(close, 1), 20)), 504)
[execution_aware] iter  5/50 [OK ] reward=  0.8370  decay_linear(cs_rank(-1 * stddev(delta(close, 1), 20)), 252)
[execution_aware] iter  6/50 [ERR] reward=    -inf  decay_linear(cs_rank(-1 * stddev(delta(close, 1), 20)), 504)
[execution_aware] iter  7/50 [OK ] reward=  0.8370  decay_linear(cs_rank(-1 * stddev(delta(close, 1), 20)), 252)
[execution_aware] iter  8/50 [ERR] reward=    -inf  decay_linear(cs_rank(-1 * stddev(delta(close, 1), 20)), 500)
[execution_aware] iter  9/50 [OK ] reward=  0.8370  decay_linear(cs_rank(-1 * stddev(delta(close, 1), 20)), 252)
[execution_aware] iter 10/50 [ERR] reward=    -inf  decay_linear(cs_rank(-1 * stddev(delta(close, 1), 20)), 500)
[execution_aware] iter 11/50 [OK ] reward=  0.8370  decay_linear(cs_rank(-1 * stddev(delta(close, 1), 20)), 252)
[execution_aware] iter 12/50 [ERR] reward=    -inf  decay_linear(cs_rank(-1 * stddev(delta(close, 1), 20)), 504)
[execution_aware] iter 13/50 [OK ] reward=  0.8370  decay_linear(cs_rank(-1 * stddev(delta(close, 1), 20)), 252)
[execution_aware] iter 14/50 [ERR] reward=    -inf  decay_linear(cs_rank(-1 * stddev(delta(close, 1), 20)), 500)
[execution_aware] iter 15/50 [OK ] reward=  0.8370  decay_linear(cs_rank(-1 * stddev(delta(close, 1), 20)), 252)
[execution_aware] iter 16/50 [ERR] reward=    -inf  decay_linear(rank(-1 * stddev(delta(close, 1), 20)), 500)
[execution_aware] iter 17/50 [OK ] reward= -0.6534  decay_linear(ts_rank(-1 * stddev(delta(close, 1), 20), 252), 252)
[execution_aware] iter 18/50 [ERR] reward=    -inf  decay_linear(cs_rank(-1 * stddev(delta(close, 1), 20)), 500)
[execution_aware] iter 19/50 [OK ] reward=  0.8370  decay_linear(cs_rank(-1 * stddev(delta(close, 1), 20)), 252)
[execution_aware] iter 20/50 [OK ] reward=  0.8318  decay_linear(cs_rank(-1 * stddev(delta(close, 1), 30)), 252)
[execution_aware] iter 21/50 [ERR] reward=    -inf  decay_linear(cs_rank(-1 * stddev(delta(close, 1), 40)), 500)
[execution_aware] iter 22/50 [OK ] reward=  0.8370  decay_linear(cs_rank(-1 * stddev(delta(close, 1), 20)), 252)
[execution_aware] iter 23/50 [ERR] reward=    -inf  decay_linear(cs_rank(-1 * stddev(delta(close, 1), 20)), 500)
[execution_aware] iter 24/50 [OK ] reward=  0.8370  decay_linear(cs_rank(-1 * stddev(delta(close, 1), 20)), 252)
[execution_aware] iter 25/50 [ERR] reward=    -inf  decay_linear(cs_rank(-1 * stddev(delta(close, 1), 20)), 500)
[execution_aware] iter 26/50 [OK ] reward=  0.8370  decay_linear(cs_rank(-1 * stddev(delta(close, 1), 20)), 252)
[execution_aware] iter 27/50 [ERR] reward=    -inf  decay_linear(cs_rank(-1 * stddev(delta(close, 1), 20)), 500)
[execution_aware] iter 28/50 [OK ] reward=  0.8370  decay_linear(cs_rank(-1 * stddev(delta(close, 1), 20)), 252)
[execution_aware] iter 29/50 [ERR] reward=    -inf  decay_linear(cs_rank(-1 * stddev(delta(close, 1), 20)), 504)
[execution_aware] iter 30/50 [OK ] reward=  0.8370  decay_linear(cs_rank(-1 * stddev(delta(close, 1), 20)), 252)
[execution_aware] iter 31/50 [ERR] reward=    -inf  decay_linear(cs_rank(-1 * stddev(delta(close, 1), 20)), 500)
[execution_aware] iter 32/50 [OK ] reward=  0.8370  decay_linear(cs_rank(-1 * stddev(delta(close, 1), 20)), 252)
[execution_aware] iter 33/50 [ERR] reward=    -inf  decay_linear(cs_rank(-1 * stddev(delta(close, 1), 20)), 500)
[execution_aware] iter 34/50 [OK ] reward=  0.8370  decay_linear(cs_rank(-1 * stddev(delta(close, 1), 20)), 252)
[execution_aware] iter 35/50 [ERR] reward=    -inf  decay_linear(cs_rank(-1 * stddev(delta(close, 1), 20)), 504)
[execution_aware] iter 36/50 [OK ] reward=  0.8370  decay_linear(cs_rank(-1 * stddev(delta(close, 1), 20)), 252)
[execution_aware] iter 37/50 [ERR] reward=    -inf  decay_linear(cs_rank(-1 * stddev(delta(close, 1), 20)), 500)
[execution_aware] iter 38/50 [OK ] reward=  0.8370  decay_linear(cs_rank(-1 * stddev(delta(close, 1), 20)), 252)
[execution_aware] iter 39/50 [ERR] reward=    -inf  decay_linear(cs_rank(-1 * stddev(delta(close, 1), 20)), 504)
[execution_aware] iter 40/50 [OK ] reward=  0.8370  decay_linear(cs_rank(-1 * stddev(delta(close, 1), 20)), 252)
[execution_aware] iter 41/50 [ERR] reward=    -inf  decay_linear(cs_rank(-1 * stddev(delta(close, 1), 20)), 500)
[execution_aware] iter 42/50 [OK ] reward=  0.8370  decay_linear(cs_rank(-1 * stddev(delta(close, 1), 20)), 252)
[execution_aware] iter 43/50 [ERR] reward=    -inf  decay_linear(cs_rank(-1 * stddev(delta(close, 1), 20)), 500)
[execution_aware] iter 44/50 [OK ] reward=  0.8370  decay_linear(cs_rank(-1 * stddev(delta(close, 1), 20)), 252)
[execution_aware] iter 45/50 [ERR] reward=    -inf  decay_linear(cs_rank(-1 * stddev(delta(close, 1), 20)), 500)
[execution_aware] iter 46/50 [OK ] reward=  0.8370  decay_linear(cs_rank(-1 * stddev(delta(close, 1), 20)), 252)
[execution_aware] iter 47/50 [ERR] reward=    -inf  decay_linear(cs_rank(-1 * stddev(delta(close, 1), 20)), 504)
[execution_aware] iter 48/50 [OK ] reward=  0.8370  decay_linear(cs_rank(-1 * stddev(delta(close, 1), 20)), 252)
[execution_aware] iter 49/50 [ERR] reward=    -inf  decay_linear(cs_rank(-1 * stddev(delta(close, 1), 20)), 504)
[execution_aware] iter 50/50 [OK ] reward=  0.8370  decay_linear(cs_rank(-1 * stddev(delta(close, 1), 20)), 252)
[wfo:execution_aware] fold 10 winner: decay_linear(rank(-1 * stddev(delta(close, 1), 20)), 252)
[wfo:execution_aware] fold 10 OOS: Gross_IR=1.710 Turnover=3.51 Net_IR=1.487
[wfo:execution_aware] fold 11: train 2012-01-01..2016-12-31 -> test 2017-01-01..2017-12-31
[execution_aware] iter  0/50 [SEED] reward=  0.8644  rank(-1 * stddev(delta(close, 1), 20))
[execution_aware] iter  1/50 [OK ] reward=  1.0504  decay_linear(rank(-1 * stddev(delta(close, 1), 20)), 120)
[execution_aware] iter  2/50 [OK ] reward=  1.0640  decay_linear(rank(-1 * stddev(delta(close, 1), 20)), 240)
[execution_aware] iter  3/50 [ERR] reward=    -inf  decay_linear(rank(-1 * stddev(delta(close, 1), 20)), 500)
[execution_aware] iter  4/50 [OK ] reward=  1.0640  decay_linear(rank(-1 * stddev(delta(close, 1), 20)), 240)
[execution_aware] iter  5/50 [ERR] reward=    -inf  decay_linear(rank(-1 * stddev(delta(close, 1), 20)), 500)
[execution_aware] iter  6/50 [OK ] reward=  1.0640  decay_linear(cs_rank(-1 * stddev(delta(close, 1), 20)), 240)
[execution_aware] iter  7/50 [ERR] reward=    -inf  decay_linear(cs_rank(-1 * stddev(delta(close, 1), 20)), 360)
[execution_aware] iter  8/50 [OK ] reward=  1.0640  decay_linear(cs_rank(-1 * stddev(delta(close, 1), 20)), 240)
[execution_aware] iter  9/50 [ERR] reward=    -inf  decay_linear(cs_rank(-1 * stddev(delta(close, 1), 20)), 500)
[execution_aware] iter 10/50 [OK ] reward=  1.0640  decay_linear(cs_rank(-1 * stddev(delta(close, 1), 20)), 240)
[execution_aware] iter 11/50 [ERR] reward=    -inf  decay_linear(rank(-1 * stddev(delta(close, 1), 20)), 360)
[execution_aware] iter 12/50 [OK ] reward= -0.4235  decay_linear(ts_rank(-1 * stddev(delta(close, 1), 20), 240), 120)
[execution_aware] iter 13/50 [ERR] reward=    -inf  decay_linear(cs_rank(-1 * stddev(delta(close, 1), 20)), 360)
[execution_aware] iter 14/50 [OK ] reward=  1.0640  decay_linear(cs_rank(-1 * stddev(delta(close, 1), 20)), 240)
[execution_aware] iter 15/50 [ERR] reward=    -inf  decay_linear(cs_rank(-1 * stddev(delta(close, 1), 20)), 360)
[execution_aware] iter 16/50 [OK ] reward=  1.0640  decay_linear(cs_rank(-1 * stddev(delta(close, 1), 20)), 240)
[execution_aware] iter 17/50 [ERR] reward=    -inf  decay_linear(cs_rank(-1 * stddev(delta(close, 1), 20)), 360)
[execution_aware] iter 18/50 [OK ] reward=  1.0640  decay_linear(cs_rank(-1 * stddev(delta(close, 1), 20)), 240)
[execution_aware] iter 19/50 [ERR] reward=    -inf  decay_linear(cs_rank(-1 * stddev(delta(close, 1), 30)), 360)
[execution_aware] iter 20/50 [OK ] reward=  1.0640  decay_linear(cs_rank(-1 * stddev(delta(close, 1), 20)), 240)
[execution_aware] iter 21/50 [ERR] reward=    -inf  decay_linear(cs_rank(-1 * stddev(delta(close, 1), 20)), 360)
[execution_aware] iter 22/50 [OK ] reward=  1.0640  decay_linear(cs_rank(-1 * stddev(delta(close, 1), 20)), 240)
[execution_aware] iter 23/50 [ERR] reward=    -inf  decay_linear(cs_rank(-1 * stddev(delta(close, 1), 20)), 360)
[execution_aware] iter 24/50 [OK ] reward=  1.0640  decay_linear(cs_rank(-1 * stddev(delta(close, 1), 20)), 240)
[execution_aware] iter 25/50 [ERR] reward=    -inf  decay_linear(cs_rank(-1 * stddev(delta(close, 1), 20)), 500)
[execution_aware] iter 26/50 [OK ] reward=  1.0640  decay_linear(cs_rank(-1 * stddev(delta(close, 1), 20)), 240)
[execution_aware] iter 27/50 [ERR] reward=    -inf  decay_linear(cs_rank(-1 * stddev(delta(close, 1), 20)), 360)
[execution_aware] iter 28/50 [OK ] reward=  1.0640  decay_linear(cs_rank(-1 * stddev(delta(close, 1), 20)), 240)
[execution_aware] iter 29/50 [ERR] reward=    -inf  decay_linear(cs_rank(-1 * stddev(delta(close, 1), 20)), 500)
[execution_aware] iter 30/50 [OK ] reward=  1.0640  decay_linear(cs_rank(-1 * stddev(delta(close, 1), 20)), 240)
[execution_aware] iter 31/50 [ERR] reward=    -inf  decay_linear(cs_rank(-1 * stddev(delta(close, 1), 40)), 480)
[execution_aware] iter 32/50 [OK ] reward=  1.0640  decay_linear(cs_rank(-1 * stddev(delta(close, 1), 20)), 240)
[execution_aware] iter 33/50 [ERR] reward=    -inf  decay_linear(cs_rank(-1 * stddev(delta(close, 1), 40)), 480)
[execution_aware] iter 34/50 [OK ] reward=  1.0640  decay_linear(cs_rank(-1 * stddev(delta(close, 1), 20)), 240)
[execution_aware] iter 35/50 [ERR] reward=    -inf  decay_linear(cs_rank(-1 * stddev(delta(close, 1), 20)), 480)
[execution_aware] iter 36/50 [OK ] reward=  1.0640  decay_linear(cs_rank(-1 * stddev(delta(close, 1), 20)), 240)
[execution_aware] iter 37/50 [ERR] reward=    -inf  decay_linear(cs_rank(-1 * stddev(delta(close, 1), 20)), 500)
[execution_aware] iter 38/50 [OK ] reward=  1.0640  decay_linear(cs_rank(-1 * stddev(delta(close, 1), 20)), 240)
[execution_aware] iter 39/50 [ERR] reward=    -inf  decay_linear(cs_rank(-1 * stddev(delta(close, 1), 20)), 500)
[execution_aware] iter 40/50 [OK ] reward=  1.0640  decay_linear(cs_rank(-1 * stddev(delta(close, 1), 20)), 240)
[execution_aware] iter 41/50 [ERR] reward=    -inf  decay_linear(rank(-1 * stddev(delta(close, 1), 20)), 360)
[execution_aware] iter 42/50 [OK ] reward=  1.0640  decay_linear(rank(-1 * stddev(delta(close, 1), 20)), 240)
[execution_aware] iter 43/50 [ERR] reward=    -inf  decay_linear(rank(-1 * stddev(delta(close, 1), 20)), 360)
[execution_aware] iter 44/50 [OK ] reward=  1.0640  decay_linear(cs_rank(-1 * stddev(delta(close, 1), 20)), 240)
[execution_aware] iter 45/50 [ERR] reward=    -inf  decay_linear(cs_rank(-1 * stddev(delta(close, 1), 20)), 360)
[execution_aware] iter 46/50 [OK ] reward=  1.0640  decay_linear(cs_rank(-1 * stddev(delta(close, 1), 20)), 240)
[execution_aware] iter 47/50 [ERR] reward=    -inf  decay_linear(cs_rank(-1 * stddev(delta(close, 1), 40)), 360)
[execution_aware] iter 48/50 [OK ] reward=  1.0640  decay_linear(cs_rank(-1 * stddev(delta(close, 1), 20)), 240)
[execution_aware] iter 49/50 [ERR] reward=    -inf  decay_linear(cs_rank(-1 * stddev(delta(close, 1), 30)), 360)
[execution_aware] iter 50/50 [OK ] reward=  1.0640  decay_linear(cs_rank(-1 * stddev(delta(close, 1), 20)), 240)
[wfo:execution_aware] fold 11 winner: decay_linear(rank(-1 * stddev(delta(close, 1), 20)), 240)
[wfo:execution_aware] fold 11 OOS: Gross_IR=0.592 Turnover=2.82 Net_IR=0.354
[wfo:execution_aware] fold 12: train 2013-01-01..2017-12-31 -> test 2018-01-01..2018-12-31
[execution_aware] iter  0/50 [SEED] reward=  0.7354  rank(-1 * stddev(delta(close, 1), 20))
[execution_aware] iter  1/50 [OK ] reward=  0.8146  decay_linear(rank(-1 * stddev(delta(close, 1), 20)), 100)
[execution_aware] iter  2/50 [OK ] reward=  0.8561  decay_linear(rank(-1 * stddev(delta(close, 1), 20)), 200)
[execution_aware] iter  3/50 [ERR] reward=    -inf  decay_linear(rank(-1 * stddev(delta(close, 1), 20)), 400)
[execution_aware] iter  4/50 [OK ] reward=  0.8561  decay_linear(rank(-1 * stddev(delta(close, 1), 20)), 200)
[execution_aware] iter  5/50 [ERR] reward=    -inf  decay_linear(rank(-1 * stddev(delta(close, 1), 20)), 500)
[execution_aware] iter  6/50 [OK ] reward=  0.8561  decay_linear(cs_rank(-1 * stddev(delta(close, 1), 20)), 200)
[execution_aware] iter  7/50 [ERR] reward=    -inf  decay_linear(cs_rank(-1 * stddev(delta(close, 1), 20)), 500)
[execution_aware] iter  8/50 [OK ] reward=  0.8561  decay_linear(cs_rank(-1 * stddev(delta(close, 1), 20)), 200)
[execution_aware] iter  9/50 [ERR] reward=    -inf  decay_linear(cs_rank(-1 * stddev(delta(close, 1), 20)), 500)
[execution_aware] iter 10/50 [OK ] reward=  0.8561  decay_linear(cs_rank(-1 * stddev(delta(close, 1), 20)), 200)
[execution_aware] iter 11/50 [ERR] reward=    -inf  decay_linear(cs_rank(-1 * stddev(delta(close, 1), 20)), 500)
[execution_aware] iter 12/50 [OK ] reward= -0.1052  decay_linear(ts_rank(-1 * stddev(delta(close, 1), 20), 20), 200)
[execution_aware] iter 13/50 [ERR] reward=    -inf  decay_linear(rank(-1 * stddev(delta(close, 1), 20)), 500)
[execution_aware] iter 14/50 [OK ] reward=  0.8561  decay_linear(cs_rank(-1 * stddev(delta(close, 1), 20)), 200)
[execution_aware] iter 15/50 [ERR] reward=    -inf  decay_linear(cs_rank(-1 * stddev(delta(close, 1), 20)), 400)
[execution_aware] iter 16/50 [OK ] reward=  0.8561  decay_linear(cs_rank(-1 * stddev(delta(close, 1), 20)), 200)
[execution_aware] iter 17/50 [ERR] reward=    -inf  decay_linear(cs_rank(-1 * stddev(delta(close, 1), 40)), 500)
[execution_aware] iter 18/50 [OK ] reward=  0.8561  decay_linear(cs_rank(-1 * stddev(delta(close, 1), 20)), 200)
[execution_aware] iter 19/50 [ERR] reward=    -inf  decay_linear(cs_rank(-1 * stddev(delta(close, 1), 20)), 400)
[execution_aware] iter 20/50 [OK ] reward=  0.8561  decay_linear(cs_rank(-1 * stddev(delta(close, 1), 20)), 200)
[execution_aware] iter 21/50 [ERR] reward=    -inf  decay_linear(cs_rank(-1 * stddev(delta(close, 1), 20)), 400)
[execution_aware] iter 22/50 [OK ] reward=  0.8561  decay_linear(cs_rank(-1 * stddev(delta(close, 1), 20)), 200)
[execution_aware] iter 23/50 [ERR] reward=    -inf  decay_linear(cs_rank(-1 * stddev(delta(close, 1), 20)), 400)
[execution_aware] iter 24/50 [OK ] reward=  0.8561  decay_linear(cs_rank(-1 * stddev(delta(close, 1), 20)), 200)
[execution_aware] iter 25/50 [ERR] reward=    -inf  decay_linear(cs_rank(-1 * stddev(delta(close, 1), 20)), 400)
[execution_aware] iter 26/50 [OK ] reward=  0.8561  decay_linear(cs_rank(-1 * stddev(delta(close, 1), 20)), 200)
[execution_aware] iter 27/50 [ERR] reward=    -inf  decay_linear(cs_rank(-1 * stddev(delta(close, 1), 20)), 400)
[execution_aware] iter 28/50 [OK ] reward=  0.8561  decay_linear(cs_rank(-1 * stddev(delta(close, 1), 20)), 200)
[execution_aware] iter 29/50 [ERR] reward=    -inf  decay_linear(cs_rank(-1 * stddev(delta(close, 1), 20)), 300)
[execution_aware] iter 30/50 [OK ] reward=  0.8561  decay_linear(cs_rank(-1 * stddev(delta(close, 1), 20)), 200)
[execution_aware] iter 31/50 [ERR] reward=    -inf  decay_linear(cs_rank(-1 * stddev(delta(close, 1), 20)), 500)
[execution_aware] iter 32/50 [OK ] reward=  0.8561  decay_linear(cs_rank(-1 * stddev(delta(close, 1), 20)), 200)
[execution_aware] iter 33/50 [ERR] reward=    -inf  decay_linear(cs_rank(-1 * stddev(delta(close, 1), 20)), 400)
[execution_aware] iter 34/50 [OK ] reward=  0.8561  decay_linear(cs_rank(-1 * stddev(delta(close, 1), 20)), 200)
[execution_aware] iter 35/50 [ERR] reward=    -inf  decay_linear(cs_rank(-1 * stddev(delta(close, 1), 20)), 400)
[execution_aware] iter 36/50 [OK ] reward=  0.8561  decay_linear(cs_rank(-1 * stddev(delta(close, 1), 20)), 200)
[execution_aware] iter 37/50 [ERR] reward=    -inf  decay_linear(cs_rank(-1 * stddev(delta(close, 1), 20)), 400)
[execution_aware] iter 38/50 [OK ] reward=  0.8561  decay_linear(cs_rank(-1 * stddev(delta(close, 1), 20)), 200)
[execution_aware] iter 39/50 [ERR] reward=    -inf  decay_linear(cs_rank(-1 * stddev(delta(close, 1), 20)), 400)
[execution_aware] iter 40/50 [OK ] reward=  0.8561  decay_linear(cs_rank(-1 * stddev(delta(close, 1), 20)), 200)
[execution_aware] iter 41/50 [ERR] reward=    -inf  decay_linear(cs_rank(-1 * stddev(delta(close, 1), 20)), 400)
[execution_aware] iter 42/50 [OK ] reward=  0.8561  decay_linear(cs_rank(-1 * stddev(delta(close, 1), 20)), 200)
[execution_aware] iter 43/50 [ERR] reward=    -inf  decay_linear(cs_rank(-1 * stddev(delta(close, 1), 20)), 400)
[execution_aware] iter 44/50 [OK ] reward= -0.4164  decay_linear(ts_rank(-1 * stddev(delta(close, 1), 20), 200), 200)
[execution_aware] iter 45/50 [ERR] reward=    -inf  decay_linear(cs_rank(-1 * stddev(delta(close, 1), 20)), 400)
[execution_aware] iter 46/50 [OK ] reward=  0.8561  decay_linear(cs_rank(-1 * stddev(delta(close, 1), 20)), 200)
[execution_aware] iter 47/50 [ERR] reward=    -inf  decay_linear(cs_rank(-1 * stddev(delta(close, 1), 20)), 400)
[execution_aware] iter 48/50 [OK ] reward=  0.8561  decay_linear(cs_rank(-1 * stddev(delta(close, 1), 20)), 200)
[execution_aware] iter 49/50 [ERR] reward=    -inf  decay_linear(cs_rank(-1 * stddev(delta(close, 1), 20)), 400)
[execution_aware] iter 50/50 [OK ] reward=  0.8561  decay_linear(cs_rank(-1 * stddev(delta(close, 1), 20)), 200)
[wfo:execution_aware] fold 12 winner: decay_linear(rank(-1 * stddev(delta(close, 1), 20)), 200)
[wfo:execution_aware] fold 12 OOS: Gross_IR=0.687 Turnover=3.16 Net_IR=0.482
[wfo:execution_aware] fold 13: train 2014-01-01..2018-12-31 -> test 2019-01-01..2019-12-31
[execution_aware] iter  0/50 [SEED] reward=  0.3619  rank(-1 * stddev(delta(close, 1), 20))
[execution_aware] iter  1/50 [OK ] reward=  0.4952  decay_linear(rank(-1 * stddev(delta(close, 1), 20)), 60)
[execution_aware] iter  2/50 [OK ] reward=  0.5196  decay_linear(cs_rank(-1 * stddev(delta(close, 1), 20)), 120)
[execution_aware] iter  3/50 [OK ] reward=  0.5375  decay_linear(cs_rank(-1 * stddev(delta(close, 1), 20)), 240)
[execution_aware] iter  4/50 [ERR] reward=    -inf  decay_linear(cs_rank(-1 * stddev(delta(close, 1), 20)), 360)
[execution_aware] iter  5/50 [OK ] reward=  0.5375  decay_linear(cs_rank(-1 * stddev(delta(close, 1), 20)), 240)
[execution_aware] iter  6/50 [ERR] reward=    -inf  decay_linear(cs_rank(-1 * stddev(delta(close, 1), 20)), 500)
[execution_aware] iter  7/50 [OK ] reward=  0.5375  decay_linear(cs_rank(-1 * stddev(delta(close, 1), 20)), 240)
[execution_aware] iter  8/50 [ERR] reward=    -inf  decay_linear(cs_rank(-1 * stddev(delta(close, 1), 20)), 360)
[execution_aware] iter  9/50 [OK ] reward=  0.5375  decay_linear(cs_rank(-1 * stddev(delta(close, 1), 20)), 240)
[execution_aware] iter 10/50 [ERR] reward=    -inf  decay_linear(cs_rank(-1 * stddev(delta(close, 1), 20)), 360)
[execution_aware] iter 11/50 [OK ] reward=  0.5375  decay_linear(cs_rank(-1 * stddev(delta(close, 1), 20)), 240)
[execution_aware] iter 12/50 [ERR] reward=    -inf  decay_linear(cs_rank(-1 * stddev(delta(close, 1), 20)), 500)
[execution_aware] iter 13/50 [OK ] reward=  0.5359  decay_linear(cs_rank(-1 * stddev(delta(close, 1), 20)), 200)
[execution_aware] iter 14/50 [ERR] reward=    -inf  decay_linear(cs_rank(-1 * stddev(delta(close, 1), 20)), 300)
[execution_aware] iter 15/50 [OK ] reward=  0.5375  decay_linear(cs_rank(-1 * stddev(delta(close, 1), 20)), 240)
[execution_aware] iter 16/50 [ERR] reward=    -inf  decay_linear(cs_rank(-1 * stddev(delta(close, 1), 20)), 500)
[execution_aware] iter 17/50 [OK ] reward=  0.5359  decay_linear(cs_rank(-1 * stddev(delta(close, 1), 20)), 200)
[execution_aware] iter 18/50 [ERR] reward=    -inf  decay_linear(cs_rank(-1 * stddev(delta(close, 1), 20)), 300)
[execution_aware] iter 19/50 [OK ] reward=  0.5375  decay_linear(cs_rank(-1 * stddev(delta(close, 1), 20)), 240)
[execution_aware] iter 20/50 [ERR] reward=    -inf  decay_linear(cs_rank(-1 * stddev(delta(close, 1), 20)), 360)
[execution_aware] iter 21/50 [OK ] reward=  0.5375  decay_linear(cs_rank(-1 * stddev(delta(close, 1), 20)), 240)
[execution_aware] iter 22/50 [ERR] reward=    -inf  decay_linear(cs_rank(-1 * stddev(delta(close, 1), 20)), 360)
[execution_aware] iter 23/50 [OK ] reward=  0.5375  decay_linear(cs_rank(-1 * stddev(delta(close, 1), 20)), 240)
[execution_aware] iter 24/50 [ERR] reward=    -inf  decay_linear(cs_rank(-1 * stddev(delta(close, 1), 20)), 480)
[execution_aware] iter 25/50 [OK ] reward=  0.5196  decay_linear(cs_rank(-1 * stddev(delta(close, 1), 20)), 120)
[execution_aware] iter 26/50 [ERR] reward=    -inf  decay_linear(cs_rank(-1 * stddev(delta(close, 1), 20)), 480)
[execution_aware] iter 27/50 [OK ] reward=  0.5375  decay_linear(cs_rank(-1 * stddev(delta(close, 1), 20)), 240)
[execution_aware] iter 28/50 [ERR] reward=    -inf  decay_linear(cs_rank(-1 * stddev(delta(close, 1), 20)), 500)
[execution_aware] iter 29/50 [OK ] reward=  0.5375  decay_linear(cs_rank(-1 * stddev(delta(close, 1), 20)), 240)
[execution_aware] iter 30/50 [ERR] reward=    -inf  decay_linear(cs_rank(-1 * stddev(delta(close, 1), 20)), 360)
[execution_aware] iter 31/50 [OK ] reward=  0.5986  decay_linear(cs_rank(-1 * stddev(delta(close, 1), 20)), 240) + decay_linear(cs_rank(volume), 240)
[execution_aware] iter 32/50 [ERR] reward=    -inf  decay_linear(cs_rank(-1 * stddev(delta(close, 1), 20)), 480) + decay_linear(cs_rank(volume), 480)
[execution_aware] iter 33/50 [OK ] reward=  0.5996  decay_linear(cs_rank(-1 * stddev(delta(close, 1), 20)), 240) + decay_linear(cs_rank(volume), 180)
[execution_aware] iter 34/50 [ERR] reward=    -inf  decay_linear(cs_rank(-1 * stddev(delta(close, 1), 20)), 480) + decay_linear(cs_rank(volume), 240)
[execution_aware] iter 35/50 [OK ] reward=  0.5996  decay_linear(cs_rank(-1 * stddev(delta(close, 1), 20)), 240) + decay_linear(cs_rank(volume), 180)
[execution_aware] iter 36/50 [ERR] reward=    -inf  decay_linear(cs_rank(-1 * stddev(delta(close, 1), 20)), 360) + cs_rank(volume)
[execution_aware] iter 37/50 [OK ] reward= -1.1458  decay_linear(cs_rank(-1 * stddev(delta(close, 1), 20)), 240) + decay_linear(cs_rank(volume), 180) + cs_rank(-1 * zscore(close, 60))
[execution_aware] iter 38/50 [OK ] reward=  0.5996  decay_linear(cs_rank(-1 * stddev(delta(close, 1), 20)), 240) + decay_linear(cs_rank(volume), 180)
[execution_aware] iter 39/50 [ERR] reward=    -inf  decay_linear(cs_rank(-1 * stddev(delta(close, 1), 20)), 480) + cs_rank(volume)
[execution_aware] iter 40/50 [OK ] reward=  0.6043  decay_linear(cs_rank(-1 * stddev(delta(close, 1), 20)), 180) + decay_linear(cs_rank(volume), 120)
[execution_aware] iter 41/50 [OK ] reward= -0.5797  decay_linear(cs_rank(-1 * stddev(delta(close, 1), 20)), 240) + cs_rank(volume)
[execution_aware] iter 42/50 [ERR] reward=    -inf  decay_linear(cs_rank(-1 * stddev(delta(close, 1), 20)), 360) + decay_linear(cs_rank(volume), 180)
[execution_aware] iter 43/50 [OK ] reward=  0.6037  decay_linear(cs_rank(-1 * stddev(delta(close, 1), 20)), 180) + decay_linear(cs_rank(volume), 150)
[execution_aware] iter 44/50 [OK ] reward=  0.5996  decay_linear(cs_rank(-1 * stddev(delta(close, 1), 20)), 240) + decay_linear(cs_rank(volume), 180)
[execution_aware] iter 45/50 [OK ] reward=  0.5996  decay_linear(cs_rank(-1 * stddev(delta(close, 1), 20)), 240) + decay_linear(cs_rank(volume), 180)
[execution_aware] iter 46/50 [ERR] reward=    -inf  decay_linear(cs_rank(-1 * stddev(delta(close, 1), 20)), 360) + decay_linear(cs_rank(volume), 240)
[execution_aware] iter 47/50 [OK ] reward=  0.6043  decay_linear(cs_rank(-1 * stddev(delta(close, 1), 20)), 180) + decay_linear(cs_rank(volume), 120)
[execution_aware] iter 48/50 [ERR] reward=    -inf  decay_linear(cs_rank(-1 * stddev(delta(close, 1), 20)), 360) + decay_linear(cs_rank(volume), 240)
[execution_aware] iter 49/50 [OK ] reward=  0.6043  decay_linear(cs_rank(-1 * stddev(delta(close, 1), 20)), 180) + decay_linear(cs_rank(volume), 120)
[execution_aware] iter 50/50 [OK ] reward=  0.5996  decay_linear(cs_rank(-1 * stddev(delta(close, 1), 20)), 240) + decay_linear(cs_rank(volume), 180)
[wfo:execution_aware] fold 13 winner: decay_linear(cs_rank(-1 * stddev(delta(close, 1), 20)), 180) + decay_linear(cs_rank(volume), 120)
[wfo:execution_aware] fold 13 OOS: Gross_IR=1.000 Turnover=2.96 Net_IR=0.804
[wfo:execution_aware] fold 14: train 2015-01-01..2019-12-31 -> test 2020-01-01..2020-12-31
[execution_aware] iter  0/50 [SEED] reward=  0.3607  rank(-1 * stddev(delta(close, 1), 20))
[execution_aware] iter  1/50 [OK ] reward=  0.6401  decay_linear(cs_rank(-1 * stddev(delta(close, 1), 20)), 120)
[execution_aware] iter  2/50 [OK ] reward=  0.6486  decay_linear(cs_rank(-1 * stddev(delta(close, 1), 20)), 240)
[execution_aware] iter  3/50 [ERR] reward=    -inf  decay_linear(cs_rank(-1 * stddev(delta(close, 1), 20)), 500)
[execution_aware] iter  4/50 [OK ] reward=  0.6486  decay_linear(cs_rank(-1 * stddev(delta(close, 1), 20)), 240)
[execution_aware] iter  5/50 [ERR] reward=    -inf  decay_linear(cs_rank(-1 * stddev(delta(close, 1), 20)), 480)
[execution_aware] iter  6/50 [OK ] reward=  0.6486  decay_linear(cs_rank(-1 * stddev(delta(close, 1), 20)), 240)
[execution_aware] iter  7/50 [ERR] reward=    -inf  decay_linear(cs_rank(-1 * stddev(delta(close, 1), 20)), 360)
[execution_aware] iter  8/50 [OK ] reward=  0.6482  decay_linear(cs_rank(-1 * stddev(delta(close, 1), 20)), 180)
[execution_aware] iter  9/50 [ERR] reward=    -inf  decay_linear(cs_rank(-1 * stddev(delta(close, 1), 20)), 360)
[execution_aware] iter 10/50 [OK ] reward= -0.3637  decay_linear(cs_rank(-1 * stddev(delta(close, 1), 20)), 240) + cs_rank(volume / (volume + 1e-5))
[execution_aware] iter 11/50 [ERR] reward=    -inf  decay_linear(cs_rank(-1 * stddev(delta(close, 1), 20)), 500)
[execution_aware] iter 12/50 [OK ] reward=  0.6486  decay_linear(cs_rank(-1 * stddev(delta(close, 1), 20)), 240)
[execution_aware] iter 13/50 [ERR] reward=    -inf  decay_linear(cs_rank(-1 * stddev(delta(close, 1), 20)), 500)
[execution_aware] iter 14/50 [OK ] reward=  0.6482  decay_linear(cs_rank(-1 * stddev(delta(close, 1), 20)), 180)
[execution_aware] iter 15/50 [ERR] reward=    -inf  decay_linear(cs_rank(-1 * stddev(delta(close, 1), 20)), 360)
[execution_aware] iter 16/50 [OK ] reward=  0.6486  decay_linear(cs_rank(-1 * stddev(delta(close, 1), 20)), 240)
[execution_aware] iter 17/50 [ERR] reward=    -inf  decay_linear(cs_rank(-1 * stddev(delta(close, 1), 20)), 500)
[execution_aware] iter 18/50 [OK ] reward=  0.6451  decay_linear(cs_rank(-1 * stddev(delta(close, 1), 20)), 200)
[execution_aware] iter 19/50 [ERR] reward=    -inf  decay_linear(cs_rank(-1 * stddev(delta(close, 1), 20)), 300)
[execution_aware] iter 20/50 [OK ] reward=  0.6486  decay_linear(cs_rank(-1 * stddev(delta(close, 1), 20)), 240)
[execution_aware] iter 21/50 [ERR] reward=    -inf  decay_linear(cs_rank(-1 * stddev(delta(close, 1), 20)), 360)
[execution_aware] iter 22/50 [OK ] reward=  0.6486  decay_linear(cs_rank(-1 * stddev(delta(close, 1), 20)), 240)
[execution_aware] iter 23/50 [ERR] reward=    -inf  decay_linear(cs_rank(-1 * stddev(delta(close, 1), 20)), 360)
[execution_aware] iter 24/50 [OK ] reward=  0.6486  decay_linear(cs_rank(-1 * stddev(delta(close, 1), 20)), 240)
[execution_aware] iter 25/50 [ERR] reward=    -inf  decay_linear(cs_rank(-1 * stddev(delta(close, 1), 20)), 360)
[execution_aware] iter 26/50 [OK ] reward=  0.6486  decay_linear(cs_rank(-1 * stddev(delta(close, 1), 20)), 240)
[execution_aware] iter 27/50 [ERR] reward=    -inf  decay_linear(cs_rank(-1 * stddev(delta(close, 1), 20)), 360)
[execution_aware] iter 28/50 [OK ] reward=  0.6451  decay_linear(cs_rank(-1 * stddev(delta(close, 1), 20)), 200)
[execution_aware] iter 29/50 [ERR] reward=    -inf  decay_linear(cs_rank(-1 * stddev(delta(close, 1), 20)), 300)
[execution_aware] iter 30/50 [OK ] reward=  0.6486  decay_linear(cs_rank(-1 * stddev(delta(close, 1), 20)), 240)
[execution_aware] iter 31/50 [ERR] reward=    -inf  decay_linear(cs_rank(-1 * stddev(delta(close, 1), 20)), 360)
[execution_aware] iter 32/50 [OK ] reward=  0.6486  decay_linear(cs_rank(-1 * stddev(delta(close, 1), 20)), 240)
[execution_aware] iter 33/50 [ERR] reward=    -inf  decay_linear(cs_rank(-1 * stddev(delta(close, 1), 20)), 365)
[execution_aware] iter 34/50 [OK ] reward=  0.6451  decay_linear(cs_rank(-1 * stddev(delta(close, 1), 20)), 200)
[execution_aware] iter 35/50 [ERR] reward=    -inf  decay_linear(cs_rank(-1 * stddev(delta(close, 1), 20)), 360)
[execution_aware] iter 36/50 [OK ] reward=  0.6486  decay_linear(cs_rank(-1 * stddev(delta(close, 1), 20)), 240)
[execution_aware] iter 37/50 [ERR] reward=    -inf  decay_linear(cs_rank(-1 * stddev(delta(close, 1), 20)), 360)
[execution_aware] iter 38/50 [OK ] reward=  0.6486  decay_linear(cs_rank(-1 * stddev(delta(close, 1), 20)), 240)
[execution_aware] iter 39/50 [ERR] reward=    -inf  decay_linear(cs_rank(-1 * stddev(delta(close, 1), 20)), 360)
[execution_aware] iter 40/50 [OK ] reward=  0.6486  decay_linear(cs_rank(-1 * stddev(delta(close, 1), 20)), 240)
[execution_aware] iter 41/50 [ERR] reward=    -inf  decay_linear(cs_rank(-1 * stddev(delta(close, 1), 20)), 360)
[execution_aware] iter 42/50 [OK ] reward=  0.6486  decay_linear(cs_rank(-1 * stddev(delta(close, 1), 20)), 240)
[execution_aware] iter 43/50 [ERR] reward=    -inf  decay_linear(cs_rank(-1 * stddev(delta(close, 1), 20)), 500)
[execution_aware] iter 44/50 [OK ] reward=  0.6486  decay_linear(cs_rank(-1 * stddev(delta(close, 1), 20)), 240)
[execution_aware] iter 45/50 [ERR] reward=    -inf  decay_linear(cs_rank(-1 * stddev(delta(close, 1), 20)), 360)
[execution_aware] iter 46/50 [OK ] reward=  0.6482  decay_linear(cs_rank(-1 * stddev(delta(close, 1), 20)), 180)
[execution_aware] iter 47/50 [ERR] reward=    -inf  decay_linear(cs_rank(-1 * stddev(delta(close, 1), 20)), 360)
[execution_aware] iter 48/50 [OK ] reward=  0.6486  decay_linear(cs_rank(-1 * stddev(delta(close, 1), 20)), 240)
[execution_aware] iter 49/50 [ERR] reward=    -inf  decay_linear(cs_rank(-1 * stddev(delta(close, 1), 30)), 360)
[execution_aware] iter 50/50 [OK ] reward=  0.6486  decay_linear(cs_rank(-1 * stddev(delta(close, 1), 20)), 240)
[wfo:execution_aware] fold 14 winner: decay_linear(cs_rank(-1 * stddev(delta(close, 1), 20)), 240)
[wfo:execution_aware] fold 14 OOS: Gross_IR=-0.287 Turnover=4.12 Net_IR=-0.443
[wfo:execution_aware] fold 15: train 2016-01-01..2020-12-31 -> test 2021-01-01..2021-12-31
[execution_aware] iter  0/50 [SEED] reward=  0.0913  rank(-1 * stddev(delta(close, 1), 20))
[execution_aware] iter  1/50 [OK ] reward=  0.3875  decay_linear(rank(-1 * stddev(delta(close, 1), 20)), 60)
[execution_aware] iter  2/50 [OK ] reward=  0.3612  decay_linear(cs_rank(-1 * stddev(delta(close, 1), 20)), 120)
[execution_aware] iter  3/50 [OK ] reward=  0.3334  decay_linear(cs_rank(-1 * stddev(delta(close, 1), 20)), 180)
[execution_aware] iter  4/50 [ERR] reward=    -inf  decay_linear(cs_rank(-1 * stddev(delta(close, 1), 20)), 360)
[execution_aware] iter  5/50 [OK ] reward=  0.3875  decay_linear(cs_rank(-1 * stddev(delta(close, 1), 20)), 60)
[execution_aware] iter  6/50 [OK ] reward=  0.3612  decay_linear(cs_rank(-1 * stddev(delta(close, 1), 20)), 120)
[execution_aware] iter  7/50 [OK ] reward=  0.3461  decay_linear(cs_rank(-1 * stddev(delta(close, 1), 30)), 120)
[execution_aware] iter  8/50 [OK ] reward=  0.0278  decay_linear(ts_rank(-1 * stddev(delta(close, 1), 20), 60), 120)
[execution_aware] iter  9/50 [OK ] reward=  0.3612  decay_linear(rank(-1 * stddev(delta(close, 1), 20)), 120)
[execution_aware] iter 10/50 [OK ] reward=  0.3335  decay_linear(rank(-1 * stddev(delta(close, 1), 40)), 120)
[execution_aware] iter 11/50 [OK ] reward=  0.3612  decay_linear(rank(-1 * stddev(delta(close, 1), 20)), 120)
[execution_aware] iter 12/50 [OK ] reward=  0.2726  decay_linear(ts_rank(-1 * stddev(delta(close, 1), 20), 252), 120)
[execution_aware] iter 13/50 [OK ] reward=  0.3039  decay_linear(ts_rank(-1 * stddev(delta(close, 1), 20), 252), 180)
[execution_aware] iter 14/50 [OK ] reward=  0.3612  decay_linear(cs_rank(-1 * stddev(delta(close, 1), 20)), 120)
[execution_aware] iter 15/50 [OK ] reward=  0.3334  decay_linear(cs_rank(-1 * stddev(delta(close, 1), 20)), 180)
[execution_aware] iter 16/50 [OK ] reward=  0.3218  decay_linear(cs_rank(-1 * stddev(delta(close, 1), 20)), 240)
[execution_aware] iter 17/50 [ERR] reward=    -inf  decay_linear(cs_rank(-1 * stddev(delta(close, 1), 20)), 300)
[execution_aware] iter 18/50 [OK ] reward=  0.3875  decay_linear(cs_rank(-1 * stddev(delta(close, 1), 20)), 60)
[execution_aware] iter 19/50 [OK ] reward=  0.3612  decay_linear(cs_rank(-1 * stddev(delta(close, 1), 20)), 120)
[execution_aware] iter 20/50 [OK ] reward=  0.3218  decay_linear(cs_rank(-1 * stddev(delta(close, 1), 20)), 240)
[execution_aware] iter 21/50 [OK ] reward=  0.3612  decay_linear(cs_rank(-1 * stddev(delta(close, 1), 20)), 120)
[execution_aware] iter 22/50 [OK ] reward=  0.3334  decay_linear(cs_rank(-1 * stddev(delta(close, 1), 20)), 180)
[execution_aware] iter 23/50 [ERR] reward=    -inf  decay_linear(cs_rank(-1 * stddev(delta(close, 1), 20)), 360)
[execution_aware] iter 24/50 [OK ] reward=  0.3875  decay_linear(cs_rank(-1 * stddev(delta(close, 1), 20)), 60)
[execution_aware] iter 25/50 [OK ] reward=  0.3612  decay_linear(cs_rank(-1 * stddev(delta(close, 1), 20)), 120)
[execution_aware] iter 26/50 [OK ] reward=  0.3468  decay_linear(cs_rank(-1 * stddev(delta(close, 1), 20)), 150)
[execution_aware] iter 27/50 [OK ] reward=  0.3275  decay_linear(cs_rank(-1 * stddev(delta(close, 1), 20)), 200)
[execution_aware] iter 28/50 [ERR] reward=    -inf  decay_linear(cs_rank(-1 * stddev(delta(close, 1), 20)), 300)
[execution_aware] iter 29/50 [OK ] reward=  0.3875  decay_linear(cs_rank(-1 * stddev(delta(close, 1), 20)), 60)
[execution_aware] iter 30/50 [OK ] reward=  0.3612  decay_linear(cs_rank(-1 * stddev(delta(close, 1), 20)), 120)
[execution_aware] iter 31/50 [OK ] reward=  0.3218  decay_linear(cs_rank(-1 * stddev(delta(close, 1), 20)), 240)
[execution_aware] iter 32/50 [ERR] reward=    -inf  decay_linear(cs_rank(-1 * stddev(delta(close, 1), 20)), 600)
[execution_aware] iter 33/50 [OK ] reward=  0.3875  decay_linear(cs_rank(-1 * stddev(delta(close, 1), 20)), 60)
[execution_aware] iter 34/50 [OK ] reward=  0.3612  decay_linear(cs_rank(-1 * stddev(delta(close, 1), 20)), 120)
[execution_aware] iter 35/50 [OK ] reward=  0.3218  decay_linear(cs_rank(-1 * stddev(delta(close, 1), 20)), 240)
[execution_aware] iter 36/50 [OK ] reward=  0.3612  decay_linear(cs_rank(-1 * stddev(delta(close, 1), 20)), 120)
[execution_aware] iter 37/50 [OK ] reward=  0.3218  decay_linear(cs_rank(-1 * stddev(delta(close, 1), 20)), 240)
[execution_aware] iter 38/50 [ERR] reward=    -inf  decay_linear(cs_rank(-1 * stddev(delta(close, 1), 20)), 360)
[execution_aware] iter 39/50 [OK ] reward=  0.3875  decay_linear(cs_rank(-1 * stddev(delta(close, 1), 20)), 60)
[execution_aware] iter 40/50 [OK ] reward=  0.3612  decay_linear(cs_rank(-1 * stddev(delta(close, 1), 20)), 120)
[execution_aware] iter 41/50 [OK ] reward=  0.3334  decay_linear(cs_rank(-1 * stddev(delta(close, 1), 20)), 180)
[execution_aware] iter 42/50 [OK ] reward=  0.3218  decay_linear(cs_rank(-1 * stddev(delta(close, 1), 20)), 240)
[execution_aware] iter 43/50 [ERR] reward=    -inf  decay_linear(cs_rank(-1 * stddev(delta(close, 1), 20)), 300)
[execution_aware] iter 44/50 [OK ] reward=  0.3275  decay_linear(cs_rank(-1 * stddev(delta(close, 1), 20)), 200)
[execution_aware] iter 45/50 [OK ] reward=  0.3875  decay_linear(cs_rank(-1 * stddev(delta(close, 1), 20)), 60)
[execution_aware] iter 46/50 [OK ] reward=  0.3612  decay_linear(cs_rank(-1 * stddev(delta(close, 1), 20)), 120)
[execution_aware] iter 47/50 [OK ] reward=  0.3612  decay_linear(cs_rank(-1 * stddev(delta(close, 1), 20)), 120)
[execution_aware] iter 48/50 [OK ] reward=  0.3612  decay_linear(cs_rank(-1 * stddev(delta(close, 1), 20)), 120)
[execution_aware] iter 49/50 [OK ] reward=  0.3334  decay_linear(cs_rank(-1 * stddev(delta(close, 1), 20)), 180)
[execution_aware] iter 50/50 [OK ] reward=  0.3218  decay_linear(cs_rank(-1 * stddev(delta(close, 1), 20)), 240)
[wfo:execution_aware] fold 15 winner: decay_linear(rank(-1 * stddev(delta(close, 1), 20)), 60)
[wfo:execution_aware] fold 15 OOS: Gross_IR=0.660 Turnover=4.18 Net_IR=0.476
[wfo:execution_aware] fold 16: train 2017-01-01..2021-12-31 -> test 2022-01-01..2022-12-31
[execution_aware] iter  0/50 [SEED] reward= -0.1348  rank(-1 * stddev(delta(close, 1), 20))
[execution_aware] iter  1/50 [OK ] reward=  0.1953  decay_linear(rank(-1 * stddev(delta(close, 1), 20)), 120)
[execution_aware] iter  2/50 [OK ] reward=  0.1245  decay_linear(cs_rank(-1 * stddev(delta(close, 1), 40)), 240)
[execution_aware] iter  3/50 [OK ] reward=  0.1452  decay_linear(cs_rank(-1 * stddev(delta(close, 1), 20)), 240)
[execution_aware] iter  4/50 [OK ] reward= -0.0396  decay_linear(ts_rank(-1 * stddev(delta(close, 1), 20), 252), 240)
[execution_aware] iter  5/50 [OK ] reward=  0.1452  decay_linear(cs_rank(-1 * stddev(delta(close, 1), 20)), 240)
[execution_aware] iter  6/50 [ERR] reward=    -inf  decay_linear(cs_rank(-1 * stddev(delta(close, 1), 20)), 480)
[execution_aware] iter  7/50 [OK ] reward=  0.1953  decay_linear(cs_rank(-1 * stddev(delta(close, 1), 20)), 120)
[execution_aware] iter  8/50 [OK ] reward=  0.1245  decay_linear(cs_rank(-1 * stddev(delta(close, 1), 40)), 240)
[execution_aware] iter  9/50 [OK ] reward=  0.1452  decay_linear(cs_rank(-1 * stddev(delta(close, 1), 20)), 240)
[execution_aware] iter 10/50 [ERR] reward=    -inf  decay_linear(cs_rank(-1 * stddev(delta(close, 1), 20)), 360)
[execution_aware] iter 11/50 [OK ] reward=  0.1953  decay_linear(cs_rank(-1 * stddev(delta(close, 1), 20)), 120)
[execution_aware] iter 12/50 [OK ] reward=  0.1452  decay_linear(cs_rank(-1 * stddev(delta(close, 1), 20)), 240)
[execution_aware] iter 13/50 [OK ] reward=  0.1452  decay_linear(cs_rank(-1 * stddev(delta(close, 1), 20)), 240)
[execution_aware] iter 14/50 [ERR] reward=    -inf  decay_linear(cs_rank(-1 * stddev(delta(close, 1), 30)), 360)
[execution_aware] iter 15/50 [OK ] reward=  0.1953  decay_linear(cs_rank(-1 * stddev(delta(close, 1), 20)), 120)
[execution_aware] iter 16/50 [OK ] reward=  0.1636  decay_linear(cs_rank(-1 * stddev(delta(close, 1), 20)), 180)
[execution_aware] iter 17/50 [OK ] reward=  0.1322  decay_linear(cs_rank(-1 * stddev(delta(close, 1), 30)), 240)
[execution_aware] iter 18/50 [ERR] reward=    -inf  decay_linear(cs_rank(-1 * stddev(delta(close, 1), 40)), 360)
[execution_aware] iter 19/50 [OK ] reward=  0.1953  decay_linear(cs_rank(-1 * stddev(delta(close, 1), 20)), 120)
[execution_aware] iter 20/50 [OK ] reward=  0.1452  decay_linear(cs_rank(-1 * stddev(delta(close, 1), 20)), 240)
[execution_aware] iter 21/50 [OK ] reward=  0.1452  decay_linear(cs_rank(-1 * stddev(delta(close, 1), 20)), 240)
[execution_aware] iter 22/50 [ERR] reward=    -inf  decay_linear(cs_rank(-1 * stddev(delta(close, 1), 30)), 360)
[execution_aware] iter 23/50 [OK ] reward=  0.1953  decay_linear(cs_rank(-1 * stddev(delta(close, 1), 20)), 120)
[execution_aware] iter 24/50 [OK ] reward=  0.1452  decay_linear(cs_rank(-1 * stddev(delta(close, 1), 20)), 240)
[execution_aware] iter 25/50 [ERR] reward=    -inf  decay_linear(cs_rank(-1 * stddev(delta(close, 1), 20)), 360)
[execution_aware] iter 26/50 [OK ] reward=  0.1953  decay_linear(cs_rank(-1 * stddev(delta(close, 1), 20)), 120)
[execution_aware] iter 27/50 [OK ] reward=  0.1452  decay_linear(cs_rank(-1 * stddev(delta(close, 1), 20)), 240)
[execution_aware] iter 28/50 [ERR] reward=    -inf  decay_linear(cs_rank(-1 * stddev(delta(close, 1), 20)), 300)
[execution_aware] iter 29/50 [OK ] reward=  0.1953  decay_linear(cs_rank(-1 * stddev(delta(close, 1), 20)), 120)
[execution_aware] iter 30/50 [OK ] reward=  0.1452  decay_linear(cs_rank(-1 * stddev(delta(close, 1), 20)), 240)
[execution_aware] iter 31/50 [OK ] reward=  0.0998  decay_linear(ts_rank(-1 * stddev(delta(close, 1), 20), 252), 120)
[execution_aware] iter 32/50 [OK ] reward=  0.1452  decay_linear(rank(-1 * stddev(delta(close, 1), 20)), 240)
[execution_aware] iter 33/50 [OK ] reward= -0.0396  decay_linear(ts_rank(-1 * stddev(delta(close, 1), 20), 252), 240)
[execution_aware] iter 34/50 [OK ] reward= -0.0396  decay_linear(ts_rank(-1 * stddev(delta(close, 1), 20), 252), 240)
[execution_aware] iter 35/50 [OK ] reward=  0.1636  decay_linear(cs_rank(-1 * stddev(delta(close, 1), 20)), 180)
[execution_aware] iter 36/50 [OK ] reward=  0.1452  decay_linear(cs_rank(-1 * stddev(delta(close, 1), 20)), 240)
[execution_aware] iter 37/50 [ERR] reward=    -inf  decay_linear(cs_rank(-1 * stddev(delta(close, 1), 20)), 300)
[execution_aware] iter 38/50 [OK ] reward= -0.0596  decay_linear(ts_rank(-1 * stddev(delta(close, 1), 20), 120), 60)
[execution_aware] iter 39/50 [OK ] reward=  0.1452  decay_linear(cs_rank(-1 * stddev(delta(close, 1), 20)), 240)
[execution_aware] iter 40/50 [ERR] reward=    -inf  decay_linear(cs_rank(-1 * stddev(delta(close, 1), 20)), 360)
[execution_aware] iter 41/50 [OK ] reward=  0.1953  decay_linear(cs_rank(-1 * stddev(delta(close, 1), 20)), 120)
[execution_aware] iter 42/50 [OK ] reward=  0.1452  decay_linear(cs_rank(-1 * stddev(delta(close, 1), 20)), 240)
[execution_aware] iter 43/50 [ERR] reward=    -inf  decay_linear(cs_rank(-1 * stddev(delta(close, 1), 20)), 360)
[execution_aware] iter 44/50 [OK ] reward=  0.1953  decay_linear(cs_rank(-1 * stddev(delta(close, 1), 20)), 120)
[execution_aware] iter 45/50 [OK ] reward=  0.1452  decay_linear(cs_rank(-1 * stddev(delta(close, 1), 20)), 240)
[execution_aware] iter 46/50 [ERR] reward=    -inf  decay_linear(cs_rank(-1 * stddev(delta(close, 1), 20)), 360)
[execution_aware] iter 47/50 [OK ] reward=  0.1953  decay_linear(cs_rank(-1 * stddev(delta(close, 1), 20)), 120)
[execution_aware] iter 48/50 [OK ] reward=  0.1452  decay_linear(cs_rank(-1 * stddev(delta(close, 1), 20)), 240)
[execution_aware] iter 49/50 [ERR] reward=    -inf  decay_linear(cs_rank(-1 * stddev(delta(close, 1), 20)), 360)
[execution_aware] iter 50/50 [OK ] reward= -0.0596  decay_linear(ts_rank(-1 * stddev(delta(close, 1), 20), 120), 60)
[wfo:execution_aware] fold 16 winner: decay_linear(rank(-1 * stddev(delta(close, 1), 20)), 120)
[wfo:execution_aware] fold 16 OOS: Gross_IR=1.303 Turnover=4.06 Net_IR=1.152
[wfo:execution_aware] fold 17: train 2018-01-01..2022-12-31 -> test 2023-01-01..2023-12-31
[execution_aware] iter  0/50 [SEED] reward=  0.0294  rank(-1 * stddev(delta(close, 1), 20))
[execution_aware] iter  1/50 [OK ] reward=  0.3973  decay_linear(rank(-1 * stddev(delta(close, 1), 20)), 126)
[execution_aware] iter  2/50 [OK ] reward=  0.3662  decay_linear(rank(-1 * stddev(delta(close, 1), 20)), 252)
[execution_aware] iter  3/50 [ERR] reward=    -inf  decay_linear(rank(-1 * stddev(delta(close, 1), 20)), 504)
[execution_aware] iter  4/50 [OK ] reward=  0.3973  decay_linear(rank(-1 * stddev(delta(close, 1), 20)), 126)
[execution_aware] iter  5/50 [OK ] reward=  0.3662  decay_linear(rank(-1 * stddev(delta(close, 1), 20)), 252)
[execution_aware] iter  6/50 [ERR] reward=    -inf  decay_linear(rank(-1 * stddev(delta(close, 1), 20)), 504)
[execution_aware] iter  7/50 [OK ] reward=  0.3973  decay_linear(cs_rank(-1 * stddev(delta(close, 1), 20)), 126)
[execution_aware] iter  8/50 [OK ] reward=  0.3662  decay_linear(cs_rank(-1 * stddev(delta(close, 1), 20)), 252)
[execution_aware] iter  9/50 [ERR] reward=    -inf  decay_linear(cs_rank(-1 * stddev(delta(close, 1), 20)), 365)
[execution_aware] iter 10/50 [OK ] reward=  0.3973  decay_linear(cs_rank(-1 * stddev(delta(close, 1), 20)), 126)
[execution_aware] iter 11/50 [OK ] reward=  0.3662  decay_linear(cs_rank(-1 * stddev(delta(close, 1), 20)), 252)
[execution_aware] iter 12/50 [ERR] reward=    -inf  decay_linear(cs_rank(-1 * stddev(delta(close, 1), 20)), 504)
[execution_aware] iter 13/50 [OK ] reward=  0.3973  decay_linear(cs_rank(-1 * stddev(delta(close, 1), 20)), 126)
[execution_aware] iter 14/50 [OK ] reward=  0.3662  decay_linear(cs_rank(-1 * stddev(delta(close, 1), 20)), 252)
[execution_aware] iter 15/50 [OK ] reward=  0.3662  decay_linear(cs_rank(-1 * stddev(delta(close, 1), 20)), 252)
[execution_aware] iter 16/50 [ERR] reward=    -inf  decay_linear(cs_rank(-1 * stddev(delta(close, 1), 20)), 365)
[execution_aware] iter 17/50 [OK ] reward=  0.3973  decay_linear(cs_rank(-1 * stddev(delta(close, 1), 20)), 126)
[execution_aware] iter 18/50 [OK ] reward=  0.3662  decay_linear(cs_rank(-1 * stddev(delta(close, 1), 20)), 252)
[execution_aware] iter 19/50 [ERR] reward=    -inf  decay_linear(cs_rank(-1 * stddev(delta(close, 1), 20)), 504)
[execution_aware] iter 20/50 [OK ] reward=  0.3973  decay_linear(cs_rank(-1 * stddev(delta(close, 1), 20)), 126)
[execution_aware] iter 21/50 [OK ] reward=  0.3662  decay_linear(cs_rank(-1 * stddev(delta(close, 1), 20)), 252)
[execution_aware] iter 22/50 [ERR] reward=    -inf  decay_linear(cs_rank(-1 * stddev(delta(close, 1), 20)), 504)
[execution_aware] iter 23/50 [OK ] reward=  0.3973  decay_linear(cs_rank(-1 * stddev(delta(close, 1), 20)), 126)
[execution_aware] iter 24/50 [OK ] reward=  0.3493  decay_linear(cs_rank(-1 * stddev(delta(close, 1), 40)), 252)
[execution_aware] iter 25/50 [OK ] reward=  0.3662  decay_linear(cs_rank(-1 * stddev(delta(close, 1), 20)), 252)
[execution_aware] iter 26/50 [OK ] reward=  0.3662  decay_linear(cs_rank(-1 * stddev(delta(close, 1), 20)), 252)
[execution_aware] iter 27/50 [OK ] reward=  0.3571  decay_linear(cs_rank(-1 * stddev(delta(close, 1), 30)), 252)
[execution_aware] iter 28/50 [OK ] reward=  0.3662  decay_linear(cs_rank(-1 * stddev(delta(close, 1), 20)), 252)
[execution_aware] iter 29/50 [OK ] reward=  0.3662  decay_linear(cs_rank(-1 * stddev(delta(close, 1), 20)), 252)
[execution_aware] iter 30/50 [OK ] reward=  0.3662  decay_linear(cs_rank(-1 * stddev(delta(close, 1), 20)), 252)
[execution_aware] iter 31/50 [ERR] reward=    -inf  decay_linear(cs_rank(-1 * stddev(delta(close, 1), 20)), 504)
[execution_aware] iter 32/50 [OK ] reward=  0.3973  decay_linear(cs_rank(-1 * stddev(delta(close, 1), 20)), 126)
[execution_aware] iter 33/50 [OK ] reward=  0.3662  decay_linear(cs_rank(-1 * stddev(delta(close, 1), 20)), 252)
[execution_aware] iter 34/50 [ERR] reward=    -inf  decay_linear(cs_rank(-1 * stddev(delta(close, 1), 20)), 504)
[execution_aware] iter 35/50 [OK ] reward= -0.0332  decay_linear(ts_rank(-1 * stddev(delta(close, 1), 20), 126), 126)
[execution_aware] iter 36/50 [OK ] reward= -0.0428  decay_linear(ts_rank(-1 * stddev(delta(close, 1), 20), 126), 252)
[execution_aware] iter 37/50 [OK ] reward=  0.3662  decay_linear(rank(-1 * stddev(delta(close, 1), 20)), 252)
[execution_aware] iter 38/50 [ERR] reward=    -inf  decay_linear(rank(-1 * stddev(delta(close, 1), 20)), 504)
[execution_aware] iter 39/50 [OK ] reward=  0.3973  decay_linear(rank(-1 * stddev(delta(close, 1), 20)), 126)
[execution_aware] iter 40/50 [OK ] reward=  0.3662  decay_linear(rank(-1 * stddev(delta(close, 1), 20)), 252)
[execution_aware] iter 41/50 [OK ] reward= -0.0428  decay_linear(ts_rank(-1 * stddev(delta(close, 1), 20), 126), 252)
[execution_aware] iter 42/50 [OK ] reward=  0.3973  decay_linear(cs_rank(-1 * stddev(delta(close, 1), 20)), 126)
[execution_aware] iter 43/50 [OK ] reward=  0.3662  decay_linear(cs_rank(-1 * stddev(delta(close, 1), 20)), 252)
[execution_aware] iter 44/50 [ERR] reward=    -inf  decay_linear(cs_rank(-1 * stddev(delta(close, 1), 20)), 365)
[execution_aware] iter 45/50 [OK ] reward=  0.3973  decay_linear(cs_rank(-1 * stddev(delta(close, 1), 20)), 126)
[execution_aware] iter 46/50 [OK ] reward=  0.3662  decay_linear(cs_rank(-1 * stddev(delta(close, 1), 20)), 252)
[execution_aware] iter 47/50 [OK ] reward=  0.0445  decay_linear(ts_rank(-1 * stddev(delta(close, 1), 20), 252), 252)
[execution_aware] iter 48/50 [OK ] reward=  0.3773  decay_linear(cs_rank(-1 * stddev(delta(close, 1), 20)), 180)
[execution_aware] iter 49/50 [OK ] reward=  0.3662  decay_linear(cs_rank(-1 * stddev(delta(close, 1), 20)), 252)
[execution_aware] iter 50/50 [OK ] reward=  0.3662  decay_linear(cs_rank(-1 * stddev(delta(close, 1), 20)), 252)
[wfo:execution_aware] fold 17 winner: decay_linear(rank(-1 * stddev(delta(close, 1), 20)), 126)
[wfo:execution_aware] fold 17 OOS: Gross_IR=0.125 Turnover=3.43 Net_IR=-0.062
[wfo:execution_aware] fold 18: train 2019-01-01..2023-12-31 -> test 2024-01-01..2024-12-31
[execution_aware] iter  0/50 [SEED] reward=  0.0073  rank(-1 * stddev(delta(close, 1), 20))
[execution_aware] iter  1/50 [OK ] reward=  0.3309  decay_linear(cs_rank(-1 * stddev(delta(close, 1), 20)), 100)
[execution_aware] iter  2/50 [OK ] reward=  0.2821  decay_linear(cs_rank(-1 * stddev(delta(close, 1), 20)), 200)
[execution_aware] iter  3/50 [OK ] reward=  0.2732  decay_linear(cs_rank(-1 * stddev(delta(close, 1), 20)), 250)
[execution_aware] iter  4/50 [OK ] reward=  0.2732  decay_linear(cs_rank(-1 * stddev(delta(close, 1), 20)), 250)
[execution_aware] iter  5/50 [ERR] reward=    -inf  decay_linear(cs_rank(-1 * stddev(delta(close, 1), 20)), 300)
[execution_aware] iter  6/50 [OK ] reward=  0.3173  decay_linear(cs_rank(-1 * stddev(delta(close, 1), 20)), 120)
[execution_aware] iter  7/50 [OK ] reward=  0.2821  decay_linear(cs_rank(-1 * stddev(delta(close, 1), 20)), 200)
[execution_aware] iter  8/50 [OK ] reward=  0.2766  decay_linear(cs_rank(-1 * stddev(delta(close, 1), 30)), 200)
[execution_aware] iter  9/50 [OK ] reward=  0.2821  decay_linear(cs_rank(-1 * stddev(delta(close, 1), 20)), 200)
[execution_aware] iter 10/50 [ERR] reward=    -inf  decay_linear(cs_rank(-1 * stddev(delta(close, 1), 20)), 300)
[execution_aware] iter 11/50 [OK ] reward=  0.2730  decay_linear(cs_rank(-1 * stddev(delta(close, 1), 20)), 252)
[execution_aware] iter 12/50 [OK ] reward=  0.2730  decay_linear(cs_rank(-1 * stddev(delta(close, 1), 20)), 252)
[execution_aware] iter 13/50 [ERR] reward=    -inf  decay_linear(cs_rank(-1 * stddev(delta(close, 1), 20)), 300)
[execution_aware] iter 14/50 [OK ] reward=  0.2996  decay_linear(cs_rank(-1 * stddev(delta(close, 1), 20)), 150)
[execution_aware] iter 15/50 [OK ] reward=  0.2821  decay_linear(cs_rank(-1 * stddev(delta(close, 1), 20)), 200)
[execution_aware] iter 16/50 [ERR] reward=    -inf  decay_linear(cs_rank(-1 * stddev(delta(close, 1), 20)), 300)
[execution_aware] iter 17/50 [OK ] reward=  0.2730  decay_linear(cs_rank(-1 * stddev(delta(close, 1), 20)), 252)
[execution_aware] iter 18/50 [OK ] reward=  0.2821  decay_linear(cs_rank(-1 * stddev(delta(close, 1), 20)), 200)
[execution_aware] iter 19/50 [ERR] reward=    -inf  decay_linear(cs_rank(-1 * stddev(delta(close, 1), 20)), 300)
[execution_aware] iter 20/50 [OK ] reward=  0.3309  decay_linear(cs_rank(-1 * stddev(delta(close, 1), 20)), 100)
[execution_aware] iter 21/50 [OK ] reward=  0.2821  decay_linear(cs_rank(-1 * stddev(delta(close, 1), 20)), 200)
[execution_aware] iter 22/50 [ERR] reward=    -inf  decay_linear(cs_rank(-1 * stddev(delta(close, 1), 20)), 300)
[execution_aware] iter 23/50 [OK ] reward=  0.2996  decay_linear(cs_rank(-1 * stddev(delta(close, 1), 20)), 150)
[execution_aware] iter 24/50 [OK ] reward=  0.2821  decay_linear(cs_rank(-1 * stddev(delta(close, 1), 20)), 200)
[execution_aware] iter 25/50 [ERR] reward=    -inf  decay_linear(cs_rank(-1 * stddev(delta(close, 1), 20)), 500)
[execution_aware] iter 26/50 [OK ] reward=  0.2996  decay_linear(cs_rank(-1 * stddev(delta(close, 1), 20)), 150)
[execution_aware] iter 27/50 [OK ] reward=  0.2766  decay_linear(cs_rank(-1 * stddev(delta(close, 1), 30)), 200)
[execution_aware] iter 28/50 [OK ] reward=  0.2821  decay_linear(cs_rank(-1 * stddev(delta(close, 1), 20)), 200)
[execution_aware] iter 29/50 [ERR] reward=    -inf  decay_linear(cs_rank(-1 * stddev(delta(close, 1), 20)), 300)
[execution_aware] iter 30/50 [OK ] reward=  0.3309  decay_linear(cs_rank(-1 * stddev(delta(close, 1), 20)), 100)
[execution_aware] iter 31/50 [OK ] reward=  0.2821  decay_linear(cs_rank(-1 * stddev(delta(close, 1), 20)), 200)
[execution_aware] iter 32/50 [OK ] reward=  0.2933  decay_linear(cs_rank(-1 * stddev(delta(close, 1), 30)), 150)
[execution_aware] iter 33/50 [OK ] reward=  0.2821  decay_linear(cs_rank(-1 * stddev(delta(close, 1), 20)), 200)
[execution_aware] iter 34/50 [OK ] reward=  0.2730  decay_linear(cs_rank(-1 * stddev(delta(close, 1), 20)), 252)
[execution_aware] iter 35/50 [OK ] reward=  0.2821  decay_linear(cs_rank(-1 * stddev(delta(close, 1), 20)), 200)
[execution_aware] iter 36/50 [ERR] reward=    -inf  decay_linear(cs_rank(-1 * stddev(delta(close, 1), 20)), 300)
[execution_aware] iter 37/50 [OK ] reward=  0.2730  decay_linear(cs_rank(-1 * stddev(delta(close, 1), 20)), 252)
[execution_aware] iter 38/50 [OK ] reward=  0.2821  decay_linear(cs_rank(-1 * stddev(delta(close, 1), 20)), 200)
[execution_aware] iter 39/50 [OK ] reward=  0.2730  decay_linear(cs_rank(-1 * stddev(delta(close, 1), 20)), 252)
[execution_aware] iter 40/50 [OK ] reward=  0.2821  decay_linear(cs_rank(-1 * stddev(delta(close, 1), 20)), 200)
[execution_aware] iter 41/50 [ERR] reward=    -inf  decay_linear(cs_rank(-1 * stddev(delta(close, 1), 20)), 500)
[execution_aware] iter 42/50 [OK ] reward=  0.2996  decay_linear(cs_rank(-1 * stddev(delta(close, 1), 20)), 150)
[execution_aware] iter 43/50 [OK ] reward=  0.2821  decay_linear(cs_rank(-1 * stddev(delta(close, 1), 20)), 200)
[execution_aware] iter 44/50 [OK ] reward=  0.2730  decay_linear(cs_rank(-1 * stddev(delta(close, 1), 20)), 252)
[execution_aware] iter 45/50 [ERR] reward=    -inf  decay_linear(cs_rank(-1 * stddev(delta(close, 1), 20)), 500)
[execution_aware] iter 46/50 [OK ] reward=  0.2996  decay_linear(cs_rank(-1 * stddev(delta(close, 1), 20)), 150)
[execution_aware] iter 47/50 [OK ] reward=  0.2821  decay_linear(cs_rank(-1 * stddev(delta(close, 1), 20)), 200)
[execution_aware] iter 48/50 [OK ] reward=  0.2730  decay_linear(cs_rank(-1 * stddev(delta(close, 1), 20)), 252)
[execution_aware] iter 49/50 [OK ] reward=  0.2821  decay_linear(cs_rank(-1 * stddev(delta(close, 1), 20)), 200)
[execution_aware] iter 50/50 [ERR] reward=    -inf  decay_linear(cs_rank(-1 * stddev(delta(close, 1), 20)), 300)
[wfo:execution_aware] fold 18 winner: decay_linear(cs_rank(-1 * stddev(delta(close, 1), 20)), 100)
[wfo:execution_aware] fold 18 OOS: Gross_IR=0.992 Turnover=3.83 Net_IR=0.823
[wfo:execution_aware] fold 19: train 2020-01-01..2024-12-31 -> test 2025-01-01..2025-12-31
[execution_aware] iter  0/50 [SEED] reward=  0.0725  rank(-1 * stddev(delta(close, 1), 20))
[execution_aware] iter  1/50 [OK ] reward=  0.4298  decay_linear(rank(-1 * stddev(delta(close, 1), 20)), 60)
[execution_aware] iter  2/50 [OK ] reward=  0.4310  decay_linear(rank(-1 * stddev(delta(close, 1), 20)), 120)
[execution_aware] iter  3/50 [OK ] reward=  0.4334  decay_linear(rank(-1 * stddev(delta(close, 1), 20)), 240)
[execution_aware] iter  4/50 [ERR] reward=    -inf  decay_linear(rank(-1 * stddev(delta(close, 1), 20)), 500)
[execution_aware] iter  5/50 [OK ] reward=  0.4334  decay_linear(rank(-1 * stddev(delta(close, 1), 20)), 240)
[execution_aware] iter  6/50 [ERR] reward=    -inf  decay_linear(rank(-1 * stddev(delta(close, 1), 20)), 360)
[execution_aware] iter  7/50 [OK ] reward=  0.4334  decay_linear(cs_rank(-1 * stddev(delta(close, 1), 20)), 240)
[execution_aware] iter  8/50 [ERR] reward=    -inf  decay_linear(rank(-1 * stddev(delta(close, 1), 20)), 500)
[execution_aware] iter  9/50 [OK ] reward=  0.4334  decay_linear(rank(-1 * stddev(delta(close, 1), 20)), 240)
[execution_aware] iter 10/50 [ERR] reward=    -inf  decay_linear(rank(-1 * stddev(delta(close, 1), 20)), 500)
[execution_aware] iter 11/50 [OK ] reward= -0.5670  decay_linear(cs_rank(-1 * ts_rank(stddev(delta(close, 1), 20), 20)), 240)
[execution_aware] iter 12/50 [ERR] reward=    -inf  decay_linear(cs_rank(-1 * stddev(delta(close, 1), 20)), 360)
[execution_aware] iter 13/50 [OK ] reward=  0.4334  decay_linear(cs_rank(-1 * stddev(delta(close, 1), 20)), 240)
[execution_aware] iter 14/50 [ERR] reward=    -inf  decay_linear(cs_rank(-1 * stddev(delta(close, 1), 20)), 360)
[execution_aware] iter 15/50 [OK ] reward=  0.4334  decay_linear(cs_rank(-1 * stddev(delta(close, 1), 20)), 240)
[execution_aware] iter 16/50 [ERR] reward=    -inf  decay_linear(cs_rank(-1 * stddev(delta(close, 1), 20)), 480)
[execution_aware] iter 17/50 [OK ] reward=  0.4334  decay_linear(cs_rank(-1 * stddev(delta(close, 1), 20)), 240)
[execution_aware] iter 18/50 [ERR] reward=    -inf  decay_linear(cs_rank(-1 * stddev(delta(close, 1), 30)), 480)
[execution_aware] iter 19/50 [OK ] reward=  0.4334  decay_linear(cs_rank(-1 * stddev(delta(close, 1), 20)), 240)
[execution_aware] iter 20/50 [ERR] reward=    -inf  decay_linear(cs_rank(-1 * stddev(delta(close, 1), 40)), 360)
[execution_aware] iter 21/50 [OK ] reward=  0.4334  decay_linear(cs_rank(-1 * stddev(delta(close, 1), 20)), 240)
[execution_aware] iter 22/50 [ERR] reward=    -inf  decay_linear(cs_rank(-1 * stddev(delta(close, 1), 20)), 480)
[execution_aware] iter 23/50 [OK ] reward=  0.4334  decay_linear(cs_rank(-1 * stddev(delta(close, 1), 20)), 240)
[execution_aware] iter 24/50 [ERR] reward=    -inf  decay_linear(cs_rank(-1 * stddev(delta(close, 1), 20)), 480)
[execution_aware] iter 25/50 [OK ] reward=  0.4334  decay_linear(cs_rank(-1 * stddev(delta(close, 1), 20)), 240)
[execution_aware] iter 26/50 [ERR] reward=    -inf  decay_linear(cs_rank(-1 * stddev(delta(close, 1), 20)), 480)
[execution_aware] iter 27/50 [OK ] reward=  0.4334  decay_linear(cs_rank(-1 * stddev(delta(close, 1), 20)), 240)
[execution_aware] iter 28/50 [ERR] reward=    -inf  decay_linear(rank(-1 * stddev(delta(close, 1), 20)), 480)
[execution_aware] iter 29/50 [OK ] reward=  0.4334  decay_linear(cs_rank(-1 * stddev(delta(close, 1), 20)), 240)
[execution_aware] iter 30/50 [ERR] reward=    -inf  decay_linear(cs_rank(-1 * stddev(delta(close, 1), 30)), 360)
[execution_aware] iter 31/50 [OK ] reward=  0.4334  decay_linear(cs_rank(-1 * stddev(delta(close, 1), 20)), 240)
[execution_aware] iter 32/50 [ERR] reward=    -inf  decay_linear(cs_rank(-1 * stddev(delta(close, 1), 20)), 480)
[execution_aware] iter 33/50 [OK ] reward=  0.4334  decay_linear(cs_rank(-1 * stddev(delta(close, 1), 20)), 240)
[execution_aware] iter 34/50 [ERR] reward=    -inf  decay_linear(cs_rank(-1 * stddev(delta(close, 1), 30)), 360)
[execution_aware] iter 35/50 [OK ] reward=  0.4334  decay_linear(cs_rank(-1 * stddev(delta(close, 1), 20)), 240)
[execution_aware] iter 36/50 [ERR] reward=    -inf  decay_linear(rank(-1 * stddev(delta(close, 1), 20)), 480)
[execution_aware] iter 37/50 [OK ] reward= -0.0639  decay_linear(ts_rank(-1 * stddev(delta(close, 1), 20), 240), 120)
[execution_aware] iter 38/50 [ERR] reward=    -inf  decay_linear(rank(-1 * stddev(delta(close, 1), 20)), 480)
[execution_aware] iter 39/50 [OK ] reward=  0.4334  decay_linear(rank(-1 * stddev(delta(close, 1), 20)), 240)
[execution_aware] iter 40/50 [ERR] reward=    -inf  decay_linear(rank(-1 * stddev(delta(close, 1), 20)), 500)
[execution_aware] iter 41/50 [OK ] reward=  0.4334  decay_linear(rank(-1 * stddev(delta(close, 1), 20)), 240)
[execution_aware] iter 42/50 [ERR] reward=    -inf  decay_linear(rank(-1 * stddev(delta(close, 1), 20)), 500)
[execution_aware] iter 43/50 [OK ] reward=  0.4334  decay_linear(rank(-1 * stddev(delta(close, 1), 20)), 240)
[execution_aware] iter 44/50 [ERR] reward=    -inf  decay_linear(rank(-1 * stddev(delta(close, 1), 20)), 480)
[execution_aware] iter 45/50 [OK ] reward=  0.4334  decay_linear(cs_rank(-1 * stddev(delta(close, 1), 20)), 240)
[execution_aware] iter 46/50 [ERR] reward=    -inf  decay_linear(cs_rank(-1 * stddev(delta(close, 1), 20)), 360)
[execution_aware] iter 47/50 [OK ] reward=  0.4334  decay_linear(cs_rank(-1 * stddev(delta(close, 1), 20)), 240)
[execution_aware] iter 48/50 [ERR] reward=    -inf  decay_linear(cs_rank(-1 * stddev(delta(close, 1), 20)), 360)
[execution_aware] iter 49/50 [OK ] reward=  0.4334  decay_linear(cs_rank(-1 * stddev(delta(close, 1), 20)), 240)
[execution_aware] iter 50/50 [ERR] reward=    -inf  decay_linear(cs_rank(-1 * stddev(delta(close, 1), 20)), 360)
[wfo:execution_aware] fold 19 winner: decay_linear(rank(-1 * stddev(delta(close, 1), 20)), 240)
[wfo:execution_aware] fold 19 OOS: Gross_IR=0.680 Turnover=3.60 Net_IR=0.500
[wfo:execution_aware] fold 20: train 2021-01-01..2025-12-31 -> test 2026-01-01..2026-08-13
[execution_aware] iter  0/50 [SEED] reward=  0.1703  rank(-1 * stddev(delta(close, 1), 20))
[execution_aware] iter  1/50 [OK ] reward=  0.5955  decay_linear(rank(-1 * stddev(delta(close, 1), 20)), 100)
[execution_aware] iter  2/50 [OK ] reward=  0.6632  decay_linear(rank(-1 * stddev(delta(close, 1), 20)), 200)
[execution_aware] iter  3/50 [ERR] reward=    -inf  decay_linear(cs_rank(-1 * stddev(delta(close, 1), 20)), 400)
[execution_aware] iter  4/50 [OK ] reward= -0.6595  decay_linear(ts_rank(-1 * stddev(delta(close, 1), 20), 20), 200)
[execution_aware] iter  5/50 [ERR] reward=    -inf  decay_linear(cs_rank(-1 * stddev(delta(close, 1), 20)), 400)
[execution_aware] iter  6/50 [OK ] reward=  0.6632  decay_linear(cs_rank(-1 * stddev(delta(close, 1), 20)), 200)
[execution_aware] iter  7/50 [ERR] reward=    -inf  decay_linear(cs_rank(-1 * stddev(delta(close, 1), 20)), 400)
[execution_aware] iter  8/50 [OK ] reward=  0.6632  decay_linear(cs_rank(-1 * stddev(delta(close, 1), 20)), 200)
[execution_aware] iter  9/50 [ERR] reward=    -inf  decay_linear(cs_rank(-1 * stddev(delta(close, 1), 20)), 400)
[execution_aware] iter 10/50 [OK ] reward=  0.6632  decay_linear(cs_rank(-1 * stddev(delta(close, 1), 20)), 200)
[execution_aware] iter 11/50 [ERR] reward=    -inf  decay_linear(cs_rank(-1 * stddev(delta(close, 1), 20)), 500)
[execution_aware] iter 12/50 [OK ] reward=  0.6632  decay_linear(cs_rank(-1 * stddev(delta(close, 1), 20)), 200)
[execution_aware] iter 13/50 [ERR] reward=    -inf  decay_linear(cs_rank(-1 * stddev(delta(close, 1), 20)), 400)
[execution_aware] iter 14/50 [OK ] reward=  0.5955  decay_linear(cs_rank(-1 * stddev(delta(close, 1), 20)), 100)
[execution_aware] iter 15/50 [OK ] reward=  0.6872  decay_linear(cs_rank(-1 * stddev(delta(close, 1), 20)), 250)
[execution_aware] iter 16/50 [ERR] reward=    -inf  decay_linear(cs_rank(-1 * stddev(delta(close, 1), 20)), 500)
[execution_aware] iter 17/50 [OK ] reward=  0.6894  decay_linear(cs_rank(-1 * stddev(delta(close, 1), 20)), 252)
[execution_aware] iter 18/50 [ERR] reward=    -inf  decay_linear(cs_rank(-1 * stddev(delta(close, 1), 20)), 500)
[execution_aware] iter 19/50 [OK ] reward=  0.6632  decay_linear(cs_rank(-1 * stddev(delta(close, 1), 20)), 200)
[execution_aware] iter 20/50 [ERR] reward=    -inf  decay_linear(cs_rank(-1 * stddev(delta(close, 1), 20)), 500)
[execution_aware] iter 21/50 [OK ] reward=  0.2276  decay_linear(cs_rank(-1 * stddev(delta(close, 1), 20)), 252) + cs_rank(volume)
[execution_aware] iter 22/50 [ERR] reward=    -inf  decay_linear(cs_rank(-1 * stddev(delta(close, 1), 20)), 500)
[execution_aware] iter 23/50 [OK ] reward=  0.6632  decay_linear(cs_rank(-1 * stddev(delta(close, 1), 20)), 200)
[execution_aware] iter 24/50 [ERR] reward=    -inf  decay_linear(cs_rank(-1 * stddev(delta(close, 1), 20)), 500)
[execution_aware] iter 25/50 [OK ] reward=  1.1798  decay_linear(cs_rank(-1 * stddev(delta(close, 1), 20)), 252) + decay_linear(cs_rank(volume), 252)
[execution_aware] iter 26/50 [ERR] reward=    -inf  decay_linear(cs_rank(-1 * stddev(delta(close, 1), 20)), 500) + cs_rank(volume)
[execution_aware] iter 27/50 [OK ] reward=  0.8731  decay_linear(cs_rank(-1 * stddev(delta(close, 1), 20)), 252) + decay_linear(cs_rank(volume), 252) + decay_linear(cs_rank(high - low), 252)
[execution_aware] iter 28/50 [OK ] reward=  1.1798  decay_linear(cs_rank(-1 * stddev(delta(close, 1), 20)), 252) + decay_linear(cs_rank(volume), 252)
[execution_aware] iter 29/50 [ERR] reward=    -inf  decay_linear(cs_rank(-1 * stddev(delta(close, 1), 20)), 500) + decay_linear(cs_rank(volume), 252)
[execution_aware] iter 30/50 [OK ] reward=  1.0677  decay_linear(cs_rank(-1 * stddev(delta(close, 1), 20)), 252) + decay_linear(cs_rank(volume), 252) + decay_linear(cs_rank(vwap), 252)
[execution_aware] iter 31/50 [ERR] reward=    -inf  decay_linear(cs_rank(-1 * stddev(delta(close, 1), 20)), 500) + decay_linear(cs_rank(volume), 252)
[execution_aware] iter 32/50 [OK ] reward=  1.2017  decay_linear(cs_rank(-1 * stddev(delta(close, 1), 20)), 252) + decay_linear(cs_rank(volume), 100)
[execution_aware] iter 33/50 [ERR] reward=    -inf  decay_linear(cs_rank(-1 * stddev(delta(close, 1), 20)), 500) + cs_rank(volume)
[execution_aware] iter 34/50 [OK ] reward=  0.7954  decay_linear(cs_rank(-1 * stddev(delta(close, 1), 20)), 252) + decay_linear(cs_rank(volume), 100) + decay_linear(cs_rank(-1 * (high - low)), 120)
[execution_aware] iter 35/50 [OK ] reward=  1.1994  decay_linear(cs_rank(-1 * stddev(delta(close, 1), 20)), 252) + decay_linear(cs_rank(volume), 120)
[execution_aware] iter 36/50 [ERR] reward=    -inf  decay_linear(cs_rank(-1 * stddev(delta(close, 1), 20)), 500) + cs_rank(volume)
[execution_aware] iter 37/50 [OK ] reward=  1.2072  decay_linear(cs_rank(-1 * stddev(delta(close, 1), 20)), 252) + decay_linear(cs_rank(volume), 50)
[execution_aware] iter 38/50 [OK ] reward=  0.2276  decay_linear(cs_rank(-1 * stddev(delta(close, 1), 20)), 252) + cs_rank(volume)
[execution_aware] iter 39/50 [ERR] reward=    -inf  decay_linear(cs_rank(-1 * stddev(delta(close, 1), 20)), 500) + decay_linear(cs_rank(volume), 252)
[execution_aware] iter 40/50 [OK ] reward=  1.2072  decay_linear(cs_rank(-1 * stddev(delta(close, 1), 20)), 252) + decay_linear(cs_rank(volume), 50)
[execution_aware] iter 41/50 [ERR] reward=    -inf  decay_linear(cs_rank(-1 * stddev(delta(close, 1), 20)), 500) + decay_linear(cs_rank(volume), 100)
[execution_aware] iter 42/50 [OK ] reward=  1.2072  decay_linear(cs_rank(-1 * stddev(delta(close, 1), 20)), 252) + decay_linear(cs_rank(volume), 50)
[execution_aware] iter 43/50 [ERR] reward=    -inf  decay_linear(cs_rank(-1 * stddev(delta(close, 1), 20)), 500) + decay_linear(cs_rank(volume), 100)
[execution_aware] iter 44/50 [OK ] reward=  1.1725  decay_linear(cs_rank(-1 * stddev(delta(close, 1), 20)), 252) + decay_linear(cs_rank(volume), 20)
[execution_aware] iter 45/50 [OK ] reward=  0.2276  decay_linear(cs_rank(-1 * stddev(delta(close, 1), 20)), 252) + cs_rank(volume)
[execution_aware] iter 46/50 [OK ] reward=  1.1798  decay_linear(cs_rank(-1 * stddev(delta(close, 1), 20)), 252) + decay_linear(cs_rank(volume), 252)
[execution_aware] iter 47/50 [ERR] reward=    -inf  decay_linear(cs_rank(-1 * stddev(delta(close, 1), 20)), 500) + decay_linear(cs_rank(volume), 100)
[execution_aware] iter 48/50 [OK ] reward=  1.2072  decay_linear(cs_rank(-1 * stddev(delta(close, 1), 20)), 252) + decay_linear(cs_rank(volume), 50)
[execution_aware] iter 49/50 [ERR] reward=    -inf  decay_linear(cs_rank(-1 * stddev(delta(close, 1), 20)), 500) + decay_linear(cs_rank(volume), 50)
[execution_aware] iter 50/50 [OK ] reward=  1.2072  decay_linear(cs_rank(-1 * stddev(delta(close, 1), 20)), 252) + decay_linear(cs_rank(volume), 50)
[wfo:execution_aware] fold 20 winner: decay_linear(cs_rank(-1 * stddev(delta(close, 1), 20)), 252) + decay_linear(cs_rank(volume), 50)
[wfo:execution_aware] fold 20 OOS: Gross_IR=1.690 Turnover=5.38 Net_IR=1.426
[gamma_sweep] checkpointed gamma_sweep_summary.csv (2 rows)

==============================================================================
cost_only_g1_0.0_g2_16.0
==============================================================================
[LocalQwenClient] seed=1001 main_gpu=0
[wfo:execution_aware] fold 0: train 2001-01-01..2005-12-31 -> test 2006-01-01..2006-12-31
[execution_aware] iter  0/50 [SEED] reward= -0.4713  rank(-1 * stddev(delta(close, 1), 20))
[execution_aware] iter  1/50 [OK ] reward=  0.7051  decay_linear(rank(-1 * stddev(delta(close, 1), 20)), 60)
[execution_aware] iter  2/50 [OK ] reward=  0.7017  decay_linear(rank(-1 * stddev(delta(close, 1), 20)), 120)
[execution_aware] iter  3/50 [OK ] reward=  0.6602  decay_linear(rank(-1 * stddev(delta(close, 1), 20)), 180)
[execution_aware] iter  4/50 [OK ] reward=  0.6140  decay_linear(rank(-1 * stddev(delta(close, 1), 20)), 240)
[execution_aware] iter  5/50 [OK ] reward=  0.6489  decay_linear(rank(-1 * stddev(delta(close, 1), 40)), 120)
[execution_aware] iter  6/50 [OK ] reward=  0.7017  decay_linear(rank(-1 * stddev(delta(close, 1), 20)), 120)
[execution_aware] iter  7/50 [OK ] reward=  0.6602  decay_linear(rank(-1 * stddev(delta(close, 1), 20)), 180)
[execution_aware] iter  8/50 [OK ] reward=  0.7017  decay_linear(cs_rank(-1 * stddev(delta(close, 1), 20)), 120)
[execution_aware] iter  9/50 [OK ] reward=  0.6602  decay_linear(cs_rank(-1 * stddev(delta(close, 1), 20)), 180)
[execution_aware] iter 10/50 [ERR] reward=    -inf  decay_linear(cs_rank(-1 * stddev(delta(close, 1), 20)), 360)
[execution_aware] iter 11/50 [OK ] reward=  0.7051  decay_linear(cs_rank(-1 * stddev(delta(close, 1), 20)), 60)
[execution_aware] iter 12/50 [OK ] reward=  0.7017  decay_linear(cs_rank(-1 * stddev(delta(close, 1), 20)), 120)
[execution_aware] iter 13/50 [OK ] reward=  0.7017  decay_linear(cs_rank(-1 * stddev(delta(close, 1), 20)), 120)
[execution_aware] iter 14/50 [OK ] reward=  0.6140  decay_linear(cs_rank(-1 * stddev(delta(close, 1), 20)), 240)
[execution_aware] iter 15/50 [OK ] reward=  0.7017  decay_linear(cs_rank(-1 * stddev(delta(close, 1), 20)), 120)
[execution_aware] iter 16/50 [OK ] reward=  0.7017  decay_linear(cs_rank(-1 * stddev(delta(close, 1), 20)), 120)
[execution_aware] iter 17/50 [OK ] reward=  0.6602  decay_linear(cs_rank(-1 * stddev(delta(close, 1), 20)), 180)
[execution_aware] iter 18/50 [ERR] reward=    -inf  decay_linear(cs_rank(-1 * stddev(delta(close, 1), 20)), 360)
[execution_aware] iter 19/50 [OK ] reward=  0.7051  decay_linear(cs_rank(-1 * stddev(delta(close, 1), 20)), 60)
[execution_aware] iter 20/50 [OK ] reward=  0.7017  decay_linear(cs_rank(-1 * stddev(delta(close, 1), 20)), 120)
[execution_aware] iter 21/50 [OK ] reward=  0.6602  decay_linear(cs_rank(-1 * stddev(delta(close, 1), 20)), 180)
[execution_aware] iter 22/50 [OK ] reward=  0.6140  decay_linear(cs_rank(-1 * stddev(delta(close, 1), 20)), 240)
[execution_aware] iter 23/50 [ERR] reward=    -inf  decay_linear(cs_rank(-1 * stddev(delta(close, 1), 20)), 360)
[execution_aware] iter 24/50 [OK ] reward=  0.7051  decay_linear(cs_rank(-1 * stddev(delta(close, 1), 20)), 60)
[execution_aware] iter 25/50 [OK ] reward=  0.6779  decay_linear(cs_rank(-1 * stddev(delta(close, 1), 30)), 120)
[execution_aware] iter 26/50 [OK ] reward=  0.7017  decay_linear(cs_rank(-1 * stddev(delta(close, 1), 20)), 120)
[execution_aware] iter 27/50 [OK ] reward=  0.6602  decay_linear(cs_rank(-1 * stddev(delta(close, 1), 20)), 180)
[execution_aware] iter 28/50 [OK ] reward= -0.7963  decay_linear(ts_rank(-1 * stddev(delta(close, 1), 20), 180), 120)
[execution_aware] iter 29/50 [OK ] reward= -0.7963  decay_linear(ts_rank(-1 * stddev(delta(close, 1), 20), 180), 120)
[execution_aware] iter 30/50 [OK ] reward=  0.7017  decay_linear(cs_rank(-1 * stddev(delta(close, 1), 20)), 120)
[execution_aware] iter 31/50 [OK ] reward=  0.6602  decay_linear(cs_rank(-1 * stddev(delta(close, 1), 20)), 180)
[execution_aware] iter 32/50 [ERR] reward=    -inf  decay_linear(cs_rank(-1 * stddev(delta(close, 1), 20)), 360)
[execution_aware] iter 33/50 [OK ] reward=  0.7051  decay_linear(cs_rank(-1 * stddev(delta(close, 1), 20)), 60)
[execution_aware] iter 34/50 [OK ] reward=  0.7017  decay_linear(cs_rank(-1 * stddev(delta(close, 1), 20)), 120)
[execution_aware] iter 35/50 [OK ] reward=  0.7017  decay_linear(cs_rank(-1 * stddev(delta(close, 1), 20)), 120)
[execution_aware] iter 36/50 [OK ] reward=  0.6602  decay_linear(cs_rank(-1 * stddev(delta(close, 1), 20)), 180)
[execution_aware] iter 37/50 [OK ] reward=  0.6140  decay_linear(cs_rank(-1 * stddev(delta(close, 1), 20)), 240)
[execution_aware] iter 38/50 [ERR] reward=    -inf  decay_linear(cs_rank(-1 * stddev(delta(close, 1), 20)), 480)
[execution_aware] iter 39/50 [OK ] reward=  0.7051  decay_linear(cs_rank(-1 * stddev(delta(close, 1), 20)), 60)
[execution_aware] iter 40/50 [OK ] reward=  0.7017  decay_linear(cs_rank(-1 * stddev(delta(close, 1), 20)), 120)
[execution_aware] iter 41/50 [OK ] reward=  0.7017  decay_linear(cs_rank(-1 * stddev(delta(close, 1), 20)), 120)
[execution_aware] iter 42/50 [OK ] reward=  0.6602  decay_linear(cs_rank(-1 * stddev(delta(close, 1), 20)), 180)
[execution_aware] iter 43/50 [OK ] reward=  0.6140  decay_linear(cs_rank(-1 * stddev(delta(close, 1), 20)), 240)
[execution_aware] iter 44/50 [OK ] reward=  0.7017  decay_linear(cs_rank(-1 * stddev(delta(close, 1), 20)), 120)
[execution_aware] iter 45/50 [OK ] reward=  0.7017  decay_linear(cs_rank(-1 * stddev(delta(close, 1), 20)), 120)
[execution_aware] iter 46/50 [OK ] reward=  0.6602  decay_linear(cs_rank(-1 * stddev(delta(close, 1), 20)), 180)
[execution_aware] iter 47/50 [ERR] reward=    -inf  decay_linear(cs_rank(-1 * stddev(delta(close, 1), 20)), 365)
[execution_aware] iter 48/50 [OK ] reward=  0.7051  decay_linear(cs_rank(-1 * stddev(delta(close, 1), 20)), 60)
[execution_aware] iter 49/50 [OK ] reward=  0.7017  decay_linear(cs_rank(-1 * stddev(delta(close, 1), 20)), 120)
[execution_aware] iter 50/50 [OK ] reward=  0.6805  decay_linear(cs_rank(-1 * stddev(delta(close, 1), 20)), 150)
[wfo:execution_aware] fold 0 winner: decay_linear(rank(-1 * stddev(delta(close, 1), 20)), 60)
[wfo:execution_aware] fold 0 OOS: Gross_IR=1.094 Turnover=4.61 Net_IR=0.876
[wfo:execution_aware] fold 1: train 2002-01-01..2006-12-31 -> test 2007-01-01..2007-12-31
[execution_aware] iter  0/50 [SEED] reward= -0.0357  rank(-1 * stddev(delta(close, 1), 20))
[execution_aware] iter  1/50 [OK ] reward=  1.1128  decay_linear(rank(-1 * stddev(delta(close, 1), 20)), 60)
[execution_aware] iter  2/50 [OK ] reward=  1.1737  decay_linear(rank(-1 * stddev(delta(close, 1), 20)), 120)
[execution_aware] iter  3/50 [OK ] reward=  1.1590  decay_linear(rank(-1 * stddev(delta(close, 1), 20)), 240)
[execution_aware] iter  4/50 [ERR] reward=    -inf  decay_linear(rank(-1 * stddev(delta(close, 1), 40)), 360)
[execution_aware] iter  5/50 [OK ] reward=  1.1737  decay_linear(rank(-1 * stddev(delta(close, 1), 20)), 120)
[execution_aware] iter  6/50 [OK ] reward=  1.1590  decay_linear(cs_rank(-1 * stddev(delta(close, 1), 20)), 240)
[execution_aware] iter  7/50 [ERR] reward=    -inf  decay_linear(cs_rank(-1 * stddev(delta(close, 1), 20)), 480)
[execution_aware] iter  8/50 [OK ] reward=  1.1737  decay_linear(cs_rank(-1 * stddev(delta(close, 1), 20)), 120)
[execution_aware] iter  9/50 [OK ] reward=  1.1023  decay_linear(cs_rank(-1 * stddev(delta(close, 1), 40)), 240)
[execution_aware] iter 10/50 [OK ] reward=  1.1590  decay_linear(cs_rank(-1 * stddev(delta(close, 1), 20)), 240)
[execution_aware] iter 11/50 [ERR] reward=    -inf  decay_linear(cs_rank(-1 * stddev(delta(close, 1), 20)), 360)
[execution_aware] iter 12/50 [OK ] reward=  1.1737  decay_linear(cs_rank(-1 * stddev(delta(close, 1), 20)), 120)
[execution_aware] iter 13/50 [OK ] reward=  1.1590  decay_linear(cs_rank(-1 * stddev(delta(close, 1), 20)), 240)
[execution_aware] iter 14/50 [ERR] reward=    -inf  decay_linear(cs_rank(-1 * stddev(delta(close, 1), 20)), 360)
[execution_aware] iter 15/50 [OK ] reward= -1.2816  decay_linear(ts_rank(-1 * stddev(delta(close, 1), 20), 120), 60)
[execution_aware] iter 16/50 [OK ] reward= -0.9778  decay_linear(ts_rank(-1 * stddev(delta(close, 1), 20), 120), 240)
[execution_aware] iter 17/50 [OK ] reward=  1.1590  decay_linear(rank(-1 * stddev(delta(close, 1), 20)), 240)
[execution_aware] iter 18/50 [ERR] reward=    -inf  decay_linear(rank(-1 * stddev(delta(close, 1), 20)), 300)
[execution_aware] iter 19/50 [OK ] reward=  1.1594  decay_linear(cs_rank(-1 * stddev(delta(close, 1), 20)), 100)
[execution_aware] iter 20/50 [OK ] reward=  1.1826  decay_linear(cs_rank(-1 * stddev(delta(close, 1), 20)), 150)
[execution_aware] iter 21/50 [OK ] reward=  1.1466  decay_linear(cs_rank(-1 * stddev(delta(close, 1), 30)), 200)
[execution_aware] iter 22/50 [OK ] reward=  1.1578  decay_linear(cs_rank(-1 * stddev(delta(close, 1), 25)), 200)
[execution_aware] iter 23/50 [OK ] reward=  1.1519  decay_linear(cs_rank(-1 * stddev(delta(close, 1), 20)), 250)
[execution_aware] iter 24/50 [ERR] reward=    -inf  decay_linear(cs_rank(-1 * stddev(delta(close, 1), 20)), 300)
[execution_aware] iter 25/50 [OK ] reward=  1.1594  decay_linear(cs_rank(-1 * stddev(delta(close, 1), 20)), 100)
[execution_aware] iter 26/50 [OK ] reward=  1.1466  decay_linear(cs_rank(-1 * stddev(delta(close, 1), 30)), 200)
[execution_aware] iter 27/50 [ERR] reward=    -inf  decay_linear(cs_rank(-1 * stddev(delta(close, 1), 40)), 300)
[execution_aware] iter 28/50 [OK ] reward=  1.1219  decay_linear(cs_rank(-1 * stddev(delta(close, 1), 40)), 200)
[execution_aware] iter 29/50 [ERR] reward=    -inf  decay_linear(cs_rank(-1 * stddev(delta(close, 1), 40)), 300)
[execution_aware] iter 30/50 [OK ] reward=  1.1826  decay_linear(cs_rank(-1 * stddev(delta(close, 1), 20)), 150)
[execution_aware] iter 31/50 [OK ] reward=  1.1719  decay_linear(cs_rank(-1 * stddev(delta(close, 1), 20)), 200)
[execution_aware] iter 32/50 [OK ] reward=  1.1519  decay_linear(cs_rank(-1 * stddev(delta(close, 1), 20)), 250)
[execution_aware] iter 33/50 [OK ] reward=  1.1519  decay_linear(cs_rank(-1 * stddev(delta(close, 1), 20)), 250)
[execution_aware] iter 34/50 [ERR] reward=    -inf  decay_linear(cs_rank(-1 * stddev(delta(close, 1), 20)), 300)
[execution_aware] iter 35/50 [OK ] reward=  1.1737  decay_linear(cs_rank(-1 * stddev(delta(close, 1), 20)), 120)
[execution_aware] iter 36/50 [OK ] reward=  1.1691  decay_linear(cs_rank(-1 * stddev(delta(close, 1), 25)), 180)
[execution_aware] iter 37/50 [OK ] reward=  1.1519  decay_linear(cs_rank(-1 * stddev(delta(close, 1), 20)), 250)
[execution_aware] iter 38/50 [ERR] reward=    -inf  decay_linear(cs_rank(-1 * stddev(delta(close, 1), 20)), 300)
[execution_aware] iter 39/50 [OK ] reward=  1.1486  decay_linear(cs_rank(-1 * stddev(delta(close, 1), 20)), 252)
[execution_aware] iter 40/50 [ERR] reward=    -inf  decay_linear(cs_rank(-1 * stddev(delta(close, 1), 20)), 365)
[execution_aware] iter 41/50 [OK ] reward=  1.1594  decay_linear(cs_rank(-1 * stddev(delta(close, 1), 20)), 100)
[execution_aware] iter 42/50 [OK ] reward=  1.1719  decay_linear(cs_rank(-1 * stddev(delta(close, 1), 20)), 200)
[execution_aware] iter 43/50 [OK ] reward=  1.1519  decay_linear(cs_rank(-1 * stddev(delta(close, 1), 20)), 250)
[execution_aware] iter 44/50 [OK ] reward=  1.1234  decay_linear(cs_rank(-1 * stddev(delta(close, 1), 30)), 250)
[execution_aware] iter 45/50 [OK ] reward=  1.1519  decay_linear(cs_rank(-1 * stddev(delta(close, 1), 20)), 250)
[execution_aware] iter 46/50 [OK ] reward=  1.1466  decay_linear(cs_rank(-1 * stddev(delta(close, 1), 30)), 200)
[execution_aware] iter 47/50 [OK ] reward=  1.1519  decay_linear(cs_rank(-1 * stddev(delta(close, 1), 20)), 250)
[execution_aware] iter 48/50 [ERR] reward=    -inf  decay_linear(cs_rank(-1 * stddev(delta(close, 1), 20)), 300)
[execution_aware] iter 49/50 [OK ] reward=  1.0015  decay_linear(cs_rank(-1 * stddev(delta(close, 1), 150)), 150)
[execution_aware] iter 50/50 [OK ] reward=  1.1719  decay_linear(cs_rank(-1 * stddev(delta(close, 1), 20)), 200)
[wfo:execution_aware] fold 1 winner: decay_linear(cs_rank(-1 * stddev(delta(close, 1), 20)), 150)
[wfo:execution_aware] fold 1 OOS: Gross_IR=1.089 Turnover=3.52 Net_IR=0.921
[wfo:execution_aware] fold 2: train 2003-01-01..2007-12-31 -> test 2008-01-01..2008-12-31
[execution_aware] iter  0/50 [SEED] reward= -0.1902  rank(-1 * stddev(delta(close, 1), 20))
[execution_aware] iter  1/50 [OK ] reward=  0.8118  decay_linear(rank(-1 * stddev(delta(close, 1), 20)), 60)
[execution_aware] iter  2/50 [OK ] reward=  0.8645  decay_linear(rank(-1 * stddev(delta(close, 1), 20)), 120)
[execution_aware] iter  3/50 [OK ] reward=  0.9372  decay_linear(cs_rank(-1 * stddev(delta(close, 1), 20)), 240)
[execution_aware] iter  4/50 [ERR] reward=    -inf  decay_linear(cs_rank(-1 * stddev(delta(close, 1), 20)), 360)
[execution_aware] iter  5/50 [OK ] reward=  0.9158  decay_linear(cs_rank(-1 * stddev(delta(close, 1), 20)), 180)
[execution_aware] iter  6/50 [ERR] reward=    -inf  decay_linear(cs_rank(-1 * stddev(delta(close, 1), 20)), 300)
[execution_aware] iter  7/50 [OK ] reward=  0.9174  decay_linear(cs_rank(-1 * stddev(delta(close, 1), 20)), 200)
[execution_aware] iter  8/50 [ERR] reward=    -inf  decay_linear(cs_rank(-1 * stddev(delta(close, 1), 20)), 360)
[execution_aware] iter  9/50 [OK ] reward=  0.9372  decay_linear(cs_rank(-1 * stddev(delta(close, 1), 20)), 240)
[execution_aware] iter 10/50 [ERR] reward=    -inf  decay_linear(cs_rank(-1 * stddev(delta(close, 1), 20)), 360)
[execution_aware] iter 11/50 [OK ] reward=  0.9372  decay_linear(cs_rank(-1 * stddev(delta(close, 1), 20)), 240)
[execution_aware] iter 12/50 [ERR] reward=    -inf  decay_linear(cs_rank(-1 * stddev(delta(close, 1), 20)), 360)
[execution_aware] iter 13/50 [OK ] reward=  0.9158  decay_linear(cs_rank(-1 * stddev(delta(close, 1), 20)), 180)
[execution_aware] iter 14/50 [ERR] reward=    -inf  decay_linear(cs_rank(-1 * stddev(delta(close, 1), 20)), 360)
[execution_aware] iter 15/50 [OK ] reward=  0.9372  decay_linear(cs_rank(-1 * stddev(delta(close, 1), 20)), 240)
[execution_aware] iter 16/50 [ERR] reward=    -inf  decay_linear(cs_rank(-1 * stddev(delta(close, 1), 20)), 360)
[execution_aware] iter 17/50 [OK ] reward=  0.9158  decay_linear(cs_rank(-1 * stddev(delta(close, 1), 20)), 180)
[execution_aware] iter 18/50 [ERR] reward=    -inf  decay_linear(cs_rank(-1 * stddev(delta(close, 1), 20)), 360)
[execution_aware] iter 19/50 [OK ] reward=  0.9158  decay_linear(cs_rank(-1 * stddev(delta(close, 1), 20)), 180)
[execution_aware] iter 20/50 [ERR] reward=    -inf  decay_linear(cs_rank(-1 * stddev(delta(close, 1), 20)), 360)
[execution_aware] iter 21/50 [OK ] reward=  0.9372  decay_linear(cs_rank(-1 * stddev(delta(close, 1), 20)), 240)
[execution_aware] iter 22/50 [ERR] reward=    -inf  decay_linear(cs_rank(-1 * stddev(delta(close, 1), 20)), 365)
[execution_aware] iter 23/50 [OK ] reward=  0.9372  decay_linear(cs_rank(-1 * stddev(delta(close, 1), 20)), 240)
[execution_aware] iter 24/50 [ERR] reward=    -inf  decay_linear(cs_rank(-1 * stddev(delta(close, 1), 20)), 500)
[execution_aware] iter 25/50 [OK ] reward=  0.9372  decay_linear(cs_rank(-1 * stddev(delta(close, 1), 20)), 240)
[execution_aware] iter 26/50 [ERR] reward=    -inf  decay_linear(cs_rank(-1 * stddev(delta(close, 1), 20)), 500)
[execution_aware] iter 27/50 [OK ] reward=  0.9372  decay_linear(cs_rank(-1 * stddev(delta(close, 1), 20)), 240)
[execution_aware] iter 28/50 [ERR] reward=    -inf  decay_linear(cs_rank(-1 * stddev(delta(close, 1), 20)), 500)
[execution_aware] iter 29/50 [OK ] reward=  0.9372  decay_linear(cs_rank(-1 * stddev(delta(close, 1), 20)), 240)
[execution_aware] iter 30/50 [ERR] reward=    -inf  decay_linear(cs_rank(-1 * stddev(delta(close, 1), 20)), 360)
[execution_aware] iter 31/50 [OK ] reward=  0.9372  decay_linear(cs_rank(-1 * stddev(delta(close, 1), 20)), 240)
[execution_aware] iter 32/50 [ERR] reward=    -inf  decay_linear(cs_rank(-1 * stddev(delta(close, 1), 20)), 500)
[execution_aware] iter 33/50 [OK ] reward=  0.9372  decay_linear(cs_rank(-1 * stddev(delta(close, 1), 20)), 240)
[execution_aware] iter 34/50 [ERR] reward=    -inf  decay_linear(cs_rank(-1 * stddev(delta(close, 1), 20)), 360)
[execution_aware] iter 35/50 [OK ] reward=  0.9372  decay_linear(cs_rank(-1 * stddev(delta(close, 1), 20)), 240)
[execution_aware] iter 36/50 [ERR] reward=    -inf  decay_linear(cs_rank(-1 * stddev(delta(close, 1), 20)), 500)
[execution_aware] iter 37/50 [OK ] reward=  0.9372  decay_linear(cs_rank(-1 * stddev(delta(close, 1), 20)), 240)
[execution_aware] iter 38/50 [ERR] reward=    -inf  decay_linear(cs_rank(-1 * stddev(delta(close, 1), 20)), 360)
[execution_aware] iter 39/50 [OK ] reward=  0.9372  decay_linear(cs_rank(-1 * stddev(delta(close, 1), 20)), 240)
[execution_aware] iter 40/50 [ERR] reward=    -inf  decay_linear(cs_rank(-1 * stddev(delta(close, 1), 40)), 480)
[execution_aware] iter 41/50 [OK ] reward=  0.9372  decay_linear(cs_rank(-1 * stddev(delta(close, 1), 20)), 240)
[execution_aware] iter 42/50 [ERR] reward=    -inf  decay_linear(cs_rank(-1 * stddev(delta(close, 1), 20)), 500)
[execution_aware] iter 43/50 [OK ] reward=  0.9372  decay_linear(cs_rank(-1 * stddev(delta(close, 1), 20)), 240)
[execution_aware] iter 44/50 [ERR] reward=    -inf  decay_linear(cs_rank(-1 * stddev(delta(close, 1), 20)), 360)
[execution_aware] iter 45/50 [OK ] reward=  0.9372  decay_linear(cs_rank(-1 * stddev(delta(close, 1), 20)), 240)
[execution_aware] iter 46/50 [ERR] reward=    -inf  decay_linear(cs_rank(-1 * stddev(delta(close, 1), 20)), 360)
[execution_aware] iter 47/50 [OK ] reward=  0.9372  decay_linear(cs_rank(-1 * stddev(delta(close, 1), 20)), 240)
[execution_aware] iter 48/50 [ERR] reward=    -inf  decay_linear(cs_rank(-1 * stddev(delta(close, 1), 20)), 500)
[execution_aware] iter 49/50 [OK ] reward=  0.9372  decay_linear(cs_rank(-1 * stddev(delta(close, 1), 20)), 240)
[execution_aware] iter 50/50 [ERR] reward=    -inf  decay_linear(cs_rank(-1 * stddev(delta(close, 1), 20)), 480)
[wfo:execution_aware] fold 2 winner: decay_linear(cs_rank(-1 * stddev(delta(close, 1), 20)), 240)
[wfo:execution_aware] fold 2 OOS: Gross_IR=1.016 Turnover=6.47 Net_IR=0.878
[wfo:execution_aware] fold 3: train 2004-01-01..2008-12-31 -> test 2009-01-01..2009-12-31
[execution_aware] iter  0/50 [SEED] reward= -0.6830  rank(-1 * stddev(delta(close, 1), 20))
[execution_aware] iter  1/50 [OK ] reward=  0.4883  decay_linear(rank(-1 * stddev(delta(close, 1), 20)), 126)
[execution_aware] iter  2/50 [OK ] reward=  0.5338  decay_linear(rank(-1 * stddev(delta(close, 1), 20)), 252)
[execution_aware] iter  3/50 [ERR] reward=    -inf  decay_linear(rank(-1 * stddev(delta(close, 1), 20)), 500)
[execution_aware] iter  4/50 [OK ] reward=  0.5338  decay_linear(cs_rank(-1 * stddev(delta(close, 1), 20)), 252)
[execution_aware] iter  5/50 [ERR] reward=    -inf  decay_linear(cs_rank(-1 * stddev(delta(close, 1), 20)), 504)
[execution_aware] iter  6/50 [OK ] reward=  0.5338  decay_linear(cs_rank(-1 * stddev(delta(close, 1), 20)), 252)
[execution_aware] iter  7/50 [ERR] reward=    -inf  decay_linear(cs_rank(-1 * stddev(delta(close, 1), 40)), 500)
[execution_aware] iter  8/50 [OK ] reward=  0.5473  decay_linear(cs_rank(-1 * stddev(delta(close, 1), 40)), 252)
[execution_aware] iter  9/50 [ERR] reward=    -inf  decay_linear(cs_rank(-1 * stddev(delta(close, 1), 80)), 500)
[execution_aware] iter 10/50 [OK ] reward=  0.5498  decay_linear(cs_rank(-1 * stddev(delta(close, 1), 80)), 252)
[execution_aware] iter 11/50 [ERR] reward=    -inf  decay_linear(cs_rank(-1 * stddev(delta(close, 1), 80)), 500)
[execution_aware] iter 12/50 [OK ] reward=  0.5250  decay_linear(cs_rank(-1 * stddev(delta(close, 1), 80)), 200)
[execution_aware] iter 13/50 [ERR] reward=    -inf  decay_linear(cs_rank(-1 * stddev(delta(close, 1), 80)), 500)
[execution_aware] iter 14/50 [OK ] reward=  0.5498  decay_linear(cs_rank(-1 * stddev(delta(close, 1), 80)), 252)
[execution_aware] iter 15/50 [ERR] reward=    -inf  decay_linear(cs_rank(-1 * stddev(delta(close, 1), 80)), 500)
[execution_aware] iter 16/50 [OK ] reward=  0.5477  decay_linear(cs_rank(-1 * stddev(delta(close, 1), 60)), 252)
[execution_aware] iter 17/50 [ERR] reward=    -inf  decay_linear(cs_rank(-1 * stddev(delta(close, 1), 100)), 500)
[execution_aware] iter 18/50 [OK ] reward=  0.5631  decay_linear(cs_rank(-1 * stddev(delta(close, 1), 100)), 252)
[execution_aware] iter 19/50 [ERR] reward=    -inf  decay_linear(cs_rank(-1 * stddev(delta(close, 1), 100)), 500)
[execution_aware] iter 20/50 [OK ] reward=  0.5631  decay_linear(cs_rank(-1 * stddev(delta(close, 1), 100)), 252)
[execution_aware] iter 21/50 [ERR] reward=    -inf  decay_linear(cs_rank(-1 * stddev(delta(close, 1), 100)), 500)
[execution_aware] iter 22/50 [OK ] reward=  0.5359  decay_linear(cs_rank(-1 * stddev(delta(close, 1), 100)), 200)
[execution_aware] iter 23/50 [ERR] reward=    -inf  decay_linear(cs_rank(-1 * stddev(delta(close, 1), 100)), 500)
[execution_aware] iter 24/50 [OK ] reward=  0.5631  decay_linear(cs_rank(-1 * stddev(delta(close, 1), 100)), 252)
[execution_aware] iter 25/50 [ERR] reward=    -inf  decay_linear(cs_rank(-1 * stddev(delta(close, 1), 100)), 504)
[execution_aware] iter 26/50 [OK ] reward=  0.5074  decay_linear(cs_rank(-1 * stddev(delta(close, 1), 100)), 126)
[execution_aware] iter 27/50 [ERR] reward=    -inf  decay_linear(cs_rank(-1 * stddev(delta(close, 1), 100)), 504)
[execution_aware] iter 28/50 [OK ] reward=  0.5631  decay_linear(cs_rank(-1 * stddev(delta(close, 1), 100)), 252)
[execution_aware] iter 29/50 [ERR] reward=    -inf  decay_linear(cs_rank(-1 * stddev(delta(close, 1), 100)), 500)
[execution_aware] iter 30/50 [OK ] reward=  0.5631  decay_linear(cs_rank(-1 * stddev(delta(close, 1), 100)), 252)
[execution_aware] iter 31/50 [ERR] reward=    -inf  decay_linear(cs_rank(-1 * stddev(delta(close, 1), 100)), 504)
[execution_aware] iter 32/50 [OK ] reward=  0.5074  decay_linear(cs_rank(-1 * stddev(delta(close, 1), 100)), 126)
[execution_aware] iter 33/50 [ERR] reward=    -inf  decay_linear(cs_rank(-1 * stddev(delta(close, 1), 100)), 500)
[execution_aware] iter 34/50 [OK ] reward=  0.5631  decay_linear(cs_rank(-1 * stddev(delta(close, 1), 100)), 252)
[execution_aware] iter 35/50 [ERR] reward=    -inf  decay_linear(cs_rank(-1 * stddev(delta(close, 1), 100)), 500)
[execution_aware] iter 36/50 [OK ] reward=  0.5631  decay_linear(cs_rank(-1 * stddev(delta(close, 1), 100)), 252)
[execution_aware] iter 37/50 [ERR] reward=    -inf  decay_linear(cs_rank(-1 * stddev(delta(close, 1), 100)), 500)
[execution_aware] iter 38/50 [OK ] reward=  0.5359  decay_linear(cs_rank(-1 * stddev(delta(close, 1), 100)), 200)
[execution_aware] iter 39/50 [ERR] reward=    -inf  decay_linear(cs_rank(-1 * stddev(delta(close, 1), 100)), 500)
[execution_aware] iter 40/50 [OK ] reward=  0.5359  decay_linear(cs_rank(-1 * stddev(delta(close, 1), 100)), 200)
[execution_aware] iter 41/50 [ERR] reward=    -inf  decay_linear(cs_rank(-1 * stddev(delta(close, 1), 100)), 500)
[execution_aware] iter 42/50 [OK ] reward=  0.5359  decay_linear(cs_rank(-1 * stddev(delta(close, 1), 100)), 200)
[execution_aware] iter 43/50 [ERR] reward=    -inf  decay_linear(cs_rank(-1 * stddev(delta(close, 1), 100)), 500)
[execution_aware] iter 44/50 [OK ] reward=  0.6234  decay_linear(cs_rank(-1 * stddev(delta(close, 1), 200)), 252)
[execution_aware] iter 45/50 [ERR] reward=    -inf  decay_linear(cs_rank(-1 * stddev(delta(close, 1), 200)), 500)
[execution_aware] iter 46/50 [OK ] reward=  0.6138  decay_linear(cs_rank(-1 * stddev(delta(close, 1), 180)), 252)
[execution_aware] iter 47/50 [ERR] reward=    -inf  decay_linear(cs_rank(-1 * stddev(delta(close, 1), 200)), 500)
[execution_aware] iter 48/50 [OK ] reward=  0.5631  decay_linear(cs_rank(-1 * stddev(delta(close, 1), 100)), 252)
[execution_aware] iter 49/50 [ERR] reward=    -inf  decay_linear(cs_rank(-1 * stddev(delta(close, 1), 200)), 500)
[execution_aware] iter 50/50 [OK ] reward=  0.6234  decay_linear(cs_rank(-1 * stddev(delta(close, 1), 200)), 252)
[wfo:execution_aware] fold 3 winner: decay_linear(cs_rank(-1 * stddev(delta(close, 1), 200)), 252)
[wfo:execution_aware] fold 3 OOS: Gross_IR=0.115 Turnover=4.93 Net_IR=-0.030
[wfo:execution_aware] fold 4: train 2005-01-01..2009-12-31 -> test 2010-01-01..2010-12-31
[execution_aware] iter  0/50 [SEED] reward= -0.8089  rank(-1 * stddev(delta(close, 1), 20))
[execution_aware] iter  1/50 [OK ] reward=  0.2899  decay_linear(rank(-1 * stddev(delta(close, 1), 20)), 100)
[execution_aware] iter  2/50 [OK ] reward=  0.2942  decay_linear(rank(-1 * stddev(delta(close, 1), 20)), 200)
[execution_aware] iter  3/50 [ERR] reward=    -inf  decay_linear(cs_rank(-1 * stddev(delta(close, 1), 20)), 400)
[execution_aware] iter  4/50 [OK ] reward=  0.2942  decay_linear(cs_rank(-1 * stddev(delta(close, 1), 20)), 200)
[execution_aware] iter  5/50 [ERR] reward=    -inf  decay_linear(cs_rank(-1 * stddev(delta(close, 1), 20)), 400)
[execution_aware] iter  6/50 [OK ] reward=  0.2942  decay_linear(cs_rank(-1 * stddev(delta(close, 1), 20)), 200)
[execution_aware] iter  7/50 [ERR] reward=    -inf  decay_linear(rank(-1 * stddev(delta(close, 1), 20)), 400)
[execution_aware] iter  8/50 [OK ] reward=  0.2957  decay_linear(rank(-1 * stddev(delta(close, 1), 20)), 252)
[execution_aware] iter  9/50 [ERR] reward=    -inf  decay_linear(rank(-1 * stddev(delta(close, 1), 20)), 504)
[execution_aware] iter 10/50 [OK ] reward=  0.2957  decay_linear(rank(-1 * stddev(delta(close, 1), 20)), 252)
[execution_aware] iter 11/50 [ERR] reward=    -inf  decay_linear(rank(-1 * stddev(delta(close, 1), 40)), 500)
[execution_aware] iter 12/50 [OK ] reward=  0.2957  decay_linear(cs_rank(-1 * stddev(delta(close, 1), 20)), 252)
[execution_aware] iter 13/50 [ERR] reward=    -inf  decay_linear(cs_rank(-1 * stddev(delta(close, 1), 40)), 500)
[execution_aware] iter 14/50 [OK ] reward=  0.2957  decay_linear(cs_rank(-1 * stddev(delta(close, 1), 20)), 252)
[execution_aware] iter 15/50 [ERR] reward=    -inf  decay_linear(cs_rank(-1 * stddev(delta(close, 1), 20)), 500)
[execution_aware] iter 16/50 [OK ] reward=  0.2957  decay_linear(cs_rank(-1 * stddev(delta(close, 1), 20)), 252)
[execution_aware] iter 17/50 [ERR] reward=    -inf  decay_linear(rank(-1 * stddev(delta(close, 1), 20)), 500)
[execution_aware] iter 18/50 [OK ] reward=  0.2930  decay_linear(cs_rank(-1 * stddev(delta(close, 1), 20)), 120)
[execution_aware] iter 19/50 [OK ] reward=  0.2957  decay_linear(cs_rank(-1 * stddev(delta(close, 1), 20)), 252)
[execution_aware] iter 20/50 [ERR] reward=    -inf  decay_linear(cs_rank(-1 * stddev(delta(close, 1), 20)), 500)
[execution_aware] iter 21/50 [OK ] reward=  0.2957  decay_linear(cs_rank(-1 * stddev(delta(close, 1), 20)), 252)
[execution_aware] iter 22/50 [ERR] reward=    -inf  decay_linear(cs_rank(-1 * stddev(delta(close, 1), 20)), 500)
[execution_aware] iter 23/50 [OK ] reward=  0.2957  decay_linear(cs_rank(-1 * stddev(delta(close, 1), 20)), 252)
[execution_aware] iter 24/50 [ERR] reward=    -inf  decay_linear(cs_rank(-1 * stddev(delta(close, 1), 20)), 500)
[execution_aware] iter 25/50 [OK ] reward=  0.2957  decay_linear(cs_rank(-1 * stddev(delta(close, 1), 20)), 252)
[execution_aware] iter 26/50 [ERR] reward=    -inf  decay_linear(cs_rank(-1 * stddev(delta(close, 1), 40)), 500)
[execution_aware] iter 27/50 [OK ] reward= -1.1253  decay_linear(ts_rank(-1 * stddev(delta(close, 1), 20), 20), 252)
[execution_aware] iter 28/50 [ERR] reward=    -inf  decay_linear(cs_rank(-1 * stddev(delta(close, 1), 20)), 500)
[execution_aware] iter 29/50 [OK ] reward=  0.2957  decay_linear(cs_rank(-1 * stddev(delta(close, 1), 20)), 252)
[execution_aware] iter 30/50 [ERR] reward=    -inf  decay_linear(cs_rank(-1 * stddev(delta(close, 1), 20)), 504)
[execution_aware] iter 31/50 [OK ] reward=  0.2957  decay_linear(cs_rank(-1 * stddev(delta(close, 1), 20)), 252)
[execution_aware] iter 32/50 [ERR] reward=    -inf  decay_linear(cs_rank(-1 * stddev(delta(close, 1), 20)), 504)
[execution_aware] iter 33/50 [OK ] reward=  0.2957  decay_linear(cs_rank(-1 * stddev(delta(close, 1), 20)), 252)
[execution_aware] iter 34/50 [ERR] reward=    -inf  decay_linear(cs_rank(-1 * stddev(delta(close, 1), 20)), 500)
[execution_aware] iter 35/50 [OK ] reward=  0.2957  decay_linear(cs_rank(-1 * stddev(delta(close, 1), 20)), 252)
[execution_aware] iter 36/50 [ERR] reward=    -inf  decay_linear(cs_rank(-1 * stddev(delta(close, 1), 20)), 500)
[execution_aware] iter 37/50 [OK ] reward=  0.2957  decay_linear(cs_rank(-1 * stddev(delta(close, 1), 20)), 252)
[execution_aware] iter 38/50 [ERR] reward=    -inf  decay_linear(cs_rank(-1 * stddev(delta(close, 1), 20)), 504)
[execution_aware] iter 39/50 [OK ] reward=  0.2957  decay_linear(cs_rank(-1 * stddev(delta(close, 1), 20)), 252)
[execution_aware] iter 40/50 [ERR] reward=    -inf  decay_linear(cs_rank(-1 * stddev(delta(close, 1), 20)), 500)
[execution_aware] iter 41/50 [OK ] reward=  0.2957  decay_linear(cs_rank(-1 * stddev(delta(close, 1), 20)), 252)
[execution_aware] iter 42/50 [ERR] reward=    -inf  decay_linear(cs_rank(-1 * stddev(delta(close, 1), 20)), 500)
[execution_aware] iter 43/50 [OK ] reward=  0.2957  decay_linear(cs_rank(-1 * stddev(delta(close, 1), 20)), 252)
[execution_aware] iter 44/50 [ERR] reward=    -inf  decay_linear(cs_rank(-1 * stddev(delta(close, 1), 20)), 504)
[execution_aware] iter 45/50 [OK ] reward=  0.2957  decay_linear(cs_rank(-1 * stddev(delta(close, 1), 20)), 252)
[execution_aware] iter 46/50 [ERR] reward=    -inf  decay_linear(cs_rank(-1 * stddev(delta(close, 1), 20)), 500)
[execution_aware] iter 47/50 [OK ] reward=  0.2957  decay_linear(cs_rank(-1 * stddev(delta(close, 1), 20)), 252)
[execution_aware] iter 48/50 [ERR] reward=    -inf  decay_linear(cs_rank(-1 * stddev(delta(close, 1), 20)), 504)
[execution_aware] iter 49/50 [OK ] reward=  0.2957  decay_linear(cs_rank(-1 * stddev(delta(close, 1), 20)), 252)
[execution_aware] iter 50/50 [ERR] reward=    -inf  decay_linear(cs_rank(-1 * stddev(delta(close, 1), 20)), 500)
[wfo:execution_aware] fold 4 winner: decay_linear(rank(-1 * stddev(delta(close, 1), 20)), 252)
[wfo:execution_aware] fold 4 OOS: Gross_IR=-0.520 Turnover=3.22 Net_IR=-0.664
[wfo:execution_aware] fold 5: train 2006-01-01..2010-12-31 -> test 2011-01-01..2011-12-31
[execution_aware] iter  0/50 [SEED] reward= -0.7714  rank(-1 * stddev(delta(close, 1), 20))
[execution_aware] iter  1/50 [OK ] reward=  0.2285  decay_linear(rank(-1 * stddev(delta(close, 1), 20)), 120)
[execution_aware] iter  2/50 [OK ] reward=  0.2136  decay_linear(rank(-1 * stddev(delta(close, 1), 20)), 240)
[execution_aware] iter  3/50 [OK ] reward=  0.2136  decay_linear(rank(-1 * stddev(delta(close, 1), 20)), 240)
[execution_aware] iter  4/50 [ERR] reward=    -inf  decay_linear(rank(-1 * stddev(delta(close, 1), 30)), 360)
[execution_aware] iter  5/50 [OK ] reward=  0.2285  decay_linear(rank(-1 * stddev(delta(close, 1), 20)), 120)
[execution_aware] iter  6/50 [OK ] reward=  0.2136  decay_linear(rank(-1 * stddev(delta(close, 1), 20)), 240)
[execution_aware] iter  7/50 [OK ] reward=  0.2053  decay_linear(rank(-1 * stddev(delta(close, 1), 40)), 240)
[execution_aware] iter  8/50 [OK ] reward=  0.2136  decay_linear(rank(-1 * stddev(delta(close, 1), 20)), 240)
[execution_aware] iter  9/50 [OK ] reward=  0.2188  decay_linear(cs_rank(-1 * stddev(delta(close, 1), 20)), 180)
[execution_aware] iter 10/50 [OK ] reward=  0.2136  decay_linear(cs_rank(-1 * stddev(delta(close, 1), 20)), 240)
[execution_aware] iter 11/50 [ERR] reward=    -inf  decay_linear(cs_rank(-1 * stddev(delta(close, 1), 20)), 360)
[execution_aware] iter 12/50 [OK ] reward=  0.2285  decay_linear(cs_rank(-1 * stddev(delta(close, 1), 20)), 120)
[execution_aware] iter 13/50 [OK ] reward=  0.2136  decay_linear(cs_rank(-1 * stddev(delta(close, 1), 20)), 240)
[execution_aware] iter 14/50 [ERR] reward=    -inf  decay_linear(cs_rank(-1 * stddev(delta(close, 1), 20)), 360)
[execution_aware] iter 15/50 [OK ] reward=  0.2285  decay_linear(cs_rank(-1 * stddev(delta(close, 1), 20)), 120)
[execution_aware] iter 16/50 [OK ] reward=  0.2053  decay_linear(cs_rank(-1 * stddev(delta(close, 1), 40)), 240)
[execution_aware] iter 17/50 [ERR] reward=    -inf  decay_linear(cs_rank(-1 * stddev(delta(close, 1), 40)), 360)
[execution_aware] iter 18/50 [OK ] reward=  0.2285  decay_linear(cs_rank(-1 * stddev(delta(close, 1), 20)), 120)
[execution_aware] iter 19/50 [OK ] reward=  0.2136  decay_linear(cs_rank(-1 * stddev(delta(close, 1), 20)), 240)
[execution_aware] iter 20/50 [ERR] reward=    -inf  decay_linear(cs_rank(-1 * stddev(delta(close, 1), 20)), 360)
[execution_aware] iter 21/50 [OK ] reward=  0.2285  decay_linear(cs_rank(-1 * stddev(delta(close, 1), 20)), 120)
[execution_aware] iter 22/50 [OK ] reward=  0.2136  decay_linear(cs_rank(-1 * stddev(delta(close, 1), 20)), 240)
[execution_aware] iter 23/50 [ERR] reward=    -inf  decay_linear(cs_rank(-1 * stddev(delta(close, 1), 20)), 480)
[execution_aware] iter 24/50 [OK ] reward=  0.2285  decay_linear(cs_rank(-1 * stddev(delta(close, 1), 20)), 120)
[execution_aware] iter 25/50 [OK ] reward=  0.2053  decay_linear(cs_rank(-1 * stddev(delta(close, 1), 40)), 240)
[execution_aware] iter 26/50 [ERR] reward=    -inf  decay_linear(cs_rank(-1 * stddev(delta(close, 1), 60)), 300)
[execution_aware] iter 27/50 [OK ] reward=  0.2285  decay_linear(cs_rank(-1 * stddev(delta(close, 1), 20)), 120)
[execution_aware] iter 28/50 [OK ] reward=  0.2136  decay_linear(cs_rank(-1 * stddev(delta(close, 1), 20)), 240)
[execution_aware] iter 29/50 [ERR] reward=    -inf  decay_linear(cs_rank(-1 * stddev(delta(close, 1), 20)), 300)
[execution_aware] iter 30/50 [OK ] reward=  0.2285  decay_linear(cs_rank(-1 * stddev(delta(close, 1), 20)), 120)
[execution_aware] iter 31/50 [OK ] reward=  0.2136  decay_linear(cs_rank(-1 * stddev(delta(close, 1), 20)), 240)
[execution_aware] iter 32/50 [ERR] reward=    -inf  decay_linear(cs_rank(-1 * stddev(delta(close, 1), 20)), 360)
[execution_aware] iter 33/50 [OK ] reward=  0.2285  decay_linear(cs_rank(-1 * stddev(delta(close, 1), 20)), 120)
[execution_aware] iter 34/50 [OK ] reward=  0.2136  decay_linear(cs_rank(-1 * stddev(delta(close, 1), 20)), 240)
[execution_aware] iter 35/50 [OK ] reward=  0.2136  decay_linear(cs_rank(-1 * stddev(delta(close, 1), 20)), 240)
[execution_aware] iter 36/50 [ERR] reward=    -inf  decay_linear(cs_rank(-1 * stddev(delta(close, 1), 20)), 360)
[execution_aware] iter 37/50 [OK ] reward=  0.2285  decay_linear(cs_rank(-1 * stddev(delta(close, 1), 20)), 120)
[execution_aware] iter 38/50 [OK ] reward=  0.2136  decay_linear(cs_rank(-1 * stddev(delta(close, 1), 20)), 240)
[execution_aware] iter 39/50 [OK ] reward=  0.2111  decay_linear(cs_rank(-1 * stddev(delta(close, 1), 30)), 240)
[execution_aware] iter 40/50 [OK ] reward=  0.2188  decay_linear(cs_rank(-1 * stddev(delta(close, 1), 20)), 180)
[execution_aware] iter 41/50 [OK ] reward=  0.2136  decay_linear(cs_rank(-1 * stddev(delta(close, 1), 20)), 240)
[execution_aware] iter 42/50 [ERR] reward=    -inf  decay_linear(cs_rank(-1 * stddev(delta(close, 1), 20)), 360)
[execution_aware] iter 43/50 [OK ] reward= -0.7507  decay_linear(ts_rank(-1 * stddev(delta(close, 1), 20), 60), 120)
[execution_aware] iter 44/50 [OK ] reward=  0.2136  decay_linear(cs_rank(-1 * stddev(delta(close, 1), 20)), 240)
[execution_aware] iter 45/50 [ERR] reward=    -inf  decay_linear(cs_rank(-1 * stddev(delta(close, 1), 20)), 300)
[execution_aware] iter 46/50 [OK ] reward=  0.2285  decay_linear(cs_rank(-1 * stddev(delta(close, 1), 20)), 120)
[execution_aware] iter 47/50 [OK ] reward=  0.2136  decay_linear(cs_rank(-1 * stddev(delta(close, 1), 20)), 240)
[execution_aware] iter 48/50 [ERR] reward=    -inf  decay_linear(cs_rank(-1 * stddev(delta(close, 1), 20)), 360)
[execution_aware] iter 49/50 [OK ] reward=  0.2285  decay_linear(cs_rank(-1 * stddev(delta(close, 1), 20)), 120)
[execution_aware] iter 50/50 [OK ] reward=  0.2136  decay_linear(cs_rank(-1 * stddev(delta(close, 1), 20)), 240)
[wfo:execution_aware] fold 5 winner: decay_linear(rank(-1 * stddev(delta(close, 1), 20)), 120)
[wfo:execution_aware] fold 5 OOS: Gross_IR=0.788 Turnover=3.64 Net_IR=0.638
[wfo:execution_aware] fold 6: train 2007-01-01..2011-12-31 -> test 2012-01-01..2012-12-31
[execution_aware] iter  0/50 [SEED] reward= -0.7959  rank(-1 * stddev(delta(close, 1), 20))
[execution_aware] iter  1/50 [OK ] reward=  0.1699  decay_linear(rank(-1 * stddev(delta(close, 1), 20)), 252)
[execution_aware] iter  2/50 [ERR] reward=    -inf  decay_linear(rank(-1 * stddev(delta(close, 1), 20)), 500)
[execution_aware] iter  3/50 [OK ] reward= -1.0649  decay_linear(cs_rank(-1 * zscore(stddev(delta(close, 1), 20), 20)), 252)
[execution_aware] iter  4/50 [ERR] reward=    -inf  decay_linear(rank(-1 * stddev(delta(close, 1), 20)), 500)
[execution_aware] iter  5/50 [OK ] reward=  0.1699  decay_linear(cs_rank(-1 * stddev(delta(close, 1), 20)), 252)
[execution_aware] iter  6/50 [ERR] reward=    -inf  decay_linear(cs_rank(-1 * stddev(delta(close, 1), 20)), 500)
[execution_aware] iter  7/50 [OK ] reward=  0.1699  decay_linear(cs_rank(-1 * stddev(delta(close, 1), 20)), 252)
[execution_aware] iter  8/50 [ERR] reward=    -inf  decay_linear(cs_rank(-1 * stddev(delta(close, 1), 20)), 500)
[execution_aware] iter  9/50 [OK ] reward=  0.1699  decay_linear(cs_rank(-1 * stddev(delta(close, 1), 20)), 252)
[execution_aware] iter 10/50 [ERR] reward=    -inf  decay_linear(cs_rank(-1 * stddev(delta(close, 1), 20)), 500)
[execution_aware] iter 11/50 [OK ] reward=  0.1699  decay_linear(cs_rank(-1 * stddev(delta(close, 1), 20)), 252)
[execution_aware] iter 12/50 [ERR] reward=    -inf  decay_linear(cs_rank(-1 * stddev(delta(close, 1), 20)), 504)
[execution_aware] iter 13/50 [OK ] reward=  0.1699  decay_linear(cs_rank(-1 * stddev(delta(close, 1), 20)), 252)
[execution_aware] iter 14/50 [ERR] reward=    -inf  decay_linear(cs_rank(-1 * stddev(delta(close, 1), 20)), 500)
[execution_aware] iter 15/50 [OK ] reward=  0.1699  decay_linear(cs_rank(-1 * stddev(delta(close, 1), 20)), 252)
[execution_aware] iter 16/50 [ERR] reward=    -inf  decay_linear(cs_rank(-1 * stddev(delta(close, 1), 20)), 500)
[execution_aware] iter 17/50 [OK ] reward=  0.1699  decay_linear(cs_rank(-1 * stddev(delta(close, 1), 20)), 252)
[execution_aware] iter 18/50 [ERR] reward=    -inf  decay_linear(cs_rank(-1 * stddev(delta(close, 1), 20)), 500)
[execution_aware] iter 19/50 [OK ] reward=  0.1699  decay_linear(cs_rank(-1 * stddev(delta(close, 1), 20)), 252)
[execution_aware] iter 20/50 [ERR] reward=    -inf  decay_linear(cs_rank(-1 * stddev(delta(close, 1), 20)), 504)
[execution_aware] iter 21/50 [OK ] reward=  0.1699  decay_linear(cs_rank(-1 * stddev(delta(close, 1), 20)), 252)
[execution_aware] iter 22/50 [ERR] reward=    -inf  decay_linear(cs_rank(-1 * stddev(delta(close, 1), 20)), 500)
[execution_aware] iter 23/50 [OK ] reward=  0.1699  decay_linear(cs_rank(-1 * stddev(delta(close, 1), 20)), 252)
[execution_aware] iter 24/50 [ERR] reward=    -inf  decay_linear(cs_rank(-1 * stddev(delta(close, 1), 20)), 500)
[execution_aware] iter 25/50 [OK ] reward=  0.1699  decay_linear(cs_rank(-1 * stddev(delta(close, 1), 20)), 252)
[execution_aware] iter 26/50 [ERR] reward=    -inf  decay_linear(cs_rank(-1 * stddev(delta(close, 1), 20)), 500)
[execution_aware] iter 27/50 [OK ] reward=  0.1699  decay_linear(cs_rank(-1 * stddev(delta(close, 1), 20)), 252)
[execution_aware] iter 28/50 [ERR] reward=    -inf  decay_linear(cs_rank(-1 * stddev(delta(close, 1), 20)), 500)
[execution_aware] iter 29/50 [OK ] reward=  0.1699  decay_linear(cs_rank(-1 * stddev(delta(close, 1), 20)), 252)
[execution_aware] iter 30/50 [ERR] reward=    -inf  decay_linear(cs_rank(-1 * stddev(delta(close, 1), 20)), 500)
[execution_aware] iter 31/50 [OK ] reward=  0.1699  decay_linear(cs_rank(-1 * stddev(delta(close, 1), 20)), 252)
[execution_aware] iter 32/50 [ERR] reward=    -inf  decay_linear(cs_rank(-1 * stddev(delta(close, 1), 20)), 500)
[execution_aware] iter 33/50 [OK ] reward=  0.1699  decay_linear(cs_rank(-1 * stddev(delta(close, 1), 20)), 252)
[execution_aware] iter 34/50 [ERR] reward=    -inf  decay_linear(cs_rank(-1 * stddev(delta(close, 1), 20)), 500)
[execution_aware] iter 35/50 [OK ] reward=  0.1699  decay_linear(cs_rank(-1 * stddev(delta(close, 1), 20)), 252)
[execution_aware] iter 36/50 [ERR] reward=    -inf  decay_linear(cs_rank(-1 * stddev(delta(close, 1), 20)), 500)
[execution_aware] iter 37/50 [OK ] reward=  0.1699  decay_linear(cs_rank(-1 * stddev(delta(close, 1), 20)), 252)
[execution_aware] iter 38/50 [ERR] reward=    -inf  decay_linear(cs_rank(-1 * stddev(delta(close, 1), 20)), 500)
[execution_aware] iter 39/50 [OK ] reward=  0.1699  decay_linear(cs_rank(-1 * stddev(delta(close, 1), 20)), 252)
[execution_aware] iter 40/50 [ERR] reward=    -inf  decay_linear(cs_rank(-1 * stddev(delta(close, 1), 20)), 500)
[execution_aware] iter 41/50 [OK ] reward=  0.1699  decay_linear(cs_rank(-1 * stddev(delta(close, 1), 20)), 252)
[execution_aware] iter 42/50 [ERR] reward=    -inf  decay_linear(cs_rank(-1 * stddev(delta(close, 1), 20)), 500)
[execution_aware] iter 43/50 [OK ] reward=  0.1699  decay_linear(cs_rank(-1 * stddev(delta(close, 1), 20)), 252)
[execution_aware] iter 44/50 [ERR] reward=    -inf  decay_linear(ts_rank(-1 * stddev(delta(close, 1), 20), 252), 504)
[execution_aware] iter 45/50 [OK ] reward=  0.1699  decay_linear(cs_rank(-1 * stddev(delta(close, 1), 20)), 252)
[execution_aware] iter 46/50 [ERR] reward=    -inf  decay_linear(cs_rank(-1 * stddev(delta(close, 1), 20)), 500)
[execution_aware] iter 47/50 [OK ] reward=  0.1699  decay_linear(cs_rank(-1 * stddev(delta(close, 1), 20)), 252)
[execution_aware] iter 48/50 [ERR] reward=    -inf  decay_linear(cs_rank(-1 * stddev(delta(close, 1), 20)), 500)
[execution_aware] iter 49/50 [OK ] reward=  0.1699  decay_linear(cs_rank(-1 * stddev(delta(close, 1), 20)), 252)
[execution_aware] iter 50/50 [ERR] reward=    -inf  decay_linear(cs_rank(-1 * stddev(delta(close, 1), 20)), 500)
[wfo:execution_aware] fold 6 winner: decay_linear(rank(-1 * stddev(delta(close, 1), 20)), 252)
[wfo:execution_aware] fold 6 OOS: Gross_IR=1.393 Turnover=3.11 Net_IR=1.243
[wfo:execution_aware] fold 7: train 2008-01-01..2012-12-31 -> test 2013-01-01..2013-12-31
[execution_aware] iter  0/50 [SEED] reward= -0.7388  rank(-1 * stddev(delta(close, 1), 20))
[execution_aware] iter  1/50 [OK ] reward=  0.2402  decay_linear(rank(-1 * stddev(delta(close, 1), 20)), 60)
[execution_aware] iter  2/50 [OK ] reward=  0.2537  decay_linear(cs_rank(-1 * stddev(delta(close, 1), 20)), 120)
[execution_aware] iter  3/50 [OK ] reward=  0.2261  decay_linear(cs_rank(-1 * stddev(delta(close, 1), 20)), 240)
[execution_aware] iter  4/50 [ERR] reward=    -inf  decay_linear(cs_rank(-1 * stddev(delta(close, 1), 20)), 360)
[execution_aware] iter  5/50 [OK ] reward=  0.2367  decay_linear(cs_rank(-1 * stddev(delta(close, 1), 20)), 180)
[execution_aware] iter  6/50 [OK ] reward=  0.2261  decay_linear(cs_rank(-1 * stddev(delta(close, 1), 20)), 240)
[execution_aware] iter  7/50 [OK ] reward=  0.2326  decay_linear(cs_rank(-1 * stddev(delta(close, 1), 30)), 180)
[execution_aware] iter  8/50 [OK ] reward=  0.2261  decay_linear(cs_rank(-1 * stddev(delta(close, 1), 20)), 240)
[execution_aware] iter  9/50 [ERR] reward=    -inf  decay_linear(cs_rank(-1 * stddev(delta(close, 1), 20)), 360)
[execution_aware] iter 10/50 [OK ] reward=  0.2537  decay_linear(cs_rank(-1 * stddev(delta(close, 1), 20)), 120)
[execution_aware] iter 11/50 [OK ] reward=  0.2261  decay_linear(cs_rank(-1 * stddev(delta(close, 1), 20)), 240)
[execution_aware] iter 12/50 [OK ] reward=  0.2261  decay_linear(cs_rank(-1 * stddev(delta(close, 1), 20)), 240)
[execution_aware] iter 13/50 [ERR] reward=    -inf  decay_linear(cs_rank(-1 * stddev(delta(close, 1), 20)), 360)
[execution_aware] iter 14/50 [OK ] reward=  0.2402  decay_linear(cs_rank(-1 * stddev(delta(close, 1), 20)), 60)
[execution_aware] iter 15/50 [OK ] reward=  0.2367  decay_linear(cs_rank(-1 * stddev(delta(close, 1), 20)), 180)
[execution_aware] iter 16/50 [OK ] reward=  0.2263  decay_linear(cs_rank(-1 * stddev(delta(close, 1), 20)), 252)
[execution_aware] iter 17/50 [OK ] reward=  0.2263  decay_linear(cs_rank(-1 * stddev(delta(close, 1), 20)), 252)
[execution_aware] iter 18/50 [OK ] reward=  0.2367  decay_linear(cs_rank(-1 * stddev(delta(close, 1), 20)), 180)
[execution_aware] iter 19/50 [OK ] reward=  0.2261  decay_linear(cs_rank(-1 * stddev(delta(close, 1), 20)), 240)
[execution_aware] iter 20/50 [ERR] reward=    -inf  decay_linear(cs_rank(-1 * stddev(delta(close, 1), 20)), 360)
[execution_aware] iter 21/50 [OK ] reward=  0.1863  decay_linear(cs_rank(-1 * stddev(delta(close, 1), 120)), 120)
[execution_aware] iter 22/50 [OK ] reward=  0.2261  decay_linear(cs_rank(-1 * stddev(delta(close, 1), 20)), 240)
[execution_aware] iter 23/50 [OK ] reward=  0.2367  decay_linear(cs_rank(-1 * stddev(delta(close, 1), 20)), 180)
[execution_aware] iter 24/50 [OK ] reward=  0.2261  decay_linear(cs_rank(-1 * stddev(delta(close, 1), 20)), 240)
[execution_aware] iter 25/50 [ERR] reward=    -inf  decay_linear(cs_rank(-1 * stddev(delta(close, 1), 20)), 360)
[execution_aware] iter 26/50 [OK ] reward=  0.2367  decay_linear(cs_rank(-1 * stddev(delta(close, 1), 20)), 180)
[execution_aware] iter 27/50 [OK ] reward=  0.2261  decay_linear(cs_rank(-1 * stddev(delta(close, 1), 20)), 240)
[execution_aware] iter 28/50 [ERR] reward=    -inf  decay_linear(cs_rank(-1 * stddev(delta(close, 1), 20)), 360)
[execution_aware] iter 29/50 [OK ] reward=  0.2367  decay_linear(cs_rank(-1 * stddev(delta(close, 1), 20)), 180)
[execution_aware] iter 30/50 [OK ] reward=  0.2253  decay_linear(cs_rank(-1 * stddev(delta(close, 1), 25)), 240)
[execution_aware] iter 31/50 [OK ] reward=  0.2261  decay_linear(cs_rank(-1 * stddev(delta(close, 1), 20)), 240)
[execution_aware] iter 32/50 [OK ] reward=  0.2249  decay_linear(cs_rank(-1 * stddev(delta(close, 1), 40)), 180)
[execution_aware] iter 33/50 [OK ] reward=  0.2261  decay_linear(cs_rank(-1 * stddev(delta(close, 1), 20)), 240)
[execution_aware] iter 34/50 [OK ] reward=  0.2226  decay_linear(cs_rank(-1 * stddev(delta(close, 1), 30)), 240)
[execution_aware] iter 35/50 [OK ] reward=  0.2261  decay_linear(cs_rank(-1 * stddev(delta(close, 1), 20)), 240)
[execution_aware] iter 36/50 [ERR] reward=    -inf  decay_linear(cs_rank(-1 * stddev(delta(close, 1), 20)), 360)
[execution_aware] iter 37/50 [OK ] reward=  0.2537  decay_linear(cs_rank(-1 * stddev(delta(close, 1), 20)), 120)
[execution_aware] iter 38/50 [OK ] reward=  0.2261  decay_linear(cs_rank(-1 * stddev(delta(close, 1), 20)), 240)
[execution_aware] iter 39/50 [ERR] reward=    -inf  decay_linear(cs_rank(-1 * stddev(delta(close, 1), 20)), 360)
[execution_aware] iter 40/50 [OK ] reward=  0.2517  decay_linear(cs_rank(-1 * stddev(delta(close, 1), 20)), 100)
[execution_aware] iter 41/50 [OK ] reward=  0.2486  decay_linear(cs_rank(-1 * stddev(delta(close, 1), 20)), 150)
[execution_aware] iter 42/50 [OK ] reward=  0.2324  decay_linear(cs_rank(-1 * stddev(delta(close, 1), 20)), 200)
[execution_aware] iter 43/50 [ERR] reward=    -inf  decay_linear(cs_rank(-1 * stddev(delta(close, 1), 20)), 300)
[execution_aware] iter 44/50 [OK ] reward=  0.2517  decay_linear(cs_rank(-1 * stddev(delta(close, 1), 20)), 100)
[execution_aware] iter 45/50 [OK ] reward=  0.2324  decay_linear(cs_rank(-1 * stddev(delta(close, 1), 20)), 200)
[execution_aware] iter 46/50 [OK ] reward=  0.2263  decay_linear(cs_rank(-1 * stddev(delta(close, 1), 20)), 252)
[execution_aware] iter 47/50 [OK ] reward=  0.2263  decay_linear(cs_rank(-1 * stddev(delta(close, 1), 20)), 252)
[execution_aware] iter 48/50 [ERR] reward=    -inf  decay_linear(cs_rank(-1 * stddev(delta(close, 1), 20)), 300)
[execution_aware] iter 49/50 [OK ] reward=  0.2367  decay_linear(cs_rank(-1 * stddev(delta(close, 1), 20)), 180)
[execution_aware] iter 50/50 [OK ] reward=  0.2261  decay_linear(cs_rank(-1 * stddev(delta(close, 1), 20)), 240)
[wfo:execution_aware] fold 7 winner: decay_linear(cs_rank(-1 * stddev(delta(close, 1), 20)), 120)
[wfo:execution_aware] fold 7 OOS: Gross_IR=2.398 Turnover=3.32 Net_IR=2.166
[wfo:execution_aware] fold 8: train 2009-01-01..2013-12-31 -> test 2014-01-01..2014-12-31
[execution_aware] iter  0/50 [SEED] reward= -0.4519  rank(-1 * stddev(delta(close, 1), 20))
[execution_aware] iter  1/50 [OK ] reward=  0.3888  decay_linear(rank(-1 * stddev(delta(close, 1), 20)), 60)
[execution_aware] iter  2/50 [OK ] reward=  0.3908  decay_linear(rank(-1 * stddev(delta(close, 1), 20)), 120)
[execution_aware] iter  3/50 [OK ] reward=  0.3492  decay_linear(rank(-1 * stddev(delta(close, 1), 20)), 240)
[execution_aware] iter  4/50 [ERR] reward=    -inf  decay_linear(rank(-1 * stddev(delta(close, 1), 20)), 360)
[execution_aware] iter  5/50 [OK ] reward=  0.3638  decay_linear(cs_rank(-1 * stddev(delta(close, 1), 20)), 180)
[execution_aware] iter  6/50 [OK ] reward=  0.3492  decay_linear(cs_rank(-1 * stddev(delta(close, 1), 20)), 240)
[execution_aware] iter  7/50 [ERR] reward=    -inf  decay_linear(cs_rank(-1 * stddev(delta(close, 1), 20)), 360)
[execution_aware] iter  8/50 [OK ] reward=  0.3908  decay_linear(cs_rank(-1 * stddev(delta(close, 1), 20)), 120)
[execution_aware] iter  9/50 [OK ] reward=  0.3492  decay_linear(cs_rank(-1 * stddev(delta(close, 1), 20)), 240)
[execution_aware] iter 10/50 [ERR] reward=    -inf  decay_linear(cs_rank(-1 * stddev(delta(close, 1), 20)), 360)
[execution_aware] iter 11/50 [OK ] reward=  0.3908  decay_linear(cs_rank(-1 * stddev(delta(close, 1), 20)), 120)
[execution_aware] iter 12/50 [OK ] reward=  0.3492  decay_linear(cs_rank(-1 * stddev(delta(close, 1), 20)), 240)
[execution_aware] iter 13/50 [OK ] reward=  0.3492  decay_linear(cs_rank(-1 * stddev(delta(close, 1), 20)), 240)
[execution_aware] iter 14/50 [OK ] reward=  0.3383  decay_linear(cs_rank(-1 * stddev(delta(close, 1), 30)), 240)
[execution_aware] iter 15/50 [ERR] reward=    -inf  decay_linear(cs_rank(-1 * stddev(delta(close, 1), 40)), 360)
[execution_aware] iter 16/50 [OK ] reward=  0.3908  decay_linear(cs_rank(-1 * stddev(delta(close, 1), 20)), 120)
[execution_aware] iter 17/50 [OK ] reward=  0.3638  decay_linear(cs_rank(-1 * stddev(delta(close, 1), 20)), 180)
[execution_aware] iter 18/50 [OK ] reward=  0.3492  decay_linear(cs_rank(-1 * stddev(delta(close, 1), 20)), 240)
[execution_aware] iter 19/50 [ERR] reward=    -inf  decay_linear(cs_rank(-1 * stddev(delta(close, 1), 20)), 480)
[execution_aware] iter 20/50 [OK ] reward=  0.3908  decay_linear(cs_rank(-1 * stddev(delta(close, 1), 20)), 120)
[execution_aware] iter 21/50 [OK ] reward=  0.3383  decay_linear(cs_rank(-1 * stddev(delta(close, 1), 30)), 240)
[execution_aware] iter 22/50 [OK ] reward=  0.3492  decay_linear(cs_rank(-1 * stddev(delta(close, 1), 20)), 240)
[execution_aware] iter 23/50 [ERR] reward=    -inf  decay_linear(cs_rank(-1 * stddev(delta(close, 1), 20)), 300)
[execution_aware] iter 24/50 [OK ] reward=  0.3908  decay_linear(cs_rank(-1 * stddev(delta(close, 1), 20)), 120)
[execution_aware] iter 25/50 [OK ] reward=  0.3492  decay_linear(cs_rank(-1 * stddev(delta(close, 1), 20)), 240)
[execution_aware] iter 26/50 [ERR] reward=    -inf  decay_linear(cs_rank(-1 * stddev(delta(close, 1), 20)), 300)
[execution_aware] iter 27/50 [OK ] reward=  0.3908  decay_linear(cs_rank(-1 * stddev(delta(close, 1), 20)), 120)
[execution_aware] iter 28/50 [OK ] reward=  0.3492  decay_linear(cs_rank(-1 * stddev(delta(close, 1), 20)), 240)
[execution_aware] iter 29/50 [ERR] reward=    -inf  decay_linear(cs_rank(-1 * stddev(delta(close, 1), 20)), 360)
[execution_aware] iter 30/50 [OK ] reward=  0.3908  decay_linear(cs_rank(-1 * stddev(delta(close, 1), 20)), 120)
[execution_aware] iter 31/50 [OK ] reward=  0.3492  decay_linear(cs_rank(-1 * stddev(delta(close, 1), 20)), 240)
[execution_aware] iter 32/50 [ERR] reward=    -inf  decay_linear(cs_rank(-1 * stddev(delta(close, 1), 20)), 360)
[execution_aware] iter 33/50 [OK ] reward=  0.3908  decay_linear(cs_rank(-1 * stddev(delta(close, 1), 20)), 120)
[execution_aware] iter 34/50 [OK ] reward=  0.3638  decay_linear(cs_rank(-1 * stddev(delta(close, 1), 20)), 180)
[execution_aware] iter 35/50 [OK ] reward=  0.3492  decay_linear(cs_rank(-1 * stddev(delta(close, 1), 20)), 240)
[execution_aware] iter 36/50 [ERR] reward=    -inf  decay_linear(cs_rank(-1 * stddev(delta(close, 1), 20)), 360)
[execution_aware] iter 37/50 [OK ] reward=  0.3908  decay_linear(cs_rank(-1 * stddev(delta(close, 1), 20)), 120)
[execution_aware] iter 38/50 [OK ] reward=  0.3492  decay_linear(cs_rank(-1 * stddev(delta(close, 1), 20)), 240)
[execution_aware] iter 39/50 [ERR] reward=    -inf  decay_linear(cs_rank(-1 * stddev(delta(close, 1), 20)), 360)
[execution_aware] iter 40/50 [OK ] reward=  0.3908  decay_linear(cs_rank(-1 * stddev(delta(close, 1), 20)), 120)
[execution_aware] iter 41/50 [OK ] reward=  0.3492  decay_linear(cs_rank(-1 * stddev(delta(close, 1), 20)), 240)
[execution_aware] iter 42/50 [ERR] reward=    -inf  decay_linear(cs_rank(-1 * stddev(delta(close, 1), 20)), 360)
[execution_aware] iter 43/50 [OK ] reward=  0.3908  decay_linear(cs_rank(-1 * stddev(delta(close, 1), 20)), 120)
[execution_aware] iter 44/50 [OK ] reward=  0.3577  decay_linear(cs_rank(-1 * stddev(delta(close, 1), 20)), 200)
[execution_aware] iter 45/50 [ERR] reward=    -inf  decay_linear(cs_rank(-1 * stddev(delta(close, 1), 20)), 300)
[execution_aware] iter 46/50 [OK ] reward=  0.3908  decay_linear(cs_rank(-1 * stddev(delta(close, 1), 20)), 120)
[execution_aware] iter 47/50 [OK ] reward=  0.3492  decay_linear(cs_rank(-1 * stddev(delta(close, 1), 20)), 240)
[execution_aware] iter 48/50 [ERR] reward=    -inf  decay_linear(cs_rank(-1 * stddev(delta(close, 1), 20)), 360)
[execution_aware] iter 49/50 [OK ] reward=  0.3908  decay_linear(cs_rank(-1 * stddev(delta(close, 1), 20)), 120)
[execution_aware] iter 50/50 [OK ] reward=  0.3690  decay_linear(rank(-1 * stddev(delta(close, 1), 30)), 150)
[wfo:execution_aware] fold 8 winner: decay_linear(rank(-1 * stddev(delta(close, 1), 20)), 120)
[wfo:execution_aware] fold 8 OOS: Gross_IR=0.084 Turnover=3.44 Net_IR=-0.097
[wfo:execution_aware] fold 9: train 2010-01-01..2014-12-31 -> test 2015-01-01..2015-12-31
[execution_aware] iter  0/50 [SEED] reward= -0.2604  rank(-1 * stddev(delta(close, 1), 20))
[execution_aware] iter  1/50 [OK ] reward=  0.4522  decay_linear(rank(-1 * stddev(delta(close, 1), 20)), 60)
[execution_aware] iter  2/50 [OK ] reward=  0.4873  decay_linear(cs_rank(-1 * stddev(delta(close, 1), 20)), 120)
[execution_aware] iter  3/50 [OK ] reward=  0.4863  decay_linear(cs_rank(-1 * stddev(delta(close, 1), 20)), 240)
[execution_aware] iter  4/50 [OK ] reward=  0.4863  decay_linear(cs_rank(-1 * stddev(delta(close, 1), 20)), 240)
[execution_aware] iter  5/50 [ERR] reward=    -inf  decay_linear(cs_rank(-1 * stddev(delta(close, 1), 20)), 360)
[execution_aware] iter  6/50 [OK ] reward=  0.4873  decay_linear(cs_rank(-1 * stddev(delta(close, 1), 20)), 120)
[execution_aware] iter  7/50 [OK ] reward=  0.4863  decay_linear(cs_rank(-1 * stddev(delta(close, 1), 20)), 240)
[execution_aware] iter  8/50 [ERR] reward=    -inf  decay_linear(cs_rank(-1 * stddev(delta(close, 1), 20)), 360)
[execution_aware] iter  9/50 [OK ] reward=  0.4863  decay_linear(cs_rank(-1 * stddev(delta(close, 1), 20)), 240)
[execution_aware] iter 10/50 [ERR] reward=    -inf  decay_linear(cs_rank(-1 * stddev(delta(close, 1), 20)), 360)
[execution_aware] iter 11/50 [OK ] reward=  0.4873  decay_linear(cs_rank(-1 * stddev(delta(close, 1), 20)), 120)
[execution_aware] iter 12/50 [OK ] reward=  0.4863  decay_linear(cs_rank(-1 * stddev(delta(close, 1), 20)), 240)
[execution_aware] iter 13/50 [ERR] reward=    -inf  decay_linear(cs_rank(-1 * stddev(delta(close, 1), 20)), 360)
[execution_aware] iter 14/50 [OK ] reward=  0.4866  decay_linear(cs_rank(-1 * stddev(delta(close, 1), 20)), 180)
[execution_aware] iter 15/50 [OK ] reward=  0.4863  decay_linear(cs_rank(-1 * stddev(delta(close, 1), 20)), 240)
[execution_aware] iter 16/50 [OK ] reward=  0.4816  decay_linear(cs_rank(-1 * stddev(delta(close, 1), 30)), 180)
[execution_aware] iter 17/50 [OK ] reward=  0.4863  decay_linear(cs_rank(-1 * stddev(delta(close, 1), 20)), 240)
[execution_aware] iter 18/50 [OK ] reward=  0.4863  decay_linear(cs_rank(-1 * stddev(delta(close, 1), 20)), 240)
[execution_aware] iter 19/50 [OK ] reward=  0.4816  decay_linear(cs_rank(-1 * stddev(delta(close, 1), 30)), 180)
[execution_aware] iter 20/50 [OK ] reward=  0.4863  decay_linear(cs_rank(-1 * stddev(delta(close, 1), 20)), 240)
[execution_aware] iter 21/50 [ERR] reward=    -inf  decay_linear(cs_rank(-1 * stddev(delta(close, 1), 20)), 360)
[execution_aware] iter 22/50 [OK ] reward=  0.4863  decay_linear(cs_rank(-1 * stddev(delta(close, 1), 20)), 240)
[execution_aware] iter 23/50 [ERR] reward=    -inf  decay_linear(cs_rank(-1 * stddev(delta(close, 1), 20)), 360)
[execution_aware] iter 24/50 [OK ] reward=  0.4884  decay_linear(cs_rank(-1 * stddev(delta(close, 1), 20)), 252)
[execution_aware] iter 25/50 [ERR] reward=    -inf  decay_linear(cs_rank(-1 * stddev(delta(close, 1), 20)), 500)
[execution_aware] iter 26/50 [OK ] reward=  0.4847  decay_linear(cs_rank(-1 * stddev(delta(close, 1), 20)), 200)
[execution_aware] iter 27/50 [ERR] reward=    -inf  decay_linear(cs_rank(-1 * stddev(delta(close, 1), 20)), 300)
[execution_aware] iter 28/50 [OK ] reward=  0.4884  decay_linear(cs_rank(-1 * stddev(delta(close, 1), 20)), 252)
[execution_aware] iter 29/50 [ERR] reward=    -inf  decay_linear(cs_rank(-1 * stddev(delta(close, 1), 20)), 500)
[execution_aware] iter 30/50 [OK ] reward=  0.4884  decay_linear(cs_rank(-1 * stddev(delta(close, 1), 20)), 252)
[execution_aware] iter 31/50 [ERR] reward=    -inf  decay_linear(cs_rank(-1 * stddev(delta(close, 1), 20)), 500)
[execution_aware] iter 32/50 [OK ] reward=  0.4884  decay_linear(cs_rank(-1 * stddev(delta(close, 1), 20)), 252)
[execution_aware] iter 33/50 [ERR] reward=    -inf  decay_linear(cs_rank(-1 * stddev(delta(close, 1), 20)), 500)
[execution_aware] iter 34/50 [OK ] reward=  0.4884  decay_linear(cs_rank(-1 * stddev(delta(close, 1), 20)), 252)
[execution_aware] iter 35/50 [ERR] reward=    -inf  decay_linear(cs_rank(-1 * stddev(delta(close, 1), 20)), 500)
[execution_aware] iter 36/50 [OK ] reward=  0.4773  decay_linear(cs_rank(-1 * stddev(delta(close, 1), 20)), 100)
[execution_aware] iter 37/50 [OK ] reward=  0.4884  decay_linear(cs_rank(-1 * stddev(delta(close, 1), 20)), 252)
[execution_aware] iter 38/50 [ERR] reward=    -inf  decay_linear(cs_rank(-1 * stddev(delta(close, 1), 20)), 504)
[execution_aware] iter 39/50 [OK ] reward=  0.4896  decay_linear(cs_rank(-1 * stddev(delta(close, 1), 20)), 126)
[execution_aware] iter 40/50 [OK ] reward=  0.4884  decay_linear(cs_rank(-1 * stddev(delta(close, 1), 20)), 252)
[execution_aware] iter 41/50 [ERR] reward=    -inf  decay_linear(cs_rank(-1 * stddev(delta(close, 1), 20)), 365)
[execution_aware] iter 42/50 [OK ] reward=-20.9861  decay_linear(cs_rank(-1 * stddev(delta(close, 1), 20)), 126) + cs_rank(vwap - close)
[execution_aware] iter 43/50 [OK ] reward=-21.0854  decay_linear(cs_rank(-1 * stddev(delta(close, 1), 20)), 252) + cs_rank(vwap - close)
[execution_aware] iter 44/50 [OK ] reward=  0.4884  decay_linear(cs_rank(-1 * stddev(delta(close, 1), 20)), 252)
[execution_aware] iter 45/50 [OK ] reward=  0.4866  decay_linear(cs_rank(-1 * stddev(delta(close, 1), 20)), 180)
[execution_aware] iter 46/50 [OK ] reward=  0.4884  decay_linear(cs_rank(-1 * stddev(delta(close, 1), 20)), 252)
[execution_aware] iter 47/50 [OK ] reward=  0.4884  decay_linear(cs_rank(-1 * stddev(delta(close, 1), 20)), 252)
[execution_aware] iter 48/50 [ERR] reward=    -inf  decay_linear(cs_rank(-1 * stddev(delta(close, 1), 20)), 504)
[execution_aware] iter 49/50 [OK ] reward=  0.4896  decay_linear(cs_rank(-1 * stddev(delta(close, 1), 20)), 126)
[execution_aware] iter 50/50 [OK ] reward=  0.4884  decay_linear(cs_rank(-1 * stddev(delta(close, 1), 20)), 252)
[wfo:execution_aware] fold 9 winner: decay_linear(cs_rank(-1 * stddev(delta(close, 1), 20)), 126)
[wfo:execution_aware] fold 9 OOS: Gross_IR=0.259 Turnover=3.51 Net_IR=0.045
[wfo:execution_aware] fold 10: train 2011-01-01..2015-12-31 -> test 2016-01-01..2016-12-31
[execution_aware] iter  0/50 [SEED] reward= -0.1237  rank(-1 * stddev(delta(close, 1), 20))
[execution_aware] iter  1/50 [OK ] reward=  0.6254  decay_linear(rank(-1 * stddev(delta(close, 1), 20)), 60)
[execution_aware] iter  2/50 [OK ] reward=  0.6804  decay_linear(rank(-1 * stddev(delta(close, 1), 20)), 120)
[execution_aware] iter  3/50 [OK ] reward=  0.7182  decay_linear(rank(-1 * stddev(delta(close, 1), 20)), 240)
[execution_aware] iter  4/50 [ERR] reward=    -inf  decay_linear(rank(-1 * stddev(delta(close, 1), 20)), 500)
[execution_aware] iter  5/50 [OK ] reward=  0.7182  decay_linear(rank(-1 * stddev(delta(close, 1), 20)), 240)
[execution_aware] iter  6/50 [ERR] reward=    -inf  decay_linear(rank(-1 * stddev(delta(close, 1), 20)), 480)
[execution_aware] iter  7/50 [OK ] reward=  0.7182  decay_linear(rank(-1 * stddev(delta(close, 1), 20)), 240)
[execution_aware] iter  8/50 [ERR] reward=    -inf  decay_linear(rank(-1 * stddev(delta(close, 1), 20)), 360)
[execution_aware] iter  9/50 [OK ] reward=  0.7182  decay_linear(cs_rank(-1 * stddev(delta(close, 1), 20)), 240)
[execution_aware] iter 10/50 [ERR] reward=    -inf  decay_linear(cs_rank(-1 * stddev(delta(close, 1), 20)), 480)
[execution_aware] iter 11/50 [OK ] reward=  0.7182  decay_linear(cs_rank(-1 * stddev(delta(close, 1), 20)), 240)
[execution_aware] iter 12/50 [ERR] reward=    -inf  decay_linear(cs_rank(-1 * stddev(delta(close, 1), 20)), 500)
[execution_aware] iter 13/50 [OK ] reward=  0.7182  decay_linear(cs_rank(-1 * stddev(delta(close, 1), 20)), 240)
[execution_aware] iter 14/50 [ERR] reward=    -inf  decay_linear(cs_rank(-1 * stddev(delta(close, 1), 20)), 360)
[execution_aware] iter 15/50 [OK ] reward=  0.7182  decay_linear(cs_rank(-1 * stddev(delta(close, 1), 20)), 240)
[execution_aware] iter 16/50 [ERR] reward=    -inf  decay_linear(rank(-1 * stddev(delta(close, 1), 30)), 360)
[execution_aware] iter 17/50 [OK ] reward= -0.9351  decay_linear(ts_rank(-1 * stddev(delta(close, 1), 20), 240), 120)
[execution_aware] iter 18/50 [ERR] reward=    -inf  decay_linear(cs_rank(-1 * stddev(delta(close, 1), 20)), 360)
[execution_aware] iter 19/50 [OK ] reward=  0.7182  decay_linear(cs_rank(-1 * stddev(delta(close, 1), 20)), 240)
[execution_aware] iter 20/50 [ERR] reward=    -inf  decay_linear(cs_rank(-1 * stddev(delta(close, 1), 40)), 360)
[execution_aware] iter 21/50 [OK ] reward=  0.7182  decay_linear(cs_rank(-1 * stddev(delta(close, 1), 20)), 240)
[execution_aware] iter 22/50 [ERR] reward=    -inf  decay_linear(cs_rank(-1 * stddev(delta(close, 1), 20)), 480)
[execution_aware] iter 23/50 [OK ] reward=  0.7182  decay_linear(cs_rank(-1 * stddev(delta(close, 1), 20)), 240)
[execution_aware] iter 24/50 [ERR] reward=    -inf  decay_linear(cs_rank(-1 * stddev(delta(close, 1), 20)), 365)
[execution_aware] iter 25/50 [OK ] reward=  0.7182  decay_linear(cs_rank(-1 * stddev(delta(close, 1), 20)), 240)
[execution_aware] iter 26/50 [ERR] reward=    -inf  decay_linear(cs_rank(-1 * stddev(delta(close, 1), 20)), 360)
[execution_aware] iter 27/50 [OK ] reward=  0.7182  decay_linear(cs_rank(-1 * stddev(delta(close, 1), 20)), 240)
[execution_aware] iter 28/50 [ERR] reward=    -inf  decay_linear(cs_rank(-1 * stddev(delta(close, 1), 20)), 360)
[execution_aware] iter 29/50 [OK ] reward=  0.7182  decay_linear(cs_rank(-1 * stddev(delta(close, 1), 20)), 240)
[execution_aware] iter 30/50 [ERR] reward=    -inf  decay_linear(cs_rank(-1 * stddev(delta(close, 1), 20)), 500)
[execution_aware] iter 31/50 [OK ] reward=  0.7182  decay_linear(cs_rank(-1 * stddev(delta(close, 1), 20)), 240)
[execution_aware] iter 32/50 [ERR] reward=    -inf  decay_linear(cs_rank(-1 * stddev(delta(close, 1), 20)), 500)
[execution_aware] iter 33/50 [OK ] reward=  0.7182  decay_linear(cs_rank(-1 * stddev(delta(close, 1), 20)), 240)
[execution_aware] iter 34/50 [ERR] reward=    -inf  decay_linear(cs_rank(-1 * stddev(delta(close, 1), 20)), 360)
[execution_aware] iter 35/50 [OK ] reward=  0.7182  decay_linear(cs_rank(-1 * stddev(delta(close, 1), 20)), 240)
[execution_aware] iter 36/50 [ERR] reward=    -inf  decay_linear(cs_rank(-1 * stddev(delta(close, 1), 20)), 480)
[execution_aware] iter 37/50 [OK ] reward=  0.7182  decay_linear(cs_rank(-1 * stddev(delta(close, 1), 20)), 240)
[execution_aware] iter 38/50 [ERR] reward=    -inf  decay_linear(cs_rank(-1 * stddev(delta(close, 1), 20)), 360)
[execution_aware] iter 39/50 [OK ] reward=  0.7182  decay_linear(cs_rank(-1 * stddev(delta(close, 1), 20)), 240)
[execution_aware] iter 40/50 [ERR] reward=    -inf  decay_linear(cs_rank(-1 * stddev(delta(close, 1), 20)), 480)
[execution_aware] iter 41/50 [OK ] reward=  0.7182  decay_linear(cs_rank(-1 * stddev(delta(close, 1), 20)), 240)
[execution_aware] iter 42/50 [ERR] reward=    -inf  decay_linear(cs_rank(-1 * stddev(delta(close, 1), 20)), 360)
[execution_aware] iter 43/50 [OK ] reward=  0.7182  decay_linear(cs_rank(-1 * stddev(delta(close, 1), 20)), 240)
[execution_aware] iter 44/50 [ERR] reward=    -inf  decay_linear(cs_rank(-1 * stddev(delta(close, 1), 20)), 500)
[execution_aware] iter 45/50 [OK ] reward=  0.7182  decay_linear(cs_rank(-1 * stddev(delta(close, 1), 20)), 240)
[execution_aware] iter 46/50 [ERR] reward=    -inf  decay_linear(cs_rank(-1 * stddev(delta(close, 1), 20)), 360)
[execution_aware] iter 47/50 [OK ] reward=  0.7182  decay_linear(cs_rank(-1 * stddev(delta(close, 1), 20)), 240)
[execution_aware] iter 48/50 [ERR] reward=    -inf  decay_linear(cs_rank(-1 * stddev(delta(close, 1), 20)), 360)
[execution_aware] iter 49/50 [OK ] reward=  0.7182  decay_linear(cs_rank(-1 * stddev(delta(close, 1), 20)), 240)
[execution_aware] iter 50/50 [ERR] reward=    -inf  decay_linear(cs_rank(-1 * stddev(delta(close, 1), 20)), 500)
[wfo:execution_aware] fold 10 winner: decay_linear(rank(-1 * stddev(delta(close, 1), 20)), 240)
[wfo:execution_aware] fold 10 OOS: Gross_IR=1.709 Turnover=3.53 Net_IR=1.484
[wfo:execution_aware] fold 11: train 2012-01-01..2016-12-31 -> test 2017-01-01..2017-12-31
[execution_aware] iter  0/50 [SEED] reward=  0.2309  rank(-1 * stddev(delta(close, 1), 20))
[execution_aware] iter  1/50 [OK ] reward=  0.9033  decay_linear(rank(-1 * stddev(delta(close, 1), 20)), 100)
[execution_aware] iter  2/50 [OK ] reward=  0.9355  decay_linear(rank(-1 * stddev(delta(close, 1), 20)), 200)
[execution_aware] iter  3/50 [ERR] reward=    -inf  decay_linear(rank(-1 * stddev(delta(close, 1), 20)), 400)
[execution_aware] iter  4/50 [OK ] reward=  0.9355  decay_linear(rank(-1 * stddev(delta(close, 1), 20)), 200)
[execution_aware] iter  5/50 [ERR] reward=    -inf  decay_linear(rank(-1 * stddev(delta(close, 1), 20)), 500)
[execution_aware] iter  6/50 [OK ] reward=  0.9355  decay_linear(cs_rank(-1 * stddev(delta(close, 1), 20)), 200)
[execution_aware] iter  7/50 [ERR] reward=    -inf  decay_linear(cs_rank(-1 * stddev(delta(close, 1), 20)), 400)
[execution_aware] iter  8/50 [OK ] reward=  0.9355  decay_linear(cs_rank(-1 * stddev(delta(close, 1), 20)), 200)
[execution_aware] iter  9/50 [ERR] reward=    -inf  decay_linear(cs_rank(-1 * stddev(delta(close, 1), 20)), 400)
[execution_aware] iter 10/50 [OK ] reward=  0.9355  decay_linear(cs_rank(-1 * stddev(delta(close, 1), 20)), 200)
[execution_aware] iter 11/50 [ERR] reward=    -inf  decay_linear(ts_rank(-1 * stddev(delta(close, 1), 20), 252), 400)
[execution_aware] iter 12/50 [OK ] reward= -0.5492  decay_linear(ts_rank(-1 * stddev(delta(close, 1), 20), 252), 200)
[execution_aware] iter 13/50 [ERR] reward=    -inf  decay_linear(cs_rank(-1 * stddev(delta(close, 1), 20)), 400)
[execution_aware] iter 14/50 [OK ] reward=  0.9355  decay_linear(cs_rank(-1 * stddev(delta(close, 1), 20)), 200)
[execution_aware] iter 15/50 [ERR] reward=    -inf  decay_linear(cs_rank(-1 * stddev(delta(close, 1), 20)), 400)
[execution_aware] iter 16/50 [OK ] reward=  0.9355  decay_linear(cs_rank(-1 * stddev(delta(close, 1), 20)), 200)
[execution_aware] iter 17/50 [ERR] reward=    -inf  decay_linear(cs_rank(-1 * stddev(delta(close, 1), 20)), 400)
[execution_aware] iter 18/50 [OK ] reward=  0.9355  decay_linear(cs_rank(-1 * stddev(delta(close, 1), 20)), 200)
[execution_aware] iter 19/50 [ERR] reward=    -inf  decay_linear(cs_rank(-1 * stddev(delta(close, 1), 20)), 400)
[execution_aware] iter 20/50 [OK ] reward=  0.9355  decay_linear(cs_rank(-1 * stddev(delta(close, 1), 20)), 200)
[execution_aware] iter 21/50 [ERR] reward=    -inf  decay_linear(cs_rank(-1 * stddev(delta(close, 1), 20)), 400)
[execution_aware] iter 22/50 [OK ] reward=  0.9355  decay_linear(cs_rank(-1 * stddev(delta(close, 1), 20)), 200)
[execution_aware] iter 23/50 [ERR] reward=    -inf  decay_linear(cs_rank(-1 * stddev(delta(close, 1), 20)), 400)
[execution_aware] iter 24/50 [OK ] reward=  0.9355  decay_linear(cs_rank(-1 * stddev(delta(close, 1), 20)), 200)
[execution_aware] iter 25/50 [ERR] reward=    -inf  decay_linear(cs_rank(-1 * stddev(delta(close, 1), 20)), 300)
[execution_aware] iter 26/50 [OK ] reward=  0.9355  decay_linear(cs_rank(-1 * stddev(delta(close, 1), 20)), 200)
[execution_aware] iter 27/50 [ERR] reward=    -inf  decay_linear(cs_rank(-1 * stddev(delta(close, 1), 20)), 400)
[execution_aware] iter 28/50 [OK ] reward=  0.9355  decay_linear(cs_rank(-1 * stddev(delta(close, 1), 20)), 200)
[execution_aware] iter 29/50 [ERR] reward=    -inf  decay_linear(cs_rank(-1 * stddev(delta(close, 1), 20)), 500)
[execution_aware] iter 30/50 [OK ] reward=  0.9355  decay_linear(cs_rank(-1 * stddev(delta(close, 1), 20)), 200)
[execution_aware] iter 31/50 [ERR] reward=    -inf  decay_linear(cs_rank(-1 * stddev(delta(close, 1), 30)), 300)
[execution_aware] iter 32/50 [OK ] reward=  0.9355  decay_linear(cs_rank(-1 * stddev(delta(close, 1), 20)), 200)
[execution_aware] iter 33/50 [ERR] reward=    -inf  decay_linear(cs_rank(-1 * stddev(delta(close, 1), 40)), 300)
[execution_aware] iter 34/50 [OK ] reward=  0.9355  decay_linear(cs_rank(-1 * stddev(delta(close, 1), 20)), 200)
[execution_aware] iter 35/50 [ERR] reward=    -inf  decay_linear(cs_rank(-1 * stddev(delta(close, 1), 20)), 400)
[execution_aware] iter 36/50 [OK ] reward=  0.9355  decay_linear(cs_rank(-1 * stddev(delta(close, 1), 20)), 200)
[execution_aware] iter 37/50 [ERR] reward=    -inf  decay_linear(cs_rank(-1 * stddev(delta(close, 1), 20)), 300)
[execution_aware] iter 38/50 [OK ] reward=  0.9355  decay_linear(cs_rank(-1 * stddev(delta(close, 1), 20)), 200)
[execution_aware] iter 39/50 [ERR] reward=    -inf  decay_linear(cs_rank(-1 * stddev(delta(close, 1), 20)), 500)
[execution_aware] iter 40/50 [OK ] reward=  0.9355  decay_linear(cs_rank(-1 * stddev(delta(close, 1), 20)), 200)
[execution_aware] iter 41/50 [ERR] reward=    -inf  decay_linear(rank(-1 * stddev(delta(close, 1), 20)), 400)
[execution_aware] iter 42/50 [OK ] reward=  0.9355  decay_linear(rank(-1 * stddev(delta(close, 1), 20)), 200)
[execution_aware] iter 43/50 [ERR] reward=    -inf  decay_linear(rank(-1 * stddev(delta(close, 1), 20)), 400)
[execution_aware] iter 44/50 [OK ] reward=  0.9355  decay_linear(cs_rank(-1 * stddev(delta(close, 1), 20)), 200)
[execution_aware] iter 45/50 [ERR] reward=    -inf  decay_linear(cs_rank(-1 * stddev(delta(close, 1), 20)), 400)
[execution_aware] iter 46/50 [OK ] reward=  0.9355  decay_linear(cs_rank(-1 * stddev(delta(close, 1), 20)), 200)
[execution_aware] iter 47/50 [ERR] reward=    -inf  decay_linear(cs_rank(-1 * stddev(delta(close, 1), 30)), 400)
[execution_aware] iter 48/50 [OK ] reward=  0.9355  decay_linear(cs_rank(-1 * stddev(delta(close, 1), 20)), 200)
[execution_aware] iter 49/50 [ERR] reward=    -inf  decay_linear(cs_rank(-1 * stddev(delta(close, 1), 20)), 400)
[execution_aware] iter 50/50 [OK ] reward=  0.9355  decay_linear(cs_rank(-1 * stddev(delta(close, 1), 20)), 200)
[wfo:execution_aware] fold 11 winner: decay_linear(rank(-1 * stddev(delta(close, 1), 20)), 200)
[wfo:execution_aware] fold 11 OOS: Gross_IR=0.602 Turnover=2.92 Net_IR=0.356
[wfo:execution_aware] fold 12: train 2013-01-01..2017-12-31 -> test 2018-01-01..2018-12-31
[execution_aware] iter  0/50 [SEED] reward=  0.1100  rank(-1 * stddev(delta(close, 1), 20))
[execution_aware] iter  1/50 [OK ] reward=  0.6514  decay_linear(rank(-1 * stddev(delta(close, 1), 20)), 60)
[execution_aware] iter  2/50 [OK ] reward=  0.6996  decay_linear(rank(-1 * stddev(delta(close, 1), 20)), 120)
[execution_aware] iter  3/50 [OK ] reward=  0.7542  decay_linear(rank(-1 * stddev(delta(close, 1), 20)), 240)
[execution_aware] iter  4/50 [ERR] reward=    -inf  decay_linear(rank(-1 * stddev(delta(close, 1), 30)), 360)
[execution_aware] iter  5/50 [OK ] reward=  0.7542  decay_linear(rank(-1 * stddev(delta(close, 1), 20)), 240)
[execution_aware] iter  6/50 [ERR] reward=    -inf  decay_linear(rank(-1 * stddev(delta(close, 1), 20)), 360)
[execution_aware] iter  7/50 [OK ] reward=  0.7542  decay_linear(cs_rank(-1 * stddev(delta(close, 1), 20)), 240)
[execution_aware] iter  8/50 [ERR] reward=    -inf  decay_linear(cs_rank(-1 * stddev(delta(close, 1), 20)), 360)
[execution_aware] iter  9/50 [OK ] reward=  0.7542  decay_linear(cs_rank(-1 * stddev(delta(close, 1), 20)), 240)
[execution_aware] iter 10/50 [ERR] reward=    -inf  decay_linear(cs_rank(-1 * stddev(delta(close, 1), 20)), 480)
[execution_aware] iter 11/50 [OK ] reward=  0.7542  decay_linear(cs_rank(-1 * stddev(delta(close, 1), 20)), 240)
[execution_aware] iter 12/50 [ERR] reward=    -inf  decay_linear(rank(-1 * stddev(delta(close, 1), 20)), 360)
[execution_aware] iter 13/50 [OK ] reward=  0.7542  decay_linear(cs_rank(-1 * stddev(delta(close, 1), 20)), 240)
[execution_aware] iter 14/50 [ERR] reward=    -inf  decay_linear(cs_rank(-1 * stddev(delta(close, 1), 30)), 360)
[execution_aware] iter 15/50 [OK ] reward=  0.7542  decay_linear(cs_rank(-1 * stddev(delta(close, 1), 20)), 240)
[execution_aware] iter 16/50 [ERR] reward=    -inf  decay_linear(cs_rank(-1 * stddev(delta(close, 1), 20)), 360)
[execution_aware] iter 17/50 [OK ] reward=  0.7364  decay_linear(cs_rank(-1 * stddev(delta(close, 1), 20)), 180)
[execution_aware] iter 18/50 [ERR] reward=    -inf  decay_linear(cs_rank(-1 * stddev(delta(close, 1), 20)), 300)
[execution_aware] iter 19/50 [OK ] reward=  0.7542  decay_linear(cs_rank(-1 * stddev(delta(close, 1), 20)), 240)
[execution_aware] iter 20/50 [ERR] reward=    -inf  decay_linear(cs_rank(-1 * stddev(delta(close, 1), 20)), 480)
[execution_aware] iter 21/50 [OK ] reward=  0.7542  decay_linear(cs_rank(-1 * stddev(delta(close, 1), 20)), 240)
[execution_aware] iter 22/50 [ERR] reward=    -inf  decay_linear(cs_rank(-1 * stddev(delta(close, 1), 20)), 360)
[execution_aware] iter 23/50 [OK ] reward=  0.7542  decay_linear(cs_rank(-1 * stddev(delta(close, 1), 20)), 240)
[execution_aware] iter 24/50 [ERR] reward=    -inf  decay_linear(cs_rank(-1 * stddev(delta(close, 1), 20)), 360)
[execution_aware] iter 25/50 [OK ] reward=  0.7542  decay_linear(cs_rank(-1 * stddev(delta(close, 1), 20)), 240)
[execution_aware] iter 26/50 [ERR] reward=    -inf  decay_linear(cs_rank(-1 * stddev(delta(close, 1), 20)), 360)
[execution_aware] iter 27/50 [OK ] reward=  0.7542  decay_linear(cs_rank(-1 * stddev(delta(close, 1), 20)), 240)
[execution_aware] iter 28/50 [ERR] reward=    -inf  decay_linear(cs_rank(-1 * stddev(delta(close, 1), 20)), 360)
[execution_aware] iter 29/50 [OK ] reward=  0.7542  decay_linear(cs_rank(-1 * stddev(delta(close, 1), 20)), 240)
[execution_aware] iter 30/50 [ERR] reward=    -inf  decay_linear(cs_rank(-1 * stddev(delta(close, 1), 20)), 365)
[execution_aware] iter 31/50 [OK ] reward=  0.7542  decay_linear(cs_rank(-1 * stddev(delta(close, 1), 20)), 240)
[execution_aware] iter 32/50 [ERR] reward=    -inf  decay_linear(cs_rank(-1 * stddev(delta(close, 1), 20)), 500)
[execution_aware] iter 33/50 [OK ] reward=  0.7542  decay_linear(cs_rank(-1 * stddev(delta(close, 1), 20)), 240)
[execution_aware] iter 34/50 [ERR] reward=    -inf  decay_linear(cs_rank(-1 * stddev(delta(close, 1), 30)), 300)
[execution_aware] iter 35/50 [OK ] reward=  0.7542  decay_linear(cs_rank(-1 * stddev(delta(close, 1), 20)), 240)
[execution_aware] iter 36/50 [ERR] reward=    -inf  decay_linear(cs_rank(-1 * stddev(delta(close, 1), 20)), 480)
[execution_aware] iter 37/50 [OK ] reward=  0.7542  decay_linear(cs_rank(-1 * stddev(delta(close, 1), 20)), 240)
[execution_aware] iter 38/50 [ERR] reward=    -inf  decay_linear(cs_rank(-1 * stddev(delta(close, 1), 20)), 360)
[execution_aware] iter 39/50 [OK ] reward=  0.7542  decay_linear(cs_rank(-1 * stddev(delta(close, 1), 20)), 240)
[execution_aware] iter 40/50 [ERR] reward=    -inf  decay_linear(cs_rank(-1 * stddev(delta(close, 1), 20)), 360)
[execution_aware] iter 41/50 [OK ] reward=  0.7542  decay_linear(cs_rank(-1 * stddev(delta(close, 1), 20)), 240)
[execution_aware] iter 42/50 [ERR] reward=    -inf  decay_linear(cs_rank(-1 * stddev(delta(close, 1), 20)), 360)
[execution_aware] iter 43/50 [OK ] reward=  0.7542  decay_linear(cs_rank(-1 * stddev(delta(close, 1), 20)), 240)
[execution_aware] iter 44/50 [ERR] reward=    -inf  decay_linear(rank(-1 * stddev(delta(close, 1), 20)), 480)
[execution_aware] iter 45/50 [OK ] reward=  0.7542  decay_linear(cs_rank(-1 * stddev(delta(close, 1), 20)), 240)
[execution_aware] iter 46/50 [ERR] reward=    -inf  decay_linear(cs_rank(-1 * stddev(delta(close, 1), 20)), 500)
[execution_aware] iter 47/50 [OK ] reward=  0.7542  decay_linear(cs_rank(-1 * stddev(delta(close, 1), 20)), 240)
[execution_aware] iter 48/50 [ERR] reward=    -inf  decay_linear(cs_rank(-1 * stddev(delta(close, 1), 20)), 360)
[execution_aware] iter 49/50 [OK ] reward=  0.7542  decay_linear(cs_rank(-1 * stddev(delta(close, 1), 20)), 240)
[execution_aware] iter 50/50 [ERR] reward=    -inf  decay_linear(cs_rank(-1 * stddev(delta(close, 1), 20)), 500)
[wfo:execution_aware] fold 12 winner: decay_linear(rank(-1 * stddev(delta(close, 1), 20)), 240)
[wfo:execution_aware] fold 12 OOS: Gross_IR=0.684 Turnover=3.10 Net_IR=0.478
[wfo:execution_aware] fold 13: train 2014-01-01..2018-12-31 -> test 2019-01-01..2019-12-31
[execution_aware] iter  0/50 [SEED] reward= -0.2477  rank(-1 * stddev(delta(close, 1), 20))
[execution_aware] iter  1/50 [OK ] reward=  0.3406  decay_linear(rank(-1 * stddev(delta(close, 1), 20)), 60)
[execution_aware] iter  2/50 [OK ] reward=  0.3928  decay_linear(cs_rank(-1 * stddev(delta(close, 1), 20)), 120)
[execution_aware] iter  3/50 [OK ] reward=  0.4229  decay_linear(cs_rank(-1 * stddev(delta(close, 1), 20)), 240)
[execution_aware] iter  4/50 [ERR] reward=    -inf  decay_linear(cs_rank(-1 * stddev(delta(close, 1), 20)), 360)
[execution_aware] iter  5/50 [OK ] reward=  0.4206  decay_linear(cs_rank(-1 * stddev(delta(close, 1), 20)), 180)
[execution_aware] iter  6/50 [ERR] reward=    -inf  decay_linear(cs_rank(-1 * stddev(delta(close, 1), 20)), 360)
[execution_aware] iter  7/50 [OK ] reward=  0.4229  decay_linear(cs_rank(-1 * stddev(delta(close, 1), 20)), 240)
[execution_aware] iter  8/50 [ERR] reward=    -inf  decay_linear(cs_rank(-1 * stddev(delta(close, 1), 20)), 360)
[execution_aware] iter  9/50 [OK ] reward=  0.4229  decay_linear(cs_rank(-1 * stddev(delta(close, 1), 20)), 240)
[execution_aware] iter 10/50 [ERR] reward=    -inf  decay_linear(cs_rank(-1 * stddev(delta(close, 1), 20)), 360)
[execution_aware] iter 11/50 [OK ] reward=  0.4229  decay_linear(cs_rank(-1 * stddev(delta(close, 1), 20)), 240)
[execution_aware] iter 12/50 [ERR] reward=    -inf  decay_linear(cs_rank(-1 * stddev(delta(close, 1), 20)), 500)
[execution_aware] iter 13/50 [OK ] reward=  0.4192  decay_linear(cs_rank(-1 * stddev(delta(close, 1), 20)), 200)
[execution_aware] iter 14/50 [ERR] reward=    -inf  decay_linear(cs_rank(-1 * stddev(delta(close, 1), 20)), 300)
[execution_aware] iter 15/50 [OK ] reward=  0.4229  decay_linear(cs_rank(-1 * stddev(delta(close, 1), 20)), 240)
[execution_aware] iter 16/50 [ERR] reward=    -inf  decay_linear(cs_rank(-1 * stddev(delta(close, 1), 20)), 500)
[execution_aware] iter 17/50 [OK ] reward=  0.4192  decay_linear(cs_rank(-1 * stddev(delta(close, 1), 20)), 200)
[execution_aware] iter 18/50 [ERR] reward=    -inf  decay_linear(cs_rank(-1 * stddev(delta(close, 1), 20)), 300)
[execution_aware] iter 19/50 [OK ] reward=  0.4229  decay_linear(cs_rank(-1 * stddev(delta(close, 1), 20)), 240)
[execution_aware] iter 20/50 [ERR] reward=    -inf  decay_linear(cs_rank(-1 * stddev(delta(close, 1), 20)), 360)
[execution_aware] iter 21/50 [OK ] reward=  0.4229  decay_linear(cs_rank(-1 * stddev(delta(close, 1), 20)), 240)
[execution_aware] iter 22/50 [ERR] reward=    -inf  decay_linear(cs_rank(-1 * stddev(delta(close, 1), 20)), 360)
[execution_aware] iter 23/50 [OK ] reward=  0.4229  decay_linear(cs_rank(-1 * stddev(delta(close, 1), 20)), 240)
[execution_aware] iter 24/50 [ERR] reward=    -inf  decay_linear(cs_rank(-1 * stddev(delta(close, 1), 20)), 480)
[execution_aware] iter 25/50 [OK ] reward=  0.3928  decay_linear(cs_rank(-1 * stddev(delta(close, 1), 20)), 120)
[execution_aware] iter 26/50 [ERR] reward=    -inf  decay_linear(cs_rank(-1 * stddev(delta(close, 1), 20)), 480)
[execution_aware] iter 27/50 [OK ] reward=  0.4229  decay_linear(cs_rank(-1 * stddev(delta(close, 1), 20)), 240)
[execution_aware] iter 28/50 [ERR] reward=    -inf  decay_linear(cs_rank(-1 * stddev(delta(close, 1), 20)), 500)
[execution_aware] iter 29/50 [OK ] reward=  0.4229  decay_linear(cs_rank(-1 * stddev(delta(close, 1), 20)), 240)
[execution_aware] iter 30/50 [ERR] reward=    -inf  decay_linear(cs_rank(-1 * stddev(delta(close, 1), 20)), 365)
[execution_aware] iter 31/50 [OK ] reward=  0.4879  decay_linear(cs_rank(-1 * stddev(delta(close, 1), 20)), 240) + decay_linear(cs_rank(volume), 240)
[execution_aware] iter 32/50 [ERR] reward=    -inf  decay_linear(cs_rank(-1 * stddev(delta(close, 1), 20)), 480) + decay_linear(cs_rank(volume), 480)
[execution_aware] iter 33/50 [OK ] reward=  0.4880  decay_linear(cs_rank(-1 * stddev(delta(close, 1), 20)), 240) + decay_linear(cs_rank(volume), 180)
[execution_aware] iter 34/50 [ERR] reward=    -inf  decay_linear(cs_rank(-1 * stddev(delta(close, 1), 20)), 480) + decay_linear(cs_rank(volume), 240)
[execution_aware] iter 35/50 [OK ] reward=  0.4880  decay_linear(cs_rank(-1 * stddev(delta(close, 1), 20)), 240) + decay_linear(cs_rank(volume), 180)
[execution_aware] iter 36/50 [ERR] reward=    -inf  decay_linear(cs_rank(-1 * stddev(delta(close, 1), 20)), 360) + cs_rank(volume)
[execution_aware] iter 37/50 [OK ] reward=  0.4880  decay_linear(cs_rank(-1 * stddev(delta(close, 1), 20)), 240) + decay_linear(cs_rank(volume), 180)
[execution_aware] iter 38/50 [ERR] reward=    -inf  decay_linear(cs_rank(-1 * stddev(delta(close, 1), 20)), 360) + decay_linear(cs_rank(volume), 240)
[execution_aware] iter 39/50 [OK ] reward=  0.4880  decay_linear(cs_rank(-1 * stddev(delta(close, 1), 20)), 240) + decay_linear(cs_rank(volume), 180)
[execution_aware] iter 40/50 [ERR] reward=    -inf  decay_linear(cs_rank(-1 * stddev(delta(close, 1), 20)), 360) + cs_rank(volume)
[execution_aware] iter 41/50 [OK ] reward=  0.4880  decay_linear(cs_rank(-1 * stddev(delta(close, 1), 20)), 240) + decay_linear(cs_rank(volume), 180)
[execution_aware] iter 42/50 [ERR] reward=    -inf  decay_linear(cs_rank(-1 * stddev(delta(close, 1), 20)), 360) + decay_linear(cs_rank(volume), 240)
[execution_aware] iter 43/50 [OK ] reward=  0.4880  decay_linear(cs_rank(-1 * stddev(delta(close, 1), 20)), 240) + decay_linear(cs_rank(volume), 180)
[execution_aware] iter 44/50 [ERR] reward=    -inf  decay_linear(cs_rank(-1 * stddev(delta(close, 1), 20)), 360) + decay_linear(cs_rank(volume), 240)
[execution_aware] iter 45/50 [OK ] reward=  0.4880  decay_linear(cs_rank(-1 * stddev(delta(close, 1), 20)), 240) + decay_linear(cs_rank(volume), 180)
[execution_aware] iter 46/50 [ERR] reward=    -inf  decay_linear(cs_rank(-1 * stddev(delta(close, 1), 20)), 360) + decay_linear(cs_rank(volume), 240)
[execution_aware] iter 47/50 [OK ] reward=  0.4880  decay_linear(cs_rank(-1 * stddev(delta(close, 1), 20)), 240) + decay_linear(cs_rank(volume), 180)
[execution_aware] iter 48/50 [ERR] reward=    -inf  decay_linear(cs_rank(-1 * stddev(delta(close, 1), 20)), 360) + decay_linear(cs_rank(volume), 240)
[execution_aware] iter 49/50 [OK ] reward=  0.4880  decay_linear(cs_rank(-1 * stddev(delta(close, 1), 20)), 240) + decay_linear(cs_rank(volume), 180)
[execution_aware] iter 50/50 [OK ] reward=  0.4879  decay_linear(cs_rank(-1 * stddev(delta(close, 1), 20)), 240) + decay_linear(cs_rank(volume), 240)
[wfo:execution_aware] fold 13 winner: decay_linear(cs_rank(-1 * stddev(delta(close, 1), 20)), 240) + decay_linear(cs_rank(volume), 180)
[wfo:execution_aware] fold 13 OOS: Gross_IR=0.985 Turnover=2.89 Net_IR=0.792
[wfo:execution_aware] fold 14: train 2015-01-01..2019-12-31 -> test 2020-01-01..2020-12-31
[execution_aware] iter  0/50 [SEED] reward= -0.2272  rank(-1 * stddev(delta(close, 1), 20))
[execution_aware] iter  1/50 [OK ] reward=  0.4787  decay_linear(cs_rank(-1 * stddev(delta(close, 1), 20)), 60)
[execution_aware] iter  2/50 [OK ] reward=  0.5168  decay_linear(cs_rank(-1 * stddev(delta(close, 1), 20)), 120)
[execution_aware] iter  3/50 [OK ] reward=  0.5365  decay_linear(cs_rank(-1 * stddev(delta(close, 1), 20)), 240)
[execution_aware] iter  4/50 [ERR] reward=    -inf  decay_linear(cs_rank(-1 * stddev(delta(close, 1), 30)), 360)
[execution_aware] iter  5/50 [OK ] reward=  0.5281  decay_linear(cs_rank(-1 * stddev(delta(close, 1), 25)), 240)
[execution_aware] iter  6/50 [ERR] reward=    -inf  decay_linear(cs_rank(-1 * stddev(delta(close, 1), 20)), 360)
[execution_aware] iter  7/50 [OK ] reward=  0.5365  decay_linear(cs_rank(-1 * stddev(delta(close, 1), 20)), 240)
[execution_aware] iter  8/50 [ERR] reward=    -inf  decay_linear(cs_rank(-1 * stddev(delta(close, 1), 20)), 480)
[execution_aware] iter  9/50 [OK ] reward=  0.5542  decay_linear(cs_rank(-1 * stddev(delta(close, 1), 10)), 120)
[execution_aware] iter 10/50 [OK ] reward=  0.5696  decay_linear(cs_rank(-1 * stddev(delta(close, 1), 10)), 200)
[execution_aware] iter 11/50 [ERR] reward=    -inf  decay_linear(cs_rank(-1 * stddev(delta(close, 1), 10)), 400)
[execution_aware] iter 12/50 [OK ] reward=  0.5310  decay_linear(cs_rank(-1 * stddev(delta(close, 1), 20)), 200)
[execution_aware] iter 13/50 [ERR] reward=    -inf  decay_linear(cs_rank(-1 * stddev(delta(close, 1), 10)), 300)
[execution_aware] iter 14/50 [OK ] reward=  0.5745  decay_linear(cs_rank(-1 * stddev(delta(close, 1), 10)), 250)
[execution_aware] iter 15/50 [ERR] reward=    -inf  decay_linear(cs_rank(-1 * stddev(delta(close, 1), 20)), 500)
[execution_aware] iter 16/50 [OK ] reward=  0.5745  decay_linear(cs_rank(-1 * stddev(delta(close, 1), 10)), 250)
[execution_aware] iter 17/50 [ERR] reward=    -inf  decay_linear(cs_rank(-1 * stddev(delta(close, 1), 20)), 500)
[execution_aware] iter 18/50 [OK ] reward=  0.5745  decay_linear(cs_rank(-1 * stddev(delta(close, 1), 10)), 250)
[execution_aware] iter 19/50 [ERR] reward=    -inf  decay_linear(cs_rank(-1 * stddev(delta(close, 1), 20)), 500)
[execution_aware] iter 20/50 [OK ] reward=  0.5411  decay_linear(cs_rank(-1 * stddev(delta(close, 1), 20)), 250)
[execution_aware] iter 21/50 [ERR] reward=    -inf  decay_linear(cs_rank(-1 * stddev(delta(close, 1), 10)), 500)
[execution_aware] iter 22/50 [OK ] reward=  0.5696  decay_linear(cs_rank(-1 * stddev(delta(close, 1), 10)), 200)
[execution_aware] iter 23/50 [ERR] reward=    -inf  decay_linear(cs_rank(-1 * stddev(delta(close, 1), 10)), 300)
[execution_aware] iter 24/50 [OK ] reward=  0.5411  decay_linear(cs_rank(-1 * stddev(delta(close, 1), 20)), 250)
[execution_aware] iter 25/50 [ERR] reward=    -inf  decay_linear(cs_rank(-1 * stddev(delta(close, 1), 10)), 500)
[execution_aware] iter 26/50 [OK ] reward=  0.5696  decay_linear(cs_rank(-1 * stddev(delta(close, 1), 10)), 200)
[execution_aware] iter 27/50 [ERR] reward=    -inf  decay_linear(cs_rank(-1 * stddev(delta(close, 1), 10)), 300)
[execution_aware] iter 28/50 [OK ] reward=  0.5696  decay_linear(cs_rank(-1 * stddev(delta(close, 1), 10)), 200)
[execution_aware] iter 29/50 [ERR] reward=    -inf  decay_linear(cs_rank(-1 * stddev(delta(close, 1), 10)), 300)
[execution_aware] iter 30/50 [OK ] reward=  0.5411  decay_linear(cs_rank(-1 * stddev(delta(close, 1), 20)), 250)
[execution_aware] iter 31/50 [ERR] reward=    -inf  decay_linear(cs_rank(-1 * stddev(delta(close, 1), 10)), 500)
[execution_aware] iter 32/50 [OK ] reward=  0.5767  decay_linear(cs_rank(-1 * stddev(delta(close, 1), 10)), 252)
[execution_aware] iter 33/50 [ERR] reward=    -inf  decay_linear(cs_rank(-1 * stddev(delta(close, 1), 10)), 500)
[execution_aware] iter 34/50 [OK ] reward=  0.5395  decay_linear(cs_rank(-1 * stddev(delta(close, 1), 20)), 252)
[execution_aware] iter 35/50 [ERR] reward=    -inf  decay_linear(cs_rank(-1 * stddev(delta(close, 1), 15)), 500)
[execution_aware] iter 36/50 [OK ] reward=  0.5395  decay_linear(cs_rank(-1 * stddev(delta(close, 1), 20)), 252)
[execution_aware] iter 37/50 [ERR] reward=    -inf  decay_linear(cs_rank(-1 * stddev(delta(close, 1), 10)), 500)
[execution_aware] iter 38/50 [OK ] reward=  0.5395  decay_linear(cs_rank(-1 * stddev(delta(close, 1), 20)), 252)
[execution_aware] iter 39/50 [ERR] reward=    -inf  decay_linear(cs_rank(-1 * stddev(delta(close, 1), 30)), 500)
[execution_aware] iter 40/50 [OK ] reward=  0.5395  decay_linear(cs_rank(-1 * stddev(delta(close, 1), 20)), 252)
[execution_aware] iter 41/50 [ERR] reward=    -inf  decay_linear(cs_rank(-1 * stddev(delta(close, 1), 10)), 500)
[execution_aware] iter 42/50 [OK ] reward=  0.5395  decay_linear(cs_rank(-1 * stddev(delta(close, 1), 20)), 252)
[execution_aware] iter 43/50 [ERR] reward=    -inf  decay_linear(cs_rank(-1 * stddev(delta(close, 1), 10)), 500)
[execution_aware] iter 44/50 [OK ] reward=  0.5395  decay_linear(cs_rank(-1 * stddev(delta(close, 1), 20)), 252)
[execution_aware] iter 45/50 [ERR] reward=    -inf  decay_linear(cs_rank(-1 * stddev(delta(close, 1), 30)), 500)
[execution_aware] iter 46/50 [OK ] reward=  0.5502  decay_linear(cs_rank(-1 * stddev(delta(close, 1), 10)), 100)
[execution_aware] iter 47/50 [ERR] reward=    -inf  decay_linear(cs_rank(-1 * stddev(delta(close, 1), 10)), 500)
[execution_aware] iter 48/50 [OK ] reward=  0.5696  decay_linear(cs_rank(-1 * stddev(delta(close, 1), 10)), 200)
[execution_aware] iter 49/50 [ERR] reward=    -inf  decay_linear(cs_rank(-1 * stddev(delta(close, 1), 20)), 365)
[execution_aware] iter 50/50 [OK ] reward=  0.5572  decay_linear(cs_rank(-1 * stddev(delta(close, 1), 15)), 252)
[wfo:execution_aware] fold 14 winner: decay_linear(cs_rank(-1 * stddev(delta(close, 1), 10)), 252)
[wfo:execution_aware] fold 14 OOS: Gross_IR=-0.279 Turnover=4.16 Net_IR=-0.436
[wfo:execution_aware] fold 15: train 2016-01-01..2020-12-31 -> test 2021-01-01..2021-12-31
[execution_aware] iter  0/50 [SEED] reward= -0.4952  rank(-1 * stddev(delta(close, 1), 20))
[execution_aware] iter  1/50 [OK ] reward=  0.2242  decay_linear(rank(-1 * stddev(delta(close, 1), 20)), 120)
[execution_aware] iter  2/50 [OK ] reward=  0.1954  decay_linear(cs_rank(-1 * stddev(delta(close, 1), 20)), 240)
[execution_aware] iter  3/50 [ERR] reward=    -inf  decay_linear(cs_rank(-1 * stddev(delta(close, 1), 20)), 360)
[execution_aware] iter  4/50 [OK ] reward=  0.2242  decay_linear(cs_rank(-1 * stddev(delta(close, 1), 20)), 120)
[execution_aware] iter  5/50 [OK ] reward=  0.1954  decay_linear(cs_rank(-1 * stddev(delta(close, 1), 20)), 240)
[execution_aware] iter  6/50 [ERR] reward=    -inf  decay_linear(cs_rank(-1 * stddev(delta(close, 1), 20)), 360)
[execution_aware] iter  7/50 [OK ] reward=  0.2242  decay_linear(cs_rank(-1 * stddev(delta(close, 1), 20)), 120)
[execution_aware] iter  8/50 [OK ] reward=  0.1860  decay_linear(cs_rank(-1 * stddev(delta(close, 1), 30)), 240)
[execution_aware] iter  9/50 [OK ] reward=  0.1954  decay_linear(cs_rank(-1 * stddev(delta(close, 1), 20)), 240)
[execution_aware] iter 10/50 [ERR] reward=    -inf  decay_linear(cs_rank(-1 * stddev(delta(close, 1), 20)), 360)
[execution_aware] iter 11/50 [OK ] reward=  0.2242  decay_linear(cs_rank(-1 * stddev(delta(close, 1), 20)), 120)
[execution_aware] iter 12/50 [OK ] reward=  0.1954  decay_linear(cs_rank(-1 * stddev(delta(close, 1), 20)), 240)
[execution_aware] iter 13/50 [ERR] reward=    -inf  decay_linear(cs_rank(-1 * stddev(delta(close, 1), 20)), 300)
[execution_aware] iter 14/50 [OK ] reward=  0.2242  decay_linear(cs_rank(-1 * stddev(delta(close, 1), 20)), 120)
[execution_aware] iter 15/50 [OK ] reward=  0.1954  decay_linear(cs_rank(-1 * stddev(delta(close, 1), 20)), 240)
[execution_aware] iter 16/50 [ERR] reward=    -inf  decay_linear(cs_rank(-1 * stddev(delta(close, 1), 20)), 360)
[execution_aware] iter 17/50 [OK ] reward=  0.2242  decay_linear(cs_rank(-1 * stddev(delta(close, 1), 20)), 120)
[execution_aware] iter 18/50 [OK ] reward=  0.1954  decay_linear(cs_rank(-1 * stddev(delta(close, 1), 20)), 240)
[execution_aware] iter 19/50 [ERR] reward=    -inf  decay_linear(cs_rank(-1 * stddev(delta(close, 1), 20)), 360)
[execution_aware] iter 20/50 [OK ] reward=  0.2242  decay_linear(cs_rank(-1 * stddev(delta(close, 1), 20)), 120)
[execution_aware] iter 21/50 [OK ] reward=  0.1954  decay_linear(cs_rank(-1 * stddev(delta(close, 1), 20)), 240)
[execution_aware] iter 22/50 [ERR] reward=    -inf  decay_linear(cs_rank(-1 * stddev(delta(close, 1), 20)), 360)
[execution_aware] iter 23/50 [OK ] reward=  0.2242  decay_linear(cs_rank(-1 * stddev(delta(close, 1), 20)), 120)
[execution_aware] iter 24/50 [OK ] reward=  0.1954  decay_linear(cs_rank(-1 * stddev(delta(close, 1), 20)), 240)
[execution_aware] iter 25/50 [ERR] reward=    -inf  decay_linear(cs_rank(-1 * stddev(delta(close, 1), 20)), 360)
[execution_aware] iter 26/50 [OK ] reward=  0.2242  decay_linear(cs_rank(-1 * stddev(delta(close, 1), 20)), 120)
[execution_aware] iter 27/50 [OK ] reward=  0.1954  decay_linear(cs_rank(-1 * stddev(delta(close, 1), 20)), 240)
[execution_aware] iter 28/50 [ERR] reward=    -inf  decay_linear(cs_rank(-1 * stddev(delta(close, 1), 20)), 360)
[execution_aware] iter 29/50 [OK ] reward=  0.2242  decay_linear(cs_rank(-1 * stddev(delta(close, 1), 20)), 120)
[execution_aware] iter 30/50 [OK ] reward=  0.1954  decay_linear(cs_rank(-1 * stddev(delta(close, 1), 20)), 240)
[execution_aware] iter 31/50 [OK ] reward=  0.1954  decay_linear(cs_rank(-1 * stddev(delta(close, 1), 20)), 240)
[execution_aware] iter 32/50 [ERR] reward=    -inf  decay_linear(cs_rank(-1 * stddev(delta(close, 1), 20)), 360)
[execution_aware] iter 33/50 [OK ] reward=  0.2242  decay_linear(cs_rank(-1 * stddev(delta(close, 1), 20)), 120)
[execution_aware] iter 34/50 [OK ] reward=  0.1954  decay_linear(cs_rank(-1 * stddev(delta(close, 1), 20)), 240)
[execution_aware] iter 35/50 [OK ] reward=  0.1954  decay_linear(cs_rank(-1 * stddev(delta(close, 1), 20)), 240)
[execution_aware] iter 36/50 [ERR] reward=    -inf  decay_linear(cs_rank(-1 * stddev(delta(close, 1), 20)), 360)
[execution_aware] iter 37/50 [OK ] reward=  0.2242  decay_linear(cs_rank(-1 * stddev(delta(close, 1), 20)), 120)
[execution_aware] iter 38/50 [OK ] reward=  0.1954  decay_linear(cs_rank(-1 * stddev(delta(close, 1), 20)), 240)
[execution_aware] iter 39/50 [ERR] reward=    -inf  decay_linear(cs_rank(-1 * stddev(delta(close, 1), 20)), 360)
[execution_aware] iter 40/50 [OK ] reward=  0.2242  decay_linear(cs_rank(-1 * stddev(delta(close, 1), 20)), 120)
[execution_aware] iter 41/50 [OK ] reward=  0.1954  decay_linear(cs_rank(-1 * stddev(delta(close, 1), 20)), 240)
[execution_aware] iter 42/50 [ERR] reward=    -inf  decay_linear(cs_rank(-1 * stddev(delta(close, 1), 20)), 360)
[execution_aware] iter 43/50 [OK ] reward=  0.2242  decay_linear(cs_rank(-1 * stddev(delta(close, 1), 20)), 120)
[execution_aware] iter 44/50 [OK ] reward=  0.1882  decay_linear(cs_rank(-1 * stddev(delta(close, 1), 40)), 160)
[execution_aware] iter 45/50 [OK ] reward=  0.1771  decay_linear(cs_rank(-1 * stddev(delta(close, 1), 40)), 240)
[execution_aware] iter 46/50 [OK ] reward=  0.1954  decay_linear(cs_rank(-1 * stddev(delta(close, 1), 20)), 240)
[execution_aware] iter 47/50 [ERR] reward=    -inf  decay_linear(cs_rank(-1 * stddev(delta(close, 1), 20)), 300)
[execution_aware] iter 48/50 [OK ] reward=  0.2242  decay_linear(cs_rank(-1 * stddev(delta(close, 1), 20)), 120)
[execution_aware] iter 49/50 [OK ] reward=  0.1932  decay_linear(cs_rank(-1 * stddev(delta(close, 1), 30)), 180)
[execution_aware] iter 50/50 [OK ] reward=  0.1954  decay_linear(cs_rank(-1 * stddev(delta(close, 1), 20)), 240)
[wfo:execution_aware] fold 15 winner: decay_linear(rank(-1 * stddev(delta(close, 1), 20)), 120)
[wfo:execution_aware] fold 15 OOS: Gross_IR=0.662 Turnover=3.57 Net_IR=0.499
[wfo:execution_aware] fold 16: train 2017-01-01..2021-12-31 -> test 2022-01-01..2022-12-31
[execution_aware] iter  0/50 [SEED] reward= -0.6913  rank(-1 * stddev(delta(close, 1), 20))
[execution_aware] iter  1/50 [OK ] reward=  0.0644  decay_linear(rank(-1 * stddev(delta(close, 1), 20)), 120)
[execution_aware] iter  2/50 [OK ] reward=  0.0048  decay_linear(cs_rank(-1 * stddev(delta(close, 1), 40)), 240)
[execution_aware] iter  3/50 [OK ] reward=  0.0239  decay_linear(cs_rank(-1 * stddev(delta(close, 1), 20)), 240)
[execution_aware] iter  4/50 [OK ] reward= -0.2635  decay_linear(ts_rank(-1 * stddev(delta(close, 1), 20), 252), 240)
[execution_aware] iter  5/50 [OK ] reward=  0.0239  decay_linear(cs_rank(-1 * stddev(delta(close, 1), 20)), 240)
[execution_aware] iter  6/50 [ERR] reward=    -inf  decay_linear(cs_rank(-1 * stddev(delta(close, 1), 20)), 480)
[execution_aware] iter  7/50 [OK ] reward=  0.0644  decay_linear(cs_rank(-1 * stddev(delta(close, 1), 20)), 120)
[execution_aware] iter  8/50 [OK ] reward=  0.0239  decay_linear(cs_rank(-1 * stddev(delta(close, 1), 20)), 240)
[execution_aware] iter  9/50 [ERR] reward=    -inf  decay_linear(cs_rank(-1 * stddev(delta(close, 1), 20)), 360)
[execution_aware] iter 10/50 [OK ] reward=  0.0644  decay_linear(cs_rank(-1 * stddev(delta(close, 1), 20)), 120)
[execution_aware] iter 11/50 [OK ] reward=  0.0239  decay_linear(cs_rank(-1 * stddev(delta(close, 1), 20)), 240)
[execution_aware] iter 12/50 [ERR] reward=    -inf  decay_linear(cs_rank(-1 * stddev(delta(close, 1), 20)), 360)
[execution_aware] iter 13/50 [OK ] reward=  0.0644  decay_linear(cs_rank(-1 * stddev(delta(close, 1), 20)), 120)
[execution_aware] iter 14/50 [OK ] reward=  0.0392  decay_linear(cs_rank(-1 * stddev(delta(close, 1), 20)), 180)
[execution_aware] iter 15/50 [OK ] reward=  0.0239  decay_linear(cs_rank(-1 * stddev(delta(close, 1), 20)), 240)
[execution_aware] iter 16/50 [OK ] reward=  0.0239  decay_linear(cs_rank(-1 * stddev(delta(close, 1), 20)), 240)
[execution_aware] iter 17/50 [ERR] reward=    -inf  decay_linear(cs_rank(-1 * stddev(delta(close, 1), 30)), 360)
[execution_aware] iter 18/50 [OK ] reward=  0.0644  decay_linear(cs_rank(-1 * stddev(delta(close, 1), 20)), 120)
[execution_aware] iter 19/50 [OK ] reward=  0.0239  decay_linear(cs_rank(-1 * stddev(delta(close, 1), 20)), 240)
[execution_aware] iter 20/50 [ERR] reward=    -inf  decay_linear(cs_rank(-1 * stddev(delta(close, 1), 20)), 360)
[execution_aware] iter 21/50 [OK ] reward=  0.0644  decay_linear(cs_rank(-1 * stddev(delta(close, 1), 20)), 120)
[execution_aware] iter 22/50 [OK ] reward=  0.0392  decay_linear(cs_rank(-1 * stddev(delta(close, 1), 20)), 180)
[execution_aware] iter 23/50 [OK ] reward=  0.0239  decay_linear(cs_rank(-1 * stddev(delta(close, 1), 20)), 240)
[execution_aware] iter 24/50 [ERR] reward=    -inf  decay_linear(cs_rank(-1 * stddev(delta(close, 1), 20)), 360)
[execution_aware] iter 25/50 [OK ] reward=  0.0644  decay_linear(cs_rank(-1 * stddev(delta(close, 1), 20)), 120)
[execution_aware] iter 26/50 [OK ] reward=  0.0239  decay_linear(cs_rank(-1 * stddev(delta(close, 1), 20)), 240)
[execution_aware] iter 27/50 [ERR] reward=    -inf  decay_linear(cs_rank(-1 * stddev(delta(close, 1), 20)), 360)
[execution_aware] iter 28/50 [OK ] reward=  0.0644  decay_linear(cs_rank(-1 * stddev(delta(close, 1), 20)), 120)
[execution_aware] iter 29/50 [OK ] reward=  0.0239  decay_linear(cs_rank(-1 * stddev(delta(close, 1), 20)), 240)
[execution_aware] iter 30/50 [ERR] reward=    -inf  decay_linear(cs_rank(-1 * stddev(delta(close, 1), 20)), 360)
[execution_aware] iter 31/50 [OK ] reward= -0.5414  decay_linear(ts_rank(-1 * stddev(delta(close, 1), 20), 120), 60)
[execution_aware] iter 32/50 [OK ] reward=  0.0239  decay_linear(rank(-1 * stddev(delta(close, 1), 20)), 240)
[execution_aware] iter 33/50 [OK ] reward= -0.1850  decay_linear(ts_rank(-1 * stddev(delta(close, 1), 20), 252), 180)
[execution_aware] iter 34/50 [OK ] reward= -0.2635  decay_linear(ts_rank(-1 * stddev(delta(close, 1), 20), 252), 240)
[execution_aware] iter 35/50 [OK ] reward=  0.0392  decay_linear(cs_rank(-1 * stddev(delta(close, 1), 20)), 180)
[execution_aware] iter 36/50 [OK ] reward=  0.0239  decay_linear(cs_rank(-1 * stddev(delta(close, 1), 20)), 240)
[execution_aware] iter 37/50 [ERR] reward=    -inf  decay_linear(cs_rank(-1 * stddev(delta(close, 1), 20)), 480)
[execution_aware] iter 38/50 [OK ] reward= -0.5414  decay_linear(ts_rank(-1 * stddev(delta(close, 1), 20), 120), 60)
[execution_aware] iter 39/50 [OK ] reward=  0.0239  decay_linear(cs_rank(-1 * stddev(delta(close, 1), 20)), 240)
[execution_aware] iter 40/50 [ERR] reward=    -inf  decay_linear(cs_rank(-1 * stddev(delta(close, 1), 20)), 360)
[execution_aware] iter 41/50 [OK ] reward=  0.0644  decay_linear(cs_rank(-1 * stddev(delta(close, 1), 20)), 120)
[execution_aware] iter 42/50 [OK ] reward=  0.0239  decay_linear(cs_rank(-1 * stddev(delta(close, 1), 20)), 240)
[execution_aware] iter 43/50 [ERR] reward=    -inf  decay_linear(cs_rank(-1 * stddev(delta(close, 1), 20)), 480)
[execution_aware] iter 44/50 [OK ] reward=  0.0644  decay_linear(cs_rank(-1 * stddev(delta(close, 1), 20)), 120)
[execution_aware] iter 45/50 [OK ] reward=  0.0239  decay_linear(cs_rank(-1 * stddev(delta(close, 1), 20)), 240)
[execution_aware] iter 46/50 [ERR] reward=    -inf  decay_linear(cs_rank(-1 * stddev(delta(close, 1), 20)), 360)
[execution_aware] iter 47/50 [OK ] reward=  0.0644  decay_linear(cs_rank(-1 * stddev(delta(close, 1), 20)), 120)
[execution_aware] iter 48/50 [OK ] reward=  0.0239  decay_linear(cs_rank(-1 * stddev(delta(close, 1), 20)), 240)
[execution_aware] iter 49/50 [ERR] reward=    -inf  decay_linear(cs_rank(-1 * stddev(delta(close, 1), 20)), 360)
[execution_aware] iter 50/50 [OK ] reward= -0.5414  decay_linear(ts_rank(-1 * stddev(delta(close, 1), 20), 120), 60)
[wfo:execution_aware] fold 16 winner: decay_linear(rank(-1 * stddev(delta(close, 1), 20)), 120)
[wfo:execution_aware] fold 16 OOS: Gross_IR=1.303 Turnover=4.06 Net_IR=1.152
[wfo:execution_aware] fold 17: train 2018-01-01..2022-12-31 -> test 2023-01-01..2023-12-31
[execution_aware] iter  0/50 [SEED] reward= -0.5158  rank(-1 * stddev(delta(close, 1), 20))
[execution_aware] iter  1/50 [OK ] reward=  0.2601  decay_linear(rank(-1 * stddev(delta(close, 1), 20)), 126)
[execution_aware] iter  2/50 [OK ] reward=  0.2363  decay_linear(rank(-1 * stddev(delta(close, 1), 20)), 252)
[execution_aware] iter  3/50 [ERR] reward=    -inf  decay_linear(rank(-1 * stddev(delta(close, 1), 20)), 504)
[execution_aware] iter  4/50 [OK ] reward=  0.2601  decay_linear(rank(-1 * stddev(delta(close, 1), 20)), 126)
[execution_aware] iter  5/50 [OK ] reward=  0.2363  decay_linear(rank(-1 * stddev(delta(close, 1), 20)), 252)
[execution_aware] iter  6/50 [ERR] reward=    -inf  decay_linear(rank(-1 * stddev(delta(close, 1), 20)), 504)
[execution_aware] iter  7/50 [OK ] reward=  0.2601  decay_linear(cs_rank(-1 * stddev(delta(close, 1), 20)), 126)
[execution_aware] iter  8/50 [OK ] reward=  0.2363  decay_linear(cs_rank(-1 * stddev(delta(close, 1), 20)), 252)
[execution_aware] iter  9/50 [ERR] reward=    -inf  decay_linear(cs_rank(-1 * stddev(delta(close, 1), 20)), 365)
[execution_aware] iter 10/50 [OK ] reward=  0.2601  decay_linear(cs_rank(-1 * stddev(delta(close, 1), 20)), 126)
[execution_aware] iter 11/50 [OK ] reward=  0.2363  decay_linear(cs_rank(-1 * stddev(delta(close, 1), 20)), 252)
[execution_aware] iter 12/50 [ERR] reward=    -inf  decay_linear(cs_rank(-1 * stddev(delta(close, 1), 20)), 504)
[execution_aware] iter 13/50 [OK ] reward=  0.2601  decay_linear(cs_rank(-1 * stddev(delta(close, 1), 20)), 126)
[execution_aware] iter 14/50 [OK ] reward=  0.2363  decay_linear(cs_rank(-1 * stddev(delta(close, 1), 20)), 252)
[execution_aware] iter 15/50 [OK ] reward=  0.2363  decay_linear(cs_rank(-1 * stddev(delta(close, 1), 20)), 252)
[execution_aware] iter 16/50 [OK ] reward=  0.2363  decay_linear(cs_rank(-1 * stddev(delta(close, 1), 20)), 252)
[execution_aware] iter 17/50 [ERR] reward=    -inf  decay_linear(cs_rank(-1 * stddev(delta(close, 1), 20)), 504)
[execution_aware] iter 18/50 [OK ] reward=  0.2601  decay_linear(cs_rank(-1 * stddev(delta(close, 1), 20)), 126)
[execution_aware] iter 19/50 [OK ] reward=  0.2363  decay_linear(cs_rank(-1 * stddev(delta(close, 1), 20)), 252)
[execution_aware] iter 20/50 [OK ] reward=  0.2363  decay_linear(cs_rank(-1 * stddev(delta(close, 1), 20)), 252)
[execution_aware] iter 21/50 [ERR] reward=    -inf  decay_linear(cs_rank(-1 * stddev(delta(close, 1), 20)), 504)
[execution_aware] iter 22/50 [OK ] reward=  0.2601  decay_linear(cs_rank(-1 * stddev(delta(close, 1), 20)), 126)
[execution_aware] iter 23/50 [OK ] reward=  0.2363  decay_linear(cs_rank(-1 * stddev(delta(close, 1), 20)), 252)
[execution_aware] iter 24/50 [ERR] reward=    -inf  decay_linear(cs_rank(-1 * stddev(delta(close, 1), 20)), 365)
[execution_aware] iter 25/50 [OK ] reward=  0.2601  decay_linear(cs_rank(-1 * stddev(delta(close, 1), 20)), 126)
[execution_aware] iter 26/50 [OK ] reward=  0.2363  decay_linear(cs_rank(-1 * stddev(delta(close, 1), 20)), 252)
[execution_aware] iter 27/50 [ERR] reward=    -inf  decay_linear(cs_rank(-1 * stddev(delta(close, 1), 20)), 365)
[execution_aware] iter 28/50 [OK ] reward=  0.2601  decay_linear(cs_rank(-1 * stddev(delta(close, 1), 20)), 126)
[execution_aware] iter 29/50 [OK ] reward=  0.2363  decay_linear(cs_rank(-1 * stddev(delta(close, 1), 20)), 252)
[execution_aware] iter 30/50 [OK ] reward=  0.2363  decay_linear(cs_rank(-1 * stddev(delta(close, 1), 20)), 252)
[execution_aware] iter 31/50 [ERR] reward=    -inf  decay_linear(cs_rank(-1 * stddev(delta(close, 1), 20)), 504)
[execution_aware] iter 32/50 [OK ] reward=  0.2601  decay_linear(cs_rank(-1 * stddev(delta(close, 1), 20)), 126)
[execution_aware] iter 33/50 [OK ] reward=  0.2363  decay_linear(cs_rank(-1 * stddev(delta(close, 1), 20)), 252)
[execution_aware] iter 34/50 [ERR] reward=    -inf  decay_linear(cs_rank(-1 * stddev(delta(close, 1), 20)), 504)
[execution_aware] iter 35/50 [OK ] reward= -0.4014  decay_linear(ts_rank(-1 * stddev(delta(close, 1), 20), 126), 126)
[execution_aware] iter 36/50 [OK ] reward= -0.3354  decay_linear(ts_rank(-1 * stddev(delta(close, 1), 20), 126), 252)
[execution_aware] iter 37/50 [OK ] reward=  0.2363  decay_linear(rank(-1 * stddev(delta(close, 1), 20)), 252)
[execution_aware] iter 38/50 [OK ] reward=  0.2363  decay_linear(rank(-1 * stddev(delta(close, 1), 20)), 252)
[execution_aware] iter 39/50 [ERR] reward=    -inf  decay_linear(rank(-1 * stddev(delta(close, 1), 20)), 365)
[execution_aware] iter 40/50 [OK ] reward=  0.2601  decay_linear(cs_rank(-1 * stddev(delta(close, 1), 20)), 126)
[execution_aware] iter 41/50 [OK ] reward=  0.2363  decay_linear(cs_rank(-1 * stddev(delta(close, 1), 20)), 252)
[execution_aware] iter 42/50 [ERR] reward=    -inf  decay_linear(cs_rank(-1 * stddev(delta(close, 1), 20)), 365)
[execution_aware] iter 43/50 [OK ] reward=  0.2601  decay_linear(cs_rank(-1 * stddev(delta(close, 1), 20)), 126)
[execution_aware] iter 44/50 [OK ] reward=  0.2363  decay_linear(cs_rank(-1 * stddev(delta(close, 1), 20)), 252)
[execution_aware] iter 45/50 [OK ] reward=  0.2363  decay_linear(cs_rank(-1 * stddev(delta(close, 1), 20)), 252)
[execution_aware] iter 46/50 [ERR] reward=    -inf  decay_linear(cs_rank(-1 * stddev(delta(close, 1), 20)), 504)
[execution_aware] iter 47/50 [OK ] reward= -1.3644  decay_linear(ts_rank(-1 * stddev(delta(close, 1), 20), 20), 126)
[execution_aware] iter 48/50 [OK ] reward=  0.2363  decay_linear(cs_rank(-1 * stddev(delta(close, 1), 20)), 252)
[execution_aware] iter 49/50 [ERR] reward=    -inf  decay_linear(cs_rank(-1 * stddev(delta(close, 1), 20)), 504)
[execution_aware] iter 50/50 [OK ] reward=  0.2601  decay_linear(cs_rank(-1 * stddev(delta(close, 1), 20)), 126)
[wfo:execution_aware] fold 17 winner: decay_linear(rank(-1 * stddev(delta(close, 1), 20)), 126)
[wfo:execution_aware] fold 17 OOS: Gross_IR=0.125 Turnover=3.43 Net_IR=-0.062
[wfo:execution_aware] fold 18: train 2019-01-01..2023-12-31 -> test 2024-01-01..2024-12-31
[execution_aware] iter  0/50 [SEED] reward= -0.5275  rank(-1 * stddev(delta(close, 1), 20))
[execution_aware] iter  1/50 [OK ] reward=  0.1859  decay_linear(cs_rank(-1 * stddev(delta(close, 1), 20)), 100)
[execution_aware] iter  2/50 [OK ] reward=  0.1469  decay_linear(cs_rank(-1 * stddev(delta(close, 1), 20)), 200)
[execution_aware] iter  3/50 [ERR] reward=    -inf  decay_linear(cs_rank(-1 * stddev(delta(close, 1), 20)), 500)
[execution_aware] iter  4/50 [OK ] reward=  0.1469  decay_linear(cs_rank(-1 * stddev(delta(close, 1), 20)), 200)
[execution_aware] iter  5/50 [OK ] reward=  0.1396  decay_linear(cs_rank(-1 * stddev(delta(close, 1), 20)), 250)
[execution_aware] iter  6/50 [ERR] reward=    -inf  decay_linear(cs_rank(-1 * stddev(delta(close, 1), 20)), 300)
[execution_aware] iter  7/50 [OK ] reward=  0.1615  decay_linear(cs_rank(-1 * stddev(delta(close, 1), 20)), 150)
[execution_aware] iter  8/50 [OK ] reward=  0.1424  decay_linear(cs_rank(-1 * stddev(delta(close, 1), 30)), 200)
[execution_aware] iter  9/50 [OK ] reward=  0.1469  decay_linear(cs_rank(-1 * stddev(delta(close, 1), 20)), 200)
[execution_aware] iter 10/50 [OK ] reward=  0.1396  decay_linear(cs_rank(-1 * stddev(delta(close, 1), 20)), 250)
[execution_aware] iter 11/50 [ERR] reward=    -inf  decay_linear(cs_rank(-1 * stddev(delta(close, 1), 20)), 300)
[execution_aware] iter 12/50 [OK ] reward= -1.2447  decay_linear(cs_rank(-1 * stddev(delta(close, 1), 20)), 100) * cs_rank(volume)
[execution_aware] iter 13/50 [OK ] reward= -1.2676  decay_linear(cs_rank(-1 * stddev(delta(close, 1), 20)), 200) * cs_rank(volume)
[execution_aware] iter 14/50 [OK ] reward= -1.2688  decay_linear(cs_rank(-1 * stddev(delta(close, 1), 20)), 252) * cs_rank(volume)
[execution_aware] iter 15/50 [OK ] reward=  0.1395  decay_linear(cs_rank(-1 * stddev(delta(close, 1), 20)), 252)
[execution_aware] iter 16/50 [OK ] reward=  0.1469  decay_linear(cs_rank(-1 * stddev(delta(close, 1), 20)), 200)
[execution_aware] iter 17/50 [ERR] reward=    -inf  decay_linear(cs_rank(-1 * stddev(delta(close, 1), 20)), 500)
[execution_aware] iter 18/50 [OK ] reward= -1.2447  decay_linear(cs_rank(-1 * stddev(delta(close, 1), 20)), 100) * cs_rank(volume)
[execution_aware] iter 19/50 [OK ] reward=  0.1469  decay_linear(cs_rank(-1 * stddev(delta(close, 1), 20)), 200)
[execution_aware] iter 20/50 [ERR] reward=    -inf  decay_linear(cs_rank(-1 * stddev(delta(close, 1), 20)), 500)
[execution_aware] iter 21/50 [OK ] reward=  0.1469  decay_linear(cs_rank(-1 * stddev(delta(close, 1), 20)), 200)
[execution_aware] iter 22/50 [ERR] reward=    -inf  decay_linear(cs_rank(-1 * stddev(delta(close, 1), 20)), 300)
[execution_aware] iter 23/50 [OK ] reward=  0.1615  decay_linear(cs_rank(-1 * stddev(delta(close, 1), 20)), 150)
[execution_aware] iter 24/50 [OK ] reward=  0.1469  decay_linear(cs_rank(-1 * stddev(delta(close, 1), 20)), 200)
[execution_aware] iter 25/50 [ERR] reward=    -inf  decay_linear(cs_rank(-1 * stddev(delta(close, 1), 20)), 500)
[execution_aware] iter 26/50 [OK ] reward=  0.1615  decay_linear(cs_rank(-1 * stddev(delta(close, 1), 20)), 150)
[execution_aware] iter 27/50 [OK ] reward=  0.1424  decay_linear(cs_rank(-1 * stddev(delta(close, 1), 30)), 200)
[execution_aware] iter 28/50 [OK ] reward=  0.1469  decay_linear(cs_rank(-1 * stddev(delta(close, 1), 20)), 200)
[execution_aware] iter 29/50 [ERR] reward=    -inf  decay_linear(cs_rank(-1 * stddev(delta(close, 1), 20)), 500)
[execution_aware] iter 30/50 [OK ] reward=  0.1469  decay_linear(cs_rank(-1 * stddev(delta(close, 1), 20)), 200)
[execution_aware] iter 31/50 [OK ] reward=  0.1396  decay_linear(cs_rank(-1 * stddev(delta(close, 1), 20)), 250)
[execution_aware] iter 32/50 [OK ] reward=  0.1566  decay_linear(cs_rank(-1 * stddev(delta(close, 1), 30)), 150)
[execution_aware] iter 33/50 [OK ] reward=  0.1469  decay_linear(cs_rank(-1 * stddev(delta(close, 1), 20)), 200)
[execution_aware] iter 34/50 [OK ] reward=  0.1395  decay_linear(cs_rank(-1 * stddev(delta(close, 1), 20)), 252)
[execution_aware] iter 35/50 [OK ] reward=  0.1469  decay_linear(cs_rank(-1 * stddev(delta(close, 1), 20)), 200)
[execution_aware] iter 36/50 [ERR] reward=    -inf  decay_linear(cs_rank(-1 * stddev(delta(close, 1), 20)), 300)
[execution_aware] iter 37/50 [OK ] reward=  0.1395  decay_linear(cs_rank(-1 * stddev(delta(close, 1), 20)), 252)
[execution_aware] iter 38/50 [OK ] reward=  0.1469  decay_linear(cs_rank(-1 * stddev(delta(close, 1), 20)), 200)
[execution_aware] iter 39/50 [OK ] reward=  0.1395  decay_linear(cs_rank(-1 * stddev(delta(close, 1), 20)), 252)
[execution_aware] iter 40/50 [OK ] reward=  0.1469  decay_linear(cs_rank(-1 * stddev(delta(close, 1), 20)), 200)
[execution_aware] iter 41/50 [ERR] reward=    -inf  decay_linear(cs_rank(-1 * stddev(delta(close, 1), 20)), 300)
[execution_aware] iter 42/50 [OK ] reward=  0.1395  decay_linear(cs_rank(-1 * stddev(delta(close, 1), 20)), 252)
[execution_aware] iter 43/50 [OK ] reward=  0.1395  decay_linear(cs_rank(-1 * stddev(delta(close, 1), 20)), 252)
[execution_aware] iter 44/50 [OK ] reward=  0.1469  decay_linear(cs_rank(-1 * stddev(delta(close, 1), 20)), 200)
[execution_aware] iter 45/50 [OK ] reward=  0.1395  decay_linear(cs_rank(-1 * stddev(delta(close, 1), 20)), 252)
[execution_aware] iter 46/50 [ERR] reward=    -inf  decay_linear(cs_rank(-1 * stddev(delta(close, 1), 20)), 365)
[execution_aware] iter 47/50 [OK ] reward=  0.1859  decay_linear(cs_rank(-1 * stddev(delta(close, 1), 20)), 100)
[execution_aware] iter 48/50 [OK ] reward=  0.1469  decay_linear(cs_rank(-1 * stddev(delta(close, 1), 20)), 200)
[execution_aware] iter 49/50 [ERR] reward=    -inf  decay_linear(cs_rank(-1 * stddev(delta(close, 1), 20)), 300)
[execution_aware] iter 50/50 [OK ] reward=  0.1884  decay_linear(cs_rank(-1 * stddev(delta(close, 1), 10)), 100)
[wfo:execution_aware] fold 18 winner: decay_linear(cs_rank(-1 * stddev(delta(close, 1), 10)), 100)
[wfo:execution_aware] fold 18 OOS: Gross_IR=0.918 Turnover=4.05 Net_IR=0.744
[wfo:execution_aware] fold 19: train 2020-01-01..2024-12-31 -> test 2025-01-01..2025-12-31
[execution_aware] iter  0/50 [SEED] reward= -0.4697  rank(-1 * stddev(delta(close, 1), 20))
[execution_aware] iter  1/50 [OK ] reward=  0.2688  decay_linear(rank(-1 * stddev(delta(close, 1), 20)), 60)
[execution_aware] iter  2/50 [OK ] reward=  0.2892  decay_linear(rank(-1 * stddev(delta(close, 1), 20)), 120)
[execution_aware] iter  3/50 [OK ] reward=  0.2994  decay_linear(rank(-1 * stddev(delta(close, 1), 20)), 240)
[execution_aware] iter  4/50 [ERR] reward=    -inf  decay_linear(rank(-1 * stddev(delta(close, 1), 20)), 500)
[execution_aware] iter  5/50 [OK ] reward=  0.2994  decay_linear(rank(-1 * stddev(delta(close, 1), 20)), 240)
[execution_aware] iter  6/50 [ERR] reward=    -inf  decay_linear(rank(-1 * stddev(delta(close, 1), 20)), 500)
[execution_aware] iter  7/50 [OK ] reward=  0.2994  decay_linear(cs_rank(-1 * stddev(delta(close, 1), 20)), 240)
[execution_aware] iter  8/50 [ERR] reward=    -inf  decay_linear(rank(-1 * stddev(delta(close, 1), 20)), 500)
[execution_aware] iter  9/50 [OK ] reward=  0.2994  decay_linear(rank(-1 * stddev(delta(close, 1), 20)), 240)
[execution_aware] iter 10/50 [ERR] reward=    -inf  decay_linear(rank(-1 * stddev(delta(close, 1), 20)), 360)
[execution_aware] iter 11/50 [OK ] reward= -1.2160  decay_linear(cs_rank(-1 * ts_rank(stddev(delta(close, 1), 20), 20)), 240)
[execution_aware] iter 12/50 [ERR] reward=    -inf  decay_linear(cs_rank(-1 * stddev(delta(close, 1), 20)), 360)
[execution_aware] iter 13/50 [OK ] reward=  0.2994  decay_linear(cs_rank(-1 * stddev(delta(close, 1), 20)), 240)
[execution_aware] iter 14/50 [ERR] reward=    -inf  decay_linear(cs_rank(-1 * stddev(delta(close, 1), 20)), 360)
[execution_aware] iter 15/50 [OK ] reward=  0.2994  decay_linear(cs_rank(-1 * stddev(delta(close, 1), 20)), 240)
[execution_aware] iter 16/50 [ERR] reward=    -inf  decay_linear(cs_rank(-1 * stddev(delta(close, 1), 20)), 480)
[execution_aware] iter 17/50 [OK ] reward=  0.2994  decay_linear(cs_rank(-1 * stddev(delta(close, 1), 20)), 240)
[execution_aware] iter 18/50 [ERR] reward=    -inf  decay_linear(cs_rank(-1 * stddev(delta(close, 1), 20)), 480)
[execution_aware] iter 19/50 [OK ] reward=  0.2994  decay_linear(cs_rank(-1 * stddev(delta(close, 1), 20)), 240)
[execution_aware] iter 20/50 [ERR] reward=    -inf  decay_linear(cs_rank(-1 * stddev(delta(close, 1), 40)), 480)
[execution_aware] iter 21/50 [OK ] reward=  0.2994  decay_linear(cs_rank(-1 * stddev(delta(close, 1), 20)), 240)
[execution_aware] iter 22/50 [ERR] reward=    -inf  decay_linear(cs_rank(-1 * stddev(delta(close, 1), 20)), 480)
[execution_aware] iter 23/50 [OK ] reward=  0.2994  decay_linear(cs_rank(-1 * stddev(delta(close, 1), 20)), 240)
[execution_aware] iter 24/50 [ERR] reward=    -inf  decay_linear(cs_rank(-1 * stddev(delta(close, 1), 20)), 480)
[execution_aware] iter 25/50 [OK ] reward=  0.2994  decay_linear(cs_rank(-1 * stddev(delta(close, 1), 20)), 240)
[execution_aware] iter 26/50 [ERR] reward=    -inf  decay_linear(cs_rank(-1 * stddev(delta(close, 1), 20)), 480)
[execution_aware] iter 27/50 [OK ] reward=  0.2994  decay_linear(cs_rank(-1 * stddev(delta(close, 1), 20)), 240)
[execution_aware] iter 28/50 [ERR] reward=    -inf  decay_linear(rank(-1 * stddev(delta(close, 1), 20)), 480)
[execution_aware] iter 29/50 [OK ] reward=  0.2994  decay_linear(cs_rank(-1 * stddev(delta(close, 1), 20)), 240)
[execution_aware] iter 30/50 [ERR] reward=    -inf  decay_linear(cs_rank(-1 * stddev(delta(close, 1), 30)), 360)
[execution_aware] iter 31/50 [OK ] reward=  0.2994  decay_linear(cs_rank(-1 * stddev(delta(close, 1), 20)), 240)
[execution_aware] iter 32/50 [ERR] reward=    -inf  decay_linear(cs_rank(-1 * stddev(delta(close, 1), 20)), 480)
[execution_aware] iter 33/50 [OK ] reward=  0.2994  decay_linear(cs_rank(-1 * stddev(delta(close, 1), 20)), 240)
[execution_aware] iter 34/50 [ERR] reward=    -inf  decay_linear(cs_rank(-1 * stddev(delta(close, 1), 30)), 360)
[execution_aware] iter 35/50 [OK ] reward=  0.2994  decay_linear(cs_rank(-1 * stddev(delta(close, 1), 20)), 240)
[execution_aware] iter 36/50 [ERR] reward=    -inf  decay_linear(rank(-1 * stddev(delta(close, 1), 20)), 480)
[execution_aware] iter 37/50 [OK ] reward= -0.3753  decay_linear(ts_rank(-1 * stddev(delta(close, 1), 20), 240), 120)
[execution_aware] iter 38/50 [OK ] reward= -0.3661  decay_linear(ts_rank(-1 * stddev(delta(close, 1), 20), 240), 240)
[execution_aware] iter 39/50 [ERR] reward=    -inf  decay_linear(cs_rank(-1 * stddev(delta(close, 1), 20)), 360)
[execution_aware] iter 40/50 [OK ] reward=  0.2892  decay_linear(cs_rank(-1 * stddev(delta(close, 1), 20)), 120)
[execution_aware] iter 41/50 [OK ] reward=  0.2994  decay_linear(cs_rank(-1 * stddev(delta(close, 1), 20)), 240)
[execution_aware] iter 42/50 [ERR] reward=    -inf  decay_linear(cs_rank(-1 * stddev(delta(close, 1), 20)), 360)
[execution_aware] iter 43/50 [OK ] reward=  0.2994  decay_linear(cs_rank(-1 * stddev(delta(close, 1), 20)), 240)
[execution_aware] iter 44/50 [ERR] reward=    -inf  decay_linear(cs_rank(-1 * stddev(delta(close, 1), 20)), 480)
[execution_aware] iter 45/50 [OK ] reward=  0.2994  decay_linear(cs_rank(-1 * stddev(delta(close, 1), 20)), 240)
[execution_aware] iter 46/50 [ERR] reward=    -inf  decay_linear(cs_rank(-1 * stddev(delta(close, 1), 20)), 360)
[execution_aware] iter 47/50 [OK ] reward=  0.2994  decay_linear(cs_rank(-1 * stddev(delta(close, 1), 20)), 240)
[execution_aware] iter 48/50 [ERR] reward=    -inf  decay_linear(cs_rank(-1 * stddev(delta(close, 1), 20)), 360)
[execution_aware] iter 49/50 [OK ] reward=  0.2994  decay_linear(cs_rank(-1 * stddev(delta(close, 1), 20)), 240)
[execution_aware] iter 50/50 [ERR] reward=    -inf  decay_linear(cs_rank(-1 * stddev(delta(close, 1), 20)), 360)
[wfo:execution_aware] fold 19 winner: decay_linear(rank(-1 * stddev(delta(close, 1), 20)), 240)
[wfo:execution_aware] fold 19 OOS: Gross_IR=0.680 Turnover=3.60 Net_IR=0.500
[wfo:execution_aware] fold 20: train 2021-01-01..2025-12-31 -> test 2026-01-01..2026-08-13
[execution_aware] iter  0/50 [SEED] reward= -0.3749  rank(-1 * stddev(delta(close, 1), 20))
[execution_aware] iter  1/50 [OK ] reward=  0.4504  decay_linear(rank(-1 * stddev(delta(close, 1), 20)), 100)
[execution_aware] iter  2/50 [OK ] reward=  0.5284  decay_linear(rank(-1 * stddev(delta(close, 1), 20)), 200)
[execution_aware] iter  3/50 [ERR] reward=    -inf  decay_linear(cs_rank(-1 * stddev(delta(close, 1), 20)), 400)
[execution_aware] iter  4/50 [OK ] reward= -1.3098  decay_linear(ts_rank(-1 * stddev(delta(close, 1), 20), 20), 200)
[execution_aware] iter  5/50 [ERR] reward=    -inf  decay_linear(rank(-1 * stddev(delta(close, 1), 20)), 400)
[execution_aware] iter  6/50 [OK ] reward=-19.5853  decay_linear(rank(-1 * stddev(delta(close, 1), 20)), 200) + cs_rank(vwap - close)
[execution_aware] iter  7/50 [ERR] reward=    -inf  decay_linear(rank(-1 * stddev(delta(close, 1), 20)), 400)
[execution_aware] iter  8/50 [OK ] reward=  0.5564  decay_linear(cs_rank(-1 * stddev(delta(close, 1), 20)), 252)
[execution_aware] iter  9/50 [ERR] reward=    -inf  decay_linear(cs_rank(-1 * stddev(delta(close, 1), 20)), 500)
[execution_aware] iter 10/50 [OK ] reward=  0.5564  decay_linear(cs_rank(-1 * stddev(delta(close, 1), 20)), 252)
[execution_aware] iter 11/50 [ERR] reward=    -inf  decay_linear(cs_rank(-1 * stddev(delta(close, 1), 20)), 500)
[execution_aware] iter 12/50 [OK ] reward=  0.5564  decay_linear(cs_rank(-1 * stddev(delta(close, 1), 20)), 252)
[execution_aware] iter 13/50 [ERR] reward=    -inf  decay_linear(cs_rank(-1 * stddev(delta(close, 1), 20)), 500)
[execution_aware] iter 14/50 [OK ] reward=  0.4755  decay_linear(cs_rank(-1 * stddev(delta(close, 1), 20)), 126)
[execution_aware] iter 15/50 [ERR] reward=    -inf  decay_linear(cs_rank(-1 * stddev(delta(close, 1), 20)), 500)
[execution_aware] iter 16/50 [OK ] reward=-20.5747  decay_linear(cs_rank(-1 * stddev(delta(close, 1), 20)), 252) + cs_rank(close - vwap)
[execution_aware] iter 17/50 [ERR] reward=    -inf  decay_linear(cs_rank(-1 * stddev(delta(close, 1), 20)), 500)
[execution_aware] iter 18/50 [OK ] reward=  0.5564  decay_linear(cs_rank(-1 * stddev(delta(close, 1), 20)), 252)
[execution_aware] iter 19/50 [ERR] reward=    -inf  decay_linear(cs_rank(-1 * stddev(delta(close, 1), 20)), 500)
[execution_aware] iter 20/50 [OK ] reward=  0.5564  decay_linear(cs_rank(-1 * stddev(delta(close, 1), 20)), 252)
[execution_aware] iter 21/50 [ERR] reward=    -inf  decay_linear(cs_rank(-1 * stddev(delta(close, 1), 20)), 500)
[execution_aware] iter 22/50 [OK ] reward=  0.5564  decay_linear(cs_rank(-1 * stddev(delta(close, 1), 20)), 252)
[execution_aware] iter 23/50 [ERR] reward=    -inf  decay_linear(cs_rank(-1 * stddev(delta(close, 1), 20)), 500)
[execution_aware] iter 24/50 [OK ] reward=  0.5564  decay_linear(cs_rank(-1 * stddev(delta(close, 1), 20)), 252)
[execution_aware] iter 25/50 [ERR] reward=    -inf  decay_linear(cs_rank(-1 * stddev(delta(close, 1), 20)), 500)
[execution_aware] iter 26/50 [OK ] reward=  0.4934  decay_linear(cs_rank(-1 * stddev(delta(close, 1), 20)), 150)
[execution_aware] iter 27/50 [ERR] reward=    -inf  decay_linear(cs_rank(-1 * stddev(delta(close, 1), 20)), 500)
[execution_aware] iter 28/50 [OK ] reward=  0.5564  decay_linear(cs_rank(-1 * stddev(delta(close, 1), 20)), 252)
[execution_aware] iter 29/50 [ERR] reward=    -inf  decay_linear(cs_rank(-1 * stddev(delta(close, 1), 20)), 500)
[execution_aware] iter 30/50 [OK ] reward=  0.4755  decay_linear(cs_rank(-1 * stddev(delta(close, 1), 20)), 126)
[execution_aware] iter 31/50 [ERR] reward=    -inf  decay_linear(cs_rank(-1 * stddev(delta(close, 1), 20)), 504)
[execution_aware] iter 32/50 [OK ] reward=  0.5564  decay_linear(cs_rank(-1 * stddev(delta(close, 1), 20)), 252)
[execution_aware] iter 33/50 [ERR] reward=    -inf  decay_linear(cs_rank(-1 * stddev(delta(close, 1), 20)), 504)
[execution_aware] iter 34/50 [OK ] reward=  0.4755  decay_linear(cs_rank(-1 * stddev(delta(close, 1), 20)), 126)
[execution_aware] iter 35/50 [ERR] reward=    -inf  decay_linear(cs_rank(-1 * stddev(delta(close, 1), 20)), 500)
[execution_aware] iter 36/50 [OK ] reward=  0.4755  decay_linear(cs_rank(-1 * stddev(delta(close, 1), 20)), 126)
[execution_aware] iter 37/50 [ERR] reward=    -inf  decay_linear(cs_rank(-1 * stddev(delta(close, 1), 20)), 504)
[execution_aware] iter 38/50 [OK ] reward=  0.5564  decay_linear(cs_rank(-1 * stddev(delta(close, 1), 20)), 252)
[execution_aware] iter 39/50 [ERR] reward=    -inf  decay_linear(cs_rank(-1 * stddev(delta(close, 1), 20)), 500)
[execution_aware] iter 40/50 [OK ] reward=  0.5564  decay_linear(cs_rank(-1 * stddev(delta(close, 1), 20)), 252)
[execution_aware] iter 41/50 [ERR] reward=    -inf  decay_linear(cs_rank(-1 * stddev(delta(close, 1), 20)), 500)
[execution_aware] iter 42/50 [OK ] reward=  0.5564  decay_linear(cs_rank(-1 * stddev(delta(close, 1), 20)), 252)
[execution_aware] iter 43/50 [ERR] reward=    -inf  decay_linear(cs_rank(-1 * stddev(delta(close, 1), 20)), 500)
[execution_aware] iter 44/50 [OK ] reward=  0.6133  decay_linear(cs_rank(-1 * stddev(delta(close, 1), 100)), 252)
[execution_aware] iter 45/50 [ERR] reward=    -inf  decay_linear(cs_rank(-1 * stddev(delta(close, 1), 100)), 500)
[execution_aware] iter 46/50 [OK ] reward=  0.6761  decay_linear(cs_rank(-1 * stddev(delta(close, 1), 252)), 252)
[execution_aware] iter 47/50 [ERR] reward=    -inf  decay_linear(cs_rank(-1 * stddev(delta(close, 1), 252)), 500)
[execution_aware] iter 48/50 [OK ] reward=  0.6154  decay_linear(cs_rank(-1 * stddev(delta(close, 1), 180)), 180)
[execution_aware] iter 49/50 [ERR] reward=    -inf  decay_linear(cs_rank(-1 * stddev(delta(close, 1), 252)), 500)
[execution_aware] iter 50/50 [OK ] reward=  0.6123  decay_linear(cs_rank(-1 * stddev(delta(close, 1), 252)), 100)
[wfo:execution_aware] fold 20 winner: decay_linear(cs_rank(-1 * stddev(delta(close, 1), 252)), 252)
[wfo:execution_aware] fold 20 OOS: Gross_IR=1.131 Turnover=4.94 Net_IR=0.966
[gamma_sweep] checkpointed gamma_sweep_summary.csv (3 rows)

==============================================================================
combined_midpoint_g1_0.25_g2_4.0
==============================================================================
[LocalQwenClient] seed=1001 main_gpu=0
[wfo:execution_aware] fold 0: train 2001-01-01..2005-12-31 -> test 2006-01-01..2006-12-31
[execution_aware] iter  0/50 [SEED] reward= -3.9364  rank(-1 * stddev(delta(close, 1), 20))
[execution_aware] iter  1/50 [OK ] reward= -0.3907  decay_linear(rank(-1 * stddev(delta(close, 1), 20)), 60)
[execution_aware] iter  2/50 [OK ] reward= -0.2474  decay_linear(rank(-1 * stddev(delta(close, 1), 20)), 120)
[execution_aware] iter  3/50 [OK ] reward= -0.2692  decay_linear(rank(-1 * stddev(delta(close, 1), 20)), 240)
[execution_aware] iter  4/50 [OK ] reward= -0.2692  decay_linear(rank(-1 * stddev(delta(close, 1), 20)), 240)
[execution_aware] iter  5/50 [OK ] reward= -0.3182  decay_linear(rank(-1 * stddev(delta(close, 1), 40)), 240)
[execution_aware] iter  6/50 [OK ] reward= -0.2692  decay_linear(rank(-1 * stddev(delta(close, 1), 20)), 240)
[execution_aware] iter  7/50 [ERR] reward=    -inf  decay_linear(rank(-1 * stddev(delta(close, 1), 20)), 360)
[execution_aware] iter  8/50 [OK ] reward= -3.6258  decay_linear(ts_rank(-1 * stddev(delta(close, 1), 20), 120), 60)
[execution_aware] iter  9/50 [OK ] reward= -0.2692  decay_linear(rank(-1 * stddev(delta(close, 1), 20)), 240)
[execution_aware] iter 10/50 [OK ] reward= -0.2692  decay_linear(cs_rank(-1 * stddev(delta(close, 1), 20)), 240)
[execution_aware] iter 11/50 [ERR] reward=    -inf  decay_linear(cs_rank(-1 * stddev(delta(close, 1), 20)), 360)
[execution_aware] iter 12/50 [OK ] reward= -0.2474  decay_linear(cs_rank(-1 * stddev(delta(close, 1), 20)), 120)
[execution_aware] iter 13/50 [OK ] reward= -0.2692  decay_linear(cs_rank(-1 * stddev(delta(close, 1), 20)), 240)
[execution_aware] iter 14/50 [OK ] reward= -0.2692  decay_linear(cs_rank(-1 * stddev(delta(close, 1), 20)), 240)
[execution_aware] iter 15/50 [ERR] reward=    -inf  decay_linear(cs_rank(-1 * stddev(delta(close, 1), 20)), 300)
[execution_aware] iter 16/50 [OK ] reward= -0.2474  decay_linear(cs_rank(-1 * stddev(delta(close, 1), 20)), 120)
[execution_aware] iter 17/50 [OK ] reward= -0.2692  decay_linear(cs_rank(-1 * stddev(delta(close, 1), 20)), 240)
[execution_aware] iter 18/50 [ERR] reward=    -inf  decay_linear(cs_rank(-1 * stddev(delta(close, 1), 20)), 360)
[execution_aware] iter 19/50 [OK ] reward= -0.2474  decay_linear(cs_rank(-1 * stddev(delta(close, 1), 20)), 120)
[execution_aware] iter 20/50 [OK ] reward= -0.2692  decay_linear(cs_rank(-1 * stddev(delta(close, 1), 20)), 240)
[execution_aware] iter 21/50 [ERR] reward=    -inf  decay_linear(cs_rank(-1 * stddev(delta(close, 1), 20)), 360)
[execution_aware] iter 22/50 [OK ] reward= -0.2474  decay_linear(cs_rank(-1 * stddev(delta(close, 1), 20)), 120)
[execution_aware] iter 23/50 [OK ] reward= -0.2692  decay_linear(cs_rank(-1 * stddev(delta(close, 1), 20)), 240)
[execution_aware] iter 24/50 [ERR] reward=    -inf  decay_linear(cs_rank(-1 * stddev(delta(close, 1), 20)), 360)
[execution_aware] iter 25/50 [OK ] reward= -0.2474  decay_linear(cs_rank(-1 * stddev(delta(close, 1), 20)), 120)
[execution_aware] iter 26/50 [OK ] reward= -0.2692  decay_linear(cs_rank(-1 * stddev(delta(close, 1), 20)), 240)
[execution_aware] iter 27/50 [ERR] reward=    -inf  decay_linear(cs_rank(-1 * stddev(delta(close, 1), 20)), 360)
[execution_aware] iter 28/50 [OK ] reward= -3.6258  decay_linear(ts_rank(-1 * stddev(delta(close, 1), 20), 120), 60)
[execution_aware] iter 29/50 [OK ] reward= -2.4964  decay_linear(ts_rank(-1 * stddev(delta(close, 1), 20), 120), 180)
[execution_aware] iter 30/50 [OK ] reward= -0.2438  decay_linear(cs_rank(-1 * stddev(delta(close, 1), 20)), 180)
[execution_aware] iter 31/50 [ERR] reward=    -inf  decay_linear(cs_rank(-1 * stddev(delta(close, 1), 20)), 360)
[execution_aware] iter 32/50 [OK ] reward= -0.2474  decay_linear(cs_rank(-1 * stddev(delta(close, 1), 20)), 120)
[execution_aware] iter 33/50 [OK ] reward= -0.2692  decay_linear(cs_rank(-1 * stddev(delta(close, 1), 20)), 240)
[execution_aware] iter 34/50 [ERR] reward=    -inf  decay_linear(cs_rank(-1 * stddev(delta(close, 1), 30)), 360)
[execution_aware] iter 35/50 [OK ] reward= -0.2438  decay_linear(cs_rank(-1 * stddev(delta(close, 1), 20)), 180)
[execution_aware] iter 36/50 [ERR] reward=    -inf  decay_linear(cs_rank(-1 * stddev(delta(close, 1), 20)), 360)
[execution_aware] iter 37/50 [OK ] reward= -0.2438  decay_linear(cs_rank(-1 * stddev(delta(close, 1), 20)), 180)
[execution_aware] iter 38/50 [ERR] reward=    -inf  decay_linear(cs_rank(-1 * stddev(delta(close, 1), 20)), 365)
[execution_aware] iter 39/50 [OK ] reward= -0.4502  decay_linear(cs_rank(-1 * stddev(delta(close, 1), 180)), 120)
[execution_aware] iter 40/50 [ERR] reward=    -inf  decay_linear(cs_rank(-1 * stddev(delta(close, 1), 20)), 360)
[execution_aware] iter 41/50 [OK ] reward= -0.4017  decay_linear(cs_rank(-1 * stddev(delta(close, 1), 100)), 180)
[execution_aware] iter 42/50 [ERR] reward=    -inf  decay_linear(cs_rank(-1 * stddev(delta(close, 1), 20)), 360)
[execution_aware] iter 43/50 [OK ] reward= -0.2438  decay_linear(cs_rank(-1 * stddev(delta(close, 1), 20)), 180)
[execution_aware] iter 44/50 [ERR] reward=    -inf  decay_linear(cs_rank(-1 * stddev(delta(close, 1), 20)), 360)
[execution_aware] iter 45/50 [OK ] reward= -0.2438  decay_linear(cs_rank(-1 * stddev(delta(close, 1), 20)), 180)
[execution_aware] iter 46/50 [ERR] reward=    -inf  decay_linear(cs_rank(-1 * stddev(delta(close, 1), 20)), 360)
[execution_aware] iter 47/50 [OK ] reward=-74.2634  decay_linear(cs_rank(-1 * stddev(delta(close, 1), 20)), 180) + cs_rank((close - vwap) / (vwap + 1e-5))
[execution_aware] iter 48/50 [ERR] reward=    -inf  decay_linear(cs_rank(-1 * stddev(delta(close, 1), 20)), 360)
[execution_aware] iter 49/50 [OK ] reward= -0.2474  decay_linear(cs_rank(-1 * stddev(delta(close, 1), 20)), 120)
[execution_aware] iter 50/50 [ERR] reward=    -inf  decay_linear(cs_rank(-1 * stddev(delta(close, 1), 20)), 360)
[wfo:execution_aware] fold 0 winner: decay_linear(cs_rank(-1 * stddev(delta(close, 1), 20)), 180)
[wfo:execution_aware] fold 0 OOS: Gross_IR=1.202 Turnover=3.56 Net_IR=1.031
[wfo:execution_aware] fold 1: train 2002-01-01..2006-12-31 -> test 2007-01-01..2007-12-31
[execution_aware] iter  0/50 [SEED] reward= -3.5586  rank(-1 * stddev(delta(close, 1), 20))
[execution_aware] iter  1/50 [OK ] reward=  0.0932  decay_linear(rank(-1 * stddev(delta(close, 1), 20)), 60)
[execution_aware] iter  2/50 [OK ] reward=  0.3147  decay_linear(rank(-1 * stddev(delta(close, 1), 20)), 120)
[execution_aware] iter  3/50 [OK ] reward=  0.3734  decay_linear(rank(-1 * stddev(delta(close, 1), 20)), 240)
[execution_aware] iter  4/50 [ERR] reward=    -inf  decay_linear(rank(-1 * stddev(delta(close, 1), 20)), 480)
[execution_aware] iter  5/50 [OK ] reward=-10.1768  decay_linear(rank(-1 * stddev(delta(close, 1), 20)), 240) * cs_rank(volume)
[execution_aware] iter  6/50 [ERR] reward=    -inf  decay_linear(cs_rank(-1 * stddev(delta(close, 1), 20)), 500) * cs_rank(volume)
[execution_aware] iter  7/50 [OK ] reward=-10.1768  decay_linear(cs_rank(-1 * stddev(delta(close, 1), 20)), 240) * cs_rank(volume)
[execution_aware] iter  8/50 [ERR] reward=    -inf  decay_linear(cs_rank(-1 * stddev(delta(close, 1), 20)), 500) * cs_rank(volume)
[execution_aware] iter  9/50 [OK ] reward=-10.1768  decay_linear(cs_rank(-1 * stddev(delta(close, 1), 20)), 240) * cs_rank(volume)
[execution_aware] iter 10/50 [ERR] reward=    -inf  decay_linear(cs_rank(-1 * stddev(delta(close, 1), 20)), 500) * cs_rank(volume)
[execution_aware] iter 11/50 [OK ] reward=-10.1768  decay_linear(cs_rank(-1 * stddev(delta(close, 1), 20)), 240) * cs_rank(volume)
[execution_aware] iter 12/50 [ERR] reward=    -inf  decay_linear(cs_rank(-1 * stddev(delta(close, 1), 20)), 500) * cs_rank(volume)
[execution_aware] iter 13/50 [OK ] reward=-10.1768  decay_linear(cs_rank(-1 * stddev(delta(close, 1), 20)), 240) * cs_rank(volume)
[execution_aware] iter 14/50 [ERR] reward=    -inf  decay_linear(cs_rank(-1 * stddev(delta(close, 1), 20)), 480) * cs_rank(volume)
[execution_aware] iter 15/50 [OK ] reward=-19.2501  decay_linear(ts_rank(-1 * stddev(delta(close, 1), 20), 240), 120) * cs_rank(volume)
[execution_aware] iter 16/50 [ERR] reward=    -inf  decay_linear(cs_rank(-1 * stddev(delta(close, 1), 20)), 360)
[execution_aware] iter 17/50 [OK ] reward=  0.3734  decay_linear(cs_rank(-1 * stddev(delta(close, 1), 20)), 240)
[execution_aware] iter 18/50 [ERR] reward=    -inf  decay_linear(cs_rank(-1 * stddev(delta(close, 1), 20)), 360)
[execution_aware] iter 19/50 [OK ] reward=  0.3734  decay_linear(cs_rank(-1 * stddev(delta(close, 1), 20)), 240)
[execution_aware] iter 20/50 [ERR] reward=    -inf  decay_linear(cs_rank(-1 * stddev(delta(close, 1), 20)), 480)
[execution_aware] iter 21/50 [OK ] reward= -2.4509  decay_linear(ts_rank(-1 * stddev(delta(close, 1), 20), 240), 120)
[execution_aware] iter 22/50 [ERR] reward=    -inf  decay_linear(cs_rank(-1 * stddev(delta(close, 1), 20)), 500)
[execution_aware] iter 23/50 [OK ] reward=  0.3734  decay_linear(cs_rank(-1 * stddev(delta(close, 1), 20)), 240)
[execution_aware] iter 24/50 [ERR] reward=    -inf  decay_linear(cs_rank(-1 * stddev(delta(close, 1), 30)), 360)
[execution_aware] iter 25/50 [OK ] reward=  0.3734  decay_linear(cs_rank(-1 * stddev(delta(close, 1), 20)), 240)
[execution_aware] iter 26/50 [ERR] reward=    -inf  decay_linear(rank(-1 * stddev(delta(close, 1), 20)), 360)
[execution_aware] iter 27/50 [OK ] reward= -2.4091  decay_linear(ts_rank(rank(-1 * stddev(delta(close, 1), 20)), 240), 120)
[execution_aware] iter 28/50 [OK ] reward= -1.8355  decay_linear(ts_rank(rank(-1 * stddev(delta(close, 1), 20)), 240), 240)
[execution_aware] iter 29/50 [ERR] reward=    -inf  decay_linear(ts_rank(-1 * stddev(delta(close, 1), 20), 240), 360)
[execution_aware] iter 30/50 [OK ] reward=  0.3734  decay_linear(cs_rank(-1 * stddev(delta(close, 1), 20)), 240)
[execution_aware] iter 31/50 [ERR] reward=    -inf  decay_linear(cs_rank(-1 * stddev(delta(close, 1), 20)), 360)
[execution_aware] iter 32/50 [OK ] reward=  0.3734  decay_linear(cs_rank(-1 * stddev(delta(close, 1), 20)), 240)
[execution_aware] iter 33/50 [ERR] reward=    -inf  decay_linear(cs_rank(-1 * stddev(delta(close, 1), 20)), 500)
[execution_aware] iter 34/50 [OK ] reward=  0.3734  decay_linear(cs_rank(-1 * stddev(delta(close, 1), 20)), 240)
[execution_aware] iter 35/50 [ERR] reward=    -inf  decay_linear(cs_rank(-1 * stddev(delta(close, 1), 20)), 360)
[execution_aware] iter 36/50 [OK ] reward= -2.4863  decay_linear(ts_rank(-1 * stddev(delta(close, 1), 20), 120), 240)
[execution_aware] iter 37/50 [ERR] reward=    -inf  decay_linear(cs_rank(-1 * stddev(delta(close, 1), 20)), 360)
[execution_aware] iter 38/50 [OK ] reward=  0.3734  decay_linear(cs_rank(-1 * stddev(delta(close, 1), 20)), 240)
[execution_aware] iter 39/50 [ERR] reward=    -inf  decay_linear(cs_rank(-1 * stddev(delta(close, 1), 30)), 360)
[execution_aware] iter 40/50 [OK ] reward=  0.3734  decay_linear(cs_rank(-1 * stddev(delta(close, 1), 20)), 240)
[execution_aware] iter 41/50 [ERR] reward=    -inf  decay_linear(cs_rank(-1 * stddev(delta(close, 1), 20)), 360)
[execution_aware] iter 42/50 [OK ] reward=  0.3734  decay_linear(cs_rank(-1 * stddev(delta(close, 1), 20)), 240)
[execution_aware] iter 43/50 [ERR] reward=    -inf  decay_linear(cs_rank(-1 * stddev(delta(close, 1), 20)), 500)
[execution_aware] iter 44/50 [OK ] reward= -2.4863  decay_linear(ts_rank(-1 * stddev(delta(close, 1), 20), 120), 240)
[execution_aware] iter 45/50 [ERR] reward=    -inf  decay_linear(cs_rank(-1 * stddev(delta(close, 1), 20)), 480)
[execution_aware] iter 46/50 [OK ] reward=  0.3734  decay_linear(cs_rank(-1 * stddev(delta(close, 1), 20)), 240)
[execution_aware] iter 47/50 [ERR] reward=    -inf  decay_linear(cs_rank(-1 * stddev(delta(close, 1), 30)), 360)
[execution_aware] iter 48/50 [OK ] reward=  0.3734  decay_linear(cs_rank(-1 * stddev(delta(close, 1), 20)), 240)
[execution_aware] iter 49/50 [ERR] reward=    -inf  decay_linear(cs_rank(-1 * stddev(delta(close, 1), 20)), 365)
[execution_aware] iter 50/50 [OK ] reward=  0.3734  decay_linear(cs_rank(-1 * stddev(delta(close, 1), 20)), 240)
[wfo:execution_aware] fold 1 winner: decay_linear(rank(-1 * stddev(delta(close, 1), 20)), 240)
[wfo:execution_aware] fold 1 OOS: Gross_IR=1.080 Turnover=3.31 Net_IR=0.919
[wfo:execution_aware] fold 2: train 2003-01-01..2007-12-31 -> test 2008-01-01..2008-12-31
[execution_aware] iter  0/50 [SEED] reward= -3.7131  rank(-1 * stddev(delta(close, 1), 20))
[execution_aware] iter  1/50 [OK ] reward= -0.1278  decay_linear(rank(-1 * stddev(delta(close, 1), 20)), 60)
[execution_aware] iter  2/50 [OK ] reward=  0.0951  decay_linear(rank(-1 * stddev(delta(close, 1), 20)), 120)
[execution_aware] iter  3/50 [OK ] reward=  0.2444  decay_linear(cs_rank(-1 * stddev(delta(close, 1), 20)), 240)
[execution_aware] iter  4/50 [ERR] reward=    -inf  decay_linear(cs_rank(-1 * stddev(delta(close, 1), 20)), 360)
[execution_aware] iter  5/50 [OK ] reward=  0.0951  decay_linear(cs_rank(-1 * stddev(delta(close, 1), 20)), 120)
[execution_aware] iter  6/50 [ERR] reward=    -inf  decay_linear(cs_rank(-1 * stddev(delta(close, 1), 20)), 480)
[execution_aware] iter  7/50 [OK ] reward=  0.2444  decay_linear(cs_rank(-1 * stddev(delta(close, 1), 20)), 240)
[execution_aware] iter  8/50 [ERR] reward=    -inf  decay_linear(cs_rank(-1 * stddev(delta(close, 1), 20)), 480)
[execution_aware] iter  9/50 [OK ] reward=  0.0951  decay_linear(cs_rank(-1 * stddev(delta(close, 1), 20)), 120)
[execution_aware] iter 10/50 [ERR] reward=    -inf  decay_linear(cs_rank(-1 * stddev(delta(close, 1), 20)), 360)
[execution_aware] iter 11/50 [OK ] reward=  0.2444  decay_linear(cs_rank(-1 * stddev(delta(close, 1), 20)), 240)
[execution_aware] iter 12/50 [ERR] reward=    -inf  decay_linear(cs_rank(-1 * stddev(delta(close, 1), 20)), 360)
[execution_aware] iter 13/50 [OK ] reward=  0.1990  decay_linear(cs_rank(-1 * stddev(delta(close, 1), 20)), 180)
[execution_aware] iter 14/50 [ERR] reward=    -inf  decay_linear(cs_rank(-1 * stddev(delta(close, 1), 20)), 360)
[execution_aware] iter 15/50 [OK ] reward=  0.2444  decay_linear(cs_rank(-1 * stddev(delta(close, 1), 20)), 240)
[execution_aware] iter 16/50 [ERR] reward=    -inf  decay_linear(cs_rank(-1 * stddev(delta(close, 1), 20)), 360)
[execution_aware] iter 17/50 [OK ] reward=  0.1990  decay_linear(cs_rank(-1 * stddev(delta(close, 1), 20)), 180)
[execution_aware] iter 18/50 [ERR] reward=    -inf  decay_linear(cs_rank(-1 * stddev(delta(close, 1), 20)), 360)
[execution_aware] iter 19/50 [OK ] reward=  0.1990  decay_linear(cs_rank(-1 * stddev(delta(close, 1), 20)), 180)
[execution_aware] iter 20/50 [ERR] reward=    -inf  decay_linear(cs_rank(-1 * stddev(delta(close, 1), 20)), 360)
[execution_aware] iter 21/50 [OK ] reward=  0.2444  decay_linear(cs_rank(-1 * stddev(delta(close, 1), 20)), 240)
[execution_aware] iter 22/50 [ERR] reward=    -inf  decay_linear(cs_rank(-1 * stddev(delta(close, 1), 20)), 365)
[execution_aware] iter 23/50 [OK ] reward=  0.2444  decay_linear(cs_rank(-1 * stddev(delta(close, 1), 20)), 240)
[execution_aware] iter 24/50 [ERR] reward=    -inf  decay_linear(cs_rank(-1 * stddev(delta(close, 1), 20)), 500)
[execution_aware] iter 25/50 [OK ] reward=  0.2444  decay_linear(cs_rank(-1 * stddev(delta(close, 1), 20)), 240)
[execution_aware] iter 26/50 [ERR] reward=    -inf  decay_linear(cs_rank(-1 * stddev(delta(close, 1), 20)), 500)
[execution_aware] iter 27/50 [OK ] reward=  0.2444  decay_linear(cs_rank(-1 * stddev(delta(close, 1), 20)), 240)
[execution_aware] iter 28/50 [ERR] reward=    -inf  decay_linear(cs_rank(-1 * stddev(delta(close, 1), 20)), 500)
[execution_aware] iter 29/50 [OK ] reward=  0.2104  decay_linear(cs_rank(-1 * stddev(delta(close, 1), 20)), 200)
[execution_aware] iter 30/50 [ERR] reward=    -inf  decay_linear(cs_rank(-1 * stddev(delta(close, 1), 20)), 400)
[execution_aware] iter 31/50 [OK ] reward=  0.2444  decay_linear(cs_rank(-1 * stddev(delta(close, 1), 20)), 240)
[execution_aware] iter 32/50 [ERR] reward=    -inf  decay_linear(cs_rank(-1 * stddev(delta(close, 1), 20)), 500)
[execution_aware] iter 33/50 [OK ] reward=  0.2444  decay_linear(cs_rank(-1 * stddev(delta(close, 1), 20)), 240)
[execution_aware] iter 34/50 [ERR] reward=    -inf  decay_linear(cs_rank(-1 * stddev(delta(close, 1), 20)), 360)
[execution_aware] iter 35/50 [OK ] reward=  0.2444  decay_linear(cs_rank(-1 * stddev(delta(close, 1), 20)), 240)
[execution_aware] iter 36/50 [ERR] reward=    -inf  decay_linear(cs_rank(-1 * stddev(delta(close, 1), 20)), 500)
[execution_aware] iter 37/50 [OK ] reward=  0.2444  decay_linear(cs_rank(-1 * stddev(delta(close, 1), 20)), 240)
[execution_aware] iter 38/50 [ERR] reward=    -inf  decay_linear(cs_rank(-1 * stddev(delta(close, 1), 20)), 360)
[execution_aware] iter 39/50 [OK ] reward=  0.2444  decay_linear(cs_rank(-1 * stddev(delta(close, 1), 20)), 240)
[execution_aware] iter 40/50 [ERR] reward=    -inf  decay_linear(cs_rank(-1 * stddev(delta(close, 1), 40)), 480)
[execution_aware] iter 41/50 [OK ] reward=  0.2444  decay_linear(cs_rank(-1 * stddev(delta(close, 1), 20)), 240)
[execution_aware] iter 42/50 [ERR] reward=    -inf  decay_linear(cs_rank(-1 * stddev(delta(close, 1), 20)), 360)
[execution_aware] iter 43/50 [OK ] reward=  0.2444  decay_linear(cs_rank(-1 * stddev(delta(close, 1), 20)), 240)
[execution_aware] iter 44/50 [ERR] reward=    -inf  decay_linear(cs_rank(-1 * stddev(delta(close, 1), 20)), 360)
[execution_aware] iter 45/50 [OK ] reward=  0.2444  decay_linear(cs_rank(-1 * stddev(delta(close, 1), 20)), 240)
[execution_aware] iter 46/50 [ERR] reward=    -inf  decay_linear(cs_rank(-1 * stddev(delta(close, 1), 20)), 360)
[execution_aware] iter 47/50 [OK ] reward=  0.2444  decay_linear(cs_rank(-1 * stddev(delta(close, 1), 20)), 240)
[execution_aware] iter 48/50 [ERR] reward=    -inf  decay_linear(cs_rank(-1 * stddev(delta(close, 1), 20)), 500)
[execution_aware] iter 49/50 [OK ] reward=  0.2444  decay_linear(cs_rank(-1 * stddev(delta(close, 1), 20)), 240)
[execution_aware] iter 50/50 [ERR] reward=    -inf  decay_linear(cs_rank(-1 * stddev(delta(close, 1), 20)), 480)
[wfo:execution_aware] fold 2 winner: decay_linear(cs_rank(-1 * stddev(delta(close, 1), 20)), 240)
[wfo:execution_aware] fold 2 OOS: Gross_IR=1.016 Turnover=6.47 Net_IR=0.878
[wfo:execution_aware] fold 3: train 2004-01-01..2008-12-31 -> test 2009-01-01..2009-12-31
[execution_aware] iter  0/50 [SEED] reward= -4.0948  rank(-1 * stddev(delta(close, 1), 20))
[execution_aware] iter  1/50 [OK ] reward= -0.3425  decay_linear(rank(-1 * stddev(delta(close, 1), 20)), 126)
[execution_aware] iter  2/50 [OK ] reward= -0.2303  decay_linear(rank(-1 * stddev(delta(close, 1), 20)), 252)
[execution_aware] iter  3/50 [ERR] reward=    -inf  decay_linear(rank(-1 * stddev(delta(close, 1), 20)), 500)
[execution_aware] iter  4/50 [OK ] reward= -0.2303  decay_linear(cs_rank(-1 * stddev(delta(close, 1), 20)), 252)
[execution_aware] iter  5/50 [ERR] reward=    -inf  decay_linear(cs_rank(-1 * stddev(delta(close, 1), 20)), 504)
[execution_aware] iter  6/50 [OK ] reward= -0.2303  decay_linear(cs_rank(-1 * stddev(delta(close, 1), 20)), 252)
[execution_aware] iter  7/50 [ERR] reward=    -inf  decay_linear(cs_rank(-1 * stddev(delta(close, 1), 40)), 500)
[execution_aware] iter  8/50 [OK ] reward= -0.2047  decay_linear(cs_rank(-1 * stddev(delta(close, 1), 40)), 252)
[execution_aware] iter  9/50 [ERR] reward=    -inf  decay_linear(cs_rank(-1 * stddev(delta(close, 1), 80)), 500)
[execution_aware] iter 10/50 [OK ] reward= -0.1933  decay_linear(cs_rank(-1 * stddev(delta(close, 1), 80)), 252)
[execution_aware] iter 11/50 [ERR] reward=    -inf  decay_linear(cs_rank(-1 * stddev(delta(close, 1), 80)), 500)
[execution_aware] iter 12/50 [OK ] reward= -0.2272  decay_linear(cs_rank(-1 * stddev(delta(close, 1), 80)), 200)
[execution_aware] iter 13/50 [ERR] reward=    -inf  decay_linear(cs_rank(-1 * stddev(delta(close, 1), 80)), 500)
[execution_aware] iter 14/50 [OK ] reward= -0.1933  decay_linear(cs_rank(-1 * stddev(delta(close, 1), 80)), 252)
[execution_aware] iter 15/50 [ERR] reward=    -inf  decay_linear(cs_rank(-1 * stddev(delta(close, 1), 80)), 500)
[execution_aware] iter 16/50 [OK ] reward= -0.1991  decay_linear(cs_rank(-1 * stddev(delta(close, 1), 60)), 252)
[execution_aware] iter 17/50 [ERR] reward=    -inf  decay_linear(cs_rank(-1 * stddev(delta(close, 1), 100)), 500)
[execution_aware] iter 18/50 [OK ] reward= -0.1773  decay_linear(cs_rank(-1 * stddev(delta(close, 1), 100)), 252)
[execution_aware] iter 19/50 [ERR] reward=    -inf  decay_linear(cs_rank(-1 * stddev(delta(close, 1), 100)), 500)
[execution_aware] iter 20/50 [OK ] reward= -0.1773  decay_linear(cs_rank(-1 * stddev(delta(close, 1), 100)), 252)
[execution_aware] iter 21/50 [ERR] reward=    -inf  decay_linear(cs_rank(-1 * stddev(delta(close, 1), 100)), 500)
[execution_aware] iter 22/50 [OK ] reward= -0.2126  decay_linear(cs_rank(-1 * stddev(delta(close, 1), 100)), 200)
[execution_aware] iter 23/50 [ERR] reward=    -inf  decay_linear(cs_rank(-1 * stddev(delta(close, 1), 100)), 500)
[execution_aware] iter 24/50 [OK ] reward= -0.1773  decay_linear(cs_rank(-1 * stddev(delta(close, 1), 100)), 252)
[execution_aware] iter 25/50 [ERR] reward=    -inf  decay_linear(cs_rank(-1 * stddev(delta(close, 1), 100)), 504)
[execution_aware] iter 26/50 [OK ] reward= -0.2775  decay_linear(cs_rank(-1 * stddev(delta(close, 1), 100)), 100)
[execution_aware] iter 27/50 [ERR] reward=    -inf  decay_linear(cs_rank(-1 * stddev(delta(close, 1), 100)), 500)
[execution_aware] iter 28/50 [OK ] reward= -0.2126  decay_linear(cs_rank(-1 * stddev(delta(close, 1), 100)), 200)
[execution_aware] iter 29/50 [ERR] reward=    -inf  decay_linear(cs_rank(-1 * stddev(delta(close, 1), 100)), 500)
[execution_aware] iter 30/50 [OK ] reward= -0.1773  decay_linear(cs_rank(-1 * stddev(delta(close, 1), 100)), 252)
[execution_aware] iter 31/50 [ERR] reward=    -inf  decay_linear(cs_rank(-1 * stddev(delta(close, 1), 100)), 500)
[execution_aware] iter 32/50 [OK ] reward= -0.2775  decay_linear(cs_rank(-1 * stddev(delta(close, 1), 100)), 100)
[execution_aware] iter 33/50 [ERR] reward=    -inf  decay_linear(cs_rank(-1 * stddev(delta(close, 1), 100)), 500)
[execution_aware] iter 34/50 [OK ] reward= -0.1773  decay_linear(cs_rank(-1 * stddev(delta(close, 1), 100)), 252)
[execution_aware] iter 35/50 [ERR] reward=    -inf  decay_linear(cs_rank(-1 * stddev(delta(close, 1), 100)), 500)
[execution_aware] iter 36/50 [OK ] reward= -0.1773  decay_linear(cs_rank(-1 * stddev(delta(close, 1), 100)), 252)
[execution_aware] iter 37/50 [ERR] reward=    -inf  decay_linear(cs_rank(-1 * stddev(delta(close, 1), 100)), 500)
[execution_aware] iter 38/50 [OK ] reward= -0.2126  decay_linear(cs_rank(-1 * stddev(delta(close, 1), 100)), 200)
[execution_aware] iter 39/50 [ERR] reward=    -inf  decay_linear(cs_rank(-1 * stddev(delta(close, 1), 100)), 500)
[execution_aware] iter 40/50 [OK ] reward= -0.2126  decay_linear(cs_rank(-1 * stddev(delta(close, 1), 100)), 200)
[execution_aware] iter 41/50 [ERR] reward=    -inf  decay_linear(cs_rank(-1 * stddev(delta(close, 1), 100)), 500)
[execution_aware] iter 42/50 [OK ] reward= -0.2126  decay_linear(cs_rank(-1 * stddev(delta(close, 1), 100)), 200)
[execution_aware] iter 43/50 [ERR] reward=    -inf  decay_linear(cs_rank(-1 * stddev(delta(close, 1), 100)), 365)
[execution_aware] iter 44/50 [OK ] reward= -0.1081  decay_linear(cs_rank(-1 * stddev(delta(close, 1), 200)), 252)
[execution_aware] iter 45/50 [ERR] reward=    -inf  decay_linear(cs_rank(-1 * stddev(delta(close, 1), 200)), 500)
[execution_aware] iter 46/50 [OK ] reward= -0.1590  decay_linear(cs_rank(-1 * stddev(delta(close, 1), 125)), 252)
[execution_aware] iter 47/50 [ERR] reward=    -inf  decay_linear(cs_rank(-1 * stddev(delta(close, 1), 200)), 500)
[execution_aware] iter 48/50 [OK ] reward= -0.1773  decay_linear(cs_rank(-1 * stddev(delta(close, 1), 100)), 252)
[execution_aware] iter 49/50 [ERR] reward=    -inf  decay_linear(cs_rank(-1 * stddev(delta(close, 1), 200)), 500)
[execution_aware] iter 50/50 [OK ] reward= -0.1081  decay_linear(cs_rank(-1 * stddev(delta(close, 1), 200)), 252)
[wfo:execution_aware] fold 3 winner: decay_linear(cs_rank(-1 * stddev(delta(close, 1), 200)), 252)
[wfo:execution_aware] fold 3 OOS: Gross_IR=0.115 Turnover=4.93 Net_IR=-0.030
[wfo:execution_aware] fold 4: train 2005-01-01..2009-12-31 -> test 2010-01-01..2010-12-31
[execution_aware] iter  0/50 [SEED] reward= -4.0577  rank(-1 * stddev(delta(close, 1), 20))
[execution_aware] iter  1/50 [OK ] reward= -0.7540  decay_linear(rank(-1 * stddev(delta(close, 1), 20)), 60)
[execution_aware] iter  2/50 [OK ] reward= -0.5891  decay_linear(rank(-1 * stddev(delta(close, 1), 20)), 120)
[execution_aware] iter  3/50 [OK ] reward= -0.5230  decay_linear(cs_rank(-1 * stddev(delta(close, 1), 20)), 240)
[execution_aware] iter  4/50 [ERR] reward=    -inf  decay_linear(cs_rank(-1 * stddev(delta(close, 1), 20)), 500)
[execution_aware] iter  5/50 [OK ] reward= -0.5230  decay_linear(cs_rank(-1 * stddev(delta(close, 1), 20)), 240)
[execution_aware] iter  6/50 [ERR] reward=    -inf  decay_linear(cs_rank(-1 * stddev(delta(close, 1), 20)), 480)
[execution_aware] iter  7/50 [OK ] reward= -0.6484  decay_linear(cs_rank(-1 * stddev(delta(close, 1), 10)), 120)
[execution_aware] iter  8/50 [ERR] reward=    -inf  decay_linear(cs_rank(-1 * stddev(delta(close, 1), 20)), 360)
[execution_aware] iter  9/50 [OK ] reward= -0.5230  decay_linear(cs_rank(-1 * stddev(delta(close, 1), 20)), 240)
[execution_aware] iter 10/50 [ERR] reward=    -inf  decay_linear(cs_rank(-1 * stddev(delta(close, 1), 20)), 500)
[execution_aware] iter 11/50 [OK ] reward= -0.5891  decay_linear(cs_rank(-1 * stddev(delta(close, 1), 20)), 120)
[execution_aware] iter 12/50 [ERR] reward=    -inf  decay_linear(cs_rank(-1 * stddev(delta(close, 1), 20)), 360)
[execution_aware] iter 13/50 [OK ] reward= -0.5891  decay_linear(cs_rank(-1 * stddev(delta(close, 1), 20)), 120)
[execution_aware] iter 14/50 [ERR] reward=    -inf  decay_linear(cs_rank(-1 * stddev(delta(close, 1), 20)), 360)
[execution_aware] iter 15/50 [OK ] reward= -0.5230  decay_linear(cs_rank(-1 * stddev(delta(close, 1), 20)), 240)
[execution_aware] iter 16/50 [ERR] reward=    -inf  decay_linear(cs_rank(-1 * stddev(delta(close, 1), 20)), 500)
[execution_aware] iter 17/50 [OK ] reward= -0.5123  decay_linear(cs_rank(-1 * stddev(delta(close, 1), 120)), 240)
[execution_aware] iter 18/50 [ERR] reward=    -inf  decay_linear(cs_rank(-1 * stddev(delta(close, 1), 120)), 480)
[execution_aware] iter 19/50 [OK ] reward= -0.5362  decay_linear(cs_rank(-1 * stddev(delta(close, 1), 120)), 120)
[execution_aware] iter 20/50 [ERR] reward=    -inf  decay_linear(cs_rank(-1 * stddev(delta(close, 1), 120)), 360)
[execution_aware] iter 21/50 [OK ] reward= -0.5246  decay_linear(cs_rank(-1 * stddev(delta(close, 1), 120)), 200)
[execution_aware] iter 22/50 [ERR] reward=    -inf  decay_linear(cs_rank(-1 * stddev(delta(close, 1), 120)), 300)
[execution_aware] iter 23/50 [OK ] reward= -0.5246  decay_linear(cs_rank(-1 * stddev(delta(close, 1), 120)), 200)
[execution_aware] iter 24/50 [ERR] reward=    -inf  decay_linear(cs_rank(-1 * stddev(delta(close, 1), 120)), 300)
[execution_aware] iter 25/50 [OK ] reward= -0.5246  decay_linear(cs_rank(-1 * stddev(delta(close, 1), 120)), 200)
[execution_aware] iter 26/50 [ERR] reward=    -inf  decay_linear(cs_rank(-1 * stddev(delta(close, 1), 120)), 400)
[execution_aware] iter 27/50 [OK ] reward= -0.5497  decay_linear(cs_rank(-1 * stddev(delta(close, 1), 60)), 120)
[execution_aware] iter 28/50 [ERR] reward=    -inf  decay_linear(cs_rank(-1 * stddev(delta(close, 1), 120)), 480)
[execution_aware] iter 29/50 [OK ] reward= -0.5123  decay_linear(cs_rank(-1 * stddev(delta(close, 1), 120)), 240)
[execution_aware] iter 30/50 [ERR] reward=    -inf  decay_linear(cs_rank(-1 * stddev(delta(close, 1), 120)), 480)
[execution_aware] iter 31/50 [OK ] reward= -0.5362  decay_linear(cs_rank(-1 * stddev(delta(close, 1), 120)), 120)
[execution_aware] iter 32/50 [ERR] reward=    -inf  decay_linear(cs_rank(-1 * stddev(delta(close, 1), 240)), 480)
[execution_aware] iter 33/50 [ERR] reward=    -inf  decay_linear(cs_rank(-1 * stddev(delta(close, 1), 180)), 360)
[execution_aware] iter 34/50 [OK ] reward= -0.4956  decay_linear(cs_rank(-1 * stddev(delta(close, 1), 180)), 240)
[execution_aware] iter 35/50 [ERR] reward=    -inf  decay_linear(cs_rank(-1 * stddev(delta(close, 1), 180)), 360)
[execution_aware] iter 36/50 [OK ] reward= -0.4956  decay_linear(cs_rank(-1 * stddev(delta(close, 1), 180)), 240)
[execution_aware] iter 37/50 [ERR] reward=    -inf  decay_linear(cs_rank(-1 * stddev(delta(close, 1), 180)), 500)
[execution_aware] iter 38/50 [OK ] reward= -0.5102  decay_linear(cs_rank(-1 * stddev(delta(close, 1), 180)), 180)
[execution_aware] iter 39/50 [ERR] reward=    -inf  decay_linear(cs_rank(-1 * stddev(delta(close, 1), 180)), 360)
[execution_aware] iter 40/50 [OK ] reward= -0.5102  decay_linear(cs_rank(-1 * stddev(delta(close, 1), 180)), 180)
[execution_aware] iter 41/50 [ERR] reward=    -inf  decay_linear(cs_rank(-1 * stddev(delta(close, 1), 180)), 360)
[execution_aware] iter 42/50 [OK ] reward= -0.4956  decay_linear(cs_rank(-1 * stddev(delta(close, 1), 180)), 240)
[execution_aware] iter 43/50 [ERR] reward=    -inf  decay_linear(cs_rank(-1 * stddev(delta(close, 1), 180)), 360)
[execution_aware] iter 44/50 [OK ] reward= -0.5230  decay_linear(cs_rank(-1 * stddev(delta(close, 1), 180)), 120)
[execution_aware] iter 45/50 [ERR] reward=    -inf  decay_linear(cs_rank(-1 * stddev(delta(close, 1), 180)), 360)
[execution_aware] iter 46/50 [OK ] reward= -0.4956  decay_linear(cs_rank(-1 * stddev(delta(close, 1), 180)), 240)
[execution_aware] iter 47/50 [ERR] reward=    -inf  decay_linear(cs_rank(-1 * stddev(delta(close, 1), 180)), 480)
[execution_aware] iter 48/50 [OK ] reward= -0.5102  decay_linear(cs_rank(-1 * stddev(delta(close, 1), 180)), 180)
[execution_aware] iter 49/50 [ERR] reward=    -inf  decay_linear(cs_rank(-1 * stddev(delta(close, 1), 180)), 360)
[execution_aware] iter 50/50 [OK ] reward= -0.4956  decay_linear(cs_rank(-1 * stddev(delta(close, 1), 180)), 240)
[wfo:execution_aware] fold 4 winner: decay_linear(cs_rank(-1 * stddev(delta(close, 1), 180)), 240)
[wfo:execution_aware] fold 4 OOS: Gross_IR=-0.585 Turnover=3.15 Net_IR=-0.731
[wfo:execution_aware] fold 5: train 2006-01-01..2010-12-31 -> test 2011-01-01..2011-12-31
[execution_aware] iter  0/50 [SEED] reward= -3.8981  rank(-1 * stddev(delta(close, 1), 20))
[execution_aware] iter  1/50 [OK ] reward= -0.6415  decay_linear(rank(-1 * stddev(delta(close, 1), 20)), 120)
[execution_aware] iter  2/50 [OK ] reward= -0.5998  decay_linear(rank(-1 * stddev(delta(close, 1), 20)), 240)
[execution_aware] iter  3/50 [ERR] reward=    -inf  decay_linear(rank(-1 * stddev(delta(close, 1), 20)), 480)
[execution_aware] iter  4/50 [OK ] reward= -0.6415  decay_linear(cs_rank(-1 * stddev(delta(close, 1), 20)), 120)
[execution_aware] iter  5/50 [OK ] reward= -0.5998  decay_linear(cs_rank(-1 * stddev(delta(close, 1), 20)), 240)
[execution_aware] iter  6/50 [ERR] reward=    -inf  decay_linear(cs_rank(-1 * stddev(delta(close, 1), 20)), 360)
[execution_aware] iter  7/50 [OK ] reward= -0.6120  decay_linear(cs_rank(-1 * stddev(delta(close, 1), 20)), 180)
[execution_aware] iter  8/50 [ERR] reward=    -inf  decay_linear(cs_rank(-1 * stddev(delta(close, 1), 20)), 360)
[execution_aware] iter  9/50 [OK ] reward= -0.5998  decay_linear(cs_rank(-1 * stddev(delta(close, 1), 20)), 240)
[execution_aware] iter 10/50 [ERR] reward=    -inf  decay_linear(cs_rank(-1 * stddev(delta(close, 1), 30)), 360)
[execution_aware] iter 11/50 [OK ] reward= -0.5998  decay_linear(cs_rank(-1 * stddev(delta(close, 1), 20)), 240)
[execution_aware] iter 12/50 [ERR] reward=    -inf  decay_linear(cs_rank(-1 * stddev(delta(close, 1), 20)), 360)
[execution_aware] iter 13/50 [OK ] reward= -0.5998  decay_linear(cs_rank(-1 * stddev(delta(close, 1), 20)), 240)
[execution_aware] iter 14/50 [ERR] reward=    -inf  decay_linear(cs_rank(-1 * stddev(delta(close, 1), 20)), 360)
[execution_aware] iter 15/50 [OK ] reward= -0.5998  decay_linear(cs_rank(-1 * stddev(delta(close, 1), 20)), 240)
[execution_aware] iter 16/50 [ERR] reward=    -inf  decay_linear(cs_rank(-1 * stddev(delta(close, 1), 40)), 480)
[execution_aware] iter 17/50 [OK ] reward= -0.5998  decay_linear(cs_rank(-1 * stddev(delta(close, 1), 20)), 240)
[execution_aware] iter 18/50 [ERR] reward=    -inf  decay_linear(cs_rank(-1 * stddev(delta(close, 1), 20)), 480)
[execution_aware] iter 19/50 [OK ] reward= -0.5998  decay_linear(cs_rank(-1 * stddev(delta(close, 1), 20)), 240)
[execution_aware] iter 20/50 [ERR] reward=    -inf  decay_linear(cs_rank(-1 * stddev(delta(close, 1), 20)), 360)
[execution_aware] iter 21/50 [OK ] reward= -0.5998  decay_linear(cs_rank(-1 * stddev(delta(close, 1), 20)), 240)
[execution_aware] iter 22/50 [ERR] reward=    -inf  decay_linear(cs_rank(-1 * stddev(delta(close, 1), 20)), 500)
[execution_aware] iter 23/50 [OK ] reward= -0.5998  decay_linear(cs_rank(-1 * stddev(delta(close, 1), 20)), 240)
[execution_aware] iter 24/50 [ERR] reward=    -inf  decay_linear(cs_rank(-1 * stddev(delta(close, 1), 20)), 480)
[execution_aware] iter 25/50 [OK ] reward= -0.5998  decay_linear(cs_rank(-1 * stddev(delta(close, 1), 20)), 240)
[execution_aware] iter 26/50 [ERR] reward=    -inf  decay_linear(cs_rank(-1 * stddev(delta(close, 1), 40)), 360)
[execution_aware] iter 27/50 [OK ] reward= -0.5998  decay_linear(cs_rank(-1 * stddev(delta(close, 1), 20)), 240)
[execution_aware] iter 28/50 [ERR] reward=    -inf  decay_linear(cs_rank(-1 * stddev(delta(close, 1), 20)), 360)
[execution_aware] iter 29/50 [OK ] reward= -0.5998  decay_linear(cs_rank(-1 * stddev(delta(close, 1), 20)), 240)
[execution_aware] iter 30/50 [ERR] reward=    -inf  decay_linear(cs_rank(-1 * stddev(delta(close, 1), 20)), 480)
[execution_aware] iter 31/50 [OK ] reward= -0.5998  decay_linear(cs_rank(-1 * stddev(delta(close, 1), 20)), 240)
[execution_aware] iter 32/50 [ERR] reward=    -inf  decay_linear(cs_rank(-1 * stddev(delta(close, 1), 20)), 360)
[execution_aware] iter 33/50 [OK ] reward= -0.5998  decay_linear(cs_rank(-1 * stddev(delta(close, 1), 20)), 240)
[execution_aware] iter 34/50 [ERR] reward=    -inf  decay_linear(cs_rank(-1 * stddev(delta(close, 1), 20)), 365)
[execution_aware] iter 35/50 [OK ] reward= -0.5998  decay_linear(cs_rank(-1 * stddev(delta(close, 1), 20)), 240)
[execution_aware] iter 36/50 [ERR] reward=    -inf  decay_linear(cs_rank(-1 * stddev(delta(close, 1), 20)), 360)
[execution_aware] iter 37/50 [OK ] reward= -0.5998  decay_linear(cs_rank(-1 * stddev(delta(close, 1), 20)), 240)
[execution_aware] iter 38/50 [ERR] reward=    -inf  decay_linear(cs_rank(-1 * stddev(delta(close, 1), 20)), 500)
[execution_aware] iter 39/50 [OK ] reward= -0.5998  decay_linear(cs_rank(-1 * stddev(delta(close, 1), 20)), 240)
[execution_aware] iter 40/50 [ERR] reward=    -inf  decay_linear(cs_rank(-1 * stddev(delta(close, 1), 20)), 480)
[execution_aware] iter 41/50 [OK ] reward= -0.5998  decay_linear(cs_rank(-1 * stddev(delta(close, 1), 20)), 240)
[execution_aware] iter 42/50 [ERR] reward=    -inf  decay_linear(cs_rank(-1 * stddev(delta(close, 1), 20)), 500)
[execution_aware] iter 43/50 [OK ] reward= -1.9580  decay_linear(ts_rank(-1 * stddev(delta(close, 1), 20), 120), 240)
[execution_aware] iter 44/50 [ERR] reward=    -inf  decay_linear(cs_rank(-1 * stddev(delta(close, 1), 20)), 360)
[execution_aware] iter 45/50 [OK ] reward= -0.5998  decay_linear(cs_rank(-1 * stddev(delta(close, 1), 20)), 240)
[execution_aware] iter 46/50 [ERR] reward=    -inf  decay_linear(cs_rank(-1 * stddev(delta(close, 1), 20)), 360)
[execution_aware] iter 47/50 [OK ] reward= -0.5998  decay_linear(cs_rank(-1 * stddev(delta(close, 1), 20)), 240)
[execution_aware] iter 48/50 [ERR] reward=    -inf  decay_linear(cs_rank(-1 * stddev(delta(close, 1), 20)), 360)
[execution_aware] iter 49/50 [OK ] reward= -0.5998  decay_linear(cs_rank(-1 * stddev(delta(close, 1), 20)), 240)
[execution_aware] iter 50/50 [ERR] reward=    -inf  decay_linear(cs_rank(-1 * stddev(delta(close, 1), 20)), 360)
[wfo:execution_aware] fold 5 winner: decay_linear(rank(-1 * stddev(delta(close, 1), 20)), 240)
[wfo:execution_aware] fold 5 OOS: Gross_IR=0.805 Turnover=3.39 Net_IR=0.666
[wfo:execution_aware] fold 6: train 2007-01-01..2011-12-31 -> test 2012-01-01..2012-12-31
[execution_aware] iter  0/50 [SEED] reward= -3.8499  rank(-1 * stddev(delta(close, 1), 20))
[execution_aware] iter  1/50 [OK ] reward= -0.6394  decay_linear(rank(-1 * stddev(delta(close, 1), 20)), 252)
[execution_aware] iter  2/50 [ERR] reward=    -inf  decay_linear(rank(-1 * stddev(delta(close, 1), 20)), 500)
[execution_aware] iter  3/50 [OK ] reward= -4.3265  decay_linear(cs_rank(-1 * zscore(stddev(delta(close, 1), 20), 20)), 252)
[execution_aware] iter  4/50 [ERR] reward=    -inf  decay_linear(cs_rank(-1 * stddev(delta(close, 1), 20)), 500)
[execution_aware] iter  5/50 [OK ] reward= -0.6394  decay_linear(cs_rank(-1 * stddev(delta(close, 1), 20)), 252)
[execution_aware] iter  6/50 [ERR] reward=    -inf  decay_linear(cs_rank(-1 * stddev(delta(close, 1), 20)), 500)
[execution_aware] iter  7/50 [OK ] reward= -0.6394  decay_linear(cs_rank(-1 * stddev(delta(close, 1), 20)), 252)
[execution_aware] iter  8/50 [ERR] reward=    -inf  decay_linear(cs_rank(-1 * stddev(delta(close, 1), 20)), 500)
[execution_aware] iter  9/50 [OK ] reward= -0.6394  decay_linear(cs_rank(-1 * stddev(delta(close, 1), 20)), 252)
[execution_aware] iter 10/50 [ERR] reward=    -inf  decay_linear(cs_rank(-1 * stddev(delta(close, 1), 20)), 500)
[execution_aware] iter 11/50 [OK ] reward= -0.6394  decay_linear(cs_rank(-1 * stddev(delta(close, 1), 20)), 252)
[execution_aware] iter 12/50 [ERR] reward=    -inf  decay_linear(cs_rank(-1 * stddev(delta(close, 1), 20)), 500)
[execution_aware] iter 13/50 [OK ] reward= -0.6394  decay_linear(cs_rank(-1 * stddev(delta(close, 1), 20)), 252)
[execution_aware] iter 14/50 [ERR] reward=    -inf  decay_linear(cs_rank(-1 * stddev(delta(close, 1), 20)), 500)
[execution_aware] iter 15/50 [OK ] reward= -0.6394  decay_linear(cs_rank(-1 * stddev(delta(close, 1), 20)), 252)
[execution_aware] iter 16/50 [ERR] reward=    -inf  decay_linear(cs_rank(-1 * stddev(delta(close, 1), 20)), 500)
[execution_aware] iter 17/50 [OK ] reward= -0.6394  decay_linear(cs_rank(-1 * stddev(delta(close, 1), 20)), 252)
[execution_aware] iter 18/50 [ERR] reward=    -inf  decay_linear(cs_rank(-1 * stddev(delta(close, 1), 20)), 500)
[execution_aware] iter 19/50 [OK ] reward= -0.6394  decay_linear(cs_rank(-1 * stddev(delta(close, 1), 20)), 252)
[execution_aware] iter 20/50 [ERR] reward=    -inf  decay_linear(cs_rank(-1 * stddev(delta(close, 1), 20)), 500)
[execution_aware] iter 21/50 [OK ] reward= -0.6394  decay_linear(cs_rank(-1 * stddev(delta(close, 1), 20)), 252)
[execution_aware] iter 22/50 [ERR] reward=    -inf  decay_linear(cs_rank(-1 * stddev(delta(close, 1), 20)), 500)
[execution_aware] iter 23/50 [OK ] reward= -0.6394  decay_linear(cs_rank(-1 * stddev(delta(close, 1), 20)), 252)
[execution_aware] iter 24/50 [ERR] reward=    -inf  decay_linear(cs_rank(-1 * stddev(delta(close, 1), 20)), 500)
[execution_aware] iter 25/50 [OK ] reward= -0.6394  decay_linear(cs_rank(-1 * stddev(delta(close, 1), 20)), 252)
[execution_aware] iter 26/50 [ERR] reward=    -inf  decay_linear(cs_rank(-1 * stddev(delta(close, 1), 20)), 500)
[execution_aware] iter 27/50 [OK ] reward= -0.6394  decay_linear(cs_rank(-1 * stddev(delta(close, 1), 20)), 252)
[execution_aware] iter 28/50 [ERR] reward=    -inf  decay_linear(cs_rank(-1 * stddev(delta(close, 1), 20)), 500)
[execution_aware] iter 29/50 [OK ] reward= -0.6394  decay_linear(cs_rank(-1 * stddev(delta(close, 1), 20)), 252)
[execution_aware] iter 30/50 [ERR] reward=    -inf  decay_linear(cs_rank(-1 * stddev(delta(close, 1), 20)), 500)
[execution_aware] iter 31/50 [OK ] reward= -0.6394  decay_linear(cs_rank(-1 * stddev(delta(close, 1), 20)), 252)
[execution_aware] iter 32/50 [ERR] reward=    -inf  decay_linear(cs_rank(-1 * stddev(delta(close, 1), 20)), 500)
[execution_aware] iter 33/50 [OK ] reward= -0.6394  decay_linear(cs_rank(-1 * stddev(delta(close, 1), 20)), 252)
[execution_aware] iter 34/50 [ERR] reward=    -inf  decay_linear(cs_rank(-1 * stddev(delta(close, 1), 20)), 500)
[execution_aware] iter 35/50 [OK ] reward= -0.6394  decay_linear(cs_rank(-1 * stddev(delta(close, 1), 20)), 252)
[execution_aware] iter 36/50 [ERR] reward=    -inf  decay_linear(cs_rank(-1 * stddev(delta(close, 1), 40)), 500)
[execution_aware] iter 37/50 [OK ] reward= -0.6394  decay_linear(cs_rank(-1 * stddev(delta(close, 1), 20)), 252)
[execution_aware] iter 38/50 [ERR] reward=    -inf  decay_linear(cs_rank(-1 * stddev(delta(close, 1), 20)), 500)
[execution_aware] iter 39/50 [OK ] reward= -0.6394  decay_linear(cs_rank(-1 * stddev(delta(close, 1), 20)), 252)
[execution_aware] iter 40/50 [ERR] reward=    -inf  decay_linear(cs_rank(-1 * stddev(delta(close, 1), 20)), 500)
[execution_aware] iter 41/50 [OK ] reward= -0.6394  decay_linear(cs_rank(-1 * stddev(delta(close, 1), 20)), 252)
[execution_aware] iter 42/50 [ERR] reward=    -inf  decay_linear(cs_rank(-1 * stddev(delta(close, 1), 20)), 500)
[execution_aware] iter 43/50 [OK ] reward= -0.6394  decay_linear(cs_rank(-1 * stddev(delta(close, 1), 20)), 252)
[execution_aware] iter 44/50 [ERR] reward=    -inf  decay_linear(ts_rank(-1 * stddev(delta(close, 1), 20), 252), 504)
[execution_aware] iter 45/50 [OK ] reward= -0.6394  decay_linear(cs_rank(-1 * stddev(delta(close, 1), 20)), 252)
[execution_aware] iter 46/50 [ERR] reward=    -inf  decay_linear(cs_rank(-1 * stddev(delta(close, 1), 20)), 500)
[execution_aware] iter 47/50 [OK ] reward= -0.6394  decay_linear(cs_rank(-1 * stddev(delta(close, 1), 20)), 252)
[execution_aware] iter 48/50 [ERR] reward=    -inf  decay_linear(cs_rank(-1 * stddev(delta(close, 1), 20)), 500)
[execution_aware] iter 49/50 [OK ] reward= -0.6394  decay_linear(cs_rank(-1 * stddev(delta(close, 1), 20)), 252)
[execution_aware] iter 50/50 [ERR] reward=    -inf  decay_linear(cs_rank(-1 * stddev(delta(close, 1), 20)), 500)
[wfo:execution_aware] fold 6 winner: decay_linear(rank(-1 * stddev(delta(close, 1), 20)), 252)
[wfo:execution_aware] fold 6 OOS: Gross_IR=1.393 Turnover=3.11 Net_IR=1.243
[wfo:execution_aware] fold 7: train 2008-01-01..2012-12-31 -> test 2013-01-01..2013-12-31
[execution_aware] iter  0/50 [SEED] reward= -3.8300  rank(-1 * stddev(delta(close, 1), 20))
[execution_aware] iter  1/50 [OK ] reward= -0.7345  decay_linear(rank(-1 * stddev(delta(close, 1), 20)), 60)
[execution_aware] iter  2/50 [OK ] reward= -0.6012  decay_linear(cs_rank(-1 * stddev(delta(close, 1), 20)), 120)
[execution_aware] iter  3/50 [OK ] reward= -0.5770  decay_linear(cs_rank(-1 * stddev(delta(close, 1), 20)), 240)
[execution_aware] iter  4/50 [ERR] reward=    -inf  decay_linear(cs_rank(-1 * stddev(delta(close, 1), 20)), 360)
[execution_aware] iter  5/50 [OK ] reward= -0.5770  decay_linear(cs_rank(-1 * stddev(delta(close, 1), 20)), 240)
[execution_aware] iter  6/50 [ERR] reward=    -inf  decay_linear(cs_rank(-1 * stddev(delta(close, 1), 20)), 500)
[execution_aware] iter  7/50 [OK ] reward= -0.6012  decay_linear(cs_rank(-1 * stddev(delta(close, 1), 20)), 120)
[execution_aware] iter  8/50 [ERR] reward=    -inf  decay_linear(cs_rank(-1 * stddev(delta(close, 1), 20)), 360)
[execution_aware] iter  9/50 [OK ] reward= -0.5770  decay_linear(cs_rank(-1 * stddev(delta(close, 1), 20)), 240)
[execution_aware] iter 10/50 [ERR] reward=    -inf  decay_linear(cs_rank(-1 * stddev(delta(close, 1), 20)), 360)
[execution_aware] iter 11/50 [OK ] reward= -0.5770  decay_linear(cs_rank(-1 * stddev(delta(close, 1), 20)), 240)
[execution_aware] iter 12/50 [ERR] reward=    -inf  decay_linear(cs_rank(-1 * stddev(delta(close, 1), 20)), 480)
[execution_aware] iter 13/50 [OK ] reward= -0.5770  decay_linear(cs_rank(-1 * stddev(delta(close, 1), 20)), 240)
[execution_aware] iter 14/50 [ERR] reward=    -inf  decay_linear(cs_rank(-1 * stddev(delta(close, 1), 20)), 480)
[execution_aware] iter 15/50 [OK ] reward= -0.6012  decay_linear(cs_rank(-1 * stddev(delta(close, 1), 20)), 120)
[execution_aware] iter 16/50 [ERR] reward=    -inf  decay_linear(cs_rank(-1 * stddev(delta(close, 1), 20)), 480)
[execution_aware] iter 17/50 [OK ] reward= -0.5770  decay_linear(cs_rank(-1 * stddev(delta(close, 1), 20)), 240)
[execution_aware] iter 18/50 [ERR] reward=    -inf  decay_linear(cs_rank(-1 * stddev(delta(close, 1), 20)), 500)
[execution_aware] iter 19/50 [OK ] reward= -0.5770  decay_linear(cs_rank(-1 * stddev(delta(close, 1), 20)), 240)
[execution_aware] iter 20/50 [ERR] reward=    -inf  decay_linear(cs_rank(-1 * stddev(delta(close, 1), 20)), 360)
[execution_aware] iter 21/50 [OK ] reward= -0.6053  decay_linear(cs_rank(-1 * stddev(delta(close, 1), 180)), 240)
[execution_aware] iter 22/50 [ERR] reward=    -inf  decay_linear(cs_rank(-1 * stddev(delta(close, 1), 20)), 360)
[execution_aware] iter 23/50 [OK ] reward= -0.5821  decay_linear(cs_rank(-1 * stddev(delta(close, 1), 20)), 180)
[execution_aware] iter 24/50 [ERR] reward=    -inf  decay_linear(cs_rank(-1 * stddev(delta(close, 1), 20)), 360)
[execution_aware] iter 25/50 [OK ] reward= -0.5770  decay_linear(cs_rank(-1 * stddev(delta(close, 1), 20)), 240)
[execution_aware] iter 26/50 [ERR] reward=    -inf  decay_linear(cs_rank(-1 * stddev(delta(close, 1), 20)), 360)
[execution_aware] iter 27/50 [OK ] reward= -0.5821  decay_linear(cs_rank(-1 * stddev(delta(close, 1), 20)), 180)
[execution_aware] iter 28/50 [ERR] reward=    -inf  decay_linear(cs_rank(-1 * stddev(delta(close, 1), 20)), 360)
[execution_aware] iter 29/50 [OK ] reward= -0.5821  decay_linear(cs_rank(-1 * stddev(delta(close, 1), 20)), 180)
[execution_aware] iter 30/50 [ERR] reward=    -inf  decay_linear(cs_rank(-1 * stddev(delta(close, 1), 20)), 300)
[execution_aware] iter 31/50 [OK ] reward= -0.5770  decay_linear(cs_rank(-1 * stddev(delta(close, 1), 20)), 240)
[execution_aware] iter 32/50 [ERR] reward=    -inf  decay_linear(cs_rank(-1 * stddev(delta(close, 1), 20)), 360)
[execution_aware] iter 33/50 [OK ] reward= -0.5770  decay_linear(cs_rank(-1 * stddev(delta(close, 1), 20)), 240)
[execution_aware] iter 34/50 [ERR] reward=    -inf  decay_linear(cs_rank(-1 * stddev(delta(close, 1), 20)), 500)
[execution_aware] iter 35/50 [OK ] reward= -0.5770  decay_linear(cs_rank(-1 * stddev(delta(close, 1), 20)), 240)
[execution_aware] iter 36/50 [ERR] reward=    -inf  decay_linear(cs_rank(-1 * stddev(delta(close, 1), 20)), 500)
[execution_aware] iter 37/50 [OK ] reward= -0.5770  decay_linear(cs_rank(-1 * stddev(delta(close, 1), 20)), 240)
[execution_aware] iter 38/50 [ERR] reward=    -inf  decay_linear(cs_rank(-1 * stddev(delta(close, 1), 20)), 500)
[execution_aware] iter 39/50 [OK ] reward= -0.5770  decay_linear(cs_rank(-1 * stddev(delta(close, 1), 20)), 240)
[execution_aware] iter 40/50 [ERR] reward=    -inf  decay_linear(cs_rank(-1 * stddev(delta(close, 1), 20)), 365)
[execution_aware] iter 41/50 [OK ] reward= -0.5770  decay_linear(cs_rank(-1 * stddev(delta(close, 1), 20)), 240)
[execution_aware] iter 42/50 [ERR] reward=    -inf  decay_linear(cs_rank(-1 * stddev(delta(close, 1), 20)), 360)
[execution_aware] iter 43/50 [OK ] reward= -0.6012  decay_linear(cs_rank(-1 * stddev(delta(close, 1), 20)), 120)
[execution_aware] iter 44/50 [ERR] reward=    -inf  decay_linear(cs_rank(-1 * stddev(delta(close, 1), 20)), 360)
[execution_aware] iter 45/50 [OK ] reward= -0.5798  decay_linear(cs_rank(-1 * stddev(delta(close, 1), 20)), 200)
[execution_aware] iter 46/50 [ERR] reward=    -inf  decay_linear(cs_rank(-1 * stddev(delta(close, 1), 20)), 300)
[execution_aware] iter 47/50 [OK ] reward= -0.5770  decay_linear(cs_rank(-1 * stddev(delta(close, 1), 20)), 240)
[execution_aware] iter 48/50 [ERR] reward=    -inf  decay_linear(cs_rank(-1 * stddev(delta(close, 1), 20)), 500)
[execution_aware] iter 49/50 [OK ] reward= -0.5770  decay_linear(cs_rank(-1 * stddev(delta(close, 1), 20)), 240)
[execution_aware] iter 50/50 [ERR] reward=    -inf  decay_linear(cs_rank(-1 * stddev(delta(close, 1), 20)), 360)
[wfo:execution_aware] fold 7 winner: decay_linear(cs_rank(-1 * stddev(delta(close, 1), 20)), 240)
[wfo:execution_aware] fold 7 OOS: Gross_IR=2.527 Turnover=2.84 Net_IR=2.331
[wfo:execution_aware] fold 8: train 2009-01-01..2013-12-31 -> test 2014-01-01..2014-12-31
[execution_aware] iter  0/50 [SEED] reward= -3.7120  rank(-1 * stddev(delta(close, 1), 20))
[execution_aware] iter  1/50 [OK ] reward= -0.5099  decay_linear(rank(-1 * stddev(delta(close, 1), 20)), 60)
[execution_aware] iter  2/50 [OK ] reward= -0.3629  decay_linear(rank(-1 * stddev(delta(close, 1), 20)), 120)
[execution_aware] iter  3/50 [OK ] reward= -0.3411  decay_linear(rank(-1 * stddev(delta(close, 1), 20)), 240)
[execution_aware] iter  4/50 [ERR] reward=    -inf  decay_linear(rank(-1 * stddev(delta(close, 1), 20)), 365)
[execution_aware] iter  5/50 [OK ] reward= -0.3411  decay_linear(cs_rank(-1 * stddev(delta(close, 1), 20)), 240)
[execution_aware] iter  6/50 [ERR] reward=    -inf  decay_linear(cs_rank(-1 * stddev(delta(close, 1), 20)), 360)
[execution_aware] iter  7/50 [OK ] reward= -0.3411  decay_linear(cs_rank(-1 * stddev(delta(close, 1), 20)), 240)
[execution_aware] iter  8/50 [ERR] reward=    -inf  decay_linear(cs_rank(-1 * stddev(delta(close, 1), 20)), 500)
[execution_aware] iter  9/50 [OK ] reward= -0.3411  decay_linear(cs_rank(-1 * stddev(delta(close, 1), 20)), 240)
[execution_aware] iter 10/50 [ERR] reward=    -inf  decay_linear(cs_rank(-1 * stddev(delta(close, 1), 20)), 360)
[execution_aware] iter 11/50 [OK ] reward= -0.3411  decay_linear(cs_rank(-1 * stddev(delta(close, 1), 20)), 240)
[execution_aware] iter 12/50 [ERR] reward=    -inf  decay_linear(cs_rank(-1 * stddev(delta(close, 1), 20)), 500)
[execution_aware] iter 13/50 [OK ] reward= -0.3411  decay_linear(cs_rank(-1 * stddev(delta(close, 1), 20)), 240)
[execution_aware] iter 14/50 [ERR] reward=    -inf  decay_linear(cs_rank(-1 * stddev(delta(close, 1), 40)), 360)
[execution_aware] iter 15/50 [OK ] reward= -0.3411  decay_linear(cs_rank(-1 * stddev(delta(close, 1), 20)), 240)
[execution_aware] iter 16/50 [ERR] reward=    -inf  decay_linear(cs_rank(-1 * stddev(delta(close, 1), 20)), 360)
[execution_aware] iter 17/50 [OK ] reward= -0.3411  decay_linear(cs_rank(-1 * stddev(delta(close, 1), 20)), 240)
[execution_aware] iter 18/50 [ERR] reward=    -inf  decay_linear(cs_rank(-1 * stddev(delta(close, 1), 20)), 365)
[execution_aware] iter 19/50 [OK ] reward= -0.3411  decay_linear(cs_rank(-1 * stddev(delta(close, 1), 20)), 240)
[execution_aware] iter 20/50 [ERR] reward=    -inf  decay_linear(cs_rank(-1 * stddev(delta(close, 1), 20)), 500)
[execution_aware] iter 21/50 [OK ] reward= -0.3411  decay_linear(cs_rank(-1 * stddev(delta(close, 1), 20)), 240)
[execution_aware] iter 22/50 [ERR] reward=    -inf  decay_linear(cs_rank(-1 * stddev(delta(close, 1), 20)), 365)
[execution_aware] iter 23/50 [OK ] reward= -0.3411  decay_linear(cs_rank(-1 * stddev(delta(close, 1), 20)), 240)
[execution_aware] iter 24/50 [ERR] reward=    -inf  decay_linear(cs_rank(-1 * stddev(delta(close, 1), 20)), 500)
[execution_aware] iter 25/50 [OK ] reward= -0.3411  decay_linear(cs_rank(-1 * stddev(delta(close, 1), 20)), 240)
[execution_aware] iter 26/50 [ERR] reward=    -inf  decay_linear(cs_rank(-1 * stddev(delta(close, 1), 20)), 500)
[execution_aware] iter 27/50 [OK ] reward= -0.3411  decay_linear(cs_rank(-1 * stddev(delta(close, 1), 20)), 240)
[execution_aware] iter 28/50 [ERR] reward=    -inf  decay_linear(cs_rank(-1 * stddev(delta(close, 1), 20)), 500)
[execution_aware] iter 29/50 [OK ] reward= -0.3411  decay_linear(cs_rank(-1 * stddev(delta(close, 1), 20)), 240)
[execution_aware] iter 30/50 [ERR] reward=    -inf  decay_linear(cs_rank(-1 * stddev(delta(close, 1), 30)), 360)
[execution_aware] iter 31/50 [OK ] reward= -0.3411  decay_linear(cs_rank(-1 * stddev(delta(close, 1), 20)), 240)
[execution_aware] iter 32/50 [ERR] reward=    -inf  decay_linear(cs_rank(-1 * stddev(delta(close, 1), 20)), 360)
[execution_aware] iter 33/50 [OK ] reward= -0.3411  decay_linear(cs_rank(-1 * stddev(delta(close, 1), 20)), 240)
[execution_aware] iter 34/50 [ERR] reward=    -inf  decay_linear(cs_rank(-1 * stddev(delta(close, 1), 20)), 480)
[execution_aware] iter 35/50 [OK ] reward= -0.3411  decay_linear(cs_rank(-1 * stddev(delta(close, 1), 20)), 240)
[execution_aware] iter 36/50 [ERR] reward=    -inf  decay_linear(cs_rank(-1 * stddev(delta(close, 1), 20)), 360)
[execution_aware] iter 37/50 [OK ] reward= -0.3411  decay_linear(cs_rank(-1 * stddev(delta(close, 1), 20)), 240)
[execution_aware] iter 38/50 [ERR] reward=    -inf  decay_linear(cs_rank(-1 * stddev(delta(close, 1), 20)), 360)
[execution_aware] iter 39/50 [OK ] reward= -0.3411  decay_linear(cs_rank(-1 * stddev(delta(close, 1), 20)), 240)
[execution_aware] iter 40/50 [ERR] reward=    -inf  decay_linear(cs_rank(-1 * stddev(delta(close, 1), 20)), 360)
[execution_aware] iter 41/50 [OK ] reward= -0.3411  decay_linear(cs_rank(-1 * stddev(delta(close, 1), 20)), 240)
[execution_aware] iter 42/50 [ERR] reward=    -inf  decay_linear(cs_rank(-1 * stddev(delta(close, 1), 20)), 360)
[execution_aware] iter 43/50 [OK ] reward= -0.3411  decay_linear(cs_rank(-1 * stddev(delta(close, 1), 20)), 240)
[execution_aware] iter 44/50 [ERR] reward=    -inf  decay_linear(cs_rank(-1 * stddev(delta(close, 1), 20)), 480)
[execution_aware] iter 45/50 [OK ] reward= -0.3411  decay_linear(cs_rank(-1 * stddev(delta(close, 1), 20)), 240)
[execution_aware] iter 46/50 [ERR] reward=    -inf  decay_linear(cs_rank(-1 * stddev(delta(close, 1), 20)), 360)
[execution_aware] iter 47/50 [OK ] reward= -0.3411  decay_linear(cs_rank(-1 * stddev(delta(close, 1), 20)), 240)
[execution_aware] iter 48/50 [ERR] reward=    -inf  decay_linear(cs_rank(-1 * stddev(delta(close, 1), 20)), 365)
[execution_aware] iter 49/50 [OK ] reward= -0.3411  decay_linear(cs_rank(-1 * stddev(delta(close, 1), 20)), 240)
[execution_aware] iter 50/50 [ERR] reward=    -inf  decay_linear(rank(-1 * stddev(delta(close, 1), 40)), 480)
[wfo:execution_aware] fold 8 winner: decay_linear(rank(-1 * stddev(delta(close, 1), 20)), 240)
[wfo:execution_aware] fold 8 OOS: Gross_IR=-0.039 Turnover=3.00 Net_IR=-0.209
[wfo:execution_aware] fold 9: train 2010-01-01..2014-12-31 -> test 2015-01-01..2015-12-31
[execution_aware] iter  0/50 [SEED] reward= -3.6771  rank(-1 * stddev(delta(close, 1), 20))
[execution_aware] iter  1/50 [OK ] reward= -0.4219  decay_linear(rank(-1 * stddev(delta(close, 1), 20)), 60)
[execution_aware] iter  2/50 [OK ] reward= -0.2246  decay_linear(cs_rank(-1 * stddev(delta(close, 1), 20)), 120)
[execution_aware] iter  3/50 [OK ] reward= -0.1525  decay_linear(cs_rank(-1 * stddev(delta(close, 1), 20)), 240)
[execution_aware] iter  4/50 [ERR] reward=    -inf  decay_linear(cs_rank(-1 * stddev(delta(close, 1), 20)), 480)
[execution_aware] iter  5/50 [OK ] reward= -0.1525  decay_linear(cs_rank(-1 * stddev(delta(close, 1), 20)), 240)
[execution_aware] iter  6/50 [ERR] reward=    -inf  decay_linear(cs_rank(-1 * stddev(delta(close, 1), 20)), 360)
[execution_aware] iter  7/50 [OK ] reward= -0.2064  decay_linear(cs_rank(-1 * stddev(delta(close, 1), 20)), 240) + decay_linear(cs_rank(volume / (volume + 1e-5)), 240)
[execution_aware] iter  8/50 [ERR] reward=    -inf  decay_linear(cs_rank(-1 * stddev(delta(close, 1), 20)), 480)
[execution_aware] iter  9/50 [OK ] reward= -0.2246  decay_linear(cs_rank(-1 * stddev(delta(close, 1), 20)), 120)
[execution_aware] iter 10/50 [ERR] reward=    -inf  decay_linear(cs_rank(-1 * stddev(delta(close, 1), 20)), 360)
[execution_aware] iter 11/50 [OK ] reward= -0.1525  decay_linear(cs_rank(-1 * stddev(delta(close, 1), 20)), 240)
[execution_aware] iter 12/50 [ERR] reward=    -inf  decay_linear(cs_rank(-1 * stddev(delta(close, 1), 20)), 500)
[execution_aware] iter 13/50 [OK ] reward= -0.1525  decay_linear(cs_rank(-1 * stddev(delta(close, 1), 20)), 240)
[execution_aware] iter 14/50 [ERR] reward=    -inf  decay_linear(cs_rank(-1 * stddev(delta(close, 1), 20)), 360)
[execution_aware] iter 15/50 [OK ] reward=-40.5021  decay_linear(cs_rank(-1 * stddev(delta(close, 1), 20)), 240) + cs_rank(-1 * (high - low) / (high + low + 1e-5))
[execution_aware] iter 16/50 [OK ] reward= -0.1525  decay_linear(cs_rank(-1 * stddev(delta(close, 1), 20)), 240)
[execution_aware] iter 17/50 [ERR] reward=    -inf  decay_linear(cs_rank(-1 * stddev(delta(close, 1), 20)), 500)
[execution_aware] iter 18/50 [OK ] reward= -0.2246  decay_linear(cs_rank(-1 * stddev(delta(close, 1), 20)), 120)
[execution_aware] iter 19/50 [ERR] reward=    -inf  decay_linear(cs_rank(-1 * stddev(delta(close, 1), 20)), 480)
[execution_aware] iter 20/50 [OK ] reward= -0.2246  decay_linear(cs_rank(-1 * stddev(delta(close, 1), 20)), 120)
[execution_aware] iter 21/50 [ERR] reward=    -inf  decay_linear(cs_rank(-1 * stddev(delta(close, 1), 20)), 360)
[execution_aware] iter 22/50 [OK ] reward= -0.1668  decay_linear(cs_rank(-1 * stddev(delta(close, 1), 20)), 200)
[execution_aware] iter 23/50 [ERR] reward=    -inf  decay_linear(cs_rank(-1 * stddev(delta(close, 1), 20)), 360)
[execution_aware] iter 24/50 [OK ] reward= -0.2246  decay_linear(cs_rank(-1 * stddev(delta(close, 1), 20)), 120)
[execution_aware] iter 25/50 [ERR] reward=    -inf  decay_linear(cs_rank(-1 * stddev(delta(close, 1), 20)), 360)
[execution_aware] iter 26/50 [OK ] reward= -0.1525  decay_linear(cs_rank(-1 * stddev(delta(close, 1), 20)), 240)
[execution_aware] iter 27/50 [ERR] reward=    -inf  decay_linear(cs_rank(-1 * stddev(delta(close, 1), 20)), 500)
[execution_aware] iter 28/50 [OK ] reward= -0.1746  decay_linear(cs_rank(-1 * stddev(delta(close, 1), 20)), 180)
[execution_aware] iter 29/50 [ERR] reward=    -inf  decay_linear(cs_rank(-1 * stddev(delta(close, 1), 20)), 360)
[execution_aware] iter 30/50 [OK ] reward= -0.1525  decay_linear(cs_rank(-1 * stddev(delta(close, 1), 20)), 240)
[execution_aware] iter 31/50 [ERR] reward=    -inf  decay_linear(cs_rank(-1 * stddev(delta(close, 1), 20)), 360)
[execution_aware] iter 32/50 [OK ] reward= -0.1525  decay_linear(cs_rank(-1 * stddev(delta(close, 1), 20)), 240)
[execution_aware] iter 33/50 [ERR] reward=    -inf  decay_linear(cs_rank(-1 * stddev(delta(close, 1), 20)), 360)
[execution_aware] iter 34/50 [OK ] reward= -0.1525  decay_linear(cs_rank(-1 * stddev(delta(close, 1), 20)), 240)
[execution_aware] iter 35/50 [ERR] reward=    -inf  decay_linear(cs_rank(-1 * stddev(delta(close, 1), 20)), 360)
[execution_aware] iter 36/50 [OK ] reward= -0.2246  decay_linear(cs_rank(-1 * stddev(delta(close, 1), 20)), 120)
[execution_aware] iter 37/50 [ERR] reward=    -inf  decay_linear(cs_rank(-1 * stddev(delta(close, 1), 20)), 360)
[execution_aware] iter 38/50 [OK ] reward= -0.1746  decay_linear(cs_rank(-1 * stddev(delta(close, 1), 20)), 180)
[execution_aware] iter 39/50 [ERR] reward=    -inf  decay_linear(cs_rank(-1 * stddev(delta(close, 1), 20)), 360)
[execution_aware] iter 40/50 [OK ] reward= -0.1746  decay_linear(cs_rank(-1 * stddev(delta(close, 1), 20)), 180)
[execution_aware] iter 41/50 [ERR] reward=    -inf  decay_linear(cs_rank(-1 * stddev(delta(close, 1), 20)), 360)
[execution_aware] iter 42/50 [OK ] reward= -0.1525  decay_linear(cs_rank(-1 * stddev(delta(close, 1), 20)), 240)
[execution_aware] iter 43/50 [ERR] reward=    -inf  decay_linear(cs_rank(-1 * stddev(delta(close, 1), 20)), 500)
[execution_aware] iter 44/50 [OK ] reward= -0.1525  decay_linear(cs_rank(-1 * stddev(delta(close, 1), 20)), 240)
[execution_aware] iter 45/50 [ERR] reward=    -inf  decay_linear(cs_rank(-1 * stddev(delta(close, 1), 20)), 480)
[execution_aware] iter 46/50 [OK ] reward= -0.2246  decay_linear(cs_rank(-1 * stddev(delta(close, 1), 20)), 120)
[execution_aware] iter 47/50 [ERR] reward=    -inf  decay_linear(cs_rank(-1 * stddev(delta(close, 1), 20)), 360)
[execution_aware] iter 48/50 [OK ] reward= -0.1525  decay_linear(cs_rank(-1 * stddev(delta(close, 1), 20)), 240)
[execution_aware] iter 49/50 [ERR] reward=    -inf  decay_linear(cs_rank(-1 * stddev(delta(close, 1), 20)), 500)
[execution_aware] iter 50/50 [OK ] reward= -0.1525  decay_linear(cs_rank(-1 * stddev(delta(close, 1), 20)), 240)
[wfo:execution_aware] fold 9 winner: decay_linear(cs_rank(-1 * stddev(delta(close, 1), 20)), 240)
[wfo:execution_aware] fold 9 OOS: Gross_IR=0.417 Turnover=3.16 Net_IR=0.224
[wfo:execution_aware] fold 10: train 2011-01-01..2015-12-31 -> test 2016-01-01..2016-12-31
[execution_aware] iter  0/50 [SEED] reward= -3.6540  rank(-1 * stddev(delta(close, 1), 20))
[execution_aware] iter  1/50 [OK ] reward= -0.2656  decay_linear(rank(-1 * stddev(delta(close, 1), 20)), 60)
[execution_aware] iter  2/50 [OK ] reward= -0.0371  decay_linear(rank(-1 * stddev(delta(close, 1), 20)), 120)
[execution_aware] iter  3/50 [OK ] reward=  0.0783  decay_linear(rank(-1 * stddev(delta(close, 1), 20)), 240)
[execution_aware] iter  4/50 [ERR] reward=    -inf  decay_linear(rank(-1 * stddev(delta(close, 1), 20)), 500)
[execution_aware] iter  5/50 [OK ] reward=  0.0543  decay_linear(rank(-1 * stddev(delta(close, 1), 20)), 200)
[execution_aware] iter  6/50 [ERR] reward=    -inf  decay_linear(rank(-1 * stddev(delta(close, 1), 20)), 360)
[execution_aware] iter  7/50 [OK ] reward=  0.0783  decay_linear(rank(-1 * stddev(delta(close, 1), 20)), 240)
[execution_aware] iter  8/50 [ERR] reward=    -inf  decay_linear(rank(-1 * stddev(delta(close, 1), 20)), 360)
[execution_aware] iter  9/50 [OK ] reward=  0.0783  decay_linear(cs_rank(-1 * stddev(delta(close, 1), 20)), 240)
[execution_aware] iter 10/50 [ERR] reward=    -inf  decay_linear(cs_rank(-1 * stddev(delta(close, 1), 20)), 480)
[execution_aware] iter 11/50 [OK ] reward=  0.0783  decay_linear(cs_rank(-1 * stddev(delta(close, 1), 20)), 240)
[execution_aware] iter 12/50 [ERR] reward=    -inf  decay_linear(cs_rank(-1 * stddev(delta(close, 1), 20)), 480)
[execution_aware] iter 13/50 [OK ] reward=  0.0783  decay_linear(cs_rank(-1 * stddev(delta(close, 1), 20)), 240)
[execution_aware] iter 14/50 [ERR] reward=    -inf  decay_linear(cs_rank(-1 * stddev(delta(close, 1), 20)), 360)
[execution_aware] iter 15/50 [OK ] reward=  0.0783  decay_linear(cs_rank(-1 * stddev(delta(close, 1), 20)), 240)
[execution_aware] iter 16/50 [ERR] reward=    -inf  decay_linear(rank(-1 * stddev(delta(close, 1), 30)), 360)
[execution_aware] iter 17/50 [OK ] reward= -2.5236  decay_linear(ts_rank(-1 * stddev(delta(close, 1), 20), 240), 120)
[execution_aware] iter 18/50 [ERR] reward=    -inf  decay_linear(cs_rank(-1 * stddev(delta(close, 1), 20)), 360)
[execution_aware] iter 19/50 [OK ] reward=  0.0783  decay_linear(cs_rank(-1 * stddev(delta(close, 1), 20)), 240)
[execution_aware] iter 20/50 [ERR] reward=    -inf  decay_linear(cs_rank(-1 * stddev(delta(close, 1), 40)), 480)
[execution_aware] iter 21/50 [OK ] reward=  0.0783  decay_linear(cs_rank(-1 * stddev(delta(close, 1), 20)), 240)
[execution_aware] iter 22/50 [ERR] reward=    -inf  decay_linear(cs_rank(-1 * stddev(delta(close, 1), 20)), 480)
[execution_aware] iter 23/50 [OK ] reward=  0.0783  decay_linear(cs_rank(-1 * stddev(delta(close, 1), 20)), 240)
[execution_aware] iter 24/50 [ERR] reward=    -inf  decay_linear(cs_rank(-1 * stddev(delta(close, 1), 20)), 365)
[execution_aware] iter 25/50 [OK ] reward=  0.0783  decay_linear(cs_rank(-1 * stddev(delta(close, 1), 20)), 240)
[execution_aware] iter 26/50 [ERR] reward=    -inf  decay_linear(cs_rank(-1 * stddev(delta(close, 1), 20)), 360)
[execution_aware] iter 27/50 [OK ] reward=  0.0783  decay_linear(cs_rank(-1 * stddev(delta(close, 1), 20)), 240)
[execution_aware] iter 28/50 [ERR] reward=    -inf  decay_linear(cs_rank(-1 * stddev(delta(close, 1), 30)), 360)
[execution_aware] iter 29/50 [OK ] reward=  0.0783  decay_linear(cs_rank(-1 * stddev(delta(close, 1), 20)), 240)
[execution_aware] iter 30/50 [ERR] reward=    -inf  decay_linear(cs_rank(-1 * stddev(delta(close, 1), 20)), 500)
[execution_aware] iter 31/50 [OK ] reward=  0.0783  decay_linear(cs_rank(-1 * stddev(delta(close, 1), 20)), 240)
[execution_aware] iter 32/50 [ERR] reward=    -inf  decay_linear(cs_rank(-1 * stddev(delta(close, 1), 20)), 500)
[execution_aware] iter 33/50 [OK ] reward=  0.0783  decay_linear(cs_rank(-1 * stddev(delta(close, 1), 20)), 240)
[execution_aware] iter 34/50 [ERR] reward=    -inf  decay_linear(cs_rank(-1 * stddev(delta(close, 1), 20)), 360)
[execution_aware] iter 35/50 [OK ] reward=  0.0783  decay_linear(cs_rank(-1 * stddev(delta(close, 1), 20)), 240)
[execution_aware] iter 36/50 [ERR] reward=    -inf  decay_linear(cs_rank(-1 * stddev(delta(close, 1), 20)), 480)
[execution_aware] iter 37/50 [OK ] reward=  0.0783  decay_linear(cs_rank(-1 * stddev(delta(close, 1), 20)), 240)
[execution_aware] iter 38/50 [ERR] reward=    -inf  decay_linear(cs_rank(-1 * stddev(delta(close, 1), 20)), 360)
[execution_aware] iter 39/50 [OK ] reward=  0.0783  decay_linear(cs_rank(-1 * stddev(delta(close, 1), 20)), 240)
[execution_aware] iter 40/50 [ERR] reward=    -inf  decay_linear(cs_rank(-1 * stddev(delta(close, 1), 20)), 480)
[execution_aware] iter 41/50 [OK ] reward=  0.0783  decay_linear(cs_rank(-1 * stddev(delta(close, 1), 20)), 240)
[execution_aware] iter 42/50 [ERR] reward=    -inf  decay_linear(cs_rank(-1 * stddev(delta(close, 1), 20)), 360)
[execution_aware] iter 43/50 [OK ] reward=  0.0783  decay_linear(cs_rank(-1 * stddev(delta(close, 1), 20)), 240)
[execution_aware] iter 44/50 [ERR] reward=    -inf  decay_linear(cs_rank(-1 * stddev(delta(close, 1), 20)), 360)
[execution_aware] iter 45/50 [OK ] reward=  0.0783  decay_linear(cs_rank(-1 * stddev(delta(close, 1), 20)), 240)
[execution_aware] iter 46/50 [ERR] reward=    -inf  decay_linear(cs_rank(-1 * stddev(delta(close, 1), 20)), 360)
[execution_aware] iter 47/50 [OK ] reward=  0.0783  decay_linear(cs_rank(-1 * stddev(delta(close, 1), 20)), 240)
[execution_aware] iter 48/50 [ERR] reward=    -inf  decay_linear(cs_rank(-1 * stddev(delta(close, 1), 20)), 360)
[execution_aware] iter 49/50 [OK ] reward=  0.0783  decay_linear(cs_rank(-1 * stddev(delta(close, 1), 20)), 240)
[execution_aware] iter 50/50 [ERR] reward=    -inf  decay_linear(cs_rank(-1 * stddev(delta(close, 1), 20)), 500)
[wfo:execution_aware] fold 10 winner: decay_linear(rank(-1 * stddev(delta(close, 1), 20)), 240)
[wfo:execution_aware] fold 10 OOS: Gross_IR=1.709 Turnover=3.53 Net_IR=1.484
[wfo:execution_aware] fold 11: train 2012-01-01..2016-12-31 -> test 2017-01-01..2017-12-31
[execution_aware] iter  0/50 [SEED] reward= -3.4658  rank(-1 * stddev(delta(close, 1), 20))
[execution_aware] iter  1/50 [OK ] reward=  0.1353  decay_linear(rank(-1 * stddev(delta(close, 1), 20)), 100)
[execution_aware] iter  2/50 [OK ] reward=  0.2758  decay_linear(rank(-1 * stddev(delta(close, 1), 20)), 200)
[execution_aware] iter  3/50 [ERR] reward=    -inf  decay_linear(rank(-1 * stddev(delta(close, 1), 20)), 400)
[execution_aware] iter  4/50 [OK ] reward=  0.2758  decay_linear(rank(-1 * stddev(delta(close, 1), 20)), 200)
[execution_aware] iter  5/50 [ERR] reward=    -inf  decay_linear(rank(-1 * stddev(delta(close, 1), 20)), 400)
[execution_aware] iter  6/50 [OK ] reward=  0.2758  decay_linear(cs_rank(-1 * stddev(delta(close, 1), 20)), 200)
[execution_aware] iter  7/50 [ERR] reward=    -inf  decay_linear(cs_rank(-1 * stddev(delta(close, 1), 20)), 400)
[execution_aware] iter  8/50 [OK ] reward=  0.2758  decay_linear(cs_rank(-1 * stddev(delta(close, 1), 20)), 200)
[execution_aware] iter  9/50 [ERR] reward=    -inf  decay_linear(cs_rank(-1 * stddev(delta(close, 1), 20)), 400)
[execution_aware] iter 10/50 [OK ] reward=  0.2758  decay_linear(cs_rank(-1 * stddev(delta(close, 1), 20)), 200)
[execution_aware] iter 11/50 [ERR] reward=    -inf  decay_linear(ts_rank(-1 * stddev(delta(close, 1), 20), 252), 400)
[execution_aware] iter 12/50 [OK ] reward=  0.2758  decay_linear(rank(-1 * stddev(delta(close, 1), 20)), 200)
[execution_aware] iter 13/50 [ERR] reward=    -inf  decay_linear(rank(-1 * stddev(delta(close, 1), 20)), 500)
[execution_aware] iter 14/50 [OK ] reward=  0.1353  decay_linear(rank(-1 * stddev(delta(close, 1), 20)), 100)
[execution_aware] iter 15/50 [ERR] reward=    -inf  decay_linear(rank(-1 * stddev(delta(close, 1), 20)), 300)
[execution_aware] iter 16/50 [OK ] reward=  0.2758  decay_linear(rank(-1 * stddev(delta(close, 1), 20)), 200)
[execution_aware] iter 17/50 [ERR] reward=    -inf  decay_linear(rank(-1 * stddev(delta(close, 1), 20)), 400)
[execution_aware] iter 18/50 [OK ] reward=  0.2758  decay_linear(rank(-1 * stddev(delta(close, 1), 20)), 200)
[execution_aware] iter 19/50 [ERR] reward=    -inf  decay_linear(rank(-1 * stddev(delta(close, 1), 20)), 400)
[execution_aware] iter 20/50 [OK ] reward=  0.3092  decay_linear(cs_rank(-1 * stddev(delta(close, 1), 20)), 252)
[execution_aware] iter 21/50 [ERR] reward=    -inf  decay_linear(cs_rank(-1 * stddev(delta(close, 1), 20)), 500)
[execution_aware] iter 22/50 [OK ] reward=  0.2758  decay_linear(cs_rank(-1 * stddev(delta(close, 1), 20)), 200)
[execution_aware] iter 23/50 [ERR] reward=    -inf  decay_linear(cs_rank(-1 * stddev(delta(close, 1), 20)), 500)
[execution_aware] iter 24/50 [OK ] reward=  0.3092  decay_linear(cs_rank(-1 * stddev(delta(close, 1), 20)), 252)
[execution_aware] iter 25/50 [ERR] reward=    -inf  decay_linear(cs_rank(-1 * stddev(delta(close, 1), 20)), 500)
[execution_aware] iter 26/50 [OK ] reward=  0.4612  decay_linear(cs_rank(-1 * stddev(delta(close, 1), 20)), 252) + decay_linear(cs_rank(-1 * vwap), 252)
[execution_aware] iter 27/50 [ERR] reward=    -inf  decay_linear(cs_rank(-1 * stddev(delta(close, 1), 20)), 500) + decay_linear(cs_rank(-1 * vwap), 500)
[execution_aware] iter 28/50 [OK ] reward=  0.0319  decay_linear(cs_rank(-1 * stddev(delta(close, 1), 20)), 252) + decay_linear(cs_rank(-1 * vwap), 252) + decay_linear(cs_rank(-1 * volume), 252)
[execution_aware] iter 29/50 [ERR] reward=    -inf  decay_linear(cs_rank(-1 * stddev(delta(close, 1), 20)), 500) + decay_linear(cs_rank(-1 * vwap), 252)
[execution_aware] iter 30/50 [OK ] reward=  0.4539  decay_linear(cs_rank(-1 * stddev(delta(close, 1), 20)), 252) + decay_linear(cs_rank(-1 * vwap), 126)
[execution_aware] iter 31/50 [ERR] reward=    -inf  decay_linear(cs_rank(-1 * stddev(delta(close, 1), 20)), 504) + decay_linear(cs_rank(-1 * vwap), 252)
[execution_aware] iter 32/50 [OK ] reward=  0.4539  decay_linear(cs_rank(-1 * stddev(delta(close, 1), 20)), 252) + decay_linear(cs_rank(-1 * vwap), 126)
[execution_aware] iter 33/50 [OK ] reward=  0.3092  decay_linear(cs_rank(-1 * stddev(delta(close, 1), 20)), 252)
[execution_aware] iter 34/50 [ERR] reward=    -inf  decay_linear(cs_rank(-1 * stddev(delta(close, 1), 20)), 500) + decay_linear(cs_rank(-1 * vwap), 500)
[execution_aware] iter 35/50 [OK ] reward=  0.4543  decay_linear(cs_rank(-1 * stddev(delta(close, 1), 20)), 252) + decay_linear(cs_rank(-1 * vwap), 120)
[execution_aware] iter 36/50 [ERR] reward=    -inf  decay_linear(cs_rank(-1 * stddev(delta(close, 1), 20)), 500) + decay_linear(cs_rank(-1 * vwap), 500)
[execution_aware] iter 37/50 [OK ] reward=  0.4553  decay_linear(cs_rank(-1 * stddev(delta(close, 1), 20)), 252) + decay_linear(cs_rank(-1 * vwap), 180)
[execution_aware] iter 38/50 [ERR] reward=    -inf  decay_linear(cs_rank(-1 * stddev(delta(close, 1), 20)), 500) + decay_linear(cs_rank(-1 * vwap), 252)
[execution_aware] iter 39/50 [OK ] reward=  0.4612  decay_linear(cs_rank(-1 * stddev(delta(close, 1), 20)), 252) + decay_linear(cs_rank(-1 * vwap), 252)
[execution_aware] iter 40/50 [ERR] reward=    -inf  decay_linear(cs_rank(-1 * stddev(delta(close, 1), 20)), 500) + cs_rank(-1 * vwap)
[execution_aware] iter 41/50 [OK ] reward=-24.2569  decay_linear(cs_rank(-1 * stddev(delta(close, 1), 20)), 252) + cs_rank(-1 * ts_rank(vwap, 20))
[execution_aware] iter 42/50 [OK ] reward=  0.4612  decay_linear(cs_rank(-1 * stddev(delta(close, 1), 20)), 252) + decay_linear(cs_rank(-1 * vwap), 252)
[execution_aware] iter 43/50 [ERR] reward=    -inf  decay_linear(cs_rank(-1 * stddev(delta(close, 1), 20)), 500) + decay_linear(cs_rank(-1 * vwap), 500)
[execution_aware] iter 44/50 [OK ] reward=  0.1390  decay_linear(cs_rank(-1 * stddev(delta(close, 1), 20)), 252) + decay_linear(cs_rank(-1 * vwap), 252) + decay_linear(cs_rank(-1 * (high - low)), 252)
[execution_aware] iter 45/50 [OK ] reward=  0.4612  decay_linear(cs_rank(-1 * stddev(delta(close, 1), 20)), 252) + decay_linear(cs_rank(-1 * vwap), 252)
[execution_aware] iter 46/50 [ERR] reward=    -inf  decay_linear(cs_rank(-1 * stddev(delta(close, 1), 20)), 500) + decay_linear(cs_rank(-1 * vwap), 500)
[execution_aware] iter 47/50 [OK ] reward=  0.0572  decay_linear(cs_rank(-1 * stddev(delta(close, 1), 20)), 252) + decay_linear(cs_rank(-1 * vwap), 252) + decay_linear(cs_rank(-1 * zscore(volume, 60)), 252)
[execution_aware] iter 48/50 [OK ] reward=  0.4612  decay_linear(cs_rank(-1 * stddev(delta(close, 1), 20)), 252) + decay_linear(cs_rank(-1 * vwap), 252)
[execution_aware] iter 49/50 [ERR] reward=    -inf  decay_linear(cs_rank(-1 * stddev(delta(close, 1), 20)), 500) + decay_linear(cs_rank(-1 * vwap), 500)
[execution_aware] iter 50/50 [OK ] reward=  0.4612  decay_linear(cs_rank(-1 * stddev(delta(close, 1), 20)), 252) + decay_linear(cs_rank(-1 * vwap), 252)
[wfo:execution_aware] fold 11 winner: decay_linear(cs_rank(-1 * stddev(delta(close, 1), 20)), 252) + decay_linear(cs_rank(-1 * vwap), 252)
[wfo:execution_aware] fold 11 OOS: Gross_IR=0.396 Turnover=2.63 Net_IR=0.169
[wfo:execution_aware] fold 12: train 2013-01-01..2017-12-31 -> test 2018-01-01..2018-12-31
[execution_aware] iter  0/50 [SEED] reward= -3.6664  rank(-1 * stddev(delta(close, 1), 20))
[execution_aware] iter  1/50 [OK ] reward=  0.1259  decay_linear(rank(-1 * stddev(delta(close, 1), 20)), 252)
[execution_aware] iter  2/50 [ERR] reward=    -inf  decay_linear(rank(-1 * stddev(delta(close, 1), 20)), 504)
[execution_aware] iter  3/50 [OK ] reward=  0.1259  decay_linear(cs_rank(-1 * stddev(delta(close, 1), 20)), 252)
[execution_aware] iter  4/50 [ERR] reward=    -inf  decay_linear(cs_rank(-1 * stddev(delta(close, 1), 30)), 500)
[execution_aware] iter  5/50 [OK ] reward=  0.1259  decay_linear(cs_rank(-1 * stddev(delta(close, 1), 20)), 252)
[execution_aware] iter  6/50 [ERR] reward=    -inf  decay_linear(cs_rank(-1 * stddev(delta(close, 1), 20)), 500)
[execution_aware] iter  7/50 [OK ] reward=  0.1259  decay_linear(cs_rank(-1 * stddev(delta(close, 1), 20)), 252)
[execution_aware] iter  8/50 [ERR] reward=    -inf  decay_linear(cs_rank(-1 * stddev(delta(close, 1), 20)), 500)
[execution_aware] iter  9/50 [OK ] reward=  0.1259  decay_linear(cs_rank(-1 * stddev(delta(close, 1), 20)), 252)
[execution_aware] iter 10/50 [ERR] reward=    -inf  decay_linear(cs_rank(-1 * stddev(delta(close, 1), 20)), 504)
[execution_aware] iter 11/50 [OK ] reward=  0.1259  decay_linear(cs_rank(-1 * stddev(delta(close, 1), 20)), 252)
[execution_aware] iter 12/50 [ERR] reward=    -inf  decay_linear(ts_rank(-1 * stddev(delta(close, 1), 20), 252), 500)
[execution_aware] iter 13/50 [OK ] reward=  0.1259  decay_linear(cs_rank(-1 * stddev(delta(close, 1), 20)), 252)
[execution_aware] iter 14/50 [ERR] reward=    -inf  decay_linear(cs_rank(-1 * stddev(delta(close, 1), 40)), 500)
[execution_aware] iter 15/50 [OK ] reward=  0.1259  decay_linear(cs_rank(-1 * stddev(delta(close, 1), 20)), 252)
[execution_aware] iter 16/50 [ERR] reward=    -inf  decay_linear(cs_rank(-1 * stddev(delta(close, 1), 20)), 500)
[execution_aware] iter 17/50 [OK ] reward=  0.1259  decay_linear(cs_rank(-1 * stddev(delta(close, 1), 20)), 252)
[execution_aware] iter 18/50 [ERR] reward=    -inf  decay_linear(cs_rank(-1 * stddev(delta(close, 1), 20)), 504)
[execution_aware] iter 19/50 [OK ] reward=  0.1259  decay_linear(cs_rank(-1 * stddev(delta(close, 1), 20)), 252)
[execution_aware] iter 20/50 [ERR] reward=    -inf  decay_linear(cs_rank(-1 * stddev(delta(close, 1), 20)), 504)
[execution_aware] iter 21/50 [OK ] reward=  0.1259  decay_linear(cs_rank(-1 * stddev(delta(close, 1), 20)), 252)
[execution_aware] iter 22/50 [ERR] reward=    -inf  decay_linear(cs_rank(-1 * stddev(delta(close, 1), 20)), 500)
[execution_aware] iter 23/50 [OK ] reward=  0.1259  decay_linear(cs_rank(-1 * stddev(delta(close, 1), 20)), 252)
[execution_aware] iter 24/50 [ERR] reward=    -inf  decay_linear(cs_rank(-1 * stddev(delta(close, 1), 20)), 500)
[execution_aware] iter 25/50 [OK ] reward=  0.1259  decay_linear(cs_rank(-1 * stddev(delta(close, 1), 20)), 252)
[execution_aware] iter 26/50 [ERR] reward=    -inf  decay_linear(cs_rank(-1 * stddev(delta(close, 1), 20)), 500)
[execution_aware] iter 27/50 [OK ] reward=  0.1259  decay_linear(cs_rank(-1 * stddev(delta(close, 1), 20)), 252)
[execution_aware] iter 28/50 [ERR] reward=    -inf  decay_linear(cs_rank(-1 * stddev(delta(close, 1), 20)), 500)
[execution_aware] iter 29/50 [OK ] reward=  0.1259  decay_linear(cs_rank(-1 * stddev(delta(close, 1), 20)), 252)
[execution_aware] iter 30/50 [ERR] reward=    -inf  decay_linear(cs_rank(-1 * stddev(delta(close, 1), 20)), 500)
[execution_aware] iter 31/50 [OK ] reward=  0.1259  decay_linear(cs_rank(-1 * stddev(delta(close, 1), 20)), 252)
[execution_aware] iter 32/50 [ERR] reward=    -inf  decay_linear(cs_rank(-1 * stddev(delta(close, 1), 20)), 504)
[execution_aware] iter 33/50 [OK ] reward=  0.1259  decay_linear(cs_rank(-1 * stddev(delta(close, 1), 20)), 252)
[execution_aware] iter 34/50 [ERR] reward=    -inf  decay_linear(cs_rank(-1 * stddev(delta(close, 1), 40)), 504)
[execution_aware] iter 35/50 [OK ] reward=  0.1259  decay_linear(cs_rank(-1 * stddev(delta(close, 1), 20)), 252)
[execution_aware] iter 36/50 [ERR] reward=    -inf  decay_linear(cs_rank(-1 * stddev(delta(close, 1), 20)), 504)
[execution_aware] iter 37/50 [OK ] reward=  0.1259  decay_linear(cs_rank(-1 * stddev(delta(close, 1), 20)), 252)
[execution_aware] iter 38/50 [ERR] reward=    -inf  decay_linear(cs_rank(-1 * stddev(delta(close, 1), 20)), 500)
[execution_aware] iter 39/50 [OK ] reward=  0.1259  decay_linear(cs_rank(-1 * stddev(delta(close, 1), 20)), 252)
[execution_aware] iter 40/50 [ERR] reward=    -inf  decay_linear(cs_rank(-1 * stddev(delta(close, 1), 20)), 500)
[execution_aware] iter 41/50 [OK ] reward=  0.1259  decay_linear(cs_rank(-1 * stddev(delta(close, 1), 20)), 252)
[execution_aware] iter 42/50 [ERR] reward=    -inf  decay_linear(cs_rank(-1 * stddev(delta(close, 1), 20)), 500)
[execution_aware] iter 43/50 [OK ] reward=  0.1259  decay_linear(cs_rank(-1 * stddev(delta(close, 1), 20)), 252)
[execution_aware] iter 44/50 [ERR] reward=    -inf  decay_linear(rank(-1 * stddev(delta(close, 1), 20)), 504)
[execution_aware] iter 45/50 [OK ] reward=  0.1259  decay_linear(cs_rank(-1 * stddev(delta(close, 1), 20)), 252)
[execution_aware] iter 46/50 [ERR] reward=    -inf  decay_linear(cs_rank(-1 * stddev(delta(close, 1), 20)), 500)
[execution_aware] iter 47/50 [OK ] reward=  0.1259  decay_linear(cs_rank(-1 * stddev(delta(close, 1), 20)), 252)
[execution_aware] iter 48/50 [ERR] reward=    -inf  decay_linear(cs_rank(-1 * stddev(delta(close, 1), 20)), 500)
[execution_aware] iter 49/50 [OK ] reward=  0.1259  decay_linear(cs_rank(-1 * stddev(delta(close, 1), 20)), 252)
[execution_aware] iter 50/50 [ERR] reward=    -inf  decay_linear(cs_rank(-1 * stddev(delta(close, 1), 20)), 500)
[wfo:execution_aware] fold 12 winner: decay_linear(rank(-1 * stddev(delta(close, 1), 20)), 252)
[wfo:execution_aware] fold 12 OOS: Gross_IR=0.685 Turnover=3.09 Net_IR=0.480
[wfo:execution_aware] fold 13: train 2014-01-01..2018-12-31 -> test 2019-01-01..2019-12-31
[execution_aware] iter  0/50 [SEED] reward= -3.9189  rank(-1 * stddev(delta(close, 1), 20))
[execution_aware] iter  1/50 [OK ] reward= -0.5827  decay_linear(rank(-1 * stddev(delta(close, 1), 20)), 60)
[execution_aware] iter  2/50 [OK ] reward= -0.3375  decay_linear(cs_rank(-1 * stddev(delta(close, 1), 20)), 120)
[execution_aware] iter  3/50 [OK ] reward= -0.2191  decay_linear(cs_rank(-1 * stddev(delta(close, 1), 20)), 240)
[execution_aware] iter  4/50 [ERR] reward=    -inf  decay_linear(cs_rank(-1 * stddev(delta(close, 1), 20)), 360)
[execution_aware] iter  5/50 [OK ] reward= -0.2497  decay_linear(cs_rank(-1 * stddev(delta(close, 1), 20)), 180)
[execution_aware] iter  6/50 [ERR] reward=    -inf  decay_linear(cs_rank(-1 * stddev(delta(close, 1), 20)), 360)
[execution_aware] iter  7/50 [OK ] reward= -0.2191  decay_linear(cs_rank(-1 * stddev(delta(close, 1), 20)), 240)
[execution_aware] iter  8/50 [ERR] reward=    -inf  decay_linear(cs_rank(-1 * stddev(delta(close, 1), 20)), 360)
[execution_aware] iter  9/50 [OK ] reward= -0.2191  decay_linear(cs_rank(-1 * stddev(delta(close, 1), 20)), 240)
[execution_aware] iter 10/50 [ERR] reward=    -inf  decay_linear(cs_rank(-1 * stddev(delta(close, 1), 20)), 360)
[execution_aware] iter 11/50 [OK ] reward= -0.2191  decay_linear(cs_rank(-1 * stddev(delta(close, 1), 20)), 240)
[execution_aware] iter 12/50 [ERR] reward=    -inf  decay_linear(cs_rank(-1 * stddev(delta(close, 1), 20)), 500)
[execution_aware] iter 13/50 [OK ] reward= -0.2390  decay_linear(cs_rank(-1 * stddev(delta(close, 1), 20)), 200)
[execution_aware] iter 14/50 [ERR] reward=    -inf  decay_linear(cs_rank(-1 * stddev(delta(close, 1), 20)), 300)
[execution_aware] iter 15/50 [OK ] reward= -0.2191  decay_linear(cs_rank(-1 * stddev(delta(close, 1), 20)), 240)
[execution_aware] iter 16/50 [ERR] reward=    -inf  decay_linear(cs_rank(-1 * stddev(delta(close, 1), 20)), 500)
[execution_aware] iter 17/50 [OK ] reward= -0.2390  decay_linear(cs_rank(-1 * stddev(delta(close, 1), 20)), 200)
[execution_aware] iter 18/50 [ERR] reward=    -inf  decay_linear(cs_rank(-1 * stddev(delta(close, 1), 20)), 300)
[execution_aware] iter 19/50 [OK ] reward= -0.2390  decay_linear(cs_rank(-1 * stddev(delta(close, 1), 20)), 200)
[execution_aware] iter 20/50 [ERR] reward=    -inf  decay_linear(cs_rank(-1 * stddev(delta(close, 1), 20)), 300)
[execution_aware] iter 21/50 [OK ] reward= -0.2191  decay_linear(cs_rank(-1 * stddev(delta(close, 1), 20)), 240)
[execution_aware] iter 22/50 [ERR] reward=    -inf  decay_linear(cs_rank(-1 * stddev(delta(close, 1), 20)), 360)
[execution_aware] iter 23/50 [OK ] reward= -0.2191  decay_linear(cs_rank(-1 * stddev(delta(close, 1), 20)), 240)
[execution_aware] iter 24/50 [ERR] reward=    -inf  decay_linear(cs_rank(-1 * stddev(delta(close, 1), 20)), 480)
[execution_aware] iter 25/50 [OK ] reward= -0.3375  decay_linear(cs_rank(-1 * stddev(delta(close, 1), 20)), 120)
[execution_aware] iter 26/50 [ERR] reward=    -inf  decay_linear(cs_rank(-1 * stddev(delta(close, 1), 20)), 360)
[execution_aware] iter 27/50 [OK ] reward= -0.2191  decay_linear(cs_rank(-1 * stddev(delta(close, 1), 20)), 240)
[execution_aware] iter 28/50 [ERR] reward=    -inf  decay_linear(cs_rank(-1 * stddev(delta(close, 1), 20)), 500)
[execution_aware] iter 29/50 [OK ] reward= -0.2191  decay_linear(cs_rank(-1 * stddev(delta(close, 1), 20)), 240)
[execution_aware] iter 30/50 [ERR] reward=    -inf  decay_linear(cs_rank(-1 * stddev(delta(close, 1), 20)), 360)
[execution_aware] iter 31/50 [OK ] reward= -0.1246  decay_linear(cs_rank(-1 * stddev(delta(close, 1), 20)), 240) + decay_linear(cs_rank(volume), 240)
[execution_aware] iter 32/50 [ERR] reward=    -inf  decay_linear(cs_rank(-1 * stddev(delta(close, 1), 20)), 480) + decay_linear(cs_rank(volume), 480)
[execution_aware] iter 33/50 [OK ] reward= -0.1308  decay_linear(cs_rank(-1 * stddev(delta(close, 1), 20)), 240) + decay_linear(cs_rank(volume), 180)
[execution_aware] iter 34/50 [OK ] reward= -0.1246  decay_linear(cs_rank(-1 * stddev(delta(close, 1), 20)), 240) + decay_linear(cs_rank(volume), 240)
[execution_aware] iter 35/50 [ERR] reward=    -inf  decay_linear(cs_rank(-1 * stddev(delta(close, 1), 20)), 360) + cs_rank(volume)
[execution_aware] iter 36/50 [OK ] reward= -0.1529  decay_linear(cs_rank(-1 * stddev(delta(close, 1), 20)), 240) + decay_linear(cs_rank(volume), 120)
[execution_aware] iter 37/50 [OK ] reward= -0.1246  decay_linear(cs_rank(-1 * stddev(delta(close, 1), 20)), 240) + decay_linear(cs_rank(volume), 240)
[execution_aware] iter 38/50 [ERR] reward=    -inf  decay_linear(cs_rank(-1 * stddev(delta(close, 1), 20)), 360) + decay_linear(cs_rank(volume), 360)
[execution_aware] iter 39/50 [OK ] reward= -0.1308  decay_linear(cs_rank(-1 * stddev(delta(close, 1), 20)), 240) + decay_linear(cs_rank(volume), 180)
[execution_aware] iter 40/50 [ERR] reward=    -inf  decay_linear(cs_rank(-1 * stddev(delta(close, 1), 20)), 300) + decay_linear(cs_rank(volume), 300)
[execution_aware] iter 41/50 [OK ] reward= -0.1308  decay_linear(cs_rank(-1 * stddev(delta(close, 1), 20)), 240) + decay_linear(cs_rank(volume), 180)
[execution_aware] iter 42/50 [ERR] reward=    -inf  decay_linear(cs_rank(-1 * stddev(delta(close, 1), 20)), 360) + decay_linear(cs_rank(volume), 360)
[execution_aware] iter 43/50 [OK ] reward= -0.1342  decay_linear(cs_rank(-1 * stddev(delta(close, 1), 20)), 180) + decay_linear(cs_rank(volume), 180)
[execution_aware] iter 44/50 [OK ] reward= -0.2246  decay_linear(cs_rank(-1 * stddev(delta(close, 1), 20)), 240) + decay_linear(cs_rank(volume / (volume + 1e-5)), 240)
[execution_aware] iter 45/50 [ERR] reward=    -inf  decay_linear(cs_rank(-1 * stddev(delta(close, 1), 20)), 360) + decay_linear(cs_rank(volume), 360)
[execution_aware] iter 46/50 [ERR] reward=    -inf  decay_linear(cs_rank(-1 * stddev(delta(close, 1), 20)), 240) + decay_linear(cs_rank(volume), 240) + decay_linear(cs_rank((high - low) / (high + low)), 240)
[execution_aware] iter 47/50 [OK ] reward= -0.7417  decay_linear(cs_rank(-1 * stddev(delta(close, 1), 20)), 240) + decay_linear(cs_rank(volume), 240) + decay_linear(cs_rank((high - low) / (high + low + 1e-5)), 240)
[execution_aware] iter 48/50 [OK ] reward= -0.1246  decay_linear(cs_rank(-1 * stddev(delta(close, 1), 20)), 240) + decay_linear(cs_rank(volume), 240)
[execution_aware] iter 49/50 [ERR] reward=    -inf  decay_linear(cs_rank(-1 * stddev(delta(close, 1), 20)), 360) + decay_linear(cs_rank(volume), 360)
[execution_aware] iter 50/50 [OK ] reward= -0.1342  decay_linear(cs_rank(-1 * stddev(delta(close, 1), 20)), 180) + decay_linear(cs_rank(volume), 180)
[wfo:execution_aware] fold 13 winner: decay_linear(cs_rank(-1 * stddev(delta(close, 1), 20)), 240) + decay_linear(cs_rank(volume), 240)
[wfo:execution_aware] fold 13 OOS: Gross_IR=0.975 Turnover=2.86 Net_IR=0.784
[wfo:execution_aware] fold 14: train 2015-01-01..2019-12-31 -> test 2020-01-01..2020-12-31
[execution_aware] iter  0/50 [SEED] reward= -3.7849  rank(-1 * stddev(delta(close, 1), 20))
[execution_aware] iter  1/50 [OK ] reward= -0.2167  decay_linear(cs_rank(-1 * stddev(delta(close, 1), 20)), 120)
[execution_aware] iter  2/50 [OK ] reward= -0.1142  decay_linear(cs_rank(-1 * stddev(delta(close, 1), 20)), 240)
[execution_aware] iter  3/50 [ERR] reward=    -inf  decay_linear(cs_rank(-1 * stddev(delta(close, 1), 20)), 500)
[execution_aware] iter  4/50 [OK ] reward= -0.1142  decay_linear(cs_rank(-1 * stddev(delta(close, 1), 20)), 240)
[execution_aware] iter  5/50 [ERR] reward=    -inf  decay_linear(cs_rank(-1 * stddev(delta(close, 1), 20)), 480)
[execution_aware] iter  6/50 [OK ] reward= -0.2167  decay_linear(cs_rank(-1 * stddev(delta(close, 1), 20)), 120)
[execution_aware] iter  7/50 [ERR] reward=    -inf  decay_linear(cs_rank(-1 * stddev(delta(close, 1), 20)), 360)
[execution_aware] iter  8/50 [OK ] reward= -0.1449  decay_linear(cs_rank(-1 * stddev(delta(close, 1), 20)), 180)
[execution_aware] iter  9/50 [ERR] reward=    -inf  decay_linear(cs_rank(-1 * stddev(delta(close, 1), 20)), 360)
[execution_aware] iter 10/50 [OK ] reward= -9.3036  decay_linear(cs_rank(-1 * stddev(delta(close, 1), 20)), 240) + cs_rank(volume / (volume + 1e-5))
[execution_aware] iter 11/50 [ERR] reward=    -inf  decay_linear(cs_rank(-1 * stddev(delta(close, 1), 20)), 500)
[execution_aware] iter 12/50 [OK ] reward= -0.1142  decay_linear(cs_rank(-1 * stddev(delta(close, 1), 20)), 240)
[execution_aware] iter 13/50 [ERR] reward=    -inf  decay_linear(cs_rank(-1 * stddev(delta(close, 1), 20)), 500)
[execution_aware] iter 14/50 [OK ] reward= -0.2167  decay_linear(cs_rank(-1 * stddev(delta(close, 1), 20)), 120)
[execution_aware] iter 15/50 [ERR] reward=    -inf  decay_linear(cs_rank(-1 * stddev(delta(close, 1), 20)), 480)
[execution_aware] iter 16/50 [OK ] reward= -0.1142  decay_linear(cs_rank(-1 * stddev(delta(close, 1), 20)), 240)
[execution_aware] iter 17/50 [ERR] reward=    -inf  decay_linear(cs_rank(-1 * stddev(delta(close, 1), 20)), 500)
[execution_aware] iter 18/50 [OK ] reward= -0.1349  decay_linear(cs_rank(-1 * stddev(delta(close, 1), 20)), 200)
[execution_aware] iter 19/50 [ERR] reward=    -inf  decay_linear(cs_rank(-1 * stddev(delta(close, 1), 20)), 300)
[execution_aware] iter 20/50 [OK ] reward= -0.1142  decay_linear(cs_rank(-1 * stddev(delta(close, 1), 20)), 240)
[execution_aware] iter 21/50 [ERR] reward=    -inf  decay_linear(cs_rank(-1 * stddev(delta(close, 1), 20)), 360)
[execution_aware] iter 22/50 [OK ] reward= -0.1142  decay_linear(cs_rank(-1 * stddev(delta(close, 1), 20)), 240)
[execution_aware] iter 23/50 [ERR] reward=    -inf  decay_linear(cs_rank(-1 * stddev(delta(close, 1), 20)), 360)
[execution_aware] iter 24/50 [OK ] reward= -0.1142  decay_linear(cs_rank(-1 * stddev(delta(close, 1), 20)), 240)
[execution_aware] iter 25/50 [ERR] reward=    -inf  decay_linear(cs_rank(-1 * stddev(delta(close, 1), 20)), 360)
[execution_aware] iter 26/50 [OK ] reward= -7.6667  decay_linear(cs_rank(-1 * stddev(delta(close, 1), 20)), 240) * cs_rank(volume)
[execution_aware] iter 27/50 [ERR] reward=    -inf  decay_linear(cs_rank(-1 * stddev(delta(close, 1), 20)), 500)
[execution_aware] iter 28/50 [OK ] reward= -0.1349  decay_linear(cs_rank(-1 * stddev(delta(close, 1), 20)), 200)
[execution_aware] iter 29/50 [ERR] reward=    -inf  decay_linear(cs_rank(-1 * stddev(delta(close, 1), 20)), 300)
[execution_aware] iter 30/50 [OK ] reward= -0.1142  decay_linear(cs_rank(-1 * stddev(delta(close, 1), 20)), 240)
[execution_aware] iter 31/50 [ERR] reward=    -inf  decay_linear(cs_rank(-1 * stddev(delta(close, 1), 20)), 360)
[execution_aware] iter 32/50 [OK ] reward= -0.1142  decay_linear(cs_rank(-1 * stddev(delta(close, 1), 20)), 240)
[execution_aware] iter 33/50 [ERR] reward=    -inf  decay_linear(cs_rank(-1 * stddev(delta(close, 1), 20)), 365)
[execution_aware] iter 34/50 [OK ] reward= -0.1142  decay_linear(cs_rank(-1 * stddev(delta(close, 1), 20)), 240)
[execution_aware] iter 35/50 [ERR] reward=    -inf  decay_linear(cs_rank(-1 * stddev(delta(close, 1), 20)), 480)
[execution_aware] iter 36/50 [OK ] reward= -0.1142  decay_linear(cs_rank(-1 * stddev(delta(close, 1), 20)), 240)
[execution_aware] iter 37/50 [ERR] reward=    -inf  decay_linear(cs_rank(-1 * stddev(delta(close, 1), 20)), 360)
[execution_aware] iter 38/50 [OK ] reward= -0.1142  decay_linear(cs_rank(-1 * stddev(delta(close, 1), 20)), 240)
[execution_aware] iter 39/50 [ERR] reward=    -inf  decay_linear(cs_rank(-1 * stddev(delta(close, 1), 20)), 360)
[execution_aware] iter 40/50 [OK ] reward= -0.1142  decay_linear(cs_rank(-1 * stddev(delta(close, 1), 20)), 240)
[execution_aware] iter 41/50 [ERR] reward=    -inf  decay_linear(cs_rank(-1 * stddev(delta(close, 1), 20)), 360)
[execution_aware] iter 42/50 [OK ] reward= -0.1142  decay_linear(cs_rank(-1 * stddev(delta(close, 1), 20)), 240)
[execution_aware] iter 43/50 [ERR] reward=    -inf  decay_linear(cs_rank(-1 * stddev(delta(close, 1), 20)), 500)
[execution_aware] iter 44/50 [OK ] reward= -0.1142  decay_linear(cs_rank(-1 * stddev(delta(close, 1), 20)), 240)
[execution_aware] iter 45/50 [ERR] reward=    -inf  decay_linear(cs_rank(-1 * stddev(delta(close, 1), 20)), 360)
[execution_aware] iter 46/50 [OK ] reward= -0.1449  decay_linear(cs_rank(-1 * stddev(delta(close, 1), 20)), 180)
[execution_aware] iter 47/50 [ERR] reward=    -inf  decay_linear(cs_rank(-1 * stddev(delta(close, 1), 20)), 360)
[execution_aware] iter 48/50 [OK ] reward= -0.1142  decay_linear(cs_rank(-1 * stddev(delta(close, 1), 20)), 240)
[execution_aware] iter 49/50 [ERR] reward=    -inf  decay_linear(cs_rank(-1 * stddev(delta(close, 1), 30)), 360)
[execution_aware] iter 50/50 [OK ] reward= -0.1142  decay_linear(cs_rank(-1 * stddev(delta(close, 1), 20)), 240)
[wfo:execution_aware] fold 14 winner: decay_linear(cs_rank(-1 * stddev(delta(close, 1), 20)), 240)
[wfo:execution_aware] fold 14 OOS: Gross_IR=-0.287 Turnover=4.12 Net_IR=-0.443
[wfo:execution_aware] fold 15: train 2016-01-01..2020-12-31 -> test 2021-01-01..2021-12-31
[execution_aware] iter  0/50 [SEED] reward= -3.9038  rank(-1 * stddev(delta(close, 1), 20))
[execution_aware] iter  1/50 [OK ] reward= -0.5274  decay_linear(rank(-1 * stddev(delta(close, 1), 20)), 120)
[execution_aware] iter  2/50 [OK ] reward= -2.1258  decay_linear(ts_rank(-1 * stddev(delta(close, 1), 20), 100), 200)
[execution_aware] iter  3/50 [OK ] reward= -0.4796  decay_linear(rank(-1 * stddev(delta(close, 1), 20)), 240)
[execution_aware] iter  4/50 [ERR] reward=    -inf  decay_linear(rank(-1 * stddev(delta(close, 1), 20)), 500)
[execution_aware] iter  5/50 [OK ] reward= -0.4796  decay_linear(cs_rank(-1 * stddev(delta(close, 1), 20)), 240)
[execution_aware] iter  6/50 [ERR] reward=    -inf  decay_linear(cs_rank(-1 * stddev(delta(close, 1), 20)), 360)
[execution_aware] iter  7/50 [OK ] reward= -0.5274  decay_linear(cs_rank(-1 * stddev(delta(close, 1), 20)), 120)
[execution_aware] iter  8/50 [OK ] reward= -1.8855  decay_linear(ts_rank(-1 * stddev(delta(close, 1), 20), 120), 240)
[execution_aware] iter  9/50 [ERR] reward=    -inf  decay_linear(ts_rank(-1 * stddev(delta(close, 1), 20), 240), 480)
[execution_aware] iter 10/50 [OK ] reward= -0.4796  decay_linear(cs_rank(-1 * stddev(delta(close, 1), 20)), 240)
[execution_aware] iter 11/50 [ERR] reward=    -inf  decay_linear(cs_rank(-1 * stddev(delta(close, 1), 20)), 500)
[execution_aware] iter 12/50 [OK ] reward= -4.2938  decay_linear(ts_rank(-1 * stddev(delta(close, 1), 20), 20), 240)
[execution_aware] iter 13/50 [ERR] reward=    -inf  decay_linear(cs_rank(-1 * stddev(delta(close, 1), 20)), 360)
[execution_aware] iter 14/50 [OK ] reward= -0.4796  decay_linear(cs_rank(-1 * stddev(delta(close, 1), 20)), 240)
[execution_aware] iter 15/50 [ERR] reward=    -inf  decay_linear(cs_rank(-1 * stddev(delta(close, 1), 20)), 360)
[execution_aware] iter 16/50 [OK ] reward= -0.4796  decay_linear(cs_rank(-1 * stddev(delta(close, 1), 20)), 240)
[execution_aware] iter 17/50 [ERR] reward=    -inf  decay_linear(cs_rank(-1 * stddev(delta(close, 1), 20)), 365)
[execution_aware] iter 18/50 [OK ] reward= -0.4796  decay_linear(cs_rank(-1 * stddev(delta(close, 1), 20)), 240)
[execution_aware] iter 19/50 [ERR] reward=    -inf  decay_linear(cs_rank(-1 * stddev(delta(close, 1), 20)), 500)
[execution_aware] iter 20/50 [OK ] reward= -0.4796  decay_linear(cs_rank(-1 * stddev(delta(close, 1), 20)), 240)
[execution_aware] iter 21/50 [ERR] reward=    -inf  decay_linear(cs_rank(-1 * stddev(delta(close, 1), 20)), 480)
[execution_aware] iter 22/50 [OK ] reward= -0.4796  decay_linear(cs_rank(-1 * stddev(delta(close, 1), 20)), 240)
[execution_aware] iter 23/50 [ERR] reward=    -inf  decay_linear(cs_rank(-1 * stddev(delta(close, 1), 20)), 500)
[execution_aware] iter 24/50 [OK ] reward= -0.4796  decay_linear(cs_rank(-1 * stddev(delta(close, 1), 20)), 240)
[execution_aware] iter 25/50 [ERR] reward=    -inf  decay_linear(cs_rank(-1 * stddev(delta(close, 1), 30)), 360)
[execution_aware] iter 26/50 [OK ] reward= -0.4796  decay_linear(cs_rank(-1 * stddev(delta(close, 1), 20)), 240)
[execution_aware] iter 27/50 [ERR] reward=    -inf  decay_linear(cs_rank(-1 * stddev(delta(close, 1), 20)), 360)
[execution_aware] iter 28/50 [OK ] reward= -0.4796  decay_linear(cs_rank(-1 * stddev(delta(close, 1), 20)), 240)
[execution_aware] iter 29/50 [ERR] reward=    -inf  decay_linear(cs_rank(-1 * stddev(delta(close, 1), 20)), 480)
[execution_aware] iter 30/50 [OK ] reward= -0.4796  decay_linear(cs_rank(-1 * stddev(delta(close, 1), 20)), 240)
[execution_aware] iter 31/50 [ERR] reward=    -inf  decay_linear(cs_rank(-1 * stddev(delta(close, 1), 20)), 365)
[execution_aware] iter 32/50 [OK ] reward= -0.4796  decay_linear(cs_rank(-1 * stddev(delta(close, 1), 20)), 240)
[execution_aware] iter 33/50 [ERR] reward=    -inf  decay_linear(cs_rank(-1 * stddev(delta(close, 1), 20)), 360)
[execution_aware] iter 34/50 [OK ] reward= -0.4796  decay_linear(cs_rank(-1 * stddev(delta(close, 1), 20)), 240)
[execution_aware] iter 35/50 [ERR] reward=    -inf  decay_linear(cs_rank(-1 * stddev(delta(close, 1), 20)), 365)
[execution_aware] iter 36/50 [OK ] reward= -0.4796  decay_linear(cs_rank(-1 * stddev(delta(close, 1), 20)), 240)
[execution_aware] iter 37/50 [ERR] reward=    -inf  decay_linear(cs_rank(-1 * stddev(delta(close, 1), 20)), 500)
[execution_aware] iter 38/50 [OK ] reward= -0.4796  decay_linear(cs_rank(-1 * stddev(delta(close, 1), 20)), 240)
[execution_aware] iter 39/50 [ERR] reward=    -inf  decay_linear(cs_rank(-1 * stddev(delta(close, 1), 20)), 360)
[execution_aware] iter 40/50 [OK ] reward= -0.4796  decay_linear(cs_rank(-1 * stddev(delta(close, 1), 20)), 240)
[execution_aware] iter 41/50 [ERR] reward=    -inf  decay_linear(cs_rank(-1 * stddev(delta(close, 1), 20)), 480)
[execution_aware] iter 42/50 [OK ] reward= -0.4796  decay_linear(cs_rank(-1 * stddev(delta(close, 1), 20)), 240)
[execution_aware] iter 43/50 [ERR] reward=    -inf  decay_linear(cs_rank(-1 * stddev(delta(close, 1), 20)), 365)
[execution_aware] iter 44/50 [OK ] reward= -0.4796  decay_linear(cs_rank(-1 * stddev(delta(close, 1), 20)), 240)
[execution_aware] iter 45/50 [ERR] reward=    -inf  decay_linear(cs_rank(-1 * stddev(delta(close, 1), 20)), 500)
[execution_aware] iter 46/50 [OK ] reward= -0.4796  decay_linear(cs_rank(-1 * stddev(delta(close, 1), 20)), 240)
[execution_aware] iter 47/50 [ERR] reward=    -inf  decay_linear(cs_rank(-1 * stddev(delta(close, 1), 20)), 500)
[execution_aware] iter 48/50 [OK ] reward= -0.4796  decay_linear(cs_rank(-1 * stddev(delta(close, 1), 20)), 240)
[execution_aware] iter 49/50 [ERR] reward=    -inf  decay_linear(cs_rank(-1 * stddev(delta(close, 1), 20)), 500)
[execution_aware] iter 50/50 [OK ] reward= -1.8632  decay_linear(ts_rank(-1 * stddev(delta(close, 1), 20), 240), 120)
[wfo:execution_aware] fold 15 winner: decay_linear(rank(-1 * stddev(delta(close, 1), 20)), 240)
[wfo:execution_aware] fold 15 OOS: Gross_IR=0.644 Turnover=3.32 Net_IR=0.490
[wfo:execution_aware] fold 16: train 2017-01-01..2021-12-31 -> test 2022-01-01..2022-12-31
[execution_aware] iter  0/50 [SEED] reward= -3.9733  rank(-1 * stddev(delta(close, 1), 20))
[execution_aware] iter  1/50 [OK ] reward= -0.6767  decay_linear(rank(-1 * stddev(delta(close, 1), 20)), 120)
[execution_aware] iter  2/50 [OK ] reward= -0.6575  decay_linear(cs_rank(-1 * stddev(delta(close, 1), 40)), 240)
[execution_aware] iter  3/50 [ERR] reward=    -inf  decay_linear(cs_rank(-1 * stddev(delta(close, 1), 40)), 480)
[execution_aware] iter  4/50 [OK ] reward= -0.6546  decay_linear(cs_rank(-1 * stddev(delta(close, 1), 30)), 240)
[execution_aware] iter  5/50 [ERR] reward=    -inf  decay_linear(cs_rank(-1 * stddev(delta(close, 1), 30)), 360)
[execution_aware] iter  6/50 [OK ] reward= -0.6657  decay_linear(cs_rank(-1 * stddev(delta(close, 1), 30)), 120)
[execution_aware] iter  7/50 [ERR] reward=    -inf  decay_linear(cs_rank(-1 * stddev(delta(close, 1), 60)), 360)
[execution_aware] iter  8/50 [OK ] reward= -0.6813  decay_linear(cs_rank(-1 * stddev(delta(close, 1), 60)), 180)
[execution_aware] iter  9/50 [ERR] reward=    -inf  decay_linear(cs_rank(-1 * stddev(delta(close, 1), 30)), 360)
[execution_aware] iter 10/50 [OK ] reward= -0.6562  decay_linear(cs_rank(-1 * stddev(delta(close, 1), 30)), 180)
[execution_aware] iter 11/50 [ERR] reward=    -inf  decay_linear(cs_rank(-1 * stddev(delta(close, 1), 30)), 360)
[execution_aware] iter 12/50 [OK ] reward= -0.6562  decay_linear(cs_rank(-1 * stddev(delta(close, 1), 30)), 180)
[execution_aware] iter 13/50 [ERR] reward=    -inf  decay_linear(cs_rank(-1 * stddev(delta(close, 1), 30)), 360)
[execution_aware] iter 14/50 [OK ] reward= -0.6400  decay_linear(cs_rank(-1 * stddev(delta(close, 1), 252)), 120)
[execution_aware] iter 15/50 [OK ] reward= -0.6206  decay_linear(cs_rank(-1 * stddev(delta(close, 1), 252)), 240)
[execution_aware] iter 16/50 [ERR] reward=    -inf  decay_linear(cs_rank(-1 * stddev(delta(close, 1), 252)), 500)
[execution_aware] iter 17/50 [OK ] reward= -0.6317  decay_linear(cs_rank(-1 * stddev(delta(close, 1), 220)), 240)
[execution_aware] iter 18/50 [ERR] reward=    -inf  decay_linear(cs_rank(-1 * stddev(delta(close, 1), 252)), 360)
[execution_aware] iter 19/50 [OK ] reward= -0.6207  decay_linear(cs_rank(-1 * stddev(delta(close, 1), 252)), 200)
[execution_aware] iter 20/50 [ERR] reward=    -inf  decay_linear(cs_rank(-1 * stddev(delta(close, 1), 252)), 300)
[execution_aware] iter 21/50 [OK ] reward= -0.6325  decay_linear(cs_rank(-1 * stddev(delta(close, 1), 252)), 150)
[execution_aware] iter 22/50 [ERR] reward=    -inf  decay_linear(cs_rank(-1 * stddev(delta(close, 1), 252)), 300)
[execution_aware] iter 23/50 [OK ] reward= -0.6207  decay_linear(cs_rank(-1 * stddev(delta(close, 1), 252)), 200)
[execution_aware] iter 24/50 [ERR] reward=    -inf  decay_linear(cs_rank(-1 * stddev(delta(close, 1), 252)), 360)
[execution_aware] iter 25/50 [OK ] reward= -0.6206  decay_linear(cs_rank(-1 * stddev(delta(close, 1), 252)), 240)
[execution_aware] iter 26/50 [ERR] reward=    -inf  decay_linear(cs_rank(-1 * stddev(delta(close, 1), 252)), 360)
[execution_aware] iter 27/50 [OK ] reward= -0.6540  decay_linear(cs_rank(-1 * stddev(delta(close, 1), 180)), 240)
[execution_aware] iter 28/50 [ERR] reward=    -inf  decay_linear(cs_rank(-1 * stddev(delta(close, 1), 300)), 300)
[execution_aware] iter 29/50 [OK ] reward= -0.6523  decay_linear(cs_rank(-1 * stddev(delta(close, 1), 200)), 200)
[execution_aware] iter 30/50 [ERR] reward=    -inf  decay_linear(cs_rank(-1 * stddev(delta(close, 1), 252)), 300)
[execution_aware] iter 31/50 [OK ] reward= -0.6540  decay_linear(cs_rank(-1 * stddev(delta(close, 1), 180)), 240)
[execution_aware] iter 32/50 [ERR] reward=    -inf  decay_linear(cs_rank(-1 * stddev(delta(close, 1), 252)), 300)
[execution_aware] iter 33/50 [OK ] reward= -0.6317  decay_linear(cs_rank(-1 * stddev(delta(close, 1), 220)), 240)
[execution_aware] iter 34/50 [ERR] reward=    -inf  decay_linear(cs_rank(-1 * stddev(delta(close, 1), 252)), 500)
[execution_aware] iter 35/50 [OK ] reward= -0.6317  decay_linear(cs_rank(-1 * stddev(delta(close, 1), 220)), 240)
[execution_aware] iter 36/50 [ERR] reward=    -inf  decay_linear(cs_rank(-1 * stddev(delta(close, 1), 252)), 360)
[execution_aware] iter 37/50 [OK ] reward= -0.6820  decay_linear(cs_rank(-1 * stddev(delta(close, 1), 180)), 120)
[execution_aware] iter 38/50 [ERR] reward=    -inf  decay_linear(cs_rank(-1 * stddev(delta(close, 1), 360)), 360)
[execution_aware] iter 39/50 [OK ] reward= -0.6427  decay_linear(cs_rank(-1 * stddev(delta(close, 1), 210)), 210)
[execution_aware] iter 40/50 [ERR] reward=    -inf  decay_linear(cs_rank(-1 * stddev(delta(close, 1), 252)), 300)
[execution_aware] iter 41/50 [OK ] reward= -0.6398  decay_linear(cs_rank(-1 * stddev(delta(close, 1), 200)), 240)
[execution_aware] iter 42/50 [ERR] reward=    -inf  decay_linear(cs_rank(-1 * stddev(delta(close, 1), 252)), 360)
[execution_aware] iter 43/50 [OK ] reward= -0.6398  decay_linear(cs_rank(-1 * stddev(delta(close, 1), 200)), 240)
[execution_aware] iter 44/50 [ERR] reward=    -inf  decay_linear(cs_rank(-1 * stddev(delta(close, 1), 252)), 300)
[execution_aware] iter 45/50 [OK ] reward= -0.6207  decay_linear(cs_rank(-1 * stddev(delta(close, 1), 252)), 200)
[execution_aware] iter 46/50 [ERR] reward=    -inf  decay_linear(cs_rank(-1 * stddev(delta(close, 1), 252)), 300)
[execution_aware] iter 47/50 [OK ] reward= -0.6398  decay_linear(cs_rank(-1 * stddev(delta(close, 1), 200)), 240)
[execution_aware] iter 48/50 [ERR] reward=    -inf  decay_linear(cs_rank(-1 * stddev(delta(close, 1), 252)), 360)
[execution_aware] iter 49/50 [OK ] reward= -0.6207  decay_linear(cs_rank(-1 * stddev(delta(close, 1), 252)), 200)
[execution_aware] iter 50/50 [ERR] reward=    -inf  decay_linear(cs_rank(-1 * stddev(delta(close, 1), 252)), 400)
[wfo:execution_aware] fold 16 winner: decay_linear(cs_rank(-1 * stddev(delta(close, 1), 252)), 240)
[wfo:execution_aware] fold 16 OOS: Gross_IR=1.292 Turnover=3.85 Net_IR=1.153
[wfo:execution_aware] fold 17: train 2018-01-01..2022-12-31 -> test 2023-01-01..2023-12-31
[execution_aware] iter  0/50 [SEED] reward= -3.5869  rank(-1 * stddev(delta(close, 1), 20))
[execution_aware] iter  1/50 [OK ] reward= -0.5062  decay_linear(rank(-1 * stddev(delta(close, 1), 20)), 120)
[execution_aware] iter  2/50 [OK ] reward= -0.4765  decay_linear(rank(-1 * stddev(delta(close, 1), 20)), 240)
[execution_aware] iter  3/50 [ERR] reward=    -inf  decay_linear(rank(-1 * stddev(delta(close, 1), 20)), 360)
[execution_aware] iter  4/50 [OK ] reward= -0.4765  decay_linear(rank(-1 * stddev(delta(close, 1), 20)), 240)
[execution_aware] iter  5/50 [ERR] reward=    -inf  decay_linear(rank(-1 * stddev(delta(close, 1), 20)), 500)
[execution_aware] iter  6/50 [OK ] reward= -0.4765  decay_linear(cs_rank(-1 * stddev(delta(close, 1), 20)), 240)
[execution_aware] iter  7/50 [ERR] reward=    -inf  decay_linear(cs_rank(-1 * stddev(delta(close, 1), 20)), 360)
[execution_aware] iter  8/50 [OK ] reward= -0.4765  decay_linear(cs_rank(-1 * stddev(delta(close, 1), 20)), 240)
[execution_aware] iter  9/50 [ERR] reward=    -inf  decay_linear(cs_rank(-1 * stddev(delta(close, 1), 20)), 480)
[execution_aware] iter 10/50 [OK ] reward= -0.4765  decay_linear(cs_rank(-1 * stddev(delta(close, 1), 20)), 240)
[execution_aware] iter 11/50 [ERR] reward=    -inf  decay_linear(cs_rank(-1 * stddev(delta(close, 1), 20)), 500)
[execution_aware] iter 12/50 [OK ] reward= -0.4765  decay_linear(cs_rank(-1 * stddev(delta(close, 1), 20)), 240)
[execution_aware] iter 13/50 [ERR] reward=    -inf  decay_linear(cs_rank(-1 * stddev(delta(close, 1), 20)), 360)
[execution_aware] iter 14/50 [OK ] reward= -0.4765  decay_linear(cs_rank(-1 * stddev(delta(close, 1), 20)), 240)
[execution_aware] iter 15/50 [ERR] reward=    -inf  decay_linear(cs_rank(-1 * stddev(delta(close, 1), 20)), 500)
[execution_aware] iter 16/50 [OK ] reward= -0.4765  decay_linear(cs_rank(-1 * stddev(delta(close, 1), 20)), 240)
[execution_aware] iter 17/50 [ERR] reward=    -inf  decay_linear(cs_rank(-1 * stddev(delta(close, 1), 20)), 360)
[execution_aware] iter 18/50 [OK ] reward= -0.4765  decay_linear(cs_rank(-1 * stddev(delta(close, 1), 20)), 240)
[execution_aware] iter 19/50 [ERR] reward=    -inf  decay_linear(cs_rank(-1 * stddev(delta(close, 1), 20)), 360)
[execution_aware] iter 20/50 [OK ] reward= -0.4765  decay_linear(cs_rank(-1 * stddev(delta(close, 1), 20)), 240)
[execution_aware] iter 21/50 [ERR] reward=    -inf  decay_linear(cs_rank(-1 * stddev(delta(close, 1), 20)), 360)
[execution_aware] iter 22/50 [OK ] reward= -0.4765  decay_linear(cs_rank(-1 * stddev(delta(close, 1), 20)), 240)
[execution_aware] iter 23/50 [ERR] reward=    -inf  decay_linear(cs_rank(-1 * stddev(delta(close, 1), 20)), 480)
[execution_aware] iter 24/50 [OK ] reward= -0.4765  decay_linear(cs_rank(-1 * stddev(delta(close, 1), 20)), 240)
[execution_aware] iter 25/50 [ERR] reward=    -inf  decay_linear(cs_rank(-1 * stddev(delta(close, 1), 20)), 500)
[execution_aware] iter 26/50 [OK ] reward= -0.4765  decay_linear(cs_rank(-1 * stddev(delta(close, 1), 20)), 240)
[execution_aware] iter 27/50 [ERR] reward=    -inf  decay_linear(cs_rank(-1 * stddev(delta(close, 1), 20)), 480)
[execution_aware] iter 28/50 [OK ] reward= -0.4765  decay_linear(cs_rank(-1 * stddev(delta(close, 1), 20)), 240)
[execution_aware] iter 29/50 [ERR] reward=    -inf  decay_linear(cs_rank(-1 * stddev(delta(close, 1), 30)), 360)
[execution_aware] iter 30/50 [OK ] reward= -0.4765  decay_linear(cs_rank(-1 * stddev(delta(close, 1), 20)), 240)
[execution_aware] iter 31/50 [ERR] reward=    -inf  decay_linear(cs_rank(-1 * stddev(delta(close, 1), 20)), 480)
[execution_aware] iter 32/50 [OK ] reward= -0.4765  decay_linear(cs_rank(-1 * stddev(delta(close, 1), 20)), 240)
[execution_aware] iter 33/50 [ERR] reward=    -inf  decay_linear(cs_rank(-1 * stddev(delta(close, 1), 20)), 480)
[execution_aware] iter 34/50 [OK ] reward= -0.4765  decay_linear(cs_rank(-1 * stddev(delta(close, 1), 20)), 240)
[execution_aware] iter 35/50 [ERR] reward=    -inf  decay_linear(ts_rank(-1 * stddev(delta(close, 1), 20), 240), 480)
[execution_aware] iter 36/50 [OK ] reward= -1.9733  decay_linear(ts_rank(-1 * stddev(delta(close, 1), 20), 240), 120)
[execution_aware] iter 37/50 [OK ] reward= -1.5286  decay_linear(ts_rank(-1 * stddev(delta(close, 1), 20), 240), 240)
[execution_aware] iter 38/50 [ERR] reward=    -inf  decay_linear(rank(-1 * stddev(delta(close, 1), 20)), 480)
[execution_aware] iter 39/50 [OK ] reward= -0.5062  decay_linear(rank(-1 * stddev(delta(close, 1), 20)), 120)
[execution_aware] iter 40/50 [ERR] reward=    -inf  decay_linear(rank(-1 * stddev(delta(close, 1), 20)), 480)
[execution_aware] iter 41/50 [OK ] reward= -4.5751  decay_linear(ts_rank(-1 * stddev(delta(close, 1), 20), 20), 240)
[execution_aware] iter 42/50 [ERR] reward=    -inf  decay_linear(cs_rank(-1 * stddev(delta(close, 1), 20)), 500)
[execution_aware] iter 43/50 [OK ] reward= -0.4765  decay_linear(cs_rank(-1 * stddev(delta(close, 1), 20)), 240)
[execution_aware] iter 44/50 [ERR] reward=    -inf  decay_linear(cs_rank(-1 * stddev(delta(close, 1), 20)), 500)
[execution_aware] iter 45/50 [OK ] reward= -0.4765  decay_linear(cs_rank(-1 * stddev(delta(close, 1), 20)), 240)
[execution_aware] iter 46/50 [ERR] reward=    -inf  decay_linear(cs_rank(-1 * stddev(delta(close, 1), 20)), 360)
[execution_aware] iter 47/50 [OK ] reward= -2.0928  decay_linear(ts_rank(-1 * stddev(delta(close, 1), 20), 120), 240)
[execution_aware] iter 48/50 [ERR] reward=    -inf  decay_linear(cs_rank(-1 * stddev(delta(close, 1), 20)), 500)
[execution_aware] iter 49/50 [OK ] reward= -0.4765  decay_linear(cs_rank(-1 * stddev(delta(close, 1), 20)), 240)
[execution_aware] iter 50/50 [ERR] reward=    -inf  decay_linear(cs_rank(-1 * stddev(delta(close, 1), 20)), 360)
[wfo:execution_aware] fold 17 winner: decay_linear(rank(-1 * stddev(delta(close, 1), 20)), 240)
[wfo:execution_aware] fold 17 OOS: Gross_IR=0.088 Turnover=3.21 Net_IR=-0.093
[wfo:execution_aware] fold 18: train 2019-01-01..2023-12-31 -> test 2024-01-01..2024-12-31
[execution_aware] iter  0/50 [SEED] reward= -3.5337  rank(-1 * stddev(delta(close, 1), 20))
[execution_aware] iter  1/50 [OK ] reward= -0.5972  decay_linear(cs_rank(-1 * stddev(delta(close, 1), 20)), 100)
[execution_aware] iter  2/50 [OK ] reward= -0.5726  decay_linear(cs_rank(-1 * stddev(delta(close, 1), 20)), 200)
[execution_aware] iter  3/50 [ERR] reward=    -inf  decay_linear(cs_rank(-1 * stddev(delta(close, 1), 20)), 400)
[execution_aware] iter  4/50 [OK ] reward= -0.5694  decay_linear(cs_rank(-1 * stddev(delta(close, 1), 20)), 252)
[execution_aware] iter  5/50 [ERR] reward=    -inf  decay_linear(cs_rank(-1 * stddev(delta(close, 1), 20)), 500)
[execution_aware] iter  6/50 [OK ] reward= -0.5694  decay_linear(cs_rank(-1 * stddev(delta(close, 1), 20)), 252)
[execution_aware] iter  7/50 [ERR] reward=    -inf  decay_linear(cs_rank(-1 * stddev(delta(close, 1), 20)), 500)
[execution_aware] iter  8/50 [OK ] reward= -0.5694  decay_linear(cs_rank(-1 * stddev(delta(close, 1), 20)), 252)
[execution_aware] iter  9/50 [ERR] reward=    -inf  decay_linear(cs_rank(-1 * stddev(delta(close, 1), 20)), 500)
[execution_aware] iter 10/50 [OK ] reward= -0.5811  decay_linear(cs_rank(-1 * stddev(delta(close, 1), 20)), 126)
[execution_aware] iter 11/50 [ERR] reward=    -inf  decay_linear(cs_rank(-1 * stddev(delta(close, 1), 20)), 504)
[execution_aware] iter 12/50 [OK ] reward= -0.5694  decay_linear(cs_rank(-1 * stddev(delta(close, 1), 20)), 252)
[execution_aware] iter 13/50 [ERR] reward=    -inf  decay_linear(cs_rank(-1 * stddev(delta(close, 1), 20)), 504)
[execution_aware] iter 14/50 [OK ] reward= -0.5694  decay_linear(cs_rank(-1 * stddev(delta(close, 1), 20)), 252)
[execution_aware] iter 15/50 [ERR] reward=    -inf  decay_linear(cs_rank(-1 * stddev(delta(close, 1), 20)), 500)
[execution_aware] iter 16/50 [OK ] reward= -0.5694  decay_linear(cs_rank(-1 * stddev(delta(close, 1), 20)), 252)
[execution_aware] iter 17/50 [ERR] reward=    -inf  decay_linear(cs_rank(-1 * stddev(delta(close, 1), 20)), 500)
[execution_aware] iter 18/50 [OK ] reward= -0.5842  decay_linear(cs_rank(-1 * stddev(delta(close, 1), 20)), 120)
[execution_aware] iter 19/50 [ERR] reward=    -inf  decay_linear(cs_rank(-1 * stddev(delta(close, 1), 20)), 500)
[execution_aware] iter 20/50 [OK ] reward= -0.5694  decay_linear(cs_rank(-1 * stddev(delta(close, 1), 20)), 252)
[execution_aware] iter 21/50 [ERR] reward=    -inf  decay_linear(cs_rank(-1 * stddev(delta(close, 1), 20)), 500)
[execution_aware] iter 22/50 [OK ] reward= -0.5694  decay_linear(cs_rank(-1 * stddev(delta(close, 1), 20)), 252)
[execution_aware] iter 23/50 [ERR] reward=    -inf  decay_linear(cs_rank(-1 * stddev(delta(close, 1), 20)), 500)
[execution_aware] iter 24/50 [OK ] reward= -0.5694  decay_linear(cs_rank(-1 * stddev(delta(close, 1), 20)), 252)
[execution_aware] iter 25/50 [ERR] reward=    -inf  decay_linear(cs_rank(-1 * stddev(delta(close, 1), 20)), 500)
[execution_aware] iter 26/50 [OK ] reward= -0.5972  decay_linear(cs_rank(-1 * stddev(delta(close, 1), 20)), 100)
[execution_aware] iter 27/50 [ERR] reward=    -inf  decay_linear(cs_rank(-1 * stddev(delta(close, 1), 20)), 500)
[execution_aware] iter 28/50 [OK ] reward= -0.5694  decay_linear(cs_rank(-1 * stddev(delta(close, 1), 20)), 252)
[execution_aware] iter 29/50 [ERR] reward=    -inf  decay_linear(cs_rank(-1 * stddev(delta(close, 1), 20)), 500)
[execution_aware] iter 30/50 [OK ] reward= -0.5694  decay_linear(cs_rank(-1 * stddev(delta(close, 1), 20)), 252)
[execution_aware] iter 31/50 [ERR] reward=    -inf  decay_linear(cs_rank(-1 * stddev(delta(close, 1), 20)), 500)
[execution_aware] iter 32/50 [OK ] reward= -0.5710  decay_linear(cs_rank(-1 * stddev(delta(close, 1), 10)), 252)
[execution_aware] iter 33/50 [ERR] reward=    -inf  decay_linear(cs_rank(-1 * stddev(delta(close, 1), 20)), 500)
[execution_aware] iter 34/50 [OK ] reward= -0.5694  decay_linear(cs_rank(-1 * stddev(delta(close, 1), 20)), 252)
[execution_aware] iter 35/50 [ERR] reward=    -inf  decay_linear(cs_rank(-1 * stddev(delta(close, 1), 20)), 500)
[execution_aware] iter 36/50 [OK ] reward= -0.5694  decay_linear(cs_rank(-1 * stddev(delta(close, 1), 20)), 252)
[execution_aware] iter 37/50 [ERR] reward=    -inf  decay_linear(cs_rank(-1 * stddev(delta(close, 1), 20)), 504)
[execution_aware] iter 38/50 [OK ] reward= -0.5811  decay_linear(cs_rank(-1 * stddev(delta(close, 1), 20)), 126)
[execution_aware] iter 39/50 [ERR] reward=    -inf  decay_linear(cs_rank(-1 * stddev(delta(close, 1), 20)), 504)
[execution_aware] iter 40/50 [OK ] reward= -0.5694  decay_linear(cs_rank(-1 * stddev(delta(close, 1), 20)), 252)
[execution_aware] iter 41/50 [ERR] reward=    -inf  decay_linear(cs_rank(-1 * stddev(delta(close, 1), 20)), 500)
[execution_aware] iter 42/50 [OK ] reward= -0.5694  decay_linear(cs_rank(-1 * stddev(delta(close, 1), 20)), 252)
[execution_aware] iter 43/50 [ERR] reward=    -inf  decay_linear(cs_rank(-1 * stddev(delta(close, 1), 20)), 500)
[execution_aware] iter 44/50 [OK ] reward= -0.5694  decay_linear(cs_rank(-1 * stddev(delta(close, 1), 20)), 252)
[execution_aware] iter 45/50 [ERR] reward=    -inf  decay_linear(cs_rank(-1 * stddev(delta(close, 1), 20)), 504)
[execution_aware] iter 46/50 [OK ] reward= -0.5811  decay_linear(cs_rank(-1 * stddev(delta(close, 1), 20)), 126)
[execution_aware] iter 47/50 [ERR] reward=    -inf  decay_linear(cs_rank(-1 * stddev(delta(close, 1), 20)), 504)
[execution_aware] iter 48/50 [OK ] reward= -0.5811  decay_linear(cs_rank(-1 * stddev(delta(close, 1), 20)), 126)
[execution_aware] iter 49/50 [ERR] reward=    -inf  decay_linear(cs_rank(-1 * stddev(delta(close, 1), 20)), 504)
[execution_aware] iter 50/50 [OK ] reward= -0.5694  decay_linear(cs_rank(-1 * stddev(delta(close, 1), 20)), 252)
[wfo:execution_aware] fold 18 winner: decay_linear(cs_rank(-1 * stddev(delta(close, 1), 20)), 252)
[wfo:execution_aware] fold 18 OOS: Gross_IR=1.205 Turnover=3.39 Net_IR=1.048
[wfo:execution_aware] fold 19: train 2020-01-01..2024-12-31 -> test 2025-01-01..2025-12-31
[execution_aware] iter  0/50 [SEED] reward= -3.4907  rank(-1 * stddev(delta(close, 1), 20))
[execution_aware] iter  1/50 [OK ] reward= -0.6386  decay_linear(rank(-1 * stddev(delta(close, 1), 20)), 60)
[execution_aware] iter  2/50 [OK ] reward= -0.4982  decay_linear(rank(-1 * stddev(delta(close, 1), 20)), 120)
[execution_aware] iter  3/50 [OK ] reward= -0.4398  decay_linear(rank(-1 * stddev(delta(close, 1), 20)), 240)
[execution_aware] iter  4/50 [ERR] reward=    -inf  decay_linear(rank(-1 * stddev(delta(close, 1), 20)), 360)
[execution_aware] iter  5/50 [OK ] reward= -0.4398  decay_linear(rank(-1 * stddev(delta(close, 1), 20)), 240)
[execution_aware] iter  6/50 [ERR] reward=    -inf  decay_linear(rank(-1 * stddev(delta(close, 1), 20)), 500)
[execution_aware] iter  7/50 [OK ] reward= -0.4398  decay_linear(cs_rank(-1 * stddev(delta(close, 1), 20)), 240)
[execution_aware] iter  8/50 [ERR] reward=    -inf  decay_linear(rank(-1 * stddev(delta(close, 1), 20)), 500)
[execution_aware] iter  9/50 [OK ] reward= -0.4398  decay_linear(rank(-1 * stddev(delta(close, 1), 20)), 240)
[execution_aware] iter 10/50 [ERR] reward=    -inf  decay_linear(rank(-1 * stddev(delta(close, 1), 20)), 500)
[execution_aware] iter 11/50 [OK ] reward= -4.9696  decay_linear(cs_rank(-1 * ts_rank(stddev(delta(close, 1), 20), 20)), 240)
[execution_aware] iter 12/50 [ERR] reward=    -inf  decay_linear(cs_rank(-1 * stddev(delta(close, 1), 20)), 360)
[execution_aware] iter 13/50 [OK ] reward= -0.4398  decay_linear(cs_rank(-1 * stddev(delta(close, 1), 20)), 240)
[execution_aware] iter 14/50 [ERR] reward=    -inf  decay_linear(cs_rank(-1 * stddev(delta(close, 1), 20)), 360)
[execution_aware] iter 15/50 [OK ] reward= -0.4398  decay_linear(cs_rank(-1 * stddev(delta(close, 1), 20)), 240)
[execution_aware] iter 16/50 [ERR] reward=    -inf  decay_linear(cs_rank(-1 * stddev(delta(close, 1), 20)), 480)
[execution_aware] iter 17/50 [OK ] reward= -0.4398  decay_linear(cs_rank(-1 * stddev(delta(close, 1), 20)), 240)
[execution_aware] iter 18/50 [ERR] reward=    -inf  decay_linear(cs_rank(-1 * stddev(delta(close, 1), 20)), 480)
[execution_aware] iter 19/50 [OK ] reward= -0.4398  decay_linear(cs_rank(-1 * stddev(delta(close, 1), 20)), 240)
[execution_aware] iter 20/50 [ERR] reward=    -inf  decay_linear(cs_rank(-1 * stddev(delta(close, 1), 40)), 480)
[execution_aware] iter 21/50 [OK ] reward= -0.4398  decay_linear(cs_rank(-1 * stddev(delta(close, 1), 20)), 240)
[execution_aware] iter 22/50 [ERR] reward=    -inf  decay_linear(cs_rank(-1 * stddev(delta(close, 1), 20)), 480)
[execution_aware] iter 23/50 [OK ] reward= -0.4398  decay_linear(cs_rank(-1 * stddev(delta(close, 1), 20)), 240)
[execution_aware] iter 24/50 [ERR] reward=    -inf  decay_linear(cs_rank(-1 * stddev(delta(close, 1), 20)), 480)
[execution_aware] iter 25/50 [OK ] reward= -0.4398  decay_linear(cs_rank(-1 * stddev(delta(close, 1), 20)), 240)
[execution_aware] iter 26/50 [ERR] reward=    -inf  decay_linear(cs_rank(-1 * stddev(delta(close, 1), 20)), 480)
[execution_aware] iter 27/50 [OK ] reward= -0.4398  decay_linear(cs_rank(-1 * stddev(delta(close, 1), 20)), 240)
[execution_aware] iter 28/50 [ERR] reward=    -inf  decay_linear(rank(-1 * stddev(delta(close, 1), 20)), 480)
[execution_aware] iter 29/50 [OK ] reward= -0.4398  decay_linear(cs_rank(-1 * stddev(delta(close, 1), 20)), 240)
[execution_aware] iter 30/50 [ERR] reward=    -inf  decay_linear(cs_rank(-1 * stddev(delta(close, 1), 30)), 360)
[execution_aware] iter 31/50 [OK ] reward= -0.4398  decay_linear(cs_rank(-1 * stddev(delta(close, 1), 20)), 240)
[execution_aware] iter 32/50 [ERR] reward=    -inf  decay_linear(cs_rank(-1 * stddev(delta(close, 1), 20)), 480)
[execution_aware] iter 33/50 [OK ] reward= -0.4398  decay_linear(cs_rank(-1 * stddev(delta(close, 1), 20)), 240)
[execution_aware] iter 34/50 [ERR] reward=    -inf  decay_linear(cs_rank(-1 * stddev(delta(close, 1), 30)), 360)
[execution_aware] iter 35/50 [OK ] reward= -0.4398  decay_linear(cs_rank(-1 * stddev(delta(close, 1), 20)), 240)
[execution_aware] iter 36/50 [ERR] reward=    -inf  decay_linear(cs_rank(-1 * stddev(delta(close, 1), 20)), 480)
[execution_aware] iter 37/50 [OK ] reward= -0.4398  decay_linear(cs_rank(-1 * stddev(delta(close, 1), 20)), 240)
[execution_aware] iter 38/50 [ERR] reward=    -inf  decay_linear(cs_rank(-1 * stddev(delta(close, 1), 20)), 500)
[execution_aware] iter 39/50 [OK ] reward= -0.4398  decay_linear(cs_rank(-1 * stddev(delta(close, 1), 20)), 240)
[execution_aware] iter 40/50 [ERR] reward=    -inf  decay_linear(cs_rank(-1 * stddev(delta(close, 1), 40)), 480)
[execution_aware] iter 41/50 [OK ] reward= -0.4398  decay_linear(cs_rank(-1 * stddev(delta(close, 1), 20)), 240)
[execution_aware] iter 42/50 [ERR] reward=    -inf  decay_linear(cs_rank(-1 * stddev(delta(close, 1), 20)), 360)
[execution_aware] iter 43/50 [OK ] reward= -0.4398  decay_linear(cs_rank(-1 * stddev(delta(close, 1), 20)), 240)
[execution_aware] iter 44/50 [ERR] reward=    -inf  decay_linear(cs_rank(-1 * stddev(delta(close, 1), 20)), 480)
[execution_aware] iter 45/50 [OK ] reward= -0.4398  decay_linear(cs_rank(-1 * stddev(delta(close, 1), 20)), 240)
[execution_aware] iter 46/50 [ERR] reward=    -inf  decay_linear(cs_rank(-1 * stddev(delta(close, 1), 20)), 360)
[execution_aware] iter 47/50 [OK ] reward= -0.4398  decay_linear(cs_rank(-1 * stddev(delta(close, 1), 20)), 240)
[execution_aware] iter 48/50 [ERR] reward=    -inf  decay_linear(cs_rank(-1 * stddev(delta(close, 1), 20)), 360)
[execution_aware] iter 49/50 [OK ] reward= -0.4398  decay_linear(cs_rank(-1 * stddev(delta(close, 1), 20)), 240)
[execution_aware] iter 50/50 [ERR] reward=    -inf  decay_linear(cs_rank(-1 * stddev(delta(close, 1), 20)), 360)
[wfo:execution_aware] fold 19 winner: decay_linear(rank(-1 * stddev(delta(close, 1), 20)), 240)
[wfo:execution_aware] fold 19 OOS: Gross_IR=0.680 Turnover=3.60 Net_IR=0.500
[wfo:execution_aware] fold 20: train 2021-01-01..2025-12-31 -> test 2026-01-01..2026-08-13
[execution_aware] iter  0/50 [SEED] reward= -3.4198  rank(-1 * stddev(delta(close, 1), 20))
[execution_aware] iter  1/50 [OK ] reward= -0.3322  decay_linear(rank(-1 * stddev(delta(close, 1), 20)), 100)
[execution_aware] iter  2/50 [OK ] reward= -0.1910  decay_linear(rank(-1 * stddev(delta(close, 1), 20)), 200)
[execution_aware] iter  3/50 [ERR] reward=    -inf  decay_linear(cs_rank(-1 * stddev(delta(close, 1), 20)), 400)
[execution_aware] iter  4/50 [OK ] reward= -5.0885  decay_linear(ts_rank(-1 * stddev(delta(close, 1), 20), 20), 200)
[execution_aware] iter  5/50 [ERR] reward=    -inf  decay_linear(rank(-1 * stddev(delta(close, 1), 20)), 400)
[execution_aware] iter  6/50 [OK ] reward=-66.6297  decay_linear(rank(-1 * stddev(delta(close, 1), 20)), 200) + cs_rank(vwap - close)
[execution_aware] iter  7/50 [ERR] reward=    -inf  decay_linear(rank(-1 * stddev(delta(close, 1), 20)), 400)
[execution_aware] iter  8/50 [OK ] reward= -0.1521  decay_linear(cs_rank(-1 * stddev(delta(close, 1), 20)), 252)
[execution_aware] iter  9/50 [ERR] reward=    -inf  decay_linear(cs_rank(-1 * stddev(delta(close, 1), 20)), 500)
[execution_aware] iter 10/50 [OK ] reward= -0.1521  decay_linear(cs_rank(-1 * stddev(delta(close, 1), 20)), 252)
[execution_aware] iter 11/50 [ERR] reward=    -inf  decay_linear(cs_rank(-1 * stddev(delta(close, 1), 20)), 500)
[execution_aware] iter 12/50 [OK ] reward= -0.1521  decay_linear(cs_rank(-1 * stddev(delta(close, 1), 20)), 252)
[execution_aware] iter 13/50 [ERR] reward=    -inf  decay_linear(cs_rank(-1 * stddev(delta(close, 1), 20)), 500)
[execution_aware] iter 14/50 [OK ] reward= -0.2787  decay_linear(cs_rank(-1 * stddev(delta(close, 1), 20)), 126)
[execution_aware] iter 15/50 [ERR] reward=    -inf  decay_linear(cs_rank(-1 * stddev(delta(close, 1), 20)), 500)
[execution_aware] iter 16/50 [OK ] reward= -0.2037  decay_linear(cs_rank(-1 * stddev(delta(close, 1), 20)), 180)
[execution_aware] iter 17/50 [ERR] reward=    -inf  decay_linear(cs_rank(-1 * stddev(delta(close, 1), 20)), 365)
[execution_aware] iter 18/50 [OK ] reward= -0.1521  decay_linear(cs_rank(-1 * stddev(delta(close, 1), 20)), 252)
[execution_aware] iter 19/50 [ERR] reward=    -inf  decay_linear(cs_rank(-1 * stddev(delta(close, 1), 20)), 500)
[execution_aware] iter 20/50 [OK ] reward= -0.1521  decay_linear(cs_rank(-1 * stddev(delta(close, 1), 20)), 252)
[execution_aware] iter 21/50 [ERR] reward=    -inf  decay_linear(cs_rank(-1 * stddev(delta(close, 1), 20)), 500)
[execution_aware] iter 22/50 [OK ] reward= -0.1521  decay_linear(cs_rank(-1 * stddev(delta(close, 1), 20)), 252)
[execution_aware] iter 23/50 [ERR] reward=    -inf  decay_linear(cs_rank(-1 * stddev(delta(close, 1), 20)), 500)
[execution_aware] iter 24/50 [OK ] reward= -0.1521  decay_linear(cs_rank(-1 * stddev(delta(close, 1), 20)), 252)
[execution_aware] iter 25/50 [ERR] reward=    -inf  decay_linear(cs_rank(-1 * stddev(delta(close, 1), 20)), 500)
[execution_aware] iter 26/50 [OK ] reward= -0.2456  decay_linear(cs_rank(-1 * stddev(delta(close, 1), 20)), 150)
[execution_aware] iter 27/50 [ERR] reward=    -inf  decay_linear(cs_rank(-1 * stddev(delta(close, 1), 20)), 500)
[execution_aware] iter 28/50 [OK ] reward= -0.1521  decay_linear(cs_rank(-1 * stddev(delta(close, 1), 20)), 252)
[execution_aware] iter 29/50 [ERR] reward=    -inf  decay_linear(cs_rank(-1 * stddev(delta(close, 1), 20)), 500)
[execution_aware] iter 30/50 [OK ] reward= -0.2787  decay_linear(cs_rank(-1 * stddev(delta(close, 1), 20)), 126)
[execution_aware] iter 31/50 [ERR] reward=    -inf  decay_linear(cs_rank(-1 * stddev(delta(close, 1), 20)), 504)
[execution_aware] iter 32/50 [OK ] reward= -0.1521  decay_linear(cs_rank(-1 * stddev(delta(close, 1), 20)), 252)
[execution_aware] iter 33/50 [ERR] reward=    -inf  decay_linear(cs_rank(-1 * stddev(delta(close, 1), 20)), 504)
[execution_aware] iter 34/50 [OK ] reward= -0.2787  decay_linear(cs_rank(-1 * stddev(delta(close, 1), 20)), 126)
[execution_aware] iter 35/50 [ERR] reward=    -inf  decay_linear(cs_rank(-1 * stddev(delta(close, 1), 20)), 500)
[execution_aware] iter 36/50 [OK ] reward= -0.2787  decay_linear(cs_rank(-1 * stddev(delta(close, 1), 20)), 126)
[execution_aware] iter 37/50 [ERR] reward=    -inf  decay_linear(cs_rank(-1 * stddev(delta(close, 1), 20)), 504)
[execution_aware] iter 38/50 [OK ] reward= -0.1521  decay_linear(cs_rank(-1 * stddev(delta(close, 1), 20)), 252)
[execution_aware] iter 39/50 [ERR] reward=    -inf  decay_linear(cs_rank(-1 * stddev(delta(close, 1), 20)), 500)
[execution_aware] iter 40/50 [OK ] reward= -0.1521  decay_linear(cs_rank(-1 * stddev(delta(close, 1), 20)), 252)
[execution_aware] iter 41/50 [ERR] reward=    -inf  decay_linear(cs_rank(-1 * stddev(delta(close, 1), 20)), 500)
[execution_aware] iter 42/50 [OK ] reward= -0.1521  decay_linear(cs_rank(-1 * stddev(delta(close, 1), 20)), 252)
[execution_aware] iter 43/50 [ERR] reward=    -inf  decay_linear(cs_rank(-1 * stddev(delta(close, 1), 20)), 500)
[execution_aware] iter 44/50 [OK ] reward= -0.0805  decay_linear(cs_rank(-1 * stddev(delta(close, 1), 100)), 252)
[execution_aware] iter 45/50 [ERR] reward=    -inf  decay_linear(cs_rank(-1 * stddev(delta(close, 1), 100)), 500)
[execution_aware] iter 46/50 [OK ] reward= -0.0986  decay_linear(cs_rank(-1 * stddev(delta(close, 1), 50)), 252)
[execution_aware] iter 47/50 [ERR] reward=    -inf  decay_linear(cs_rank(-1 * stddev(delta(close, 1), 100)), 500)
[execution_aware] iter 48/50 [OK ] reward= -0.0396  decay_linear(cs_rank(-1 * stddev(delta(close, 1), 200)), 252)
[execution_aware] iter 49/50 [ERR] reward=    -inf  decay_linear(cs_rank(-1 * stddev(delta(close, 1), 200)), 500)
[execution_aware] iter 50/50 [OK ] reward= -0.0805  decay_linear(cs_rank(-1 * stddev(delta(close, 1), 100)), 252)
[wfo:execution_aware] fold 20 winner: decay_linear(cs_rank(-1 * stddev(delta(close, 1), 200)), 252)
[wfo:execution_aware] fold 20 OOS: Gross_IR=0.947 Turnover=4.97 Net_IR=0.785
[gamma_sweep] checkpointed gamma_sweep_summary.csv (4 rows)

==============================================================================
GAMMA SWEEP COMPLETE
==============================================================================
 N_Folds  Gross_Sharpe  Net_Sharpe_5bps  Net_Sharpe_10bps  Net_Sharpe_20bps  Net_Sharpe_full_cost_model  Avg_Daily_Turnover_pct  Avg_Holding_Period_Days  Max_Drawdown  Cumulative_Return              kind  gamma1  gamma2 seed_alpha  llm_seed
    21.0        0.6253           0.5753            0.5253            0.4252                      0.4026                  2.4010                  41.6489       -0.2406             1.3430         cost_only    0.00     4.0 volatility      1001
    21.0        0.6542           0.6210            0.5878            0.5215                      0.4982                  1.5702                  63.6869       -0.2185             1.9318         cost_only    0.00     8.0 volatility      1001
    21.0        0.6402           0.6086            0.5771            0.5140                      0.4908                  1.5045                  66.4683       -0.2185             1.9010         cost_only    0.00    16.0 volatility      1001
    21.0        0.6464           0.6166            0.5869            0.5274                      0.5040                  1.4165                  70.5964       -0.2190             1.9925 combined_midpoint    0.25     4.0 volatility      1001
