[gamma_sweep] loading full point-in-time panels (cached if already built)...

==============================================================================
turnover_only_g1_0.1_g2_0.0
==============================================================================
[LocalQwenClient] seed=1001 main_gpu=0
[wfo:execution_aware] fold 0: train 2001-01-01..2005-12-31 -> test 2006-01-01..2006-12-31
[execution_aware] iter  0/50 [SEED] reward= -0.5806  rank(-1 * stddev(delta(close, 1), 20))
[execution_aware] iter  1/50 [OK ] reward=  0.7012  decay_linear(rank(-1 * stddev(delta(close, 1), 20)), 126)
[execution_aware] iter  2/50 [OK ] reward=  0.6065  decay_linear(rank(-1 * stddev(delta(close, 1), 20)), 252)
[execution_aware] iter  3/50 [OK ] reward=  0.6065  decay_linear(rank(-1 * stddev(delta(close, 1), 20)), 252)
[execution_aware] iter  4/50 [OK ] reward=  0.6065  decay_linear(rank(-1 * stddev(delta(close, 1), 20)), 252)
[execution_aware] iter  5/50 [OK ] reward=  0.5550  decay_linear(rank(-1 * stddev(delta(close, 1), 40)), 252)
[execution_aware] iter  6/50 [OK ] reward=  0.6065  decay_linear(rank(-1 * stddev(delta(close, 1), 20)), 252)
[execution_aware] iter  7/50 [OK ] reward=  0.6065  decay_linear(rank(-1 * stddev(delta(close, 1), 20)), 252)
[execution_aware] iter  8/50 [OK ] reward=  0.6065  decay_linear(cs_rank(-1 * stddev(delta(close, 1), 20)), 252)
[execution_aware] iter  9/50 [ERR] reward=    -inf  decay_linear(cs_rank(-1 * stddev(delta(close, 1), 20)), 504)
[execution_aware] iter 10/50 [OK ] reward=  0.7012  decay_linear(cs_rank(-1 * stddev(delta(close, 1), 20)), 126)
[execution_aware] iter 11/50 [OK ] reward=  0.6065  decay_linear(cs_rank(-1 * stddev(delta(close, 1), 20)), 252)
[execution_aware] iter 12/50 [OK ] reward=  0.6065  decay_linear(cs_rank(-1 * stddev(delta(close, 1), 20)), 252)
[execution_aware] iter 13/50 [OK ] reward=  0.6065  decay_linear(cs_rank(-1 * stddev(delta(close, 1), 20)), 252)
[execution_aware] iter 14/50 [OK ] reward=  0.6065  decay_linear(cs_rank(-1 * stddev(delta(close, 1), 20)), 252)
[execution_aware] iter 15/50 [ERR] reward=    -inf  decay_linear(cs_rank(-1 * stddev(delta(close, 1), 20)), 504)
[execution_aware] iter 16/50 [OK ] reward=  0.7012  decay_linear(cs_rank(-1 * stddev(delta(close, 1), 20)), 126)
[execution_aware] iter 17/50 [OK ] reward=  0.6065  decay_linear(cs_rank(-1 * stddev(delta(close, 1), 20)), 252)
[execution_aware] iter 18/50 [ERR] reward=    -inf  decay_linear(cs_rank(-1 * stddev(delta(close, 1), 20)), 504)
[execution_aware] iter 19/50 [OK ] reward=  0.7012  decay_linear(cs_rank(-1 * stddev(delta(close, 1), 20)), 126)
[execution_aware] iter 20/50 [OK ] reward=  0.6065  decay_linear(cs_rank(-1 * stddev(delta(close, 1), 20)), 252)
[execution_aware] iter 21/50 [OK ] reward=  0.6065  decay_linear(cs_rank(-1 * stddev(delta(close, 1), 20)), 252)
[execution_aware] iter 22/50 [OK ] reward=  0.6065  decay_linear(cs_rank(-1 * stddev(delta(close, 1), 20)), 252)
[execution_aware] iter 23/50 [OK ] reward=  0.6065  decay_linear(cs_rank(-1 * stddev(delta(close, 1), 20)), 252)
[execution_aware] iter 24/50 [OK ] reward=  0.6065  decay_linear(cs_rank(-1 * stddev(delta(close, 1), 20)), 252)
[execution_aware] iter 25/50 [ERR] reward=    -inf  decay_linear(cs_rank(-1 * stddev(delta(close, 1), 20)), 365)
[execution_aware] iter 26/50 [OK ] reward=  0.7012  decay_linear(cs_rank(-1 * stddev(delta(close, 1), 20)), 126)
[execution_aware] iter 27/50 [OK ] reward=  0.6065  decay_linear(cs_rank(-1 * stddev(delta(close, 1), 20)), 252)
[execution_aware] iter 28/50 [OK ] reward= -0.7227  decay_linear(ts_rank(-1 * stddev(delta(close, 1), 20), 252), 126)
[execution_aware] iter 29/50 [OK ] reward= -0.5298  decay_linear(ts_rank(-1 * stddev(delta(close, 1), 20), 252), 252)
[execution_aware] iter 30/50 [OK ] reward=  0.6680  decay_linear(cs_rank(-1 * stddev(delta(close, 1), 20)), 180)
[execution_aware] iter 31/50 [OK ] reward=  0.6065  decay_linear(cs_rank(-1 * stddev(delta(close, 1), 20)), 252)
[execution_aware] iter 32/50 [ERR] reward=    -inf  decay_linear(cs_rank(-1 * stddev(delta(close, 1), 20)), 504)
[execution_aware] iter 33/50 [OK ] reward=  0.7012  decay_linear(cs_rank(-1 * stddev(delta(close, 1), 20)), 126)
[execution_aware] iter 34/50 [OK ] reward=  0.6065  decay_linear(cs_rank(-1 * stddev(delta(close, 1), 20)), 252)
[execution_aware] iter 35/50 [OK ] reward=  0.6065  decay_linear(cs_rank(-1 * stddev(delta(close, 1), 20)), 252)
[execution_aware] iter 36/50 [ERR] reward=    -inf  decay_linear(cs_rank(-1 * stddev(delta(close, 1), 20)), 504)
[execution_aware] iter 37/50 [OK ] reward=  0.7012  decay_linear(cs_rank(-1 * stddev(delta(close, 1), 20)), 126)
[execution_aware] iter 38/50 [OK ] reward=  0.6065  decay_linear(cs_rank(-1 * stddev(delta(close, 1), 20)), 252)
[execution_aware] iter 39/50 [OK ] reward=  0.6065  decay_linear(cs_rank(-1 * stddev(delta(close, 1), 20)), 252)
[execution_aware] iter 40/50 [OK ] reward=  0.6065  decay_linear(cs_rank(-1 * stddev(delta(close, 1), 20)), 252)
[execution_aware] iter 41/50 [OK ] reward=  0.6065  decay_linear(cs_rank(-1 * stddev(delta(close, 1), 20)), 252)
[execution_aware] iter 42/50 [OK ] reward=  0.6065  decay_linear(cs_rank(-1 * stddev(delta(close, 1), 20)), 252)
[execution_aware] iter 43/50 [OK ] reward=  0.6065  decay_linear(cs_rank(-1 * stddev(delta(close, 1), 20)), 252)
[execution_aware] iter 44/50 [ERR] reward=    -inf  decay_linear(cs_rank(-1 * stddev(delta(close, 1), 20)), 365)
[execution_aware] iter 45/50 [OK ] reward=  0.7012  decay_linear(cs_rank(-1 * stddev(delta(close, 1), 20)), 126)
[execution_aware] iter 46/50 [OK ] reward=  0.6065  decay_linear(cs_rank(-1 * stddev(delta(close, 1), 20)), 252)
[execution_aware] iter 47/50 [OK ] reward=  0.6065  decay_linear(cs_rank(-1 * stddev(delta(close, 1), 20)), 252)
[execution_aware] iter 48/50 [OK ] reward=  0.6065  decay_linear(cs_rank(-1 * stddev(delta(close, 1), 20)), 252)
[execution_aware] iter 49/50 [OK ] reward=  0.6065  decay_linear(cs_rank(-1 * stddev(delta(close, 1), 20)), 252)
[execution_aware] iter 50/50 [ERR] reward=    -inf  decay_linear(cs_rank(-1 * stddev(delta(close, 1), 20)), 365)
[wfo:execution_aware] fold 0 winner: decay_linear(rank(-1 * stddev(delta(close, 1), 20)), 126)
[wfo:execution_aware] fold 0 OOS: Gross_IR=1.148 Turnover=3.76 Net_IR=0.970
[wfo:execution_aware] fold 1: train 2002-01-01..2006-12-31 -> test 2007-01-01..2007-12-31
[execution_aware] iter  0/50 [SEED] reward= -0.2649  rank(-1 * stddev(delta(close, 1), 20))
[execution_aware] iter  1/50 [OK ] reward=  1.0463  decay_linear(rank(-1 * stddev(delta(close, 1), 20)), 60)
[execution_aware] iter  2/50 [OK ] reward=  1.1268  decay_linear(rank(-1 * stddev(delta(close, 1), 20)), 120)
[execution_aware] iter  3/50 [OK ] reward=  1.1205  decay_linear(rank(-1 * stddev(delta(close, 1), 20)), 240)
[execution_aware] iter  4/50 [ERR] reward=    -inf  decay_linear(rank(-1 * stddev(delta(close, 1), 40)), 360)
[execution_aware] iter  5/50 [OK ] reward=  1.1268  decay_linear(rank(-1 * stddev(delta(close, 1), 20)), 120)
[execution_aware] iter  6/50 [OK ] reward=  1.1205  decay_linear(cs_rank(-1 * stddev(delta(close, 1), 20)), 240)
[execution_aware] iter  7/50 [OK ] reward=  1.1205  decay_linear(cs_rank(-1 * stddev(delta(close, 1), 20)), 240)
[execution_aware] iter  8/50 [ERR] reward=    -inf  decay_linear(cs_rank(-1 * stddev(delta(close, 1), 20)), 300)
[execution_aware] iter  9/50 [OK ] reward=  1.1268  decay_linear(cs_rank(-1 * stddev(delta(close, 1), 20)), 120)
[execution_aware] iter 10/50 [OK ] reward=  1.1205  decay_linear(cs_rank(-1 * stddev(delta(close, 1), 20)), 240)
[execution_aware] iter 11/50 [ERR] reward=    -inf  decay_linear(cs_rank(-1 * stddev(delta(close, 1), 20)), 360)
[execution_aware] iter 12/50 [OK ] reward=  1.1268  decay_linear(cs_rank(-1 * stddev(delta(close, 1), 20)), 120)
[execution_aware] iter 13/50 [OK ] reward=  1.1205  decay_linear(cs_rank(-1 * stddev(delta(close, 1), 20)), 240)
[execution_aware] iter 14/50 [ERR] reward=    -inf  decay_linear(cs_rank(-1 * stddev(delta(close, 1), 20)), 360)
[execution_aware] iter 15/50 [OK ] reward= -1.4970  decay_linear(ts_rank(-1 * stddev(delta(close, 1), 20), 120), 60)
[execution_aware] iter 16/50 [OK ] reward= -1.0886  decay_linear(ts_rank(-1 * stddev(delta(close, 1), 20), 120), 240)
[execution_aware] iter 17/50 [OK ] reward=  1.1205  decay_linear(rank(-1 * stddev(delta(close, 1), 20)), 240)
[execution_aware] iter 18/50 [ERR] reward=    -inf  decay_linear(rank(-1 * stddev(delta(close, 1), 20)), 360)
[execution_aware] iter 19/50 [OK ] reward=  1.1415  decay_linear(cs_rank(-1 * stddev(delta(close, 1), 20)), 180)
[execution_aware] iter 20/50 [ERR] reward=    -inf  decay_linear(cs_rank(-1 * stddev(delta(close, 1), 20)), 360)
[execution_aware] iter 21/50 [OK ] reward=  0.9020  decay_linear(cs_rank(-1 * stddev(delta(close, 1), 180)), 180)
[execution_aware] iter 22/50 [ERR] reward=    -inf  decay_linear(cs_rank(-1 * stddev(delta(close, 1), 252)), 360)
[execution_aware] iter 23/50 [OK ] reward=  0.9020  decay_linear(cs_rank(-1 * stddev(delta(close, 1), 180)), 180)
[execution_aware] iter 24/50 [ERR] reward=    -inf  decay_linear(cs_rank(-1 * stddev(delta(close, 1), 20)), 360)
[execution_aware] iter 25/50 [OK ] reward=  1.1415  decay_linear(cs_rank(-1 * stddev(delta(close, 1), 20)), 180)
[execution_aware] iter 26/50 [OK ] reward=  1.1205  decay_linear(cs_rank(-1 * stddev(delta(close, 1), 20)), 240)
[execution_aware] iter 27/50 [ERR] reward=    -inf  decay_linear(cs_rank(-1 * stddev(delta(close, 1), 30)), 360)
[execution_aware] iter 28/50 [OK ] reward=  1.1290  decay_linear(cs_rank(-1 * stddev(delta(close, 1), 25)), 180)
[execution_aware] iter 29/50 [OK ] reward=  1.0949  decay_linear(cs_rank(-1 * stddev(delta(close, 1), 30)), 240)
[execution_aware] iter 30/50 [ERR] reward=    -inf  decay_linear(cs_rank(-1 * stddev(delta(close, 1), 20)), 360)
[execution_aware] iter 31/50 [OK ] reward=  1.1415  decay_linear(cs_rank(-1 * stddev(delta(close, 1), 20)), 180)
[execution_aware] iter 32/50 [ERR] reward=    -inf  decay_linear(cs_rank(-1 * stddev(delta(close, 1), 20)), 365)
[execution_aware] iter 33/50 [OK ] reward=  1.1400  decay_linear(cs_rank(-1 * stddev(delta(close, 1), 20)), 150)
[execution_aware] iter 34/50 [OK ] reward=  1.1205  decay_linear(cs_rank(-1 * stddev(delta(close, 1), 20)), 240)
[execution_aware] iter 35/50 [ERR] reward=    -inf  decay_linear(cs_rank(-1 * stddev(delta(close, 1), 20)), 360)
[execution_aware] iter 36/50 [OK ] reward=  0.9020  decay_linear(cs_rank(-1 * stddev(delta(close, 1), 180)), 180)
[execution_aware] iter 37/50 [ERR] reward=    -inf  decay_linear(cs_rank(-1 * stddev(delta(close, 1), 20)), 360)
[execution_aware] iter 38/50 [OK ] reward=  1.1415  decay_linear(cs_rank(-1 * stddev(delta(close, 1), 20)), 180)
[execution_aware] iter 39/50 [OK ] reward=  1.1205  decay_linear(cs_rank(-1 * stddev(delta(close, 1), 20)), 240)
[execution_aware] iter 40/50 [ERR] reward=    -inf  decay_linear(cs_rank(-1 * stddev(delta(close, 1), 20)), 300)
[execution_aware] iter 41/50 [OK ] reward=  1.1415  decay_linear(cs_rank(-1 * stddev(delta(close, 1), 20)), 180)
[execution_aware] iter 42/50 [ERR] reward=    -inf  decay_linear(cs_rank(-1 * stddev(delta(close, 1), 20)), 360)
[execution_aware] iter 43/50 [OK ] reward=  1.1400  decay_linear(cs_rank(-1 * stddev(delta(close, 1), 20)), 150)
[execution_aware] iter 44/50 [OK ] reward=  1.1088  decay_linear(cs_rank(-1 * stddev(delta(close, 1), 25)), 240)
[execution_aware] iter 45/50 [OK ] reward=  1.1205  decay_linear(cs_rank(-1 * stddev(delta(close, 1), 20)), 240)
[execution_aware] iter 46/50 [ERR] reward=    -inf  decay_linear(cs_rank(-1 * stddev(delta(close, 1), 30)), 360)
[execution_aware] iter 47/50 [OK ] reward=  1.1290  decay_linear(cs_rank(-1 * stddev(delta(close, 1), 25)), 180)
[execution_aware] iter 48/50 [ERR] reward=    -inf  decay_linear(cs_rank(-1 * stddev(delta(close, 1), 20)), 360)
[execution_aware] iter 49/50 [OK ] reward=  0.9020  decay_linear(cs_rank(-1 * stddev(delta(close, 1), 180)), 180)
[execution_aware] iter 50/50 [ERR] reward=    -inf  decay_linear(cs_rank(-1 * stddev(delta(close, 1), 20)), 360)
[wfo:execution_aware] fold 1 winner: decay_linear(cs_rank(-1 * stddev(delta(close, 1), 20)), 180)
[wfo:execution_aware] fold 1 OOS: Gross_IR=1.090 Turnover=3.43 Net_IR=0.925
[wfo:execution_aware] fold 2: train 2003-01-01..2007-12-31 -> test 2008-01-01..2008-12-31
[execution_aware] iter  0/50 [SEED] reward= -0.5453  rank(-1 * stddev(delta(close, 1), 20))
[execution_aware] iter  1/50 [OK ] reward=  0.7083  decay_linear(rank(-1 * stddev(delta(close, 1), 20)), 60)
[execution_aware] iter  2/50 [OK ] reward=  0.7849  decay_linear(rank(-1 * stddev(delta(close, 1), 20)), 120)
[execution_aware] iter  3/50 [OK ] reward=  0.8688  decay_linear(cs_rank(-1 * stddev(delta(close, 1), 20)), 240)
[execution_aware] iter  4/50 [ERR] reward=    -inf  decay_linear(cs_rank(-1 * stddev(delta(close, 1), 20)), 360)
[execution_aware] iter  5/50 [OK ] reward=  0.8440  decay_linear(cs_rank(-1 * stddev(delta(close, 1), 20)), 180)
[execution_aware] iter  6/50 [ERR] reward=    -inf  decay_linear(cs_rank(-1 * stddev(delta(close, 1), 20)), 300)
[execution_aware] iter  7/50 [OK ] reward=  0.8472  decay_linear(cs_rank(-1 * stddev(delta(close, 1), 20)), 200)
[execution_aware] iter  8/50 [ERR] reward=    -inf  decay_linear(cs_rank(-1 * stddev(delta(close, 1), 20)), 360)
[execution_aware] iter  9/50 [OK ] reward=  0.8688  decay_linear(cs_rank(-1 * stddev(delta(close, 1), 20)), 240)
[execution_aware] iter 10/50 [ERR] reward=    -inf  decay_linear(cs_rank(-1 * stddev(delta(close, 1), 20)), 360)
[execution_aware] iter 11/50 [OK ] reward=  0.8688  decay_linear(cs_rank(-1 * stddev(delta(close, 1), 20)), 240)
[execution_aware] iter 12/50 [ERR] reward=    -inf  decay_linear(cs_rank(-1 * stddev(delta(close, 1), 20)), 360)
[execution_aware] iter 13/50 [OK ] reward=  0.8440  decay_linear(cs_rank(-1 * stddev(delta(close, 1), 20)), 180)
[execution_aware] iter 14/50 [ERR] reward=    -inf  decay_linear(cs_rank(-1 * stddev(delta(close, 1), 20)), 360)
[execution_aware] iter 15/50 [OK ] reward=  0.8688  decay_linear(cs_rank(-1 * stddev(delta(close, 1), 20)), 240)
[execution_aware] iter 16/50 [ERR] reward=    -inf  decay_linear(cs_rank(-1 * stddev(delta(close, 1), 20)), 360)
[execution_aware] iter 17/50 [OK ] reward=  0.8440  decay_linear(cs_rank(-1 * stddev(delta(close, 1), 20)), 180)
[execution_aware] iter 18/50 [ERR] reward=    -inf  decay_linear(cs_rank(-1 * stddev(delta(close, 1), 20)), 360)
[execution_aware] iter 19/50 [OK ] reward=  0.8440  decay_linear(cs_rank(-1 * stddev(delta(close, 1), 20)), 180)
[execution_aware] iter 20/50 [ERR] reward=    -inf  decay_linear(cs_rank(-1 * stddev(delta(close, 1), 20)), 360)
[execution_aware] iter 21/50 [OK ] reward=  0.8688  decay_linear(cs_rank(-1 * stddev(delta(close, 1), 20)), 240)
[execution_aware] iter 22/50 [ERR] reward=    -inf  decay_linear(cs_rank(-1 * stddev(delta(close, 1), 20)), 365)
[execution_aware] iter 23/50 [OK ] reward=  0.8688  decay_linear(cs_rank(-1 * stddev(delta(close, 1), 20)), 240)
[execution_aware] iter 24/50 [ERR] reward=    -inf  decay_linear(cs_rank(-1 * stddev(delta(close, 1), 20)), 500)
[execution_aware] iter 25/50 [OK ] reward=  0.8688  decay_linear(cs_rank(-1 * stddev(delta(close, 1), 20)), 240)
[execution_aware] iter 26/50 [ERR] reward=    -inf  decay_linear(cs_rank(-1 * stddev(delta(close, 1), 20)), 500)
[execution_aware] iter 27/50 [OK ] reward=  0.8688  decay_linear(cs_rank(-1 * stddev(delta(close, 1), 20)), 240)
[execution_aware] iter 28/50 [ERR] reward=    -inf  decay_linear(cs_rank(-1 * stddev(delta(close, 1), 20)), 500)
[execution_aware] iter 29/50 [OK ] reward=  0.8688  decay_linear(cs_rank(-1 * stddev(delta(close, 1), 20)), 240)
[execution_aware] iter 30/50 [ERR] reward=    -inf  decay_linear(cs_rank(-1 * stddev(delta(close, 1), 20)), 360)
[execution_aware] iter 31/50 [OK ] reward=  0.8688  decay_linear(cs_rank(-1 * stddev(delta(close, 1), 20)), 240)
[execution_aware] iter 32/50 [ERR] reward=    -inf  decay_linear(cs_rank(-1 * stddev(delta(close, 1), 20)), 500)
[execution_aware] iter 33/50 [OK ] reward=  0.8688  decay_linear(cs_rank(-1 * stddev(delta(close, 1), 20)), 240)
[execution_aware] iter 34/50 [ERR] reward=    -inf  decay_linear(cs_rank(-1 * stddev(delta(close, 1), 20)), 360)
[execution_aware] iter 35/50 [OK ] reward=  0.8688  decay_linear(cs_rank(-1 * stddev(delta(close, 1), 20)), 240)
[execution_aware] iter 36/50 [ERR] reward=    -inf  decay_linear(cs_rank(-1 * stddev(delta(close, 1), 20)), 500)
[execution_aware] iter 37/50 [OK ] reward=  0.8688  decay_linear(cs_rank(-1 * stddev(delta(close, 1), 20)), 240)
[execution_aware] iter 38/50 [ERR] reward=    -inf  decay_linear(cs_rank(-1 * stddev(delta(close, 1), 20)), 360)
[execution_aware] iter 39/50 [OK ] reward=  0.8688  decay_linear(cs_rank(-1 * stddev(delta(close, 1), 20)), 240)
[execution_aware] iter 40/50 [ERR] reward=    -inf  decay_linear(cs_rank(-1 * stddev(delta(close, 1), 30)), 360)
[execution_aware] iter 41/50 [OK ] reward=  0.8660  decay_linear(cs_rank(-1 * stddev(delta(close, 1), 25)), 240)
[execution_aware] iter 42/50 [ERR] reward=    -inf  decay_linear(cs_rank(-1 * stddev(delta(close, 1), 20)), 360)
[execution_aware] iter 43/50 [OK ] reward=  0.8688  decay_linear(cs_rank(-1 * stddev(delta(close, 1), 20)), 240)
[execution_aware] iter 44/50 [ERR] reward=    -inf  decay_linear(cs_rank(-1 * stddev(delta(close, 1), 20)), 360)
[execution_aware] iter 45/50 [OK ] reward=  0.8688  decay_linear(cs_rank(-1 * stddev(delta(close, 1), 20)), 240)
[execution_aware] iter 46/50 [ERR] reward=    -inf  decay_linear(cs_rank(-1 * stddev(delta(close, 1), 20)), 360)
[execution_aware] iter 47/50 [OK ] reward=  0.8688  decay_linear(cs_rank(-1 * stddev(delta(close, 1), 20)), 240)
[execution_aware] iter 48/50 [ERR] reward=    -inf  decay_linear(cs_rank(-1 * stddev(delta(close, 1), 20)), 500)
[execution_aware] iter 49/50 [OK ] reward=  0.8688  decay_linear(cs_rank(-1 * stddev(delta(close, 1), 20)), 240)
[execution_aware] iter 50/50 [ERR] reward=    -inf  decay_linear(cs_rank(-1 * stddev(delta(close, 1), 20)), 500)
[wfo:execution_aware] fold 2 winner: decay_linear(cs_rank(-1 * stddev(delta(close, 1), 20)), 240)
[wfo:execution_aware] fold 2 OOS: Gross_IR=1.016 Turnover=6.47 Net_IR=0.878
[wfo:execution_aware] fold 3: train 2004-01-01..2008-12-31 -> test 2009-01-01..2009-12-31
[execution_aware] iter  0/50 [SEED] reward= -1.0168  rank(-1 * stddev(delta(close, 1), 20))
[execution_aware] iter  1/50 [OK ] reward=  0.4159  decay_linear(rank(-1 * stddev(delta(close, 1), 20)), 126)
[execution_aware] iter  2/50 [OK ] reward=  0.4733  decay_linear(rank(-1 * stddev(delta(close, 1), 20)), 252)
[execution_aware] iter  3/50 [ERR] reward=    -inf  decay_linear(rank(-1 * stddev(delta(close, 1), 20)), 500)
[execution_aware] iter  4/50 [OK ] reward=  0.4733  decay_linear(cs_rank(-1 * stddev(delta(close, 1), 20)), 252)
[execution_aware] iter  5/50 [ERR] reward=    -inf  decay_linear(cs_rank(-1 * stddev(delta(close, 1), 20)), 504)
[execution_aware] iter  6/50 [OK ] reward=  0.4733  decay_linear(cs_rank(-1 * stddev(delta(close, 1), 20)), 252)
[execution_aware] iter  7/50 [ERR] reward=    -inf  decay_linear(cs_rank(-1 * stddev(delta(close, 1), 40)), 500)
[execution_aware] iter  8/50 [OK ] reward=  0.4892  decay_linear(cs_rank(-1 * stddev(delta(close, 1), 40)), 252)
[execution_aware] iter  9/50 [ERR] reward=    -inf  decay_linear(cs_rank(-1 * stddev(delta(close, 1), 80)), 500)
[execution_aware] iter 10/50 [OK ] reward=  0.4940  decay_linear(cs_rank(-1 * stddev(delta(close, 1), 80)), 252)
[execution_aware] iter 11/50 [ERR] reward=    -inf  decay_linear(cs_rank(-1 * stddev(delta(close, 1), 80)), 500)
[execution_aware] iter 12/50 [OK ] reward=  0.4672  decay_linear(cs_rank(-1 * stddev(delta(close, 1), 80)), 200)
[execution_aware] iter 13/50 [ERR] reward=    -inf  decay_linear(cs_rank(-1 * stddev(delta(close, 1), 80)), 500)
[execution_aware] iter 14/50 [OK ] reward=  0.4940  decay_linear(cs_rank(-1 * stddev(delta(close, 1), 80)), 252)
[execution_aware] iter 15/50 [ERR] reward=    -inf  decay_linear(cs_rank(-1 * stddev(delta(close, 1), 80)), 500)
[execution_aware] iter 16/50 [OK ] reward=  0.4906  decay_linear(cs_rank(-1 * stddev(delta(close, 1), 60)), 252)
[execution_aware] iter 17/50 [ERR] reward=    -inf  decay_linear(cs_rank(-1 * stddev(delta(close, 1), 100)), 500)
[execution_aware] iter 18/50 [OK ] reward=  0.5076  decay_linear(cs_rank(-1 * stddev(delta(close, 1), 100)), 252)
[execution_aware] iter 19/50 [ERR] reward=    -inf  decay_linear(cs_rank(-1 * stddev(delta(close, 1), 100)), 500)
[execution_aware] iter 20/50 [OK ] reward=  0.5076  decay_linear(cs_rank(-1 * stddev(delta(close, 1), 100)), 252)
[execution_aware] iter 21/50 [ERR] reward=    -inf  decay_linear(cs_rank(-1 * stddev(delta(close, 1), 100)), 500)
[execution_aware] iter 22/50 [OK ] reward=  0.4788  decay_linear(cs_rank(-1 * stddev(delta(close, 1), 100)), 200)
[execution_aware] iter 23/50 [ERR] reward=    -inf  decay_linear(cs_rank(-1 * stddev(delta(close, 1), 100)), 500)
[execution_aware] iter 24/50 [OK ] reward=  0.5076  decay_linear(cs_rank(-1 * stddev(delta(close, 1), 100)), 252)
[execution_aware] iter 25/50 [ERR] reward=    -inf  decay_linear(cs_rank(-1 * stddev(delta(close, 1), 100)), 504)
[execution_aware] iter 26/50 [OK ] reward=  0.4469  decay_linear(cs_rank(-1 * stddev(delta(close, 1), 100)), 126)
[execution_aware] iter 27/50 [ERR] reward=    -inf  decay_linear(cs_rank(-1 * stddev(delta(close, 1), 100)), 504)
[execution_aware] iter 28/50 [OK ] reward=  0.5076  decay_linear(cs_rank(-1 * stddev(delta(close, 1), 100)), 252)
[execution_aware] iter 29/50 [ERR] reward=    -inf  decay_linear(cs_rank(-1 * stddev(delta(close, 1), 100)), 500)
[execution_aware] iter 30/50 [OK ] reward=  0.5076  decay_linear(cs_rank(-1 * stddev(delta(close, 1), 100)), 252)
[execution_aware] iter 31/50 [ERR] reward=    -inf  decay_linear(cs_rank(-1 * stddev(delta(close, 1), 100)), 504)
[execution_aware] iter 32/50 [OK ] reward=  0.4469  decay_linear(cs_rank(-1 * stddev(delta(close, 1), 100)), 126)
[execution_aware] iter 33/50 [ERR] reward=    -inf  decay_linear(cs_rank(-1 * stddev(delta(close, 1), 100)), 504)
[execution_aware] iter 34/50 [OK ] reward=  0.5076  decay_linear(cs_rank(-1 * stddev(delta(close, 1), 100)), 252)
[execution_aware] iter 35/50 [ERR] reward=    -inf  decay_linear(cs_rank(-1 * stddev(delta(close, 1), 100)), 500)
[execution_aware] iter 36/50 [OK ] reward=  0.5076  decay_linear(cs_rank(-1 * stddev(delta(close, 1), 100)), 252)
[execution_aware] iter 37/50 [ERR] reward=    -inf  decay_linear(cs_rank(-1 * stddev(delta(close, 1), 100)), 500)
[execution_aware] iter 38/50 [OK ] reward=  0.4788  decay_linear(cs_rank(-1 * stddev(delta(close, 1), 100)), 200)
[execution_aware] iter 39/50 [ERR] reward=    -inf  decay_linear(cs_rank(-1 * stddev(delta(close, 1), 100)), 500)
[execution_aware] iter 40/50 [OK ] reward=  0.4788  decay_linear(cs_rank(-1 * stddev(delta(close, 1), 100)), 200)
[execution_aware] iter 41/50 [ERR] reward=    -inf  decay_linear(cs_rank(-1 * stddev(delta(close, 1), 100)), 500)
[execution_aware] iter 42/50 [OK ] reward=  0.4788  decay_linear(cs_rank(-1 * stddev(delta(close, 1), 100)), 200)
[execution_aware] iter 43/50 [ERR] reward=    -inf  decay_linear(cs_rank(-1 * stddev(delta(close, 1), 100)), 500)
[execution_aware] iter 44/50 [OK ] reward=  0.5697  decay_linear(cs_rank(-1 * stddev(delta(close, 1), 200)), 252)
[execution_aware] iter 45/50 [ERR] reward=    -inf  decay_linear(cs_rank(-1 * stddev(delta(close, 1), 200)), 500)
[execution_aware] iter 46/50 [OK ] reward=  0.5240  decay_linear(cs_rank(-1 * stddev(delta(close, 1), 125)), 252)
[execution_aware] iter 47/50 [ERR] reward=    -inf  decay_linear(cs_rank(-1 * stddev(delta(close, 1), 200)), 500)
[execution_aware] iter 48/50 [OK ] reward=  0.5076  decay_linear(cs_rank(-1 * stddev(delta(close, 1), 100)), 252)
[execution_aware] iter 49/50 [ERR] reward=    -inf  decay_linear(cs_rank(-1 * stddev(delta(close, 1), 200)), 500)
[execution_aware] iter 50/50 [OK ] reward=  0.5697  decay_linear(cs_rank(-1 * stddev(delta(close, 1), 200)), 252)
[wfo:execution_aware] fold 3 winner: decay_linear(cs_rank(-1 * stddev(delta(close, 1), 200)), 252)
[wfo:execution_aware] fold 3 OOS: Gross_IR=0.115 Turnover=4.93 Net_IR=-0.030
[wfo:execution_aware] fold 4: train 2005-01-01..2009-12-31 -> test 2010-01-01..2010-12-31
[execution_aware] iter  0/50 [SEED] reward= -1.0838  rank(-1 * stddev(delta(close, 1), 20))
[execution_aware] iter  1/50 [OK ] reward=  0.1874  decay_linear(rank(-1 * stddev(delta(close, 1), 20)), 60)
[execution_aware] iter  2/50 [OK ] reward=  0.2302  decay_linear(rank(-1 * stddev(delta(close, 1), 20)), 120)
[execution_aware] iter  3/50 [OK ] reward=  0.2424  decay_linear(cs_rank(-1 * stddev(delta(close, 1), 20)), 240)
[execution_aware] iter  4/50 [ERR] reward=    -inf  decay_linear(cs_rank(-1 * stddev(delta(close, 1), 20)), 500)
[execution_aware] iter  5/50 [OK ] reward=  0.2424  decay_linear(cs_rank(-1 * stddev(delta(close, 1), 20)), 240)
[execution_aware] iter  6/50 [ERR] reward=    -inf  decay_linear(cs_rank(-1 * stddev(delta(close, 1), 20)), 480)
[execution_aware] iter  7/50 [OK ] reward=  0.2359  decay_linear(cs_rank(-1 * stddev(delta(close, 1), 120)), 240)
[execution_aware] iter  8/50 [ERR] reward=    -inf  decay_linear(cs_rank(-1 * stddev(delta(close, 1), 20)), 360)
[execution_aware] iter  9/50 [OK ] reward=  0.2424  decay_linear(cs_rank(-1 * stddev(delta(close, 1), 20)), 240)
[execution_aware] iter 10/50 [ERR] reward=    -inf  decay_linear(cs_rank(-1 * stddev(delta(close, 1), 20)), 500)
[execution_aware] iter 11/50 [OK ] reward=  0.2302  decay_linear(cs_rank(-1 * stddev(delta(close, 1), 20)), 120)
[execution_aware] iter 12/50 [ERR] reward=    -inf  decay_linear(cs_rank(-1 * stddev(delta(close, 1), 20)), 360)
[execution_aware] iter 13/50 [OK ] reward=  0.2302  decay_linear(cs_rank(-1 * stddev(delta(close, 1), 20)), 120)
[execution_aware] iter 14/50 [ERR] reward=    -inf  decay_linear(cs_rank(-1 * stddev(delta(close, 1), 20)), 360)
[execution_aware] iter 15/50 [OK ] reward=  0.2424  decay_linear(cs_rank(-1 * stddev(delta(close, 1), 20)), 240)
[execution_aware] iter 16/50 [ERR] reward=    -inf  decay_linear(cs_rank(-1 * stddev(delta(close, 1), 20)), 500)
[execution_aware] iter 17/50 [OK ] reward=  0.2359  decay_linear(cs_rank(-1 * stddev(delta(close, 1), 120)), 240)
[execution_aware] iter 18/50 [ERR] reward=    -inf  decay_linear(cs_rank(-1 * stddev(delta(close, 1), 20)), 360)
[execution_aware] iter 19/50 [OK ] reward=  0.2382  decay_linear(cs_rank(-1 * stddev(delta(close, 1), 20)), 180)
[execution_aware] iter 20/50 [ERR] reward=    -inf  decay_linear(cs_rank(-1 * stddev(delta(close, 1), 20)), 300)
[execution_aware] iter 21/50 [OK ] reward=  0.2424  decay_linear(cs_rank(-1 * stddev(delta(close, 1), 20)), 240)
[execution_aware] iter 22/50 [ERR] reward=    -inf  decay_linear(cs_rank(-1 * stddev(delta(close, 1), 20)), 500)
[execution_aware] iter 23/50 [OK ] reward= -8.6798  decay_linear(cs_rank(-1 * stddev(delta(close, 1), 20)), 240) + ts_rank(close, 20)
[execution_aware] iter 24/50 [ERR] reward=    -inf  decay_linear(cs_rank(-1 * stddev(delta(close, 1), 20)), 500)
[execution_aware] iter 25/50 [OK ] reward=  0.2424  decay_linear(cs_rank(-1 * stddev(delta(close, 1), 20)), 240)
[execution_aware] iter 26/50 [ERR] reward=    -inf  decay_linear(cs_rank(-1 * stddev(delta(close, 1), 20)), 480)
[execution_aware] iter 27/50 [OK ] reward=  0.2300  decay_linear(cs_rank(-1 * stddev(delta(close, 1), 100)), 120)
[execution_aware] iter 28/50 [ERR] reward=    -inf  decay_linear(cs_rank(-1 * stddev(delta(close, 1), 20)), 360)
[execution_aware] iter 29/50 [OK ] reward=  0.2424  decay_linear(cs_rank(-1 * stddev(delta(close, 1), 20)), 240)
[execution_aware] iter 30/50 [ERR] reward=    -inf  decay_linear(cs_rank(-1 * stddev(delta(close, 1), 20)), 360)
[execution_aware] iter 31/50 [OK ] reward=  0.2424  decay_linear(cs_rank(-1 * stddev(delta(close, 1), 20)), 240)
[execution_aware] iter 32/50 [ERR] reward=    -inf  decay_linear(cs_rank(-1 * stddev(delta(close, 1), 30)), 360)
[execution_aware] iter 33/50 [OK ] reward=  0.2424  decay_linear(cs_rank(-1 * stddev(delta(close, 1), 20)), 240)
[execution_aware] iter 34/50 [ERR] reward=    -inf  decay_linear(cs_rank(-1 * stddev(delta(close, 1), 20)), 500)
[execution_aware] iter 35/50 [OK ] reward=  0.2424  decay_linear(cs_rank(-1 * stddev(delta(close, 1), 20)), 240)
[execution_aware] iter 36/50 [ERR] reward=    -inf  decay_linear(cs_rank(-1 * stddev(delta(close, 1), 20)), 360)
[execution_aware] iter 37/50 [OK ] reward=  0.2382  decay_linear(cs_rank(-1 * stddev(delta(close, 1), 20)), 180)
[execution_aware] iter 38/50 [ERR] reward=    -inf  decay_linear(cs_rank(-1 * stddev(delta(close, 1), 20)), 360)
[execution_aware] iter 39/50 [OK ] reward=  0.2424  decay_linear(cs_rank(-1 * stddev(delta(close, 1), 20)), 240)
[execution_aware] iter 40/50 [ERR] reward=    -inf  decay_linear(cs_rank(-1 * stddev(delta(close, 1), 20)), 500)
[execution_aware] iter 41/50 [OK ] reward=  0.2424  decay_linear(cs_rank(-1 * stddev(delta(close, 1), 20)), 240)
[execution_aware] iter 42/50 [ERR] reward=    -inf  decay_linear(cs_rank(-1 * stddev(delta(close, 1), 20)), 500)
[execution_aware] iter 43/50 [OK ] reward=  0.2424  decay_linear(cs_rank(-1 * stddev(delta(close, 1), 20)), 240)
[execution_aware] iter 44/50 [ERR] reward=    -inf  decay_linear(cs_rank(-1 * stddev(delta(close, 1), 20)), 360)
[execution_aware] iter 45/50 [OK ] reward=  0.2424  decay_linear(cs_rank(-1 * stddev(delta(close, 1), 20)), 240)
[execution_aware] iter 46/50 [ERR] reward=    -inf  decay_linear(cs_rank(-1 * stddev(delta(close, 1), 20)), 480)
[execution_aware] iter 47/50 [OK ] reward=  0.2302  decay_linear(cs_rank(-1 * stddev(delta(close, 1), 20)), 120)
[execution_aware] iter 48/50 [ERR] reward=    -inf  decay_linear(cs_rank(-1 * stddev(delta(close, 1), 20)), 360)
[execution_aware] iter 49/50 [OK ] reward=  0.2424  decay_linear(cs_rank(-1 * stddev(delta(close, 1), 20)), 240)
[execution_aware] iter 50/50 [ERR] reward=    -inf  decay_linear(cs_rank(-1 * stddev(delta(close, 1), 20)), 500)
[wfo:execution_aware] fold 4 winner: decay_linear(cs_rank(-1 * stddev(delta(close, 1), 20)), 240)
[wfo:execution_aware] fold 4 OOS: Gross_IR=-0.516 Turnover=3.23 Net_IR=-0.661
[wfo:execution_aware] fold 5: train 2006-01-01..2010-12-31 -> test 2011-01-01..2011-12-31
[execution_aware] iter  0/50 [SEED] reward= -1.0316  rank(-1 * stddev(delta(close, 1), 20))
[execution_aware] iter  1/50 [OK ] reward=  0.1360  decay_linear(rank(-1 * stddev(delta(close, 1), 20)), 60)
[execution_aware] iter  2/50 [OK ] reward=  0.1708  decay_linear(rank(-1 * stddev(delta(close, 1), 20)), 120)
[execution_aware] iter  3/50 [OK ] reward=  0.1657  decay_linear(rank(-1 * stddev(delta(close, 1), 20)), 240)
[execution_aware] iter  4/50 [OK ] reward=  0.1657  decay_linear(rank(-1 * stddev(delta(close, 1), 20)), 240)
[execution_aware] iter  5/50 [ERR] reward=    -inf  decay_linear(ts_rank(-1 * stddev(delta(close, 1), 20), 252), 360)
[execution_aware] iter  6/50 [OK ] reward=  0.1708  decay_linear(cs_rank(-1 * stddev(delta(close, 1), 20)), 120)
[execution_aware] iter  7/50 [OK ] reward=  0.1673  decay_linear(cs_rank(-1 * stddev(delta(close, 1), 30)), 180)
[execution_aware] iter  8/50 [OK ] reward=  0.1657  decay_linear(cs_rank(-1 * stddev(delta(close, 1), 20)), 240)
[execution_aware] iter  9/50 [ERR] reward=    -inf  decay_linear(cs_rank(-1 * stddev(delta(close, 1), 20)), 300)
[execution_aware] iter 10/50 [OK ] reward=  0.1708  decay_linear(cs_rank(-1 * stddev(delta(close, 1), 20)), 120)
[execution_aware] iter 11/50 [OK ] reward=  0.1657  decay_linear(cs_rank(-1 * stddev(delta(close, 1), 20)), 240)
[execution_aware] iter 12/50 [ERR] reward=    -inf  decay_linear(cs_rank(-1 * stddev(delta(close, 1), 20)), 360)
[execution_aware] iter 13/50 [OK ] reward=  0.1708  decay_linear(cs_rank(-1 * stddev(delta(close, 1), 20)), 120)
[execution_aware] iter 14/50 [OK ] reward=  0.1657  decay_linear(cs_rank(-1 * stddev(delta(close, 1), 20)), 240)
[execution_aware] iter 15/50 [ERR] reward=    -inf  decay_linear(cs_rank(-1 * stddev(delta(close, 1), 20)), 360)
[execution_aware] iter 16/50 [OK ] reward=  0.1708  decay_linear(cs_rank(-1 * stddev(delta(close, 1), 20)), 120)
[execution_aware] iter 17/50 [OK ] reward=  0.1657  decay_linear(cs_rank(-1 * stddev(delta(close, 1), 20)), 240)
[execution_aware] iter 18/50 [ERR] reward=    -inf  decay_linear(cs_rank(-1 * stddev(delta(close, 1), 20)), 480)
[execution_aware] iter 19/50 [OK ] reward=  0.1708  decay_linear(cs_rank(-1 * stddev(delta(close, 1), 20)), 120)
[execution_aware] iter 20/50 [OK ] reward=  0.1657  decay_linear(cs_rank(-1 * stddev(delta(close, 1), 20)), 240)
[execution_aware] iter 21/50 [ERR] reward=    -inf  decay_linear(cs_rank(-1 * stddev(delta(close, 1), 20)), 300)
[execution_aware] iter 22/50 [OK ] reward=  0.1708  decay_linear(cs_rank(-1 * stddev(delta(close, 1), 20)), 120)
[execution_aware] iter 23/50 [OK ] reward=  0.1679  decay_linear(cs_rank(-1 * stddev(delta(close, 1), 20)), 180)
[execution_aware] iter 24/50 [ERR] reward=    -inf  decay_linear(cs_rank(-1 * stddev(delta(close, 1), 20)), 300)
[execution_aware] iter 25/50 [OK ] reward=  0.1708  decay_linear(cs_rank(-1 * stddev(delta(close, 1), 20)), 120)
[execution_aware] iter 26/50 [OK ] reward=  0.1598  decay_linear(cs_rank(-1 * stddev(delta(close, 1), 40)), 240)
[execution_aware] iter 27/50 [ERR] reward=    -inf  decay_linear(cs_rank(-1 * stddev(delta(close, 1), 40)), 360)
[execution_aware] iter 28/50 [OK ] reward=  0.1708  decay_linear(cs_rank(-1 * stddev(delta(close, 1), 20)), 120)
[execution_aware] iter 29/50 [OK ] reward=  0.1657  decay_linear(cs_rank(-1 * stddev(delta(close, 1), 20)), 240)
[execution_aware] iter 30/50 [OK ] reward=  0.1657  decay_linear(cs_rank(-1 * stddev(delta(close, 1), 20)), 240)
[execution_aware] iter 31/50 [ERR] reward=    -inf  decay_linear(cs_rank(-1 * stddev(delta(close, 1), 20)), 360)
[execution_aware] iter 32/50 [OK ] reward=  0.1708  decay_linear(cs_rank(-1 * stddev(delta(close, 1), 20)), 120)
[execution_aware] iter 33/50 [OK ] reward=  0.1657  decay_linear(cs_rank(-1 * stddev(delta(close, 1), 20)), 240)
[execution_aware] iter 34/50 [ERR] reward=    -inf  decay_linear(cs_rank(-1 * stddev(delta(close, 1), 20)), 300)
[execution_aware] iter 35/50 [OK ] reward=  0.1708  decay_linear(cs_rank(-1 * stddev(delta(close, 1), 20)), 120)
[execution_aware] iter 36/50 [OK ] reward=  0.1657  decay_linear(cs_rank(-1 * stddev(delta(close, 1), 20)), 240)
[execution_aware] iter 37/50 [ERR] reward=    -inf  decay_linear(cs_rank(-1 * stddev(delta(close, 1), 20)), 360)
[execution_aware] iter 38/50 [OK ] reward= -0.5542  decay_linear(ts_rank(-1 * stddev(delta(close, 1), 20), 252), 120)
[execution_aware] iter 39/50 [OK ] reward=  0.1679  decay_linear(cs_rank(-1 * stddev(delta(close, 1), 20)), 180)
[execution_aware] iter 40/50 [OK ] reward=  0.1657  decay_linear(cs_rank(-1 * stddev(delta(close, 1), 20)), 240)
[execution_aware] iter 41/50 [ERR] reward=    -inf  decay_linear(cs_rank(-1 * stddev(delta(close, 1), 20)), 360)
[execution_aware] iter 42/50 [OK ] reward=  0.1708  decay_linear(cs_rank(-1 * stddev(delta(close, 1), 20)), 120)
[execution_aware] iter 43/50 [OK ] reward=  0.1598  decay_linear(cs_rank(-1 * stddev(delta(close, 1), 40)), 240)
[execution_aware] iter 44/50 [OK ] reward=  0.1657  decay_linear(cs_rank(-1 * stddev(delta(close, 1), 20)), 240)
[execution_aware] iter 45/50 [ERR] reward=    -inf  decay_linear(cs_rank(-1 * stddev(delta(close, 1), 20)), 300)
[execution_aware] iter 46/50 [OK ] reward=  0.1708  decay_linear(cs_rank(-1 * stddev(delta(close, 1), 20)), 120)
[execution_aware] iter 47/50 [OK ] reward=  0.1657  decay_linear(cs_rank(-1 * stddev(delta(close, 1), 20)), 240)
[execution_aware] iter 48/50 [ERR] reward=    -inf  decay_linear(cs_rank(-1 * stddev(delta(close, 1), 20)), 360)
[execution_aware] iter 49/50 [OK ] reward=  0.1708  decay_linear(cs_rank(-1 * stddev(delta(close, 1), 20)), 120)
[execution_aware] iter 50/50 [OK ] reward=  0.1657  decay_linear(cs_rank(-1 * stddev(delta(close, 1), 20)), 240)
[wfo:execution_aware] fold 5 winner: decay_linear(rank(-1 * stddev(delta(close, 1), 20)), 120)
[wfo:execution_aware] fold 5 OOS: Gross_IR=0.788 Turnover=3.64 Net_IR=0.638
[wfo:execution_aware] fold 6: train 2007-01-01..2011-12-31 -> test 2012-01-01..2012-12-31
[execution_aware] iter  0/50 [SEED] reward= -1.0525  rank(-1 * stddev(delta(close, 1), 20))
[execution_aware] iter  1/50 [OK ] reward=  0.1265  decay_linear(rank(-1 * stddev(delta(close, 1), 20)), 252)
[execution_aware] iter  2/50 [ERR] reward=    -inf  decay_linear(rank(-1 * stddev(delta(close, 1), 20)), 500)
[execution_aware] iter  3/50 [OK ] reward= -1.3729  decay_linear(cs_rank(-1 * zscore(stddev(delta(close, 1), 20), 20)), 252)
[execution_aware] iter  4/50 [ERR] reward=    -inf  decay_linear(rank(-1 * stddev(delta(close, 1), 20)), 500)
[execution_aware] iter  5/50 [OK ] reward=  0.1265  decay_linear(cs_rank(-1 * stddev(delta(close, 1), 20)), 252)
[execution_aware] iter  6/50 [ERR] reward=    -inf  decay_linear(cs_rank(-1 * stddev(delta(close, 1), 20)), 500)
[execution_aware] iter  7/50 [OK ] reward=  0.1265  decay_linear(cs_rank(-1 * stddev(delta(close, 1), 20)), 252)
[execution_aware] iter  8/50 [ERR] reward=    -inf  decay_linear(cs_rank(-1 * stddev(delta(close, 1), 20)), 500)
[execution_aware] iter  9/50 [OK ] reward=  0.1265  decay_linear(cs_rank(-1 * stddev(delta(close, 1), 20)), 252)
[execution_aware] iter 10/50 [ERR] reward=    -inf  decay_linear(cs_rank(-1 * stddev(delta(close, 1), 20)), 500)
[execution_aware] iter 11/50 [OK ] reward=  0.1265  decay_linear(cs_rank(-1 * stddev(delta(close, 1), 20)), 252)
[execution_aware] iter 12/50 [ERR] reward=    -inf  decay_linear(cs_rank(-1 * stddev(delta(close, 1), 20)), 504)
[execution_aware] iter 13/50 [OK ] reward=  0.1265  decay_linear(cs_rank(-1 * stddev(delta(close, 1), 20)), 252)
[execution_aware] iter 14/50 [ERR] reward=    -inf  decay_linear(cs_rank(-1 * stddev(delta(close, 1), 20)), 500)
[execution_aware] iter 15/50 [OK ] reward=  0.1265  decay_linear(cs_rank(-1 * stddev(delta(close, 1), 20)), 252)
[execution_aware] iter 16/50 [ERR] reward=    -inf  decay_linear(cs_rank(-1 * stddev(delta(close, 1), 20)), 500)
[execution_aware] iter 17/50 [OK ] reward=  0.1265  decay_linear(cs_rank(-1 * stddev(delta(close, 1), 20)), 252)
[execution_aware] iter 18/50 [ERR] reward=    -inf  decay_linear(cs_rank(-1 * stddev(delta(close, 1), 20)), 500)
[execution_aware] iter 19/50 [OK ] reward=  0.1265  decay_linear(cs_rank(-1 * stddev(delta(close, 1), 20)), 252)
[execution_aware] iter 20/50 [ERR] reward=    -inf  decay_linear(cs_rank(-1 * stddev(delta(close, 1), 20)), 500)
[execution_aware] iter 21/50 [OK ] reward=  0.1265  decay_linear(cs_rank(-1 * stddev(delta(close, 1), 20)), 252)
[execution_aware] iter 22/50 [ERR] reward=    -inf  decay_linear(cs_rank(-1 * stddev(delta(close, 1), 20)), 500)
[execution_aware] iter 23/50 [OK ] reward=  0.1265  decay_linear(cs_rank(-1 * stddev(delta(close, 1), 20)), 252)
[execution_aware] iter 24/50 [ERR] reward=    -inf  decay_linear(cs_rank(-1 * stddev(delta(close, 1), 20)), 500)
[execution_aware] iter 25/50 [OK ] reward=  0.1265  decay_linear(cs_rank(-1 * stddev(delta(close, 1), 20)), 252)
[execution_aware] iter 26/50 [ERR] reward=    -inf  decay_linear(cs_rank(-1 * stddev(delta(close, 1), 20)), 500)
[execution_aware] iter 27/50 [OK ] reward=  0.1265  decay_linear(cs_rank(-1 * stddev(delta(close, 1), 20)), 252)
[execution_aware] iter 28/50 [ERR] reward=    -inf  decay_linear(cs_rank(-1 * stddev(delta(close, 1), 20)), 500)
[execution_aware] iter 29/50 [OK ] reward=  0.1265  decay_linear(cs_rank(-1 * stddev(delta(close, 1), 20)), 252)
[execution_aware] iter 30/50 [ERR] reward=    -inf  decay_linear(cs_rank(-1 * stddev(delta(close, 1), 20)), 500)
[execution_aware] iter 31/50 [OK ] reward=  0.1265  decay_linear(cs_rank(-1 * stddev(delta(close, 1), 20)), 252)
[execution_aware] iter 32/50 [ERR] reward=    -inf  decay_linear(cs_rank(-1 * stddev(delta(close, 1), 20)), 500)
[execution_aware] iter 33/50 [OK ] reward=  0.1265  decay_linear(cs_rank(-1 * stddev(delta(close, 1), 20)), 252)
[execution_aware] iter 34/50 [ERR] reward=    -inf  decay_linear(cs_rank(-1 * stddev(delta(close, 1), 20)), 500)
[execution_aware] iter 35/50 [OK ] reward=  0.1265  decay_linear(cs_rank(-1 * stddev(delta(close, 1), 20)), 252)
[execution_aware] iter 36/50 [ERR] reward=    -inf  decay_linear(cs_rank(-1 * stddev(delta(close, 1), 20)), 500)
[execution_aware] iter 37/50 [OK ] reward=  0.1265  decay_linear(cs_rank(-1 * stddev(delta(close, 1), 20)), 252)
[execution_aware] iter 38/50 [ERR] reward=    -inf  decay_linear(cs_rank(-1 * stddev(delta(close, 1), 20)), 500)
[execution_aware] iter 39/50 [OK ] reward=  0.1265  decay_linear(cs_rank(-1 * stddev(delta(close, 1), 20)), 252)
[execution_aware] iter 40/50 [ERR] reward=    -inf  decay_linear(cs_rank(-1 * stddev(delta(close, 1), 20)), 500)
[execution_aware] iter 41/50 [OK ] reward=  0.1265  decay_linear(cs_rank(-1 * stddev(delta(close, 1), 20)), 252)
[execution_aware] iter 42/50 [ERR] reward=    -inf  decay_linear(cs_rank(-1 * stddev(delta(close, 1), 20)), 500)
[execution_aware] iter 43/50 [OK ] reward=  0.1265  decay_linear(cs_rank(-1 * stddev(delta(close, 1), 20)), 252)
[execution_aware] iter 44/50 [ERR] reward=    -inf  decay_linear(cs_rank(-1 * stddev(delta(close, 1), 30)), 504)
[execution_aware] iter 45/50 [OK ] reward=  0.1265  decay_linear(cs_rank(-1 * stddev(delta(close, 1), 20)), 252)
[execution_aware] iter 46/50 [ERR] reward=    -inf  decay_linear(cs_rank(-1 * stddev(delta(close, 1), 20)), 500)
[execution_aware] iter 47/50 [OK ] reward=  0.1265  decay_linear(cs_rank(-1 * stddev(delta(close, 1), 20)), 252)
[execution_aware] iter 48/50 [ERR] reward=    -inf  decay_linear(cs_rank(-1 * stddev(delta(close, 1), 20)), 500)
[execution_aware] iter 49/50 [OK ] reward=  0.1265  decay_linear(cs_rank(-1 * stddev(delta(close, 1), 20)), 252)
[execution_aware] iter 50/50 [ERR] reward=    -inf  decay_linear(cs_rank(-1 * stddev(delta(close, 1), 20)), 500)
[wfo:execution_aware] fold 6 winner: decay_linear(rank(-1 * stddev(delta(close, 1), 20)), 252)
[wfo:execution_aware] fold 6 OOS: Gross_IR=1.393 Turnover=3.11 Net_IR=1.243
[wfo:execution_aware] fold 7: train 2008-01-01..2012-12-31 -> test 2013-01-01..2013-12-31
[execution_aware] iter  0/50 [SEED] reward= -1.0275  rank(-1 * stddev(delta(close, 1), 20))
[execution_aware] iter  1/50 [OK ] reward=  0.1651  decay_linear(rank(-1 * stddev(delta(close, 1), 20)), 60)
[execution_aware] iter  2/50 [OK ] reward=  0.1976  decay_linear(cs_rank(-1 * stddev(delta(close, 1), 20)), 120)
[execution_aware] iter  3/50 [OK ] reward=  0.1798  decay_linear(cs_rank(-1 * stddev(delta(close, 1), 20)), 240)
[execution_aware] iter  4/50 [ERR] reward=    -inf  decay_linear(cs_rank(-1 * stddev(delta(close, 1), 20)), 360)
[execution_aware] iter  5/50 [OK ] reward=  0.1873  decay_linear(cs_rank(-1 * stddev(delta(close, 1), 20)), 180)
[execution_aware] iter  6/50 [OK ] reward=  0.1798  decay_linear(cs_rank(-1 * stddev(delta(close, 1), 20)), 240)
[execution_aware] iter  7/50 [OK ] reward=  0.1776  decay_linear(cs_rank(-1 * stddev(delta(close, 1), 30)), 240)
[execution_aware] iter  8/50 [OK ] reward=  0.1798  decay_linear(cs_rank(-1 * stddev(delta(close, 1), 20)), 240)
[execution_aware] iter  9/50 [ERR] reward=    -inf  decay_linear(cs_rank(-1 * stddev(delta(close, 1), 20)), 360)
[execution_aware] iter 10/50 [OK ] reward=  0.1976  decay_linear(cs_rank(-1 * stddev(delta(close, 1), 20)), 120)
[execution_aware] iter 11/50 [OK ] reward=  0.1798  decay_linear(cs_rank(-1 * stddev(delta(close, 1), 20)), 240)
[execution_aware] iter 12/50 [ERR] reward=    -inf  decay_linear(cs_rank(-1 * stddev(delta(close, 1), 20)), 300)
[execution_aware] iter 13/50 [OK ] reward=  0.1917  decay_linear(cs_rank(-1 * stddev(delta(close, 1), 20)), 100)
[execution_aware] iter 14/50 [OK ] reward=  0.1798  decay_linear(cs_rank(-1 * stddev(delta(close, 1), 20)), 240)
[execution_aware] iter 15/50 [ERR] reward=    -inf  decay_linear(cs_rank(-1 * stddev(delta(close, 1), 20)), 360)
[execution_aware] iter 16/50 [OK ] reward=  0.1873  decay_linear(cs_rank(-1 * stddev(delta(close, 1), 20)), 180)
[execution_aware] iter 17/50 [OK ] reward=  0.1798  decay_linear(cs_rank(-1 * stddev(delta(close, 1), 20)), 240)
[execution_aware] iter 18/50 [ERR] reward=    -inf  decay_linear(cs_rank(-1 * stddev(delta(close, 1), 20)), 360)
[execution_aware] iter 19/50 [OK ] reward=  0.1873  decay_linear(cs_rank(-1 * stddev(delta(close, 1), 20)), 180)
[execution_aware] iter 20/50 [OK ] reward=  0.1798  decay_linear(cs_rank(-1 * stddev(delta(close, 1), 20)), 240)
[execution_aware] iter 21/50 [OK ] reward=  0.1873  decay_linear(cs_rank(-1 * stddev(delta(close, 1), 20)), 180)
[execution_aware] iter 22/50 [OK ] reward=  0.1798  decay_linear(cs_rank(-1 * stddev(delta(close, 1), 20)), 240)
[execution_aware] iter 23/50 [OK ] reward=  0.1873  decay_linear(cs_rank(-1 * stddev(delta(close, 1), 20)), 180)
[execution_aware] iter 24/50 [OK ] reward=  0.1798  decay_linear(cs_rank(-1 * stddev(delta(close, 1), 20)), 240)
[execution_aware] iter 25/50 [ERR] reward=    -inf  decay_linear(cs_rank(-1 * stddev(delta(close, 1), 20)), 360)
[execution_aware] iter 26/50 [OK ] reward=  0.1873  decay_linear(cs_rank(-1 * stddev(delta(close, 1), 20)), 180)
[execution_aware] iter 27/50 [OK ] reward=  0.1798  decay_linear(cs_rank(-1 * stddev(delta(close, 1), 20)), 240)
[execution_aware] iter 28/50 [ERR] reward=    -inf  decay_linear(cs_rank(-1 * stddev(delta(close, 1), 20)), 360)
[execution_aware] iter 29/50 [OK ] reward=  0.1873  decay_linear(cs_rank(-1 * stddev(delta(close, 1), 20)), 180)
[execution_aware] iter 30/50 [ERR] reward=    -inf  decay_linear(cs_rank(-1 * stddev(delta(close, 1), 20)), 360)
[execution_aware] iter 31/50 [OK ] reward=  0.1873  decay_linear(cs_rank(-1 * stddev(delta(close, 1), 20)), 180)
[execution_aware] iter 32/50 [OK ] reward=  0.1798  decay_linear(cs_rank(-1 * stddev(delta(close, 1), 20)), 240)
[execution_aware] iter 33/50 [ERR] reward=    -inf  decay_linear(cs_rank(-1 * stddev(delta(close, 1), 20)), 360)
[execution_aware] iter 34/50 [OK ] reward=  0.1917  decay_linear(cs_rank(-1 * stddev(delta(close, 1), 20)), 100)
[execution_aware] iter 35/50 [OK ] reward=  0.1966  decay_linear(cs_rank(-1 * stddev(delta(close, 1), 20)), 150)
[execution_aware] iter 36/50 [OK ] reward=  0.1873  decay_linear(cs_rank(-1 * stddev(delta(close, 1), 20)), 180)
[execution_aware] iter 37/50 [OK ] reward=  0.1776  decay_linear(cs_rank(-1 * stddev(delta(close, 1), 30)), 240)
[execution_aware] iter 38/50 [OK ] reward=  0.1873  decay_linear(cs_rank(-1 * stddev(delta(close, 1), 20)), 180)
[execution_aware] iter 39/50 [OK ] reward=  0.1798  decay_linear(cs_rank(-1 * stddev(delta(close, 1), 20)), 240)
[execution_aware] iter 40/50 [ERR] reward=    -inf  decay_linear(cs_rank(-1 * stddev(delta(close, 1), 20)), 360)
[execution_aware] iter 41/50 [OK ] reward=  0.1873  decay_linear(cs_rank(-1 * stddev(delta(close, 1), 20)), 180)
[execution_aware] iter 42/50 [OK ] reward=  0.1798  decay_linear(cs_rank(-1 * stddev(delta(close, 1), 20)), 240)
[execution_aware] iter 43/50 [OK ] reward=  0.1798  decay_linear(cs_rank(-1 * stddev(delta(close, 1), 20)), 240)
[execution_aware] iter 44/50 [ERR] reward=    -inf  decay_linear(cs_rank(-1 * stddev(delta(close, 1), 20)), 360)
[execution_aware] iter 45/50 [OK ] reward=  0.1917  decay_linear(cs_rank(-1 * stddev(delta(close, 1), 20)), 100)
[execution_aware] iter 46/50 [OK ] reward=  0.1966  decay_linear(cs_rank(-1 * stddev(delta(close, 1), 20)), 150)
[execution_aware] iter 47/50 [OK ] reward=  0.1841  decay_linear(cs_rank(-1 * stddev(delta(close, 1), 20)), 200)
[execution_aware] iter 48/50 [OK ] reward=  0.1798  decay_linear(cs_rank(-1 * stddev(delta(close, 1), 20)), 240)
[execution_aware] iter 49/50 [ERR] reward=    -inf  decay_linear(cs_rank(-1 * stddev(delta(close, 1), 20)), 360)
[execution_aware] iter 50/50 [OK ] reward=  0.1976  decay_linear(cs_rank(-1 * stddev(delta(close, 1), 20)), 120)
[wfo:execution_aware] fold 7 winner: decay_linear(cs_rank(-1 * stddev(delta(close, 1), 20)), 120)
[wfo:execution_aware] fold 7 OOS: Gross_IR=2.398 Turnover=3.32 Net_IR=2.166
[wfo:execution_aware] fold 8: train 2009-01-01..2013-12-31 -> test 2014-01-01..2014-12-31
[execution_aware] iter  0/50 [SEED] reward= -0.8541  rank(-1 * stddev(delta(close, 1), 20))
[execution_aware] iter  1/50 [OK ] reward=  0.2875  decay_linear(rank(-1 * stddev(delta(close, 1), 20)), 60)
[execution_aware] iter  2/50 [OK ] reward=  0.3143  decay_linear(rank(-1 * stddev(delta(close, 1), 20)), 120)
[execution_aware] iter  3/50 [OK ] reward=  0.2844  decay_linear(rank(-1 * stddev(delta(close, 1), 20)), 240)
[execution_aware] iter  4/50 [ERR] reward=    -inf  decay_linear(rank(-1 * stddev(delta(close, 1), 20)), 360)
[execution_aware] iter  5/50 [OK ] reward=  0.2954  decay_linear(cs_rank(-1 * stddev(delta(close, 1), 20)), 180)
[execution_aware] iter  6/50 [OK ] reward=  0.2844  decay_linear(cs_rank(-1 * stddev(delta(close, 1), 20)), 240)
[execution_aware] iter  7/50 [ERR] reward=    -inf  decay_linear(cs_rank(-1 * stddev(delta(close, 1), 20)), 360)
[execution_aware] iter  8/50 [OK ] reward=  0.3143  decay_linear(cs_rank(-1 * stddev(delta(close, 1), 20)), 120)
[execution_aware] iter  9/50 [OK ] reward=  0.2844  decay_linear(cs_rank(-1 * stddev(delta(close, 1), 20)), 240)
[execution_aware] iter 10/50 [ERR] reward=    -inf  decay_linear(cs_rank(-1 * stddev(delta(close, 1), 20)), 360)
[execution_aware] iter 11/50 [OK ] reward=  0.3143  decay_linear(cs_rank(-1 * stddev(delta(close, 1), 20)), 120)
[execution_aware] iter 12/50 [OK ] reward=  0.2844  decay_linear(cs_rank(-1 * stddev(delta(close, 1), 20)), 240)
[execution_aware] iter 13/50 [ERR] reward=    -inf  decay_linear(cs_rank(-1 * stddev(delta(close, 1), 20)), 360)
[execution_aware] iter 14/50 [OK ] reward=  0.3143  decay_linear(cs_rank(-1 * stddev(delta(close, 1), 20)), 120)
[execution_aware] iter 15/50 [OK ] reward=  0.2844  decay_linear(cs_rank(-1 * stddev(delta(close, 1), 20)), 240)
[execution_aware] iter 16/50 [ERR] reward=    -inf  decay_linear(cs_rank(-1 * stddev(delta(close, 1), 20)), 360)
[execution_aware] iter 17/50 [OK ] reward=  0.3143  decay_linear(cs_rank(-1 * stddev(delta(close, 1), 20)), 120)
[execution_aware] iter 18/50 [OK ] reward=  0.2844  decay_linear(cs_rank(-1 * stddev(delta(close, 1), 20)), 240)
[execution_aware] iter 19/50 [OK ] reward=  0.2844  decay_linear(cs_rank(-1 * stddev(delta(close, 1), 20)), 240)
[execution_aware] iter 20/50 [ERR] reward=    -inf  decay_linear(cs_rank(-1 * stddev(delta(close, 1), 20)), 360)
[execution_aware] iter 21/50 [OK ] reward=  0.3143  decay_linear(cs_rank(-1 * stddev(delta(close, 1), 20)), 120)
[execution_aware] iter 22/50 [OK ] reward=  0.2844  decay_linear(cs_rank(-1 * stddev(delta(close, 1), 20)), 240)
[execution_aware] iter 23/50 [ERR] reward=    -inf  decay_linear(cs_rank(-1 * stddev(delta(close, 1), 20)), 300)
[execution_aware] iter 24/50 [OK ] reward=  0.3143  decay_linear(cs_rank(-1 * stddev(delta(close, 1), 20)), 120)
[execution_aware] iter 25/50 [OK ] reward=  0.2844  decay_linear(cs_rank(-1 * stddev(delta(close, 1), 20)), 240)
[execution_aware] iter 26/50 [ERR] reward=    -inf  decay_linear(cs_rank(-1 * stddev(delta(close, 1), 20)), 300)
[execution_aware] iter 27/50 [OK ] reward=  0.3143  decay_linear(cs_rank(-1 * stddev(delta(close, 1), 20)), 120)
[execution_aware] iter 28/50 [OK ] reward=  0.2844  decay_linear(cs_rank(-1 * stddev(delta(close, 1), 20)), 240)
[execution_aware] iter 29/50 [ERR] reward=    -inf  decay_linear(cs_rank(-1 * stddev(delta(close, 1), 20)), 360)
[execution_aware] iter 30/50 [OK ] reward=  0.3143  decay_linear(cs_rank(-1 * stddev(delta(close, 1), 20)), 120)
[execution_aware] iter 31/50 [OK ] reward=  0.2844  decay_linear(cs_rank(-1 * stddev(delta(close, 1), 20)), 240)
[execution_aware] iter 32/50 [ERR] reward=    -inf  decay_linear(cs_rank(-1 * stddev(delta(close, 1), 20)), 360)
[execution_aware] iter 33/50 [OK ] reward=  0.3143  decay_linear(cs_rank(-1 * stddev(delta(close, 1), 20)), 120)
[execution_aware] iter 34/50 [OK ] reward=  0.2954  decay_linear(cs_rank(-1 * stddev(delta(close, 1), 20)), 180)
[execution_aware] iter 35/50 [OK ] reward=  0.2844  decay_linear(cs_rank(-1 * stddev(delta(close, 1), 20)), 240)
[execution_aware] iter 36/50 [ERR] reward=    -inf  decay_linear(cs_rank(-1 * stddev(delta(close, 1), 20)), 360)
[execution_aware] iter 37/50 [OK ] reward=  0.3143  decay_linear(cs_rank(-1 * stddev(delta(close, 1), 20)), 120)
[execution_aware] iter 38/50 [OK ] reward=  0.2844  decay_linear(cs_rank(-1 * stddev(delta(close, 1), 20)), 240)
[execution_aware] iter 39/50 [ERR] reward=    -inf  decay_linear(cs_rank(-1 * stddev(delta(close, 1), 20)), 360)
[execution_aware] iter 40/50 [OK ] reward=  0.3143  decay_linear(cs_rank(-1 * stddev(delta(close, 1), 20)), 120)
[execution_aware] iter 41/50 [OK ] reward=  0.2844  decay_linear(cs_rank(-1 * stddev(delta(close, 1), 20)), 240)
[execution_aware] iter 42/50 [ERR] reward=    -inf  decay_linear(cs_rank(-1 * stddev(delta(close, 1), 20)), 360)
[execution_aware] iter 43/50 [OK ] reward=  0.3143  decay_linear(cs_rank(-1 * stddev(delta(close, 1), 20)), 120)
[execution_aware] iter 44/50 [OK ] reward=  0.2844  decay_linear(cs_rank(-1 * stddev(delta(close, 1), 20)), 240)
[execution_aware] iter 45/50 [ERR] reward=    -inf  decay_linear(cs_rank(-1 * stddev(delta(close, 1), 20)), 360)
[execution_aware] iter 46/50 [OK ] reward=  0.3143  decay_linear(cs_rank(-1 * stddev(delta(close, 1), 20)), 120)
[execution_aware] iter 47/50 [OK ] reward=  0.2844  decay_linear(cs_rank(-1 * stddev(delta(close, 1), 20)), 240)
[execution_aware] iter 48/50 [ERR] reward=    -inf  decay_linear(cs_rank(-1 * stddev(delta(close, 1), 20)), 360)
[execution_aware] iter 49/50 [OK ] reward=  0.3143  decay_linear(cs_rank(-1 * stddev(delta(close, 1), 20)), 120)
[execution_aware] iter 50/50 [OK ] reward=  0.3001  decay_linear(rank(-1 * stddev(delta(close, 1), 30)), 150)
[wfo:execution_aware] fold 8 winner: decay_linear(rank(-1 * stddev(delta(close, 1), 20)), 120)
[wfo:execution_aware] fold 8 OOS: Gross_IR=0.084 Turnover=3.44 Net_IR=-0.097
[wfo:execution_aware] fold 9: train 2010-01-01..2014-12-31 -> test 2015-01-01..2015-12-31
[execution_aware] iter  0/50 [SEED] reward= -0.7798  rank(-1 * stddev(delta(close, 1), 20))
[execution_aware] iter  1/50 [OK ] reward=  0.3170  decay_linear(rank(-1 * stddev(delta(close, 1), 20)), 60)
[execution_aware] iter  2/50 [OK ] reward=  0.3817  decay_linear(cs_rank(-1 * stddev(delta(close, 1), 20)), 120)
[execution_aware] iter  3/50 [OK ] reward=  0.3947  decay_linear(cs_rank(-1 * stddev(delta(close, 1), 20)), 240)
[execution_aware] iter  4/50 [ERR] reward=    -inf  decay_linear(cs_rank(-1 * stddev(delta(close, 1), 20)), 480)
[execution_aware] iter  5/50 [OK ] reward=  0.3947  decay_linear(cs_rank(-1 * stddev(delta(close, 1), 20)), 240)
[execution_aware] iter  6/50 [ERR] reward=    -inf  decay_linear(cs_rank(-1 * stddev(delta(close, 1), 20)), 360)
[execution_aware] iter  7/50 [OK ] reward=  0.3906  decay_linear(cs_rank(-1 * stddev(delta(close, 1), 20)), 200)
[execution_aware] iter  8/50 [ERR] reward=    -inf  decay_linear(cs_rank(-1 * stddev(delta(close, 1), 20)), 300)
[execution_aware] iter  9/50 [OK ] reward=  0.3917  decay_linear(cs_rank(-1 * stddev(delta(close, 1), 20)), 220)
[execution_aware] iter 10/50 [ERR] reward=    -inf  decay_linear(cs_rank(-1 * stddev(delta(close, 1), 20)), 300)
[execution_aware] iter 11/50 [OK ] reward=  0.3947  decay_linear(cs_rank(-1 * stddev(delta(close, 1), 20)), 240)
[execution_aware] iter 12/50 [ERR] reward=    -inf  decay_linear(cs_rank(-1 * stddev(delta(close, 1), 20)), 500)
[execution_aware] iter 13/50 [OK ] reward=  0.3947  decay_linear(cs_rank(-1 * stddev(delta(close, 1), 20)), 240)
[execution_aware] iter 14/50 [ERR] reward=    -inf  decay_linear(cs_rank(-1 * stddev(delta(close, 1), 20)), 360)
[execution_aware] iter 15/50 [OK ] reward=-23.8435  decay_linear(cs_rank(-1 * stddev(delta(close, 1), 20)), 240) + cs_rank(vwap - close)
[execution_aware] iter 16/50 [ERR] reward=    -inf  decay_linear(cs_rank(-1 * stddev(delta(close, 1), 20)), 360)
[execution_aware] iter 17/50 [OK ] reward=  0.4156  decay_linear(cs_rank(-1 * stddev(delta(close, 1), 20)), 240) + decay_linear(cs_rank(volume), 240)
[execution_aware] iter 18/50 [ERR] reward=    -inf  decay_linear(cs_rank(-1 * stddev(delta(close, 1), 20)), 360) + cs_rank(volume)
[execution_aware] iter 19/50 [OK ] reward= -0.1267  decay_linear(cs_rank(-1 * stddev(delta(close, 1), 20)), 240) + decay_linear(cs_rank(volume), 240) * cs_rank(close)
[execution_aware] iter 20/50 [OK ] reward=  0.4156  decay_linear(cs_rank(-1 * stddev(delta(close, 1), 20)), 240) + decay_linear(cs_rank(volume), 240)
[execution_aware] iter 21/50 [ERR] reward=    -inf  decay_linear(cs_rank(-1 * stddev(delta(close, 1), 20)), 360) + decay_linear(cs_rank(volume), 360)
[execution_aware] iter 22/50 [OK ] reward=  0.4043  decay_linear(cs_rank(-1 * stddev(delta(close, 1), 20)), 240) + decay_linear(cs_rank(volume), 180)
[execution_aware] iter 23/50 [ERR] reward=    -inf  decay_linear(cs_rank(-1 * stddev(delta(close, 1), 20)), 300) + decay_linear(cs_rank(volume), 300)
[execution_aware] iter 24/50 [OK ] reward= -0.3220  decay_linear(cs_rank(-1 * stddev(delta(close, 1), 20)), 240) + decay_linear(cs_rank(vwap), 240)
[execution_aware] iter 25/50 [ERR] reward=    -inf  decay_linear(cs_rank(-1 * stddev(delta(close, 1), 20)), 360) + decay_linear(cs_rank(volume), 360)
[execution_aware] iter 26/50 [OK ] reward=  0.4043  decay_linear(cs_rank(-1 * stddev(delta(close, 1), 20)), 240) + decay_linear(cs_rank(volume), 180)
[execution_aware] iter 27/50 [OK ] reward=  0.4156  decay_linear(cs_rank(-1 * stddev(delta(close, 1), 20)), 240) + decay_linear(cs_rank(volume), 240)
[execution_aware] iter 28/50 [ERR] reward=    -inf  decay_linear(cs_rank(-1 * stddev(delta(close, 1), 20)), 360) + decay_linear(cs_rank(volume), 360)
[execution_aware] iter 29/50 [OK ] reward=  0.4043  decay_linear(cs_rank(-1 * stddev(delta(close, 1), 20)), 240) + decay_linear(cs_rank(volume), 180)
[execution_aware] iter 30/50 [OK ] reward=  0.0412  decay_linear(cs_rank(-1 * stddev(delta(close, 1), 20)), 240) + decay_linear(cs_rank(volume), 240) + decay_linear(cs_rank(high - low), 240)
[execution_aware] iter 31/50 [ERR] reward=    -inf  decay_linear(cs_rank(-1 * stddev(delta(close, 1), 20)), 360) + decay_linear(cs_rank(volume), 360)
[execution_aware] iter 32/50 [OK ] reward=  0.0203  decay_linear(cs_rank(-1 * stddev(delta(close, 1), 20)), 240) + decay_linear(cs_rank(volume), 240) + decay_linear(cs_rank((close - open) / (high - low + 1e-5)), 240)
[execution_aware] iter 33/50 [ERR] reward=    -inf  decay_linear(cs_rank(-1 * stddev(delta(close, 1), 20)), 480) + decay_linear(cs_rank(volume), 480)
[execution_aware] iter 34/50 [OK ] reward=  0.2199  decay_linear(cs_rank(-1 * stddev(delta(close, 1), 20)), 240) + decay_linear(cs_rank(volume), 240) + decay_linear(cs_rank(vwap - close), 240)
[execution_aware] iter 35/50 [ERR] reward=    -inf  decay_linear(cs_rank(-1 * stddev(delta(close, 1), 20)), 480) + decay_linear(cs_rank(volume), 480)
[execution_aware] iter 36/50 [OK ] reward= -0.3220  decay_linear(cs_rank(-1 * stddev(delta(close, 1), 20)), 240) + decay_linear(cs_rank(vwap), 240)
[execution_aware] iter 37/50 [ERR] reward=    -inf  decay_linear(cs_rank(-1 * stddev(delta(close, 1), 20)), 300) + decay_linear(cs_rank(volume), 300)
[execution_aware] iter 38/50 [OK ] reward= -0.3220  decay_linear(cs_rank(-1 * stddev(delta(close, 1), 20)), 240) + decay_linear(cs_rank(vwap), 240)
[execution_aware] iter 39/50 [ERR] reward=    -inf  decay_linear(cs_rank(-1 * stddev(delta(close, 1), 20)), 360) + decay_linear(cs_rank(volume), 360)
[execution_aware] iter 40/50 [OK ] reward=  0.4043  decay_linear(cs_rank(-1 * stddev(delta(close, 1), 20)), 240) + decay_linear(cs_rank(volume), 180)
[execution_aware] iter 41/50 [ERR] reward=    -inf  decay_linear(cs_rank(-1 * stddev(delta(close, 1), 20)), 360) + decay_linear(cs_rank(volume), 360)
[execution_aware] iter 42/50 [OK ] reward=  0.3799  decay_linear(cs_rank(-1 * stddev(delta(close, 1), 20)), 240) + decay_linear(cs_rank(volume), 120)
[execution_aware] iter 43/50 [ERR] reward=    -inf  decay_linear(cs_rank(-1 * stddev(delta(close, 1), 20)), 360) + decay_linear(cs_rank(volume), 360)
[execution_aware] iter 44/50 [OK ] reward=  0.2199  decay_linear(cs_rank(-1 * stddev(delta(close, 1), 20)), 240) + decay_linear(cs_rank(volume), 240) + decay_linear(cs_rank(vwap - close), 240)
[execution_aware] iter 45/50 [OK ] reward=  0.4156  decay_linear(cs_rank(-1 * stddev(delta(close, 1), 20)), 240) + decay_linear(cs_rank(volume), 240)
[execution_aware] iter 46/50 [ERR] reward=    -inf  decay_linear(cs_rank(-1 * stddev(delta(close, 1), 20)), 360) + decay_linear(cs_rank(volume), 360)
[execution_aware] iter 47/50 [OK ] reward=  0.4156  decay_linear(cs_rank(-1 * stddev(delta(close, 1), 20)), 240) + decay_linear(cs_rank(volume), 240)
[execution_aware] iter 48/50 [ERR] reward=    -inf  decay_linear(cs_rank(-1 * stddev(delta(close, 1), 20)), 360) + decay_linear(cs_rank(volume), 360)
[execution_aware] iter 49/50 [OK ] reward=  0.4156  decay_linear(cs_rank(-1 * stddev(delta(close, 1), 20)), 240) + decay_linear(cs_rank(volume), 240)
[execution_aware] iter 50/50 [ERR] reward=    -inf  decay_linear(cs_rank(-1 * stddev(delta(close, 1), 20)), 360) + decay_linear(cs_rank(volume), 360)
[wfo:execution_aware] fold 9 winner: decay_linear(cs_rank(-1 * stddev(delta(close, 1), 20)), 240) + decay_linear(cs_rank(volume), 240)
[wfo:execution_aware] fold 9 OOS: Gross_IR=0.348 Turnover=3.04 Net_IR=0.149
[wfo:execution_aware] fold 10: train 2011-01-01..2015-12-31 -> test 2016-01-01..2016-12-31
[execution_aware] iter  0/50 [SEED] reward= -0.6866  rank(-1 * stddev(delta(close, 1), 20))
[execution_aware] iter  1/50 [OK ] reward=  0.5446  decay_linear(rank(-1 * stddev(delta(close, 1), 20)), 100)
[execution_aware] iter  2/50 [OK ] reward=  0.6102  decay_linear(rank(-1 * stddev(delta(close, 1), 20)), 200)
[execution_aware] iter  3/50 [ERR] reward=    -inf  decay_linear(rank(-1 * stddev(delta(close, 1), 20)), 400)
[execution_aware] iter  4/50 [OK ] reward=  0.6102  decay_linear(cs_rank(-1 * stddev(delta(close, 1), 20)), 200)
[execution_aware] iter  5/50 [ERR] reward=    -inf  decay_linear(cs_rank(-1 * stddev(delta(close, 1), 20)), 500)
[execution_aware] iter  6/50 [OK ] reward=  0.6102  decay_linear(cs_rank(-1 * stddev(delta(close, 1), 20)), 200)
[execution_aware] iter  7/50 [ERR] reward=    -inf  decay_linear(cs_rank(-1 * stddev(delta(close, 1), 20)), 500)
[execution_aware] iter  8/50 [OK ] reward=  0.6102  decay_linear(cs_rank(-1 * stddev(delta(close, 1), 20)), 200)
[execution_aware] iter  9/50 [ERR] reward=    -inf  decay_linear(cs_rank(-1 * stddev(delta(close, 1), 20)), 400)
[execution_aware] iter 10/50 [OK ] reward=  0.6102  decay_linear(cs_rank(-1 * stddev(delta(close, 1), 20)), 200)
[execution_aware] iter 11/50 [ERR] reward=    -inf  decay_linear(cs_rank(-1 * stddev(delta(close, 1), 20)), 300)
[execution_aware] iter 12/50 [OK ] reward=  0.6102  decay_linear(cs_rank(-1 * stddev(delta(close, 1), 20)), 200)
[execution_aware] iter 13/50 [ERR] reward=    -inf  decay_linear(cs_rank(-1 * stddev(delta(close, 1), 30)), 300)
[execution_aware] iter 14/50 [OK ] reward=  0.6102  decay_linear(cs_rank(-1 * stddev(delta(close, 1), 20)), 200)
[execution_aware] iter 15/50 [ERR] reward=    -inf  decay_linear(cs_rank(-1 * stddev(delta(close, 1), 20)), 400)
[execution_aware] iter 16/50 [OK ] reward= -2.0945  decay_linear(ts_rank(-1 * stddev(delta(close, 1), 20), 20), 200)
[execution_aware] iter 17/50 [OK ] reward= -1.5728  decay_linear(ts_rank(-1 * stddev(delta(close, 1), 20), 50), 200)
[execution_aware] iter 18/50 [ERR] reward=    -inf  decay_linear(rank(-1 * stddev(delta(close, 1), 20)), 400)
[execution_aware] iter 19/50 [OK ] reward=  0.5960  decay_linear(rank(-1 * stddev(delta(close, 1), 20)), 150)
[execution_aware] iter 20/50 [ERR] reward=    -inf  decay_linear(rank(-1 * stddev(delta(close, 1), 20)), 400)
[execution_aware] iter 21/50 [OK ] reward=  0.5960  decay_linear(rank(-1 * stddev(delta(close, 1), 20)), 150)
[execution_aware] iter 22/50 [ERR] reward=    -inf  decay_linear(rank(-1 * stddev(delta(close, 1), 20)), 300)
[execution_aware] iter 23/50 [OK ] reward=  0.6102  decay_linear(rank(-1 * stddev(delta(close, 1), 20)), 200)
[execution_aware] iter 24/50 [ERR] reward=    -inf  decay_linear(cs_rank(-1 * stddev(delta(close, 1), 20)), 400)
[execution_aware] iter 25/50 [OK ] reward=  0.6102  decay_linear(cs_rank(-1 * stddev(delta(close, 1), 20)), 200)
[execution_aware] iter 26/50 [ERR] reward=    -inf  decay_linear(cs_rank(-1 * stddev(delta(close, 1), 20)), 400)
[execution_aware] iter 27/50 [OK ] reward=  0.6102  decay_linear(cs_rank(-1 * stddev(delta(close, 1), 20)), 200)
[execution_aware] iter 28/50 [ERR] reward=    -inf  decay_linear(cs_rank(-1 * stddev(delta(close, 1), 20)), 400)
[execution_aware] iter 29/50 [OK ] reward=  0.6102  decay_linear(cs_rank(-1 * stddev(delta(close, 1), 20)), 200)
[execution_aware] iter 30/50 [ERR] reward=    -inf  decay_linear(cs_rank(-1 * stddev(delta(close, 1), 20)), 300)
[execution_aware] iter 31/50 [OK ] reward=  0.6102  decay_linear(cs_rank(-1 * stddev(delta(close, 1), 20)), 200)
[execution_aware] iter 32/50 [ERR] reward=    -inf  decay_linear(cs_rank(-1 * stddev(delta(close, 1), 20)), 500)
[execution_aware] iter 33/50 [OK ] reward=  0.6102  decay_linear(cs_rank(-1 * stddev(delta(close, 1), 20)), 200)
[execution_aware] iter 34/50 [ERR] reward=    -inf  decay_linear(cs_rank(-1 * stddev(delta(close, 1), 20)), 400)
[execution_aware] iter 35/50 [OK ] reward=  0.6102  decay_linear(cs_rank(-1 * stddev(delta(close, 1), 20)), 200)
[execution_aware] iter 36/50 [ERR] reward=    -inf  decay_linear(cs_rank(-1 * stddev(delta(close, 1), 20)), 400)
[execution_aware] iter 37/50 [OK ] reward=  0.6102  decay_linear(cs_rank(-1 * stddev(delta(close, 1), 20)), 200)
[execution_aware] iter 38/50 [ERR] reward=    -inf  decay_linear(cs_rank(-1 * stddev(delta(close, 1), 20)), 400)
[execution_aware] iter 39/50 [OK ] reward=  0.6102  decay_linear(cs_rank(-1 * stddev(delta(close, 1), 20)), 200)
[execution_aware] iter 40/50 [ERR] reward=    -inf  decay_linear(cs_rank(-1 * stddev(delta(close, 1), 20)), 400)
[execution_aware] iter 41/50 [OK ] reward=  0.6102  decay_linear(cs_rank(-1 * stddev(delta(close, 1), 20)), 200)
[execution_aware] iter 42/50 [ERR] reward=    -inf  decay_linear(cs_rank(-1 * stddev(delta(close, 1), 20)), 400)
[execution_aware] iter 43/50 [OK ] reward=  0.6102  decay_linear(cs_rank(-1 * stddev(delta(close, 1), 20)), 200)
[execution_aware] iter 44/50 [ERR] reward=    -inf  decay_linear(cs_rank(-1 * stddev(delta(close, 1), 20)), 400)
[execution_aware] iter 45/50 [OK ] reward=  0.6102  decay_linear(cs_rank(-1 * stddev(delta(close, 1), 20)), 200)
[execution_aware] iter 46/50 [ERR] reward=    -inf  decay_linear(cs_rank(-1 * stddev(delta(close, 1), 20)), 400)
[execution_aware] iter 47/50 [OK ] reward=  0.6102  decay_linear(cs_rank(-1 * stddev(delta(close, 1), 20)), 200)
[execution_aware] iter 48/50 [ERR] reward=    -inf  decay_linear(cs_rank(-1 * stddev(delta(close, 1), 20)), 400)
[execution_aware] iter 49/50 [OK ] reward=  0.6102  decay_linear(cs_rank(-1 * stddev(delta(close, 1), 20)), 200)
[execution_aware] iter 50/50 [ERR] reward=    -inf  decay_linear(cs_rank(-1 * stddev(delta(close, 1), 20)), 500)
[wfo:execution_aware] fold 10 winner: decay_linear(rank(-1 * stddev(delta(close, 1), 20)), 200)
[wfo:execution_aware] fold 10 OOS: Gross_IR=1.721 Turnover=3.61 Net_IR=1.493
[wfo:execution_aware] fold 11: train 2012-01-01..2016-12-31 -> test 2017-01-01..2017-12-31
[execution_aware] iter  0/50 [SEED] reward= -0.3610  rank(-1 * stddev(delta(close, 1), 20))
[execution_aware] iter  1/50 [OK ] reward=  0.7885  decay_linear(rank(-1 * stddev(delta(close, 1), 20)), 100)
[execution_aware] iter  2/50 [OK ] reward=  0.8421  decay_linear(rank(-1 * stddev(delta(close, 1), 20)), 200)
[execution_aware] iter  3/50 [ERR] reward=    -inf  decay_linear(rank(-1 * stddev(delta(close, 1), 20)), 400)
[execution_aware] iter  4/50 [OK ] reward=  0.8421  decay_linear(rank(-1 * stddev(delta(close, 1), 20)), 200)
[execution_aware] iter  5/50 [ERR] reward=    -inf  decay_linear(rank(-1 * stddev(delta(close, 1), 20)), 500)
[execution_aware] iter  6/50 [OK ] reward=  0.8421  decay_linear(cs_rank(-1 * stddev(delta(close, 1), 20)), 200)
[execution_aware] iter  7/50 [ERR] reward=    -inf  decay_linear(cs_rank(-1 * stddev(delta(close, 1), 20)), 400)
[execution_aware] iter  8/50 [OK ] reward=  0.8421  decay_linear(cs_rank(-1 * stddev(delta(close, 1), 20)), 200)
[execution_aware] iter  9/50 [ERR] reward=    -inf  decay_linear(cs_rank(-1 * stddev(delta(close, 1), 20)), 400)
[execution_aware] iter 10/50 [OK ] reward=  0.8421  decay_linear(cs_rank(-1 * stddev(delta(close, 1), 20)), 200)
[execution_aware] iter 11/50 [ERR] reward=    -inf  decay_linear(ts_rank(-1 * stddev(delta(close, 1), 20), 252), 400)
[execution_aware] iter 12/50 [OK ] reward= -0.9018  decay_linear(ts_rank(-1 * stddev(delta(close, 1), 20), 200), 200)
[execution_aware] iter 13/50 [ERR] reward=    -inf  decay_linear(cs_rank(-1 * stddev(delta(close, 1), 20)), 400)
[execution_aware] iter 14/50 [OK ] reward=  0.8421  decay_linear(cs_rank(-1 * stddev(delta(close, 1), 20)), 200)
[execution_aware] iter 15/50 [ERR] reward=    -inf  decay_linear(cs_rank(-1 * stddev(delta(close, 1), 20)), 400)
[execution_aware] iter 16/50 [OK ] reward=  0.8421  decay_linear(cs_rank(-1 * stddev(delta(close, 1), 20)), 200)
[execution_aware] iter 17/50 [ERR] reward=    -inf  decay_linear(cs_rank(-1 * stddev(delta(close, 1), 20)), 400)
[execution_aware] iter 18/50 [OK ] reward=  0.8421  decay_linear(cs_rank(-1 * stddev(delta(close, 1), 20)), 200)
[execution_aware] iter 19/50 [ERR] reward=    -inf  decay_linear(cs_rank(-1 * stddev(delta(close, 1), 20)), 400)
[execution_aware] iter 20/50 [OK ] reward=  0.8421  decay_linear(cs_rank(-1 * stddev(delta(close, 1), 20)), 200)
[execution_aware] iter 21/50 [ERR] reward=    -inf  decay_linear(cs_rank(-1 * stddev(delta(close, 1), 20)), 400)
[execution_aware] iter 22/50 [OK ] reward=  0.8421  decay_linear(cs_rank(-1 * stddev(delta(close, 1), 20)), 200)
[execution_aware] iter 23/50 [ERR] reward=    -inf  decay_linear(cs_rank(-1 * stddev(delta(close, 1), 20)), 400)
[execution_aware] iter 24/50 [OK ] reward=  0.8421  decay_linear(cs_rank(-1 * stddev(delta(close, 1), 20)), 200)
[execution_aware] iter 25/50 [ERR] reward=    -inf  decay_linear(cs_rank(-1 * stddev(delta(close, 1), 20)), 300)
[execution_aware] iter 26/50 [OK ] reward=  0.8421  decay_linear(cs_rank(-1 * stddev(delta(close, 1), 20)), 200)
[execution_aware] iter 27/50 [ERR] reward=    -inf  decay_linear(cs_rank(-1 * stddev(delta(close, 1), 20)), 400)
[execution_aware] iter 28/50 [OK ] reward=  0.8421  decay_linear(cs_rank(-1 * stddev(delta(close, 1), 20)), 200)
[execution_aware] iter 29/50 [ERR] reward=    -inf  decay_linear(cs_rank(-1 * stddev(delta(close, 1), 20)), 300)
[execution_aware] iter 30/50 [OK ] reward=  0.8421  decay_linear(cs_rank(-1 * stddev(delta(close, 1), 20)), 200)
[execution_aware] iter 31/50 [ERR] reward=    -inf  decay_linear(cs_rank(-1 * stddev(delta(close, 1), 30)), 300)
[execution_aware] iter 32/50 [OK ] reward=  0.8421  decay_linear(cs_rank(-1 * stddev(delta(close, 1), 20)), 200)
[execution_aware] iter 33/50 [ERR] reward=    -inf  decay_linear(cs_rank(-1 * stddev(delta(close, 1), 30)), 300)
[execution_aware] iter 34/50 [OK ] reward=  0.8421  decay_linear(cs_rank(-1 * stddev(delta(close, 1), 20)), 200)
[execution_aware] iter 35/50 [ERR] reward=    -inf  decay_linear(cs_rank(-1 * stddev(delta(close, 1), 20)), 400)
[execution_aware] iter 36/50 [OK ] reward=  0.8421  decay_linear(cs_rank(-1 * stddev(delta(close, 1), 20)), 200)
[execution_aware] iter 37/50 [ERR] reward=    -inf  decay_linear(cs_rank(-1 * stddev(delta(close, 1), 20)), 300)
[execution_aware] iter 38/50 [OK ] reward=  0.8421  decay_linear(cs_rank(-1 * stddev(delta(close, 1), 20)), 200)
[execution_aware] iter 39/50 [ERR] reward=    -inf  decay_linear(cs_rank(-1 * stddev(delta(close, 1), 20)), 500)
[execution_aware] iter 40/50 [OK ] reward=  0.8421  decay_linear(cs_rank(-1 * stddev(delta(close, 1), 20)), 200)
[execution_aware] iter 41/50 [ERR] reward=    -inf  decay_linear(rank(-1 * stddev(delta(close, 1), 20)), 400)
[execution_aware] iter 42/50 [OK ] reward=  0.8421  decay_linear(rank(-1 * stddev(delta(close, 1), 20)), 200)
[execution_aware] iter 43/50 [ERR] reward=    -inf  decay_linear(rank(-1 * stddev(delta(close, 1), 20)), 400)
[execution_aware] iter 44/50 [OK ] reward=  0.8421  decay_linear(cs_rank(-1 * stddev(delta(close, 1), 20)), 200)
[execution_aware] iter 45/50 [ERR] reward=    -inf  decay_linear(cs_rank(-1 * stddev(delta(close, 1), 20)), 400)
[execution_aware] iter 46/50 [OK ] reward=  0.8421  decay_linear(cs_rank(-1 * stddev(delta(close, 1), 20)), 200)
[execution_aware] iter 47/50 [ERR] reward=    -inf  decay_linear(cs_rank(-1 * stddev(delta(close, 1), 20)), 400)
[execution_aware] iter 48/50 [OK ] reward=  0.8421  decay_linear(cs_rank(-1 * stddev(delta(close, 1), 20)), 200)
[execution_aware] iter 49/50 [ERR] reward=    -inf  decay_linear(cs_rank(-1 * stddev(delta(close, 1), 20)), 400)
[execution_aware] iter 50/50 [OK ] reward=  0.8421  decay_linear(cs_rank(-1 * stddev(delta(close, 1), 20)), 200)
[wfo:execution_aware] fold 11 winner: decay_linear(rank(-1 * stddev(delta(close, 1), 20)), 200)
[wfo:execution_aware] fold 11 OOS: Gross_IR=0.602 Turnover=2.92 Net_IR=0.356
[wfo:execution_aware] fold 12: train 2013-01-01..2017-12-31 -> test 2018-01-01..2018-12-31
[execution_aware] iter  0/50 [SEED] reward= -0.5251  rank(-1 * stddev(delta(close, 1), 20))
[execution_aware] iter  1/50 [OK ] reward=  0.4963  decay_linear(rank(-1 * stddev(delta(close, 1), 20)), 60)
[execution_aware] iter  2/50 [OK ] reward=  0.5849  decay_linear(rank(-1 * stddev(delta(close, 1), 20)), 120)
[execution_aware] iter  3/50 [OK ] reward=  0.6588  decay_linear(rank(-1 * stddev(delta(close, 1), 20)), 240)
[execution_aware] iter  4/50 [ERR] reward=    -inf  decay_linear(rank(-1 * stddev(delta(close, 1), 30)), 360)
[execution_aware] iter  5/50 [OK ] reward=  0.6588  decay_linear(cs_rank(-1 * stddev(delta(close, 1), 20)), 240)
[execution_aware] iter  6/50 [ERR] reward=    -inf  decay_linear(cs_rank(-1 * stddev(delta(close, 1), 20)), 360)
[execution_aware] iter  7/50 [OK ] reward=  0.6588  decay_linear(cs_rank(-1 * stddev(delta(close, 1), 20)), 240)
[execution_aware] iter  8/50 [ERR] reward=    -inf  decay_linear(cs_rank(-1 * stddev(delta(close, 1), 20)), 360)
[execution_aware] iter  9/50 [OK ] reward=  0.6588  decay_linear(cs_rank(-1 * stddev(delta(close, 1), 20)), 240)
[execution_aware] iter 10/50 [ERR] reward=    -inf  decay_linear(cs_rank(-1 * stddev(delta(close, 1), 20)), 480)
[execution_aware] iter 11/50 [OK ] reward=  0.6588  decay_linear(cs_rank(-1 * stddev(delta(close, 1), 20)), 240)
[execution_aware] iter 12/50 [ERR] reward=    -inf  decay_linear(rank(-1 * stddev(delta(close, 1), 20)), 360)
[execution_aware] iter 13/50 [OK ] reward=  0.6588  decay_linear(cs_rank(-1 * stddev(delta(close, 1), 20)), 240)
[execution_aware] iter 14/50 [ERR] reward=    -inf  decay_linear(cs_rank(-1 * stddev(delta(close, 1), 30)), 480)
[execution_aware] iter 15/50 [OK ] reward=  0.6588  decay_linear(cs_rank(-1 * stddev(delta(close, 1), 20)), 240)
[execution_aware] iter 16/50 [ERR] reward=    -inf  decay_linear(cs_rank(-1 * stddev(delta(close, 1), 20)), 360)
[execution_aware] iter 17/50 [OK ] reward=  0.6345  decay_linear(cs_rank(-1 * stddev(delta(close, 1), 20)), 180)
[execution_aware] iter 18/50 [ERR] reward=    -inf  decay_linear(cs_rank(-1 * stddev(delta(close, 1), 20)), 360)
[execution_aware] iter 19/50 [OK ] reward=  0.6588  decay_linear(cs_rank(-1 * stddev(delta(close, 1), 20)), 240)
[execution_aware] iter 20/50 [ERR] reward=    -inf  decay_linear(cs_rank(-1 * stddev(delta(close, 1), 20)), 480)
[execution_aware] iter 21/50 [OK ] reward=  0.6588  decay_linear(cs_rank(-1 * stddev(delta(close, 1), 20)), 240)
[execution_aware] iter 22/50 [ERR] reward=    -inf  decay_linear(cs_rank(-1 * stddev(delta(close, 1), 20)), 360)
[execution_aware] iter 23/50 [OK ] reward=  0.6588  decay_linear(cs_rank(-1 * stddev(delta(close, 1), 20)), 240)
[execution_aware] iter 24/50 [ERR] reward=    -inf  decay_linear(cs_rank(-1 * stddev(delta(close, 1), 20)), 360)
[execution_aware] iter 25/50 [OK ] reward=  0.6588  decay_linear(cs_rank(-1 * stddev(delta(close, 1), 20)), 240)
[execution_aware] iter 26/50 [ERR] reward=    -inf  decay_linear(cs_rank(-1 * stddev(delta(close, 1), 20)), 360)
[execution_aware] iter 27/50 [OK ] reward=  0.6588  decay_linear(cs_rank(-1 * stddev(delta(close, 1), 20)), 240)
[execution_aware] iter 28/50 [ERR] reward=    -inf  decay_linear(cs_rank(-1 * stddev(delta(close, 1), 20)), 360)
[execution_aware] iter 29/50 [OK ] reward=  0.6588  decay_linear(cs_rank(-1 * stddev(delta(close, 1), 20)), 240)
[execution_aware] iter 30/50 [ERR] reward=    -inf  decay_linear(cs_rank(-1 * stddev(delta(close, 1), 20)), 365)
[execution_aware] iter 31/50 [OK ] reward=  0.6588  decay_linear(cs_rank(-1 * stddev(delta(close, 1), 20)), 240)
[execution_aware] iter 32/50 [ERR] reward=    -inf  decay_linear(cs_rank(-1 * stddev(delta(close, 1), 20)), 500)
[execution_aware] iter 33/50 [OK ] reward=  0.6588  decay_linear(cs_rank(-1 * stddev(delta(close, 1), 20)), 240)
[execution_aware] iter 34/50 [ERR] reward=    -inf  decay_linear(cs_rank(-1 * stddev(delta(close, 1), 30)), 300)
[execution_aware] iter 35/50 [OK ] reward=  0.6588  decay_linear(cs_rank(-1 * stddev(delta(close, 1), 20)), 240)
[execution_aware] iter 36/50 [ERR] reward=    -inf  decay_linear(cs_rank(-1 * stddev(delta(close, 1), 20)), 480)
[execution_aware] iter 37/50 [OK ] reward=  0.6588  decay_linear(cs_rank(-1 * stddev(delta(close, 1), 20)), 240)
[execution_aware] iter 38/50 [ERR] reward=    -inf  decay_linear(cs_rank(-1 * stddev(delta(close, 1), 20)), 360)
[execution_aware] iter 39/50 [OK ] reward=  0.6588  decay_linear(cs_rank(-1 * stddev(delta(close, 1), 20)), 240)
[execution_aware] iter 40/50 [ERR] reward=    -inf  decay_linear(cs_rank(-1 * stddev(delta(close, 1), 20)), 360)
[execution_aware] iter 41/50 [OK ] reward=  0.6588  decay_linear(cs_rank(-1 * stddev(delta(close, 1), 20)), 240)
[execution_aware] iter 42/50 [ERR] reward=    -inf  decay_linear(cs_rank(-1 * stddev(delta(close, 1), 20)), 360)
[execution_aware] iter 43/50 [OK ] reward=  0.6588  decay_linear(cs_rank(-1 * stddev(delta(close, 1), 20)), 240)
[execution_aware] iter 44/50 [ERR] reward=    -inf  decay_linear(rank(-1 * stddev(delta(close, 1), 20)), 480)
[execution_aware] iter 45/50 [OK ] reward=  0.6588  decay_linear(cs_rank(-1 * stddev(delta(close, 1), 20)), 240)
[execution_aware] iter 46/50 [ERR] reward=    -inf  decay_linear(cs_rank(-1 * stddev(delta(close, 1), 20)), 500)
[execution_aware] iter 47/50 [OK ] reward=  0.6588  decay_linear(cs_rank(-1 * stddev(delta(close, 1), 20)), 240)
[execution_aware] iter 48/50 [ERR] reward=    -inf  decay_linear(cs_rank(-1 * stddev(delta(close, 1), 20)), 360)
[execution_aware] iter 49/50 [OK ] reward=  0.6588  decay_linear(cs_rank(-1 * stddev(delta(close, 1), 20)), 240)
[execution_aware] iter 50/50 [ERR] reward=    -inf  decay_linear(cs_rank(-1 * stddev(delta(close, 1), 20)), 500)
[wfo:execution_aware] fold 12 winner: decay_linear(rank(-1 * stddev(delta(close, 1), 20)), 240)
[wfo:execution_aware] fold 12 OOS: Gross_IR=0.684 Turnover=3.10 Net_IR=0.478
[wfo:execution_aware] fold 13: train 2014-01-01..2018-12-31 -> test 2019-01-01..2019-12-31
[execution_aware] iter  0/50 [SEED] reward= -0.8627  rank(-1 * stddev(delta(close, 1), 20))
[execution_aware] iter  1/50 [OK ] reward=  0.1877  decay_linear(rank(-1 * stddev(delta(close, 1), 20)), 60)
[execution_aware] iter  2/50 [OK ] reward=  0.2782  decay_linear(cs_rank(-1 * stddev(delta(close, 1), 20)), 120)
[execution_aware] iter  3/50 [OK ] reward=  0.3266  decay_linear(cs_rank(-1 * stddev(delta(close, 1), 20)), 240)
[execution_aware] iter  4/50 [ERR] reward=    -inf  decay_linear(cs_rank(-1 * stddev(delta(close, 1), 20)), 360)
[execution_aware] iter  5/50 [OK ] reward=  0.3181  decay_linear(cs_rank(-1 * stddev(delta(close, 1), 20)), 180)
[execution_aware] iter  6/50 [ERR] reward=    -inf  decay_linear(cs_rank(-1 * stddev(delta(close, 1), 20)), 360)
[execution_aware] iter  7/50 [OK ] reward=  0.3266  decay_linear(cs_rank(-1 * stddev(delta(close, 1), 20)), 240)
[execution_aware] iter  8/50 [ERR] reward=    -inf  decay_linear(cs_rank(-1 * stddev(delta(close, 1), 20)), 360)
[execution_aware] iter  9/50 [OK ] reward=  0.3266  decay_linear(cs_rank(-1 * stddev(delta(close, 1), 20)), 240)
[execution_aware] iter 10/50 [ERR] reward=    -inf  decay_linear(cs_rank(-1 * stddev(delta(close, 1), 20)), 360)
[execution_aware] iter 11/50 [OK ] reward=  0.3266  decay_linear(cs_rank(-1 * stddev(delta(close, 1), 20)), 240)
[execution_aware] iter 12/50 [ERR] reward=    -inf  decay_linear(cs_rank(-1 * stddev(delta(close, 1), 20)), 500)
[execution_aware] iter 13/50 [OK ] reward=  0.3193  decay_linear(cs_rank(-1 * stddev(delta(close, 1), 20)), 200)
[execution_aware] iter 14/50 [ERR] reward=    -inf  decay_linear(cs_rank(-1 * stddev(delta(close, 1), 20)), 300)
[execution_aware] iter 15/50 [OK ] reward=  0.3266  decay_linear(cs_rank(-1 * stddev(delta(close, 1), 20)), 240)
[execution_aware] iter 16/50 [ERR] reward=    -inf  decay_linear(cs_rank(-1 * stddev(delta(close, 1), 20)), 500)
[execution_aware] iter 17/50 [OK ] reward=  0.3193  decay_linear(cs_rank(-1 * stddev(delta(close, 1), 20)), 200)
[execution_aware] iter 18/50 [ERR] reward=    -inf  decay_linear(cs_rank(-1 * stddev(delta(close, 1), 20)), 300)
[execution_aware] iter 19/50 [OK ] reward=  0.3266  decay_linear(cs_rank(-1 * stddev(delta(close, 1), 20)), 240)
[execution_aware] iter 20/50 [ERR] reward=    -inf  decay_linear(cs_rank(-1 * stddev(delta(close, 1), 20)), 500)
[execution_aware] iter 21/50 [OK ] reward=  0.3266  decay_linear(cs_rank(-1 * stddev(delta(close, 1), 20)), 240)
[execution_aware] iter 22/50 [ERR] reward=    -inf  decay_linear(cs_rank(-1 * stddev(delta(close, 1), 20)), 360)
[execution_aware] iter 23/50 [OK ] reward=  0.3266  decay_linear(cs_rank(-1 * stddev(delta(close, 1), 20)), 240)
[execution_aware] iter 24/50 [ERR] reward=    -inf  decay_linear(cs_rank(-1 * stddev(delta(close, 1), 20)), 480)
[execution_aware] iter 25/50 [OK ] reward=  0.2782  decay_linear(cs_rank(-1 * stddev(delta(close, 1), 20)), 120)
[execution_aware] iter 26/50 [ERR] reward=    -inf  decay_linear(cs_rank(-1 * stddev(delta(close, 1), 20)), 480)
[execution_aware] iter 27/50 [OK ] reward=  0.3266  decay_linear(cs_rank(-1 * stddev(delta(close, 1), 20)), 240)
[execution_aware] iter 28/50 [ERR] reward=    -inf  decay_linear(cs_rank(-1 * stddev(delta(close, 1), 20)), 500)
[execution_aware] iter 29/50 [OK ] reward=  0.3266  decay_linear(cs_rank(-1 * stddev(delta(close, 1), 20)), 240)
[execution_aware] iter 30/50 [ERR] reward=    -inf  decay_linear(cs_rank(-1 * stddev(delta(close, 1), 20)), 360)
[execution_aware] iter 31/50 [OK ] reward=  0.3978  decay_linear(cs_rank(-1 * stddev(delta(close, 1), 20)), 240) + decay_linear(cs_rank(volume), 240)
[execution_aware] iter 32/50 [ERR] reward=    -inf  decay_linear(cs_rank(-1 * stddev(delta(close, 1), 20)), 480) + decay_linear(cs_rank(volume), 480)
[execution_aware] iter 33/50 [OK ] reward=  0.3967  decay_linear(cs_rank(-1 * stddev(delta(close, 1), 20)), 240) + decay_linear(cs_rank(volume), 180)
[execution_aware] iter 34/50 [OK ] reward=  0.3978  decay_linear(cs_rank(-1 * stddev(delta(close, 1), 20)), 240) + decay_linear(cs_rank(volume), 240)
[execution_aware] iter 35/50 [ERR] reward=    -inf  decay_linear(cs_rank(-1 * stddev(delta(close, 1), 20)), 360) + cs_rank(volume)
[execution_aware] iter 36/50 [OK ] reward=  0.3967  decay_linear(cs_rank(-1 * stddev(delta(close, 1), 20)), 240) + decay_linear(cs_rank(volume), 180)
[execution_aware] iter 37/50 [OK ] reward=  0.3978  decay_linear(cs_rank(-1 * stddev(delta(close, 1), 20)), 240) + decay_linear(cs_rank(volume), 240)
[execution_aware] iter 38/50 [ERR] reward=    -inf  decay_linear(cs_rank(-1 * stddev(delta(close, 1), 20)), 360) + decay_linear(cs_rank(volume), 360)
[execution_aware] iter 39/50 [OK ] reward=  0.3967  decay_linear(cs_rank(-1 * stddev(delta(close, 1), 20)), 240) + decay_linear(cs_rank(volume), 180)
[execution_aware] iter 40/50 [ERR] reward=    -inf  decay_linear(cs_rank(-1 * stddev(delta(close, 1), 20)), 360) + cs_rank(volume)
[execution_aware] iter 41/50 [OK ] reward=  0.3978  decay_linear(cs_rank(-1 * stddev(delta(close, 1), 20)), 240) + decay_linear(cs_rank(volume), 240)
[execution_aware] iter 42/50 [ERR] reward=    -inf  decay_linear(cs_rank(-1 * stddev(delta(close, 1), 20)), 360) + decay_linear(cs_rank(volume), 360)
[execution_aware] iter 43/50 [OK ] reward=  0.4003  decay_linear(cs_rank(-1 * stddev(delta(close, 1), 20)), 180) + decay_linear(cs_rank(volume), 180)
[execution_aware] iter 44/50 [ERR] reward=    -inf  decay_linear(cs_rank(-1 * stddev(delta(close, 1), 20)), 360) + decay_linear(cs_rank(volume), 360)
[execution_aware] iter 45/50 [OK ] reward=  0.1686  decay_linear(cs_rank(-1 * stddev(delta(close, 1), 20)), 180) + decay_linear(cs_rank(volume), 180) + decay_linear(cs_rank(close - open), 180)
[execution_aware] iter 46/50 [ERR] reward=    -inf  decay_linear(cs_rank(-1 * stddev(delta(close, 1), 20)), 360) + decay_linear(cs_rank(volume), 360)
[execution_aware] iter 47/50 [ERR] reward=    -inf  decay_linear(cs_rank(-1 * stddev(delta(close, 1), 20)), 180) + decay_linear(cs_rank(volume), 180) + decay_linear(cs_rank((high - low) / (high + low)), 180)
[execution_aware] iter 48/50 [OK ] reward= -0.2301  decay_linear(cs_rank(-1 * stddev(delta(close, 1), 20)), 180) + decay_linear(cs_rank(volume), 180) + decay_linear(cs_rank((high - low) / (high + low + 1e-5)), 180)
[execution_aware] iter 49/50 [ERR] reward=    -inf  decay_linear(cs_rank(-1 * stddev(delta(close, 1), 20)), 360) + decay_linear(cs_rank(volume), 360)
[execution_aware] iter 50/50 [OK ] reward=  0.3974  decay_linear(cs_rank(-1 * stddev(delta(close, 1), 20)), 200) + decay_linear(cs_rank(volume), 200)
[wfo:execution_aware] fold 13 winner: decay_linear(cs_rank(-1 * stddev(delta(close, 1), 20)), 180) + decay_linear(cs_rank(volume), 180)
[wfo:execution_aware] fold 13 OOS: Gross_IR=0.994 Turnover=2.90 Net_IR=0.801
[wfo:execution_aware] fold 14: train 2015-01-01..2019-12-31 -> test 2020-01-01..2020-12-31
[execution_aware] iter  0/50 [SEED] reward= -0.8272  rank(-1 * stddev(delta(close, 1), 20))
[execution_aware] iter  1/50 [OK ] reward=  0.3959  decay_linear(cs_rank(-1 * stddev(delta(close, 1), 20)), 120)
[execution_aware] iter  2/50 [OK ] reward=  0.4332  decay_linear(cs_rank(-1 * stddev(delta(close, 1), 20)), 240)
[execution_aware] iter  3/50 [ERR] reward=    -inf  decay_linear(cs_rank(-1 * stddev(delta(close, 1), 20)), 500)
[execution_aware] iter  4/50 [OK ] reward=  0.4332  decay_linear(cs_rank(-1 * stddev(delta(close, 1), 20)), 240)
[execution_aware] iter  5/50 [ERR] reward=    -inf  decay_linear(cs_rank(-1 * stddev(delta(close, 1), 20)), 480)
[execution_aware] iter  6/50 [OK ] reward=  0.3959  decay_linear(cs_rank(-1 * stddev(delta(close, 1), 20)), 120)
[execution_aware] iter  7/50 [ERR] reward=    -inf  decay_linear(cs_rank(-1 * stddev(delta(close, 1), 20)), 360)
[execution_aware] iter  8/50 [OK ] reward=  0.4234  decay_linear(cs_rank(-1 * stddev(delta(close, 1), 20)), 180)
[execution_aware] iter  9/50 [ERR] reward=    -inf  decay_linear(cs_rank(-1 * stddev(delta(close, 1), 20)), 360)
[execution_aware] iter 10/50 [OK ] reward= -2.8826  decay_linear(cs_rank(-1 * stddev(delta(close, 1), 20)), 240) + cs_rank(volume / (volume + 1e-5))
[execution_aware] iter 11/50 [ERR] reward=    -inf  decay_linear(cs_rank(-1 * stddev(delta(close, 1), 20)), 500)
[execution_aware] iter 12/50 [OK ] reward=  0.4332  decay_linear(cs_rank(-1 * stddev(delta(close, 1), 20)), 240)
[execution_aware] iter 13/50 [ERR] reward=    -inf  decay_linear(cs_rank(-1 * stddev(delta(close, 1), 20)), 500)
[execution_aware] iter 14/50 [OK ] reward=  0.3959  decay_linear(cs_rank(-1 * stddev(delta(close, 1), 20)), 120)
[execution_aware] iter 15/50 [ERR] reward=    -inf  decay_linear(cs_rank(-1 * stddev(delta(close, 1), 20)), 480)
[execution_aware] iter 16/50 [OK ] reward=  0.4332  decay_linear(cs_rank(-1 * stddev(delta(close, 1), 20)), 240)
[execution_aware] iter 17/50 [ERR] reward=    -inf  decay_linear(cs_rank(-1 * stddev(delta(close, 1), 20)), 500)
[execution_aware] iter 18/50 [OK ] reward=  0.4244  decay_linear(cs_rank(-1 * stddev(delta(close, 1), 20)), 200)
[execution_aware] iter 19/50 [ERR] reward=    -inf  decay_linear(cs_rank(-1 * stddev(delta(close, 1), 20)), 300)
[execution_aware] iter 20/50 [OK ] reward=  0.4332  decay_linear(cs_rank(-1 * stddev(delta(close, 1), 20)), 240)
[execution_aware] iter 21/50 [ERR] reward=    -inf  decay_linear(cs_rank(-1 * stddev(delta(close, 1), 20)), 360)
[execution_aware] iter 22/50 [OK ] reward=  0.4332  decay_linear(cs_rank(-1 * stddev(delta(close, 1), 20)), 240)
[execution_aware] iter 23/50 [ERR] reward=    -inf  decay_linear(cs_rank(-1 * stddev(delta(close, 1), 20)), 360)
[execution_aware] iter 24/50 [OK ] reward=  0.4332  decay_linear(cs_rank(-1 * stddev(delta(close, 1), 20)), 240)
[execution_aware] iter 25/50 [ERR] reward=    -inf  decay_linear(cs_rank(-1 * stddev(delta(close, 1), 20)), 360)
[execution_aware] iter 26/50 [OK ] reward=  0.4244  decay_linear(cs_rank(-1 * stddev(delta(close, 1), 20)), 200)
[execution_aware] iter 27/50 [ERR] reward=    -inf  decay_linear(cs_rank(-1 * stddev(delta(close, 1), 20)), 300)
[execution_aware] iter 28/50 [OK ] reward=  0.4332  decay_linear(cs_rank(-1 * stddev(delta(close, 1), 20)), 240)
[execution_aware] iter 29/50 [ERR] reward=    -inf  decay_linear(cs_rank(-1 * stddev(delta(close, 1), 20)), 360)
[execution_aware] iter 30/50 [OK ] reward=  0.4332  decay_linear(cs_rank(-1 * stddev(delta(close, 1), 20)), 240)
[execution_aware] iter 31/50 [ERR] reward=    -inf  decay_linear(cs_rank(-1 * stddev(delta(close, 1), 20)), 360)
[execution_aware] iter 32/50 [OK ] reward=  0.4332  decay_linear(cs_rank(-1 * stddev(delta(close, 1), 20)), 240)
[execution_aware] iter 33/50 [ERR] reward=    -inf  decay_linear(cs_rank(-1 * stddev(delta(close, 1), 20)), 365)
[execution_aware] iter 34/50 [OK ] reward=  0.4244  decay_linear(cs_rank(-1 * stddev(delta(close, 1), 20)), 200)
[execution_aware] iter 35/50 [ERR] reward=    -inf  decay_linear(cs_rank(-1 * stddev(delta(close, 1), 20)), 360)
[execution_aware] iter 36/50 [OK ] reward=  0.4332  decay_linear(cs_rank(-1 * stddev(delta(close, 1), 20)), 240)
[execution_aware] iter 37/50 [ERR] reward=    -inf  decay_linear(cs_rank(-1 * stddev(delta(close, 1), 20)), 360)
[execution_aware] iter 38/50 [OK ] reward=  0.4332  decay_linear(cs_rank(-1 * stddev(delta(close, 1), 20)), 240)
[execution_aware] iter 39/50 [ERR] reward=    -inf  decay_linear(cs_rank(-1 * stddev(delta(close, 1), 20)), 360)
[execution_aware] iter 40/50 [OK ] reward=  0.4332  decay_linear(cs_rank(-1 * stddev(delta(close, 1), 20)), 240)
[execution_aware] iter 41/50 [ERR] reward=    -inf  decay_linear(cs_rank(-1 * stddev(delta(close, 1), 20)), 360)
[execution_aware] iter 42/50 [OK ] reward=  0.4234  decay_linear(cs_rank(-1 * stddev(delta(close, 1), 20)), 180)
[execution_aware] iter 43/50 [ERR] reward=    -inf  decay_linear(cs_rank(-1 * stddev(delta(close, 1), 20)), 360)
[execution_aware] iter 44/50 [OK ] reward=  0.4332  decay_linear(cs_rank(-1 * stddev(delta(close, 1), 20)), 240)
[execution_aware] iter 45/50 [ERR] reward=    -inf  decay_linear(cs_rank(-1 * stddev(delta(close, 1), 20)), 360)
[execution_aware] iter 46/50 [OK ] reward=  0.4234  decay_linear(cs_rank(-1 * stddev(delta(close, 1), 20)), 180)
[execution_aware] iter 47/50 [ERR] reward=    -inf  decay_linear(cs_rank(-1 * stddev(delta(close, 1), 20)), 360)
[execution_aware] iter 48/50 [OK ] reward=  0.4332  decay_linear(cs_rank(-1 * stddev(delta(close, 1), 20)), 240)
[execution_aware] iter 49/50 [ERR] reward=    -inf  decay_linear(cs_rank(-1 * stddev(delta(close, 1), 30)), 360)
[execution_aware] iter 50/50 [OK ] reward=  0.4332  decay_linear(cs_rank(-1 * stddev(delta(close, 1), 20)), 240)
[wfo:execution_aware] fold 14 winner: decay_linear(cs_rank(-1 * stddev(delta(close, 1), 20)), 240)
[wfo:execution_aware] fold 14 OOS: Gross_IR=-0.287 Turnover=4.12 Net_IR=-0.443
[wfo:execution_aware] fold 15: train 2016-01-01..2020-12-31 -> test 2021-01-01..2021-12-31
[execution_aware] iter  0/50 [SEED] reward= -1.0375  rank(-1 * stddev(delta(close, 1), 20))
[execution_aware] iter  1/50 [OK ] reward=  0.1153  decay_linear(rank(-1 * stddev(delta(close, 1), 20)), 120)
[execution_aware] iter  2/50 [OK ] reward=  0.1023  decay_linear(cs_rank(-1 * stddev(delta(close, 1), 20)), 240)
[execution_aware] iter  3/50 [ERR] reward=    -inf  decay_linear(cs_rank(-1 * stddev(delta(close, 1), 20)), 360)
[execution_aware] iter  4/50 [OK ] reward=  0.1153  decay_linear(cs_rank(-1 * stddev(delta(close, 1), 20)), 120)
[execution_aware] iter  5/50 [OK ] reward=  0.1023  decay_linear(cs_rank(-1 * stddev(delta(close, 1), 20)), 240)
[execution_aware] iter  6/50 [ERR] reward=    -inf  decay_linear(cs_rank(-1 * stddev(delta(close, 1), 20)), 300)
[execution_aware] iter  7/50 [OK ] reward=  0.1153  decay_linear(cs_rank(-1 * stddev(delta(close, 1), 20)), 120)
[execution_aware] iter  8/50 [OK ] reward=  0.0865  decay_linear(cs_rank(-1 * stddev(delta(close, 1), 40)), 240)
[execution_aware] iter  9/50 [OK ] reward=  0.1023  decay_linear(cs_rank(-1 * stddev(delta(close, 1), 20)), 240)
[execution_aware] iter 10/50 [ERR] reward=    -inf  decay_linear(cs_rank(-1 * stddev(delta(close, 1), 20)), 360)
[execution_aware] iter 11/50 [OK ] reward=  0.1153  decay_linear(cs_rank(-1 * stddev(delta(close, 1), 20)), 120)
[execution_aware] iter 12/50 [OK ] reward=  0.1023  decay_linear(cs_rank(-1 * stddev(delta(close, 1), 20)), 240)
[execution_aware] iter 13/50 [ERR] reward=    -inf  decay_linear(cs_rank(-1 * stddev(delta(close, 1), 20)), 300)
[execution_aware] iter 14/50 [OK ] reward=  0.1153  decay_linear(cs_rank(-1 * stddev(delta(close, 1), 20)), 120)
[execution_aware] iter 15/50 [OK ] reward=  0.1023  decay_linear(cs_rank(-1 * stddev(delta(close, 1), 20)), 240)
[execution_aware] iter 16/50 [ERR] reward=    -inf  decay_linear(cs_rank(-1 * stddev(delta(close, 1), 20)), 360)
[execution_aware] iter 17/50 [OK ] reward=  0.1153  decay_linear(cs_rank(-1 * stddev(delta(close, 1), 20)), 120)
[execution_aware] iter 18/50 [OK ] reward=  0.1023  decay_linear(cs_rank(-1 * stddev(delta(close, 1), 20)), 240)
[execution_aware] iter 19/50 [ERR] reward=    -inf  decay_linear(cs_rank(-1 * stddev(delta(close, 1), 20)), 360)
[execution_aware] iter 20/50 [OK ] reward=  0.1153  decay_linear(cs_rank(-1 * stddev(delta(close, 1), 20)), 120)
[execution_aware] iter 21/50 [OK ] reward=  0.1023  decay_linear(cs_rank(-1 * stddev(delta(close, 1), 20)), 240)
[execution_aware] iter 22/50 [ERR] reward=    -inf  decay_linear(cs_rank(-1 * stddev(delta(close, 1), 20)), 360)
[execution_aware] iter 23/50 [OK ] reward=  0.1153  decay_linear(cs_rank(-1 * stddev(delta(close, 1), 20)), 120)
[execution_aware] iter 24/50 [OK ] reward=  0.1023  decay_linear(cs_rank(-1 * stddev(delta(close, 1), 20)), 240)
[execution_aware] iter 25/50 [ERR] reward=    -inf  decay_linear(cs_rank(-1 * stddev(delta(close, 1), 20)), 360)
[execution_aware] iter 26/50 [OK ] reward=  0.1153  decay_linear(cs_rank(-1 * stddev(delta(close, 1), 20)), 120)
[execution_aware] iter 27/50 [OK ] reward=  0.1023  decay_linear(cs_rank(-1 * stddev(delta(close, 1), 20)), 240)
[execution_aware] iter 28/50 [ERR] reward=    -inf  decay_linear(cs_rank(-1 * stddev(delta(close, 1), 20)), 360)
[execution_aware] iter 29/50 [OK ] reward=  0.1153  decay_linear(cs_rank(-1 * stddev(delta(close, 1), 20)), 120)
[execution_aware] iter 30/50 [OK ] reward=  0.1023  decay_linear(cs_rank(-1 * stddev(delta(close, 1), 20)), 240)
[execution_aware] iter 31/50 [OK ] reward=  0.1023  decay_linear(cs_rank(-1 * stddev(delta(close, 1), 20)), 240)
[execution_aware] iter 32/50 [ERR] reward=    -inf  decay_linear(cs_rank(-1 * stddev(delta(close, 1), 20)), 360)
[execution_aware] iter 33/50 [OK ] reward=  0.1153  decay_linear(cs_rank(-1 * stddev(delta(close, 1), 20)), 120)
[execution_aware] iter 34/50 [OK ] reward=  0.1023  decay_linear(cs_rank(-1 * stddev(delta(close, 1), 20)), 240)
[execution_aware] iter 35/50 [OK ] reward=  0.1023  decay_linear(cs_rank(-1 * stddev(delta(close, 1), 20)), 240)
[execution_aware] iter 36/50 [ERR] reward=    -inf  decay_linear(cs_rank(-1 * stddev(delta(close, 1), 20)), 360)
[execution_aware] iter 37/50 [OK ] reward=  0.1153  decay_linear(cs_rank(-1 * stddev(delta(close, 1), 20)), 120)
[execution_aware] iter 38/50 [OK ] reward=  0.1023  decay_linear(cs_rank(-1 * stddev(delta(close, 1), 20)), 240)
[execution_aware] iter 39/50 [ERR] reward=    -inf  decay_linear(cs_rank(-1 * stddev(delta(close, 1), 20)), 360)
[execution_aware] iter 40/50 [OK ] reward=  0.1153  decay_linear(cs_rank(-1 * stddev(delta(close, 1), 20)), 120)
[execution_aware] iter 41/50 [OK ] reward=  0.1023  decay_linear(cs_rank(-1 * stddev(delta(close, 1), 20)), 240)
[execution_aware] iter 42/50 [ERR] reward=    -inf  decay_linear(cs_rank(-1 * stddev(delta(close, 1), 20)), 360)
[execution_aware] iter 43/50 [OK ] reward=  0.1153  decay_linear(cs_rank(-1 * stddev(delta(close, 1), 20)), 120)
[execution_aware] iter 44/50 [OK ] reward=  0.0889  decay_linear(cs_rank(-1 * stddev(delta(close, 1), 40)), 180)
[execution_aware] iter 45/50 [OK ] reward=  0.0865  decay_linear(cs_rank(-1 * stddev(delta(close, 1), 40)), 240)
[execution_aware] iter 46/50 [OK ] reward=  0.1023  decay_linear(cs_rank(-1 * stddev(delta(close, 1), 20)), 240)
[execution_aware] iter 47/50 [ERR] reward=    -inf  decay_linear(cs_rank(-1 * stddev(delta(close, 1), 20)), 300)
[execution_aware] iter 48/50 [OK ] reward=  0.1153  decay_linear(cs_rank(-1 * stddev(delta(close, 1), 20)), 120)
[execution_aware] iter 49/50 [OK ] reward=  0.0974  decay_linear(cs_rank(-1 * stddev(delta(close, 1), 30)), 180)
[execution_aware] iter 50/50 [OK ] reward=  0.1023  decay_linear(cs_rank(-1 * stddev(delta(close, 1), 20)), 240)
[wfo:execution_aware] fold 15 winner: decay_linear(rank(-1 * stddev(delta(close, 1), 20)), 120)
[wfo:execution_aware] fold 15 OOS: Gross_IR=0.662 Turnover=3.57 Net_IR=0.499
[wfo:execution_aware] fold 16: train 2017-01-01..2021-12-31 -> test 2022-01-01..2022-12-31
[execution_aware] iter  0/50 [SEED] reward= -1.2249  rank(-1 * stddev(delta(close, 1), 20))
[execution_aware] iter  1/50 [OK ] reward= -0.0487  decay_linear(rank(-1 * stddev(delta(close, 1), 20)), 120)
[execution_aware] iter  2/50 [OK ] reward= -0.0926  decay_linear(cs_rank(-1 * stddev(delta(close, 1), 40)), 240)
[execution_aware] iter  3/50 [OK ] reward= -0.0758  decay_linear(cs_rank(-1 * stddev(delta(close, 1), 20)), 240)
[execution_aware] iter  4/50 [OK ] reward= -0.4800  decay_linear(ts_rank(-1 * stddev(delta(close, 1), 20), 252), 240)
[execution_aware] iter  5/50 [OK ] reward= -0.0758  decay_linear(cs_rank(-1 * stddev(delta(close, 1), 20)), 240)
[execution_aware] iter  6/50 [ERR] reward=    -inf  decay_linear(cs_rank(-1 * stddev(delta(close, 1), 20)), 480)
[execution_aware] iter  7/50 [OK ] reward= -0.0487  decay_linear(cs_rank(-1 * stddev(delta(close, 1), 20)), 120)
[execution_aware] iter  8/50 [OK ] reward= -0.0758  decay_linear(cs_rank(-1 * stddev(delta(close, 1), 20)), 240)
[execution_aware] iter  9/50 [ERR] reward=    -inf  decay_linear(cs_rank(-1 * stddev(delta(close, 1), 20)), 360)
[execution_aware] iter 10/50 [OK ] reward= -0.0487  decay_linear(cs_rank(-1 * stddev(delta(close, 1), 20)), 120)
[execution_aware] iter 11/50 [OK ] reward= -0.0758  decay_linear(cs_rank(-1 * stddev(delta(close, 1), 20)), 240)
[execution_aware] iter 12/50 [ERR] reward=    -inf  decay_linear(cs_rank(-1 * stddev(delta(close, 1), 20)), 360)
[execution_aware] iter 13/50 [OK ] reward= -0.0487  decay_linear(cs_rank(-1 * stddev(delta(close, 1), 20)), 120)
[execution_aware] iter 14/50 [OK ] reward= -0.0926  decay_linear(cs_rank(-1 * stddev(delta(close, 1), 40)), 240)
[execution_aware] iter 15/50 [OK ] reward= -0.0758  decay_linear(cs_rank(-1 * stddev(delta(close, 1), 20)), 240)
[execution_aware] iter 16/50 [OK ] reward= -0.0758  decay_linear(cs_rank(-1 * stddev(delta(close, 1), 20)), 240)
[execution_aware] iter 17/50 [ERR] reward=    -inf  decay_linear(cs_rank(-1 * stddev(delta(close, 1), 30)), 360)
[execution_aware] iter 18/50 [OK ] reward= -0.0487  decay_linear(cs_rank(-1 * stddev(delta(close, 1), 20)), 120)
[execution_aware] iter 19/50 [OK ] reward= -0.0758  decay_linear(cs_rank(-1 * stddev(delta(close, 1), 20)), 240)
[execution_aware] iter 20/50 [ERR] reward=    -inf  decay_linear(cs_rank(-1 * stddev(delta(close, 1), 20)), 360)
[execution_aware] iter 21/50 [OK ] reward= -0.0487  decay_linear(cs_rank(-1 * stddev(delta(close, 1), 20)), 120)
[execution_aware] iter 22/50 [OK ] reward= -0.0926  decay_linear(cs_rank(-1 * stddev(delta(close, 1), 40)), 240)
[execution_aware] iter 23/50 [OK ] reward= -0.0758  decay_linear(cs_rank(-1 * stddev(delta(close, 1), 20)), 240)
[execution_aware] iter 24/50 [ERR] reward=    -inf  decay_linear(cs_rank(-1 * stddev(delta(close, 1), 20)), 360)
[execution_aware] iter 25/50 [OK ] reward= -0.0487  decay_linear(cs_rank(-1 * stddev(delta(close, 1), 20)), 120)
[execution_aware] iter 26/50 [OK ] reward= -0.0758  decay_linear(cs_rank(-1 * stddev(delta(close, 1), 20)), 240)
[execution_aware] iter 27/50 [ERR] reward=    -inf  decay_linear(cs_rank(-1 * stddev(delta(close, 1), 20)), 360)
[execution_aware] iter 28/50 [OK ] reward= -0.0487  decay_linear(cs_rank(-1 * stddev(delta(close, 1), 20)), 120)
[execution_aware] iter 29/50 [OK ] reward= -0.0758  decay_linear(cs_rank(-1 * stddev(delta(close, 1), 20)), 240)
[execution_aware] iter 30/50 [ERR] reward=    -inf  decay_linear(cs_rank(-1 * stddev(delta(close, 1), 20)), 360)
[execution_aware] iter 31/50 [OK ] reward= -1.0269  decay_linear(ts_rank(-1 * stddev(delta(close, 1), 20), 120), 60)
[execution_aware] iter 32/50 [OK ] reward= -0.6617  decay_linear(ts_rank(-1 * stddev(delta(close, 1), 20), 120), 120)
[execution_aware] iter 33/50 [OK ] reward= -0.4941  decay_linear(ts_rank(-1 * stddev(delta(close, 1), 20), 252), 252)
[execution_aware] iter 34/50 [OK ] reward= -0.4800  decay_linear(ts_rank(-1 * stddev(delta(close, 1), 20), 252), 240)
[execution_aware] iter 35/50 [OK ] reward= -0.0647  decay_linear(cs_rank(-1 * stddev(delta(close, 1), 20)), 180)
[execution_aware] iter 36/50 [OK ] reward= -0.0758  decay_linear(cs_rank(-1 * stddev(delta(close, 1), 20)), 240)
[execution_aware] iter 37/50 [ERR] reward=    -inf  decay_linear(cs_rank(-1 * stddev(delta(close, 1), 20)), 480)
[execution_aware] iter 38/50 [OK ] reward= -1.0269  decay_linear(ts_rank(-1 * stddev(delta(close, 1), 20), 120), 60)
[execution_aware] iter 39/50 [OK ] reward= -0.0758  decay_linear(cs_rank(-1 * stddev(delta(close, 1), 20)), 240)
[execution_aware] iter 40/50 [ERR] reward=    -inf  decay_linear(cs_rank(-1 * stddev(delta(close, 1), 20)), 360)
[execution_aware] iter 41/50 [OK ] reward= -0.0487  decay_linear(cs_rank(-1 * stddev(delta(close, 1), 20)), 120)
[execution_aware] iter 42/50 [OK ] reward= -0.0758  decay_linear(cs_rank(-1 * stddev(delta(close, 1), 20)), 240)
[execution_aware] iter 43/50 [ERR] reward=    -inf  decay_linear(cs_rank(-1 * stddev(delta(close, 1), 20)), 360)
[execution_aware] iter 44/50 [OK ] reward= -0.0487  decay_linear(cs_rank(-1 * stddev(delta(close, 1), 20)), 120)
[execution_aware] iter 45/50 [OK ] reward= -0.0758  decay_linear(cs_rank(-1 * stddev(delta(close, 1), 20)), 240)
[execution_aware] iter 46/50 [ERR] reward=    -inf  decay_linear(cs_rank(-1 * stddev(delta(close, 1), 20)), 360)
[execution_aware] iter 47/50 [OK ] reward= -0.0487  decay_linear(cs_rank(-1 * stddev(delta(close, 1), 20)), 120)
[execution_aware] iter 48/50 [OK ] reward= -0.0758  decay_linear(cs_rank(-1 * stddev(delta(close, 1), 20)), 240)
[execution_aware] iter 49/50 [ERR] reward=    -inf  decay_linear(cs_rank(-1 * stddev(delta(close, 1), 20)), 360)
[execution_aware] iter 50/50 [OK ] reward= -1.0269  decay_linear(ts_rank(-1 * stddev(delta(close, 1), 20), 120), 60)
[wfo:execution_aware] fold 16 winner: decay_linear(rank(-1 * stddev(delta(close, 1), 20)), 120)
[wfo:execution_aware] fold 16 OOS: Gross_IR=1.303 Turnover=4.06 Net_IR=1.152
[wfo:execution_aware] fold 17: train 2018-01-01..2022-12-31 -> test 2023-01-01..2023-12-31
[execution_aware] iter  0/50 [SEED] reward= -0.9809  rank(-1 * stddev(delta(close, 1), 20))
[execution_aware] iter  1/50 [OK ] reward=  0.1478  decay_linear(rank(-1 * stddev(delta(close, 1), 20)), 126)
[execution_aware] iter  2/50 [OK ] reward=  0.1334  decay_linear(rank(-1 * stddev(delta(close, 1), 20)), 252)
[execution_aware] iter  3/50 [OK ] reward=  0.1334  decay_linear(rank(-1 * stddev(delta(close, 1), 20)), 252)
[execution_aware] iter  4/50 [OK ] reward=  0.1334  decay_linear(cs_rank(-1 * stddev(delta(close, 1), 20)), 252)
[execution_aware] iter  5/50 [OK ] reward=  0.1334  decay_linear(cs_rank(-1 * stddev(delta(close, 1), 20)), 252)
[execution_aware] iter  6/50 [ERR] reward=    -inf  decay_linear(cs_rank(-1 * stddev(delta(close, 1), 20)), 504)
[execution_aware] iter  7/50 [OK ] reward=  0.1478  decay_linear(cs_rank(-1 * stddev(delta(close, 1), 20)), 126)
[execution_aware] iter  8/50 [OK ] reward=  0.1334  decay_linear(cs_rank(-1 * stddev(delta(close, 1), 20)), 252)
[execution_aware] iter  9/50 [ERR] reward=    -inf  decay_linear(cs_rank(-1 * stddev(delta(close, 1), 20)), 365)
[execution_aware] iter 10/50 [OK ] reward=  0.1478  decay_linear(cs_rank(-1 * stddev(delta(close, 1), 20)), 126)
[execution_aware] iter 11/50 [OK ] reward=  0.1334  decay_linear(cs_rank(-1 * stddev(delta(close, 1), 20)), 252)
[execution_aware] iter 12/50 [OK ] reward=  0.1334  decay_linear(cs_rank(-1 * stddev(delta(close, 1), 20)), 252)
[execution_aware] iter 13/50 [OK ] reward=  0.1334  decay_linear(cs_rank(-1 * stddev(delta(close, 1), 20)), 252)
[execution_aware] iter 14/50 [ERR] reward=    -inf  decay_linear(cs_rank(-1 * stddev(delta(close, 1), 20)), 504)
[execution_aware] iter 15/50 [OK ] reward=  0.1478  decay_linear(cs_rank(-1 * stddev(delta(close, 1), 20)), 126)
[execution_aware] iter 16/50 [OK ] reward=  0.1334  decay_linear(cs_rank(-1 * stddev(delta(close, 1), 20)), 252)
[execution_aware] iter 17/50 [ERR] reward=    -inf  decay_linear(cs_rank(-1 * stddev(delta(close, 1), 20)), 504)
[execution_aware] iter 18/50 [OK ] reward=  0.1478  decay_linear(cs_rank(-1 * stddev(delta(close, 1), 20)), 126)
[execution_aware] iter 19/50 [OK ] reward=  0.1334  decay_linear(cs_rank(-1 * stddev(delta(close, 1), 20)), 252)
[execution_aware] iter 20/50 [OK ] reward=  0.1334  decay_linear(cs_rank(-1 * stddev(delta(close, 1), 20)), 252)
[execution_aware] iter 21/50 [ERR] reward=    -inf  decay_linear(cs_rank(-1 * stddev(delta(close, 1), 20)), 504)
[execution_aware] iter 22/50 [OK ] reward=  0.1478  decay_linear(cs_rank(-1 * stddev(delta(close, 1), 20)), 126)
[execution_aware] iter 23/50 [OK ] reward=  0.1334  decay_linear(cs_rank(-1 * stddev(delta(close, 1), 20)), 252)
[execution_aware] iter 24/50 [ERR] reward=    -inf  decay_linear(cs_rank(-1 * stddev(delta(close, 1), 20)), 365)
[execution_aware] iter 25/50 [OK ] reward=  0.1478  decay_linear(cs_rank(-1 * stddev(delta(close, 1), 20)), 126)
[execution_aware] iter 26/50 [OK ] reward=  0.1194  decay_linear(cs_rank(-1 * stddev(delta(close, 1), 40)), 252)
[execution_aware] iter 27/50 [ERR] reward=    -inf  decay_linear(cs_rank(-1 * stddev(delta(close, 1), 50)), 365)
[execution_aware] iter 28/50 [OK ] reward=  0.1478  decay_linear(cs_rank(-1 * stddev(delta(close, 1), 20)), 126)
[execution_aware] iter 29/50 [OK ] reward=  0.1334  decay_linear(cs_rank(-1 * stddev(delta(close, 1), 20)), 252)
[execution_aware] iter 30/50 [OK ] reward=  0.1334  decay_linear(cs_rank(-1 * stddev(delta(close, 1), 20)), 252)
[execution_aware] iter 31/50 [ERR] reward=    -inf  decay_linear(cs_rank(-1 * stddev(delta(close, 1), 20)), 504)
[execution_aware] iter 32/50 [OK ] reward=  0.1478  decay_linear(cs_rank(-1 * stddev(delta(close, 1), 20)), 126)
[execution_aware] iter 33/50 [OK ] reward=  0.1334  decay_linear(cs_rank(-1 * stddev(delta(close, 1), 20)), 252)
[execution_aware] iter 34/50 [ERR] reward=    -inf  decay_linear(cs_rank(-1 * stddev(delta(close, 1), 20)), 504)
[execution_aware] iter 35/50 [OK ] reward= -0.7360  decay_linear(ts_rank(-1 * stddev(delta(close, 1), 20), 126), 126)
[execution_aware] iter 36/50 [OK ] reward= -0.5997  decay_linear(ts_rank(-1 * stddev(delta(close, 1), 20), 126), 252)
[execution_aware] iter 37/50 [OK ] reward=  0.1334  decay_linear(rank(-1 * stddev(delta(close, 1), 20)), 252)
[execution_aware] iter 38/50 [OK ] reward=  0.1334  decay_linear(rank(-1 * stddev(delta(close, 1), 20)), 252)
[execution_aware] iter 39/50 [ERR] reward=    -inf  decay_linear(rank(-1 * stddev(delta(close, 1), 20)), 365)
[execution_aware] iter 40/50 [OK ] reward=  0.1478  decay_linear(cs_rank(-1 * stddev(delta(close, 1), 20)), 126)
[execution_aware] iter 41/50 [OK ] reward=  0.1334  decay_linear(cs_rank(-1 * stddev(delta(close, 1), 20)), 252)
[execution_aware] iter 42/50 [ERR] reward=    -inf  decay_linear(cs_rank(-1 * stddev(delta(close, 1), 20)), 365)
[execution_aware] iter 43/50 [OK ] reward=  0.1478  decay_linear(cs_rank(-1 * stddev(delta(close, 1), 20)), 126)
[execution_aware] iter 44/50 [OK ] reward=  0.1334  decay_linear(cs_rank(-1 * stddev(delta(close, 1), 20)), 252)
[execution_aware] iter 45/50 [OK ] reward=  0.1334  decay_linear(cs_rank(-1 * stddev(delta(close, 1), 20)), 252)
[execution_aware] iter 46/50 [ERR] reward=    -inf  decay_linear(cs_rank(-1 * stddev(delta(close, 1), 20)), 504)
[execution_aware] iter 47/50 [OK ] reward= -0.4603  decay_linear(ts_rank(-1 * stddev(delta(close, 1), 20), 252), 126)
[execution_aware] iter 48/50 [OK ] reward=  0.1334  decay_linear(rank(-1 * stddev(delta(close, 1), 20)), 252)
[execution_aware] iter 49/50 [OK ] reward=  0.1334  decay_linear(rank(-1 * stddev(delta(close, 1), 20)), 252)
[execution_aware] iter 50/50 [OK ] reward=  0.1334  decay_linear(cs_rank(-1 * stddev(delta(close, 1), 20)), 252)
[wfo:execution_aware] fold 17 winner: decay_linear(rank(-1 * stddev(delta(close, 1), 20)), 126)
[wfo:execution_aware] fold 17 OOS: Gross_IR=0.125 Turnover=3.43 Net_IR=-0.062
[wfo:execution_aware] fold 18: train 2019-01-01..2023-12-31 -> test 2024-01-01..2024-12-31
[execution_aware] iter  0/50 [SEED] reward= -0.9813  rank(-1 * stddev(delta(close, 1), 20))
[execution_aware] iter  1/50 [OK ] reward=  0.0756  decay_linear(cs_rank(-1 * stddev(delta(close, 1), 20)), 100)
[execution_aware] iter  2/50 [OK ] reward=  0.0484  decay_linear(cs_rank(-1 * stddev(delta(close, 1), 20)), 200)
[execution_aware] iter  3/50 [OK ] reward=  0.0429  decay_linear(cs_rank(-1 * stddev(delta(close, 1), 20)), 250)
[execution_aware] iter  4/50 [OK ] reward=  0.0484  decay_linear(cs_rank(-1 * stddev(delta(close, 1), 20)), 200)
[execution_aware] iter  5/50 [ERR] reward=    -inf  decay_linear(cs_rank(-1 * stddev(delta(close, 1), 20)), 300)
[execution_aware] iter  6/50 [OK ] reward=  0.0756  decay_linear(cs_rank(-1 * stddev(delta(close, 1), 20)), 100)
[execution_aware] iter  7/50 [OK ] reward=  0.0484  decay_linear(cs_rank(-1 * stddev(delta(close, 1), 20)), 200)
[execution_aware] iter  8/50 [ERR] reward=    -inf  decay_linear(cs_rank(-1 * stddev(delta(close, 1), 20)), 500)
[execution_aware] iter  9/50 [OK ] reward=  0.0428  decay_linear(cs_rank(-1 * stddev(delta(close, 1), 20)), 252)
[execution_aware] iter 10/50 [ERR] reward=    -inf  decay_linear(cs_rank(-1 * stddev(delta(close, 1), 20)), 500)
[execution_aware] iter 11/50 [OK ] reward=  0.0756  decay_linear(cs_rank(-1 * stddev(delta(close, 1), 20)), 100)
[execution_aware] iter 12/50 [OK ] reward=  0.0484  decay_linear(cs_rank(-1 * stddev(delta(close, 1), 20)), 200)
[execution_aware] iter 13/50 [ERR] reward=    -inf  decay_linear(cs_rank(-1 * stddev(delta(close, 1), 20)), 500)
[execution_aware] iter 14/50 [OK ] reward=  0.0428  decay_linear(cs_rank(-1 * stddev(delta(close, 1), 20)), 252)
[execution_aware] iter 15/50 [OK ] reward=  0.0484  decay_linear(cs_rank(-1 * stddev(delta(close, 1), 20)), 200)
[execution_aware] iter 16/50 [ERR] reward=    -inf  decay_linear(cs_rank(-1 * stddev(delta(close, 1), 20)), 300)
[execution_aware] iter 17/50 [OK ] reward=  0.0428  decay_linear(cs_rank(-1 * stddev(delta(close, 1), 20)), 252)
[execution_aware] iter 18/50 [OK ] reward=  0.0484  decay_linear(cs_rank(-1 * stddev(delta(close, 1), 20)), 200)
[execution_aware] iter 19/50 [OK ] reward=  0.0428  decay_linear(cs_rank(-1 * stddev(delta(close, 1), 20)), 252)
[execution_aware] iter 20/50 [OK ] reward=  0.0484  decay_linear(cs_rank(-1 * stddev(delta(close, 1), 20)), 200)
[execution_aware] iter 21/50 [OK ] reward=  0.0429  decay_linear(cs_rank(-1 * stddev(delta(close, 1), 20)), 250)
[execution_aware] iter 22/50 [ERR] reward=    -inf  decay_linear(cs_rank(-1 * stddev(delta(close, 1), 20)), 500)
[execution_aware] iter 23/50 [OK ] reward=  0.0428  decay_linear(cs_rank(-1 * stddev(delta(close, 1), 20)), 252)
[execution_aware] iter 24/50 [OK ] reward=  0.0484  decay_linear(cs_rank(-1 * stddev(delta(close, 1), 20)), 200)
[execution_aware] iter 25/50 [OK ] reward=  0.0484  decay_linear(cs_rank(-1 * stddev(delta(close, 1), 20)), 200)
[execution_aware] iter 26/50 [ERR] reward=    -inf  decay_linear(cs_rank(-1 * stddev(delta(close, 1), 20)), 500)
[execution_aware] iter 27/50 [OK ] reward=  0.0101  decay_linear(cs_rank(-1 * stddev(delta(close, 1), 100)), 100)
[execution_aware] iter 28/50 [OK ] reward=  0.0484  decay_linear(cs_rank(-1 * stddev(delta(close, 1), 20)), 200)
[execution_aware] iter 29/50 [ERR] reward=    -inf  decay_linear(cs_rank(-1 * stddev(delta(close, 1), 20)), 300)
[execution_aware] iter 30/50 [OK ] reward=  0.0756  decay_linear(cs_rank(-1 * stddev(delta(close, 1), 20)), 100)
[execution_aware] iter 31/50 [OK ] reward=  0.0484  decay_linear(cs_rank(-1 * stddev(delta(close, 1), 20)), 200)
[execution_aware] iter 32/50 [OK ] reward=  0.0562  decay_linear(cs_rank(-1 * stddev(delta(close, 1), 30)), 150)
[execution_aware] iter 33/50 [OK ] reward=  0.0484  decay_linear(cs_rank(-1 * stddev(delta(close, 1), 20)), 200)
[execution_aware] iter 34/50 [OK ] reward=  0.0429  decay_linear(cs_rank(-1 * stddev(delta(close, 1), 20)), 250)
[execution_aware] iter 35/50 [OK ] reward=  0.0484  decay_linear(cs_rank(-1 * stddev(delta(close, 1), 20)), 200)
[execution_aware] iter 36/50 [OK ] reward=  0.0429  decay_linear(cs_rank(-1 * stddev(delta(close, 1), 20)), 250)
[execution_aware] iter 37/50 [ERR] reward=    -inf  decay_linear(cs_rank(-1 * stddev(delta(close, 1), 20)), 500)
[execution_aware] iter 38/50 [OK ] reward=  0.0756  decay_linear(cs_rank(-1 * stddev(delta(close, 1), 20)), 100)
[execution_aware] iter 39/50 [OK ] reward=  0.0484  decay_linear(cs_rank(-1 * stddev(delta(close, 1), 20)), 200)
[execution_aware] iter 40/50 [OK ] reward=  0.0428  decay_linear(cs_rank(-1 * stddev(delta(close, 1), 20)), 252)
[execution_aware] iter 41/50 [OK ] reward=  0.0428  decay_linear(cs_rank(-1 * stddev(delta(close, 1), 20)), 252)
[execution_aware] iter 42/50 [OK ] reward=  0.0484  decay_linear(cs_rank(-1 * stddev(delta(close, 1), 20)), 200)
[execution_aware] iter 43/50 [OK ] reward=  0.0428  decay_linear(cs_rank(-1 * stddev(delta(close, 1), 20)), 252)
[execution_aware] iter 44/50 [OK ] reward=  0.0484  decay_linear(cs_rank(-1 * stddev(delta(close, 1), 20)), 200)
[execution_aware] iter 45/50 [ERR] reward=    -inf  decay_linear(cs_rank(-1 * stddev(delta(close, 1), 20)), 500)
[execution_aware] iter 46/50 [OK ] reward=  0.0593  decay_linear(cs_rank(-1 * stddev(delta(close, 1), 20)), 150)
[execution_aware] iter 47/50 [OK ] reward=  0.0484  decay_linear(cs_rank(-1 * stddev(delta(close, 1), 20)), 200)
[execution_aware] iter 48/50 [ERR] reward=    -inf  decay_linear(cs_rank(-1 * stddev(delta(close, 1), 20)), 300)
[execution_aware] iter 49/50 [OK ] reward=  0.3761  decay_linear(cs_rank(-1 * stddev(delta(close, 1), 20)), 100) * decay_linear(cs_rank(volume), 100)
[execution_aware] iter 50/50 [OK ] reward=  0.3634  decay_linear(cs_rank(-1 * stddev(delta(close, 1), 20)), 200) * decay_linear(cs_rank(volume), 200)
[wfo:execution_aware] fold 18 winner: decay_linear(cs_rank(-1 * stddev(delta(close, 1), 20)), 100) * decay_linear(cs_rank(volume), 100)
[wfo:execution_aware] fold 18 OOS: Gross_IR=1.637 Turnover=3.52 Net_IR=1.442
[wfo:execution_aware] fold 19: train 2020-01-01..2024-12-31 -> test 2025-01-01..2025-12-31
[execution_aware] iter  0/50 [SEED] reward= -0.9190  rank(-1 * stddev(delta(close, 1), 20))
[execution_aware] iter  1/50 [OK ] reward=  0.1312  decay_linear(rank(-1 * stddev(delta(close, 1), 20)), 60)
[execution_aware] iter  2/50 [OK ] reward=  0.1727  decay_linear(rank(-1 * stddev(delta(close, 1), 20)), 120)
[execution_aware] iter  3/50 [OK ] reward=  0.1913  decay_linear(rank(-1 * stddev(delta(close, 1), 20)), 240)
[execution_aware] iter  4/50 [ERR] reward=    -inf  decay_linear(rank(-1 * stddev(delta(close, 1), 20)), 500)
[execution_aware] iter  5/50 [OK ] reward=  0.1913  decay_linear(rank(-1 * stddev(delta(close, 1), 20)), 240)
[execution_aware] iter  6/50 [ERR] reward=    -inf  decay_linear(rank(-1 * stddev(delta(close, 1), 20)), 500)
[execution_aware] iter  7/50 [OK ] reward=  0.1913  decay_linear(cs_rank(-1 * stddev(delta(close, 1), 20)), 240)
[execution_aware] iter  8/50 [ERR] reward=    -inf  decay_linear(rank(-1 * stddev(delta(close, 1), 20)), 500)
[execution_aware] iter  9/50 [OK ] reward=  0.1913  decay_linear(rank(-1 * stddev(delta(close, 1), 20)), 240)
[execution_aware] iter 10/50 [ERR] reward=    -inf  decay_linear(rank(-1 * stddev(delta(close, 1), 20)), 500)
[execution_aware] iter 11/50 [OK ] reward= -1.8088  decay_linear(cs_rank(-1 * ts_rank(stddev(delta(close, 1), 20), 20)), 240)
[execution_aware] iter 12/50 [ERR] reward=    -inf  decay_linear(cs_rank(-1 * stddev(delta(close, 1), 20)), 360)
[execution_aware] iter 13/50 [OK ] reward=  0.1913  decay_linear(cs_rank(-1 * stddev(delta(close, 1), 20)), 240)
[execution_aware] iter 14/50 [ERR] reward=    -inf  decay_linear(cs_rank(-1 * stddev(delta(close, 1), 20)), 360)
[execution_aware] iter 15/50 [OK ] reward=  0.1913  decay_linear(cs_rank(-1 * stddev(delta(close, 1), 20)), 240)
[execution_aware] iter 16/50 [ERR] reward=    -inf  decay_linear(cs_rank(-1 * stddev(delta(close, 1), 20)), 480)
[execution_aware] iter 17/50 [OK ] reward=  0.1913  decay_linear(cs_rank(-1 * stddev(delta(close, 1), 20)), 240)
[execution_aware] iter 18/50 [ERR] reward=    -inf  decay_linear(cs_rank(-1 * stddev(delta(close, 1), 30)), 480)
[execution_aware] iter 19/50 [OK ] reward=  0.1913  decay_linear(cs_rank(-1 * stddev(delta(close, 1), 20)), 240)
[execution_aware] iter 20/50 [ERR] reward=    -inf  decay_linear(cs_rank(-1 * stddev(delta(close, 1), 40)), 360)
[execution_aware] iter 21/50 [OK ] reward=  0.1913  decay_linear(cs_rank(-1 * stddev(delta(close, 1), 20)), 240)
[execution_aware] iter 22/50 [ERR] reward=    -inf  decay_linear(cs_rank(-1 * stddev(delta(close, 1), 20)), 480)
[execution_aware] iter 23/50 [OK ] reward=  0.1913  decay_linear(cs_rank(-1 * stddev(delta(close, 1), 20)), 240)
[execution_aware] iter 24/50 [ERR] reward=    -inf  decay_linear(cs_rank(-1 * stddev(delta(close, 1), 20)), 480)
[execution_aware] iter 25/50 [OK ] reward=  0.1913  decay_linear(cs_rank(-1 * stddev(delta(close, 1), 20)), 240)
[execution_aware] iter 26/50 [ERR] reward=    -inf  decay_linear(cs_rank(-1 * stddev(delta(close, 1), 20)), 480)
[execution_aware] iter 27/50 [OK ] reward=  0.1913  decay_linear(cs_rank(-1 * stddev(delta(close, 1), 20)), 240)
[execution_aware] iter 28/50 [ERR] reward=    -inf  decay_linear(rank(-1 * stddev(delta(close, 1), 20)), 480)
[execution_aware] iter 29/50 [OK ] reward=  0.1913  decay_linear(cs_rank(-1 * stddev(delta(close, 1), 20)), 240)
[execution_aware] iter 30/50 [ERR] reward=    -inf  decay_linear(cs_rank(-1 * stddev(delta(close, 1), 30)), 360)
[execution_aware] iter 31/50 [OK ] reward=  0.1913  decay_linear(cs_rank(-1 * stddev(delta(close, 1), 20)), 240)
[execution_aware] iter 32/50 [ERR] reward=    -inf  decay_linear(cs_rank(-1 * stddev(delta(close, 1), 20)), 480)
[execution_aware] iter 33/50 [OK ] reward=  0.1913  decay_linear(cs_rank(-1 * stddev(delta(close, 1), 20)), 240)
[execution_aware] iter 34/50 [ERR] reward=    -inf  decay_linear(cs_rank(-1 * stddev(delta(close, 1), 30)), 360)
[execution_aware] iter 35/50 [OK ] reward=  0.1913  decay_linear(cs_rank(-1 * stddev(delta(close, 1), 20)), 240)
[execution_aware] iter 36/50 [ERR] reward=    -inf  decay_linear(rank(-1 * stddev(delta(close, 1), 20)), 480)
[execution_aware] iter 37/50 [OK ] reward= -0.6527  decay_linear(ts_rank(-1 * stddev(delta(close, 1), 20), 240), 120)
[execution_aware] iter 38/50 [ERR] reward=    -inf  decay_linear(rank(-1 * stddev(delta(close, 1), 20)), 480)
[execution_aware] iter 39/50 [OK ] reward=  0.1913  decay_linear(rank(-1 * stddev(delta(close, 1), 20)), 240)
[execution_aware] iter 40/50 [ERR] reward=    -inf  decay_linear(rank(-1 * stddev(delta(close, 1), 20)), 500)
[execution_aware] iter 41/50 [OK ] reward=  0.1913  decay_linear(rank(-1 * stddev(delta(close, 1), 20)), 240)
[execution_aware] iter 42/50 [ERR] reward=    -inf  decay_linear(rank(-1 * stddev(delta(close, 1), 20)), 500)
[execution_aware] iter 43/50 [OK ] reward=  0.1913  decay_linear(rank(-1 * stddev(delta(close, 1), 20)), 240)
[execution_aware] iter 44/50 [ERR] reward=    -inf  decay_linear(rank(-1 * stddev(delta(close, 1), 20)), 480)
[execution_aware] iter 45/50 [OK ] reward=  0.1913  decay_linear(cs_rank(-1 * stddev(delta(close, 1), 20)), 240)
[execution_aware] iter 46/50 [ERR] reward=    -inf  decay_linear(cs_rank(-1 * stddev(delta(close, 1), 20)), 360)
[execution_aware] iter 47/50 [OK ] reward=  0.1913  decay_linear(cs_rank(-1 * stddev(delta(close, 1), 20)), 240)
[execution_aware] iter 48/50 [ERR] reward=    -inf  decay_linear(cs_rank(-1 * stddev(delta(close, 1), 20)), 360)
[execution_aware] iter 49/50 [OK ] reward=  0.1913  decay_linear(cs_rank(-1 * stddev(delta(close, 1), 20)), 240)
[execution_aware] iter 50/50 [ERR] reward=    -inf  decay_linear(cs_rank(-1 * stddev(delta(close, 1), 20)), 360)
[wfo:execution_aware] fold 19 winner: decay_linear(rank(-1 * stddev(delta(close, 1), 20)), 240)
[wfo:execution_aware] fold 19 OOS: Gross_IR=0.680 Turnover=3.60 Net_IR=0.500
[wfo:execution_aware] fold 20: train 2021-01-01..2025-12-31 -> test 2026-01-01..2026-08-13
[execution_aware] iter  0/50 [SEED] reward= -0.8296  rank(-1 * stddev(delta(close, 1), 20))
[execution_aware] iter  1/50 [OK ] reward=  0.3404  decay_linear(rank(-1 * stddev(delta(close, 1), 20)), 100)
[execution_aware] iter  2/50 [OK ] reward=  0.4294  decay_linear(rank(-1 * stddev(delta(close, 1), 20)), 200)
[execution_aware] iter  3/50 [ERR] reward=    -inf  decay_linear(cs_rank(-1 * stddev(delta(close, 1), 20)), 400)
[execution_aware] iter  4/50 [OK ] reward= -1.9108  decay_linear(ts_rank(-1 * stddev(delta(close, 1), 20), 20), 200)
[execution_aware] iter  5/50 [ERR] reward=    -inf  decay_linear(rank(-1 * stddev(delta(close, 1), 20)), 400)
[execution_aware] iter  6/50 [OK ] reward= -1.8645  decay_linear(rank(-1 * stddev(delta(close, 1), 20)), 200) + rank(volume)
[execution_aware] iter  7/50 [ERR] reward=    -inf  decay_linear(rank(-1 * stddev(delta(close, 1), 20)), 500)
[execution_aware] iter  8/50 [OK ] reward=  0.4591  decay_linear(cs_rank(-1 * stddev(delta(close, 1), 20)), 252)
[execution_aware] iter  9/50 [ERR] reward=    -inf  decay_linear(cs_rank(-1 * stddev(delta(close, 1), 20)), 500)
[execution_aware] iter 10/50 [OK ] reward=  0.4591  decay_linear(cs_rank(-1 * stddev(delta(close, 1), 20)), 252)
[execution_aware] iter 11/50 [ERR] reward=    -inf  decay_linear(cs_rank(-1 * stddev(delta(close, 1), 20)), 500)
[execution_aware] iter 12/50 [OK ] reward=  0.4591  decay_linear(cs_rank(-1 * stddev(delta(close, 1), 20)), 252)
[execution_aware] iter 13/50 [ERR] reward=    -inf  decay_linear(cs_rank(-1 * stddev(delta(close, 1), 20)), 500)
[execution_aware] iter 14/50 [OK ] reward=  0.3703  decay_linear(cs_rank(-1 * stddev(delta(close, 1), 20)), 126)
[execution_aware] iter 15/50 [ERR] reward=    -inf  decay_linear(cs_rank(-1 * stddev(delta(close, 1), 20)), 500)
[execution_aware] iter 16/50 [OK ] reward=-25.6454  decay_linear(cs_rank(-1 * stddev(delta(close, 1), 20)), 252) + cs_rank(delta(close, 1))
[execution_aware] iter 17/50 [ERR] reward=    -inf  decay_linear(cs_rank(-1 * stddev(delta(close, 1), 20)), 500)
[execution_aware] iter 18/50 [OK ] reward=  0.4591  decay_linear(cs_rank(-1 * stddev(delta(close, 1), 20)), 252)
[execution_aware] iter 19/50 [ERR] reward=    -inf  decay_linear(cs_rank(-1 * stddev(delta(close, 1), 20)), 500)
[execution_aware] iter 20/50 [OK ] reward=  0.4591  decay_linear(cs_rank(-1 * stddev(delta(close, 1), 20)), 252)
[execution_aware] iter 21/50 [ERR] reward=    -inf  decay_linear(cs_rank(-1 * stddev(delta(close, 1), 20)), 500)
[execution_aware] iter 22/50 [OK ] reward=  0.4591  decay_linear(cs_rank(-1 * stddev(delta(close, 1), 20)), 252)
[execution_aware] iter 23/50 [ERR] reward=    -inf  decay_linear(cs_rank(-1 * stddev(delta(close, 1), 20)), 500)
[execution_aware] iter 24/50 [OK ] reward=  0.4591  decay_linear(cs_rank(-1 * stddev(delta(close, 1), 20)), 252)
[execution_aware] iter 25/50 [ERR] reward=    -inf  decay_linear(cs_rank(-1 * stddev(delta(close, 1), 20)), 500)
[execution_aware] iter 26/50 [OK ] reward=  0.3909  decay_linear(cs_rank(-1 * stddev(delta(close, 1), 20)), 150)
[execution_aware] iter 27/50 [ERR] reward=    -inf  decay_linear(cs_rank(-1 * stddev(delta(close, 1), 20)), 365)
[execution_aware] iter 28/50 [OK ] reward=  0.4591  decay_linear(cs_rank(-1 * stddev(delta(close, 1), 20)), 252)
[execution_aware] iter 29/50 [ERR] reward=    -inf  decay_linear(cs_rank(-1 * stddev(delta(close, 1), 20)), 500)
[execution_aware] iter 30/50 [OK ] reward=  0.3703  decay_linear(cs_rank(-1 * stddev(delta(close, 1), 20)), 126)
[execution_aware] iter 31/50 [ERR] reward=    -inf  decay_linear(cs_rank(-1 * stddev(delta(close, 1), 20)), 504)
[execution_aware] iter 32/50 [OK ] reward=  0.4591  decay_linear(cs_rank(-1 * stddev(delta(close, 1), 20)), 252)
[execution_aware] iter 33/50 [ERR] reward=    -inf  decay_linear(cs_rank(-1 * stddev(delta(close, 1), 20)), 504)
[execution_aware] iter 34/50 [OK ] reward=  0.3703  decay_linear(cs_rank(-1 * stddev(delta(close, 1), 20)), 126)
[execution_aware] iter 35/50 [ERR] reward=    -inf  decay_linear(cs_rank(-1 * stddev(delta(close, 1), 20)), 504)
[execution_aware] iter 36/50 [OK ] reward=  0.3703  decay_linear(cs_rank(-1 * stddev(delta(close, 1), 20)), 126)
[execution_aware] iter 37/50 [ERR] reward=    -inf  decay_linear(cs_rank(-1 * stddev(delta(close, 1), 20)), 504)
[execution_aware] iter 38/50 [OK ] reward=  0.4591  decay_linear(cs_rank(-1 * stddev(delta(close, 1), 20)), 252)
[execution_aware] iter 39/50 [ERR] reward=    -inf  decay_linear(cs_rank(-1 * stddev(delta(close, 1), 20)), 500)
[execution_aware] iter 40/50 [OK ] reward=  0.4591  decay_linear(cs_rank(-1 * stddev(delta(close, 1), 20)), 252)
[execution_aware] iter 41/50 [ERR] reward=    -inf  decay_linear(cs_rank(-1 * stddev(delta(close, 1), 20)), 500)
[execution_aware] iter 42/50 [OK ] reward=  0.4591  decay_linear(cs_rank(-1 * stddev(delta(close, 1), 20)), 252)
[execution_aware] iter 43/50 [ERR] reward=    -inf  decay_linear(cs_rank(-1 * stddev(delta(close, 1), 20)), 500)
[execution_aware] iter 44/50 [OK ] reward=  0.4357  decay_linear(cs_rank(-1 * stddev(delta(close, 1), 10)), 252)
[execution_aware] iter 45/50 [ERR] reward=    -inf  decay_linear(cs_rank(-1 * stddev(delta(close, 1), 20)), 504)
[execution_aware] iter 46/50 [OK ] reward=  0.4357  decay_linear(cs_rank(-1 * stddev(delta(close, 1), 10)), 252)
[execution_aware] iter 47/50 [ERR] reward=    -inf  decay_linear(cs_rank(-1 * stddev(delta(close, 1), 20)), 500)
[execution_aware] iter 48/50 [OK ] reward=  0.4591  decay_linear(cs_rank(-1 * stddev(delta(close, 1), 20)), 252)
[execution_aware] iter 49/50 [ERR] reward=    -inf  decay_linear(cs_rank(-1 * stddev(delta(close, 1), 20)), 500)
[execution_aware] iter 50/50 [OK ] reward=  0.4591  decay_linear(cs_rank(-1 * stddev(delta(close, 1), 20)), 252)
[wfo:execution_aware] fold 20 winner: decay_linear(cs_rank(-1 * stddev(delta(close, 1), 20)), 252)
[wfo:execution_aware] fold 20 OOS: Gross_IR=0.091 Turnover=5.22 Net_IR=-0.045
[gamma_sweep] checkpointed gamma_sweep_summary.csv (1 rows)

==============================================================================
turnover_only_g1_0.25_g2_0.0
==============================================================================
[LocalQwenClient] seed=1001 main_gpu=0
[wfo:execution_aware] fold 0: train 2001-01-01..2005-12-31 -> test 2006-01-01..2006-12-31
[execution_aware] iter  0/50 [SEED] reward= -3.4804  rank(-1 * stddev(delta(close, 1), 20))
[execution_aware] iter  1/50 [OK ] reward= -0.2377  decay_linear(rank(-1 * stddev(delta(close, 1), 20)), 60)
[execution_aware] iter  2/50 [OK ] reward= -0.1104  decay_linear(rank(-1 * stddev(delta(close, 1), 20)), 120)
[execution_aware] iter  3/50 [OK ] reward= -0.1399  decay_linear(rank(-1 * stddev(delta(close, 1), 20)), 240)
[execution_aware] iter  4/50 [ERR] reward=    -inf  decay_linear(rank(-1 * stddev(delta(close, 1), 20)), 360)
[execution_aware] iter  5/50 [OK ] reward= -2.2163  decay_linear(cs_rank(-1 * zscore(close, 60)), 120)
[execution_aware] iter  6/50 [OK ] reward= -0.1119  decay_linear(cs_rank(-1 * stddev(delta(close, 1), 20)), 180)
[execution_aware] iter  7/50 [OK ] reward= -0.1399  decay_linear(cs_rank(-1 * stddev(delta(close, 1), 20)), 240)
[execution_aware] iter  8/50 [ERR] reward=    -inf  decay_linear(cs_rank(-1 * stddev(delta(close, 1), 20)), 360)
[execution_aware] iter  9/50 [OK ] reward= -0.1104  decay_linear(cs_rank(-1 * stddev(delta(close, 1), 20)), 120)
[execution_aware] iter 10/50 [OK ] reward= -0.1399  decay_linear(cs_rank(-1 * stddev(delta(close, 1), 20)), 240)
[execution_aware] iter 11/50 [ERR] reward=    -inf  decay_linear(cs_rank(-1 * stddev(delta(close, 1), 20)), 360)
[execution_aware] iter 12/50 [OK ] reward= -0.1104  decay_linear(cs_rank(-1 * stddev(delta(close, 1), 20)), 120)
[execution_aware] iter 13/50 [OK ] reward= -0.1399  decay_linear(cs_rank(-1 * stddev(delta(close, 1), 20)), 240)
[execution_aware] iter 14/50 [OK ] reward= -0.1399  decay_linear(cs_rank(-1 * stddev(delta(close, 1), 20)), 240)
[execution_aware] iter 15/50 [ERR] reward=    -inf  decay_linear(cs_rank(-1 * stddev(delta(close, 1), 20)), 300)
[execution_aware] iter 16/50 [OK ] reward= -0.1104  decay_linear(cs_rank(-1 * stddev(delta(close, 1), 20)), 120)
[execution_aware] iter 17/50 [OK ] reward= -0.1399  decay_linear(cs_rank(-1 * stddev(delta(close, 1), 20)), 240)
[execution_aware] iter 18/50 [ERR] reward=    -inf  decay_linear(cs_rank(-1 * stddev(delta(close, 1), 20)), 300)
[execution_aware] iter 19/50 [OK ] reward= -0.1104  decay_linear(cs_rank(-1 * stddev(delta(close, 1), 20)), 120)
[execution_aware] iter 20/50 [OK ] reward= -0.1399  decay_linear(cs_rank(-1 * stddev(delta(close, 1), 20)), 240)
[execution_aware] iter 21/50 [ERR] reward=    -inf  decay_linear(cs_rank(-1 * stddev(delta(close, 1), 20)), 360)
[execution_aware] iter 22/50 [OK ] reward= -0.1104  decay_linear(cs_rank(-1 * stddev(delta(close, 1), 20)), 120)
[execution_aware] iter 23/50 [OK ] reward= -0.1399  decay_linear(cs_rank(-1 * stddev(delta(close, 1), 20)), 240)
[execution_aware] iter 24/50 [ERR] reward=    -inf  decay_linear(cs_rank(-1 * stddev(delta(close, 1), 20)), 360)
[execution_aware] iter 25/50 [OK ] reward= -0.1104  decay_linear(cs_rank(-1 * stddev(delta(close, 1), 20)), 120)
[execution_aware] iter 26/50 [OK ] reward= -0.1399  decay_linear(cs_rank(-1 * stddev(delta(close, 1), 20)), 240)
[execution_aware] iter 27/50 [ERR] reward=    -inf  decay_linear(cs_rank(-1 * stddev(delta(close, 1), 20)), 360)
[execution_aware] iter 28/50 [OK ] reward= -3.3089  decay_linear(ts_rank(-1 * stddev(delta(close, 1), 20), 120), 60)
[execution_aware] iter 29/50 [OK ] reward= -2.0618  decay_linear(ts_rank(-1 * stddev(delta(close, 1), 20), 120), 240)
[execution_aware] iter 30/50 [OK ] reward= -0.1119  decay_linear(cs_rank(-1 * stddev(delta(close, 1), 20)), 180)
[execution_aware] iter 31/50 [OK ] reward= -0.1399  decay_linear(cs_rank(-1 * stddev(delta(close, 1), 20)), 240)
[execution_aware] iter 32/50 [OK ] reward= -0.1399  decay_linear(cs_rank(-1 * stddev(delta(close, 1), 20)), 240)
[execution_aware] iter 33/50 [ERR] reward=    -inf  decay_linear(cs_rank(-1 * stddev(delta(close, 1), 20)), 480)
[execution_aware] iter 34/50 [OK ] reward= -0.1104  decay_linear(cs_rank(-1 * stddev(delta(close, 1), 20)), 120)
[execution_aware] iter 35/50 [OK ] reward= -0.1399  decay_linear(cs_rank(-1 * stddev(delta(close, 1), 20)), 240)
[execution_aware] iter 36/50 [ERR] reward=    -inf  decay_linear(cs_rank(-1 * stddev(delta(close, 1), 20)), 360)
[execution_aware] iter 37/50 [OK ] reward= -0.1104  decay_linear(cs_rank(-1 * stddev(delta(close, 1), 20)), 120)
[execution_aware] iter 38/50 [OK ] reward= -0.1399  decay_linear(cs_rank(-1 * stddev(delta(close, 1), 20)), 240)
[execution_aware] iter 39/50 [ERR] reward=    -inf  decay_linear(cs_rank(-1 * stddev(delta(close, 1), 20)), 480)
[execution_aware] iter 40/50 [OK ] reward= -0.1104  decay_linear(cs_rank(-1 * stddev(delta(close, 1), 20)), 120)
[execution_aware] iter 41/50 [OK ] reward= -0.1399  decay_linear(cs_rank(-1 * stddev(delta(close, 1), 20)), 240)
[execution_aware] iter 42/50 [ERR] reward=    -inf  decay_linear(cs_rank(-1 * stddev(delta(close, 1), 20)), 360)
[execution_aware] iter 43/50 [OK ] reward= -0.1104  decay_linear(cs_rank(-1 * stddev(delta(close, 1), 20)), 120)
[execution_aware] iter 44/50 [OK ] reward= -0.1903  decay_linear(cs_rank(-1 * stddev(delta(close, 1), 40)), 240)
[execution_aware] iter 45/50 [OK ] reward= -0.1399  decay_linear(cs_rank(-1 * stddev(delta(close, 1), 20)), 240)
[execution_aware] iter 46/50 [ERR] reward=    -inf  decay_linear(cs_rank(-1 * stddev(delta(close, 1), 20)), 360)
[execution_aware] iter 47/50 [OK ] reward= -0.1104  decay_linear(cs_rank(-1 * stddev(delta(close, 1), 20)), 120)
[execution_aware] iter 48/50 [OK ] reward= -0.1399  decay_linear(cs_rank(-1 * stddev(delta(close, 1), 20)), 240)
[execution_aware] iter 49/50 [ERR] reward=    -inf  decay_linear(cs_rank(-1 * stddev(delta(close, 1), 20)), 360)
[execution_aware] iter 50/50 [OK ] reward= -0.1104  decay_linear(cs_rank(-1 * stddev(delta(close, 1), 20)), 120)
[wfo:execution_aware] fold 0 winner: decay_linear(rank(-1 * stddev(delta(close, 1), 20)), 120)
[wfo:execution_aware] fold 0 OOS: Gross_IR=1.138 Turnover=3.80 Net_IR=0.957
[wfo:execution_aware] fold 1: train 2002-01-01..2006-12-31 -> test 2007-01-01..2007-12-31
[execution_aware] iter  0/50 [SEED] reward= -3.1372  rank(-1 * stddev(delta(close, 1), 20))
[execution_aware] iter  1/50 [OK ] reward=  0.2151  decay_linear(rank(-1 * stddev(delta(close, 1), 20)), 60)
[execution_aware] iter  2/50 [OK ] reward=  0.4207  decay_linear(rank(-1 * stddev(delta(close, 1), 20)), 120)
[execution_aware] iter  3/50 [OK ] reward=  0.4719  decay_linear(rank(-1 * stddev(delta(close, 1), 20)), 240)
[execution_aware] iter  4/50 [ERR] reward=    -inf  decay_linear(rank(-1 * stddev(delta(close, 1), 20)), 480)
[execution_aware] iter  5/50 [OK ] reward= -9.1229  decay_linear(rank(-1 * stddev(delta(close, 1), 20)), 240) * cs_rank(volume)
[execution_aware] iter  6/50 [ERR] reward=    -inf  decay_linear(cs_rank(-1 * stddev(delta(close, 1), 20)), 500) * decay_linear(cs_rank(volume), 500)
[execution_aware] iter  7/50 [OK ] reward= -9.1229  decay_linear(cs_rank(-1 * stddev(delta(close, 1), 20)), 240) * cs_rank(volume)
[execution_aware] iter  8/50 [ERR] reward=    -inf  decay_linear(cs_rank(-1 * stddev(delta(close, 1), 20)), 500) * cs_rank(volume)
[execution_aware] iter  9/50 [OK ] reward= -9.1229  decay_linear(cs_rank(-1 * stddev(delta(close, 1), 20)), 240) * cs_rank(volume)
[execution_aware] iter 10/50 [ERR] reward=    -inf  decay_linear(cs_rank(-1 * stddev(delta(close, 1), 20)), 480) * cs_rank(volume)
[execution_aware] iter 11/50 [OK ] reward= -9.1229  decay_linear(cs_rank(-1 * stddev(delta(close, 1), 20)), 240) * cs_rank(volume)
[execution_aware] iter 12/50 [ERR] reward=    -inf  decay_linear(cs_rank(-1 * stddev(delta(close, 1), 20)), 500) * cs_rank(volume)
[execution_aware] iter 13/50 [OK ] reward= -9.1229  decay_linear(cs_rank(-1 * stddev(delta(close, 1), 20)), 240) * cs_rank(volume)
[execution_aware] iter 14/50 [ERR] reward=    -inf  decay_linear(cs_rank(-1 * stddev(delta(close, 1), 20)), 480)
[execution_aware] iter 15/50 [OK ] reward= -2.2785  decay_linear(ts_rank(-1 * stddev(delta(close, 1), 20), 240), 120)
[execution_aware] iter 16/50 [OK ] reward= -1.7753  decay_linear(ts_rank(-1 * stddev(delta(close, 1), 20), 240), 240)
[execution_aware] iter 17/50 [ERR] reward=    -inf  decay_linear(rank(-1 * stddev(delta(close, 1), 20)), 360)
[execution_aware] iter 18/50 [OK ] reward=  0.4719  decay_linear(rank(-1 * stddev(delta(close, 1), 20)), 240)
[execution_aware] iter 19/50 [ERR] reward=    -inf  decay_linear(rank(-1 * stddev(delta(close, 1), 20)), 365)
[execution_aware] iter 20/50 [OK ] reward=  0.4719  decay_linear(rank(-1 * stddev(delta(close, 1), 20)), 240)
[execution_aware] iter 21/50 [ERR] reward=    -inf  decay_linear(cs_rank(-1 * stddev(delta(close, 1), 20)), 360)
[execution_aware] iter 22/50 [OK ] reward=  0.4207  decay_linear(cs_rank(-1 * stddev(delta(close, 1), 20)), 120)
[execution_aware] iter 23/50 [OK ] reward=  0.4719  decay_linear(cs_rank(-1 * stddev(delta(close, 1), 20)), 240)
[execution_aware] iter 24/50 [ERR] reward=    -inf  decay_linear(cs_rank(-1 * stddev(delta(close, 1), 30)), 360)
[execution_aware] iter 25/50 [OK ] reward=  0.4719  decay_linear(cs_rank(-1 * stddev(delta(close, 1), 20)), 240)
[execution_aware] iter 26/50 [ERR] reward=    -inf  decay_linear(ts_rank(-1 * stddev(delta(close, 1), 20), 252), 360)
[execution_aware] iter 27/50 [OK ] reward= -1.7753  decay_linear(ts_rank(-1 * stddev(delta(close, 1), 20), 240), 240)
[execution_aware] iter 28/50 [ERR] reward=    -inf  decay_linear(ts_rank(-1 * stddev(delta(close, 1), 20), 360), 240)
[execution_aware] iter 29/50 [OK ] reward=  0.4719  decay_linear(rank(-1 * stddev(delta(close, 1), 20)), 240)
[execution_aware] iter 30/50 [ERR] reward=    -inf  decay_linear(rank(-1 * stddev(delta(close, 1), 20)), 360)
[execution_aware] iter 31/50 [OK ] reward=  0.4719  decay_linear(cs_rank(-1 * stddev(delta(close, 1), 20)), 240)
[execution_aware] iter 32/50 [ERR] reward=    -inf  decay_linear(cs_rank(-1 * stddev(delta(close, 1), 20)), 500)
[execution_aware] iter 33/50 [OK ] reward=  0.4719  decay_linear(cs_rank(-1 * stddev(delta(close, 1), 20)), 240)
[execution_aware] iter 34/50 [ERR] reward=    -inf  decay_linear(cs_rank(-1 * stddev(delta(close, 1), 20)), 480)
[execution_aware] iter 35/50 [OK ] reward=  0.4719  decay_linear(cs_rank(-1 * stddev(delta(close, 1), 20)), 240)
[execution_aware] iter 36/50 [ERR] reward=    -inf  decay_linear(cs_rank(-1 * stddev(delta(close, 1), 40)), 360)
[execution_aware] iter 37/50 [OK ] reward=  0.4719  decay_linear(cs_rank(-1 * stddev(delta(close, 1), 20)), 240)
[execution_aware] iter 38/50 [ERR] reward=    -inf  decay_linear(cs_rank(-1 * stddev(delta(close, 1), 20)), 360)
[execution_aware] iter 39/50 [OK ] reward=  0.4207  decay_linear(cs_rank(-1 * stddev(delta(close, 1), 20)), 120)
[execution_aware] iter 40/50 [OK ] reward=  0.4719  decay_linear(cs_rank(-1 * stddev(delta(close, 1), 20)), 240)
[execution_aware] iter 41/50 [ERR] reward=    -inf  decay_linear(cs_rank(-1 * stddev(delta(close, 1), 20)), 360)
[execution_aware] iter 42/50 [OK ] reward=  0.4719  decay_linear(cs_rank(-1 * stddev(delta(close, 1), 20)), 240)
[execution_aware] iter 43/50 [ERR] reward=    -inf  decay_linear(cs_rank(-1 * stddev(delta(close, 1), 20)), 500)
[execution_aware] iter 44/50 [OK ] reward= -2.3104  decay_linear(ts_rank(-1 * stddev(delta(close, 1), 20), 120), 240)
[execution_aware] iter 45/50 [ERR] reward=    -inf  decay_linear(cs_rank(-1 * stddev(delta(close, 1), 20)), 480)
[execution_aware] iter 46/50 [OK ] reward=  0.4719  decay_linear(cs_rank(-1 * stddev(delta(close, 1), 20)), 240)
[execution_aware] iter 47/50 [ERR] reward=    -inf  decay_linear(cs_rank(-1 * stddev(delta(close, 1), 30)), 360)
[execution_aware] iter 48/50 [OK ] reward=  0.4719  decay_linear(cs_rank(-1 * stddev(delta(close, 1), 20)), 240)
[execution_aware] iter 49/50 [ERR] reward=    -inf  decay_linear(cs_rank(-1 * stddev(delta(close, 1), 20)), 365)
[execution_aware] iter 50/50 [OK ] reward=  0.4719  decay_linear(cs_rank(-1 * stddev(delta(close, 1), 20)), 240)
[wfo:execution_aware] fold 1 winner: decay_linear(rank(-1 * stddev(delta(close, 1), 20)), 240)
[wfo:execution_aware] fold 1 OOS: Gross_IR=1.080 Turnover=3.31 Net_IR=0.919
[wfo:execution_aware] fold 2: train 2003-01-01..2007-12-31 -> test 2008-01-01..2008-12-31
[execution_aware] iter  0/50 [SEED] reward= -3.3367  rank(-1 * stddev(delta(close, 1), 20))
[execution_aware] iter  1/50 [OK ] reward= -0.0305  decay_linear(rank(-1 * stddev(delta(close, 1), 20)), 60)
[execution_aware] iter  2/50 [OK ] reward=  0.1766  decay_linear(rank(-1 * stddev(delta(close, 1), 20)), 120)
[execution_aware] iter  3/50 [OK ] reward=  0.3189  decay_linear(rank(-1 * stddev(delta(close, 1), 20)), 240)
[execution_aware] iter  4/50 [ERR] reward=    -inf  decay_linear(rank(-1 * stddev(delta(close, 1), 20)), 500)
[execution_aware] iter  5/50 [OK ] reward= -2.0810  decay_linear(ts_rank(-1 * stddev(delta(close, 1), 20), 240), 120)
[execution_aware] iter  6/50 [ERR] reward=    -inf  decay_linear(cs_rank(-1 * stddev(delta(close, 1), 20)), 500)
[execution_aware] iter  7/50 [OK ] reward=  0.3189  decay_linear(cs_rank(-1 * stddev(delta(close, 1), 20)), 240)
[execution_aware] iter  8/50 [ERR] reward=    -inf  decay_linear(cs_rank(-1 * stddev(delta(close, 1), 40)), 480)
[execution_aware] iter  9/50 [OK ] reward=  0.3189  decay_linear(cs_rank(-1 * stddev(delta(close, 1), 20)), 240)
[execution_aware] iter 10/50 [ERR] reward=    -inf  decay_linear(cs_rank(-1 * stddev(delta(close, 1), 20)), 360)
[execution_aware] iter 11/50 [OK ] reward=  0.3189  decay_linear(cs_rank(-1 * stddev(delta(close, 1), 20)), 240)
[execution_aware] iter 12/50 [ERR] reward=    -inf  decay_linear(cs_rank(-1 * stddev(delta(close, 1), 20)), 360)
[execution_aware] iter 13/50 [OK ] reward=  0.3189  decay_linear(cs_rank(-1 * stddev(delta(close, 1), 20)), 240)
[execution_aware] iter 14/50 [ERR] reward=    -inf  decay_linear(cs_rank(-1 * stddev(delta(close, 1), 20)), 365)
[execution_aware] iter 15/50 [OK ] reward=  0.3189  decay_linear(cs_rank(-1 * stddev(delta(close, 1), 20)), 240)
[execution_aware] iter 16/50 [ERR] reward=    -inf  decay_linear(cs_rank(-1 * stddev(delta(close, 1), 20)), 365)
[execution_aware] iter 17/50 [OK ] reward=  0.3189  decay_linear(cs_rank(-1 * stddev(delta(close, 1), 20)), 240)
[execution_aware] iter 18/50 [ERR] reward=    -inf  decay_linear(cs_rank(-1 * stddev(delta(close, 1), 20)), 360)
[execution_aware] iter 19/50 [OK ] reward= -2.0810  decay_linear(ts_rank(-1 * stddev(delta(close, 1), 20), 240), 120)
[execution_aware] iter 20/50 [ERR] reward=    -inf  decay_linear(ts_rank(-1 * stddev(delta(close, 1), 20), 240), 360)
[execution_aware] iter 21/50 [OK ] reward=  0.3189  decay_linear(cs_rank(-1 * stddev(delta(close, 1), 20)), 240)
[execution_aware] iter 22/50 [ERR] reward=    -inf  decay_linear(cs_rank(-1 * stddev(delta(close, 1), 20)), 480)
[execution_aware] iter 23/50 [OK ] reward=  0.3189  decay_linear(cs_rank(-1 * stddev(delta(close, 1), 20)), 240)
[execution_aware] iter 24/50 [ERR] reward=    -inf  decay_linear(cs_rank(-1 * stddev(delta(close, 1), 20)), 360)
[execution_aware] iter 25/50 [OK ] reward=  0.3189  decay_linear(cs_rank(-1 * stddev(delta(close, 1), 20)), 240)
[execution_aware] iter 26/50 [ERR] reward=    -inf  decay_linear(cs_rank(-1 * stddev(delta(close, 1), 20)), 360)
[execution_aware] iter 27/50 [OK ] reward=  0.3189  decay_linear(cs_rank(-1 * stddev(delta(close, 1), 20)), 240)
[execution_aware] iter 28/50 [ERR] reward=    -inf  decay_linear(cs_rank(-1 * stddev(delta(close, 1), 20)), 360)
[execution_aware] iter 29/50 [OK ] reward=  0.3189  decay_linear(cs_rank(-1 * stddev(delta(close, 1), 20)), 240)
[execution_aware] iter 30/50 [ERR] reward=    -inf  decay_linear(cs_rank(-1 * stddev(delta(close, 1), 20)), 360)
[execution_aware] iter 31/50 [OK ] reward=  0.3189  decay_linear(cs_rank(-1 * stddev(delta(close, 1), 20)), 240)
[execution_aware] iter 32/50 [ERR] reward=    -inf  decay_linear(cs_rank(-1 * stddev(delta(close, 1), 20)), 360)
[execution_aware] iter 33/50 [OK ] reward=  0.3189  decay_linear(cs_rank(-1 * stddev(delta(close, 1), 20)), 240)
[execution_aware] iter 34/50 [ERR] reward=    -inf  decay_linear(cs_rank(-1 * stddev(delta(close, 1), 20)), 360)
[execution_aware] iter 35/50 [OK ] reward=  0.3189  decay_linear(cs_rank(-1 * stddev(delta(close, 1), 20)), 240)
[execution_aware] iter 36/50 [ERR] reward=    -inf  decay_linear(cs_rank(-1 * stddev(delta(close, 1), 20)), 360)
[execution_aware] iter 37/50 [OK ] reward=  0.3189  decay_linear(cs_rank(-1 * stddev(delta(close, 1), 20)), 240)
[execution_aware] iter 38/50 [ERR] reward=    -inf  decay_linear(cs_rank(-1 * stddev(delta(close, 1), 20)), 360)
[execution_aware] iter 39/50 [OK ] reward=  0.3189  decay_linear(cs_rank(-1 * stddev(delta(close, 1), 20)), 240)
[execution_aware] iter 40/50 [ERR] reward=    -inf  decay_linear(rank(-1 * stddev(delta(close, 1), 20)), 360)
[execution_aware] iter 41/50 [OK ] reward=  0.3189  decay_linear(cs_rank(-1 * stddev(delta(close, 1), 20)), 240)
[execution_aware] iter 42/50 [ERR] reward=    -inf  decay_linear(cs_rank(-1 * stddev(delta(close, 1), 20)), 500)
[execution_aware] iter 43/50 [OK ] reward=  0.3189  decay_linear(cs_rank(-1 * stddev(delta(close, 1), 20)), 240)
[execution_aware] iter 44/50 [ERR] reward=    -inf  decay_linear(cs_rank(-1 * stddev(delta(close, 1), 20)), 360)
[execution_aware] iter 45/50 [OK ] reward=  0.3189  decay_linear(cs_rank(-1 * stddev(delta(close, 1), 20)), 240)
[execution_aware] iter 46/50 [ERR] reward=    -inf  decay_linear(cs_rank(-1 * stddev(delta(close, 1), 20)), 360)
[execution_aware] iter 47/50 [OK ] reward=  0.3189  decay_linear(cs_rank(-1 * stddev(delta(close, 1), 20)), 240)
[execution_aware] iter 48/50 [ERR] reward=    -inf  decay_linear(cs_rank(-1 * stddev(delta(close, 1), 20)), 360)
[execution_aware] iter 49/50 [OK ] reward=  0.3189  decay_linear(cs_rank(-1 * stddev(delta(close, 1), 20)), 240)
[execution_aware] iter 50/50 [ERR] reward=    -inf  decay_linear(cs_rank(-1 * stddev(delta(close, 1), 40)), 480)
[wfo:execution_aware] fold 2 winner: decay_linear(rank(-1 * stddev(delta(close, 1), 20)), 240)
[wfo:execution_aware] fold 2 OOS: Gross_IR=1.016 Turnover=6.47 Net_IR=0.878
[wfo:execution_aware] fold 3: train 2004-01-01..2008-12-31 -> test 2009-01-01..2009-12-31
[execution_aware] iter  0/50 [SEED] reward= -3.7266  rank(-1 * stddev(delta(close, 1), 20))
[execution_aware] iter  1/50 [OK ] reward= -0.2497  decay_linear(rank(-1 * stddev(delta(close, 1), 20)), 126)
[execution_aware] iter  2/50 [OK ] reward= -0.1428  decay_linear(rank(-1 * stddev(delta(close, 1), 20)), 252)
[execution_aware] iter  3/50 [ERR] reward=    -inf  decay_linear(rank(-1 * stddev(delta(close, 1), 20)), 500)
[execution_aware] iter  4/50 [OK ] reward= -0.1428  decay_linear(cs_rank(-1 * stddev(delta(close, 1), 20)), 252)
[execution_aware] iter  5/50 [ERR] reward=    -inf  decay_linear(cs_rank(-1 * stddev(delta(close, 1), 20)), 504)
[execution_aware] iter  6/50 [OK ] reward= -0.1428  decay_linear(cs_rank(-1 * stddev(delta(close, 1), 20)), 252)
[execution_aware] iter  7/50 [ERR] reward=    -inf  decay_linear(cs_rank(-1 * stddev(delta(close, 1), 40)), 500)
[execution_aware] iter  8/50 [OK ] reward= -0.1180  decay_linear(cs_rank(-1 * stddev(delta(close, 1), 40)), 252)
[execution_aware] iter  9/50 [ERR] reward=    -inf  decay_linear(cs_rank(-1 * stddev(delta(close, 1), 80)), 500)
[execution_aware] iter 10/50 [OK ] reward= -0.1070  decay_linear(cs_rank(-1 * stddev(delta(close, 1), 80)), 252)
[execution_aware] iter 11/50 [ERR] reward=    -inf  decay_linear(cs_rank(-1 * stddev(delta(close, 1), 80)), 500)
[execution_aware] iter 12/50 [OK ] reward= -0.1404  decay_linear(cs_rank(-1 * stddev(delta(close, 1), 80)), 200)
[execution_aware] iter 13/50 [ERR] reward=    -inf  decay_linear(cs_rank(-1 * stddev(delta(close, 1), 80)), 500)
[execution_aware] iter 14/50 [OK ] reward= -0.1070  decay_linear(cs_rank(-1 * stddev(delta(close, 1), 80)), 252)
[execution_aware] iter 15/50 [ERR] reward=    -inf  decay_linear(cs_rank(-1 * stddev(delta(close, 1), 80)), 500)
[execution_aware] iter 16/50 [OK ] reward= -0.1128  decay_linear(cs_rank(-1 * stddev(delta(close, 1), 60)), 252)
[execution_aware] iter 17/50 [ERR] reward=    -inf  decay_linear(cs_rank(-1 * stddev(delta(close, 1), 100)), 500)
[execution_aware] iter 18/50 [OK ] reward= -0.0914  decay_linear(cs_rank(-1 * stddev(delta(close, 1), 100)), 252)
[execution_aware] iter 19/50 [ERR] reward=    -inf  decay_linear(cs_rank(-1 * stddev(delta(close, 1), 100)), 500)
[execution_aware] iter 20/50 [OK ] reward= -0.0914  decay_linear(cs_rank(-1 * stddev(delta(close, 1), 100)), 252)
[execution_aware] iter 21/50 [ERR] reward=    -inf  decay_linear(cs_rank(-1 * stddev(delta(close, 1), 100)), 500)
[execution_aware] iter 22/50 [OK ] reward= -0.1261  decay_linear(cs_rank(-1 * stddev(delta(close, 1), 100)), 200)
[execution_aware] iter 23/50 [ERR] reward=    -inf  decay_linear(cs_rank(-1 * stddev(delta(close, 1), 100)), 500)
[execution_aware] iter 24/50 [OK ] reward= -0.0914  decay_linear(cs_rank(-1 * stddev(delta(close, 1), 100)), 252)
[execution_aware] iter 25/50 [ERR] reward=    -inf  decay_linear(cs_rank(-1 * stddev(delta(close, 1), 100)), 504)
[execution_aware] iter 26/50 [OK ] reward= -0.1890  decay_linear(cs_rank(-1 * stddev(delta(close, 1), 100)), 100)
[execution_aware] iter 27/50 [ERR] reward=    -inf  decay_linear(cs_rank(-1 * stddev(delta(close, 1), 100)), 500)
[execution_aware] iter 28/50 [OK ] reward= -0.0914  decay_linear(cs_rank(-1 * stddev(delta(close, 1), 100)), 252)
[execution_aware] iter 29/50 [ERR] reward=    -inf  decay_linear(cs_rank(-1 * stddev(delta(close, 1), 100)), 500)
[execution_aware] iter 30/50 [OK ] reward= -0.0914  decay_linear(cs_rank(-1 * stddev(delta(close, 1), 100)), 252)
[execution_aware] iter 31/50 [ERR] reward=    -inf  decay_linear(cs_rank(-1 * stddev(delta(close, 1), 100)), 504)
[execution_aware] iter 32/50 [OK ] reward= -0.1707  decay_linear(cs_rank(-1 * stddev(delta(close, 1), 100)), 126)
[execution_aware] iter 33/50 [ERR] reward=    -inf  decay_linear(cs_rank(-1 * stddev(delta(close, 1), 100)), 500)
[execution_aware] iter 34/50 [OK ] reward= -0.0914  decay_linear(cs_rank(-1 * stddev(delta(close, 1), 100)), 252)
[execution_aware] iter 35/50 [ERR] reward=    -inf  decay_linear(cs_rank(-1 * stddev(delta(close, 1), 100)), 500)
[execution_aware] iter 36/50 [OK ] reward= -0.0914  decay_linear(cs_rank(-1 * stddev(delta(close, 1), 100)), 252)
[execution_aware] iter 37/50 [ERR] reward=    -inf  decay_linear(cs_rank(-1 * stddev(delta(close, 1), 100)), 500)
[execution_aware] iter 38/50 [OK ] reward= -0.1261  decay_linear(cs_rank(-1 * stddev(delta(close, 1), 100)), 200)
[execution_aware] iter 39/50 [ERR] reward=    -inf  decay_linear(cs_rank(-1 * stddev(delta(close, 1), 100)), 500)
[execution_aware] iter 40/50 [OK ] reward= -0.1261  decay_linear(cs_rank(-1 * stddev(delta(close, 1), 100)), 200)
[execution_aware] iter 41/50 [ERR] reward=    -inf  decay_linear(cs_rank(-1 * stddev(delta(close, 1), 100)), 500)
[execution_aware] iter 42/50 [OK ] reward= -0.1261  decay_linear(cs_rank(-1 * stddev(delta(close, 1), 100)), 200)
[execution_aware] iter 43/50 [ERR] reward=    -inf  decay_linear(cs_rank(-1 * stddev(delta(close, 1), 100)), 365)
[execution_aware] iter 44/50 [OK ] reward= -0.0227  decay_linear(cs_rank(-1 * stddev(delta(close, 1), 200)), 252)
[execution_aware] iter 45/50 [ERR] reward=    -inf  decay_linear(cs_rank(-1 * stddev(delta(close, 1), 200)), 500)
[execution_aware] iter 46/50 [OK ] reward= -0.0732  decay_linear(cs_rank(-1 * stddev(delta(close, 1), 125)), 252)
[execution_aware] iter 47/50 [ERR] reward=    -inf  decay_linear(cs_rank(-1 * stddev(delta(close, 1), 200)), 500)
[execution_aware] iter 48/50 [OK ] reward= -0.0914  decay_linear(cs_rank(-1 * stddev(delta(close, 1), 100)), 252)
[execution_aware] iter 49/50 [ERR] reward=    -inf  decay_linear(cs_rank(-1 * stddev(delta(close, 1), 200)), 500)
[execution_aware] iter 50/50 [OK ] reward= -0.0227  decay_linear(cs_rank(-1 * stddev(delta(close, 1), 200)), 252)
[wfo:execution_aware] fold 3 winner: decay_linear(cs_rank(-1 * stddev(delta(close, 1), 200)), 252)
[wfo:execution_aware] fold 3 OOS: Gross_IR=0.115 Turnover=4.93 Net_IR=-0.030
[wfo:execution_aware] fold 4: train 2005-01-01..2009-12-31 -> test 2010-01-01..2010-12-31
[execution_aware] iter  0/50 [SEED] reward= -3.6918  rank(-1 * stddev(delta(close, 1), 20))
[execution_aware] iter  1/50 [OK ] reward= -0.6373  decay_linear(rank(-1 * stddev(delta(close, 1), 20)), 60)
[execution_aware] iter  2/50 [OK ] reward= -0.4855  decay_linear(rank(-1 * stddev(delta(close, 1), 20)), 120)
[execution_aware] iter  3/50 [OK ] reward= -0.4247  decay_linear(cs_rank(-1 * stddev(delta(close, 1), 20)), 240)
[execution_aware] iter  4/50 [ERR] reward=    -inf  decay_linear(cs_rank(-1 * stddev(delta(close, 1), 20)), 500)
[execution_aware] iter  5/50 [OK ] reward= -0.4247  decay_linear(cs_rank(-1 * stddev(delta(close, 1), 20)), 240)
[execution_aware] iter  6/50 [ERR] reward=    -inf  decay_linear(cs_rank(-1 * stddev(delta(close, 1), 20)), 480)
[execution_aware] iter  7/50 [OK ] reward= -0.5412  decay_linear(cs_rank(-1 * stddev(delta(close, 1), 10)), 120)
[execution_aware] iter  8/50 [ERR] reward=    -inf  decay_linear(cs_rank(-1 * stddev(delta(close, 1), 20)), 360)
[execution_aware] iter  9/50 [OK ] reward= -0.4247  decay_linear(cs_rank(-1 * stddev(delta(close, 1), 20)), 240)
[execution_aware] iter 10/50 [ERR] reward=    -inf  decay_linear(cs_rank(-1 * stddev(delta(close, 1), 20)), 500)
[execution_aware] iter 11/50 [OK ] reward= -0.4855  decay_linear(cs_rank(-1 * stddev(delta(close, 1), 20)), 120)
[execution_aware] iter 12/50 [ERR] reward=    -inf  decay_linear(cs_rank(-1 * stddev(delta(close, 1), 20)), 360)
[execution_aware] iter 13/50 [OK ] reward= -0.4855  decay_linear(cs_rank(-1 * stddev(delta(close, 1), 20)), 120)
[execution_aware] iter 14/50 [ERR] reward=    -inf  decay_linear(cs_rank(-1 * stddev(delta(close, 1), 20)), 360)
[execution_aware] iter 15/50 [OK ] reward= -0.4247  decay_linear(cs_rank(-1 * stddev(delta(close, 1), 20)), 240)
[execution_aware] iter 16/50 [ERR] reward=    -inf  decay_linear(cs_rank(-1 * stddev(delta(close, 1), 20)), 500)
[execution_aware] iter 17/50 [OK ] reward= -0.4152  decay_linear(cs_rank(-1 * stddev(delta(close, 1), 120)), 240)
[execution_aware] iter 18/50 [ERR] reward=    -inf  decay_linear(cs_rank(-1 * stddev(delta(close, 1), 120)), 480)
[execution_aware] iter 19/50 [OK ] reward= -0.4319  decay_linear(cs_rank(-1 * stddev(delta(close, 1), 120)), 180)
[execution_aware] iter 20/50 [ERR] reward=    -inf  decay_linear(cs_rank(-1 * stddev(delta(close, 1), 120)), 360)
[execution_aware] iter 21/50 [OK ] reward= -0.4270  decay_linear(cs_rank(-1 * stddev(delta(close, 1), 120)), 200)
[execution_aware] iter 22/50 [ERR] reward=    -inf  decay_linear(cs_rank(-1 * stddev(delta(close, 1), 120)), 300)
[execution_aware] iter 23/50 [OK ] reward= -0.4270  decay_linear(cs_rank(-1 * stddev(delta(close, 1), 120)), 200)
[execution_aware] iter 24/50 [ERR] reward=    -inf  decay_linear(cs_rank(-1 * stddev(delta(close, 1), 120)), 300)
[execution_aware] iter 25/50 [OK ] reward= -0.4270  decay_linear(cs_rank(-1 * stddev(delta(close, 1), 120)), 200)
[execution_aware] iter 26/50 [ERR] reward=    -inf  decay_linear(cs_rank(-1 * stddev(delta(close, 1), 120)), 360)
[execution_aware] iter 27/50 [OK ] reward= -0.4494  decay_linear(cs_rank(-1 * stddev(delta(close, 1), 60)), 120)
[execution_aware] iter 28/50 [ERR] reward=    -inf  decay_linear(cs_rank(-1 * stddev(delta(close, 1), 120)), 480)
[execution_aware] iter 29/50 [OK ] reward= -0.4152  decay_linear(cs_rank(-1 * stddev(delta(close, 1), 120)), 240)
[execution_aware] iter 30/50 [ERR] reward=    -inf  decay_linear(cs_rank(-1 * stddev(delta(close, 1), 120)), 480)
[execution_aware] iter 31/50 [OK ] reward= -0.4374  decay_linear(cs_rank(-1 * stddev(delta(close, 1), 120)), 120)
[execution_aware] iter 32/50 [ERR] reward=    -inf  decay_linear(cs_rank(-1 * stddev(delta(close, 1), 120)), 480)
[execution_aware] iter 33/50 [OK ] reward= -0.4152  decay_linear(cs_rank(-1 * stddev(delta(close, 1), 120)), 240)
[execution_aware] iter 34/50 [ERR] reward=    -inf  decay_linear(cs_rank(-1 * stddev(delta(close, 1), 120)), 480)
[execution_aware] iter 35/50 [OK ] reward= -0.4152  decay_linear(cs_rank(-1 * stddev(delta(close, 1), 120)), 240)
[execution_aware] iter 36/50 [ERR] reward=    -inf  decay_linear(cs_rank(-1 * stddev(delta(close, 1), 120)), 480)
[execution_aware] iter 37/50 [OK ] reward= -0.4152  decay_linear(cs_rank(-1 * stddev(delta(close, 1), 120)), 240)
[execution_aware] iter 38/50 [ERR] reward=    -inf  decay_linear(cs_rank(-1 * stddev(delta(close, 1), 120)), 480)
[execution_aware] iter 39/50 [OK ] reward= -0.4152  decay_linear(cs_rank(-1 * stddev(delta(close, 1), 120)), 240)
[execution_aware] iter 40/50 [ERR] reward=    -inf  decay_linear(cs_rank(-1 * stddev(delta(close, 1), 120)), 480)
[execution_aware] iter 41/50 [OK ] reward= -0.4152  decay_linear(cs_rank(-1 * stddev(delta(close, 1), 120)), 240)
[execution_aware] iter 42/50 [ERR] reward=    -inf  decay_linear(cs_rank(-1 * stddev(delta(close, 1), 120)), 480)
[execution_aware] iter 43/50 [OK ] reward= -0.4152  decay_linear(cs_rank(-1 * stddev(delta(close, 1), 120)), 240)
[execution_aware] iter 44/50 [ERR] reward=    -inf  decay_linear(cs_rank(-1 * stddev(delta(close, 1), 120)), 480)
[execution_aware] iter 45/50 [OK ] reward= -0.4152  decay_linear(cs_rank(-1 * stddev(delta(close, 1), 120)), 240)
[execution_aware] iter 46/50 [ERR] reward=    -inf  decay_linear(cs_rank(-1 * stddev(delta(close, 1), 120)), 360)
[execution_aware] iter 47/50 [OK ] reward= -0.4152  decay_linear(cs_rank(-1 * stddev(delta(close, 1), 120)), 240)
[execution_aware] iter 48/50 [ERR] reward=    -inf  decay_linear(cs_rank(-1 * stddev(delta(close, 1), 120)), 480)
[execution_aware] iter 49/50 [OK ] reward= -0.4152  decay_linear(cs_rank(-1 * stddev(delta(close, 1), 120)), 240)
[execution_aware] iter 50/50 [ERR] reward=    -inf  decay_linear(cs_rank(-1 * stddev(delta(close, 1), 120)), 480)
[wfo:execution_aware] fold 4 winner: decay_linear(cs_rank(-1 * stddev(delta(close, 1), 120)), 240)
[wfo:execution_aware] fold 4 OOS: Gross_IR=-0.595 Turnover=3.15 Net_IR=-0.741
[wfo:execution_aware] fold 5: train 2006-01-01..2010-12-31 -> test 2011-01-01..2011-12-31
[execution_aware] iter  0/50 [SEED] reward= -3.5443  rank(-1 * stddev(delta(close, 1), 20))
[execution_aware] iter  1/50 [OK ] reward= -0.5378  decay_linear(rank(-1 * stddev(delta(close, 1), 20)), 120)
[execution_aware] iter  2/50 [OK ] reward= -0.5007  decay_linear(rank(-1 * stddev(delta(close, 1), 20)), 240)
[execution_aware] iter  3/50 [ERR] reward=    -inf  decay_linear(rank(-1 * stddev(delta(close, 1), 20)), 480)
[execution_aware] iter  4/50 [OK ] reward= -0.5378  decay_linear(cs_rank(-1 * stddev(delta(close, 1), 20)), 120)
[execution_aware] iter  5/50 [OK ] reward= -0.5007  decay_linear(cs_rank(-1 * stddev(delta(close, 1), 20)), 240)
[execution_aware] iter  6/50 [ERR] reward=    -inf  decay_linear(cs_rank(-1 * stddev(delta(close, 1), 20)), 360)
[execution_aware] iter  7/50 [OK ] reward= -0.5115  decay_linear(cs_rank(-1 * stddev(delta(close, 1), 20)), 180)
[execution_aware] iter  8/50 [ERR] reward=    -inf  decay_linear(cs_rank(-1 * stddev(delta(close, 1), 20)), 360)
[execution_aware] iter  9/50 [OK ] reward= -0.5007  decay_linear(cs_rank(-1 * stddev(delta(close, 1), 20)), 240)
[execution_aware] iter 10/50 [ERR] reward=    -inf  decay_linear(cs_rank(-1 * stddev(delta(close, 1), 20)), 360)
[execution_aware] iter 11/50 [OK ] reward= -0.5007  decay_linear(cs_rank(-1 * stddev(delta(close, 1), 20)), 240)
[execution_aware] iter 12/50 [ERR] reward=    -inf  decay_linear(cs_rank(-1 * stddev(delta(close, 1), 20)), 360)
[execution_aware] iter 13/50 [OK ] reward= -0.5007  decay_linear(cs_rank(-1 * stddev(delta(close, 1), 20)), 240)
[execution_aware] iter 14/50 [ERR] reward=    -inf  decay_linear(cs_rank(-1 * stddev(delta(close, 1), 20)), 360)
[execution_aware] iter 15/50 [OK ] reward= -0.5007  decay_linear(cs_rank(-1 * stddev(delta(close, 1), 20)), 240)
[execution_aware] iter 16/50 [ERR] reward=    -inf  decay_linear(cs_rank(-1 * stddev(delta(close, 1), 40)), 480)
[execution_aware] iter 17/50 [OK ] reward= -0.5007  decay_linear(cs_rank(-1 * stddev(delta(close, 1), 20)), 240)
[execution_aware] iter 18/50 [ERR] reward=    -inf  decay_linear(cs_rank(-1 * stddev(delta(close, 1), 20)), 480)
[execution_aware] iter 19/50 [OK ] reward= -0.5007  decay_linear(cs_rank(-1 * stddev(delta(close, 1), 20)), 240)
[execution_aware] iter 20/50 [ERR] reward=    -inf  decay_linear(cs_rank(-1 * stddev(delta(close, 1), 20)), 360)
[execution_aware] iter 21/50 [OK ] reward= -0.5007  decay_linear(cs_rank(-1 * stddev(delta(close, 1), 20)), 240)
[execution_aware] iter 22/50 [ERR] reward=    -inf  decay_linear(cs_rank(-1 * stddev(delta(close, 1), 20)), 500)
[execution_aware] iter 23/50 [OK ] reward= -0.5007  decay_linear(cs_rank(-1 * stddev(delta(close, 1), 20)), 240)
[execution_aware] iter 24/50 [ERR] reward=    -inf  decay_linear(cs_rank(-1 * stddev(delta(close, 1), 20)), 480)
[execution_aware] iter 25/50 [OK ] reward= -0.5007  decay_linear(cs_rank(-1 * stddev(delta(close, 1), 20)), 240)
[execution_aware] iter 26/50 [ERR] reward=    -inf  decay_linear(cs_rank(-1 * stddev(delta(close, 1), 40)), 360)
[execution_aware] iter 27/50 [OK ] reward= -0.5007  decay_linear(cs_rank(-1 * stddev(delta(close, 1), 20)), 240)
[execution_aware] iter 28/50 [ERR] reward=    -inf  decay_linear(cs_rank(-1 * stddev(delta(close, 1), 20)), 360)
[execution_aware] iter 29/50 [OK ] reward= -0.5007  decay_linear(cs_rank(-1 * stddev(delta(close, 1), 20)), 240)
[execution_aware] iter 30/50 [ERR] reward=    -inf  decay_linear(cs_rank(-1 * stddev(delta(close, 1), 20)), 480)
[execution_aware] iter 31/50 [OK ] reward= -0.5007  decay_linear(cs_rank(-1 * stddev(delta(close, 1), 20)), 240)
[execution_aware] iter 32/50 [ERR] reward=    -inf  decay_linear(cs_rank(-1 * stddev(delta(close, 1), 20)), 360)
[execution_aware] iter 33/50 [OK ] reward= -0.5007  decay_linear(cs_rank(-1 * stddev(delta(close, 1), 20)), 240)
[execution_aware] iter 34/50 [ERR] reward=    -inf  decay_linear(cs_rank(-1 * stddev(delta(close, 1), 20)), 365)
[execution_aware] iter 35/50 [OK ] reward= -0.5007  decay_linear(cs_rank(-1 * stddev(delta(close, 1), 20)), 240)
[execution_aware] iter 36/50 [ERR] reward=    -inf  decay_linear(cs_rank(-1 * stddev(delta(close, 1), 20)), 360)
[execution_aware] iter 37/50 [OK ] reward= -0.5007  decay_linear(cs_rank(-1 * stddev(delta(close, 1), 20)), 240)
[execution_aware] iter 38/50 [ERR] reward=    -inf  decay_linear(cs_rank(-1 * stddev(delta(close, 1), 20)), 500)
[execution_aware] iter 39/50 [OK ] reward= -0.5007  decay_linear(cs_rank(-1 * stddev(delta(close, 1), 20)), 240)
[execution_aware] iter 40/50 [ERR] reward=    -inf  decay_linear(cs_rank(-1 * stddev(delta(close, 1), 20)), 480)
[execution_aware] iter 41/50 [OK ] reward= -0.5007  decay_linear(cs_rank(-1 * stddev(delta(close, 1), 20)), 240)
[execution_aware] iter 42/50 [ERR] reward=    -inf  decay_linear(cs_rank(-1 * stddev(delta(close, 1), 20)), 500)
[execution_aware] iter 43/50 [OK ] reward= -1.7778  decay_linear(ts_rank(-1 * stddev(delta(close, 1), 20), 120), 240)
[execution_aware] iter 44/50 [ERR] reward=    -inf  decay_linear(cs_rank(-1 * stddev(delta(close, 1), 20)), 360)
[execution_aware] iter 45/50 [OK ] reward= -0.5007  decay_linear(cs_rank(-1 * stddev(delta(close, 1), 20)), 240)
[execution_aware] iter 46/50 [ERR] reward=    -inf  decay_linear(cs_rank(-1 * stddev(delta(close, 1), 20)), 360)
[execution_aware] iter 47/50 [OK ] reward= -0.5007  decay_linear(cs_rank(-1 * stddev(delta(close, 1), 20)), 240)
[execution_aware] iter 48/50 [ERR] reward=    -inf  decay_linear(cs_rank(-1 * stddev(delta(close, 1), 20)), 360)
[execution_aware] iter 49/50 [OK ] reward= -0.5007  decay_linear(cs_rank(-1 * stddev(delta(close, 1), 20)), 240)
[execution_aware] iter 50/50 [ERR] reward=    -inf  decay_linear(cs_rank(-1 * stddev(delta(close, 1), 20)), 360)
[wfo:execution_aware] fold 5 winner: decay_linear(rank(-1 * stddev(delta(close, 1), 20)), 240)
[wfo:execution_aware] fold 5 OOS: Gross_IR=0.805 Turnover=3.39 Net_IR=0.666
[wfo:execution_aware] fold 6: train 2007-01-01..2011-12-31 -> test 2012-01-01..2012-12-31
[execution_aware] iter  0/50 [SEED] reward= -3.5052  rank(-1 * stddev(delta(close, 1), 20))
[execution_aware] iter  1/50 [OK ] reward= -0.5393  decay_linear(rank(-1 * stddev(delta(close, 1), 20)), 252)
[execution_aware] iter  2/50 [ERR] reward=    -inf  decay_linear(rank(-1 * stddev(delta(close, 1), 20)), 500)
[execution_aware] iter  3/50 [OK ] reward= -3.9706  decay_linear(cs_rank(-1 * zscore(stddev(delta(close, 1), 20), 20)), 252)
[execution_aware] iter  4/50 [ERR] reward=    -inf  decay_linear(rank(-1 * stddev(delta(close, 1), 20)), 500)
[execution_aware] iter  5/50 [OK ] reward= -0.5393  decay_linear(cs_rank(-1 * stddev(delta(close, 1), 20)), 252)
[execution_aware] iter  6/50 [ERR] reward=    -inf  decay_linear(cs_rank(-1 * stddev(delta(close, 1), 20)), 500)
[execution_aware] iter  7/50 [OK ] reward= -0.5393  decay_linear(cs_rank(-1 * stddev(delta(close, 1), 20)), 252)
[execution_aware] iter  8/50 [ERR] reward=    -inf  decay_linear(cs_rank(-1 * stddev(delta(close, 1), 20)), 500)
[execution_aware] iter  9/50 [OK ] reward= -0.5393  decay_linear(cs_rank(-1 * stddev(delta(close, 1), 20)), 252)
[execution_aware] iter 10/50 [ERR] reward=    -inf  decay_linear(cs_rank(-1 * stddev(delta(close, 1), 20)), 500)
[execution_aware] iter 11/50 [OK ] reward= -0.5393  decay_linear(cs_rank(-1 * stddev(delta(close, 1), 20)), 252)
[execution_aware] iter 12/50 [ERR] reward=    -inf  decay_linear(cs_rank(-1 * stddev(delta(close, 1), 20)), 504)
[execution_aware] iter 13/50 [OK ] reward= -0.5393  decay_linear(cs_rank(-1 * stddev(delta(close, 1), 20)), 252)
[execution_aware] iter 14/50 [ERR] reward=    -inf  decay_linear(cs_rank(-1 * stddev(delta(close, 1), 20)), 500)
[execution_aware] iter 15/50 [OK ] reward= -0.5393  decay_linear(cs_rank(-1 * stddev(delta(close, 1), 20)), 252)
[execution_aware] iter 16/50 [ERR] reward=    -inf  decay_linear(cs_rank(-1 * stddev(delta(close, 1), 20)), 500)
[execution_aware] iter 17/50 [OK ] reward= -0.5393  decay_linear(cs_rank(-1 * stddev(delta(close, 1), 20)), 252)
[execution_aware] iter 18/50 [ERR] reward=    -inf  decay_linear(cs_rank(-1 * stddev(delta(close, 1), 20)), 500)
[execution_aware] iter 19/50 [OK ] reward= -0.5393  decay_linear(cs_rank(-1 * stddev(delta(close, 1), 20)), 252)
[execution_aware] iter 20/50 [ERR] reward=    -inf  decay_linear(cs_rank(-1 * stddev(delta(close, 1), 20)), 504)
[execution_aware] iter 21/50 [OK ] reward= -0.5393  decay_linear(cs_rank(-1 * stddev(delta(close, 1), 20)), 252)
[execution_aware] iter 22/50 [ERR] reward=    -inf  decay_linear(cs_rank(-1 * stddev(delta(close, 1), 20)), 500)
[execution_aware] iter 23/50 [OK ] reward= -0.5393  decay_linear(cs_rank(-1 * stddev(delta(close, 1), 20)), 252)
[execution_aware] iter 24/50 [ERR] reward=    -inf  decay_linear(cs_rank(-1 * stddev(delta(close, 1), 20)), 500)
[execution_aware] iter 25/50 [OK ] reward= -0.5393  decay_linear(cs_rank(-1 * stddev(delta(close, 1), 20)), 252)
[execution_aware] iter 26/50 [ERR] reward=    -inf  decay_linear(cs_rank(-1 * stddev(delta(close, 1), 20)), 500)
[execution_aware] iter 27/50 [OK ] reward= -0.5393  decay_linear(cs_rank(-1 * stddev(delta(close, 1), 20)), 252)
[execution_aware] iter 28/50 [ERR] reward=    -inf  decay_linear(cs_rank(-1 * stddev(delta(close, 1), 20)), 500)
[execution_aware] iter 29/50 [OK ] reward= -0.5393  decay_linear(cs_rank(-1 * stddev(delta(close, 1), 20)), 252)
[execution_aware] iter 30/50 [ERR] reward=    -inf  decay_linear(cs_rank(-1 * stddev(delta(close, 1), 20)), 500)
[execution_aware] iter 31/50 [OK ] reward= -0.5393  decay_linear(cs_rank(-1 * stddev(delta(close, 1), 20)), 252)
[execution_aware] iter 32/50 [ERR] reward=    -inf  decay_linear(cs_rank(-1 * stddev(delta(close, 1), 20)), 500)
[execution_aware] iter 33/50 [OK ] reward= -0.5393  decay_linear(cs_rank(-1 * stddev(delta(close, 1), 20)), 252)
[execution_aware] iter 34/50 [ERR] reward=    -inf  decay_linear(cs_rank(-1 * stddev(delta(close, 1), 20)), 500)
[execution_aware] iter 35/50 [OK ] reward= -0.5393  decay_linear(cs_rank(-1 * stddev(delta(close, 1), 20)), 252)
[execution_aware] iter 36/50 [ERR] reward=    -inf  decay_linear(cs_rank(-1 * stddev(delta(close, 1), 20)), 500)
[execution_aware] iter 37/50 [OK ] reward= -0.5393  decay_linear(cs_rank(-1 * stddev(delta(close, 1), 20)), 252)
[execution_aware] iter 38/50 [ERR] reward=    -inf  decay_linear(cs_rank(-1 * stddev(delta(close, 1), 20)), 500)
[execution_aware] iter 39/50 [OK ] reward= -0.5393  decay_linear(cs_rank(-1 * stddev(delta(close, 1), 20)), 252)
[execution_aware] iter 40/50 [ERR] reward=    -inf  decay_linear(cs_rank(-1 * stddev(delta(close, 1), 20)), 500)
[execution_aware] iter 41/50 [OK ] reward= -0.5393  decay_linear(cs_rank(-1 * stddev(delta(close, 1), 20)), 252)
[execution_aware] iter 42/50 [ERR] reward=    -inf  decay_linear(cs_rank(-1 * stddev(delta(close, 1), 20)), 500)
[execution_aware] iter 43/50 [OK ] reward= -0.5393  decay_linear(cs_rank(-1 * stddev(delta(close, 1), 20)), 252)
[execution_aware] iter 44/50 [ERR] reward=    -inf  decay_linear(cs_rank(-1 * stddev(delta(close, 1), 30)), 504)
[execution_aware] iter 45/50 [OK ] reward= -0.5393  decay_linear(cs_rank(-1 * stddev(delta(close, 1), 20)), 252)
[execution_aware] iter 46/50 [ERR] reward=    -inf  decay_linear(cs_rank(-1 * stddev(delta(close, 1), 20)), 500)
[execution_aware] iter 47/50 [OK ] reward= -0.5393  decay_linear(cs_rank(-1 * stddev(delta(close, 1), 20)), 252)
[execution_aware] iter 48/50 [ERR] reward=    -inf  decay_linear(cs_rank(-1 * stddev(delta(close, 1), 20)), 500)
[execution_aware] iter 49/50 [OK ] reward= -0.5393  decay_linear(cs_rank(-1 * stddev(delta(close, 1), 20)), 252)
[execution_aware] iter 50/50 [ERR] reward=    -inf  decay_linear(cs_rank(-1 * stddev(delta(close, 1), 20)), 500)
[wfo:execution_aware] fold 6 winner: decay_linear(rank(-1 * stddev(delta(close, 1), 20)), 252)
[wfo:execution_aware] fold 6 OOS: Gross_IR=1.393 Turnover=3.11 Net_IR=1.243
[wfo:execution_aware] fold 7: train 2008-01-01..2012-12-31 -> test 2013-01-01..2013-12-31
[execution_aware] iter  0/50 [SEED] reward= -3.4915  rank(-1 * stddev(delta(close, 1), 20))
[execution_aware] iter  1/50 [OK ] reward= -0.6221  decay_linear(rank(-1 * stddev(delta(close, 1), 20)), 60)
[execution_aware] iter  2/50 [OK ] reward= -0.4991  decay_linear(cs_rank(-1 * stddev(delta(close, 1), 20)), 120)
[execution_aware] iter  3/50 [OK ] reward= -0.4788  decay_linear(cs_rank(-1 * stddev(delta(close, 1), 20)), 240)
[execution_aware] iter  4/50 [ERR] reward=    -inf  decay_linear(cs_rank(-1 * stddev(delta(close, 1), 20)), 360)
[execution_aware] iter  5/50 [OK ] reward= -0.4788  decay_linear(cs_rank(-1 * stddev(delta(close, 1), 20)), 240)
[execution_aware] iter  6/50 [ERR] reward=    -inf  decay_linear(cs_rank(-1 * stddev(delta(close, 1), 20)), 500)
[execution_aware] iter  7/50 [OK ] reward= -0.4991  decay_linear(cs_rank(-1 * stddev(delta(close, 1), 20)), 120)
[execution_aware] iter  8/50 [ERR] reward=    -inf  decay_linear(cs_rank(-1 * stddev(delta(close, 1), 20)), 360)
[execution_aware] iter  9/50 [OK ] reward= -0.4828  decay_linear(cs_rank(-1 * stddev(delta(close, 1), 20)), 180)
[execution_aware] iter 10/50 [ERR] reward=    -inf  decay_linear(cs_rank(-1 * stddev(delta(close, 1), 20)), 360)
[execution_aware] iter 11/50 [OK ] reward= -0.4788  decay_linear(cs_rank(-1 * stddev(delta(close, 1), 20)), 240)
[execution_aware] iter 12/50 [ERR] reward=    -inf  decay_linear(cs_rank(-1 * stddev(delta(close, 1), 20)), 480)
[execution_aware] iter 13/50 [OK ] reward= -0.4788  decay_linear(cs_rank(-1 * stddev(delta(close, 1), 20)), 240)
[execution_aware] iter 14/50 [ERR] reward=    -inf  decay_linear(cs_rank(-1 * stddev(delta(close, 1), 20)), 480)
[execution_aware] iter 15/50 [OK ] reward= -0.4991  decay_linear(cs_rank(-1 * stddev(delta(close, 1), 20)), 120)
[execution_aware] iter 16/50 [ERR] reward=    -inf  decay_linear(cs_rank(-1 * stddev(delta(close, 1), 20)), 360)
[execution_aware] iter 17/50 [OK ] reward= -0.4788  decay_linear(cs_rank(-1 * stddev(delta(close, 1), 20)), 240)
[execution_aware] iter 18/50 [ERR] reward=    -inf  decay_linear(cs_rank(-1 * stddev(delta(close, 1), 20)), 500)
[execution_aware] iter 19/50 [OK ] reward= -0.4788  decay_linear(cs_rank(-1 * stddev(delta(close, 1), 20)), 240)
[execution_aware] iter 20/50 [ERR] reward=    -inf  decay_linear(cs_rank(-1 * stddev(delta(close, 1), 20)), 360)
[execution_aware] iter 21/50 [OK ] reward= -0.5075  decay_linear(cs_rank(-1 * stddev(delta(close, 1), 180)), 240)
[execution_aware] iter 22/50 [ERR] reward=    -inf  decay_linear(cs_rank(-1 * stddev(delta(close, 1), 20)), 360)
[execution_aware] iter 23/50 [OK ] reward= -0.4810  decay_linear(cs_rank(-1 * stddev(delta(close, 1), 20)), 200)
[execution_aware] iter 24/50 [ERR] reward=    -inf  decay_linear(cs_rank(-1 * stddev(delta(close, 1), 20)), 300)
[execution_aware] iter 25/50 [OK ] reward= -0.4788  decay_linear(cs_rank(-1 * stddev(delta(close, 1), 20)), 240)
[execution_aware] iter 26/50 [ERR] reward=    -inf  decay_linear(cs_rank(-1 * stddev(delta(close, 1), 20)), 360)
[execution_aware] iter 27/50 [OK ] reward= -0.4828  decay_linear(cs_rank(-1 * stddev(delta(close, 1), 20)), 180)
[execution_aware] iter 28/50 [ERR] reward=    -inf  decay_linear(cs_rank(-1 * stddev(delta(close, 1), 20)), 360)
[execution_aware] iter 29/50 [OK ] reward= -0.4828  decay_linear(cs_rank(-1 * stddev(delta(close, 1), 20)), 180)
[execution_aware] iter 30/50 [ERR] reward=    -inf  decay_linear(cs_rank(-1 * stddev(delta(close, 1), 20)), 360)
[execution_aware] iter 31/50 [OK ] reward= -0.4788  decay_linear(cs_rank(-1 * stddev(delta(close, 1), 20)), 240)
[execution_aware] iter 32/50 [ERR] reward=    -inf  decay_linear(cs_rank(-1 * stddev(delta(close, 1), 20)), 360)
[execution_aware] iter 33/50 [OK ] reward= -0.4788  decay_linear(cs_rank(-1 * stddev(delta(close, 1), 20)), 240)
[execution_aware] iter 34/50 [ERR] reward=    -inf  decay_linear(cs_rank(-1 * stddev(delta(close, 1), 20)), 500)
[execution_aware] iter 35/50 [OK ] reward= -0.4788  decay_linear(cs_rank(-1 * stddev(delta(close, 1), 20)), 240)
[execution_aware] iter 36/50 [ERR] reward=    -inf  decay_linear(cs_rank(-1 * stddev(delta(close, 1), 20)), 500)
[execution_aware] iter 37/50 [OK ] reward= -0.4788  decay_linear(cs_rank(-1 * stddev(delta(close, 1), 20)), 240)
[execution_aware] iter 38/50 [ERR] reward=    -inf  decay_linear(cs_rank(-1 * stddev(delta(close, 1), 20)), 500)
[execution_aware] iter 39/50 [OK ] reward= -0.4788  decay_linear(cs_rank(-1 * stddev(delta(close, 1), 20)), 240)
[execution_aware] iter 40/50 [ERR] reward=    -inf  decay_linear(cs_rank(-1 * stddev(delta(close, 1), 20)), 365)
[execution_aware] iter 41/50 [OK ] reward= -0.4788  decay_linear(cs_rank(-1 * stddev(delta(close, 1), 20)), 240)
[execution_aware] iter 42/50 [ERR] reward=    -inf  decay_linear(cs_rank(-1 * stddev(delta(close, 1), 20)), 360)
[execution_aware] iter 43/50 [OK ] reward= -0.4991  decay_linear(cs_rank(-1 * stddev(delta(close, 1), 20)), 120)
[execution_aware] iter 44/50 [ERR] reward=    -inf  decay_linear(cs_rank(-1 * stddev(delta(close, 1), 20)), 360)
[execution_aware] iter 45/50 [OK ] reward= -0.4810  decay_linear(cs_rank(-1 * stddev(delta(close, 1), 20)), 200)
[execution_aware] iter 46/50 [ERR] reward=    -inf  decay_linear(cs_rank(-1 * stddev(delta(close, 1), 20)), 300)
[execution_aware] iter 47/50 [OK ] reward= -0.4788  decay_linear(cs_rank(-1 * stddev(delta(close, 1), 20)), 240)
[execution_aware] iter 48/50 [ERR] reward=    -inf  decay_linear(cs_rank(-1 * stddev(delta(close, 1), 20)), 500)
[execution_aware] iter 49/50 [OK ] reward= -0.4788  decay_linear(cs_rank(-1 * stddev(delta(close, 1), 20)), 240)
[execution_aware] iter 50/50 [ERR] reward=    -inf  decay_linear(cs_rank(-1 * stddev(delta(close, 1), 20)), 360)
[wfo:execution_aware] fold 7 winner: decay_linear(cs_rank(-1 * stddev(delta(close, 1), 20)), 240)
[wfo:execution_aware] fold 7 OOS: Gross_IR=2.527 Turnover=2.84 Net_IR=2.331
[wfo:execution_aware] fold 8: train 2009-01-01..2013-12-31 -> test 2014-01-01..2014-12-31
[execution_aware] iter  0/50 [SEED] reward= -3.3900  rank(-1 * stddev(delta(close, 1), 20))
[execution_aware] iter  1/50 [OK ] reward= -0.4177  decay_linear(rank(-1 * stddev(delta(close, 1), 20)), 60)
[execution_aware] iter  2/50 [OK ] reward= -0.2825  decay_linear(rank(-1 * stddev(delta(close, 1), 20)), 120)
[execution_aware] iter  3/50 [OK ] reward= -0.2656  decay_linear(rank(-1 * stddev(delta(close, 1), 20)), 240)
[execution_aware] iter  4/50 [ERR] reward=    -inf  decay_linear(rank(-1 * stddev(delta(close, 1), 20)), 365)
[execution_aware] iter  5/50 [OK ] reward= -0.2656  decay_linear(cs_rank(-1 * stddev(delta(close, 1), 20)), 240)
[execution_aware] iter  6/50 [ERR] reward=    -inf  decay_linear(cs_rank(-1 * stddev(delta(close, 1), 20)), 360)
[execution_aware] iter  7/50 [OK ] reward= -0.2656  decay_linear(cs_rank(-1 * stddev(delta(close, 1), 20)), 240)
[execution_aware] iter  8/50 [ERR] reward=    -inf  decay_linear(cs_rank(-1 * stddev(delta(close, 1), 20)), 500)
[execution_aware] iter  9/50 [OK ] reward= -0.2656  decay_linear(cs_rank(-1 * stddev(delta(close, 1), 20)), 240)
[execution_aware] iter 10/50 [ERR] reward=    -inf  decay_linear(cs_rank(-1 * stddev(delta(close, 1), 20)), 360)
[execution_aware] iter 11/50 [OK ] reward= -0.2656  decay_linear(cs_rank(-1 * stddev(delta(close, 1), 20)), 240)
[execution_aware] iter 12/50 [ERR] reward=    -inf  decay_linear(cs_rank(-1 * stddev(delta(close, 1), 20)), 500)
[execution_aware] iter 13/50 [OK ] reward= -0.2656  decay_linear(cs_rank(-1 * stddev(delta(close, 1), 20)), 240)
[execution_aware] iter 14/50 [ERR] reward=    -inf  decay_linear(cs_rank(-1 * stddev(delta(close, 1), 40)), 360)
[execution_aware] iter 15/50 [OK ] reward= -0.2656  decay_linear(cs_rank(-1 * stddev(delta(close, 1), 20)), 240)
[execution_aware] iter 16/50 [ERR] reward=    -inf  decay_linear(cs_rank(-1 * stddev(delta(close, 1), 20)), 360)
[execution_aware] iter 17/50 [OK ] reward= -0.2656  decay_linear(cs_rank(-1 * stddev(delta(close, 1), 20)), 240)
[execution_aware] iter 18/50 [ERR] reward=    -inf  decay_linear(cs_rank(-1 * stddev(delta(close, 1), 20)), 365)
[execution_aware] iter 19/50 [OK ] reward= -0.2656  decay_linear(cs_rank(-1 * stddev(delta(close, 1), 20)), 240)
[execution_aware] iter 20/50 [ERR] reward=    -inf  decay_linear(cs_rank(-1 * stddev(delta(close, 1), 20)), 480)
[execution_aware] iter 21/50 [OK ] reward= -0.2825  decay_linear(cs_rank(-1 * stddev(delta(close, 1), 20)), 120)
[execution_aware] iter 22/50 [OK ] reward= -0.2656  decay_linear(cs_rank(-1 * stddev(delta(close, 1), 20)), 240)
[execution_aware] iter 23/50 [ERR] reward=    -inf  decay_linear(cs_rank(-1 * stddev(delta(close, 1), 20)), 365)
[execution_aware] iter 24/50 [OK ] reward= -0.2656  decay_linear(cs_rank(-1 * stddev(delta(close, 1), 20)), 240)
[execution_aware] iter 25/50 [ERR] reward=    -inf  decay_linear(cs_rank(-1 * stddev(delta(close, 1), 20)), 360)
[execution_aware] iter 26/50 [OK ] reward= -0.2656  decay_linear(cs_rank(-1 * stddev(delta(close, 1), 20)), 240)
[execution_aware] iter 27/50 [ERR] reward=    -inf  decay_linear(cs_rank(-1 * stddev(delta(close, 1), 20)), 360)
[execution_aware] iter 28/50 [OK ] reward= -0.2656  decay_linear(cs_rank(-1 * stddev(delta(close, 1), 20)), 240)
[execution_aware] iter 29/50 [ERR] reward=    -inf  decay_linear(cs_rank(-1 * stddev(delta(close, 1), 20)), 360)
[execution_aware] iter 30/50 [OK ] reward= -0.2656  decay_linear(cs_rank(-1 * stddev(delta(close, 1), 20)), 240)
[execution_aware] iter 31/50 [ERR] reward=    -inf  decay_linear(cs_rank(-1 * stddev(delta(close, 1), 20)), 360)
[execution_aware] iter 32/50 [OK ] reward= -0.2656  decay_linear(cs_rank(-1 * stddev(delta(close, 1), 20)), 240)
[execution_aware] iter 33/50 [ERR] reward=    -inf  decay_linear(cs_rank(-1 * stddev(delta(close, 1), 20)), 480)
[execution_aware] iter 34/50 [OK ] reward= -0.2656  decay_linear(cs_rank(-1 * stddev(delta(close, 1), 20)), 240)
[execution_aware] iter 35/50 [ERR] reward=    -inf  decay_linear(cs_rank(-1 * stddev(delta(close, 1), 20)), 360)
[execution_aware] iter 36/50 [OK ] reward= -0.2656  decay_linear(cs_rank(-1 * stddev(delta(close, 1), 20)), 240)
[execution_aware] iter 37/50 [ERR] reward=    -inf  decay_linear(cs_rank(-1 * stddev(delta(close, 1), 20)), 360)
[execution_aware] iter 38/50 [OK ] reward= -0.2656  decay_linear(cs_rank(-1 * stddev(delta(close, 1), 20)), 240)
[execution_aware] iter 39/50 [ERR] reward=    -inf  decay_linear(cs_rank(-1 * stddev(delta(close, 1), 20)), 500)
[execution_aware] iter 40/50 [OK ] reward= -0.2656  decay_linear(cs_rank(-1 * stddev(delta(close, 1), 20)), 240)
[execution_aware] iter 41/50 [ERR] reward=    -inf  decay_linear(cs_rank(-1 * stddev(delta(close, 1), 20)), 360)
[execution_aware] iter 42/50 [OK ] reward= -0.2656  decay_linear(cs_rank(-1 * stddev(delta(close, 1), 20)), 240)
[execution_aware] iter 43/50 [ERR] reward=    -inf  decay_linear(cs_rank(-1 * stddev(delta(close, 1), 20)), 480)
[execution_aware] iter 44/50 [OK ] reward= -0.2656  decay_linear(cs_rank(-1 * stddev(delta(close, 1), 20)), 240)
[execution_aware] iter 45/50 [ERR] reward=    -inf  decay_linear(cs_rank(-1 * stddev(delta(close, 1), 20)), 360)
[execution_aware] iter 46/50 [OK ] reward= -0.2656  decay_linear(cs_rank(-1 * stddev(delta(close, 1), 20)), 240)
[execution_aware] iter 47/50 [ERR] reward=    -inf  decay_linear(cs_rank(-1 * stddev(delta(close, 1), 20)), 360)
[execution_aware] iter 48/50 [OK ] reward= -0.2656  decay_linear(cs_rank(-1 * stddev(delta(close, 1), 20)), 240)
[execution_aware] iter 49/50 [ERR] reward=    -inf  decay_linear(cs_rank(-1 * stddev(delta(close, 1), 20)), 480)
[execution_aware] iter 50/50 [OK ] reward= -2.9075  decay_linear(ts_rank(-1 * stddev(delta(close, 1), 20), 60), 120)
[wfo:execution_aware] fold 8 winner: decay_linear(rank(-1 * stddev(delta(close, 1), 20)), 240)
[wfo:execution_aware] fold 8 OOS: Gross_IR=-0.039 Turnover=3.00 Net_IR=-0.209
[wfo:execution_aware] fold 9: train 2010-01-01..2014-12-31 -> test 2015-01-01..2015-12-31
[execution_aware] iter  0/50 [SEED] reward= -3.3745  rank(-1 * stddev(delta(close, 1), 20))
[execution_aware] iter  1/50 [OK ] reward= -0.3453  decay_linear(rank(-1 * stddev(delta(close, 1), 20)), 60)
[execution_aware] iter  2/50 [OK ] reward= -0.1606  decay_linear(cs_rank(-1 * stddev(delta(close, 1), 20)), 120)
[execution_aware] iter  3/50 [OK ] reward= -0.0940  decay_linear(cs_rank(-1 * stddev(delta(close, 1), 20)), 240)
[execution_aware] iter  4/50 [ERR] reward=    -inf  decay_linear(cs_rank(-1 * stddev(delta(close, 1), 20)), 480)
[execution_aware] iter  5/50 [OK ] reward= -0.0940  decay_linear(cs_rank(-1 * stddev(delta(close, 1), 20)), 240)
[execution_aware] iter  6/50 [ERR] reward=    -inf  decay_linear(cs_rank(-1 * stddev(delta(close, 1), 20)), 360)
[execution_aware] iter  7/50 [OK ] reward= -0.1504  decay_linear(cs_rank(-1 * stddev(delta(close, 1), 20)), 240) + decay_linear(cs_rank(volume / (volume + 1e-5)), 240)
[execution_aware] iter  8/50 [ERR] reward=    -inf  decay_linear(cs_rank(-1 * stddev(delta(close, 1), 20)), 480)
[execution_aware] iter  9/50 [OK ] reward= -0.1606  decay_linear(cs_rank(-1 * stddev(delta(close, 1), 20)), 120)
[execution_aware] iter 10/50 [ERR] reward=    -inf  decay_linear(cs_rank(-1 * stddev(delta(close, 1), 20)), 360)
[execution_aware] iter 11/50 [OK ] reward= -0.0940  decay_linear(cs_rank(-1 * stddev(delta(close, 1), 20)), 240)
[execution_aware] iter 12/50 [ERR] reward=    -inf  decay_linear(cs_rank(-1 * stddev(delta(close, 1), 20)), 500)
[execution_aware] iter 13/50 [OK ] reward= -0.0940  decay_linear(cs_rank(-1 * stddev(delta(close, 1), 20)), 240)
[execution_aware] iter 14/50 [ERR] reward=    -inf  decay_linear(cs_rank(-1 * stddev(delta(close, 1), 20)), 360)
[execution_aware] iter 15/50 [OK ] reward= -0.0940  decay_linear(cs_rank(-1 * stddev(delta(close, 1), 20)), 240)
[execution_aware] iter 16/50 [ERR] reward=    -inf  decay_linear(cs_rank(-1 * stddev(delta(close, 1), 20)), 360)
[execution_aware] iter 17/50 [OK ] reward= -0.0504  decay_linear(cs_rank(-1 * stddev(delta(close, 1), 20)), 240) + decay_linear(cs_rank(volume), 240)
[execution_aware] iter 18/50 [ERR] reward=    -inf  decay_linear(cs_rank(-1 * stddev(delta(close, 1), 20)), 360) + cs_rank(volume)
[execution_aware] iter 19/50 [OK ] reward= -0.3628  decay_linear(cs_rank(-1 * stddev(delta(close, 1), 20)), 240) + decay_linear(cs_rank(volume), 240) + decay_linear(cs_rank(delta(close, 1)), 240)
[execution_aware] iter 20/50 [ERR] reward=    -inf  decay_linear(cs_rank(-1 * stddev(delta(close, 1), 20)), 360) + decay_linear(cs_rank(volume), 360)
[execution_aware] iter 21/50 [OK ] reward= -0.1035  decay_linear(cs_rank(-1 * stddev(delta(close, 1), 20)), 240) + decay_linear(cs_rank(volume), 120)
[execution_aware] iter 22/50 [ERR] reward=    -inf  decay_linear(cs_rank(-1 * stddev(delta(close, 1), 20)), 360) + decay_linear(cs_rank(volume), 240)
[execution_aware] iter 23/50 [OK ] reward= -0.0663  decay_linear(cs_rank(-1 * stddev(delta(close, 1), 20)), 240) + decay_linear(cs_rank(volume), 180)
[execution_aware] iter 24/50 [ERR] reward=    -inf  decay_linear(cs_rank(-1 * stddev(delta(close, 1), 20)), 300) + decay_linear(cs_rank(volume), 240)
[execution_aware] iter 25/50 [OK ] reward= -0.0585  decay_linear(cs_rank(-1 * stddev(delta(close, 1), 20)), 240) + decay_linear(cs_rank(volume), 200)
[execution_aware] iter 26/50 [OK ] reward= -0.0504  decay_linear(cs_rank(-1 * stddev(delta(close, 1), 20)), 240) + decay_linear(cs_rank(volume), 240)
[execution_aware] iter 27/50 [ERR] reward=    -inf  decay_linear(cs_rank(-1 * stddev(delta(close, 1), 20)), 480) + cs_rank(volume)
[execution_aware] iter 28/50 [OK ] reward= -0.0504  decay_linear(cs_rank(-1 * stddev(delta(close, 1), 20)), 240) + decay_linear(cs_rank(volume), 240)
[execution_aware] iter 29/50 [ERR] reward=    -inf  decay_linear(cs_rank(-1 * stddev(delta(close, 1), 20)), 360) + cs_rank(volume)
[execution_aware] iter 30/50 [OK ] reward= -0.1035  decay_linear(cs_rank(-1 * stddev(delta(close, 1), 20)), 240) + decay_linear(cs_rank(volume), 120)
[execution_aware] iter 31/50 [ERR] reward=    -inf  decay_linear(cs_rank(-1 * stddev(delta(close, 1), 20)), 360) + decay_linear(cs_rank(volume), 240)
[execution_aware] iter 32/50 [OK ] reward= -0.0504  decay_linear(cs_rank(-1 * stddev(delta(close, 1), 20)), 240) + decay_linear(cs_rank(volume), 240)
[execution_aware] iter 33/50 [ERR] reward=    -inf  decay_linear(cs_rank(-1 * stddev(delta(close, 1), 20)), 360) + decay_linear(cs_rank(volume), 360)
[execution_aware] iter 34/50 [OK ] reward= -0.3720  decay_linear(cs_rank(-1 * stddev(delta(close, 1), 20)), 240) + decay_linear(cs_rank(volume), 240) + decay_linear(cs_rank(zscore(close, 20)), 240)
[execution_aware] iter 35/50 [ERR] reward=    -inf  decay_linear(cs_rank(-1 * stddev(delta(close, 1), 20)), 480) + decay_linear(cs_rank(volume), 480)
[execution_aware] iter 36/50 [OK ] reward= -0.8933  decay_linear(cs_rank(-1 * stddev(delta(close, 1), 20)), 240) + decay_linear(cs_rank(vwap), 240)
[execution_aware] iter 37/50 [ERR] reward=    -inf  decay_linear(cs_rank(-1 * stddev(delta(close, 1), 20)), 300) + decay_linear(cs_rank(volume), 300)
[execution_aware] iter 38/50 [OK ] reward= -0.4862  decay_linear(cs_rank(-1 * stddev(delta(close, 1), 20)), 240) + decay_linear(cs_rank(volume), 240) + decay_linear(cs_rank(high - low), 240)
[execution_aware] iter 39/50 [ERR] reward=    -inf  decay_linear(cs_rank(-1 * stddev(delta(close, 1), 20)), 360) + decay_linear(cs_rank(volume), 360)
[execution_aware] iter 40/50 [OK ] reward= -0.0663  decay_linear(cs_rank(-1 * stddev(delta(close, 1), 20)), 240) + decay_linear(cs_rank(volume), 180)
[execution_aware] iter 41/50 [ERR] reward=    -inf  decay_linear(cs_rank(-1 * stddev(delta(close, 1), 20)), 360) + decay_linear(cs_rank(volume), 360)
[execution_aware] iter 42/50 [OK ] reward= -0.6609  decay_linear(cs_rank(-1 * stddev(delta(close, 1), 20)), 240) + decay_linear(cs_rank(volume), 240) + decay_linear(cs_rank(high - low), 120)
[execution_aware] iter 43/50 [ERR] reward=    -inf  decay_linear(cs_rank(-1 * stddev(delta(close, 1), 20)), 480) + decay_linear(cs_rank(volume), 480)
[execution_aware] iter 44/50 [OK ] reward= -0.1035  decay_linear(cs_rank(-1 * stddev(delta(close, 1), 20)), 240) + decay_linear(cs_rank(volume), 120)
[execution_aware] iter 45/50 [OK ] reward= -9.6055  decay_linear(cs_rank(-1 * stddev(delta(close, 1), 20)), 240) + cs_rank(volume)
[execution_aware] iter 46/50 [ERR] reward=    -inf  decay_linear(cs_rank(-1 * stddev(delta(close, 1), 20)), 480) + decay_linear(cs_rank(volume), 480)
[execution_aware] iter 47/50 [OK ] reward= -0.0663  decay_linear(cs_rank(-1 * stddev(delta(close, 1), 20)), 240) + decay_linear(cs_rank(volume), 180)
[execution_aware] iter 48/50 [ERR] reward=    -inf  decay_linear(cs_rank(-1 * stddev(delta(close, 1), 20)), 360) + decay_linear(cs_rank(volume), 360)
[execution_aware] iter 49/50 [OK ] reward= -0.0504  decay_linear(cs_rank(-1 * stddev(delta(close, 1), 20)), 240) + decay_linear(cs_rank(volume), 240)
[execution_aware] iter 50/50 [ERR] reward=    -inf  decay_linear(cs_rank(-1 * stddev(delta(close, 1), 20)), 360) + decay_linear(cs_rank(volume), 360)
[wfo:execution_aware] fold 9 winner: decay_linear(cs_rank(-1 * stddev(delta(close, 1), 20)), 240) + decay_linear(cs_rank(volume), 240)
[wfo:execution_aware] fold 9 OOS: Gross_IR=0.348 Turnover=3.04 Net_IR=0.149
[wfo:execution_aware] fold 10: train 2011-01-01..2015-12-31 -> test 2016-01-01..2016-12-31
[execution_aware] iter  0/50 [SEED] reward= -3.3507  rank(-1 * stddev(delta(close, 1), 20))
[execution_aware] iter  1/50 [OK ] reward= -0.0241  decay_linear(rank(-1 * stddev(delta(close, 1), 20)), 100)
[execution_aware] iter  2/50 [OK ] reward=  0.1128  decay_linear(rank(-1 * stddev(delta(close, 1), 20)), 200)
[execution_aware] iter  3/50 [ERR] reward=    -inf  decay_linear(rank(-1 * stddev(delta(close, 1), 20)), 400)
[execution_aware] iter  4/50 [OK ] reward=  0.1128  decay_linear(cs_rank(-1 * stddev(delta(close, 1), 20)), 200)
[execution_aware] iter  5/50 [ERR] reward=    -inf  decay_linear(cs_rank(-1 * stddev(delta(close, 1), 20)), 400)
[execution_aware] iter  6/50 [OK ] reward=  0.1128  decay_linear(cs_rank(-1 * stddev(delta(close, 1), 20)), 200)
[execution_aware] iter  7/50 [ERR] reward=    -inf  decay_linear(cs_rank(-1 * stddev(delta(close, 1), 20)), 500)
[execution_aware] iter  8/50 [OK ] reward=  0.1128  decay_linear(cs_rank(-1 * stddev(delta(close, 1), 20)), 200)
[execution_aware] iter  9/50 [ERR] reward=    -inf  decay_linear(cs_rank(-1 * stddev(delta(close, 1), 20)), 400)
[execution_aware] iter 10/50 [OK ] reward=  0.1128  decay_linear(cs_rank(-1 * stddev(delta(close, 1), 20)), 200)
[execution_aware] iter 11/50 [ERR] reward=    -inf  decay_linear(cs_rank(-1 * stddev(delta(close, 1), 20)), 300)
[execution_aware] iter 12/50 [OK ] reward=  0.1128  decay_linear(cs_rank(-1 * stddev(delta(close, 1), 20)), 200)
[execution_aware] iter 13/50 [ERR] reward=    -inf  decay_linear(cs_rank(-1 * stddev(delta(close, 1), 20)), 500)
[execution_aware] iter 14/50 [OK ] reward=  0.1128  decay_linear(cs_rank(-1 * stddev(delta(close, 1), 20)), 200)
[execution_aware] iter 15/50 [ERR] reward=    -inf  decay_linear(cs_rank(-1 * stddev(delta(close, 1), 20)), 400)
[execution_aware] iter 16/50 [OK ] reward= -4.8132  decay_linear(ts_rank(-1 * stddev(delta(close, 1), 20), 20), 200)
[execution_aware] iter 17/50 [OK ] reward= -3.4444  decay_linear(ts_rank(-1 * stddev(delta(close, 1), 20), 50), 200)
[execution_aware] iter 18/50 [ERR] reward=    -inf  decay_linear(rank(-1 * stddev(delta(close, 1), 20)), 400)
[execution_aware] iter 19/50 [OK ] reward=  0.0763  decay_linear(rank(-1 * stddev(delta(close, 1), 20)), 150)
[execution_aware] iter 20/50 [ERR] reward=    -inf  decay_linear(rank(-1 * stddev(delta(close, 1), 20)), 400)
[execution_aware] iter 21/50 [OK ] reward=  0.0763  decay_linear(rank(-1 * stddev(delta(close, 1), 20)), 150)
[execution_aware] iter 22/50 [ERR] reward=    -inf  decay_linear(rank(-1 * stddev(delta(close, 1), 20)), 300)
[execution_aware] iter 23/50 [OK ] reward=  0.1128  decay_linear(rank(-1 * stddev(delta(close, 1), 20)), 200)
[execution_aware] iter 24/50 [ERR] reward=    -inf  decay_linear(cs_rank(-1 * stddev(delta(close, 1), 20)), 400)
[execution_aware] iter 25/50 [OK ] reward=  0.1128  decay_linear(cs_rank(-1 * stddev(delta(close, 1), 20)), 200)
[execution_aware] iter 26/50 [ERR] reward=    -inf  decay_linear(cs_rank(-1 * stddev(delta(close, 1), 20)), 400)
[execution_aware] iter 27/50 [OK ] reward=  0.1128  decay_linear(cs_rank(-1 * stddev(delta(close, 1), 20)), 200)
[execution_aware] iter 28/50 [ERR] reward=    -inf  decay_linear(cs_rank(-1 * stddev(delta(close, 1), 20)), 400)
[execution_aware] iter 29/50 [OK ] reward=  0.1128  decay_linear(cs_rank(-1 * stddev(delta(close, 1), 20)), 200)
[execution_aware] iter 30/50 [ERR] reward=    -inf  decay_linear(cs_rank(-1 * stddev(delta(close, 1), 20)), 300)
[execution_aware] iter 31/50 [OK ] reward=  0.1128  decay_linear(cs_rank(-1 * stddev(delta(close, 1), 20)), 200)
[execution_aware] iter 32/50 [ERR] reward=    -inf  decay_linear(cs_rank(-1 * stddev(delta(close, 1), 20)), 400)
[execution_aware] iter 33/50 [OK ] reward=  0.1128  decay_linear(cs_rank(-1 * stddev(delta(close, 1), 20)), 200)
[execution_aware] iter 34/50 [ERR] reward=    -inf  decay_linear(cs_rank(-1 * stddev(delta(close, 1), 20)), 400)
[execution_aware] iter 35/50 [OK ] reward=  0.1128  decay_linear(cs_rank(-1 * stddev(delta(close, 1), 20)), 200)
[execution_aware] iter 36/50 [ERR] reward=    -inf  decay_linear(cs_rank(-1 * stddev(delta(close, 1), 20)), 400)
[execution_aware] iter 37/50 [OK ] reward=  0.1128  decay_linear(cs_rank(-1 * stddev(delta(close, 1), 20)), 200)
[execution_aware] iter 38/50 [ERR] reward=    -inf  decay_linear(cs_rank(-1 * stddev(delta(close, 1), 20)), 400)
[execution_aware] iter 39/50 [OK ] reward=  0.1128  decay_linear(cs_rank(-1 * stddev(delta(close, 1), 20)), 200)
[execution_aware] iter 40/50 [ERR] reward=    -inf  decay_linear(cs_rank(-1 * stddev(delta(close, 1), 20)), 400)
[execution_aware] iter 41/50 [OK ] reward=  0.1128  decay_linear(cs_rank(-1 * stddev(delta(close, 1), 20)), 200)
[execution_aware] iter 42/50 [ERR] reward=    -inf  decay_linear(cs_rank(-1 * stddev(delta(close, 1), 20)), 400)
[execution_aware] iter 43/50 [OK ] reward=  0.1128  decay_linear(cs_rank(-1 * stddev(delta(close, 1), 20)), 200)
[execution_aware] iter 44/50 [ERR] reward=    -inf  decay_linear(cs_rank(-1 * stddev(delta(close, 1), 20)), 400)
[execution_aware] iter 45/50 [OK ] reward=  0.1128  decay_linear(cs_rank(-1 * stddev(delta(close, 1), 20)), 200)
[execution_aware] iter 46/50 [ERR] reward=    -inf  decay_linear(cs_rank(-1 * stddev(delta(close, 1), 20)), 400)
[execution_aware] iter 47/50 [OK ] reward=  0.1128  decay_linear(cs_rank(-1 * stddev(delta(close, 1), 20)), 200)
[execution_aware] iter 48/50 [ERR] reward=    -inf  decay_linear(cs_rank(-1 * stddev(delta(close, 1), 20)), 400)
[execution_aware] iter 49/50 [OK ] reward=  0.1128  decay_linear(cs_rank(-1 * stddev(delta(close, 1), 20)), 200)
[execution_aware] iter 50/50 [ERR] reward=    -inf  decay_linear(cs_rank(-1 * stddev(delta(close, 1), 20)), 500)
[wfo:execution_aware] fold 10 winner: decay_linear(rank(-1 * stddev(delta(close, 1), 20)), 200)
[wfo:execution_aware] fold 10 OOS: Gross_IR=1.721 Turnover=3.61 Net_IR=1.493
[wfo:execution_aware] fold 11: train 2012-01-01..2016-12-31 -> test 2017-01-01..2017-12-31
[execution_aware] iter  0/50 [SEED] reward= -3.1491  rank(-1 * stddev(delta(close, 1), 20))
[execution_aware] iter  1/50 [OK ] reward=  0.2040  decay_linear(rank(-1 * stddev(delta(close, 1), 20)), 100)
[execution_aware] iter  2/50 [OK ] reward=  0.3367  decay_linear(rank(-1 * stddev(delta(close, 1), 20)), 200)
[execution_aware] iter  3/50 [ERR] reward=    -inf  decay_linear(rank(-1 * stddev(delta(close, 1), 20)), 400)
[execution_aware] iter  4/50 [OK ] reward=  0.3367  decay_linear(rank(-1 * stddev(delta(close, 1), 20)), 200)
[execution_aware] iter  5/50 [ERR] reward=    -inf  decay_linear(rank(-1 * stddev(delta(close, 1), 20)), 500)
[execution_aware] iter  6/50 [OK ] reward=  0.3367  decay_linear(cs_rank(-1 * stddev(delta(close, 1), 20)), 200)
[execution_aware] iter  7/50 [ERR] reward=    -inf  decay_linear(cs_rank(-1 * stddev(delta(close, 1), 20)), 400)
[execution_aware] iter  8/50 [OK ] reward=  0.3367  decay_linear(cs_rank(-1 * stddev(delta(close, 1), 20)), 200)
[execution_aware] iter  9/50 [ERR] reward=    -inf  decay_linear(cs_rank(-1 * stddev(delta(close, 1), 20)), 400)
[execution_aware] iter 10/50 [OK ] reward=  0.3367  decay_linear(cs_rank(-1 * stddev(delta(close, 1), 20)), 200)
[execution_aware] iter 11/50 [ERR] reward=    -inf  decay_linear(cs_rank(-1 * stddev(delta(close, 1), 40)), 400)
[execution_aware] iter 12/50 [OK ] reward= -1.9895  decay_linear(ts_rank(-1 * stddev(delta(close, 1), 20), 200), 200)
[execution_aware] iter 13/50 [ERR] reward=    -inf  decay_linear(rank(-1 * stddev(delta(close, 1), 20)), 400)
[execution_aware] iter 14/50 [OK ] reward=  0.2040  decay_linear(rank(-1 * stddev(delta(close, 1), 20)), 100)
[execution_aware] iter 15/50 [ERR] reward=    -inf  decay_linear(rank(-1 * stddev(delta(close, 1), 20)), 300)
[execution_aware] iter 16/50 [OK ] reward=  0.3367  decay_linear(rank(-1 * stddev(delta(close, 1), 20)), 200)
[execution_aware] iter 17/50 [ERR] reward=    -inf  decay_linear(rank(-1 * stddev(delta(close, 1), 20)), 400)
[execution_aware] iter 18/50 [OK ] reward=  0.3367  decay_linear(rank(-1 * stddev(delta(close, 1), 20)), 200)
[execution_aware] iter 19/50 [ERR] reward=    -inf  decay_linear(rank(-1 * stddev(delta(close, 1), 20)), 500)
[execution_aware] iter 20/50 [OK ] reward=  0.3687  decay_linear(cs_rank(-1 * stddev(delta(close, 1), 20)), 252)
[execution_aware] iter 21/50 [ERR] reward=    -inf  decay_linear(cs_rank(-1 * stddev(delta(close, 1), 20)), 500)
[execution_aware] iter 22/50 [OK ] reward=  0.3367  decay_linear(cs_rank(-1 * stddev(delta(close, 1), 20)), 200)
[execution_aware] iter 23/50 [ERR] reward=    -inf  decay_linear(cs_rank(-1 * stddev(delta(close, 1), 20)), 500)
[execution_aware] iter 24/50 [OK ] reward=  0.3687  decay_linear(cs_rank(-1 * stddev(delta(close, 1), 20)), 252)
[execution_aware] iter 25/50 [ERR] reward=    -inf  decay_linear(cs_rank(-1 * stddev(delta(close, 1), 20)), 500)
[execution_aware] iter 26/50 [OK ] reward=  0.5181  decay_linear(cs_rank(-1 * stddev(delta(close, 1), 20)), 252) + decay_linear(cs_rank(-1 * vwap), 252)
[execution_aware] iter 27/50 [ERR] reward=    -inf  decay_linear(cs_rank(-1 * stddev(delta(close, 1), 20)), 500) + decay_linear(cs_rank(-1 * vwap), 500)
[execution_aware] iter 28/50 [OK ] reward=  0.0884  decay_linear(cs_rank(-1 * stddev(delta(close, 1), 20)), 252) + decay_linear(cs_rank(-1 * vwap), 252) + decay_linear(cs_rank(high - low), 252)
[execution_aware] iter 29/50 [OK ] reward=  0.5181  decay_linear(cs_rank(-1 * stddev(delta(close, 1), 20)), 252) + decay_linear(cs_rank(-1 * vwap), 252)
[execution_aware] iter 30/50 [ERR] reward=    -inf  decay_linear(cs_rank(-1 * stddev(delta(close, 1), 20)), 500) + decay_linear(cs_rank(-1 * vwap), 500)
[execution_aware] iter 31/50 [OK ] reward=  0.3823  decay_linear(cs_rank(-1 * stddev(delta(close, 1), 20)), 252) + decay_linear(cs_rank(-1 * vwap), 252) + decay_linear(cs_rank(volume), 252)
[execution_aware] iter 32/50 [OK ] reward=  0.5181  decay_linear(cs_rank(-1 * stddev(delta(close, 1), 20)), 252) + decay_linear(cs_rank(-1 * vwap), 252)
[execution_aware] iter 33/50 [ERR] reward=    -inf  decay_linear(cs_rank(-1 * stddev(delta(close, 1), 20)), 500) + cs_rank(-1 * vwap)
[execution_aware] iter 34/50 [OK ] reward=  0.5110  decay_linear(cs_rank(-1 * stddev(delta(close, 1), 20)), 252) + decay_linear(cs_rank(-1 * vwap), 126)
[execution_aware] iter 35/50 [ERR] reward=    -inf  decay_linear(cs_rank(-1 * stddev(delta(close, 1), 20)), 500) + decay_linear(cs_rank(-1 * vwap), 252)
[execution_aware] iter 36/50 [OK ] reward=  0.5110  decay_linear(cs_rank(-1 * stddev(delta(close, 1), 20)), 252) + decay_linear(cs_rank(-1 * vwap), 126)
[execution_aware] iter 37/50 [ERR] reward=    -inf  decay_linear(cs_rank(-1 * stddev(delta(close, 1), 20)), 504) + cs_rank(-1 * vwap)
[execution_aware] iter 38/50 [OK ] reward=  0.5110  decay_linear(cs_rank(-1 * stddev(delta(close, 1), 20)), 252) + decay_linear(cs_rank(-1 * vwap), 126)
[execution_aware] iter 39/50 [OK ] reward=  0.3132  decay_linear(cs_rank(-1 * stddev(delta(close, 1), 20)), 252) + cs_rank(-1 * vwap)
[execution_aware] iter 40/50 [ERR] reward=    -inf  decay_linear(cs_rank(-1 * stddev(delta(close, 1), 20)), 500) + cs_rank(-1 * vwap)
[execution_aware] iter 41/50 [OK ] reward=-22.4863  decay_linear(cs_rank(-1 * stddev(delta(close, 1), 20)), 252) + cs_rank(-1 * ts_rank(vwap, 20))
[execution_aware] iter 42/50 [OK ] reward=  0.5181  decay_linear(cs_rank(-1 * stddev(delta(close, 1), 20)), 252) + decay_linear(cs_rank(-1 * vwap), 252)
[execution_aware] iter 43/50 [ERR] reward=    -inf  decay_linear(cs_rank(-1 * stddev(delta(close, 1), 20)), 500) + decay_linear(cs_rank(-1 * vwap), 500)
[execution_aware] iter 44/50 [OK ] reward=  0.5110  decay_linear(cs_rank(-1 * stddev(delta(close, 1), 20)), 252) + decay_linear(cs_rank(-1 * vwap), 126)
[execution_aware] iter 45/50 [ERR] reward=    -inf  decay_linear(cs_rank(-1 * stddev(delta(close, 1), 20)), 500) + decay_linear(cs_rank(-1 * vwap), 500)
[execution_aware] iter 46/50 [OK ] reward=  0.0458  decay_linear(cs_rank(-1 * stddev(delta(close, 1), 20)), 252) + decay_linear(cs_rank(-1 * ts_rank(vwap, 20)), 252)
[execution_aware] iter 47/50 [OK ] reward=  0.5181  decay_linear(cs_rank(-1 * stddev(delta(close, 1), 20)), 252) + decay_linear(cs_rank(-1 * vwap), 252)
[execution_aware] iter 48/50 [ERR] reward=    -inf  decay_linear(cs_rank(-1 * stddev(delta(close, 1), 20)), 500) + decay_linear(cs_rank(-1 * vwap), 500)
[execution_aware] iter 49/50 [OK ] reward=  0.0458  decay_linear(cs_rank(-1 * stddev(delta(close, 1), 20)), 252) + decay_linear(cs_rank(-1 * ts_rank(vwap, 20)), 252)
[execution_aware] iter 50/50 [ERR] reward=    -inf  decay_linear(cs_rank(-1 * stddev(delta(close, 1), 20)), 500) + decay_linear(cs_rank(-1 * vwap), 500)
[wfo:execution_aware] fold 11 winner: decay_linear(cs_rank(-1 * stddev(delta(close, 1), 20)), 252) + decay_linear(cs_rank(-1 * vwap), 252)
[wfo:execution_aware] fold 11 OOS: Gross_IR=0.396 Turnover=2.63 Net_IR=0.169
[wfo:execution_aware] fold 12: train 2013-01-01..2017-12-31 -> test 2018-01-01..2018-12-31
[execution_aware] iter  0/50 [SEED] reward= -3.3537  rank(-1 * stddev(delta(close, 1), 20))
[execution_aware] iter  1/50 [OK ] reward=  0.1827  decay_linear(rank(-1 * stddev(delta(close, 1), 20)), 252)
[execution_aware] iter  2/50 [ERR] reward=    -inf  decay_linear(rank(-1 * stddev(delta(close, 1), 20)), 504)
[execution_aware] iter  3/50 [OK ] reward=  0.1827  decay_linear(cs_rank(-1 * stddev(delta(close, 1), 20)), 252)
[execution_aware] iter  4/50 [ERR] reward=    -inf  decay_linear(cs_rank(-1 * stddev(delta(close, 1), 30)), 500)
[execution_aware] iter  5/50 [OK ] reward=  0.1827  decay_linear(cs_rank(-1 * stddev(delta(close, 1), 20)), 252)
[execution_aware] iter  6/50 [ERR] reward=    -inf  decay_linear(cs_rank(-1 * stddev(delta(close, 1), 20)), 500)
[execution_aware] iter  7/50 [OK ] reward=  0.1827  decay_linear(cs_rank(-1 * stddev(delta(close, 1), 20)), 252)
[execution_aware] iter  8/50 [ERR] reward=    -inf  decay_linear(cs_rank(-1 * stddev(delta(close, 1), 20)), 500)
[execution_aware] iter  9/50 [OK ] reward=  0.1827  decay_linear(cs_rank(-1 * stddev(delta(close, 1), 20)), 252)
[execution_aware] iter 10/50 [ERR] reward=    -inf  decay_linear(cs_rank(-1 * stddev(delta(close, 1), 20)), 504)
[execution_aware] iter 11/50 [OK ] reward=  0.1827  decay_linear(cs_rank(-1 * stddev(delta(close, 1), 20)), 252)
[execution_aware] iter 12/50 [ERR] reward=    -inf  decay_linear(cs_rank(-1 * stddev(delta(close, 1), 20)), 500)
[execution_aware] iter 13/50 [OK ] reward=  0.1827  decay_linear(cs_rank(-1 * stddev(delta(close, 1), 20)), 252)
[execution_aware] iter 14/50 [ERR] reward=    -inf  decay_linear(cs_rank(-1 * stddev(delta(close, 1), 20)), 504)
[execution_aware] iter 15/50 [OK ] reward= -4.0528  decay_linear(ts_rank(-1 * stddev(delta(close, 1), 20), 20), 252)
[execution_aware] iter 16/50 [ERR] reward=    -inf  decay_linear(rank(-1 * stddev(delta(close, 1), 20)), 500)
[execution_aware] iter 17/50 [OK ] reward=  0.0903  decay_linear(rank(-1 * stddev(delta(close, 1), 20)), 150)
[execution_aware] iter 18/50 [ERR] reward=    -inf  decay_linear(rank(-1 * stddev(delta(close, 1), 20)), 500)
[execution_aware] iter 19/50 [OK ] reward=  0.1827  decay_linear(cs_rank(-1 * stddev(delta(close, 1), 20)), 252)
[execution_aware] iter 20/50 [ERR] reward=    -inf  decay_linear(cs_rank(-1 * stddev(delta(close, 1), 20)), 504)
[execution_aware] iter 21/50 [OK ] reward=  0.1827  decay_linear(cs_rank(-1 * stddev(delta(close, 1), 20)), 252)
[execution_aware] iter 22/50 [ERR] reward=    -inf  decay_linear(cs_rank(-1 * stddev(delta(close, 1), 20)), 500)
[execution_aware] iter 23/50 [OK ] reward=  0.1827  decay_linear(cs_rank(-1 * stddev(delta(close, 1), 20)), 252)
[execution_aware] iter 24/50 [ERR] reward=    -inf  decay_linear(cs_rank(-1 * stddev(delta(close, 1), 20)), 500)
[execution_aware] iter 25/50 [OK ] reward=  0.1827  decay_linear(cs_rank(-1 * stddev(delta(close, 1), 20)), 252)
[execution_aware] iter 26/50 [ERR] reward=    -inf  decay_linear(cs_rank(-1 * stddev(delta(close, 1), 20)), 500)
[execution_aware] iter 27/50 [OK ] reward=  0.1827  decay_linear(cs_rank(-1 * stddev(delta(close, 1), 20)), 252)
[execution_aware] iter 28/50 [ERR] reward=    -inf  decay_linear(cs_rank(-1 * stddev(delta(close, 1), 20)), 500)
[execution_aware] iter 29/50 [OK ] reward= -3.5219  decay_linear(ts_rank(-1 * stddev(delta(close, 1), 20), 60), 120)
[execution_aware] iter 30/50 [ERR] reward=    -inf  decay_linear(cs_rank(-1 * stddev(delta(close, 1), 20)), 500)
[execution_aware] iter 31/50 [OK ] reward=  0.1827  decay_linear(cs_rank(-1 * stddev(delta(close, 1), 20)), 252)
[execution_aware] iter 32/50 [ERR] reward=    -inf  decay_linear(cs_rank(-1 * stddev(delta(close, 1), 20)), 504)
[execution_aware] iter 33/50 [OK ] reward=  0.1827  decay_linear(cs_rank(-1 * stddev(delta(close, 1), 20)), 252)
[execution_aware] iter 34/50 [ERR] reward=    -inf  decay_linear(cs_rank(-1 * stddev(delta(close, 1), 20)), 500)
[execution_aware] iter 35/50 [OK ] reward=  0.1827  decay_linear(cs_rank(-1 * stddev(delta(close, 1), 20)), 252)
[execution_aware] iter 36/50 [ERR] reward=    -inf  decay_linear(cs_rank(-1 * stddev(delta(close, 1), 20)), 504)
[execution_aware] iter 37/50 [OK ] reward=  0.1827  decay_linear(cs_rank(-1 * stddev(delta(close, 1), 20)), 252)
[execution_aware] iter 38/50 [ERR] reward=    -inf  decay_linear(cs_rank(-1 * stddev(delta(close, 1), 20)), 500)
[execution_aware] iter 39/50 [OK ] reward=  0.1827  decay_linear(cs_rank(-1 * stddev(delta(close, 1), 20)), 252)
[execution_aware] iter 40/50 [ERR] reward=    -inf  decay_linear(cs_rank(-1 * stddev(delta(close, 1), 20)), 500)
[execution_aware] iter 41/50 [OK ] reward=  0.1827  decay_linear(cs_rank(-1 * stddev(delta(close, 1), 20)), 252)
[execution_aware] iter 42/50 [ERR] reward=    -inf  decay_linear(cs_rank(-1 * stddev(delta(close, 1), 20)), 500)
[execution_aware] iter 43/50 [OK ] reward=  0.1827  decay_linear(cs_rank(-1 * stddev(delta(close, 1), 20)), 252)
[execution_aware] iter 44/50 [ERR] reward=    -inf  decay_linear(rank(-1 * stddev(delta(close, 1), 20)), 504)
[execution_aware] iter 45/50 [OK ] reward=  0.1827  decay_linear(cs_rank(-1 * stddev(delta(close, 1), 20)), 252)
[execution_aware] iter 46/50 [ERR] reward=    -inf  decay_linear(cs_rank(-1 * stddev(delta(close, 1), 20)), 500)
[execution_aware] iter 47/50 [OK ] reward=  0.1827  decay_linear(cs_rank(-1 * stddev(delta(close, 1), 20)), 252)
[execution_aware] iter 48/50 [ERR] reward=    -inf  decay_linear(cs_rank(-1 * stddev(delta(close, 1), 20)), 500)
[execution_aware] iter 49/50 [OK ] reward=  0.1827  decay_linear(cs_rank(-1 * stddev(delta(close, 1), 20)), 252)
[execution_aware] iter 50/50 [ERR] reward=    -inf  decay_linear(cs_rank(-1 * stddev(delta(close, 1), 20)), 504)
[wfo:execution_aware] fold 12 winner: decay_linear(rank(-1 * stddev(delta(close, 1), 20)), 252)
[wfo:execution_aware] fold 12 OOS: Gross_IR=0.685 Turnover=3.09 Net_IR=0.480
[wfo:execution_aware] fold 13: train 2014-01-01..2018-12-31 -> test 2019-01-01..2019-12-31
[execution_aware] iter  0/50 [SEED] reward= -3.6141  rank(-1 * stddev(delta(close, 1), 20))
[execution_aware] iter  1/50 [OK ] reward= -0.5055  decay_linear(rank(-1 * stddev(delta(close, 1), 20)), 60)
[execution_aware] iter  2/50 [OK ] reward= -0.2741  decay_linear(cs_rank(-1 * stddev(delta(close, 1), 20)), 120)
[execution_aware] iter  3/50 [OK ] reward= -0.1618  decay_linear(cs_rank(-1 * stddev(delta(close, 1), 20)), 240)
[execution_aware] iter  4/50 [ERR] reward=    -inf  decay_linear(cs_rank(-1 * stddev(delta(close, 1), 20)), 360)
[execution_aware] iter  5/50 [OK ] reward= -0.1906  decay_linear(cs_rank(-1 * stddev(delta(close, 1), 20)), 180)
[execution_aware] iter  6/50 [ERR] reward=    -inf  decay_linear(cs_rank(-1 * stddev(delta(close, 1), 20)), 360)
[execution_aware] iter  7/50 [OK ] reward= -0.1618  decay_linear(cs_rank(-1 * stddev(delta(close, 1), 20)), 240)
[execution_aware] iter  8/50 [ERR] reward=    -inf  decay_linear(cs_rank(-1 * stddev(delta(close, 1), 20)), 360)
[execution_aware] iter  9/50 [OK ] reward= -0.1618  decay_linear(cs_rank(-1 * stddev(delta(close, 1), 20)), 240)
[execution_aware] iter 10/50 [ERR] reward=    -inf  decay_linear(cs_rank(-1 * stddev(delta(close, 1), 20)), 360)
[execution_aware] iter 11/50 [OK ] reward= -0.1618  decay_linear(cs_rank(-1 * stddev(delta(close, 1), 20)), 240)
[execution_aware] iter 12/50 [ERR] reward=    -inf  decay_linear(cs_rank(-1 * stddev(delta(close, 1), 20)), 500)
[execution_aware] iter 13/50 [OK ] reward= -0.1806  decay_linear(cs_rank(-1 * stddev(delta(close, 1), 20)), 200)
[execution_aware] iter 14/50 [ERR] reward=    -inf  decay_linear(cs_rank(-1 * stddev(delta(close, 1), 20)), 300)
[execution_aware] iter 15/50 [OK ] reward= -0.1618  decay_linear(cs_rank(-1 * stddev(delta(close, 1), 20)), 240)
[execution_aware] iter 16/50 [ERR] reward=    -inf  decay_linear(cs_rank(-1 * stddev(delta(close, 1), 20)), 500)
[execution_aware] iter 17/50 [OK ] reward= -0.1806  decay_linear(cs_rank(-1 * stddev(delta(close, 1), 20)), 200)
[execution_aware] iter 18/50 [ERR] reward=    -inf  decay_linear(cs_rank(-1 * stddev(delta(close, 1), 20)), 300)
[execution_aware] iter 19/50 [OK ] reward= -0.1806  decay_linear(cs_rank(-1 * stddev(delta(close, 1), 20)), 200)
[execution_aware] iter 20/50 [ERR] reward=    -inf  decay_linear(cs_rank(-1 * stddev(delta(close, 1), 20)), 300)
[execution_aware] iter 21/50 [OK ] reward= -0.1618  decay_linear(cs_rank(-1 * stddev(delta(close, 1), 20)), 240)
[execution_aware] iter 22/50 [ERR] reward=    -inf  decay_linear(cs_rank(-1 * stddev(delta(close, 1), 20)), 360)
[execution_aware] iter 23/50 [OK ] reward= -0.1618  decay_linear(cs_rank(-1 * stddev(delta(close, 1), 20)), 240)
[execution_aware] iter 24/50 [ERR] reward=    -inf  decay_linear(cs_rank(-1 * stddev(delta(close, 1), 20)), 480)
[execution_aware] iter 25/50 [OK ] reward= -0.2741  decay_linear(cs_rank(-1 * stddev(delta(close, 1), 20)), 120)
[execution_aware] iter 26/50 [ERR] reward=    -inf  decay_linear(cs_rank(-1 * stddev(delta(close, 1), 20)), 480)
[execution_aware] iter 27/50 [OK ] reward= -0.1618  decay_linear(cs_rank(-1 * stddev(delta(close, 1), 20)), 240)
[execution_aware] iter 28/50 [ERR] reward=    -inf  decay_linear(cs_rank(-1 * stddev(delta(close, 1), 20)), 500)
[execution_aware] iter 29/50 [OK ] reward= -0.1618  decay_linear(cs_rank(-1 * stddev(delta(close, 1), 20)), 240)
[execution_aware] iter 30/50 [ERR] reward=    -inf  decay_linear(cs_rank(-1 * stddev(delta(close, 1), 20)), 360)
[execution_aware] iter 31/50 [OK ] reward= -0.0693  decay_linear(cs_rank(-1 * stddev(delta(close, 1), 20)), 240) + decay_linear(cs_rank(volume), 240)
[execution_aware] iter 32/50 [ERR] reward=    -inf  decay_linear(cs_rank(-1 * stddev(delta(close, 1), 20)), 480) + decay_linear(cs_rank(volume), 480)
[execution_aware] iter 33/50 [OK ] reward= -0.0750  decay_linear(cs_rank(-1 * stddev(delta(close, 1), 20)), 240) + decay_linear(cs_rank(volume), 180)
[execution_aware] iter 34/50 [OK ] reward= -0.0693  decay_linear(cs_rank(-1 * stddev(delta(close, 1), 20)), 240) + decay_linear(cs_rank(volume), 240)
[execution_aware] iter 35/50 [ERR] reward=    -inf  decay_linear(cs_rank(-1 * stddev(delta(close, 1), 20)), 360) + cs_rank(volume)
[execution_aware] iter 36/50 [OK ] reward= -0.0959  decay_linear(cs_rank(-1 * stddev(delta(close, 1), 20)), 240) + decay_linear(cs_rank(volume), 120)
[execution_aware] iter 37/50 [OK ] reward= -0.0693  decay_linear(cs_rank(-1 * stddev(delta(close, 1), 20)), 240) + decay_linear(cs_rank(volume), 240)
[execution_aware] iter 38/50 [ERR] reward=    -inf  decay_linear(cs_rank(-1 * stddev(delta(close, 1), 20)), 360) + decay_linear(cs_rank(volume), 360)
[execution_aware] iter 39/50 [OK ] reward= -0.0750  decay_linear(cs_rank(-1 * stddev(delta(close, 1), 20)), 240) + decay_linear(cs_rank(volume), 180)
[execution_aware] iter 40/50 [ERR] reward=    -inf  decay_linear(cs_rank(-1 * stddev(delta(close, 1), 20)), 360) + cs_rank(volume)
[execution_aware] iter 41/50 [OK ] reward= -0.0959  decay_linear(cs_rank(-1 * stddev(delta(close, 1), 20)), 240) + decay_linear(cs_rank(volume), 120)
[execution_aware] iter 42/50 [OK ] reward= -0.0693  decay_linear(cs_rank(-1 * stddev(delta(close, 1), 20)), 240) + decay_linear(cs_rank(volume), 240)
[execution_aware] iter 43/50 [OK ] reward= -0.0693  decay_linear(cs_rank(-1 * stddev(delta(close, 1), 20)), 240) + decay_linear(cs_rank(volume), 240)
[execution_aware] iter 44/50 [ERR] reward=    -inf  decay_linear(cs_rank(-1 * stddev(delta(close, 1), 20)), 480) + decay_linear(cs_rank(volume), 480)
[execution_aware] iter 45/50 [OK ] reward= -0.0959  decay_linear(cs_rank(-1 * stddev(delta(close, 1), 20)), 240) + decay_linear(cs_rank(volume), 120)
[execution_aware] iter 46/50 [OK ] reward= -0.0693  decay_linear(cs_rank(-1 * stddev(delta(close, 1), 20)), 240) + decay_linear(cs_rank(volume), 240)
[execution_aware] iter 47/50 [ERR] reward=    -inf  decay_linear(cs_rank(-1 * stddev(delta(close, 1), 20)), 480) + decay_linear(cs_rank(volume), 480)
[execution_aware] iter 48/50 [OK ] reward= -0.5056  decay_linear(cs_rank(-1 * stddev(delta(close, 1), 20)), 240) + decay_linear(cs_rank(volume), 240) + decay_linear(cs_rank(high - low), 240)
[execution_aware] iter 49/50 [ERR] reward=    -inf  decay_linear(cs_rank(-1 * stddev(delta(close, 1), 20)), 480) + decay_linear(cs_rank(volume), 480)
[execution_aware] iter 50/50 [OK ] reward= -0.1240  decay_linear(cs_rank(-1 * stddev(delta(close, 1), 20)), 120) + decay_linear(cs_rank(volume), 120)
[wfo:execution_aware] fold 13 winner: decay_linear(cs_rank(-1 * stddev(delta(close, 1), 20)), 240) + decay_linear(cs_rank(volume), 240)
[wfo:execution_aware] fold 13 OOS: Gross_IR=0.975 Turnover=2.86 Net_IR=0.784
[wfo:execution_aware] fold 14: train 2015-01-01..2019-12-31 -> test 2020-01-01..2020-12-31
[execution_aware] iter  0/50 [SEED] reward= -3.4909  rank(-1 * stddev(delta(close, 1), 20))
[execution_aware] iter  1/50 [OK ] reward= -0.3638  decay_linear(cs_rank(-1 * stddev(delta(close, 1), 20)), 60)
[execution_aware] iter  2/50 [OK ] reward= -0.1551  decay_linear(cs_rank(-1 * stddev(delta(close, 1), 20)), 120)
[execution_aware] iter  3/50 [OK ] reward= -0.0581  decay_linear(cs_rank(-1 * stddev(delta(close, 1), 20)), 240)
[execution_aware] iter  4/50 [ERR] reward=    -inf  decay_linear(cs_rank(-1 * stddev(delta(close, 1), 30)), 360)
[execution_aware] iter  5/50 [OK ] reward= -0.0615  decay_linear(cs_rank(-1 * stddev(delta(close, 1), 25)), 240)
[execution_aware] iter  6/50 [ERR] reward=    -inf  decay_linear(cs_rank(-1 * stddev(delta(close, 1), 20)), 360)
[execution_aware] iter  7/50 [OK ] reward=  0.1040  decay_linear(cs_rank(-1 * stddev(delta(close, 1), 20)), 240) + decay_linear(cs_rank(volume), 240)
[execution_aware] iter  8/50 [ERR] reward=    -inf  decay_linear(cs_rank(-1 * stddev(delta(close, 1), 20)), 480) + decay_linear(cs_rank(volume), 480)
[execution_aware] iter  9/50 [OK ] reward=  0.0691  decay_linear(cs_rank(-1 * stddev(delta(close, 1), 20)), 120) + decay_linear(cs_rank(volume), 120)
[execution_aware] iter 10/50 [OK ] reward=  0.0040  decay_linear(cs_rank(-1 * stddev(delta(close, 1), 20)), 240) + decay_linear(cs_rank(volume / (volume + 1e-5)), 240)
[execution_aware] iter 11/50 [OK ] reward=  0.1040  decay_linear(cs_rank(-1 * stddev(delta(close, 1), 20)), 240) + decay_linear(cs_rank(volume), 240)
[execution_aware] iter 12/50 [ERR] reward=    -inf  decay_linear(cs_rank(-1 * stddev(delta(close, 1), 20)), 360) + decay_linear(cs_rank(volume), 360)
[execution_aware] iter 13/50 [ERR] reward=    -inf  decay_linear(cs_rank(-1 * stddev(delta(close, 1), 20)), 240) + decay_linear(cs_rank(volume), 240) + decay_linear(cs_rank((high - low) / close), 240)
[execution_aware] iter 14/50 [OK ] reward= -0.4325  decay_linear(cs_rank(-1 * stddev(delta(close, 1), 20)), 240) + decay_linear(cs_rank(volume), 240) + decay_linear(cs_rank((high - low) / (close + 1e-5)), 240)
[execution_aware] iter 15/50 [ERR] reward=    -inf  decay_linear(cs_rank(-1 * stddev(delta(close, 1), 20)), 300) + decay_linear(cs_rank(volume), 300)
[execution_aware] iter 16/50 [OK ] reward= -0.2348  decay_linear(cs_rank(-1 * stddev(delta(close, 1), 20)), 240) + decay_linear(cs_rank(volume), 240) + decay_linear(cs_rank(high - low), 240)
[execution_aware] iter 17/50 [OK ] reward=  0.1040  decay_linear(cs_rank(-1 * stddev(delta(close, 1), 20)), 240) + decay_linear(cs_rank(volume), 240)
[execution_aware] iter 18/50 [ERR] reward=    -inf  decay_linear(cs_rank(-1 * stddev(delta(close, 1), 20)), 480) + decay_linear(cs_rank(volume), 480)
[execution_aware] iter 19/50 [OK ] reward=  0.1040  decay_linear(cs_rank(-1 * stddev(delta(close, 1), 20)), 240) + decay_linear(cs_rank(volume), 240)
[execution_aware] iter 20/50 [ERR] reward=    -inf  decay_linear(cs_rank(-1 * stddev(delta(close, 1), 20)), 360) + decay_linear(cs_rank(volume), 360)
[execution_aware] iter 21/50 [OK ] reward= -0.1984  decay_linear(cs_rank(-1 * stddev(delta(close, 1), 20)), 240) + decay_linear(cs_rank(volume), 240) + decay_linear(cs_rank(close - open), 240)
[execution_aware] iter 22/50 [OK ] reward=  0.1040  decay_linear(cs_rank(-1 * stddev(delta(close, 1), 20)), 240) + decay_linear(cs_rank(volume), 240)
[execution_aware] iter 23/50 [ERR] reward=    -inf  decay_linear(cs_rank(-1 * stddev(delta(close, 1), 20)), 360) + decay_linear(cs_rank(volume), 360)
[execution_aware] iter 24/50 [OK ] reward=  0.1021  decay_linear(cs_rank(-1 * stddev(delta(close, 1), 20)), 240) + decay_linear(cs_rank(volume), 180)
[execution_aware] iter 25/50 [ERR] reward=    -inf  decay_linear(cs_rank(-1 * stddev(delta(close, 1), 20)), 360) + decay_linear(cs_rank(volume), 360)
[execution_aware] iter 26/50 [OK ] reward=  0.1021  decay_linear(cs_rank(-1 * stddev(delta(close, 1), 20)), 240) + decay_linear(cs_rank(volume), 180)
[execution_aware] iter 27/50 [ERR] reward=    -inf  decay_linear(cs_rank(-1 * stddev(delta(close, 1), 20)), 360) + decay_linear(cs_rank(volume), 360)
[execution_aware] iter 28/50 [OK ] reward=  0.1040  decay_linear(cs_rank(-1 * stddev(delta(close, 1), 20)), 240) + decay_linear(cs_rank(volume), 240)
[execution_aware] iter 29/50 [ERR] reward=    -inf  decay_linear(cs_rank(-1 * stddev(delta(close, 1), 20)), 480) + decay_linear(cs_rank(volume), 480)
[execution_aware] iter 30/50 [OK ] reward=  0.0910  decay_linear(cs_rank(-1 * stddev(delta(close, 1), 20)), 240) + decay_linear(cs_rank(volume), 120)
[execution_aware] iter 31/50 [ERR] reward=    -inf  decay_linear(cs_rank(-1 * stddev(delta(close, 1), 20)), 360) + decay_linear(cs_rank(volume), 240)
[execution_aware] iter 32/50 [OK ] reward=  0.1021  decay_linear(cs_rank(-1 * stddev(delta(close, 1), 20)), 240) + decay_linear(cs_rank(volume), 180)
[execution_aware] iter 33/50 [ERR] reward=    -inf  decay_linear(cs_rank(-1 * stddev(delta(close, 1), 20)), 360) + cs_rank(volume)
[execution_aware] iter 34/50 [OK ] reward=  0.0001  decay_linear(cs_rank(-1 * stddev(delta(close, 1), 20)), 240) + decay_linear(cs_rank(volume), 240) * 0.5
[execution_aware] iter 35/50 [OK ] reward= -8.5429  decay_linear(cs_rank(-1 * stddev(delta(close, 1), 20)), 240) + cs_rank(volume)
[execution_aware] iter 36/50 [ERR] reward=    -inf  decay_linear(cs_rank(-1 * stddev(delta(close, 1), 20)), 480) + decay_linear(cs_rank(volume), 480)
[execution_aware] iter 37/50 [OK ] reward=  0.0910  decay_linear(cs_rank(-1 * stddev(delta(close, 1), 20)), 240) + decay_linear(cs_rank(volume), 120)
[execution_aware] iter 38/50 [OK ] reward= -0.2083  decay_linear(cs_rank(-1 * stddev(delta(close, 1), 20)), 240) + decay_linear(cs_rank(volume), 240) + decay_linear(cs_rank(-1 * (high - low)), 240)
[execution_aware] iter 39/50 [ERR] reward=    -inf  decay_linear(cs_rank(-1 * stddev(delta(close, 1), 20)), 480) + decay_linear(cs_rank(volume), 480)
[execution_aware] iter 40/50 [OK ] reward=  0.0910  decay_linear(cs_rank(-1 * stddev(delta(close, 1), 20)), 240) + decay_linear(cs_rank(volume), 120)
[execution_aware] iter 41/50 [ERR] reward=    -inf  decay_linear(cs_rank(-1 * stddev(delta(close, 1), 20)), 360) + decay_linear(cs_rank(volume), 360)
[execution_aware] iter 42/50 [OK ] reward= -0.3852  decay_linear(cs_rank(-1 * stddev(delta(close, 1), 20)), 240) + decay_linear(cs_rank(volume), 240) + decay_linear(cs_rank(vwap - open), 120)
[execution_aware] iter 43/50 [ERR] reward=    -inf  decay_linear(cs_rank(-1 * stddev(delta(close, 1), 20)), 480) + decay_linear(cs_rank(volume), 480)
[execution_aware] iter 44/50 [OK ] reward=  0.1040  decay_linear(cs_rank(-1 * stddev(delta(close, 1), 20)), 240) + decay_linear(cs_rank(volume), 240)
[execution_aware] iter 45/50 [ERR] reward=    -inf  decay_linear(cs_rank(-1 * stddev(delta(close, 1), 20)), 480) + decay_linear(cs_rank(volume), 480)
[execution_aware] iter 46/50 [OK ] reward=  0.0691  decay_linear(cs_rank(-1 * stddev(delta(close, 1), 20)), 120) + decay_linear(cs_rank(volume), 120)
[execution_aware] iter 47/50 [OK ] reward=  0.1040  decay_linear(cs_rank(-1 * stddev(delta(close, 1), 20)), 240) + decay_linear(cs_rank(volume), 240)
[execution_aware] iter 48/50 [ERR] reward=    -inf  decay_linear(cs_rank(-1 * stddev(delta(close, 1), 20)), 360) + decay_linear(cs_rank(volume), 360)
[execution_aware] iter 49/50 [OK ] reward=  0.0973  decay_linear(cs_rank(-1 * stddev(delta(close, 1), 20)), 180) + decay_linear(cs_rank(volume), 180)
[execution_aware] iter 50/50 [OK ] reward=  0.1040  decay_linear(cs_rank(-1 * stddev(delta(close, 1), 20)), 240) + decay_linear(cs_rank(volume), 240)
[wfo:execution_aware] fold 14 winner: decay_linear(cs_rank(-1 * stddev(delta(close, 1), 20)), 240) + decay_linear(cs_rank(volume), 240)
[wfo:execution_aware] fold 14 OOS: Gross_IR=0.122 Turnover=4.04 Net_IR=-0.034
[wfo:execution_aware] fold 15: train 2016-01-01..2020-12-31 -> test 2021-01-01..2021-12-31
[execution_aware] iter  0/50 [SEED] reward= -3.6106  rank(-1 * stddev(delta(close, 1), 20))
[execution_aware] iter  1/50 [OK ] reward= -0.4589  decay_linear(rank(-1 * stddev(delta(close, 1), 20)), 120)
[execution_aware] iter  2/50 [OK ] reward= -1.6776  decay_linear(ts_rank(-1 * stddev(delta(close, 1), 20), 252), 120)
[execution_aware] iter  3/50 [OK ] reward= -0.4164  decay_linear(rank(-1 * stddev(delta(close, 1), 20)), 240)
[execution_aware] iter  4/50 [ERR] reward=    -inf  decay_linear(rank(-1 * stddev(delta(close, 1), 20)), 500)
[execution_aware] iter  5/50 [OK ] reward= -0.4164  decay_linear(cs_rank(-1 * stddev(delta(close, 1), 20)), 240)
[execution_aware] iter  6/50 [ERR] reward=    -inf  decay_linear(cs_rank(-1 * stddev(delta(close, 1), 20)), 360)
[execution_aware] iter  7/50 [OK ] reward= -0.4589  decay_linear(cs_rank(-1 * stddev(delta(close, 1), 20)), 120)
[execution_aware] iter  8/50 [ERR] reward=    -inf  decay_linear(cs_rank(-1 * stddev(delta(close, 1), 20)), 300)
[execution_aware] iter  9/50 [OK ] reward= -0.4164  decay_linear(cs_rank(-1 * stddev(delta(close, 1), 20)), 240)
[execution_aware] iter 10/50 [ERR] reward=    -inf  decay_linear(cs_rank(-1 * stddev(delta(close, 1), 20)), 360)
[execution_aware] iter 11/50 [OK ] reward= -0.4164  decay_linear(cs_rank(-1 * stddev(delta(close, 1), 20)), 240)
[execution_aware] iter 12/50 [ERR] reward=    -inf  decay_linear(cs_rank(-1 * stddev(delta(close, 1), 20)), 360)
[execution_aware] iter 13/50 [OK ] reward= -0.4164  decay_linear(cs_rank(-1 * stddev(delta(close, 1), 20)), 240)
[execution_aware] iter 14/50 [ERR] reward=    -inf  decay_linear(cs_rank(-1 * stddev(delta(close, 1), 20)), 480)
[execution_aware] iter 15/50 [OK ] reward= -0.4164  decay_linear(cs_rank(-1 * stddev(delta(close, 1), 20)), 240)
[execution_aware] iter 16/50 [ERR] reward=    -inf  decay_linear(cs_rank(-1 * stddev(delta(close, 1), 20)), 360)
[execution_aware] iter 17/50 [OK ] reward= -0.4164  decay_linear(cs_rank(-1 * stddev(delta(close, 1), 20)), 240)
[execution_aware] iter 18/50 [ERR] reward=    -inf  decay_linear(cs_rank(-1 * stddev(delta(close, 1), 20)), 360)
[execution_aware] iter 19/50 [OK ] reward= -0.4164  decay_linear(cs_rank(-1 * stddev(delta(close, 1), 20)), 240)
[execution_aware] iter 20/50 [ERR] reward=    -inf  decay_linear(cs_rank(-1 * stddev(delta(close, 1), 20)), 500)
[execution_aware] iter 21/50 [OK ] reward= -0.4164  decay_linear(cs_rank(-1 * stddev(delta(close, 1), 20)), 240)
[execution_aware] iter 22/50 [ERR] reward=    -inf  decay_linear(cs_rank(-1 * stddev(delta(close, 1), 30)), 360)
[execution_aware] iter 23/50 [OK ] reward= -0.4164  decay_linear(cs_rank(-1 * stddev(delta(close, 1), 20)), 240)
[execution_aware] iter 24/50 [ERR] reward=    -inf  decay_linear(cs_rank(-1 * stddev(delta(close, 1), 20)), 360)
[execution_aware] iter 25/50 [OK ] reward= -0.4164  decay_linear(cs_rank(-1 * stddev(delta(close, 1), 20)), 240)
[execution_aware] iter 26/50 [ERR] reward=    -inf  decay_linear(cs_rank(-1 * stddev(delta(close, 1), 20)), 360)
[execution_aware] iter 27/50 [OK ] reward= -0.4164  decay_linear(cs_rank(-1 * stddev(delta(close, 1), 20)), 240)
[execution_aware] iter 28/50 [ERR] reward=    -inf  decay_linear(cs_rank(-1 * stddev(delta(close, 1), 20)), 500)
[execution_aware] iter 29/50 [OK ] reward= -0.4164  decay_linear(cs_rank(-1 * stddev(delta(close, 1), 20)), 240)
[execution_aware] iter 30/50 [ERR] reward=    -inf  decay_linear(cs_rank(-1 * stddev(delta(close, 1), 20)), 500)
[execution_aware] iter 31/50 [OK ] reward= -0.4164  decay_linear(cs_rank(-1 * stddev(delta(close, 1), 20)), 240)
[execution_aware] iter 32/50 [ERR] reward=    -inf  decay_linear(cs_rank(-1 * stddev(delta(close, 1), 40)), 360)
[execution_aware] iter 33/50 [OK ] reward= -0.4164  decay_linear(cs_rank(-1 * stddev(delta(close, 1), 20)), 240)
[execution_aware] iter 34/50 [ERR] reward=    -inf  decay_linear(cs_rank(-1 * stddev(delta(close, 1), 30)), 480)
[execution_aware] iter 35/50 [OK ] reward= -0.4164  decay_linear(cs_rank(-1 * stddev(delta(close, 1), 20)), 240)
[execution_aware] iter 36/50 [ERR] reward=    -inf  decay_linear(cs_rank(-1 * stddev(delta(close, 1), 20)), 360)
[execution_aware] iter 37/50 [OK ] reward= -0.4306  decay_linear(cs_rank(-1 * stddev(delta(close, 1), 20)), 180)
[execution_aware] iter 38/50 [ERR] reward=    -inf  decay_linear(cs_rank(-1 * stddev(delta(close, 1), 20)), 360)
[execution_aware] iter 39/50 [OK ] reward= -0.4164  decay_linear(cs_rank(-1 * stddev(delta(close, 1), 20)), 240)
[execution_aware] iter 40/50 [ERR] reward=    -inf  decay_linear(cs_rank(-1 * stddev(delta(close, 1), 20)), 360)
[execution_aware] iter 41/50 [OK ] reward= -0.4164  decay_linear(cs_rank(-1 * stddev(delta(close, 1), 20)), 240)
[execution_aware] iter 42/50 [ERR] reward=    -inf  decay_linear(cs_rank(-1 * stddev(delta(close, 1), 20)), 360)
[execution_aware] iter 43/50 [OK ] reward= -0.4164  decay_linear(cs_rank(-1 * stddev(delta(close, 1), 20)), 240)
[execution_aware] iter 44/50 [ERR] reward=    -inf  decay_linear(cs_rank(-1 * stddev(delta(close, 1), 40)), 480)
[execution_aware] iter 45/50 [OK ] reward= -0.4164  decay_linear(cs_rank(-1 * stddev(delta(close, 1), 20)), 240)
[execution_aware] iter 46/50 [ERR] reward=    -inf  decay_linear(cs_rank(-1 * stddev(delta(close, 1), 20)), 480)
[execution_aware] iter 47/50 [OK ] reward= -0.4164  decay_linear(cs_rank(-1 * stddev(delta(close, 1), 20)), 240)
[execution_aware] iter 48/50 [ERR] reward=    -inf  decay_linear(cs_rank(-1 * stddev(delta(close, 1), 20)), 500)
[execution_aware] iter 49/50 [OK ] reward= -0.4164  decay_linear(cs_rank(-1 * stddev(delta(close, 1), 20)), 240)
[execution_aware] iter 50/50 [ERR] reward=    -inf  decay_linear(cs_rank(-1 * stddev(delta(close, 1), 20)), 500)
[wfo:execution_aware] fold 15 winner: decay_linear(rank(-1 * stddev(delta(close, 1), 20)), 240)
[wfo:execution_aware] fold 15 OOS: Gross_IR=0.644 Turnover=3.32 Net_IR=0.490
[wfo:execution_aware] fold 16: train 2017-01-01..2021-12-31 -> test 2022-01-01..2022-12-31
[execution_aware] iter  0/50 [SEED] reward= -3.6950  rank(-1 * stddev(delta(close, 1), 20))
[execution_aware] iter  1/50 [OK ] reward= -0.6112  decay_linear(rank(-1 * stddev(delta(close, 1), 20)), 120)
[execution_aware] iter  2/50 [OK ] reward= -0.5893  decay_linear(cs_rank(-1 * stddev(delta(close, 1), 20)), 240)
[execution_aware] iter  3/50 [ERR] reward=    -inf  decay_linear(cs_rank(-1 * stddev(delta(close, 1), 20)), 360)
[execution_aware] iter  4/50 [OK ] reward= -0.5936  decay_linear(cs_rank(-1 * stddev(delta(close, 1), 20)), 180)
[execution_aware] iter  5/50 [ERR] reward=    -inf  decay_linear(cs_rank(-1 * stddev(delta(close, 1), 20)), 360)
[execution_aware] iter  6/50 [OK ] reward= -0.5893  decay_linear(cs_rank(-1 * stddev(delta(close, 1), 20)), 240)
[execution_aware] iter  7/50 [ERR] reward=    -inf  decay_linear(cs_rank(-1 * stddev(delta(close, 1), 20)), 500)
[execution_aware] iter  8/50 [OK ] reward= -0.5913  decay_linear(cs_rank(-1 * stddev(delta(close, 1), 20)), 200)
[execution_aware] iter  9/50 [ERR] reward=    -inf  decay_linear(cs_rank(-1 * stddev(delta(close, 1), 20)), 300)
[execution_aware] iter 10/50 [OK ] reward= -0.5893  decay_linear(cs_rank(-1 * stddev(delta(close, 1), 20)), 240)
[execution_aware] iter 11/50 [ERR] reward=    -inf  decay_linear(cs_rank(-1 * stddev(delta(close, 1), 20)), 360)
[execution_aware] iter 12/50 [OK ] reward= -0.5936  decay_linear(cs_rank(-1 * stddev(delta(close, 1), 20)), 180)
[execution_aware] iter 13/50 [ERR] reward=    -inf  decay_linear(cs_rank(-1 * stddev(delta(close, 1), 20)), 300)
[execution_aware] iter 14/50 [OK ] reward= -0.5898  decay_linear(cs_rank(-1 * stddev(delta(close, 1), 20)), 220)
[execution_aware] iter 15/50 [ERR] reward=    -inf  decay_linear(cs_rank(-1 * stddev(delta(close, 1), 20)), 300)
[execution_aware] iter 16/50 [OK ] reward= -0.5913  decay_linear(cs_rank(-1 * stddev(delta(close, 1), 20)), 200)
[execution_aware] iter 17/50 [ERR] reward=    -inf  decay_linear(cs_rank(-1 * stddev(delta(close, 1), 20)), 360)
[execution_aware] iter 18/50 [OK ] reward= -0.5936  decay_linear(cs_rank(-1 * stddev(delta(close, 1), 20)), 180)
[execution_aware] iter 19/50 [ERR] reward=    -inf  decay_linear(cs_rank(-1 * stddev(delta(close, 1), 20)), 360)
[execution_aware] iter 20/50 [OK ] reward= -0.5893  decay_linear(cs_rank(-1 * stddev(delta(close, 1), 20)), 240)
[execution_aware] iter 21/50 [ERR] reward=    -inf  decay_linear(cs_rank(-1 * stddev(delta(close, 1), 20)), 480)
[execution_aware] iter 22/50 [OK ] reward= -0.5893  decay_linear(cs_rank(-1 * stddev(delta(close, 1), 20)), 240)
[execution_aware] iter 23/50 [ERR] reward=    -inf  decay_linear(cs_rank(-1 * stddev(delta(close, 1), 20)), 360)
[execution_aware] iter 24/50 [OK ] reward= -0.5936  decay_linear(cs_rank(-1 * stddev(delta(close, 1), 20)), 180)
[execution_aware] iter 25/50 [ERR] reward=    -inf  decay_linear(cs_rank(-1 * stddev(delta(close, 1), 20)), 360)
[execution_aware] iter 26/50 [OK ] reward= -0.5893  decay_linear(cs_rank(-1 * stddev(delta(close, 1), 20)), 240)
[execution_aware] iter 27/50 [ERR] reward=    -inf  decay_linear(cs_rank(-1 * stddev(delta(close, 1), 20)), 360)
[execution_aware] iter 28/50 [OK ] reward= -0.6112  decay_linear(cs_rank(-1 * stddev(delta(close, 1), 20)), 120)
[execution_aware] iter 29/50 [ERR] reward=    -inf  decay_linear(cs_rank(-1 * stddev(delta(close, 1), 20)), 360)
[execution_aware] iter 30/50 [OK ] reward= -0.5893  decay_linear(cs_rank(-1 * stddev(delta(close, 1), 20)), 240)
[execution_aware] iter 31/50 [ERR] reward=    -inf  decay_linear(cs_rank(-1 * stddev(delta(close, 1), 30)), 360)
[execution_aware] iter 32/50 [OK ] reward= -0.6112  decay_linear(cs_rank(-1 * stddev(delta(close, 1), 20)), 120)
[execution_aware] iter 33/50 [ERR] reward=    -inf  decay_linear(cs_rank(-1 * stddev(delta(close, 1), 20)), 360)
[execution_aware] iter 34/50 [OK ] reward= -0.5956  decay_linear(cs_rank(-1 * stddev(delta(close, 1), 180)), 240)
[execution_aware] iter 35/50 [OK ] reward= -0.5814  decay_linear(cs_rank(-1 * stddev(delta(close, 1), 200)), 240)
[execution_aware] iter 36/50 [ERR] reward=    -inf  decay_linear(cs_rank(-1 * stddev(delta(close, 1), 200)), 480)
[execution_aware] iter 37/50 [OK ] reward= -0.6357  decay_linear(cs_rank(-1 * stddev(delta(close, 1), 150)), 120)
[execution_aware] iter 38/50 [ERR] reward=    -inf  decay_linear(cs_rank(-1 * stddev(delta(close, 1), 200)), 480)
[execution_aware] iter 39/50 [OK ] reward= -0.6104  decay_linear(cs_rank(-1 * stddev(delta(close, 1), 200)), 120)
[execution_aware] iter 40/50 [ERR] reward=    -inf  decay_linear(cs_rank(-1 * stddev(delta(close, 1), 200)), 360)
[execution_aware] iter 41/50 [OK ] reward= -0.5814  decay_linear(cs_rank(-1 * stddev(delta(close, 1), 200)), 240)
[execution_aware] iter 42/50 [ERR] reward=    -inf  decay_linear(cs_rank(-1 * stddev(delta(close, 1), 200)), 500)
[execution_aware] iter 43/50 [OK ] reward= -0.5814  decay_linear(cs_rank(-1 * stddev(delta(close, 1), 200)), 240)
[execution_aware] iter 44/50 [ERR] reward=    -inf  decay_linear(cs_rank(-1 * stddev(delta(close, 1), 200)), 480)
[execution_aware] iter 45/50 [OK ] reward= -0.5814  decay_linear(cs_rank(-1 * stddev(delta(close, 1), 200)), 240)
[execution_aware] iter 46/50 [ERR] reward=    -inf  decay_linear(cs_rank(-1 * stddev(delta(close, 1), 200)), 360)
[execution_aware] iter 47/50 [OK ] reward= -0.5956  decay_linear(cs_rank(-1 * stddev(delta(close, 1), 180)), 240)
[execution_aware] iter 48/50 [ERR] reward=    -inf  decay_linear(cs_rank(-1 * stddev(delta(close, 1), 200)), 360)
[execution_aware] iter 49/50 [OK ] reward= -0.5814  decay_linear(cs_rank(-1 * stddev(delta(close, 1), 200)), 240)
[execution_aware] iter 50/50 [ERR] reward=    -inf  decay_linear(cs_rank(-1 * stddev(delta(close, 1), 200)), 500)
[wfo:execution_aware] fold 16 winner: decay_linear(cs_rank(-1 * stddev(delta(close, 1), 200)), 240)
[wfo:execution_aware] fold 16 OOS: Gross_IR=1.283 Turnover=3.86 Net_IR=1.143
[wfo:execution_aware] fold 17: train 2018-01-01..2022-12-31 -> test 2023-01-01..2023-12-31
[execution_aware] iter  0/50 [SEED] reward= -3.3143  rank(-1 * stddev(delta(close, 1), 20))
[execution_aware] iter  1/50 [OK ] reward= -0.4324  decay_linear(rank(-1 * stddev(delta(close, 1), 20)), 126)
[execution_aware] iter  2/50 [OK ] reward= -0.4105  decay_linear(rank(-1 * stddev(delta(close, 1), 20)), 252)
[execution_aware] iter  3/50 [ERR] reward=    -inf  decay_linear(rank(-1 * stddev(delta(close, 1), 20)), 500)
[execution_aware] iter  4/50 [OK ] reward= -0.4105  decay_linear(rank(-1 * stddev(delta(close, 1), 20)), 252)
[execution_aware] iter  5/50 [ERR] reward=    -inf  decay_linear(rank(-1 * stddev(delta(close, 1), 20)), 500)
[execution_aware] iter  6/50 [OK ] reward= -0.4105  decay_linear(cs_rank(-1 * stddev(delta(close, 1), 20)), 252)
[execution_aware] iter  7/50 [ERR] reward=    -inf  decay_linear(cs_rank(-1 * stddev(delta(close, 1), 20)), 500)
[execution_aware] iter  8/50 [OK ] reward= -0.4105  decay_linear(cs_rank(-1 * stddev(delta(close, 1), 20)), 252)
[execution_aware] iter  9/50 [ERR] reward=    -inf  decay_linear(cs_rank(-1 * stddev(delta(close, 1), 20)), 504)
[execution_aware] iter 10/50 [OK ] reward= -0.4105  decay_linear(cs_rank(-1 * stddev(delta(close, 1), 20)), 252)
[execution_aware] iter 11/50 [ERR] reward=    -inf  decay_linear(cs_rank(-1 * stddev(delta(close, 1), 20)), 504)
[execution_aware] iter 12/50 [OK ] reward= -0.4105  decay_linear(cs_rank(-1 * stddev(delta(close, 1), 20)), 252)
[execution_aware] iter 13/50 [ERR] reward=    -inf  decay_linear(cs_rank(-1 * stddev(delta(close, 1), 20)), 500)
[execution_aware] iter 14/50 [OK ] reward= -0.4105  decay_linear(cs_rank(-1 * stddev(delta(close, 1), 20)), 252)
[execution_aware] iter 15/50 [ERR] reward=    -inf  decay_linear(cs_rank(-1 * stddev(delta(close, 1), 20)), 504)
[execution_aware] iter 16/50 [OK ] reward= -0.4105  decay_linear(cs_rank(-1 * stddev(delta(close, 1), 20)), 252)
[execution_aware] iter 17/50 [ERR] reward=    -inf  decay_linear(cs_rank(-1 * stddev(delta(close, 1), 20)), 500)
[execution_aware] iter 18/50 [OK ] reward= -0.4105  decay_linear(cs_rank(-1 * stddev(delta(close, 1), 20)), 252)
[execution_aware] iter 19/50 [ERR] reward=    -inf  decay_linear(cs_rank(-1 * stddev(delta(close, 1), 20)), 500)
[execution_aware] iter 20/50 [OK ] reward= -0.4105  decay_linear(cs_rank(-1 * stddev(delta(close, 1), 20)), 252)
[execution_aware] iter 21/50 [ERR] reward=    -inf  decay_linear(cs_rank(-1 * stddev(delta(close, 1), 20)), 500)
[execution_aware] iter 22/50 [OK ] reward= -0.4105  decay_linear(cs_rank(-1 * stddev(delta(close, 1), 20)), 252)
[execution_aware] iter 23/50 [ERR] reward=    -inf  decay_linear(cs_rank(-1 * stddev(delta(close, 1), 20)), 500)
[execution_aware] iter 24/50 [OK ] reward= -0.4105  decay_linear(cs_rank(-1 * stddev(delta(close, 1), 20)), 252)
[execution_aware] iter 25/50 [ERR] reward=    -inf  decay_linear(cs_rank(-1 * stddev(delta(close, 1), 20)), 500)
[execution_aware] iter 26/50 [OK ] reward= -0.4105  decay_linear(cs_rank(-1 * stddev(delta(close, 1), 20)), 252)
[execution_aware] iter 27/50 [ERR] reward=    -inf  decay_linear(cs_rank(-1 * stddev(delta(close, 1), 30)), 500)
[execution_aware] iter 28/50 [OK ] reward= -0.4105  decay_linear(cs_rank(-1 * stddev(delta(close, 1), 20)), 252)
[execution_aware] iter 29/50 [ERR] reward=    -inf  decay_linear(cs_rank(-1 * stddev(delta(close, 1), 20)), 504)
[execution_aware] iter 30/50 [OK ] reward= -0.4105  decay_linear(cs_rank(-1 * stddev(delta(close, 1), 20)), 252)
[execution_aware] iter 31/50 [ERR] reward=    -inf  decay_linear(cs_rank(-1 * stddev(delta(close, 1), 20)), 504)
[execution_aware] iter 32/50 [OK ] reward= -0.4105  decay_linear(cs_rank(-1 * stddev(delta(close, 1), 20)), 252)
[execution_aware] iter 33/50 [ERR] reward=    -inf  decay_linear(cs_rank(-1 * stddev(delta(close, 1), 20)), 504)
[execution_aware] iter 34/50 [OK ] reward= -0.4105  decay_linear(cs_rank(-1 * stddev(delta(close, 1), 20)), 252)
[execution_aware] iter 35/50 [ERR] reward=    -inf  decay_linear(ts_rank(-1 * stddev(delta(close, 1), 20), 252), 500)
[execution_aware] iter 36/50 [OK ] reward= -1.3729  decay_linear(ts_rank(-1 * stddev(delta(close, 1), 20), 252), 252)
[execution_aware] iter 37/50 [ERR] reward=    -inf  decay_linear(rank(-1 * stddev(delta(close, 1), 20)), 500)
[execution_aware] iter 38/50 [OK ] reward= -0.4105  decay_linear(cs_rank(-1 * stddev(delta(close, 1), 20)), 252)
[execution_aware] iter 39/50 [ERR] reward=    -inf  decay_linear(cs_rank(-1 * stddev(delta(close, 1), 20)), 504)
[execution_aware] iter 40/50 [OK ] reward= -0.4105  decay_linear(cs_rank(-1 * stddev(delta(close, 1), 20)), 252)
[execution_aware] iter 41/50 [ERR] reward=    -inf  decay_linear(cs_rank(-1 * stddev(delta(close, 1), 20)), 504)
[execution_aware] iter 42/50 [OK ] reward= -0.4105  decay_linear(cs_rank(-1 * stddev(delta(close, 1), 20)), 252)
[execution_aware] iter 43/50 [ERR] reward=    -inf  decay_linear(cs_rank(-1 * stddev(delta(close, 1), 20)), 500)
[execution_aware] iter 44/50 [OK ] reward= -0.4105  decay_linear(cs_rank(-1 * stddev(delta(close, 1), 20)), 252)
[execution_aware] iter 45/50 [ERR] reward=    -inf  decay_linear(cs_rank(-1 * stddev(delta(close, 1), 20)), 500)
[execution_aware] iter 46/50 [OK ] reward= -0.4105  decay_linear(cs_rank(-1 * stddev(delta(close, 1), 20)), 252)
[execution_aware] iter 47/50 [ERR] reward=    -inf  decay_linear(cs_rank(-1 * stddev(delta(close, 1), 30)), 500)
[execution_aware] iter 48/50 [OK ] reward= -0.4105  decay_linear(cs_rank(-1 * stddev(delta(close, 1), 20)), 252)
[execution_aware] iter 49/50 [ERR] reward=    -inf  decay_linear(cs_rank(-1 * stddev(delta(close, 1), 20)), 500)
[execution_aware] iter 50/50 [OK ] reward= -0.4105  decay_linear(cs_rank(-1 * stddev(delta(close, 1), 20)), 252)
[wfo:execution_aware] fold 17 winner: decay_linear(rank(-1 * stddev(delta(close, 1), 20)), 252)
[wfo:execution_aware] fold 17 OOS: Gross_IR=0.081 Turnover=3.20 Net_IR=-0.101
[wfo:execution_aware] fold 18: train 2019-01-01..2023-12-31 -> test 2024-01-01..2024-12-31
[execution_aware] iter  0/50 [SEED] reward= -3.2663  rank(-1 * stddev(delta(close, 1), 20))
[execution_aware] iter  1/50 [OK ] reward= -0.6150  decay_linear(cs_rank(-1 * stddev(delta(close, 1), 20)), 60)
[execution_aware] iter  2/50 [OK ] reward= -0.5135  decay_linear(cs_rank(-1 * stddev(delta(close, 1), 20)), 120)
[execution_aware] iter  3/50 [OK ] reward= -0.5023  decay_linear(cs_rank(-1 * stddev(delta(close, 1), 20)), 240)
[execution_aware] iter  4/50 [ERR] reward=    -inf  decay_linear(cs_rank(-1 * stddev(delta(close, 1), 20)), 365)
[execution_aware] iter  5/50 [OK ] reward= -0.5023  decay_linear(cs_rank(-1 * stddev(delta(close, 1), 20)), 240)
[execution_aware] iter  6/50 [ERR] reward=    -inf  decay_linear(cs_rank(-1 * stddev(delta(close, 1), 20)), 365)
[execution_aware] iter  7/50 [OK ] reward= -0.5023  decay_linear(cs_rank(-1 * stddev(delta(close, 1), 20)), 240)
[execution_aware] iter  8/50 [ERR] reward=    -inf  decay_linear(cs_rank(-1 * stddev(delta(close, 1), 20)), 360)
[execution_aware] iter  9/50 [OK ] reward= -0.5023  decay_linear(cs_rank(-1 * stddev(delta(close, 1), 20)), 240)
[execution_aware] iter 10/50 [ERR] reward=    -inf  decay_linear(cs_rank(-1 * stddev(delta(close, 1), 20)), 480)
[execution_aware] iter 11/50 [OK ] reward= -0.5135  decay_linear(cs_rank(-1 * stddev(delta(close, 1), 20)), 120)
[execution_aware] iter 12/50 [ERR] reward=    -inf  decay_linear(cs_rank(-1 * stddev(delta(close, 1), 20)), 360)
[execution_aware] iter 13/50 [OK ] reward= -0.5067  decay_linear(cs_rank(-1 * stddev(delta(close, 1), 20)), 180)
[execution_aware] iter 14/50 [ERR] reward=    -inf  decay_linear(cs_rank(-1 * stddev(delta(close, 1), 20)), 360)
[execution_aware] iter 15/50 [OK ] reward= -0.5023  decay_linear(cs_rank(-1 * stddev(delta(close, 1), 20)), 240)
[execution_aware] iter 16/50 [ERR] reward=    -inf  decay_linear(cs_rank(-1 * stddev(delta(close, 1), 20)), 500)
[execution_aware] iter 17/50 [OK ] reward= -0.5050  decay_linear(cs_rank(-1 * stddev(delta(close, 1), 20)), 200)
[execution_aware] iter 18/50 [ERR] reward=    -inf  decay_linear(cs_rank(-1 * stddev(delta(close, 1), 20)), 360)
[execution_aware] iter 19/50 [OK ] reward= -0.5023  decay_linear(cs_rank(-1 * stddev(delta(close, 1), 20)), 240)
[execution_aware] iter 20/50 [ERR] reward=    -inf  decay_linear(cs_rank(-1 * stddev(delta(close, 1), 20)), 360)
[execution_aware] iter 21/50 [OK ] reward= -0.5023  decay_linear(cs_rank(-1 * stddev(delta(close, 1), 20)), 240)
[execution_aware] iter 22/50 [ERR] reward=    -inf  decay_linear(cs_rank(-1 * stddev(delta(close, 1), 20)), 500)
[execution_aware] iter 23/50 [OK ] reward=-64.3314  decay_linear(cs_rank(-1 * stddev(delta(close, 1), 20)), 240) + cs_rank((close - open) / (high - low + 1e-5))
[execution_aware] iter 24/50 [ERR] reward=    -inf  decay_linear(cs_rank(-1 * stddev(delta(close, 1), 20)), 360)
[execution_aware] iter 25/50 [OK ] reward= -0.5050  decay_linear(cs_rank(-1 * stddev(delta(close, 1), 20)), 200)
[execution_aware] iter 26/50 [ERR] reward=    -inf  decay_linear(cs_rank(-1 * stddev(delta(close, 1), 20)), 360)
[execution_aware] iter 27/50 [OK ] reward= -0.5052  decay_linear(cs_rank(-1 * stddev(delta(close, 1), 10)), 240)
[execution_aware] iter 28/50 [ERR] reward=    -inf  decay_linear(cs_rank(-1 * stddev(delta(close, 1), 20)), 360)
[execution_aware] iter 29/50 [OK ] reward= -0.5023  decay_linear(cs_rank(-1 * stddev(delta(close, 1), 20)), 240)
[execution_aware] iter 30/50 [ERR] reward=    -inf  decay_linear(cs_rank(-1 * stddev(delta(close, 1), 20)), 360)
[execution_aware] iter 31/50 [OK ] reward= -0.5023  decay_linear(cs_rank(-1 * stddev(delta(close, 1), 20)), 240)
[execution_aware] iter 32/50 [ERR] reward=    -inf  decay_linear(cs_rank(-1 * stddev(delta(close, 1), 30)), 360)
[execution_aware] iter 33/50 [OK ] reward= -0.5023  decay_linear(cs_rank(-1 * stddev(delta(close, 1), 20)), 240)
[execution_aware] iter 34/50 [ERR] reward=    -inf  decay_linear(cs_rank(-1 * stddev(delta(close, 1), 20)), 360)
[execution_aware] iter 35/50 [OK ] reward= -0.5023  decay_linear(cs_rank(-1 * stddev(delta(close, 1), 20)), 240)
[execution_aware] iter 36/50 [ERR] reward=    -inf  decay_linear(cs_rank(-1 * stddev(delta(close, 1), 20)), 360)
[execution_aware] iter 37/50 [OK ] reward= -0.5050  decay_linear(cs_rank(-1 * stddev(delta(close, 1), 20)), 200)
[execution_aware] iter 38/50 [ERR] reward=    -inf  decay_linear(cs_rank(-1 * stddev(delta(close, 1), 20)), 360)
[execution_aware] iter 39/50 [OK ] reward= -0.5023  decay_linear(cs_rank(-1 * stddev(delta(close, 1), 20)), 240)
[execution_aware] iter 40/50 [ERR] reward=    -inf  decay_linear(cs_rank(-1 * stddev(delta(close, 1), 20)), 360)
[execution_aware] iter 41/50 [OK ] reward= -0.5023  decay_linear(cs_rank(-1 * stddev(delta(close, 1), 20)), 240)
[execution_aware] iter 42/50 [ERR] reward=    -inf  decay_linear(cs_rank(-1 * stddev(delta(close, 1), 20)), 500)
[execution_aware] iter 43/50 [OK ] reward= -0.5050  decay_linear(cs_rank(-1 * stddev(delta(close, 1), 20)), 200)
[execution_aware] iter 44/50 [ERR] reward=    -inf  decay_linear(cs_rank(-1 * stddev(delta(close, 1), 20)), 360)
[execution_aware] iter 45/50 [OK ] reward= -0.5067  decay_linear(cs_rank(-1 * stddev(delta(close, 1), 20)), 180)
[execution_aware] iter 46/50 [ERR] reward=    -inf  decay_linear(cs_rank(-1 * stddev(delta(close, 1), 20)), 300)
[execution_aware] iter 47/50 [OK ] reward= -0.5023  decay_linear(cs_rank(-1 * stddev(delta(close, 1), 20)), 240)
[execution_aware] iter 48/50 [ERR] reward=    -inf  decay_linear(cs_rank(-1 * stddev(delta(close, 1), 20)), 360)
[execution_aware] iter 49/50 [OK ] reward= -0.5023  decay_linear(cs_rank(-1 * stddev(delta(close, 1), 20)), 240)
[execution_aware] iter 50/50 [ERR] reward=    -inf  decay_linear(cs_rank(-1 * stddev(delta(close, 1), 20)), 500)
[wfo:execution_aware] fold 18 winner: decay_linear(cs_rank(-1 * stddev(delta(close, 1), 20)), 240)
[wfo:execution_aware] fold 18 OOS: Gross_IR=1.175 Turnover=3.41 Net_IR=1.018
[wfo:execution_aware] fold 19: train 2020-01-01..2024-12-31 -> test 2025-01-01..2025-12-31
[execution_aware] iter  0/50 [SEED] reward= -3.2196  rank(-1 * stddev(delta(close, 1), 20))
[execution_aware] iter  1/50 [OK ] reward= -0.5581  decay_linear(rank(-1 * stddev(delta(close, 1), 20)), 60)
[execution_aware] iter  2/50 [OK ] reward= -0.4274  decay_linear(rank(-1 * stddev(delta(close, 1), 20)), 120)
[execution_aware] iter  3/50 [OK ] reward= -0.3728  decay_linear(rank(-1 * stddev(delta(close, 1), 20)), 240)
[execution_aware] iter  4/50 [ERR] reward=    -inf  decay_linear(rank(-1 * stddev(delta(close, 1), 20)), 500)
[execution_aware] iter  5/50 [OK ] reward= -0.3728  decay_linear(rank(-1 * stddev(delta(close, 1), 20)), 240)
[execution_aware] iter  6/50 [ERR] reward=    -inf  decay_linear(rank(-1 * stddev(delta(close, 1), 20)), 500)
[execution_aware] iter  7/50 [OK ] reward= -0.3728  decay_linear(cs_rank(-1 * stddev(delta(close, 1), 20)), 240)
[execution_aware] iter  8/50 [ERR] reward=    -inf  decay_linear(ts_rank(-1 * stddev(delta(close, 1), 20), 252), 500)
[execution_aware] iter  9/50 [OK ] reward= -0.3728  decay_linear(cs_rank(-1 * stddev(delta(close, 1), 20)), 240)
[execution_aware] iter 10/50 [ERR] reward=    -inf  decay_linear(cs_rank(-1 * stddev(delta(close, 1), 30)), 360)
[execution_aware] iter 11/50 [OK ] reward= -0.4274  decay_linear(cs_rank(-1 * stddev(delta(close, 1), 20)), 120)
[execution_aware] iter 12/50 [OK ] reward= -0.3728  decay_linear(cs_rank(-1 * stddev(delta(close, 1), 20)), 240)
[execution_aware] iter 13/50 [ERR] reward=    -inf  decay_linear(cs_rank(-1 * stddev(delta(close, 1), 20)), 500)
[execution_aware] iter 14/50 [OK ] reward= -0.3728  decay_linear(cs_rank(-1 * stddev(delta(close, 1), 20)), 240)
[execution_aware] iter 15/50 [ERR] reward=    -inf  decay_linear(cs_rank(-1 * stddev(delta(close, 1), 20)), 360)
[execution_aware] iter 16/50 [OK ] reward= -0.3728  decay_linear(cs_rank(-1 * stddev(delta(close, 1), 20)), 240)
[execution_aware] iter 17/50 [ERR] reward=    -inf  decay_linear(cs_rank(-1 * stddev(delta(close, 1), 20)), 360)
[execution_aware] iter 18/50 [OK ] reward= -0.3728  decay_linear(cs_rank(-1 * stddev(delta(close, 1), 20)), 240)
[execution_aware] iter 19/50 [ERR] reward=    -inf  decay_linear(cs_rank(-1 * stddev(delta(close, 1), 30)), 360)
[execution_aware] iter 20/50 [OK ] reward= -0.3886  decay_linear(cs_rank(-1 * stddev(delta(close, 1), 20)), 180)
[execution_aware] iter 21/50 [ERR] reward=    -inf  decay_linear(cs_rank(-1 * stddev(delta(close, 1), 20)), 360)
[execution_aware] iter 22/50 [OK ] reward= -0.3728  decay_linear(cs_rank(-1 * stddev(delta(close, 1), 20)), 240)
[execution_aware] iter 23/50 [ERR] reward=    -inf  decay_linear(cs_rank(-1 * stddev(delta(close, 1), 20)), 500)
[execution_aware] iter 24/50 [OK ] reward= -0.3728  decay_linear(cs_rank(-1 * stddev(delta(close, 1), 20)), 240)
[execution_aware] iter 25/50 [ERR] reward=    -inf  decay_linear(cs_rank(-1 * stddev(delta(close, 1), 20)), 360)
[execution_aware] iter 26/50 [OK ] reward= -0.3728  decay_linear(cs_rank(-1 * stddev(delta(close, 1), 20)), 240)
[execution_aware] iter 27/50 [ERR] reward=    -inf  decay_linear(cs_rank(-1 * stddev(delta(close, 1), 20)), 480)
[execution_aware] iter 28/50 [OK ] reward= -1.5954  decay_linear(ts_rank(-1 * stddev(delta(close, 1), 20), 252), 240)
[execution_aware] iter 29/50 [ERR] reward=    -inf  decay_linear(cs_rank(-1 * stddev(delta(close, 1), 20)), 360)
[execution_aware] iter 30/50 [OK ] reward= -0.3728  decay_linear(cs_rank(-1 * stddev(delta(close, 1), 20)), 240)
[execution_aware] iter 31/50 [ERR] reward=    -inf  decay_linear(cs_rank(-1 * stddev(delta(close, 1), 20)), 500)
[execution_aware] iter 32/50 [OK ] reward= -0.3728  decay_linear(cs_rank(-1 * stddev(delta(close, 1), 20)), 240)
[execution_aware] iter 33/50 [ERR] reward=    -inf  decay_linear(cs_rank(-1 * stddev(delta(close, 1), 30)), 360)
[execution_aware] iter 34/50 [OK ] reward= -0.3728  decay_linear(cs_rank(-1 * stddev(delta(close, 1), 20)), 240)
[execution_aware] iter 35/50 [ERR] reward=    -inf  decay_linear(cs_rank(-1 * stddev(delta(close, 1), 20)), 360)
[execution_aware] iter 36/50 [OK ] reward= -4.3251  decay_linear(ts_rank(-1 * stddev(delta(close, 1), 20), 20), 240)
[execution_aware] iter 37/50 [ERR] reward=    -inf  decay_linear(ts_rank(-1 * stddev(delta(close, 1), 20), 120), 360)
[execution_aware] iter 38/50 [OK ] reward= -0.4274  decay_linear(rank(-1 * stddev(delta(close, 1), 20)), 120)
[execution_aware] iter 39/50 [ERR] reward=    -inf  decay_linear(rank(-1 * stddev(delta(close, 1), 20)), 360)
[execution_aware] iter 40/50 [OK ] reward= -0.3886  decay_linear(rank(-1 * stddev(delta(close, 1), 20)), 180)
[execution_aware] iter 41/50 [ERR] reward=    -inf  decay_linear(rank(-1 * stddev(delta(close, 1), 20)), 360)
[execution_aware] iter 42/50 [OK ] reward= -0.3728  decay_linear(cs_rank(-1 * stddev(delta(close, 1), 20)), 240)
[execution_aware] iter 43/50 [ERR] reward=    -inf  decay_linear(cs_rank(-1 * stddev(delta(close, 1), 20)), 500)
[execution_aware] iter 44/50 [OK ] reward= -0.3728  decay_linear(cs_rank(-1 * stddev(delta(close, 1), 20)), 240)
[execution_aware] iter 45/50 [ERR] reward=    -inf  decay_linear(cs_rank(-1 * stddev(delta(close, 1), 20)), 500)
[execution_aware] iter 46/50 [OK ] reward= -0.3728  decay_linear(cs_rank(-1 * stddev(delta(close, 1), 20)), 240)
[execution_aware] iter 47/50 [ERR] reward=    -inf  decay_linear(cs_rank(-1 * stddev(delta(close, 1), 20)), 500)
[execution_aware] iter 48/50 [OK ] reward= -0.3728  decay_linear(cs_rank(-1 * stddev(delta(close, 1), 20)), 240)
[execution_aware] iter 49/50 [ERR] reward=    -inf  decay_linear(cs_rank(-1 * stddev(delta(close, 1), 20)), 360)
[execution_aware] iter 50/50 [OK ] reward= -0.3728  decay_linear(cs_rank(-1 * stddev(delta(close, 1), 20)), 240)
[wfo:execution_aware] fold 19 winner: decay_linear(rank(-1 * stddev(delta(close, 1), 20)), 240)
[wfo:execution_aware] fold 19 OOS: Gross_IR=0.680 Turnover=3.60 Net_IR=0.500
[wfo:execution_aware] fold 20: train 2021-01-01..2025-12-31 -> test 2026-01-01..2026-08-13
[execution_aware] iter  0/50 [SEED] reward= -3.1473  rank(-1 * stddev(delta(close, 1), 20))
[execution_aware] iter  1/50 [OK ] reward= -0.2597  decay_linear(cs_rank(-1 * stddev(delta(close, 1), 20)), 100)
[execution_aware] iter  2/50 [OK ] reward= -0.1235  decay_linear(cs_rank(-1 * stddev(delta(close, 1), 20)), 200)
[execution_aware] iter  3/50 [ERR] reward=    -inf  decay_linear(cs_rank(-1 * stddev(delta(close, 1), 30)), 300)
[execution_aware] iter  4/50 [OK ] reward= -0.1188  decay_linear(cs_rank(-1 * stddev(delta(close, 1), 25)), 200)
[execution_aware] iter  5/50 [ERR] reward=    -inf  decay_linear(cs_rank(-1 * stddev(delta(close, 1), 25)), 400)
[execution_aware] iter  6/50 [OK ] reward= -0.0558  decay_linear(cs_rank(-1 * stddev(delta(close, 1), 120)), 150)
[execution_aware] iter  7/50 [OK ] reward= -0.0330  decay_linear(cs_rank(-1 * stddev(delta(close, 1), 120)), 200)
[execution_aware] iter  8/50 [ERR] reward=    -inf  decay_linear(cs_rank(-1 * stddev(delta(close, 1), 120)), 400)
[execution_aware] iter  9/50 [OK ] reward= -0.0330  decay_linear(cs_rank(-1 * stddev(delta(close, 1), 120)), 200)
[execution_aware] iter 10/50 [ERR] reward=    -inf  decay_linear(cs_rank(-1 * stddev(delta(close, 1), 120)), 400)
[execution_aware] iter 11/50 [OK ] reward= -0.0085  decay_linear(cs_rank(-1 * stddev(delta(close, 1), 120)), 252)
[execution_aware] iter 12/50 [ERR] reward=    -inf  decay_linear(cs_rank(-1 * stddev(delta(close, 1), 120)), 500)
[execution_aware] iter 13/50 [OK ] reward=  0.0529  decay_linear(cs_rank(-1 * stddev(delta(close, 1), 252)), 252)
[execution_aware] iter 14/50 [ERR] reward=    -inf  decay_linear(cs_rank(-1 * stddev(delta(close, 1), 252)), 500)
[execution_aware] iter 15/50 [OK ] reward=  0.0529  decay_linear(cs_rank(-1 * stddev(delta(close, 1), 252)), 252)
[execution_aware] iter 16/50 [ERR] reward=    -inf  decay_linear(cs_rank(-1 * stddev(delta(close, 1), 252)), 500)
[execution_aware] iter 17/50 [OK ] reward= -0.0080  decay_linear(cs_rank(-1 * stddev(delta(close, 1), 252)), 126)
[execution_aware] iter 18/50 [ERR] reward=    -inf  decay_linear(cs_rank(-1 * stddev(delta(close, 1), 252)), 504)
[execution_aware] iter 19/50 [OK ] reward=  0.0529  decay_linear(cs_rank(-1 * stddev(delta(close, 1), 252)), 252)
[execution_aware] iter 20/50 [ERR] reward=    -inf  decay_linear(cs_rank(-1 * stddev(delta(close, 1), 252)), 500)
[execution_aware] iter 21/50 [OK ] reward= -0.0002  decay_linear(cs_rank(-1 * stddev(delta(close, 1), 252)), 150)
[execution_aware] iter 22/50 [ERR] reward=    -inf  decay_linear(cs_rank(-1 * stddev(delta(close, 1), 252)), 500)
[execution_aware] iter 23/50 [OK ] reward=  0.0325  decay_linear(cs_rank(-1 * stddev(delta(close, 1), 252)), 200)
[execution_aware] iter 24/50 [ERR] reward=    -inf  decay_linear(cs_rank(-1 * stddev(delta(close, 1), 252)), 500)
[execution_aware] iter 25/50 [OK ] reward=  0.0529  decay_linear(cs_rank(-1 * stddev(delta(close, 1), 252)), 252)
[execution_aware] iter 26/50 [ERR] reward=    -inf  decay_linear(cs_rank(-1 * stddev(delta(close, 1), 252)), 500)
[execution_aware] iter 27/50 [OK ] reward= -0.0080  decay_linear(cs_rank(-1 * stddev(delta(close, 1), 252)), 126)
[execution_aware] iter 28/50 [ERR] reward=    -inf  decay_linear(cs_rank(-1 * stddev(delta(close, 1), 252)), 504)
[execution_aware] iter 29/50 [OK ] reward=  0.0529  decay_linear(cs_rank(-1 * stddev(delta(close, 1), 252)), 252)
[execution_aware] iter 30/50 [ERR] reward=    -inf  decay_linear(cs_rank(-1 * stddev(delta(close, 1), 252)), 500)
[execution_aware] iter 31/50 [OK ] reward=  0.0274  decay_linear(cs_rank(-1 * stddev(delta(close, 1), 252)), 180)
[execution_aware] iter 32/50 [ERR] reward=    -inf  decay_linear(cs_rank(-1 * stddev(delta(close, 1), 252)), 500)
[execution_aware] iter 33/50 [OK ] reward= -0.0059  decay_linear(cs_rank(-1 * stddev(delta(close, 1), 200)), 200)
[execution_aware] iter 34/50 [ERR] reward=    -inf  decay_linear(cs_rank(-1 * stddev(delta(close, 1), 252)), 500)
[execution_aware] iter 35/50 [OK ] reward=  0.0257  decay_linear(cs_rank(-1 * stddev(delta(close, 1), 200)), 252)
[execution_aware] iter 36/50 [ERR] reward=    -inf  decay_linear(cs_rank(-1 * stddev(delta(close, 1), 252)), 500)
[execution_aware] iter 37/50 [OK ] reward=  0.0325  decay_linear(cs_rank(-1 * stddev(delta(close, 1), 252)), 200)
[execution_aware] iter 38/50 [ERR] reward=    -inf  decay_linear(cs_rank(-1 * stddev(delta(close, 1), 252)), 300)
[execution_aware] iter 39/50 [OK ] reward=  0.0325  decay_linear(cs_rank(-1 * stddev(delta(close, 1), 252)), 200)
[execution_aware] iter 40/50 [ERR] reward=    -inf  decay_linear(cs_rank(-1 * stddev(delta(close, 1), 252)), 500)
[execution_aware] iter 41/50 [OK ] reward=  0.0529  decay_linear(cs_rank(-1 * stddev(delta(close, 1), 252)), 252)
[execution_aware] iter 42/50 [ERR] reward=    -inf  decay_linear(cs_rank(-1 * stddev(delta(close, 1), 252)), 500)
[execution_aware] iter 43/50 [OK ] reward=  0.0325  decay_linear(cs_rank(-1 * stddev(delta(close, 1), 252)), 200)
[execution_aware] iter 44/50 [ERR] reward=    -inf  decay_linear(cs_rank(-1 * stddev(delta(close, 1), 252)), 300)
[execution_aware] iter 45/50 [OK ] reward=  0.0257  decay_linear(cs_rank(-1 * stddev(delta(close, 1), 200)), 252)
[execution_aware] iter 46/50 [ERR] reward=    -inf  decay_linear(cs_rank(-1 * stddev(delta(close, 1), 300)), 300)
[execution_aware] iter 47/50 [OK ] reward= -0.0059  decay_linear(cs_rank(-1 * stddev(delta(close, 1), 200)), 200)
[execution_aware] iter 48/50 [ERR] reward=    -inf  decay_linear(cs_rank(-1 * stddev(delta(close, 1), 252)), 500)
[execution_aware] iter 49/50 [OK ] reward= -0.0002  decay_linear(cs_rank(-1 * stddev(delta(close, 1), 252)), 150)
[execution_aware] iter 50/50 [ERR] reward=    -inf  decay_linear(cs_rank(-1 * stddev(delta(close, 1), 252)), 300)
[wfo:execution_aware] fold 20 winner: decay_linear(cs_rank(-1 * stddev(delta(close, 1), 252)), 252)
[wfo:execution_aware] fold 20 OOS: Gross_IR=1.131 Turnover=4.94 Net_IR=0.966
[gamma_sweep] checkpointed gamma_sweep_summary.csv (2 rows)

==============================================================================
turnover_only_g1_0.5_g2_0.0
==============================================================================
[LocalQwenClient] seed=1001 main_gpu=0
[wfo:execution_aware] fold 0: train 2001-01-01..2005-12-31 -> test 2006-01-01..2006-12-31
[execution_aware] iter  0/50 [SEED] reward= -8.3135  rank(-1 * stddev(delta(close, 1), 20))
[execution_aware] iter  1/50 [OK ] reward= -1.7927  decay_linear(rank(-1 * stddev(delta(close, 1), 20)), 60)
[execution_aware] iter  2/50 [OK ] reward= -1.4706  decay_linear(rank(-1 * stddev(delta(close, 1), 20)), 120)
[execution_aware] iter  3/50 [OK ] reward= -1.4112  decay_linear(rank(-1 * stddev(delta(close, 1), 20)), 240)
[execution_aware] iter  4/50 [ERR] reward=    -inf  decay_linear(rank(-1 * stddev(delta(close, 1), 20)), 360)
[execution_aware] iter  5/50 [OK ] reward= -1.4112  decay_linear(cs_rank(-1 * stddev(delta(close, 1), 20)), 240)
[execution_aware] iter  6/50 [ERR] reward=    -inf  decay_linear(cs_rank(-1 * stddev(delta(close, 1), 20)), 500)
[execution_aware] iter  7/50 [OK ] reward= -1.4112  decay_linear(cs_rank(-1 * stddev(delta(close, 1), 20)), 240)
[execution_aware] iter  8/50 [ERR] reward=    -inf  decay_linear(cs_rank(-1 * stddev(delta(close, 1), 20)), 500)
[execution_aware] iter  9/50 [OK ] reward= -1.4112  decay_linear(cs_rank(-1 * stddev(delta(close, 1), 20)), 240)
[execution_aware] iter 10/50 [ERR] reward=    -inf  decay_linear(cs_rank(-1 * stddev(delta(close, 1), 20)), 480)
[execution_aware] iter 11/50 [OK ] reward= -1.4112  decay_linear(cs_rank(-1 * stddev(delta(close, 1), 20)), 240)
[execution_aware] iter 12/50 [ERR] reward=    -inf  decay_linear(cs_rank(-1 * stddev(delta(close, 1), 20)), 360)
[execution_aware] iter 13/50 [OK ] reward= -1.4112  decay_linear(cs_rank(-1 * stddev(delta(close, 1), 20)), 240)
[execution_aware] iter 14/50 [ERR] reward=    -inf  decay_linear(cs_rank(-1 * stddev(delta(close, 1), 20)), 480)
[execution_aware] iter 15/50 [OK ] reward= -1.4112  decay_linear(cs_rank(-1 * stddev(delta(close, 1), 20)), 240)
[execution_aware] iter 16/50 [ERR] reward=    -inf  decay_linear(cs_rank(-1 * stddev(delta(close, 1), 20)), 360)
[execution_aware] iter 17/50 [OK ] reward= -1.4112  decay_linear(cs_rank(-1 * stddev(delta(close, 1), 20)), 240)
[execution_aware] iter 18/50 [ERR] reward=    -inf  decay_linear(cs_rank(-1 * stddev(delta(close, 1), 40)), 360)
[execution_aware] iter 19/50 [OK ] reward= -1.4112  decay_linear(cs_rank(-1 * stddev(delta(close, 1), 20)), 240)
[execution_aware] iter 20/50 [ERR] reward=    -inf  decay_linear(cs_rank(-1 * stddev(delta(close, 1), 20)), 500)
[execution_aware] iter 21/50 [OK ] reward= -1.4112  decay_linear(cs_rank(-1 * stddev(delta(close, 1), 20)), 240)
[execution_aware] iter 22/50 [ERR] reward=    -inf  decay_linear(cs_rank(-1 * stddev(delta(close, 1), 20)), 360)
[execution_aware] iter 23/50 [OK ] reward= -1.4112  decay_linear(cs_rank(-1 * stddev(delta(close, 1), 20)), 240)
[execution_aware] iter 24/50 [ERR] reward=    -inf  decay_linear(cs_rank(-1 * stddev(delta(close, 1), 20)), 360)
[execution_aware] iter 25/50 [OK ] reward= -1.4117  decay_linear(cs_rank(-1 * stddev(delta(close, 1), 20)), 180)
[execution_aware] iter 26/50 [ERR] reward=    -inf  decay_linear(cs_rank(-1 * stddev(delta(close, 1), 20)), 360)
[execution_aware] iter 27/50 [OK ] reward= -1.4112  decay_linear(cs_rank(-1 * stddev(delta(close, 1), 20)), 240)
[execution_aware] iter 28/50 [ERR] reward=    -inf  decay_linear(cs_rank(-1 * stddev(delta(close, 1), 20)), 500)
[execution_aware] iter 29/50 [OK ] reward= -1.4112  decay_linear(cs_rank(-1 * stddev(delta(close, 1), 20)), 240)
[execution_aware] iter 30/50 [ERR] reward=    -inf  decay_linear(cs_rank(-1 * stddev(delta(close, 1), 30)), 360)
[execution_aware] iter 31/50 [OK ] reward= -1.4112  decay_linear(cs_rank(-1 * stddev(delta(close, 1), 20)), 240)
[execution_aware] iter 32/50 [ERR] reward=    -inf  decay_linear(cs_rank(-1 * stddev(delta(close, 1), 20)), 480)
[execution_aware] iter 33/50 [OK ] reward= -1.4112  decay_linear(cs_rank(-1 * stddev(delta(close, 1), 20)), 240)
[execution_aware] iter 34/50 [ERR] reward=    -inf  decay_linear(cs_rank(-1 * stddev(delta(close, 1), 20)), 500)
[execution_aware] iter 35/50 [OK ] reward= -1.4112  decay_linear(cs_rank(-1 * stddev(delta(close, 1), 20)), 240)
[execution_aware] iter 36/50 [ERR] reward=    -inf  decay_linear(cs_rank(-1 * stddev(delta(close, 1), 20)), 360)
[execution_aware] iter 37/50 [OK ] reward= -1.4112  decay_linear(cs_rank(-1 * stddev(delta(close, 1), 20)), 240)
[execution_aware] iter 38/50 [ERR] reward=    -inf  decay_linear(cs_rank(-1 * stddev(delta(close, 1), 20)), 480)
[execution_aware] iter 39/50 [OK ] reward= -1.4112  decay_linear(cs_rank(-1 * stddev(delta(close, 1), 20)), 240)
[execution_aware] iter 40/50 [ERR] reward=    -inf  decay_linear(cs_rank(-1 * stddev(delta(close, 1), 20)), 360)
[execution_aware] iter 41/50 [OK ] reward= -1.4112  decay_linear(cs_rank(-1 * stddev(delta(close, 1), 20)), 240)
[execution_aware] iter 42/50 [ERR] reward=    -inf  decay_linear(cs_rank(-1 * stddev(delta(close, 1), 20)), 360)
[execution_aware] iter 43/50 [OK ] reward= -1.4112  decay_linear(cs_rank(-1 * stddev(delta(close, 1), 20)), 240)
[execution_aware] iter 44/50 [ERR] reward=    -inf  decay_linear(cs_rank(-1 * stddev(delta(close, 1), 40)), 360)
[execution_aware] iter 45/50 [OK ] reward= -1.4112  decay_linear(cs_rank(-1 * stddev(delta(close, 1), 20)), 240)
[execution_aware] iter 46/50 [ERR] reward=    -inf  decay_linear(cs_rank(-1 * stddev(delta(close, 1), 20)), 360)
[execution_aware] iter 47/50 [OK ] reward= -1.4112  decay_linear(cs_rank(-1 * stddev(delta(close, 1), 20)), 240)
[execution_aware] iter 48/50 [ERR] reward=    -inf  decay_linear(cs_rank(-1 * stddev(delta(close, 1), 20)), 480)
[execution_aware] iter 49/50 [OK ] reward= -1.4112  decay_linear(cs_rank(-1 * stddev(delta(close, 1), 20)), 240)
[execution_aware] iter 50/50 [ERR] reward=    -inf  decay_linear(cs_rank(-1 * stddev(delta(close, 1), 30)), 360)
[wfo:execution_aware] fold 0 winner: decay_linear(rank(-1 * stddev(delta(close, 1), 20)), 240)
[wfo:execution_aware] fold 0 OOS: Gross_IR=1.257 Turnover=3.44 Net_IR=1.089
[wfo:execution_aware] fold 1: train 2002-01-01..2006-12-31 -> test 2007-01-01..2007-12-31
[execution_aware] iter  0/50 [SEED] reward= -7.9244  rank(-1 * stddev(delta(close, 1), 20))
[execution_aware] iter  1/50 [OK ] reward= -1.1703  decay_linear(rank(-1 * stddev(delta(close, 1), 20)), 60)
[execution_aware] iter  2/50 [OK ] reward= -0.7562  decay_linear(rank(-1 * stddev(delta(close, 1), 20)), 120)
[execution_aware] iter  3/50 [OK ] reward= -0.6092  decay_linear(rank(-1 * stddev(delta(close, 1), 20)), 240)
[execution_aware] iter  4/50 [ERR] reward=    -inf  decay_linear(rank(-1 * stddev(delta(close, 1), 20)), 480)
[execution_aware] iter  5/50 [OK ] reward=-20.0427  decay_linear(rank(-1 * stddev(delta(close, 1), 20)), 240) * cs_rank(volume)
[execution_aware] iter  6/50 [ERR] reward=    -inf  decay_linear(cs_rank(-1 * stddev(delta(close, 1), 20)), 500) * cs_rank(volume)
[execution_aware] iter  7/50 [OK ] reward=-20.0427  decay_linear(cs_rank(-1 * stddev(delta(close, 1), 20)), 240) * cs_rank(volume)
[execution_aware] iter  8/50 [ERR] reward=    -inf  decay_linear(cs_rank(-1 * stddev(delta(close, 1), 20)), 500) * cs_rank(volume)
[execution_aware] iter  9/50 [OK ] reward=-20.0427  decay_linear(cs_rank(-1 * stddev(delta(close, 1), 20)), 240) * cs_rank(volume)
[execution_aware] iter 10/50 [ERR] reward=    -inf  decay_linear(cs_rank(-1 * stddev(delta(close, 1), 20)), 480) * cs_rank(volume)
[execution_aware] iter 11/50 [OK ] reward=-20.0427  decay_linear(cs_rank(-1 * stddev(delta(close, 1), 20)), 240) * cs_rank(volume)
[execution_aware] iter 12/50 [ERR] reward=    -inf  decay_linear(cs_rank(-1 * stddev(delta(close, 1), 20)), 480) * cs_rank(volume)
[execution_aware] iter 13/50 [OK ] reward=-20.0427  decay_linear(cs_rank(-1 * stddev(delta(close, 1), 20)), 240) * cs_rank(volume)
[execution_aware] iter 14/50 [ERR] reward=    -inf  decay_linear(cs_rank(-1 * stddev(delta(close, 1), 20)), 500) * cs_rank(volume)
[execution_aware] iter 15/50 [OK ] reward=-35.3117  decay_linear(ts_rank(-1 * stddev(delta(close, 1), 20), 240), 120) * cs_rank(volume)
[execution_aware] iter 16/50 [ERR] reward=    -inf  decay_linear(ts_rank(-1 * stddev(delta(close, 1), 20), 240), 480) * cs_rank(volume)
[execution_aware] iter 17/50 [OK ] reward=-20.0427  decay_linear(cs_rank(-1 * stddev(delta(close, 1), 20)), 240) * cs_rank(volume)
[execution_aware] iter 18/50 [ERR] reward=    -inf  decay_linear(cs_rank(-1 * stddev(delta(close, 1), 20)), 480) * cs_rank(volume)
[execution_aware] iter 19/50 [OK ] reward=-20.0427  decay_linear(cs_rank(-1 * stddev(delta(close, 1), 20)), 240) * cs_rank(volume)
[execution_aware] iter 20/50 [ERR] reward=    -inf  decay_linear(cs_rank(-1 * stddev(delta(close, 1), 20)), 500) * cs_rank(volume)
[execution_aware] iter 21/50 [OK ] reward=-35.3117  decay_linear(ts_rank(-1 * stddev(delta(close, 1), 20), 240), 120) * cs_rank(volume)
[execution_aware] iter 22/50 [ERR] reward=    -inf  decay_linear(rank(-1 * stddev(delta(close, 1), 20)), 360)
[execution_aware] iter 23/50 [OK ] reward= -0.6092  decay_linear(rank(-1 * stddev(delta(close, 1), 20)), 240)
[execution_aware] iter 24/50 [ERR] reward=    -inf  decay_linear(rank(-1 * stddev(delta(close, 1), 20)), 500)
[execution_aware] iter 25/50 [OK ] reward= -0.6092  decay_linear(cs_rank(-1 * stddev(delta(close, 1), 20)), 240)
[execution_aware] iter 26/50 [ERR] reward=    -inf  decay_linear(rank(-1 * stddev(delta(close, 1), 20)), 360)
[execution_aware] iter 27/50 [OK ] reward= -4.2697  decay_linear(ts_rank(rank(-1 * stddev(delta(close, 1), 20)), 240), 120)
[execution_aware] iter 28/50 [OK ] reward= -3.3054  decay_linear(ts_rank(rank(-1 * stddev(delta(close, 1), 20)), 240), 240)
[execution_aware] iter 29/50 [ERR] reward=    -inf  decay_linear(ts_rank(-1 * stddev(delta(close, 1), 20), 240), 480)
[execution_aware] iter 30/50 [OK ] reward= -0.6092  decay_linear(cs_rank(-1 * stddev(delta(close, 1), 20)), 240)
[execution_aware] iter 31/50 [ERR] reward=    -inf  decay_linear(cs_rank(-1 * stddev(delta(close, 1), 20)), 360)
[execution_aware] iter 32/50 [OK ] reward= -0.6092  decay_linear(cs_rank(-1 * stddev(delta(close, 1), 20)), 240)
[execution_aware] iter 33/50 [ERR] reward=    -inf  decay_linear(cs_rank(-1 * stddev(delta(close, 1), 20)), 480)
[execution_aware] iter 34/50 [OK ] reward= -0.6092  decay_linear(cs_rank(-1 * stddev(delta(close, 1), 20)), 240)
[execution_aware] iter 35/50 [ERR] reward=    -inf  decay_linear(cs_rank(-1 * stddev(delta(close, 1), 20)), 360)
[execution_aware] iter 36/50 [OK ] reward= -4.3467  decay_linear(ts_rank(-1 * stddev(delta(close, 1), 20), 120), 240)
[execution_aware] iter 37/50 [ERR] reward=    -inf  decay_linear(rank(-1 * stddev(delta(close, 1), 20)), 480)
[execution_aware] iter 38/50 [OK ] reward= -0.7562  decay_linear(rank(-1 * stddev(delta(close, 1), 20)), 120)
[execution_aware] iter 39/50 [ERR] reward=    -inf  decay_linear(cs_rank(-1 * stddev(delta(close, 1), 20)), 360)
[execution_aware] iter 40/50 [OK ] reward= -0.6092  decay_linear(cs_rank(-1 * stddev(delta(close, 1), 20)), 240)
[execution_aware] iter 41/50 [ERR] reward=    -inf  decay_linear(cs_rank(-1 * stddev(delta(close, 1), 20)), 360)
[execution_aware] iter 42/50 [OK ] reward= -0.6092  decay_linear(cs_rank(-1 * stddev(delta(close, 1), 20)), 240)
[execution_aware] iter 43/50 [ERR] reward=    -inf  decay_linear(cs_rank(-1 * stddev(delta(close, 1), 20)), 500)
[execution_aware] iter 44/50 [OK ] reward= -3.3963  decay_linear(ts_rank(-1 * stddev(delta(close, 1), 20), 240), 240)
[execution_aware] iter 45/50 [ERR] reward=    -inf  decay_linear(cs_rank(-1 * stddev(delta(close, 1), 20)), 480)
[execution_aware] iter 46/50 [OK ] reward= -0.6092  decay_linear(cs_rank(-1 * stddev(delta(close, 1), 20)), 240)
[execution_aware] iter 47/50 [ERR] reward=    -inf  decay_linear(cs_rank(-1 * stddev(delta(close, 1), 30)), 360)
[execution_aware] iter 48/50 [OK ] reward= -0.6092  decay_linear(cs_rank(-1 * stddev(delta(close, 1), 20)), 240)
[execution_aware] iter 49/50 [ERR] reward=    -inf  decay_linear(cs_rank(-1 * stddev(delta(close, 1), 20)), 365)
[execution_aware] iter 50/50 [OK ] reward= -0.6092  decay_linear(cs_rank(-1 * stddev(delta(close, 1), 20)), 240)
[wfo:execution_aware] fold 1 winner: decay_linear(rank(-1 * stddev(delta(close, 1), 20)), 240)
[wfo:execution_aware] fold 1 OOS: Gross_IR=1.080 Turnover=3.31 Net_IR=0.919
[wfo:execution_aware] fold 2: train 2003-01-01..2007-12-31 -> test 2008-01-01..2008-12-31
[execution_aware] iter  0/50 [SEED] reward= -7.9889  rank(-1 * stddev(delta(close, 1), 20))
[execution_aware] iter  1/50 [OK ] reward= -0.5919  decay_linear(rank(-1 * stddev(delta(close, 1), 20)), 252)
[execution_aware] iter  2/50 [ERR] reward=    -inf  decay_linear(rank(-1 * stddev(delta(close, 1), 20)), 500)
[execution_aware] iter  3/50 [OK ] reward= -0.5919  decay_linear(rank(-1 * stddev(delta(close, 1), 20)), 252)
[execution_aware] iter  4/50 [ERR] reward=    -inf  decay_linear(rank(-1 * stddev(delta(close, 1), 20)), 500)
[execution_aware] iter  5/50 [OK ] reward= -2.8379  decay_linear(ts_rank(-1 * stddev(delta(close, 1), 20), 252), 252)
[execution_aware] iter  6/50 [ERR] reward=    -inf  decay_linear(cs_rank(-1 * stddev(delta(close, 1), 20)), 504)
[execution_aware] iter  7/50 [OK ] reward= -0.5919  decay_linear(cs_rank(-1 * stddev(delta(close, 1), 20)), 252)
[execution_aware] iter  8/50 [ERR] reward=    -inf  decay_linear(cs_rank(-1 * stddev(delta(close, 1), 30)), 500)
[execution_aware] iter  9/50 [OK ] reward= -0.5919  decay_linear(cs_rank(-1 * stddev(delta(close, 1), 20)), 252)
[execution_aware] iter 10/50 [ERR] reward=    -inf  decay_linear(cs_rank(-1 * stddev(delta(close, 1), 20)), 500)
[execution_aware] iter 11/50 [OK ] reward= -0.5919  decay_linear(cs_rank(-1 * stddev(delta(close, 1), 20)), 252)
[execution_aware] iter 12/50 [ERR] reward=    -inf  decay_linear(cs_rank(-1 * stddev(delta(close, 1), 20)), 500)
[execution_aware] iter 13/50 [OK ] reward= -0.5919  decay_linear(cs_rank(-1 * stddev(delta(close, 1), 20)), 252)
[execution_aware] iter 14/50 [ERR] reward=    -inf  decay_linear(cs_rank(-1 * stddev(delta(close, 1), 20)), 500)
[execution_aware] iter 15/50 [OK ] reward= -0.5919  decay_linear(cs_rank(-1 * stddev(delta(close, 1), 20)), 252)
[execution_aware] iter 16/50 [ERR] reward=    -inf  decay_linear(cs_rank(-1 * stddev(delta(close, 1), 20)), 500)
[execution_aware] iter 17/50 [OK ] reward= -0.5919  decay_linear(cs_rank(-1 * stddev(delta(close, 1), 20)), 252)
[execution_aware] iter 18/50 [ERR] reward=    -inf  decay_linear(cs_rank(-1 * stddev(delta(close, 1), 20)), 500)
[execution_aware] iter 19/50 [OK ] reward= -8.7002  decay_linear(ts_rank(-1 * stddev(delta(close, 1), 20), 20), 252)
[execution_aware] iter 20/50 [ERR] reward=    -inf  decay_linear(ts_rank(-1 * stddev(delta(close, 1), 20), 20), 500)
[execution_aware] iter 21/50 [OK ] reward= -0.5919  decay_linear(cs_rank(-1 * stddev(delta(close, 1), 20)), 252)
[execution_aware] iter 22/50 [ERR] reward=    -inf  decay_linear(cs_rank(-1 * stddev(delta(close, 1), 20)), 504)
[execution_aware] iter 23/50 [OK ] reward= -0.5919  decay_linear(cs_rank(-1 * stddev(delta(close, 1), 20)), 252)
[execution_aware] iter 24/50 [ERR] reward=    -inf  decay_linear(cs_rank(-1 * stddev(delta(close, 1), 20)), 500)
[execution_aware] iter 25/50 [OK ] reward= -0.5919  decay_linear(cs_rank(-1 * stddev(delta(close, 1), 20)), 252)
[execution_aware] iter 26/50 [ERR] reward=    -inf  decay_linear(cs_rank(-1 * stddev(delta(close, 1), 20)), 500)
[execution_aware] iter 27/50 [OK ] reward= -0.5919  decay_linear(cs_rank(-1 * stddev(delta(close, 1), 20)), 252)
[execution_aware] iter 28/50 [ERR] reward=    -inf  decay_linear(cs_rank(-1 * stddev(delta(close, 1), 20)), 500)
[execution_aware] iter 29/50 [OK ] reward= -0.5919  decay_linear(cs_rank(-1 * stddev(delta(close, 1), 20)), 252)
[execution_aware] iter 30/50 [ERR] reward=    -inf  decay_linear(cs_rank(-1 * stddev(delta(close, 1), 20)), 500)
[execution_aware] iter 31/50 [OK ] reward= -0.5919  decay_linear(cs_rank(-1 * stddev(delta(close, 1), 20)), 252)
[execution_aware] iter 32/50 [ERR] reward=    -inf  decay_linear(cs_rank(-1 * stddev(delta(close, 1), 20)), 500)
[execution_aware] iter 33/50 [OK ] reward= -0.5919  decay_linear(cs_rank(-1 * stddev(delta(close, 1), 20)), 252)
[execution_aware] iter 34/50 [ERR] reward=    -inf  decay_linear(cs_rank(-1 * stddev(delta(close, 1), 20)), 500)
[execution_aware] iter 35/50 [OK ] reward= -0.5919  decay_linear(cs_rank(-1 * stddev(delta(close, 1), 20)), 252)
[execution_aware] iter 36/50 [ERR] reward=    -inf  decay_linear(cs_rank(-1 * stddev(delta(close, 1), 20)), 500)
[execution_aware] iter 37/50 [OK ] reward= -0.5919  decay_linear(cs_rank(-1 * stddev(delta(close, 1), 20)), 252)
[execution_aware] iter 38/50 [ERR] reward=    -inf  decay_linear(cs_rank(-1 * stddev(delta(close, 1), 20)), 500)
[execution_aware] iter 39/50 [OK ] reward= -0.5919  decay_linear(cs_rank(-1 * stddev(delta(close, 1), 20)), 252)
[execution_aware] iter 40/50 [ERR] reward=    -inf  decay_linear(rank(-1 * stddev(delta(close, 1), 20)), 500)
[execution_aware] iter 41/50 [OK ] reward= -8.8161  decay_linear(cs_rank(-1 * zscore(stddev(delta(close, 1), 20), 20)), 252)
[execution_aware] iter 42/50 [ERR] reward=    -inf  decay_linear(cs_rank(-1 * stddev(delta(close, 1), 20)), 500)
[execution_aware] iter 43/50 [OK ] reward= -0.5919  decay_linear(cs_rank(-1 * stddev(delta(close, 1), 20)), 252)
[execution_aware] iter 44/50 [ERR] reward=    -inf  decay_linear(cs_rank(-1 * stddev(delta(close, 1), 20)), 500)
[execution_aware] iter 45/50 [OK ] reward= -0.5919  decay_linear(cs_rank(-1 * stddev(delta(close, 1), 20)), 252)
[execution_aware] iter 46/50 [ERR] reward=    -inf  decay_linear(cs_rank(-1 * stddev(delta(close, 1), 20)), 500)
[execution_aware] iter 47/50 [OK ] reward= -0.5919  decay_linear(cs_rank(-1 * stddev(delta(close, 1), 20)), 252)
[execution_aware] iter 48/50 [ERR] reward=    -inf  decay_linear(cs_rank(-1 * stddev(delta(close, 1), 20)), 500)
[execution_aware] iter 49/50 [OK ] reward= -0.5919  decay_linear(cs_rank(-1 * stddev(delta(close, 1), 20)), 252)
[execution_aware] iter 50/50 [ERR] reward=    -inf  decay_linear(cs_rank(-1 * stddev(delta(close, 1), 20)), 500)
[wfo:execution_aware] fold 2 winner: decay_linear(rank(-1 * stddev(delta(close, 1), 20)), 252)
[wfo:execution_aware] fold 2 OOS: Gross_IR=1.019 Turnover=6.46 Net_IR=0.882
[wfo:execution_aware] fold 3: train 2004-01-01..2008-12-31 -> test 2009-01-01..2009-12-31
[execution_aware] iter  0/50 [SEED] reward= -8.2429  rank(-1 * stddev(delta(close, 1), 20))
[execution_aware] iter  1/50 [OK ] reward= -1.7692  decay_linear(rank(-1 * stddev(delta(close, 1), 20)), 60)
[execution_aware] iter  2/50 [OK ] reward= -1.3780  decay_linear(rank(-1 * stddev(delta(close, 1), 20)), 120)
[execution_aware] iter  3/50 [OK ] reward= -1.1759  decay_linear(rank(-1 * stddev(delta(close, 1), 20)), 240)
[execution_aware] iter  4/50 [ERR] reward=    -inf  decay_linear(rank(-1 * stddev(delta(close, 1), 20)), 500)
[execution_aware] iter  5/50 [OK ] reward= -1.1759  decay_linear(rank(-1 * stddev(delta(close, 1), 20)), 240)
[execution_aware] iter  6/50 [ERR] reward=    -inf  decay_linear(rank(-1 * stddev(delta(close, 1), 20)), 480)
[execution_aware] iter  7/50 [OK ] reward= -1.1759  decay_linear(cs_rank(-1 * stddev(delta(close, 1), 20)), 240)
[execution_aware] iter  8/50 [ERR] reward=    -inf  decay_linear(cs_rank(-1 * stddev(delta(close, 1), 40)), 360)
[execution_aware] iter  9/50 [OK ] reward= -1.1759  decay_linear(cs_rank(-1 * stddev(delta(close, 1), 20)), 240)
[execution_aware] iter 10/50 [ERR] reward=    -inf  decay_linear(cs_rank(-1 * stddev(delta(close, 1), 20)), 360)
[execution_aware] iter 11/50 [OK ] reward= -1.1759  decay_linear(cs_rank(-1 * stddev(delta(close, 1), 20)), 240)
[execution_aware] iter 12/50 [ERR] reward=    -inf  decay_linear(cs_rank(-1 * stddev(delta(close, 1), 20)), 500)
[execution_aware] iter 13/50 [OK ] reward= -1.1759  decay_linear(cs_rank(-1 * stddev(delta(close, 1), 20)), 240)
[execution_aware] iter 14/50 [ERR] reward=    -inf  decay_linear(cs_rank(-1 * stddev(delta(close, 1), 20)), 500)
[execution_aware] iter 15/50 [OK ] reward= -1.1759  decay_linear(cs_rank(-1 * stddev(delta(close, 1), 20)), 240)
[execution_aware] iter 16/50 [ERR] reward=    -inf  decay_linear(cs_rank(-1 * stddev(delta(close, 1), 40)), 360)
[execution_aware] iter 17/50 [OK ] reward= -1.1759  decay_linear(cs_rank(-1 * stddev(delta(close, 1), 20)), 240)
[execution_aware] iter 18/50 [ERR] reward=    -inf  decay_linear(cs_rank(-1 * stddev(delta(close, 1), 20)), 500)
[execution_aware] iter 19/50 [OK ] reward= -1.1759  decay_linear(cs_rank(-1 * stddev(delta(close, 1), 20)), 240)
[execution_aware] iter 20/50 [ERR] reward=    -inf  decay_linear(cs_rank(-1 * stddev(delta(close, 1), 20)), 360)
[execution_aware] iter 21/50 [OK ] reward= -1.1759  decay_linear(cs_rank(-1 * stddev(delta(close, 1), 20)), 240)
[execution_aware] iter 22/50 [ERR] reward=    -inf  decay_linear(cs_rank(-1 * stddev(delta(close, 1), 20)), 360)
[execution_aware] iter 23/50 [OK ] reward= -1.1759  decay_linear(cs_rank(-1 * stddev(delta(close, 1), 20)), 240)
[execution_aware] iter 24/50 [ERR] reward=    -inf  decay_linear(cs_rank(-1 * stddev(delta(close, 1), 20)), 500)
[execution_aware] iter 25/50 [OK ] reward= -1.1759  decay_linear(cs_rank(-1 * stddev(delta(close, 1), 20)), 240)
[execution_aware] iter 26/50 [ERR] reward=    -inf  decay_linear(cs_rank(-1 * stddev(delta(close, 1), 30)), 480)
[execution_aware] iter 27/50 [OK ] reward= -1.1759  decay_linear(cs_rank(-1 * stddev(delta(close, 1), 20)), 240)
[execution_aware] iter 28/50 [ERR] reward=    -inf  decay_linear(cs_rank(-1 * stddev(delta(close, 1), 20)), 500)
[execution_aware] iter 29/50 [OK ] reward= -1.1759  decay_linear(cs_rank(-1 * stddev(delta(close, 1), 20)), 240)
[execution_aware] iter 30/50 [ERR] reward=    -inf  decay_linear(cs_rank(-1 * stddev(delta(close, 1), 20)), 500)
[execution_aware] iter 31/50 [OK ] reward= -1.1759  decay_linear(cs_rank(-1 * stddev(delta(close, 1), 20)), 240)
[execution_aware] iter 32/50 [ERR] reward=    -inf  decay_linear(cs_rank(-1 * stddev(delta(close, 1), 20)), 480)
[execution_aware] iter 33/50 [OK ] reward= -1.1759  decay_linear(cs_rank(-1 * stddev(delta(close, 1), 20)), 240)
[execution_aware] iter 34/50 [ERR] reward=    -inf  decay_linear(cs_rank(-1 * stddev(delta(close, 1), 20)), 360)
[execution_aware] iter 35/50 [OK ] reward= -1.1759  decay_linear(cs_rank(-1 * stddev(delta(close, 1), 20)), 240)
[execution_aware] iter 36/50 [ERR] reward=    -inf  decay_linear(cs_rank(-1 * stddev(delta(close, 1), 20)), 500)
[execution_aware] iter 37/50 [OK ] reward= -1.1759  decay_linear(cs_rank(-1 * stddev(delta(close, 1), 20)), 240)
[execution_aware] iter 38/50 [ERR] reward=    -inf  decay_linear(cs_rank(-1 * stddev(delta(close, 1), 20)), 360)
[execution_aware] iter 39/50 [OK ] reward= -1.1759  decay_linear(cs_rank(-1 * stddev(delta(close, 1), 20)), 240)
[execution_aware] iter 40/50 [ERR] reward=    -inf  decay_linear(cs_rank(-1 * stddev(delta(close, 1), 30)), 360)
[execution_aware] iter 41/50 [OK ] reward= -1.1759  decay_linear(cs_rank(-1 * stddev(delta(close, 1), 20)), 240)
[execution_aware] iter 42/50 [ERR] reward=    -inf  decay_linear(cs_rank(-1 * stddev(delta(close, 1), 20)), 480)
[execution_aware] iter 43/50 [OK ] reward= -1.1759  decay_linear(cs_rank(-1 * stddev(delta(close, 1), 20)), 240)
[execution_aware] iter 44/50 [ERR] reward=    -inf  decay_linear(cs_rank(-1 * stddev(delta(close, 1), 40)), 360)
[execution_aware] iter 45/50 [OK ] reward= -1.1759  decay_linear(cs_rank(-1 * stddev(delta(close, 1), 20)), 240)
[execution_aware] iter 46/50 [ERR] reward=    -inf  decay_linear(cs_rank(-1 * stddev(delta(close, 1), 40)), 480)
[execution_aware] iter 47/50 [OK ] reward= -1.1759  decay_linear(cs_rank(-1 * stddev(delta(close, 1), 20)), 240)
[execution_aware] iter 48/50 [ERR] reward=    -inf  decay_linear(cs_rank(-1 * stddev(delta(close, 1), 20)), 500)
[execution_aware] iter 49/50 [OK ] reward= -1.1759  decay_linear(cs_rank(-1 * stddev(delta(close, 1), 20)), 240)
[execution_aware] iter 50/50 [ERR] reward=    -inf  decay_linear(cs_rank(-1 * stddev(delta(close, 1), 20)), 360)
[wfo:execution_aware] fold 3 winner: decay_linear(rank(-1 * stddev(delta(close, 1), 20)), 240)
[wfo:execution_aware] fold 3 OOS: Gross_IR=0.363 Turnover=5.03 Net_IR=0.211
[wfo:execution_aware] fold 4: train 2005-01-01..2009-12-31 -> test 2010-01-01..2010-12-31
[execution_aware] iter  0/50 [SEED] reward= -8.0383  rank(-1 * stddev(delta(close, 1), 20))
[execution_aware] iter  1/50 [OK ] reward= -1.7411  decay_linear(rank(-1 * stddev(delta(close, 1), 20)), 100)
[execution_aware] iter  2/50 [OK ] reward= -1.5637  decay_linear(rank(-1 * stddev(delta(close, 1), 20)), 200)
[execution_aware] iter  3/50 [ERR] reward=    -inf  decay_linear(cs_rank(-1 * stddev(delta(close, 1), 20)), 400)
[execution_aware] iter  4/50 [OK ] reward= -1.5637  decay_linear(cs_rank(-1 * stddev(delta(close, 1), 20)), 200)
[execution_aware] iter  5/50 [ERR] reward=    -inf  decay_linear(cs_rank(-1 * stddev(delta(close, 1), 20)), 400)
[execution_aware] iter  6/50 [OK ] reward= -1.5637  decay_linear(cs_rank(-1 * stddev(delta(close, 1), 20)), 200)
[execution_aware] iter  7/50 [ERR] reward=    -inf  decay_linear(cs_rank(-1 * stddev(delta(close, 1), 20)), 400)
[execution_aware] iter  8/50 [OK ] reward= -1.5637  decay_linear(cs_rank(-1 * stddev(delta(close, 1), 20)), 200)
[execution_aware] iter  9/50 [ERR] reward=    -inf  decay_linear(cs_rank(-1 * stddev(delta(close, 1), 20)), 500)
[execution_aware] iter 10/50 [OK ] reward= -1.5637  decay_linear(cs_rank(-1 * stddev(delta(close, 1), 20)), 200)
[execution_aware] iter 11/50 [ERR] reward=    -inf  decay_linear(cs_rank(-1 * stddev(delta(close, 1), 30)), 400)
[execution_aware] iter 12/50 [OK ] reward= -1.5637  decay_linear(cs_rank(-1 * stddev(delta(close, 1), 20)), 200)
[execution_aware] iter 13/50 [ERR] reward=    -inf  decay_linear(cs_rank(-1 * stddev(delta(close, 1), 20)), 500)
[execution_aware] iter 14/50 [OK ] reward= -1.5637  decay_linear(cs_rank(-1 * stddev(delta(close, 1), 20)), 200)
[execution_aware] iter 15/50 [ERR] reward=    -inf  decay_linear(cs_rank(-1 * stddev(delta(close, 1), 20)), 500)
[execution_aware] iter 16/50 [OK ] reward= -1.5289  decay_linear(cs_rank(-1 * stddev(delta(close, 1), 20)), 252)
[execution_aware] iter 17/50 [ERR] reward=    -inf  decay_linear(cs_rank(-1 * stddev(delta(close, 1), 50)), 500)
[execution_aware] iter 18/50 [OK ] reward= -1.5077  decay_linear(cs_rank(-1 * stddev(delta(close, 1), 50)), 252)
[execution_aware] iter 19/50 [ERR] reward=    -inf  decay_linear(cs_rank(-1 * stddev(delta(close, 1), 100)), 500)
[execution_aware] iter 20/50 [OK ] reward= -1.4670  decay_linear(cs_rank(-1 * stddev(delta(close, 1), 200)), 252)
[execution_aware] iter 21/50 [ERR] reward=    -inf  decay_linear(cs_rank(-1 * stddev(delta(close, 1), 200)), 500)
[execution_aware] iter 22/50 [OK ] reward= -1.4670  decay_linear(cs_rank(-1 * stddev(delta(close, 1), 200)), 252)
[execution_aware] iter 23/50 [ERR] reward=    -inf  decay_linear(cs_rank(-1 * stddev(delta(close, 1), 200)), 500)
[execution_aware] iter 24/50 [OK ] reward= -1.4670  decay_linear(cs_rank(-1 * stddev(delta(close, 1), 200)), 252)
[execution_aware] iter 25/50 [ERR] reward=    -inf  decay_linear(cs_rank(-1 * stddev(delta(close, 1), 200)), 500)
[execution_aware] iter 26/50 [OK ] reward= -1.5152  decay_linear(cs_rank(-1 * stddev(delta(close, 1), 200)), 100)
[execution_aware] iter 27/50 [ERR] reward=    -inf  decay_linear(cs_rank(-1 * stddev(delta(close, 1), 200)), 500)
[execution_aware] iter 28/50 [OK ] reward= -1.5005  decay_linear(cs_rank(-1 * stddev(delta(close, 1), 100)), 252)
[execution_aware] iter 29/50 [ERR] reward=    -inf  decay_linear(cs_rank(-1 * stddev(delta(close, 1), 200)), 500)
[execution_aware] iter 30/50 [OK ] reward= -1.5005  decay_linear(cs_rank(-1 * stddev(delta(close, 1), 100)), 252)
[execution_aware] iter 31/50 [ERR] reward=    -inf  decay_linear(cs_rank(-1 * stddev(delta(close, 1), 200)), 500)
[execution_aware] iter 32/50 [OK ] reward= -1.5005  decay_linear(cs_rank(-1 * stddev(delta(close, 1), 100)), 252)
[execution_aware] iter 33/50 [ERR] reward=    -inf  decay_linear(cs_rank(-1 * stddev(delta(close, 1), 200)), 500)
[execution_aware] iter 34/50 [OK ] reward= -1.4670  decay_linear(cs_rank(-1 * stddev(delta(close, 1), 200)), 252)
[execution_aware] iter 35/50 [ERR] reward=    -inf  decay_linear(cs_rank(-1 * stddev(delta(close, 1), 200)), 500)
[execution_aware] iter 36/50 [OK ] reward= -1.4670  decay_linear(cs_rank(-1 * stddev(delta(close, 1), 200)), 252)
[execution_aware] iter 37/50 [ERR] reward=    -inf  decay_linear(cs_rank(-1 * stddev(delta(close, 1), 200)), 500)
[execution_aware] iter 38/50 [OK ] reward= -1.4830  decay_linear(cs_rank(-1 * stddev(delta(close, 1), 200)), 200)
[execution_aware] iter 39/50 [ERR] reward=    -inf  decay_linear(cs_rank(-1 * stddev(delta(close, 1), 200)), 500)
[execution_aware] iter 40/50 [OK ] reward= -1.4670  decay_linear(cs_rank(-1 * stddev(delta(close, 1), 200)), 252)
[execution_aware] iter 41/50 [ERR] reward=    -inf  decay_linear(cs_rank(-1 * stddev(delta(close, 1), 200)), 500)
[execution_aware] iter 42/50 [OK ] reward= -1.4670  decay_linear(cs_rank(-1 * stddev(delta(close, 1), 200)), 252)
[execution_aware] iter 43/50 [ERR] reward=    -inf  decay_linear(cs_rank(-1 * stddev(delta(close, 1), 200)), 500)
[execution_aware] iter 44/50 [OK ] reward= -1.4670  decay_linear(cs_rank(-1 * stddev(delta(close, 1), 200)), 252)
[execution_aware] iter 45/50 [ERR] reward=    -inf  decay_linear(cs_rank(-1 * stddev(delta(close, 1), 200)), 500)
[execution_aware] iter 46/50 [OK ] reward= -1.4670  decay_linear(cs_rank(-1 * stddev(delta(close, 1), 200)), 252)
[execution_aware] iter 47/50 [ERR] reward=    -inf  decay_linear(cs_rank(-1 * stddev(delta(close, 1), 200)), 500)
[execution_aware] iter 48/50 [OK ] reward= -1.4830  decay_linear(cs_rank(-1 * stddev(delta(close, 1), 200)), 200)
[execution_aware] iter 49/50 [ERR] reward=    -inf  decay_linear(cs_rank(-1 * stddev(delta(close, 1), 200)), 500)
[execution_aware] iter 50/50 [OK ] reward= -1.4865  decay_linear(cs_rank(-1 * stddev(delta(close, 1), 150)), 252)
[wfo:execution_aware] fold 4 winner: decay_linear(cs_rank(-1 * stddev(delta(close, 1), 200)), 252)
[wfo:execution_aware] fold 4 OOS: Gross_IR=-0.573 Turnover=3.15 Net_IR=-0.719
[wfo:execution_aware] fold 5: train 2006-01-01..2010-12-31 -> test 2011-01-01..2011-12-31
[execution_aware] iter  0/50 [SEED] reward= -7.7323  rank(-1 * stddev(delta(close, 1), 20))
[execution_aware] iter  1/50 [OK ] reward= -1.7188  decay_linear(rank(-1 * stddev(delta(close, 1), 20)), 120)
[execution_aware] iter  2/50 [OK ] reward= -1.6114  decay_linear(rank(-1 * stddev(delta(close, 1), 20)), 240)
[execution_aware] iter  3/50 [ERR] reward=    -inf  decay_linear(rank(-1 * stddev(delta(close, 1), 20)), 480)
[execution_aware] iter  4/50 [OK ] reward= -1.7188  decay_linear(cs_rank(-1 * stddev(delta(close, 1), 20)), 120)
[execution_aware] iter  5/50 [OK ] reward= -1.6114  decay_linear(cs_rank(-1 * stddev(delta(close, 1), 20)), 240)
[execution_aware] iter  6/50 [ERR] reward=    -inf  decay_linear(cs_rank(-1 * stddev(delta(close, 1), 20)), 360)
[execution_aware] iter  7/50 [OK ] reward= -1.6439  decay_linear(cs_rank(-1 * stddev(delta(close, 1), 20)), 180)
[execution_aware] iter  8/50 [ERR] reward=    -inf  decay_linear(cs_rank(-1 * stddev(delta(close, 1), 20)), 360)
[execution_aware] iter  9/50 [OK ] reward= -1.6114  decay_linear(cs_rank(-1 * stddev(delta(close, 1), 20)), 240)
[execution_aware] iter 10/50 [ERR] reward=    -inf  decay_linear(cs_rank(-1 * stddev(delta(close, 1), 20)), 360)
[execution_aware] iter 11/50 [OK ] reward= -1.6114  decay_linear(cs_rank(-1 * stddev(delta(close, 1), 20)), 240)
[execution_aware] iter 12/50 [ERR] reward=    -inf  decay_linear(cs_rank(-1 * stddev(delta(close, 1), 20)), 360)
[execution_aware] iter 13/50 [OK ] reward= -1.6114  decay_linear(cs_rank(-1 * stddev(delta(close, 1), 20)), 240)
[execution_aware] iter 14/50 [ERR] reward=    -inf  decay_linear(cs_rank(-1 * stddev(delta(close, 1), 20)), 360)
[execution_aware] iter 15/50 [OK ] reward= -1.6114  decay_linear(cs_rank(-1 * stddev(delta(close, 1), 20)), 240)
[execution_aware] iter 16/50 [ERR] reward=    -inf  decay_linear(cs_rank(-1 * stddev(delta(close, 1), 40)), 480)
[execution_aware] iter 17/50 [OK ] reward= -1.6114  decay_linear(cs_rank(-1 * stddev(delta(close, 1), 20)), 240)
[execution_aware] iter 18/50 [ERR] reward=    -inf  decay_linear(cs_rank(-1 * stddev(delta(close, 1), 20)), 480)
[execution_aware] iter 19/50 [OK ] reward= -1.6114  decay_linear(cs_rank(-1 * stddev(delta(close, 1), 20)), 240)
[execution_aware] iter 20/50 [ERR] reward=    -inf  decay_linear(cs_rank(-1 * stddev(delta(close, 1), 20)), 360)
[execution_aware] iter 21/50 [OK ] reward= -1.6114  decay_linear(cs_rank(-1 * stddev(delta(close, 1), 20)), 240)
[execution_aware] iter 22/50 [ERR] reward=    -inf  decay_linear(cs_rank(-1 * stddev(delta(close, 1), 20)), 500)
[execution_aware] iter 23/50 [OK ] reward= -1.6114  decay_linear(cs_rank(-1 * stddev(delta(close, 1), 20)), 240)
[execution_aware] iter 24/50 [ERR] reward=    -inf  decay_linear(cs_rank(-1 * stddev(delta(close, 1), 20)), 480)
[execution_aware] iter 25/50 [OK ] reward= -1.6114  decay_linear(cs_rank(-1 * stddev(delta(close, 1), 20)), 240)
[execution_aware] iter 26/50 [ERR] reward=    -inf  decay_linear(cs_rank(-1 * stddev(delta(close, 1), 40)), 360)
[execution_aware] iter 27/50 [OK ] reward= -1.6114  decay_linear(cs_rank(-1 * stddev(delta(close, 1), 20)), 240)
[execution_aware] iter 28/50 [ERR] reward=    -inf  decay_linear(cs_rank(-1 * stddev(delta(close, 1), 20)), 360)
[execution_aware] iter 29/50 [OK ] reward= -1.6114  decay_linear(cs_rank(-1 * stddev(delta(close, 1), 20)), 240)
[execution_aware] iter 30/50 [ERR] reward=    -inf  decay_linear(cs_rank(-1 * stddev(delta(close, 1), 20)), 480)
[execution_aware] iter 31/50 [OK ] reward= -1.6114  decay_linear(cs_rank(-1 * stddev(delta(close, 1), 20)), 240)
[execution_aware] iter 32/50 [ERR] reward=    -inf  decay_linear(cs_rank(-1 * stddev(delta(close, 1), 20)), 360)
[execution_aware] iter 33/50 [OK ] reward= -1.6114  decay_linear(cs_rank(-1 * stddev(delta(close, 1), 20)), 240)
[execution_aware] iter 34/50 [ERR] reward=    -inf  decay_linear(cs_rank(-1 * stddev(delta(close, 1), 20)), 365)
[execution_aware] iter 35/50 [OK ] reward= -1.6114  decay_linear(cs_rank(-1 * stddev(delta(close, 1), 20)), 240)
[execution_aware] iter 36/50 [ERR] reward=    -inf  decay_linear(cs_rank(-1 * stddev(delta(close, 1), 20)), 360)
[execution_aware] iter 37/50 [OK ] reward= -1.6114  decay_linear(cs_rank(-1 * stddev(delta(close, 1), 20)), 240)
[execution_aware] iter 38/50 [ERR] reward=    -inf  decay_linear(cs_rank(-1 * stddev(delta(close, 1), 20)), 480)
[execution_aware] iter 39/50 [OK ] reward= -1.7188  decay_linear(cs_rank(-1 * stddev(delta(close, 1), 20)), 120)
[execution_aware] iter 40/50 [OK ] reward= -1.6114  decay_linear(cs_rank(-1 * stddev(delta(close, 1), 20)), 240)
[execution_aware] iter 41/50 [ERR] reward=    -inf  decay_linear(cs_rank(-1 * stddev(delta(close, 1), 20)), 360)
[execution_aware] iter 42/50 [OK ] reward= -1.6114  decay_linear(cs_rank(-1 * stddev(delta(close, 1), 20)), 240)
[execution_aware] iter 43/50 [ERR] reward=    -inf  decay_linear(cs_rank(-1 * stddev(delta(close, 1), 40)), 360)
[execution_aware] iter 44/50 [OK ] reward= -1.6114  decay_linear(cs_rank(-1 * stddev(delta(close, 1), 20)), 240)
[execution_aware] iter 45/50 [ERR] reward=    -inf  decay_linear(cs_rank(-1 * stddev(delta(close, 1), 20)), 360)
[execution_aware] iter 46/50 [OK ] reward= -1.6114  decay_linear(cs_rank(-1 * stddev(delta(close, 1), 20)), 240)
[execution_aware] iter 47/50 [ERR] reward=    -inf  decay_linear(cs_rank(-1 * stddev(delta(close, 1), 20)), 360)
[execution_aware] iter 48/50 [OK ] reward= -1.6114  decay_linear(cs_rank(-1 * stddev(delta(close, 1), 20)), 240)
[execution_aware] iter 49/50 [ERR] reward=    -inf  decay_linear(cs_rank(-1 * stddev(delta(close, 1), 20)), 360)
[execution_aware] iter 50/50 [OK ] reward= -1.6114  decay_linear(cs_rank(-1 * stddev(delta(close, 1), 20)), 240)
[wfo:execution_aware] fold 5 winner: decay_linear(rank(-1 * stddev(delta(close, 1), 20)), 240)
[wfo:execution_aware] fold 5 OOS: Gross_IR=0.805 Turnover=3.39 Net_IR=0.666
[wfo:execution_aware] fold 6: train 2007-01-01..2011-12-31 -> test 2012-01-01..2012-12-31
[execution_aware] iter  0/50 [SEED] reward= -7.5931  rank(-1 * stddev(delta(close, 1), 20))
[execution_aware] iter  1/50 [OK ] reward= -1.6489  decay_linear(rank(-1 * stddev(delta(close, 1), 20)), 252)
[execution_aware] iter  2/50 [ERR] reward=    -inf  decay_linear(rank(-1 * stddev(delta(close, 1), 20)), 500)
[execution_aware] iter  3/50 [OK ] reward= -8.3000  decay_linear(cs_rank(-1 * zscore(stddev(delta(close, 1), 20), 20)), 252)
[execution_aware] iter  4/50 [ERR] reward=    -inf  decay_linear(cs_rank(-1 * stddev(delta(close, 1), 20)), 504)
[execution_aware] iter  5/50 [OK ] reward= -1.6489  decay_linear(cs_rank(-1 * stddev(delta(close, 1), 20)), 252)
[execution_aware] iter  6/50 [ERR] reward=    -inf  decay_linear(cs_rank(-1 * stddev(delta(close, 1), 20)), 500)
[execution_aware] iter  7/50 [OK ] reward= -1.6489  decay_linear(cs_rank(-1 * stddev(delta(close, 1), 20)), 252)
[execution_aware] iter  8/50 [ERR] reward=    -inf  decay_linear(cs_rank(-1 * stddev(delta(close, 1), 20)), 500)
[execution_aware] iter  9/50 [OK ] reward= -1.6489  decay_linear(cs_rank(-1 * stddev(delta(close, 1), 20)), 252)
[execution_aware] iter 10/50 [ERR] reward=    -inf  decay_linear(cs_rank(-1 * stddev(delta(close, 1), 20)), 500)
[execution_aware] iter 11/50 [OK ] reward= -1.6489  decay_linear(cs_rank(-1 * stddev(delta(close, 1), 20)), 252)
[execution_aware] iter 12/50 [ERR] reward=    -inf  decay_linear(cs_rank(-1 * stddev(delta(close, 1), 20)), 504)
[execution_aware] iter 13/50 [OK ] reward= -1.6489  decay_linear(cs_rank(-1 * stddev(delta(close, 1), 20)), 252)
[execution_aware] iter 14/50 [ERR] reward=    -inf  decay_linear(cs_rank(-1 * stddev(delta(close, 1), 20)), 500)
[execution_aware] iter 15/50 [OK ] reward= -1.6489  decay_linear(cs_rank(-1 * stddev(delta(close, 1), 20)), 252)
[execution_aware] iter 16/50 [ERR] reward=    -inf  decay_linear(cs_rank(-1 * stddev(delta(close, 1), 20)), 500)
[execution_aware] iter 17/50 [OK ] reward= -1.6489  decay_linear(cs_rank(-1 * stddev(delta(close, 1), 20)), 252)
[execution_aware] iter 18/50 [ERR] reward=    -inf  decay_linear(cs_rank(-1 * stddev(delta(close, 1), 20)), 500)
[execution_aware] iter 19/50 [OK ] reward= -1.6489  decay_linear(cs_rank(-1 * stddev(delta(close, 1), 20)), 252)
[execution_aware] iter 20/50 [ERR] reward=    -inf  decay_linear(cs_rank(-1 * stddev(delta(close, 1), 20)), 500)
[execution_aware] iter 21/50 [OK ] reward= -1.6489  decay_linear(cs_rank(-1 * stddev(delta(close, 1), 20)), 252)
[execution_aware] iter 22/50 [ERR] reward=    -inf  decay_linear(cs_rank(-1 * stddev(delta(close, 1), 20)), 500)
[execution_aware] iter 23/50 [OK ] reward= -1.6489  decay_linear(cs_rank(-1 * stddev(delta(close, 1), 20)), 252)
[execution_aware] iter 24/50 [ERR] reward=    -inf  decay_linear(cs_rank(-1 * stddev(delta(close, 1), 20)), 500)
[execution_aware] iter 25/50 [OK ] reward= -1.6489  decay_linear(cs_rank(-1 * stddev(delta(close, 1), 20)), 252)
[execution_aware] iter 26/50 [ERR] reward=    -inf  decay_linear(cs_rank(-1 * stddev(delta(close, 1), 20)), 500)
[execution_aware] iter 27/50 [OK ] reward= -1.6489  decay_linear(cs_rank(-1 * stddev(delta(close, 1), 20)), 252)
[execution_aware] iter 28/50 [ERR] reward=    -inf  decay_linear(cs_rank(-1 * stddev(delta(close, 1), 20)), 500)
[execution_aware] iter 29/50 [OK ] reward= -1.6489  decay_linear(cs_rank(-1 * stddev(delta(close, 1), 20)), 252)
[execution_aware] iter 30/50 [ERR] reward=    -inf  decay_linear(cs_rank(-1 * stddev(delta(close, 1), 20)), 500)
[execution_aware] iter 31/50 [OK ] reward= -1.6489  decay_linear(cs_rank(-1 * stddev(delta(close, 1), 20)), 252)
[execution_aware] iter 32/50 [ERR] reward=    -inf  decay_linear(cs_rank(-1 * stddev(delta(close, 1), 20)), 500)
[execution_aware] iter 33/50 [OK ] reward= -1.6489  decay_linear(cs_rank(-1 * stddev(delta(close, 1), 20)), 252)
[execution_aware] iter 34/50 [ERR] reward=    -inf  decay_linear(cs_rank(-1 * stddev(delta(close, 1), 20)), 500)
[execution_aware] iter 35/50 [OK ] reward= -1.6489  decay_linear(cs_rank(-1 * stddev(delta(close, 1), 20)), 252)
[execution_aware] iter 36/50 [ERR] reward=    -inf  decay_linear(cs_rank(-1 * stddev(delta(close, 1), 20)), 500)
[execution_aware] iter 37/50 [OK ] reward= -1.6489  decay_linear(cs_rank(-1 * stddev(delta(close, 1), 20)), 252)
[execution_aware] iter 38/50 [ERR] reward=    -inf  decay_linear(cs_rank(-1 * stddev(delta(close, 1), 20)), 500)
[execution_aware] iter 39/50 [OK ] reward= -1.6489  decay_linear(cs_rank(-1 * stddev(delta(close, 1), 20)), 252)
[execution_aware] iter 40/50 [ERR] reward=    -inf  decay_linear(cs_rank(-1 * stddev(delta(close, 1), 20)), 500)
[execution_aware] iter 41/50 [OK ] reward= -1.6489  decay_linear(cs_rank(-1 * stddev(delta(close, 1), 20)), 252)
[execution_aware] iter 42/50 [ERR] reward=    -inf  decay_linear(cs_rank(-1 * stddev(delta(close, 1), 20)), 500)
[execution_aware] iter 43/50 [OK ] reward= -1.6489  decay_linear(cs_rank(-1 * stddev(delta(close, 1), 20)), 252)
[execution_aware] iter 44/50 [ERR] reward=    -inf  decay_linear(ts_rank(-1 * stddev(delta(close, 1), 20), 252), 504)
[execution_aware] iter 45/50 [OK ] reward= -1.6489  decay_linear(cs_rank(-1 * stddev(delta(close, 1), 20)), 252)
[execution_aware] iter 46/50 [ERR] reward=    -inf  decay_linear(cs_rank(-1 * stddev(delta(close, 1), 20)), 500)
[execution_aware] iter 47/50 [OK ] reward= -1.6489  decay_linear(cs_rank(-1 * stddev(delta(close, 1), 20)), 252)
[execution_aware] iter 48/50 [ERR] reward=    -inf  decay_linear(cs_rank(-1 * stddev(delta(close, 1), 20)), 500)
[execution_aware] iter 49/50 [OK ] reward= -1.6489  decay_linear(cs_rank(-1 * stddev(delta(close, 1), 20)), 252)
[execution_aware] iter 50/50 [ERR] reward=    -inf  decay_linear(cs_rank(-1 * stddev(delta(close, 1), 20)), 500)
[wfo:execution_aware] fold 6 winner: decay_linear(rank(-1 * stddev(delta(close, 1), 20)), 252)
[wfo:execution_aware] fold 6 OOS: Gross_IR=1.393 Turnover=3.11 Net_IR=1.243
[wfo:execution_aware] fold 7: train 2008-01-01..2012-12-31 -> test 2013-01-01..2013-12-31
[execution_aware] iter  0/50 [SEED] reward= -7.5981  rank(-1 * stddev(delta(close, 1), 20))
[execution_aware] iter  1/50 [OK ] reward= -1.9340  decay_linear(rank(-1 * stddev(delta(close, 1), 20)), 60)
[execution_aware] iter  2/50 [OK ] reward= -1.6603  decay_linear(cs_rank(-1 * stddev(delta(close, 1), 20)), 120)
[execution_aware] iter  3/50 [OK ] reward= -1.5764  decay_linear(cs_rank(-1 * stddev(delta(close, 1), 20)), 240)
[execution_aware] iter  4/50 [ERR] reward=    -inf  decay_linear(cs_rank(-1 * stddev(delta(close, 1), 20)), 360)
[execution_aware] iter  5/50 [OK ] reward= -1.5764  decay_linear(cs_rank(-1 * stddev(delta(close, 1), 20)), 240)
[execution_aware] iter  6/50 [ERR] reward=    -inf  decay_linear(cs_rank(-1 * stddev(delta(close, 1), 20)), 360)
[execution_aware] iter  7/50 [OK ] reward= -1.5996  decay_linear(cs_rank(-1 * stddev(delta(close, 1), 20)), 180)
[execution_aware] iter  8/50 [ERR] reward=    -inf  decay_linear(cs_rank(-1 * stddev(delta(close, 1), 20)), 360)
[execution_aware] iter  9/50 [OK ] reward= -1.5764  decay_linear(cs_rank(-1 * stddev(delta(close, 1), 20)), 240)
[execution_aware] iter 10/50 [ERR] reward=    -inf  decay_linear(cs_rank(-1 * stddev(delta(close, 1), 20)), 360)
[execution_aware] iter 11/50 [OK ] reward= -1.5764  decay_linear(cs_rank(-1 * stddev(delta(close, 1), 20)), 240)
[execution_aware] iter 12/50 [ERR] reward=    -inf  decay_linear(cs_rank(-1 * stddev(delta(close, 1), 20)), 480)
[execution_aware] iter 13/50 [OK ] reward= -1.6603  decay_linear(cs_rank(-1 * stddev(delta(close, 1), 20)), 120)
[execution_aware] iter 14/50 [ERR] reward=    -inf  decay_linear(cs_rank(-1 * stddev(delta(close, 1), 20)), 360)
[execution_aware] iter 15/50 [OK ] reward= -1.5764  decay_linear(cs_rank(-1 * stddev(delta(close, 1), 20)), 240)
[execution_aware] iter 16/50 [ERR] reward=    -inf  decay_linear(cs_rank(-1 * stddev(delta(close, 1), 20)), 360)
[execution_aware] iter 17/50 [OK ] reward= -1.5764  decay_linear(cs_rank(-1 * stddev(delta(close, 1), 20)), 240)
[execution_aware] iter 18/50 [ERR] reward=    -inf  decay_linear(cs_rank(-1 * stddev(delta(close, 1), 20)), 500)
[execution_aware] iter 19/50 [OK ] reward= -1.5764  decay_linear(cs_rank(-1 * stddev(delta(close, 1), 20)), 240)
[execution_aware] iter 20/50 [ERR] reward=    -inf  decay_linear(cs_rank(-1 * stddev(delta(close, 1), 20)), 360)
[execution_aware] iter 21/50 [OK ] reward= -1.5996  decay_linear(cs_rank(-1 * stddev(delta(close, 1), 20)), 180)
[execution_aware] iter 22/50 [ERR] reward=    -inf  decay_linear(cs_rank(-1 * stddev(delta(close, 1), 20)), 360)
[execution_aware] iter 23/50 [OK ] reward= -1.5996  decay_linear(cs_rank(-1 * stddev(delta(close, 1), 20)), 180)
[execution_aware] iter 24/50 [ERR] reward=    -inf  decay_linear(cs_rank(-1 * stddev(delta(close, 1), 20)), 360)
[execution_aware] iter 25/50 [OK ] reward= -1.5764  decay_linear(cs_rank(-1 * stddev(delta(close, 1), 20)), 240)
[execution_aware] iter 26/50 [ERR] reward=    -inf  decay_linear(cs_rank(-1 * stddev(delta(close, 1), 20)), 360)
[execution_aware] iter 27/50 [OK ] reward= -1.5996  decay_linear(cs_rank(-1 * stddev(delta(close, 1), 20)), 180)
[execution_aware] iter 28/50 [ERR] reward=    -inf  decay_linear(cs_rank(-1 * stddev(delta(close, 1), 20)), 360)
[execution_aware] iter 29/50 [OK ] reward= -1.5764  decay_linear(cs_rank(-1 * stddev(delta(close, 1), 20)), 240)
[execution_aware] iter 30/50 [ERR] reward=    -inf  decay_linear(cs_rank(-1 * stddev(delta(close, 1), 20)), 480)
[execution_aware] iter 31/50 [OK ] reward= -1.6603  decay_linear(cs_rank(-1 * stddev(delta(close, 1), 20)), 120)
[execution_aware] iter 32/50 [ERR] reward=    -inf  decay_linear(cs_rank(-1 * stddev(delta(close, 1), 20)), 360)
[execution_aware] iter 33/50 [OK ] reward= -1.5764  decay_linear(cs_rank(-1 * stddev(delta(close, 1), 20)), 240)
[execution_aware] iter 34/50 [ERR] reward=    -inf  decay_linear(cs_rank(-1 * stddev(delta(close, 1), 20)), 500)
[execution_aware] iter 35/50 [OK ] reward= -1.5764  decay_linear(cs_rank(-1 * stddev(delta(close, 1), 20)), 240)
[execution_aware] iter 36/50 [ERR] reward=    -inf  decay_linear(cs_rank(-1 * stddev(delta(close, 1), 20)), 500)
[execution_aware] iter 37/50 [OK ] reward= -1.5764  decay_linear(cs_rank(-1 * stddev(delta(close, 1), 20)), 240)
[execution_aware] iter 38/50 [ERR] reward=    -inf  decay_linear(cs_rank(-1 * stddev(delta(close, 1), 20)), 500)
[execution_aware] iter 39/50 [OK ] reward= -1.5764  decay_linear(cs_rank(-1 * stddev(delta(close, 1), 20)), 240)
[execution_aware] iter 40/50 [ERR] reward=    -inf  decay_linear(cs_rank(-1 * stddev(delta(close, 1), 20)), 365)
[execution_aware] iter 41/50 [OK ] reward= -1.5764  decay_linear(cs_rank(-1 * stddev(delta(close, 1), 20)), 240)
[execution_aware] iter 42/50 [ERR] reward=    -inf  decay_linear(cs_rank(-1 * stddev(delta(close, 1), 20)), 360)
[execution_aware] iter 43/50 [OK ] reward= -1.6603  decay_linear(cs_rank(-1 * stddev(delta(close, 1), 20)), 120)
[execution_aware] iter 44/50 [ERR] reward=    -inf  decay_linear(cs_rank(-1 * stddev(delta(close, 1), 20)), 360)
[execution_aware] iter 45/50 [OK ] reward= -1.5996  decay_linear(cs_rank(-1 * stddev(delta(close, 1), 20)), 180)
[execution_aware] iter 46/50 [ERR] reward=    -inf  decay_linear(cs_rank(-1 * stddev(delta(close, 1), 20)), 360)
[execution_aware] iter 47/50 [OK ] reward= -1.5764  decay_linear(cs_rank(-1 * stddev(delta(close, 1), 20)), 240)
[execution_aware] iter 48/50 [ERR] reward=    -inf  decay_linear(cs_rank(-1 * stddev(delta(close, 1), 20)), 500)
[execution_aware] iter 49/50 [OK ] reward= -1.5764  decay_linear(cs_rank(-1 * stddev(delta(close, 1), 20)), 240)
[execution_aware] iter 50/50 [ERR] reward=    -inf  decay_linear(cs_rank(-1 * stddev(delta(close, 1), 20)), 360)
[wfo:execution_aware] fold 7 winner: decay_linear(cs_rank(-1 * stddev(delta(close, 1), 20)), 240)
[wfo:execution_aware] fold 7 OOS: Gross_IR=2.527 Turnover=2.84 Net_IR=2.331
[wfo:execution_aware] fold 8: train 2009-01-01..2013-12-31 -> test 2014-01-01..2014-12-31
[execution_aware] iter  0/50 [SEED] reward= -7.6164  rank(-1 * stddev(delta(close, 1), 20))
[execution_aware] iter  1/50 [OK ] reward= -1.5931  decay_linear(rank(-1 * stddev(delta(close, 1), 20)), 60)
[execution_aware] iter  2/50 [OK ] reward= -1.2773  decay_linear(rank(-1 * stddev(delta(close, 1), 20)), 120)
[execution_aware] iter  3/50 [OK ] reward= -1.1822  decay_linear(rank(-1 * stddev(delta(close, 1), 20)), 240)
[execution_aware] iter  4/50 [ERR] reward=    -inf  decay_linear(rank(-1 * stddev(delta(close, 1), 20)), 500)
[execution_aware] iter  5/50 [OK ] reward= -1.1979  decay_linear(cs_rank(-1 * stddev(delta(close, 1), 20)), 200)
[execution_aware] iter  6/50 [OK ] reward= -1.1822  decay_linear(cs_rank(-1 * stddev(delta(close, 1), 20)), 240)
[execution_aware] iter  7/50 [ERR] reward=    -inf  decay_linear(cs_rank(-1 * stddev(delta(close, 1), 20)), 500)
[execution_aware] iter  8/50 [OK ] reward= -1.1822  decay_linear(cs_rank(-1 * stddev(delta(close, 1), 20)), 240)
[execution_aware] iter  9/50 [ERR] reward=    -inf  decay_linear(cs_rank(-1 * stddev(delta(close, 1), 20)), 480)
[execution_aware] iter 10/50 [OK ] reward= -1.1822  decay_linear(cs_rank(-1 * stddev(delta(close, 1), 20)), 240)
[execution_aware] iter 11/50 [ERR] reward=    -inf  decay_linear(cs_rank(-1 * stddev(delta(close, 1), 20)), 500)
[execution_aware] iter 12/50 [OK ] reward= -1.1822  decay_linear(cs_rank(-1 * stddev(delta(close, 1), 20)), 240)
[execution_aware] iter 13/50 [ERR] reward=    -inf  decay_linear(cs_rank(-1 * stddev(delta(close, 1), 20)), 360)
[execution_aware] iter 14/50 [OK ] reward= -1.2773  decay_linear(cs_rank(-1 * stddev(delta(close, 1), 20)), 120)
[execution_aware] iter 15/50 [OK ] reward= -1.1822  decay_linear(cs_rank(-1 * stddev(delta(close, 1), 20)), 240)
[execution_aware] iter 16/50 [ERR] reward=    -inf  decay_linear(cs_rank(-1 * stddev(delta(close, 1), 20)), 360)
[execution_aware] iter 17/50 [OK ] reward= -1.1822  decay_linear(cs_rank(-1 * stddev(delta(close, 1), 20)), 240)
[execution_aware] iter 18/50 [ERR] reward=    -inf  decay_linear(cs_rank(-1 * stddev(delta(close, 1), 20)), 365)
[execution_aware] iter 19/50 [OK ] reward= -1.1822  decay_linear(cs_rank(-1 * stddev(delta(close, 1), 20)), 240)
[execution_aware] iter 20/50 [ERR] reward=    -inf  decay_linear(cs_rank(-1 * stddev(delta(close, 1), 20)), 500)
[execution_aware] iter 21/50 [OK ] reward= -1.1822  decay_linear(cs_rank(-1 * stddev(delta(close, 1), 20)), 240)
[execution_aware] iter 22/50 [ERR] reward=    -inf  decay_linear(cs_rank(-1 * stddev(delta(close, 1), 20)), 365)
[execution_aware] iter 23/50 [OK ] reward= -1.1822  decay_linear(cs_rank(-1 * stddev(delta(close, 1), 20)), 240)
[execution_aware] iter 24/50 [ERR] reward=    -inf  decay_linear(cs_rank(-1 * stddev(delta(close, 1), 20)), 500)
[execution_aware] iter 25/50 [OK ] reward= -1.1822  decay_linear(cs_rank(-1 * stddev(delta(close, 1), 20)), 240)
[execution_aware] iter 26/50 [ERR] reward=    -inf  decay_linear(cs_rank(-1 * stddev(delta(close, 1), 20)), 500)
[execution_aware] iter 27/50 [OK ] reward= -1.1822  decay_linear(cs_rank(-1 * stddev(delta(close, 1), 20)), 240)
[execution_aware] iter 28/50 [ERR] reward=    -inf  decay_linear(cs_rank(-1 * stddev(delta(close, 1), 20)), 500)
[execution_aware] iter 29/50 [OK ] reward= -1.1822  decay_linear(cs_rank(-1 * stddev(delta(close, 1), 20)), 240)
[execution_aware] iter 30/50 [ERR] reward=    -inf  decay_linear(cs_rank(-1 * stddev(delta(close, 1), 30)), 360)
[execution_aware] iter 31/50 [OK ] reward= -1.1822  decay_linear(cs_rank(-1 * stddev(delta(close, 1), 20)), 240)
[execution_aware] iter 32/50 [ERR] reward=    -inf  decay_linear(cs_rank(-1 * stddev(delta(close, 1), 20)), 360)
[execution_aware] iter 33/50 [OK ] reward= -1.1822  decay_linear(cs_rank(-1 * stddev(delta(close, 1), 20)), 240)
[execution_aware] iter 34/50 [ERR] reward=    -inf  decay_linear(cs_rank(-1 * stddev(delta(close, 1), 20)), 480)
[execution_aware] iter 35/50 [OK ] reward= -1.1822  decay_linear(cs_rank(-1 * stddev(delta(close, 1), 20)), 240)
[execution_aware] iter 36/50 [ERR] reward=    -inf  decay_linear(cs_rank(-1 * stddev(delta(close, 1), 20)), 360)
[execution_aware] iter 37/50 [OK ] reward= -1.1822  decay_linear(cs_rank(-1 * stddev(delta(close, 1), 20)), 240)
[execution_aware] iter 38/50 [ERR] reward=    -inf  decay_linear(cs_rank(-1 * stddev(delta(close, 1), 20)), 360)
[execution_aware] iter 39/50 [OK ] reward= -1.1822  decay_linear(cs_rank(-1 * stddev(delta(close, 1), 20)), 240)
[execution_aware] iter 40/50 [ERR] reward=    -inf  decay_linear(cs_rank(-1 * stddev(delta(close, 1), 20)), 360)
[execution_aware] iter 41/50 [OK ] reward= -1.1822  decay_linear(cs_rank(-1 * stddev(delta(close, 1), 20)), 240)
[execution_aware] iter 42/50 [ERR] reward=    -inf  decay_linear(cs_rank(-1 * stddev(delta(close, 1), 20)), 360)
[execution_aware] iter 43/50 [OK ] reward= -1.1822  decay_linear(cs_rank(-1 * stddev(delta(close, 1), 20)), 240)
[execution_aware] iter 44/50 [ERR] reward=    -inf  decay_linear(cs_rank(-1 * stddev(delta(close, 1), 20)), 480)
[execution_aware] iter 45/50 [OK ] reward= -1.1822  decay_linear(cs_rank(-1 * stddev(delta(close, 1), 20)), 240)
[execution_aware] iter 46/50 [ERR] reward=    -inf  decay_linear(cs_rank(-1 * stddev(delta(close, 1), 20)), 360)
[execution_aware] iter 47/50 [OK ] reward= -1.1822  decay_linear(cs_rank(-1 * stddev(delta(close, 1), 20)), 240)
[execution_aware] iter 48/50 [ERR] reward=    -inf  decay_linear(cs_rank(-1 * stddev(delta(close, 1), 20)), 365)
[execution_aware] iter 49/50 [OK ] reward= -1.1822  decay_linear(cs_rank(-1 * stddev(delta(close, 1), 20)), 240)
[execution_aware] iter 50/50 [ERR] reward=    -inf  decay_linear(rank(-1 * stddev(delta(close, 1), 40)), 360)
[wfo:execution_aware] fold 8 winner: decay_linear(rank(-1 * stddev(delta(close, 1), 20)), 240)
[wfo:execution_aware] fold 8 OOS: Gross_IR=-0.039 Turnover=3.00 Net_IR=-0.209
[wfo:execution_aware] fold 9: train 2010-01-01..2014-12-31 -> test 2015-01-01..2015-12-31
[execution_aware] iter  0/50 [SEED] reward= -7.6991  rank(-1 * stddev(delta(close, 1), 20))
[execution_aware] iter  1/50 [OK ] reward= -1.1426  decay_linear(rank(-1 * stddev(delta(close, 1), 20)), 100)
[execution_aware] iter  2/50 [OK ] reward= -0.9371  decay_linear(cs_rank(-1 * stddev(delta(close, 1), 20)), 200)
[execution_aware] iter  3/50 [ERR] reward=    -inf  decay_linear(cs_rank(-1 * stddev(delta(close, 1), 20)), 400)
[execution_aware] iter  4/50 [OK ] reward= -1.1426  decay_linear(cs_rank(-1 * stddev(delta(close, 1), 20)), 100)
[execution_aware] iter  5/50 [ERR] reward=    -inf  decay_linear(cs_rank(-1 * stddev(delta(close, 1), 20)), 400)
[execution_aware] iter  6/50 [OK ] reward= -0.9371  decay_linear(cs_rank(-1 * stddev(delta(close, 1), 20)), 200)
[execution_aware] iter  7/50 [ERR] reward=    -inf  decay_linear(cs_rank(-1 * stddev(delta(close, 1), 20)), 400)
[execution_aware] iter  8/50 [OK ] reward= -0.8996  decay_linear(cs_rank(-1 * stddev(delta(close, 1), 20)), 252)
[execution_aware] iter  9/50 [ERR] reward=    -inf  decay_linear(cs_rank(-1 * stddev(delta(close, 1), 20)), 504)
[execution_aware] iter 10/50 [OK ] reward= -1.0449  decay_linear(cs_rank(-1 * stddev(delta(close, 1), 20)), 126)
[execution_aware] iter 11/50 [ERR] reward=    -inf  decay_linear(cs_rank(-1 * stddev(delta(close, 1), 20)), 504)
[execution_aware] iter 12/50 [OK ] reward= -1.0449  decay_linear(cs_rank(-1 * stddev(delta(close, 1), 20)), 126)
[execution_aware] iter 13/50 [ERR] reward=    -inf  decay_linear(cs_rank(-1 * stddev(delta(close, 1), 20)), 504)
[execution_aware] iter 14/50 [OK ] reward= -1.0449  decay_linear(cs_rank(-1 * stddev(delta(close, 1), 20)), 126)
[execution_aware] iter 15/50 [ERR] reward=    -inf  decay_linear(cs_rank(-1 * stddev(delta(close, 1), 20)), 504)
[execution_aware] iter 16/50 [OK ] reward= -0.8996  decay_linear(cs_rank(-1 * stddev(delta(close, 1), 20)), 252)
[execution_aware] iter 17/50 [ERR] reward=    -inf  decay_linear(cs_rank(-1 * stddev(delta(close, 1), 20)), 500)
[execution_aware] iter 18/50 [OK ] reward= -1.0644  decay_linear(cs_rank(-1 * stddev(delta(close, 1), 20)), 120)
[execution_aware] iter 19/50 [ERR] reward=    -inf  decay_linear(cs_rank(-1 * stddev(delta(close, 1), 20)), 500)
[execution_aware] iter 20/50 [OK ] reward= -0.8996  decay_linear(cs_rank(-1 * stddev(delta(close, 1), 20)), 252)
[execution_aware] iter 21/50 [ERR] reward=    -inf  decay_linear(cs_rank(-1 * stddev(delta(close, 1), 20)), 500)
[execution_aware] iter 22/50 [OK ] reward= -1.0449  decay_linear(cs_rank(-1 * stddev(delta(close, 1), 20)), 126)
[execution_aware] iter 23/50 [ERR] reward=    -inf  decay_linear(cs_rank(-1 * stddev(delta(close, 1), 20)), 504)
[execution_aware] iter 24/50 [OK ] reward= -0.8996  decay_linear(cs_rank(-1 * stddev(delta(close, 1), 20)), 252)
[execution_aware] iter 25/50 [ERR] reward=    -inf  decay_linear(cs_rank(-1 * stddev(delta(close, 1), 20)), 500)
[execution_aware] iter 26/50 [OK ] reward= -0.8996  decay_linear(cs_rank(-1 * stddev(delta(close, 1), 20)), 252)
[execution_aware] iter 27/50 [ERR] reward=    -inf  decay_linear(cs_rank(-1 * stddev(delta(close, 1), 20)), 500)
[execution_aware] iter 28/50 [OK ] reward= -1.0449  decay_linear(cs_rank(-1 * stddev(delta(close, 1), 20)), 126)
[execution_aware] iter 29/50 [ERR] reward=    -inf  decay_linear(cs_rank(-1 * stddev(delta(close, 1), 20)), 504)
[execution_aware] iter 30/50 [OK ] reward= -0.8996  decay_linear(cs_rank(-1 * stddev(delta(close, 1), 20)), 252)
[execution_aware] iter 31/50 [ERR] reward=    -inf  decay_linear(cs_rank(-1 * stddev(delta(close, 1), 20)), 500)
[execution_aware] iter 32/50 [OK ] reward= -0.8996  decay_linear(cs_rank(-1 * stddev(delta(close, 1), 20)), 252)
[execution_aware] iter 33/50 [ERR] reward=    -inf  decay_linear(cs_rank(-1 * stddev(delta(close, 1), 20)), 500)
[execution_aware] iter 34/50 [OK ] reward= -0.8996  decay_linear(cs_rank(-1 * stddev(delta(close, 1), 20)), 252)
[execution_aware] iter 35/50 [ERR] reward=    -inf  decay_linear(cs_rank(-1 * stddev(delta(close, 1), 20)), 500)
[execution_aware] iter 36/50 [OK ] reward= -1.1426  decay_linear(cs_rank(-1 * stddev(delta(close, 1), 20)), 100)
[execution_aware] iter 37/50 [OK ] reward= -0.8996  decay_linear(cs_rank(-1 * stddev(delta(close, 1), 20)), 252)
[execution_aware] iter 38/50 [ERR] reward=    -inf  decay_linear(cs_rank(-1 * stddev(delta(close, 1), 20)), 504)
[execution_aware] iter 39/50 [OK ] reward= -1.0449  decay_linear(cs_rank(-1 * stddev(delta(close, 1), 20)), 126)
[execution_aware] iter 40/50 [ERR] reward=    -inf  decay_linear(cs_rank(-1 * stddev(delta(close, 1), 20)), 504)
[execution_aware] iter 41/50 [OK ] reward= -1.0449  decay_linear(cs_rank(-1 * stddev(delta(close, 1), 20)), 126)
[execution_aware] iter 42/50 [ERR] reward=    -inf  decay_linear(cs_rank(-1 * stddev(delta(close, 1), 20)), 504)
[execution_aware] iter 43/50 [OK ] reward= -1.0449  decay_linear(cs_rank(-1 * stddev(delta(close, 1), 20)), 126)
[execution_aware] iter 44/50 [ERR] reward=    -inf  decay_linear(cs_rank(-1 * stddev(delta(close, 1), 20)), 504)
[execution_aware] iter 45/50 [OK ] reward= -1.0449  decay_linear(cs_rank(-1 * stddev(delta(close, 1), 20)), 126)
[execution_aware] iter 46/50 [ERR] reward=    -inf  decay_linear(cs_rank(-1 * stddev(delta(close, 1), 20)), 504)
[execution_aware] iter 47/50 [OK ] reward= -0.8996  decay_linear(cs_rank(-1 * stddev(delta(close, 1), 20)), 252)
[execution_aware] iter 48/50 [ERR] reward=    -inf  decay_linear(cs_rank(-1 * stddev(delta(close, 1), 20)), 500)
[execution_aware] iter 49/50 [OK ] reward= -0.8996  decay_linear(cs_rank(-1 * stddev(delta(close, 1), 20)), 252)
[execution_aware] iter 50/50 [ERR] reward=    -inf  decay_linear(cs_rank(-1 * stddev(delta(close, 1), 20)), 500)
[wfo:execution_aware] fold 9 winner: decay_linear(cs_rank(-1 * stddev(delta(close, 1), 20)), 252)
[wfo:execution_aware] fold 9 OOS: Gross_IR=0.427 Turnover=3.14 Net_IR=0.236
[wfo:execution_aware] fold 10: train 2011-01-01..2015-12-31 -> test 2016-01-01..2016-12-31
[execution_aware] iter  0/50 [SEED] reward= -7.7909  rank(-1 * stddev(delta(close, 1), 20))
[execution_aware] iter  1/50 [OK ] reward= -1.3090  decay_linear(rank(-1 * stddev(delta(close, 1), 20)), 60)
[execution_aware] iter  2/50 [OK ] reward= -0.8807  decay_linear(rank(-1 * stddev(delta(close, 1), 20)), 120)
[execution_aware] iter  3/50 [OK ] reward= -0.6766  decay_linear(rank(-1 * stddev(delta(close, 1), 20)), 240)
[execution_aware] iter  4/50 [ERR] reward=    -inf  decay_linear(rank(-1 * stddev(delta(close, 1), 20)), 500)
[execution_aware] iter  5/50 [OK ] reward= -0.6766  decay_linear(rank(-1 * stddev(delta(close, 1), 20)), 240)
[execution_aware] iter  6/50 [ERR] reward=    -inf  decay_linear(rank(-1 * stddev(delta(close, 1), 20)), 480)
[execution_aware] iter  7/50 [OK ] reward= -0.6766  decay_linear(rank(-1 * stddev(delta(close, 1), 20)), 240)
[execution_aware] iter  8/50 [ERR] reward=    -inf  decay_linear(rank(-1 * stddev(delta(close, 1), 20)), 360)
[execution_aware] iter  9/50 [OK ] reward= -0.6766  decay_linear(cs_rank(-1 * stddev(delta(close, 1), 20)), 240)
[execution_aware] iter 10/50 [ERR] reward=    -inf  decay_linear(cs_rank(-1 * stddev(delta(close, 1), 20)), 480)
[execution_aware] iter 11/50 [OK ] reward= -0.6766  decay_linear(cs_rank(-1 * stddev(delta(close, 1), 20)), 240)
[execution_aware] iter 12/50 [ERR] reward=    -inf  decay_linear(cs_rank(-1 * stddev(delta(close, 1), 20)), 500)
[execution_aware] iter 13/50 [OK ] reward= -0.6766  decay_linear(cs_rank(-1 * stddev(delta(close, 1), 20)), 240)
[execution_aware] iter 14/50 [ERR] reward=    -inf  decay_linear(cs_rank(-1 * stddev(delta(close, 1), 20)), 360)
[execution_aware] iter 15/50 [OK ] reward= -0.6766  decay_linear(cs_rank(-1 * stddev(delta(close, 1), 20)), 240)
[execution_aware] iter 16/50 [ERR] reward=    -inf  decay_linear(rank(-1 * stddev(delta(close, 1), 30)), 360)
[execution_aware] iter 17/50 [OK ] reward= -4.3783  decay_linear(ts_rank(-1 * stddev(delta(close, 1), 20), 240), 120)
[execution_aware] iter 18/50 [ERR] reward=    -inf  decay_linear(cs_rank(-1 * stddev(delta(close, 1), 20)), 360)
[execution_aware] iter 19/50 [OK ] reward= -0.6766  decay_linear(cs_rank(-1 * stddev(delta(close, 1), 20)), 240)
[execution_aware] iter 20/50 [ERR] reward=    -inf  decay_linear(cs_rank(-1 * stddev(delta(close, 1), 40)), 480)
[execution_aware] iter 21/50 [OK ] reward= -0.6766  decay_linear(cs_rank(-1 * stddev(delta(close, 1), 20)), 240)
[execution_aware] iter 22/50 [ERR] reward=    -inf  decay_linear(cs_rank(-1 * stddev(delta(close, 1), 20)), 480)
[execution_aware] iter 23/50 [OK ] reward= -0.6766  decay_linear(cs_rank(-1 * stddev(delta(close, 1), 20)), 240)
[execution_aware] iter 24/50 [ERR] reward=    -inf  decay_linear(cs_rank(-1 * stddev(delta(close, 1), 20)), 365)
[execution_aware] iter 25/50 [OK ] reward= -0.6766  decay_linear(cs_rank(-1 * stddev(delta(close, 1), 20)), 240)
[execution_aware] iter 26/50 [ERR] reward=    -inf  decay_linear(cs_rank(-1 * stddev(delta(close, 1), 20)), 360)
[execution_aware] iter 27/50 [OK ] reward= -0.6766  decay_linear(cs_rank(-1 * stddev(delta(close, 1), 20)), 240)
[execution_aware] iter 28/50 [ERR] reward=    -inf  decay_linear(cs_rank(-1 * stddev(delta(close, 1), 20)), 360)
[execution_aware] iter 29/50 [OK ] reward= -0.6766  decay_linear(cs_rank(-1 * stddev(delta(close, 1), 20)), 240)
[execution_aware] iter 30/50 [ERR] reward=    -inf  decay_linear(cs_rank(-1 * stddev(delta(close, 1), 20)), 500)
[execution_aware] iter 31/50 [OK ] reward= -0.6766  decay_linear(cs_rank(-1 * stddev(delta(close, 1), 20)), 240)
[execution_aware] iter 32/50 [ERR] reward=    -inf  decay_linear(cs_rank(-1 * stddev(delta(close, 1), 20)), 500)
[execution_aware] iter 33/50 [OK ] reward= -0.6766  decay_linear(cs_rank(-1 * stddev(delta(close, 1), 20)), 240)
[execution_aware] iter 34/50 [ERR] reward=    -inf  decay_linear(cs_rank(-1 * stddev(delta(close, 1), 20)), 360)
[execution_aware] iter 35/50 [OK ] reward= -0.6766  decay_linear(cs_rank(-1 * stddev(delta(close, 1), 20)), 240)
[execution_aware] iter 36/50 [ERR] reward=    -inf  decay_linear(cs_rank(-1 * stddev(delta(close, 1), 20)), 480)
[execution_aware] iter 37/50 [OK ] reward= -0.6766  decay_linear(cs_rank(-1 * stddev(delta(close, 1), 20)), 240)
[execution_aware] iter 38/50 [ERR] reward=    -inf  decay_linear(cs_rank(-1 * stddev(delta(close, 1), 20)), 360)
[execution_aware] iter 39/50 [OK ] reward= -0.6766  decay_linear(cs_rank(-1 * stddev(delta(close, 1), 20)), 240)
[execution_aware] iter 40/50 [ERR] reward=    -inf  decay_linear(cs_rank(-1 * stddev(delta(close, 1), 20)), 480)
[execution_aware] iter 41/50 [OK ] reward= -0.6766  decay_linear(cs_rank(-1 * stddev(delta(close, 1), 20)), 240)
[execution_aware] iter 42/50 [ERR] reward=    -inf  decay_linear(cs_rank(-1 * stddev(delta(close, 1), 20)), 360)
[execution_aware] iter 43/50 [OK ] reward= -0.6766  decay_linear(cs_rank(-1 * stddev(delta(close, 1), 20)), 240)
[execution_aware] iter 44/50 [ERR] reward=    -inf  decay_linear(cs_rank(-1 * stddev(delta(close, 1), 20)), 500)
[execution_aware] iter 45/50 [OK ] reward= -0.6766  decay_linear(cs_rank(-1 * stddev(delta(close, 1), 20)), 240)
[execution_aware] iter 46/50 [ERR] reward=    -inf  decay_linear(cs_rank(-1 * stddev(delta(close, 1), 20)), 360)
[execution_aware] iter 47/50 [OK ] reward= -0.6766  decay_linear(cs_rank(-1 * stddev(delta(close, 1), 20)), 240)
[execution_aware] iter 48/50 [ERR] reward=    -inf  decay_linear(cs_rank(-1 * stddev(delta(close, 1), 20)), 360)
[execution_aware] iter 49/50 [OK ] reward= -0.6766  decay_linear(cs_rank(-1 * stddev(delta(close, 1), 20)), 240)
[execution_aware] iter 50/50 [ERR] reward=    -inf  decay_linear(cs_rank(-1 * stddev(delta(close, 1), 20)), 500)
[wfo:execution_aware] fold 10 winner: decay_linear(rank(-1 * stddev(delta(close, 1), 20)), 240)
[wfo:execution_aware] fold 10 OOS: Gross_IR=1.709 Turnover=3.53 Net_IR=1.484
[wfo:execution_aware] fold 11: train 2012-01-01..2016-12-31 -> test 2017-01-01..2017-12-31
[execution_aware] iter  0/50 [SEED] reward= -7.7960  rank(-1 * stddev(delta(close, 1), 20))
[execution_aware] iter  1/50 [OK ] reward= -0.7701  decay_linear(rank(-1 * stddev(delta(close, 1), 20)), 100)
[execution_aware] iter  2/50 [OK ] reward= -0.5057  decay_linear(rank(-1 * stddev(delta(close, 1), 20)), 200)
[execution_aware] iter  3/50 [ERR] reward=    -inf  decay_linear(rank(-1 * stddev(delta(close, 1), 20)), 400)
[execution_aware] iter  4/50 [OK ] reward= -0.5057  decay_linear(rank(-1 * stddev(delta(close, 1), 20)), 200)
[execution_aware] iter  5/50 [ERR] reward=    -inf  decay_linear(rank(-1 * stddev(delta(close, 1), 20)), 500)
[execution_aware] iter  6/50 [OK ] reward= -0.5057  decay_linear(cs_rank(-1 * stddev(delta(close, 1), 20)), 200)
[execution_aware] iter  7/50 [ERR] reward=    -inf  decay_linear(cs_rank(-1 * stddev(delta(close, 1), 20)), 400)
[execution_aware] iter  8/50 [OK ] reward= -0.5057  decay_linear(cs_rank(-1 * stddev(delta(close, 1), 20)), 200)
[execution_aware] iter  9/50 [ERR] reward=    -inf  decay_linear(cs_rank(-1 * stddev(delta(close, 1), 20)), 400)
[execution_aware] iter 10/50 [OK ] reward= -0.5057  decay_linear(cs_rank(-1 * stddev(delta(close, 1), 20)), 200)
[execution_aware] iter 11/50 [ERR] reward=    -inf  decay_linear(ts_rank(-1 * stddev(delta(close, 1), 20), 252), 400)
[execution_aware] iter 12/50 [OK ] reward= -3.4324  decay_linear(ts_rank(-1 * stddev(delta(close, 1), 20), 252), 200)
[execution_aware] iter 13/50 [ERR] reward=    -inf  decay_linear(rank(-1 * stddev(delta(close, 1), 20)), 400)
[execution_aware] iter 14/50 [OK ] reward= -0.7701  decay_linear(rank(-1 * stddev(delta(close, 1), 20)), 100)
[execution_aware] iter 15/50 [ERR] reward=    -inf  decay_linear(rank(-1 * stddev(delta(close, 1), 20)), 300)
[execution_aware] iter 16/50 [OK ] reward= -0.5057  decay_linear(rank(-1 * stddev(delta(close, 1), 20)), 200)
[execution_aware] iter 17/50 [ERR] reward=    -inf  decay_linear(rank(-1 * stddev(delta(close, 1), 20)), 400)
[execution_aware] iter 18/50 [OK ] reward= -3.4324  decay_linear(ts_rank(-1 * stddev(delta(close, 1), 20), 252), 200)
[execution_aware] iter 19/50 [ERR] reward=    -inf  decay_linear(rank(-1 * stddev(delta(close, 1), 20)), 500)
[execution_aware] iter 20/50 [OK ] reward= -0.4503  decay_linear(cs_rank(-1 * stddev(delta(close, 1), 20)), 252)
[execution_aware] iter 21/50 [ERR] reward=    -inf  decay_linear(cs_rank(-1 * stddev(delta(close, 1), 20)), 500)
[execution_aware] iter 22/50 [OK ] reward= -0.5057  decay_linear(cs_rank(-1 * stddev(delta(close, 1), 20)), 200)
[execution_aware] iter 23/50 [ERR] reward=    -inf  decay_linear(cs_rank(-1 * stddev(delta(close, 1), 20)), 500)
[execution_aware] iter 24/50 [OK ] reward= -0.4503  decay_linear(cs_rank(-1 * stddev(delta(close, 1), 20)), 252)
[execution_aware] iter 25/50 [ERR] reward=    -inf  decay_linear(cs_rank(-1 * stddev(delta(close, 1), 20)), 500)
[execution_aware] iter 26/50 [OK ] reward= -0.6402  decay_linear(cs_rank(-1 * stddev(delta(close, 1), 20)), 252) + decay_linear(cs_rank(vwap - close), 252)
[execution_aware] iter 27/50 [ERR] reward=    -inf  decay_linear(cs_rank(-1 * stddev(delta(close, 1), 20)), 500) + decay_linear(cs_rank(vwap - close), 500)
[execution_aware] iter 28/50 [OK ] reward= -0.6402  decay_linear(cs_rank(-1 * stddev(delta(close, 1), 20)), 252) + decay_linear(cs_rank(vwap - close), 252)
[execution_aware] iter 29/50 [ERR] reward=    -inf  decay_linear(cs_rank(-1 * stddev(delta(close, 1), 20)), 500) + cs_rank(vwap - close)
[execution_aware] iter 30/50 [OK ] reward=-126.7716  decay_linear(cs_rank(-1 * stddev(delta(close, 1), 20)), 252) + cs_rank(vwap - close)
[execution_aware] iter 31/50 [ERR] reward=    -inf  decay_linear(cs_rank(-1 * stddev(delta(close, 1), 20)), 504)
[execution_aware] iter 32/50 [OK ] reward= -0.4503  decay_linear(cs_rank(-1 * stddev(delta(close, 1), 20)), 252)
[execution_aware] iter 33/50 [ERR] reward=    -inf  decay_linear(cs_rank(-1 * stddev(delta(close, 1), 20)), 504)
[execution_aware] iter 34/50 [OK ] reward= -0.4503  decay_linear(cs_rank(-1 * stddev(delta(close, 1), 20)), 252)
[execution_aware] iter 35/50 [ERR] reward=    -inf  decay_linear(cs_rank(-1 * stddev(delta(close, 1), 20)), 500)
[execution_aware] iter 36/50 [OK ] reward= -0.4503  decay_linear(cs_rank(-1 * stddev(delta(close, 1), 20)), 252)
[execution_aware] iter 37/50 [ERR] reward=    -inf  decay_linear(cs_rank(-1 * stddev(delta(close, 1), 20)), 500)
[execution_aware] iter 38/50 [OK ] reward= -0.7701  decay_linear(cs_rank(-1 * stddev(delta(close, 1), 20)), 100)
[execution_aware] iter 39/50 [ERR] reward=    -inf  decay_linear(cs_rank(-1 * stddev(delta(close, 1), 20)), 500)
[execution_aware] iter 40/50 [OK ] reward= -0.7701  decay_linear(cs_rank(-1 * stddev(delta(close, 1), 20)), 100)
[execution_aware] iter 41/50 [ERR] reward=    -inf  decay_linear(cs_rank(-1 * stddev(delta(close, 1), 20)), 365)
[execution_aware] iter 42/50 [OK ] reward= -0.4503  decay_linear(cs_rank(-1 * stddev(delta(close, 1), 20)), 252)
[execution_aware] iter 43/50 [ERR] reward=    -inf  decay_linear(cs_rank(-1 * stddev(delta(close, 1), 20)), 500)
[execution_aware] iter 44/50 [OK ] reward= -0.4503  decay_linear(cs_rank(-1 * stddev(delta(close, 1), 20)), 252)
[execution_aware] iter 45/50 [ERR] reward=    -inf  decay_linear(cs_rank(-1 * stddev(delta(close, 1), 20)), 500)
[execution_aware] iter 46/50 [OK ] reward= -0.6521  decay_linear(cs_rank(-1 * stddev(delta(close, 1), 20)), 126)
[execution_aware] iter 47/50 [ERR] reward=    -inf  decay_linear(cs_rank(-1 * stddev(delta(close, 1), 20)), 504)
[execution_aware] iter 48/50 [OK ] reward= -0.4503  decay_linear(cs_rank(-1 * stddev(delta(close, 1), 20)), 252)
[execution_aware] iter 49/50 [ERR] reward=    -inf  decay_linear(cs_rank(-1 * stddev(delta(close, 1), 20)), 504)
[execution_aware] iter 50/50 [OK ] reward= -0.6521  decay_linear(cs_rank(-1 * stddev(delta(close, 1), 20)), 126)
[wfo:execution_aware] fold 11 winner: decay_linear(cs_rank(-1 * stddev(delta(close, 1), 20)), 252)
[wfo:execution_aware] fold 11 OOS: Gross_IR=0.592 Turnover=2.80 Net_IR=0.356
[wfo:execution_aware] fold 12: train 2013-01-01..2017-12-31 -> test 2018-01-01..2018-12-31
[execution_aware] iter  0/50 [SEED] reward= -8.0682  rank(-1 * stddev(delta(close, 1), 20))
[execution_aware] iter  1/50 [OK ] reward= -1.3772  decay_linear(rank(-1 * stddev(delta(close, 1), 20)), 60)
[execution_aware] iter  2/50 [OK ] reward= -0.8934  decay_linear(rank(-1 * stddev(delta(close, 1), 20)), 120)
[execution_aware] iter  3/50 [OK ] reward= -0.6377  decay_linear(rank(-1 * stddev(delta(close, 1), 20)), 240)
[execution_aware] iter  4/50 [ERR] reward=    -inf  decay_linear(rank(-1 * stddev(delta(close, 1), 20)), 360)
[execution_aware] iter  5/50 [OK ] reward= -0.6377  decay_linear(cs_rank(-1 * stddev(delta(close, 1), 20)), 240)
[execution_aware] iter  6/50 [ERR] reward=    -inf  decay_linear(cs_rank(-1 * stddev(delta(close, 1), 20)), 360)
[execution_aware] iter  7/50 [OK ] reward= -0.6377  decay_linear(cs_rank(-1 * stddev(delta(close, 1), 20)), 240)
[execution_aware] iter  8/50 [ERR] reward=    -inf  decay_linear(cs_rank(-1 * stddev(delta(close, 1), 20)), 360)
[execution_aware] iter  9/50 [OK ] reward= -0.6377  decay_linear(cs_rank(-1 * stddev(delta(close, 1), 20)), 240)
[execution_aware] iter 10/50 [ERR] reward=    -inf  decay_linear(cs_rank(-1 * stddev(delta(close, 1), 20)), 480)
[execution_aware] iter 11/50 [OK ] reward= -0.6377  decay_linear(cs_rank(-1 * stddev(delta(close, 1), 20)), 240)
[execution_aware] iter 12/50 [ERR] reward=    -inf  decay_linear(rank(-1 * stddev(delta(close, 1), 20)), 360)
[execution_aware] iter 13/50 [OK ] reward= -0.6377  decay_linear(cs_rank(-1 * stddev(delta(close, 1), 20)), 240)
[execution_aware] iter 14/50 [ERR] reward=    -inf  decay_linear(cs_rank(-1 * stddev(delta(close, 1), 30)), 480)
[execution_aware] iter 15/50 [OK ] reward= -0.6377  decay_linear(cs_rank(-1 * stddev(delta(close, 1), 20)), 240)
[execution_aware] iter 16/50 [ERR] reward=    -inf  decay_linear(cs_rank(-1 * stddev(delta(close, 1), 20)), 360)
[execution_aware] iter 17/50 [OK ] reward= -0.7206  decay_linear(cs_rank(-1 * stddev(delta(close, 1), 20)), 180)
[execution_aware] iter 18/50 [ERR] reward=    -inf  decay_linear(cs_rank(-1 * stddev(delta(close, 1), 20)), 360)
[execution_aware] iter 19/50 [OK ] reward= -0.6377  decay_linear(cs_rank(-1 * stddev(delta(close, 1), 20)), 240)
[execution_aware] iter 20/50 [ERR] reward=    -inf  decay_linear(cs_rank(-1 * stddev(delta(close, 1), 20)), 500)
[execution_aware] iter 21/50 [OK ] reward= -0.6377  decay_linear(cs_rank(-1 * stddev(delta(close, 1), 20)), 240)
[execution_aware] iter 22/50 [ERR] reward=    -inf  decay_linear(cs_rank(-1 * stddev(delta(close, 1), 20)), 360)
[execution_aware] iter 23/50 [OK ] reward= -0.6377  decay_linear(cs_rank(-1 * stddev(delta(close, 1), 20)), 240)
[execution_aware] iter 24/50 [ERR] reward=    -inf  decay_linear(cs_rank(-1 * stddev(delta(close, 1), 20)), 360)
[execution_aware] iter 25/50 [OK ] reward= -0.6377  decay_linear(cs_rank(-1 * stddev(delta(close, 1), 20)), 240)
[execution_aware] iter 26/50 [ERR] reward=    -inf  decay_linear(cs_rank(-1 * stddev(delta(close, 1), 20)), 360)
[execution_aware] iter 27/50 [OK ] reward= -0.6377  decay_linear(cs_rank(-1 * stddev(delta(close, 1), 20)), 240)
[execution_aware] iter 28/50 [ERR] reward=    -inf  decay_linear(cs_rank(-1 * stddev(delta(close, 1), 20)), 360)
[execution_aware] iter 29/50 [OK ] reward= -0.6377  decay_linear(cs_rank(-1 * stddev(delta(close, 1), 20)), 240)
[execution_aware] iter 30/50 [ERR] reward=    -inf  decay_linear(cs_rank(-1 * stddev(delta(close, 1), 20)), 365)
[execution_aware] iter 31/50 [OK ] reward= -0.6377  decay_linear(cs_rank(-1 * stddev(delta(close, 1), 20)), 240)
[execution_aware] iter 32/50 [ERR] reward=    -inf  decay_linear(cs_rank(-1 * stddev(delta(close, 1), 20)), 500)
[execution_aware] iter 33/50 [OK ] reward= -0.6377  decay_linear(cs_rank(-1 * stddev(delta(close, 1), 20)), 240)
[execution_aware] iter 34/50 [ERR] reward=    -inf  decay_linear(cs_rank(-1 * stddev(delta(close, 1), 20)), 365)
[execution_aware] iter 35/50 [OK ] reward= -0.6377  decay_linear(cs_rank(-1 * stddev(delta(close, 1), 20)), 240)
[execution_aware] iter 36/50 [ERR] reward=    -inf  decay_linear(cs_rank(-1 * stddev(delta(close, 1), 20)), 480)
[execution_aware] iter 37/50 [OK ] reward= -0.6377  decay_linear(cs_rank(-1 * stddev(delta(close, 1), 20)), 240)
[execution_aware] iter 38/50 [ERR] reward=    -inf  decay_linear(cs_rank(-1 * stddev(delta(close, 1), 20)), 360)
[execution_aware] iter 39/50 [OK ] reward= -0.6377  decay_linear(cs_rank(-1 * stddev(delta(close, 1), 20)), 240)
[execution_aware] iter 40/50 [ERR] reward=    -inf  decay_linear(cs_rank(-1 * stddev(delta(close, 1), 20)), 360)
[execution_aware] iter 41/50 [OK ] reward= -0.6377  decay_linear(cs_rank(-1 * stddev(delta(close, 1), 20)), 240)
[execution_aware] iter 42/50 [ERR] reward=    -inf  decay_linear(cs_rank(-1 * stddev(delta(close, 1), 20)), 360)
[execution_aware] iter 43/50 [OK ] reward= -0.6377  decay_linear(cs_rank(-1 * stddev(delta(close, 1), 20)), 240)
[execution_aware] iter 44/50 [ERR] reward=    -inf  decay_linear(rank(-1 * stddev(delta(close, 1), 20)), 480)
[execution_aware] iter 45/50 [OK ] reward= -0.6377  decay_linear(cs_rank(-1 * stddev(delta(close, 1), 20)), 240)
[execution_aware] iter 46/50 [ERR] reward=    -inf  decay_linear(cs_rank(-1 * stddev(delta(close, 1), 20)), 500)
[execution_aware] iter 47/50 [OK ] reward= -0.6377  decay_linear(cs_rank(-1 * stddev(delta(close, 1), 20)), 240)
[execution_aware] iter 48/50 [ERR] reward=    -inf  decay_linear(cs_rank(-1 * stddev(delta(close, 1), 20)), 360)
[execution_aware] iter 49/50 [OK ] reward= -0.6377  decay_linear(cs_rank(-1 * stddev(delta(close, 1), 20)), 240)
[execution_aware] iter 50/50 [ERR] reward=    -inf  decay_linear(cs_rank(-1 * stddev(delta(close, 1), 20)), 500)
[wfo:execution_aware] fold 12 winner: decay_linear(rank(-1 * stddev(delta(close, 1), 20)), 240)
[wfo:execution_aware] fold 12 OOS: Gross_IR=0.684 Turnover=3.10 Net_IR=0.478
[wfo:execution_aware] fold 13: train 2014-01-01..2018-12-31 -> test 2019-01-01..2019-12-31
[execution_aware] iter  0/50 [SEED] reward= -8.1998  rank(-1 * stddev(delta(close, 1), 20))
[execution_aware] iter  1/50 [OK ] reward= -1.6607  decay_linear(rank(-1 * stddev(delta(close, 1), 20)), 60)
[execution_aware] iter  2/50 [OK ] reward= -1.1946  decay_linear(cs_rank(-1 * stddev(delta(close, 1), 20)), 120)
[execution_aware] iter  3/50 [OK ] reward= -0.9757  decay_linear(cs_rank(-1 * stddev(delta(close, 1), 20)), 240)
[execution_aware] iter  4/50 [ERR] reward=    -inf  decay_linear(cs_rank(-1 * stddev(delta(close, 1), 20)), 360)
[execution_aware] iter  5/50 [OK ] reward= -0.9757  decay_linear(cs_rank(-1 * stddev(delta(close, 1), 20)), 240)
[execution_aware] iter  6/50 [ERR] reward=    -inf  decay_linear(cs_rank(-1 * stddev(delta(close, 1), 20)), 500)
[execution_aware] iter  7/50 [OK ] reward= -0.9757  decay_linear(cs_rank(-1 * stddev(delta(close, 1), 20)), 240)
[execution_aware] iter  8/50 [ERR] reward=    -inf  decay_linear(cs_rank(-1 * stddev(delta(close, 1), 20)), 360)
[execution_aware] iter  9/50 [OK ] reward= -0.9757  decay_linear(cs_rank(-1 * stddev(delta(close, 1), 20)), 240)
[execution_aware] iter 10/50 [ERR] reward=    -inf  decay_linear(cs_rank(-1 * stddev(delta(close, 1), 20)), 360)
[execution_aware] iter 11/50 [OK ] reward= -0.9757  decay_linear(cs_rank(-1 * stddev(delta(close, 1), 20)), 240)
[execution_aware] iter 12/50 [ERR] reward=    -inf  decay_linear(cs_rank(-1 * stddev(delta(close, 1), 20)), 500)
[execution_aware] iter 13/50 [OK ] reward= -1.0138  decay_linear(cs_rank(-1 * stddev(delta(close, 1), 20)), 200)
[execution_aware] iter 14/50 [ERR] reward=    -inf  decay_linear(cs_rank(-1 * stddev(delta(close, 1), 20)), 300)
[execution_aware] iter 15/50 [OK ] reward= -0.9757  decay_linear(cs_rank(-1 * stddev(delta(close, 1), 20)), 240)
[execution_aware] iter 16/50 [ERR] reward=    -inf  decay_linear(cs_rank(-1 * stddev(delta(close, 1), 20)), 500)
[execution_aware] iter 17/50 [OK ] reward= -1.0138  decay_linear(cs_rank(-1 * stddev(delta(close, 1), 20)), 200)
[execution_aware] iter 18/50 [ERR] reward=    -inf  decay_linear(cs_rank(-1 * stddev(delta(close, 1), 20)), 300)
[execution_aware] iter 19/50 [OK ] reward= -0.9757  decay_linear(cs_rank(-1 * stddev(delta(close, 1), 20)), 240)
[execution_aware] iter 20/50 [ERR] reward=    -inf  decay_linear(cs_rank(-1 * stddev(delta(close, 1), 20)), 500)
[execution_aware] iter 21/50 [OK ] reward= -0.9757  decay_linear(cs_rank(-1 * stddev(delta(close, 1), 20)), 240)
[execution_aware] iter 22/50 [ERR] reward=    -inf  decay_linear(cs_rank(-1 * stddev(delta(close, 1), 20)), 360)
[execution_aware] iter 23/50 [OK ] reward= -0.9757  decay_linear(cs_rank(-1 * stddev(delta(close, 1), 20)), 240)
[execution_aware] iter 24/50 [ERR] reward=    -inf  decay_linear(cs_rank(-1 * stddev(delta(close, 1), 20)), 480)
[execution_aware] iter 25/50 [OK ] reward= -1.1946  decay_linear(cs_rank(-1 * stddev(delta(close, 1), 20)), 120)
[execution_aware] iter 26/50 [ERR] reward=    -inf  decay_linear(cs_rank(-1 * stddev(delta(close, 1), 20)), 480)
[execution_aware] iter 27/50 [OK ] reward= -0.9757  decay_linear(cs_rank(-1 * stddev(delta(close, 1), 20)), 240)
[execution_aware] iter 28/50 [ERR] reward=    -inf  decay_linear(cs_rank(-1 * stddev(delta(close, 1), 20)), 500)
[execution_aware] iter 29/50 [OK ] reward= -0.9757  decay_linear(cs_rank(-1 * stddev(delta(close, 1), 20)), 240)
[execution_aware] iter 30/50 [ERR] reward=    -inf  decay_linear(cs_rank(-1 * stddev(delta(close, 1), 20)), 365)
[execution_aware] iter 31/50 [OK ] reward= -0.8478  decay_linear(cs_rank(-1 * stddev(delta(close, 1), 20)), 240) + decay_linear(cs_rank(volume), 240)
[execution_aware] iter 32/50 [ERR] reward=    -inf  decay_linear(cs_rank(-1 * stddev(delta(close, 1), 20)), 480) + decay_linear(cs_rank(volume), 480)
[execution_aware] iter 33/50 [OK ] reward= -0.8611  decay_linear(cs_rank(-1 * stddev(delta(close, 1), 20)), 240) + decay_linear(cs_rank(volume), 180)
[execution_aware] iter 34/50 [OK ] reward= -0.8478  decay_linear(cs_rank(-1 * stddev(delta(close, 1), 20)), 240) + decay_linear(cs_rank(volume), 240)
[execution_aware] iter 35/50 [ERR] reward=    -inf  decay_linear(cs_rank(-1 * stddev(delta(close, 1), 20)), 360) + cs_rank(volume)
[execution_aware] iter 36/50 [OK ] reward= -0.8611  decay_linear(cs_rank(-1 * stddev(delta(close, 1), 20)), 240) + decay_linear(cs_rank(volume), 180)
[execution_aware] iter 37/50 [OK ] reward= -0.8478  decay_linear(cs_rank(-1 * stddev(delta(close, 1), 20)), 240) + decay_linear(cs_rank(volume), 240)
[execution_aware] iter 38/50 [ERR] reward=    -inf  decay_linear(cs_rank(-1 * stddev(delta(close, 1), 20)), 360) + decay_linear(cs_rank(volume), 360)
[execution_aware] iter 39/50 [OK ] reward= -0.8611  decay_linear(cs_rank(-1 * stddev(delta(close, 1), 20)), 240) + decay_linear(cs_rank(volume), 180)
[execution_aware] iter 40/50 [ERR] reward=    -inf  decay_linear(cs_rank(-1 * stddev(delta(close, 1), 20)), 360) + cs_rank(volume)
[execution_aware] iter 41/50 [OK ] reward= -0.9032  decay_linear(cs_rank(-1 * stddev(delta(close, 1), 20)), 240) + decay_linear(cs_rank(volume), 120)
[execution_aware] iter 42/50 [OK ] reward= -0.8478  decay_linear(cs_rank(-1 * stddev(delta(close, 1), 20)), 240) + decay_linear(cs_rank(volume), 240)
[execution_aware] iter 43/50 [OK ] reward= -0.8478  decay_linear(cs_rank(-1 * stddev(delta(close, 1), 20)), 240) + decay_linear(cs_rank(volume), 240)
[execution_aware] iter 44/50 [ERR] reward=    -inf  decay_linear(cs_rank(-1 * stddev(delta(close, 1), 20)), 480) + decay_linear(cs_rank(volume), 480)
[execution_aware] iter 45/50 [OK ] reward= -0.9032  decay_linear(cs_rank(-1 * stddev(delta(close, 1), 20)), 240) + decay_linear(cs_rank(volume), 120)
[execution_aware] iter 46/50 [OK ] reward= -0.8478  decay_linear(cs_rank(-1 * stddev(delta(close, 1), 20)), 240) + decay_linear(cs_rank(volume), 240)
[execution_aware] iter 47/50 [ERR] reward=    -inf  decay_linear(cs_rank(-1 * stddev(delta(close, 1), 20)), 480) + decay_linear(cs_rank(volume), 480)
[execution_aware] iter 48/50 [OK ] reward= -0.9032  decay_linear(cs_rank(-1 * stddev(delta(close, 1), 20)), 240) + decay_linear(cs_rank(volume), 120)
[execution_aware] iter 49/50 [OK ] reward= -0.9822  decay_linear(cs_rank(-1 * stddev(delta(close, 1), 20)), 240) + decay_linear(cs_rank(volume), 240) - decay_linear(cs_rank(close), 240)
[execution_aware] iter 50/50 [OK ] reward= -1.0822  decay_linear(cs_rank(-1 * stddev(delta(close, 1), 20)), 240) + decay_linear(cs_rank(volume), 240) + decay_linear(cs_rank(-1 * close), 240)
[wfo:execution_aware] fold 13 winner: decay_linear(cs_rank(-1 * stddev(delta(close, 1), 20)), 240) + decay_linear(cs_rank(volume), 240)
[wfo:execution_aware] fold 13 OOS: Gross_IR=0.975 Turnover=2.86 Net_IR=0.784
[wfo:execution_aware] fold 14: train 2015-01-01..2019-12-31 -> test 2020-01-01..2020-12-31
[execution_aware] iter  0/50 [SEED] reward= -7.9305  rank(-1 * stddev(delta(close, 1), 20))
[execution_aware] iter  1/50 [OK ] reward= -1.0735  decay_linear(cs_rank(-1 * stddev(delta(close, 1), 20)), 120)
[execution_aware] iter  2/50 [OK ] reward= -0.8769  decay_linear(cs_rank(-1 * stddev(delta(close, 1), 20)), 240)
[execution_aware] iter  3/50 [ERR] reward=    -inf  decay_linear(cs_rank(-1 * stddev(delta(close, 1), 20)), 500)
[execution_aware] iter  4/50 [OK ] reward= -0.8769  decay_linear(cs_rank(-1 * stddev(delta(close, 1), 20)), 240)
[execution_aware] iter  5/50 [ERR] reward=    -inf  decay_linear(cs_rank(-1 * stddev(delta(close, 1), 20)), 480)
[execution_aware] iter  6/50 [OK ] reward= -1.0735  decay_linear(cs_rank(-1 * stddev(delta(close, 1), 20)), 120)
[execution_aware] iter  7/50 [ERR] reward=    -inf  decay_linear(cs_rank(-1 * stddev(delta(close, 1), 20)), 360)
[execution_aware] iter  8/50 [OK ] reward= -0.9379  decay_linear(cs_rank(-1 * stddev(delta(close, 1), 20)), 180)
[execution_aware] iter  9/50 [ERR] reward=    -inf  decay_linear(cs_rank(-1 * stddev(delta(close, 1), 20)), 360)
[execution_aware] iter 10/50 [OK ] reward=-18.2435  decay_linear(cs_rank(-1 * stddev(delta(close, 1), 20)), 240) + cs_rank(volume / (volume + 1e-5))
[execution_aware] iter 11/50 [ERR] reward=    -inf  decay_linear(cs_rank(-1 * stddev(delta(close, 1), 20)), 500)
[execution_aware] iter 12/50 [OK ] reward= -0.8769  decay_linear(cs_rank(-1 * stddev(delta(close, 1), 20)), 240)
[execution_aware] iter 13/50 [ERR] reward=    -inf  decay_linear(cs_rank(-1 * stddev(delta(close, 1), 20)), 500)
[execution_aware] iter 14/50 [OK ] reward= -0.9379  decay_linear(cs_rank(-1 * stddev(delta(close, 1), 20)), 180)
[execution_aware] iter 15/50 [ERR] reward=    -inf  decay_linear(cs_rank(-1 * stddev(delta(close, 1), 20)), 360)
[execution_aware] iter 16/50 [OK ] reward= -0.8769  decay_linear(cs_rank(-1 * stddev(delta(close, 1), 20)), 240)
[execution_aware] iter 17/50 [ERR] reward=    -inf  decay_linear(cs_rank(-1 * stddev(delta(close, 1), 20)), 500)
[execution_aware] iter 18/50 [OK ] reward= -0.8769  decay_linear(cs_rank(-1 * stddev(delta(close, 1), 20)), 240)
[execution_aware] iter 19/50 [ERR] reward=    -inf  decay_linear(cs_rank(-1 * stddev(delta(close, 1), 20)), 360)
[execution_aware] iter 20/50 [OK ] reward= -0.8769  decay_linear(cs_rank(-1 * stddev(delta(close, 1), 20)), 240)
[execution_aware] iter 21/50 [ERR] reward=    -inf  decay_linear(cs_rank(-1 * stddev(delta(close, 1), 20)), 360)
[execution_aware] iter 22/50 [OK ] reward= -0.8769  decay_linear(cs_rank(-1 * stddev(delta(close, 1), 20)), 240)
[execution_aware] iter 23/50 [ERR] reward=    -inf  decay_linear(cs_rank(-1 * stddev(delta(close, 1), 20)), 360)
[execution_aware] iter 24/50 [OK ] reward= -0.8769  decay_linear(cs_rank(-1 * stddev(delta(close, 1), 20)), 240)
[execution_aware] iter 25/50 [ERR] reward=    -inf  decay_linear(cs_rank(-1 * stddev(delta(close, 1), 20)), 360)
[execution_aware] iter 26/50 [OK ] reward= -0.9149  decay_linear(cs_rank(-1 * stddev(delta(close, 1), 20)), 200)
[execution_aware] iter 27/50 [ERR] reward=    -inf  decay_linear(cs_rank(-1 * stddev(delta(close, 1), 20)), 300)
[execution_aware] iter 28/50 [OK ] reward= -0.8769  decay_linear(cs_rank(-1 * stddev(delta(close, 1), 20)), 240)
[execution_aware] iter 29/50 [ERR] reward=    -inf  decay_linear(cs_rank(-1 * stddev(delta(close, 1), 20)), 360)
[execution_aware] iter 30/50 [OK ] reward= -0.8769  decay_linear(cs_rank(-1 * stddev(delta(close, 1), 20)), 240)
[execution_aware] iter 31/50 [ERR] reward=    -inf  decay_linear(cs_rank(-1 * stddev(delta(close, 1), 20)), 360)
[execution_aware] iter 32/50 [OK ] reward= -0.8769  decay_linear(cs_rank(-1 * stddev(delta(close, 1), 20)), 240)
[execution_aware] iter 33/50 [ERR] reward=    -inf  decay_linear(cs_rank(-1 * stddev(delta(close, 1), 20)), 365)
[execution_aware] iter 34/50 [OK ] reward= -0.9149  decay_linear(cs_rank(-1 * stddev(delta(close, 1), 20)), 200)
[execution_aware] iter 35/50 [ERR] reward=    -inf  decay_linear(cs_rank(-1 * stddev(delta(close, 1), 20)), 360)
[execution_aware] iter 36/50 [OK ] reward= -0.8769  decay_linear(cs_rank(-1 * stddev(delta(close, 1), 20)), 240)
[execution_aware] iter 37/50 [ERR] reward=    -inf  decay_linear(cs_rank(-1 * stddev(delta(close, 1), 20)), 360)
[execution_aware] iter 38/50 [OK ] reward= -0.8769  decay_linear(cs_rank(-1 * stddev(delta(close, 1), 20)), 240)
[execution_aware] iter 39/50 [ERR] reward=    -inf  decay_linear(cs_rank(-1 * stddev(delta(close, 1), 20)), 360)
[execution_aware] iter 40/50 [OK ] reward= -0.8769  decay_linear(cs_rank(-1 * stddev(delta(close, 1), 20)), 240)
[execution_aware] iter 41/50 [ERR] reward=    -inf  decay_linear(cs_rank(-1 * stddev(delta(close, 1), 20)), 360)
[execution_aware] iter 42/50 [OK ] reward= -0.8769  decay_linear(cs_rank(-1 * stddev(delta(close, 1), 20)), 240)
[execution_aware] iter 43/50 [ERR] reward=    -inf  decay_linear(cs_rank(-1 * stddev(delta(close, 1), 20)), 500)
[execution_aware] iter 44/50 [OK ] reward= -0.8769  decay_linear(cs_rank(-1 * stddev(delta(close, 1), 20)), 240)
[execution_aware] iter 45/50 [ERR] reward=    -inf  decay_linear(cs_rank(-1 * stddev(delta(close, 1), 20)), 360)
[execution_aware] iter 46/50 [OK ] reward= -0.9379  decay_linear(cs_rank(-1 * stddev(delta(close, 1), 20)), 180)
[execution_aware] iter 47/50 [ERR] reward=    -inf  decay_linear(cs_rank(-1 * stddev(delta(close, 1), 20)), 360)
[execution_aware] iter 48/50 [OK ] reward= -0.9379  decay_linear(cs_rank(-1 * stddev(delta(close, 1), 20)), 180)
[execution_aware] iter 49/50 [OK ] reward= -0.8769  decay_linear(cs_rank(-1 * stddev(delta(close, 1), 20)), 240)
[execution_aware] iter 50/50 [ERR] reward=    -inf  decay_linear(cs_rank(-1 * stddev(delta(close, 1), 20)), 500)
[wfo:execution_aware] fold 14 winner: decay_linear(cs_rank(-1 * stddev(delta(close, 1), 20)), 240)
[wfo:execution_aware] fold 14 OOS: Gross_IR=-0.287 Turnover=4.12 Net_IR=-0.443
[wfo:execution_aware] fold 15: train 2016-01-01..2020-12-31 -> test 2021-01-01..2021-12-31
[execution_aware] iter  0/50 [SEED] reward= -7.8990  rank(-1 * stddev(delta(close, 1), 20))
[execution_aware] iter  1/50 [OK ] reward= -1.7757  decay_linear(rank(-1 * stddev(delta(close, 1), 20)), 60)
[execution_aware] iter  2/50 [OK ] reward= -1.4159  decay_linear(cs_rank(-1 * stddev(delta(close, 1), 20)), 120)
[execution_aware] iter  3/50 [OK ] reward= -1.2809  decay_linear(cs_rank(-1 * stddev(delta(close, 1), 20)), 240)
[execution_aware] iter  4/50 [ERR] reward=    -inf  decay_linear(cs_rank(-1 * stddev(delta(close, 1), 20)), 500)
[execution_aware] iter  5/50 [OK ] reward= -1.2809  decay_linear(cs_rank(-1 * stddev(delta(close, 1), 20)), 240)
[execution_aware] iter  6/50 [ERR] reward=    -inf  decay_linear(cs_rank(-1 * stddev(delta(close, 1), 20)), 360)
[execution_aware] iter  7/50 [OK ] reward= -1.3242  decay_linear(cs_rank(-1 * stddev(delta(close, 1), 20)), 180)
[execution_aware] iter  8/50 [ERR] reward=    -inf  decay_linear(cs_rank(-1 * stddev(delta(close, 1), 20)), 300)
[execution_aware] iter  9/50 [OK ] reward= -1.2809  decay_linear(cs_rank(-1 * stddev(delta(close, 1), 20)), 240)
[execution_aware] iter 10/50 [ERR] reward=    -inf  decay_linear(cs_rank(-1 * stddev(delta(close, 1), 20)), 480)
[execution_aware] iter 11/50 [OK ] reward= -1.3242  decay_linear(cs_rank(-1 * stddev(delta(close, 1), 20)), 180)
[execution_aware] iter 12/50 [ERR] reward=    -inf  decay_linear(cs_rank(-1 * stddev(delta(close, 1), 20)), 300)
[execution_aware] iter 13/50 [OK ] reward= -1.2809  decay_linear(cs_rank(-1 * stddev(delta(close, 1), 20)), 240)
[execution_aware] iter 14/50 [ERR] reward=    -inf  decay_linear(cs_rank(-1 * stddev(delta(close, 1), 20)), 500)
[execution_aware] iter 15/50 [OK ] reward= -1.3063  decay_linear(cs_rank(-1 * stddev(delta(close, 1), 20)), 200)
[execution_aware] iter 16/50 [ERR] reward=    -inf  decay_linear(cs_rank(-1 * stddev(delta(close, 1), 20)), 300)
[execution_aware] iter 17/50 [ERR] reward=    -inf  decay_linear(cs_rank(-1 * stddev(delta(close, 1), 20)), 240) + decay_linear(cs_rank(vwap / close - 1), 240)
[execution_aware] iter 18/50 [OK ] reward= -1.8307  decay_linear(cs_rank(-1 * stddev(delta(close, 1), 20)), 240) + decay_linear(cs_rank((vwap - close) / (close + 1e-5)), 240)
[execution_aware] iter 19/50 [ERR] reward=    -inf  decay_linear(cs_rank(-1 * stddev(delta(close, 1), 20)), 360)
[execution_aware] iter 20/50 [OK ] reward= -1.2809  decay_linear(cs_rank(-1 * stddev(delta(close, 1), 20)), 240)
[execution_aware] iter 21/50 [ERR] reward=    -inf  decay_linear(cs_rank(-1 * stddev(delta(close, 1), 20)), 500)
[execution_aware] iter 22/50 [OK ] reward= -1.3242  decay_linear(cs_rank(-1 * stddev(delta(close, 1), 20)), 180)
[execution_aware] iter 23/50 [ERR] reward=    -inf  decay_linear(cs_rank(-1 * stddev(delta(close, 1), 20)), 360)
[execution_aware] iter 24/50 [OK ] reward= -1.2809  decay_linear(cs_rank(-1 * stddev(delta(close, 1), 20)), 240)
[execution_aware] iter 25/50 [ERR] reward=    -inf  decay_linear(cs_rank(-1 * stddev(delta(close, 1), 20)), 360)
[execution_aware] iter 26/50 [OK ] reward= -0.9943  decay_linear(cs_rank(-1 * stddev(delta(close, 1), 20)), 240) + decay_linear(cs_rank(volume), 240)
[execution_aware] iter 27/50 [ERR] reward=    -inf  decay_linear(cs_rank(-1 * stddev(delta(close, 1), 20)), 360) + decay_linear(cs_rank(volume), 360)
[execution_aware] iter 28/50 [OK ] reward= -1.0110  decay_linear(cs_rank(-1 * stddev(delta(close, 1), 20)), 240) + decay_linear(cs_rank(volume), 180)
[execution_aware] iter 29/50 [ERR] reward=    -inf  decay_linear(cs_rank(-1 * stddev(delta(close, 1), 20)), 360) + decay_linear(cs_rank(volume), 240)
[execution_aware] iter 30/50 [OK ] reward= -1.0110  decay_linear(cs_rank(-1 * stddev(delta(close, 1), 20)), 240) + decay_linear(cs_rank(volume), 180)
[execution_aware] iter 31/50 [ERR] reward=    -inf  decay_linear(cs_rank(-1 * stddev(delta(close, 1), 20)), 360) + cs_rank(volume)
[execution_aware] iter 32/50 [OK ] reward= -1.2549  decay_linear(cs_rank(-1 * stddev(delta(close, 1), 20)), 240) + decay_linear(cs_rank(volume), 240) - decay_linear(cs_rank(high - low), 240)
[execution_aware] iter 33/50 [ERR] reward=    -inf  decay_linear(cs_rank(-1 * stddev(delta(close, 1), 20)), 480) + decay_linear(cs_rank(volume), 480)
[execution_aware] iter 34/50 [OK ] reward=-16.1632  decay_linear(cs_rank(-1 * stddev(delta(close, 1), 20)), 240) + decay_linear(cs_rank(volume), 240) + cs_rank(zscore(close, 60))
[execution_aware] iter 35/50 [OK ] reward= -0.9943  decay_linear(cs_rank(-1 * stddev(delta(close, 1), 20)), 240) + decay_linear(cs_rank(volume), 240)
[execution_aware] iter 36/50 [ERR] reward=    -inf  decay_linear(cs_rank(-1 * stddev(delta(close, 1), 20)), 480) + decay_linear(cs_rank(volume), 480)
[execution_aware] iter 37/50 [OK ] reward= -1.0503  decay_linear(cs_rank(-1 * stddev(delta(close, 1), 20)), 240) + decay_linear(cs_rank(volume), 120)
[execution_aware] iter 38/50 [OK ] reward= -1.3517  decay_linear(cs_rank(-1 * stddev(delta(close, 1), 20)), 240) + decay_linear(cs_rank(volume), 240) + decay_linear(cs_rank(close - vwap), 240)
[execution_aware] iter 39/50 [ERR] reward=    -inf  decay_linear(cs_rank(-1 * stddev(delta(close, 1), 20)), 480) + decay_linear(cs_rank(volume), 480)
[execution_aware] iter 40/50 [OK ] reward= -1.0503  decay_linear(cs_rank(-1 * stddev(delta(close, 1), 20)), 240) + decay_linear(cs_rank(volume), 120)
[execution_aware] iter 41/50 [OK ] reward= -0.9943  decay_linear(cs_rank(-1 * stddev(delta(close, 1), 20)), 240) + decay_linear(cs_rank(volume), 240)
[execution_aware] iter 42/50 [ERR] reward=    -inf  decay_linear(cs_rank(-1 * stddev(delta(close, 1), 20)), 360) + decay_linear(cs_rank(volume), 360)
[execution_aware] iter 43/50 [OK ] reward= -1.0503  decay_linear(cs_rank(-1 * stddev(delta(close, 1), 20)), 240) + decay_linear(cs_rank(volume), 120)
[execution_aware] iter 44/50 [ERR] reward=    -inf  decay_linear(cs_rank(-1 * stddev(delta(close, 1), 20)), 300) + cs_rank(volume)
[execution_aware] iter 45/50 [OK ] reward= -1.0503  decay_linear(cs_rank(-1 * stddev(delta(close, 1), 20)), 240) + decay_linear(cs_rank(volume), 120)
[execution_aware] iter 46/50 [OK ] reward= -0.9943  decay_linear(cs_rank(-1 * stddev(delta(close, 1), 20)), 240) + decay_linear(cs_rank(volume), 240)
[execution_aware] iter 47/50 [ERR] reward=    -inf  decay_linear(cs_rank(-1 * stddev(delta(close, 1), 20)), 480) + decay_linear(cs_rank(volume), 480)
[execution_aware] iter 48/50 [OK ] reward= -0.9943  decay_linear(cs_rank(-1 * stddev(delta(close, 1), 20)), 240) + decay_linear(cs_rank(volume), 240)
[execution_aware] iter 49/50 [ERR] reward=    -inf  decay_linear(cs_rank(-1 * stddev(delta(close, 1), 20)), 300) + decay_linear(cs_rank(volume), 300)
[execution_aware] iter 50/50 [OK ] reward= -1.0110  decay_linear(cs_rank(-1 * stddev(delta(close, 1), 20)), 240) + decay_linear(cs_rank(volume), 180)
[wfo:execution_aware] fold 15 winner: decay_linear(cs_rank(-1 * stddev(delta(close, 1), 20)), 240) + decay_linear(cs_rank(volume), 240)
[wfo:execution_aware] fold 15 OOS: Gross_IR=0.791 Turnover=3.19 Net_IR=0.639
[wfo:execution_aware] fold 16: train 2017-01-01..2021-12-31 -> test 2022-01-01..2022-12-31
[execution_aware] iter  0/50 [SEED] reward= -7.8118  rank(-1 * stddev(delta(close, 1), 20))
[execution_aware] iter  1/50 [OK ] reward= -1.5487  decay_linear(rank(-1 * stddev(delta(close, 1), 20)), 120)
[execution_aware] iter  2/50 [OK ] reward= -1.4394  decay_linear(cs_rank(-1 * stddev(delta(close, 1), 40)), 240)
[execution_aware] iter  3/50 [ERR] reward=    -inf  decay_linear(cs_rank(-1 * stddev(delta(close, 1), 40)), 360)
[execution_aware] iter  4/50 [OK ] reward= -1.4415  decay_linear(cs_rank(-1 * stddev(delta(close, 1), 30)), 240)
[execution_aware] iter  5/50 [ERR] reward=    -inf  decay_linear(cs_rank(-1 * stddev(delta(close, 1), 40)), 360)
[execution_aware] iter  6/50 [OK ] reward= -1.4992  decay_linear(cs_rank(-1 * stddev(delta(close, 1), 40)), 120)
[execution_aware] iter  7/50 [ERR] reward=    -inf  decay_linear(cs_rank(-1 * stddev(delta(close, 1), 40)), 360)
[execution_aware] iter  8/50 [OK ] reward= -1.4584  decay_linear(cs_rank(-1 * stddev(delta(close, 1), 40)), 180)
[execution_aware] iter  9/50 [ERR] reward=    -inf  decay_linear(cs_rank(-1 * stddev(delta(close, 1), 40)), 360)
[execution_aware] iter 10/50 [OK ] reward= -1.4394  decay_linear(cs_rank(-1 * stddev(delta(close, 1), 40)), 240)
[execution_aware] iter 11/50 [ERR] reward=    -inf  decay_linear(cs_rank(-1 * stddev(delta(close, 1), 40)), 360)
[execution_aware] iter 12/50 [OK ] reward= -1.4584  decay_linear(cs_rank(-1 * stddev(delta(close, 1), 40)), 180)
[execution_aware] iter 13/50 [ERR] reward=    -inf  decay_linear(cs_rank(-1 * stddev(delta(close, 1), 40)), 360)
[execution_aware] iter 14/50 [OK ] reward= -1.4584  decay_linear(cs_rank(-1 * stddev(delta(close, 1), 40)), 180)
[execution_aware] iter 15/50 [ERR] reward=    -inf  decay_linear(cs_rank(-1 * stddev(delta(close, 1), 40)), 360)
[execution_aware] iter 16/50 [OK ] reward= -1.4992  decay_linear(cs_rank(-1 * stddev(delta(close, 1), 40)), 120)
[execution_aware] iter 17/50 [ERR] reward=    -inf  decay_linear(cs_rank(-1 * stddev(delta(close, 1), 40)), 480)
[execution_aware] iter 18/50 [OK ] reward= -1.4992  decay_linear(cs_rank(-1 * stddev(delta(close, 1), 40)), 120)
[execution_aware] iter 19/50 [ERR] reward=    -inf  decay_linear(cs_rank(-1 * stddev(delta(close, 1), 40)), 360)
[execution_aware] iter 20/50 [OK ] reward= -1.4394  decay_linear(cs_rank(-1 * stddev(delta(close, 1), 40)), 240)
[execution_aware] iter 21/50 [ERR] reward=    -inf  decay_linear(cs_rank(-1 * stddev(delta(close, 1), 40)), 500)
[execution_aware] iter 22/50 [OK ] reward= -1.4992  decay_linear(cs_rank(-1 * stddev(delta(close, 1), 40)), 120)
[execution_aware] iter 23/50 [ERR] reward=    -inf  decay_linear(cs_rank(-1 * stddev(delta(close, 1), 40)), 360)
[execution_aware] iter 24/50 [OK ] reward= -1.4584  decay_linear(cs_rank(-1 * stddev(delta(close, 1), 40)), 180)
[execution_aware] iter 25/50 [ERR] reward=    -inf  decay_linear(cs_rank(-1 * stddev(delta(close, 1), 40)), 360)
[execution_aware] iter 26/50 [OK ] reward= -1.4394  decay_linear(cs_rank(-1 * stddev(delta(close, 1), 40)), 240)
[execution_aware] iter 27/50 [ERR] reward=    -inf  decay_linear(cs_rank(-1 * stddev(delta(close, 1), 80)), 480)
[execution_aware] iter 28/50 [OK ] reward= -1.5070  decay_linear(cs_rank(-1 * stddev(delta(close, 1), 60)), 120)
[execution_aware] iter 29/50 [ERR] reward=    -inf  decay_linear(cs_rank(-1 * stddev(delta(close, 1), 40)), 360)
[execution_aware] iter 30/50 [OK ] reward= -1.4394  decay_linear(cs_rank(-1 * stddev(delta(close, 1), 40)), 240)
[execution_aware] iter 31/50 [ERR] reward=    -inf  decay_linear(cs_rank(-1 * stddev(delta(close, 1), 60)), 360)
[execution_aware] iter 32/50 [OK ] reward= -1.4490  decay_linear(cs_rank(-1 * stddev(delta(close, 1), 40)), 200)
[execution_aware] iter 33/50 [ERR] reward=    -inf  decay_linear(cs_rank(-1 * stddev(delta(close, 1), 40)), 300)
[execution_aware] iter 34/50 [OK ] reward= -1.4415  decay_linear(cs_rank(-1 * stddev(delta(close, 1), 30)), 240)
[execution_aware] iter 35/50 [ERR] reward=    -inf  decay_linear(cs_rank(-1 * stddev(delta(close, 1), 40)), 480)
[execution_aware] iter 36/50 [OK ] reward= -1.4394  decay_linear(cs_rank(-1 * stddev(delta(close, 1), 40)), 240)
[execution_aware] iter 37/50 [ERR] reward=    -inf  decay_linear(cs_rank(-1 * stddev(delta(close, 1), 80)), 480)
[execution_aware] iter 38/50 [OK ] reward= -1.5487  decay_linear(cs_rank(-1 * stddev(delta(close, 1), 20)), 120)
[execution_aware] iter 39/50 [ERR] reward=    -inf  decay_linear(cs_rank(-1 * stddev(delta(close, 1), 40)), 480)
[execution_aware] iter 40/50 [OK ] reward= -1.4992  decay_linear(cs_rank(-1 * stddev(delta(close, 1), 40)), 120)
[execution_aware] iter 41/50 [ERR] reward=    -inf  decay_linear(cs_rank(-1 * stddev(delta(close, 1), 40)), 360)
[execution_aware] iter 42/50 [OK ] reward= -1.4453  decay_linear(cs_rank(-1 * stddev(delta(close, 1), 20)), 240)
[execution_aware] iter 43/50 [ERR] reward=    -inf  decay_linear(cs_rank(-1 * stddev(delta(close, 1), 40)), 480)
[execution_aware] iter 44/50 [OK ] reward= -1.4490  decay_linear(cs_rank(-1 * stddev(delta(close, 1), 40)), 200)
[execution_aware] iter 45/50 [ERR] reward=    -inf  decay_linear(cs_rank(-1 * stddev(delta(close, 1), 40)), 300)
[execution_aware] iter 46/50 [OK ] reward= -1.4490  decay_linear(cs_rank(-1 * stddev(delta(close, 1), 40)), 200)
[execution_aware] iter 47/50 [ERR] reward=    -inf  decay_linear(cs_rank(-1 * stddev(delta(close, 1), 40)), 300)
[execution_aware] iter 48/50 [OK ] reward= -1.5487  decay_linear(cs_rank(-1 * stddev(delta(close, 1), 20)), 120)
[execution_aware] iter 49/50 [ERR] reward=    -inf  decay_linear(cs_rank(-1 * stddev(delta(close, 1), 40)), 360)
[execution_aware] iter 50/50 [OK ] reward= -1.4415  decay_linear(cs_rank(-1 * stddev(delta(close, 1), 30)), 240)
[wfo:execution_aware] fold 16 winner: decay_linear(cs_rank(-1 * stddev(delta(close, 1), 40)), 240)
[wfo:execution_aware] fold 16 OOS: Gross_IR=1.290 Turnover=3.89 Net_IR=1.146
[wfo:execution_aware] fold 17: train 2018-01-01..2022-12-31 -> test 2023-01-01..2023-12-31
[execution_aware] iter  0/50 [SEED] reward= -7.2032  rank(-1 * stddev(delta(close, 1), 20))
[execution_aware] iter  1/50 [OK ] reward= -1.3994  decay_linear(rank(-1 * stddev(delta(close, 1), 20)), 126)
[execution_aware] iter  2/50 [OK ] reward= -1.3170  decay_linear(rank(-1 * stddev(delta(close, 1), 20)), 252)
[execution_aware] iter  3/50 [ERR] reward=    -inf  decay_linear(rank(-1 * stddev(delta(close, 1), 20)), 500)
[execution_aware] iter  4/50 [OK ] reward= -8.4820  decay_linear(ts_rank(-1 * stddev(delta(close, 1), 20), 20), 252)
[execution_aware] iter  5/50 [ERR] reward=    -inf  decay_linear(rank(-1 * stddev(delta(close, 1), 20)), 500)
[execution_aware] iter  6/50 [OK ] reward= -1.3170  decay_linear(cs_rank(-1 * stddev(delta(close, 1), 20)), 252)
[execution_aware] iter  7/50 [ERR] reward=    -inf  decay_linear(cs_rank(-1 * stddev(delta(close, 1), 20)), 500)
[execution_aware] iter  8/50 [OK ] reward= -1.3170  decay_linear(cs_rank(-1 * stddev(delta(close, 1), 20)), 252)
[execution_aware] iter  9/50 [ERR] reward=    -inf  decay_linear(cs_rank(-1 * stddev(delta(close, 1), 20)), 500)
[execution_aware] iter 10/50 [OK ] reward= -1.3170  decay_linear(cs_rank(-1 * stddev(delta(close, 1), 20)), 252)
[execution_aware] iter 11/50 [ERR] reward=    -inf  decay_linear(cs_rank(-1 * stddev(delta(close, 1), 20)), 504)
[execution_aware] iter 12/50 [OK ] reward= -1.3170  decay_linear(cs_rank(-1 * stddev(delta(close, 1), 20)), 252)
[execution_aware] iter 13/50 [ERR] reward=    -inf  decay_linear(cs_rank(-1 * stddev(delta(close, 1), 20)), 500)
[execution_aware] iter 14/50 [OK ] reward= -1.3170  decay_linear(cs_rank(-1 * stddev(delta(close, 1), 20)), 252)
[execution_aware] iter 15/50 [ERR] reward=    -inf  decay_linear(cs_rank(-1 * stddev(delta(close, 1), 20)), 500)
[execution_aware] iter 16/50 [OK ] reward= -1.3170  decay_linear(cs_rank(-1 * stddev(delta(close, 1), 20)), 252)
[execution_aware] iter 17/50 [ERR] reward=    -inf  decay_linear(cs_rank(-1 * stddev(delta(close, 1), 20)), 500)
[execution_aware] iter 18/50 [OK ] reward= -1.3170  decay_linear(cs_rank(-1 * stddev(delta(close, 1), 20)), 252)
[execution_aware] iter 19/50 [ERR] reward=    -inf  decay_linear(cs_rank(-1 * stddev(delta(close, 1), 20)), 500)
[execution_aware] iter 20/50 [OK ] reward= -1.3170  decay_linear(cs_rank(-1 * stddev(delta(close, 1), 20)), 252)
[execution_aware] iter 21/50 [ERR] reward=    -inf  decay_linear(cs_rank(-1 * stddev(delta(close, 1), 20)), 500)
[execution_aware] iter 22/50 [OK ] reward= -1.3170  decay_linear(cs_rank(-1 * stddev(delta(close, 1), 20)), 252)
[execution_aware] iter 23/50 [ERR] reward=    -inf  decay_linear(cs_rank(-1 * stddev(delta(close, 1), 20)), 504)
[execution_aware] iter 24/50 [OK ] reward= -1.3170  decay_linear(cs_rank(-1 * stddev(delta(close, 1), 20)), 252)
[execution_aware] iter 25/50 [ERR] reward=    -inf  decay_linear(cs_rank(-1 * stddev(delta(close, 1), 20)), 500)
[execution_aware] iter 26/50 [OK ] reward= -1.3170  decay_linear(cs_rank(-1 * stddev(delta(close, 1), 20)), 252)
[execution_aware] iter 27/50 [ERR] reward=    -inf  decay_linear(cs_rank(-1 * stddev(delta(close, 1), 30)), 500)
[execution_aware] iter 28/50 [OK ] reward= -1.3170  decay_linear(cs_rank(-1 * stddev(delta(close, 1), 20)), 252)
[execution_aware] iter 29/50 [ERR] reward=    -inf  decay_linear(cs_rank(-1 * stddev(delta(close, 1), 20)), 500)
[execution_aware] iter 30/50 [OK ] reward= -1.3170  decay_linear(cs_rank(-1 * stddev(delta(close, 1), 20)), 252)
[execution_aware] iter 31/50 [ERR] reward=    -inf  decay_linear(cs_rank(-1 * stddev(delta(close, 1), 20)), 504)
[execution_aware] iter 32/50 [OK ] reward= -1.3170  decay_linear(cs_rank(-1 * stddev(delta(close, 1), 20)), 252)
[execution_aware] iter 33/50 [ERR] reward=    -inf  decay_linear(cs_rank(-1 * stddev(delta(close, 1), 20)), 504)
[execution_aware] iter 34/50 [OK ] reward= -1.3170  decay_linear(cs_rank(-1 * stddev(delta(close, 1), 20)), 252)
[execution_aware] iter 35/50 [ERR] reward=    -inf  decay_linear(ts_rank(-1 * stddev(delta(close, 1), 20), 252), 504)
[execution_aware] iter 36/50 [OK ] reward= -1.3170  decay_linear(cs_rank(-1 * stddev(delta(close, 1), 20)), 252)
[execution_aware] iter 37/50 [ERR] reward=    -inf  decay_linear(cs_rank(-1 * stddev(delta(close, 1), 20)), 500)
[execution_aware] iter 38/50 [OK ] reward= -1.3170  decay_linear(cs_rank(-1 * stddev(delta(close, 1), 20)), 252)
[execution_aware] iter 39/50 [ERR] reward=    -inf  decay_linear(cs_rank(-1 * stddev(delta(close, 1), 20)), 504)
[execution_aware] iter 40/50 [OK ] reward= -1.3170  decay_linear(cs_rank(-1 * stddev(delta(close, 1), 20)), 252)
[execution_aware] iter 41/50 [ERR] reward=    -inf  decay_linear(cs_rank(-1 * stddev(delta(close, 1), 20)), 504)
[execution_aware] iter 42/50 [OK ] reward= -1.3170  decay_linear(cs_rank(-1 * stddev(delta(close, 1), 20)), 252)
[execution_aware] iter 43/50 [ERR] reward=    -inf  decay_linear(cs_rank(-1 * stddev(delta(close, 1), 20)), 500)
[execution_aware] iter 44/50 [OK ] reward= -1.3170  decay_linear(cs_rank(-1 * stddev(delta(close, 1), 20)), 252)
[execution_aware] iter 45/50 [ERR] reward=    -inf  decay_linear(cs_rank(-1 * stddev(delta(close, 1), 20)), 500)
[execution_aware] iter 46/50 [OK ] reward= -1.3170  decay_linear(cs_rank(-1 * stddev(delta(close, 1), 20)), 252)
[execution_aware] iter 47/50 [ERR] reward=    -inf  decay_linear(cs_rank(-1 * stddev(delta(close, 1), 20)), 500)
[execution_aware] iter 48/50 [OK ] reward= -1.3170  decay_linear(cs_rank(-1 * stddev(delta(close, 1), 20)), 252)
[execution_aware] iter 49/50 [ERR] reward=    -inf  decay_linear(cs_rank(-1 * stddev(delta(close, 1), 20)), 500)
[execution_aware] iter 50/50 [OK ] reward= -1.3170  decay_linear(cs_rank(-1 * stddev(delta(close, 1), 20)), 252)
[wfo:execution_aware] fold 17 winner: decay_linear(rank(-1 * stddev(delta(close, 1), 20)), 252)
[wfo:execution_aware] fold 17 OOS: Gross_IR=0.081 Turnover=3.20 Net_IR=-0.101
[wfo:execution_aware] fold 18: train 2019-01-01..2023-12-31 -> test 2024-01-01..2024-12-31
[execution_aware] iter  0/50 [SEED] reward= -7.0747  rank(-1 * stddev(delta(close, 1), 20))
[execution_aware] iter  1/50 [OK ] reward= -1.5252  decay_linear(cs_rank(-1 * stddev(delta(close, 1), 20)), 100)
[execution_aware] iter  2/50 [OK ] reward= -1.4272  decay_linear(cs_rank(-1 * stddev(delta(close, 1), 20)), 200)
[execution_aware] iter  3/50 [ERR] reward=    -inf  decay_linear(cs_rank(-1 * stddev(delta(close, 1), 20)), 500)
[execution_aware] iter  4/50 [OK ] reward= -1.4117  decay_linear(cs_rank(-1 * stddev(delta(close, 1), 20)), 252)
[execution_aware] iter  5/50 [ERR] reward=    -inf  decay_linear(cs_rank(-1 * stddev(delta(close, 1), 20)), 500)
[execution_aware] iter  6/50 [OK ] reward= -1.4117  decay_linear(cs_rank(-1 * stddev(delta(close, 1), 20)), 252)
[execution_aware] iter  7/50 [ERR] reward=    -inf  decay_linear(cs_rank(-1 * stddev(delta(close, 1), 20)), 500)
[execution_aware] iter  8/50 [OK ] reward= -1.4117  decay_linear(cs_rank(-1 * stddev(delta(close, 1), 20)), 252)
[execution_aware] iter  9/50 [ERR] reward=    -inf  decay_linear(cs_rank(-1 * stddev(delta(close, 1), 20)), 500)
[execution_aware] iter 10/50 [OK ] reward= -1.4762  decay_linear(cs_rank(-1 * stddev(delta(close, 1), 20)), 126)
[execution_aware] iter 11/50 [ERR] reward=    -inf  decay_linear(cs_rank(-1 * stddev(delta(close, 1), 20)), 504)
[execution_aware] iter 12/50 [OK ] reward= -1.4117  decay_linear(cs_rank(-1 * stddev(delta(close, 1), 20)), 252)
[execution_aware] iter 13/50 [ERR] reward=    -inf  decay_linear(cs_rank(-1 * stddev(delta(close, 1), 20)), 504)
[execution_aware] iter 14/50 [OK ] reward= -1.4117  decay_linear(cs_rank(-1 * stddev(delta(close, 1), 20)), 252)
[execution_aware] iter 15/50 [ERR] reward=    -inf  decay_linear(cs_rank(-1 * stddev(delta(close, 1), 20)), 500)
[execution_aware] iter 16/50 [OK ] reward= -1.4117  decay_linear(cs_rank(-1 * stddev(delta(close, 1), 20)), 252)
[execution_aware] iter 17/50 [ERR] reward=    -inf  decay_linear(cs_rank(-1 * stddev(delta(close, 1), 20)), 500)
[execution_aware] iter 18/50 [OK ] reward=-13.6308  decay_linear(cs_rank(-1 * stddev(delta(close, 1), 20)), 252) * cs_rank(volume)
[execution_aware] iter 19/50 [ERR] reward=    -inf  decay_linear(cs_rank(-1 * stddev(delta(close, 1), 20)), 500) * cs_rank(volume)
[execution_aware] iter 20/50 [OK ] reward=-13.6308  decay_linear(cs_rank(-1 * stddev(delta(close, 1), 20)), 252) * cs_rank(volume)
[execution_aware] iter 21/50 [ERR] reward=    -inf  decay_linear(cs_rank(-1 * stddev(delta(close, 1), 20)), 500) * cs_rank(volume)
[execution_aware] iter 22/50 [OK ] reward=-13.6308  decay_linear(cs_rank(-1 * stddev(delta(close, 1), 20)), 252) * cs_rank(volume)
[execution_aware] iter 23/50 [ERR] reward=    -inf  decay_linear(cs_rank(-1 * stddev(delta(close, 1), 20)), 500) * cs_rank(volume)
[execution_aware] iter 24/50 [OK ] reward=-13.6308  decay_linear(cs_rank(-1 * stddev(delta(close, 1), 20)), 252) * cs_rank(volume)
[execution_aware] iter 25/50 [ERR] reward=    -inf  decay_linear(cs_rank(-1 * stddev(delta(close, 1), 20)), 500) * cs_rank(volume)
[execution_aware] iter 26/50 [OK ] reward=-13.7306  decay_linear(cs_rank(-1 * stddev(delta(close, 1), 20)), 252) * cs_rank(volume / (volume + 1e-5))
[execution_aware] iter 27/50 [OK ] reward= -1.4117  decay_linear(cs_rank(-1 * stddev(delta(close, 1), 20)), 252)
[execution_aware] iter 28/50 [ERR] reward=    -inf  decay_linear(cs_rank(-1 * stddev(delta(close, 1), 20)), 500)
[execution_aware] iter 29/50 [OK ] reward= -1.4272  decay_linear(cs_rank(-1 * stddev(delta(close, 1), 20)), 200)
[execution_aware] iter 30/50 [ERR] reward=    -inf  decay_linear(cs_rank(-1 * stddev(delta(close, 1), 20)), 500)
[execution_aware] iter 31/50 [OK ] reward= -1.4117  decay_linear(cs_rank(-1 * stddev(delta(close, 1), 20)), 252)
[execution_aware] iter 32/50 [ERR] reward=    -inf  decay_linear(cs_rank(-1 * stddev(delta(close, 1), 40)), 504)
[execution_aware] iter 33/50 [OK ] reward= -1.4117  decay_linear(cs_rank(-1 * stddev(delta(close, 1), 20)), 252)
[execution_aware] iter 34/50 [ERR] reward=    -inf  decay_linear(cs_rank(-1 * stddev(delta(close, 1), 20)), 500)
[execution_aware] iter 35/50 [OK ] reward= -1.4117  decay_linear(cs_rank(-1 * stddev(delta(close, 1), 20)), 252)
[execution_aware] iter 36/50 [ERR] reward=    -inf  decay_linear(cs_rank(-1 * stddev(delta(close, 1), 20)), 500)
[execution_aware] iter 37/50 [OK ] reward= -1.4371  decay_linear(cs_rank(-1 * stddev(delta(close, 1), 20)), 180)
[execution_aware] iter 38/50 [ERR] reward=    -inf  decay_linear(cs_rank(-1 * stddev(delta(close, 1), 20)), 500)
[execution_aware] iter 39/50 [OK ] reward= -1.4117  decay_linear(cs_rank(-1 * stddev(delta(close, 1), 20)), 252)
[execution_aware] iter 40/50 [ERR] reward=    -inf  decay_linear(cs_rank(-1 * stddev(delta(close, 1), 20)), 500)
[execution_aware] iter 41/50 [OK ] reward= -1.4117  decay_linear(cs_rank(-1 * stddev(delta(close, 1), 20)), 252)
[execution_aware] iter 42/50 [ERR] reward=    -inf  decay_linear(cs_rank(-1 * stddev(delta(close, 1), 20)), 504)
[execution_aware] iter 43/50 [OK ] reward= -1.4117  decay_linear(cs_rank(-1 * stddev(delta(close, 1), 20)), 252)
[execution_aware] iter 44/50 [ERR] reward=    -inf  decay_linear(cs_rank(-1 * stddev(delta(close, 1), 20)), 500)
[execution_aware] iter 45/50 [OK ] reward= -1.4762  decay_linear(cs_rank(-1 * stddev(delta(close, 1), 20)), 126)
[execution_aware] iter 46/50 [ERR] reward=    -inf  decay_linear(cs_rank(-1 * stddev(delta(close, 1), 20)), 504)
[execution_aware] iter 47/50 [OK ] reward= -1.4762  decay_linear(cs_rank(-1 * stddev(delta(close, 1), 20)), 126)
[execution_aware] iter 48/50 [ERR] reward=    -inf  decay_linear(cs_rank(-1 * stddev(delta(close, 1), 20)), 504)
[execution_aware] iter 49/50 [OK ] reward= -1.4117  decay_linear(cs_rank(-1 * stddev(delta(close, 1), 20)), 252)
[execution_aware] iter 50/50 [ERR] reward=    -inf  decay_linear(cs_rank(-1 * stddev(delta(close, 1), 20)), 500)
[wfo:execution_aware] fold 18 winner: decay_linear(cs_rank(-1 * stddev(delta(close, 1), 20)), 252)
[wfo:execution_aware] fold 18 OOS: Gross_IR=1.205 Turnover=3.39 Net_IR=1.048
[wfo:execution_aware] fold 19: train 2020-01-01..2024-12-31 -> test 2025-01-01..2025-12-31
[execution_aware] iter  0/50 [SEED] reward= -7.0539  rank(-1 * stddev(delta(close, 1), 20))
[execution_aware] iter  1/50 [OK ] reward= -1.7069  decay_linear(rank(-1 * stddev(delta(close, 1), 20)), 60)
[execution_aware] iter  2/50 [OK ] reward= -1.4275  decay_linear(rank(-1 * stddev(delta(close, 1), 20)), 120)
[execution_aware] iter  3/50 [OK ] reward= -1.3129  decay_linear(rank(-1 * stddev(delta(close, 1), 20)), 240)
[execution_aware] iter  4/50 [ERR] reward=    -inf  decay_linear(rank(-1 * stddev(delta(close, 1), 20)), 500)
[execution_aware] iter  5/50 [OK ] reward= -1.3129  decay_linear(rank(-1 * stddev(delta(close, 1), 20)), 240)
[execution_aware] iter  6/50 [ERR] reward=    -inf  decay_linear(rank(-1 * stddev(delta(close, 1), 20)), 360)
[execution_aware] iter  7/50 [OK ] reward= -1.3129  decay_linear(cs_rank(-1 * stddev(delta(close, 1), 20)), 240)
[execution_aware] iter  8/50 [ERR] reward=    -inf  decay_linear(rank(-1 * stddev(delta(close, 1), 20)), 500)
[execution_aware] iter  9/50 [OK ] reward= -1.3129  decay_linear(rank(-1 * stddev(delta(close, 1), 20)), 240)
[execution_aware] iter 10/50 [ERR] reward=    -inf  decay_linear(rank(-1 * stddev(delta(close, 1), 20)), 500)
[execution_aware] iter 11/50 [OK ] reward= -9.3722  decay_linear(cs_rank(-1 * ts_rank(stddev(delta(close, 1), 20), 20)), 240)
[execution_aware] iter 12/50 [ERR] reward=    -inf  decay_linear(cs_rank(-1 * stddev(delta(close, 1), 20)), 360)
[execution_aware] iter 13/50 [OK ] reward= -1.3129  decay_linear(cs_rank(-1 * stddev(delta(close, 1), 20)), 240)
[execution_aware] iter 14/50 [ERR] reward=    -inf  decay_linear(cs_rank(-1 * stddev(delta(close, 1), 20)), 360)
[execution_aware] iter 15/50 [OK ] reward= -1.3129  decay_linear(cs_rank(-1 * stddev(delta(close, 1), 20)), 240)
[execution_aware] iter 16/50 [ERR] reward=    -inf  decay_linear(cs_rank(-1 * stddev(delta(close, 1), 20)), 480)
[execution_aware] iter 17/50 [OK ] reward= -1.3129  decay_linear(cs_rank(-1 * stddev(delta(close, 1), 20)), 240)
[execution_aware] iter 18/50 [ERR] reward=    -inf  decay_linear(cs_rank(-1 * stddev(delta(close, 1), 20)), 480)
[execution_aware] iter 19/50 [OK ] reward= -1.3129  decay_linear(cs_rank(-1 * stddev(delta(close, 1), 20)), 240)
[execution_aware] iter 20/50 [ERR] reward=    -inf  decay_linear(cs_rank(-1 * stddev(delta(close, 1), 40)), 480)
[execution_aware] iter 21/50 [OK ] reward= -1.3129  decay_linear(cs_rank(-1 * stddev(delta(close, 1), 20)), 240)
[execution_aware] iter 22/50 [ERR] reward=    -inf  decay_linear(cs_rank(-1 * stddev(delta(close, 1), 20)), 480)
[execution_aware] iter 23/50 [OK ] reward= -1.3129  decay_linear(cs_rank(-1 * stddev(delta(close, 1), 20)), 240)
[execution_aware] iter 24/50 [ERR] reward=    -inf  decay_linear(cs_rank(-1 * stddev(delta(close, 1), 20)), 480)
[execution_aware] iter 25/50 [OK ] reward= -1.3129  decay_linear(cs_rank(-1 * stddev(delta(close, 1), 20)), 240)
[execution_aware] iter 26/50 [ERR] reward=    -inf  decay_linear(cs_rank(-1 * stddev(delta(close, 1), 20)), 480)
[execution_aware] iter 27/50 [OK ] reward= -1.3129  decay_linear(cs_rank(-1 * stddev(delta(close, 1), 20)), 240)
[execution_aware] iter 28/50 [ERR] reward=    -inf  decay_linear(rank(-1 * stddev(delta(close, 1), 20)), 480)
[execution_aware] iter 29/50 [OK ] reward= -1.3129  decay_linear(cs_rank(-1 * stddev(delta(close, 1), 20)), 240)
[execution_aware] iter 30/50 [ERR] reward=    -inf  decay_linear(cs_rank(-1 * stddev(delta(close, 1), 30)), 360)
[execution_aware] iter 31/50 [OK ] reward= -1.3129  decay_linear(cs_rank(-1 * stddev(delta(close, 1), 20)), 240)
[execution_aware] iter 32/50 [ERR] reward=    -inf  decay_linear(cs_rank(-1 * stddev(delta(close, 1), 20)), 480)
[execution_aware] iter 33/50 [OK ] reward= -1.3129  decay_linear(cs_rank(-1 * stddev(delta(close, 1), 20)), 240)
[execution_aware] iter 34/50 [ERR] reward=    -inf  decay_linear(cs_rank(-1 * stddev(delta(close, 1), 30)), 360)
[execution_aware] iter 35/50 [OK ] reward= -1.3129  decay_linear(cs_rank(-1 * stddev(delta(close, 1), 20)), 240)
[execution_aware] iter 36/50 [ERR] reward=    -inf  decay_linear(rank(-1 * stddev(delta(close, 1), 20)), 480)
[execution_aware] iter 37/50 [OK ] reward= -4.2537  decay_linear(ts_rank(-1 * stddev(delta(close, 1), 20), 240), 120)
[execution_aware] iter 38/50 [ERR] reward=    -inf  decay_linear(rank(-1 * stddev(delta(close, 1), 20)), 480)
[execution_aware] iter 39/50 [OK ] reward= -1.3129  decay_linear(rank(-1 * stddev(delta(close, 1), 20)), 240)
[execution_aware] iter 40/50 [ERR] reward=    -inf  decay_linear(rank(-1 * stddev(delta(close, 1), 20)), 500)
[execution_aware] iter 41/50 [OK ] reward= -1.3129  decay_linear(rank(-1 * stddev(delta(close, 1), 20)), 240)
[execution_aware] iter 42/50 [ERR] reward=    -inf  decay_linear(rank(-1 * stddev(delta(close, 1), 20)), 500)
[execution_aware] iter 43/50 [OK ] reward= -1.3129  decay_linear(rank(-1 * stddev(delta(close, 1), 20)), 240)
[execution_aware] iter 44/50 [ERR] reward=    -inf  decay_linear(rank(-1 * stddev(delta(close, 1), 20)), 480)
[execution_aware] iter 45/50 [OK ] reward= -1.3129  decay_linear(cs_rank(-1 * stddev(delta(close, 1), 20)), 240)
[execution_aware] iter 46/50 [ERR] reward=    -inf  decay_linear(cs_rank(-1 * stddev(delta(close, 1), 20)), 360)
[execution_aware] iter 47/50 [OK ] reward= -1.3129  decay_linear(cs_rank(-1 * stddev(delta(close, 1), 20)), 240)
[execution_aware] iter 48/50 [ERR] reward=    -inf  decay_linear(cs_rank(-1 * stddev(delta(close, 1), 20)), 360)
[execution_aware] iter 49/50 [OK ] reward= -1.3129  decay_linear(cs_rank(-1 * stddev(delta(close, 1), 20)), 240)
[execution_aware] iter 50/50 [ERR] reward=    -inf  decay_linear(cs_rank(-1 * stddev(delta(close, 1), 20)), 360)
[wfo:execution_aware] fold 19 winner: decay_linear(rank(-1 * stddev(delta(close, 1), 20)), 240)
[wfo:execution_aware] fold 19 OOS: Gross_IR=0.680 Turnover=3.60 Net_IR=0.500
[wfo:execution_aware] fold 20: train 2021-01-01..2025-12-31 -> test 2026-01-01..2026-08-13
[execution_aware] iter  0/50 [SEED] reward= -7.0100  rank(-1 * stddev(delta(close, 1), 20))
[execution_aware] iter  1/50 [OK ] reward= -1.2599  decay_linear(cs_rank(-1 * stddev(delta(close, 1), 20)), 100)
[execution_aware] iter  2/50 [OK ] reward= -1.0451  decay_linear(cs_rank(-1 * stddev(delta(close, 1), 20)), 200)
[execution_aware] iter  3/50 [ERR] reward=    -inf  decay_linear(cs_rank(-1 * stddev(delta(close, 1), 20)), 300)
[execution_aware] iter  4/50 [OK ] reward= -1.1226  decay_linear(cs_rank(-1 * stddev(delta(close, 1), 20)), 150)
[execution_aware] iter  5/50 [ERR] reward=    -inf  decay_linear(cs_rank(-1 * stddev(delta(close, 1), 20)), 300)
[execution_aware] iter  6/50 [OK ] reward= -1.1226  decay_linear(cs_rank(-1 * stddev(delta(close, 1), 20)), 150)
[execution_aware] iter  7/50 [ERR] reward=    -inf  decay_linear(cs_rank(-1 * stddev(delta(close, 1), 20)), 300)
[execution_aware] iter  8/50 [OK ] reward= -1.0451  decay_linear(cs_rank(-1 * stddev(delta(close, 1), 20)), 200)
[execution_aware] iter  9/50 [ERR] reward=    -inf  decay_linear(cs_rank(-1 * stddev(delta(close, 1), 20)), 400)
[execution_aware] iter 10/50 [OK ] reward= -1.0451  decay_linear(cs_rank(-1 * stddev(delta(close, 1), 20)), 200)
[execution_aware] iter 11/50 [ERR] reward=    -inf  decay_linear(cs_rank(-1 * stddev(delta(close, 1), 20)), 500)
[execution_aware] iter 12/50 [OK ] reward= -1.0451  decay_linear(cs_rank(-1 * stddev(delta(close, 1), 20)), 200)
[execution_aware] iter 13/50 [ERR] reward=    -inf  decay_linear(cs_rank(-1 * stddev(delta(close, 1), 20)), 400)
[execution_aware] iter 14/50 [OK ] reward= -1.2599  decay_linear(cs_rank(-1 * stddev(delta(close, 1), 20)), 100)
[execution_aware] iter 15/50 [ERR] reward=    -inf  decay_linear(cs_rank(-1 * stddev(delta(close, 1), 20)), 400)
[execution_aware] iter 16/50 [OK ] reward= -1.1226  decay_linear(cs_rank(-1 * stddev(delta(close, 1), 20)), 150)
[execution_aware] iter 17/50 [ERR] reward=    -inf  decay_linear(cs_rank(-1 * stddev(delta(close, 1), 20)), 300)
[execution_aware] iter 18/50 [OK ] reward= -1.0451  decay_linear(cs_rank(-1 * stddev(delta(close, 1), 20)), 200)
[execution_aware] iter 19/50 [ERR] reward=    -inf  decay_linear(cs_rank(-1 * stddev(delta(close, 1), 20)), 400)
[execution_aware] iter 20/50 [OK ] reward= -0.9936  decay_linear(cs_rank(-1 * stddev(delta(close, 1), 20)), 252)
[execution_aware] iter 21/50 [ERR] reward=    -inf  decay_linear(cs_rank(-1 * stddev(delta(close, 1), 20)), 500)
[execution_aware] iter 22/50 [OK ] reward= -0.9936  decay_linear(cs_rank(-1 * stddev(delta(close, 1), 20)), 252)
[execution_aware] iter 23/50 [ERR] reward=    -inf  decay_linear(cs_rank(-1 * stddev(delta(close, 1), 20)), 500)
[execution_aware] iter 24/50 [OK ] reward= -0.9936  decay_linear(cs_rank(-1 * stddev(delta(close, 1), 20)), 252)
[execution_aware] iter 25/50 [ERR] reward=    -inf  decay_linear(cs_rank(-1 * stddev(delta(close, 1), 20)), 500)
[execution_aware] iter 26/50 [OK ] reward= -1.1226  decay_linear(cs_rank(-1 * stddev(delta(close, 1), 20)), 150)
[execution_aware] iter 27/50 [ERR] reward=    -inf  decay_linear(cs_rank(-1 * stddev(delta(close, 1), 20)), 500)
[execution_aware] iter 28/50 [OK ] reward= -0.9936  decay_linear(cs_rank(-1 * stddev(delta(close, 1), 20)), 252)
[execution_aware] iter 29/50 [ERR] reward=    -inf  decay_linear(cs_rank(-1 * stddev(delta(close, 1), 20)), 500)
[execution_aware] iter 30/50 [OK ] reward= -1.1732  decay_linear(cs_rank(-1 * stddev(delta(close, 1), 20)), 126)
[execution_aware] iter 31/50 [ERR] reward=    -inf  decay_linear(cs_rank(-1 * stddev(delta(close, 1), 20)), 504)
[execution_aware] iter 32/50 [OK ] reward= -0.9936  decay_linear(cs_rank(-1 * stddev(delta(close, 1), 20)), 252)
[execution_aware] iter 33/50 [ERR] reward=    -inf  decay_linear(cs_rank(-1 * stddev(delta(close, 1), 20)), 504)
[execution_aware] iter 34/50 [OK ] reward= -1.1732  decay_linear(cs_rank(-1 * stddev(delta(close, 1), 20)), 126)
[execution_aware] iter 35/50 [ERR] reward=    -inf  decay_linear(cs_rank(-1 * stddev(delta(close, 1), 20)), 504)
[execution_aware] iter 36/50 [OK ] reward= -1.1732  decay_linear(cs_rank(-1 * stddev(delta(close, 1), 20)), 126)
[execution_aware] iter 37/50 [ERR] reward=    -inf  decay_linear(cs_rank(-1 * stddev(delta(close, 1), 20)), 504)
[execution_aware] iter 38/50 [OK ] reward= -0.9936  decay_linear(cs_rank(-1 * stddev(delta(close, 1), 20)), 252)
[execution_aware] iter 39/50 [ERR] reward=    -inf  decay_linear(cs_rank(-1 * stddev(delta(close, 1), 20)), 500)
[execution_aware] iter 40/50 [OK ] reward= -0.9936  decay_linear(cs_rank(-1 * stddev(delta(close, 1), 20)), 252)
[execution_aware] iter 41/50 [ERR] reward=    -inf  decay_linear(cs_rank(-1 * stddev(delta(close, 1), 20)), 500)
[execution_aware] iter 42/50 [OK ] reward= -0.9936  decay_linear(cs_rank(-1 * stddev(delta(close, 1), 20)), 252)
[execution_aware] iter 43/50 [ERR] reward=    -inf  decay_linear(cs_rank(-1 * stddev(delta(close, 1), 20)), 500)
[execution_aware] iter 44/50 [OK ] reward= -1.0362  decay_linear(cs_rank(-1 * stddev(delta(close, 1), 10)), 252)
[execution_aware] iter 45/50 [ERR] reward=    -inf  decay_linear(cs_rank(-1 * stddev(delta(close, 1), 20)), 504)
[execution_aware] iter 46/50 [OK ] reward= -1.0362  decay_linear(cs_rank(-1 * stddev(delta(close, 1), 10)), 252)
[execution_aware] iter 47/50 [ERR] reward=    -inf  decay_linear(cs_rank(-1 * stddev(delta(close, 1), 20)), 500)
[execution_aware] iter 48/50 [OK ] reward= -0.9936  decay_linear(cs_rank(-1 * stddev(delta(close, 1), 20)), 252)
[execution_aware] iter 49/50 [ERR] reward=    -inf  decay_linear(cs_rank(-1 * stddev(delta(close, 1), 20)), 500)
[execution_aware] iter 50/50 [OK ] reward= -0.9936  decay_linear(cs_rank(-1 * stddev(delta(close, 1), 20)), 252)
[wfo:execution_aware] fold 20 winner: decay_linear(cs_rank(-1 * stddev(delta(close, 1), 20)), 252)
[wfo:execution_aware] fold 20 OOS: Gross_IR=0.091 Turnover=5.22 Net_IR=-0.045
[gamma_sweep] checkpointed gamma_sweep_summary.csv (3 rows)

==============================================================================
turnover_only_g1_1.0_g2_0.0
==============================================================================
[LocalQwenClient] seed=1001 main_gpu=0
[wfo:execution_aware] fold 0: train 2001-01-01..2005-12-31 -> test 2006-01-01..2006-12-31
[execution_aware] iter  0/50 [SEED] reward=-17.9795  rank(-1 * stddev(delta(close, 1), 20))
[execution_aware] iter  1/50 [OK ] reward= -4.9029  decay_linear(rank(-1 * stddev(delta(close, 1), 20)), 60)
[execution_aware] iter  2/50 [OK ] reward= -4.1910  decay_linear(rank(-1 * stddev(delta(close, 1), 20)), 120)
[execution_aware] iter  3/50 [OK ] reward= -3.9538  decay_linear(rank(-1 * stddev(delta(close, 1), 20)), 240)
[execution_aware] iter  4/50 [ERR] reward=    -inf  decay_linear(rank(-1 * stddev(delta(close, 1), 20)), 360)
[execution_aware] iter  5/50 [OK ] reward= -3.9538  decay_linear(cs_rank(-1 * stddev(delta(close, 1), 20)), 240)
[execution_aware] iter  6/50 [ERR] reward=    -inf  decay_linear(cs_rank(-1 * stddev(delta(close, 1), 20)), 500)
[execution_aware] iter  7/50 [OK ] reward= -3.9538  decay_linear(cs_rank(-1 * stddev(delta(close, 1), 20)), 240)
[execution_aware] iter  8/50 [ERR] reward=    -inf  decay_linear(cs_rank(-1 * stddev(delta(close, 1), 20)), 500)
[execution_aware] iter  9/50 [OK ] reward= -3.9538  decay_linear(cs_rank(-1 * stddev(delta(close, 1), 20)), 240)
[execution_aware] iter 10/50 [ERR] reward=    -inf  decay_linear(cs_rank(-1 * stddev(delta(close, 1), 20)), 480)
[execution_aware] iter 11/50 [OK ] reward= -3.9538  decay_linear(cs_rank(-1 * stddev(delta(close, 1), 20)), 240)
[execution_aware] iter 12/50 [ERR] reward=    -inf  decay_linear(cs_rank(-1 * stddev(delta(close, 1), 20)), 360)
[execution_aware] iter 13/50 [OK ] reward= -3.9538  decay_linear(cs_rank(-1 * stddev(delta(close, 1), 20)), 240)
[execution_aware] iter 14/50 [ERR] reward=    -inf  decay_linear(cs_rank(-1 * stddev(delta(close, 1), 20)), 480)
[execution_aware] iter 15/50 [OK ] reward= -3.9538  decay_linear(cs_rank(-1 * stddev(delta(close, 1), 20)), 240)
[execution_aware] iter 16/50 [ERR] reward=    -inf  decay_linear(cs_rank(-1 * stddev(delta(close, 1), 20)), 360)
[execution_aware] iter 17/50 [OK ] reward= -3.9538  decay_linear(cs_rank(-1 * stddev(delta(close, 1), 20)), 240)
[execution_aware] iter 18/50 [ERR] reward=    -inf  decay_linear(cs_rank(-1 * stddev(delta(close, 1), 20)), 360)
[execution_aware] iter 19/50 [OK ] reward= -3.9538  decay_linear(cs_rank(-1 * stddev(delta(close, 1), 20)), 240)
[execution_aware] iter 20/50 [ERR] reward=    -inf  decay_linear(cs_rank(-1 * stddev(delta(close, 1), 20)), 500)
[execution_aware] iter 21/50 [OK ] reward= -3.9538  decay_linear(cs_rank(-1 * stddev(delta(close, 1), 20)), 240)
[execution_aware] iter 22/50 [ERR] reward=    -inf  decay_linear(cs_rank(-1 * stddev(delta(close, 1), 20)), 360)
[execution_aware] iter 23/50 [OK ] reward= -3.9538  decay_linear(cs_rank(-1 * stddev(delta(close, 1), 20)), 240)
[execution_aware] iter 24/50 [ERR] reward=    -inf  decay_linear(cs_rank(-1 * stddev(delta(close, 1), 20)), 360)
[execution_aware] iter 25/50 [OK ] reward= -4.0112  decay_linear(cs_rank(-1 * stddev(delta(close, 1), 20)), 180)
[execution_aware] iter 26/50 [ERR] reward=    -inf  decay_linear(cs_rank(-1 * stddev(delta(close, 1), 20)), 360)
[execution_aware] iter 27/50 [OK ] reward= -3.9538  decay_linear(cs_rank(-1 * stddev(delta(close, 1), 20)), 240)
[execution_aware] iter 28/50 [ERR] reward=    -inf  decay_linear(cs_rank(-1 * stddev(delta(close, 1), 20)), 500)
[execution_aware] iter 29/50 [OK ] reward= -3.9538  decay_linear(cs_rank(-1 * stddev(delta(close, 1), 20)), 240)
[execution_aware] iter 30/50 [ERR] reward=    -inf  decay_linear(cs_rank(-1 * stddev(delta(close, 1), 30)), 360)
[execution_aware] iter 31/50 [OK ] reward= -3.9538  decay_linear(cs_rank(-1 * stddev(delta(close, 1), 20)), 240)
[execution_aware] iter 32/50 [ERR] reward=    -inf  decay_linear(cs_rank(-1 * stddev(delta(close, 1), 20)), 480)
[execution_aware] iter 33/50 [OK ] reward= -3.9538  decay_linear(cs_rank(-1 * stddev(delta(close, 1), 20)), 240)
[execution_aware] iter 34/50 [ERR] reward=    -inf  decay_linear(cs_rank(-1 * stddev(delta(close, 1), 40)), 480)
[execution_aware] iter 35/50 [OK ] reward= -3.9538  decay_linear(cs_rank(-1 * stddev(delta(close, 1), 20)), 240)
[execution_aware] iter 36/50 [ERR] reward=    -inf  decay_linear(cs_rank(-1 * stddev(delta(close, 1), 20)), 360)
[execution_aware] iter 37/50 [OK ] reward= -3.9538  decay_linear(cs_rank(-1 * stddev(delta(close, 1), 20)), 240)
[execution_aware] iter 38/50 [ERR] reward=    -inf  decay_linear(cs_rank(-1 * stddev(delta(close, 1), 20)), 480)
[execution_aware] iter 39/50 [OK ] reward= -3.9538  decay_linear(cs_rank(-1 * stddev(delta(close, 1), 20)), 240)
[execution_aware] iter 40/50 [ERR] reward=    -inf  decay_linear(cs_rank(-1 * stddev(delta(close, 1), 20)), 360)
[execution_aware] iter 41/50 [OK ] reward= -3.9538  decay_linear(cs_rank(-1 * stddev(delta(close, 1), 20)), 240)
[execution_aware] iter 42/50 [ERR] reward=    -inf  decay_linear(cs_rank(-1 * stddev(delta(close, 1), 20)), 360)
[execution_aware] iter 43/50 [OK ] reward= -3.9538  decay_linear(cs_rank(-1 * stddev(delta(close, 1), 20)), 240)
[execution_aware] iter 44/50 [ERR] reward=    -inf  decay_linear(cs_rank(-1 * stddev(delta(close, 1), 30)), 360)
[execution_aware] iter 45/50 [OK ] reward= -3.9538  decay_linear(cs_rank(-1 * stddev(delta(close, 1), 20)), 240)
[execution_aware] iter 46/50 [ERR] reward=    -inf  decay_linear(cs_rank(-1 * stddev(delta(close, 1), 20)), 360)
[execution_aware] iter 47/50 [OK ] reward= -3.9538  decay_linear(cs_rank(-1 * stddev(delta(close, 1), 20)), 240)
[execution_aware] iter 48/50 [ERR] reward=    -inf  decay_linear(cs_rank(-1 * stddev(delta(close, 1), 20)), 480)
[execution_aware] iter 49/50 [OK ] reward= -3.9538  decay_linear(cs_rank(-1 * stddev(delta(close, 1), 20)), 240)
[execution_aware] iter 50/50 [ERR] reward=    -inf  decay_linear(cs_rank(-1 * stddev(delta(close, 1), 30)), 360)
[wfo:execution_aware] fold 0 winner: decay_linear(rank(-1 * stddev(delta(close, 1), 20)), 240)
[wfo:execution_aware] fold 0 OOS: Gross_IR=1.257 Turnover=3.44 Net_IR=1.089
[wfo:execution_aware] fold 1: train 2002-01-01..2006-12-31 -> test 2007-01-01..2007-12-31
[execution_aware] iter  0/50 [SEED] reward=-17.4987  rank(-1 * stddev(delta(close, 1), 20))
[execution_aware] iter  1/50 [OK ] reward= -3.9411  decay_linear(rank(-1 * stddev(delta(close, 1), 20)), 60)
[execution_aware] iter  2/50 [OK ] reward= -3.1099  decay_linear(rank(-1 * stddev(delta(close, 1), 20)), 120)
[execution_aware] iter  3/50 [OK ] reward= -2.7712  decay_linear(rank(-1 * stddev(delta(close, 1), 20)), 240)
[execution_aware] iter  4/50 [ERR] reward=    -inf  decay_linear(rank(-1 * stddev(delta(close, 1), 30)), 500)
[execution_aware] iter  5/50 [OK ] reward= -2.9499  decay_linear(rank(-1 * stddev(delta(close, 1), 252)), 240)
[execution_aware] iter  6/50 [ERR] reward=    -inf  decay_linear(cs_rank(-1 * stddev(delta(close, 1), 20)), 480)
[execution_aware] iter  7/50 [OK ] reward= -2.7712  decay_linear(cs_rank(-1 * stddev(delta(close, 1), 20)), 240)
[execution_aware] iter  8/50 [ERR] reward=    -inf  decay_linear(cs_rank(-1 * stddev(delta(close, 1), 20)), 500)
[execution_aware] iter  9/50 [OK ] reward= -2.7712  decay_linear(cs_rank(-1 * stddev(delta(close, 1), 20)), 240)
[execution_aware] iter 10/50 [ERR] reward=    -inf  decay_linear(cs_rank(-1 * stddev(delta(close, 1), 20)), 360)
[execution_aware] iter 11/50 [OK ] reward= -2.7712  decay_linear(cs_rank(-1 * stddev(delta(close, 1), 20)), 240)
[execution_aware] iter 12/50 [ERR] reward=    -inf  decay_linear(cs_rank(-1 * stddev(delta(close, 1), 20)), 360)
[execution_aware] iter 13/50 [OK ] reward= -2.7712  decay_linear(cs_rank(-1 * stddev(delta(close, 1), 20)), 240)
[execution_aware] iter 14/50 [ERR] reward=    -inf  decay_linear(cs_rank(-1 * stddev(delta(close, 1), 30)), 360)
[execution_aware] iter 15/50 [OK ] reward= -8.3802  decay_linear(ts_rank(-1 * stddev(delta(close, 1), 20), 240), 120)
[execution_aware] iter 16/50 [ERR] reward=    -inf  decay_linear(rank(-1 * stddev(delta(close, 1), 20)), 360)
[execution_aware] iter 17/50 [OK ] reward= -2.7712  decay_linear(cs_rank(-1 * stddev(delta(close, 1), 20)), 240)
[execution_aware] iter 18/50 [ERR] reward=    -inf  decay_linear(cs_rank(-1 * stddev(delta(close, 1), 20)), 360)
[execution_aware] iter 19/50 [OK ] reward= -2.7712  decay_linear(cs_rank(-1 * stddev(delta(close, 1), 20)), 240)
[execution_aware] iter 20/50 [ERR] reward=    -inf  decay_linear(cs_rank(-1 * stddev(delta(close, 1), 30)), 360)
[execution_aware] iter 21/50 [OK ] reward= -8.3802  decay_linear(ts_rank(-1 * stddev(delta(close, 1), 20), 240), 120)
[execution_aware] iter 22/50 [ERR] reward=    -inf  decay_linear(cs_rank(-1 * stddev(delta(close, 1), 20)), 500)
[execution_aware] iter 23/50 [OK ] reward= -2.7712  decay_linear(cs_rank(-1 * stddev(delta(close, 1), 20)), 240)
[execution_aware] iter 24/50 [ERR] reward=    -inf  decay_linear(cs_rank(-1 * stddev(delta(close, 1), 20)), 500)
[execution_aware] iter 25/50 [OK ] reward= -2.7712  decay_linear(cs_rank(-1 * stddev(delta(close, 1), 20)), 240)
[execution_aware] iter 26/50 [ERR] reward=    -inf  decay_linear(cs_rank(-1 * stddev(delta(close, 1), 40)), 360)
[execution_aware] iter 27/50 [OK ] reward= -3.1099  decay_linear(cs_rank(-1 * stddev(delta(close, 1), 20)), 120)
[execution_aware] iter 28/50 [OK ] reward= -2.7712  decay_linear(cs_rank(-1 * stddev(delta(close, 1), 20)), 240)
[execution_aware] iter 29/50 [ERR] reward=    -inf  decay_linear(cs_rank(-1 * stddev(delta(close, 1), 40)), 360)
[execution_aware] iter 30/50 [OK ] reward= -2.7712  decay_linear(cs_rank(-1 * stddev(delta(close, 1), 20)), 240)
[execution_aware] iter 31/50 [ERR] reward=    -inf  decay_linear(cs_rank(-1 * stddev(delta(close, 1), 20)), 360)
[execution_aware] iter 32/50 [OK ] reward= -2.7712  decay_linear(cs_rank(-1 * stddev(delta(close, 1), 20)), 240)
[execution_aware] iter 33/50 [ERR] reward=    -inf  decay_linear(cs_rank(-1 * stddev(delta(close, 1), 20)), 480)
[execution_aware] iter 34/50 [OK ] reward= -2.7712  decay_linear(cs_rank(-1 * stddev(delta(close, 1), 20)), 240)
[execution_aware] iter 35/50 [ERR] reward=    -inf  decay_linear(cs_rank(-1 * stddev(delta(close, 1), 20)), 360)
[execution_aware] iter 36/50 [OK ] reward= -8.4193  decay_linear(ts_rank(-1 * stddev(delta(close, 1), 20), 120), 240)
[execution_aware] iter 37/50 [OK ] reward= -6.6381  decay_linear(ts_rank(-1 * stddev(delta(close, 1), 20), 240), 240)
[execution_aware] iter 38/50 [ERR] reward=    -inf  decay_linear(cs_rank(-1 * stddev(delta(close, 1), 20)), 480)
[execution_aware] iter 39/50 [OK ] reward= -3.1099  decay_linear(cs_rank(-1 * stddev(delta(close, 1), 20)), 120)
[execution_aware] iter 40/50 [OK ] reward= -2.7712  decay_linear(cs_rank(-1 * stddev(delta(close, 1), 20)), 240)
[execution_aware] iter 41/50 [ERR] reward=    -inf  decay_linear(cs_rank(-1 * stddev(delta(close, 1), 20)), 360)
[execution_aware] iter 42/50 [OK ] reward= -2.7712  decay_linear(cs_rank(-1 * stddev(delta(close, 1), 20)), 240)
[execution_aware] iter 43/50 [ERR] reward=    -inf  decay_linear(cs_rank(-1 * stddev(delta(close, 1), 20)), 480)
[execution_aware] iter 44/50 [OK ] reward=-22.2631  decay_linear(ts_rank(-1 * stddev(delta(close, 1), 20), 20), 120)
[execution_aware] iter 45/50 [ERR] reward=    -inf  decay_linear(ts_rank(-1 * stddev(delta(close, 1), 20), 240), 480)
[execution_aware] iter 46/50 [OK ] reward= -6.6381  decay_linear(ts_rank(-1 * stddev(delta(close, 1), 20), 240), 240)
[execution_aware] iter 47/50 [ERR] reward=    -inf  decay_linear(cs_rank(-1 * stddev(delta(close, 1), 20)), 480)
[execution_aware] iter 48/50 [OK ] reward= -2.7712  decay_linear(cs_rank(-1 * stddev(delta(close, 1), 20)), 240)
[execution_aware] iter 49/50 [ERR] reward=    -inf  decay_linear(cs_rank(-1 * stddev(delta(close, 1), 20)), 365)
[execution_aware] iter 50/50 [OK ] reward= -2.7712  decay_linear(cs_rank(-1 * stddev(delta(close, 1), 20)), 240)
[wfo:execution_aware] fold 1 winner: decay_linear(rank(-1 * stddev(delta(close, 1), 20)), 240)
[wfo:execution_aware] fold 1 OOS: Gross_IR=1.080 Turnover=3.31 Net_IR=0.919
[wfo:execution_aware] fold 2: train 2003-01-01..2007-12-31 -> test 2008-01-01..2008-12-31
[execution_aware] iter  0/50 [SEED] reward=-17.2933  rank(-1 * stddev(delta(close, 1), 20))
[execution_aware] iter  1/50 [OK ] reward= -3.7245  decay_linear(rank(-1 * stddev(delta(close, 1), 20)), 60)
[execution_aware] iter  2/50 [OK ] reward= -2.8649  decay_linear(rank(-1 * stddev(delta(close, 1), 20)), 120)
[execution_aware] iter  3/50 [OK ] reward= -2.4303  decay_linear(cs_rank(-1 * stddev(delta(close, 1), 20)), 240)
[execution_aware] iter  4/50 [ERR] reward=    -inf  decay_linear(cs_rank(-1 * stddev(delta(close, 1), 20)), 360)
[execution_aware] iter  5/50 [OK ] reward= -2.8649  decay_linear(cs_rank(-1 * stddev(delta(close, 1), 20)), 120)
[execution_aware] iter  6/50 [ERR] reward=    -inf  decay_linear(cs_rank(-1 * stddev(delta(close, 1), 20)), 480)
[execution_aware] iter  7/50 [OK ] reward= -2.4303  decay_linear(cs_rank(-1 * stddev(delta(close, 1), 20)), 240)
[execution_aware] iter  8/50 [ERR] reward=    -inf  decay_linear(cs_rank(-1 * stddev(delta(close, 1), 20)), 480)
[execution_aware] iter  9/50 [OK ] reward= -2.8649  decay_linear(cs_rank(-1 * stddev(delta(close, 1), 20)), 120)
[execution_aware] iter 10/50 [ERR] reward=    -inf  decay_linear(cs_rank(-1 * stddev(delta(close, 1), 20)), 360)
[execution_aware] iter 11/50 [OK ] reward= -2.4303  decay_linear(cs_rank(-1 * stddev(delta(close, 1), 20)), 240)
[execution_aware] iter 12/50 [ERR] reward=    -inf  decay_linear(cs_rank(-1 * stddev(delta(close, 1), 20)), 360)
[execution_aware] iter 13/50 [OK ] reward= -2.5657  decay_linear(cs_rank(-1 * stddev(delta(close, 1), 20)), 180)
[execution_aware] iter 14/50 [ERR] reward=    -inf  decay_linear(cs_rank(-1 * stddev(delta(close, 1), 20)), 360)
[execution_aware] iter 15/50 [OK ] reward= -2.4303  decay_linear(cs_rank(-1 * stddev(delta(close, 1), 20)), 240)
[execution_aware] iter 16/50 [ERR] reward=    -inf  decay_linear(cs_rank(-1 * stddev(delta(close, 1), 20)), 360)
[execution_aware] iter 17/50 [OK ] reward= -2.5657  decay_linear(cs_rank(-1 * stddev(delta(close, 1), 20)), 180)
[execution_aware] iter 18/50 [ERR] reward=    -inf  decay_linear(cs_rank(-1 * stddev(delta(close, 1), 20)), 360)
[execution_aware] iter 19/50 [OK ] reward= -2.5657  decay_linear(cs_rank(-1 * stddev(delta(close, 1), 20)), 180)
[execution_aware] iter 20/50 [ERR] reward=    -inf  decay_linear(cs_rank(-1 * stddev(delta(close, 1), 30)), 300)
[execution_aware] iter 21/50 [OK ] reward= -2.4303  decay_linear(cs_rank(-1 * stddev(delta(close, 1), 20)), 240)
[execution_aware] iter 22/50 [ERR] reward=    -inf  decay_linear(cs_rank(-1 * stddev(delta(close, 1), 20)), 365)
[execution_aware] iter 23/50 [OK ] reward= -2.4303  decay_linear(cs_rank(-1 * stddev(delta(close, 1), 20)), 240)
[execution_aware] iter 24/50 [ERR] reward=    -inf  decay_linear(cs_rank(-1 * stddev(delta(close, 1), 20)), 500)
[execution_aware] iter 25/50 [OK ] reward= -2.4303  decay_linear(cs_rank(-1 * stddev(delta(close, 1), 20)), 240)
[execution_aware] iter 26/50 [ERR] reward=    -inf  decay_linear(cs_rank(-1 * stddev(delta(close, 1), 20)), 500)
[execution_aware] iter 27/50 [OK ] reward= -2.4303  decay_linear(cs_rank(-1 * stddev(delta(close, 1), 20)), 240)
[execution_aware] iter 28/50 [ERR] reward=    -inf  decay_linear(cs_rank(-1 * stddev(delta(close, 1), 20)), 500)
[execution_aware] iter 29/50 [OK ] reward= -2.5180  decay_linear(cs_rank(-1 * stddev(delta(close, 1), 20)), 200)
[execution_aware] iter 30/50 [ERR] reward=    -inf  decay_linear(cs_rank(-1 * stddev(delta(close, 1), 20)), 400)
[execution_aware] iter 31/50 [OK ] reward= -2.4303  decay_linear(cs_rank(-1 * stddev(delta(close, 1), 20)), 240)
[execution_aware] iter 32/50 [ERR] reward=    -inf  decay_linear(cs_rank(-1 * stddev(delta(close, 1), 20)), 500)
[execution_aware] iter 33/50 [OK ] reward= -2.8649  decay_linear(cs_rank(-1 * stddev(delta(close, 1), 20)), 120)
[execution_aware] iter 34/50 [ERR] reward=    -inf  decay_linear(cs_rank(-1 * stddev(delta(close, 1), 20)), 360)
[execution_aware] iter 35/50 [OK ] reward= -2.4303  decay_linear(cs_rank(-1 * stddev(delta(close, 1), 20)), 240)
[execution_aware] iter 36/50 [ERR] reward=    -inf  decay_linear(cs_rank(-1 * stddev(delta(close, 1), 20)), 500)
[execution_aware] iter 37/50 [OK ] reward= -2.4303  decay_linear(cs_rank(-1 * stddev(delta(close, 1), 20)), 240)
[execution_aware] iter 38/50 [ERR] reward=    -inf  decay_linear(cs_rank(-1 * stddev(delta(close, 1), 20)), 360)
[execution_aware] iter 39/50 [OK ] reward= -2.4303  decay_linear(cs_rank(-1 * stddev(delta(close, 1), 20)), 240)
[execution_aware] iter 40/50 [ERR] reward=    -inf  decay_linear(cs_rank(-1 * stddev(delta(close, 1), 40)), 360)
[execution_aware] iter 41/50 [OK ] reward= -2.4303  decay_linear(cs_rank(-1 * stddev(delta(close, 1), 20)), 240)
[execution_aware] iter 42/50 [ERR] reward=    -inf  decay_linear(cs_rank(-1 * stddev(delta(close, 1), 20)), 500)
[execution_aware] iter 43/50 [OK ] reward= -2.4303  decay_linear(cs_rank(-1 * stddev(delta(close, 1), 20)), 240)
[execution_aware] iter 44/50 [ERR] reward=    -inf  decay_linear(cs_rank(-1 * stddev(delta(close, 1), 20)), 360)
[execution_aware] iter 45/50 [OK ] reward= -2.4303  decay_linear(cs_rank(-1 * stddev(delta(close, 1), 20)), 240)
[execution_aware] iter 46/50 [ERR] reward=    -inf  decay_linear(cs_rank(-1 * stddev(delta(close, 1), 20)), 360)
[execution_aware] iter 47/50 [OK ] reward= -2.4303  decay_linear(cs_rank(-1 * stddev(delta(close, 1), 20)), 240)
[execution_aware] iter 48/50 [ERR] reward=    -inf  decay_linear(cs_rank(-1 * stddev(delta(close, 1), 20)), 500)
[execution_aware] iter 49/50 [OK ] reward= -2.4303  decay_linear(cs_rank(-1 * stddev(delta(close, 1), 20)), 240)
[execution_aware] iter 50/50 [ERR] reward=    -inf  decay_linear(cs_rank(-1 * stddev(delta(close, 1), 30)), 360)
[wfo:execution_aware] fold 2 winner: decay_linear(cs_rank(-1 * stddev(delta(close, 1), 20)), 240)
[wfo:execution_aware] fold 2 OOS: Gross_IR=1.016 Turnover=6.47 Net_IR=0.878
[wfo:execution_aware] fold 3: train 2004-01-01..2008-12-31 -> test 2009-01-01..2009-12-31
[execution_aware] iter  0/50 [SEED] reward=-17.2757  rank(-1 * stddev(delta(close, 1), 20))
[execution_aware] iter  1/50 [OK ] reward= -3.5773  decay_linear(rank(-1 * stddev(delta(close, 1), 20)), 126)
[execution_aware] iter  2/50 [OK ] reward= -3.2231  decay_linear(rank(-1 * stddev(delta(close, 1), 20)), 252)
[execution_aware] iter  3/50 [ERR] reward=    -inf  decay_linear(rank(-1 * stddev(delta(close, 1), 20)), 500)
[execution_aware] iter  4/50 [OK ] reward= -3.2231  decay_linear(cs_rank(-1 * stddev(delta(close, 1), 20)), 252)
[execution_aware] iter  5/50 [ERR] reward=    -inf  decay_linear(cs_rank(-1 * stddev(delta(close, 1), 20)), 500)
[execution_aware] iter  6/50 [OK ] reward= -3.2231  decay_linear(cs_rank(-1 * stddev(delta(close, 1), 20)), 252)
[execution_aware] iter  7/50 [ERR] reward=    -inf  decay_linear(cs_rank(-1 * stddev(delta(close, 1), 40)), 500)
[execution_aware] iter  8/50 [OK ] reward= -3.1541  decay_linear(cs_rank(-1 * stddev(delta(close, 1), 40)), 252)
[execution_aware] iter  9/50 [ERR] reward=    -inf  decay_linear(cs_rank(-1 * stddev(delta(close, 1), 80)), 500)
[execution_aware] iter 10/50 [OK ] reward= -3.1123  decay_linear(cs_rank(-1 * stddev(delta(close, 1), 80)), 252)
[execution_aware] iter 11/50 [ERR] reward=    -inf  decay_linear(cs_rank(-1 * stddev(delta(close, 1), 80)), 500)
[execution_aware] iter 12/50 [OK ] reward= -3.1784  decay_linear(cs_rank(-1 * stddev(delta(close, 1), 80)), 200)
[execution_aware] iter 13/50 [ERR] reward=    -inf  decay_linear(cs_rank(-1 * stddev(delta(close, 1), 80)), 500)
[execution_aware] iter 14/50 [OK ] reward= -3.1123  decay_linear(cs_rank(-1 * stddev(delta(close, 1), 80)), 252)
[execution_aware] iter 15/50 [ERR] reward=    -inf  decay_linear(cs_rank(-1 * stddev(delta(close, 1), 80)), 500)
[execution_aware] iter 16/50 [OK ] reward= -3.1301  decay_linear(cs_rank(-1 * stddev(delta(close, 1), 60)), 252)
[execution_aware] iter 17/50 [ERR] reward=    -inf  decay_linear(cs_rank(-1 * stddev(delta(close, 1), 100)), 500)
[execution_aware] iter 18/50 [OK ] reward= -3.0861  decay_linear(cs_rank(-1 * stddev(delta(close, 1), 100)), 252)
[execution_aware] iter 19/50 [ERR] reward=    -inf  decay_linear(cs_rank(-1 * stddev(delta(close, 1), 100)), 500)
[execution_aware] iter 20/50 [OK ] reward= -3.0861  decay_linear(cs_rank(-1 * stddev(delta(close, 1), 100)), 252)
[execution_aware] iter 21/50 [ERR] reward=    -inf  decay_linear(cs_rank(-1 * stddev(delta(close, 1), 100)), 500)
[execution_aware] iter 22/50 [OK ] reward= -3.1506  decay_linear(cs_rank(-1 * stddev(delta(close, 1), 100)), 200)
[execution_aware] iter 23/50 [ERR] reward=    -inf  decay_linear(cs_rank(-1 * stddev(delta(close, 1), 100)), 500)
[execution_aware] iter 24/50 [OK ] reward= -3.0861  decay_linear(cs_rank(-1 * stddev(delta(close, 1), 100)), 252)
[execution_aware] iter 25/50 [ERR] reward=    -inf  decay_linear(cs_rank(-1 * stddev(delta(close, 1), 100)), 504)
[execution_aware] iter 26/50 [OK ] reward= -3.3118  decay_linear(cs_rank(-1 * stddev(delta(close, 1), 100)), 100)
[execution_aware] iter 27/50 [ERR] reward=    -inf  decay_linear(cs_rank(-1 * stddev(delta(close, 1), 100)), 500)
[execution_aware] iter 28/50 [OK ] reward= -3.0861  decay_linear(cs_rank(-1 * stddev(delta(close, 1), 100)), 252)
[execution_aware] iter 29/50 [ERR] reward=    -inf  decay_linear(cs_rank(-1 * stddev(delta(close, 1), 100)), 500)
[execution_aware] iter 30/50 [OK ] reward= -3.0861  decay_linear(cs_rank(-1 * stddev(delta(close, 1), 100)), 252)
[execution_aware] iter 31/50 [ERR] reward=    -inf  decay_linear(cs_rank(-1 * stddev(delta(close, 1), 100)), 500)
[execution_aware] iter 32/50 [OK ] reward= -3.3118  decay_linear(cs_rank(-1 * stddev(delta(close, 1), 100)), 100)
[execution_aware] iter 33/50 [ERR] reward=    -inf  decay_linear(cs_rank(-1 * stddev(delta(close, 1), 100)), 500)
[execution_aware] iter 34/50 [OK ] reward= -3.0861  decay_linear(cs_rank(-1 * stddev(delta(close, 1), 100)), 252)
[execution_aware] iter 35/50 [ERR] reward=    -inf  decay_linear(cs_rank(-1 * stddev(delta(close, 1), 100)), 500)
[execution_aware] iter 36/50 [OK ] reward= -3.0861  decay_linear(cs_rank(-1 * stddev(delta(close, 1), 100)), 252)
[execution_aware] iter 37/50 [ERR] reward=    -inf  decay_linear(cs_rank(-1 * stddev(delta(close, 1), 100)), 500)
[execution_aware] iter 38/50 [OK ] reward= -3.1506  decay_linear(cs_rank(-1 * stddev(delta(close, 1), 100)), 200)
[execution_aware] iter 39/50 [ERR] reward=    -inf  decay_linear(cs_rank(-1 * stddev(delta(close, 1), 100)), 500)
[execution_aware] iter 40/50 [OK ] reward= -3.1506  decay_linear(cs_rank(-1 * stddev(delta(close, 1), 100)), 200)
[execution_aware] iter 41/50 [ERR] reward=    -inf  decay_linear(cs_rank(-1 * stddev(delta(close, 1), 100)), 500)
[execution_aware] iter 42/50 [OK ] reward= -3.1506  decay_linear(cs_rank(-1 * stddev(delta(close, 1), 100)), 200)
[execution_aware] iter 43/50 [ERR] reward=    -inf  decay_linear(cs_rank(-1 * stddev(delta(close, 1), 100)), 500)
[execution_aware] iter 44/50 [OK ] reward= -3.1405  decay_linear(cs_rank(-1 * stddev(delta(close, 1), 50)), 252)
[execution_aware] iter 45/50 [ERR] reward=    -inf  decay_linear(cs_rank(-1 * stddev(delta(close, 1), 100)), 500)
[execution_aware] iter 46/50 [OK ] reward= -3.3118  decay_linear(cs_rank(-1 * stddev(delta(close, 1), 100)), 100)
[execution_aware] iter 47/50 [ERR] reward=    -inf  decay_linear(cs_rank(-1 * stddev(delta(close, 1), 100)), 500)
[execution_aware] iter 48/50 [OK ] reward= -3.1506  decay_linear(cs_rank(-1 * stddev(delta(close, 1), 100)), 200)
[execution_aware] iter 49/50 [ERR] reward=    -inf  decay_linear(cs_rank(-1 * stddev(delta(close, 1), 100)), 500)
[execution_aware] iter 50/50 [OK ] reward= -3.0861  decay_linear(cs_rank(-1 * stddev(delta(close, 1), 100)), 252)
[wfo:execution_aware] fold 3 winner: decay_linear(cs_rank(-1 * stddev(delta(close, 1), 100)), 252)
[wfo:execution_aware] fold 3 OOS: Gross_IR=0.186 Turnover=4.99 Net_IR=0.038
[wfo:execution_aware] fold 4: train 2005-01-01..2009-12-31 -> test 2010-01-01..2010-12-31
[execution_aware] iter  0/50 [SEED] reward=-16.7315  rank(-1 * stddev(delta(close, 1), 20))
[execution_aware] iter  1/50 [OK ] reward= -4.7607  decay_linear(rank(-1 * stddev(delta(close, 1), 20)), 60)
[execution_aware] iter  2/50 [OK ] reward= -4.0639  decay_linear(rank(-1 * stddev(delta(close, 1), 20)), 120)
[execution_aware] iter  3/50 [OK ] reward= -3.7606  decay_linear(cs_rank(-1 * stddev(delta(close, 1), 20)), 240)
[execution_aware] iter  4/50 [ERR] reward=    -inf  decay_linear(cs_rank(-1 * stddev(delta(close, 1), 20)), 500)
[execution_aware] iter  5/50 [OK ] reward= -3.7606  decay_linear(cs_rank(-1 * stddev(delta(close, 1), 20)), 240)
[execution_aware] iter  6/50 [ERR] reward=    -inf  decay_linear(cs_rank(-1 * stddev(delta(close, 1), 20)), 480)
[execution_aware] iter  7/50 [OK ] reward= -3.6809  decay_linear(cs_rank(-1 * stddev(delta(close, 1), 100)), 240)
[execution_aware] iter  8/50 [ERR] reward=    -inf  decay_linear(cs_rank(-1 * stddev(delta(close, 1), 100)), 500)
[execution_aware] iter  9/50 [OK ] reward= -3.7926  decay_linear(cs_rank(-1 * stddev(delta(close, 1), 100)), 120)
[execution_aware] iter 10/50 [ERR] reward=    -inf  decay_linear(cs_rank(-1 * stddev(delta(close, 1), 100)), 480)
[execution_aware] iter 11/50 [OK ] reward= -3.6709  decay_linear(cs_rank(-1 * stddev(delta(close, 1), 120)), 240)
[execution_aware] iter 12/50 [ERR] reward=    -inf  decay_linear(cs_rank(-1 * stddev(delta(close, 1), 120)), 480)
[execution_aware] iter 13/50 [OK ] reward= -3.7642  decay_linear(cs_rank(-1 * stddev(delta(close, 1), 120)), 120)
[execution_aware] iter 14/50 [ERR] reward=    -inf  decay_linear(cs_rank(-1 * stddev(delta(close, 1), 120)), 480)
[execution_aware] iter 15/50 [OK ] reward= -3.7642  decay_linear(cs_rank(-1 * stddev(delta(close, 1), 120)), 120)
[execution_aware] iter 16/50 [ERR] reward=    -inf  decay_linear(cs_rank(-1 * stddev(delta(close, 1), 120)), 360)
[execution_aware] iter 17/50 [OK ] reward= -3.8666  decay_linear(cs_rank(-1 * stddev(delta(close, 1), 60)), 120)
[execution_aware] iter 18/50 [ERR] reward=    -inf  decay_linear(cs_rank(-1 * stddev(delta(close, 1), 120)), 480)
[execution_aware] iter 19/50 [OK ] reward= -3.7642  decay_linear(cs_rank(-1 * stddev(delta(close, 1), 120)), 120)
[execution_aware] iter 20/50 [ERR] reward=    -inf  decay_linear(cs_rank(-1 * stddev(delta(close, 1), 120)), 360)
[execution_aware] iter 21/50 [OK ] reward= -3.7027  decay_linear(cs_rank(-1 * stddev(delta(close, 1), 120)), 200)
[execution_aware] iter 22/50 [ERR] reward=    -inf  decay_linear(cs_rank(-1 * stddev(delta(close, 1), 120)), 300)
[execution_aware] iter 23/50 [OK ] reward= -3.7027  decay_linear(cs_rank(-1 * stddev(delta(close, 1), 120)), 200)
[execution_aware] iter 24/50 [ERR] reward=    -inf  decay_linear(cs_rank(-1 * stddev(delta(close, 1), 120)), 300)
[execution_aware] iter 25/50 [OK ] reward= -3.7027  decay_linear(cs_rank(-1 * stddev(delta(close, 1), 120)), 200)
[execution_aware] iter 26/50 [ERR] reward=    -inf  decay_linear(cs_rank(-1 * stddev(delta(close, 1), 120)), 360)
[execution_aware] iter 27/50 [OK ] reward= -3.8666  decay_linear(cs_rank(-1 * stddev(delta(close, 1), 60)), 120)
[execution_aware] iter 28/50 [ERR] reward=    -inf  decay_linear(cs_rank(-1 * stddev(delta(close, 1), 120)), 480)
[execution_aware] iter 29/50 [OK ] reward= -3.6709  decay_linear(cs_rank(-1 * stddev(delta(close, 1), 120)), 240)
[execution_aware] iter 30/50 [ERR] reward=    -inf  decay_linear(cs_rank(-1 * stddev(delta(close, 1), 120)), 480)
[execution_aware] iter 31/50 [OK ] reward= -3.7642  decay_linear(cs_rank(-1 * stddev(delta(close, 1), 120)), 120)
[execution_aware] iter 32/50 [ERR] reward=    -inf  decay_linear(cs_rank(-1 * stddev(delta(close, 1), 120)), 480)
[execution_aware] iter 33/50 [OK ] reward= -3.6709  decay_linear(cs_rank(-1 * stddev(delta(close, 1), 120)), 240)
[execution_aware] iter 34/50 [ERR] reward=    -inf  decay_linear(cs_rank(-1 * stddev(delta(close, 1), 120)), 480)
[execution_aware] iter 35/50 [OK ] reward= -3.6709  decay_linear(cs_rank(-1 * stddev(delta(close, 1), 120)), 240)
[execution_aware] iter 36/50 [ERR] reward=    -inf  decay_linear(cs_rank(-1 * stddev(delta(close, 1), 120)), 480)
[execution_aware] iter 37/50 [OK ] reward= -3.6709  decay_linear(cs_rank(-1 * stddev(delta(close, 1), 120)), 240)
[execution_aware] iter 38/50 [ERR] reward=    -inf  decay_linear(cs_rank(-1 * stddev(delta(close, 1), 120)), 480)
[execution_aware] iter 39/50 [OK ] reward= -3.6709  decay_linear(cs_rank(-1 * stddev(delta(close, 1), 120)), 240)
[execution_aware] iter 40/50 [ERR] reward=    -inf  decay_linear(cs_rank(-1 * stddev(delta(close, 1), 120)), 480)
[execution_aware] iter 41/50 [OK ] reward= -3.6709  decay_linear(cs_rank(-1 * stddev(delta(close, 1), 120)), 240)
[execution_aware] iter 42/50 [ERR] reward=    -inf  decay_linear(cs_rank(-1 * stddev(delta(close, 1), 120)), 480)
[execution_aware] iter 43/50 [OK ] reward= -3.6709  decay_linear(cs_rank(-1 * stddev(delta(close, 1), 120)), 240)
[execution_aware] iter 44/50 [ERR] reward=    -inf  decay_linear(cs_rank(-1 * stddev(delta(close, 1), 120)), 480)
[execution_aware] iter 45/50 [OK ] reward= -3.6709  decay_linear(cs_rank(-1 * stddev(delta(close, 1), 120)), 240)
[execution_aware] iter 46/50 [ERR] reward=    -inf  decay_linear(cs_rank(-1 * stddev(delta(close, 1), 120)), 360)
[execution_aware] iter 47/50 [OK ] reward= -3.6709  decay_linear(cs_rank(-1 * stddev(delta(close, 1), 120)), 240)
[execution_aware] iter 48/50 [ERR] reward=    -inf  decay_linear(cs_rank(-1 * stddev(delta(close, 1), 120)), 480)
[execution_aware] iter 49/50 [OK ] reward= -3.6709  decay_linear(cs_rank(-1 * stddev(delta(close, 1), 120)), 240)
[execution_aware] iter 50/50 [ERR] reward=    -inf  decay_linear(cs_rank(-1 * stddev(delta(close, 1), 120)), 480)
[wfo:execution_aware] fold 4 winner: decay_linear(cs_rank(-1 * stddev(delta(close, 1), 120)), 240)
[wfo:execution_aware] fold 4 OOS: Gross_IR=-0.595 Turnover=3.15 Net_IR=-0.741
[wfo:execution_aware] fold 5: train 2006-01-01..2010-12-31 -> test 2011-01-01..2011-12-31
[execution_aware] iter  0/50 [SEED] reward=-16.1081  rank(-1 * stddev(delta(close, 1), 20))
[execution_aware] iter  1/50 [OK ] reward= -4.7143  decay_linear(rank(-1 * stddev(delta(close, 1), 20)), 60)
[execution_aware] iter  2/50 [OK ] reward= -4.0807  decay_linear(rank(-1 * stddev(delta(close, 1), 20)), 120)
[execution_aware] iter  3/50 [OK ] reward= -3.8327  decay_linear(rank(-1 * stddev(delta(close, 1), 20)), 240)
[execution_aware] iter  4/50 [ERR] reward=    -inf  decay_linear(rank(-1 * stddev(delta(close, 1), 20)), 480)
[execution_aware] iter  5/50 [OK ] reward= -3.8327  decay_linear(rank(-1 * stddev(delta(close, 1), 20)), 240)
[execution_aware] iter  6/50 [ERR] reward=    -inf  decay_linear(rank(-1 * stddev(delta(close, 1), 20)), 360)
[execution_aware] iter  7/50 [OK ] reward= -7.4094  decay_linear(cs_rank(-1 * zscore(close, 60)), 240)
[execution_aware] iter  8/50 [ERR] reward=    -inf  decay_linear(cs_rank(-1 * stddev(delta(close, 1), 20)), 500)
[execution_aware] iter  9/50 [OK ] reward= -3.8327  decay_linear(cs_rank(-1 * stddev(delta(close, 1), 20)), 240)
[execution_aware] iter 10/50 [ERR] reward=    -inf  decay_linear(cs_rank(-1 * stddev(delta(close, 1), 20)), 480)
[execution_aware] iter 11/50 [OK ] reward= -3.8327  decay_linear(cs_rank(-1 * stddev(delta(close, 1), 20)), 240)
[execution_aware] iter 12/50 [ERR] reward=    -inf  decay_linear(cs_rank(-1 * stddev(delta(close, 1), 20)), 360)
[execution_aware] iter 13/50 [OK ] reward= -3.8327  decay_linear(cs_rank(-1 * stddev(delta(close, 1), 20)), 240)
[execution_aware] iter 14/50 [ERR] reward=    -inf  decay_linear(cs_rank(-1 * stddev(delta(close, 1), 30)), 360)
[execution_aware] iter 15/50 [OK ] reward= -3.8327  decay_linear(cs_rank(-1 * stddev(delta(close, 1), 20)), 240)
[execution_aware] iter 16/50 [ERR] reward=    -inf  decay_linear(cs_rank(-1 * stddev(delta(close, 1), 20)), 480)
[execution_aware] iter 17/50 [OK ] reward= -3.8327  decay_linear(cs_rank(-1 * stddev(delta(close, 1), 20)), 240)
[execution_aware] iter 18/50 [ERR] reward=    -inf  decay_linear(cs_rank(-1 * stddev(delta(close, 1), 20)), 360)
[execution_aware] iter 19/50 [OK ] reward= -3.8327  decay_linear(cs_rank(-1 * stddev(delta(close, 1), 20)), 240)
[execution_aware] iter 20/50 [ERR] reward=    -inf  decay_linear(cs_rank(-1 * stddev(delta(close, 1), 20)), 360)
[execution_aware] iter 21/50 [OK ] reward= -3.8327  decay_linear(cs_rank(-1 * stddev(delta(close, 1), 20)), 240)
[execution_aware] iter 22/50 [ERR] reward=    -inf  decay_linear(cs_rank(-1 * stddev(delta(close, 1), 20)), 360)
[execution_aware] iter 23/50 [OK ] reward= -3.8327  decay_linear(cs_rank(-1 * stddev(delta(close, 1), 20)), 240)
[execution_aware] iter 24/50 [ERR] reward=    -inf  decay_linear(cs_rank(-1 * stddev(delta(close, 1), 20)), 365)
[execution_aware] iter 25/50 [OK ] reward= -3.8327  decay_linear(cs_rank(-1 * stddev(delta(close, 1), 20)), 240)
[execution_aware] iter 26/50 [ERR] reward=    -inf  decay_linear(cs_rank(-1 * stddev(delta(close, 1), 20)), 480)
[execution_aware] iter 27/50 [OK ] reward= -3.8327  decay_linear(cs_rank(-1 * stddev(delta(close, 1), 20)), 240)
[execution_aware] iter 28/50 [ERR] reward=    -inf  decay_linear(cs_rank(-1 * stddev(delta(close, 1), 20)), 360)
[execution_aware] iter 29/50 [OK ] reward= -3.8327  decay_linear(cs_rank(-1 * stddev(delta(close, 1), 20)), 240)
[execution_aware] iter 30/50 [ERR] reward=    -inf  decay_linear(cs_rank(-1 * stddev(delta(close, 1), 20)), 365)
[execution_aware] iter 31/50 [OK ] reward= -3.8327  decay_linear(cs_rank(-1 * stddev(delta(close, 1), 20)), 240)
[execution_aware] iter 32/50 [ERR] reward=    -inf  decay_linear(cs_rank(-1 * stddev(delta(close, 1), 20)), 360)
[execution_aware] iter 33/50 [OK ] reward= -3.8327  decay_linear(cs_rank(-1 * stddev(delta(close, 1), 20)), 240)
[execution_aware] iter 34/50 [ERR] reward=    -inf  decay_linear(cs_rank(-1 * stddev(delta(close, 1), 20)), 360)
[execution_aware] iter 35/50 [OK ] reward= -3.8327  decay_linear(cs_rank(-1 * stddev(delta(close, 1), 20)), 240)
[execution_aware] iter 36/50 [ERR] reward=    -inf  decay_linear(cs_rank(-1 * stddev(delta(close, 1), 20)), 360)
[execution_aware] iter 37/50 [OK ] reward= -3.8327  decay_linear(cs_rank(-1 * stddev(delta(close, 1), 20)), 240)
[execution_aware] iter 38/50 [ERR] reward=    -inf  decay_linear(cs_rank(-1 * stddev(delta(close, 1), 40)), 360)
[execution_aware] iter 39/50 [OK ] reward= -4.0807  decay_linear(cs_rank(-1 * stddev(delta(close, 1), 20)), 120)
[execution_aware] iter 40/50 [OK ] reward= -3.8327  decay_linear(cs_rank(-1 * stddev(delta(close, 1), 20)), 240)
[execution_aware] iter 41/50 [ERR] reward=    -inf  decay_linear(cs_rank(-1 * stddev(delta(close, 1), 30)), 360)
[execution_aware] iter 42/50 [OK ] reward= -3.8327  decay_linear(cs_rank(-1 * stddev(delta(close, 1), 20)), 240)
[execution_aware] iter 43/50 [ERR] reward=    -inf  decay_linear(cs_rank(-1 * stddev(delta(close, 1), 40)), 480)
[execution_aware] iter 44/50 [OK ] reward= -3.8327  decay_linear(cs_rank(-1 * stddev(delta(close, 1), 20)), 240)
[execution_aware] iter 45/50 [ERR] reward=    -inf  decay_linear(cs_rank(-1 * stddev(delta(close, 1), 20)), 360)
[execution_aware] iter 46/50 [OK ] reward= -3.8327  decay_linear(cs_rank(-1 * stddev(delta(close, 1), 20)), 240)
[execution_aware] iter 47/50 [ERR] reward=    -inf  decay_linear(cs_rank(-1 * stddev(delta(close, 1), 30)), 360)
[execution_aware] iter 48/50 [OK ] reward= -3.8327  decay_linear(cs_rank(-1 * stddev(delta(close, 1), 20)), 240)
[execution_aware] iter 49/50 [ERR] reward=    -inf  decay_linear(cs_rank(-1 * stddev(delta(close, 1), 20)), 500)
[execution_aware] iter 50/50 [OK ] reward= -3.8327  decay_linear(cs_rank(-1 * stddev(delta(close, 1), 20)), 240)
[wfo:execution_aware] fold 5 winner: decay_linear(rank(-1 * stddev(delta(close, 1), 20)), 240)
[wfo:execution_aware] fold 5 OOS: Gross_IR=0.805 Turnover=3.39 Net_IR=0.666
[wfo:execution_aware] fold 6: train 2007-01-01..2011-12-31 -> test 2012-01-01..2012-12-31
[execution_aware] iter  0/50 [SEED] reward=-15.7688  rank(-1 * stddev(delta(close, 1), 20))
[execution_aware] iter  1/50 [OK ] reward= -3.8680  decay_linear(rank(-1 * stddev(delta(close, 1), 20)), 252)
[execution_aware] iter  2/50 [ERR] reward=    -inf  decay_linear(rank(-1 * stddev(delta(close, 1), 20)), 500)
[execution_aware] iter  3/50 [OK ] reward=-16.9590  decay_linear(cs_rank(-1 * zscore(stddev(delta(close, 1), 20), 20)), 252)
[execution_aware] iter  4/50 [ERR] reward=    -inf  decay_linear(cs_rank(-1 * stddev(delta(close, 1), 20)), 500)
[execution_aware] iter  5/50 [OK ] reward= -3.8680  decay_linear(cs_rank(-1 * stddev(delta(close, 1), 20)), 252)
[execution_aware] iter  6/50 [ERR] reward=    -inf  decay_linear(cs_rank(-1 * stddev(delta(close, 1), 20)), 500)
[execution_aware] iter  7/50 [OK ] reward= -3.8680  decay_linear(cs_rank(-1 * stddev(delta(close, 1), 20)), 252)
[execution_aware] iter  8/50 [ERR] reward=    -inf  decay_linear(cs_rank(-1 * stddev(delta(close, 1), 20)), 500)
[execution_aware] iter  9/50 [OK ] reward= -3.8680  decay_linear(cs_rank(-1 * stddev(delta(close, 1), 20)), 252)
[execution_aware] iter 10/50 [ERR] reward=    -inf  decay_linear(cs_rank(-1 * stddev(delta(close, 1), 20)), 500)
[execution_aware] iter 11/50 [OK ] reward= -3.8680  decay_linear(cs_rank(-1 * stddev(delta(close, 1), 20)), 252)
[execution_aware] iter 12/50 [ERR] reward=    -inf  decay_linear(cs_rank(-1 * stddev(delta(close, 1), 20)), 504)
[execution_aware] iter 13/50 [OK ] reward= -3.8680  decay_linear(cs_rank(-1 * stddev(delta(close, 1), 20)), 252)
[execution_aware] iter 14/50 [ERR] reward=    -inf  decay_linear(cs_rank(-1 * stddev(delta(close, 1), 20)), 500)
[execution_aware] iter 15/50 [OK ] reward= -3.8680  decay_linear(cs_rank(-1 * stddev(delta(close, 1), 20)), 252)
[execution_aware] iter 16/50 [ERR] reward=    -inf  decay_linear(cs_rank(-1 * stddev(delta(close, 1), 20)), 500)
[execution_aware] iter 17/50 [OK ] reward= -3.8680  decay_linear(cs_rank(-1 * stddev(delta(close, 1), 20)), 252)
[execution_aware] iter 18/50 [ERR] reward=    -inf  decay_linear(cs_rank(-1 * stddev(delta(close, 1), 20)), 500)
[execution_aware] iter 19/50 [OK ] reward= -3.8680  decay_linear(cs_rank(-1 * stddev(delta(close, 1), 20)), 252)
[execution_aware] iter 20/50 [ERR] reward=    -inf  decay_linear(cs_rank(-1 * stddev(delta(close, 1), 20)), 504)
[execution_aware] iter 21/50 [OK ] reward= -3.8680  decay_linear(cs_rank(-1 * stddev(delta(close, 1), 20)), 252)
[execution_aware] iter 22/50 [ERR] reward=    -inf  decay_linear(cs_rank(-1 * stddev(delta(close, 1), 20)), 500)
[execution_aware] iter 23/50 [OK ] reward= -3.8680  decay_linear(cs_rank(-1 * stddev(delta(close, 1), 20)), 252)
[execution_aware] iter 24/50 [ERR] reward=    -inf  decay_linear(cs_rank(-1 * stddev(delta(close, 1), 20)), 500)
[execution_aware] iter 25/50 [OK ] reward= -3.8680  decay_linear(cs_rank(-1 * stddev(delta(close, 1), 20)), 252)
[execution_aware] iter 26/50 [ERR] reward=    -inf  decay_linear(cs_rank(-1 * stddev(delta(close, 1), 20)), 500)
[execution_aware] iter 27/50 [OK ] reward= -3.8680  decay_linear(cs_rank(-1 * stddev(delta(close, 1), 20)), 252)
[execution_aware] iter 28/50 [ERR] reward=    -inf  decay_linear(cs_rank(-1 * stddev(delta(close, 1), 20)), 500)
[execution_aware] iter 29/50 [OK ] reward= -3.8680  decay_linear(cs_rank(-1 * stddev(delta(close, 1), 20)), 252)
[execution_aware] iter 30/50 [ERR] reward=    -inf  decay_linear(cs_rank(-1 * stddev(delta(close, 1), 20)), 500)
[execution_aware] iter 31/50 [OK ] reward= -3.8680  decay_linear(cs_rank(-1 * stddev(delta(close, 1), 20)), 252)
[execution_aware] iter 32/50 [ERR] reward=    -inf  decay_linear(cs_rank(-1 * stddev(delta(close, 1), 20)), 500)
[execution_aware] iter 33/50 [OK ] reward= -3.8680  decay_linear(cs_rank(-1 * stddev(delta(close, 1), 20)), 252)
[execution_aware] iter 34/50 [ERR] reward=    -inf  decay_linear(cs_rank(-1 * stddev(delta(close, 1), 20)), 500)
[execution_aware] iter 35/50 [OK ] reward= -3.8680  decay_linear(cs_rank(-1 * stddev(delta(close, 1), 20)), 252)
[execution_aware] iter 36/50 [ERR] reward=    -inf  decay_linear(cs_rank(-1 * stddev(delta(close, 1), 20)), 500)
[execution_aware] iter 37/50 [OK ] reward= -3.8680  decay_linear(cs_rank(-1 * stddev(delta(close, 1), 20)), 252)
[execution_aware] iter 38/50 [ERR] reward=    -inf  decay_linear(cs_rank(-1 * stddev(delta(close, 1), 20)), 500)
[execution_aware] iter 39/50 [OK ] reward= -3.8680  decay_linear(cs_rank(-1 * stddev(delta(close, 1), 20)), 252)
[execution_aware] iter 40/50 [ERR] reward=    -inf  decay_linear(cs_rank(-1 * stddev(delta(close, 1), 20)), 500)
[execution_aware] iter 41/50 [OK ] reward= -3.8680  decay_linear(cs_rank(-1 * stddev(delta(close, 1), 20)), 252)
[execution_aware] iter 42/50 [ERR] reward=    -inf  decay_linear(cs_rank(-1 * stddev(delta(close, 1), 20)), 500)
[execution_aware] iter 43/50 [OK ] reward= -3.8680  decay_linear(cs_rank(-1 * stddev(delta(close, 1), 20)), 252)
[execution_aware] iter 44/50 [ERR] reward=    -inf  decay_linear(ts_rank(-1 * stddev(delta(close, 1), 20), 252), 504)
[execution_aware] iter 45/50 [OK ] reward= -3.8680  decay_linear(cs_rank(-1 * stddev(delta(close, 1), 20)), 252)
[execution_aware] iter 46/50 [ERR] reward=    -inf  decay_linear(cs_rank(-1 * stddev(delta(close, 1), 20)), 500)
[execution_aware] iter 47/50 [OK ] reward= -3.8680  decay_linear(cs_rank(-1 * stddev(delta(close, 1), 20)), 252)
[execution_aware] iter 48/50 [ERR] reward=    -inf  decay_linear(cs_rank(-1 * stddev(delta(close, 1), 20)), 500)
[execution_aware] iter 49/50 [OK ] reward= -3.8680  decay_linear(cs_rank(-1 * stddev(delta(close, 1), 20)), 252)
[execution_aware] iter 50/50 [ERR] reward=    -inf  decay_linear(cs_rank(-1 * stddev(delta(close, 1), 20)), 500)
[wfo:execution_aware] fold 6 winner: decay_linear(rank(-1 * stddev(delta(close, 1), 20)), 252)
[wfo:execution_aware] fold 6 OOS: Gross_IR=1.393 Turnover=3.11 Net_IR=1.243
[wfo:execution_aware] fold 7: train 2008-01-01..2012-12-31 -> test 2013-01-01..2013-12-31
[execution_aware] iter  0/50 [SEED] reward=-15.8113  rank(-1 * stddev(delta(close, 1), 20))
[execution_aware] iter  1/50 [OK ] reward= -4.5578  decay_linear(rank(-1 * stddev(delta(close, 1), 20)), 60)
[execution_aware] iter  2/50 [OK ] reward= -3.9826  decay_linear(cs_rank(-1 * stddev(delta(close, 1), 20)), 120)
[execution_aware] iter  3/50 [OK ] reward= -3.7716  decay_linear(cs_rank(-1 * stddev(delta(close, 1), 20)), 240)
[execution_aware] iter  4/50 [ERR] reward=    -inf  decay_linear(cs_rank(-1 * stddev(delta(close, 1), 20)), 360)
[execution_aware] iter  5/50 [OK ] reward= -3.7716  decay_linear(cs_rank(-1 * stddev(delta(close, 1), 20)), 240)
[execution_aware] iter  6/50 [ERR] reward=    -inf  decay_linear(cs_rank(-1 * stddev(delta(close, 1), 30)), 360)
[execution_aware] iter  7/50 [OK ] reward= -3.7716  decay_linear(cs_rank(-1 * stddev(delta(close, 1), 20)), 240)
[execution_aware] iter  8/50 [ERR] reward=    -inf  decay_linear(cs_rank(-1 * stddev(delta(close, 1), 20)), 360)
[execution_aware] iter  9/50 [OK ] reward= -3.7716  decay_linear(cs_rank(-1 * stddev(delta(close, 1), 20)), 240)
[execution_aware] iter 10/50 [ERR] reward=    -inf  decay_linear(cs_rank(-1 * stddev(delta(close, 1), 20)), 360)
[execution_aware] iter 11/50 [OK ] reward= -3.7716  decay_linear(cs_rank(-1 * stddev(delta(close, 1), 20)), 240)
[execution_aware] iter 12/50 [ERR] reward=    -inf  decay_linear(cs_rank(-1 * stddev(delta(close, 1), 20)), 480)
[execution_aware] iter 13/50 [OK ] reward= -3.7716  decay_linear(cs_rank(-1 * stddev(delta(close, 1), 20)), 240)
[execution_aware] iter 14/50 [ERR] reward=    -inf  decay_linear(cs_rank(-1 * stddev(delta(close, 1), 20)), 480)
[execution_aware] iter 15/50 [OK ] reward= -3.7716  decay_linear(cs_rank(-1 * stddev(delta(close, 1), 20)), 240)
[execution_aware] iter 16/50 [ERR] reward=    -inf  decay_linear(cs_rank(-1 * stddev(delta(close, 1), 20)), 360)
[execution_aware] iter 17/50 [OK ] reward= -3.7716  decay_linear(cs_rank(-1 * stddev(delta(close, 1), 20)), 240)
[execution_aware] iter 18/50 [ERR] reward=    -inf  decay_linear(cs_rank(-1 * stddev(delta(close, 1), 20)), 500)
[execution_aware] iter 19/50 [OK ] reward= -3.7716  decay_linear(cs_rank(-1 * stddev(delta(close, 1), 20)), 240)
[execution_aware] iter 20/50 [ERR] reward=    -inf  decay_linear(cs_rank(-1 * stddev(delta(close, 1), 20)), 360)
[execution_aware] iter 21/50 [OK ] reward= -3.7716  decay_linear(cs_rank(-1 * stddev(delta(close, 1), 20)), 240)
[execution_aware] iter 22/50 [ERR] reward=    -inf  decay_linear(cs_rank(-1 * stddev(delta(close, 1), 20)), 500)
[execution_aware] iter 23/50 [OK ] reward= -3.9826  decay_linear(cs_rank(-1 * stddev(delta(close, 1), 20)), 120)
[execution_aware] iter 24/50 [ERR] reward=    -inf  decay_linear(cs_rank(-1 * stddev(delta(close, 1), 20)), 360)
[execution_aware] iter 25/50 [OK ] reward= -3.7716  decay_linear(cs_rank(-1 * stddev(delta(close, 1), 20)), 240)
[execution_aware] iter 26/50 [ERR] reward=    -inf  decay_linear(cs_rank(-1 * stddev(delta(close, 1), 20)), 360)
[execution_aware] iter 27/50 [OK ] reward= -3.8333  decay_linear(cs_rank(-1 * stddev(delta(close, 1), 20)), 180)
[execution_aware] iter 28/50 [ERR] reward=    -inf  decay_linear(cs_rank(-1 * stddev(delta(close, 1), 20)), 360)
[execution_aware] iter 29/50 [OK ] reward= -3.8333  decay_linear(cs_rank(-1 * stddev(delta(close, 1), 20)), 180)
[execution_aware] iter 30/50 [ERR] reward=    -inf  decay_linear(cs_rank(-1 * stddev(delta(close, 1), 20)), 360)
[execution_aware] iter 31/50 [OK ] reward= -3.7716  decay_linear(cs_rank(-1 * stddev(delta(close, 1), 20)), 240)
[execution_aware] iter 32/50 [ERR] reward=    -inf  decay_linear(cs_rank(-1 * stddev(delta(close, 1), 20)), 500)
[execution_aware] iter 33/50 [OK ] reward= -3.7716  decay_linear(cs_rank(-1 * stddev(delta(close, 1), 20)), 240)
[execution_aware] iter 34/50 [ERR] reward=    -inf  decay_linear(cs_rank(-1 * stddev(delta(close, 1), 20)), 500)
[execution_aware] iter 35/50 [OK ] reward= -3.7716  decay_linear(cs_rank(-1 * stddev(delta(close, 1), 20)), 240)
[execution_aware] iter 36/50 [ERR] reward=    -inf  decay_linear(cs_rank(-1 * stddev(delta(close, 1), 20)), 500)
[execution_aware] iter 37/50 [OK ] reward= -3.7716  decay_linear(cs_rank(-1 * stddev(delta(close, 1), 20)), 240)
[execution_aware] iter 38/50 [ERR] reward=    -inf  decay_linear(cs_rank(-1 * stddev(delta(close, 1), 20)), 500)
[execution_aware] iter 39/50 [OK ] reward= -3.7716  decay_linear(cs_rank(-1 * stddev(delta(close, 1), 20)), 240)
[execution_aware] iter 40/50 [ERR] reward=    -inf  decay_linear(cs_rank(-1 * stddev(delta(close, 1), 20)), 365)
[execution_aware] iter 41/50 [OK ] reward= -3.7716  decay_linear(cs_rank(-1 * stddev(delta(close, 1), 20)), 240)
[execution_aware] iter 42/50 [ERR] reward=    -inf  decay_linear(cs_rank(-1 * stddev(delta(close, 1), 20)), 500)
[execution_aware] iter 43/50 [OK ] reward= -3.7716  decay_linear(cs_rank(-1 * stddev(delta(close, 1), 20)), 240)
[execution_aware] iter 44/50 [ERR] reward=    -inf  decay_linear(cs_rank(-1 * stddev(delta(close, 1), 20)), 360)
[execution_aware] iter 45/50 [OK ] reward= -3.8333  decay_linear(cs_rank(-1 * stddev(delta(close, 1), 20)), 180)
[execution_aware] iter 46/50 [ERR] reward=    -inf  decay_linear(cs_rank(-1 * stddev(delta(close, 1), 20)), 360)
[execution_aware] iter 47/50 [OK ] reward= -3.7716  decay_linear(cs_rank(-1 * stddev(delta(close, 1), 20)), 240)
[execution_aware] iter 48/50 [ERR] reward=    -inf  decay_linear(cs_rank(-1 * stddev(delta(close, 1), 20)), 500)
[execution_aware] iter 49/50 [OK ] reward= -3.7716  decay_linear(cs_rank(-1 * stddev(delta(close, 1), 20)), 240)
[execution_aware] iter 50/50 [ERR] reward=    -inf  decay_linear(cs_rank(-1 * stddev(delta(close, 1), 20)), 360)
[wfo:execution_aware] fold 7 winner: decay_linear(cs_rank(-1 * stddev(delta(close, 1), 20)), 240)
[wfo:execution_aware] fold 7 OOS: Gross_IR=2.527 Turnover=2.84 Net_IR=2.331
[wfo:execution_aware] fold 8: train 2009-01-01..2013-12-31 -> test 2014-01-01..2014-12-31
[execution_aware] iter  0/50 [SEED] reward=-16.0693  rank(-1 * stddev(delta(close, 1), 20))
[execution_aware] iter  1/50 [OK ] reward= -3.3976  decay_linear(rank(-1 * stddev(delta(close, 1), 20)), 100)
[execution_aware] iter  2/50 [OK ] reward= -3.0587  decay_linear(rank(-1 * stddev(delta(close, 1), 20)), 200)
[execution_aware] iter  3/50 [ERR] reward=    -inf  decay_linear(rank(-1 * stddev(delta(close, 1), 20)), 400)
[execution_aware] iter  4/50 [OK ] reward= -3.0587  decay_linear(rank(-1 * stddev(delta(close, 1), 20)), 200)
[execution_aware] iter  5/50 [ERR] reward=    -inf  decay_linear(rank(-1 * stddev(delta(close, 1), 20)), 500)
[execution_aware] iter  6/50 [OK ] reward= -3.0587  decay_linear(rank(-1 * stddev(delta(close, 1), 20)), 200)
[execution_aware] iter  7/50 [ERR] reward=    -inf  decay_linear(rank(-1 * stddev(delta(close, 1), 20)), 400)
[execution_aware] iter  8/50 [OK ] reward= -3.0587  decay_linear(rank(-1 * stddev(delta(close, 1), 20)), 200)
[execution_aware] iter  9/50 [ERR] reward=    -inf  decay_linear(rank(-1 * stddev(delta(close, 1), 20)), 500)
[execution_aware] iter 10/50 [OK ] reward= -3.0587  decay_linear(cs_rank(-1 * stddev(delta(close, 1), 20)), 200)
[execution_aware] iter 11/50 [ERR] reward=    -inf  decay_linear(cs_rank(-1 * stddev(delta(close, 1), 20)), 400)
[execution_aware] iter 12/50 [OK ] reward= -3.0587  decay_linear(cs_rank(-1 * stddev(delta(close, 1), 20)), 200)
[execution_aware] iter 13/50 [ERR] reward=    -inf  decay_linear(cs_rank(-1 * stddev(delta(close, 1), 20)), 500)
[execution_aware] iter 14/50 [OK ] reward= -3.3976  decay_linear(cs_rank(-1 * stddev(delta(close, 1), 20)), 100)
[execution_aware] iter 15/50 [ERR] reward=    -inf  decay_linear(cs_rank(-1 * stddev(delta(close, 1), 20)), 400)
[execution_aware] iter 16/50 [OK ] reward= -3.0587  decay_linear(cs_rank(-1 * stddev(delta(close, 1), 20)), 200)
[execution_aware] iter 17/50 [ERR] reward=    -inf  decay_linear(cs_rank(-1 * stddev(delta(close, 1), 20)), 400)
[execution_aware] iter 18/50 [OK ] reward= -3.0587  decay_linear(cs_rank(-1 * stddev(delta(close, 1), 20)), 200)
[execution_aware] iter 19/50 [ERR] reward=    -inf  decay_linear(cs_rank(-1 * stddev(delta(close, 1), 20)), 400)
[execution_aware] iter 20/50 [OK ] reward= -3.0587  decay_linear(cs_rank(-1 * stddev(delta(close, 1), 20)), 200)
[execution_aware] iter 21/50 [ERR] reward=    -inf  decay_linear(cs_rank(-1 * stddev(delta(close, 1), 20)), 300)
[execution_aware] iter 22/50 [OK ] reward= -3.0587  decay_linear(cs_rank(-1 * stddev(delta(close, 1), 20)), 200)
[execution_aware] iter 23/50 [ERR] reward=    -inf  decay_linear(cs_rank(-1 * stddev(delta(close, 1), 20)), 500)
[execution_aware] iter 24/50 [OK ] reward= -3.0587  decay_linear(cs_rank(-1 * stddev(delta(close, 1), 20)), 200)
[execution_aware] iter 25/50 [ERR] reward=    -inf  decay_linear(cs_rank(-1 * stddev(delta(close, 1), 20)), 400)
[execution_aware] iter 26/50 [OK ] reward= -3.0587  decay_linear(cs_rank(-1 * stddev(delta(close, 1), 20)), 200)
[execution_aware] iter 27/50 [ERR] reward=    -inf  decay_linear(cs_rank(-1 * stddev(delta(close, 1), 20)), 400)
[execution_aware] iter 28/50 [OK ] reward= -3.0587  decay_linear(cs_rank(-1 * stddev(delta(close, 1), 20)), 200)
[execution_aware] iter 29/50 [ERR] reward=    -inf  decay_linear(cs_rank(-1 * stddev(delta(close, 1), 20)), 400)
[execution_aware] iter 30/50 [OK ] reward= -3.0587  decay_linear(cs_rank(-1 * stddev(delta(close, 1), 20)), 200)
[execution_aware] iter 31/50 [ERR] reward=    -inf  decay_linear(cs_rank(-1 * stddev(delta(close, 1), 20)), 400)
[execution_aware] iter 32/50 [OK ] reward= -3.0587  decay_linear(cs_rank(-1 * stddev(delta(close, 1), 20)), 200)
[execution_aware] iter 33/50 [ERR] reward=    -inf  decay_linear(cs_rank(-1 * stddev(delta(close, 1), 20)), 400)
[execution_aware] iter 34/50 [OK ] reward= -3.0032  decay_linear(cs_rank(-1 * stddev(delta(close, 1), 20)), 252)
[execution_aware] iter 35/50 [ERR] reward=    -inf  decay_linear(cs_rank(-1 * stddev(delta(close, 1), 20)), 500)
[execution_aware] iter 36/50 [OK ] reward= -3.0032  decay_linear(cs_rank(-1 * stddev(delta(close, 1), 20)), 252)
[execution_aware] iter 37/50 [ERR] reward=    -inf  decay_linear(cs_rank(-1 * stddev(delta(close, 1), 20)), 500)
[execution_aware] iter 38/50 [OK ] reward= -3.0032  decay_linear(cs_rank(-1 * stddev(delta(close, 1), 20)), 252)
[execution_aware] iter 39/50 [ERR] reward=    -inf  decay_linear(cs_rank(-1 * stddev(delta(close, 1), 20)), 500)
[execution_aware] iter 40/50 [OK ] reward= -3.0032  decay_linear(cs_rank(-1 * stddev(delta(close, 1), 20)), 252)
[execution_aware] iter 41/50 [ERR] reward=    -inf  decay_linear(cs_rank(-1 * stddev(delta(close, 1), 20)), 500)
[execution_aware] iter 42/50 [OK ] reward= -3.0032  decay_linear(cs_rank(-1 * stddev(delta(close, 1), 20)), 252)
[execution_aware] iter 43/50 [ERR] reward=    -inf  decay_linear(cs_rank(-1 * stddev(delta(close, 1), 20)), 500)
[execution_aware] iter 44/50 [OK ] reward= -3.0587  decay_linear(cs_rank(-1 * stddev(delta(close, 1), 20)), 200)
[execution_aware] iter 45/50 [ERR] reward=    -inf  decay_linear(cs_rank(-1 * stddev(delta(close, 1), 20)), 500)
[execution_aware] iter 46/50 [OK ] reward= -3.0032  decay_linear(cs_rank(-1 * stddev(delta(close, 1), 20)), 252)
[execution_aware] iter 47/50 [ERR] reward=    -inf  decay_linear(cs_rank(-1 * stddev(delta(close, 1), 20)), 500)
[execution_aware] iter 48/50 [OK ] reward= -3.0032  decay_linear(cs_rank(-1 * stddev(delta(close, 1), 20)), 252)
[execution_aware] iter 49/50 [ERR] reward=    -inf  decay_linear(cs_rank(-1 * stddev(delta(close, 1), 20)), 500)
[execution_aware] iter 50/50 [OK ] reward= -3.0425  decay_linear(cs_rank(-1 * stddev(delta(close, 1), 120)), 120)
[wfo:execution_aware] fold 8 winner: decay_linear(cs_rank(-1 * stddev(delta(close, 1), 20)), 252)
[wfo:execution_aware] fold 8 OOS: Gross_IR=-0.045 Turnover=2.98 Net_IR=-0.214
[wfo:execution_aware] fold 9: train 2010-01-01..2014-12-31 -> test 2015-01-01..2015-12-31
[execution_aware] iter  0/50 [SEED] reward=-16.3483  rank(-1 * stddev(delta(close, 1), 20))
[execution_aware] iter  1/50 [OK ] reward= -3.6570  decay_linear(rank(-1 * stddev(delta(close, 1), 20)), 60)
[execution_aware] iter  2/50 [OK ] reward= -2.8720  decay_linear(cs_rank(-1 * stddev(delta(close, 1), 20)), 120)
[execution_aware] iter  3/50 [OK ] reward= -2.5374  decay_linear(cs_rank(-1 * stddev(delta(close, 1), 20)), 240)
[execution_aware] iter  4/50 [ERR] reward=    -inf  decay_linear(cs_rank(-1 * stddev(delta(close, 1), 20)), 480)
[execution_aware] iter  5/50 [OK ] reward= -2.5374  decay_linear(cs_rank(-1 * stddev(delta(close, 1), 20)), 240)
[execution_aware] iter  6/50 [ERR] reward=    -inf  decay_linear(cs_rank(-1 * stddev(delta(close, 1), 20)), 360)
[execution_aware] iter  7/50 [OK ] reward= -2.4807  decay_linear(cs_rank(-1 * stddev(delta(close, 1), 20)), 240) + decay_linear(cs_rank(volume / (volume + 1e-5)), 240)
[execution_aware] iter  8/50 [ERR] reward=    -inf  decay_linear(cs_rank(-1 * stddev(delta(close, 1), 20)), 480) + decay_linear(cs_rank(volume / (volume + 1e-5)), 480)
[execution_aware] iter  9/50 [OK ] reward= -2.5945  decay_linear(cs_rank(-1 * stddev(delta(close, 1), 20)), 240) + decay_linear(cs_rank(volume / (volume + 1e-5)), 240) - decay_linear(cs_rank(vwap / (vwap + 1e-5)), 240)
[execution_aware] iter 10/50 [ERR] reward=    -inf  decay_linear(cs_rank(-1 * stddev(delta(close, 1), 20)), 360) + decay_linear(cs_rank(volume / (volume + 1e-5)), 360)
[execution_aware] iter 11/50 [OK ] reward= -2.4807  decay_linear(cs_rank(-1 * stddev(delta(close, 1), 20)), 240) + decay_linear(cs_rank(volume / (volume + 1e-5)), 240)
[execution_aware] iter 12/50 [ERR] reward=    -inf  decay_linear(cs_rank(-1 * stddev(delta(close, 1), 20)), 360) + decay_linear(cs_rank(volume / (volume + 1e-5)), 360)
[execution_aware] iter 13/50 [OK ] reward= -2.5466  decay_linear(cs_rank(-1 * stddev(delta(close, 1), 20)), 180) + decay_linear(cs_rank(volume / (volume + 1e-5)), 180)
[execution_aware] iter 14/50 [ERR] reward=    -inf  decay_linear(cs_rank(-1 * stddev(delta(close, 1), 20)), 360) + decay_linear(cs_rank(volume / (volume + 1e-5)), 360)
[execution_aware] iter 15/50 [OK ] reward= -2.5195  decay_linear(cs_rank(-1 * stddev(delta(close, 1), 20)), 240) + decay_linear(cs_rank(volume / (volume + 1e-5)), 180)
[execution_aware] iter 16/50 [ERR] reward=    -inf  decay_linear(cs_rank(-1 * stddev(delta(close, 1), 20)), 360) + decay_linear(cs_rank(volume / (volume + 1e-5)), 360)
[execution_aware] iter 17/50 [OK ] reward= -2.6207  decay_linear(cs_rank(-1 * stddev(delta(close, 1), 20)), 240) + decay_linear(cs_rank(volume / (volume + 1e-5)), 120)
[execution_aware] iter 18/50 [ERR] reward=    -inf  decay_linear(cs_rank(-1 * stddev(delta(close, 1), 20)), 360) + decay_linear(cs_rank(volume / (volume + 1e-5)), 240)
[execution_aware] iter 19/50 [OK ] reward= -2.6207  decay_linear(cs_rank(-1 * stddev(delta(close, 1), 20)), 240) + decay_linear(cs_rank(volume / (volume + 1e-5)), 120)
[execution_aware] iter 20/50 [ERR] reward=    -inf  decay_linear(cs_rank(-1 * stddev(delta(close, 1), 20)), 360) + decay_linear(cs_rank(volume / (volume + 1e-5)), 360)
[execution_aware] iter 21/50 [OK ] reward= -2.5195  decay_linear(cs_rank(-1 * stddev(delta(close, 1), 20)), 240) + decay_linear(cs_rank(volume / (volume + 1e-5)), 180)
[execution_aware] iter 22/50 [ERR] reward=    -inf  decay_linear(cs_rank(-1 * stddev(delta(close, 1), 20)), 240) + decay_linear(cs_rank(volume / (volume + 1e-5)), 360)
[execution_aware] iter 23/50 [OK ] reward= -3.0770  decay_linear(cs_rank(-1 * stddev(delta(close, 1), 20)), 240) + decay_linear(cs_rank(volume / (volume + 1e-5)), 240) + decay_linear(cs_rank(vwap / (high + low + 1e-5)), 240)
[execution_aware] iter 24/50 [OK ] reward= -2.4807  decay_linear(cs_rank(-1 * stddev(delta(close, 1), 20)), 240) + decay_linear(cs_rank(volume / (volume + 1e-5)), 240)
[execution_aware] iter 25/50 [ERR] reward=    -inf  decay_linear(cs_rank(-1 * stddev(delta(close, 1), 20)), 480) + decay_linear(cs_rank(volume / (volume + 1e-5)), 480)
[execution_aware] iter 26/50 [OK ] reward= -2.6207  decay_linear(cs_rank(-1 * stddev(delta(close, 1), 20)), 240) + decay_linear(cs_rank(volume / (volume + 1e-5)), 120)
[execution_aware] iter 27/50 [ERR] reward=    -inf  decay_linear(cs_rank(-1 * stddev(delta(close, 1), 20)), 480) + cs_rank(volume / (volume + 1e-5))
[execution_aware] iter 28/50 [OK ] reward= -2.7563  decay_linear(cs_rank(-1 * stddev(delta(close, 1), 20)), 240) + decay_linear(cs_rank(volume / (volume + 1e-5)), 240) + decay_linear(cs_rank(vwap - close), 240)
[execution_aware] iter 29/50 [OK ] reward= -2.4807  decay_linear(cs_rank(-1 * stddev(delta(close, 1), 20)), 240) + decay_linear(cs_rank(volume / (volume + 1e-5)), 240)
[execution_aware] iter 30/50 [ERR] reward=    -inf  decay_linear(cs_rank(-1 * stddev(delta(close, 1), 20)), 480) + decay_linear(cs_rank(volume / (volume + 1e-5)), 480)
[execution_aware] iter 31/50 [OK ] reward= -2.7055  decay_linear(cs_rank(-1 * stddev(delta(close, 1), 20)), 120) + decay_linear(cs_rank(volume / (volume + 1e-5)), 120)
[execution_aware] iter 32/50 [ERR] reward=    -inf  decay_linear(cs_rank(-1 * stddev(delta(close, 1), 20)), 360) + decay_linear(cs_rank(volume / (volume + 1e-5)), 360)
[execution_aware] iter 33/50 [OK ] reward= -2.5195  decay_linear(cs_rank(-1 * stddev(delta(close, 1), 20)), 240) + decay_linear(cs_rank(volume / (volume + 1e-5)), 180)
[execution_aware] iter 34/50 [ERR] reward=    -inf  decay_linear(cs_rank(-1 * stddev(delta(close, 1), 20)), 360) + decay_linear(cs_rank(volume / (volume + 1e-5)), 360)
[execution_aware] iter 35/50 [OK ] reward= -2.5195  decay_linear(cs_rank(-1 * stddev(delta(close, 1), 20)), 240) + decay_linear(cs_rank(volume / (volume + 1e-5)), 180)
[execution_aware] iter 36/50 [ERR] reward=    -inf  decay_linear(cs_rank(-1 * stddev(delta(close, 1), 20)), 365) + cs_rank(volume / (volume + 1e-5))
[execution_aware] iter 37/50 [OK ] reward= -2.5195  decay_linear(cs_rank(-1 * stddev(delta(close, 1), 20)), 240) + decay_linear(cs_rank(volume / (volume + 1e-5)), 180)
[execution_aware] iter 38/50 [ERR] reward=    -inf  decay_linear(cs_rank(-1 * stddev(delta(close, 1), 20)), 240) + decay_linear(cs_rank(volume / (volume + 1e-5)), 360)
[execution_aware] iter 39/50 [OK ] reward= -2.5195  decay_linear(cs_rank(-1 * stddev(delta(close, 1), 20)), 240) + decay_linear(cs_rank(volume / (volume + 1e-5)), 180)
[execution_aware] iter 40/50 [OK ] reward= -2.4807  decay_linear(cs_rank(-1 * stddev(delta(close, 1), 20)), 240) + decay_linear(cs_rank(volume / (volume + 1e-5)), 240)
[execution_aware] iter 41/50 [ERR] reward=    -inf  decay_linear(cs_rank(-1 * stddev(delta(close, 1), 20)), 360) + decay_linear(cs_rank(volume / (volume + 1e-5)), 360)
[execution_aware] iter 42/50 [OK ] reward= -2.5195  decay_linear(cs_rank(-1 * stddev(delta(close, 1), 20)), 240) + decay_linear(cs_rank(volume / (volume + 1e-5)), 180)
[execution_aware] iter 43/50 [ERR] reward=    -inf  decay_linear(cs_rank(-1 * stddev(delta(close, 1), 20)), 360) + decay_linear(cs_rank(volume / (volume + 1e-5)), 360)
[execution_aware] iter 44/50 [OK ] reward= -2.5195  decay_linear(cs_rank(-1 * stddev(delta(close, 1), 20)), 240) + decay_linear(cs_rank(volume / (volume + 1e-5)), 180)
[execution_aware] iter 45/50 [ERR] reward=    -inf  decay_linear(cs_rank(-1 * stddev(delta(close, 1), 20)), 360) + decay_linear(cs_rank(volume / (volume + 1e-5)), 360)
[execution_aware] iter 46/50 [OK ] reward= -2.5195  decay_linear(cs_rank(-1 * stddev(delta(close, 1), 20)), 240) + decay_linear(cs_rank(volume / (volume + 1e-5)), 180)
[execution_aware] iter 47/50 [OK ] reward= -2.4807  decay_linear(cs_rank(-1 * stddev(delta(close, 1), 20)), 240) + decay_linear(cs_rank(volume / (volume + 1e-5)), 240)
[execution_aware] iter 48/50 [ERR] reward=    -inf  decay_linear(cs_rank(-1 * stddev(delta(close, 1), 20)), 480) + decay_linear(cs_rank(volume / (volume + 1e-5)), 480)
[execution_aware] iter 49/50 [OK ] reward= -2.6207  decay_linear(cs_rank(-1 * stddev(delta(close, 1), 20)), 240) + decay_linear(cs_rank(volume / (volume + 1e-5)), 120)
[execution_aware] iter 50/50 [ERR] reward=    -inf  decay_linear(cs_rank(-1 * stddev(delta(close, 1), 20)), 360) + decay_linear(cs_rank(volume / (volume + 1e-5)), 360)
[wfo:execution_aware] fold 9 winner: decay_linear(cs_rank(-1 * stddev(delta(close, 1), 20)), 240) + decay_linear(cs_rank(volume / (volume + 1e-5)), 240)
[wfo:execution_aware] fold 9 OOS: Gross_IR=0.348 Turnover=3.04 Net_IR=0.149
[wfo:execution_aware] fold 10: train 2011-01-01..2015-12-31 -> test 2016-01-01..2016-12-31
[execution_aware] iter  0/50 [SEED] reward=-16.6714  rank(-1 * stddev(delta(close, 1), 20))
[execution_aware] iter  1/50 [OK ] reward= -2.8678  decay_linear(rank(-1 * stddev(delta(close, 1), 20)), 100)
[execution_aware] iter  2/50 [OK ] reward= -2.3745  decay_linear(rank(-1 * stddev(delta(close, 1), 20)), 200)
[execution_aware] iter  3/50 [ERR] reward=    -inf  decay_linear(rank(-1 * stddev(delta(close, 1), 20)), 400)
[execution_aware] iter  4/50 [OK ] reward= -2.3745  decay_linear(cs_rank(-1 * stddev(delta(close, 1), 20)), 200)
[execution_aware] iter  5/50 [ERR] reward=    -inf  decay_linear(cs_rank(-1 * stddev(delta(close, 1), 20)), 400)
[execution_aware] iter  6/50 [OK ] reward= -2.2805  decay_linear(cs_rank(-1 * stddev(delta(close, 1), 20)), 252)
[execution_aware] iter  7/50 [ERR] reward=    -inf  decay_linear(cs_rank(-1 * stddev(delta(close, 1), 20)), 500)
[execution_aware] iter  8/50 [OK ] reward= -2.2805  decay_linear(cs_rank(-1 * stddev(delta(close, 1), 20)), 252)
[execution_aware] iter  9/50 [ERR] reward=    -inf  decay_linear(cs_rank(-1 * stddev(delta(close, 1), 20)), 504)
[execution_aware] iter 10/50 [OK ] reward= -2.6497  decay_linear(cs_rank(-1 * stddev(delta(close, 1), 20)), 126)
[execution_aware] iter 11/50 [ERR] reward=    -inf  decay_linear(cs_rank(-1 * stddev(delta(close, 1), 20)), 500)
[execution_aware] iter 12/50 [OK ] reward= -2.2805  decay_linear(cs_rank(-1 * stddev(delta(close, 1), 20)), 252)
[execution_aware] iter 13/50 [ERR] reward=    -inf  decay_linear(cs_rank(-1 * stddev(delta(close, 1), 20)), 504)
[execution_aware] iter 14/50 [OK ] reward= -2.2805  decay_linear(cs_rank(-1 * stddev(delta(close, 1), 20)), 252)
[execution_aware] iter 15/50 [ERR] reward=    -inf  decay_linear(cs_rank(-1 * stddev(delta(close, 1), 20)), 500)
[execution_aware] iter 16/50 [OK ] reward= -2.2200  decay_linear(cs_rank(-1 * stddev(delta(close, 1), 50)), 252)
[execution_aware] iter 17/50 [ERR] reward=    -inf  decay_linear(cs_rank(-1 * stddev(delta(close, 1), 100)), 500)
[execution_aware] iter 18/50 [OK ] reward= -2.1822  decay_linear(cs_rank(-1 * stddev(delta(close, 1), 100)), 252)
[execution_aware] iter 19/50 [ERR] reward=    -inf  decay_linear(cs_rank(-1 * stddev(delta(close, 1), 100)), 500)
[execution_aware] iter 20/50 [OK ] reward= -2.2279  decay_linear(cs_rank(-1 * stddev(delta(close, 1), 120)), 180)
[execution_aware] iter 21/50 [ERR] reward=    -inf  decay_linear(cs_rank(-1 * stddev(delta(close, 1), 100)), 365)
[execution_aware] iter 22/50 [OK ] reward= -2.1822  decay_linear(cs_rank(-1 * stddev(delta(close, 1), 100)), 252)
[execution_aware] iter 23/50 [ERR] reward=    -inf  decay_linear(cs_rank(-1 * stddev(delta(close, 1), 100)), 500)
[execution_aware] iter 24/50 [OK ] reward= -2.0968  decay_linear(cs_rank(-1 * stddev(delta(close, 1), 200)), 252)
[execution_aware] iter 25/50 [ERR] reward=    -inf  decay_linear(cs_rank(-1 * stddev(delta(close, 1), 200)), 504)
[execution_aware] iter 26/50 [OK ] reward= -2.1822  decay_linear(cs_rank(-1 * stddev(delta(close, 1), 100)), 252)
[execution_aware] iter 27/50 [ERR] reward=    -inf  decay_linear(cs_rank(-1 * stddev(delta(close, 1), 200)), 500)
[execution_aware] iter 28/50 [OK ] reward= -2.1189  decay_linear(cs_rank(-1 * stddev(delta(close, 1), 180)), 252)
[execution_aware] iter 29/50 [ERR] reward=    -inf  decay_linear(cs_rank(-1 * stddev(delta(close, 1), 200)), 500)
[execution_aware] iter 30/50 [OK ] reward= -2.1382  decay_linear(cs_rank(-1 * stddev(delta(close, 1), 200)), 200)
[execution_aware] iter 31/50 [ERR] reward=    -inf  decay_linear(cs_rank(-1 * stddev(delta(close, 1), 200)), 500)
[execution_aware] iter 32/50 [OK ] reward= -2.0605  decay_linear(cs_rank(-1 * stddev(delta(close, 1), 200)), 252) * decay_linear(cs_rank(volume), 252)
[execution_aware] iter 33/50 [OK ] reward=-32.5489  decay_linear(cs_rank(-1 * stddev(delta(close, 1), 200)), 252) * cs_rank(volume)
[execution_aware] iter 34/50 [ERR] reward=    -inf  decay_linear(cs_rank(-1 * stddev(delta(close, 1), 200)), 500) * decay_linear(cs_rank(volume), 500)
[execution_aware] iter 35/50 [OK ] reward= -2.1784  decay_linear(cs_rank(-1 * stddev(delta(close, 1), 200)), 252) * decay_linear(cs_rank(volume), 126)
[execution_aware] iter 36/50 [ERR] reward=    -inf  decay_linear(cs_rank(-1 * stddev(delta(close, 1), 200)), 500) * decay_linear(cs_rank(volume), 252)
[execution_aware] iter 37/50 [OK ] reward= -2.0887  decay_linear(cs_rank(-1 * stddev(delta(close, 1), 200)), 252) * decay_linear(cs_rank(volume), 200)
[execution_aware] iter 38/50 [OK ] reward= -2.0605  decay_linear(cs_rank(-1 * stddev(delta(close, 1), 200)), 252) * decay_linear(cs_rank(volume), 252)
[execution_aware] iter 39/50 [OK ] reward=-32.5489  decay_linear(cs_rank(-1 * stddev(delta(close, 1), 200)), 252) * cs_rank(volume)
[execution_aware] iter 40/50 [ERR] reward=    -inf  decay_linear(cs_rank(-1 * stddev(delta(close, 1), 200)), 500) * decay_linear(cs_rank(volume), 500)
[execution_aware] iter 41/50 [OK ] reward=-22.1752  decay_linear(cs_rank(-1 * stddev(delta(close, 1), 200)), 252) * decay_linear(cs_rank(volume), 252) + cs_rank(zscore(close, 252))
[execution_aware] iter 42/50 [ERR] reward=    -inf  decay_linear(cs_rank(-1 * stddev(delta(close, 1), 200)), 500) * decay_linear(cs_rank(volume), 500)
[execution_aware] iter 43/50 [OK ] reward=-36.8158  decay_linear(cs_rank(-1 * stddev(delta(close, 1), 200)), 252) * decay_linear(cs_rank(volume), 252) * cs_rank(ts_rank(close, 100))
[execution_aware] iter 44/50 [ERR] reward=    -inf  decay_linear(cs_rank(-1 * stddev(delta(close, 1), 200)), 500) * decay_linear(cs_rank(volume), 500)
[execution_aware] iter 45/50 [OK ] reward= -6.2775  decay_linear(cs_rank(-1 * stddev(delta(close, 1), 200)), 252) * decay_linear(cs_rank(volume), 252) * cs_rank(vwap)
[execution_aware] iter 46/50 [ERR] reward=    -inf  decay_linear(cs_rank(-1 * stddev(delta(close, 1), 200)), 500) * decay_linear(cs_rank(volume), 252)
[execution_aware] iter 47/50 [OK ] reward= -2.1050  decay_linear(cs_rank(-1 * stddev(delta(close, 1), 200)), 252) * decay_linear(cs_rank(volume), 180)
[execution_aware] iter 48/50 [OK ] reward= -2.0605  decay_linear(cs_rank(-1 * stddev(delta(close, 1), 200)), 252) * decay_linear(cs_rank(volume), 252)
[execution_aware] iter 49/50 [OK ] reward= -2.0605  decay_linear(cs_rank(-1 * stddev(delta(close, 1), 200)), 252) * decay_linear(cs_rank(volume), 252)
[execution_aware] iter 50/50 [OK ] reward=-32.5489  decay_linear(cs_rank(-1 * stddev(delta(close, 1), 200)), 252) * cs_rank(volume)
[wfo:execution_aware] fold 10 winner: decay_linear(cs_rank(-1 * stddev(delta(close, 1), 200)), 252) * decay_linear(cs_rank(volume), 252)
[wfo:execution_aware] fold 10 OOS: Gross_IR=2.065 Turnover=3.24 Net_IR=1.829
[wfo:execution_aware] fold 11: train 2012-01-01..2016-12-31 -> test 2017-01-01..2017-12-31
[execution_aware] iter  0/50 [SEED] reward=-17.0898  rank(-1 * stddev(delta(close, 1), 20))
[execution_aware] iter  1/50 [OK ] reward= -3.4555  decay_linear(rank(-1 * stddev(delta(close, 1), 20)), 60)
[execution_aware] iter  2/50 [OK ] reward= -2.5323  decay_linear(rank(-1 * stddev(delta(close, 1), 20)), 120)
[execution_aware] iter  3/50 [OK ] reward= -2.1112  decay_linear(rank(-1 * stddev(delta(close, 1), 20)), 240)
[execution_aware] iter  4/50 [ERR] reward=    -inf  decay_linear(rank(-1 * stddev(delta(close, 1), 20)), 360)
[execution_aware] iter  5/50 [OK ] reward= -2.1112  decay_linear(cs_rank(-1 * stddev(delta(close, 1), 20)), 240)
[execution_aware] iter  6/50 [ERR] reward=    -inf  decay_linear(cs_rank(-1 * stddev(delta(close, 1), 20)), 500)
[execution_aware] iter  7/50 [OK ] reward= -2.1112  decay_linear(cs_rank(-1 * stddev(delta(close, 1), 20)), 240)
[execution_aware] iter  8/50 [ERR] reward=    -inf  decay_linear(cs_rank(-1 * stddev(delta(close, 1), 20)), 360)
[execution_aware] iter  9/50 [OK ] reward= -2.1112  decay_linear(cs_rank(-1 * stddev(delta(close, 1), 20)), 240)
[execution_aware] iter 10/50 [ERR] reward=    -inf  decay_linear(cs_rank(-1 * stddev(delta(close, 1), 20)), 360)
[execution_aware] iter 11/50 [OK ] reward= -8.4890  decay_linear(ts_rank(-1 * stddev(delta(close, 1), 20), 240), 120)
[execution_aware] iter 12/50 [ERR] reward=    -inf  decay_linear(rank(-1 * stddev(delta(close, 1), 20)), 480)
[execution_aware] iter 13/50 [OK ] reward= -2.2438  decay_linear(cs_rank(-1 * stddev(delta(close, 1), 20)), 180)
[execution_aware] iter 14/50 [OK ] reward= -2.1112  decay_linear(cs_rank(-1 * stddev(delta(close, 1), 20)), 240)
[execution_aware] iter 15/50 [ERR] reward=    -inf  decay_linear(cs_rank(-1 * stddev(delta(close, 1), 20)), 360)
[execution_aware] iter 16/50 [OK ] reward= -2.1112  decay_linear(cs_rank(-1 * stddev(delta(close, 1), 20)), 240)
[execution_aware] iter 17/50 [ERR] reward=    -inf  decay_linear(cs_rank(-1 * stddev(delta(close, 1), 20)), 360)
[execution_aware] iter 18/50 [OK ] reward= -2.1112  decay_linear(cs_rank(-1 * stddev(delta(close, 1), 20)), 240)
[execution_aware] iter 19/50 [ERR] reward=    -inf  decay_linear(cs_rank(-1 * stddev(delta(close, 1), 30)), 360)
[execution_aware] iter 20/50 [OK ] reward= -2.1112  decay_linear(cs_rank(-1 * stddev(delta(close, 1), 20)), 240)
[execution_aware] iter 21/50 [ERR] reward=    -inf  decay_linear(cs_rank(-1 * stddev(delta(close, 1), 20)), 360)
[execution_aware] iter 22/50 [OK ] reward= -2.1112  decay_linear(cs_rank(-1 * stddev(delta(close, 1), 20)), 240)
[execution_aware] iter 23/50 [ERR] reward=    -inf  decay_linear(cs_rank(-1 * stddev(delta(close, 1), 20)), 360)
[execution_aware] iter 24/50 [OK ] reward= -2.1112  decay_linear(cs_rank(-1 * stddev(delta(close, 1), 20)), 240)
[execution_aware] iter 25/50 [ERR] reward=    -inf  decay_linear(cs_rank(-1 * stddev(delta(close, 1), 20)), 500)
[execution_aware] iter 26/50 [OK ] reward= -2.1112  decay_linear(cs_rank(-1 * stddev(delta(close, 1), 20)), 240)
[execution_aware] iter 27/50 [ERR] reward=    -inf  decay_linear(cs_rank(-1 * stddev(delta(close, 1), 20)), 360)
[execution_aware] iter 28/50 [OK ] reward= -2.1112  decay_linear(cs_rank(-1 * stddev(delta(close, 1), 20)), 240)
[execution_aware] iter 29/50 [ERR] reward=    -inf  decay_linear(cs_rank(-1 * stddev(delta(close, 1), 20)), 480)
[execution_aware] iter 30/50 [OK ] reward= -2.1112  decay_linear(cs_rank(-1 * stddev(delta(close, 1), 20)), 240)
[execution_aware] iter 31/50 [ERR] reward=    -inf  decay_linear(cs_rank(-1 * stddev(delta(close, 1), 40)), 480)
[execution_aware] iter 32/50 [OK ] reward= -2.1112  decay_linear(cs_rank(-1 * stddev(delta(close, 1), 20)), 240)
[execution_aware] iter 33/50 [ERR] reward=    -inf  decay_linear(cs_rank(-1 * stddev(delta(close, 1), 40)), 480)
[execution_aware] iter 34/50 [OK ] reward= -2.1112  decay_linear(cs_rank(-1 * stddev(delta(close, 1), 20)), 240)
[execution_aware] iter 35/50 [ERR] reward=    -inf  decay_linear(cs_rank(-1 * stddev(delta(close, 1), 20)), 500)
[execution_aware] iter 36/50 [OK ] reward= -2.1112  decay_linear(cs_rank(-1 * stddev(delta(close, 1), 20)), 240)
[execution_aware] iter 37/50 [ERR] reward=    -inf  decay_linear(cs_rank(-1 * stddev(delta(close, 1), 20)), 480)
[execution_aware] iter 38/50 [OK ] reward= -2.1112  decay_linear(cs_rank(-1 * stddev(delta(close, 1), 20)), 240)
[execution_aware] iter 39/50 [ERR] reward=    -inf  decay_linear(cs_rank(-1 * stddev(delta(close, 1), 20)), 480)
[execution_aware] iter 40/50 [OK ] reward= -2.1112  decay_linear(cs_rank(-1 * stddev(delta(close, 1), 20)), 240)
[execution_aware] iter 41/50 [ERR] reward=    -inf  decay_linear(rank(-1 * stddev(delta(close, 1), 20)), 360)
[execution_aware] iter 42/50 [OK ] reward= -2.1112  decay_linear(cs_rank(-1 * stddev(delta(close, 1), 20)), 240)
[execution_aware] iter 43/50 [ERR] reward=    -inf  decay_linear(cs_rank(-1 * stddev(delta(close, 1), 20)), 360)
[execution_aware] iter 44/50 [OK ] reward= -2.1112  decay_linear(cs_rank(-1 * stddev(delta(close, 1), 20)), 240)
[execution_aware] iter 45/50 [ERR] reward=    -inf  decay_linear(cs_rank(-1 * stddev(delta(close, 1), 20)), 360)
[execution_aware] iter 46/50 [OK ] reward= -2.1112  decay_linear(cs_rank(-1 * stddev(delta(close, 1), 20)), 240)
[execution_aware] iter 47/50 [ERR] reward=    -inf  decay_linear(cs_rank(-1 * stddev(delta(close, 1), 40)), 360)
[execution_aware] iter 48/50 [OK ] reward= -2.1112  decay_linear(cs_rank(-1 * stddev(delta(close, 1), 20)), 240)
[execution_aware] iter 49/50 [ERR] reward=    -inf  decay_linear(cs_rank(-1 * stddev(delta(close, 1), 30)), 360)
[execution_aware] iter 50/50 [OK ] reward= -2.1112  decay_linear(cs_rank(-1 * stddev(delta(close, 1), 20)), 240)
[wfo:execution_aware] fold 11 winner: decay_linear(rank(-1 * stddev(delta(close, 1), 20)), 240)
[wfo:execution_aware] fold 11 OOS: Gross_IR=0.592 Turnover=2.82 Net_IR=0.354
[wfo:execution_aware] fold 12: train 2013-01-01..2017-12-31 -> test 2018-01-01..2018-12-31
[execution_aware] iter  0/50 [SEED] reward=-17.4971  rank(-1 * stddev(delta(close, 1), 20))
[execution_aware] iter  1/50 [OK ] reward= -2.2318  decay_linear(rank(-1 * stddev(delta(close, 1), 20)), 252)
[execution_aware] iter  2/50 [ERR] reward=    -inf  decay_linear(rank(-1 * stddev(delta(close, 1), 20)), 504)
[execution_aware] iter  3/50 [OK ] reward= -2.2318  decay_linear(cs_rank(-1 * stddev(delta(close, 1), 20)), 252)
[execution_aware] iter  4/50 [ERR] reward=    -inf  decay_linear(cs_rank(-1 * stddev(delta(close, 1), 20)), 504)
[execution_aware] iter  5/50 [OK ] reward= -2.2318  decay_linear(cs_rank(-1 * stddev(delta(close, 1), 20)), 252)
[execution_aware] iter  6/50 [ERR] reward=    -inf  decay_linear(cs_rank(-1 * stddev(delta(close, 1), 20)), 500)
[execution_aware] iter  7/50 [OK ] reward= -2.2318  decay_linear(cs_rank(-1 * stddev(delta(close, 1), 20)), 252)
[execution_aware] iter  8/50 [ERR] reward=    -inf  decay_linear(cs_rank(-1 * stddev(delta(close, 1), 20)), 500)
[execution_aware] iter  9/50 [OK ] reward= -2.2318  decay_linear(cs_rank(-1 * stddev(delta(close, 1), 20)), 252)
[execution_aware] iter 10/50 [ERR] reward=    -inf  decay_linear(cs_rank(-1 * stddev(delta(close, 1), 20)), 500)
[execution_aware] iter 11/50 [OK ] reward= -2.2318  decay_linear(cs_rank(-1 * stddev(delta(close, 1), 20)), 252)
[execution_aware] iter 12/50 [ERR] reward=    -inf  decay_linear(ts_rank(-1 * stddev(delta(close, 1), 20), 252), 500)
[execution_aware] iter 13/50 [OK ] reward= -2.2318  decay_linear(cs_rank(-1 * stddev(delta(close, 1), 20)), 252)
[execution_aware] iter 14/50 [ERR] reward=    -inf  decay_linear(cs_rank(-1 * stddev(delta(close, 1), 20)), 504)
[execution_aware] iter 15/50 [OK ] reward=-17.1623  decay_linear(ts_rank(-1 * stddev(delta(close, 1), 20), 20), 252)
[execution_aware] iter 16/50 [ERR] reward=    -inf  decay_linear(rank(-1 * stddev(delta(close, 1), 20)), 500)
[execution_aware] iter 17/50 [OK ] reward= -2.4144  decay_linear(rank(-1 * stddev(delta(close, 1), 20)), 180)
[execution_aware] iter 18/50 [ERR] reward=    -inf  decay_linear(rank(-1 * stddev(delta(close, 1), 20)), 365)
[execution_aware] iter 19/50 [OK ] reward= -2.2318  decay_linear(cs_rank(-1 * stddev(delta(close, 1), 20)), 252)
[execution_aware] iter 20/50 [ERR] reward=    -inf  decay_linear(cs_rank(-1 * stddev(delta(close, 1), 20)), 500)
[execution_aware] iter 21/50 [OK ] reward= -2.2318  decay_linear(cs_rank(-1 * stddev(delta(close, 1), 20)), 252)
[execution_aware] iter 22/50 [ERR] reward=    -inf  decay_linear(cs_rank(-1 * stddev(delta(close, 1), 20)), 500)
[execution_aware] iter 23/50 [OK ] reward= -2.2318  decay_linear(cs_rank(-1 * stddev(delta(close, 1), 20)), 252)
[execution_aware] iter 24/50 [ERR] reward=    -inf  decay_linear(cs_rank(-1 * stddev(delta(close, 1), 20)), 500)
[execution_aware] iter 25/50 [OK ] reward= -2.2318  decay_linear(cs_rank(-1 * stddev(delta(close, 1), 20)), 252)
[execution_aware] iter 26/50 [ERR] reward=    -inf  decay_linear(cs_rank(-1 * stddev(delta(close, 1), 20)), 500)
[execution_aware] iter 27/50 [OK ] reward= -2.2318  decay_linear(cs_rank(-1 * stddev(delta(close, 1), 20)), 252)
[execution_aware] iter 28/50 [ERR] reward=    -inf  decay_linear(cs_rank(-1 * stddev(delta(close, 1), 20)), 500)
[execution_aware] iter 29/50 [OK ] reward= -9.0881  decay_linear(ts_rank(-1 * stddev(delta(close, 1), 20), 100), 252)
[execution_aware] iter 30/50 [ERR] reward=    -inf  decay_linear(cs_rank(-1 * stddev(delta(close, 1), 20)), 500)
[execution_aware] iter 31/50 [OK ] reward= -2.2318  decay_linear(cs_rank(-1 * stddev(delta(close, 1), 20)), 252)
[execution_aware] iter 32/50 [ERR] reward=    -inf  decay_linear(cs_rank(-1 * stddev(delta(close, 1), 20)), 504)
[execution_aware] iter 33/50 [OK ] reward= -2.2318  decay_linear(cs_rank(-1 * stddev(delta(close, 1), 20)), 252)
[execution_aware] iter 34/50 [ERR] reward=    -inf  decay_linear(cs_rank(-1 * stddev(delta(close, 1), 20)), 500)
[execution_aware] iter 35/50 [OK ] reward= -2.2318  decay_linear(cs_rank(-1 * stddev(delta(close, 1), 20)), 252)
[execution_aware] iter 36/50 [ERR] reward=    -inf  decay_linear(cs_rank(-1 * stddev(delta(close, 1), 20)), 504)
[execution_aware] iter 37/50 [OK ] reward= -2.2318  decay_linear(cs_rank(-1 * stddev(delta(close, 1), 20)), 252)
[execution_aware] iter 38/50 [ERR] reward=    -inf  decay_linear(cs_rank(-1 * stddev(delta(close, 1), 20)), 500)
[execution_aware] iter 39/50 [OK ] reward= -2.2318  decay_linear(cs_rank(-1 * stddev(delta(close, 1), 20)), 252)
[execution_aware] iter 40/50 [ERR] reward=    -inf  decay_linear(cs_rank(-1 * stddev(delta(close, 1), 20)), 500)
[execution_aware] iter 41/50 [OK ] reward= -2.2318  decay_linear(cs_rank(-1 * stddev(delta(close, 1), 20)), 252)
[execution_aware] iter 42/50 [ERR] reward=    -inf  decay_linear(cs_rank(-1 * stddev(delta(close, 1), 20)), 500)
[execution_aware] iter 43/50 [OK ] reward= -2.2318  decay_linear(cs_rank(-1 * stddev(delta(close, 1), 20)), 252)
[execution_aware] iter 44/50 [ERR] reward=    -inf  decay_linear(rank(-1 * stddev(delta(close, 1), 20)), 504)
[execution_aware] iter 45/50 [OK ] reward= -2.2318  decay_linear(cs_rank(-1 * stddev(delta(close, 1), 20)), 252)
[execution_aware] iter 46/50 [ERR] reward=    -inf  decay_linear(cs_rank(-1 * stddev(delta(close, 1), 20)), 500)
[execution_aware] iter 47/50 [OK ] reward= -2.2318  decay_linear(cs_rank(-1 * stddev(delta(close, 1), 20)), 252)
[execution_aware] iter 48/50 [ERR] reward=    -inf  decay_linear(cs_rank(-1 * stddev(delta(close, 1), 20)), 500)
[execution_aware] iter 49/50 [OK ] reward= -2.2318  decay_linear(cs_rank(-1 * stddev(delta(close, 1), 20)), 252)
[execution_aware] iter 50/50 [ERR] reward=    -inf  decay_linear(cs_rank(-1 * stddev(delta(close, 1), 20)), 504)
[wfo:execution_aware] fold 12 winner: decay_linear(rank(-1 * stddev(delta(close, 1), 20)), 252)
[wfo:execution_aware] fold 12 OOS: Gross_IR=0.685 Turnover=3.09 Net_IR=0.480
[wfo:execution_aware] fold 13: train 2014-01-01..2018-12-31 -> test 2019-01-01..2019-12-31
[execution_aware] iter  0/50 [SEED] reward=-17.3712  rank(-1 * stddev(delta(close, 1), 20))
[execution_aware] iter  1/50 [OK ] reward= -3.9711  decay_linear(rank(-1 * stddev(delta(close, 1), 20)), 60)
[execution_aware] iter  2/50 [OK ] reward= -3.0355  decay_linear(cs_rank(-1 * stddev(delta(close, 1), 20)), 120)
[execution_aware] iter  3/50 [OK ] reward= -2.6035  decay_linear(cs_rank(-1 * stddev(delta(close, 1), 20)), 240)
[execution_aware] iter  4/50 [ERR] reward=    -inf  decay_linear(cs_rank(-1 * stddev(delta(close, 1), 20)), 360)
[execution_aware] iter  5/50 [OK ] reward= -2.6035  decay_linear(cs_rank(-1 * stddev(delta(close, 1), 20)), 240)
[execution_aware] iter  6/50 [ERR] reward=    -inf  decay_linear(cs_rank(-1 * stddev(delta(close, 1), 20)), 500)
[execution_aware] iter  7/50 [OK ] reward= -2.6035  decay_linear(cs_rank(-1 * stddev(delta(close, 1), 20)), 240)
[execution_aware] iter  8/50 [ERR] reward=    -inf  decay_linear(cs_rank(-1 * stddev(delta(close, 1), 20)), 360)
[execution_aware] iter  9/50 [OK ] reward= -2.6035  decay_linear(cs_rank(-1 * stddev(delta(close, 1), 20)), 240)
[execution_aware] iter 10/50 [ERR] reward=    -inf  decay_linear(cs_rank(-1 * stddev(delta(close, 1), 20)), 360)
[execution_aware] iter 11/50 [OK ] reward= -2.6035  decay_linear(cs_rank(-1 * stddev(delta(close, 1), 20)), 240)
[execution_aware] iter 12/50 [ERR] reward=    -inf  decay_linear(cs_rank(-1 * stddev(delta(close, 1), 20)), 500)
[execution_aware] iter 13/50 [OK ] reward= -2.6801  decay_linear(cs_rank(-1 * stddev(delta(close, 1), 20)), 200)
[execution_aware] iter 14/50 [ERR] reward=    -inf  decay_linear(cs_rank(-1 * stddev(delta(close, 1), 20)), 300)
[execution_aware] iter 15/50 [OK ] reward= -2.6035  decay_linear(cs_rank(-1 * stddev(delta(close, 1), 20)), 240)
[execution_aware] iter 16/50 [ERR] reward=    -inf  decay_linear(cs_rank(-1 * stddev(delta(close, 1), 20)), 500)
[execution_aware] iter 17/50 [OK ] reward= -3.0355  decay_linear(cs_rank(-1 * stddev(delta(close, 1), 20)), 120)
[execution_aware] iter 18/50 [ERR] reward=    -inf  decay_linear(cs_rank(-1 * stddev(delta(close, 1), 20)), 360)
[execution_aware] iter 19/50 [OK ] reward= -2.7340  decay_linear(cs_rank(-1 * stddev(delta(close, 1), 20)), 180)
[execution_aware] iter 20/50 [ERR] reward=    -inf  decay_linear(cs_rank(-1 * stddev(delta(close, 1), 20)), 360)
[execution_aware] iter 21/50 [OK ] reward= -2.6035  decay_linear(cs_rank(-1 * stddev(delta(close, 1), 20)), 240)
[execution_aware] iter 22/50 [ERR] reward=    -inf  decay_linear(cs_rank(-1 * stddev(delta(close, 1), 20)), 360)
[execution_aware] iter 23/50 [OK ] reward= -2.6035  decay_linear(cs_rank(-1 * stddev(delta(close, 1), 20)), 240)
[execution_aware] iter 24/50 [ERR] reward=    -inf  decay_linear(cs_rank(-1 * stddev(delta(close, 1), 20)), 480)
[execution_aware] iter 25/50 [OK ] reward= -3.0355  decay_linear(cs_rank(-1 * stddev(delta(close, 1), 20)), 120)
[execution_aware] iter 26/50 [ERR] reward=    -inf  decay_linear(cs_rank(-1 * stddev(delta(close, 1), 20)), 480)
[execution_aware] iter 27/50 [OK ] reward= -2.6035  decay_linear(cs_rank(-1 * stddev(delta(close, 1), 20)), 240)
[execution_aware] iter 28/50 [ERR] reward=    -inf  decay_linear(cs_rank(-1 * stddev(delta(close, 1), 20)), 500)
[execution_aware] iter 29/50 [OK ] reward= -2.6035  decay_linear(cs_rank(-1 * stddev(delta(close, 1), 20)), 240)
[execution_aware] iter 30/50 [ERR] reward=    -inf  decay_linear(cs_rank(-1 * stddev(delta(close, 1), 20)), 365)
[execution_aware] iter 31/50 [OK ] reward= -2.4049  decay_linear(cs_rank(-1 * stddev(delta(close, 1), 20)), 240) + decay_linear(cs_rank(volume), 240)
[execution_aware] iter 32/50 [ERR] reward=    -inf  decay_linear(cs_rank(-1 * stddev(delta(close, 1), 20)), 480) + decay_linear(cs_rank(volume), 480)
[execution_aware] iter 33/50 [OK ] reward= -2.4335  decay_linear(cs_rank(-1 * stddev(delta(close, 1), 20)), 240) + decay_linear(cs_rank(volume), 180)
[execution_aware] iter 34/50 [OK ] reward= -2.4049  decay_linear(cs_rank(-1 * stddev(delta(close, 1), 20)), 240) + decay_linear(cs_rank(volume), 240)
[execution_aware] iter 35/50 [ERR] reward=    -inf  decay_linear(cs_rank(-1 * stddev(delta(close, 1), 20)), 360) + cs_rank(volume)
[execution_aware] iter 36/50 [OK ] reward= -2.5179  decay_linear(cs_rank(-1 * stddev(delta(close, 1), 20)), 240) + decay_linear(cs_rank(volume), 120)
[execution_aware] iter 37/50 [OK ] reward= -2.4049  decay_linear(cs_rank(-1 * stddev(delta(close, 1), 20)), 240) + decay_linear(cs_rank(volume), 240)
[execution_aware] iter 38/50 [ERR] reward=    -inf  decay_linear(cs_rank(-1 * stddev(delta(close, 1), 20)), 360) + decay_linear(cs_rank(volume), 360)
[execution_aware] iter 39/50 [OK ] reward= -2.4335  decay_linear(cs_rank(-1 * stddev(delta(close, 1), 20)), 240) + decay_linear(cs_rank(volume), 180)
[execution_aware] iter 40/50 [ERR] reward=    -inf  decay_linear(cs_rank(-1 * stddev(delta(close, 1), 20)), 360) + cs_rank(volume)
[execution_aware] iter 41/50 [OK ] reward= -2.5179  decay_linear(cs_rank(-1 * stddev(delta(close, 1), 20)), 240) + decay_linear(cs_rank(volume), 120)
[execution_aware] iter 42/50 [OK ] reward= -2.4049  decay_linear(cs_rank(-1 * stddev(delta(close, 1), 20)), 240) + decay_linear(cs_rank(volume), 240)
[execution_aware] iter 43/50 [OK ] reward= -2.4049  decay_linear(cs_rank(-1 * stddev(delta(close, 1), 20)), 240) + decay_linear(cs_rank(volume), 240)
[execution_aware] iter 44/50 [ERR] reward=    -inf  decay_linear(cs_rank(-1 * stddev(delta(close, 1), 20)), 480) + decay_linear(cs_rank(volume), 480)
[execution_aware] iter 45/50 [OK ] reward= -2.5179  decay_linear(cs_rank(-1 * stddev(delta(close, 1), 20)), 240) + decay_linear(cs_rank(volume), 120)
[execution_aware] iter 46/50 [OK ] reward= -2.4049  decay_linear(cs_rank(-1 * stddev(delta(close, 1), 20)), 240) + decay_linear(cs_rank(volume), 240)
[execution_aware] iter 47/50 [ERR] reward=    -inf  decay_linear(cs_rank(-1 * stddev(delta(close, 1), 20)), 480) + decay_linear(cs_rank(volume), 480)
[execution_aware] iter 48/50 [OK ] reward= -2.4049  decay_linear(cs_rank(-1 * stddev(delta(close, 1), 20)), 240) + decay_linear(cs_rank(volume), 240)
[execution_aware] iter 49/50 [ERR] reward=    -inf  decay_linear(cs_rank(-1 * stddev(delta(close, 1), 20)), 360) + decay_linear(cs_rank(volume), 360)
[execution_aware] iter 50/50 [OK ] reward= -2.4685  decay_linear(cs_rank(-1 * stddev(delta(close, 1), 20)), 180) + decay_linear(cs_rank(volume), 180)
[wfo:execution_aware] fold 13 winner: decay_linear(cs_rank(-1 * stddev(delta(close, 1), 20)), 240) + decay_linear(cs_rank(volume), 240)
[wfo:execution_aware] fold 13 OOS: Gross_IR=0.975 Turnover=2.86 Net_IR=0.784
[wfo:execution_aware] fold 14: train 2015-01-01..2019-12-31 -> test 2020-01-01..2020-12-31
[execution_aware] iter  0/50 [SEED] reward=-16.8095  rank(-1 * stddev(delta(close, 1), 20))
[execution_aware] iter  1/50 [OK ] reward= -3.7873  decay_linear(cs_rank(-1 * stddev(delta(close, 1), 20)), 60)
[execution_aware] iter  2/50 [OK ] reward= -2.9103  decay_linear(cs_rank(-1 * stddev(delta(close, 1), 20)), 120)
[execution_aware] iter  3/50 [OK ] reward= -2.5145  decay_linear(cs_rank(-1 * stddev(delta(close, 1), 20)), 240)
[execution_aware] iter  4/50 [ERR] reward=    -inf  decay_linear(cs_rank(-1 * stddev(delta(close, 1), 30)), 360)
[execution_aware] iter  5/50 [OK ] reward= -2.6395  decay_linear(cs_rank(-1 * stddev(delta(close, 1), 20)), 180)
[execution_aware] iter  6/50 [ERR] reward=    -inf  decay_linear(cs_rank(-1 * stddev(delta(close, 1), 20)), 360)
[execution_aware] iter  7/50 [OK ] reward= -2.5145  decay_linear(cs_rank(-1 * stddev(delta(close, 1), 20)), 240)
[execution_aware] iter  8/50 [ERR] reward=    -inf  decay_linear(cs_rank(-1 * stddev(delta(close, 1), 20)), 480)
[execution_aware] iter  9/50 [OK ] reward= -3.1051  decay_linear(cs_rank(-1 * stddev(delta(close, 1), 10)), 120)
[execution_aware] iter 10/50 [ERR] reward=    -inf  decay_linear(cs_rank(-1 * stddev(delta(close, 1), 20)), 360)
[execution_aware] iter 11/50 [OK ] reward= -2.5145  decay_linear(cs_rank(-1 * stddev(delta(close, 1), 20)), 240)
[execution_aware] iter 12/50 [ERR] reward=    -inf  decay_linear(cs_rank(-1 * stddev(delta(close, 1), 20)), 360)
[execution_aware] iter 13/50 [OK ] reward= -2.5145  decay_linear(cs_rank(-1 * stddev(delta(close, 1), 20)), 240)
[execution_aware] iter 14/50 [ERR] reward=    -inf  decay_linear(cs_rank(-1 * stddev(delta(close, 1), 20)), 480)
[execution_aware] iter 15/50 [OK ] reward= -2.4345  decay_linear(cs_rank(-1 * stddev(delta(close, 1), 100)), 240)
[execution_aware] iter 16/50 [ERR] reward=    -inf  decay_linear(cs_rank(-1 * stddev(delta(close, 1), 100)), 500)
[execution_aware] iter 17/50 [OK ] reward= -2.6094  decay_linear(cs_rank(-1 * stddev(delta(close, 1), 100)), 120)
[execution_aware] iter 18/50 [ERR] reward=    -inf  decay_linear(cs_rank(-1 * stddev(delta(close, 1), 100)), 360)
[execution_aware] iter 19/50 [OK ] reward= -2.4699  decay_linear(cs_rank(-1 * stddev(delta(close, 1), 100)), 200)
[execution_aware] iter 20/50 [ERR] reward=    -inf  decay_linear(cs_rank(-1 * stddev(delta(close, 1), 100)), 300)
[execution_aware] iter 21/50 [OK ] reward= -2.4699  decay_linear(cs_rank(-1 * stddev(delta(close, 1), 100)), 200)
[execution_aware] iter 22/50 [ERR] reward=    -inf  decay_linear(cs_rank(-1 * stddev(delta(close, 1), 100)), 300)
[execution_aware] iter 23/50 [OK ] reward= -2.4345  decay_linear(cs_rank(-1 * stddev(delta(close, 1), 100)), 240)
[execution_aware] iter 24/50 [ERR] reward=    -inf  decay_linear(cs_rank(-1 * stddev(delta(close, 1), 100)), 500)
[execution_aware] iter 25/50 [OK ] reward= -2.4345  decay_linear(cs_rank(-1 * stddev(delta(close, 1), 100)), 240)
[execution_aware] iter 26/50 [ERR] reward=    -inf  decay_linear(cs_rank(-1 * stddev(delta(close, 1), 100)), 360)
[execution_aware] iter 27/50 [OK ] reward= -2.4345  decay_linear(cs_rank(-1 * stddev(delta(close, 1), 100)), 240)
[execution_aware] iter 28/50 [ERR] reward=    -inf  decay_linear(cs_rank(-1 * stddev(delta(close, 1), 100)), 360)
[execution_aware] iter 29/50 [OK ] reward= -2.4345  decay_linear(cs_rank(-1 * stddev(delta(close, 1), 100)), 240)
[execution_aware] iter 30/50 [ERR] reward=    -inf  decay_linear(cs_rank(-1 * stddev(delta(close, 1), 100)), 500)
[execution_aware] iter 31/50 [OK ] reward= -2.4345  decay_linear(cs_rank(-1 * stddev(delta(close, 1), 100)), 240)
[execution_aware] iter 32/50 [ERR] reward=    -inf  decay_linear(cs_rank(-1 * stddev(delta(close, 1), 100)), 360)
[execution_aware] iter 33/50 [OK ] reward= -2.4985  decay_linear(cs_rank(-1 * stddev(delta(close, 1), 100)), 180)
[execution_aware] iter 34/50 [ERR] reward=    -inf  decay_linear(cs_rank(-1 * stddev(delta(close, 1), 100)), 360)
[execution_aware] iter 35/50 [OK ] reward= -2.4659  decay_linear(cs_rank(-1 * stddev(delta(close, 1), 120)), 180)
[execution_aware] iter 36/50 [ERR] reward=    -inf  decay_linear(cs_rank(-1 * stddev(delta(close, 1), 100)), 360)
[execution_aware] iter 37/50 [OK ] reward= -2.4345  decay_linear(cs_rank(-1 * stddev(delta(close, 1), 100)), 240)
[execution_aware] iter 38/50 [ERR] reward=    -inf  decay_linear(cs_rank(-1 * stddev(delta(close, 1), 100)), 500)
[execution_aware] iter 39/50 [OK ] reward= -2.4345  decay_linear(cs_rank(-1 * stddev(delta(close, 1), 100)), 240)
[execution_aware] iter 40/50 [ERR] reward=    -inf  decay_linear(cs_rank(-1 * stddev(delta(close, 1), 100)), 360)
[execution_aware] iter 41/50 [OK ] reward= -2.4699  decay_linear(cs_rank(-1 * stddev(delta(close, 1), 100)), 200)
[execution_aware] iter 42/50 [ERR] reward=    -inf  decay_linear(cs_rank(-1 * stddev(delta(close, 1), 100)), 300)
[execution_aware] iter 43/50 [OK ] reward= -2.4345  decay_linear(cs_rank(-1 * stddev(delta(close, 1), 100)), 240)
[execution_aware] iter 44/50 [ERR] reward=    -inf  decay_linear(cs_rank(-1 * stddev(delta(close, 1), 100)), 500)
[execution_aware] iter 45/50 [OK ] reward= -2.3910  decay_linear(cs_rank(-1 * stddev(delta(close, 1), 200)), 150)
[execution_aware] iter 46/50 [ERR] reward=    -inf  decay_linear(cs_rank(-1 * stddev(delta(close, 1), 200)), 300)
[execution_aware] iter 47/50 [OK ] reward= -2.5336  decay_linear(cs_rank(-1 * stddev(delta(close, 1), 150)), 100)
[execution_aware] iter 48/50 [OK ] reward= -2.3588  decay_linear(cs_rank(-1 * stddev(delta(close, 1), 200)), 200)
[execution_aware] iter 49/50 [ERR] reward=    -inf  decay_linear(cs_rank(-1 * stddev(delta(close, 1), 400)), 400)
[execution_aware] iter 50/50 [OK ] reward= -2.4628  decay_linear(cs_rank(-1 * stddev(delta(close, 1), 150)), 150)
[wfo:execution_aware] fold 14 winner: decay_linear(cs_rank(-1 * stddev(delta(close, 1), 200)), 200)
[wfo:execution_aware] fold 14 OOS: Gross_IR=-0.425 Turnover=4.05 Net_IR=-0.589
[wfo:execution_aware] fold 15: train 2016-01-01..2020-12-31 -> test 2021-01-01..2021-12-31
[execution_aware] iter  0/50 [SEED] reward=-16.4758  rank(-1 * stddev(delta(close, 1), 20))
[execution_aware] iter  1/50 [OK ] reward= -3.3299  decay_linear(rank(-1 * stddev(delta(close, 1), 20)), 120)
[execution_aware] iter  2/50 [OK ] reward= -7.0832  decay_linear(ts_rank(-1 * stddev(delta(close, 1), 20), 252), 180)
[execution_aware] iter  3/50 [OK ] reward= -3.0099  decay_linear(cs_rank(-1 * stddev(delta(close, 1), 20)), 240)
[execution_aware] iter  4/50 [ERR] reward=    -inf  decay_linear(cs_rank(-1 * stddev(delta(close, 1), 20)), 500)
[execution_aware] iter  5/50 [OK ] reward= -3.0099  decay_linear(cs_rank(-1 * stddev(delta(close, 1), 20)), 240)
[execution_aware] iter  6/50 [ERR] reward=    -inf  decay_linear(cs_rank(-1 * stddev(delta(close, 1), 20)), 360)
[execution_aware] iter  7/50 [OK ] reward= -3.1115  decay_linear(cs_rank(-1 * stddev(delta(close, 1), 20)), 180)
[execution_aware] iter  8/50 [ERR] reward=    -inf  decay_linear(cs_rank(-1 * stddev(delta(close, 1), 20)), 300)
[execution_aware] iter  9/50 [OK ] reward= -3.0099  decay_linear(cs_rank(-1 * stddev(delta(close, 1), 20)), 240)
[execution_aware] iter 10/50 [ERR] reward=    -inf  decay_linear(cs_rank(-1 * stddev(delta(close, 1), 20)), 480)
[execution_aware] iter 11/50 [OK ] reward= -3.3299  decay_linear(cs_rank(-1 * stddev(delta(close, 1), 20)), 120)
[execution_aware] iter 12/50 [ERR] reward=    -inf  decay_linear(cs_rank(-1 * stddev(delta(close, 1), 20)), 480)
[execution_aware] iter 13/50 [OK ] reward= -3.3299  decay_linear(cs_rank(-1 * stddev(delta(close, 1), 20)), 120)
[execution_aware] iter 14/50 [ERR] reward=    -inf  decay_linear(cs_rank(-1 * stddev(delta(close, 1), 20)), 480)
[execution_aware] iter 15/50 [OK ] reward= -3.0099  decay_linear(cs_rank(-1 * stddev(delta(close, 1), 20)), 240)
[execution_aware] iter 16/50 [ERR] reward=    -inf  decay_linear(cs_rank(-1 * stddev(delta(close, 1), 20)), 360)
[execution_aware] iter 17/50 [OK ] reward= -3.0682  decay_linear(cs_rank(-1 * stddev(delta(close, 1), 20)), 200)
[execution_aware] iter 18/50 [ERR] reward=    -inf  decay_linear(cs_rank(-1 * stddev(delta(close, 1), 20)), 300)
[execution_aware] iter 19/50 [OK ] reward= -3.0099  decay_linear(cs_rank(-1 * stddev(delta(close, 1), 20)), 240)
[execution_aware] iter 20/50 [ERR] reward=    -inf  decay_linear(cs_rank(-1 * stddev(delta(close, 1), 20)), 360)
[execution_aware] iter 21/50 [OK ] reward= -3.1115  decay_linear(cs_rank(-1 * stddev(delta(close, 1), 20)), 180)
[execution_aware] iter 22/50 [ERR] reward=    -inf  decay_linear(cs_rank(-1 * stddev(delta(close, 1), 20)), 360)
[execution_aware] iter 23/50 [OK ] reward= -3.1115  decay_linear(cs_rank(-1 * stddev(delta(close, 1), 20)), 180)
[execution_aware] iter 24/50 [ERR] reward=    -inf  decay_linear(cs_rank(-1 * stddev(delta(close, 1), 20)), 360)
[execution_aware] iter 25/50 [OK ] reward= -3.0099  decay_linear(cs_rank(-1 * stddev(delta(close, 1), 20)), 240)
[execution_aware] iter 26/50 [ERR] reward=    -inf  decay_linear(cs_rank(-1 * stddev(delta(close, 1), 20)), 360)
[execution_aware] iter 27/50 [OK ] reward= -3.0099  decay_linear(cs_rank(-1 * stddev(delta(close, 1), 20)), 240)
[execution_aware] iter 28/50 [ERR] reward=    -inf  decay_linear(cs_rank(-1 * stddev(delta(close, 1), 20)), 360)
[execution_aware] iter 29/50 [OK ] reward= -3.1115  decay_linear(cs_rank(-1 * stddev(delta(close, 1), 20)), 180)
[execution_aware] iter 30/50 [ERR] reward=    -inf  decay_linear(cs_rank(-1 * stddev(delta(close, 1), 20)), 360)
[execution_aware] iter 31/50 [OK ] reward= -3.0682  decay_linear(cs_rank(-1 * stddev(delta(close, 1), 20)), 200)
[execution_aware] iter 32/50 [ERR] reward=    -inf  decay_linear(cs_rank(-1 * stddev(delta(close, 1), 20)), 360)
[execution_aware] iter 33/50 [OK ] reward= -3.0099  decay_linear(cs_rank(-1 * stddev(delta(close, 1), 20)), 240)
[execution_aware] iter 34/50 [ERR] reward=    -inf  decay_linear(cs_rank(-1 * stddev(delta(close, 1), 20)), 480)
[execution_aware] iter 35/50 [OK ] reward= -3.1115  decay_linear(cs_rank(-1 * stddev(delta(close, 1), 20)), 180)
[execution_aware] iter 36/50 [ERR] reward=    -inf  decay_linear(cs_rank(-1 * stddev(delta(close, 1), 20)), 360)
[execution_aware] iter 37/50 [OK ] reward= -3.0682  decay_linear(cs_rank(-1 * stddev(delta(close, 1), 20)), 200)
[execution_aware] iter 38/50 [ERR] reward=    -inf  decay_linear(cs_rank(-1 * stddev(delta(close, 1), 20)), 300)
[execution_aware] iter 39/50 [OK ] reward= -3.0099  decay_linear(cs_rank(-1 * stddev(delta(close, 1), 20)), 240)
[execution_aware] iter 40/50 [ERR] reward=    -inf  decay_linear(cs_rank(-1 * stddev(delta(close, 1), 20)), 500)
[execution_aware] iter 41/50 [OK ] reward= -3.0099  decay_linear(cs_rank(-1 * stddev(delta(close, 1), 20)), 240)
[execution_aware] iter 42/50 [ERR] reward=    -inf  decay_linear(cs_rank(-1 * stddev(delta(close, 1), 20)), 360)
[execution_aware] iter 43/50 [OK ] reward= -3.0682  decay_linear(cs_rank(-1 * stddev(delta(close, 1), 20)), 200)
[execution_aware] iter 44/50 [ERR] reward=    -inf  decay_linear(cs_rank(-1 * stddev(delta(close, 1), 20)), 360)
[execution_aware] iter 45/50 [OK ] reward= -3.1115  decay_linear(cs_rank(-1 * stddev(delta(close, 1), 20)), 180)
[execution_aware] iter 46/50 [ERR] reward=    -inf  decay_linear(cs_rank(-1 * stddev(delta(close, 1), 20)), 360)
[execution_aware] iter 47/50 [OK ] reward= -3.0099  decay_linear(cs_rank(-1 * stddev(delta(close, 1), 20)), 240)
[execution_aware] iter 48/50 [ERR] reward=    -inf  decay_linear(cs_rank(-1 * stddev(delta(close, 1), 20)), 480)
[execution_aware] iter 49/50 [OK ] reward= -3.3299  decay_linear(cs_rank(-1 * stddev(delta(close, 1), 20)), 120)
[execution_aware] iter 50/50 [ERR] reward=    -inf  decay_linear(cs_rank(-1 * stddev(delta(close, 1), 20)), 480)
[wfo:execution_aware] fold 15 winner: decay_linear(cs_rank(-1 * stddev(delta(close, 1), 20)), 240)
[wfo:execution_aware] fold 15 OOS: Gross_IR=0.644 Turnover=3.32 Net_IR=0.490
[wfo:execution_aware] fold 16: train 2017-01-01..2021-12-31 -> test 2022-01-01..2022-12-31
[execution_aware] iter  0/50 [SEED] reward=-16.0453  rank(-1 * stddev(delta(close, 1), 20))
[execution_aware] iter  1/50 [OK ] reward= -3.4237  decay_linear(rank(-1 * stddev(delta(close, 1), 20)), 120)
[execution_aware] iter  2/50 [OK ] reward= -3.1230  decay_linear(cs_rank(-1 * stddev(delta(close, 1), 40)), 240)
[execution_aware] iter  3/50 [ERR] reward=    -inf  decay_linear(cs_rank(-1 * stddev(delta(close, 1), 40)), 360)
[execution_aware] iter  4/50 [OK ] reward= -3.1355  decay_linear(cs_rank(-1 * stddev(delta(close, 1), 30)), 240)
[execution_aware] iter  5/50 [ERR] reward=    -inf  decay_linear(cs_rank(-1 * stddev(delta(close, 1), 40)), 360)
[execution_aware] iter  6/50 [OK ] reward= -3.2995  decay_linear(cs_rank(-1 * stddev(delta(close, 1), 40)), 120)
[execution_aware] iter  7/50 [ERR] reward=    -inf  decay_linear(cs_rank(-1 * stddev(delta(close, 1), 40)), 360)
[execution_aware] iter  8/50 [OK ] reward= -3.1793  decay_linear(cs_rank(-1 * stddev(delta(close, 1), 40)), 180)
[execution_aware] iter  9/50 [ERR] reward=    -inf  decay_linear(cs_rank(-1 * stddev(delta(close, 1), 40)), 360)
[execution_aware] iter 10/50 [OK ] reward= -3.1230  decay_linear(cs_rank(-1 * stddev(delta(close, 1), 40)), 240)
[execution_aware] iter 11/50 [ERR] reward=    -inf  decay_linear(cs_rank(-1 * stddev(delta(close, 1), 40)), 360)
[execution_aware] iter 12/50 [OK ] reward= -3.1793  decay_linear(cs_rank(-1 * stddev(delta(close, 1), 40)), 180)
[execution_aware] iter 13/50 [ERR] reward=    -inf  decay_linear(cs_rank(-1 * stddev(delta(close, 1), 40)), 360)
[execution_aware] iter 14/50 [OK ] reward= -3.1793  decay_linear(cs_rank(-1 * stddev(delta(close, 1), 40)), 180)
[execution_aware] iter 15/50 [ERR] reward=    -inf  decay_linear(cs_rank(-1 * stddev(delta(close, 1), 40)), 360)
[execution_aware] iter 16/50 [OK ] reward= -3.2995  decay_linear(cs_rank(-1 * stddev(delta(close, 1), 40)), 120)
[execution_aware] iter 17/50 [ERR] reward=    -inf  decay_linear(cs_rank(-1 * stddev(delta(close, 1), 40)), 480)
[execution_aware] iter 18/50 [OK ] reward= -3.2995  decay_linear(cs_rank(-1 * stddev(delta(close, 1), 40)), 120)
[execution_aware] iter 19/50 [ERR] reward=    -inf  decay_linear(cs_rank(-1 * stddev(delta(close, 1), 40)), 360)
[execution_aware] iter 20/50 [OK ] reward= -3.1230  decay_linear(cs_rank(-1 * stddev(delta(close, 1), 40)), 240)
[execution_aware] iter 21/50 [ERR] reward=    -inf  decay_linear(cs_rank(-1 * stddev(delta(close, 1), 40)), 500)
[execution_aware] iter 22/50 [OK ] reward= -3.2995  decay_linear(cs_rank(-1 * stddev(delta(close, 1), 40)), 120)
[execution_aware] iter 23/50 [ERR] reward=    -inf  decay_linear(cs_rank(-1 * stddev(delta(close, 1), 40)), 360)
[execution_aware] iter 24/50 [OK ] reward= -3.1793  decay_linear(cs_rank(-1 * stddev(delta(close, 1), 40)), 180)
[execution_aware] iter 25/50 [ERR] reward=    -inf  decay_linear(cs_rank(-1 * stddev(delta(close, 1), 40)), 360)
[execution_aware] iter 26/50 [OK ] reward= -3.1230  decay_linear(cs_rank(-1 * stddev(delta(close, 1), 40)), 240)
[execution_aware] iter 27/50 [ERR] reward=    -inf  decay_linear(cs_rank(-1 * stddev(delta(close, 1), 80)), 480)
[execution_aware] iter 28/50 [OK ] reward= -3.2651  decay_linear(cs_rank(-1 * stddev(delta(close, 1), 60)), 120)
[execution_aware] iter 29/50 [ERR] reward=    -inf  decay_linear(cs_rank(-1 * stddev(delta(close, 1), 40)), 360)
[execution_aware] iter 30/50 [OK ] reward= -3.1230  decay_linear(cs_rank(-1 * stddev(delta(close, 1), 40)), 240)
[execution_aware] iter 31/50 [ERR] reward=    -inf  decay_linear(cs_rank(-1 * stddev(delta(close, 1), 60)), 360)
[execution_aware] iter 32/50 [OK ] reward= -3.1540  decay_linear(cs_rank(-1 * stddev(delta(close, 1), 40)), 200)
[execution_aware] iter 33/50 [ERR] reward=    -inf  decay_linear(cs_rank(-1 * stddev(delta(close, 1), 40)), 300)
[execution_aware] iter 34/50 [OK ] reward= -3.1355  decay_linear(cs_rank(-1 * stddev(delta(close, 1), 30)), 240)
[execution_aware] iter 35/50 [ERR] reward=    -inf  decay_linear(cs_rank(-1 * stddev(delta(close, 1), 40)), 480)
[execution_aware] iter 36/50 [OK ] reward= -3.1230  decay_linear(cs_rank(-1 * stddev(delta(close, 1), 40)), 240)
[execution_aware] iter 37/50 [ERR] reward=    -inf  decay_linear(cs_rank(-1 * stddev(delta(close, 1), 80)), 480)
[execution_aware] iter 38/50 [OK ] reward= -3.4237  decay_linear(cs_rank(-1 * stddev(delta(close, 1), 20)), 120)
[execution_aware] iter 39/50 [ERR] reward=    -inf  decay_linear(cs_rank(-1 * stddev(delta(close, 1), 40)), 480)
[execution_aware] iter 40/50 [OK ] reward= -3.2995  decay_linear(cs_rank(-1 * stddev(delta(close, 1), 40)), 120)
[execution_aware] iter 41/50 [ERR] reward=    -inf  decay_linear(cs_rank(-1 * stddev(delta(close, 1), 40)), 360)
[execution_aware] iter 42/50 [OK ] reward= -3.2383  decay_linear(cs_rank(-1 * stddev(delta(close, 1), 20)), 180)
[execution_aware] iter 43/50 [ERR] reward=    -inf  decay_linear(cs_rank(-1 * stddev(delta(close, 1), 40)), 360)
[execution_aware] iter 44/50 [OK ] reward= -3.1540  decay_linear(cs_rank(-1 * stddev(delta(close, 1), 40)), 200)
[execution_aware] iter 45/50 [ERR] reward=    -inf  decay_linear(cs_rank(-1 * stddev(delta(close, 1), 40)), 300)
[execution_aware] iter 46/50 [OK ] reward= -3.1540  decay_linear(cs_rank(-1 * stddev(delta(close, 1), 40)), 200)
[execution_aware] iter 47/50 [ERR] reward=    -inf  decay_linear(cs_rank(-1 * stddev(delta(close, 1), 40)), 300)
[execution_aware] iter 48/50 [OK ] reward= -3.4237  decay_linear(cs_rank(-1 * stddev(delta(close, 1), 20)), 120)
[execution_aware] iter 49/50 [ERR] reward=    -inf  decay_linear(cs_rank(-1 * stddev(delta(close, 1), 40)), 360)
[execution_aware] iter 50/50 [OK ] reward= -3.1355  decay_linear(cs_rank(-1 * stddev(delta(close, 1), 30)), 240)
[wfo:execution_aware] fold 16 winner: decay_linear(cs_rank(-1 * stddev(delta(close, 1), 40)), 240)
[wfo:execution_aware] fold 16 OOS: Gross_IR=1.290 Turnover=3.89 Net_IR=1.146
[wfo:execution_aware] fold 17: train 2018-01-01..2022-12-31 -> test 2023-01-01..2023-12-31
[execution_aware] iter  0/50 [SEED] reward=-14.9810  rank(-1 * stddev(delta(close, 1), 20))
[execution_aware] iter  1/50 [OK ] reward= -3.3333  decay_linear(rank(-1 * stddev(delta(close, 1), 20)), 126)
[execution_aware] iter  2/50 [OK ] reward= -3.1301  decay_linear(rank(-1 * stddev(delta(close, 1), 20)), 252)
[execution_aware] iter  3/50 [ERR] reward=    -inf  decay_linear(rank(-1 * stddev(delta(close, 1), 20)), 500)
[execution_aware] iter  4/50 [OK ] reward=-17.0078  decay_linear(ts_rank(-1 * stddev(delta(close, 1), 20), 20), 252)
[execution_aware] iter  5/50 [ERR] reward=    -inf  decay_linear(cs_rank(-1 * stddev(delta(close, 1), 20)), 500)
[execution_aware] iter  6/50 [OK ] reward= -3.1301  decay_linear(cs_rank(-1 * stddev(delta(close, 1), 20)), 252)
[execution_aware] iter  7/50 [ERR] reward=    -inf  decay_linear(cs_rank(-1 * stddev(delta(close, 1), 20)), 500)
[execution_aware] iter  8/50 [OK ] reward= -3.1301  decay_linear(cs_rank(-1 * stddev(delta(close, 1), 20)), 252)
[execution_aware] iter  9/50 [ERR] reward=    -inf  decay_linear(cs_rank(-1 * stddev(delta(close, 1), 20)), 504)
[execution_aware] iter 10/50 [OK ] reward= -3.1301  decay_linear(cs_rank(-1 * stddev(delta(close, 1), 20)), 252)
[execution_aware] iter 11/50 [ERR] reward=    -inf  decay_linear(cs_rank(-1 * stddev(delta(close, 1), 20)), 504)
[execution_aware] iter 12/50 [OK ] reward= -3.1301  decay_linear(cs_rank(-1 * stddev(delta(close, 1), 20)), 252)
[execution_aware] iter 13/50 [ERR] reward=    -inf  decay_linear(cs_rank(-1 * stddev(delta(close, 1), 20)), 500)
[execution_aware] iter 14/50 [OK ] reward= -3.1301  decay_linear(cs_rank(-1 * stddev(delta(close, 1), 20)), 252)
[execution_aware] iter 15/50 [ERR] reward=    -inf  decay_linear(cs_rank(-1 * stddev(delta(close, 1), 20)), 504)
[execution_aware] iter 16/50 [OK ] reward= -3.1301  decay_linear(cs_rank(-1 * stddev(delta(close, 1), 20)), 252)
[execution_aware] iter 17/50 [ERR] reward=    -inf  decay_linear(cs_rank(-1 * stddev(delta(close, 1), 20)), 500)
[execution_aware] iter 18/50 [OK ] reward= -3.1301  decay_linear(cs_rank(-1 * stddev(delta(close, 1), 20)), 252)
[execution_aware] iter 19/50 [ERR] reward=    -inf  decay_linear(cs_rank(-1 * stddev(delta(close, 1), 20)), 500)
[execution_aware] iter 20/50 [OK ] reward= -3.1301  decay_linear(cs_rank(-1 * stddev(delta(close, 1), 20)), 252)
[execution_aware] iter 21/50 [ERR] reward=    -inf  decay_linear(cs_rank(-1 * stddev(delta(close, 1), 20)), 500)
[execution_aware] iter 22/50 [OK ] reward= -3.1301  decay_linear(cs_rank(-1 * stddev(delta(close, 1), 20)), 252)
[execution_aware] iter 23/50 [ERR] reward=    -inf  decay_linear(cs_rank(-1 * stddev(delta(close, 1), 20)), 500)
[execution_aware] iter 24/50 [OK ] reward= -3.1301  decay_linear(cs_rank(-1 * stddev(delta(close, 1), 20)), 252)
[execution_aware] iter 25/50 [ERR] reward=    -inf  decay_linear(cs_rank(-1 * stddev(delta(close, 1), 20)), 500)
[execution_aware] iter 26/50 [OK ] reward= -3.1301  decay_linear(cs_rank(-1 * stddev(delta(close, 1), 20)), 252)
[execution_aware] iter 27/50 [ERR] reward=    -inf  decay_linear(cs_rank(-1 * stddev(delta(close, 1), 20)), 504)
[execution_aware] iter 28/50 [OK ] reward= -3.1301  decay_linear(cs_rank(-1 * stddev(delta(close, 1), 20)), 252)
[execution_aware] iter 29/50 [ERR] reward=    -inf  decay_linear(cs_rank(-1 * stddev(delta(close, 1), 20)), 500)
[execution_aware] iter 30/50 [OK ] reward= -3.1301  decay_linear(cs_rank(-1 * stddev(delta(close, 1), 20)), 252)
[execution_aware] iter 31/50 [ERR] reward=    -inf  decay_linear(cs_rank(-1 * stddev(delta(close, 1), 20)), 500)
[execution_aware] iter 32/50 [OK ] reward= -3.1301  decay_linear(cs_rank(-1 * stddev(delta(close, 1), 20)), 252)
[execution_aware] iter 33/50 [ERR] reward=    -inf  decay_linear(cs_rank(-1 * stddev(delta(close, 1), 20)), 504)
[execution_aware] iter 34/50 [OK ] reward= -3.1301  decay_linear(cs_rank(-1 * stddev(delta(close, 1), 20)), 252)
[execution_aware] iter 35/50 [ERR] reward=    -inf  decay_linear(cs_rank(-1 * stddev(delta(close, 1), 50)), 500)
[execution_aware] iter 36/50 [OK ] reward= -3.1301  decay_linear(cs_rank(-1 * stddev(delta(close, 1), 20)), 252)
[execution_aware] iter 37/50 [ERR] reward=    -inf  decay_linear(cs_rank(-1 * stddev(delta(close, 1), 20)), 500)
[execution_aware] iter 38/50 [OK ] reward= -3.1301  decay_linear(cs_rank(-1 * stddev(delta(close, 1), 20)), 252)
[execution_aware] iter 39/50 [ERR] reward=    -inf  decay_linear(cs_rank(-1 * stddev(delta(close, 1), 20)), 500)
[execution_aware] iter 40/50 [OK ] reward= -3.1301  decay_linear(cs_rank(-1 * stddev(delta(close, 1), 20)), 252)
[execution_aware] iter 41/50 [ERR] reward=    -inf  decay_linear(cs_rank(-1 * stddev(delta(close, 1), 20)), 504)
[execution_aware] iter 42/50 [OK ] reward= -3.1301  decay_linear(cs_rank(-1 * stddev(delta(close, 1), 20)), 252)
[execution_aware] iter 43/50 [ERR] reward=    -inf  decay_linear(cs_rank(-1 * stddev(delta(close, 1), 20)), 500)
[execution_aware] iter 44/50 [OK ] reward= -3.1301  decay_linear(cs_rank(-1 * stddev(delta(close, 1), 20)), 252)
[execution_aware] iter 45/50 [ERR] reward=    -inf  decay_linear(cs_rank(-1 * stddev(delta(close, 1), 20)), 500)
[execution_aware] iter 46/50 [OK ] reward= -3.1301  decay_linear(cs_rank(-1 * stddev(delta(close, 1), 20)), 252)
[execution_aware] iter 47/50 [ERR] reward=    -inf  decay_linear(cs_rank(-1 * stddev(delta(close, 1), 20)), 500)
[execution_aware] iter 48/50 [OK ] reward= -3.1301  decay_linear(cs_rank(-1 * stddev(delta(close, 1), 20)), 252)
[execution_aware] iter 49/50 [ERR] reward=    -inf  decay_linear(cs_rank(-1 * stddev(delta(close, 1), 20)), 500)
[execution_aware] iter 50/50 [OK ] reward= -3.1301  decay_linear(cs_rank(-1 * stddev(delta(close, 1), 20)), 252)
[wfo:execution_aware] fold 17 winner: decay_linear(rank(-1 * stddev(delta(close, 1), 20)), 252)
[wfo:execution_aware] fold 17 OOS: Gross_IR=0.081 Turnover=3.20 Net_IR=-0.101
[wfo:execution_aware] fold 18: train 2019-01-01..2023-12-31 -> test 2024-01-01..2024-12-31
[execution_aware] iter  0/50 [SEED] reward=-14.6915  rank(-1 * stddev(delta(close, 1), 20))
[execution_aware] iter  1/50 [OK ] reward= -3.5262  decay_linear(cs_rank(-1 * stddev(delta(close, 1), 20)), 100)
[execution_aware] iter  2/50 [OK ] reward= -3.2718  decay_linear(cs_rank(-1 * stddev(delta(close, 1), 20)), 200)
[execution_aware] iter  3/50 [ERR] reward=    -inf  decay_linear(cs_rank(-1 * stddev(delta(close, 1), 20)), 400)
[execution_aware] iter  4/50 [OK ] reward= -3.2300  decay_linear(cs_rank(-1 * stddev(delta(close, 1), 20)), 252)
[execution_aware] iter  5/50 [ERR] reward=    -inf  decay_linear(cs_rank(-1 * stddev(delta(close, 1), 20)), 500)
[execution_aware] iter  6/50 [OK ] reward= -3.2300  decay_linear(cs_rank(-1 * stddev(delta(close, 1), 20)), 252)
[execution_aware] iter  7/50 [ERR] reward=    -inf  decay_linear(cs_rank(-1 * stddev(delta(close, 1), 20)), 500)
[execution_aware] iter  8/50 [OK ] reward= -3.2300  decay_linear(cs_rank(-1 * stddev(delta(close, 1), 20)), 252)
[execution_aware] iter  9/50 [ERR] reward=    -inf  decay_linear(cs_rank(-1 * stddev(delta(close, 1), 20)), 500)
[execution_aware] iter 10/50 [OK ] reward= -3.4069  decay_linear(cs_rank(-1 * stddev(delta(close, 1), 20)), 126)
[execution_aware] iter 11/50 [ERR] reward=    -inf  decay_linear(cs_rank(-1 * stddev(delta(close, 1), 20)), 504)
[execution_aware] iter 12/50 [OK ] reward= -3.2300  decay_linear(cs_rank(-1 * stddev(delta(close, 1), 20)), 252)
[execution_aware] iter 13/50 [ERR] reward=    -inf  decay_linear(cs_rank(-1 * stddev(delta(close, 1), 20)), 504)
[execution_aware] iter 14/50 [OK ] reward= -3.2300  decay_linear(cs_rank(-1 * stddev(delta(close, 1), 20)), 252)
[execution_aware] iter 15/50 [ERR] reward=    -inf  decay_linear(cs_rank(-1 * stddev(delta(close, 1), 20)), 500)
[execution_aware] iter 16/50 [OK ] reward= -3.2300  decay_linear(cs_rank(-1 * stddev(delta(close, 1), 20)), 252)
[execution_aware] iter 17/50 [ERR] reward=    -inf  decay_linear(cs_rank(-1 * stddev(delta(close, 1), 20)), 500)
[execution_aware] iter 18/50 [OK ] reward= -3.4299  decay_linear(cs_rank(-1 * stddev(delta(close, 1), 20)), 120)
[execution_aware] iter 19/50 [ERR] reward=    -inf  decay_linear(cs_rank(-1 * stddev(delta(close, 1), 20)), 500)
[execution_aware] iter 20/50 [OK ] reward= -3.2300  decay_linear(cs_rank(-1 * stddev(delta(close, 1), 20)), 252)
[execution_aware] iter 21/50 [ERR] reward=    -inf  decay_linear(cs_rank(-1 * stddev(delta(close, 1), 20)), 500)
[execution_aware] iter 22/50 [OK ] reward= -3.2300  decay_linear(cs_rank(-1 * stddev(delta(close, 1), 20)), 252)
[execution_aware] iter 23/50 [ERR] reward=    -inf  decay_linear(cs_rank(-1 * stddev(delta(close, 1), 20)), 500)
[execution_aware] iter 24/50 [OK ] reward= -3.2300  decay_linear(cs_rank(-1 * stddev(delta(close, 1), 20)), 252)
[execution_aware] iter 25/50 [ERR] reward=    -inf  decay_linear(cs_rank(-1 * stddev(delta(close, 1), 20)), 500)
[execution_aware] iter 26/50 [OK ] reward= -3.5262  decay_linear(cs_rank(-1 * stddev(delta(close, 1), 20)), 100)
[execution_aware] iter 27/50 [OK ] reward= -3.2300  decay_linear(cs_rank(-1 * stddev(delta(close, 1), 20)), 252)
[execution_aware] iter 28/50 [ERR] reward=    -inf  decay_linear(cs_rank(-1 * stddev(delta(close, 1), 20)), 500)
[execution_aware] iter 29/50 [OK ] reward= -3.2718  decay_linear(cs_rank(-1 * stddev(delta(close, 1), 20)), 200)
[execution_aware] iter 30/50 [ERR] reward=    -inf  decay_linear(cs_rank(-1 * stddev(delta(close, 1), 20)), 500)
[execution_aware] iter 31/50 [OK ] reward= -3.2300  decay_linear(cs_rank(-1 * stddev(delta(close, 1), 20)), 252)
[execution_aware] iter 32/50 [ERR] reward=    -inf  decay_linear(cs_rank(-1 * stddev(delta(close, 1), 40)), 504)
[execution_aware] iter 33/50 [OK ] reward= -3.2300  decay_linear(cs_rank(-1 * stddev(delta(close, 1), 20)), 252)
[execution_aware] iter 34/50 [ERR] reward=    -inf  decay_linear(cs_rank(-1 * stddev(delta(close, 1), 20)), 500)
[execution_aware] iter 35/50 [OK ] reward= -3.2300  decay_linear(cs_rank(-1 * stddev(delta(close, 1), 20)), 252)
[execution_aware] iter 36/50 [ERR] reward=    -inf  decay_linear(cs_rank(-1 * stddev(delta(close, 1), 20)), 500)
[execution_aware] iter 37/50 [OK ] reward= -3.2978  decay_linear(cs_rank(-1 * stddev(delta(close, 1), 20)), 180)
[execution_aware] iter 38/50 [ERR] reward=    -inf  decay_linear(cs_rank(-1 * stddev(delta(close, 1), 20)), 500)
[execution_aware] iter 39/50 [OK ] reward= -3.2300  decay_linear(cs_rank(-1 * stddev(delta(close, 1), 20)), 252)
[execution_aware] iter 40/50 [ERR] reward=    -inf  decay_linear(cs_rank(-1 * stddev(delta(close, 1), 20)), 500)
[execution_aware] iter 41/50 [OK ] reward= -3.2300  decay_linear(cs_rank(-1 * stddev(delta(close, 1), 20)), 252)
[execution_aware] iter 42/50 [ERR] reward=    -inf  decay_linear(cs_rank(-1 * stddev(delta(close, 1), 20)), 504)
[execution_aware] iter 43/50 [OK ] reward= -3.2300  decay_linear(cs_rank(-1 * stddev(delta(close, 1), 20)), 252)
[execution_aware] iter 44/50 [ERR] reward=    -inf  decay_linear(cs_rank(-1 * stddev(delta(close, 1), 20)), 500)
[execution_aware] iter 45/50 [OK ] reward= -3.4069  decay_linear(cs_rank(-1 * stddev(delta(close, 1), 20)), 126)
[execution_aware] iter 46/50 [ERR] reward=    -inf  decay_linear(cs_rank(-1 * stddev(delta(close, 1), 20)), 504)
[execution_aware] iter 47/50 [OK ] reward= -3.4069  decay_linear(cs_rank(-1 * stddev(delta(close, 1), 20)), 126)
[execution_aware] iter 48/50 [ERR] reward=    -inf  decay_linear(cs_rank(-1 * stddev(delta(close, 1), 20)), 504)
[execution_aware] iter 49/50 [OK ] reward= -3.2300  decay_linear(cs_rank(-1 * stddev(delta(close, 1), 20)), 252)
[execution_aware] iter 50/50 [ERR] reward=    -inf  decay_linear(cs_rank(-1 * stddev(delta(close, 1), 20)), 500)
[wfo:execution_aware] fold 18 winner: decay_linear(cs_rank(-1 * stddev(delta(close, 1), 20)), 252)
[wfo:execution_aware] fold 18 OOS: Gross_IR=1.205 Turnover=3.39 Net_IR=1.048
[wfo:execution_aware] fold 19: train 2020-01-01..2024-12-31 -> test 2025-01-01..2025-12-31
[execution_aware] iter  0/50 [SEED] reward=-14.7225  rank(-1 * stddev(delta(close, 1), 20))
[execution_aware] iter  1/50 [OK ] reward= -4.0047  decay_linear(rank(-1 * stddev(delta(close, 1), 20)), 60)
[execution_aware] iter  2/50 [OK ] reward= -3.4277  decay_linear(rank(-1 * stddev(delta(close, 1), 20)), 120)
[execution_aware] iter  3/50 [OK ] reward= -3.1932  decay_linear(rank(-1 * stddev(delta(close, 1), 20)), 240)
[execution_aware] iter  4/50 [ERR] reward=    -inf  decay_linear(rank(-1 * stddev(delta(close, 1), 20)), 500)
[execution_aware] iter  5/50 [OK ] reward= -3.1932  decay_linear(rank(-1 * stddev(delta(close, 1), 20)), 240)
[execution_aware] iter  6/50 [ERR] reward=    -inf  decay_linear(rank(-1 * stddev(delta(close, 1), 20)), 360)
[execution_aware] iter  7/50 [OK ] reward= -3.1932  decay_linear(cs_rank(-1 * stddev(delta(close, 1), 20)), 240)
[execution_aware] iter  8/50 [ERR] reward=    -inf  decay_linear(rank(-1 * stddev(delta(close, 1), 20)), 500)
[execution_aware] iter  9/50 [OK ] reward= -3.1932  decay_linear(rank(-1 * stddev(delta(close, 1), 20)), 240)
[execution_aware] iter 10/50 [ERR] reward=    -inf  decay_linear(rank(-1 * stddev(delta(close, 1), 20)), 500)
[execution_aware] iter 11/50 [OK ] reward=-18.8266  decay_linear(cs_rank(-1 * ts_rank(stddev(delta(close, 1), 20), 20)), 240)
[execution_aware] iter 12/50 [ERR] reward=    -inf  decay_linear(cs_rank(-1 * stddev(delta(close, 1), 20)), 360)
[execution_aware] iter 13/50 [OK ] reward= -3.1932  decay_linear(cs_rank(-1 * stddev(delta(close, 1), 20)), 240)
[execution_aware] iter 14/50 [ERR] reward=    -inf  decay_linear(cs_rank(-1 * stddev(delta(close, 1), 20)), 360)
[execution_aware] iter 15/50 [OK ] reward= -3.1932  decay_linear(cs_rank(-1 * stddev(delta(close, 1), 20)), 240)
[execution_aware] iter 16/50 [ERR] reward=    -inf  decay_linear(cs_rank(-1 * stddev(delta(close, 1), 20)), 480)
[execution_aware] iter 17/50 [OK ] reward= -3.1932  decay_linear(cs_rank(-1 * stddev(delta(close, 1), 20)), 240)
[execution_aware] iter 18/50 [ERR] reward=    -inf  decay_linear(cs_rank(-1 * stddev(delta(close, 1), 20)), 480)
[execution_aware] iter 19/50 [OK ] reward= -3.1932  decay_linear(cs_rank(-1 * stddev(delta(close, 1), 20)), 240)
[execution_aware] iter 20/50 [ERR] reward=    -inf  decay_linear(cs_rank(-1 * stddev(delta(close, 1), 20)), 480)
[execution_aware] iter 21/50 [OK ] reward= -3.1932  decay_linear(cs_rank(-1 * stddev(delta(close, 1), 20)), 240)
[execution_aware] iter 22/50 [ERR] reward=    -inf  decay_linear(cs_rank(-1 * stddev(delta(close, 1), 20)), 480)
[execution_aware] iter 23/50 [OK ] reward= -3.1932  decay_linear(cs_rank(-1 * stddev(delta(close, 1), 20)), 240)
[execution_aware] iter 24/50 [ERR] reward=    -inf  decay_linear(cs_rank(-1 * stddev(delta(close, 1), 20)), 500)
[execution_aware] iter 25/50 [OK ] reward= -3.1932  decay_linear(cs_rank(-1 * stddev(delta(close, 1), 20)), 240)
[execution_aware] iter 26/50 [ERR] reward=    -inf  decay_linear(cs_rank(-1 * stddev(delta(close, 1), 20)), 480)
[execution_aware] iter 27/50 [OK ] reward= -3.1932  decay_linear(cs_rank(-1 * stddev(delta(close, 1), 20)), 240)
[execution_aware] iter 28/50 [ERR] reward=    -inf  decay_linear(rank(-1 * stddev(delta(close, 1), 20)), 480)
[execution_aware] iter 29/50 [OK ] reward= -3.1932  decay_linear(cs_rank(-1 * stddev(delta(close, 1), 20)), 240)
[execution_aware] iter 30/50 [ERR] reward=    -inf  decay_linear(cs_rank(-1 * stddev(delta(close, 1), 20)), 480)
[execution_aware] iter 31/50 [OK ] reward= -3.1932  decay_linear(cs_rank(-1 * stddev(delta(close, 1), 20)), 240)
[execution_aware] iter 32/50 [ERR] reward=    -inf  decay_linear(cs_rank(-1 * stddev(delta(close, 1), 20)), 480)
[execution_aware] iter 33/50 [OK ] reward= -3.1932  decay_linear(cs_rank(-1 * stddev(delta(close, 1), 20)), 240)
[execution_aware] iter 34/50 [ERR] reward=    -inf  decay_linear(cs_rank(-1 * stddev(delta(close, 1), 40)), 480)
[execution_aware] iter 35/50 [OK ] reward= -3.1932  decay_linear(cs_rank(-1 * stddev(delta(close, 1), 20)), 240)
[execution_aware] iter 36/50 [ERR] reward=    -inf  decay_linear(rank(-1 * stddev(delta(close, 1), 20)), 480)
[execution_aware] iter 37/50 [OK ] reward= -8.7548  decay_linear(ts_rank(-1 * stddev(delta(close, 1), 20), 240), 120)
[execution_aware] iter 38/50 [ERR] reward=    -inf  decay_linear(rank(-1 * stddev(delta(close, 1), 20)), 480)
[execution_aware] iter 39/50 [OK ] reward= -3.1932  decay_linear(rank(-1 * stddev(delta(close, 1), 20)), 240)
[execution_aware] iter 40/50 [ERR] reward=    -inf  decay_linear(rank(-1 * stddev(delta(close, 1), 20)), 500)
[execution_aware] iter 41/50 [OK ] reward= -3.1932  decay_linear(rank(-1 * stddev(delta(close, 1), 20)), 240)
[execution_aware] iter 42/50 [ERR] reward=    -inf  decay_linear(rank(-1 * stddev(delta(close, 1), 20)), 500)
[execution_aware] iter 43/50 [OK ] reward= -3.1932  decay_linear(rank(-1 * stddev(delta(close, 1), 20)), 240)
[execution_aware] iter 44/50 [ERR] reward=    -inf  decay_linear(rank(-1 * stddev(delta(close, 1), 20)), 480)
[execution_aware] iter 45/50 [OK ] reward= -3.1932  decay_linear(cs_rank(-1 * stddev(delta(close, 1), 20)), 240)
[execution_aware] iter 46/50 [ERR] reward=    -inf  decay_linear(cs_rank(-1 * stddev(delta(close, 1), 20)), 360)
[execution_aware] iter 47/50 [OK ] reward= -3.1932  decay_linear(cs_rank(-1 * stddev(delta(close, 1), 20)), 240)
[execution_aware] iter 48/50 [ERR] reward=    -inf  decay_linear(cs_rank(-1 * stddev(delta(close, 1), 20)), 360)
[execution_aware] iter 49/50 [OK ] reward= -3.1932  decay_linear(cs_rank(-1 * stddev(delta(close, 1), 20)), 240)
[execution_aware] iter 50/50 [ERR] reward=    -inf  decay_linear(cs_rank(-1 * stddev(delta(close, 1), 20)), 360)
[wfo:execution_aware] fold 19 winner: decay_linear(rank(-1 * stddev(delta(close, 1), 20)), 240)
[wfo:execution_aware] fold 19 OOS: Gross_IR=0.680 Turnover=3.60 Net_IR=0.500
[wfo:execution_aware] fold 20: train 2021-01-01..2025-12-31 -> test 2026-01-01..2026-08-13
[execution_aware] iter  0/50 [SEED] reward=-14.7354  rank(-1 * stddev(delta(close, 1), 20))
[execution_aware] iter  1/50 [OK ] reward= -3.7852  decay_linear(cs_rank(-1 * stddev(delta(close, 1), 20)), 60)
[execution_aware] iter  2/50 [OK ] reward= -3.1368  decay_linear(cs_rank(-1 * stddev(delta(close, 1), 20)), 120)
[execution_aware] iter  3/50 [OK ] reward= -2.8737  decay_linear(cs_rank(-1 * stddev(delta(close, 1), 30)), 180)
[execution_aware] iter  4/50 [ERR] reward=    -inf  decay_linear(cs_rank(-1 * stddev(delta(close, 1), 60)), 360)
[execution_aware] iter  5/50 [OK ] reward= -2.7924  decay_linear(cs_rank(-1 * stddev(delta(close, 1), 60)), 180)
[execution_aware] iter  6/50 [ERR] reward=    -inf  decay_linear(cs_rank(-1 * stddev(delta(close, 1), 60)), 360)
[execution_aware] iter  7/50 [OK ] reward= -2.7924  decay_linear(cs_rank(-1 * stddev(delta(close, 1), 60)), 180)
[execution_aware] iter  8/50 [ERR] reward=    -inf  decay_linear(cs_rank(-1 * stddev(delta(close, 1), 60)), 360)
[execution_aware] iter  9/50 [OK ] reward= -2.7924  decay_linear(cs_rank(-1 * stddev(delta(close, 1), 60)), 180)
[execution_aware] iter 10/50 [ERR] reward=    -inf  decay_linear(cs_rank(-1 * stddev(delta(close, 1), 60)), 360)
[execution_aware] iter 11/50 [OK ] reward= -2.9065  decay_linear(cs_rank(-1 * stddev(delta(close, 1), 60)), 120)
[execution_aware] iter 12/50 [OK ] reward= -2.7206  decay_linear(cs_rank(-1 * stddev(delta(close, 1), 60)), 240)
[execution_aware] iter 13/50 [ERR] reward=    -inf  decay_linear(cs_rank(-1 * stddev(delta(close, 1), 120)), 480)
[execution_aware] iter 14/50 [OK ] reward= -2.7206  decay_linear(cs_rank(-1 * stddev(delta(close, 1), 60)), 240)
[execution_aware] iter 15/50 [ERR] reward=    -inf  decay_linear(cs_rank(-1 * stddev(delta(close, 1), 60)), 480)
[execution_aware] iter 16/50 [OK ] reward=-252.4496  decay_linear(cs_rank(-1 * stddev(delta(close, 1), 60)), 240) + cs_rank(close - vwap)
[execution_aware] iter 17/50 [ERR] reward=    -inf  decay_linear(cs_rank(-1 * stddev(delta(close, 1), 60)), 480)
[execution_aware] iter 18/50 [OK ] reward= -2.9065  decay_linear(cs_rank(-1 * stddev(delta(close, 1), 60)), 120)
[execution_aware] iter 19/50 [ERR] reward=    -inf  decay_linear(cs_rank(-1 * stddev(delta(close, 1), 60)), 360)
[execution_aware] iter 20/50 [OK ] reward= -2.7206  decay_linear(cs_rank(-1 * stddev(delta(close, 1), 60)), 240)
[execution_aware] iter 21/50 [ERR] reward=    -inf  decay_linear(cs_rank(-1 * stddev(delta(close, 1), 60)), 360)
[execution_aware] iter 22/50 [OK ] reward= -2.7924  decay_linear(cs_rank(-1 * stddev(delta(close, 1), 60)), 180)
[execution_aware] iter 23/50 [ERR] reward=    -inf  decay_linear(cs_rank(-1 * stddev(delta(close, 1), 60)), 360)
[execution_aware] iter 24/50 [OK ] reward= -2.7206  decay_linear(cs_rank(-1 * stddev(delta(close, 1), 60)), 240)
[execution_aware] iter 25/50 [ERR] reward=    -inf  decay_linear(cs_rank(-1 * stddev(delta(close, 1), 60)), 360)
[execution_aware] iter 26/50 [OK ] reward= -2.9065  decay_linear(cs_rank(-1 * stddev(delta(close, 1), 60)), 120)
[execution_aware] iter 27/50 [ERR] reward=    -inf  decay_linear(cs_rank(-1 * stddev(delta(close, 1), 60)), 480)
[execution_aware] iter 28/50 [OK ] reward= -2.9065  decay_linear(cs_rank(-1 * stddev(delta(close, 1), 60)), 120)
[execution_aware] iter 29/50 [ERR] reward=    -inf  decay_linear(cs_rank(-1 * stddev(delta(close, 1), 60)), 360)
[execution_aware] iter 30/50 [OK ] reward= -2.7924  decay_linear(cs_rank(-1 * stddev(delta(close, 1), 60)), 180)
[execution_aware] iter 31/50 [ERR] reward=    -inf  decay_linear(cs_rank(-1 * stddev(delta(close, 1), 60)), 360)
[execution_aware] iter 32/50 [OK ] reward= -2.7732  decay_linear(cs_rank(-1 * stddev(delta(close, 1), 60)), 200)
[execution_aware] iter 33/50 [ERR] reward=    -inf  decay_linear(cs_rank(-1 * stddev(delta(close, 1), 60)), 400)
[execution_aware] iter 34/50 [OK ] reward= -2.9065  decay_linear(cs_rank(-1 * stddev(delta(close, 1), 60)), 120)
[execution_aware] iter 35/50 [ERR] reward=    -inf  decay_linear(cs_rank(-1 * stddev(delta(close, 1), 60)), 480)
[execution_aware] iter 36/50 [OK ] reward= -2.7206  decay_linear(cs_rank(-1 * stddev(delta(close, 1), 60)), 240)
[execution_aware] iter 37/50 [ERR] reward=    -inf  decay_linear(cs_rank(-1 * stddev(delta(close, 1), 60)), 480)
[execution_aware] iter 38/50 [OK ] reward= -2.6159  decay_linear(cs_rank(-1 * stddev(delta(close, 1), 240)), 240)
[execution_aware] iter 39/50 [ERR] reward=    -inf  decay_linear(cs_rank(-1 * stddev(delta(close, 1), 240)), 500)
[execution_aware] iter 40/50 [OK ] reward= -2.6905  decay_linear(cs_rank(-1 * stddev(delta(close, 1), 240)), 120)
[execution_aware] iter 41/50 [ERR] reward=    -inf  decay_linear(cs_rank(-1 * stddev(delta(close, 1), 240)), 360)
[execution_aware] iter 42/50 [OK ] reward= -2.6905  decay_linear(cs_rank(-1 * stddev(delta(close, 1), 240)), 120)
[execution_aware] iter 43/50 [ERR] reward=    -inf  decay_linear(cs_rank(-1 * stddev(delta(close, 1), 240)), 480)
[execution_aware] iter 44/50 [OK ] reward= -2.6905  decay_linear(cs_rank(-1 * stddev(delta(close, 1), 240)), 120)
[execution_aware] iter 45/50 [ERR] reward=    -inf  decay_linear(cs_rank(-1 * stddev(delta(close, 1), 240)), 360)
[execution_aware] iter 46/50 [OK ] reward= -2.6891  decay_linear(cs_rank(-1 * stddev(delta(close, 1), 180)), 180)
[execution_aware] iter 47/50 [ERR] reward=    -inf  decay_linear(cs_rank(-1 * stddev(delta(close, 1), 360)), 360)
[execution_aware] iter 48/50 [OK ] reward= -2.6891  decay_linear(cs_rank(-1 * stddev(delta(close, 1), 180)), 180)
[execution_aware] iter 49/50 [ERR] reward=    -inf  decay_linear(cs_rank(-1 * stddev(delta(close, 1), 240)), 360)
[execution_aware] iter 50/50 [OK ] reward= -2.6891  decay_linear(cs_rank(-1 * stddev(delta(close, 1), 180)), 180)
[wfo:execution_aware] fold 20 winner: decay_linear(cs_rank(-1 * stddev(delta(close, 1), 240)), 240)
[wfo:execution_aware] fold 20 OOS: Gross_IR=1.076 Turnover=4.96 Net_IR=0.914
[gamma_sweep] checkpointed gamma_sweep_summary.csv (4 rows)

==============================================================================
cost_only_g1_0.0_g2_2.0
==============================================================================
[LocalQwenClient] seed=1001 main_gpu=0
[wfo:execution_aware] fold 0: train 2001-01-01..2005-12-31 -> test 2006-01-01..2006-12-31
[execution_aware] iter  0/50 [SEED] reward=  1.1246  rank(-1 * stddev(delta(close, 1), 20))
[execution_aware] iter  1/50 [OK ] reward=  1.1813  decay_linear(rank(-1 * stddev(delta(close, 1), 20)), 120)
[execution_aware] iter  2/50 [OK ] reward=  1.0668  decay_linear(rank(-1 * stddev(delta(close, 1), 20)), 240)
[execution_aware] iter  3/50 [ERR] reward=    -inf  decay_linear(rank(-1 * stddev(delta(close, 1), 20)), 360)
[execution_aware] iter  4/50 [OK ] reward=  1.1813  decay_linear(cs_rank(-1 * stddev(delta(close, 1), 20)), 120)
[execution_aware] iter  5/50 [OK ] reward=  1.0893  decay_linear(cs_rank(-1 * stddev(delta(close, 1), 30)), 180)
[execution_aware] iter  6/50 [ERR] reward=    -inf  decay_linear(cs_rank(-1 * stddev(delta(close, 1), 20)), 300)
[execution_aware] iter  7/50 [OK ] reward=  1.1813  decay_linear(cs_rank(-1 * stddev(delta(close, 1), 20)), 120)
[execution_aware] iter  8/50 [OK ] reward=  1.0668  decay_linear(cs_rank(-1 * stddev(delta(close, 1), 20)), 240)
[execution_aware] iter  9/50 [ERR] reward=    -inf  decay_linear(cs_rank(-1 * stddev(delta(close, 1), 20)), 360)
[execution_aware] iter 10/50 [OK ] reward=  1.1813  decay_linear(cs_rank(-1 * stddev(delta(close, 1), 20)), 120)
[execution_aware] iter 11/50 [OK ] reward=  1.0668  decay_linear(cs_rank(-1 * stddev(delta(close, 1), 20)), 240)
[execution_aware] iter 12/50 [ERR] reward=    -inf  decay_linear(cs_rank(-1 * stddev(delta(close, 1), 20)), 360)
[execution_aware] iter 13/50 [OK ] reward=  1.1813  decay_linear(cs_rank(-1 * stddev(delta(close, 1), 20)), 120)
[execution_aware] iter 14/50 [OK ] reward=  1.0668  decay_linear(cs_rank(-1 * stddev(delta(close, 1), 20)), 240)
[execution_aware] iter 15/50 [ERR] reward=    -inf  decay_linear(cs_rank(-1 * stddev(delta(close, 1), 20)), 300)
[execution_aware] iter 16/50 [OK ] reward=  1.1813  decay_linear(cs_rank(-1 * stddev(delta(close, 1), 20)), 120)
[execution_aware] iter 17/50 [OK ] reward=  1.0668  decay_linear(cs_rank(-1 * stddev(delta(close, 1), 20)), 240)
[execution_aware] iter 18/50 [ERR] reward=    -inf  decay_linear(cs_rank(-1 * stddev(delta(close, 1), 20)), 360)
[execution_aware] iter 19/50 [OK ] reward=  1.1813  decay_linear(cs_rank(-1 * stddev(delta(close, 1), 20)), 120)
[execution_aware] iter 20/50 [OK ] reward=  1.0668  decay_linear(cs_rank(-1 * stddev(delta(close, 1), 20)), 240)
[execution_aware] iter 21/50 [ERR] reward=    -inf  decay_linear(cs_rank(-1 * stddev(delta(close, 1), 20)), 360)
[execution_aware] iter 22/50 [OK ] reward=  1.1813  decay_linear(cs_rank(-1 * stddev(delta(close, 1), 20)), 120)
[execution_aware] iter 23/50 [OK ] reward=  1.0668  decay_linear(cs_rank(-1 * stddev(delta(close, 1), 20)), 240)
[execution_aware] iter 24/50 [ERR] reward=    -inf  decay_linear(cs_rank(-1 * stddev(delta(close, 1), 20)), 360)
[execution_aware] iter 25/50 [OK ] reward=  1.1813  decay_linear(cs_rank(-1 * stddev(delta(close, 1), 20)), 120)
[execution_aware] iter 26/50 [OK ] reward=  1.0668  decay_linear(cs_rank(-1 * stddev(delta(close, 1), 20)), 240)
[execution_aware] iter 27/50 [ERR] reward=    -inf  decay_linear(cs_rank(-1 * stddev(delta(close, 1), 20)), 360)
[execution_aware] iter 28/50 [OK ] reward= -0.0242  decay_linear(ts_rank(-1 * stddev(delta(close, 1), 20), 120), 60)
[execution_aware] iter 29/50 [OK ] reward= -0.0342  decay_linear(ts_rank(-1 * stddev(delta(close, 1), 20), 120), 120)
[execution_aware] iter 30/50 [OK ] reward=  1.1219  decay_linear(cs_rank(-1 * stddev(delta(close, 1), 20)), 180)
[execution_aware] iter 31/50 [OK ] reward=  1.0668  decay_linear(cs_rank(-1 * stddev(delta(close, 1), 20)), 240)
[execution_aware] iter 32/50 [OK ] reward=  1.0668  decay_linear(cs_rank(-1 * stddev(delta(close, 1), 20)), 240)
[execution_aware] iter 33/50 [ERR] reward=    -inf  decay_linear(cs_rank(-1 * stddev(delta(close, 1), 20)), 480)
[execution_aware] iter 34/50 [OK ] reward=  1.1813  decay_linear(cs_rank(-1 * stddev(delta(close, 1), 20)), 120)
[execution_aware] iter 35/50 [OK ] reward=  1.0668  decay_linear(cs_rank(-1 * stddev(delta(close, 1), 20)), 240)
[execution_aware] iter 36/50 [ERR] reward=    -inf  decay_linear(cs_rank(-1 * stddev(delta(close, 1), 20)), 360)
[execution_aware] iter 37/50 [OK ] reward=  1.1813  decay_linear(cs_rank(-1 * stddev(delta(close, 1), 20)), 120)
[execution_aware] iter 38/50 [OK ] reward=  1.0668  decay_linear(cs_rank(-1 * stddev(delta(close, 1), 20)), 240)
[execution_aware] iter 39/50 [OK ] reward= -0.1307  decay_linear(ts_rank(-1 * stddev(delta(close, 1), 20), 200), 240)
[execution_aware] iter 40/50 [OK ] reward=  1.0668  decay_linear(rank(-1 * stddev(delta(close, 1), 20)), 240)
[execution_aware] iter 41/50 [OK ] reward= -0.1330  decay_linear(ts_rank(-1 * stddev(delta(close, 1), 20), 252), 180)
[execution_aware] iter 42/50 [OK ] reward=  1.0668  decay_linear(cs_rank(-1 * stddev(delta(close, 1), 20)), 240)
[execution_aware] iter 43/50 [ERR] reward=    -inf  decay_linear(cs_rank(-1 * stddev(delta(close, 1), 20)), 360)
[execution_aware] iter 44/50 [OK ] reward=  1.1813  decay_linear(cs_rank(-1 * stddev(delta(close, 1), 20)), 120)
[execution_aware] iter 45/50 [OK ] reward=  1.0668  decay_linear(cs_rank(-1 * stddev(delta(close, 1), 20)), 240)
[execution_aware] iter 46/50 [ERR] reward=    -inf  decay_linear(cs_rank(-1 * stddev(delta(close, 1), 20)), 360)
[execution_aware] iter 47/50 [OK ] reward=  1.1813  decay_linear(cs_rank(-1 * stddev(delta(close, 1), 20)), 120)
[execution_aware] iter 48/50 [OK ] reward=  1.0668  decay_linear(cs_rank(-1 * stddev(delta(close, 1), 20)), 240)
[execution_aware] iter 49/50 [ERR] reward=    -inf  decay_linear(cs_rank(-1 * stddev(delta(close, 1), 20)), 360)
[execution_aware] iter 50/50 [OK ] reward=  1.1813  decay_linear(cs_rank(-1 * stddev(delta(close, 1), 20)), 120)
[wfo:execution_aware] fold 0 winner: decay_linear(rank(-1 * stddev(delta(close, 1), 20)), 120)
[wfo:execution_aware] fold 0 OOS: Gross_IR=1.138 Turnover=3.80 Net_IR=0.957
[wfo:execution_aware] fold 1: train 2002-01-01..2006-12-31 -> test 2007-01-01..2007-12-31
[execution_aware] iter  0/50 [SEED] reward=  1.4393  rank(-1 * stddev(delta(close, 1), 20))
[execution_aware] iter  1/50 [OK ] reward=  1.4924  decay_linear(rank(-1 * stddev(delta(close, 1), 20)), 252)
[execution_aware] iter  2/50 [ERR] reward=    -inf  decay_linear(rank(-1 * stddev(delta(close, 1), 20)), 500)
[execution_aware] iter  3/50 [OK ] reward=  1.4924  decay_linear(cs_rank(-1 * stddev(delta(close, 1), 20)), 252)
[execution_aware] iter  4/50 [OK ] reward=  1.4147  decay_linear(cs_rank(-1 * stddev(delta(close, 1), 50)), 252)
[execution_aware] iter  5/50 [OK ] reward=  1.3221  decay_linear(cs_rank(-1 * stddev(delta(close, 1), 100)), 252)
[execution_aware] iter  6/50 [ERR] reward=    -inf  decay_linear(cs_rank(-1 * stddev(delta(close, 1), 20)), 500)
[execution_aware] iter  7/50 [OK ] reward=  1.4924  decay_linear(cs_rank(-1 * stddev(delta(close, 1), 20)), 252)
[execution_aware] iter  8/50 [ERR] reward=    -inf  decay_linear(cs_rank(-1 * stddev(delta(close, 1), 20)), 500)
[execution_aware] iter  9/50 [OK ] reward=  1.4924  decay_linear(cs_rank(-1 * stddev(delta(close, 1), 20)), 252)
[execution_aware] iter 10/50 [ERR] reward=    -inf  decay_linear(cs_rank(-1 * stddev(delta(close, 1), 20)), 500)
[execution_aware] iter 11/50 [OK ] reward=  1.4924  decay_linear(cs_rank(-1 * stddev(delta(close, 1), 20)), 252)
[execution_aware] iter 12/50 [ERR] reward=    -inf  decay_linear(cs_rank(-1 * stddev(delta(close, 1), 20)), 500)
[execution_aware] iter 13/50 [OK ] reward=  1.4924  decay_linear(cs_rank(-1 * stddev(delta(close, 1), 20)), 252)
[execution_aware] iter 14/50 [ERR] reward=    -inf  decay_linear(cs_rank(-1 * stddev(delta(close, 1), 20)), 500)
[execution_aware] iter 15/50 [OK ] reward= -0.4291  decay_linear(ts_rank(-1 * stddev(delta(close, 1), 20), 20), 252)
[execution_aware] iter 16/50 [ERR] reward=    -inf  decay_linear(rank(-1 * stddev(delta(close, 1), 20)), 500)
[execution_aware] iter 17/50 [OK ] reward=  1.4924  decay_linear(cs_rank(-1 * stddev(delta(close, 1), 20)), 252)
[execution_aware] iter 18/50 [ERR] reward=    -inf  decay_linear(cs_rank(-1 * stddev(delta(close, 1), 20)), 500)
[execution_aware] iter 19/50 [OK ] reward=  1.4924  decay_linear(cs_rank(-1 * stddev(delta(close, 1), 20)), 252)
[execution_aware] iter 20/50 [ERR] reward=    -inf  decay_linear(cs_rank(-1 * stddev(delta(close, 1), 20)), 500)
[execution_aware] iter 21/50 [OK ] reward= -0.4291  decay_linear(ts_rank(-1 * stddev(delta(close, 1), 20), 20), 252)
[execution_aware] iter 22/50 [ERR] reward=    -inf  decay_linear(rank(-1 * stddev(delta(close, 1), 20)), 500)
[execution_aware] iter 23/50 [OK ] reward=  1.4924  decay_linear(rank(-1 * stddev(delta(close, 1), 20)), 252)
[execution_aware] iter 24/50 [ERR] reward=    -inf  decay_linear(rank(-1 * stddev(delta(close, 1), 20)), 500)
[execution_aware] iter 25/50 [OK ] reward=  1.4924  decay_linear(cs_rank(-1 * stddev(delta(close, 1), 20)), 252)
[execution_aware] iter 26/50 [ERR] reward=    -inf  decay_linear(ts_rank(-1 * stddev(delta(close, 1), 20), 252), 500)
[execution_aware] iter 27/50 [OK ] reward= -0.2137  decay_linear(ts_rank(-1 * stddev(delta(close, 1), 20), 252), 252)
[execution_aware] iter 28/50 [ERR] reward=    -inf  decay_linear(rank(-1 * stddev(delta(close, 1), 20)), 500)
[execution_aware] iter 29/50 [OK ] reward= -0.2137  decay_linear(ts_rank(-1 * stddev(delta(close, 1), 20), 252), 252)
[execution_aware] iter 30/50 [ERR] reward=    -inf  decay_linear(cs_rank(-1 * stddev(delta(close, 1), 20)), 500)
[execution_aware] iter 31/50 [OK ] reward=  1.4924  decay_linear(cs_rank(-1 * stddev(delta(close, 1), 20)), 252)
[execution_aware] iter 32/50 [ERR] reward=    -inf  decay_linear(cs_rank(-1 * stddev(delta(close, 1), 20)), 504)
[execution_aware] iter 33/50 [OK ] reward=  1.4924  decay_linear(cs_rank(-1 * stddev(delta(close, 1), 20)), 252)
[execution_aware] iter 34/50 [ERR] reward=    -inf  decay_linear(cs_rank(-1 * stddev(delta(close, 1), 20)), 500)
[execution_aware] iter 35/50 [OK ] reward=  1.4924  decay_linear(cs_rank(-1 * stddev(delta(close, 1), 20)), 252)
[execution_aware] iter 36/50 [ERR] reward=    -inf  decay_linear(cs_rank(-1 * stddev(delta(close, 1), 40)), 500)
[execution_aware] iter 37/50 [OK ] reward=  1.4924  decay_linear(cs_rank(-1 * stddev(delta(close, 1), 20)), 252)
[execution_aware] iter 38/50 [ERR] reward=    -inf  decay_linear(cs_rank(-1 * stddev(delta(close, 1), 20)), 500)
[execution_aware] iter 39/50 [OK ] reward=  1.4924  decay_linear(cs_rank(-1 * stddev(delta(close, 1), 20)), 252)
[execution_aware] iter 40/50 [ERR] reward=    -inf  decay_linear(cs_rank(-1 * stddev(delta(close, 1), 20)), 504)
[execution_aware] iter 41/50 [OK ] reward=  1.4924  decay_linear(cs_rank(-1 * stddev(delta(close, 1), 20)), 252)
[execution_aware] iter 42/50 [ERR] reward=    -inf  decay_linear(cs_rank(-1 * stddev(delta(close, 1), 20)), 504)
[execution_aware] iter 43/50 [OK ] reward=  1.4924  decay_linear(cs_rank(-1 * stddev(delta(close, 1), 20)), 252)
[execution_aware] iter 44/50 [ERR] reward=    -inf  decay_linear(rank(-1 * stddev(delta(close, 1), 20)), 504)
[execution_aware] iter 45/50 [OK ] reward=  1.5409  decay_linear(cs_rank(-1 * stddev(delta(close, 1), 20)), 100)
[execution_aware] iter 46/50 [OK ] reward=  1.5222  decay_linear(cs_rank(-1 * stddev(delta(close, 1), 20)), 200)
[execution_aware] iter 47/50 [ERR] reward=    -inf  decay_linear(cs_rank(-1 * stddev(delta(close, 1), 20)), 300)
[execution_aware] iter 48/50 [OK ] reward=  1.5409  decay_linear(cs_rank(-1 * stddev(delta(close, 1), 20)), 100)
[execution_aware] iter 49/50 [OK ] reward=  1.4929  decay_linear(cs_rank(-1 * stddev(delta(close, 1), 30)), 200)
[execution_aware] iter 50/50 [OK ] reward=  1.5222  decay_linear(cs_rank(-1 * stddev(delta(close, 1), 20)), 200)
[wfo:execution_aware] fold 1 winner: decay_linear(cs_rank(-1 * stddev(delta(close, 1), 20)), 100)
[wfo:execution_aware] fold 1 OOS: Gross_IR=1.152 Turnover=3.84 Net_IR=0.970
[wfo:execution_aware] fold 2: train 2003-01-01..2007-12-31 -> test 2008-01-01..2008-12-31
[execution_aware] iter  0/50 [SEED] reward=  1.1273  rank(-1 * stddev(delta(close, 1), 20))
[execution_aware] iter  1/50 [OK ] reward=  1.1522  decay_linear(rank(-1 * stddev(delta(close, 1), 20)), 60)
[execution_aware] iter  2/50 [OK ] reward=  1.1496  decay_linear(rank(-1 * stddev(delta(close, 1), 20)), 120)
[execution_aware] iter  3/50 [OK ] reward=  1.1845  decay_linear(rank(-1 * stddev(delta(close, 1), 20)), 180)
[execution_aware] iter  4/50 [ERR] reward=    -inf  decay_linear(rank(-1 * stddev(delta(close, 1), 20)), 360)
[execution_aware] iter  5/50 [OK ] reward= -0.2136  decay_linear(ts_rank(-1 * stddev(delta(close, 1), 20), 180), 180)
[execution_aware] iter  6/50 [OK ] reward=  1.1981  decay_linear(cs_rank(-1 * stddev(delta(close, 1), 20)), 240)
[execution_aware] iter  7/50 [ERR] reward=    -inf  decay_linear(cs_rank(-1 * stddev(delta(close, 1), 20)), 360)
[execution_aware] iter  8/50 [OK ] reward=  1.1832  decay_linear(cs_rank(-1 * stddev(delta(close, 1), 20)), 200)
[execution_aware] iter  9/50 [ERR] reward=    -inf  decay_linear(cs_rank(-1 * stddev(delta(close, 1), 20)), 360)
[execution_aware] iter 10/50 [OK ] reward=  1.1981  decay_linear(cs_rank(-1 * stddev(delta(close, 1), 20)), 240)
[execution_aware] iter 11/50 [ERR] reward=    -inf  decay_linear(cs_rank(-1 * stddev(delta(close, 1), 20)), 360)
[execution_aware] iter 12/50 [OK ] reward=  1.1981  decay_linear(cs_rank(-1 * stddev(delta(close, 1), 20)), 240)
[execution_aware] iter 13/50 [ERR] reward=    -inf  decay_linear(cs_rank(-1 * stddev(delta(close, 1), 20)), 500)
[execution_aware] iter 14/50 [OK ] reward=  1.1981  decay_linear(cs_rank(-1 * stddev(delta(close, 1), 20)), 240)
[execution_aware] iter 15/50 [ERR] reward=    -inf  decay_linear(cs_rank(-1 * stddev(delta(close, 1), 20)), 360)
[execution_aware] iter 16/50 [OK ] reward=  1.1981  decay_linear(cs_rank(-1 * stddev(delta(close, 1), 20)), 240)
[execution_aware] iter 17/50 [ERR] reward=    -inf  decay_linear(cs_rank(-1 * stddev(delta(close, 1), 20)), 360)
[execution_aware] iter 18/50 [OK ] reward=  1.1981  decay_linear(cs_rank(-1 * stddev(delta(close, 1), 20)), 240)
[execution_aware] iter 19/50 [ERR] reward=    -inf  decay_linear(cs_rank(-1 * stddev(delta(close, 1), 40)), 480)
[execution_aware] iter 20/50 [OK ] reward=  1.1933  decay_linear(cs_rank(-1 * stddev(delta(close, 1), 50)), 240)
[execution_aware] iter 21/50 [ERR] reward=    -inf  decay_linear(cs_rank(-1 * stddev(delta(close, 1), 20)), 360)
[execution_aware] iter 22/50 [OK ] reward=  1.1981  decay_linear(cs_rank(-1 * stddev(delta(close, 1), 20)), 240)
[execution_aware] iter 23/50 [ERR] reward=    -inf  decay_linear(cs_rank(-1 * stddev(delta(close, 1), 20)), 500)
[execution_aware] iter 24/50 [OK ] reward=  1.1981  decay_linear(cs_rank(-1 * stddev(delta(close, 1), 20)), 240)
[execution_aware] iter 25/50 [ERR] reward=    -inf  decay_linear(cs_rank(-1 * stddev(delta(close, 1), 20)), 360)
[execution_aware] iter 26/50 [OK ] reward=  1.1981  decay_linear(cs_rank(-1 * stddev(delta(close, 1), 20)), 240)
[execution_aware] iter 27/50 [ERR] reward=    -inf  decay_linear(cs_rank(-1 * stddev(delta(close, 1), 20)), 360)
[execution_aware] iter 28/50 [OK ] reward=  1.1981  decay_linear(cs_rank(-1 * stddev(delta(close, 1), 20)), 240)
[execution_aware] iter 29/50 [ERR] reward=    -inf  decay_linear(cs_rank(-1 * stddev(delta(close, 1), 20)), 480)
[execution_aware] iter 30/50 [OK ] reward=  1.1981  decay_linear(cs_rank(-1 * stddev(delta(close, 1), 20)), 240)
[execution_aware] iter 31/50 [ERR] reward=    -inf  decay_linear(cs_rank(-1 * stddev(delta(close, 1), 20)), 360)
[execution_aware] iter 32/50 [OK ] reward=  1.1981  decay_linear(cs_rank(-1 * stddev(delta(close, 1), 20)), 240)
[execution_aware] iter 33/50 [ERR] reward=    -inf  decay_linear(cs_rank(-1 * stddev(delta(close, 1), 20)), 360)
[execution_aware] iter 34/50 [OK ] reward=  1.1981  decay_linear(cs_rank(-1 * stddev(delta(close, 1), 20)), 240)
[execution_aware] iter 35/50 [ERR] reward=    -inf  decay_linear(cs_rank(-1 * stddev(delta(close, 1), 20)), 500)
[execution_aware] iter 36/50 [OK ] reward=  1.1981  decay_linear(cs_rank(-1 * stddev(delta(close, 1), 20)), 240)
[execution_aware] iter 37/50 [ERR] reward=    -inf  decay_linear(cs_rank(-1 * stddev(delta(close, 1), 20)), 360)
[execution_aware] iter 38/50 [OK ] reward=  1.1981  decay_linear(cs_rank(-1 * stddev(delta(close, 1), 20)), 240)
[execution_aware] iter 39/50 [ERR] reward=    -inf  decay_linear(cs_rank(-1 * stddev(delta(close, 1), 20)), 360)
[execution_aware] iter 40/50 [OK ] reward=  1.1845  decay_linear(cs_rank(-1 * stddev(delta(close, 1), 20)), 180)
[execution_aware] iter 41/50 [ERR] reward=    -inf  decay_linear(cs_rank(-1 * stddev(delta(close, 1), 20)), 300)
[execution_aware] iter 42/50 [OK ] reward=  1.1981  decay_linear(cs_rank(-1 * stddev(delta(close, 1), 20)), 240)
[execution_aware] iter 43/50 [ERR] reward=    -inf  decay_linear(cs_rank(-1 * stddev(delta(close, 1), 20)), 360)
[execution_aware] iter 44/50 [OK ] reward=  1.1981  decay_linear(cs_rank(-1 * stddev(delta(close, 1), 20)), 240)
[execution_aware] iter 45/50 [ERR] reward=    -inf  decay_linear(cs_rank(-1 * stddev(delta(close, 1), 20)), 500)
[execution_aware] iter 46/50 [OK ] reward=  1.1981  decay_linear(cs_rank(-1 * stddev(delta(close, 1), 20)), 240)
[execution_aware] iter 47/50 [ERR] reward=    -inf  decay_linear(cs_rank(-1 * stddev(delta(close, 1), 20)), 360)
[execution_aware] iter 48/50 [OK ] reward=  1.1981  decay_linear(cs_rank(-1 * stddev(delta(close, 1), 20)), 240)
[execution_aware] iter 49/50 [ERR] reward=    -inf  decay_linear(cs_rank(-1 * stddev(delta(close, 1), 20)), 360)
[execution_aware] iter 50/50 [OK ] reward=  1.1845  decay_linear(cs_rank(-1 * stddev(delta(close, 1), 20)), 180)
[wfo:execution_aware] fold 2 winner: decay_linear(cs_rank(-1 * stddev(delta(close, 1), 20)), 240)
[wfo:execution_aware] fold 2 OOS: Gross_IR=1.016 Turnover=6.47 Net_IR=0.878
[wfo:execution_aware] fold 3: train 2004-01-01..2008-12-31 -> test 2009-01-01..2009-12-31
[execution_aware] iter  0/50 [SEED] reward=  0.6057  rank(-1 * stddev(delta(close, 1), 20))
[execution_aware] iter  1/50 [OK ] reward=  0.8148  decay_linear(rank(-1 * stddev(delta(close, 1), 20)), 60)
[execution_aware] iter  2/50 [OK ] reward=  0.8130  decay_linear(rank(-1 * stddev(delta(close, 1), 20)), 120)
[execution_aware] iter  3/50 [OK ] reward=  0.8130  decay_linear(cs_rank(-1 * stddev(delta(close, 1), 20)), 120)
[execution_aware] iter  4/50 [OK ] reward=  0.8255  decay_linear(cs_rank(-1 * stddev(delta(close, 1), 20)), 180)
[execution_aware] iter  5/50 [ERR] reward=    -inf  decay_linear(cs_rank(-1 * stddev(delta(close, 1), 20)), 360)
[execution_aware] iter  6/50 [OK ] reward=  0.8176  decay_linear(cs_rank(-1 * stddev(delta(close, 1), 20)), 150)
[execution_aware] iter  7/50 [ERR] reward=    -inf  decay_linear(cs_rank(-1 * stddev(delta(close, 1), 20)), 300)
[execution_aware] iter  8/50 [OK ] reward=  0.8402  decay_linear(cs_rank(-1 * stddev(delta(close, 1), 20)), 252)
[execution_aware] iter  9/50 [ERR] reward=    -inf  decay_linear(cs_rank(-1 * stddev(delta(close, 1), 20)), 500)
[execution_aware] iter 10/50 [OK ] reward=  0.8402  decay_linear(cs_rank(-1 * stddev(delta(close, 1), 20)), 252)
[execution_aware] iter 11/50 [ERR] reward=    -inf  decay_linear(cs_rank(-1 * stddev(delta(close, 1), 20)), 500)
[execution_aware] iter 12/50 [OK ] reward=  0.8309  decay_linear(cs_rank(-1 * stddev(delta(close, 1), 20)), 200)
[execution_aware] iter 13/50 [ERR] reward=    -inf  decay_linear(cs_rank(-1 * stddev(delta(close, 1), 20)), 500)
[execution_aware] iter 14/50 [OK ] reward=  0.5153  decay_linear(cs_rank(-1 * stddev(delta(close, 1), 20)), 252) * cs_rank(volume)
[execution_aware] iter 15/50 [ERR] reward=    -inf  decay_linear(cs_rank(-1 * stddev(delta(close, 1), 20)), 500)
[execution_aware] iter 16/50 [OK ] reward=  0.8309  decay_linear(cs_rank(-1 * stddev(delta(close, 1), 20)), 200)
[execution_aware] iter 17/50 [ERR] reward=    -inf  decay_linear(cs_rank(-1 * stddev(delta(close, 1), 20)), 500)
[execution_aware] iter 18/50 [OK ] reward=  0.8402  decay_linear(cs_rank(-1 * stddev(delta(close, 1), 20)), 252)
[execution_aware] iter 19/50 [ERR] reward=    -inf  decay_linear(cs_rank(-1 * stddev(delta(close, 1), 20)), 500)
[execution_aware] iter 20/50 [OK ] reward=  0.8402  decay_linear(cs_rank(-1 * stddev(delta(close, 1), 20)), 252)
[execution_aware] iter 21/50 [ERR] reward=    -inf  decay_linear(cs_rank(-1 * stddev(delta(close, 1), 20)), 500)
[execution_aware] iter 22/50 [OK ] reward=  0.8402  decay_linear(cs_rank(-1 * stddev(delta(close, 1), 20)), 252)
[execution_aware] iter 23/50 [ERR] reward=    -inf  decay_linear(cs_rank(-1 * stddev(delta(close, 1), 20)), 500)
[execution_aware] iter 24/50 [OK ] reward=  0.8255  decay_linear(cs_rank(-1 * stddev(delta(close, 1), 20)), 180)
[execution_aware] iter 25/50 [ERR] reward=    -inf  decay_linear(cs_rank(-1 * stddev(delta(close, 1), 20)), 365)
[execution_aware] iter 26/50 [OK ] reward=  0.8402  decay_linear(cs_rank(-1 * stddev(delta(close, 1), 20)), 252)
[execution_aware] iter 27/50 [ERR] reward=    -inf  decay_linear(cs_rank(-1 * stddev(delta(close, 1), 20)), 500)
[execution_aware] iter 28/50 [OK ] reward=  0.8402  decay_linear(cs_rank(-1 * stddev(delta(close, 1), 20)), 252)
[execution_aware] iter 29/50 [ERR] reward=    -inf  decay_linear(cs_rank(-1 * stddev(delta(close, 1), 20)), 500)
[execution_aware] iter 30/50 [OK ] reward=  0.8402  decay_linear(cs_rank(-1 * stddev(delta(close, 1), 20)), 252)
[execution_aware] iter 31/50 [ERR] reward=    -inf  decay_linear(cs_rank(-1 * stddev(delta(close, 1), 20)), 504)
[execution_aware] iter 32/50 [OK ] reward=  0.8132  decay_linear(cs_rank(-1 * stddev(delta(close, 1), 20)), 126)
[execution_aware] iter 33/50 [ERR] reward=    -inf  decay_linear(cs_rank(-1 * stddev(delta(close, 1), 20)), 504)
[execution_aware] iter 34/50 [OK ] reward=  0.8402  decay_linear(cs_rank(-1 * stddev(delta(close, 1), 20)), 252)
[execution_aware] iter 35/50 [ERR] reward=    -inf  decay_linear(cs_rank(-1 * stddev(delta(close, 1), 20)), 500)
[execution_aware] iter 36/50 [OK ] reward=  0.8402  decay_linear(cs_rank(-1 * stddev(delta(close, 1), 20)), 252)
[execution_aware] iter 37/50 [ERR] reward=    -inf  decay_linear(cs_rank(-1 * stddev(delta(close, 1), 20)), 504)
[execution_aware] iter 38/50 [OK ] reward=  0.8132  decay_linear(cs_rank(-1 * stddev(delta(close, 1), 20)), 126)
[execution_aware] iter 39/50 [ERR] reward=    -inf  decay_linear(cs_rank(-1 * stddev(delta(close, 1), 20)), 504)
[execution_aware] iter 40/50 [OK ] reward=  0.8132  decay_linear(cs_rank(-1 * stddev(delta(close, 1), 20)), 126)
[execution_aware] iter 41/50 [ERR] reward=    -inf  decay_linear(cs_rank(-1 * stddev(delta(close, 1), 20)), 504)
[execution_aware] iter 42/50 [OK ] reward=  0.8132  decay_linear(cs_rank(-1 * stddev(delta(close, 1), 20)), 126)
[execution_aware] iter 43/50 [ERR] reward=    -inf  decay_linear(cs_rank(-1 * stddev(delta(close, 1), 20)), 504)
[execution_aware] iter 44/50 [OK ] reward=  0.8402  decay_linear(cs_rank(-1 * stddev(delta(close, 1), 20)), 252)
[execution_aware] iter 45/50 [ERR] reward=    -inf  decay_linear(cs_rank(-1 * stddev(delta(close, 1), 20)), 500)
[execution_aware] iter 46/50 [OK ] reward=  0.8136  decay_linear(cs_rank(-1 * stddev(delta(close, 1), 20)), 100)
[execution_aware] iter 47/50 [ERR] reward=    -inf  decay_linear(cs_rank(-1 * stddev(delta(close, 1), 20)), 500)
[execution_aware] iter 48/50 [OK ] reward=  0.8402  decay_linear(cs_rank(-1 * stddev(delta(close, 1), 20)), 252)
[execution_aware] iter 49/50 [ERR] reward=    -inf  decay_linear(cs_rank(-1 * stddev(delta(close, 1), 20)), 500)
[execution_aware] iter 50/50 [OK ] reward=  0.8402  decay_linear(cs_rank(-1 * stddev(delta(close, 1), 20)), 252)
[wfo:execution_aware] fold 3 winner: decay_linear(cs_rank(-1 * stddev(delta(close, 1), 20)), 252)
[wfo:execution_aware] fold 3 OOS: Gross_IR=0.357 Turnover=5.02 Net_IR=0.205
[wfo:execution_aware] fold 4: train 2005-01-01..2009-12-31 -> test 2010-01-01..2010-12-31
[execution_aware] iter  0/50 [SEED] reward=  0.4718  rank(-1 * stddev(delta(close, 1), 20))
[execution_aware] iter  1/50 [OK ] reward=  0.6788  decay_linear(rank(-1 * stddev(delta(close, 1), 20)), 60)
[execution_aware] iter  2/50 [OK ] reward=  0.6555  decay_linear(rank(-1 * stddev(delta(close, 1), 20)), 120)
[execution_aware] iter  3/50 [OK ] reward=  0.6434  decay_linear(cs_rank(-1 * stddev(delta(close, 1), 20)), 180)
[execution_aware] iter  4/50 [OK ] reward=  0.6385  decay_linear(cs_rank(-1 * stddev(delta(close, 1), 20)), 252)
[execution_aware] iter  5/50 [OK ] reward=  0.6555  decay_linear(cs_rank(-1 * stddev(delta(close, 1), 20)), 120)
[execution_aware] iter  6/50 [OK ] reward=  0.6434  decay_linear(cs_rank(-1 * stddev(delta(close, 1), 20)), 180)
[execution_aware] iter  7/50 [OK ] reward=  0.6555  decay_linear(rank(-1 * stddev(delta(close, 1), 20)), 120)
[execution_aware] iter  8/50 [OK ] reward=  0.6555  decay_linear(cs_rank(-1 * stddev(delta(close, 1), 20)), 120)
[execution_aware] iter  9/50 [OK ] reward=  0.6381  decay_linear(cs_rank(-1 * stddev(delta(close, 1), 20)), 240)
[execution_aware] iter 10/50 [ERR] reward=    -inf  decay_linear(cs_rank(-1 * stddev(delta(close, 1), 20)), 480)
[execution_aware] iter 11/50 [OK ] reward=  0.6788  decay_linear(cs_rank(-1 * stddev(delta(close, 1), 20)), 60)
[execution_aware] iter 12/50 [OK ] reward=  0.6555  decay_linear(cs_rank(-1 * stddev(delta(close, 1), 20)), 120)
[execution_aware] iter 13/50 [OK ] reward=  0.6381  decay_linear(cs_rank(-1 * stddev(delta(close, 1), 20)), 240)
[execution_aware] iter 14/50 [ERR] reward=    -inf  decay_linear(cs_rank(-1 * stddev(delta(close, 1), 20)), 360)
[execution_aware] iter 15/50 [OK ] reward=  0.6788  decay_linear(cs_rank(-1 * stddev(delta(close, 1), 20)), 60)
[execution_aware] iter 16/50 [OK ] reward=  0.6555  decay_linear(cs_rank(-1 * stddev(delta(close, 1), 20)), 120)
[execution_aware] iter 17/50 [OK ] reward=  0.6555  decay_linear(rank(-1 * stddev(delta(close, 1), 20)), 120)
[execution_aware] iter 18/50 [OK ] reward=  0.6381  decay_linear(rank(-1 * stddev(delta(close, 1), 20)), 240)
[execution_aware] iter 19/50 [OK ] reward=  0.6555  decay_linear(cs_rank(-1 * stddev(delta(close, 1), 20)), 120)
[execution_aware] iter 20/50 [OK ] reward=  0.6434  decay_linear(cs_rank(-1 * stddev(delta(close, 1), 20)), 180)
[execution_aware] iter 21/50 [OK ] reward=  0.6381  decay_linear(cs_rank(-1 * stddev(delta(close, 1), 20)), 240)
[execution_aware] iter 22/50 [ERR] reward=    -inf  decay_linear(cs_rank(-1 * stddev(delta(close, 1), 20)), 480)
[execution_aware] iter 23/50 [OK ] reward=  0.6788  decay_linear(cs_rank(-1 * stddev(delta(close, 1), 20)), 60)
[execution_aware] iter 24/50 [OK ] reward=  0.6555  decay_linear(cs_rank(-1 * stddev(delta(close, 1), 20)), 120)
[execution_aware] iter 25/50 [OK ] reward=  0.6434  decay_linear(cs_rank(-1 * stddev(delta(close, 1), 20)), 180)
[execution_aware] iter 26/50 [ERR] reward=    -inf  decay_linear(cs_rank(-1 * stddev(delta(close, 1), 20)), 360)
[execution_aware] iter 27/50 [OK ] reward=  0.1396  decay_linear(ts_rank(-1 * stddev(delta(close, 1), 20), 60), 60)
[execution_aware] iter 28/50 [OK ] reward=  0.6555  decay_linear(rank(-1 * stddev(delta(close, 1), 20)), 120)
[execution_aware] iter 29/50 [OK ] reward=  0.6499  decay_linear(rank(-1 * stddev(delta(close, 1), 20)), 150)
[execution_aware] iter 30/50 [OK ] reward=  0.6416  decay_linear(cs_rank(-1 * stddev(delta(close, 1), 20)), 200)
[execution_aware] iter 31/50 [ERR] reward=    -inf  decay_linear(cs_rank(-1 * stddev(delta(close, 1), 20)), 300)
[execution_aware] iter 32/50 [OK ] reward= -0.1670  decay_linear(ts_rank(-1 * stddev(delta(close, 1), 20), 60), 30)
[execution_aware] iter 33/50 [OK ] reward=  0.6555  decay_linear(rank(-1 * stddev(delta(close, 1), 20)), 120)
[execution_aware] iter 34/50 [OK ] reward=  0.6434  decay_linear(rank(-1 * stddev(delta(close, 1), 20)), 180)
[execution_aware] iter 35/50 [OK ] reward=  0.6381  decay_linear(rank(-1 * stddev(delta(close, 1), 20)), 240)
[execution_aware] iter 36/50 [OK ] reward=  0.6555  decay_linear(rank(-1 * stddev(delta(close, 1), 20)), 120)
[execution_aware] iter 37/50 [OK ] reward=  0.6519  decay_linear(rank(-1 * stddev(delta(close, 1), 40)), 120)
[execution_aware] iter 38/50 [OK ] reward=  0.6555  decay_linear(rank(-1 * stddev(delta(close, 1), 20)), 120)
[execution_aware] iter 39/50 [OK ] reward=  0.6434  decay_linear(rank(-1 * stddev(delta(close, 1), 20)), 180)
[execution_aware] iter 40/50 [ERR] reward=    -inf  decay_linear(rank(-1 * stddev(delta(close, 1), 20)), 360)
[execution_aware] iter 41/50 [OK ] reward=  0.6788  decay_linear(cs_rank(-1 * stddev(delta(close, 1), 20)), 60)
[execution_aware] iter 42/50 [OK ] reward=  0.6555  decay_linear(cs_rank(-1 * stddev(delta(close, 1), 20)), 120)
[execution_aware] iter 43/50 [OK ] reward=  0.6434  decay_linear(cs_rank(-1 * stddev(delta(close, 1), 20)), 180)
[execution_aware] iter 44/50 [ERR] reward=    -inf  decay_linear(cs_rank(-1 * stddev(delta(close, 1), 20)), 360)
[execution_aware] iter 45/50 [OK ] reward=  0.6788  decay_linear(cs_rank(-1 * stddev(delta(close, 1), 20)), 60)
[execution_aware] iter 46/50 [OK ] reward=  0.6555  decay_linear(cs_rank(-1 * stddev(delta(close, 1), 20)), 120)
[execution_aware] iter 47/50 [OK ] reward=  0.6434  decay_linear(cs_rank(-1 * stddev(delta(close, 1), 20)), 180)
[execution_aware] iter 48/50 [OK ] reward=  0.6385  decay_linear(cs_rank(-1 * stddev(delta(close, 1), 20)), 252)
[execution_aware] iter 49/50 [OK ] reward=  0.6555  decay_linear(cs_rank(-1 * stddev(delta(close, 1), 20)), 120)
[execution_aware] iter 50/50 [OK ] reward=  0.6434  decay_linear(cs_rank(-1 * stddev(delta(close, 1), 20)), 180)
[wfo:execution_aware] fold 4 winner: decay_linear(rank(-1 * stddev(delta(close, 1), 20)), 60)
[wfo:execution_aware] fold 4 OOS: Gross_IR=-0.414 Turnover=4.18 Net_IR=-0.594
[wfo:execution_aware] fold 5: train 2006-01-01..2010-12-31 -> test 2011-01-01..2011-12-31
[execution_aware] iter  0/50 [SEED] reward=  0.4667  rank(-1 * stddev(delta(close, 1), 20))
[execution_aware] iter  1/50 [OK ] reward=  0.5913  decay_linear(rank(-1 * stddev(delta(close, 1), 20)), 120)
[execution_aware] iter  2/50 [OK ] reward=  0.5605  decay_linear(rank(-1 * stddev(delta(close, 1), 20)), 240)
[execution_aware] iter  3/50 [ERR] reward=    -inf  decay_linear(rank(-1 * stddev(delta(close, 1), 20)), 360)
[execution_aware] iter  4/50 [OK ] reward=  0.5913  decay_linear(cs_rank(-1 * stddev(delta(close, 1), 20)), 120)
[execution_aware] iter  5/50 [OK ] reward=  0.5605  decay_linear(cs_rank(-1 * stddev(delta(close, 1), 20)), 240)
[execution_aware] iter  6/50 [ERR] reward=    -inf  decay_linear(cs_rank(-1 * stddev(delta(close, 1), 20)), 360)
[execution_aware] iter  7/50 [OK ] reward=  0.5913  decay_linear(cs_rank(-1 * stddev(delta(close, 1), 20)), 120)
[execution_aware] iter  8/50 [OK ] reward=  0.5605  decay_linear(cs_rank(-1 * stddev(delta(close, 1), 20)), 240)
[execution_aware] iter  9/50 [ERR] reward=    -inf  decay_linear(cs_rank(-1 * stddev(delta(close, 1), 20)), 300)
[execution_aware] iter 10/50 [OK ] reward=  0.5913  decay_linear(cs_rank(-1 * stddev(delta(close, 1), 20)), 120)
[execution_aware] iter 11/50 [OK ] reward=  0.5605  decay_linear(cs_rank(-1 * stddev(delta(close, 1), 20)), 240)
[execution_aware] iter 12/50 [ERR] reward=    -inf  decay_linear(cs_rank(-1 * stddev(delta(close, 1), 20)), 360)
[execution_aware] iter 13/50 [OK ] reward=  0.5913  decay_linear(cs_rank(-1 * stddev(delta(close, 1), 20)), 120)
[execution_aware] iter 14/50 [OK ] reward=  0.5605  decay_linear(cs_rank(-1 * stddev(delta(close, 1), 20)), 240)
[execution_aware] iter 15/50 [ERR] reward=    -inf  decay_linear(cs_rank(-1 * stddev(delta(close, 1), 20)), 360)
[execution_aware] iter 16/50 [OK ] reward=  0.5913  decay_linear(cs_rank(-1 * stddev(delta(close, 1), 20)), 120)
[execution_aware] iter 17/50 [OK ] reward=  0.5605  decay_linear(cs_rank(-1 * stddev(delta(close, 1), 20)), 240)
[execution_aware] iter 18/50 [ERR] reward=    -inf  decay_linear(cs_rank(-1 * stddev(delta(close, 1), 20)), 480)
[execution_aware] iter 19/50 [OK ] reward=  0.5913  decay_linear(cs_rank(-1 * stddev(delta(close, 1), 20)), 120)
[execution_aware] iter 20/50 [OK ] reward=  0.5605  decay_linear(cs_rank(-1 * stddev(delta(close, 1), 20)), 240)
[execution_aware] iter 21/50 [ERR] reward=    -inf  decay_linear(cs_rank(-1 * stddev(delta(close, 1), 20)), 360)
[execution_aware] iter 22/50 [OK ] reward=  0.5913  decay_linear(cs_rank(-1 * stddev(delta(close, 1), 20)), 120)
[execution_aware] iter 23/50 [OK ] reward=  0.5605  decay_linear(cs_rank(-1 * stddev(delta(close, 1), 20)), 240)
[execution_aware] iter 24/50 [ERR] reward=    -inf  decay_linear(cs_rank(-1 * stddev(delta(close, 1), 20)), 300)
[execution_aware] iter 25/50 [OK ] reward=  0.5913  decay_linear(cs_rank(-1 * stddev(delta(close, 1), 20)), 120)
[execution_aware] iter 26/50 [OK ] reward=  0.5505  decay_linear(cs_rank(-1 * stddev(delta(close, 1), 40)), 240)
[execution_aware] iter 27/50 [ERR] reward=    -inf  decay_linear(cs_rank(-1 * stddev(delta(close, 1), 40)), 360)
[execution_aware] iter 28/50 [OK ] reward=  0.5913  decay_linear(cs_rank(-1 * stddev(delta(close, 1), 20)), 120)
[execution_aware] iter 29/50 [OK ] reward=  0.5605  decay_linear(cs_rank(-1 * stddev(delta(close, 1), 20)), 240)
[execution_aware] iter 30/50 [OK ] reward=  0.5605  decay_linear(cs_rank(-1 * stddev(delta(close, 1), 20)), 240)
[execution_aware] iter 31/50 [ERR] reward=    -inf  decay_linear(cs_rank(-1 * stddev(delta(close, 1), 20)), 360)
[execution_aware] iter 32/50 [OK ] reward=  0.5913  decay_linear(cs_rank(-1 * stddev(delta(close, 1), 20)), 120)
[execution_aware] iter 33/50 [OK ] reward=  0.5605  decay_linear(cs_rank(-1 * stddev(delta(close, 1), 20)), 240)
[execution_aware] iter 34/50 [ERR] reward=    -inf  decay_linear(cs_rank(-1 * stddev(delta(close, 1), 20)), 300)
[execution_aware] iter 35/50 [OK ] reward=  0.5913  decay_linear(cs_rank(-1 * stddev(delta(close, 1), 20)), 120)
[execution_aware] iter 36/50 [OK ] reward=  0.5605  decay_linear(cs_rank(-1 * stddev(delta(close, 1), 20)), 240)
[execution_aware] iter 37/50 [ERR] reward=    -inf  decay_linear(cs_rank(-1 * stddev(delta(close, 1), 20)), 360)
[execution_aware] iter 38/50 [OK ] reward=  0.2764  decay_linear(ts_rank(-1 * stddev(delta(close, 1), 20), 120), 120)
[execution_aware] iter 39/50 [OK ] reward=  0.5706  decay_linear(cs_rank(-1 * stddev(delta(close, 1), 20)), 180)
[execution_aware] iter 40/50 [ERR] reward=    -inf  decay_linear(cs_rank(-1 * stddev(delta(close, 1), 20)), 300)
[execution_aware] iter 41/50 [OK ] reward=  0.5913  decay_linear(cs_rank(-1 * stddev(delta(close, 1), 20)), 120)
[execution_aware] iter 42/50 [OK ] reward=  0.5605  decay_linear(cs_rank(-1 * stddev(delta(close, 1), 20)), 240)
[execution_aware] iter 43/50 [ERR] reward=    -inf  decay_linear(cs_rank(-1 * stddev(delta(close, 1), 20)), 360)
[execution_aware] iter 44/50 [OK ] reward=  0.5913  decay_linear(cs_rank(-1 * stddev(delta(close, 1), 20)), 120)
[execution_aware] iter 45/50 [OK ] reward=  0.5605  decay_linear(cs_rank(-1 * stddev(delta(close, 1), 20)), 240)
[execution_aware] iter 46/50 [ERR] reward=    -inf  decay_linear(cs_rank(-1 * stddev(delta(close, 1), 20)), 360)
[execution_aware] iter 47/50 [OK ] reward=  0.5913  decay_linear(cs_rank(-1 * stddev(delta(close, 1), 20)), 120)
[execution_aware] iter 48/50 [OK ] reward=  0.5605  decay_linear(cs_rank(-1 * stddev(delta(close, 1), 20)), 240)
[execution_aware] iter 49/50 [ERR] reward=    -inf  decay_linear(cs_rank(-1 * stddev(delta(close, 1), 20)), 360)
[execution_aware] iter 50/50 [OK ] reward=  0.5913  decay_linear(cs_rank(-1 * stddev(delta(close, 1), 20)), 120)
[wfo:execution_aware] fold 5 winner: decay_linear(rank(-1 * stddev(delta(close, 1), 20)), 120)
[wfo:execution_aware] fold 5 OOS: Gross_IR=0.788 Turnover=3.64 Net_IR=0.638
[wfo:execution_aware] fold 6: train 2007-01-01..2011-12-31 -> test 2012-01-01..2012-12-31
[execution_aware] iter  0/50 [SEED] reward=  0.4103  rank(-1 * stddev(delta(close, 1), 20))
[execution_aware] iter  1/50 [OK ] reward=  0.5202  decay_linear(rank(-1 * stddev(delta(close, 1), 20)), 252)
[execution_aware] iter  2/50 [ERR] reward=    -inf  decay_linear(rank(-1 * stddev(delta(close, 1), 20)), 500)
[execution_aware] iter  3/50 [OK ] reward=  0.1809  decay_linear(cs_rank(-1 * zscore(stddev(delta(close, 1), 20), 20)), 252)
[execution_aware] iter  4/50 [ERR] reward=    -inf  decay_linear(rank(-1 * stddev(delta(close, 1), 20)), 500)
[execution_aware] iter  5/50 [OK ] reward=  0.5202  decay_linear(cs_rank(-1 * stddev(delta(close, 1), 20)), 252)
[execution_aware] iter  6/50 [ERR] reward=    -inf  decay_linear(cs_rank(-1 * stddev(delta(close, 1), 20)), 500)
[execution_aware] iter  7/50 [OK ] reward=  0.5202  decay_linear(cs_rank(-1 * stddev(delta(close, 1), 20)), 252)
[execution_aware] iter  8/50 [ERR] reward=    -inf  decay_linear(cs_rank(-1 * stddev(delta(close, 1), 20)), 500)
[execution_aware] iter  9/50 [OK ] reward=  0.5202  decay_linear(cs_rank(-1 * stddev(delta(close, 1), 20)), 252)
[execution_aware] iter 10/50 [ERR] reward=    -inf  decay_linear(cs_rank(-1 * stddev(delta(close, 1), 20)), 500)
[execution_aware] iter 11/50 [OK ] reward=  0.5202  decay_linear(cs_rank(-1 * stddev(delta(close, 1), 20)), 252)
[execution_aware] iter 12/50 [ERR] reward=    -inf  decay_linear(cs_rank(-1 * stddev(delta(close, 1), 20)), 504)
[execution_aware] iter 13/50 [OK ] reward=  0.5202  decay_linear(cs_rank(-1 * stddev(delta(close, 1), 20)), 252)
[execution_aware] iter 14/50 [ERR] reward=    -inf  decay_linear(cs_rank(-1 * stddev(delta(close, 1), 20)), 500)
[execution_aware] iter 15/50 [OK ] reward=  0.5202  decay_linear(cs_rank(-1 * stddev(delta(close, 1), 20)), 252)
[execution_aware] iter 16/50 [ERR] reward=    -inf  decay_linear(cs_rank(-1 * stddev(delta(close, 1), 20)), 500)
[execution_aware] iter 17/50 [OK ] reward=  0.5202  decay_linear(cs_rank(-1 * stddev(delta(close, 1), 20)), 252)
[execution_aware] iter 18/50 [ERR] reward=    -inf  decay_linear(cs_rank(-1 * stddev(delta(close, 1), 20)), 500)
[execution_aware] iter 19/50 [OK ] reward=  0.5202  decay_linear(cs_rank(-1 * stddev(delta(close, 1), 20)), 252)
[execution_aware] iter 20/50 [ERR] reward=    -inf  decay_linear(cs_rank(-1 * stddev(delta(close, 1), 20)), 500)
[execution_aware] iter 21/50 [OK ] reward=  0.5202  decay_linear(cs_rank(-1 * stddev(delta(close, 1), 20)), 252)
[execution_aware] iter 22/50 [ERR] reward=    -inf  decay_linear(cs_rank(-1 * stddev(delta(close, 1), 20)), 500)
[execution_aware] iter 23/50 [OK ] reward=  0.5202  decay_linear(cs_rank(-1 * stddev(delta(close, 1), 20)), 252)
[execution_aware] iter 24/50 [ERR] reward=    -inf  decay_linear(cs_rank(-1 * stddev(delta(close, 1), 20)), 500)
[execution_aware] iter 25/50 [OK ] reward=  0.5202  decay_linear(cs_rank(-1 * stddev(delta(close, 1), 20)), 252)
[execution_aware] iter 26/50 [ERR] reward=    -inf  decay_linear(cs_rank(-1 * stddev(delta(close, 1), 20)), 500)
[execution_aware] iter 27/50 [OK ] reward=  0.5202  decay_linear(cs_rank(-1 * stddev(delta(close, 1), 20)), 252)
[execution_aware] iter 28/50 [ERR] reward=    -inf  decay_linear(cs_rank(-1 * stddev(delta(close, 1), 20)), 500)
[execution_aware] iter 29/50 [OK ] reward=  0.5202  decay_linear(cs_rank(-1 * stddev(delta(close, 1), 20)), 252)
[execution_aware] iter 30/50 [ERR] reward=    -inf  decay_linear(cs_rank(-1 * stddev(delta(close, 1), 20)), 500)
[execution_aware] iter 31/50 [OK ] reward=  0.5202  decay_linear(cs_rank(-1 * stddev(delta(close, 1), 20)), 252)
[execution_aware] iter 32/50 [ERR] reward=    -inf  decay_linear(cs_rank(-1 * stddev(delta(close, 1), 20)), 500)
[execution_aware] iter 33/50 [OK ] reward=  0.5202  decay_linear(cs_rank(-1 * stddev(delta(close, 1), 20)), 252)
[execution_aware] iter 34/50 [ERR] reward=    -inf  decay_linear(cs_rank(-1 * stddev(delta(close, 1), 20)), 500)
[execution_aware] iter 35/50 [OK ] reward=  0.5202  decay_linear(cs_rank(-1 * stddev(delta(close, 1), 20)), 252)
[execution_aware] iter 36/50 [ERR] reward=    -inf  decay_linear(cs_rank(-1 * stddev(delta(close, 1), 20)), 500)
[execution_aware] iter 37/50 [OK ] reward=  0.5202  decay_linear(cs_rank(-1 * stddev(delta(close, 1), 20)), 252)
[execution_aware] iter 38/50 [ERR] reward=    -inf  decay_linear(cs_rank(-1 * stddev(delta(close, 1), 20)), 500)
[execution_aware] iter 39/50 [OK ] reward=  0.5202  decay_linear(cs_rank(-1 * stddev(delta(close, 1), 20)), 252)
[execution_aware] iter 40/50 [ERR] reward=    -inf  decay_linear(cs_rank(-1 * stddev(delta(close, 1), 20)), 500)
[execution_aware] iter 41/50 [OK ] reward=  0.5202  decay_linear(cs_rank(-1 * stddev(delta(close, 1), 20)), 252)
[execution_aware] iter 42/50 [ERR] reward=    -inf  decay_linear(cs_rank(-1 * stddev(delta(close, 1), 20)), 500)
[execution_aware] iter 43/50 [OK ] reward=  0.5202  decay_linear(cs_rank(-1 * stddev(delta(close, 1), 20)), 252)
[execution_aware] iter 44/50 [ERR] reward=    -inf  decay_linear(rank(-1 * stddev(delta(close, 1), 20)), 504)
[execution_aware] iter 45/50 [OK ] reward=  0.5202  decay_linear(cs_rank(-1 * stddev(delta(close, 1), 20)), 252)
[execution_aware] iter 46/50 [ERR] reward=    -inf  decay_linear(cs_rank(-1 * stddev(delta(close, 1), 20)), 500)
[execution_aware] iter 47/50 [OK ] reward=  0.5202  decay_linear(cs_rank(-1 * stddev(delta(close, 1), 20)), 252)
[execution_aware] iter 48/50 [ERR] reward=    -inf  decay_linear(cs_rank(-1 * stddev(delta(close, 1), 20)), 500)
[execution_aware] iter 49/50 [OK ] reward=  0.5202  decay_linear(cs_rank(-1 * stddev(delta(close, 1), 20)), 252)
[execution_aware] iter 50/50 [ERR] reward=    -inf  decay_linear(cs_rank(-1 * stddev(delta(close, 1), 20)), 500)
[wfo:execution_aware] fold 6 winner: decay_linear(rank(-1 * stddev(delta(close, 1), 20)), 252)
[wfo:execution_aware] fold 6 OOS: Gross_IR=1.393 Turnover=3.11 Net_IR=1.243
[wfo:execution_aware] fold 7: train 2008-01-01..2012-12-31 -> test 2013-01-01..2013-12-31
[execution_aware] iter  0/50 [SEED] reward=  0.4459  rank(-1 * stddev(delta(close, 1), 20))
[execution_aware] iter  1/50 [OK ] reward=  0.6336  decay_linear(rank(-1 * stddev(delta(close, 1), 20)), 60)
[execution_aware] iter  2/50 [OK ] reward=  0.6110  decay_linear(cs_rank(-1 * stddev(delta(close, 1), 20)), 120)
[execution_aware] iter  3/50 [OK ] reward=  0.5844  decay_linear(cs_rank(-1 * stddev(delta(close, 1), 20)), 180)
[execution_aware] iter  4/50 [OK ] reward=  0.5697  decay_linear(cs_rank(-1 * stddev(delta(close, 1), 20)), 240)
[execution_aware] iter  5/50 [ERR] reward=    -inf  decay_linear(cs_rank(-1 * stddev(delta(close, 1), 20)), 360)
[execution_aware] iter  6/50 [OK ] reward=  0.6336  decay_linear(cs_rank(-1 * stddev(delta(close, 1), 20)), 60)
[execution_aware] iter  7/50 [OK ] reward=  0.6110  decay_linear(cs_rank(-1 * stddev(delta(close, 1), 20)), 120)
[execution_aware] iter  8/50 [OK ] reward=  0.5999  decay_linear(cs_rank(-1 * stddev(delta(close, 1), 20)), 150)
[execution_aware] iter  9/50 [OK ] reward=  0.5782  decay_linear(cs_rank(-1 * stddev(delta(close, 1), 20)), 200)
[execution_aware] iter 10/50 [ERR] reward=    -inf  decay_linear(cs_rank(-1 * stddev(delta(close, 1), 20)), 400)
[execution_aware] iter 11/50 [OK ] reward=  0.6336  decay_linear(cs_rank(-1 * stddev(delta(close, 1), 20)), 60)
[execution_aware] iter 12/50 [OK ] reward=  0.5986  decay_linear(cs_rank(-1 * stddev(delta(close, 1), 40)), 120)
[execution_aware] iter 13/50 [OK ] reward=  0.6110  decay_linear(cs_rank(-1 * stddev(delta(close, 1), 20)), 120)
[execution_aware] iter 14/50 [OK ] reward=  0.5697  decay_linear(cs_rank(-1 * stddev(delta(close, 1), 20)), 240)
[execution_aware] iter 15/50 [ERR] reward=    -inf  decay_linear(cs_rank(-1 * stddev(delta(close, 1), 20)), 480)
[execution_aware] iter 16/50 [OK ] reward=  0.6336  decay_linear(cs_rank(-1 * stddev(delta(close, 1), 20)), 60)
[execution_aware] iter 17/50 [OK ] reward=  0.6110  decay_linear(cs_rank(-1 * stddev(delta(close, 1), 20)), 120)
[execution_aware] iter 18/50 [OK ] reward=  0.6110  decay_linear(cs_rank(-1 * stddev(delta(close, 1), 20)), 120)
[execution_aware] iter 19/50 [OK ] reward=  0.5844  decay_linear(cs_rank(-1 * stddev(delta(close, 1), 20)), 180)
[execution_aware] iter 20/50 [ERR] reward=    -inf  decay_linear(cs_rank(-1 * stddev(delta(close, 1), 20)), 360)
[execution_aware] iter 21/50 [OK ] reward=  0.1131  decay_linear(ts_rank(-1 * stddev(delta(close, 1), 20), 60), 60)
[execution_aware] iter 22/50 [OK ] reward=  0.6110  decay_linear(cs_rank(-1 * stddev(delta(close, 1), 20)), 120)
[execution_aware] iter 23/50 [OK ] reward=  0.5844  decay_linear(rank(-1 * stddev(delta(close, 1), 20)), 180)
[execution_aware] iter 24/50 [OK ] reward=  0.5697  decay_linear(rank(-1 * stddev(delta(close, 1), 20)), 240)
[execution_aware] iter 25/50 [OK ] reward=  0.6110  decay_linear(rank(-1 * stddev(delta(close, 1), 20)), 120)
[execution_aware] iter 26/50 [OK ] reward=  0.6110  decay_linear(rank(-1 * stddev(delta(close, 1), 20)), 120)
[execution_aware] iter 27/50 [OK ] reward=  0.5844  decay_linear(cs_rank(-1 * stddev(delta(close, 1), 20)), 180)
[execution_aware] iter 28/50 [OK ] reward=  0.5697  decay_linear(cs_rank(-1 * stddev(delta(close, 1), 20)), 240)
[execution_aware] iter 29/50 [ERR] reward=    -inf  decay_linear(cs_rank(-1 * stddev(delta(close, 1), 20)), 360)
[execution_aware] iter 30/50 [OK ] reward=  0.6336  decay_linear(cs_rank(-1 * stddev(delta(close, 1), 20)), 60)
[execution_aware] iter 31/50 [OK ] reward=  0.6110  decay_linear(cs_rank(-1 * stddev(delta(close, 1), 20)), 120)
[execution_aware] iter 32/50 [OK ] reward=  0.5844  decay_linear(cs_rank(-1 * stddev(delta(close, 1), 20)), 180)
[execution_aware] iter 33/50 [OK ] reward=  0.5697  decay_linear(cs_rank(-1 * stddev(delta(close, 1), 20)), 240)
[execution_aware] iter 34/50 [ERR] reward=    -inf  decay_linear(cs_rank(-1 * stddev(delta(close, 1), 20)), 480)
[execution_aware] iter 35/50 [OK ] reward=  0.6336  decay_linear(cs_rank(-1 * stddev(delta(close, 1), 20)), 60)
[execution_aware] iter 36/50 [OK ] reward=  0.6110  decay_linear(cs_rank(-1 * stddev(delta(close, 1), 20)), 120)
[execution_aware] iter 37/50 [OK ] reward=  0.5844  decay_linear(cs_rank(-1 * stddev(delta(close, 1), 20)), 180)
[execution_aware] iter 38/50 [ERR] reward=    -inf  decay_linear(cs_rank(-1 * stddev(delta(close, 1), 20)), 360)
[execution_aware] iter 39/50 [OK ] reward=  0.6336  decay_linear(cs_rank(-1 * stddev(delta(close, 1), 20)), 60)
[execution_aware] iter 40/50 [OK ] reward=  0.6110  decay_linear(cs_rank(-1 * stddev(delta(close, 1), 20)), 120)
[execution_aware] iter 41/50 [OK ] reward=  0.5844  decay_linear(cs_rank(-1 * stddev(delta(close, 1), 20)), 180)
[execution_aware] iter 42/50 [OK ] reward=  0.5697  decay_linear(cs_rank(-1 * stddev(delta(close, 1), 20)), 240)
[execution_aware] iter 43/50 [ERR] reward=    -inf  decay_linear(cs_rank(-1 * stddev(delta(close, 1), 20)), 480)
[execution_aware] iter 44/50 [OK ] reward=  0.6336  decay_linear(cs_rank(-1 * stddev(delta(close, 1), 20)), 60)
[execution_aware] iter 45/50 [OK ] reward=  0.6110  decay_linear(cs_rank(-1 * stddev(delta(close, 1), 20)), 120)
[execution_aware] iter 46/50 [OK ] reward=  0.5844  decay_linear(cs_rank(-1 * stddev(delta(close, 1), 20)), 180)
[execution_aware] iter 47/50 [OK ] reward=  0.5697  decay_linear(cs_rank(-1 * stddev(delta(close, 1), 20)), 240)
[execution_aware] iter 48/50 [ERR] reward=    -inf  decay_linear(cs_rank(-1 * stddev(delta(close, 1), 20)), 480)
[execution_aware] iter 49/50 [OK ] reward=  0.6336  decay_linear(cs_rank(-1 * stddev(delta(close, 1), 20)), 60)
[execution_aware] iter 50/50 [OK ] reward=  0.6110  decay_linear(cs_rank(-1 * stddev(delta(close, 1), 20)), 120)
[wfo:execution_aware] fold 7 winner: decay_linear(rank(-1 * stddev(delta(close, 1), 20)), 60)
[wfo:execution_aware] fold 7 OOS: Gross_IR=2.362 Turnover=4.37 Net_IR=2.057
[wfo:execution_aware] fold 8: train 2009-01-01..2013-12-31 -> test 2014-01-01..2014-12-31
[execution_aware] iter  0/50 [SEED] reward=  0.6754  rank(-1 * stddev(delta(close, 1), 20))
[execution_aware] iter  1/50 [OK ] reward=  0.7115  decay_linear(rank(-1 * stddev(delta(close, 1), 20)), 60)
[execution_aware] iter  2/50 [OK ] reward=  0.6721  decay_linear(rank(-1 * stddev(delta(close, 1), 20)), 120)
[execution_aware] iter  3/50 [OK ] reward=  0.6721  decay_linear(rank(-1 * stddev(delta(close, 1), 20)), 120)
[execution_aware] iter  4/50 [OK ] reward=  0.6332  decay_linear(rank(-1 * stddev(delta(close, 1), 20)), 180)
[execution_aware] iter  5/50 [ERR] reward=    -inf  decay_linear(rank(-1 * stddev(delta(close, 1), 20)), 300)
[execution_aware] iter  6/50 [OK ] reward=  0.7115  decay_linear(cs_rank(-1 * stddev(delta(close, 1), 20)), 60)
[execution_aware] iter  7/50 [OK ] reward=  0.6721  decay_linear(cs_rank(-1 * stddev(delta(close, 1), 20)), 120)
[execution_aware] iter  8/50 [OK ] reward=  0.6332  decay_linear(cs_rank(-1 * stddev(delta(close, 1), 20)), 180)
[execution_aware] iter  9/50 [ERR] reward=    -inf  decay_linear(cs_rank(-1 * stddev(delta(close, 1), 20)), 360)
[execution_aware] iter 10/50 [OK ] reward=  0.7115  decay_linear(cs_rank(-1 * stddev(delta(close, 1), 20)), 60)
[execution_aware] iter 11/50 [OK ] reward=  0.6721  decay_linear(cs_rank(-1 * stddev(delta(close, 1), 20)), 120)
[execution_aware] iter 12/50 [OK ] reward=  0.6332  decay_linear(cs_rank(-1 * stddev(delta(close, 1), 20)), 180)
[execution_aware] iter 13/50 [ERR] reward=    -inf  decay_linear(cs_rank(-1 * stddev(delta(close, 1), 20)), 360)
[execution_aware] iter 14/50 [OK ] reward=  0.7115  decay_linear(cs_rank(-1 * stddev(delta(close, 1), 20)), 60)
[execution_aware] iter 15/50 [OK ] reward=  0.6721  decay_linear(cs_rank(-1 * stddev(delta(close, 1), 20)), 120)
[execution_aware] iter 16/50 [OK ] reward=  0.6332  decay_linear(cs_rank(-1 * stddev(delta(close, 1), 20)), 180)
[execution_aware] iter 17/50 [OK ] reward=  0.6332  decay_linear(cs_rank(-1 * stddev(delta(close, 1), 20)), 180)
[execution_aware] iter 18/50 [OK ] reward=  0.6133  decay_linear(cs_rank(-1 * stddev(delta(close, 1), 20)), 240)
[execution_aware] iter 19/50 [ERR] reward=    -inf  decay_linear(cs_rank(-1 * stddev(delta(close, 1), 20)), 300)
[execution_aware] iter 20/50 [OK ] reward=  0.7115  decay_linear(cs_rank(-1 * stddev(delta(close, 1), 20)), 60)
[execution_aware] iter 21/50 [OK ] reward=  0.6411  decay_linear(cs_rank(-1 * stddev(delta(close, 1), 40)), 120)
[execution_aware] iter 22/50 [OK ] reward=  0.6721  decay_linear(cs_rank(-1 * stddev(delta(close, 1), 20)), 120)
[execution_aware] iter 23/50 [OK ] reward=  0.6560  decay_linear(cs_rank(-1 * stddev(delta(close, 1), 20)), 150)
[execution_aware] iter 24/50 [OK ] reward=  0.6248  decay_linear(cs_rank(-1 * stddev(delta(close, 1), 20)), 200)
[execution_aware] iter 25/50 [ERR] reward=    -inf  decay_linear(cs_rank(-1 * stddev(delta(close, 1), 20)), 300)
[execution_aware] iter 26/50 [OK ] reward=  0.7115  decay_linear(cs_rank(-1 * stddev(delta(close, 1), 20)), 60)
[execution_aware] iter 27/50 [OK ] reward=  0.6721  decay_linear(cs_rank(-1 * stddev(delta(close, 1), 20)), 120)
[execution_aware] iter 28/50 [OK ] reward=  0.6332  decay_linear(cs_rank(-1 * stddev(delta(close, 1), 20)), 180)
[execution_aware] iter 29/50 [ERR] reward=    -inf  decay_linear(cs_rank(-1 * stddev(delta(close, 1), 20)), 360)
[execution_aware] iter 30/50 [OK ] reward=  0.7115  decay_linear(cs_rank(-1 * stddev(delta(close, 1), 20)), 60)
[execution_aware] iter 31/50 [OK ] reward=  0.6721  decay_linear(cs_rank(-1 * stddev(delta(close, 1), 20)), 120)
[execution_aware] iter 32/50 [OK ] reward=  0.6332  decay_linear(cs_rank(-1 * stddev(delta(close, 1), 20)), 180)
[execution_aware] iter 33/50 [ERR] reward=    -inf  decay_linear(cs_rank(-1 * stddev(delta(close, 1), 20)), 360)
[execution_aware] iter 34/50 [OK ] reward=  0.7115  decay_linear(cs_rank(-1 * stddev(delta(close, 1), 20)), 60)
[execution_aware] iter 35/50 [OK ] reward=  0.6721  decay_linear(cs_rank(-1 * stddev(delta(close, 1), 20)), 120)
[execution_aware] iter 36/50 [OK ] reward=  0.6332  decay_linear(cs_rank(-1 * stddev(delta(close, 1), 20)), 180)
[execution_aware] iter 37/50 [OK ] reward=  0.6133  decay_linear(cs_rank(-1 * stddev(delta(close, 1), 20)), 240)
[execution_aware] iter 38/50 [ERR] reward=    -inf  decay_linear(cs_rank(-1 * stddev(delta(close, 1), 20)), 480)
[execution_aware] iter 39/50 [OK ] reward=  0.7115  decay_linear(cs_rank(-1 * stddev(delta(close, 1), 20)), 60)
[execution_aware] iter 40/50 [OK ] reward=  0.6721  decay_linear(cs_rank(-1 * stddev(delta(close, 1), 20)), 120)
[execution_aware] iter 41/50 [OK ] reward=  0.6332  decay_linear(cs_rank(-1 * stddev(delta(close, 1), 20)), 180)
[execution_aware] iter 42/50 [ERR] reward=    -inf  decay_linear(cs_rank(-1 * stddev(delta(close, 1), 20)), 360)
[execution_aware] iter 43/50 [OK ] reward=  0.7115  decay_linear(cs_rank(-1 * stddev(delta(close, 1), 20)), 60)
[execution_aware] iter 44/50 [OK ] reward=  0.6721  decay_linear(cs_rank(-1 * stddev(delta(close, 1), 20)), 120)
[execution_aware] iter 45/50 [OK ] reward=  0.6332  decay_linear(cs_rank(-1 * stddev(delta(close, 1), 20)), 180)
[execution_aware] iter 46/50 [OK ] reward=  0.6133  decay_linear(cs_rank(-1 * stddev(delta(close, 1), 20)), 240)
[execution_aware] iter 47/50 [ERR] reward=    -inf  decay_linear(cs_rank(-1 * stddev(delta(close, 1), 20)), 360)
[execution_aware] iter 48/50 [OK ] reward=  0.7115  decay_linear(cs_rank(-1 * stddev(delta(close, 1), 20)), 60)
[execution_aware] iter 49/50 [OK ] reward=  0.6721  decay_linear(cs_rank(-1 * stddev(delta(close, 1), 20)), 120)
[execution_aware] iter 50/50 [OK ] reward=  0.3386  decay_linear(ts_rank(-1 * stddev(delta(close, 1), 20), 60), 120)
[wfo:execution_aware] fold 8 winner: decay_linear(rank(-1 * stddev(delta(close, 1), 20)), 60)
[wfo:execution_aware] fold 8 OOS: Gross_IR=0.175 Turnover=4.39 Net_IR=-0.045
[wfo:execution_aware] fold 9: train 2010-01-01..2014-12-31 -> test 2015-01-01..2015-12-31
[execution_aware] iter  0/50 [SEED] reward=  0.7987  rank(-1 * stddev(delta(close, 1), 20))
[execution_aware] iter  1/50 [OK ] reward=  0.7099  decay_linear(rank(-1 * stddev(delta(close, 1), 20)), 100)
[execution_aware] iter  2/50 [OK ] reward=  0.6928  decay_linear(rank(-1 * stddev(delta(close, 1), 20)), 200)
[execution_aware] iter  3/50 [ERR] reward=    -inf  decay_linear(rank(-1 * stddev(delta(close, 1), 20)), 500)
[execution_aware] iter  4/50 [OK ] reward=  0.7099  decay_linear(rank(-1 * stddev(delta(close, 1), 20)), 100)
[execution_aware] iter  5/50 [OK ] reward=  0.6928  decay_linear(rank(-1 * stddev(delta(close, 1), 20)), 200)
[execution_aware] iter  6/50 [ERR] reward=    -inf  decay_linear(rank(-1 * stddev(delta(close, 1), 20)), 400)
[execution_aware] iter  7/50 [OK ] reward=  0.7099  decay_linear(rank(-1 * stddev(delta(close, 1), 20)), 100)
[execution_aware] iter  8/50 [OK ] reward=  0.6928  decay_linear(rank(-1 * stddev(delta(close, 1), 20)), 200)
[execution_aware] iter  9/50 [ERR] reward=    -inf  decay_linear(rank(-1 * stddev(delta(close, 1), 20)), 500)
[execution_aware] iter 10/50 [OK ] reward=  0.6923  decay_linear(cs_rank(-1 * stddev(delta(close, 1), 20)), 250)
[execution_aware] iter 11/50 [ERR] reward=    -inf  decay_linear(cs_rank(-1 * stddev(delta(close, 1), 20)), 500)
[execution_aware] iter 12/50 [OK ] reward=  0.6923  decay_linear(cs_rank(-1 * stddev(delta(close, 1), 20)), 252)
[execution_aware] iter 13/50 [ERR] reward=    -inf  decay_linear(cs_rank(-1 * stddev(delta(close, 1), 20)), 504)
[execution_aware] iter 14/50 [OK ] reward=  0.6923  decay_linear(cs_rank(-1 * stddev(delta(close, 1), 20)), 252)
[execution_aware] iter 15/50 [ERR] reward=    -inf  decay_linear(cs_rank(-1 * stddev(delta(close, 1), 20)), 500)
[execution_aware] iter 16/50 [OK ] reward=  0.7987  cs_rank(-1 * stddev(delta(close, 1), 20))
[execution_aware] iter 17/50 [OK ] reward=  0.7203  decay_linear(cs_rank(-1 * stddev(delta(close, 1), 20)), 60)
[execution_aware] iter 18/50 [OK ] reward=  0.7113  decay_linear(cs_rank(-1 * stddev(delta(close, 1), 20)), 120)
[execution_aware] iter 19/50 [OK ] reward=  0.6912  decay_linear(cs_rank(-1 * stddev(delta(close, 1), 20)), 240)
[execution_aware] iter 20/50 [ERR] reward=    -inf  decay_linear(cs_rank(-1 * stddev(delta(close, 1), 20)), 360)
[execution_aware] iter 21/50 [OK ] reward=  0.7113  decay_linear(cs_rank(-1 * stddev(delta(close, 1), 20)), 120)
[execution_aware] iter 22/50 [OK ] reward=  0.6923  decay_linear(cs_rank(-1 * stddev(delta(close, 1), 20)), 252)
[execution_aware] iter 23/50 [ERR] reward=    -inf  decay_linear(cs_rank(-1 * stddev(delta(close, 1), 20)), 500)
[execution_aware] iter 24/50 [OK ] reward=  0.7113  decay_linear(cs_rank(-1 * stddev(delta(close, 1), 20)), 120)
[execution_aware] iter 25/50 [OK ] reward=  0.6912  decay_linear(cs_rank(-1 * stddev(delta(close, 1), 20)), 240)
[execution_aware] iter 26/50 [ERR] reward=    -inf  decay_linear(cs_rank(-1 * stddev(delta(close, 1), 20)), 480)
[execution_aware] iter 27/50 [OK ] reward= -0.2603  cs_rank(-1 * stddev(delta(close, 1), 20)) + ts_rank(vwap, 20)
[execution_aware] iter 28/50 [OK ] reward=  0.7099  decay_linear(cs_rank(-1 * stddev(delta(close, 1), 20)), 100)
[execution_aware] iter 29/50 [OK ] reward=  0.6928  decay_linear(cs_rank(-1 * stddev(delta(close, 1), 20)), 200)
[execution_aware] iter 30/50 [ERR] reward=    -inf  decay_linear(cs_rank(-1 * stddev(delta(close, 1), 20)), 500)
[execution_aware] iter 31/50 [OK ] reward=  0.6923  decay_linear(cs_rank(-1 * stddev(delta(close, 1), 20)), 252)
[execution_aware] iter 32/50 [ERR] reward=    -inf  decay_linear(cs_rank(-1 * stddev(delta(close, 1), 20)), 500)
[execution_aware] iter 33/50 [OK ] reward=  0.6923  decay_linear(cs_rank(-1 * stddev(delta(close, 1), 20)), 252)
[execution_aware] iter 34/50 [ERR] reward=    -inf  decay_linear(cs_rank(-1 * stddev(delta(close, 1), 20)), 500)
[execution_aware] iter 35/50 [OK ] reward=  0.6923  decay_linear(cs_rank(-1 * stddev(delta(close, 1), 20)), 252)
[execution_aware] iter 36/50 [ERR] reward=    -inf  decay_linear(cs_rank(-1 * stddev(delta(close, 1), 20)), 500)
[execution_aware] iter 37/50 [OK ] reward=  0.7099  decay_linear(cs_rank(-1 * stddev(delta(close, 1), 20)), 100)
[execution_aware] iter 38/50 [OK ] reward=  0.6928  decay_linear(cs_rank(-1 * stddev(delta(close, 1), 20)), 200)
[execution_aware] iter 39/50 [ERR] reward=    -inf  decay_linear(cs_rank(-1 * stddev(delta(close, 1), 20)), 500)
[execution_aware] iter 40/50 [OK ] reward=  0.6923  decay_linear(cs_rank(-1 * stddev(delta(close, 1), 20)), 252)
[execution_aware] iter 41/50 [ERR] reward=    -inf  decay_linear(cs_rank(-1 * stddev(delta(close, 1), 20)), 500)
[execution_aware] iter 42/50 [OK ] reward=  0.6923  decay_linear(cs_rank(-1 * stddev(delta(close, 1), 20)), 252)
[execution_aware] iter 43/50 [ERR] reward=    -inf  decay_linear(cs_rank(-1 * stddev(delta(close, 1), 20)), 500)
[execution_aware] iter 44/50 [OK ] reward=  0.6923  decay_linear(cs_rank(-1 * stddev(delta(close, 1), 20)), 252)
[execution_aware] iter 45/50 [ERR] reward=    -inf  decay_linear(cs_rank(-1 * stddev(delta(close, 1), 20)), 500)
[execution_aware] iter 46/50 [OK ] reward=  0.6923  decay_linear(cs_rank(-1 * stddev(delta(close, 1), 20)), 252)
[execution_aware] iter 47/50 [ERR] reward=    -inf  decay_linear(cs_rank(-1 * stddev(delta(close, 1), 20)), 500)
[execution_aware] iter 48/50 [OK ] reward=  0.6923  decay_linear(cs_rank(-1 * stddev(delta(close, 1), 20)), 252)
[execution_aware] iter 49/50 [ERR] reward=    -inf  decay_linear(cs_rank(-1 * stddev(delta(close, 1), 20)), 500)
[execution_aware] iter 50/50 [OK ] reward=  0.6923  decay_linear(cs_rank(-1 * stddev(delta(close, 1), 20)), 252)
[wfo:execution_aware] fold 9 winner: rank(-1 * stddev(delta(close, 1), 20))
[wfo:execution_aware] fold 9 OOS: Gross_IR=0.408 Turnover=17.98 Net_IR=-0.744
[wfo:execution_aware] fold 10: train 2011-01-01..2015-12-31 -> test 2016-01-01..2016-12-31
[execution_aware] iter  0/50 [SEED] reward=  0.9379  rank(-1 * stddev(delta(close, 1), 20))
[execution_aware] iter  1/50 [OK ] reward=  0.8920  decay_linear(rank(-1 * stddev(delta(close, 1), 20)), 60)
[execution_aware] iter  2/50 [OK ] reward=  0.9012  decay_linear(rank(-1 * stddev(delta(close, 1), 20)), 120)
[execution_aware] iter  3/50 [OK ] reward=  0.9195  decay_linear(rank(-1 * stddev(delta(close, 1), 20)), 240)
[execution_aware] iter  4/50 [ERR] reward=    -inf  decay_linear(rank(-1 * stddev(delta(close, 1), 20)), 360)
[execution_aware] iter  5/50 [OK ] reward=  0.9379  rank(-1 * stddev(delta(close, 1), 20))
[execution_aware] iter  6/50 [OK ] reward=  0.9012  decay_linear(rank(-1 * stddev(delta(close, 1), 20)), 120)
[execution_aware] iter  7/50 [OK ] reward=  0.9195  decay_linear(rank(-1 * stddev(delta(close, 1), 20)), 240)
[execution_aware] iter  8/50 [ERR] reward=    -inf  decay_linear(rank(-1 * stddev(delta(close, 1), 20)), 500)
[execution_aware] iter  9/50 [OK ] reward=  0.8910  decay_linear(cs_rank(-1 * stddev(delta(close, 1), 20)), 100)
[execution_aware] iter 10/50 [OK ] reward=  0.9127  decay_linear(cs_rank(-1 * stddev(delta(close, 1), 20)), 200)
[execution_aware] iter 11/50 [ERR] reward=    -inf  decay_linear(cs_rank(-1 * stddev(delta(close, 1), 20)), 500)
[execution_aware] iter 12/50 [OK ] reward=  0.9012  decay_linear(cs_rank(-1 * stddev(delta(close, 1), 20)), 120)
[execution_aware] iter 13/50 [OK ] reward=  0.9195  decay_linear(cs_rank(-1 * stddev(delta(close, 1), 20)), 240)
[execution_aware] iter 14/50 [ERR] reward=    -inf  decay_linear(cs_rank(-1 * stddev(delta(close, 1), 20)), 480)
[execution_aware] iter 15/50 [OK ] reward=  0.9229  decay_linear(cs_rank(-1 * stddev(delta(close, 1), 20)), 252)
[execution_aware] iter 16/50 [ERR] reward=    -inf  decay_linear(cs_rank(-1 * stddev(delta(close, 1), 20)), 504)
[execution_aware] iter 17/50 [OK ] reward=  0.9045  decay_linear(cs_rank(-1 * stddev(delta(close, 1), 20)), 126)
[execution_aware] iter 18/50 [OK ] reward=  0.9229  decay_linear(cs_rank(-1 * stddev(delta(close, 1), 20)), 252)
[execution_aware] iter 19/50 [ERR] reward=    -inf  decay_linear(cs_rank(-1 * stddev(delta(close, 1), 20)), 500)
[execution_aware] iter 20/50 [OK ] reward= -0.3930  decay_linear(ts_rank(-1 * stddev(delta(close, 1), 20), 20), 50)
[execution_aware] iter 21/50 [OK ] reward=  0.8910  decay_linear(rank(-1 * stddev(delta(close, 1), 20)), 100)
[execution_aware] iter 22/50 [OK ] reward=  0.9127  decay_linear(rank(-1 * stddev(delta(close, 1), 20)), 200)
[execution_aware] iter 23/50 [ERR] reward=    -inf  decay_linear(rank(-1 * stddev(delta(close, 1), 20)), 500)
[execution_aware] iter 24/50 [OK ] reward=  0.9379  cs_rank(-1 * stddev(delta(close, 1), 20))
[execution_aware] iter 25/50 [OK ] reward=  0.8920  decay_linear(cs_rank(-1 * stddev(delta(close, 1), 20)), 60)
[execution_aware] iter 26/50 [OK ] reward=  0.9012  decay_linear(cs_rank(-1 * stddev(delta(close, 1), 20)), 120)
[execution_aware] iter 27/50 [OK ] reward=  0.9195  decay_linear(cs_rank(-1 * stddev(delta(close, 1), 20)), 240)
[execution_aware] iter 28/50 [ERR] reward=    -inf  decay_linear(cs_rank(-1 * stddev(delta(close, 1), 20)), 360)
[execution_aware] iter 29/50 [OK ] reward=  0.9012  decay_linear(cs_rank(-1 * stddev(delta(close, 1), 20)), 120)
[execution_aware] iter 30/50 [OK ] reward=  0.9195  decay_linear(cs_rank(-1 * stddev(delta(close, 1), 20)), 240)
[execution_aware] iter 31/50 [ERR] reward=    -inf  decay_linear(cs_rank(-1 * stddev(delta(close, 1), 20)), 500)
[execution_aware] iter 32/50 [OK ] reward=  0.9229  decay_linear(cs_rank(-1 * stddev(delta(close, 1), 20)), 252)
[execution_aware] iter 33/50 [ERR] reward=    -inf  decay_linear(cs_rank(-1 * stddev(delta(close, 1), 20)), 500)
[execution_aware] iter 34/50 [OK ] reward=  0.9127  decay_linear(cs_rank(-1 * stddev(delta(close, 1), 20)), 200)
[execution_aware] iter 35/50 [ERR] reward=    -inf  decay_linear(cs_rank(-1 * stddev(delta(close, 1), 20)), 500)
[execution_aware] iter 36/50 [OK ] reward=  0.9229  decay_linear(cs_rank(-1 * stddev(delta(close, 1), 20)), 252)
[execution_aware] iter 37/50 [ERR] reward=    -inf  decay_linear(cs_rank(-1 * stddev(delta(close, 1), 20)), 500)
[execution_aware] iter 38/50 [OK ] reward=  0.9229  decay_linear(cs_rank(-1 * stddev(delta(close, 1), 20)), 252)
[execution_aware] iter 39/50 [ERR] reward=    -inf  decay_linear(cs_rank(-1 * stddev(delta(close, 1), 20)), 500)
[execution_aware] iter 40/50 [OK ] reward=  0.9229  decay_linear(cs_rank(-1 * stddev(delta(close, 1), 20)), 252)
[execution_aware] iter 41/50 [ERR] reward=    -inf  decay_linear(cs_rank(-1 * stddev(delta(close, 1), 20)), 500)
[execution_aware] iter 42/50 [OK ] reward=  0.9229  decay_linear(cs_rank(-1 * stddev(delta(close, 1), 20)), 252)
[execution_aware] iter 43/50 [ERR] reward=    -inf  decay_linear(cs_rank(-1 * stddev(delta(close, 1), 20)), 500)
[execution_aware] iter 44/50 [OK ] reward= -0.5983  cs_rank(-1 * stddev(delta(close, 1), 20)) + cs_rank(zscore(volume, 20))
[execution_aware] iter 45/50 [OK ] reward=  0.8920  decay_linear(cs_rank(-1 * stddev(delta(close, 1), 20)), 60)
[execution_aware] iter 46/50 [OK ] reward=  0.9012  decay_linear(cs_rank(-1 * stddev(delta(close, 1), 20)), 120)
[execution_aware] iter 47/50 [OK ] reward=  0.9195  decay_linear(cs_rank(-1 * stddev(delta(close, 1), 20)), 240)
[execution_aware] iter 48/50 [ERR] reward=    -inf  decay_linear(cs_rank(-1 * stddev(delta(close, 1), 20)), 500)
[execution_aware] iter 49/50 [OK ] reward=  0.9127  decay_linear(cs_rank(-1 * stddev(delta(close, 1), 20)), 200)
[execution_aware] iter 50/50 [ERR] reward=    -inf  decay_linear(cs_rank(-1 * stddev(delta(close, 1), 20)), 500)
[wfo:execution_aware] fold 10 winner: rank(-1 * stddev(delta(close, 1), 20))
[wfo:execution_aware] fold 10 OOS: Gross_IR=2.466 Turnover=19.12 Net_IR=1.314
[wfo:execution_aware] fold 11: train 2012-01-01..2016-12-31 -> test 2017-01-01..2017-12-31
[execution_aware] iter  0/50 [SEED] reward=  1.3394  rank(-1 * stddev(delta(close, 1), 20))
[execution_aware] iter  1/50 [OK ] reward=  1.1437  decay_linear(rank(-1 * stddev(delta(close, 1), 20)), 100)
[execution_aware] iter  2/50 [OK ] reward=  1.1486  decay_linear(rank(-1 * stddev(delta(close, 1), 20)), 200)
[execution_aware] iter  3/50 [ERR] reward=    -inf  decay_linear(rank(-1 * stddev(delta(close, 1), 20)), 400)
[execution_aware] iter  4/50 [OK ] reward=  1.1486  decay_linear(cs_rank(-1 * stddev(delta(close, 1), 20)), 200)
[execution_aware] iter  5/50 [ERR] reward=    -inf  decay_linear(cs_rank(-1 * stddev(delta(close, 1), 20)), 400)
[execution_aware] iter  6/50 [OK ] reward=  1.1437  decay_linear(cs_rank(-1 * stddev(delta(close, 1), 20)), 100)
[execution_aware] iter  7/50 [OK ] reward=  1.1486  decay_linear(cs_rank(-1 * stddev(delta(close, 1), 20)), 200)
[execution_aware] iter  8/50 [ERR] reward=    -inf  decay_linear(cs_rank(-1 * stddev(delta(close, 1), 20)), 400)
[execution_aware] iter  9/50 [OK ] reward=  1.1580  decay_linear(cs_rank(-1 * stddev(delta(close, 1), 20)), 252)
[execution_aware] iter 10/50 [ERR] reward=    -inf  decay_linear(cs_rank(-1 * stddev(delta(close, 1), 20)), 500)
[execution_aware] iter 11/50 [OK ] reward=  1.3394  rank(-1 * stddev(delta(close, 1), 20))
[execution_aware] iter 12/50 [OK ] reward=  1.1585  decay_linear(cs_rank(-1 * stddev(delta(close, 1), 20)), 60)
[execution_aware] iter 13/50 [OK ] reward=  1.1494  decay_linear(cs_rank(-1 * stddev(delta(close, 1), 20)), 120)
[execution_aware] iter 14/50 [OK ] reward=  1.1538  decay_linear(cs_rank(-1 * stddev(delta(close, 1), 20)), 240)
[execution_aware] iter 15/50 [ERR] reward=    -inf  decay_linear(cs_rank(-1 * stddev(delta(close, 1), 20)), 360)
[execution_aware] iter 16/50 [OK ] reward=  1.1580  decay_linear(cs_rank(-1 * stddev(delta(close, 1), 20)), 252)
[execution_aware] iter 17/50 [ERR] reward=    -inf  decay_linear(cs_rank(-1 * stddev(delta(close, 1), 20)), 500)
[execution_aware] iter 18/50 [OK ] reward=  1.3394  cs_rank(-1 * stddev(delta(close, 1), 20))
[execution_aware] iter 19/50 [OK ] reward=  1.1585  decay_linear(cs_rank(-1 * stddev(delta(close, 1), 20)), 60)
[execution_aware] iter 20/50 [OK ] reward=  1.1494  decay_linear(cs_rank(-1 * stddev(delta(close, 1), 20)), 120)
[execution_aware] iter 21/50 [OK ] reward=  1.1538  decay_linear(cs_rank(-1 * stddev(delta(close, 1), 20)), 240)
[execution_aware] iter 22/50 [ERR] reward=    -inf  decay_linear(cs_rank(-1 * stddev(delta(close, 1), 20)), 480)
[execution_aware] iter 23/50 [OK ] reward=  1.1580  decay_linear(cs_rank(-1 * stddev(delta(close, 1), 20)), 252)
[execution_aware] iter 24/50 [ERR] reward=    -inf  decay_linear(cs_rank(-1 * stddev(delta(close, 1), 20)), 500)
[execution_aware] iter 25/50 [OK ] reward=  1.1486  decay_linear(cs_rank(-1 * stddev(delta(close, 1), 20)), 200)
[execution_aware] iter 26/50 [ERR] reward=    -inf  decay_linear(cs_rank(-1 * stddev(delta(close, 1), 20)), 400)
[execution_aware] iter 27/50 [OK ] reward=  1.1580  decay_linear(cs_rank(-1 * stddev(delta(close, 1), 20)), 252)
[execution_aware] iter 28/50 [ERR] reward=    -inf  decay_linear(cs_rank(-1 * stddev(delta(close, 1), 20)), 500)
[execution_aware] iter 29/50 [OK ] reward=  1.2970  cs_rank(-1 * stddev(delta(close, 1), 20)) + cs_rank(volume)
[execution_aware] iter 30/50 [OK ] reward=  1.1585  decay_linear(cs_rank(-1 * stddev(delta(close, 1), 20)), 60)
[execution_aware] iter 31/50 [OK ] reward=  1.1494  decay_linear(cs_rank(-1 * stddev(delta(close, 1), 20)), 120)
[execution_aware] iter 32/50 [OK ] reward=  1.1538  decay_linear(cs_rank(-1 * stddev(delta(close, 1), 20)), 240)
[execution_aware] iter 33/50 [ERR] reward=    -inf  decay_linear(cs_rank(-1 * stddev(delta(close, 1), 20)), 480)
[execution_aware] iter 34/50 [OK ] reward=  1.1580  decay_linear(cs_rank(-1 * stddev(delta(close, 1), 20)), 252)
[execution_aware] iter 35/50 [ERR] reward=    -inf  decay_linear(cs_rank(-1 * stddev(delta(close, 1), 20)), 500)
[execution_aware] iter 36/50 [OK ] reward=  1.1580  decay_linear(cs_rank(-1 * stddev(delta(close, 1), 20)), 252)
[execution_aware] iter 37/50 [ERR] reward=    -inf  decay_linear(cs_rank(-1 * stddev(delta(close, 1), 20)), 500)
[execution_aware] iter 38/50 [OK ] reward=  1.1494  decay_linear(cs_rank(-1 * stddev(delta(close, 1), 20)), 120)
[execution_aware] iter 39/50 [OK ] reward=  1.1538  decay_linear(cs_rank(-1 * stddev(delta(close, 1), 20)), 240)
[execution_aware] iter 40/50 [ERR] reward=    -inf  decay_linear(cs_rank(-1 * stddev(delta(close, 1), 20)), 360)
[execution_aware] iter 41/50 [OK ] reward=  1.1013  rank(-1 * sma(stddev(delta(close, 1), 20), 60))
[execution_aware] iter 42/50 [OK ] reward=  1.1494  decay_linear(rank(-1 * stddev(delta(close, 1), 20)), 120)
[execution_aware] iter 43/50 [OK ] reward=  1.1538  decay_linear(rank(-1 * stddev(delta(close, 1), 20)), 240)
[execution_aware] iter 44/50 [ERR] reward=    -inf  decay_linear(rank(-1 * stddev(delta(close, 1), 20)), 360)
[execution_aware] iter 45/50 [OK ] reward=  1.1494  decay_linear(rank(-1 * stddev(delta(close, 1), 20)), 120)
[execution_aware] iter 46/50 [OK ] reward=  1.1538  decay_linear(rank(-1 * stddev(delta(close, 1), 20)), 240)
[execution_aware] iter 47/50 [ERR] reward=    -inf  decay_linear(rank(-1 * stddev(delta(close, 1), 20)), 360)
[execution_aware] iter 48/50 [OK ] reward=  1.3394  rank(-1 * stddev(delta(close, 1), 20))
[execution_aware] iter 49/50 [OK ] reward=  1.1580  decay_linear(rank(-1 * stddev(delta(close, 1), 20)), 252)
[execution_aware] iter 50/50 [ERR] reward=    -inf  decay_linear(rank(-1 * stddev(delta(close, 1), 20)), 500)
[wfo:execution_aware] fold 11 winner: rank(-1 * stddev(delta(close, 1), 20))
[wfo:execution_aware] fold 11 OOS: Gross_IR=0.999 Turnover=18.81 Net_IR=-0.436
[wfo:execution_aware] fold 12: train 2013-01-01..2017-12-31 -> test 2018-01-01..2018-12-31
[execution_aware] iter  0/50 [SEED] reward=  1.2044  rank(-1 * stddev(delta(close, 1), 20))
[execution_aware] iter  1/50 [OK ] reward=  0.9255  decay_linear(rank(-1 * stddev(delta(close, 1), 20)), 60)
[execution_aware] iter  2/50 [OK ] reward=  0.9226  decay_linear(rank(-1 * stddev(delta(close, 1), 20)), 120)
[execution_aware] iter  3/50 [OK ] reward=  0.9544  decay_linear(rank(-1 * stddev(delta(close, 1), 20)), 240)
[execution_aware] iter  4/50 [ERR] reward=    -inf  decay_linear(rank(-1 * stddev(delta(close, 1), 20)), 500)
[execution_aware] iter  5/50 [OK ] reward=  0.9144  decay_linear(cs_rank(-1 * stddev(delta(close, 1), 20)), 100)
[execution_aware] iter  6/50 [OK ] reward=  0.9436  decay_linear(cs_rank(-1 * stddev(delta(close, 1), 20)), 200)
[execution_aware] iter  7/50 [ERR] reward=    -inf  decay_linear(cs_rank(-1 * stddev(delta(close, 1), 20)), 500)
[execution_aware] iter  8/50 [OK ] reward=  0.9591  decay_linear(cs_rank(-1 * stddev(delta(close, 1), 20)), 252)
[execution_aware] iter  9/50 [ERR] reward=    -inf  decay_linear(cs_rank(-1 * stddev(delta(close, 1), 20)), 500)
[execution_aware] iter 10/50 [OK ] reward=  0.9436  decay_linear(cs_rank(-1 * stddev(delta(close, 1), 20)), 200)
[execution_aware] iter 11/50 [ERR] reward=    -inf  decay_linear(cs_rank(-1 * stddev(delta(close, 1), 20)), 300)
[execution_aware] iter 12/50 [OK ] reward=  1.0226  rank(-1 * stddev(delta(close, 1), 20) / (volume + 1e-5))
[execution_aware] iter 13/50 [OK ] reward=  0.9255  decay_linear(rank(-1 * stddev(delta(close, 1), 20)), 60)
[execution_aware] iter 14/50 [OK ] reward=  0.9226  decay_linear(rank(-1 * stddev(delta(close, 1), 20)), 120)
[execution_aware] iter 15/50 [OK ] reward=  0.9544  decay_linear(rank(-1 * stddev(delta(close, 1), 20)), 240)
[execution_aware] iter 16/50 [ERR] reward=    -inf  decay_linear(rank(-1 * stddev(delta(close, 1), 20)), 500)
[execution_aware] iter 17/50 [OK ] reward= -0.3391  rank(-1 * sma(delta(close, 1), 20))
[execution_aware] iter 18/50 [OK ] reward=  0.9255  decay_linear(rank(-1 * stddev(delta(close, 1), 20)), 60)
[execution_aware] iter 19/50 [OK ] reward=  0.9226  decay_linear(rank(-1 * stddev(delta(close, 1), 20)), 120)
[execution_aware] iter 20/50 [OK ] reward=  0.9544  decay_linear(rank(-1 * stddev(delta(close, 1), 20)), 240)
[execution_aware] iter 21/50 [ERR] reward=    -inf  decay_linear(rank(-1 * stddev(delta(close, 1), 20)), 500)
[execution_aware] iter 22/50 [OK ] reward=  0.9591  decay_linear(rank(-1 * stddev(delta(close, 1), 20)), 252)
[execution_aware] iter 23/50 [ERR] reward=    -inf  decay_linear(rank(-1 * stddev(delta(close, 1), 20)), 500)
[execution_aware] iter 24/50 [OK ] reward=  0.9436  decay_linear(cs_rank(-1 * stddev(delta(close, 1), 20)), 200)
[execution_aware] iter 25/50 [ERR] reward=    -inf  decay_linear(cs_rank(-1 * stddev(delta(close, 1), 20)), 400)
[execution_aware] iter 26/50 [OK ] reward=  0.9591  decay_linear(cs_rank(-1 * stddev(delta(close, 1), 20)), 252)
[execution_aware] iter 27/50 [ERR] reward=    -inf  decay_linear(cs_rank(-1 * stddev(delta(close, 1), 20)), 500)
[execution_aware] iter 28/50 [OK ] reward=  0.9591  decay_linear(cs_rank(-1 * stddev(delta(close, 1), 20)), 252)
[execution_aware] iter 29/50 [ERR] reward=    -inf  decay_linear(cs_rank(-1 * stddev(delta(close, 1), 20)), 504)
[execution_aware] iter 30/50 [OK ] reward=  0.9226  decay_linear(cs_rank(-1 * stddev(delta(close, 1), 20)), 120)
[execution_aware] iter 31/50 [OK ] reward=  0.9544  decay_linear(cs_rank(-1 * stddev(delta(close, 1), 20)), 240)
[execution_aware] iter 32/50 [ERR] reward=    -inf  decay_linear(cs_rank(-1 * stddev(delta(close, 1), 20)), 480)
[execution_aware] iter 33/50 [OK ] reward=  0.9591  decay_linear(cs_rank(-1 * stddev(delta(close, 1), 20)), 252)
[execution_aware] iter 34/50 [ERR] reward=    -inf  decay_linear(cs_rank(-1 * stddev(delta(close, 1), 20)), 500)
[execution_aware] iter 35/50 [OK ] reward=  0.9591  decay_linear(cs_rank(-1 * stddev(delta(close, 1), 20)), 252)
[execution_aware] iter 36/50 [ERR] reward=    -inf  decay_linear(cs_rank(-1 * stddev(delta(close, 1), 20)), 500)
[execution_aware] iter 37/50 [OK ] reward=  1.2044  cs_rank(-1 * stddev(delta(close, 1), 20))
[execution_aware] iter 38/50 [OK ] reward=  0.9226  decay_linear(cs_rank(-1 * stddev(delta(close, 1), 20)), 120)
[execution_aware] iter 39/50 [OK ] reward=  0.9544  decay_linear(cs_rank(-1 * stddev(delta(close, 1), 20)), 240)
[execution_aware] iter 40/50 [ERR] reward=    -inf  decay_linear(cs_rank(-1 * stddev(delta(close, 1), 20)), 360)
[execution_aware] iter 41/50 [OK ] reward=  0.9226  decay_linear(cs_rank(-1 * stddev(delta(close, 1), 20)), 120)
[execution_aware] iter 42/50 [OK ] reward=  0.9544  decay_linear(cs_rank(-1 * stddev(delta(close, 1), 20)), 240)
[execution_aware] iter 43/50 [ERR] reward=    -inf  decay_linear(cs_rank(-1 * stddev(delta(close, 1), 20)), 500)
[execution_aware] iter 44/50 [OK ] reward=  1.2044  rank(-1 * stddev(delta(close, 1), 20))
[execution_aware] iter 45/50 [OK ] reward=  0.9255  decay_linear(rank(-1 * stddev(delta(close, 1), 20)), 60)
[execution_aware] iter 46/50 [OK ] reward=  0.9226  decay_linear(rank(-1 * stddev(delta(close, 1), 20)), 120)
[execution_aware] iter 47/50 [OK ] reward=  0.9544  decay_linear(rank(-1 * stddev(delta(close, 1), 20)), 240)
[execution_aware] iter 48/50 [ERR] reward=    -inf  decay_linear(rank(-1 * stddev(delta(close, 1), 20)), 500)
[execution_aware] iter 49/50 [OK ] reward=  0.9591  decay_linear(cs_rank(-1 * stddev(delta(close, 1), 20)), 252)
[execution_aware] iter 50/50 [ERR] reward=    -inf  decay_linear(cs_rank(-1 * stddev(delta(close, 1), 20)), 500)
[wfo:execution_aware] fold 12 winner: rank(-1 * stddev(delta(close, 1), 20))
[wfo:execution_aware] fold 12 OOS: Gross_IR=0.501 Turnover=17.00 Net_IR=-0.547
[wfo:execution_aware] fold 13: train 2014-01-01..2018-12-31 -> test 2019-01-01..2019-12-31
[execution_aware] iter  0/50 [SEED] reward=  0.8192  rank(-1 * stddev(delta(close, 1), 20))
[execution_aware] iter  1/50 [OK ] reward=  0.6111  decay_linear(rank(-1 * stddev(delta(close, 1), 20)), 60)
[execution_aware] iter  2/50 [OK ] reward=  0.6147  decay_linear(rank(-1 * stddev(delta(close, 1), 20)), 120)
[execution_aware] iter  3/50 [OK ] reward=  0.6235  decay_linear(rank(-1 * stddev(delta(close, 1), 20)), 240)
[execution_aware] iter  4/50 [ERR] reward=    -inf  decay_linear(rank(-1 * stddev(delta(close, 1), 20)), 500)
[execution_aware] iter  5/50 [OK ] reward=  0.8192  cs_rank(-1 * stddev(delta(close, 1), 20))
[execution_aware] iter  6/50 [OK ] reward=  0.6111  decay_linear(cs_rank(-1 * stddev(delta(close, 1), 20)), 60)
[execution_aware] iter  7/50 [OK ] reward=  0.6147  decay_linear(cs_rank(-1 * stddev(delta(close, 1), 20)), 120)
[execution_aware] iter  8/50 [OK ] reward=  0.6235  decay_linear(cs_rank(-1 * stddev(delta(close, 1), 20)), 240)
[execution_aware] iter  9/50 [ERR] reward=    -inf  decay_linear(cs_rank(-1 * stddev(delta(close, 1), 20)), 500)
[execution_aware] iter 10/50 [OK ] reward=  0.6258  decay_linear(cs_rank(-1 * stddev(delta(close, 1), 20)), 252)
[execution_aware] iter 11/50 [ERR] reward=    -inf  decay_linear(cs_rank(-1 * stddev(delta(close, 1), 20)), 500)
[execution_aware] iter 12/50 [OK ] reward=  0.6258  decay_linear(cs_rank(-1 * stddev(delta(close, 1), 20)), 252)
[execution_aware] iter 13/50 [ERR] reward=    -inf  decay_linear(cs_rank(-1 * stddev(delta(close, 1), 20)), 500)
[execution_aware] iter 14/50 [OK ] reward=  0.6258  decay_linear(cs_rank(-1 * stddev(delta(close, 1), 20)), 252)
[execution_aware] iter 15/50 [ERR] reward=    -inf  decay_linear(cs_rank(-1 * stddev(delta(close, 1), 20)), 500)
[execution_aware] iter 16/50 [OK ] reward=  0.6258  decay_linear(cs_rank(-1 * stddev(delta(close, 1), 20)), 252)
[execution_aware] iter 17/50 [ERR] reward=    -inf  decay_linear(cs_rank(-1 * stddev(delta(close, 1), 20)), 504)
[execution_aware] iter 18/50 [OK ] reward=  0.6258  decay_linear(cs_rank(-1 * stddev(delta(close, 1), 20)), 252)
[execution_aware] iter 19/50 [ERR] reward=    -inf  decay_linear(cs_rank(-1 * stddev(delta(close, 1), 20)), 500)
[execution_aware] iter 20/50 [OK ] reward=  0.6258  decay_linear(cs_rank(-1 * stddev(delta(close, 1), 20)), 252)
[execution_aware] iter 21/50 [ERR] reward=    -inf  decay_linear(cs_rank(-1 * stddev(delta(close, 1), 20)), 500)
[execution_aware] iter 22/50 [OK ] reward=  0.6258  decay_linear(cs_rank(-1 * stddev(delta(close, 1), 20)), 252)
[execution_aware] iter 23/50 [ERR] reward=    -inf  decay_linear(cs_rank(-1 * stddev(delta(close, 1), 20)), 500)
[execution_aware] iter 24/50 [OK ] reward=  0.6104  decay_linear(cs_rank(-1 * stddev(delta(close, 1), 20)), 100)
[execution_aware] iter 25/50 [OK ] reward=  0.6234  decay_linear(cs_rank(-1 * stddev(delta(close, 1), 20)), 200)
[execution_aware] iter 26/50 [ERR] reward=    -inf  decay_linear(cs_rank(-1 * stddev(delta(close, 1), 20)), 500)
[execution_aware] iter 27/50 [OK ] reward=  0.6258  decay_linear(cs_rank(-1 * stddev(delta(close, 1), 20)), 252)
[execution_aware] iter 28/50 [ERR] reward=    -inf  decay_linear(cs_rank(-1 * stddev(delta(close, 1), 20)), 500)
[execution_aware] iter 29/50 [OK ] reward=  0.6258  decay_linear(cs_rank(-1 * stddev(delta(close, 1), 20)), 252)
[execution_aware] iter 30/50 [ERR] reward=    -inf  decay_linear(cs_rank(-1 * stddev(delta(close, 1), 20)), 500)
[execution_aware] iter 31/50 [OK ] reward=  0.6282  decay_linear(cs_rank(-1 * stddev(delta(close, 1), 20)), 250)
[execution_aware] iter 32/50 [ERR] reward=    -inf  decay_linear(cs_rank(-1 * stddev(delta(close, 1), 20)), 500)
[execution_aware] iter 33/50 [OK ] reward=  0.6258  decay_linear(cs_rank(-1 * stddev(delta(close, 1), 20)), 252)
[execution_aware] iter 34/50 [ERR] reward=    -inf  decay_linear(cs_rank(-1 * stddev(delta(close, 1), 20)), 500)
[execution_aware] iter 35/50 [OK ] reward=  0.6282  decay_linear(cs_rank(-1 * stddev(delta(close, 1), 20)), 250)
[execution_aware] iter 36/50 [ERR] reward=    -inf  decay_linear(cs_rank(-1 * stddev(delta(close, 1), 20)), 500)
[execution_aware] iter 37/50 [OK ] reward=  0.6258  decay_linear(cs_rank(-1 * stddev(delta(close, 1), 20)), 252)
[execution_aware] iter 38/50 [ERR] reward=    -inf  decay_linear(cs_rank(-1 * stddev(delta(close, 1), 20)), 500)
[execution_aware] iter 39/50 [OK ] reward=  0.6147  decay_linear(cs_rank(-1 * stddev(delta(close, 1), 20)), 120)
[execution_aware] iter 40/50 [OK ] reward=  0.6258  decay_linear(cs_rank(-1 * stddev(delta(close, 1), 20)), 252)
[execution_aware] iter 41/50 [ERR] reward=    -inf  decay_linear(cs_rank(-1 * stddev(delta(close, 1), 20)), 500)
[execution_aware] iter 42/50 [OK ] reward=  0.6258  decay_linear(cs_rank(-1 * stddev(delta(close, 1), 20)), 252)
[execution_aware] iter 43/50 [ERR] reward=    -inf  decay_linear(cs_rank(-1 * stddev(delta(close, 1), 20)), 504)
[execution_aware] iter 44/50 [OK ] reward=  0.6258  decay_linear(cs_rank(-1 * stddev(delta(close, 1), 20)), 252)
[execution_aware] iter 45/50 [ERR] reward=    -inf  decay_linear(cs_rank(-1 * stddev(delta(close, 1), 20)), 500)
[execution_aware] iter 46/50 [OK ] reward=  0.6258  decay_linear(cs_rank(-1 * stddev(delta(close, 1), 20)), 252)
[execution_aware] iter 47/50 [ERR] reward=    -inf  decay_linear(cs_rank(-1 * stddev(delta(close, 1), 20)), 500)
[execution_aware] iter 48/50 [OK ] reward=  0.6258  decay_linear(cs_rank(-1 * stddev(delta(close, 1), 20)), 252)
[execution_aware] iter 49/50 [ERR] reward=    -inf  decay_linear(cs_rank(-1 * stddev(delta(close, 1), 20)), 500)
[execution_aware] iter 50/50 [OK ] reward=  0.6565  rank(-1 * stddev(delta(close, 1), 20)) + rank(volume / (volume + 1e-5))
[wfo:execution_aware] fold 13 winner: rank(-1 * stddev(delta(close, 1), 20))
[wfo:execution_aware] fold 13 OOS: Gross_IR=0.407 Turnover=15.62 Net_IR=-0.615
[wfo:execution_aware] fold 14: train 2015-01-01..2019-12-31 -> test 2020-01-01..2020-12-31
[execution_aware] iter  0/50 [SEED] reward=  0.8016  rank(-1 * stddev(delta(close, 1), 20))
[execution_aware] iter  1/50 [OK ] reward=  0.7325  decay_linear(cs_rank(-1 * stddev(delta(close, 1), 20)), 120)
[execution_aware] iter  2/50 [OK ] reward=  0.7327  decay_linear(cs_rank(-1 * stddev(delta(close, 1), 20)), 240)
[execution_aware] iter  3/50 [ERR] reward=    -inf  decay_linear(cs_rank(-1 * stddev(delta(close, 1), 20)), 500)
[execution_aware] iter  4/50 [OK ] reward=  0.7309  decay_linear(cs_rank(-1 * stddev(delta(close, 1), 20)), 100)
[execution_aware] iter  5/50 [OK ] reward=  0.7306  decay_linear(cs_rank(-1 * stddev(delta(close, 1), 20)), 200)
[execution_aware] iter  6/50 [ERR] reward=    -inf  decay_linear(cs_rank(-1 * stddev(delta(close, 1), 20)), 400)
[execution_aware] iter  7/50 [OK ] reward=  0.7306  decay_linear(cs_rank(-1 * stddev(delta(close, 1), 20)), 200)
[execution_aware] iter  8/50 [ERR] reward=    -inf  decay_linear(cs_rank(-1 * stddev(delta(close, 1), 20)), 500)
[execution_aware] iter  9/50 [OK ] reward=  0.5913  cs_rank(-1 * stddev(delta(close, 1), 20)) + decay_linear(cs_rank(-1 * stddev(delta(close, 1), 20)), 200)
[execution_aware] iter 10/50 [OK ] reward=  0.5969  cs_rank(-1 * stddev(delta(close, 1), 20)) + decay_linear(cs_rank(-1 * stddev(delta(close, 1), 20)), 252)
[execution_aware] iter 11/50 [OK ] reward=  0.5946  cs_rank(-1 * stddev(delta(close, 1), 20)) + decay_linear(cs_rank(-1 * stddev(delta(close, 1), 20)), 180)
[execution_aware] iter 12/50 [OK ] reward=  0.5969  cs_rank(-1 * stddev(delta(close, 1), 20)) + decay_linear(cs_rank(-1 * stddev(delta(close, 1), 20)), 252)
[execution_aware] iter 13/50 [ERR] reward=    -inf  cs_rank(-1 * stddev(delta(close, 1), 20)) + decay_linear(cs_rank(-1 * stddev(delta(close, 1), 20)), 500)
[execution_aware] iter 14/50 [OK ] reward=  0.5913  cs_rank(-1 * stddev(delta(close, 1), 20)) + decay_linear(cs_rank(-1 * stddev(delta(close, 1), 20)), 200)
[execution_aware] iter 15/50 [ERR] reward=    -inf  rank(-1 * stddev(delta(close, 1), 20)) + decay_linear(rank(-1 * stddev(delta(close, 1), 20)), 500)
[execution_aware] iter 16/50 [OK ] reward=  0.5969  rank(-1 * stddev(delta(close, 1), 20)) + decay_linear(rank(-1 * stddev(delta(close, 1), 20)), 252)
[execution_aware] iter 17/50 [OK ] reward=  0.5888  rank(-1 * stddev(delta(close, 1), 20)) + decay_linear(rank(-1 * stddev(delta(close, 1), 20)), 100)
[execution_aware] iter 18/50 [OK ] reward=  0.5969  rank(-1 * stddev(delta(close, 1), 20)) + decay_linear(rank(-1 * stddev(delta(close, 1), 20)), 252)
[execution_aware] iter 19/50 [ERR] reward=    -inf  rank(-1 * stddev(delta(close, 1), 20)) + decay_linear(rank(-1 * stddev(delta(close, 1), 20)), 504)
[execution_aware] iter 20/50 [OK ] reward=  0.5969  rank(-1 * stddev(delta(close, 1), 20)) + decay_linear(rank(-1 * stddev(delta(close, 1), 20)), 252)
[execution_aware] iter 21/50 [ERR] reward=    -inf  rank(-1 * stddev(delta(close, 1), 20)) + decay_linear(rank(-1 * stddev(delta(close, 1), 20)), 500)
[execution_aware] iter 22/50 [OK ] reward=  0.5969  rank(-1 * stddev(delta(close, 1), 20)) + decay_linear(rank(-1 * stddev(delta(close, 1), 20)), 252)
[execution_aware] iter 23/50 [ERR] reward=    -inf  rank(-1 * stddev(delta(close, 1), 20)) + decay_linear(rank(-1 * stddev(delta(close, 1), 20)), 504)
[execution_aware] iter 24/50 [OK ] reward=  0.5969  rank(-1 * stddev(delta(close, 1), 20)) + decay_linear(rank(-1 * stddev(delta(close, 1), 20)), 252)
[execution_aware] iter 25/50 [ERR] reward=    -inf  rank(-1 * stddev(delta(close, 1), 20)) + decay_linear(rank(-1 * stddev(delta(close, 1), 20)), 500)
[execution_aware] iter 26/50 [OK ] reward=  0.5913  rank(-1 * stddev(delta(close, 1), 20)) + decay_linear(rank(-1 * stddev(delta(close, 1), 20)), 200)
[execution_aware] iter 27/50 [ERR] reward=    -inf  rank(-1 * stddev(delta(close, 1), 20)) + decay_linear(rank(-1 * stddev(delta(close, 1), 20)), 500)
[execution_aware] iter 28/50 [OK ] reward=  0.5969  cs_rank(-1 * stddev(delta(close, 1), 20)) + decay_linear(cs_rank(-1 * stddev(delta(close, 1), 20)), 252)
[execution_aware] iter 29/50 [ERR] reward=    -inf  cs_rank(-1 * stddev(delta(close, 1), 20)) + decay_linear(cs_rank(-1 * stddev(delta(close, 1), 20)), 500)
[execution_aware] iter 30/50 [OK ] reward=  0.5969  cs_rank(-1 * stddev(delta(close, 1), 20)) + decay_linear(cs_rank(-1 * stddev(delta(close, 1), 20)), 252)
[execution_aware] iter 31/50 [ERR] reward=    -inf  cs_rank(-1 * stddev(delta(close, 1), 20)) + decay_linear(cs_rank(-1 * stddev(delta(close, 1), 20)), 500)
[execution_aware] iter 32/50 [OK ] reward=  0.5969  cs_rank(-1 * stddev(delta(close, 1), 20)) + decay_linear(cs_rank(-1 * stddev(delta(close, 1), 20)), 252)
[execution_aware] iter 33/50 [OK ] reward=  0.5888  cs_rank(-1 * stddev(delta(close, 1), 20)) + decay_linear(cs_rank(-1 * stddev(delta(close, 1), 20)), 100)
[execution_aware] iter 34/50 [OK ] reward=  0.5913  cs_rank(-1 * stddev(delta(close, 1), 20)) + decay_linear(cs_rank(-1 * stddev(delta(close, 1), 20)), 200)
[execution_aware] iter 35/50 [OK ] reward=  0.8016  cs_rank(-1 * stddev(delta(close, 1), 20))
[execution_aware] iter 36/50 [OK ] reward=  0.7325  decay_linear(cs_rank(-1 * stddev(delta(close, 1), 20)), 120)
[execution_aware] iter 37/50 [OK ] reward=  0.7327  decay_linear(cs_rank(-1 * stddev(delta(close, 1), 20)), 240)
[execution_aware] iter 38/50 [ERR] reward=    -inf  decay_linear(cs_rank(-1 * stddev(delta(close, 1), 20)), 480)
[execution_aware] iter 39/50 [OK ] reward=  0.7347  decay_linear(cs_rank(-1 * stddev(delta(close, 1), 20)), 252)
[execution_aware] iter 40/50 [ERR] reward=    -inf  decay_linear(cs_rank(-1 * stddev(delta(close, 1), 20)), 500)
[execution_aware] iter 41/50 [OK ] reward=  0.7347  decay_linear(cs_rank(-1 * stddev(delta(close, 1), 20)), 252)
[execution_aware] iter 42/50 [ERR] reward=    -inf  decay_linear(cs_rank(-1 * stddev(delta(close, 1), 20)), 500)
[execution_aware] iter 43/50 [OK ] reward=  0.7347  decay_linear(cs_rank(-1 * stddev(delta(close, 1), 20)), 252)
[execution_aware] iter 44/50 [ERR] reward=    -inf  decay_linear(cs_rank(-1 * stddev(delta(close, 1), 20)), 500)
[execution_aware] iter 45/50 [OK ] reward=  0.9879  cs_rank(-1 * stddev(delta(close, 1), 20)) + decay_linear(cs_rank(volume), 200)
[execution_aware] iter 46/50 [ERR] reward=    -inf  cs_rank(-1 * stddev(delta(close, 1), 20)) + decay_linear(cs_rank(volume), 400)
[execution_aware] iter 47/50 [OK ] reward=  0.9795  cs_rank(-1 * stddev(delta(close, 1), 20)) + decay_linear(cs_rank(volume), 252)
[execution_aware] iter 48/50 [ERR] reward=    -inf  cs_rank(-1 * stddev(delta(close, 1), 20)) + decay_linear(cs_rank(volume), 500)
[execution_aware] iter 49/50 [OK ] reward=  1.0007  cs_rank(-1 * stddev(delta(close, 1), 20)) + decay_linear(cs_rank(volume), 100)
[execution_aware] iter 50/50 [OK ] reward=  0.9879  cs_rank(-1 * stddev(delta(close, 1), 20)) + decay_linear(cs_rank(volume), 200)
[wfo:execution_aware] fold 14 winner: cs_rank(-1 * stddev(delta(close, 1), 20)) + decay_linear(cs_rank(volume), 100)
[wfo:execution_aware] fold 14 OOS: Gross_IR=0.302 Turnover=9.17 Net_IR=-0.002
[wfo:execution_aware] fold 15: train 2016-01-01..2020-12-31 -> test 2021-01-01..2021-12-31
[execution_aware] iter  0/50 [SEED] reward=  0.5312  rank(-1 * stddev(delta(close, 1), 20))
[execution_aware] iter  1/50 [OK ] reward=  0.5086  decay_linear(rank(-1 * stddev(delta(close, 1), 20)), 60)
[execution_aware] iter  2/50 [OK ] reward=  0.4639  decay_linear(rank(-1 * stddev(delta(close, 1), 20)), 120)
[execution_aware] iter  3/50 [OK ] reward=  0.4165  decay_linear(rank(-1 * stddev(delta(close, 1), 20)), 240)
[execution_aware] iter  4/50 [ERR] reward=    -inf  decay_linear(rank(-1 * stddev(delta(close, 1), 20)), 500)
[execution_aware] iter  5/50 [OK ] reward=  0.4150  decay_linear(rank(-1 * stddev(delta(close, 1), 20)), 252)
[execution_aware] iter  6/50 [ERR] reward=    -inf  decay_linear(rank(-1 * stddev(delta(close, 1), 20)), 500)
[execution_aware] iter  7/50 [OK ] reward=  0.4784  decay_linear(cs_rank(-1 * stddev(delta(close, 1), 20)), 100)
[execution_aware] iter  8/50 [OK ] reward=  0.4237  decay_linear(cs_rank(-1 * stddev(delta(close, 1), 20)), 200)
[execution_aware] iter  9/50 [ERR] reward=    -inf  decay_linear(cs_rank(-1 * stddev(delta(close, 1), 20)), 500)
[execution_aware] iter 10/50 [OK ] reward=  0.4151  decay_linear(cs_rank(-1 * stddev(delta(close, 1), 20)), 250)
[execution_aware] iter 11/50 [ERR] reward=    -inf  decay_linear(cs_rank(-1 * stddev(delta(close, 1), 20)), 500)
[execution_aware] iter 12/50 [OK ] reward= -0.0689  cs_rank(-1 * stddev(delta(close, 1), 20)) + cs_rank(-1 * ts_rank(close, 60))
[execution_aware] iter 13/50 [OK ] reward=  0.5086  decay_linear(cs_rank(-1 * stddev(delta(close, 1), 20)), 60)
[execution_aware] iter 14/50 [OK ] reward=  0.4639  decay_linear(cs_rank(-1 * stddev(delta(close, 1), 20)), 120)
[execution_aware] iter 15/50 [OK ] reward=  0.4165  decay_linear(cs_rank(-1 * stddev(delta(close, 1), 20)), 240)
[execution_aware] iter 16/50 [ERR] reward=    -inf  decay_linear(cs_rank(-1 * stddev(delta(close, 1), 20)), 360)
[execution_aware] iter 17/50 [OK ] reward=  0.4237  decay_linear(cs_rank(-1 * stddev(delta(close, 1), 20)), 200)
[execution_aware] iter 18/50 [ERR] reward=    -inf  decay_linear(cs_rank(-1 * stddev(delta(close, 1), 20)), 500)
[execution_aware] iter 19/50 [OK ] reward=  0.4784  decay_linear(cs_rank(-1 * stddev(delta(close, 1), 20)), 100)
[execution_aware] iter 20/50 [OK ] reward=  0.4237  decay_linear(cs_rank(-1 * stddev(delta(close, 1), 20)), 200)
[execution_aware] iter 21/50 [ERR] reward=    -inf  decay_linear(cs_rank(-1 * stddev(delta(close, 1), 20)), 500)
[execution_aware] iter 22/50 [OK ] reward=  0.5312  cs_rank(-1 * stddev(delta(close, 1), 20))
[execution_aware] iter 23/50 [OK ] reward=  0.5086  decay_linear(cs_rank(-1 * stddev(delta(close, 1), 20)), 60)
[execution_aware] iter 24/50 [OK ] reward=  0.4639  decay_linear(cs_rank(-1 * stddev(delta(close, 1), 20)), 120)
[execution_aware] iter 25/50 [OK ] reward=  0.4165  decay_linear(cs_rank(-1 * stddev(delta(close, 1), 20)), 240)
[execution_aware] iter 26/50 [ERR] reward=    -inf  decay_linear(cs_rank(-1 * stddev(delta(close, 1), 20)), 360)
[execution_aware] iter 27/50 [OK ] reward=  0.4150  decay_linear(cs_rank(-1 * stddev(delta(close, 1), 20)), 252)
[execution_aware] iter 28/50 [ERR] reward=    -inf  decay_linear(cs_rank(-1 * stddev(delta(close, 1), 20)), 500)
[execution_aware] iter 29/50 [OK ] reward=  0.4150  decay_linear(cs_rank(-1 * stddev(delta(close, 1), 20)), 252)
[execution_aware] iter 30/50 [ERR] reward=    -inf  decay_linear(cs_rank(-1 * stddev(delta(close, 1), 20)), 500)
[execution_aware] iter 31/50 [OK ] reward=  0.4237  decay_linear(cs_rank(-1 * stddev(delta(close, 1), 20)), 200)
[execution_aware] iter 32/50 [ERR] reward=    -inf  decay_linear(cs_rank(-1 * stddev(delta(close, 1), 20)), 400)
[execution_aware] iter 33/50 [OK ] reward=  0.4150  decay_linear(cs_rank(-1 * stddev(delta(close, 1), 20)), 252)
[execution_aware] iter 34/50 [ERR] reward=    -inf  decay_linear(cs_rank(-1 * stddev(delta(close, 1), 20)), 500)
[execution_aware] iter 35/50 [OK ] reward=  0.4237  decay_linear(cs_rank(-1 * stddev(delta(close, 1), 20)), 200)
[execution_aware] iter 36/50 [ERR] reward=    -inf  decay_linear(cs_rank(-1 * stddev(delta(close, 1), 20)), 500)
[execution_aware] iter 37/50 [OK ] reward=  0.4639  decay_linear(cs_rank(-1 * stddev(delta(close, 1), 20)), 120)
[execution_aware] iter 38/50 [OK ] reward=  0.4165  decay_linear(cs_rank(-1 * stddev(delta(close, 1), 20)), 240)
[execution_aware] iter 39/50 [ERR] reward=    -inf  decay_linear(cs_rank(-1 * stddev(delta(close, 1), 20)), 480)
[execution_aware] iter 40/50 [OK ] reward=  0.4441  cs_rank(-1 * stddev(delta(close, 1), 20)) + cs_rank(volume / (volume + 1e-5))
[execution_aware] iter 41/50 [OK ] reward=  0.4639  decay_linear(cs_rank(-1 * stddev(delta(close, 1), 20)), 120)
[execution_aware] iter 42/50 [OK ] reward=  0.4165  decay_linear(cs_rank(-1 * stddev(delta(close, 1), 20)), 240)
[execution_aware] iter 43/50 [ERR] reward=    -inf  decay_linear(cs_rank(-1 * stddev(delta(close, 1), 20)), 480)
[execution_aware] iter 44/50 [OK ] reward=  0.4639  decay_linear(cs_rank(-1 * stddev(delta(close, 1), 20)), 120)
[execution_aware] iter 45/50 [OK ] reward=  0.4165  decay_linear(cs_rank(-1 * stddev(delta(close, 1), 20)), 240)
[execution_aware] iter 46/50 [ERR] reward=    -inf  decay_linear(cs_rank(-1 * stddev(delta(close, 1), 20)), 360)
[execution_aware] iter 47/50 [OK ] reward=  0.5117  cs_rank(-1 * stddev(delta(close, 1), 20)) + decay_linear(ts_rank(volume, 60), 60)
[execution_aware] iter 48/50 [OK ] reward=  0.5172  cs_rank(-1 * stddev(delta(close, 1), 20)) + decay_linear(ts_rank(volume, 120), 120)
[execution_aware] iter 49/50 [OK ] reward=  0.5308  cs_rank(-1 * stddev(delta(close, 1), 20)) + decay_linear(ts_rank(volume, 120), 240)
[execution_aware] iter 50/50 [OK ] reward=  0.7808  cs_rank(-1 * stddev(delta(close, 1), 20)) + decay_linear(cs_rank(volume), 240)
[wfo:execution_aware] fold 15 winner: cs_rank(-1 * stddev(delta(close, 1), 20)) + decay_linear(cs_rank(volume), 240)
[wfo:execution_aware] fold 15 OOS: Gross_IR=0.847 Turnover=9.03 Net_IR=0.441
[wfo:execution_aware] fold 16: train 2017-01-01..2021-12-31 -> test 2022-01-01..2022-12-31
[execution_aware] iter  0/50 [SEED] reward=  0.2826  rank(-1 * stddev(delta(close, 1), 20))
[execution_aware] iter  1/50 [OK ] reward=  0.2935  decay_linear(rank(-1 * stddev(delta(close, 1), 20)), 120)
[execution_aware] iter  2/50 [OK ] reward=  0.2142  decay_linear(cs_rank(-1 * stddev(delta(close, 1), 40)), 240)
[execution_aware] iter  3/50 [OK ] reward=  0.2363  decay_linear(cs_rank(-1 * stddev(delta(close, 1), 20)), 240)
[execution_aware] iter  4/50 [OK ] reward=  0.1283  decay_linear(ts_rank(-1 * stddev(delta(close, 1), 20), 252), 240)
[execution_aware] iter  5/50 [OK ] reward=  0.2363  decay_linear(cs_rank(-1 * stddev(delta(close, 1), 20)), 240)
[execution_aware] iter  6/50 [ERR] reward=    -inf  decay_linear(cs_rank(-1 * stddev(delta(close, 1), 20)), 480)
[execution_aware] iter  7/50 [OK ] reward=  0.2935  decay_linear(cs_rank(-1 * stddev(delta(close, 1), 20)), 120)
[execution_aware] iter  8/50 [OK ] reward=  0.2363  decay_linear(cs_rank(-1 * stddev(delta(close, 1), 20)), 240)
[execution_aware] iter  9/50 [ERR] reward=    -inf  decay_linear(cs_rank(-1 * stddev(delta(close, 1), 20)), 360)
[execution_aware] iter 10/50 [OK ] reward=  0.2935  decay_linear(cs_rank(-1 * stddev(delta(close, 1), 20)), 120)
[execution_aware] iter 11/50 [OK ] reward=  0.2363  decay_linear(cs_rank(-1 * stddev(delta(close, 1), 20)), 240)
[execution_aware] iter 12/50 [ERR] reward=    -inf  decay_linear(cs_rank(-1 * stddev(delta(close, 1), 20)), 360)
[execution_aware] iter 13/50 [OK ] reward=  0.2935  decay_linear(cs_rank(-1 * stddev(delta(close, 1), 20)), 120)
[execution_aware] iter 14/50 [OK ] reward=  0.2142  decay_linear(cs_rank(-1 * stddev(delta(close, 1), 40)), 240)
[execution_aware] iter 15/50 [OK ] reward=  0.2363  decay_linear(cs_rank(-1 * stddev(delta(close, 1), 20)), 240)
[execution_aware] iter 16/50 [OK ] reward=  0.2363  decay_linear(cs_rank(-1 * stddev(delta(close, 1), 20)), 240)
[execution_aware] iter 17/50 [ERR] reward=    -inf  decay_linear(cs_rank(-1 * stddev(delta(close, 1), 30)), 360)
[execution_aware] iter 18/50 [OK ] reward=  0.2935  decay_linear(cs_rank(-1 * stddev(delta(close, 1), 20)), 120)
[execution_aware] iter 19/50 [OK ] reward=  0.2363  decay_linear(cs_rank(-1 * stddev(delta(close, 1), 20)), 240)
[execution_aware] iter 20/50 [ERR] reward=    -inf  decay_linear(cs_rank(-1 * stddev(delta(close, 1), 20)), 360)
[execution_aware] iter 21/50 [OK ] reward=  0.2935  decay_linear(cs_rank(-1 * stddev(delta(close, 1), 20)), 120)
[execution_aware] iter 22/50 [OK ] reward=  0.2429  decay_linear(cs_rank(-1 * stddev(delta(close, 1), 30)), 180)
[execution_aware] iter 23/50 [OK ] reward=  0.2363  decay_linear(cs_rank(-1 * stddev(delta(close, 1), 20)), 240)
[execution_aware] iter 24/50 [ERR] reward=    -inf  decay_linear(cs_rank(-1 * stddev(delta(close, 1), 20)), 360)
[execution_aware] iter 25/50 [OK ] reward=  0.2935  decay_linear(cs_rank(-1 * stddev(delta(close, 1), 20)), 120)
[execution_aware] iter 26/50 [OK ] reward=  0.2363  decay_linear(cs_rank(-1 * stddev(delta(close, 1), 20)), 240)
[execution_aware] iter 27/50 [OK ] reward=  0.1283  decay_linear(ts_rank(-1 * stddev(delta(close, 1), 20), 252), 240)
[execution_aware] iter 28/50 [OK ] reward=  0.2569  decay_linear(rank(-1 * stddev(delta(close, 1), 20)), 180)
[execution_aware] iter 29/50 [OK ] reward=  0.2363  decay_linear(rank(-1 * stddev(delta(close, 1), 20)), 240)
[execution_aware] iter 30/50 [ERR] reward=    -inf  decay_linear(rank(-1 * stddev(delta(close, 1), 20)), 360)
[execution_aware] iter 31/50 [OK ] reward=  0.3017  decay_linear(ts_rank(-1 * stddev(delta(close, 1), 20), 120), 60)
[execution_aware] iter 32/50 [OK ] reward=  0.3539  decay_linear(ts_rank(-1 * stddev(delta(close, 1), 20), 120), 120)
[execution_aware] iter 33/50 [OK ] reward=  0.2765  decay_linear(ts_rank(-1 * stddev(delta(close, 1), 20), 120), 240)
[execution_aware] iter 34/50 [ERR] reward=    -inf  decay_linear(ts_rank(-1 * stddev(delta(close, 1), 20), 240), 360)
[execution_aware] iter 35/50 [OK ] reward=  0.2452  decay_linear(ts_rank(-1 * stddev(delta(close, 1), 20), 120), 252)
[execution_aware] iter 36/50 [OK ] reward=  0.2452  decay_linear(ts_rank(-1 * stddev(delta(close, 1), 20), 120), 252)
[execution_aware] iter 37/50 [OK ] reward=  0.1040  decay_linear(ts_rank(-1 * stddev(delta(close, 1), 20), 252), 252)
[execution_aware] iter 38/50 [OK ] reward=  0.2452  decay_linear(ts_rank(-1 * stddev(delta(close, 1), 20), 120), 252)
[execution_aware] iter 39/50 [OK ] reward=  0.2452  decay_linear(ts_rank(-1 * stddev(delta(close, 1), 20), 120), 252)
[execution_aware] iter 40/50 [OK ] reward=  0.2452  decay_linear(ts_rank(-1 * stddev(delta(close, 1), 20), 120), 252)
[execution_aware] iter 41/50 [OK ] reward=  0.2452  decay_linear(ts_rank(-1 * stddev(delta(close, 1), 20), 120), 252)
[execution_aware] iter 42/50 [OK ] reward=  0.1040  decay_linear(ts_rank(-1 * stddev(delta(close, 1), 20), 252), 252)
[execution_aware] iter 43/50 [OK ] reward=  0.3189  decay_linear(ts_rank(-1 * stddev(delta(close, 1), 20), 252), 120)
[execution_aware] iter 44/50 [OK ] reward=  0.1040  decay_linear(ts_rank(-1 * stddev(delta(close, 1), 20), 252), 252)
[execution_aware] iter 45/50 [OK ] reward=  0.1040  decay_linear(ts_rank(-1 * stddev(delta(close, 1), 20), 252), 252)
[execution_aware] iter 46/50 [OK ] reward=  0.1040  decay_linear(ts_rank(-1 * stddev(delta(close, 1), 20), 252), 252)
[execution_aware] iter 47/50 [OK ] reward=  0.2452  decay_linear(ts_rank(-1 * stddev(delta(close, 1), 20), 120), 252)
[execution_aware] iter 48/50 [OK ] reward=  0.1040  decay_linear(ts_rank(-1 * stddev(delta(close, 1), 20), 252), 252)
[execution_aware] iter 49/50 [OK ] reward=  0.1040  decay_linear(ts_rank(-1 * stddev(delta(close, 1), 20), 252), 252)
[execution_aware] iter 50/50 [OK ] reward=  0.2452  decay_linear(ts_rank(-1 * stddev(delta(close, 1), 20), 120), 252)
[wfo:execution_aware] fold 16 winner: decay_linear(ts_rank(-1 * stddev(delta(close, 1), 20), 120), 120)
[wfo:execution_aware] fold 16 OOS: Gross_IR=-0.112 Turnover=10.18 Net_IR=-0.349
[wfo:execution_aware] fold 17: train 2018-01-01..2022-12-31 -> test 2023-01-01..2023-12-31
[execution_aware] iter  0/50 [SEED] reward=  0.4383  rank(-1 * stddev(delta(close, 1), 20))
[execution_aware] iter  1/50 [OK ] reward=  0.5003  decay_linear(rank(-1 * stddev(delta(close, 1), 20)), 126)
[execution_aware] iter  2/50 [OK ] reward=  0.4636  decay_linear(rank(-1 * stddev(delta(close, 1), 20)), 252)
[execution_aware] iter  3/50 [ERR] reward=    -inf  decay_linear(rank(-1 * stddev(delta(close, 1), 20)), 504)
[execution_aware] iter  4/50 [OK ] reward=  0.5003  decay_linear(rank(-1 * stddev(delta(close, 1), 20)), 126)
[execution_aware] iter  5/50 [OK ] reward=  0.4636  decay_linear(rank(-1 * stddev(delta(close, 1), 20)), 252)
[execution_aware] iter  6/50 [OK ] reward=  0.4636  decay_linear(rank(-1 * stddev(delta(close, 1), 20)), 252)
[execution_aware] iter  7/50 [OK ] reward=  0.4636  decay_linear(rank(-1 * stddev(delta(close, 1), 20)), 252)
[execution_aware] iter  8/50 [OK ] reward=  0.4636  decay_linear(rank(-1 * stddev(delta(close, 1), 20)), 252)
[execution_aware] iter  9/50 [ERR] reward=    -inf  decay_linear(rank(-1 * stddev(delta(close, 1), 20)), 365)
[execution_aware] iter 10/50 [OK ] reward=  0.5026  decay_linear(rank(-1 * stddev(delta(close, 1), 20)), 120)
[execution_aware] iter 11/50 [OK ] reward=  0.4655  decay_linear(rank(-1 * stddev(delta(close, 1), 20)), 240)
[execution_aware] iter 12/50 [ERR] reward=    -inf  decay_linear(rank(-1 * stddev(delta(close, 1), 20)), 360)
[execution_aware] iter 13/50 [OK ] reward=  0.4586  decay_linear(rank(-1 * stddev(delta(close, 1), 20)), 120) * cs_rank(volume)
[execution_aware] iter 14/50 [OK ] reward=  0.4655  decay_linear(rank(-1 * stddev(delta(close, 1), 20)), 240)
[execution_aware] iter 15/50 [OK ] reward=  0.4655  decay_linear(cs_rank(-1 * stddev(delta(close, 1), 20)), 240)
[execution_aware] iter 16/50 [OK ] reward=  0.4655  decay_linear(cs_rank(-1 * stddev(delta(close, 1), 20)), 240)
[execution_aware] iter 17/50 [ERR] reward=    -inf  decay_linear(cs_rank(-1 * stddev(delta(close, 1), 20)), 360)
[execution_aware] iter 18/50 [OK ] reward=  0.5026  decay_linear(cs_rank(-1 * stddev(delta(close, 1), 20)), 120)
[execution_aware] iter 19/50 [OK ] reward=  0.4655  decay_linear(cs_rank(-1 * stddev(delta(close, 1), 20)), 240)
[execution_aware] iter 20/50 [ERR] reward=    -inf  decay_linear(cs_rank(-1 * stddev(delta(close, 1), 20)), 360)
[execution_aware] iter 21/50 [OK ] reward=  0.5026  decay_linear(cs_rank(-1 * stddev(delta(close, 1), 20)), 120)
[execution_aware] iter 22/50 [OK ] reward=  0.4655  decay_linear(cs_rank(-1 * stddev(delta(close, 1), 20)), 240)
[execution_aware] iter 23/50 [ERR] reward=    -inf  decay_linear(cs_rank(-1 * stddev(delta(close, 1), 20)), 480)
[execution_aware] iter 24/50 [OK ] reward=  0.5026  decay_linear(cs_rank(-1 * stddev(delta(close, 1), 20)), 120)
[execution_aware] iter 25/50 [OK ] reward=  0.4655  decay_linear(cs_rank(-1 * stddev(delta(close, 1), 20)), 240)
[execution_aware] iter 26/50 [ERR] reward=    -inf  decay_linear(cs_rank(-1 * stddev(delta(close, 1), 20)), 300)
[execution_aware] iter 27/50 [OK ] reward=  0.5026  decay_linear(cs_rank(-1 * stddev(delta(close, 1), 20)), 120)
[execution_aware] iter 28/50 [OK ] reward=  0.4655  decay_linear(cs_rank(-1 * stddev(delta(close, 1), 20)), 240)
[execution_aware] iter 29/50 [ERR] reward=    -inf  decay_linear(cs_rank(-1 * stddev(delta(close, 1), 20)), 360)
[execution_aware] iter 30/50 [OK ] reward=  0.5026  decay_linear(cs_rank(-1 * stddev(delta(close, 1), 20)), 120)
[execution_aware] iter 31/50 [OK ] reward=  0.4655  decay_linear(cs_rank(-1 * stddev(delta(close, 1), 20)), 240)
[execution_aware] iter 32/50 [ERR] reward=    -inf  decay_linear(cs_rank(-1 * stddev(delta(close, 1), 20)), 360)
[execution_aware] iter 33/50 [OK ] reward=  0.5026  decay_linear(cs_rank(-1 * stddev(delta(close, 1), 20)), 120)
[execution_aware] iter 34/50 [OK ] reward=  0.4655  decay_linear(cs_rank(-1 * stddev(delta(close, 1), 20)), 240)
[execution_aware] iter 35/50 [OK ] reward=  0.3178  decay_linear(ts_rank(-1 * stddev(delta(close, 1), 20), 252), 120)
[execution_aware] iter 36/50 [OK ] reward=  0.2290  decay_linear(ts_rank(-1 * stddev(delta(close, 1), 20), 252), 240)
[execution_aware] iter 37/50 [OK ] reward=  0.2290  decay_linear(ts_rank(-1 * stddev(delta(close, 1), 20), 252), 240)
[execution_aware] iter 38/50 [OK ] reward=  0.4655  decay_linear(cs_rank(-1 * stddev(delta(close, 1), 20)), 240)
[execution_aware] iter 39/50 [ERR] reward=    -inf  decay_linear(cs_rank(-1 * stddev(delta(close, 1), 20)), 360)
[execution_aware] iter 40/50 [OK ] reward=  0.5026  decay_linear(cs_rank(-1 * stddev(delta(close, 1), 20)), 120)
[execution_aware] iter 41/50 [OK ] reward=  0.4767  decay_linear(cs_rank(-1 * stddev(delta(close, 1), 20)), 180)
[execution_aware] iter 42/50 [OK ] reward=  0.4547  decay_linear(cs_rank(-1 * stddev(delta(close, 1), 30)), 240)
[execution_aware] iter 43/50 [OK ] reward=  0.4655  decay_linear(cs_rank(-1 * stddev(delta(close, 1), 20)), 240)
[execution_aware] iter 44/50 [ERR] reward=    -inf  decay_linear(cs_rank(-1 * stddev(delta(close, 1), 20)), 360)
[execution_aware] iter 45/50 [OK ] reward=  0.5026  decay_linear(cs_rank(-1 * stddev(delta(close, 1), 20)), 120)
[execution_aware] iter 46/50 [OK ] reward=  0.4655  decay_linear(cs_rank(-1 * stddev(delta(close, 1), 20)), 240)
[execution_aware] iter 47/50 [OK ] reward=  0.1852  decay_linear(ts_rank(-1 * stddev(delta(close, 1), 20), 120), 240)
[execution_aware] iter 48/50 [OK ] reward=  0.4655  decay_linear(rank(-1 * stddev(delta(close, 1), 20)), 240)
[execution_aware] iter 49/50 [OK ] reward=  0.4655  decay_linear(cs_rank(-1 * stddev(delta(close, 1), 20)), 240)
[execution_aware] iter 50/50 [ERR] reward=    -inf  decay_linear(cs_rank(-1 * stddev(delta(close, 1), 20)), 360)
[wfo:execution_aware] fold 17 winner: decay_linear(rank(-1 * stddev(delta(close, 1), 20)), 120)
[wfo:execution_aware] fold 17 OOS: Gross_IR=0.130 Turnover=3.46 Net_IR=-0.057
[wfo:execution_aware] fold 18: train 2019-01-01..2023-12-31 -> test 2024-01-01..2024-12-31
[execution_aware] iter  0/50 [SEED] reward=  0.4084  rank(-1 * stddev(delta(close, 1), 20))
[execution_aware] iter  1/50 [OK ] reward=  0.4395  decay_linear(cs_rank(-1 * stddev(delta(close, 1), 20)), 100)
[execution_aware] iter  2/50 [OK ] reward=  0.3835  decay_linear(cs_rank(-1 * stddev(delta(close, 1), 20)), 200)
[execution_aware] iter  3/50 [OK ] reward=  0.3734  decay_linear(cs_rank(-1 * stddev(delta(close, 1), 20)), 250)
[execution_aware] iter  4/50 [ERR] reward=    -inf  decay_linear(cs_rank(-1 * stddev(delta(close, 1), 20)), 500)
[execution_aware] iter  5/50 [OK ] reward=  0.3731  decay_linear(cs_rank(-1 * stddev(delta(close, 1), 20)), 252)
[execution_aware] iter  6/50 [OK ] reward=  0.3731  decay_linear(cs_rank(-1 * stddev(delta(close, 1), 20)), 252)
[execution_aware] iter  7/50 [OK ] reward=  0.3835  decay_linear(cs_rank(-1 * stddev(delta(close, 1), 20)), 200)
[execution_aware] iter  8/50 [OK ] reward=  0.3774  decay_linear(cs_rank(-1 * stddev(delta(close, 1), 30)), 200)
[execution_aware] iter  9/50 [OK ] reward=  0.3835  decay_linear(cs_rank(-1 * stddev(delta(close, 1), 20)), 200)
[execution_aware] iter 10/50 [OK ] reward=  0.3734  decay_linear(cs_rank(-1 * stddev(delta(close, 1), 20)), 250)
[execution_aware] iter 11/50 [ERR] reward=    -inf  decay_linear(cs_rank(-1 * stddev(delta(close, 1), 20)), 500)
[execution_aware] iter 12/50 [OK ] reward=  0.3835  decay_linear(cs_rank(-1 * stddev(delta(close, 1), 20)), 200)
[execution_aware] iter 13/50 [OK ] reward=  0.3806  decay_linear(cs_rank(-1 * stddev(delta(close, 1), 25)), 200)
[execution_aware] iter 14/50 [OK ] reward=  0.3835  decay_linear(cs_rank(-1 * stddev(delta(close, 1), 20)), 200)
[execution_aware] iter 15/50 [ERR] reward=    -inf  decay_linear(cs_rank(-1 * stddev(delta(close, 1), 20)), 300)
[execution_aware] iter 16/50 [OK ] reward=  0.4032  decay_linear(cs_rank(-1 * stddev(delta(close, 1), 20)), 150)
[execution_aware] iter 17/50 [OK ] reward=  0.3835  decay_linear(cs_rank(-1 * stddev(delta(close, 1), 20)), 200)
[execution_aware] iter 18/50 [OK ] reward=  0.3835  decay_linear(cs_rank(-1 * stddev(delta(close, 1), 20)), 200)
[execution_aware] iter 19/50 [ERR] reward=    -inf  decay_linear(cs_rank(-1 * stddev(delta(close, 1), 20)), 300)
[execution_aware] iter 20/50 [OK ] reward=  0.4395  decay_linear(cs_rank(-1 * stddev(delta(close, 1), 20)), 100)
[execution_aware] iter 21/50 [OK ] reward=  0.3835  decay_linear(cs_rank(-1 * stddev(delta(close, 1), 20)), 200)
[execution_aware] iter 22/50 [ERR] reward=    -inf  decay_linear(cs_rank(-1 * stddev(delta(close, 1), 20)), 300)
[execution_aware] iter 23/50 [OK ] reward=  0.4032  decay_linear(cs_rank(-1 * stddev(delta(close, 1), 20)), 150)
[execution_aware] iter 24/50 [OK ] reward=  0.3835  decay_linear(cs_rank(-1 * stddev(delta(close, 1), 20)), 200)
[execution_aware] iter 25/50 [OK ] reward=  0.3835  decay_linear(cs_rank(-1 * stddev(delta(close, 1), 20)), 200)
[execution_aware] iter 26/50 [ERR] reward=    -inf  decay_linear(cs_rank(-1 * stddev(delta(close, 1), 20)), 500)
[execution_aware] iter 27/50 [OK ] reward=  0.3435  decay_linear(cs_rank(-1 * stddev(delta(close, 1), 100)), 100)
[execution_aware] iter 28/50 [OK ] reward=  0.3835  decay_linear(cs_rank(-1 * stddev(delta(close, 1), 20)), 200)
[execution_aware] iter 29/50 [ERR] reward=    -inf  decay_linear(cs_rank(-1 * stddev(delta(close, 1), 20)), 500)
[execution_aware] iter 30/50 [OK ] reward=  0.3835  decay_linear(cs_rank(-1 * stddev(delta(close, 1), 20)), 200)
[execution_aware] iter 31/50 [OK ] reward=  0.3734  decay_linear(cs_rank(-1 * stddev(delta(close, 1), 20)), 250)
[execution_aware] iter 32/50 [OK ] reward=  0.3958  decay_linear(cs_rank(-1 * stddev(delta(close, 1), 30)), 150)
[execution_aware] iter 33/50 [OK ] reward=  0.3835  decay_linear(cs_rank(-1 * stddev(delta(close, 1), 20)), 200)
[execution_aware] iter 34/50 [OK ] reward=  0.3731  decay_linear(cs_rank(-1 * stddev(delta(close, 1), 20)), 252)
[execution_aware] iter 35/50 [OK ] reward=  0.3835  decay_linear(cs_rank(-1 * stddev(delta(close, 1), 20)), 200)
[execution_aware] iter 36/50 [ERR] reward=    -inf  decay_linear(cs_rank(-1 * stddev(delta(close, 1), 20)), 300)
[execution_aware] iter 37/50 [OK ] reward=  0.3731  decay_linear(cs_rank(-1 * stddev(delta(close, 1), 20)), 252)
[execution_aware] iter 38/50 [OK ] reward=  0.3835  decay_linear(cs_rank(-1 * stddev(delta(close, 1), 20)), 200)
[execution_aware] iter 39/50 [OK ] reward=  0.3731  decay_linear(cs_rank(-1 * stddev(delta(close, 1), 20)), 252)
[execution_aware] iter 40/50 [OK ] reward=  0.3835  decay_linear(cs_rank(-1 * stddev(delta(close, 1), 20)), 200)
[execution_aware] iter 41/50 [ERR] reward=    -inf  decay_linear(cs_rank(-1 * stddev(delta(close, 1), 20)), 300)
[execution_aware] iter 42/50 [OK ] reward=  0.3835  decay_linear(cs_rank(-1 * stddev(delta(close, 1), 20)), 200)
[execution_aware] iter 43/50 [ERR] reward=    -inf  decay_linear(cs_rank(-1 * stddev(delta(close, 1), 20)), 300)
[execution_aware] iter 44/50 [OK ] reward=  0.3731  decay_linear(cs_rank(-1 * stddev(delta(close, 1), 20)), 252)
[execution_aware] iter 45/50 [ERR] reward=    -inf  decay_linear(cs_rank(-1 * stddev(delta(close, 1), 20)), 500)
[execution_aware] iter 46/50 [OK ] reward=  0.4032  decay_linear(cs_rank(-1 * stddev(delta(close, 1), 20)), 150)
[execution_aware] iter 47/50 [OK ] reward=  0.3835  decay_linear(cs_rank(-1 * stddev(delta(close, 1), 20)), 200)
[execution_aware] iter 48/50 [ERR] reward=    -inf  decay_linear(cs_rank(-1 * stddev(delta(close, 1), 20)), 300)
[execution_aware] iter 49/50 [OK ] reward=  0.3435  decay_linear(cs_rank(-1 * stddev(delta(close, 1), 100)), 100)
[execution_aware] iter 50/50 [OK ] reward=  0.3634  decay_linear(cs_rank(-1 * stddev(delta(close, 1), 50)), 200)
[wfo:execution_aware] fold 18 winner: decay_linear(cs_rank(-1 * stddev(delta(close, 1), 20)), 100)
[wfo:execution_aware] fold 18 OOS: Gross_IR=0.992 Turnover=3.83 Net_IR=0.823
[wfo:execution_aware] fold 19: train 2020-01-01..2024-12-31 -> test 2025-01-01..2025-12-31
[execution_aware] iter  0/50 [SEED] reward=  0.4791  rank(-1 * stddev(delta(close, 1), 20))
[execution_aware] iter  1/50 [OK ] reward=  0.5505  decay_linear(rank(-1 * stddev(delta(close, 1), 20)), 60)
[execution_aware] iter  2/50 [OK ] reward=  0.5373  decay_linear(rank(-1 * stddev(delta(close, 1), 20)), 120)
[execution_aware] iter  3/50 [OK ] reward=  0.5361  decay_linear(rank(-1 * stddev(delta(close, 1), 20)), 180)
[execution_aware] iter  4/50 [ERR] reward=    -inf  decay_linear(rank(-1 * stddev(delta(close, 1), 20)), 360)
[execution_aware] iter  5/50 [OK ] reward=  0.5373  decay_linear(rank(-1 * stddev(delta(close, 1), 20)), 120)
[execution_aware] iter  6/50 [OK ] reward=  0.5361  decay_linear(rank(-1 * stddev(delta(close, 1), 20)), 180)
[execution_aware] iter  7/50 [ERR] reward=    -inf  decay_linear(rank(-1 * stddev(delta(close, 1), 20)), 360)
[execution_aware] iter  8/50 [OK ] reward= -0.1803  decay_linear(ts_rank(-1 * stddev(delta(close, 1), 20), 60), 30)
[execution_aware] iter  9/50 [OK ] reward=  0.5373  decay_linear(rank(-1 * stddev(delta(close, 1), 20)), 120)
[execution_aware] iter 10/50 [OK ] reward=  0.5370  decay_linear(rank(-1 * stddev(delta(close, 1), 30)), 180)
[execution_aware] iter 11/50 [OK ] reward=  0.5368  decay_linear(rank(-1 * stddev(delta(close, 1), 30)), 240)
[execution_aware] iter 12/50 [OK ] reward=  0.5373  decay_linear(cs_rank(-1 * stddev(delta(close, 1), 20)), 120)
[execution_aware] iter 13/50 [OK ] reward=  0.5314  decay_linear(cs_rank(-1 * stddev(delta(close, 1), 20)), 150)
[execution_aware] iter 14/50 [OK ] reward=  0.5340  decay_linear(cs_rank(-1 * stddev(delta(close, 1), 20)), 200)
[execution_aware] iter 15/50 [ERR] reward=    -inf  decay_linear(cs_rank(-1 * stddev(delta(close, 1), 20)), 300)
[execution_aware] iter 16/50 [OK ] reward=  0.5505  decay_linear(cs_rank(-1 * stddev(delta(close, 1), 20)), 60)
[execution_aware] iter 17/50 [OK ] reward=  0.5373  decay_linear(cs_rank(-1 * stddev(delta(close, 1), 20)), 120)
[execution_aware] iter 18/50 [OK ] reward=  0.5339  decay_linear(cs_rank(-1 * stddev(delta(close, 1), 20)), 240)
[execution_aware] iter 19/50 [OK ] reward=  0.5339  decay_linear(cs_rank(-1 * stddev(delta(close, 1), 20)), 240)
[execution_aware] iter 20/50 [ERR] reward=    -inf  decay_linear(cs_rank(-1 * stddev(delta(close, 1), 30)), 360)
[execution_aware] iter 21/50 [OK ] reward=  0.5505  decay_linear(cs_rank(-1 * stddev(delta(close, 1), 20)), 60)
[execution_aware] iter 22/50 [OK ] reward=  0.5373  decay_linear(cs_rank(-1 * stddev(delta(close, 1), 20)), 120)
[execution_aware] iter 23/50 [OK ] reward=  0.5373  decay_linear(cs_rank(-1 * stddev(delta(close, 1), 20)), 120)
[execution_aware] iter 24/50 [OK ] reward=  0.5339  decay_linear(cs_rank(-1 * stddev(delta(close, 1), 20)), 240)
[execution_aware] iter 25/50 [ERR] reward=    -inf  decay_linear(cs_rank(-1 * stddev(delta(close, 1), 20)), 360)
[execution_aware] iter 26/50 [OK ] reward=  0.5505  decay_linear(cs_rank(-1 * stddev(delta(close, 1), 20)), 60)
[execution_aware] iter 27/50 [OK ] reward=  0.5373  decay_linear(cs_rank(-1 * stddev(delta(close, 1), 20)), 120)
[execution_aware] iter 28/50 [OK ] reward=  0.2349  decay_linear(ts_rank(-1 * stddev(delta(close, 1), 20), 180), 120)
[execution_aware] iter 29/50 [OK ] reward=  0.5373  decay_linear(cs_rank(-1 * stddev(delta(close, 1), 20)), 120)
[execution_aware] iter 30/50 [OK ] reward=  0.5361  decay_linear(cs_rank(-1 * stddev(delta(close, 1), 20)), 180)
[execution_aware] iter 31/50 [OK ] reward=  0.5339  decay_linear(cs_rank(-1 * stddev(delta(close, 1), 20)), 240)
[execution_aware] iter 32/50 [ERR] reward=    -inf  decay_linear(cs_rank(-1 * stddev(delta(close, 1), 20)), 480)
[execution_aware] iter 33/50 [OK ] reward=  0.5505  decay_linear(cs_rank(-1 * stddev(delta(close, 1), 20)), 60)
[execution_aware] iter 34/50 [OK ] reward=  0.5373  decay_linear(cs_rank(-1 * stddev(delta(close, 1), 20)), 120)
[execution_aware] iter 35/50 [OK ] reward=  0.5361  decay_linear(cs_rank(-1 * stddev(delta(close, 1), 20)), 180)
[execution_aware] iter 36/50 [OK ] reward=  0.2158  decay_linear(ts_rank(-1 * stddev(delta(close, 1), 20), 200), 120)
[execution_aware] iter 37/50 [OK ] reward=  0.1594  decay_linear(ts_rank(-1 * stddev(delta(close, 1), 20), 252), 120)
[execution_aware] iter 38/50 [OK ] reward=  0.1594  decay_linear(ts_rank(-1 * stddev(delta(close, 1), 20), 252), 120)
[execution_aware] iter 39/50 [OK ] reward=  0.5373  decay_linear(rank(-1 * stddev(delta(close, 1), 20)), 120)
[execution_aware] iter 40/50 [OK ] reward=  0.5370  decay_linear(rank(-1 * stddev(delta(close, 1), 30)), 120)
[execution_aware] iter 41/50 [OK ] reward=  0.5345  decay_linear(rank(-1 * stddev(delta(close, 1), 40)), 180)
[execution_aware] iter 42/50 [OK ] reward=  0.5373  decay_linear(rank(-1 * stddev(delta(close, 1), 20)), 120)
[execution_aware] iter 43/50 [OK ] reward=  0.5373  decay_linear(cs_rank(-1 * stddev(delta(close, 1), 20)), 120)
[execution_aware] iter 44/50 [OK ] reward=  0.5339  decay_linear(cs_rank(-1 * stddev(delta(close, 1), 20)), 240)
[execution_aware] iter 45/50 [OK ] reward=  0.5373  decay_linear(cs_rank(-1 * stddev(delta(close, 1), 20)), 120)
[execution_aware] iter 46/50 [OK ] reward=  0.5361  decay_linear(cs_rank(-1 * stddev(delta(close, 1), 20)), 180)
[execution_aware] iter 47/50 [OK ] reward=  0.5339  decay_linear(cs_rank(-1 * stddev(delta(close, 1), 20)), 240)
[execution_aware] iter 48/50 [ERR] reward=    -inf  decay_linear(cs_rank(-1 * stddev(delta(close, 1), 20)), 360)
[execution_aware] iter 49/50 [OK ] reward=  0.5505  decay_linear(cs_rank(-1 * stddev(delta(close, 1), 20)), 60)
[execution_aware] iter 50/50 [OK ] reward=  0.5373  decay_linear(cs_rank(-1 * stddev(delta(close, 1), 20)), 120)
[wfo:execution_aware] fold 19 winner: decay_linear(rank(-1 * stddev(delta(close, 1), 20)), 60)
[wfo:execution_aware] fold 19 OOS: Gross_IR=0.329 Turnover=4.52 Net_IR=0.126
[wfo:execution_aware] fold 20: train 2021-01-01..2025-12-31 -> test 2026-01-01..2026-08-13
[execution_aware] iter  0/50 [SEED] reward=  0.5791  rank(-1 * stddev(delta(close, 1), 20))
[execution_aware] iter  1/50 [OK ] reward=  0.7042  decay_linear(rank(-1 * stddev(delta(close, 1), 20)), 100)
[execution_aware] iter  2/50 [OK ] reward=  0.7643  decay_linear(rank(-1 * stddev(delta(close, 1), 20)), 200)
[execution_aware] iter  3/50 [ERR] reward=    -inf  decay_linear(cs_rank(-1 * stddev(delta(close, 1), 20)), 400)
[execution_aware] iter  4/50 [OK ] reward= -0.1717  decay_linear(ts_rank(-1 * stddev(delta(close, 1), 20), 20), 200)
[execution_aware] iter  5/50 [ERR] reward=    -inf  decay_linear(rank(-1 * stddev(delta(close, 1), 20)), 400)
[execution_aware] iter  6/50 [OK ] reward=  0.7891  decay_linear(rank(-1 * stddev(delta(close, 1), 20)), 252)
[execution_aware] iter  7/50 [ERR] reward=    -inf  decay_linear(rank(-1 * stddev(delta(close, 1), 20)), 500)
[execution_aware] iter  8/50 [OK ] reward=  0.7891  decay_linear(cs_rank(-1 * stddev(delta(close, 1), 20)), 252)
[execution_aware] iter  9/50 [ERR] reward=    -inf  decay_linear(cs_rank(-1 * stddev(delta(close, 1), 20)), 500)
[execution_aware] iter 10/50 [OK ] reward=  0.7891  decay_linear(cs_rank(-1 * stddev(delta(close, 1), 20)), 252)
[execution_aware] iter 11/50 [ERR] reward=    -inf  decay_linear(cs_rank(-1 * stddev(delta(close, 1), 20)), 504)
[execution_aware] iter 12/50 [OK ] reward=  0.7891  decay_linear(cs_rank(-1 * stddev(delta(close, 1), 20)), 252)
[execution_aware] iter 13/50 [ERR] reward=    -inf  decay_linear(cs_rank(-1 * stddev(delta(close, 1), 20)), 500)
[execution_aware] iter 14/50 [OK ] reward=  0.7891  decay_linear(cs_rank(-1 * stddev(delta(close, 1), 20)), 252)
[execution_aware] iter 15/50 [ERR] reward=    -inf  decay_linear(cs_rank(-1 * stddev(delta(close, 1), 20)), 504)
[execution_aware] iter 16/50 [OK ] reward=  0.7891  decay_linear(cs_rank(-1 * stddev(delta(close, 1), 20)), 252)
[execution_aware] iter 17/50 [ERR] reward=    -inf  decay_linear(cs_rank(-1 * stddev(delta(close, 1), 20)), 500)
[execution_aware] iter 18/50 [OK ] reward=  0.7891  decay_linear(cs_rank(-1 * stddev(delta(close, 1), 20)), 252)
[execution_aware] iter 19/50 [ERR] reward=    -inf  decay_linear(cs_rank(-1 * stddev(delta(close, 1), 20)), 504)
[execution_aware] iter 20/50 [OK ] reward=  0.7891  decay_linear(cs_rank(-1 * stddev(delta(close, 1), 20)), 252)
[execution_aware] iter 21/50 [ERR] reward=    -inf  decay_linear(cs_rank(-1 * stddev(delta(close, 1), 20)), 500)
[execution_aware] iter 22/50 [OK ] reward=  0.7891  decay_linear(cs_rank(-1 * stddev(delta(close, 1), 20)), 252)
[execution_aware] iter 23/50 [ERR] reward=    -inf  decay_linear(cs_rank(-1 * stddev(delta(close, 1), 20)), 504)
[execution_aware] iter 24/50 [OK ] reward=  0.7891  decay_linear(cs_rank(-1 * stddev(delta(close, 1), 20)), 252)
[execution_aware] iter 25/50 [ERR] reward=    -inf  decay_linear(cs_rank(-1 * stddev(delta(close, 1), 20)), 500)
[execution_aware] iter 26/50 [OK ] reward=  0.7891  decay_linear(cs_rank(-1 * stddev(delta(close, 1), 20)), 252)
[execution_aware] iter 27/50 [ERR] reward=    -inf  decay_linear(cs_rank(-1 * stddev(delta(close, 1), 20)), 500)
[execution_aware] iter 28/50 [OK ] reward=  0.7891  decay_linear(cs_rank(-1 * stddev(delta(close, 1), 20)), 252)
[execution_aware] iter 29/50 [ERR] reward=    -inf  decay_linear(cs_rank(-1 * stddev(delta(close, 1), 20)), 504)
[execution_aware] iter 30/50 [OK ] reward=  0.7891  decay_linear(cs_rank(-1 * stddev(delta(close, 1), 20)), 252)
[execution_aware] iter 31/50 [ERR] reward=    -inf  decay_linear(cs_rank(-1 * stddev(delta(close, 1), 20)), 500)
[execution_aware] iter 32/50 [OK ] reward=  0.7891  decay_linear(cs_rank(-1 * stddev(delta(close, 1), 20)), 252)
[execution_aware] iter 33/50 [ERR] reward=    -inf  decay_linear(cs_rank(-1 * stddev(delta(close, 1), 40)), 500)
[execution_aware] iter 34/50 [OK ] reward=  0.8222  decay_linear(cs_rank(-1 * stddev(delta(close, 1), 40)), 252)
[execution_aware] iter 35/50 [ERR] reward=    -inf  decay_linear(cs_rank(-1 * stddev(delta(close, 1), 40)), 500)
[execution_aware] iter 36/50 [OK ] reward=  0.7525  decay_linear(cs_rank(-1 * stddev(delta(close, 1), 40)), 126)
[execution_aware] iter 37/50 [ERR] reward=    -inf  decay_linear(cs_rank(-1 * stddev(delta(close, 1), 40)), 504)
[execution_aware] iter 38/50 [OK ] reward=  0.7891  decay_linear(cs_rank(-1 * stddev(delta(close, 1), 20)), 252)
[execution_aware] iter 39/50 [ERR] reward=    -inf  decay_linear(cs_rank(-1 * stddev(delta(close, 1), 40)), 500)
[execution_aware] iter 40/50 [OK ] reward=  0.8222  decay_linear(cs_rank(-1 * stddev(delta(close, 1), 40)), 252)
[execution_aware] iter 41/50 [ERR] reward=    -inf  decay_linear(cs_rank(-1 * stddev(delta(close, 1), 40)), 500)
[execution_aware] iter 42/50 [OK ] reward=  0.8222  decay_linear(cs_rank(-1 * stddev(delta(close, 1), 40)), 252)
[execution_aware] iter 43/50 [ERR] reward=    -inf  decay_linear(cs_rank(-1 * stddev(delta(close, 1), 40)), 500)
[execution_aware] iter 44/50 [OK ] reward=  0.8047  decay_linear(cs_rank(-1 * stddev(delta(close, 1), 30)), 252)
[execution_aware] iter 45/50 [ERR] reward=    -inf  decay_linear(cs_rank(-1 * stddev(delta(close, 1), 40)), 504)
[execution_aware] iter 46/50 [OK ] reward=  0.7891  decay_linear(cs_rank(-1 * stddev(delta(close, 1), 20)), 252)
[execution_aware] iter 47/50 [ERR] reward=    -inf  decay_linear(cs_rank(-1 * stddev(delta(close, 1), 40)), 500)
[execution_aware] iter 48/50 [OK ] reward=  0.7891  decay_linear(cs_rank(-1 * stddev(delta(close, 1), 20)), 252)
[execution_aware] iter 49/50 [ERR] reward=    -inf  decay_linear(cs_rank(-1 * stddev(delta(close, 1), 40)), 500)
[execution_aware] iter 50/50 [OK ] reward=  0.7891  decay_linear(cs_rank(-1 * stddev(delta(close, 1), 20)), 252)
[wfo:execution_aware] fold 20 winner: decay_linear(cs_rank(-1 * stddev(delta(close, 1), 40)), 252)
[wfo:execution_aware] fold 20 OOS: Gross_IR=0.206 Turnover=5.17 Net_IR=0.066
[gamma_sweep] checkpointed gamma_sweep_summary.csv (5 rows)

==============================================================================
GAMMA SWEEP COMPLETE
==============================================================================
 N_Folds  Gross_Sharpe  Net_Sharpe_5bps  Net_Sharpe_10bps  Net_Sharpe_20bps  Net_Sharpe_full_cost_model  Avg_Daily_Turnover_pct  Avg_Holding_Period_Days  Max_Drawdown  Cumulative_Return          kind  gamma1  gamma2 seed_alpha  llm_seed
    21.0        0.6221           0.5914            0.5607            0.4993                      0.4763                  1.4715                  67.9595       -0.2185             1.8107 turnover_only    0.10     0.0 volatility      1001
    21.0        0.6678           0.6379            0.6081            0.5483                      0.5248                  1.4189                  70.4747       -0.2199             2.1432 turnover_only    0.25     0.0 volatility      1001
    21.0        0.6450           0.6153            0.5856            0.5262                      0.5029                  1.4199                  70.4279       -0.1984             1.9939 turnover_only    0.50     0.0 volatility      1001
    21.0        0.6586           0.6287            0.5988            0.5391                      0.5157                  1.4098                  70.9305       -0.2189             2.0517 turnover_only    1.00     0.0 volatility      1001
    21.0        0.5813           0.5157            0.4501            0.3189                      0.2915                  3.2880                  30.4139       -0.2350             0.8102     cost_only    0.00     2.0 volatility      1001
