date,0
2006-01-03,0.014158808425575905
2006-01-04,0.23947158094153392
2006-01-05,0.016789506065266153
2006-01-06,0.021156490772798506
2006-01-09,0.017122327978848176
2006-01-10,0.01594483199177548
2006-01-11,0.01603559549928791
2006-01-12,0.018144967305639196
2006-01-13,0.01665460889963717
2006-01-17,0.017299613852612
2006-01-18,0.01721784623081079
2006-01-19,0.016151661015704262
2006-01-20,0.02009354034468961
2006-01-23,0.015990242896434803
2006-01-24,0.01425601970558779
2006-01-25,0.02132580246967112
2006-01-26,0.017223741743672145
2006-01-27,0.01975131137223954
2006-01-30,0.02036722185346341
2006-01-31,0.015455104193665432
2006-02-01,0.03557436309854475
2006-02-02,0.017638507208945536
2006-02-03,0.018235716314767017
2006-02-06,0.01614259902770899
2006-02-07,0.01881544728710371
2006-02-08,0.021150769321258436
2006-02-09,0.016621318161027153
2006-02-10,0.017299217638731018
2006-02-13,0.016426556123683538
2006-02-14,0.014037582366009396
2006-02-15,0.018403222539542213
2006-02-16,0.016558833248458152
2006-02-17,0.017872692365653482
2006-02-21,0.01530814574386548
2006-02-22,0.01839584064851968
2006-02-23,0.018262116022293676
2006-02-24,0.017502872147637655
2006-02-27,0.013400549190102314
2006-02-28,0.01888827228450638
2006-03-01,0.016707633998009678
2006-03-02,0.021160844085268568
2006-03-03,0.01497499176405785
2006-03-06,0.015254903774719816
2006-03-07,0.019483710386004438
2006-03-08,0.02011346095883439
2006-03-09,0.01614814431316124
2006-03-10,0.01674530230110363
2006-03-13,0.015526306696159429
2006-03-14,0.015475582325074648
2006-03-15,0.017437745552091002
2006-03-16,0.01680352173193409
2006-03-17,0.018332756069537347
2006-03-20,0.016520478579935292
2006-03-21,0.018588054436729087
2006-03-22,0.01847388555064529
2006-03-23,0.017124535901932615
2006-03-24,0.01672136897760399
2006-03-27,0.0161415829312297
2006-03-28,0.01556745464572635
2006-03-29,0.01685403381358854
2006-03-30,0.01658812817210728
2006-03-31,0.015808384136938775
2006-04-03,0.01529872371668755
2006-04-04,0.020937323311034896
2006-04-05,0.016365551085149053
2006-04-06,0.018174531898558343
2006-04-07,0.018309894317222658
2006-04-10,0.016219116108970526
2006-04-11,0.016449931318771475
2006-04-12,0.016827191418626708
2006-04-13,0.03697302473769243
2006-04-17,0.015954505079394568
2006-04-18,0.017320151858235322
2006-04-19,0.01732890596436648
2006-04-20,0.020528974888941152
2006-04-21,0.016926110461541275
2006-04-24,0.02768050877990485
2006-04-25,0.01782045648038573
2006-04-26,0.01822048397472112
2006-04-27,0.01961970877420383
2006-04-28,0.025777454776925786
2006-05-01,0.019255849425102427
2006-05-02,0.02059421431181558
2006-05-03,0.020544221964230426
2006-05-04,0.018584317069809647
2006-05-05,0.017773438002840813
2006-05-08,0.017146291239928817
2006-05-09,0.016029233237159126
2006-05-10,0.018464498425727567
2006-05-11,0.01751378274562699
2006-05-12,0.02040937561724861
2006-05-15,0.02030320485842912
2006-05-16,0.020859923255286766
2006-05-17,0.018181652101586246
2006-05-18,0.018306870152138673
2006-05-19,0.019218979176121965
2006-05-22,0.019920735102123686
2006-05-23,0.01691072714955135
2006-05-24,0.01635138002883533
2006-05-25,0.017920595146200514
2006-05-26,0.017070247972499744
2006-05-30,0.01607154851392726
2006-05-31,0.016176004452060435
2006-06-01,0.015755360196918436
2006-06-02,0.0179352361282068
2006-06-05,0.01616163797672059
2006-06-06,0.016189677488405704
2006-06-07,0.017440588299906783
2006-06-08,0.021213734804148413
2006-06-09,0.016725758863169626
2006-06-12,0.015731302812053496
2006-06-13,0.017746557338571445
2006-06-14,0.019708293995840932
2006-06-15,0.019105656997649698
2006-06-16,0.02331653293504104
2006-06-19,0.013820168983125545
2006-06-20,0.0173169551088927
2006-06-21,0.015294545242837502
2006-06-22,0.016407927373286123
2006-06-23,0.015710121388026195
2006-06-26,0.018214171670824085
2006-06-27,0.01642429501680278
2006-06-28,0.015963928006701995
2006-06-29,0.01566117688691055
2006-06-30,0.019028069251513253
2006-07-03,0.01703968305133994
2006-07-05,0.014595669863439763
2006-07-06,0.01420566251370253
2006-07-07,0.014470962513784972
2006-07-10,0.014740814343895221
2006-07-11,0.01625453399389677
2006-07-12,0.01922484799711703
2006-07-13,0.018305671014474778
2006-07-14,0.016117939230864443
2006-07-17,0.019510215182793077
2006-07-18,0.017507995683523268
2006-07-19,0.016924963184223457
2006-07-20,0.019974968132990746
2006-07-21,0.020767591893063563
2006-07-24,0.01931872862228709
2006-07-25,0.019410018510330224
2006-07-26,0.019984310971666856
2006-07-27,0.019833958473882238
2006-07-28,0.020400550038813726
2006-07-31,0.018746191280085568
2006-08-01,0.01788962738855796
2006-08-02,0.035106210824856134
2006-08-03,0.01820274314195118
2006-08-04,0.0221050148024637
2006-08-07,0.016793656356261545
2006-08-08,0.016669924074604933
2006-08-09,0.01722977487650093
2006-08-10,0.02038304569064853
2006-08-11,0.030116647006640334
2006-08-14,0.01698997102482629
2006-08-15,0.017392127502423374
2006-08-16,0.018824548826206565
2006-08-17,0.020578697993894134
2006-08-18,0.019167130332138734
2006-08-21,0.015211253540469831
2006-08-22,0.015951372254610602
2006-08-23,0.014455295326218066
2006-08-24,0.016945050455586398
2006-08-25,0.017094148264784732
2006-08-28,0.014758822448320372
2006-08-29,0.016561569056631982
2006-08-30,0.015570668750701181
2006-08-31,0.01645041402163313
2006-09-01,0.016712281044037314
2006-09-05,0.015274780607562034
2006-09-06,0.02054815175878677
2006-09-07,0.0185324556842713
2006-09-08,0.015739790397596837
2006-09-11,0.01888918266792764
2006-09-12,0.02216499115747979
2006-09-13,0.020943157180678344
2006-09-14,0.01802374964530668
2006-09-15,0.016132442411458926
2006-09-18,0.01795225920534406
2006-09-19,0.018281798368268296
2006-09-20,0.018092955600614778
2006-09-21,0.018791254739806362
2006-09-22,0.017133220631353772
2006-09-25,0.01729022900461555
2006-09-26,0.016820078013041605
2006-09-27,0.017877047382568997
2006-09-28,0.017904419314303314
2006-09-29,0.013990028019877799
2006-10-02,0.014004284492911674
2006-10-03,0.017053479100928377
2006-10-04,0.020173465827228385
2006-10-05,0.014664043390689642
2006-10-06,0.018442756005809236
2006-10-09,0.016191901691893794
2006-10-10,0.017288822601775767
2006-10-11,0.01755185789751989
2006-10-12,0.01395936719081409
2006-10-13,0.015246210488466585
2006-10-16,0.01676791449737342
2006-10-17,0.01674433209929768
2006-10-18,0.014805333935697619
2006-10-19,0.020076939498249062
2006-10-20,0.017710439988005144
2006-10-23,0.01643769394198386
2006-10-24,0.016131906540419415
2006-10-25,0.020293254106889896
2006-10-26,0.021829690070691476
2006-10-27,0.015832598478342105
2006-10-30,0.01581397641699955
2006-10-31,0.0158518380860733
2006-11-01,0.013814396078146026
2006-11-02,0.015839027834118915
2006-11-03,0.013267004346509998
2006-11-06,0.01853284326714587
2006-11-07,0.013606996913707644
2006-11-08,0.014494137783249284
2006-11-09,0.015891964945415095
2006-11-10,0.019954761427704193
2006-11-13,0.017397115933177592
2006-11-14,0.014163444815820414
2006-11-15,0.01516870553012765
2006-11-16,0.014219189258792706
2006-11-17,0.017070780114870815
2006-11-20,0.016954050624582297
2006-11-21,0.018619083413397512
2006-11-22,0.017115059363789025
2006-11-24,0.014019988544802957
2006-11-27,0.010735566867416776
2006-11-28,0.015334225456155601
2006-11-29,0.013857219450686482
2006-11-30,0.015985336908884838
2006-12-01,0.016188497553235568
2006-12-04,0.01516888460468242
2006-12-05,0.016514773479796015
2006-12-06,0.014300616427540333
2006-12-07,0.014744238814195131
2006-12-08,0.014248573084817882
2006-12-11,0.012765594554844929
2006-12-12,0.012284267337075782
2006-12-13,0.012369839140821504
2006-12-14,0.012874305671791653
2006-12-15,0.012635109407435896
2006-12-18,0.013828831259161529
2006-12-19,0.016118821653669377
2006-12-20,0.014042219740303813
2006-12-21,0.013243522678919345
2006-12-22,0.012312524014000781
2006-12-26,0.010582077220288224
2006-12-27,0.01164110982764098
2006-12-28,0.011481896347539263
2006-12-29,0.010109217132364585
2007-01-03,0.0117942313763867
2007-01-04,0.23846910498285862
2007-01-05,0.020139811501904897
2007-01-08,0.015420654183424875
2007-01-09,0.01542627366481888
2007-01-10,0.016530461528540468
2007-01-11,0.01739872856482358
2007-01-12,0.015910424869031194
2007-01-16,0.015065045332320899
2007-01-17,0.014910323822045168
2007-01-18,0.014308532627447093
2007-01-19,0.016465561056505273
2007-01-22,0.014877679454540377
2007-01-23,0.012456979174553644
2007-01-24,0.015812745161697443
2007-01-25,0.016487089336983358
2007-01-26,0.016532128821883457
2007-01-29,0.011829771630573941
2007-01-30,0.013839479931388506
2007-01-31,0.013327197341559117
2007-02-01,0.014017777873318028
2007-02-02,0.014049340309063515
2007-02-05,0.01193217776115461
2007-02-06,0.01203605530734479
2007-02-07,0.012439452157025611
2007-02-08,0.014360981268139355
2007-02-09,0.012588974342564866
2007-02-12,0.012355871509232707
2007-02-13,0.012684544542860107
2007-02-14,0.010336412600471632
2007-02-15,0.013482776083398965
2007-02-16,0.013537968996923862
2007-02-20,0.010966789431579967
2007-02-21,0.011982799695253666
2007-02-22,0.013142826955510575
2007-02-23,0.018797856896492715
2007-02-26,0.013447865861661206
2007-02-27,0.013367801124039782
2007-02-28,0.014946519120121921
2007-03-01,0.014363061126657077
2007-03-02,0.012634794174130253
2007-03-05,0.011832020592774063
2007-03-06,0.01305511727164444
2007-03-07,0.013677160611643535
2007-03-08,0.012313905765031823
2007-03-09,0.013713826258580194
2007-03-12,0.012168781974700546
2007-03-13,0.013606180397468484
2007-03-14,0.01325843046288988
2007-03-15,0.013099510207716034
2007-03-16,0.013866587003292434
2007-03-19,0.011405443970888515
2007-03-20,0.01270666393297833
2007-03-21,0.03144132087444426
2007-03-22,0.014568531368522371
2007-03-23,0.022655207170047993
2007-03-26,0.012425426818321737
2007-03-27,0.01294740309133013
2007-03-28,0.01208620529039598
2007-03-29,0.010685802928108227
2007-03-30,0.013437762161998872
2007-04-02,0.012049593726214605
2007-04-03,0.014293474705013706
2007-04-04,0.012841773717299597
2007-04-05,0.01280560326300986
2007-04-09,0.01196060182483339
2007-04-10,0.013715020052567287
2007-04-11,0.013088897439043285
2007-04-12,0.012590084084627319
2007-04-13,0.012655535182699741
2007-04-16,0.014661160517335688
2007-04-17,0.01581663934099961
2007-04-18,0.014081458945801706
2007-04-19,0.018230859818828986
2007-04-20,0.01639412352285407
2007-04-23,0.01369000052284151
2007-04-24,0.01436740614260649
2007-04-25,0.01897460581675474
2007-04-26,0.016720174782079836
2007-04-27,0.016288785652211354
2007-04-30,0.014900151622254219
2007-05-01,0.015176330461298623
2007-05-02,0.016587389591671796
2007-05-03,0.0149152228562756
2007-05-04,0.013399560670550894
2007-05-07,0.016092702897277683
2007-05-08,0.012364776606630245
2007-05-09,0.014129247835946596
2007-05-10,0.015874335935328047
2007-05-11,0.017122110552360414
2007-05-14,0.015304720415623417
2007-05-15,0.01498732732675455
2007-05-16,0.014355702151964448
2007-05-17,0.014471011603401989
2007-05-18,0.017956747759290678
2007-05-21,0.014895735733173343
2007-05-22,0.015105785421002372
2007-05-23,0.01633814335894159
2007-05-24,0.014725564997342608
2007-05-25,0.01421205778974832
2007-05-29,0.014776262449044007
2007-05-30,0.01440298471441639
2007-05-31,0.017318317863468352
2007-06-01,0.014884301439071851
2007-06-04,0.015010360831521706
2007-06-05,0.017059762748470073
2007-06-06,0.013535035308798108
2007-06-07,0.015519374787008572
2007-06-08,0.015143136153010472
2007-06-11,0.016797414080027044
2007-06-12,0.016634865699253303
2007-06-13,0.013519449930147415
2007-06-14,0.015218537513642919
2007-06-15,0.015694008103953175
2007-06-18,0.01479776761954316
2007-06-19,0.016695935151784046
2007-06-20,0.01651923118150766
2007-06-21,0.017207933457892406
2007-06-22,0.01870963677585925
2007-06-25,0.0149243168314799
2007-06-26,0.017003384711618934
2007-06-27,0.01731423293449952
2007-06-28,0.01781342316024217
2007-06-29,0.01651755973229318
2007-07-02,0.017004223688634724
2007-07-03,0.015589644282873273
2007-07-05,0.015623175951285645
2007-07-06,0.015363025301190412
2007-07-09,0.017102225114122932
2007-07-10,0.017428077216577187
2007-07-11,0.017002807778309485
2007-07-12,0.01727863323989149
2007-07-13,0.017812025046627964
2007-07-16,0.017604806019981326
2007-07-17,0.017293396956508722
2007-07-18,0.017156990028728294
2007-07-19,0.017663961956179038
2007-07-20,0.017597913887107852
2007-07-23,0.01838332571321452
2007-07-24,0.01659341674402881
2007-07-25,0.0211642724437814
2007-07-26,0.019535699384016496
2007-07-27,0.01806910730006035
2007-07-30,0.014696053904961693
2007-07-31,0.017154288685845714
2007-08-01,0.018013776850181275
2007-08-02,0.020719268246155775
2007-08-03,0.018672805936181973
2007-08-06,0.021885681927204775
2007-08-07,0.01962806948920607
2007-08-08,0.017328529848687987
2007-08-09,0.022648251060778182
2007-08-10,0.024297130233364668
2007-08-13,0.019313798270464474
2007-08-14,0.02156509649686656
2007-08-15,0.01866684393257701
2007-08-16,0.02119309912767599
2007-08-17,0.020934980648513297
2007-08-20,0.02004909550121217
2007-08-21,0.01742822697493564
2007-08-22,0.017207988738799092
2007-08-23,0.01582213831232731
2007-08-24,0.015567631118298167
2007-08-27,0.015160408539938695
2007-08-28,0.01523717355346025
2007-08-29,0.016859204083014705
2007-08-30,0.014047514562781966
2007-08-31,0.014703694263662746
2007-09-04,0.014765275576603353
2007-09-05,0.01514435788790021
2007-09-06,0.017067606673200036
2007-09-07,0.016711466408405266
2007-09-10,0.01449492575220067
2007-09-11,0.016476992819208537
2007-09-12,0.015679519517817354
2007-09-13,0.016463827459785443
2007-09-14,0.01573448891233457
2007-09-17,0.015478824234122376
2007-09-18,0.013607089489738405
2007-09-19,0.0162623500345611
2007-09-20,0.014129788094390723
2007-09-21,0.018417087064654017
2007-09-24,0.012960557359903735
2007-09-25,0.0279990355256472
2007-09-26,0.01787093686954562
2007-09-27,0.016457052235532194
2007-09-28,0.020085428500105744
2007-10-01,0.01313642095160728
2007-10-02,0.01599415338968434
2007-10-03,0.01659205965420967
2007-10-04,0.015996143510930604
2007-10-05,0.01377792564091144
2007-10-08,0.014371068102290916
2007-10-09,0.015372601116715545
2007-10-10,0.015853629626146983
2007-10-11,0.01864129106736895
2007-10-12,0.016993582673418176
2007-10-15,0.01652594288542952
2007-10-16,0.018744757599525312
2007-10-17,0.016623743870591106
2007-10-18,0.017858479378541535
2007-10-19,0.01746717052070156
2007-10-22,0.02017147885600115
2007-10-23,0.016804756982369478
2007-10-24,0.019443989382477978
2007-10-25,0.020655379661239415
2007-10-26,0.02402866232852214
2007-10-29,0.02224439812669697
2007-10-30,0.016130886757830542
2007-10-31,0.01789324376795145
2007-11-01,0.017549988696069354
2007-11-02,0.01930739504665227
2007-11-05,0.021475279948296427
2007-11-06,0.016250975775810892
2007-11-07,0.017964540182076712
2007-11-08,0.022206810197446043
2007-11-09,0.02172095329977392
2007-11-12,0.021661028134753013
2007-11-13,0.0260202631354695
2007-11-14,0.019373572131353684
2007-11-15,0.015284205307649313
2007-11-16,0.019200204828245807
2007-11-19,0.024767623136069526
2007-11-20,0.02176386742811892
2007-11-21,0.024163723439776765
2007-11-23,0.01778699167679648
2007-11-26,0.013179473135848926
2007-11-27,0.020024234412776686
2007-11-28,0.019850871902288573
2007-11-29,0.021570609412756403
2007-11-30,0.017633677269610022
2007-12-03,0.023476879281356788
2007-12-04,0.01722151450514673
2007-12-05,0.017418356422110308
2007-12-06,0.017776114162453
2007-12-07,0.021958035080685792
2007-12-10,0.01624222792217922
2007-12-11,0.01680750997766796
2007-12-12,0.024150789486765436
2007-12-13,0.020622716460220774
2007-12-14,0.016062399112185828
2007-12-17,0.013506671723654454
2007-12-18,0.01682833468037356
2007-12-19,0.016074118986468586
2007-12-20,0.015198209288329524
2007-12-21,0.015941281401369883
2007-12-24,0.016396319341848306
2007-12-26,0.01412157723514499
2007-12-27,0.013140566565355258
2007-12-28,0.011912158098502913
2007-12-31,0.012495475909636655
2008-01-02,0.014026488505059317
2008-01-03,0.2813276440332003
2008-01-04,0.019114971462260162
2008-01-07,0.02202906382371058
2008-01-08,0.023689286844966767
2008-01-09,0.029471528248603204
2008-01-10,0.020277130996014046
2008-01-11,0.03393823820938389
2008-01-14,0.024835084041299395
2008-01-15,0.020529220224837014
2008-01-16,0.02164854984979734
2008-01-17,0.02918348843877044
2008-01-18,0.027686752672823896
2008-01-22,0.02832780905843154
2008-01-23,0.049559107540131285
2008-01-24,0.041636754358368826
2008-01-25,0.02793093222504853
2008-01-28,0.02078915073692056
2008-01-29,0.018623584239370515
2008-01-30,0.01984481743047331
2008-01-31,0.018771046623933068
2008-02-01,0.02114989111626779
2008-02-04,0.02804276984208358
2008-02-05,0.021972268958061685
2008-02-06,0.019869790288142498
2008-02-07,0.021193305809735538
2008-02-08,0.019978906481666253
2008-02-11,0.022438482734177412
2008-02-12,0.020833627286581474
2008-02-13,0.016738663022911028
2008-02-14,0.017645644696988122
2008-02-15,0.016519514778004906
2008-02-19,0.01318168597363941
2008-02-20,0.019891277315332294
2008-02-21,0.021982187878089164
2008-02-22,0.022151489900546974
2008-02-25,0.01374500385783792
2008-02-26,0.01520940248495086
2008-02-27,0.015556864691865225
2008-02-28,0.014375336938695714
2008-02-29,0.024238476048659613
2008-03-03,0.021579119702476647
2008-03-04,0.01880799022709851
2008-03-05,0.017866397375445556
2008-03-06,0.017061176096653138
2008-03-07,0.01995737657486914
2008-03-10,0.018229138695087802
2008-03-11,0.02504325401687972
2008-03-12,0.030154584488951995
2008-03-13,0.018451949402007714
2008-03-14,0.018861831365791715
2008-03-17,0.026539491667242374
2008-03-18,0.04235020468690204
2008-03-19,0.036718328670049705
2008-03-20,0.03182644479281042
2008-03-24,0.0349726773385226
2008-03-25,0.03408975173678995
2008-03-26,0.01797847066217792
2008-03-27,0.025161521402570615
2008-03-28,0.01794280105292904
2008-03-31,0.01806457720185395
2008-04-01,0.01680319949673853
2008-04-02,0.02925696081117803
2008-04-03,0.017067620375815613
2008-04-04,0.017832698995746705
2008-04-07,0.0186237589951033
2008-04-08,0.018633037639055824
2008-04-09,0.01656137936618201
2008-04-10,0.017790918436765422
2008-04-11,0.018142006950873698
2008-04-14,0.014034729615992511
2008-04-15,0.0200240617906763
2008-04-16,0.012663874068455854
2008-04-17,0.01860144587329991
2008-04-18,0.01862070083099258
2008-04-21,0.020193154088553877
2008-04-22,0.017799058697426658
2008-04-23,0.017025298340418722
2008-04-24,0.02198520166669722
2008-04-25,0.027892880550055007
2008-04-28,0.019421595450887168
2008-04-29,0.015236948587518034
2008-04-30,0.02348188901754985
2008-05-01,0.016127265004848505
2008-05-02,0.02686668819761171
2008-05-05,0.01733836883448396
2008-05-06,0.0219647004876545
2008-05-07,0.01850548366602897
2008-05-08,0.01660837921222302
2008-05-09,0.017192637767433162
2008-05-12,0.013828968425739892
2008-05-13,0.016259354870451704
2008-05-14,0.016888428257285513
2008-05-15,0.019770346690597143
2008-05-16,0.016648472288609707
2008-05-19,0.01838531371921604
2008-05-20,0.014528894429770456
2008-05-21,0.01855598056926494
2008-05-22,0.016820564280192955
2008-05-23,0.01540400684319801
2008-05-27,0.013167077431860632
2008-05-28,0.015619194958451092
2008-05-29,0.016470876533211203
2008-05-30,0.02047220829960696
2008-06-02,0.01396013768172551
2008-06-03,0.03710439515718615
2008-06-04,0.01617693147728383
2008-06-05,0.01807920222826978
2008-06-06,0.019303817195783005
2008-06-09,0.019678634846108482
2008-06-10,0.025228569007319734
2008-06-11,0.01951240083757233
2008-06-12,0.019461578124130192
2008-06-13,0.02240414673385401
2008-06-16,0.016890634967208863
2008-06-17,0.014762101602890543
2008-06-18,0.020919750365511115
2008-06-19,0.014978491370393624
2008-06-20,0.019959175093991595
2008-06-23,0.015778408081760422
2008-06-24,0.0285683152981302
2008-06-25,0.020486816168751892
2008-06-26,0.016333275119222782
2008-06-27,0.021286164907189938
2008-06-30,0.018588586533821706
2008-07-01,0.021411937176875805
2008-07-02,0.044203109291515025
2008-07-03,0.02541711323282589
2008-07-07,0.017955800153980746
2008-07-08,0.02627654023863061
2008-07-09,0.0328875153148253
2008-07-10,0.027170058029175725
2008-07-11,0.03238891750444119
2008-07-14,0.02275212242410249
2008-07-15,0.03278434207043747
2008-07-16,0.036795643104009526
2008-07-17,0.05638041238447368
2008-07-18,0.04574693394112481
2008-07-21,0.02725163815733598
2008-07-22,0.024504353163362476
2008-07-23,0.04391429298102272
2008-07-24,0.04471005793096302
2008-07-25,0.04130352138924592
2008-07-28,0.020768489375650442
2008-07-29,0.02549569664744521
2008-07-30,0.0319431790212173
2008-07-31,0.03021560923342354
2008-08-01,0.027022719969379137
2008-08-04,0.022300966542003788
2008-08-05,0.03402156011720278
2008-08-06,0.02541521909233536
2008-08-07,0.027139474839801357
2008-08-08,0.02709068869056055
2008-08-11,0.029815318549191828
2008-08-12,0.021956955997760323
2008-08-13,0.02524097556957014
2008-08-14,0.028897764455977144
2008-08-15,0.022102215846228956
2008-08-18,0.02095746150945871
2008-08-19,0.025254134995888366
2008-08-20,0.02644548385846586
2008-08-21,0.02868690479106985
2008-08-22,0.019142875309014047
2008-08-25,0.022788838133001466
2008-08-26,0.016976360469900864
2008-08-27,0.018654186285947057
2008-08-28,0.01797889987368354
2008-08-29,0.026671291585959832
2008-09-02,0.016967418465771485
2008-09-03,0.03466183749518025
2008-09-04,0.02364521644851038
2008-09-05,0.02075987576560045
2008-09-08,0.02397919491826755
2008-09-09,0.056323202579718616
2008-09-10,0.045235467621029764
2008-09-11,0.03922669765504406
2008-09-12,0.03292821962821041
2008-09-15,0.06870783548995504
2008-09-16,0.06914953436261981
2008-09-17,0.04102436880979303
2008-09-18,0.050034611640576716
2008-09-19,0.056500577158199915
2008-09-22,0.10404714638988169
2008-09-23,0.04913397349735799
2008-09-24,0.023619257676431527
2008-09-25,0.030840222587803636
2008-09-26,0.026000173958948606
2008-09-29,0.047933250193648504
2008-09-30,0.060836594007934564
2008-10-01,0.07602792566625091
2008-10-02,0.03963910139700505
2008-10-03,0.04764876746375124
2008-10-06,0.03609835352327772
2008-10-07,0.027618217248917713
2008-10-08,0.0389386928550126
2008-10-09,0.03439935064863357
2008-10-10,0.05580364522216128
2008-10-13,0.058710997345482754
2008-10-14,0.057440512540085635
2008-10-15,0.05007093371768332
2008-10-16,0.05135429818367092
2008-10-17,0.035357884992713334
2008-10-20,0.03205893716404089
2008-10-21,0.040230855500181316
2008-10-22,0.030182623592012108
2008-10-23,0.04099750647432847
2008-10-24,0.035120825006605835
2008-10-27,0.029973831231281972
2008-10-28,0.03952396454887988
2008-10-29,0.036634361566682073
2008-10-30,0.04036156263655736
2008-10-31,0.038336604260754845
2008-11-03,0.033957208236666946
2008-11-04,0.0354703377072496
2008-11-05,0.03244583218507108
2008-11-06,0.03157591391941575
2008-11-07,0.029701482033500978
2008-11-10,0.02582011759089529
2008-11-11,0.03280574505688452
2008-11-12,0.026411508848026594
2008-11-13,0.03757392896179421
2008-11-14,0.03913605834935402
2008-11-17,0.030540375348884968
2008-11-18,0.0254163925416618
2008-11-19,0.038653063006141235
2008-11-20,0.043648229335346456
2008-11-21,0.06460094982385395
2008-11-24,0.05454383250203602
2008-11-25,0.060426424840720555
2008-11-26,0.037903693789993954
2008-11-28,0.04038586904287202
2008-12-01,0.03205270656909777
2008-12-02,0.05081036055921785
2008-12-03,0.03504268808048733
2008-12-04,0.03334626890541355
2008-12-05,0.04070949498890761
2008-12-08,0.027144536316988467
2008-12-09,0.047159792700923915
2008-12-10,0.03379183625187358
2008-12-11,0.037990625995805716
2008-12-12,0.035210737632651666
2008-12-15,0.0288514575147108
2008-12-16,0.026666137930633896
2008-12-17,0.027897899525196924
2008-12-18,0.027791241835623717
2008-12-19,0.03709465061226648
2008-12-22,0.038004014424221765
2008-12-23,0.03283163894448222
2008-12-24,0.02008394359582113
2008-12-26,0.01846041389358207
2008-12-29,0.020078711314465866
2008-12-30,0.021702883798899855
2008-12-31,0.01877259834492515
2009-01-02,0.05928207081013383
2009-01-05,0.30051792897869223
2009-01-06,0.033247897045158493
2009-01-07,0.03195627713330771
2009-01-08,0.02595456545010261
2009-01-09,0.026150880801634437
2009-01-12,0.018941823178185414
2009-01-13,0.028085052309312963
2009-01-14,0.026265708573832477
2009-01-15,0.022811187640638834
2009-01-16,0.02782962109841505
2009-01-20,0.022754284811620056
2009-01-21,0.03663946071455371
2009-01-22,0.03983076264559153
2009-01-23,0.03244003425985095
2009-01-26,0.03145409494000889
2009-01-27,0.02466495305824359
2009-01-28,0.027224349688661824
2009-01-29,0.03346685936377835
2009-01-30,0.025869175924178166
2009-02-02,0.023653824737668583
2009-02-03,0.02595181982014408
2009-02-04,0.031962675091747064
2009-02-05,0.028718445770377157
2009-02-06,0.026250361231689303
2009-02-09,0.02658801417942109
2009-02-10,0.020024769281413765
2009-02-11,0.027346891288539052
2009-02-12,0.023478645595041286
2009-02-13,0.02295616703244954
2009-02-17,0.022663395241133515
2009-02-18,0.031259865194288056
2009-02-19,0.021679423594876818
2009-02-20,0.03276918223672196
2009-02-23,0.02891343704188724
2009-02-24,0.027895617849521433
2009-02-25,0.0375971027131867
2009-02-26,0.02902965749470654
2009-02-27,0.03720909804229204
2009-03-02,0.03777250977675006
2009-03-03,0.0326873966746438
2009-03-04,0.02329840224893027
2009-03-05,0.0303411453665479
2009-03-06,0.033154015576122575
2009-03-09,0.02648384132869281
2009-03-10,0.027837489328746003
2009-03-11,0.0414273661922609
2009-03-12,0.027492298918595524
2009-03-13,0.029411534968826262
2009-03-16,0.032460475939015514
2009-03-17,0.04648632257100442
2009-03-18,0.024441759918922387
2009-03-19,0.05457279353527475
2009-03-20,0.03895800421083956
2009-03-23,0.029922326603050213
2009-03-24,0.03363144016483104
2009-03-25,0.024073460174189886
2009-03-26,0.023251620198376052
2009-03-27,0.031936106442456265
2009-03-30,0.024877809383404163
2009-03-31,0.03738566249842527
2009-04-01,0.027722061088371896
2009-04-02,0.027375628451258537
2009-04-03,0.02722083502321623
2009-04-06,0.025930652819465876
2009-04-07,0.027027425706529724
2009-04-08,0.021646471110513568
2009-04-09,0.02119479306849114
2009-04-13,0.0388604884416245
2009-04-14,0.036755640739545695
2009-04-15,0.025630648287896105
2009-04-16,0.02332095238274968
2009-04-17,0.02271607683313662
2009-04-20,0.023443004024600582
2009-04-21,0.040452879502976255
2009-04-22,0.026797972239924753
2009-04-23,0.025845314064961957
2009-04-24,0.02979424466399254
2009-04-27,0.02555409078205502
2009-04-28,0.026072399181976298
2009-04-29,0.024773459565499915
2009-04-30,0.024343563621146376
2009-05-01,0.027593188396470788
2009-05-04,0.027433998810213356
2009-05-05,0.03288776801878791
2009-05-06,0.02373306088598643
2009-05-07,0.03214620734811274
2009-05-08,0.032771022311505874
2009-05-11,0.029238927529573935
2009-05-12,0.02654627264016255
2009-05-13,0.026039145590682423
2009-05-14,0.028847152009727286
2009-05-15,0.021268675480034527
2009-05-18,0.01964126827045822
2009-05-19,0.021769280622385576
2009-05-20,0.02039317448926201
2009-05-21,0.021866947112740596
2009-05-22,0.02840581237210304
2009-05-26,0.02174925158762757
2009-05-27,0.01726320755645768
2009-05-28,0.02459176234026682
2009-05-29,0.019646219025968435
2009-06-01,0.02338210515612945
2009-06-02,0.026349468620319953
2009-06-03,0.047768009308522055
2009-06-04,0.025952489560843013
2009-06-05,0.026545837100631846
2009-06-08,0.01873364985023134
2009-06-09,0.018756732128822787
2009-06-10,0.020014538157044882
2009-06-11,0.015435545522884238
2009-06-12,0.01979069584408224
2009-06-15,0.018137634108114115
2009-06-16,0.018639297467702324
2009-06-17,0.019258747979096148
2009-06-18,0.025384243253184946
2009-06-19,0.020417914484343824
2009-06-22,0.018557163553404244
2009-06-23,0.028162080183816964
2009-06-24,0.01749817639007913
2009-06-25,0.017985042958908654
2009-06-26,0.016675171386523302
2009-06-29,0.01577047959140264
2009-06-30,0.018225556756685354
2009-07-01,0.01892948754624088
2009-07-02,0.0206019048600469
2009-07-06,0.018203036048900775
2009-07-07,0.0244075151555807
2009-07-08,0.02225841756543164
2009-07-09,0.019830170009814914
2009-07-10,0.02244195929983362
2009-07-13,0.020403893325085513
2009-07-14,0.023349868202236952
2009-07-15,0.015314521053686171
2009-07-16,0.020237741397959735
2009-07-17,0.01815879860713666
2009-07-20,0.018231895465784926
2009-07-21,0.018349708474104616
2009-07-22,0.018610691338969542
2009-07-23,0.020331205215561553
2009-07-24,0.02267882731825389
2009-07-27,0.018326356028733427
2009-07-28,0.017234875341413484
2009-07-29,0.02280040458372103
2009-07-30,0.023370089373045917
2009-07-31,0.019460149448045416
2009-08-03,0.013071624643217709
2009-08-04,0.018509406727650973
2009-08-05,0.01734016642844386
2009-08-06,0.0371742809790616
2009-08-07,0.019866346177605396
2009-08-10,0.02188371942090672
2009-08-11,0.017091720174257065
2009-08-12,0.019109838646341165
2009-08-13,0.014850047571793059
2009-08-14,0.018172362487044368
2009-08-17,0.015636087893827963
2009-08-18,0.02199610323219761
2009-08-19,0.016005729091467358
2009-08-20,0.01585896302445288
2009-08-21,0.01825690889921459
2009-08-24,0.016558700702923146
2009-08-25,0.015298893002121963
2009-08-26,0.017613042531771796
2009-08-27,0.017224035191401532
2009-08-28,0.023847441993721276
2009-08-31,0.016150101435352976
2009-09-01,0.01991940845366497
2009-09-02,0.02094632530191191
2009-09-03,0.017847876799827283
2009-09-04,0.018416174580809696
2009-09-08,0.013956341760505146
2009-09-09,0.02163291314037597
2009-09-10,0.017381640819396922
2009-09-11,0.01574396694695718
2009-09-14,0.016940037974604534
2009-09-15,0.018196698536342145
2009-09-16,0.02408734827898145
2009-09-17,0.02114544015015131
2009-09-18,0.019911227114998747
2009-09-21,0.017790156373639107
2009-09-22,0.022484808965355724
2009-09-23,0.022397126939487613
2009-09-24,0.018036978033004712
2009-09-25,0.01889640416006607
2009-09-28,0.016694400118400718
2009-09-29,0.016446461845699093
2009-09-30,0.016639144385396192
2009-10-01,0.01643722432028228
2009-10-02,0.020626619385433663
2009-10-05,0.016835463864075348
2009-10-06,0.018372176959076822
2009-10-07,0.01751754079876863
2009-10-08,0.01831162099352159
2009-10-09,0.02209276533351804
2009-10-12,0.016456757978270842
2009-10-13,0.016400741918016874
2009-10-14,0.0168197914213185
2009-10-15,0.01851237391267629
2009-10-16,0.021767362457011108
2009-10-19,0.04552281267231799
2009-10-20,0.01865844228273282
2009-10-21,0.018035293396162423
2009-10-22,0.01920142063587451
2009-10-23,0.017981632140116135
2009-10-26,0.025671585965258533
2009-10-27,0.018568266083891928
2009-10-28,0.02461323270860076
2009-10-29,0.023083747880083258
2009-10-30,0.022194085446234253
2009-11-02,0.02192888971012092
2009-11-03,0.017435259612822822
2009-11-04,0.056690002137457986
2009-11-05,0.01882282282272016
2009-11-06,0.020856155355197133
2009-11-09,0.02300977677160186
2009-11-10,0.02057434536924882
2009-11-11,0.017629825806143938
2009-11-12,0.017388005311367378
2009-11-13,0.016770601655971197
2009-11-16,0.01719281359490532
2009-11-17,0.022432132057770976
2009-11-18,0.017516585423342945
2009-11-19,0.017858142431730874
2009-11-20,0.017732363743275643
2009-11-23,0.016449268883448817
2009-11-24,0.01726505635900091
2009-11-25,0.01764822658551213
2009-11-27,0.018975432868619243
2009-11-30,0.015067046276620092
2009-12-01,0.019850303100119485
2009-12-02,0.018539921068240244
2009-12-03,0.017629113743584033
2009-12-04,0.01643699309437434
2009-12-07,0.01811194288433353
2009-12-08,0.01830896139996002
2009-12-09,0.015863525058021542
2009-12-10,0.01742533747217433
2009-12-11,0.0203262091033588
2009-12-14,0.01878446760636438
2009-12-15,0.020842628835821043
2009-12-16,0.01862520897490797
2009-12-17,0.018444064077130184
2009-12-18,0.016377208692251625
2009-12-21,0.018438679473586753
2009-12-22,0.0187310303198774
2009-12-23,0.015984646452036136
2009-12-24,0.019208933801895537
2009-12-28,0.014450277946155918
2009-12-29,0.014413816479527237
2009-12-30,0.013035240457550027
2009-12-31,0.01490376189068422
2010-01-04,0.012557013100372673
2010-01-05,0.2709105465923749
2010-01-06,0.02154273303231223
2010-01-07,0.019679847445389597
2010-01-08,0.020935667744212745
2010-01-11,0.019278654406534396
2010-01-12,0.015919923485291677
2010-01-13,0.01876082611456639
2010-01-14,0.015098547674533967
2010-01-15,0.016800205344746525
2010-01-19,0.014206661672424804
2010-01-20,0.013962043658593784
2010-01-21,0.014220976744559135
2010-01-22,0.020115433371639988
2010-01-25,0.01971525066107978
2010-01-26,0.0165580083525074
2010-01-27,0.018090052972742784
2010-01-28,0.022595565370730014
2010-01-29,0.01806959480489972
2010-02-01,0.017714223940419316
2010-02-02,0.020211142214076012
2010-02-03,0.015609121445622508
2010-02-04,0.015267070506628214
2010-02-05,0.0187056931238528
2010-02-08,0.01769665600717812
2010-02-09,0.01517967034321412
2010-02-10,0.015772806288296706
2010-02-11,0.017945761320519293
2010-02-12,0.016913343516430503
2010-02-16,0.015922401299167395
2010-02-17,0.01609099793653691
2010-02-18,0.014241620070754435
2010-02-19,0.01583632348189915
2010-02-22,0.0178671266506411
2010-02-23,0.016788847229283532
2010-02-24,0.015607871439896096
2010-02-25,0.015404542145235739
2010-02-26,0.01656906150134289
2010-03-01,0.0213908885212936
2010-03-02,0.016194134520214985
2010-03-03,0.029888759852143475
2010-03-04,0.013010752315622147
2010-03-05,0.014073072428692171
2010-03-08,0.014981421769068085
2010-03-09,0.015611773236480433
2010-03-10,0.01697986878190782
2010-03-11,0.017303369562183275
2010-03-12,0.013948766810298503
2010-03-15,0.014222695296450583
2010-03-16,0.01474345055891789
2010-03-17,0.016126904738168992
2010-03-18,0.015278150617172095
2010-03-19,0.015030540045732873
2010-03-22,0.01541781769613728
2010-03-23,0.015601617776303454
2010-03-24,0.0136777936646056
2010-03-25,0.014033509688897838
2010-03-26,0.019048086443256285
2010-03-29,0.01287503309791799
2010-03-30,0.013868161132770677
2010-03-31,0.013208047053830326
2010-04-01,0.012018155849794767
2010-04-05,0.013162859437877275
2010-04-06,0.015519357162823336
2010-04-07,0.014206863653029821
2010-04-08,0.015302442790830565
2010-04-09,0.01416268180750352
2010-04-12,0.011447089277805718
2010-04-13,0.01421064812059808
2010-04-14,0.013002717473587694
2010-04-15,0.01956141484574787
2010-04-16,0.013432214670279836
2010-04-19,0.017281281719408768
2010-04-20,0.014360737730913446
2010-04-21,0.016327004195227056
2010-04-22,0.015951011130946578
2010-04-23,0.016875763511344462
2010-04-26,0.014082198122553336
2010-04-27,0.014510098084294678
2010-04-28,0.017676470460655867
2010-04-29,0.014469077475735427
2010-04-30,0.026233036355179026
2010-05-03,0.020533262922662325
2010-05-04,0.013696643281187193
2010-05-05,0.015418570767900984
2010-05-06,0.017131271524567348
2010-05-07,0.014049328353141788
2010-05-10,0.01830677590412199
2010-05-11,0.021051289160852398
2010-05-12,0.018411305877043593
2010-05-13,0.017488468737642326
2010-05-14,0.014865162701968037
2010-05-17,0.014843498963178652
2010-05-18,0.01702146523155188
2010-05-19,0.015852032070708337
2010-05-20,0.01487657886741665
2010-05-21,0.015858099553705245
2010-05-24,0.017676036760248592
2010-05-25,0.015653780044795552
2010-05-26,0.016463437073179803
2010-05-27,0.015990804453920426
2010-05-28,0.017600514835315134
2010-06-01,0.014477050034476757
2010-06-02,0.02210168073269434
2010-06-03,0.015419336167834575
2010-06-04,0.014557513788176334
2010-06-07,0.015114749324437956
2010-06-08,0.018077717594472766
2010-06-09,0.015178645043924898
2010-06-10,0.012888835092103604
2010-06-11,0.01637748377610994
2010-06-14,0.012096667055707363
2010-06-15,0.014972768517175068
2010-06-16,0.015833347609776206
2010-06-17,0.01334230530402718
2010-06-18,0.013499537171500497
2010-06-21,0.01275406052546795
2010-06-22,0.013679803481451602
2010-06-23,0.014630790779494165
2010-06-24,0.011054465735488423
2010-06-25,0.01303734930781529
2010-06-28,0.016551082048328884
2010-06-29,0.0208413747650486
2010-06-30,0.01688053743616999
2010-07-01,0.01403760425187855
2010-07-02,0.015119444694242314
2010-07-06,0.01723769827805654
2010-07-07,0.015942648680141138
2010-07-08,0.016852624227957226
2010-07-09,0.013427797870837862
2010-07-12,0.013947542722696537
2010-07-13,0.015487714273771784
2010-07-14,0.014901273047067556
2010-07-15,0.013407749051977315
2010-07-16,0.011770778352835834
2010-07-19,0.015929607146605216
2010-07-20,0.014292917333062103
2010-07-21,0.015976270294011073
2010-07-22,0.015295512929939067
2010-07-23,0.01793721737638281
2010-07-26,0.016999839751925972
2010-07-27,0.01568494381740862
2010-07-28,0.015686882615111718
2010-07-29,0.012998874662438124
2010-07-30,0.014934467985398343
2010-08-02,0.015048029020101142
2010-08-03,0.013085460132832287
2010-08-04,0.01429179669779444
2010-08-05,0.01651979305533048
2010-08-06,0.013141408564810223
2010-08-09,0.013553176467009239
2010-08-10,0.012447255932285713
2010-08-11,0.013522726304693738
2010-08-12,0.014953000160249271
2010-08-13,0.013427426437111591
2010-08-16,0.011665096443868086
2010-08-17,0.012764082984174028
2010-08-18,0.012700190671683478
2010-08-19,0.012316149529940194
2010-08-20,0.01183588280862635
2010-08-23,0.011353898657332504
2010-08-24,0.012602931631455754
2010-08-25,0.013599941753426067
2010-08-26,0.013357999701126918
2010-08-27,0.01732621575823976
2010-08-30,0.013219429142319336
2010-08-31,0.011187591638960617
2010-09-01,0.013549540832509706
2010-09-02,0.012872205549514534
2010-09-03,0.012199925784055907
2010-09-07,0.010689402837923268
2010-09-08,0.013140351426684778
2010-09-09,0.010507383920586881
2010-09-10,0.013448589578501102
2010-09-13,0.010847622411038286
2010-09-14,0.013195091718557863
2010-09-15,0.014826310825584534
2010-09-16,0.011787081420606454
2010-09-17,0.012650305166457517
2010-09-20,0.012725862573235013
2010-09-21,0.013341825779025087
2010-09-22,0.013531714842623195
2010-09-23,0.013971961678208283
2010-09-24,0.013634632674714731
2010-09-27,0.012156285158525744
2010-09-28,0.011956755086125762
2010-09-29,0.013130721090307792
2010-09-30,0.01419765236646684
2010-10-01,0.011927479941625721
2010-10-04,0.012589564470664297
2010-10-05,0.012864596621507978
2010-10-06,0.012804341561532826
2010-10-07,0.01200976209567753
2010-10-08,0.013855852271319961
2010-10-11,0.015444264859931804
2010-10-12,0.011207749829859658
2010-10-13,0.014007838894388305
2010-10-14,0.013664540824676417
2010-10-15,0.017279503950421528
2010-10-18,0.017171635834762153
2010-10-19,0.015317257611029464
2010-10-20,0.013891732572158321
2010-10-21,0.01310223777964466
2010-10-22,0.01449946849989425
2010-10-25,0.01404237345206077
2010-10-26,0.011189337549274186
2010-10-27,0.012307484951428123
2010-10-28,0.014203458114315025
2010-10-29,0.011445586912333374
2010-11-01,0.013601370468148084
2010-11-02,0.011120594847514395
2010-11-03,0.012202794760640756
2010-11-04,0.012449855719553711
2010-11-05,0.018017685294151806
2010-11-08,0.017792277700347997
2010-11-09,0.012815029378417456
2010-11-10,0.013956015944490481
2010-11-11,0.01153795597825556
2010-11-12,0.013532645197394274
2010-11-15,0.01293396336695533
2010-11-16,0.012865480138423393
2010-11-17,0.010727891432272539
2010-11-18,0.01240572018434626
2010-11-19,0.01392466970026402
2010-11-22,0.012669506034829733
2010-11-23,0.013451380353817006
2010-11-24,0.011937113979338323
2010-11-26,0.012539907247838355
2010-11-29,0.009697410857323164
2010-11-30,0.012005349750078977
2010-12-01,0.012928067795246781
2010-12-02,0.013033296984239181
2010-12-03,0.013412520375290166
2010-12-06,0.012485898146189146
2010-12-07,0.01119990493262886
2010-12-08,0.012735164770486798
2010-12-09,0.014401381721882553
2010-12-10,0.01194552430479074
2010-12-13,0.011628019428961859
2010-12-14,0.012587696177948176
2010-12-15,0.012994904480404048
2010-12-16,0.01206175805128836
2010-12-17,0.01314853001625712
2010-12-20,0.013059898477353697
2010-12-21,0.011840330702000782
2010-12-22,0.013648050133414028
2010-12-23,0.012380500680330172
2010-12-27,0.009328501563081343
2010-12-28,0.009681101809515391
2010-12-29,0.008835368053708513
2010-12-30,0.01083738111389585
2010-12-31,0.008883035829658626
2011-01-03,0.011192910233372252
2011-01-04,0.3763378583709718
2011-01-05,0.014100031438489627
2011-01-06,0.015572213109069751
2011-01-07,0.015492308267126262
2011-01-10,0.015498653096701835
2011-01-11,0.014639344392454633
2011-01-12,0.015202414312975296
2011-01-13,0.01530173515464162
2011-01-14,0.01308210136913767
2011-01-18,0.01558057019274062
2011-01-19,0.0142574270189531
2011-01-20,0.014783859746227288
2011-01-21,0.01708668346329468
2011-01-24,0.014595793020406707
2011-01-25,0.015902840753943007
2011-01-26,0.01492591563660571
2011-01-27,0.018392545198235924
2011-01-28,0.017569693157908434
2011-01-31,0.01638779239458804
2011-02-01,0.014874941104541392
2011-02-02,0.014898474279483646
2011-02-03,0.015226123669656802
2011-02-04,0.012898396600181116
2011-02-07,0.014916608924797526
2011-02-08,0.013496518154798342
2011-02-09,0.014624809802798051
2011-02-10,0.014818432634473752
2011-02-11,0.015700722057715173
2011-02-14,0.013507819624593295
2011-02-15,0.015454801679626175
2011-02-16,0.013791582664864377
2011-02-17,0.014621965126885204
2011-02-18,0.01611571756602404
2011-02-22,0.013327306412564952
2011-02-23,0.01714178658203773
2011-02-24,0.016687990226576473
2011-02-25,0.016603487901680508
2011-02-28,0.014691277742101176
2011-03-01,0.016193365747154836
2011-03-02,0.015211489077102678
2011-03-03,0.013737048629526483
2011-03-04,0.013753140518214664
2011-03-07,0.01369904901890923
2011-03-08,0.012418594269662209
2011-03-09,0.015859710405530577
2011-03-10,0.01620242860222599
2011-03-11,0.016833528599715326
2011-03-14,0.014332446320575875
2011-03-15,0.012221069865537443
2011-03-16,0.01569608389076019
2011-03-17,0.01513189978312608
2011-03-18,0.01465425989198241
2011-03-21,0.015101347697395127
2011-03-22,0.013211422276207467
2011-03-23,0.013252567695228453
2011-03-24,0.01551729341745264
2011-03-25,0.01556205567773476
2011-03-28,0.012841527099614464
2011-03-29,0.01228819943172182
2011-03-30,0.012705213506561784
2011-03-31,0.013115591791283313
2011-04-01,0.01250644236194045
2011-04-04,0.029744376753602912
2011-04-05,0.012555889598256995
2011-04-06,0.012476620153977639
2011-04-07,0.01589275280997036
2011-04-08,0.01195795423357153
2011-04-11,0.01051473453111105
2011-04-12,0.014423491658849838
2011-04-13,0.01633274381247282
2011-04-14,0.01401352424714586
2011-04-15,0.012301389901777492
2011-04-18,0.012148203695034915
2011-04-19,0.011479346381933568
2011-04-20,0.0143833186531604
2011-04-21,0.017419062320187962
2011-04-25,0.0158489271147474
2011-04-26,0.01133576294035542
2011-04-27,0.015348915973317966
2011-04-28,0.014304861325437578
2011-04-29,0.012816150662599095
2011-05-02,0.012807374597873348
2011-05-03,0.014392336068802497
2011-05-04,0.015528183347556191
2011-05-05,0.013730433961925352
2011-05-06,0.013822211158902017
2011-05-09,0.010564780428758231
2011-05-10,0.014184106014119725
2011-05-11,0.011939967235497305
2011-05-12,0.015453545551935888
2011-05-13,0.013447099512044456
2011-05-16,0.012847909162616172
2011-05-17,0.01338131191266681
2011-05-18,0.013825738458524223
2011-05-19,0.01559009277476391
2011-05-20,0.011449675806392364
2011-05-23,0.012207554175045328
2011-05-24,0.012146976216173638
2011-05-25,0.013966165666188076
2011-05-26,0.014807899499542938
2011-05-27,0.011906945473405168
2011-05-31,0.010756108862365225
2011-06-01,0.010758511821570307
2011-06-02,0.022739240268819398
2011-06-03,0.014139852725430125
2011-06-06,0.011838992455504203
2011-06-07,0.013707811755860312
2011-06-08,0.011913822989341825
2011-06-09,0.01243842914581304
2011-06-10,0.010860967082970477
2011-06-13,0.012324195391270104
2011-06-14,0.012979683210727282
2011-06-15,0.01348961076626582
2011-06-16,0.011471930456862608
2011-06-17,0.011937764390564359
2011-06-20,0.0123371362669428
2011-06-21,0.01180073882197246
2011-06-22,0.014079377897777901
2011-06-23,0.011036766330797948
2011-06-24,0.013132581542877412
2011-06-27,0.013749827043266412
2011-06-28,0.011965313347347477
2011-06-29,0.01328594424049627
2011-06-30,0.01572980653738531
2011-07-01,0.0114944725381445
2011-07-05,0.012066927352892502
2011-07-06,0.013380891973798641
2011-07-07,0.01232207037194741
2011-07-08,0.011888391542612791
2011-07-11,0.011697414844824137
2011-07-12,0.011854855125078449
2011-07-13,0.011875949220675572
2011-07-14,0.009364616021106642
2011-07-15,0.012202058981678188
2011-07-18,0.01372166037634297
2011-07-19,0.011039999869630408
2011-07-20,0.01430052588776378
2011-07-21,0.012861848342172723
2011-07-22,0.016619388952506895
2011-07-25,0.01436272374563373
2011-07-26,0.011643762136994423
2011-07-27,0.01443887146217807
2011-07-28,0.013726610314141961
2011-07-29,0.014724947398763564
2011-08-01,0.010566058440281407
2011-08-02,0.013010509842578816
2011-08-03,0.01413412806447071
2011-08-04,0.012768002321491941
2011-08-05,0.019839497771700552
2011-08-08,0.0186754987587439
2011-08-09,0.028879944988418244
2011-08-10,0.022744927152860316
2011-08-11,0.02102961783620612
2011-08-12,0.01883422967395682
2011-08-15,0.015855330910011477
2011-08-16,0.014772567056532257
2011-08-17,0.017224261985993097
2011-08-18,0.01315236143368099
2011-08-19,0.022646951537933935
2011-08-22,0.022101400830673558
2011-08-23,0.01640765068771083
2011-08-24,0.019075568746664058
2011-08-25,0.015672660054698882
2011-08-26,0.015781542850061607
2011-08-29,0.014575853394480906
2011-08-30,0.01661012845129719
2011-08-31,0.01488174276251628
2011-09-01,0.012943748763211938
2011-09-02,0.014537042856859068
2011-09-06,0.018795283537399926
2011-09-07,0.016244766527155768
2011-09-08,0.018350363221803417
2011-09-09,0.015944740623561965
2011-09-12,0.015957658601571598
2011-09-13,0.01318752011044973
2011-09-14,0.014914857986004481
2011-09-15,0.013582951522676107
2011-09-16,0.015941808022513458
2011-09-19,0.015291498468883436
2011-09-20,0.018437108848638063
2011-09-21,0.01697527129646362
2011-09-22,0.022086130596889984
2011-09-23,0.02142089522161885
2011-09-26,0.016593056502891883
2011-09-27,0.019376223980703086
2011-09-28,0.016438703424448496
2011-09-29,0.018585738718812625
2011-09-30,0.023678285996432777
2011-10-03,0.01877619134171997
2011-10-04,0.02442044086592172
2011-10-05,0.02150363803977591
2011-10-06,0.023249031515817482
2011-10-07,0.02031852691397838
2011-10-10,0.023581308943395315
2011-10-11,0.01714877456008586
2011-10-12,0.014141509098794077
2011-10-13,0.015925305224501772
2011-10-14,0.01842381490060222
2011-10-17,0.015506797097342779
2011-10-18,0.018264825004523904
2011-10-19,0.023349204416766547
2011-10-20,0.018868397771242135
2011-10-21,0.016519455202407763
2011-10-24,0.016536524847127913
2011-10-25,0.019285063513375465
2011-10-26,0.02448472204357971
2011-10-27,0.020227110159250376
2011-10-28,0.02745393131960205
2011-10-31,0.020121426044068576
2011-11-01,0.023173674035048306
2011-11-02,0.0197375441584477
2011-11-03,0.017551005049548304
2011-11-04,0.016194277676630106
2011-11-07,0.01668133970056912
2011-11-08,0.014321867346379746
2011-11-09,0.013596664629526807
2011-11-10,0.02114685291913997
2011-11-11,0.015165316017831245
2011-11-14,0.014173183167978196
2011-11-15,0.014191128608445696
2011-11-16,0.01477405073046379
2011-11-17,0.01791739095755718
2011-11-18,0.01843296192145482
2011-11-21,0.012768376276379497
2011-11-22,0.015428460165683923
2011-11-23,0.014651640696157672
2011-11-25,0.016225879568917613
2011-11-28,0.012229302579788923
2011-11-29,0.01758539810465784
2011-11-30,0.01815815805416209
2011-12-01,0.025750494495101507
2011-12-02,0.01426729613875729
2011-12-05,0.01667024924914599
2011-12-06,0.016918955318975387
2011-12-07,0.013833256998812896
2011-12-08,0.014028746828155827
2011-12-09,0.019957232280240916
2011-12-12,0.013117589863429296
2011-12-13,0.01701331897834043
2011-12-14,0.016654893859092596
2011-12-15,0.016971123681772685
2011-12-16,0.014731854440645042
2011-12-19,0.03322251447056298
2011-12-20,0.018394664725971007
2011-12-21,0.01756834431432875
2011-12-22,0.015436105776613022
2011-12-23,0.021808151679066117
2011-12-27,0.012283923502687066
2011-12-28,0.013156464228825954
2011-12-29,0.01155156365391926
2011-12-30,0.011011415969027764
2012-01-03,0.012143931160382102
2012-01-04,0.21074139634053854
2012-01-05,0.015428467019410022
2012-01-06,0.018590164130503035
2012-01-09,0.015584406474790684
2012-01-10,0.016659082602705204
2012-01-11,0.017263176315081882
2012-01-12,0.019718454232116725
2012-01-13,0.011763935744775767
2012-01-17,0.016607014786454297
2012-01-18,0.01650248322967752
2012-01-19,0.02096605679235273
2012-01-20,0.02026115933955926
2012-01-23,0.017759280868639545
2012-01-24,0.01572849847392716
2012-01-25,0.014813524168393996
2012-01-26,0.018801173318998297
2012-01-27,0.018584341553096326
2012-01-30,0.01705066443810008
2012-01-31,0.0140252646907158
2012-02-01,0.016686447902024525
2012-02-02,0.01584228810823111
2012-02-03,0.017483919998970827
2012-02-06,0.01887274131722347
2012-02-07,0.013844306051097155
2012-02-08,0.015573243449537616
2012-02-09,0.015409473624791076
2012-02-10,0.01632475454334041
2012-02-13,0.017624374506637057
2012-02-14,0.01461749139798677
2012-02-15,0.016310714659612775
2012-02-16,0.016371371036725216
2012-02-17,0.015870863999716656
2012-02-21,0.015746220873640006
2012-02-22,0.015268528507430257
2012-02-23,0.015464865772388836
2012-02-24,0.016377791111712715
2012-02-27,0.014647465277346283
2012-02-28,0.01518288280110319
2012-02-29,0.013848354476321016
2012-03-01,0.017209613623300236
2012-03-02,0.015734760859090105
2012-03-05,0.014534802197707059
2012-03-06,0.019014630867613676
2012-03-07,0.012967655756998544
2012-03-08,0.014338136528667889
2012-03-09,0.013339798363506112
2012-03-12,0.014315290165076959
2012-03-13,0.015012951936279913
2012-03-14,0.0175454800247129
2012-03-15,0.01741219775621987
2012-03-16,0.019102699367656406
2012-03-19,0.014345069041375965
2012-03-20,0.014769373023259423
2012-03-21,0.017186824999659626
2012-03-22,0.01469989878271668
2012-03-23,0.016621619666680847
2012-03-26,0.014393107751020179
2012-03-27,0.013564393144366896
2012-03-28,0.013397089219305505
2012-03-29,0.01580342418062076
2012-03-30,0.014400231905818607
2012-04-02,0.013139888579094858
2012-04-03,0.017178330808490048
2012-04-04,0.01555954892326088
2012-04-05,0.012550174847001373
2012-04-09,0.013346281399926808
2012-04-10,0.011443189514711918
2012-04-11,0.014638025643168845
2012-04-12,0.01658633644634919
2012-04-13,0.01865475286746996
2012-04-16,0.01598127798903339
2012-04-17,0.01692638132298739
2012-04-18,0.015603405788565387
2012-04-19,0.015201064821716738
2012-04-20,0.0164004241104578
2012-04-23,0.01694258585385024
2012-04-24,0.012773995148205973
2012-04-25,0.017595412309768722
2012-04-26,0.016562617881248624
2012-04-27,0.014363771830948948
2012-04-30,0.01381140627989953
2012-05-01,0.013523838424340505
2012-05-02,0.01312764161523906
2012-05-03,0.01611318356272899
2012-05-04,0.014539956389113864
2012-05-07,0.014986121163334368
2012-05-08,0.013163831629167212
2012-05-09,0.013796495033563462
2012-05-10,0.012722157541045595
2012-05-11,0.01604449771285866
2012-05-14,0.01577125110778065
2012-05-15,0.012894526457174026
2012-05-16,0.01978455089168605
2012-05-17,0.01668868452450362
2012-05-18,0.015528613454131802
2012-05-21,0.016240254449928875
2012-05-22,0.016941591941214952
2012-05-23,0.014532895275193768
2012-05-24,0.01704530691994681
2012-05-25,0.01769858809858409
2012-05-29,0.03695983958009124
2012-05-30,0.013673502957482011
2012-05-31,0.016947677502990668
2012-06-01,0.016209805412409118
2012-06-04,0.015298104936973233
2012-06-05,0.015219805062400898
2012-06-06,0.014973001884313046
2012-06-07,0.01636405643915748
2012-06-08,0.013548351822084009
2012-06-11,0.01440602933977178
2012-06-12,0.01591184888835388
2012-06-13,0.017245531784417723
2012-06-14,0.015037581312914603
2012-06-15,0.01487451114968816
2012-06-18,0.014035382872406105
2012-06-19,0.016510780925387915
2012-06-20,0.018354116494451386
2012-06-21,0.013608974421630534
2012-06-22,0.02001380563341443
2012-06-25,0.015673920127070667
2012-06-26,0.015313653078826966
2012-06-27,0.012247576792877402
2012-06-28,0.016267174015592745
2012-06-29,0.014995353005508095
2012-07-02,0.016245862738395372
2012-07-03,0.01480304365663709
2012-07-05,0.01855623323811962
2012-07-06,0.015386046047407155
2012-07-09,0.015011424330027355
2012-07-10,0.015148504119662454
2012-07-11,0.016129330549679362
2012-07-12,0.01362238397101325
2012-07-13,0.013738403603890986
2012-07-16,0.012284590317782519
2012-07-17,0.015082256197193463
2012-07-18,0.013902556645920074
2012-07-19,0.014925036442843993
2012-07-20,0.018206410793441923
2012-07-23,0.01855245043514192
2012-07-24,0.014322371766261574
2012-07-25,0.0158961110300231
2012-07-26,0.023099814476822692
2012-07-27,0.019481555211059362
2012-07-30,0.018675563341197587
2012-07-31,0.012717208532472206
2012-08-01,0.01631368265826315
2012-08-02,0.013813697831645764
2012-08-03,0.019643408969512
2012-08-06,0.01565815295159876
2012-08-07,0.016454887940831747
2012-08-08,0.017833366001091387
2012-08-09,0.014629274598173184
2012-08-10,0.015997495155822467
2012-08-13,0.011249443782347785
2012-08-14,0.012652512451416648
2012-08-15,0.013798452697338984
2012-08-16,0.014037511722195365
2012-08-17,0.012750913081033387
2012-08-20,0.010842081516401996
2012-08-21,0.012654813580305648
2012-08-22,0.01436226547238015
2012-08-23,0.012460728943025913
2012-08-24,0.01589118742175349
2012-08-27,0.012185447029324446
2012-08-28,0.01234434400303793
2012-08-29,0.011522499935010273
2012-08-30,0.012305454450288807
2012-08-31,0.015161332943571044
2012-09-04,0.011965063255359272
2012-09-05,0.016009790745759603
2012-09-06,0.011949358010806377
2012-09-07,0.013953177013639326
2012-09-10,0.02550592101569973
2012-09-11,0.01230748728088302
2012-09-12,0.017342816260306114
2012-09-13,0.013277045655857784
2012-09-14,0.014804334633186533
2012-09-17,0.017410312300269078
2012-09-18,0.016260248472668368
2012-09-19,0.011833081026523997
2012-09-20,0.011883459108089084
2012-09-21,0.014171210288266501
2012-09-24,0.01237431585751406
2012-09-25,0.01306726855096864
2012-09-26,0.014838870467015815
2012-09-27,0.012790278576920354
2012-09-28,0.014334191224486516
2012-10-01,0.011810303321651902
2012-10-02,0.012468302851949322
2012-10-03,0.04215722114055635
2012-10-04,0.01856447256025026
2012-10-05,0.01530193103244695
2012-10-08,0.011873314575228793
2012-10-09,0.014952755222509644
2012-10-10,0.016745187498212334
2012-10-11,0.014132261913539508
2012-10-12,0.018154008135787793
2012-10-15,0.01372053769592185
2012-10-16,0.013997318788962553
2012-10-17,0.015633073842503262
2012-10-18,0.01617042424160313
2012-10-19,0.015347684765132708
2012-10-22,0.016448815420359315
2012-10-23,0.01581869641038961
2012-10-24,0.01397350558392234
2012-10-25,0.018483466388776695
2012-10-26,0.017280019838111782
2012-10-31,0.016498715193358573
2012-11-01,0.01974449503710831
2012-11-02,0.017965650073891174
2012-11-05,0.016338720552934397
2012-11-06,0.014006884635156105
2012-11-07,0.01696104952081846
2012-11-08,0.018898776578085346
2012-11-09,0.014951535865807407
2012-11-12,0.015379857883817181
2012-11-13,0.015465782694494105
2012-11-14,0.015081557171422037
2012-11-15,0.015646875311928824
2012-11-16,0.016815509850902216
2012-11-19,0.014858173615834537
2012-11-20,0.014638442523125777
2012-11-21,0.017772891115630338
2012-11-23,0.012716143869232898
2012-11-26,0.013107907902562901
2012-11-27,0.013655049065668494
2012-11-28,0.013108795533704557
2012-11-29,0.014600420647566812
2012-11-30,0.01427412595319739
2012-12-03,0.013607758981899781
2012-12-04,0.014834378685481845
2012-12-05,0.016621974479158478
2012-12-06,0.017616091337207762
2012-12-07,0.013980355417428685
2012-12-10,0.013738720565885935
2012-12-11,0.015099453107965238
2012-12-12,0.014441926431503169
2012-12-13,0.015548355424077669
2012-12-14,0.015164489133011399
2012-12-17,0.016978246291095494
2012-12-18,0.014910855567064438
2012-12-19,0.016373332197282583
2012-12-20,0.013485379202973649
2012-12-21,0.014989694760674448
2012-12-24,0.015603227162476092
2012-12-26,0.014367027286893607
2012-12-27,0.01436934956849134
2012-12-28,0.012898724846346646
2012-12-31,0.012758983571652976
2013-01-02,0.011870984542163274
2013-01-03,0.13576457632164723
2013-01-04,0.015708187678161487
2013-01-07,0.012769737587813355
2013-01-08,0.013362481700954186
2013-01-09,0.012983673871968311
2013-01-10,0.012032982022738314
2013-01-11,0.011295140978626442
2013-01-14,0.012708209548809551
2013-01-15,0.012631572756845675
2013-01-16,0.01195941504942526
2013-01-17,0.011692327085329494
2013-01-18,0.011075165212452802
2013-01-22,0.011921234561312147
2013-01-23,0.013258306975079575
2013-01-24,0.012657606165544582
2013-01-25,0.01892395236790175
2013-01-28,0.013281937841898307
2013-01-29,0.01272980511107159
2013-01-30,0.017019989377163407
2013-01-31,0.011455386669495629
2013-02-01,0.01176998738989874
2013-02-04,0.010469980165740168
2013-02-05,0.009989698606941171
2013-02-06,0.010694785387625912
2013-02-07,0.012087002413142547
2013-02-08,0.011430765587370322
2013-02-11,0.00997914731153136
2013-02-12,0.010424183621996552
2013-02-13,0.009529362596425405
2013-02-14,0.01472848723861099
2013-02-15,0.014070662746371244
2013-02-19,0.01335120783815191
2013-02-20,0.01296084593159501
2013-02-21,0.01560343560549195
2013-02-22,0.013032040629030541
2013-02-25,0.013293116386959928
2013-02-26,0.013616049798601544
2013-02-27,0.011971468028058133
2013-02-28,0.012830971285514466
2013-03-01,0.012432361119117236
2013-03-04,0.010768647072762325
2013-03-05,0.013794345969238694
2013-03-06,0.010851766523972753
2013-03-07,0.01217664971286116
2013-03-08,0.012747184972862239
2013-03-11,0.010609823789369185
2013-03-12,0.011188967100002549
2013-03-13,0.011633733236529564
2013-03-14,0.010928975843724577
2013-03-15,0.012324492578009385
2013-03-18,0.012606772978179321
2013-03-19,0.011389612519772968
2013-03-20,0.01417605081832186
2013-03-21,0.011461639951597718
2013-03-22,0.010060017579125467
2013-03-25,0.011195664018686314
2013-03-26,0.011935446736309783
2013-03-27,0.011425453539808759
2013-03-28,0.012544706940068808
2013-04-01,0.01071651024894819
2013-04-02,0.011742821549598978
2013-04-03,0.015256701889210914
2013-04-04,0.010826763772667317
2013-04-05,0.009969935811348776
2013-04-08,0.013474134766575583
2013-04-09,0.010401083429416305
2013-04-10,0.021073830718510794
2013-04-11,0.013025972091559224
2013-04-12,0.01480522055826125
2013-04-15,0.01350597800316226
2013-04-16,0.014872690557214276
2013-04-17,0.012189168723212837
2013-04-18,0.0119010001604276
2013-04-19,0.015445711819532786
2013-04-22,0.017868742282164486
2013-04-23,0.01135565390974655
2013-04-24,0.014528315865516039
2013-04-25,0.023529989282046873
2013-04-26,0.014945194936592503
2013-04-29,0.013188205243667588
2013-04-30,0.012094082427839496
2013-05-01,0.014243863351816884
2013-05-02,0.011860483940846933
2013-05-03,0.012215053656706588
2013-05-06,0.013451124206353637
2013-05-07,0.012916035818523828
2013-05-08,0.013170043149688615
2013-05-09,0.015185510564926404
2013-05-10,0.011681023038080923
2013-05-13,0.011168941382611486
2013-05-14,0.014754013069184908
2013-05-15,0.012797379252672905
2013-05-16,0.012757223154951461
2013-05-17,0.013119022561533415
2013-05-20,0.013310249171252338
2013-05-21,0.015840267453243795
2013-05-22,0.010535482545251778
2013-05-23,0.011857118810699216
2013-05-24,0.014142097006174982
2013-05-28,0.010420987628957804
2013-05-29,0.010914018867671118
2013-05-30,0.014031904578978292
2013-05-31,0.010420782768369786
2013-06-03,0.012020525339624348
2013-06-04,0.013578239456727727
2013-06-05,0.013296799369389063
2013-06-06,0.013279028400133706
2013-06-07,0.011914984806215551
2013-06-10,0.01338014987997416
2013-06-11,0.012265875404275582
2013-06-12,0.011999167273918176
2013-06-13,0.01227777800324849
2013-06-14,0.012487352522791526
2013-06-17,0.01153471488841978
2013-06-18,0.011065010027604648
2013-06-19,0.010932720715971882
2013-06-20,0.010748418492700095
2013-06-21,0.01231618338201416
2013-06-24,0.013851268649763536
2013-06-25,0.016737311003334785
2013-06-26,0.012057823443841072
2013-06-27,0.014458404857751586
2013-06-28,0.01219582734662485
2013-07-01,0.01329746833558089
2013-07-02,0.011023957769218752
2013-07-03,0.013455521083290975
2013-07-05,0.011434164329426209
2013-07-08,0.011517980369722782
2013-07-09,0.032471842023891834
2013-07-10,0.01194130429366885
2013-07-11,0.012419764069479
2013-07-12,0.01356790531525983
2013-07-15,0.012608085001213763
2013-07-16,0.009815060185042836
2013-07-17,0.010871414994476946
2013-07-18,0.011728550716468094
2013-07-19,0.011699635599799346
2013-07-22,0.017658290385512126
2013-07-23,0.01190478217349554
2013-07-24,0.013904984978269126
2013-07-25,0.016709931422683764
2013-07-26,0.012283517914938953
2013-07-29,0.012640755272464903
2013-07-30,0.010876601649443911
2013-07-31,0.014031986334066876
2013-08-01,0.013031612593308624
2013-08-02,0.012249837610146322
2013-08-05,0.014242171482867797
2013-08-06,0.0102058815791983
2013-08-07,0.012518770623886948
2013-08-08,0.01079229638215236
2013-08-09,0.016527669108100704
2013-08-12,0.016013679311087693
2013-08-13,0.011187961721594796
2013-08-14,0.012143945953268577
2013-08-15,0.013083506022515862
2013-08-16,0.01536833227359437
2013-08-19,0.011165337470908723
2013-08-20,0.013778504933906255
2013-08-21,0.011258125211572295
2013-08-22,0.012439306664893313
2013-08-23,0.013658462697802113
2013-08-26,0.011249767337465386
2013-08-27,0.010887684633146214
2013-08-28,0.013599635015609315
2013-08-29,0.010938734975643759
2013-08-30,0.01086125841220003
2013-09-03,0.010468499094898042
2013-09-04,0.011212429981312881
2013-09-05,0.011796706553829524
2013-09-06,0.012327609785269932
2013-09-09,0.00984463478383007
2013-09-10,0.011115357275862024
2013-09-11,0.012622724902375426
2013-09-12,0.013248061415263801
2013-09-13,0.012476372452488328
2013-09-16,0.012205071627123493
2013-09-17,0.011644529753321177
2013-09-18,0.010622921069113337
2013-09-19,0.014397556050364805
2013-09-20,0.012361971905296367
2013-09-23,0.01275430422654598
2013-09-24,0.012835684532491355
2013-09-25,0.011636578386907655
2013-09-26,0.013473199476520965
2013-09-27,0.011459499271744203
2013-09-30,0.014467316292748438
2013-10-01,0.010905301887475
2013-10-02,0.011444543489592531
2013-10-03,0.011707683761629385
2013-10-04,0.010635197509510783
2013-10-07,0.012075074832462522
2013-10-08,0.01099651309848815
2013-10-09,0.01288521228653781
2013-10-10,0.0119993535743115
2013-10-11,0.01347360269500368
2013-10-14,0.012082540839530477
2013-10-15,0.010788503886143894
2013-10-16,0.01379565776852708
2013-10-17,0.013192914457681611
2013-10-18,0.014275530435355382
2013-10-21,0.015204149428294825
2013-10-22,0.013973761690342723
2013-10-23,0.015773186065814817
2013-10-24,0.019020432041709293
2013-10-25,0.01410786208469225
2013-10-28,0.01288792421115926
2013-10-29,0.013037077410868092
2013-10-30,0.01909396676827152
2013-10-31,0.012430447443131504
2013-11-01,0.012512399258381508
2013-11-04,0.016030801174983636
2013-11-05,0.014618964666527222
2013-11-06,0.01161456324830844
2013-11-07,0.013496443140774889
2013-11-08,0.014437519575236708
2013-11-11,0.012852670842679041
2013-11-12,0.01011672898245586
2013-11-13,0.011782862092001831
2013-11-14,0.011518406867651956
2013-11-15,0.012159121450157373
2013-11-18,0.010611423263399221
2013-11-19,0.010396938068401541
2013-11-20,0.011599221346741236
2013-11-21,0.012742741712589227
2013-11-22,0.013839420051014921
2013-11-25,0.012466220255833499
2013-11-26,0.012139717899421296
2013-11-27,0.011176264919655225
2013-11-29,0.010753362926662199
2013-12-02,0.007866941859532031
2013-12-03,0.03691289726565393
2013-12-04,0.010934915369692919
2013-12-05,0.012977379603331304
2013-12-06,0.01147434863484104
2013-12-09,0.012024244870396222
2013-12-10,0.01108314398215004
2013-12-11,0.01084123892464932
2013-12-12,0.012562226124292268
2013-12-13,0.010172100940876356
2013-12-16,0.010627799967624047
2013-12-17,0.010344585511312706
2013-12-18,0.010178448660503684
2013-12-19,0.01309240065003262
2013-12-20,0.012581329294653193
2013-12-23,0.012415924412812708
2013-12-24,0.010793993469375145
2013-12-26,0.00871060226955578
2013-12-27,0.00788146869434944
2013-12-30,0.010567407145042658
2013-12-31,0.009063215615812645
2014-01-02,0.012930296237693885
2014-01-03,0.3746117484425596
2014-01-06,0.013798291091676535
2014-01-07,0.014006513767458192
2014-01-08,0.016823452591947067
2014-01-09,0.017678993613367555
2014-01-10,0.016176511770271178
2014-01-13,0.016221502775010263
2014-01-14,0.017214613968830207
2014-01-15,0.017889066227228016
2014-01-16,0.01609853939417364
2014-01-17,0.015725979340112294
2014-01-21,0.017602062020613565
2014-01-22,0.017599287360396204
2014-01-23,0.01814084009484455
2014-01-24,0.01724058261845087
2014-01-27,0.017614510020567922
2014-01-28,0.01440075941115973
2014-01-29,0.018147875232769922
2014-01-30,0.01720101506805122
2014-01-31,0.01896108371999503
2014-02-03,0.019891897334248208
2014-02-04,0.0147014244402944
2014-02-05,0.01734870259920756
2014-02-06,0.015834111387233597
2014-02-07,0.017035701574577643
2014-02-10,0.01884388595008
2014-02-11,0.017391171299219736
2014-02-12,0.015584365284631179
2014-02-13,0.015121281216412612
2014-02-14,0.017467454375728608
2014-02-18,0.014621510203298395
2014-02-19,0.015861401344731758
2014-02-20,0.016603440636053887
2014-02-21,0.015183284712051114
2014-02-24,0.015694740941115344
2014-02-25,0.017077200411934713
2014-02-26,0.015694089645039464
2014-02-27,0.01638937449460736
2014-02-28,0.015185110639182485
2014-03-03,0.014294628788764264
2014-03-04,0.015055720138085708
2014-03-05,0.015497518757224183
2014-03-06,0.013174781346815852
2014-03-07,0.013242076846533028
2014-03-10,0.013293321449755249
2014-03-11,0.013586006089423966
2014-03-12,0.013501499054050407
2014-03-13,0.014326731514128355
2014-03-14,0.013950105737083492
2014-03-17,0.014641841450107725
2014-03-18,0.0128434759821988
2014-03-19,0.013982780052355197
2014-03-20,0.013871721989764267
2014-03-21,0.014014172423209867
2014-03-24,0.015114621489097375
2014-03-25,0.014563024738360571
2014-03-26,0.0138820854791738
2014-03-27,0.013853702584628534
2014-03-28,0.01440631127330955
2014-03-31,0.015668246022834804
2014-04-01,0.014536058075037004
2014-04-02,0.018710024763095443
2014-04-03,0.027847008515135777
2014-04-04,0.016041550558376534
2014-04-07,0.016657054622781747
2014-04-08,0.017316593110911004
2014-04-09,0.015769563007790206
2014-04-10,0.018653405389774457
2014-04-11,0.016855661521066243
2014-04-14,0.02013415949998402
2014-04-15,0.01578782802208756
2014-04-16,0.01425218099472128
2014-04-17,0.015837857100553937
2014-04-21,0.01654560515212314
2014-04-22,0.015983076092944176
2014-04-23,0.016857518215707808
2014-04-24,0.015956701528104307
2014-04-25,0.01688437136477464
2014-04-28,0.017313871680284816
2014-04-29,0.01918407512294349
2014-04-30,0.017217068402129245
2014-05-01,0.01694231914889792
2014-05-02,0.015947547763058116
2014-05-05,0.015589330800088983
2014-05-06,0.017225077514299435
2014-05-07,0.016169870438267307
2014-05-08,0.018672157169131162
2014-05-09,0.017413390730544123
2014-05-12,0.015955211887286457
2014-05-13,0.01630376824785083
2014-05-14,0.016143554721886798
2014-05-15,0.0160231796309653
2014-05-16,0.01569901170489508
2014-05-19,0.016354833796929834
2014-05-20,0.01548246159356347
2014-05-21,0.016449162977504903
2014-05-22,0.01523721267994502
2014-05-23,0.016217563148125367
2014-05-27,0.015692122188038258
2014-05-28,0.016083918233573254
2014-05-29,0.016557981002056806
2014-05-30,0.015043100379280343
2014-06-02,0.016955668123040734
2014-06-03,0.014373442277187457
2014-06-04,0.013345096588601526
2014-06-05,0.015804258723575867
2014-06-06,0.015360295288092279
2014-06-09,0.015268245282587058
2014-06-10,0.032299712553727884
2014-06-11,0.01546412964415404
2014-06-12,0.01653078308895332
2014-06-13,0.018203954628010045
2014-06-16,0.016558674298262608
2014-06-17,0.01628242930706366
2014-06-18,0.016090472461120667
2014-06-19,0.015997327648638426
2014-06-20,0.016711477587883727
2014-06-23,0.018865721488955718
2014-06-24,0.015914741128891696
2014-06-25,0.01775885170284094
2014-06-26,0.016822879992300924
2014-06-27,0.014282327305369005
2014-06-30,0.015588708858927571
2014-07-01,0.013376033065234365
2014-07-02,0.016246439893265706
2014-07-03,0.03859233746365368
2014-07-07,0.013874624728619772
2014-07-08,0.01516774230446963
2014-07-09,0.01580002745413709
2014-07-10,0.01631987005686674
2014-07-11,0.014625487241784134
2014-07-14,0.014083647868417001
2014-07-15,0.01483116607309074
2014-07-16,0.016383428895933857
2014-07-17,0.02117317990986021
2014-07-18,0.01745044156060494
2014-07-21,0.01551835948383356
2014-07-22,0.015172257341066427
2014-07-23,0.017027473268051364
2014-07-24,0.01786121101633691
2014-07-25,0.018122177757813905
2014-07-28,0.01565933899227514
2014-07-29,0.015112366967320807
2014-07-30,0.016852120911957456
2014-07-31,0.016673523879971598
2014-08-01,0.016637685330978064
2014-08-04,0.016440773870983392
2014-08-05,0.016643023000992557
2014-08-06,0.017071835607075377
2014-08-07,0.018859557116837254
2014-08-08,0.016540394279979883
2014-08-11,0.015790274500250785
2014-08-12,0.014869152654919353
2014-08-13,0.014250132214519628
2014-08-14,0.015395939725158125
2014-08-15,0.016665602023869085
2014-08-18,0.015856728860900275
2014-08-19,0.014768073455908602
2014-08-20,0.01666983677044818
2014-08-21,0.015978830368853544
2014-08-22,0.016246506988810486
2014-08-25,0.013730530607342788
2014-08-26,0.01600541312972973
2014-08-27,0.01529715878091252
2014-08-28,0.01420709913030773
2014-08-29,0.01289232369516451
2014-09-02,0.01375878647618102
2014-09-03,0.014521001977542223
2014-09-04,0.014742518409073323
2014-09-05,0.015520568100661884
2014-09-08,0.013729237392142313
2014-09-09,0.015532604962591894
2014-09-10,0.01504652444491695
2014-09-11,0.015992891741647593
2014-09-12,0.015233866483285613
2014-09-15,0.015455523796436284
2014-09-16,0.01771517491190846
2014-09-17,0.015225471611818848
2014-09-18,0.014641744871801494
2014-09-19,0.015566069165564349
2014-09-22,0.01662401415703958
2014-09-23,0.0279773985224822
2014-09-24,0.016396032630672942
2014-09-25,0.015809626820192005
2014-09-26,0.01428363544706188
2014-09-29,0.016557961172538802
2014-09-30,0.015771390669834573
2014-10-01,0.015111990977143278
2014-10-02,0.014651825917107304
2014-10-03,0.014370517036932871
2014-10-06,0.016321174531907096
2014-10-07,0.013434972328341004
2014-10-08,0.016329391424217816
2014-10-09,0.01586829375267648
2014-10-10,0.015353046884488951
2014-10-13,0.01852077768752993
2014-10-14,0.017510566214003827
2014-10-15,0.014158881102952242
2014-10-16,0.016076792013484928
2014-10-17,0.01844596091416176
2014-10-20,0.016231605829145096
2014-10-21,0.015287115278986609
2014-10-22,0.016990851523389014
2014-10-23,0.016685852833244624
2014-10-24,0.017524493944935625
2014-10-27,0.01612393534089191
2014-10-28,0.014595779442170432
2014-10-29,0.0177303432779365
2014-10-30,0.01677372502377006
2014-10-31,0.018727593126399426
2014-11-03,0.018763488009179798
2014-11-04,0.013816166894891173
2014-11-05,0.017835620730880887
2014-11-06,0.018440769580603353
2014-11-07,0.01759136765794846
2014-11-10,0.017159183806377477
2014-11-11,0.01545884414784962
2014-11-12,0.016036794514152696
2014-11-13,0.01506352407169838
2014-11-14,0.017877467240238108
2014-11-17,0.018777169875148964
2014-11-18,0.019609229074225604
2014-11-19,0.01680814031448502
2014-11-20,0.016623413875174096
2014-11-21,0.017367151606472855
2014-11-24,0.016731626440970152
2014-11-25,0.016414173444124075
2014-11-26,0.015251940430444658
2014-11-28,0.016577048564481427
2014-12-01,0.033610456752421795
2014-12-02,0.019563588189457817
2014-12-03,0.018456959042225215
2014-12-04,0.01825129589630349
2014-12-05,0.0171754045160139
2014-12-08,0.01794932433120835
2014-12-09,0.019263297845091402
2014-12-10,0.017650504377353132
2014-12-11,0.01683571964463956
2014-12-12,0.01472995144689658
2014-12-15,0.017562009640737158
2014-12-16,0.017327055688918343
2014-12-17,0.016474005910930633
2014-12-18,0.01710247359856006
2014-12-19,0.017877540871708376
2014-12-22,0.017722552243282837
2014-12-23,0.018916320371542283
2014-12-24,0.01811371100278551
2014-12-26,0.014154513476789074
2014-12-29,0.013583824058062235
2014-12-30,0.014339284020709022
2014-12-31,0.014761336622511534
2015-01-02,0.009912754443099027
2015-01-05,0.19859831258517296
2015-01-06,0.01798439043139369
2015-01-07,0.016344563072011757
2015-01-08,0.015344631824102044
2015-01-09,0.013067304982644688
2015-01-12,0.012362120145079019
2015-01-13,0.018280154045988727
2015-01-14,0.014009293891953468
2015-01-15,0.015481834706167695
2015-01-16,0.015799907595474068
2015-01-20,0.014491281501799293
2015-01-21,0.01582626318805512
2015-01-22,0.015665814821458696
2015-01-23,0.015249935176574627
2015-01-26,0.01468388408995646
2015-01-27,0.013562455642035473
2015-01-28,0.032135739965185914
2015-01-29,0.016244607135931795
2015-01-30,0.016483713048853457
2015-02-02,0.020444503825078463
2015-02-03,0.015507800788986118
2015-02-04,0.015497253780829813
2015-02-05,0.020013777173526884
2015-02-06,0.013687548376495532
2015-02-09,0.01592500866454933
2015-02-10,0.014938166350081147
2015-02-11,0.01605700746872478
2015-02-12,0.0134067783368471
2015-02-13,0.01397344615234874
2015-02-17,0.014713697150879501
2015-02-18,0.011544158618588329
2015-02-19,0.01460516204531534
2015-02-20,0.014176759652780561
2015-02-23,0.01333609264503994
2015-02-24,0.01470220385218961
2015-02-25,0.0136470470458636
2015-02-26,0.014534274109528924
2015-02-27,0.016003196075727536
2015-03-02,0.012391928054330197
2015-03-03,0.013590415648960796
2015-03-04,0.012934846563968315
2015-03-05,0.011671314884591036
2015-03-06,0.013138642154226294
2015-03-09,0.013313052307466627
2015-03-10,0.016258079656039662
2015-03-11,0.01047489111958691
2015-03-12,0.012145230165785484
2015-03-13,0.015449377148658247
2015-03-16,0.014377799489956617
2015-03-17,0.01143427976362511
2015-03-18,0.03939883578436807
2015-03-19,0.014000365465620022
2015-03-20,0.0159195456487409
2015-03-23,0.01253463077549609
2015-03-24,0.013882309784308228
2015-03-25,0.011069488477831506
2015-03-26,0.016156316210685272
2015-03-27,0.012544885741507451
2015-03-30,0.013369054403901137
2015-03-31,0.011486942936312831
2015-04-01,0.011410726597204861
2015-04-02,0.012880674661462095
2015-04-06,0.012269774693816675
2015-04-07,0.013205867400540494
2015-04-08,0.011264317777834322
2015-04-09,0.011812734464435497
2015-04-10,0.01209650537369566
2015-04-13,0.011405513731907502
2015-04-14,0.011695531098705816
2015-04-15,0.01291151827681913
2015-04-16,0.0184933182334076
2015-04-17,0.013748466274021353
2015-04-20,0.012315434061552338
2015-04-21,0.012764592299372154
2015-04-22,0.015212854301243002
2015-04-23,0.012323990309594812
2015-04-24,0.013442077150419757
2015-04-27,0.01670364932760836
2015-04-28,0.015075995514416672
2015-04-29,0.014291422669131984
2015-04-30,0.01740140743039854
2015-05-01,0.01512223899158328
2015-05-04,0.013558183483007214
2015-05-05,0.011311906942845588
2015-05-06,0.01213206743861363
2015-05-07,0.011675418872915469
2015-05-08,0.01661268920713189
2015-05-11,0.012076392158295557
2015-05-12,0.014473058998610932
2015-05-13,0.010948020620860852
2015-05-14,0.013864605818610796
2015-05-15,0.013887466067770355
2015-05-18,0.009860145034719318
2015-05-19,0.010918568129915809
2015-05-20,0.01485875769278953
2015-05-21,0.009839297624086089
2015-05-22,0.012138451573212646
2015-05-26,0.00945111027761502
2015-05-27,0.01164016311198222
2015-05-28,0.017536103961453182
2015-05-29,0.011221575795111943
2015-06-01,0.01142335127891583
2015-06-02,0.010855199824520734
2015-06-03,0.011996870153844293
2015-06-04,0.01201415581919726
2015-06-05,0.011711338124970026
2015-06-08,0.011220037897485043
2015-06-09,0.010605582790638994
2015-06-10,0.010303898264684216
2015-06-11,0.010260191949483397
2015-06-12,0.02269023951874361
2015-06-15,0.00980078728107266
2015-06-16,0.010354978607824175
2015-06-17,0.00995803292910605
2015-06-18,0.010574179958386332
2015-06-19,0.012183343015686424
2015-06-22,0.009673832593546709
2015-06-23,0.010432352707163525
2015-06-24,0.009910207823634228
2015-06-25,0.009484823051712624
2015-06-26,0.011713430730656992
2015-06-29,0.011629435135844192
2015-06-30,0.01025302692280103
2015-07-01,0.010759441030006422
2015-07-02,0.016973773933132937
2015-07-06,0.009844503315343225
2015-07-07,0.02190520022114007
2015-07-08,0.014139494011479759
2015-07-09,0.012294284500949673
2015-07-10,0.009811824110579253
2015-07-13,0.013475567117626038
2015-07-14,0.011145662015277008
2015-07-15,0.010819859084449789
2015-07-16,0.014872212233872138
2015-07-17,0.013103943683813454
2015-07-20,0.015900342356270615
2015-07-21,0.016013732793082963
2015-07-22,0.013290878956379664
2015-07-23,0.01382432290793221
2015-07-24,0.015633524724521196
2015-07-27,0.015475785727461198
2015-07-28,0.021189873986367746
2015-07-29,0.016787831644479605
2015-07-30,0.012175731601360896
2015-07-31,0.01363463181784995
2015-08-03,0.014508748989312927
2015-08-04,0.016230968993431155
2015-08-05,0.010888537140882393
2015-08-06,0.02086830483517639
2015-08-07,0.025901024842071123
2015-08-10,0.015256997845295703
2015-08-11,0.01960182706325505
2015-08-12,0.015140223568575324
2015-08-13,0.0132712745267979
2015-08-14,0.015533696173902675
2015-08-17,0.011585749995270624
2015-08-18,0.010794982943624196
2015-08-19,0.010857083146723193
2015-08-20,0.015909522209248128
2015-08-21,0.014932190321178582
2015-08-24,0.01369609495178862
2015-08-25,0.0154145498958626
2015-08-26,0.01526285971833664
2015-08-27,0.021085797271939447
2015-08-28,0.02568613840067969
2015-08-31,0.015513610433565861
2015-09-01,0.0171552584285179
2015-09-02,0.01210816056321925
2015-09-03,0.011822313222511207
2015-09-04,0.010276863955938013
2015-09-08,0.009708275416541318
2015-09-09,0.014081143681961832
2015-09-10,0.012575610415761933
2015-09-11,0.011282316769101965
2015-09-14,0.012357161782500636
2015-09-15,0.011421131651809973
2015-09-16,0.009602382722430773
2015-09-17,0.0185209060294785
2015-09-18,0.013385944428169724
2015-09-21,0.01638109661270371
2015-09-22,0.0140192477345666
2015-09-23,0.010933391431411981
2015-09-24,0.015672053561596243
2015-09-25,0.012854228189126701
2015-09-28,0.016532198578436616
2015-09-29,0.017603329530958025
2015-09-30,0.012339308867860553
2015-10-01,0.015193961609621965
2015-10-02,0.014287146266511128
2015-10-05,0.024487747085980074
2015-10-06,0.01707717553114948
2015-10-07,0.023533093386920313
2015-10-08,0.014810788133928414
2015-10-09,0.013723554962532247
2015-10-12,0.013723637659077557
2015-10-13,0.018992053488850705
2015-10-14,0.010979676870337785
2015-10-15,0.01800799685342868
2015-10-16,0.013157262542518153
2015-10-19,0.012968314864452416
2015-10-20,0.016304240917822524
2015-10-21,0.015268975979230513
2015-10-22,0.014523337136973357
2015-10-23,0.01893675179117102
2015-10-26,0.015843861475716182
2015-10-27,0.017319839457769104
2015-10-28,0.01825754963751275
2015-10-29,0.016229332999140516
2015-10-30,0.013219358897097496
2015-11-02,0.0154278290703253
2015-11-03,0.01470305803438643
2015-11-04,0.016240237488472423
2015-11-05,0.013876704495232657
2015-11-06,0.01721763876462316
2015-11-09,0.015353217547864811
2015-11-10,0.013264743926638473
2015-11-11,0.015366401961279919
2015-11-12,0.018949314727728536
2015-11-13,0.012265427344692603
2015-11-16,0.0177746587473195
2015-11-17,0.013632413747498715
2015-11-18,0.01659224425715408
2015-11-19,0.014025105055782507
2015-11-20,0.017651038585040614
2015-11-23,0.016515845545067596
2015-11-24,0.01288565198820337
2015-11-25,0.018649397174601724
2015-11-27,0.011459346142296042
2015-11-30,0.012776248910710273
2015-12-01,0.014290198867089269
2015-12-02,0.013616028367157997
2015-12-03,0.015357394885921275
2015-12-04,0.016520568860957062
2015-12-07,0.019254366437445495
2015-12-08,0.028004377174445757
2015-12-09,0.016528908870860667
2015-12-10,0.017207092199975252
2015-12-11,0.01200046260091537
2015-12-14,0.018405886557268786
2015-12-15,0.017700720863905783
2015-12-16,0.016255003225394735
2015-12-17,0.014669134035445973
2015-12-18,0.015688736306268037
2015-12-21,0.01518319606038593
2015-12-22,0.012150281226710063
2015-12-23,0.011999038541512132
2015-12-24,0.024278177894888404
2015-12-28,0.008381640422503743
2015-12-29,0.015331277747574295
2015-12-30,0.010526019601275922
2015-12-31,0.011534463259383516
2016-01-04,0.012360403014373359
2016-01-05,0.24741433586379794
2016-01-06,0.013605581968616283
2016-01-07,0.02581167588892702
2016-01-08,0.01864463428188656
2016-01-11,0.013863570684160203
2016-01-12,0.023840086427847608
2016-01-13,0.017785946688822836
2016-01-14,0.02328779875039647
2016-01-15,0.021306643789482813
2016-01-19,0.02026793510786494
2016-01-20,0.021082435058517344
2016-01-21,0.020636088229806088
2016-01-22,0.02649774973957022
2016-01-25,0.02007226372362266
2016-01-26,0.025013380520310866
2016-01-27,0.01884814274066334
2016-01-28,0.020871477140739107
2016-01-29,0.02963088443903329
2016-02-01,0.017094460300874064
2016-02-02,0.02936449163325419
2016-02-03,0.02361362279118997
2016-02-04,0.030522230352911645
2016-02-05,0.022758412083775638
2016-02-08,0.025480628761787638
2016-02-09,0.030957074234723596
2016-02-10,0.025621084922694787
2016-02-11,0.01790682259218378
2016-02-12,0.017559026047678616
2016-02-16,0.021684895987880953
2016-02-17,0.021970423575005463
2016-02-18,0.01866539044612247
2016-02-19,0.017397711844241034
2016-02-22,0.017806480313311928
2016-02-23,0.021551819141473978
2016-02-24,0.01956805422096071
2016-02-25,0.017036023189672435
2016-02-26,0.013560154870994628
2016-02-29,0.017108461891873587
2016-03-01,0.014711676247559551
2016-03-02,0.015229526966871331
2016-03-03,0.02842256443562579
2016-03-04,0.041570568262219644
2016-03-07,0.024349421587607382
2016-03-08,0.019688867435848315
2016-03-09,0.03058882074353475
2016-03-10,0.0255002185470092
2016-03-11,0.014053736739856427
2016-03-14,0.016950343682012925
2016-03-15,0.012992357636957394
2016-03-16,0.014573711444150258
2016-03-17,0.017402086072964562
2016-03-18,0.01922768567088644
2016-03-21,0.015324589993546089
2016-03-22,0.011417913012428086
2016-03-23,0.012331381554015988
2016-03-24,0.02251902824450195
2016-03-28,0.01344024341806552
2016-03-29,0.012347364391850215
2016-03-30,0.011687375565783257
2016-03-31,0.011244253897584938
2016-04-01,0.01306165384257847
2016-04-04,0.01928174804518744
2016-04-05,0.01446213012840424
2016-04-06,0.01346073750657686
2016-04-07,0.015457489941570205
2016-04-08,0.014908134644041789
2016-04-11,0.016182661343119856
2016-04-12,0.017076693272075727
2016-04-13,0.02644758676919893
2016-04-14,0.01422126614717507
2016-04-15,0.011674909844323338
2016-04-18,0.012531136087473076
2016-04-19,0.012289210518718383
2016-04-20,0.021254024519919763
2016-04-21,0.013361279641268438
2016-04-22,0.01703722208525248
2016-04-25,0.020024921806814817
2016-04-26,0.01435904885343453
2016-04-27,0.015748241536512407
2016-04-28,0.01852351861201531
2016-04-29,0.015730333907912022
2016-05-02,0.019078922331394736
2016-05-03,0.01564402594072019
2016-05-04,0.016556335840615652
2016-05-05,0.014374976837413705
2016-05-06,0.014824276828954413
2016-05-09,0.019622165186553377
2016-05-10,0.019150095991817245
2016-05-11,0.012967682730590355
2016-05-12,0.016964618874479455
2016-05-13,0.015646408490489122
2016-05-16,0.012154789021575551
2016-05-17,0.014829470111171802
2016-05-18,0.014830243225930542
2016-05-19,0.0379918124174
2016-05-20,0.015388173542811058
2016-05-23,0.01537615194482525
2016-05-24,0.012914598496636415
2016-05-25,0.013439788293624886
2016-05-26,0.017725972841249854
2016-05-27,0.01266263685632258
2016-05-31,0.010828819916609602
2016-06-01,0.012275327973561581
2016-06-02,0.01335426747384737
2016-06-03,0.01229829926284234
2016-06-06,0.012846522137894528
2016-06-07,0.02006712053726493
2016-06-08,0.01707268372223173
2016-06-09,0.014430341970196273
2016-06-10,0.011559269813337365
2016-06-13,0.018786151624166025
2016-06-14,0.011459331314310196
2016-06-15,0.014726507165437813
2016-06-16,0.012978993770534101
2016-06-17,0.01268680977572526
2016-06-20,0.01856194590795904
2016-06-21,0.014201998175392586
2016-06-22,0.014536863480845617
2016-06-23,0.012083420853198083
2016-06-24,0.014643450225921558
2016-06-27,0.02239758728072832
2016-06-28,0.020706319936936064
2016-06-29,0.019407298824459015
2016-06-30,0.016808064334408245
2016-07-01,0.014841106305599398
2016-07-05,0.01893509417928247
2016-07-06,0.019286136158785504
2016-07-07,0.013238817477632456
2016-07-08,0.01402808838049002
2016-07-11,0.01373727247955775
2016-07-12,0.012430643208319011
2016-07-13,0.02405858395644141
2016-07-14,0.013632468838019997
2016-07-15,0.013978216172263944
2016-07-18,0.010329016252832111
2016-07-19,0.013381180313872506
2016-07-20,0.0144800232727898
2016-07-21,0.013406392886293098
2016-07-22,0.017000536495765686
2016-07-25,0.01676696455937582
2016-07-26,0.014204332265611179
2016-07-27,0.01842385409663698
2016-07-28,0.014616115498184985
2016-07-29,0.014589640476266081
2016-08-01,0.015263446416075268
2016-08-02,0.017780461304943748
2016-08-03,0.014826245381807452
2016-08-04,0.01782145604014826
2016-08-05,0.013258465419458194
2016-08-08,0.01616920993535699
2016-08-09,0.013193123436616681
2016-08-10,0.014497494399303144
2016-08-11,0.01275591487333962
2016-08-12,0.013814189747836412
2016-08-15,0.012509257652415636
2016-08-16,0.014942757662632151
2016-08-17,0.014888773566432895
2016-08-18,0.012349156681990426
2016-08-19,0.018486830728772524
2016-08-22,0.014080564077964125
2016-08-23,0.012263296695432736
2016-08-24,0.014658839535647422
2016-08-25,0.01514606894892573
2016-08-26,0.016643520743234923
2016-08-29,0.011534207558350253
2016-08-30,0.010416497174360623
2016-08-31,0.01330433510733823
2016-09-01,0.01231108183387163
2016-09-02,0.012122631912557994
2016-09-06,0.013161414659984102
2016-09-07,0.01422434084549588
2016-09-08,0.022516187817943123
2016-09-09,0.019521509749478465
2016-09-12,0.015483638739314713
2016-09-13,0.01383986448940956
2016-09-14,0.014727638497346356
2016-09-15,0.015456736466649322
2016-09-16,0.012065772619940403
2016-09-19,0.011562369770143844
2016-09-20,0.012676636974050514
2016-09-21,0.012449393681057056
2016-09-22,0.015197678319820145
2016-09-23,0.011734255300982415
2016-09-26,0.014647387851374328
2016-09-27,0.013384505384825648
2016-09-28,0.01401891610733382
2016-09-29,0.020572803192522297
2016-09-30,0.01949415460788705
2016-10-03,0.014502647920437584
2016-10-04,0.012359790739701256
2016-10-05,0.013035400338611178
2016-10-06,0.014798472601751584
2016-10-07,0.01486974568671757
2016-10-10,0.012032762167938896
2016-10-11,0.013250016343005377
2016-10-12,0.01631138835149714
2016-10-13,0.01453276290088713
2016-10-14,0.013397319621467245
2016-10-17,0.013086563886186356
2016-10-18,0.011479745604907613
2016-10-19,0.013136515391667181
2016-10-20,0.015329676299546666
2016-10-21,0.013648275855452882
2016-10-24,0.014851883676149199
2016-10-25,0.01392201423065329
2016-10-26,0.015212762344086073
2016-10-27,0.014015097986150108
2016-10-28,0.01538107065847811
2016-10-31,0.020624171583510112
2016-11-01,0.016021143322045295
2016-11-02,0.011906284378680299
2016-11-03,0.015924405759238515
2016-11-04,0.021719312080886337
2016-11-07,0.013730297168013748
2016-11-08,0.014915538151566892
2016-11-09,0.015811365147292363
2016-11-10,0.03091512694210905
2016-11-11,0.024576063083222032
2016-11-14,0.017959126876668743
2016-11-15,0.023099388329753407
2016-11-16,0.02003789486009888
2016-11-17,0.015856711254777313
2016-11-18,0.015573499193820665
2016-11-21,0.015930553574128502
2016-11-22,0.01805103496402008
2016-11-23,0.018047416839667922
2016-11-25,0.01385504361665683
2016-11-28,0.012961176950487348
2016-11-29,0.014575640195477744
2016-11-30,0.015061291428549431
2016-12-01,0.03137604339871239
2016-12-02,0.019613654174514317
2016-12-05,0.01581375515539285
2016-12-06,0.017053227879542842
2016-12-07,0.015173694439277914
2016-12-08,0.019591694398664258
2016-12-09,0.016690417339141925
2016-12-12,0.01657007064069394
2016-12-13,0.020005332798480706
2016-12-14,0.014260422611450359
2016-12-15,0.016164034355295
2016-12-16,0.014327713031694517
2016-12-19,0.015432217871459316
2016-12-20,0.014396300925403338
2016-12-21,0.013249366601015444
2016-12-22,0.014410158078392486
2016-12-23,0.013848517798151334
2016-12-27,0.012921310834363625
2016-12-28,0.01258331791138192
2016-12-29,0.01205829557194758
2016-12-30,0.011679058125413977
2017-01-03,0.014171015643074526
2017-01-04,0.28227417780093417
2017-01-05,0.016133684275031257
2017-01-06,0.01663923806525796
2017-01-09,0.017112632149089105
2017-01-10,0.01506667231189554
2017-01-11,0.0184259842539217
2017-01-12,0.018950383882426824
2017-01-13,0.013644665728864972
2017-01-17,0.014152777278149054
2017-01-18,0.01651861594333391
2017-01-19,0.013566320368660036
2017-01-20,0.014999973151456564
2017-01-23,0.017482416654813326
2017-01-24,0.014407518321951682
2017-01-25,0.01730970590246866
2017-01-26,0.014297752577171044
2017-01-27,0.018104014310034534
2017-01-30,0.016917193548004573
2017-01-31,0.015571801482982268
2017-02-01,0.021812431140650592
2017-02-02,0.015117834123922999
2017-02-03,0.016877524248967834
2017-02-06,0.014934939447997973
2017-02-07,0.013354157983679386
2017-02-08,0.015302585270536753
2017-02-09,0.01532771697934056
2017-02-10,0.014970181729243914
2017-02-13,0.014485321820420949
2017-02-14,0.013497849930926393
2017-02-15,0.013128748768397303
2017-02-16,0.013853749479956642
2017-02-17,0.014227564114613725
2017-02-21,0.012164498459455008
2017-02-22,0.013278554744938246
2017-02-23,0.01235316712555247
2017-02-24,0.016021899749378468
2017-02-27,0.011581628796900372
2017-02-28,0.014033305002740849
2017-03-01,0.01436827230158057
2017-03-02,0.015051734057087034
2017-03-03,0.04336369363477736
2017-03-06,0.012121222211518169
2017-03-07,0.012960617335975082
2017-03-08,0.014114322731464415
2017-03-09,0.014259454764197647
2017-03-10,0.013400845784087123
2017-03-13,0.011933161623912657
2017-03-14,0.01245527833906727
2017-03-15,0.010703190419996882
2017-03-16,0.013480178504820426
2017-03-17,0.011281840769261833
2017-03-20,0.013744326062947272
2017-03-21,0.011493074032333416
2017-03-22,0.014093175328035269
2017-03-23,0.011139529842173729
2017-03-24,0.009996696258806729
2017-03-27,0.011139800377613505
2017-03-28,0.011498374586485838
2017-03-29,0.011289582322681365
2017-03-30,0.016714207998463817
2017-03-31,0.01204465699811234
2017-04-03,0.011349633106728471
2017-04-04,0.010973892779775932
2017-04-05,0.024867672297785734
2017-04-06,0.011212972989751475
2017-04-07,0.009786992839935064
2017-04-10,0.010450171062021733
2017-04-11,0.011002090486754285
2017-04-12,0.010552295304292674
2017-04-13,0.010879621778058686
2017-04-17,0.011001462671847588
2017-04-18,0.010911662265996491
2017-04-19,0.010865091715575731
2017-04-20,0.012048703876765793
2017-04-21,0.011513456444767868
2017-04-24,0.01123035191339467
2017-04-25,0.012673043525300898
2017-04-26,0.01330651522559932
2017-04-27,0.011465489080194274
2017-04-28,0.014478796153204448
2017-05-01,0.012316888879236576
2017-05-02,0.012144686451698517
2017-05-03,0.013304181461251476
2017-05-04,0.013795115341591526
2017-05-05,0.013271859850356366
2017-05-08,0.01301303734038537
2017-05-09,0.0112804244304175
2017-05-10,0.01194826620553506
2017-05-11,0.016828251352066784
2017-05-12,0.012288984683561079
2017-05-15,0.011208575806064783
2017-05-16,0.012390517264856512
2017-05-17,0.012347251306389091
2017-05-18,0.01570091431704381
2017-05-19,0.012379523835410402
2017-05-22,0.01233290631089642
2017-05-23,0.010503960173371539
2017-05-24,0.01382236611820016
2017-05-25,0.012038007027343266
2017-05-26,0.012412278455169625
2017-05-30,0.0103997885717843
2017-05-31,0.011399279470457675
2017-06-01,0.011923843642878235
2017-06-02,0.012641824894518055
2017-06-05,0.012952026386358144
2017-06-06,0.010885893238254318
2017-06-07,0.011360741830164327
2017-06-08,0.012535664968655203
2017-06-09,0.014130010299365073
2017-06-12,0.02138658887373946
2017-06-13,0.014043980024572309
2017-06-14,0.010938843847429469
2017-06-15,0.013392497984057922
2017-06-16,0.017734908856529428
2017-06-19,0.016424850757720235
2017-06-20,0.02241514621425149
2017-06-21,0.01454087420180814
2017-06-22,0.016959661769809536
2017-06-23,0.013685437057585058
2017-06-26,0.011223669169018305
2017-06-27,0.011545467360180344
2017-06-28,0.012615627310517857
2017-06-29,0.012208457073789133
2017-06-30,0.012281042749003941
2017-07-03,0.011467304733900006
2017-07-05,0.012685422063207509
2017-07-06,0.017893477810499162
2017-07-07,0.011512956071960213
2017-07-10,0.012033240776917456
2017-07-11,0.011781310057316627
2017-07-12,0.01077929320703928
2017-07-13,0.012188511283572293
2017-07-14,0.010279661594111332
2017-07-17,0.009600584571250329
2017-07-18,0.008564931617470264
2017-07-19,0.011631739603795769
2017-07-20,0.011905832688007672
2017-07-21,0.01255776544544556
2017-07-24,0.010281956364455872
2017-07-25,0.011331172279820424
2017-07-26,0.029521503203799822
2017-07-27,0.013561105519388836
2017-07-28,0.017078926305012197
2017-07-31,0.011694980769618972
2017-08-01,0.012561480345489382
2017-08-02,0.012736381230323302
2017-08-03,0.012434208325875993
2017-08-04,0.01320089799596142
2017-08-07,0.010417548467071342
2017-08-08,0.012243765387221706
2017-08-09,0.010093425915119757
2017-08-10,0.011063182771420967
2017-08-11,0.011511960677363585
2017-08-14,0.01175966786389447
2017-08-15,0.012517427786691284
2017-08-16,0.011130292701127377
2017-08-17,0.011727224939201475
2017-08-18,0.009423416513614051
2017-08-21,0.00970698331910996
2017-08-22,0.010417465842456645
2017-08-23,0.010709312194762524
2017-08-24,0.009331568094295853
2017-08-25,0.011650326513833235
2017-08-28,0.009914233333985816
2017-08-29,0.009710451203464691
2017-08-30,0.00979500838332323
2017-08-31,0.012555116792707812
2017-09-01,0.012481699584933859
2017-09-05,0.01846299672817231
2017-09-06,0.012181388133071338
2017-09-07,0.011207458101330595
2017-09-08,0.014176913655402445
2017-09-11,0.013452295357683431
2017-09-12,0.011209086110084027
2017-09-13,0.011725875448113323
2017-09-14,0.010819212618196898
2017-09-15,0.009686139476294924
2017-09-18,0.010432714765291217
2017-09-19,0.011482506720614793
2017-09-20,0.012058770849114253
2017-09-21,0.01222816654357263
2017-09-22,0.010325372480467472
2017-09-25,0.008941861157838765
2017-09-26,0.014453250941670782
2017-09-27,0.00876579293091331
2017-09-28,0.012575113650277716
2017-09-29,0.009652470363407004
2017-10-02,0.010865338171234277
2017-10-03,0.010708698607700731
2017-10-04,0.009448147089265764
2017-10-05,0.012706564926090697
2017-10-06,0.010294300127944977
2017-10-09,0.012088747366278406
2017-10-10,0.012093673870241274
2017-10-11,0.010881634742745032
2017-10-12,0.009582952949813867
2017-10-13,0.011104140129982685
2017-10-16,0.011477097601251242
2017-10-17,0.011698048994672477
2017-10-18,0.01043857633298183
2017-10-19,0.010657741024224373
2017-10-20,0.012633532597231208
2017-10-23,0.011255400897326935
2017-10-24,0.012089832029601394
2017-10-25,0.01188962289781257
2017-10-26,0.01375331964027785
2017-10-27,0.01571773496189892
2017-10-30,0.01831077493198469
2017-10-31,0.01167725559534748
2017-11-01,0.016312957130059643
2017-11-02,0.011913661783191141
2017-11-03,0.016977830613650366
2017-11-06,0.01193239985875746
2017-11-07,0.016425648036843488
2017-11-08,0.01184900285601296
2017-11-09,0.012585604629964942
2017-11-10,0.01276280886630695
2017-11-13,0.01328090689644528
2017-11-14,0.011586710179237422
2017-11-15,0.014269903326262701
2017-11-16,0.013533478734944907
2017-11-17,0.012017433122791379
2017-11-20,0.013221517299582495
2017-11-21,0.012102304101508945
2017-11-22,0.012160575042648227
2017-11-24,0.01122072025577321
2017-11-27,0.008677190527545616
2017-11-28,0.011916491528753988
2017-11-29,0.013059281645960331
2017-11-30,0.024636387335996403
2017-12-01,0.013612766442918124
2017-12-04,0.011964732987870872
2017-12-05,0.0234846887823781
2017-12-06,0.01058211315947568
2017-12-07,0.012907992758347756
2017-12-08,0.011429414284786771
2017-12-11,0.011508079090124329
2017-12-12,0.009826615038743665
2017-12-13,0.01063541098640488
2017-12-14,0.01196786950279724
2017-12-15,0.01095375166275038
2017-12-18,0.013875664363024736
2017-12-19,0.012412771763223925
2017-12-20,0.008908332252589727
2017-12-21,0.012235370171577734
2017-12-22,0.01283763639327902
2017-12-26,0.0084007805728679
2017-12-27,0.009004680620447767
2017-12-28,0.008376356824068497
2017-12-29,0.007885807110354469
2018-01-02,0.01315882518200813
2018-01-03,0.21554532378202707
2018-01-04,0.017974350584799008
2018-01-05,0.017081803401519727
2018-01-08,0.01619084764252121
2018-01-09,0.016412320033122343
2018-01-10,0.014471822345271616
2018-01-11,0.014929296231394405
2018-01-12,0.016100953353692427
2018-01-16,0.014378466802071527
2018-01-17,0.015038046528477605
2018-01-18,0.017775092827063063
2018-01-19,0.014190291218754928
2018-01-22,0.015032059691878003
2018-01-23,0.016304577267709598
2018-01-24,0.015714090227133257
2018-01-25,0.017276479138386314
2018-01-26,0.01602463558580611
2018-01-29,0.018082559938304335
2018-01-30,0.014770523292510046
2018-01-31,0.01717818555597991
2018-02-01,0.018491341952224648
2018-02-02,0.019524994797211297
2018-02-05,0.015020413470292976
2018-02-06,0.016180906787480936
2018-02-07,0.01675862380090958
2018-02-08,0.017780462514125534
2018-02-09,0.016269861299268676
2018-02-12,0.0198384393384144
2018-02-13,0.017540293730955992
2018-02-14,0.014393885917236681
2018-02-15,0.019180635589513717
2018-02-16,0.014807453369425308
2018-02-20,0.01586075097448625
2018-02-21,0.016734059355673424
2018-02-22,0.01387273156477406
2018-02-23,0.018618199275746906
2018-02-26,0.013933682424350634
2018-02-27,0.014805846717302524
2018-02-28,0.016067380291473875
2018-03-01,0.016937118899900648
2018-03-02,0.015797848315393426
2018-03-05,0.014623497330874802
2018-03-06,0.014897147896190219
2018-03-07,0.013842101012989876
2018-03-08,0.014746659135663667
2018-03-09,0.015404554429875969
2018-03-12,0.015066386586190667
2018-03-13,0.013687510772740245
2018-03-14,0.014674071138500267
2018-03-15,0.01364676122473056
2018-03-16,0.01276438680771979
2018-03-19,0.01478477910826521
2018-03-20,0.03946106125692699
2018-03-21,0.015379130910758468
2018-03-22,0.015904212094232255
2018-03-23,0.01704461419444827
2018-03-26,0.015666528644620738
2018-03-27,0.016865389339614185
2018-03-28,0.017839280840207646
2018-03-29,0.017296530273620873
2018-04-02,0.015828862876087695
2018-04-03,0.014417739585236865
2018-04-04,0.014899581681714326
2018-04-05,0.013924156083476734
2018-04-06,0.01524749078998627
2018-04-09,0.013408495055294676
2018-04-10,0.013250216974441106
2018-04-11,0.01676753014113621
2018-04-12,0.014677290261473842
2018-04-13,0.01417894879842822
2018-04-16,0.014310311875846294
2018-04-17,0.014192226685537854
2018-04-18,0.016760008086901625
2018-04-19,0.016709270226815398
2018-04-20,0.019152837584781302
2018-04-23,0.01458596543785196
2018-04-24,0.014027516318226775
2018-04-25,0.018195339006547937
2018-04-26,0.018190804143952008
2018-04-27,0.026482458622264986
2018-04-30,0.019354638240603954
2018-05-01,0.016355934989349553
2018-05-02,0.01655316696797982
2018-05-03,0.016313366538891188
2018-05-04,0.016932389643297394
2018-05-07,0.01493969680066461
2018-05-08,0.016396148894913067
2018-05-09,0.016039174698978795
2018-05-10,0.015417196809957533
2018-05-11,0.013458800358413018
2018-05-14,0.01635414657021206
2018-05-15,0.014078916877000709
2018-05-16,0.014752582318920755
2018-05-17,0.01429305025530436
2018-05-18,0.014902096733489033
2018-05-21,0.015556135179272276
2018-05-22,0.015963985319729944
2018-05-23,0.013399208317243973
2018-05-24,0.015626683841220408
2018-05-25,0.014472000161959594
2018-05-29,0.014142978270606892
2018-05-30,0.013375887229317995
2018-05-31,0.012342449734937054
2018-06-01,0.015160035533712224
2018-06-04,0.015046074215154961
2018-06-05,0.014696007280628793
2018-06-06,0.01358689200922547
2018-06-07,0.01538482148485737
2018-06-08,0.014921626797968787
2018-06-11,0.013982500272520309
2018-06-12,0.012443738980154835
2018-06-13,0.012382801164921365
2018-06-14,0.014371073001553533
2018-06-15,0.014937969350000468
2018-06-18,0.015067337873074042
2018-06-19,0.025510402581709446
2018-06-20,0.014582781903773361
2018-06-21,0.014776528687748553
2018-06-22,0.013193789775137108
2018-06-25,0.014982881393461883
2018-06-26,0.015537693254572528
2018-06-27,0.014264624273522465
2018-06-28,0.013942914236796479
2018-06-29,0.01779096817387829
2018-07-02,0.014128066044538867
2018-07-03,0.015049004150849801
2018-07-05,0.013199471214379324
2018-07-06,0.01423266403672369
2018-07-09,0.015019772302356807
2018-07-10,0.013937921175271248
2018-07-11,0.013032385812064047
2018-07-12,0.01570371129132692
2018-07-13,0.01556808013116108
2018-07-16,0.013589765428978983
2018-07-17,0.01380686180633824
2018-07-18,0.013917558598182103
2018-07-19,0.013564742614890707
2018-07-20,0.014473909837818929
2018-07-23,0.01257987888037523
2018-07-24,0.01192201609383817
2018-07-25,0.015846834792195133
2018-07-26,0.014757701415903327
2018-07-27,0.01951406600502845
2018-07-30,0.01870536161421401
2018-07-31,0.01875968612064748
2018-08-01,0.015513463534794391
2018-08-02,0.016295995078008035
2018-08-03,0.015657625543812528
2018-08-06,0.013879670972712522
2018-08-07,0.012177003524769086
2018-08-08,0.013646079411004704
2018-08-09,0.013695909721664514
2018-08-10,0.014312630381699422
2018-08-13,0.012618686063460772
2018-08-14,0.013172703333518228
2018-08-15,0.012136001986730444
2018-08-16,0.01887552073236315
2018-08-17,0.014924193355806487
2018-08-20,0.014670718016844317
2018-08-21,0.015170628642217347
2018-08-22,0.014695992300168288
2018-08-23,0.015780176560008307
2018-08-24,0.012891033990232878
2018-08-27,0.015188529096725691
2018-08-28,0.014054426959004402
2018-08-29,0.013147600559907947
2018-08-30,0.01457374626110176
2018-08-31,0.01353330998935889
2018-09-04,0.012733338858534657
2018-09-05,0.015214981782690606
2018-09-06,0.018662536140733033
2018-09-07,0.0182065637090147
2018-09-10,0.014905834354568668
2018-09-11,0.01519501070281043
2018-09-12,0.014951008432576846
2018-09-13,0.01682253004746054
2018-09-14,0.01529019265975836
2018-09-17,0.014226825409062588
2018-09-18,0.015656098698490575
2018-09-19,0.013980122164676784
2018-09-20,0.01483546519373095
2018-09-21,0.013822356464774064
2018-09-24,0.014513847804629835
2018-09-25,0.01817065155141225
2018-09-26,0.013677517797127255
2018-09-27,0.013339859669055393
2018-09-28,0.013696372571635536
2018-10-01,0.012927122897286841
2018-10-02,0.015514818969297427
2018-10-03,0.016907848565772304
2018-10-04,0.013456371022306913
2018-10-05,0.01617906481834233
2018-10-08,0.014717214993128412
2018-10-09,0.01684883828342969
2018-10-10,0.016155319540383024
2018-10-11,0.021552955940126434
2018-10-12,0.01641837942563479
2018-10-15,0.019152981309384566
2018-10-16,0.01636022871469278
2018-10-17,0.0184287836307917
2018-10-18,0.01694672994647669
2018-10-19,0.018996964917701066
2018-10-22,0.02128099816769855
2018-10-23,0.018561988541473114
2018-10-24,0.018106110404535827
2018-10-25,0.02344613779231243
2018-10-26,0.02358069739124057
2018-10-29,0.022277142499024197
2018-10-30,0.02307823459057837
2018-10-31,0.022370438348765533
2018-11-01,0.02208829481583028
2018-11-02,0.022813679531906963
2018-11-05,0.01717204714672085
2018-11-06,0.017887507161757275
2018-11-07,0.016648477911608228
2018-11-08,0.020631612775638724
2018-11-09,0.016993510238618628
2018-11-12,0.018353023104502427
2018-11-13,0.01960758162552844
2018-11-14,0.017356574101139357
2018-11-15,0.01644358570575792
2018-11-16,0.01991442147989819
2018-11-19,0.017107579334980964
2018-11-20,0.022615951590398146
2018-11-21,0.02120455503803049
2018-11-23,0.018225446337455674
2018-11-26,0.016486702007952346
2018-11-27,0.01909980874620181
2018-11-28,0.017394255469398174
2018-11-29,0.021337455165585294
2018-11-30,0.03191858643110657
2018-12-03,0.019912400820066848
2018-12-04,0.020711717960742997
2018-12-06,0.022894183855191597
2018-12-07,0.019457285186070726
2018-12-10,0.019738294970654578
2018-12-11,0.01853866810361818
2018-12-12,0.015841313772750158
2018-12-13,0.01683068225347052
2018-12-14,0.017587519114493258
2018-12-17,0.01886842761823506
2018-12-18,0.01783321259572999
2018-12-19,0.0192982034635918
2018-12-20,0.021518733164507222
2018-12-21,0.015969706939239547
2018-12-24,0.03493265005531987
2018-12-26,0.016616704519323008
2018-12-27,0.020431784977147545
2018-12-28,0.014143025699417819
2018-12-31,0.01371177142849835
2019-01-02,0.01258219969165133
2019-01-03,0.1935459082687572
2019-01-04,0.024727859167215455
2019-01-07,0.018366120704058565
2019-01-08,0.02011576526020634
2019-01-09,0.01699639849458598
2019-01-10,0.017009461104419067
2019-01-11,0.015034431106195498
2019-01-14,0.014188604931376208
2019-01-15,0.020713683003002987
2019-01-16,0.018868724127919255
2019-01-17,0.01617268894873082
2019-01-18,0.014741762796190916
2019-01-22,0.03117172273493251
2019-01-23,0.017063803855827227
2019-01-24,0.015236096385733117
2019-01-25,0.020861888502585517
2019-01-28,0.018842443859774877
2019-01-29,0.017070581205192007
2019-01-30,0.015081259065570892
2019-01-31,0.020508887952530336
2019-02-01,0.021876778563359817
2019-02-04,0.015662854505044954
2019-02-05,0.01582206908174814
2019-02-06,0.012914444537619177
2019-02-07,0.014428365174570681
2019-02-08,0.017472238426713617
2019-02-11,0.016422461853911993
2019-02-12,0.014220386244610075
2019-02-13,0.014233027853736044
2019-02-14,0.01327269044830388
2019-02-15,0.015697899522125622
2019-02-19,0.014551955565889332
2019-02-20,0.013267430705839007
2019-02-21,0.01371489096789217
2019-02-22,0.01344677348121953
2019-02-25,0.013815222686839108
2019-02-26,0.014974544319882443
2019-02-27,0.011168196227872048
2019-02-28,0.01669073239668761
2019-03-01,0.014474094961561169
2019-03-04,0.01372017233677008
2019-03-05,0.014734076214914493
2019-03-06,0.013315941790571254
2019-03-07,0.016047758105601533
2019-03-08,0.01399415591361891
2019-03-11,0.013788523857148285
2019-03-12,0.013606123247145345
2019-03-13,0.012418030237852384
2019-03-14,0.011520827212828228
2019-03-15,0.013405725917742351
2019-03-18,0.013510524274744574
2019-03-19,0.013627829701299863
2019-03-20,0.037670232598350284
2019-03-21,0.013758842732923434
2019-03-22,0.01672461290865808
2019-03-25,0.01593348977013289
2019-03-26,0.011569737625276515
2019-03-27,0.011371030757390259
2019-03-28,0.012257589798704576
2019-03-29,0.010727345889816829
2019-04-01,0.012320346403262974
2019-04-02,0.014766868419280826
2019-04-03,0.012499425697843895
2019-04-04,0.014910595781348707
2019-04-05,0.014145391895680925
2019-04-08,0.009679235793939263
2019-04-09,0.010926715748569193
2019-04-10,0.012469749410837977
2019-04-11,0.010289668692253718
2019-04-12,0.01300403846823754
2019-04-15,0.018909214212051554
2019-04-16,0.012868063176481762
2019-04-17,0.017154245979106822
2019-04-18,0.017468192025480382
2019-04-22,0.013828866574034406
2019-04-23,0.012817669410584202
2019-04-24,0.014446627751103665
2019-04-25,0.01383724590466996
2019-04-26,0.018817461610741815
2019-04-29,0.01672616680390721
2019-04-30,0.011910697331533316
2019-05-01,0.013603896272894975
2019-05-02,0.013435037462327515
2019-05-03,0.014355880719767391
2019-05-06,0.014619231196632894
2019-05-07,0.012158851312705938
2019-05-08,0.01335992406405326
2019-05-09,0.012509592300814013
2019-05-10,0.011262561392572437
2019-05-13,0.012759993342539728
2019-05-14,0.015781890698658214
2019-05-15,0.013086324479529867
2019-05-16,0.012601018778582173
2019-05-17,0.011792155551863042
2019-05-20,0.013885905611197062
2019-05-21,0.01619997000801611
2019-05-22,0.012813450624892168
2019-05-23,0.01730994745686955
2019-05-24,0.01578073443777798
2019-05-28,0.012700025126456536
2019-05-29,0.01474893156683112
2019-05-30,0.012576380413292705
2019-05-31,0.01421176052556441
2019-06-03,0.013941529519071178
2019-06-04,0.016032972245542638
2019-06-05,0.01884226024162914
2019-06-06,0.017333004286672966
2019-06-07,0.010755063384714422
2019-06-10,0.012570919883550349
2019-06-11,0.013885882143535163
2019-06-12,0.013447306895121728
2019-06-13,0.016412102319849416
2019-06-14,0.013604044005403167
2019-06-17,0.012970688665519068
2019-06-18,0.012177704166623818
2019-06-19,0.016405833699559478
2019-06-20,0.012837755863235472
2019-06-21,0.01401404179004263
2019-06-24,0.012227625209990479
2019-06-25,0.013345037046081693
2019-06-26,0.014862957881488954
2019-06-27,0.018650596884932556
2019-06-28,0.013588379600112874
2019-07-01,0.013766754044649838
2019-07-02,0.013996990086591152
2019-07-03,0.014483074668267999
2019-07-05,0.010611431540745465
2019-07-08,0.011330552634261576
2019-07-09,0.012584345040423078
2019-07-10,0.023347686585328157
2019-07-11,0.011786403370033414
2019-07-12,0.013944867194170242
2019-07-15,0.014509718093763349
2019-07-16,0.011100322482656666
2019-07-17,0.01397044593370204
2019-07-18,0.015280942748013173
2019-07-19,0.012121485983476305
2019-07-22,0.013432823882957846
2019-07-23,0.013473309564720246
2019-07-24,0.013650425073967104
2019-07-25,0.015628269733751064
2019-07-26,0.01845599428431438
2019-07-29,0.013859979672233355
2019-07-30,0.013946451269527104
2019-07-31,0.0152861458855789
2019-08-01,0.016581683609088637
2019-08-02,0.022052430179773035
2019-08-05,0.01563409418802615
2019-08-06,0.015660223146309712
2019-08-07,0.016111449053029504
2019-08-08,0.015385005390288229
2019-08-09,0.014851529649823296
2019-08-12,0.01662796726405623
2019-08-13,0.012771165365180963
2019-08-14,0.012597496288548341
2019-08-15,0.014923774295602816
2019-08-16,0.015309085502837196
2019-08-19,0.012676007502834173
2019-08-20,0.01274083239691506
2019-08-21,0.011719987979445803
2019-08-22,0.011417577084288737
2019-08-23,0.011309791500762369
2019-08-26,0.014440441277703856
2019-08-27,0.01336405802947492
2019-08-28,0.013959985454431698
2019-08-29,0.012900097488418812
2019-08-30,0.01460166648700777
2019-09-03,0.01463225294619449
2019-09-04,0.014374119044581064
2019-09-05,0.013956725318505956
2019-09-06,0.018609178687317596
2019-09-09,0.010700194263440542
2019-09-10,0.022393442471131203
2019-09-11,0.020883033835740573
2019-09-12,0.01406684733336907
2019-09-13,0.016462693298767327
2019-09-16,0.014896336888986419
2019-09-17,0.021183081821043104
2019-09-18,0.017876812113043775
2019-09-19,0.014013512675694298
2019-09-20,0.011581542956208802
2019-09-23,0.012535719050382163
2019-09-24,0.01272109215505782
2019-09-25,0.014779313533015807
2019-09-26,0.014940142215124262
2019-09-27,0.014286809827495393
2019-09-30,0.014488235630278182
2019-10-01,0.012432529307749803
2019-10-02,0.015958943840589813
2019-10-03,0.01215210683864126
2019-10-04,0.01384186815297823
2019-10-07,0.011725530672673557
2019-10-08,0.010570755453500648
2019-10-09,0.011963551517599756
2019-10-10,0.010542074943388583
2019-10-11,0.011541513433925791
2019-10-14,0.016047960228214246
2019-10-15,0.010029232035905186
2019-10-16,0.014096788336957187
2019-10-17,0.01188616381087421
2019-10-18,0.011904311095130942
2019-10-21,0.013798097955531361
2019-10-22,0.015651613735330746
2019-10-23,0.02162636554716555
2019-10-24,0.014545154619596
2019-10-25,0.02092226962250332
2019-10-28,0.016437200956442716
2019-10-29,0.01362234219065688
2019-10-30,0.013602977670623087
2019-10-31,0.017122131851835684
2019-11-01,0.013079540979587495
2019-11-04,0.01742932766315292
2019-11-05,0.021620659676970123
2019-11-06,0.015699105413384665
2019-11-07,0.01751303506001862
2019-11-08,0.016645405432536446
2019-11-11,0.013113429499478742
2019-11-12,0.013226305812107103
2019-11-13,0.012492613347643393
2019-11-14,0.015609694713843367
2019-11-15,0.012047827665667648
2019-11-18,0.013784958262344773
2019-11-19,0.014074612134208105
2019-11-20,0.01594833668557799
2019-11-21,0.016758105008290076
2019-11-22,0.023868891712103955
2019-11-25,0.012764110895491482
2019-11-26,0.013574049349025421
2019-11-27,0.01628214227974675
2019-11-29,0.010836027342277095
2019-12-02,0.01125502162417499
2019-12-03,0.012972880208414495
2019-12-04,0.014589510906682895
2019-12-05,0.014681097443454506
2019-12-06,0.013164541205858141
2019-12-09,0.014509078787956974
2019-12-10,0.012717795901579083
2019-12-11,0.013391924265440917
2019-12-12,0.013436692842199744
2019-12-13,0.01712374818491213
2019-12-16,0.01492634702884999
2019-12-17,0.013513005855983149
2019-12-18,0.011514664460403112
2019-12-19,0.014541732653430806
2019-12-20,0.011465669773987872
2019-12-23,0.011212912022167612
2019-12-24,0.013561423920866891
2019-12-26,0.010678533248648063
2019-12-27,0.010934912257226424
2019-12-30,0.010194880120858282
2019-12-31,0.01090735071855699
2020-01-02,0.010986751231416236
2020-01-03,0.2517336831622075
2020-01-06,0.014844870604104632
2020-01-07,0.013726267889682035
2020-01-08,0.013069366813933852
2020-01-09,0.01583095012170141
2020-01-10,0.011685335647274774
2020-01-13,0.012588371483826319
2020-01-14,0.014118622488448983
2020-01-15,0.013109891742515103
2020-01-16,0.015655409683093834
2020-01-17,0.013280611254548172
2020-01-21,0.012371690052024063
2020-01-22,0.015946257272580998
2020-01-23,0.013859351501334305
2020-01-24,0.01406161220752325
2020-01-27,0.012853553348401908
2020-01-28,0.019001994995742823
2020-01-29,0.01368941670558773
2020-01-30,0.015131373050387772
2020-01-31,0.015923276975577435
2020-02-03,0.015819363428636518
2020-02-04,0.015772079853420926
2020-02-05,0.015965155560379064
2020-02-06,0.02253052070294943
2020-02-07,0.017496199291166744
2020-02-10,0.016499372807110425
2020-02-11,0.01393666331069499
2020-02-12,0.014769523274692423
2020-02-13,0.016042344526554363
2020-02-14,0.014486307280516126
2020-02-18,0.015190671761961077
2020-02-19,0.01520952244175787
2020-02-20,0.014293116987042439
2020-02-21,0.01352527455107451
2020-02-24,0.01687433301619127
2020-02-25,0.02150773816256321
2020-02-26,0.01843218864755963
2020-02-27,0.018528838186494857
2020-02-28,0.019190287102535022
2020-03-02,0.02371314795898735
2020-03-03,0.02388426393527105
2020-03-04,0.018310118021199903
2020-03-05,0.022196004813319514
2020-03-06,0.020872067003284395
2020-03-09,0.02602215124099721
2020-03-10,0.06202588638483114
2020-03-11,0.02580991977579057
2020-03-12,0.02706346745889936
2020-03-13,0.03997347806461331
2020-03-16,0.031040670402697985
2020-03-17,0.04945015544746042
2020-03-18,0.04231301390518974
2020-03-19,0.06420013227902796
2020-03-20,0.0483805366831969
2020-03-23,0.040558485291058065
2020-03-24,0.039980775151023606
2020-03-25,0.05112070901650096
2020-03-26,0.0463962328776753
2020-03-27,0.030674433100232733
2020-03-30,0.03188167180922637
2020-03-31,0.02848240786867324
2020-04-01,0.02703894583364939
2020-04-02,0.03138835022359729
2020-04-03,0.03791479422361951
2020-04-06,0.02986946318168685
2020-04-07,0.03288044148912256
2020-04-08,0.02516059436916129
2020-04-09,0.027616528445251563
2020-04-13,0.028662281302220045
2020-04-14,0.022818116779093907
2020-04-15,0.02332606203691373
2020-04-16,0.0231962627314989
2020-04-17,0.03299334373779962
2020-04-20,0.03660955154462571
2020-04-21,0.01988484222721954
2020-04-22,0.01822560437152095
2020-04-23,0.027430274023854766
2020-04-24,0.022117937745579783
2020-04-27,0.019825742696969323
2020-04-28,0.02064981518065637
2020-04-29,0.025953544416024887
2020-04-30,0.0384248112142619
2020-05-01,0.023514540088257284
2020-05-04,0.027800573822147116
2020-05-05,0.02117490619497016
2020-05-06,0.019448502409290476
2020-05-07,0.022222467161564046
2020-05-08,0.019904491832702143
2020-05-11,0.024737540725690583
2020-05-12,0.035122352757396516
2020-05-13,0.01779084542102014
2020-05-14,0.023258699635963147
2020-05-15,0.017951294529521787
2020-05-18,0.01941873496881574
2020-05-19,0.03756527605808739
2020-05-20,0.017330285427471278
2020-05-21,0.019617754744047772
2020-05-22,0.017289163829209496
2020-05-26,0.014690930371970187
2020-05-27,0.031134853749295928
2020-05-28,0.02011672525221223
2020-05-29,0.024258730108981687
2020-06-01,0.020242872410280152
2020-06-02,0.01890635595605844
2020-06-03,0.016536869163327944
2020-06-04,0.026608216999323028
2020-06-05,0.029135328951844446
2020-06-08,0.03234892321045688
2020-06-09,0.028169412919106164
2020-06-10,0.02467127614428673
2020-06-11,0.03070728891997065
2020-06-12,0.031625832461879215
2020-06-15,0.024516018987076123
2020-06-16,0.01363405391331099
2020-06-17,0.015637716084423887
2020-06-18,0.017609087032811898
2020-06-19,0.013700427499971751
2020-06-22,0.016469335229970454
2020-06-23,0.016303292532849557
2020-06-24,0.013640603183748665
2020-06-25,0.022363622628254427
2020-06-26,0.014961551023150806
2020-06-29,0.019109513251517708
2020-06-30,0.01990843622555734
2020-07-01,0.01659489740584579
2020-07-02,0.021182505928354023
2020-07-06,0.012371219795134274
2020-07-07,0.014540514466434265
2020-07-08,0.01992149714802556
2020-07-09,0.012522071608362174
2020-07-10,0.026773768805046772
2020-07-13,0.02030941801686783
2020-07-14,0.016876411640731268
2020-07-15,0.016504838600599234
2020-07-16,0.024516365404955016
2020-07-17,0.015522697975202912
2020-07-20,0.016308656308145972
2020-07-21,0.021399193002616994
2020-07-22,0.02173546988095993
2020-07-23,0.014969303361057286
2020-07-24,0.017731385894973077
2020-07-27,0.015541695875871717
2020-07-28,0.017223568424990787
2020-07-29,0.015006671388369315
2020-07-30,0.017509829160769663
2020-07-31,0.022380660262191363
2020-08-03,0.015631407483153607
2020-08-04,0.013233102085979364
2020-08-05,0.01816910407871578
2020-08-06,0.01656630952134253
2020-08-07,0.014844871437810646
2020-08-10,0.016474443348909698
2020-08-11,0.02559304063116742
2020-08-12,0.017946720907504796
2020-08-13,0.01840804948292115
2020-08-14,0.013522633234311656
2020-08-17,0.010786270222097773
2020-08-18,0.019002520620120936
2020-08-19,0.01260601140756463
2020-08-20,0.011136213886989477
2020-08-21,0.015805320393829442
2020-08-24,0.01474670105829017
2020-08-25,0.021725174181756225
2020-08-26,0.012763234982499816
2020-08-27,0.019257822184219682
2020-08-28,0.017323049714024347
2020-08-31,0.015277085014383135
2020-09-01,0.01742364832433796
2020-09-02,0.015286491470963797
2020-09-03,0.01458979105894695
2020-09-04,0.021524901453402474
2020-09-08,0.016569980274122643
2020-09-09,0.022309460081861528
2020-09-10,0.01842354579531241
2020-09-11,0.01732416271053064
2020-09-14,0.01334938843286415
2020-09-15,0.014658194493608105
2020-09-16,0.01621805351411671
2020-09-17,0.025084061242042262
2020-09-18,0.014768940154492202
2020-09-21,0.013307282544991307
2020-09-22,0.02530538106282111
2020-09-23,0.015710112376919716
2020-09-24,0.016842391445995572
2020-09-25,0.012267983510411785
2020-09-28,0.014343446197790433
2020-09-29,0.012152899994912961
2020-09-30,0.015608899200167817
2020-10-01,0.01061217159808582
2020-10-02,0.01731366727037198
2020-10-05,0.017793912212419556
2020-10-06,0.014332921292647134
2020-10-07,0.013178338603182896
2020-10-08,0.01145828380546198
2020-10-09,0.016374874731419638
2020-10-12,0.015144771658744373
2020-10-13,0.01481939340826118
2020-10-14,0.02754750804141914
2020-10-15,0.013230942105385965
2020-10-16,0.016234550511478256
2020-10-19,0.016162223283891906
2020-10-20,0.012402292946304497
2020-10-21,0.012921623215526172
2020-10-22,0.0153444769012991
2020-10-23,0.023646784453003902
2020-10-26,0.011960315094834856
2020-10-27,0.01761274137633347
2020-10-28,0.018463149259717232
2020-10-29,0.01739419041148101
2020-10-30,0.019723517808894517
2020-11-02,0.019694342868659967
2020-11-03,0.017527141151644474
2020-11-04,0.01585847627357171
2020-11-05,0.030200324850144473
2020-11-06,0.019407487403478328
2020-11-09,0.016382330415945914
2020-11-10,0.07529202193526845
2020-11-11,0.026919568663469052
2020-11-12,0.022474231809096235
2020-11-13,0.015769807437036185
2020-11-16,0.020137484606100535
2020-11-17,0.024735774867383063
2020-11-18,0.015334297228350391
2020-11-19,0.01630785935464661
2020-11-20,0.013499804314879883
2020-11-23,0.013125400488556356
2020-11-24,0.028551747360929816
2020-11-25,0.026102422685167357
2020-11-27,0.015836667953627443
2020-11-30,0.012458032047337758
2020-12-01,0.022327112102606683
2020-12-02,0.014464275395619043
2020-12-03,0.018675304654191822
2020-12-04,0.018334165223104076
2020-12-07,0.021488996271969166
2020-12-08,0.015372418199115962
2020-12-09,0.0131247331856835
2020-12-10,0.01668364031104673
2020-12-11,0.01782013228810603
2020-12-14,0.012528742986510426
2020-12-15,0.017683631877019126
2020-12-16,0.014390516089313908
2020-12-17,0.013790529727426464
2020-12-18,0.011262783859212026
2020-12-21,0.012822457135508026
2020-12-22,0.01544683458656978
2020-12-23,0.013990210574757583
2020-12-24,0.019480208855463185
2020-12-28,0.009796680569094137
2020-12-29,0.01288897104238617
2020-12-30,0.01004525520284696
2020-12-31,0.014059588208216484
2021-01-04,0.016747869584416226
2021-01-05,0.2703952744452372
2021-01-06,0.022295603073735345
2021-01-07,0.02702855594743131
2021-01-08,0.026693987844411286
2021-01-11,0.01999650262999837
2021-01-12,0.022055703908044146
2021-01-13,0.02675467848963297
2021-01-14,0.02048487520334262
2021-01-15,0.028204009075726153
2021-01-19,0.024320200654707688
2021-01-20,0.023485650070761754
2021-01-21,0.022677020444479553
2021-01-22,0.02252164626475132
2021-01-25,0.020958048419389076
2021-01-26,0.02192269327107363
2021-01-27,0.0216046855098961
2021-01-28,0.02724528396363402
2021-01-29,0.025605449848476142
2021-02-01,0.020340602418203558
2021-02-02,0.017452111399262508
2021-02-03,0.021696479823228164
2021-02-04,0.02929477258507236
2021-02-05,0.02408663887437811
2021-02-08,0.022818467200903327
2021-02-09,0.026271752495154538
2021-02-10,0.017923102920028106
2021-02-11,0.021417250744305557
2021-02-12,0.020180656059900832
2021-02-16,0.020990111666578812
2021-02-17,0.02759327924921281
2021-02-18,0.02339679571564853
2021-02-19,0.017528708124969844
2021-02-22,0.03062890245235283
2021-02-23,0.033876497522711
2021-02-24,0.022481178635196178
2021-02-25,0.029653170542525024
2021-02-26,0.024726506080437506
2021-03-01,0.029095621447855963
2021-03-02,0.026111925997737467
2021-03-03,0.024629407140858144
2021-03-04,0.02948221670174471
2021-03-05,0.02548824844318074
2021-03-08,0.0241775389974498
2021-03-09,0.03175441178796356
2021-03-10,0.03879580429721113
2021-03-11,0.02456588340824201
2021-03-12,0.03223850919097749
2021-03-15,0.024110904788804687
2021-03-16,0.0250368082394455
2021-03-17,0.024522867310518618
2021-03-18,0.022832324895779313
2021-03-19,0.025148686666389697
2021-03-22,0.026808017755702664
2021-03-23,0.024708025829296057
2021-03-24,0.026301728611340426
2021-03-25,0.024949600647145354
2021-03-26,0.025545742032660836
2021-03-29,0.029686856118272188
2021-03-30,0.024188226054783837
2021-03-31,0.026697916811167163
2021-04-01,0.028021262828318703
2021-04-05,0.027073070362883426
2021-04-06,0.025847742583073798
2021-04-07,0.025796677889603027
2021-04-08,0.022680222757282563
2021-04-09,0.02549151049594578
2021-04-12,0.02044697736527753
2021-04-13,0.02092510298745094
2021-04-14,0.021225723947875134
2021-04-15,0.02257336592023961
2021-04-16,0.021846004288021734
2021-04-19,0.020159100094833682
2021-04-20,0.020457560415767805
2021-04-21,0.02339682383089602
2021-04-22,0.0256007044032446
2021-04-23,0.024232667068152407
2021-04-26,0.023619661699684567
2021-04-27,0.022637333381922427
2021-04-28,0.023092664154107437
2021-04-29,0.023895563437117528
2021-04-30,0.026437430953001682
2021-05-03,0.025449853724467106
2021-05-04,0.023375241697407373
2021-05-05,0.02501997218578089
2021-05-06,0.024211721065847038
2021-05-07,0.024727485440624565
2021-05-10,0.025155241966643583
2021-05-11,0.025255701267880848
2021-05-12,0.02374389033474503
2021-05-13,0.025279564344439637
2021-05-14,0.02329059965373876
2021-05-17,0.025208874701027024
2021-05-18,0.023457034107817742
2021-05-19,0.02196363127470081
2021-05-20,0.022835422824292805
2021-05-21,0.023133069948325462
2021-05-24,0.02122406851423828
2021-05-25,0.024780718647458153
2021-05-26,0.020905439582570105
2021-05-27,0.020028729361251028
2021-05-28,0.02227576075586494
2021-06-01,0.019546055052699907
2021-06-02,0.02101468036340698
2021-06-03,0.018509089147672873
2021-06-04,0.02079267031119064
2021-06-07,0.022125723062956078
2021-06-08,0.031077738724002383
2021-06-09,0.01933067113557586
2021-06-10,0.022783616388299305
2021-06-11,0.02384276031268544
2021-06-14,0.02170172876186335
2021-06-15,0.021635554274655043
2021-06-16,0.019923704971437674
2021-06-17,0.01992818526615086
2021-06-18,0.023005057738206235
2021-06-21,0.021435332172240217
2021-06-22,0.022095816291467372
2021-06-23,0.017836076035340123
2021-06-24,0.019696530146625084
2021-06-25,0.019931968032888433
2021-06-28,0.020995007562418747
2021-06-29,0.020798276510028833
2021-06-30,0.02002115690031897
2021-07-01,0.02111299324135932
2021-07-02,0.01918843238436327
2021-07-06,0.01841826272233881
2021-07-07,0.019275415355782605
2021-07-08,0.02075438659756971
2021-07-09,0.01800607000091772
2021-07-12,0.021701938551642198
2021-07-13,0.018599746687685798
2021-07-14,0.017473182269351677
2021-07-15,0.018753704170694833
2021-07-16,0.019270949791249905
2021-07-19,0.019465780386133665
2021-07-20,0.020671497462777473
2021-07-21,0.021960918142051155
2021-07-22,0.02091156454031092
2021-07-23,0.017989401804240884
2021-07-26,0.01980502383199762
2021-07-27,0.01888857065754862
2021-07-28,0.021704201333844198
2021-07-29,0.021250229484774744
2021-07-30,0.02095563448024714
2021-08-02,0.020759743203165697
2021-08-03,0.020586070812161884
2021-08-04,0.02093936884109327
2021-08-05,0.019986368263497853
2021-08-06,0.02168490635027752
2021-08-09,0.018368901448788832
2021-08-10,0.017138792666887188
2021-08-11,0.017812147298118988
2021-08-12,0.016395716016359772
2021-08-13,0.017588240904042245
2021-08-16,0.017900670173688307
2021-08-17,0.01800296706031602
2021-08-18,0.02070848434699441
2021-08-19,0.017686921354280394
2021-08-20,0.0208678950880179
2021-08-23,0.01749045513681406
2021-08-24,0.019440837224168655
2021-08-25,0.018191064631954804
2021-08-26,0.01618727128019581
2021-08-27,0.017814573307055825
2021-08-30,0.01633939113037518
2021-08-31,0.018907819750834363
2021-09-01,0.01482893344186696
2021-09-02,0.017134914794507215
2021-09-03,0.017448278243254955
2021-09-07,0.018513572423709712
2021-09-08,0.018760560940239344
2021-09-09,0.019343252846574916
2021-09-10,0.016816126171789462
2021-09-13,0.02007018823530597
2021-09-14,0.017537679824020647
2021-09-15,0.020523465860347413
2021-09-16,0.018125190771099736
2021-09-17,0.016164507873070198
2021-09-20,0.017893570998055858
2021-09-21,0.017156939089269477
2021-09-22,0.0179691357025632
2021-09-23,0.018460524234196522
2021-09-24,0.017885719556709406
2021-09-27,0.016961324409962255
2021-09-28,0.017891036041512813
2021-09-29,0.018328172009221114
2021-09-30,0.017579501559675505
2021-10-01,0.017617836349597748
2021-10-04,0.020937137907349725
2021-10-05,0.01844664566064853
2021-10-06,0.015850214190294466
2021-10-07,0.015591877217735129
2021-10-08,0.015192071770781416
2021-10-11,0.015036891385542107
2021-10-12,0.016965455840331788
2021-10-13,0.017514509539339126
2021-10-14,0.01738866959193263
2021-10-15,0.016791488338585864
2021-10-18,0.01646891139708386
2021-10-19,0.016573996057264517
2021-10-20,0.015952393281913425
2021-10-21,0.01684797018112376
2021-10-22,0.01670987279722625
2021-10-25,0.021688797556993638
2021-10-26,0.016551285204038
2021-10-27,0.019285107891304634
2021-10-28,0.022627757236754475
2021-10-29,0.018413660970343602
2021-11-01,0.01746634218085419
2021-11-02,0.01969323325413371
2021-11-03,0.020492186380117593
2021-11-04,0.0181760212859207
2021-11-05,0.02210378089428741
2021-11-08,0.02608685055535598
2021-11-09,0.01765138757265436
2021-11-10,0.016194959708702654
2021-11-11,0.01941083698024256
2021-11-12,0.01726845360235071
2021-11-15,0.01772615408761514
2021-11-16,0.016043703871073362
2021-11-17,0.02001859825888291
2021-11-18,0.018106782818378367
2021-11-19,0.018006641386123377
2021-11-22,0.019359536356103386
2021-11-23,0.02244448865954911
2021-11-24,0.01858387658548817
2021-11-26,0.015581153769537366
2021-11-29,0.02416141593037647
2021-11-30,0.021427909221251578
2021-12-01,0.015818038573928116
2021-12-02,0.026053169951054594
2021-12-03,0.02242717097661841
2021-12-06,0.020299678349919137
2021-12-07,0.021769271227801125
2021-12-08,0.020354552401646242
2021-12-09,0.016280726420652224
2021-12-10,0.015920665051459913
2021-12-13,0.018173106430993798
2021-12-14,0.020816151330586993
2021-12-15,0.016877569343639327
2021-12-16,0.01818750114436095
2021-12-17,0.024941820485267618
2021-12-20,0.020254027863860803
2021-12-21,0.01615824562953775
2021-12-22,0.02381741128717291
2021-12-23,0.013467138802851669
2021-12-27,0.013610675126894511
2021-12-28,0.016361813939840885
2021-12-29,0.013065264592072055
2021-12-30,0.014938582704407724
2021-12-31,0.014164523237507769
2022-01-03,0.009350754992880921
2022-01-04,0.13562949683353384
2022-01-05,0.02034154337682699
2022-01-06,0.018932887621698157
2022-01-07,0.016352773366215843
2022-01-10,0.019289151534449947
2022-01-11,0.018322853557914895
2022-01-12,0.01587493273180237
2022-01-13,0.01344495964462111
2022-01-14,0.020434420543465018
2022-01-18,0.02094439564853453
2022-01-19,0.01945842455094564
2022-01-20,0.015818532132824827
2022-01-21,0.013734653273653448
2022-01-24,0.017504542688066612
2022-01-25,0.01585031806863964
2022-01-26,0.02014490754188242
2022-01-27,0.018345199150718604
2022-01-28,0.01921041429142053
2022-01-31,0.019606678283356646
2022-02-01,0.020195729917161055
2022-02-02,0.016957706726968832
2022-02-03,0.01756913831028896
2022-02-04,0.017248290134842678
2022-02-07,0.016528960453013372
2022-02-08,0.01779997739748931
2022-02-09,0.01783475089690699
2022-02-10,0.016769142980040435
2022-02-11,0.015192800657810299
2022-02-14,0.0189397787607821
2022-02-15,0.014266730917325414
2022-02-16,0.020918927051212663
2022-02-17,0.014778722493727789
2022-02-18,0.017075724110630765
2022-02-22,0.012729452954640933
2022-02-23,0.015943272932747374
2022-02-24,0.01598010073950899
2022-02-25,0.023159308372651094
2022-02-28,0.012955184678689762
2022-03-01,0.017169274062673465
2022-03-02,0.024214221547681467
2022-03-03,0.019265584765673013
2022-03-04,0.017817572359861988
2022-03-07,0.021988746362264656
2022-03-08,0.029509889907412035
2022-03-09,0.019168014053906092
2022-03-10,0.022909488217830128
2022-03-11,0.013737433468741265
2022-03-14,0.015053471036025596
2022-03-15,0.021844845807140623
2022-03-16,0.017694676442777814
2022-03-17,0.02298705852237596
2022-03-18,0.012387591294096369
2022-03-21,0.014525882772724933
2022-03-22,0.013690371699969877
2022-03-23,0.013845382676015119
2022-03-24,0.013056094999291033
2022-03-25,0.013985531506707248
2022-03-28,0.01183640404302921
2022-03-29,0.014214689907456762
2022-03-30,0.01640439722442422
2022-03-31,0.013825668558000836
2022-04-01,0.015562006400514179
2022-04-04,0.014455204494380721
2022-04-05,0.016598585139362482
2022-04-06,0.016777476071876525
2022-04-07,0.020941439790703877
2022-04-08,0.016304491026257757
2022-04-11,0.015750669156368594
2022-04-12,0.01698944146871644
2022-04-13,0.012146947752898691
2022-04-14,0.01743731628786905
2022-04-18,0.015958002229121207
2022-04-19,0.015651124680051007
2022-04-20,0.016747919929005775
2022-04-21,0.022194570928089546
2022-04-22,0.019215221650284563
2022-04-25,0.01445206328943165
2022-04-26,0.01594360566305133
2022-04-27,0.016732801669337882
2022-04-28,0.01834683992102604
2022-04-29,0.019762618478018478
2022-05-02,0.017286161252509376
2022-05-03,0.018158914975469027
2022-05-04,0.014461261946496658
2022-05-05,0.012735534970494664
2022-05-06,0.01992517878562111
2022-05-09,0.019238376831517426
2022-05-10,0.02663949476827837
2022-05-11,0.015996681396738467
2022-05-12,0.01857153321789945
2022-05-13,0.017369595524239848
2022-05-16,0.02204416658318569
2022-05-17,0.01648524707461197
2022-05-18,0.019572035615653155
2022-05-19,0.0228894957401889
2022-05-20,0.01708187267842126
2022-05-23,0.018829656623254695
2022-05-24,0.018124449514972933
2022-05-25,0.025910641658630516
2022-05-26,0.014677814061660256
2022-05-27,0.021451406899849097
2022-05-31,0.016400994279119133
2022-06-01,0.013538552105901835
2022-06-02,0.013998238166120345
2022-06-03,0.020164595352858153
2022-06-06,0.014820271447040028
2022-06-07,0.012239320193453546
2022-06-08,0.011195287459627693
2022-06-09,0.014788517692826212
2022-06-10,0.01647111030820302
2022-06-13,0.018678707872035523
2022-06-14,0.023069863421951067
2022-06-15,0.016326902257533082
2022-06-16,0.01718684472532065
2022-06-17,0.026091231996457444
2022-06-21,0.022973148789369027
2022-06-22,0.01854826097611967
2022-06-23,0.01537685431479692
2022-06-24,0.020289778136008803
2022-06-27,0.023676230310474833
2022-06-28,0.013640860457200327
2022-06-29,0.01838748541140319
2022-06-30,0.018522619590418243
2022-07-01,0.01375778798511731
2022-07-05,0.013769571099088091
2022-07-06,0.02149388550994903
2022-07-07,0.015717102081813747
2022-07-08,0.016925962866069708
2022-07-11,0.01234264794779521
2022-07-12,0.01835622385351686
2022-07-13,0.01938334536185176
2022-07-14,0.01288318510118471
2022-07-15,0.015483034183591109
2022-07-18,0.016012860768970343
2022-07-19,0.015779253538638793
2022-07-20,0.013792884526024736
2022-07-21,0.018446012968013802
2022-07-22,0.02033984556238122
2022-07-25,0.016471116633550813
2022-07-26,0.01353702212331736
2022-07-27,0.017916801775287816
2022-07-28,0.020038059201487504
2022-07-29,0.01901851250388263
2022-08-01,0.01884429276636124
2022-08-02,0.014048856052349333
2022-08-03,0.013699974019194837
2022-08-04,0.021364452824382194
2022-08-05,0.017628563109160097
2022-08-08,0.013292755830961853
2022-08-09,0.012465968192878657
2022-08-10,0.019290011943205326
2022-08-11,0.018927546245104288
2022-08-12,0.014780063750162843
2022-08-15,0.011917676750987248
2022-08-16,0.012006863468768308
2022-08-17,0.013045687104363402
2022-08-18,0.014554749450533429
2022-08-19,0.011840069026264664
2022-08-22,0.016224466469164908
2022-08-23,0.014710577094535781
2022-08-24,0.015274163923226043
2022-08-25,0.012508656731107405
2022-08-26,0.012925371008846203
2022-08-29,0.014573834782307374
2022-08-30,0.01086507926516735
2022-08-31,0.011313934043993883
2022-09-01,0.011085593305557459
2022-09-02,0.014971578941172318
2022-09-06,0.012177282409041158
2022-09-07,0.012464262160473376
2022-09-08,0.0159925280339732
2022-09-09,0.013132868560690339
2022-09-12,0.01200958050673783
2022-09-13,0.010172965956455116
2022-09-14,0.01578969496618526
2022-09-15,0.014623077838101638
2022-09-16,0.018467784352095087
2022-09-19,0.015864951791702962
2022-09-20,0.03670125426268848
2022-09-21,0.01264088996727154
2022-09-22,0.01357260953853013
2022-09-23,0.01674152992362561
2022-09-26,0.017688143072662005
2022-09-27,0.015051426800592134
2022-09-28,0.013777949172478113
2022-09-29,0.020998016349008164
2022-09-30,0.014509650518666747
2022-10-03,0.01759003498205944
2022-10-04,0.015645985437225028
2022-10-05,0.02326788564522399
2022-10-06,0.013250325440906945
2022-10-07,0.015418852436868207
2022-10-10,0.01626215297894012
2022-10-11,0.018625959466311785
2022-10-12,0.016926477645491676
2022-10-13,0.014909348414938281
2022-10-14,0.01741801882167955
2022-10-17,0.01702200474457239
2022-10-18,0.015341700902567377
2022-10-19,0.014693048233559713
2022-10-20,0.01782217578753873
2022-10-21,0.015623198289943572
2022-10-24,0.014811174825104054
2022-10-25,0.01466846542388397
2022-10-26,0.01674052982178593
2022-10-27,0.01668044835803538
2022-10-28,0.018309629107742365
2022-10-31,0.027743127249819692
2022-11-01,0.014354773319573064
2022-11-02,0.014703591527092788
2022-11-03,0.01876427444491565
2022-11-04,0.024922178757261573
2022-11-07,0.01969629381315527
2022-11-08,0.014374451011133327
2022-11-09,0.012192735591533133
2022-11-10,0.017431874483001042
2022-11-11,0.03155636735822619
2022-11-14,0.026751903747504024
2022-11-15,0.012600343646455332
2022-11-16,0.01470710293516246
2022-11-17,0.018192550781876426
2022-11-18,0.013492903740604797
2022-11-21,0.01064064740532346
2022-11-22,0.013533522612107385
2022-11-23,0.012936267819844522
2022-11-25,0.011751880607640338
2022-11-28,0.009245412517529982
2022-11-29,0.013179510183577223
2022-11-30,0.012559533346962661
2022-12-01,0.0185235165627696
2022-12-02,0.013489006334514594
2022-12-05,0.012239588305633752
2022-12-06,0.013221577434069558
2022-12-07,0.014239081641673198
2022-12-08,0.011329082329388004
2022-12-09,0.010154312694517068
2022-12-12,0.012576535766405656
2022-12-13,0.010629977309851319
2022-12-14,0.01518283235441233
2022-12-15,0.011811183689064617
2022-12-16,0.014298382344565357
2022-12-19,0.010926474272298113
2022-12-20,0.013736418313599862
2022-12-21,0.009964493139613055
2022-12-22,0.011498033783251656
2022-12-23,0.014739986437913874
2022-12-27,0.010243240894543324
2022-12-28,0.012734579144654546
2022-12-29,0.01001074418493712
2022-12-30,0.013786148139994884
2023-01-03,0.00821072144642231
2023-01-04,0.23996982172323023
2023-01-05,0.016379205588408576
2023-01-06,0.016564031342362562
2023-01-09,0.013251698608660382
2023-01-10,0.01925546612157924
2023-01-11,0.01306714837511487
2023-01-12,0.013394252666748728
2023-01-13,0.013103361302640977
2023-01-17,0.011105153691683583
2023-01-18,0.012474548908521071
2023-01-19,0.01103879926164937
2023-01-20,0.015962676760437396
2023-01-23,0.014473548677345276
2023-01-24,0.017481092739888678
2023-01-25,0.012504791231301608
2023-01-26,0.014333402987733782
2023-01-27,0.018100633558071316
2023-01-30,0.01577335058041593
2023-01-31,0.013166013881700255
2023-02-01,0.010859023225242858
2023-02-02,0.019960385644047604
2023-02-03,0.029493797546581893
2023-02-06,0.01580787046331448
2023-02-07,0.012647897791702879
2023-02-08,0.016454561655944958
2023-02-09,0.013583777143729603
2023-02-10,0.012466297779432658
2023-02-13,0.019990618589367157
2023-02-14,0.012570487830520574
2023-02-15,0.013918665664894133
2023-02-16,0.01589390450650157
2023-02-17,0.014501463739778096
2023-02-21,0.017436774705229724
2023-02-22,0.015937671760875037
2023-02-23,0.01076984776183407
2023-02-24,0.013110372218487857
2023-02-27,0.01496943834728119
2023-02-28,0.010583412556064424
2023-03-01,0.01168105826890332
2023-03-02,0.014648295317115367
2023-03-03,0.011813753318555284
2023-03-06,0.012799280281593491
2023-03-07,0.011751234803523341
2023-03-08,0.009744548890032012
2023-03-09,0.012987370857882487
2023-03-10,0.013597046558602447
2023-03-13,0.014849649323042854
2023-03-14,0.019513944392324713
2023-03-15,0.014330145656072985
2023-03-16,0.023489988815924803
2023-03-17,0.014734145108322395
2023-03-20,0.01186544488945992
2023-03-21,0.011142857467074961
2023-03-22,0.01776748151805606
2023-03-23,0.011115506061740202
2023-03-24,0.014734400324042999
2023-03-27,0.015301999516135596
2023-03-28,0.014810023000990708
2023-03-29,0.013394526358915351
2023-03-30,0.013354135800231896
2023-03-31,0.009511751094326353
2023-04-03,0.011269449835628841
2023-04-04,0.020869226655768146
2023-04-05,0.013402749336638245
2023-04-06,0.0166001754440082
2023-04-10,0.011955835917312285
2023-04-11,0.011701399127383291
2023-04-12,0.011937706907040225
2023-04-13,0.014615098034372874
2023-04-14,0.010302699556139059
2023-04-17,0.010606942734595417
2023-04-18,0.012716426730870407
2023-04-19,0.009753103424664039
2023-04-20,0.013600855562678909
2023-04-21,0.013702397560697369
2023-04-24,0.012683579010230579
2023-04-25,0.012295362073839121
2023-04-26,0.014584945436033808
2023-04-27,0.014861115602403075
2023-04-28,0.01717309191284568
2023-05-01,0.014935155267027989
2023-05-02,0.01490806129991326
2023-05-03,0.016109706220804834
2023-05-04,0.014106459079016474
2023-05-05,0.01487965978442136
2023-05-08,0.015622053708568026
2023-05-09,0.012897598826133921
2023-05-10,0.012947215602859243
2023-05-11,0.013786666071211918
2023-05-12,0.012796830744838582
2023-05-15,0.011755447366570897
2023-05-16,0.013481563069361277
2023-05-17,0.011596350411408463
2023-05-18,0.016574531919841352
2023-05-19,0.013819578324276069
2023-05-22,0.013275728593568167
2023-05-23,0.015831241393518755
2023-05-24,0.01866734250941267
2023-05-25,0.014825098568078508
2023-05-26,0.023786986136337427
2023-05-30,0.018078622519207388
2023-05-31,0.013543339613649332
2023-06-01,0.016686834053489998
2023-06-02,0.01674107882786688
2023-06-05,0.018163751542273253
2023-06-06,0.01426033858084559
2023-06-07,0.017386857410839573
2023-06-08,0.02002335943608276
2023-06-09,0.011905094099624045
2023-06-12,0.02599420304022486
2023-06-13,0.01392115320663364
2023-06-14,0.012962691516883925
2023-06-15,0.015388289566354492
2023-06-16,0.01522567625095482
2023-06-20,0.013671439706104944
2023-06-21,0.012435466306655667
2023-06-22,0.01425574706518297
2023-06-23,0.013255131412501285
2023-06-26,0.012510167820380237
2023-06-27,0.014982204112036277
2023-06-28,0.01525775588122802
2023-06-29,0.012095104598857426
2023-06-30,0.01263960601962504
2023-07-03,0.009146715140313153
2023-07-05,0.012556888566625691
2023-07-06,0.012165259084546723
2023-07-07,0.010323638990107539
2023-07-10,0.014192126211241718
2023-07-11,0.013478559493708533
2023-07-12,0.015384150935003359
2023-07-13,0.013989952642236661
2023-07-14,0.011908530187433956
2023-07-17,0.014769334822960344
2023-07-18,0.014783903447292723
2023-07-19,0.014146304513459457
2023-07-20,0.015375529725865283
2023-07-21,0.021776739923174443
2023-07-24,0.014907905647247355
2023-07-25,0.012902730942770795
2023-07-26,0.013663404058938356
2023-07-27,0.01401306500498573
2023-07-28,0.017482096419604097
2023-07-31,0.013872187258216054
2023-08-01,0.012752131955768145
2023-08-02,0.011639411685686012
2023-08-03,0.016084768483135177
2023-08-04,0.01595103531102816
2023-08-07,0.013725821096214588
2023-08-08,0.010910807971058303
2023-08-09,0.01307430882458616
2023-08-10,0.014920122842333057
2023-08-11,0.009736610163295177
2023-08-14,0.014997262043611664
2023-08-15,0.012342657564597676
2023-08-16,0.011883182697265824
2023-08-17,0.011808479458126613
2023-08-18,0.014510441737811963
2023-08-21,0.010959218782684826
2023-08-22,0.013208375236373408
2023-08-23,0.01219256200639843
2023-08-24,0.011198968063044885
2023-08-25,0.015057715148317032
2023-08-28,0.01165952882444729
2023-08-29,0.010232785500868166
2023-08-30,0.011455368723873855
2023-08-31,0.010581210015510385
2023-09-01,0.011797902837333264
2023-09-05,0.01521319776106085
2023-09-06,0.012850960754037088
2023-09-07,0.011521049177949246
2023-09-08,0.013752601801093368
2023-09-11,0.011791323718566758
2023-09-12,0.011130706282390532
2023-09-13,0.015376629754156775
2023-09-14,0.012232334679711717
2023-09-15,0.012289437505635992
2023-09-18,0.013583193585780856
2023-09-19,0.011878445006849337
2023-09-20,0.010319233702587223
2023-09-21,0.01280454458721387
2023-09-22,0.013290211283452185
2023-09-25,0.012083808212045574
2023-09-26,0.00923940736152793
2023-09-27,0.011238028168206866
2023-09-28,0.01211138092252861
2023-09-29,0.011071347882611542
2023-10-02,0.011258813187433757
2023-10-03,0.012235476232000952
2023-10-04,0.012459694007099871
2023-10-05,0.013086163462764304
2023-10-06,0.011421743703115075
2023-10-09,0.012369716391226486
2023-10-10,0.014502440860077882
2023-10-11,0.011136247939497017
2023-10-12,0.014227748148891974
2023-10-13,0.013997560999200048
2023-10-16,0.025680345950300797
2023-10-17,0.010363557039465477
2023-10-18,0.01352047391750116
2023-10-19,0.01634935361048966
2023-10-20,0.01706576248502121
2023-10-23,0.01196916613050118
2023-10-24,0.012403890398345751
2023-10-25,0.013414737776735075
2023-10-26,0.01946053644856905
2023-10-27,0.02036246348158213
2023-10-30,0.01712593269718156
2023-10-31,0.01294707672201768
2023-11-01,0.011174314596801509
2023-11-02,0.017643984225452235
2023-11-03,0.01667199835716339
2023-11-06,0.016258722192419306
2023-11-07,0.013100602832903034
2023-11-08,0.012101504329001889
2023-11-09,0.013059043780066061
2023-11-10,0.013056138878964545
2023-11-13,0.012461373807684823
2023-11-14,0.011202573834638543
2023-11-15,0.018380621193793995
2023-11-16,0.016528781732691587
2023-11-17,0.015864191296879195
2023-11-20,0.012589408486302182
2023-11-21,0.010799741486888371
2023-11-22,0.012301113009716117
2023-11-24,0.00952969888218258
2023-11-27,0.008097352123601503
2023-11-28,0.009652791913785855
2023-11-29,0.010540698780556294
2023-11-30,0.014416685536431627
2023-12-01,0.012940652145584654
2023-12-04,0.015543012495881088
2023-12-05,0.014098378688774947
2023-12-06,0.01243733855104048
2023-12-07,0.013371220112550137
2023-12-08,0.013168968257923432
2023-12-11,0.0126845900403284
2023-12-12,0.01821487543749979
2023-12-13,0.0144875239822163
2023-12-14,0.01659113220013258
2023-12-15,0.024125101722398117
2023-12-18,0.011220573299417107
2023-12-19,0.01291817686677589
2023-12-20,0.011622089862136361
2023-12-21,0.011980913046007673
2023-12-22,0.011758698699904754
2023-12-26,0.008315922483907938
2023-12-27,0.008517134153578496
2023-12-28,0.007802826013077388
2023-12-29,0.0076370979826097096
2024-01-02,0.018369871638095236
2024-01-03,0.3059851557976307
2024-01-04,0.025489487338039137
2024-01-05,0.02028535402879863
2024-01-08,0.020087429364870957
2024-01-09,0.022992220248468836
2024-01-10,0.023182140415936
2024-01-11,0.02224307004653316
2024-01-12,0.021042230298948004
2024-01-16,0.02254094753274059
2024-01-17,0.024167741005440314
2024-01-18,0.01896358273475685
2024-01-19,0.021355511869331687
2024-01-22,0.023991584690264557
2024-01-23,0.020562915045527336
2024-01-24,0.01956194877565983
2024-01-25,0.018026257631503735
2024-01-26,0.022762147254230106
2024-01-29,0.018701948286875866
2024-01-30,0.018062426091702926
2024-01-31,0.018332346815882715
2024-02-01,0.019783914943411883
2024-02-02,0.02035996566839309
2024-02-05,0.02467015621096669
2024-02-06,0.02484834250689148
2024-02-07,0.02298120901190243
2024-02-08,0.02441548393372618
2024-02-09,0.021093852298898198
2024-02-12,0.0239184578720337
2024-02-13,0.02048332279715304
2024-02-14,0.017729780746729252
2024-02-15,0.021610477450803696
2024-02-16,0.018888209468060045
2024-02-20,0.01955774642648138
2024-02-21,0.019496523239758312
2024-02-22,0.01994444728193254
2024-02-23,0.02765088401998096
2024-02-26,0.019658942307817735
2024-02-27,0.01908529412867909
2024-02-28,0.01860898032334621
2024-02-29,0.01665215403837676
2024-03-01,0.02009189254953769
2024-03-04,0.019744929093343123
2024-03-05,0.020095863900571703
2024-03-06,0.022592018809972216
2024-03-07,0.018912720753360562
2024-03-08,0.020019579518091878
2024-03-11,0.021308529717125425
2024-03-12,0.02258287402460199
2024-03-13,0.02131890636524895
2024-03-14,0.020517948206893483
2024-03-15,0.0203449348583467
2024-03-18,0.017508173315645626
2024-03-19,0.017409837526185055
2024-03-20,0.01688512964448071
2024-03-21,0.018378763106199656
2024-03-22,0.01840258177232805
2024-03-25,0.016610600896074124
2024-03-26,0.017786197503871073
2024-03-27,0.01682927715716906
2024-03-28,0.02181205632094114
2024-04-01,0.018048635196797145
2024-04-02,0.018147386128695684
2024-04-03,0.019800977977613213
2024-04-04,0.018902396992750196
2024-04-05,0.020408411022532047
2024-04-08,0.019880571307724457
2024-04-09,0.01733078290714806
2024-04-10,0.020537904672986242
2024-04-11,0.018950639743728664
2024-04-12,0.01791174698849907
2024-04-15,0.01857521465242883
2024-04-16,0.016747211730663628
2024-04-17,0.018864206820673156
2024-04-18,0.02298647269961524
2024-04-19,0.02036262020514637
2024-04-22,0.024480502431588474
2024-04-23,0.020291084271218465
2024-04-24,0.021866966743324112
2024-04-25,0.023783582418641577
2024-04-26,0.027530934066462915
2024-04-29,0.02063768775628711
2024-04-30,0.021204380409863933
2024-05-01,0.02129113920182847
2024-05-02,0.027174755374071
2024-05-03,0.02406169636362117
2024-05-06,0.026597847476388523
2024-05-07,0.021465623616329477
2024-05-08,0.01922207974569048
2024-05-09,0.018150261635786005
2024-05-10,0.018907228584585357
2024-05-13,0.01980671003276102
2024-05-14,0.01971044302062629
2024-05-15,0.018403542751044923
2024-05-16,0.022880038270675297
2024-05-17,0.019894374288336316
2024-05-20,0.01956869010781999
2024-05-21,0.022620756535408577
2024-05-22,0.021544083813662327
2024-05-23,0.026313449189757206
2024-05-24,0.02308589574205814
2024-05-28,0.02153031864016317
2024-05-29,0.020789651184335102
2024-05-30,0.02059078526063347
2024-05-31,0.023366459579777902
2024-06-03,0.02185269405200404
2024-06-04,0.023242816620407614
2024-06-05,0.01981435588309549
2024-06-06,0.023601695928661667
2024-06-07,0.020579337851467476
2024-06-10,0.01922132815397521
2024-06-11,0.020100654381062615
2024-06-12,0.01963616631048444
2024-06-13,0.023065370213391494
2024-06-14,0.0228780772736401
2024-06-17,0.021078413835094255
2024-06-18,0.0212224303053112
2024-06-20,0.019772992511179473
2024-06-21,0.026545959425949943
2024-06-24,0.019841719113638783
2024-06-25,0.02337543038290873
2024-06-26,0.021779540474319473
2024-06-27,0.02112405408266186
2024-06-28,0.02222120375583906
2024-07-01,0.024080614008098793
2024-07-02,0.021231210195593535
2024-07-03,0.020332707858491547
2024-07-05,0.02008973564253748
2024-07-08,0.018913326586370727
2024-07-09,0.02075593333491914
2024-07-10,0.021984386930599127
2024-07-11,0.01904414987664406
2024-07-12,0.02715089936385069
2024-07-15,0.020120386103398523
2024-07-16,0.03827828263505595
2024-07-17,0.022406551147775282
2024-07-18,0.02845380847760634
2024-07-19,0.019643657993199438
2024-07-22,0.021983643487880778
2024-07-23,0.02187563067700743
2024-07-24,0.022848778645287875
2024-07-25,0.027701231889808893
2024-07-26,0.02655868321106294
2024-07-29,0.026339768196317483
2024-07-30,0.021907990302692047
2024-07-31,0.024232591024161684
2024-08-01,0.02981539660049231
2024-08-02,0.030287245073709886
2024-08-05,0.03280792488747883
2024-08-06,0.020836277368281305
2024-08-07,0.023156795763527853
2024-08-08,0.022703073603326292
2024-08-09,0.02522380913949817
2024-08-12,0.019124786283078437
2024-08-13,0.020713443781867562
2024-08-14,0.027750014335151466
2024-08-15,0.019945817108886363
2024-08-16,0.02431487875364611
2024-08-19,0.017837901594601146
2024-08-20,0.019126819829455303
2024-08-21,0.02031431406721722
2024-08-22,0.019029146775918222
2024-08-23,0.01950565014684023
2024-08-26,0.020734412730234245
2024-08-27,0.018862260885822612
2024-08-28,0.020139281550838654
2024-08-29,0.01981077649548689
2024-08-30,0.02468558392490537
2024-09-03,0.020825196625579592
2024-09-04,0.028834134262381832
2024-09-05,0.02450444096180031
2024-09-06,0.02164667291519348
2024-09-09,0.022678800427917926
2024-09-10,0.02287114695091641
2024-09-11,0.02359401492785994
2024-09-12,0.02928240699662521
2024-09-13,0.020844427173435553
2024-09-16,0.02332191945529306
2024-09-17,0.020669914854002065
2024-09-18,0.022570661372355156
2024-09-19,0.01962926831436792
2024-09-20,0.025597778380935986
2024-09-23,0.02218213548809342
2024-09-24,0.07346796152238125
2024-09-25,0.02295293247803589
2024-09-26,0.023639336586497216
2024-09-27,0.029458041601075277
2024-09-30,0.021092798161672862
2024-10-01,0.022884093976252406
2024-10-02,0.023322219794448193
2024-10-03,0.024801249466887807
2024-10-04,0.02254788032604128
2024-10-07,0.02403157410663946
2024-10-08,0.022268872878314437
2024-10-09,0.025564116590049146
2024-10-10,0.020862830150085845
2024-10-11,0.01962939939058419
2024-10-14,0.01958508025800819
2024-10-15,0.019931950321559404
2024-10-16,0.027133656140144378
2024-10-17,0.021597681168460746
2024-10-18,0.019436236595992678
2024-10-21,0.02105804658605186
2024-10-22,0.01817224668801282
2024-10-23,0.022353365503951866
2024-10-24,0.020994431199809073
2024-10-25,0.023874773635164066
2024-10-28,0.018937532521421708
2024-10-29,0.0205985187190609
2024-10-30,0.020791389598667803
2024-10-31,0.019590531778800168
2024-11-01,0.02747150443737306
2024-11-04,0.024217080052441275
2024-11-05,0.01970174643269812
2024-11-06,0.01895465410117129
2024-11-07,0.04024230643649304
2024-11-08,0.025671401788088483
2024-11-11,0.025217762459545007
2024-11-12,0.02456320217671057
2024-11-13,0.021837126344629254
2024-11-14,0.022700673555182252
2024-11-15,0.023116179935340115
2024-11-18,0.02476120198678591
2024-11-19,0.020948689250934044
2024-11-20,0.020884466756672375
2024-11-21,0.021700413511119468
2024-11-22,0.019318927691764232
2024-11-25,0.02359873463856919
2024-11-26,0.025573681736908386
2024-11-27,0.02137748398044575
2024-11-29,0.020305442925148694
2024-12-02,0.01721016387557201
2024-12-03,0.02178347366866318
2024-12-04,0.020891671343026386
2024-12-05,0.02265277034958401
2024-12-06,0.021108389342697913
2024-12-09,0.021652959105924813
2024-12-10,0.025109466864072144
2024-12-11,0.02505283574748017
2024-12-12,0.02016674717749562
2024-12-13,0.01927779197661956
2024-12-16,0.018244217063737415
2024-12-17,0.02154091877871748
2024-12-18,0.020823589244980772
2024-12-19,0.023142747794549147
2024-12-20,0.021238686087567703
2024-12-23,0.02136291322955146
2024-12-24,0.01716773679657877
2024-12-26,0.014686946820923922
2024-12-27,0.015883909541629354
2024-12-30,0.0161177281658785
2024-12-31,0.01611291591737241
2025-01-02,0.01050901999659259
2025-01-03,0.21888745360261708
2025-01-06,0.013808716845831105
2025-01-07,0.015133694254072167
2025-01-08,0.016797684315433836
2025-01-10,0.015004623582687922
2025-01-13,0.01939831334957611
2025-01-14,0.018657624437120053
2025-01-15,0.014174530428288135
2025-01-16,0.016017554896859687
2025-01-17,0.015043904220475615
2025-01-21,0.01400705977012018
2025-01-22,0.015340381226053539
2025-01-23,0.017027587849028372
2025-01-24,0.014512164786250037
2025-01-27,0.01453641317893699
2025-01-28,0.02976120319771651
2025-01-29,0.01791685367262185
2025-01-30,0.014727333668541405
2025-01-31,0.02064549897323863
2025-02-03,0.012373688042773272
2025-02-04,0.01556670125560096
2025-02-05,0.01866221060358516
2025-02-06,0.017298769936621085
2025-02-07,0.0178593594815502
2025-02-10,0.013228613214216565
2025-02-11,0.01771025749079934
2025-02-12,0.014964792291289653
2025-02-13,0.018316971135967988
2025-02-14,0.014681637562313393
2025-02-18,0.01500886299239651
2025-02-19,0.01928016092871609
2025-02-20,0.016855925151279774
2025-02-21,0.016797489059414725
2025-02-24,0.01980795821714874
2025-02-25,0.017503623104160156
2025-02-26,0.01834067700042804
2025-02-27,0.018221734404348752
2025-02-28,0.022012179888937222
2025-03-03,0.013476500202350798
2025-03-04,0.021349802336268243
2025-03-05,0.02092930999858513
2025-03-06,0.018337636897471428
2025-03-07,0.02195266115356355
2025-03-10,0.02102681789102233
2025-03-11,0.02468990116737032
2025-03-12,0.02193668948853387
2025-03-13,0.019005572736523847
2025-03-14,0.020005720729334757
2025-03-17,0.016213178367968428
2025-03-18,0.013497890623894311
2025-03-19,0.015106116983001345
2025-03-20,0.015272310770727056
2025-03-21,0.011800962778679954
2025-03-24,0.015060455804412214
2025-03-25,0.016087447598095758
2025-03-26,0.013698927747668616
2025-03-27,0.017540843764331987
2025-03-28,0.015443005877288564
2025-03-31,0.016825456528344343
2025-04-01,0.013788743062987994
2025-04-02,0.01306389030525469
2025-04-03,0.01326336579263503
2025-04-04,0.04793605207819447
2025-04-07,0.02776037282599045
2025-04-08,0.020998004822229906
2025-04-09,0.026127254551997443
2025-04-10,0.04105778058271756
2025-04-11,0.030095091107543173
2025-04-14,0.014206207637831066
2025-04-15,0.012945967443950154
2025-04-16,0.015099587383475428
2025-04-17,0.015035654740324204
2025-04-21,0.01723489598779425
2025-04-22,0.016083107775090442
2025-04-23,0.013479640969144873
2025-04-24,0.02019355932913767
2025-04-25,0.02358596377896282
2025-04-28,0.015981516332102944
2025-04-29,0.009681879081924756
2025-04-30,0.013195335578238848
2025-05-01,0.014668585324773817
2025-05-02,0.01590891570990028
2025-05-05,0.01322556097605096
2025-05-06,0.014458087342694815
2025-05-07,0.017712182393949637
2025-05-08,0.01161510144285268
2025-05-09,0.019462925157285135
2025-05-12,0.013564758751169036
2025-05-13,0.028026283039864545
2025-05-14,0.024122201414008334
2025-05-15,0.016443201323312135
2025-05-16,0.01808091697240874
2025-05-19,0.011394969764178777
2025-05-20,0.013416170898289035
2025-05-21,0.012131533997550863
2025-05-22,0.01276613304571959
2025-05-23,0.01592371400854964
2025-05-27,0.012959146868978182
2025-05-28,0.013082404559286581
2025-05-29,0.011145454478129053
2025-05-30,0.011355547269830483
2025-06-02,0.017583740434172088
2025-06-03,0.012748733220575192
2025-06-04,0.018037210569947025
2025-06-05,0.012265458892042912
2025-06-06,0.013432636367608435
2025-06-09,0.01319178307112195
2025-06-10,0.01582818427976338
2025-06-11,0.01568854566465055
2025-06-12,0.013082313522544936
2025-06-13,0.011237811725090835
2025-06-16,0.017368001041251354
2025-06-17,0.017408385412239755
2025-06-18,0.017979412761000433
2025-06-20,0.0114765444608667
2025-06-23,0.011013229963359239
2025-06-24,0.016158590895861982
2025-06-25,0.016805657552662834
2025-06-26,0.012423922903842147
2025-06-27,0.013940880706859272
2025-06-30,0.01566191938566765
2025-07-01,0.011879622891824117
2025-07-02,0.019085172590729074
2025-07-03,0.018673409351140584
2025-07-07,0.011353056485465801
2025-07-08,0.012817126734888835
2025-07-09,0.01895120200869866
2025-07-10,0.010176788584897945
2025-07-11,0.014797640651751496
2025-07-14,0.011795031363059462
2025-07-15,0.013316170686751151
2025-07-16,0.016445372848102626
2025-07-17,0.012611588310744293
2025-07-18,0.015903610580114184
2025-07-21,0.01353753235252
2025-07-22,0.011758044625554088
2025-07-23,0.018129329744054387
2025-07-24,0.0185965310833623
2025-07-25,0.018178938758886286
2025-07-28,0.013619928541874672
2025-07-29,0.015941275395428306
2025-07-30,0.015978996261493465
2025-07-31,0.016326261130056197
2025-08-01,0.018406988438784664
2025-08-04,0.01823263892473269
2025-08-05,0.013841858586385473
2025-08-06,0.014573088815100891
2025-08-07,0.0191484433398329
2025-08-08,0.015350256539584408
2025-08-11,0.013616945921134032
2025-08-12,0.011070206676574455
2025-08-13,0.015509395750297101
2025-08-14,0.017045924112390084
2025-08-15,0.01274050376903222
2025-08-18,0.01825173250836885
2025-08-19,0.010690955664410511
2025-08-20,0.016921898450244853
2025-08-21,0.015409259544440747
2025-08-22,0.0117964439969883
2025-08-25,0.01958870218712572
2025-08-26,0.012135891703667074
2025-08-27,0.011995043221079447
2025-08-28,0.011857438748766047
2025-08-29,0.011419124774778685
2025-09-02,0.013622416614532503
2025-09-03,0.013301381286408499
2025-09-04,0.012346824043295531
2025-09-05,0.01311886581774326
2025-09-08,0.018388683578204695
2025-09-09,0.013814168075420328
2025-09-10,0.015365453245364667
2025-09-11,0.02091666855756718
2025-09-12,0.014523111673864593
2025-09-15,0.014111825507848275
2025-09-16,0.013741625857298543
2025-09-17,0.013567339732094737
2025-09-18,0.012663444538353915
2025-09-19,0.018977061692613928
2025-09-22,0.011972727729617348
2025-09-23,0.03844299360535174
2025-09-24,0.013954227132898416
2025-09-25,0.015300477960357708
2025-09-26,0.017666738514150647
2025-09-29,0.010543813029645676
2025-09-30,0.012106771313210975
2025-10-01,0.01659207097782834
2025-10-02,0.02566184397433121
2025-10-03,0.016813488419460957
2025-10-06,0.015822800671255216
2025-10-07,0.016403502314041724
2025-10-08,0.016229040905734852
2025-10-09,0.017724352660645253
2025-10-10,0.014773599788843602
2025-10-13,0.021002308876812367
2025-10-14,0.018232817432599357
2025-10-15,0.017571016101072014
2025-10-16,0.016803219347380348
2025-10-17,0.014997581759323792
2025-10-20,0.015738612909664502
2025-10-21,0.01523371386137937
2025-10-22,0.016823716993820615
2025-10-23,0.01768114198535025
2025-10-24,0.01602877915322764
2025-10-27,0.016528053924058345
2025-10-28,0.01472607351678521
2025-10-29,0.01678631647529348
2025-10-30,0.01914108919315164
2025-10-31,0.022521327961910753
2025-11-03,0.01595099325504978
2025-11-04,0.016777385008823857
2025-11-05,0.023613568261553027
2025-11-06,0.018112824049927846
2025-11-07,0.017712643117725514
2025-11-10,0.015162363986089285
2025-11-11,0.016327395871931872
2025-11-12,0.017840569461451086
2025-11-13,0.016429449179787406
2025-11-14,0.019699084579958843
2025-11-17,0.0148672475868607
2025-11-18,0.01587990128973946
2025-11-19,0.016318084109388883
2025-11-20,0.015883536746848656
2025-11-21,0.020116893102273617
2025-11-24,0.01809344085373853
2025-11-25,0.021279586709276155
2025-11-26,0.01629318132042607
2025-11-28,0.01496965122974712
2025-12-01,0.011853875143447152
2025-12-02,0.016491496369643567
2025-12-03,0.01596325160179002
2025-12-04,0.022032554229037077
2025-12-05,0.014127540100627367
2025-12-08,0.01664750602387642
2025-12-09,0.014892077491536936
2025-12-10,0.013487185680786202
2025-12-11,0.016701453583340985
2025-12-12,0.0176158931989436
2025-12-15,0.01943239731222487
2025-12-16,0.015253044688420113
2025-12-17,0.015050414525646339
2025-12-18,0.018706462550154724
2025-12-19,0.015570308937312505
2025-12-22,0.01805060617517737
2025-12-23,0.014363750660317708
2025-12-24,0.012661639984653972
2025-12-26,0.009710768125799657
2025-12-29,0.010910320659815035
2025-12-30,0.011587550923228326
2025-12-31,0.010460879893886122
2026-01-02,0.007497998140021186
2026-01-05,0.36570099964139946
2026-01-06,0.017565998770807573
2026-01-07,0.01918963246523163
2026-01-08,0.018580157567840767
2026-01-09,0.019185158711113752
2026-01-12,0.017623502741836404
2026-01-13,0.015803394855447066
2026-01-14,0.017712991467166386
2026-01-15,0.01920537201492471
2026-01-16,0.0167411970730934
2026-01-20,0.015273595758134131
2026-01-21,0.019589321530477467
2026-01-22,0.016471924750720346
2026-01-23,0.01438526002428021
2026-01-26,0.014930094972364985
2026-01-27,0.013415323099336286
2026-01-28,0.02393236842951168
2026-01-29,0.021932680860211155
2026-01-30,0.0230124081700145
2026-02-02,0.022305217048589485
2026-02-03,0.017844603327143438
2026-02-04,0.03037408703934749
2026-02-05,0.031308816793575445
2026-02-06,0.02502579429752389
2026-02-09,0.023041086552468275
2026-02-10,0.01829512036008622
2026-02-11,0.01916208722320999
2026-02-12,0.026133657562539176
2026-02-13,0.02566242285975291
2026-02-17,0.017899440196643433
2026-02-18,0.01770507800229124
2026-02-19,0.01635593983272351
2026-02-20,0.01789077198394794
2026-02-23,0.012400918435467949
2026-02-24,0.02649584758306606
2026-02-25,0.017651782489324065
2026-02-26,0.020927607841891932
2026-02-27,0.021517792405832334
2026-03-02,0.025239929509441133
2026-03-03,0.018450304766325823
2026-03-04,0.020616064197662244
2026-03-05,0.0170114723908129
2026-03-06,0.024030767091700947
2026-03-09,0.017515819997154347
2026-03-10,0.018766505542917047
2026-03-11,0.016420996152679144
2026-03-12,0.01381194555708457
2026-03-13,0.018299025351759556
2026-03-16,0.014280635980677952
2026-03-17,0.012765780585432332
2026-03-18,0.0138659885489742
2026-03-19,0.01614666453627216
2026-03-20,0.014421908751750295
2026-03-23,0.02122026581141767
2026-03-24,0.01700053913717569
2026-03-25,0.02161601136041958
2026-03-26,0.0153904017826339
2026-03-27,0.01928606409274141
2026-03-30,0.018509485134050492
2026-03-31,0.019204353293711392
2026-04-01,0.021257571249684644
2026-04-02,0.018703628346794548
2026-04-06,0.013820109572856967
2026-04-07,0.013495731160400197
2026-04-08,0.01759484927849702
2026-04-09,0.024547083726269556
2026-04-10,0.01711230127089619
2026-04-13,0.016155476778177375
2026-04-14,0.02049472314399393
2026-04-15,0.017738377348078992
2026-04-16,0.021145515430907372
2026-04-17,0.01705324719060508
2026-04-20,0.01605413412138024
2026-04-21,0.014100278984455254
2026-04-22,0.017456072388942857
2026-04-23,0.01820424419834287
2026-04-24,0.033796500692700786
2026-04-27,0.02179655705650346
2026-04-28,0.016109787236190443
2026-04-29,0.01782990398687347
2026-04-30,0.024003144865538173
2026-05-01,0.021938046224269606
2026-05-04,0.01643141189373759
2026-05-05,0.017254362706162853
2026-05-06,0.017948007339990437
2026-05-07,0.025287167209448853
2026-05-08,0.02015945566434952
2026-05-11,0.023126833838678394
2026-05-12,0.024709518100897845
2026-05-13,0.020297043680533325
2026-05-14,0.021504494326636973
2026-05-15,0.018108444306691417
2026-05-18,0.02288319128645788
2026-05-19,0.019728693638997496
2026-05-20,0.015816769150596696
2026-05-21,0.02309166065406328
2026-05-22,0.019982172065950793
2026-05-26,0.018491121898746504
2026-05-27,0.02487852653523611
2026-05-28,0.018040973213586185
2026-05-29,0.020211293829380996
2026-06-01,0.026145121415281494
2026-06-02,0.02722914213125573
2026-06-03,0.029377598538870713
2026-06-04,0.02232064909675649
2026-06-05,0.02394672474664527
2026-06-08,0.035287426643018587
2026-06-09,0.020931455087905795
2026-06-10,0.02190508394840617
2026-06-11,0.022002874278150904
2026-06-12,0.029991127751919002
2026-06-15,0.016651366338349877
2026-06-16,0.024685763688532605
2026-06-17,0.019055242912459653
2026-06-18,0.020865342637080266
2026-06-22,0.02453659168186097
2026-06-23,0.024287841854090268
2026-06-24,0.026768425210097858
2026-06-25,0.01993285455887494
2026-06-26,0.024214479542233765
2026-06-29,0.03299587157520256
2026-06-30,0.02324361431095271
2026-07-01,0.019580026024686458
2026-07-02,0.029003733620250556
2026-07-06,0.026908000888921122
2026-07-07,0.01976911741720311
2026-07-08,0.024350339884995725
2026-07-09,0.01894588116548028
2026-07-10,0.017926681191024158
2026-07-13,0.01384399529597758
2026-07-14,0.022469437208579683
2026-07-15,0.024090323062621034
2026-07-16,0.02309850463542335
2026-07-17,0.031072769360836625
2026-07-20,0.01650361118686576
2026-07-21,0.01507692592563371
2026-07-22,0.028352616685992118
2026-07-23,0.020522835983585203
2026-07-24,0.021483166495502956
2026-07-27,0.02272788585898449
2026-07-28,0.02278926864438083
2026-07-29,0.029246188178761318
2026-07-30,0.02743019238237557
2026-07-31,0.03912059390351092
2026-08-03,0.018110571513693625
2026-08-04,0.017678403835961184
2026-08-05,0.025387379644384683
2026-08-06,0.018691957069398222
2026-08-07,0.018717992251402644
2026-08-10,0.02277528277871153
2026-08-11,0.016706826708304482
2026-08-12,0.013636833992173625
2026-08-13,0.018390804471213055
