,0
2006-01-03,0.00020705087867734884
2006-01-04,0.0026034333323694545
2006-01-05,0.009375433213631337
2006-01-06,0.001641869682549126
2006-01-09,-9.08855615383487e-05
2006-01-10,-0.007537352824401637
2006-01-11,0.0009822714126895616
2006-01-12,0.004597547109303556
2006-01-13,-0.006143205098204724
2006-01-17,-0.008708353435704554
2006-01-18,-0.0020022213766923698
2006-01-19,-0.000954557290163864
2006-01-20,-0.014437747103334099
2006-01-23,-0.0021063736552570283
2006-01-24,0.009530934518160483
2006-01-25,0.002767830212492432
2006-01-26,0.007728608053749041
2006-01-27,0.008532905372959754
2006-01-30,-0.009981127293192813
2006-01-31,-0.0025704149857365805
2006-02-01,0.00631573161515969
2006-02-02,0.000221456025607813
2006-02-03,-0.002686305392779989
2006-02-06,-0.0010561937967262954
2006-02-07,0.007917738769977926
2006-02-08,0.0014405529990045645
2006-02-09,0.0064707994672338455
2006-02-10,0.001967188404551547
2006-02-13,-0.0016567574757220206
2006-02-14,0.009810170622333253
2006-02-15,0.005536357823636828
2006-02-16,-0.00414500029819596
2006-02-17,-0.008606405919789666
2006-02-21,-0.011451178246963248
2006-02-22,0.01594837224702297
2006-02-23,0.002667955717897373
2006-02-24,-0.006081255966685636
2006-02-27,0.009246941765239637
2006-02-28,-0.0050934030614566824
2006-03-01,0.00482207322753081
2006-03-02,-0.007480231770876071
2006-03-03,-0.0018629399041742941
2006-03-06,0.008334969391683905
2006-03-07,0.003393263958176207
2006-03-08,-0.0010942871241224762
2006-03-09,-0.001595147117883831
2006-03-10,0.0013032274227311636
2006-03-13,-0.008883322726428921
2006-03-14,0.004469545293476354
2006-03-15,0.004716071099818622
2006-03-16,-0.007578640764686666
2006-03-17,0.006740790564548817
2006-03-20,0.007949436182368489
2006-03-21,-0.006427464539079434
2006-03-22,0.0009449326604942576
2006-03-23,-0.00651783998168351
2006-03-24,-0.0006949438829864435
2006-03-27,-0.0016651924687047927
2006-03-28,-0.0007606071975553206
2006-03-29,0.00019627578373305628
2006-03-30,-0.0036919847270345417
2006-03-31,0.004936402696717356
2006-04-03,0.0005045020085074066
2006-04-04,-0.0006937456936584879
2006-04-05,0.0031262633348439124
2006-04-06,-0.0018106279481447398
2006-04-07,0.003944240502439782
2006-04-10,-0.006647433105883424
2006-04-11,-0.0015473076310029516
2006-04-12,0.0033825697363392593
2006-04-13,0.004951056098771046
2006-04-17,-0.01038017395269243
2006-04-18,0.004248505430798291
2006-04-19,-0.0021189773362024055
2006-04-20,-0.0019248121758604633
2006-04-21,-0.010478325930263961
2006-04-24,0.006083405841175187
2006-04-25,-0.00749687123226054
2006-04-26,0.0014281334746204665
2006-04-27,-0.008364337739422807
2006-04-28,-0.009732941183260044
2006-05-01,-0.0008252219752963189
2006-05-02,-0.003685122985586008
2006-05-03,0.006967568308521415
2006-05-04,6.909929132696248e-06
2006-05-05,0.000826193339616338
2006-05-08,-0.002075696930022724
2006-05-09,-0.007987802367570214
2006-05-10,-9.843362596123009e-05
2006-05-11,-0.0065314542139815685
2006-05-12,0.002911325227797249
2006-05-15,0.006697042504127737
2006-05-16,-0.0032157105485852294
2006-05-17,-0.0009393653989206722
2006-05-18,0.011927317878157106
2006-05-19,-0.003844792616799073
2006-05-22,-0.002323736474504904
2006-05-23,-0.0024602914814459568
2006-05-24,0.007423392750466085
2006-05-25,-0.009797317945400444
2006-05-26,-0.0028588531353809666
2006-05-30,-0.00025245905271707746
2006-05-31,-0.009308017656099744
2006-06-01,0.008316352625919501
2006-06-02,-0.008135166598415483
2006-06-05,0.0009298547346877614
2006-06-06,-0.004751843369607064
2006-06-07,0.013136378646791742
2006-06-08,-0.0004877861837555977
2006-06-09,0.004849552325392437
2006-06-12,-0.002320796457555493
2006-06-13,0.009870583990108893
2006-06-14,-0.007389870754514614
2006-06-15,-0.005936517634100627
2006-06-16,-0.0016542785551988566
2006-06-19,0.010036056252461662
2006-06-20,0.0035522086487490153
2006-06-21,0.0015294468118644303
2006-06-22,-0.004919225580139657
2006-06-23,-0.005996230789216706
2006-06-26,0.0002666827536592667
2006-06-27,-0.0019036581997933374
2006-06-28,-0.0009690902525907046
2006-06-29,0.0028479108456368005
2006-06-30,-0.007276356566450272
2006-07-03,-0.004748475828386619
2006-07-05,-0.005013747361149826
2006-07-06,0.001074864319265875
2006-07-07,-0.0021946827123102567
2006-07-10,-0.000855793432380395
2006-07-11,-0.002248733072236242
2006-07-12,-0.006509471973945692
2006-07-13,-0.00013680953963884476
2006-07-14,-0.0061353943844228405
2006-07-17,0.01379900684160319
2006-07-18,-0.0002061903973706201
2006-07-19,0.00315924795389569
2006-07-20,-4.9027116419712185e-05
2006-07-21,0.011576791930494053
2006-07-24,0.006668320087296398
2006-07-25,-0.013813718971479995
2006-07-26,-0.019990924190564346
2006-07-27,-0.0034047937287043665
2006-07-28,0.004244215840978764
2006-07-31,-0.00879280755387745
2006-08-01,-0.002966903593689449
2006-08-02,-0.00454677329082023
2006-08-03,0.018228733680790254
2006-08-04,0.0006315579534041695
2006-08-07,-0.001818843826325702
2006-08-08,0.0014944717250609018
2006-08-09,-0.0018784446160630762
2006-08-10,0.0026017790711194634
2006-08-11,0.0008170696974097919
2006-08-14,0.004498939868678582
2006-08-15,-0.0006628615281228024
2006-08-16,-0.0038767314806955606
2006-08-17,-0.007003375873043423
2006-08-18,-0.0018860286113804622
2006-08-21,-0.0024028881476510274
2006-08-22,-0.0015807888197276296
2006-08-23,-0.0017780658253054877
2006-08-24,-0.0011672606592481583
2006-08-25,-0.005819142505674128
2006-08-28,0.007639360681064595
2006-08-29,-0.003844403701831677
2006-08-30,-0.0026753870083057337
2006-08-31,-0.004491363117166736
2006-09-01,-0.00013133620257031219
2006-09-05,-0.011723037824906454
2006-09-06,0.006868016596445147
2006-09-07,0.0023321413003653487
2006-09-08,0.006928562542148807
2006-09-11,0.006702748493114002
2006-09-12,-0.004099529517959029
2006-09-13,-0.0011030121449744086
2006-09-14,0.0033542265813881872
2006-09-15,0.010195846556403498
2006-09-18,-0.001983227470216647
2006-09-19,0.006966174539927797
2006-09-20,0.0064843361058889385
2006-09-21,-0.0042653730878425234
2006-09-22,0.0059442951620686255
2006-09-25,-0.002822552989102146
2006-09-26,-0.0008606509237006495
2006-09-27,0.001988559770830947
2006-09-28,0.0029747912507780095
2006-09-29,-0.002780197404520444
2006-10-02,0.001248564951421609
2006-10-03,0.012660019972664565
2006-10-04,-0.0015172875478772982
2006-10-05,-0.008817443878741872
2006-10-06,-0.0013952775242534372
2006-10-09,0.0015216287981813827
2006-10-10,-0.006896434756443893
2006-10-11,0.001991093392584658
2006-10-12,-0.004315727065787148
2006-10-13,-0.004006395564717898
2006-10-16,-0.006409840927477783
2006-10-17,0.008993308525334507
2006-10-18,0.011597417392974886
2006-10-19,-0.005888922425965857
2006-10-20,0.008094306322946821
2006-10-23,0.0004878851258513997
2006-10-24,-0.006807834705773034
2006-10-25,-0.012072970199342168
2006-10-26,-0.004896878705854023
2006-10-27,0.0037712412858757344
2006-10-30,0.000932750976637888
2006-10-31,0.001827339072655986
2006-11-01,0.0006738942061346203
2006-11-02,-0.0037555063987144686
2006-11-03,-0.007089687841120134
2006-11-06,0.0035785965613872083
2006-11-07,-0.00017385562923636779
2006-11-08,0.0010655470473860216
2006-11-09,-0.0003734353523351015
2006-11-10,0.0023298230627825578
2006-11-13,0.0009198838167566654
2006-11-14,-0.005681582988351687
2006-11-15,-0.0012053327855084633
2006-11-16,0.005416803125482226
2006-11-17,-0.002760814958648714
2006-11-20,-0.002864994029205543
2006-11-21,-0.005490312513074408
2006-11-22,-0.005558697634345407
2006-11-24,0.0005163618757302673
2006-11-27,0.001829627030349491
2006-11-28,0.002460491136378655
2006-11-29,-0.0027222028414651054
2006-11-30,-0.0001979466077034475
2006-12-01,-0.0021012111898979693
2006-12-04,0.003972556144264757
2006-12-05,-0.007715802023235995
2006-12-06,-0.005922694494587311
2006-12-07,0.005066286035969265
2006-12-08,0.0006481493647967517
2006-12-11,0.004393351483912259
2006-12-12,0.003235120152813766
2006-12-13,0.0023063699126480634
2006-12-14,-0.010113051662509236
2006-12-15,0.006876477643088438
2006-12-18,-0.00010084567334158872
2006-12-19,0.0028248466797969945
2006-12-20,0.0002885101640710205
2006-12-21,0.005412693101784467
2006-12-22,-0.003004043330324432
2006-12-26,0.002856927364218105
2006-12-27,-0.0018731306775378064
2006-12-28,0.00025463810499963844
2006-12-29,-0.0026638039959506043
2007-01-03,-0.011094835649265446
2007-01-04,-0.011763283945978534
2007-01-05,0.0029324201447535306
2007-01-08,0.0005097660829962771
2007-01-09,-0.005240977671218261
2007-01-10,-0.003931990678767667
2007-01-11,0.00017799556604893707
2007-01-12,0.0083352498870821
2007-01-16,-0.0012762063856103325
2007-01-17,0.004967137365127029
2007-01-18,-0.0034618736551338633
2007-01-19,0.01168409969267527
2007-01-22,-0.0008813436692134867
2007-01-23,0.011147858011196733
2007-01-24,-0.0013640860828227131
2007-01-25,-0.004474434325189191
2007-01-26,0.0019280509135158968
2007-01-29,-0.00352704519325585
2007-01-30,0.00733513331167973
2007-01-31,0.0022924637966649734
2007-02-01,0.0014069826452751343
2007-02-02,0.0023940958742713707
2007-02-05,-0.0010453120650980878
2007-02-06,0.0012310943564546376
2007-02-07,-0.00362362858852177
2007-02-08,-0.0018759386575878255
2007-02-09,-0.00519102073044982
2007-02-12,-0.0032619964911827543
2007-02-13,0.0031378536350723566
2007-02-14,-0.00016082455143127082
2007-02-15,0.0017880212951724402
2007-02-16,0.0004253182382465658
2007-02-20,0.0007495807028240374
2007-02-21,0.00553045178951438
2007-02-22,-0.0016105127153209756
2007-02-23,-0.0009062112436334499
2007-02-26,-0.002258220509320612
2007-02-27,-0.003705562657018547
2007-02-28,-0.003431115457683039
2007-03-01,-0.0007832357393560412
2007-03-02,-0.0005054085635865104
2007-03-05,-0.004887970659182606
2007-03-06,0.006175546779183853
2007-03-07,0.005155729493361422
2007-03-08,0.0007743276189500376
2007-03-09,-0.00014431238608084198
2007-03-12,-0.004975620701647105
2007-03-13,-0.0071896912589570145
2007-03-14,0.005810210940818834
2007-03-15,-0.0021498462359740324
2007-03-16,-0.006539622279045298
2007-03-19,0.005347398645169712
2007-03-20,-0.0012674292092439733
2007-03-21,0.0048392260037456855
2007-03-22,0.00016188122060197818
2007-03-23,0.005278793256881034
2007-03-26,-0.00031829013347360477
2007-03-27,-0.0016423697781861267
2007-03-28,-0.0013654454851691831
2007-03-29,-0.0012459873980301991
2007-03-30,-0.004776061873801558
2007-04-02,0.003176775268790938
2007-04-03,0.0007475599335753629
2007-04-04,0.004239493121218939
2007-04-05,0.001057580643777607
2007-04-09,-0.0004895482521192418
2007-04-10,0.0001311856270048963
2007-04-11,-0.002228426851257305
2007-04-12,0.004229149902887582
2007-04-13,-0.007450212646574252
2007-04-16,-0.0017668681616414177
2007-04-17,-0.0036856719135542693
2007-04-18,0.002299038035683767
2007-04-19,-0.005439876058641495
2007-04-20,0.00411445997709837
2007-04-23,0.0023702573568230526
2007-04-24,-0.0069578375715362364
2007-04-25,0.0024149450954040596
2007-04-26,0.0013781057986319673
2007-04-27,-0.001185282116555269
2007-04-30,-0.006691476216005285
2007-05-01,-6.245338916205425e-05
2007-05-02,0.0010477589679489601
2007-05-03,0.0015649270130989599
2007-05-04,-0.004881158327778634
2007-05-07,0.0004469463202734051
2007-05-08,0.0013124496562530738
2007-05-09,-0.0007842464266838735
2007-05-10,-0.0014400551323304357
2007-05-11,0.005357939438167213
2007-05-14,-0.0031613590166386907
2007-05-15,-0.0033601244719594662
2007-05-16,0.0001468451883619635
2007-05-17,0.007507516990548404
2007-05-18,0.0010346793486195978
2007-05-21,0.0030877800562056535
2007-05-22,-0.0017493571826566775
2007-05-23,0.0019010849526682758
2007-05-24,-0.006393686562472565
2007-05-25,0.001481758315132136
2007-05-29,0.0003345161250851417
2007-05-30,0.007356564753219174
2007-05-31,-0.0035020852080022476
2007-06-01,0.0013687271978850345
2007-06-04,0.004729997412465645
2007-06-05,0.002795533116283078
2007-06-06,0.002302475702244121
2007-06-07,-0.005612713045934855
2007-06-08,0.0043311019199335846
2007-06-11,-0.0021123206876783387
2007-06-12,-0.004829168747536609
2007-06-13,0.0017624719358819757
2007-06-14,0.0016819540378760964
2007-06-15,-0.0009987690022848033
2007-06-18,-0.0006725333840955001
2007-06-19,-7.348078807082535e-05
2007-06-20,-0.008523099856682592
2007-06-21,0.0030941312897372077
2007-06-22,0.004212022892374094
2007-06-25,-0.008865135005670093
2007-06-26,-0.008506228924502313
2007-06-27,-0.004047694476502827
2007-06-28,-0.0018799688092874874
2007-06-29,0.0010720259575488003
2007-07-02,0.004039434537601844
2007-07-03,-0.003620221484767215
2007-07-05,0.001966712121794455
2007-07-06,0.0037300879361461536
2007-07-09,0.003456857589616941
2007-07-10,-0.006067962086793925
2007-07-11,-0.0017000966220333106
2007-07-12,0.004624064228515343
2007-07-13,0.005529146859040444
2007-07-16,-0.00916549862418918
2007-07-17,0.0016874034119767972
2007-07-18,0.008404112911085405
2007-07-19,-0.003080639339727578
2007-07-20,-0.003334889786275985
2007-07-23,-0.0067515065245249955
2007-07-24,-0.003434069196754305
2007-07-25,0.0008211572906718806
2007-07-26,-0.007909910135497902
2007-07-27,-0.0009612540056458877
2007-07-30,0.0035988948307303864
2007-07-31,-0.002648061277994847
2007-08-01,-0.011419620679435454
2007-08-02,-0.0019998187524959674
2007-08-03,-0.009682931287755915
2007-08-06,-0.004931324316377828
2007-08-07,0.004792139582248876
2007-08-08,0.002322644279600348
2007-08-09,7.325389527348474e-05
2007-08-10,0.006413758872257122
2007-08-13,-0.0027954404665755327
2007-08-14,-0.0034332685301923164
2007-08-15,-0.011134971914573579
2007-08-16,-0.0041990152106189055
2007-08-17,0.009156548001026733
2007-08-20,0.0010053344248113758
2007-08-21,-0.001279026200550077
2007-08-22,0.0009519938122444364
2007-08-23,0.0007530790915135128
2007-08-24,0.007626100203052899
2007-08-27,-0.003907157402854184
2007-08-28,-0.0032751797362084267
2007-08-29,0.0033549404075038517
2007-08-30,-0.000498444635953108
2007-08-31,0.004985583359925643
2007-09-04,0.0064431711891563765
2007-09-05,0.0034963594744629543
2007-09-06,0.002341400822596402
2007-09-07,-0.0015227331983798467
2007-09-10,-0.007361894793745177
2007-09-11,-0.0010586239034185284
2007-09-12,0.0009502316712356897
2007-09-13,0.0002171170614437823
2007-09-14,0.004593076443266352
2007-09-17,-0.0029094756490533886
2007-09-18,0.00852853530446539
2007-09-19,0.004914745238562692
2007-09-20,0.004837065498593667
2007-09-21,0.002335144437605213
2007-09-24,-0.005567437363750641
2007-09-25,-0.005254262931486918
2007-09-26,0.0004819410208030025
2007-09-27,0.004066651146084517
2007-09-28,0.0012801300327801122
2007-10-01,0.0024379729510025723
2007-10-02,-0.005526465003228796
2007-10-03,-0.0021883222961806468
2007-10-04,-0.0005412511706187693
2007-10-05,0.0009351866741270337
2007-10-08,0.0022698525874028826
2007-10-09,0.0057429181600721696
2007-10-10,0.007060534925069386
2007-10-11,-0.005071655304271535
2007-10-12,-0.0013232411714877408
2007-10-15,0.005750590811366197
2007-10-16,0.0017668775062828716
2007-10-17,-0.0055164664510898645
2007-10-18,0.0037134285573968808
2007-10-19,-0.016580825679149324
2007-10-22,-0.006462351825603025
2007-10-23,0.00013878974589417656
2007-10-24,-0.0009343173038982475
2007-10-25,0.00789761446569018
2007-10-26,0.00242692252145503
2007-10-29,0.003497898381306034
2007-10-30,-0.016637238237070653
2007-10-31,0.012093757312105897
2007-11-01,0.000980564595479056
2007-11-02,0.0076895689692088095
2007-11-05,0.0004063991899703357
2007-11-06,0.018009476724585284
2007-11-07,-0.002877190692459829
2007-11-08,0.003359329063405874
2007-11-09,-0.005022361938058803
2007-11-12,-0.03286611032151271
2007-11-13,0.0006998714890968304
2007-11-14,0.004852784493432688
2007-11-15,-0.010085538826394362
2007-11-16,0.0035040675614105786
2007-11-19,0.000532162343576863
2007-11-20,0.005468578927710015
2007-11-21,0.004858679106144617
2007-11-23,0.00653886789782966
2007-11-26,0.0016088711893687277
2007-11-27,-0.006067816263014972
2007-11-28,0.0009711917211983053
2007-11-29,0.001733924582166803
2007-11-30,-0.003775757526093611
2007-12-03,0.0061722678029291714
2007-12-04,0.0003629482983541324
2007-12-05,0.008812755726039732
2007-12-06,0.008726464254847
2007-12-07,0.0023558340609533697
2007-12-10,0.0014326168465264978
2007-12-11,0.00023521780198481384
2007-12-12,0.012857967550343212
2007-12-13,0.0007868908981583499
2007-12-14,0.002349198821791657
2007-12-17,-0.005752536859745262
2007-12-18,0.004035696225631426
2007-12-19,0.010461206841413877
2007-12-20,0.0038332133048846443
2007-12-21,0.008089367966880832
2007-12-24,-0.00020031714135108295
2007-12-26,0.006004403410377231
2007-12-27,0.0003083993889500396
2007-12-28,0.005506549852473376
2007-12-31,-0.003350758259076712
2008-01-02,0.0025073606094931124
2008-01-03,-0.001048791681854204
2008-01-04,0.003157581215193091
2008-01-07,-0.005633272957236526
2008-01-08,0.017207585439504448
2008-01-09,-0.004755786414314111
2008-01-10,-0.011649291708093269
2008-01-11,-0.010967371277544973
2008-01-14,0.0034475877997616057
2008-01-15,0.00023161345496111986
2008-01-16,-0.0048824539571555
2008-01-17,0.011112176804953676
2008-01-18,0.0005253033209574909
2008-01-22,-0.012010909856300208
2008-01-23,-0.007747713007506034
2008-01-24,0.012128755332172211
2008-01-25,-0.00048727286104878476
2008-01-28,-0.003507298309379788
2008-01-29,-0.003992958549527185
2008-01-30,-0.005030064035046011
2008-01-31,-0.011662207056572189
2008-02-01,0.009855435848603137
2008-02-04,0.008511929346181517
2008-02-05,0.006253392705025083
2008-02-06,-0.003493048132147136
2008-02-07,0.000848656849348299
2008-02-08,-0.0019396231431362202
2008-02-11,-0.009947421411375576
2008-02-12,0.0011947579996747916
2008-02-13,-0.0009613642519199998
2008-02-14,0.0022314682774741755
2008-02-15,0.003861869162276814
2008-02-19,0.0007334116180059897
2008-02-20,-0.002299026786224327
2008-02-21,0.0014511463826229814
2008-02-22,-0.0034040899719990705
2008-02-25,0.00345406703521954
2008-02-26,0.0012132523633946951
2008-02-27,0.006948965074581876
2008-02-28,-0.011822278571755346
2008-02-29,0.0008161373524448784
2008-03-03,-0.0009320120560913184
2008-03-04,-0.007706286698471522
2008-03-05,-0.010174729223506434
2008-03-06,-0.00447139469568763
2008-03-07,0.00038171539862233786
2008-03-10,-0.0061486703528656214
2008-03-11,0.005375702707197293
2008-03-12,-7.781767829882443e-05
2008-03-13,-0.009182165658424562
2008-03-14,-0.003249616003900844
2008-03-17,0.004129287135272974
2008-03-18,0.004954068227922078
2008-03-19,0.013331554408668029
2008-03-20,0.009118745191359743
2008-03-24,0.0061979330411928175
2008-03-25,-0.006941822334582172
2008-03-26,-0.015175762659813194
2008-03-27,0.0005027101015386902
2008-03-28,-0.01138408983123255
2008-03-31,-0.00040997774520382314
2008-04-01,0.008969956498271682
2008-04-02,-0.001005680505260478
2008-04-03,-0.0019342815993211018
2008-04-04,-0.004225737301743108
2008-04-07,-0.0011847030817092668
2008-04-08,-0.006161003979962979
2008-04-09,-0.010776710347911108
2008-04-10,-0.003262385173123802
2008-04-11,0.0019941912719030437
2008-04-14,-0.007465505805739166
2008-04-15,-0.009583169474153797
2008-04-16,-0.016706866320955194
2008-04-17,0.013741406716871444
2008-04-18,-0.0020182406569743427
2008-04-21,-0.013235589539459452
2008-04-22,0.0030001381098400033
2008-04-23,-0.03008514719553915
2008-04-24,0.01393225712128682
2008-04-25,0.005634205275659282
2008-04-28,0.0027319334127547815
2008-04-29,0.009116121797992578
2008-04-30,-0.0068096639529272
2008-05-01,0.023405141216242552
2008-05-02,-0.003194323233193144
2008-05-05,-0.013794229200207378
2008-05-06,-0.0032040019412742527
2008-05-07,-0.008109537312866653
2008-05-08,-0.013659266364537147
2008-05-09,-0.006953406372863555
2008-05-12,0.008345819690563711
2008-05-13,-0.014192065241484912
2008-05-14,0.010495346336430083
2008-05-15,0.00136419846958909
2008-05-16,-0.019076280099009513
2008-05-19,-0.007027707994995488
2008-05-20,-0.011995563128243743
2008-05-21,-0.014254099507701255
2008-05-22,0.005431451019873702
2008-05-23,-0.001096408533763742
2008-05-27,0.007708036525305048
2008-05-28,-0.00924701950960188
2008-05-29,0.019241174185083584
2008-05-30,-0.015598184792218455
2008-06-02,-0.014440996713592273
2008-06-03,0.004857591970910248
2008-06-04,0.003085557838724296
2008-06-05,-0.00016756516084612965
2008-06-06,-0.010683122169503885
2008-06-09,-0.023201584030286982
2008-06-10,0.01661955980348706
2008-06-11,-0.015344479476748699
2008-06-12,0.0208703168835496
2008-06-13,0.007839903270289118
2008-06-16,0.01106271141419251
2008-06-17,-0.01619063118300516
2008-06-18,0.0021253044839186852
2008-06-19,0.010781608563806765
2008-06-20,-0.009585615167972749
2008-06-23,-0.02628529074763857
2008-06-24,0.004969548831903743
2008-06-25,0.0026830983008972594
2008-06-26,-0.00676631930121482
2008-06-27,-0.006871473931643958
2008-06-30,-0.01188287582901499
2008-07-01,0.010830180172883015
2008-07-02,0.004276882948234227
2008-07-03,0.007609199192627639
2008-07-07,-0.0045478279737618576
2008-07-08,0.018357297734838428
2008-07-09,-0.012513251053992182
2008-07-10,-0.012114762741319767
2008-07-11,-0.007165301085020308
2008-07-14,-0.011503502756149574
2008-07-15,0.0013767234751347324
2008-07-16,0.033212005792361325
2008-07-17,0.01891098113746286
2008-07-18,0.0009486239364898633
2008-07-21,-0.014549107433490116
2008-07-22,0.004492627189294309
2008-07-23,0.004741409878195488
2008-07-24,-0.008700583336860182
2008-07-25,-0.005682728916130399
2008-07-28,-0.014281284645723232
2008-07-29,0.001666685588199896
2008-07-30,-0.007225042039899072
2008-07-31,0.008322172848684969
2008-08-01,0.005491827770073042
2008-08-04,0.010464232194740505
2008-08-05,0.00700415763153662
2008-08-06,-0.01688115652887443
2008-08-07,0.006959452922922344
2008-08-08,0.011205991523522887
2008-08-11,0.0046050912803524335
2008-08-12,-0.002265964653400233
2008-08-13,-0.01156128234827312
2008-08-14,0.002023303026369702
2008-08-15,0.006871247994838342
2008-08-18,-0.0009682735425738456
2008-08-19,-0.016811328184216198
2008-08-20,-0.005872605620437485
2008-08-21,-0.00467568099262563
2008-08-22,0.011100228861789109
2008-08-25,-0.005113268243757968
2008-08-26,-0.01239854771026291
2008-08-27,-0.01223698154031238
2008-08-28,-0.00533610578970737
2008-08-29,0.0017666511133938097
2008-09-02,-0.0002804059649483251
2008-09-03,-0.00014672460149592283
2008-09-04,-0.006956548294557506
2008-09-05,-0.006428293629081379
2008-09-08,0.048468168486400995
2008-09-09,0.004178480691011824
2008-09-10,-0.0022982041443426267
2008-09-11,0.0028350011962664477
2008-09-12,0.00166568078217371
2008-09-15,0.022027228812472363
2008-09-16,-0.012535413994721998
2008-09-17,0.0037898976545978407
2008-09-18,-0.0012369462487512475
2008-09-19,-0.012248181922098905
2008-09-22,-0.01880315719329868
2008-09-23,0.0017974906764603616
2008-09-24,0.015600297316588841
2008-09-25,0.002528091424422214
2008-09-26,0.003025720659356537
2008-09-29,-0.005622044519952161
2008-09-30,-7.337619917073285e-05
2008-10-01,0.006683994886557706
2008-10-02,0.004462390432250114
2008-10-03,-0.004915713320195621
2008-10-06,-0.016085124445593613
2008-10-07,-0.01068740466993614
2008-10-08,-0.015369511375743116
2008-10-09,-0.01283387064386047
2008-10-10,0.033189097288095125
2008-10-13,0.009426273847986342
2008-10-14,0.019498306700948195
2008-10-15,0.005900082185405753
2008-10-16,0.006244357569019609
2008-10-17,0.0034434691734486324
2008-10-20,-0.03548956716418881
2008-10-21,0.0021746861839765214
2008-10-22,0.0032148174826108758
2008-10-23,-0.021259863630908624
2008-10-24,-0.015834144517007497
2008-10-27,0.0024956588425903486
2008-10-28,-0.012291844240346567
2008-10-29,-0.005781131342814185
2008-10-30,-0.005822478953839638
2008-10-31,0.014432056408994368
2008-11-03,-0.0002517487989545545
2008-11-04,0.005709497441080617
2008-11-05,-0.015513453369097964
2008-11-06,0.0008653694852528104
2008-11-07,-0.014878219452698623
2008-11-10,-0.024722727641034576
2008-11-11,-0.010786600623307356
2008-11-12,-0.017765248074137065
2008-11-13,-0.012169542439948618
2008-11-14,-0.009042199725019687
2008-11-17,-0.00758291792087511
2008-11-18,-0.018639821382993898
2008-11-19,-0.03870363637008842
2008-11-20,-0.012757444685219162
2008-11-21,-0.006716461195725244
2008-11-24,0.0462995964020907
2008-11-25,0.017256247585820866
2008-11-26,0.02932196384245057
2008-11-28,0.0022420255804821345
2008-12-01,-0.03328157477783448
2008-12-02,0.01762872137549412
2008-12-03,0.023980085926062288
2008-12-04,-0.023672160275381812
2008-12-05,0.010062748007794489
2008-12-08,0.004130373580833699
2008-12-09,0.017382460672994763
2008-12-10,0.01043937337785016
2008-12-11,-0.011740436982930496
2008-12-12,0.0017337438861939154
2008-12-15,-0.011194925698314612
2008-12-16,-0.001887642191628569
2008-12-17,0.00851911296778097
2008-12-18,-0.023076331590098365
2008-12-19,0.009919222392641333
2008-12-22,-0.012022925323841879
2008-12-23,0.0015027514849330465
2008-12-24,0.0012397982136847408
2008-12-26,-0.0014089458390629968
2008-12-29,0.006282504223525941
2008-12-30,-0.0011659425574911406
2008-12-31,-0.001599984085097683
2009-01-02,-0.015088071200281584
2009-01-05,-0.0193676914161882
2009-01-06,-0.036132362563096834
2009-01-07,0.009252552727834755
2009-01-08,-0.015571757003653205
2009-01-09,0.004342828260078928
2009-01-12,0.006412453456496523
2009-01-13,0.010826694448028217
2009-01-14,0.013122758505612385
2009-01-15,0.0006149411851447475
2009-01-16,-0.0035677855499537886
2009-01-20,0.031195480525488418
2009-01-21,-0.01998551651266223
2009-01-22,0.010603050881573664
2009-01-23,-0.013251860070874083
2009-01-26,0.007450757453544059
2009-01-27,-0.017083966329730582
2009-01-28,-0.027772177351220492
2009-01-29,0.021640080515349738
2009-01-30,0.010934702492677442
2009-02-02,-0.0008476469711637918
2009-02-03,0.008855447876617878
2009-02-04,-0.011298004439364717
2009-02-05,-0.008969576281066793
2009-02-06,-0.01604110016923918
2009-02-09,-0.007245815136999816
2009-02-10,0.027700696386342486
2009-02-11,-0.011660966005808496
2009-02-12,0.007242878558679711
2009-02-13,-0.003914771958621298
2009-02-17,0.018414925936506767
2009-02-18,-0.0018318125382521123
2009-02-19,0.02054084263629221
2009-02-20,-0.00020006715206866116
2009-02-23,-0.0030844079115613827
2009-02-24,-0.029687453685856836
2009-02-25,0.0012261529662254075
2009-02-26,-0.014777869756649287
2009-02-27,0.013525807457839484
2009-03-02,0.008818899067097654
2009-03-03,0.006010817395250622
2009-03-04,-0.0012669226674986514
2009-03-05,0.015095807685450408
2009-03-06,0.014217956098962124
2009-03-09,-0.006347324701974508
2009-03-10,-0.035936018699385716
2009-03-11,-0.02163453741027722
2009-03-12,-0.015287273444372034
2009-03-13,0.0009065966913664419
2009-03-16,-0.020093212161057895
2009-03-17,-0.013837543623130045
2009-03-18,-0.02147324221147184
2009-03-19,0.020741394184696057
2009-03-20,0.005928493099500689
2009-03-23,-0.03575852280420694
2009-03-24,0.00011131094753122177
2009-03-25,-0.002939279234910347
2009-03-26,-0.013131577206841522
2009-03-27,0.0008214365919384219
2009-03-30,0.02743635630129521
2009-03-31,-0.011637222280637584
2009-04-01,-0.0032029342239509465
2009-04-02,-0.016400730678863978
2009-04-03,-0.018030573445292342
2009-04-06,0.010550471697316505
2009-04-07,0.003852739908999817
2009-04-08,-0.0015968772595993685
2009-04-09,-0.034768269059138095
2009-04-13,-0.01587539961460602
2009-04-14,0.003093527125036301
2009-04-15,-0.018951324747693895
2009-04-16,-0.005282997461316535
2009-04-17,-0.005346736203184466
2009-04-20,0.02661180736471222
2009-04-21,-0.026325422394174132
2009-04-22,0.011166012746375338
2009-04-23,-0.026821417460016456
2009-04-24,-0.014715742833385309
2009-04-27,0.009916155219791192
2009-04-28,0.00341624141848378
2009-04-29,-0.015065958242845772
2009-04-30,0.009193130287230946
2009-05-01,-0.004834124486141345
2009-05-04,-0.01259496357703568
2009-05-05,0.004559504668357509
2009-05-06,-0.029564641639322244
2009-05-07,-0.01951245881406574
2009-05-08,-0.03033751139164871
2009-05-11,0.01970849204278483
2009-05-12,-0.005811469085633024
2009-05-13,-0.0014027969181297855
2009-05-14,0.00553108684041749
2009-05-15,0.004463009718291236
2009-05-18,0.0013485026547689618
2009-05-19,0.008717181579324077
2009-05-20,-0.004416513645002379
2009-05-21,-0.00037514771486077273
2009-05-22,0.000834131316645012
2009-05-26,0.006533729951580983
2009-05-27,0.01160145752515577
2009-05-28,-0.0012764076066921555
2009-05-29,-0.005007366071806818
2009-06-01,0.008849072896751468
2009-06-02,-0.0067299918966190735
2009-06-03,-0.005923281422902906
2009-06-04,0.005001649852007519
2009-06-05,-0.0033009135777640353
2009-06-08,-0.005816127766626989
2009-06-09,0.01326461465671739
2009-06-10,-0.000682366573811917
2009-06-11,-0.0053574472159638505
2009-06-12,-0.006013668839794089
2009-06-15,0.004150972576744926
2009-06-16,-0.010243620570083658
2009-06-17,-3.897720485708155e-05
2009-06-18,-0.013868264023494526
2009-06-19,0.0013233058270981008
2009-06-22,-0.012958684821114987
2009-06-23,-0.0024213401555254793
2009-06-24,0.009682868091148294
2009-06-25,-0.0006025811660309514
2009-06-26,0.00426102627157017
2009-06-29,-0.0029029827634616838
2009-06-30,-0.002938016163734722
2009-07-01,-0.00222118067856422
2009-07-02,-0.0011753995096277523
2009-07-06,-0.01208930087049012
2009-07-07,-0.002573173993394984
2009-07-08,-0.004647897285751641
2009-07-09,0.008247159461916702
2009-07-10,0.006084550455475022
2009-07-13,-0.005235394788658331
2009-07-14,0.0007759951753404453
2009-07-15,0.006507522652534945
2009-07-16,0.0036251638062246763
2009-07-17,0.011932176337997036
2009-07-20,0.0067093460125973
2009-07-21,0.000653996567056885
2009-07-22,-0.0015872785520882173
2009-07-23,-0.0029270268877528353
2009-07-24,-0.007007833731278108
2009-07-27,-0.006318981031926996
2009-07-28,-0.0006992770086582967
2009-07-29,-0.010782092854078409
2009-07-30,-0.01064071142971576
2009-07-31,0.0006565644291167008
2009-08-03,0.005789569937389441
2009-08-04,-0.008473475957721924
2009-08-05,-0.008334629413500076
2009-08-06,-0.006084900963710789
2009-08-07,-0.0052540654672827425
2009-08-10,-0.007666300657907687
2009-08-11,0.006196450790650656
2009-08-12,0.0027181133988697973
2009-08-13,0.006244993165748275
2009-08-14,-0.007746642208501344
2009-08-17,-0.007316867722526498
2009-08-18,0.009009967357734606
2009-08-19,-0.004447896549595436
2009-08-20,-0.004233022773649516
2009-08-21,-0.0011793980127732635
2009-08-24,-0.0070057402301531325
2009-08-25,0.0013468595288704422
2009-08-26,-0.001518394376750742
2009-08-27,-0.004982026432191948
2009-08-28,0.004826957171505642
2009-08-31,-0.005794590207337658
2009-09-01,0.002388152103275927
2009-09-02,0.0037474617819875443
2009-09-03,0.0016198099762428665
2009-09-04,0.0024636870804642516
2009-09-08,0.0020449620424238934
2009-09-09,0.009174192724535379
2009-09-10,0.006629939433878067
2009-09-11,-5.545432514128209e-05
2009-09-14,-0.002942144135364665
2009-09-15,0.0009247684150543371
2009-09-16,-0.005785148093955117
2009-09-17,-0.004082049965731182
2009-09-18,0.003153991333273409
2009-09-21,0.0015726779775805328
2009-09-22,-0.0018461383821389852
2009-09-23,0.002501386233458843
2009-09-24,-0.007639067800557879
2009-09-25,-0.002183265545512785
2009-09-28,0.004992686854170085
2009-09-29,-0.0017758836672406928
2009-09-30,0.000553937861713408
2009-10-01,-0.0069239276665270105
2009-10-02,-0.0009964534256439702
2009-10-05,0.005211844360197182
2009-10-06,0.005354940031581832
2009-10-07,0.0068804225661880485
2009-10-08,-0.0028246059468934933
2009-10-09,0.00722554881307156
2009-10-12,-0.000544860619643673
2009-10-13,-0.0007302228841573881
2009-10-14,0.003147023246863923
2009-10-15,-0.012997086903077253
2009-10-16,-0.008178572653867677
2009-10-19,0.006482883035215402
2009-10-20,-0.002662547500287221
2009-10-21,-0.0029986256919365332
2009-10-22,-0.003193839785295812
2009-10-23,0.00104010184209348
2009-10-26,0.007432930048735055
2009-10-27,-0.010450687469542376
2009-10-28,-0.0070331272795458285
2009-10-29,0.007822483723839762
2009-10-30,-0.003508909731881412
2009-11-02,0.006296776586327147
2009-11-03,0.0002455725636345565
2009-11-04,0.002888814971273609
2009-11-05,-0.002033660287739611
2009-11-06,-0.0009294239272504302
2009-11-09,0.0019026072205478146
2009-11-10,0.006013218831768003
2009-11-11,-0.005205915407758688
2009-11-12,0.0063428571046699085
2009-11-13,0.0056055679562978375
2009-11-16,-0.002059808124324468
2009-11-17,-0.0016293852762790033
2009-11-18,-0.009943534543247628
2009-11-19,-0.0020884412092914304
2009-11-20,-0.004771392691765363
2009-11-23,0.0029072931756284177
2009-11-24,-0.0009006970659242608
2009-11-25,-0.0023407338753881385
2009-11-27,0.0012773431862027726
2009-11-30,-9.407682559366137e-05
2009-12-01,0.0021605349030234798
2009-12-02,0.0015188648429090774
2009-12-03,0.003686758216859341
2009-12-04,-0.002840549697377854
2009-12-07,-0.0027818990169422428
2009-12-08,0.0046946315260582355
2009-12-09,0.00143801283008877
2009-12-10,0.0034324717540579527
2009-12-11,-0.006082888628712065
2009-12-14,0.006039908847956198
2009-12-15,0.006819098546977733
2009-12-16,0.002289708439786925
2009-12-17,-0.000562181342448117
2009-12-18,-0.003361447241520653
2009-12-21,-0.0009421383606615864
2009-12-22,-0.0014971383816123156
2009-12-23,0.009064968632895827
2009-12-24,-0.0005900742944831253
2009-12-28,-0.0004407439260452065
2009-12-29,-0.0027115508405885416
2009-12-30,-0.0014356532211763089
2009-12-31,-0.0005965990695496874
2010-01-04,0.0034013447385369848
2010-01-05,-0.0033574968075286695
2010-01-06,-0.0022827239688917277
2010-01-07,-0.004241254819770833
2010-01-08,-0.0008461800594434615
2010-01-11,-0.004782397226223824
2010-01-12,0.005412437377266019
2010-01-13,-0.00432332319241414
2010-01-14,-0.0021471560421971406
2010-01-15,-0.00023236717224167714
2010-01-19,-0.005722161923642546
2010-01-20,-0.001829628650269576
2010-01-21,-0.006467484356497817
2010-01-22,-0.002275906648947967
2010-01-25,0.001430942793086472
2010-01-26,-0.0023150376922143135
2010-01-27,-0.0050627266201405795
2010-01-28,0.0031448688331855265
2010-01-29,0.00469126095464679
2010-02-01,0.008118776543992456
2010-02-02,-0.0024223868282319794
2010-02-03,-0.0015777967323400606
2010-02-04,-0.0026267034836032896
2010-02-05,0.0018493449884810565
2010-02-08,-0.008962523260032348
2010-02-09,0.005456391832126554
2010-02-10,-0.0008340464577870129
2010-02-11,0.007359263612942099
2010-02-12,0.00020149111120199494
2010-02-16,0.008151271939972515
2010-02-17,-0.006679410508329086
2010-02-18,0.0002710094737314732
2010-02-19,0.0011774092379742375
2010-02-22,-0.00669825297852465
2010-02-23,-0.000332450594518671
2010-02-24,0.0015979637953438084
2010-02-25,0.0009672262752921445
2010-02-26,0.005615028594485997
2010-03-01,-0.01026200144688011
2010-03-02,0.001070835447132696
2010-03-03,-0.002497723187452746
2010-03-04,-0.0004214169595740618
2010-03-05,-0.00036555768818768004
2010-03-08,-0.0026595971524363037
2010-03-09,-0.005855592839789051
2010-03-10,-0.002842371362831622
2010-03-11,-0.00036093076770871537
2010-03-12,0.0032803963775774013
2010-03-15,0.002840405943187186
2010-03-16,-0.0035607550204809113
2010-03-17,0.0022464756095308663
2010-03-18,-0.010703248407672004
2010-03-19,-0.0022374387439476496
2010-03-22,-0.0010996936388318601
2010-03-23,-0.0038905387268706876
2010-03-24,-0.0003971716008483011
2010-03-25,-0.003996818345748282
2010-03-26,-0.0010760202971381823
2010-03-29,0.001961003673348805
2010-03-30,0.0003430927164152897
2010-03-31,0.005578474189099152
2010-04-01,0.005253304734879865
2010-04-05,0.0018755194964488536
2010-04-06,0.002571656651205879
2010-04-07,-0.005225778897061554
2010-04-08,0.0063531126278476065
2010-04-09,-0.0001507450829477832
2010-04-12,-0.001328203575679004
2010-04-13,0.0022862449785234114
2010-04-14,0.004431064265764087
2010-04-15,-0.0007208625001838395
2010-04-16,-0.0081555617216355
2010-04-19,0.0014008373240184829
2010-04-20,0.007441933765207718
2010-04-21,0.007441044315942938
2010-04-22,0.003475150854638627
2010-04-23,0.0013052925893275369
2010-04-26,0.0025368378906083164
2010-04-27,0.00031028914316657137
2010-04-28,-0.006215226704226309
2010-04-29,0.008245206485499942
2010-04-30,0.003372087510760453
2010-05-03,0.0069676752113727305
2010-05-04,0.00036142878099588505
2010-05-05,-0.008180194485383742
2010-05-06,-0.003257210613220913
2010-05-07,-0.004065518067915055
2010-05-10,0.009923823591671625
2010-05-11,-0.005621490260183707
2010-05-12,0.004511542301382081
2010-05-13,-0.007622094828257711
2010-05-14,-0.007184436114775755
2010-05-17,0.001302545165964437
2010-05-18,-0.00471096821319302
2010-05-19,-0.0026273771876947653
2010-05-20,0.0020421385659212346
2010-05-21,0.012409503340457179
2010-05-24,-0.01143422258821798
2010-05-25,-0.004018740978515128
2010-05-26,0.0015642189101609926
2010-05-27,0.007939912949208839
2010-05-28,-0.0038502493028799
2010-06-01,0.004167551704829602
2010-06-02,0.003400807617096484
2010-06-03,-0.0028650151214874224
2010-06-04,-0.006466277979816665
2010-06-07,-0.0043488625842712375
2010-06-08,0.004090832021912357
2010-06-09,-0.0018730646580248779
2010-06-10,0.003494516560971827
2010-06-11,-0.0040306498166933075
2010-06-14,-0.0010495276614024798
2010-06-15,0.000539684472586765
2010-06-16,-0.0018957417802116776
2010-06-17,0.0019326460038573395
2010-06-18,0.0019474867465022277
2010-06-21,0.0019499349019671058
2010-06-22,-0.0020700474689952873
2010-06-23,-0.0022810455649634994
2010-06-24,-0.004672048701897251
2010-06-25,0.008530066688745888
2010-06-28,0.00116208288052904
2010-06-29,-0.0025943955217934446
2010-06-30,-0.0030955506243581423
2010-07-01,-0.0038394014798732233
2010-07-02,-0.008571176966987292
2010-07-06,0.001865929789542424
2010-07-07,0.0037462667540568047
2010-07-08,-0.004253819539886103
2010-07-09,0.0023409588863320292
2010-07-12,-0.0024226168868952892
2010-07-13,0.005153493076071464
2010-07-14,-0.0063395797048945175
2010-07-15,-0.003850986801823485
2010-07-16,-0.007520123248013884
2010-07-19,-0.0016936687179390742
2010-07-20,-0.004289191834213437
2010-07-21,-0.0027018381726165927
2010-07-22,0.00837316203433451
2010-07-23,0.006265810813043475
2010-07-26,0.0035487356974877216
2010-07-27,-0.0005897295556300621
2010-07-28,0.0005489654644349905
2010-07-29,-0.0036655377528315653
2010-07-30,-0.0004210534316819943
2010-08-02,-0.004334164677707772
2010-08-03,-0.0049787234845265396
2010-08-04,-0.0065754602019028495
2010-08-05,-0.004543846255944434
2010-08-06,0.0018409143055248226
2010-08-09,0.0006814270962690756
2010-08-10,0.000842411450273807
2010-08-11,-0.007049718987812044
2010-08-12,-0.009022078217432406
2010-08-13,0.00023653643455872725
2010-08-16,-0.0011502576264747863
2010-08-17,-0.004828026108351564
2010-08-18,0.0008707868718631829
2010-08-19,-0.0015915208358848508
2010-08-20,0.0005738251512269048
2010-08-23,0.00042152103914679345
2010-08-24,-0.0002398062833259278
2010-08-25,0.00029433739090906557
2010-08-26,0.005378009810125045
2010-08-27,0.005176620464837366
2010-08-30,-0.0058936642369591015
2010-08-31,0.009061146664121812
2010-09-01,0.003948529410029993
2010-09-02,0.0013974304677043625
2010-09-03,0.0021680569249382417
2010-09-07,-0.00575358806239255
2010-09-08,0.00020535792687842837
2010-09-09,0.001623020878887575
2010-09-10,0.0008155452788344518
2010-09-13,-0.0021058419250548134
2010-09-14,-0.007271283569146078
2010-09-15,0.0012058887941889846
2010-09-16,-0.0030887951688937203
2010-09-17,0.0016885510731294692
2010-09-20,0.001912381416194896
2010-09-21,0.0009323079392781054
2010-09-22,-0.005608298067395436
2010-09-23,-0.007481630114247972
2010-09-24,0.0027434078499288775
2010-09-27,-0.0029277469707066177
2010-09-28,-0.0024102683187756375
2010-09-29,-0.006981334599350319
2010-09-30,0.005708759547381673
2010-10-01,0.0042683002003089335
2010-10-04,0.0035847141816034763
2010-10-05,0.0004884970382885774
2010-10-06,0.0022846461020565785
2010-10-07,-0.007590430548992785
2010-10-08,-0.00901746042750765
2010-10-11,-0.00012127274192606457
2010-10-12,-0.003298754272216325
2010-10-13,-0.002629363608519894
2010-10-14,7.650112676196386e-05
2010-10-15,-0.015497377404314876
2010-10-18,0.003685483587561565
2010-10-19,0.00044617331715365665
2010-10-20,-0.0011091969595385144
2010-10-21,0.0035472636541849824
2010-10-22,-0.0068072214308665495
2010-10-25,-0.0039198035529112996
2010-10-26,3.284642116756166e-05
2010-10-27,-0.0064614971146042454
2010-10-28,0.0032752809429695937
2010-10-29,-0.0052930877352908344
2010-11-01,0.00083217136454821
2010-11-02,-0.005775897709671842
2010-11-03,0.0038208004437144624
2010-11-04,-0.0020672298712883417
2010-11-05,0.008659329705979931
2010-11-08,-0.001379512589618996
2010-11-09,-0.010083408315148496
2010-11-10,0.002637242584635107
2010-11-11,0.0039205404679221465
2010-11-12,0.0036857386290427108
2010-11-15,0.001183210411128573
2010-11-16,-0.003264225997287008
2010-11-17,-0.0024593719797726087
2010-11-18,-0.002610049265526764
2010-11-19,-0.0016208589420994872
2010-11-22,-0.005019806586542656
2010-11-23,-0.004116783208811942
2010-11-24,0.0010115605456343655
2010-11-26,-0.0011210300569070304
2010-11-29,0.0011288049820744595
2010-11-30,0.002476966999256401
2010-12-01,0.0012753591687464294
2010-12-02,0.0032931929782629515
2010-12-03,-0.0006206018569434388
2010-12-06,0.0011397724335308781
2010-12-07,0.004584275748542242
2010-12-08,-0.00549338324499257
2010-12-09,0.004329857908326646
2010-12-10,0.004090199013526671
2010-12-13,0.004035646390945037
2010-12-14,0.005196575725169276
2010-12-15,-0.0013786260178120986
2010-12-16,-0.0002573105391555684
2010-12-17,-0.0014666617533485313
2010-12-20,0.0012635707279911406
2010-12-21,0.00538446086526147
2010-12-22,0.003153334273951801
2010-12-23,-0.0026497178211561116
2010-12-27,0.002971840055628148
2010-12-28,-0.0008654950072017693
2010-12-29,-0.0017040516587173383
2010-12-30,-0.0011341125515552356
2010-12-31,0.0002958984815404492
2011-01-03,-0.0016717239387859266
2011-01-04,-0.009306076560661352
2011-01-05,-0.003928997462583698
2011-01-06,-0.004353411291750443
2011-01-07,0.005247330432987685
2011-01-10,0.003197242365777759
2011-01-11,-0.0038858384815102206
2011-01-12,-0.00903698553619457
2011-01-13,0.003866156086640841
2011-01-14,-0.0029325492913361813
2011-01-18,7.416710551421867e-05
2011-01-19,0.008385909268452556
2011-01-20,-0.0152062578380083
2011-01-21,-0.005027945134691977
2011-01-24,-0.001422239194394617
2011-01-25,-0.0015352505059738736
2011-01-26,0.004552105753986357
2011-01-27,0.001894307437327628
2011-01-28,0.0019020183786199192
2011-01-31,-0.0013174137077665933
2011-02-01,-0.0024619850237635513
2011-02-02,0.0014023644733027183
2011-02-03,0.0026761180725833724
2011-02-04,0.0011495664677971227
2011-02-07,-0.0011354656030186656
2011-02-08,0.0018851812338296977
2011-02-09,0.006065755358668885
2011-02-10,0.007464823698635664
2011-02-11,0.0009791874524267396
2011-02-14,0.0040589770308872095
2011-02-15,-0.001730281267561177
2011-02-16,-0.0006220761646195227
2011-02-17,-0.0023781571847325124
2011-02-18,-0.0016322532838029117
2011-02-22,0.0015797717320731664
2011-02-23,0.0007437620839361776
2011-02-24,0.0008627572540875586
2011-02-25,-0.00046361047588489636
2011-02-28,0.001845226123522735
2011-03-01,-0.0026589445393657997
2011-03-02,0.00355419748167868
2011-03-03,0.0029195292170377785
2011-03-04,0.0011075113747312073
2011-03-07,-0.0010251503523116031
2011-03-08,-0.005650646246665147
2011-03-09,-0.0033980100325491512
2011-03-10,-0.001366975490617549
2011-03-11,-0.0008249533919238018
2011-03-14,-0.00021880911172475975
2011-03-15,0.00383501998091346
2011-03-16,-0.003986501810035636
2011-03-17,0.0036071548888822347
2011-03-18,-0.003163498685391235
2011-03-21,0.011738688744187402
2011-03-22,-0.0024464855534026236
2011-03-23,0.0041514211740662135
2011-03-24,0.0031054298484138976
2011-03-25,0.005104000321100789
2011-03-28,-0.0008741618124880473
2011-03-29,0.005357872000828896
2011-03-30,-0.0020730739560532226
2011-03-31,0.005043977769745037
2011-04-01,-0.0009714656418940622
2011-04-04,-0.0019035746230215483
2011-04-05,-0.0014526545758155253
2011-04-06,-0.014779375909875181
2011-04-07,-0.0022501734004011713
2011-04-08,0.0032289619619886136
2011-04-11,-0.00448402190697904
2011-04-12,-0.008426134323829331
2011-04-13,0.008487089791735172
2011-04-14,0.00267420645221435
2011-04-15,0.0025715461416869877
2011-04-18,-0.002464368574681459
2011-04-19,0.00420050614609753
2011-04-20,0.005289415258635899
2011-04-21,0.016032822927974633
2011-04-25,-0.00013786169411969052
2011-04-26,-0.0061576694262474
2011-04-27,-0.0017814557950609508
2011-04-28,-0.0002225648422157672
2011-04-29,0.00571972743233821
2011-05-02,-0.003156303693053281
2011-05-03,-0.012083726706461722
2011-05-04,-0.01014455410834048
2011-05-05,-0.0016134232730436906
2011-05-06,0.0005898582602688012
2011-05-09,0.008510499451454254
2011-05-10,0.00012898683254023352
2011-05-11,-0.008692790940039337
2011-05-12,0.0011491573109983784
2011-05-13,0.0029203339754688
2011-05-16,-0.0025882633499214186
2011-05-17,-0.004038228940559123
2011-05-18,0.01492087092533491
2011-05-19,0.004814309723879456
2011-05-20,0.0034777940255277264
2011-05-23,-0.0032369705601008394
2011-05-24,-0.0017011362332036227
2011-05-25,0.006196125356755965
2011-05-26,0.0014686946223298677
2011-05-27,-0.0017961710228913044
2011-05-31,-0.0002781565409589179
2011-06-01,0.0049231197245352245
2011-06-02,0.003713750262461648
2011-06-03,0.0015160182704268851
2011-06-06,0.002965810696975854
2011-06-07,0.00358442039301933
2011-06-08,0.006829722731796353
2011-06-09,0.0022666389481285796
2011-06-10,-0.010167985384636721
2011-06-13,-0.005371945613932777
2011-06-14,0.005448820860005706
2011-06-15,-0.0027243993484499444
2011-06-16,-0.0008208334371415763
2011-06-17,-0.001266163027109031
2011-06-20,0.006865034080090375
2011-06-21,-0.00013198987931526725
2011-06-22,0.00046018755915279235
2011-06-23,-0.00018963956265693254
2011-06-24,0.0030458313337955157
2011-06-27,0.0016275159843662005
2011-06-28,0.0068416872240647155
2011-06-29,-0.010116228330267667
2011-06-30,0.0006204681477013554
2011-07-01,-0.002285739922169352
2011-07-05,0.010500431718899918
2011-07-06,0.007437098711355004
2011-07-07,-0.00916530751217801
2011-07-08,0.007976665658957915
2011-07-11,0.00567227019928315
2011-07-12,-0.0032276944355552123
2011-07-13,-0.0007426752024260008
2011-07-14,0.005105898351449358
2011-07-15,-5.314039389039408e-05
2011-07-18,0.006747256417390237
2011-07-19,0.001188217290948976
2011-07-20,-0.010551403881544186
2011-07-21,-0.012396701065412956
2011-07-22,-0.00861860622112398
2011-07-25,8.694361554843252e-05
2011-07-26,-0.00492155807644679
2011-07-27,0.007562162765684173
2011-07-28,0.0007781506637564115
2011-07-29,-0.0006736654504898979
2011-08-01,0.0024859438403439025
2011-08-02,0.0009635532960333301
2011-08-03,-0.0025938222349034617
2011-08-04,0.005828900570613186
2011-08-05,0.012464829451456935
2011-08-08,0.019277598239124328
2011-08-09,-0.006355963342233507
2011-08-10,0.021331048446826175
2011-08-11,-0.01797825741911244
2011-08-12,0.014829006311132351
2011-08-15,-0.007586482926366819
2011-08-16,0.003987741873163876
2011-08-17,0.002928931037337606
2011-08-18,0.008010758573907872
2011-08-19,0.00947705832356575
2011-08-22,0.004902686532518916
2011-08-23,0.0026531825753301494
2011-08-24,-0.00953240093573031
2011-08-25,-0.004917697706809629
2011-08-26,0.0011937139577733933
2011-08-29,-0.017930131766106222
2011-08-30,0.008871564493876397
2011-08-31,-0.0006728132505520016
2011-09-01,0.012735303909233608
2011-09-02,0.015597315685498067
2011-09-06,0.012698288876732284
2011-09-07,-0.024315870697148922
2011-09-08,0.006681216880008984
2011-09-09,-0.00040575557499381807
2011-09-12,-0.004541996999396347
2011-09-13,-8.2583918207395e-05
2011-09-14,-0.002875319281345541
2011-09-15,-0.01025170223696419
2011-09-16,0.004927633983568489
2011-09-19,0.015189394292635798
2011-09-20,0.006212792092596376
2011-09-21,0.00863357055854939
2011-09-22,0.010694965778959273
2011-09-23,-0.006485041451785474
2011-09-26,-0.013953531318292129
2011-09-27,-0.005023577414886326
2011-09-28,0.011192104579607063
2011-09-29,-0.01921074486893903
2011-09-30,0.015302200556864905
2011-10-03,0.020213464047996926
2011-10-04,-0.026962879891429342
2011-10-05,-0.009944020112922993
2011-10-06,-0.020452505346549
2011-10-07,0.023142248215483715
2011-10-10,-0.011978457919461814
2011-10-11,-5.075067466510545e-05
2011-10-12,-0.01576420850759826
2011-10-13,0.012794175987597198
2011-10-14,-0.0004245229659864577
2011-10-17,0.014746826735143598
2011-10-18,-0.033565470047368484
2011-10-19,0.012965643089921387
2011-10-20,-0.006512866523701536
2011-10-21,-0.00027219253553118796
2011-10-24,-0.01854574255132728
2011-10-25,0.019414258894768777
2011-10-26,-0.011525467915845486
2011-10-27,-0.04090511837690901
2011-10-28,-0.011021956257490664
2011-10-31,0.021246813753918185
2011-11-01,0.023004788669578193
2011-11-02,-0.014877459797616996
2011-11-03,-0.005788147564959611
2011-11-04,-0.003535600634567061
2011-11-07,0.0010247754172470153
2011-11-08,-0.0075167748116155095
2011-11-09,0.02515528560468641
2011-11-10,-0.0012783739279210384
2011-11-11,-0.008916935538763621
2011-11-14,0.007835855912663175
2011-11-15,0.001142308929879407
2011-11-16,0.0009345290327099638
2011-11-17,0.0123333516725079
2011-11-18,-0.002907699693690226
2011-11-21,0.009831794924865434
2011-11-22,0.014146034972283714
2011-11-23,0.012295801790362071
2011-11-25,0.0008323936596894448
2011-11-28,-0.012027693984214527
2011-11-29,0.009435466386034425
2011-11-30,-0.035468449249011554
2011-12-01,0.006925364223207759
2011-12-02,-0.01275832796480947
2011-12-05,-0.019836899525313263
2011-12-06,0.00821016065773098
2011-12-07,-0.004649229867221984
2011-12-08,0.024735338959602837
2011-12-09,-0.007824072011371835
2011-12-12,0.01697813454366579
2011-12-13,0.014370535080291904
2011-12-14,0.011336353943826833
2011-12-15,0.006916178781392244
2011-12-16,-0.0010699539770727758
2011-12-19,0.02445321092484295
2011-12-20,-0.018243379005922357
2011-12-21,0.005234977853887802
2011-12-22,-0.027216657101422674
2011-12-23,0.004635628156678729
2011-12-27,0.010899773843346007
2011-12-28,0.010683279548408814
2011-12-29,-0.006320403633016841
2011-12-30,-0.00660020450311932
2012-01-03,0.0007559963844884484
2012-01-04,0.005292295468131203
2012-01-05,-0.004064792778869151
2012-01-06,-0.005552931588017318
2012-01-09,-0.0035854623223608995
2012-01-10,0.0025884512900944696
2012-01-11,0.0002533660174465303
2012-01-12,0.0021114266716245745
2012-01-13,0.0037299693995738094
2012-01-17,0.0018975089881128676
2012-01-18,-0.00364134411633921
2012-01-19,-0.0035355431868624478
2012-01-20,-0.0031931988378113207
2012-01-23,0.0005187623788796081
2012-01-24,-0.004942762170511223
2012-01-25,-0.002192708235835719
2012-01-26,-0.002816069630557841
2012-01-27,-0.0029551144429564033
2012-01-30,0.0034489104093995467
2012-01-31,-0.0038419808648096597
2012-02-01,-0.0013956442852244002
2012-02-02,-0.0037073519281375245
2012-02-03,-0.0007312918484262099
2012-02-06,-0.0008379960135241135
2012-02-07,-0.00046758144297360865
2012-02-08,0.0022939138220139962
2012-02-09,-0.002992406820215983
2012-02-10,0.0004668125449224363
2012-02-13,0.000412055438737067
2012-02-14,-0.000603213307544734
2012-02-15,-0.00329611176834891
2012-02-16,-0.004605102439276871
2012-02-17,0.00352898208998661
2012-02-21,-0.00020306421129088613
2012-02-22,-0.001660690026901143
2012-02-23,-0.00021993000526182788
2012-02-24,-0.004651143314445203
2012-02-27,0.002763473512411994
2012-02-28,-0.00045061276298203647
2012-02-29,0.006157300272520157
2012-03-01,0.00347727553012506
2012-03-02,-0.0013963604845479295
2012-03-05,0.008381223922954683
2012-03-06,-0.0029316187058943365
2012-03-07,0.0007749380473402513
2012-03-08,0.0003409727963200928
2012-03-09,-0.002318635785987504
2012-03-12,0.004414865941841193
2012-03-13,0.0031530641036449708
2012-03-14,-0.0008769756608054392
2012-03-15,0.0008420599705453527
2012-03-16,-0.004786947657960553
2012-03-19,0.0028296488159792374
2012-03-20,-0.0003274663854617952
2012-03-21,0.0006890242134533506
2012-03-22,0.0073062212719030295
2012-03-23,-0.003902707189276041
2012-03-26,0.004891087746514516
2012-03-27,0.0011827337054607554
2012-03-28,0.002475808459446705
2012-03-29,-0.006219643379074909
2012-03-30,-0.0010250455766720938
2012-04-02,-0.003492511429552027
2012-04-03,-0.001809809346440161
2012-04-04,-0.004681822495595545
2012-04-05,0.004367515801325923
2012-04-09,-0.00216543423731151
2012-04-10,-0.002221126237608054
2012-04-11,0.0023101292937197917
2012-04-12,-0.0034421914095298482
2012-04-13,-0.002132211729253092
2012-04-16,0.0036034460050182312
2012-04-17,0.003129991014587013
2012-04-18,-0.0024211111591651746
2012-04-19,-0.0010022280047266188
2012-04-20,0.0036737152422381546
2012-04-23,-0.004406753516666169
2012-04-24,5.975759344437894e-05
2012-04-25,-0.008301151483513172
2012-04-26,0.00011106249106336444
2012-04-27,0.007420647697125493
2012-04-30,-0.006057617171335887
2012-05-01,-0.0017371520401451889
2012-05-02,-0.0012638846215580397
2012-05-03,-0.003908894162408036
2012-05-04,0.00118292972381171
2012-05-07,0.003619666752764216
2012-05-08,-0.0031567145898494537
2012-05-09,-0.008539652729805364
2012-05-10,-0.0006167809735765944
2012-05-11,-0.002508002434739414
2012-05-14,-0.0012857880735015611
2012-05-15,0.00150508667945115
2012-05-16,0.0012382102142081519
2012-05-17,0.0033116785665317713
2012-05-18,-0.00624896604848818
2012-05-21,-0.008506204238368863
2012-05-22,0.00017188444524499796
2012-05-23,-0.004427181392419174
2012-05-24,0.005729389438846834
2012-05-25,-0.0027643904475375077
2012-05-29,-0.0045028557304986
2012-05-30,0.0005321600531266148
2012-05-31,0.0029470267212801118
2012-06-01,-0.0025258776175833874
2012-06-04,-0.003554983938838096
2012-06-05,-0.0013760432370630545
2012-06-06,0.0024719453234620286
2012-06-07,-0.0020551264210775092
2012-06-08,0.00024669828290657214
2012-06-11,0.0032382509697171337
2012-06-12,0.01044013167029078
2012-06-13,-0.003974726802459711
2012-06-14,-0.00264948698172318
2012-06-15,0.0022393103404951885
2012-06-18,0.003153363551856603
2012-06-19,0.00743492011497886
2012-06-20,-0.004994423868676862
2012-06-21,0.0001694202602358525
2012-06-22,0.0028110051639355198
2012-06-25,-0.0014883868939187838
2012-06-26,-0.0034368840398762346
2012-06-27,-0.0005564874154886673
2012-06-28,-0.004511232492600166
2012-06-29,-0.04919615121019296
2012-07-02,0.001426323664433991
2012-07-03,-0.002304662846656399
2012-07-05,0.002935049967344997
2012-07-06,0.00046808479077294594
2012-07-09,-0.003383414007546673
2012-07-10,0.004543816677402358
2012-07-11,0.00384560104866082
2012-07-12,-0.00454063407193866
2012-07-13,0.004166393139771403
2012-07-16,-0.00013515998394317058
2012-07-17,-0.003384771474066721
2012-07-18,-0.011542819933023842
2012-07-19,-0.00039895151271215196
2012-07-20,0.001158093565943688
2012-07-23,-0.00017804938871750274
2012-07-24,0.007612781559096115
2012-07-25,-0.012794355298805401
2012-07-26,-0.009353628736237954
2012-07-27,-0.0010738945403784218
2012-07-30,0.0018015084873741062
2012-07-31,0.00997602282567102
2012-08-01,-0.002849708159520938
2012-08-02,0.01264500095416022
2012-08-03,-0.0013076852305397093
2012-08-06,0.0030872731763183303
2012-08-07,0.0009862009402289347
2012-08-08,0.002999888805559142
2012-08-09,-0.008097118319383461
2012-08-10,-0.004609081388600198
2012-08-13,0.0011174807813695289
2012-08-14,0.004455174850253865
2012-08-15,-0.002249106016239823
2012-08-16,-0.0034616006352477195
2012-08-17,0.001759200648105047
2012-08-20,0.005822767018898033
2012-08-21,0.0006592336488453549
2012-08-22,0.00025832038186839577
2012-08-23,0.002089071230478259
2012-08-24,0.004368488004825508
2012-08-27,0.00035227046597474426
2012-08-28,-3.218320414067493e-05
2012-08-29,-0.004418353586583842
2012-08-30,0.0029344854527348523
2012-08-31,0.002259108292591981
2012-09-04,0.0031200936166900575
2012-09-05,-0.0063404583651185
2012-09-06,0.004694028344543086
2012-09-07,-0.0019863101483176032
2012-09-10,0.0014949377085699967
2012-09-11,-0.0037480579640152122
2012-09-12,0.0039819818469735875
2012-09-13,-0.004616888622845548
2012-09-14,-0.003684503629317804
2012-09-17,-0.00012378161753116997
2012-09-18,-0.001507403556015159
2012-09-19,-0.0005968295334806031
2012-09-20,-0.0011445267340636335
2012-09-21,0.0013887483260720094
2012-09-24,0.00043334436513391627
2012-09-25,0.001842823174572877
2012-09-26,-0.005261677061299419
2012-09-27,0.005803058290724842
2012-09-28,-0.003225686035981722
2012-10-01,-0.002549913771533466
2012-10-02,-0.0004697866569021153
2012-10-03,0.0035208790392162732
2012-10-04,0.005872163797385508
2012-10-05,-0.0034324716424063775
2012-10-08,-0.0002753255138785793
2012-10-09,0.0055445543652007595
2012-10-10,-0.0007091670352651182
2012-10-11,0.004782362144318325
2012-10-12,-7.602183375161257e-05
2012-10-15,0.001009929465290994
2012-10-16,0.002992851968983642
2012-10-17,0.005799972418053767
2012-10-18,0.00027074183577851054
2012-10-19,0.0039772027964144595
2012-10-22,-0.0033539913124829845
2012-10-23,-0.008937766002780156
2012-10-24,-0.003450255672014398
2012-10-25,0.0019506695855345322
2012-10-26,-0.0006169616340949988
2012-10-31,-0.0015144533289588977
2012-11-01,-0.002562897788139829
2012-11-02,-0.009858619981798157
2012-11-05,-0.003527364424400676
2012-11-06,0.005526297374782977
2012-11-07,-0.008168760107480898
2012-11-08,-0.0006894027010731437
2012-11-09,-0.0046707261338700574
2012-11-12,0.0037989908026225365
2012-11-13,-0.005993766163374563
2012-11-14,-0.0032923877337222877
2012-11-15,-0.002260868047564799
2012-11-16,-0.001836719586994322
2012-11-19,0.004352436001485574
2012-11-20,-0.0021847234784653667
2012-11-21,0.0006158019475509678
2012-11-23,-0.003645338268291142
2012-11-26,0.007083856769925392
2012-11-27,0.001899461491339771
2012-11-28,0.00339087788173969
2012-11-29,0.00019598810957165093
2012-11-30,-0.0063782713418696554
2012-12-03,-0.0003295720791067631
2012-12-04,0.0038954574953364227
2012-12-05,0.00410285747942636
2012-12-06,-0.0013888950502686853
2012-12-07,-0.0017063906021154397
2012-12-10,-0.002885131272867416
2012-12-11,0.003729248369742119
2012-12-12,0.003077969123937556
2012-12-13,-0.003430288893401414
2012-12-14,0.0006017913268127934
2012-12-17,-0.001480943814673205
2012-12-18,9.185794253701457e-05
2012-12-19,-0.0006311257664629641
2012-12-20,0.0009312715118939114
2012-12-21,0.00030683035128542036
2012-12-24,-0.0024059758296774572
2012-12-26,-0.0010926493351701878
2012-12-27,-0.002218830556749075
2012-12-28,-0.0034700578606561647
2012-12-31,0.004750009332722667
2013-01-02,-0.0035823227358688543
2013-01-03,-0.00036777476069441194
2013-01-04,0.007948948491120418
2013-01-07,0.0004391602327250495
2013-01-08,-0.0011472062428857829
2013-01-09,-0.0015340344627147544
2013-01-10,0.002600552430399683
2013-01-11,0.0016169830392466663
2013-01-14,-0.0025775539375708116
2013-01-15,0.0003319370824603126
2013-01-16,0.003098428107481875
2013-01-17,-0.0013127973629378652
2013-01-18,0.005438215951690327
2013-01-22,0.0032980654351870645
2013-01-23,0.004317909953812809
2013-01-24,0.007335698997150789
2013-01-25,0.006424633150077182
2013-01-28,-0.006767651824847466
2013-01-29,0.001094668264715422
2013-01-30,-0.0015266628828375772
2013-01-31,-0.0075285569468703335
2013-02-01,0.0036179782369172393
2013-02-04,-6.303643592837067e-05
2013-02-05,0.002540595982860194
2013-02-06,-0.0003004333320539183
2013-02-07,-0.002523140860988776
2013-02-08,0.001583902019082703
2013-02-11,-0.000702826050554978
2013-02-12,0.00454843508470734
2013-02-13,0.012730060538830766
2013-02-14,0.008233245998957544
2013-02-15,-0.0011591699820191874
2013-02-19,0.001036827130696189
2013-02-20,-0.012260163009300688
2013-02-21,-0.009482411969316313
2013-02-22,-0.006137733377673855
2013-02-25,-0.00954827946366351
2013-02-26,0.004528455817209797
2013-02-27,0.007262398620761611
2013-02-28,0.005109272405942262
2013-03-01,-0.0015622665422075806
2013-03-04,0.0033771764130261055
2013-03-05,0.00338257616733274
2013-03-06,0.0005134781416405269
2013-03-07,0.003081668114637355
2013-03-08,0.002242151070614782
2013-03-11,0.0032584346692861622
2013-03-12,-0.005414121252057666
2013-03-13,0.0013466436283493589
2013-03-14,0.0051570174753155845
2013-03-15,-0.0008833887865456783
2013-03-18,-0.007167918080827339
2013-03-19,-0.004918938137851067
2013-03-20,-0.0010721142061157695
2013-03-21,-0.005045729778337277
2013-03-22,-0.0021629047542649667
2013-03-25,-0.0042554189913184895
2013-03-26,0.002351860379839093
2013-03-27,0.010347509146063326
2013-03-28,-0.009404056090273906
2013-04-01,-0.0010425236121396084
2013-04-02,0.0003400460072590613
2013-04-03,-0.004179688381711474
2013-04-04,-0.0030061136614015584
2013-04-05,0.0023685366103118398
2013-04-08,0.001034941636028092
2013-04-09,0.0063052767781371834
2013-04-10,0.0007385230262936234
2013-04-11,0.0015437599471674994
2013-04-12,-0.004519456275337611
2013-04-15,-0.006875024366083217
2013-04-16,0.000927083927987376
2013-04-17,-0.00425734904380058
2013-04-18,0.0008164057487820202
2013-04-19,-0.005459584063723489
2013-04-22,1.7622937324969094e-05
2013-04-23,-0.0003024300938875436
2013-04-24,0.002286512181336696
2013-04-25,-0.0073135529352242315
2013-04-26,-0.008974660167273694
2013-04-29,0.0009613301475268839
2013-04-30,0.0038460531408489565
2013-05-01,-0.00034379484479575746
2013-05-02,0.007272458956851961
2013-05-03,-0.0008336557421831437
2013-05-06,0.001842845485421686
2013-05-07,0.005277624930231952
2013-05-08,-0.005368466381337182
2013-05-09,-0.0013164306841932693
2013-05-10,-0.004887091050279245
2013-05-13,5.604931627282907e-05
2013-05-14,0.008637273432635028
2013-05-15,0.004303216923692284
2013-05-16,-0.000513532390013112
2013-05-17,0.0031519203540524413
2013-05-20,-0.0012523613473917395
2013-05-21,-0.0011556141591154148
2013-05-22,-0.0018925082166996886
2013-05-23,-0.0037340420721173593
2013-05-24,-0.0014664474636259066
2013-05-28,0.0019179022961378527
2013-05-29,0.005003376029933827
2013-05-30,-0.0023882825164456838
2013-05-31,0.00038358794230700197
2013-06-03,-0.0028300882529020722
2013-06-04,-0.007510890315684763
2013-06-05,-0.0027146640395004696
2013-06-06,-0.0007805171293220148
2013-06-07,0.006275864484559516
2013-06-10,0.0024385636555497047
2013-06-11,-0.004276774180799894
2013-06-12,-0.0009219785727392602
2013-06-13,-0.0005668037044830808
2013-06-14,0.00361385981144333
2013-06-17,0.0026177248595166845
2013-06-18,0.0002220876609717134
2013-06-19,0.00023232792981815934
2013-06-20,0.00022136279268608502
2013-06-21,-0.0033823678949381447
2013-06-24,0.0010997727968437131
2013-06-25,-0.0009451405535971064
2013-06-26,0.0030665560242984667
2013-06-27,-0.0028419652135514063
2013-06-28,-0.0057043289718999935
2013-07-01,0.002352877512059915
2013-07-02,0.005366138458716856
2013-07-03,0.0014600188299128383
2013-07-05,0.004272862673214452
2013-07-08,0.0057404617067685305
2013-07-09,0.003774336961798475
2013-07-10,-0.0026466147116366054
2013-07-11,-0.0060826162973329195
2013-07-12,0.005289366857986632
2013-07-15,-0.00401690903915678
2013-07-16,-0.003237642133334605
2013-07-17,0.001603213225427437
2013-07-18,0.003949059968933839
2013-07-19,0.0011099837768665875
2013-07-22,-0.008329706789351602
2013-07-23,-0.0017004923032687162
2013-07-24,-0.0017997100743301921
2013-07-25,-0.0007068489950610417
2013-07-26,-0.0024116412783339734
2013-07-29,0.0006428857741118104
2013-07-30,0.0008009073881871381
2013-07-31,0.0038459180515287056
2013-08-01,0.00913341519973505
2013-08-02,0.0009737638906767934
2013-08-05,-0.0009638179357017948
2013-08-06,-0.0014495695161810605
2013-08-07,-0.001223848543046897
2013-08-08,-0.008559556137321725
2013-08-09,-0.006242849723969563
2013-08-12,-0.0014147723226687209
2013-08-13,0.0030362084049410996
2013-08-14,-0.0076017593492309216
2013-08-15,-0.0031804775321711055
2013-08-16,0.006530800746700449
2013-08-19,-0.00031578120188920544
2013-08-20,0.004847754074400984
2013-08-21,0.001795820243802129
2013-08-22,-0.0002581694923536983
2013-08-23,-0.003934504465789547
2013-08-26,-0.0006163527852601819
2013-08-27,-0.0006459040638019443
2013-08-28,0.004698458416252378
2013-08-29,-0.0017699537256605227
2013-08-30,-0.0020181450338388816
2013-09-03,0.0021050461484939417
2013-09-04,-0.0025703873173380768
2013-09-05,0.0005379464884826304
2013-09-06,-0.004610243340202691
2013-09-09,-0.0026136610503466754
2013-09-10,0.003668287035942413
2013-09-11,-0.00019850103753845722
2013-09-12,0.0047350110889351725
2013-09-13,-0.0009545449609666556
2013-09-16,-0.0010762399657606525
2013-09-17,-0.001251052309549726
2013-09-18,-0.00823171565850943
2013-09-19,0.0022816472570454382
2013-09-20,0.0026278540982648526
2013-09-23,-8.465698658191894e-05
2013-09-24,0.003766384687938278
2013-09-25,0.007155751819915996
2013-09-26,-0.0030332926859316495
2013-09-27,0.006058426565453579
2013-09-30,0.0020776479806099367
2013-10-01,0.0031635006820826457
2013-10-02,-0.0009673271422052112
2013-10-03,0.00067655667591366
2013-10-04,0.004151390651383917
2013-10-07,-0.0061376509295715635
2013-10-08,0.0018209235913441786
2013-10-09,-0.0006275958218067736
2013-10-10,0.00716273726014133
2013-10-11,0.005788240602166963
2013-10-14,0.00043714969815611746
2013-10-15,0.002204658760991293
2013-10-16,0.003839569394986845
2013-10-17,-0.002557124514601312
2013-10-18,0.008856365498320974
2013-10-21,0.002409107221033727
2013-10-22,-0.0036930322314478238
2013-10-23,-0.004947703278444891
2013-10-24,0.00447410463741459
2013-10-25,0.0021587783787019987
2013-10-28,-0.008875468316291706
2013-10-29,-0.003902818443735366
2013-10-30,0.0015931710453072035
2013-10-31,0.0026168939931389638
2013-11-01,-0.002815391395794755
2013-11-04,-0.006558859502756434
2013-11-05,0.0008658125282271992
2013-11-06,-0.001737497893196206
2013-11-07,-0.008768772263047994
2013-11-08,0.011473915655725336
2013-11-11,-0.0035599039142878005
2013-11-12,-0.0032228632770975795
2013-11-13,-0.00010330394336682176
2013-11-14,0.004775277269430498
2013-11-15,-0.00682263617074413
2013-11-18,0.002334816687610041
2013-11-19,0.002523928826354587
2013-11-20,-0.0033244409158538443
2013-11-21,0.006384853139220858
2013-11-22,0.0018941802946634916
2013-11-25,0.00400971818827959
2013-11-26,-0.00038679690966718594
2013-11-27,-0.004524404192660637
2013-11-29,-0.0014425903621158324
2013-12-02,0.003514837466110636
2013-12-03,-0.003394709994845913
2013-12-04,-0.0031617115424041387
2013-12-05,0.0007165990264575274
2013-12-06,0.002416632573663963
2013-12-09,-0.0035786036648598083
2013-12-10,0.0013289766803370243
2013-12-11,-0.002009546005021977
2013-12-12,0.0032996007478033555
2013-12-13,-0.002800596014503035
2013-12-16,0.0015744376080594836
2013-12-17,-0.002312704477141745
2013-12-18,0.009325664925505583
2013-12-19,-0.0017744439389130236
2013-12-20,-9.371344029345255e-05
2013-12-23,0.0032968018609357487
2013-12-24,-0.0014759351137181543
2013-12-26,-0.000278085355276261
2013-12-27,-0.0017310203627585428
2013-12-30,0.0004570562161085094
2013-12-31,-0.0008901171525312061
2014-01-02,-0.0007330368320920015
2014-01-03,0.004967692554509637
2014-01-06,-0.0017877360269707495
2014-01-07,-0.004007230515662872
2014-01-08,0.004644958421985577
2014-01-09,-0.0033994547407179654
2014-01-10,-0.0025096256518483996
2014-01-13,0.002120111935067076
2014-01-14,-0.00217270633706016
2014-01-15,0.00709347169618549
2014-01-16,-0.004306270727283802
2014-01-17,-0.0016774737829347108
2014-01-21,-0.006997747103352877
2014-01-22,0.000575930837385303
2014-01-23,-0.004718721592073969
2014-01-24,-0.0033596978584692536
2014-01-27,-0.0015697435172830402
2014-01-28,-0.002005663950804094
2014-01-29,0.002754608005297982
2014-01-30,-0.0013923533790141146
2014-01-31,-0.004210226606162615
2014-02-03,0.00026537875709972485
2014-02-04,-0.003400336432146932
2014-02-05,-0.001341417719169462
2014-02-06,0.0026299141870513376
2014-02-07,0.0017328662860595964
2014-02-10,-0.0008337374135883341
2014-02-11,0.00010583600224509983
2014-02-12,0.0007349434970129778
2014-02-13,0.0016187417614763405
2014-02-14,0.001175470041578976
2014-02-18,-0.0006688175932564768
2014-02-19,-0.0021367163963133947
2014-02-20,0.001037620047871587
2014-02-21,2.787218094228212e-05
2014-02-24,-0.002277250401595564
2014-02-25,-0.0033210640189792794
2014-02-26,-0.001429831900563682
2014-02-27,-0.00118038244811988
2014-02-28,-0.0005484646923668054
2014-03-03,-0.0009652199531218406
2014-03-04,0.001491186711194563
2014-03-05,0.0019541382483102927
2014-03-06,-0.0012073023652367995
2014-03-07,-0.0012131309121443167
2014-03-10,0.00020211381354078906
2014-03-11,0.001413826330847566
2014-03-12,-0.0008740365340830553
2014-03-13,-0.0007328340351772617
2014-03-14,-0.0026323615818202566
2014-03-17,0.0051955263773399785
2014-03-18,0.0029540656424525496
2014-03-19,0.003829823786332669
2014-03-20,-0.0012284759474070566
2014-03-21,0.0032950845541030943
2014-03-24,0.0014683481840143235
2014-03-25,0.0029863795383903236
2014-03-26,0.001835780202591469
2014-03-27,-0.006263053270513394
2014-03-28,0.00440145777265339
2014-03-31,0.0053994648590490035
2014-04-01,4.854710588689595e-05
2014-04-02,-0.0009155196259900081
2014-04-03,0.0032715755088783896
2014-04-04,0.001427500630244597
2014-04-07,-0.008244440517182384
2014-04-08,-0.002924910377493032
2014-04-09,-0.0033165311870878545
2014-04-10,0.003795763427161059
2014-04-11,0.00023389730718461577
2014-04-14,-0.0022190042927676735
2014-04-15,-0.0011276189635258198
2014-04-16,-0.0065786064604006446
2014-04-17,0.0015615653462260847
2014-04-21,-0.0008473284906044144
2014-04-22,-0.005482913580924984
2014-04-23,0.006945989578382114
2014-04-24,0.009170312131254852
2014-04-25,0.006854195414014623
2014-04-28,0.007656697158201291
2014-04-29,-0.006695080300948638
2014-04-30,-0.0039976609971172205
2014-05-01,-0.005724786180704005
2014-05-02,0.00042210804332789816
2014-05-05,-0.008856560357393036
2014-05-06,0.0031123377857983636
2014-05-07,0.0018538201388375625
2014-05-08,0.004310426888457138
2014-05-09,-0.006432685868029195
2014-05-12,-0.003900600203386224
2014-05-13,0.00719787796582165
2014-05-14,-0.0004808815190557695
2014-05-15,-0.002580513157762278
2014-05-16,-0.004696854303017936
2014-05-19,-0.0036589541132105146
2014-05-20,-0.00048408204764792233
2014-05-21,-0.004904073345595359
2014-05-22,-0.005741736268350481
2014-05-23,0.0026338346919674727
2014-05-27,-0.005686376377872555
2014-05-28,-0.0009351773513186531
2014-05-29,0.002331924056765238
2014-05-30,0.0005140044606648936
2014-06-02,0.0009481902467636974
2014-06-03,0.0010070213729112061
2014-06-04,0.0009855681433990414
2014-06-05,0.0003444362266504378
2014-06-06,0.004298763869586389
2014-06-09,-0.0015234549559542151
2014-06-10,-0.00014355010415842645
2014-06-11,-0.004631753654567494
2014-06-12,-0.005302227711135916
2014-06-13,-0.0014878446667570345
2014-06-16,-0.001484010347554121
2014-06-17,-0.0011823011570635175
2014-06-18,0.002771513430678497
2014-06-19,0.006905705556396725
2014-06-20,0.002039932974363348
2014-06-23,0.0005924747614526971
2014-06-24,0.002313070402080477
2014-06-25,-0.004951849676032749
2014-06-26,-0.0012208889118692512
2014-06-27,0.003342912772860625
2014-06-30,-0.001434997038997275
2014-07-01,0.002104551353734372
2014-07-02,0.0004628746388579689
2014-07-03,0.001774372247848904
2014-07-07,-0.0009455567320491962
2014-07-08,-0.0002644109018054996
2014-07-09,-0.00022427919694148956
2014-07-10,0.002062397799226744
2014-07-11,0.0028959155212481083
2014-07-14,0.003777846680398389
2014-07-15,0.005971597622290957
2014-07-16,-0.002909722333869224
2014-07-17,-0.0034131380722381777
2014-07-18,0.001376520068948353
2014-07-21,-0.00031524229185580507
2014-07-22,0.0025958882648780793
2014-07-23,-0.0004692016781711311
2014-07-24,-0.0009464953273628353
2014-07-25,0.002798449181833763
2014-07-28,-0.0026588870113325794
2014-07-29,-0.0035661622999388696
2014-07-30,-0.0029702603187867576
2014-07-31,-0.005770233652571287
2014-08-01,-0.0010755342173207347
2014-08-04,0.0016279909307159593
2014-08-05,-0.005312045096992203
2014-08-06,0.009501503987635508
2014-08-07,-0.0013108730929897367
2014-08-08,-0.002297251516916291
2014-08-11,5.621224094840722e-05
2014-08-12,0.0030773031009982198
2014-08-13,0.0009754487788436519
2014-08-14,-0.002356478848496771
2014-08-15,-0.002581008811520276
2014-08-18,-0.0004460405089747186
2014-08-19,0.001319964287094486
2014-08-20,-0.0014186673175124998
2014-08-21,0.002171556038897752
2014-08-22,-0.0007798387636497586
2014-08-25,0.0019493336247289412
2014-08-26,0.0013987564119176158
2014-08-27,-0.0018427641257627156
2014-08-28,0.000857209837700466
2014-08-29,0.0019591364142573235
2014-09-02,0.001680078291432086
2014-09-03,-0.0006507369668537869
2014-09-04,-0.0018314624798636365
2014-09-05,0.004293010937048621
2014-09-08,0.002259107980360527
2014-09-09,-0.00030669678954949823
2014-09-10,0.0011064091336312556
2014-09-11,-0.0018405814390218386
2014-09-12,0.0033675940921883752
2014-09-15,-0.0020925664256170465
2014-09-16,0.0014340388484628988
2014-09-17,0.0020687812008020195
2014-09-18,1.1242635277724237e-05
2014-09-19,0.0013516930951146407
2014-09-22,-0.0009066010967073259
2014-09-23,-0.0008192244098575482
2014-09-24,0.0017298830087540077
2014-09-25,-0.002738894391077631
2014-09-26,-0.0010260026925888177
2014-09-29,-0.004734939403250025
2014-09-30,0.0007411933167671615
2014-10-01,-0.002392007487354762
2014-10-02,0.0007630982481753371
2014-10-03,0.008696536529178147
2014-10-06,-0.004627545213411879
2014-10-07,-0.005616827993242766
2014-10-08,0.0036070194807698856
2014-10-09,0.005050879402982047
2014-10-10,-0.007989897693946224
2014-10-13,0.0012880340367297516
2014-10-14,0.0007375822917376452
2014-10-15,-0.007993937451001895
2014-10-16,-0.015052374418135183
2014-10-17,0.007186552516984416
2014-10-20,0.0003792863939988513
2014-10-21,-0.001955802225581565
2014-10-22,0.007759029428359262
2014-10-23,-0.005451894372082096
2014-10-24,0.004037747876827614
2014-10-27,0.014545585271164937
2014-10-28,-0.005753282036288975
2014-10-29,-0.009948620783095075
2014-10-30,0.006593665135774152
2014-10-31,-0.003266886023932542
2014-11-03,0.008555110912452316
2014-11-04,0.010956323898695417
2014-11-05,-0.015617569177875833
2014-11-06,-0.005741214591168491
2014-11-07,-0.00861361721145295
2014-11-10,0.008625472507210121
2014-11-11,0.0014976929890279317
2014-11-12,0.0059339469031264
2014-11-13,0.011197210148289156
2014-11-14,-0.004357284607066817
2014-11-17,0.005648478806744698
2014-11-18,0.0007640231741699748
2014-11-19,-0.0030249713817961862
2014-11-20,-0.009774180988350251
2014-11-21,-0.005040925374534734
2014-11-24,0.007638143839878526
2014-11-25,0.008803242754711123
2014-11-26,0.016241798646653396
2014-11-28,0.04718564159390599
2014-12-01,-0.004755251644260344
2014-12-02,0.0007427499635511178
2014-12-03,-0.008952671085867935
2014-12-04,0.0067096912024824165
2014-12-05,0.009704516009576022
2014-12-08,0.024558592530470717
2014-12-09,-0.010851270433014818
2014-12-10,0.008203272847930031
2014-12-11,0.010395943767449733
2014-12-12,0.0027334566019790283
2014-12-15,0.001370117647069649
2014-12-16,-0.01792954999090699
2014-12-17,-0.021568267371550223
2014-12-18,0.0052995198670654714
2014-12-19,-0.019088860314618834
2014-12-22,0.013799310086453962
2014-12-23,-0.007904805936262062
2014-12-24,0.008028038736383442
2014-12-26,-0.000111114047152302
2014-12-29,-0.001969991939793274
2014-12-30,0.0031381528685107325
2014-12-31,0.0002853834412912249
2015-01-02,-0.0012043253420697124
2015-01-05,0.00924405110158753
2015-01-06,0.003224557212810993
2015-01-07,0.0010627135029312436
2015-01-08,0.00205631101490949
2015-01-09,-0.0018739880892563547
2015-01-12,0.006599587484777394
2015-01-13,0.002415844233256863
2015-01-14,-0.0044728403108165735
2015-01-15,-0.001106842748877245
2015-01-16,-0.011524826109806671
2015-01-20,0.005090197789534895
2015-01-21,-0.009040839113418239
2015-01-22,0.0091842252926223
2015-01-23,0.002033246119143225
2015-01-26,-0.010225314215062134
2015-01-27,-0.013920904844940199
2015-01-28,0.018471962168393447
2015-01-29,0.008210133815856991
2015-01-30,-0.017069374399364817
2015-02-02,-0.01587370537051333
2015-02-03,-0.01162296240561788
2015-02-04,0.015166294903335162
2015-02-05,-0.004650777321554217
2015-02-06,0.0006332774097601744
2015-02-09,-0.011899024447542431
2015-02-10,0.017169204332358825
2015-02-11,0.009765290711283483
2015-02-12,0.0003009733403759726
2015-02-13,-0.015166379213891835
2015-02-17,-0.0012940035428018585
2015-02-18,0.007423605168741984
2015-02-19,0.003651980907454825
2015-02-20,0.008695843125748157
2015-02-23,0.0036446203366939617
2015-02-24,0.002219518042264141
2015-02-25,-0.0054949358824879675
2015-02-26,0.016118147269613792
2015-02-27,-0.0017094766744531135
2015-03-02,0.007082490429663974
2015-03-03,-0.008031855920733624
2015-03-04,-0.001949798469859509
2015-03-05,0.012208582501891461
2015-03-06,0.0024354603672982205
2015-03-09,0.011767401389863704
2015-03-10,-0.0016871989850048806
2015-03-11,-0.0025275725654069553
2015-03-12,0.013739431340243665
2015-03-13,0.0033071712962262976
2015-03-16,0.0009738849347903453
2015-03-17,0.0042160093391286416
2015-03-18,-0.016383861336025526
2015-03-19,0.01302520832166328
2015-03-20,-0.009184125810230296
2015-03-23,-0.0030465404752783296
2015-03-24,0.004396956707115621
2015-03-25,-0.024110673855633362
2015-03-26,-0.0025055939758506663
2015-03-27,0.007668763842804874
2015-03-30,-0.004239642226986012
2015-03-31,-1.7527927558790826e-05
2015-04-01,-0.006977612555422891
2015-04-02,-0.003752769298330912
2015-04-06,-0.013232654134723283
2015-04-07,-0.00047068285303317756
2015-04-08,0.00932079636267146
2015-04-09,-0.010727529468583666
2015-04-10,-2.626466222266919e-05
2015-04-13,0.006800199143202405
2015-04-14,-0.014421628670200935
2015-04-15,-0.02044748604864138
2015-04-16,0.007314767833716231
2015-04-17,-0.0009308028811672166
2015-04-20,0.0015066604208706607
2015-04-21,0.013785180135797935
2015-04-22,-0.0016064717681100863
2015-04-23,-0.0063808663433202765
2015-04-24,0.005001252245381782
2015-04-27,-0.004957790729241739
2015-04-28,-0.004954269189633307
2015-04-29,-0.010326661576753927
2015-04-30,-0.011116906686082404
2015-05-01,0.004620927764666524
2015-05-04,0.002823051028665519
2015-05-05,-0.0021321225752508697
2015-05-06,0.0010533032724968543
2015-05-07,0.00960073196820303
2015-05-08,-0.003018290958514592
2015-05-11,0.009092758144536209
2015-05-12,-0.004560647052975257
2015-05-13,0.00295815711546694
2015-05-14,0.01058389380848994
2015-05-15,-0.005716210206293007
2015-05-18,0.004759190678375112
2015-05-19,0.010400039356462332
2015-05-20,-0.004240813953178062
2015-05-21,-0.005231211064677062
2015-05-22,0.003684574597634569
2015-05-26,0.0004133227121059139
2015-05-27,0.008670352491318915
2015-05-28,0.003102055079283732
2015-05-29,0.0002117849989513345
2015-06-01,0.006318005386207049
2015-06-02,-0.009519955194120818
2015-06-03,0.00503915272927108
2015-06-04,0.001850376272260725
2015-06-05,-0.0027977003662175404
2015-06-08,-0.0016626011828425847
2015-06-09,0.0005400890431866023
2015-06-10,0.0004698315240920758
2015-06-11,0.0034611572750371205
2015-06-12,0.0020062405232990645
2015-06-15,0.0012160157244784288
2015-06-16,0.0008140911011647307
2015-06-17,-0.001720167703754109
2015-06-18,0.005340671475438649
2015-06-19,0.0027671123598390556
2015-06-22,0.00042570892837450825
2015-06-23,0.001243737649205052
2015-06-24,0.0013562509423292197
2015-06-25,0.006327058178860585
2015-06-26,-0.007939192666517306
2015-06-29,-0.0011100168319171642
2015-06-30,0.0036246300854282975
2015-07-01,0.008929153756991805
2015-07-02,-0.0018355757765067906
2015-07-06,0.008270049750812901
2015-07-07,-0.00287702036239299
2015-07-08,0.004096212314805348
2015-07-09,-0.0015573602422136036
2015-07-10,0.00982554152827998
2015-07-13,0.00609879273668563
2015-07-14,-0.0003508383647411163
2015-07-15,0.008763223099105622
2015-07-16,0.011806002495609756
2015-07-17,0.0153573220161252
2015-07-20,0.00627419902367755
2015-07-21,-0.0038325383728289824
2015-07-22,0.00940783060935064
2015-07-23,9.504526747779098e-06
2015-07-24,0.01520578531401348
2015-07-27,0.0015706527910089132
2015-07-28,-0.014176244006341439
2015-07-29,0.0002124651148318985
2015-07-30,-0.0030973141965784205
2015-07-31,0.009453160471354489
2015-08-03,0.010544174318885689
2015-08-04,0.0033608462096326322
2015-08-05,0.008072301455376196
2015-08-06,-0.010563473830770071
2015-08-07,0.006116958190132386
2015-08-10,-0.019371065261863538
2015-08-11,0.006275279465790028
2015-08-12,-0.006742352957767034
2015-08-13,0.013922038313024878
2015-08-14,0.005507322588002523
2015-08-17,6.590827689556222e-05
2015-08-18,0.005170261371934381
2015-08-19,0.00644598349342973
2015-08-20,-0.0035275294145978376
2015-08-21,-0.01159958581098075
2015-08-24,0.0019987133264364634
2015-08-25,0.009906788698076622
2015-08-26,0.014308219452418783
2015-08-27,-0.03366161804663127
2015-08-28,-0.009996824825349675
2015-08-31,-0.011987363235321447
2015-09-01,0.005281239797735399
2015-09-02,0.007346298885889166
2015-09-03,-0.0038787596086088424
2015-09-04,0.002816809722226189
2015-09-08,0.00012871686200975022
2015-09-09,0.0031986192234225493
2015-09-10,0.0010989929214713858
2015-09-11,0.007309632666069823
2015-09-14,-0.006652644458168472
2015-09-15,5.6309605061684924e-05
2015-09-16,-0.014458633996114283
2015-09-17,0.002770836447349705
2015-09-18,0.011424380576459637
2015-09-21,0.006695177479814683
2015-09-22,0.0017901784938877119
2015-09-23,0.013368076408581717
2015-09-24,-0.00044547763795785023
2015-09-25,-0.0028055954863572333
2015-09-28,-0.00030917793083992033
2015-09-29,-0.00551576367798136
2015-09-30,-0.0037137134733745887
2015-10-01,0.007813873836671406
2015-10-02,-0.022920957731501504
2015-10-05,-0.007892000131700837
2015-10-06,-0.018031591753361317
2015-10-07,-0.006041837721990391
2015-10-08,-0.009206653988939155
2015-10-09,0.004296829256621286
2015-10-12,0.017770497287486756
2015-10-13,0.0019405798052121496
2015-10-14,-0.013077034573529728
2015-10-15,0.0025540458459894512
2015-10-16,0.005464121730377914
2015-10-19,0.012540578109624488
2015-10-20,-0.005682244868270027
2015-10-21,-0.00015560973023355458
2015-10-22,0.006830576805241827
2015-10-23,0.0004235650169430966
2015-10-26,0.010567614719965673
2015-10-27,0.008159290568913262
2015-10-28,-0.006879503424913541
2015-10-29,0.002610378202597542
2015-10-30,0.0025254236041524583
2015-11-02,-0.008190453199044486
2015-11-03,-0.0073171505594924625
2015-11-04,0.007423130104100848
2015-11-05,0.010836361097280256
2015-11-06,0.003945504196324924
2015-11-09,-0.007889343913625377
2015-11-10,0.0019535600946609896
2015-11-11,0.008167850174721715
2015-11-12,0.005494577473493574
2015-11-13,-0.01280600538209155
2015-11-16,-0.005882386926347366
2015-11-17,0.007415479825338955
2015-11-18,-0.004109786868021353
2015-11-19,0.004404101786823976
2015-11-20,0.007377672070645334
2015-11-23,0.005475166222636461
2015-11-24,-0.009768387796490481
2015-11-25,0.000807643807556082
2015-11-27,0.005399845642900546
2015-11-30,-0.0022813200434827494
2015-12-01,-0.002494595677857967
2015-12-02,0.007262794984323348
2015-12-03,0.0016618038908711977
2015-12-04,0.01396023209868656
2015-12-07,-0.012499352278402003
2015-12-08,0.008581472410337063
2015-12-09,-0.015378117833174245
2015-12-10,-0.0061845051327864085
2015-12-11,-0.005196717041335127
2015-12-14,0.00891110550708256
2015-12-15,-2.0614608515680827e-05
2015-12-16,0.003878963916340734
2015-12-17,0.014383130269235524
2015-12-18,-0.005945491066948082
2015-12-21,0.0012367669220440373
2015-12-22,-0.006790608150486253
2015-12-23,-0.01858318702377814
2015-12-24,0.0006481669737661245
2015-12-28,0.007326839373277101
2015-12-29,0.0009584416495363006
2015-12-30,0.00676848329518628
2015-12-31,-0.006499922214603408
2016-01-04,0.0013844964705208523
2016-01-05,-0.0067240470491483515
2016-01-06,0.0010372727504725293
2016-01-07,0.004965140329639909
2016-01-08,-0.0014662715337109096
2016-01-11,0.003083441500277591
2016-01-12,0.004757310628256348
2016-01-13,-6.493175625271454e-05
2016-01-14,0.0006111058445277856
2016-01-15,0.0003367224672327568
2016-01-19,0.0006778296419531547
2016-01-20,0.00503846756260903
2016-01-21,-0.008943030351579485
2016-01-22,-0.016897205785502578
2016-01-25,0.005050847105783221
2016-01-26,-0.004598806250152607
2016-01-27,0.0035311858279769986
2016-01-28,-0.023507246024797514
2016-01-29,0.0012816687315606683
2016-02-01,0.00310990281705517
2016-02-02,0.007822313750316993
2016-02-03,0.0032585928247195195
2016-02-04,0.004566671030610603
2016-02-05,0.011043738443885686
2016-02-08,0.009263318593132843
2016-02-09,0.0029650073714416465
2016-02-10,-0.002550456323351625
2016-02-11,-0.00877092838403426
2016-02-12,-0.005878086604255978
2016-02-16,-0.0010714070164930737
2016-02-17,-0.0025289554706116276
2016-02-18,0.007901681685614512
2016-02-19,0.0025828696420733023
2016-02-22,-0.00534500453625691
2016-02-23,0.00604297689185166
2016-02-24,-0.0019907604673185574
2016-02-25,-0.0028809177506804043
2016-02-26,-0.0027353960831592453
2016-02-29,8.712855498589536e-05
2016-03-01,-0.000638206430741285
2016-03-02,-0.009669819583666257
2016-03-03,-0.005017110787204894
2016-03-04,-0.0035915416778372652
2016-03-07,0.0065301031864823484
2016-03-08,0.0055696682681380906
2016-03-09,-0.0012989413631552516
2016-03-10,0.004972773283591375
2016-03-11,-0.008526034257519799
2016-03-14,-0.005498233726009751
2016-03-15,-0.00350953622669337
2016-03-16,-0.009374410618774568
2016-03-17,-0.005908296468813074
2016-03-18,0.0031591243881930408
2016-03-21,0.0005247885779817128
2016-03-22,0.002238639431776747
2016-03-23,0.007222483403811861
2016-03-24,-0.0048385229664354755
2016-03-28,2.6699045059994266e-05
2016-03-29,0.004251641515195235
2016-03-30,-0.0024094792388919786
2016-03-31,-0.0032839617527332748
2016-04-01,0.002510887961263769
2016-04-04,0.006368671255926027
2016-04-05,-0.004819145764119284
2016-04-06,-0.003019088169623055
2016-04-07,-0.003267380773344158
2016-04-08,-0.0067238149083180725
2016-04-11,0.0008298477670442509
2016-04-12,-0.008842585124128215
2016-04-13,0.0002778677498868938
2016-04-14,-0.0031313063759469276
2016-04-15,0.001385329108889608
2016-04-18,-0.002078186226993265
2016-04-19,-0.009725455936756269
2016-04-20,-0.00559157221104648
2016-04-21,0.002199189107578674
2016-04-22,-0.0025319249636007075
2016-04-25,0.002252699013619393
2016-04-26,-0.0009545887037063908
2016-04-27,-0.004781778513930939
2016-04-28,-0.002034032340048461
2016-04-29,-0.005416111443645477
2016-05-02,0.0015329160392803924
2016-05-03,0.006873972225711223
2016-05-04,0.0024417392679920496
2016-05-05,-0.002482613145723977
2016-05-06,-0.002451479511194737
2016-05-09,0.0041355374115527276
2016-05-10,-0.0050997005023959915
2016-05-11,-0.007556982068157862
2016-05-12,-0.005137047450109368
2016-05-13,-0.0001138998916943839
2016-05-16,0.0017021195506248307
2016-05-17,-0.005310013333442823
2016-05-18,-0.00023883632796750588
2016-05-19,-0.0023603909996850374
2016-05-20,0.012352439187559851
2016-05-23,0.0028893828395409877
2016-05-24,0.001260342556188167
2016-05-25,0.003109411771962289
2016-05-26,0.003983521889476305
2016-05-27,0.0005966108627368325
2016-05-31,0.003331532620727068
2016-06-01,-0.0021347805225988416
2016-06-02,0.002732410645459156
2016-06-03,0.00752261933992833
2016-06-06,-0.004273997435679858
2016-06-07,-0.007926512525942288
2016-06-08,0.0006076433009871011
2016-06-09,-0.0012952478937108647
2016-06-10,3.094346176855482e-05
2016-06-13,0.002653699400349981
2016-06-14,0.00331554341514437
2016-06-15,0.0038124538692977817
2016-06-16,0.0045140379642976715
2016-06-17,-0.0026711004588152606
2016-06-20,-0.0008632138014799825
2016-06-21,-0.0024576017377251455
2016-06-22,-0.0035506679367586095
2016-06-23,0.0012532138964213727
2016-06-24,0.0024595911981570447
2016-06-27,0.0031330905441516663
2016-06-28,-0.0030013065981773016
2016-06-29,-0.002880693201812354
2016-06-30,0.00417772769138162
2016-07-01,-0.0009780094237154115
2016-07-05,-0.0016312812434882429
2016-07-06,0.006181363481130558
2016-07-07,-0.003879765273304612
2016-07-08,-0.001044830923223724
2016-07-11,0.00032355834715914507
2016-07-12,-0.0006699700400983316
2016-07-13,0.003804049057456653
2016-07-14,-0.0065452695606189595
2016-07-15,0.007194585633995004
2016-07-18,-0.0008592555316587958
2016-07-19,-0.008504296844419666
2016-07-20,-0.0005574529639071757
2016-07-21,0.0023875103263356367
2016-07-22,-0.00393521735323357
2016-07-25,-0.0032928688627798033
2016-07-26,0.0024492911757353535
2016-07-27,0.004233538303273348
2016-07-28,-0.00031028749182943256
2016-07-29,4.21345311148979e-05
2016-08-01,-0.00606485759336986
2016-08-02,0.01032150410910297
2016-08-03,-0.0021274168727815675
2016-08-04,0.0006921903754726282
2016-08-05,-0.00509387200488668
2016-08-08,0.003492267155654815
2016-08-09,0.004251005228481736
2016-08-10,0.0025781873431704014
2016-08-11,0.0017900245671997517
2016-08-12,-0.0022828967706443855
2016-08-15,0.0014056421502193074
2016-08-16,0.0010701533121018608
2016-08-17,0.004383925833387251
2016-08-18,0.006453208531639108
2016-08-19,-0.004458589851278233
2016-08-22,-0.0032653141254401557
2016-08-23,0.0008176051623311803
2016-08-24,-0.007965003713677388
2016-08-25,-0.0025601603549986946
2016-08-26,0.0010995801653260807
2016-08-29,0.0021650369422585203
2016-08-30,-0.00648744289044536
2016-08-31,-0.004873393786299068
2016-09-01,0.0042149638868260305
2016-09-02,0.00011975549270664753
2016-09-06,0.002909059921721348
2016-09-07,-0.0020872061203340356
2016-09-08,0.0037498285551154677
2016-09-09,-0.0051151871446992745
2016-09-12,0.005170734469071534
2016-09-13,-0.006960440924085918
2016-09-14,-0.0014196779239091983
2016-09-15,-0.0012744345726563367
2016-09-16,-0.0002452068946892738
2016-09-19,-0.0017765776544666192
2016-09-20,-0.0008084662911469184
2016-09-21,0.009231429380649147
2016-09-22,-3.40756459399006e-05
2016-09-23,-0.00513537636228365
2016-09-26,0.0027578097130372503
2016-09-27,-0.005906590751176387
2016-09-28,0.019684816591245363
2016-09-29,0.007431110140518957
2016-09-30,0.004021895778254116
2016-10-03,0.0002586737423511719
2016-10-04,-0.006264460074284394
2016-10-05,0.008209900627472799
2016-10-06,-0.008198088863043677
2016-10-07,-0.0011463033006311116
2016-10-10,0.0006187076834169014
2016-10-11,-0.00904845549724734
2016-10-12,0.00028581724215537545
2016-10-13,-0.007790763016445978
2016-10-14,-0.0020022306348458805
2016-10-17,-0.0010531513592282912
2016-10-18,0.0015782136856104757
2016-10-19,0.008752520527696537
2016-10-20,0.0011298051518232504
2016-10-21,-0.0006131185591675577
2016-10-24,-0.0017143889458751552
2016-10-25,-0.010561240262950739
2016-10-26,0.002764643745822729
2016-10-27,-0.003402525181988032
2016-10-28,-0.005008170008598735
2016-10-31,-0.0070851128651809574
2016-11-01,0.004319366046373988
2016-11-02,-0.00611883646209357
2016-11-03,0.009745698080975227
2016-11-04,-0.004949104584330968
2016-11-07,0.0012480657579439257
2016-11-08,0.004409785892647337
2016-11-09,0.006132835546260154
2016-11-10,0.0009200297489563973
2016-11-11,-0.008640199415909
2016-11-14,1.7658900829841046e-05
2016-11-15,0.013935032819907394
2016-11-16,-0.005292838228130019
2016-11-17,-0.009569302629372096
2016-11-18,0.0049080186921764265
2016-11-21,0.016092727849745993
2016-11-22,-0.002475131701002831
2016-11-23,0.008603801276812928
2016-11-25,-0.010005435042667007
2016-11-28,-0.007887573805062045
2016-11-29,-0.011572679278245913
2016-11-30,0.045015840562258935
2016-12-01,7.840433462124859e-05
2016-12-02,-0.0011487372852304904
2016-12-05,0.004808919826086001
2016-12-06,-0.004291086786176021
2016-12-07,-0.008695756091799144
2016-12-08,-0.0008465500662222018
2016-12-09,-0.0028418329345369355
2016-12-12,0.0034109596469638383
2016-12-13,-0.0003899225971175067
2016-12-14,-0.009521529099836286
2016-12-15,-0.004900151878721051
2016-12-16,0.0007283669868111569
2016-12-19,-0.0005708871232527122
2016-12-20,-0.001381190245361764
2016-12-21,0.0020700503765863102
2016-12-22,-0.005294619640938128
2016-12-23,-0.0017316291528824846
2016-12-27,0.0009933446868894572
2016-12-28,-0.004661406578765309
2016-12-29,-0.0044771256066890325
2016-12-30,-0.0009893548628850757
2017-01-03,-0.0027780829602974014
2017-01-04,-0.0051397375649766186
2017-01-05,0.0007875557307841796
2017-01-06,0.0001630906956032374
2017-01-09,-0.0038657498135512636
2017-01-10,-0.0055342788973748586
2017-01-11,0.01162084471104078
2017-01-12,-0.0016639369327340868
2017-01-13,0.0006977425774987785
2017-01-17,-0.0012536615746256816
2017-01-18,0.0009855722896432407
2017-01-19,0.0034712987389120603
2017-01-20,0.010843699746221121
2017-01-23,-0.005527079963215195
2017-01-24,0.009287155578826185
2017-01-25,0.00031962541324995696
2017-01-26,0.0001860382812962996
2017-01-27,0.0002977747177612503
2017-01-30,-0.007530977319958872
2017-01-31,-0.010565351173498242
2017-02-01,-0.004167092121418054
2017-02-02,-0.002065903433199907
2017-02-03,-0.0031691378666923965
2017-02-06,-0.001128900989161573
2017-02-07,-0.005303784132397898
2017-02-08,-0.0020785996973177604
2017-02-09,-0.0001964446966023813
2017-02-10,0.003305924368229753
2017-02-13,0.002255417426605046
2017-02-14,-0.005943613347222717
2017-02-15,-0.008883111407303745
2017-02-16,-0.0029989517652885544
2017-02-17,-0.001752260054663469
2017-02-21,-0.0037143246996592235
2017-02-22,-0.006525673410148093
2017-02-23,0.0015416863614183302
2017-02-24,-0.006608129297806713
2017-02-27,-0.0006536838475991692
2017-02-28,0.007637343166536398
2017-03-01,0.005632624491611117
2017-03-02,-0.009818750455058648
2017-03-03,0.002782840907607285
2017-03-06,0.004492012498828129
2017-03-07,-0.0009748112745844265
2017-03-08,-0.010115735741144778
2017-03-09,-0.0001023362024428839
2017-03-10,-0.0003237214486800856
2017-03-13,0.002391756673180897
2017-03-14,-0.005876945806965876
2017-03-15,0.0066201172545587925
2017-03-16,-0.0016218296650397969
2017-03-17,0.002934536957177511
2017-03-20,0.0029647124800248436
2017-03-21,-0.0040544212333664675
2017-03-22,0.0007071973700743134
2017-03-23,0.001559145439790826
2017-03-24,-0.00039239871017677776
2017-03-27,-0.001581054831006896
2017-03-28,0.005571456064634471
2017-03-29,0.0030375940399362047
2017-03-30,0.003805131684858533
2017-03-31,0.003699367071405941
2017-04-03,0.0011740752821562343
2017-04-04,0.007532732829300409
2017-04-05,-6.095181717878732e-05
2017-04-06,0.0016616722124198867
2017-04-07,-0.0006600952869740118
2017-04-10,0.0010464217516975645
2017-04-11,8.058810821852206e-05
2017-04-12,-0.0036044044210130455
2017-04-13,-0.004496797675221523
2017-04-17,0.0007558328509278439
2017-04-18,-0.001497613238027903
2017-04-19,-0.005474597736796192
2017-04-20,-0.002775991174561186
2017-04-21,0.0008717261140069311
2017-04-24,0.002037984437716242
2017-04-25,0.010025858681668753
2017-04-26,-0.0021278690906445866
2017-04-27,-0.008360606541173456
2017-04-28,-0.00018952492402764948
2017-05-01,-0.00020831868196250332
2017-05-02,0.0035165890326389797
2017-05-03,-0.0031856628650274383
2017-05-04,-0.007879734195007143
2017-05-05,0.0034419678895329753
2017-05-08,0.0025323509537610992
2017-05-09,0.0007231531896532672
2017-05-10,-0.0026403155047332342
2017-05-11,0.00021972895143034372
2017-05-12,0.0037877605229753282
2017-05-15,0.0030197312540299346
2017-05-16,0.005744014742799924
2017-05-17,-0.008193220269350432
2017-05-18,-0.003125296944739588
2017-05-19,0.0034441464224128884
2017-05-22,-0.002079660465336236
2017-05-23,0.0032722679536685492
2017-05-24,0.0003710584156865468
2017-05-25,-0.004039786396938588
2017-05-26,-6.845159462621104e-05
2017-05-30,-0.005426929766691327
2017-05-31,-0.0017465995789970822
2017-06-01,-0.0030957854498492214
2017-06-02,0.0010863780763591486
2017-06-05,0.0010734444718211579
2017-06-06,0.006208121460600308
2017-06-07,-0.0022438199192009196
2017-06-08,0.0009986107122383278
2017-06-09,-0.007459260317075358
2017-06-12,-0.00853851206542134
2017-06-13,0.00510817035461989
2017-06-14,-0.011043925549705853
2017-06-15,0.0006620318118030493
2017-06-16,0.007675519617429031
2017-06-19,0.002853597186280383
2017-06-20,-0.00518729004902755
2017-06-21,-0.0012173159628495345
2017-06-22,0.0002449952456165966
2017-06-23,0.0070303311017316465
2017-06-26,-0.0049861767405872835
2017-06-27,-0.0024678044914763406
2017-06-28,0.0004487120330955813
2017-06-29,0.001672327509180632
2017-06-30,0.0005811585228881575
2017-07-03,-0.0008210056856960542
2017-07-05,0.002899170130023057
2017-07-06,0.004457712383028467
2017-07-07,0.004816956321910958
2017-07-10,0.005711741878720728
2017-07-11,-7.39355120432713e-05
2017-07-12,-0.000597305685699439
2017-07-13,-0.0053083186898537985
2017-07-14,-0.0015424913653387072
2017-07-17,0.00046843924203102653
2017-07-18,0.006447556572966617
2017-07-19,0.000837094040567209
2017-07-20,-0.0016008861367284811
2017-07-21,0.001051800293043174
2017-07-24,0.004680939881493002
2017-07-25,0.0034392151296015615
2017-07-26,-0.0009480271177471331
2017-07-27,-0.009204896870425435
2017-07-28,-0.002106507001384953
2017-07-31,-0.00010062834809494066
2017-08-01,0.00043776115408893405
2017-08-02,-0.001878452824739652
2017-08-03,-0.001098381059729454
2017-08-04,-0.0022805482493982393
2017-08-07,-0.001770054038212719
2017-08-08,-0.002424589113652354
2017-08-09,-0.0024827335032059144
2017-08-10,0.002714462123474623
2017-08-11,0.0037938703524004807
2017-08-14,-0.002342498966875258
2017-08-15,0.004889356871339464
2017-08-16,0.0011500488510284334
2017-08-17,-0.005846339467389472
2017-08-18,0.002974164264587701
2017-08-21,0.0024371370904844574
2017-08-22,-0.0009991900556586863
2017-08-23,-0.002774140835116052
2017-08-24,0.005589646398419436
2017-08-25,-0.002558797373806109
2017-08-28,0.0025358885627397884
2017-08-29,-0.0002529472727351071
2017-08-30,0.0003858008459884109
2017-08-31,0.0013203186453067785
2017-09-01,-0.001927500391919798
2017-09-05,-0.009326230882002616
2017-09-06,-0.00540666647268244
2017-09-07,0.001703019606032453
2017-09-08,0.006129463880446881
2017-09-11,0.0050266958510767346
2017-09-12,-0.005538628105112313
2017-09-13,-0.00759289588433002
2017-09-14,-9.227897600463303e-05
2017-09-15,-0.003303427334542494
2017-09-18,0.004118078928839913
2017-09-19,0.005329172694872298
2017-09-20,-0.00024966044075253627
2017-09-21,-0.0009369190680736541
2017-09-22,0.0002716945473483079
2017-09-25,-0.00584542422789665
2017-09-26,-0.001327949055327867
2017-09-27,-0.0019163826444138995
2017-09-28,0.003754817301777111
2017-09-29,-0.0006613248986745758
2017-10-02,0.003021659274962419
2017-10-03,0.0010871149334545885
2017-10-04,2.663815877826049e-05
2017-10-05,0.0014756881254537214
2017-10-06,0.005505833380028992
2017-10-09,0.0019180855895092421
2017-10-10,-0.0019941276046258386
2017-10-11,0.000159490435801336
2017-10-12,0.0025463922077490187
2017-10-13,0.002427005713846663
2017-10-16,0.00262529374343552
2017-10-17,-0.0010356511616674237
2017-10-18,-0.0015824298296867815
2017-10-19,-0.001884928418099162
2017-10-20,-0.0023842427998555897
2017-10-23,0.0014424513602654225
2017-10-24,0.004293556013205688
2017-10-25,0.0009092320463614221
2017-10-26,0.004945018710038357
2017-10-27,0.005336857993893961
2017-10-30,0.0034346881363438914
2017-10-31,0.0017864274283696064
2017-11-01,0.0008259278504299593
2017-11-02,0.00671066535892496
2017-11-03,-0.0009486638958623918
2017-11-06,-0.00128235352205989
2017-11-07,-0.0031848775392086335
2017-11-08,-0.001210726557527918
2017-11-09,-0.010489459441428912
2017-11-10,-0.011381230285540235
2017-11-13,0.0077564338889115556
2017-11-14,0.006416408766904274
2017-11-15,0.0004560366031202019
2017-11-16,-0.006468734868248525
2017-11-17,-0.007445794685026436
2017-11-20,0.002074703841595886
2017-11-21,0.004007625092014801
2017-11-22,-0.005750126563026024
2017-11-24,0.0028670992170128197
2017-11-27,0.003167464331757158
2017-11-28,0.0012381468534681955
2017-11-29,-0.00733212772795315
2017-11-30,0.0028968765800070624
2017-12-01,-0.0026027748705502304
2017-12-04,-0.0090342919522981
2017-12-05,0.00707826841673625
2017-12-06,0.0032530127685566007
2017-12-07,0.0028452593554008153
2017-12-08,-0.000479817074783978
2017-12-11,-0.0013100101830116836
2017-12-12,0.001072234297731725
2017-12-13,0.00011047234410300038
2017-12-14,0.000946405199256754
2017-12-15,3.865966059003379e-05
2017-12-18,-0.00467056862260985
2017-12-19,-0.0004827624377842463
2017-12-20,0.00044178433085489163
2017-12-21,-0.0013120451598903316
2017-12-22,-0.002711270229722168
2017-12-26,-0.000647614447486152
2017-12-27,0.005233015299369567
2017-12-28,0.002204738407729808
2017-12-29,0.0005669700902044365
2018-01-02,-0.01013564914531579
2018-01-03,-0.007692492053720789
2018-01-04,0.002925847822175509
2018-01-05,-0.001428874817096354
2018-01-08,-0.004118067182333538
2018-01-09,0.004856160204063512
2018-01-10,0.005168468801200475
2018-01-11,-5.763489071541062e-05
2018-01-12,0.002953880618181398
2018-01-16,-0.0017613527818100398
2018-01-17,7.58386339509618e-05
2018-01-18,-0.0013955388302512725
2018-01-19,0.0043122584096226555
2018-01-22,0.0030659122964321094
2018-01-23,-0.004711936510949745
2018-01-24,0.005765678050025694
2018-01-25,0.0011763183448918356
2018-01-26,0.0008141063319990282
2018-01-29,-0.0007689769572241233
2018-01-30,-0.002739136000259638
2018-01-31,-0.0018039187465278576
2018-02-01,0.007581086891320395
2018-02-02,-0.0025221789517961887
2018-02-05,-0.004191779216731055
2018-02-06,-0.004112863106578474
2018-02-07,0.004727352035519265
2018-02-08,-0.0018802474143986127
2018-02-09,0.003803510738161029
2018-02-12,0.0022786305019810464
2018-02-13,0.0032199911409321945
2018-02-14,0.003448686193868038
2018-02-15,-0.0037979341304425576
2018-02-16,-0.005381772510175616
2018-02-20,0.0008140767375564589
2018-02-21,0.005404360263233027
2018-02-22,-0.0023421556672743593
2018-02-23,-6.795133938752778e-05
2018-02-26,-0.0013872572292133588
2018-02-27,0.0023547904457719817
2018-02-28,-0.003077845980068793
2018-03-01,-0.005132401504505667
2018-03-02,-0.003238600091306865
2018-03-05,-0.005597998750582725
2018-03-06,-0.0030869218428717093
2018-03-07,-0.0009376889287902894
2018-03-08,-0.000296438741943179
2018-03-09,0.0034648281253894546
2018-03-12,-0.006396093554771465
2018-03-13,0.00360690590333165
2018-03-14,-0.0021851367230967854
2018-03-15,0.002372908484374082
2018-03-16,0.0015792028182619676
2018-03-19,0.0026767396139643113
2018-03-20,0.007613811322842931
2018-03-21,-0.0013903142243743493
2018-03-22,-0.007297136839897932
2018-03-23,0.0010427984881469117
2018-03-26,0.0019025838213411216
2018-03-27,-0.002523780561491071
2018-03-28,-0.0006141898004521189
2018-03-29,0.0033123838488282363
2018-04-02,0.003868081313913186
2018-04-03,0.002144623119883675
2018-04-04,-0.005000697486247012
2018-04-05,0.005401083545303119
2018-04-06,-0.0021683529179112202
2018-04-09,0.00028466913607080315
2018-04-10,-0.0038933555270823676
2018-04-11,-0.005951424478140181
2018-04-12,0.002000403247346607
2018-04-13,-0.0038539778036494094
2018-04-16,-0.0006223830433942615
2018-04-17,-0.008840400109065793
2018-04-18,0.01018237822879061
2018-04-19,0.010936793758052068
2018-04-20,0.0020663997611284936
2018-04-23,-0.00046210823141200927
2018-04-24,0.004930981630115486
2018-04-25,-0.0037661754838797133
2018-04-26,0.0016381440015966774
2018-04-27,0.003546051440010374
2018-04-30,-0.0013857317295721794
2018-05-01,0.0007487056917622872
2018-05-02,-0.005056762368679135
2018-05-03,-0.001705674730532459
2018-05-04,-0.007133149189478779
2018-05-07,-0.0030930083349201298
2018-05-08,0.0011355769255890803
2018-05-09,-0.004327271290038248
2018-05-10,-0.0027671867423771316
2018-05-11,0.0038272531228026093
2018-05-14,0.001338784601288122
2018-05-15,0.003835559167235303
2018-05-16,0.0027539005305527303
2018-05-17,0.0072165632085266045
2018-05-18,0.004538852158937867
2018-05-21,-0.0029095713637799425
2018-05-22,-0.005741383391253247
2018-05-23,-0.00430164287631714
2018-05-24,-0.00150244039855742
2018-05-25,-0.00138843060445557
2018-05-29,-0.009942533113435372
2018-05-30,0.003129344427695974
2018-05-31,0.0011638402298650887
2018-06-01,0.002463573945444984
2018-06-04,0.004804541745701369
2018-06-05,0.002561177872848057
2018-06-06,0.004645913306935376
2018-06-07,-0.00010809331928008433
2018-06-08,-0.003173344197735973
2018-06-11,0.004724003773814478
2018-06-12,-0.0010210417085085477
2018-06-13,0.0001736345528000015
2018-06-14,-0.001327104528312971
2018-06-15,-0.00179297139660223
2018-06-18,0.00523707760957213
2018-06-19,-0.0075278522006622895
2018-06-20,-0.0016814852262390784
2018-06-21,-0.0005141435696277816
2018-06-22,-0.0011737570425271553
2018-06-25,-0.002381385871074458
2018-06-26,-0.0036211389630277126
2018-06-27,-0.0002648907145743389
2018-06-28,-0.00395514739629561
2018-06-29,0.001210534434601756
2018-07-02,0.0008714365620489665
2018-07-03,0.0019489323428143353
2018-07-05,-0.004347283446217585
2018-07-06,0.0012079885317106908
2018-07-09,0.007954996195110286
2018-07-10,-0.007511486699147723
2018-07-11,-0.0011878647131843686
2018-07-12,0.0010708574333355425
2018-07-13,-0.0002704924870895124
2018-07-16,-0.0016832615031397017
2018-07-17,0.0007869537976106411
2018-07-18,0.004186102367502526
2018-07-19,0.005451686071563784
2018-07-20,-0.0013961582288347669
2018-07-23,0.003986860493025886
2018-07-24,-0.005383133301643915
2018-07-25,-0.0014382494792675516
2018-07-26,0.004909212570268689
2018-07-27,-0.005882702769710362
2018-07-30,0.003435678555851062
2018-07-31,-0.0049700808629067235
2018-08-01,0.003136418547066732
2018-08-02,0.0018821285136554342
2018-08-03,-0.004477569803957805
2018-08-06,0.00032567829073879316
2018-08-07,-9.940644562386115e-05
2018-08-08,0.0034318687751909295
2018-08-09,0.0008928937324971691
2018-08-10,0.004061847926467123
2018-08-13,-0.001524149840688907
2018-08-14,0.007083818545515587
2018-08-15,-0.00237432569807488
2018-08-16,-0.0015577410155903607
2018-08-17,-0.0015915320539705861
2018-08-20,0.0047117316715364925
2018-08-21,0.00415160946171039
2018-08-22,0.005295502708507975
2018-08-23,0.005539387675054108
2018-08-24,-0.0013676310733286851
2018-08-27,-0.003977635263605316
2018-08-28,0.0026678787152149214
2018-08-29,0.0009042876616362884
2018-08-30,0.0006035211315399624
2018-08-31,0.0034028432190804274
2018-09-04,0.005373707521438198
2018-09-05,-0.0036261626267699906
2018-09-06,0.004205167103254109
2018-09-07,-0.0018442547863054637
2018-09-10,-0.00442516801670589
2018-09-11,0.0017840048556887389
2018-09-12,-0.0025999059926271927
2018-09-13,-0.0018860735969899382
2018-09-14,-0.0015467788499227404
2018-09-17,-0.0004966336130076965
2018-09-18,0.00020015839152709333
2018-09-19,0.002085391822468155
2018-09-20,-0.004939320294994664
2018-09-21,-7.082594094220912e-05
2018-09-24,0.0018623495975055614
2018-09-25,0.003310618350347021
2018-09-26,0.0037639402124043787
2018-09-27,-0.0007992198054398655
2018-09-28,0.004480557921046765
2018-10-01,-0.0003844149354256425
2018-10-02,-0.0026179678480738686
2018-10-03,-0.000384239960863837
2018-10-04,-0.001753131246314206
2018-10-05,-0.001039480143000235
2018-10-08,0.0027239668472970827
2018-10-09,0.002168939112525304
2018-10-10,0.003231104740488992
2018-10-11,-0.002082035895941961
2018-10-12,-4.4789578635823495e-06
2018-10-15,-0.0003266102819214918
2018-10-16,-0.0025456356452612044
2018-10-17,-0.009195838442432306
2018-10-18,0.007896279595450539
2018-10-19,-0.0049571566673968104
2018-10-22,-0.0011822692629507795
2018-10-23,-0.004134504759803568
2018-10-24,-4.2586458073455634e-05
2018-10-25,0.0005667508224738815
2018-10-26,0.009404953330034806
2018-10-29,0.008507646056145162
2018-10-30,0.0031107740647731263
2018-10-31,-0.015060207581867198
2018-11-01,-0.005118495697563646
2018-11-02,0.0048617731368090986
2018-11-05,0.001272201995542745
2018-11-06,0.0022075015000876507
2018-11-07,0.003206469192787682
2018-11-08,0.004454720753072773
2018-11-09,0.0046390742923861
2018-11-12,0.004063670240811321
2018-11-13,-0.003542641647571294
2018-11-14,-0.006150821578526928
2018-11-15,-0.012106136997041154
2018-11-16,-0.0009556831370185236
2018-11-19,0.0030870284201174225
2018-11-20,-0.010707241017217721
2018-11-21,0.0003948559063146396
2018-11-23,0.003068069295263012
2018-11-26,-0.0054728558674466896
2018-11-27,0.003971791599354075
2018-11-28,-0.00046420612556194354
2018-11-29,-0.0005739951159182523
2018-11-30,-0.0026748988845137576
2018-12-03,-0.002472576071983867
2018-12-04,0.008356884376863185
2018-12-06,-0.0002938450287032618
2018-12-07,6.457277304364249e-05
2018-12-10,-0.0037138987100017104
2018-12-11,-0.0013954164773481179
2018-12-12,0.001737051026700822
2018-12-13,-0.002572634451004221
2018-12-14,0.0001743188821611432
2018-12-17,0.0007397216898658254
2018-12-18,-0.0071020977486619796
2018-12-19,-0.005313722374791153
2018-12-20,-0.0042525979288179794
2018-12-21,0.005967307454807895
2018-12-24,0.0038505358727721046
2018-12-26,-0.003018516250521589
2018-12-27,-0.0020536051766394557
2018-12-28,-8.303273751806395e-05
2018-12-31,0.00023369162764978028
2019-01-02,-0.0071967117861521405
2019-01-03,0.009441845892367708
2019-01-04,-0.005958636501216544
2019-01-07,-0.0016863618630862812
2019-01-08,-0.00025177792746398
2019-01-09,0.0032966495604110735
2019-01-10,0.002254774344359929
2019-01-11,-0.0002951421108980548
2019-01-14,-0.00384698092759588
2019-01-15,-0.0010894485919750658
2019-01-16,-0.003898589967299172
2019-01-17,0.0047187556943174384
2019-01-18,-0.0010052108848266023
2019-01-22,0.0002049831876476298
2019-01-23,0.005013275236404569
2019-01-24,0.006032231671216863
2019-01-25,-0.006810438415756557
2019-01-28,0.00012686758914922557
2019-01-29,0.0032664400768960297
2019-01-30,-0.009366082302076624
2019-01-31,2.51039468940398e-05
2019-02-01,0.0016321673429107808
2019-02-04,-0.00011866575567909374
2019-02-05,-0.0006321523275764215
2019-02-06,0.004996770176992002
2019-02-07,0.004275956139628821
2019-02-08,-0.003495019665411556
2019-02-11,0.0033585660240308527
2019-02-12,-0.0013199664825734466
2019-02-13,0.0006130702579162868
2019-02-14,0.0027382986671712324
2019-02-15,0.0009978081942314564
2019-02-19,-0.0028667010145732473
2019-02-20,-0.0009961540206734846
2019-02-21,0.0010273508754780466
2019-02-22,0.005025953207655488
2019-02-25,-0.003983283416967241
2019-02-26,0.001130243313397437
2019-02-27,0.003101856058825714
2019-02-28,0.0004641516430050545
2019-03-01,-0.007258774109943512
2019-03-04,0.001987944798622809
2019-03-05,0.003575413499146239
2019-03-06,-5.204972542829071e-05
2019-03-07,-0.0033760261336700276
2019-03-08,-0.0014496586580890751
2019-03-11,-0.003256580706574095
2019-03-12,0.0009918363088232919
2019-03-13,-0.005580553754181308
2019-03-14,0.0010292960536792772
2019-03-15,0.007171671691389107
2019-03-18,-0.007256063011506049
2019-03-19,-0.0008759906792077882
2019-03-20,0.0013724809066026286
2019-03-21,-0.007864569777618428
2019-03-22,0.0022607488753043923
2019-03-25,0.00215250009276368
2019-03-26,0.0009896160664722574
2019-03-27,0.0027136315403331664
2019-03-28,-0.0008215639424640924
2019-03-29,0.0010632621523943547
2019-04-01,0.0007442887681914242
2019-04-02,0.0025629777331238543
2019-04-03,0.0041359837645352435
2019-04-04,-0.002028642255788948
2019-04-05,-0.0015851138038022335
2019-04-08,-0.0008992579614893668
2019-04-09,-0.0003916507647534422
2019-04-10,0.0030204977210251923
2019-04-11,0.0044656200297268685
2019-04-12,0.0010203786589337803
2019-04-15,4.3609543000973784e-05
2019-04-16,0.0015770249092205567
2019-04-17,-0.0004418895099130199
2019-04-18,-0.0002918329490958835
2019-04-22,-0.005618174681407957
2019-04-23,0.001179688077881564
2019-04-24,0.0027040566803306896
2019-04-25,0.0009010654352013495
2019-04-26,-0.00689484418976087
2019-04-29,-0.0012242875305097482
2019-04-30,-0.0050819059018496655
2019-05-01,-0.002271988877568311
2019-05-02,0.004972513254464949
2019-05-03,0.0018910039467550494
2019-05-06,-0.0078094415633054035
2019-05-07,-1.147991091910885e-05
2019-05-08,-0.0003848492273252414
2019-05-09,0.0034107582325717824
2019-05-10,-0.0014704508642214525
2019-05-13,-0.0029554341486738136
2019-05-14,-0.0002658771124904634
2019-05-15,0.0003537290885061899
2019-05-16,-0.0003391287313789727
2019-05-17,-0.003091088915728275
2019-05-20,-0.0026892725342708675
2019-05-21,-0.001616914089714132
2019-05-22,0.0035059618238871848
2019-05-23,-0.0020107387133544655
2019-05-24,-5.1785160892029076e-05
2019-05-28,0.006534542859196279
2019-05-29,-0.0023623815969555685
2019-05-30,0.008573765122935026
2019-05-31,-0.0025176170563584324
2019-06-03,-0.013565961862393594
2019-06-04,0.007875192780097332
2019-06-05,0.008781390180832882
2019-06-06,0.0019336105201128882
2019-06-07,0.004574281372082666
2019-06-10,-0.001060376535404721
2019-06-11,0.0008097461667090848
2019-06-12,0.00023176408068784172
2019-06-13,-0.007060886391649811
2019-06-14,0.004075991418438415
2019-06-17,-0.006071045314060872
2019-06-18,0.0013709608851565714
2019-06-19,-0.0028632888058749556
2019-06-20,-0.004315978029749745
2019-06-21,-0.010098210931915503
2019-06-24,0.008052415094828071
2019-06-25,-0.010842051793654562
2019-06-26,0.00034104727372619555
2019-06-27,0.002905093892212925
2019-06-28,0.000784329348388063
2019-07-01,0.00857961914683353
2019-07-02,0.004632680993890389
2019-07-03,0.002078493316457576
2019-07-05,0.000724211782060658
2019-07-08,0.0018697102407459183
2019-07-09,0.0029355494798167774
2019-07-10,-0.004218293541916716
2019-07-11,-0.0032891723851720335
2019-07-12,0.005414243013238253
2019-07-15,0.0033883187509670407
2019-07-16,0.0025790688148696604
2019-07-17,-0.003232827132181843
2019-07-18,0.0010678168076098979
2019-07-19,-0.006921285381859779
2019-07-22,-0.002008495316754882
2019-07-23,0.000555389402159676
2019-07-24,0.00630794114418222
2019-07-25,-0.0018945125288150533
2019-07-26,0.007836864629160603
2019-07-29,0.00033932539780440614
2019-07-30,-0.007040471837789015
2019-07-31,-0.007025088365674997
2019-08-01,-0.009173500402401783
2019-08-02,0.00015786197345256262
2019-08-05,-0.007689467304298654
2019-08-06,0.00812337997068093
2019-08-07,0.002661714972074285
2019-08-08,0.008144362780709926
2019-08-09,-0.0005581869093206891
2019-08-12,-0.00017563912614467262
2019-08-13,0.0044161562311053676
2019-08-14,-0.0014134552078830603
2019-08-15,0.0009292016211142628
2019-08-16,0.0012413019797877973
2019-08-19,-0.0029495566902499877
2019-08-20,-0.000995621713001415
2019-08-21,-0.0022767304771675245
2019-08-22,-0.0010825290522712952
2019-08-23,-0.0013574852838545467
2019-08-26,0.003355089318535305
2019-08-27,0.007063378553237915
2019-08-28,-0.0044617360826527275
2019-08-29,0.0016806319820682006
2019-08-30,-0.0015890039753290212
2019-09-03,-0.0021792724523635467
2019-09-04,0.0061921099523272495
2019-09-05,0.0006803785010821992
2019-09-06,-0.004704164877591299
2019-09-09,-0.006357241292332587
2019-09-10,-0.015309073208742866
2019-09-11,-0.0006742129231804383
2019-09-12,0.007463828167448775
2019-09-13,-0.003937402797992249
2019-09-16,-0.017655095089637352
2019-09-17,0.015048663212357106
2019-09-18,0.008385663510812295
2019-09-19,-0.005475692921779104
2019-09-20,-0.006388786261831187
2019-09-23,0.0028877184800493874
2019-09-24,-0.0002408197928918224
2019-09-25,0.007741623719153034
2019-09-26,0.004309896840342841
2019-09-27,-0.008099195391340304
2019-09-30,0.0026659253005468994
2019-10-01,0.0025306579313620794
2019-10-02,-0.0017836329008701721
2019-10-03,0.000571544315411206
2019-10-04,0.005020686748148393
2019-10-07,2.8601969183715033e-05
2019-10-08,-0.0022837412999736615
2019-10-09,0.005036705445738074
2019-10-10,0.00017032669748653765
2019-10-11,-0.0012733637802566377
2019-10-14,-0.00048163217611134915
2019-10-15,-0.0025047825055261102
2019-10-16,0.003436074646495043
2019-10-17,-0.003735877760411932
2019-10-18,-0.0006219918461149756
2019-10-21,-0.00438004294558712
2019-10-22,-0.02657396585681358
2019-10-23,-0.00929324255259349
2019-10-24,0.00871075810021834
2019-10-25,-0.001024910803725519
2019-10-28,0.00259374858121959
2019-10-29,-0.00532949528103832
2019-10-30,0.009756525802733349
2019-10-31,-0.00041787540862465045
2019-11-01,-0.010309019275944123
2019-11-04,-0.007521694142339471
2019-11-05,-0.0008386696560328131
2019-11-06,0.008829911205095724
2019-11-07,-0.004255798706120184
2019-11-08,-0.006679777474109672
2019-11-11,0.0027405101536335658
2019-11-12,0.0009387303326885434
2019-11-13,0.00362444495991382
2019-11-14,0.005822819765182609
2019-11-15,-0.00750229382049629
2019-11-18,0.007243263472148541
2019-11-19,-0.0002775947244194893
2019-11-20,-0.009691533528398149
2019-11-21,-0.008558597707620746
2019-11-22,-0.004135391384713933
2019-11-25,0.0005878192413860609
2019-11-26,0.0024561211087471557
2019-11-27,0.0003719854669340292
2019-11-29,0.0006462558315974308
2019-12-02,-0.00657710267600264
2019-12-03,0.00023779573544217196
2019-12-04,-0.0053058138567782295
2019-12-05,0.0038638486798270805
2019-12-06,-0.007758593961289505
2019-12-09,-0.004025553056311155
2019-12-10,0.0005699051434406757
2019-12-11,0.002146828930534437
2019-12-12,0.00013428435227639304
2019-12-13,0.0016443644746051368
2019-12-16,0.00022985393090501515
2019-12-17,0.003492797358165426
2019-12-18,0.004449038399304266
2019-12-19,0.0022359127511715187
2019-12-20,0.0024067631923293544
2019-12-23,-0.005462837154896339
2019-12-24,0.0005937905355200323
2019-12-26,0.004055137126381377
2019-12-27,-0.0011656205928306284
2019-12-30,-0.0026877646893161797
2019-12-31,-0.0005608811995573705
2020-01-02,0.007741269473319801
2020-01-03,-0.004799470970404124
2020-01-06,-0.007566888493499359
2020-01-07,8.8891165957379e-05
2020-01-08,0.0023193963622738243
2020-01-09,-0.002093915731497278
2020-01-10,-0.0034327555554784384
2020-01-13,0.0036827880770450433
2020-01-14,-0.00403164435352651
2020-01-15,0.0014121754303905844
2020-01-16,0.0049216672113805435
2020-01-17,0.006502293799442149
2020-01-21,0.0028494931526360278
2020-01-22,0.0029778204957691214
2020-01-23,0.008560233917061913
2020-01-24,-0.002046992578615793
2020-01-27,-0.0032320863071033648
2020-01-28,0.006368027850765641
2020-01-29,0.0039219823994111015
2020-01-30,-8.622722006119908e-05
2020-01-31,-0.0016208917690011516
2020-02-03,0.0004412138711186721
2020-02-04,0.006589792713396146
2020-02-05,-0.009875885296633502
2020-02-06,0.0016564180029737913
2020-02-07,-0.0036851578114787216
2020-02-10,0.005333547638029492
2020-02-11,-0.0020438015679469226
2020-02-12,-0.0013391868750714203
2020-02-13,0.0034305638281230022
2020-02-14,0.0042407085519037754
2020-02-18,-0.0006370695069330854
2020-02-19,0.0018621704851074887
2020-02-20,-0.0019577253226029895
2020-02-21,-0.005613203711293413
2020-02-24,-4.421186075783844e-05
2020-02-25,0.003467501240600993
2020-02-26,0.00831484790904395
2020-02-27,-0.005656065842104478
2020-02-28,-5.257225750965264e-05
2020-03-02,0.0036641041186826094
2020-03-03,0.002710037951518496
2020-03-04,0.010420447809853106
2020-03-05,0.0014021216959531181
2020-03-06,0.008644681218586876
2020-03-09,0.04284313659729984
2020-03-10,-0.005277574194070356
2020-03-11,0.003257767483513926
2020-03-12,-0.0037574937152127013
2020-03-13,-0.000767208629632527
2020-03-16,-0.016419155806576453
2020-03-17,0.03404515557893571
2020-03-18,0.012814858563861477
2020-03-19,-0.0033428669449870846
2020-03-20,-0.007844390313254191
2020-03-23,0.020069741675050087
2020-03-24,-0.023213955825950455
2020-03-25,-0.028513737807688032
2020-03-26,0.015625615704600065
2020-03-27,0.01629975241303006
2020-03-30,0.020236359684087723
2020-03-31,-0.014671687353793256
2020-04-01,0.005944260769550661
2020-04-02,-0.020654706859209747
2020-04-03,-0.0011653096710489536
2020-04-06,0.008129902053838779
2020-04-07,-0.006478451947867289
2020-04-08,-0.013078099209405213
2020-04-09,-0.008190305239953144
2020-04-13,0.01522606635845061
2020-04-14,0.017812275224641624
2020-04-15,0.013510827784904948
2020-04-16,0.033094047587304304
2020-04-17,-0.04078736110696888
2020-04-20,0.008654345174866398
2020-04-21,-0.00579060323912637
2020-04-22,0.0068084127090708236
2020-04-23,-0.018313974443911304
2020-04-24,0.012903249502435014
2020-04-27,-0.0034529579107932798
2020-04-28,-0.02193676949003683
2020-04-29,-0.028078535394941935
2020-04-30,0.00612800055677361
2020-05-01,0.008767241890485618
2020-05-04,0.0028891345688690775
2020-05-05,0.015045825861569457
2020-05-06,0.02213915711861073
2020-05-07,-0.016391165600617003
2020-05-08,-0.020592918662014254
2020-05-11,0.01815161919576597
2020-05-12,0.001977068232055519
2020-05-13,0.019051225102866796
2020-05-14,0.0022312195505439837
2020-05-15,0.0016181956794332675
2020-05-18,-0.04100659723319959
2020-05-19,0.01210902797008107
2020-05-20,-0.014369893545437372
2020-05-21,-0.0066988221820275225
2020-05-22,0.00910207183120308
2020-05-26,-0.029749162260240013
2020-05-27,-0.0055739400854022784
2020-05-28,0.013224560530639114
2020-05-29,0.019723899534838076
2020-06-01,-0.022260999937267493
2020-06-02,-0.003323000874106232
2020-06-03,-0.032040484098414604
2020-06-04,-0.02635170388686523
2020-06-05,-0.040340030594585644
2020-06-08,-0.037659563544018754
2020-06-09,0.024248029954897044
2020-06-10,0.03829453848431343
2020-06-11,0.03226465289263282
2020-06-12,-0.03366682173160702
2020-06-15,0.0013734656972626915
2020-06-16,0.003476339738766368
2020-06-17,0.017077090671881887
2020-06-18,-0.002524693221087005
2020-06-19,0.012918881204547813
2020-06-22,0.0043550350041722955
2020-06-23,-0.0010085876003574608
2020-06-24,0.025254803873119194
2020-06-25,-0.008948521044515092
2020-06-26,0.018455181599141612
2020-06-29,-0.016812396995620624
2020-06-30,0.011762325725398854
2020-07-01,0.014525704602803632
2020-07-02,-0.001576542565232137
2020-07-06,-0.005664269352802863
2020-07-07,0.015374738336520468
2020-07-08,0.0009577519461676808
2020-07-09,0.02388232856380222
2020-07-10,-0.027707731623949648
2020-07-13,-0.004442089992464429
2020-07-14,0.003783431969835535
2020-07-15,-0.025221626328909452
2020-07-16,0.008522857780761063
2020-07-17,0.01622480939780951
2020-07-20,0.013781563260215094
2020-07-21,-0.02214395477126389
2020-07-22,0.0095776299041806
2020-07-23,-0.008875255752583194
2020-07-24,0.0020591641715547206
2020-07-27,0.01618044106472622
2020-07-28,-0.007499212084692363
2020-07-29,0.005208139262600869
2020-07-30,0.02366506159222337
2020-07-31,0.0023495440138781598
2020-08-03,0.0007881272990602278
2020-08-04,0.0014158413440686838
2020-08-05,-0.010148802435994007
2020-08-06,-0.005517243798782667
2020-08-07,-0.0068241599348416605
2020-08-10,-0.023306387135716984
2020-08-11,-0.013268864885807717
2020-08-12,0.01766223761632857
2020-08-13,0.004055196417957068
2020-08-14,-0.0034686109713751114
2020-08-17,0.015881799517559272
2020-08-18,0.007389840896166235
2020-08-19,0.003215370359265707
2020-08-20,0.004682209047189762
2020-08-21,0.007938902277227424
2020-08-24,-0.029744492288922734
2020-08-25,0.007416279332790465
2020-08-26,0.014738698032469669
2020-08-27,-0.013600393523145604
2020-08-28,-0.006398142266196456
2020-08-31,0.015081914804300696
2020-09-01,0.004740504145060962
2020-09-02,0.002353579263709162
2020-09-03,-0.01307277374447764
2020-09-04,-0.00807786112201292
2020-09-08,0.0051770210416268655
2020-09-09,0.01621480694952944
2020-09-10,0.003939885028713968
2020-09-11,0.0023631299914275215
2020-09-14,0.0009744460523233589
2020-09-15,0.006507432917756337
2020-09-16,-0.02119831509767733
2020-09-17,-0.0010912611307506387
2020-09-18,0.0070800258376725175
2020-09-21,0.015884982278297717
2020-09-22,0.003827234364265633
2020-09-23,0.007030025012446503
2020-09-24,0.0021878678091049033
2020-09-25,0.0013501504328117127
2020-09-28,-0.009789593230527001
2020-09-29,0.011888247106968328
2020-09-30,-0.003096076952476772
2020-10-01,0.00044166702768680383
2020-10-02,-0.01036664275868406
2020-10-05,-0.0018368220124893677
2020-10-06,0.0037652391648596625
2020-10-07,0.0014783166720720008
2020-10-08,-0.014518751138664703
2020-10-09,0.012018657026501916
2020-10-12,-0.0036451621820375074
2020-10-13,0.014544070775874721
2020-10-14,0.0037570375110735745
2020-10-15,0.0006616826264372868
2020-10-16,0.005476279749531583
2020-10-19,-0.003120475845629621
2020-10-20,-0.012516135073805569
2020-10-21,0.0003605120762141878
2020-10-22,-0.011035605480361744
2020-10-23,0.00676516315098961
2020-10-26,0.009712589685681089
2020-10-27,0.00858912380652013
2020-10-28,0.003979228403684244
2020-10-29,-0.01358817516373697
2020-10-30,-0.002913670675013938
2020-11-02,-0.0017326116337623965
2020-11-03,0.005801173582324893
2020-11-04,0.03346386776004465
2020-11-05,-0.011159123742583706
2020-11-06,0.004694451612332424
2020-11-09,-0.09037849368374472
2020-11-10,-0.004211582727532234
2020-11-11,0.013646852987344959
2020-11-12,0.01551040193463981
2020-11-13,-0.015463500086799916
2020-11-16,-0.022157394912211043
2020-11-17,-0.002951443868078941
2020-11-18,-0.0011522105145387817
2020-11-19,-0.004780383001301623
2020-11-20,0.00508984924945251
2020-11-23,-0.023456433470924964
2020-11-24,-0.03025285560576404
2020-11-25,0.004515301204427643
2020-11-27,0.007810729200492022
2020-11-30,0.022072858299739605
2020-12-01,-0.0016577944958838485
2020-12-02,-0.016770289539760046
2020-12-03,-0.009456179265070475
2020-12-04,-0.0049301188749527455
2020-12-07,0.005567232843221818
2020-12-08,-0.0030043906376109653
2020-12-09,-0.005801498098959505
2020-12-10,-0.012356681560480205
2020-12-11,0.0068630389412804
2020-12-14,0.016670509576566517
2020-12-15,-0.003469218666466096
2020-12-16,0.007713613882124391
2020-12-17,0.007536955696416962
2020-12-18,0.011010994101929345
2020-12-21,-0.001170740353389637
2020-12-22,0.0089526591463271
2020-12-23,-0.015843603359369886
2020-12-24,0.008636064962806904
2020-12-28,0.000787221670718538
2020-12-29,0.0003603933508907254
2020-12-30,0.00012542879653642636
2020-12-31,0.0073501092298374334
2021-01-04,-0.0008596099534658479
2021-01-05,-0.016850123938917824
2021-01-06,-0.008584248388423242
2021-01-07,0.005564274234697501
2021-01-08,0.0044024764842786395
2021-01-11,-2.4279196128695955e-05
2021-01-12,-0.017014710510288838
2021-01-13,-0.007997518195343185
2021-01-14,-0.02425822546320922
2021-01-15,0.017616659882304896
2021-01-19,-0.001640215953128776
2021-01-20,0.0035048017687352505
2021-01-21,0.008465465880969083
2021-01-22,-0.0020119930074330417
2021-01-25,0.005713435324679683
2021-01-27,-0.016389731310260777
2021-01-28,0.0017319450687352377
2021-01-29,0.006546749491483602
2021-02-01,0.00503314386251709
2021-02-02,0.00528373050196714
2021-02-03,-0.0219323984674203
2021-02-04,-0.006598230840761029
2021-02-05,0.0003408536231413505
2021-02-08,-0.0070658593658054275
2021-02-09,0.005989165039297679
2021-02-10,-0.0007667915474945865
2021-02-11,0.011035119147797817
2021-02-12,-0.00397761053239803
2021-02-16,-0.011066970579530065
2021-02-17,-0.010562542906411673
2021-02-18,0.007628175431834179
2021-02-19,-0.006648597555777049
2021-02-22,-0.01785879706379402
2021-02-23,-0.0014820391510934636
2021-02-24,-0.003707037723866466
2021-02-25,-0.0054961611315528834
2021-02-26,0.01039576493742407
2021-03-01,0.005847685929958399
2021-03-02,-0.008920615508945514
2021-03-03,-0.014803780670371202
2021-03-04,-0.009305973369274067
2021-03-05,0.0012508433075511304
2021-03-08,-0.01681005729901056
2021-03-09,0.01470286493742712
2021-03-10,-0.0073291229090605555
2021-03-11,0.010585462317642286
2021-03-12,-0.008264876240076038
2021-03-15,0.005506208741917113
2021-03-16,0.004043384326794243
2021-03-17,0.00024194465700347025
2021-03-18,-0.00027239521622597607
2021-03-19,-0.002400568418028449
2021-03-22,0.0026514052860535484
2021-03-23,-0.0014153200488531705
2021-03-24,-0.004390267543044681
2021-03-25,8.01843884169695e-05
2021-03-26,-0.0018984399823752949
2021-03-29,-0.004152604177789173
2021-03-30,0.0032871442592638913
2021-03-31,0.004003129313138479
2021-04-01,0.0027676317700355323
2021-04-05,0.0010329972096628556
2021-04-06,-0.0014829359776372321
2021-04-07,0.0003007160891477738
2021-04-08,0.004206890044630714
2021-04-09,0.0003927665382425412
2021-04-12,0.0026575875946190635
2021-04-13,0.003794565288202154
2021-04-14,-0.005533963625536597
2021-04-15,0.001514516517251049
2021-04-16,0.0002883232607093117
2021-04-19,-0.002393691084944351
2021-04-20,-0.009386575628304394
2021-04-21,0.005101673603338788
2021-04-22,-0.0036194659999298716
2021-04-23,0.00609727769825249
2021-04-26,0.007138707990138261
2021-04-27,0.0003620273026424496
2021-04-28,-0.0018208480076927487
2021-04-29,-0.007285817817587907
2021-04-30,0.0035688129301534506
2021-05-03,-0.005301279697431036
2021-05-04,-0.00508869215527334
2021-05-05,-0.002045879468610786
2021-05-06,-0.005091411737540805
2021-05-07,0.007616597820829855
2021-05-10,-0.005958427135855528
2021-05-11,-0.0009164207846520624
2021-05-12,-0.007438127457063029
2021-05-13,-0.0015427612717010112
2021-05-14,0.011263796367710592
2021-05-17,0.0008405337196630204
2021-05-18,0.0025844327561509134
2021-05-19,-0.003822047555688763
2021-05-20,-0.0027416617347067957
2021-05-21,0.00030574051036951025
2021-05-24,0.00824371461340432
2021-05-25,0.004574384599253207
2021-05-26,0.0066113370225313215
2021-05-27,0.004928909866932076
2021-05-28,-0.0009292944364095591
2021-06-01,0.008556454111517444
2021-06-02,-0.00562268420227697
2021-06-03,-0.011811366446781187
2021-06-04,-0.001798386189142217
2021-06-07,0.0007992814060309235
2021-06-08,0.00245663103147539
2021-06-09,-0.009294618112198262
2021-06-10,-0.007896918146315778
2021-06-11,0.005148839091584674
2021-06-14,-0.0016386348629823778
2021-06-15,-0.003643991639850816
2021-06-16,0.00532368307438677
2021-06-17,-0.010053926164953242
2021-06-18,0.002405609525322249
2021-06-21,0.003927423006686988
2021-06-22,-0.0012921395986896823
2021-06-23,0.0056551461715558535
2021-06-24,0.002159202675999654
2021-06-25,-0.0029088245415998474
2021-06-28,-0.01104206641267552
2021-06-29,0.0007086223289483137
2021-06-30,0.00259440456311853
2021-07-01,0.0005294880492403393
2021-07-02,-0.0008743363993724239
2021-07-06,-0.007700919174327672
2021-07-07,-0.009672340599036612
2021-07-08,-0.0021506683520863853
2021-07-09,0.009911465209985539
2021-07-12,0.002760167944708863
2021-07-13,-0.010857201875904854
2021-07-14,-0.003067732850422379
2021-07-15,-0.006374327550093733
2021-07-16,-0.014834962697175713
2021-07-19,-0.013245740779670357
2021-07-20,0.015505175578480088
2021-07-21,0.014367937646468598
2021-07-22,-0.002764345038402602
2021-07-23,-0.0034181167658948407
2021-07-26,0.010893256659408927
2021-07-27,-0.0075139611251406856
2021-07-28,0.004425570197720021
2021-07-29,-0.002091938233046898
2021-07-30,-0.012102045517004436
2021-08-02,0.17246534716358408
2021-08-03,-0.01815845737234692
2021-08-04,-0.002186892105845847
2021-08-05,0.011368348416712786
2021-08-06,0.0033546377405007876
2021-08-09,-0.004144706902948178
2021-08-10,0.006687899415526457
2021-08-11,0.0023457002945238476
2021-08-12,-0.0009806316789589405
2021-08-13,-0.007882865679067352
2021-08-16,-0.007028762962257199
2021-08-17,-0.01124962720851665
2021-08-18,0.0034031248081227575
2021-08-19,-0.007441969363667912
2021-08-20,-8.478751415966581e-05
2021-08-23,0.01058532296641072
2021-08-24,0.012332017706147802
2021-08-25,0.005464318364753533
2021-08-26,-0.003799941871804117
2021-08-27,0.008988096735901447
2021-08-30,-0.0040082172963525
2021-08-31,0.005192059279418159
2021-09-01,-0.006495747998634132
2021-09-02,0.0010472686853065824
2021-09-03,-0.004177550984676694
2021-09-07,0.007459166628894441
2021-09-08,-0.007632391363655438
2021-09-09,0.00965572776986974
2021-09-10,-0.010063681239172102
2021-09-13,0.009178389325335046
2021-09-14,-0.0023884850235036366
2021-09-15,0.0062754755256498275
2021-09-16,0.0016916061753115066
2021-09-17,0.0006134248434737738
2021-09-20,-0.0022664809710977564
2021-09-21,-0.00021425270842817437
2021-09-22,0.010020503789461104
2021-09-23,0.006147123574746842
2021-09-24,0.008709143759675655
2021-09-27,0.007617313289941378
2021-09-28,-0.0032593463737189687
2021-09-29,-0.0023058865081900227
2021-09-30,-0.005249450699358049
2021-10-01,0.009432090623831246
2021-10-04,-0.002752009152136982
2021-10-05,0.0006452560987560362
2021-10-06,-0.005212795846716521
2021-10-07,-0.0012010115289420472
2021-10-08,-0.003678802144380788
2021-10-11,0.002800858351460192
2021-10-12,-0.00045378762123703424
2021-10-13,-0.008397709434400246
2021-10-14,-0.0029256811762925225
2021-10-15,0.003744087854102465
2021-10-18,0.007378323844939659
2021-10-19,-0.007547416349293759
2021-10-20,-0.007838999848243771
2021-10-21,-0.0015083791038315775
2021-10-22,-0.0028497315548981755
2021-10-25,0.0038521432244057203
2021-10-26,-0.00740425510671473
2021-10-27,0.000886433673144529
2021-10-28,-0.0033190002176842833
2021-10-29,0.0006481595633720889
2021-11-01,0.008820113671636475
2021-11-02,0.0019930773923355935
2021-11-03,0.005466900875603452
2021-11-04,-0.010965937292145367
2021-11-05,0.017857126659558673
2021-11-08,-0.005676681542428351
2021-11-09,-0.004795161572962687
2021-11-10,-0.0072415400978055235
2021-11-11,-0.0036358324157941373
2021-11-12,-0.008038367968153532
2021-11-15,0.0015954094323439023
2021-11-16,-0.007900718988883995
2021-11-17,0.00597057670857502
2021-11-18,-0.0022146238015789176
2021-11-19,-0.005640070367650502
2021-11-22,0.00512272241830712
2021-11-23,9.531606869341055e-05
2021-11-24,-0.0010491698176373116
2021-11-26,-0.020034027959525136
2021-11-29,-0.08275839227661412
2021-11-30,0.0017057269686939392
2021-12-01,-0.0167258515606342
2021-12-02,0.007653280321706936
2021-12-03,-0.013307599876843637
2021-12-06,0.011845713109341082
2021-12-07,-7.661425953913206e-05
2021-12-08,0.006301231697037515
2021-12-09,-0.0014596472726123178
2021-12-10,-0.0005950017408735635
2021-12-13,-0.011285840762934792
2021-12-14,-0.0032483537533746876
2021-12-15,-0.007434423648068265
2021-12-16,-0.008744834881346556
2021-12-17,0.004162507517334835
2021-12-20,-0.0011518061480221176
2021-12-21,0.007747980675085814
2021-12-22,-0.00021564117554068543
2021-12-23,-0.00048809490120289893
2021-12-27,-0.0003182867929634964
2021-12-28,0.002721141001318536
2021-12-29,-0.004527776447479988
2021-12-30,-0.0005570930701905412
2021-12-31,-0.0005764134065862256
2022-01-03,0.01218336117388043
2022-01-04,0.012436238187725882
2022-01-05,-0.002218696818489874
2022-01-06,-0.00015556681498338364
2022-01-07,0.014302209699385582
2022-01-10,-0.00044817364549633234
2022-01-11,0.0038126437236626187
2022-01-12,0.0021901806924448093
2022-01-13,0.011314197511779178
2022-01-14,-0.0082457506215674
2022-01-18,0.0011378756097913524
2022-01-19,-0.005161093282295583
2022-01-20,-6.839580946825595e-05
2022-01-21,0.008467660947686426
2022-01-24,-0.00324465506391892
2022-01-25,0.015686096381081656
2022-01-26,-0.0022816338757557105
2022-01-27,-0.004006286111118872
2022-01-28,-0.011803619559289356
2022-01-31,-0.0044906755684407515
2022-02-01,0.00737976928468247
2022-02-02,-0.0032506663202067744
2022-02-03,0.012042181411323618
2022-02-04,0.0028964088839295433
2022-02-07,0.016204639192167573
2022-02-08,0.0023858628765196085
2022-02-09,-0.0097442613822617
2022-02-10,0.008642542582287372
2022-02-11,0.01021511513425865
2022-02-14,-0.011539505696876964
2022-02-15,0.0028486048007610033
2022-02-16,-0.000887599668981875
2022-02-17,0.007425510087069509
2022-02-18,-0.006782444754600873
2022-02-22,-0.004822981582545754
2022-02-23,0.0032949290476710327
2022-02-24,-0.00972255856877324
2022-02-25,0.00990295056787171
2022-02-28,0.006292575911664144
2022-03-01,-0.0034911477191087114
2022-03-02,-0.005116759264661708
2022-03-03,-0.0030872685530171353
2022-03-04,-0.009911236776506283
2022-03-07,-0.003144167851278909
2022-03-08,0.013474992843412562
2022-03-09,-0.0008157356012217085
2022-03-10,0.004035789442968868
2022-03-11,0.006025169222195226
2022-03-14,0.01091333871941139
2022-03-15,-0.006773393028151971
2022-03-16,-0.0037020424194197103
2022-03-17,0.0008669014944661509
2022-03-18,-0.010698267504920854
2022-03-21,-0.0012013217982063203
2022-03-22,-0.00031807343055367647
2022-03-23,0.001176609163199704
2022-03-24,-0.01127325841754448
2022-03-25,-0.0016452179989548915
2022-03-28,-0.011472908454768097
2022-03-29,0.0001294998952337755
2022-03-30,0.0020749823226611248
2022-03-31,-0.004698114261956043
2022-04-01,0.0028575312194957436
2022-04-04,-0.009009187144806292
2022-04-05,0.0027505358510746198
2022-04-06,0.0066532272703771515
2022-04-07,0.001150801484730754
2022-04-08,0.01454115189299142
2022-04-11,0.0077850339324042304
2022-04-12,0.0026005611516276544
2022-04-13,0.0005301983919868984
2022-04-14,0.013567850620285284
2022-04-18,-0.0032281791641756577
2022-04-19,-0.0056710504456149
2022-04-20,0.018961360019076258
2022-04-21,0.0016629385644206201
2022-04-22,0.006231963215722408
2022-04-25,-0.003988893878633587
2022-04-26,0.0009621311220251066
2022-04-27,0.00023938809623746222
2022-04-28,-0.014040360013215169
2022-04-29,0.004594504936570672
2022-05-02,-0.009661001096892082
2022-05-03,0.01344061437402901
2022-05-04,-0.0033017428079281947
2022-05-05,0.005020825991210388
2022-05-06,-0.00250713746699863
2022-05-09,-0.0017087412665124303
2022-05-10,-0.008958607190048852
2022-05-11,0.005945212781612793
2022-05-12,-0.006354095983976958
2022-05-13,-0.010246066755685198
2022-05-16,0.010564950016706463
2022-05-17,0.0033699603571568444
2022-05-18,0.010073477751981669
2022-05-19,-0.003421529692747787
2022-05-20,-0.00415441630491704
2022-05-23,0.010709857413040338
2022-05-24,0.006782935547627324
2022-05-25,-0.009805769060666231
2022-05-26,0.0014671312175126511
2022-05-27,-0.008130003466126244
2022-05-31,-0.006944639937349412
2022-06-01,0.00279709067957398
2022-06-02,-0.021321983564664058
2022-06-03,0.011890069992907887
2022-06-06,0.00208449473709168
2022-06-07,0.003618906625574287
2022-06-08,-0.0034304939412448015
2022-06-09,-0.010206141797418713
2022-06-10,0.0046222943947155214
2022-06-13,-0.0017532969497486962
2022-06-14,0.009691694280964808
2022-06-15,-0.011166673085843449
2022-06-16,0.0026881835395942953
2022-06-17,-0.006015158843443963
2022-06-21,-0.00460604218957377
2022-06-22,-0.0057643633651534255
2022-06-23,-0.012981237789534602
2022-06-24,0.001379766293125762
2022-06-27,0.007135459084532276
2022-06-28,0.014416751313095746
2022-06-29,-0.004184622751742582
2022-06-30,0.0013889244857510376
2022-07-01,0.00618566776076032
2022-07-05,-0.01803445166301709
2022-07-06,-0.0005326452844524501
2022-07-07,-0.002677673229379619
2022-07-08,0.0015417346657598924
2022-07-11,0.011287134641726843
2022-07-12,0.012667193536198175
2022-07-13,-0.004679505943268307
2022-07-14,-0.008169162668620226
2022-07-15,0.000997126493132907
2022-07-18,0.0005552113327061154
2022-07-19,-0.004206266378234841
2022-07-20,-0.015410438361309772
2022-07-21,-0.010171624161370168
2022-07-22,0.007560671015811034
2022-07-25,0.006794284652897331
2022-07-26,0.01227734182117043
2022-07-27,-0.02809184591588756
2022-07-28,-0.004217462198763521
2022-07-29,-0.003141540937171358
2022-08-01,0.0004298231549667154
2022-08-02,-0.012465880398147031
2022-08-03,-0.0005414089454602386
2022-08-04,-0.010092060236064689
2022-08-05,0.0064517119268261425
2022-08-08,0.0023570137828368676
2022-08-09,0.011546116666175301
2022-08-10,-0.018865997211049132
2022-08-11,0.007018410389736434
2022-08-12,-0.0058416171532118715
2022-08-15,-0.004464348525180229
2022-08-16,0.0031781066689254237
2022-08-17,0.00517806463175786
2022-08-18,-0.00387856732356093
2022-08-19,0.01265793143990044
2022-08-22,0.008896718042313765
2022-08-23,-0.0020999880021092296
2022-08-24,-0.00605042416775214
2022-08-25,-0.0048721376607969175
2022-08-26,0.017664745067896802
2022-08-29,0.0038207877366562095
2022-08-30,0.0007979731488241567
2022-08-31,-0.002150030243585045
2022-09-01,0.006842462324299557
2022-09-02,0.00223753086481099
2022-09-06,-0.0006225122140042078
2022-09-07,-0.00988886846689239
2022-09-08,0.0080186712258532
2022-09-09,-0.0089234251366811
2022-09-12,-0.001206371880399569
2022-09-13,0.011668102161966764
2022-09-14,-0.006500169282453017
2022-09-15,0.006694004935630485
2022-09-16,-0.0051863438192635315
2022-09-19,-0.0008355872880742041
2022-09-20,0.0015299444437678585
2022-09-21,-0.0022100036539558707
2022-09-22,0.011546854146948114
2022-09-23,0.00030113565084034745
2022-09-26,-0.001375485284846265
2022-09-27,-0.004743713482755472
2022-09-28,-0.002721323257708934
2022-09-29,0.007108277468398757
2022-09-30,0.013404878345095949
2022-10-03,0.002848103770838023
2022-10-04,-0.0033336785207574962
2022-10-05,0.0017154635474897137
2022-10-06,-0.00418663703309865
2022-10-07,0.013746007018428536
2022-10-10,0.010693024834526057
2022-10-11,0.007766402568548548
2022-10-12,-0.008600950562080144
2022-10-13,0.008159975774291114
2022-10-14,0.015602827410916939
2022-10-17,-0.011870889814891544
2022-10-18,-0.0015729089074577756
2022-10-19,-0.007359204831011899
2022-10-20,-0.005274012776906613
2022-10-21,0.0026617804138539774
2022-10-24,0.003932238778741605
2022-10-25,-0.01565470999892492
2022-10-26,0.013357744836495773
2022-10-27,0.0019105885920389452
2022-10-28,-0.003344148583244647
2022-10-31,0.0020050856442149403
2022-11-01,0.01675229828225985
2022-11-02,0.017471650911337754
2022-11-03,0.0008650684273126135
2022-11-04,-6.64648397897134e-05
2022-11-07,0.009594487720608677
2022-11-08,-0.006383144531725209
2022-11-09,0.008174139914493688
2022-11-10,-0.04452860474697407
2022-11-11,-0.019326029726005414
2022-11-14,0.007403930158524359
2022-11-15,-0.012695985149019255
2022-11-16,0.013257847229963784
2022-11-17,0.010950273695327455
2022-11-18,0.0077088491693459715
2022-11-21,0.00728797611931479
2022-11-22,-0.003671382537436475
2022-11-23,-0.010116720756133877
2022-11-25,0.008090424659762958
2022-11-28,-0.002149738597435013
2022-11-29,0.004609243892443165
2022-11-30,-0.025308153087090945
2022-12-01,-0.0032719249029900363
2022-12-02,0.0035091484145252302
2022-12-05,0.006103513859842506
2022-12-06,0.007105567663607703
2022-12-07,0.001927180418844132
2022-12-08,-0.0086321246847265
2022-12-09,-0.003598883248973287
2022-12-12,0.0008993385896855432
2022-12-13,-0.0061215858818421155
2022-12-14,0.010822194877320598
2022-12-15,0.011532532665468888
2022-12-16,-0.0028303577248094285
2022-12-19,0.0077961356097397735
2022-12-20,0.006922949934481852
2022-12-21,-0.003655719050698028
2022-12-22,0.007679358442282707
2022-12-23,0.0034269817543650357
2022-12-27,0.009188592385626408
2022-12-28,-0.00500872424403291
2022-12-29,-0.013470366002348483
2022-12-30,0.0017615213450501012
2023-01-03,0.0004784434970174873
2023-01-04,-0.013534741140919347
2023-01-05,0.01314809410621607
2023-01-06,-0.003437069688600667
2023-01-09,-0.019012584162474692
2023-01-10,0.00020962913437568798
2023-01-11,-0.008397833450166734
2023-01-12,0.0006596849491885225
2023-01-13,-0.006662046256462284
2023-01-17,-0.009316936473851614
2023-01-18,-0.0003064707311278392
2023-01-19,0.007987604757581136
2023-01-20,-0.020060475726227836
2023-01-23,-0.018983058080687
2023-01-24,0.005084833903326626
2023-01-25,0.003985292096538602
2023-01-26,-0.01039415723370617
2023-01-27,-0.010062569807681061
2023-01-30,0.005645673226863913
2023-01-31,-0.009385240164430247
2023-02-01,-0.021171664781641904
2023-02-02,-0.030658799631742523
2023-02-03,0.012262872630213438
2023-02-06,0.005498973178047371
2023-02-07,-0.0030654939109228526
2023-02-08,0.011535240485958153
2023-02-09,0.004510858316817303
2023-02-10,0.01672371135848005
2023-02-13,-0.004341337350107016
2023-02-14,-0.0003756112573631366
2023-02-15,-0.013785393924550903
2023-02-16,0.008691824553837714
2023-02-17,-0.0003968237609011237
2023-02-21,0.009714637269364603
2023-02-22,-0.0067245674769935695
2023-02-23,-0.001472366303275404
2023-02-24,0.006385803450985077
2023-02-27,-0.007214881365586277
2023-02-28,-0.002331589399915842
2023-03-01,0.008297766557892331
2023-03-02,-0.0022841918171977995
2023-03-03,-0.003700754866152149
2023-03-06,0.005329484664694075
2023-03-07,0.00022152108846776512
2023-03-08,-0.0021443805309147392
2023-03-09,-0.0013257892326237284
2023-03-10,0.005933945810332356
2023-03-13,-0.010369983223596436
2023-03-14,-0.012177416930835294
2023-03-15,-0.019959907507056857
2023-03-16,-0.006641104725428859
2023-03-17,-0.0030249362694098995
2023-03-20,0.006468633225348173
2023-03-21,-0.007878248545181352
2023-03-22,0.00047664862720905854
2023-03-23,-0.008820934510601338
2023-03-24,0.001054131478766894
2023-03-27,0.008109014854056754
2023-03-28,0.007626130172505839
2023-03-29,-0.0017145885607668544
2023-03-30,-0.001071121837194488
2023-03-31,-0.007885733523052205
2023-04-03,0.012942007607050957
2023-04-04,-0.007833752039413392
2023-04-05,0.006972546818776545
2023-04-06,-0.0032516496704599507
2023-04-10,0.0029484741026330145
2023-04-11,0.002646174772848098
2023-04-12,0.0004831470295156472
2023-04-13,-0.0062463287553231744
2023-04-14,0.004129738599997798
2023-04-17,-0.010501301860571643
2023-04-18,0.006350576073918717
2023-04-19,0.0034073975518721425
2023-04-20,0.0005426036791888013
2023-04-21,-0.00142784896046396
2023-04-24,-0.0001529791410701044
2023-04-25,0.0011718129757769024
2023-04-26,0.00030060556098171286
2023-04-27,-0.006256429085882705
2023-04-28,0.0016650112846038271
2023-05-01,0.009643956056017809
2023-05-02,0.005061572643990941
2023-05-03,-0.007742170211994908
2023-05-04,-0.006120592546681859
2023-05-05,0.0016784625529688972
2023-05-08,0.0014425927349013207
2023-05-09,0.004044797857502169
2023-05-10,-0.0097596112805618
2023-05-11,-0.0021060511204894048
2023-05-12,-0.0012567872967809552
2023-05-15,0.00039456194881060396
2023-05-16,-0.002686898248548753
2023-05-17,0.0021028673506108143
2023-05-18,-0.0035201580710104274
2023-05-19,-0.002562776438446265
2023-05-22,-0.013077181804899524
2023-05-23,0.0065184681144583615
2023-05-24,-0.0023520650729671085
2023-05-25,0.005447403718576797
2023-05-26,-0.005997106534131174
2023-05-30,-0.004618812496367384
2023-05-31,-0.005494235200259926
2023-06-01,-0.0022095116491175
2023-06-02,0.0025010979268300614
2023-06-05,0.0018173078529852016
2023-06-06,-0.0013748721012457324
2023-06-07,0.0039718627582018915
2023-06-08,-0.0020483573843162743
2023-06-09,-0.003500690283492323
2023-06-12,-0.0020491290903236104
2023-06-13,0.0006806845201650039
2023-06-14,0.002376065868771851
2023-06-15,-0.00227884171925638
2023-06-16,0.0015121213485011166
2023-06-20,-0.005573665611804774
2023-06-21,0.009464285954434427
2023-06-22,-0.0032498427987162973
2023-06-23,0.0014820199696635912
2023-06-26,0.006413348323376525
2023-06-27,0.009295780924621525
2023-06-28,0.0037887613177523265
2023-06-29,-0.0013907583173053415
2023-06-30,0.0008715099108462994
2023-07-03,-0.006576301795087321
2023-07-05,0.0020570383885044926
2023-07-06,-0.003675797169040799
2023-07-07,0.006043411362699519
2023-07-10,0.002180244443629131
2023-07-11,-0.003061336112343388
2023-07-12,-0.0005767558907125226
2023-07-13,-0.001948269327448092
2023-07-14,-0.011950579354981845
2023-07-17,-0.0014618970835384626
2023-07-18,-0.004017963795541754
2023-07-19,-0.0040928135184624785
2023-07-20,0.009266063704114898
2023-07-21,-0.0017300583576488667
2023-07-24,-0.0021177741952857405
2023-07-25,0.0037040502981707853
2023-07-26,-0.001119358656287793
2023-07-27,0.00518717345824689
2023-07-28,0.0019079688202374937
2023-07-31,0.002232510806722789
2023-08-01,-0.006907931077423901
2023-08-02,-0.0077899596319983225
2023-08-03,0.0036391313795746593
2023-08-04,0.0027492162778391337
2023-08-07,0.0023492685292782153
2023-08-08,-0.0008739050057605358
2023-08-09,-0.001814807552626412
2023-08-10,-0.0009465685937247714
2023-08-11,0.0008397999037363572
2023-08-14,0.00469254926804574
2023-08-15,-0.0012270072816737505
2023-08-16,-0.0009184605906092489
2023-08-17,0.004057001349157591
2023-08-18,0.003647620500015278
2023-08-21,0.0032513565110738898
2023-08-22,0.0052830918571483195
2023-08-23,0.002220928334502761
2023-08-24,-0.003768774525119287
2023-08-25,-0.00038366086197429974
2023-08-28,-0.001198241335618804
2023-08-29,-0.0010458727597638673
2023-08-30,-0.0022960100591397415
2023-08-31,0.0066159287966808585
2023-09-01,0.007327316368899591
2023-09-05,-0.002101341279004271
2023-09-06,0.0033260946285299767
2023-09-07,-0.007323335513866779
2023-09-08,0.0008979964565751501
2023-09-11,-0.005601225601794407
2023-09-12,0.006854732083586262
2023-09-13,-0.005035214317161334
2023-09-14,0.001723578360485406
2023-09-15,-0.007560952090929997
2023-09-18,0.007378805482288798
2023-09-19,-0.002742061727689329
2023-09-20,-0.007511658983613431
2023-09-21,-0.0011887681050549701
2023-09-22,0.0031210532611671443
2023-09-25,-0.00048085437383950933
2023-09-26,0.002132106259750807
2023-09-27,0.013663756698670796
2023-09-28,0.00537064453532542
2023-09-29,-0.011304607180573146
2023-10-02,0.002633191796061316
2023-10-03,-0.004966273537126631
2023-10-04,-0.003685927026051016
2023-10-05,-0.0021997132729625756
2023-10-06,0.006021141130855039
2023-10-09,0.0012098984187689519
2023-10-10,-0.003446963635415805
2023-10-11,-0.0023400823165887915
2023-10-12,0.002550875159943032
2023-10-13,-0.009396190396686908
2023-10-16,-0.00726892245776881
2023-10-17,-0.0037434769892569835
2023-10-18,-0.0011827117296555737
2023-10-19,0.0035011704617903794
2023-10-20,0.000844250592314614
2023-10-23,0.0037444511877251117
2023-10-24,-0.0027282936609754832
2023-10-25,-0.008406122927729959
2023-10-26,-0.011745672451793551
2023-10-27,0.012593437182473112
2023-10-30,0.002157376473377029
2023-10-31,-0.006219386541355189
2023-11-01,0.018313682950379977
2023-11-02,-0.0002339856632038638
2023-11-03,-0.0005829608219448574
2023-11-06,0.002945509523364229
2023-11-07,-0.00629832513017063
2023-11-08,0.007607512252397633
2023-11-09,0.005483185416237283
2023-11-10,0.0159844607311962
2023-11-13,0.002870315475586333
2023-11-14,-0.008711876304771196
2023-11-15,-0.015468425948713215
2023-11-16,0.004084809934556237
2023-11-17,0.00041755805935445804
2023-11-20,0.0047967133274081745
2023-11-21,-0.005902637042389621
2023-11-22,-0.003988221802556597
2023-11-24,-0.003728130825616702
2023-11-27,0.0038802876416698753
2023-11-28,-0.0069797487603300064
2023-11-29,-0.0067164919716243025
2023-11-30,-0.002038753274739641
2023-12-01,-0.004967952803506525
2023-12-04,-0.010223326548258515
2023-12-05,0.002066606736046122
2023-12-06,-0.005434549467524758
2023-12-07,0.00917422638540693
2023-12-08,0.00830052893134234
2023-12-11,0.003381738971275995
2023-12-12,0.0075724714736353695
2023-12-13,-0.009237602835115929
2023-12-14,0.0021881966890602528
2023-12-15,0.008658122109625785
2023-12-18,0.00271336828467533
2023-12-19,-0.008887353377471425
2023-12-20,0.003253215503111275
2023-12-21,0.003955741384701987
2023-12-22,-0.0010355759118537702
2023-12-26,0.0023474086784282346
2023-12-27,-0.0019882121427302695
2023-12-28,-0.0036582737270883237
2023-12-29,-0.0007470009729110359
2024-01-02,-0.028009225515447135
2024-01-03,0.007359378197681185
2024-01-04,-0.00043252586721664486
2024-01-05,-0.0021612746629279035
2024-01-08,0.007554249276915761
2024-01-09,0.008014647476117675
2024-01-10,0.011823432245914872
2024-01-11,0.012159707430714855
2024-01-12,0.008760167710233142
2024-01-16,0.014680255443971883
2024-01-17,0.005972321896406556
2024-01-18,0.010310019470706517
2024-01-19,0.016039007333171575
2024-01-22,-0.0005100468669049193
2024-01-23,-0.00866745078802368
2024-01-24,0.014952412355257239
2024-01-25,0.0022200073970867684
2024-01-26,-0.006890499995453768
2024-01-29,0.0006417119058591613
2024-01-30,0.0034514556166725294
2024-01-31,-0.004403917767141818
2024-02-01,0.00014461231628500428
2024-02-02,0.019893136495365865
2024-02-05,0.012861409751196984
2024-02-06,-0.020169787986346003
2024-02-07,0.004766893887100652
2024-02-08,0.005896814925433815
2024-02-09,0.007047399363758527
2024-02-12,-0.015383595088212075
2024-02-13,0.009819936155818887
2024-02-14,0.007328510204942384
2024-02-15,-0.009847280976148306
2024-02-16,-0.005298633624422277
2024-02-20,-0.0058575297126403384
2024-02-21,-0.0124866321793421
2024-02-22,0.026633753539157038
2024-02-23,-0.0007587688186157932
2024-02-26,0.011498004234387113
2024-02-27,-0.004699610929924427
2024-02-28,-0.0032791438735321333
2024-02-29,-0.0008848507348593183
2024-03-01,0.007995850165302342
2024-03-04,0.007773685234690923
2024-03-05,-0.0066887612943679065
2024-03-06,-0.004769726078969928
2024-03-07,0.0034619021772254173
2024-03-08,-0.013993349182493035
2024-03-11,-0.02160797816300199
2024-03-12,0.02048062835245135
2024-03-13,-0.005235537096593509
2024-03-14,0.007976044801987662
2024-03-15,-0.007408696174062699
2024-03-18,0.0039861496602904235
2024-03-19,0.003185902746690489
2024-03-20,-0.0010136648885197659
2024-03-21,0.0082104838760294
2024-03-22,0.0018276987366065802
2024-03-25,-0.003872355226759344
2024-03-26,0.003376826150946952
2024-03-27,-0.021262734690372397
2024-03-28,-0.005993262306336487
2024-04-01,0.005177613244653103
2024-04-02,0.006649215869130611
2024-04-03,0.006703220284589915
2024-04-04,-0.006967433058095527
2024-04-05,0.012841664888131273
2024-04-08,-0.007608703593623277
2024-04-09,-0.01228366968964001
2024-04-10,0.008181042121857227
2024-04-11,0.004724672345797704
2024-04-12,0.001447963078546729
2024-04-15,-0.004451294302042584
2024-04-16,0.007044578655681292
2024-04-17,-0.01599476072108817
2024-04-18,-0.00733375678501036
2024-04-19,-0.015173713487819483
2024-04-22,0.0016368955597350293
2024-04-23,0.007767947343565088
2024-04-24,-0.0021711610391094765
2024-04-25,-0.0016030607404093433
2024-04-26,0.009119311565525416
2024-04-29,-0.013271515034113907
2024-04-30,-0.0015599254729495578
2024-05-01,-0.0017652258008345155
2024-05-02,0.0005624533748272646
2024-05-03,0.003850058234191148
2024-05-06,0.00956339072687118
2024-05-07,-0.0001732504393877728
2024-05-08,0.0006507970233621802
2024-05-09,-0.004726930271315539
2024-05-10,0.004542545969749723
2024-05-13,-0.014357530462416236
2024-05-14,-0.0016341255318167397
2024-05-15,0.01191962183938748
2024-05-16,-0.00643961105372113
2024-05-17,0.002930413791558135
2024-05-20,0.005550723091272143
2024-05-21,0.003160049877713848
2024-05-22,-0.007977921766829234
2024-05-23,0.016306693244647515
2024-05-24,0.0018131461929066274
2024-05-28,0.005673081228835026
2024-05-29,0.00519031092485888
2024-05-30,-0.014575401647788385
2024-05-31,-0.0077185569089237745
2024-06-03,-0.003880472480642306
2024-06-04,-0.000817849806254127
2024-06-05,0.014947547205914997
2024-06-06,-0.0006778386955166434
2024-06-07,0.004663895568365594
2024-06-10,0.004375338827740618
2024-06-11,-0.00029349393654489294
2024-06-12,0.010223277040915925
2024-06-13,0.009579606738196928
2024-06-14,0.004785548605663007
2024-06-17,0.010228749769988554
2024-06-18,0.012119193436836597
2024-06-20,-0.0096838043299454
2024-06-21,-0.01063378470620336
2024-06-24,-0.009748389010459244
2024-06-25,0.013255511844668994
2024-06-26,-0.005048980974614492
2024-06-27,-0.0027376673637374066
2024-06-28,0.003268371515777738
2024-07-01,0.0050671046029480615
2024-07-02,0.0025737456384957807
2024-07-03,0.0036661362040796724
2024-07-05,0.001367709429107924
2024-07-08,0.0037131547409521857
2024-07-09,0.007319792339082852
2024-07-10,-0.0008869520843284989
2024-07-11,-0.022487276382000626
2024-07-12,-0.00940348124896573
2024-07-15,0.005665141608689205
2024-07-16,-0.01428739026523295
2024-07-17,-0.030069308797980143
2024-07-18,0.00228226482712405
2024-07-19,-0.004114027053840911
2024-07-22,0.010460525211749215
2024-07-23,0.009828474819278975
2024-07-24,-0.014240280942006944
2024-07-25,-0.0089589335839863
2024-07-26,-0.005922986310060831
2024-07-29,-0.005062059266343723
2024-07-30,-0.012757374835383951
2024-07-31,0.01884181979194576
2024-08-01,0.0008753412459344837
2024-08-02,-0.011094916353267871
2024-08-05,0.0036106444906049842
2024-08-06,0.01109700430535027
2024-08-07,-0.0025296032392905445
2024-08-08,0.005305314262089969
2024-08-09,0.011028465705646745
2024-08-12,0.008799822999975913
2024-08-13,-0.012286274784070472
2024-08-14,0.01113522219365938
2024-08-15,-0.01638736685647548
2024-08-16,-0.002591558818211085
2024-08-19,-0.0013794324648670917
2024-08-20,0.0036967420430918645
2024-08-21,-0.004042659473284107
2024-08-22,0.004447359788599876
2024-08-23,-0.00664479465004367
2024-08-26,-0.0028696349462789426
2024-08-27,0.00445378460416293
2024-08-28,0.006225232439378417
2024-08-29,0.004847107029706991
2024-08-30,0.005214117292322597
2024-09-03,-0.006450965098878727
2024-09-04,0.008062410140233768
2024-09-05,-0.0051561748833600955
2024-09-06,-0.0048474149789984634
2024-09-09,0.007650439134029694
2024-09-10,0.00461266531773696
2024-09-11,0.00017157593856204255
2024-09-12,0.004378133931236622
2024-09-13,-0.0007847846973873177
2024-09-16,-0.0026203336763616935
2024-09-17,-0.012689616464125147
2024-09-18,-0.0024918122601268883
2024-09-19,0.003753848010106847
2024-09-20,0.006963335267950883
2024-09-23,-0.0035044440496590163
2024-09-24,-0.0069333264358643
2024-09-25,0.0061713610451125216
2024-09-26,-0.014987151445473927
2024-09-27,-0.010438298133447583
2024-09-30,0.009523054367852245
2024-10-01,0.0028288271453414046
2024-10-02,0.007314115118388934
2024-10-03,-0.0021890430180341405
2024-10-04,-0.008000766436751693
2024-10-07,-0.004251449579093448
2024-10-08,0.009529852187851648
2024-10-09,0.0038349790313952467
2024-10-10,-0.004057250742405083
2024-10-11,0.0038944229748451684
2024-10-14,0.005686647177758188
2024-10-15,0.007682380885730464
2024-10-16,-0.0008372799495756157
2024-10-17,0.0033746269766853293
2024-10-18,0.005546150820775214
2024-10-21,0.0018832357681867209
2024-10-22,-0.004124330525423307
2024-10-23,0.006108273817966004
2024-10-24,-0.011222791098206007
2024-10-25,-0.009198247087492364
2024-10-28,0.0006287810052211973
2024-10-29,0.0018473903562051463
2024-10-30,0.0023184652190115403
2024-10-31,0.005465366055635772
2024-11-01,-0.012617184834665372
2024-11-04,-0.0010072055514929255
2024-11-05,0.0071619060058818445
2024-11-06,0.015358815241864773
2024-11-07,-0.005098354675752615
2024-11-08,0.01748698063594846
2024-11-11,0.0011641760937071983
2024-11-12,0.005336384791646005
2024-11-13,-0.006106829713238903
2024-11-14,-0.006551451728517131
2024-11-15,0.01020284362213691
2024-11-18,-0.007415787478801291
2024-11-19,0.008841583119219709
2024-11-20,0.0002896882927999701
2024-11-21,0.0011390904157321802
2024-11-22,-0.008004498036307997
2024-11-25,-0.02131514678348281
2024-11-26,0.01785475520939482
2024-11-27,-0.009528266077706446
2024-11-29,0.0003600409717438048
2024-12-02,-0.013293746164933973
2024-12-03,0.007237742375980941
2024-12-04,0.011297737918706639
2024-12-05,0.01466406159615602
2024-12-06,-0.0026219146227448266
2024-12-09,-0.025448195896493612
2024-12-10,0.008345190199147017
2024-12-11,0.005185883613060297
2024-12-12,0.0041891886947553
2024-12-13,0.008868365179346518
2024-12-16,0.010617236181771515
2024-12-17,-0.0006429562235967882
2024-12-18,-0.0061236336218641555
2024-12-19,0.013064386550863484
2024-12-20,-0.003390532404403574
2024-12-23,-0.005423487546458162
2024-12-24,0.006717808071289509
2024-12-26,-0.00300185347668596
2024-12-27,-0.006002509330246352
2024-12-30,0.0004589042158485555
2024-12-31,-0.00964242510876873
2025-01-02,0.0016121928532940404
2025-01-03,0.0013823465506534335
2025-01-06,0.00010371071633565275
2025-01-07,-0.011729713050500568
2025-01-08,0.007753237656288122
2025-01-10,-0.011654032308697727
2025-01-13,0.004057640301405017
2025-01-14,0.007043788320540423
2025-01-15,0.011322898181357299
2025-01-16,-0.006545790519861219
2025-01-17,0.005246422604560273
2025-01-21,-0.0029868841956084712
2025-01-22,-0.00040023888296483967
2025-01-23,-0.0017310849202592478
2025-01-24,0.002860905154514258
2025-01-27,-0.01856283750473903
2025-01-28,0.0063291742969699355
2025-01-29,0.004014024246308003
2025-01-30,-0.0007662817491394234
2025-01-31,0.001216364424280613
2025-02-03,-0.0003579005673946476
2025-02-04,0.003480460308091486
2025-02-05,-0.004216566079997863
2025-02-06,0.006237082369528217
2025-02-07,0.002601100385404198
2025-02-10,-0.0029580261356009488
2025-02-11,-0.003106073305642564
2025-02-12,-0.00466762257491037
2025-02-13,-0.002632442743122767
2025-02-14,0.006498785542062121
2025-02-18,-0.019674179922965065
2025-02-19,-0.004620006432649611
2025-02-20,-0.00768665984970759
2025-02-21,-0.012416103728038756
2025-02-24,0.0010201593821207837
2025-02-25,-0.005541150230948426
2025-02-26,0.006479617839153595
2025-02-27,-0.0006719749009770329
2025-02-28,0.006209769920626122
2025-03-03,-0.006480646995463864
2025-03-04,-0.007969507120499777
2025-03-05,-0.007696273002995415
2025-03-06,-0.01083388982209143
2025-03-07,-0.01087825047480695
2025-03-10,-0.009063239291697799
2025-03-11,0.005090836980602999
2025-03-12,0.008930157029375267
2025-03-13,-0.010067328207974858
2025-03-14,0.0058907689917809735
2025-03-17,-0.0032752450290162924
2025-03-18,-0.004866869860362192
2025-03-19,0.0157223600712478
2025-03-20,0.002355403796822669
2025-03-21,2.864106973943367e-07
2025-03-24,0.009225025260532777
2025-03-25,0.009594025560643753
2025-03-26,-0.008923289445595464
2025-03-27,-0.006324561687864204
2025-03-28,-0.007081169687104766
2025-03-31,0.000996056541425564
2025-04-01,0.008638717659714348
2025-04-02,-0.0023735783056790284
2025-04-03,-0.022332903652423727
2025-04-04,-0.0051241831253970565
2025-04-07,0.0025048379566301225
2025-04-08,0.009299789652564904
2025-04-09,0.014755436108189161
2025-04-10,0.002858031320401927
2025-04-11,-0.0012732318305600072
2025-04-14,-0.004853036816971106
2025-04-15,0.00450318911969523
2025-04-16,-0.00773475022087409
2025-04-17,-0.006146306781152744
2025-04-21,-0.013297680832661312
2025-04-22,0.000388403687800114
2025-04-23,0.005783138853647486
2025-04-24,-0.0006480373346827067
2025-04-25,0.007048871706544828
2025-04-28,-0.0020348075100374194
2025-04-29,0.004919258996548494
2025-04-30,-0.008136430239574605
2025-05-01,0.006673603066224381
2025-05-02,7.262080089755077e-05
2025-05-05,0.004324484600683253
2025-05-06,0.016074445833998863
2025-05-07,0.0009415025535477879
2025-05-08,0.0043788833491855954
2025-05-09,-0.0029331700373530917
2025-05-12,-0.002817222400318917
2025-05-13,0.015223358555040818
2025-05-14,0.022209744214761726
2025-05-15,-0.00171879040815608
2025-05-16,6.585977841172965e-05
2025-05-19,-0.0010447114017704414
2025-05-20,-0.007621799552306649
2025-05-21,0.001075513204866368
2025-05-22,0.00038952318851292057
2025-05-23,-0.00262729485280651
2025-05-27,0.002308961824962962
2025-05-28,0.001866041568950025
2025-05-29,-0.00288190490270823
2025-05-30,0.010923671225885665
2025-06-02,0.005107593607017442
2025-06-03,0.0011115398646231376
2025-06-04,-0.0025834744846189943
2025-06-05,0.004775350748180977
2025-06-06,-0.011480823111049887
2025-06-09,-0.0065654258500966655
2025-06-10,-0.008225777703422922
2025-06-11,0.0031277196010657047
2025-06-12,-0.0038523917135119255
2025-06-13,-0.010929415911359418
2025-06-16,0.01242787326820228
2025-06-17,0.011736487211052108
2025-06-18,-0.0005778253845003428
2025-06-20,0.002980445028831851
2025-06-23,0.0008762318226659265
2025-06-24,0.004409862752489889
2025-06-25,0.007365771058441231
2025-06-26,0.0035039031964344386
2025-06-27,0.003255724209598677
2025-06-30,0.0033117422592104477
2025-07-01,-0.018397364082363088
2025-07-02,-0.005783413173806569
2025-07-03,0.004983116627604999
2025-07-07,0.003841216015634624
2025-07-08,-0.006963338285959312
2025-07-09,0.0016794690608333848
2025-07-10,-0.009738169667406392
2025-07-11,-0.0049044862454966885
2025-07-14,0.003564381718154374
2025-07-15,0.015288208227145541
2025-07-16,-0.0019762265049735085
2025-07-17,-0.004116313659331422
2025-07-18,0.008018113617031359
2025-07-21,0.001964106060866868
2025-07-22,-0.02310083243307693
2025-07-23,0.004373528656686047
2025-07-24,0.004371937527504759
2025-07-25,-0.0014949179173640084
2025-07-28,0.007962911652113902
2025-07-29,-0.001856560455836162
2025-07-30,0.011148154775263567
2025-07-31,0.008301853021112655
2025-08-01,-0.005124676541956729
2025-08-04,0.010092437092166296
2025-08-05,-0.010194417884136995
2025-08-06,-0.0041225008457002965
2025-08-07,-0.00557248151927881
2025-08-08,-0.0022944541983551214
2025-08-11,0.004437295276855587
2025-08-12,-0.0008489654456429608
2025-08-13,-0.009658805402087222
2025-08-14,-2.505605047079158e-05
2025-08-15,-0.018224097649711217
2025-08-18,-0.00026241141141980224
2025-08-19,-0.008465899477298429
2025-08-20,-0.0006085753049950304
2025-08-21,0.0027354024964022397
2025-08-22,-0.005857912443653086
2025-08-25,0.007904362971099732
2025-08-26,0.008090634322692906
2025-08-27,0.002000881166240597
2025-08-28,0.00353191815822337
2025-08-29,-0.019772772501074655
2025-09-02,0.0027356948377386006
2025-09-03,-0.0006774970189754566
2025-09-04,0.0041506414248018595
2025-09-05,-0.005994513564552687
2025-09-08,0.005686563476538545
2025-09-09,-0.00022979498077894123
2025-09-10,0.01159491286941385
2025-09-11,-0.0008080680728847017
2025-09-12,0.0078888318622067
2025-09-15,0.0044908480473314265
2025-09-16,-0.005468877398049066
2025-09-17,-0.0020953758992081992
2025-09-18,0.003489208504276726
2025-09-19,-0.0009994893579570523
2025-09-22,-0.002123029264752752
2025-09-23,0.002254174661725222
2025-09-24,-0.0032978181153366353
2025-09-25,0.004242546366752826
2025-09-26,-0.0013688558505980395
2025-09-29,0.0004637086402185886
2025-09-30,0.0008290560090865156
2025-10-01,-0.0017498014554362467
2025-10-02,-0.002329100308473958
2025-10-03,-0.009562342832482367
2025-10-06,0.0019067226892335526
2025-10-07,0.000997738714716212
2025-10-08,0.006344395669661787
2025-10-09,-0.0029739392309385032
2025-10-10,-0.0028906025820651716
2025-10-13,0.006818947453265214
2025-10-14,-0.002376996094891116
2025-10-15,0.0035323930829265463
2025-10-16,-0.004512509765858464
2025-10-17,-0.0006141192743360868
2025-10-20,-0.0003726222344155883
2025-10-21,-0.0004458310388269356
2025-10-22,-0.007529847892253456
2025-10-23,0.0015968927454850122
2025-10-24,0.007880502485255429
2025-10-27,0.0067628453127967095
2025-10-28,-0.0021388438926299436
2025-10-29,0.007247005966262567
2025-10-30,-0.002938421714632245
2025-10-31,-0.001745439821321346
2025-11-03,0.005115092769571981
2025-11-04,-0.007245321836577468
2025-11-05,-0.008437064238962346
2025-11-06,0.0009860535367450351
2025-11-07,-0.002546555735551085
2025-11-10,0.007432393148599509
2025-11-11,-0.005459590273515281
2025-11-12,-0.007161648163830782
2025-11-13,-0.01123927652791234
2025-11-14,0.004388791965584703
2025-11-17,-0.0058089688134394385
2025-11-18,0.0020464276399388293
2025-11-19,0.0006636513129968467
2025-11-20,-0.00847995235432305
2025-11-21,-0.009152456788587024
2025-11-24,0.010457454604209847
2025-11-25,-0.008949339178534403
2025-11-26,0.0046755126858294485
2025-11-28,0.0027518517212158007
2025-12-01,-0.003779232773466758
2025-12-02,0.003837102263289841
2025-12-03,-0.005722264794969917
2025-12-04,0.007905111869755743
2025-12-05,-0.0007125679987742516
2025-12-08,0.0058770479922272785
2025-12-09,0.0008636493113693708
2025-12-10,-0.0021498517677844566
2025-12-11,0.004033937029123262
2025-12-12,-0.01525398372936442
2025-12-15,-0.0019329395245341948
2025-12-16,-0.0011677877334562124
2025-12-17,-0.016882879698038575
2025-12-18,0.00453147398154997
2025-12-19,0.012020514884386596
2025-12-22,0.0023569502157390165
2025-12-23,0.0006554005177550022
2025-12-24,-0.002557846227138408
2025-12-26,-0.0031082191118553598
2025-12-29,-0.005425308253660283
2025-12-30,-0.003072079894154141
2025-12-31,-0.0028414581104656356
2026-01-02,0.009976379440490615
2026-01-05,-0.006151769154540956
2026-01-06,-0.002031096187300682
2026-01-07,-0.008346293507316279
2026-01-08,-0.00727994388971487
2026-01-09,0.0037620142879473224
2026-01-12,-0.001725628064811613
2026-01-13,0.006366458470271381
2026-01-14,-0.011122044672942456
2026-01-15,0.01625934536231126
2026-01-16,-0.0015755353492957788
2026-01-20,-0.007045129037243811
2026-01-21,-0.0020581408050691875
2026-01-22,-0.003530615732853686
2026-01-23,-0.0007974324322482774
2026-01-26,0.0007840496854207202
2026-01-27,0.007418510591034071
2026-01-28,-0.000364654683565528
2026-01-29,0.0028313577482064253
2026-01-30,-0.015990577323745127
2026-02-02,0.0011459494058766936
2026-02-03,0.022114548533459805
2026-02-04,-0.012433239289966876
2026-02-05,0.0020777391409549195
2026-02-06,0.02356334314018022
2026-02-09,-4.756514239748032e-05
2026-02-10,-0.004899179299454495
2026-02-11,-0.0001962527369829228
2026-02-12,-0.014834718282036283
2026-02-13,0.003962275260662075
2026-02-17,0.006991849074065022
2026-02-18,-0.0028829345213415188
2026-02-19,0.004161312517885593
2026-02-20,0.0033510762802646957
2026-02-23,-0.004054833485458476
2026-02-24,-0.003509487599902059
2026-02-25,0.007527815352695453
2026-02-26,-0.010566753581056926
2026-02-27,-0.009902500395507935
2026-03-02,-0.0011564230965509673
2026-03-03,-0.01737058155515308
2026-03-04,0.010586689782424618
2026-03-05,-0.023952727393637793
2026-03-06,-0.008907630233697325
2026-03-09,0.017462873527584317
2026-03-10,0.007866081352052886
2026-03-11,0.002507935407946799
2026-03-12,-0.0032246927856742803
2026-03-13,-0.008818801763858254
2026-03-16,-0.0016229864634811236
2026-03-17,-0.0031114395069420523
2026-03-18,0.005226673904442886
2026-03-19,-0.003945278187601227
2026-03-20,-0.028137460121026404
2026-03-23,0.012379463649312103
2026-03-24,0.01649601996665464
2026-03-25,0.014703722283327574
2026-03-26,-0.024236996600670777
2026-03-27,0.0001982289805785933
2026-03-30,-0.016798842385478865
2026-03-31,0.023988318072379236
2026-04-01,0.014645662093800409
2026-04-02,-0.008058309043780429
2026-04-06,0.0011273644815620147
2026-04-07,0.012045591482361796
2026-04-08,0.01608006879827163
2026-04-09,0.008420471077767635
2026-04-10,0.01374250961379161
2026-04-13,-0.021960080962840453
2026-04-14,0.010565414116934797
2026-04-15,-0.011652030974621036
2026-04-16,-0.00474095848343673
2026-04-17,0.012143181728917915
2026-04-20,-0.0074998845954688306
2026-04-21,-0.0042973254979184585
2026-04-22,-6.364068192343079e-05
2026-04-23,0.02126966943703369
2026-04-24,-0.0012066865202435967
2026-04-27,-0.0007314679878351095
2026-04-28,-0.00771962417271748
2026-04-29,-0.01278282449819928
2026-04-30,0.01515640240211542
2026-05-01,-0.004897359434013277
2026-05-04,-0.005043031966946986
2026-05-05,-0.002340043752728416
2026-05-06,0.020456888858465177
2026-05-07,-0.013106369535177713
2026-05-08,0.00897335778475529
2026-05-11,0.005457447962814432
2026-05-12,0.007047617180160157
2026-05-13,0.011650978733946264
2026-05-14,0.002849415398703264
2026-05-15,-0.02302481168827597
2026-05-18,-0.022585236629515584
2026-05-19,-0.0016542024882406537
2026-05-20,0.0060055516609126775
2026-05-21,0.007513168904846712
2026-05-22,-0.0025990313513910837
2026-05-26,0.003434410745380401
2026-05-27,0.008942537663185103
2026-05-28,0.004214017977078248
2026-05-29,-0.02459248425186036
2026-06-01,-0.03131308816449165
2026-06-02,0.012868619869280102
2026-06-03,0.009251385247644128
2026-06-04,0.0023327535799548965
2026-06-05,0.0032886504104865334
2026-06-08,0.004339159294798259
2026-06-09,0.00028701107738205193
2026-06-10,-0.0042158587759228506
2026-06-11,0.023323995664016037
2026-06-12,0.001977968779389232
2026-06-15,0.0017325420416735805
2026-06-16,0.0009234385625625334
2026-06-17,0.008347794378539145
2026-06-18,0.0013282196663436496
2026-06-22,0.005719426749221087
2026-06-23,-0.00654868453911347
2026-06-24,0.004163851010663017
2026-06-25,0.0009480414796212395
2026-06-26,-0.007130769458837501
2026-06-29,0.010384128879738566
2026-06-30,0.006075031993187922
2026-07-01,-0.003996411654282038
2026-07-02,-0.007785557669751757
2026-07-06,0.005002078064609797
2026-07-07,-0.006026384240866634
2026-07-08,0.0037139842275862632
2026-07-09,-0.00322987553998263
2026-07-10,0.00047170206104316245
2026-07-13,-0.008423271820663124
2026-07-14,0.019522863819836585
2026-07-15,6.0001927062689836e-05
2026-07-16,-0.018289709623564403
2026-07-17,0.0013978301046224653
2026-07-20,-0.008904618134494023
2026-07-21,0.01210232731633852
2026-07-22,0.004994243510065912
2026-07-23,-0.003325896754177275
2026-07-24,-0.014521014310859766
2026-07-27,-0.01640585913875508
2026-07-28,-0.01211029936932947
2026-07-29,-0.010210535418569129
2026-07-30,0.007272510361917277
2026-07-31,0.004519016418229918
2026-08-03,-0.0013965578694974381
2026-08-04,-0.0016398159646507087
2026-08-05,0.0006445133084655905
2026-08-06,-0.003860223923142142
2026-08-07,0.007946998191858488
2026-08-10,0.0014810616297762076
2026-08-11,-0.0045709603586454135
2026-08-12,0.002211230937215451
2026-08-13,-0.009351016126040512
