date,0
2006-01-03,-0.0011329848397969003
2006-01-04,0.0019896312568305416
2006-01-05,0.006676267270045097
2006-01-06,-0.001957382195611845
2006-01-09,-0.0026930954755836354
2006-01-10,-0.0048099745041771825
2006-01-11,0.0033897071551450913
2006-01-12,0.0028657361070757266
2006-01-13,-0.0019316551692986383
2006-01-17,-0.012008990073942795
2006-01-18,-2.50561597225729e-05
2006-01-19,0.003211127653068067
2006-01-20,-0.00572477491490165
2006-01-23,-0.003850812268454519
2006-01-24,-0.004273899047663833
2006-01-25,0.009379907456325713
2006-01-26,0.004851831359580033
2006-01-27,-0.00420461240519536
2006-01-30,-0.007124370798996626
2006-01-31,-0.005123648815509525
2006-02-01,0.009599916644578637
2006-02-02,0.00340190304273019
2006-02-03,-0.0021651894975852214
2006-02-06,-0.005417038319268251
2006-02-07,0.017887094999598348
2006-02-08,0.008189524175680273
2006-02-09,0.006178437071210912
2006-02-10,0.004279399114635642
2006-02-13,-0.0002957000774343907
2006-02-14,0.004608471330722367
2006-02-15,0.005351516785998528
2006-02-16,-0.004265783363953078
2006-02-17,0.0005033839855111232
2006-02-21,-0.009988747271996052
2006-02-22,0.004375674026033625
2006-02-23,-0.0020430057483283876
2006-02-24,-0.003572982045494712
2006-02-27,0.00941507897275311
2006-02-28,0.007756592930121234
2006-03-01,-0.0009000327175728964
2006-03-02,-0.006866080981671555
2006-03-03,0.0016614654916313986
2006-03-06,0.010442849818917329
2006-03-07,0.0037356663080221485
2006-03-08,0.0004354523209316285
2006-03-09,0.0027913283948110294
2006-03-10,-0.0025229434670484083
2006-03-13,0.0009659981977379523
2006-03-14,-0.006039838973992396
2006-03-15,-0.00233550410373436
2006-03-16,-0.008088856776759796
2006-03-17,0.0018891240649220717
2006-03-20,0.011558759405014668
2006-03-21,0.005791238408234232
2006-03-22,-0.0023138028449151086
2006-03-23,-0.011588548108215267
2006-03-24,0.00045350890810797714
2006-03-27,-0.001050142874168714
2006-03-28,-0.005395570709514728
2006-03-29,0.0021377655904794516
2006-03-30,-0.000407453591729397
2006-03-31,0.0009338039197389251
2006-04-03,0.004180588255436106
2006-04-04,-0.00416055322335594
2006-04-05,-0.00401053498293945
2006-04-06,-0.00128306918847289
2006-04-07,-0.0005742554465877223
2006-04-10,-0.00808734460857441
2006-04-11,0.0018416393543558372
2006-04-12,-0.0006137888661227065
2006-04-13,0.003432962480580936
2006-04-17,-0.011231174524846389
2006-04-18,-0.00625672812742806
2006-04-19,0.0009674285666701853
2006-04-20,0.004315124773905356
2006-04-21,-0.009097418837435216
2006-04-24,0.0022595805370975823
2006-04-25,0.008056948506354281
2006-04-26,0.0028487601276819077
2006-04-27,0.014848850276096516
2006-04-28,-0.004914866883242675
2006-05-01,-0.0023136158705640373
2006-05-02,-0.006378960895454882
2006-05-03,0.006484422640647143
2006-05-04,0.007503940738642594
2006-05-05,-0.005285383650221268
2006-05-08,0.0029705730607450906
2006-05-09,-0.005121987590745204
2006-05-10,-0.009765325263892274
2006-05-11,0.005447523213993912
2006-05-12,0.004725060945815288
2006-05-15,0.015551779434156391
2006-05-16,-0.0006867359258352596
2006-05-17,0.00120043109019544
2006-05-18,-0.001253903944427444
2006-05-19,0.0015672178115082927
2006-05-22,0.001787795062997426
2006-05-23,-0.0010007036486532426
2006-05-24,0.00869346522624397
2006-05-25,-0.0071379301637225214
2006-05-26,-0.004293343204267689
2006-05-30,0.0010111772184853258
2006-05-31,-0.00611988496716671
2006-06-01,0.0015167185722869637
2006-06-02,-0.005204956803307601
2006-06-05,0.006480719867937024
2006-06-06,0.004346697149995034
2006-06-07,0.008808054671765021
2006-06-08,-0.001998803781432014
2006-06-09,-0.0009849535956360468
2006-06-12,0.008546597696433747
2006-06-13,0.012425227945127203
2006-06-14,-0.00683711267261589
2006-06-15,0.0012781045315240736
2006-06-16,0.0009995257965554976
2006-06-19,0.008913105308449062
2006-06-20,0.004318839448122123
2006-06-21,-0.009505653108732593
2006-06-22,-0.002842275955314805
2006-06-23,-0.0147067866874145
2006-06-26,-0.0020060508083108793
2006-06-27,-0.0008394796473148274
2006-06-28,-0.0009011611352381767
2006-06-29,-0.004848587706090294
2006-06-30,-0.004808617865365183
2006-07-03,-0.003999719953211037
2006-07-05,-0.0005151630248760727
2006-07-06,-0.00014898234472236651
2006-07-07,0.002137400054936813
2006-07-10,-0.005841753562688199
2006-07-11,-0.0035152662059802675
2006-07-12,-0.00666077131520959
2006-07-13,0.004791118575933858
2006-07-14,-0.004154584061724207
2006-07-17,0.017778447392413653
2006-07-18,0.008290248033988583
2006-07-19,-0.001433774723321655
2006-07-20,0.010649460527520728
2006-07-21,0.011185485810683024
2006-07-24,-0.004049724645010191
2006-07-25,-0.013276622108077098
2006-07-26,-0.008230409361988973
2006-07-27,0.01158144147462862
2006-07-28,0.0042578965517997246
2006-07-31,-0.01020750719933514
2006-08-01,-0.007403247783281851
2006-08-02,-0.0022689870061932318
2006-08-03,-0.003944952678810754
2006-08-04,0.0013789697804411985
2006-08-07,-0.006456128385474926
2006-08-08,0.004185995631440317
2006-08-09,0.0044130295415431234
2006-08-10,0.000881670034691648
2006-08-11,0.002461639029630415
2006-08-14,0.011131283304754597
2006-08-15,-0.0005394849348073263
2006-08-16,-0.002557192611548492
2006-08-17,0.004420091655380398
2006-08-18,-0.0026521239054392506
2006-08-21,-0.0018806496071392925
2006-08-22,-0.0004967669180966552
2006-08-23,0.007008617303834233
2006-08-24,-0.0015421911095367315
2006-08-25,0.0019360698989175078
2006-08-28,0.01024374711524496
2006-08-29,0.008026853040552083
2006-08-30,0.008718086530927285
2006-08-31,-0.002507702230220461
2006-09-01,0.0004063174987624818
2006-09-05,-0.007543659587609881
2006-09-06,0.0060531473998824605
2006-09-07,0.004713096365645757
2006-09-08,0.007613458961870029
2006-09-11,0.015858354660615144
2006-09-12,-0.002700515774102612
2006-09-13,-0.010425278385479865
2006-09-14,0.006457190935839605
2006-09-15,-0.001781398096059073
2006-09-18,-0.011393107144325306
2006-09-19,0.006696426040461165
2006-09-20,0.013655537728503557
2006-09-21,-0.0029117138376438477
2006-09-22,0.0031101841165162066
2006-09-25,0.002661019849811284
2006-09-26,-0.0029760095197450525
2006-09-27,-0.0033549972637225774
2006-09-28,0.0021289665347110297
2006-09-29,0.00031535156933878256
2006-10-02,-0.0044048946573598795
2006-10-03,0.012427123883932639
2006-10-04,0.0005576549059416716
2006-10-05,-0.012554143196776635
2006-10-06,0.002110980823301583
2006-10-09,0.004536229125455482
2006-10-10,-0.010523020133255878
2006-10-11,0.007312729182024485
2006-10-12,-0.0051056925961010255
2006-10-13,-0.0016015680740503954
2006-10-16,-0.006161308932622846
2006-10-17,0.001889943137593985
2006-10-18,0.0072085252462153835
2006-10-19,-0.0019328029171133954
2006-10-20,0.01004098775457778
2006-10-23,0.002967643171165599
2006-10-24,-0.009816113563926997
2006-10-25,0.005686126236876491
2006-10-26,-0.0011341969007893885
2006-10-27,0.0022605153677269594
2006-10-30,0.0036549571277580324
2006-10-31,0.0008433863805612465
2006-11-01,0.0030469992831095886
2006-11-02,-0.0010677978506137245
2006-11-03,-0.005656462624652778
2006-11-06,0.002297181421121948
2006-11-07,0.008045799803312756
2006-11-08,0.0003251786173700532
2006-11-09,-0.0009148423509962076
2006-11-10,0.0007358077492801326
2006-11-13,0.0037837978047639415
2006-11-14,-4.880407695839326e-05
2006-11-15,-0.006094586808455655
2006-11-16,0.011951832758655329
2006-11-17,-0.005550756941716899
2006-11-20,-0.007205024338623867
2006-11-21,-0.006840851783248483
2006-11-22,-0.0015634635241330525
2006-11-24,-0.0013751724743413807
2006-11-27,0.0005913813549510225
2006-11-28,0.0008740290257509443
2006-11-29,-0.007680435213206669
2006-11-30,-0.0035896530923113946
2006-12-01,-0.003991218559153748
2006-12-04,0.0006594196040764068
2006-12-05,-0.0005903628518523368
2006-12-06,-0.005403436970812589
2006-12-07,-0.0019574175784543156
2006-12-08,-0.0010709401458115823
2006-12-11,0.003714452898040848
2006-12-12,0.004201615600827803
2006-12-13,0.0004326952100488159
2006-12-14,-0.0016074013834981719
2006-12-15,0.001103372277678536
2006-12-18,0.006819364311614008
2006-12-19,-0.0006370503742241815
2006-12-20,0.004144633208431613
2006-12-21,0.003583325294024772
2006-12-22,-0.0004098951605947213
2006-12-26,0.0021960044917910836
2006-12-27,-0.0033730526567968895
2006-12-28,0.0017422496346750716
2006-12-29,-0.0007288475989618221
2007-01-03,0.01297123547824671
2007-01-04,0.011125959356772698
2007-01-05,-0.006744956998755256
2007-01-08,-0.0015865291624892845
2007-01-09,0.006521611120859079
2007-01-10,0.0049516127895014445
2007-01-11,0.001747053768806887
2007-01-12,-0.005928912566465907
2007-01-16,-0.0004515075850982872
2007-01-17,-0.007310377389669037
2007-01-18,-0.0037318431093117306
2007-01-19,-0.011349412673564463
2007-01-22,-0.0008043601101852408
2007-01-23,-0.01449559924989392
2007-01-24,0.005243482873421763
2007-01-25,0.00496580507552526
2007-01-26,-0.0015572345129585038
2007-01-29,0.003466065810530322
2007-01-30,-0.0098640632157428
2007-01-31,-0.0035527176328542485
2007-02-01,-0.0032128389896624843
2007-02-02,-0.0033337124758317685
2007-02-05,0.0025072447804082485
2007-02-06,0.0010974357030292794
2007-02-07,0.005398873252336871
2007-02-08,-3.4640338588949176e-05
2007-02-09,-0.00128070689056917
2007-02-12,0.00673871285164159
2007-02-13,-0.0045642780590301815
2007-02-14,-0.0015669744050368936
2007-02-15,0.0012224063385321826
2007-02-16,-0.0012705374693001684
2007-02-20,0.0017871205486406343
2007-02-21,-0.0056883033851959225
2007-02-22,0.0012137024900766165
2007-02-23,-0.00046224335393481596
2007-02-26,-0.0015091324112742539
2007-02-27,0.000580725935636455
2007-02-28,0.0038138988642451915
2007-03-01,-0.002449869371407065
2007-03-02,2.869748065735265e-05
2007-03-05,0.006400815957302337
2007-03-06,-0.0018290273228360728
2007-03-07,-0.00735588977752928
2007-03-08,-0.0008254534242782463
2007-03-09,0.002055543556107735
2007-03-12,0.004253195189791306
2007-03-13,0.0020113483852537413
2007-03-14,-0.003482114223348149
2007-03-15,-0.002090922736420294
2007-03-16,0.006327232656485138
2007-03-19,-0.004343168423799459
2007-03-20,0.0016854536817628423
2007-03-21,-0.0014834165753730125
2007-03-22,0.0004790885116376977
2007-03-23,-0.006791981835738092
2007-03-26,0.0019043436804937414
2007-03-27,0.001228717446795546
2007-03-28,-0.0004207575461030198
2007-03-29,0.00024180469614300932
2007-03-30,0.004080047690559025
2007-04-02,-0.0011431453352472613
2007-04-03,0.001490803420852566
2007-04-04,-0.00026996887235373004
2007-04-05,0.0004818693564503173
2007-04-09,-0.003049983131310306
2007-04-10,-0.0020354653310183167
2007-04-11,0.0005614499857359074
2007-04-12,-0.003283815855017923
2007-04-13,0.0034793946356657082
2007-04-16,-0.004527620053238118
2007-04-17,0.004036571283550847
2007-04-18,0.0014024049275834021
2007-04-19,0.005292618572330765
2007-04-20,-0.00032340132176293917
2007-04-23,-0.0032371710372028958
2007-04-24,0.007620481853081834
2007-04-25,0.0038900664541920925
2007-04-26,0.002467220546286292
2007-04-27,-0.00034583820173858277
2007-04-30,0.005650990885526452
2007-05-01,0.0013149358515888634
2007-05-02,-0.0021656858479180805
2007-05-03,9.88833708507664e-05
2007-05-04,0.001051950393654059
2007-05-07,0.0019649340422324925
2007-05-08,-0.0010371520153027245
2007-05-09,0.0008651839482371472
2007-05-10,0.001157782730263476
2007-05-11,-0.0034700866993346365
2007-05-14,0.0029380269148857148
2007-05-15,-0.0006692717413706197
2007-05-16,0.0018584961313223207
2007-05-17,-0.008766479404734571
2007-05-18,-0.0014078403575296429
2007-05-21,0.0002350701490808864
2007-05-22,0.0038376907463826882
2007-05-23,-0.003488525374289583
2007-05-24,0.005456002160711163
2007-05-25,0.0002864199027631485
2007-05-29,0.0010869216425841073
2007-05-30,-0.0052176970932060005
2007-05-31,0.00637949330293016
2007-06-01,-0.0019915478753022697
2007-06-04,-0.0018448034664222458
2007-06-05,0.0002896056607589114
2007-06-06,0.0021155866793883416
2007-06-07,0.0036522825714064727
2007-06-08,-0.003856829687822927
2007-06-11,-0.00310095373520812
2007-06-12,0.0020249793044101344
2007-06-13,-0.005679369959429484
2007-06-14,-1.1725735913389448e-05
2007-06-15,0.002936965504104704
2007-06-18,0.002062445228619618
2007-06-19,-0.00245487751464333
2007-06-20,0.007004733681230193
2007-06-21,0.00017594873442154028
2007-06-22,-0.0006610004545963949
2007-06-25,0.007166744501083615
2007-06-26,0.006035466257344134
2007-06-27,0.003653018449687563
2007-06-28,0.0008486381709699256
2007-06-29,-0.002345609300728248
2007-07-02,0.000707931066428283
2007-07-03,0.0027241621206649186
2007-07-05,0.00401728317114877
2007-07-06,-0.0036211991230162975
2007-07-09,0.0010947631083471593
2007-07-10,0.006101637801763877
2007-07-11,0.0012771889436036883
2007-07-12,-7.708539331723082e-05
2007-07-13,-0.002722447728254124
2007-07-16,0.008500043971678351
2007-07-17,0.0029378993023761843
2007-07-18,-0.006713831082843762
2007-07-19,0.004466279638913356
2007-07-20,0.0020635141663108486
2007-07-23,0.005144461540046018
2007-07-24,0.007087503581868648
2007-07-25,0.007529571639804077
2007-07-26,0.008627046794771725
2007-07-27,0.0018480144609095877
2007-07-30,-0.004520237821181019
2007-07-31,0.0042569403661178165
2007-08-01,0.011833485061637375
2007-08-02,0.0037445053056329625
2007-08-03,0.011237449713326492
2007-08-06,-0.004890039668899214
2007-08-07,-0.011012135755774472
2007-08-08,-0.007391326169818315
2007-08-09,0.005574215077404692
2007-08-10,-0.0030383607972083943
2007-08-13,0.0038640225861981334
2007-08-14,0.007353788241774957
2007-08-15,0.009782967253738886
2007-08-16,-0.005378187918501538
2007-08-17,-0.010958082989176065
2007-08-20,0.0030623727348183995
2007-08-21,0.006944886103053964
2007-08-22,-0.00340794398227879
2007-08-23,-0.0015037721827890992
2007-08-24,-0.0031538965189375242
2007-08-27,0.00813377558080139
2007-08-28,0.005196473732807313
2007-08-29,0.001727257083485762
2007-08-30,0.002775885019670918
2007-08-31,-0.004837351844207245
2007-09-04,-0.0034148558167767353
2007-09-05,0.0030879310553192617
2007-09-06,0.0006964789669280483
2007-09-07,-0.001997006786263082
2007-09-10,0.0036889521687690527
2007-09-11,0.0028609056622887056
2007-09-12,-0.0037519271381583666
2007-09-13,-0.010898160259119572
2007-09-14,-0.005747167439450851
2007-09-17,0.0028980649378101244
2007-09-18,-0.011300798987389619
2007-09-19,-0.0015048448441486262
2007-09-20,0.003404020422135064
2007-09-21,9.013046738973067e-06
2007-09-24,0.011392982265064282
2007-09-25,0.00643617472571379
2007-09-26,-0.003439227912484972
2007-09-27,-0.00612611658087294
2007-09-28,0.00020673781109920172
2007-10-01,-0.006145480369372819
2007-10-02,-0.0031196433829294673
2007-10-03,-0.005570125724839973
2007-10-04,0.0005144860136508858
2007-10-05,-0.0029029802808067727
2007-10-08,0.009470636992308675
2007-10-09,-0.007129624251517649
2007-10-10,-0.0048360451863024515
2007-10-11,-0.0023233788140345347
2007-10-12,0.004367294531222378
2007-10-15,-0.00466411555309744
2007-10-16,0.007483556038804542
2007-10-17,0.013526858185068505
2007-10-18,-0.0033271384248203186
2007-10-19,0.01588467989093001
2007-10-22,0.004771718645979975
2007-10-23,-0.00020080070160700885
2007-10-24,-0.006033530622438009
2007-10-25,-0.008863215873523641
2007-10-26,-0.013852578539064811
2007-10-29,-0.0005261480783233874
2007-10-30,0.01427355870317636
2007-10-31,-0.005591943661048549
2007-11-01,0.011266793028974577
2007-11-02,0.004096593829025488
2007-11-05,0.00516032328513671
2007-11-06,-0.010540857231354834
2007-11-07,0.014925112160896046
2007-11-08,-0.016559600137916446
2007-11-09,-0.0027196840097914077
2007-11-12,0.015276508243229864
2007-11-13,-0.005179751577319716
2007-11-14,-0.0034223624113612567
2007-11-15,0.018618969469620356
2007-11-16,0.002379507961263403
2007-11-19,0.011465922935621322
2007-11-20,0.010046251269392584
2007-11-21,0.00710409731324483
2007-11-23,-0.011733889092722006
2007-11-26,0.00779480657728553
2007-11-27,0.005072385812482953
2007-11-28,-0.011586391141574946
2007-11-29,0.0004518801804071405
2007-11-30,-0.018449389018354335
2007-12-03,0.002144038152329721
2007-12-04,0.01166181818488779
2007-12-05,-0.006423561038001338
2007-12-06,-0.018521111848063675
2007-12-07,-0.0008309165396676287
2007-12-10,-0.006699316663048585
2007-12-11,0.01701001467054417
2007-12-12,-0.002622479663338279
2007-12-13,-0.0011353241120825076
2007-12-14,-9.541514031437487e-05
2007-12-17,-0.0015231608420502667
2007-12-18,-0.0015780617960826778
2007-12-19,-0.0012991051060203698
2007-12-20,0.0056366145389117744
2007-12-21,-0.008154205662211035
2007-12-24,-0.004384833852687785
2007-12-26,-0.0033830378299259107
2007-12-27,0.0031463605789286784
2007-12-28,-0.0012355606085127438
2007-12-31,-0.0068509059025922
2008-01-02,-0.006361457472984792
2008-01-03,-0.006276918047916014
2008-01-04,0.005069320938578348
2008-01-07,0.017434641090534594
2008-01-08,0.0193458295822163
2008-01-09,-0.0017302887981301349
2008-01-10,-0.01377195169149838
2008-01-11,-0.007880418612953622
2008-01-14,-0.008769743876089845
2008-01-15,0.018000483629947633
2008-01-16,0.008656574264313904
2008-01-17,0.023281289741274348
2008-01-18,-0.0062403611737063625
2008-01-22,-0.014702284861570132
2008-01-23,-0.011971691475818185
2008-01-24,-0.009501781997690683
2008-01-25,-0.005517190999557757
2008-01-28,-0.009353180976457397
2008-01-29,-0.0036831873179092207
2008-01-30,0.0063353574036233
2008-01-31,0.00030454001343187563
2008-02-01,-0.009180580030362212
2008-02-04,-0.002111282200374051
2008-02-05,0.014139993862103161
2008-02-06,0.0046466485911119855
2008-02-07,-0.017011470262286613
2008-02-08,-0.004771917182839842
2008-02-11,0.00012915840197901866
2008-02-12,0.00962351621545522
2008-02-13,-0.0009881893034933843
2008-02-14,-0.0051586279048815385
2008-02-15,-0.0012871106962099414
2008-02-19,-0.013573326408262828
2008-02-20,-0.009364725746773007
2008-02-21,0.00533795269996717
2008-02-22,0.00030843580491433866
2008-02-25,-0.004341824545218417
2008-02-26,0.001022670582437261
2008-02-27,0.0052402335028600994
2008-02-28,-0.003468080602747953
2008-02-29,0.010672948066620568
2008-03-03,-0.0018359750550718547
2008-03-04,0.013329689016253218
2008-03-05,-0.005619452775922746
2008-03-06,0.009077234644954975
2008-03-07,0.012328363155826584
2008-03-10,0.017304194798364033
2008-03-11,-0.022495723590591262
2008-03-12,0.0033622551160209834
2008-03-13,-0.012089188040606408
2008-03-14,0.013864947873516869
2008-03-17,0.050962913920879885
2008-03-18,-0.03987039847827613
2008-03-19,0.02283198674332216
2008-03-20,-0.0122469369355764
2008-03-24,-0.01677306567106303
2008-03-25,-0.007978989204588541
2008-03-26,-0.008204272279061018
2008-03-27,0.013329676357635007
2008-03-28,0.005581069048785103
2008-03-31,0.0004775743367704534
2008-04-01,-0.01538708316429441
2008-04-02,-0.005928004663570745
2008-04-03,0.00048741920273967206
2008-04-04,-0.005508540128879426
2008-04-07,-0.0011758341316789893
2008-04-08,-0.007756360852594752
2008-04-09,0.00014135114844465117
2008-04-10,0.010442192768327996
2008-04-11,0.002983978593401537
2008-04-14,-0.0019431899089790384
2008-04-15,-0.004460715792529817
2008-04-16,-0.010416119769961076
2008-04-17,-0.008191748559627168
2008-04-18,-0.0031342463292996147
2008-04-21,0.0029185678889092005
2008-04-22,0.00015808614831353674
2008-04-23,0.01026636952099211
2008-04-24,0.00423074240449132
2008-04-25,-0.019115403886082617
2008-04-28,0.007435984338687042
2008-04-29,0.021879266145539214
2008-04-30,0.001994879691417828
2008-05-01,0.01618191980992376
2008-05-02,-0.013214757510509757
2008-05-05,-0.0018387000007303183
2008-05-06,-0.012815859208916494
2008-05-07,0.00439065423569065
2008-05-08,-0.0035946297619304356
2008-05-09,0.004940189105965408
2008-05-12,-6.689893577914151e-05
2008-05-13,-0.004091564046549439
2008-05-14,0.0063409790348756346
2008-05-15,-0.006599622374359699
2008-05-16,-0.0072784036722025065
2008-05-19,0.004941228783443636
2008-05-20,-0.0036106719583114785
2008-05-21,0.01327713940266764
2008-05-22,0.006421742292183801
2008-05-23,0.008735795542375776
2008-05-27,0.007760899258482417
2008-05-28,-0.009058158858414956
2008-05-29,0.01890668638250777
2008-05-30,-0.0031508754727058415
2008-06-02,-0.0037259408805609667
2008-06-03,0.005508025479053199
2008-06-04,0.013620235541478188
2008-06-05,-0.013240169662705522
2008-06-06,-0.002079342589609678
2008-06-09,-0.00419861491622414
2008-06-10,0.008676467152217298
2008-06-11,-0.00460071067929267
2008-06-12,0.007752243404281545
2008-06-13,-0.006630941524136086
2008-06-16,-0.004758294755924544
2008-06-17,-0.00600216120675762
2008-06-18,-0.010515993342511626
2008-06-19,0.010196080684739416
2008-06-20,-0.006800571729456984
2008-06-23,-0.019507094045375817
2008-06-24,0.009423313420705296
2008-06-25,0.013542613365574236
2008-06-26,-0.005231233756320511
2008-06-27,-0.00824072411212105
2008-06-30,0.0007658492221039676
2008-07-01,-0.004487504833096408
2008-07-02,0.014577276681106376
2008-07-03,-0.0006440284963537506
2008-07-07,0.013593622425830178
2008-07-08,0.010351469762238047
2008-07-09,0.011103022741752249
2008-07-10,-9.741343038477462e-05
2008-07-11,0.009161753790754823
2008-07-14,0.0003239232564317342
2008-07-15,0.03149329660327848
2008-07-16,-0.006753285471255169
2008-07-17,-0.01133984910846838
2008-07-18,-0.019749080172097387
2008-07-21,-0.024131417959334503
2008-07-22,-0.002378478512225526
2008-07-23,0.03367720898750267
2008-07-24,0.019482122522983862
2008-07-25,0.003536294818305547
2008-07-28,0.0006573132971843364
2008-07-29,-0.00485898266418389
2008-07-30,-0.030414009422125018
2008-07-31,0.022661972468153074
2008-08-01,0.002128690423175829
2008-08-04,0.040382681681014054
2008-08-05,0.00021651394102968188
2008-08-06,-0.009041340111392945
2008-08-07,0.01861521630376567
2008-08-08,0.023029511898053516
2008-08-11,0.013205399337814413
2008-08-12,0.009243265036918054
2008-08-13,-0.01936272079389761
2008-08-14,0.0034172822041695135
2008-08-15,0.011489841380549001
2008-08-18,0.01429578128117334
2008-08-19,-0.018413533018407417
2008-08-20,-0.011302921066808858
2008-08-21,-0.008061911225661389
2008-08-22,0.01448385790121132
2008-08-25,-0.001438129396981999
2008-08-26,-0.01682380071912972
2008-08-27,-0.01581797903415085
2008-08-28,-0.002650838367443345
2008-08-29,-0.004378396599573569
2008-09-02,0.02416516224049954
2008-09-03,-0.004328077079968609
2008-09-04,0.007999196882570572
2008-09-05,-0.011588466585500955
2008-09-08,0.040401718172270895
2008-09-09,0.04329519473683822
2008-09-10,-0.006837738151701504
2008-09-11,0.00927226112272361
2008-09-12,3.0493491580209543e-05
2008-09-15,0.06724530939898425
2008-09-16,-0.027298334418610532
2008-09-17,0.022899164269455156
2008-09-18,-0.0016366971253894088
2008-09-19,-0.12362470063007068
2008-09-22,-0.02323238786259917
2008-09-23,0.01428146024658657
2008-09-24,0.018023874512587412
2008-09-25,0.011973034917308977
2008-09-26,0.014934399319026029
2008-09-29,0.04166864829346938
2008-09-30,-0.02289653022351496
2008-10-01,-0.014699534305911185
2008-10-02,0.04168878683477169
2008-10-03,-0.000208893722160816
2008-10-06,0.005591328170577654
2008-10-07,0.028448452696802896
2008-10-08,-0.022143989747177965
2008-10-09,0.04666838691969157
2008-10-10,0.011004269003319828
2008-10-13,-0.05256582700963309
2008-10-14,-0.019379665016688565
2008-10-15,0.050613027806353
2008-10-16,-0.005841654430651886
2008-10-17,-0.007574690311527202
2008-10-20,-0.03397355930999034
2008-10-21,-0.004941509640928261
2008-10-22,0.051123455585764206
2008-10-23,-0.003943451236425292
2008-10-24,0.015059738966810496
2008-10-27,0.046031409246013885
2008-10-28,-0.007059279597388077
2008-10-29,-0.03161280684066485
2008-10-30,-0.006034413688505122
2008-10-31,-0.016772260817339527
2008-11-03,0.011328158925862688
2008-11-04,-0.03374839409746683
2008-11-05,0.006079768517376199
2008-11-06,0.018223050467785173
2008-11-07,-0.009498144518717291
2008-11-10,-0.017524635541874643
2008-11-11,0.004579661544348997
2008-11-12,0.023291896555063144
2008-11-13,-0.016944835056631215
2008-11-14,0.006515836980482879
2008-11-17,0.010805130722390392
2008-11-18,-0.000940252801371019
2008-11-19,0.02151041891285716
2008-11-20,0.06888987786896202
2008-11-21,-0.032816939702098376
2008-11-24,-0.05484341841422718
2008-11-25,-0.011865455548774953
2008-11-26,-0.021754807665084232
2008-11-28,0.015520630564137654
2008-12-01,0.05603646930361429
2008-12-02,-0.007553643061182136
2008-12-03,0.013168623034013456
2008-12-04,0.028034883818151064
2008-12-05,0.004452294499379053
2008-12-08,-0.04858504911727867
2008-12-09,-0.0008484082979911396
2008-12-10,-0.02934922481328097
2008-12-11,1.7220324367100102e-06
2008-12-12,0.021268301436931803
2008-12-15,-0.002901508014844865
2008-12-16,-0.010916239511362526
2008-12-17,-0.002708425811307665
2008-12-18,0.03645622736777036
2008-12-19,0.001301470474095403
2008-12-22,0.004682062710704888
2008-12-23,-0.007625631724561873
2008-12-24,-0.00028113552674186986
2008-12-26,-0.006415753115537832
2008-12-29,-0.012240287429493348
2008-12-30,-0.0016722269292488363
2008-12-31,-0.007857022844882228
2009-01-02,-0.017037424885721297
2009-01-05,-0.010365551819771484
2009-01-06,-0.00543536924020069
2009-01-07,0.015546299493665214
2009-01-08,-0.009108128692008851
2009-01-09,0.008773143344772121
2009-01-12,0.027633925486843226
2009-01-13,-0.010430958112644068
2009-01-14,0.01700928073972334
2009-01-15,0.006146411091494766
2009-01-16,0.006242804760640709
2009-01-20,0.03335720075160556
2009-01-21,-0.03486706599719012
2009-01-22,0.013022125198934947
2009-01-23,-0.018468868409228012
2009-01-26,-0.0022235808381793607
2009-01-27,-0.006542794699229894
2009-01-28,-0.019684849956134877
2009-01-29,0.01570597580062502
2009-01-30,0.01160025720745468
2009-02-02,0.01960399653984325
2009-02-03,0.0130950622309816
2009-02-04,-0.018981902019214607
2009-02-05,-0.00705359365222931
2009-02-06,-0.008438800875017392
2009-02-09,-0.010927342952731438
2009-02-10,0.014693208182526809
2009-02-11,-0.006596876743014085
2009-02-12,0.0051734142581331966
2009-02-13,-0.003241721276270699
2009-02-17,0.03687710274184348
2009-02-18,0.00702594465386567
2009-02-19,0.00676128666307251
2009-02-20,0.011786223838809446
2009-02-23,0.019885679526510693
2009-02-24,-0.007825304230478374
2009-02-25,0.0020911154513376584
2009-02-26,-0.0322644052480182
2009-02-27,0.016517443967159002
2009-03-02,0.04024030622768386
2009-03-03,-0.0067042086119572285
2009-03-04,-0.014082040930435387
2009-03-05,0.014191257693233325
2009-03-06,-0.004178831325204687
2009-03-09,-0.019866143309415406
2009-03-10,-0.02521253893822312
2009-03-11,0.00987860321552112
2009-03-12,-0.0016194754352712917
2009-03-13,0.017148973323671022
2009-03-16,-0.04146599822544312
2009-03-17,0.0011474844197884547
2009-03-18,-0.012764987301486586
2009-03-19,-0.018515619615895217
2009-03-20,0.022156293684026787
2009-03-23,-0.03762547893380199
2009-03-24,0.001116101578024382
2009-03-25,-0.0034577420626580513
2009-03-26,0.021413069436533597
2009-03-27,0.016331307097523607
2009-03-30,0.024661231801032243
2009-03-31,-0.0038678926305018525
2009-04-01,0.0007142490455402592
2009-04-02,-0.01220895027578213
2009-04-03,-0.010785612894640074
2009-04-06,0.02071752371509387
2009-04-07,0.004111784010848529
2009-04-08,0.004851475065606279
2009-04-09,-0.03072936075546604
2009-04-13,-0.03347944755310943
2009-04-14,0.0043015142675101444
2009-04-15,-0.0071906684553851635
2009-04-16,0.0033514042156023867
2009-04-17,-0.008728929048904446
2009-04-20,0.039989123703308024
2009-04-21,-0.018171666663418323
2009-04-22,0.00492157772637904
2009-04-23,-0.004633396328487091
2009-04-24,-0.01802559866399994
2009-04-27,0.017841994772539806
2009-04-28,0.008377564527730337
2009-04-29,-0.016497161606498063
2009-04-30,0.010157809790682943
2009-05-01,-0.014837605211331257
2009-05-04,-0.030539691788945715
2009-05-05,0.002009244383832023
2009-05-06,-0.04083164881828377
2009-05-07,-0.008555611694769634
2009-05-08,-0.04221471530802053
2009-05-11,0.024045622478398747
2009-05-12,-0.0025473751186558258
2009-05-13,0.0214700013962892
2009-05-14,-0.006350729135854202
2009-05-15,0.0103643770143457
2009-05-18,-0.01674483178569545
2009-05-19,-0.00032820081527874123
2009-05-20,-0.001142104814233217
2009-05-21,0.013763229111047466
2009-05-22,-0.001842552670908065
2009-05-26,-0.0005821931190419617
2009-05-27,0.0019283832149396118
2009-05-28,-0.014812688029267737
2009-05-29,-0.007957508722681828
2009-06-01,-0.007470438763843881
2009-06-02,-0.00020233316924566077
2009-06-03,0.021018158371761176
2009-06-04,-0.01836940001552821
2009-06-05,0.002324110303570834
2009-06-08,0.00882505582076638
2009-06-09,-0.006832439051669842
2009-06-10,-0.003218607130941724
2009-06-11,-0.010918999548859033
2009-06-12,0.011425831465458336
2009-06-15,0.010037810161643946
2009-06-16,0.008045378105521592
2009-06-17,0.020259008993804808
2009-06-18,-0.0028275489857108047
2009-06-19,0.006562090135721721
2009-06-22,0.027749291702355343
2009-06-23,-0.008869672101871555
2009-06-24,0.004916203662261109
2009-06-25,3.174664265625772e-05
2009-06-26,0.0037081815717663505
2009-06-29,0.00644122479503385
2009-06-30,0.00628378374912913
2009-07-01,0.009888810796953558
2009-07-02,0.009101526784589753
2009-07-06,0.013649457202209397
2009-07-07,0.0012526464752090091
2009-07-08,0.00390324914097454
2009-07-09,0.0004102574104204917
2009-07-10,0.0018794944130953457
2009-07-13,-0.014777786071280663
2009-07-14,-0.0016398994258690792
2009-07-15,-0.005957967896888827
2009-07-16,0.002733663364361264
2009-07-17,0.0021226341551662453
2009-07-20,-0.0032957083889035114
2009-07-21,0.0032328365545894683
2009-07-22,0.015304666157250329
2009-07-23,-0.0076654168238416065
2009-07-24,-0.003790620755552455
2009-07-27,-0.001776456520075758
2009-07-28,0.005439470141667067
2009-07-29,0.007433301027948775
2009-07-30,-0.01215267503934458
2009-07-31,-0.005384596212332288
2009-08-03,-0.017115973711054056
2009-08-04,-0.003742698529373395
2009-08-05,-0.023326639826238678
2009-08-06,-0.00250570253856643
2009-08-07,-0.006280685843832195
2009-08-10,-0.007066362777082094
2009-08-11,0.014182113779086469
2009-08-12,-0.004740417805568323
2009-08-13,-0.006644764679598978
2009-08-14,0.007808339526614964
2009-08-17,0.00970458287253139
2009-08-18,-0.006625598707561676
2009-08-19,-0.0024295833036144863
2009-08-20,-0.00916943491120837
2009-08-21,-0.007929624854215871
2009-08-24,-0.0027295091041682285
2009-08-25,0.008657678433358375
2009-08-26,0.001230327277618448
2009-08-27,-0.0077952057469699
2009-08-28,0.0012669378290416716
2009-08-31,0.009383249923249886
2009-09-01,0.008906279299803914
2009-09-02,0.003911396438800585
2009-09-03,-0.004629741861535926
2009-09-04,0.0014985060878969637
2009-09-08,-0.003588211116610446
2009-09-09,-2.7417465219405424e-05
2009-09-10,-0.0009632347452374661
2009-09-11,-0.006307577127353383
2009-09-14,-0.00955989933348705
2009-09-15,-0.009621084383488568
2009-09-16,-0.019058194161169318
2009-09-17,-0.0033254769974908455
2009-09-18,0.006280734613263031
2009-09-21,-0.0008805742792736116
2009-09-22,-0.010906245423915549
2009-09-23,0.010952842542892685
2009-09-24,0.008579777808540827
2009-09-25,0.0038666594429074418
2009-09-28,-0.001703260548456643
2009-09-29,-0.0016690606945987964
2009-09-30,0.0017154205128948146
2009-10-01,0.009042787154586418
2009-10-02,0.0015244437080566523
2009-10-05,-0.0140873560457057
2009-10-06,-0.0025131771434811646
2009-10-07,-0.005122653295544668
2009-10-08,-0.007426777244868864
2009-10-09,0.002044403836432255
2009-10-12,-0.002191012970445243
2009-10-13,-0.0011903788959130707
2009-10-14,-0.003907718484014433
2009-10-15,-0.007015305936817753
2009-10-16,0.0029888223248134204
2009-10-19,0.002320133523958781
2009-10-20,0.00364732780509957
2009-10-21,0.003185284736625238
2009-10-22,-0.004860233123620369
2009-10-23,0.016314676711488445
2009-10-26,0.012837179413089908
2009-10-27,-0.002377387099028659
2009-10-28,0.019418477743774847
2009-10-29,-0.0136333552105077
2009-10-30,0.011283394444306654
2009-11-02,-0.0023969195382192157
2009-11-03,-0.019809763063793208
2009-11-04,0.006742709011852105
2009-11-05,-0.006420993890600809
2009-11-06,0.013335113203709012
2009-11-09,-0.002098334501088764
2009-11-10,0.002020076237081678
2009-11-11,0.0048866970275530655
2009-11-12,0.01924567906996544
2009-11-13,0.003613252027686626
2009-11-16,-0.0071637985567964265
2009-11-17,0.003278024802567775
2009-11-18,0.004448292703130508
2009-11-19,0.004436517030343454
2009-11-20,0.004208313506910804
2009-11-23,0.001674796265024619
2009-11-24,-0.0013135356674142166
2009-11-25,-0.0037108823709052826
2009-11-27,0.005321059941387594
2009-11-30,0.0016006090914376112
2009-12-01,-0.001558844782988713
2009-12-02,0.00599434056320032
2009-12-03,0.017396018919699753
2009-12-04,0.0052398845094938735
2009-12-07,0.010987990098627838
2009-12-08,0.00032346292773081654
2009-12-09,0.0008551843726570747
2009-12-10,-0.0009833410730003959
2009-12-11,0.0010185234814520023
2009-12-14,-0.010786254730183405
2009-12-15,-0.003175925439444595
2009-12-16,-0.0021584377973137055
2009-12-17,0.0016837939637460064
2009-12-18,-0.0022437670807090543
2009-12-21,-0.0013933878148307717
2009-12-22,-0.0030287205569676807
2009-12-23,0.00026251671924429365
2009-12-24,-0.001311635819818803
2009-12-28,-0.0016860181195374271
2009-12-29,0.005672389558033517
2009-12-30,0.004551194092551008
2009-12-31,-0.0015953512633576491
2010-01-04,-0.01334891298886202
2010-01-05,-0.01009715676992985
2010-01-06,-0.013676505317978347
2010-01-07,-0.007576586488468059
2010-01-08,-0.006125914636789226
2010-01-11,0.007335107465641707
2010-01-12,0.005911168225855184
2010-01-13,-0.0013470138037677897
2010-01-14,-0.001610387527088058
2010-01-15,0.005515912980547544
2010-01-19,-0.0018070087786280972
2010-01-20,0.0007889126529613341
2010-01-21,0.01321406849858637
2010-01-22,0.0019807156092189254
2010-01-25,-0.0015788537296991792
2010-01-26,0.008363121865484607
2010-01-27,0.003589650840685175
2010-01-28,-0.0052508103628200594
2010-01-29,0.0035494652221029752
2010-02-01,-0.014091837334345755
2010-02-02,-0.0008499784563471206
2010-02-03,0.0030815229209079304
2010-02-04,0.014728566367130217
2010-02-05,-0.0016865013561968203
2010-02-08,0.01095674242893833
2010-02-09,-0.009599823659552635
2010-02-10,-0.005188526206046903
2010-02-11,-0.007788277752917118
2010-02-12,-0.0018855786191720823
2010-02-16,-0.010689537525674383
2010-02-17,0.0038149172490213883
2010-02-18,-0.0032785222410451355
2010-02-19,-0.0027905230350507423
2010-02-22,-0.0012197910672051022
2010-02-23,0.011219530537676405
2010-02-24,0.0005184964417147853
2010-02-25,-0.0026479822486787253
2010-02-26,-0.00032838161248511757
2010-03-01,0.002970474330281264
2010-03-02,-0.008859896677214426
2010-03-03,-0.004191551264591459
2010-03-04,0.0020244825087304195
2010-03-05,-0.006778795891922526
2010-03-08,0.003990432995685821
2010-03-09,-0.0014051624792523166
2010-03-10,-0.005342414959616295
2010-03-11,-0.0010882945555841083
2010-03-12,-0.0024213234806977554
2010-03-15,0.008434142187682141
2010-03-16,-0.004783875580280603
2010-03-17,0.0005268156910410648
2010-03-18,0.010238446767325226
2010-03-19,0.0014843583054128067
2010-03-22,0.006813364178467186
2010-03-23,-0.00025963195095039847
2010-03-24,-0.0019376995559751034
2010-03-25,0.012578872246421364
2010-03-26,-0.0032676748829252224
2010-03-29,-0.012781980779028215
2010-03-30,0.004114701184949375
2010-03-31,-0.0053514157641979775
2010-04-01,-0.008073233782984532
2010-04-05,-0.008925082540951633
2010-04-06,9.915660666450806e-05
2010-04-07,0.0014257634731345025
2010-04-08,0.0014276634777478825
2010-04-09,0.0013319819544249927
2010-04-12,-0.0003737696761097034
2010-04-13,0.0064616728398969574
2010-04-14,-0.00031387610041679493
2010-04-15,0.004932338087363451
2010-04-16,0.01054269146409786
2010-04-19,-0.001289784218460995
2010-04-20,-0.006974844164159737
2010-04-21,-0.0011137828312539281
2010-04-22,-0.0019158235265010883
2010-04-23,-0.01132245953728575
2010-04-26,0.006734986353321424
2010-04-27,0.0115756355553112
2010-04-28,-0.007989868200774628
2010-04-29,0.006181688947645171
2010-04-30,0.007444242115891729
2010-05-03,0.0008120379864541959
2010-05-04,0.005602591127821534
2010-05-05,0.0033799966584932345
2010-05-06,0.0007381158458104922
2010-05-07,-0.00017762720831063347
2010-05-10,-0.008902549811420721
2010-05-11,0.0019590584686588423
2010-05-12,-0.004111711840391718
2010-05-13,0.002249583695449433
2010-05-14,0.003269006925182643
2010-05-17,0.010269801827395524
2010-05-18,0.0029742035253369787
2010-05-19,0.0016351971255931818
2010-05-20,0.009101802814015044
2010-05-21,-0.015941362897032473
2010-05-24,0.018103367858820933
2010-05-25,-0.007976735156764381
2010-05-26,-0.00349386425982996
2010-05-27,-0.008794646681628255
2010-05-28,0.00793390772458992
2010-06-01,0.024774617953473348
2010-06-02,-0.02064169941006488
2010-06-03,-0.0026395032986892726
2010-06-04,0.005769342145155697
2010-06-07,0.003870963404854282
2010-06-08,-0.006251953113683909
2010-06-09,0.002674433839097144
2010-06-10,-0.015973512014089038
2010-06-11,-0.00033639356266644104
2010-06-14,0.000643664167762408
2010-06-15,-0.007854407824674583
2010-06-16,0.0020192606601099443
2010-06-17,0.004266271982071599
2010-06-18,-0.003766661916686768
2010-06-21,-0.00652449572806508
2010-06-22,0.009541066673184844
2010-06-23,0.0011378027196139145
2010-06-24,0.0046553101839742796
2010-06-25,-0.011940542102148106
2010-06-28,0.011867945305530557
2010-06-29,0.01151264376087765
2010-06-30,-0.0008223278038711347
2010-07-01,0.005300874378641776
2010-07-02,0.0005166018835993634
2010-07-06,-0.0028877432280860356
2010-07-07,-0.012516874758294369
2010-07-08,-0.0045619664588467945
2010-07-09,-0.0052304910557073835
2010-07-12,0.011598820161531662
2010-07-13,-0.000315114458810538
2010-07-14,-0.0005182320168897734
2010-07-15,0.0035830868827635073
2010-07-16,0.0018799205641361742
2010-07-19,-0.002334116560714685
2010-07-20,-0.01426449373708691
2010-07-21,-0.0036288691867599086
2010-07-22,-0.004046912082904488
2010-07-23,-0.007594065227128557
2010-07-26,-0.002360711732064914
2010-07-27,0.009031780266356043
2010-07-28,-0.0009858483108207356
2010-07-29,-0.013032032254070536
2010-07-30,0.0018207253055357582
2010-08-02,-0.011691997566301068
2010-08-03,0.0052231936281663775
2010-08-04,0.0024201885046759722
2010-08-05,0.003929213656206979
2010-08-06,-0.00023095025692269574
2010-08-09,0.004264384886797935
2010-08-10,0.004867594268186927
2010-08-11,0.011846061522936834
2010-08-12,0.00038707370165855866
2010-08-13,-0.0006547860422830138
2010-08-16,-0.004914857964340495
2010-08-17,-0.004354584292603849
2010-08-18,0.0030306980898968006
2010-08-19,0.007218063441320152
2010-08-20,0.0045527117432522714
2010-08-23,0.001217489988103993
2010-08-24,0.004026454255346155
2010-08-25,0.005951533828208283
2010-08-26,0.0022700564339950807
2010-08-27,-0.011207268962420506
2010-08-30,0.0021120310345327264
2010-08-31,-0.0007674414945482974
2010-09-01,-0.010133730614267516
2010-09-02,-0.00018541722614659971
2010-09-03,-0.0029164991252696735
2010-09-07,0.004847278379963472
2010-09-08,-0.007816434211468878
2010-09-09,-0.00038084961390596203
2010-09-10,-0.0021318843165289247
2010-09-13,-0.003086537188200692
2010-09-14,0.009289992952465994
2010-09-15,0.0035725253526232405
2010-09-16,0.00216632493332793
2010-09-17,0.004083844875170227
2010-09-20,0.0005760431357438374
2010-09-21,0.004009821780435474
2010-09-22,0.0015422061823147535
2010-09-23,0.005152551362759079
2010-09-24,-0.003935272865796707
2010-09-27,0.004363394110636363
2010-09-28,0.0036522179399317597
2010-09-29,-0.011821136448911973
2010-09-30,-0.0009929452368002494
2010-10-01,-0.008966538045715509
2010-10-04,0.00969959825280394
2010-10-05,-0.0033080259346281813
2010-10-06,-0.007816247314972529
2010-10-07,4.708776602933365e-06
2010-10-08,-0.007210502763310018
2010-10-11,-0.0011424184529059485
2010-10-12,0.002229995619511487
2010-10-13,-0.002657898803029662
2010-10-14,0.012556991418021466
2010-10-15,0.008709335855879857
2010-10-18,7.990244587317029e-05
2010-10-19,0.004338098547893437
2010-10-20,-0.0021369210789874914
2010-10-21,0.005913412284458979
2010-10-22,0.0017915164835099898
2010-10-25,-0.0007108195385915296
2010-10-26,0.0004185817723785409
2010-10-27,-0.006140100456418364
2010-10-28,0.002681260076202838
2010-10-29,-0.0020197361312433767
2010-11-01,-0.0031010032248135477
2010-11-02,-0.005337684227195236
2010-11-03,0.001600029919645201
2010-11-04,-0.012449973792413168
2010-11-05,-0.008494478986140397
2010-11-08,-0.004149612601251026
2010-11-09,0.007199597203824684
2010-11-10,-0.006781570758318055
2010-11-11,-0.007525488443374309
2010-11-12,0.008107651735581058
2010-11-15,-0.0007966671542263344
2010-11-16,0.0036694631355087813
2010-11-17,-0.000713215847691929
2010-11-18,-0.0029130043588639597
2010-11-19,-0.004801682756202277
2010-11-22,0.0005655842025304274
2010-11-23,0.0049350547436880976
2010-11-24,-0.0028613705869951606
2010-11-26,0.002015908751791203
2010-11-29,-0.007464673470000294
2010-11-30,-0.0047276104504090834
2010-12-01,-0.005981269078738865
2010-12-02,-0.005678337362959556
2010-12-03,-0.002154530683240481
2010-12-06,-0.002855388552468278
2010-12-07,0.007681218029167396
2010-12-08,0.004650712096516617
2010-12-09,-0.0012495236908344376
2010-12-10,-0.0023988268547261585
2010-12-13,-0.0051163168917795
2010-12-14,0.0028465394590131295
2010-12-15,0.004705277407786595
2010-12-16,-0.002485882938232781
2010-12-17,-0.0010485415019596514
2010-12-20,-0.002467069012579791
2010-12-21,-0.00539038668092716
2010-12-22,-0.00037394461636648435
2010-12-23,-0.00013434622521594312
2010-12-27,0.0012252088106480701
2010-12-28,-0.0002496139640189902
2010-12-29,-0.005075835313345761
2010-12-30,-0.0034991505649640832
2010-12-31,-0.0010598138317053165
2011-01-03,0.00036257550044888195
2011-01-04,0.005175852268398247
2011-01-05,-0.00026145101336975024
2011-01-06,0.009473941904730512
2011-01-07,-0.001623582597845351
2011-01-10,0.0015296246833563793
2011-01-11,-0.015375240547757135
2011-01-12,0.0035661103165652843
2011-01-13,0.0031933928385558
2011-01-14,-0.002531025509463355
2011-01-18,-0.00658987030859547
2011-01-19,0.00880145414243422
2011-01-20,0.007059669940187491
2011-01-21,-0.002985525902499617
2011-01-24,0.0012318008711785194
2011-01-25,0.00906611204467069
2011-01-26,-0.014198754390202245
2011-01-27,0.010613854369175847
2011-01-28,-0.004871426074707614
2011-01-31,-0.01621404607905404
2011-02-01,-0.0015153524717565208
2011-02-02,-0.0019642759690808123
2011-02-03,0.001562421891456216
2011-02-04,0.008226489281094953
2011-02-07,-0.004396953528679302
2011-02-08,-0.000730245562945522
2011-02-09,0.0073715676154101645
2011-02-10,-0.0029514406896382368
2011-02-11,-0.001975345571337919
2011-02-14,-0.00887120326740643
2011-02-15,0.003100944672298923
2011-02-16,-0.0005384320390307405
2011-02-17,0.0033495598052186016
2011-02-18,0.004758192241935016
2011-02-22,0.002858441494168008
2011-02-23,-0.014415783595669272
2011-02-24,0.004301189349265433
2011-02-25,-0.004957207938193599
2011-02-28,0.006433421675344096
2011-03-01,0.0037891196986070794
2011-03-02,-0.004067870086917464
2011-03-03,-0.00249929923816056
2011-03-04,0.0016922306928331332
2011-03-07,0.00248088508777182
2011-03-08,0.0020869093370591307
2011-03-09,0.004897633545829901
2011-03-10,0.01603389363846681
2011-03-11,-0.00745669730749222
2011-03-14,-0.007190729441384046
2011-03-15,-0.005659216747992755
2011-03-16,-0.001983017403543411
2011-03-17,-0.006752168441226971
2011-03-18,0.0027344798014418024
2011-03-21,-0.010074949843409687
2011-03-22,-0.001255704446486548
2011-03-23,0.0015907038328359675
2011-03-24,0.006055740349298913
2011-03-25,-0.0038237780014819464
2011-03-28,0.002248081983500856
2011-03-29,-0.005696773904641517
2011-03-30,-0.0018356530891631144
2011-03-31,-0.0028300902227085807
2011-04-01,-0.00150471301684438
2011-04-04,0.0005991772158113828
2011-04-05,0.00021210596323438248
2011-04-06,0.011123008210418086
2011-04-07,-0.0007413998814470381
2011-04-08,-0.0007429542753496732
2011-04-11,0.008284519140733899
2011-04-12,0.012259319821778096
2011-04-13,-0.0009584824246057321
2011-04-14,0.002774887400379744
2011-04-15,-0.0016537052581968726
2011-04-18,-0.0025634803318396854
2011-04-19,-0.004154293875970271
2011-04-20,-0.0033393810148962216
2011-04-21,-0.004921750345677628
2011-04-25,0.0043424332305806125
2011-04-26,-0.000734358659877161
2011-04-27,0.008268484225628044
2011-04-28,0.005751010052709235
2011-04-29,-0.004604254762802027
2011-05-02,0.008673054406186997
2011-05-03,0.01151435093504239
2011-05-04,0.012278152386166438
2011-05-05,0.0030843834982371573
2011-05-06,0.00013671265716693127
2011-05-09,-0.009942171919388582
2011-05-10,-0.0006361478522612764
2011-05-11,0.012430340722040103
2011-05-12,0.004282945946466539
2011-05-13,0.00012315177745079767
2011-05-16,-0.002732259416053466
2011-05-17,-5.6445236427022436e-05
2011-05-18,-0.010346916801433537
2011-05-19,0.0017399493447251575
2011-05-20,-0.0033716694735824574
2011-05-23,0.004225114213422714
2011-05-24,-0.006503207159243823
2011-05-25,-0.007774041271441512
2011-05-26,-0.002721079043792516
2011-05-27,0.00047558373623588505
2011-05-31,0.004125970767897634
2011-06-01,0.003059373275917176
2011-06-02,-0.00583304032910278
2011-06-03,-0.004566894095023979
2011-06-06,0.00780936610388232
2011-06-07,0.00023972458829153977
2011-06-08,9.122160103329377e-05
2011-06-09,-0.0056897686080627586
2011-06-10,-0.00012738738455362846
2011-06-13,0.01082217696232001
2011-06-14,-0.009503185632354177
2011-06-15,0.0037820484687668184
2011-06-16,-0.000581799204837108
2011-06-17,0.0014218907949567754
2011-06-20,-0.0012582767784017354
2011-06-21,-0.0048176997977119
2011-06-22,-0.0024075025727113538
2011-06-23,0.0039366070699737386
2011-06-24,1.751618171750537e-05
2011-06-27,0.0009449615540041946
2011-06-28,-0.0102215323012189
2011-06-29,-0.0021088997717390403
2011-06-30,-0.004584792534782978
2011-07-01,0.0024984599934191874
2011-07-05,-0.0034901690799979553
2011-07-06,-0.0007522742214708422
2011-07-07,-0.0011872359246395206
2011-07-08,-0.0013051940245617365
2011-07-11,0.00837488703090853
2011-07-12,-0.0011213299460257206
2011-07-13,-0.0025177734641676397
2011-07-14,0.00032761529986734185
2011-07-15,-0.012419322052210064
2011-07-18,-0.0028648405111525374
2011-07-19,-0.002117913421795036
2011-07-20,-6.156265283742028e-05
2011-07-21,-0.0025410028808518707
2011-07-22,0.000425515805050849
2011-07-25,0.0017931837376380746
2011-07-26,0.0003502277551913164
2011-07-27,0.007885412270429784
2011-07-28,0.0009163020706949495
2011-07-29,-0.0024683368473361264
2011-08-01,0.0036778853258491906
2011-08-02,0.0006936006299200918
2011-08-03,0.004690340268672646
2011-08-04,0.014002777610251173
2011-08-05,0.008574910085627213
2011-08-08,0.016650403379173322
2011-08-09,-0.008373137063940448
2011-08-10,-0.0072885315967753
2011-08-11,-0.0038798592185631123
2011-08-12,-0.004405599277080643
2011-08-15,-0.003206688441064629
2011-08-16,0.013422543219123482
2011-08-17,2.474552694239351e-05
2011-08-18,0.014028235111068212
2011-08-19,0.002829157327915049
2011-08-22,0.005446033818124242
2011-08-23,-0.0034437218044585218
2011-08-24,-0.00492486209978021
2011-08-25,0.0033126725943514214
2011-08-26,-0.00832865735759059
2011-08-29,-0.0044107857870101476
2011-08-30,-0.003722803093708
2011-08-31,-0.0003733537417762479
2011-09-01,-0.000279198587942562
2011-09-02,0.0019131198511293081
2011-09-06,0.004706627140316801
2011-09-07,-0.006596366710566272
2011-09-08,0.00540924577029195
2011-09-09,0.005065958191416085
2011-09-12,0.0023529024855025024
2011-09-13,-0.0028480659881044337
2011-09-14,0.0031382220948404167
2011-09-15,-0.0038430602878582344
2011-09-16,0.00610078401569406
2011-09-19,0.00014744888425881808
2011-09-20,0.009172857192748917
2011-09-21,0.013912779123160971
2011-09-22,0.0226860607495099
2011-09-23,0.012007459897458205
2011-09-26,-0.015032784927358017
2011-09-27,-0.005681316105969049
2011-09-28,0.019976509613984044
2011-09-29,-0.0003682812021902369
2011-09-30,0.00899140778586362
2011-10-03,0.00647905375117727
2011-10-04,-0.01090437505893904
2011-10-05,-0.010348063279196386
2011-10-06,-0.011751842737161497
2011-10-07,0.007806169483337276
2011-10-10,-0.014650811779056992
2011-10-11,0.00034594194333155415
2011-10-12,0.00287757765046407
2011-10-13,0.008418308266584842
2011-10-14,-0.014085384914941997
2011-10-17,0.006375511523095819
2011-10-18,-0.0029573589810207982
2011-10-19,0.004030133965523594
2011-10-20,-0.005807204155225174
2011-10-21,-0.006608971605251214
2011-10-24,-0.014334907740321853
2011-10-25,0.001063038676370561
2011-10-26,-0.017905545526608935
2011-10-27,-0.021473629962415513
2011-10-28,-0.004524146774528328
2011-10-31,0.015287016406087215
2011-11-01,0.00443451370399941
2011-11-02,-0.0071089754704813735
2011-11-03,0.0003644366622726228
2011-11-04,-0.00250747776681626
2011-11-07,0.004329122295741122
2011-11-08,-0.0021091284011736304
2011-11-09,0.010061418008920638
2011-11-10,-3.268029248939633e-05
2011-11-11,-0.0010563632918436437
2011-11-14,0.00010613798452644171
2011-11-15,-0.0017265473238944787
2011-11-16,0.003310986710932117
2011-11-17,0.005250823816902838
2011-11-18,0.0023689008854654377
2011-11-21,0.0009515105083044136
2011-11-22,0.008860709528963617
2011-11-23,0.005775048369277416
2011-11-25,-0.0023609968828118932
2011-11-28,-0.005889486397878186
2011-11-29,-0.002700302627587627
2011-11-30,-0.024650387916899125
2011-12-01,0.00372299492796275
2011-12-02,-6.718869138757586e-05
2011-12-05,0.0009164750287128359
2011-12-06,0.0006888848252311992
2011-12-07,0.009688072574697223
2011-12-08,0.007689539414836674
2011-12-09,-0.007337246754773125
2011-12-12,0.01301030267013209
2011-12-13,0.004008109765570358
2011-12-14,0.014431799135807954
2011-12-15,0.005106646611220146
2011-12-16,-0.004679506235575341
2011-12-19,0.006679221220689993
2011-12-20,-0.008486443232591455
2011-12-21,-0.0022365450877156806
2011-12-22,-0.002265999941393847
2011-12-23,0.0023506926452877535
2011-12-27,0.00025026235642611395
2011-12-28,0.007118963190546035
2011-12-29,0.001276427877107345
2011-12-30,-0.0012668855338046209
2012-01-03,-0.013576847051758103
2012-01-04,0.001995162244508669
2012-01-05,0.004239765096410313
2012-01-06,0.001068441127912477
2012-01-09,0.00023346595571935693
2012-01-10,-0.0065234782368660885
2012-01-11,-0.0007433252457935692
2012-01-12,0.0019170702401604858
2012-01-13,0.007541487773994848
2012-01-17,0.001329659200570848
2012-01-18,-0.005765634664298574
2012-01-19,0.0009291386115595315
2012-01-20,0.002009545744341206
2012-01-23,-0.007383187581978912
2012-01-24,-0.0009783733925996525
2012-01-25,-0.011894854843130572
2012-01-26,0.010303692599175464
2012-01-27,-0.007398135979274339
2012-01-30,0.0058158551558731425
2012-01-31,0.003991783434566218
2012-02-01,-0.0023994923983722658
2012-02-02,-0.00997379314830578
2012-02-03,-0.0010111909331173533
2012-02-06,-0.0007756306879192402
2012-02-07,0.0023620819867315695
2012-02-08,0.005404150772769202
2012-02-09,-0.0031139981968079824
2012-02-10,0.0076809250630110815
2012-02-13,0.0012323714293440617
2012-02-14,0.00463345107335763
2012-02-15,-0.003508091159775201
2012-02-16,-0.0020005088297984845
2012-02-17,-0.0004764822544193538
2012-02-21,-0.009600769606072323
2012-02-22,-0.006171486069012672
2012-02-23,0.0032711789556727007
2012-02-24,-0.0015587685117602176
2012-02-27,0.006874909138340441
2012-02-28,0.008608910616092464
2012-02-29,0.006321594483052691
2012-03-01,-0.001866575490442486
2012-03-02,0.009895478384723195
2012-03-05,0.006645820397701512
2012-03-06,0.008619016258436772
2012-03-07,-0.0001751501491996398
2012-03-08,0.0014257347135845702
2012-03-09,0.0004892743690489255
2012-03-12,0.007941227994454953
2012-03-13,-0.007372951909520002
2012-03-14,0.005705756395395347
2012-03-15,0.0007810974846435473
2012-03-16,-0.007417223286547325
2012-03-19,-0.0017667766417479981
2012-03-20,0.012662587318267748
2012-03-21,0.006059513121711164
2012-03-22,0.013264583628098665
2012-03-23,-0.004048088960422036
2012-03-26,0.0036551488241630755
2012-03-27,0.007069583878401408
2012-03-28,0.008951123795400306
2012-03-29,-0.003919696947641126
2012-03-30,-0.0029697637371983014
2012-04-02,-0.004230710457137016
2012-04-03,0.0049960528226573216
2012-04-04,0.004602008845638789
2012-04-05,0.006398191871733429
2012-04-09,0.0065697133569200365
2012-04-10,-0.001338835824774835
2012-04-11,0.0031604552532695507
2012-04-12,-0.012740805465391124
2012-04-13,0.008675751895935313
2012-04-16,0.0032135863004297835
2012-04-17,-0.004470214816443895
2012-04-18,0.002309022371148007
2012-04-19,-0.0023005770971653862
2012-04-20,0.006211970544331727
2012-04-23,-0.00306024977070023
2012-04-24,-0.005974192666805185
2012-04-25,0.0025585302768243966
2012-04-26,0.0032988675507555445
2012-04-27,0.0024823686200804167
2012-04-30,-0.002788122597105619
2012-05-01,-0.004418592475498983
2012-05-02,0.010267594506023367
2012-05-03,0.004025531614959944
2012-05-04,0.008141577917532622
2012-05-07,0.004787884022664111
2012-05-08,0.0010865222792211973
2012-05-09,0.002840398175731585
2012-05-10,0.00645422599221413
2012-05-11,0.00797013708986102
2012-05-14,0.005835366315739036
2012-05-15,0.01490260158367647
2012-05-16,0.01055850229664444
2012-05-17,-0.0010123801551135646
2012-05-18,-0.0010394928352864979
2012-05-21,-0.016441593807636875
2012-05-22,0.004336855765229064
2012-05-23,-0.009341756264219571
2012-05-24,0.00965151300740717
2012-05-25,0.0032766130307139547
2012-05-29,-0.005279763567001616
2012-05-30,0.008800813912621355
2012-05-31,0.010019000268897155
2012-06-01,0.003896262796486092
2012-06-04,-6.818327987438317e-06
2012-06-05,-0.008252254526540881
2012-06-06,-0.004779985904416686
2012-06-07,-2.1240771115961564e-05
2012-06-08,0.00843444966418282
2012-06-11,0.010657721468257537
2012-06-12,-0.00814577141183995
2012-06-13,0.006619435400554023
2012-06-14,-0.0015173617474646068
2012-06-15,-0.00666299662709318
2012-06-18,0.007224542940126677
2012-06-19,-0.007937965989824814
2012-06-20,0.002755039228135892
2012-06-21,0.016891541712936223
2012-06-22,-0.00011530137728042709
2012-06-25,0.0036591902068261943
2012-06-26,0.0009319411235226368
2012-06-27,-0.01074487043759239
2012-06-28,-0.0024308597473306215
2012-06-29,-0.009316346666203469
2012-07-02,0.0048638094985327986
2012-07-03,-0.012700044876171438
2012-07-05,0.0048478183636851135
2012-07-06,0.010517268379742279
2012-07-09,0.004369954458601661
2012-07-10,0.009279227942478105
2012-07-11,-0.0034105102678093965
2012-07-12,0.0027341114894286413
2012-07-13,-0.002169510839193274
2012-07-16,-0.0013334598789865703
2012-07-17,0.0010537498538182944
2012-07-18,-0.004349687623501591
2012-07-19,-0.005779262068921198
2012-07-20,-0.008624423056756784
2012-07-23,-0.0009808256145059278
2012-07-24,0.005433267379429033
2012-07-25,-0.011754800105746257
2012-07-26,-0.009460951077862925
2012-07-27,-0.0029592716101474992
2012-07-30,0.002551797517591244
2012-07-31,0.003334390650248612
2012-08-01,-0.002942029112225102
2012-08-02,0.004705252734139336
2012-08-03,-0.003549810339937213
2012-08-06,-0.004080203055541966
2012-08-07,-0.011957559472025307
2012-08-08,0.0030612042277231525
2012-08-09,-0.004978677396439136
2012-08-10,0.00012834737734219906
2012-08-13,0.006932141345826926
2012-08-14,0.004640038940997754
2012-08-15,0.00012034977507742898
2012-08-16,-0.008071009877457154
2012-08-17,0.0008879822091076583
2012-08-20,-0.0017736478293553797
2012-08-21,-0.006742455347888504
2012-08-22,-0.005601736688970098
2012-08-23,0.0021313433489580365
2012-08-24,0.0034019099986984506
2012-08-27,-0.0029465463400361602
2012-08-28,0.003313018980752933
2012-08-29,0.0026770938575433993
2012-08-30,0.008536754751125341
2012-08-31,-0.005209993805484199
2012-09-04,0.006930887301978087
2012-09-05,0.0003343290076010247
2012-09-06,-0.0023975740805713443
2012-09-07,-0.021301054438763064
2012-09-10,0.004177917542091704
2012-09-11,-0.006111094763699057
2012-09-12,-0.00045179337539265205
2012-09-13,-0.0023534143949964378
2012-09-14,-0.012132607451038363
2012-09-17,0.005785283788527731
2012-09-18,-0.0033799364679589616
2012-09-19,0.0060311014226675065
2012-09-20,0.005494279954911246
2012-09-21,0.0032455528613472917
2012-09-24,0.003716758187336127
2012-09-25,0.000796100459089938
2012-09-26,0.0034689684878874247
2012-09-27,-0.0042628805031118535
2012-09-28,0.0004395791219521227
2012-10-01,-0.004150739250481219
2012-10-02,-0.0031611693063661175
2012-10-03,0.00939262156563796
2012-10-04,-0.0005952318232584174
2012-10-05,0.005359474376527107
2012-10-08,-0.002031990763091086
2012-10-09,-0.011630241085946765
2012-10-10,0.004504714298347688
2012-10-11,-0.007742350083458395
2012-10-12,-0.003815722828911599
2012-10-15,0.0010563180853661114
2012-10-16,-0.009290334205524314
2012-10-17,-0.002643167898849489
2012-10-18,-0.003993362413485735
2012-10-19,-0.007064763800215858
2012-10-22,-0.004262766642298048
2012-10-23,0.009192019700009048
2012-10-24,4.338010545126565e-05
2012-10-25,0.0037225503510554736
2012-10-26,0.005103468340179082
2012-10-31,0.00573193482243709
2012-11-01,-0.0028000723209802856
2012-11-02,0.011633872199898547
2012-11-05,-0.0007347437960228541
2012-11-06,-0.004191084350396422
2012-11-07,0.005273569044409734
2012-11-08,0.00376154242307052
2012-11-09,-0.0007223620853664535
2012-11-12,-0.00039870927001671593
2012-11-13,0.004014045692951864
2012-11-14,0.004928681333143948
2012-11-15,-0.002916843011203009
2012-11-16,-0.004706223372873246
2012-11-19,-0.0005934796033817045
2012-11-20,0.0019285414376135907
2012-11-21,0.0011945022188698728
2012-11-23,0.0007278930052238746
2012-11-26,0.005352005214477457
2012-11-27,0.0023998365201766364
2012-11-28,0.001084638460485867
2012-11-29,0.00031721677694055247
2012-11-30,0.006190772561054039
2012-12-03,0.0005457086209965438
2012-12-04,0.005041511032066224
2012-12-05,-0.001645682641637834
2012-12-06,0.0018789363229378023
2012-12-07,-0.0028264395178105427
2012-12-10,-0.0020584691873921338
2012-12-11,-0.0014397496072084898
2012-12-12,-0.0031917806124209837
2012-12-13,0.0024730425581824637
2012-12-14,0.0006486164833490075
2012-12-17,0.0008433338030048071
2012-12-18,-0.005084672811624732
2012-12-19,0.0004056286062340998
2012-12-20,-0.002342718864201218
2012-12-21,0.0001100707801611452
2012-12-24,0.003317690885340743
2012-12-26,-0.001473501275612002
2012-12-27,0.0020205078820478327
2012-12-28,0.0023133667310083253
2012-12-31,-0.0054858472731097695
2013-01-02,0.0038637682471107096
2013-01-03,0.00329556371881699
2013-01-04,-0.0029006649092961564
2013-01-07,0.0007030610754633667
2013-01-08,0.002292399316935302
2013-01-09,-0.004689764957206736
2013-01-10,0.002862872220795187
2013-01-11,0.00453521972342645
2013-01-14,0.004512415756657331
2013-01-15,-0.003215739044119795
2013-01-16,-0.0005209362240435773
2013-01-17,0.00034816035384615667
2013-01-18,-0.0029158330878312063
2013-01-22,-0.006683340105703418
2013-01-23,0.006482727454535188
2013-01-24,0.01058710349125964
2013-01-25,0.004470506587937167
2013-01-28,0.0004210975835812597
2013-01-29,-0.004849635093196447
2013-01-30,0.001815265138733692
2013-01-31,-0.00561891169710511
2013-02-01,0.0007153074515428118
2013-02-04,0.0015955664294906246
2013-02-05,0.0034550831751742695
2013-02-06,0.002106907160037026
2013-02-07,0.00402997779174547
2013-02-08,-0.002737571289214156
2013-02-11,0.00522819645945762
2013-02-12,0.0004236081394735111
2013-02-13,0.005588423770089897
2013-02-14,-0.001208107950480655
2013-02-15,0.004374741875509826
2013-02-19,0.001095711167547367
2013-02-20,0.004039103431442767
2013-02-21,0.003040904489741082
2013-02-22,0.003923604087039645
2013-02-25,0.006497492167594519
2013-02-26,0.002269130811281006
2013-02-27,0.0017827610461765343
2013-02-28,0.005147539539039277
2013-03-01,0.0025606915616562193
2013-03-04,0.00792070843783352
2013-03-05,0.0017058600651604816
2013-03-06,-0.0027031542055958343
2013-03-07,-0.003574051168085461
2013-03-08,-0.003123264148802249
2013-03-11,0.0012750119341091493
2013-03-12,-0.0019595377204787174
2013-03-13,0.005144205553547579
2013-03-14,-0.002191627862309936
2013-03-15,-0.0034761857502601796
2013-03-18,-0.00015220119287419126
2013-03-19,0.010413701330086489
2013-03-20,0.0017103938223300191
2013-03-21,0.00016028064487652198
2013-03-22,0.007820400972502285
2013-03-25,0.0019001179599964994
2013-03-26,2.0365339483406412e-05
2013-03-27,-0.0010808494883855933
2013-03-28,0.001293646564115352
2013-04-01,-0.00019671052922377318
2013-04-02,0.000913759384552277
2013-04-03,-0.0011545663452270083
2013-04-04,0.0015419647237580885
2013-04-05,0.001565296243372347
2013-04-08,-0.00011956469588092402
2013-04-09,-0.00904115550716354
2013-04-10,0.002675463203607994
2013-04-11,-0.002092489454082672
2013-04-12,0.006753874600691585
2013-04-15,0.017557299484515183
2013-04-16,-0.002108445236157604
2013-04-17,0.0005847143796398365
2013-04-18,-0.005864418182882911
2013-04-19,0.0106993651391227
2013-04-22,0.001033349376002763
2013-04-23,0.007130187184873525
2013-04-24,-0.011985755683248821
2013-04-25,-0.008328738288370106
2013-04-26,0.0002724351645381669
2013-04-29,-0.004216000137920914
2013-04-30,-0.00032072520368011065
2013-05-01,0.005119754462241782
2013-05-02,-0.001995452314575059
2013-05-03,-0.004858570706453966
2013-05-06,-0.0029715431263795
2013-05-07,-0.0016521222878806323
2013-05-08,-0.002633305966777407
2013-05-09,0.0003426033350921635
2013-05-10,0.0013098241393721755
2013-05-13,0.001929565099170265
2013-05-14,0.0041238901842507265
2013-05-15,0.010109079859808976
2013-05-16,0.00518707178046977
2013-05-17,-0.002127350032584599
2013-05-20,-0.009020212679601649
2013-05-21,-0.002524026257661797
2013-05-22,0.0022092270909915175
2013-05-23,0.004179189300826765
2013-05-24,0.0031260823339101006
2013-05-28,-0.0030417631419234325
2013-05-29,-0.0017189834489397691
2013-05-30,-0.0002187242790345878
2013-05-31,0.00666259170166151
2013-06-03,0.004033194274339529
2013-06-04,0.004065891747924924
2013-06-05,0.0030735200547657784
2013-06-06,-0.0038951664239885576
2013-06-07,0.003094939318137894
2013-06-10,0.0005551688281080163
2013-06-11,0.004496736571332698
2013-06-12,0.0054578054938024725
2013-06-13,-0.0019024451885757956
2013-06-14,0.003468878740332945
2013-06-17,0.0019058106668162643
2013-06-18,-0.0006242063073956279
2013-06-19,0.0016946110471608175
2013-06-20,0.006135810086409419
2013-06-21,0.0012629877843872625
2013-06-24,0.006078092738681883
2013-06-25,-0.0028640209584415593
2013-06-26,1.8125679945187204e-06
2013-06-27,-0.0004463224910878559
2013-06-28,-0.0002619654939129638
2013-07-01,0.000659917264956432
2013-07-02,0.0028944944171183143
2013-07-03,0.0019390376021136523
2013-07-05,6.486765091289666e-05
2013-07-08,0.001846318619608596
2013-07-09,0.0023727780023083006
2013-07-10,-0.0024029803153245736
2013-07-11,-0.006189358556576373
2013-07-12,0.0024396377576624156
2013-07-15,-0.0032949184003376393
2013-07-16,0.004054618511894635
2013-07-17,0.002447692280260462
2013-07-18,-0.007356592869611107
2013-07-19,-0.0062927939050018734
2013-07-22,-0.0003685471848566094
2013-07-23,0.001758377319831572
2013-07-24,0.007399816000973197
2013-07-25,-0.0025179370349413506
2013-07-26,-0.00018904614853585333
2013-07-29,0.002482694453985836
2013-07-30,0.00021355403263535096
2013-07-31,-0.0026961738695109655
2013-08-01,0.0005871859496208128
2013-08-02,0.003276798774888647
2013-08-05,0.0005484182018718842
2013-08-06,0.004880875568500899
2013-08-07,0.0010006053856483007
2013-08-08,-0.006778911866782151
2013-08-09,-0.002952111769215732
2013-08-12,-0.0009118476635856072
2013-08-13,0.0038280339690585493
2013-08-14,-0.0005927308497254104
2013-08-15,-0.00656572490223636
2013-08-16,0.003974441390597442
2013-08-19,0.0018096854760264176
2013-08-20,-0.002177164577700864
2013-08-21,0.0008825255034911463
2013-08-22,-0.010860334422980338
2013-08-23,0.0011328226806490973
2013-08-26,-0.00638750330122487
2013-08-27,0.000834347087192948
2013-08-28,-0.0020730153196231627
2013-08-29,0.003580500724114373
2013-08-30,-0.0037007149146354172
2013-09-03,-0.004622727576928656
2013-09-04,0.006939767756014434
2013-09-05,-0.0033804386984235342
2013-09-06,0.00052318933686663
2013-09-09,-0.004057541617931883
2013-09-10,0.0024477110082410333
2013-09-11,-0.002018324585191093
2013-09-12,0.0006437227117180979
2013-09-13,0.002012192829901862
2013-09-16,-0.001317580573410849
2013-09-17,0.001301902421621875
2013-09-18,-0.0014028368878347204
2013-09-19,-0.002725472195426605
2013-09-20,0.001304906730657793
2013-09-23,0.00019673974669936619
2013-09-24,0.002382258810986861
2013-09-25,-0.0010882610524477318
2013-09-26,0.0010940243698720853
2013-09-27,0.0006688232381263914
2013-09-30,0.0031350078712026595
2013-10-01,-0.001878307303422267
2013-10-02,-0.0034726523020937165
2013-10-03,0.0013075986041438416
2013-10-04,-0.0026641278457317187
2013-10-07,0.00039877249231997595
2013-10-08,0.002830611987148705
2013-10-09,0.003261459567541918
2013-10-10,-0.0015993233684486437
2013-10-11,-0.004613096999002623
2013-10-14,0.0007378908744487302
2013-10-15,-0.00046297706860470546
2013-10-16,-0.0021905648507643725
2013-10-17,0.0014990070523008914
2013-10-18,0.007145274864937247
2013-10-21,-0.0008893556508612326
2013-10-22,-0.0039284695581572335
2013-10-23,0.006131454575195488
2013-10-24,-3.1708749647445494e-05
2013-10-25,0.003334279070891793
2013-10-28,-0.0009598799909484388
2013-10-29,0.007059859963721684
2013-10-30,0.0008234478470136309
2013-10-31,0.00419849439168979
2013-11-01,-0.0051178231495121835
2013-11-04,-0.0024732524860456976
2013-11-05,0.0024232745530092625
2013-11-06,0.004932724313480567
2013-11-07,0.00029016826429548544
2013-11-08,0.002216627767830351
2013-11-11,-0.001785110014515959
2013-11-12,0.0013891438701025105
2013-11-13,-0.001787587613361602
2013-11-14,-0.0013512678420488826
2013-11-15,-0.0005782230286923043
2013-11-18,-8.726529301377108e-05
2013-11-19,0.0030757829826321193
2013-11-20,-0.0009766066921027706
2013-11-21,0.0024257968074239524
2013-11-22,-0.004318432291304836
2013-11-25,0.004053112958326982
2013-11-26,0.0014179710523972433
2013-11-27,0.005292936313937274
2013-11-29,-0.0007172174575492962
2013-12-02,-5.002177079192287e-05
2013-12-03,0.0013757224678025877
2013-12-04,-0.0007437968279510181
2013-12-05,-0.002418815869054593
2013-12-06,0.003983304860938996
2013-12-09,-0.0012415347384189409
2013-12-10,-0.0025705051806113803
2013-12-11,0.004826811112510824
2013-12-12,-0.0009732376303584503
2013-12-13,-0.0014729210874250083
2013-12-16,-0.0014965502147569975
2013-12-17,0.0012237252043425224
2013-12-18,-0.0012505852237394105
2013-12-19,-0.003841495826457564
2013-12-20,-0.0012383188053261445
2013-12-23,0.0019758136194423753
2013-12-24,-0.001457695080857924
2013-12-26,-0.0024420240073246813
2013-12-27,-0.0015971692536765553
2013-12-30,-0.00033716505129007375
2013-12-31,0.0009745803772280417
2014-01-02,-0.001425433233073992
2014-01-03,0.002030894497869068
2014-01-06,0.004676675671903653
2014-01-07,-0.004910028364590133
2014-01-08,-0.0005815450399048013
2014-01-09,-0.00020107142886138896
2014-01-10,-0.003608459839152229
2014-01-13,0.008407401635632892
2014-01-14,-0.010695684874093354
2014-01-15,0.005028035671169879
2014-01-16,-0.003617283223486953
2014-01-17,-0.006615751987200844
2014-01-21,-0.005177181184475034
2014-01-22,-0.0024702087602239404
2014-01-23,0.006396741646288701
2014-01-24,0.003350554767773768
2014-01-27,0.0006705731912476389
2014-01-28,-0.006441808912409594
2014-01-29,-0.002106027513819231
2014-01-30,-0.011545299030094021
2014-01-31,0.005004958139438244
2014-02-03,-0.0004900482168208479
2014-02-04,-0.00886952932130522
2014-02-05,0.004489939278671075
2014-02-06,-0.0008848911593659736
2014-02-07,-0.007758186011358523
2014-02-10,-0.002893775414030969
2014-02-11,-0.0018926260783720297
2014-02-12,-0.0007525857813328755
2014-02-13,-0.0050081487116381915
2014-02-14,-0.001486244159802413
2014-02-18,-0.00954944641400809
2014-02-19,-0.002457779361979634
2014-02-20,-0.00023188768929360593
2014-02-21,-0.0027362875505013286
2014-02-24,-0.003689382453364552
2014-02-25,0.0020415266581140894
2014-02-26,0.007919232393678803
2014-02-27,-0.003974182330672147
2014-02-28,0.002105366185595337
2014-03-03,-0.0015729506101401576
2014-03-04,0.0017939051895465787
2014-03-05,0.003188334827488604
2014-03-06,0.004582569887804742
2014-03-07,0.006388482799230957
2014-03-10,-0.0008256589603801422
2014-03-11,0.0016367386313052854
2014-03-12,-0.0011805920162400291
2014-03-13,0.003296544013562701
2014-03-14,-0.0004050143657847725
2014-03-17,-0.002106602949236733
2014-03-18,-0.0011871510737003525
2014-03-19,-0.0008247634384350132
2014-03-20,0.007457485737929501
2014-03-21,0.00717764105014402
2014-03-24,0.004566575306389676
2014-03-25,0.0004906787070060826
2014-03-26,0.006599605754457108
2014-03-27,-0.006912338113779866
2014-03-28,0.004159374208516913
2014-03-31,-0.0033729836094628114
2014-04-01,-0.005537566482888178
2014-04-02,-0.0009996040314315645
2014-04-03,0.0029427011401420592
2014-04-04,0.004527622738136332
2014-04-07,2.9397588668351515e-05
2014-04-08,0.001453083139417367
2014-04-09,-0.012190997414118826
2014-04-10,0.007365444861971053
2014-04-11,0.002627878677540443
2014-04-14,-0.0026363077070005974
2014-04-15,-0.002166813752583447
2014-04-16,-0.004746799933923968
2014-04-17,-0.0003858696649308168
2014-04-21,-0.0053611694040767086
2014-04-22,-0.006934671417443617
2014-04-23,0.0005511400715976089
2014-04-24,0.0023916070229118972
2014-04-25,0.003391253046683288
2014-04-28,0.007133179369160324
2014-04-29,-0.009230274953145799
2014-04-30,-0.003648457996500515
2014-05-01,-0.004138741392266336
2014-05-02,0.002391551302920627
2014-05-05,-0.006269905179858334
2014-05-06,-0.002400485976776969
2014-05-07,0.0042869319444130876
2014-05-08,0.008088846851163843
2014-05-09,-0.0027863682174073976
2014-05-12,-0.007917083469118607
2014-05-13,0.003039534251739513
2014-05-14,0.0006475305735154605
2014-05-15,0.0024538281245029287
2014-05-16,0.004655438253117081
2014-05-19,-0.0035569557911292677
2014-05-20,0.0027810219705175234
2014-05-21,-0.001314280093934118
2014-05-22,-0.004046082276626092
2014-05-23,0.0019080115434207485
2014-05-27,-0.005083633804360056
2014-05-28,0.0022808092264547525
2014-05-29,-0.00213296559539512
2014-05-30,0.004077097362704404
2014-06-02,-0.001485117853705798
2014-06-03,0.0007229332546421469
2014-06-04,0.0005099740996313527
2014-06-05,0.0023015138109584864
2014-06-06,0.0013542487943415528
2014-06-09,0.002016245642878581
2014-06-10,0.0006237895378711138
2014-06-11,-0.006044559400439519
2014-06-12,-0.0011629360864125874
2014-06-13,0.002530261265993552
2014-06-16,0.0022796949654328665
2014-06-17,0.00406221146352088
2014-06-18,-0.0020137654043358186
2014-06-19,0.0014014677281992656
2014-06-20,-0.004177828207532626
2014-06-23,0.002734922827452463
2014-06-24,-0.007195446422003227
2014-06-25,-0.004540165597670781
2014-06-26,-0.002943636552525848
2014-06-27,-0.0001057766272171582
2014-06-30,0.0009645757175771138
2014-07-01,-0.001993299738685125
2014-07-02,-1.8086828679343417e-05
2014-07-03,0.00033317038429018635
2014-07-07,0.00684123930616266
2014-07-08,0.004089568475728266
2014-07-09,-0.0024214016905818887
2014-07-10,0.001936845179224309
2014-07-11,0.0018363188460949354
2014-07-14,0.002175903194020102
2014-07-15,0.005337894885478528
2014-07-16,-0.0002630610790037273
2014-07-17,0.005853660220443009
2014-07-18,-0.0016936022894727513
2014-07-21,-0.0001466586352262918
2014-07-22,-0.002568362961990489
2014-07-23,-0.0067396275252996135
2014-07-24,-0.0012699808469422797
2014-07-25,-0.00204713322573496
2014-07-28,0.0025425212615576105
2014-07-29,-0.00578198174674548
2014-07-30,-0.0034017438049770542
2014-07-31,0.0014716551975637877
2014-08-01,-0.002455919096367173
2014-08-04,-0.002930125749179687
2014-08-05,1.3539111576224964e-05
2014-08-06,0.006842971445089292
2014-08-07,0.0025398000134370905
2014-08-08,-0.0028472715512422625
2014-08-11,0.0005194027405737397
2014-08-12,0.004541899349055859
2014-08-13,-0.004421773363794181
2014-08-14,-0.0002700244452544059
2014-08-15,-0.0017518250959268498
2014-08-18,0.00010512480342723105
2014-08-19,-0.001984808875615525
2014-08-20,-0.0018710773988041712
2014-08-21,0.005956750236346388
2014-08-22,-0.0012483334725067582
2014-08-25,-0.0029509957853789213
2014-08-26,-0.0004777149403961227
2014-08-27,0.003026594819743583
2014-08-28,0.001849526342836924
2014-08-29,-0.00046150771929182196
2014-09-02,0.00041681979316883304
2014-09-03,-0.0018763206531288376
2014-09-04,0.005642371504683251
2014-09-05,3.9274723172775356e-05
2014-09-08,-0.0003637337074513612
2014-09-09,0.0004218598306676496
2014-09-10,-0.0001611023405250402
2014-09-11,0.0016933729531869762
2014-09-12,0.003053599692111782
2014-09-15,0.005180635368827313
2014-09-16,-0.007422104868931591
2014-09-17,0.004005111102215635
2014-09-18,0.0009773637725402173
2014-09-19,0.001998153717078633
2014-09-22,0.006584845547665502
2014-09-23,-0.004019790876281982
2014-09-24,-0.006660300018255129
2014-09-25,0.0034080817685991248
2014-09-26,-0.0007437614231104818
2014-09-29,-0.003157767326012256
2014-09-30,0.0048027931674140606
2014-10-01,0.0031704339134065373
2014-10-02,0.003040555214146347
2014-10-03,-0.004697874738258741
2014-10-06,0.006312535159145039
2014-10-07,0.001787428789656118
2014-10-08,-0.002074430826425151
2014-10-09,0.008192543990069724
2014-10-10,0.005107314909925111
2014-10-13,0.0124265340882255
2014-10-14,0.0074425097860243055
2014-10-15,-0.009986226002375656
2014-10-16,-0.020123366398569476
2014-10-17,-0.0036588971679755314
2014-10-20,-0.0022262504976151053
2014-10-21,-0.014418965979336706
2014-10-22,0.012408188749347624
2014-10-23,-0.010677901867114387
2014-10-24,-0.0017787090197363337
2014-10-27,0.004744125012849467
2014-10-28,-0.008176542314384963
2014-10-29,0.0035641817511987074
2014-10-30,-0.003022685565293525
2014-10-31,-0.003783292178337494
2014-11-03,0.003696184316180967
2014-11-04,0.009641351720985587
2014-11-05,-0.00036176916290264977
2014-11-06,-0.00400489968324852
2014-11-07,0.006066473119769943
2014-11-10,-0.000776075344155824
2014-11-11,0.00044407655154568093
2014-11-12,0.004266020171927666
2014-11-13,0.0052029166569046706
2014-11-14,0.0010926207144077184
2014-11-17,0.0016351234020447493
2014-11-18,-0.005043227670203025
2014-11-19,0.0009031654349540493
2014-11-20,0.0010355324376451112
2014-11-21,-0.002827544134386968
2014-11-24,-0.004067784962834991
2014-11-25,0.001375813819579314
2014-11-26,0.005439508878851749
2014-11-28,0.017240507493965707
2014-12-01,0.0008812221720270533
2014-12-02,-0.003556209664683668
2014-12-03,-0.004041032652552707
2014-12-04,0.002000745448025853
2014-12-05,0.000963195115074485
2014-12-08,0.0059726697276736435
2014-12-09,-0.006751830510822323
2014-12-10,0.006829932829207649
2014-12-11,0.00032166208675095886
2014-12-12,-0.004111428460641114
2014-12-15,-0.0009543690202672183
2014-12-16,0.0006719802397503392
2014-12-17,-0.0032749659189935942
2014-12-18,-0.0025819937368545707
2014-12-19,-0.010844039997070213
2014-12-22,0.014473490662772195
2014-12-23,0.0043428248490654485
2014-12-24,-0.0008798988848760138
2014-12-26,-0.0019431308600533063
2014-12-29,-0.002328438215926483
2014-12-30,0.004766125449173909
2014-12-31,-0.0005204613910636121
2015-01-02,-0.002851618565191765
2015-01-05,0.006352241880761993
2015-01-06,0.0043787847175649165
2015-01-07,-0.0018329682013444874
2015-01-08,-0.0008039203170909962
2015-01-09,-0.0015483491871548473
2015-01-12,0.009731659723232967
2015-01-13,-0.0023486670732809876
2015-01-14,-0.007075789124349861
2015-01-15,0.004376650249786099
2015-01-16,-0.006730764169117124
2015-01-20,-0.000828590701498987
2015-01-21,-0.0009159837311062846
2015-01-22,0.007978312898033054
2015-01-23,-0.004154468616470575
2015-01-26,-0.006261264450207987
2015-01-27,-0.004425333336367013
2015-01-28,0.006649501105004305
2015-01-29,0.0009330060069078336
2015-01-30,-0.002431019801907641
2015-02-02,-0.002043810647627826
2015-02-03,-0.0008939268758616786
2015-02-04,0.008885860879079848
2015-02-05,-0.0005327893936442523
2015-02-06,0.0054833317129919165
2015-02-09,0.0011672937115733484
2015-02-10,0.004261605508576308
2015-02-11,0.000551928151716013
2015-02-12,0.0015278290243000683
2015-02-13,-0.007835169323692256
2015-02-17,-0.0023427247391645343
2015-02-18,0.0021218660627218794
2015-02-19,-0.004809282509005877
2015-02-20,-0.0016319909215681985
2015-02-23,-0.0007175498780680554
2015-02-24,0.003867083110178088
2015-02-25,0.001810168082855989
2015-02-26,0.003115452412619942
2015-02-27,0.0008334660958128654
2015-03-02,0.0020760104897372188
2015-03-03,-0.0030113294646459546
2015-03-04,-0.002555675968896417
2015-03-05,-0.004214739133784702
2015-03-06,0.0033730888602868823
2015-03-09,0.0031546630961543504
2015-03-10,-0.002473995157667744
2015-03-11,-0.0024057465455446883
2015-03-12,0.006612191505537067
2015-03-13,-0.0013678789939715113
2015-03-16,-0.006387348001147607
2015-03-17,-0.003925129019842903
2015-03-18,-0.005412611812834932
2015-03-19,-0.005257930442383694
2015-03-20,-0.0012078264348053978
2015-03-23,0.006575362948226019
2015-03-24,-2.1230830003843865e-05
2015-03-25,0.00044634569379737264
2015-03-26,0.003340764812043165
2015-03-27,-0.0002448156841645476
2015-03-30,0.0005349351183125976
2015-03-31,0.004727478873983427
2015-04-01,-0.0011864467407513605
2015-04-02,-0.0018378006965747342
2015-04-06,-0.004435822270464418
2015-04-07,-0.003280152456645314
2015-04-08,-0.0005003190346892044
2015-04-09,-0.00521314093962458
2015-04-10,-0.0007883558185148638
2015-04-13,0.005607172540996854
2015-04-14,-0.0043054167250074025
2015-04-15,-0.0030517474338989797
2015-04-16,0.008488021267075199
2015-04-17,0.0059709100980792915
2015-04-20,0.001031111607510401
2015-04-21,-0.0013951845647395954
2015-04-22,-0.00020144019188663592
2015-04-23,-0.0006489376170087118
2015-04-24,0.010236826931775325
2015-04-27,0.00446887598784316
2015-04-28,0.0013361394567397245
2015-04-29,0.002692941101942214
2015-04-30,0.000702056982015799
2015-05-01,-0.005007919728469895
2015-05-04,0.002759396314719174
2015-05-05,0.0022655497044540814
2015-05-06,0.0022088902948251368
2015-05-07,0.003837095373265036
2015-05-08,-0.002337735135775358
2015-05-11,0.005321872239949896
2015-05-12,-0.002062994276732217
2015-05-13,0.000800746583389725
2015-05-14,-8.27937061020994e-05
2015-05-15,0.002488920886631323
2015-05-18,6.0050238340601056e-05
2015-05-19,0.003966741466519934
2015-05-20,-0.003466854583913507
2015-05-21,-0.003932761979049537
2015-05-22,-0.003438867997297184
2015-05-26,0.0025033011403787007
2015-05-27,0.004909088569550847
2015-05-28,0.005804021592397233
2015-05-29,0.0003999188252492696
2015-06-01,0.0005523602334599982
2015-06-02,3.238954716647742e-05
2015-06-03,0.0030079747838761416
2015-06-04,0.0004529345772203671
2015-06-05,-0.006681745197646202
2015-06-08,0.002672096212696059
2015-06-09,0.0017961905137664062
2015-06-10,-2.9207851638903872e-05
2015-06-11,0.0002849992533126835
2015-06-12,0.002469039351116171
2015-06-15,-0.005663965711463535
2015-06-16,0.0015446282592710757
2015-06-17,0.002546997393766068
2015-06-18,-0.0007693731445030217
2015-06-19,-0.0009731728053354214
2015-06-22,-0.001953971622253122
2015-06-23,0.0009218068373218031
2015-06-24,0.005441510265587082
2015-06-25,-0.00028962164813282985
2015-06-26,0.003008148533854559
2015-06-29,0.002586916894309768
2015-06-30,-0.004122274052854952
2015-07-01,0.00426404371189598
2015-07-02,-0.001723511847557813
2015-07-06,0.00437718036582517
2015-07-07,-0.006922028623826756
2015-07-08,0.0020970125020522657
2015-07-09,-0.0035036018843005333
2015-07-10,0.0025391881350194366
2015-07-13,0.0024884098022421725
2015-07-14,-0.004439652749909869
2015-07-15,0.0017059003550073603
2015-07-16,0.006671769323795115
2015-07-17,0.008517759687274034
2015-07-20,-0.0009064629118960294
2015-07-21,0.001979838281296181
2015-07-22,0.002839073063855799
2015-07-23,-0.0047867138439919455
2015-07-24,0.014050666381219767
2015-07-27,0.0010561012764448157
2015-07-28,-0.009990400271497498
2015-07-29,0.00415572772957916
2015-07-30,-0.002061385559361036
2015-07-31,-0.00289500134493664
2015-08-03,0.0025879607815375415
2015-08-04,-0.002784782261164443
2015-08-05,-0.0009251597675373011
2015-08-06,0.00769830177781836
2015-08-07,-0.002843632768582141
2015-08-10,-0.008256325969957594
2015-08-11,0.0003619613920494978
2015-08-12,-0.0015220411241231454
2015-08-13,0.008335268169532988
2015-08-14,0.002841068072960239
2015-08-17,-0.0016483581914756074
2015-08-18,-0.0021036441366822024
2015-08-19,0.0024528501383786197
2015-08-20,0.004652671305288726
2015-08-21,-0.00020178564403283252
2015-08-24,-0.0019958757787652227
2015-08-25,-0.0045634635045586885
2015-08-26,-0.006236323280478936
2015-08-27,0.000874807905042812
2015-08-28,-0.0030434010871907575
2015-08-31,0.0018128012692687546
2015-09-01,-0.003686334420766047
2015-09-02,-0.004669688905338252
2015-09-03,0.0013677455242804828
2015-09-04,-0.005551234989867209
2015-09-08,-0.0038984096993224114
2015-09-09,0.0018141215297670483
2015-09-10,0.0013369117013110237
2015-09-11,0.0012205309732908622
2015-09-14,0.0004302655418150489
2015-09-15,0.003032879665820049
2015-09-16,-0.0031570979641964013
2015-09-17,-0.002461658740354731
2015-09-18,-0.0006106080087151856
2015-09-21,0.007212354680930446
2015-09-22,-0.003794668879842302
2015-09-23,0.002485377291403059
2015-09-24,0.006885556328916675
2015-09-25,0.01441163725737424
2015-09-28,0.011707638516896173
2015-09-29,-0.0022047665210548086
2015-09-30,-0.003259219616051421
2015-10-01,-0.005046575039429751
2015-10-02,-0.013451317063326864
2015-10-05,0.006856188172167296
2015-10-06,0.00238662359395661
2015-10-07,0.00048647098859312145
2015-10-08,-0.00230243205345271
2015-10-09,0.0004922700985484711
2015-10-12,0.0025025958271114165
2015-10-13,0.0035343424072794847
2015-10-14,-0.005329100865937728
2015-10-15,-0.006187211586260986
2015-10-16,-0.001819225099666371
2015-10-19,0.00024680018083211614
2015-10-20,0.007028215201996347
2015-10-21,-0.002159924519225388
2015-10-22,0.005549351346653783
2015-10-23,-0.001793913389708835
2015-10-26,-0.0006756976142078254
2015-10-27,-0.007425672034909962
2015-10-28,0.006966616949317291
2015-10-29,-0.0076610018642674
2015-10-30,-0.0008648061073749553
2015-11-02,-0.006111509654370856
2015-11-03,-0.002199196030801822
2015-11-04,0.0047467669503920016
2015-11-05,-0.0023330521438831445
2015-11-06,0.005185648101541061
2015-11-09,-0.0015995306528642414
2015-11-10,0.0010042819382117796
2015-11-11,0.0035408133241159856
2015-11-12,0.000699541753019001
2015-11-13,-0.005120794052665092
2015-11-16,0.000906383959910543
2015-11-17,0.002507889771185909
2015-11-18,-0.0018741356326246622
2015-11-19,0.00904991841274733
2015-11-20,-0.003123931579350645
2015-11-23,-0.0015035518900221544
2015-11-24,-0.0026230652336021254
2015-11-25,-0.0012585910178302497
2015-11-27,0.0008804816422235759
2015-11-30,0.005242837524020275
2015-12-01,-0.00816128084575399
2015-12-02,-0.0023675173146636016
2015-12-03,0.006865788731975863
2015-12-04,0.0011769905849568344
2015-12-07,-0.01146398847655114
2015-12-08,-0.010854886723168667
2015-12-09,-0.0025557128887142982
2015-12-10,0.00022433852177923487
2015-12-11,0.0020285889180835194
2015-12-14,-0.005150181625572784
2015-12-15,0.0018324006601961925
2015-12-16,0.0021233063191978684
2015-12-17,-0.0060170982947978045
2015-12-18,-0.0029322001732310105
2015-12-21,-0.00022596734015090081
2015-12-22,0.0010227091581885522
2015-12-23,-0.0006647121973263657
2015-12-24,-0.0022151712375143005
2015-12-28,0.0015084209636091594
2015-12-29,-0.005494377500429369
2015-12-30,-0.00390911683714717
2015-12-31,-0.001103245360391154
2016-01-04,-0.0017985631668383936
2016-01-05,-0.0015682835307616074
2016-01-06,-0.0024125013252866037
2016-01-07,0.001569994533739561
2016-01-08,0.0022186379249730407
2016-01-11,0.010914139624197386
2016-01-12,-0.006098692586333561
2016-01-13,0.0058968491795295995
2016-01-14,-0.0008823200132381438
2016-01-15,-0.0014433829233153317
2016-01-19,0.004044872810208206
2016-01-20,-0.008917566548062743
2016-01-21,0.007039316716782483
2016-01-22,-0.0047338062634366225
2016-01-25,0.00663710054875185
2016-01-26,0.005527761445920281
2016-01-27,0.0075039750915284285
2016-01-28,0.004139802980672545
2016-01-29,-0.0007210026059828566
2016-02-01,0.0015828747565155138
2016-02-02,-0.0014168941331334447
2016-02-03,-0.007390518209532521
2016-02-04,0.007022385835254469
2016-02-05,0.009648793028628045
2016-02-08,0.014652127065350457
2016-02-09,-0.005444469789375857
2016-02-10,-0.0011931210567849388
2016-02-11,-0.00052381378915936
2016-02-12,0.008052052046655092
2016-02-16,-0.00516484984829234
2016-02-17,0.00021150351799190716
2016-02-18,0.0031886072975551875
2016-02-19,-0.005600695746845214
2016-02-22,-0.0019416040502313538
2016-02-23,-0.0010778452722032348
2016-02-24,-0.006746176872811696
2016-02-25,0.0006811920289683206
2016-02-26,-0.004252242669507488
2016-02-29,0.008287523601439303
2016-03-01,-0.00622583059424183
2016-03-02,0.002715168893030573
2016-03-03,0.0007418531096049113
2016-03-04,0.005974074817657592
2016-03-07,-0.005445010606918089
2016-03-08,0.005004541229373742
2016-03-09,-0.001576265447869924
2016-03-10,0.001949968405937671
2016-03-11,-0.004683583435960005
2016-03-14,0.005101289485658508
2016-03-15,0.00806461730140797
2016-03-16,0.002158280073185729
2016-03-17,0.0037151596633507858
2016-03-18,-0.008780657024137242
2016-03-21,-0.0012588756966723208
2016-03-22,-0.005248685085926938
2016-03-23,0.0008380789825219034
2016-03-24,-0.0027933477685573825
2016-03-28,0.00484840399515158
2016-03-29,-0.0005966804665117304
2016-03-30,0.005745104249447631
2016-03-31,-0.0018488749678764007
2016-04-01,-0.00502671543995626
2016-04-04,-0.0021325948999635406
2016-04-05,0.004626157580068862
2016-04-06,-0.01102542224259107
2016-04-07,-0.0017027666767425308
2016-04-08,0.004855878169335768
2016-04-11,0.0026910446127853286
2016-04-12,-0.005112607475283907
2016-04-13,0.0046241507493026005
2016-04-14,0.0005897865766367957
2016-04-15,0.0032015837119729585
2016-04-18,-0.007156490806974839
2016-04-19,0.0026875414171394006
2016-04-20,0.001055904206990256
2016-04-21,-0.013215005836247821
2016-04-22,-0.0016417240522759726
2016-04-25,0.00313072098765917
2016-04-26,0.0013741157225689176
2016-04-27,0.0025467609785283342
2016-04-28,-0.0011719171517898064
2016-04-29,0.004589432584777049
2016-05-02,-0.001795686413432687
2016-05-03,-0.0005831504013133221
2016-05-04,0.005239538227721525
2016-05-05,-0.0038163259523715373
2016-05-06,0.018162466976179382
2016-05-09,-0.0012625304952985186
2016-05-10,-0.0028765377258702265
2016-05-11,0.008572221571805936
2016-05-12,0.0018113779345595832
2016-05-13,-0.003254542618623112
2016-05-16,-0.0021834823358791973
2016-05-17,-0.0002642062914281026
2016-05-18,0.00018302547390136063
2016-05-19,0.008098549872828913
2016-05-20,0.004476045554456476
2016-05-23,0.003100580147913248
2016-05-24,-0.004263086317340566
2016-05-25,-0.00021027568734176678
2016-05-26,0.0002809163118604615
2016-05-27,-0.00011214559386944317
2016-05-31,-0.00022370437323657633
2016-06-01,-0.007223463520149254
2016-06-02,-0.00528012276775628
2016-06-03,0.001817908426538178
2016-06-06,-0.002573442007913152
2016-06-07,0.0036952753865829133
2016-06-08,-0.004136908105575815
2016-06-09,0.0034660292350796795
2016-06-10,0.005436432576300539
2016-06-13,0.0013152273607305366
2016-06-14,-0.0028525188040405725
2016-06-15,0.0018703882340460264
2016-06-16,0.003125185057636528
2016-06-17,0.0027049764545801344
2016-06-20,0.0006772018772639658
2016-06-21,0.003661693098452716
2016-06-22,0.00045440714420214755
2016-06-23,0.003504817139589454
2016-06-24,0.0014571992368075674
2016-06-27,0.006897254175049942
2016-06-28,-0.00508728263261521
2016-06-29,-0.0006875971280661532
2016-06-30,0.006076102336964923
2016-07-01,-0.006034242789393605
2016-07-05,5.10520279853602e-05
2016-07-06,-0.0028906929112548873
2016-07-07,0.0047480043048500195
2016-07-08,0.002981714967785841
2016-07-11,0.0020637168722693793
2016-07-12,-0.0011715997683903183
2016-07-13,0.005879798739542859
2016-07-14,0.0012055390443432544
2016-07-15,-0.0030880497563361862
2016-07-18,-0.0018347716349987162
2016-07-19,0.0025364399856516334
2016-07-20,-0.004790963858392519
2016-07-21,-0.006293548335258979
2016-07-22,-0.0015861997978645892
2016-07-25,0.004322579096521652
2016-07-26,-0.000257110625533869
2016-07-27,-0.004411006294582853
2016-07-28,-0.0073841000945586285
2016-07-29,0.0014593572132029092
2016-08-01,-0.0012648419664228422
2016-08-02,-0.0050338177542558595
2016-08-03,-0.003430151357641959
2016-08-04,0.0010157901571763348
2016-08-05,0.003974978482611714
2016-08-08,-0.002114792917779816
2016-08-09,-0.0017759320372601488
2016-08-10,-0.0007358110853475698
2016-08-11,-0.0026286389566691636
2016-08-12,-0.0004317772577087524
2016-08-15,-0.0037217203170228515
2016-08-16,-0.0014636972414270991
2016-08-17,0.002105794252193987
2016-08-18,-0.00035825683735374965
2016-08-19,0.0004687074260036646
2016-08-22,-0.004567227872998247
2016-08-23,-0.0004900185025638113
2016-08-24,0.010166057776351047
2016-08-25,0.008458135056925666
2016-08-26,0.0018358897982789695
2016-08-29,0.003581367019338165
2016-08-30,-0.0004262582355758851
2016-08-31,0.004811528212947094
2016-09-01,0.0014951577250329803
2016-09-02,-0.0014364129021289557
2016-09-06,-0.0007835942734524357
2016-09-07,-0.0031149417764992863
2016-09-08,-0.007008952815054362
2016-09-09,-0.0020318259606342923
2016-09-12,-0.002546819217871416
2016-09-13,0.0020525681175495485
2016-09-14,0.000748201016308023
2016-09-15,-0.0004464749820222003
2016-09-16,-0.002380249243549866
2016-09-19,0.002367933771892628
2016-09-20,-9.810661106356529e-05
2016-09-21,-0.0036117200733704244
2016-09-22,0.000463719505530512
2016-09-23,0.001084978505919445
2016-09-26,0.0020289109943613525
2016-09-27,0.0010856950716043217
2016-09-28,-0.002951614303659399
2016-09-29,0.007801779263055291
2016-09-30,0.0023660028502747598
2016-10-03,-0.0011404176755812287
2016-10-04,-0.0016186826473683724
2016-10-05,0.0009442291655192095
2016-10-06,0.001033812273915006
2016-10-07,-0.000919866321632605
2016-10-10,-0.0066906413413870556
2016-10-11,0.00685948610410125
2016-10-12,0.007480750479860765
2016-10-13,-0.004744950707111613
2016-10-14,0.002707421925396797
2016-10-17,-0.00030025504807893426
2016-10-18,-0.00047768464190714157
2016-10-19,-0.000354147618459908
2016-10-20,-0.0053112262146255505
2016-10-21,0.004218453720547909
2016-10-24,0.005998417530459808
2016-10-25,0.0017014960897469146
2016-10-26,-0.0034269612336215267
2016-10-27,-0.0019331312513348412
2016-10-28,0.00593174119958205
2016-10-31,0.005380547676479678
2016-11-01,-0.004274989440564647
2016-11-02,0.0015953285857935283
2016-11-03,0.013932469315869988
2016-11-04,-0.007424653829046941
2016-11-07,-0.001538477164610046
2016-11-08,0.0025846264424206036
2016-11-09,-0.015544599041501838
2016-11-10,-0.004928740626218517
2016-11-11,0.013881120445387835
2016-11-14,-0.005906128867143487
2016-11-15,-0.000988455677479491
2016-11-16,0.0015930913454482165
2016-11-17,-0.0016888511319953588
2016-11-18,0.0056433516019341315
2016-11-21,-0.0016990934981005567
2016-11-22,0.00367432574377717
2016-11-23,-0.0009044071098423995
2016-11-25,0.003243481383318474
2016-11-28,0.0008420936998529372
2016-11-29,-0.00196803982239925
2016-11-30,-0.0022609446466301743
2016-12-01,0.0023428114288743572
2016-12-02,-0.0008486653978314117
2016-12-05,0.0006475756679241372
2016-12-06,-0.0013970125281200032
2016-12-07,0.014067620995286034
2016-12-08,0.0006900505573774192
2016-12-09,0.0018431014831280454
2016-12-12,0.0035692351428396355
2016-12-13,-0.0016915594983780158
2016-12-14,0.001410370181011015
2016-12-15,0.0025299151751316975
2016-12-16,-0.003140880284080435
2016-12-19,0.005646338201615306
2016-12-20,0.0016083711138712962
2016-12-21,0.0029337451039538756
2016-12-22,-0.000972862775132378
2016-12-23,-0.0034381621013426186
2016-12-27,0.00041850845088195053
2016-12-28,0.00018269236345175465
2016-12-29,-0.0015397868015095417
2016-12-30,-0.0003596436725825721
2017-01-03,0.0017102891512791518
2017-01-04,0.0012421796970592293
2017-01-05,-0.006441003013258372
2017-01-06,-0.0015414663565782795
2017-01-09,-0.001190125387704848
2017-01-10,-0.0002829374711919969
2017-01-11,0.005033794809507894
2017-01-12,-0.0040417998740847096
2017-01-13,0.0011993400202722916
2017-01-17,-0.004181364817941702
2017-01-18,0.0020778472333242083
2017-01-19,0.009390296958587644
2017-01-20,-0.0006363689303057006
2017-01-23,0.0007720707301300636
2017-01-24,0.008102770230840729
2017-01-25,-0.0007205055975544982
2017-01-26,0.0022854125572180665
2017-01-27,-0.000738657816303663
2017-01-30,-0.0008054407240015904
2017-01-31,-0.004699681524945498
2017-02-01,-0.00035317571459608115
2017-02-02,0.0015390480965263905
2017-02-03,-0.001441548345718024
2017-02-06,0.0005812926875329119
2017-02-07,0.0006571387725932068
2017-02-08,-0.0036757820348404654
2017-02-09,-0.0060820370847247856
2017-02-10,-0.0009040969189217339
2017-02-13,-0.0032417299674060746
2017-02-14,-0.0005229752948058776
2017-02-15,-0.001376027906458467
2017-02-16,0.0017585160049924868
2017-02-17,0.00219253015754128
2017-02-21,0.003986445516342665
2017-02-22,0.00025283903347842124
2017-02-23,-0.00139842145176867
2017-02-24,-0.003805023328331397
2017-02-27,-0.004397481258122257
2017-02-28,-0.0010827246200086895
2017-03-01,-0.00031996180368895394
2017-03-02,-0.0001801771771522864
2017-03-03,-0.0006997831868625774
2017-03-06,-8.940677615139797e-05
2017-03-07,-0.00048581543084409576
2017-03-08,-0.0011175290923350577
2017-03-09,0.0005909266869194452
2017-03-10,0.0018184716963646976
2017-03-13,-0.0011346510337809602
2017-03-14,0.0006479648708111127
2017-03-15,0.00038224268556865743
2017-03-16,0.005638923014030495
2017-03-17,-0.0016490007967523259
2017-03-20,0.0020320634661917707
2017-03-21,-0.0035384343549206003
2017-03-22,0.0005887405898680816
2017-03-23,0.00231113141688961
2017-03-24,0.0024769250278241918
2017-03-27,-0.0014761815988280605
2017-03-28,0.00200873569583583
2017-03-29,-0.004648626780432708
2017-03-30,0.004108653784061157
2017-03-31,-0.0008172257975980783
2017-04-03,-0.0007048874944659061
2017-04-04,-0.0032454227771988218
2017-04-05,-0.0015051170729693578
2017-04-06,-0.002009900765756059
2017-04-07,-0.0017798683651979248
2017-04-10,-0.0023063585427559956
2017-04-11,-0.0016430133143558688
2017-04-12,0.000205050109370664
2017-04-13,-0.00010761699530068622
2017-04-17,0.004150568526589324
2017-04-18,0.0034426027507344814
2017-04-19,-0.000769785699974622
2017-04-20,-0.0006700122928636774
2017-04-21,-0.000537731733454729
2017-04-24,-0.002339733418554718
2017-04-25,0.0016675062561505847
2017-04-26,-0.00044661805904487226
2017-04-27,0.002589643813603608
2017-04-28,-0.0027910373802864895
2017-05-01,0.00017892582315875337
2017-05-02,-0.0036045602368446296
2017-05-03,-0.001433484252530209
2017-05-04,-0.003184583731263166
2017-05-05,0.0016624929974048686
2017-05-08,0.001990471089000195
2017-05-09,0.00016907479553987626
2017-05-10,0.00881372372839393
2017-05-11,0.0013314636155981761
2017-05-12,-0.0009698479056513442
2017-05-15,0.001266397684614241
2017-05-16,0.0004072374941471578
2017-05-17,-0.00488373796476967
2017-05-18,0.0007590229426949082
2017-05-19,-0.0005187996648454913
2017-05-22,0.0026251645189054496
2017-05-23,0.006372637491488055
2017-05-24,-0.002165121319378213
2017-05-25,0.001556928875767337
2017-05-26,-0.00032806762258199255
2017-05-30,0.004222596105202005
2017-05-31,-0.0016414072945796234
2017-06-01,-0.005010288989455761
2017-06-02,-0.0016357427962018095
2017-06-05,0.001776069712576273
2017-06-06,0.00014243673457351848
2017-06-07,0.0019859736480794033
2017-06-08,0.004218768559983693
2017-06-09,-0.0034120439418291386
2017-06-12,-0.000882739122910194
2017-06-13,-0.004382002788446778
2017-06-14,-0.004279765932294209
2017-06-15,-0.005597621343155374
2017-06-16,-0.0022576556037482115
2017-06-19,0.0016054692590131273
2017-06-20,-0.008911976393687649
2017-06-21,-0.00489598372166158
2017-06-22,0.000655437822041079
2017-06-23,0.0010526673706419307
2017-06-26,0.002226039902728664
2017-06-27,-0.0010614907621042105
2017-06-28,0.0008605015375826121
2017-06-29,0.0011809891684031574
2017-06-30,-0.0007905183035564647
2017-07-03,-0.0007191326923405789
2017-07-05,0.0002559683395188425
2017-07-06,0.0009626583680380845
2017-07-07,0.0011736431688751379
2017-07-10,0.0014409655030648998
2017-07-11,-0.0032300415227648604
2017-07-12,0.0014260191728605082
2017-07-13,-0.0009395002515034505
2017-07-14,0.0030153415608890543
2017-07-17,-0.00015034248741076884
2017-07-18,0.0046913724500925996
2017-07-19,-0.004419646750316885
2017-07-20,0.0016816795829349258
2017-07-21,-0.002876945767844704
2017-07-24,-0.005062117299749653
2017-07-25,0.004871729400948622
2017-07-26,-0.0017332923584969058
2017-07-27,0.0016757598842941208
2017-07-28,-0.004394523898851036
2017-07-31,-0.0022331450034635903
2017-08-01,0.000777390044446477
2017-08-02,-0.0010443286925799328
2017-08-03,0.00336133958692291
2017-08-04,0.0012577727895700893
2017-08-07,0.0006739359236185677
2017-08-08,-0.0014858651191947206
2017-08-09,-0.002828824531095961
2017-08-10,0.001017321704810121
2017-08-11,-0.003137470190035798
2017-08-14,0.0022236011886593026
2017-08-15,-5.294925311878698e-05
2017-08-16,-0.0011639385844948113
2017-08-17,-0.0035076075652892636
2017-08-18,0.00017163928496707849
2017-08-21,-0.0025814259209542717
2017-08-22,-0.0017696555903715045
2017-08-23,0.004438487404213641
2017-08-24,-0.003431115781980701
2017-08-25,0.001663060538203919
2017-08-28,-1.3883474954704339e-05
2017-08-29,-0.002034181500089359
2017-08-30,-0.00048412866111563225
2017-08-31,-0.005398271350379554
2017-09-01,0.0005788604351140694
2017-09-05,-0.0038160185552131866
2017-09-06,0.005094777463082472
2017-09-07,-0.0038157460086773094
2017-09-08,-0.006601611287481087
2017-09-11,0.00664616941018267
2017-09-12,0.004082735001655178
2017-09-13,0.000665408975417252
2017-09-14,0.000482319759119753
2017-09-15,0.005796098226731701
2017-09-18,0.001506483091120857
2017-09-19,0.0073341849273060615
2017-09-20,-0.0014320959791620323
2017-09-21,-0.00044487996936762325
2017-09-22,-0.0008494822294078025
2017-09-25,0.000353942667987263
2017-09-26,-0.00034005312169096556
2017-09-27,0.0020975751006738017
2017-09-28,0.0002642721201137734
2017-09-29,-0.004684342414753148
2017-10-02,-0.005814170244989814
2017-10-03,0.0017221729079807744
2017-10-04,0.0038101358511574454
2017-10-05,0.0021749812737306587
2017-10-06,0.0019333227818715889
2017-10-09,0.004141364599382558
2017-10-10,0.0055273390233482106
2017-10-11,0.0004985217196558861
2017-10-12,-0.0020686523983433213
2017-10-13,0.004476006580849598
2017-10-16,0.003472016706184747
2017-10-17,-0.0023942241825511065
2017-10-18,-0.002015505900759779
2017-10-19,0.00042725149167290505
2017-10-20,0.00200274813244823
2017-10-23,0.001822295722572088
2017-10-24,0.00477312437886172
2017-10-25,-0.0097457721110122
2017-10-26,0.006772751863880376
2017-10-27,0.0033696294883531846
2017-10-30,-0.0003159329002100255
2017-10-31,-0.004875065131252969
2017-11-01,-0.0002726636248899377
2017-11-02,0.0051866428954332544
2017-11-03,-0.004393865260408053
2017-11-06,0.000546896643099519
2017-11-07,-0.0010454422966064305
2017-11-08,0.003986974037856631
2017-11-09,-0.0004280628442317765
2017-11-10,0.0016012796929902593
2017-11-13,0.0007830399840590925
2017-11-14,0.001605972889128911
2017-11-15,0.00028563871141551564
2017-11-16,-0.00045451950644885786
2017-11-17,0.003726807365643807
2017-11-20,0.001046539930560586
2017-11-21,-0.0034685350184826174
2017-11-22,-0.0008928669528378685
2017-11-24,0.00198471132491642
2017-11-27,-0.0033794393899122034
2017-11-28,0.00306795722198438
2017-11-29,0.0012137632824358595
2017-11-30,-0.004575540905828096
2017-12-01,0.0056726118204039585
2017-12-04,0.006133029766958216
2017-12-05,-0.0010770933378571
2017-12-06,-0.0006092373009643616
2017-12-07,0.0002679593930233411
2017-12-08,-0.00324938428589521
2017-12-11,0.0009840738849345237
2017-12-12,0.002307382634126591
2017-12-13,-0.0022194855853680086
2017-12-14,0.004041893011771898
2017-12-15,0.00042558082958242966
2017-12-18,0.0055349496249895444
2017-12-19,0.00190873418725918
2017-12-20,-0.002099360980146396
2017-12-21,0.0023839622607021043
2017-12-22,-0.00017259677106064788
2017-12-26,-0.0014474995596601
2017-12-27,-0.0006655675333456198
2017-12-28,-0.0009132258162800476
2017-12-29,-0.001955898897430316
2018-01-02,-0.002470025164934644
2018-01-03,-0.0030919764802713615
2018-01-04,0.0030650837469519614
2018-01-05,0.0006928466806958967
2018-01-08,0.006046775210120213
2018-01-09,-0.008016410539887935
2018-01-10,-0.002379420376527353
2018-01-11,-0.0023556878572478903
2018-01-12,-0.005033209334843243
2018-01-16,-0.0011295059032719694
2018-01-17,0.0013799984244435015
2018-01-18,0.0019924690735781347
2018-01-19,0.0024700618936029425
2018-01-22,-0.0014971473931263803
2018-01-23,0.0001458010809354795
2018-01-24,0.002982315765999942
2018-01-25,-0.005707474474791871
2018-01-26,0.005867059228204591
2018-01-29,0.0022181529787631492
2018-01-30,-0.00015804005213497683
2018-01-31,0.000977350121034993
2018-02-01,0.00382062856405688
2018-02-02,-0.0029862647203388647
2018-02-05,-0.0023409010334888955
2018-02-06,-0.00010976217454417201
2018-02-07,-0.005357119673854083
2018-02-08,0.0034449076314297597
2018-02-09,0.0008688044122245503
2018-02-12,0.004287056274883133
2018-02-13,0.00483884165172074
2018-02-14,0.007339850043344111
2018-02-15,0.0012485394154721449
2018-02-16,0.0022130491557632494
2018-02-20,9.935560718617052e-05
2018-02-21,-0.0018093180344367712
2018-02-22,-0.00797990898752607
2018-02-23,-0.0018383779461671047
2018-02-26,0.002195181538035282
2018-02-27,0.0002928375155294531
2018-02-28,0.0034231714837771768
2018-03-01,0.0018897806764210262
2018-03-02,0.0027360551320386303
2018-03-05,-0.0015586951641888335
2018-03-06,0.002620615281061444
2018-03-07,-0.005687127841906609
2018-03-08,-0.0013559950478085393
2018-03-09,-0.0024121763339453694
2018-03-12,0.00153183076151198
2018-03-13,0.0010740580968301501
2018-03-14,-0.0007200610872298555
2018-03-15,-0.0018765133846508108
2018-03-16,-0.0052465289438198255
2018-03-19,0.0031663158190095813
2018-03-20,-0.0008519170902867756
2018-03-21,0.00848432332911758
2018-03-22,0.002202104053640699
2018-03-23,-0.002211719042963257
2018-03-26,0.001402324069804135
2018-03-27,0.000982015393677866
2018-03-28,-0.005367630545778107
2018-03-29,0.0029719994018952956
2018-04-02,-0.005783312349295571
2018-04-03,0.006235520155653864
2018-04-04,-0.0024322174953233357
2018-04-05,0.003912929579077551
2018-04-06,0.00112480600640122
2018-04-09,0.0002453341265065761
2018-04-10,0.0007177385917613127
2018-04-11,0.003352079025335884
2018-04-12,-0.0031398164060127322
2018-04-13,0.0010127744007031921
2018-04-16,-0.00030648274337082666
2018-04-17,-0.005345332208707747
2018-04-18,-0.004076697125299263
2018-04-19,0.0006344298282069061
2018-04-20,-0.0003338384062416881
2018-04-23,-0.0008158186825992366
2018-04-24,0.006975827909369
2018-04-25,-0.0008250278682399078
2018-04-26,0.002134125876280477
2018-04-27,0.001824521298342848
2018-04-30,-0.000922701217869627
2018-05-01,-0.0006157137594842631
2018-05-02,-0.0013301196213809153
2018-05-03,0.0028215016627180854
2018-05-04,0.0034160023127148146
2018-05-07,-0.00011273842272159387
2018-05-08,0.0013612647524468041
2018-05-09,-0.00112414956221074
2018-05-10,0.00066772812206392
2018-05-11,-0.006534913583937005
2018-05-14,0.0005562550171128521
2018-05-15,0.004725533671540881
2018-05-16,0.0012552632884292717
2018-05-17,-0.0006089035129749659
2018-05-18,-0.005234410933974058
2018-05-21,0.0022289146398424306
2018-05-22,0.004818571403468222
2018-05-23,-0.002145545950958247
2018-05-24,0.0007497658180388364
2018-05-25,-0.0020095058390953444
2018-05-29,0.000635024731458026
2018-05-30,0.0018064423681994448
2018-05-31,0.006282913037703985
2018-06-01,0.0012542159966872275
2018-06-04,0.0013417161354310101
2018-06-05,-0.00033460503160798335
2018-06-06,-0.0010533339841346957
2018-06-07,-1.7692749533907718e-05
2018-06-08,-0.0011932041656584793
2018-06-11,0.0009958597001977444
2018-06-12,-0.0027135338403184482
2018-06-13,-0.0014203748997029387
2018-06-14,-0.0029003500227541175
2018-06-15,0.0013271616114210415
2018-06-18,0.000908851753175372
2018-06-19,0.002436967297760777
2018-06-20,-0.003091462630155193
2018-06-21,0.0004595782618958231
2018-06-22,0.005278483014494851
2018-06-25,0.00037452107735666995
2018-06-26,0.001118387708544551
2018-06-27,0.0013802055773653329
2018-06-28,-0.0014025540578286786
2018-06-29,-0.0032005646974150102
2018-07-02,-0.00017099006106251788
2018-07-03,0.00025137398536703503
2018-07-05,-0.0003954219519426456
2018-07-06,-0.004787779531558191
2018-07-09,-0.002033546471432415
2018-07-10,-0.0008560288765936358
2018-07-11,-0.002435090277861097
2018-07-12,-0.010602543156439886
2018-07-13,-0.006255681497981274
2018-07-16,0.0021155657658613355
2018-07-17,0.0028930583385438184
2018-07-18,-0.0015975177953445083
2018-07-19,-0.0032044981493052575
2018-07-20,0.0007058027975833808
2018-07-23,0.0006764014519812001
2018-07-24,-0.0009964485607232953
2018-07-25,-0.00532328522021707
2018-07-26,0.014113856340814872
2018-07-27,0.0096096737077213
2018-07-30,0.009949959716440736
2018-07-31,-0.011077479801174416
2018-08-01,-0.002376566360120849
2018-08-02,0.001502485126032299
2018-08-03,0.004674005776773668
2018-08-06,0.0019462706535498982
2018-08-07,-0.002649898252491367
2018-08-08,0.004248493032693794
2018-08-09,-0.0022107915308821903
2018-08-10,0.0005373016655616035
2018-08-13,-0.0017022092312133493
2018-08-14,-0.0008935909318204369
2018-08-15,0.008325697871464713
2018-08-16,-0.0002464636632156947
2018-08-17,0.001840402395540422
2018-08-20,0.0009322081357146198
2018-08-21,0.001452966324719666
2018-08-22,0.0005265088700108146
2018-08-23,0.0007492383199735434
2018-08-24,-0.0012324644484529794
2018-08-27,-0.0027870825400490833
2018-08-28,-0.0017664892486378703
2018-08-29,-0.0045839305252924145
2018-08-30,0.00048183398416625064
2018-08-31,-0.0010688451781125361
2018-09-04,0.00424646799674053
2018-09-05,0.005466236183165084
2018-09-06,-0.0018197762113943004
2018-09-07,-0.0036278353455624483
2018-09-10,0.003143780448264448
2018-09-11,-0.0027664299690379084
2018-09-12,0.001963164420688175
2018-09-13,-0.005557743354634018
2018-09-14,0.003170913666063586
2018-09-17,0.0036622399402778537
2018-09-18,-0.0014461697815801007
2018-09-19,-0.0008595346324287661
2018-09-20,-0.0020409593947044043
2018-09-21,0.002935166380574098
2018-09-24,-0.004081218991507639
2018-09-25,-0.0016628732494529531
2018-09-26,-0.005570957513555197
2018-09-27,-0.004428112067883286
2018-09-28,0.00037387424110848046
2018-10-01,0.0001149063117605126
2018-10-02,0.0002550505687075768
2018-10-03,-0.00196216608880217
2018-10-04,0.007323499784615113
2018-10-05,0.0012318769179374377
2018-10-08,0.005625176880400156
2018-10-09,-0.0008112003378504426
2018-10-10,0.0032804708098599913
2018-10-11,-0.0031724405817852427
2018-10-12,-0.006185611758880112
2018-10-15,0.0048750934780401505
2018-10-16,-0.012015441915054837
2018-10-17,0.004839746375516563
2018-10-18,0.002770853083385326
2018-10-19,0.004973193022131813
2018-10-22,-0.0003666898556156441
2018-10-23,0.005233166992464589
2018-10-24,0.006015786333866609
2018-10-25,-0.0031071731788240584
2018-10-26,0.002135025506999823
2018-10-29,0.011218299662583345
2018-10-30,0.009564923258778722
2018-10-31,-0.0034599686266842005
2018-11-01,-0.006135621669179094
2018-11-02,0.0015217685764594591
2018-11-05,-0.00041112163882896593
2018-11-06,0.001816011115169422
2018-11-07,-0.014488756991787408
2018-11-08,0.00517414261275921
2018-11-09,0.006832628972843952
2018-11-12,0.0033061599229043054
2018-11-13,-0.0012243889578595311
2018-11-14,0.002847220533365703
2018-11-15,-0.0018116083746243445
2018-11-16,-0.004312513858426201
2018-11-19,0.01256118304919005
2018-11-20,-0.0033820820435288778
2018-11-21,-0.004931862241914225
2018-11-23,-0.0007196606249476029
2018-11-26,-0.004134862096921875
2018-11-27,-0.0001231293709353398
2018-11-28,-0.007355759482700352
2018-11-29,-0.003123871474159506
2018-11-30,0.0029972340193464265
2018-12-03,-0.005807004438612008
2018-12-04,0.00012701933496045477
2018-12-06,-0.010095948611898055
2018-12-07,0.009994128946621453
2018-12-10,-0.0049749945827813405
2018-12-11,0.0005468735204144238
2018-12-12,-0.0021285274504600445
2018-12-13,0.0015043618948712768
2018-12-14,0.005158635937303457
2018-12-17,0.004765395738916995
2018-12-18,0.00023808113174251974
2018-12-19,0.0026901318244033343
2018-12-20,0.001198652439740367
2018-12-21,0.006872145482889015
2018-12-24,-0.004247026893140794
2018-12-26,-0.008889627134310393
2018-12-27,-0.0020434378717581075
2018-12-28,0.005099543102886456
2018-12-31,-0.004179001545921324
2019-01-02,0.006722611254350626
2019-01-03,-0.0030432300322815967
2019-01-04,0.0006015111014492624
2019-01-07,0.0004892092126173864
2019-01-08,-0.004586131477870605
2019-01-09,0.00033142997762641315
2019-01-10,-0.0047168950805232005
2019-01-11,0.0037512986545422595
2019-01-14,0.0014617153670073606
2019-01-15,-0.0013730822453970298
2019-01-16,-0.005516785519273318
2019-01-17,-0.004327858327034634
2019-01-18,0.0017892690911159507
2019-01-22,-0.0019110073160488275
2019-01-23,0.0024412875636067592
2019-01-24,0.004099153722488553
2019-01-25,0.000655642419487799
2019-01-28,-0.0051795905263635825
2019-01-29,-0.0047611515826124565
2019-01-30,0.004891345588538088
2019-01-31,-0.003956012057847063
2019-02-01,0.0010499502760259148
2019-02-04,0.001485641911987683
2019-02-05,0.0005390441875597799
2019-02-06,0.006015446104903124
2019-02-07,0.00015586548965107981
2019-02-08,-0.0035129351582004285
2019-02-11,-0.0008936180317824578
2019-02-12,-0.002304066434645885
2019-02-13,0.0012811872449483086
2019-02-14,-0.0022220942571840705
2019-02-15,-0.0035105911091356298
2019-02-19,0.006092616334946529
2019-02-20,0.001791834329410819
2019-02-21,0.0035199512992507022
2019-02-22,-0.0027794701593238107
2019-02-25,0.0011854350499663532
2019-02-26,-0.0009544280971568471
2019-02-27,-0.0008260916586044983
2019-02-28,-0.0011887715989542065
2019-03-01,-0.0052075409919405
2019-03-04,0.010138816077975872
2019-03-05,0.004552502798086239
2019-03-06,0.002520238457079742
2019-03-07,-0.0015520874564040259
2019-03-08,8.779047900542265e-05
2019-03-11,0.0023083779322277654
2019-03-12,0.001077136475398855
2019-03-13,-0.0033285535348941144
2019-03-14,-0.0004368107383213483
2019-03-15,0.002079540925951353
2019-03-18,0.0011627438882508025
2019-03-19,0.002798366588808348
2019-03-20,-0.0011638104497608778
2019-03-21,0.00890451376796983
2019-03-22,0.002746385476570814
2019-03-25,-0.003283955766506033
2019-03-26,0.0005507943028511175
2019-03-27,-0.0004155920574691384
2019-03-28,-0.0028473214122141403
2019-03-29,-0.0023115792569812607
2019-04-01,0.0011704654421657924
2019-04-02,-0.0009963097753798301
2019-04-03,0.006200102721454196
2019-04-04,0.0007208159871619959
2019-04-05,-0.007246263024074746
2019-04-08,0.0026355530609743516
2019-04-09,0.0016791631908502933
2019-04-10,0.0003468920533041202
2019-04-11,0.0026198641086274807
2019-04-12,-1.525144966569158e-05
2019-04-15,-0.000447670708854147
2019-04-16,0.015410230363863178
2019-04-17,0.01735007128230064
2019-04-18,-0.006843557751855107
2019-04-22,-0.001893664184956524
2019-04-23,-0.008659105093673717
2019-04-24,0.002386562584695338
2019-04-25,-0.00851843881690721
2019-04-26,-0.000859789146749104
2019-04-29,0.004064726879171348
2019-04-30,-0.0019671025438539776
2019-05-01,0.0033545718867069698
2019-05-02,0.002108025876278155
2019-05-03,-0.00027496951577686584
2019-05-06,-0.004820761811523419
2019-05-07,0.004676890927278647
2019-05-08,-0.006125344096460837
2019-05-09,-0.0030290900797384293
2019-05-10,0.004124108402628671
2019-05-13,-0.0002588630451008567
2019-05-14,0.001356899576236804
2019-05-15,-0.00016251832960530128
2019-05-16,-0.003706713761242714
2019-05-17,0.0011053850049322278
2019-05-20,-0.006252766540867972
2019-05-21,-0.004535605432807204
2019-05-22,-0.0063037698423993845
2019-05-23,0.0006238192746760319
2019-05-24,-0.0027367054612234725
2019-05-28,0.0004990001742385187
2019-05-29,0.0017626400384581518
2019-05-30,-0.0016608846852343435
2019-05-31,-0.004188991347939746
2019-06-03,0.001014277094711262
2019-06-04,0.004596970008092515
2019-06-05,-0.004817057132190434
2019-06-06,0.006353421221587005
2019-06-07,-0.004359888383445249
2019-06-10,0.004140708004878228
2019-06-11,0.00921981823132745
2019-06-12,-0.006520917561746638
2019-06-13,-0.0005764412494825755
2019-06-14,-0.0019047500998423902
2019-06-17,-0.003213124965100928
2019-06-18,0.002279444782059588
2019-06-19,-0.008321283258733552
2019-06-20,-0.00547128982902749
2019-06-21,-0.0037333216677930374
2019-06-24,0.004255329397595903
2019-06-25,-0.003293009474010657
2019-06-26,0.008619624260987833
2019-06-27,9.769632029772516e-05
2019-06-28,-0.003477760442577538
2019-07-01,0.005048273061444488
2019-07-02,0.00013793903703159357
2019-07-03,-0.0039024571632350065
2019-07-05,0.0033497213905055753
2019-07-08,0.0004162042200772277
2019-07-09,0.001115724701468254
2019-07-10,0.0005554784930574579
2019-07-11,-0.002681552616002139
2019-07-12,0.004044255579486313
2019-07-15,0.0026344365920847905
2019-07-16,-0.0015686373132178047
2019-07-17,-0.002433501952432819
2019-07-18,0.001613768667870292
2019-07-19,-0.0004701641137669183
2019-07-22,0.004220796212419885
2019-07-23,-0.001165743089500573
2019-07-24,0.006746720162520585
2019-07-25,0.0033496178706283125
2019-07-26,0.009881612546231398
2019-07-29,0.0018866354009975123
2019-07-30,-0.005925262893060102
2019-07-31,-0.003954718932391681
2019-08-01,-0.001979331181142377
2019-08-02,0.00209500086996591
2019-08-05,-0.0002267822096843918
2019-08-06,-0.0022305165755045473
2019-08-07,-0.00026269385348746174
2019-08-08,-0.001693029168393279
2019-08-09,-0.0024357892341560538
2019-08-12,0.0002092219186971168
2019-08-13,0.0010360186085631123
2019-08-14,-0.0013322433780465959
2019-08-15,-0.005561550688157446
2019-08-16,0.005600986553812402
2019-08-19,0.004143935361812458
2019-08-20,-0.0034133847927498044
2019-08-21,-0.0014054277275881825
2019-08-22,0.002915958024311857
2019-08-23,-0.004421032648308907
2019-08-26,0.0030500561503610706
2019-08-27,0.0005705657245410558
2019-08-28,0.0027822421123710047
2019-08-29,-0.0009929085825637466
2019-08-30,0.008599200756608453
2019-09-03,0.006752263121199221
2019-09-04,0.007000517767281298
2019-09-05,0.005055190449656188
2019-09-06,-0.0029516297582438305
2019-09-09,0.014327648070183907
2019-09-10,-0.0003707519441185547
2019-09-11,0.0023932697404627735
2019-09-12,0.0013193474304857237
2019-09-13,-0.005248223067710451
2019-09-16,-0.005474029720029197
2019-09-17,-0.00019242060772032798
2019-09-18,0.0032560557632937675
2019-09-19,-0.003849602725772403
2019-09-20,-0.0018054179146681586
2019-09-23,0.0036662245433511597
2019-09-24,-0.0017573421652114106
2019-09-25,0.006048491901460696
2019-09-26,0.0004292703441189304
2019-09-27,0.0009364031521389997
2019-09-30,-0.0023999363549283607
2019-10-01,-0.0031287240048162327
2019-10-02,-0.004996328799186715
2019-10-03,0.000699866683311301
2019-10-04,0.0029886296338327385
2019-10-07,0.0014235370271929453
2019-10-08,-0.001546451114415228
2019-10-09,-0.0010279519997198267
2019-10-10,0.00022349900455595768
2019-10-11,0.002434174530551425
2019-10-14,-0.0016330490490617383
2019-10-15,-0.0017500991845074098
2019-10-16,-0.00015212780835712088
2019-10-17,0.0015028657390462263
2019-10-18,0.0024823445460372025
2019-10-21,0.007679674895872435
2019-10-22,-0.006909289040862506
2019-10-23,-0.002595194686016828
2019-10-24,-0.008493621941218702
2019-10-25,0.008452329322626196
2019-10-28,-0.0008298192160452939
2019-10-29,-0.007756052002422817
2019-10-30,-0.0011595494491887526
2019-10-31,0.0030963916195275655
2019-11-01,0.0010784658920662503
2019-11-04,0.0064201130730323725
2019-11-05,0.0022763707391458055
2019-11-06,-0.002840160939104452
2019-11-07,0.002886305100185949
2019-11-08,-0.0012823903176993618
2019-11-11,-0.00043869789829264355
2019-11-12,-0.003814342167000247
2019-11-13,-0.005537976215854573
2019-11-14,-0.0005700796134645022
2019-11-15,-0.0034181992596371124
2019-11-18,0.0034886618010832467
2019-11-19,-0.004923249861662407
2019-11-20,-0.0017620497369432774
2019-11-21,0.001555429495410183
2019-11-22,0.0011015231580666703
2019-11-25,-0.0004752845353079856
2019-11-26,0.0004649098335893535
2019-11-27,0.0012104084591659362
2019-11-29,-0.0013102974337969658
2019-12-02,0.00397223281298231
2019-12-03,-0.004005688338559204
2019-12-04,0.0017908291070498907
2019-12-05,0.0013909119583392856
2019-12-06,-0.0027284238453700797
2019-12-09,0.004153879316283142
2019-12-10,-0.000617525410564752
2019-12-11,0.0037891395686776436
2019-12-12,0.005378578632843345
2019-12-13,-0.004914739251473053
2019-12-16,0.0007587066665737752
2019-12-17,0.006107897236467698
2019-12-18,0.0010714136339529073
2019-12-19,-0.00026591432301973787
2019-12-20,-0.002122697638219825
2019-12-23,-0.0018869748226643512
2019-12-24,0.0005262916952117891
2019-12-26,0.002155236868510412
2019-12-27,-0.002416277180709207
2019-12-30,0.0009794208202855573
2019-12-31,0.0005648758204686405
2020-01-02,-0.0004520575814608934
2020-01-03,-0.005609503898226852
2020-01-06,-0.004053850940121197
2020-01-07,1.6487963973739146e-05
2020-01-08,-0.007056249832389974
2020-01-09,-0.003285989438181313
2020-01-10,-0.0020139114338907117
2020-01-13,0.0032390008599139514
2020-01-14,-0.00047956779450328925
2020-01-15,-0.003966883788048895
2020-01-16,0.0015535469220444023
2020-01-17,0.0007371230000557819
2020-01-21,-0.000944890790053015
2020-01-22,0.002094613853196516
2020-01-23,-0.0003932693569869627
2020-01-24,0.0018997768641969782
2020-01-27,0.00041215090591310285
2020-01-28,0.0005206966536731368
2020-01-29,-0.0015026986513885416
2020-01-30,0.008718681009291646
2020-01-31,0.00011445537088417285
2020-02-03,0.00031825189170867963
2020-02-04,-0.0007667427796901268
2020-02-05,-0.009790097822616504
2020-02-06,0.0010916187012326242
2020-02-07,0.003072241021450468
2020-02-10,0.00039308235677864103
2020-02-11,-0.00019148779059838624
2020-02-12,-0.002762372097957762
2020-02-13,-0.0013527832913826506
2020-02-14,-0.0046929443651758836
2020-02-18,-0.00373328928423016
2020-02-19,-0.0020586285361219865
2020-02-20,0.003883111682505745
2020-02-21,-0.0012051280826366468
2020-02-24,-0.00279611876133217
2020-02-25,-0.0013605613715353324
2020-02-26,0.0001286822120660348
2020-02-27,-0.005929423671089806
2020-02-28,-0.002412151983358032
2020-03-02,-0.0035867145219868994
2020-03-03,-0.00253949568364336
2020-03-04,-0.013382517572593731
2020-03-05,-0.002670099621743466
2020-03-06,-0.00876329287945044
2020-03-09,-0.019434397809383722
2020-03-10,0.0008766874596980458
2020-03-11,0.00026071394392171145
2020-03-12,-0.010700631147738372
2020-03-13,0.009489148594916666
2020-03-16,0.013640654724154764
2020-03-17,-0.0024645651629983554
2020-03-18,-0.002338507313124336
2020-03-19,-0.009398284791925886
2020-03-20,0.0012439127644458547
2020-03-23,0.0002506149669529174
2020-03-24,0.006724263774665531
2020-03-25,-0.011665610601866872
2020-03-26,-0.0062881248935090445
2020-03-27,0.0018790090110967284
2020-03-30,-0.008320091287647807
2020-03-31,0.00867150905554746
2020-04-01,-0.0033537469305610535
2020-04-02,0.008724571922681116
2020-04-03,0.0033366685431217634
2020-04-06,-0.01808931276084325
2020-04-07,0.013772864611219961
2020-04-08,-0.00047083813062106
2020-04-09,0.005865759646884432
2020-04-13,-0.003467443745252898
2020-04-14,-0.0036025510996817688
2020-04-15,-0.012839392943245695
2020-04-16,-0.021419645598415745
2020-04-17,0.00884792074889311
2020-04-20,-0.0012778665831602708
2020-04-21,-0.003719805951252529
2020-04-22,0.003156578393877636
2020-04-23,0.005861437942030364
2020-04-24,0.00045151218249616694
2020-04-27,0.003241448250603584
2020-04-28,0.010459589924549484
2020-04-29,0.0079464106255407
2020-04-30,-0.014132361253363307
2020-05-01,-0.00989765015956145
2020-05-04,-0.003944429795529288
2020-05-05,-0.008364022518825422
2020-05-06,-0.008544692041874576
2020-05-07,0.0036441749687621196
2020-05-08,0.018056658601128397
2020-05-11,-0.006982872546120012
2020-05-12,8.575376996577188e-05
2020-05-13,-0.01450566246963478
2020-05-14,0.007641468850709116
2020-05-15,-0.008805197543336687
2020-05-18,0.01573203754300157
2020-05-19,-0.003957059710622032
2020-05-20,0.007944964329950227
2020-05-21,-0.0017938100754644711
2020-05-22,-0.003913750265373917
2020-05-26,0.015177353918059851
2020-05-27,-0.0016855537029390878
2020-05-28,-0.01597748264898695
2020-05-29,-0.003512788722393723
2020-06-01,0.004879010280995939
2020-06-02,0.004099083717010184
2020-06-03,0.008194871032278277
2020-06-04,0.021464583797751978
2020-06-05,0.013339305055367233
2020-06-08,0.010555854655152467
2020-06-09,-0.0028994576001684542
2020-06-10,-0.014524511451612153
2020-06-11,-0.010761511421038063
2020-06-12,0.007226216643418252
2020-06-15,0.0031485559048685567
2020-06-16,-0.0017043185129033964
2020-06-17,-0.007727244728036598
2020-06-18,0.0015526382464457066
2020-06-19,-0.005529152835185861
2020-06-22,0.0013723267790167028
2020-06-23,-0.005251041019163744
2020-06-24,-0.00042080627528158054
2020-06-25,0.004744640820869302
2020-06-26,-0.007622890591363722
2020-06-29,0.002552840414570586
2020-06-30,-0.0010031062129446848
2020-07-01,-0.011077795954307496
2020-07-02,-0.0007838508450724453
2020-07-06,0.006434727578372436
2020-07-07,-0.0006590162505404437
2020-07-08,0.00042594541328465525
2020-07-09,-0.004593003739483824
2020-07-10,0.015534983081284062
2020-07-13,0.00010826574803961146
2020-07-14,-0.0024299164121829226
2020-07-15,0.0030560703797164294
2020-07-16,0.004412217668422966
2020-07-17,-0.010940925485019595
2020-07-20,-0.005023788577500348
2020-07-21,0.01239982196441929
2020-07-22,-0.0013935974324441511
2020-07-23,0.007491211988040491
2020-07-24,-0.0008319042359073393
2020-07-27,-0.0022224884821972443
2020-07-28,0.0017553211015333815
2020-07-29,-0.0014908801779176216
2020-07-30,-0.004742786025507681
2020-07-31,-0.0007167468808697236
2020-08-03,-0.0006384772787504081
2020-08-04,0.0051042591381157115
2020-08-05,-0.005669004463066473
2020-08-06,-0.0024464015949769266
2020-08-07,0.0005073416647559675
2020-08-10,0.0069480093594623165
2020-08-11,0.0022011826480233844
2020-08-12,-0.002618668365541153
2020-08-13,-0.00953698497068941
2020-08-14,0.002206251603001723
2020-08-17,-0.0006105186339273437
2020-08-18,-0.00014270591907227661
2020-08-19,0.0005509412598365175
2020-08-20,-0.006541674222459203
2020-08-21,-0.005420292580066241
2020-08-24,0.010217096855216976
2020-08-25,-0.006060705560344431
2020-08-26,-0.011599282497736431
2020-08-27,0.0016754612241452194
2020-08-28,0.003963029250273355
2020-08-31,-0.004231995131418001
2020-09-01,-0.0004034068711057529
2020-09-02,-0.0034014891381271587
2020-09-03,0.008055160283798608
2020-09-04,0.008027712325205397
2020-09-08,0.0007894078723638506
2020-09-09,-0.009556777937025043
2020-09-10,-0.003026174265258155
2020-09-11,0.00416527927612487
2020-09-14,-0.0037073391515577417
2020-09-15,-0.0008795128990880729
2020-09-16,0.011521134050695695
2020-09-17,0.003968968257003129
2020-09-18,0.00023531365840562783
2020-09-21,-0.007194728126924361
2020-09-22,-0.005190163253943141
2020-09-23,-0.0007761353059901905
2020-09-24,0.0016359965420375128
2020-09-25,-0.01182345269969633
2020-09-28,0.0018309970836895015
2020-09-29,-0.009637716798588292
2020-09-30,-0.0017792189862768626
2020-10-01,-0.0030726796966842307
2020-10-02,0.007327144447517286
2020-10-05,-0.0009685935948732161
2020-10-06,0.0023231065284411477
2020-10-07,0.0024378144254259986
2020-10-08,0.008165012397156968
2020-10-09,-0.005920096673567103
2020-10-12,-0.0019951643311308643
2020-10-13,-0.006079244002469153
2020-10-14,0.0012863111315727634
2020-10-15,0.010258525580830525
2020-10-16,-0.00900224821696687
2020-10-19,0.004557465357781179
2020-10-20,0.00570538074667721
2020-10-21,-0.0035972268564661903
2020-10-22,0.006282667745413013
2020-10-23,-0.003906537271266405
2020-10-26,-0.003039438162844829
2020-10-27,-0.008021044237587467
2020-10-28,0.0014119341050528667
2020-10-29,0.006927233982160559
2020-10-30,0.008868769848214546
2020-11-02,0.0026206679218443805
2020-11-03,0.0003239044262547637
2020-11-04,-0.03787065756008758
2020-11-05,0.004129179399104499
2020-11-06,0.0006543958558787804
2020-11-09,0.047977473622672344
2020-11-10,0.010292978443037426
2020-11-11,-0.0053934935687671975
2020-11-12,-0.006808601904079613
2020-11-13,0.007661609837084619
2020-11-16,0.017751843087720296
2020-11-17,0.0005207039536216349
2020-11-18,0.0029282056497824155
2020-11-19,0.00420369162365723
2020-11-20,0.00020287572371023013
2020-11-23,0.014205898602610708
2020-11-24,0.01635338340595448
2020-11-25,-0.004531580393545826
2020-11-27,-0.005951314995442271
2020-11-30,-0.015002989510676785
2020-12-01,0.003491015795321602
2020-12-02,0.010529194589164816
2020-12-03,0.006499153322676377
2020-12-04,0.01199222478781207
2020-12-07,-0.0005399090936913595
2020-12-08,0.005403898496255053
2020-12-09,0.006443536711101157
2020-12-10,0.003815060342019422
2020-12-11,-0.0038160186102698754
2020-12-14,-0.012298292663891437
2020-12-15,0.005718022156078705
2020-12-16,-0.003108771451098819
2020-12-17,-0.007877260231470765
2020-12-18,-0.004061443597731774
2020-12-21,-0.0010681749159978135
2020-12-22,-0.008856691635056242
2020-12-23,0.008101694989508775
2020-12-24,-0.005119963061238071
2020-12-28,-0.0019640201758507735
2020-12-29,-0.0016506532387585817
2020-12-30,0.005434936156655137
2020-12-31,-0.005127642316390642
2021-01-04,0.005317984283789383
2021-01-05,0.006344440609418748
2021-01-06,0.010578786119611753
2021-01-07,-0.0027484109227074068
2021-01-08,-0.005830862429015506
2021-01-11,0.00622032576391228
2021-01-12,0.010773162219922609
2021-01-13,-0.0026357582226575007
2021-01-14,0.01686217708449534
2021-01-15,-0.012948301834859113
2021-01-19,0.004008038258028103
2021-01-20,-0.0032079883047176714
2021-01-21,-0.002401454543870216
2021-01-22,-0.0008257300111747832
2021-01-25,-0.006452984678684771
2021-01-26,0.0006077769642380231
2021-01-27,0.005851565531344667
2021-01-28,-0.0004966200449964883
2021-01-29,-0.002940114375315998
2021-02-01,-0.004719599244793842
2021-02-02,-0.0033000188619926336
2021-02-03,0.016671242005693893
2021-02-04,0.0012699516917511237
2021-02-05,0.004050229324127003
2021-02-08,0.00802398202072262
2021-02-09,-0.004047473123797003
2021-02-10,0.0034628882691892073
2021-02-11,-0.004398801626540148
2021-02-12,-0.002151347724156526
2021-02-16,0.007973731894849085
2021-02-17,0.006668908261968007
2021-02-18,0.0010050692482522297
2021-02-19,0.008783903393645437
2021-02-22,0.016532523791153268
2021-02-23,0.00047432077480631034
2021-02-24,0.006498463907781924
2021-02-25,0.001126109238585071
2021-02-26,-0.005777795454304908
2021-03-01,-0.004093195248219614
2021-03-02,0.00626061071955362
2021-03-03,0.016691101055213233
2021-03-04,0.0030399260928844563
2021-03-05,-0.0017967685871996882
2021-03-08,0.012514056911537803
2021-03-09,-0.01399427960139157
2021-03-10,0.0034948316860498
2021-03-11,-0.013258630031542125
2021-03-12,0.009105040835789594
2021-03-15,0.003296335953808001
2021-03-16,-0.0036510118675143056
2021-03-17,0.002484468536543148
2021-03-18,0.00048316815278422236
2021-03-19,-0.002506971225674353
2021-03-22,-0.005854891719193275
2021-03-23,-0.008543835031587727
2021-03-24,0.0032521918407538565
2021-03-25,0.004510385842728713
2021-03-26,0.001001343916516759
2021-03-29,-0.002698558023016517
2021-03-30,0.005130376594573691
2021-03-31,-0.008487205287604434
2021-04-01,0.0016619050734275659
2021-04-05,-0.00027390467707401995
2021-04-06,0.0004213625089669918
2021-04-07,0.00017128830320450492
2021-04-08,-0.009821150513706585
2021-04-09,-0.005700877303318273
2021-04-12,-0.0023268105409938117
2021-04-13,-0.007582252300198736
2021-04-14,0.009049083207330607
2021-04-15,-0.010368096058825674
2021-04-16,0.00062596469158553
2021-04-19,0.000812855939760978
2021-04-20,-0.007889475646865367
2021-04-21,0.003314627810093057
2021-04-22,-0.0023837625506486024
2021-04-23,2.1022036264637143e-05
2021-04-26,0.0007134936830893379
2021-04-27,0.0015647048208228503
2021-04-28,0.007700005089675995
2021-04-29,-0.00437897152721477
2021-04-30,0.0035014636751762025
2021-05-03,0.009770871788844093
2021-05-04,0.0005526325806144337
2021-05-05,0.013103909778332286
2021-05-06,0.0015613952154389997
2021-05-07,-0.001066737422876731
2021-05-10,0.007306262269953173
2021-05-11,-0.004503054384696575
2021-05-12,0.005563754438041352
2021-05-13,-0.001664288319868408
2021-05-14,0.0022197819978276912
2021-05-17,0.009053823013470675
2021-05-18,-0.0015962245783707864
2021-05-19,-0.00647638261829551
2021-05-20,-0.004513275018396339
2021-05-21,0.004768059404784938
2021-05-24,-0.0007608283693828319
2021-05-25,-0.004223755698426883
2021-05-26,0.005215784610364747
2021-05-27,0.0028406063831930097
2021-05-28,-0.0009666252414432308
2021-06-01,0.008542938199948943
2021-06-02,0.004705694748014898
2021-06-03,0.007138338957439841
2021-06-04,-0.005647526292715664
2021-06-07,-0.007962348310171391
2021-06-08,-0.0033235802542485398
2021-06-09,-0.0002880556195334385
2021-06-10,-0.0070520306372017305
2021-06-11,0.002870816567170587
2021-06-14,-0.00951137192387279
2021-06-15,0.003128033539052078
2021-06-16,0.003370444691157151
2021-06-17,-0.015915258825247105
2021-06-18,-0.006869252728389144
2021-06-21,0.004139832821834777
2021-06-22,-0.004042655424434551
2021-06-23,-0.0012713221681808328
2021-06-24,-0.0034808913411958084
2021-06-25,0.0030443464615868563
2021-06-28,-0.011884490751960469
2021-06-29,-0.0033480932390868713
2021-06-30,0.0037079731982026715
2021-07-01,0.0021574819652882657
2021-07-02,-0.004257101544014556
2021-07-06,-0.009789347552989144
2021-07-07,-0.004564066335254286
2021-07-08,-0.002773223955861525
2021-07-09,0.006347138779570927
2021-07-12,-0.0010346668111410392
2021-07-13,-0.0031650428334482924
2021-07-14,0.0017383926883531718
2021-07-15,-0.00314336731804666
2021-07-16,-0.007875223039788245
2021-07-19,-0.004949455301411802
2021-07-20,0.0015430298780854089
2021-07-21,0.01322555236643213
2021-07-22,-0.006231905134967975
2021-07-23,-0.007804099801203692
2021-07-26,0.008521031204643108
2021-07-27,0.002663475200264603
2021-07-28,0.000989235251777999
2021-07-29,-0.001723505932888643
2021-07-30,-0.007085446842276421
2021-08-02,-0.0011113436486494576
2021-08-03,0.0002453119630984283
2021-08-04,-0.012715686081756479
2021-08-05,0.008338899046264532
2021-08-06,0.004190570602664817
2021-08-09,-0.0026775317612052047
2021-08-10,0.00937120747426808
2021-08-11,0.0025633325851876416
2021-08-12,-0.0019268961267507028
2021-08-13,-0.0025997784974366696
2021-08-16,-0.0037463922313815535
2021-08-17,-0.0012199736897081739
2021-08-18,-0.0005383727930948136
2021-08-19,-0.004576292452496255
2021-08-20,-0.0018279555030970484
2021-08-23,0.0028049429385500375
2021-08-24,0.003111037916073014
2021-08-25,0.0009558218964255651
2021-08-26,-0.0003963140600469066
2021-08-27,0.004074052411446619
2021-08-30,-0.007635790064483568
2021-08-31,0.0015684063146052707
2021-09-01,-0.005346231811103165
2021-09-02,0.00542543107044395
2021-09-03,-0.0028489308358610158
2021-09-07,-0.000997074254315394
2021-09-08,-0.003923574935207764
2021-09-09,0.0025364724969045914
2021-09-10,-5.389602797483717e-05
2021-09-13,0.006653907360757514
2021-09-14,-0.005498248671601697
2021-09-15,0.005299690885839036
2021-09-16,-0.0023668911884530434
2021-09-17,0.0001913318078851672
2021-09-20,0.0017833814008356575
2021-09-21,-0.0027737085569693237
2021-09-22,0.00899013452918178
2021-09-23,0.0036581758333703134
2021-09-24,-0.000252157807715052
2021-09-27,0.008923016242552954
2021-09-28,0.011110499182815307
2021-09-29,0.0010878263817295556
2021-09-30,-0.001872190683105855
2021-10-01,0.00796260670651716
2021-10-04,0.011942793552852736
2021-10-05,-0.004186941381831997
2021-10-06,-0.004746762244740722
2021-10-07,-0.003544730173719948
2021-10-08,0.0029703415442342866
2021-10-11,0.0004170286710728777
2021-10-12,-0.00045747153186845876
2021-10-13,-0.005453635735721615
2021-10-14,-0.0025406445030487466
2021-10-15,-0.0032215127807450534
2021-10-18,-0.007483801397191646
2021-10-19,3.659912675469389e-05
2021-10-20,0.00217517580548622
2021-10-21,-0.004900337956294533
2021-10-22,-0.004782894446368476
2021-10-25,-0.00709327630094028
2021-10-26,0.005513141199307408
2021-10-27,-0.004836091558249321
2021-10-28,-0.0006764697834058563
2021-10-29,-0.0035836609311380723
2021-11-01,0.005841914028690525
2021-11-02,0.0008461316296071908
2021-11-03,-0.00022319382249666437
2021-11-04,-0.008448914711923279
2021-11-05,0.010158916260412607
2021-11-08,-0.002289255645392776
2021-11-09,0.00515184374702463
2021-11-10,0.0016238166395078398
2021-11-11,0.00020846596733123016
2021-11-12,-0.00947425228648985
2021-11-15,0.0009808011683565738
2021-11-16,-0.013708122399035785
2021-11-17,0.0028734850472868223
2021-11-18,-0.0026510876745876994
2021-11-19,-0.009747655505452077
2021-11-22,0.01460068554518549
2021-11-23,0.004430311854703385
2021-11-24,-0.0006800550931723915
2021-11-26,-0.004793707044930084
2021-11-29,-0.006914591423683891
2021-11-30,0.0005719806147196955
2021-12-01,0.0022010415310453777
2021-12-02,0.0041237561615224605
2021-12-03,0.006378072052356967
2021-12-06,0.0056569881787090544
2021-12-07,-0.01157688954606444
2021-12-08,-0.004313892210869207
2021-12-09,0.003301437861426118
2021-12-10,0.0045265570857958995
2021-12-13,-0.0015100999149352547
2021-12-14,0.007238500299160182
2021-12-15,-0.006658524518186599
2021-12-16,0.016841560814729456
2021-12-17,-0.0031098997587508553
2021-12-20,0.009875344756056113
2021-12-21,-0.003835846641144734
2021-12-22,-0.003488918745940421
2021-12-23,-0.0033410521080951064
2021-12-27,-0.003683310775190587
2021-12-28,0.0032388095434847364
2021-12-29,-0.004746263728228784
2021-12-30,0.0012470309943549804
2021-12-31,0.0027118503125446148
2022-01-03,0.009489173724223561
2022-01-04,0.017053725174699306
2022-01-05,0.018557106782226954
2022-01-06,0.010654664417565783
2022-01-07,0.01895426992598256
2022-01-10,-0.004074712526240808
2022-01-11,-0.0029787426891326103
2022-01-12,0.002420381730351492
2022-01-13,0.016231466102654645
2022-01-14,0.007480120517148981
2022-01-18,0.0069068028911031904
2022-01-19,-0.002198639720919097
2022-01-20,-0.002656695729273285
2022-01-21,0.005125435901946136
2022-01-24,-0.006560498426721373
2022-01-25,0.015620379819803425
2022-01-26,0.0005753879199310435
2022-01-27,0.0034479220325176222
2022-01-28,-0.018740181289197178
2022-01-31,-0.012708507912824995
2022-02-01,0.0027163228844937306
2022-02-02,0.005615687657695669
2022-02-03,0.012595632608889337
2022-02-04,-0.0064690905084521435
2022-02-07,0.009316769195311131
2022-02-08,-0.0004276742563908445
2022-02-09,-0.00858887883367307
2022-02-10,0.009259769140312825
2022-02-11,0.01316888697060386
2022-02-14,0.0006053894598049112
2022-02-15,-0.003984447876161928
2022-02-16,0.0017667225104871218
2022-02-17,0.011187900102990799
2022-02-18,0.006480767294973181
2022-02-22,0.0015007297086763404
2022-02-23,0.004372209186682068
2022-02-24,-0.029932670414632403
2022-02-25,0.004798606040343598
2022-02-28,-0.009544216887783586
2022-03-01,-0.004707597509420699
2022-03-02,0.00670591920571202
2022-03-03,0.008416168430124304
2022-03-04,0.009144233363335216
2022-03-07,0.006212141546933135
2022-03-08,-0.0020890372309961473
2022-03-09,-0.013085964373065402
2022-03-10,0.008009732591307843
2022-03-11,0.009306318807428013
2022-03-14,0.000996006715183786
2022-03-15,-0.006127370019343981
2022-03-16,-0.013839199309375395
2022-03-17,-0.0050826766105275065
2022-03-18,-0.010860144102014248
2022-03-21,0.0068552402110583065
2022-03-22,-0.008754338358811481
2022-03-23,0.010885085290210565
2022-03-24,-0.0010331422939095104
2022-03-25,0.010851849780324083
2022-03-28,-0.0111927556736497
2022-03-29,-0.007622933919325516
2022-03-30,0.005218793285598171
2022-03-31,0.003387174738557045
2022-04-01,-0.004968981886418958
2022-04-04,-0.008056785343662078
2022-04-05,0.004557070153181598
2022-04-06,0.006644789712251997
2022-04-07,-0.004492833552670699
2022-04-08,0.007276646052885223
2022-04-11,0.00960797068958211
2022-04-12,0.006356389066138796
2022-04-13,-0.0008764911180806482
2022-04-14,0.007520813989738491
2022-04-18,0.00552501235571925
2022-04-19,-0.0072812899713691655
2022-04-20,0.007319259900248093
2022-04-21,0.015478960957038702
2022-04-22,0.0062014154133130765
2022-04-25,-0.010500530165514768
2022-04-26,0.006631199874097262
2022-04-27,-8.372154180365541e-05
2022-04-28,-0.008606318099903539
2022-04-29,0.00530967737246916
2022-05-02,-0.001947156563314328
2022-05-03,0.008061156362806078
2022-05-04,-0.007576112905875559
2022-05-05,0.018787568417874802
2022-05-06,0.014828135815460728
2022-05-09,0.0029014033357508445
2022-05-10,0.00041575796934928
2022-05-11,0.010200337743090428
2022-05-12,-0.011241439269861014
2022-05-13,-0.009201978278332572
2022-05-16,0.009905700731594731
2022-05-17,-0.0009405115178700869
2022-05-18,0.00321595425811608
2022-05-19,-0.014612918271366373
2022-05-20,-0.001085601616850328
2022-05-23,0.005370986369772231
2022-05-24,0.005951089591998981
2022-05-25,-0.0017421864077243534
2022-05-26,-0.0027288369324742334
2022-05-27,-0.012526998873463155
2022-05-31,0.006486677258891061
2022-06-01,0.001992400146389384
2022-06-02,-0.018442920044545813
2022-06-03,0.006686735525577998
2022-06-06,-0.0016949323966970837
2022-06-07,0.0012850384924063263
2022-06-08,-0.005235702846545629
2022-06-09,0.00014645900679138268
2022-06-10,0.010753033876313567
2022-06-13,0.001568966378434983
2022-06-14,-0.005180767078865338
2022-06-15,-0.011252503023691117
2022-06-16,0.006765874163100447
2022-06-17,-0.01051935524744379
2022-06-21,0.004653694530650395
2022-06-22,-0.007521025179819516
2022-06-23,-0.01971202316054705
2022-06-24,0.0014379189358273542
2022-06-27,0.0039385491882388554
2022-06-28,0.016865564308804048
2022-06-29,-0.011817200323529585
2022-06-30,-0.003197800444355887
2022-07-01,-0.004688812978311863
2022-07-05,-0.00993162156057354
2022-07-06,-0.007001644997045772
2022-07-07,-0.0013421233240284445
2022-07-08,-0.004491302913508072
2022-07-11,0.0009190811520083796
2022-07-12,0.01488916857811658
2022-07-13,0.0003992728815805431
2022-07-14,-0.0021587585103043476
2022-07-15,0.0005662464001609214
2022-07-18,0.006739989290209846
2022-07-19,-0.007400447011837551
2022-07-20,-0.006392348174903522
2022-07-21,-0.023170778518566956
2022-07-22,0.0042643959218352095
2022-07-25,0.0016896889408560504
2022-07-26,0.002859979693400536
2022-07-27,-0.0035517842726094794
2022-07-28,-0.01178060379312897
2022-07-29,-0.004683688551768851
2022-08-01,0.005274583597819098
2022-08-02,-0.0037373907715094697
2022-08-03,-0.007018634555054653
2022-08-04,-0.01346617988371806
2022-08-05,0.0032210539125502387
2022-08-08,0.0020869455753594114
2022-08-09,0.007177445769482402
2022-08-10,-0.0074605909114707205
2022-08-11,0.010810679465390978
2022-08-12,-0.001754580537154486
2022-08-15,-0.006221386999644516
2022-08-16,0.007896650080878313
2022-08-17,0.00324564674340228
2022-08-18,0.005318844176829956
2022-08-19,0.0068629680627734875
2022-08-22,0.0024362814509964184
2022-08-23,0.0071969452877901794
2022-08-24,-0.000968076090684247
2022-08-25,-0.0012217354417660149
2022-08-26,0.007377909491974383
2022-08-29,0.001512168615955038
2022-08-30,-0.003161800218498963
2022-08-31,-0.002164829901496701
2022-09-01,-0.002720129961385062
2022-09-02,0.006055965425299783
2022-09-06,-0.0009726445533875822
2022-09-07,-0.006591892037652527
2022-09-08,-0.007782980808906569
2022-09-09,0.0010746354828483468
2022-09-12,0.0022925690116887137
2022-09-13,0.009055694520145326
2022-09-14,0.0015939468018823263
2022-09-15,0.006954988563092807
2022-09-16,0.003541127090582589
2022-09-19,0.004792089580438211
2022-09-20,-0.000912976384997585
2022-09-21,-0.004064861508228911
2022-09-22,0.007592699955577274
2022-09-23,-0.009953005377257611
2022-09-26,0.00159637060672427
2022-09-27,-0.001533669561313163
2022-09-28,-0.008102030229833685
2022-09-29,0.0015142601343306607
2022-09-30,-0.011303423260995956
2022-10-03,-0.0029399392030906865
2022-10-04,0.006838454171272057
2022-10-05,0.0001124467922086745
2022-10-06,-0.0033190305610103334
2022-10-07,0.005670858296782818
2022-10-10,-0.0037679803757700876
2022-10-11,0.004238897564267032
2022-10-12,0.00923467275188476
2022-10-13,0.004975022726176036
2022-10-14,0.010465792418492529
2022-10-17,-0.011122188951518366
2022-10-18,0.004811467547821823
2022-10-19,0.005798892992292586
2022-10-20,0.008500258491163221
2022-10-21,-0.0006923719813181296
2022-10-24,-0.0008098576422232894
2022-10-25,-0.012070113857630597
2022-10-26,0.005032693795023709
2022-10-27,0.008657298072238404
2022-10-28,0.0033297539644046434
2022-10-31,0.005379073790079813
2022-11-01,0.008495271592602589
2022-11-02,0.009156346864608624
2022-11-03,0.0039153462821353915
2022-11-04,0.005703489386764372
2022-11-07,-0.0023135108400568587
2022-11-08,-0.0010931953399510286
2022-11-09,-0.0012085102415267217
2022-11-10,-0.02549026332077629
2022-11-11,-0.0001074794855016705
2022-11-14,0.004268069296160109
2022-11-15,-0.003566817675858785
2022-11-16,0.00010760872645863717
2022-11-17,0.004095422978299594
2022-11-18,0.003204076779668174
2022-11-21,0.0065849991155236464
2022-11-22,-0.0021163023508175213
2022-11-23,-0.003073035088622604
2022-11-25,-0.000459146397874201
2022-11-28,-0.001043419064605449
2022-11-29,0.011645148543347833
2022-11-30,-0.01407319133457916
2022-12-01,-0.00037981331793748537
2022-12-02,-0.0008700439532312983
2022-12-05,0.0019757928132487913
2022-12-06,0.003178371083015926
2022-12-07,-0.005983625247023155
2022-12-08,-0.0035605182481127707
2022-12-09,0.0032502176036415882
2022-12-12,0.007112767845633827
2022-12-13,-0.014477386502318793
2022-12-14,0.0030444824197819213
2022-12-15,0.0016717063538724596
2022-12-16,0.0016081587165371015
2022-12-19,0.0014445260203118002
2022-12-20,-0.0008126087372573357
2022-12-21,-0.0035368036022049923
2022-12-22,-0.000463789035879443
2022-12-23,0.0028268890352617444
2022-12-27,0.006946462521942322
2022-12-28,-0.005566632639810509
2022-12-29,-0.004167400026225098
2022-12-30,0.003009381035522999
2023-01-03,0.006531316202850323
2023-01-04,0.013018155652866936
2023-01-05,0.017621686458632983
2023-01-06,0.005667781264069563
2023-01-09,0.0014407028120345345
2023-01-10,0.005402590146847898
2023-01-11,-0.008816464779662934
2023-01-12,0.00828558345677831
2023-01-13,-0.0015970507827382861
2023-01-17,-0.001520788592040841
2023-01-18,-0.007383508925307505
2023-01-19,0.0015919263500953176
2023-01-20,-0.0014893142677894736
2023-01-23,-4.832176936922281e-05
2023-01-24,0.00018243932435452564
2023-01-25,0.010380454027165899
2023-01-26,-0.0061430138935990395
2023-01-27,-0.003354767645423761
2023-01-30,-0.0029716917360930713
2023-01-31,-0.0015009241590899346
2023-02-01,0.00111801760196474
2023-02-02,-0.003548940864528852
2023-02-03,0.0018532459230648194
2023-02-06,-0.001310813690621003
2023-02-07,0.00041499107634598343
2023-02-08,0.00022741456008564852
2023-02-09,-0.002327694353835024
2023-02-10,-0.0020560278113891505
2023-02-13,0.001324600572045377
2023-02-14,0.0025903799721214977
2023-02-15,0.000950255831852527
2023-02-16,0.007433258979134884
2023-02-17,-0.0017763896995911473
2023-02-21,0.0012685473797867004
2023-02-22,-0.0028598746522730096
2023-02-23,-0.00019489385100539673
2023-02-24,0.007205206542806053
2023-02-27,-0.0020946619453053534
2023-02-28,-0.003687185919994232
2023-03-01,0.0028134213729914042
2023-03-02,-0.0016472964023254346
2023-03-03,-0.0037895072113589513
2023-03-06,-0.004556821119825133
2023-03-07,0.0007540236535590189
2023-03-08,0.002167622122452519
2023-03-09,-0.007137412099641592
2023-03-10,0.0042217862316952974
2023-03-13,-0.02006861883542546
2023-03-14,-0.004165844996893276
2023-03-15,-0.0051604557249908655
2023-03-16,-0.00045747463931697027
2023-03-17,-0.0015106358909755882
2023-03-20,-0.0013514654993391569
2023-03-21,0.0011423426727781717
2023-03-22,0.0004582616050293328
2023-03-23,-0.00431255558607883
2023-03-24,-0.0026498654510382674
2023-03-27,0.006459316133163528
2023-03-28,0.007478455385329543
2023-03-29,0.005606172435535784
2023-03-30,0.00020486203505957513
2023-03-31,-0.005304168594724473
2023-04-03,0.001774187064454156
2023-04-04,-0.0005744058645800993
2023-04-05,0.0014703183920972015
2023-04-06,0.0010218824368048625
2023-04-10,0.0012361104597147041
2023-04-11,0.0011082064942357123
2023-04-12,-0.01053252271536236
2023-04-13,-0.006175235504720372
2023-04-14,0.002786546627575097
2023-04-17,0.003275648345836933
2023-04-18,0.001764196216792542
2023-04-19,0.0006680770450855677
2023-04-20,-0.007828605468660627
2023-04-21,0.001386657662261289
2023-04-24,-0.0019790105192551283
2023-04-25,0.00304887543833956
2023-04-26,0.006113954732996161
2023-04-27,0.0044670434386369405
2023-04-28,0.0010106241244817987
2023-05-01,0.006228509699822274
2023-05-02,-0.0028464134436532898
2023-05-03,0.0015215716774985397
2023-05-04,-0.008259290910778296
2023-05-05,0.0032184219667876234
2023-05-08,0.007935164319634192
2023-05-09,-0.0006261260928552558
2023-05-10,-0.007818320637527083
2023-05-11,-0.0028767818045670112
2023-05-12,-0.0037673573438366534
2023-05-15,0.007323193913425608
2023-05-16,-0.0005871309347926467
2023-05-17,0.004247734995256569
2023-05-18,0.0017530520125215987
2023-05-19,-0.004248763061418849
2023-05-22,-0.002553174979192689
2023-05-23,0.007645966301054111
2023-05-24,-0.001700620817062501
2023-05-25,0.0014531652320882438
2023-05-26,6.594630198147071e-05
2023-05-30,0.0026525433360526673
2023-05-31,-0.0013592278274231256
2023-06-01,-0.00013096411483297198
2023-06-02,-0.0027970437659993732
2023-06-05,0.0001173005145927107
2023-06-06,0.005693277514861472
2023-06-07,0.014078228473171377
2023-06-08,-0.0019169686730525675
2023-06-09,0.001421279941139164
2023-06-12,0.00022619075647196886
2023-06-13,0.0027653250220379304
2023-06-14,0.006956911229638649
2023-06-15,-0.008150326794121966
2023-06-16,0.0010742238990258046
2023-06-20,-0.0017184817363972676
2023-06-21,0.0010573175293618518
2023-06-22,-0.002703451215534232
2023-06-23,-0.0008451536373435709
2023-06-26,0.0005167424352209327
2023-06-27,0.008025713033275109
2023-06-28,0.005064492651132826
2023-06-29,-0.0022454950636924425
2023-06-30,0.0018193696135599697
2023-07-03,0.005994347159959727
2023-07-05,-0.000960654202875072
2023-07-06,-0.0024433264690674355
2023-07-07,0.004486235334139767
2023-07-10,-0.005365634760084914
2023-07-11,-0.00011465565704032542
2023-07-12,-0.005591319606564838
2023-07-13,-0.0014763905371391298
2023-07-14,-0.014586014175440623
2023-07-17,-0.007377371382206771
2023-07-18,0.008059111432472224
2023-07-19,0.0051629438872221175
2023-07-20,0.004435346378724942
2023-07-21,-0.00420263791127675
2023-07-24,0.00010663421720553837
2023-07-25,-0.006707909785865733
2023-07-26,0.0029539688825588007
2023-07-27,-0.004321974154563788
2023-07-28,0.001916748549088438
2023-07-31,0.0032591267949495964
2023-08-01,-0.009334009894817029
2023-08-02,-0.0030133900665479446
2023-08-03,0.004447462499431939
2023-08-04,0.0010657371295993278
2023-08-07,0.0030139863121674696
2023-08-08,-0.0003371909101737217
2023-08-09,-0.003858795518245448
2023-08-10,-0.004576343196393061
2023-08-11,-0.0009265103481763063
2023-08-14,-0.003165259992208468
2023-08-15,-0.0005053262346084334
2023-08-16,-0.001155102197357504
2023-08-17,0.002577609993117329
2023-08-18,0.003415994759792013
2023-08-21,-0.0029284214365757188
2023-08-22,-0.0032662803664370013
2023-08-23,-0.00015896297758915905
2023-08-24,0.0026020526449566047
2023-08-25,-0.005797112241510686
2023-08-28,0.0012986533430982977
2023-08-29,-0.0029185000809573394
2023-08-30,-0.0032388410251634786
2023-08-31,0.004224622085709328
2023-09-01,-0.005399272615616739
2023-09-05,-0.0019943985276489164
2023-09-06,0.0002721561324169392
2023-09-07,-0.004144775380333684
2023-09-08,0.006283486456756234
2023-09-11,-0.0014128970046530809
2023-09-12,0.009125121661832531
2023-09-13,-0.0052362684715901615
2023-09-14,0.0012251836764534153
2023-09-15,0.0063670120818858904
2023-09-18,-0.0012081198892755194
2023-09-19,0.0009555409664696298
2023-09-20,-0.0019441356137212572
2023-09-21,0.003928347312244458
2023-09-22,-0.003600053372590535
2023-09-25,-0.0043428688086434505
2023-09-26,0.002075734026000625
2023-09-27,-0.0025761817209129833
2023-09-28,-0.0016790703856691457
2023-09-29,-0.0006990361808007922
2023-10-02,-0.009641365708025052
2023-10-03,0.001843727833871337
2023-10-04,-0.009052174529688714
2023-10-05,-0.0023483365217954666
2023-10-06,-0.005602629142147367
2023-10-09,-0.0021152547986853605
2023-10-10,0.0010078211000207125
2023-10-11,-0.005061002916641801
2023-10-12,-0.0026521097147562153
2023-10-13,-0.00044324644863853236
2023-10-16,0.0010107327347532796
2023-10-17,0.0028630017656408775
2023-10-18,-0.0022526606278575785
2023-10-19,0.009668713289728157
2023-10-20,0.004621899635974159
2023-10-23,-0.0008501671144466249
2023-10-24,0.008235308697110475
2023-10-25,0.004504982471198273
2023-10-26,0.007322516774708383
2023-10-27,-0.0029693729836126758
2023-10-30,0.006375384693476987
2023-10-31,-2.647646155823916e-05
2023-11-01,-0.0024098940705149295
2023-11-02,0.0029838809240620187
2023-11-03,0.01008646648300489
2023-11-06,-0.008354921932073706
2023-11-07,-0.00645917005962639
2023-11-08,-0.007951565159448311
2023-11-09,-0.0006661392906845841
2023-11-10,-0.0018043283512202382
2023-11-13,-0.002138604566213749
2023-11-14,-0.0008254359297205377
2023-11-15,0.00686063073193877
2023-11-16,-0.006133034311557313
2023-11-17,0.004743832379108911
2023-11-20,-0.005016159586135524
2023-11-21,-0.0030355412502581
2023-11-22,0.0001349486344589945
2023-11-24,0.00021822838184774258
2023-11-27,0.0031271593080621266
2023-11-28,-0.0014011111215867357
2023-11-29,0.005475503881047606
2023-11-30,-0.0004815012448249465
2023-12-01,0.005985215194154601
2023-12-04,0.0015480630494694326
2023-12-05,-0.0009352165459779714
2023-12-06,0.002910308214440823
2023-12-07,0.0002761738115590565
2023-12-08,0.006493641830053474
2023-12-11,-0.007847751503688436
2023-12-12,-0.0061662370029160595
2023-12-13,-0.0038558607286958823
2023-12-14,0.011091847812048316
2023-12-15,-0.003584915261776007
2023-12-18,-0.0035594520066858687
2023-12-19,-0.00035096550954970594
2023-12-20,0.0005532943902654164
2023-12-21,0.00011120762137570217
2023-12-22,-0.0008875522091619356
2023-12-26,-0.0010197480833905811
2023-12-27,-0.00424583094642097
2023-12-28,0.0010981688117605586
2023-12-29,-0.0015356482684456268
2024-01-02,0.0016614049729463604
2024-01-03,0.00397293763489593
2024-01-04,0.003370373178033938
2024-01-05,0.006872711720141955
2024-01-08,-0.0011992131431869018
2024-01-09,-0.0031483385250687273
2024-01-10,-0.0043410619832653435
2024-01-11,-0.001134020786326998
2024-01-12,-0.004431938695611635
2024-01-16,-0.0023421245991990824
2024-01-17,-0.002476116772578258
2024-01-18,0.001610184440523007
2024-01-19,0.0018070588501134758
2024-01-22,-0.006847930783257696
2024-01-23,0.00618790062215641
2024-01-24,0.0028431568953974904
2024-01-25,0.020412647253748875
2024-01-26,-0.003842741290740328
2024-01-29,-0.005226472198506501
2024-01-30,0.0026541909829881994
2024-01-31,0.0022866399413821927
2024-02-01,-0.002911165870666663
2024-02-02,-0.004458071059345491
2024-02-05,-0.005138996204831379
2024-02-06,0.0061414437670069336
2024-02-07,-0.008066622635808497
2024-02-08,-0.002421793561739151
2024-02-09,-0.0056836391653275736
2024-02-12,0.004596147276023389
2024-02-13,0.002076922563472721
2024-02-14,-0.0011722166492763913
2024-02-15,0.0034040659980952076
2024-02-16,-0.00015878853967839413
2024-02-20,0.008468444711512825
2024-02-21,0.004206301646056357
2024-02-22,-0.0073788678088325095
2024-02-23,5.291358835406547e-05
2024-02-26,-0.0057470373585391905
2024-02-27,0.0015659564737328779
2024-02-28,-0.001669974405958905
2024-02-29,-6.565021057198741e-05
2024-03-01,-0.005834673391770714
2024-03-04,0.0066568221407245195
2024-03-05,0.011170216870440937
2024-03-06,-0.00087117353309538
2024-03-07,-0.00665707049270605
2024-03-08,0.005427606722739075
2024-03-11,0.0044962745200154385
2024-03-12,-0.004946231236905902
2024-03-13,0.010623687092125357
2024-03-14,0.001662397826733358
2024-03-15,0.007009913275645752
2024-03-18,-0.0004505271088716718
2024-03-19,-0.0017438078996831901
2024-03-20,0.006862049162988186
2024-03-21,0.0007657628561625375
2024-03-22,0.003539046020027666
2024-03-25,0.005241311155588476
2024-03-26,-0.0019258584684942
2024-03-27,0.0018996141491325598
2024-03-28,0.00303334507246134
2024-04-01,0.004388401515941252
2024-04-02,0.007170581657256336
2024-04-03,-0.002605336894351149
2024-04-04,-0.00022266550142795876
2024-04-05,-0.000648586111918176
2024-04-08,-0.0033468328679045396
2024-04-09,-0.002133385842153357
2024-04-10,-0.00021870592950968333
2024-04-11,-0.0017980587275367855
2024-04-12,0.0022708499141360977
2024-04-15,0.005811057055694694
2024-04-16,-0.0026552783009925595
2024-04-17,0.0025669119896054495
2024-04-18,0.006668630419724543
2024-04-19,0.007111074687604549
2024-04-22,0.0016812212602753999
2024-04-23,-0.004734137335560635
2024-04-24,-0.0010750228947691894
2024-04-25,0.006623969538754291
2024-04-26,-0.0053837164783489475
2024-04-29,-0.005300364977165361
2024-04-30,-0.00419254094612871
2024-05-01,-0.0005534152634708976
2024-05-02,-0.00459246636786147
2024-05-03,-0.008121387459933467
2024-05-06,0.0017039584281721585
2024-05-07,-0.006222735572639344
2024-05-08,0.0033405700160275896
2024-05-09,0.001998273131192522
2024-05-10,-0.0015265396827929892
2024-05-13,0.004970701964526106
2024-05-14,-0.0033823255194172386
2024-05-15,-0.006381847236217088
2024-05-16,0.0009512978580221982
2024-05-17,2.8938536949156856e-05
2024-05-20,-0.0016334726547180584
2024-05-21,-0.0020904356796741038
2024-05-22,-0.007000263638197553
2024-05-23,-0.004215972919822895
2024-05-24,-0.000168744054425287
2024-05-28,-0.0009343539033952464
2024-05-29,-0.0003150842624134806
2024-05-30,0.011454333549420099
2024-05-31,0.005179636447847716
2024-06-03,-0.00382056576817837
2024-06-04,-0.0008161460708132079
2024-06-05,-0.006999933931634215
2024-06-06,-0.0013335559750269686
2024-06-07,0.0039173242527886995
2024-06-10,-0.0009220370297801107
2024-06-11,-0.006055906114861156
2024-06-12,-0.005372829736650701
2024-06-13,-0.0015968282919878397
2024-06-14,-0.005851592601914888
2024-06-17,0.00011703875762962194
2024-06-18,0.004053508858749474
2024-06-20,0.006412397736280937
2024-06-21,-0.0007565170108299566
2024-06-24,0.009218357035091166
2024-06-25,-0.001258487861037582
2024-06-26,-0.00508973508055039
2024-06-27,-0.002382755127699874
2024-06-28,0.004733582654018872
2024-07-01,-0.0003997248200917884
2024-07-02,-0.004088466072577301
2024-07-03,-0.0014477408795821396
2024-07-05,-0.006093169263315066
2024-07-08,-0.0017904568744549162
2024-07-09,0.00272279033278742
2024-07-10,-0.0020576875456235705
2024-07-11,0.005272573236205375
2024-07-12,-0.006718890080929603
2024-07-15,0.0018736253352267648
2024-07-16,0.0011879823637182235
2024-07-17,0.01806427159691307
2024-07-18,0.0021992761095485512
2024-07-19,-0.00048385499954639013
2024-07-22,-0.014779155848964588
2024-07-23,-0.006155522625860616
2024-07-24,0.013430538308226565
2024-07-25,-0.0035201404837166134
2024-07-26,-0.0018943505502050657
2024-07-29,-0.002895987045699271
2024-07-30,0.006196873954208501
2024-07-31,-0.010541221957247313
2024-08-01,0.0027644310015282137
2024-08-02,-0.0035306905752192797
2024-08-05,-0.0017805189722762311
2024-08-06,0.003291493454413892
2024-08-07,0.009758207886989754
2024-08-08,-0.0033472708491311966
2024-08-09,-0.0034764361943565524
2024-08-12,-0.00011306526506232485
2024-08-13,-0.007954623921677497
2024-08-14,0.0020378930256839656
2024-08-15,-0.0032205083050627073
2024-08-16,0.001756926783610945
2024-08-19,-0.00027414264961058126
2024-08-20,-0.0018276150840386115
2024-08-21,-0.0003637764399522181
2024-08-22,0.0063657060182889975
2024-08-23,0.005125786719057055
2024-08-26,0.006363839303863364
2024-08-27,-0.002917839620511667
2024-08-28,0.0028658006315233973
2024-08-29,0.005215012795497846
2024-08-30,-0.0006643475592725334
2024-09-03,0.010669902455199871
2024-09-04,-0.003996131367313503
2024-09-05,0.004574157955452747
2024-09-06,0.005450605084826318
2024-09-09,0.0022610120241754027
2024-09-10,-0.007741645595450708
2024-09-11,-0.014229997556666723
2024-09-12,0.00047154211579561136
2024-09-13,0.004090390149891578
2024-09-16,0.008770121933916963
2024-09-17,0.004274834401842896
2024-09-18,0.002598966923475016
2024-09-19,-0.008124176956985783
2024-09-20,0.008080008350479142
2024-09-23,-0.0003455695037401596
2024-09-24,0.003656264089967559
2024-09-25,-0.0044733975881829325
2024-09-26,-0.006281653777270315
2024-09-27,0.00404160158209019
2024-09-30,0.0015443885256238037
2024-10-01,0.011661316840338573
2024-10-02,0.0019286285958631526
2024-10-03,0.002310259896076556
2024-10-04,0.0037585659298473933
2024-10-07,0.0032983812502077065
2024-10-08,-0.0068014123971839565
2024-10-09,0.0010591157554428502
2024-10-10,0.0038493881286501583
2024-10-11,0.002927890548213742
2024-10-14,-0.0028852697307270017
2024-10-15,0.011762026026548796
2024-10-16,0.0068943557829758365
2024-10-17,-0.00010228091367158569
2024-10-18,0.00031181456831518836
2024-10-21,-5.8053366822106396e-05
2024-10-22,0.008155433735848448
2024-10-23,0.009861962906157786
2024-10-24,-0.010098077464559506
2024-10-25,-0.008487048852202885
2024-10-28,0.0053627264332310005
2024-10-29,-0.009419152810491093
2024-10-30,0.005408048857408407
2024-10-31,0.016760518132764957
2024-11-01,-0.012323935251109665
2024-11-04,-0.0009452505567124502
2024-11-05,0.00024544825589626636
2024-11-06,0.00744989600667899
2024-11-07,-0.016595258885086034
2024-11-08,0.0038024499529814904
2024-11-11,0.0034645267632290614
2024-11-12,0.005088577244825438
2024-11-13,0.0037453504403061836
2024-11-14,0.004773314457168415
2024-11-15,0.014086589570294008
2024-11-18,0.002669966415128544
2024-11-19,0.0011142026053208769
2024-11-20,-0.002241062730565214
2024-11-21,-0.0018358262919843673
2024-11-22,0.004520520658723627
2024-11-25,-0.003947148105281539
2024-11-26,-0.00367228523624436
2024-11-27,0.004902763011083417
2024-11-29,-0.004334956627162554
2024-12-02,-0.011151132157050676
2024-12-03,-0.004580749137341213
2024-12-04,-0.01041465342194276
2024-12-05,0.010136558684964417
2024-12-06,-0.010807377313091391
2024-12-09,-0.008079658247686913
2024-12-10,0.003378255603815182
2024-12-11,-0.005358619552705321
2024-12-12,0.008969878076946101
2024-12-13,-0.005883031014058943
2024-12-16,-0.008662825985960583
2024-12-17,0.003992295133929158
2024-12-18,0.0021610041841763207
2024-12-19,0.00602387705621079
2024-12-20,0.0025621370695450806
2024-12-23,-0.006066323813161989
2024-12-24,-0.0012039598189248209
2024-12-26,0.0021153016150926673
2024-12-27,0.0025917064903055774
2024-12-30,0.002794114388834968
2024-12-31,0.006512236904280604
2025-01-02,0.0006618060665925105
2025-01-03,-0.00959069665784098
2025-01-06,-0.007574970951614106
2025-01-07,0.004631659127375834
2025-01-08,0.0005049877087227889
2025-01-10,-0.003162469780298358
2025-01-13,0.0028782647615917816
2025-01-14,0.005522005672494411
2025-01-15,-0.004854632395484021
2025-01-16,0.004687101241957505
2025-01-17,-1.9466730982743607e-05
2025-01-21,-0.002141333726026715
2025-01-22,-0.009969944541417499
2025-01-23,-0.000880687745900171
2025-01-24,0.0033556906158998504
2025-01-27,0.02374395437770544
2025-01-28,-0.008823373041278905
2025-01-29,0.0070725226236468975
2025-01-30,-0.004655388304530017
2025-01-31,-0.006102396840677433
2025-02-03,0.0035546459422365244
2025-02-04,-0.002115973164033411
2025-02-05,-0.002229150868237058
2025-02-06,-0.0023211656191827615
2025-02-07,0.007526082592204665
2025-02-10,-0.00019494045202500158
2025-02-11,0.009291392226554384
2025-02-12,0.012324563880172923
2025-02-13,0.003021828650646376
2025-02-14,0.0022918347761938856
2025-02-18,0.0008924717592650197
2025-02-19,0.0020251629689360603
2025-02-20,0.002287222982376766
2025-02-21,0.01157287286582811
2025-02-24,0.005370508920164408
2025-02-25,0.0018847872346689546
2025-02-26,-0.006837496585420492
2025-02-27,0.013054138150329412
2025-02-28,0.0025388195180108164
2025-03-03,0.010250873831369349
2025-03-04,-0.015562668202687074
2025-03-05,-0.004767113259423647
2025-03-06,0.004412813297578461
2025-03-07,0.004509379246719663
2025-03-10,0.00897362915866623
2025-03-11,-0.009024890046644946
2025-03-12,-0.0064586113579724914
2025-03-13,0.013549584498942068
2025-03-14,-0.005229606048083374
2025-03-17,0.0029677753675776374
2025-03-18,0.005896673288969305
2025-03-19,-0.001460226685232254
2025-03-20,0.0002640295180387772
2025-03-21,-0.0030751071564972775
2025-03-24,-0.009148796715927632
2025-03-25,-0.005098619262404544
2025-03-26,0.011641770369844533
2025-03-27,0.0022586436457646703
2025-03-28,0.007364545223612561
2025-03-31,0.006656313969729772
2025-04-01,-0.007853242055416345
2025-04-02,-0.005949814378332322
2025-04-03,-0.0023608113008870154
2025-04-04,-0.00022390175746456864
2025-04-07,-0.0021798863845675625
2025-04-08,-0.009372245508097989
2025-04-09,-0.016552627229465686
2025-04-10,-0.001292637936887013
2025-04-11,-0.0004457890541779943
2025-04-14,0.0045491517000085715
2025-04-15,0.00019087915930004755
2025-04-16,0.006472874211367648
2025-04-17,0.011116222140860091
2025-04-21,0.012276076242318208
2025-04-22,-0.007651253765663949
2025-04-23,-0.009063321223603904
2025-04-24,-0.01013109122845656
2025-04-25,-0.013638096088808957
2025-04-28,0.002556216240483099
2025-04-29,-0.0003930323209722752
2025-04-30,-0.0036501251544275638
2025-05-01,-0.0011832052328156568
2025-05-02,-0.0007729052145677229
2025-05-05,-0.006035027766598171
2025-05-06,0.0056868761707352155
2025-05-07,-0.0031624369440718357
2025-05-08,0.005196560604835083
2025-05-09,0.0021297396859265467
2025-05-12,-0.011647211133331047
2025-05-13,-0.0031076822097490667
2025-05-14,-0.0044460580680627994
2025-05-15,0.008162675675679236
2025-05-16,-0.00311699159384603
2025-05-19,-0.00090157453508266
2025-05-20,-0.0009225049324763624
2025-05-21,-0.0004761479055939758
2025-05-22,-0.0004418597664282078
2025-05-23,0.005135059481760714
2025-05-27,-0.004467396895907447
2025-05-28,-0.0018213252324417312
2025-05-29,0.003463427657439667
2025-05-30,0.0013434163559410967
2025-06-02,0.0002577147428731349
2025-06-03,0.002449111993017822
2025-06-04,-0.0029201044554123348
2025-06-05,0.003141363756533512
2025-06-06,0.0047858643848250676
2025-06-09,0.0019858385953985687
2025-06-10,0.006486113728777302
2025-06-11,-0.0011906190357379798
2025-06-12,-0.0018221360803075172
2025-06-13,0.0021398246706438293
2025-06-16,0.002392285197757299
2025-06-17,0.0002640112794598478
2025-06-18,0.0018177996678467184
2025-06-20,0.006378513616766445
2025-06-23,-0.004930383871868517
2025-06-24,-0.0026647164909950507
2025-06-25,-0.00241872354226753
2025-06-26,0.0018019302628839516
2025-06-27,0.000735835857950843
2025-06-30,-0.005581397359125274
2025-07-01,0.014632417254011742
2025-07-02,0.006627377122949335
2025-07-03,-0.006270352616276692
2025-07-07,0.001070959235501763
2025-07-08,0.0034897713633915044
2025-07-09,-0.0010516689539389879
2025-07-10,0.007986372708776768
2025-07-11,-0.0005325442650841668
2025-07-14,-0.0017984764131000167
2025-07-15,-0.005514878594495838
2025-07-16,-0.0035457683752644687
2025-07-17,0.0028549549259502833
2025-07-18,0.0007602434930376153
2025-07-21,0.0031421677775230277
2025-07-22,0.002786581251636584
2025-07-23,-0.006016409260363669
2025-07-24,-0.0018822590308979056
2025-07-25,-0.00031213413056334664
2025-07-28,-0.00395620116638656
2025-07-29,-0.0036521956477805345
2025-07-30,-0.01060671181017773
2025-07-31,0.0012803969220023038
2025-08-01,0.001634463012942222
2025-08-04,-0.00578282834626722
2025-08-05,0.008796269581603072
2025-08-06,-0.004479944022370582
2025-08-07,0.014066621433998895
2025-08-08,0.0009284092178754744
2025-08-11,0.001811246958821037
2025-08-12,-3.3569041247197264e-05
2025-08-13,0.0010855417362679394
2025-08-14,0.002485540505167504
2025-08-15,-0.0050504578965932505
2025-08-18,-0.0031198715936786047
2025-08-19,0.008412204220967652
2025-08-20,-0.0020766380692041984
2025-08-21,0.001404898221787742
2025-08-22,0.0031181023767661324
2025-08-25,0.00038401065611994793
2025-08-26,-0.004099148748293849
2025-08-27,0.002141407767411061
2025-08-28,-0.005143896622093607
2025-08-29,0.0065525386465181456
2025-09-02,0.0018210671305237997
2025-09-03,-0.0027312682904342966
2025-09-04,-0.001121005470821005
2025-09-05,-0.002882496177100969
2025-09-08,-0.008365227445833274
2025-09-09,0.0010305437878316399
2025-09-10,0.004923160252983015
2025-09-11,-0.0036794687692730424
2025-09-12,-0.0024251961989653565
2025-09-15,-0.0037962322276363664
2025-09-16,0.0021476509605771084
2025-09-17,4.268909526517613e-05
2025-09-18,0.0013895810475824553
2025-09-19,-0.006473793877231286
2025-09-22,-0.008650551601379612
2025-09-23,0.007913620528855442
2025-09-24,-0.004448564208364075
2025-09-25,0.005409909585029875
2025-09-26,0.0025670640644305516
2025-09-29,-0.0014514224864167116
2025-09-30,-0.0026355053383491193
2025-10-01,0.0001743565683217698
2025-10-02,-0.005808998172151561
2025-10-03,0.003001768598984035
2025-10-06,-0.00854628690732978
2025-10-07,0.0019032529449426823
2025-10-08,-0.007621974117575813
2025-10-09,-0.002714697768581041
2025-10-10,0.005280912830929088
2025-10-13,-0.00320837672819568
2025-10-14,0.008851995348779182
2025-10-15,0.004487777809450717
2025-10-16,-0.0024802371638856626
2025-10-17,0.0028403644349463
2025-10-20,0.0022283481343050643
2025-10-21,0.0016943719636927446
2025-10-22,-0.0007709215478227839
2025-10-23,-0.009119412265314207
2025-10-24,-0.00022429621331234028
2025-10-27,-0.004411327956894208
2025-10-28,-0.006752110923396898
2025-10-29,-0.00044372093646143285
2025-10-30,0.007886023530025715
2025-10-31,-0.0024658917905110867
2025-11-03,-0.0015150559208877057
2025-11-04,-0.002278161896965902
2025-11-05,0.001046086176297124
2025-11-06,0.009866641459955694
2025-11-07,0.007239037813703406
2025-11-10,-0.004334088541756035
2025-11-11,0.008916116534916318
2025-11-12,0.0028858576923934173
2025-11-13,0.005336409040741355
2025-11-14,-0.004477300096996886
2025-11-17,-0.003972041937186688
2025-11-18,0.01174199261773694
2025-11-19,-0.006429835382081866
2025-11-20,-0.00034243118389905476
2025-11-21,0.007299576881204174
2025-11-24,-0.011149296564528281
2025-11-25,0.000702811208646894
2025-11-26,0.0014681912292661024
2025-11-28,0.004098258865883538
2025-12-01,0.0031159981191963056
2025-12-02,-0.005259390770512712
2025-12-03,0.003280272112916803
2025-12-04,-0.0006636483785590294
2025-12-05,-0.004681286976329906
2025-12-08,0.001402716772586502
2025-12-09,0.0011315012176048524
2025-12-10,-0.0005674635290545182
2025-12-11,-0.00020987747689804094
2025-12-12,0.00995288692472873
2025-12-15,0.002007201522064827
2025-12-16,-0.004334265416621713
2025-12-17,0.015737161548293258
2025-12-18,-0.00806295847411335
2025-12-19,-0.0029314564204907106
2025-12-22,-0.00408406523901147
2025-12-23,-0.004088375993127231
2025-12-24,0.0015435578641709404
2025-12-26,-0.00031830603739189717
2025-12-29,0.000377926059281506
2025-12-30,0.0029379377872416944
2025-12-31,0.0021215131433849612
2026-01-02,0.005883374753959935
2026-01-05,-0.0006083369593630245
2026-01-06,-0.006836435353998998
2026-01-07,0.0007349229023273079
2026-01-08,0.00832484667777171
2026-01-09,0.0029436686736544937
2026-01-12,0.0005188989624601958
2026-01-13,0.009466587590301613
2026-01-14,0.010946187230517629
2026-01-15,-0.0033764732833176225
2026-01-16,0.002034210348261925
2026-01-20,0.01397894166777803
2026-01-21,0.004828623076419551
2026-01-22,-0.005078363933058228
2026-01-23,0.0006393218056282421
2026-01-26,-0.002844251791174679
2026-01-27,0.019672778948475418
2026-01-28,-0.006218108886441441
2026-01-29,0.012053556771171396
2026-01-30,0.009787066908911046
2026-02-02,0.002177013290720923
2026-02-03,0.026725823999309135
2026-02-04,0.011758240852825062
2026-02-05,0.008853701537841015
2026-02-06,-0.002849495274974812
2026-02-09,-0.011868914001004578
2026-02-10,0.0014393735244010084
2026-02-11,0.006482311642278681
2026-02-12,0.005020804680313823
2026-02-13,-0.009998338640603892
2026-02-17,0.0009508415309114204
2026-02-18,-0.0025992357561386613
2026-02-19,-0.0014011875835856864
2026-02-20,-0.001398677258922011
2026-02-23,0.019796995383240073
2026-02-24,-0.004272121341088876
2026-02-25,-0.01161169803655107
2026-02-26,-0.000978879636162976
2026-02-27,0.007876342255457542
2026-03-02,-0.00518212427388723
2026-03-03,-0.004581532111787984
2026-03-04,-0.009081229752787802
2026-03-05,-0.008418071121032572
2026-03-06,0.0014525480271182847
2026-03-09,-0.007411857030674233
2026-03-10,0.0077393595417098665
2026-03-11,-0.0005114919597272021
2026-03-12,0.0030084158483929015
2026-03-13,0.0038939622025759165
2026-03-16,-0.004775213392900391
2026-03-17,0.0016641061612937356
2026-03-18,-0.006380876519509316
2026-03-19,0.0030986206290567067
2026-03-20,0.003451269405853386
2026-03-23,0.0016070239400243387
2026-03-24,0.012898131058809199
2026-03-25,0.003257080746538472
2026-03-26,0.011625076946226985
2026-03-27,0.012743152302524463
2026-03-30,-0.0005504556452946411
2026-03-31,-0.009833007790771831
2026-04-01,-0.009726826404371235
2026-04-02,0.00421799276137799
2026-04-06,-0.0020694966696356712
2026-04-07,-0.005835027423271142
2026-04-08,0.002167682908220249
2026-04-09,0.007737315344149948
2026-04-10,0.0010356010340988747
2026-04-13,-0.01737434979784509
2026-04-14,-0.005306200593054679
2026-04-15,-0.011757029794396766
2026-04-16,-0.0004301655840817847
2026-04-17,-0.004906750134914329
2026-04-20,-0.0035586743097808103
2026-04-21,-0.003466292781275581
2026-04-22,-0.012484464480840998
2026-04-23,0.018252660962083386
2026-04-24,-0.008739209555262119
2026-04-27,-0.0032307520407789986
2026-04-28,0.007629671717331431
2026-04-29,0.006851100394404564
2026-04-30,-0.0021628195476186647
2026-05-01,-0.009357999405758408
2026-05-04,-0.01416789269036245
2026-05-05,0.00039143519939303375
2026-05-06,0.0012574467187553874
2026-05-07,-0.0077797192511496254
2026-05-08,-0.007598794755924355
2026-05-11,-0.008182508089941292
2026-05-12,0.009306101876568029
2026-05-13,0.004683068529655052
2026-05-14,0.0005781708299408168
2026-05-15,-0.001089779176468384
2026-05-18,0.010008984780129019
2026-05-19,0.005002557820749414
2026-05-20,-0.004992818333075367
2026-05-21,0.0031726278970806853
2026-05-22,-0.0015551355827297891
2026-05-26,-0.008290804481175622
2026-05-27,-0.0007439788911410779
2026-05-28,-0.007675230177719013
2026-05-29,-0.01416813644816655
2026-06-01,-0.010284262410487629
2026-06-02,0.0031890006074847743
2026-06-03,0.0020927269321606777
2026-06-04,-0.0008946741303007085
2026-06-05,0.020338896914891977
2026-06-08,-0.003990918994795607
2026-06-09,0.008367096806752992
2026-06-10,0.01403080142020048
2026-06-11,-0.002601676372434541
2026-06-12,0.003661076870305735
2026-06-15,-0.020455899476471084
2026-06-16,0.0038758366391226616
2026-06-17,-0.007290269814470463
2026-06-18,-0.005063072273667612
2026-06-22,0.0034871867842319435
2026-06-23,0.015908625170572836
2026-06-24,-0.003658693555136292
2026-06-25,-0.004177217186784622
2026-06-26,0.00044085982674389295
2026-06-29,-0.014568204185433652
2026-06-30,-0.012481024475711117
2026-07-01,-0.006683629291480008
2026-07-02,0.01099156751729637
2026-07-06,-0.016313433105146973
2026-07-07,0.013889063723816673
2026-07-08,0.00040827826773646964
2026-07-09,-0.007059981742134705
2026-07-10,0.006366112103769481
2026-07-13,0.01257561492853561
2026-07-14,-0.006681719573136934
2026-07-15,0.00470221539670974
2026-07-16,0.019688982332990053
2026-07-17,0.006321360189668506
2026-07-20,-0.006348164455405085
2026-07-21,-0.0044238120273595374
2026-07-22,0.013673268612027046
2026-07-23,0.0002397392396749319
2026-07-24,0.012080405563710197
2026-07-27,-0.00014422331726986207
2026-07-28,0.00923767855069749
2026-07-29,0.014939073640657215
2026-07-30,-0.021632734792407102
2026-07-31,-0.0017285239583767773
2026-08-03,-0.00991564170972363
2026-08-04,-0.010049258842471561
2026-08-05,-0.002471503883595017
2026-08-06,0.009648005837753255
2026-08-07,-0.006100069047026004
2026-08-10,0.002580237152419037
2026-08-11,0.0031397289137451473
2026-08-12,0.0009715718396829127
2026-08-13,-0.002152736671828823
