date,0
2006-01-03,0.027074161812783014
2006-01-04,0.2852212976320734
2006-01-05,0.028772853718897557
2006-01-06,0.03196281448576892
2006-01-09,0.027120937849749616
2006-01-10,0.028196172450718836
2006-01-11,0.030061765340334518
2006-01-12,0.026619727016861397
2006-01-13,0.02845430752612837
2006-01-17,0.03062212793641434
2006-01-18,0.02780055193307199
2006-01-19,0.028058583053255523
2006-01-20,0.03682325606667708
2006-01-23,0.034775314082963624
2006-01-24,0.02896679045908686
2006-01-25,0.03298407020970926
2006-01-26,0.030506243819299714
2006-01-27,0.02658193684102949
2006-01-30,0.030627639186831264
2006-01-31,0.025435493189167033
2006-02-01,0.04566287431990381
2006-02-02,0.02939369624839808
2006-02-03,0.026324538684301898
2006-02-06,0.021198587821684673
2006-02-07,0.027303128341616766
2006-02-08,0.0321757212128703
2006-02-09,0.024501465544671502
2006-02-10,0.02807999939429818
2006-02-13,0.02432797784209269
2006-02-14,0.027590726811063015
2006-02-15,0.030200488909442533
2006-02-16,0.027666414437784684
2006-02-17,0.026846267379783142
2006-02-21,0.028316956345487858
2006-02-22,0.02828380730860912
2006-02-23,0.027122288862846504
2006-02-24,0.023462714850013222
2006-02-27,0.02565049488942446
2006-02-28,0.029987832283880737
2006-03-01,0.0308918210013916
2006-03-02,0.03399118071762823
2006-03-03,0.02929191749510282
2006-03-06,0.023134522659373748
2006-03-07,0.02798427375773035
2006-03-08,0.03349554289953645
2006-03-09,0.025419816086510096
2006-03-10,0.026134654334655734
2006-03-13,0.02404348039298221
2006-03-14,0.02698392479994053
2006-03-15,0.022265834506239146
2006-03-16,0.02527452307359905
2006-03-17,0.02258240239368523
2006-03-20,0.02021666386303793
2006-03-21,0.02036305636059229
2006-03-22,0.021583805226124676
2006-03-23,0.020431563835355153
2006-03-24,0.02208377061826507
2006-03-27,0.019751272243217127
2006-03-28,0.020457978533578537
2006-03-29,0.022516024283567457
2006-03-30,0.023447895927474587
2006-03-31,0.02153241891020438
2006-04-03,0.019001162495615544
2006-04-04,0.03457322548333472
2006-04-05,0.021669285465694705
2006-04-06,0.03025116392297767
2006-04-07,0.024995931458827718
2006-04-10,0.02365427141501146
2006-04-11,0.02559848671686362
2006-04-12,0.022388599192248733
2006-04-13,0.02332058168520202
2006-04-17,0.021607111239638425
2006-04-18,0.023267076915407414
2006-04-19,0.024153338957224796
2006-04-20,0.031169161111270813
2006-04-21,0.03508116322653961
2006-04-24,0.037306922631789044
2006-04-25,0.026099729646178134
2006-04-26,0.026129162259390055
2006-04-27,0.02864281107176237
2006-04-28,0.03563858270796147
2006-05-01,0.02667433743012284
2006-05-02,0.03242817005257416
2006-05-03,0.02470968226347848
2006-05-04,0.027731615695130062
2006-05-05,0.03177280913523628
2006-05-08,0.030885585248761588
2006-05-09,0.02949778697867248
2006-05-10,0.02775153478198273
2006-05-11,0.027743798088709665
2006-05-12,0.023104068239967537
2006-05-15,0.022678284515895805
2006-05-16,0.023470080289866045
2006-05-17,0.024477716646024605
2006-05-18,0.02442475645062444
2006-05-19,0.02562467683403753
2006-05-22,0.02552688689185443
2006-05-23,0.026733094832690485
2006-05-24,0.024610247234613192
2006-05-25,0.027330732672971286
2006-05-26,0.026052928251377727
2006-05-30,0.02645575295591397
2006-05-31,0.023344903938203366
2006-06-01,0.02562874017142306
2006-06-02,0.02996166966780297
2006-06-05,0.03091154140050075
2006-06-06,0.029844084335082323
2006-06-07,0.027437142690258598
2006-06-08,0.031746041487827885
2006-06-09,0.025953256249121086
2006-06-12,0.02594420762420173
2006-06-13,0.025959942436848734
2006-06-14,0.025629351819353552
2006-06-15,0.025407091711917167
2006-06-16,0.034513278495610915
2006-06-19,0.02370761080203192
2006-06-20,0.024649695164109114
2006-06-21,0.021232247376639847
2006-06-22,0.021282924097864427
2006-06-23,0.02156386791680176
2006-06-26,0.03185584779328627
2006-06-27,0.021979397941353798
2006-06-28,0.02461695467708727
2006-06-29,0.027821603103481196
2006-06-30,0.02661702902642238
2006-07-03,0.023144222607877372
2006-07-05,0.022216817849591397
2006-07-06,0.021296899012047798
2006-07-07,0.019404519227015297
2006-07-10,0.023241757458587267
2006-07-11,0.023108143234257528
2006-07-12,0.023327587425643462
2006-07-13,0.022110364135627097
2006-07-14,0.020730250570357323
2006-07-17,0.02409888186891986
2006-07-18,0.02990919424976661
2006-07-19,0.029648239474371424
2006-07-20,0.029798178245128468
2006-07-21,0.035718580080223064
2006-07-24,0.03219737910501172
2006-07-25,0.030348271605983693
2006-07-26,0.03103958881349987
2006-07-27,0.03835643814202042
2006-07-28,0.0322531403420307
2006-07-31,0.03262393240204878
2006-08-01,0.030721597819263827
2006-08-02,0.036049573508610905
2006-08-03,0.023825364085125773
2006-08-04,0.03525180633197837
2006-08-07,0.025771215833820027
2006-08-08,0.024879711309716605
2006-08-09,0.023742644459877137
2006-08-10,0.028532958231076426
2006-08-11,0.025380788314288364
2006-08-14,0.02440032640732901
2006-08-15,0.026024638448951656
2006-08-16,0.02432536233893457
2006-08-17,0.032336226485007856
2006-08-18,0.030137991527903918
2006-08-21,0.028887361803262304
2006-08-22,0.03178847472953297
2006-08-23,0.031489838720098653
2006-08-24,0.030429134952415227
2006-08-25,0.030153233456357773
2006-08-28,0.02553073655640441
2006-08-29,0.03014038893310564
2006-08-30,0.025067665687551442
2006-08-31,0.030586624118452924
2006-09-01,0.029983308036947636
2006-09-05,0.02822152133635126
2006-09-06,0.02800929697328195
2006-09-07,0.034020881639347716
2006-09-08,0.030945536269957077
2006-09-11,0.030193538760364496
2006-09-12,0.04031211653640152
2006-09-13,0.03747913162545018
2006-09-14,0.030734167719653656
2006-09-15,0.028892048069631228
2006-09-18,0.02790413753571204
2006-09-19,0.027034948763832112
2006-09-20,0.026367190794648977
2006-09-21,0.025832020006984216
2006-09-22,0.025020436903256497
2006-09-25,0.01976174791917844
2006-09-26,0.021942297336518306
2006-09-27,0.02538999678618876
2006-09-28,0.022455836760279842
2006-09-29,0.02071408440319155
2006-10-02,0.017358151483704117
2006-10-03,0.02169024865353262
2006-10-04,0.02618401284947875
2006-10-05,0.023214806564069525
2006-10-06,0.024514787646642708
2006-10-09,0.026092862168835197
2006-10-10,0.023690385987213205
2006-10-11,0.026319109725451283
2006-10-12,0.021159308608415563
2006-10-13,0.02707899220097211
2006-10-16,0.02282626568176836
2006-10-17,0.02286032092971202
2006-10-18,0.023989574392015336
2006-10-19,0.03199874047096238
2006-10-20,0.032511934045771296
2006-10-23,0.029039258182984085
2006-10-24,0.0280728684892074
2006-10-25,0.02946782764564891
2006-10-26,0.029870295824984548
2006-10-27,0.028375811558679923
2006-10-30,0.027107244761842602
2006-10-31,0.031275365974556296
2006-11-01,0.025922678233905275
2006-11-02,0.028756418338337236
2006-11-03,0.023513304695760556
2006-11-06,0.026822737721613577
2006-11-07,0.027936113631934555
2006-11-08,0.025260375215311083
2006-11-09,0.022745184372326324
2006-11-10,0.030781436276956002
2006-11-13,0.02707991354281408
2006-11-14,0.02442484836121432
2006-11-15,0.021401588041077047
2006-11-16,0.020283291645393678
2006-11-17,0.02764890760734931
2006-11-20,0.02374612919310578
2006-11-21,0.03379883169599672
2006-11-22,0.03277640747091763
2006-11-24,0.03547977114679499
2006-11-27,0.02925466361281009
2006-11-28,0.029945691653058847
2006-11-29,0.027365548351368806
2006-11-30,0.026627875781405803
2006-12-01,0.049430950483801195
2006-12-04,0.02692235551688368
2006-12-05,0.030286559598577893
2006-12-06,0.0269335288589253
2006-12-07,0.025123803156558246
2006-12-08,0.025553545200410623
2006-12-11,0.025546990794791495
2006-12-12,0.026254557750048896
2006-12-13,0.027695655394804827
2006-12-14,0.025679900071370776
2006-12-15,0.024801992036217635
2006-12-18,0.022431362036466777
2006-12-19,0.026707194172455012
2006-12-20,0.02804700831583343
2006-12-21,0.025554722680789243
2006-12-22,0.02446025007516637
2006-12-26,0.022150420281339213
2006-12-27,0.02541191549595584
2006-12-28,0.022484124673293023
2006-12-29,0.018020183191753726
2007-01-03,0.008783572419222391
2007-01-04,0.286404774247071
2007-01-05,0.018903646049856865
2007-01-08,0.013935631093196382
2007-01-09,0.013855090282384241
2007-01-10,0.015464052215450302
2007-01-11,0.014450952506482352
2007-01-12,0.014679752809106807
2007-01-16,0.015860541195760643
2007-01-17,0.01492073161967669
2007-01-18,0.014458064315758749
2007-01-19,0.01749565824450755
2007-01-22,0.014841655294717501
2007-01-23,0.011447902008184348
2007-01-24,0.01673048048230442
2007-01-25,0.01718210686695682
2007-01-26,0.014621258735167852
2007-01-29,0.012160929418080606
2007-01-30,0.012650041739261795
2007-01-31,0.01470619378533762
2007-02-01,0.012041678470864684
2007-02-02,0.0158136837595213
2007-02-05,0.012696324790810629
2007-02-06,0.01317926366387196
2007-02-07,0.01237414893268984
2007-02-08,0.01349871603557076
2007-02-09,0.011878010921388661
2007-02-12,0.012281865919279388
2007-02-13,0.01175683223149332
2007-02-14,0.012132245076561847
2007-02-15,0.01275345360566562
2007-02-16,0.01221128957487144
2007-02-20,0.01239196554208399
2007-02-21,0.01140679951799967
2007-02-22,0.01469610931824717
2007-02-23,0.01619568433048608
2007-02-26,0.014560406273497773
2007-02-27,0.014116416152621974
2007-02-28,0.013366539702833705
2007-03-01,0.010590576756767476
2007-03-02,0.011956594002337666
2007-03-05,0.011753609011367478
2007-03-06,0.014533321846451027
2007-03-07,0.014321968047230562
2007-03-08,0.012038841914991346
2007-03-09,0.014618128619042468
2007-03-12,0.011796520693796103
2007-03-13,0.013374808672381668
2007-03-14,0.012491502357727446
2007-03-15,0.011477236634708066
2007-03-16,0.014366419040348362
2007-03-19,0.011496834440853407
2007-03-20,0.012179669834959961
2007-03-21,0.0304521697680923
2007-03-22,0.014411086811792697
2007-03-23,0.027068988109352404
2007-03-26,0.013315460441701855
2007-03-27,0.014032901220519799
2007-03-28,0.012647951462249205
2007-03-29,0.01042479842635094
2007-03-30,0.012017835413945951
2007-04-02,0.009500169210007972
2007-04-03,0.012502783894740408
2007-04-04,0.012034473378205804
2007-04-05,0.013733535958185219
2007-04-09,0.012223716783070989
2007-04-10,0.013156120146927727
2007-04-11,0.012172889360101717
2007-04-12,0.011065017224398486
2007-04-13,0.010775488264617335
2007-04-16,0.01277369214432754
2007-04-17,0.014957385141386004
2007-04-18,0.010767387714109997
2007-04-19,0.015481972648901093
2007-04-20,0.013136120101937869
2007-04-23,0.013503720348055647
2007-04-24,0.013311620513018686
2007-04-25,0.0178309363830699
2007-04-26,0.019056920137535037
2007-04-27,0.01494714998117501
2007-04-30,0.012228416274353374
2007-05-01,0.012439255917541385
2007-05-02,0.01346042524920814
2007-05-03,0.011492041346556691
2007-05-04,0.01185522207969646
2007-05-07,0.012281302115480671
2007-05-08,0.011672621120740688
2007-05-09,0.010665563997882136
2007-05-10,0.01416369765012594
2007-05-11,0.013444988443432754
2007-05-14,0.013692291259997448
2007-05-15,0.011139894321101629
2007-05-16,0.011467188292056334
2007-05-17,0.011374336577060207
2007-05-18,0.013040313201305657
2007-05-21,0.012165600449043685
2007-05-22,0.014775916151125936
2007-05-23,0.01095895163871333
2007-05-24,0.01141587858811705
2007-05-25,0.015216466514513732
2007-05-29,0.011865014452524343
2007-05-30,0.011386899693738385
2007-05-31,0.013510159886512333
2007-06-01,0.013380539383158573
2007-06-04,0.010803954799598673
2007-06-05,0.012641270260351323
2007-06-06,0.011447607571469454
2007-06-07,0.011950687468278248
2007-06-08,0.011950909312672384
2007-06-11,0.010496518848379204
2007-06-12,0.012573144220303988
2007-06-13,0.009491049387831588
2007-06-14,0.011212539482662251
2007-06-15,0.014216417972008035
2007-06-18,0.010753885517979156
2007-06-19,0.0131131660913323
2007-06-20,0.012979153912768597
2007-06-21,0.014142562911304005
2007-06-22,0.016372451775844375
2007-06-25,0.014137756340375937
2007-06-26,0.014802425370227485
2007-06-27,0.013503500750482605
2007-06-28,0.013116134561827641
2007-06-29,0.011651176353487797
2007-07-02,0.011031830648525049
2007-07-03,0.012623438489929337
2007-07-05,0.01002240234705114
2007-07-06,0.01183167892613466
2007-07-09,0.011498443523631292
2007-07-10,0.012862192440585646
2007-07-11,0.01595052006183169
2007-07-12,0.01336440032938999
2007-07-13,0.01462966027365319
2007-07-16,0.012869305854943745
2007-07-17,0.01376977149839627
2007-07-18,0.014886475133799797
2007-07-19,0.01505121720479731
2007-07-20,0.016780330514404636
2007-07-23,0.016252439984815133
2007-07-24,0.016804722464934363
2007-07-25,0.019231790670265148
2007-07-26,0.021240120687348645
2007-07-27,0.01661216874261668
2007-07-30,0.016298188121009423
2007-07-31,0.014690048192278095
2007-08-01,0.015896029832606556
2007-08-02,0.016541062146005932
2007-08-03,0.01600452144992369
2007-08-06,0.020279199214626786
2007-08-07,0.02318042084315286
2007-08-08,0.016741257291749318
2007-08-09,0.021549990422436632
2007-08-10,0.025616154677964083
2007-08-13,0.018475985739063398
2007-08-14,0.016423072022641573
2007-08-15,0.014122452401881817
2007-08-16,0.016559676409417547
2007-08-17,0.022343535459142923
2007-08-20,0.017777734935930677
2007-08-21,0.016514601277902996
2007-08-22,0.016948996824970027
2007-08-23,0.01596682308681416
2007-08-24,0.011787382831088796
2007-08-27,0.013227874320255385
2007-08-28,0.012930813611358012
2007-08-29,0.015450518792957228
2007-08-30,0.015624024021926888
2007-08-31,0.01297908101402728
2007-09-04,0.012013046655068815
2007-09-05,0.014927876718374302
2007-09-06,0.014686252632547674
2007-09-07,0.014877497485211503
2007-09-10,0.012436484118366401
2007-09-11,0.015092444666675215
2007-09-12,0.013222449955171536
2007-09-13,0.014702210179314473
2007-09-14,0.015039560881858966
2007-09-17,0.013228023680425086
2007-09-18,0.011053176394074715
2007-09-19,0.01599662409624268
2007-09-20,0.013917100512247614
2007-09-21,0.015181459671504204
2007-09-24,0.012018493098812446
2007-09-25,0.017017757086347375
2007-09-26,0.01759601881456016
2007-09-27,0.01575621881380242
2007-09-28,0.028936472115404042
2007-10-01,0.01131110917667645
2007-10-02,0.01313741461996126
2007-10-03,0.014407954772658226
2007-10-04,0.014319434045988361
2007-10-05,0.014415590729716477
2007-10-08,0.01784589655018959
2007-10-09,0.014390974794998252
2007-10-10,0.01559699261560198
2007-10-11,0.028486481193646045
2007-10-12,0.017337469578816482
2007-10-15,0.014551463094377099
2007-10-16,0.016772173337872044
2007-10-17,0.015142686924677122
2007-10-18,0.018391761805657013
2007-10-19,0.01728043671892837
2007-10-22,0.020726952652046417
2007-10-23,0.01632204663096631
2007-10-24,0.02054199460662118
2007-10-25,0.023605621739536932
2007-10-26,0.02630889407345286
2007-10-29,0.0281014119761103
2007-10-30,0.015777014698755254
2007-10-31,0.017844344046595365
2007-11-01,0.0150017278474454
2007-11-02,0.018228273066727176
2007-11-05,0.01957367081279704
2007-11-06,0.018604548597068747
2007-11-07,0.020887860555514788
2007-11-08,0.021573163299221126
2007-11-09,0.024453376287577606
2007-11-12,0.02160627609160345
2007-11-13,0.027005811080387486
2007-11-14,0.0214004243623735
2007-11-15,0.017780469339363923
2007-11-16,0.017790557500671537
2007-11-19,0.031995174090889915
2007-11-20,0.020229780567755082
2007-11-21,0.02542171186192857
2007-11-23,0.021623445768076052
2007-11-26,0.015853656983278345
2007-11-27,0.019310863713607122
2007-11-28,0.022943649698642585
2007-11-29,0.024389163920263995
2007-11-30,0.01787963446402866
2007-12-03,0.021092126775432388
2007-12-04,0.01696974832432411
2007-12-05,0.017896547772118646
2007-12-06,0.019246095429224213
2007-12-07,0.019689808095469226
2007-12-10,0.014081756401743632
2007-12-11,0.0155881649039896
2007-12-12,0.020733151888974094
2007-12-13,0.01953419895192912
2007-12-14,0.0194066334347422
2007-12-17,0.014824948878800032
2007-12-18,0.01845328784408113
2007-12-19,0.014601961529263612
2007-12-20,0.01531670958231037
2007-12-21,0.018759581831581607
2007-12-24,0.01853597486503226
2007-12-26,0.01424953717115649
2007-12-27,0.013260531905468505
2007-12-28,0.012675629843218125
2007-12-31,0.015073590634490198
2008-01-02,0.027216078537334286
2008-01-03,0.32955543432512824
2008-01-04,0.0257130660855816
2008-01-07,0.02915427087905136
2008-01-08,0.03757999963522117
2008-01-09,0.036114609462743336
2008-01-10,0.03500140075051885
2008-01-11,0.04204643704511085
2008-01-14,0.03846779978529512
2008-01-15,0.03358484067092105
2008-01-16,0.03649525472355886
2008-01-17,0.04580071297271194
2008-01-18,0.03668152328856772
2008-01-22,0.037436779866799885
2008-01-23,0.0494253101203891
2008-01-24,0.05200599516695964
2008-01-25,0.04314489201715998
2008-01-28,0.03400820304119732
2008-01-29,0.02919801449387167
2008-01-30,0.033708207023872186
2008-01-31,0.027503708553033985
2008-02-01,0.03225124435447572
2008-02-04,0.03382233123407162
2008-02-05,0.027991748034498852
2008-02-06,0.03263244397317021
2008-02-07,0.03345529095150446
2008-02-08,0.027506952136190164
2008-02-11,0.034672233751672964
2008-02-12,0.03159428789897873
2008-02-13,0.027521403444125108
2008-02-14,0.027959981242325856
2008-02-15,0.026690005624361197
2008-02-19,0.0242419883157228
2008-02-20,0.03138093443662556
2008-02-21,0.02832630397793677
2008-02-22,0.025996736318171836
2008-02-25,0.026492207468933632
2008-02-26,0.026255911752880168
2008-02-27,0.02747688133928755
2008-02-28,0.025467599727653382
2008-02-29,0.03098553744341657
2008-03-03,0.03370391167850787
2008-03-04,0.03314848628209789
2008-03-05,0.03475553898957061
2008-03-06,0.02650289086298594
2008-03-07,0.032485863479439006
2008-03-10,0.03610235864126447
2008-03-11,0.03704381977788615
2008-03-12,0.049102678259225874
2008-03-13,0.03685448038680032
2008-03-14,0.03902264485759081
2008-03-17,0.03789045461227132
2008-03-18,0.05200283088271995
2008-03-19,0.04400717443724346
2008-03-20,0.04361926084599076
2008-03-24,0.039819220746611955
2008-03-25,0.04248909517411158
2008-03-26,0.02840394722850497
2008-03-27,0.03569651262162471
2008-03-28,0.026618756979606046
2008-03-31,0.029451281390670547
2008-04-01,0.026636255264173497
2008-04-02,0.036466420156842795
2008-04-03,0.026147772878441385
2008-04-04,0.029078416692037597
2008-04-07,0.0256575179355372
2008-04-08,0.02350476692881303
2008-04-09,0.023966794222808376
2008-04-10,0.02659012568781568
2008-04-11,0.027034402871753647
2008-04-14,0.02433408940299015
2008-04-15,0.027180503239610167
2008-04-16,0.025951033771011746
2008-04-17,0.026800962409189645
2008-04-18,0.029765689036962275
2008-04-21,0.031005308250984548
2008-04-22,0.03598364423846548
2008-04-23,0.03500745596240098
2008-04-24,0.03868555568239546
2008-04-25,0.044080926717278146
2008-04-28,0.03572039811349793
2008-04-29,0.03436864599134534
2008-04-30,0.04608097380805795
2008-05-01,0.038649046010103785
2008-05-02,0.04803557616679282
2008-05-05,0.03940561665453227
2008-05-06,0.04294519710490184
2008-05-07,0.033373067983475314
2008-05-08,0.03197761054444509
2008-05-09,0.03167902277662462
2008-05-12,0.033382023527856276
2008-05-13,0.032690363511038746
2008-05-14,0.025853009304568436
2008-05-15,0.02981041530254106
2008-05-16,0.030607058920631112
2008-05-19,0.03337668561220759
2008-05-20,0.028933340356477707
2008-05-21,0.03301566569624241
2008-05-22,0.030459708271204613
2008-05-23,0.031666396655953694
2008-05-27,0.029722044545152516
2008-05-28,0.03162785597026734
2008-05-29,0.034149131886531015
2008-05-30,0.03225967361126426
2008-06-02,0.031122465145599132
2008-06-03,0.044480759683810656
2008-06-04,0.035394389205885904
2008-06-05,0.03465461285643336
2008-06-06,0.03411305446438952
2008-06-09,0.03961589549689107
2008-06-10,0.0368904556075245
2008-06-11,0.03627156743321154
2008-06-12,0.03616636511158129
2008-06-13,0.038012572230000964
2008-06-16,0.03425006900992381
2008-06-17,0.03339164520294183
2008-06-18,0.034175882451804585
2008-06-19,0.03155860273433236
2008-06-20,0.03644208501656279
2008-06-23,0.0293745708396765
2008-06-24,0.03632852415449507
2008-06-25,0.030800217399498363
2008-06-26,0.025917189005897612
2008-06-27,0.028147801771400027
2008-06-30,0.026086270614247287
2008-07-01,0.028277509478234684
2008-07-02,0.04455701308202155
2008-07-03,0.0346233809645193
2008-07-07,0.02718477847079944
2008-07-08,0.03348907645510285
2008-07-09,0.040157066288705065
2008-07-10,0.03538312506059303
2008-07-11,0.037682255626974234
2008-07-14,0.030264750140274882
2008-07-15,0.0352101819208168
2008-07-16,0.041070871609469886
2008-07-17,0.05513511001311279
2008-07-18,0.04600533516279352
2008-07-21,0.03949908667092
2008-07-22,0.04217324538270435
2008-07-23,0.048326795121259813
2008-07-24,0.05153681511954407
2008-07-25,0.05126894811943685
2008-07-28,0.03900958086052758
2008-07-29,0.04364896875759215
2008-07-30,0.03458915322462885
2008-07-31,0.05943759235880267
2008-08-01,0.032883466029907625
2008-08-04,0.03512976788630616
2008-08-05,0.04300394744980522
2008-08-06,0.03290502837327332
2008-08-07,0.03676095077061414
2008-08-08,0.035790162101155876
2008-08-11,0.034779952795690364
2008-08-12,0.030997524467857474
2008-08-13,0.03251884496699713
2008-08-14,0.03811576039759298
2008-08-15,0.03309988194546251
2008-08-18,0.030434163448857753
2008-08-19,0.033124685009421194
2008-08-20,0.039441223105181764
2008-08-21,0.03653273549678605
2008-08-22,0.036384286676291344
2008-08-25,0.03856672424235237
2008-08-26,0.030143051498005086
2008-08-27,0.03021756462735893
2008-08-28,0.028637959844694947
2008-08-29,0.03678279827017682
2008-09-02,0.02973080854318401
2008-09-03,0.04615256993969751
2008-09-04,0.03642250089577785
2008-09-05,0.03223568432228579
2008-09-08,0.02905699142946864
2008-09-09,0.05106599653675335
2008-09-10,0.05789726326330702
2008-09-11,0.04572263410347198
2008-09-12,0.04033163118007885
2008-09-15,0.04895125631721924
2008-09-16,0.07185906420827128
2008-09-17,0.04960349384536997
2008-09-18,0.05926475470708435
2008-09-19,0.058621877967382635
2008-09-22,0.09803464776128108
2008-09-23,0.051761197202485384
2008-09-24,0.037635568909344164
2008-09-25,0.03520462418482995
2008-09-26,0.03215397829876629
2008-09-29,0.04090248471741499
2008-09-30,0.06421805143172923
2008-10-01,0.06278023485360461
2008-10-02,0.04963388378556949
2008-10-03,0.05071252566008591
2008-10-06,0.03890317701661365
2008-10-07,0.03691393531445203
2008-10-08,0.04516081215818982
2008-10-09,0.03907389540824625
2008-10-10,0.05951098598812582
2008-10-13,0.06264321620941671
2008-10-14,0.06268475906365545
2008-10-15,0.06257777899722058
2008-10-16,0.06554825774750263
2008-10-17,0.047786837341039834
2008-10-20,0.04410619981168236
2008-10-21,0.05024132517335672
2008-10-22,0.042793626706287974
2008-10-23,0.05132720698559384
2008-10-24,0.04133180121279996
2008-10-27,0.037047237845719866
2008-10-28,0.05183910777573853
2008-10-29,0.05359045335545018
2008-10-30,0.0472035387927861
2008-10-31,0.0496146532516174
2008-11-03,0.04428943445751178
2008-11-04,0.04508997024052541
2008-11-05,0.038838166169305625
2008-11-06,0.040726297059679034
2008-11-07,0.039049346924563876
2008-11-10,0.03632780602672534
2008-11-11,0.04261980664367788
2008-11-12,0.039332368197161016
2008-11-13,0.04660480786234077
2008-11-14,0.04918249796371206
2008-11-17,0.04079918260211256
2008-11-18,0.03419478340753016
2008-11-19,0.04291703895973205
2008-11-20,0.05145337768848969
2008-11-21,0.07208448307277851
2008-11-24,0.05856452423988899
2008-11-25,0.06133097965677464
2008-11-26,0.042616948833225136
2008-11-28,0.046538586306892005
2008-12-01,0.04252419580522769
2008-12-02,0.05367004286221849
2008-12-03,0.0371718206850672
2008-12-04,0.038959026173183184
2008-12-05,0.0457365930246247
2008-12-08,0.03778380466278712
2008-12-09,0.047624951724371554
2008-12-10,0.03765364211732345
2008-12-11,0.0418085123009484
2008-12-12,0.038246788904747836
2008-12-15,0.037639048375913
2008-12-16,0.032475115478746444
2008-12-17,0.035280289901306314
2008-12-18,0.03232866337119481
2008-12-19,0.04467717273342371
2008-12-22,0.04690109574267838
2008-12-23,0.04101728920105206
2008-12-24,0.03173255485094968
2008-12-26,0.029036895654838954
2008-12-29,0.027206050924490716
2008-12-30,0.027125856294066872
2008-12-31,0.02891589233118486
2009-01-02,0.036177321326393376
2009-01-05,0.25746385822608636
2009-01-06,0.030704252959488823
2009-01-07,0.03090585192059402
2009-01-08,0.025576479415251385
2009-01-09,0.02308957462082588
2009-01-12,0.021126084643132276
2009-01-13,0.029083557845854598
2009-01-14,0.02428345730523733
2009-01-15,0.023685618462983657
2009-01-16,0.02508261312517954
2009-01-20,0.021724745901464566
2009-01-21,0.03782765085041523
2009-01-22,0.03642939587967577
2009-01-23,0.03220365960956238
2009-01-26,0.03375526961748995
2009-01-27,0.024240983722699866
2009-01-28,0.025487986211379515
2009-01-29,0.034132192421230376
2009-01-30,0.02572767388716896
2009-02-02,0.023577520930601708
2009-02-03,0.025313569805606125
2009-02-04,0.02249498286329068
2009-02-05,0.028124820153044086
2009-02-06,0.021980327550619478
2009-02-09,0.024409678789050246
2009-02-10,0.018739532389191238
2009-02-11,0.0235515900111851
2009-02-12,0.02186253612882373
2009-02-13,0.019624875438532023
2009-02-17,0.02031039353461007
2009-02-18,0.02987181220793437
2009-02-19,0.021602827056920577
2009-02-20,0.029438862399286222
2009-02-23,0.026408113057986023
2009-02-24,0.02671977694786584
2009-02-25,0.035790284585163146
2009-02-26,0.02753887816879986
2009-02-27,0.037080256661379964
2009-03-02,0.0321234085753201
2009-03-03,0.03457486602126565
2009-03-04,0.022073973387892857
2009-03-05,0.026600178627094396
2009-03-06,0.028381392984648784
2009-03-09,0.026388973444761675
2009-03-10,0.02884283930422473
2009-03-11,0.033881816122092914
2009-03-12,0.027628906541722897
2009-03-13,0.024338110446327516
2009-03-16,0.027773731127241533
2009-03-17,0.034933568563996105
2009-03-18,0.022107248623525186
2009-03-19,0.040073992542437535
2009-03-20,0.03399126297954993
2009-03-23,0.02703095278248057
2009-03-24,0.02761836218168947
2009-03-25,0.023503854068604425
2009-03-26,0.019293579809412723
2009-03-27,0.0295247874845202
2009-03-30,0.02179395090566466
2009-03-31,0.02841128363940355
2009-04-01,0.024153313373361806
2009-04-02,0.023029237451034933
2009-04-03,0.022936094716016764
2009-04-06,0.025183434755977105
2009-04-07,0.025071931428076254
2009-04-08,0.02019372983333424
2009-04-09,0.018756943865545966
2009-04-13,0.02925590532941689
2009-04-14,0.024904604225273373
2009-04-15,0.02135978256190961
2009-04-16,0.025392276018069534
2009-04-17,0.02318432797581501
2009-04-20,0.021871745619144595
2009-04-21,0.03191498108408493
2009-04-22,0.02645759964717543
2009-04-23,0.024325351758684142
2009-04-24,0.02926514969730972
2009-04-27,0.026738498751181734
2009-04-28,0.025068752595158443
2009-04-29,0.022713269589603142
2009-04-30,0.02352061550530405
2009-05-01,0.025173130050756772
2009-05-04,0.029210460385539247
2009-05-05,0.027893296591250255
2009-05-06,0.023266167274961
2009-05-07,0.029419605952563953
2009-05-08,0.02889552252528089
2009-05-11,0.030657170098989522
2009-05-12,0.02860545081482329
2009-05-13,0.025723616675121387
2009-05-14,0.026500084070597618
2009-05-15,0.019088275339010773
2009-05-18,0.020541504835340955
2009-05-19,0.020041651179493435
2009-05-20,0.017903098330081656
2009-05-21,0.021022042534367097
2009-05-22,0.02535596736624081
2009-05-26,0.019653505498579874
2009-05-27,0.016053998635575356
2009-05-28,0.020605547861387043
2009-05-29,0.019210098150510634
2009-06-01,0.0229477614621569
2009-06-02,0.025208355324745472
2009-06-03,0.03684513025118972
2009-06-04,0.022546754599426008
2009-06-05,0.021983772045234013
2009-06-08,0.015357805683753431
2009-06-09,0.01571423243269239
2009-06-10,0.017900002926090116
2009-06-11,0.015490776637485056
2009-06-12,0.020187268433286863
2009-06-15,0.016806955731839136
2009-06-16,0.015476709766985137
2009-06-17,0.016919359627688098
2009-06-18,0.021420736649731407
2009-06-19,0.017365840476426878
2009-06-22,0.018323449332035238
2009-06-23,0.025017824361762624
2009-06-24,0.01600787364728575
2009-06-25,0.014916255276185408
2009-06-26,0.016891893180699325
2009-06-29,0.015393572853756438
2009-06-30,0.013962876429964083
2009-07-01,0.016842097741361268
2009-07-02,0.016931920287618533
2009-07-06,0.016889849204448915
2009-07-07,0.018116587211927895
2009-07-08,0.017493511289726413
2009-07-09,0.01808872119615175
2009-07-10,0.02101767361086214
2009-07-13,0.014587978757376238
2009-07-14,0.016422994859147347
2009-07-15,0.014706453117252383
2009-07-16,0.015536780152562022
2009-07-17,0.015089015019269349
2009-07-20,0.01490478688041791
2009-07-21,0.013511450007717788
2009-07-22,0.016013485390196196
2009-07-23,0.022354672106110016
2009-07-24,0.0177351555389043
2009-07-27,0.015594514242634899
2009-07-28,0.013180753885675942
2009-07-29,0.017512649617516786
2009-07-30,0.01929264523035537
2009-07-31,0.015901713996402396
2009-08-03,0.01491369456699614
2009-08-04,0.019296808213992003
2009-08-05,0.014843580867872578
2009-08-06,0.020692515499576753
2009-08-07,0.014921747097467797
2009-08-10,0.02082629884738415
2009-08-11,0.01548578368743456
2009-08-12,0.015014503944521234
2009-08-13,0.013952015961257478
2009-08-14,0.016455695911014666
2009-08-17,0.013438009944205477
2009-08-18,0.018059057481800526
2009-08-19,0.014173230599870947
2009-08-20,0.012382648783803712
2009-08-21,0.014714754815289938
2009-08-24,0.01431124175459233
2009-08-25,0.013113647047747687
2009-08-26,0.017246231857009027
2009-08-27,0.014050348613134693
2009-08-28,0.015154073975553116
2009-08-31,0.015515838263142089
2009-09-01,0.01540137523960525
2009-09-02,0.014228219103829116
2009-09-03,0.014102246499078102
2009-09-04,0.015986376615020392
2009-09-08,0.012684075023209942
2009-09-09,0.019325507219338248
2009-09-10,0.014227905613107755
2009-09-11,0.016402347671011466
2009-09-14,0.015988547681693
2009-09-15,0.014632853090197805
2009-09-16,0.016773636100666952
2009-09-17,0.021123641667631615
2009-09-18,0.01661624549023253
2009-09-21,0.01482549701612576
2009-09-22,0.014478203505456092
2009-09-23,0.016459008475112565
2009-09-24,0.013139601053278088
2009-09-25,0.014069885035361057
2009-09-28,0.013123475009765039
2009-09-29,0.010931936439226
2009-09-30,0.01269992751422996
2009-10-01,0.012571264432009299
2009-10-02,0.015313354188820042
2009-10-05,0.01290786162362874
2009-10-06,0.015069540742059014
2009-10-07,0.013181179086954029
2009-10-08,0.01408993903573565
2009-10-09,0.0146478894706158
2009-10-12,0.013444539143118
2009-10-13,0.012593889727780434
2009-10-14,0.011840112361559445
2009-10-15,0.015350381683835092
2009-10-16,0.01749592019530534
2009-10-19,0.016845057734128765
2009-10-20,0.01297180288474882
2009-10-21,0.015851690811504747
2009-10-22,0.019539679235489434
2009-10-23,0.016001094761020677
2009-10-26,0.020587724198006436
2009-10-27,0.01316034679518893
2009-10-28,0.016026500312964403
2009-10-29,0.020702356317299875
2009-10-30,0.017782216017449424
2009-11-02,0.016726322213701038
2009-11-03,0.011791582835697187
2009-11-04,0.028189140083256715
2009-11-05,0.015116378092489337
2009-11-06,0.013929789821941234
2009-11-09,0.01657078868804722
2009-11-10,0.01821549912435293
2009-11-11,0.014144430394486743
2009-11-12,0.011647950639642673
2009-11-13,0.01746280590623883
2009-11-16,0.011769951807868329
2009-11-17,0.016243962665954362
2009-11-18,0.01405188910719922
2009-11-19,0.015584064770304194
2009-11-20,0.013698495584756446
2009-11-23,0.012542504498256658
2009-11-24,0.011566494637675048
2009-11-25,0.011136702134835377
2009-11-27,0.013902519564920782
2009-11-30,0.011631614143813578
2009-12-01,0.014733075660347617
2009-12-02,0.01423018121009417
2009-12-03,0.013144766611851552
2009-12-04,0.015755218845422535
2009-12-07,0.014903946491016114
2009-12-08,0.017648982207508428
2009-12-09,0.015769071231738284
2009-12-10,0.014111950390562001
2009-12-11,0.015917092966788976
2009-12-14,0.013780674163838135
2009-12-15,0.019160751051494767
2009-12-16,0.014957807775336158
2009-12-17,0.01585007935895271
2009-12-18,0.014044329840071932
2009-12-21,0.014343492871200054
2009-12-22,0.01349870518706262
2009-12-23,0.012886578051789353
2009-12-24,0.015458553199251846
2009-12-28,0.011104420907968683
2009-12-29,0.01326967537816397
2009-12-30,0.012090580631332627
2009-12-31,0.011507965465342673
2010-01-04,0.009198390000049975
2010-01-05,0.28760384080883206
2010-01-06,0.019137875405688176
2010-01-07,0.017809863669519983
2010-01-08,0.016260900052997795
2010-01-11,0.016611132738047964
2010-01-12,0.016592712144613865
2010-01-13,0.016285889027715873
2010-01-14,0.012051034744529635
2010-01-15,0.015436178267186025
2010-01-19,0.011969299492529901
2010-01-20,0.011993191506944504
2010-01-21,0.015162452248073733
2010-01-22,0.01969493294594648
2010-01-25,0.02120799461888204
2010-01-26,0.014304500438835578
2010-01-27,0.019746175142290448
2010-01-28,0.035483084324148005
2010-01-29,0.015298431038160294
2010-02-01,0.02066290698170303
2010-02-02,0.019870231896841395
2010-02-03,0.013626700715541307
2010-02-04,0.017001269188952665
2010-02-05,0.019275652072856874
2010-02-08,0.015347110430093482
2010-02-09,0.013466717346408016
2010-02-10,0.016541720577483033
2010-02-11,0.015209939669348482
2010-02-12,0.017923749247906566
2010-02-16,0.028333391498522334
2010-02-17,0.014717854688219392
2010-02-18,0.012670849806835527
2010-02-19,0.014209570887822058
2010-02-22,0.015930504349210388
2010-02-23,0.015920151129209942
2010-02-24,0.018169555911533904
2010-02-25,0.011778583550789555
2010-02-26,0.013935399409918385
2010-03-01,0.012480145657279066
2010-03-02,0.014758261936761007
2010-03-03,0.014154647627227124
2010-03-04,0.012127441011234558
2010-03-05,0.014432356768371422
2010-03-08,0.014545173220847337
2010-03-09,0.013032082422282749
2010-03-10,0.0145626623995564
2010-03-11,0.014700043621831272
2010-03-12,0.010641899826438594
2010-03-15,0.012328951272128783
2010-03-16,0.015336367476753368
2010-03-17,0.013655932417032663
2010-03-18,0.01519110374251033
2010-03-19,0.01705881177648886
2010-03-22,0.012925785050906885
2010-03-23,0.01294959948166733
2010-03-24,0.013662218236664513
2010-03-25,0.012805868990131662
2010-03-26,0.02085669622362763
2010-03-29,0.011507156120542011
2010-03-30,0.01572154134559186
2010-03-31,0.012293834783032085
2010-04-01,0.010984576638680367
2010-04-05,0.012718467103762046
2010-04-06,0.013189536635796806
2010-04-07,0.012451823756650531
2010-04-08,0.014629290516534693
2010-04-09,0.013531764118968385
2010-04-12,0.011337277612684767
2010-04-13,0.01286986113052662
2010-04-14,0.011508552271239461
2010-04-15,0.017169721908734684
2010-04-16,0.01287193390532149
2010-04-19,0.019164288794045994
2010-04-20,0.014849633622060716
2010-04-21,0.015675824839150247
2010-04-22,0.014049675103475698
2010-04-23,0.01855760691179466
2010-04-26,0.017960601125267754
2010-04-27,0.014974308883082425
2010-04-28,0.01935366315138579
2010-04-29,0.012716326050517672
2010-04-30,0.02354098868326774
2010-05-03,0.02037439634918623
2010-05-04,0.016933937595582912
2010-05-05,0.018687327527606257
2010-05-06,0.019993899712226308
2010-05-07,0.01673873229157802
2010-05-10,0.019230860147934216
2010-05-11,0.024224496491864103
2010-05-12,0.02105159658446521
2010-05-13,0.017431289247018138
2010-05-14,0.015787341904867802
2010-05-17,0.015534716792102965
2010-05-18,0.01882417638556213
2010-05-19,0.015647513643829485
2010-05-20,0.01592098626265825
2010-05-21,0.019656310700122533
2010-05-24,0.02035711409349277
2010-05-25,0.018591189617398123
2010-05-26,0.022828693042750498
2010-05-27,0.015961095352005412
2010-05-28,0.019254750161327855
2010-06-01,0.01987267573562624
2010-06-02,0.02727990608731641
2010-06-03,0.021233137954138948
2010-06-04,0.017036078400101917
2010-06-07,0.01822094916398167
2010-06-08,0.019649446532883995
2010-06-09,0.01813556820481675
2010-06-10,0.016101690039784965
2010-06-11,0.020210809314995158
2010-06-14,0.013151777850364733
2010-06-15,0.015904413478070055
2010-06-16,0.017196301322072255
2010-06-17,0.012959347611275734
2010-06-18,0.014530229667483767
2010-06-21,0.012662782070818723
2010-06-22,0.013743760907579016
2010-06-23,0.016557259310939064
2010-06-24,0.013322067447644019
2010-06-25,0.013795244314032942
2010-06-28,0.017368844493670287
2010-06-29,0.02059161534308916
2010-06-30,0.01807365694944344
2010-07-01,0.013406368488298613
2010-07-02,0.01401743969431536
2010-07-06,0.013277230032492125
2010-07-07,0.013725807100241424
2010-07-08,0.017015116435363204
2010-07-09,0.013166317810934816
2010-07-12,0.011755112779951792
2010-07-13,0.015176069361474464
2010-07-14,0.01293790460261374
2010-07-15,0.011869717264131267
2010-07-16,0.009201390229995561
2010-07-19,0.016032267390440155
2010-07-20,0.012990756487134374
2010-07-21,0.017039358426053388
2010-07-22,0.013622861818289702
2010-07-23,0.017800843893409156
2010-07-26,0.017790466303797915
2010-07-27,0.01436718118854655
2010-07-28,0.01479186834715025
2010-07-29,0.014675970523388744
2010-07-30,0.016141269795713856
2010-08-02,0.013806602992753953
2010-08-03,0.015864624034017
2010-08-04,0.014576833453651818
2010-08-05,0.016722801009404202
2010-08-06,0.014127093184206869
2010-08-09,0.012886778285091147
2010-08-10,0.012068834435890609
2010-08-11,0.013957014234550896
2010-08-12,0.012932481103559667
2010-08-13,0.013878668020293498
2010-08-16,0.01282087985312174
2010-08-17,0.012430109131705398
2010-08-18,0.012922645447145447
2010-08-19,0.013018334725719359
2010-08-20,0.013612185383756064
2010-08-23,0.01379478825485039
2010-08-24,0.012706827279805622
2010-08-25,0.01359286047291054
2010-08-26,0.013736179732748589
2010-08-27,0.027887417648214785
2010-08-30,0.014837753183356948
2010-08-31,0.014340599040191736
2010-09-01,0.016047321500087062
2010-09-02,0.013998534193866208
2010-09-03,0.013426060602663652
2010-09-07,0.012125195996428226
2010-09-08,0.014663881209483809
2010-09-09,0.012040832930404633
2010-09-10,0.014232824246122659
2010-09-13,0.012053977908054271
2010-09-14,0.013926839579528772
2010-09-15,0.01332467203793809
2010-09-16,0.009947673309267295
2010-09-17,0.011472861831339824
2010-09-20,0.013406137680345341
2010-09-21,0.013211536070106646
2010-09-22,0.012229469907309838
2010-09-23,0.01448958782568066
2010-09-24,0.011847673733773333
2010-09-27,0.013896680638405082
2010-09-28,0.011551371761129121
2010-09-29,0.01314346939800534
2010-09-30,0.013240046618117679
2010-10-01,0.010981718827782101
2010-10-04,0.014964331288974272
2010-10-05,0.012675622030328742
2010-10-06,0.013045972508443035
2010-10-07,0.014076469387672466
2010-10-08,0.011237172293251153
2010-10-11,0.016253287079386013
2010-10-12,0.010431875209066944
2010-10-13,0.0133448458272039
2010-10-14,0.014340004171957443
2010-10-15,0.01572469722405449
2010-10-18,0.015686807016925035
2010-10-19,0.0137544122636005
2010-10-20,0.014081438860837129
2010-10-21,0.015092366445233832
2010-10-22,0.013783295311934939
2010-10-25,0.01689095244041212
2010-10-26,0.012426821306047518
2010-10-27,0.013054106082035354
2010-10-28,0.01719454979496935
2010-10-29,0.011538260117853555
2010-11-01,0.01445332825373245
2010-11-02,0.01483306719793246
2010-11-03,0.014137916390234564
2010-11-04,0.012179991434596131
2010-11-05,0.01623801460496721
2010-11-08,0.017524972456403554
2010-11-09,0.012297717323776252
2010-11-10,0.014460733208056529
2010-11-11,0.014128542742708528
2010-11-12,0.016628901476380745
2010-11-15,0.014836739870040309
2010-11-16,0.015145146930669604
2010-11-17,0.01290863757805338
2010-11-18,0.013327390254583252
2010-11-19,0.014543725098887298
2010-11-22,0.01586755880477818
2010-11-23,0.012837700377444246
2010-11-24,0.012756290731275679
2010-11-26,0.012442795725865076
2010-11-29,0.011942143646715763
2010-11-30,0.010944662560014223
2010-12-01,0.01207183543612109
2010-12-02,0.014687902199624264
2010-12-03,0.013535832154582983
2010-12-06,0.011464691636272874
2010-12-07,0.012883135691345027
2010-12-08,0.015353524006554247
2010-12-09,0.014603061002352525
2010-12-10,0.012005141331019728
2010-12-13,0.01290975102224506
2010-12-14,0.013264163993053555
2010-12-15,0.01123868157485117
2010-12-16,0.014571089109954825
2010-12-17,0.014194583382652589
2010-12-20,0.013909957495555538
2010-12-21,0.014576876077541136
2010-12-22,0.0133751719758011
2010-12-23,0.014159756567864955
2010-12-27,0.012148631082458877
2010-12-28,0.010523859611693612
2010-12-29,0.009866631320747065
2010-12-30,0.011913599764708651
2010-12-31,0.010713138966903655
2011-01-03,0.009995855719877284
2011-01-04,0.25508040154047973
2011-01-05,0.01636189960041659
2011-01-06,0.016864268250307606
2011-01-07,0.01812378018598243
2011-01-10,0.014455142794140728
2011-01-11,0.016550627865075794
2011-01-12,0.017432565172035425
2011-01-13,0.018352875653329017
2011-01-14,0.014485125772911871
2011-01-18,0.017532755517640646
2011-01-19,0.017837142169836555
2011-01-20,0.019189305662080575
2011-01-21,0.01642650771063122
2011-01-24,0.015972507176929558
2011-01-25,0.017826604111626447
2011-01-26,0.01966873595094733
2011-01-27,0.021893992342968377
2011-01-28,0.02094272955784208
2011-01-31,0.017875929398953362
2011-02-01,0.01919481248049255
2011-02-02,0.01940270150651244
2011-02-03,0.02064842677612081
2011-02-04,0.017753758376150144
2011-02-07,0.017522900888161927
2011-02-08,0.01840420413757589
2011-02-09,0.016866562719982322
2011-02-10,0.016964578000863803
2011-02-11,0.01913553729190172
2011-02-14,0.016829131016841945
2011-02-15,0.01801382986597995
2011-02-16,0.01609275531769166
2011-02-17,0.0195974775833912
2011-02-18,0.01727602721637067
2011-02-22,0.015681721801270403
2011-02-23,0.02093612906875751
2011-02-24,0.021247841058731724
2011-02-25,0.018790613109157115
2011-02-28,0.017427174811323665
2011-03-01,0.02018218480569957
2011-03-02,0.01993131478798778
2011-03-03,0.015497383238196317
2011-03-04,0.016709194457751556
2011-03-07,0.017282687758076065
2011-03-08,0.01605212157336536
2011-03-09,0.020133584183295798
2011-03-10,0.019123423106543778
2011-03-11,0.02036991691849529
2011-03-14,0.016932693419617846
2011-03-15,0.015324222784680186
2011-03-16,0.019790834106825875
2011-03-17,0.01694098392204872
2011-03-18,0.0192843795249093
2011-03-21,0.015753902417629802
2011-03-22,0.018541607855277458
2011-03-23,0.014770896141173752
2011-03-24,0.016748516633733133
2011-03-25,0.018312382093295387
2011-03-28,0.014185612931237893
2011-03-29,0.01635744097403911
2011-03-30,0.013541205648743037
2011-03-31,0.015971113232051363
2011-04-01,0.014284624887369396
2011-04-04,0.01660862244554314
2011-04-05,0.014148871532695168
2011-04-06,0.014082825909010672
2011-04-07,0.016507985313494296
2011-04-08,0.013194179161050847
2011-04-11,0.014163697561136149
2011-04-12,0.018333270149310014
2011-04-13,0.019023238816195304
2011-04-14,0.014869271709487056
2011-04-15,0.014837874027730479
2011-04-18,0.01718188907891166
2011-04-19,0.014792430476399668
2011-04-20,0.014098243044742201
2011-04-21,0.023621211578417872
2011-04-25,0.019561736977085926
2011-04-26,0.014139589759261066
2011-04-27,0.01700405256681095
2011-04-28,0.0166089821753496
2011-04-29,0.01785312188557951
2011-05-02,0.01381783607952704
2011-05-03,0.01654544962912321
2011-05-04,0.018648668905062546
2011-05-05,0.016160153234566342
2011-05-06,0.015324429647246089
2011-05-09,0.013768916685773262
2011-05-10,0.016727451072173403
2011-05-11,0.012601531308314963
2011-05-12,0.01825785394090205
2011-05-13,0.016595452270220662
2011-05-16,0.017458881177666377
2011-05-17,0.01712901522783919
2011-05-18,0.015106016826641927
2011-05-19,0.01584194490621451
2011-05-20,0.013056216717014898
2011-05-23,0.016311604576057438
2011-05-24,0.014870331639418123
2011-05-25,0.01665760072946856
2011-05-26,0.016585933042231875
2011-05-27,0.017338955495035786
2011-05-31,0.01608629945395717
2011-06-01,0.014845368052534865
2011-06-02,0.0328446258164237
2011-06-03,0.01525485882633864
2011-06-06,0.01661427395183026
2011-06-07,0.016125755715097875
2011-06-08,0.013389925965533536
2011-06-09,0.017928337137824685
2011-06-10,0.013124687941966005
2011-06-13,0.014611058060225722
2011-06-14,0.017427746236625005
2011-06-15,0.014324673893824918
2011-06-16,0.015019169867451148
2011-06-17,0.016838535490419772
2011-06-20,0.016870690438455037
2011-06-21,0.015290001002160597
2011-06-22,0.0194069163037046
2011-06-23,0.014599457051841389
2011-06-24,0.016273333708917963
2011-06-27,0.016975262677436695
2011-06-28,0.014187898926164628
2011-06-29,0.016137948637788092
2011-06-30,0.018485879881525946
2011-07-01,0.014479639768948675
2011-07-05,0.017604516565706847
2011-07-06,0.015968475850488384
2011-07-07,0.014845895025545662
2011-07-08,0.014862405684361597
2011-07-11,0.013507776971179147
2011-07-12,0.013649135432080095
2011-07-13,0.01553042921702701
2011-07-14,0.010840450476646366
2011-07-15,0.01391439393443901
2011-07-18,0.018359434813692163
2011-07-19,0.01338658888408034
2011-07-20,0.0178116657989639
2011-07-21,0.015475738300507092
2011-07-22,0.018599620128064667
2011-07-25,0.01894584912438657
2011-07-26,0.014264350650559747
2011-07-27,0.021382836205927673
2011-07-28,0.01819011436241081
2011-07-29,0.019856190679247977
2011-08-01,0.012088895765299507
2011-08-02,0.01648446977886943
2011-08-03,0.015327848246281209
2011-08-04,0.01711538700637544
2011-08-05,0.02605215305510407
2011-08-08,0.022909956101864703
2011-08-09,0.03313614210266939
2011-08-10,0.029535450009213315
2011-08-11,0.022835464712598633
2011-08-12,0.023142807732097512
2011-08-15,0.018633721612455505
2011-08-16,0.018854370768961126
2011-08-17,0.019324771613301324
2011-08-18,0.014525312522078209
2011-08-19,0.02657527233744618
2011-08-22,0.021759946996325046
2011-08-23,0.01767021351360737
2011-08-24,0.02223193023433277
2011-08-25,0.021424242570484586
2011-08-26,0.02017886078602242
2011-08-29,0.016326443484995207
2011-08-30,0.020177251702832855
2011-08-31,0.014411372689684858
2011-09-01,0.014286301184712514
2011-09-02,0.014844704036318124
2011-09-06,0.01840338713002402
2011-09-07,0.017083185266458682
2011-09-08,0.018598798313353305
2011-09-09,0.018030428012727015
2011-09-12,0.019051561918932838
2011-09-13,0.017024226768361617
2011-09-14,0.020194947799775445
2011-09-15,0.01789011545146401
2011-09-16,0.020743319243821463
2011-09-19,0.019075282197884305
2011-09-20,0.024412549620275108
2011-09-21,0.019683431629865644
2011-09-22,0.024965998474723024
2011-09-23,0.03035456398903696
2011-09-26,0.022203670864741704
2011-09-27,0.021105066152700663
2011-09-28,0.01898520399885112
2011-09-29,0.023817617354995574
2011-09-30,0.02565166539100021
2011-10-03,0.021838199977488124
2011-10-04,0.025122120449341246
2011-10-05,0.023614311436016132
2011-10-06,0.025600909603104596
2011-10-07,0.024405841833924448
2011-10-10,0.022886236581870795
2011-10-11,0.019683687611008832
2011-10-12,0.015044509282503796
2011-10-13,0.018050402229030323
2011-10-14,0.018749936923970947
2011-10-17,0.016573170051237616
2011-10-18,0.020369757064401084
2011-10-19,0.02351841259433967
2011-10-20,0.02121970915578373
2011-10-21,0.019204877918412588
2011-10-24,0.0199200605313151
2011-10-25,0.022302854549574803
2011-10-26,0.025495357818751382
2011-10-27,0.020656342626391377
2011-10-28,0.029719649630895767
2011-10-31,0.022519860426859217
2011-11-01,0.02377426961712424
2011-11-02,0.02236170662821329
2011-11-03,0.016955598599525
2011-11-04,0.017569547493017028
2011-11-07,0.01940315746312532
2011-11-08,0.014536858655997876
2011-11-09,0.015453263726763616
2011-11-10,0.02295287455157985
2011-11-11,0.016002716248297584
2011-11-14,0.018536056904681786
2011-11-15,0.013856127445537898
2011-11-16,0.01566673683185582
2011-11-17,0.01859622150350566
2011-11-18,0.02024640621766777
2011-11-21,0.017329390051754795
2011-11-22,0.023797190564577644
2011-11-23,0.01701760877231079
2011-11-25,0.02169462273149224
2011-11-28,0.014309091651307873
2011-11-29,0.018869841482662904
2011-11-30,0.020038228418015842
2011-12-01,0.028844501502120257
2011-12-02,0.016387619725795652
2011-12-05,0.021389436106675715
2011-12-06,0.018065685699713042
2011-12-07,0.01481676412193628
2011-12-08,0.017764334154732483
2011-12-09,0.019150124223448806
2011-12-12,0.016564688652994763
2011-12-13,0.020046375398529152
2011-12-14,0.02035702513404651
2011-12-15,0.019861919656785527
2011-12-16,0.015152791918328816
2011-12-19,0.02387167012483464
2011-12-20,0.018572468176028135
2011-12-21,0.016952711596344178
2011-12-22,0.018848554200810868
2011-12-23,0.02083165808276473
2011-12-27,0.01217497170207386
2011-12-28,0.012230653576334054
2011-12-29,0.011603359098998046
2011-12-30,0.011043773124141613
2012-01-03,0.018452736612510505
2012-01-04,0.2103642657524537
2012-01-05,0.026399073542727712
2012-01-06,0.021449805664388907
2012-01-09,0.019431479928474646
2012-01-10,0.022611480988843795
2012-01-11,0.024079311520273268
2012-01-12,0.02452133187651094
2012-01-13,0.01907003442720347
2012-01-17,0.023227428227353242
2012-01-18,0.01982621089054215
2012-01-19,0.02765377609981625
2012-01-20,0.031258164227834305
2012-01-23,0.027805483741686763
2012-01-24,0.030116754344348157
2012-01-25,0.027399511257524524
2012-01-26,0.02879625600282572
2012-01-27,0.031927795515066554
2012-01-30,0.029233194005567835
2012-01-31,0.027853766002864745
2012-02-01,0.022612015229695862
2012-02-02,0.02490978332790991
2012-02-03,0.030032229814049714
2012-02-06,0.03252203139357873
2012-02-07,0.024720225587888105
2012-02-08,0.024089366234179697
2012-02-09,0.02352382690263846
2012-02-10,0.024688200697906445
2012-02-13,0.02279445284837451
2012-02-14,0.02168269922285122
2012-02-15,0.02051276015421835
2012-02-16,0.02237950904887474
2012-02-17,0.023054491569518457
2012-02-21,0.025673589833314372
2012-02-22,0.026277967498518507
2012-02-23,0.02479627368625715
2012-02-24,0.02641802146273573
2012-02-27,0.022728974776369502
2012-02-28,0.025085708486532358
2012-02-29,0.021453709043127163
2012-03-01,0.025107157599681573
2012-03-02,0.02434115285877307
2012-03-05,0.025686423721468225
2012-03-06,0.02408445262181282
2012-03-07,0.025992551202569797
2012-03-08,0.02167962576232521
2012-03-09,0.027257785062921792
2012-03-12,0.022897562719346336
2012-03-13,0.021013644791116955
2012-03-14,0.030148010365947102
2012-03-15,0.030608035964693373
2012-03-16,0.027934569347166795
2012-03-19,0.023415051116989653
2012-03-20,0.023270570640253282
2012-03-21,0.025931480288253497
2012-03-22,0.019499128570069208
2012-03-23,0.02467158627238876
2012-03-26,0.02272277685115209
2012-03-27,0.023504523870733703
2012-03-28,0.023590744527647083
2012-03-29,0.027919245118084343
2012-03-30,0.023249826942679568
2012-04-02,0.02211257249161316
2012-04-03,0.03488691200451692
2012-04-04,0.022436950484859976
2012-04-05,0.02655555518418961
2012-04-09,0.018731079793803233
2012-04-10,0.02008970310733807
2012-04-11,0.01693175453675877
2012-04-12,0.02303283160255435
2012-04-13,0.02597510783509273
2012-04-16,0.022124305468986825
2012-04-17,0.02384895392052267
2012-04-18,0.01890920316105924
2012-04-19,0.025101708982851943
2012-04-20,0.03043185520534652
2012-04-23,0.0275760866041645
2012-04-24,0.02497199556820264
2012-04-25,0.028984778277239432
2012-04-26,0.027308356264884058
2012-04-27,0.025517210515827365
2012-04-30,0.025766147569796456
2012-05-01,0.028005724429163388
2012-05-02,0.024414443691989238
2012-05-03,0.028120075439590546
2012-05-04,0.025440327093625766
2012-05-07,0.02178781474858592
2012-05-08,0.02063183913764714
2012-05-09,0.024059622976933728
2012-05-10,0.026532693983093394
2012-05-11,0.02831336708464708
2012-05-14,0.027047013620994147
2012-05-15,0.025390284808292335
2012-05-16,0.02922837634948687
2012-05-17,0.030822661721803358
2012-05-18,0.027251588207750026
2012-05-21,0.03164181805040332
2012-05-22,0.027109918949086903
2012-05-23,0.02560269060480288
2012-05-24,0.031162382589064695
2012-05-25,0.02986364821558523
2012-05-29,0.03125435980765004
2012-05-30,0.02641463523038305
2012-05-31,0.026732177472107536
2012-06-01,0.02409791264792092
2012-06-04,0.02905521368320969
2012-06-05,0.027772579055056302
2012-06-06,0.028405529136000845
2012-06-07,0.026719671783473106
2012-06-08,0.030038022982502532
2012-06-11,0.026318223487173158
2012-06-12,0.022951943606848275
2012-06-13,0.024497253628663493
2012-06-14,0.023889051247127705
2012-06-15,0.026856158853501278
2012-06-18,0.02789551618500278
2012-06-19,0.027222451154789114
2012-06-20,0.02912469199591118
2012-06-21,0.027246988545231277
2012-06-22,0.030095119255330677
2012-06-25,0.02338109742956347
2012-06-26,0.025439206331720025
2012-06-27,0.020771781072885867
2012-06-28,0.026242212205310457
2012-06-29,0.02776953889416864
2012-07-02,0.029785913051668084
2012-07-03,0.0233761971973744
2012-07-05,0.02881359392204779
2012-07-06,0.02510581082169219
2012-07-09,0.022717017785736177
2012-07-10,0.025933912937699154
2012-07-11,0.023918852832235556
2012-07-12,0.019643989970203925
2012-07-13,0.024580807362996143
2012-07-16,0.019270512472199238
2012-07-17,0.023260349320386654
2012-07-18,0.018215283851163302
2012-07-19,0.02472895640989476
2012-07-20,0.027484285915658192
2012-07-23,0.031134910708204115
2012-07-24,0.02088582978500711
2012-07-25,0.026200030094410492
2012-07-26,0.03519816913673349
2012-07-27,0.035194992483056346
2012-07-30,0.030926713215972235
2012-07-31,0.024734069955650747
2012-08-01,0.029042329093710795
2012-08-02,0.026869510227472533
2012-08-03,0.030039292438074922
2012-08-06,0.02494242820888668
2012-08-07,0.028267126772026432
2012-08-08,0.026853439309517172
2012-08-09,0.023252431147684063
2012-08-10,0.022183059236057415
2012-08-13,0.021606914985684345
2012-08-14,0.01956295878062641
2012-08-15,0.018158814262671824
2012-08-16,0.021444001287210544
2012-08-17,0.025097027703062658
2012-08-20,0.017241583860844623
2012-08-21,0.023683406288736074
2012-08-22,0.020983613519738785
2012-08-23,0.022766160226912045
2012-08-24,0.023724346158009474
2012-08-27,0.021627203867505964
2012-08-28,0.023102853154079415
2012-08-29,0.020697524210572676
2012-08-30,0.02071504319289213
2012-08-31,0.020585935578279382
2012-09-04,0.021136112362534206
2012-09-05,0.02825284577977473
2012-09-06,0.022056167219541633
2012-09-07,0.029972439926398163
2012-09-10,0.04054792584017866
2012-09-11,0.027321927855889314
2012-09-12,0.029018001080905406
2012-09-13,0.029563705587240054
2012-09-14,0.02937533919578198
2012-09-17,0.031700835443807876
2012-09-18,0.029625139945977083
2012-09-19,0.028023999017251017
2012-09-20,0.026223657654139677
2012-09-21,0.022867948858518325
2012-09-24,0.022964252070986513
2012-09-25,0.02560886471094294
2012-09-26,0.02409369131701154
2012-09-27,0.01879061157213399
2012-09-28,0.021295022928214842
2012-10-01,0.021947281651823896
2012-10-02,0.022623540543973572
2012-10-03,0.036362218419983355
2012-10-04,0.028237813078243322
2012-10-05,0.02213106775644633
2012-10-08,0.02129240745512946
2012-10-09,0.021614475260296716
2012-10-10,0.026966478569242402
2012-10-11,0.022873257720956396
2012-10-12,0.027784375148130484
2012-10-15,0.02804641921276973
2012-10-16,0.02638032468369524
2012-10-17,0.02998944702628823
2012-10-18,0.03418864401625563
2012-10-19,0.032856111003312934
2012-10-22,0.030481573863654708
2012-10-23,0.02746406614583505
2012-10-24,0.02907094241708804
2012-10-25,0.03344143234856707
2012-10-26,0.03151685933910727
2012-10-31,0.028542036053826218
2012-11-01,0.030185090979188024
2012-11-02,0.027351409258206123
2012-11-05,0.03404108902539413
2012-11-06,0.025474179852824116
2012-11-07,0.02396117469972891
2012-11-08,0.02790666026060007
2012-11-09,0.02404146742929478
2012-11-12,0.022411615670508533
2012-11-13,0.02979004403929474
2012-11-14,0.025986302274554576
2012-11-15,0.024726878298614075
2012-11-16,0.028517021913521557
2012-11-19,0.026390321724360066
2012-11-20,0.026839969912297718
2012-11-21,0.028668152197400914
2012-11-23,0.020298654190118275
2012-11-26,0.01939531414531222
2012-11-27,0.025203992491196855
2012-11-28,0.026980965637154266
2012-11-29,0.02376794799598926
2012-11-30,0.020735859169187673
2012-12-03,0.022566196778033766
2012-12-04,0.02289088461360101
2012-12-05,0.027139612227779386
2012-12-06,0.030990327961662893
2012-12-07,0.02778279129858045
2012-12-10,0.02554134693186426
2012-12-11,0.026924554030393358
2012-12-12,0.02392069874912399
2012-12-13,0.02737259845275272
2012-12-14,0.025378212198052613
2012-12-17,0.028968219313826673
2012-12-18,0.025053651161151533
2012-12-19,0.025721684419534298
2012-12-20,0.025894345793893794
2012-12-21,0.023693337689954994
2012-12-24,0.02491817630370287
2012-12-26,0.02487450793901648
2012-12-27,0.02729692120958462
2012-12-28,0.019678544705067316
2012-12-31,0.02150085189452964
2013-01-02,0.01883249217350136
2013-01-03,0.18734523675334205
2013-01-04,0.02799722178460949
2013-01-07,0.02281524931396124
2013-01-08,0.022098070392510258
2013-01-09,0.024383132855402667
2013-01-10,0.02520256259603331
2013-01-11,0.02146670982049613
2013-01-14,0.022644557896199492
2013-01-15,0.021497011924139074
2013-01-16,0.023304418698631785
2013-01-17,0.024170951897068194
2013-01-18,0.023954371641524898
2013-01-22,0.02262204365019671
2013-01-23,0.021317231705585887
2013-01-24,0.024219279167850973
2013-01-25,0.02850478954807765
2013-01-28,0.025506171184761332
2013-01-29,0.02431237805338412
2013-01-30,0.028580259186428106
2013-01-31,0.022945584466174375
2013-02-01,0.023083467766500665
2013-02-04,0.02219406678595193
2013-02-05,0.021006088132433893
2013-02-06,0.02102226389538319
2013-02-07,0.0195462306601724
2013-02-08,0.02190978217887523
2013-02-11,0.021210763469410827
2013-02-12,0.02110971785559384
2013-02-13,0.020024018221910012
2013-02-14,0.020823770999968187
2013-02-15,0.025384674625793257
2013-02-19,0.026721498186149353
2013-02-20,0.02580667002405033
2013-02-21,0.023069361621736936
2013-02-22,0.023885345706128363
2013-02-25,0.025539149380365708
2013-02-26,0.023228919471382847
2013-02-27,0.020157238765725727
2013-02-28,0.022075790653003663
2013-03-01,0.024915638385187674
2013-03-04,0.023784571066660216
2013-03-05,0.023373797488527723
2013-03-06,0.021287513329825827
2013-03-07,0.027545081088254958
2013-03-08,0.022843016426880025
2013-03-11,0.024422044484860767
2013-03-12,0.021120051532541522
2013-03-13,0.02170746104964148
2013-03-14,0.021361163193017462
2013-03-15,0.022389535273591096
2013-03-18,0.02480821333310791
2013-03-19,0.019754774165831927
2013-03-20,0.02305243086460411
2013-03-21,0.02320423836856324
2013-03-22,0.019383213703128843
2013-03-25,0.02667736598005231
2013-03-26,0.020082661152947046
2013-03-27,0.02093211322031336
2013-03-28,0.023075186481716917
2013-04-01,0.02582310782766043
2013-04-02,0.023383198460268588
2013-04-03,0.02751358943989276
2013-04-04,0.024218710278949007
2013-04-05,0.021107003414162613
2013-04-08,0.024288263214121093
2013-04-09,0.01849370008691798
2013-04-10,0.028720777752282784
2013-04-11,0.025073346442014477
2013-04-12,0.02603162100385362
2013-04-15,0.0242174766764643
2013-04-16,0.0311275603750248
2013-04-17,0.025870045705547705
2013-04-18,0.025703584372198347
2013-04-19,0.02647752867858144
2013-04-22,0.02991300398042673
2013-04-23,0.026048363766084555
2013-04-24,0.0324450846016954
2013-04-25,0.03509736877366025
2013-04-26,0.03285546384662024
2013-04-29,0.02454983702906842
2013-04-30,0.023436419115602576
2013-05-01,0.023675475594372043
2013-05-02,0.022625091597828016
2013-05-03,0.021745996283004387
2013-05-06,0.024013266656173503
2013-05-07,0.02214951767762708
2013-05-08,0.021877847563388755
2013-05-09,0.020956013291371978
2013-05-10,0.019284925069378685
2013-05-13,0.02199704065306933
2013-05-14,0.021758565377592597
2013-05-15,0.0214450146427575
2013-05-16,0.024584518088781468
2013-05-17,0.023390437428988213
2013-05-20,0.019986367340988187
2013-05-21,0.024025767488011093
2013-05-22,0.02135411225064203
2013-05-23,0.020585184450047138
2013-05-24,0.023954767376207414
2013-05-28,0.019481484440977852
2013-05-29,0.025887975905758198
2013-05-30,0.02097893246127309
2013-05-31,0.02495078098106753
2013-06-03,0.0195350851077447
2013-06-04,0.022165111491621568
2013-06-05,0.02270897426336512
2013-06-06,0.022070243194074197
2013-06-07,0.023385036238650184
2013-06-10,0.029033975525001955
2013-06-11,0.02345097982682679
2013-06-12,0.02633578132444256
2013-06-13,0.023805285584267463
2013-06-14,0.02404706009649034
2013-06-17,0.017551317419969743
2013-06-18,0.022869493109528335
2013-06-19,0.018984024950223347
2013-06-20,0.019881189777488432
2013-06-21,0.021640657086781968
2013-06-24,0.026116775222870918
2013-06-25,0.02995358132821826
2013-06-26,0.022883092484162412
2013-06-27,0.0219469090821923
2013-06-28,0.019741117122572743
2013-07-01,0.01949288919132708
2013-07-02,0.01929965349050725
2013-07-03,0.022610400207811042
2013-07-05,0.02006072770179763
2013-07-08,0.02042007734159868
2013-07-09,0.04090630908104187
2013-07-10,0.02420011584956442
2013-07-11,0.02495795064221048
2013-07-12,0.02418585987491608
2013-07-15,0.022889810627294706
2013-07-16,0.018096887474443185
2013-07-17,0.02221570985391107
2013-07-18,0.019256770341380874
2013-07-19,0.023655700645724424
2013-07-22,0.02241994463416392
2013-07-23,0.021267055895916324
2013-07-24,0.02326870355297549
2013-07-25,0.024347126833663402
2013-07-26,0.02447622027144281
2013-07-29,0.024609283998070733
2013-07-30,0.022409393888909307
2013-07-31,0.024123823017096355
2013-08-01,0.02440203097169092
2013-08-02,0.025702413663890034
2013-08-05,0.026194392118121686
2013-08-06,0.022875541726985426
2013-08-07,0.02316613495203909
2013-08-08,0.02303664342144988
2013-08-09,0.02947775143047508
2013-08-12,0.02408498992964151
2013-08-13,0.024217984710426535
2013-08-14,0.023544143839219454
2013-08-15,0.022948154433957632
2013-08-16,0.024886934654869373
2013-08-19,0.02316034119543233
2013-08-20,0.02302557669768164
2013-08-21,0.024505675503067342
2013-08-22,0.02426194734673024
2013-08-23,0.02595180403308041
2013-08-26,0.02169898257287508
2013-08-27,0.023149142024059093
2013-08-28,0.027171748368791045
2013-08-29,0.021993381309233184
2013-08-30,0.021810652682588715
2013-09-03,0.022095380174672774
2013-09-04,0.029620001025495446
2013-09-05,0.026039141704298538
2013-09-06,0.02348850823262494
2013-09-09,0.023547971838846077
2013-09-10,0.025618242539013063
2013-09-11,0.029821713953539775
2013-09-12,0.021511848481562235
2013-09-13,0.02081716378687622
2013-09-16,0.02291894397827187
2013-09-17,0.020786702026854134
2013-09-18,0.02039212768498004
2013-09-19,0.025942672913076135
2013-09-20,0.01967999255239741
2013-09-23,0.024936025910669783
2013-09-24,0.020850897561917735
2013-09-25,0.021267695226867032
2013-09-26,0.021812077635923
2013-09-27,0.019393033616781276
2013-09-30,0.021627679509626022
2013-10-01,0.01950272104767794
2013-10-02,0.024192796936801944
2013-10-03,0.020146488636488158
2013-10-04,0.01991458193470498
2013-10-07,0.02198397212756363
2013-10-08,0.020487145202261303
2013-10-09,0.021947795816797774
2013-10-10,0.020786544711542683
2013-10-11,0.024742076659393
2013-10-14,0.022270237237232045
2013-10-15,0.020191853351449723
2013-10-16,0.02620152585850972
2013-10-17,0.024757156867466615
2013-10-18,0.02895005748154517
2013-10-21,0.02939776587217721
2013-10-22,0.02812147898522238
2013-10-23,0.02294924810698788
2013-10-24,0.033566520764884956
2013-10-25,0.026743018744029342
2013-10-28,0.023906060879311103
2013-10-29,0.023618092096750157
2013-10-30,0.04511823124594147
2013-10-31,0.021691374440739465
2013-11-01,0.025656778112844836
2013-11-04,0.024011878164329387
2013-11-05,0.025118041235834977
2013-11-06,0.021953405843096553
2013-11-07,0.02652372467148629
2013-11-08,0.02825597448665703
2013-11-11,0.027990619004078746
2013-11-12,0.020639836423599824
2013-11-13,0.021232137766746515
2013-11-14,0.02155427730449125
2013-11-15,0.02993581605258344
2013-11-18,0.023897581550305146
2013-11-19,0.020630568638317297
2013-11-20,0.021442642459750118
2013-11-21,0.021210654761774677
2013-11-22,0.023671397059295794
2013-11-25,0.022448723884266462
2013-11-26,0.02028011616736697
2013-11-27,0.01853189545508907
2013-11-29,0.01929486843862832
2013-12-02,0.017547402018542678
2013-12-03,0.039175357928713475
2013-12-04,0.02237804361353506
2013-12-05,0.02419979191520573
2013-12-06,0.02652937567436764
2013-12-09,0.024697480517043666
2013-12-10,0.02086120045808863
2013-12-11,0.023745376173306305
2013-12-12,0.02468983124052286
2013-12-13,0.020094547219714553
2013-12-16,0.025122286517743845
2013-12-17,0.02018473983953247
2013-12-18,0.023609413900613642
2013-12-19,0.026791812995317226
2013-12-20,0.02870709317816275
2013-12-23,0.028630629207336118
2013-12-24,0.022254766084104743
2013-12-26,0.018537181224396394
2013-12-27,0.022443551364094955
2013-12-30,0.02183787291719906
2013-12-31,0.020976712150866075
2014-01-02,0.014936356917984853
2014-01-03,0.3768288084497799
2014-01-06,0.016683409625411018
2014-01-07,0.02006425224384361
2014-01-08,0.01890418044209772
2014-01-09,0.01956435141715958
2014-01-10,0.01883015769870397
2014-01-13,0.01935419042847778
2014-01-14,0.023077648628958978
2014-01-15,0.02279252807669146
2014-01-16,0.020080273900208
2014-01-17,0.019998631480206395
2014-01-21,0.020151905682582447
2014-01-22,0.02350649385373689
2014-01-23,0.024432596188227483
2014-01-24,0.025604970411891113
2014-01-27,0.024324476258834098
2014-01-28,0.021061526044595193
2014-01-29,0.021754541286199622
2014-01-30,0.023170209599249654
2014-01-31,0.02644322945723436
2014-02-03,0.02591137314527001
2014-02-04,0.018996882665757817
2014-02-05,0.023163843312250982
2014-02-06,0.019667447812807593
2014-02-07,0.019751459022155804
2014-02-10,0.019644939036008363
2014-02-11,0.019792523631281332
2014-02-12,0.02014398869373769
2014-02-13,0.018298895097398224
2014-02-14,0.01921267785700918
2014-02-18,0.016673090659571985
2014-02-19,0.015318373310091088
2014-02-20,0.019281005630686313
2014-02-21,0.015533114435581401
2014-02-24,0.01840121778929787
2014-02-25,0.017703555268663733
2014-02-26,0.01665886558054909
2014-02-27,0.018159539014572422
2014-02-28,0.015458922890173015
2014-03-03,0.019505608784301937
2014-03-04,0.019300972788662614
2014-03-05,0.017712123110493236
2014-03-06,0.018941674464462932
2014-03-07,0.01968600898788909
2014-03-10,0.018404451258084854
2014-03-11,0.019511072984436956
2014-03-12,0.016947295239518802
2014-03-13,0.021137529020974898
2014-03-14,0.016249633644142284
2014-03-17,0.018913965825039396
2014-03-18,0.015466256660488498
2014-03-19,0.01660593061270487
2014-03-20,0.017999561205636123
2014-03-21,0.018866190540272672
2014-03-24,0.02562168134833747
2014-03-25,0.019468657637600903
2014-03-26,0.019532894847148638
2014-03-27,0.016106655403362726
2014-03-28,0.019349005345911392
2014-03-31,0.018791309075398017
2014-04-01,0.019662524249141194
2014-04-02,0.022292358885868446
2014-04-03,0.031115317736247275
2014-04-04,0.02335941382863544
2014-04-07,0.02070672830261643
2014-04-08,0.02313872489859541
2014-04-09,0.02022703894395112
2014-04-10,0.022132826439608577
2014-04-11,0.025569120295835513
2014-04-14,0.02269249984361914
2014-04-15,0.017167524162880726
2014-04-16,0.01955485227307573
2014-04-17,0.01705425085524112
2014-04-21,0.01942267250016783
2014-04-22,0.019131736132973684
2014-04-23,0.019222323804994605
2014-04-24,0.01875285463288923
2014-04-25,0.019225453425504153
2014-04-28,0.02170905958706485
2014-04-29,0.023101585386825954
2014-04-30,0.018018484898928693
2014-05-01,0.01754594016224131
2014-05-02,0.016829776219170242
2014-05-05,0.016695498409721073
2014-05-06,0.015667756362770697
2014-05-07,0.018813975221000652
2014-05-08,0.022905215400553132
2014-05-09,0.01753787239063844
2014-05-12,0.020320651374881142
2014-05-13,0.021289207709854513
2014-05-14,0.017835103895241244
2014-05-15,0.017484385475389524
2014-05-16,0.020362880670948998
2014-05-19,0.020636414101442176
2014-05-20,0.0174773339942772
2014-05-21,0.017127522568698893
2014-05-22,0.020500125516578083
2014-05-23,0.017323177053206563
2014-05-27,0.016872619251332224
2014-05-28,0.024123467548788923
2014-05-29,0.017213599300581077
2014-05-30,0.017829009018427554
2014-06-02,0.01863671984603741
2014-06-03,0.017515623844684518
2014-06-04,0.01905813883112023
2014-06-05,0.017489336171497075
2014-06-06,0.020048537460777106
2014-06-09,0.019184364893629895
2014-06-10,0.021225418694720954
2014-06-11,0.018534951896797512
2014-06-12,0.021757746298883995
2014-06-13,0.021334255278183813
2014-06-16,0.021470130244929178
2014-06-17,0.02082726987200218
2014-06-18,0.021869875251963572
2014-06-19,0.020404516206591526
2014-06-20,0.022447395271883257
2014-06-23,0.018755644075780262
2014-06-24,0.018144071666843516
2014-06-25,0.025320850450330893
2014-06-26,0.02129691745331883
2014-06-27,0.021592625625589182
2014-06-30,0.020694079039000012
2014-07-01,0.018082853344173
2014-07-02,0.021851215986179888
2014-07-03,0.030153484621075685
2014-07-07,0.019813672750958015
2014-07-08,0.019349397470228596
2014-07-09,0.018426504563160383
2014-07-10,0.019266254348679734
2014-07-11,0.017832268166423217
2014-07-14,0.019758534350949056
2014-07-15,0.017224410680695912
2014-07-16,0.021355898301403033
2014-07-17,0.022429448653666174
2014-07-18,0.022039039319994347
2014-07-21,0.022408109330466715
2014-07-22,0.020079357288452414
2014-07-23,0.025143501010976337
2014-07-24,0.02391730105496366
2014-07-25,0.023387014334143162
2014-07-28,0.0248539365414773
2014-07-29,0.02271029986837271
2014-07-30,0.020880042790308632
2014-07-31,0.02180843307792113
2014-08-01,0.022344853439566468
2014-08-04,0.022088239198610714
2014-08-05,0.02060338497833091
2014-08-06,0.018471030553339214
2014-08-07,0.023232991678910027
2014-08-08,0.023241222162554878
2014-08-11,0.018066557582148687
2014-08-12,0.017531688896717947
2014-08-13,0.017425936890558977
2014-08-14,0.014878584290292048
2014-08-15,0.018032279456049096
2014-08-18,0.016975233650378174
2014-08-19,0.01632326874799496
2014-08-20,0.01796651519558526
2014-08-21,0.019015679547716297
2014-08-22,0.017200474191575263
2014-08-25,0.019537668108293153
2014-08-26,0.018924939397348704
2014-08-27,0.018804313334666208
2014-08-28,0.01646375386907089
2014-08-29,0.019825313132548296
2014-09-02,0.014319896484449753
2014-09-03,0.019163791687099252
2014-09-04,0.016202497184135845
2014-09-05,0.017261749426256884
2014-09-08,0.017400021511488013
2014-09-09,0.01803501859211496
2014-09-10,0.018500821018226653
2014-09-11,0.015976866729166286
2014-09-12,0.018121749218871767
2014-09-15,0.020679302807997475
2014-09-16,0.01748727164869774
2014-09-17,0.01997118278533547
2014-09-18,0.025044468210496443
2014-09-19,0.021198618010260593
2014-09-22,0.01990014164577436
2014-09-23,0.035083695584901396
2014-09-24,0.016673758427751893
2014-09-25,0.020290915223188072
2014-09-26,0.017956132005847877
2014-09-29,0.019442173527812284
2014-09-30,0.019448562821580473
2014-10-01,0.02365515499889252
2014-10-02,0.019147551496891953
2014-10-03,0.01905112371543926
2014-10-06,0.01943435264451035
2014-10-07,0.02028023082724663
2014-10-08,0.02079493701682115
2014-10-09,0.020031799880961904
2014-10-10,0.021887000908944465
2014-10-13,0.02365810914544387
2014-10-14,0.024270020402831983
2014-10-15,0.01975749288877312
2014-10-16,0.024685920889064596
2014-10-17,0.025322839997776823
2014-10-20,0.02362020984787832
2014-10-21,0.018671217190884326
2014-10-22,0.02001198864276009
2014-10-23,0.018269734414323367
2014-10-24,0.017867272977580978
2014-10-27,0.018675087870168347
2014-10-28,0.01768186891256312
2014-10-29,0.017288706212821463
2014-10-30,0.018332705658434516
2014-10-31,0.016712580202852136
2014-11-03,0.018530345582839003
2014-11-04,0.017991248719455535
2014-11-05,0.02127391412784197
2014-11-06,0.021264713132819045
2014-11-07,0.01993138133647058
2014-11-10,0.01808609358339818
2014-11-11,0.021791248877821093
2014-11-12,0.01847900705670996
2014-11-13,0.016616967620056277
2014-11-14,0.01861918666056939
2014-11-17,0.02120381791459939
2014-11-18,0.018240788301764357
2014-11-19,0.019995023073530134
2014-11-20,0.019018116521433655
2014-11-21,0.019374356509454224
2014-11-24,0.01923943387665073
2014-11-25,0.020164290360663365
2014-11-26,0.016391766847379627
2014-11-28,0.01913046103926561
2014-12-01,0.03466378906475388
2014-12-02,0.027383928428296657
2014-12-03,0.02061117437084333
2014-12-04,0.021719297716160282
2014-12-05,0.02323321022928137
2014-12-08,0.020028497800112594
2014-12-09,0.0318392724634599
2014-12-10,0.019624808027661814
2014-12-11,0.02146004919534157
2014-12-12,0.02054395340774976
2014-12-15,0.025855510278441008
2014-12-16,0.02291029871282496
2014-12-17,0.024872784093322275
2014-12-18,0.027875065855524687
2014-12-19,0.027734028777571695
2014-12-22,0.030060018889598347
2014-12-23,0.03140046928666238
2014-12-24,0.027474465907857813
2014-12-26,0.018517124268239045
2014-12-29,0.022332491227991528
2014-12-30,0.021141014617303097
2014-12-31,0.019495690988335892
2015-01-02,0.022309355143124897
2015-01-05,0.22353569745908494
2015-01-06,0.027504562261039027
2015-01-07,0.03408419313812498
2015-01-08,0.03282984021808403
2015-01-09,0.025672701144069193
2015-01-12,0.027682724961452524
2015-01-13,0.03650148690160278
2015-01-14,0.029700537007618363
2015-01-15,0.0359384875238563
2015-01-16,0.03872218113119095
2015-01-20,0.029888122358020467
2015-01-21,0.029912125778114314
2015-01-22,0.0315368805865797
2015-01-23,0.0331887097089525
2015-01-26,0.02978752166900918
2015-01-27,0.030918948404738765
2015-01-28,0.035397696908510544
2015-01-29,0.03317919497281747
2015-01-30,0.03659846758795006
2015-02-02,0.03896420356575109
2015-02-03,0.030704174577152278
2015-02-04,0.03612431303384112
2015-02-05,0.037435700630148304
2015-02-06,0.02716126208007713
2015-02-09,0.027470368120122643
2015-02-10,0.024182134927527348
2015-02-11,0.029845629222794892
2015-02-12,0.029856077037858586
2015-02-13,0.04010887798439722
2015-02-17,0.03047052846758178
2015-02-18,0.024858795795011587
2015-02-19,0.02914832127848549
2015-02-20,0.02984624383954991
2015-02-23,0.028894601584499587
2015-02-24,0.02825143662590871
2015-02-25,0.035727321410702007
2015-02-26,0.03836760687141792
2015-02-27,0.035253273383659155
2015-03-02,0.025831892804138095
2015-03-03,0.02652116792161084
2015-03-04,0.03292115408531631
2015-03-05,0.029889059002985066
2015-03-06,0.03677087492161302
2015-03-09,0.04013598034673237
2015-03-10,0.03522927914664546
2015-03-11,0.03571804607209179
2015-03-12,0.030559901313739774
2015-03-13,0.03255392223873124
2015-03-16,0.0320595865265888
2015-03-17,0.03133527581598698
2015-03-18,0.049554486614171694
2015-03-19,0.0375937413504122
2015-03-20,0.032063851567342
2015-03-23,0.035684049075677515
2015-03-24,0.030417194368996227
2015-03-25,0.023461495900609575
2015-03-26,0.04262234254124667
2015-03-27,0.03184619674034557
2015-03-30,0.025287619647649456
2015-03-31,0.02483127712406789
2015-04-01,0.029213740948921534
2015-04-02,0.02869201812808877
2015-04-06,0.028432877451700686
2015-04-07,0.027023819366777706
2015-04-08,0.025579559952763203
2015-04-09,0.026614733654872085
2015-04-10,0.028141650816020027
2015-04-13,0.029295880363195897
2015-04-14,0.024954970759786886
2015-04-15,0.03199201797402911
2015-04-16,0.031673896881913986
2015-04-17,0.03387245481895673
2015-04-20,0.032660284454119226
2015-04-21,0.03456634282571627
2015-04-22,0.03631011574378123
2015-04-23,0.03371100307269868
2015-04-24,0.03852429069525696
2015-04-27,0.03323444173512481
2015-04-28,0.031954952648698264
2015-04-29,0.03446925007139408
2015-04-30,0.03872800188430758
2015-05-01,0.03369980825869612
2015-05-04,0.0332049789625059
2015-05-05,0.0336830871196425
2015-05-06,0.033620520101347987
2015-05-07,0.03236559101252749
2015-05-08,0.03228401898802888
2015-05-11,0.028255576302370758
2015-05-12,0.029488767213617085
2015-05-13,0.027049610862790504
2015-05-14,0.026826737504603564
2015-05-15,0.03142977163745861
2015-05-18,0.0263484157066372
2015-05-19,0.025530715683168538
2015-05-20,0.031362958912492175
2015-05-21,0.0331431787918347
2015-05-22,0.031053795126277782
2015-05-26,0.030328556120843404
2015-05-27,0.03336448404955141
2015-05-28,0.04387227543736376
2015-05-29,0.036150088700706434
2015-06-01,0.03905876354458522
2015-06-02,0.031642489236359275
2015-06-03,0.03149149085073793
2015-06-04,0.0324140951210322
2015-06-05,0.031089095720535004
2015-06-08,0.030003046680867004
2015-06-09,0.02840541730378788
2015-06-10,0.03141032960639739
2015-06-11,0.03045309685458986
2015-06-12,0.03508535428031295
2015-06-15,0.023321105226337232
2015-06-16,0.030863832589361213
2015-06-17,0.027097180703211734
2015-06-18,0.028123824005832167
2015-06-19,0.03544326698686916
2015-06-22,0.0378729956449468
2015-06-23,0.02315965092190121
2015-06-24,0.026185800457002518
2015-06-25,0.029261202207076113
2015-06-26,0.033439930799625775
2015-06-29,0.05364793118719869
2015-06-30,0.025510932492024983
2015-07-01,0.03515454308188411
2015-07-02,0.03486787960583041
2015-07-06,0.02877659018959144
2015-07-07,0.03194159485721483
2015-07-08,0.03568191836332393
2015-07-09,0.03306491641566837
2015-07-10,0.029684031681300158
2015-07-13,0.02483906317432596
2015-07-14,0.023154258545478208
2015-07-15,0.027620874503546368
2015-07-16,0.0322782324758149
2015-07-17,0.029498392771781283
2015-07-20,0.030390921506693928
2015-07-21,0.03434489459731162
2015-07-22,0.03326887915547978
2015-07-23,0.04545829174436228
2015-07-24,0.03708898888883411
2015-07-27,0.038990297419159825
2015-07-28,0.03714066155182212
2015-07-29,0.03691206080386451
2015-07-30,0.035095926412189365
2015-07-31,0.033170068069839576
2015-08-03,0.0320689878235588
2015-08-04,0.031852551142573106
2015-08-05,0.03741820879860494
2015-08-06,0.04692812177677148
2015-08-07,0.042984478656111436
2015-08-10,0.029937988688636792
2015-08-11,0.03463851050989768
2015-08-12,0.03053475851747081
2015-08-13,0.029757208097251568
2015-08-14,0.02831324467107414
2015-08-17,0.025349973431415665
2015-08-18,0.030259321348032785
2015-08-19,0.02812232260335542
2015-08-20,0.03384430509396824
2015-08-21,0.0365083167304674
2015-08-24,0.04388721970342967
2015-08-25,0.038162441029994824
2015-08-26,0.03377404621778993
2015-08-27,0.05259505519180267
2015-08-28,0.038535008734534706
2015-08-31,0.0358875602300272
2015-09-01,0.032616660015062
2015-09-02,0.025181724545966733
2015-09-03,0.03154729476059204
2015-09-04,0.029496405601678717
2015-09-08,0.02189209547045627
2015-09-09,0.02594788137808308
2015-09-10,0.02763027255400138
2015-09-11,0.022661010760043718
2015-09-14,0.022370705851508056
2015-09-15,0.020682968080467785
2015-09-16,0.02255056560371725
2015-09-17,0.03156027873208363
2015-09-18,0.03137154396596568
2015-09-21,0.04049356149092903
2015-09-22,0.0354901895063681
2015-09-23,0.02403300237528622
2015-09-24,0.023583062651639772
2015-09-25,0.02847600404507849
2015-09-28,0.03132157578449524
2015-09-29,0.030930093922267334
2015-09-30,0.02870446818419299
2015-10-01,0.029172379829094916
2015-10-02,0.029284319373532163
2015-10-05,0.0373171546586891
2015-10-06,0.03498114658410324
2015-10-07,0.04049807937622219
2015-10-08,0.03229954965606512
2015-10-09,0.031220659373221847
2015-10-12,0.025613105337829324
2015-10-13,0.032521509774702716
2015-10-14,0.0318340118083878
2015-10-15,0.03795889965584771
2015-10-16,0.027978767393252637
2015-10-19,0.031204309066340485
2015-10-20,0.03226085202919593
2015-10-21,0.03251192255545125
2015-10-22,0.03738384151462085
2015-10-23,0.04309973568407299
2015-10-26,0.02938102864400275
2015-10-27,0.032948349173545916
2015-10-28,0.037572546467850645
2015-10-29,0.03592088293374247
2015-10-30,0.03274167399065122
2015-11-02,0.042639661615796805
2015-11-03,0.03153879959419958
2015-11-04,0.03698810263721351
2015-11-05,0.045469713744697916
2015-11-06,0.04499877504887487
2015-11-09,0.03552552516643166
2015-11-10,0.032387245007086084
2015-11-11,0.03332566502893412
2015-11-12,0.03529060748795705
2015-11-13,0.03068765116898555
2015-11-16,0.0352952280678489
2015-11-17,0.03074977716377942
2015-11-18,0.03252684395003659
2015-11-19,0.034481626530218426
2015-11-20,0.03949092645440505
2015-11-23,0.03475575342733459
2015-11-24,0.031727623902166255
2015-11-25,0.033354245259915066
2015-11-27,0.029583533503818853
2015-11-30,0.02468273952687034
2015-12-01,0.031964068940285376
2015-12-02,0.03552591554702366
2015-12-03,0.03769542562189684
2015-12-04,0.03944840982143321
2015-12-07,0.03582782449193765
2015-12-08,0.05042677930231293
2015-12-09,0.03848485168281237
2015-12-10,0.03851613589903115
2015-12-11,0.029513686420531232
2015-12-14,0.037906739975231876
2015-12-15,0.029865742066833255
2015-12-16,0.03539388058286012
2015-12-17,0.03752207375977838
2015-12-18,0.02813468507780776
2015-12-21,0.03524063193324391
2015-12-22,0.029052431764805705
2015-12-23,0.02855182251348777
2015-12-24,0.03818225078927574
2015-12-28,0.01945944705696297
2015-12-29,0.026357189188302287
2015-12-30,0.019608357877426152
2015-12-31,0.01880974342492723
2016-01-04,0.0253305772094045
2016-01-05,0.24779169196069167
2016-01-06,0.029574680124892287
2016-01-07,0.032468013161100436
2016-01-08,0.028068663181409815
2016-01-11,0.02581316495267082
2016-01-12,0.030520554742456588
2016-01-13,0.0292261638141438
2016-01-14,0.03024043742230182
2016-01-15,0.02772614508159945
2016-01-19,0.03052631629784927
2016-01-20,0.026733468162001853
2016-01-21,0.027273441555164528
2016-01-22,0.03392829057215817
2016-01-25,0.027982007823253
2016-01-26,0.027725227490263578
2016-01-27,0.026099149448388332
2016-01-28,0.03010296620515885
2016-01-29,0.036461904637257736
2016-02-01,0.027194401858614835
2016-02-02,0.04862042452815554
2016-02-03,0.03369402384094867
2016-02-04,0.03569438346406918
2016-02-05,0.029735806212310256
2016-02-08,0.033941877761826944
2016-02-09,0.03709011033965867
2016-02-10,0.032801058097085736
2016-02-11,0.0329216590687602
2016-02-12,0.038517432757117345
2016-02-16,0.037658824224968884
2016-02-17,0.02744771371310942
2016-02-18,0.023880427754941903
2016-02-19,0.023591048517624814
2016-02-22,0.025239741343721422
2016-02-23,0.026045838657791268
2016-02-24,0.02775363628498126
2016-02-25,0.027935104445674326
2016-02-26,0.020614599113789184
2016-02-29,0.02169939974924219
2016-03-01,0.023008072810875815
2016-03-02,0.025652661646368355
2016-03-03,0.029508432023933547
2016-03-04,0.04824801724890694
2016-03-07,0.02701768261872641
2016-03-08,0.026315836092150467
2016-03-09,0.03286567413665939
2016-03-10,0.023910072948975618
2016-03-11,0.022228639188896476
2016-03-14,0.02551148305270073
2016-03-15,0.022548032149545857
2016-03-16,0.0277554928322412
2016-03-17,0.028504311228902075
2016-03-18,0.027068652573006377
2016-03-21,0.02577426047596481
2016-03-22,0.023993026609380103
2016-03-23,0.02488643091517791
2016-03-24,0.028563944220021648
2016-03-28,0.023217891223577106
2016-03-29,0.02360486529409512
2016-03-30,0.027836648749048183
2016-03-31,0.025284312626719395
2016-04-01,0.028745689789678584
2016-04-04,0.02768320254493285
2016-04-05,0.024770610898177885
2016-04-06,0.03251375514759594
2016-04-07,0.029212892534859116
2016-04-08,0.023235637201013813
2016-04-11,0.024119191206277812
2016-04-12,0.028578449223634457
2016-04-13,0.03248581021378869
2016-04-14,0.022880261681813133
2016-04-15,0.021916669730908736
2016-04-18,0.02011816986412684
2016-04-19,0.022810845289892905
2016-04-20,0.032186552047803796
2016-04-21,0.02027278455881236
2016-04-22,0.027476795603909473
2016-04-25,0.026243679089625535
2016-04-26,0.02578913519534033
2016-04-27,0.028269457476038335
2016-04-28,0.025579578738296593
2016-04-29,0.026825520621272976
2016-05-02,0.02775236690816326
2016-05-03,0.02456312884110362
2016-05-04,0.025128266627173747
2016-05-05,0.026021994145491185
2016-05-06,0.025976031913631237
2016-05-09,0.0333673734418021
2016-05-10,0.030260118454506307
2016-05-11,0.02327613321599835
2016-05-12,0.030313987543796175
2016-05-13,0.03402411951187058
2016-05-16,0.027404584640556146
2016-05-17,0.027531248216687444
2016-05-18,0.025499273702561057
2016-05-19,0.04298740137186964
2016-05-20,0.024914770369923837
2016-05-23,0.0256666377574598
2016-05-24,0.02289899084170817
2016-05-25,0.023283191431134935
2016-05-26,0.024839170631254927
2016-05-27,0.021686072252302402
2016-05-31,0.022440570823604167
2016-06-01,0.018752862316079165
2016-06-02,0.023454776617322513
2016-06-03,0.023001992881052834
2016-06-06,0.024433522394884652
2016-06-07,0.024919570809676488
2016-06-08,0.02643351846424275
2016-06-09,0.022858948755868722
2016-06-10,0.022611997281082208
2016-06-13,0.025462791986284993
2016-06-14,0.02299705421929154
2016-06-15,0.026757628800095967
2016-06-16,0.020114459544799734
2016-06-17,0.02376418485720711
2016-06-20,0.02588102592720699
2016-06-21,0.02320462587892476
2016-06-22,0.0235259882360211
2016-06-23,0.027855781965638496
2016-06-24,0.026386589865603674
2016-06-27,0.033701655798516805
2016-06-28,0.03324393380253113
2016-06-29,0.0329666110506039
2016-06-30,0.029150714000895094
2016-07-01,0.02821652166170935
2016-07-05,0.030793794782286766
2016-07-06,0.03038249208725464
2016-07-07,0.029653449631606443
2016-07-08,0.02820894365231559
2016-07-11,0.02732363391410959
2016-07-12,0.02821880107001938
2016-07-13,0.03287653539050871
2016-07-14,0.028702707649397266
2016-07-15,0.024999255653638766
2016-07-18,0.026061109901408627
2016-07-19,0.023505444288857508
2016-07-20,0.024113632934464932
2016-07-21,0.024464826221577737
2016-07-22,0.029120978825840246
2016-07-25,0.022726718864518866
2016-07-26,0.02566115019613522
2016-07-27,0.028586981059967806
2016-07-28,0.02582160885027768
2016-07-29,0.0206886404945766
2016-08-01,0.02044432514172234
2016-08-02,0.02531133287813271
2016-08-03,0.027295781976998647
2016-08-04,0.024427339014286897
2016-08-05,0.0224089261170074
2016-08-08,0.025708006676049153
2016-08-09,0.02485829155901572
2016-08-10,0.02677108235136312
2016-08-11,0.026223830573606322
2016-08-12,0.024565214806321678
2016-08-15,0.028318170963668916
2016-08-16,0.03184183292918425
2016-08-17,0.029207931860065182
2016-08-18,0.025472228714226504
2016-08-19,0.03293066200339129
2016-08-22,0.03611521619889188
2016-08-23,0.035131149176964305
2016-08-24,0.03151563335963728
2016-08-25,0.03858437920606934
2016-08-26,0.03851437153258281
2016-08-29,0.03705847363143995
2016-08-30,0.03816457993451988
2016-08-31,0.030846236725997716
2016-09-01,0.03365594239361419
2016-09-02,0.029465883941911065
2016-09-06,0.03241582360182738
2016-09-07,0.03112605380067249
2016-09-08,0.04665415370070006
2016-09-09,0.026994797650835622
2016-09-12,0.02809616545329035
2016-09-13,0.02837750726428531
2016-09-14,0.034167474284966096
2016-09-15,0.03399872134248845
2016-09-16,0.029992158146425717
2016-09-19,0.029369843939432174
2016-09-20,0.028067287539520373
2016-09-21,0.02866572243984611
2016-09-22,0.028457640347284582
2016-09-23,0.030023094554103423
2016-09-26,0.032606725146513235
2016-09-27,0.03037047227053123
2016-09-28,0.029951054822751125
2016-09-29,0.0324831033501233
2016-09-30,0.03237265851074459
2016-10-03,0.031191243158385416
2016-10-04,0.032505416862119677
2016-10-05,0.030478423691314184
2016-10-06,0.03375500592564862
2016-10-07,0.03330502809350832
2016-10-10,0.028487693157307214
2016-10-11,0.0296252070763912
2016-10-12,0.029640040220206356
2016-10-13,0.025951112233018943
2016-10-14,0.02554195783272602
2016-10-17,0.024773003514960992
2016-10-18,0.022949902939624362
2016-10-19,0.02847086755725625
2016-10-20,0.029428116232019214
2016-10-21,0.027311689399336335
2016-10-24,0.034440653274591684
2016-10-25,0.025933677718548754
2016-10-26,0.03038058802585162
2016-10-27,0.030614367923949382
2016-10-28,0.030770747090930778
2016-10-31,0.032510386663299626
2016-11-01,0.029389891985202844
2016-11-02,0.027480160408750436
2016-11-03,0.02887196035492779
2016-11-04,0.033666042890338005
2016-11-07,0.030467734246960886
2016-11-08,0.02932907498722092
2016-11-09,0.029545992149602667
2016-11-10,0.04437566176996897
2016-11-11,0.04173646327400232
2016-11-14,0.0339101932620533
2016-11-15,0.03684422940833944
2016-11-16,0.03433558180340921
2016-11-17,0.0314134075295513
2016-11-18,0.030778043085916452
2016-11-21,0.029744474719073682
2016-11-22,0.02757926305246889
2016-11-23,0.03396950167880981
2016-11-25,0.02990653244682983
2016-11-28,0.02965637598991759
2016-11-29,0.031104882291499908
2016-11-30,0.031716365133251434
2016-12-01,0.04206479456101409
2016-12-02,0.037133868043929576
2016-12-05,0.029630164557338776
2016-12-06,0.03157883210339883
2016-12-07,0.03523477431430192
2016-12-08,0.030235587682472843
2016-12-09,0.032865912539424655
2016-12-12,0.030090414244977687
2016-12-13,0.030330320299898763
2016-12-14,0.025503048678510908
2016-12-15,0.025795324495760462
2016-12-16,0.026751265688713027
2016-12-19,0.027883407769160658
2016-12-20,0.02441689733193201
2016-12-21,0.027875443762316557
2016-12-22,0.026779867441250015
2016-12-23,0.028413213923586925
2016-12-27,0.027612570037883484
2016-12-28,0.03139251219173142
2016-12-29,0.026564320452809764
2016-12-30,0.026469301035746247
2017-01-03,0.033492355809136704
2017-01-04,0.21157382311688666
2017-01-05,0.03535537613837292
2017-01-06,0.03610628412970467
2017-01-09,0.03598504667541383
2017-01-10,0.03116189235242009
2017-01-11,0.037601429628297156
2017-01-12,0.032453361776206106
2017-01-13,0.03432021383223104
2017-01-17,0.03655759395099789
2017-01-18,0.03825529315547932
2017-01-19,0.03516454476839867
2017-01-20,0.04044161038541148
2017-01-23,0.04374516733778053
2017-01-24,0.04384423981710395
2017-01-25,0.04038042668185053
2017-01-26,0.0369391906383599
2017-01-27,0.04313542238140837
2017-01-30,0.041685129612298595
2017-01-31,0.034275854101357556
2017-02-01,0.041608946408848685
2017-02-02,0.04306954509794138
2017-02-03,0.03829075690271299
2017-02-06,0.04161359999831882
2017-02-07,0.038755293216585676
2017-02-08,0.038351312121117975
2017-02-09,0.03452499213585203
2017-02-10,0.034810381983986
2017-02-13,0.03823412952156366
2017-02-14,0.033770456234864514
2017-02-15,0.03202951816359058
2017-02-16,0.03194385868210427
2017-02-17,0.033890872952029145
2017-02-21,0.03818163042473319
2017-02-22,0.03473952202242514
2017-02-23,0.031658312060448696
2017-02-24,0.03548445569988618
2017-02-27,0.03292139141513691
2017-02-28,0.0327649565212329
2017-03-01,0.038492310531841184
2017-03-02,0.03876375041497465
2017-03-03,0.04447243877717526
2017-03-06,0.0388509168512107
2017-03-07,0.03635381699837391
2017-03-08,0.03893784347379836
2017-03-09,0.040526672444388026
2017-03-10,0.03667721395642966
2017-03-13,0.0351528360584244
2017-03-14,0.03302370817935032
2017-03-15,0.03685634453047848
2017-03-16,0.033297077760411055
2017-03-17,0.035426477798347976
2017-03-20,0.036094819286623336
2017-03-21,0.033667163946483954
2017-03-22,0.033744144678435534
2017-03-23,0.03216672683073944
2017-03-24,0.03587039322781825
2017-03-27,0.0321170355438226
2017-03-28,0.032703911199842145
2017-03-29,0.033857666233970754
2017-03-30,0.0335885543846754
2017-03-31,0.03871372960710662
2017-04-03,0.03256742250390143
2017-04-04,0.033149299190064443
2017-04-05,0.04031628411582698
2017-04-06,0.027839633612003204
2017-04-07,0.029026368613051412
2017-04-10,0.028329930377112268
2017-04-11,0.03276697602288246
2017-04-12,0.02480816790736928
2017-04-13,0.02808165633907332
2017-04-17,0.03197117900786984
2017-04-18,0.033089795975021
2017-04-19,0.03324908666602057
2017-04-20,0.03210780692477579
2017-04-21,0.03878088043611508
2017-04-24,0.03326140329298038
2017-04-25,0.03294897457594443
2017-04-26,0.04515582506351078
2017-04-27,0.041633128958264334
2017-04-28,0.04733343884773321
2017-05-01,0.04114284956846233
2017-05-02,0.033255053242114946
2017-05-03,0.0416813893024693
2017-05-04,0.036569348394312945
2017-05-05,0.038630277552033736
2017-05-08,0.037306521111851114
2017-05-09,0.03554249470156494
2017-05-10,0.03587309280374058
2017-05-11,0.03253489258276176
2017-05-12,0.03510989064299955
2017-05-15,0.03053502152672463
2017-05-16,0.03170557904522923
2017-05-17,0.03208846777997007
2017-05-18,0.037274492237498416
2017-05-19,0.03483413426001134
2017-05-22,0.031205389376399814
2017-05-23,0.032495950890790805
2017-05-24,0.032382225772316614
2017-05-25,0.03452277788194494
2017-05-26,0.03546812181667022
2017-05-30,0.03417114923666098
2017-05-31,0.038311072035753777
2017-06-01,0.03185135139479396
2017-06-02,0.032518405387067476
2017-06-05,0.03350596838928163
2017-06-06,0.03323245737721513
2017-06-07,0.02860922951413682
2017-06-08,0.033928043296426555
2017-06-09,0.038419343198020275
2017-06-12,0.034761305206537765
2017-06-13,0.03360525148395342
2017-06-14,0.03346625982656132
2017-06-15,0.03344049739663042
2017-06-16,0.03686658576462957
2017-06-19,0.04396745690211776
2017-06-20,0.04554001309436896
2017-06-21,0.03653592525078993
2017-06-22,0.037138335149765486
2017-06-23,0.03846358911353564
2017-06-26,0.0360890796977741
2017-06-27,0.031442346735963855
2017-06-28,0.030316744839770624
2017-06-29,0.03050013871125271
2017-06-30,0.029567171391058595
2017-07-03,0.029114205720805978
2017-07-05,0.031010141234637106
2017-07-06,0.03751979770348974
2017-07-07,0.022893117020005863
2017-07-10,0.025132686588883433
2017-07-11,0.02883912452776577
2017-07-12,0.02241149962805091
2017-07-13,0.02391012542518512
2017-07-14,0.028585940140701302
2017-07-17,0.02653374121547267
2017-07-18,0.028790406209208613
2017-07-19,0.03146235849082665
2017-07-20,0.03251404337460377
2017-07-21,0.034737056124249995
2017-07-24,0.03276595870398219
2017-07-25,0.03448842556443267
2017-07-26,0.04798640900594166
2017-07-27,0.04084083087037354
2017-07-28,0.050542615340698774
2017-07-31,0.034935611556628096
2017-08-01,0.04677556795314711
2017-08-02,0.04314246881834145
2017-08-03,0.038134893385247795
2017-08-04,0.03929488491001604
2017-08-07,0.03771960720646003
2017-08-08,0.04034365937439702
2017-08-09,0.03144144172953378
2017-08-10,0.03607793690433956
2017-08-11,0.030259543412371553
2017-08-14,0.02910524914893864
2017-08-15,0.03052470264042255
2017-08-16,0.02792607919553836
2017-08-17,0.030172590339016883
2017-08-18,0.030595295348799997
2017-08-21,0.030281807546623407
2017-08-22,0.031512082213031235
2017-08-23,0.03262794935587395
2017-08-24,0.03063616699562037
2017-08-25,0.033195475877181045
2017-08-28,0.034336740863466095
2017-08-29,0.03231927388285637
2017-08-30,0.03356971165034943
2017-08-31,0.03349567753235455
2017-09-01,0.03488083028804406
2017-09-05,0.04130569263143838
2017-09-06,0.034405308546461635
2017-09-07,0.03288363318230654
2017-09-08,0.03738036150399431
2017-09-11,0.036720948679795196
2017-09-12,0.03455679096145611
2017-09-13,0.032209415965271576
2017-09-14,0.03316701242469288
2017-09-15,0.034082717885153296
2017-09-18,0.03366280987110146
2017-09-19,0.030754267809439535
2017-09-20,0.033588206537741465
2017-09-21,0.030373941054033432
2017-09-22,0.03426636107495028
2017-09-25,0.03265190860268838
2017-09-26,0.03564594309949827
2017-09-27,0.0292028135375468
2017-09-28,0.03420698925013818
2017-09-29,0.027947715404886928
2017-10-02,0.02893459634263708
2017-10-03,0.02793978129160815
2017-10-04,0.029228528337284072
2017-10-05,0.03240667604879231
2017-10-06,0.03597360092252563
2017-10-09,0.0371296687363674
2017-10-10,0.036137321141989656
2017-10-11,0.036025370061972664
2017-10-12,0.033598030504076795
2017-10-13,0.03319032499172658
2017-10-16,0.03935964265676955
2017-10-17,0.04086544209058688
2017-10-18,0.03343136556513039
2017-10-19,0.03557194679367836
2017-10-20,0.033698879713452076
2017-10-23,0.03888708753536868
2017-10-24,0.03539255753204494
2017-10-25,0.034119567316956464
2017-10-26,0.03627001279250228
2017-10-27,0.04384160953141771
2017-10-30,0.05166743007181825
2017-10-31,0.04630184811928753
2017-11-01,0.04640198526341152
2017-11-02,0.04103231348443989
2017-11-03,0.04666744454160403
2017-11-06,0.04126727869663313
2017-11-07,0.0452352903783883
2017-11-08,0.04318740065766664
2017-11-09,0.04102654203997021
2017-11-10,0.03756814482681588
2017-11-13,0.037108067699191095
2017-11-14,0.03387933979985526
2017-11-15,0.0316154611519185
2017-11-16,0.03231314543341037
2017-11-17,0.03350568067774033
2017-11-20,0.03475059782034731
2017-11-21,0.033551409358309706
2017-11-22,0.032402111657051265
2017-11-24,0.0376714847401278
2017-11-27,0.03791431307221024
2017-11-28,0.034718639724739826
2017-11-29,0.04134138596337704
2017-11-30,0.05283566885990439
2017-12-01,0.04324101869935079
2017-12-04,0.03713958871059574
2017-12-05,0.04921866683063427
2017-12-06,0.04059083482249887
2017-12-07,0.036990953517140726
2017-12-08,0.036951102089501905
2017-12-11,0.035545207352145045
2017-12-12,0.03978108661981193
2017-12-13,0.035749423125818046
2017-12-14,0.03657291402343391
2017-12-15,0.03435428439405123
2017-12-18,0.03632210331520062
2017-12-19,0.03513085814131714
2017-12-20,0.030714333140231618
2017-12-21,0.03300380148355199
2017-12-22,0.03508814330766647
2017-12-26,0.02683502590232048
2017-12-27,0.026985464902180893
2017-12-28,0.028244209683983997
2017-12-29,0.027828359588078853
2018-01-02,0.02768363770859536
2018-01-03,0.23564822681956102
2018-01-04,0.06719184658378834
2018-01-05,0.03835828935244392
2018-01-08,0.03757871920091305
2018-01-09,0.03373410843661693
2018-01-10,0.03620173663251329
2018-01-11,0.03368349867432098
2018-01-12,0.039853395014321905
2018-01-16,0.038934047259010354
2018-01-17,0.04521474516526293
2018-01-18,0.047836452099387604
2018-01-19,0.03127250754173107
2018-01-22,0.03621204657943575
2018-01-23,0.03264249057443763
2018-01-24,0.03896815902710089
2018-01-25,0.04079301612319243
2018-01-26,0.03150941285514147
2018-01-29,0.046250989248868515
2018-01-30,0.03739332899117909
2018-01-31,0.05355254959500383
2018-02-01,0.04040146364977132
2018-02-02,0.04305023481893792
2018-02-05,0.059046076718998836
2018-02-06,0.06562521128233484
2018-02-07,0.03709200986791367
2018-02-08,0.03310291225066461
2018-02-09,0.04740446800943071
2018-02-12,0.04165004328319953
2018-02-13,0.024951258096450397
2018-02-14,0.02146181195908204
2018-02-15,0.031537402572577936
2018-02-16,0.02385490544823074
2018-02-20,0.023445072319163783
2018-02-21,0.0257519595878095
2018-02-22,0.018996168426109666
2018-02-23,0.028510136263099853
2018-02-26,0.023973012502713317
2018-02-27,0.026670058851024966
2018-02-28,0.023658968484438006
2018-03-01,0.03217929460354238
2018-03-02,0.025292107729757964
2018-03-05,0.029805213392585246
2018-03-06,0.029493372016770502
2018-03-07,0.046437739690958615
2018-03-08,0.037410134248283766
2018-03-09,0.029252074977865722
2018-03-12,0.058942563072495686
2018-03-13,0.03842629014555671
2018-03-14,0.03203175611171653
2018-03-15,0.025552462901735025
2018-03-16,0.04158307275375894
2018-03-19,0.03353665540856529
2018-03-20,0.04608108750201187
2018-03-21,0.03384931702052826
2018-03-22,0.03378222949476864
2018-03-23,0.04733666078145922
2018-03-26,0.033397424711897584
2018-03-27,0.04914647125371583
2018-03-28,0.03478816904678826
2018-03-29,0.03750674023920916
2018-04-02,0.029502545005351308
2018-04-03,0.041099257312737045
2018-04-04,0.02840590012406255
2018-04-05,0.02766925472766543
2018-04-06,0.027070055726925082
2018-04-09,0.0374443405368302
2018-04-10,0.03050801098915739
2018-04-11,0.02750694969287991
2018-04-12,0.0191248205523724
2018-04-13,0.02426262781021582
2018-04-16,0.022386970259194207
2018-04-17,0.02214101307710567
2018-04-18,0.031113347123515905
2018-04-19,0.02728508778036991
2018-04-20,0.03369887420595807
2018-04-23,0.03512992723433645
2018-04-24,0.03244929371696469
2018-04-25,0.043436268512260706
2018-04-26,0.0337575350891703
2018-04-27,0.05062043063631627
2018-04-30,0.031114792071870977
2018-05-01,0.03947210085135916
2018-05-02,0.03223308918137917
2018-05-03,0.03478646394507852
2018-05-04,0.027649541259841065
2018-05-07,0.04230932169513289
2018-05-08,0.03700645767840456
2018-05-09,0.03832553002008504
2018-05-10,0.031674099506315626
2018-05-11,0.027895521797507268
2018-05-14,0.023732611745545695
2018-05-15,0.027582950506730628
2018-05-16,0.029473223316874166
2018-05-17,0.03198766264925627
2018-05-18,0.04628006028436776
2018-05-21,0.027623268879353714
2018-05-22,0.020999919795636382
2018-05-23,0.040034746445489405
2018-05-24,0.037664786739040196
2018-05-25,0.05376262646962125
2018-05-29,0.039833638865169836
2018-05-30,0.04996663914592504
2018-05-31,0.03883419071800631
2018-06-01,0.05947550804991648
2018-06-04,0.04011103189561449
2018-06-05,0.04233121087043715
2018-06-06,0.02778656743484249
2018-06-07,0.0355331567328413
2018-06-08,0.044821829882281616
2018-06-11,0.027899975655175116
2018-06-12,0.027049610497549476
2018-06-13,0.023915913514964027
2018-06-14,0.03946245281265384
2018-06-15,0.02841499088840515
2018-06-18,0.030197305626230374
2018-06-19,0.03953394227484743
2018-06-20,0.03041351290868295
2018-06-21,0.030517612205802805
2018-06-22,0.03765527406670629
2018-06-25,0.030801440425703326
2018-06-26,0.04143641004934209
2018-06-27,0.0440096207951649
2018-06-28,0.03642747717421643
2018-06-29,0.04996072490763549
2018-07-02,0.041725570552816435
2018-07-03,0.0334010307248152
2018-07-05,0.02686139894791284
2018-07-06,0.04203592343086045
2018-07-09,0.03040950256518368
2018-07-10,0.03995106642749553
2018-07-11,0.023938578560602504
2018-07-12,0.03295305379883093
2018-07-13,0.03418513267392265
2018-07-16,0.02469502081797545
2018-07-17,0.031799628739485136
2018-07-18,0.026762675588288026
2018-07-19,0.03689203806027984
2018-07-20,0.0400528309452181
2018-07-23,0.027477465802039587
2018-07-24,0.034473074946388516
2018-07-25,0.05097322773731437
2018-07-26,0.03575116473130679
2018-07-27,0.0596999436768278
2018-07-30,0.05401466572223347
2018-07-31,0.04389306926061713
2018-08-01,0.03322545949197574
2018-08-02,0.038772183755043266
2018-08-03,0.033864389751331825
2018-08-06,0.023781450974674927
2018-08-07,0.03143388575339907
2018-08-08,0.023094286881199584
2018-08-09,0.0396424475543951
2018-08-10,0.03369790486574681
2018-08-13,0.025604282669528647
2018-08-14,0.025981435174473808
2018-08-15,0.027769742407226343
2018-08-16,0.047911521981241836
2018-08-17,0.03614078444026807
2018-08-20,0.029357850719879217
2018-08-21,0.030748703940154318
2018-08-22,0.039106559547048586
2018-08-23,0.03790748247148415
2018-08-24,0.047672519227061894
2018-08-27,0.04431136134260265
2018-08-28,0.05195978448620911
2018-08-29,0.035528142982993685
2018-08-30,0.04027360377315933
2018-08-31,0.04372273484224657
2018-09-04,0.02856848797740505
2018-09-05,0.03810712423238542
2018-09-06,0.05066161501467129
2018-09-07,0.03640458308731356
2018-09-10,0.03622764186000675
2018-09-11,0.03798943256549863
2018-09-12,0.02868625611771359
2018-09-13,0.034685706146510974
2018-09-14,0.059714304332856
2018-09-17,0.03347136050528571
2018-09-18,0.031000257881091564
2018-09-19,0.034839406344363215
2018-09-20,0.04106274546765043
2018-09-21,0.032612985632441464
2018-09-24,0.031720425898428106
2018-09-25,0.04059582730706149
2018-09-26,0.028657908685489092
2018-09-27,0.021954146977670064
2018-09-28,0.023261037122478512
2018-10-01,0.03227846530584505
2018-10-02,0.026796271461132844
2018-10-03,0.03276214676851335
2018-10-04,0.04044491399805709
2018-10-05,0.04932040261344147
2018-10-08,0.026497836854400807
2018-10-09,0.0366411509806637
2018-10-10,0.02740209132653964
2018-10-11,0.0996073484533691
2018-10-12,0.06432460679405558
2018-10-15,0.03345922331299782
2018-10-16,0.024761811386934493
2018-10-17,0.04200213182926361
2018-10-18,0.02786805480842612
2018-10-19,0.025124500509186083
2018-10-22,0.03619106152677998
2018-10-23,0.02667198331130055
2018-10-24,0.029486124712376428
2018-10-25,0.05268031519502789
2018-10-26,0.03745410345989579
2018-10-29,0.03643201777060831
2018-10-30,0.03218675038731123
2018-10-31,0.038375296208605345
2018-11-01,0.031950243293414914
2018-11-02,0.03462864120760595
2018-11-05,0.026665565292717068
2018-11-06,0.02060566016296507
2018-11-07,0.023600890867243176
2018-11-08,0.039089607955839635
2018-11-09,0.0385731473446721
2018-11-12,0.024388869829188524
2018-11-13,0.029215027738343797
2018-11-14,0.032020923565786646
2018-11-15,0.026035976436338634
2018-11-16,0.02829104317756093
2018-11-19,0.033287137738029264
2018-11-20,0.03973295667480503
2018-11-21,0.03861255288238334
2018-11-23,0.040350317666888964
2018-11-26,0.03220691573256168
2018-11-27,0.0363658632433024
2018-11-28,0.027570216900431304
2018-11-29,0.04315663936180139
2018-11-30,0.03749535952285697
2018-12-03,0.034379240597631075
2018-12-04,0.03534203038019615
2018-12-06,0.05678151979173782
2018-12-07,0.03281801896914523
2018-12-10,0.04063316235563839
2018-12-11,0.02610519532503923
2018-12-12,0.020588157093527883
2018-12-13,0.02841438920998767
2018-12-14,0.021217381015317543
2018-12-17,0.03372911574902008
2018-12-18,0.03254134422473747
2018-12-19,0.02650631093876887
2018-12-20,0.029099168937361322
2018-12-21,0.0358063435468078
2018-12-24,0.0374377689976326
2018-12-26,0.030771672137526785
2018-12-27,0.046385924847010054
2018-12-28,0.018608938209529108
2018-12-31,0.02306213597514306
2019-01-02,0.01753147511514608
2019-01-03,0.29432514199140214
2019-01-04,0.03184914343514314
2019-01-07,0.023503257712365597
2019-01-08,0.02551425927633494
2019-01-09,0.019468398316632635
2019-01-10,0.019309594387061407
2019-01-11,0.019464578017391515
2019-01-14,0.0172336364536277
2019-01-15,0.025874708914528324
2019-01-16,0.02027668116563305
2019-01-17,0.020033462837543505
2019-01-18,0.019191206657308838
2019-01-22,0.040906568212534196
2019-01-23,0.02252050916042475
2019-01-24,0.01755323072282853
2019-01-25,0.030814724041402487
2019-01-28,0.025987269026217362
2019-01-29,0.024548722614259173
2019-01-30,0.021115624503334797
2019-01-31,0.027725646668504734
2019-02-01,0.027207250420123372
2019-02-04,0.02026154245701982
2019-02-05,0.01988602444367247
2019-02-06,0.016657020566766587
2019-02-07,0.019893366587029254
2019-02-08,0.031317049652422255
2019-02-11,0.02198658004816622
2019-02-12,0.013542235336688612
2019-02-13,0.02202270283049057
2019-02-14,0.0154303232396628
2019-02-15,0.02311631001961446
2019-02-19,0.018130870105424975
2019-02-20,0.012488283611370905
2019-02-21,0.02140076368739583
2019-02-22,0.014759935727710383
2019-02-25,0.017111987225321257
2019-02-26,0.01820241812896077
2019-02-27,0.013684571298977821
2019-02-28,0.021402396697571116
2019-03-01,0.019046315507603474
2019-03-04,0.023201957124882853
2019-03-05,0.01705512418652186
2019-03-06,0.017136647917752993
2019-03-07,0.025167159133509552
2019-03-08,0.01923096813571349
2019-03-11,0.018554720689167623
2019-03-12,0.019336302546679528
2019-03-13,0.016512936759856045
2019-03-14,0.018449541495068694
2019-03-15,0.018340350212268375
2019-03-18,0.025176466769859136
2019-03-19,0.01997808572673181
2019-03-20,0.025033182674900026
2019-03-21,0.02700811577411083
2019-03-22,0.025344455970571354
2019-03-25,0.023192258112483245
2019-03-26,0.018167546327116542
2019-03-27,0.017672852610436003
2019-03-28,0.01845833035532438
2019-03-29,0.01355161303417164
2019-04-01,0.01879713989334216
2019-04-02,0.01902223095510301
2019-04-03,0.01909106331046998
2019-04-04,0.023126206569353467
2019-04-05,0.017819527725707454
2019-04-08,0.018744096420499637
2019-04-09,0.01658472829553099
2019-04-10,0.014968954822815895
2019-04-11,0.01634771752530624
2019-04-12,0.019175907479029947
2019-04-15,0.02965473488660414
2019-04-16,0.01814378536737142
2019-04-17,0.02370281939168754
2019-04-18,0.02815604416484836
2019-04-22,0.01626242550503227
2019-04-23,0.01891536131713408
2019-04-24,0.02161706117953586
2019-04-25,0.021687941623846827
2019-04-26,0.025692287748807663
2019-04-29,0.029228061407035474
2019-04-30,0.015888607504341807
2019-05-01,0.021236469584657934
2019-05-02,0.018759870984933084
2019-05-03,0.021126755097798076
2019-05-06,0.020117234715268453
2019-05-07,0.018403190924894758
2019-05-08,0.02266910076667234
2019-05-09,0.015167704301398598
2019-05-10,0.01623846892698423
2019-05-13,0.019126034711641055
2019-05-14,0.022184222473706383
2019-05-15,0.016798447137447513
2019-05-16,0.01686499908299002
2019-05-17,0.017500316583304802
2019-05-20,0.017597998372601124
2019-05-21,0.024100225907361075
2019-05-22,0.016155998447755563
2019-05-23,0.022594784385507227
2019-05-24,0.01917078280170409
2019-05-28,0.01612757623290895
2019-05-29,0.021240481788079475
2019-05-30,0.01378948488430274
2019-05-31,0.01845846850562506
2019-06-03,0.020611921244252953
2019-06-04,0.025510044013091294
2019-06-05,0.023525117692139313
2019-06-06,0.0243322875555404
2019-06-07,0.014141666329330397
2019-06-10,0.016412056079098344
2019-06-11,0.018861465115797574
2019-06-12,0.018559799577129485
2019-06-13,0.02120605280676401
2019-06-14,0.019771332630542315
2019-06-17,0.018068244655327005
2019-06-18,0.015652699625834765
2019-06-19,0.020572793346777397
2019-06-20,0.014291296173914711
2019-06-21,0.020328222491963435
2019-06-24,0.015842989699183123
2019-06-25,0.014542487125750361
2019-06-26,0.01816186573075124
2019-06-27,0.02673291211017636
2019-06-28,0.016474887250698567
2019-07-01,0.016840360424174604
2019-07-02,0.018257301812126453
2019-07-03,0.02262190996635907
2019-07-05,0.01758632018030229
2019-07-08,0.014703853650942756
2019-07-09,0.01820294872333334
2019-07-10,0.03147373450454558
2019-07-11,0.020189924184602595
2019-07-12,0.01999310539043797
2019-07-15,0.022470769802506875
2019-07-16,0.016499522964013108
2019-07-17,0.01559921101792458
2019-07-18,0.021513647666170678
2019-07-19,0.022908942802365547
2019-07-22,0.01737519723397892
2019-07-23,0.023711347012919725
2019-07-24,0.019825270442157365
2019-07-25,0.024190384027568557
2019-07-26,0.026686192379581836
2019-07-29,0.023844812235867353
2019-07-30,0.0205999107814505
2019-07-31,0.01901702649508008
2019-08-01,0.02920840078540817
2019-08-02,0.02883358224615504
2019-08-05,0.02624015019526138
2019-08-06,0.02046974277643593
2019-08-07,0.021262583125806516
2019-08-08,0.02387093035399865
2019-08-09,0.020282944503272643
2019-08-12,0.01878001084959951
2019-08-13,0.013650295759447765
2019-08-14,0.018033680741336846
2019-08-15,0.016272128959436152
2019-08-16,0.017917969958873868
2019-08-19,0.015584021293844048
2019-08-20,0.013775211278457546
2019-08-21,0.0142290679725279
2019-08-22,0.01309067518935976
2019-08-23,0.015384603704681424
2019-08-26,0.018476042904925567
2019-08-27,0.01634543585592968
2019-08-28,0.021021088465662568
2019-08-29,0.01904550452828027
2019-08-30,0.01964934817463513
2019-09-03,0.018737011482768982
2019-09-04,0.021150664608310145
2019-09-05,0.018659129604390375
2019-09-06,0.023739868030068948
2019-09-09,0.012463651138032533
2019-09-10,0.02699656143828162
2019-09-11,0.027089294452497907
2019-09-12,0.02130298507114481
2019-09-13,0.017554311143177417
2019-09-16,0.021100274132405596
2019-09-17,0.024801405905376057
2019-09-18,0.020276454100336034
2019-09-19,0.012618602270081433
2019-09-20,0.013275749300284592
2019-09-23,0.019030139368778124
2019-09-24,0.011462824062729526
2019-09-25,0.017186856111610884
2019-09-26,0.019168260474596875
2019-09-27,0.017535883679283458
2019-09-30,0.020014478875614555
2019-10-01,0.016979780624710415
2019-10-02,0.02285645351150104
2019-10-03,0.019610412473051248
2019-10-04,0.017157543699416924
2019-10-07,0.019871010335884225
2019-10-08,0.012489957481623988
2019-10-09,0.01783780755839081
2019-10-10,0.014005855749666153
2019-10-11,0.01698598129989197
2019-10-14,0.02044684358909499
2019-10-15,0.012964608572709261
2019-10-16,0.019735129675191324
2019-10-17,0.015504907407654856
2019-10-18,0.018486717880184043
2019-10-21,0.021851542564739607
2019-10-22,0.023299569204835016
2019-10-23,0.029864510846016153
2019-10-24,0.023772745494835844
2019-10-25,0.03405873090923475
2019-10-28,0.021634747288969268
2019-10-29,0.01728609484392436
2019-10-30,0.019675178276454305
2019-10-31,0.02429856446335757
2019-11-01,0.02106180509048041
2019-11-04,0.02332760752476717
2019-11-05,0.02794252020255736
2019-11-06,0.019747925075385427
2019-11-07,0.018142163853110183
2019-11-08,0.020774597964238167
2019-11-11,0.015461340434348075
2019-11-12,0.014796044365843055
2019-11-13,0.015080551000050652
2019-11-14,0.01982554182871181
2019-11-15,0.015921958861789418
2019-11-18,0.02039696299010592
2019-11-19,0.01829084211561878
2019-11-20,0.02089329841569259
2019-11-21,0.022209146664727376
2019-11-22,0.027502487360575156
2019-11-25,0.01753516300322097
2019-11-26,0.0195459522211365
2019-11-27,0.021005642671871633
2019-11-29,0.01573157380848614
2019-12-02,0.012225611890887781
2019-12-03,0.020932113648133625
2019-12-04,0.026486521478049974
2019-12-05,0.017112821864367432
2019-12-06,0.01519699393126662
2019-12-09,0.016872512956326056
2019-12-10,0.01783658084925323
2019-12-11,0.018044543998096216
2019-12-12,0.01891353228932803
2019-12-13,0.025032932566704365
2019-12-16,0.019400213842641727
2019-12-17,0.01790986525705613
2019-12-18,0.015983047439162915
2019-12-19,0.016572786227843264
2019-12-20,0.015632818870994734
2019-12-23,0.01620578026864583
2019-12-24,0.01630220998168228
2019-12-26,0.010925502046299617
2019-12-27,0.011866397773947643
2019-12-30,0.009996668211522747
2019-12-31,0.010957234013782149
2020-01-02,0.0070512984175751785
2020-01-03,0.17595981294122354
2020-01-06,0.010951755693252133
2020-01-07,0.010126808531238686
2020-01-08,0.011341106097959007
2020-01-09,0.012042758086684913
2020-01-10,0.011471458608168617
2020-01-13,0.00941042550585787
2020-01-14,0.013377982933181895
2020-01-15,0.009729655116372546
2020-01-16,0.01414648019762196
2020-01-17,0.011326985216712042
2020-01-21,0.0104568508790563
2020-01-22,0.014028646003357619
2020-01-23,0.010036373513580688
2020-01-24,0.01433653245206281
2020-01-27,0.013733425027429953
2020-01-28,0.016257156298720384
2020-01-29,0.01319988248049735
2020-01-30,0.014231135754949765
2020-01-31,0.017232308722108715
2020-02-03,0.013923358247074073
2020-02-04,0.016601997410032047
2020-02-05,0.014672792123175828
2020-02-06,0.019464086193989722
2020-02-07,0.0168410542099131
2020-02-10,0.014998849615935162
2020-02-11,0.013239930640252794
2020-02-12,0.01309023820742676
2020-02-13,0.013629096354923573
2020-02-14,0.013108068710759709
2020-02-18,0.014112687419544946
2020-02-19,0.011863113912941859
2020-02-20,0.012820706299154688
2020-02-21,0.010995272825952978
2020-02-24,0.013226558387277158
2020-02-25,0.018406174464032594
2020-02-26,0.015804020319242343
2020-02-27,0.016849401841337073
2020-02-28,0.01850300139390692
2020-03-02,0.0228421871623379
2020-03-03,0.02220119630355781
2020-03-04,0.018863408752699002
2020-03-05,0.024871645446970847
2020-03-06,0.022839074775846804
2020-03-09,0.025104479707583234
2020-03-10,0.0547441129563001
2020-03-11,0.02438180606211767
2020-03-12,0.02951388222473772
2020-03-13,0.03814551447829313
2020-03-16,0.034887846298687714
2020-03-17,0.052928392736279514
2020-03-18,0.04726946913830529
2020-03-19,0.06376325405081516
2020-03-20,0.04980128952185707
2020-03-23,0.040668813406594215
2020-03-24,0.04446597818175094
2020-03-25,0.057498968071425856
2020-03-26,0.044737302510935495
2020-03-27,0.030099537138421305
2020-03-30,0.028987891995702914
2020-03-31,0.026974590809388778
2020-04-01,0.027428597362945825
2020-04-02,0.02903652627815194
2020-04-03,0.035519112784052384
2020-04-06,0.03364504614864121
2020-04-07,0.03204369576427491
2020-04-08,0.02384364158073212
2020-04-09,0.0258975446249853
2020-04-13,0.029834801708229275
2020-04-14,0.02307330445558615
2020-04-15,0.02182501515641674
2020-04-16,0.02476996110050273
2020-04-17,0.03427517904816238
2020-04-20,0.03199856070973233
2020-04-21,0.01955199256274103
2020-04-22,0.017413268725945865
2020-04-23,0.025681084360529453
2020-04-24,0.02072048095820203
2020-04-27,0.015081402490438007
2020-04-28,0.018703442581217887
2020-04-29,0.02635659630654015
2020-04-30,0.03597682802459188
2020-05-01,0.021745322944235233
2020-05-04,0.02270954677713567
2020-05-05,0.02040541640265079
2020-05-06,0.019291861134994377
2020-05-07,0.02057522315856418
2020-05-08,0.021149681322385976
2020-05-11,0.02394431616832928
2020-05-12,0.032532316154851665
2020-05-13,0.019699625445535555
2020-05-14,0.0237344083967342
2020-05-15,0.01701115733868829
2020-05-18,0.020238905586155882
2020-05-19,0.036207528486602664
2020-05-20,0.017117189976560906
2020-05-21,0.020254821412458456
2020-05-22,0.017106070846509305
2020-05-26,0.013270201396655985
2020-05-27,0.03125846275806472
2020-05-28,0.021429054341266945
2020-05-29,0.02141525552532963
2020-06-01,0.020528282324706555
2020-06-02,0.020177229309981982
2020-06-03,0.016080449422942518
2020-06-04,0.025814203599181126
2020-06-05,0.03125499182544425
2020-06-08,0.03173276770478351
2020-06-09,0.03129690341094925
2020-06-10,0.02169097700090471
2020-06-11,0.027202493862845796
2020-06-12,0.029346721208577366
2020-06-15,0.02272819281332528
2020-06-16,0.014789797217555446
2020-06-17,0.013320126504830944
2020-06-18,0.0153980662184004
2020-06-19,0.012483591066998522
2020-06-22,0.017451218048065105
2020-06-23,0.015938189393608648
2020-06-24,0.012438810274756084
2020-06-25,0.018601476864218015
2020-06-26,0.014769589442981703
2020-06-29,0.020691861194474234
2020-06-30,0.016467420863883035
2020-07-01,0.015492789280717005
2020-07-02,0.019392067859779927
2020-07-06,0.010530430021103822
2020-07-07,0.015444008141850278
2020-07-08,0.020402398599243688
2020-07-09,0.014833304201744724
2020-07-10,0.024219592560111768
2020-07-13,0.021558853101343995
2020-07-14,0.018062772067314027
2020-07-15,0.018240423510723046
2020-07-16,0.020426082346266933
2020-07-17,0.012336716229064527
2020-07-20,0.017819072190777507
2020-07-21,0.02073171677492415
2020-07-22,0.02015872741811895
2020-07-23,0.012691172627890048
2020-07-24,0.017344313837293582
2020-07-27,0.013996906891979834
2020-07-28,0.01639504113429139
2020-07-29,0.01506893537127348
2020-07-30,0.01957336767681236
2020-07-31,0.018685846057822805
2020-08-03,0.016265744245419184
2020-08-04,0.015392683802081655
2020-08-05,0.015841079775949507
2020-08-06,0.01813158768220486
2020-08-07,0.014048271564105791
2020-08-10,0.016667672273767645
2020-08-11,0.022970806659851857
2020-08-12,0.0199669183973528
2020-08-13,0.01485654345561142
2020-08-14,0.013327637612691678
2020-08-17,0.009885976857274492
2020-08-18,0.018209089307012462
2020-08-19,0.011989601851181938
2020-08-20,0.010325874559301946
2020-08-21,0.014738422483520851
2020-08-24,0.01253421962142633
2020-08-25,0.021068052773059603
2020-08-26,0.012511615797495726
2020-08-27,0.01832377431447272
2020-08-28,0.015073518620618481
2020-08-31,0.014870903205063565
2020-09-01,0.013769827766949972
2020-09-02,0.017382206550117407
2020-09-03,0.01479128320918938
2020-09-04,0.018911578488702036
2020-09-08,0.016711140618555942
2020-09-09,0.021562874543682692
2020-09-10,0.015626206359112573
2020-09-11,0.01641888234742831
2020-09-14,0.015889112990248574
2020-09-15,0.014021271081567274
2020-09-16,0.015052381180491596
2020-09-17,0.02175751752165631
2020-09-18,0.013083618002103527
2020-09-21,0.012107519662148084
2020-09-22,0.022590515031679657
2020-09-23,0.017171600915485863
2020-09-24,0.01592285768337584
2020-09-25,0.013496812527790827
2020-09-28,0.014803803070524809
2020-09-29,0.011471897157905801
2020-09-30,0.016990578623569043
2020-10-01,0.013835503479468521
2020-10-02,0.016487061768324235
2020-10-05,0.017127617699128746
2020-10-06,0.013479420664954396
2020-10-07,0.012373089801094065
2020-10-08,0.010881433201697936
2020-10-09,0.013903063901723696
2020-10-12,0.01438317194774279
2020-10-13,0.012376304644934154
2020-10-14,0.015612278381482695
2020-10-15,0.012935538155482266
2020-10-16,0.017686182459744522
2020-10-19,0.01747363321787676
2020-10-20,0.013080214265360877
2020-10-21,0.014208390012537982
2020-10-22,0.014788794496572716
2020-10-23,0.02593907482402525
2020-10-26,0.011914720180439119
2020-10-27,0.014116193462300843
2020-10-28,0.01610714970196179
2020-10-29,0.016655494374372137
2020-10-30,0.0184258654831603
2020-11-02,0.02054987885675592
2020-11-03,0.01862405680944726
2020-11-04,0.01745789319286713
2020-11-05,0.03232097342317955
2020-11-06,0.02029477220401124
2020-11-09,0.0177748699878255
2020-11-10,0.06497390783406086
2020-11-11,0.026064723251260462
2020-11-12,0.02100186143546623
2020-11-13,0.01429017705767871
2020-11-16,0.0201027157644948
2020-11-17,0.025098159737458808
2020-11-18,0.016776564271688325
2020-11-19,0.01581063485238413
2020-11-20,0.01515825612637656
2020-11-23,0.011863659839869964
2020-11-24,0.025371150303956765
2020-11-25,0.024223185037783
2020-11-27,0.015997839114976597
2020-11-30,0.011760930431218833
2020-12-01,0.01969061909849957
2020-12-02,0.013485616403824183
2020-12-03,0.017681681962253143
2020-12-04,0.01625039036987122
2020-12-07,0.020479695100155647
2020-12-08,0.016482915142882568
2020-12-09,0.01337169910686806
2020-12-10,0.01482077867622091
2020-12-11,0.01888341289376353
2020-12-14,0.01215902634673973
2020-12-15,0.016295330313485026
2020-12-16,0.01468503085872679
2020-12-17,0.014743455947837159
2020-12-18,0.012130433572290333
2020-12-21,0.012901375334299052
2020-12-22,0.013582888351549645
2020-12-23,0.014534637645324353
2020-12-24,0.016260288732670533
2020-12-28,0.009399387733541108
2020-12-29,0.013055242480552728
2020-12-30,0.008405695196535041
2020-12-31,0.010861798666394026
2021-01-04,0.015644028769696946
2021-01-05,0.24899123791233624
2021-01-06,0.01926602202504987
2021-01-07,0.024877481271714373
2021-01-08,0.03613549046532541
2021-01-11,0.016533567648314977
2021-01-12,0.020731032681608946
2021-01-13,0.023849447384308584
2021-01-14,0.014806720181484243
2021-01-15,0.027120853251640636
2021-01-19,0.018580835332667946
2021-01-20,0.024764508840852257
2021-01-21,0.02139999416242562
2021-01-22,0.02115512407079259
2021-01-25,0.020958901531733062
2021-01-26,0.019269626430489257
2021-01-27,0.017823907430782816
2021-01-28,0.023065577733864973
2021-01-29,0.02583601202271608
2021-02-01,0.02182960150110159
2021-02-02,0.0195078128712613
2021-02-03,0.022365919868076768
2021-02-04,0.02338407518251477
2021-02-05,0.022852768072871094
2021-02-08,0.018214735957995876
2021-02-09,0.02140825560622783
2021-02-10,0.01786496567124582
2021-02-11,0.018301382880492875
2021-02-12,0.019484887975351486
2021-02-16,0.01984662180477688
2021-02-17,0.021659892250993622
2021-02-18,0.018405552509659785
2021-02-19,0.01768931127291789
2021-02-22,0.022811160696292153
2021-02-23,0.027586148344303098
2021-02-24,0.017691778801107456
2021-02-25,0.021663088272125722
2021-02-26,0.022992779530587967
2021-03-01,0.021779101076956082
2021-03-02,0.018705208738447256
2021-03-03,0.018724927294525642
2021-03-04,0.02454448386724902
2021-03-05,0.02299095956340438
2021-03-08,0.022949667992070873
2021-03-09,0.02881363399243979
2021-03-10,0.027304131992932155
2021-03-11,0.017931534822946973
2021-03-12,0.023437383344540683
2021-03-15,0.020869527179993456
2021-03-16,0.0215383638916919
2021-03-17,0.01841659105639986
2021-03-18,0.01687133074405752
2021-03-19,0.02332385177126811
2021-03-22,0.018334626867724933
2021-03-23,0.01973410451937936
2021-03-24,0.01941975649903608
2021-03-25,0.02072489979449632
2021-03-26,0.017591194693570924
2021-03-29,0.01859170896603272
2021-03-30,0.018360534090479542
2021-03-31,0.020676900115742837
2021-04-01,0.019278942413972246
2021-04-05,0.017492534822990305
2021-04-06,0.017517731134682125
2021-04-07,0.01709834679562555
2021-04-08,0.013779355240767913
2021-04-09,0.017338655648019674
2021-04-12,0.013520957665365818
2021-04-13,0.015585223742248161
2021-04-14,0.014293900620258978
2021-04-15,0.01604853889888104
2021-04-16,0.015848964309502493
2021-04-19,0.014463580334226924
2021-04-20,0.014378996840919995
2021-04-21,0.019641356635119053
2021-04-22,0.01892440920853113
2021-04-23,0.013899078969103484
2021-04-26,0.01488036398519999
2021-04-27,0.016709066519694546
2021-04-28,0.014855912983073446
2021-04-29,0.017597286938709246
2021-04-30,0.02139292339466956
2021-05-03,0.01786187886776333
2021-05-04,0.021022860320280844
2021-05-05,0.020185517111848225
2021-05-06,0.017529954343444454
2021-05-07,0.018261146008557685
2021-05-10,0.018135385484103917
2021-05-11,0.022933657349063954
2021-05-12,0.015266731686203926
2021-05-13,0.022217259347748746
2021-05-14,0.015626007772574255
2021-05-17,0.01977154020870832
2021-05-18,0.017997029050434266
2021-05-19,0.017257585916470676
2021-05-20,0.01784864783852087
2021-05-21,0.0189542251812699
2021-05-24,0.014794784833651948
2021-05-25,0.015795751667928418
2021-05-26,0.016976272964617317
2021-05-27,0.0161860686244945
2021-05-28,0.01437423001948777
2021-06-01,0.013937927967635835
2021-06-02,0.01611549635039193
2021-06-03,0.0165742366594848
2021-06-04,0.01897041883660525
2021-06-07,0.016521250833304326
2021-06-08,0.017688688542691282
2021-06-09,0.01477446173143842
2021-06-10,0.013861687168588243
2021-06-11,0.019106587885748393
2021-06-14,0.016195843511142505
2021-06-15,0.016272312061244718
2021-06-16,0.01837347339215212
2021-06-17,0.01725908028547662
2021-06-18,0.021964874291971376
2021-06-21,0.01587961655971268
2021-06-22,0.01730015393074925
2021-06-23,0.01552092797285786
2021-06-24,0.015978743166543585
2021-06-25,0.01640299721888865
2021-06-28,0.017901893136010177
2021-06-29,0.02048833083944622
2021-06-30,0.016854929479262582
2021-07-01,0.015354255114067837
2021-07-02,0.01426593786329853
2021-07-06,0.016023336881363988
2021-07-07,0.016889718010008797
2021-07-08,0.01943693495849666
2021-07-09,0.016220904429556978
2021-07-12,0.017508271740557864
2021-07-13,0.018597614719973878
2021-07-14,0.016385267128258947
2021-07-15,0.018681863773364983
2021-07-16,0.018249735248167285
2021-07-19,0.018325411907406164
2021-07-20,0.022856146573045452
2021-07-21,0.023246362729999057
2021-07-22,0.02384220781305388
2021-07-23,0.020115639890767624
2021-07-26,0.016974165514401653
2021-07-27,0.019362894825849027
2021-07-28,0.017281874184118227
2021-07-29,0.018066432744676418
2021-07-30,0.018727037688705424
2021-08-02,0.019361635290217904
2021-08-03,0.018649277227870444
2021-08-04,0.021212127771676317
2021-08-05,0.023250833144496504
2021-08-06,0.0235285248608575
2021-08-09,0.018160995454933253
2021-08-10,0.016355728392513164
2021-08-11,0.021534963262543665
2021-08-12,0.02050987825814321
2021-08-13,0.016379851623764978
2021-08-16,0.018244334735127397
2021-08-17,0.020326330730931465
2021-08-18,0.020131624481153694
2021-08-19,0.0143648444041601
2021-08-20,0.022795014833654384
2021-08-23,0.015034686826242778
2021-08-24,0.022255024585367586
2021-08-25,0.021974688022981435
2021-08-26,0.013885805933865066
2021-08-27,0.019164765035467487
2021-08-30,0.017912838551585927
2021-08-31,0.018683105735379082
2021-09-01,0.01459843865190771
2021-09-02,0.014703362621206304
2021-09-03,0.02101587307543117
2021-09-07,0.015168610534434506
2021-09-08,0.016867686149041373
2021-09-09,0.017003510633500807
2021-09-10,0.019056838224433464
2021-09-13,0.017450367836284834
2021-09-14,0.01947466603573198
2021-09-15,0.016678322024240272
2021-09-16,0.016807201121648352
2021-09-17,0.014801946983419637
2021-09-20,0.015965815565301224
2021-09-21,0.01533567288707779
2021-09-22,0.012885530542314148
2021-09-23,0.018777651057183733
2021-09-24,0.01770578942521569
2021-09-27,0.014422113566440218
2021-09-28,0.02109906726926017
2021-09-29,0.016893417960744048
2021-09-30,0.01795478881454541
2021-10-01,0.01959870218659271
2021-10-04,0.020470293199632325
2021-10-05,0.02009185941965664
2021-10-06,0.015430029692471597
2021-10-07,0.016191308971206908
2021-10-08,0.018203388065564104
2021-10-11,0.018739984505305833
2021-10-12,0.01839989516896827
2021-10-13,0.016522183194323293
2021-10-14,0.019202461009818858
2021-10-15,0.018289435620720246
2021-10-18,0.016735678328963992
2021-10-19,0.017896053435193286
2021-10-20,0.020135084707663852
2021-10-21,0.01710416372483163
2021-10-22,0.020286455492423413
2021-10-25,0.020665513726336116
2021-10-26,0.018623596297007987
2021-10-27,0.021333928102995996
2021-10-28,0.022145265728340698
2021-10-29,0.025322466482460455
2021-11-01,0.020679850261901882
2021-11-02,0.023225763385729747
2021-11-03,0.020622031822208488
2021-11-04,0.019215073502852016
2021-11-05,0.02449253786019901
2021-11-08,0.02457684126109138
2021-11-09,0.020753882331531533
2021-11-10,0.02077921156102199
2021-11-11,0.023001953252549938
2021-11-12,0.020703401712856083
2021-11-15,0.01940036889916471
2021-11-16,0.01754943070105566
2021-11-17,0.020992735095705248
2021-11-18,0.01935355178661048
2021-11-19,0.018446965389286425
2021-11-22,0.020929620500892688
2021-11-23,0.025339235457319295
2021-11-24,0.019437535146951693
2021-11-26,0.01796474557689347
2021-11-29,0.02293792062752501
2021-11-30,0.020610946190396974
2021-12-01,0.020302536831711272
2021-12-02,0.023268321335725185
2021-12-03,0.025343951426688546
2021-12-06,0.023555310994232075
2021-12-07,0.02117290117330621
2021-12-08,0.022612127751059984
2021-12-09,0.01705252786299983
2021-12-10,0.019149608531851808
2021-12-13,0.021660285720954447
2021-12-14,0.02760063470942037
2021-12-15,0.020289858867857592
2021-12-16,0.022096137861380614
2021-12-17,0.02749118537276935
2021-12-20,0.022973263834927826
2021-12-21,0.02144867688824657
2021-12-22,0.02517465539611806
2021-12-23,0.017942567294459456
2021-12-27,0.016241945164663357
2021-12-28,0.015970229242166935
2021-12-29,0.015253977555469742
2021-12-30,0.013795800990496342
2021-12-31,0.011365604756248166
2022-01-03,0.014952276180165848
2022-01-04,0.22412930108478338
2022-01-05,0.04109944041022813
2022-01-06,0.037318327704094406
2022-01-07,0.03492539593511626
2022-01-10,0.03264161375961906
2022-01-11,0.035100985565010914
2022-01-12,0.032671489116535224
2022-01-13,0.03199853255160959
2022-01-14,0.03846497022701155
2022-01-18,0.04163725737957334
2022-01-19,0.03918108898896744
2022-01-20,0.029146984929153127
2022-01-21,0.025632273791576787
2022-01-24,0.03624943452054043
2022-01-25,0.03308725117881143
2022-01-26,0.03867403928237303
2022-01-27,0.03425220168418491
2022-01-28,0.03716060220082887
2022-01-31,0.034966223488497004
2022-02-01,0.027205517467241466
2022-02-02,0.03175023234771979
2022-02-03,0.03931938158214834
2022-02-04,0.04187386689396293
2022-02-07,0.0319023781335953
2022-02-08,0.029986764502581337
2022-02-09,0.03981834363095693
2022-02-10,0.037312543907876666
2022-02-11,0.031711982397353136
2022-02-14,0.03936128927784287
2022-02-15,0.028181918228941148
2022-02-16,0.033761759557883714
2022-02-17,0.028763518585276624
2022-02-18,0.02790477250457479
2022-02-22,0.029117799596920246
2022-02-23,0.02734874048294919
2022-02-24,0.032700916246442745
2022-02-25,0.04838681641427141
2022-02-28,0.034072041288045196
2022-03-01,0.03591679710470711
2022-03-02,0.04620670581529371
2022-03-03,0.032902948196651606
2022-03-04,0.03451074159089763
2022-03-07,0.03961239486937991
2022-03-08,0.04112174547010688
2022-03-09,0.03612838063545426
2022-03-10,0.03296777228034809
2022-03-11,0.0253231999344273
2022-03-14,0.026092711067734458
2022-03-15,0.03480022368530338
2022-03-16,0.029799194048962467
2022-03-17,0.03226536978594538
2022-03-18,0.023884838357454252
2022-03-21,0.03997865498505422
2022-03-22,0.03142334537677249
2022-03-23,0.028165704905398332
2022-03-24,0.025169346269124815
2022-03-25,0.025014875833458496
2022-03-28,0.023564263337649716
2022-03-29,0.02328413890810548
2022-03-30,0.030294832300610818
2022-03-31,0.030877482616130148
2022-04-01,0.03403932599068239
2022-04-04,0.028294736214616742
2022-04-05,0.0326697668004652
2022-04-06,0.03503089806133938
2022-04-07,0.03929230337739646
2022-04-08,0.029483810798718015
2022-04-11,0.03213305595908
2022-04-12,0.02643137235087804
2022-04-13,0.02380043170525554
2022-04-14,0.03586518588980382
2022-04-18,0.03192629724674481
2022-04-19,0.03006410729247183
2022-04-20,0.03347674338959222
2022-04-21,0.04592782804054872
2022-04-22,0.03835106068298008
2022-04-25,0.032734305604799216
2022-04-26,0.02816644238240617
2022-04-27,0.04041510322347886
2022-04-28,0.04128619026902276
2022-04-29,0.041962847439079985
2022-05-02,0.035599073923927374
2022-05-03,0.03227149211870694
2022-05-04,0.03245080269959201
2022-05-05,0.030554099441644722
2022-05-06,0.03729172882598496
2022-05-09,0.032515584459258916
2022-05-10,0.03386818019151586
2022-05-11,0.031425071074844727
2022-05-12,0.03232146487622754
2022-05-13,0.03020697702140412
2022-05-16,0.03623308812517294
2022-05-17,0.027743327591142723
2022-05-18,0.03788159679738743
2022-05-19,0.04459453911030739
2022-05-20,0.03175431325067936
2022-05-23,0.029725828515027142
2022-05-24,0.026475296893692164
2022-05-25,0.03315862550747506
2022-05-26,0.029100491334340166
2022-05-27,0.03775598888304012
2022-05-31,0.03379444193963341
2022-06-01,0.04865554782228167
2022-06-02,0.025685518901496673
2022-06-03,0.02999275427904127
2022-06-06,0.028770589374726013
2022-06-07,0.02640368222440909
2022-06-08,0.026923221781489433
2022-06-09,0.028254438016698386
2022-06-10,0.03446419829958758
2022-06-13,0.03463856841289442
2022-06-14,0.04016086304818595
2022-06-15,0.03458890858005406
2022-06-16,0.035168264221303924
2022-06-17,0.046471137246940755
2022-06-21,0.055341966250096124
2022-06-22,0.02943806864276773
2022-06-23,0.02857639185762347
2022-06-24,0.0347467397198271
2022-06-27,0.04871439553569511
2022-06-28,0.022944365495391895
2022-06-29,0.03190058176298606
2022-06-30,0.030292665062462677
2022-07-01,0.02505617786863694
2022-07-05,0.031257392602713915
2022-07-06,0.034851967517588824
2022-07-07,0.02666592552437501
2022-07-08,0.028895501028261033
2022-07-11,0.02419424557943672
2022-07-12,0.03322937962514916
2022-07-13,0.028652742827417185
2022-07-14,0.022731390386430572
2022-07-15,0.02995745766954372
2022-07-18,0.03658479842041364
2022-07-19,0.032302228793445416
2022-07-20,0.033327037482818636
2022-07-21,0.032053360344864584
2022-07-22,0.04101904731549352
2022-07-25,0.03267069402078367
2022-07-26,0.029110400325114826
2022-07-27,0.04063100428606417
2022-07-28,0.04599835231389382
2022-07-29,0.04481153611737124
2022-08-01,0.04197960205928175
2022-08-02,0.03269630572909035
2022-08-03,0.030781399330410665
2022-08-04,0.04581808986531101
2022-08-05,0.0403805833732929
2022-08-08,0.027987431672541425
2022-08-09,0.025190453061537096
2022-08-10,0.03840416827501338
2022-08-11,0.028966129529855285
2022-08-12,0.02737011678005088
2022-08-15,0.028474431552531036
2022-08-16,0.028905693328202357
2022-08-17,0.031167794138362893
2022-08-18,0.028945255550999006
2022-08-19,0.03132824842259854
2022-08-22,0.03088288807290492
2022-08-23,0.028850087076618826
2022-08-24,0.03303698434402905
2022-08-25,0.028710472439210797
2022-08-26,0.03510468256405726
2022-08-29,0.03916988092767524
2022-08-30,0.025170167068676547
2022-08-31,0.020129028900368266
2022-09-01,0.032132632997305816
2022-09-02,0.031648189152812395
2022-09-06,0.025985893428521468
2022-09-07,0.03352761447091024
2022-09-08,0.032359198346595626
2022-09-09,0.03519730079137964
2022-09-12,0.028885613330316858
2022-09-13,0.028989088171355377
2022-09-14,0.034298913771202574
2022-09-15,0.03818684676572488
2022-09-16,0.04306063188807152
2022-09-19,0.061347407830037934
2022-09-20,0.026167227221434268
2022-09-21,0.031413791158832784
2022-09-22,0.0283179403529433
2022-09-23,0.032274000386767435
2022-09-26,0.03559371443022514
2022-09-27,0.03332008605029732
2022-09-28,0.02824955643046549
2022-09-29,0.043303216723754104
2022-09-30,0.03439280867276949
2022-10-03,0.03859604833725836
2022-10-04,0.03026247331668236
2022-10-05,0.03395675962301327
2022-10-06,0.024112925292174257
2022-10-07,0.02655779455608289
2022-10-10,0.03385105239419396
2022-10-11,0.03222580548298808
2022-10-12,0.03414186799620695
2022-10-13,0.030511968293998205
2022-10-14,0.03617116515772915
2022-10-17,0.03160624802564572
2022-10-18,0.035849257136909965
2022-10-19,0.0321061606364742
2022-10-20,0.03671346535054031
2022-10-21,0.035949053938538186
2022-10-24,0.03805558783618253
2022-10-25,0.03073222221198182
2022-10-26,0.032932765563148184
2022-10-27,0.04591670280245641
2022-10-28,0.044465244317846556
2022-10-31,0.05753281737355888
2022-11-01,0.03516872991876442
2022-11-02,0.03107304331156005
2022-11-03,0.042566778817528475
2022-11-04,0.052313758043390106
2022-11-07,0.04306352724669274
2022-11-08,0.031270968274698156
2022-11-09,0.0284681056166301
2022-11-10,0.03366080811917769
2022-11-11,0.04088092400672489
2022-11-14,0.0381798388503854
2022-11-15,0.03505319448151607
2022-11-16,0.03522985957004777
2022-11-17,0.046854971359291786
2022-11-18,0.03071314242029443
2022-11-21,0.027282656702427244
2022-11-22,0.032233369598202076
2022-11-23,0.029385977489511623
2022-11-25,0.028891076204692542
2022-11-28,0.020296595783570022
2022-11-29,0.03100029682168604
2022-11-30,0.029855556082122293
2022-12-01,0.05422750566451061
2022-12-02,0.03926549747529826
2022-12-05,0.02884003402524669
2022-12-06,0.03638869717205652
2022-12-07,0.03243904118494463
2022-12-08,0.028245425760804715
2022-12-09,0.03474513276023082
2022-12-12,0.031114969061785284
2022-12-13,0.025572398019708748
2022-12-14,0.04581525649327932
2022-12-15,0.03161643394894298
2022-12-16,0.030422874716777033
2022-12-19,0.056774089647209494
2022-12-20,0.026002243771720605
2022-12-21,0.02977676950706422
2022-12-22,0.024019110296438
2022-12-23,0.03378175833930114
2022-12-27,0.020406041097167028
2022-12-28,0.028621102754777826
2022-12-29,0.024121764438450287
2022-12-30,0.028698844216570596
2023-01-03,0.03728097937623908
2023-01-04,0.2062669093520641
2023-01-05,0.07824475039072162
2023-01-06,0.06270810923356795
2023-01-09,0.06614557727330278
2023-01-10,0.05685851997485058
2023-01-11,0.040373266459494586
2023-01-12,0.04418241611703806
2023-01-13,0.03757250476665441
2023-01-17,0.029003546247766798
2023-01-18,0.06269282868302213
2023-01-19,0.046772094319230184
2023-01-20,0.047700588110950175
2023-01-23,0.05047242464363494
2023-01-24,0.042514324009355745
2023-01-25,0.04994670879995276
2023-01-26,0.043826671709168416
2023-01-27,0.04594819143023298
2023-01-30,0.05019769744948092
2023-01-31,0.0404041116307975
2023-02-01,0.03436497829402326
2023-02-02,0.04832462502646689
2023-02-03,0.07377770386769286
2023-02-06,0.05979771680343468
2023-02-07,0.06599453114864279
2023-02-08,0.056537632115765346
2023-02-09,0.04914451788151439
2023-02-10,0.03756236753890639
2023-02-13,0.05447264044513707
2023-02-14,0.03565061436605864
2023-02-15,0.03651869053649799
2023-02-16,0.056540521656844464
2023-02-17,0.052990360068167486
2023-02-21,0.0506560051228077
2023-02-22,0.049452776513945834
2023-02-23,0.033166615581253375
2023-02-24,0.04826493715773954
2023-02-27,0.052747395896285194
2023-02-28,0.04330243999282926
2023-03-01,0.036121879395564396
2023-03-02,0.045591494380418096
2023-03-03,0.058953875225899996
2023-03-06,0.08425680205669384
2023-03-07,0.051202759039330845
2023-03-08,0.04809686239441459
2023-03-09,0.046420466414860785
2023-03-10,0.07095615832324831
2023-03-13,0.04615400318380987
2023-03-14,0.07215664127194096
2023-03-15,0.059613034729764494
2023-03-16,0.05207446072070037
2023-03-17,0.07260396465078915
2023-03-20,0.04925558812500028
2023-03-21,0.04032051812416175
2023-03-22,0.06598647074911831
2023-03-23,0.03340052520525058
2023-03-24,0.04432849118475906
2023-03-27,0.054582791034555295
2023-03-28,0.04281198246151352
2023-03-29,0.027457240703295013
2023-03-30,0.0510093018884131
2023-03-31,0.034062002128049294
2023-04-03,0.03863847100505709
2023-04-04,0.05185736742610976
2023-04-05,0.04936492481409331
2023-04-06,0.03634428262732635
2023-04-10,0.04708017709740584
2023-04-11,0.045591267172928884
2023-04-12,0.05182481335131964
2023-04-13,0.052042258411425554
2023-04-14,0.07290922975203958
2023-04-17,0.06106575306834028
2023-04-18,0.06173088203295893
2023-04-19,0.03752194481585166
2023-04-20,0.06055201782207101
2023-04-21,0.07065267415644874
2023-04-24,0.05747453849422424
2023-04-25,0.053227974596369264
2023-04-26,0.08201419842155623
2023-04-27,0.08711204491421982
2023-04-28,0.08017781573480695
2023-05-01,0.03741511763752602
2023-05-02,0.04678538639613692
2023-05-03,0.05773864444552035
2023-05-04,0.06811336848948152
2023-05-05,0.06383627461709056
2023-05-08,0.056209863785715734
2023-05-09,0.03970867765894099
2023-05-10,0.03298997567423958
2023-05-11,0.035783184570620644
2023-05-12,0.03699237374315089
2023-05-15,0.03893375820932046
2023-05-16,0.035926888286111416
2023-05-17,0.03656309262737918
2023-05-18,0.07830145915314486
2023-05-19,0.049673534067479444
2023-05-22,0.03152825764902606
2023-05-23,0.04125040187601922
2023-05-24,0.08427013457360574
2023-05-25,0.07915509483743856
2023-05-26,0.11334667365468908
2023-05-30,0.06880953167552988
2023-05-31,0.04199751117163998
2023-06-01,0.06665658200055834
2023-06-02,0.07833213266926772
2023-06-05,0.07456783038099271
2023-06-06,0.05428047959104235
2023-06-07,0.03456935484063768
2023-06-08,0.06603944664945896
2023-06-09,0.041044648320593714
2023-06-12,0.054862822172270925
2023-06-13,0.034355531651626185
2023-06-14,0.03296169588667888
2023-06-15,0.05990221801077833
2023-06-16,0.04910340909344086
2023-06-20,0.03302905760548072
2023-06-21,0.035511283339499156
2023-06-22,0.040437698373873905
2023-06-23,0.06202771307538406
2023-06-26,0.039999498140669235
2023-06-27,0.06280515683114457
2023-06-28,0.06003974882269551
2023-06-29,0.03687445371840639
2023-06-30,0.040524518527784326
2023-07-03,0.047657612688422765
2023-07-05,0.06082191005597972
2023-07-06,0.037533610542066526
2023-07-07,0.049098246780833736
2023-07-10,0.06293091731166714
2023-07-11,0.0384034488496635
2023-07-12,0.048152107405740135
2023-07-13,0.052447823240536096
2023-07-14,0.040861001254767215
2023-07-17,0.06323672467477463
2023-07-18,0.059568111185833335
2023-07-19,0.0575018321786789
2023-07-20,0.05018756693206464
2023-07-21,0.07870344213028704
2023-07-24,0.05985872116066277
2023-07-25,0.039506428396710744
2023-07-26,0.052567709617931016
2023-07-27,0.07929861884179686
2023-07-28,0.0702821013592007
2023-07-31,0.05194043218382268
2023-08-01,0.041257674736515086
2023-08-02,0.038184808498355774
2023-08-03,0.04972487125613219
2023-08-04,0.06494785133531793
2023-08-07,0.05759299917335901
2023-08-08,0.045737441496720044
2023-08-09,0.0492244048156834
2023-08-10,0.032235153787186076
2023-08-11,0.027800619276794596
2023-08-14,0.04461349777519756
2023-08-15,0.03942099177060324
2023-08-16,0.06728305737643955
2023-08-17,0.0387884449446725
2023-08-18,0.07764028088206895
2023-08-21,0.038495743885985756
2023-08-22,0.04381432093754374
2023-08-23,0.05451681793122259
2023-08-24,0.07991949273817114
2023-08-25,0.08617258125394235
2023-08-28,0.05424990646092775
2023-08-29,0.04407891108015473
2023-08-30,0.04535352284398159
2023-08-31,0.05660624253047335
2023-09-01,0.07872196174270599
2023-09-05,0.05789171344434153
2023-09-06,0.06787177282826795
2023-09-07,0.04905066773406024
2023-09-08,0.047195797258019076
2023-09-11,0.03496085040101475
2023-09-12,0.04316728872369835
2023-09-13,0.060335345000873834
2023-09-14,0.05194892289788146
2023-09-15,0.05099699261837338
2023-09-18,0.06325654845020427
2023-09-19,0.03357279639051447
2023-09-20,0.04169311949001872
2023-09-21,0.04490013616797084
2023-09-22,0.05689323320082392
2023-09-25,0.059269301172560775
2023-09-26,0.03186866760335659
2023-09-27,0.0406013258682528
2023-09-28,0.0585776558998357
2023-09-29,0.04209089871629319
2023-10-02,0.051361741763016805
2023-10-03,0.04807798997470196
2023-10-04,0.045273658973655866
2023-10-05,0.05190000927722468
2023-10-06,0.046246577308421986
2023-10-09,0.04451354546273284
2023-10-10,0.05069357038714481
2023-10-11,0.05129039394870574
2023-10-12,0.04728711090023226
2023-10-13,0.04826546343656082
2023-10-16,0.06393752530441657
2023-10-17,0.037626920381690285
2023-10-18,0.0296158798667168
2023-10-19,0.057838061809615815
2023-10-20,0.0728863567565913
2023-10-23,0.04238003096939076
2023-10-24,0.02871366732630747
2023-10-25,0.06260188101958766
2023-10-26,0.08654752840924707
2023-10-27,0.07295956103773976
2023-10-30,0.0687440626842457
2023-10-31,0.05689140961055469
2023-11-01,0.04058154284859024
2023-11-02,0.06179712143067756
2023-11-03,0.07130337316089767
2023-11-06,0.062186932362760856
2023-11-07,0.04338764512642478
2023-11-08,0.030192042225470932
2023-11-09,0.042636848289283734
2023-11-10,0.047293753998196006
2023-11-13,0.05231698682951796
2023-11-14,0.029219198803289576
2023-11-15,0.05629833318652987
2023-11-16,0.06012087044450564
2023-11-17,0.05614150605112565
2023-11-20,0.045223076875945435
2023-11-21,0.02707044968143909
2023-11-22,0.04694637814330697
2023-11-24,0.07844000318900451
2023-11-27,0.07034626991648275
2023-11-28,0.07122384680944004
2023-11-29,0.05473877364976245
2023-11-30,0.04749210365563088
2023-12-01,0.05860574051134061
2023-12-04,0.07801176378541821
2023-12-05,0.05271042889632465
2023-12-06,0.0497670441040265
2023-12-07,0.04395308414141623
2023-12-08,0.05334237211479591
2023-12-11,0.05376265856621355
2023-12-12,0.04499799810849249
2023-12-13,0.05005680554232421
2023-12-14,0.07941908050117447
2023-12-15,0.1280306262480457
2023-12-18,0.06085517824748243
2023-12-19,0.038285816039804146
2023-12-20,0.030517075453344963
2023-12-21,0.05954663502059445
2023-12-22,0.04176409103931734
2023-12-26,0.03143881474573575
2023-12-27,0.02054012816489746
2023-12-28,0.024542287509351828
2023-12-29,0.03263593193035299
2024-01-02,0.009881022375026685
2024-01-03,0.2581166374727164
2024-01-04,0.01624941171798378
2024-01-05,0.013446448700708165
2024-01-08,0.013146890308551642
2024-01-09,0.016676505662361406
2024-01-10,0.01163907433818867
2024-01-11,0.01123370507476099
2024-01-12,0.012835284121240855
2024-01-16,0.01698475917399474
2024-01-17,0.015221093613484622
2024-01-18,0.011488569240619313
2024-01-19,0.0159592761125371
2024-01-22,0.01642786902876279
2024-01-23,0.01584331713407362
2024-01-24,0.014393483739032096
2024-01-25,0.017277665583537355
2024-01-26,0.019933433141111172
2024-01-29,0.015719019464153973
2024-01-30,0.01035420037462069
2024-01-31,0.016607360474469417
2024-02-01,0.01675195585033052
2024-02-02,0.012685388020248687
2024-02-05,0.0171497123437962
2024-02-06,0.015435771198420635
2024-02-07,0.016838423714010807
2024-02-08,0.015377736402406732
2024-02-09,0.014908146284653367
2024-02-12,0.014124893699443128
2024-02-13,0.012743185280639384
2024-02-14,0.015090316096803315
2024-02-15,0.012888575584976164
2024-02-16,0.015047402396352643
2024-02-20,0.013037751501181026
2024-02-21,0.012537083339942575
2024-02-22,0.01258996117981888
2024-02-23,0.01713834450225131
2024-02-26,0.009664599251302319
2024-02-27,0.016169941090362294
2024-02-28,0.011704406112610453
2024-02-29,0.01100128662376801
2024-03-01,0.014434856346122845
2024-03-04,0.013182952995174378
2024-03-05,0.016740202401844678
2024-03-06,0.01699757507567718
2024-03-07,0.013707482817442634
2024-03-08,0.016247823105024754
2024-03-11,0.016617545765485686
2024-03-12,0.016283348898117517
2024-03-13,0.013440431595445095
2024-03-14,0.016018336955216674
2024-03-15,0.014385202165209684
2024-03-18,0.013343570801154862
2024-03-19,0.01306543662335228
2024-03-20,0.012440258222676361
2024-03-21,0.015181599266404205
2024-03-22,0.013774177493250255
2024-03-25,0.01223611091874846
2024-03-26,0.012845976097509362
2024-03-27,0.01044144004573498
2024-03-28,0.012658927173821319
2024-04-01,0.011128275717542317
2024-04-02,0.012989329941558245
2024-04-03,0.016764929516299848
2024-04-04,0.01693923539583721
2024-04-05,0.013559985880292223
2024-04-08,0.013878459941562336
2024-04-09,0.013112729160452991
2024-04-10,0.013711164243083005
2024-04-11,0.014979263719541665
2024-04-12,0.013722688491152758
2024-04-15,0.014035249749043771
2024-04-16,0.012469709089356917
2024-04-17,0.01313205380635101
2024-04-18,0.015654701205016063
2024-04-19,0.013663340396678238
2024-04-22,0.01703373056219988
2024-04-23,0.01281517533589485
2024-04-24,0.015060026614811487
2024-04-25,0.015953148591156735
2024-04-26,0.02080345372078272
2024-04-29,0.013985837454189194
2024-04-30,0.01454185751700856
2024-05-01,0.016992672362953133
2024-05-02,0.017896700003783378
2024-05-03,0.01746254880282356
2024-05-06,0.026727363630495493
2024-05-07,0.013154128770777603
2024-05-08,0.016045240664505724
2024-05-09,0.013375099983227959
2024-05-10,0.01253867607023323
2024-05-13,0.01369603014881832
2024-05-14,0.013830770655352445
2024-05-15,0.011368459347622309
2024-05-16,0.015554683016673537
2024-05-17,0.012380090277389972
2024-05-20,0.012295559945761276
2024-05-21,0.014759530236807147
2024-05-22,0.01214467974210328
2024-05-23,0.016707594012212664
2024-05-24,0.015037413085622585
2024-05-28,0.01432108276675623
2024-05-29,0.016003398637369617
2024-05-30,0.015237986053259517
2024-05-31,0.01858169901330836
2024-06-03,0.01612238428766877
2024-06-04,0.016048251624754206
2024-06-05,0.014649144783041353
2024-06-06,0.014271168426390347
2024-06-07,0.012667215061671122
2024-06-10,0.01243728499862059
2024-06-11,0.013149838176210588
2024-06-12,0.011565357486739303
2024-06-13,0.0167790002957185
2024-06-14,0.014795053424754054
2024-06-17,0.016220660882091186
2024-06-18,0.014745108988782117
2024-06-20,0.013146183089913919
2024-06-21,0.016029028696504532
2024-06-24,0.013835191910133934
2024-06-25,0.014313240303429856
2024-06-26,0.01322171344728075
2024-06-27,0.010279553202987665
2024-06-28,0.011440138258986078
2024-07-01,0.017342244028440566
2024-07-02,0.014379598844785539
2024-07-03,0.010578230604728754
2024-07-05,0.01215374715860966
2024-07-08,0.013649411695643578
2024-07-09,0.013132623559025704
2024-07-10,0.014407252122851981
2024-07-11,0.013896111104864498
2024-07-12,0.019556943809229184
2024-07-15,0.015042077331163747
2024-07-16,0.017061861378851885
2024-07-17,0.01645540537109464
2024-07-18,0.02280229502954318
2024-07-19,0.014554634411517022
2024-07-22,0.015060838504875183
2024-07-23,0.017237397035852624
2024-07-24,0.01752440939989553
2024-07-25,0.02414061980008659
2024-07-26,0.024425227447520022
2024-07-29,0.019773689138807293
2024-07-30,0.01695483840936702
2024-07-31,0.016328657762995656
2024-08-01,0.024356624877213667
2024-08-02,0.026854218177244003
2024-08-05,0.030853245870421767
2024-08-06,0.016113521856540962
2024-08-07,0.0191507191729334
2024-08-08,0.02100174395206126
2024-08-09,0.019494444691874776
2024-08-12,0.014212455395092966
2024-08-13,0.014115411703311868
2024-08-14,0.015572390687559574
2024-08-15,0.013580043662230958
2024-08-16,0.019636115033021262
2024-08-19,0.009340550917402546
2024-08-20,0.010580280315549041
2024-08-21,0.014070436187766079
2024-08-22,0.010675427809313829
2024-08-23,0.011877336023795058
2024-08-26,0.017503461404643046
2024-08-27,0.012015535596299299
2024-08-28,0.010984907700399466
2024-08-29,0.012654230434840484
2024-08-30,0.013554317494092505
2024-09-03,0.011786254262125644
2024-09-04,0.022304208653712153
2024-09-05,0.015433716956246128
2024-09-06,0.01452968495219318
2024-09-09,0.01476932299347223
2024-09-10,0.014506933459682727
2024-09-11,0.015672311561840943
2024-09-12,0.019977363057105964
2024-09-13,0.017230550202538122
2024-09-16,0.013650580001442255
2024-09-17,0.012715843403176868
2024-09-18,0.013998043875992166
2024-09-19,0.011767260037291217
2024-09-20,0.016550124316180616
2024-09-23,0.012095897381776792
2024-09-24,0.05284740855945121
2024-09-25,0.015209518707253223
2024-09-26,0.015563639308837557
2024-09-27,0.02171645873935589
2024-09-30,0.015752678302056542
2024-10-01,0.012822668156036351
2024-10-02,0.018743583095188192
2024-10-03,0.01336175956455238
2024-10-04,0.012436377250225193
2024-10-07,0.013804769692430425
2024-10-08,0.014395807188883218
2024-10-09,0.015680495718039436
2024-10-10,0.012087278479851101
2024-10-11,0.013459423869449174
2024-10-14,0.01328469405746543
2024-10-15,0.011796276218040275
2024-10-16,0.022856961759396027
2024-10-17,0.016988832501827943
2024-10-18,0.015266673392870937
2024-10-21,0.013842533408806795
2024-10-22,0.012908538607728677
2024-10-23,0.016021377266292304
2024-10-24,0.01298263646163933
2024-10-25,0.01738526671074509
2024-10-28,0.012995930145563588
2024-10-29,0.013142560242805374
2024-10-30,0.01610013458923555
2024-10-31,0.013167512069392415
2024-11-01,0.023046828223879684
2024-11-04,0.017136373569930488
2024-11-05,0.015402116471865897
2024-11-06,0.013749114161018042
2024-11-07,0.037198923784397306
2024-11-08,0.021950827655032958
2024-11-11,0.019277264946507416
2024-11-12,0.02082934145184474
2024-11-13,0.01818383884982279
2024-11-14,0.015339729870553298
2024-11-15,0.01760244816907974
2024-11-18,0.02058795803981224
2024-11-19,0.016367742127340386
2024-11-20,0.01696247699598733
2024-11-21,0.01620258742461997
2024-11-22,0.012671229816818414
2024-11-25,0.03389961312736326
2024-11-26,0.01746080045909918
2024-11-27,0.01599761806753333
2024-11-29,0.011793575437216939
2024-12-02,0.009685798215590298
2024-12-03,0.013990383153547939
2024-12-04,0.013049785150175935
2024-12-05,0.01670555849846436
2024-12-06,0.018786198953369485
2024-12-09,0.014294646878933764
2024-12-10,0.01843314328376769
2024-12-11,0.015057400441884776
2024-12-12,0.015786843583336044
2024-12-13,0.014636465428056633
2024-12-16,0.01104665304940936
2024-12-17,0.014752557050899133
2024-12-18,0.013568350425691043
2024-12-19,0.01665660964391729
2024-12-20,0.017321741230351018
2024-12-23,0.015761943426740886
2024-12-24,0.01532664408349122
2024-12-26,0.010047534674179173
2024-12-27,0.007323076240174668
2024-12-30,0.00885622504181107
2024-12-31,0.008368951387692065
2025-01-02,0.0077726403288776
2025-01-03,0.17984662227114528
2025-01-06,0.01276863573896735
2025-01-07,0.015983454592908505
2025-01-08,0.015206625614340986
2025-01-10,0.013530031661361599
2025-01-13,0.01788581508072297
2025-01-14,0.017283545482855538
2025-01-15,0.013576929914995876
2025-01-16,0.01664978452124699
2025-01-17,0.01500333040525273
2025-01-21,0.013958331993650984
2025-01-22,0.014848458884870908
2025-01-23,0.014996036126794622
2025-01-24,0.014021087849379714
2025-01-27,0.012204890665650017
2025-01-28,0.029885868446876088
2025-01-29,0.019199470766971205
2025-01-30,0.011849221068341333
2025-01-31,0.01860810653461858
2025-02-03,0.012172466038338764
2025-02-04,0.0169823274175186
2025-02-05,0.018563388663209668
2025-02-06,0.015443726793035177
2025-02-07,0.018580209242840595
2025-02-10,0.01331572963701493
2025-02-11,0.020897517582784096
2025-02-12,0.017300682922816477
2025-02-13,0.017107267510302476
2025-02-14,0.01563255380521761
2025-02-18,0.0181506552634792
2025-02-19,0.020472508964975607
2025-02-20,0.018005822368278017
2025-02-21,0.015590224148001913
2025-02-24,0.021273053713418526
2025-02-25,0.01689780468549609
2025-02-26,0.0186028860141213
2025-02-27,0.019657804355730266
2025-02-28,0.02184470419081034
2025-03-03,0.011348345270625011
2025-03-04,0.01938724081421375
2025-03-05,0.020825232579077202
2025-03-06,0.01992281228405734
2025-03-07,0.02085758413585761
2025-03-10,0.020020870586667325
2025-03-11,0.02846692098204682
2025-03-12,0.02232707694423738
2025-03-13,0.019131680716577053
2025-03-14,0.021931294583971327
2025-03-17,0.016858881368643486
2025-03-18,0.01230827114320939
2025-03-19,0.014487856136336283
2025-03-20,0.013347889067301309
2025-03-21,0.010181823491815158
2025-03-24,0.014197633099983283
2025-03-25,0.015079971531462505
2025-03-26,0.013267314515255108
2025-03-27,0.01789623260756213
2025-03-28,0.014195275631154077
2025-03-31,0.017636982416552927
2025-04-01,0.013971781947445711
2025-04-02,0.013517554686227014
2025-04-03,0.011677237378859824
2025-04-04,0.04762634703421974
2025-04-07,0.024910608791585492
2025-04-08,0.022089837886302886
2025-04-09,0.024618040857733166
2025-04-10,0.04149227806440703
2025-04-11,0.02938264384433876
2025-04-14,0.015112251488481379
2025-04-15,0.013438644543191595
2025-04-16,0.01394918567777552
2025-04-17,0.014489720121030478
2025-04-21,0.020176657059847433
2025-04-22,0.0150343095811897
2025-04-23,0.01326960802454738
2025-04-24,0.01847850475795278
2025-04-25,0.021581766695539652
2025-04-28,0.015455364128201605
2025-04-29,0.007834274104613764
2025-04-30,0.013559836933540593
2025-05-01,0.015295179119191914
2025-05-02,0.014031956367830879
2025-05-05,0.013504281209238519
2025-05-06,0.013905885105426579
2025-05-07,0.017590679763696136
2025-05-08,0.011977839918028556
2025-05-09,0.018807823989001084
2025-05-12,0.01390077119499315
2025-05-13,0.027390524700506756
2025-05-14,0.025407094213573636
2025-05-15,0.02089200693117322
2025-05-16,0.018262345422748193
2025-05-19,0.013657280286300692
2025-05-20,0.013464420776601175
2025-05-21,0.011611230824316187
2025-05-22,0.012814509792799878
2025-05-23,0.014458754333027804
2025-05-27,0.013165963118858297
2025-05-28,0.01222736861647723
2025-05-29,0.011805964816281472
2025-05-30,0.010974022650954474
2025-06-02,0.016732551857441744
2025-06-03,0.012432873129440837
2025-06-04,0.01716734917297967
2025-06-05,0.011881502873670428
2025-06-06,0.013892723699347607
2025-06-09,0.012635738909560117
2025-06-10,0.012920404934066484
2025-06-11,0.01483215369967074
2025-06-12,0.013945108445488796
2025-06-13,0.011173333227257144
2025-06-16,0.01704773013799701
2025-06-17,0.018435225414083222
2025-06-18,0.014874437923384658
2025-06-20,0.01227286452911906
2025-06-23,0.013077231688612948
2025-06-24,0.015601137076661433
2025-06-25,0.01746538914991897
2025-06-26,0.013821577381262022
2025-06-27,0.015305907995757668
2025-06-30,0.013642645920686933
2025-07-01,0.014484216895304044
2025-07-02,0.017112870660148556
2025-07-03,0.019653592583011296
2025-07-07,0.010986723368057406
2025-07-08,0.012066626498455305
2025-07-09,0.016765129578857466
2025-07-10,0.011905822121889249
2025-07-11,0.014364558928598482
2025-07-14,0.012442780161718908
2025-07-15,0.012530102392861297
2025-07-16,0.015160978803255327
2025-07-17,0.01163057992702899
2025-07-18,0.014020833844782348
2025-07-21,0.013180154006222316
2025-07-22,0.010133535911306554
2025-07-23,0.019447377122964314
2025-07-24,0.018437860678348843
2025-07-25,0.01689903099938103
2025-07-28,0.01485903794308782
2025-07-29,0.01541808556249612
2025-07-30,0.01689997605911395
2025-07-31,0.01712723444840722
2025-08-01,0.020239859170709914
2025-08-04,0.01762230396025837
2025-08-05,0.01552837315768676
2025-08-06,0.0159836042739674
2025-08-07,0.01898569882187433
2025-08-08,0.017048050730080436
2025-08-11,0.01383917019074361
2025-08-12,0.012955257055227352
2025-08-13,0.017608348376578417
2025-08-14,0.017303288159904395
2025-08-15,0.014089959783671016
2025-08-18,0.017133809170980452
2025-08-19,0.010029781781830768
2025-08-20,0.015785932766628853
2025-08-21,0.013855442455577124
2025-08-22,0.009871469856437113
2025-08-25,0.0201718079446505
2025-08-26,0.01085987374406698
2025-08-27,0.012031269195888018
2025-08-28,0.009535712579135283
2025-08-29,0.010435319978807027
2025-09-02,0.01367507140124032
2025-09-03,0.011919065818962137
2025-09-04,0.01112101220817046
2025-09-05,0.012792198438069276
2025-09-08,0.017342811563029335
2025-09-09,0.01258890340842328
2025-09-10,0.01493958657417279
2025-09-11,0.020556340305896426
2025-09-12,0.014742273783922274
2025-09-15,0.013850279399687748
2025-09-16,0.015193325982760776
2025-09-17,0.014296382898165507
2025-09-18,0.012133971106075812
2025-09-19,0.020292920789730037
2025-09-22,0.013050444979581194
2025-09-23,0.03597433425571048
2025-09-24,0.013656314584498286
2025-09-25,0.014733744662577293
2025-09-26,0.016418916168906707
2025-09-29,0.010604596541315004
2025-09-30,0.01242874238011301
2025-10-01,0.016437970442789572
2025-10-02,0.026511788142276657
2025-10-03,0.015133490783424706
2025-10-06,0.01374596835665237
2025-10-07,0.01780558952750259
2025-10-08,0.014652252991528553
2025-10-09,0.01642672141137095
2025-10-10,0.01332800246621995
2025-10-13,0.02044633865560478
2025-10-14,0.018958414139479643
2025-10-15,0.016065936978824323
2025-10-16,0.014903183367852015
2025-10-17,0.016186663900092435
2025-10-20,0.014491506467755473
2025-10-21,0.014783362341455171
2025-10-22,0.016185885263875766
2025-10-23,0.015527878234717199
2025-10-24,0.01665632253125595
2025-10-27,0.01657938698873273
2025-10-28,0.01411304090447241
2025-10-29,0.01805761267402623
2025-10-30,0.019303638756712323
2025-10-31,0.025511651157038136
2025-11-03,0.016027173321900914
2025-11-04,0.01888243782880517
2025-11-05,0.02318947581653784
2025-11-06,0.018186222153564996
2025-11-07,0.016506929120398993
2025-11-10,0.01442072831575644
2025-11-11,0.01469596531571604
2025-11-12,0.016786918504731775
2025-11-13,0.015752500712911587
2025-11-14,0.0185263095809231
2025-11-17,0.0144203243988092
2025-11-18,0.016891194933403977
2025-11-19,0.013590009963187984
2025-11-20,0.01767855902544707
2025-11-21,0.019139851440359686
2025-11-24,0.015128623997306336
2025-11-25,0.019489221111946807
2025-11-26,0.013389461021067821
2025-11-28,0.013851427066774006
2025-12-01,0.010223515940679904
2025-12-02,0.013975324672367062
2025-12-03,0.01475579336962643
2025-12-04,0.01923387406000375
2025-12-05,0.014613088242406851
2025-12-08,0.013501788336532226
2025-12-09,0.014092671089184435
2025-12-10,0.013400467017119728
2025-12-11,0.0185743002782243
2025-12-12,0.016344064997082082
2025-12-15,0.018448973863108037
2025-12-16,0.01644459881140891
2025-12-17,0.01532800469561462
2025-12-18,0.018620284913488095
2025-12-19,0.013537648767143775
2025-12-22,0.01775063044411867
2025-12-23,0.011606185088546394
2025-12-24,0.010772657705425941
2025-12-26,0.00846853175521025
2025-12-29,0.007180407518931861
2025-12-30,0.008750540856312931
2025-12-31,0.007675224590522015
2026-01-02,0.013931173555690391
2026-01-05,0.315665183466274
2026-01-06,0.024701309630501586
2026-01-07,0.028524361772982024
2026-01-08,0.026494224524426575
2026-01-09,0.027001496073945197
2026-01-12,0.025322906333911398
2026-01-13,0.02180725939888561
2026-01-14,0.024779858009781695
2026-01-15,0.02543552655249856
2026-01-16,0.024791911047312574
2026-01-20,0.025152904885393984
2026-01-21,0.026697922139430313
2026-01-22,0.025373598186945838
2026-01-23,0.020948333564983067
2026-01-26,0.021882330915095213
2026-01-27,0.02114329804554146
2026-01-28,0.03245212893495912
2026-01-29,0.02656421231364184
2026-01-30,0.03119985522666119
2026-02-02,0.030086755143723252
2026-02-03,0.029511005787188297
2026-02-04,0.042246269236279124
2026-02-05,0.0380037351269398
2026-02-06,0.02757650280446835
2026-02-09,0.030998330999590467
2026-02-10,0.02833191227767614
2026-02-11,0.027607420559108684
2026-02-12,0.030902355916217154
2026-02-13,0.028450293128813295
2026-02-17,0.023812715066557584
2026-02-18,0.024112492092834524
2026-02-19,0.02154752757693143
2026-02-20,0.02371639503863375
2026-02-23,0.020402317618584666
2026-02-24,0.03019065614054592
2026-02-25,0.023905970122924794
2026-02-26,0.02963039526968456
2026-02-27,0.024928084015703372
2026-03-02,0.028885075455308457
2026-03-03,0.02116858399375087
2026-03-04,0.026299776121577526
2026-03-05,0.02503730972706943
2026-03-06,0.02777665582563273
2026-03-09,0.025432390266773543
2026-03-10,0.024343754169009225
2026-03-11,0.023835296490505104
2026-03-12,0.01904435317969212
2026-03-13,0.022712442932638743
2026-03-16,0.021027182214529448
2026-03-17,0.018002659307079984
2026-03-18,0.018500877728469457
2026-03-19,0.02294400275638181
2026-03-20,0.018730096961413874
2026-03-23,0.025186525643582376
2026-03-24,0.019049678311664396
2026-03-25,0.024690146303405658
2026-03-26,0.0183690224358305
2026-03-27,0.027440884909566577
2026-03-30,0.02216153237842293
2026-03-31,0.025167943326381555
2026-04-01,0.028830517696389245
2026-04-02,0.023668562390096726
2026-04-06,0.021242505890863038
2026-04-07,0.018229672451537178
2026-04-08,0.022653719542997768
2026-04-09,0.02919054080014466
2026-04-10,0.02051292667169645
2026-04-13,0.02081423780409876
2026-04-14,0.02622991031492542
2026-04-15,0.019413023092502438
2026-04-16,0.024391335263853654
2026-04-17,0.024546761011702382
2026-04-20,0.0195319626584259
2026-04-21,0.021013347108510265
2026-04-22,0.02185289873324995
2026-04-23,0.025104054733031723
2026-04-24,0.03217203531634929
2026-04-27,0.03110411065864243
2026-04-28,0.02391911406063272
2026-04-29,0.025509376582590698
2026-04-30,0.029875870105041825
2026-05-01,0.029361563292950477
2026-05-04,0.026747756933013726
2026-05-05,0.02531277810802595
2026-05-06,0.028724195244701323
2026-05-07,0.03366561556948798
2026-05-08,0.027053587911988114
2026-05-11,0.033793380330512914
2026-05-12,0.03173379200737725
2026-05-13,0.023914237811996676
2026-05-14,0.026239037506796358
2026-05-15,0.024547818978403604
2026-05-18,0.02625764983018553
2026-05-19,0.028338391642100766
2026-05-20,0.022347945937393567
2026-05-21,0.02734567461728818
2026-05-22,0.02537383388681841
2026-05-26,0.02363214081039991
2026-05-27,0.030470743510382654
2026-05-28,0.026207333488127833
2026-05-29,0.025322643156592838
2026-06-01,0.028209135012009553
2026-06-02,0.028082147160130723
2026-06-03,0.031048346183709646
2026-06-04,0.03156596987907655
2026-06-05,0.030585444697503923
2026-06-08,0.03952237793335859
2026-06-09,0.025704684513884662
2026-06-10,0.02455263081019428
2026-06-11,0.027325489995841362
2026-06-12,0.034423784160992774
2026-06-15,0.02211077166443988
2026-06-16,0.029591196998524603
2026-06-17,0.023794706422185577
2026-06-18,0.023451439711583547
2026-06-22,0.030316734760446305
2026-06-23,0.022405821964689474
2026-06-24,0.03434192167453645
2026-06-25,0.023314036757793963
2026-06-26,0.028141774670980186
2026-06-29,0.03711948348192621
2026-06-30,0.02473347437732749
2026-07-01,0.026667900274798897
2026-07-02,0.03459969008433832
2026-07-06,0.03324092607554408
2026-07-07,0.02660575005079653
2026-07-08,0.029690044971215582
2026-07-09,0.022321903466854268
2026-07-10,0.023143120371647976
2026-07-13,0.021042300257941286
2026-07-14,0.026927717272425086
2026-07-15,0.027227149697295575
2026-07-16,0.031104675248484544
2026-07-17,0.03328548413982694
2026-07-20,0.024381120227070632
2026-07-21,0.019815105812060578
2026-07-22,0.028185701209757663
2026-07-23,0.02357044893378962
2026-07-24,0.023087229580089116
2026-07-27,0.028004459400098883
2026-07-28,0.025123282959841894
2026-07-29,0.033298531832422776
2026-07-30,0.030937638695864526
2026-07-31,0.04709097578827953
2026-08-03,0.021837192950457215
2026-08-04,0.02455349267459201
2026-08-05,0.03204011912610265
2026-08-06,0.023038983117538214
2026-08-07,0.026666402062189412
2026-08-10,0.023866255990253576
2026-08-11,0.02190362623718787
2026-08-12,0.01996824077406712
2026-08-13,0.024067592019445458
