date,0
2006-01-03,-0.009209935041302783
2006-01-04,-0.002725262068520766
2006-01-05,0.0004021334322775686
2006-01-06,-0.0042030729228142525
2006-01-09,-0.008957910781134906
2006-01-10,-0.006181023551336956
2006-01-11,-0.006109809577236435
2006-01-12,-0.0032760271283418497
2006-01-13,-0.006393670816183059
2006-01-17,-0.013220829202701772
2006-01-18,-0.0013087497249858618
2006-01-19,-0.0025760590745070337
2006-01-20,-0.010561676654065313
2006-01-23,-0.012783666163748814
2006-01-24,-0.001430476507712556
2006-01-25,-0.0015441497618717834
2006-01-26,-0.006175516128334499
2006-01-27,-0.010161649458966623
2006-01-30,-0.010869076083241506
2006-01-31,-0.005923325582597607
2006-02-01,0.004080034533046602
2006-02-02,-0.004493215659345115
2006-02-03,-0.008174070037553228
2006-02-06,-0.005913820632738983
2006-02-07,0.011642093080947265
2006-02-08,-0.0038762344774938284
2006-02-09,-0.0068196024082836735
2006-02-10,-0.006502854434883443
2006-02-13,-0.004018468569140468
2006-02-14,-0.00031351683603100117
2006-02-15,-0.00495844186604983
2006-02-16,-0.0046449037901211245
2006-02-17,-0.005776994799304964
2006-02-21,-0.01661277517858961
2006-02-22,0.0036178547003651593
2006-02-23,-0.005944298269085971
2006-02-24,-0.010824200970213983
2006-02-27,0.0023663422928584844
2006-02-28,0.0013308727058515607
2006-03-01,-0.012030820126724184
2006-03-02,-0.011883825635416349
2006-03-03,-0.0034262440452782986
2006-03-06,0.0059267131171903175
2006-03-07,-0.005006820087373161
2006-03-08,-0.006916947089618265
2006-03-09,-0.0037912159549878723
2006-03-10,-0.009401501547799073
2006-03-13,-0.0020239875138402556
2006-03-14,-0.0035814215698502638
2006-03-15,-0.0034757104415007022
2006-03-16,-0.008470301746123437
2006-03-17,0.0002281932555368996
2006-03-20,-0.0027737228744500117
2006-03-21,-0.0017810182964135266
2006-03-22,-0.008420441340707399
2006-03-23,-0.012071367912390923
2006-03-24,-0.005730994580916088
2006-03-27,-0.007061527888128786
2006-03-28,-0.007956178834431291
2006-03-29,-0.006771971494759729
2006-03-30,-0.006860116517173754
2006-03-31,-0.003751884151438091
2006-04-03,-0.0034888663757016093
2006-04-04,-0.008431587890429701
2006-04-05,-0.01161629432076982
2006-04-06,-0.005519646169953662
2006-04-07,-0.006392468703143441
2006-04-10,-0.005820390707251912
2006-04-11,-0.003767860767634908
2006-04-12,-0.006703184090727384
2006-04-13,-0.000824956449644725
2006-04-17,-0.0166058951300802
2006-04-18,-0.01335027651725286
2006-04-19,-0.0067150910546413915
2006-04-20,0.0011996431832671977
2006-04-21,-0.009287903864941263
2006-04-24,-0.000389906895550381
2006-04-25,-0.002632889660148278
2006-04-26,-0.004282444766708144
2006-04-27,-0.0014412852681109029
2006-04-28,-0.000986521010252853
2006-05-01,-0.011361908344206077
2006-05-02,-0.012305679314173142
2006-05-03,0.00376324549862572
2006-05-04,-0.0034484737558028835
2006-05-05,-0.00022268971848865473
2006-05-08,-0.0016801534122951045
2006-05-09,-0.008405552967298332
2006-05-10,-0.013655709157061957
2006-05-11,-0.005344503490125963
2006-05-12,-0.009852961059789502
2006-05-15,-0.003517849476353986
2006-05-16,-0.010343164597558385
2006-05-17,-0.0005701926000185381
2006-05-18,-0.008261581743265807
2006-05-19,-0.0019952207979743643
2006-05-22,-0.0033539432931167885
2006-05-23,-0.008902287628261731
2006-05-24,0.003835401270199117
2006-05-25,-0.00712002335972238
2006-05-26,-0.007747805646256392
2006-05-30,-0.0016366898458137526
2006-05-31,-0.010511477724434583
2006-06-01,-0.0019679424744396454
2006-06-02,-0.00908119992139099
2006-06-05,-0.002023293584837567
2006-06-06,-0.004506167846720658
2006-06-07,0.003970663758302851
2006-06-08,-0.004440025328622247
2006-06-09,-0.006189021556871067
2006-06-12,-0.0006347861998604008
2006-06-13,-0.0007197457229097363
2006-06-14,-0.008561678529857312
2006-06-15,-0.004665158282810121
2006-06-16,-0.003739806756184962
2006-06-19,0.002861539080088309
2006-06-20,-0.006079729831012668
2006-06-21,-0.005337687156477872
2006-06-22,-0.010172751521277109
2006-06-23,-0.020450724704982014
2006-06-26,-0.008964584777041984
2006-06-27,-0.008870679443576234
2006-06-28,-0.008265083575091165
2006-06-29,-0.005672528627877349
2006-06-30,-0.005450191921160603
2006-07-03,-0.007683986948704109
2006-07-05,-0.003434958877538993
2006-07-06,-0.006593822566252107
2006-07-07,-0.004060261190509572
2006-07-10,-0.011549684465494982
2006-07-11,-0.005913524909942543
2006-07-12,-0.012103386318037332
2006-07-13,0.0010483386836303097
2006-07-14,-0.006658371574779845
2006-07-17,0.010900667519950122
2006-07-18,-0.001394480870254542
2006-07-19,-0.005239706216345441
2006-07-20,0.0019153813146661602
2006-07-21,0.0006840891569477358
2006-07-24,-0.00490249446646282
2006-07-25,-0.011264103150124233
2006-07-26,-0.010236920215645193
2006-07-27,-0.005933321281532355
2006-07-28,-0.0012378883258864076
2006-07-31,-0.011629977000812815
2006-08-01,-0.008556682962231572
2006-08-02,-0.005955656564073367
2006-08-03,-0.013234013488080867
2006-08-04,-0.0023628529472227034
2006-08-07,-0.004489442794414217
2006-08-08,-0.0018348724337609815
2006-08-09,-0.005012527981510078
2006-08-10,-0.001849527745219173
2006-08-11,-0.008031493173307033
2006-08-14,-0.0004730070084463904
2006-08-15,-0.006042174151277084
2006-08-16,-0.01499408151292481
2006-08-17,-0.001139141351721786
2006-08-18,-0.0029563316268171403
2006-08-21,-0.0065090695386022055
2006-08-22,-0.006078723504641261
2006-08-23,-0.002251201340427959
2006-08-24,-0.008065223003802134
2006-08-25,-0.0036018434248595095
2006-08-28,0.0009422770519076969
2006-08-29,-0.0011186638163569237
2006-08-30,-0.0030076983990010857
2006-08-31,-0.005832524669971102
2006-09-01,-0.006819571624229525
2006-09-05,-0.006826499583733945
2006-09-06,0.002487572238294402
2006-09-07,-0.0010148751874367152
2006-09-08,0.0007538422926767719
2006-09-11,-0.012858253860657792
2006-09-12,-0.020001906061983873
2006-09-13,-0.003762064697620882
2006-09-14,0.0029278310909215
2006-09-15,-0.010009845399529751
2006-09-18,-0.01106064206079464
2006-09-19,0.003995830390237159
2006-09-20,-0.00576293725934593
2006-09-21,-0.00250573728196241
2006-09-22,-0.0033754206359934017
2006-09-25,-0.007806144522862859
2006-09-26,-0.0064627245645307516
2006-09-27,-0.0121086770399386
2006-09-28,-0.0028100788883637013
2006-09-29,-0.0018708408876565137
2006-10-02,-0.004956633125208798
2006-10-03,0.0033811021989148173
2006-10-04,-0.0065344146526277
2006-10-05,-0.00520298748007914
2006-10-06,-0.004415684617339677
2006-10-09,-0.003494808637381301
2006-10-10,-0.00791302860208996
2006-10-11,0.0021467015674691385
2006-10-12,-0.007915737915318312
2006-10-13,-0.007392878883462321
2006-10-16,-0.011013715182651389
2006-10-17,-0.002503850112595661
2006-10-18,-0.01451802920322061
2006-10-19,-0.0020829074197456048
2006-10-20,0.001139463380026868
2006-10-23,-0.004294426597429822
2006-10-24,-0.008527546157188193
2006-10-25,0.002011027404683432
2006-10-26,-0.003344942596242988
2006-10-27,-0.0007580241048924432
2006-10-30,0.0005400830252315246
2006-10-31,-0.0022770339713946673
2006-11-01,-0.004118918118257733
2006-11-02,-0.00499925581505192
2006-11-03,-0.012022340121801731
2006-11-06,-0.0015311662251014553
2006-11-07,-0.0007524842893485029
2006-11-08,-0.004197507441955407
2006-11-09,-0.01409905133635088
2006-11-10,0.007200141045228787
2006-11-13,-0.007888530925104543
2006-11-14,-0.006032659014587692
2006-11-15,-0.006614320407848086
2006-11-16,0.00515733253735027
2006-11-17,-0.0019520455825782078
2006-11-20,-0.013990473726008028
2006-11-21,-0.0045678141917448595
2006-11-22,-0.007386039682830417
2006-11-24,-0.00451993547576251
2006-11-27,0.0016409364246144842
2006-11-28,-0.0025551399280994624
2006-11-29,-0.014339348104978646
2006-11-30,-0.002439371876416771
2006-12-01,-0.013140887195010172
2006-12-04,0.003011761732626908
2006-12-05,-0.0030693058400197825
2006-12-06,-0.009610565513706091
2006-12-07,-0.005751793060917182
2006-12-08,-0.006910495198224578
2006-12-11,-0.0037428898889942932
2006-12-12,-0.007784063868955493
2006-12-13,-0.0049713835650225975
2006-12-14,-0.003965155486191635
2006-12-15,-0.0043229705707804565
2006-12-18,-0.002824099946530798
2006-12-19,0.0014418074393458625
2006-12-20,0.0009676875598824217
2006-12-21,-0.004232866327080439
2006-12-22,-0.003920447909684324
2006-12-26,-0.005033085591829387
2006-12-27,-0.00740124643672753
2006-12-28,-0.0038736519530137704
2006-12-29,-0.006322196295034506
2007-01-03,-0.0009077910356649521
2007-01-04,0.004126099465495504
2007-01-05,-0.0012478801732473588
2007-01-08,-0.00690167646817856
2007-01-09,0.0025020887085855084
2007-01-10,-0.0024820038349546393
2007-01-11,-0.003527736632642525
2007-01-12,7.568287171115561e-05
2007-01-16,-0.007719833299379988
2007-01-17,-0.003975743060893122
2007-01-18,-0.009694588984195607
2007-01-19,-0.006433485275546308
2007-01-22,-0.0032298558804889476
2007-01-23,-0.012082340156355783
2007-01-24,0.008190614843150482
2007-01-25,0.004421672527962233
2007-01-26,-0.0007554898667159745
2007-01-29,0.004674368223594406
2007-01-30,-0.009067375139444481
2007-01-31,-0.0046889236723595355
2007-02-01,-0.0013691954615009804
2007-02-02,-0.0022354529293831613
2007-02-05,0.0027759988642555096
2007-02-06,-0.001486037911205345
2007-02-07,0.005219077707205764
2007-02-08,0.0009461713757030135
2007-02-09,-0.002349870290483598
2007-02-12,0.0045107870396790825
2007-02-13,-0.0040789693332618
2007-02-14,-1.4206443147501231e-05
2007-02-15,0.00029373016906105343
2007-02-16,-0.003836489136010752
2007-02-20,-0.00228173525336587
2007-02-21,-0.000915083174757485
2007-02-22,0.0035515319935375436
2007-02-23,-0.0018870571076334461
2007-02-26,-0.0024915212258773177
2007-02-27,-0.00022556052975716237
2007-02-28,0.0011886014271206427
2007-03-01,-0.003147085563440671
2007-03-02,-0.001397468495686023
2007-03-05,0.003686157392223572
2007-03-06,-0.00015785801702499391
2007-03-07,-0.006495532164774371
2007-03-08,-0.0020970610740158784
2007-03-09,-0.0013508587971976325
2007-03-12,0.0011262825417959516
2007-03-13,-0.0005668130388053309
2007-03-14,3.66468067544163e-05
2007-03-15,-0.0003814977788623615
2007-03-16,0.0047931559113734475
2007-03-19,-0.006263651817493591
2007-03-20,0.0013694568205894911
2007-03-21,-0.00023762428493614486
2007-03-22,-0.0031430720047494706
2007-03-23,-0.004309310233937996
2007-03-26,-0.0009795454971565204
2007-03-27,-0.00037921016323637586
2007-03-28,-0.003637101203835055
2007-03-29,-0.0033361498069834827
2007-03-30,0.004546049209120488
2007-04-02,-0.008352072694508463
2007-04-03,0.0023171954395110545
2007-04-04,-0.0017140191984551436
2007-04-05,0.0015856085760085322
2007-04-09,-0.004829142570296013
2007-04-10,-0.0036749325181847144
2007-04-11,-0.0025388026772551224
2007-04-12,-0.002811112997903699
2007-04-13,-0.0007214861163395486
2007-04-16,-0.0007835365531050176
2007-04-17,0.0022371439676804224
2007-04-18,0.006776898806358174
2007-04-19,-0.0018021241346899148
2007-04-20,0.0007564395679699987
2007-04-23,-0.0027272700069680585
2007-04-24,0.008660676183130598
2007-04-25,0.002517910690066972
2007-04-26,0.003446156354434141
2007-04-27,-0.002313640942176973
2007-04-30,0.00029011219051824184
2007-05-01,0.00011145557904875501
2007-05-02,-0.0007237961800515844
2007-05-03,0.0005129295437791583
2007-05-04,0.002103532213362511
2007-05-07,-0.0014184294562092613
2007-05-08,-0.00247658042247123
2007-05-09,0.0006434964487766452
2007-05-10,-0.00048555955732717236
2007-05-11,-0.0017564061551018477
2007-05-14,0.001151091422484755
2007-05-15,-0.004571244385202853
2007-05-16,0.00031994064243838515
2007-05-17,-0.010612180132338616
2007-05-18,-0.004851489079752951
2007-05-21,0.0010617040772678272
2007-05-22,0.004321875101487016
2007-05-23,-0.003028855965488384
2007-05-24,0.0005728298675519137
2007-05-25,-0.00040041486317964623
2007-05-29,0.0012487434349654563
2007-05-30,-0.007016484802537984
2007-05-31,0.007843508293352348
2007-06-01,-0.004588289693507384
2007-06-04,-0.0016405222521735795
2007-06-05,-0.00021206220575443568
2007-06-06,0.0011031089942249942
2007-06-07,0.0022704547944279877
2007-06-08,-0.0021992961374188943
2007-06-11,-0.0037844900632558443
2007-06-12,-0.00014870889515266597
2007-06-13,-0.006435106096715517
2007-06-14,-0.0042940141094548944
2007-06-15,-0.0008123562164973532
2007-06-18,-0.000456056783639724
2007-06-19,-0.0032487917333793356
2007-06-20,0.007676389854775745
2007-06-21,-0.001824879153455053
2007-06-22,-0.0014034283272324126
2007-06-25,0.0058982930126364255
2007-06-26,0.006712993570490353
2007-06-27,0.002392254285625769
2007-06-28,0.0006225792731963702
2007-06-29,-0.004920772983538909
2007-07-02,-0.0013827702039152713
2007-07-03,0.0014666535767082016
2007-07-05,0.0023093439250822913
2007-07-06,-0.0013551082975949676
2007-07-09,-0.0029541429577604715
2007-07-10,0.0027422469022853595
2007-07-11,0.0006814502155869078
2007-07-12,-0.002715354540585528
2007-07-13,-0.002610579870206337
2007-07-16,0.0056947280487942425
2007-07-17,0.0025747976605295392
2007-07-18,-0.003728740817673403
2007-07-19,0.0018250378615008648
2007-07-20,-0.001862615105215266
2007-07-23,-0.0009336743157330224
2007-07-24,-0.0010733748488734453
2007-07-25,0.0026579357082677346
2007-07-26,0.007508374453912845
2007-07-27,0.0014618105762220378
2007-07-30,-0.0036990586836541236
2007-07-31,0.0042858353036652405
2007-08-01,0.004808909943098163
2007-08-02,0.000857240449430338
2007-08-03,-0.00209989424196181
2007-08-06,-0.008281030142241876
2007-08-07,-0.0036693773295581843
2007-08-08,-0.004463496645855073
2007-08-09,0.0012574396334883258
2007-08-10,0.002212053795210594
2007-08-13,0.012351727949115808
2007-08-14,0.0030536956856497682
2007-08-15,0.003833703580246763
2007-08-16,-0.01042661494297662
2007-08-17,-0.004434785874002201
2007-08-20,0.003072614183652276
2007-08-21,0.008239492323247931
2007-08-22,-0.0037455611137506683
2007-08-23,0.0036380759510751728
2007-08-24,-0.005038522219805837
2007-08-27,0.00238982928126639
2007-08-28,0.000741025515951317
2007-08-29,0.0018049331735085022
2007-08-30,0.00034389462210734456
2007-08-31,-0.0016708678040079782
2007-09-04,0.0020990525786478533
2007-09-05,-0.00420255468835368
2007-09-06,-0.0022326301085258664
2007-09-07,-0.00484300810264946
2007-09-10,-0.0011169067135543879
2007-09-11,0.00014070685788075807
2007-09-12,-0.009114777454449177
2007-09-13,-0.0029307656702671986
2007-09-14,-0.0038022029218371233
2007-09-17,0.0019560224603369664
2007-09-18,-0.00546264247138104
2007-09-19,-0.0019078038556078105
2007-09-20,-0.001948632483249677
2007-09-21,-0.0022390272527281277
2007-09-24,0.0053670644731927996
2007-09-25,0.005995373834139868
2007-09-26,-0.005146481339115263
2007-09-27,-0.0027190080357751964
2007-09-28,-0.0008373866431491768
2007-10-01,0.0025995302097818864
2007-10-02,0.0011251063888654484
2007-10-03,-0.006495950426215307
2007-10-04,0.00013759346037631442
2007-10-05,-0.0005505902483094681
2007-10-08,0.007554500296144181
2007-10-09,-0.0057692087270856595
2007-10-10,-0.005794237160381084
2007-10-11,-0.006183949999019864
2007-10-12,0.0011926351364794792
2007-10-15,-0.007982955881011835
2007-10-16,0.003474687139232456
2007-10-17,0.011505606293238407
2007-10-18,-0.012656741059001574
2007-10-19,0.0085944187782015
2007-10-22,0.008711498067460719
2007-10-23,-0.004808344484600156
2007-10-24,-0.010147342017167474
2007-10-25,-0.021788687375836717
2007-10-26,0.0026902387833345
2007-10-29,0.0009253101385283515
2007-10-30,0.01488447669250479
2007-10-31,-0.011698144144285142
2007-11-01,0.0029502953864975158
2007-11-02,-0.004389731248359679
2007-11-05,-0.002433207550024237
2007-11-06,-0.008987745625083548
2007-11-07,0.0033592608242321094
2007-11-08,-0.012484259564284655
2007-11-09,-0.004704094354051424
2007-11-12,0.017704840175492464
2007-11-13,0.000522264311079578
2007-11-14,-0.005476460614327314
2007-11-15,0.012546228017474723
2007-11-16,-0.0029465558552836807
2007-11-19,-0.008552224906120025
2007-11-20,-0.011862403553886219
2007-11-21,0.0028307957978934034
2007-11-23,-0.007081914355843067
2007-11-26,-0.008430267110319207
2007-11-27,0.0025533749877269156
2007-11-28,-0.005035539825146692
2007-11-29,0.003435295504574885
2007-11-30,0.0013055812829803166
2007-12-03,0.002650756973572398
2007-12-04,0.003595694864624253
2007-12-05,-0.0037217435832052666
2007-12-06,-0.0028937587273665513
2007-12-07,-0.0030436263841648274
2007-12-10,-0.007040565465032077
2007-12-11,0.008144179521178135
2007-12-12,-0.013004687799746046
2007-12-13,-0.0028514350627687353
2007-12-14,-0.0030181438044989523
2007-12-17,-0.005229634355439336
2007-12-18,-0.004852350060534206
2007-12-19,-0.0028310920247286513
2007-12-20,0.004705853450934593
2007-12-21,-0.011252805590822399
2007-12-24,-0.006802555253491495
2007-12-26,-0.004755164941891319
2007-12-27,-0.0014583815484218144
2007-12-28,-0.007010831470037941
2007-12-31,-0.0010397675198941375
2008-01-02,-0.0078987311788759
2008-01-03,-0.00962076440355623
2008-01-04,-0.001048568672732437
2008-01-07,0.010749237682058826
2008-01-08,0.008017169167751553
2008-01-09,-0.0046612517383816405
2008-01-10,0.00398790358465396
2008-01-11,-0.008865732712347389
2008-01-14,-0.008590115700884856
2008-01-15,0.011429203191190911
2008-01-16,0.012372353008770348
2008-01-17,0.018507593146089147
2008-01-18,-0.007352084780512291
2008-01-22,-0.006921792883386458
2008-01-23,-0.00270516870471325
2008-01-24,-0.0009420342109067404
2008-01-25,-0.008908379776792633
2008-01-28,-0.007534997795644132
2008-01-29,-0.003105138608292616
2008-01-30,0.003354979457182501
2008-01-31,0.004069183653316419
2008-02-01,-0.0009023494379524616
2008-02-04,-0.011421301478266584
2008-02-05,0.008851853376651765
2008-02-06,-0.0010832361819544318
2008-02-07,-0.010293426814429518
2008-02-08,-0.006895743325821972
2008-02-11,-0.004134111097235662
2008-02-12,0.008109093331965212
2008-02-13,0.0017897648360931959
2008-02-14,-0.007373039823081973
2008-02-15,-0.0014591196783788182
2008-02-19,-0.016241677220154793
2008-02-20,-0.0067680740303322565
2008-02-21,0.0033883627886767014
2008-02-22,-0.0013429810594733818
2008-02-25,-0.00518287711631606
2008-02-26,-0.002776540524349033
2008-02-27,0.009293243888353502
2008-02-28,-0.011704311199005443
2008-02-29,0.007625250236028608
2008-03-03,-0.009519864960099893
2008-03-04,0.010149041536493687
2008-03-05,-0.01434948693139077
2008-03-06,0.0005737933131948575
2008-03-07,0.012831870775621746
2008-03-10,0.0031214837134598563
2008-03-11,-0.0041502980280352375
2008-03-12,-0.0011618410827145794
2008-03-13,-0.013329588574553231
2008-03-14,-0.0009900648311843034
2008-03-17,0.04156538825060527
2008-03-18,-0.013210036719713615
2008-03-19,0.023855115005985868
2008-03-20,0.0018828777003688647
2008-03-24,-0.016522254332913325
2008-03-25,-0.009708322880794661
2008-03-26,-0.012741085095311761
2008-03-27,0.006955082417241045
2008-03-28,0.0011294153580079743
2008-03-31,-0.003285193439353149
2008-04-01,-0.007840870420338006
2008-04-02,-0.005119896839829568
2008-04-03,0.001916273293130402
2008-04-04,-0.012056608127027494
2008-04-07,0.0024131963639004127
2008-04-08,-0.012754830883055446
2008-04-09,-0.0003798789721247151
2008-04-10,0.007704663972604925
2008-04-11,-0.00014857068450078136
2008-04-14,-0.007519708909455792
2008-04-15,-0.007039974266890007
2008-04-16,-0.006790515170167555
2008-04-17,-0.0032026503136726005
2008-04-18,0.0005973431716326503
2008-04-21,0.0025275408395420114
2008-04-22,-0.00029519929106318517
2008-04-23,0.0075007591799681125
2008-04-24,0.009524862278008025
2008-04-25,-0.016008932490842745
2008-04-28,0.0037134625283747457
2008-04-29,0.022113331745607676
2008-04-30,-0.0003962741871799516
2008-05-01,0.01980309284540559
2008-05-02,-0.01345152043467033
2008-05-05,-0.010122522674794424
2008-05-06,-0.011547016957146456
2008-05-07,-0.0026537804838027562
2008-05-08,-0.011151988551226094
2008-05-09,0.0043466523495145955
2008-05-12,0.0038300183878307026
2008-05-13,-0.0069067602365349735
2008-05-14,0.0058782890369315785
2008-05-15,-0.004583697670699544
2008-05-16,-0.011254395869346451
2008-05-19,0.002527545034607553
2008-05-20,-0.009814482328683495
2008-05-21,0.009590965492429465
2008-05-22,0.006382714831553067
2008-05-23,0.005134424702381283
2008-05-27,0.006808653671542379
2008-05-28,-0.010983569007939054
2008-05-29,0.019731218394285183
2008-05-30,-0.005929909732863584
2008-06-02,-0.0036183849753326034
2008-06-03,0.0021671425307328647
2008-06-04,0.007809992412416533
2008-06-05,-0.0129334419285947
2008-06-06,-0.011947756767917896
2008-06-09,-0.018968643802723006
2008-06-10,0.012450999601588065
2008-06-11,-0.011535954569461522
2008-06-12,0.009480379804312841
2008-06-13,-0.003965751210275531
2008-06-16,-0.0009625997237380298
2008-06-17,-0.012789706114817554
2008-06-18,-0.011368931517700902
2008-06-19,0.00898657859154915
2008-06-20,-0.011965276542348394
2008-06-23,-0.02875121974431808
2008-06-24,0.016666788885458722
2008-06-25,0.011311955814675454
2008-06-26,-0.01373826801989268
2008-06-27,-0.012403997187035446
2008-06-30,-0.006061957197205088
2008-07-01,-0.0012706714694414238
2008-07-02,0.013702306296659209
2008-07-03,-0.0021238826224601803
2008-07-07,0.004070690892161269
2008-07-08,0.018771599753576507
2008-07-09,-0.003925146650333402
2008-07-10,-0.013372340845453684
2008-07-11,-0.002550746135130818
2008-07-14,-0.020701437967039733
2008-07-15,0.02476642596133479
2008-07-16,0.02484647562633799
2008-07-17,0.008317771976288397
2008-07-18,-0.013968538995480242
2008-07-21,-0.025556124471620218
2008-07-22,-0.0035805992580655384
2008-07-23,0.03310783534649421
2008-07-24,0.004585681975947459
2008-07-25,0.002230391344573038
2008-07-28,-0.0043056025689201995
2008-07-29,0.0010381567735577954
2008-07-30,-0.023185196695180668
2008-07-31,0.017026310900738365
2008-08-01,0.0031820756181756235
2008-08-04,0.031183062966791134
2008-08-05,0.0015007155749046657
2008-08-06,-0.012923134051143382
2008-08-07,0.009435652879534984
2008-08-08,0.019129036369569148
2008-08-11,0.010385311041789823
2008-08-12,0.0015562211496350428
2008-08-13,-0.01924164147825116
2008-08-14,0.006146781942332534
2008-08-15,0.008026676798588588
2008-08-18,-0.0012444178661359655
2008-08-19,-0.021114547941410596
2008-08-20,-0.01590395301822724
2008-08-21,-0.009314602048093496
2008-08-22,0.010997039061534151
2008-08-25,0.0008436647053401687
2008-08-26,-0.010453466321140156
2008-08-27,-0.0044174523020894
2008-08-28,0.007427902746391487
2008-08-29,-0.009599171317386046
2008-09-02,0.027365819283208477
2008-09-03,-0.0008026215046215025
2008-09-04,-0.000627051969759802
2008-09-05,-0.0022411969066696057
2008-09-08,-0.006455290184286128
2008-09-09,0.02795943379574268
2008-09-10,-0.018343933026430316
2008-09-11,0.0009061124518383781
2008-09-12,-0.004692134395476787
2008-09-15,0.03818215975599284
2008-09-16,-0.01252534652858775
2008-09-17,0.00495242473075734
2008-09-18,0.007320938551756143
2008-09-19,-0.049646393363244584
2008-09-22,-0.029442284710856855
2008-09-23,0.010267857039762733
2008-09-24,0.013091788472777534
2008-09-25,0.007178265871455051
2008-09-26,-0.0019809672114683443
2008-09-29,0.03166864669455039
2008-09-30,-0.017959817405255044
2008-10-01,-0.017596421058001382
2008-10-02,0.030435328259812267
2008-10-03,0.006542116508330352
2008-10-06,0.005234647145052458
2008-10-07,0.019881120550438072
2008-10-08,-0.017569778073669797
2008-10-09,0.036449804512628636
2008-10-10,0.007830464884607067
2008-10-13,-0.028531948586167553
2008-10-14,-0.012656258641916284
2008-10-15,0.038414719344092546
2008-10-16,-0.006190630071207908
2008-10-17,-0.007948031726263873
2008-10-20,-0.028032038074201675
2008-10-21,-0.0038324336605196256
2008-10-22,0.035441700371992145
2008-10-23,-0.002550271541383124
2008-10-24,0.013106776884888082
2008-10-27,0.042015590854907005
2008-10-28,0.00032916943069222866
2008-10-29,-0.029574688421573868
2008-10-30,-0.005911051079743584
2008-10-31,-0.014035750573315985
2008-11-03,0.009006966765433205
2008-11-04,-0.0220713184100698
2008-11-05,-0.008793385751523278
2008-11-06,0.005469603818898402
2008-11-07,-0.015930596636917156
2008-11-10,-0.027975814673076936
2008-11-11,-0.0037865795478146075
2008-11-12,0.012337988906975517
2008-11-13,-0.01129404634399472
2008-11-14,0.007568430397067465
2008-11-17,0.002113843106282869
2008-11-18,-0.0007241802154850578
2008-11-19,0.008263135346313255
2008-11-20,0.04440311015881116
2008-11-21,-0.024481741331819407
2008-11-24,-0.006877095649752655
2008-11-25,-0.009481362138050009
2008-11-26,-0.01198408495582166
2008-11-28,0.017033573471037393
2008-12-01,0.030214015433161285
2008-12-02,0.0003520670295732286
2008-12-03,0.015751480213861416
2008-12-04,0.01657933597050956
2008-12-05,0.005537076338352111
2008-12-08,-0.0233712615503628
2008-12-09,-0.002615771303227155
2008-12-10,-0.02707607993684246
2008-12-11,-0.009571509718789638
2008-12-12,0.018956936333861633
2008-12-15,-0.005277657195635959
2008-12-16,-0.002488712383331838
2008-12-17,-0.0031953544263053557
2008-12-18,0.023073230650119018
2008-12-19,-0.00018076258110643478
2008-12-22,-0.001821776411605368
2008-12-23,-0.0090941492053033
2008-12-24,0.0028695714302951923
2008-12-26,-0.0059538841372905535
2008-12-29,-0.008593163584623562
2008-12-30,0.00028332827497380177
2008-12-31,-0.008456253349218141
2009-01-02,-0.01147051806084698
2009-01-05,-0.018284661011236242
2009-01-06,-0.028670078840544375
2009-01-07,0.009974902480895822
2009-01-08,-0.012552627988224098
2009-01-09,-0.0015697260091852069
2009-01-12,0.0058970238212160235
2009-01-13,-0.016250196416062023
2009-01-14,0.0070270273936983
2009-01-15,0.005418701854088671
2009-01-16,-0.01860727657631595
2009-01-20,-0.027572482988089585
2009-01-21,-0.035937510365777525
2009-01-22,-0.003730277417862064
2009-01-23,0.005906702479748812
2009-01-26,-0.006528758054477741
2009-01-27,-0.0013853772514198313
2009-01-28,-0.0367303411543284
2009-01-29,0.008015979887091589
2009-01-30,-0.006749182489834693
2009-02-02,0.007197466767317353
2009-02-03,0.00974878172360814
2009-02-04,-0.011566813714134032
2009-02-05,-0.024809862260639918
2009-02-06,-0.0192892107571472
2009-02-09,-0.014979356948910982
2009-02-10,0.007854686749868606
2009-02-11,-0.019191580032308656
2009-02-12,0.006779458458128464
2009-02-13,-0.009322933131728738
2009-02-17,0.02418239184768165
2009-02-18,0.003348437506675411
2009-02-19,-0.008744829823667012
2009-02-20,0.010967682449823586
2009-02-23,-0.002911951864897896
2009-02-24,-0.04137489746172092
2009-02-25,-0.007132864737204455
2009-02-26,-0.055460445808294095
2009-02-27,0.0014150550030389859
2009-03-02,0.016936468739606244
2009-03-03,-0.000589355029051556
2009-03-04,-0.013421211300737059
2009-03-05,-0.011478398694162416
2009-03-06,-0.007820874426288902
2009-03-09,-0.020840602234893132
2009-03-10,-0.03419315686187431
2009-03-11,-0.00872002377308829
2009-03-12,0.005756005264324016
2009-03-13,-0.0014892221565102459
2009-03-16,-0.026275142447703088
2009-03-17,-0.0010114044648911052
2009-03-18,-0.008500783600466418
2009-03-19,-0.010005517299250184
2009-03-20,-0.011167272430221151
2009-03-23,-0.010306033472164642
2009-03-24,-0.016457116121177884
2009-03-25,-0.0016313886726182537
2009-03-26,0.02025246365781868
2009-03-27,-0.006820349298149371
2009-03-30,-0.00363622279422329
2009-03-31,-0.00752793491136382
2009-04-01,-0.015309867740328963
2009-04-02,-0.019710919141580855
2009-04-03,-0.013848014637997546
2009-04-06,0.012749185167467127
2009-04-07,-0.006625077571416147
2009-04-08,0.0008223272431471008
2009-04-09,-0.0033504679014483675
2009-04-13,-0.04388635979853171
2009-04-14,0.005067222132640067
2009-04-15,0.004321826213802116
2009-04-16,-0.005797440277522902
2009-04-17,-0.01977638448461988
2009-04-20,0.0013123104156730053
2009-04-21,-0.003472652769236393
2009-04-22,-0.0038852902871643214
2009-04-23,-0.0029052645635021766
2009-04-24,-0.020310493069129312
2009-04-27,0.005202453777696282
2009-04-28,-0.00647833755158273
2009-04-29,-0.010495949429510869
2009-04-30,-0.0014854389743048976
2009-05-01,-6.577231397460193e-05
2009-05-04,-0.019538076936658197
2009-05-05,-0.00012679605962007123
2009-05-06,-0.01603455970149573
2009-05-07,-0.010468636552812532
2009-05-08,-0.02625984351523595
2009-05-11,0.028230095894788945
2009-05-12,-0.016371058843299306
2009-05-13,-0.014274304969754193
2009-05-14,-0.014298571043371087
2009-05-15,0.0005481776067246969
2009-05-18,-0.015348859009693468
2009-05-19,-0.005213889329508205
2009-05-20,-0.01339588643026909
2009-05-21,-0.022440205151116985
2009-05-22,0.0023556985322419014
2009-05-26,-0.014791478658927052
2009-05-27,-0.01183938589558757
2009-05-28,-0.02152526549673043
2009-05-29,-0.023972808498744766
2009-06-01,-0.004414448631628431
2009-06-02,-0.009221337420613656
2009-06-03,-0.004260915263608273
2009-06-04,-0.005444712005284573
2009-06-05,-0.009630161856668967
2009-06-08,-0.0017126913785105507
2009-06-09,-0.015454197137632868
2009-06-10,-0.016758739489849434
2009-06-11,-0.014369197789688124
2009-06-12,0.001717548962313643
2009-06-15,-0.007417098317777881
2009-06-16,0.0051161456935253195
2009-06-17,-0.009016548493026208
2009-06-18,-0.0017211894277780002
2009-06-19,-0.0032756057840182626
2009-06-22,0.018871914833389188
2009-06-23,-0.007594778457220624
2009-06-24,-0.0022043251031690792
2009-06-25,-0.0076242314102938115
2009-06-26,-0.005155416114072859
2009-06-29,0.002470024059111342
2009-06-30,-0.010046389101785552
2009-07-01,-0.008413202167354583
2009-07-02,-0.0030750552945313474
2009-07-06,0.0120875924471957
2009-07-07,-0.013267803578631433
2009-07-08,-0.011951114148978505
2009-07-09,-0.008035525076712097
2009-07-10,-0.0017489593495369103
2009-07-13,-0.014738495730223887
2009-07-14,-0.009255915149526079
2009-07-15,-0.012784973150807273
2009-07-16,-0.008505981992819399
2009-07-17,-0.011740698329932893
2009-07-20,-0.019052387105419306
2009-07-21,-0.011742628030981469
2009-07-22,0.0028849604357947777
2009-07-23,-0.013789784120701296
2009-07-24,-0.01207660889370811
2009-07-27,-0.002161323634036467
2009-07-28,-0.009888614899111688
2009-07-29,-0.002388832057581969
2009-07-30,-0.006691265479344134
2009-07-31,-0.014537341305223597
2009-08-03,-0.02686357870583937
2009-08-04,-0.010948943165603037
2009-08-05,-0.027291918521930882
2009-08-06,-0.014209759319349112
2009-08-07,-0.005958478051060384
2009-08-10,-0.004622738942554093
2009-08-11,-0.006197491238389641
2009-08-12,-0.00955205935583368
2009-08-13,-0.013881935038944172
2009-08-14,0.0011242177807140753
2009-08-17,-0.015316257821515872
2009-08-18,-0.00933617636875478
2009-08-19,-0.009380096798535922
2009-08-20,-0.0010877261567727899
2009-08-21,-0.005356090840930171
2009-08-24,-0.007658360913191818
2009-08-25,-0.0034829516217354667
2009-08-26,-0.007516301996870237
2009-08-27,-0.011232592483798372
2009-08-28,-0.01706435011345895
2009-08-31,0.0048175518692810775
2009-09-01,0.005626537024210013
2009-09-02,-0.00888353196347272
2009-09-03,-0.013031137940813876
2009-09-04,-0.004111845484002275
2009-09-08,-0.013857491479871021
2009-09-09,-0.00742539024170583
2009-09-10,-0.011425879194206384
2009-09-11,-0.009074862238187209
2009-09-14,-0.013055989783074196
2009-09-15,-0.01701914263871969
2009-09-16,-0.015626704954188803
2009-09-17,-0.010759623743959916
2009-09-18,-0.008662804700697642
2009-09-21,-0.00852017794061971
2009-09-22,-0.012364972603091022
2009-09-23,-0.0005093882811692384
2009-09-24,-0.0016640415097529723
2009-09-25,-0.004998220563856691
2009-09-28,-0.008042121477976923
2009-09-29,-0.0055157224304634815
2009-09-30,-0.005888916966958438
2009-10-01,-0.007442386047913927
2009-10-02,-0.0040933043744840235
2009-10-05,-0.015399848666274769
2009-10-06,-0.005760257094230677
2009-10-07,-0.009922010915487934
2009-10-08,-0.00904801979316312
2009-10-09,-0.002095518827792172
2009-10-12,-0.007336589398674121
2009-10-13,-0.0029949476100253553
2009-10-14,-0.006245312562908905
2009-10-15,-0.003265603610718804
2009-10-16,-0.009279913596324144
2009-10-19,-0.007123878137798794
2009-10-20,-0.014404303020644663
2009-10-21,-0.006846060336766306
2009-10-22,-0.0028115675271118603
2009-10-23,0.003399355568593351
2009-10-26,-0.005173438473433257
2009-10-27,-0.0016406345960029121
2009-10-28,-0.003610330395452694
2009-10-29,-0.009344511286356882
2009-10-30,-0.006296078345075886
2009-11-02,-0.007944889147527712
2009-11-03,-0.014008543891218101
2009-11-04,-0.0008028727418033458
2009-11-05,0.002035438686623527
2009-11-06,0.00030686517672433473
2009-11-09,-0.0027757785219379733
2009-11-10,-0.004184837858842627
2009-11-11,0.0009157991091598523
2009-11-12,-0.005808186257892466
2009-11-13,-0.005906281914501617
2009-11-16,-0.007862398535331617
2009-11-17,-0.0017624275841174597
2009-11-18,-0.009135945605660889
2009-11-19,-0.003171085100938005
2009-11-20,-0.009667554669960464
2009-11-23,-0.00011730545464101478
2009-11-24,-0.009410164934059979
2009-11-25,-0.008821465455487012
2009-11-27,0.002950390003634005
2009-11-30,0.0037020845371732013
2009-12-01,0.0013363157026028425
2009-12-02,-0.009271762533433859
2009-12-03,0.002639716578279716
2009-12-04,-0.0023128211138442227
2009-12-07,-0.005331761136399882
2009-12-08,-0.004081907888659839
2009-12-09,-0.006261543354108186
2009-12-10,-0.002198418198236682
2009-12-11,-0.00991232221479974
2009-12-14,-0.005808602430099881
2009-12-15,-0.006636993269628878
2009-12-16,-0.01312611602995796
2009-12-17,-0.0036287899190027713
2009-12-18,-0.005924276462736045
2009-12-21,-0.0033980449380400677
2009-12-22,-0.009149428377541895
2009-12-23,-0.013139244489943434
2009-12-24,-0.0059573321589254736
2009-12-28,-0.006727782959147361
2009-12-29,-0.007264268788136716
2009-12-30,-0.0007387190884998052
2009-12-31,-0.008678894717030606
2010-01-04,-0.009881715118689122
2010-01-05,-0.002553453633860443
2010-01-06,-0.008992437654029784
2010-01-07,-0.0038049874862432637
2010-01-08,-0.008619535699252695
2010-01-11,0.005489487583745458
2010-01-12,-0.0009206109401585813
2010-01-13,-0.0010420947753354156
2010-01-14,0.00021930708880054132
2010-01-15,-0.0017064198543836465
2010-01-19,-0.0019590835440489447
2010-01-20,0.0027409938049104644
2010-01-21,0.006632178149421301
2010-01-22,-0.008715834934247357
2010-01-25,-0.004154061234189233
2010-01-26,-0.001531411263198014
2010-01-27,0.00509307037024414
2010-01-28,-0.007541981404237932
2010-01-29,0.0005892249352029847
2010-02-01,-0.008054794443903068
2010-02-02,-0.002035931072911189
2010-02-03,-0.0017080667741854437
2010-02-04,0.004320607394035351
2010-02-05,0.006801854501549292
2010-02-08,0.00542554733086512
2010-02-09,-0.010995061754427618
2010-02-10,0.0010506008512631984
2010-02-11,-0.010134055073757262
2010-02-12,-0.0005995384421019331
2010-02-16,-0.0052453825931133465
2010-02-17,5.211299692477536e-05
2010-02-18,-0.005354121554219458
2010-02-19,-0.0027353784812593385
2010-02-22,0.006730137371905861
2010-02-23,0.0024261510760832765
2010-02-24,0.001823974425790932
2010-02-25,-0.005042843258170868
2010-02-26,-0.0021357564104900655
2010-03-01,0.0008466690275886621
2010-03-02,-0.006582131372386033
2010-03-03,-0.004025146091155699
2010-03-04,0.006491382714042969
2010-03-05,-0.00019165312008261905
2010-03-08,0.007364484021232484
2010-03-09,0.004842355531711966
2010-03-10,0.0036177085746299477
2010-03-11,-0.0009076639971057092
2010-03-12,-0.006975117254403506
2010-03-15,0.00427379242671196
2010-03-16,-0.0011416161979324524
2010-03-17,0.0016804646554157815
2010-03-18,0.004684646294376763
2010-03-19,-0.0027662509906370277
2010-03-22,0.004332811970458358
2010-03-23,0.0021738074053933025
2010-03-24,0.0011824583927397955
2010-03-25,0.008924945541637145
2010-03-26,-0.002054194695720969
2010-03-29,-0.011955414655601852
2010-03-30,-0.0013369385701107032
2010-03-31,-0.004557327546977515
2010-04-01,-0.0049801840828199075
2010-04-05,-0.0017256400573881759
2010-04-06,0.003927378474015945
2010-04-07,0.001852159376925029
2010-04-08,0.0019225778587851946
2010-04-09,-0.0008941630172904627
2010-04-12,0.0023329942407894644
2010-04-13,0.0031744675845132623
2010-04-14,0.004356340160900113
2010-04-15,0.001278227090689422
2010-04-16,0.00028787135516443896
2010-04-19,-0.0003552065873622445
2010-04-20,-0.00607178347446772
2010-04-21,-0.006494708178966405
2010-04-22,-0.00025274106363133643
2010-04-23,-0.010772243875190974
2010-04-26,7.724441055787456e-06
2010-04-27,-0.0011258720884084429
2010-04-28,-0.00042943961620101555
2010-04-29,0.006754263848913311
2010-04-30,-0.003769120094689347
2010-05-03,-0.0007909435179137593
2010-05-04,-0.003043505143253216
2010-05-05,0.001500986217789527
2010-05-06,-0.0037593664736265205
2010-05-07,-9.196500455205736e-05
2010-05-10,-0.0016940915522280142
2010-05-11,-0.0016525656049495704
2010-05-12,-0.0031972484679956047
2010-05-13,0.0016956482647869332
2010-05-14,-0.0028203685571687696
2010-05-17,0.0023737319688175657
2010-05-18,-0.007074215037862966
2010-05-19,0.004358643995624786
2010-05-20,0.0012833662454408354
2010-05-21,-0.006466701329831128
2010-05-24,0.00987434760755056
2010-05-25,-0.00029853408350897186
2010-05-26,-0.003522736348882249
2010-05-27,-0.0010081193036897132
2010-05-28,0.00016368667394029432
2010-06-01,0.005190920779572644
2010-06-02,-0.00835040782667236
2010-06-03,-0.004060393341598143
2010-06-04,0.0022919102142103355
2010-06-07,-0.006077235745743461
2010-06-08,-0.004591452682764018
2010-06-09,-0.0035803196436045475
2010-06-10,-0.0054093211061432365
2010-06-11,0.0026163341845180477
2010-06-14,-0.001984119028211432
2010-06-15,-0.0027246387535915855
2010-06-16,0.0004266488693406671
2010-06-17,-0.0011430452802036353
2010-06-18,-0.0030573256123497816
2010-06-21,-0.004224815414954642
2010-06-22,0.0038072717207625947
2010-06-23,-0.0005827266959066305
2010-06-24,-0.0017687220929180076
2010-06-25,-0.006139483811798584
2010-06-28,0.006135785952500864
2010-06-29,0.0005414637076766815
2010-06-30,-0.003091354092813865
2010-07-01,0.0032867826273174474
2010-07-02,0.0006238631072327128
2010-07-06,-0.0030161188885289418
2010-07-07,-0.0019662773450213815
2010-07-08,-0.0032962711556129673
2010-07-09,0.0011562213714305888
2010-07-12,0.008962357488611468
2010-07-13,0.004985956116757709
2010-07-14,-0.0018108811258301062
2010-07-15,0.001117639484772104
2010-07-16,-0.006488426839123814
2010-07-19,-0.0003602057699548416
2010-07-20,-0.009142585547271615
2010-07-21,-0.00455001971673371
2010-07-22,0.0018151859188919493
2010-07-23,-0.006992406665095235
2010-07-26,-0.00014950082992266586
2010-07-27,0.003130437704906096
2010-07-28,-0.002728279859257765
2010-07-29,-0.00975070822743312
2010-07-30,-0.0008840589802164391
2010-08-02,-0.007617529309795835
2010-08-03,0.0026374496151959203
2010-08-04,0.0015407725089904242
2010-08-05,0.00030246487257049254
2010-08-06,-0.000670468493683681
2010-08-09,0.0025058108344375727
2010-08-10,-0.0005509927652784514
2010-08-11,0.00607457392501799
2010-08-12,-0.002372832815681996
2010-08-13,-0.0028407137996014553
2010-08-16,-0.004153701126040182
2010-08-17,-0.002544343327606867
2010-08-18,0.0048075872421101395
2010-08-19,0.002471974756895532
2010-08-20,0.0026236692844930822
2010-08-23,-0.0026288540646990078
2010-08-24,-0.0019729033400909986
2010-08-25,0.0034979516993656045
2010-08-26,-0.0026176968941664484
2010-08-27,-0.006514029719436541
2010-08-30,-0.0027208562904182543
2010-08-31,0.00024423652776533035
2010-09-01,-0.0044389979149257065
2010-09-02,0.0024755852317362003
2010-09-03,0.0002055360113203731
2010-09-07,0.0007566294760379756
2010-09-08,-0.00519139571975162
2010-09-09,-0.0007093944817178988
2010-09-10,-0.006199098972260453
2010-09-13,0.003166257992254569
2010-09-14,0.007842589733210146
2010-09-15,0.0008564658907958404
2010-09-16,0.002545320079505491
2010-09-17,-0.00034797799667622307
2010-09-20,-0.00040049635672785794
2010-09-21,-0.001146437974943516
2010-09-22,-0.004944838602480703
2010-09-23,0.0021823161411316113
2010-09-24,0.0007379004308227923
2010-09-27,0.002235043550495014
2010-09-28,0.000270001073916682
2010-09-29,-0.009723646756652396
2010-09-30,-0.002146403195067685
2010-10-01,-0.006391318322417958
2010-10-04,0.004575717633033202
2010-10-05,1.704166131272732e-05
2010-10-06,-0.006340091578341512
2010-10-07,0.0019368221886670233
2010-10-08,-0.004539984768300028
2010-10-11,-0.0007538405340931514
2010-10-12,0.005755652653524582
2010-10-13,-0.002297477183223957
2010-10-14,0.0018473283214417856
2010-10-15,-4.504218570266453e-05
2010-10-18,0.0031122811525980754
2010-10-19,0.0038138023914810774
2010-10-20,-0.0016234663991366422
2010-10-21,0.0011367868965646687
2010-10-22,0.0019656166934222336
2010-10-25,-0.0015420823500040099
2010-10-26,0.0018357912171787685
2010-10-27,-0.0031082776181747124
2010-10-28,0.0010609822218083705
2010-10-29,-0.0013873767762983484
2010-11-01,-0.004205778811746729
2010-11-02,-0.005727452209861697
2010-11-03,0.002186994549965999
2010-11-04,-0.003081043360303454
2010-11-05,-0.0027911726973974347
2010-11-08,-0.005050147950526038
2010-11-09,0.002616192074740946
2010-11-10,-0.002178774218583772
2010-11-11,-0.008181749351108193
2010-11-12,0.004748575810897086
2010-11-15,-0.0040816003667838415
2010-11-16,0.0003837690507746848
2010-11-17,-0.004564716338254999
2010-11-18,-0.001037611095944149
2010-11-19,-0.005308520205569932
2010-11-22,0.0006277252833268623
2010-11-23,0.0031421489039245784
2010-11-24,-0.0022287802820493774
2010-11-26,-0.0003206089196382138
2010-11-29,-0.0036795726284140975
2010-11-30,-0.006684162578114467
2010-12-01,-0.0027295137708274303
2010-12-02,-0.0019131262405945456
2010-12-03,-0.0001111356011656425
2010-12-06,-0.0021954902240793103
2010-12-07,0.006294220329712851
2010-12-08,0.00584292928666884
2010-12-09,0.003056949919295231
2010-12-10,1.1909854035959842e-05
2010-12-13,-0.005950807409362712
2010-12-14,-0.0023415371809575895
2010-12-15,-0.0013488111888143404
2010-12-16,-0.005279658214226312
2010-12-17,0.0019640961873156953
2010-12-20,-0.004380341180498876
2010-12-21,-0.0007463123940061474
2010-12-22,-0.00012942485586561628
2010-12-23,-0.0019809488337919176
2010-12-27,0.00365007818739488
2010-12-28,-0.0010413045884199422
2010-12-29,-0.006904682444337941
2010-12-30,-0.0030020354219005693
2010-12-31,-0.0007520125744348351
2011-01-03,0.0049935727072584445
2011-01-04,-0.0050836042814199865
2011-01-05,0.0035137418758129976
2011-01-06,0.0073280292623966545
2011-01-07,-0.0006562039199880993
2011-01-10,0.0026396947473684147
2011-01-11,-0.008215153699381032
2011-01-12,0.0033445918335135985
2011-01-13,0.002490105621146242
2011-01-14,-0.00019685515249101646
2011-01-18,-0.0036257089300719115
2011-01-19,-0.002234067366507688
2011-01-20,0.003634477673897807
2011-01-21,-0.005003089854870689
2011-01-24,0.003495607158603954
2011-01-25,0.0022315568974801605
2011-01-26,-0.008440305198600137
2011-01-27,0.007255714948028916
2011-01-28,-0.010199804450482547
2011-01-31,-0.009988929986762094
2011-02-01,-0.0017168534763500817
2011-02-02,-0.004900687765068276
2011-02-03,3.734977027588116e-05
2011-02-04,0.002436620381260729
2011-02-07,-0.005585656455178564
2011-02-08,-0.003495436948647274
2011-02-09,0.0017282217511265208
2011-02-10,0.002363874566461374
2011-02-11,-0.0016517551803568854
2011-02-14,-0.005140842847486044
2011-02-15,-0.0013310568623546449
2011-02-16,-0.0013976757204106642
2011-02-17,0.0023581064152496632
2011-02-18,0.004711565464768188
2011-02-22,-0.007815897311044387
2011-02-23,-0.015648407267568647
2011-02-24,0.002355509974517416
2011-02-25,-0.0032796150918455863
2011-02-28,0.0016335650521247954
2011-03-01,6.768549109573705e-05
2011-03-02,-0.0030884981329837493
2011-03-03,-0.002721898301841474
2011-03-04,0.00024201619382563508
2011-03-07,-0.0030393631085137394
2011-03-08,-0.0009857464350493004
2011-03-09,-0.0007687701381397611
2011-03-10,0.005260457580432111
2011-03-11,-0.006105865861488141
2011-03-14,-0.0049687398305543655
2011-03-15,-0.0012865225532969226
2011-03-16,-0.002247631506898529
2011-03-17,-0.004116959729513684
2011-03-18,-0.0008845422238943257
2011-03-21,-0.007994877145374633
2011-03-22,-0.0013514466340446962
2011-03-23,-0.0018754825875533997
2011-03-24,0.007334185564553798
2011-03-25,-0.0024626065021994344
2011-03-28,-0.0008955773702602359
2011-03-29,-0.008156449897158358
2011-03-30,-0.004036702188894339
2011-03-31,-0.0019090923083244782
2011-04-01,-0.0002584168096436798
2011-04-04,-0.0028253266687999004
2011-04-05,-0.003442333798032287
2011-04-06,0.004812932143436071
2011-04-07,-0.0030328248013170907
2011-04-08,-0.004043851594498738
2011-04-11,0.004701124511666752
2011-04-12,0.0076220294999006614
2011-04-13,-0.003491142012529717
2011-04-14,3.860352692522579e-05
2011-04-15,-0.0034023730269117976
2011-04-18,-0.002455882667219183
2011-04-19,-0.004204495008847597
2011-04-20,-0.0009698191652227548
2011-04-21,0.0010477900986295345
2011-04-25,-0.0006692727778638977
2011-04-26,0.0003413340002034993
2011-04-27,0.0018961785294299394
2011-04-28,0.002820523355496893
2011-04-29,-0.0046817604160478785
2011-05-02,0.0007886391452509743
2011-05-03,0.001856157247808915
2011-05-04,0.006362174914134589
2011-05-05,0.0029578972306882603
2011-05-06,-0.0008278300274439227
2011-05-09,-0.009287629271038406
2011-05-10,0.0006766628307564092
2011-05-11,0.008340568618447177
2011-05-12,0.002831452734102214
2011-05-13,-0.004310189933720867
2011-05-16,-0.006231764193655884
2011-05-17,-0.001903192660573052
2011-05-18,-0.00768480094458261
2011-05-19,-0.0018332166802388615
2011-05-20,-0.004226779421384415
2011-05-23,-0.00034293003660108173
2011-05-24,-0.003275251190409453
2011-05-25,-0.0068801780375458135
2011-05-26,-0.0025430007101163404
2011-05-27,-0.001503942634155098
2011-05-31,0.001738646652965795
2011-06-01,-0.0028443760345891167
2011-06-02,-0.0027482983118420146
2011-06-03,-0.005008841147877993
2011-06-06,-0.0003927380420504227
2011-06-07,-0.0012422554050985609
2011-06-08,-0.005184716772619379
2011-06-09,-0.0048168698108796105
2011-06-10,-0.0019388129073115788
2011-06-13,0.001331777661651178
2011-06-14,-0.004264606760731919
2011-06-15,-0.001449905057346408
2011-06-16,-0.003422776483183885
2011-06-17,-0.000483700757665129
2011-06-20,-0.0037494883744552
2011-06-21,9.96608153440502e-06
2011-06-22,-0.0018900146040793822
2011-06-23,0.002290281887504805
2011-06-24,-0.002290109275378394
2011-06-27,-0.0017405819148939698
2011-06-28,-0.004470044906800789
2011-06-29,-0.003413855874947936
2011-06-30,-0.003031289208616795
2011-07-01,0.0006335172481182923
2011-07-05,-0.004836909597312893
2011-07-06,-0.0038861314999462777
2011-07-07,-0.0036915120454028326
2011-07-08,-0.005566168257179713
2011-07-11,-0.002621781890253401
2011-07-12,-0.0004286939737840603
2011-07-13,-0.0034546475662969615
2011-07-14,-0.007883296663461825
2011-07-15,-0.007738470366446962
2011-07-18,-0.008173520103581536
2011-07-19,0.0016243438562120816
2011-07-20,-0.004252885114814412
2011-07-21,-0.004782559004772855
2011-07-22,0.003289115447338463
2011-07-25,-0.00016667027528822608
2011-07-26,-0.004440645089099254
2011-07-27,-0.0009145089814863072
2011-07-28,-0.0031850344703306583
2011-07-29,-0.0006633299379519351
2011-08-01,-0.0009119027852886666
2011-08-02,-0.0049656134704721844
2011-08-03,0.0012861872366420309
2011-08-04,-0.0010053915783801335
2011-08-05,-0.003103917263164765
2011-08-08,-0.005027334105771279
2011-08-09,0.0007510485220494066
2011-08-10,-0.004756612949433685
2011-08-11,0.00021039402994375064
2011-08-12,-0.00473571336687306
2011-08-15,0.0017313549639817148
2011-08-16,0.0023841247504146137
2011-08-17,-0.005495392679101371
2011-08-18,-0.0034143921937721255
2011-08-19,-0.002799941183201973
2011-08-22,-0.002599343969133992
2011-08-23,0.0006020108369923626
2011-08-24,-0.00580650706455732
2011-08-25,-0.0030750902989614966
2011-08-26,0.0005310921252493811
2011-08-29,0.006934380325383006
2011-08-30,-0.003078194614372305
2011-08-31,-0.005715223755593892
2011-09-01,-0.0061272820925725915
2011-09-02,-0.012783761361793619
2011-09-06,0.0017927177051268353
2011-09-07,0.008644260237576083
2011-09-08,-0.0011245263825803117
2011-09-09,0.0011701437332557211
2011-09-12,0.003441841267686834
2011-09-13,0.0024047560144716588
2011-09-14,0.004984737049660665
2011-09-15,-0.005414151552680802
2011-09-16,-0.005197150411558526
2011-09-19,-0.012321727877564002
2011-09-20,-0.0067754868841688526
2011-09-21,-0.004287608310378204
2011-09-22,0.005698456219192317
2011-09-23,0.00910256746651223
2011-09-26,-0.010630960288177112
2011-09-27,-0.0015605445715626315
2011-09-28,0.0005947299094036973
2011-09-29,-0.006578279809260261
2011-09-30,-0.002663089863839614
2011-10-03,-0.013493905003368799
2011-10-04,0.007434159590991558
2011-10-05,0.005580532117711746
2011-10-06,0.002474402754430002
2011-10-07,-0.007327263040647683
2011-10-10,-0.011298112510960726
2011-10-11,-0.0002114741292433683
2011-10-12,0.00447312545244896
2011-10-13,0.006011797828991514
2011-10-14,-0.009686953066536514
2011-10-17,-0.00549484556589913
2011-10-18,0.005113391417444917
2011-10-19,-0.00046669132601329035
2011-10-20,-0.004922537290327524
2011-10-21,-0.0007461231759316787
2011-10-24,0.0011818200208766557
2011-10-25,-0.01349542286421822
2011-10-26,-0.01331113072393652
2011-10-27,-0.002066782082821141
2011-10-28,-0.00088692032621881
2011-10-31,0.002614448643161533
2011-11-01,-0.0023392200047775828
2011-11-02,-0.00025457579921234663
2011-11-03,-0.00015651345437488976
2011-11-04,-0.0006283085775197908
2011-11-07,-0.004082654990605684
2011-11-08,-0.0021552228846847175
2011-11-09,-0.0025821154981674694
2011-11-10,-0.0012061715251744658
2011-11-11,0.003344438512893424
2011-11-14,-0.005893636011273051
2011-11-15,-0.0003216108537869532
2011-11-16,-0.0004268516004650414
2011-11-17,-0.0023008342714994725
2011-11-18,0.0019675861010532516
2011-11-21,-0.002032819889217116
2011-11-22,-0.0009136964376792959
2011-11-23,-0.005409721086564953
2011-11-25,-0.005766058733853183
2011-11-28,0.004013863893443369
2011-11-29,-0.0016326216623214543
2011-11-30,-0.0020544653944693735
2011-12-01,0.001068543408873149
2011-12-02,-0.002245542520148739
2011-12-05,0.003565416154679581
2011-12-06,-0.006205500666490581
2011-12-07,0.0034705639579140106
2011-12-08,-0.008457278828535812
2011-12-09,-0.0030103816849472906
2011-12-12,0.0011187560064316738
2011-12-13,-0.008493503161634771
2011-12-14,-0.00039618952407557886
2011-12-15,9.209182131178647e-05
2011-12-16,-0.004704711703500538
2011-12-19,-0.006237630803043558
2011-12-20,-0.0007812421475808479
2011-12-21,-0.00405164019673115
2011-12-22,0.011873513453010342
2011-12-23,-0.003404171832115554
2011-12-27,-0.0025528647771665856
2011-12-28,-0.0033238541925810702
2011-12-29,-0.0025233764930445634
2011-12-30,-9.76401532079708e-05
2012-01-03,0.00030112272913782674
2012-01-04,0.0010785062030097222
2012-01-05,0.004566556779971564
2012-01-06,0.00046915141861027286
2012-01-09,0.009623515581064345
2012-01-10,0.005479520719175036
2012-01-11,0.0032695189199271205
2012-01-12,-0.0005656962017574945
2012-01-13,-0.00482149100179358
2012-01-17,-0.0015790779634915879
2012-01-18,0.006841478895226855
2012-01-19,0.004537766387830435
2012-01-20,-0.004861240018552666
2012-01-23,-0.0029980109269244293
2012-01-24,-0.0017168032344552235
2012-01-25,-0.006536078573389967
2012-01-26,0.0058839041423765295
2012-01-27,-0.00393317714691084
2012-01-30,-0.0016730816765250598
2012-01-31,-0.0014755489813274261
2012-02-01,0.0036045773214137475
2012-02-02,-0.004906874069209484
2012-02-03,0.006970300570002509
2012-02-06,-0.0013349616998781977
2012-02-07,-0.002753455158484731
2012-02-08,0.00012372169663987754
2012-02-09,-0.0027160229706931992
2012-02-10,-0.0020163509124636356
2012-02-13,-0.0017168780412486382
2012-02-14,-0.00010259471479376553
2012-02-15,-0.0025103299759364588
2012-02-16,-0.000861362721205068
2012-02-17,-0.002836911732737102
2012-02-21,-0.007554343345498594
2012-02-22,-0.007878200426637614
2012-02-23,-9.053271578413069e-05
2012-02-24,-0.0055547218575087145
2012-02-27,0.00027367834788478073
2012-02-28,-0.0009183812115291456
2012-02-29,-0.005787389100285866
2012-03-01,4.224486573817417e-05
2012-03-02,0.0010712575958968908
2012-03-05,-0.0014862778887273177
2012-03-06,0.003241628593718123
2012-03-07,-0.0024059958235003085
2012-03-08,0.005108751503668584
2012-03-09,0.003399605611612823
2012-03-12,-0.0033136446471373118
2012-03-13,-0.00114041058186798
2012-03-14,-0.0009538802407659018
2012-03-15,0.006639446575190016
2012-03-16,0.0016617206520659449
2012-03-19,-0.00633614511377333
2012-03-20,-0.0020009753477065613
2012-03-21,0.0022418571034959556
2012-03-22,0.003421345942327592
2012-03-23,-0.0051259598831173685
2012-03-26,0.005039290951042848
2012-03-27,0.0016761868019879108
2012-03-28,-0.003351260198110916
2012-03-29,-0.002796867428517632
2012-03-30,-0.006491443484711129
2012-04-02,-0.004890851979547901
2012-04-03,-0.005325030995716733
2012-04-04,-0.0014878657341671321
2012-04-05,-2.0641604613922792e-05
2012-04-09,-0.003441393138368441
2012-04-10,-0.0003005424932152915
2012-04-11,0.002634326623044128
2012-04-12,-0.00192840574152947
2012-04-13,-0.004613354536591962
2012-04-16,-0.005523529117104199
2012-04-17,0.004555566938775411
2012-04-18,-0.002279097939396529
2012-04-19,0.00010322701273083679
2012-04-20,-0.004514861844896429
2012-04-23,-0.005248718263963517
2012-04-24,-0.006496081414324894
2012-04-25,-0.001461629295243034
2012-04-26,0.0002511059735019476
2012-04-27,0.0028040997756689228
2012-04-30,-0.002979472178209491
2012-05-01,-0.0021550599101571727
2012-05-02,0.0012632784472218599
2012-05-03,-0.007006378309348804
2012-05-04,-0.0012116428522421692
2012-05-07,0.001766341132624527
2012-05-08,-0.0061509988603558816
2012-05-09,0.0007404404448706227
2012-05-10,-0.00044145995577633346
2012-05-11,0.008383186663537413
2012-05-14,-0.0010351883655108326
2012-05-15,-0.003468612022255203
2012-05-16,-0.0024346027851864533
2012-05-17,0.0013635067386623845
2012-05-18,-0.010485791061413022
2012-05-21,0.0005138085336075797
2012-05-22,-0.005779470251621382
2012-05-23,0.0013774213468976662
2012-05-24,-0.0010350584282861806
2012-05-25,0.003117228076760494
2012-05-29,0.0009962184919016356
2012-05-30,-0.006610657531532888
2012-05-31,-0.004881142021133712
2012-06-01,-0.007405475611347228
2012-06-04,-0.005223727344255476
2012-06-05,0.0025580175743057923
2012-06-06,0.00041535884544999496
2012-06-07,-0.009669649771515297
2012-06-08,0.004015677709042204
2012-06-11,-0.007963821325689398
2012-06-12,0.006434274937694667
2012-06-13,-0.007055772988946423
2012-06-14,-0.003860054683199339
2012-06-15,0.0012630043654325675
2012-06-18,-0.0020759997066023285
2012-06-19,0.00395024614650005
2012-06-20,0.0005219677831496609
2012-06-21,-0.005879106033766436
2012-06-22,0.0009711635895985149
2012-06-25,-0.006318840326654909
2012-06-26,-0.0068782721159212235
2012-06-27,-0.0035355297314653353
2012-06-28,-0.002310941351150762
2012-06-29,0.005229381242481136
2012-07-02,-0.0019995410347975803
2012-07-03,0.009000344732042786
2012-07-05,-0.0011935806104808732
2012-07-06,-0.0073191470278856
2012-07-09,-0.006066405744898493
2012-07-10,-0.011205334219626594
2012-07-11,0.0017425241101511235
2012-07-12,-0.008328812346298916
2012-07-13,-0.0021452709809127836
2012-07-16,-0.0037904818818039893
2012-07-17,-0.00301580495509079
2012-07-18,-0.0022167428093564042
2012-07-19,-0.00260864862023321
2012-07-20,-0.01631264370525967
2012-07-23,-0.0070363096192379284
2012-07-24,-0.006020852729483713
2012-07-25,-0.010177932355941282
2012-07-26,-0.001873521578948976
2012-07-27,0.008081845558559066
2012-07-30,-0.005190598021697582
2012-07-31,0.0057436733433790885
2012-08-01,-0.007343234890958042
2012-08-02,0.0018431869711560116
2012-08-03,0.004458948298792481
2012-08-06,0.004693556535176634
2012-08-07,0.0019933316985319954
2012-08-08,0.0016735890006196732
2012-08-09,0.0016451007221632225
2012-08-10,-0.0015331728079063126
2012-08-13,-0.0032595082786991874
2012-08-14,-0.0073171079227932374
2012-08-15,0.0033908014915245118
2012-08-16,-0.0013672182843033434
2012-08-17,-0.003713697587169613
2012-08-20,0.0004980565986399837
2012-08-21,-0.0005193405007497013
2012-08-22,-0.005723836291750934
2012-08-23,-0.007236596472327161
2012-08-24,-0.004815110245449564
2012-08-27,-0.007734573752145091
2012-08-28,-0.0016926497592774465
2012-08-29,0.0008609936997683049
2012-08-30,-0.0013743550215548318
2012-08-31,-0.0046465615515062075
2012-09-04,-0.004877806299197107
2012-09-05,-0.004066759710710663
2012-09-06,0.009091109162003341
2012-09-07,0.0008605720574525388
2012-09-10,0.0006129114156449885
2012-09-11,0.00347940178608487
2012-09-12,0.0026189734429856483
2012-09-13,-0.0028894030629324566
2012-09-14,0.0022296844172502855
2012-09-17,-0.004988250660190928
2012-09-18,-0.01078923079822255
2012-09-19,0.003088720889462773
2012-09-20,-0.0040808745062919675
2012-09-21,0.00014329106836333673
2012-09-24,-0.007010936211335122
2012-09-25,-0.008939259576173609
2012-09-26,-0.0008825574528585604
2012-09-27,-3.583745287238406e-05
2012-09-28,-0.005779350310330283
2012-10-01,-0.00668417583890409
2012-10-02,-0.0018025496240560445
2012-10-03,-0.002981884285902392
2012-10-04,0.0016080018394836267
2012-10-05,-0.0029801981121645783
2012-10-08,-0.0003503832370219133
2012-10-09,-0.004892235218609261
2012-10-10,3.0021795065881922e-05
2012-10-11,0.006245592169722673
2012-10-12,-0.008880386908914885
2012-10-15,-0.0012378928364104006
2012-10-16,0.0012706024222109615
2012-10-17,-0.0014528117563035077
2012-10-18,-0.004926666477890445
2012-10-19,-0.015368075649636315
2012-10-22,-0.0023458505679614713
2012-10-23,0.002937190525464611
2012-10-24,-0.015154675017351276
2012-10-25,0.005849246990595045
2012-10-26,0.004136619562426414
2012-10-31,0.0011291821656811102
2012-11-01,0.0067429152964201084
2012-11-02,0.0006838001212010492
2012-11-05,0.004692864187547912
2012-11-06,0.0025220774296706534
2012-11-07,-0.0037632221631538083
2012-11-08,-0.004349351926343529
2012-11-09,-0.003167308196447715
2012-11-12,-0.0031538214399882566
2012-11-13,3.469622454953681e-05
2012-11-14,-0.0039158935297119125
2012-11-15,-0.0017617504857708167
2012-11-16,-0.009473947854091846
2012-11-19,0.0012148915664818287
2012-11-20,-0.00722908966783075
2012-11-21,0.0017948372045664268
2012-11-23,0.001581658501518228
2012-11-26,0.001295439942371906
2012-11-27,0.00016599698981495728
2012-11-28,0.0019980126061116673
2012-11-29,0.00105342567924459
2012-11-30,0.00012931645550727814
2012-12-03,-0.0018979300583212516
2012-12-04,0.008861489308807882
2012-12-05,0.004201812409623145
2012-12-06,0.00360513301597186
2012-12-07,-0.002834896598355943
2012-12-10,0.004078013540940575
2012-12-11,-0.0011694181760402173
2012-12-12,0.003056966020120625
2012-12-13,0.0011354349557276147
2012-12-14,0.0004234039141088519
2012-12-17,-0.002938709943624084
2012-12-18,0.0049972222354242495
2012-12-19,0.0013810981763592535
2012-12-20,-0.0032738813759946596
2012-12-21,0.00017033113259738958
2012-12-24,-0.003757065576447971
2012-12-26,-0.0010864496244804684
2012-12-27,-0.0015889273220509779
2012-12-28,-0.003022660622700372
2012-12-31,0.0031174235031904084
2013-01-02,0.00488261024540103
2013-01-03,2.2003883007168726e-05
2013-01-04,-0.008006923865760879
2013-01-07,-0.0016073347587811275
2013-01-08,-0.008566111777509095
2013-01-09,-0.008069521262662385
2013-01-10,0.00036866546631320486
2013-01-11,-0.0026213278685578156
2013-01-14,-0.002616648740694783
2013-01-15,-0.008190561377190216
2013-01-16,-0.004702891641705919
2013-01-17,-0.001960331937449749
2013-01-18,-0.006319289027924043
2013-01-22,-0.004406696275428552
2013-01-23,-0.010075962844630072
2013-01-24,0.003188901365307498
2013-01-25,-0.0009195195570141806
2013-01-28,-0.0026254927921856097
2013-01-29,-0.009428152111431496
2013-01-30,-0.0014795031300795184
2013-01-31,-0.009376500265310731
2013-02-01,-0.005725883008381623
2013-02-04,-0.001292711271286804
2013-02-05,-0.002668587779125862
2013-02-06,0.00022984779788760758
2013-02-07,-0.0004059366734765939
2013-02-08,-0.0033656371015981
2013-02-11,0.0007122808446038296
2013-02-12,-0.0046434137061084416
2013-02-13,0.0005342998871008036
2013-02-14,-0.0031459658894888096
2013-02-15,-0.00422121158336887
2013-02-19,-0.0020521283883619653
2013-02-20,-0.010140161909637799
2013-02-21,-0.009691433391798392
2013-02-22,0.0004697764015450627
2013-02-25,-0.007497918105863819
2013-02-26,-0.0014336198561566323
2013-02-27,-0.007972354997334476
2013-02-28,-0.006845819383767333
2013-03-01,-0.003816108685274896
2013-03-04,-0.013073520098803425
2013-03-05,-0.004702229908406186
2013-03-06,-0.006027811523796234
2013-03-07,-0.005973390761505778
2013-03-08,-0.006654385066434222
2013-03-11,-0.00446664894832496
2013-03-12,-0.001624295553539894
2013-03-13,-0.00029389245256788814
2013-03-14,-0.00887706456631397
2013-03-15,-0.005123908497470582
2013-03-18,0.001003948952982974
2013-03-19,-0.005917624114613037
2013-03-20,-0.0047300396304545056
2013-03-21,-0.00633213414480852
2013-03-22,-0.0024850293634244265
2013-03-25,-0.00426273926930322
2013-03-26,-0.006945701173573182
2013-03-27,-0.009504333665905227
2013-03-28,-0.0035602698905164345
2013-04-01,-0.007515340428556429
2013-04-02,-0.01770508789613219
2013-04-03,-0.002883100642497877
2013-04-04,-0.007137977698284902
2013-04-05,0.001430299279777887
2013-04-08,-0.0043063270746028235
2013-04-09,0.002739919451002615
2013-04-10,0.0012553294842154931
2013-04-11,-0.007898330183449511
2013-04-12,-0.001163034734772186
2013-04-15,-0.009448144253418857
2013-04-16,-0.0032259850519231505
2013-04-17,-0.008885482307779038
2013-04-18,-0.004017777519973056
2013-04-19,-0.006920616304151356
2013-04-22,-0.0031455646871397314
2013-04-23,0.00330478035998894
2013-04-24,-0.009728092226135823
2013-04-25,-0.006126326811840083
2013-04-26,0.0021117570693073564
2013-04-29,-0.000111896960915122
2013-04-30,-0.005453570647812513
2013-05-01,-0.001978994502415873
2013-05-02,-0.007079489405826002
2013-05-03,-0.0021623430936070337
2013-05-06,-0.005027854693854928
2013-05-07,-0.00829847527914249
2013-05-08,0.003135361804656819
2013-05-09,-0.0020007754022915982
2013-05-10,-0.006731510661586208
2013-05-13,-0.0073782290753795846
2013-05-14,-0.005819833637854868
2013-05-15,-0.00029831020140230844
2013-05-16,0.0014019895102268575
2013-05-17,-0.00497912269287137
2013-05-20,-0.010088100808890148
2013-05-21,-0.003677634635152183
2013-05-22,-0.005115620540073292
2013-05-23,0.0012134199902737964
2013-05-24,-0.004650289631175598
2013-05-28,-0.004772273248737989
2013-05-29,-0.0013402203238508572
2013-05-30,-0.008608465206571088
2013-05-31,0.0005178221529281526
2013-06-03,-0.0015849834047116699
2013-06-04,-0.011709467255104536
2013-06-05,-0.0017226509625915811
2013-06-06,-0.004790054893569403
2013-06-07,0.0013443854256429992
2013-06-10,-0.0037248646208749743
2013-06-11,-0.0005419996666269577
2013-06-12,-0.009048255670770802
2013-06-13,-0.006407697280478072
2013-06-14,-0.004581468405825708
2013-06-17,-0.0004367964282428645
2013-06-18,-0.002516448103250809
2013-06-19,-0.004121025510968327
2013-06-20,-0.003985986090569337
2013-06-21,-0.007293459252538286
2013-06-24,-0.019110734864447206
2013-06-25,0.0037484352606450885
2013-06-26,-0.008549638708966795
2013-06-27,-0.0010750311895793047
2013-06-28,-0.004278181345233285
2013-07-01,-0.002915573617216383
2013-07-02,-0.004293387823232178
2013-07-03,-0.0050996562712733425
2013-07-05,-0.004754949017157771
2013-07-08,-0.0006401005372073322
2013-07-09,-0.0069192110988536126
2013-07-10,-0.007175780675044947
2013-07-11,-0.00428834870569658
2013-07-12,0.001520809912244181
2013-07-15,-0.003654488128914914
2013-07-16,-0.003317407069534915
2013-07-17,-0.002264570210591483
2013-07-18,-0.006608239846017718
2013-07-19,-0.00963535048476963
2013-07-22,-0.00482875527577402
2013-07-23,-0.0024897697815774015
2013-07-24,-0.004457720032114719
2013-07-25,-0.004234828806790739
2013-07-26,-0.007966288532287862
2013-07-29,-0.006057250418356388
2013-07-30,-0.005768468936004934
2013-07-31,-0.008481509819276898
2013-08-01,-0.0027639976369124852
2013-08-02,-0.0053604153571503105
2013-08-05,-0.003929544908186483
2013-08-06,-0.005095461969623104
2013-08-07,-0.006068845952096708
2013-08-08,-0.0007346915520532959
2013-08-09,-0.007069355646084613
2013-08-12,-0.0054719759581529515
2013-08-13,0.0004985672257466203
2013-08-14,0.002864269894861593
2013-08-15,-0.007604317038620274
2013-08-16,-0.0018278980973013871
2013-08-19,-0.010310667472413566
2013-08-20,-0.0008130755147199463
2013-08-21,-0.004508738007299552
2013-08-22,-0.012676860795251363
2013-08-23,-0.0027235991554776873
2013-08-26,-0.007400990289688624
2013-08-27,0.001180600748535648
2013-08-28,-0.008513705990669853
2013-08-29,-0.0008265519382963408
2013-08-30,-0.005501850660233298
2013-09-03,2.03072534981771e-05
2013-09-04,-0.0034758178353274626
2013-09-05,-0.0022522488759624077
2013-09-06,-0.005496093676443883
2013-09-09,-0.004989989359753797
2013-09-10,-0.0016042251372143962
2013-09-11,-0.0053916369284337665
2013-09-12,-0.007525243486209107
2013-09-13,-0.004141157934401326
2013-09-16,-0.009008171364705225
2013-09-17,-0.002842128704442033
2013-09-18,-0.008964979808281238
2013-09-19,-0.011049734831309981
2013-09-20,-0.0022541238381343243
2013-09-23,-0.0013459682624860757
2013-09-24,-0.00613610319660735
2013-09-25,-0.007733618182507324
2013-09-26,-0.0009638099184732917
2013-09-27,-0.011150829877888324
2013-09-30,-0.001979788347033188
2013-10-01,-0.004520549241316937
2013-10-02,-0.0068446285568871884
2013-10-03,-0.0036465587785632653
2013-10-04,-0.004849675360689944
2013-10-07,-0.0052405957026815195
2013-10-08,-0.003332568174781461
2013-10-09,-0.005250121550142398
2013-10-10,0.0020582273482271686
2013-10-11,-0.010289159976423155
2013-10-14,-0.0005635706885217251
2013-10-15,-0.003446593943448806
2013-10-16,-0.007850007683586006
2013-10-17,-0.001059208382146356
2013-10-18,0.005189942891142482
2013-10-21,-0.007815869333988437
2013-10-22,-0.005276292524210071
2013-10-23,-0.009604802714464128
2013-10-24,-0.006444783812222517
2013-10-25,-0.004646794226017007
2013-10-28,-0.000567458133556009
2013-10-29,4.11343073720271e-05
2013-10-30,-0.0032618305463166636
2013-10-31,-0.00512504824650587
2013-11-01,-0.006587734049976592
2013-11-04,-0.003616693721565163
2013-11-05,0.0015621451483657667
2013-11-06,-0.0069548269302634
2013-11-07,-0.009969645078701059
2013-11-08,0.004118533399815182
2013-11-11,-0.00594425132879676
2013-11-12,-0.001942430911574065
2013-11-13,-0.003556713546275045
2013-11-14,-0.002938727302082124
2013-11-15,-0.002714583125999079
2013-11-18,-0.00968828271516153
2013-11-19,-0.007130707335273487
2013-11-20,-0.0038558482652867937
2013-11-21,-0.006097127470647329
2013-11-22,-0.010175508500859753
2013-11-25,-0.0027990886020865142
2013-11-26,-0.002427569646740401
2013-11-27,-4.980368325594592e-05
2013-11-29,-0.005286568708568608
2013-12-02,-0.002811674134478076
2013-12-03,0.0025785485247727447
2013-12-04,-0.0023278580630661135
2013-12-05,-0.007020189657539411
2013-12-06,-0.0045280125741548015
2013-12-09,-0.0047266046576543526
2013-12-10,-0.006279364895946268
2013-12-11,0.0008192990943826145
2013-12-12,-0.003554400783443528
2013-12-13,-0.005287355896276367
2013-12-16,-0.005715541859660312
2013-12-17,-0.004473818063662969
2013-12-18,-0.004448071994625241
2013-12-19,-0.005116877206592627
2013-12-20,-0.00014659308788004264
2013-12-23,-0.000906829727295424
2013-12-24,-0.0038371615491418873
2013-12-26,-0.004122848663739517
2013-12-27,-0.0033653389635836164
2013-12-30,-0.002528557322639151
2013-12-31,-0.0008756148961166525
2014-01-02,0.001367910310798083
2014-01-03,-0.0006605868301992608
2014-01-06,0.00220509550518606
2014-01-07,-0.0048857684235658816
2014-01-08,0.0016883095243569802
2014-01-09,-0.00234570336816797
2014-01-10,0.0002651881549078317
2014-01-13,0.0046421490704689
2014-01-14,-0.0055751676488660215
2014-01-15,0.004027504364892216
2014-01-16,-0.0024606011651941077
2014-01-17,-0.006176781325391137
2014-01-21,-0.004083289219116416
2014-01-22,-0.0018635682973793875
2014-01-23,0.006331457503582486
2014-01-24,0.00027328315707395625
2014-01-27,-0.0009957299574983962
2014-01-28,-0.003055172054344627
2014-01-29,-8.991856616555158e-05
2014-01-30,-0.009544490278740415
2014-01-31,0.004464447197687654
2014-02-03,-0.002247963368262286
2014-02-04,-0.005208285203355675
2014-02-05,0.0027870333865792998
2014-02-06,0.002409937641627935
2014-02-07,-0.005232883923313622
2014-02-10,-0.0024268797863558136
2014-02-11,-0.00022340255145003425
2014-02-12,-0.0004566068510172812
2014-02-13,-0.0020761913310295413
2014-02-14,-1.6157795158008937e-05
2014-02-18,-0.005979737266889881
2014-02-19,-0.003796809874295281
2014-02-20,-0.0001936465012803325
2014-02-21,-0.0021632965550251277
2014-02-24,-0.0034035056951349585
2014-02-25,0.0005899370037888905
2014-02-26,0.006022147114602757
2014-02-27,-0.002241061878270438
2014-02-28,-0.001662550686317949
2014-03-03,-0.000714381935676459
2014-03-04,0.002022189775719081
2014-03-05,0.0042000210434368895
2014-03-06,0.004093276206112274
2014-03-07,0.0019708405215531698
2014-03-10,-0.003008118575068333
2014-03-11,0.0002214071388186771
2014-03-12,0.0003951574349587727
2014-03-13,0.0016774922110783699
2014-03-14,0.0009789026327688332
2014-03-17,-0.0021064553153768524
2014-03-18,0.0020196300815066787
2014-03-19,0.0025691536962222598
2014-03-20,0.0053877881783702805
2014-03-21,0.00721489143324222
2014-03-24,0.0018649723848460952
2014-03-25,-0.0006708868100159672
2014-03-26,0.0019507424458659853
2014-03-27,-0.006339961131986236
2014-03-28,0.003095726868840512
2014-03-31,-0.0023304635894103223
2014-04-01,4.123393249464721e-05
2014-04-02,4.588119580474859e-05
2014-04-03,-0.00014644412827500983
2014-04-04,0.00017751634055886132
2014-04-07,-0.002573943494119602
2014-04-08,0.0030160692796673055
2014-04-09,-0.008514661992006001
2014-04-10,0.0016462292854381674
2014-04-11,-0.0013414018797402658
2014-04-14,-0.0012147462967670815
2014-04-15,-0.0018261889943286713
2014-04-16,-0.0022376169915750547
2014-04-17,-0.00032981420813647214
2014-04-21,-0.0027222585186893215
2014-04-22,-0.0025349223654914026
2014-04-23,-0.0007530998963017157
2014-04-24,0.002606127396785147
2014-04-25,-0.0012855888498100841
2014-04-28,0.0011969333305754655
2014-04-29,-0.004711074363357225
2014-04-30,-0.00147332773916782
2014-05-01,-0.0012312409724143816
2014-05-02,0.002261232500164474
2014-05-05,-0.004915876350997397
2014-05-06,-0.005344645247152106
2014-05-07,-0.005715167663607066
2014-05-08,0.006915104720302894
2014-05-09,-0.003587511806594104
2014-05-12,-0.0008607848710491028
2014-05-13,0.002005008727353375
2014-05-14,-0.0004191112318986588
2014-05-15,0.0001395156389808907
2014-05-16,0.002824635943997919
2014-05-19,-0.00045391035184600553
2014-05-20,0.001396659651638477
2014-05-21,-0.0015635844174580395
2014-05-22,-0.00040965876955357427
2014-05-23,0.0035593081625856023
2014-05-27,-0.001515754102581327
2014-05-28,0.0006450295254185179
2014-05-29,-0.000822658165763136
2014-05-30,-0.0003258338303179994
2014-06-02,-0.0007673164862136518
2014-06-03,0.0005341471218086767
2014-06-04,0.0017663971815855618
2014-06-05,0.0033148386198570165
2014-06-06,0.001854122863771391
2014-06-09,0.0005110319534131191
2014-06-10,0.001196118787462744
2014-06-11,-0.0025951995764425056
2014-06-12,-0.0011525993660065452
2014-06-13,0.002611068451097524
2014-06-16,0.0009302883620221905
2014-06-17,0.0066271497906691505
2014-06-18,-0.001634101363328666
2014-06-19,-0.002513258093702038
2014-06-20,-0.005594015494223173
2014-06-23,0.0036154434402251782
2014-06-24,-0.0012349937921584545
2014-06-25,-0.004482925776238269
2014-06-26,-0.0018575662848020098
2014-06-27,0.000255904652218242
2014-06-30,0.0017196493890020673
2014-07-01,0.000984062387021479
2014-07-02,0.0006087254492293427
2014-07-03,0.000127145528875835
2014-07-07,0.003134427733247146
2014-07-08,-0.0010678458126675563
2014-07-09,-0.0005477044066373156
2014-07-10,0.0011031290850968482
2014-07-11,0.004208694162905554
2014-07-14,0.0008098345855753633
2014-07-15,0.004852183457562151
2014-07-16,-0.001768761198481937
2014-07-17,0.00449301513092693
2014-07-18,-0.00011377441599469783
2014-07-21,-0.00025324755790150094
2014-07-22,-0.0015385730513340016
2014-07-23,-0.0009183323792963477
2014-07-24,0.0003426117197994295
2014-07-25,-0.0023260007257783805
2014-07-28,0.0027419012251917066
2014-07-29,-0.0024825476651588606
2014-07-30,0.0003328465550108997
2014-07-31,0.0023246878954069562
2014-08-01,-0.002776323260262848
2014-08-04,-0.002087144507342571
2014-08-05,0.00148609711929872
2014-08-06,0.004318098156020731
2014-08-07,0.0029705477058539474
2014-08-08,-0.0026113682609387266
2014-08-11,0.0015041839101639076
2014-08-12,0.0030253690659844657
2014-08-13,-0.003024500460211387
2014-08-14,0.002184060105469404
2014-08-15,-0.0012483962486927885
2014-08-18,0.002817675887051299
2014-08-19,-0.0007038436839052493
2014-08-20,-0.0019430627762411414
2014-08-21,0.0038833359279464743
2014-08-22,0.002438182484747152
2014-08-25,-0.003909281701423129
2014-08-26,0.0005616337406796363
2014-08-27,0.0026558236416010564
2014-08-28,0.0002797930593395105
2014-08-29,-0.0004214880552093508
2014-09-02,0.001036537666306108
2014-09-03,-0.0040766144474172275
2014-09-04,0.006240410778979874
2014-09-05,-7.559919586893848e-05
2014-09-08,0.0008994746051646613
2014-09-09,-0.0017696648719071134
2014-09-10,0.000762232599661504
2014-09-11,0.0011248307399699157
2014-09-12,0.002026640174167189
2014-09-15,0.0005041687160716214
2014-09-16,-0.005878028635178231
2014-09-17,0.0033809745651526366
2014-09-18,0.0010848427168290134
2014-09-19,-0.00026651962445035406
2014-09-22,0.0006808274574998013
2014-09-23,-0.0012501056034673486
2014-09-24,-0.005591623080862439
2014-09-25,0.0016698179521642616
2014-09-26,0.00146965004796406
2014-09-29,-0.003741264668798262
2014-09-30,0.00399167518178109
2014-10-01,0.0008616264726608192
2014-10-02,0.00361722412034909
2014-10-03,-0.0051048981686874296
2014-10-06,0.005272425932794423
2014-10-07,0.0008992401082254039
2014-10-08,-0.0017081737804097562
2014-10-09,0.002560848674427807
2014-10-10,-0.0015196809171274953
2014-10-13,0.008179144700631491
2014-10-14,0.009891392069130122
2014-10-15,-0.004133095815563212
2014-10-16,-0.016877717524488925
2014-10-17,-0.005259773727464899
2014-10-20,0.0008782726645270272
2014-10-21,-0.008042683353894412
2014-10-22,0.009077371626458578
2014-10-23,-0.007186915011424808
2014-10-24,-0.0039984648296953465
2014-10-27,0.002092574841938098
2014-10-28,-0.003201442650938014
2014-10-29,0.0008410239216289018
2014-10-30,-0.005668493347448307
2014-10-31,0.0003043796379923948
2014-11-03,0.0026850584586985897
2014-11-04,0.002692920555841665
2014-11-05,0.00016843198480992878
2014-11-06,-4.468642493515167e-05
2014-11-07,0.005941276047761232
2014-11-10,-0.0018640496074263917
2014-11-11,0.0018099978658336277
2014-11-12,0.0019587853419226566
2014-11-13,0.003376584075586065
2014-11-14,0.005353682840916238
2014-11-17,-0.0008884724854189176
2014-11-18,-0.00339659540816675
2014-11-19,-0.0016419897737464256
2014-11-20,0.004208281933976443
2014-11-21,-0.0016136569392345707
2014-11-24,-0.0033936667580877723
2014-11-25,0.0005971642487615702
2014-11-26,0.0015393097245503182
2014-11-28,0.004211766823259649
2014-12-01,-0.003971459748859371
2014-12-02,-0.004855918755690544
2014-12-03,-0.0001319362244852153
2014-12-04,0.00022189575240803708
2014-12-05,-0.001726467801197906
2014-12-08,-0.0030119915521388454
2014-12-09,-0.0007401919268057283
2014-12-10,0.0005737712884677282
2014-12-11,-0.0006497552268281527
2014-12-12,-0.0031898851075122508
2014-12-15,-0.0038712548941098653
2014-12-16,0.0033079557243385835
2014-12-17,0.005699003061902848
2014-12-18,-0.004147225645521269
2014-12-19,-0.00208042214710201
2014-12-22,0.00563318291509224
2014-12-23,0.005229279191341261
2014-12-24,-0.0018944586334224444
2014-12-26,-7.076210456552934e-05
2014-12-29,-2.4230563503946538e-05
2014-12-30,0.002821086395230894
2014-12-31,0.0007088761929993766
2015-01-02,-0.0026755947362901316
2015-01-05,0.006581430663651395
2015-01-06,0.0006957274111678079
2015-01-07,-0.0030841887229529187
2015-01-08,0.0006962669680159959
2015-01-09,-0.0022128369394183844
2015-01-12,0.005950721328429366
2015-01-13,4.5079287197142865e-05
2015-01-14,-0.008474603831260717
2015-01-15,0.000566373962123846
2015-01-16,-0.007447202980279875
2015-01-20,0.000667865828245927
2015-01-21,-0.0016328423964191267
2015-01-22,0.00687433908463247
2015-01-23,-0.0044153287657658635
2015-01-26,-0.0035290831261200616
2015-01-27,-0.0061055298642047765
2015-01-28,0.004902162684359046
2015-01-29,-0.0024631184812770753
2015-01-30,0.004249762189175136
2015-02-02,-0.001886690807306478
2015-02-03,-0.0008080958297961283
2015-02-04,0.006793856013185379
2015-02-05,-0.0013584206316406828
2015-02-06,0.004833899501641757
2015-02-09,0.0010453337812479729
2015-02-10,0.006185666177097132
2015-02-11,0.0015985012320621959
2015-02-12,0.0017930722506105615
2015-02-13,-0.004213018746370491
2015-02-17,-0.002617094270019388
2015-02-18,0.0012558234816101876
2015-02-19,-0.0026513791079089935
2015-02-20,-0.0028258659278248333
2015-02-23,-0.0005758181109189789
2015-02-24,0.003132876685198009
2015-02-25,0.0018155785969935006
2015-02-26,0.0010056027123553006
2015-02-27,0.0008348362805377182
2015-03-02,0.0010564129967271327
2015-03-03,-0.0014630115675357204
2015-03-04,-0.0017438945304412104
2015-03-05,-0.003935131133324775
2015-03-06,0.0014674445214786242
2015-03-09,-0.0008592331260107097
2015-03-10,-0.0021354037488473068
2015-03-11,-0.0007761776822060476
2015-03-12,-2.650935000893522e-05
2015-03-13,-0.0017121889121309655
2015-03-16,-0.006405214541444152
2015-03-17,-0.00570529014563604
2015-03-18,0.0009407914300229711
2015-03-19,-0.007174539063047997
2015-03-20,0.0016284477400666819
2015-03-23,0.005592285622775685
2015-03-24,0.0008286704245715243
2015-03-25,0.008288106312446947
2015-03-26,0.0018122562681018826
2015-03-27,-0.003225004924266018
2015-03-30,0.001987652057161283
2015-03-31,0.006444542050496799
2015-04-01,-0.0009732517731486025
2015-04-02,-0.0006166754361102893
2015-04-06,-0.002767766037645802
2015-04-07,-0.003624454648493077
2015-04-08,-0.0009430770134148867
2015-04-09,-0.005077494468021476
2015-04-10,-0.0012382495474414495
2015-04-13,0.0059513405690109844
2015-04-14,-0.003122275299208009
2015-04-15,-0.003688246228452399
2015-04-16,0.010230310310716476
2015-04-17,0.0031952843332420976
2015-04-20,0.002415347807047784
2015-04-21,0.00035921080347239647
2015-04-22,0.0010259714775709234
2015-04-23,0.000628248846320278
2015-04-24,0.009054251327129899
2015-04-27,0.0033357245875109873
2015-04-28,0.0002674799849397302
2015-04-29,0.0027918532431593724
2015-04-30,-0.001827716537498169
2015-05-01,-0.002551713410253724
2015-05-04,0.004511230009493016
2015-05-05,0.000723832034218152
2015-05-06,0.002712731366209228
2015-05-07,0.0008105614411030213
2015-05-08,-0.003985920556489524
2015-05-11,0.0006860061079499203
2015-05-12,-0.0006290744719808046
2015-05-13,-0.0015968073559781912
2015-05-14,-0.005624043990715542
2015-05-15,0.004727335872474842
2015-05-18,0.0003918072043944083
2015-05-19,-0.0018538742448210635
2015-05-20,-0.002102077535658114
2015-05-21,-0.0004879305816310928
2015-05-22,-0.004605478343630299
2015-05-26,-0.00010084264603464822
2015-05-27,-0.0016577586291249286
2015-05-28,0.004498880443509312
2015-05-29,0.0003149654862647554
2015-06-01,-0.00038877942716140614
2015-06-02,0.0034215691862933334
2015-06-03,0.0017683700595079177
2015-06-04,-0.0006030531199231275
2015-06-05,-0.0059427963949036326
2015-06-08,0.0033242820009729253
2015-06-09,0.0009601382092527651
2015-06-10,0.00027375542106461843
2015-06-11,-0.0008706241911589024
2015-06-12,0.0006849356622809572
2015-06-15,-0.00669551119321808
2015-06-16,0.0024691821874416363
2015-06-17,0.0026631351479371444
2015-06-18,-0.0015387671261526182
2015-06-19,-0.0030421507986717142
2015-06-22,-0.0018998862080469717
2015-06-23,0.0015824945034878279
2015-06-24,0.003963234906673907
2015-06-25,-0.004204101824566335
2015-06-26,-0.0010276395727490777
2015-06-29,0.0011891319547236204
2015-06-30,-0.005157167230063832
2015-07-01,-0.000440026855559435
2015-07-02,-0.0025257948445207316
2015-07-06,-0.0003105852160341432
2015-07-07,-0.00388188413878342
2015-07-08,-0.0015496240578863336
2015-07-09,-0.0032361509878333257
2015-07-10,-0.0013883542235481152
2015-07-13,0.000467245383172215
2015-07-14,-0.0049729738086041544
2015-07-15,-0.0016619818955949566
2015-07-16,0.0013853704001094125
2015-07-17,-0.005535506849379235
2015-07-20,-0.005082698073885802
2015-07-21,0.002092572624764093
2015-07-22,-0.004376893507550623
2015-07-23,0.00032555213992092077
2015-07-24,0.007561900629578165
2015-07-27,-0.002916290201594143
2015-07-28,0.0007662023737156257
2015-07-29,0.004672324445583903
2015-07-30,-0.0025160841900675216
2015-07-31,-0.003289958369772655
2015-08-03,0.00033652730343806356
2015-08-04,-0.004058559717822082
2015-08-05,-0.006259329123972385
2015-08-06,0.005819897065206857
2015-08-07,-0.003440239607539049
2015-08-10,-0.005087245143603218
2015-08-11,-0.002489254268746778
2015-08-12,-0.003234259557322667
2015-08-13,0.011204263475900766
2015-08-14,0.003552689624678814
2015-08-17,-0.0018143420774903703
2015-08-18,-0.0015275371115928416
2015-08-19,0.004366912608256227
2015-08-20,0.005992464400833314
2015-08-21,0.0024408010972651896
2015-08-24,-0.0017757512032749786
2015-08-25,-0.00834277590318079
2015-08-26,-0.004796263518567536
2015-08-27,0.01256123266592186
2015-08-28,-0.00208331986959072
2015-08-31,0.0012184289827092117
2015-09-01,-0.0026299404174952665
2015-09-02,-0.005144864105680598
2015-09-03,0.0008319912053104727
2015-09-04,-0.004111325312264477
2015-09-08,-0.0031141605864652045
2015-09-09,0.0004748239234622114
2015-09-10,0.0012942954211304363
2015-09-11,-0.0006530111239454691
2015-09-14,-0.00033643957838892617
2015-09-15,0.0018998450103680465
2015-09-16,0.00045921693852294727
2015-09-17,-0.0036857070749235785
2015-09-18,-0.002076479104482093
2015-09-21,0.003352028506539157
2015-09-22,-0.0053324643293866675
2015-09-23,-0.003412500644434469
2015-09-24,0.007059531676602794
2015-09-25,0.009665494978262395
2015-09-28,0.006541878847911441
2015-09-29,-0.002138994229922771
2015-09-30,-0.0011125899315086816
2015-10-01,-0.008215109289754096
2015-10-02,-0.0013987192601667407
2015-10-05,0.008647425046401654
2015-10-06,0.0009473629516290587
2015-10-07,0.0012781454587689131
2015-10-08,-0.006158984855134626
2015-10-09,0.0006674413271532326
2015-10-12,0.003020782530365989
2015-10-13,0.003552669885891719
2015-10-14,-0.0046074599027945565
2015-10-15,-0.005294803512852749
2015-10-16,-0.004274430520414941
2015-10-19,0.0006227334686943116
2015-10-20,0.007523223429078334
2015-10-21,-0.0007885618082176415
2015-10-22,0.002395397418542127
2015-10-23,-0.0006615171083245744
2015-10-26,-0.002018162320579799
2015-10-27,-0.008634491726679773
2015-10-28,0.008553613575071293
2015-10-29,-0.0057945615345602105
2015-10-30,0.00015760496587062365
2015-11-02,-0.007442530283363039
2015-11-03,-4.287643426314136e-07
2015-11-04,0.0044021678545813825
2015-11-05,-0.0041470988927996
2015-11-06,0.002149718694028081
2015-11-09,-0.0010134826267548722
2015-11-10,0.00040830407154991434
2015-11-11,0.0010310909303883698
2015-11-12,0.0009286917038298384
2015-11-13,-0.0031941756236749503
2015-11-16,-0.00029865450813578223
2015-11-17,0.0017395299472311061
2015-11-18,0.0005665549902157626
2015-11-19,0.010276591865866042
2015-11-20,-0.0059590131877957355
2015-11-23,-0.00233692327206309
2015-11-24,-0.0037220038830130192
2015-11-25,-0.0021572074884239813
2015-11-27,0.0013752659749224259
2015-11-30,0.005628245849807661
2015-12-01,-0.005895681864603977
2015-12-02,-0.004093727961617197
2015-12-03,0.004792517643381247
2015-12-04,-0.0010879167501640285
2015-12-07,-0.017939933898250056
2015-12-08,-0.013551540637067004
2015-12-09,-0.0007511278566703786
2015-12-10,2.4845054271344482e-05
2015-12-11,-0.002156606527303939
2015-12-14,-0.008530060037124605
2015-12-15,0.005037509655215685
2015-12-16,0.0011970637054382316
2015-12-17,-0.007813943192968754
2015-12-18,0.0004386047163612684
2015-12-21,0.00042851269235776246
2015-12-22,0.001646934583845863
2015-12-23,0.0021140429612022957
2015-12-24,-0.0024572414437263315
2015-12-28,0.0022705271388329404
2015-12-29,-0.004679103546895311
2015-12-30,-0.005663043816910324
2015-12-31,0.000639818075319964
2016-01-04,0.002327787944763974
2016-01-05,-0.002973775085880454
2016-01-06,-0.0005640492023965968
2016-01-07,0.004625647660851766
2016-01-08,0.0018419026189786009
2016-01-11,0.006867258376251845
2016-01-12,-0.005608861739265821
2016-01-13,0.004806654074908547
2016-01-14,-0.002221418927538021
2016-01-15,-0.0002752832503910271
2016-01-19,0.0028070068056962254
2016-01-20,-0.0062597903843792995
2016-01-21,0.007694885428845269
2016-01-22,-0.009696860746737685
2016-01-25,0.007567437410027956
2016-01-26,0.003345305568686906
2016-01-27,0.009189322926567689
2016-01-28,0.001989745678995066
2016-01-29,0.0017046069172218282
2016-02-01,0.002611568293906858
2016-02-02,0.0008336246117652999
2016-02-03,-0.006482646902390093
2016-02-04,0.009444427922063648
2016-02-05,0.011482134374058397
2016-02-08,0.013576331026337027
2016-02-09,-0.006768416238231355
2016-02-10,-0.0018575669682315682
2016-02-11,-0.00484487975169746
2016-02-12,0.009699293306566718
2016-02-16,-0.0035154431746760605
2016-02-17,-0.0011960573499786272
2016-02-18,0.00222048467184731
2016-02-19,-0.006401323204657268
2016-02-22,-0.0014854671219226101
2016-02-23,-0.001747118189229404
2016-02-24,-0.006738710926031241
2016-02-25,-0.0008691040753269311
2016-02-26,-0.0025985689141591996
2016-02-29,0.006232786349456146
2016-03-01,-0.006713278184780114
2016-03-02,0.004504954903012209
2016-03-03,0.00040658843042932585
2016-03-04,0.006659022810316384
2016-03-07,-0.005314135929120356
2016-03-08,0.005179878794534878
2016-03-09,-0.0018797012428809832
2016-03-10,-0.0010405406258990131
2016-03-11,-0.006309905217238881
2016-03-14,0.0059562270594644105
2016-03-15,0.008252232794899375
2016-03-16,-4.3784735185728376e-05
2016-03-17,0.0015831161458596812
2016-03-18,-0.0055135896403785325
2016-03-21,5.116106748191771e-05
2016-03-22,-0.00461960481616485
2016-03-23,0.0023867080075166323
2016-03-24,-0.0042956322155724876
2016-03-28,0.004425774322117587
2016-03-29,0.0008990641281320601
2016-03-30,0.00630818564942619
2016-03-31,-0.0032059719250303355
2016-04-01,-0.00026712298679735234
2016-04-04,-0.0014750543265073775
2016-04-05,0.004923969452081093
2016-04-06,-0.011394927705257515
2016-04-07,-0.0005523868786981043
2016-04-08,0.0046895271423166235
2016-04-11,0.0026085933004545174
2016-04-12,-0.0058743324992294125
2016-04-13,0.005221360088729035
2016-04-14,-0.0008823346706170594
2016-04-15,0.0029412404432091897
2016-04-18,-0.008095006301248427
2016-04-19,0.000305640275105576
2016-04-20,-0.0006483771923236161
2016-04-21,-0.011344527200921621
2016-04-22,-0.0043443395661430595
2016-04-25,0.0031057043252978034
2016-04-26,0.0015061804174170616
2016-04-27,0.0015013891417618112
2016-04-28,-0.0007645623075013692
2016-04-29,0.0010141055296646604
2016-05-02,-0.001141376433531432
2016-05-03,0.002452105541724803
2016-05-04,0.006902875777177008
2016-05-05,-0.0018181323219354478
2016-05-06,0.017295536515077627
2016-05-09,0.002554851429725532
2016-05-10,-0.004896972141791618
2016-05-11,0.007150137849695141
2016-05-12,0.00048698775121848003
2016-05-13,-0.0007052465041159964
2016-05-16,-0.0017799851716076322
2016-05-17,-0.0009577077728565512
2016-05-18,0.004920951558922328
2016-05-19,0.0049041105222661745
2016-05-20,0.005389259530355671
2016-05-23,0.0018027437063548727
2016-05-24,-0.0032088941926767364
2016-05-25,-0.0008769159865682319
2016-05-26,-0.002404354711782335
2016-05-27,0.0002159422058065758
2016-05-31,-0.0007808723239703318
2016-06-01,-0.006141069714608817
2016-06-02,-0.00676390375651441
2016-06-03,-0.0009356752288657182
2016-06-06,-1.2334985974111513e-05
2016-06-07,0.0057798408385668285
2016-06-08,-0.004321855579768353
2016-06-09,0.002659437747552557
2016-06-10,0.002417781554221585
2016-06-13,2.8808310275836775e-05
2016-06-14,-0.0005927463653952038
2016-06-15,0.0005636956765692211
2016-06-16,0.0026739067562085456
2016-06-17,0.0005611620379093092
2016-06-20,-0.0005456966869159108
2016-06-21,0.000736830085294337
2016-06-22,0.0011303583497430827
2016-06-23,0.0027835388190908705
2016-06-24,0.004132205406025361
2016-06-27,0.012053405903804404
2016-06-28,-0.0033466665256546425
2016-06-29,-0.0035055891856668347
2016-06-30,0.003560824406433064
2016-07-01,-0.0040989995120049895
2016-07-05,0.0032561419597527345
2016-07-06,-0.0006081679924662643
2016-07-07,0.002516988872768384
2016-07-08,0.0006138796530389943
2016-07-11,0.0009334298384383292
2016-07-12,-0.002638453455240277
2016-07-13,0.005996913241925828
2016-07-14,-0.0008810511586474562
2016-07-15,-0.003371570129904512
2016-07-18,-0.0008863721020855962
2016-07-19,0.0019384907852066401
2016-07-20,-0.0035337121416392507
2016-07-21,-0.0055113226170101235
2016-07-22,-0.0038304984573064305
2016-07-25,0.0034401775900174403
2016-07-26,-0.0030948080953303956
2016-07-27,-0.0028859431816387823
2016-07-28,-0.007471485134912763
2016-07-29,0.002782399541194155
2016-08-01,-0.0019644403313596476
2016-08-02,-0.001735192562957971
2016-08-03,0.00023296217638413264
2016-08-04,-0.001100941591061698
2016-08-05,0.0037814289055899094
2016-08-08,-0.0005473753995526374
2016-08-09,0.004498161994967485
2016-08-10,-0.0015666719458593645
2016-08-11,-0.00203888854930357
2016-08-12,-0.0016045404693020278
2016-08-15,-0.002484419923731165
2016-08-16,-0.0007464501615843651
2016-08-17,0.0029125015557585265
2016-08-18,-0.0007270828088441527
2016-08-19,0.0002881635559127336
2016-08-22,-0.003931824501330892
2016-08-23,-0.0016027764050989032
2016-08-24,0.009248274554477506
2016-08-25,0.008841150693425589
2016-08-26,0.0009339690866995863
2016-08-29,0.0019201392164069225
2016-08-30,0.0003304400402012324
2016-08-31,0.004781258865611207
2016-09-01,0.0009819523620642127
2016-09-02,-0.0006728793948529274
2016-09-06,-0.0010389287531803017
2016-09-07,-0.0013396574419459288
2016-09-08,-0.006751335240886121
2016-09-09,-0.0014248118522398297
2016-09-12,-0.002812413538272115
2016-09-13,0.0016622079723326699
2016-09-14,-4.442759399385604e-05
2016-09-15,-0.0007874360886228058
2016-09-16,-0.0023277026232023683
2016-09-19,0.001587618770926125
2016-09-20,0.0005390908386194947
2016-09-21,-0.0030563267391166557
2016-09-22,0.0003749826508798565
2016-09-23,0.003842550068552417
2016-09-26,0.000252083405923424
2016-09-27,-0.00012078767703047055
2016-09-28,-0.00236144948014617
2016-09-29,0.003790910803220239
2016-09-30,0.002457356525815713
2016-10-03,-0.0014761263088597927
2016-10-04,-0.000816351459597958
2016-10-05,0.0005095294187184175
2016-10-06,0.00033556329616512615
2016-10-07,-0.0017457925972342975
2016-10-10,-0.007226641664951718
2016-10-11,0.00718453727791969
2016-10-12,0.006567892848032543
2016-10-13,-0.004700828743350569
2016-10-14,0.0026602254478191993
2016-10-17,-0.0009042651882099707
2016-10-18,-0.0006801319871491288
2016-10-19,0.0004626609797057841
2016-10-20,-0.006732186688856793
2016-10-21,0.0028670189141262467
2016-10-24,0.006780945017217966
2016-10-25,-0.00031137562216766116
2016-10-26,-0.0020119282833303436
2016-10-27,-0.004242570459808357
2016-10-28,0.0046300666405797
2016-10-31,0.0018503435385282877
2016-11-01,-0.004783180033790979
2016-11-02,-0.0015970063213418648
2016-11-03,0.013558266833869511
2016-11-04,-0.007524985353974395
2016-11-07,-0.0014324068032535162
2016-11-08,0.0023553448352579285
2016-11-09,-0.010296056573327132
2016-11-10,-0.00652715885686152
2016-11-11,0.012029634160530286
2016-11-14,-0.004513665670311416
2016-11-15,0.0034801340757687036
2016-11-16,0.0036628799598783573
2016-11-17,-0.0033048919955779633
2016-11-18,0.0065335477034853436
2016-11-21,0.001869325434620039
2016-11-22,0.003934498735713319
2016-11-23,0.0012585376469905047
2016-11-25,0.0008732609123381857
2016-11-28,0.001493370472459462
2016-11-29,-0.005644362333388899
2016-11-30,0.004169477430505782
2016-12-01,-0.0020247547857690914
2016-12-02,-0.0006711965305301735
2016-12-05,0.0011288525688003448
2016-12-06,-0.0016830238341351608
2016-12-07,0.012737223461738301
2016-12-08,0.0019102135741440773
2016-12-09,0.0023886203362578906
2016-12-12,0.0019072771215407356
2016-12-13,-0.000582097155578564
2016-12-14,0.0012259692081941713
2016-12-15,-0.0009041414768580044
2016-12-16,-0.003414989248161817
2016-12-19,0.0051763266399587685
2016-12-20,0.000905364599249771
2016-12-21,0.00271962056958883
2016-12-22,-0.003743766349031306
2016-12-23,-0.002390021140891787
2016-12-27,-0.0007585846920124428
2016-12-28,0.0011143030828384096
2016-12-29,-0.0002591295351292804
2016-12-30,-0.00011837850494096809
2017-01-03,0.0019693520900832583
2017-01-04,0.0016235198004288173
2017-01-05,-0.004673213662498434
2017-01-06,-0.0024286232629008118
2017-01-09,-0.004559098312292908
2017-01-10,-0.0012498313283666636
2017-01-11,0.005078695741191869
2017-01-12,-0.004237099348099502
2017-01-13,-0.00026730968837408774
2017-01-17,-0.0008423096078625385
2017-01-18,0.0006154454451267506
2017-01-19,0.00808736582000347
2017-01-20,-0.0012658548237821467
2017-01-23,-0.004418192434120125
2017-01-24,0.005916574576602481
2017-01-25,-0.0018344779086716702
2017-01-26,0.003931229063352885
2017-01-27,-0.0036555089082318873
2017-01-30,-0.0029754578938385847
2017-01-31,-0.0013481005765126751
2017-02-01,-0.004975576305306916
2017-02-02,0.002460456066283285
2017-02-03,0.0005592971355401878
2017-02-06,-0.0008643684798912367
2017-02-07,-0.002862723308487157
2017-02-08,-0.0023063357945515214
2017-02-09,-0.00433059742285547
2017-02-10,0.001313489088520787
2017-02-13,-0.0036791850098495124
2017-02-14,0.0011618625755205432
2017-02-15,-0.002623939465108168
2017-02-16,-0.0012737143265002554
2017-02-17,-0.00016466844872381416
2017-02-21,0.004040948669460861
2017-02-22,-0.003639485143500225
2017-02-23,-0.0018443665621379743
2017-02-24,-0.00655224198440332
2017-02-27,0.0004072972895504018
2017-02-28,-0.0009631200985698628
2017-03-01,-0.0011276371132426456
2017-03-02,-0.002379491327822159
2017-03-03,-0.002619127125719636
2017-03-06,0.0017516599179912742
2017-03-07,-0.003607909608178612
2017-03-08,-0.008136965367424967
2017-03-09,-0.0005058574861222028
2017-03-10,8.808841880621871e-06
2017-03-13,-0.002335322111803224
2017-03-14,-0.0017600826220028282
2017-03-15,-0.00040972667757405786
2017-03-16,0.005535158917933471
2017-03-17,-0.0021488252638219383
2017-03-20,0.0001129307568917303
2017-03-21,-0.004385275617531928
2017-03-22,-0.0007513969958979332
2017-03-23,0.00130093713316324
2017-03-24,-0.0020988363284583957
2017-03-27,-0.0026165832995894535
2017-03-28,0.0005579095527591801
2017-03-29,-0.0013210906281421568
2017-03-30,0.0017354141676803178
2017-03-31,-0.00012718816907639338
2017-04-03,5.6379640449942385e-05
2017-04-04,-0.0024979652709472386
2017-04-05,-0.0013896235493699352
2017-04-06,-0.0018693609818737653
2017-04-07,-0.0004862553909827876
2017-04-10,-0.0009894147563456164
2017-04-11,-0.0020824191877880723
2017-04-12,0.00036990100705648404
2017-04-13,0.002335208676566991
2017-04-17,0.0031207745150545764
2017-04-18,0.000696751050299962
2017-04-19,-0.0022524032174876278
2017-04-20,-0.0018894960663795768
2017-04-21,-0.0018520877021442764
2017-04-24,-0.0023665442714858997
2017-04-25,0.0005072119435656999
2017-04-26,-0.000728727021613649
2017-04-27,0.0019287696365497234
2017-04-28,-0.002574773536644113
2017-05-01,-0.003193073766619762
2017-05-02,-0.005210419214631637
2017-05-03,-0.0016587466334326351
2017-05-04,-0.007064542808239812
2017-05-05,0.005455338162005453
2017-05-08,0.0009535307388227331
2017-05-09,-0.0019469682083879077
2017-05-10,0.008106733213265858
2017-05-11,0.0011461557077990531
2017-05-12,-0.003018234562423952
2017-05-15,-0.00021873911795867052
2017-05-16,-0.006621188534439114
2017-05-17,0.0010876148886993715
2017-05-18,-0.0020937374542119094
2017-05-19,-0.0017091256114031771
2017-05-22,-0.001964912048747269
2017-05-23,0.00255466421281131
2017-05-24,-0.005360400547714153
2017-05-25,-0.004809324955263046
2017-05-26,0.0005785935702120558
2017-05-30,-0.0006742091479035615
2017-05-31,-0.004636007251054707
2017-06-01,-0.0017885307520158203
2017-06-02,-0.0074846625159921305
2017-06-05,8.435886753380519e-05
2017-06-06,0.004424295030181837
2017-06-07,-0.0038946026293865915
2017-06-08,0.004751513518117111
2017-06-09,0.014206640805940073
2017-06-12,0.0017732918839796848
2017-06-13,-0.00375181420017775
2017-06-14,-0.006231969726044667
2017-06-15,-0.008365874426051361
2017-06-16,-0.001286333155245453
2017-06-19,0.001037017948076756
2017-06-20,-0.010254872141089002
2017-06-21,-0.007449511867762225
2017-06-22,-0.003244726758311603
2017-06-23,3.012921466948688e-05
2017-06-26,0.0034668614833785133
2017-06-27,-0.0007648792907517478
2017-06-28,-8.352374525442572e-05
2017-06-29,0.001358156557952241
2017-06-30,-0.0006524344519621837
2017-07-03,0.00010940316083789898
2017-07-05,0.000834604394477451
2017-07-06,0.0004076572540858078
2017-07-07,-0.0021241246927324797
2017-07-10,0.0021107458194980374
2017-07-11,-0.002175550116537871
2017-07-12,0.00024197427467304733
2017-07-13,0.0002854901802862448
2017-07-14,0.002906333055345537
2017-07-17,-0.0008094627057476636
2017-07-18,0.0014741050807034685
2017-07-19,-0.005390530384122832
2017-07-20,-0.001011571927277806
2017-07-21,-0.002129320017462646
2017-07-24,-0.005997877791911452
2017-07-25,0.009865613049278927
2017-07-26,-0.005292326896077525
2017-07-27,0.0039768751932547615
2017-07-28,-0.0024413015528383267
2017-07-31,0.0005291168216962945
2017-08-01,-0.0032338603622338188
2017-08-02,0.003921143037076957
2017-08-03,-0.0003095283105338315
2017-08-04,0.0028865252066635413
2017-08-07,-0.0031964248992512635
2017-08-08,-0.0014538487367306454
2017-08-09,-0.0034008311167842745
2017-08-10,-0.0006138177068995804
2017-08-11,-0.003458378940263884
2017-08-14,0.0025106319358139816
2017-08-15,-0.0006116067317595061
2017-08-16,-0.0048182478989730725
2017-08-17,-0.005781158783016407
2017-08-18,-0.00285278864326605
2017-08-21,-0.0026486809646764234
2017-08-22,-0.002214600933080686
2017-08-23,0.004233910431041066
2017-08-24,-0.0043757641576051155
2017-08-25,4.480403006929066e-05
2017-08-28,-0.0019220318915337603
2017-08-29,-0.002078405426437527
2017-08-30,-0.0027728859171524123
2017-08-31,-0.005052009501195682
2017-09-01,0.0008395653828506831
2017-09-05,-0.0027038930506238733
2017-09-06,0.0034580945038453865
2017-09-07,-0.012121075447275993
2017-09-08,-0.008047196212886484
2017-09-11,0.005412636642183579
2017-09-12,0.005445933821320989
2017-09-13,0.003362056996990054
2017-09-14,-0.001009527278394985
2017-09-15,0.006428307705841343
2017-09-18,-8.594806173000113e-05
2017-09-19,0.0021222838445709297
2017-09-20,-0.0009939831607618465
2017-09-21,-0.003485884951205147
2017-09-22,-0.003746847397093522
2017-09-25,-0.004231091265989047
2017-09-26,0.001263487879768055
2017-09-27,0.0011089304613436214
2017-09-28,-0.0009291514698184674
2017-09-29,-0.004502186288816643
2017-10-02,-0.006002225741180088
2017-10-03,0.0021540403508708787
2017-10-04,0.005056056556124618
2017-10-05,0.0031248723020689696
2017-10-06,-0.0013568736738388365
2017-10-09,-0.0011321554233042247
2017-10-10,0.004486894228419732
2017-10-11,-0.001480077443158535
2017-10-12,-0.0031250712353297315
2017-10-13,0.0017872874044874616
2017-10-16,0.003041632853930046
2017-10-17,0.00047548436970989267
2017-10-18,-0.0035915948567793736
2017-10-19,0.0029915952005519037
2017-10-20,-0.0020723182937324113
2017-10-23,-0.0013739574818959943
2017-10-24,0.0008799872241503669
2017-10-25,-0.013061540312778133
2017-10-26,0.0001675164537419514
2017-10-27,0.0007085810086789641
2017-10-30,0.0014203272226911857
2017-10-31,-0.0061983749747243685
2017-11-01,0.0006609746261432433
2017-11-02,0.002446409651770446
2017-11-03,-0.004089249280020977
2017-11-06,0.0002251189784600563
2017-11-07,-0.003375664262094984
2017-11-08,0.003154467031473092
2017-11-09,0.0024220346661150017
2017-11-10,0.0015168809097233314
2017-11-13,1.771527620992154e-05
2017-11-14,-0.00012286310072980012
2017-11-15,0.0005568375898626428
2017-11-16,-0.0012437172112280195
2017-11-17,0.001365159503822942
2017-11-20,-6.327314203719687e-05
2017-11-21,-0.0045559772122984255
2017-11-22,-0.0002727903138591668
2017-11-24,0.0005320018606094684
2017-11-27,-0.0032964751971170476
2017-11-28,0.003794669756775617
2017-11-29,0.0048917894241203965
2017-11-30,-0.0055293585338103335
2017-12-01,0.005549177999170666
2017-12-04,-0.007251431256910987
2017-12-05,0.0021674022784149063
2017-12-06,0.0030454383812444138
2017-12-07,-0.0015262885662852407
2017-12-08,0.00038049592816620585
2017-12-11,0.0044091942042435404
2017-12-12,0.0007381966185723552
2017-12-13,-0.001293062140157087
2017-12-14,0.003204738417891639
2017-12-15,-0.0017671087953475026
2017-12-18,0.004843594719994598
2017-12-19,0.0013933648095159322
2017-12-20,-0.002185511456095234
2017-12-21,0.002064428434164529
2017-12-22,-0.001826928270230792
2017-12-26,-0.002910075068581726
2017-12-27,0.0010940826289447961
2017-12-28,-0.0006175460700206569
2017-12-29,-0.002631456717166398
2018-01-02,-0.002512896973187115
2018-01-03,-0.0026533577439281112
2018-01-04,0.0031587878992018225
2018-01-05,7.075714544385738e-05
2018-01-08,0.004494340933081574
2018-01-09,-0.007548200735821767
2018-01-10,-0.0009422778588056143
2018-01-11,-0.0013530518233933217
2018-01-12,-0.0038966056471650603
2018-01-16,7.114001735906934e-05
2018-01-17,0.00026338712549814434
2018-01-18,0.002217032506496764
2018-01-19,0.0026942474183894653
2018-01-22,-0.001836009886406375
2018-01-23,-0.0009745265565339839
2018-01-24,0.004947968810341554
2018-01-25,-0.005591323687922879
2018-01-26,0.003057722438837301
2018-01-29,0.0017745853571217505
2018-01-30,-0.0005230020813254401
2018-01-31,0.004089135963359303
2018-02-01,0.001973845736013653
2018-02-02,-0.004593827256922632
2018-02-05,-0.0016742098740646371
2018-02-06,0.0006650336933486634
2018-02-07,-0.0049950177024785805
2018-02-08,0.0037901816571877696
2018-02-09,-0.004315517005266763
2018-02-12,0.00429588647286763
2018-02-13,0.004761861105214229
2018-02-14,0.0074177835235947915
2018-02-15,0.0007750493187982809
2018-02-16,0.001560453331136395
2018-02-20,-0.001794112212372529
2018-02-21,-0.0026881373402800396
2018-02-22,-0.007146387374816703
2018-02-23,-0.0022935703039677065
2018-02-26,0.0010141091164023086
2018-02-27,-0.0007633850758004871
2018-02-28,0.003795192101865442
2018-03-01,0.004053063540234301
2018-03-02,0.002959736631604524
2018-03-05,-0.0021087682115423136
2018-03-06,0.0038718265611079783
2018-03-07,-0.006413307891135404
2018-03-08,-0.0026961862719670038
2018-03-09,-0.0040470961250893885
2018-03-12,0.003583945799659487
2018-03-13,0.0008458847023252008
2018-03-14,-0.0015799526193662347
2018-03-15,-0.003479130888332246
2018-03-16,-0.006121657380058554
2018-03-19,0.00352618911010435
2018-03-20,-0.0025820966290301317
2018-03-21,0.007047027844475704
2018-03-22,0.003468861539776024
2018-03-23,-0.0024890775870617735
2018-03-26,-0.0016643680637928187
2018-03-27,0.004766274403576946
2018-03-28,-0.0011516596176490163
2018-03-29,-0.000437744559364479
2018-04-02,-0.00499666689803605
2018-04-03,0.006042108847531926
2018-04-04,-0.0021419138875303843
2018-04-05,0.0035090042816349662
2018-04-06,0.0028433865115101878
2018-04-09,-0.002619295299630435
2018-04-10,-0.003064267013281783
2018-04-11,0.0023686811743278526
2018-04-12,-0.005365358484966619
2018-04-13,0.0019950074872034777
2018-04-16,0.0005553707913003628
2018-04-17,-0.00685614198028179
2018-04-18,-0.0033382533060040743
2018-04-19,-0.0025242916667274746
2018-04-20,-0.0008298492622084479
2018-04-23,0.00108754295065192
2018-04-24,0.009673894713425764
2018-04-25,0.0004013415607448152
2018-04-26,0.002239880154141032
2018-04-27,0.001877902708409302
2018-04-30,-0.0014319817206520523
2018-05-01,-0.0016235173781695832
2018-05-02,-0.0027151005929210246
2018-05-03,-0.0005176384215241415
2018-05-04,0.0036643456404554043
2018-05-07,-0.001741842562219425
2018-05-08,0.0018838695462098827
2018-05-09,-0.0016930085791494278
2018-05-10,0.000296321934300084
2018-05-11,-0.00517938182414836
2018-05-14,0.0007813160609723433
2018-05-15,0.0061229559978837654
2018-05-16,0.0008428886064802201
2018-05-17,2.1093293342062307e-05
2018-05-18,-0.007446291594031033
2018-05-21,0.0018301039061423626
2018-05-22,0.004341997902396354
2018-05-23,-0.002640216557356965
2018-05-24,0.00025201906833613046
2018-05-25,-0.0009397215419380115
2018-05-29,-0.000831600822951588
2018-05-30,-0.000467555891528179
2018-05-31,0.005068099715874876
2018-06-01,0.0008856624920468298
2018-06-04,0.002169649296104231
2018-06-05,-0.000589902818286418
2018-06-06,-0.0005138962402128563
2018-06-07,-0.0020300643131053
2018-06-08,-0.0006220845000539097
2018-06-11,0.0008601791654831478
2018-06-12,-0.0011894248484886597
2018-06-13,-0.00010581332211271114
2018-06-14,-0.0007199647024259941
2018-06-15,0.0035803560737943706
2018-06-18,-0.0016927022250790842
2018-06-19,0.0036340082815296405
2018-06-20,-0.00223386051420738
2018-06-21,0.0026678112145174537
2018-06-22,-0.000322666120568063
2018-06-25,0.0013782087419998037
2018-06-26,-0.0012121727891680888
2018-06-27,-0.0018964138611956677
2018-06-28,-0.0005269212857715258
2018-06-29,-0.003032847040609671
2018-07-02,0.0008792455795813884
2018-07-03,-0.00023603677937842054
2018-07-05,0.000657051383715163
2018-07-06,-0.005428838180456703
2018-07-09,-0.0016532444059928937
2018-07-10,-0.0012182697627201142
2018-07-11,-0.002598070833329621
2018-07-12,-0.009724188093843225
2018-07-13,-0.005214289669332234
2018-07-16,0.003448296947461567
2018-07-17,0.003992083156553527
2018-07-18,-0.000968617192839374
2018-07-19,-0.002717798004221063
2018-07-20,0.000807913690313164
2018-07-23,-0.0006950173305318686
2018-07-24,-0.0006788376191697902
2018-07-25,-0.00665412085850135
2018-07-26,0.013993364941884676
2018-07-27,0.007321099019879215
2018-07-30,0.01203435684565555
2018-07-31,-0.010534325401812924
2018-08-01,-0.005253144942827018
2018-08-02,-0.0005209777623008728
2018-08-03,0.004518310207834274
2018-08-06,0.00031363991133481306
2018-08-07,-0.001743420444461844
2018-08-08,0.004218358162836648
2018-08-09,-0.0032981240080780174
2018-08-10,-0.0011901395408845904
2018-08-13,-0.0024741144586964275
2018-08-14,-0.0008992076265576709
2018-08-15,0.005901632082280927
2018-08-16,0.0022705105434365517
2018-08-17,-0.0006968928852626695
2018-08-20,0.002009678065532693
2018-08-21,0.0025221255174763773
2018-08-22,-0.0011302026384059276
2018-08-23,-0.001144126968988618
2018-08-24,-0.0033486397478369023
2018-08-27,-0.001729315790789926
2018-08-28,-0.0018195946612947862
2018-08-29,-0.005408806690731134
2018-08-30,-0.0014595919864225154
2018-08-31,-0.0005585132855926996
2018-09-04,0.0010039853894273192
2018-09-05,0.0038570386651397342
2018-09-06,-0.0011419519460924964
2018-09-07,-0.002339835611300768
2018-09-10,-0.0003965436361714809
2018-09-11,-0.005342112155183628
2018-09-12,-0.0007809531898342063
2018-09-13,-0.002923206867485492
2018-09-14,0.0010599326657587931
2018-09-17,0.005305778581760783
2018-09-18,-0.002567413116339852
2018-09-19,0.0024566662675592167
2018-09-20,-0.0023374721869353896
2018-09-21,0.0032237094331059395
2018-09-24,-0.006254982471101512
2018-09-25,-0.002119812578666595
2018-09-26,-0.005541505098558788
2018-09-27,-0.005932320156361046
2018-09-28,0.002141341758162616
2018-10-01,-0.0008715965236220963
2018-10-02,0.0025651541296888136
2018-10-03,-0.0008724550432925843
2018-10-04,0.007423214590151738
2018-10-05,0.000870835237985138
2018-10-08,0.005502426114377361
2018-10-09,-0.00036468199590633505
2018-10-10,0.005557267736043528
2018-10-11,-0.0052719563589610574
2018-10-12,-0.008799654928314847
2018-10-15,0.0069370979151740925
2018-10-16,-0.012577922437901694
2018-10-17,0.0036859973777359175
2018-10-18,0.003237206576694997
2018-10-19,0.006473722789111465
2018-10-22,-0.00419218159700789
2018-10-23,0.004693007703198876
2018-10-24,0.0037238594820225815
2018-10-25,-0.0008148294288241144
2018-10-26,0.0019880681868104004
2018-10-29,0.011916982029312954
2018-10-30,0.011665464244254143
2018-10-31,-0.006430718948936034
2018-11-01,-0.004148373624953113
2018-11-02,0.0017281070462433334
2018-11-05,-7.340733815505563e-05
2018-11-06,0.0021126045858711018
2018-11-07,-0.01623465355263164
2018-11-08,0.0031796916423620803
2018-11-09,0.005235818692675959
2018-11-12,0.005243794976681656
2018-11-13,-0.002208453914281366
2018-11-14,0.0019652238543131856
2018-11-15,-0.003876546194279018
2018-11-16,-0.004415204058936769
2018-11-19,0.014537829966935057
2018-11-20,-0.004717385060355646
2018-11-21,-0.0049131003203729965
2018-11-23,-0.0008181637148759642
2018-11-26,-0.005156695779852063
2018-11-27,-0.0009104506599285952
2018-11-28,-0.008654921395152206
2018-11-29,-0.003668786049137819
2018-11-30,0.003985975118293047
2018-12-03,-0.007142546892005673
2018-12-04,-0.0012881602529240094
2018-12-06,-0.00887095509432827
2018-12-07,0.010288334416084781
2018-12-10,-0.006991312536630002
2018-12-11,0.0002274048654553465
2018-12-12,-0.0023344925268430658
2018-12-13,0.001842132284063898
2018-12-14,0.005241167496911536
2018-12-17,0.007117643192943768
2018-12-18,-0.002606123861493132
2018-12-19,0.0016081479168361462
2018-12-20,0.0019682778664202646
2018-12-21,0.004496014202563694
2018-12-24,-0.004515096024247111
2018-12-26,-0.008038171128768161
2018-12-27,-0.0030559822138080677
2018-12-28,0.004948625834376245
2018-12-31,-0.005418791302938457
2019-01-02,-0.004950574170540503
2019-01-03,-0.016686254043186025
2019-01-04,-0.007587358045840702
2019-01-07,-0.0038389460799626543
2019-01-08,-0.010479753810360813
2019-01-09,-0.001921555461905664
2019-01-10,-0.007923113162048748
2019-01-11,0.0003674237703749717
2019-01-14,0.00631104863690489
2019-01-15,-0.0021071238481012297
2019-01-16,-0.008793992184011466
2019-01-17,-0.006845476489002161
2019-01-18,-0.0039912957817198865
2019-01-22,-0.0034406835668292753
2019-01-23,-0.001900459967436905
2019-01-24,0.0032551521188759185
2019-01-25,-0.004575628727807108
2019-01-28,-0.001414895876237901
2019-01-29,-0.008077440738537032
2019-01-30,-0.011126410217246452
2019-01-31,-0.0073899885593731555
2019-02-01,-0.0016251287431459896
2019-02-04,-0.003978609899778769
2019-02-05,-0.0019290615160438979
2019-02-06,-0.0027927308615963513
2019-02-07,-0.003290010889938614
2019-02-08,-0.008584037193285855
2019-02-11,-0.001861050748379845
2019-02-12,-0.0036502882539659206
2019-02-13,-0.0035766857369272263
2019-02-14,-0.010390762902305135
2019-02-15,-0.005719494914915148
2019-02-19,0.0010099726238158007
2019-02-20,-0.0007479619244724579
2019-02-21,0.0010937522948508615
2019-02-22,-0.004040183158094355
2019-02-25,-0.0008495028864326957
2019-02-26,-0.006591201103504319
2019-02-27,0.0011997238623053896
2019-02-28,-8.540087939566936e-05
2019-03-01,-0.0056670698105084506
2019-03-04,0.0025755226985378207
2019-03-05,-0.004498778630797224
2019-03-06,0.003580989089345387
2019-03-07,-0.0009850901355293116
2019-03-08,-0.00038117483805261186
2019-03-11,0.0019872577886402487
2019-03-12,4.880230073491063e-05
2019-03-13,-0.005173435468317104
2019-03-14,-0.0022083772791384767
2019-03-15,0.0011352992588722875
2019-03-18,-0.0017080481587725472
2019-03-19,0.0008848767348584642
2019-03-20,-0.0001806260809854186
2019-03-21,0.00877525452113816
2019-03-22,-0.0012435342931498491
2019-03-25,-0.004736670091398075
2019-03-26,-0.00500649022976817
2019-03-27,-0.000669223332482238
2019-03-28,-0.0034245373982845014
2019-03-29,-0.0007280516565115018
2019-04-01,0.00561009764932427
2019-04-02,-0.005309507223687166
2019-04-03,-0.001632877606945652
2019-04-04,-0.004965125838331547
2019-04-05,-0.006254680329351505
2019-04-08,-0.002637864937582869
2019-04-09,-0.0018972434387878956
2019-04-10,-0.00504796342428889
2019-04-11,-1.9286104568793597e-05
2019-04-12,-0.00042275602832501273
2019-04-15,-0.003658451682852143
2019-04-16,0.0077850493436561145
2019-04-17,0.011743387975473727
2019-04-18,-0.006382320564153542
2019-04-22,-0.006803369752042986
2019-04-23,-0.006817343033097408
2019-04-24,-0.00020240177906177348
2019-04-25,-0.014961982675862538
2019-04-26,-0.003250693277052406
2019-04-29,0.0017275413833121728
2019-04-30,-0.00014895935448217424
2019-05-01,0.0028734686406861687
2019-05-02,-0.0007867725455332174
2019-05-03,-0.0019801782919820063
2019-05-06,-0.00729761551002074
2019-05-07,0.0010762449126364496
2019-05-08,-0.008477682850679768
2019-05-09,9.245456425118186e-05
2019-05-10,-0.00158926552900976
2019-05-13,-0.0032815890140336697
2019-05-14,-0.00522814784665158
2019-05-15,-0.006719646457971943
2019-05-16,-0.005442456243776164
2019-05-17,-0.0010188991684073377
2019-05-20,-0.0027705658540160783
2019-05-21,-0.007907738288756388
2019-05-22,-0.0012317051522855657
2019-05-23,-0.0023881336094457657
2019-05-24,-0.006918553130411861
2019-05-28,-0.006586596536579803
2019-05-29,-0.002270330015251426
2019-05-30,-0.005501022524570991
2019-05-31,-0.0007910694695737542
2019-06-03,-0.005621848239557697
2019-06-04,-0.002452357315934131
2019-06-05,-0.011809570771598221
2019-06-06,-0.0024705836246895897
2019-06-07,-0.006444158790660369
2019-06-10,-0.004942268855767898
2019-06-11,0.0011887868774556028
2019-06-12,-0.008662593295414515
2019-06-13,-0.0030715407127650763
2019-06-14,-0.0040385623851269615
2019-06-17,-0.006354157332942561
2019-06-18,-0.004114260180627473
2019-06-19,-0.00937832886321514
2019-06-20,-0.008509372030193689
2019-06-21,-0.0020661351852540233
2019-06-24,-0.0020270153379395184
2019-06-25,-0.0067478199124044146
2019-06-26,-0.003029512981483014
2019-06-27,-0.0035646019522130386
2019-06-28,-0.007606429748945116
2019-07-01,0.0013177151939112314
2019-07-02,-0.0012122760643456672
2019-07-03,-0.006727155516696349
2019-07-05,0.0032102219847975387
2019-07-08,-5.237852663154052e-05
2019-07-09,-0.004529310028665947
2019-07-10,-0.005265760417532878
2019-07-11,-0.002110779485576221
2019-07-12,-0.0004471626266716578
2019-07-15,-0.00257752070572033
2019-07-16,-0.003669253847131261
2019-07-17,-0.005546017455598284
2019-07-18,-0.0021043854498077074
2019-07-19,-0.00418232811409293
2019-07-22,-0.0012007924744258315
2019-07-23,-0.0029168857928970537
2019-07-24,0.0010640022014261011
2019-07-25,-0.011634659124495393
2019-07-26,0.005412219054691746
2019-07-29,-0.002844143385917032
2019-07-30,-0.00528316554617623
2019-07-31,-0.0108487950729282
2019-08-01,-0.010256315334470398
2019-08-02,-0.004721558716544014
2019-08-05,-0.002446808412625766
2019-08-06,-0.009944293108436137
2019-08-07,-0.004445263178873558
2019-08-08,0.0011925706660304556
2019-08-09,-0.003760249831401853
2019-08-12,-0.006193760427529822
2019-08-13,-0.004094788927942369
2019-08-14,-0.003444217149151835
2019-08-15,-0.009052521137587519
2019-08-16,-0.003857114796405391
2019-08-19,0.0005067687978555493
2019-08-20,-0.0033024758855093573
2019-08-21,-0.010629036116765527
2019-08-22,-0.008489240271590428
2019-08-23,-0.004964450703081367
2019-08-26,-0.004605044557389833
2019-08-27,-0.005889395702328855
2019-08-28,-0.007717763724467707
2019-08-29,-0.004244353175588305
2019-08-30,-0.0011592858079676653
2019-09-03,0.002395327473202093
2019-09-04,-5.923649628522933e-05
2019-09-05,0.004464083550182269
2019-09-06,-0.005016311350976579
2019-09-09,-0.001202938126125311
2019-09-10,1.2946817408179996e-05
2019-09-11,-0.0016516096693776142
2019-09-12,0.0011203288936900498
2019-09-13,-0.009349033566444216
2019-09-16,-0.008983339243588243
2019-09-17,-0.002907815753828424
2019-09-18,-0.001883360486535968
2019-09-19,-0.007259112233950869
2019-09-20,-0.0019389715557507113
2019-09-23,-0.00382167155099762
2019-09-24,-0.005713590039133609
2019-09-25,-0.003978062270705014
2019-09-26,-0.004612651322696643
2019-09-27,-0.0046141665277991
2019-09-30,-0.005660296926771669
2019-10-01,-0.009344481371635177
2019-10-02,-0.0030362942238574974
2019-10-03,-0.004493162721018558
2019-10-04,-0.0012037760942677131
2019-10-07,-0.0026603637668897936
2019-10-08,-0.0020454243572242898
2019-10-09,-0.005643032388281727
2019-10-10,-0.00489049464958289
2019-10-11,0.0006465825074529778
2019-10-14,-0.006412296169224192
2019-10-15,-0.002647513617969532
2019-10-16,-0.0032458159729108343
2019-10-17,-0.0014178517111146413
2019-10-18,0.00023596477643367947
2019-10-21,-0.0020724017501070856
2019-10-22,-0.012328780328065768
2019-10-23,-0.010082790505257205
2019-10-24,-0.0049010404023434855
2019-10-25,0.0003615420639214431
2019-10-28,-0.008008896084656063
2019-10-29,-0.010208786146190025
2019-10-30,-0.0010930217369910988
2019-10-31,-0.005816033798769722
2019-11-01,-0.0026439698184999375
2019-11-04,-0.001947857190172946
2019-11-05,0.0012962383156434817
2019-11-06,-0.004193051871511599
2019-11-07,-0.008199201430247077
2019-11-08,-0.0062805700186502065
2019-11-11,-0.004710833740458288
2019-11-12,-0.00455842759941728
2019-11-13,-0.006684117449032707
2019-11-14,-0.003259463973322012
2019-11-15,-0.002510827606899972
2019-11-18,-0.001986416356821917
2019-11-19,-0.007749510955061597
2019-11-20,-0.006387890657264635
2019-11-21,-0.004591172524446033
2019-11-22,-0.0006113413010590315
2019-11-25,-0.00014939038354561747
2019-11-26,0.0005143636567884425
2019-11-27,-0.0004940567050282121
2019-11-29,-0.0038855083433043244
2019-12-02,6.970770445744248e-05
2019-12-03,-0.0021895290696405277
2019-12-04,0.0029948730336214445
2019-12-05,-0.007476877383919157
2019-12-06,-0.003768608511766095
2019-12-09,-0.0056755421355117065
2019-12-10,-0.006471288082182434
2019-12-11,-0.0015806341558873074
2019-12-12,-0.0003633326588411358
2019-12-13,-0.004507476790717645
2019-12-16,-0.0012239700175609215
2019-12-17,6.816180882518452e-05
2019-12-18,-0.003380382953156133
2019-12-19,-0.004995420302560626
2019-12-20,-0.004018230613576381
2019-12-23,-0.003222389269163491
2019-12-24,-0.0050091347018993045
2019-12-26,-6.044350617619024e-05
2019-12-27,-0.003212259504564704
2019-12-30,-0.0020323457820110137
2019-12-31,-0.004934831028943387
2020-01-02,-0.0032486839360617815
2020-01-03,-0.004444073535208733
2020-01-06,-0.005354927752669605
2020-01-07,-0.0016624269596887467
2020-01-08,-0.001204947925655917
2020-01-09,-0.005918945872125995
2020-01-10,-0.007464228659845569
2020-01-13,-0.005115268118881961
2020-01-14,-0.005843097466697935
2020-01-15,-0.005483196409558784
2020-01-16,-0.005760288336858722
2020-01-17,-0.007412714971312307
2020-01-21,-0.007081238328048217
2020-01-22,-0.008856698078020052
2020-01-23,0.0003105198072944383
2020-01-24,-0.009391335679126972
2020-01-27,-0.0019232593813382274
2020-01-28,-0.0064064530972775865
2020-01-29,-0.007945788108010221
2020-01-30,-0.007074418541633522
2020-01-31,-0.007636976454701914
2020-02-03,-0.011641377935137144
2020-02-04,-0.005484050195438709
2020-02-05,0.0023734741295357007
2020-02-06,0.0015306759394673897
2020-02-07,-0.003575743098515668
2020-02-10,-0.008485340885455443
2020-02-11,-0.003224050688408576
2020-02-12,-0.012160557795124111
2020-02-13,-0.005050713980465349
2020-02-14,-0.009989804020026437
2020-02-18,-0.0043720901921615336
2020-02-19,-0.008755099530819948
2020-02-20,0.0016533780999257036
2020-02-21,-0.014645733005884629
2020-02-24,-0.013799396717655862
2020-02-25,-0.0068161302315387015
2020-02-26,-0.0088772412263076
2020-02-27,0.0043911056144445345
2020-02-28,-0.00805651703322015
2020-03-02,-0.014465034781054565
2020-03-03,-0.010938719165327508
2020-03-04,-0.004519714274362289
2020-03-05,-0.020754241368724703
2020-03-06,-0.0048829234779786445
2020-03-09,-0.07217315223884466
2020-03-10,-0.0018741163363947683
2020-03-11,-0.018813296383288217
2020-03-12,0.003001196916250306
2020-03-13,-0.008450673273606955
2020-03-16,-0.0075756053973964795
2020-03-17,0.0066299445004647795
2020-03-18,-0.04325592986074599
2020-03-19,0.001394774803603156
2020-03-20,-0.01805924875751125
2020-03-23,0.006109924047823656
2020-03-24,0.0024757501526718496
2020-03-25,-0.02243701401513873
2020-03-26,-0.01017918232204873
2020-03-27,-0.03372460414480908
2020-03-30,-0.008968921510306845
2020-03-31,-0.004132762720538155
2020-04-01,-0.016497334186917095
2020-04-02,-0.020959501459494753
2020-04-03,-0.01935742202064759
2020-04-06,0.016811692017776148
2020-04-07,0.008973893569223781
2020-04-08,-0.020317973401639586
2020-04-09,-0.014403611861473258
2020-04-13,-0.007305368968709088
2020-04-14,-0.024865381320251616
2020-04-15,-0.01580933080597083
2020-04-16,-0.014287603887330993
2020-04-17,0.038184076440228615
2020-04-20,-0.01007440853342164
2020-04-21,-0.006084707521084526
2020-04-22,-0.001108656926268584
2020-04-23,0.002104392092805985
2020-04-24,-0.011029868971379895
2020-04-27,-0.0027220035185564267
2020-04-28,-0.015065851146402817
2020-04-29,-0.03332128122125532
2020-04-30,-0.004033073457097904
2020-05-01,-0.008172296702902922
2020-05-04,-0.00706450389205945
2020-05-05,-0.00792292474883191
2020-05-06,-0.013057393445358279
2020-05-07,-0.005406465704618576
2020-05-08,-0.0053157448167989
2020-05-11,0.000866854176441726
2020-05-12,-0.015094733438400154
2020-05-13,0.008036831227105256
2020-05-14,-0.005609373999322749
2020-05-15,-0.008818298074800805
2020-05-18,0.04023772796027758
2020-05-19,-0.006916499084083911
2020-05-20,-0.014338562904119768
2020-05-21,-0.0009942228569081706
2020-05-22,-0.006075645969336576
2020-05-26,0.018670030425656285
2020-05-27,-0.02709000884942993
2020-05-28,-0.02527482833805268
2020-05-29,-0.019218266069923627
2020-06-01,0.010360760899322245
2020-06-02,-0.01309588425497239
2020-06-03,0.02374769915207355
2020-06-04,-0.01474181419942959
2020-06-05,-0.026617995716522725
2020-06-08,0.008172511728864934
2020-06-09,-0.0013246534139989786
2020-06-10,0.0005136400802199289
2020-06-11,-0.02001203009179448
2020-06-12,-0.02149155138559332
2020-06-15,-0.015281309755197738
2020-06-16,0.0009521261640780404
2020-06-17,-0.013892315552583929
2020-06-18,-0.006323707947164841
2020-06-19,-0.008709651039534094
2020-06-22,-0.0008283470252778199
2020-06-23,-0.01094603351234098
2020-06-24,0.006345679825760392
2020-06-25,-0.006016140122806321
2020-06-26,-0.02145107297807993
2020-06-29,-0.00861196050000583
2020-06-30,-0.0008208355647227779
2020-07-01,-0.016728539906614805
2020-07-02,-0.003255498786090507
2020-07-06,-0.008529069372482288
2020-07-07,-0.005169853128382199
2020-07-08,-0.004460444885349677
2020-07-09,-0.020236284597645773
2020-07-10,0.007193183249739162
2020-07-13,-0.010620719935207206
2020-07-14,-0.008346303033179358
2020-07-15,0.013335244819848897
2020-07-16,0.002618985719432073
2020-07-17,-0.009565823327893515
2020-07-20,-0.018799374979222717
2020-07-21,0.019947302570520353
2020-07-22,-0.010568182146378195
2020-07-23,-0.00623044773655684
2020-07-24,-0.008204589183144073
2020-07-27,-0.01481276133637973
2020-07-28,0.005279665804096138
2020-07-29,-0.0024695589934889267
2020-07-30,-0.01126145473610708
2020-07-31,-0.014888582273375972
2020-08-03,-0.005251645918130424
2020-08-04,-0.010666679380372647
2020-08-05,0.0011035714700179111
2020-08-06,-0.0037516774483912314
2020-08-07,0.006972565348131043
2020-08-10,-0.019703462404692798
2020-08-11,-0.011774281217158174
2020-08-12,-0.004072934977954834
2020-08-13,-0.0066680906312328375
2020-08-14,-0.006151849361530086
2020-08-17,0.004547744488279573
2020-08-18,-0.011496312666993188
2020-08-19,-0.009892296800258691
2020-08-20,0.0014706479186297845
2020-08-21,-0.012324580895965696
2020-08-24,0.011010073697904355
2020-08-25,0.0006135252011497672
2020-08-26,-0.025874996156841457
2020-08-27,0.008869291461785798
2020-08-28,-0.00948688460668241
2020-08-31,0.00028274155057529584
2020-09-01,-0.00820812080697165
2020-09-02,-0.004014404911463609
2020-09-03,0.0021835600746064124
2020-09-04,-0.014309693113128834
2020-09-08,0.005228360142594565
2020-09-09,-0.00013426352908229005
2020-09-10,-0.014416693413485122
2020-09-11,-0.01477139353946209
2020-09-14,-0.0030730159023626374
2020-09-15,-0.008143071383426731
2020-09-16,-0.0026660840272505534
2020-09-17,-0.013986053337699499
2020-09-18,-0.01318117449653649
2020-09-21,-0.012101565123044639
2020-09-22,-0.011734268629419734
2020-09-23,-0.010726155421569211
2020-09-24,-0.0086184271323395
2020-09-25,-0.014632534629015263
2020-09-28,-0.000133643624525922
2020-09-29,-0.010844939388525592
2020-09-30,-0.006886059743756633
2020-10-01,-0.006894541127925211
2020-10-02,0.0028988101809634473
2020-10-05,-0.0011727409994839464
2020-10-06,-0.009649367023474445
2020-10-07,-0.01284655890151308
2020-10-08,0.001590895046558606
2020-10-09,-0.0007689916140553397
2020-10-12,-0.009530232713251208
2020-10-13,-0.0067432483918916895
2020-10-14,-0.0049398727972304966
2020-10-15,-0.013602183174303029
2020-10-16,-0.003964475508713633
2020-10-19,-0.010643203579699811
2020-10-20,-0.014721347493980168
2020-10-21,-0.008520779339386105
2020-10-22,-0.02036094288829502
2020-10-23,-0.004400893342163373
2020-10-26,-0.002481155224015517
2020-10-27,-0.006493836050955202
2020-10-28,0.00411838086460331
2020-10-29,-0.019392254225294708
2020-10-30,-0.0028571500938012794
2020-11-02,-0.016444760843758056
2020-11-03,-0.005170328157928601
2020-11-04,0.0024595637484336116
2020-11-05,-0.00949808440339712
2020-11-06,-0.0034232613056919183
2020-11-09,0.05232574721133057
2020-11-10,-0.020100070699440004
2020-11-11,0.006317940746193464
2020-11-12,-0.011977794032663998
2020-11-13,-0.004947519362923014
2020-11-16,-0.006429285671245107
2020-11-17,-0.01307546952654517
2020-11-18,-0.006339832957692329
2020-11-19,-0.016233703084404513
2020-11-20,-0.007850712252026552
2020-11-23,-0.01796774626335418
2020-11-24,-0.024101624743433706
2020-11-25,-0.004224965644344185
2020-11-27,-0.0029491113324369477
2020-11-30,-0.015134985710527234
2020-12-01,-0.004527478973885222
2020-12-02,-0.00123174702167446
2020-12-03,-0.017830425954242776
2020-12-04,-0.008970356245064842
2020-12-07,0.0036854366338968814
2020-12-08,-0.008463448035099533
2020-12-09,-0.008343071746742859
2020-12-10,-0.0006099138117990153
2020-12-11,-0.005356447614642157
2020-12-14,-0.014202044280864409
2020-12-15,-0.006970438539807262
2020-12-16,-0.006928797444386344
2020-12-17,-0.010986648051019676
2020-12-18,-0.011138814949131262
2020-12-21,0.004703889972436965
2020-12-22,-0.015929894334859036
2020-12-23,0.006015717447549057
2020-12-24,-0.0033681404521455037
2020-12-28,-0.0037297219980201948
2020-12-29,-0.00825138288178174
2020-12-30,-0.010995292648492827
2020-12-31,0.0007027420810097381
2021-01-04,0.0028796980020482626
2021-01-05,0.006805426964854562
2021-01-06,0.009211769455654321
2021-01-07,-0.003349985939592874
2021-01-08,-0.007701773901762447
2021-01-11,0.0045168176924071535
2021-01-12,0.003784520686681816
2021-01-13,-0.0023171136552461837
2021-01-14,0.016427476474854718
2021-01-15,-0.010300087437898366
2021-01-19,0.003603742851879045
2021-01-20,-0.002035854748217477
2021-01-21,-0.005153040205911998
2021-01-22,-0.00014277924525971054
2021-01-25,-0.008072759393350745
2021-01-26,0.00036772675591630944
2021-01-27,0.007042972936579298
2021-01-28,-0.0016424381213775783
2021-01-29,-0.0058762931638461635
2021-02-01,-0.007120711911806464
2021-02-02,-0.003499889440781659
2021-02-03,0.020858227351764572
2021-02-04,-0.0003694406653362301
2021-02-05,0.005361205313686526
2021-02-08,0.006698484043310174
2021-02-09,-0.004704539336955181
2021-02-10,0.0033679988805480343
2021-02-11,-0.008003376642029363
2021-02-12,-0.00439061732325856
2021-02-16,0.008445039759913458
2021-02-17,0.007722298742803058
2021-02-18,-0.00022046533651760066
2021-02-19,0.009607377989555162
2021-02-22,0.01652201082458114
2021-02-23,0.0006448422119184993
2021-02-24,0.004006205861679578
2021-02-25,0.0021266714241729465
2021-02-26,-0.008768667651649834
2021-03-01,-0.006344751413512958
2021-03-02,0.008803821431800815
2021-03-03,0.01663551405786727
2021-03-04,0.006069346007497204
2021-03-05,-0.003880654962104643
2021-03-08,0.014521018155404774
2021-03-09,-0.016593755713650443
2021-03-10,0.006723976071759487
2021-03-11,-0.01575807627767247
2021-03-12,0.010668024214393704
2021-03-15,-4.5582700814517704e-05
2021-03-16,-0.0067169969166069625
2021-03-17,0.0015273082705689032
2021-03-18,0.004691155878748722
2021-03-19,-0.004259488425269873
2021-03-22,-0.005815186253448368
2021-03-23,-0.009450392939137017
2021-03-24,0.003874238621029715
2021-03-25,0.004110987866698558
2021-03-26,-0.0018594415012342116
2021-03-29,-0.0015536101329906302
2021-03-30,0.004264801364847204
2021-03-31,-0.011287831920672708
2021-04-01,-0.001476782177685888
2021-04-05,-0.0005211582862146858
2021-04-06,6.239357709768127e-05
2021-04-07,0.0006448167110948197
2021-04-08,-0.011259717733210335
2021-04-09,-0.004336823060558549
2021-04-12,-0.004081297897809688
2021-04-13,-0.007143552931561667
2021-04-14,0.008136326889772772
2021-04-15,-0.009448448721392931
2021-04-16,-0.0005164205517906905
2021-04-19,0.0011460393996805154
2021-04-20,-0.008158218156092883
2021-04-21,0.002056074973374667
2021-04-22,-0.0024346309398189936
2021-04-23,-0.0014853958054161084
2021-04-26,-0.0005002454331303098
2021-04-27,0.0017643726085897044
2021-04-28,0.006565898565209747
2021-04-29,-0.005020457187448329
2021-04-30,0.0009705726667889386
2021-05-03,0.006393498337000918
2021-05-04,-0.005528536352158439
2021-05-05,0.010524838510492924
2021-05-06,-0.0006474493387487843
2021-05-07,6.231326691324719e-05
2021-05-10,0.004176713566556398
2021-05-11,-0.005467811493740482
2021-05-12,0.007519571765551451
2021-05-13,-0.002613076927682402
2021-05-14,0.005150018476741032
2021-05-17,0.007342291665644128
2021-05-18,-0.001177799278595553
2021-05-19,-0.007015276972729602
2021-05-20,-0.005888150975711094
2021-05-21,0.0037991192759329584
2021-05-24,-0.00026727590823648036
2021-05-25,-0.004986353552744893
2021-05-26,0.0054851742178116366
2021-05-27,0.001590750727981472
2021-05-28,-0.00043180426381673673
2021-06-01,0.006345833626927787
2021-06-02,0.004252977622855436
2021-06-03,0.003649635738282385
2021-06-04,-0.005400535318185697
2021-06-07,-0.008039693497290792
2021-06-08,-0.0033188491899276105
2021-06-09,-0.0010490728585274085
2021-06-10,-0.009552316503243194
2021-06-11,0.003304419860260516
2021-06-14,-0.009603201344628384
2021-06-15,0.0015240018641064917
2021-06-16,0.000971285587683916
2021-06-17,-0.01289539587226412
2021-06-18,-0.008944509429582415
2021-06-21,0.002150949179430579
2021-06-22,-0.0029637797595924663
2021-06-23,-0.0010702195545209336
2021-06-24,-0.004366366128817495
2021-06-25,0.0031825869484328052
2021-06-28,-0.009517678883208104
2021-06-29,-0.005294049882543675
2021-06-30,0.0025092642485837376
2021-07-01,0.00043718693937002783
2021-07-02,-0.0043226134456710134
2021-07-06,-0.010052298378760538
2021-07-07,-0.010430490256059341
2021-07-08,-0.003065424323337742
2021-07-09,0.005149224652924961
2021-07-12,-0.0016247662204328297
2021-07-13,-0.0022299861721245626
2021-07-14,0.0021424008882927783
2021-07-15,-0.0065579145119114
2021-07-16,-0.009310553260015548
2021-07-19,-0.005955413236711461
2021-07-20,-0.0008435523098804867
2021-07-21,0.00791075250956618
2021-07-22,-0.005633232183296076
2021-07-23,-0.009506702329773091
2021-07-26,0.00836023364454284
2021-07-27,-0.0019309684528462756
2021-07-28,0.00245789529677947
2021-07-29,-0.0029578740940335883
2021-07-30,-0.00856906229388869
2021-08-02,-0.0012367070679093492
2021-08-03,0.0001479511874099683
2021-08-04,-0.011508163098718957
2021-08-05,0.008226733781165793
2021-08-06,0.0022668319241726134
2021-08-09,-0.0025320982085073086
2021-08-10,0.0054036201232526195
2021-08-11,0.00014827336929685035
2021-08-12,-0.0019778455632524414
2021-08-13,-0.005020515175339835
2021-08-16,-0.007540403524865394
2021-08-17,-0.005147626557853991
2021-08-18,-0.0011012751789939623
2021-08-19,-0.0047354714027446
2021-08-20,-0.002964518312098694
2021-08-23,0.006308795848917523
2021-08-24,0.0015812837051140446
2021-08-25,-7.416494553646254e-05
2021-08-26,-0.0010316753851480503
2021-08-27,0.005600016803300106
2021-08-30,-0.006742961003143956
2021-08-31,0.00035620313053038124
2021-09-01,-0.0062520594428720645
2021-09-02,0.0035462422898732875
2021-09-03,-0.004327404330682559
2021-09-07,0.001289373534424841
2021-09-08,-0.004731971928403872
2021-09-09,0.0046979047572742565
2021-09-10,-0.00015482194979288657
2021-09-13,0.006727158197753385
2021-09-14,-0.0044932507698853645
2021-09-15,0.005344057096087746
2021-09-16,-0.0028124433635870333
2021-09-17,-0.0018441183088793271
2021-09-20,-0.0013458646273814719
2021-09-21,-0.0032470466144026364
2021-09-22,0.009093669144486869
2021-09-23,0.0038125244132927606
2021-09-24,-0.0005811642877917965
2021-09-27,0.007798727131924326
2021-09-28,0.008452020737130606
2021-09-29,-0.0033186090123797987
2021-09-30,-0.0015116278660284414
2021-10-01,0.006280131782634823
2021-10-04,0.01081588632931488
2021-10-05,-0.00490120539734285
2021-10-06,-0.0070304087832586135
2021-10-07,-0.0028015238633511447
2021-10-08,0.0008838243551827147
2021-10-11,-0.0011068732821052944
2021-10-12,-0.003553629731003556
2021-10-13,-0.006775370704453738
2021-10-14,-0.003978615915357683
2021-10-15,-0.0030376355854684384
2021-10-18,-0.00801278374627177
2021-10-19,-0.0015115827922863078
2021-10-20,-0.00037718234149672965
2021-10-21,-0.005118005120594404
2021-10-22,-0.0070062399340270415
2021-10-25,-0.005199860072238341
2021-10-26,0.0037095145969092917
2021-10-27,-0.006810009533082138
2021-10-28,0.0013125286266839832
2021-10-29,-0.007061250994665985
2021-11-01,0.010545397471327508
2021-11-02,0.0005881099471520615
2021-11-03,-0.0028313159014729692
2021-11-04,-0.006992990851544446
2021-11-05,0.01671630818610136
2021-11-08,-0.0007235583628672227
2021-11-09,0.004907595332379958
2021-11-10,-0.0027870679122481493
2021-11-11,-0.0007246766000537301
2021-11-12,-0.01009123443919825
2021-11-15,0.00017989308749082056
2021-11-16,-0.014788034556201883
2021-11-17,0.002532905295965133
2021-11-18,-0.003629534242877979
2021-11-19,-0.010158722006632108
2021-11-22,0.014349468421832738
2021-11-23,0.003343556500021767
2021-11-24,-0.0027487563163143894
2021-11-26,-0.005465286625792162
2021-11-29,-0.0052107634435087525
2021-11-30,-0.0006038481795679854
2021-12-01,0.0042780925411331555
2021-12-02,0.0041534211330896634
2021-12-03,0.007241352462648572
2021-12-06,0.006730216936933776
2021-12-07,-0.013692807591310316
2021-12-08,-0.0028805128417353125
2021-12-09,0.0027125248773251717
2021-12-10,0.003135053014878398
2021-12-13,-0.002017937958147292
2021-12-14,0.007448967192430759
2021-12-15,-0.01133533519386954
2021-12-16,0.019599644742456762
2021-12-17,-0.001376800665993939
2021-12-20,0.00814815204906801
2021-12-21,-0.0010531025748771448
2021-12-22,-0.0054570904604660814
2021-12-23,-0.0033011033208652065
2021-12-27,-0.005806975625465166
2021-12-28,0.004350503608304049
2021-12-29,-0.0050888177925109334
2021-12-30,0.001473278563000916
2021-12-31,0.0008735203945057495
2022-01-03,0.01585759632224306
2022-01-04,-0.008403542913830962
2022-01-05,0.0013240903697136121
2022-01-06,0.004934135054435838
2022-01-07,0.01660967741754003
2022-01-10,-0.011789075724811804
2022-01-11,-0.008373736103708949
2022-01-12,-0.0036692390155393657
2022-01-13,0.0042156101301105
2022-01-14,0.013099697032849723
2022-01-18,-0.004257270782311745
2022-01-19,-0.014984446582763707
2022-01-20,-0.015412268076256954
2022-01-21,-0.0028072888785609525
2022-01-24,-0.008109346400031699
2022-01-25,0.007726865012137329
2022-01-26,-0.006355688223917449
2022-01-27,0.0009996024458573949
2022-01-28,-0.018674567016805012
2022-01-31,-0.003432369550328636
2022-02-01,-0.007237505599280713
2022-02-02,-0.001995712370074296
2022-02-03,-0.011258304496169456
2022-02-04,-0.003959620229199903
2022-02-07,0.004329016493608363
2022-02-08,-0.01029810642133994
2022-02-09,-0.013677844263690678
2022-02-10,0.00595464024262213
2022-02-11,0.010383072411656251
2022-02-14,0.00022396539105753142
2022-02-15,0.006431683062943911
2022-02-16,-0.004030049579571418
2022-02-17,0.006309564142120699
2022-02-18,-0.00807541435235463
2022-02-22,-0.005923410891787356
2022-02-23,-0.0038903516567918685
2022-02-24,-0.020028691412413632
2022-02-25,0.005566539875095622
2022-02-28,-0.01102786115459101
2022-03-01,-0.01984272165079301
2022-03-02,0.007782227663034175
2022-03-03,-0.008805409169341657
2022-03-04,-0.026961147825067457
2022-03-07,-0.03827048199137025
2022-03-08,0.008930482124046268
2022-03-09,-0.033456301372242724
2022-03-10,0.0027229156687501276
2022-03-11,-0.010425858534298879
2022-03-14,-0.011670861972027975
2022-03-15,-0.003435511547721784
2022-03-16,-0.017254190767877403
2022-03-17,-0.0020107324702621533
2022-03-18,-0.011741721081594894
2022-03-21,0.008969336886505638
2022-03-22,-0.008283150343406692
2022-03-23,0.008503663443055427
2022-03-24,-0.006763213288916727
2022-03-25,0.003226001909413287
2022-03-28,-0.0024934049509424704
2022-03-29,-0.015863752155565652
2022-03-30,-0.002805197235511812
2022-03-31,-0.011248992591266797
2022-04-01,-0.011189206180921821
2022-04-04,0.006002034960557165
2022-04-05,-0.0011532827295264777
2022-04-06,-0.017246328398072067
2022-04-07,-0.017595275933276366
2022-04-08,-0.01350861287625547
2022-04-11,0.00040972823579329964
2022-04-12,-0.002524474329801298
2022-04-13,-0.008320068170918973
2022-04-14,-0.005461390721452181
2022-04-18,0.0018801613980785415
2022-04-19,-0.007820000487556105
2022-04-20,0.0003679099058766489
2022-04-21,-0.008072805470112753
2022-04-22,-0.003285018700787225
2022-04-25,-0.012216516363142919
2022-04-26,-0.009527514477318505
2022-04-27,-0.006684285966671778
2022-04-28,-0.012159726296622495
2022-04-29,-0.002613561702348709
2022-05-02,0.00018798164722024294
2022-05-03,-4.292179823278154e-05
2022-05-04,-0.019051470493179953
2022-05-05,0.007090292874690419
2022-05-06,-0.014007506634272759
2022-05-09,-0.017461901836902625
2022-05-10,0.0007953423508692756
2022-05-11,-0.001444652213759284
2022-05-12,-0.016785233468929607
2022-05-13,0.005429071795042107
2022-05-16,-0.0027891731180827023
2022-05-17,0.01669952009733551
2022-05-18,-0.0036723867690657093
2022-05-19,-0.021367675594417074
2022-05-20,-0.010074042715907451
2022-05-23,0.0037208964907262596
2022-05-24,-0.006035045665434653
2022-05-25,0.010094529216942968
2022-05-26,-0.020672752537485344
2022-05-27,-0.020734604456125336
2022-05-31,0.001773730994856856
2022-06-01,0.00300330274258913
2022-06-02,-0.013116056144748617
2022-06-03,-0.0015986652008252123
2022-06-06,-0.012201108235927967
2022-06-07,-0.006542273916325502
2022-06-08,-0.0071670462712830636
2022-06-09,-0.008348436087762028
2022-06-10,0.0015214048327518177
2022-06-13,-0.021857279955413353
2022-06-14,-0.0047140351092382834
2022-06-15,-0.017685184840437084
2022-06-16,0.0029557943514126554
2022-06-17,-0.004109118520930051
2022-06-21,0.008112791313010074
2022-06-22,-0.013807791935187632
2022-06-23,-0.030399153316556016
2022-06-24,0.010286348901829574
2022-06-27,0.003951250237375025
2022-06-28,-0.006849326568955028
2022-06-29,-0.0009100012480455217
2022-06-30,-0.012454656909814156
2022-07-01,-0.014469476841386213
2022-07-05,-8.409288485746944e-05
2022-07-06,-0.007135387671843955
2022-07-07,-0.007494129079524139
2022-07-08,-0.011816760903067894
2022-07-11,-0.007127681917257905
2022-07-12,0.014531697219431962
2022-07-13,-0.006191000286854518
2022-07-14,-0.011018559654758415
2022-07-15,0.010640075946450755
2022-07-18,-0.0038787958031136463
2022-07-19,-0.01354048565582596
2022-07-20,-0.008383314996886085
2022-07-21,-0.01679567684637015
2022-07-22,-0.00900029821461694
2022-07-25,-0.006595350250606927
2022-07-26,-0.00986104766432166
2022-07-27,0.008813365875380735
2022-07-28,-0.01623954566889231
2022-07-29,-0.007751696024822968
2022-08-01,0.0008302973836969577
2022-08-02,-0.010002608089434007
2022-08-03,-0.0032944065346466305
2022-08-04,-0.021760827851723924
2022-08-05,-0.0020624064160319946
2022-08-08,0.0002784121151890211
2022-08-09,-0.015692765189817076
2022-08-10,0.009798239715876015
2022-08-11,0.0019915589819412566
2022-08-12,-0.005529076835532111
2022-08-15,-0.008625578243252578
2022-08-16,0.0001997122400343495
2022-08-17,-0.0014523652981885036
2022-08-18,-0.007212153742629896
2022-08-19,0.001758531904201571
2022-08-22,-0.011973467715305434
2022-08-23,-0.008097570669416791
2022-08-24,-0.009407309963540474
2022-08-25,-0.004848311162749978
2022-08-26,-0.004265774049564393
2022-08-29,-0.005352870926471007
2022-08-30,-0.007515353227037969
2022-08-31,-0.007184487491163361
2022-09-01,-0.0010748283842310171
2022-09-02,0.0025259263715546763
2022-09-06,-0.005532426600788552
2022-09-07,-0.01713961028992185
2022-09-08,-0.01319424038038841
2022-09-09,0.0007117736521217253
2022-09-12,-0.0033093058555192035
2022-09-13,0.004411381132374338
2022-09-14,-0.005414615438525246
2022-09-15,0.0004997654767755749
2022-09-16,-0.013731111863911086
2022-09-19,0.0020758015814251983
2022-09-20,-0.0070895717196241825
2022-09-21,-0.01632162112063806
2022-09-22,-0.0029958871872209957
2022-09-23,-0.019743212313914772
2022-09-26,-0.012105321445660674
2022-09-27,0.005205833588261272
2022-09-28,-0.021272506855692826
2022-09-29,-0.010869457538786147
2022-09-30,-0.028644685698251668
2022-10-03,-0.011706376953518923
2022-10-04,0.019937310683265916
2022-10-05,-0.009682177204705874
2022-10-06,-0.013547068978159556
2022-10-07,-0.010673298016070209
2022-10-10,-0.011105334089163966
2022-10-11,-0.016935817145653214
2022-10-12,0.0007238478297794315
2022-10-13,-0.005288893778009345
2022-10-14,-0.005121081965303742
2022-10-17,-0.004617114465014536
2022-10-18,0.0019305237194682107
2022-10-19,-0.001922910779126573
2022-10-20,-0.0010626829136280826
2022-10-21,-0.004456369107142205
2022-10-24,-0.004952368378968181
2022-10-25,-0.011430737578861839
2022-10-26,0.00048483766042061675
2022-10-27,-0.012776431027955986
2022-10-28,0.0012204603159319486
2022-10-31,-0.004023013945682032
2022-11-01,0.0008652928276369634
2022-11-02,-0.012413670480764914
2022-11-03,-0.01895381314913324
2022-11-04,-0.00016184590650826503
2022-11-07,-0.016408803172491757
2022-11-08,-0.005147654813441423
2022-11-09,-0.015187616933643426
2022-11-10,-0.03254090244601835
2022-11-11,-0.010206401499971606
2022-11-14,-0.0016050802989385857
2022-11-15,-0.008673616636494083
2022-11-16,-0.010022074808934245
2022-11-17,0.001398781586678363
2022-11-18,-0.005891856650296143
2022-11-21,-0.0099272484216795
2022-11-22,-0.005414293478765916
2022-11-23,-0.005195205092336848
2022-11-25,-0.0052738321892890905
2022-11-28,-0.0075168176909300635
2022-11-29,0.003437329393287996
2022-11-30,0.0013464381911567494
2022-12-01,-0.004562965306827868
2022-12-02,-0.01003892745884
2022-12-05,-0.01464023387397185
2022-12-06,-0.007789232184006
2022-12-07,-0.009105925808720439
2022-12-08,-0.009654686259427198
2022-12-09,-0.0033240255620419846
2022-12-12,-0.006014985973203469
2022-12-13,0.0004943682423351799
2022-12-14,-0.0035379363700834584
2022-12-15,-0.007669736216237962
2022-12-16,-0.0006340789118467354
2022-12-19,-0.009966417888127011
2022-12-20,-0.0031469098667985147
2022-12-21,-0.0066412088195330135
2022-12-22,-0.0015574419821136431
2022-12-23,-0.003835690477579669
2022-12-27,-0.009394072289924622
2022-12-28,-0.007755556766643408
2022-12-29,-0.010118016914133516
2022-12-30,-0.003650224805034346
2023-01-03,0.00733745774964639
2023-01-04,0.014721304546964355
2023-01-05,0.010804880634430455
2023-01-06,0.005509999956076447
2023-01-09,-0.000422455563183997
2023-01-10,0.0031767621351730634
2023-01-11,-0.010018196368143375
2023-01-12,0.007848420980344772
2023-01-13,-0.001994801174964788
2023-01-17,-0.0023705726828243167
2023-01-18,-0.007985906095183959
2023-01-19,0.00267669339117553
2023-01-20,0.0015253108780679996
2023-01-23,-0.0006347735752332234
2023-01-24,-0.0026071127778282167
2023-01-25,0.009838889753696541
2023-01-26,-0.002970398777100799
2023-01-27,-0.0010870128178422304
2023-01-30,-0.005367524739523719
2023-01-31,-0.0014104179106196333
2023-02-01,0.000847167200831553
2023-02-02,-0.006129872006834219
2023-02-03,-0.0004362981743927224
2023-02-06,-0.0036669874511089293
2023-02-07,0.00034885977773402256
2023-02-08,0.0002926477774760313
2023-02-09,-0.002147168023105248
2023-02-10,-0.0029639774684874203
2023-02-13,0.0015905349197880931
2023-02-14,0.0012682608972542921
2023-02-15,-0.0004905418022552893
2023-02-16,0.006942319748412685
2023-02-17,-0.0020885713925438585
2023-02-21,0.0006252702070308304
2023-02-22,-0.003861381131793483
2023-02-23,-0.003642941815680519
2023-02-24,0.006711842169404035
2023-02-27,-0.002810872400098567
2023-02-28,-0.003882764370949813
2023-03-01,0.0016624944465699172
2023-03-02,-0.003749153367459088
2023-03-03,-0.005453424723740297
2023-03-06,-0.004786972144576122
2023-03-07,-0.00044566921611570475
2023-03-08,0.0013824285722243085
2023-03-09,-0.007200039116372034
2023-03-10,0.0047054254242119104
2023-03-13,-0.014699619752846558
2023-03-14,-0.007008988223556543
2023-03-15,-0.007755572155457871
2023-03-16,0.0020903103617762055
2023-03-17,-0.0007664859796397449
2023-03-20,-0.0021294158886182198
2023-03-21,0.00016627999391050552
2023-03-22,0.0016547488885179998
2023-03-23,-0.0013607466788968774
2023-03-24,-0.002212619544075012
2023-03-27,0.001099734494288939
2023-03-28,0.004694737081439897
2023-03-29,0.004089961034066109
2023-03-30,-0.00013467277367537557
2023-03-31,-0.0039659607101475355
2023-04-03,0.004684548987718862
2023-04-04,-0.0005051064060447863
2023-04-05,-0.0013013127492422076
2023-04-06,0.0013719331485916217
2023-04-10,-0.0024334656730480566
2023-04-11,-0.00047844410184755227
2023-04-12,-0.010790731489750403
2023-04-13,-0.003969306413108954
2023-04-14,0.001241568373475985
2023-04-17,0.0034285316506441873
2023-04-18,-0.0001880512666676251
2023-04-19,0.0017330197233765654
2023-04-20,-0.007345258533817045
2023-04-21,0.0024137355754198196
2023-04-24,-0.002421578023048721
2023-04-25,0.0024521666807828272
2023-04-26,0.005726953604283779
2023-04-27,0.0065831703392924
2023-04-28,0.0014867678395387132
2023-05-01,0.0034427439849875063
2023-05-02,-0.00510700000310414
2023-05-03,-0.0015607175804950436
2023-05-04,-0.010273303528985443
2023-05-05,0.004531409631426271
2023-05-08,0.0057239438865531785
2023-05-09,-0.0002444389770771588
2023-05-10,-0.006836499359573807
2023-05-11,-0.0048692713031878235
2023-05-12,-0.003143311695592014
2023-05-15,0.006615959728390455
2023-05-16,-0.0012065946605502042
2023-05-17,0.0040119339100752665
2023-05-18,-0.0007803428772990431
2023-05-19,-0.003996252047822066
2023-05-22,-0.0027684884682906237
2023-05-23,0.006112516637768703
2023-05-24,-0.002291078640883648
2023-05-25,-0.001978791994252065
2023-05-26,-0.0055313907141255145
2023-05-30,-0.000856365836911016
2023-05-31,-0.00013484849164248662
2023-06-01,-0.0019343651103826487
2023-06-02,-0.0008151141587457217
2023-06-05,0.0005051310225920869
2023-06-06,0.004384762390338968
2023-06-07,0.011389182981634252
2023-06-08,-0.003953861765804648
2023-06-09,-0.0003846445369303183
2023-06-12,-0.005001941756694425
2023-06-13,0.0009334091556182285
2023-06-14,-0.0006025269325475608
2023-06-15,-0.007133117316247422
2023-06-16,0.0018984626659412924
2023-06-20,-0.0033206096648073233
2023-06-21,0.0018020653427938506
2023-06-22,-0.00519771014045326
2023-06-23,-0.0011561610338754614
2023-06-26,0.0016947277466683238
2023-06-27,0.0055788746446157
2023-06-28,0.0038964719355891802
2023-06-29,-0.0032026846337606064
2023-06-30,0.0014489565621731574
2023-07-03,0.006065342200818549
2023-07-05,-0.0018794345244267658
2023-07-06,-0.004874883735783879
2023-07-07,0.004856398696334379
2023-07-10,-0.008090046369762158
2023-07-11,0.001481746447448048
2023-07-12,-0.005652544184146605
2023-07-13,-0.0034850243248195647
2023-07-14,-0.017594129972772148
2023-07-17,-0.009928862327275053
2023-07-18,0.006762249349878243
2023-07-19,0.005608648395918122
2023-07-20,0.003602973367347597
2023-07-21,-0.004335041795577766
2023-07-24,-0.0002253195331947352
2023-07-25,-0.007960042741169538
2023-07-26,0.005085849407501449
2023-07-27,-0.006058137196962944
2023-07-28,-0.0006932673134835518
2023-07-31,0.002724972047839804
2023-08-01,-0.009423932909577612
2023-08-02,-0.0013264860945074479
2023-08-03,0.0027207368375980214
2023-08-04,-0.001416550949744918
2023-08-07,-0.0021629525493799414
2023-08-08,-0.0012717121219445525
2023-08-09,-0.002495144743184685
2023-08-10,-0.0046900634917900865
2023-08-11,0.0002620067089443123
2023-08-14,-0.005866407380603936
2023-08-15,-0.0008339377085377248
2023-08-16,0.00011192798152964267
2023-08-17,0.002619164594979034
2023-08-18,0.002177910543808824
2023-08-21,-0.0064143882213937575
2023-08-22,-0.005706565473589313
2023-08-23,-0.0012015358364073083
2023-08-24,0.00224597347306648
2023-08-25,-0.006808705217648425
2023-08-28,0.0019365117982314355
2023-08-29,-0.006077079849428114
2023-08-30,-0.0028445403588092636
2023-08-31,0.0021877320359996897
2023-09-01,-0.0032469437906307375
2023-09-05,-0.004016856763521605
2023-09-06,-0.002097813867654219
2023-09-07,-0.005298389697909734
2023-09-08,0.004685088212838194
2023-09-11,-0.005262658497572649
2023-09-12,0.01206201032248379
2023-09-13,-0.007906937726833808
2023-09-14,0.0016009034155328062
2023-09-15,0.0038914210212433473
2023-09-18,-0.000656414049659774
2023-09-19,-0.00017840501513669287
2023-09-20,-0.004288648816776134
2023-09-21,0.0033155138713953265
2023-09-22,-0.004607952346061835
2023-09-25,-0.0046772505829185676
2023-09-26,0.001459743262547462
2023-09-27,-0.006803157612174543
2023-09-28,-0.0032526579828142084
2023-09-29,0.0002980008212914542
2023-10-02,-0.009322740748458522
2023-10-03,-0.0006234857474598182
2023-10-04,-0.004036542098056976
2023-10-05,-0.003828159753159187
2023-10-06,-0.007211795836077827
2023-10-09,-0.005081888732152523
2023-10-10,0.0019766379488403395
2023-10-11,-0.0055147445940525825
2023-10-12,-0.004620965235899843
2023-10-13,-0.005214328136766063
2023-10-16,0.0007777350517456246
2023-10-17,0.0015811100771458736
2023-10-18,-0.007803276560316393
2023-10-19,0.007326174128884451
2023-10-20,0.0015581327065758448
2023-10-23,-0.0023866236085808247
2023-10-24,0.00815474786429262
2023-10-25,0.0014007030035735886
2023-10-26,0.00430582537851262
2023-10-27,-0.001219417399324485
2023-10-30,0.005261326832242526
2023-10-31,0.00026786076545303947
2023-11-01,-0.005509817488979668
2023-11-02,0.0035368203137479967
2023-11-03,0.01307623552410862
2023-11-06,-0.00953043858262401
2023-11-07,-0.008990165574056406
2023-11-08,-0.008807004967869785
2023-11-09,1.6460424898578387e-05
2023-11-10,-0.0024293221093137675
2023-11-13,-0.0014984243675712783
2023-11-14,-0.000694068824802996
2023-11-15,0.0043223918698790074
2023-11-16,-0.00869150407259262
2023-11-17,0.004222025253066287
2023-11-20,-0.0049455395177853065
2023-11-21,-0.00419217837639013
2023-11-22,-0.0006166808500266655
2023-11-24,-0.0014586996738740637
2023-11-27,0.0029379252935205283
2023-11-28,-0.0032392669902336457
2023-11-29,0.0039204781543573765
2023-11-30,-0.001902220275599628
2023-12-01,0.004184291084265783
2023-12-04,-0.001419849046047188
2023-12-05,-0.0009212988215181066
2023-12-06,0.00039741605064920493
2023-12-07,-0.0008153116700916231
2023-12-08,0.004995521692719673
2023-12-11,-0.010879767703043788
2023-12-12,-0.0070118279670242515
2023-12-13,-0.003999485400060697
2023-12-14,0.009961567582634591
2023-12-15,-0.005123706729171417
2023-12-18,-0.00580746906252269
2023-12-19,-0.0017084451180925096
2023-12-20,-0.0018893620578505025
2023-12-21,-0.000497422102279818
2023-12-22,-0.0018540412597120512
2023-12-26,-0.001675289026844906
2023-12-27,-0.004732171553719461
2023-12-28,-0.0011682280701431178
2023-12-29,-0.0014934529040991306
2024-01-02,0.0017802796508142686
2024-01-03,0.005060795804569761
2024-01-04,0.0017924758582527427
2024-01-05,0.006890763294555775
2024-01-08,-0.0006448774509702087
2024-01-09,-0.002796846841058606
2024-01-10,-0.004588849672171244
2024-01-11,-0.00138743262759806
2024-01-12,-0.0046194004402371775
2024-01-16,-0.0021835039102106883
2024-01-17,-0.00351807168430048
2024-01-18,8.330419123996177e-05
2024-01-19,0.001098880902333748
2024-01-22,-0.006621013059945154
2024-01-23,0.006560994489971051
2024-01-24,0.0017502941241210796
2024-01-25,0.017789066479907474
2024-01-26,-0.0027954674742097507
2024-01-29,-0.0035564069141419195
2024-01-30,0.0023715922321413305
2024-01-31,0.0001148397670515998
2024-02-01,-0.0027305342768454005
2024-02-02,-0.004914674065078837
2024-02-05,-0.003837771002360829
2024-02-06,0.008129657664416074
2024-02-07,-0.005615220026806481
2024-02-08,-0.00386923632944927
2024-02-09,-0.00750015414599398
2024-02-12,0.005588777810619278
2024-02-13,-0.00038182600074954847
2024-02-14,-0.0016654535798526393
2024-02-15,0.00397709643301646
2024-02-16,0.0005055880793472499
2024-02-20,0.008375691061239985
2024-02-21,0.005507297287381481
2024-02-22,-0.010883023885169821
2024-02-23,-0.001191996661701812
2024-02-26,-0.007933518358449266
2024-02-27,0.001410273969530141
2024-02-28,-0.0009764444425992608
2024-02-29,-0.00045952338381185387
2024-03-01,-0.007443533676605131
2024-03-04,0.004983251935994015
2024-03-05,0.011923927352715226
2024-03-06,-0.0012292540799110423
2024-03-07,-0.006670941836010766
2024-03-08,0.008197825204568333
2024-03-11,0.007182777983575681
2024-03-12,-0.008181136076038275
2024-03-13,0.013404546317105196
2024-03-14,0.0027610261688549623
2024-03-15,0.007475924675282225
2024-03-18,-0.0022965220438282722
2024-03-19,-0.0005184580803145357
2024-03-20,0.006200075933658566
2024-03-21,9.894578551265971e-05
2024-03-22,0.0028817547077130616
2024-03-25,0.004720085834783964
2024-03-26,-0.0024695724235253343
2024-03-27,0.003483179413431024
2024-03-28,0.0026538235755901177
2024-04-01,0.0027301067159917255
2024-04-02,0.006010011457685005
2024-04-03,-0.005313018986845949
2024-04-04,0.0017264814534934956
2024-04-05,-0.0015394364026359436
2024-04-08,-0.0037518086539083733
2024-04-09,0.0006340015770093416
2024-04-10,-0.0003788436900587978
2024-04-11,-0.002619718281693108
2024-04-12,0.001991772631506551
2024-04-15,0.00476072392430162
2024-04-16,-0.002737349951381916
2024-04-17,0.003038507371123428
2024-04-18,0.0068084233256870555
2024-04-19,0.006850064159226795
2024-04-22,-0.0009201031459045554
2024-04-23,-0.007347896399328645
2024-04-24,0.0007672926293938676
2024-04-25,0.004767125436472473
2024-04-26,-0.005127462292101745
2024-04-29,-0.0028138619153351817
2024-04-30,-0.003693658634355883
2024-05-01,-0.0014600779955607466
2024-05-02,-0.006181846462940018
2024-05-03,-0.006865597055377676
2024-05-06,0.0003098042782533135
2024-05-07,-0.004053744149912059
2024-05-08,0.002031457076191713
2024-05-09,0.0009874940622077173
2024-05-10,-0.0020984912364046047
2024-05-13,0.005123124708273383
2024-05-14,-0.0030365543415215414
2024-05-15,-0.00756936762887142
2024-05-16,0.0013631397343931292
2024-05-17,-0.0021207587003978256
2024-05-20,-0.002558680492790322
2024-05-21,-0.003592106836038276
2024-05-22,-0.008877598089637728
2024-05-23,-0.0053928413374606165
2024-05-24,-0.001998070538644332
2024-05-28,-7.203776321030198e-05
2024-05-29,-0.0007254873441279886
2024-05-30,0.007223278165993043
2024-05-31,0.0034666102046630965
2024-06-03,-0.004167271639788784
2024-06-04,-0.001015402949533845
2024-06-05,-0.006422616917864085
2024-06-06,-8.781813605779729e-05
2024-06-07,0.0036951488492316
2024-06-10,-0.0021301117481452325
2024-06-11,-0.005076846833433253
2024-06-12,-0.005338487109088738
2024-06-13,-0.002757525018333379
2024-06-14,-0.005903470741830634
2024-06-17,0.00016742635120609435
2024-06-18,0.0013631963333469892
2024-06-20,0.007439262495679135
2024-06-21,0.0015099899759144985
2024-06-24,0.0103368987875319
2024-06-25,-0.00297777177476529
2024-06-26,-0.0017049687336395938
2024-06-27,-0.001560319212130821
2024-06-28,0.0025963874169610004
2024-07-01,-0.001878318962793508
2024-07-02,-0.002381083736976871
2024-07-03,-0.0031550387384240404
2024-07-05,-0.0047436901786584084
2024-07-08,-0.0019736914535595446
2024-07-09,0.0019966592142423617
2024-07-10,-0.003006381087127023
2024-07-11,0.006360674428215854
2024-07-12,-0.006034841777848867
2024-07-15,0.0010177283657599664
2024-07-16,0.001473282807561092
2024-07-17,0.01998459204978878
2024-07-18,0.0005465476513443954
2024-07-19,0.0007361747485629851
2024-07-22,-0.0167165371982903
2024-07-23,-0.005725708214321766
2024-07-24,0.01404957385866038
2024-07-25,-0.0024246696458959044
2024-07-26,-0.007377163313727439
2024-07-29,-0.0037812752662735915
2024-07-30,0.008024442515010183
2024-07-31,-0.013458461437179573
2024-08-01,-0.00034843926246898587
2024-08-02,-0.00617072260372116
2024-08-05,-0.0049037894316058634
2024-08-06,0.0020415098393645813
2024-08-07,0.012121959472863944
2024-08-08,-0.0055818844649691834
2024-08-09,-0.003813750790616229
2024-08-12,-0.002289774147392624
2024-08-13,-0.007861040906208936
2024-08-14,0.0004955246236476631
2024-08-15,-0.00034312088551605104
2024-08-16,0.001753035867428058
2024-08-19,0.00032589914604461617
2024-08-20,-0.001296517795199147
2024-08-21,0.0003741486035038169
2024-08-22,0.006445640137789452
2024-08-23,0.004311258064698519
2024-08-26,0.007643646829649847
2024-08-27,-0.005078282836110521
2024-08-28,0.002672880669367504
2024-08-29,0.0014645784604022957
2024-08-30,-0.0013787186807145344
2024-09-03,0.007782857917801142
2024-09-04,-0.0036078348222119403
2024-09-05,0.003815411139411302
2024-09-06,0.005381064537036397
2024-09-09,0.001297488682209658
2024-09-10,-0.005716685640873771
2024-09-11,-0.016786187066380888
2024-09-12,-0.002325314560849114
2024-09-13,0.0035302251970238175
2024-09-16,0.008002073588845285
2024-09-17,0.00482664834427117
2024-09-18,0.0024328007796615265
2024-09-19,-0.00723437902366881
2024-09-20,0.007634669712464257
2024-09-23,-0.0005996445818439296
2024-09-24,0.0050226636380930525
2024-09-25,-0.00460791787484601
2024-09-26,-0.004290136815079585
2024-09-27,0.004135832832072468
2024-09-30,0.0011848974390042044
2024-10-01,0.009951981581434666
2024-10-02,0.001271190075395277
2024-10-03,0.00203744544890983
2024-10-04,0.004266636535095655
2024-10-07,0.002083037903434686
2024-10-08,-0.0051288354211072315
2024-10-09,0.00010804167094841889
2024-10-10,0.0014150424235494564
2024-10-11,0.0030013995417644936
2024-10-14,-0.0035926001994858034
2024-10-15,0.009864710471970503
2024-10-16,0.0058567423284703116
2024-10-17,-0.0019315503999301586
2024-10-18,0.0007774541073638608
2024-10-21,0.001230110013789755
2024-10-22,0.008606097830018866
2024-10-23,0.00628515282642644
2024-10-24,-0.008363079956480387
2024-10-25,-0.0054595569381011766
2024-10-28,0.006843449246704866
2024-10-29,-0.006823256053368148
2024-10-30,0.0021745264882468895
2024-10-31,0.01125973697453894
2024-11-01,-0.008489572804510504
2024-11-04,-0.0012359815158669875
2024-11-05,-0.001568386775128276
2024-11-06,0.005907545509100248
2024-11-07,-0.010457581158392362
2024-11-08,-0.0021576825109226754
2024-11-11,-0.0008776620209955624
2024-11-12,0.0055531416002684835
2024-11-13,0.0015724343767364601
2024-11-14,0.005771166406910165
2024-11-15,0.007440655497196015
2024-11-18,0.006080089427317609
2024-11-19,-0.00013529879779464386
2024-11-20,-0.005866529627086706
2024-11-21,-0.0008403950831251219
2024-11-22,0.00419855146569372
2024-11-25,-0.0017993235359657122
2024-11-26,-0.007139746473462927
2024-11-27,0.004083989091493195
2024-11-29,-0.003286623415647172
2024-12-02,-0.0044335341639200766
2024-12-03,-0.004027100044905852
2024-12-04,-0.010255845481089019
2024-12-05,0.006543988874130215
2024-12-06,-0.01103896244728864
2024-12-09,-0.005924758133912986
2024-12-10,-0.0009006786432702807
2024-12-11,-0.004744229739247703
2024-12-12,0.007546147144806572
2024-12-13,-0.005778056401933198
2024-12-16,-0.010230963783872296
2024-12-17,0.005388373832338361
2024-12-18,0.0006224304726864992
2024-12-19,0.002718556288779319
2024-12-20,0.003478213660435961
2024-12-23,-0.004287960081770608
2024-12-24,-0.002142087468141905
2024-12-26,0.001700168437632025
2024-12-27,0.003631814470537516
2024-12-30,0.0021235046978973276
2024-12-31,0.007863280455747006
2025-01-02,0.0014805272828237145
2025-01-03,-0.008824897654794868
2025-01-06,-0.0055754274710090885
2025-01-07,0.007585720077289321
2025-01-08,-0.0029972791555256196
2025-01-10,-0.003512075786244091
2025-01-13,0.0037355408681998266
2025-01-14,0.0010745594519340415
2025-01-15,-0.006732006917459581
2025-01-16,0.0037774877610046408
2025-01-17,-0.001998302703049319
2025-01-21,-0.002554107323645539
2025-01-22,-0.010806537195768042
2025-01-23,-0.001121679183730914
2025-01-24,0.002007378641938303
2025-01-27,0.02887860511789565
2025-01-28,-0.014414072890562716
2025-01-29,0.006100289437526087
2025-01-30,-0.009141946036492278
2025-01-31,-0.007528379280438197
2025-02-03,0.0045340147385326745
2025-02-04,-0.0023650986693217885
2025-02-05,-0.0014724735209848874
2025-02-06,-0.0032080875039396718
2025-02-07,0.005331053484905056
2025-02-10,-0.0003350748614247294
2025-02-11,0.01035635069259555
2025-02-12,0.014658144117075646
2025-02-13,0.0036121729047814554
2025-02-14,0.004864278045768272
2025-02-18,0.0010385465214303525
2025-02-19,0.007433105516593851
2025-02-20,0.0010895743864278743
2025-02-21,0.011667280410838143
2025-02-24,0.009184456227409031
2025-02-25,0.0016007289789949832
2025-02-26,-0.005371151577908627
2025-02-27,0.009100910207260587
2025-02-28,0.0007177094783030438
2025-03-03,0.008530453900168688
2025-03-04,-0.013108513392561241
2025-03-05,-0.001421089388363975
2025-03-06,0.008068505590094876
2025-03-07,0.008576420467683882
2025-03-10,0.012522374207744134
2025-03-11,-0.013520084582855639
2025-03-12,-0.00811829894362255
2025-03-13,0.011940663398724743
2025-03-14,-0.007478643075388436
2025-03-17,0.0025256886459017968
2025-03-18,0.006375035070103586
2025-03-19,-0.005019991398850899
2025-03-20,-0.0002623166809296081
2025-03-21,-0.004918620872891098
2025-03-24,-0.009124722196550724
2025-03-25,-0.007742000785838768
2025-03-26,0.011068987640325583
2025-03-27,0.0038713526927956943
2025-03-28,0.007064612338095493
2025-03-31,0.004205682727464751
2025-04-01,-0.009014338433425745
2025-04-02,-0.006981288411982899
2025-04-03,-0.007121104272477644
2025-04-04,0.0011317687422210932
2025-04-07,0.0005943026740707145
2025-04-08,-0.012354707870676905
2025-04-09,-0.01015702369576445
2025-04-10,-0.0008266084547234327
2025-04-11,-0.0005739717975568515
2025-04-14,0.0057273017395825234
2025-04-15,-0.0010924643175982188
2025-04-16,0.0034869922902298215
2025-04-17,0.008435945053802591
2025-04-21,0.010874699613492703
2025-04-22,-0.00598084769925364
2025-04-23,-0.009896423449789107
2025-04-24,-0.006388187772775326
2025-04-25,-0.010995534022311092
2025-04-28,0.0015012267624380537
2025-04-29,-0.0013548679266303216
2025-04-30,-0.005953166126923074
2025-05-01,-0.0013813536721034774
2025-05-02,-0.0006432339472135594
2025-05-05,-0.0065704351415390655
2025-05-06,0.004333102935750701
2025-05-07,-0.0039046634698395844
2025-05-08,0.004865890425948631
2025-05-09,0.001636127225083705
2025-05-12,-0.00201692085019421
2025-05-13,0.0015962021541386477
2025-05-14,-0.0020987804548803887
2025-05-15,0.008299546130558735
2025-05-16,-0.004809701187326531
2025-05-19,-0.0020488818424165855
2025-05-20,-0.0023925322217061367
2025-05-21,-0.0019710891023758214
2025-05-22,-0.0003441340812676867
2025-05-23,0.002383091404963179
2025-05-27,-0.0019628386691239717
2025-05-28,-0.0026145567515551307
2025-05-29,0.0026501668884078007
2025-05-30,-0.0018679805803289544
2025-06-02,0.001382087272326001
2025-06-03,0.0026018060320152966
2025-06-04,-0.002296737173161286
2025-06-05,0.0012964248552473786
2025-06-06,0.004788794981550035
2025-06-09,0.0020179376446386593
2025-06-10,0.0065960338763306325
2025-06-11,-0.002654000910208322
2025-06-12,-0.00144303180221988
2025-06-13,-0.0012311493172071043
2025-06-16,0.002299610904770082
2025-06-17,0.0004310360710182169
2025-06-18,0.002656199420771361
2025-06-20,0.0063024510891480515
2025-06-23,-0.006925011466568338
2025-06-24,-0.0014413291043158152
2025-06-25,-0.002236502667643388
2025-06-26,0.0012040122606164975
2025-06-27,0.002118400733524992
2025-06-30,-0.006719876934876695
2025-07-01,0.015996273845981044
2025-07-02,0.005052162659075427
2025-07-03,-0.007056100542052417
2025-07-07,0.00042556647083533177
2025-07-08,0.006329174294644463
2025-07-09,-0.0020332915381063156
2025-07-10,0.00629457185407789
2025-07-11,0.0008512173012915848
2025-07-14,-0.004309977293999348
2025-07-15,-0.00563310630406544
2025-07-16,-0.004446569514816159
2025-07-17,0.003025017597051132
2025-07-18,0.0016070738958026375
2025-07-21,0.002253827785479563
2025-07-22,0.002130569508249531
2025-07-23,-0.011700075331774256
2025-07-24,-0.0016435809120924421
2025-07-25,-0.0022434702696930054
2025-07-28,-0.0019501596771581324
2025-07-29,-0.006333888721538052
2025-07-30,-0.009110451230757495
2025-07-31,0.0017929748290714724
2025-08-01,-0.0019238414420922707
2025-08-04,-0.004468340161297458
2025-08-05,0.007617655147504801
2025-08-06,-0.003897741454334578
2025-08-07,0.01246917213449007
2025-08-08,0.001619016208588662
2025-08-11,0.001186164285410434
2025-08-12,0.002476664048419193
2025-08-13,0.001993268583289072
2025-08-14,0.0013226179449397617
2025-08-15,-0.0035347731803730847
2025-08-18,-0.002848693451915584
2025-08-19,0.008323134027089108
2025-08-20,-0.0011251005044924786
2025-08-21,0.0016142230077605417
2025-08-22,0.0034415866982209367
2025-08-25,0.000658189557313641
2025-08-26,-0.004589364435361663
2025-08-27,0.0016187578321494897
2025-08-28,-0.005735468991086658
2025-08-29,0.009398202778204358
2025-09-02,0.0021294055256527956
2025-09-03,-0.0038447115601176946
2025-09-04,-0.003236204598059202
2025-09-05,-0.004287085476524083
2025-09-08,-0.010096119242257198
2025-09-09,-0.001065493927904355
2025-09-10,-0.0013907809299751413
2025-09-11,-0.0033603858177554324
2025-09-12,-0.0034053302411681833
2025-09-15,-0.006644462691802978
2025-09-16,0.0031849339650145436
2025-09-17,0.0022069530742727743
2025-09-18,0.0015022013014631685
2025-09-19,-0.0073356524359603405
2025-09-22,-0.007976132443928358
2025-09-23,0.007686209381904352
2025-09-24,-0.001939701102488917
2025-09-25,0.005370544052121907
2025-09-26,0.0019755264770269128
2025-09-29,-0.0018369029895003628
2025-09-30,-0.003493454703280741
2025-10-01,-0.0031589336192634813
2025-10-02,-0.004205064492377725
2025-10-03,0.002704765391825859
2025-10-06,-0.009131276747268864
2025-10-07,0.00046476986129013705
2025-10-08,-0.011709553408705957
2025-10-09,-0.0031076271133254566
2025-10-10,0.007575589574229669
2025-10-13,-0.007946395232491212
2025-10-14,0.014023734654290668
2025-10-15,-0.0014787993922821205
2025-10-16,-0.005180041412881458
2025-10-17,0.005940360542760863
2025-10-20,0.0011987661067870022
2025-10-21,0.00481782697508116
2025-10-22,-0.0001392214979732684
2025-10-23,-0.013468604022768352
2025-10-24,-0.0033571507489766053
2025-10-27,-0.0043167779675581065
2025-10-28,-0.006266331275951737
2025-10-29,-0.012309765326438444
2025-10-30,0.009369440210836183
2025-10-31,-0.002759119064141413
2025-11-03,-0.005111085656081506
2025-11-04,-3.625008026700814e-05
2025-11-05,-0.0014229653221024367
2025-11-06,0.010129097864054032
2025-11-07,0.007833047733076356
2025-11-10,-0.008493327963600117
2025-11-11,0.011509896043760112
2025-11-12,0.0013028124953124902
2025-11-13,0.006530680097677564
2025-11-14,-0.00400836842568231
2025-11-17,-0.005990090078617291
2025-11-18,0.012088790895690635
2025-11-19,-0.0072983966083506385
2025-11-20,0.005373524553487664
2025-11-21,0.0076293773225650985
2025-11-24,-0.015087644703535274
2025-11-25,0.0004140135783884976
2025-11-26,-0.0003302355510358135
2025-11-28,0.003676125593014858
2025-12-01,0.0026633000521164786
2025-12-02,-0.0032842616125411416
2025-12-03,0.006335916698504085
2025-12-04,-0.0010299431627161077
2025-12-05,-0.006007946298345579
2025-12-08,4.857153650959632e-05
2025-12-09,-0.0002235994232897013
2025-12-10,-0.000736851566911674
2025-12-11,0.0013629395736165085
2025-12-12,0.011427018268371064
2025-12-15,0.00046216255304444353
2025-12-16,-0.004604334737630188
2025-12-17,0.015890307130782627
2025-12-18,-0.01026257823722137
2025-12-19,-0.005389439609932992
2025-12-22,-0.00473758269650899
2025-12-23,-0.00403183766997003
2025-12-24,0.0006558078092667205
2025-12-26,-0.0002930419999306744
2025-12-29,-0.00044392874520980793
2025-12-30,0.002772438027914289
2025-12-31,0.0020472665448032987
2026-01-02,0.005903662232149601
2026-01-05,0.0044791106619056775
2026-01-06,-0.007219630334829664
2026-01-07,-0.0005431566577737419
2026-01-08,0.005920963242780669
2026-01-09,0.0005629884474087687
2026-01-12,-0.002699017185087276
2026-01-13,0.007005941050742058
2026-01-14,0.008053304119207889
2026-01-15,-0.006217326692598493
2026-01-16,-0.0030123152783855895
2026-01-20,0.004707111116602124
2026-01-21,0.0029782562905525
2026-01-22,0.001032824642010788
2026-01-23,0.0016486003926335722
2026-01-26,-0.006931325003192006
2026-01-27,0.008346301500984
2026-01-28,-0.009956347891110249
2026-01-29,0.00017977194716779578
2026-01-30,0.005064505080674727
2026-02-02,-0.007469830251894955
2026-02-03,0.00923704302758232
2026-02-04,0.016952780400189764
2026-02-05,-0.008092256587326199
2026-02-06,0.004865749928144927
2026-02-09,-0.0047702860695781
2026-02-10,0.011268505142708347
2026-02-11,-0.00795389125047637
2026-02-12,-0.008025506651762758
2026-02-13,0.000349292051084021
2026-02-17,0.004374818334599735
2026-02-18,-0.002800152660767884
2026-02-19,-0.0021489664629094126
2026-02-20,-0.005755089267565659
2026-02-23,0.001111371623389474
2026-02-24,0.0033588191048709738
2026-02-25,0.0011908291458972325
2026-02-26,0.0043861082051509055
2026-02-27,0.004546621567633263
2026-03-02,-0.0008066638273916917
2026-03-03,0.003967008636238952
2026-03-04,-0.001198014641423561
2026-03-05,0.011365990935608078
2026-03-06,0.0008211876561960646
2026-03-09,-0.012893061378442709
2026-03-10,-0.0022652649645216187
2026-03-11,-0.001841256503695369
2026-03-12,-0.002187180139481358
2026-03-13,0.001526147589012328
2026-03-16,-0.0031738604216610842
2026-03-17,0.00213909622618852
2026-03-18,-0.0071345571465239585
2026-03-19,0.0035095301366066816
2026-03-20,-0.004018715517667382
2026-03-23,0.0070090415872851785
2026-03-24,0.0010597643186367192
2026-03-25,0.0046601079061674815
2026-03-26,0.011214273001493266
2026-03-27,0.001976165682416407
2026-03-30,0.0029055291866076777
2026-03-31,-0.0017663398231131057
2026-04-01,-0.013859802284747938
2026-04-02,0.005612680864746267
2026-04-06,-0.004943711210326707
2026-04-07,-0.004406336497913472
2026-04-08,-0.003949756697009573
2026-04-09,-0.004699309115030485
2026-04-10,0.0010815386004410115
2026-04-13,-0.0013954711033622824
2026-04-14,0.0014296565293464502
2026-04-15,0.007749208472162431
2026-04-16,0.005458733851538954
2026-04-17,-0.0018749670704191963
2026-04-20,0.004337398178046128
2026-04-21,-0.003411244214567373
2026-04-22,-0.00944638552078347
2026-04-23,-0.0037797466836739227
2026-04-24,0.0010868323459048187
2026-04-27,-0.0051914303629203955
2026-04-28,0.006388391179242716
2026-04-29,0.001686549971640268
2026-04-30,-0.006812898749721924
2026-05-01,-0.003022417470139607
2026-05-04,-0.00860909711466377
2026-05-05,-0.010125999042560875
2026-05-06,0.00027879217312695357
2026-05-07,0.004106270063148205
2026-05-08,-0.013952834652379899
2026-05-11,-0.014520825055746749
2026-05-12,0.005813644607985662
2026-05-13,-0.005785870778876128
2026-05-14,0.0072390604772010255
2026-05-15,0.0019398125598810909
2026-05-18,0.015167318259748083
2026-05-19,-0.0012934586780204954
2026-05-20,0.0012857100045728846
2026-05-21,-0.0005493069371868527
2026-05-22,0.002761422444264089
2026-05-26,-0.01288303608465852
2026-05-27,0.0017612403843859368
2026-05-28,0.0021810119896092375
2026-05-29,0.0025900342562413014
2026-06-01,-0.0005172862638545739
2026-06-02,-0.01100779265617124
2026-06-03,-0.015096356377768008
2026-06-04,0.003286398006294631
2026-06-05,0.013532425970049652
2026-06-08,-0.0064955683566448146
2026-06-09,0.006154575818339538
2026-06-10,0.0054076426333684495
2026-06-11,-0.009900745083641216
2026-06-12,-0.0022799709999073783
2026-06-15,-0.0179588531599718
2026-06-16,0.0056846068035890426
2026-06-17,-0.015959696427536987
2026-06-18,-0.008078569301412503
2026-06-22,-0.004773112775980098
2026-06-23,0.018423222199810088
2026-06-24,-0.003030979109755065
2026-06-25,-0.019509702963535165
2026-06-26,0.018679242355235173
2026-06-29,-0.01938815137215083
2026-06-30,-0.019382780550383918
2026-07-01,0.01115759453740501
2026-07-02,0.020498031321644322
2026-07-06,-0.013885766992249256
2026-07-07,0.017118593618618814
2026-07-08,-0.004068584984317723
2026-07-09,-0.005585080273274271
2026-07-10,0.0031648261117190376
2026-07-13,0.018094864337726568
2026-07-14,-0.012843473384307469
2026-07-15,0.014794699443653
2026-07-16,0.018729208463342552
2026-07-17,0.0023533326949770825
2026-07-20,-0.005237205128935309
2026-07-21,-0.007486968091546922
2026-07-22,0.006729906435327961
2026-07-23,-0.007807636333871938
2026-07-24,0.016492221285331565
2026-07-27,0.01528208674955183
2026-07-28,0.017739945237941798
2026-07-29,0.019457696880484945
2026-07-30,-0.03131678121478883
2026-07-31,-0.0018698113309261956
2026-08-03,-0.000606662572798937
2026-08-04,-0.0040725285084000735
2026-08-05,-0.003712377106672644
2026-08-06,0.0077968022489081105
2026-08-07,0.00047960115846513697
2026-08-10,0.0011984888843054654
2026-08-11,0.0034031895649513717
2026-08-12,-0.0013541954479982684
2026-08-13,0.004990324035584618
