date,0
2006-01-03,-0.011272829194911375
2006-01-04,-0.009335208138470621
2006-01-05,-0.008947007192354344
2006-01-06,-0.00851208191722317
2006-01-09,-0.005235437574458903
2006-01-10,-0.007780596225993105
2006-01-11,-0.0009821112638948078
2006-01-12,-0.0065359996668710365
2006-01-13,-0.01017749753940551
2006-01-17,-0.004800378946500998
2006-01-18,-0.014713008064291466
2006-01-19,0.0018337415153359682
2006-01-20,0.002273682885074192
2006-01-23,-0.0028418179659194225
2006-01-24,-0.00801014084968742
2006-01-25,-0.008804747792863561
2006-01-26,-0.0038971322683264142
2006-01-27,-0.0041420772726996355
2006-01-30,-0.010614708092328059
2006-01-31,-0.0043629643388815465
2006-02-01,-0.006679681433829949
2006-02-02,-0.0011175541208839467
2006-02-03,-0.009931838553369557
2006-02-06,-0.014306813265788032
2006-02-07,-0.019196915062963258
2006-02-08,0.0012045567056472514
2006-02-09,-0.0004652434760965213
2006-02-10,-0.005469442865545029
2006-02-13,-0.009354681799214871
2006-02-14,-0.007989876539738873
2006-02-15,-0.0034753832196845625
2006-02-16,-0.0017743687165586116
2006-02-17,-0.0036181763769213685
2006-02-21,-0.008677113774768246
2006-02-22,-0.015423034262995829
2006-02-23,-0.012630158736929862
2006-02-24,-0.006241091341077112
2006-02-27,0.003301639403229661
2006-02-28,-0.006620228626408221
2006-03-01,-0.003291892378178487
2006-03-02,-0.00798431473042107
2006-03-03,-0.006790359779861626
2006-03-06,3.4091628016224076e-05
2006-03-07,-0.00013388293395228713
2006-03-08,-0.002156689158135158
2006-03-09,-0.009717173814650704
2006-03-10,-0.006554157767770621
2006-03-13,-0.018676463043464944
2006-03-14,-0.01542887086008013
2006-03-15,-0.012398138610695749
2006-03-16,-0.004487242443470973
2006-03-17,-0.012476747501208156
2006-03-20,0.0013109304260401806
2006-03-21,-0.0074796191786241075
2006-03-22,-0.014046581880922004
2006-03-23,-0.004448159721264861
2006-03-24,-0.0034407763484553423
2006-03-27,-0.006062047274228683
2006-03-28,-0.008698459790538862
2006-03-29,-0.004450444815684282
2006-03-30,-0.005860579228326116
2006-03-31,-0.009660555144783985
2006-04-03,-0.010136028597810771
2006-04-04,-0.00912968287812178
2006-04-05,-8.306152974910629e-05
2006-04-06,-0.0003127416346552659
2006-04-07,-0.008252394028009723
2006-04-10,-0.012308291711159323
2006-04-11,-0.008073598252559084
2006-04-12,-0.002328408712854115
2006-04-13,-0.01388107623216081
2006-04-17,-0.004708694893235528
2006-04-18,-0.006119814781357135
2006-04-19,-0.008108900177421453
2006-04-20,-0.01199737186966824
2006-04-21,-0.011678931436938374
2006-04-24,-0.014633664194133679
2006-04-25,-0.005711818399374631
2006-04-26,-0.005098845054012157
2006-04-27,-0.010502269132994065
2006-04-28,-0.009614736152218906
2006-05-01,-0.007192440847062133
2006-05-02,-0.004305076948356816
2006-05-03,-0.011746731205999367
2006-05-04,0.00010406774909524179
2006-05-05,-0.008782991695225069
2006-05-08,-0.01120112808787525
2006-05-09,-0.009058124359941851
2006-05-10,-0.002294598950721585
2006-05-11,-0.006702150681511988
2006-05-12,-0.0029578638849439023
2006-05-15,0.0009047524128091636
2006-05-16,-0.010211458840611098
2006-05-17,-0.007452705215484553
2006-05-18,-0.0015927245936364406
2006-05-19,-0.0014803606791067006
2006-05-22,-0.013486221182895263
2006-05-23,-0.0049887561165840155
2006-05-24,-0.006267321231967517
2006-05-25,-0.010646613611198756
2006-05-26,-0.005573462494545731
2006-05-30,-0.011838372101680051
2006-05-31,-0.01322643459414722
2006-06-01,-0.007369073543544162
2006-06-02,-0.007073539712189457
2006-06-05,-0.009597254339818322
2006-06-06,-0.005770883455158327
2006-06-07,-0.011539357669040236
2006-06-08,-0.009409141674537345
2006-06-09,-0.010063716903209593
2006-06-12,-0.00512366565357884
2006-06-13,-3.5199867520135236e-05
2006-06-14,-0.013187691271654693
2006-06-15,-0.016105543460379915
2006-06-16,-0.010053331478614444
2006-06-19,0.0023359930883137883
2006-06-20,-0.00910215384584128
2006-06-21,-0.015206589243413768
2006-06-22,-0.007011090865065362
2006-06-23,-0.01962880265745491
2006-06-26,-0.010572694776143768
2006-06-27,-0.015582697623562828
2006-06-28,-0.0019763169251917198
2006-06-29,-0.006239841112832455
2006-06-30,-0.004348783230544195
2006-07-03,-0.012128469743896954
2006-07-05,-0.013888580260875985
2006-07-06,-0.006208483999073613
2006-07-07,-0.004127000396356013
2006-07-10,-0.012375575739891197
2006-07-11,-0.00971821544461865
2006-07-12,-0.007003486387222961
2006-07-13,-0.004858565611492478
2006-07-14,-0.009524917821985229
2006-07-17,-0.007512599871900977
2006-07-18,-0.013360775564329474
2006-07-19,-0.005451097709910419
2006-07-20,-0.009592303358275957
2006-07-21,-0.004260873400071455
2006-07-24,-0.007311250292101578
2006-07-25,-0.0025888541141019464
2006-07-26,-0.006537868133468257
2006-07-27,0.001054402145932604
2006-07-28,-0.014085313102982444
2006-07-31,-0.011383608943299829
2006-08-01,-0.006584781360091318
2006-08-02,0.003069494989961582
2006-08-03,-0.016768981335423212
2006-08-04,-0.008750064151560728
2006-08-07,-0.010775146240026552
2006-08-08,-0.009617914687412112
2006-08-09,-0.003230715896713628
2006-08-10,-0.013978268666879734
2006-08-11,-0.009699031647917135
2006-08-14,-0.0010394505417655481
2006-08-15,-0.004913021289061239
2006-08-16,0.005525137403320212
2006-08-17,-0.006335050918899639
2006-08-18,-0.010414407880788883
2006-08-21,-0.003655091170124631
2006-08-22,-0.00860771341218534
2006-08-23,-0.00017426181899477672
2006-08-24,-0.0042441793202697585
2006-08-25,-0.007806217175031393
2006-08-28,-0.00907991056196241
2006-08-29,-0.007478314800969896
2006-08-30,-0.0020820241680773602
2006-08-31,-0.012116534637312949
2006-09-01,-0.005185223861503283
2006-09-05,-0.003711597701264879
2006-09-06,-0.02028511650124611
2006-09-07,-0.005072361119130836
2006-09-08,-0.013989531653991423
2006-09-11,0.003914450796325523
2006-09-12,0.010947061276211173
2006-09-13,-0.007916903398111082
2006-09-14,-0.01322203555010809
2006-09-15,-0.004841677004425829
2006-09-18,-0.011226034940223527
2006-09-19,-0.015704064107943737
2006-09-20,0.009345117714197037
2006-09-21,-0.007050118515046124
2006-09-22,-0.007093471877254947
2006-09-25,-0.0023694784186803148
2006-09-26,-0.006327912462370267
2006-09-27,-0.0019984311216361926
2006-09-28,-0.006609168262023031
2006-09-29,-0.006609633492219574
2006-10-02,-0.015960287640977913
2006-10-03,-0.0025936022101397662
2006-10-04,-0.00938923791778034
2006-10-05,-0.005416406550014859
2006-10-06,-0.008902776184515572
2006-10-09,-0.0018789795797406654
2006-10-10,-0.010259213214890872
2006-10-11,-0.01470565363679445
2006-10-12,-0.009994585387190932
2006-10-13,-0.002690710644074549
2006-10-16,-0.003347713835942015
2006-10-17,-0.004397251566742094
2006-10-18,-0.0006639205362587077
2006-10-19,-0.01538974853788604
2006-10-20,-0.008363438567700044
2006-10-23,-0.008483120501581959
2006-10-24,-0.013721135120893785
2006-10-25,-0.00495795495112735
2006-10-26,-0.008302765930062619
2006-10-27,-0.010026816781410442
2006-10-30,-0.005842680312553418
2006-10-31,-0.013093507660008136
2006-11-01,-0.007735110167937372
2006-11-02,-0.005061684528823405
2006-11-03,-0.008214428917526271
2006-11-06,-0.01298529775582403
2006-11-07,-0.008558238972280243
2006-11-08,-0.00794815921072169
2006-11-09,0.0029353909228726095
2006-11-10,-0.022282551644273174
2006-11-13,-0.0036293042480547355
2006-11-14,-0.0021224296822973023
2006-11-15,-0.00690737524793051
2006-11-16,-0.005471346384162665
2006-11-17,-0.00882262403550305
2006-11-20,0.0013892435652770874
2006-11-21,-0.011134449659245264
2006-11-22,-0.007233726009671773
2006-11-24,-0.008994210289997227
2006-11-27,-0.007539910860757986
2006-11-28,-0.006930083504774842
2006-11-29,-0.0049945703016395695
2006-11-30,-0.004984271673856001
2006-12-01,-0.00042872181994776416
2006-12-04,-0.018790666749241593
2006-12-05,-0.013540482992218515
2006-12-06,-0.006849896080481288
2006-12-07,-0.009506337848350054
2006-12-08,-0.004520341812522801
2006-12-11,-0.007761758085066954
2006-12-12,-0.0041982335456743165
2006-12-13,-0.007325079601693739
2006-12-14,-0.010967943257969159
2006-12-15,-0.003960329303325623
2006-12-18,0.00022180551731389685
2006-12-19,-0.005818694927456857
2006-12-20,-0.009952197373227806
2006-12-21,-0.0007516434208889007
2006-12-22,-0.003081538161399407
2006-12-26,-0.00878650935705291
2006-12-27,-0.005303895635954038
2006-12-28,-0.006089381697957411
2006-12-29,-0.0022116347051713177
2007-01-03,0.0045144444503244265
2007-01-04,-0.014474876767342756
2007-01-05,-0.002414323018860209
2007-01-08,-0.0065040649996541845
2007-01-09,-0.0033387741449285163
2007-01-10,-0.009091729609068443
2007-01-11,-0.009923976863881575
2007-01-12,-0.0018857575241414885
2007-01-16,-0.00843308656357476
2007-01-17,-0.004885716795973422
2007-01-18,-0.016906767987777387
2007-01-19,-0.006614347281550464
2007-01-22,-0.007505301289852979
2007-01-23,-0.011300881431793218
2007-01-24,0.00481493772875773
2007-01-25,-0.004489431956327453
2007-01-26,-0.004067076080160435
2007-01-29,-0.002636127889574476
2007-01-30,-0.005617051859593734
2007-01-31,-0.0022876008177717937
2007-02-01,-0.006867485099604671
2007-02-02,-0.007949960451022201
2007-02-05,-0.0026708376404863945
2007-02-06,-0.006193012763505808
2007-02-07,-0.011905265444689086
2007-02-08,-0.003186896702600456
2007-02-09,-0.0073690227546532525
2007-02-12,-0.0047939081904099685
2007-02-13,-0.0053917718653812485
2007-02-14,-0.0004159347550381281
2007-02-15,-0.01086999092355402
2007-02-16,-0.006890876905968719
2007-02-20,-0.009178200881851326
2007-02-21,-0.0006352082551848749
2007-02-22,-0.01491591606827997
2007-02-23,-0.011778398158290349
2007-02-26,-0.010762476488540583
2007-02-27,-0.005375175100643565
2007-02-28,-0.002218383822703774
2007-03-01,-0.007878205211940966
2007-03-02,-0.013315791772583765
2007-03-05,-0.003742487169702851
2007-03-06,-0.0034851786526041953
2007-03-07,-0.009637905653427262
2007-03-08,-0.0025330605248489848
2007-03-09,-0.010749200333527425
2007-03-12,-0.005513636497621047
2007-03-13,-0.001766892981377089
2007-03-14,-0.0029376351800543135
2007-03-15,-0.0036235529974282437
2007-03-16,-0.008444102214517812
2007-03-19,-0.00034232902040878463
2007-03-20,-0.004739085311833102
2007-03-21,-0.0034966237862115784
2007-03-22,0.003031286560875781
2007-03-23,-0.011263758426094242
2007-03-26,-0.0032111386323390046
2007-03-27,-0.005444825546810626
2007-03-28,-0.006238060680041325
2007-03-29,-0.0070651689410704014
2007-03-30,-0.0076292334249459855
2007-04-02,-0.008881997637617297
2007-04-03,-0.004530096280625733
2007-04-04,-0.0072133904589774
2007-04-05,-0.005113209749748563
2007-04-09,-0.005538653116400446
2007-04-10,-0.003162325642210598
2007-04-11,-0.005925291626827782
2007-04-12,-0.009566005937603206
2007-04-13,-0.0013393206645340916
2007-04-16,-0.0034508604249896954
2007-04-17,-0.008368479947147912
2007-04-18,-0.011512737368163009
2007-04-19,-0.007395578282935153
2007-04-20,-0.003497848495279968
2007-04-23,-0.007229514997302287
2007-04-24,-0.009237870100054248
2007-04-25,-0.0023286953449881023
2007-04-26,-0.011555472176646502
2007-04-27,-0.004925297652065888
2007-04-30,-0.008353885693758178
2007-05-01,-0.00027864348137927007
2007-05-02,-0.0034423293802233208
2007-05-03,-0.005603744554405384
2007-05-04,-0.0016401104841007293
2007-05-07,-0.005353652272185245
2007-05-08,-0.004166635709666379
2007-05-09,-0.0018829246722466813
2007-05-10,-0.005825047906515865
2007-05-11,-0.0085983344224399
2007-05-14,-0.008735642589584461
2007-05-15,-0.007674651013340333
2007-05-16,-0.007008725655738245
2007-05-17,-0.009625646710644888
2007-05-18,-0.011012521723156839
2007-05-21,-0.0016837135913706593
2007-05-22,-0.007886490262871734
2007-05-23,-0.004781872129766658
2007-05-24,-0.006772612667769006
2007-05-25,-0.0019343572777073053
2007-05-29,-0.005333400201557573
2007-05-30,-0.005672085888818174
2007-05-31,-0.0007015506949846341
2007-06-01,-0.009209964426000757
2007-06-04,-0.0006491437829991894
2007-06-05,-0.00496199012700589
2007-06-06,-0.007025557542111112
2007-06-07,-0.0027531698916084665
2007-06-08,-0.004213397559020201
2007-06-11,-0.002313341546502425
2007-06-12,-0.004686756751331153
2007-06-13,-0.00560666746088812
2007-06-14,-3.597078616168845e-05
2007-06-15,-0.007454896344429017
2007-06-18,-0.0036843538522041653
2007-06-19,-0.0051653208580469
2007-06-20,-0.007615547985177878
2007-06-21,-0.00512267761691718
2007-06-22,-0.005526978908454001
2007-06-25,0.004842087197625844
2007-06-26,-0.0038114460686084
2007-06-27,-0.0020535490605016133
2007-06-28,-0.0033570830597817233
2007-06-29,-0.006652731455240516
2007-07-02,-0.0030260797662866106
2007-07-03,-0.0013316927335997111
2007-07-05,-0.006231826987075316
2007-07-06,-0.00841990424643628
2007-07-09,0.00032779458689968094
2007-07-10,-3.5530554146709185e-05
2007-07-11,-0.0058075020402577745
2007-07-12,-0.00338990717590533
2007-07-13,-0.006365163901261194
2007-07-16,-0.0029842738150106076
2007-07-17,-0.00652044361533328
2007-07-18,-0.0015781398542852555
2007-07-19,-0.006638745953907491
2007-07-20,-0.0017608712946371482
2007-07-23,-0.0064115718551349095
2007-07-24,-0.00030641516173948204
2007-07-25,0.0017041767399984982
2007-07-26,-0.0043482970862105536
2007-07-27,-0.011579293433751168
2007-07-30,-0.007729294692364795
2007-07-31,-0.00022499064157055493
2007-08-01,-0.004654033642880371
2007-08-02,-0.008433872293128744
2007-08-03,-0.019963594443211087
2007-08-06,-0.007505907473815807
2007-08-07,-0.008883358557857771
2007-08-08,-0.00039877829665946937
2007-08-09,-0.021928435890273313
2007-08-10,0.001146645872261376
2007-08-13,-0.013801381210202962
2007-08-14,-0.013358797583418049
2007-08-15,-0.0142207511265275
2007-08-16,-0.005466187309919527
2007-08-17,-0.010755529568708504
2007-08-20,-0.00831531422918429
2007-08-21,0.0010857413694959437
2007-08-22,-0.010112553323431004
2007-08-23,-0.004618070062637834
2007-08-24,-0.007472107079730581
2007-08-27,-0.005954186845553594
2007-08-28,-0.005548195249115145
2007-08-29,-0.00505656638035872
2007-08-30,-0.0061594128336215975
2007-08-31,-0.0027939969964757465
2007-09-04,0.0016657373341654666
2007-09-05,-0.011421334224117556
2007-09-06,-0.008112787652399214
2007-09-07,-0.007383084675723026
2007-09-10,-0.007262364831981014
2007-09-11,-0.0028410381254659954
2007-09-12,-0.01594623562550811
2007-09-13,-0.007748852527326837
2007-09-14,-0.01092978806637156
2007-09-17,-0.006272798638989936
2007-09-18,-0.007366481310855139
2007-09-19,-0.0048970363448158465
2007-09-20,-0.015739366612657082
2007-09-21,-0.009658704660551251
2007-09-24,-0.003419064901492635
2007-09-25,-0.011391819500135533
2007-09-26,-0.005256675737518664
2007-09-27,-0.007252441452493409
2007-09-28,-0.0048665613921610885
2007-10-01,-0.00593728307821504
2007-10-02,-0.00588983848319577
2007-10-03,-0.009731115461759603
2007-10-04,-0.007263630385490778
2007-10-05,-0.002199826151174176
2007-10-08,-0.0052346857829593365
2007-10-09,-0.0026315898030271267
2007-10-10,-0.007362622184646396
2007-10-11,-0.011750314190187242
2007-10-12,-0.003282642238039502
2007-10-15,-0.01778285986356939
2007-10-16,-0.008519034603959193
2007-10-17,0.0008613486809843744
2007-10-18,-0.0047655768357070995
2007-10-19,0.001954054410398278
2007-10-22,-0.0030035711014467325
2007-10-23,-0.004674782605046689
2007-10-24,-0.00703972499031406
2007-10-25,-0.00157189730484154
2007-10-26,0.003175611559548437
2007-10-29,-0.007262594202669204
2007-10-30,-0.004867453213839306
2007-10-31,-0.0015446698526798003
2007-11-01,-0.015347470643730047
2007-11-02,-0.0102555077796884
2007-11-05,-0.011403666422651336
2007-11-06,-0.0087096728702629
2007-11-07,-0.005916260956848654
2007-11-08,-0.010552300456159246
2007-11-09,-0.017807888245487128
2007-11-12,-0.005673242752537623
2007-11-13,-0.0001232264947278114
2007-11-14,-0.005740286632119628
2007-11-15,-0.010486808268045184
2007-11-16,-0.007827445327123641
2007-11-19,-0.017949374255636526
2007-11-20,-0.0245685892546784
2007-11-21,-0.003571000251079857
2007-11-23,-0.015045218914471123
2007-11-26,-0.019964888753292748
2007-11-27,-0.0033411868110691384
2007-11-28,0.008154251027251466
2007-11-29,-0.00225451207532602
2007-11-30,-0.0023613031458960395
2007-12-03,-0.010329218088198295
2007-12-04,-0.0020496577873736054
2007-12-05,-0.012488345988808592
2007-12-06,-0.0007984995180205443
2007-12-07,-0.013528375936742082
2007-12-10,-0.006257112509942065
2007-12-11,-0.003739913538416742
2007-12-12,-0.013955963028210904
2007-12-13,-0.013857427048081829
2007-12-14,-0.010760195412392773
2007-12-17,-0.01247248270500162
2007-12-18,-0.011053906544676835
2007-12-19,-0.006765717768490857
2007-12-20,-0.007796781282151151
2007-12-21,-0.0032008427652413392
2007-12-24,-0.007150705810846481
2007-12-26,-0.00541431000960362
2007-12-27,-0.004371286235915062
2007-12-28,-0.004649182094305952
2007-12-31,-0.0038386487216640315
2008-01-02,-0.009687718491233312
2008-01-03,-0.010255031136364823
2008-01-04,-0.004162757408154211
2008-01-07,-0.0076749722997589715
2008-01-08,-0.008664901324784896
2008-01-09,-0.006007453379994205
2008-01-10,0.02593795408573874
2008-01-11,-0.018124220923931518
2008-01-14,0.003229291567899361
2008-01-15,-0.006624490330514431
2008-01-16,-0.009506577770002602
2008-01-17,-0.012634098698769268
2008-01-18,0.0011462785223644422
2008-01-22,-0.014697535308270095
2008-01-23,-0.03632362643530057
2008-01-24,0.021093225208624992
2008-01-25,0.004386645686342115
2008-01-28,-0.01008633448351698
2008-01-29,-0.01384155309860159
2008-01-30,-0.0074932423604610505
2008-01-31,-0.009439119619030573
2008-02-01,-0.0032020172008646293
2008-02-04,0.00794740412384708
2008-02-05,0.005474324549399988
2008-02-06,-0.013800798092046363
2008-02-07,-0.0031468333465432454
2008-02-08,-0.0021314842814851654
2008-02-11,-0.011979272427495385
2008-02-12,0.0051782780754436345
2008-02-13,-0.006746369452481117
2008-02-14,-0.007895778467273526
2008-02-15,0.003211737869793616
2008-02-19,-0.023372771356278958
2008-02-20,0.0008921456681255406
2008-02-21,0.003606986801200315
2008-02-22,-0.007081085869324405
2008-02-25,-0.011330074220655253
2008-02-26,-0.009402643710687351
2008-02-27,0.006205814113111085
2008-02-28,-0.017671570181124682
2008-02-29,-0.0072357283142374705
2008-03-03,-0.015343529839347236
2008-03-04,-0.0008986480280444129
2008-03-05,-0.01884946324401879
2008-03-06,-0.017559937811552847
2008-03-07,0.00606963273702872
2008-03-10,-0.012101194844030123
2008-03-11,0.013660411853664029
2008-03-12,-0.012086838821980948
2008-03-13,-0.005059352999225128
2008-03-14,-0.03621226422847984
2008-03-17,-0.02486046834833309
2008-03-18,0.03086358967596802
2008-03-19,0.0030442642678771264
2008-03-20,-0.014283866270040057
2008-03-24,0.017456440618263014
2008-03-25,0.0028005686114009574
2008-03-26,0.006867373616729988
2008-03-27,-0.0031218636048396696
2008-03-28,-0.007720097930853227
2008-03-31,-0.006500929751301255
2008-04-01,-0.0034823188285446815
2008-04-02,0.0016201622399215423
2008-04-03,0.003989018651121361
2008-04-04,-0.0012075446146724142
2008-04-07,0.0034962741044275818
2008-04-08,-0.008311279839684632
2008-04-09,-0.004960813043468796
2008-04-10,-0.004709185311962532
2008-04-11,-0.00779782210756479
2008-04-14,-0.024401160206465017
2008-04-15,-0.005528250711133713
2008-04-16,-0.0018132928772240805
2008-04-17,0.00742927165442237
2008-04-18,0.003215502811433982
2008-04-21,-0.011483922054426953
2008-04-22,-0.01302209888799756
2008-04-23,0.004549955080136745
2008-04-24,-0.0008734018580052539
2008-04-25,-0.006433246665525435
2008-04-28,-0.001603533582572635
2008-04-29,0.004183881375099912
2008-04-30,-0.0006522850752933842
2008-05-01,-0.006197597342997668
2008-05-02,0.005471966941034013
2008-05-05,-0.002221455819265187
2008-05-06,-0.0026844144908787487
2008-05-07,0.0007117877166235411
2008-05-08,-0.018368721457103748
2008-05-09,-0.004024689826142016
2008-05-12,0.004105358067717949
2008-05-13,-0.01155380035499064
2008-05-14,0.005618093970100405
2008-05-15,-0.009469215431616393
2008-05-16,-0.004608936453443006
2008-05-19,-2.3317789888380527e-05
2008-05-20,-0.011962102249832176
2008-05-21,-0.004115940678061028
2008-05-22,-0.004430838307607716
2008-05-23,-0.005450312580662288
2008-05-27,7.822971405028979e-05
2008-05-28,-0.005632790123563708
2008-05-29,0.008872230363076532
2008-05-30,-0.009338360514102109
2008-06-02,-0.004287547545274583
2008-06-03,-0.006633422127273747
2008-06-04,-0.0030692304841186463
2008-06-05,0.003796892494389684
2008-06-06,-0.014393070664297652
2008-06-09,-0.021937358472946217
2008-06-10,0.012373432596629106
2008-06-11,-0.016254957220416248
2008-06-12,0.011857713511464144
2008-06-13,0.0013505650524225608
2008-06-16,-0.0007026564896382339
2008-06-17,-0.021025205349071454
2008-06-18,-0.00993342020747565
2008-06-19,0.004485070625641197
2008-06-20,-0.010415595908642402
2008-06-23,-0.030084329106216723
2008-06-24,0.015319465567783797
2008-06-25,0.004153811560430968
2008-06-26,-0.018233494181088855
2008-06-27,-0.01777864181954259
2008-06-30,-0.012013269739566087
2008-07-01,-0.002898291718031863
2008-07-02,-0.007456589725885302
2008-07-03,-0.007936738564784529
2008-07-07,-0.011941099132806936
2008-07-08,-0.015586429623578976
2008-07-09,-0.0194092312146535
2008-07-10,-0.004595426631250402
2008-07-11,-0.02168108235919781
2008-07-14,-0.041019372497032885
2008-07-15,-0.016443742752440316
2008-07-16,0.06923505257083437
2008-07-17,0.01324227494437625
2008-07-18,0.007347721664949767
2008-07-21,0.021023184958647516
2008-07-22,-0.01702535637511399
2008-07-23,-0.0101992840213205
2008-07-24,0.0015954023124067343
2008-07-25,0.009548171445614992
2008-07-28,0.00033435368017680324
2008-07-29,-0.005303419318826583
2008-07-30,0.016965295792992618
2008-07-31,-0.01781954973742618
2008-08-01,-0.00284043242217731
2008-08-04,-0.019040544484513318
2008-08-05,-0.025299620613286854
2008-08-06,0.020997948890439027
2008-08-07,0.0009336451554465015
2008-08-08,-0.025781171313186864
2008-08-11,-0.01372896672242253
2008-08-12,-0.003778362024207712
2008-08-13,0.019042942141247785
2008-08-14,0.0046746937411516806
2008-08-15,-0.015672075508038973
2008-08-18,-0.014337937674106327
2008-08-19,-0.00018033951297261302
2008-08-20,-0.004894145712612113
2008-08-21,-0.008605704030955976
2008-08-22,0.01204198816787986
2008-08-25,-0.006329122698389728
2008-08-26,-0.006852260431514769
2008-08-27,0.004231447810236952
2008-08-28,0.024729301745459648
2008-08-29,-0.012664365825044436
2008-09-02,0.01865931255840795
2008-09-03,-0.026724633907654685
2008-09-04,0.00874049751609371
2008-09-05,-0.024676336026230265
2008-09-08,0.005235586608662736
2008-09-09,-0.009623818523329351
2008-09-10,0.004507247536115011
2008-09-11,-0.02349404423882414
2008-09-12,-0.007273949346332531
2008-09-15,-0.06501440591467876
2008-09-16,0.011711835806880105
2008-09-17,-0.04187164710633432
2008-09-18,0.008648131318900517
2008-09-19,0.05855723254922782
2008-09-22,0.00944376008602069
2008-09-23,0.013518438164376943
2008-09-24,0.003765863454701675
2008-09-25,-0.006744614505370703
2008-09-26,-0.02652371188001911
2008-09-29,-0.020219956005266073
2008-09-30,-0.002311950353826406
2008-10-01,-0.023269618482827593
2008-10-02,-0.0282887068086695
2008-10-03,0.023152833244620953
2008-10-06,-0.006920550933061826
2008-10-07,0.004640780881900005
2008-10-08,-0.0037022674560359724
2008-10-09,0.01843382504630263
2008-10-10,-0.020792779304297272
2008-10-13,0.030719857621386203
2008-10-14,0.0211574909726769
2008-10-15,-0.007762261585254272
2008-10-16,0.007993657625640787
2008-10-17,-0.0008504163061813673
2008-10-20,0.009768305284273622
2008-10-21,-0.0008530053255349397
2008-10-22,-0.0018007407694734297
2008-10-23,0.01335972551628492
2008-10-24,0.006225878863857101
2008-10-27,0.007315056811139781
2008-10-28,-0.003435038502135012
2008-10-29,-0.0009106174678963491
2008-10-30,0.003912052576079846
2008-10-31,0.004281392389677261
2008-11-03,0.029232021519046317
2008-11-04,0.007765840367195464
2008-11-05,-0.0041924817112232535
2008-11-06,-0.0020626156607232
2008-11-07,-0.01456926181535388
2008-11-10,-0.04118908393830203
2008-11-11,-0.007712426315039463
2008-11-12,-0.02174635814779044
2008-11-13,-0.012991448224280772
2008-11-14,-0.01778525319377488
2008-11-17,-0.009993352491496688
2008-11-18,-0.02796458411500148
2008-11-19,-0.013436849878788196
2008-11-20,0.017495109001906282
2008-11-21,0.0015504671431648895
2008-11-24,0.0012125530137777063
2008-11-25,0.02179040291185071
2008-11-26,-0.015528843800657015
2008-11-28,0.017710866394263586
2008-12-01,-0.011925067233691466
2008-12-02,-0.015818573097736554
2008-12-03,-0.002696462273854762
2008-12-04,-0.03454245751894339
2008-12-05,-0.023188316148297913
2008-12-08,0.028734914186147358
2008-12-09,0.0325614742329789
2008-12-10,0.014547879815245676
2008-12-11,-0.007119697819997495
2008-12-12,-0.013058341545622739
2008-12-15,0.005964105430933966
2008-12-16,0.001648415868249849
2008-12-17,-0.019603917116393525
2008-12-18,0.0051975933359417106
2008-12-19,-0.006202324187856556
2008-12-22,0.008577912990196147
2008-12-23,-0.024096560096017534
2008-12-24,-0.0004481069200520556
2008-12-26,0.0025477100315363216
2008-12-29,-0.007500369409785384
2008-12-30,-0.0028179709591543618
2008-12-31,0.0003854895275429665
2009-01-02,-0.012846195120539068
2009-01-05,-0.029348600945273872
2009-01-06,-0.04331300717307965
2009-01-07,0.007721026427010334
2009-01-08,-0.003985751543011588
2009-01-09,-0.006368997207162656
2009-01-12,-0.0188989895817866
2009-01-13,-0.006869168194284451
2009-01-14,0.0010057032616009147
2009-01-15,-0.0011449586851109226
2009-01-16,-0.030842526371482566
2009-01-20,-0.05724907652042433
2009-01-21,0.007018442027124469
2009-01-22,-0.011593485731096878
2009-01-23,0.015757335419410278
2009-01-26,-0.011402514991248426
2009-01-27,0.0033057722008048834
2009-01-28,-0.017495498836372726
2009-01-29,-0.0022847502930018523
2009-01-30,-0.019619562800114895
2009-02-02,-0.0035695825044276307
2009-02-03,0.0006626872778105353
2009-02-04,-0.002238110642937295
2009-02-05,-0.03691548033212545
2009-02-06,-0.0063633530209492185
2009-02-09,-0.0037677241081878815
2009-02-10,-0.004118300083112925
2009-02-11,-0.013363700758329513
2009-02-12,-0.0008461281177786339
2009-02-13,-0.02264845940276294
2009-02-17,0.009239117109232533
2009-02-18,-0.00798122768556105
2009-02-19,-0.009372243308592876
2009-02-20,0.0016222525501131072
2009-02-23,-0.009684915215251107
2009-02-24,-0.03763137149164322
2009-02-25,-0.014036614559296296
2009-02-26,-0.03681161214002175
2009-02-27,-0.014856274960357348
2009-03-02,-0.010261184670117957
2009-03-03,-0.005258256148089181
2009-03-04,-0.026714314637975405
2009-03-05,-0.024545215551533408
2009-03-06,0.007879847012869375
2009-03-09,-0.024074156026237706
2009-03-10,-0.038571658675720225
2009-03-11,-0.02376518300911442
2009-03-12,0.0006641584283104754
2009-03-13,-0.024948043595166426
2009-03-16,-0.013607293337795014
2009-03-17,-0.0025469069007729613
2009-03-18,0.0022407578200687936
2009-03-19,-0.007434327853482512
2009-03-20,-0.019580412562010305
2009-03-23,0.019315380425602362
2009-03-24,-0.023780699835329544
2009-03-25,-0.006686367369591398
2009-03-26,0.0019386033324479066
2009-03-27,-0.02399237450111693
2009-03-30,-0.017965358950835775
2009-03-31,-0.0103002374989728
2009-04-01,-0.01873173471321972
2009-04-02,-0.01579414224084936
2009-04-03,-0.011512195252367725
2009-04-06,0.004985453185365984
2009-04-07,-0.017520888862339986
2009-04-08,0.003629181545649304
2009-04-09,-0.0029773993982832756
2009-04-13,-0.0368948472409769
2009-04-14,0.005979603922442726
2009-04-15,0.010043500085915504
2009-04-16,-0.005135345074876613
2009-04-17,-0.021528894293978015
2009-04-20,-0.01618527683351234
2009-04-21,0.022581010437968438
2009-04-22,-0.006823779129632375
2009-04-23,0.0019577705233846283
2009-04-24,-0.013565910706918961
2009-04-27,-0.009523890673055835
2009-04-28,-0.014135838542247455
2009-04-29,0.0007298012754989244
2009-04-30,-0.008637640991531609
2009-05-01,0.008762798295118947
2009-05-04,-0.017956383804222133
2009-05-05,-0.0013125244781481797
2009-05-06,0.004690605106367167
2009-05-07,-0.013001291591159956
2009-05-08,-0.00529891234278777
2009-05-11,0.021762018542362573
2009-05-12,-0.02339661139274675
2009-05-13,-0.038748535034986265
2009-05-14,-0.005041738311305577
2009-05-15,-0.011802798247445777
2009-05-18,-0.000509313670288624
2009-05-19,-0.010601849065760867
2009-05-20,-0.02310933070300552
2009-05-21,-0.01900089096582481
2009-05-22,0.00048080055625748276
2009-05-26,-0.015346233538612856
2009-05-27,-0.01176531510252498
2009-05-28,-0.020152255457585144
2009-05-29,-0.020002499292991104
2009-06-01,0.001453360966341341
2009-06-02,-0.02136292278415237
2009-06-03,-0.022130679575502764
2009-06-04,0.006432106324332564
2009-06-05,-0.011169835353125082
2009-06-08,-0.011880001517650864
2009-06-09,-0.008548557841831311
2009-06-10,-0.01701636325268032
2009-06-11,-0.01728936172868341
2009-06-12,-0.0036460208180093805
2009-06-15,-0.015706258561957964
2009-06-16,0.0012212767515914734
2009-06-17,-0.019245202427811952
2009-06-18,-0.006315621896557296
2009-06-19,-0.009690613005507248
2009-06-22,0.008948261426042863
2009-06-23,-0.004635192477321895
2009-06-24,-0.006353991020313076
2009-06-25,-0.007859906484691462
2009-06-26,-0.011250864211298884
2009-06-29,-0.0012454929431035197
2009-06-30,-0.014457394703297856
2009-07-01,-0.014823766215213266
2009-07-02,-0.007155359108104243
2009-07-06,0.008659958964001022
2009-07-07,-0.013760655214023008
2009-07-08,-0.015027180635082479
2009-07-09,-0.010387967763862574
2009-07-10,-0.0011180408516205387
2009-07-13,-0.014892794227080994
2009-07-14,-0.008628377393573921
2009-07-15,-0.013895659274372368
2009-07-16,-0.01044642009080625
2009-07-17,-0.013763567771119783
2009-07-20,-0.016731633627856228
2009-07-21,-0.015665026094056247
2009-07-22,-0.0023583380600411714
2009-07-23,-0.007164457269591773
2009-07-24,-0.016068851823341623
2009-07-27,-0.003144996645388441
2009-07-28,-0.008394117190876795
2009-07-29,-0.011863316238152703
2009-07-30,-0.0027880326425947606
2009-07-31,-0.01729230324721429
2009-08-03,-0.027246979320621704
2009-08-04,-0.008658485257982643
2009-08-05,-0.02880158207231748
2009-08-06,-0.012651004266859014
2009-08-07,-0.009838436261818883
2009-08-10,-0.001547066516751519
2009-08-11,-0.014474578457833941
2009-08-12,-0.005305817126556585
2009-08-13,-0.011296434938890626
2009-08-14,-0.00380196149376503
2009-08-17,-0.0242403709149242
2009-08-18,-0.0008264490741875536
2009-08-19,-0.012674746096489376
2009-08-20,-2.1611437485961893e-05
2009-08-21,0.00032098641615885097
2009-08-24,-0.010480077050416403
2009-08-25,-0.007454429404031763
2009-08-26,-0.008495112888919009
2009-08-27,-0.0073250047581961825
2009-08-28,-0.01906226926320186
2009-08-31,0.0006947408987486234
2009-09-01,-0.0018107369708319655
2009-09-02,-0.008141167277817673
2009-09-03,-0.014369591575574766
2009-09-04,-0.008496206745853057
2009-09-08,-0.012763990989375928
2009-09-09,-0.003992484253951576
2009-09-10,-0.010473920881841105
2009-09-11,-0.0071161150864247
2009-09-14,-0.013096311005659007
2009-09-15,-0.01520315994695808
2009-09-16,-0.016724931668206808
2009-09-17,-0.012201985818286139
2009-09-18,-0.014346452619446674
2009-09-21,-0.005567313768712055
2009-09-22,-0.006694336607790315
2009-09-23,-0.003969823176457033
2009-09-24,-0.010552347867293156
2009-09-25,-0.008809310512802686
2009-09-28,-0.007932805794559072
2009-09-29,-0.005377209110531184
2009-09-30,-0.008112025954563293
2009-10-01,-0.010492366075939728
2009-10-02,-0.005084814038642136
2009-10-05,-0.011470499354732598
2009-10-06,-0.007954380556038816
2009-10-07,-0.0062304322208660765
2009-10-08,-0.006775287380416001
2009-10-09,-0.0019948418886061563
2009-10-12,-0.0066986670719785795
2009-10-13,-0.0011586440091638766
2009-10-14,-0.0070094899808584386
2009-10-15,-0.0034045249343228707
2009-10-16,-0.01372983223576496
2009-10-19,-0.00815682544531358
2009-10-20,-0.012368181469771465
2009-10-21,-0.007545644739500524
2009-10-22,-0.002704920066012589
2009-10-23,-0.00329477526387696
2009-10-26,-0.009007561292737767
2009-10-27,0.0013469768996340068
2009-10-28,-0.01445736891653373
2009-10-29,-0.0008947868528523147
2009-10-30,-0.006625146993464401
2009-11-02,-0.006740301522129646
2009-11-03,0.0019070021533052848
2009-11-04,-0.001760593686262902
2009-11-05,0.0025234996432069515
2009-11-06,-0.006113224440569524
2009-11-09,-0.003852335382428752
2009-11-10,-0.00655340741958931
2009-11-11,-0.004474324020752317
2009-11-12,-0.020210582734147366
2009-11-13,-0.0030810366616582895
2009-11-16,-0.007936427430863322
2009-11-17,-0.006118618273372461
2009-11-18,-0.01496961286172048
2009-11-19,-0.00584943765893637
2009-11-20,-0.017696225577865564
2009-11-23,-0.0029159373078364104
2009-11-24,-0.009254398139512772
2009-11-25,-0.006700407620966173
2009-11-27,0.0018062619405786167
2009-11-30,-0.0048400495621988655
2009-12-01,0.0019803407174030733
2009-12-02,-0.014579713497575865
2009-12-03,-0.004173881125821755
2009-12-04,-0.00706271941257653
2009-12-07,-0.010871553620076167
2009-12-08,-0.007743941795687648
2009-12-09,-0.007169436157282696
2009-12-10,-0.001024191068044281
2009-12-11,-0.010825399444995491
2009-12-14,4.1689910125276494e-05
2009-12-15,-0.005657131310051902
2009-12-16,-0.01567161337685722
2009-12-17,-0.004349909124035664
2009-12-18,-0.008376124371599986
2009-12-21,-0.0026421883535089567
2009-12-22,-0.009485059496684337
2009-12-23,-0.0131895464941373
2009-12-24,-0.0067125527214314034
2009-12-28,-0.0051624922435988
2009-12-29,-0.01251201470420248
2009-12-30,-0.005396669368813828
2009-12-31,-0.010207392924245558
2010-01-04,-0.01620702945915479
2010-01-05,-0.012926195211222017
2010-01-06,-0.01498066864655365
2010-01-07,-0.00828769652448147
2010-01-08,0.0029729977330197905
2010-01-11,-0.010665137911098903
2010-01-12,-0.01204173302771367
2010-01-13,-0.003363731470093277
2010-01-14,-0.012668741607849202
2010-01-15,-0.009313616426365438
2010-01-19,-0.008874576805594335
2010-01-20,-0.00992787682136271
2010-01-21,-0.016702196531224806
2010-01-22,-0.007143694881579711
2010-01-25,-0.007247093990601366
2010-01-26,-0.008421892796897095
2010-01-27,-0.0022680281749231455
2010-01-28,-0.009035324811490985
2010-01-29,-0.015511528560020409
2010-02-01,-0.00843694951921618
2010-02-02,-0.006371845247459091
2010-02-03,-0.00732959062179277
2010-02-04,-0.0014776718319202027
2010-02-05,-0.00917858607480989
2010-02-08,-0.007324601815965247
2010-02-09,-0.01080543122335878
2010-02-10,-0.0068896364131114
2010-02-11,-0.005844454689107234
2010-02-12,-0.012370556578363445
2010-02-16,-0.00716061603172872
2010-02-17,-0.0014004033584194397
2010-02-18,-0.010295679209726223
2010-02-19,-0.0077673996376190985
2010-02-22,-0.005180806840095517
2010-02-23,-0.004878129512959311
2010-02-24,-0.0073004436086347305
2010-02-25,-0.0032530991498758025
2010-02-26,-0.007334448471899719
2010-03-01,-0.007953602156359279
2010-03-02,-0.004044147779793065
2010-03-03,-0.01405051355205724
2010-03-04,-0.0014086315798359983
2010-03-05,-0.005463139931954809
2010-03-08,-0.01081374363671235
2010-03-09,-0.009763342036212142
2010-03-10,-0.013291468042410388
2010-03-11,-0.00567737523517709
2010-03-12,-0.007459330234244386
2010-03-15,-0.007314259354292111
2010-03-16,-0.004676521106272516
2010-03-17,-0.007497802271371867
2010-03-18,-0.002513178217733697
2010-03-19,-0.01857525508133869
2010-03-22,-0.000725708894973546
2010-03-23,-0.01751113272803998
2010-03-24,-0.004741992388987121
2010-03-25,0.0017053630801086989
2010-03-26,-0.0049125200674860064
2010-03-29,-0.013824218447891272
2010-03-30,-0.008650775637034
2010-03-31,-0.008648144576425564
2010-04-01,-0.00794446098509901
2010-04-05,-0.006520375120709446
2010-04-06,-0.009951582304344743
2010-04-07,-0.005407993215307097
2010-04-08,-0.0068579904819173285
2010-04-09,-0.00804013500135493
2010-04-12,-0.008889251305194676
2010-04-13,-0.005670596547247417
2010-04-14,-0.0032140009437612474
2010-04-15,-0.011165254517364658
2010-04-16,-0.009975869731812491
2010-04-19,-0.007039581400615946
2010-04-20,-0.001412834338117671
2010-04-21,-0.009964358799883758
2010-04-22,-0.012309929424283715
2010-04-23,-0.006981676240632645
2010-04-26,-0.011510191671192237
2010-04-27,-0.010943471122630482
2010-04-28,-0.010520730107632877
2010-04-29,0.0008939148422170045
2010-04-30,-0.0011259555323053158
2010-05-03,-0.005242503766463975
2010-05-04,-0.002217908801284127
2010-05-05,-0.019631550349548936
2010-05-06,-0.010283781119260284
2010-05-07,-0.012023906609572572
2010-05-10,0.008797478347755749
2010-05-11,-0.003965739783404714
2010-05-12,-0.0031761749210668048
2010-05-13,-0.005836027918569721
2010-05-14,0.0038495704112731675
2010-05-17,-0.00467980939505853
2010-05-18,-0.01677756321920249
2010-05-19,-0.004836567345403504
2010-05-20,-0.009891512415246
2010-05-21,-0.022518374902431085
2010-05-24,-0.015130202837650725
2010-05-25,0.0035671595995601293
2010-05-26,-0.004707567835798822
2010-05-27,-0.010789530606765588
2010-05-28,-0.019321055611929597
2010-06-01,-0.02424497630408244
2010-06-02,0.0010370392135236727
2010-06-03,-0.004422951354046289
2010-06-04,-0.014310207217259324
2010-06-07,-0.00742963873445026
2010-06-08,-0.008262316361268758
2010-06-09,-0.016062043546681934
2010-06-10,-0.011083043771988328
2010-06-11,-0.013653046247773913
2010-06-14,-0.00019342955269929796
2010-06-15,-0.013085126664087145
2010-06-16,-0.013821251820170842
2010-06-17,-0.011042656781767607
2010-06-18,-0.012446168882649792
2010-06-21,-0.007389186180016538
2010-06-22,0.00077779981426177
2010-06-23,-0.006715928886285941
2010-06-24,-0.007954740641361993
2010-06-25,-0.00749682702348012
2010-06-28,0.003058351429449671
2010-06-29,-0.013923411129473259
2010-06-30,-0.01123731495774748
2010-07-01,-0.006561331170825475
2010-07-02,-0.01000783067752167
2010-07-06,-0.01089123637203259
2010-07-07,-0.006831711802743721
2010-07-08,-0.005371152379919536
2010-07-09,-0.005127844278776359
2010-07-12,-0.006972557350978683
2010-07-13,-0.0039059033524501217
2010-07-14,-0.007120549862910865
2010-07-15,-0.010859931406674472
2010-07-16,-0.018010158994245958
2010-07-19,-0.006480876272541928
2010-07-20,-0.006909880229039499
2010-07-21,-0.008749084695867061
2010-07-22,-0.010524447629300899
2010-07-23,-0.01319348033951688
2010-07-26,-0.002727756500403528
2010-07-27,-0.015067839329259628
2010-07-28,-0.00829453482954928
2010-07-29,-0.01672654135495248
2010-07-30,-0.011481077685363082
2010-08-02,-0.004005356405048002
2010-08-03,-0.007435231645871294
2010-08-04,-0.017261854755416
2010-08-05,-0.010180244540053987
2010-08-06,-0.0052673064132415124
2010-08-09,-0.00640921878960932
2010-08-10,-0.009028127775626449
2010-08-11,-0.009704956665402133
2010-08-12,-0.006760369031085817
2010-08-13,-0.014778003992629974
2010-08-16,-0.003386826057576406
2010-08-17,-0.00016063557563171776
2010-08-18,-0.011890145376410364
2010-08-19,-0.006116925919914154
2010-08-20,-0.006547884694851883
2010-08-23,-0.006928161604446091
2010-08-24,-0.005487137781544995
2010-08-25,-0.007859342796381251
2010-08-26,-0.013487626306695501
2010-08-27,-0.023354588716261233
2010-08-30,-0.007843672198642666
2010-08-31,-0.003023271216131172
2010-09-01,-0.006867476852849645
2010-09-02,-0.004562248347502958
2010-09-03,-0.003312605499770576
2010-09-07,-0.0003371389783045596
2010-09-08,-0.008910871254261318
2010-09-09,-0.009368258407839385
2010-09-10,-0.010524350453546985
2010-09-13,0.003421856524546775
2010-09-14,-0.011538644876171041
2010-09-15,-0.009855881453759026
2010-09-16,-0.005582292536861575
2010-09-17,-0.005021130520660835
2010-09-20,-0.011624719504452794
2010-09-21,-0.010168774268263948
2010-09-22,-0.01964219026792069
2010-09-23,-0.01136438294697666
2010-09-24,-0.00723652563137928
2010-09-27,-0.0032462178528971843
2010-09-28,-0.012742241052103045
2010-09-29,-0.010585898944783597
2010-09-30,-0.013481168819834214
2010-10-01,-0.013307290151708387
2010-10-04,-0.0026250968473044015
2010-10-05,-0.005653989410827532
2010-10-06,-0.005582581658278665
2010-10-07,-0.0068724662913284785
2010-10-08,-0.006287379938377082
2010-10-11,-0.009505750446404886
2010-10-12,-0.006094059511677376
2010-10-13,-0.0023934255876948396
2010-10-14,-0.01687866806282905
2010-10-15,-0.011241073717866153
2010-10-18,-0.0027510251825895666
2010-10-19,-0.006171488170604257
2010-10-20,-0.0031200531789824463
2010-10-21,-0.010874870742410362
2010-10-22,-0.008169802690936501
2010-10-25,-0.002847500426907969
2010-10-26,-0.0021880816079540687
2010-10-27,-0.0015096085406109874
2010-10-28,-0.011392953060336004
2010-10-29,-0.004205172977273093
2010-11-01,-0.009062711117336381
2010-11-02,-0.009786529665342459
2010-11-03,-0.003979251573061149
2010-11-04,-0.010815791389110693
2010-11-05,-0.01096523767030464
2010-11-08,-0.004195244440860793
2010-11-09,-0.008676577377673472
2010-11-10,-0.00041445165365576724
2010-11-11,-0.011316718147966063
2010-11-12,-0.007373024733822575
2010-11-15,-0.008980698290243777
2010-11-16,-0.004912226173963764
2010-11-17,-0.00923778287199764
2010-11-18,-0.006975863765584448
2010-11-19,-0.007144156346365471
2010-11-22,-0.010044739046183943
2010-11-23,-0.0073676561348733766
2010-11-24,-0.006561422810966914
2010-11-26,-0.006499250044071593
2010-11-29,-0.0006078575646240626
2010-11-30,-0.011923260823213648
2010-12-01,-0.005115233704587601
2010-12-02,-0.004289784075969704
2010-12-03,-0.00501312695699014
2010-12-06,-0.004515958839109514
2010-12-07,-0.0032631350945325627
2010-12-08,-0.007810775032508189
2010-12-09,-0.007313091237812756
2010-12-10,-0.009282492768034946
2010-12-13,-0.0033878367425485578
2010-12-14,-0.006026049261309876
2010-12-15,-0.011309820931471985
2010-12-16,-0.01533540722135424
2010-12-17,-0.006928382709397333
2010-12-20,-0.005402862822261692
2010-12-21,-0.007151678760887115
2010-12-22,-0.006961514545453152
2010-12-23,-0.004548622316298937
2010-12-27,-4.4802865268950276e-05
2010-12-28,-0.006178355636625032
2010-12-29,-0.011569517935968278
2010-12-30,-0.007107786302887172
2010-12-31,-0.003093678425472933
2011-01-03,0.0016025234994730458
2011-01-04,-0.011658911283863855
2011-01-05,0.00027459854937231503
2011-01-06,-0.003833408280732382
2011-01-07,-0.009313312390539712
2011-01-10,-0.00305020203122829
2011-01-11,-0.0010651159245407037
2011-01-12,-0.009624550778078833
2011-01-13,-0.006018678005046461
2011-01-14,-0.002089576868768712
2011-01-18,-0.0016338616453510759
2011-01-19,-0.013860328571094675
2011-01-20,-0.009133300492215564
2011-01-21,-0.004422374899148594
2011-01-24,-0.0018792626584129262
2011-01-25,-0.007117290229189784
2011-01-26,-0.012990051363990002
2011-01-27,-0.009416742306403943
2011-01-28,-0.005780798816398431
2011-01-31,-0.00032030602940308784
2011-02-01,0.002579133770794555
2011-02-02,-0.005492622340900344
2011-02-03,-0.005981347408629343
2011-02-04,-0.012214894631514987
2011-02-07,-0.0020339189194688544
2011-02-08,-0.006731128263964323
2011-02-09,-0.0046435765960298305
2011-02-10,0.0012711584409424697
2011-02-11,-0.00583471157003096
2011-02-14,0.0040192516166849225
2011-02-15,-0.003703896832911508
2011-02-16,-0.007507991808418791
2011-02-17,-0.009393089049396383
2011-02-18,0.0002325748367727823
2011-02-22,-0.007171800814910426
2011-02-23,-0.009126303858794024
2011-02-24,-0.007000300127046037
2011-02-25,-0.0033975259402849157
2011-02-28,0.00031624041764353756
2011-03-01,-0.012167490988853207
2011-03-02,-0.0029624981970316454
2011-03-03,-0.005561753082050752
2011-03-04,-0.01029014850168553
2011-03-07,-0.011186445840655352
2011-03-08,-0.008977946668879806
2011-03-09,-0.00927166434778638
2011-03-10,-0.0063662262528274656
2011-03-11,-0.011999804903228786
2011-03-14,-0.006643079995678093
2011-03-15,-0.004197740124234605
2011-03-16,-0.0018937116866040368
2011-03-17,-0.00620060246050395
2011-03-18,-0.007762031807146977
2011-03-21,-0.002788094399790067
2011-03-22,-0.010463453526541985
2011-03-23,-0.003583568580866258
2011-03-24,0.0004062025264154898
2011-03-25,-0.0024776662401790545
2011-03-28,-0.007090163475139284
2011-03-29,-0.008308589239085956
2011-03-30,-0.001931377821447364
2011-03-31,-0.0044815360422893824
2011-04-01,-0.0049361837908313945
2011-04-04,-0.005772980899079325
2011-04-05,-0.00848416384373057
2011-04-06,-0.013280742537912282
2011-04-07,-0.00834456470541745
2011-04-08,-0.002553311660841966
2011-04-11,-0.001130577512838793
2011-04-12,-0.002356412173139891
2011-04-13,-0.009202182225359661
2011-04-14,-0.002020774377520701
2011-04-15,-0.001884019204368606
2011-04-18,-0.004652744204943489
2011-04-19,-0.001997226916311161
2011-04-20,0.0006671104067246325
2011-04-21,-0.0020254990117833382
2011-04-25,-0.009490719920243262
2011-04-26,0.0017457065555278083
2011-04-27,-0.00818300026110798
2011-04-28,-0.004840022870015051
2011-04-29,-0.0038507032475248834
2011-05-02,-0.01113858657685143
2011-05-03,-0.0013115693854465075
2011-05-04,-0.0012219792776456085
2011-05-05,-0.0020056585465453264
2011-05-06,-0.0033968160557547697
2011-05-09,-0.0094107599051683
2011-05-10,-0.004973955818021725
2011-05-11,-0.00613344918410973
2011-05-12,0.0006626854622309311
2011-05-13,-0.0022468763705832534
2011-05-16,-0.010885979755217694
2011-05-17,-0.002070565605428507
2011-05-18,-0.0069369804205238386
2011-05-19,-0.005019631439631035
2011-05-20,-0.006733902989337097
2011-05-23,-0.006041570096343571
2011-05-24,-0.005645553213064935
2011-05-25,-0.007990062289185699
2011-05-26,-0.004893410630483494
2011-05-27,-0.004368854213421184
2011-05-31,-0.0005756303668110045
2011-06-01,-0.014208410421709023
2011-06-02,-0.0070667126790056965
2011-06-03,-0.0014773882351794016
2011-06-06,-0.006080195631061915
2011-06-07,-0.003828638047869412
2011-06-08,-0.003169012457666236
2011-06-09,-0.0038863336335087126
2011-06-10,-0.007046461520179169
2011-06-13,-0.011974025456386444
2011-06-14,-0.003258600746242248
2011-06-15,-0.006141793456617535
2011-06-16,-0.007955799637306782
2011-06-17,-0.0001978590158590761
2011-06-20,-0.0094085720413326
2011-06-21,-0.002073710722005492
2011-06-22,-0.0043736608698197055
2011-06-23,-0.0006780739347608481
2011-06-24,-0.007636255299857642
2011-06-27,-0.008788178431591602
2011-06-28,-0.005344725133808277
2011-06-29,-0.01031053565132119
2011-06-30,-0.0022275539235187365
2011-07-01,-0.0065842242527648365
2011-07-05,-0.007375643687930301
2011-07-06,-0.007565931712512981
2011-07-07,-0.0026295815729288404
2011-07-08,-0.004702404611816397
2011-07-11,-0.007227044553306132
2011-07-12,-0.005264896538885523
2011-07-13,-0.003419974032890136
2011-07-14,-0.004487857128844778
2011-07-15,-0.01395167952141605
2011-07-18,-0.009517203565711597
2011-07-19,-0.0006578190542807184
2011-07-20,-0.011981698060375363
2011-07-21,-0.00970887284281471
2011-07-22,-0.01039957029302297
2011-07-25,-0.004330079354007931
2011-07-26,-0.006303928063864777
2011-07-27,-0.0027719454402172043
2011-07-28,-0.003498883236848981
2011-07-29,-0.003981237509345153
2011-08-01,-0.0066624050751952855
2011-08-02,-0.008812788110906864
2011-08-03,-0.0010145276777127523
2011-08-04,-0.00517128399154912
2011-08-05,-0.006354680469489265
2011-08-08,-0.007534772779391765
2011-08-09,-0.008690905204440932
2011-08-10,0.00019156351160569234
2011-08-11,-0.011257477665047703
2011-08-12,-0.006043942060340566
2011-08-15,-0.0031654509574221947
2011-08-16,-0.017844646918665295
2011-08-17,-0.003761922149984505
2011-08-18,-0.005347205650838209
2011-08-19,-0.0009463924523828281
2011-08-22,-0.015667797007892455
2011-08-23,-0.008040707673357298
2011-08-24,-0.010637377985993927
2011-08-25,-0.020604359759947434
2011-08-26,-0.004101695175932163
2011-08-29,-0.009042144239166699
2011-08-30,-0.005950335758241698
2011-08-31,-0.005491534267325965
2011-09-01,-0.012655077704469341
2011-09-02,-0.005344796831753875
2011-09-06,-7.91942166481199e-05
2011-09-07,-0.001827766492782658
2011-09-08,-0.014730236228646453
2011-09-09,-0.006320018610053801
2011-09-12,-0.005641658398788431
2011-09-13,-0.004200212686255773
2011-09-14,-0.0038766334140031824
2011-09-15,-0.007379858224768374
2011-09-16,-0.00615200845175959
2011-09-19,-0.01634555838542514
2011-09-20,-0.005053068575782186
2011-09-21,-0.015114146168782592
2011-09-22,0.007955238235853005
2011-09-23,-0.00401962281532932
2011-09-26,-0.015090751096213127
2011-09-27,-0.00664925659310632
2011-09-28,-0.003440299463165388
2011-09-29,-0.008895870605078113
2011-09-30,0.0005329169386292312
2011-10-03,-0.004653348532772457
2011-10-04,-0.010138009567444676
2011-10-05,-0.0006743593993653041
2011-10-06,-0.001315584385550629
2011-10-07,0.0028302467502864127
2011-10-10,-0.009948673364105915
2011-10-11,-0.00974957556431889
2011-10-12,-0.01156697102472063
2011-10-13,0.00464536238437807
2011-10-14,-0.003359168917500029
2011-10-17,-0.008967918637573239
2011-10-18,-0.012782327143580918
2011-10-19,-0.014864641071639154
2011-10-20,-0.008444449531177227
2011-10-21,-0.0078003990879682615
2011-10-24,0.0015898848676789337
2011-10-25,0.00508656116109661
2011-10-26,-0.009125832122859319
2011-10-27,0.0018251088613946143
2011-10-28,-0.020328495003598953
2011-10-31,-0.007632104655821705
2011-11-01,-0.007654983276402039
2011-11-02,-0.006223194848140413
2011-11-03,-0.010023225532294244
2011-11-04,-0.010730262414276156
2011-11-07,-0.005736772554156562
2011-11-08,-0.0027606071437397853
2011-11-09,-0.012248932507420256
2011-11-10,-0.013009398825253114
2011-11-11,-0.0071834602585277504
2011-11-14,-0.010874085099453343
2011-11-15,-0.0024971851638099264
2011-11-16,-0.01808441823870315
2011-11-17,-0.0019994337716140033
2011-11-18,-0.003520896001116841
2011-11-21,-0.002838210937789269
2011-11-22,-0.015588873529597067
2011-11-23,-0.010303988536956582
2011-11-25,-0.005350107023102402
2011-11-28,-0.0012094836512994513
2011-11-29,-0.0038895559550580928
2011-11-30,0.021809649236579395
2011-12-01,-0.006142467590359613
2011-12-02,5.9813896739512214e-05
2011-12-05,-0.009599573331879122
2011-12-06,-0.008065009244576288
2011-12-07,-0.007693069540780859
2011-12-08,-0.014144425000038261
2011-12-09,-0.009184110771311982
2011-12-12,-0.002262178023877036
2011-12-13,-0.007188669213130892
2011-12-14,-0.002744489257089681
2011-12-15,-0.007934905992439597
2011-12-16,-0.01294822735300792
2011-12-19,-0.020695473325646037
2011-12-20,-0.009407596856949897
2011-12-21,-0.007987659524189145
2011-12-22,-0.003998072190151502
2011-12-23,-0.00531350159765478
2011-12-27,-0.005812203212397583
2011-12-28,-0.007970844229549655
2011-12-29,-0.006485616753483522
2011-12-30,-0.004697555122464379
2012-01-03,0.002548683750468634
2012-01-04,0.0007597000214984674
2012-01-05,0.0008122366781041913
2012-01-06,-0.0019987466818147106
2012-01-09,-0.0031773771960078357
2012-01-10,-0.0012709018742606197
2012-01-11,0.0005992069755796866
2012-01-12,-0.00031939497123025353
2012-01-13,0.004694027798425294
2012-01-17,-0.004815260068563045
2012-01-18,0.000967097735380703
2012-01-19,0.008405017084250753
2012-01-20,0.003303348713177355
2012-01-23,-0.00726205364982664
2012-01-24,-0.0027376098053063292
2012-01-25,-0.011824577441983949
2012-01-26,0.007277056224987413
2012-01-27,-0.00019340782802193448
2012-01-30,-0.0014836632452488608
2012-01-31,0.0033153924477084995
2012-02-01,-0.0005955659310895958
2012-02-02,-0.00851443046456184
2012-02-03,0.004510655730377978
2012-02-06,-0.005324432299860897
2012-02-07,-0.00695393065622483
2012-02-08,0.0016202151604353399
2012-02-09,-0.0006748398519458975
2012-02-10,-0.0008877934112436633
2012-02-13,-0.0021893158923225004
2012-02-14,-0.00322621850268797
2012-02-15,-0.004646631832206373
2012-02-16,-0.001003562120821166
2012-02-17,-0.007475561590642114
2012-02-21,-0.008856287780158996
2012-02-22,-0.010409698055158914
2012-02-23,-0.0040094941915037215
2012-02-24,-0.004378831185938363
2012-02-27,0.0007140502826343507
2012-02-28,0.0020972500353895673
2012-02-29,-0.01035850286358161
2012-03-01,-0.0035079515561014926
2012-03-02,-0.0011711512334279502
2012-03-05,-0.011137971027908549
2012-03-06,0.0004413532927534042
2012-03-07,-0.005682909807404683
2012-03-08,0.0015567565676456244
2012-03-09,0.0004120272436673911
2012-03-12,-0.005568922161992657
2012-03-13,-0.0046291017919175195
2012-03-14,0.00016957115003724032
2012-03-15,0.0034541229582555127
2012-03-16,-0.004603977401612566
2012-03-19,-0.004063397816226898
2012-03-20,0.009357877383968193
2012-03-21,-0.0006014995637676351
2012-03-22,0.002909695105720855
2012-03-23,-0.0036567133824295227
2012-03-26,-0.005572916215199423
2012-03-27,0.0015412738091879616
2012-03-28,0.0013278992569609569
2012-03-29,-0.006543361169468494
2012-03-30,-0.005463372650811536
2012-04-02,-0.006794617302868417
2012-04-03,-0.006276646438966478
2012-04-04,-0.004482358870304919
2012-04-05,-0.004968831727840529
2012-04-09,-0.0018225385784104698
2012-04-10,-0.002863346472558632
2012-04-11,0.0021976938798487335
2012-04-12,-0.0020183854723142113
2012-04-13,-0.005880154646849268
2012-04-16,-0.0014716608655231194
2012-04-17,-0.0012388518935263623
2012-04-18,-0.006363490509130242
2012-04-19,-0.012344172186105356
2012-04-20,-0.018884742275586886
2012-04-23,-0.005751393621547838
2012-04-24,-0.004324331871018802
2012-04-25,-0.0026396926348753007
2012-04-26,-9.804582780100976e-05
2012-04-27,-0.004432643308796398
2012-04-30,-0.004871806899038267
2012-05-01,-0.005476558569050048
2012-05-02,-0.0005847108971795724
2012-05-03,-0.0074069835934477465
2012-05-04,-0.004212112802147344
2012-05-07,0.0022870559790549817
2012-05-08,-0.006018480991384703
2012-05-09,-0.0029137504879156555
2012-05-10,-0.008388830494610817
2012-05-11,-0.0017474444891412491
2012-05-14,-0.007075984160259154
2012-05-15,-0.0053889725216010025
2012-05-16,-0.005990152322020428
2012-05-17,0.0015972550837844695
2012-05-18,-0.005004771698462683
2012-05-21,-0.005728558023499072
2012-05-22,-0.0004632072936322038
2012-05-23,-0.007267050656326181
2012-05-24,-0.006671321517504097
2012-05-25,0.0015158464283281294
2012-05-29,-0.004449440573104497
2012-05-30,-0.008008114659564112
2012-05-31,0.0017209663218796301
2012-06-01,0.0024435507346475256
2012-06-04,-0.008216086935904221
2012-06-05,-0.006662897620324551
2012-06-06,0.0002555160570218364
2012-06-07,-0.00805627734927506
2012-06-08,0.0027428409740684863
2012-06-11,-0.0019402612598020748
2012-06-12,-0.0029375669227967517
2012-06-13,0.0011043525284457124
2012-06-14,-0.004594236473909611
2012-06-15,-0.00528318262763431
2012-06-18,0.003336384302769057
2012-06-19,-0.0018210646537342918
2012-06-20,-0.000469577797567719
2012-06-21,-0.007899756168916775
2012-06-22,-0.001097458225153901
2012-06-25,-0.0018824093375849013
2012-06-26,-0.001831568222808947
2012-06-27,-0.006439923640324769
2012-06-28,-0.007514668128163772
2012-06-29,-0.0052646950141086914
2012-07-02,-0.0005321161722560263
2012-07-03,-0.007221493886805653
2012-07-05,-0.0018445140338455728
2012-07-06,0.002677816848434071
2012-07-09,-0.005784298144363492
2012-07-10,-0.0038315431858785332
2012-07-11,-0.007921580423446598
2012-07-12,-0.007576921559049894
2012-07-13,-0.0012635034880339579
2012-07-16,-0.008312694691363563
2012-07-17,-0.005109141053675982
2012-07-18,-0.006856188721286181
2012-07-19,-0.003719022200100731
2012-07-20,-0.009650585670359434
2012-07-23,0.003930096749509496
2012-07-24,0.0013699399586028548
2012-07-25,-0.016668321068996805
2012-07-26,-0.011656157983192092
2012-07-27,0.001828009413268029
2012-07-30,-0.004867879276957869
2012-07-31,0.0022680495258055283
2012-08-01,-0.005701160102635966
2012-08-02,0.0039324802587902665
2012-08-03,-0.0021279548495202125
2012-08-06,0.0034994093475118598
2012-08-07,-0.0008927780929498994
2012-08-08,-0.009813732201624908
2012-08-09,0.001321360821882671
2012-08-10,-0.0033587015799566165
2012-08-13,0.0002827522139036533
2012-08-14,-0.0020756220557940465
2012-08-15,-0.002258104930932136
2012-08-16,-0.005720805972743655
2012-08-17,-0.004447877733813791
2012-08-20,-0.002074596277283511
2012-08-21,-0.0030921804482919694
2012-08-22,-0.006338487407746193
2012-08-23,-0.005193529113680517
2012-08-24,-0.003701190707138814
2012-08-27,-0.006331134117160995
2012-08-28,-0.0035920959310470615
2012-08-29,-0.0030485236138758395
2012-08-30,-0.0017313137824157944
2012-08-31,-0.006396891124309903
2012-09-04,-0.002918581084452617
2012-09-05,-0.001980156426966579
2012-09-06,0.0015956479996552093
2012-09-07,0.001126464468084426
2012-09-10,-0.004390192535553591
2012-09-11,0.007224065005880142
2012-09-12,-0.0006240624431067794
2012-09-13,-0.006576681063248168
2012-09-14,-0.006861851789035391
2012-09-17,-0.014065984239661914
2012-09-18,-0.0076770516369075986
2012-09-19,0.0007458072855998535
2012-09-20,-0.006839296647702364
2012-09-21,-0.0024987127171316567
2012-09-24,-0.0023790262849255504
2012-09-25,-0.01127280465099833
2012-09-26,0.0004183587654266363
2012-09-27,-0.003237790069603218
2012-09-28,-0.0066846263921872835
2012-10-01,-0.007761894949483022
2012-10-02,-0.0134910673457478
2012-10-03,0.003600670513240381
2012-10-04,-0.0018134519881790757
2012-10-05,-0.0012466451166645593
2012-10-08,-0.005143837116196158
2012-10-09,-0.008703470360802382
2012-10-10,-0.003616200470225734
2012-10-11,-0.0068580741895944135
2012-10-12,-0.007266659155431384
2012-10-15,0.002602956589871379
2012-10-16,-0.0058114499291511265
2012-10-17,0.0024302382110741776
2012-10-18,-0.008076639783337013
2012-10-19,-0.010916849982941831
2012-10-22,-0.006104567467601691
2012-10-23,0.006091624790302625
2012-10-24,-0.003906360454533936
2012-10-25,-0.002982730890621718
2012-10-26,0.0010020013266015615
2012-10-31,-0.0005959592237935974
2012-11-01,0.00207190499687636
2012-11-02,0.005752508082973107
2012-11-05,-0.0014550991541747097
2012-11-06,-0.0016048232865171872
2012-11-07,-0.008240365569215771
2012-11-08,-0.0025844693763334924
2012-11-09,-0.006605050511860271
2012-11-12,-0.0026149340682472912
2012-11-13,-0.007168441554111892
2012-11-14,-0.006711756647685524
2012-11-15,-0.007881020013983882
2012-11-16,-0.008784472853339248
2012-11-19,-0.0004257933637531312
2012-11-20,-0.00809102333150437
2012-11-21,-0.0001342988392314384
2012-11-23,-0.0016208169076355932
2012-11-26,0.005680791105324398
2012-11-27,-0.0014848053286085718
2012-11-28,-0.0019713491679306198
2012-11-29,-0.0010593481996348378
2012-11-30,0.0015240739752968042
2012-12-03,-0.004269349983986406
2012-12-04,0.001001302722722931
2012-12-05,-0.00914428187928912
2012-12-06,-0.0068505626289078365
2012-12-07,-0.00752387886401699
2012-12-10,-0.006139744902688422
2012-12-11,0.0023929491329345506
2012-12-12,-0.00555598194169267
2012-12-13,-0.003955826597759587
2012-12-14,0.002584313574092496
2012-12-17,-0.010574794944878776
2012-12-18,-0.004644951484389438
2012-12-19,0.0014267028799483479
2012-12-20,-0.010369279755887051
2012-12-21,-0.005326045917298282
2012-12-24,0.0002926022051111701
2012-12-26,-0.0031036489423410954
2012-12-27,-0.007021830307187967
2012-12-28,-0.0038831987362974198
2012-12-31,-0.009008449797836085
2013-01-02,0.001462668015441738
2013-01-03,-0.00387589412180025
2013-01-04,-0.010066593668222422
2013-01-07,-0.0014566181058801525
2013-01-08,-0.011336183301472555
2013-01-09,-0.005514120659383946
2013-01-10,-0.003566096437581468
2013-01-11,-0.005412770667310065
2013-01-14,-0.006736454340602525
2013-01-15,-0.008924017711263822
2013-01-16,-0.0053138723246158575
2013-01-17,-0.003477444202849609
2013-01-18,-0.006886588301926649
2013-01-22,-0.004439096538613098
2013-01-23,-0.01114117409691704
2013-01-24,-0.01631281059474536
2013-01-25,-0.009687765900537888
2013-01-28,-0.0022804818375117483
2013-01-29,-0.006479391211186491
2013-01-30,-0.004872705883386041
2013-01-31,-0.010519016145005597
2013-02-01,-0.006647850651422434
2013-02-04,-0.004200712221963285
2013-02-05,-0.008092799020761949
2013-02-06,-0.0017437458572799637
2013-02-07,-0.00483531978678528
2013-02-08,-0.004095928591884879
2013-02-11,-0.0046666491698123475
2013-02-12,-0.00992919607044391
2013-02-13,-0.0034257424763699824
2013-02-14,-0.006567282352255876
2013-02-15,-0.0057370916156597946
2013-02-19,-0.004841152962921889
2013-02-20,-0.013230352982597131
2013-02-21,-0.013086893848929049
2013-02-22,-0.0036906396723961534
2013-02-25,-0.01138747804259728
2013-02-26,-0.0036291012216576554
2013-02-27,-0.009697396360642634
2013-02-28,-0.009675720068743468
2013-03-01,-0.006940358356120074
2013-03-04,-0.018412998601487776
2013-03-05,-0.0058747525132973434
2013-03-06,-0.01094924499736893
2013-03-07,-0.009253888681861947
2013-03-08,-0.0077992008152508365
2013-03-11,-0.00536207763840601
2013-03-12,-0.0031654962433283543
2013-03-13,-0.0011857400271854945
2013-03-14,-0.0074741746936140725
2013-03-15,-0.009367891757799594
2013-03-18,-0.0029377657612149706
2013-03-19,-0.009225616922941196
2013-03-20,-0.01046293089285661
2013-03-21,-0.008190448632416782
2013-03-22,-0.00148542052402207
2013-03-25,-0.007698911610926165
2013-03-26,-0.006188053799332188
2013-03-27,-0.011496643640836593
2013-03-28,-0.008644681145024915
2013-04-01,-0.003746411965622776
2013-04-02,-0.017417737622247832
2013-04-03,-0.005049790059686321
2013-04-04,-0.011297220952187237
2013-04-05,-0.0052076188021585755
2013-04-08,-0.008790597513766155
2013-04-09,0.011014660903192749
2013-04-10,-0.0020733478882466756
2013-04-11,-0.00784526105299326
2013-04-12,-0.0015718272732434153
2013-04-15,-0.018208325739292538
2013-04-16,-0.00905490167862645
2013-04-17,-0.002900054817761823
2013-04-18,-0.004676035279239307
2013-04-19,-0.002912245363037539
2013-04-22,-0.007439508714914783
2013-04-23,-0.013632906391361674
2013-04-24,-0.013256810399327726
2013-04-25,-0.011986018342379284
2013-04-26,-0.001772827830504818
2013-04-29,-0.002846932845633094
2013-04-30,-0.008347148053938692
2013-05-01,-0.004272803649484921
2013-05-02,-0.009232904708268687
2013-05-03,-0.00629027177218364
2013-05-06,-0.010147811217175617
2013-05-07,-0.0066707664623298114
2013-05-08,-0.005223068578063098
2013-05-09,-0.005285347432866238
2013-05-10,-0.013012389680908041
2013-05-13,-0.012156233235405461
2013-05-14,-0.011283231752062046
2013-05-15,-0.008046997072797284
2013-05-16,-0.004203469081511313
2013-05-17,-0.0046436856026112906
2013-05-20,-0.00580835610228359
2013-05-21,-0.003098707919989287
2013-05-22,-0.011604076842313148
2013-05-23,-0.0060764350429459175
2013-05-24,-0.00556752303595683
2013-05-28,-0.0021244668895660282
2013-05-29,-0.00783958958554945
2013-05-30,-0.012715850903894542
2013-05-31,-0.007873948532654053
2013-06-03,0.00026326954176318987
2013-06-04,-0.01600714852339688
2013-06-05,-0.006177878121350112
2013-06-06,-0.005516848270146097
2013-06-07,0.0015133117838714199
2013-06-10,-0.0043366812376309655
2013-06-11,-0.001658954851374502
2013-06-12,-0.01373681038743732
2013-06-13,-0.010790048820937514
2013-06-14,-0.007620252749637788
2013-06-17,-0.003526761094298642
2013-06-18,-0.0030371814949482247
2013-06-19,-0.005125757317877154
2013-06-20,-0.004489245334871784
2013-06-21,-0.0032458455292735736
2013-06-24,-0.017126150997418828
2013-06-25,0.0008970587369549823
2013-06-26,-0.0038075658305693977
2013-06-27,-0.0052994641976663835
2013-06-28,-0.007259520433369827
2013-07-01,-0.0030422337326190914
2013-07-02,-0.010661554865735168
2013-07-03,-0.009526138212004346
2013-07-05,-0.006844509498292548
2013-07-08,-0.0026932093650892507
2013-07-09,-0.014587628975362834
2013-07-10,-0.008903949466385388
2013-07-11,-0.009304119761997761
2013-07-12,-0.002781219678535685
2013-07-15,-0.005371669430784017
2013-07-16,-0.008007782668146144
2013-07-17,-0.0038280184657094114
2013-07-18,-0.003850995943453349
2013-07-19,-0.01134094546017022
2013-07-22,-0.007357558037364653
2013-07-23,-0.009168316188844762
2013-07-24,-0.0070060510864491145
2013-07-25,-0.004587109305031077
2013-07-26,-0.009817908096912404
2013-07-29,-0.010302044765825632
2013-07-30,-0.005407575616008818
2013-07-31,-0.008848242943987982
2013-08-01,-0.005820193696212795
2013-08-02,-0.012308891474381476
2013-08-05,-0.0066896668910430565
2013-08-06,-0.00860717884781093
2013-08-07,-0.0054169438563485125
2013-08-08,-0.002305412187916989
2013-08-09,-0.01352181619609874
2013-08-12,-0.007480657518143469
2013-08-13,-0.006238380087327192
2013-08-14,0.0001941105537845763
2013-08-15,-0.008174683280217636
2013-08-16,-0.0035342174393807073
2013-08-19,-0.008143564077480583
2013-08-20,-0.00782676777908346
2013-08-21,-0.006502011584716239
2013-08-22,-0.012601816484031225
2013-08-23,-0.004707688096665383
2013-08-26,-0.006424675376469497
2013-08-27,0.0043515301511521795
2013-08-28,-0.010879760751845734
2013-08-29,-0.0046907768581314225
2013-08-30,-0.007253571921132807
2013-09-03,0.00017282628168332863
2013-09-04,-0.013030706551963584
2013-09-05,-0.0020961839967435277
2013-09-06,-0.009338294177741116
2013-09-09,-0.0065198969036577535
2013-09-10,-0.007874328284916892
2013-09-11,-0.00597417748665449
2013-09-12,-0.008529930085318792
2013-09-13,-0.006844963849582288
2013-09-16,-0.009067618512509253
2013-09-17,-0.005092347178198769
2013-09-18,-0.007062966089956867
2013-09-19,-0.010313753283620032
2013-09-20,-0.004336500960388009
2013-09-23,0.001598328265992109
2013-09-24,-0.011308750582148972
2013-09-25,-0.010432393838863257
2013-09-26,0.0023876169079167214
2013-09-27,-0.010858869849076098
2013-09-30,-0.0066414199706575396
2013-10-01,-0.0027416558575354844
2013-10-02,-0.012244861516589179
2013-10-03,-0.006080289468872475
2013-10-04,-0.005538595050404785
2013-10-07,-0.0053325075036144455
2013-10-08,-0.010137909776323218
2013-10-09,-0.009213041582735015
2013-10-10,0.002894559239223406
2013-10-11,-0.010595084602433911
2013-10-14,-0.0038065230754763114
2013-10-15,-0.007452111862423266
2013-10-16,-0.007890001976340806
2013-10-17,-0.004492855926253925
2013-10-18,0.0033995005956614444
2013-10-21,-0.012321727507001341
2013-10-22,-0.0018734763159229412
2013-10-23,-0.01639681973836289
2013-10-24,-0.006478685896591745
2013-10-25,-0.005729620574547557
2013-10-28,-0.004020312768450885
2013-10-29,-0.0059477667578269715
2013-10-30,-0.005112618055821038
2013-10-31,-0.006372421472290031
2013-11-01,-0.010670407079527666
2013-11-04,-0.007428583429485565
2013-11-05,-0.0006900643281327213
2013-11-06,-0.010542122392051264
2013-11-07,-0.01494015334358502
2013-11-08,-0.004392746504212472
2013-11-11,-0.006189775135595098
2013-11-12,-0.004946209965851452
2013-11-13,-0.006925878256362583
2013-11-14,-0.0009709616243882219
2013-11-15,-0.0070321624595456565
2013-11-18,-0.010993575170680257
2013-11-19,-0.00952157487939248
2013-11-20,-0.006003589716246521
2013-11-21,-0.010483243941306987
2013-11-22,-0.007252698779806251
2013-11-25,-0.005806128944596042
2013-11-26,-0.007873454153122544
2013-11-27,-0.006093975115534747
2013-11-29,-0.0074410942209085255
2013-12-02,-0.004496092628302183
2013-12-03,0.0005899704778414058
2013-12-04,-0.00409188251548099
2013-12-05,-0.0063761031739247446
2013-12-06,-0.004174965824326378
2013-12-09,-0.007012344841909149
2013-12-10,-0.007675333000103003
2013-12-11,-0.0010956568426402089
2013-12-12,-0.0031436963248303385
2013-12-13,-0.006886414415243312
2013-12-16,-0.006346962096375535
2013-12-17,-0.007842599829176428
2013-12-18,-0.001557570586912106
2013-12-19,-0.005434734482221677
2013-12-20,-0.0011981038659430367
2013-12-23,-0.0023195183638839816
2013-12-24,-0.005082152251721504
2013-12-26,-0.005846225711385918
2013-12-27,-0.005287256617448661
2013-12-30,-0.003345098577152447
2013-12-31,-0.0023448330230697034
2014-01-02,0.0021717491702790952
2014-01-03,-0.0022057206167062074
2014-01-06,-0.0034430094788979525
2014-01-07,0.0007479146096974901
2014-01-08,-9.960254670613117e-05
2014-01-09,-0.0028977746632944798
2014-01-10,-0.005491987252374667
2014-01-13,0.0006487141189630845
2014-01-14,-0.00783860844100641
2014-01-15,-0.0009215626582085292
2014-01-16,-0.0045614271069124475
2014-01-17,-0.004666604687768719
2014-01-21,-0.0076243353408571
2014-01-22,-0.0048598218325768515
2014-01-23,-0.004353509171668031
2014-01-24,0.0002472034692419841
2014-01-27,0.0006603587214616177
2014-01-28,-0.002411683586535944
2014-01-29,-0.004728010821677282
2014-01-30,-0.0018921536538524515
2014-01-31,-0.0009019242322345889
2014-02-03,-0.0013056476718634109
2014-02-04,-0.007093806255436112
2014-02-05,0.0047996873575937675
2014-02-06,-0.0029250530772963134
2014-02-07,0.004135141351100941
2014-02-10,-0.0024974502711083255
2014-02-11,-0.0002595473861857539
2014-02-12,-0.0045110046012215264
2014-02-13,0.0008005729403241704
2014-02-14,0.0017522980766465186
2014-02-18,-0.003143520923537514
2014-02-19,-0.0022027751024331346
2014-02-20,-0.0005739187805620656
2014-02-21,0.0007397039563143064
2014-02-24,-0.0006419805429916479
2014-02-25,-0.004420593637694996
2014-02-26,2.845499587220742e-05
2014-02-27,0.0007392806054499017
2014-02-28,-0.00587791092190388
2014-03-03,-0.001054452759012389
2014-03-04,0.0015996117427486466
2014-03-05,-0.0013533643900709561
2014-03-06,-0.0034424562315022254
2014-03-07,-0.005893595346872952
2014-03-10,-0.0009672024069291726
2014-03-11,-0.00040939643706206647
2014-03-12,-0.0008653859584965829
2014-03-13,-0.005350953448712758
2014-03-14,-0.0046730568051089405
2014-03-17,0.004434072975267877
2014-03-18,0.0006257888970143725
2014-03-19,-0.006215032296360745
2014-03-20,-0.010460418669349379
2014-03-21,-0.011480232255945761
2014-03-24,-0.008908879775532815
2014-03-25,-0.002930719053177457
2014-03-26,-0.0033963377544765426
2014-03-27,-0.0015666910704924472
2014-03-28,-0.005819907025536056
2014-03-31,0.003324026662899733
2014-04-01,0.011814737588038284
2014-04-02,-0.001549919231446897
2014-04-03,-0.01396333214932616
2014-04-04,-0.015615759899764265
2014-04-07,-0.0013237179482887215
2014-04-08,-0.0051817240808453135
2014-04-09,0.01592468888814878
2014-04-10,-0.014252207068045416
2014-04-11,-0.004523653187413488
2014-04-14,-0.0034636831983254957
2014-04-15,-0.00018389361172209645
2014-04-16,0.0023396137694053063
2014-04-17,-0.004654641683746753
2014-04-21,-0.003259461976146296
2014-04-22,0.0011298906126305372
2014-04-23,-0.0054139617799781325
2014-04-24,0.0036482682499369375
2014-04-25,-0.0005963045957113797
2014-04-28,-0.005219118102549735
2014-04-29,0.008942344641492798
2014-04-30,-0.0025611283570430047
2014-05-01,-0.00330181454657469
2014-05-02,0.0040337807273576175
2014-05-05,-0.0039291128106644065
2014-05-06,0.002348134927892003
2014-05-07,-0.005153533838766967
2014-05-08,0.004885841869193018
2014-05-09,-0.0028518386228906243
2014-05-12,-0.0004490663059179739
2014-05-13,0.0009893832189478118
2014-05-14,0.0007947242756702888
2014-05-15,0.0030338701316974673
2014-05-16,-0.004499915270940751
2014-05-19,-0.00323435151137656
2014-05-20,0.0022553670165965595
2014-05-21,-0.0023837609140340767
2014-05-22,-0.0077506552126390665
2014-05-23,-0.0058043144560418185
2014-05-27,-0.009341195838372566
2014-05-28,-0.0015948929396840188
2014-05-29,0.003357124407758662
2014-05-30,0.0017021638956593468
2014-06-02,-0.0013681580258153672
2014-06-03,0.0009407968264961621
2014-06-04,-0.005862440722744262
2014-06-05,0.0005335141703907383
2014-06-06,-0.002091974699544779
2014-06-09,-0.006258010516189461
2014-06-10,-0.0035345532636468268
2014-06-11,0.004099516832716248
2014-06-12,-0.0036182195038396386
2014-06-13,-0.004509301040356166
2014-06-16,0.0004239248038671625
2014-06-17,-0.0035440594876585147
2014-06-18,-0.0002737309680086377
2014-06-19,-0.0009818881251013477
2014-06-20,-0.006026859825005784
2014-06-23,-0.0029331700890823315
2014-06-24,0.012780531048165582
2014-06-25,0.0002617992587004231
2014-06-26,-0.003024473448699024
2014-06-27,-0.0017569932518888413
2014-06-30,0.0009537353515466486
2014-07-01,0.002694056548710303
2014-07-02,-0.004081556564020985
2014-07-03,8.158733801838123e-05
2014-07-07,-0.0006076297776659755
2014-07-08,0.0003540093788272152
2014-07-09,-0.004380434025865898
2014-07-10,0.0001525447128764069
2014-07-11,-0.0036907581457659047
2014-07-14,0.0018773733630954733
2014-07-15,-0.0026600508935577197
2014-07-16,0.004246268192007564
2014-07-17,-0.006361272836824941
2014-07-18,0.0006268106677615065
2014-07-21,-0.0033358896775327203
2014-07-22,0.001203878640266756
2014-07-23,0.001343306173919404
2014-07-24,-0.004617290812452081
2014-07-25,-0.003321429682833663
2014-07-28,-0.003933343118782571
2014-07-29,-0.004183505779138047
2014-07-30,-0.010945637622249552
2014-07-31,-0.0046016673542910135
2014-08-01,0.005614824431512226
2014-08-04,0.001697947889216689
2014-08-05,-0.006430968072222603
2014-08-06,-0.005392138895724602
2014-08-07,-0.004202646482483391
2014-08-08,0.000417563776352093
2014-08-11,-0.0013113700652016159
2014-08-12,0.0016876443128982792
2014-08-13,0.003335610234708127
2014-08-14,-0.009046966826635874
2014-08-15,0.0019504852187606277
2014-08-18,-0.004335555221702978
2014-08-19,0.00020788124777297448
2014-08-20,-0.00417276814278688
2014-08-21,-0.0010503544618666203
2014-08-22,-0.004560535445279072
2014-08-25,0.0008328105513389381
2014-08-26,0.0016713435243046002
2014-08-27,-0.002849215267798461
2014-08-28,-0.0006354413752403867
2014-08-29,-0.0002230372663694787
2014-09-02,0.0025027574807713615
2014-09-03,-0.0008099422653129996
2014-09-04,-0.0037471561865538936
2014-09-05,-0.0021108901916114652
2014-09-08,-0.005195636129311065
2014-09-09,-0.002078368799991231
2014-09-10,-0.0012435887105522445
2014-09-11,-0.0027442383785592156
2014-09-12,-0.006396087649206699
2014-09-15,3.994870442547622e-05
2014-09-16,0.0027471341923682295
2014-09-17,-0.007803125218086742
2014-09-18,-0.0027014123864981857
2014-09-19,-0.0017811270155268168
2014-09-22,-0.009534761410073114
2014-09-23,0.0036340315229399255
2014-09-24,-0.004944144647393981
2014-09-25,-0.0029407773203437315
2014-09-26,-0.0027085426987371077
2014-09-29,-0.004771555529245393
2014-09-30,-2.1324418334135427e-05
2014-10-01,0.0005816693015241942
2014-10-02,-0.005338819805947966
2014-10-03,-0.0036880431664307353
2014-10-06,-0.00040867199530594594
2014-10-07,-0.0006524231695686224
2014-10-08,-0.0038256001706497016
2014-10-09,-0.015825336999359972
2014-10-10,-0.014365386842792763
2014-10-13,-0.006902125987536489
2014-10-14,-0.008356205736236268
2014-10-15,0.0035983625809777684
2014-10-16,-0.001390065266468947
2014-10-17,0.006680699095391204
2014-10-20,0.0002799953664020063
2014-10-21,0.001728130020639757
2014-10-22,0.002706287647276059
2014-10-23,-0.0012414314072242993
2014-10-24,-0.0031876488618567396
2014-10-27,-0.005095673676741186
2014-10-28,0.001304489323356476
2014-10-29,0.002890949403350141
2014-10-30,-0.009189811657653882
2014-10-31,-0.0016175455603273413
2014-11-03,-0.0010883434356238355
2014-11-04,-0.0002526923097622149
2014-11-05,-0.0038603406748284118
2014-11-06,-0.0016677184176884362
2014-11-07,-0.0028508033886826905
2014-11-10,0.0016996740395516913
2014-11-11,0.004079670302185378
2014-11-12,0.0017183451637179008
2014-11-13,-0.003432144521196968
2014-11-14,-0.0030743618425859744
2014-11-17,-0.0023399035448016673
2014-11-18,0.00014129155593785758
2014-11-19,-0.004414135475746971
2014-11-20,-0.004183401884508643
2014-11-21,-0.004240268197368043
2014-11-24,0.002136477419474496
2014-11-25,0.003966959036921623
2014-11-26,-0.0033237435449574126
2014-11-28,-0.003661418500690881
2014-12-01,0.0015099513523108778
2014-12-02,0.0030901945879318986
2014-12-03,0.0026741920567211804
2014-12-04,-0.003379513380380091
2014-12-05,-0.009161031988880929
2014-12-08,-0.020291244660618428
2014-12-09,0.006228978152394388
2014-12-10,-0.008415498175122231
2014-12-11,-0.0060304793581326295
2014-12-12,-0.001680196939318428
2014-12-15,0.0015141612111763442
2014-12-16,0.0035326651518674834
2014-12-17,-0.010358376917190801
2014-12-18,0.0012072590829247593
2014-12-19,-0.007234382495274576
2014-12-22,0.009868216362409147
2014-12-23,-0.012078950764124094
2014-12-24,0.0075945255000207535
2014-12-26,0.0031919675180064272
2014-12-29,0.0013105832543847664
2014-12-30,0.0004753684122423031
2014-12-31,-0.0022974173805031858
2015-01-02,-0.009753764273955435
2015-01-05,0.012435477928445144
2015-01-06,-0.014596078109715227
2015-01-07,-0.007413989318055425
2015-01-08,0.002137180166760928
2015-01-09,-0.008626433978014754
2015-01-12,0.002471094650538251
2015-01-13,-0.012403141244664887
2015-01-14,-0.015328997644444103
2015-01-15,-0.005017117902229976
2015-01-16,-0.003223376341999873
2015-01-20,-0.005539328131909143
2015-01-21,-0.014310367659464947
2015-01-22,-0.0037625983428694327
2015-01-23,-0.008264034074775117
2015-01-26,-0.007605966021830165
2015-01-27,-0.01166357624395385
2015-01-28,-9.885749680270915e-05
2015-01-29,-0.015336873287189799
2015-01-30,0.005918945057158807
2015-02-02,-0.023242925637005196
2015-02-03,-0.011067946480655585
2015-02-04,-0.012344629725272815
2015-02-05,-0.004454688208048549
2015-02-06,-0.004424588177210783
2015-02-09,-0.008864663958133318
2015-02-10,-0.000594500954359649
2015-02-11,-0.01255329724729633
2015-02-12,-0.005779518267282214
2015-02-13,0.0025855197137399253
2015-02-17,-0.009001155426570324
2015-02-18,-0.002673315699243001
2015-02-19,-0.009132146215789365
2015-02-20,-0.004093209196976687
2015-02-23,-0.00805620498109336
2015-02-24,-0.006350728802222236
2015-02-25,-0.0064184182852877365
2015-02-26,-0.007757097098772427
2015-02-27,-0.00783855579494039
2015-03-02,-0.010906507333162884
2015-03-03,-0.0057074553737677955
2015-03-04,-0.004355306162437808
2015-03-05,4.5903999207045146e-05
2015-03-06,-0.006258790823305186
2015-03-09,-0.006534122333926987
2015-03-10,-0.004249436659072505
2015-03-11,-0.013085354015339185
2015-03-12,-0.0029804966993325467
2015-03-13,-0.00821912228727779
2015-03-16,-0.006215649515302176
2015-03-17,-0.007100422210342003
2015-03-18,-0.009373590391541809
2015-03-19,0.0027356394210757747
2015-03-20,0.000270042305099593
2015-03-23,-0.006459114968860742
2015-03-24,-0.0072185210403499026
2015-03-25,0.003280170113216215
2015-03-26,-0.0083938337002224
2015-03-27,-0.013824437934041919
2015-03-30,0.0004522272860821644
2015-03-31,-0.010869530933778803
2015-04-01,-0.006561947073994963
2015-04-02,-0.008987171481233501
2015-04-06,-0.013290284342430621
2015-04-07,-0.003979294278251828
2015-04-08,-0.009384008632572372
2015-04-09,-0.001300796140422814
2015-04-10,-0.008017573435665603
2015-04-13,-0.005356603489348029
2015-04-14,0.0024298096904981515
2015-04-15,-0.013857609223063776
2015-04-16,0.005697978234299983
2015-04-17,-0.006226892624326408
2015-04-20,-0.00232713671601935
2015-04-21,-0.0053150066731420705
2015-04-22,-0.007850401783233355
2015-04-23,-0.0033204004013472487
2015-04-24,-0.008666781266992149
2015-04-27,-0.007119059585438094
2015-04-28,-0.011971903005976352
2015-04-29,-0.0003215141436269404
2015-04-30,-0.011571600929460853
2015-05-01,-0.004634935052820583
2015-05-04,-0.006438619150116473
2015-05-05,-0.0069677647561346935
2015-05-06,-0.009781547719784605
2015-05-07,-0.01699618555436921
2015-05-08,-0.0021947550302235577
2015-05-11,-0.007723878746612227
2015-05-12,-0.00032048285509457975
2015-05-13,-0.00762437747963393
2015-05-14,-0.010834653544801353
2015-05-15,-0.001727307544474731
2015-05-18,-0.008500725867368742
2015-05-19,-0.006959807073098062
2015-05-20,-0.007923332976205625
2015-05-21,-0.009590241716304779
2015-05-22,-0.004758280065461886
2015-05-26,-0.0027192942315307474
2015-05-27,-0.011465405727614736
2015-05-28,-0.007461038159267641
2015-05-29,-0.00946377018828222
2015-06-01,-0.004565785756165718
2015-06-02,-0.0065056851712945885
2015-06-03,-0.008898851661221714
2015-06-04,-0.008542971370835767
2015-06-05,-0.005142617565550149
2015-06-08,-0.001517004428802926
2015-06-09,-0.005565166210602479
2015-06-10,-0.008415181365533837
2015-06-11,-0.007253695076702208
2015-06-12,-0.005083120942550279
2015-06-15,-0.0009696432661669028
2015-06-16,-0.006112021176387877
2015-06-17,-0.0033967860324609564
2015-06-18,-0.013848180994989481
2015-06-19,-0.008902831713920131
2015-06-22,-0.007651624775687229
2015-06-23,-0.005871443664000996
2015-06-24,-0.009247587178697815
2015-06-25,-0.003572815559906641
2015-06-26,0.0020744346880660174
2015-06-29,-0.004661593450782496
2015-06-30,-0.008812598429545149
2015-07-01,0.0002219112340903842
2015-07-02,-0.00725074033300945
2015-07-06,0.0005111836239049096
2015-07-07,-0.008601795040961063
2015-07-08,-0.011122911508957556
2015-07-09,-0.008255703212839399
2015-07-10,-0.007020825673711871
2015-07-13,-0.009204802174423425
2015-07-14,-0.0010290428157770978
2015-07-15,-0.010330044696389058
2015-07-16,-0.00603981098497915
2015-07-17,-0.01970929197368287
2015-07-20,-0.020065905468867485
2015-07-21,-0.003397598060434346
2015-07-22,-0.003468955976667239
2015-07-23,-0.0057749276241486035
2015-07-24,-0.005096609638841138
2015-07-27,0.0026746542643547064
2015-07-28,-0.01231525699183884
2015-07-29,-0.004975162514376784
2015-07-30,-0.0034479673645712874
2015-07-31,-0.009540522480986802
2015-08-03,-0.006031017389538002
2015-08-04,-0.0135314700584407
2015-08-05,-0.012647107056626673
2015-08-06,-0.005256360618869897
2015-08-07,0.004540629369719372
2015-08-10,-0.003729134305923901
2015-08-11,-0.003554776728024591
2015-08-12,-0.01055386969929685
2015-08-13,-0.0022164996164287408
2015-08-14,-0.015605471471415085
2015-08-17,-0.001623876174675026
2015-08-18,-0.006087964812125446
2015-08-19,-0.0009029621832580409
2015-08-20,-0.004547321867707058
2015-08-21,-0.005917346033382866
2015-08-24,-0.0032394374698607956
2015-08-25,-0.017921342609737673
2015-08-26,-0.009134854531527304
2015-08-27,0.020601034876224146
2015-08-28,-0.017536826405713794
2015-08-31,-0.01574841531551028
2015-09-01,0.0015458169133121744
2015-09-02,-0.008727951053603269
2015-09-03,-0.0039725237028263305
2015-09-04,-0.0017832510102349878
2015-09-08,-0.00238902670780529
2015-09-09,-0.011855859927557895
2015-09-10,-0.017035069336557573
2015-09-11,-0.010318498745531843
2015-09-14,-0.010685825887354613
2015-09-15,-0.012520674736668144
2015-09-16,0.0058406004865501045
2015-09-17,-0.00602788614206674
2015-09-18,-0.012783046247725012
2015-09-21,-0.009030994650878435
2015-09-22,-0.006487498834739704
2015-09-23,-0.018340780158541577
2015-09-24,-0.0036906620021156062
2015-09-25,-0.012746330207271788
2015-09-28,-0.015302013715387716
2015-09-29,-0.011299895033270172
2015-09-30,-0.004804669318827698
2015-10-01,-0.010079707605471123
2015-10-02,0.0038029083520857796
2015-10-05,-0.004307438428022797
2015-10-06,-0.027811730421760016
2015-10-07,-0.01298730827701393
2015-10-08,-0.010384329721000054
2015-10-09,-0.0015145867059877154
2015-10-12,-0.020757986169657367
2015-10-13,-0.009955860783991369
2015-10-14,-0.003976052139269769
2015-10-15,-0.009233231305818879
2015-10-16,-0.014203883053757417
2015-10-19,-0.00784846024249881
2015-10-20,0.0011372026049249959
2015-10-21,-0.013343435746107024
2015-10-22,-0.008176477375349288
2015-10-23,0.0006937905063989338
2015-10-26,-0.00999340344800162
2015-10-27,-0.02607895859729193
2015-10-28,0.000735505867052226
2015-10-29,-0.006104403965044825
2015-10-30,-0.0098422311941107
2015-11-02,-0.013768131998025394
2015-11-03,-0.012229214496522225
2015-11-04,-0.006593674134631638
2015-11-05,-0.01809752732672242
2015-11-06,-0.006093250624127949
2015-11-09,-0.005914212204509525
2015-11-10,-0.008035909403457485
2015-11-11,-0.018298028864163395
2015-11-12,-0.010229910755280885
2015-11-13,0.003752910612529619
2015-11-16,-0.014513910309803932
2015-11-17,-0.013606262844056322
2015-11-18,-0.008672107149551096
2015-11-19,-0.003118454435863132
2015-11-20,-0.00454681634035473
2015-11-23,-0.006254254428731195
2015-11-24,-0.015272946320284848
2015-11-25,-0.006444881328741343
2015-11-27,-0.0023511331138140745
2015-11-30,-0.006801943366217866
2015-12-01,-0.005932219778638225
2015-12-02,-0.011735169257646588
2015-12-03,-0.008661521261557142
2015-12-04,0.00044783191334187705
2015-12-07,0.0007022938404458098
2015-12-08,-0.0049190478430855555
2015-12-09,-0.003692854916195057
2015-12-10,-0.014878106194787941
2015-12-11,-0.00016759071656948996
2015-12-14,-0.009769205102211166
2015-12-15,-0.005564054580250126
2015-12-16,-0.005568817114346625
2015-12-17,-0.017847986243973026
2015-12-18,-0.009023581655572228
2015-12-21,-0.012294104160845823
2015-12-22,-0.004041801742696622
2015-12-23,-0.002956333446168315
2015-12-24,-0.005574901966862384
2015-12-28,-0.004118086311892704
2015-12-29,-0.0026828869236215653
2015-12-30,-0.012525667708871549
2015-12-31,-0.010490739141694915
2016-01-04,-0.008998685033359478
2016-01-05,-0.007348316203622439
2016-01-06,-0.00020246744261224895
2016-01-07,-0.00021676401751960636
2016-01-08,-0.005218887087026375
2016-01-11,0.017584579352063912
2016-01-12,-0.012901442131833786
2016-01-13,-0.004736553570353729
2016-01-14,-0.03170229728774089
2016-01-15,-0.010215173477794251
2016-01-19,-0.00580591184062848
2016-01-20,-0.01627520424985306
2016-01-21,0.002125191048693461
2016-01-22,0.0005446239359278592
2016-01-25,0.0029327122846075767
2016-01-26,-0.013229525853597938
2016-01-27,0.0016024047563380304
2016-01-28,0.010120889163748764
2016-01-29,-0.009851833480663553
2016-02-01,-0.007373672786167983
2016-02-02,-0.007950007665471376
2016-02-03,-0.01447091290284808
2016-02-04,0.00195764191168323
2016-02-05,-0.0007045410424406117
2016-02-08,0.018083240860674588
2016-02-09,-0.010783679591516016
2016-02-10,0.007240328116263961
2016-02-11,0.00860292999562277
2016-02-12,0.0005639285816541485
2016-02-16,-0.002081578020126155
2016-02-17,0.006527522905042907
2016-02-18,-0.0046973159789241315
2016-02-19,-0.004773653269964753
2016-02-22,-0.0060146891683864525
2016-02-23,-0.010621970193636117
2016-02-24,-0.016973951465101396
2016-02-25,-0.008351365983388466
2016-02-26,-0.0023802376201437557
2016-02-29,-0.010765131585731015
2016-03-01,-0.012882323646560286
2016-03-02,0.0023656052979047137
2016-03-03,0.0024332620519081204
2016-03-04,0.009991537554838496
2016-03-07,-0.004485948480572811
2016-03-08,-0.015026575698120137
2016-03-09,-0.00924963795321302
2016-03-10,-0.007023189820372197
2016-03-11,-0.003950160125114248
2016-03-14,-0.0019954128761764814
2016-03-15,0.007229370871547029
2016-03-16,-0.004184769446912358
2016-03-17,-0.006524278120823821
2016-03-18,-0.014030814299585262
2016-03-21,-0.006358078182536082
2016-03-22,-0.005591078126349434
2016-03-23,-0.010968284775015245
2016-03-24,-0.003038513632548275
2016-03-28,-0.0029159862740795366
2016-03-29,-0.001219914069005461
2016-03-30,0.0031229655099651484
2016-03-31,-0.009443814338347654
2016-04-01,-0.011508675958217614
2016-04-04,-0.010490114079936445
2016-04-05,0.003173255164510302
2016-04-06,-0.009315229008516245
2016-04-07,-0.011259267643205001
2016-04-08,-0.0003505479391973966
2016-04-11,0.0005893850568212565
2016-04-12,-0.011209975572313477
2016-04-13,0.004980027548704965
2016-04-14,-0.0027006166805354985
2016-04-15,-0.003044674985332425
2016-04-18,-0.01002458738852412
2016-04-19,0.0029106041713908874
2016-04-20,-0.0005970595157000734
2016-04-21,-0.013306857507077574
2016-04-22,-0.013086174981193417
2016-04-25,-0.009467167064317565
2016-04-26,-0.009732422317426598
2016-04-27,-0.0016666902888502325
2016-04-28,-0.006803360754571131
2016-04-29,0.0001274852506815338
2016-05-02,-0.003298971008209994
2016-05-03,-0.001939743301804986
2016-05-04,0.0016577331593710695
2016-05-05,-0.004757518212222602
2016-05-06,0.01717549016524545
2016-05-09,-0.017577047742490488
2016-05-10,-0.007442612382790022
2016-05-11,0.0007783863100068386
2016-05-12,-0.005137937550625545
2016-05-13,-0.008892473983805325
2016-05-16,-0.010798007632368802
2016-05-17,-0.0010712029089079015
2016-05-18,-0.0031769726692472424
2016-05-19,-0.0019430260951077151
2016-05-20,0.004411457508963625
2016-05-23,-0.0007731454650146572
2016-05-24,-0.005283968158981163
2016-05-25,-0.0010986693113377538
2016-05-26,-0.004244496463354247
2016-05-27,-0.0054918579976310465
2016-05-31,-0.0055669931908661745
2016-06-01,-0.009263960237122743
2016-06-02,-0.006273129780420656
2016-06-03,-0.0016758713414299678
2016-06-06,0.0029564780888102628
2016-06-07,0.002219948168280482
2016-06-08,-0.0019725694103211277
2016-06-09,-0.0032558900063741785
2016-06-10,-0.007448953713758648
2016-06-13,-0.005440227355770936
2016-06-14,-0.0020119915988110687
2016-06-15,-0.005630538164557239
2016-06-16,-0.002892701900430667
2016-06-17,-0.003684287267225626
2016-06-20,0.003278202560177224
2016-06-21,-0.002775986653568969
2016-06-22,-0.003088261786261357
2016-06-23,0.0014454385524092636
2016-06-24,-0.008775517620822747
2016-06-27,0.0024638498310028396
2016-06-28,-0.012728051152543178
2016-06-29,-0.0007912542970080704
2016-06-30,0.00036460205796943427
2016-07-01,-0.008440345703572634
2016-07-05,-0.008899143573328076
2016-07-06,-0.008836792809218206
2016-07-07,0.0003281709683325409
2016-07-08,0.0047699169742004815
2016-07-11,0.002155047595180182
2016-07-12,-0.000889851096933529
2016-07-13,-0.0033910320124119087
2016-07-14,-0.0012950983280582608
2016-07-15,-0.006662011635437276
2016-07-18,-0.005005490721825293
2016-07-19,-0.0022470633371873684
2016-07-20,-0.0021955346737840744
2016-07-21,-0.009693519220126921
2016-07-22,-0.0013734798558171935
2016-07-25,-0.0017276072683674714
2016-07-26,-0.002677658101868566
2016-07-27,-0.006862299821006241
2016-07-28,-0.012933102475354973
2016-07-29,-0.003918768753613351
2016-08-01,-0.008581274895807341
2016-08-02,-0.003372358348476056
2016-08-03,-0.006916181552908746
2016-08-04,-0.00040784863054073913
2016-08-05,0.005896022031160412
2016-08-08,-0.0033033468865569025
2016-08-09,-0.010942450986683564
2016-08-10,-0.0058377319459788695
2016-08-11,-0.006079135120521592
2016-08-12,-0.002928319058477688
2016-08-15,-0.006022130584211412
2016-08-16,-0.0023423731160573426
2016-08-17,-0.001092055157047741
2016-08-18,-0.001811960579465473
2016-08-19,-0.001234508480073003
2016-08-22,-0.007267159185830182
2016-08-23,-0.0022620594506690007
2016-08-24,0.0006527700563032594
2016-08-25,0.006687228773552193
2016-08-26,-0.0014144660052835519
2016-08-29,-0.00017681579767929445
2016-08-30,-0.0035069292078958566
2016-08-31,0.0033936788005236307
2016-09-01,-0.002611211926134348
2016-09-02,-0.0015072793182451015
2016-09-06,-0.0021899108354672416
2016-09-07,-0.0021495411477838733
2016-09-08,-0.006039215159895657
2016-09-09,-0.003781871049922738
2016-09-12,-0.01649064005838602
2016-09-13,-0.010307234884118565
2016-09-14,0.000283958234127836
2016-09-15,-0.006751165878179541
2016-09-16,-0.007926859430287182
2016-09-19,-2.1431721675688534e-05
2016-09-20,-0.0008282825417454814
2016-09-21,-0.005245814680796035
2016-09-22,-0.0018441701423404645
2016-09-23,-0.0018672032272710223
2016-09-26,-0.004452456270846509
2016-09-27,-0.005904670171154694
2016-09-28,-0.006712395929407379
2016-09-29,0.006833519128421043
2016-09-30,-0.010284610883794666
2016-10-03,-0.005238111811791643
2016-10-04,-0.004430134181651048
2016-10-05,-0.0031966034799572815
2016-10-06,-0.005046568669261494
2016-10-07,-0.004571811221081365
2016-10-10,-0.009194265010583593
2016-10-11,-0.0011311818334431647
2016-10-12,0.003949147353206852
2016-10-13,-0.008390364994402811
2016-10-14,-0.003853813782646513
2016-10-17,-0.006616472493258187
2016-10-18,-0.00861710768386591
2016-10-19,-0.004606407594078571
2016-10-20,-0.010537113434091895
2016-10-21,-0.0009884076705935518
2016-10-24,-0.00046849443664139477
2016-10-25,-0.0024503543006677113
2016-10-26,-0.008333798811336019
2016-10-27,-0.006837408094225759
2016-10-28,-5.930331906067732e-05
2016-10-31,-0.00210106054110144
2016-11-01,-0.008573621659834947
2016-11-02,-0.0027781320691974733
2016-11-03,-0.0014578393917981584
2016-11-04,-0.011880248199655323
2016-11-07,0.0027286379331825576
2016-11-08,-0.006502948915301891
2016-11-09,0.0003499845613780931
2016-11-10,-0.0020292596580512453
2016-11-11,0.003955651149588055
2016-11-14,-0.013479885713592247
2016-11-15,-0.006751368505226954
2016-11-16,-0.0012753104008318512
2016-11-17,-0.004486392091786331
2016-11-18,0.0020927245301975202
2016-11-21,0.0032932791570259084
2016-11-22,-0.001609335490124607
2016-11-23,-0.006359118903816627
2016-11-25,-0.001887588721085319
2016-11-28,0.0005222610953914387
2016-11-29,-0.004083919223889875
2016-11-30,-0.025977570126387926
2016-12-01,0.0021559014949149614
2016-12-02,-0.009037044593189974
2016-12-05,-0.002545632080469843
2016-12-06,-0.004401151760240843
2016-12-07,0.009864060494707429
2016-12-08,0.0013797481242395502
2016-12-09,-0.0015865403555990316
2016-12-12,0.00015469738446254305
2016-12-13,-0.002515708810937471
2016-12-14,0.00022711952392786682
2016-12-15,-0.0017771703892866982
2016-12-16,-0.010163319511588529
2016-12-19,-0.0017851761401645643
2016-12-20,-0.00450091625919502
2016-12-21,0.0009627546372037834
2016-12-22,-0.006540094567067108
2016-12-23,-0.007499401471518458
2016-12-27,-0.002975996061042884
2016-12-28,-0.0019156254045354024
2016-12-29,-0.0023958408187369435
2016-12-30,-0.005818817441021562
2017-01-03,-0.003208254381982088
2017-01-04,-0.005258751313488787
2017-01-05,-0.0074711179936233114
2017-01-06,-0.007593888551950876
2017-01-09,-0.007283678576349508
2017-01-10,-0.011048612131381709
2017-01-11,0.0011688479560470373
2017-01-12,-0.005953333478297132
2017-01-13,-0.005640530838484563
2017-01-17,-0.006207845802785791
2017-01-18,-0.005548301464258108
2017-01-19,0.00045680966869565817
2017-01-20,-0.0024816414995272418
2017-01-23,-0.01009557734996497
2017-01-24,-0.006966195888726
2017-01-25,-0.0016252706723224764
2017-01-26,-0.004029430357365349
2017-01-27,-0.00492555997324226
2017-01-30,-0.0022940150255890868
2017-01-31,-0.008053635918812712
2017-02-01,-0.007749576106506418
2017-02-02,-0.00576819142073298
2017-02-03,-0.0017545721304975588
2017-02-06,-0.004873024852574778
2017-02-07,-0.007068470746015049
2017-02-08,-0.0027744263742267034
2017-02-09,0.004112831236021049
2017-02-10,0.0008205437937726786
2017-02-13,-0.009908260016793086
2017-02-14,-0.007257406017276268
2017-02-15,-0.0049487040003516995
2017-02-16,-0.004157332890905636
2017-02-17,-0.006517785639194017
2017-02-21,0.002798491371545167
2017-02-22,-0.007967255507699262
2017-02-23,-0.002579600937269698
2017-02-24,-0.005530624792744651
2017-02-27,0.0011349344022575213
2017-02-28,-0.0056123122637918455
2017-03-01,0.0015907645721910946
2017-03-02,-0.008528649984380866
2017-03-03,-0.006004419015660883
2017-03-06,-0.00537035525247331
2017-03-07,-0.006080045409621866
2017-03-08,-0.01060052129678012
2017-03-09,-0.0019910869285114374
2017-03-10,-0.0044743133315618645
2017-03-13,-0.00505047998629011
2017-03-14,-0.008978650583280451
2017-03-15,0.003970879066437543
2017-03-16,0.0007220935938617975
2017-03-17,-0.002289389007155403
2017-03-20,-0.004162837860083289
2017-03-21,-0.007885064565665121
2017-03-22,-0.0031113755468900753
2017-03-23,-0.000752031071395271
2017-03-24,-0.003369072999075935
2017-03-27,-0.0024234441779112637
2017-03-28,0.0008136599789502824
2017-03-29,-0.0011003136298708928
2017-03-30,-0.0015168984606760772
2017-03-31,-0.001461749541384442
2017-04-03,-0.0026385907555843717
2017-04-04,-0.004119099667544189
2017-04-05,-0.0008883537374495499
2017-04-06,-0.004577213521848954
2017-04-07,-0.003817060355147445
2017-04-10,-0.005673041887965614
2017-04-11,-0.004973836464142132
2017-04-12,-0.008684595955990596
2017-04-13,-0.004290753818565694
2017-04-17,-0.0021842803226520754
2017-04-18,-0.007029349379636802
2017-04-19,-0.010308455331468232
2017-04-20,-0.0053587881998901
2017-04-21,-0.006112253120243615
2017-04-24,-0.003156111469903829
2017-04-25,0.00014769346193026786
2017-04-26,-0.0013090874019313576
2017-04-27,-0.003399618260104519
2017-04-28,-0.003905031606562103
2017-05-01,-0.0028128750725728343
2017-05-02,-0.004785294241165088
2017-05-03,-0.004731817405727491
2017-05-04,-0.012990019095013747
2017-05-05,0.008284573398598461
2017-05-08,-0.0008381397068040553
2017-05-09,-0.0035250321170407282
2017-05-10,0.002303901264203839
2017-05-11,-0.0013587275894597671
2017-05-12,-0.0061991253035294375
2017-05-15,-0.0022260678050179507
2017-05-16,-0.009410517153890014
2017-05-17,0.0073060167759167105
2017-05-18,-0.002746290024934213
2017-05-19,-0.006042312322054137
2017-05-22,-0.005580566080919808
2017-05-23,-0.007825006275045124
2017-05-24,-0.0031808156018254927
2017-05-25,-0.010848337594063463
2017-05-26,-0.0014293216955646119
2017-05-30,-0.00622863426483427
2017-05-31,-0.005184566725118437
2017-06-01,-0.0027857192914638477
2017-06-02,-0.004624559954244686
2017-06-05,-0.0028839939536906872
2017-06-06,-0.001121118010227923
2017-06-07,-0.008777871979688785
2017-06-08,-0.0031460310149144756
2017-06-09,0.014581739746179344
2017-06-12,-0.010127273269201428
2017-06-13,-0.0008094718302893524
2017-06-14,-0.003863498071027304
2017-06-15,-0.010328192813105968
2017-06-16,-0.006674973160602239
2017-06-19,-0.0025963314864621474
2017-06-20,-0.008292905719713443
2017-06-21,-0.014539507928198001
2017-06-22,-0.0038352103427914458
2017-06-23,-0.00425146961080188
2017-06-26,0.0015787493085489936
2017-06-27,-0.0024044091544027173
2017-06-28,-0.0028364225933812143
2017-06-29,0.0038939668907467914
2017-06-30,-0.004607150335845027
2017-07-03,-0.002088125393988685
2017-07-05,0.004885002458177179
2017-07-06,0.0008458584320078563
2017-07-07,-0.0064227285588784235
2017-07-10,-0.006072962185254287
2017-07-11,-0.003238560268699317
2017-07-12,-0.005523965891270129
2017-07-13,-0.00281067243887088
2017-07-14,-0.002303156793693593
2017-07-17,-0.0036929577299925527
2017-07-18,-0.0010954875392673834
2017-07-19,-0.0032263597120408406
2017-07-20,-0.007207350563373707
2017-07-21,-0.0036696832004470387
2017-07-24,-0.00768001794469663
2017-07-25,-0.002381354265195325
2017-07-26,-0.009305888173233197
2017-07-27,0.00220853346498171
2017-07-28,-0.005718687316966656
2017-07-31,-0.009752173746348718
2017-08-01,-0.009009654508047107
2017-08-02,0.0041528487675899315
2017-08-03,-0.007490397527953652
2017-08-04,-0.00604670753242399
2017-08-07,-0.007936470121276108
2017-08-08,-0.0002690810792478908
2017-08-09,-0.005156457738964935
2017-08-10,-0.0025425425111687224
2017-08-11,-0.002261134375193425
2017-08-14,0.0014081025312593677
2017-08-15,-0.002858308573757908
2017-08-16,-0.005792065364620208
2017-08-17,-0.0024429742717193134
2017-08-18,-0.002148907598773582
2017-08-21,-0.007997325058699914
2017-08-22,-0.0015833633777252998
2017-08-23,-0.005762213392769549
2017-08-24,-0.0014200776420728925
2017-08-25,0.001970282518049843
2017-08-28,-0.005440411543265076
2017-08-29,-0.0031985858829872886
2017-08-30,-0.006540665826243508
2017-08-31,-0.006158941910433598
2017-09-01,-0.003611865076145473
2017-09-05,-0.0012995875253812327
2017-09-06,-0.002993964938012041
2017-09-07,-0.007864310489660919
2017-09-08,0.002982222173024604
2017-09-11,-0.00838654589143344
2017-09-12,-0.0006409907434373524
2017-09-13,-0.0009499290627739388
2017-09-14,-0.004040716549140455
2017-09-15,-0.003613685256770789
2017-09-18,-0.002412756461591992
2017-09-19,-0.0010192047257749327
2017-09-20,-0.005733255276020378
2017-09-21,-0.0068805537079903705
2017-09-22,-0.003788519522267302
2017-09-25,-0.00515986145295488
2017-09-26,-0.003266891087615468
2017-09-27,0.002248679567489086
2017-09-28,-8.96347025305692e-05
2017-09-29,-0.001721698555045241
2017-10-02,-0.002928626008390073
2017-10-03,0.0007462807951223761
2017-10-04,-0.001990034654557849
2017-10-05,0.0010898941527020603
2017-10-06,-0.006126292101021731
2017-10-09,-0.009044524043179677
2017-10-10,0.0001477538349745353
2017-10-11,-0.004566645720915833
2017-10-12,-0.0045031126652764
2017-10-13,-0.006320862258230512
2017-10-16,-0.0012249386247155155
2017-10-17,-0.002317523469106375
2017-10-18,-0.0023014009140570092
2017-10-19,0.002775151706888872
2017-10-20,-0.008281885425596514
2017-10-23,-0.005376908996304701
2017-10-24,-0.007680224990537987
2017-10-25,-0.00907501532222448
2017-10-26,-0.0171205236266395
2017-10-27,-0.005122353961983878
2017-10-30,0.004967373076360799
2017-10-31,-0.002900721582110654
2017-11-01,-0.0014775948722362715
2017-11-02,-0.006365632700997947
2017-11-03,0.00018314004043235976
2017-11-06,0.0017585279745566708
2017-11-07,-0.005406916144508499
2017-11-08,0.001504637521268132
2017-11-09,3.2270289882805735e-05
2017-11-10,0.0030644369551678175
2017-11-13,-0.005089485717046915
2017-11-14,-0.003241587544589818
2017-11-15,-0.0037533450563140814
2017-11-16,-0.002065848217657421
2017-11-17,-0.004531055336736074
2017-11-20,-0.0037724474732751478
2017-11-21,-0.00293009081674729
2017-11-22,-0.006064378176037162
2017-11-24,-0.0003559290220250732
2017-11-27,-0.00851153981371739
2017-11-28,-0.0032473107214528053
2017-11-29,-0.00024273607294043485
2017-11-30,-0.005671647288896056
2017-12-01,0.0005186182529647925
2017-12-04,-0.019593819500139394
2017-12-05,0.004444427695798228
2017-12-06,0.010198062978113357
2017-12-07,-0.0020152455050286427
2017-12-08,-0.002292888112016874
2017-12-11,0.0014626299049801846
2017-12-12,-0.007602597913251104
2017-12-13,-0.0033816027755475654
2017-12-14,-0.004201524163984932
2017-12-15,-0.007195095260578262
2017-12-18,-0.001213654616038136
2017-12-19,-0.004689334817470708
2017-12-20,9.991286332464502e-05
2017-12-21,-0.0017612323773977926
2017-12-22,-0.0050444880439554605
2017-12-26,-0.008017121483343083
2017-12-27,0.0015399937586929521
2017-12-28,-0.0009615634572992565
2017-12-29,-0.005565141154579518
2018-01-02,-0.003721363985325907
2018-01-03,-0.00011712573329541228
2018-01-04,-0.0030311746170551984
2018-01-05,-0.010387096669064413
2018-01-08,-0.0032350674017910374
2018-01-09,-0.011283241304628855
2018-01-10,-0.005774380408017025
2018-01-11,-0.001321986080393191
2018-01-12,0.0028332655599386256
2018-01-16,-0.009726589217468733
2018-01-17,-0.010161431536106347
2018-01-18,-0.008381649333113078
2018-01-19,-0.0021495767332451567
2018-01-22,-0.001740646850986711
2018-01-23,-0.0035572212977485976
2018-01-24,-0.01340931640818865
2018-01-25,-0.006269977458583634
2018-01-26,-0.0052915661453490385
2018-01-29,-0.003276515737817692
2018-01-30,-0.010866579457011277
2018-01-31,-0.0026856033895715004
2018-02-01,-0.009913372859597352
2018-02-02,-0.014092574057326484
2018-02-05,0.0005377954811885514
2018-02-06,-0.008808237050356764
2018-02-07,-0.01645429948118899
2018-02-08,-0.009757236614642947
2018-02-09,-0.011568506692785436
2018-02-12,-0.010485329785173709
2018-02-13,-0.010910519792639232
2018-02-14,-0.009388797746083692
2018-02-15,-0.004436340927666191
2018-02-16,-0.006069979715882285
2018-02-20,-0.013742338884703885
2018-02-21,-0.0075989318115800755
2018-02-22,-0.009828889657798332
2018-02-23,-0.012118795985494549
2018-02-26,0.0011454470649100842
2018-02-27,-0.0076666732260565525
2018-02-28,-0.007827988548921343
2018-03-01,-0.004591919015839571
2018-03-02,-0.0075070180172194705
2018-03-05,-0.009400987960040887
2018-03-06,-0.0023023349242002546
2018-03-07,-0.014359395906215702
2018-03-08,-0.0008790784571127853
2018-03-09,-0.008110864778083988
2018-03-12,-0.007659521811537045
2018-03-13,-0.009629337146286922
2018-03-14,-0.011299764505578094
2018-03-15,-0.008082950992677477
2018-03-16,-0.009977686673488086
2018-03-19,-0.005461643665331058
2018-03-20,-0.0017053048860229455
2018-03-21,-0.00042151804446094975
2018-03-22,-0.0030030454310885
2018-03-23,0.006572007901355204
2018-03-26,-0.014841818711937814
2018-03-27,-0.02659516703064347
2018-03-28,0.0027975857252314495
2018-03-29,-0.019882976420603583
2018-04-02,-0.020476021798984074
2018-04-03,-0.020737709912995707
2018-04-04,-0.01868968299031676
2018-04-05,-0.004173843745449088
2018-04-06,-0.004524797984273905
2018-04-09,-0.013752938802287997
2018-04-10,-0.0032557626710760694
2018-04-11,-0.0022112038964542755
2018-04-12,-0.012552153817470074
2018-04-13,-0.021779531362531204
2018-04-16,-0.007580292768836896
2018-04-17,-0.012510077140028001
2018-04-18,-0.00819035316881656
2018-04-19,-0.006096724032164213
2018-04-20,-0.0018926604548644898
2018-04-23,-0.004566539161008828
2018-04-24,0.003840231408119476
2018-04-25,-0.004993080737840048
2018-04-26,-0.008895149388988284
2018-04-27,-0.00790321799923599
2018-04-30,-0.014950720568969351
2018-05-01,-0.008733474609913878
2018-05-02,-0.008694695166966856
2018-05-03,-0.005645751660935438
2018-05-04,-0.007466727899818477
2018-05-07,0.0011218010995132175
2018-05-08,-0.004780188307409781
2018-05-09,0.0017493759029516857
2018-05-10,0.0003840323872198242
2018-05-11,-0.01197540347505029
2018-05-14,-0.003960708281854864
2018-05-15,-0.004165259122089094
2018-05-16,-0.001538071886433361
2018-05-17,-0.007089665441747331
2018-05-18,-0.0036028507193319246
2018-05-21,-0.007519232093585793
2018-05-22,-0.015082513823669702
2018-05-23,-0.012883480232195172
2018-05-24,-0.006809243870981394
2018-05-25,-0.0017460040238403036
2018-05-29,-0.005698509356454028
2018-05-30,-0.0049218036015508
2018-05-31,-0.0006521703972684522
2018-06-01,-0.0063583489603619425
2018-06-04,-0.002484961474137222
2018-06-05,-0.0015928957201312814
2018-06-06,-0.008001623317789289
2018-06-07,-0.007847581043157727
2018-06-08,-0.005415938667392296
2018-06-11,-0.006568810288482902
2018-06-12,-0.008271172357924217
2018-06-13,0.002064394568507908
2018-06-14,-0.003453475936056561
2018-06-15,0.0030659858604654075
2018-06-18,-0.012637356348513845
2018-06-19,-0.015788915841239815
2018-06-20,-0.0066919147535693824
2018-06-21,-0.007624507909849415
2018-06-22,-0.011483602483732654
2018-06-25,0.0023593293086037305
2018-06-26,-0.018455339021441267
2018-06-27,-0.004312286389647143
2018-06-28,-0.017602975496875093
2018-06-29,-0.011418468639228636
2018-07-02,-0.013641852280053136
2018-07-03,-0.022799806056057227
2018-07-05,-0.01810511853320776
2018-07-06,-0.002432824107189981
2018-07-09,-0.002883396530802263
2018-07-10,-0.011605184092164553
2018-07-11,-0.006956824656035947
2018-07-12,0.0007217348920277996
2018-07-13,-0.005767195020256069
2018-07-16,-0.009481215900739977
2018-07-17,-0.0089093840510287
2018-07-18,-0.008105006672282918
2018-07-19,-0.011091759687693162
2018-07-20,-0.0076003728121309235
2018-07-23,-0.006254558429958238
2018-07-24,-0.009960509371390414
2018-07-25,-0.007091776972884838
2018-07-26,-0.012990036684794332
2018-07-27,-0.004379416796027477
2018-07-30,0.010104263834711578
2018-07-31,-0.010313305896500001
2018-08-01,-0.012929415186296193
2018-08-02,-0.004084116680464534
2018-08-03,-0.011528604828669173
2018-08-06,-0.009055078414964127
2018-08-07,-0.004772944547961608
2018-08-08,-0.004788665440913927
2018-08-09,-0.008443807057473898
2018-08-10,-0.004564849398270374
2018-08-13,-0.004505094428593019
2018-08-14,-0.003963581784816215
2018-08-15,0.0026272950336005676
2018-08-16,-0.004739211717175496
2018-08-17,-5.987458567017177e-05
2018-08-20,-0.005174882068702955
2018-08-21,-0.0036806147624182045
2018-08-22,-0.007115848387640292
2018-08-23,-0.002654311383363002
2018-08-24,-0.005672380870903576
2018-08-27,-0.0041606259988465075
2018-08-28,-0.007650440244750178
2018-08-29,-0.003486025507007497
2018-08-30,-0.008753085260498372
2018-08-31,-0.0023043190366046854
2018-09-04,0.005468799339399584
2018-09-05,-0.009975084294141689
2018-09-06,-0.0030897865083559916
2018-09-07,-0.0012218956990882428
2018-09-10,-0.0005702222605863646
2018-09-11,-0.0015071711485345534
2018-09-12,-0.007726023873702488
2018-09-13,-0.00795525316772333
2018-09-14,-0.00858287869157581
2018-09-17,-0.004024327320606758
2018-09-18,-0.011720229570702269
2018-09-19,-0.008815808681251737
2018-09-20,-0.005911959829169719
2018-09-21,-0.006104457606205007
2018-09-24,-0.006484695941597399
2018-09-25,0.002082507474518957
2018-09-26,-0.002254886733583942
2018-09-27,0.0005377684827663834
2018-09-28,-0.005339001591238652
2018-10-01,-0.0035874964675962134
2018-10-02,-0.008598894418056318
2018-10-03,-0.005629239504570012
2018-10-04,-0.004763616846274945
2018-10-05,0.0033322497792436425
2018-10-08,-0.0014484336294151873
2018-10-09,-0.006106544254579093
2018-10-10,-0.014212079449474451
2018-10-11,-0.012318765210468128
2018-10-12,0.004088374990764335
2018-10-15,-0.01491910647821177
2018-10-16,-0.012736180563284401
2018-10-17,-0.005019173484799302
2018-10-18,-6.350968473179015e-05
2018-10-19,-0.0037838971536329896
2018-10-22,-0.013606084775765697
2018-10-23,-0.004052128856206276
2018-10-24,-0.009833383878028576
2018-10-25,-0.029636607964439884
2018-10-26,-0.014218338102546697
2018-10-29,-0.015979122232042932
2018-10-30,-0.01487532002264171
2018-10-31,-0.0005500354365930568
2018-11-01,-0.006028752851529262
2018-11-02,-0.01390963425351063
2018-11-05,-0.009571600229120176
2018-11-06,-0.013973259278911711
2018-11-07,-0.01505385939928051
2018-11-08,-0.004827576760738002
2018-11-09,0.0030672231660149344
2018-11-12,-0.00046635614284456974
2018-11-13,-0.004419485379849145
2018-11-14,-0.0067026711865439
2018-11-15,-0.011775355177248183
2018-11-16,-0.011238269211493627
2018-11-19,0.0005894642939746186
2018-11-20,-0.015452032459104696
2018-11-21,-0.007145570090145576
2018-11-23,-0.014663809818469193
2018-11-26,-0.015071702605126077
2018-11-27,-0.011485221523532317
2018-11-28,-0.0052613657034166405
2018-11-29,-0.006270226451015893
2018-11-30,-0.01797787488542473
2018-12-03,-0.010864475414124863
2018-12-04,-0.010230174487861534
2018-12-06,0.0009907798870965835
2018-12-07,-0.02807284054034035
2018-12-10,-0.009047460965262193
2018-12-11,-0.00651651070798612
2018-12-12,-0.013043823815207755
2018-12-13,-0.013245903939810628
2018-12-14,-0.012940179159367288
2018-12-17,-0.005603492117343354
2018-12-18,-0.01352321633998225
2018-12-19,-0.02183416303150771
2018-12-20,-0.008248099005192244
2018-12-21,-0.010923721833156548
2018-12-24,-0.002867392146665562
2018-12-26,-0.007110644794297652
2018-12-27,-0.013416318100728887
2018-12-28,-0.0021203883290811048
2018-12-31,-0.01266386354083807
2019-01-02,0.0031134077464339046
2019-01-03,-0.006449878868346435
2019-01-04,0.001703820068210374
2019-01-07,-0.0015779266746499565
2019-01-08,-0.012413828483868381
2019-01-09,-0.007318303409631053
2019-01-10,-0.009599217601897119
2019-01-11,-0.0039949188085904586
2019-01-14,-0.012215820766306625
2019-01-15,-0.005186651341932532
2019-01-16,-0.006110753872094194
2019-01-17,-0.01059363273175629
2019-01-18,0.0020354719545807496
2019-01-22,-0.007455455634560717
2019-01-23,-0.005725034203068272
2019-01-24,-0.0003819440281689953
2019-01-25,0.007797488548479395
2019-01-28,-0.011142509824010183
2019-01-29,-0.008483358871046096
2019-01-30,0.007115731272091473
2019-01-31,0.0032945490378773245
2019-02-01,-0.004747527772081107
2019-02-04,0.002770629780257574
2019-02-05,0.0024903833190403827
2019-02-06,-0.006974337318363927
2019-02-07,-0.005310287048317559
2019-02-08,-0.003455790638982789
2019-02-11,-0.007145093109915119
2019-02-12,-0.003009831465108423
2019-02-13,0.0005650307310561885
2019-02-14,-0.003790808663510883
2019-02-15,-0.007316089922000524
2019-02-19,0.002543586379529866
2019-02-20,0.0005200899432676212
2019-02-21,-0.0048264654303077975
2019-02-22,-0.0034442801567515493
2019-02-25,0.000254340225988723
2019-02-26,-0.0048445370642155785
2019-02-27,-0.00582881572248581
2019-02-28,-0.008612499756197742
2019-03-01,-0.0039010941595482335
2019-03-04,0.0011870298648117986
2019-03-05,0.0008626933415988081
2019-03-06,-0.0011252661065967143
2019-03-07,-0.0021995771610372923
2019-03-08,-0.001561612762512508
2019-03-11,0.0004535725142388305
2019-03-12,-0.003146750689547797
2019-03-13,-0.0038614658864455447
2019-03-14,-0.0041122735569167675
2019-03-15,-0.002861884845667227
2019-03-18,-0.0026547059563119704
2019-03-19,0.0022340814257294757
2019-03-20,-0.0008140843762876222
2019-03-21,0.005478339579746739
2019-03-22,-0.004710607151303703
2019-03-25,-0.0037820120648385737
2019-03-26,0.0005739385603372115
2019-03-27,-0.010832098781476524
2019-03-28,-0.00856286913872283
2019-03-29,-0.0009869206958631593
2019-04-01,0.0025800916390197166
2019-04-02,-0.002162476294533112
2019-04-03,0.0021425983333963157
2019-04-04,-0.004917438511866409
2019-04-05,-0.010406526847775835
2019-04-08,-0.0033263746406528324
2019-04-09,-0.002277339799521279
2019-04-10,-0.00238769309854903
2019-04-11,-0.00256461721750215
2019-04-12,-0.005627451822014874
2019-04-15,-0.0027500042238715852
2019-04-16,0.01079507062789483
2019-04-17,0.009837723404006526
2019-04-18,-0.00968854241676833
2019-04-22,-0.00456818900648313
2019-04-23,-0.009503565531323126
2019-04-24,0.0008901238212308087
2019-04-25,-0.004956463029281135
2019-04-26,-0.001405156953994434
2019-04-29,0.0012338669196024629
2019-04-30,-0.007444803107056612
2019-05-01,-0.001945655646688688
2019-05-02,-0.00265225594960202
2019-05-03,-0.002236455272884734
2019-05-06,-0.005958705275505215
2019-05-07,0.003004183309346296
2019-05-08,-0.008238564600435098
2019-05-09,-0.008306421715735885
2019-05-10,-0.0014854549125870387
2019-05-13,-0.00084570737755829
2019-05-14,-0.0005546499211136172
2019-05-15,-0.002111180622162917
2019-05-16,-0.005433518232843148
2019-05-17,-0.0030480823296754637
2019-05-20,-0.009708567638095474
2019-05-21,-0.004924408163719847
2019-05-22,-0.006581363471587973
2019-05-23,-0.0013810631474949066
2019-05-24,-0.006286105806509826
2019-05-28,0.0012046075824881878
2019-05-29,-0.001709696649727591
2019-05-30,-0.005553386402090873
2019-05-31,-0.004139296200230853
2019-06-03,-0.010105359833763317
2019-06-04,0.00339732681282309
2019-06-05,-0.009314707088328142
2019-06-06,0.0034105885083626445
2019-06-07,-0.00282458076573345
2019-06-10,-0.00030341803878317477
2019-06-11,0.00095976896537884
2019-06-12,-0.012291190025794017
2019-06-13,-0.005384193024118487
2019-06-14,-0.00589606229858468
2019-06-17,-0.003862931438947559
2019-06-18,0.001042873368177695
2019-06-19,-0.008748382186622328
2019-06-20,-0.0036950756884182308
2019-06-21,-0.007889286690133529
2019-06-24,-0.0005027905494348374
2019-06-25,-0.0182190120312999
2019-06-26,0.008534895986963158
2019-06-27,-0.002745361068970018
2019-06-28,-0.006224075344343863
2019-07-01,0.0029763931500887443
2019-07-02,-0.0041657554444124965
2019-07-03,-0.006194233162044994
2019-07-05,-0.0005654689696944024
2019-07-08,-0.0004336849914086463
2019-07-09,-0.002078861531708382
2019-07-10,-0.0017377843412999421
2019-07-11,-0.0028858437153005106
2019-07-12,0.0019109896849011099
2019-07-15,-0.0014905847377916482
2019-07-16,-0.005096794444709597
2019-07-17,-0.006377720061663722
2019-07-18,-0.004060691332623528
2019-07-19,-0.0021901102411585535
2019-07-22,0.002589299824912425
2019-07-23,-0.0023793978262169166
2019-07-24,0.001373428292143757
2019-07-25,-0.013855785373996024
2019-07-26,0.0021218247976280743
2019-07-29,-0.0028299551732965896
2019-07-30,-0.007863877342939814
2019-07-31,-0.005283593269869231
2019-08-01,-0.008527084282258634
2019-08-02,-0.004049550576336735
2019-08-05,-0.0019062280848616978
2019-08-06,-0.009720660076873406
2019-08-07,-0.0026337611027429358
2019-08-08,0.004046543045894925
2019-08-09,-0.0056961604918936955
2019-08-12,-0.002432679269977895
2019-08-13,-0.00173057425075726
2019-08-14,-0.007151535054269518
2019-08-15,-0.005804281789677179
2019-08-16,0.005754086905255305
2019-08-19,0.0034472564016771613
2019-08-20,-0.003843093261245936
2019-08-21,0.00180738322393909
2019-08-22,0.0009975384530095301
2019-08-23,-0.00879998912739894
2019-08-26,-0.0009711173816272572
2019-08-27,-0.004099361379535341
2019-08-28,-0.004677495812403438
2019-08-29,-0.0029175261210581884
2019-08-30,2.6473635025939767e-05
2019-09-03,-0.0006239500377520184
2019-09-04,0.003779564633081698
2019-09-05,0.005270374632920299
2019-09-06,-0.00669921974581567
2019-09-09,0.003056634910779434
2019-09-10,-0.002495585598714732
2019-09-11,-0.0034315011380524766
2019-09-12,-0.0008468845677801562
2019-09-13,-0.0065644376600068
2019-09-16,-0.0042417121822890015
2019-09-17,-0.0069559228412345644
2019-09-18,-0.0031358780011340836
2019-09-19,-0.007979029842333157
2019-09-20,-0.007095180723676573
2019-09-23,0.0013504738968701836
2019-09-24,-0.0059001172195226196
2019-09-25,0.004180615344946372
2019-09-26,-0.0035410404964709196
2019-09-27,-0.005176102068232813
2019-09-30,-0.007535594750394756
2019-10-01,-0.00143471672591649
2019-10-02,-0.006607344598209776
2019-10-03,-0.0010400403550768766
2019-10-04,0.0002056647557299742
2019-10-07,-0.0006717736160275242
2019-10-08,-0.004985638827419467
2019-10-09,-0.004036395038470416
2019-10-10,-0.0018990637271775169
2019-10-11,0.0059703974467713705
2019-10-14,-0.0035647883329965446
2019-10-15,-0.003551085606268298
2019-10-16,-0.005847074508001855
2019-10-17,-0.001979281891273566
2019-10-18,-0.002621657854191007
2019-10-21,0.0059011262372230585
2019-10-22,0.007219431378395575
2019-10-23,-0.005379453707971896
2019-10-24,-0.007400300140929741
2019-10-25,0.005580071864421142
2019-10-28,-0.0020399091935821745
2019-10-29,-0.010022516880611426
2019-10-30,-0.0020021508060989704
2019-10-31,0.00047753803322643073
2019-11-01,-0.0003110476250500348
2019-11-04,0.006212149616678416
2019-11-05,0.0005942804637259318
2019-11-06,-0.01170476095844675
2019-11-07,-0.0017552826859023787
2019-11-08,-0.0011237070902899771
2019-11-11,-0.003986698219729186
2019-11-12,-0.005537013664961841
2019-11-13,-0.004930012170095474
2019-11-14,-0.005027254589364023
2019-11-15,-0.005873129438247688
2019-11-18,-0.0011349627512251856
2019-11-19,-0.0064352280791608475
2019-11-20,-0.0037559444458264628
2019-11-21,-0.004348695503988592
2019-11-22,-0.003990051113381418
2019-11-25,-0.0015961890483553467
2019-11-26,-0.004045880220988314
2019-11-27,-0.0020565853569125955
2019-11-29,-0.004708304856007056
2019-12-02,0.0003427280164700441
2019-12-03,-0.010361750957313304
2019-12-04,-3.271545580933602e-05
2019-12-05,-0.0059276865272631495
2019-12-06,-0.00013262961773918792
2019-12-09,0.00017460960691782464
2019-12-10,-0.003888789977198574
2019-12-11,0.0011586610054770555
2019-12-12,0.0031524419958921723
2019-12-13,-0.006804830288684295
2019-12-16,0.0005304829957116573
2019-12-17,0.004398367246025561
2019-12-18,-0.003527980211092567
2019-12-19,-0.002173887221131738
2019-12-20,-0.00462107864141835
2019-12-23,-0.003514142813101112
2019-12-24,-0.0027674403756335064
2019-12-26,0.0013173497892677113
2019-12-27,-0.004961459864222029
2019-12-30,-0.0009117040329353911
2019-12-31,-0.0011055624099036614
2020-01-02,-0.009956849604102081
2020-01-03,0.0005909075382237259
2020-01-06,-0.006253243415486894
2020-01-07,-0.003399598598268956
2020-01-08,-0.003221297694183739
2020-01-09,-0.004699840115544122
2020-01-10,-0.005619452970110555
2020-01-13,-0.0029169003676129696
2020-01-14,-0.0009620180063388824
2020-01-15,-0.006626896880085778
2020-01-16,-0.0021071881320788117
2020-01-17,-0.003464397855300456
2020-01-21,-0.005965393680822911
2020-01-22,-0.007447675643919088
2020-01-23,0.002700360390345325
2020-01-24,-0.0087446356947038
2020-01-27,-0.009526999073879607
2020-01-28,-0.00034841444919217826
2020-01-29,-0.009439884761496983
2020-01-30,-0.004180395660355443
2020-01-31,-0.006007092040813528
2020-02-03,-0.006039492225340446
2020-02-04,-0.005954189370512241
2020-02-05,-0.014249803168355342
2020-02-06,0.005597756876313195
2020-02-07,-0.0008516840435695309
2020-02-10,-0.0021146494858676453
2020-02-11,-0.005607283383989933
2020-02-12,-0.011655191394910145
2020-02-13,-0.002434944892202579
2020-02-14,-0.004844990422126627
2020-02-18,-0.0033687329158750444
2020-02-19,-0.003901239671575257
2020-02-20,-0.0028347061643956783
2020-02-21,-0.010986796112197614
2020-02-24,-0.008475457421564622
2020-02-25,-0.0042301563033485985
2020-02-26,-0.016543912133782982
2020-02-27,-0.0005444166837377318
2020-02-28,-0.00536848651150299
2020-03-02,-0.004124067191331786
2020-03-03,-0.004963789113991849
2020-03-04,-0.0006956809807864145
2020-03-05,-0.0036248623661008783
2020-03-06,0.0012735262969833742
2020-03-09,-0.05442048100908768
2020-03-10,-0.00433908099776736
2020-03-11,-0.002928935925015027
2020-03-12,0.007833190364964427
2020-03-13,-0.00661673050951108
2020-03-16,0.00763024227872949
2020-03-17,0.01032294950140714
2020-03-18,-0.02956642261760102
2020-03-19,-0.018729729621156325
2020-03-20,-0.015429629687543987
2020-03-23,0.014966124820186541
2020-03-24,-0.016594928471926586
2020-03-25,-0.024903019997247925
2020-03-26,-0.01965990026662278
2020-03-27,-0.02871725713437525
2020-03-30,-0.02499069502050704
2020-03-31,-0.0017137886129113475
2020-04-01,-0.014951187562242589
2020-04-02,-0.02382982782269384
2020-04-03,-0.015214707195291492
2020-04-06,0.01432270862299415
2020-04-07,0.014993683593710352
2020-04-08,0.016233593739850158
2020-04-09,0.020676850680039435
2020-04-13,-0.0245007438996064
2020-04-14,-0.02092674048303755
2020-04-15,-0.01789956759665869
2020-04-16,-0.036612977887117266
2020-04-17,0.0434451600470643
2020-04-20,-0.01524962136776788
2020-04-21,-0.0057169711269295775
2020-04-22,0.017113673319553074
2020-04-23,0.0048111016844380895
2020-04-24,-0.0075509733942749815
2020-04-27,0.0006031043080486874
2020-04-28,-0.0001123511202323034
2020-04-29,-0.02557136667236508
2020-04-30,0.0023959999787076403
2020-05-01,0.0021330081642343688
2020-05-04,-0.017258421372853983
2020-05-05,-0.0035329336552585343
2020-05-06,-0.011743525911603062
2020-05-07,-0.007244758684320164
2020-05-08,-0.015449554153985232
2020-05-11,0.003802203684361325
2020-05-12,-0.007198762849994162
2020-05-13,0.0020719096055430656
2020-05-14,0.005242797588574992
2020-05-15,0.0017794440999566088
2020-05-18,0.0029945649836191973
2020-05-19,-0.007296783859861936
2020-05-20,-0.0005208036013261306
2020-05-21,-0.00893526463414059
2020-05-22,-0.006313524623651303
2020-05-26,-0.0023262164024322783
2020-05-27,-0.023212893101281468
2020-05-28,0.00035851849798241436
2020-05-29,-0.002761997558092069
2020-06-01,-0.002295847296543781
2020-06-02,-0.009372200709755764
2020-06-03,-0.00996624622612826
2020-06-04,-0.009926642231392096
2020-06-05,-0.015608605356874854
2020-06-08,0.006662316011884089
2020-06-09,0.0052388790310823816
2020-06-10,0.015581540281284011
2020-06-11,-0.009426973763127894
2020-06-12,-0.018342105220675704
2020-06-15,-0.007106584908501233
2020-06-16,-0.005582161723726798
2020-06-17,-0.004233384926707034
2020-06-18,-0.0010890028204182615
2020-06-19,-0.00717507744371356
2020-06-22,0.0029836451353243768
2020-06-23,-0.004828369259535941
2020-06-24,0.00864313782467002
2020-06-25,-0.0025475733486977218
2020-06-26,-0.014937512424480123
2020-06-29,-0.00937899509115879
2020-06-30,0.00022769055667937362
2020-07-01,-0.008455672451465196
2020-07-02,-0.0006018763069007256
2020-07-06,0.0015950113375729725
2020-07-07,-0.0015650487441414055
2020-07-08,-0.009746054182065023
2020-07-09,-0.026801825927520492
2020-07-10,0.014450371883921917
2020-07-13,0.003197325715578541
2020-07-14,-0.009736434843286552
2020-07-15,0.007968039848488304
2020-07-16,-0.005523781215396767
2020-07-17,-0.008917232461049605
2020-07-20,-0.015061400661868375
2020-07-21,0.02119932868714003
2020-07-22,-0.0124195496109277
2020-07-23,-0.003915812805859052
2020-07-24,-0.013006363869842831
2020-07-27,-0.007728864034893037
2020-07-28,0.0023640401397307647
2020-07-29,-0.0038647353068079473
2020-07-30,0.004719301035843526
2020-07-31,-0.008163147917725952
2020-08-03,-0.0006919588348383542
2020-08-04,-0.009293227279611125
2020-08-05,-0.0009130280493159213
2020-08-06,-0.0037967792191792226
2020-08-07,0.0009688079055325633
2020-08-10,-0.013247302300282529
2020-08-11,-0.004335988176842103
2020-08-12,-0.01212143686599209
2020-08-13,-0.006416765115087894
2020-08-14,-0.0071402120453920755
2020-08-17,0.006890966783861684
2020-08-18,-0.00882613969899995
2020-08-19,-0.006187342176707689
2020-08-20,0.0044630206594720775
2020-08-21,-0.006714164490505978
2020-08-24,-0.007594105797338449
2020-08-25,-0.00025317513476885885
2020-08-26,-0.011900502947293742
2020-08-27,0.00040132204480186097
2020-08-28,-0.009865033016034929
2020-08-31,0.0025503219335060298
2020-09-01,-0.013562095275137163
2020-09-02,-0.0025142517286397626
2020-09-03,-0.0015361337962656917
2020-09-04,0.006281819090058929
2020-09-08,0.008664050904246209
2020-09-09,-0.005508047273699469
2020-09-10,-0.0019642823912916635
2020-09-11,0.002193692071892
2020-09-14,-0.001531862967683902
2020-09-15,-0.008702963480482278
2020-09-16,-0.0035102668783297745
2020-09-17,-0.011123530270371104
2020-09-18,-0.008051280254978154
2020-09-21,-0.020976582828153872
2020-09-22,-0.008696533014066714
2020-09-23,-0.0017686258557382505
2020-09-24,-0.011005540359441849
2020-09-25,-0.008040928123504903
2020-09-28,-0.0010886551411335562
2020-09-29,-0.005507060393479132
2020-09-30,-0.007199967541095621
2020-10-01,-0.0034170750893069814
2020-10-02,-0.013702735334788736
2020-10-05,0.003017666795728403
2020-10-06,-0.008883531965287154
2020-10-07,-0.007156514291142923
2020-10-08,-0.000458127358304201
2020-10-09,1.122326578787032e-05
2020-10-12,-0.005688718281628662
2020-10-13,0.002333148495905846
2020-10-14,-0.005999039582324301
2020-10-15,-0.005471789829392851
2020-10-16,-0.0063614853816881065
2020-10-19,-0.006642230517472845
2020-10-20,-0.005671446764663535
2020-10-21,-0.010182257107904883
2020-10-22,-0.002155327319645522
2020-10-23,-0.0031016056315304246
2020-10-26,-0.009680441638450556
2020-10-27,-0.007177132322253035
2020-10-28,0.0003956919582959258
2020-10-29,-0.011754911319189727
2020-10-30,-0.01815816167790397
2020-11-02,-0.011257135757364863
2020-11-03,0.006497152208530582
2020-11-04,-0.011341440465648098
2020-11-05,-0.0025283801905952924
2020-11-06,0.00045768260014263356
2020-11-09,0.048103840669622984
2020-11-10,-0.019517508341979614
2020-11-11,0.0102183417279731
2020-11-12,-0.008899549946964371
2020-11-13,-0.003803386248752727
2020-11-16,-0.016636746929091548
2020-11-17,-0.012899558647213283
2020-11-18,-0.005535481027552835
2020-11-19,-0.005779426011079692
2020-11-20,-0.0029582523945588415
2020-11-23,-0.02163577385460319
2020-11-24,-0.021708494938855405
2020-11-25,-0.000615927956913162
2020-11-27,-0.0008653260677645835
2020-11-30,-0.00029233924763477637
2020-12-01,-0.004844883522944455
2020-12-02,-0.01362520717039478
2020-12-03,-0.015278719791369199
2020-12-04,-0.012276712635034126
2020-12-07,-0.0016619234808450348
2020-12-08,-0.004868668861116711
2020-12-09,-5.561877549927624e-05
2020-12-10,-0.004354327096413364
2020-12-11,-0.0020811256286802004
2020-12-14,-0.010948075823059834
2020-12-15,-0.0072002470316768295
2020-12-16,-0.0019703703900627798
2020-12-17,-0.00628210498498881
2020-12-18,-0.011661294192562826
2020-12-21,0.006932006914090035
2020-12-22,-0.01571904311270362
2020-12-23,0.012262405780649039
2020-12-24,-0.003940123028130214
2020-12-28,-0.004499539457983447
2020-12-29,-0.0060431785718865014
2020-12-30,-0.0022597715727534873
2020-12-31,-0.0014329800957784099
2021-01-04,-0.007294532870409252
2021-01-05,0.005065572566719252
2021-01-06,-0.025536767097501373
2021-01-07,0.001410709228750719
2021-01-08,-0.006341801729498069
2021-01-11,-0.004565779797427992
2021-01-12,-0.005263493929882
2021-01-13,-0.0021071434940939503
2021-01-14,0.010400511690124598
2021-01-15,-0.013051719947850206
2021-01-19,-0.001038488424141515
2021-01-20,-0.0045609066666612375
2021-01-21,-0.01114113877491307
2021-01-22,-0.00171976117318107
2021-01-25,-0.011640674909109965
2021-01-26,-0.0016156889740024556
2021-01-27,-0.003081118139383443
2021-01-28,-0.004739547213129161
2021-01-29,-0.009118739597269061
2021-02-01,0.0004266450169954517
2021-02-02,0.0033359840037881436
2021-02-03,0.012712619907782264
2021-02-04,-0.0013315768363743917
2021-02-05,-0.00323226493596404
2021-02-08,0.00781464671435586
2021-02-09,-0.004702343001653997
2021-02-10,-0.006090558310614877
2021-02-11,-0.006923976420159525
2021-02-12,-0.010548744853137794
2021-02-16,0.0010220387229637586
2021-02-17,-0.001296773907619351
2021-02-18,-0.003837133605417759
2021-02-19,0.0021208214799115594
2021-02-22,-0.006967117283642776
2021-02-23,-0.009652799333517467
2021-02-24,-0.000843895077206838
2021-02-25,-0.0021661062990687447
2021-02-26,-0.017822141159928837
2021-03-01,-0.004884955463916547
2021-03-02,-0.006709843079718895
2021-03-03,0.02120599377054204
2021-03-04,-0.0054318875750773024
2021-03-05,-0.006659179171089544
2021-03-08,-0.010912153509099486
2021-03-09,-0.015366830484144197
2021-03-10,-0.010189820049979675
2021-03-11,0.00517912242124022
2021-03-12,0.00015267486800890108
2021-03-15,-0.004886539911217637
2021-03-16,-0.0022464245561414665
2021-03-17,-0.005875582504273658
2021-03-18,-0.011668545711921448
2021-03-19,-0.0037019874267891608
2021-03-22,-0.002921712284154801
2021-03-23,-0.020234266119535792
2021-03-24,-0.017505840915748534
2021-03-25,-0.007928641491718128
2021-03-26,-0.0013393834115247754
2021-03-29,-0.00846801757900729
2021-03-30,0.006252739392489307
2021-03-31,0.0013799201716671377
2021-04-01,-0.001411610047326795
2021-04-05,0.006566160034215484
2021-04-06,-0.004714237159497942
2021-04-07,-0.0008289716462411135
2021-04-08,-0.010068297246150337
2021-04-09,-0.009997799606805961
2021-04-12,-0.00901235976515951
2021-04-13,-0.00905039096087732
2021-04-14,-0.0022863614224149444
2021-04-15,-0.008589494825769988
2021-04-16,-0.009274762433834821
2021-04-19,-0.010762943004509648
2021-04-20,-0.015455352173319297
2021-04-21,-0.004854409520413761
2021-04-22,-0.008294691094804907
2021-04-23,-0.007701544045769985
2021-04-26,0.00032627236411160443
2021-04-27,-0.00639632121789711
2021-04-28,-0.0012191212724318012
2021-04-29,-0.00935168514820396
2021-04-30,-0.009795189474273897
2021-05-03,-0.004017632364944641
2021-05-04,-0.009731145356881807
2021-05-05,0.0052170425783827435
2021-05-06,-0.0013785265962163139
2021-05-07,-0.004000963021271384
2021-05-10,-0.019392113256687604
2021-05-11,-0.005150652263306805
2021-05-12,-0.00233794865118184
2021-05-13,-0.01191307690347354
2021-05-14,0.008445929416533039
2021-05-17,0.004884811490349235
2021-05-18,-0.004291333313368888
2021-05-19,-0.002284235106721103
2021-05-20,-0.006350798629790726
2021-05-21,-0.002187454501493144
2021-05-24,0.009294737507429505
2021-05-25,-0.009310673697102706
2021-05-26,-0.004136268367720155
2021-05-27,-0.005318770103789023
2021-05-28,-0.003283521903969808
2021-06-01,0.0109370082996705
2021-06-02,-0.0007796036024938467
2021-06-03,-0.004259660456394263
2021-06-04,-0.003117642290949761
2021-06-07,-0.011026487738968674
2021-06-08,-0.004159814417787934
2021-06-09,-0.008382094019184664
2021-06-10,-0.009493662703120664
2021-06-11,-0.0015350760769515305
2021-06-14,-0.0024652474650891758
2021-06-15,-0.005107234048012806
2021-06-16,0.00019251992162232483
2021-06-17,-0.01488116900702851
2021-06-18,-0.0036480955234802883
2021-06-21,-0.001983684742167837
2021-06-22,-0.005655289626513791
2021-06-23,-0.001745813755574071
2021-06-24,-0.006113946314137504
2021-06-25,-0.005324391223465154
2021-06-28,-0.01075998510953466
2021-06-29,-0.0039241912515241935
2021-06-30,-0.004832624976755859
2021-07-01,-0.004524558419965024
2021-07-02,-0.008115548220986292
2021-07-06,-0.0168072973726594
2021-07-07,-0.00829646281940887
2021-07-08,-0.001963262984395372
2021-07-09,0.0017055739815427127
2021-07-12,-0.00242514321511801
2021-07-13,-0.005271573464917336
2021-07-14,-0.010574474885034076
2021-07-15,-0.004938244946491357
2021-07-16,-0.011559639210286278
2021-07-19,0.006103633755212667
2021-07-20,0.0017773738812659114
2021-07-21,0.007953509580195198
2021-07-22,-0.008318773794598857
2021-07-23,-0.01114154652064243
2021-07-26,0.008649561819316488
2021-07-27,-0.005612377447801579
2021-07-28,-0.0029521646517141047
2021-07-29,-0.00035254552182440845
2021-07-30,-0.019137937717246385
2021-08-02,-0.0017415502167903874
2021-08-03,-0.000397123406878266
2021-08-04,-0.007216055359277758
2021-08-05,0.004781680467703162
2021-08-06,-0.00046629619633911223
2021-08-09,-0.00425818871533202
2021-08-10,-0.000993836062514267
2021-08-11,-0.0020799926703305763
2021-08-12,-0.002449303367991362
2021-08-13,-0.012148860287906377
2021-08-16,-0.00837834991653134
2021-08-17,-0.015692720327155813
2021-08-18,-0.004933310105176033
2021-08-19,-0.013876855682092166
2021-08-20,-0.005424054910544769
2021-08-23,0.014574339028051416
2021-08-24,0.0090808856579488
2021-08-25,-0.0001950753120452866
2021-08-26,-0.006732124632257379
2021-08-27,0.005873623103910573
2021-08-30,-0.01097194744848201
2021-08-31,-0.00527699829101652
2021-09-01,-0.00903397259229012
2021-09-02,-0.0079078863393066
2021-09-03,-0.0009783300981153877
2021-09-07,0.0009038676131471234
2021-09-08,-0.013845131413441143
2021-09-09,-0.004019869155446495
2021-09-10,-0.0021667498604795834
2021-09-13,-0.00019555646115729502
2021-09-14,-0.01017395262527686
2021-09-15,-0.0029133139159119954
2021-09-16,-0.004228694563316547
2021-09-17,-0.00533347934040804
2021-09-20,-0.008995663970555045
2021-09-21,-0.00957505473827589
2021-09-22,0.002393221879927877
2021-09-23,0.002476816243375839
2021-09-24,-0.004927962368146471
2021-09-27,0.007441185060261275
2021-09-28,0.006967095808667204
2021-09-29,-0.006029151774564475
2021-09-30,-0.008273163404094046
2021-10-01,0.010023488365163879
2021-10-04,-0.0037015283736595295
2021-10-05,-0.010276294885085299
2021-10-06,-0.014164579653249947
2021-10-07,-0.007116603160991757
2021-10-08,0.0007781761720691794
2021-10-11,-0.0010830629547825908
2021-10-12,-0.005121237857363502
2021-10-13,-0.008205643509298133
2021-10-14,-0.006625856699158111
2021-10-15,-0.0063233096692947785
2021-10-18,0.0006092752687876057
2021-10-19,-0.007691907148333829
2021-10-20,-0.00936455157454866
2021-10-21,-0.009149528769929798
2021-10-22,-0.0131464489556363
2021-10-25,-0.0059738961912200895
2021-10-26,-0.0018400656997583757
2021-10-27,-0.004234844966757682
2021-10-28,0.004140421713641844
2021-10-29,-0.005829658520280567
2021-11-01,0.008703629478759908
2021-11-02,-0.008465749688703186
2021-11-03,-0.0016236998228275298
2021-11-04,-0.0020758228295168933
2021-11-05,0.004160225826120625
2021-11-08,-0.0026670263062891423
2021-11-09,-0.010021888225584419
2021-11-10,0.0023843464191067934
2021-11-11,-0.00797470973089052
2021-11-12,-0.008418762847773
2021-11-15,-0.0010641503418533788
2021-11-16,-0.013419838851157662
2021-11-17,-0.005341208441430746
2021-11-18,-0.001308080593901548
2021-11-19,-0.003116041909894689
2021-11-22,-0.0014536072562581436
2021-11-23,-0.00995260695133194
2021-11-24,-0.0028317790945090577
2021-11-26,-0.0013895825635606954
2021-11-29,-0.0016013710992540558
2021-11-30,-0.0005323016954549599
2021-12-01,-0.01634737002387788
2021-12-02,-0.02869212409623539
2021-12-03,-0.013548881071230453
2021-12-06,0.0055044466436112395
2021-12-07,-0.0013455220525233095
2021-12-08,-0.00433637615823632
2021-12-09,-0.01606151783769805
2021-12-10,-0.0009360430953283005
2021-12-13,-0.015429783692926215
2021-12-14,-0.0024586562113950317
2021-12-15,-0.0077732507430761984
2021-12-16,0.006822167284482217
2021-12-17,-0.006997503824006825
2021-12-20,-5.875224223943123e-05
2021-12-21,1.8647653074969212e-06
2021-12-22,-0.005916506973694889
2021-12-23,0.0008591830603402253
2021-12-27,-0.0034928445683164327
2021-12-28,-0.005912254647635711
2021-12-29,-0.006214480723604662
2021-12-30,-0.004669622332268872
2021-12-31,-0.005086078388701924
2022-01-03,7.016744596674562e-05
2022-01-04,-0.02647622871258238
2022-01-05,-0.019682519171374587
2022-01-06,-0.0011795736464475697
2022-01-07,0.0003024371507140567
2022-01-10,-0.008837403826105183
2022-01-11,-0.0071601287591919315
2022-01-12,-0.00677022261540547
2022-01-13,-0.011554350152763033
2022-01-14,0.002003042792181004
2022-01-18,-0.005400925069014199
2022-01-19,-0.01261808277769677
2022-01-20,-0.015434563594743128
2022-01-21,-0.0047208794335753
2022-01-24,-0.0106882923874806
2022-01-25,-0.009587655396002882
2022-01-26,-0.012404208159962408
2022-01-27,0.0007890392355294935
2022-01-28,-0.009824619966066392
2022-01-31,0.004882657030354486
2022-02-01,-0.009111662159997022
2022-02-02,0.0022729147545090984
2022-02-03,-0.02187709317482318
2022-02-04,0.0024900402215398895
2022-02-07,-0.006101800336094483
2022-02-08,-0.014027240700020076
2022-02-09,-0.010298109311527422
2022-02-10,-0.0010426794251974982
2022-02-11,-0.003627511061661882
2022-02-14,0.0009760631175075212
2022-02-15,-0.006394327704696645
2022-02-16,-0.006447104790183258
2022-02-17,0.0010822516592540283
2022-02-18,-0.012550408487342624
2022-02-22,-0.0059494224510151066
2022-02-23,-0.0059417731023584715
2022-02-24,0.003844874800074411
2022-02-25,0.004721855377732685
2022-02-28,-0.003967292587938596
2022-03-01,-0.017239247806438558
2022-03-02,0.008321352959580012
2022-03-03,-0.01738774487278144
2022-03-04,-0.029356846553581867
2022-03-07,-0.0497243770914446
2022-03-08,0.0051158596498608756
2022-03-09,-0.032436949344182925
2022-03-10,0.0006674570474216983
2022-03-11,-0.016636627924080293
2022-03-14,-0.015286615819876778
2022-03-15,-0.006541968864201289
2022-03-16,-0.0186964821365617
2022-03-17,0.0011041300034127718
2022-03-18,-0.011986431937473244
2022-03-21,0.00945358700937831
2022-03-22,-0.0032053620365836344
2022-03-23,0.0007649528966259932
2022-03-24,-0.010997983966087255
2022-03-25,-0.0038979334874272046
2022-03-28,0.00691426252370363
2022-03-29,-0.0154061252943034
2022-03-30,-0.005772575548740789
2022-03-31,-0.01575729424254898
2022-04-01,-0.005998232635678049
2022-04-04,0.0020115490299066653
2022-04-05,0.001622809386856272
2022-04-06,-0.029865428629812243
2022-04-07,-0.01858393153697784
2022-04-08,-0.016419980915520174
2022-04-11,-0.01003928744922331
2022-04-12,-0.008777348199044112
2022-04-13,-0.01323436554471778
2022-04-14,-0.007604748315505061
2022-04-18,-0.0028057736753430785
2022-04-19,-0.005191070321955642
2022-04-20,-0.005104784946292316
2022-04-21,-0.021634574877404708
2022-04-22,-0.008190201343431295
2022-04-25,-0.00844547498231362
2022-04-26,-0.0014596067953613102
2022-04-27,-0.00619234165638243
2022-04-28,-0.013272322762749592
2022-04-29,-0.011076106226499753
2022-05-02,-0.015530282353951286
2022-05-03,-0.012398754578761637
2022-05-04,-0.011362860663782327
2022-05-05,-0.022814653709513032
2022-05-06,-0.015225454746810484
2022-05-09,-0.022205612795814778
2022-05-10,-0.0007062429774128097
2022-05-11,-0.005290883226123258
2022-05-12,-0.00884947637693796
2022-05-13,0.009948552501314517
2022-05-16,-0.008962955375645135
2022-05-17,0.004757433387251807
2022-05-18,-0.014931683805387942
2022-05-19,-0.02240142936618055
2022-05-20,-0.014370486174726504
2022-05-23,0.0022022330430449214
2022-05-24,-0.0032965241722294533
2022-05-25,0.0094667930122029
2022-05-26,-0.028352834950706396
2022-05-27,-0.012375333091701303
2022-05-31,-0.010008426535829132
2022-06-01,0.0035222517468476554
2022-06-02,-0.010840848920670224
2022-06-03,0.004055288448374982
2022-06-06,-0.013195741901459031
2022-06-07,-0.009554615946990981
2022-06-08,-0.004204516379220936
2022-06-09,-0.004156637116871972
2022-06-10,-0.002757092843543891
2022-06-13,-0.02525348882905926
2022-06-14,-0.003701518353837808
2022-06-15,-0.020824943455971613
2022-06-16,-0.009267933534765231
2022-06-17,0.002965128267593188
2022-06-21,0.006660856692079423
2022-06-22,-0.012710715440297095
2022-06-23,-0.026660308583211154
2022-06-24,0.011912091024277646
2022-06-27,0.00025330243805839203
2022-06-28,-0.02198065844649674
2022-06-29,0.010951943081704291
2022-06-30,-0.014239896017974724
2022-07-01,-0.009656795822866437
2022-07-05,-0.0036289509440875006
2022-07-06,-0.0017018816561670024
2022-07-07,-0.011614000831864799
2022-07-08,-0.007661053970144479
2022-07-11,-0.005877973958279777
2022-07-12,0.002765829962455335
2022-07-13,-0.010406814299969645
2022-07-14,-0.011182969777681127
2022-07-15,0.012340201958590714
2022-07-18,-0.017087789488377008
2022-07-19,-0.015205179262592187
2022-07-20,-0.008779353823743615
2022-07-21,-0.004566251925222649
2022-07-22,-0.015154501851958175
2022-07-25,-0.011311890017325642
2022-07-26,-0.007267805307183738
2022-07-27,0.010582936944368846
2022-07-28,-0.010439856251558379
2022-07-29,-0.015333802485149406
2022-08-01,-0.006498579075932214
2022-08-02,-0.005140081758067062
2022-08-03,-0.008301896676605663
2022-08-04,-0.015612140167073935
2022-08-05,-0.001598840659099863
2022-08-08,-0.00107820787345312
2022-08-09,-0.018669642578515385
2022-08-10,0.01568204738341729
2022-08-11,-0.005777603027346515
2022-08-12,-0.008219223660428234
2022-08-15,-0.00031675036788200977
2022-08-16,-0.004962916694538278
2022-08-17,-0.003138402870171951
2022-08-18,-0.010752485557704285
2022-08-19,0.00021073373183144034
2022-08-22,-0.013898428968144602
2022-08-23,-0.01445444427904363
2022-08-24,-0.011251862468751673
2022-08-25,-0.013825525471125408
2022-08-26,-0.006262140428436484
2022-08-29,-0.008530096583281332
2022-08-30,-0.007622588309948359
2022-08-31,-0.006793488593191325
2022-09-01,0.0026407532768847946
2022-09-02,-0.0009516601916309316
2022-09-06,-0.0068761689742542105
2022-09-07,-0.018617683312305164
2022-09-08,-0.011293052663285232
2022-09-09,-0.002199308342589901
2022-09-12,-0.004676343039971163
2022-09-13,0.006673204880512617
2022-09-14,-0.01047964116409091
2022-09-15,-0.0007425656677427592
2022-09-16,-0.015076332260542329
2022-09-19,-0.0018164526962216512
2022-09-20,-0.00650355133810207
2022-09-21,-0.018840302535004745
2022-09-22,-0.009899723640682229
2022-09-23,-0.014319363206507018
2022-09-26,-0.015082222059133352
2022-09-27,-0.003106458715408783
2022-09-28,-0.02267112016663247
2022-09-29,-0.007991902958717764
2022-09-30,-0.021692447987267625
2022-10-03,-0.013088829661744066
2022-10-04,0.014213105848873218
2022-10-05,-0.013225231665572455
2022-10-06,-0.008794953478657715
2022-10-07,-0.0096834944122368
2022-10-10,-0.009758506071786608
2022-10-11,-0.01922233792941267
2022-10-12,-0.006868308090303695
2022-10-13,-0.01369999300506346
2022-10-14,-0.014506701996780912
2022-10-17,-0.004442478799756743
2022-10-18,0.0009738241155343285
2022-10-19,-0.006428876500985841
2022-10-20,-0.013539217439362308
2022-10-21,-0.005893620157941698
2022-10-24,-0.0018668177163488169
2022-10-25,-0.007438026625807472
2022-10-26,0.0027251829994115254
2022-10-27,-0.015984669936014967
2022-10-28,-0.0004349118206510745
2022-10-31,-0.010960157265002777
2022-11-01,-0.005934687966125611
2022-11-02,-0.01663941166879039
2022-11-03,-0.029750971565669002
2022-11-04,-0.004113286087755418
2022-11-07,-0.015681502329089374
2022-11-08,-0.0068873710373626535
2022-11-09,-0.019274559276581213
2022-11-10,-0.030176553387076015
2022-11-11,-0.024397604086552317
2022-11-14,-0.003016725047805256
2022-11-15,-0.009952134326489913
2022-11-16,-0.008260521168916657
2022-11-17,-0.0004248063981454756
2022-11-18,-0.005593846342402914
2022-11-21,-0.011605036407192928
2022-11-22,-0.002498863425248929
2022-11-23,-0.006812419506066366
2022-11-25,-0.003399582757981388
2022-11-28,-0.00542315568114104
2022-11-29,-0.0032283628024575243
2022-11-30,0.0013529751495000419
2022-12-01,-0.005688751290114073
2022-12-02,-0.011271870482694414
2022-12-05,-0.02020727082971357
2022-12-06,-0.009916709484276625
2022-12-07,-0.0067843319720366675
2022-12-08,-0.013678271693634694
2022-12-09,-0.007272532372206937
2022-12-12,-0.014458341477766812
2022-12-13,0.010588482255991943
2022-12-14,-0.007795147971980355
2022-12-15,-0.004376460390586745
2022-12-16,-0.002420075144915458
2022-12-19,-0.0060825496855055824
2022-12-20,-0.007393252915623897
2022-12-21,-0.002879107608564445
2022-12-22,0.001203758213444336
2022-12-23,-0.007149949723565205
2022-12-27,-0.015801564636695554
2022-12-28,-0.005162003953402642
2022-12-29,-0.013508503265167516
2022-12-30,-0.007238989299748875
2023-01-03,0.0006673885937863817
2023-01-04,-0.0021671511106591155
2023-01-05,-0.013594625901711257
2023-01-06,0.008249286548475822
2023-01-09,-0.012249718212508021
2023-01-10,-0.005748353441604732
2023-01-11,-0.011369674072897447
2023-01-12,-0.0022415559165479618
2023-01-13,-0.008816632655761289
2023-01-17,-0.008689064700542367
2023-01-18,-0.0007774780697088297
2023-01-19,-0.0046895078892358
2023-01-20,0.0008814337117466382
2023-01-23,0.0022652197956944684
2023-01-24,-0.0043150751915946705
2023-01-25,0.00266563245662073
2023-01-26,-0.0024365916262225054
2023-01-27,0.00033107847523273365
2023-01-30,-0.0027070976878594065
2023-01-31,-0.007903052208911614
2023-02-01,-0.0006379466593201839
2023-02-02,-0.03189336291429291
2023-02-03,0.0017480837045401694
2023-02-06,-0.006355955258417341
2023-02-07,-0.015596138823888803
2023-02-08,0.0032590648559614518
2023-02-09,-0.00900057785572916
2023-02-10,-0.008297693806610756
2023-02-13,0.004825427639563444
2023-02-14,-0.010748345268434132
2023-02-15,-0.009283544154644259
2023-02-16,-3.250165960221301e-05
2023-02-17,-0.011653422436158033
2023-02-21,-0.0071172125484728135
2023-02-22,-0.0026766699610645314
2023-02-23,-0.008598201279210103
2023-02-24,-0.0011470297192141847
2023-02-27,-0.003792722916593758
2023-02-28,-0.003036860345076392
2023-03-01,-0.004806022443201647
2023-03-02,-0.015061321599301996
2023-03-03,-0.009215661788469012
2023-03-06,-0.0050283105334028
2023-03-07,-0.0030587152453211107
2023-03-08,-0.0020364972877896827
2023-03-09,-0.007888171900737796
2023-03-10,-0.0034179820132024326
2023-03-13,0.008375454265411315
2023-03-14,-0.003508004633507363
2023-03-15,-0.0069771814028184685
2023-03-16,-0.00644090339314861
2023-03-17,-0.009890886712827684
2023-03-20,-0.009820927938566952
2023-03-21,-0.006636917437398913
2023-03-22,-0.004314101989498916
2023-03-23,-0.013175692355295036
2023-03-24,-0.009060795313882028
2023-03-27,-0.006657199510731727
2023-03-28,-0.014882594614267029
2023-03-29,-0.006035893081702284
2023-03-30,-0.0077948179349495664
2023-03-31,0.001817161842015547
2023-04-03,0.0027282767605860195
2023-04-04,-0.009097293608334313
2023-04-05,-0.013019735173888856
2023-04-06,-0.0022274764778191696
2023-04-10,-0.0037795745912300813
2023-04-11,-0.003510977521086512
2023-04-12,-0.0032409546528402444
2023-04-13,-0.0038754293278249275
2023-04-14,-0.006703244840707425
2023-04-17,-0.006216610274650673
2023-04-18,-0.007225431038545497
2023-04-19,-0.010668566443677838
2023-04-20,0.0017613954745305865
2023-04-21,-0.008714892445278156
2023-04-24,-0.003510612813297331
2023-04-25,-0.005439053433917386
2023-04-26,-0.005055390683236656
2023-04-27,-0.005443868895233811
2023-04-28,-0.006394337042901919
2023-05-01,-0.0019821655577211108
2023-05-02,-0.012483952067765081
2023-05-03,0.008339547115755038
2023-05-04,-0.0005755995242033964
2023-05-05,-0.010877168505213551
2023-05-08,-0.010546856758805675
2023-05-09,0.0022547926862347325
2023-05-10,-0.007919244407619007
2023-05-11,-0.007854692966248671
2023-05-12,-0.005437522754193026
2023-05-15,-0.002284786481021719
2023-05-16,-0.0015330777674991795
2023-05-17,-0.00702816090264318
2023-05-18,-0.009053287000540361
2023-05-19,-0.00012221483341531402
2023-05-22,-7.958118346842492e-05
2023-05-23,-0.005125765923338172
2023-05-24,0.0014137348146444836
2023-05-25,-0.01187975820675278
2023-05-26,-0.01377840330851185
2023-05-30,-0.007633328300416107
2023-05-31,-0.010225795131143908
2023-06-01,0.007129533210481602
2023-06-02,-0.006147494417701757
2023-06-05,-0.003190782616954763
2023-06-06,0.002602969358191756
2023-06-07,-0.018576574427336477
2023-06-08,-0.007916347796902376
2023-06-09,-0.009779850868998047
2023-06-12,-0.006946639610422691
2023-06-13,-0.010823713681807139
2023-06-14,-0.009259219509082112
2023-06-15,-0.008711010142895048
2023-06-16,-0.0038011715082532805
2023-06-20,0.0009866422921957106
2023-06-21,-0.009958118402478561
2023-06-22,-0.003962502473783627
2023-06-23,-0.004242789783316547
2023-06-26,-0.004074320906601184
2023-06-27,-0.004519364046132422
2023-06-28,-0.007135560358232162
2023-06-29,-0.00034706690809463165
2023-06-30,-0.0008525275664451079
2023-07-03,-0.00014652197449550874
2023-07-05,-0.006047488240621199
2023-07-06,-0.005031742719520401
2023-07-07,-0.00949861591846046
2023-07-10,-0.0035667586263434885
2023-07-11,-0.0058409794475962114
2023-07-12,-0.002199202699198723
2023-07-13,-0.009455764299761478
2023-07-14,-0.0009541568798296382
2023-07-17,-0.001209936538949536
2023-07-18,-0.0060519025451678185
2023-07-19,-0.00468914649417623
2023-07-20,-0.007624120099690178
2023-07-21,-0.004439643331503259
2023-07-24,9.67445486132314e-05
2023-07-25,-0.006899437442285177
2023-07-26,-0.009358645029876218
2023-07-27,-5.008846635617004e-05
2023-07-28,-0.003009240676697304
2023-07-31,0.002757886522424983
2023-08-01,-0.006684855975183554
2023-08-02,-0.003433919272514475
2023-08-03,0.006549650780598134
2023-08-04,-0.01606516413849631
2023-08-07,-0.004824517173790133
2023-08-08,-0.013545302466584537
2023-08-09,-0.009070947533905912
2023-08-10,-0.009660278504886627
2023-08-11,-0.007394751978982952
2023-08-14,-0.005895665227156408
2023-08-15,-0.0010352275283876987
2023-08-16,-0.009171630028197967
2023-08-17,-0.012382756408569598
2023-08-18,-9.187078204613355e-05
2023-08-21,-0.009842800103148685
2023-08-22,-0.005623225424226679
2023-08-23,-0.00020774662527042395
2023-08-24,-0.0005513187868705464
2023-08-25,-0.011096232584011944
2023-08-28,-0.004365096603583593
2023-08-29,-0.007633002378876399
2023-08-30,-0.00372317303925451
2023-08-31,-0.0038087563382941687
2023-09-01,-0.00728772650053246
2023-09-05,-0.01049276289675281
2023-09-06,-0.005850447871390683
2023-09-07,-0.0040989591815963474
2023-09-08,-0.003513723451837461
2023-09-11,-0.0012569694588399185
2023-09-12,-0.0044117402932439195
2023-09-13,-0.005618625087126486
2023-09-14,-0.0039272936914197774
2023-09-15,-0.00976541287621336
2023-09-18,-0.012646715093671015
2023-09-19,-0.01264103538411819
2023-09-20,-0.0108883661751096
2023-09-21,-0.00903570734520042
2023-09-22,-0.007790449245282053
2023-09-25,-0.004127848081781045
2023-09-26,-0.005979268737760224
2023-09-27,-0.01045171163551115
2023-09-28,-0.005141215229013588
2023-09-29,-0.010941488545508674
2023-10-02,-0.005202434893862649
2023-10-03,-0.009421983550828484
2023-10-04,-0.0017419054896106023
2023-10-05,-0.003904335353774522
2023-10-06,-0.009004264373211623
2023-10-09,-0.009718316030073278
2023-10-10,-0.0038020417328184413
2023-10-11,-0.0036966960415685058
2023-10-12,-0.005867883658688787
2023-10-13,-0.0036464581195551882
2023-10-16,-0.004150226701034485
2023-10-17,-0.005176994822446698
2023-10-18,-0.004010599667998659
2023-10-19,-0.010739069790450688
2023-10-20,-0.005112196797385687
2023-10-23,-0.006426265147694583
2023-10-24,-0.0071086687152807585
2023-10-25,0.0066393041207475426
2023-10-26,-0.006317034503200107
2023-10-27,-0.010454874262349447
2023-10-30,-0.0019396509688869665
2023-10-31,-0.004936179211144938
2023-11-01,0.00036093088034443773
2023-11-02,-0.010265726244447637
2023-11-03,-0.012913994515011965
2023-11-06,0.004538618349134718
2023-11-07,-0.011727833490596584
2023-11-08,0.0031864189009101936
2023-11-09,-0.005729232691719462
2023-11-10,-0.004034497004407601
2023-11-13,0.0013096282843523717
2023-11-14,-0.0001370741317832827
2023-11-15,-0.01574574844095504
2023-11-16,0.003295731611212835
2023-11-17,-0.006191249898737787
2023-11-20,-0.005922447034319208
2023-11-21,-0.0053652158159708755
2023-11-22,0.00045999018097495244
2023-11-24,-0.004039119977640798
2023-11-27,-0.0028761003610962466
2023-11-28,-0.009417508721476198
2023-11-29,-0.014140904837071734
2023-11-30,-0.01118545110769215
2023-12-01,0.005724361159776025
2023-12-04,-0.01227923378625436
2023-12-05,-0.00641133201104514
2023-12-06,-0.004280798669708957
2023-12-07,-0.0017489046804942598
2023-12-08,-0.0022355821699877173
2023-12-11,-0.004831177982034272
2023-12-12,-0.003366464127652417
2023-12-13,0.004780154286171888
2023-12-14,-0.025504091512624987
2023-12-15,-0.009399898846399173
2023-12-18,-0.012813897927288934
2023-12-19,-0.003450419416043106
2023-12-20,-0.003258137449822368
2023-12-21,-0.003610702775881525
2023-12-22,-0.0003156843451374231
2023-12-26,-0.0043250042629105305
2023-12-27,-0.005442250505514473
2023-12-28,-0.00885652253653883
2023-12-29,-0.006591289847049744
2024-01-02,0.003468923100780694
2024-01-03,-0.009636717438855111
2024-01-04,-0.007440596437150372
2024-01-05,-0.0052269278098951676
2024-01-08,-0.008658812999599298
2024-01-09,-0.006170259601636649
2024-01-10,-0.008541415540123675
2024-01-11,-0.016141845665163124
2024-01-12,-0.001015847075695915
2024-01-16,0.0029902901943795416
2024-01-17,-0.004434807717696407
2024-01-18,-0.0025024207298785387
2024-01-19,-0.010736909767457796
2024-01-22,-0.006970025547505742
2024-01-23,-0.0026346967995413183
2024-01-24,-0.0031348770966436023
2024-01-25,-0.004067002325977575
2024-01-26,7.295551162391813e-05
2024-01-29,-0.005223064413297044
2024-01-30,-0.0035845211827070537
2024-01-31,-0.0069335602799969545
2024-02-01,-0.008276475931383639
2024-02-02,-0.0038528361496172
2024-02-05,-0.008824708006684424
2024-02-06,-0.0030743450571637273
2024-02-07,-0.011523041952906833
2024-02-08,-0.0024010218686324573
2024-02-09,-0.0008342945987139102
2024-02-12,-0.005618698213718757
2024-02-13,0.008485498682657525
2024-02-14,-0.004859543664723335
2024-02-15,-0.0037182975217482173
2024-02-16,-0.008032725254696109
2024-02-20,-0.001430538645636871
2024-02-21,0.004661034838634853
2024-02-22,-0.002517001759439555
2024-02-23,-0.0022938853993554366
2024-02-26,-0.009100997831993536
2024-02-27,-0.008361012017418446
2024-02-28,-0.0072001697075281925
2024-02-29,0.0023466874857779024
2024-03-01,-0.0007769815302485455
2024-03-04,-0.009744821211788105
2024-03-05,-0.01151081343869306
2024-03-06,-0.012433779605972545
2024-03-07,-0.010627901935217524
2024-03-08,0.001269820292416765
2024-03-11,0.004167452414191036
2024-03-12,-0.00901789223992434
2024-03-13,0.0012952700160028356
2024-03-14,-0.0015561991943689921
2024-03-15,-0.012213102252757388
2024-03-18,0.0005996472318466391
2024-03-19,-0.006313428018055918
2024-03-20,-0.0033438477794282837
2024-03-21,-0.013742625902548773
2024-03-22,0.0014810047378220233
2024-03-25,-0.0022056482333030944
2024-03-26,-0.0030506768042683585
2024-03-27,-0.0004022510327423624
2024-03-28,-0.004059771138109223
2024-04-01,-0.005749230416684475
2024-04-02,-0.01099636652731118
2024-04-03,-0.006858570081645193
2024-04-04,-0.008613283120827365
2024-04-05,-0.00813053675742919
2024-04-08,-0.001050655685528608
2024-04-09,-0.003958580509844605
2024-04-10,-0.011328039667118546
2024-04-11,-0.0023906463113693025
2024-04-12,-0.014152499021853329
2024-04-15,-0.013320707983989802
2024-04-16,-0.005499576768149105
2024-04-17,-0.014507884079901955
2024-04-18,-0.002506176715167982
2024-04-19,0.001410246903022559
2024-04-22,-0.00760509240130464
2024-04-23,-0.004879194516224235
2024-04-24,-0.008268487917712498
2024-04-25,-0.00562849971359491
2024-04-26,-0.005091972256118689
2024-04-29,-0.004410171920279723
2024-04-30,-0.010134125101866173
2024-05-01,0.0020787159977901093
2024-05-02,-0.003182831871521269
2024-05-03,-0.0031022607017888826
2024-05-06,0.0030881426834820655
2024-05-07,0.00023335667761898923
2024-05-08,-0.005439976756558592
2024-05-09,-0.005874421768235534
2024-05-10,-0.004963346318768644
2024-05-13,-0.008069575050227765
2024-05-14,-0.00013029474605013094
2024-05-15,-0.0029635432606567357
2024-05-16,0.0005924615994280704
2024-05-17,-0.007051522797229067
2024-05-20,0.0012731466317093803
2024-05-21,-0.006162923729365879
2024-05-22,-0.004044393460209831
2024-05-23,-0.006696749410899707
2024-05-24,-0.010405961471420174
2024-05-28,-0.006383066358760583
2024-05-29,-0.006142008191512808
2024-05-30,0.001999261473609905
2024-05-31,-0.009036646521437403
2024-06-03,-0.00157313436788384
2024-06-04,-0.007782923986246902
2024-06-05,0.0021847987743894787
2024-06-06,-0.0028781113948203787
2024-06-07,-0.00850950276529187
2024-06-10,-0.008836206111685512
2024-06-11,-0.010199581347272054
2024-06-12,-0.010915295903003846
2024-06-13,-0.007094052476155836
2024-06-14,-0.0053963739519081256
2024-06-17,-0.00519976684432138
2024-06-18,-0.008748825001984548
2024-06-20,-0.0053696542222340365
2024-06-21,-0.001983694506001647
2024-06-24,-0.00622231504351086
2024-06-25,-0.006797246442272781
2024-06-26,-0.0171918066989478
2024-06-27,-0.001062452899667529
2024-06-28,-0.0007207761009843184
2024-07-01,-0.005014640468271064
2024-07-02,-0.0070073144842456294
2024-07-03,-0.0063274683685931605
2024-07-05,-0.002005712435483047
2024-07-08,-0.0018981865283839378
2024-07-09,-0.007568750406857946
2024-07-10,-0.006807498321045482
2024-07-11,-0.007767086747327906
2024-07-12,-0.007964912947720667
2024-07-15,-0.006680991914989793
2024-07-16,-0.009856070714438493
2024-07-17,-0.019605713047053653
2024-07-18,-0.010449786846233922
2024-07-19,-0.005804685178676074
2024-07-22,-0.010133814036108375
2024-07-23,-0.0017979956080503602
2024-07-24,-0.007749437737215503
2024-07-25,-0.0019366120605944057
2024-07-26,0.004194782296384524
2024-07-29,-0.01078460933366683
2024-07-30,-0.006922327608766813
2024-07-31,-0.012546844191650986
2024-08-01,-0.01022518826756391
2024-08-02,0.01979272964145211
2024-08-05,-0.004012222869401061
2024-08-06,-0.009852718148918173
2024-08-07,-0.010417273361174397
2024-08-08,-0.01128582268061801
2024-08-09,-0.004055038065156234
2024-08-12,-0.008509278408766863
2024-08-13,-0.0036250386734815176
2024-08-14,-0.001127566309229147
2024-08-15,-0.006846987241518717
2024-08-16,-0.008021941919887825
2024-08-19,-0.0036402737393617635
2024-08-20,-0.0018431344549795043
2024-08-21,-0.011113327719198166
2024-08-22,-0.00971939307855128
2024-08-23,-0.0032460317832310576
2024-08-26,-0.0024843400152997027
2024-08-27,-0.0037038570095374135
2024-08-28,-0.00023978883298837305
2024-08-29,0.0033858159227051886
2024-08-30,-0.007540476078995844
2024-09-03,-0.019705576739317093
2024-09-04,-0.005712837315425361
2024-09-05,-0.010319004758001795
2024-09-06,-0.011752896741735075
2024-09-09,-0.010121684704179765
2024-09-10,-0.006057708776633338
2024-09-11,0.01008573899015288
2024-09-12,-0.006877013116190762
2024-09-13,-0.00128611412421428
2024-09-16,-0.005487896168320171
2024-09-17,-0.0012709210337677672
2024-09-18,-0.005523258445109633
2024-09-19,0.0013622646132707764
2024-09-20,-0.004357731202958723
2024-09-23,-0.006032407989971142
2024-09-24,-0.0037346249156137417
2024-09-25,-0.004822953074330708
2024-09-26,-0.012709241110334222
2024-09-27,0.002193705865196468
2024-09-30,-0.005610205615548291
2024-10-01,-0.005201659153222908
2024-10-02,-0.008745500966610031
2024-10-03,-0.00903772554259043
2024-10-04,-0.002722909312524248
2024-10-07,-0.006419546544616673
2024-10-08,-0.014695531179532813
2024-10-09,-0.01107986117349196
2024-10-10,-0.00832027271490935
2024-10-11,-0.0071879500161941235
2024-10-14,-0.0018919196254714088
2024-10-15,-0.005488386361875437
2024-10-16,-0.010575427657669167
2024-10-17,-0.002971365853744708
2024-10-18,-0.009663726873310931
2024-10-21,-0.000940800546449393
2024-10-22,-0.001965235755172414
2024-10-23,-0.009607303934692567
2024-10-24,-0.0035863153656051396
2024-10-25,0.0017461447593379595
2024-10-28,-0.005488081567730915
2024-10-29,3.477998423886356e-05
2024-10-30,-0.003066262629147756
2024-10-31,0.0011286369057598167
2024-11-01,-0.01304896824382995
2024-11-04,-0.008994374479189434
2024-11-05,-0.004624638812061918
2024-11-06,0.002309709063017954
2024-11-07,0.0022120519417616223
2024-11-08,-0.002803997092086897
2024-11-11,-0.00456126314948633
2024-11-12,-0.0010064141756093185
2024-11-13,-0.002244087105267218
2024-11-14,-0.003371435179404635
2024-11-15,-0.0022871204123951854
2024-11-18,-0.004626569839530682
2024-11-19,-0.0022127304169545087
2024-11-20,-0.0017969001753913305
2024-11-21,-0.007749393745031811
2024-11-22,0.0008166366688372876
2024-11-25,-0.006919295220693586
2024-11-26,-0.010769924287494582
2024-11-27,-0.003013223777304691
2024-11-29,-0.007436581982627443
2024-12-02,-0.010146571911316883
2024-12-03,-0.0067602304252732965
2024-12-04,-0.002216016908292514
2024-12-05,0.0027676261627352554
2024-12-06,-0.007240513545538775
2024-12-09,-0.010122053175040821
2024-12-10,-0.008137213556500603
2024-12-11,-0.012558989575941275
2024-12-12,8.735690449847896e-05
2024-12-13,-0.011761041653984308
2024-12-16,-0.016366340085331298
2024-12-17,-0.002747960652599877
2024-12-18,-0.013220879054858848
2024-12-19,-0.002026492328575537
2024-12-20,-0.004646226795459506
2024-12-23,-0.003017576679217761
2024-12-24,-0.005233543436133078
2024-12-26,-0.006798146508742373
2024-12-27,-0.0041508124037862365
2024-12-30,-0.005797026881861203
2024-12-31,-0.007088284427631957
2025-01-02,-0.004642129441301708
2025-01-03,-0.00930946503678548
2025-01-06,-0.014385534752077381
2025-01-07,-0.004821137094176036
2025-01-08,-0.0034414470662484267
2025-01-10,-0.009596327142094133
2025-01-13,-0.006623204660600904
2025-01-14,-0.005152753594095148
2025-01-15,-0.0037326831528290668
2025-01-16,-0.00549967647565576
2025-01-17,0.001934912106290541
2025-01-21,-0.00038459690367943517
2025-01-22,-0.005424358042547172
2025-01-23,-0.007185223552816269
2025-01-24,-0.001133894549933631
2025-01-27,-0.017001348151979335
2025-01-28,-0.016181905895606176
2025-01-29,-0.0027497925176081916
2025-01-30,-0.0062773698722939225
2025-01-31,-0.005124663541789515
2025-02-03,-0.007421582125824082
2025-02-04,-0.01060890819953941
2025-02-05,0.004837325172934861
2025-02-06,-0.00455879114140266
2025-02-07,-0.005042571498073298
2025-02-10,-0.008348797020650021
2025-02-11,-0.004626012955532491
2025-02-12,-0.00925988473039818
2025-02-13,-0.005259621911343312
2025-02-14,-0.008457104194107435
2025-02-18,-0.013386149474922669
2025-02-19,-0.0037994328908963104
2025-02-20,-0.006700428785476824
2025-02-21,0.0015665980201246864
2025-02-24,-0.006978082162709053
2025-02-25,-0.020460678380808214
2025-02-26,-0.010293767903076867
2025-02-27,0.003735506546814372
2025-02-28,-0.003610768838762532
2025-03-03,-0.006259655110535237
2025-03-04,0.0030630542641139095
2025-03-05,-0.004261366374639097
2025-03-06,-7.714639191983702e-05
2025-03-07,0.0029643755622432806
2025-03-10,-0.0019737469038066226
2025-03-11,0.005817705075194461
2025-03-12,-0.008235312207962388
2025-03-13,-0.0010783626565738168
2025-03-14,0.001530340385298666
2025-03-17,-0.0002238202227069228
2025-03-18,-0.005052805555190649
2025-03-19,0.000497163392296187
2025-03-20,-0.006507227775051941
2025-03-21,-0.0023539523629464727
2025-03-24,0.007035458379410023
2025-03-25,-0.003752836273792883
2025-03-26,-0.005083933658897909
2025-03-27,-0.00988133465485778
2025-03-28,-0.006219871849766152
2025-03-31,-0.002455836378029295
2025-04-01,-0.009834433732137557
2025-04-02,-0.013529223771389817
2025-04-03,0.027048167683407297
2025-04-04,-0.005114415063464104
2025-04-07,-0.011958996579890458
2025-04-08,-0.020020582270079128
2025-04-09,0.006389589297023039
2025-04-10,0.018946641451411353
2025-04-11,-0.009896421793943224
2025-04-14,-0.0012436125289416108
2025-04-15,-0.006874351928338263
2025-04-16,-0.006981663104301688
2025-04-17,-0.002219944454971051
2025-04-21,-0.013392745143969337
2025-04-22,0.0020812900913622593
2025-04-23,-0.0027021703457714976
2025-04-24,0.0005237019072482172
2025-04-25,-0.01628870777219159
2025-04-28,-0.006783291244021605
2025-04-29,-0.004795694983809683
2025-04-30,-0.001648100531063676
2025-05-01,-0.008013734056930297
2025-05-02,-0.0015573987026614774
2025-05-05,0.0017490900040315876
2025-05-06,-0.0006217520870237855
2025-05-07,-0.0028255972633183003
2025-05-08,-0.01402193642341423
2025-05-09,-0.007305313826618737
2025-05-12,-0.007914996147286623
2025-05-13,-0.0003260828780848454
2025-05-14,-0.018734075829430954
2025-05-15,-0.00995866316121449
2025-05-16,-0.01020438943809694
2025-05-19,-0.01384492023239178
2025-05-20,-0.01043172992766936
2025-05-21,-0.001617884811432326
2025-05-22,-0.006344221979633576
2025-05-23,-0.0037167219079604526
2025-05-27,-0.0022309751336625997
2025-05-28,-0.005274858253484204
2025-05-29,-0.0025861162648338817
2025-05-30,-0.01498597402933093
2025-06-02,-0.005940597007645418
2025-06-03,-0.014193699937206782
2025-06-04,-0.006223053752012417
2025-06-05,-0.004923956051847547
2025-06-06,0.002464231545423762
2025-06-09,-0.0029890892311003397
2025-06-10,-0.010819456600306226
2025-06-11,-0.008065280841639544
2025-06-12,-0.0032500466623116707
2025-06-13,-0.006879462818580789
2025-06-16,-0.0032117682818855625
2025-06-17,-0.004831717872697264
2025-06-18,-0.006107428333858602
2025-06-20,-0.005994583934160534
2025-06-23,0.0014577532932997317
2025-06-24,-0.0077377146737413315
2025-06-25,-0.01145730294892479
2025-06-26,-0.006380602732130039
2025-06-27,-0.009425997825947056
2025-06-30,-0.0029212656650527335
2025-07-01,-0.0030472064451166833
2025-07-02,-0.007987608857428627
2025-07-03,0.0006950523502716201
2025-07-07,-0.010497122031896254
2025-07-08,-0.0034937947419775442
2025-07-09,-0.001954205955165135
2025-07-10,-0.0031542236783325354
2025-07-11,-0.0045135707980687645
2025-07-14,-0.006116947432645261
2025-07-15,-0.004077553730400836
2025-07-16,-0.005719264387399992
2025-07-17,0.0018904891421914457
2025-07-18,0.0011366350238099835
2025-07-21,-0.0047432662931630445
2025-07-22,0.006434743256561208
2025-07-23,0.004356893122175183
2025-07-24,0.0030520876366627904
2025-07-25,-0.001999285214655446
2025-07-28,-0.009416758376939217
2025-07-29,-0.0021207295564298887
2025-07-30,-0.005359629834455928
2025-07-31,-0.007229167505352293
2025-08-01,-0.006029911847920323
2025-08-04,0.0008782052789954578
2025-08-05,0.0009289994500806722
2025-08-06,-0.0066116740330745775
2025-08-07,-0.003437159022508428
2025-08-08,-0.005249947210943141
2025-08-11,-0.005203905573087312
2025-08-12,0.0009499936760138409
2025-08-13,-0.008450845147559637
2025-08-14,-0.00039390413887385994
2025-08-15,-0.006836159924518813
2025-08-18,-0.007015387521919304
2025-08-19,-0.005335866340498701
2025-08-20,-0.005809454768117504
2025-08-21,-0.008097273444692413
2025-08-22,0.0018044039660617484
2025-08-25,-0.00781624529603844
2025-08-26,-0.0032646388104504136
2025-08-27,-0.006076655752041562
2025-08-28,-0.004033273979241263
2025-08-29,-0.0014224716848096628
2025-09-02,-0.006769129411320816
2025-09-03,-0.010517527572731396
2025-09-04,-0.0019246611632262878
2025-09-05,-0.009627637059273199
2025-09-08,-0.006065148748179413
2025-09-09,-0.004246781752677151
2025-09-10,-0.003299676491170506
2025-09-11,-0.0075231427888441515
2025-09-12,-0.002557843203261078
2025-09-15,-0.0027665162182399184
2025-09-16,-0.002056204234377059
2025-09-17,-0.0035549109776495547
2025-09-18,-0.0068675497824608875
2025-09-19,-0.001579954358195699
2025-09-22,-0.0006701531691329504
2025-09-23,-0.003946778273591427
2025-09-24,-0.004912546370220833
2025-09-25,-0.0003767294703647221
2025-09-26,-0.007758861876941322
2025-09-29,-0.005254836113893891
2025-09-30,-0.00252526582684881
2025-10-01,-0.019569075521075282
2025-10-02,-0.005829662344995883
2025-10-03,-0.005794792561978671
2025-10-06,-0.006197709079369535
2025-10-07,-0.005507505392230753
2025-10-08,-0.012568174225212933
2025-10-09,-0.006204425124027151
2025-10-10,0.00014479015568067636
2025-10-13,-0.0191578540520452
2025-10-14,-0.002002760210192186
2025-10-15,-0.010187016816914397
2025-10-16,-0.005162672126006135
2025-10-17,-0.0040015521580651445
2025-10-20,-0.006076308865403545
2025-10-21,-0.007215364645865786
2025-10-22,-0.004753972726917759
2025-10-23,-0.013611767656866672
2025-10-24,0.0001921074072181398
2025-10-27,-0.0038612717962231715
2025-10-28,-0.015512783476964633
2025-10-29,0.0073836858348755455
2025-10-30,0.007078847678632079
2025-10-31,-0.0013615093539451834
2025-11-03,-0.0018164661049101197
2025-11-04,-0.014619949718135284
2025-11-05,0.005996559649773053
2025-11-06,0.006306290759948882
2025-11-07,-0.002561536342888528
2025-11-10,-0.012343305710084317
2025-11-11,-0.005376967245378086
2025-11-12,-0.0077004904705546195
2025-11-13,-0.012535707028870404
2025-11-14,-0.008854040423551424
2025-11-17,-0.008554923927716373
2025-11-18,-0.008364398119002223
2025-11-19,-0.008845106068728412
2025-11-20,-0.005785345144386757
2025-11-21,0.0013215091196400568
2025-11-24,-0.011451792110627634
2025-11-25,-0.004232466416110652
2025-11-26,-0.0017380232922096644
2025-11-28,-0.0036814089377651535
2025-12-01,-0.007209124532669408
2025-12-02,-0.004997999613125814
2025-12-03,-0.01349120092537234
2025-12-04,-0.007170954129191895
2025-12-05,-0.011044703786517666
2025-12-08,0.00013828537140598684
2025-12-09,-0.005662594967368878
2025-12-10,-0.00010655627402944481
2025-12-11,-0.005732155866312775
2025-12-12,-0.0024678011610511715
2025-12-15,-0.0005563512792180229
2025-12-16,-0.006094460945825997
2025-12-17,-0.004464768209717213
2025-12-18,-0.005805812836981032
2025-12-19,-0.0026817253355463913
2025-12-22,-0.006897678668681275
2025-12-23,-0.0025608444657929607
2025-12-24,-0.005789825856941038
2025-12-26,-0.005431914493724231
2025-12-29,-0.001617228322377551
2025-12-30,-0.005403776771067666
2025-12-31,-0.006199572520432156
2026-01-02,0.013047891908701786
2026-01-05,0.010262562339940771
2026-01-06,0.0053388005699216805
2026-01-07,-0.011478196165999495
2026-01-08,-0.004905148345855682
2026-01-09,0.004609675870605441
2026-01-12,-0.003780751339316926
2026-01-13,0.0031336985045131755
2026-01-14,0.008997387759192241
2026-01-15,0.008277031726694698
2026-01-16,0.0035592213315542715
2026-01-20,0.0028015167101987297
2026-01-21,0.015014369759892598
2026-01-22,-0.010548025496127404
2026-01-23,-0.007048175074575405
2026-01-26,-0.005147717995903977
2026-01-27,0.007982385525108366
2026-01-28,0.002143418209138073
2026-01-29,0.016571848053947003
2026-01-30,-0.012931825265599788
2026-02-02,0.011549126480681477
2026-02-03,0.03646442130853343
2026-02-04,0.004305889671611001
2026-02-05,0.02317435845934479
2026-02-06,-0.01301025077524363
2026-02-09,-0.015417669714216924
2026-02-10,-0.01057878312514388
2026-02-11,0.03400014847419183
2026-02-12,0.01268989055210527
2026-02-13,-0.012699629752933234
2026-02-17,-0.006089700359506019
2026-02-18,-0.01828711900101821
2026-02-19,0.00405523128478221
2026-02-20,0.0012116574927038834
2026-02-23,0.03769819001221951
2026-02-24,-0.008908528884014541
2026-02-25,-0.028886816535034728
2026-02-26,-0.02550022076407671
2026-02-27,0.013098900934883485
2026-03-02,-0.00521490550985243
2026-03-03,-0.01642570167387262
2026-03-04,-0.012699332228153325
2026-03-05,-0.015795030202681574
2026-03-06,0.007893574760368881
2026-03-09,-0.003175823565762962
2026-03-10,0.00453749396541994
2026-03-11,0.006513033298799851
2026-03-12,0.014189624657150691
2026-03-13,0.0013290514530569456
2026-03-16,-0.009128912375040647
2026-03-17,-0.005078564243422745
2026-03-18,0.0033344127539628584
2026-03-19,0.003941162386455794
2026-03-20,-0.01218296390535283
2026-03-23,-0.013153988407890836
2026-03-24,0.0018878984669579426
2026-03-25,-0.005781155647540965
2026-03-26,-0.005132615940406175
2026-03-27,0.011418713720079058
2026-03-30,-0.0104188062110781
2026-03-31,-0.029324011861401763
2026-04-01,-0.002757889213219883
2026-04-02,0.0015658186984645463
2026-04-06,-9.880785238973607e-05
2026-04-07,-1.6493699538184343e-05
2026-04-08,-9.162942812383627e-05
2026-04-09,0.01529553332921562
2026-04-10,0.007422016687804896
2026-04-13,-0.017560368691856346
2026-04-14,-0.0033329815452995924
2026-04-15,-0.016171922445255404
2026-04-16,0.0034860357190190806
2026-04-17,-0.0004323114577836772
2026-04-20,0.0030761114869649903
2026-04-21,0.015070312890394712
2026-04-22,0.015624029471366006
2026-04-23,-0.0033560320644193484
2026-04-24,0.012004577797806032
2026-04-27,-0.00019761804685085186
2026-04-28,-0.02059040260636731
2026-04-29,0.027737193368935806
2026-04-30,-0.002278133748595269
2026-05-01,0.0035775551028047947
2026-05-04,0.005640469908376536
2026-05-05,0.012533464714492064
2026-05-06,0.010555168959181606
2026-05-07,-0.011609556492145524
2026-05-08,0.04156046475538222
2026-05-11,0.01652609360382511
2026-05-12,-0.021224068018047666
2026-05-13,0.021600328818036352
2026-05-14,-0.0016517877090399156
2026-05-15,-0.01528511181401155
2026-05-18,-0.01823303002703457
2026-05-19,-0.005974275489880917
2026-05-20,-0.010831375147091428
2026-05-21,-0.0015107358135953493
2026-05-22,0.010643082710808929
2026-05-26,0.02451780565130043
2026-05-27,-0.0004912899026431135
2026-05-28,0.004621997198852279
2026-05-29,0.02560456304041219
2026-06-01,0.021218986049642712
2026-06-02,0.001258031124913679
2026-06-03,-0.010227039855025152
2026-06-04,-0.014242822159293215
2026-06-05,-0.04797768530830083
2026-06-08,0.008340648324020733
2026-06-09,-0.017414166009147768
2026-06-10,-0.011905678192068883
2026-06-11,0.015206286014432463
2026-06-12,0.006054672642998318
2026-06-15,0.004667430104420263
2026-06-16,-0.012200386936313135
2026-06-17,0.019148121771125643
2026-06-18,0.020728177993216593
2026-06-22,0.01916817114649975
2026-06-23,-0.03626468857856477
2026-06-24,0.005400712945079436
2026-06-25,0.025236690961669125
2026-06-26,-0.031054526749652887
2026-06-29,0.011379950935752756
2026-06-30,0.009944607785580234
2026-07-01,-0.02641833299334892
2026-07-02,-0.01816707852096742
2026-07-06,-0.009799410489725038
2026-07-07,-0.015095558210966425
2026-07-08,-0.01602708081451778
2026-07-09,-0.003250097505263738
2026-07-10,-0.006659129886950652
2026-07-13,-0.001842548821504708
2026-07-14,-0.011312721654906474
2026-07-15,-0.011254168736749413
2026-07-16,6.745035454463252e-05
2026-07-17,0.003827997604790475
2026-07-20,-0.0056253622754663226
2026-07-21,-0.024881088558446358
2026-07-22,-0.007873717776540067
2026-07-23,0.016979653696233905
2026-07-24,-0.0018466586461759645
2026-07-27,-0.008679190659970467
2026-07-28,0.021993705998577303
2026-07-29,0.018264879676682465
2026-07-30,-0.050707258961906324
2026-07-31,-0.010512552485311457
2026-08-03,-0.009497658222252492
2026-08-04,-0.02528551130827276
2026-08-05,0.005366963685632977
2026-08-06,-0.0038256692145148324
2026-08-07,0.0002200159635607111
2026-08-10,0.01070092902104096
2026-08-11,-0.0012337033457629199
2026-08-12,-0.008850109001607305
2026-08-13,-0.008866371903596269
