[run_full_grid] loading full point-in-time panels (cached if already built)...
[run_full_grid] panels: 1119 tickers x 6843 days (1999-06-01 .. 2026-08-13)

==============================================================================
ALPHA=volatility (rank(-1 * stddev(delta(close, 1), 20)))  LLM_SEED=1001
==============================================================================
[LocalQwenClient] seed=1001 main_gpu=0
[wfo:reward_only] fold 0: train 2001-01-01..2005-12-31 -> test 2006-01-01..2006-12-31
[reward_only] iter  0/50 [SEED] reward= -9.2254  rank(-1 * stddev(delta(close, 1), 20))
[reward_only] iter  1/50 [OK ] reward= -4.8240  rank(-1 * (stddev(delta(close, 1), 20) / (sma(volume, 20) + 1e-5)))
[reward_only] iter  2/50 [OK ] reward= -7.1254  rank(-1 * (stddev(delta(close, 1), 20) / (sma(volume, 20) + 1e-5)) + cs_rank(vwap))
[reward_only] iter  3/50 [OK ] reward= -4.8240  rank(-1 * (stddev(delta(close, 1), 20) / (sma(volume, 20) + 1e-5)))
[reward_only] iter  4/50 [OK ] reward=-181.8675  rank(-1 * (stddev(delta(close, 1), 20) / (sma(volume, 20) + 1e-5)) + cs_rank(vwap - close))
[reward_only] iter  5/50 [OK ] reward=-139.6547  rank(-1 * (stddev(delta(close, 1), 20) / (sma(volume, 20) + 1e-5))) + cs_rank(vwap - close)
[reward_only] iter  6/50 [OK ] reward= -4.8240  rank(-1 * (stddev(delta(close, 1), 20) / (sma(volume, 20) + 1e-5)))
[reward_only] iter  7/50 [OK ] reward=-181.1694  rank(-1 * (stddev(delta(close, 1), 20) / (sma(volume, 20) + 1e-5) * (vwap - close)))
[reward_only] iter  8/50 [OK ] reward= -4.8240  rank(-1 * (stddev(delta(close, 1), 20) / (sma(volume, 20) + 1e-5)))
[reward_only] iter  9/50 [OK ] reward=-137.0378  rank(-1 * (stddev(delta(close, 1), 20) / (sma(volume, 20) + 1e-5))) + rank((vwap - close) / (high - low + 1e-5))
[reward_only] iter 10/50 [OK ] reward= -4.8240  rank(-1 * (stddev(delta(close, 1), 20) / (sma(volume, 20) + 1e-5)))
[reward_only] iter 11/50 [ERR] reward=    -inf  rank(-1 * (stddev(delta(close, 1), 20) / (sma(volume, 20) + 1e-5))) + cs_rank((close - open) / (high - low))
[reward_only] iter 12/50 [OK ] reward=-141.3312  rank(-1 * (stddev(delta(close, 1), 20) / (sma(volume, 20) + 1e-5))) + cs_rank((close - open) / (high - low + 1e-5))
[reward_only] iter 13/50 [OK ] reward=-141.3312  rank(-1 * (stddev(delta(close, 1), 20) / (sma(volume, 20) + 1e-5))) + cs_rank((close - open) / (high - low + 1e-5))
[reward_only] iter 14/50 [OK ] reward=-141.3312  rank(-1 * (stddev(delta(close, 1), 20) / (sma(volume, 20) + 1e-5))) + cs_rank((close - open) / (high - low + 1e-5))
[reward_only] iter 15/50 [OK ] reward= -4.8240  rank(-1 * (stddev(delta(close, 1), 20) / (sma(volume, 20) + 1e-5)))
[reward_only] iter 16/50 [OK ] reward=-127.9051  rank(-1 * (stddev(delta(close, 1), 20) / (sma(volume, 20) + 1e-5))) * rank(delta(close, 1))
[reward_only] iter 17/50 [OK ] reward= -4.8240  rank(-1 * (stddev(delta(close, 1), 20) / (sma(volume, 20) + 1e-5)))
[reward_only] iter 18/50 [OK ] reward= -3.8304  rank(-1 * (stddev(delta(close, 1), 20) / (sma(volume, 20) + 1e-5)) * cs_rank(vwap))
[reward_only] iter 19/50 [OK ] reward= -3.4631  rank(-1 * (stddev(delta(close, 1), 20) / (sma(volume, 20) + 1e-5)) * vwap)
[reward_only] iter 20/50 [OK ] reward= -4.8240  rank(-1 * (stddev(delta(close, 1), 20) / (sma(volume, 20) + 1e-5)))
[reward_only] iter 21/50 [OK ] reward= -3.3859  rank(-1 * (stddev(delta(close, 1), 20) / (sma(volume, 20) + 1e-5)) * decay_linear(vwap, 20))
[reward_only] iter 22/50 [OK ] reward= -3.4631  rank(-1 * (stddev(delta(close, 1), 20) / (sma(volume, 20) + 1e-5)) * vwap)
[reward_only] iter 23/50 [OK ] reward= -3.3859  rank(-1 * (stddev(delta(close, 1), 20) / (sma(volume, 20) + 1e-5)) * decay_linear(vwap, 20))
[reward_only] iter 24/50 [OK ] reward= -3.4631  rank(-1 * (stddev(delta(close, 1), 20) / (sma(volume, 20) + 1e-5)) * vwap)
[reward_only] iter 25/50 [OK ] reward= -3.3859  rank(-1 * (stddev(delta(close, 1), 20) / (sma(volume, 20) + 1e-5)) * decay_linear(vwap, 20))
[reward_only] iter 26/50 [OK ] reward= -3.4631  rank(-1 * (stddev(delta(close, 1), 20) / (sma(volume, 20) + 1e-5)) * vwap)
[reward_only] iter 27/50 [OK ] reward= -3.3859  rank(-1 * (stddev(delta(close, 1), 20) / (sma(volume, 20) + 1e-5)) * decay_linear(vwap, 20))
[reward_only] iter 28/50 [OK ] reward= -3.3859  cs_rank(-1 * (stddev(delta(close, 1), 20) / (sma(volume, 20) + 1e-5)) * decay_linear(vwap, 20))
[reward_only] iter 29/50 [OK ] reward= -4.8240  rank(-1 * (stddev(delta(close, 1), 20) / (sma(volume, 20) + 1e-5)))
[reward_only] iter 30/50 [OK ] reward= -3.3859  rank(-1 * (stddev(delta(close, 1), 20) / (sma(volume, 20) + 1e-5)) * decay_linear(vwap, 20))
[reward_only] iter 31/50 [OK ] reward= -3.4631  rank(-1 * (stddev(delta(close, 1), 20) / (sma(volume, 20) + 1e-5)) * vwap)
[reward_only] iter 32/50 [OK ] reward= -3.3859  rank(-1 * (stddev(delta(close, 1), 20) / (sma(volume, 20) + 1e-5)) * decay_linear(vwap, 20))
[reward_only] iter 33/50 [OK ] reward= -3.4631  rank(-1 * (stddev(delta(close, 1), 20) / (sma(volume, 20) + 1e-5)) * vwap)
[reward_only] iter 34/50 [OK ] reward= -4.8240  rank(-1 * (stddev(delta(close, 1), 20) / (sma(volume, 20) + 1e-5)))
[reward_only] iter 35/50 [OK ] reward= -3.3859  rank(-1 * (stddev(delta(close, 1), 20) / (sma(volume, 20) + 1e-5)) * decay_linear(vwap, 20))
[reward_only] iter 36/50 [OK ] reward= -3.4631  rank(-1 * (stddev(delta(close, 1), 20) / (sma(volume, 20) + 1e-5)) * vwap)
[reward_only] iter 37/50 [OK ] reward= -3.3859  rank(-1 * (stddev(delta(close, 1), 20) / (sma(volume, 20) + 1e-5)) * decay_linear(vwap, 20))
[reward_only] iter 38/50 [OK ] reward= -3.4631  rank(-1 * (stddev(delta(close, 1), 20) / (sma(volume, 20) + 1e-5)) * vwap)
[reward_only] iter 39/50 [OK ] reward= -4.8240  rank(-1 * (stddev(delta(close, 1), 20) / (sma(volume, 20) + 1e-5)))
[reward_only] iter 40/50 [OK ] reward= -3.3859  rank(-1 * (stddev(delta(close, 1), 20) / (sma(volume, 20) + 1e-5)) * decay_linear(vwap, 20))
[reward_only] iter 41/50 [OK ] reward= -3.4631  rank(-1 * (stddev(delta(close, 1), 20) / (sma(volume, 20) + 1e-5)) * vwap)
[reward_only] iter 42/50 [OK ] reward= -3.3859  rank(-1 * (stddev(delta(close, 1), 20) / (sma(volume, 20) + 1e-5)) * decay_linear(vwap, 20))
[reward_only] iter 43/50 [OK ] reward= -3.4631  rank(-1 * (stddev(delta(close, 1), 20) / (sma(volume, 20) + 1e-5)) * vwap)
[reward_only] iter 44/50 [OK ] reward= -3.3859  rank(-1 * (stddev(delta(close, 1), 20) / (sma(volume, 20) + 1e-5)) * decay_linear(vwap, 20))
[reward_only] iter 45/50 [OK ] reward= -3.4631  rank(-1 * (stddev(delta(close, 1), 20) / (sma(volume, 20) + 1e-5)) * vwap)
[reward_only] iter 46/50 [OK ] reward= -3.3859  rank(-1 * (stddev(delta(close, 1), 20) / (sma(volume, 20) + 1e-5)) * decay_linear(vwap, 20))
[reward_only] iter 47/50 [OK ] reward= -3.4631  rank(-1 * (stddev(delta(close, 1), 20) / (sma(volume, 20) + 1e-5)) * vwap)
[reward_only] iter 48/50 [OK ] reward= -3.3859  rank(-1 * (stddev(delta(close, 1), 20) / (sma(volume, 20) + 1e-5)) * decay_linear(vwap, 20))
[reward_only] iter 49/50 [OK ] reward= -3.4631  rank(-1 * (stddev(delta(close, 1), 20) / (sma(volume, 20) + 1e-5)) * vwap)
[reward_only] iter 50/50 [OK ] reward= -3.4631  rank(-1 * (stddev(delta(close, 1), 20) / (sma(volume, 20) + 1e-5)) * vwap)
[wfo:reward_only] fold 0 winner: rank(-1 * (stddev(delta(close, 1), 20) / (sma(volume, 20) + 1e-5)) * decay_linear(vwap, 20))
[wfo:reward_only] fold 0 OOS: Gross_IR=1.396 Turnover=8.56 Net_IR=0.887
[wfo:reward_only] fold 1: train 2002-01-01..2006-12-31 -> test 2007-01-01..2007-12-31
[reward_only] iter  0/50 [SEED] reward= -8.7672  rank(-1 * stddev(delta(close, 1), 20))
[reward_only] iter  1/50 [OK ] reward=-25.4724  rank(-1 * stddev(delta(close, 1), 20) + cs_rank(volume))
[reward_only] iter  2/50 [OK ] reward=-25.5221  rank(-1 * stddev(delta(close, 1), 20) + cs_rank(volume / (volume + 1e-5)))
[reward_only] iter  3/50 [OK ] reward=-25.5221  rank(-1 * stddev(delta(close, 1), 20) + cs_rank(volume / (volume + 1e-5)))
[reward_only] iter  4/50 [OK ] reward=-27.1427  rank(-1 * stddev(delta(close, 1), 20)) + rank(volume / (volume + 1e-5))
[reward_only] iter  5/50 [OK ] reward= -8.7672  rank(-1 * stddev(delta(close, 1), 20))
[reward_only] iter  6/50 [OK ] reward=-107.5201  cs_rank(-1 * stddev(delta(close, 1), 20)) + cs_rank(-1 * ts_rank(volume, 20))
[reward_only] iter  7/50 [OK ] reward=-85.9245  rank(-1 * stddev(delta(close, 1), 20) + ts_rank(volume, 20))
[reward_only] iter  8/50 [OK ] reward=-116.7211  rank(-1 * stddev(delta(close, 1), 20) + zscore(volume, 20))
[reward_only] iter  9/50 [OK ] reward=-116.0111  rank(-1 * decay_linear(stddev(delta(close, 1), 20), 10) + zscore(volume, 20))
[reward_only] iter 10/50 [OK ] reward=-85.5898  rank(-1 * decay_linear(stddev(delta(close, 1), 20), 10) + ts_rank(volume, 20))
[reward_only] iter 11/50 [OK ] reward=-85.9245  rank(-1 * stddev(delta(close, 1), 20) + ts_rank(volume, 20))
[reward_only] iter 12/50 [OK ] reward=-13.4584  rank(-1 * stddev(delta(close, 1), 20) + decay_linear(ts_rank(volume, 20), 20))
[reward_only] iter 13/50 [OK ] reward= -5.5990  rank(-1 * stddev(delta(close, 1), 20) + decay_linear(cs_rank(volume), 20))
[reward_only] iter 14/50 [OK ] reward=-77.1809  rank(-1 * stddev(delta(close, 1), 20) + decay_linear(cs_rank(volume), 20) + ts_rank(close - open, 10))
[reward_only] iter 15/50 [OK ] reward= -5.5990  rank(-1 * stddev(delta(close, 1), 20) + decay_linear(cs_rank(volume), 20))
[reward_only] iter 16/50 [OK ] reward=-75.6292  rank(-1 * stddev(delta(close, 1), 20) + decay_linear(cs_rank(volume), 20) + ts_rank(delta(close, 1), 20))
[reward_only] iter 17/50 [OK ] reward= -5.5990  rank(-1 * stddev(delta(close, 1), 20) + decay_linear(cs_rank(volume), 20))
[reward_only] iter 18/50 [OK ] reward=-84.1089  rank(-1 * stddev(delta(close, 1), 20) + decay_linear(cs_rank(volume), 20) + cs_rank(open - close))
[reward_only] iter 19/50 [OK ] reward= -5.5990  rank(-1 * stddev(delta(close, 1), 20) + decay_linear(cs_rank(volume), 20))
[reward_only] iter 20/50 [OK ] reward=-10.5975  rank(-1 * stddev(delta(close, 1), 20) + decay_linear(cs_rank(volume), 20) + cs_rank(vwap))
[reward_only] iter 21/50 [OK ] reward= -5.5990  rank(-1 * stddev(delta(close, 1), 20) + decay_linear(cs_rank(volume), 20))
[reward_only] iter 22/50 [OK ] reward=-13.6677  rank(-1 * stddev(delta(close, 1), 20) + decay_linear(cs_rank(vwap), 20))
[reward_only] iter 23/50 [OK ] reward=-46.6701  rank(-1 * ts_rank(close, 20) + decay_linear(cs_rank(volume), 20))
[reward_only] iter 24/50 [OK ] reward=-44.3344  rank(-1 * stddev(delta(close, 1), 20) + decay_linear(cs_rank(volume), 20) + zscore(vwap, 20))
[reward_only] iter 25/50 [OK ] reward= -5.5990  rank(-1 * stddev(delta(close, 1), 20) + decay_linear(cs_rank(volume), 20))
[reward_only] iter 26/50 [OK ] reward=-13.4584  rank(-1 * stddev(delta(close, 1), 20) + decay_linear(ts_rank(volume, 20), 20))
[reward_only] iter 27/50 [OK ] reward=-13.6677  rank(-1 * stddev(delta(close, 1), 20) + decay_linear(cs_rank(vwap), 20))
[reward_only] iter 28/50 [OK ] reward=-23.5970  rank(-1 * stddev(delta(close, 1), 20) + decay_linear(cs_rank(high - low), 20))
[reward_only] iter 29/50 [OK ] reward=-25.4724  rank(-1 * stddev(delta(close, 1), 20) + cs_rank(volume))
[reward_only] iter 30/50 [OK ] reward=-76.5519  rank(-1 * stddev(delta(close, 1), 20) + decay_linear(cs_rank(volume), 20) + ts_rank(zscore(close - open, 20), 20))
[reward_only] iter 31/50 [OK ] reward= -5.5990  rank(-1 * stddev(delta(close, 1), 20) + decay_linear(cs_rank(volume), 20))
[reward_only] iter 32/50 [OK ] reward= -5.6994  rank(-1 * stddev(delta(close, 1), 20) + decay_linear(cs_rank(volume / (volume + 1e-5)), 20))
[reward_only] iter 33/50 [OK ] reward= -5.5990  rank(-1 * stddev(delta(close, 1), 20) + decay_linear(cs_rank(volume), 20))
[reward_only] iter 34/50 [OK ] reward=-27.7478  rank(-1 * stddev(delta(close, 1), 20) + decay_linear(cs_rank(volume), 20) + ts_rank(vwap, 20))
[reward_only] iter 35/50 [OK ] reward= -5.5990  rank(-1 * stddev(delta(close, 1), 20) + decay_linear(cs_rank(volume), 20))
[reward_only] iter 36/50 [OK ] reward=-12.6808  rank(-1 * stddev(delta(close, 1), 20) + decay_linear(ts_rank(vwap, 20), 20))
[reward_only] iter 37/50 [OK ] reward=-30.9179  rank(-1 * stddev(delta(close, 1), 20) + decay_linear(cs_rank(volume), 20) + cs_rank(-1 * (high - low)))
[reward_only] iter 38/50 [OK ] reward= -5.5990  rank(-1 * stddev(delta(close, 1), 20) + decay_linear(cs_rank(volume), 20))
[reward_only] iter 39/50 [OK ] reward=-13.6677  rank(-1 * stddev(delta(close, 1), 20) + decay_linear(cs_rank(vwap), 20))
[reward_only] iter 40/50 [OK ] reward=-54.8631  rank(-1 * cs_rank(zscore(close, 20)) + cs_rank(volume))
[reward_only] iter 41/50 [OK ] reward=-29.9588  rank(-1 * stddev(delta(close, 1), 20) + decay_linear(cs_rank(volume), 20) + cs_rank(zscore(close, 20)))
[reward_only] iter 42/50 [OK ] reward= -5.5990  rank(-1 * stddev(delta(close, 1), 20) + decay_linear(cs_rank(volume), 20))
[reward_only] iter 43/50 [OK ] reward= -5.6994  rank(-1 * stddev(delta(close, 1), 20) + decay_linear(cs_rank(volume / (volume + 1e-5)), 20))
[reward_only] iter 44/50 [OK ] reward=-25.4724  rank(-1 * stddev(delta(close, 1), 20) + cs_rank(volume))
[reward_only] iter 45/50 [OK ] reward=-45.5569  rank(-1 * stddev(delta(close, 1), 20) + decay_linear(cs_rank(volume), 20) * zscore(close, 20))
[reward_only] iter 46/50 [OK ] reward= -5.5990  rank(-1 * stddev(delta(close, 1), 20) + decay_linear(cs_rank(volume), 20))
[reward_only] iter 47/50 [OK ] reward=-27.7478  rank(-1 * stddev(delta(close, 1), 20) + decay_linear(cs_rank(volume), 20) + ts_rank(vwap, 20))
[reward_only] iter 48/50 [OK ] reward= -5.5990  rank(-1 * stddev(delta(close, 1), 20) + decay_linear(cs_rank(volume), 20))
[reward_only] iter 49/50 [OK ] reward=-44.3344  rank(-1 * stddev(delta(close, 1), 20) + decay_linear(cs_rank(volume), 20) + zscore(vwap, 20))
[reward_only] iter 50/50 [OK ] reward= -5.5990  rank(-1 * stddev(delta(close, 1), 20) + decay_linear(cs_rank(volume), 20))
[wfo:reward_only] fold 1 winner: rank(-1 * stddev(delta(close, 1), 20) + decay_linear(cs_rank(volume), 20))
[wfo:reward_only] fold 1 OOS: Gross_IR=0.956 Turnover=11.88 Net_IR=0.284
[wfo:reward_only] fold 2: train 2003-01-01..2007-12-31 -> test 2008-01-01..2008-12-31
[reward_only] iter  0/50 [SEED] reward= -8.7417  rank(-1 * stddev(delta(close, 1), 20))
[reward_only] iter  1/50 [OK ] reward= -2.1757  cs_rank(-1 * decay_linear(stddev(delta(close, 1), 20), 50))
[reward_only] iter  2/50 [OK ] reward=-46.9725  cs_rank(-1 * decay_linear(stddev(delta(close, 1), 20), 50) * cs_rank(volume))
[reward_only] iter  3/50 [OK ] reward= -2.0001  cs_rank(-1 * decay_linear(stddev(delta(close, 1), 20), 50) * cs_rank(vwap))
[reward_only] iter  4/50 [OK ] reward=-31.5274  cs_rank(-1 * decay_linear(stddev(delta(close, 1), 20), 50) * cs_rank(vwap) * cs_rank(volume))
[reward_only] iter  5/50 [OK ] reward= -2.0001  cs_rank(-1 * decay_linear(stddev(delta(close, 1), 20), 50) * cs_rank(vwap))
[reward_only] iter  6/50 [OK ] reward=-16.3550  cs_rank(-1 * decay_linear(stddev(delta(close, 1), 20), 50) * cs_rank(vwap / (volume + 1e-5)))
[reward_only] iter  7/50 [OK ] reward= -2.0001  cs_rank(-1 * decay_linear(stddev(delta(close, 1), 20), 50) * cs_rank(vwap))
[reward_only] iter  8/50 [OK ] reward=-31.1012  cs_rank(-1 * decay_linear(stddev(delta(close, 1), 20), 50) * cs_rank(vwap * cs_rank(volume)))
[reward_only] iter  9/50 [OK ] reward= -2.0001  cs_rank(-1 * decay_linear(stddev(delta(close, 1), 20), 50) * cs_rank(vwap))
[reward_only] iter 10/50 [OK ] reward=-31.5274  cs_rank(-1 * decay_linear(stddev(delta(close, 1), 20), 50) * cs_rank(vwap) * cs_rank(volume))
[reward_only] iter 11/50 [OK ] reward= -2.0001  cs_rank(-1 * decay_linear(stddev(delta(close, 1), 20), 50) * cs_rank(vwap))
[reward_only] iter 12/50 [OK ] reward=-31.5274  cs_rank(-1 * decay_linear(stddev(delta(close, 1), 20), 50) * cs_rank(vwap) * cs_rank(volume))
[reward_only] iter 13/50 [OK ] reward= -2.0001  cs_rank(-1 * decay_linear(stddev(delta(close, 1), 20), 50) * cs_rank(vwap))
[reward_only] iter 14/50 [OK ] reward=-31.5274  cs_rank(-1 * decay_linear(stddev(delta(close, 1), 20), 50) * cs_rank(vwap) * cs_rank(volume))
[reward_only] iter 15/50 [OK ] reward= -2.0001  cs_rank(-1 * decay_linear(stddev(delta(close, 1), 20), 50) * cs_rank(vwap))
[reward_only] iter 16/50 [OK ] reward=-46.9725  cs_rank(-1 * decay_linear(stddev(delta(close, 1), 20), 50) * cs_rank(volume))
[reward_only] iter 17/50 [OK ] reward=-129.8554  cs_rank(-1 * decay_linear(stddev(delta(close, 1), 20), 50) * cs_rank(vwap)) + cs_rank(zscore(high - low, 20))
[reward_only] iter 18/50 [OK ] reward= -2.0001  cs_rank(-1 * decay_linear(stddev(delta(close, 1), 20), 50) * cs_rank(vwap))
[reward_only] iter 19/50 [OK ] reward=-36.4671  cs_rank(-1 * decay_linear(stddev(delta(close, 1), 20), 50) * cs_rank(zscore(vwap, 20)))
[reward_only] iter 20/50 [OK ] reward= -2.0001  cs_rank(-1 * decay_linear(stddev(delta(close, 1), 20), 50) * cs_rank(vwap))
[reward_only] iter 21/50 [OK ] reward=-34.3902  cs_rank(-1 * decay_linear(stddev(delta(close, 1), 20), 50) * cs_rank(vwap * volume))
[reward_only] iter 22/50 [OK ] reward= -2.0001  cs_rank(-1 * decay_linear(stddev(delta(close, 1), 20), 50) * cs_rank(vwap))
[reward_only] iter 23/50 [OK ] reward=-34.3902  cs_rank(-1 * decay_linear(stddev(delta(close, 1), 20), 50) * cs_rank(vwap * volume))
[reward_only] iter 24/50 [OK ] reward= -2.0001  cs_rank(-1 * decay_linear(stddev(delta(close, 1), 20), 50) * cs_rank(vwap))
[reward_only] iter 25/50 [OK ] reward=-31.5274  cs_rank(-1 * decay_linear(stddev(delta(close, 1), 20), 50) * cs_rank(vwap) * cs_rank(volume))
[reward_only] iter 26/50 [OK ] reward= -2.0001  cs_rank(-1 * decay_linear(stddev(delta(close, 1), 20), 50) * cs_rank(vwap))
[reward_only] iter 27/50 [OK ] reward=-31.5274  cs_rank(-1 * decay_linear(stddev(delta(close, 1), 20), 50) * cs_rank(vwap) * cs_rank(volume))
[reward_only] iter 28/50 [OK ] reward= -2.0001  cs_rank(-1 * decay_linear(stddev(delta(close, 1), 20), 50) * cs_rank(vwap))
[reward_only] iter 29/50 [OK ] reward=-16.3550  cs_rank(-1 * decay_linear(stddev(delta(close, 1), 20), 50) * cs_rank(vwap / (volume + 1e-5)))
[reward_only] iter 30/50 [OK ] reward= -2.0001  cs_rank(-1 * decay_linear(stddev(delta(close, 1), 20), 50) * cs_rank(vwap))
[reward_only] iter 31/50 [OK ] reward=-31.5274  cs_rank(-1 * decay_linear(stddev(delta(close, 1), 20), 50) * cs_rank(vwap) * cs_rank(volume))
[reward_only] iter 32/50 [OK ] reward= -2.0001  cs_rank(-1 * decay_linear(stddev(delta(close, 1), 20), 50) * cs_rank(vwap))
[reward_only] iter 33/50 [OK ] reward=-46.9725  cs_rank(-1 * decay_linear(stddev(delta(close, 1), 20), 50) * cs_rank(volume))
[reward_only] iter 34/50 [OK ] reward=-34.3902  cs_rank(-1 * decay_linear(stddev(delta(close, 1), 20), 50) * cs_rank(vwap * volume))
[reward_only] iter 35/50 [OK ] reward= -2.0001  cs_rank(-1 * decay_linear(stddev(delta(close, 1), 20), 50) * cs_rank(vwap))
[reward_only] iter 36/50 [OK ] reward=-34.3902  cs_rank(-1 * decay_linear(stddev(delta(close, 1), 20), 50) * cs_rank(vwap * volume))
[reward_only] iter 37/50 [OK ] reward= -2.0001  cs_rank(-1 * decay_linear(stddev(delta(close, 1), 20), 50) * cs_rank(vwap))
[reward_only] iter 38/50 [OK ] reward=-31.5274  cs_rank(-1 * decay_linear(stddev(delta(close, 1), 20), 50) * cs_rank(vwap) * cs_rank(volume))
[reward_only] iter 39/50 [OK ] reward= -2.0001  cs_rank(-1 * decay_linear(stddev(delta(close, 1), 20), 50) * cs_rank(vwap))
[reward_only] iter 40/50 [OK ] reward= -2.1156  cs_rank(-1 * decay_linear(stddev(delta(close, 1), 20), 50) * cs_rank((high + low) / 2))
[reward_only] iter 41/50 [OK ] reward= -2.0001  cs_rank(-1 * decay_linear(stddev(delta(close, 1), 20), 50) * cs_rank(vwap))
[reward_only] iter 42/50 [OK ] reward=-56.0358  cs_rank(-1 * decay_linear(stddev(delta(close, 1), 20), 50) * cs_rank(vwap * ts_rank(volume, 20)))
[reward_only] iter 43/50 [OK ] reward= -2.0001  cs_rank(-1 * decay_linear(stddev(delta(close, 1), 20), 50) * cs_rank(vwap))
[reward_only] iter 44/50 [OK ] reward=-31.5274  cs_rank(-1 * decay_linear(stddev(delta(close, 1), 20), 50) * cs_rank(vwap) * cs_rank(volume))
[reward_only] iter 45/50 [OK ] reward= -2.0001  cs_rank(-1 * decay_linear(stddev(delta(close, 1), 20), 50) * cs_rank(vwap))
[reward_only] iter 46/50 [OK ] reward=-31.5274  cs_rank(-1 * decay_linear(stddev(delta(close, 1), 20), 50) * cs_rank(vwap) * cs_rank(volume))
[reward_only] iter 47/50 [OK ] reward= -2.0001  cs_rank(-1 * decay_linear(stddev(delta(close, 1), 20), 50) * cs_rank(vwap))
[reward_only] iter 48/50 [OK ] reward=-16.3550  cs_rank(-1 * decay_linear(stddev(delta(close, 1), 20), 50) * cs_rank(vwap / (volume + 1e-5)))
[reward_only] iter 49/50 [OK ] reward= -2.0001  cs_rank(-1 * decay_linear(stddev(delta(close, 1), 20), 50) * cs_rank(vwap))
[reward_only] iter 50/50 [OK ] reward=-46.9725  cs_rank(-1 * decay_linear(stddev(delta(close, 1), 20), 50) * cs_rank(volume))
[wfo:reward_only] fold 2 winner: cs_rank(-1 * decay_linear(stddev(delta(close, 1), 20), 50) * cs_rank(vwap))
[wfo:reward_only] fold 2 OOS: Gross_IR=1.418 Turnover=9.60 Net_IR=1.146
[wfo:reward_only] fold 3: train 2004-01-01..2008-12-31 -> test 2009-01-01..2009-12-31
[reward_only] iter  0/50 [SEED] reward= -8.9793  rank(-1 * stddev(delta(close, 1), 20))
[reward_only] iter  1/50 [OK ] reward= -7.8286  cs_rank(-1 * (stddev(delta(close, 1), 20) / (stddev(volume, 20) + 1e-5)))
[reward_only] iter  2/50 [OK ] reward=-71.9163  cs_rank(-1 * (ts_rank(stddev(delta(close, 1), 20), 20) / (ts_rank(stddev(volume, 20), 20) + 1e-5)))
[reward_only] iter  3/50 [OK ] reward= -7.8286  cs_rank(-1 * (stddev(delta(close, 1), 20) / (stddev(volume, 20) + 1e-5)))
[reward_only] iter  4/50 [OK ] reward=-92.9053  cs_rank(-1 * (stddev(delta(close, 1), 20) / (stddev(volume, 20) + 1e-5))) + cs_rank((high - low) / (high + low + 1e-5))
[reward_only] iter  5/50 [OK ] reward=-92.9053  cs_rank(-1 * (stddev(delta(close, 1), 20) / (stddev(volume, 20) + 1e-5))) + cs_rank((high - low) / (high + low + 1e-5))
[reward_only] iter  6/50 [OK ] reward=-92.9053  cs_rank(-1 * (stddev(delta(close, 1), 20) / (stddev(volume, 20) + 1e-5))) + cs_rank((high - low) / (high + low + 1e-5))
[reward_only] iter  7/50 [OK ] reward=-92.9053  cs_rank(-1 * (stddev(delta(close, 1), 20) / (stddev(volume, 20) + 1e-5))) + cs_rank((high - low) / (high + low + 1e-5))
[reward_only] iter  8/50 [OK ] reward=-137.1943  cs_rank(-1 * (stddev(delta(close, 1), 20) / (stddev(volume, 20) + 1e-5))) + cs_rank((close - open) / (high - low + 1e-5))
[reward_only] iter  9/50 [OK ] reward= -7.8286  cs_rank(-1 * (stddev(delta(close, 1), 20) / (stddev(volume, 20) + 1e-5)))
[reward_only] iter 10/50 [ERR] reward=    -inf  cs_rank(-1 * (stddev(delta(close, 1), 20) / (stddev(volume, 20) + 1e-5)) + ts_rank((high - low) / (high + low), 20))
[reward_only] iter 11/50 [OK ] reward=-122.2481  cs_rank(-1 * (stddev(delta(close, 1), 20) / (stddev(volume, 20) + 1e-5)) + cs_rank((high - low) / (high + low + 1e-5)))
[reward_only] iter 12/50 [OK ] reward= -7.8286  cs_rank(-1 * (stddev(delta(close, 1), 20) / (stddev(volume, 20) + 1e-5)))
[reward_only] iter 13/50 [OK ] reward=-71.9163  cs_rank(-1 * (ts_rank(stddev(delta(close, 1), 20), 20) / (ts_rank(stddev(volume, 20), 20) + 1e-5)))
[reward_only] iter 14/50 [OK ] reward= -7.8286  cs_rank(-1 * (stddev(delta(close, 1), 20) / (stddev(volume, 20) + 1e-5)))
[reward_only] iter 15/50 [ERR] reward=    -inf  cs_rank(-1 * (decay_linear(stddev(delta(close, 1), 20) / (stddev(volume, 20) + 1e-5), 50))
[reward_only] iter 16/50 [ERR] reward=    -inf  cs_rank(-1 * (decay_linear(ts_rank(stddev(delta(close, 1), 20) / (stddev(volume, 20) + 1e-5), 20), 50))
[reward_only] iter 17/50 [ERR] reward=    -inf  cs_rank(-1 * (decay_linear(stddev(delta(close, 1), 20) / (stddev(volume, 20) + 1e-5), 50))
[reward_only] iter 18/50 [ERR] reward=    -inf  cs_rank(-1 * (ts_rank(stddev(delta(close, 1), 20) / (stddev(volume, 20) + 1e-5), 20))
[reward_only] iter 19/50 [OK ] reward= -7.8286  cs_rank(-1 * (stddev(delta(close, 1), 20) / (stddev(volume, 20) + 1e-5)))
[reward_only] iter 20/50 [OK ] reward= -5.2214  cs_rank(-1 * (sma(stddev(delta(close, 1), 20), 5) / (sma(stddev(volume, 20), 5) + 1e-5)))
[reward_only] iter 21/50 [OK ] reward= -7.8286  cs_rank(-1 * (stddev(delta(close, 1), 20) / (stddev(volume, 20) + 1e-5)))
[reward_only] iter 22/50 [OK ] reward= -5.2214  cs_rank(-1 * (sma(stddev(delta(close, 1), 20), 5) / (sma(stddev(volume, 20), 5) + 1e-5)))
[reward_only] iter 23/50 [OK ] reward= -7.8286  cs_rank(-1 * (stddev(delta(close, 1), 20) / (stddev(volume, 20) + 1e-5)))
[reward_only] iter 24/50 [OK ] reward= -5.2214  cs_rank(-1 * (sma(stddev(delta(close, 1), 20), 5) / (sma(stddev(volume, 20), 5) + 1e-5)))
[reward_only] iter 25/50 [OK ] reward=-71.9163  cs_rank(-1 * (ts_rank(stddev(delta(close, 1), 20), 20) / (ts_rank(stddev(volume, 20), 20) + 1e-5)))
[reward_only] iter 26/50 [OK ] reward= -5.2214  cs_rank(-1 * (sma(stddev(delta(close, 1), 20), 5) / (sma(stddev(volume, 20), 5) + 1e-5)))
[reward_only] iter 27/50 [OK ] reward= -5.2214  cs_rank(-1 * (sma(stddev(delta(close, 1), 20), 5) / (sma(stddev(volume, 20), 5) + 1e-5)))
[reward_only] iter 28/50 [OK ] reward= -7.8286  cs_rank(-1 * (stddev(delta(close, 1), 20) / (stddev(volume, 20) + 1e-5)))
[reward_only] iter 29/50 [OK ] reward= -5.2214  cs_rank(-1 * (sma(stddev(delta(close, 1), 20), 5) / (sma(stddev(volume, 20), 5) + 1e-5)))
[reward_only] iter 30/50 [OK ] reward= -7.8286  cs_rank(-1 * (stddev(delta(close, 1), 20) / (stddev(volume, 20) + 1e-5)))
[reward_only] iter 31/50 [OK ] reward= -5.2214  cs_rank(-1 * (sma(stddev(delta(close, 1), 20), 5) / (sma(stddev(volume, 20), 5) + 1e-5)))
[reward_only] iter 32/50 [OK ] reward= -7.8286  cs_rank(-1 * (stddev(delta(close, 1), 20) / (stddev(volume, 20) + 1e-5)))
[reward_only] iter 33/50 [ERR] reward=    -inf  cs_rank(-1 * (decay_linear(sma(stddev(delta(close, 1), 20), 5), 10) / (decay_linear(sma(stddev(volume, 20), 5), 10) + 1e-5)))
[reward_only] iter 34/50 [OK ] reward=-42.5297  cs_rank(-1 * (ts_rank(sma(stddev(delta(close, 1), 20), 5), 20) / (ts_rank(sma(stddev(volume, 20), 5), 20) + 1e-5)))
[reward_only] iter 35/50 [OK ] reward= -5.2214  cs_rank(-1 * (sma(stddev(delta(close, 1), 20), 5) / (sma(stddev(volume, 20), 5) + 1e-5)))
[reward_only] iter 36/50 [OK ] reward= -5.2214  cs_rank(-1 * (sma(stddev(delta(close, 1), 20), 5) / (sma(stddev(volume, 20), 5) + 1e-5)))
[reward_only] iter 37/50 [OK ] reward= -5.2214  cs_rank(-1 * (sma(stddev(delta(close, 1), 20), 5) / (sma(stddev(volume, 20), 5) + 1e-5)))
[reward_only] iter 38/50 [OK ] reward= -5.2214  cs_rank(-1 * (sma(stddev(delta(close, 1), 20), 5) / (sma(stddev(volume, 20), 5) + 1e-5)))
[reward_only] iter 39/50 [OK ] reward= -5.2214  cs_rank(-1 * (sma(stddev(delta(close, 1), 20), 5) / (sma(stddev(volume, 20), 5) + 1e-5)))
[reward_only] iter 40/50 [OK ] reward= -5.2214  cs_rank(-1 * (sma(stddev(delta(close, 1), 20), 5) / (sma(stddev(volume, 20), 5) + 1e-5)))
[reward_only] iter 41/50 [OK ] reward= -7.8286  cs_rank(-1 * (stddev(delta(close, 1), 20) / (stddev(volume, 20) + 1e-5)))
[reward_only] iter 42/50 [ERR] reward=    -inf  cs_rank(-1 * (decay_linear(sma(stddev(delta(close, 1), 20), 5), 5) / (sma(stddev(volume, 20), 5) + 1e-5)))
[reward_only] iter 43/50 [OK ] reward= -5.2214  cs_rank(-1 * (sma(stddev(delta(close, 1), 20), 5) / (sma(stddev(volume, 20), 5) + 1e-5)))
[reward_only] iter 44/50 [OK ] reward= -7.8286  cs_rank(-1 * (stddev(delta(close, 1), 20) / (stddev(volume, 20) + 1e-5)))
[reward_only] iter 45/50 [OK ] reward= -5.2214  cs_rank(-1 * (sma(stddev(delta(close, 1), 20), 5) / (sma(stddev(volume, 20), 5) + 1e-5)))
[reward_only] iter 46/50 [OK ] reward= -7.8286  cs_rank(-1 * (stddev(delta(close, 1), 20) / (stddev(volume, 20) + 1e-5)))
[reward_only] iter 47/50 [ERR] reward=    -inf  cs_rank(-1 * (decay_linear(sma(stddev(delta(close, 1), 20), 5) / (sma(stddev(volume, 20), 5) + 1e-5), 10))
[reward_only] iter 48/50 [OK ] reward= -4.3754  cs_rank(-1 * (decay_linear(sma(stddev(delta(close, 1), 20), 5) / (sma(stddev(volume, 20), 5) + 1e-5), 10)))
[reward_only] iter 49/50 [OK ] reward= -4.3754  cs_rank(-1 * (decay_linear(sma(stddev(delta(close, 1), 20), 5) / (sma(stddev(volume, 20), 5) + 1e-5), 10)))
[reward_only] iter 50/50 [OK ] reward= -5.2214  cs_rank(-1 * (sma(stddev(delta(close, 1), 20), 5) / (sma(stddev(volume, 20), 5) + 1e-5)))
[wfo:reward_only] fold 3 winner: cs_rank(-1 * (decay_linear(sma(stddev(delta(close, 1), 20), 5) / (sma(stddev(volume, 20), 5) + 1e-5), 10)))
[wfo:reward_only] fold 3 OOS: Gross_IR=1.756 Turnover=9.04 Net_IR=1.407
[wfo:reward_only] fold 4: train 2005-01-01..2009-12-31 -> test 2010-01-01..2010-12-31
[reward_only] iter  0/50 [SEED] reward= -8.7702  rank(-1 * stddev(delta(close, 1), 20))
[reward_only] iter  1/50 [OK ] reward= -4.0121  rank(-1 * decay_linear(stddev(delta(close, 1), 20), 20))
[reward_only] iter  2/50 [OK ] reward=-19.9217  cs_rank(-1 * decay_linear(ts_rank(stddev(delta(close, 1), 20), 20), 20))
[reward_only] iter  3/50 [ERR] reward=    -inf  rank(-1 * decay_linear(stddev(delta(close, 1), 20), 20)) + rank((close - open) / (high - low))
[reward_only] iter  4/50 [OK ] reward=-136.7980  rank(-1 * decay_linear(stddev(delta(close, 1), 20), 20)) + rank((close - open) / (high - low + 1e-5))
[reward_only] iter  5/50 [OK ] reward=-14.5501  rank(-1 * decay_linear(stddev(delta(close, 1), 20), 20)) + rank(volume / (vwap * 100 + 1e-5))
[reward_only] iter  6/50 [OK ] reward=-14.5001  rank(-1 * decay_linear(stddev(delta(close, 1), 20), 20)) + rank(volume / (vwap + 1e-5))
[reward_only] iter  7/50 [OK ] reward=-12.6007  rank(-1 * decay_linear(stddev(delta(close, 1), 20), 20)) * rank(volume / (vwap + 1e-5))
[reward_only] iter  8/50 [OK ] reward=-12.6007  rank(-1 * decay_linear(stddev(delta(close, 1), 20), 20)) * rank(volume / (vwap + 1e-5))
[reward_only] iter  9/50 [OK ] reward=-12.6007  rank(-1 * decay_linear(stddev(delta(close, 1), 20), 20)) * rank(volume / (vwap + 1e-5))
[reward_only] iter 10/50 [OK ] reward=-12.6007  rank(-1 * decay_linear(stddev(delta(close, 1), 20), 20)) * cs_rank(volume / (vwap + 1e-5))
[reward_only] iter 11/50 [OK ] reward=-14.5001  rank(-1 * decay_linear(stddev(delta(close, 1), 20), 20)) + cs_rank(volume / (vwap + 1e-5))
[reward_only] iter 12/50 [OK ] reward=-14.5001  rank(-1 * decay_linear(stddev(delta(close, 1), 20), 20)) + cs_rank(volume / (vwap + 1e-5))
[reward_only] iter 13/50 [OK ] reward= -4.0121  rank(-1 * decay_linear(stddev(delta(close, 1), 20), 20))
[reward_only] iter 14/50 [OK ] reward=-31.9445  rank(-1 * decay_linear(stddev(delta(close, 1), 20), 20) + ts_rank(vwap, 20))
[reward_only] iter 15/50 [OK ] reward=-20.4276  rank(-1 * decay_linear(stddev(delta(close, 1), 20), 20) + cs_rank(volume))
[reward_only] iter 16/50 [OK ] reward=-104.6584  rank(-1 * decay_linear(stddev(delta(close, 1), 20), 20) + cs_rank(vwap / (high + low + 1e-5)))
[reward_only] iter 17/50 [OK ] reward= -4.0121  cs_rank(-1 * decay_linear(stddev(delta(close, 1), 20), 20))
[reward_only] iter 18/50 [OK ] reward= -4.0121  cs_rank(-1 * decay_linear(stddev(delta(close, 1), 20), 20))
[reward_only] iter 19/50 [OK ] reward=-19.7588  rank(-1 * decay_linear(zscore(stddev(delta(close, 1), 20), 20), 20))
[reward_only] iter 20/50 [ERR] reward=    -inf  cs_rank((close - open) / (high - low))
[reward_only] iter 21/50 [OK ] reward=-136.7980  rank(-1 * decay_linear(stddev(delta(close, 1), 20), 20)) + rank((close - open) / (high - low + 1e-5))
[reward_only] iter 22/50 [ERR] reward=    -inf  rank(-1 * decay_linear(stddev(delta(close, 1), 20), 20)) + rank(volume / (vwap * (high - low + 1e-5)))
[reward_only] iter 23/50 [ERR] reward=    -inf  rank(-1 * decay_linear(stddev(delta(close, 1), 20), 20)) + rank(volume / (vwap * (high - low + 1e-5)))
[reward_only] iter 24/50 [ERR] reward=    -inf  rank(-1 * decay_linear(stddev(delta(close, 1), 20), 20)) + rank(volume / (vwap * (high - low + 1e-5)))
[reward_only] iter 25/50 [ERR] reward=    -inf  rank(-1 * decay_linear(stddev(delta(close, 1), 20), 20)) + rank(volume / (vwap * (high - low + 1e-5)))
[reward_only] iter 26/50 [ERR] reward=    -inf  rank(-1 * decay_linear(stddev(delta(close, 1), 20), 20)) + rank(volume / (vwap * (high - low + 1e-5)))
[reward_only] iter 27/50 [ERR] reward=    -inf  rank(-1 * decay_linear(stddev(delta(close, 1), 20), 20)) + cs_rank(volume / (vwap * (high - low + 1e-5)))
[reward_only] iter 28/50 [ERR] reward=    -inf  rank(-1 * decay_linear(stddev(delta(close, 1), 20), 20)) + cs_rank(volume / (vwap * (high - low + 1e-5)))
[reward_only] iter 29/50 [ERR] reward=    -inf  rank(-1 * decay_linear(stddev(delta(close, 1), 20), 20)) + cs_rank(volume / (vwap * (high - low + 1e-5)))
[reward_only] iter 30/50 [ERR] reward=    -inf  rank(-1 * decay_linear(stddev(delta(close, 1), 20), 20)) + cs_rank(volume / (vwap * (high - low + 1e-5)))
[reward_only] iter 31/50 [ERR] reward=    -inf  rank(-1 * decay_linear(stddev(delta(close, 1), 20), 20)) + cs_rank(volume / (vwap * (high - low + 1e-5)))
[reward_only] iter 32/50 [OK ] reward=-14.5001  rank(-1 * decay_linear(stddev(delta(close, 1), 20), 20)) + cs_rank(volume / (vwap + 1e-5))
[reward_only] iter 33/50 [OK ] reward=-14.5001  rank(-1 * decay_linear(stddev(delta(close, 1), 20), 20)) + cs_rank(volume / (vwap + 1e-5))
[reward_only] iter 34/50 [OK ] reward= -4.0121  rank(-1 * decay_linear(stddev(delta(close, 1), 20), 20))
[reward_only] iter 35/50 [OK ] reward=-42.3006  rank(-1 * decay_linear(stddev(delta(close, 1), 20), 20) * cs_rank(volume))
[reward_only] iter 36/50 [OK ] reward= -3.1290  rank(-1 * decay_linear(stddev(delta(close, 1), 20), 20) * cs_rank(vwap))
[reward_only] iter 37/50 [OK ] reward=-14.5851  rank(-1 * decay_linear(stddev(delta(close, 1), 20), 20) * cs_rank(vwap / (volume + 1e-5)))
[reward_only] iter 38/50 [OK ] reward= -3.1290  rank(-1 * decay_linear(stddev(delta(close, 1), 20), 20) * cs_rank(vwap))
[reward_only] iter 39/50 [OK ] reward=-11.4020  rank(-1 * decay_linear(ts_rank(stddev(delta(close, 1), 20), 20), 20) * cs_rank(vwap))
[reward_only] iter 40/50 [OK ] reward= -3.1290  rank(-1 * decay_linear(stddev(delta(close, 1), 20), 20) * cs_rank(vwap))
[reward_only] iter 41/50 [OK ] reward=-57.0652  rank(-1 * decay_linear(stddev(delta(close, 1), 20), 20) * cs_rank(vwap) * ts_rank(volume, 20))
[reward_only] iter 42/50 [OK ] reward= -3.1290  rank(-1 * decay_linear(stddev(delta(close, 1), 20), 20) * cs_rank(vwap))
[reward_only] iter 43/50 [OK ] reward=-57.0652  rank(-1 * decay_linear(stddev(delta(close, 1), 20), 20) * cs_rank(vwap) * ts_rank(volume, 20))
[reward_only] iter 44/50 [OK ] reward= -3.1290  rank(-1 * decay_linear(stddev(delta(close, 1), 20), 20) * cs_rank(vwap))
[reward_only] iter 45/50 [OK ] reward=-57.0652  rank(-1 * decay_linear(stddev(delta(close, 1), 20), 20) * cs_rank(vwap) * ts_rank(volume, 20))
[reward_only] iter 46/50 [OK ] reward= -3.1290  rank(-1 * decay_linear(stddev(delta(close, 1), 20), 20) * cs_rank(vwap))
[reward_only] iter 47/50 [OK ] reward=-33.0276  rank(-1 * decay_linear(stddev(delta(close, 1), 20), 20) * cs_rank(vwap * volume))
[reward_only] iter 48/50 [OK ] reward= -3.1290  rank(-1 * decay_linear(stddev(delta(close, 1), 20), 20) * cs_rank(vwap))
[reward_only] iter 49/50 [OK ] reward=-57.0652  rank(-1 * decay_linear(stddev(delta(close, 1), 20), 20) * cs_rank(vwap) * ts_rank(volume, 20))
[reward_only] iter 50/50 [OK ] reward= -3.1290  rank(-1 * decay_linear(stddev(delta(close, 1), 20), 20) * cs_rank(vwap))
[wfo:reward_only] fold 4 winner: rank(-1 * decay_linear(stddev(delta(close, 1), 20), 20) * cs_rank(vwap))
[wfo:reward_only] fold 4 OOS: Gross_IR=0.055 Turnover=6.59 Net_IR=-0.295
[wfo:reward_only] fold 5: train 2006-01-01..2010-12-31 -> test 2011-01-01..2011-12-31
[reward_only] iter  0/50 [SEED] reward= -8.4398  rank(-1 * stddev(delta(close, 1), 20))
[reward_only] iter  1/50 [OK ] reward=-108.9283  cs_rank(-1 * (stddev(delta(close, 1), 20) + zscore(volume, 20)))
[reward_only] iter  2/50 [OK ] reward=-108.9283  cs_rank(-1 * (stddev(delta(close, 1), 20) + zscore(volume, 20)))
[reward_only] iter  3/50 [OK ] reward=-108.9283  cs_rank(-1 * (stddev(delta(close, 1), 20) + zscore(volume, 20)))
[reward_only] iter  4/50 [OK ] reward=-72.4297  cs_rank(-1 * (stddev(delta(close, 1), 20) + ts_rank(volume, 20)))
[reward_only] iter  5/50 [OK ] reward=-13.5165  rank(-1 * (stddev(delta(close, 1), 20) + decay_linear(ts_rank(volume, 20), 20)))
[reward_only] iter  6/50 [OK ] reward=-12.4624  rank(-1 * (stddev(delta(close, 1), 20) + decay_linear(cs_rank(volume), 20)))
[reward_only] iter  7/50 [OK ] reward= -5.3006  rank(-1 * (stddev(delta(close, 1), 20) + decay_linear(cs_rank(vwap), 20)))
[reward_only] iter  8/50 [OK ] reward=-22.1093  rank(-1 * (stddev(delta(close, 1), 20) + decay_linear(cs_rank(vwap), 20) + ts_rank(vwap, 20)))
[reward_only] iter  9/50 [OK ] reward= -5.3006  rank(-1 * (stddev(delta(close, 1), 20) + decay_linear(cs_rank(vwap), 20)))
[reward_only] iter 10/50 [OK ] reward=-47.6528  rank(-1 * (stddev(delta(close, 1), 20) + decay_linear(cs_rank(vwap), 20) + ts_rank(volume, 20)))
[reward_only] iter 11/50 [OK ] reward= -5.3006  rank(-1 * (stddev(delta(close, 1), 20) + decay_linear(cs_rank(vwap), 20)))
[reward_only] iter 12/50 [OK ] reward=-47.6528  rank(-1 * (stddev(delta(close, 1), 20) + decay_linear(cs_rank(vwap), 20) + ts_rank(volume, 20)))
[reward_only] iter 13/50 [OK ] reward= -5.3006  rank(-1 * (stddev(delta(close, 1), 20) + decay_linear(cs_rank(vwap), 20)))
[reward_only] iter 14/50 [OK ] reward=-12.4624  rank(-1 * (stddev(delta(close, 1), 20) + decay_linear(cs_rank(volume), 20)))
[reward_only] iter 15/50 [OK ] reward=-21.9311  rank(-1 * (stddev(delta(close, 1), 20) + decay_linear(cs_rank(vwap), 20) + cs_rank(high - low)))
[reward_only] iter 16/50 [OK ] reward= -5.3006  rank(-1 * (stddev(delta(close, 1), 20) + decay_linear(cs_rank(vwap), 20)))
[reward_only] iter 17/50 [OK ] reward=-57.6658  rank(-1 * (stddev(delta(close, 1), 20) + decay_linear(cs_rank(vwap), 20) + ts_rank(close - open, 20)))
[reward_only] iter 18/50 [OK ] reward= -5.3006  rank(-1 * (stddev(delta(close, 1), 20) + decay_linear(cs_rank(vwap), 20)))
[reward_only] iter 19/50 [OK ] reward=-47.6528  rank(-1 * (stddev(delta(close, 1), 20) + decay_linear(cs_rank(vwap), 20) + ts_rank(volume, 20)))
[reward_only] iter 20/50 [OK ] reward= -5.3006  rank(-1 * (stddev(delta(close, 1), 20) + decay_linear(cs_rank(vwap), 20)))
[reward_only] iter 21/50 [OK ] reward=-94.4628  rank(-1 * (stddev(delta(close, 1), 20) + decay_linear(cs_rank(vwap), 20) + zscore(volume, 20)))
[reward_only] iter 22/50 [OK ] reward= -5.3006  rank(-1 * (stddev(delta(close, 1), 20) + decay_linear(cs_rank(vwap), 20)))
[reward_only] iter 23/50 [OK ] reward=-94.4628  rank(-1 * (stddev(delta(close, 1), 20) + decay_linear(cs_rank(vwap), 20) + zscore(volume, 20)))
[reward_only] iter 24/50 [OK ] reward= -5.3006  rank(-1 * (stddev(delta(close, 1), 20) + decay_linear(cs_rank(vwap), 20)))
[reward_only] iter 25/50 [OK ] reward=-11.4017  rank(-1 * (stddev(delta(close, 1), 20) + decay_linear(ts_rank(vwap, 20), 20)))
[reward_only] iter 26/50 [OK ] reward=-12.6674  rank(-1 * (stddev(delta(close, 1), 20) + decay_linear(cs_rank(vwap - open), 20)))
[reward_only] iter 27/50 [OK ] reward= -5.3006  rank(-1 * (stddev(delta(close, 1), 20) + decay_linear(cs_rank(vwap), 20)))
[reward_only] iter 28/50 [OK ] reward=-47.6528  rank(-1 * (stddev(delta(close, 1), 20) + decay_linear(cs_rank(vwap), 20) + ts_rank(volume, 20)))
[reward_only] iter 29/50 [OK ] reward= -5.3006  rank(-1 * (stddev(delta(close, 1), 20) + decay_linear(cs_rank(vwap), 20)))
[reward_only] iter 30/50 [OK ] reward=-94.4628  rank(-1 * (stddev(delta(close, 1), 20) + decay_linear(cs_rank(vwap), 20) + zscore(volume, 20)))
[reward_only] iter 31/50 [OK ] reward= -5.3006  rank(-1 * (stddev(delta(close, 1), 20) + decay_linear(cs_rank(vwap), 20)))
[reward_only] iter 32/50 [OK ] reward=-47.6528  rank(-1 * (stddev(delta(close, 1), 20) + decay_linear(cs_rank(vwap), 20) + ts_rank(volume, 20)))
[reward_only] iter 33/50 [OK ] reward= -5.3006  rank(-1 * (stddev(delta(close, 1), 20) + decay_linear(cs_rank(vwap), 20)))
[reward_only] iter 34/50 [OK ] reward=-24.9044  rank(-1 * (stddev(delta(close, 1), 20) + decay_linear(cs_rank(vwap), 20) + ts_rank(open, 20)))
[reward_only] iter 35/50 [OK ] reward= -5.3006  rank(-1 * (stddev(delta(close, 1), 20) + decay_linear(cs_rank(vwap), 20)))
[reward_only] iter 36/50 [OK ] reward=-24.6119  rank(-1 * (stddev(delta(close, 1), 20) + decay_linear(cs_rank(vwap), 20) + ts_rank(close, 20)))
[reward_only] iter 37/50 [OK ] reward= -5.3006  rank(-1 * (stddev(delta(close, 1), 20) + decay_linear(cs_rank(vwap), 20)))
[reward_only] iter 38/50 [OK ] reward= -5.3238  rank(-1 * (stddev(delta(close, 1), 20) + decay_linear(cs_rank(high), 20)))
[reward_only] iter 39/50 [OK ] reward= -9.2344  rank(-1 * (stddev(delta(close, 1), 20) + decay_linear(cs_rank(vwap * volume), 20)))
[reward_only] iter 40/50 [OK ] reward= -5.3006  rank(-1 * (stddev(delta(close, 1), 20) + decay_linear(cs_rank(vwap), 20)))
[reward_only] iter 41/50 [OK ] reward=-12.4624  rank(-1 * (stddev(delta(close, 1), 20) + decay_linear(cs_rank(volume), 20)))
[reward_only] iter 42/50 [OK ] reward= -5.4023  rank(-1 * (stddev(delta(close, 1), 20) + decay_linear(cs_rank((high + low) / 2), 20)))
[reward_only] iter 43/50 [OK ] reward= -5.3006  rank(-1 * (stddev(delta(close, 1), 20) + decay_linear(cs_rank(vwap), 20)))
[reward_only] iter 44/50 [OK ] reward=-24.5915  rank(-1 * (stddev(delta(close, 1), 20) + decay_linear(cs_rank(vwap), 20) + cs_rank(volume)))
[reward_only] iter 45/50 [OK ] reward= -5.3006  rank(-1 * (stddev(delta(close, 1), 20) + decay_linear(cs_rank(vwap), 20)))
[reward_only] iter 46/50 [OK ] reward=-47.6528  rank(-1 * (stddev(delta(close, 1), 20) + decay_linear(cs_rank(vwap), 20) + ts_rank(volume, 20)))
[reward_only] iter 47/50 [OK ] reward= -5.3006  rank(-1 * (stddev(delta(close, 1), 20) + decay_linear(cs_rank(vwap), 20)))
[reward_only] iter 48/50 [OK ] reward=-24.6119  rank(-1 * (stddev(delta(close, 1), 20) + decay_linear(cs_rank(vwap), 20) + ts_rank(close, 20)))
[reward_only] iter 49/50 [OK ] reward= -5.3006  rank(-1 * (stddev(delta(close, 1), 20) + decay_linear(cs_rank(vwap), 20)))
[reward_only] iter 50/50 [OK ] reward=-24.6119  rank(-1 * (stddev(delta(close, 1), 20) + decay_linear(cs_rank(vwap), 20) + ts_rank(close, 20)))
[wfo:reward_only] fold 5 winner: rank(-1 * (stddev(delta(close, 1), 20) + decay_linear(cs_rank(vwap), 20)))
[wfo:reward_only] fold 5 OOS: Gross_IR=0.422 Turnover=9.86 Net_IR=-0.078
[wfo:reward_only] fold 6: train 2007-01-01..2011-12-31 -> test 2012-01-01..2012-12-31
[reward_only] iter  0/50 [SEED] reward= -8.2824  rank(-1 * stddev(delta(close, 1), 20))
[reward_only] iter  1/50 [OK ] reward= -4.0915  decay_linear(cs_rank(-1 * stddev(delta(close, 1), 20)), 10)
[reward_only] iter  2/50 [OK ] reward=-21.2787  decay_linear(cs_rank(-1 * stddev(delta(close, 1), 20) / (stddev(close, 20) + 1e-5)), 10)
[reward_only] iter  3/50 [OK ] reward=-12.0053  decay_linear(cs_rank(-1 * stddev(delta(close, 1), 20) + cs_rank(volume / (stddev(volume, 20) + 1e-5))), 10)
[reward_only] iter  4/50 [OK ] reward= -8.4551  decay_linear(cs_rank(-1 * stddev(delta(close, 1), 20) + cs_rank(volume / cs_rank(stddev(volume, 20)))), 10)
[reward_only] iter  5/50 [OK ] reward= -4.0915  decay_linear(cs_rank(-1 * stddev(delta(close, 1), 20)), 10)
[reward_only] iter  6/50 [OK ] reward=-16.4384  decay_linear(cs_rank(-1 * zscore(stddev(delta(close, 1), 20), 60)), 10)
[reward_only] iter  7/50 [OK ] reward=-24.2427  decay_linear(cs_rank(-1 * ts_rank(close, 20)), 10)
[reward_only] iter  8/50 [OK ] reward= -4.1915  decay_linear(cs_rank(-1 * stddev(delta(close, 1), 20) / (stddev(delta(close, 1), 20) + 1e-5)), 10)
[reward_only] iter  9/50 [OK ] reward= -4.0915  decay_linear(cs_rank(-1 * stddev(delta(close, 1), 20)), 10)
[reward_only] iter 10/50 [OK ] reward= -8.1762  decay_linear(cs_rank(-1 * stddev(delta(close, 1), 20) / (vwap + 1e-5)), 10)
[reward_only] iter 11/50 [OK ] reward=-24.6575  decay_linear(cs_rank(-1 * (high - low) / (vwap + 1e-5)), 10)
[reward_only] iter 12/50 [ERR] reward=    -inf  decay_linear(cs_rank(-1 * (high - low) / (vwap + 1e-5)), 10) + decay_linear(cs_rank(close / open - 1), 10)
[reward_only] iter 13/50 [OK ] reward=-24.5163  decay_linear(cs_rank(-1 * stddev(delta(close, 1), 20)), 10) + decay_linear(cs_rank((close - open) / (vwap + 1e-5)), 10)
[reward_only] iter 14/50 [OK ] reward=-24.5163  decay_linear(cs_rank(-1 * stddev(delta(close, 1), 20)), 10) + decay_linear(cs_rank((close - open) / (vwap + 1e-5)), 10)
[reward_only] iter 15/50 [OK ] reward=-137.4563  decay_linear(cs_rank(-1 * stddev(delta(close, 1), 20)), 10) + cs_rank((close - open) / (vwap + 1e-5))
[reward_only] iter 16/50 [OK ] reward=-137.4563  decay_linear(cs_rank(-1 * stddev(delta(close, 1), 20)), 10) + cs_rank((close - open) / (vwap + 1e-5))
[reward_only] iter 17/50 [OK ] reward=-137.4563  decay_linear(cs_rank(-1 * stddev(delta(close, 1), 20)), 10) + cs_rank((close - open) / (vwap + 1e-5))
[reward_only] iter 18/50 [OK ] reward=-137.4563  decay_linear(cs_rank(-1 * stddev(delta(close, 1), 20)), 10) + cs_rank((close - open) / (vwap + 1e-5))
[reward_only] iter 19/50 [OK ] reward=-137.4563  decay_linear(cs_rank(-1 * stddev(delta(close, 1), 20)), 10) + cs_rank((close - open) / (vwap + 1e-5))
[reward_only] iter 20/50 [OK ] reward=-13.2193  decay_linear(cs_rank(-1 * stddev(delta(close, 1), 20)), 10) + cs_rank(volume / (vwap + 1e-5))
[reward_only] iter 21/50 [OK ] reward=-13.2193  decay_linear(cs_rank(-1 * stddev(delta(close, 1), 20)), 10) + cs_rank(volume / (vwap + 1e-5))
[reward_only] iter 22/50 [OK ] reward=-13.2193  decay_linear(cs_rank(-1 * stddev(delta(close, 1), 20)), 10) + cs_rank(volume / (vwap + 1e-5))
[reward_only] iter 23/50 [OK ] reward=-13.2193  decay_linear(cs_rank(-1 * stddev(delta(close, 1), 20)), 10) + cs_rank(volume / (vwap + 1e-5))
[reward_only] iter 24/50 [OK ] reward= -4.0915  decay_linear(cs_rank(-1 * stddev(delta(close, 1), 20)), 10)
[reward_only] iter 25/50 [OK ] reward= -4.9098  decay_linear(cs_rank(-1 * stddev(delta(close, 1), 20) / (volume + 1e-5)), 10)
[reward_only] iter 26/50 [OK ] reward= -4.9098  decay_linear(cs_rank(-1 * stddev(delta(close, 1), 20) / (volume + 1e-5)), 10)
[reward_only] iter 27/50 [OK ] reward= -8.1762  decay_linear(cs_rank(-1 * stddev(delta(close, 1), 20) / (vwap + 1e-5)), 10)
[reward_only] iter 28/50 [ERR] reward=    -inf  decay_linear(cs_rank(-1 * (close - open) / (high - low)), 10)
[reward_only] iter 29/50 [OK ] reward=-44.1134  decay_linear(cs_rank(-1 * stddev(delta(close, 1), 20) / (high - low + 1e-5)), 10)
[reward_only] iter 30/50 [OK ] reward= -4.0915  decay_linear(cs_rank(-1 * stddev(delta(close, 1), 20)), 10)
[reward_only] iter 31/50 [OK ] reward= -4.9098  decay_linear(cs_rank(-1 * stddev(delta(close, 1), 20) / (volume + 1e-5)), 10)
[reward_only] iter 32/50 [OK ] reward= -4.8295  decay_linear(cs_rank(-1 * stddev(delta(close, 1), 20) / cs_rank(volume + 1e-5)), 10)
[reward_only] iter 33/50 [OK ] reward= -4.0915  decay_linear(cs_rank(-1 * stddev(delta(close, 1), 20)), 10)
[reward_only] iter 34/50 [OK ] reward= -4.7767  decay_linear(cs_rank(-1 * stddev(delta(close, 1), 20)), 10) + decay_linear(cs_rank(volume), 10)
[reward_only] iter 35/50 [OK ] reward= -4.7767  decay_linear(cs_rank(-1 * stddev(delta(close, 1), 20)), 10) + decay_linear(cs_rank(volume), 10)
[reward_only] iter 36/50 [OK ] reward= -4.0915  decay_linear(cs_rank(-1 * stddev(delta(close, 1), 20)), 10)
[reward_only] iter 37/50 [OK ] reward= -4.8295  decay_linear(cs_rank(-1 * stddev(delta(close, 1), 20) / (cs_rank(volume) + 1e-5)), 10)
[reward_only] iter 38/50 [OK ] reward= -4.0915  decay_linear(cs_rank(-1 * stddev(delta(close, 1), 20)), 10)
[reward_only] iter 39/50 [OK ] reward=-21.2787  decay_linear(cs_rank(-1 * stddev(delta(close, 1), 20) / (stddev(close, 20) + 1e-5)), 10)
[reward_only] iter 40/50 [OK ] reward=-12.9273  decay_linear(cs_rank(-1 * stddev(delta(close, 1), 20)), 10) + cs_rank(volume / (stddev(close, 20) + 1e-5))
[reward_only] iter 41/50 [OK ] reward=-12.9273  decay_linear(cs_rank(-1 * stddev(delta(close, 1), 20)), 10) + cs_rank(volume / (stddev(close, 20) + 1e-5))
[reward_only] iter 42/50 [OK ] reward= -4.0915  decay_linear(cs_rank(-1 * stddev(delta(close, 1), 20)), 10)
[reward_only] iter 43/50 [OK ] reward= -4.8295  decay_linear(cs_rank(-1 * stddev(delta(close, 1), 20) / (cs_rank(volume) + 1e-5)), 10)
[reward_only] iter 44/50 [OK ] reward= -4.8295  decay_linear(cs_rank(-1 * stddev(delta(close, 1), 20) / (cs_rank(volume) + 1e-5)), 10)
[reward_only] iter 45/50 [OK ] reward= -4.0915  decay_linear(cs_rank(-1 * stddev(delta(close, 1), 20)), 10)
[reward_only] iter 46/50 [OK ] reward= -4.8295  decay_linear(cs_rank(-1 * stddev(delta(close, 1), 20) / (cs_rank(volume) + 1e-5)), 10)
[reward_only] iter 47/50 [OK ] reward= -4.0915  decay_linear(cs_rank(-1 * stddev(delta(close, 1), 20)), 10)
[reward_only] iter 48/50 [OK ] reward= -4.8295  decay_linear(cs_rank(-1 * stddev(delta(close, 1), 20) / (cs_rank(volume) + 1e-5)), 10)
[reward_only] iter 49/50 [OK ] reward= -4.9098  decay_linear(cs_rank(-1 * stddev(delta(close, 1), 20) / (volume + 1e-5)), 10)
[reward_only] iter 50/50 [OK ] reward= -4.9098  decay_linear(cs_rank(-1 * stddev(delta(close, 1), 20) / (volume + 1e-5)), 10)
[wfo:reward_only] fold 6 winner: decay_linear(cs_rank(-1 * stddev(delta(close, 1), 20)), 10)
[wfo:reward_only] fold 6 OOS: Gross_IR=1.418 Turnover=8.42 Net_IR=1.005
[wfo:reward_only] fold 7: train 2008-01-01..2012-12-31 -> test 2013-01-01..2013-12-31
[reward_only] iter  0/50 [SEED] reward= -8.2750  rank(-1 * stddev(delta(close, 1), 20))
[reward_only] iter  1/50 [OK ] reward= -4.3315  cs_rank(-1 * sma(stddev(delta(close, 1), 20), 10))
[reward_only] iter  2/50 [OK ] reward=-26.8009  cs_rank(-1 * decay_linear(ts_rank(stddev(delta(close, 1), 20), 20), 10))
[reward_only] iter  3/50 [OK ] reward=-37.6574  cs_rank(-1 * sma(close / (open + 1e-5), 20))
[reward_only] iter  4/50 [OK ] reward=-35.0411  cs_rank(-1 * sma(stddev(delta(close, 1), 20), 10) * cs_rank(volume / (vwap + 1e-5)))
[reward_only] iter  5/50 [OK ] reward=-35.0411  cs_rank(-1 * sma(stddev(delta(close, 1), 20), 10) * cs_rank(volume / (vwap + 1e-5)))
[reward_only] iter  6/50 [OK ] reward=-35.0411  cs_rank(-1 * sma(stddev(delta(close, 1), 20), 10) * cs_rank(volume / (vwap + 1e-5)))
[reward_only] iter  7/50 [OK ] reward=-35.0411  cs_rank(-1 * sma(stddev(delta(close, 1), 20), 10) * cs_rank(volume / (vwap + 1e-5)))
[reward_only] iter  8/50 [OK ] reward=-35.0411  cs_rank(-1 * sma(stddev(delta(close, 1), 20), 10) * cs_rank(volume / (vwap + 1e-5)))
[reward_only] iter  9/50 [OK ] reward=-35.0411  cs_rank(-1 * sma(stddev(delta(close, 1), 20), 10) * cs_rank(volume / (vwap + 1e-5)))
[reward_only] iter 10/50 [OK ] reward=-35.0411  cs_rank(-1 * sma(stddev(delta(close, 1), 20), 10) * cs_rank(volume / (vwap + 1e-5)))
[reward_only] iter 11/50 [OK ] reward=-35.0411  cs_rank(-1 * sma(stddev(delta(close, 1), 20), 10) * cs_rank(volume / (vwap + 1e-5)))
[reward_only] iter 12/50 [ERR] reward=    -inf  cs_rank(-1 * sma(stddev(delta(close, 1), 20), 10) * cs_rank(volume / vwap))
[reward_only] iter 13/50 [OK ] reward=-35.0411  cs_rank(-1 * sma(stddev(delta(close, 1), 20), 10) * cs_rank(volume / (vwap + 1e-5)))
[reward_only] iter 14/50 [OK ] reward=-35.0411  cs_rank(-1 * sma(stddev(delta(close, 1), 20), 10) * cs_rank(volume / (vwap + 1e-5)))
[reward_only] iter 15/50 [OK ] reward=-35.0411  cs_rank(-1 * sma(stddev(delta(close, 1), 20), 10) * cs_rank(volume / (vwap + 1e-5)))
[reward_only] iter 16/50 [OK ] reward=-35.0411  cs_rank(-1 * sma(stddev(delta(close, 1), 20), 10) * cs_rank(volume / (vwap + 1e-5)))
[reward_only] iter 17/50 [OK ] reward=-35.0411  cs_rank(-1 * sma(stddev(delta(close, 1), 20), 10) * cs_rank(volume / (vwap + 1e-5)))
[reward_only] iter 18/50 [OK ] reward=-35.0411  cs_rank(-1 * sma(stddev(delta(close, 1), 20), 10) * cs_rank(volume / (vwap + 1e-5)))
[reward_only] iter 19/50 [OK ] reward=-35.0411  cs_rank(-1 * sma(stddev(delta(close, 1), 20), 10) * cs_rank(volume / (vwap + 1e-5)))
[reward_only] iter 20/50 [OK ] reward=-35.0411  cs_rank(-1 * sma(stddev(delta(close, 1), 20), 10) * cs_rank(volume / (vwap + 1e-5)))
[reward_only] iter 21/50 [OK ] reward=-11.6853  cs_rank(-1 * sma(stddev(delta(close, 1), 20), 10) + cs_rank(volume / (vwap + 1e-5)))
[reward_only] iter 22/50 [OK ] reward=-11.6853  cs_rank(-1 * sma(stddev(delta(close, 1), 20), 10) + cs_rank(volume / (vwap + 1e-5)))
[reward_only] iter 23/50 [OK ] reward=-12.8701  cs_rank(-1 * sma(stddev(delta(close, 1), 20), 10)) + cs_rank(volume / (vwap + 1e-5))
[reward_only] iter 24/50 [OK ] reward=-12.8701  cs_rank(-1 * sma(stddev(delta(close, 1), 20), 10)) + cs_rank(volume / (vwap + 1e-5))
[reward_only] iter 25/50 [OK ] reward=-12.8701  cs_rank(-1 * sma(stddev(delta(close, 1), 20), 10)) + cs_rank(volume / (vwap + 1e-5))
[reward_only] iter 26/50 [OK ] reward=-12.8701  cs_rank(-1 * sma(stddev(delta(close, 1), 20), 10)) + cs_rank(volume / (vwap + 1e-5))
[reward_only] iter 27/50 [OK ] reward= -4.3315  cs_rank(-1 * sma(stddev(delta(close, 1), 20), 10))
[reward_only] iter 28/50 [OK ] reward=-18.0758  cs_rank(-1 * sma(stddev(delta(close, 1), 20), 10) + cs_rank(volume))
[reward_only] iter 29/50 [OK ] reward=-42.2445  cs_rank(-1 * sma(stddev(delta(close, 1), 20), 10) * cs_rank(volume))
[reward_only] iter 30/50 [OK ] reward=-89.3750  cs_rank(-1 * sma(stddev(delta(close, 1), 20), 10) * cs_rank(zscore(volume, 20)))
[reward_only] iter 31/50 [OK ] reward=-42.2445  cs_rank(-1 * sma(stddev(delta(close, 1), 20), 10) * cs_rank(volume))
[reward_only] iter 32/50 [OK ] reward=-20.9336  cs_rank(-1 * sma(stddev(delta(close, 1), 20), 10) / (cs_rank(volume) + 1e-5))
[reward_only] iter 33/50 [OK ] reward=-23.1460  cs_rank(-1 * sma(stddev(delta(close, 1), 20), 10) / (volume + 1e-5))
[reward_only] iter 34/50 [OK ] reward= -3.4523  cs_rank(-1 * sma(stddev(delta(close, 1), 20), 10) / (sma(volume, 20) + 1e-5))
[reward_only] iter 35/50 [OK ] reward= -3.4523  cs_rank(-1 * sma(stddev(delta(close, 1), 20), 10) / (sma(volume, 20) + 1e-5))
[reward_only] iter 36/50 [OK ] reward= -3.4523  cs_rank(-1 * sma(stddev(delta(close, 1), 20), 10) / (sma(volume, 20) + 1e-5))
[reward_only] iter 37/50 [OK ] reward= -3.4523  cs_rank(-1 * sma(stddev(delta(close, 1), 20), 10) / (sma(volume, 20) + 1e-5))
[reward_only] iter 38/50 [OK ] reward= -3.4523  cs_rank(-1 * sma(stddev(delta(close, 1), 20), 10) / (sma(volume, 20) + 1e-5))
[reward_only] iter 39/50 [OK ] reward= -3.4523  cs_rank(-1 * sma(stddev(delta(close, 1), 20), 10) / (sma(volume, 20) + 1e-5))
[reward_only] iter 40/50 [OK ] reward= -3.4523  cs_rank(-1 * sma(stddev(delta(close, 1), 20), 10) / (sma(volume, 20) + 1e-5))
[reward_only] iter 41/50 [OK ] reward= -3.4523  cs_rank(-1 * sma(stddev(delta(close, 1), 20), 10) / (sma(volume, 20) + 1e-5))
[reward_only] iter 42/50 [OK ] reward= -3.4523  cs_rank(-1 * sma(stddev(delta(close, 1), 20), 10) / (sma(volume, 20) + 1e-5))
[reward_only] iter 43/50 [OK ] reward= -3.4523  cs_rank(-1 * sma(stddev(delta(close, 1), 20), 10) / (sma(volume, 20) + 1e-5))
[reward_only] iter 44/50 [OK ] reward= -3.4523  cs_rank(-1 * sma(stddev(delta(close, 1), 20), 10) / (sma(volume, 20) + 1e-5))
[reward_only] iter 45/50 [OK ] reward= -3.4523  cs_rank(-1 * sma(stddev(delta(close, 1), 20), 10) / (sma(volume, 20) + 1e-5))
[reward_only] iter 46/50 [OK ] reward= -3.4523  cs_rank(-1 * sma(stddev(delta(close, 1), 20), 10) / (sma(volume, 20) + 1e-5))
[reward_only] iter 47/50 [OK ] reward= -3.4523  cs_rank(-1 * sma(stddev(delta(close, 1), 20), 10) / (sma(volume, 20) + 1e-5))
[reward_only] iter 48/50 [OK ] reward= -3.4523  cs_rank(-1 * sma(stddev(delta(close, 1), 20), 10) / (sma(volume, 20) + 1e-5))
[reward_only] iter 49/50 [OK ] reward= -3.4523  cs_rank(-1 * sma(stddev(delta(close, 1), 20), 10) / (sma(volume, 20) + 1e-5))
[reward_only] iter 50/50 [OK ] reward= -3.4523  cs_rank(-1 * sma(stddev(delta(close, 1), 20), 10) / (sma(volume, 20) + 1e-5))
[wfo:reward_only] fold 7 winner: cs_rank(-1 * sma(stddev(delta(close, 1), 20), 10) / (sma(volume, 20) + 1e-5))
[wfo:reward_only] fold 7 OOS: Gross_IR=2.458 Turnover=7.09 Net_IR=1.900
[wfo:reward_only] fold 8: train 2009-01-01..2013-12-31 -> test 2014-01-01..2014-12-31
[reward_only] iter  0/50 [SEED] reward= -8.2606  rank(-1 * stddev(delta(close, 1), 20))
[reward_only] iter  1/50 [OK ] reward= -8.2606  cs_rank(-1 * stddev(delta(close, 1), 20))
[reward_only] iter  2/50 [OK ] reward=-17.0643  cs_rank(-1 * stddev(delta(close, 1), 20) / (vwap + 1e-5))
[reward_only] iter  3/50 [OK ] reward=-45.0709  cs_rank(-1 * ts_rank(close, 20) / (vwap + 1e-5))
[reward_only] iter  4/50 [OK ] reward=-45.0709  cs_rank(-1 * ts_rank(close, 20) / (vwap + 1e-5))
[reward_only] iter  5/50 [OK ] reward=-89.0954  cs_rank(-1 * ts_rank(close - vwap, 20) / (volume + 1e-5))
[reward_only] iter  6/50 [OK ] reward= -3.5408  cs_rank(-1 * decay_linear(stddev(delta(close, 1), 20), 20))
[reward_only] iter  7/50 [OK ] reward=-19.3133  cs_rank(-1 * decay_linear(zscore(stddev(delta(close, 1), 20), 20), 20))
[reward_only] iter  8/50 [OK ] reward=-16.3282  cs_rank(-1 * decay_linear(ts_rank(close, 20), 20))
[reward_only] iter  9/50 [OK ] reward= -4.3767  cs_rank(-1 * decay_linear(stddev(delta(close, 1), 20), 10))
[reward_only] iter 10/50 [OK ] reward= -3.8634  cs_rank(-1 * decay_linear(stddev(delta(close, 1), 20), 15))
[reward_only] iter 11/50 [OK ] reward= -3.6560  cs_rank(-1 * decay_linear(stddev(delta(close, 1), 20), 18))
[reward_only] iter 12/50 [OK ] reward= -3.4197  cs_rank(-1 * decay_linear(stddev(delta(close, 1), 20), 22))
[reward_only] iter 13/50 [OK ] reward=-74.7238  cs_rank(-1 * decay_linear(stddev(delta(close, 1), 20), 22) + ts_rank(zscore(volume, 20), 20))
[reward_only] iter 14/50 [OK ] reward=-98.5769  cs_rank(-1 * decay_linear(stddev(delta(close, 1), 20), 22)) + cs_rank(zscore(volume, 20))
[reward_only] iter 15/50 [OK ] reward=-98.5769  cs_rank(-1 * decay_linear(stddev(delta(close, 1), 20), 22)) + cs_rank(zscore(volume, 20))
[reward_only] iter 16/50 [OK ] reward=-98.5769  cs_rank(-1 * decay_linear(stddev(delta(close, 1), 20), 22)) + cs_rank(zscore(volume, 20))
[reward_only] iter 17/50 [OK ] reward= -3.4197  cs_rank(-1 * decay_linear(stddev(delta(close, 1), 20), 22))
[reward_only] iter 18/50 [OK ] reward=-87.3521  cs_rank(-1 * decay_linear(stddev(delta(close, 1), 20), 22) * ts_rank(volume, 20))
[reward_only] iter 19/50 [OK ] reward=-43.3383  cs_rank(-1 * decay_linear(stddev(delta(close, 1), 20), 22) * cs_rank(volume))
[reward_only] iter 20/50 [OK ] reward=-43.4373  cs_rank(-1 * decay_linear(stddev(delta(close, 1), 20), 22) * cs_rank(volume / (volume + 1e-5)))
[reward_only] iter 21/50 [OK ] reward=-17.8596  cs_rank(-1 * decay_linear(stddev(delta(close, 1), 20), 22)) * cs_rank(volume / (volume + 1e-5))
[reward_only] iter 22/50 [OK ] reward= -3.4197  cs_rank(-1 * decay_linear(stddev(delta(close, 1), 20), 22))
[reward_only] iter 23/50 [OK ] reward=-18.4597  cs_rank(-1 * decay_linear(ts_rank(stddev(delta(close, 1), 20), 22), 22))
[reward_only] iter 24/50 [OK ] reward= -6.6742  cs_rank(-1 * decay_linear(stddev(delta(close, 1), 20) + cs_rank(volume), 22))
[reward_only] iter 25/50 [OK ] reward= -9.6852  cs_rank(-1 * decay_linear(stddev(delta(close, 1), 20) + ts_rank(volume, 20), 22))
[reward_only] iter 26/50 [OK ] reward=-15.5541  cs_rank(-1 * decay_linear(stddev(delta(close, 1), 20) + ts_rank(volume, 20), 22) + cs_rank(vwap))
[reward_only] iter 27/50 [OK ] reward=-10.9764  cs_rank(-1 * decay_linear(stddev(delta(close, 1), 20), 22)) + cs_rank(vwap)
[reward_only] iter 28/50 [OK ] reward=-15.5352  cs_rank(-1 * decay_linear(ts_rank(close, 20), 22))
[reward_only] iter 29/50 [OK ] reward=-18.0497  cs_rank(-1 * decay_linear(zscore(stddev(delta(close, 1), 20), 22), 22))
[reward_only] iter 30/50 [OK ] reward=-43.3383  cs_rank(-1 * decay_linear(stddev(delta(close, 1), 20), 22) * cs_rank(volume))
[reward_only] iter 31/50 [OK ] reward= -2.2906  cs_rank(-1 * decay_linear(stddev(delta(close, 1), 20), 22) * cs_rank(vwap))
[reward_only] iter 32/50 [OK ] reward=-26.4631  cs_rank(-1 * decay_linear(stddev(delta(close, 1), 20), 22) * cs_rank(vwap) * cs_rank(volume))
[reward_only] iter 33/50 [OK ] reward= -2.2906  cs_rank(-1 * decay_linear(stddev(delta(close, 1), 20), 22) * cs_rank(vwap))
[reward_only] iter 34/50 [OK ] reward=-56.0630  cs_rank(-1 * decay_linear(stddev(delta(close, 1), 20), 22) * cs_rank(vwap) * ts_rank(volume, 60))
[reward_only] iter 35/50 [OK ] reward= -2.2906  cs_rank(-1 * decay_linear(stddev(delta(close, 1), 20), 22) * cs_rank(vwap))
[reward_only] iter 36/50 [OK ] reward=-52.2283  cs_rank(-1 * decay_linear(stddev(delta(close, 1), 20), 22) * cs_rank(vwap * ts_rank(volume, 20)))
[reward_only] iter 37/50 [OK ] reward= -2.2906  cs_rank(-1 * decay_linear(stddev(delta(close, 1), 20), 22) * cs_rank(vwap))
[reward_only] iter 38/50 [OK ] reward=-26.4631  cs_rank(-1 * decay_linear(stddev(delta(close, 1), 20), 22) * cs_rank(vwap) * cs_rank(volume))
[reward_only] iter 39/50 [OK ] reward= -2.2906  cs_rank(-1 * decay_linear(stddev(delta(close, 1), 20), 22) * cs_rank(vwap))
[reward_only] iter 40/50 [OK ] reward=-26.4631  cs_rank(-1 * decay_linear(stddev(delta(close, 1), 20), 22) * cs_rank(vwap) * cs_rank(volume))
[reward_only] iter 41/50 [OK ] reward= -2.2906  cs_rank(-1 * decay_linear(stddev(delta(close, 1), 20), 22) * cs_rank(vwap))
[reward_only] iter 42/50 [OK ] reward=-52.2283  cs_rank(-1 * decay_linear(stddev(delta(close, 1), 20), 22) * cs_rank(vwap * ts_rank(volume, 20)))
[reward_only] iter 43/50 [OK ] reward= -2.2906  cs_rank(-1 * decay_linear(stddev(delta(close, 1), 20), 22) * cs_rank(vwap))
[reward_only] iter 44/50 [OK ] reward= -9.7370  cs_rank(-1 * decay_linear(ts_rank(stddev(delta(close, 1), 20), 22), 22) * cs_rank(vwap))
[reward_only] iter 45/50 [OK ] reward= -2.2906  cs_rank(-1 * decay_linear(stddev(delta(close, 1), 20), 22) * cs_rank(vwap))
[reward_only] iter 46/50 [OK ] reward=-52.2283  cs_rank(-1 * decay_linear(stddev(delta(close, 1), 20), 22) * cs_rank(vwap * ts_rank(volume, 20)))
[reward_only] iter 47/50 [OK ] reward= -2.2906  cs_rank(-1 * decay_linear(stddev(delta(close, 1), 20), 22) * cs_rank(vwap))
[reward_only] iter 48/50 [OK ] reward=-26.4631  cs_rank(-1 * decay_linear(stddev(delta(close, 1), 20), 22) * cs_rank(vwap) * cs_rank(volume))
[reward_only] iter 49/50 [OK ] reward= -2.2906  cs_rank(-1 * decay_linear(stddev(delta(close, 1), 20), 22) * cs_rank(vwap))
[reward_only] iter 50/50 [OK ] reward=-88.8479  cs_rank(-1 * decay_linear(stddev(delta(close, 1), 20), 22) * cs_rank(zscore(volume, 25)))
[wfo:reward_only] fold 8 winner: cs_rank(-1 * decay_linear(stddev(delta(close, 1), 20), 22) * cs_rank(vwap))
[wfo:reward_only] fold 8 OOS: Gross_IR=0.131 Turnover=6.47 Net_IR=-0.263
[wfo:reward_only] fold 9: train 2010-01-01..2014-12-31 -> test 2015-01-01..2015-12-31
[reward_only] iter  0/50 [SEED] reward= -8.3043  rank(-1 * stddev(delta(close, 1), 20))
[reward_only] iter  1/50 [OK ] reward=-23.6120  cs_rank(-1 * stddev(delta(close, 1), 20) / (volume + 1e-5))
[reward_only] iter  2/50 [OK ] reward=-23.6120  rank(-1 * stddev(delta(close, 1), 20) / (volume + 1e-5))
[reward_only] iter  3/50 [OK ] reward=-21.4678  rank(-1 * stddev(delta(close, 1), 20) / cs_rank(volume + 1e-5))
[reward_only] iter  4/50 [OK ] reward=-21.4678  rank(-1 * stddev(delta(close, 1), 20) / (cs_rank(volume) + 1e-5))
[reward_only] iter  5/50 [OK ] reward=-137.6562  rank(-1 * stddev(delta(close, 1), 20) / (cs_rank(volume) + 1e-5)) + rank(delta(close, 1) / (close + 1e-5))
[reward_only] iter  6/50 [OK ] reward=-21.4678  rank(-1 * stddev(delta(close, 1), 20) / (cs_rank(volume) + 1e-5))
[reward_only] iter  7/50 [OK ] reward=-46.1364  rank(-1 * stddev(delta(close, 1), 20) * cs_rank(volume))
[reward_only] iter  8/50 [OK ] reward=-10.7374  rank(-1 * stddev(delta(close, 1), 20) * decay_linear(volume, 60))
[reward_only] iter  9/50 [OK ] reward=-24.7083  cs_rank(-1 * stddev(delta(close, 1), 20) + zscore(vwap, 60))
[reward_only] iter 10/50 [OK ] reward=-24.7083  cs_rank(-1 * stddev(delta(close, 1), 20) + zscore(vwap, 60))
[reward_only] iter 11/50 [OK ] reward=-20.2397  cs_rank(-1 * stddev(delta(close, 1), 20) + ts_rank(vwap, 60))
[reward_only] iter 12/50 [OK ] reward= -8.5089  cs_rank(-1 * stddev(delta(close, 1), 20) + decay_linear(ts_rank(vwap, 60), 30))
[reward_only] iter 13/50 [OK ] reward= -8.5089  rank(-1 * stddev(delta(close, 1), 20) + decay_linear(ts_rank(vwap, 60), 30))
[reward_only] iter 14/50 [OK ] reward=-17.8381  rank(-1 * stddev(delta(close, 1), 20) + decay_linear(ts_rank(vwap, 60), 30) + cs_rank(volume))
[reward_only] iter 15/50 [OK ] reward=-18.9287  rank(-1 * stddev(delta(close, 1), 20) + cs_rank(volume))
[reward_only] iter 16/50 [OK ] reward=-18.9785  rank(-1 * stddev(delta(close, 1), 20) + cs_rank(volume / (volume + 1e-5)))
[reward_only] iter 17/50 [OK ] reward=-14.9556  rank(-1 * stddev(delta(close, 1), 20) + cs_rank(vwap / (vwap + 1e-5)))
[reward_only] iter 18/50 [OK ] reward=-15.0671  rank(-1 * stddev(delta(close, 1), 20) + cs_rank(close / (close + 1e-5)))
[reward_only] iter 19/50 [OK ] reward=-19.9899  rank(-1 * stddev(delta(close, 1), 20)) + cs_rank(close / (close + 1e-5))
[reward_only] iter 20/50 [OK ] reward= -8.3043  rank(-1 * stddev(delta(close, 1), 20))
[reward_only] iter 21/50 [OK ] reward=-46.1364  rank(-1 * stddev(delta(close, 1), 20) * cs_rank(volume))
[reward_only] iter 22/50 [OK ] reward=-12.5931  rank(-1 * stddev(delta(close, 1), 20) * decay_linear(cs_rank(volume), 20))
[reward_only] iter 23/50 [OK ] reward=-120.0055  rank(-1 * stddev(delta(close, 1), 20) * decay_linear(cs_rank(volume), 20) * ts_rank(high - low, 20))
[reward_only] iter 24/50 [OK ] reward=-13.5351  rank(-1 * stddev(delta(close, 1), 20) * decay_linear(ts_rank(high - low, 20), 20))
[reward_only] iter 25/50 [OK ] reward=-35.2165  rank(-1 * stddev(delta(close, 1), 20) * cs_rank(high - low))
[reward_only] iter 26/50 [OK ] reward=-120.8106  rank(-1 * stddev(delta(close, 1), 20) * zscore(volume, 20))
[reward_only] iter 27/50 [OK ] reward=-135.3963  cs_rank(close - open) * cs_rank(volume)
[reward_only] iter 28/50 [OK ] reward=-135.3963  cs_rank(close - open) * cs_rank(volume)
[reward_only] iter 29/50 [OK ] reward=-137.3755  cs_rank(close - vwap) * cs_rank(volume)
[reward_only] iter 30/50 [OK ] reward=-137.8901  cs_rank(close - vwap) * cs_rank(ts_rank(close, 20))
[reward_only] iter 31/50 [OK ] reward=-137.4618  cs_rank(-1 * (close - vwap)) * cs_rank(ts_rank(close, 20))
[reward_only] iter 32/50 [OK ] reward=-48.6281  rank(-1 * (stddev(close, 20) / (stddev(close, 20) + 1e-5))) * ts_rank(close, 20)
[reward_only] iter 33/50 [OK ] reward=-44.6043  rank(-1 * stddev(delta(close, 1), 20)) * ts_rank(close, 20)
[reward_only] iter 34/50 [OK ] reward=-115.2186  rank(-1 * stddev(delta(close, 1), 20)) * cs_rank(vwap - close)
[reward_only] iter 35/50 [OK ] reward=-115.2186  cs_rank(-1 * stddev(delta(close, 1), 20)) * cs_rank(vwap - close)
[reward_only] iter 36/50 [OK ] reward=-91.2100  cs_rank(-1 * stddev(delta(close, 1), 20)) * ts_rank(zscore(volume, 20), 20)
[reward_only] iter 37/50 [OK ] reward=-91.9474  cs_rank(-1 * decay_linear(stddev(delta(close, 1), 20), 20)) * cs_rank(zscore(volume, 20))
[reward_only] iter 38/50 [OK ] reward=-92.9453  rank(-1 * stddev(delta(close, 1), 20)) * rank(zscore(volume, 20))
[reward_only] iter 39/50 [ERR] reward=    -inf  rank(-1 * stddev(delta(close, 1), 20)) * rank(zscore(volume, 20)) * rank(close / (high + low + close))
[reward_only] iter 40/50 [OK ] reward=-136.7364  rank(-1 * stddev(delta(close, 1), 20)) * rank(zscore(volume, 20)) * rank(close / (high + low + close + 1e-5))
[reward_only] iter 41/50 [OK ] reward=-92.9453  rank(-1 * stddev(delta(close, 1), 20)) * rank(zscore(volume, 20))
[reward_only] iter 42/50 [OK ] reward=-95.0477  rank(-1 * stddev(delta(close, 1), 20)) * rank(zscore(volume, 20)) * rank(decay_linear(close, 20))
[reward_only] iter 43/50 [OK ] reward=-92.9453  rank(-1 * stddev(delta(close, 1), 20)) * rank(zscore(volume, 20))
[reward_only] iter 44/50 [ERR] reward=    -inf  rank(-1 * stddev(delta(close, 1), 20)) * rank(zscore(volume, 20)) * rank(close / vwap)
[reward_only] iter 45/50 [OK ] reward=-136.6374  rank(-1 * stddev(delta(close, 1), 20)) * rank(zscore(volume, 20)) * rank(close / (vwap + 1e-5))
[reward_only] iter 46/50 [OK ] reward=-92.9453  rank(-1 * stddev(delta(close, 1), 20)) * rank(zscore(volume, 20))
[reward_only] iter 47/50 [OK ] reward=-105.3774  rank(-1 * stddev(delta(close, 1), 20)) * rank(zscore(volume, 20)) * decay_linear(close, 20)
[reward_only] iter 48/50 [OK ] reward=-92.9453  rank(-1 * stddev(delta(close, 1), 20)) * rank(zscore(volume, 20))
[reward_only] iter 49/50 [OK ] reward=-95.0069  rank(-1 * stddev(delta(close, 1), 20)) * rank(zscore(volume, 20)) * cs_rank(sma(close, 20))
[reward_only] iter 50/50 [OK ] reward=-12.9694  rank(-1 * stddev(delta(close, 1), 20)) * cs_rank(sma(close, 20))
[wfo:reward_only] fold 9 winner: rank(-1 * stddev(delta(close, 1), 20))
[wfo:reward_only] fold 9 OOS: Gross_IR=0.408 Turnover=17.98 Net_IR=-0.744
[wfo:reward_only] fold 10: train 2011-01-01..2015-12-31 -> test 2016-01-01..2016-12-31
[reward_only] iter  0/50 [SEED] reward= -8.3976  rank(-1 * stddev(delta(close, 1), 20))
[reward_only] iter  1/50 [OK ] reward=-84.5859  cs_rank(-1 * stddev(delta(close, 1), 20) / (ts_rank(volume, 20) + 1e-5))
[reward_only] iter  2/50 [OK ] reward=-148.7033  cs_rank(-1 * stddev(delta(close, 1), 20) / (ts_rank(volume, 20) + 1e-5)) + cs_rank(vwap - open)
[reward_only] iter  3/50 [OK ] reward=-84.5859  rank(-1 * stddev(delta(close, 1), 20) / (ts_rank(volume, 20) + 1e-5))
[reward_only] iter  4/50 [OK ] reward=-21.3265  rank(-1 * stddev(delta(close, 1), 20) / (cs_rank(volume) + 1e-5))
[reward_only] iter  5/50 [OK ] reward=-15.6026  rank(-1 * stddev(delta(close, 1), 20) / (cs_rank(volume) + 1e-5) * cs_rank(vwap))
[reward_only] iter  6/50 [OK ] reward=-21.3265  rank(-1 * stddev(delta(close, 1), 20) / (cs_rank(volume) + 1e-5))
[reward_only] iter  7/50 [OK ] reward=-35.0418  rank(-1 * stddev(delta(close, 1), 20) / (cs_rank(volume) + 1e-5)) * cs_rank(vwap)
[reward_only] iter  8/50 [OK ] reward=-21.3265  rank(-1 * stddev(delta(close, 1), 20) / (cs_rank(volume) + 1e-5))
[reward_only] iter  9/50 [OK ] reward=-21.3265  rank(-1 * stddev(delta(close, 1), 20) / (cs_rank(volume) + 1e-5))
[reward_only] iter 10/50 [OK ] reward=-49.0455  rank(-1 * stddev(delta(close, 1), 20) / (cs_rank(volume) + 1e-5)) * cs_rank(zscore(close, 20))
[reward_only] iter 11/50 [OK ] reward=-23.3378  rank(-1 * stddev(delta(close, 1), 20) / (volume + 1e-5))
[reward_only] iter 12/50 [OK ] reward=-21.3267  rank(-1 * stddev(delta(close, 1), 20) / cs_rank(volume + 1e-5))
[reward_only] iter 13/50 [OK ] reward=-47.0549  rank(-1 * stddev(delta(close, 1), 20) * cs_rank(volume / (volume + 1e-5)))
[reward_only] iter 14/50 [OK ] reward=-47.0549  rank(-1 * stddev(delta(close, 1), 20) * cs_rank(volume / (volume + 1e-5)))
[reward_only] iter 15/50 [OK ] reward=-47.0549  rank(-1 * stddev(delta(close, 1), 20) * cs_rank(volume / (volume + 1e-5)))
[reward_only] iter 16/50 [OK ] reward=-18.1046  rank(-1 * stddev(delta(close, 1), 20)) * cs_rank(volume / (volume + 1e-5))
[reward_only] iter 17/50 [OK ] reward=-47.0549  rank(-1 * stddev(delta(close, 1), 20) * cs_rank(volume / (volume + 1e-5)))
[reward_only] iter 18/50 [OK ] reward=-47.0549  rank(-1 * stddev(delta(close, 1), 20) * cs_rank(volume / (volume + 1e-5)))
[reward_only] iter 19/50 [OK ] reward=-18.1046  rank(-1 * stddev(delta(close, 1), 20)) * cs_rank(volume / (volume + 1e-5))
[reward_only] iter 20/50 [OK ] reward= -8.3976  rank(-1 * stddev(delta(close, 1), 20))
[reward_only] iter 21/50 [OK ] reward=-48.4890  cs_rank(-1 * zscore(stddev(delta(close, 1), 20), 20))
[reward_only] iter 22/50 [OK ] reward=-14.0308  cs_rank(-1 * decay_linear(zscore(stddev(delta(close, 1), 20), 20), 50))
[reward_only] iter 23/50 [OK ] reward=-136.4705  cs_rank(-1 * ts_rank(volume, 20))
[reward_only] iter 24/50 [OK ] reward=-23.9979  rank(-1 * (stddev(close, 20) / (volume + 1e-5)))
[reward_only] iter 25/50 [OK ] reward=-23.3378  rank(-1 * (stddev(delta(close, 1), 20) / (volume + 1e-5)))
[reward_only] iter 26/50 [OK ] reward=-21.3265  rank(-1 * (stddev(delta(close, 1), 20) / (cs_rank(volume) + 1e-5)))
[reward_only] iter 27/50 [OK ] reward=-21.3265  rank(-1 * (stddev(delta(close, 1), 20) / (cs_rank(volume) + 1e-5)))
[reward_only] iter 28/50 [OK ] reward=-21.3265  rank(-1 * (stddev(delta(close, 1), 20) / (cs_rank(volume) + 1e-5)))
[reward_only] iter 29/50 [OK ] reward=-21.3265  rank(-1 * (stddev(delta(close, 1), 20) / (cs_rank(volume) + 1e-5)))
[reward_only] iter 30/50 [OK ] reward=-21.3265  rank(-1 * (stddev(delta(close, 1), 20) / (cs_rank(volume) + 1e-5)))
[reward_only] iter 31/50 [OK ] reward=-11.1797  rank(-1 * (stddev(delta(close, 1), 20) / (cs_rank(volume) + 1e-5))) + rank(-1 * sma(close, 20))
[reward_only] iter 32/50 [OK ] reward= -4.6221  rank(-1 * stddev(delta(close, 1), 20)) + rank(-1 * sma(close, 20))
[reward_only] iter 33/50 [OK ] reward= -4.6221  rank(-1 * stddev(delta(close, 1), 20)) + rank(-1 * sma(close, 20))
[reward_only] iter 34/50 [OK ] reward= -4.6221  rank(-1 * stddev(delta(close, 1), 20)) + rank(-1 * sma(close, 20))
[reward_only] iter 35/50 [OK ] reward= -8.3976  rank(-1 * stddev(delta(close, 1), 20))
[reward_only] iter 36/50 [OK ] reward=-30.3210  rank(-1 * stddev(delta(close, 1), 20)) + rank(-1 * sma(close, 20)) + rank(-1 * cs_rank(volume))
[reward_only] iter 37/50 [OK ] reward= -4.6221  rank(-1 * stddev(delta(close, 1), 20)) + rank(-1 * sma(close, 20))
[reward_only] iter 38/50 [OK ] reward= -4.6221  rank(-1 * stddev(delta(close, 1), 20)) + rank(-1 * sma(close, 20))
[reward_only] iter 39/50 [OK ] reward= -8.3976  rank(-1 * stddev(delta(close, 1), 20))
[reward_only] iter 40/50 [OK ] reward=-64.6496  rank(-1 * stddev(delta(close, 1), 20)) + rank(-1 * sma(close, 20)) + rank(-1 * zscore(volume, 20))
[reward_only] iter 41/50 [OK ] reward= -4.6221  rank(-1 * stddev(delta(close, 1), 20)) + rank(-1 * sma(close, 20))
[reward_only] iter 42/50 [OK ] reward= -4.6221  rank(-1 * stddev(delta(close, 1), 20)) + rank(-1 * sma(close, 20))
[reward_only] iter 43/50 [OK ] reward= -4.6221  rank(-1 * stddev(delta(close, 1), 20)) + rank(-1 * sma(close, 20))
[reward_only] iter 44/50 [OK ] reward= -4.6221  rank(-1 * stddev(delta(close, 1), 20)) + rank(-1 * sma(close, 20))
[reward_only] iter 45/50 [OK ] reward= -4.6221  rank(-1 * stddev(delta(close, 1), 20)) + rank(-1 * sma(close, 20))
[reward_only] iter 46/50 [OK ] reward= -4.6221  rank(-1 * stddev(delta(close, 1), 20)) + rank(-1 * sma(close, 20))
[reward_only] iter 47/50 [OK ] reward= -4.6221  rank(-1 * stddev(delta(close, 1), 20)) + rank(-1 * sma(close, 20))
[reward_only] iter 48/50 [OK ] reward= -4.6221  rank(-1 * stddev(delta(close, 1), 20)) + rank(-1 * sma(close, 20))
[reward_only] iter 49/50 [OK ] reward= -8.3976  rank(-1 * stddev(delta(close, 1), 20))
[reward_only] iter 50/50 [OK ] reward=-30.7733  rank(-1 * stddev(delta(close, 1), 20)) + rank(-1 * sma(close, 20)) + rank(-1 * ts_rank(vwap, 20))
[wfo:reward_only] fold 10 winner: rank(-1 * stddev(delta(close, 1), 20)) + rank(-1 * sma(close, 20))
[wfo:reward_only] fold 10 OOS: Gross_IR=2.944 Turnover=11.52 Net_IR=2.247
[wfo:reward_only] fold 11: train 2012-01-01..2016-12-31 -> test 2017-01-01..2017-12-31
[reward_only] iter  0/50 [SEED] reward= -8.4295  rank(-1 * stddev(delta(close, 1), 20))
[reward_only] iter  1/50 [OK ] reward=-49.4072  rank(-1 * stddev(delta(close, 1), 20) * cs_rank(volume))
[reward_only] iter  2/50 [OK ] reward= -4.9079  rank(-1 * stddev(delta(close, 1), 20) * cs_rank(vwap))
[reward_only] iter  3/50 [OK ] reward=-12.6255  rank(-1 * stddev(delta(close, 1), 20) * cs_rank(vwap / (volume + 1e-5)))
[reward_only] iter  4/50 [OK ] reward= -4.9079  rank(-1 * stddev(delta(close, 1), 20) * cs_rank(vwap))
[reward_only] iter  5/50 [OK ] reward=-58.4323  rank(-1 * stddev(delta(close, 1), 20) * cs_rank(vwap) * ts_rank(volume, 20))
[reward_only] iter  6/50 [OK ] reward= -4.9079  rank(-1 * stddev(delta(close, 1), 20) * cs_rank(vwap))
[reward_only] iter  7/50 [OK ] reward=-58.4323  rank(-1 * stddev(delta(close, 1), 20) * cs_rank(vwap) * ts_rank(volume, 20))
[reward_only] iter  8/50 [OK ] reward= -4.9079  rank(-1 * stddev(delta(close, 1), 20) * cs_rank(vwap))
[reward_only] iter  9/50 [OK ] reward=-32.2773  rank(-1 * stddev(delta(close, 1), 20) * cs_rank(vwap) * cs_rank(volume))
[reward_only] iter 10/50 [OK ] reward= -4.9079  rank(-1 * stddev(delta(close, 1), 20) * cs_rank(vwap))
[reward_only] iter 11/50 [OK ] reward= -4.9079  cs_rank(-1 * stddev(delta(close, 1), 20) * cs_rank(vwap))
[reward_only] iter 12/50 [OK ] reward= -1.3984  decay_linear(cs_rank(-1 * stddev(delta(close, 1), 20) * cs_rank(vwap)), 20)
[reward_only] iter 13/50 [OK ] reward= -1.6146  decay_linear(cs_rank(-1 * stddev(delta(close, 1), 20) * cs_rank(vwap) / cs_rank(volume)), 20)
[reward_only] iter 14/50 [OK ] reward= -1.3984  decay_linear(cs_rank(-1 * stddev(delta(close, 1), 20) * cs_rank(vwap)), 20)
[reward_only] iter 15/50 [OK ] reward= -1.4984  decay_linear(cs_rank(-1 * stddev(delta(close, 1), 20) * cs_rank(vwap / (vwap + 1e-5))), 20)
[reward_only] iter 16/50 [OK ] reward= -1.3984  decay_linear(cs_rank(-1 * stddev(delta(close, 1), 20) * cs_rank(vwap)), 20)
[reward_only] iter 17/50 [OK ] reward= -3.7635  decay_linear(cs_rank(-1 * stddev(delta(close, 1), 20) * cs_rank(vwap) * cs_rank(volume)), 20)
[reward_only] iter 18/50 [OK ] reward= -1.3984  decay_linear(cs_rank(-1 * stddev(delta(close, 1), 20) * cs_rank(vwap)), 20)
[reward_only] iter 19/50 [OK ] reward= -4.7818  decay_linear(cs_rank(-1 * stddev(delta(close, 1), 20) * cs_rank(vwap * volume)), 20)
[reward_only] iter 20/50 [OK ] reward= -1.3984  decay_linear(cs_rank(-1 * stddev(delta(close, 1), 20) * cs_rank(vwap)), 20)
[reward_only] iter 21/50 [OK ] reward= -3.7635  decay_linear(cs_rank(-1 * stddev(delta(close, 1), 20) * cs_rank(vwap) * cs_rank(volume)), 20)
[reward_only] iter 22/50 [OK ] reward= -1.3984  decay_linear(cs_rank(-1 * stddev(delta(close, 1), 20) * cs_rank(vwap)), 20)
[reward_only] iter 23/50 [OK ] reward= -3.7635  decay_linear(cs_rank(-1 * stddev(delta(close, 1), 20) * cs_rank(vwap) * cs_rank(volume)), 20)
[reward_only] iter 24/50 [OK ] reward= -1.3984  decay_linear(cs_rank(-1 * stddev(delta(close, 1), 20) * cs_rank(vwap)), 20)
[reward_only] iter 25/50 [OK ] reward= -6.9932  decay_linear(cs_rank(-1 * stddev(delta(close, 1), 20) * cs_rank(volume)), 20)
[reward_only] iter 26/50 [OK ] reward= -1.6475  decay_linear(cs_rank(-1 * stddev(delta(close, 1), 20) * cs_rank(vwap / (volume + 1e-5))), 20)
[reward_only] iter 27/50 [OK ] reward= -1.3984  decay_linear(cs_rank(-1 * stddev(delta(close, 1), 20) * cs_rank(vwap)), 20)
[reward_only] iter 28/50 [OK ] reward= -1.6475  decay_linear(cs_rank(-1 * stddev(delta(close, 1), 20) * cs_rank(vwap / (volume + 1e-5))), 20)
[reward_only] iter 29/50 [OK ] reward= -1.3984  decay_linear(cs_rank(-1 * stddev(delta(close, 1), 20) * cs_rank(vwap)), 20)
[reward_only] iter 30/50 [OK ] reward= -5.9100  decay_linear(cs_rank(-1 * stddev(delta(close, 1), 20) * cs_rank(vwap) / (ts_rank(volume, 20) + 1e-5)), 20)
[reward_only] iter 31/50 [OK ] reward= -1.3984  decay_linear(cs_rank(-1 * stddev(delta(close, 1), 20) * cs_rank(vwap)), 20)
[reward_only] iter 32/50 [OK ] reward= -3.7635  decay_linear(cs_rank(-1 * stddev(delta(close, 1), 20) * cs_rank(vwap) * cs_rank(volume)), 20)
[reward_only] iter 33/50 [OK ] reward= -1.3984  decay_linear(cs_rank(-1 * stddev(delta(close, 1), 20) * cs_rank(vwap)), 20)
[reward_only] iter 34/50 [OK ] reward= -3.7635  decay_linear(cs_rank(-1 * stddev(delta(close, 1), 20) * cs_rank(vwap) * cs_rank(volume)), 20)
[reward_only] iter 35/50 [OK ] reward= -1.3984  decay_linear(cs_rank(-1 * stddev(delta(close, 1), 20) * cs_rank(vwap)), 20)
[reward_only] iter 36/50 [OK ] reward= -1.6475  decay_linear(cs_rank(-1 * stddev(delta(close, 1), 20) * cs_rank(vwap / (volume + 1e-5))), 20)
[reward_only] iter 37/50 [OK ] reward= -1.3984  decay_linear(cs_rank(-1 * stddev(delta(close, 1), 20) * cs_rank(vwap)), 20)
[reward_only] iter 38/50 [OK ] reward= -1.6475  decay_linear(cs_rank(-1 * stddev(delta(close, 1), 20) * cs_rank(vwap / (volume + 1e-5))), 20)
[reward_only] iter 39/50 [OK ] reward= -1.3984  decay_linear(cs_rank(-1 * stddev(delta(close, 1), 20) * cs_rank(vwap)), 20)
[reward_only] iter 40/50 [OK ] reward= -1.3984  decay_linear(cs_rank(-1 * stddev(delta(close, 1), 20) * cs_rank(vwap)), 20)
[reward_only] iter 41/50 [OK ] reward= -9.5991  decay_linear(cs_rank(-1 * stddev(delta(close, 1), 20) * cs_rank(zscore(vwap, 20))), 20)
[reward_only] iter 42/50 [OK ] reward= -1.3984  decay_linear(cs_rank(-1 * stddev(delta(close, 1), 20) * cs_rank(vwap)), 20)
[reward_only] iter 43/50 [OK ] reward= -5.9321  decay_linear(cs_rank(-1 * stddev(delta(close, 1), 20) * cs_rank(vwap) * ts_rank(volume, 20)), 20)
[reward_only] iter 44/50 [OK ] reward= -1.3984  decay_linear(cs_rank(-1 * stddev(delta(close, 1), 20) * cs_rank(vwap)), 20)
[reward_only] iter 45/50 [OK ] reward= -3.7635  decay_linear(cs_rank(-1 * stddev(delta(close, 1), 20) * cs_rank(vwap) * cs_rank(volume)), 20)
[reward_only] iter 46/50 [OK ] reward= -1.3984  decay_linear(cs_rank(-1 * stddev(delta(close, 1), 20) * cs_rank(vwap)), 20)
[reward_only] iter 47/50 [OK ] reward= -4.7818  decay_linear(cs_rank(-1 * stddev(delta(close, 1), 20) * cs_rank(vwap * volume)), 20)
[reward_only] iter 48/50 [OK ] reward= -1.3984  decay_linear(cs_rank(-1 * stddev(delta(close, 1), 20) * cs_rank(vwap)), 20)
[reward_only] iter 49/50 [OK ] reward=-16.9001  decay_linear(cs_rank(-1 * stddev(delta(close, 1), 20) * cs_rank(vwap)), 20) * cs_rank(volume)
[reward_only] iter 50/50 [OK ] reward= -1.3984  decay_linear(cs_rank(-1 * stddev(delta(close, 1), 20) * cs_rank(vwap)), 20)
[wfo:reward_only] fold 11 winner: decay_linear(cs_rank(-1 * stddev(delta(close, 1), 20) * cs_rank(vwap)), 20)
[wfo:reward_only] fold 11 OOS: Gross_IR=0.366 Turnover=5.10 Net_IR=-0.016
[wfo:reward_only] fold 12: train 2013-01-01..2017-12-31 -> test 2018-01-01..2018-12-31
[reward_only] iter  0/50 [SEED] reward= -8.6936  rank(-1 * stddev(delta(close, 1), 20))
[reward_only] iter  1/50 [OK ] reward=-22.7668  rank(-1 * stddev(delta(close, 1), 20) / (volume + 1e-5))
[reward_only] iter  2/50 [OK ] reward=-50.4998  rank(-1 * stddev(delta(close, 1), 20) * cs_rank(volume))
[reward_only] iter  3/50 [OK ] reward=-87.0206  rank(-1 * stddev(delta(close, 1), 20) * ts_rank(volume, 20))
[reward_only] iter  4/50 [OK ] reward= -3.6011  rank(-1 * decay_linear(stddev(delta(close, 1), 20), 20))
[reward_only] iter  5/50 [OK ] reward=-18.0244  rank(-1 * decay_linear(zscore(stddev(delta(close, 1), 20), 20), 20))
[reward_only] iter  6/50 [OK ] reward= -2.5407  rank(-1 * decay_linear(stddev(delta(close, 1), 20), 20) / (sma(volume, 20) + 1e-5))
[reward_only] iter  7/50 [OK ] reward= -2.5407  rank(-1 * decay_linear(stddev(delta(close, 1), 20), 20) / (sma(volume, 20) + 1e-5))
[reward_only] iter  8/50 [OK ] reward= -2.5407  rank(-1 * decay_linear(stddev(delta(close, 1), 20), 20) / (sma(volume, 20) + 1e-5))
[reward_only] iter  9/50 [OK ] reward= -2.5407  rank(-1 * decay_linear(stddev(delta(close, 1), 20), 20) / (sma(volume, 20) + 1e-5))
[reward_only] iter 10/50 [OK ] reward= -2.5407  rank(-1 * decay_linear(stddev(delta(close, 1), 20), 20) / (sma(volume, 20) + 1e-5))
[reward_only] iter 11/50 [OK ] reward= -2.5407  rank(-1 * decay_linear(stddev(delta(close, 1), 20), 20) / (sma(volume, 20) + 1e-5))
[reward_only] iter 12/50 [OK ] reward= -2.5407  cs_rank(-1 * decay_linear(stddev(delta(close, 1), 20), 20) / (sma(volume, 20) + 1e-5))
[reward_only] iter 13/50 [OK ] reward= -2.5407  rank(-1 * decay_linear(stddev(delta(close, 1), 20), 20) / (sma(volume, 20) + 1e-5))
[reward_only] iter 14/50 [OK ] reward= -2.5407  rank(-1 * decay_linear(stddev(delta(close, 1), 20), 20) / (sma(volume, 20) + 1e-5))
[reward_only] iter 15/50 [OK ] reward= -2.5407  cs_rank(-1 * decay_linear(stddev(delta(close, 1), 20), 20) / (sma(volume, 20) + 1e-5))
[reward_only] iter 16/50 [OK ] reward= -2.5407  rank(-1 * decay_linear(stddev(delta(close, 1), 20), 20) / (sma(volume, 20) + 1e-5))
[reward_only] iter 17/50 [ERR] reward=    -inf  rank(-1 * decay_linear(stddev(delta(close, 1), 20), 20) / sma(volume, 20))
[reward_only] iter 18/50 [OK ] reward= -2.5407  rank(-1 * decay_linear(stddev(delta(close, 1), 20), 20) / (sma(volume, 20) + 1e-5))
[reward_only] iter 19/50 [OK ] reward= -2.5407  rank(-1 * decay_linear(stddev(delta(close, 1), 20), 20) / (sma(volume, 20) + 1e-5))
[reward_only] iter 20/50 [OK ] reward= -2.5407  rank(-1 * decay_linear(stddev(delta(close, 1), 20), 20) / (sma(volume, 20) + 1e-5))
[reward_only] iter 21/50 [OK ] reward= -2.5407  rank(-1 * decay_linear(stddev(delta(close, 1), 20), 20) / (sma(volume, 20) + 1e-5))
[reward_only] iter 22/50 [OK ] reward= -2.5407  rank(-1 * decay_linear(stddev(delta(close, 1), 20), 20) / (sma(volume, 20) + 1e-5))
[reward_only] iter 23/50 [OK ] reward= -2.5407  rank(-1 * decay_linear(stddev(delta(close, 1), 20), 20) / (sma(volume, 20) + 1e-5))
[reward_only] iter 24/50 [OK ] reward= -2.5407  rank(-1 * decay_linear(stddev(delta(close, 1), 20), 20) / (sma(volume, 20) + 1e-5))
[reward_only] iter 25/50 [OK ] reward= -2.5407  rank(-1 * decay_linear(stddev(delta(close, 1), 20), 20) / (sma(volume, 20) + 1e-5))
[reward_only] iter 26/50 [OK ] reward= -2.5407  rank(-1 * decay_linear(stddev(delta(close, 1), 20), 20) / (sma(volume, 20) + 1e-5))
[reward_only] iter 27/50 [OK ] reward= -2.5407  rank(-1 * decay_linear(stddev(delta(close, 1), 20), 20) / (sma(volume, 20) + 1e-5))
[reward_only] iter 28/50 [OK ] reward= -2.5407  rank(-1 * decay_linear(stddev(delta(close, 1), 20), 20) / (sma(volume, 20) + 1e-5))
[reward_only] iter 29/50 [OK ] reward= -2.5407  cs_rank(-1 * decay_linear(stddev(delta(close, 1), 20), 20) / (sma(volume, 20) + 1e-5))
[reward_only] iter 30/50 [OK ] reward= -2.5407  rank(-1 * decay_linear(stddev(delta(close, 1), 20), 20) / (sma(volume, 20) + 1e-5))
[reward_only] iter 31/50 [OK ] reward= -2.5407  rank(-1 * decay_linear(stddev(delta(close, 1), 20), 20) / (sma(volume, 20) + 1e-5))
[reward_only] iter 32/50 [OK ] reward= -2.5407  rank(-1 * decay_linear(stddev(delta(close, 1), 20), 20) / (sma(volume, 20) + 1e-5))
[reward_only] iter 33/50 [OK ] reward= -2.5407  rank(-1 * decay_linear(stddev(delta(close, 1), 20), 20) / (sma(volume, 20) + 1e-5))
[reward_only] iter 34/50 [OK ] reward= -2.5407  rank(-1 * decay_linear(stddev(delta(close, 1), 20), 20) / (sma(volume, 20) + 1e-5))
[reward_only] iter 35/50 [OK ] reward= -2.5407  rank(-1 * decay_linear(stddev(delta(close, 1), 20), 20) / (sma(volume, 20) + 1e-5))
[reward_only] iter 36/50 [OK ] reward= -2.5407  rank(-1 * decay_linear(stddev(delta(close, 1), 20), 20) / (sma(volume, 20) + 1e-5))
[reward_only] iter 37/50 [OK ] reward= -2.5407  rank(-1 * decay_linear(stddev(delta(close, 1), 20), 20) / (sma(volume, 20) + 1e-5))
[reward_only] iter 38/50 [OK ] reward= -2.5407  rank(-1 * decay_linear(stddev(delta(close, 1), 20), 20) / (sma(volume, 20) + 1e-5))
[reward_only] iter 39/50 [OK ] reward= -2.5407  rank(-1 * decay_linear(stddev(delta(close, 1), 20), 20) / (sma(volume, 20) + 1e-5))
[reward_only] iter 40/50 [OK ] reward= -2.5407  rank(-1 * decay_linear(stddev(delta(close, 1), 20), 20) / (sma(volume, 20) + 1e-5))
[reward_only] iter 41/50 [OK ] reward= -2.5407  rank(-1 * decay_linear(stddev(delta(close, 1), 20), 20) / (sma(volume, 20) + 1e-5))
[reward_only] iter 42/50 [OK ] reward= -2.5407  rank(-1 * decay_linear(stddev(delta(close, 1), 20), 20) / (sma(volume, 20) + 1e-5))
[reward_only] iter 43/50 [OK ] reward= -2.5407  rank(-1 * decay_linear(stddev(delta(close, 1), 20), 20) / (sma(volume, 20) + 1e-5))
[reward_only] iter 44/50 [OK ] reward= -2.5407  cs_rank(-1 * decay_linear(stddev(delta(close, 1), 20), 20) / (sma(volume, 20) + 1e-5))
[reward_only] iter 45/50 [OK ] reward= -2.5407  rank(-1 * decay_linear(stddev(delta(close, 1), 20), 20) / (sma(volume, 20) + 1e-5))
[reward_only] iter 46/50 [OK ] reward= -2.5407  rank(-1 * decay_linear(stddev(delta(close, 1), 20), 20) / (sma(volume, 20) + 1e-5))
[reward_only] iter 47/50 [OK ] reward= -2.5407  rank(-1 * decay_linear(stddev(delta(close, 1), 20), 20) / (sma(volume, 20) + 1e-5))
[reward_only] iter 48/50 [OK ] reward= -2.5407  rank(-1 * decay_linear(stddev(delta(close, 1), 20), 20) / (sma(volume, 20) + 1e-5))
[reward_only] iter 49/50 [OK ] reward= -2.5407  rank(-1 * decay_linear(stddev(delta(close, 1), 20), 20) / (sma(volume, 20) + 1e-5))
[reward_only] iter 50/50 [OK ] reward= -2.5407  rank(-1 * decay_linear(stddev(delta(close, 1), 20), 20) / (sma(volume, 20) + 1e-5))
[wfo:reward_only] fold 12 winner: rank(-1 * decay_linear(stddev(delta(close, 1), 20), 20) / (sma(volume, 20) + 1e-5))
[wfo:reward_only] fold 12 OOS: Gross_IR=0.587 Turnover=6.03 Net_IR=0.156
[wfo:reward_only] fold 13: train 2014-01-01..2018-12-31 -> test 2019-01-01..2019-12-31
[reward_only] iter  0/50 [SEED] reward= -8.8095  rank(-1 * stddev(delta(close, 1), 20))
[reward_only] iter  1/50 [OK ] reward= -4.7477  cs_rank(-1 * decay_linear(stddev(delta(close, 1), 20), 10))
[reward_only] iter  2/50 [OK ] reward=-23.7818  cs_rank(-1 * decay_linear(zscore(stddev(delta(close, 1), 20), 20), 10))
[reward_only] iter  3/50 [OK ] reward=-23.7818  cs_rank(-1 * decay_linear(zscore(stddev(delta(close, 1), 20), 20), 10))
[reward_only] iter  4/50 [OK ] reward=-23.7818  cs_rank(-1 * decay_linear(zscore(stddev(delta(close, 1), 20), 20), 10))
[reward_only] iter  5/50 [OK ] reward= -4.7477  cs_rank(-1 * decay_linear(stddev(delta(close, 1), 20), 10))
[reward_only] iter  6/50 [OK ] reward=-23.7818  cs_rank(-1 * decay_linear(zscore(stddev(delta(close, 1), 20), 20), 10))
[reward_only] iter  7/50 [OK ] reward=-24.9587  cs_rank(-1 * decay_linear(ts_rank(stddev(delta(close, 1), 20), 20), 10))
[reward_only] iter  8/50 [OK ] reward= -4.7477  cs_rank(-1 * decay_linear(stddev(delta(close, 1), 20), 10))
[reward_only] iter  9/50 [OK ] reward=-24.9587  cs_rank(-1 * decay_linear(ts_rank(stddev(delta(close, 1), 20), 20), 10))
[reward_only] iter 10/50 [OK ] reward=-46.3769  cs_rank(-1 * decay_linear(stddev(delta(close, 1), 20), 10) * cs_rank(volume))
[reward_only] iter 11/50 [ERR] reward=    -inf  cs_rank(-1 * decay_linear(stddev(delta(close, 1), 20), 10) * cs_rank(vwap / close))
[reward_only] iter 12/50 [OK ] reward=-121.2112  cs_rank(-1 * decay_linear(stddev(delta(close, 1), 20), 10) * cs_rank(vwap / (close + 1e-5)))
[reward_only] iter 13/50 [OK ] reward= -4.7477  cs_rank(-1 * decay_linear(stddev(delta(close, 1), 20), 10))
[reward_only] iter 14/50 [OK ] reward=-15.7684  cs_rank(-1 * decay_linear(zscore(stddev(delta(close, 1), 20), 60), 10))
[reward_only] iter 15/50 [OK ] reward=-17.7880  cs_rank(-1 * decay_linear(ts_rank(stddev(delta(close, 1), 20), 60), 10))
[reward_only] iter 16/50 [OK ] reward=-15.7684  cs_rank(-1 * decay_linear(zscore(stddev(delta(close, 1), 20), 60), 10))
[reward_only] iter 17/50 [OK ] reward=-17.7880  cs_rank(-1 * decay_linear(ts_rank(stddev(delta(close, 1), 20), 60), 10))
[reward_only] iter 18/50 [OK ] reward= -4.7477  cs_rank(-1 * decay_linear(stddev(delta(close, 1), 20), 10))
[reward_only] iter 19/50 [OK ] reward=-46.3769  cs_rank(-1 * decay_linear(stddev(delta(close, 1), 20), 10) * cs_rank(volume))
[reward_only] iter 20/50 [OK ] reward= -3.4651  cs_rank(-1 * decay_linear(stddev(delta(close, 1), 20), 10) * cs_rank(vwap))
[reward_only] iter 21/50 [OK ] reward=-29.4960  cs_rank(-1 * decay_linear(stddev(delta(close, 1), 20), 10) * cs_rank(vwap) * cs_rank(volume))
[reward_only] iter 22/50 [OK ] reward= -3.4651  cs_rank(-1 * decay_linear(stddev(delta(close, 1), 20), 10) * cs_rank(vwap))
[reward_only] iter 23/50 [OK ] reward=-29.4960  cs_rank(-1 * decay_linear(stddev(delta(close, 1), 20), 10) * cs_rank(vwap) * cs_rank(volume))
[reward_only] iter 24/50 [OK ] reward= -3.4651  cs_rank(-1 * decay_linear(stddev(delta(close, 1), 20), 10) * cs_rank(vwap))
[reward_only] iter 25/50 [OK ] reward=-38.6634  cs_rank(-1 * decay_linear(stddev(delta(close, 1), 20), 10) * cs_rank(vwap * volume))
[reward_only] iter 26/50 [OK ] reward= -3.4651  cs_rank(-1 * decay_linear(stddev(delta(close, 1), 20), 10) * cs_rank(vwap))
[reward_only] iter 27/50 [OK ] reward=-29.4960  cs_rank(-1 * decay_linear(stddev(delta(close, 1), 20), 10) * cs_rank(vwap) * cs_rank(volume))
[reward_only] iter 28/50 [OK ] reward= -3.4651  cs_rank(-1 * decay_linear(stddev(delta(close, 1), 20), 10) * cs_rank(vwap))
[reward_only] iter 29/50 [OK ] reward=-29.4960  cs_rank(-1 * decay_linear(stddev(delta(close, 1), 20), 10) * cs_rank(vwap) * cs_rank(volume))
[reward_only] iter 30/50 [OK ] reward= -3.4651  cs_rank(-1 * decay_linear(stddev(delta(close, 1), 20), 10) * cs_rank(vwap))
[reward_only] iter 31/50 [OK ] reward=-111.6571  cs_rank(-1 * decay_linear(stddev(delta(close, 1), 20), 10) * cs_rank(vwap) * zscore(volume, 20))
[reward_only] iter 32/50 [OK ] reward= -3.4651  cs_rank(-1 * decay_linear(stddev(delta(close, 1), 20), 10) * cs_rank(vwap))
[reward_only] iter 33/50 [OK ] reward=-12.5526  cs_rank(-1 * decay_linear(stddev(delta(close, 1), 20), 10) * cs_rank(vwap / (volume + 1e-5)))
[reward_only] iter 34/50 [OK ] reward= -3.4651  cs_rank(-1 * decay_linear(stddev(delta(close, 1), 20), 10) * cs_rank(vwap))
[reward_only] iter 35/50 [ERR] reward=    -inf  cs_rank(-1 * decay_linear(stddev(delta(close, 1), 20), 10) * cs_rank(vwap / (low + high + close)))
[reward_only] iter 36/50 [OK ] reward= -3.6651  cs_rank(-1 * decay_linear(stddev(delta(close, 1), 20), 10) * cs_rank(vwap / (low + high + close + 1e-5)))
[reward_only] iter 37/50 [OK ] reward= -3.4651  cs_rank(-1 * decay_linear(stddev(delta(close, 1), 20), 10) * cs_rank(vwap))
[reward_only] iter 38/50 [OK ] reward=-29.4960  cs_rank(-1 * decay_linear(stddev(delta(close, 1), 20), 10) * cs_rank(vwap) * cs_rank(volume))
[reward_only] iter 39/50 [OK ] reward= -3.4651  cs_rank(-1 * decay_linear(stddev(delta(close, 1), 20), 10) * cs_rank(vwap))
[reward_only] iter 40/50 [OK ] reward=-15.7220  cs_rank(-1 * decay_linear(ts_rank(stddev(delta(close, 1), 20), 20), 10) * cs_rank(vwap))
[reward_only] iter 41/50 [OK ] reward= -3.4651  cs_rank(-1 * decay_linear(stddev(delta(close, 1), 20), 10) * cs_rank(vwap))
[reward_only] iter 42/50 [OK ] reward=-29.4960  cs_rank(-1 * decay_linear(stddev(delta(close, 1), 20), 10) * cs_rank(vwap) * cs_rank(volume))
[reward_only] iter 43/50 [OK ] reward= -3.4651  cs_rank(-1 * decay_linear(stddev(delta(close, 1), 20), 10) * cs_rank(vwap))
[reward_only] iter 44/50 [OK ] reward=-12.5526  cs_rank(-1 * decay_linear(stddev(delta(close, 1), 20), 10) * cs_rank(vwap / (volume + 1e-5)))
[reward_only] iter 45/50 [OK ] reward= -3.4651  cs_rank(-1 * decay_linear(stddev(delta(close, 1), 20), 10) * cs_rank(vwap))
[reward_only] iter 46/50 [OK ] reward=-29.4960  cs_rank(-1 * decay_linear(stddev(delta(close, 1), 20), 10) * cs_rank(vwap) * cs_rank(volume))
[reward_only] iter 47/50 [OK ] reward= -3.4651  cs_rank(-1 * decay_linear(stddev(delta(close, 1), 20), 10) * cs_rank(vwap))
[reward_only] iter 48/50 [OK ] reward=-29.4960  cs_rank(-1 * decay_linear(stddev(delta(close, 1), 20), 10) * cs_rank(vwap) * cs_rank(volume))
[reward_only] iter 49/50 [OK ] reward= -3.4651  cs_rank(-1 * decay_linear(stddev(delta(close, 1), 20), 10) * cs_rank(vwap))
[reward_only] iter 50/50 [OK ] reward=-10.5522  cs_rank(-1 * decay_linear(ts_rank(stddev(delta(close, 1), 20), 100), 10) * cs_rank(vwap))
[wfo:reward_only] fold 13 winner: cs_rank(-1 * decay_linear(stddev(delta(close, 1), 20), 10) * cs_rank(vwap))
[wfo:reward_only] fold 13 OOS: Gross_IR=0.647 Turnover=7.22 Net_IR=0.236
[wfo:reward_only] fold 14: train 2015-01-01..2019-12-31 -> test 2020-01-01..2020-12-31
[reward_only] iter  0/50 [SEED] reward= -8.5184  rank(-1 * stddev(delta(close, 1), 20))
[reward_only] iter  1/50 [OK ] reward=-20.9610  rank(-1 * stddev(delta(close, 1), 20) / (volume + 1e-5))
[reward_only] iter  2/50 [OK ] reward=-18.6944  rank(-1 * stddev(delta(close, 1), 20) / cs_rank(volume))
[reward_only] iter  3/50 [OK ] reward=-20.9610  rank(-1 * stddev(delta(close, 1), 20) / (volume + 1e-5))
[reward_only] iter  4/50 [OK ] reward=-20.9610  cs_rank(-1 * stddev(delta(close, 1), 20) / (volume + 1e-5))
[reward_only] iter  5/50 [OK ] reward= -1.4882  cs_rank(-1 * (stddev(delta(close, 1), 20) / (volume + 1e-5) + decay_linear(close, 20)))
[reward_only] iter  6/50 [OK ] reward=-20.9610  cs_rank(-1 * (stddev(delta(close, 1), 20) / (volume + 1e-5)))
[reward_only] iter  7/50 [ERR] reward=    -inf  cs_rank(-1 * (stddev(delta(close, 1), 20) / (volume + 1e-5) + decay_linear(close, 20) / sma(close, 20)))
[reward_only] iter  8/50 [OK ] reward=-56.6677  cs_rank(-1 * (stddev(delta(close, 1), 20) / (volume + 1e-5) + decay_linear(close, 20) / (close + 1e-5)))
[reward_only] iter  9/50 [OK ] reward= -1.4882  cs_rank(-1 * (stddev(delta(close, 1), 20) / (volume + 1e-5) + decay_linear(close, 20)))
[reward_only] iter 10/50 [OK ] reward=-20.9610  cs_rank(-1 * (stddev(delta(close, 1), 20) / (volume + 1e-5)))
[reward_only] iter 11/50 [OK ] reward= -1.5464  cs_rank(-1 * (stddev(delta(close, 1), 20) / (volume + 1e-5) + decay_linear(close, 20) + sma(high, 20)))
[reward_only] iter 12/50 [OK ] reward= -1.4882  cs_rank(-1 * (stddev(delta(close, 1), 20) / (volume + 1e-5) + decay_linear(close, 20)))
[reward_only] iter 13/50 [OK ] reward=-20.9610  cs_rank(-1 * (stddev(delta(close, 1), 20) / (volume + 1e-5)))
[reward_only] iter 14/50 [OK ] reward= -1.4882  cs_rank(-1 * (stddev(delta(close, 1), 20) / (volume + 1e-5) + decay_linear(close, 20)))
[reward_only] iter 15/50 [OK ] reward= -1.4882  cs_rank(-1 * (stddev(delta(close, 1), 20) / (volume + 1e-5) + decay_linear(close, 20)))
[reward_only] iter 16/50 [OK ] reward= -1.4882  cs_rank(-1 * (stddev(delta(close, 1), 20) / (volume + 1e-5) + decay_linear(close, 20)))
[reward_only] iter 17/50 [OK ] reward= -1.4882  cs_rank(-1 * (stddev(delta(close, 1), 20) / (volume + 1e-5) + decay_linear(close, 20)))
[reward_only] iter 18/50 [OK ] reward= -1.4882  cs_rank(-1 * (stddev(delta(close, 1), 20) / (volume + 1e-5) + decay_linear(close, 20)))
[reward_only] iter 19/50 [OK ] reward= -1.4882  cs_rank(-1 * (stddev(delta(close, 1), 20) / (volume + 1e-5) + decay_linear(close, 20)))
[reward_only] iter 20/50 [OK ] reward=-20.9610  cs_rank(-1 * (stddev(delta(close, 1), 20) / (volume + 1e-5)))
[reward_only] iter 21/50 [OK ] reward= -1.5382  cs_rank(-1 * (stddev(delta(close, 1), 20) / (volume + 1e-5) + decay_linear(close, 20) / 100))
[reward_only] iter 22/50 [OK ] reward= -1.4882  cs_rank(-1 * (stddev(delta(close, 1), 20) / (volume + 1e-5) + decay_linear(close, 20)))
[reward_only] iter 23/50 [OK ] reward= -1.4882  cs_rank(-1 * (stddev(delta(close, 1), 20) / (volume + 1e-5) + decay_linear(close, 20)))
[reward_only] iter 24/50 [OK ] reward= -1.4882  cs_rank(-1 * (stddev(delta(close, 1), 20) / (volume + 1e-5) + decay_linear(close, 20)))
[reward_only] iter 25/50 [OK ] reward=-20.9610  cs_rank(-1 * (stddev(delta(close, 1), 20) / (volume + 1e-5)))
[reward_only] iter 26/50 [OK ] reward=-19.4875  cs_rank(-1 * (stddev(delta(close, 1), 20) / (volume + 1e-5) + decay_linear(close, 20) - sma(close, 20)))
[reward_only] iter 27/50 [OK ] reward= -1.4882  cs_rank(-1 * (stddev(delta(close, 1), 20) / (volume + 1e-5) + decay_linear(close, 20)))
[reward_only] iter 28/50 [OK ] reward=-20.9610  cs_rank(-1 * (stddev(delta(close, 1), 20) / (volume + 1e-5)))
[reward_only] iter 29/50 [OK ] reward= -1.4359  cs_rank(-1 * (stddev(delta(close, 1), 20) / (volume + 1e-5) + sma(close, 20)))
[reward_only] iter 30/50 [OK ] reward=-20.9610  cs_rank(-1 * (stddev(delta(close, 1), 20) / (volume + 1e-5)))
[reward_only] iter 31/50 [OK ] reward=-13.4543  cs_rank(-1 * (stddev(delta(close, 1), 20) / (volume + 1e-5) + sma(close, 20) / cs_rank(close)))
[reward_only] iter 32/50 [OK ] reward= -1.4359  cs_rank(-1 * (stddev(delta(close, 1), 20) / (volume + 1e-5) + sma(close, 20)))
[reward_only] iter 33/50 [OK ] reward=-20.9610  cs_rank(-1 * (stddev(delta(close, 1), 20) / (volume + 1e-5)))
[reward_only] iter 34/50 [OK ] reward=-69.8469  cs_rank(-1 * (stddev(delta(close, 1), 20) / (volume + 1e-5) + ts_rank(close, 20)))
[reward_only] iter 35/50 [OK ] reward= -2.3926  cs_rank(-1 * (stddev(delta(close, 1), 20) / (volume + 1e-5) + vwap))
[reward_only] iter 36/50 [OK ] reward= -1.4347  cs_rank(-1 * (stddev(delta(close, 1), 20) / (volume + 1e-5) + sma(vwap, 20)))
[reward_only] iter 37/50 [OK ] reward=-20.9610  cs_rank(-1 * (stddev(delta(close, 1), 20) / (volume + 1e-5)))
[reward_only] iter 38/50 [OK ] reward=-62.6328  cs_rank(-1 * (stddev(delta(close, 1), 20) / (volume + 1e-5) + ts_rank(vwap, 20)))
[reward_only] iter 39/50 [OK ] reward= -1.4347  cs_rank(-1 * (stddev(delta(close, 1), 20) / (volume + 1e-5) + sma(vwap, 20)))
[reward_only] iter 40/50 [OK ] reward=-20.9610  cs_rank(-1 * (stddev(delta(close, 1), 20) / (volume + 1e-5)))
[reward_only] iter 41/50 [OK ] reward=-19.8531  cs_rank(-1 * (stddev(delta(close, 1), 20) / (volume + 1e-5) + sma(vwap, 20) - decay_linear(vwap, 20)))
[reward_only] iter 42/50 [OK ] reward=-20.9610  cs_rank(-1 * (stddev(delta(close, 1), 20) / (volume + 1e-5)))
[reward_only] iter 43/50 [OK ] reward=-18.8558  cs_rank(-1 * (stddev(delta(close, 1), 20) / (volume + 1e-5) + sma(vwap, 20) / cs_rank(volume)))
[reward_only] iter 44/50 [OK ] reward= -1.4347  cs_rank(-1 * (stddev(delta(close, 1), 20) / (volume + 1e-5) + sma(vwap, 20)))
[reward_only] iter 45/50 [OK ] reward= -2.3926  cs_rank(-1 * (stddev(delta(close, 1), 20) / (volume + 1e-5) + vwap))
[reward_only] iter 46/50 [OK ] reward= -1.4347  cs_rank(-1 * (stddev(delta(close, 1), 20) / (volume + 1e-5) + sma(vwap, 20)))
[reward_only] iter 47/50 [OK ] reward=-20.9610  cs_rank(-1 * (stddev(delta(close, 1), 20) / (volume + 1e-5)))
[reward_only] iter 48/50 [OK ] reward= -1.4359  cs_rank(-1 * (stddev(delta(close, 1), 20) / (volume + 1e-5) + sma(close, 20)))
[reward_only] iter 49/50 [OK ] reward= -1.4347  cs_rank(-1 * (stddev(delta(close, 1), 20) / (volume + 1e-5) + sma(vwap, 20)))
[reward_only] iter 50/50 [OK ] reward= -2.3926  cs_rank(-1 * (stddev(delta(close, 1), 20) / (volume + 1e-5) + vwap))
[wfo:reward_only] fold 14 winner: cs_rank(-1 * (stddev(delta(close, 1), 20) / (volume + 1e-5) + sma(vwap, 20)))
[wfo:reward_only] fold 14 OOS: Gross_IR=0.094 Turnover=4.97 Net_IR=-0.016
[wfo:reward_only] fold 15: train 2016-01-01..2020-12-31 -> test 2021-01-01..2021-12-31
[reward_only] iter  0/50 [SEED] reward= -8.4855  rank(-1 * stddev(delta(close, 1), 20))
[reward_only] iter  1/50 [OK ] reward=-48.4147  cs_rank(-1 * zscore(stddev(delta(close, 1), 20), 20))
[reward_only] iter  2/50 [OK ] reward= -4.1620  decay_linear(cs_rank(-1 * stddev(delta(close, 1), 20)), 10)
[reward_only] iter  3/50 [OK ] reward= -4.0237  decay_linear(cs_rank(-1 * stddev(delta(close, 1), 20) / (volume + 1e-5)), 10)
[reward_only] iter  4/50 [OK ] reward=-34.5058  decay_linear(cs_rank(-1 * stddev(delta(close, 1), 20) / (volume + 1e-5)), 10) + cs_rank(-1 * ts_rank(close, 60))
[reward_only] iter  5/50 [OK ] reward= -4.0237  decay_linear(cs_rank(-1 * stddev(delta(close, 1), 20) / (volume + 1e-5)), 10)
[reward_only] iter  6/50 [OK ] reward= -4.0237  decay_linear(cs_rank(-1 * stddev(delta(close, 1), 20) / (volume + 1e-5)), 10)
[reward_only] iter  7/50 [OK ] reward= -9.4324  decay_linear(cs_rank(-1 * stddev(delta(close, 1), 20) / (vwap + 1e-5)), 10)
[reward_only] iter  8/50 [ERR] reward=    -inf  cs_rank(close / open)
[reward_only] iter  9/50 [ERR] reward=    -inf  decay_linear(cs_rank(-1 * stddev(delta(close, 1), 20) / (volume + 1e-5)), 10) + cs_rank(close / vwap)
[reward_only] iter 10/50 [ERR] reward=    -inf  decay_linear(cs_rank(-1 * stddev(delta(close, 1), 20) / (volume + 1e-5)), 10) + cs_rank((close + 1e-5) / vwap)
[reward_only] iter 11/50 [ERR] reward=    -inf  decay_linear(cs_rank(-1 * stddev(delta(close, 1), 20) / (volume + 1e-5)), 10) * cs_rank((close + 1e-5) / vwap)
[reward_only] iter 12/50 [OK ] reward=-129.1712  decay_linear(cs_rank(-1 * stddev(delta(close, 1), 20) / (volume + 1e-5)), 10) * cs_rank((close - vwap + 1e-5) / (vwap + 1e-5))
[reward_only] iter 13/50 [OK ] reward=-129.1712  decay_linear(cs_rank(-1 * stddev(delta(close, 1), 20) / (volume + 1e-5)), 10) * cs_rank((close - vwap + 1e-5) / (vwap + 1e-5))
[reward_only] iter 14/50 [OK ] reward=-128.4198  decay_linear(cs_rank(-1 * stddev(delta(close, 1), 20) / (volume + 1e-5)), 10) * cs_rank((close - open) / (open + 1e-5))
[reward_only] iter 15/50 [OK ] reward=-128.4198  decay_linear(cs_rank(-1 * stddev(delta(close, 1), 20) / (volume + 1e-5)), 10) * cs_rank((close - open) / (open + 1e-5))
[reward_only] iter 16/50 [OK ] reward=-128.4198  decay_linear(cs_rank(-1 * stddev(delta(close, 1), 20) / (volume + 1e-5)), 10) * cs_rank((close - open) / (open + 1e-5))
[reward_only] iter 17/50 [ERR] reward=    -inf  decay_linear(cs_rank(-1 * stddev(delta(close, 1), 20) / (volume + 1e-5)), 10) * cs_rank(close / open)
[reward_only] iter 18/50 [OK ] reward=-128.3730  decay_linear(cs_rank(-1 * stddev(delta(close, 1), 20) / (volume + 1e-5)), 10) * cs_rank(close / (open + 1e-5))
[reward_only] iter 19/50 [OK ] reward=-127.2839  decay_linear(cs_rank(-1 * stddev(delta(close, 1), 20) / (volume + 1e-5)), 10) * cs_rank(vwap / (open + 1e-5))
[reward_only] iter 20/50 [ERR] reward=    -inf  decay_linear(cs_rank(-1 * stddev(delta(close, 1), 20) / (volume + 1e-5)), 10) * cs_rank(vwap / open)
[reward_only] iter 21/50 [OK ] reward=-127.2839  decay_linear(cs_rank(-1 * stddev(delta(close, 1), 20) / (volume + 1e-5)), 10) * cs_rank(vwap / (open + 1e-5))
[reward_only] iter 22/50 [OK ] reward=-127.2839  decay_linear(cs_rank(-1 * stddev(delta(close, 1), 20) / (volume + 1e-5)), 10) * cs_rank(vwap / (open + 1e-5))
[reward_only] iter 23/50 [OK ] reward=-127.2839  decay_linear(cs_rank(-1 * stddev(delta(close, 1), 20) / (volume + 1e-5)), 10) * cs_rank(vwap / (open + 1e-5))
[reward_only] iter 24/50 [OK ] reward=-127.2839  decay_linear(cs_rank(-1 * stddev(delta(close, 1), 20) / (volume + 1e-5)), 10) * cs_rank(vwap / (open + 1e-5))
[reward_only] iter 25/50 [OK ] reward=-135.6772  decay_linear(cs_rank(-1 * stddev(delta(close, 1), 20) / (volume + 1e-5)), 10) + cs_rank(vwap / (open + 1e-5))
[reward_only] iter 26/50 [OK ] reward=-135.2549  decay_linear(cs_rank(-1 * stddev(delta(close, 1), 20) / (volume + 1e-5)), 10) + cs_rank(vwap - open)
[reward_only] iter 27/50 [OK ] reward=-135.2549  decay_linear(cs_rank(-1 * stddev(delta(close, 1), 20) / (volume + 1e-5)), 10) + cs_rank(vwap - open)
[reward_only] iter 28/50 [OK ] reward=-135.2549  decay_linear(cs_rank(-1 * stddev(delta(close, 1), 20) / (volume + 1e-5)), 10) + cs_rank(vwap - open)
[reward_only] iter 29/50 [OK ] reward=-133.7520  decay_linear(cs_rank(-1 * stddev(delta(close, 1), 20) / (volume + 1e-5)), 10) + cs_rank(vwap - close)
[reward_only] iter 30/50 [OK ] reward= -4.0237  decay_linear(cs_rank(-1 * stddev(delta(close, 1), 20) / (volume + 1e-5)), 10)
[reward_only] iter 31/50 [OK ] reward= -9.4324  decay_linear(cs_rank(-1 * stddev(delta(close, 1), 20) / (vwap + 1e-5)), 10)
[reward_only] iter 32/50 [ERR] reward=    -inf  decay_linear(cs_rank(momentum(close, 20)), 10)
[reward_only] iter 33/50 [OK ] reward= -4.0237  decay_linear(cs_rank(-1 * stddev(delta(close, 1), 20) / (volume + 1e-5)), 10)
[reward_only] iter 34/50 [OK ] reward= -4.0308  decay_linear(cs_rank(-1 * stddev(delta(close, 1), 20) / (cs_rank(volume) + 1e-5)), 10)
[reward_only] iter 35/50 [OK ] reward= -4.0237  decay_linear(cs_rank(-1 * stddev(delta(close, 1), 20) / (volume + 1e-5)), 10)
[reward_only] iter 36/50 [OK ] reward=-21.5922  decay_linear(cs_rank(-1 * stddev(delta(close, 1), 20) / (volume + 1e-5)), 10) * decay_linear(cs_rank(vwap - open), 10)
[reward_only] iter 37/50 [OK ] reward=-135.2549  decay_linear(cs_rank(-1 * stddev(delta(close, 1), 20) / (volume + 1e-5)), 10) + cs_rank(vwap - open)
[reward_only] iter 38/50 [OK ] reward=-135.2549  decay_linear(cs_rank(-1 * stddev(delta(close, 1), 20) / (volume + 1e-5)), 10) + cs_rank(vwap - open)
[reward_only] iter 39/50 [OK ] reward=-135.2549  decay_linear(cs_rank(-1 * stddev(delta(close, 1), 20) / (volume + 1e-5)), 10) + cs_rank(vwap - open)
[reward_only] iter 40/50 [OK ] reward=-135.2549  decay_linear(cs_rank(-1 * stddev(delta(close, 1), 20) / (volume + 1e-5)), 10) + cs_rank(vwap - open)
[reward_only] iter 41/50 [OK ] reward=-135.2549  decay_linear(cs_rank(-1 * stddev(delta(close, 1), 20) / (volume + 1e-5)), 10) + cs_rank(vwap - open)
[reward_only] iter 42/50 [OK ] reward=-135.2549  decay_linear(cs_rank(-1 * stddev(delta(close, 1), 20) / (volume + 1e-5)), 10) + cs_rank(vwap - open)
[reward_only] iter 43/50 [OK ] reward=-162.6405  decay_linear(cs_rank(-1 * stddev(delta(close, 1), 20) / (volume + 1e-5)), 10) + cs_rank(open - low)
[reward_only] iter 44/50 [OK ] reward=-117.6375  decay_linear(cs_rank(-1 * stddev(delta(close, 1), 20) / (volume + 1e-5)), 10) * cs_rank(vwap - close)
[reward_only] iter 45/50 [OK ] reward= -4.0237  decay_linear(cs_rank(-1 * stddev(delta(close, 1), 20) / (volume + 1e-5)), 10)
[reward_only] iter 46/50 [OK ] reward=-22.0717  decay_linear(cs_rank(-1 * stddev(delta(close, 1), 20) / (volume + 1e-5)), 10) + decay_linear(cs_rank(vwap - close), 10)
[reward_only] iter 47/50 [OK ] reward=-24.3702  decay_linear(cs_rank(-1 * stddev(delta(close, 1), 20) / (volume + 1e-5)), 10) + decay_linear(cs_rank(close - open), 10)
[reward_only] iter 48/50 [OK ] reward= -4.0237  decay_linear(cs_rank(-1 * stddev(delta(close, 1), 20) / (volume + 1e-5)), 10)
[reward_only] iter 49/50 [OK ] reward= -4.0308  decay_linear(cs_rank(-1 * stddev(delta(close, 1), 20) / (cs_rank(volume) + 1e-5)), 10)
[reward_only] iter 50/50 [OK ] reward= -4.0237  decay_linear(cs_rank(-1 * stddev(delta(close, 1), 20) / (volume + 1e-5)), 10)
[wfo:reward_only] fold 15 winner: decay_linear(cs_rank(-1 * stddev(delta(close, 1), 20) / (volume + 1e-5)), 10)
[wfo:reward_only] fold 15 OOS: Gross_IR=1.040 Turnover=7.78 Net_IR=0.674
[wfo:reward_only] fold 16: train 2017-01-01..2021-12-31 -> test 2022-01-01..2022-12-31
[reward_only] iter  0/50 [SEED] reward= -8.3683  rank(-1 * stddev(delta(close, 1), 20))
[reward_only] iter  1/50 [OK ] reward=-48.7568  cs_rank(-1 * zscore(stddev(delta(close, 1), 20), 20))
[reward_only] iter  2/50 [OK ] reward= -5.4842  rank(-1 * sma(stddev(delta(close, 1), 20), 5))
[reward_only] iter  3/50 [OK ] reward= -8.7695  rank(-1 * sma(stddev(delta(close, 1), 20), 5) / (1 + cs_rank(volume)))
[reward_only] iter  4/50 [OK ] reward=-14.0554  rank(-1 * sma(stddev(delta(close, 1), 20), 5)) / (1 + cs_rank(volume))
[reward_only] iter  5/50 [OK ] reward=-42.6141  rank(-1 * sma(stddev(delta(close, 1), 20), 5) * cs_rank(volume))
[reward_only] iter  6/50 [OK ] reward=-56.0853  rank(-1 * sma(stddev(delta(close, 1), 20), 5) * cs_rank(volume) * cs_rank(high - low))
[reward_only] iter  7/50 [OK ] reward=-42.6141  rank(-1 * sma(stddev(delta(close, 1), 20), 5) * cs_rank(volume))
[reward_only] iter  8/50 [OK ] reward=-42.7143  rank(-1 * sma(stddev(delta(close, 1), 20), 5) * cs_rank(volume / (volume + 1e-5)))
[reward_only] iter  9/50 [OK ] reward=-42.7143  rank(-1 * sma(stddev(delta(close, 1), 20), 5) * cs_rank(volume / (volume + 1e-5)))
[reward_only] iter 10/50 [OK ] reward=-42.7143  rank(-1 * sma(stddev(delta(close, 1), 20), 5) * cs_rank(volume / (volume + 1e-5)))
[reward_only] iter 11/50 [OK ] reward=-42.7143  rank(-1 * sma(stddev(delta(close, 1), 20), 5) * cs_rank(volume / (volume + 1e-5)))
[reward_only] iter 12/50 [OK ] reward=-42.7143  rank(-1 * sma(stddev(delta(close, 1), 20), 5) * cs_rank(volume / (volume + 1e-5)))
[reward_only] iter 13/50 [OK ] reward=-42.6141  rank(-1 * sma(stddev(delta(close, 1), 20), 5) * cs_rank(volume))
[reward_only] iter 14/50 [OK ] reward=-116.3181  rank(-1 * sma(stddev(delta(close, 1), 20), 5) * zscore(volume, 20))
[reward_only] iter 15/50 [OK ] reward=-42.7143  rank(-1 * sma(stddev(delta(close, 1), 20), 5) * cs_rank(volume / (volume + 1e-5)))
[reward_only] iter 16/50 [OK ] reward=-42.6141  rank(-1 * sma(stddev(delta(close, 1), 20), 5) * cs_rank(volume))
[reward_only] iter 17/50 [OK ] reward=-10.5423  rank(-1 * sma(stddev(delta(close, 1), 20), 5) + cs_rank(log(volume + 1e-5)))
[reward_only] iter 18/50 [OK ] reward= -7.3830  rank(-1 * sma(stddev(delta(close, 1), 20), 5) + cs_rank(vwap))
[reward_only] iter 19/50 [OK ] reward=-40.7852  rank(-1 * sma(stddev(delta(close, 1), 20), 5) + cs_rank(zscore(volume, 20)))
[reward_only] iter 20/50 [OK ] reward=-40.7852  rank(-1 * sma(stddev(delta(close, 1), 20), 5) + cs_rank(zscore(volume, 20)))
[reward_only] iter 21/50 [OK ] reward=-72.3963  rank(-1 * sma(stddev(delta(close, 1), 20), 5) + zscore(volume, 20))
[reward_only] iter 22/50 [OK ] reward=-38.1046  rank(-1 * sma(stddev(delta(close, 1), 20), 5) + ts_rank(volume, 20))
[reward_only] iter 23/50 [OK ] reward=-10.5421  rank(-1 * sma(stddev(delta(close, 1), 20), 5) + cs_rank(volume / (volume + 1e-5)))
[reward_only] iter 24/50 [OK ] reward= -5.4842  rank(-1 * sma(stddev(delta(close, 1), 20), 5))
[reward_only] iter 25/50 [OK ] reward=-42.6141  rank(-1 * sma(stddev(delta(close, 1), 20), 5) * cs_rank(volume))
[reward_only] iter 26/50 [OK ] reward=-42.7143  rank(-1 * sma(stddev(delta(close, 1), 20), 5) * cs_rank(volume / (volume + 1e-5)))
[reward_only] iter 27/50 [OK ] reward=-10.5421  rank(-1 * sma(stddev(delta(close, 1), 20), 5) + cs_rank(volume / (volume + 1e-5)))
[reward_only] iter 28/50 [OK ] reward=-15.7296  rank(-1 * sma(stddev(delta(close, 1), 20), 5)) + cs_rank(vwap / (vwap + 1e-5))
[reward_only] iter 29/50 [OK ] reward=-15.6296  rank(-1 * sma(stddev(delta(close, 1), 20), 5)) + cs_rank(vwap)
[reward_only] iter 30/50 [OK ] reward=-173.1983  cs_rank(vwap - close)
[reward_only] iter 31/50 [OK ] reward=-38.3965  rank(-1 * ts_rank(decay_linear(stddev(delta(close, 1), 20), 5), 20))
[reward_only] iter 32/50 [ERR] reward=    -inf  rank(-1 * sma(decay_linear(stddev(delta(close, 1), 20), 5), 10))
[reward_only] iter 33/50 [OK ] reward= -4.5147  rank(-1 * sma(stddev(delta(close, 1), 20), 10))
[reward_only] iter 34/50 [OK ] reward=-20.0522  cs_rank(-1 * sma(stddev(delta(close, 1), 20), 10) / (volume + 1e-5))
[reward_only] iter 35/50 [OK ] reward=-50.2211  rank(-1 * sma(stddev(delta(close, 1), 20), 10) * (volume + 1e-5))
[reward_only] iter 36/50 [OK ] reward=-171.3447  cs_rank((close - open) / (high - low + 1e-5) * volume)
[reward_only] iter 37/50 [OK ] reward=-20.6280  cs_rank(-1 * ts_rank(sma(stddev(delta(close, 1), 20), 10), 60))
[reward_only] iter 38/50 [OK ] reward=-19.8192  rank(-1 * sma(stddev(delta(close, 1), 20), 10) / (volume + 1e5))
[reward_only] iter 39/50 [OK ] reward=-19.8192  cs_rank(-1 * sma(stddev(delta(close, 1), 20), 10) / (volume + 1e5))
[reward_only] iter 40/50 [OK ] reward=-19.8192  cs_rank(-1 * sma(stddev(delta(close, 1), 20), 10) / (volume + 1e5))
[reward_only] iter 41/50 [OK ] reward=-16.8723  rank(-1 * sma(stddev(delta(close, 1), 20), 10) / (cs_rank(volume) + 1e-5))
[reward_only] iter 42/50 [OK ] reward=-20.0522  rank(-1 * sma(stddev(delta(close, 1), 20), 10) / (volume + 1e-5))
[reward_only] iter 43/50 [OK ] reward= -3.0280  rank(-1 * sma(stddev(delta(close, 1), 20), 10) / (sma(volume, 20) + 1e-5))
[reward_only] iter 44/50 [OK ] reward= -3.0280  rank(-1 * sma(stddev(delta(close, 1), 20), 10) / (sma(volume, 20) + 1e-5))
[reward_only] iter 45/50 [OK ] reward= -3.0280  rank(-1 * sma(stddev(delta(close, 1), 20), 10) / (sma(volume, 20) + 1e-5))
[reward_only] iter 46/50 [OK ] reward= -3.0280  rank(-1 * sma(stddev(delta(close, 1), 20), 10) / (sma(volume, 20) + 1e-5))
[reward_only] iter 47/50 [OK ] reward= -3.0280  rank(-1 * sma(stddev(delta(close, 1), 20), 10) / (sma(volume, 20) + 1e-5))
[reward_only] iter 48/50 [OK ] reward= -3.0280  rank(-1 * sma(stddev(delta(close, 1), 20), 10) / (sma(volume, 20) + 1e-5))
[reward_only] iter 49/50 [OK ] reward= -3.0280  rank(-1 * sma(stddev(delta(close, 1), 20), 10) / (sma(volume, 20) + 1e-5))
[reward_only] iter 50/50 [OK ] reward= -3.0280  cs_rank(-1 * sma(stddev(delta(close, 1), 20), 10) / (sma(volume, 20) + 1e-5))
[wfo:reward_only] fold 16 winner: rank(-1 * sma(stddev(delta(close, 1), 20), 10) / (sma(volume, 20) + 1e-5))
[wfo:reward_only] fold 16 OOS: Gross_IR=0.379 Turnover=6.48 Net_IR=0.101
[wfo:reward_only] fold 17: train 2018-01-01..2022-12-31 -> test 2023-01-01..2023-12-31
[reward_only] iter  0/50 [SEED] reward= -7.7484  rank(-1 * stddev(delta(close, 1), 20))
[reward_only] iter  1/50 [OK ] reward=-19.8351  cs_rank(-1 * decay_linear(ts_rank(stddev(delta(close, 1), 20), 20), 20))
[reward_only] iter  2/50 [ERR] reward=    -inf  cs_rank(-1 * ts_rank(close / vwap, 20))
[reward_only] iter  3/50 [OK ] reward=-181.7689  cs_rank(-1 * ts_rank(close / (vwap + 1e-5), 20))
[reward_only] iter  4/50 [OK ] reward=-135.6913  rank(-1 * ts_rank(close / (vwap + 1e-5), 20)) + rank(-1 * stddev(delta(close, 1), 20))
[reward_only] iter  5/50 [OK ] reward=-135.6913  rank(-1 * stddev(delta(close, 1), 20)) + rank(-1 * ts_rank(close / (vwap + 1e-5), 20))
[reward_only] iter  6/50 [OK ] reward=-135.6913  rank(-1 * stddev(delta(close, 1), 20)) + rank(-1 * ts_rank(close / (vwap + 1e-5), 20))
[reward_only] iter  7/50 [OK ] reward=-135.6913  rank(-1 * stddev(delta(close, 1), 20)) + rank(-1 * ts_rank(close / (vwap + 1e-5), 20))
[reward_only] iter  8/50 [OK ] reward=-135.6913  rank(-1 * stddev(delta(close, 1), 20)) + rank(-1 * ts_rank(close / (vwap + 1e-5), 20))
[reward_only] iter  9/50 [OK ] reward=-132.7062  rank(-1 * stddev(delta(close, 1), 20)) + rank(-1 * (close / (vwap + 1e-5)))
[reward_only] iter 10/50 [OK ] reward=-132.7062  rank(-1 * stddev(delta(close, 1), 20)) + rank(-1 * (close / (vwap + 1e-5)))
[reward_only] iter 11/50 [OK ] reward=-132.7062  rank(-1 * stddev(delta(close, 1), 20)) + rank(-1 * (close / (vwap + 1e-5)))
[reward_only] iter 12/50 [OK ] reward=-132.7062  rank(-1 * stddev(delta(close, 1), 20)) + rank(-1 * (close / (vwap + 1e-5)))
[reward_only] iter 13/50 [OK ] reward=-132.7062  rank(-1 * stddev(delta(close, 1), 20)) + rank(-1 * (close / (vwap + 1e-5)))
[reward_only] iter 14/50 [OK ] reward=-132.7062  rank(-1 * stddev(delta(close, 1), 20)) + rank(-1 * (close / (vwap + 1e-5)))
[reward_only] iter 15/50 [OK ] reward=-132.7062  rank(-1 * stddev(delta(close, 1), 20)) + rank(-1 * (close / (vwap + 1e-5)))
[reward_only] iter 16/50 [OK ] reward=-132.7062  rank(-1 * stddev(delta(close, 1), 20)) + rank(-1 * (close / (vwap + 1e-5)))
[reward_only] iter 17/50 [OK ] reward=-132.7062  rank(-1 * stddev(delta(close, 1), 20)) + rank(-1 * (close / (vwap + 1e-5)))
[reward_only] iter 18/50 [OK ] reward=-132.7062  rank(-1 * stddev(delta(close, 1), 20)) + rank(-1 * (close / (vwap + 1e-5)))
[reward_only] iter 19/50 [OK ] reward=-132.7062  rank(-1 * stddev(delta(close, 1), 20)) + rank(-1 * (close / (vwap + 1e-5)))
[reward_only] iter 20/50 [OK ] reward=-132.7062  rank(-1 * stddev(delta(close, 1), 20)) + rank(-1 * (close / (vwap + 1e-5)))
[reward_only] iter 21/50 [OK ] reward=-132.7062  rank(-1 * stddev(delta(close, 1), 20)) + rank(-1 * (close / (vwap + 1e-5)))
[reward_only] iter 22/50 [OK ] reward=-132.7062  rank(-1 * stddev(delta(close, 1), 20)) + rank(-1 * (close / (vwap + 1e-5)))
[reward_only] iter 23/50 [OK ] reward=-132.7062  rank(-1 * stddev(delta(close, 1), 20)) + rank(-1 * (close / (vwap + 1e-5)))
[reward_only] iter 24/50 [OK ] reward= -7.7484  rank(-1 * stddev(delta(close, 1), 20))
[reward_only] iter 25/50 [OK ] reward= -9.7904  rank(-1 * (stddev(delta(close, 1), 20) + decay_linear(rank(volume), 20)))
[reward_only] iter 26/50 [OK ] reward=-12.8514  rank(-1 * (stddev(delta(close, 1), 20) + decay_linear(zscore(volume, 20), 20)))
[reward_only] iter 27/50 [OK ] reward= -9.1122  rank(-1 * (stddev(delta(close, 1), 20) + decay_linear(ts_rank(volume, 20), 20)))
[reward_only] iter 28/50 [OK ] reward= -9.1122  rank(-1 * (stddev(delta(close, 1), 20) + decay_linear(ts_rank(volume, 20), 20)))
[reward_only] iter 29/50 [OK ] reward= -5.2505  rank(-1 * (stddev(delta(close, 1), 20) + decay_linear(volume, 20)))
[reward_only] iter 30/50 [OK ] reward=-38.4594  cs_rank(-1 * (vwap - sma(close, 20)))
[reward_only] iter 31/50 [OK ] reward= -5.3005  cs_rank(-1 * (stddev(delta(close, 1), 20) + decay_linear(volume, 20) + zscore(close, 20)))
[reward_only] iter 32/50 [OK ] reward= -5.2507  rank(-1 * (decay_linear(volume, 20) + zscore(close, 20)))
[reward_only] iter 33/50 [OK ] reward= -5.2508  rank(-1 * (ts_rank(close, 20) + decay_linear(volume, 20)))
[reward_only] iter 34/50 [OK ] reward= -5.2508  rank(-1 * (ts_rank(close, 20) + decay_linear(volume, 20)))
[reward_only] iter 35/50 [OK ] reward= -5.2508  cs_rank(-1 * (ts_rank(close, 20) + decay_linear(volume, 20)))
[reward_only] iter 36/50 [OK ] reward=-43.0528  rank(-1 * (stddev(delta(close, 1), 20) * cs_rank(volume)))
[reward_only] iter 37/50 [OK ] reward= -8.0141  rank(-1 * (stddev(delta(close, 1), 20) + decay_linear(volume, 20) * cs_rank(vwap)))
[reward_only] iter 38/50 [OK ] reward= -5.2505  rank(-1 * (stddev(delta(close, 1), 20) + decay_linear(volume, 20)))
[reward_only] iter 39/50 [ERR] reward=    -inf  cs_rank((high - low) / (close + open) + decay_linear(volume, 20))
[reward_only] iter 40/50 [OK ] reward= -5.2505  rank(-1 * (stddev(delta(close, 1), 20) + decay_linear(volume, 20)))
[reward_only] iter 41/50 [ERR] reward=    -inf  cs_rank((vwap - open) / (high - low))
[reward_only] iter 42/50 [OK ] reward= -5.2505  rank(-1 * (stddev(delta(close, 1), 20) + decay_linear(volume, 20)))
[reward_only] iter 43/50 [OK ] reward= -4.3815  rank(-1 * (ts_rank(close, 20) - decay_linear(volume, 20)))
[reward_only] iter 44/50 [OK ] reward= -4.3815  rank(-1 * (ts_rank(close, 20) - decay_linear(volume, 20) + ts_rank(vwap, 20)))
[reward_only] iter 45/50 [OK ] reward= -4.3815  rank(-1 * (ts_rank(close, 20) - decay_linear(volume, 20) + zscore(vwap, 20)))
[reward_only] iter 46/50 [OK ] reward= -4.5315  rank(-1 * (ts_rank(close, 20) - decay_linear(volume, 20) + zscore(vwap, 20) - cs_rank(high - low)))
[reward_only] iter 47/50 [OK ] reward= -4.3815  rank(-1 * (ts_rank(close, 20) - decay_linear(volume, 20)))
[reward_only] iter 48/50 [OK ] reward= -2.8376  rank(-1 * (ts_rank(close, 20) - decay_linear(vwap, 20)))
[reward_only] iter 49/50 [OK ] reward= -4.3815  rank(-1 * (ts_rank(close, 20) - decay_linear(volume, 20)))
[reward_only] iter 50/50 [OK ] reward= -2.8547  rank(-1 * (ts_rank(close, 20) - decay_linear(vwap, 20) + cs_rank(volume)))
[wfo:reward_only] fold 17 winner: rank(-1 * (ts_rank(close, 20) - decay_linear(vwap, 20)))
[wfo:reward_only] fold 17 OOS: Gross_IR=-1.119 Turnover=3.95 Net_IR=-1.280
[wfo:reward_only] fold 18: train 2019-01-01..2023-12-31 -> test 2024-01-01..2024-12-31
[reward_only] iter  0/50 [SEED] reward= -7.6095  rank(-1 * stddev(delta(close, 1), 20))
[reward_only] iter  1/50 [OK ] reward=-59.0385  cs_rank(-1 * (stddev(delta(close, 1), 20) + zscore(volume, 20)))
[reward_only] iter  2/50 [OK ] reward=-59.0385  cs_rank(-1 * (stddev(delta(close, 1), 20) + zscore(volume, 20)))
[reward_only] iter  3/50 [OK ] reward=-11.9852  cs_rank(-1 * (stddev(delta(close, 1), 20) + decay_linear(zscore(volume, 20), 20)))
[reward_only] iter  4/50 [OK ] reward=-28.5639  cs_rank(-1 * (stddev(delta(close, 1), 20) + decay_linear(zscore(volume, 20), 20) + zscore(vwap, 20)))
[reward_only] iter  5/50 [OK ] reward=-28.3867  rank(-1 * (stddev(delta(close, 1), 20) + zscore(vwap, 20)))
[reward_only] iter  6/50 [OK ] reward=-10.4656  rank(-1 * (stddev(delta(close, 1), 20) + decay_linear(zscore(vwap, 20), 20)))
[reward_only] iter  7/50 [OK ] reward=-22.8471  rank(-1 * (stddev(delta(close, 1), 20) + decay_linear(zscore(vwap, 20), 20) + ts_rank(volume, 20)))
[reward_only] iter  8/50 [OK ] reward= -7.6095  rank(-1 * stddev(delta(close, 1), 20))
[reward_only] iter  9/50 [OK ] reward= -3.5771  rank(-1 * decay_linear(stddev(delta(close, 1), 20), 20))
[reward_only] iter 10/50 [OK ] reward=-19.3693  rank(-1 * decay_linear(zscore(stddev(delta(close, 1), 20), 20), 20))
[reward_only] iter 11/50 [OK ] reward=-53.3753  rank(-1 * decay_linear(zscore(close - open, 20), 20))
[reward_only] iter 12/50 [OK ] reward=-50.5836  rank(-1 * decay_linear(stddev(delta(close, 1), 20) * zscore(close - open, 20), 20))
[reward_only] iter 13/50 [OK ] reward= -3.5771  rank(-1 * decay_linear(stddev(delta(close, 1), 20), 20))
[reward_only] iter 14/50 [OK ] reward=-19.6669  rank(-1 * decay_linear(ts_rank(stddev(delta(close, 1), 20), 20), 20))
[reward_only] iter 15/50 [OK ] reward=-54.2907  rank(-1 * decay_linear(zscore(close - vwap, 20), 20))
[reward_only] iter 16/50 [OK ] reward=-54.2907  rank(-1 * decay_linear(zscore(close - vwap, 20), 20))
[reward_only] iter 17/50 [OK ] reward=-54.2907  rank(-1 * decay_linear(zscore(close - vwap, 20), 20))
[reward_only] iter 18/50 [OK ] reward=-40.9024  rank(-1 * decay_linear(zscore(close - vwap, 20), 20)) + rank(-1 * decay_linear(stddev(delta(close, 1), 20), 20))
[reward_only] iter 19/50 [OK ] reward=-135.5007  rank(-1 * decay_linear(stddev(delta(close, 1), 20), 20)) + rank(-1 * zscore(close - vwap, 20))
[reward_only] iter 20/50 [OK ] reward=-135.5007  rank(-1 * decay_linear(stddev(delta(close, 1), 20), 20)) + rank(-1 * zscore(close - vwap, 20))
[reward_only] iter 21/50 [OK ] reward=-135.5007  rank(-1 * decay_linear(stddev(delta(close, 1), 20), 20)) + rank(-1 * zscore(close - vwap, 20))
[reward_only] iter 22/50 [OK ] reward= -3.5771  rank(-1 * decay_linear(stddev(delta(close, 1), 20), 20))
[reward_only] iter 23/50 [OK ] reward=-40.2136  rank(-1 * decay_linear(stddev(delta(close, 1), 20), 20) * cs_rank(volume))
[reward_only] iter 24/50 [OK ] reward=-126.7278  cs_rank(close - open) * cs_rank(volume)
[reward_only] iter 25/50 [OK ] reward=-91.1752  rank(-1 * decay_linear(stddev(delta(close, 1), 20), 20)) + rank(volume - sma(volume, 20))
[reward_only] iter 26/50 [OK ] reward=-33.0321  rank(-1 * decay_linear(stddev(delta(close, 1), 20), 20)) + rank(vwap - sma(vwap, 20))
[reward_only] iter 27/50 [OK ] reward= -3.5771  rank(-1 * decay_linear(stddev(delta(close, 1), 20), 20))
[reward_only] iter 28/50 [OK ] reward=-12.6346  rank(-1 * decay_linear(stddev(delta(close, 1), 20), 20) + ts_rank(vwap, 20))
[reward_only] iter 29/50 [OK ] reward= -7.9520  rank(-1 * decay_linear(stddev(delta(close, 1), 20), 20) + cs_rank(vwap / (volume + 1e-5)))
[reward_only] iter 30/50 [OK ] reward= -7.9520  rank(-1 * decay_linear(stddev(delta(close, 1), 20), 20) + cs_rank(vwap / (volume + 1e-5)))
[reward_only] iter 31/50 [OK ] reward= -7.9520  rank(-1 * decay_linear(stddev(delta(close, 1), 20), 20) + cs_rank(vwap / (volume + 1e-5)))
[reward_only] iter 32/50 [OK ] reward=-40.3139  rank(-1 * decay_linear(stddev(delta(close, 1), 20), 20) * cs_rank(volume / (volume + 1e-5)))
[reward_only] iter 33/50 [OK ] reward=-40.3139  rank(-1 * decay_linear(stddev(delta(close, 1), 20), 20) * cs_rank(volume / (volume + 1e-5)))
[reward_only] iter 34/50 [OK ] reward= -7.1291  rank(-1 * decay_linear(stddev(delta(close, 1), 20), 20) + cs_rank(volume / (volume + 1e-5)))
[reward_only] iter 35/50 [OK ] reward= -3.5771  rank(-1 * decay_linear(stddev(delta(close, 1), 20), 20))
[reward_only] iter 36/50 [OK ] reward=-19.6669  rank(-1 * decay_linear(ts_rank(stddev(delta(close, 1), 20), 20), 20))
[reward_only] iter 37/50 [OK ] reward=-63.7078  rank(-1 * ts_rank(vwap, 20))
[reward_only] iter 38/50 [OK ] reward=-79.6459  rank(-1 * decay_linear(stddev(delta(close, 1), 20), 20) * ts_rank(volume, 20))
[reward_only] iter 39/50 [OK ] reward=-40.2136  rank(-1 * decay_linear(stddev(delta(close, 1), 20), 20) * cs_rank(volume))
[reward_only] iter 40/50 [OK ] reward=-16.6315  rank(-1 * decay_linear(ts_rank(close, 20), 20))
[reward_only] iter 41/50 [OK ] reward= -4.6630  rank(-1 * decay_linear(stddev(delta(close, 1), 20) + ts_rank(close, 20), 20))
[reward_only] iter 42/50 [OK ] reward= -4.6486  rank(-1 * decay_linear(stddev(delta(close, 1), 20) + ts_rank(vwap, 20), 20))
[reward_only] iter 43/50 [OK ] reward= -4.6486  rank(-1 * decay_linear(stddev(delta(close, 1), 20) + ts_rank(vwap, 20), 20))
[reward_only] iter 44/50 [OK ] reward= -3.1762  rank(-1 * decay_linear(stddev(delta(close, 1), 20) + cs_rank(vwap), 20))
[reward_only] iter 45/50 [OK ] reward= -4.4937  rank(-1 * decay_linear(stddev(delta(close, 1), 20) + cs_rank(volume), 20))
[reward_only] iter 46/50 [OK ] reward= -3.6473  rank(-1 * decay_linear(stddev(delta(close, 1), 20) + cs_rank(volume) * cs_rank(vwap), 20))
[reward_only] iter 47/50 [OK ] reward= -3.1762  rank(-1 * decay_linear(stddev(delta(close, 1), 20) + cs_rank(vwap), 20))
[reward_only] iter 48/50 [OK ] reward= -4.1111  rank(-1 * decay_linear(stddev(delta(close, 1), 20) + cs_rank(vwap) + ts_rank(volume, 20), 20))
[reward_only] iter 49/50 [OK ] reward= -3.1762  rank(-1 * decay_linear(stddev(delta(close, 1), 20) + cs_rank(vwap), 20))
[reward_only] iter 50/50 [OK ] reward= -3.2047  rank(-1 * decay_linear(stddev(delta(close, 1), 20) + cs_rank(vwap / (volume + 1e-5)), 20))
[wfo:reward_only] fold 18 winner: rank(-1 * decay_linear(stddev(delta(close, 1), 20) + cs_rank(vwap), 20))
[wfo:reward_only] fold 18 OOS: Gross_IR=0.856 Turnover=7.50 Net_IR=0.513
[wfo:reward_only] fold 19: train 2020-01-01..2024-12-31 -> test 2025-01-01..2025-12-31
[reward_only] iter  0/50 [SEED] reward= -7.5961  rank(-1 * stddev(delta(close, 1), 20))
[reward_only] iter  1/50 [OK ] reward=-17.5449  rank(-1 * stddev(delta(close, 1), 20) / (volume + 1e-5))
[reward_only] iter  2/50 [OK ] reward=-14.8509  rank(-1 * stddev(delta(close, 1), 20) / cs_rank(volume + 1e-5))
[reward_only] iter  3/50 [OK ] reward=-14.8509  rank(-1 * stddev(delta(close, 1), 20) / cs_rank(volume + 1e-5))
[reward_only] iter  4/50 [OK ] reward= -5.2175  rank(-1 * stddev(delta(close, 1), 20) / cs_rank(decay_linear(volume, 20) + 1e-5))
[reward_only] iter  5/50 [OK ] reward= -4.0443  rank(-1 * stddev(delta(close, 1), 20) / (decay_linear(volume, 20) + 1e-5))
[reward_only] iter  6/50 [OK ] reward=-70.5704  rank(-1 * (stddev(delta(close, 1), 20) / (decay_linear(volume, 20) + 1e-5) + ts_rank(close, 20)))
[reward_only] iter  7/50 [OK ] reward= -4.1751  rank(-1 * stddev(delta(close, 1), 20) / (decay_linear(volume, 20) + 1e-5) + cs_rank(vwap))
[reward_only] iter  8/50 [OK ] reward= -4.0443  cs_rank(-1 * stddev(delta(close, 1), 20) / (decay_linear(volume, 20) + 1e-5))
[reward_only] iter  9/50 [OK ] reward= -4.0443  cs_rank(-1 * stddev(delta(close, 1), 20) / (decay_linear(volume, 20) + 1e-5))
[reward_only] iter 10/50 [OK ] reward=-63.1051  cs_rank(-1 * stddev(delta(close, 1), 20) / (decay_linear(volume, 20) + 1e-5) + ts_rank(vwap, 20))
[reward_only] iter 11/50 [OK ] reward= -4.0443  rank(-1 * stddev(delta(close, 1), 20) / (decay_linear(volume, 20) + 1e-5))
[reward_only] iter 12/50 [OK ] reward= -4.0443  cs_rank(-1 * stddev(delta(close, 1), 20) / (decay_linear(volume, 20) + 1e-5))
[reward_only] iter 13/50 [OK ] reward=-25.7209  cs_rank(-1 * stddev(delta(close, 1), 20) / (decay_linear(volume, 20) + 1e-5) * ts_rank(close, 20))
[reward_only] iter 14/50 [OK ] reward= -4.0443  rank(-1 * stddev(delta(close, 1), 20) / (decay_linear(volume, 20) + 1e-5))
[reward_only] iter 15/50 [OK ] reward=-54.9596  rank(-1 * stddev(delta(close, 1), 20) / (decay_linear(volume, 20) + 1e-5) + cs_rank(high - low))
[reward_only] iter 16/50 [OK ] reward=-174.6251  rank(-1 * stddev(delta(close, 1), 20) / (decay_linear(volume, 20) + 1e-5) + cs_rank(close - open))
[reward_only] iter 17/50 [OK ] reward=-174.6251  rank(-1 * stddev(delta(close, 1), 20) / (decay_linear(volume, 20) + 1e-5) + cs_rank(close - open))
[reward_only] iter 18/50 [OK ] reward=-54.9596  rank(-1 * stddev(delta(close, 1), 20) / (decay_linear(volume, 20) + 1e-5) + cs_rank(high - low))
[reward_only] iter 19/50 [OK ] reward=-174.6251  rank(-1 * stddev(delta(close, 1), 20) / (decay_linear(volume, 20) + 1e-5) + cs_rank(close - open))
[reward_only] iter 20/50 [OK ] reward=-174.6251  rank(-1 * stddev(delta(close, 1), 20) / (decay_linear(volume, 20) + 1e-5) + cs_rank(close - open))
[reward_only] iter 21/50 [OK ] reward= -4.0443  rank(-1 * stddev(delta(close, 1), 20) / (decay_linear(volume, 20) + 1e-5))
[reward_only] iter 22/50 [OK ] reward=-173.8390  rank(-1 * stddev(delta(close, 1), 20) / (decay_linear(volume, 20) + 1e-5) + cs_rank(vwap - close))
[reward_only] iter 23/50 [OK ] reward= -4.0443  rank(-1 * stddev(delta(close, 1), 20) / (decay_linear(volume, 20) + 1e-5))
[reward_only] iter 24/50 [OK ] reward=-70.7923  rank(-1 * stddev(delta(close, 1), 20) / (decay_linear(volume, 20) + 1e-5) + ts_rank(close, 20))
[reward_only] iter 25/50 [OK ] reward= -4.0443  rank(-1 * stddev(delta(close, 1), 20) / (decay_linear(volume, 20) + 1e-5))
[reward_only] iter 26/50 [OK ] reward= -4.1038  rank(-1 * (stddev(delta(close, 1), 20) + stddev(delta(vwap, 1), 20)) / (decay_linear(volume, 20) + 1e-5))
[reward_only] iter 27/50 [OK ] reward= -4.0443  rank(-1 * stddev(delta(close, 1), 20) / (decay_linear(volume, 20) + 1e-5))
[reward_only] iter 28/50 [OK ] reward=-169.5488  cs_rank(-1 * stddev(delta(close, 1), 20) / (decay_linear(volume, 20) + 1e-5) + zscore(high - low, 20))
[reward_only] iter 29/50 [OK ] reward= -4.0443  rank(-1 * stddev(delta(close, 1), 20) / (decay_linear(volume, 20) + 1e-5))
[reward_only] iter 30/50 [OK ] reward= -4.0443  rank(-1 * stddev(delta(close, 1), 20) / (decay_linear(volume, 20) + 1e-5))
[reward_only] iter 31/50 [OK ] reward=-63.1051  rank(-1 * stddev(delta(close, 1), 20) / (decay_linear(volume, 20) + 1e-5) + ts_rank(vwap, 20))
[reward_only] iter 32/50 [OK ] reward=-63.1051  rank(-1 * stddev(delta(close, 1), 20) / (decay_linear(volume, 20) + 1e-5) + ts_rank(vwap, 20))
[reward_only] iter 33/50 [OK ] reward=-132.3723  rank(-1 * stddev(delta(close, 1), 20) / (decay_linear(volume, 20) + 1e-5)) + cs_rank(vwap - open)
[reward_only] iter 34/50 [OK ] reward=-132.3723  rank(-1 * stddev(delta(close, 1), 20) / (decay_linear(volume, 20) + 1e-5)) + cs_rank(vwap - open)
[reward_only] iter 35/50 [OK ] reward= -4.0443  rank(-1 * stddev(delta(close, 1), 20) / (decay_linear(volume, 20) + 1e-5))
[reward_only] iter 36/50 [OK ] reward=-35.0423  cs_rank(-1 * ts_rank(stddev(delta(close, 1), 20), 20) / (decay_linear(volume, 20) + 1e-5))
[reward_only] iter 37/50 [OK ] reward= -4.0443  rank(-1 * stddev(delta(close, 1), 20) / (decay_linear(volume, 20) + 1e-5))
[reward_only] iter 38/50 [OK ] reward=-70.5704  rank(-1 * (stddev(delta(close, 1), 20) / (decay_linear(volume, 20) + 1e-5) + ts_rank(close, 20)))
[reward_only] iter 39/50 [OK ] reward= -4.0443  rank(-1 * stddev(delta(close, 1), 20) / (decay_linear(volume, 20) + 1e-5))
[reward_only] iter 40/50 [OK ] reward= -3.7685  rank(-1 * stddev(delta(close, 1), 20) / (sma(volume, 20) + 1e-5))
[reward_only] iter 41/50 [OK ] reward=-30.7679  rank(-1 * (stddev(delta(close, 1), 20) / (sma(volume, 20) + 1e-5) + cs_rank(volume)))
[reward_only] iter 42/50 [OK ] reward= -3.7685  rank(-1 * stddev(delta(close, 1), 20) / (sma(volume, 20) + 1e-5))
[reward_only] iter 43/50 [OK ] reward=-175.1619  rank(-1 * (stddev(delta(close, 1), 20) / (sma(volume, 20) + 1e-5) + cs_rank(vwap - close)))
[reward_only] iter 44/50 [OK ] reward= -3.7685  rank(-1 * stddev(delta(close, 1), 20) / (sma(volume, 20) + 1e-5))
[reward_only] iter 45/50 [OK ] reward= -3.7685  cs_rank(-1 * stddev(delta(close, 1), 20) / (sma(volume, 20) + 1e-5))
[reward_only] iter 46/50 [OK ] reward= -3.7685  cs_rank(-1 * stddev(delta(close, 1), 20) / (sma(volume, 20) + 1e-5))
[reward_only] iter 47/50 [OK ] reward=-132.4856  rank(-1 * stddev(delta(close, 1), 20) / (sma(volume, 20) + 1e-5)) + rank(vwap - close)
[reward_only] iter 48/50 [OK ] reward= -3.7685  rank(-1 * stddev(delta(close, 1), 20) / (sma(volume, 20) + 1e-5))
[reward_only] iter 49/50 [OK ] reward= -3.5139  rank(-1 * stddev(delta(close, 1), 20) / (sma(volume, 20) + 1e-5) * cs_rank(vwap))
[reward_only] iter 50/50 [OK ] reward= -3.7685  rank(-1 * stddev(delta(close, 1), 20) / (sma(volume, 20) + 1e-5))
[wfo:reward_only] fold 19 winner: rank(-1 * stddev(delta(close, 1), 20) / (sma(volume, 20) + 1e-5) * cs_rank(vwap))
[wfo:reward_only] fold 19 OOS: Gross_IR=1.906 Turnover=8.26 Net_IR=1.490
[wfo:reward_only] fold 20: train 2021-01-01..2025-12-31 -> test 2026-01-01..2026-08-13
[reward_only] iter  0/50 [SEED] reward= -7.5551  rank(-1 * stddev(delta(close, 1), 20))
[reward_only] iter  1/50 [OK ] reward=-18.0235  cs_rank(-1 * stddev(delta(close, 1), 20) / (vwap + 1e-5))
[reward_only] iter  2/50 [ERR] reward=    -inf  cs_rank((close - open) / (high - low) * volume)
[reward_only] iter  3/50 [OK ] reward= -7.5551  cs_rank(-1 * stddev(delta(close, 1), 20))
[reward_only] iter  4/50 [OK ] reward=-47.3987  cs_rank(-1 * zscore(stddev(delta(close, 1), 20), 20))
[reward_only] iter  5/50 [OK ] reward=-51.2531  cs_rank(-1 * (stddev(delta(close, 1), 20) + zscore(volume, 20)))
[reward_only] iter  6/50 [OK ] reward=-48.5477  rank(-1 * (stddev(delta(close, 1), 20) + zscore(volume, 20) + cs_rank(high - low)))
[reward_only] iter  7/50 [OK ] reward=-51.2531  rank(-1 * (stddev(delta(close, 1), 20) + zscore(volume, 20)))
[reward_only] iter  8/50 [OK ] reward=-23.6687  rank(-1 * (stddev(delta(close, 1), 20) + ts_rank(volume, 20)))
[reward_only] iter  9/50 [OK ] reward=-12.5332  rank(-1 * (stddev(delta(close, 1), 20) + cs_rank(volume)))
[reward_only] iter 10/50 [OK ] reward= -1.4716  rank(-1 * (stddev(delta(close, 1), 20) + cs_rank(volume) + decay_linear(vwap, 20)))
[reward_only] iter 11/50 [OK ] reward= -1.4716  rank(-1 * (stddev(delta(close, 1), 20) + cs_rank(volume) + decay_linear(vwap, 20)))
[reward_only] iter 12/50 [OK ] reward= -1.4037  rank(-1 * (stddev(delta(close, 1), 20) + decay_linear(vwap, 20)))
[reward_only] iter 13/50 [OK ] reward= -1.4716  rank(-1 * (stddev(delta(close, 1), 20) + decay_linear(vwap, 20) + cs_rank(volume)))
[reward_only] iter 14/50 [OK ] reward= -1.4037  rank(-1 * (stddev(delta(close, 1), 20) + decay_linear(vwap, 20)))
[reward_only] iter 15/50 [OK ] reward= -1.5736  rank(-1 * (stddev(delta(close, 1), 20) + decay_linear(vwap, 20) + ts_rank(volume, 20)))
[reward_only] iter 16/50 [OK ] reward= -1.4037  rank(-1 * (stddev(delta(close, 1), 20) + decay_linear(vwap, 20)))
[reward_only] iter 17/50 [OK ] reward= -1.5736  rank(-1 * (stddev(delta(close, 1), 20) + decay_linear(vwap, 20) + ts_rank(volume, 20)))
[reward_only] iter 18/50 [OK ] reward= -1.4037  rank(-1 * (stddev(delta(close, 1), 20) + decay_linear(vwap, 20)))
[reward_only] iter 19/50 [OK ] reward= -1.4716  rank(-1 * (stddev(delta(close, 1), 20) + decay_linear(vwap, 20) + cs_rank(volume)))
[reward_only] iter 20/50 [OK ] reward= -1.4037  rank(-1 * (stddev(delta(close, 1), 20) + decay_linear(vwap, 20)))
[reward_only] iter 21/50 [OK ] reward= -1.5736  rank(-1 * (stddev(delta(close, 1), 20) + decay_linear(vwap, 20) + ts_rank(volume, 20)))
[reward_only] iter 22/50 [OK ] reward= -1.4037  rank(-1 * (stddev(delta(close, 1), 20) + decay_linear(vwap, 20)))
[reward_only] iter 23/50 [OK ] reward= -1.5736  rank(-1 * (stddev(delta(close, 1), 20) + decay_linear(vwap, 20) + ts_rank(volume, 20)))
[reward_only] iter 24/50 [OK ] reward= -1.4037  rank(-1 * (stddev(delta(close, 1), 20) + decay_linear(vwap, 20)))
[reward_only] iter 25/50 [OK ] reward= -2.1250  rank(-1 * (stddev(delta(close, 1), 20) + decay_linear(vwap, 20) + zscore(volume, 20)))
[reward_only] iter 26/50 [OK ] reward= -1.4037  rank(-1 * (stddev(delta(close, 1), 20) + decay_linear(vwap, 20)))
[reward_only] iter 27/50 [OK ] reward= -1.5736  rank(-1 * (stddev(delta(close, 1), 20) + decay_linear(vwap, 20) + ts_rank(volume, 20)))
[reward_only] iter 28/50 [OK ] reward= -1.4037  rank(-1 * (stddev(delta(close, 1), 20) + decay_linear(vwap, 20)))
[reward_only] iter 29/50 [OK ] reward= -1.5503  rank(-1 * (stddev(delta(close, 1), 20) + decay_linear(vwap, 20) - ts_rank(volume, 20)))
[reward_only] iter 30/50 [OK ] reward= -1.4037  rank(-1 * (stddev(delta(close, 1), 20) + decay_linear(vwap, 20)))
[reward_only] iter 31/50 [OK ] reward= -1.4716  rank(-1 * (stddev(delta(close, 1), 20) + decay_linear(vwap, 20) + cs_rank(volume)))
[reward_only] iter 32/50 [OK ] reward= -1.4037  rank(-1 * (stddev(delta(close, 1), 20) + decay_linear(vwap, 20)))
[reward_only] iter 33/50 [OK ] reward=-10.0551  rank(-1 * (stddev(delta(close, 1), 20) + decay_linear(zscore(vwap, 20), 20)))
[reward_only] iter 34/50 [OK ] reward=-13.9108  rank(-1 * (stddev(delta(close, 1), 20) + decay_linear(vwap - sma(close, 20), 20)))
[reward_only] iter 35/50 [OK ] reward= -8.5015  rank(-1 * (stddev(delta(close, 1), 20) + decay_linear(vwap - close, 20)))
[reward_only] iter 36/50 [OK ] reward=-13.4864  rank(-1 * (stddev(delta(close, 1), 20) + decay_linear(vwap - close, 20) + cs_rank(volume)))
[reward_only] iter 37/50 [OK ] reward= -1.4037  rank(-1 * (stddev(delta(close, 1), 20) + decay_linear(vwap, 20)))
[reward_only] iter 38/50 [OK ] reward= -2.1250  cs_rank(-1 * (stddev(delta(close, 1), 20) + decay_linear(vwap, 20) + zscore(volume, 20)))
[reward_only] iter 39/50 [OK ] reward= -1.4037  rank(-1 * (stddev(delta(close, 1), 20) + decay_linear(vwap, 20)))
[reward_only] iter 40/50 [OK ] reward= -1.5736  rank(-1 * (stddev(delta(close, 1), 20) + decay_linear(vwap, 20) + ts_rank(volume, 20)))
[reward_only] iter 41/50 [OK ] reward= -1.4037  rank(-1 * (stddev(delta(close, 1), 20) + decay_linear(vwap, 20)))
[reward_only] iter 42/50 [OK ] reward= -1.4716  rank(-1 * (stddev(delta(close, 1), 20) + decay_linear(vwap, 20) + cs_rank(volume)))
[reward_only] iter 43/50 [OK ] reward= -1.4037  rank(-1 * (stddev(delta(close, 1), 20) + decay_linear(vwap, 20)))
[reward_only] iter 44/50 [OK ] reward= -1.5736  cs_rank(-1 * (stddev(delta(close, 1), 20) + decay_linear(vwap, 20) + ts_rank(volume, 20)))
[reward_only] iter 45/50 [OK ] reward= -1.4037  rank(-1 * (stddev(delta(close, 1), 20) + decay_linear(vwap, 20)))
[reward_only] iter 46/50 [OK ] reward= -1.4037  cs_rank(-1 * (stddev(delta(close, 1), 20) + decay_linear(vwap, 20)))
[reward_only] iter 47/50 [OK ] reward= -2.1250  cs_rank(-1 * (stddev(delta(close, 1), 20) + decay_linear(vwap, 20) + zscore(volume, 20)))
[reward_only] iter 48/50 [OK ] reward= -1.4037  rank(-1 * (stddev(delta(close, 1), 20) + decay_linear(vwap, 20)))
[reward_only] iter 49/50 [OK ] reward= -1.5104  rank(-1 * (stddev(delta(close, 1), 20) + decay_linear(vwap, 20) - decay_linear(high - low, 20)))
[reward_only] iter 50/50 [OK ] reward= -1.4037  rank(-1 * (stddev(delta(close, 1), 20) + decay_linear(vwap, 20)))
[wfo:reward_only] fold 20 winner: rank(-1 * (stddev(delta(close, 1), 20) + decay_linear(vwap, 20)))
[wfo:reward_only] fold 20 OOS: Gross_IR=0.338 Turnover=6.24 Net_IR=0.137
[run_full_grid] checkpointed grid_summary.csv (1 rows)

==============================================================================
ALPHA=volatility (rank(-1 * stddev(delta(close, 1), 20)))  LLM_SEED=2002
==============================================================================
[LocalQwenClient] seed=2002 main_gpu=0
[wfo:reward_only] fold 0: train 2001-01-01..2005-12-31 -> test 2006-01-01..2006-12-31
[reward_only] iter  0/50 [SEED] reward= -9.2254  rank(-1 * stddev(delta(close, 1), 20))
[reward_only] iter  1/50 [OK ] reward= -2.7681  rank(-1 * decay_linear(stddev(delta(close, 1), 20), 50))
[reward_only] iter  2/50 [OK ] reward=-14.7609  rank(-1 * decay_linear(zscore(stddev(delta(close, 1), 20), 20), 50))
[reward_only] iter  3/50 [ERR] reward=    -inf  cs_rank((close - open) / (high - low))
[reward_only] iter  4/50 [ERR] reward=    -inf  rank(-1 * decay_linear(stddev(delta(close, 1), 20), 50) + cs_rank(vwap / close))
[reward_only] iter  5/50 [OK ] reward=-113.4991  rank(-1 * decay_linear(stddev(delta(close, 1), 20), 50) + cs_rank(vwap / (close + 1e-5)))
[reward_only] iter  6/50 [OK ] reward= -2.7681  rank(-1 * decay_linear(stddev(delta(close, 1), 20), 50))
[reward_only] iter  7/50 [OK ] reward= -2.0838  rank(-1 * decay_linear(stddev(delta(close, 1), 20), 50) / (decay_linear(stddev(delta(volume, 1), 20), 50) + 1e-5))
[reward_only] iter  8/50 [OK ] reward= -2.0838  rank(-1 * decay_linear(stddev(delta(close, 1), 20), 50) / (decay_linear(stddev(delta(volume, 1), 20), 50) + 1e-5))
[reward_only] iter  9/50 [OK ] reward= -2.0838  rank(-1 * decay_linear(stddev(delta(close, 1), 20), 50) / (decay_linear(stddev(delta(volume, 1), 20), 50) + 1e-5))
[reward_only] iter 10/50 [OK ] reward= -2.0838  rank(-1 * decay_linear(stddev(delta(close, 1), 20), 50) / (decay_linear(stddev(delta(volume, 1), 20), 50) + 1e-5))
[reward_only] iter 11/50 [OK ] reward= -2.0838  rank(-1 * decay_linear(stddev(delta(close, 1), 20), 50) / (decay_linear(stddev(delta(volume, 1), 20), 50) + 1e-5))
[reward_only] iter 12/50 [OK ] reward= -2.0838  rank(-1 * decay_linear(stddev(delta(close, 1), 20), 50) / (decay_linear(stddev(delta(volume, 1), 20), 50) + 1e-5))
[reward_only] iter 13/50 [OK ] reward= -2.0838  rank(-1 * decay_linear(stddev(delta(close, 1), 20), 50) / (decay_linear(stddev(delta(volume, 1), 20), 50) + 1e-5))
[reward_only] iter 14/50 [OK ] reward= -2.0838  rank(-1 * decay_linear(stddev(delta(close, 1), 20), 50) / (decay_linear(stddev(delta(volume, 1), 20), 50) + 1e-5))
[reward_only] iter 15/50 [OK ] reward= -2.0838  rank(-1 * decay_linear(stddev(delta(close, 1), 20), 50) / (decay_linear(stddev(delta(volume, 1), 20), 50) + 1e-5))
[reward_only] iter 16/50 [OK ] reward= -2.0838  rank(-1 * decay_linear(stddev(delta(close, 1), 20), 50) / (decay_linear(stddev(delta(volume, 1), 20), 50) + 1e-5))
[reward_only] iter 17/50 [OK ] reward= -2.0838  rank(-1 * decay_linear(stddev(delta(close, 1), 20), 50) / (decay_linear(stddev(delta(volume, 1), 20), 50) + 1e-5))
[reward_only] iter 18/50 [OK ] reward= -2.0838  rank(-1 * decay_linear(stddev(delta(close, 1), 20), 50) / (decay_linear(stddev(delta(volume, 1), 20), 50) + 1e-5))
[reward_only] iter 19/50 [OK ] reward= -2.0838  rank(-1 * decay_linear(stddev(delta(close, 1), 20), 50) / (decay_linear(stddev(delta(volume, 1), 20), 50) + 1e-5))
[reward_only] iter 20/50 [OK ] reward= -2.0838  rank(-1 * decay_linear(stddev(delta(close, 1), 20), 50) / (decay_linear(stddev(delta(volume, 1), 20), 50) + 1e-5))
[reward_only] iter 21/50 [OK ] reward= -2.0838  rank(-1 * decay_linear(stddev(delta(close, 1), 20), 50) / (decay_linear(stddev(delta(volume, 1), 20), 50) + 1e-5))
[reward_only] iter 22/50 [OK ] reward= -6.9082  rank(-1 * decay_linear(stddev(delta(close, 1), 20), 50) / (stddev(delta(volume, 1), 20) + 1e-5))
[reward_only] iter 23/50 [OK ] reward= -2.0838  rank(-1 * decay_linear(stddev(delta(close, 1), 20), 50) / (decay_linear(stddev(delta(volume, 1), 20), 50) + 1e-5))
[reward_only] iter 24/50 [OK ] reward= -2.0838  rank(-1 * decay_linear(stddev(delta(close, 1), 20), 50) / (decay_linear(stddev(delta(volume, 1), 20), 50) + 1e-5))
[reward_only] iter 25/50 [OK ] reward= -2.0838  rank(-1 * decay_linear(stddev(delta(close, 1), 20), 50) / (decay_linear(stddev(delta(volume, 1), 20), 50) + 1e-5))
[reward_only] iter 26/50 [OK ] reward= -2.0838  rank(-1 * decay_linear(stddev(delta(close, 1), 20), 50) / (decay_linear(stddev(delta(volume, 1), 20), 50) + 1e-5))
[reward_only] iter 27/50 [OK ] reward= -6.9082  rank(-1 * decay_linear(stddev(delta(close, 1), 20), 50) / (stddev(delta(volume, 1), 20) + 1e-5))
[reward_only] iter 28/50 [OK ] reward= -2.0838  rank(-1 * decay_linear(stddev(delta(close, 1), 20), 50) / (decay_linear(stddev(delta(volume, 1), 20), 50) + 1e-5))
[reward_only] iter 29/50 [OK ] reward= -2.0838  rank(-1 * decay_linear(stddev(delta(close, 1), 20), 50) / (decay_linear(stddev(delta(volume, 1), 20), 50) + 1e-5))
[reward_only] iter 30/50 [OK ] reward= -2.0838  rank(-1 * decay_linear(stddev(delta(close, 1), 20), 50) / (decay_linear(stddev(delta(volume, 1), 20), 50) + 1e-5))
[reward_only] iter 31/50 [OK ] reward= -6.9082  rank(-1 * decay_linear(stddev(delta(close, 1), 20), 50) / (stddev(delta(volume, 1), 20) + 1e-5))
[reward_only] iter 32/50 [OK ] reward= -2.0838  rank(-1 * decay_linear(stddev(delta(close, 1), 20), 50) / (decay_linear(stddev(delta(volume, 1), 20), 50) + 1e-5))
[reward_only] iter 33/50 [OK ] reward= -2.0838  rank(-1 * decay_linear(stddev(delta(close, 1), 20), 50) / (decay_linear(stddev(delta(volume, 1), 20), 50) + 1e-5))
[reward_only] iter 34/50 [OK ] reward= -2.0838  rank(-1 * decay_linear(stddev(delta(close, 1), 20), 50) / (decay_linear(stddev(delta(volume, 1), 20), 50) + 1e-5))
[reward_only] iter 35/50 [OK ] reward= -2.0838  rank(-1 * decay_linear(stddev(delta(close, 1), 20), 50) / (decay_linear(stddev(delta(volume, 1), 20), 50) + 1e-5))
[reward_only] iter 36/50 [OK ] reward= -2.0838  rank(-1 * decay_linear(stddev(delta(close, 1), 20), 50) / (decay_linear(stddev(delta(volume, 1), 20), 50) + 1e-5))
[reward_only] iter 37/50 [OK ] reward= -2.0838  rank(-1 * decay_linear(stddev(delta(close, 1), 20), 50) / (decay_linear(stddev(delta(volume, 1), 20), 50) + 1e-5))
[reward_only] iter 38/50 [OK ] reward= -2.0838  rank(-1 * decay_linear(stddev(delta(close, 1), 20), 50) / (decay_linear(stddev(delta(volume, 1), 20), 50) + 1e-5))
[reward_only] iter 39/50 [OK ] reward= -6.9082  rank(-1 * decay_linear(stddev(delta(close, 1), 20), 50) / (stddev(delta(volume, 1), 20) + 1e-5))
[reward_only] iter 40/50 [OK ] reward= -2.0838  rank(-1 * decay_linear(stddev(delta(close, 1), 20), 50) / (decay_linear(stddev(delta(volume, 1), 20), 50) + 1e-5))
[reward_only] iter 41/50 [OK ] reward= -2.0838  rank(-1 * decay_linear(stddev(delta(close, 1), 20), 50) / (decay_linear(stddev(delta(volume, 1), 20), 50) + 1e-5))
[reward_only] iter 42/50 [OK ] reward= -2.0838  rank(-1 * decay_linear(stddev(delta(close, 1), 20), 50) / (decay_linear(stddev(delta(volume, 1), 20), 50) + 1e-5))
[reward_only] iter 43/50 [OK ] reward= -2.0838  rank(-1 * decay_linear(stddev(delta(close, 1), 20), 50) / (decay_linear(stddev(delta(volume, 1), 20), 50) + 1e-5))
[reward_only] iter 44/50 [OK ] reward= -2.0838  rank(-1 * decay_linear(stddev(delta(close, 1), 20), 50) / (decay_linear(stddev(delta(volume, 1), 20), 50) + 1e-5))
[reward_only] iter 45/50 [OK ] reward= -2.0838  rank(-1 * decay_linear(stddev(delta(close, 1), 20), 50) / (decay_linear(stddev(delta(volume, 1), 20), 50) + 1e-5))
[reward_only] iter 46/50 [OK ] reward= -2.0838  rank(-1 * decay_linear(stddev(delta(close, 1), 20), 50) / (decay_linear(stddev(delta(volume, 1), 20), 50) + 1e-5))
[reward_only] iter 47/50 [OK ] reward= -2.0838  rank(-1 * decay_linear(stddev(delta(close, 1), 20), 50) / (decay_linear(stddev(delta(volume, 1), 20), 50) + 1e-5))
[reward_only] iter 48/50 [OK ] reward= -2.0838  rank(-1 * decay_linear(stddev(delta(close, 1), 20), 50) / (decay_linear(stddev(delta(volume, 1), 20), 50) + 1e-5))
[reward_only] iter 49/50 [OK ] reward= -2.0838  rank(-1 * decay_linear(stddev(delta(close, 1), 20), 50) / (decay_linear(stddev(delta(volume, 1), 20), 50) + 1e-5))
[reward_only] iter 50/50 [OK ] reward= -2.0838  rank(-1 * decay_linear(stddev(delta(close, 1), 20), 50) / (decay_linear(stddev(delta(volume, 1), 20), 50) + 1e-5))
[wfo:reward_only] fold 0 winner: rank(-1 * decay_linear(stddev(delta(close, 1), 20), 50) / (decay_linear(stddev(delta(volume, 1), 20), 50) + 1e-5))
[wfo:reward_only] fold 0 OOS: Gross_IR=1.149 Turnover=5.42 Net_IR=0.863
[wfo:reward_only] fold 1: train 2002-01-01..2006-12-31 -> test 2007-01-01..2007-12-31
[reward_only] iter  0/50 [SEED] reward= -8.7672  rank(-1 * stddev(delta(close, 1), 20))
[reward_only] iter  1/50 [OK ] reward=-85.9245  rank(-1 * stddev(delta(close, 1), 20) + ts_rank(volume, 20))
[reward_only] iter  2/50 [OK ] reward=-25.4724  rank(-1 * stddev(delta(close, 1), 20) + cs_rank(volume))
[reward_only] iter  3/50 [OK ] reward=-25.5221  rank(-1 * stddev(delta(close, 1), 20) + cs_rank(volume / (volume + 1e-5)))
[reward_only] iter  4/50 [OK ] reward=-14.5269  rank(-1 * stddev(delta(close, 1), 20) + cs_rank(vwap / (vwap + 1e-5)))
[reward_only] iter  5/50 [OK ] reward=-14.5269  rank(-1 * stddev(delta(close, 1), 20) + cs_rank(vwap / (vwap + 1e-5)))
[reward_only] iter  6/50 [OK ] reward=-25.4724  rank(-1 * stddev(delta(close, 1), 20) + cs_rank(volume))
[reward_only] iter  7/50 [OK ] reward=-25.5221  rank(-1 * stddev(delta(close, 1), 20) + cs_rank(volume / (volume + 1e-5)))
[reward_only] iter  8/50 [OK ] reward=-25.5221  rank(-1 * stddev(delta(close, 1), 20) + cs_rank(volume / (volume + 1e-5)))
[reward_only] iter  9/50 [OK ] reward=-27.1427  rank(-1 * stddev(delta(close, 1), 20)) + cs_rank(volume / (volume + 1e-5))
[reward_only] iter 10/50 [OK ] reward=-27.1427  rank(-1 * stddev(delta(close, 1), 20)) + cs_rank(volume / (volume + 1e-5))
[reward_only] iter 11/50 [OK ] reward= -8.7672  rank(-1 * stddev(delta(close, 1), 20))
[reward_only] iter 12/50 [OK ] reward=-120.6723  rank(-1 * stddev(delta(close, 1), 20) + cs_rank(vwap - close))
[reward_only] iter 13/50 [OK ] reward= -3.4534  rank(-1 * decay_linear(stddev(delta(close, 1), 20), 20))
[reward_only] iter 14/50 [OK ] reward=-36.3705  rank(-1 * decay_linear(stddev(delta(close, 1), 20), 20) + ts_rank(vwap, 20))
[reward_only] iter 15/50 [OK ] reward= -8.1591  rank(-1 * decay_linear(stddev(delta(close, 1), 20), 20) + cs_rank(vwap))
[reward_only] iter 16/50 [ERR] reward=    -inf  rank(-1 * decay_linear(stddev(delta(close, 1), 20), 20) + cs_rank(close / vwap))
[reward_only] iter 17/50 [ERR] reward=    -inf  rank(-1 * decay_linear(stddev(delta(close, 1), 20), 20) + cs_rank((close + 1e-5) / vwap))
[reward_only] iter 18/50 [OK ] reward=-122.9440  rank(-1 * decay_linear(stddev(delta(close, 1), 20), 20) + cs_rank((close + 1e-5) / (vwap + 1e-5)))
[reward_only] iter 19/50 [OK ] reward=-122.4138  rank(-1 * decay_linear(stddev(delta(close, 1), 20), 20) + cs_rank((close - open + 1e-5) / (high - low + 1e-5)))
[reward_only] iter 20/50 [OK ] reward=-21.1901  rank(-1 * decay_linear(stddev(delta(close, 1), 20), 20) + cs_rank(volume / (high - low + 1e-5)))
[reward_only] iter 21/50 [OK ] reward=-21.1901  rank(-1 * decay_linear(stddev(delta(close, 1), 20), 20) + cs_rank(volume / (high - low + 1e-5)))
[reward_only] iter 22/50 [OK ] reward=-21.1901  rank(-1 * decay_linear(stddev(delta(close, 1), 20), 20) + cs_rank(volume / (high - low + 1e-5)))
[reward_only] iter 23/50 [OK ] reward=-21.1901  rank(-1 * decay_linear(stddev(delta(close, 1), 20), 20) + cs_rank(volume / (high - low + 1e-5)))
[reward_only] iter 24/50 [OK ] reward=-21.1901  rank(-1 * decay_linear(stddev(delta(close, 1), 20), 20) + cs_rank(volume / (high - low + 1e-5)))
[reward_only] iter 25/50 [OK ] reward=-21.1901  rank(-1 * decay_linear(stddev(delta(close, 1), 20), 20) + cs_rank(volume / (high - low + 1e-5)))
[reward_only] iter 26/50 [OK ] reward=-21.0398  rank(-1 * decay_linear(stddev(delta(close, 1), 20), 20)) + cs_rank(volume / (high - low + 1e-5))
[reward_only] iter 27/50 [OK ] reward=-21.0398  rank(-1 * decay_linear(stddev(delta(close, 1), 20), 20)) + cs_rank(volume / (high - low + 1e-5))
[reward_only] iter 28/50 [OK ] reward=-21.0398  rank(-1 * decay_linear(stddev(delta(close, 1), 20), 20)) + cs_rank(volume / (high - low + 1e-5))
[reward_only] iter 29/50 [OK ] reward=-21.0398  rank(-1 * decay_linear(stddev(delta(close, 1), 20), 20)) + cs_rank(volume / (high - low + 1e-5))
[reward_only] iter 30/50 [OK ] reward=-21.0398  rank(-1 * decay_linear(stddev(delta(close, 1), 20), 20)) + cs_rank(volume / (high - low + 1e-5))
[reward_only] iter 31/50 [OK ] reward=-18.3110  rank(-1 * decay_linear(stddev(delta(close, 1), 20), 20)) * cs_rank(volume / (high - low + 1e-5))
[reward_only] iter 32/50 [OK ] reward=-74.0972  rank(-1 * decay_linear(stddev(delta(close, 1), 20), 20)) * cs_rank(vwap / (high - low + 1e-5))
[reward_only] iter 33/50 [OK ] reward=-18.3110  rank(-1 * decay_linear(stddev(delta(close, 1), 20), 20)) * cs_rank(volume / (high - low + 1e-5))
[reward_only] iter 34/50 [OK ] reward=-57.4544  rank(-1 * decay_linear(stddev(delta(close, 1), 20), 20) * cs_rank(volume / (high - low + 1e-5)))
[reward_only] iter 35/50 [OK ] reward=-21.1901  rank(-1 * decay_linear(stddev(delta(close, 1), 20), 20) + cs_rank(volume / (high - low + 1e-5)))
[reward_only] iter 36/50 [OK ] reward=-21.0398  rank(-1 * decay_linear(stddev(delta(close, 1), 20), 20)) + cs_rank(volume / (high - low + 1e-5))
[reward_only] iter 37/50 [OK ] reward=-21.0398  rank(-1 * decay_linear(stddev(delta(close, 1), 20), 20)) + cs_rank(volume / (high - low + 1e-5))
[reward_only] iter 38/50 [OK ] reward=-21.0398  rank(-1 * decay_linear(stddev(delta(close, 1), 20), 20)) + cs_rank(volume / (high - low + 1e-5))
[reward_only] iter 39/50 [OK ] reward=-21.1901  rank(-1 * decay_linear(stddev(delta(close, 1), 20), 20) + cs_rank(volume / (high - low + 1e-5)))
[reward_only] iter 40/50 [OK ] reward= -3.4534  rank(-1 * decay_linear(stddev(delta(close, 1), 20), 20))
[reward_only] iter 41/50 [OK ] reward= -2.3390  rank(-1 * decay_linear(stddev(delta(close, 1), 30), 30))
[reward_only] iter 42/50 [OK ] reward= -1.4402  rank(-1 * decay_linear(stddev(delta(close, 1), 60), 60))
[reward_only] iter 43/50 [OK ] reward=-25.1101  rank(-1 * decay_linear(stddev(delta(close, 1), 60), 60) + cs_rank(volume))
[reward_only] iter 44/50 [OK ] reward= -6.1455  rank(-1 * decay_linear(stddev(delta(close, 1), 60), 60) + cs_rank(vwap))
[reward_only] iter 45/50 [OK ] reward=-23.2670  cs_rank(-1 * decay_linear(stddev(delta(close, 1), 60), 60)) + ts_rank(vwap, 60)
[reward_only] iter 46/50 [OK ] reward=-20.4539  rank(-1 * decay_linear(stddev(delta(close, 1), 60), 60) + ts_rank(vwap, 60))
[reward_only] iter 47/50 [OK ] reward=-88.4094  rank(-1 * decay_linear(stddev(delta(close, 1), 60), 60) * ts_rank(volume, 60))
[reward_only] iter 48/50 [OK ] reward=-47.2234  rank(-1 * decay_linear(stddev(delta(close, 1), 60), 60) * cs_rank(volume))
[reward_only] iter 49/50 [OK ] reward=-25.4436  rank(-1 * decay_linear(stddev(delta(close, 1), 60), 60) * ts_rank(vwap, 60))
[reward_only] iter 50/50 [OK ] reward= -1.9816  rank(-1 * decay_linear(stddev(delta(close, 1), 60), 60) * cs_rank(vwap))
[wfo:reward_only] fold 1 winner: rank(-1 * decay_linear(stddev(delta(close, 1), 60), 60))
[wfo:reward_only] fold 1 OOS: Gross_IR=1.217 Turnover=4.40 Net_IR=1.000
[wfo:reward_only] fold 2: train 2003-01-01..2007-12-31 -> test 2008-01-01..2008-12-31
[reward_only] iter  0/50 [SEED] reward= -8.7417  rank(-1 * stddev(delta(close, 1), 20))
[reward_only] iter  1/50 [OK ] reward= -7.5743  rank(-1 * stddev(delta(close, 1), 20) / (stddev(volume, 20) + 1e-5))
[reward_only] iter  2/50 [OK ] reward=-135.8493  cs_rank(-1 * stddev(delta(close, 1), 20) / (stddev(volume, 20) + 1e-5)) + cs_rank(vwap - close)
[reward_only] iter  3/50 [OK ] reward= -7.5743  cs_rank(-1 * stddev(delta(close, 1), 20) / (stddev(volume, 20) + 1e-5))
[reward_only] iter  4/50 [OK ] reward=-51.6188  rank(-1 * (stddev(delta(close, 1), 20) / (stddev(volume, 20) + 1e-5) + zscore(vwap, 20)))
[reward_only] iter  5/50 [OK ] reward= -2.3914  rank(-1 * (stddev(delta(close, 1), 20) / (stddev(volume, 20) + 1e-5) + cs_rank(vwap)))
[reward_only] iter  6/50 [OK ] reward= -7.5743  rank(-1 * (stddev(delta(close, 1), 20) / (stddev(volume, 20) + 1e-5)))
[reward_only] iter  7/50 [ERR] reward=    -inf  rank(-1 * (stddev(delta(close, 1), 20) / (stddev(volume, 20) + 1e-5) + cs_rank(vwap / close)))
[reward_only] iter  8/50 [OK ] reward=-186.1753  rank(-1 * (stddev(delta(close, 1), 20) / (stddev(volume, 20) + 1e-5) + cs_rank(vwap / (close + 1e-5))))
[reward_only] iter  9/50 [OK ] reward= -2.3914  rank(-1 * (stddev(delta(close, 1), 20) / (stddev(volume, 20) + 1e-5) + cs_rank(vwap)))
[reward_only] iter 10/50 [OK ] reward= -2.3413  cs_rank(-1 * (stddev(delta(close, 1), 20) / (stddev(volume, 20) + 1e-5) + vwap))
[reward_only] iter 11/50 [OK ] reward= -7.5743  cs_rank(-1 * (stddev(delta(close, 1), 20) / (stddev(volume, 20) + 1e-5)))
[reward_only] iter 12/50 [OK ] reward= -1.0323  cs_rank(-1 * (stddev(delta(close, 1), 20) / (stddev(volume, 20) + 1e-5) + sma(vwap, 20)))
[reward_only] iter 13/50 [OK ] reward= -2.3413  cs_rank(-1 * (stddev(delta(close, 1), 20) / (stddev(volume, 20) + 1e-5) + vwap))
[reward_only] iter 14/50 [OK ] reward= -7.5743  cs_rank(-1 * (stddev(delta(close, 1), 20) / (stddev(volume, 20) + 1e-5)))
[reward_only] iter 15/50 [OK ] reward=-122.7733  cs_rank(-1 * (stddev(delta(close, 1), 20) / (stddev(volume, 20) + 1e-5) + sma(vwap, 20) / (high - low + 1e-5)))
[reward_only] iter 16/50 [OK ] reward= -1.0323  cs_rank(-1 * (stddev(delta(close, 1), 20) / (stddev(volume, 20) + 1e-5) + sma(vwap, 20)))
[reward_only] iter 17/50 [OK ] reward= -7.5743  cs_rank(-1 * (stddev(delta(close, 1), 20) / (stddev(volume, 20) + 1e-5)))
[reward_only] iter 18/50 [ERR] reward=    -inf  cs_rank(-1 * (stddev(delta(close, 1), 20) / (stddev(volume, 20) + 1e-5) + decay_linear(sma(vwap, 20), 10)))
[reward_only] iter 19/50 [OK ] reward= -1.2995  cs_rank(-1 * (stddev(delta(close, 1), 20) / (stddev(volume, 20) + 1e-5) + decay_linear(vwap, 10)))
[reward_only] iter 20/50 [OK ] reward= -7.5743  cs_rank(-1 * (stddev(delta(close, 1), 20) / (stddev(volume, 20) + 1e-5)))
[reward_only] iter 21/50 [ERR] reward=    -inf  cs_rank(-1 * (stddev(delta(close, 1), 20) / (stddev(volume, 20) + 1e-5) + decay_linear(sma(vwap, 20), 10)))
[reward_only] iter 22/50 [OK ] reward= -1.2995  cs_rank(-1 * (stddev(delta(close, 1), 20) / (stddev(volume, 20) + 1e-5) + decay_linear(vwap, 10)))
[reward_only] iter 23/50 [OK ] reward= -7.5743  cs_rank(-1 * (stddev(delta(close, 1), 20) / (stddev(volume, 20) + 1e-5)))
[reward_only] iter 24/50 [ERR] reward=    -inf  cs_rank(-1 * (stddev(delta(close, 1), 20) / (stddev(volume, 20) + 1e-5) + decay_linear(sma(vwap, 20), 10)))
[reward_only] iter 25/50 [OK ] reward= -1.2995  cs_rank(-1 * (stddev(delta(close, 1), 20) / (stddev(volume, 20) + 1e-5) + decay_linear(vwap, 10)))
[reward_only] iter 26/50 [OK ] reward= -1.0323  cs_rank(-1 * (stddev(delta(close, 1), 20) / (stddev(volume, 20) + 1e-5) + sma(vwap, 20)))
[reward_only] iter 27/50 [OK ] reward= -7.5743  cs_rank(-1 * (stddev(delta(close, 1), 20) / (stddev(volume, 20) + 1e-5)))
[reward_only] iter 28/50 [OK ] reward=-20.1295  cs_rank(-1 * (stddev(delta(close, 1), 20) / (stddev(volume, 20) + 1e-5) + sma(vwap, 20) - decay_linear(vwap, 20)))
[reward_only] iter 29/50 [OK ] reward= -1.0323  cs_rank(-1 * (stddev(delta(close, 1), 20) / (stddev(volume, 20) + 1e-5) + sma(vwap, 20)))
[reward_only] iter 30/50 [OK ] reward= -2.3413  cs_rank(-1 * (stddev(delta(close, 1), 20) / (stddev(volume, 20) + 1e-5) + vwap))
[reward_only] iter 31/50 [OK ] reward= -1.0323  cs_rank(-1 * (stddev(delta(close, 1), 20) / (stddev(volume, 20) + 1e-5) + sma(vwap, 20)))
[reward_only] iter 32/50 [OK ] reward= -7.5743  cs_rank(-1 * (stddev(delta(close, 1), 20) / (stddev(volume, 20) + 1e-5)))
[reward_only] iter 33/50 [ERR] reward=    -inf  cs_rank(-1 * (stddev(delta(close, 1), 20) / (stddev(volume, 20) + 1e-5) + decay_linear(sma(vwap, 20), 20)))
[reward_only] iter 34/50 [OK ] reward= -1.0980  cs_rank(-1 * (stddev(delta(close, 1), 20) / (stddev(volume, 20) + 1e-5) + decay_linear(vwap, 20)))
[reward_only] iter 35/50 [OK ] reward= -2.3413  cs_rank(-1 * (stddev(delta(close, 1), 20) / (stddev(volume, 20) + 1e-5) + vwap))
[reward_only] iter 36/50 [OK ] reward= -7.5743  cs_rank(-1 * (stddev(delta(close, 1), 20) / (stddev(volume, 20) + 1e-5)))
[reward_only] iter 37/50 [ERR] reward=    -inf  cs_rank(-1 * (stddev(delta(close, 1), 20) / (stddev(volume, 20) + 1e-5) + decay_linear(sma(vwap, 20), 20)))
[reward_only] iter 38/50 [OK ] reward= -1.0980  cs_rank(-1 * (stddev(delta(close, 1), 20) / (stddev(volume, 20) + 1e-5) + decay_linear(vwap, 20)))
[reward_only] iter 39/50 [OK ] reward= -1.0323  cs_rank(-1 * (stddev(delta(close, 1), 20) / (stddev(volume, 20) + 1e-5) + sma(vwap, 20)))
[reward_only] iter 40/50 [OK ] reward= -2.3413  cs_rank(-1 * (stddev(delta(close, 1), 20) / (stddev(volume, 20) + 1e-5) + vwap))
[reward_only] iter 41/50 [OK ] reward= -1.0323  cs_rank(-1 * (stddev(delta(close, 1), 20) / (stddev(volume, 20) + 1e-5) + sma(vwap, 20)))
[reward_only] iter 42/50 [OK ] reward= -7.5743  cs_rank(-1 * (stddev(delta(close, 1), 20) / (stddev(volume, 20) + 1e-5)))
[reward_only] iter 43/50 [ERR] reward=    -inf  cs_rank(-1 * (stddev(delta(close, 1), 20) / (stddev(volume, 20) + 1e-5) + decay_linear(sma(vwap, 20), 10)))
[reward_only] iter 44/50 [OK ] reward= -1.2995  cs_rank(-1 * (stddev(delta(close, 1), 20) / (stddev(volume, 20) + 1e-5) + decay_linear(vwap, 10)))
[reward_only] iter 45/50 [OK ] reward= -7.5743  cs_rank(-1 * (stddev(delta(close, 1), 20) / (stddev(volume, 20) + 1e-5)))
[reward_only] iter 46/50 [OK ] reward= -1.6174  cs_rank(-1 * (stddev(delta(close, 1), 20) / (stddev(volume, 20) + 1e-5) + sma(vwap, 20) - ts_rank(vwap, 20)))
[reward_only] iter 47/50 [OK ] reward= -1.0323  cs_rank(-1 * (stddev(delta(close, 1), 20) / (stddev(volume, 20) + 1e-5) + sma(vwap, 20)))
[reward_only] iter 48/50 [OK ] reward= -7.5743  cs_rank(-1 * (stddev(delta(close, 1), 20) / (stddev(volume, 20) + 1e-5)))
[reward_only] iter 49/50 [OK ] reward=-20.1295  cs_rank(-1 * (stddev(delta(close, 1), 20) / (stddev(volume, 20) + 1e-5) + sma(vwap, 20) - decay_linear(vwap, 20)))
[reward_only] iter 50/50 [OK ] reward= -1.0323  cs_rank(-1 * (stddev(delta(close, 1), 20) / (stddev(volume, 20) + 1e-5) + sma(vwap, 20)))
[wfo:reward_only] fold 2 winner: cs_rank(-1 * (stddev(delta(close, 1), 20) / (stddev(volume, 20) + 1e-5) + sma(vwap, 20)))
[wfo:reward_only] fold 2 OOS: Gross_IR=0.543 Turnover=7.64 Net_IR=0.332
[wfo:reward_only] fold 3: train 2004-01-01..2008-12-31 -> test 2009-01-01..2009-12-31
[reward_only] iter  0/50 [SEED] reward= -8.9793  rank(-1 * stddev(delta(close, 1), 20))
[reward_only] iter  1/50 [OK ] reward= -2.4212  rank(-1 * decay_linear(stddev(delta(close, 1), 20), 60))
[reward_only] iter  2/50 [OK ] reward=-22.7914  rank(-1 * decay_linear(stddev(delta(close, 1), 20), 60) + cs_rank(volume))
[reward_only] iter  3/50 [OK ] reward=-22.8908  rank(-1 * decay_linear(stddev(delta(close, 1), 20), 60) + cs_rank(volume / (volume + 1e-5)))
[reward_only] iter  4/50 [OK ] reward=-44.2356  rank(-1 * decay_linear(stddev(delta(close, 1), 20), 60) * cs_rank(volume / (volume + 1e-5)))
[reward_only] iter  5/50 [OK ] reward= -2.4212  rank(-1 * decay_linear(stddev(delta(close, 1), 20), 60))
[reward_only] iter  6/50 [OK ] reward= -6.6882  rank(-1 * decay_linear(ts_rank(stddev(delta(close, 1), 20), 252), 60))
[reward_only] iter  7/50 [OK ] reward= -4.9054  rank(-1 * decay_linear(abs(close - open), 60))
[reward_only] iter  8/50 [OK ] reward=-11.1899  rank(-1 * decay_linear(stddev(delta(close, 1), 20), 60) + decay_linear(abs(close - open), 60))
[reward_only] iter  9/50 [OK ] reward=-11.1899  rank(-1 * decay_linear(stddev(delta(close, 1), 20), 60) + decay_linear(abs(close - open), 60))
[reward_only] iter 10/50 [OK ] reward=-38.1241  rank(-1 * decay_linear(stddev(delta(close, 1), 20), 60) + ts_rank(close, 20))
[reward_only] iter 11/50 [OK ] reward= -6.3997  rank(-1 * decay_linear(stddev(delta(close, 1), 20), 60) + cs_rank(close))
[reward_only] iter 12/50 [OK ] reward= -2.6050  rank(-1 * decay_linear(stddev(delta(close, 1), 20), 60) * cs_rank(vwap))
[reward_only] iter 13/50 [OK ] reward=-36.3774  rank(-1 * decay_linear(stddev(delta(close, 1), 20), 60) * cs_rank(zscore(vwap, 20)))
[reward_only] iter 14/50 [OK ] reward=-36.3774  rank(-1 * decay_linear(stddev(delta(close, 1), 20), 60) * cs_rank(zscore(vwap, 20)))
[reward_only] iter 15/50 [OK ] reward=-36.3774  rank(-1 * decay_linear(stddev(delta(close, 1), 20), 60) * cs_rank(zscore(vwap, 20)))
[reward_only] iter 16/50 [OK ] reward= -2.6050  rank(-1 * decay_linear(stddev(delta(close, 1), 20), 60) * cs_rank(vwap))
[reward_only] iter 17/50 [OK ] reward= -2.7049  rank(-1 * decay_linear(stddev(delta(close, 1), 20), 60) * cs_rank(vwap / (vwap + 1e-5)))
[reward_only] iter 18/50 [OK ] reward= -2.7049  rank(-1 * decay_linear(stddev(delta(close, 1), 20), 60) * cs_rank(vwap / (vwap + 1e-5)))
[reward_only] iter 19/50 [OK ] reward=-44.2356  rank(-1 * decay_linear(stddev(delta(close, 1), 20), 60) * cs_rank(volume / (volume + 1e-5)))
[reward_only] iter 20/50 [OK ] reward= -2.4212  rank(-1 * decay_linear(stddev(delta(close, 1), 20), 60))
[reward_only] iter 21/50 [OK ] reward= -9.3820  rank(-1 * decay_linear(ts_rank(stddev(delta(close, 1), 20), 60), 60))
[reward_only] iter 22/50 [OK ] reward= -3.1930  rank(-1 * decay_linear(stddev(close, 20), 60))
[reward_only] iter 23/50 [OK ] reward= -2.4212  rank(-1 * decay_linear(stddev(delta(close, 1), 20), 60))
[reward_only] iter 24/50 [OK ] reward=-44.1353  rank(-1 * decay_linear(stddev(delta(close, 1), 20), 60) * cs_rank(volume))
[reward_only] iter 25/50 [OK ] reward= -2.6050  rank(-1 * decay_linear(stddev(delta(close, 1), 20), 60) * cs_rank(vwap))
[reward_only] iter 26/50 [OK ] reward=-44.1353  rank(-1 * decay_linear(stddev(delta(close, 1), 20), 60) * cs_rank(volume))
[reward_only] iter 27/50 [OK ] reward=-122.7554  rank(-1 * decay_linear(stddev(delta(close, 1), 20), 60) * zscore(volume, 20))
[reward_only] iter 28/50 [OK ] reward= -3.0566  rank(-1 * decay_linear(cs_rank(high - low), 60))
[reward_only] iter 29/50 [OK ] reward= -2.4934  rank(-1 * decay_linear(stddev(delta(close, 1), 20) + cs_rank(high - low), 60))
[reward_only] iter 30/50 [OK ] reward= -2.4934  rank(-1 * decay_linear(stddev(delta(close, 1), 20) + cs_rank(high - low), 60))
[reward_only] iter 31/50 [OK ] reward= -2.4212  rank(-1 * decay_linear(stddev(delta(close, 1), 20), 60))
[reward_only] iter 32/50 [OK ] reward= -7.6840  cs_rank(-1 * decay_linear(ts_rank(stddev(delta(close, 1), 20), 60), 120))
[reward_only] iter 33/50 [OK ] reward= -9.8071  rank(-1 * decay_linear(ts_rank(close, 20), 60))
[reward_only] iter 34/50 [OK ] reward= -4.9250  rank(-1 * (decay_linear(stddev(delta(close, 1), 20), 60) + decay_linear(ts_rank(volume, 20), 60)))
[reward_only] iter 35/50 [OK ] reward=-78.7835  rank(-1 * (decay_linear(stddev(delta(close, 1), 20), 60) + ts_rank(volume, 20)))
[reward_only] iter 36/50 [OK ] reward=-44.1353  rank(-1 * decay_linear(stddev(delta(close, 1), 20), 60) * cs_rank(volume))
[reward_only] iter 37/50 [OK ] reward= -2.6050  rank(-1 * decay_linear(stddev(delta(close, 1), 20), 60) * cs_rank(vwap))
[reward_only] iter 38/50 [OK ] reward=-44.1353  rank(-1 * decay_linear(stddev(delta(close, 1), 20), 60) * cs_rank(volume))
[reward_only] iter 39/50 [OK ] reward=-87.1246  rank(-1 * decay_linear(stddev(delta(close, 1), 20), 60) * ts_rank(volume, 20))
[reward_only] iter 40/50 [OK ] reward=-44.1353  rank(-1 * decay_linear(stddev(delta(close, 1), 20), 60) * cs_rank(volume))
[reward_only] iter 41/50 [OK ] reward= -2.6050  rank(-1 * decay_linear(stddev(delta(close, 1), 20), 60) * cs_rank(vwap))
[reward_only] iter 42/50 [OK ] reward=-114.3001  rank(-1 * decay_linear(stddev(delta(close, 1), 20), 60) * zscore(volume, 60))
[reward_only] iter 43/50 [ERR] reward=    -inf  cs_rank((close - open) / (high - low)) * zscore(volume, 60)
[reward_only] iter 44/50 [OK ] reward=-15.3706  rank(-1 * decay_linear(stddev(delta(close, 1), 20), 60)) + cs_rank(volume / (vwap + 1e-5))
[reward_only] iter 45/50 [OK ] reward= -2.4212  rank(-1 * decay_linear(stddev(delta(close, 1), 20), 60))
[reward_only] iter 46/50 [OK ] reward= -9.3820  rank(-1 * decay_linear(ts_rank(stddev(delta(close, 1), 20), 60), 60))
[reward_only] iter 47/50 [OK ] reward=-128.2252  rank(-1 * ts_rank(volume, 60))
[reward_only] iter 48/50 [OK ] reward= -5.3550  rank(-1 * decay_linear(ts_rank(close, 60), 120))
[reward_only] iter 49/50 [OK ] reward=-79.7929  rank(-1 * decay_linear(stddev(delta(close, 1), 20), 60) * ts_rank(volume, 60))
[reward_only] iter 50/50 [OK ] reward=-22.7914  rank(-1 * decay_linear(stddev(delta(close, 1), 20), 60) + cs_rank(volume))
[wfo:reward_only] fold 3 winner: rank(-1 * decay_linear(stddev(delta(close, 1), 20), 60))
[wfo:reward_only] fold 3 OOS: Gross_IR=0.690 Turnover=6.43 Net_IR=0.484
[wfo:reward_only] fold 4: train 2005-01-01..2009-12-31 -> test 2010-01-01..2010-12-31
[reward_only] iter  0/50 [SEED] reward= -8.7702  rank(-1 * stddev(delta(close, 1), 20))
[reward_only] iter  1/50 [OK ] reward= -4.0121  cs_rank(-1 * decay_linear(stddev(delta(close, 1), 20), 20))
[reward_only] iter  2/50 [OK ] reward=-85.1937  cs_rank(-1 * decay_linear(stddev(delta(close, 1), 20), 20) * ts_rank(volume, 20))
[reward_only] iter  3/50 [OK ] reward=-42.4003  cs_rank(-1 * decay_linear(stddev(delta(close, 1), 20), 20) * cs_rank(volume / (volume + 1e-5)))
[reward_only] iter  4/50 [OK ] reward= -4.0121  cs_rank(-1 * decay_linear(stddev(delta(close, 1), 20), 20))
[reward_only] iter  5/50 [OK ] reward=-19.7588  cs_rank(-1 * decay_linear(zscore(stddev(delta(close, 1), 20), 20), 20))
[reward_only] iter  6/50 [OK ] reward=-43.6041  cs_rank(-1 * decay_linear((close - vwap) / (vwap + 1e-5), 20))
[reward_only] iter  7/50 [OK ] reward=-43.6041  cs_rank(-1 * decay_linear((close - vwap) / (vwap + 1e-5), 20))
[reward_only] iter  8/50 [OK ] reward= -6.9811  cs_rank(-1 * decay_linear(stddev((close - vwap) / (vwap + 1e-5), 20), 20))
[reward_only] iter  9/50 [OK ] reward=-16.5433  cs_rank(-1 * decay_linear(ts_rank(close, 20), 20))
[reward_only] iter 10/50 [OK ] reward=-19.9217  cs_rank(-1 * decay_linear(ts_rank(stddev(delta(close, 1), 20), 20), 20))
[reward_only] iter 11/50 [OK ] reward= -6.2422  cs_rank(-1 * decay_linear(stddev(close, 20), 20))
[reward_only] iter 12/50 [OK ] reward=-44.2999  cs_rank(-1 * decay_linear(stddev(delta(close, 1), 20), 20) * ts_rank(close, 20))
[reward_only] iter 13/50 [OK ] reward=-42.3006  cs_rank(-1 * decay_linear(stddev(delta(close, 1), 20), 20) * cs_rank(volume))
[reward_only] iter 14/50 [OK ] reward=-35.6198  cs_rank(-1 * decay_linear(stddev(delta(close, 1), 20), 20) * cs_rank(zscore(vwap, 20)))
[reward_only] iter 15/50 [OK ] reward=-42.4003  cs_rank(-1 * decay_linear(stddev(delta(close, 1), 20), 20) * cs_rank(volume / (volume + 1e-5)))
[reward_only] iter 16/50 [OK ] reward= -3.1290  cs_rank(-1 * decay_linear(stddev(delta(close, 1), 20), 20) * cs_rank(vwap))
[reward_only] iter 17/50 [OK ] reward=-27.7292  cs_rank(-1 * decay_linear(stddev(delta(close, 1), 20), 20) * cs_rank(vwap) * cs_rank(volume))
[reward_only] iter 18/50 [OK ] reward= -3.1290  cs_rank(-1 * decay_linear(stddev(delta(close, 1), 20), 20) * cs_rank(vwap))
[reward_only] iter 19/50 [OK ] reward=-51.6121  cs_rank(-1 * decay_linear(stddev(delta(close, 1), 20), 20) * cs_rank(vwap * ts_rank(volume, 20)))
[reward_only] iter 20/50 [OK ] reward= -3.1290  cs_rank(-1 * decay_linear(stddev(delta(close, 1), 20), 20) * cs_rank(vwap))
[reward_only] iter 21/50 [OK ] reward=-33.0276  cs_rank(-1 * decay_linear(stddev(delta(close, 1), 20), 20) * cs_rank(vwap * volume))
[reward_only] iter 22/50 [OK ] reward= -3.1290  cs_rank(-1 * decay_linear(stddev(delta(close, 1), 20), 20) * cs_rank(vwap))
[reward_only] iter 23/50 [OK ] reward=-42.3006  cs_rank(-1 * decay_linear(stddev(delta(close, 1), 20), 20) * cs_rank(volume))
[reward_only] iter 24/50 [OK ] reward=-33.0276  cs_rank(-1 * decay_linear(stddev(delta(close, 1), 20), 20) * cs_rank(vwap * volume))
[reward_only] iter 25/50 [OK ] reward= -3.1290  cs_rank(-1 * decay_linear(stddev(delta(close, 1), 20), 20) * cs_rank(vwap))
[reward_only] iter 26/50 [OK ] reward=-14.5851  cs_rank(-1 * decay_linear(stddev(delta(close, 1), 20), 20) * cs_rank(vwap / (volume + 1e-5)))
[reward_only] iter 27/50 [OK ] reward= -3.1290  cs_rank(-1 * decay_linear(stddev(delta(close, 1), 20), 20) * cs_rank(vwap))
[reward_only] iter 28/50 [OK ] reward=-53.6810  cs_rank(-1 * decay_linear(stddev(delta(close, 1), 20), 20) * cs_rank(vwap) * ts_rank(volume, 60))
[reward_only] iter 29/50 [OK ] reward= -3.1290  cs_rank(-1 * decay_linear(stddev(delta(close, 1), 20), 20) * cs_rank(vwap))
[reward_only] iter 30/50 [OK ] reward=-27.7292  cs_rank(-1 * decay_linear(stddev(delta(close, 1), 20), 20) * cs_rank(vwap) * cs_rank(volume))
[reward_only] iter 31/50 [OK ] reward= -3.1290  cs_rank(-1 * decay_linear(stddev(delta(close, 1), 20), 20) * cs_rank(vwap))
[reward_only] iter 32/50 [OK ] reward=-27.8294  cs_rank(-1 * decay_linear(stddev(delta(close, 1), 20), 20) * cs_rank(vwap) * cs_rank(volume / (volume + 1e-5)))
[reward_only] iter 33/50 [OK ] reward= -3.1290  cs_rank(-1 * decay_linear(stddev(delta(close, 1), 20), 20) * cs_rank(vwap))
[reward_only] iter 34/50 [OK ] reward=-33.0276  cs_rank(-1 * decay_linear(stddev(delta(close, 1), 20), 20) * cs_rank(vwap * volume))
[reward_only] iter 35/50 [OK ] reward= -3.1290  cs_rank(-1 * decay_linear(stddev(delta(close, 1), 20), 20) * cs_rank(vwap))
[reward_only] iter 36/50 [OK ] reward=-27.7292  cs_rank(-1 * decay_linear(stddev(delta(close, 1), 20), 20) * cs_rank(vwap) * cs_rank(volume))
[reward_only] iter 37/50 [OK ] reward= -3.1290  cs_rank(-1 * decay_linear(stddev(delta(close, 1), 20), 20) * cs_rank(vwap))
[reward_only] iter 38/50 [OK ] reward=-42.3006  cs_rank(-1 * decay_linear(stddev(delta(close, 1), 20), 20) * cs_rank(volume))
[reward_only] iter 39/50 [OK ] reward=-46.9069  cs_rank(-1 * decay_linear(stddev(delta(close, 1), 20), 20) * cs_rank(vwap)) + cs_rank(ts_rank(vwap, 20))
[reward_only] iter 40/50 [OK ] reward= -3.1290  cs_rank(-1 * decay_linear(stddev(delta(close, 1), 20), 20) * cs_rank(vwap))
[reward_only] iter 41/50 [OK ] reward=-29.0035  cs_rank(-1 * decay_linear(stddev(delta(close, 1), 20), 20) * cs_rank(vwap * cs_rank(volume)))
[reward_only] iter 42/50 [OK ] reward= -3.1290  cs_rank(-1 * decay_linear(stddev(delta(close, 1), 20), 20) * cs_rank(vwap))
[reward_only] iter 43/50 [OK ] reward=-51.6121  cs_rank(-1 * decay_linear(stddev(delta(close, 1), 20), 20) * cs_rank(vwap * ts_rank(volume, 20)))
[reward_only] iter 44/50 [OK ] reward= -3.1290  cs_rank(-1 * decay_linear(stddev(delta(close, 1), 20), 20) * cs_rank(vwap))
[reward_only] iter 45/50 [OK ] reward= -3.2290  cs_rank(-1 * decay_linear(stddev(delta(close, 1), 20), 20) * cs_rank(vwap / (vwap + 1e-5)))
[reward_only] iter 46/50 [OK ] reward= -3.1290  cs_rank(-1 * decay_linear(stddev(delta(close, 1), 20), 20) * cs_rank(vwap))
[reward_only] iter 47/50 [OK ] reward=-98.9235  cs_rank(-1 * decay_linear(stddev(delta(close, 1), 20), 20) * cs_rank(vwap * zscore(volume, 20)))
[reward_only] iter 48/50 [OK ] reward= -3.1290  cs_rank(-1 * decay_linear(stddev(delta(close, 1), 20), 20) * cs_rank(vwap))
[reward_only] iter 49/50 [OK ] reward=-51.6121  cs_rank(-1 * decay_linear(stddev(delta(close, 1), 20), 20) * cs_rank(vwap * ts_rank(volume, 20)))
[reward_only] iter 50/50 [OK ] reward= -3.1290  cs_rank(-1 * decay_linear(stddev(delta(close, 1), 20), 20) * cs_rank(vwap))
[wfo:reward_only] fold 4 winner: cs_rank(-1 * decay_linear(stddev(delta(close, 1), 20), 20) * cs_rank(vwap))
[wfo:reward_only] fold 4 OOS: Gross_IR=0.055 Turnover=6.59 Net_IR=-0.295
[wfo:reward_only] fold 5: train 2006-01-01..2010-12-31 -> test 2011-01-01..2011-12-31
[reward_only] iter  0/50 [SEED] reward= -8.4398  rank(-1 * stddev(delta(close, 1), 20))
[reward_only] iter  1/50 [OK ] reward= -4.9551  cs_rank(-1 * stddev(delta(close, 1), 20) / (sma(volume, 20) + 1e-5))
[reward_only] iter  2/50 [ERR] reward=    -inf  cs_rank(-1 * stddev(delta(close, 1), 20) / (sma(volume, 20) + 1e-5) * cs_rank(vwap / close))
[reward_only] iter  3/50 [ERR] reward=    -inf  cs_rank(-1 * stddev(delta(close, 1), 20) / (sma(volume, 20) + 1e-5) * cs_rank(sma(vwap / close, 5)))
[reward_only] iter  4/50 [ERR] reward=    -inf  cs_rank(-1 * stddev(delta(close, 1), 20) / (sma(volume, 20) + 1e-5) * cs_rank(sma(vwap / close, 5) + 1e-5))
[reward_only] iter  5/50 [ERR] reward=    -inf  cs_rank(-1 * stddev(delta(close, 1), 20) / (sma(volume, 20) + 1e-5) * cs_rank(sma(vwap / close, 5)))
[reward_only] iter  6/50 [ERR] reward=    -inf  cs_rank(-1 * stddev(delta(close, 1), 20) / (sma(volume, 20) + 1e-5) * cs_rank(sma(vwap / close + 1e-5, 5)))
[reward_only] iter  7/50 [ERR] reward=    -inf  cs_rank(-1 * stddev(delta(close, 1), 20) / (sma(volume, 20) + 1e-5) * cs_rank(sma(vwap / close + 1e-5, 5)))
[reward_only] iter  8/50 [OK ] reward=-44.3096  cs_rank(-1 * stddev(delta(close, 1), 20) / (sma(volume, 20) + 1e-5) * cs_rank(sma(vwap, 5) / (close + 1e-5)))
[reward_only] iter  9/50 [OK ] reward=-98.5003  cs_rank(-1 * stddev(delta(close, 1), 20) / (sma(volume, 20) + 1e-5) + cs_rank(sma(vwap, 5) / (close + 1e-5)))
[reward_only] iter 10/50 [OK ] reward=-98.5003  cs_rank(-1 * stddev(delta(close, 1), 20) / (sma(volume, 20) + 1e-5) + cs_rank(sma(vwap, 5) / (close + 1e-5)))
[reward_only] iter 11/50 [OK ] reward= -4.9551  cs_rank(-1 * stddev(delta(close, 1), 20) / (sma(volume, 20) + 1e-5))
[reward_only] iter 12/50 [OK ] reward=-181.4410  cs_rank(-1 * stddev(delta(close, 1), 20) / (sma(volume, 20) + 1e-5) + cs_rank(vwap - close))
[reward_only] iter 13/50 [OK ] reward= -4.9551  cs_rank(-1 * stddev(delta(close, 1), 20) / (sma(volume, 20) + 1e-5))
[reward_only] iter 14/50 [OK ] reward=-52.7294  cs_rank(-1 * stddev(delta(close, 1), 20) / (sma(volume, 20) + 1e-5) + decay_linear(ts_rank(vwap - close, 20), 20))
[reward_only] iter 15/50 [OK ] reward= -4.9551  cs_rank(-1 * stddev(delta(close, 1), 20) / (sma(volume, 20) + 1e-5))
[reward_only] iter 16/50 [OK ] reward=-64.9281  cs_rank(-1 * (stddev(delta(close, 1), 20) / (sma(volume, 20) + 1e-5)) + (ts_rank(vwap, 20) - 0.5))
[reward_only] iter 17/50 [OK ] reward= -4.9551  cs_rank(-1 * stddev(delta(close, 1), 20) / (sma(volume, 20) + 1e-5))
[reward_only] iter 18/50 [OK ] reward=-30.3268  cs_rank(-1 * stddev(delta(close, 1), 20) / (sma(volume, 20) + 1e-5) * ts_rank(close, 20))
[reward_only] iter 19/50 [OK ] reward=-10.9576  cs_rank(-1 * stddev(delta(close, 1), 20) / (sma(volume, 20) + 1e-5)) * cs_rank(close)
[reward_only] iter 20/50 [OK ] reward= -4.9551  cs_rank(-1 * stddev(delta(close, 1), 20) / (sma(volume, 20) + 1e-5))
[reward_only] iter 21/50 [OK ] reward=-64.8781  cs_rank(-1 * stddev(delta(close, 1), 20) / (sma(volume, 20) + 1e-5) + ts_rank(vwap, 20))
[reward_only] iter 22/50 [OK ] reward= -4.9551  cs_rank(-1 * stddev(delta(close, 1), 20) / (sma(volume, 20) + 1e-5))
[reward_only] iter 23/50 [OK ] reward=-64.8781  cs_rank(-1 * stddev(delta(close, 1), 20) / (sma(volume, 20) + 1e-5) + ts_rank(vwap, 20))
[reward_only] iter 24/50 [OK ] reward= -4.9551  cs_rank(-1 * stddev(delta(close, 1), 20) / (sma(volume, 20) + 1e-5))
[reward_only] iter 25/50 [OK ] reward=-64.4702  cs_rank(-1 * (stddev(delta(close, 1), 20) / (sma(volume, 20) + 1e-5) + ts_rank(vwap, 20)))
[reward_only] iter 26/50 [OK ] reward= -4.9551  cs_rank(-1 * stddev(delta(close, 1), 20) / (sma(volume, 20) + 1e-5))
[reward_only] iter 27/50 [OK ] reward=-73.3202  cs_rank(-1 * stddev(delta(close, 1), 20) / (sma(volume, 20) + 1e-5) + ts_rank(close, 20))
[reward_only] iter 28/50 [OK ] reward= -4.9551  cs_rank(-1 * stddev(delta(close, 1), 20) / (sma(volume, 20) + 1e-5))
[reward_only] iter 29/50 [OK ] reward=-181.4410  cs_rank(-1 * stddev(delta(close, 1), 20) / (sma(volume, 20) + 1e-5) + cs_rank(vwap - close))
[reward_only] iter 30/50 [OK ] reward= -4.9551  cs_rank(-1 * stddev(delta(close, 1), 20) / (sma(volume, 20) + 1e-5))
[reward_only] iter 31/50 [OK ] reward=-60.2518  cs_rank(-1 * (stddev(delta(close, 1), 20) / (sma(volume, 20) + 1e-5) + decay_linear(ts_rank(high - low, 10), 20)))
[reward_only] iter 32/50 [OK ] reward= -4.9551  cs_rank(-1 * stddev(delta(close, 1), 20) / (sma(volume, 20) + 1e-5))
[reward_only] iter 33/50 [OK ] reward= -4.1185  cs_rank(-1 * stddev(delta(close, 1), 20) / (sma(volume, 20) + 1e-5) * cs_rank(vwap))
[reward_only] iter 34/50 [OK ] reward= -4.9551  cs_rank(-1 * stddev(delta(close, 1), 20) / (sma(volume, 20) + 1e-5))
[reward_only] iter 35/50 [OK ] reward= -3.9847  cs_rank(-1 * stddev(delta(close, 1), 20) / (sma(volume, 20) + 1e-5) * decay_linear(cs_rank(vwap), 20))
[reward_only] iter 36/50 [OK ] reward= -4.1185  cs_rank(-1 * stddev(delta(close, 1), 20) / (sma(volume, 20) + 1e-5) * cs_rank(vwap))
[reward_only] iter 37/50 [OK ] reward= -3.9847  cs_rank(-1 * stddev(delta(close, 1), 20) / (sma(volume, 20) + 1e-5) * decay_linear(cs_rank(vwap), 20))
[reward_only] iter 38/50 [OK ] reward= -4.1185  cs_rank(-1 * stddev(delta(close, 1), 20) / (sma(volume, 20) + 1e-5) * cs_rank(vwap))
[reward_only] iter 39/50 [OK ] reward= -3.8811  cs_rank(-1 * stddev(delta(close, 1), 20) / (sma(volume, 20) + 1e-5) * decay_linear(vwap, 20))
[reward_only] iter 40/50 [OK ] reward= -3.8276  cs_rank(-1 * stddev(delta(close, 1), 20) / (sma(volume, 20) + 1e-5) * vwap)
[reward_only] iter 41/50 [OK ] reward= -4.9551  cs_rank(-1 * stddev(delta(close, 1), 20) / (sma(volume, 20) + 1e-5))
[reward_only] iter 42/50 [OK ] reward=-23.5576  cs_rank(-1 * stddev(delta(close, 1), 20) / (sma(volume, 20) + 1e-5) * vwap * ts_rank(close, 20))
[reward_only] iter 43/50 [OK ] reward= -3.8276  cs_rank(-1 * stddev(delta(close, 1), 20) / (sma(volume, 20) + 1e-5) * vwap)
[reward_only] iter 44/50 [OK ] reward= -4.9551  cs_rank(-1 * stddev(delta(close, 1), 20) / (sma(volume, 20) + 1e-5))
[reward_only] iter 45/50 [OK ] reward= -3.8276  cs_rank(-1 * stddev(delta(close, 1), 20) / (sma(volume, 20) + 1e-5) * vwap)
[reward_only] iter 46/50 [OK ] reward= -4.9551  cs_rank(-1 * stddev(delta(close, 1), 20) / (sma(volume, 20) + 1e-5))
[reward_only] iter 47/50 [OK ] reward= -3.8811  cs_rank(-1 * stddev(delta(close, 1), 20) / (sma(volume, 20) + 1e-5) * decay_linear(vwap, 20))
[reward_only] iter 48/50 [OK ] reward= -3.8276  cs_rank(-1 * stddev(delta(close, 1), 20) / (sma(volume, 20) + 1e-5) * vwap)
[reward_only] iter 49/50 [OK ] reward= -4.9551  cs_rank(-1 * stddev(delta(close, 1), 20) / (sma(volume, 20) + 1e-5))
[reward_only] iter 50/50 [OK ] reward= -4.1185  cs_rank(-1 * stddev(delta(close, 1), 20) / (sma(volume, 20) + 1e-5) * cs_rank(vwap))
[wfo:reward_only] fold 5 winner: cs_rank(-1 * stddev(delta(close, 1), 20) / (sma(volume, 20) + 1e-5) * vwap)
[wfo:reward_only] fold 5 OOS: Gross_IR=0.105 Turnover=7.49 Net_IR=-0.306
[wfo:reward_only] fold 6: train 2007-01-01..2011-12-31 -> test 2012-01-01..2012-12-31
[reward_only] iter  0/50 [SEED] reward= -8.2824  rank(-1 * stddev(delta(close, 1), 20))
[reward_only] iter  1/50 [OK ] reward=-51.8685  cs_rank(-1 * zscore(stddev(delta(close, 1), 20), 20))
[reward_only] iter  2/50 [OK ] reward= -3.3430  decay_linear(cs_rank(-1 * stddev(delta(close, 1), 20)), 20)
[reward_only] iter  3/50 [OK ] reward= -8.7914  decay_linear(cs_rank(-1 * stddev(delta(close, 1), 20) + ts_rank(volume, 20)), 20)
[reward_only] iter  4/50 [OK ] reward= -3.2450  decay_linear(cs_rank(-1 * stddev(delta(close, 1), 20) + cs_rank(volume / (volume + 1e-5))), 20)
[reward_only] iter  5/50 [OK ] reward= -3.3430  decay_linear(cs_rank(-1 * stddev(delta(close, 1), 20)), 20)
[reward_only] iter  6/50 [OK ] reward= -4.9074  decay_linear(cs_rank(-1 * stddev(delta(close, 1), 20) + cs_rank(volume / (volume + 1e-5)) + cs_rank(vwap / (vwap + 1e-5))), 20)
[reward_only] iter  7/50 [OK ] reward= -3.2450  decay_linear(cs_rank(-1 * stddev(delta(close, 1), 20) + cs_rank(volume / (volume + 1e-5))), 20)
[reward_only] iter  8/50 [OK ] reward= -3.3430  decay_linear(cs_rank(-1 * stddev(delta(close, 1), 20)), 20)
[reward_only] iter  9/50 [OK ] reward= -5.9507  decay_linear(cs_rank(-1 * stddev(delta(close, 1), 20) + cs_rank(volume / (volume + 1e-5)) + cs_rank(vwap - close)), 20)
[reward_only] iter 10/50 [OK ] reward= -3.2450  decay_linear(cs_rank(-1 * stddev(delta(close, 1), 20) + cs_rank(volume / (volume + 1e-5))), 20)
[reward_only] iter 11/50 [OK ] reward= -3.2450  decay_linear(cs_rank(-1 * stddev(delta(close, 1), 20) + cs_rank(volume / (volume + 1e-5))), 20)
[reward_only] iter 12/50 [OK ] reward= -3.3430  decay_linear(cs_rank(-1 * stddev(delta(close, 1), 20)), 20)
[reward_only] iter 13/50 [OK ] reward= -5.9507  decay_linear(cs_rank(-1 * stddev(delta(close, 1), 20) + cs_rank(volume / (volume + 1e-5)) + cs_rank(vwap - close)), 20)
[reward_only] iter 14/50 [OK ] reward= -3.2450  decay_linear(cs_rank(-1 * stddev(delta(close, 1), 20) + cs_rank(volume / (volume + 1e-5))), 20)
[reward_only] iter 15/50 [OK ] reward= -3.2450  decay_linear(cs_rank(-1 * stddev(delta(close, 1), 20) + cs_rank(volume / (volume + 1e-5))), 20)
[reward_only] iter 16/50 [OK ] reward= -3.3430  decay_linear(cs_rank(-1 * stddev(delta(close, 1), 20)), 20)
[reward_only] iter 17/50 [OK ] reward= -4.9074  decay_linear(cs_rank(-1 * stddev(delta(close, 1), 20) + cs_rank(volume / (volume + 1e-5)) + cs_rank(vwap / (vwap + 1e-5))), 20)
[reward_only] iter 18/50 [OK ] reward= -3.2450  decay_linear(cs_rank(-1 * stddev(delta(close, 1), 20) + cs_rank(volume / (volume + 1e-5))), 20)
[reward_only] iter 19/50 [OK ] reward= -4.5574  decay_linear(cs_rank(-1 * stddev(delta(close, 1), 20) + cs_rank(volume / (volume + 1e-5))), 10)
[reward_only] iter 20/50 [OK ] reward= -3.7065  decay_linear(cs_rank(-1 * stddev(delta(close, 1), 20) + cs_rank(volume / (volume + 1e-5))), 15)
[reward_only] iter 21/50 [OK ] reward= -3.2450  decay_linear(cs_rank(-1 * stddev(delta(close, 1), 20) + cs_rank(volume / (volume + 1e-5))), 20)
[reward_only] iter 22/50 [OK ] reward= -3.2450  decay_linear(cs_rank(-1 * stddev(delta(close, 1), 20) + cs_rank(volume / (volume + 1e-5))), 20)
[reward_only] iter 23/50 [OK ] reward= -3.2450  decay_linear(cs_rank(-1 * stddev(delta(close, 1), 20) + cs_rank(volume / (volume + 1e-5))), 20)
[reward_only] iter 24/50 [OK ] reward= -3.2450  decay_linear(cs_rank(-1 * stddev(delta(close, 1), 20) + cs_rank(volume / (volume + 1e-5))), 20)
[reward_only] iter 25/50 [OK ] reward= -3.3430  decay_linear(cs_rank(-1 * stddev(delta(close, 1), 20)), 20)
[reward_only] iter 26/50 [OK ] reward= -4.9074  decay_linear(cs_rank(-1 * stddev(delta(close, 1), 20) + cs_rank(volume / (volume + 1e-5)) + cs_rank(vwap / (vwap + 1e-5))), 20)
[reward_only] iter 27/50 [OK ] reward= -3.2450  decay_linear(cs_rank(-1 * stddev(delta(close, 1), 20) + cs_rank(volume / (volume + 1e-5))), 20)
[reward_only] iter 28/50 [OK ] reward= -3.3430  decay_linear(cs_rank(-1 * stddev(delta(close, 1), 20)), 20)
[reward_only] iter 29/50 [OK ] reward= -5.9507  decay_linear(cs_rank(-1 * stddev(delta(close, 1), 20) + cs_rank(volume / (volume + 1e-5)) + cs_rank(vwap - close)), 20)
[reward_only] iter 30/50 [OK ] reward= -3.2450  decay_linear(cs_rank(-1 * stddev(delta(close, 1), 20) + cs_rank(volume / (volume + 1e-5))), 20)
[reward_only] iter 31/50 [OK ] reward= -3.3430  decay_linear(cs_rank(-1 * stddev(delta(close, 1), 20)), 20)
[reward_only] iter 32/50 [OK ] reward= -6.5384  decay_linear(cs_rank(-1 * stddev(delta(close, 1), 20) + cs_rank(volume / (volume + 1e-5)) + cs_rank(high - low)), 20)
[reward_only] iter 33/50 [OK ] reward= -3.2450  decay_linear(cs_rank(-1 * stddev(delta(close, 1), 20) + cs_rank(volume / (volume + 1e-5))), 20)
[reward_only] iter 34/50 [OK ] reward= -3.2450  decay_linear(cs_rank(-1 * stddev(delta(close, 1), 20) + cs_rank(volume / (volume + 1e-5))), 20)
[reward_only] iter 35/50 [OK ] reward= -3.2450  decay_linear(cs_rank(-1 * stddev(delta(close, 1), 20) + cs_rank(volume / (volume + 1e-5))), 20)
[reward_only] iter 36/50 [OK ] reward= -3.3430  decay_linear(cs_rank(-1 * stddev(delta(close, 1), 20)), 20)
[reward_only] iter 37/50 [OK ] reward= -4.9074  decay_linear(cs_rank(-1 * stddev(delta(close, 1), 20) + cs_rank(volume / (volume + 1e-5)) + cs_rank(vwap / (vwap + 1e-5))), 20)
[reward_only] iter 38/50 [OK ] reward= -3.2450  decay_linear(cs_rank(-1 * stddev(delta(close, 1), 20) + cs_rank(volume / (volume + 1e-5))), 20)
[reward_only] iter 39/50 [OK ] reward= -3.3430  decay_linear(cs_rank(-1 * stddev(delta(close, 1), 20)), 20)
[reward_only] iter 40/50 [ERR] reward=    -inf  decay_linear(cs_rank(-1 * stddev(delta(close, 1), 20) + cs_rank(volume / (volume + 1e-5)) + cs_rank(vwap / close)), 20)
[reward_only] iter 41/50 [OK ] reward= -6.4613  decay_linear(cs_rank(-1 * stddev(delta(close, 1), 20) + cs_rank(volume / (volume + 1e-5)) + cs_rank(vwap / (close + 1e-5))), 20)
[reward_only] iter 42/50 [OK ] reward= -3.2450  decay_linear(cs_rank(-1 * stddev(delta(close, 1), 20) + cs_rank(volume / (volume + 1e-5))), 20)
[reward_only] iter 43/50 [OK ] reward= -3.2450  decay_linear(cs_rank(-1 * stddev(delta(close, 1), 20) + cs_rank(volume / (volume + 1e-5))), 20)
[reward_only] iter 44/50 [OK ] reward= -3.2450  decay_linear(cs_rank(-1 * stddev(delta(close, 1), 20) + cs_rank(volume / (volume + 1e-5))), 20)
[reward_only] iter 45/50 [OK ] reward= -3.3430  decay_linear(cs_rank(-1 * stddev(delta(close, 1), 20)), 20)
[reward_only] iter 46/50 [ERR] reward=    -inf  decay_linear(cs_rank(-1 * stddev(delta(close, 1), 20) + cs_rank(volume / (volume + 1e-5)) + cs_rank(vwap / close)), 20)
[reward_only] iter 47/50 [OK ] reward= -4.9108  decay_linear(cs_rank(-1 * stddev(delta(close, 1), 20) + cs_rank(volume / (volume + 1e-5)) + cs_rank(close / (close + 1e-5))), 20)
[reward_only] iter 48/50 [OK ] reward= -3.2450  decay_linear(cs_rank(-1 * stddev(delta(close, 1), 20) + cs_rank(volume / (volume + 1e-5))), 20)
[reward_only] iter 49/50 [OK ] reward= -3.2450  decay_linear(cs_rank(-1 * stddev(delta(close, 1), 20) + cs_rank(volume / (volume + 1e-5))), 20)
[reward_only] iter 50/50 [OK ] reward= -3.2450  decay_linear(cs_rank(-1 * stddev(delta(close, 1), 20) + cs_rank(volume / (volume + 1e-5))), 20)
[wfo:reward_only] fold 6 winner: decay_linear(cs_rank(-1 * stddev(delta(close, 1), 20) + cs_rank(volume / (volume + 1e-5))), 20)
[wfo:reward_only] fold 6 OOS: Gross_IR=1.698 Turnover=6.13 Net_IR=1.345
[wfo:reward_only] fold 7: train 2008-01-01..2012-12-31 -> test 2013-01-01..2013-12-31
[reward_only] iter  0/50 [SEED] reward= -8.2750  rank(-1 * stddev(delta(close, 1), 20))
[reward_only] iter  1/50 [OK ] reward= -3.7991  rank(-1 * decay_linear(stddev(delta(close, 1), 20), 20))
[reward_only] iter  2/50 [OK ] reward=-20.1007  rank(-1 * decay_linear(zscore(stddev(delta(close, 1), 20), 20), 20))
[reward_only] iter  3/50 [OK ] reward=-54.1873  rank(-1 * decay_linear(ts_rank(close - open, 20), 20))
[reward_only] iter  4/50 [OK ] reward= -3.5270  rank(-1 * decay_linear(stddev(vwap - close, 20), 20))
[reward_only] iter  5/50 [OK ] reward= -3.6542  rank(-1 * decay_linear(stddev(vwap - close, 20) / (cs_rank(volume) + 1e-5), 20))
[reward_only] iter  6/50 [OK ] reward= -3.5487  rank(-1 * decay_linear(stddev(vwap - close, 20) / (volume + 1e-5), 20))
[reward_only] iter  7/50 [OK ] reward= -3.6542  rank(-1 * decay_linear(stddev(vwap - close, 20) / (cs_rank(volume) + 1e-5), 20))
[reward_only] iter  8/50 [OK ] reward= -3.5270  rank(-1 * decay_linear(stddev(vwap - close, 20), 20))
[reward_only] iter  9/50 [OK ] reward=-43.4305  rank(-1 * decay_linear(stddev(vwap - close, 20), 20) * cs_rank(volume))
[reward_only] iter 10/50 [OK ] reward=-43.5314  rank(-1 * decay_linear(stddev(vwap - close, 20), 20) * cs_rank(volume / (volume + 1e-5)))
[reward_only] iter 11/50 [OK ] reward= -3.5270  rank(-1 * decay_linear(stddev(vwap - close, 20), 20))
[reward_only] iter 12/50 [OK ] reward=-15.8338  rank(-1 * decay_linear(stddev(vwap - close, 20) / (stddev(close, 20) + 1e-5), 20))
[reward_only] iter 13/50 [OK ] reward= -3.5270  cs_rank(-1 * decay_linear(stddev(vwap - close, 20), 20))
[reward_only] iter 14/50 [OK ] reward=-19.6839  rank(-1 * decay_linear(zscore(stddev(vwap - close, 20), 20), 20))
[reward_only] iter 15/50 [OK ] reward=-43.7240  rank(-1 * decay_linear(close - open, 20))
[reward_only] iter 16/50 [OK ] reward= -6.6376  rank(-1 * decay_linear(stddev(vwap - close, 20) / (vwap + 1e-5), 20))
[reward_only] iter 17/50 [OK ] reward=-55.1404  rank(-1 * decay_linear(ts_rank((vwap - close) / (vwap + 1e-5), 20), 20))
[reward_only] iter 18/50 [OK ] reward=-55.0426  rank(-1 * decay_linear(ts_rank(vwap - close, 20), 20))
[reward_only] iter 19/50 [OK ] reward= -3.5901  cs_rank(-1 * decay_linear(stddev(close - open, 20), 20))
[reward_only] iter 20/50 [OK ] reward=-84.6207  rank(-1 * decay_linear(stddev(vwap - close, 20), 20) * ts_rank(volume, 20))
[reward_only] iter 21/50 [OK ] reward=-43.4305  rank(-1 * decay_linear(stddev(vwap - close, 20), 20) * cs_rank(volume))
[reward_only] iter 22/50 [OK ] reward=-28.7231  rank(-1 * decay_linear(stddev(vwap - close, 20), 20) + cs_rank(volume))
[reward_only] iter 23/50 [OK ] reward=-28.8231  rank(-1 * decay_linear(stddev(vwap - close, 20), 20) + cs_rank(volume / (volume + 1e-5)))
[reward_only] iter 24/50 [OK ] reward= -3.5270  rank(-1 * decay_linear(stddev(vwap - close, 20), 20))
[reward_only] iter 25/50 [OK ] reward=-110.1726  rank(-1 * decay_linear(stddev(vwap - close, 20), 20) + ts_rank(volume, 20))
[reward_only] iter 26/50 [OK ] reward=-28.7231  rank(-1 * decay_linear(stddev(vwap - close, 20), 20) + cs_rank(volume))
[reward_only] iter 27/50 [OK ] reward=-28.8231  rank(-1 * decay_linear(stddev(vwap - close, 20), 20) + cs_rank(volume / (volume + 1e-5)))
[reward_only] iter 28/50 [OK ] reward=-28.8231  rank(-1 * decay_linear(stddev(vwap - close, 20), 20) + cs_rank(volume / (volume + 1e-5)))
[reward_only] iter 29/50 [OK ] reward= -3.5270  rank(-1 * decay_linear(stddev(vwap - close, 20), 20))
[reward_only] iter 30/50 [OK ] reward= -3.6542  rank(-1 * decay_linear(stddev(vwap - close, 20) / (cs_rank(volume) + 1e-5), 20))
[reward_only] iter 31/50 [OK ] reward= -3.6044  rank(-1 * decay_linear(stddev(vwap - close, 20) / cs_rank(volume), 20))
[reward_only] iter 32/50 [OK ] reward= -3.5487  rank(-1 * decay_linear(stddev(vwap - close, 20) / (volume + 1e-5), 20))
[reward_only] iter 33/50 [OK ] reward= -3.6544  rank(-1 * decay_linear(stddev(vwap - close, 20) / cs_rank(volume + 1e-5), 20))
[reward_only] iter 34/50 [OK ] reward= -3.5270  rank(-1 * decay_linear(stddev(vwap - close, 20), 20))
[reward_only] iter 35/50 [OK ] reward= -2.7699  rank(-1 * decay_linear(stddev(vwap - close, 20), 40))
[reward_only] iter 36/50 [OK ] reward=-11.7420  rank(-1 * decay_linear(zscore(stddev(vwap - close, 20), 40), 40))
[reward_only] iter 37/50 [OK ] reward=-161.0132  cs_rank(-1 * (high - close) / (close + low + 1e-5))
[reward_only] iter 38/50 [OK ] reward=-46.0517  rank(-1 * decay_linear(zscore(close - vwap, 20), 40))
[reward_only] iter 39/50 [OK ] reward=-40.4835  rank(-1 * decay_linear(zscore(close - vwap, 20), 40) + cs_rank(volume / (volume + 1e-5)))
[reward_only] iter 40/50 [OK ] reward= -2.7699  rank(-1 * decay_linear(stddev(vwap - close, 20), 40))
[reward_only] iter 41/50 [OK ] reward=-23.1035  rank(-1 * decay_linear(stddev(vwap - close, 20), 40) / (volume + 1e-5))
[reward_only] iter 42/50 [OK ] reward=-83.5986  rank(-1 * decay_linear(stddev(vwap - close, 20), 40) / (ts_rank(volume, 20) + 1e-5))
[reward_only] iter 43/50 [OK ] reward= -2.7699  rank(-1 * decay_linear(stddev(vwap - close, 20), 40))
[reward_only] iter 44/50 [OK ] reward=-23.1035  rank(-1 * decay_linear(stddev(vwap - close, 20), 40) / (volume + 1e-5))
[reward_only] iter 45/50 [OK ] reward=-43.7092  rank(-1 * decay_linear(stddev(vwap - close, 20), 40) * cs_rank(volume))
[reward_only] iter 46/50 [OK ] reward=-90.0038  rank(-1 * decay_linear(stddev(vwap - close, 20), 40) * cs_rank(zscore(volume, 20)))
[reward_only] iter 47/50 [OK ] reward= -2.7699  rank(-1 * decay_linear(stddev(vwap - close, 20), 40))
[reward_only] iter 48/50 [OK ] reward=-48.3205  rank(-1 * decay_linear(ts_rank(vwap - close, 20), 40))
[reward_only] iter 49/50 [OK ] reward=-26.5658  rank(-1 * decay_linear(zscore(volume, 20), 40))
[reward_only] iter 50/50 [OK ] reward= -2.7945  rank(-1 * decay_linear(stddev(close - open, 20), 40))
[wfo:reward_only] fold 7 winner: rank(-1 * decay_linear(stddev(vwap - close, 20), 40))
[wfo:reward_only] fold 7 OOS: Gross_IR=2.579 Turnover=5.65 Net_IR=2.167
[wfo:reward_only] fold 8: train 2009-01-01..2013-12-31 -> test 2014-01-01..2014-12-31
[reward_only] iter  0/50 [SEED] reward= -8.2606  rank(-1 * stddev(delta(close, 1), 20))
[reward_only] iter  1/50 [OK ] reward=-33.8186  cs_rank(-1 * stddev(delta(close, 1), 20) + ts_rank(vwap, 20))
[reward_only] iter  2/50 [OK ] reward=-11.3331  cs_rank(-1 * stddev(delta(close, 1), 20) + decay_linear(ts_rank(vwap, 20), 20))
[reward_only] iter  3/50 [OK ] reward=-11.3331  cs_rank(-1 * stddev(delta(close, 1), 20) + decay_linear(ts_rank(vwap, 20), 20))
[reward_only] iter  4/50 [OK ] reward=-45.4522  cs_rank(-1 * stddev(delta(close, 1), 20) + zscore(vwap, 20))
[reward_only] iter  5/50 [OK ] reward=-33.8186  cs_rank(-1 * stddev(delta(close, 1), 20) + ts_rank(vwap, 20))
[reward_only] iter  6/50 [OK ] reward=-14.6358  cs_rank(-1 * stddev(delta(close, 1), 20) + decay_linear(ts_rank(vwap, 20), 10))
[reward_only] iter  7/50 [OK ] reward=-33.8186  cs_rank(-1 * stddev(delta(close, 1), 20) + ts_rank(vwap, 20))
[reward_only] iter  8/50 [OK ] reward= -4.0503  cs_rank(-1 * stddev(delta(close, 1), 20) + sma(vwap, 20))
[reward_only] iter  9/50 [ERR] reward=    -inf  cs_rank(close / (low + high) + vwap / volume)
[reward_only] iter 10/50 [OK ] reward= -5.4051  cs_rank(-1 * stddev(delta(close, 1), 20) + sma(vwap, 20) + ts_rank(volume, 20))
[reward_only] iter 11/50 [OK ] reward= -4.0503  cs_rank(-1 * stddev(delta(close, 1), 20) + sma(vwap, 20))
[reward_only] iter 12/50 [OK ] reward=-106.5731  cs_rank(-1 * ts_rank(close, 20) + sma(volume, 20) / (volume + 1e-5))
[reward_only] iter 13/50 [OK ] reward=-79.9560  cs_rank(-1 * stddev(delta(close, 1), 20) + sma(volume, 20) / (volume + 1e-5))
[reward_only] iter 14/50 [OK ] reward= -4.0503  cs_rank(-1 * stddev(delta(close, 1), 20) + sma(vwap, 20))
[reward_only] iter 15/50 [OK ] reward=-54.3797  cs_rank(ts_rank(close, 20) + cs_rank(volume / (volume + 1e-5)))
[reward_only] iter 16/50 [OK ] reward= -4.4659  cs_rank(-1 * stddev(delta(close, 1), 20) + sma(vwap, 20) + cs_rank(volume / (volume + 1e-5)))
[reward_only] iter 17/50 [OK ] reward=-18.9557  cs_rank(-1 * stddev(delta(close, 1), 20) + cs_rank(volume / (volume + 1e-5)))
[reward_only] iter 18/50 [OK ] reward= -4.0503  cs_rank(-1 * stddev(delta(close, 1), 20) + sma(vwap, 20))
[reward_only] iter 19/50 [OK ] reward=-52.8298  cs_rank(-1 * ts_rank(close, 20) + cs_rank(volume))
[reward_only] iter 20/50 [OK ] reward= -4.3658  cs_rank(-1 * stddev(delta(close, 1), 20) + sma(vwap, 20) + cs_rank(volume))
[reward_only] iter 21/50 [OK ] reward= -4.0503  cs_rank(-1 * stddev(delta(close, 1), 20) + sma(vwap, 20))
[reward_only] iter 22/50 [OK ] reward= -4.0769  cs_rank(-1 * (high - low) / (high + low + 1e-5) + sma(vwap, 20))
[reward_only] iter 23/50 [OK ] reward= -4.0458  cs_rank(-1 * stddev(delta(close, 1), 20) + sma(close, 20))
[reward_only] iter 24/50 [OK ] reward=-138.9842  cs_rank(close / (open + 1e-5)) + cs_rank(volume / (vwap + 1e-5))
[reward_only] iter 25/50 [OK ] reward= -4.3288  cs_rank(-1 * stddev(delta(close, 1), 20) + sma(close, 20) + cs_rank(volume / (vwap + 1e-5)))
[reward_only] iter 26/50 [OK ] reward= -4.0458  cs_rank(-1 * stddev(delta(close, 1), 20) + sma(close, 20))
[reward_only] iter 27/50 [OK ] reward=-32.5271  cs_rank(-1 * ts_rank(close, 252) + cs_rank(volume / (volume + 1e-5)))
[reward_only] iter 28/50 [OK ] reward= -4.4680  cs_rank(-1 * stddev(delta(close, 1), 20) + sma(close, 20) + cs_rank(volume / (volume + 1e-5)))
[reward_only] iter 29/50 [OK ] reward= -4.4680  cs_rank(-1 * stddev(delta(close, 1), 20) + sma(close, 20) + cs_rank(volume / (volume + 1e-5)))
[reward_only] iter 30/50 [OK ] reward= -4.0458  cs_rank(-1 * stddev(delta(close, 1), 20) + sma(close, 20))
[reward_only] iter 31/50 [OK ] reward= -4.1450  cs_rank(-1 * ts_rank(close, 20) + sma(volume, 20))
[reward_only] iter 32/50 [OK ] reward= -4.0946  cs_rank(-1 * stddev(delta(close, 1), 20) + sma(close, 20) + decay_linear(vwap, 20))
[reward_only] iter 33/50 [OK ] reward= -4.0458  cs_rank(-1 * stddev(delta(close, 1), 20) + sma(close, 20))
[reward_only] iter 34/50 [OK ] reward=-68.7115  cs_rank(-1 * zscore(close, 20) + ts_rank(volume, 20))
[reward_only] iter 35/50 [OK ] reward= -5.4121  cs_rank(-1 * stddev(delta(close, 1), 20) + sma(close, 20) + ts_rank(volume, 20))
[reward_only] iter 36/50 [OK ] reward= -4.0458  cs_rank(-1 * stddev(delta(close, 1), 20) + sma(close, 20))
[reward_only] iter 37/50 [ERR] reward=    -inf  cs_rank(close / vwap)
[reward_only] iter 38/50 [OK ] reward= -4.4680  cs_rank(-1 * stddev(delta(close, 1), 20) + sma(close, 20) + cs_rank(volume / (volume + 1e-5)))
[reward_only] iter 39/50 [OK ] reward= -4.0458  cs_rank(-1 * stddev(delta(close, 1), 20) + sma(close, 20))
[reward_only] iter 40/50 [ERR] reward=    -inf  cs_rank((close - open) / (high - low) + vwap - sma(close, 20))
[reward_only] iter 41/50 [OK ] reward= -4.5953  cs_rank(-1 * stddev(delta(close, 1), 20) + sma(close, 20) + ts_rank(vwap, 20))
[reward_only] iter 42/50 [OK ] reward= -4.0458  cs_rank(-1 * stddev(delta(close, 1), 20) + sma(close, 20))
[reward_only] iter 43/50 [ERR] reward=    -inf  cs_rank(close / (low + high + close) / 2 + delta(close, 1) / (high - low))
[reward_only] iter 44/50 [ERR] reward=    -inf  cs_rank(-1 * stddev(delta(close, 1), 20) + sma(close, 20) + cs_rank(close / (low + high + close) / 2 + delta(close, 1) / (high - low + 1e-5)))
[reward_only] iter 45/50 [OK ] reward= -6.7579  cs_rank(-1 * stddev(delta(close, 1), 20) + sma(close, 20) + cs_rank(close / (vwap + 1e-5) + delta(close, 1) / (high - low + 1e-5)))
[reward_only] iter 46/50 [OK ] reward= -4.0458  cs_rank(-1 * stddev(delta(close, 1), 20) + sma(close, 20))
[reward_only] iter 47/50 [OK ] reward=-46.8146  cs_rank(close - sma(close, 20))
[reward_only] iter 48/50 [OK ] reward= -4.0394  cs_rank(-1 * stddev(close - open, 20) + sma(close, 20))
[reward_only] iter 49/50 [OK ] reward= -7.1046  cs_rank((-1 * (close - open) / (high - low + 1e-5)) + sma(close, 20))
[reward_only] iter 50/50 [ERR] reward=    -inf  cs_rank(-1 * stddev(close - open, 20) + sma(close, 20) / close)
[wfo:reward_only] fold 8 winner: cs_rank(-1 * stddev(close - open, 20) + sma(close, 20))
[wfo:reward_only] fold 8 OOS: Gross_IR=0.136 Turnover=3.48 Net_IR=-0.143
[wfo:reward_only] fold 9: train 2010-01-01..2014-12-31 -> test 2015-01-01..2015-12-31
[reward_only] iter  0/50 [SEED] reward= -8.3043  rank(-1 * stddev(delta(close, 1), 20))
[reward_only] iter  1/50 [OK ] reward= -9.4445  cs_rank(-1 * decay_linear(ts_rank(close, 20), 20) / (vwap + 1e-5))
[reward_only] iter  2/50 [OK ] reward=-45.1120  cs_rank(-1 * ts_rank(close, 20) / (vwap + 1e-5))
[reward_only] iter  3/50 [OK ] reward=-27.6719  rank(-1 * ts_rank(close, 20) / (vwap + 1e-5)) + rank(stddev(delta(close, 1), 20))
[reward_only] iter  4/50 [OK ] reward= -8.3043  cs_rank(-1 * stddev(delta(close, 1), 20))
[reward_only] iter  5/50 [OK ] reward=-33.2821  cs_rank(-1 * stddev(delta(close, 1), 20) / (stddev(close, 20) + 1e-5))
[reward_only] iter  6/50 [OK ] reward=-43.9517  cs_rank(-1 * stddev(delta(close, 1), 20) * cs_rank(volume / (stddev(close, 20) + 1e-5)))
[reward_only] iter  7/50 [OK ] reward=-43.9517  cs_rank(-1 * stddev(delta(close, 1), 20) * cs_rank(volume / (stddev(close, 20) + 1e-5)))
[reward_only] iter  8/50 [OK ] reward=-43.9517  rank(-1 * stddev(delta(close, 1), 20) * cs_rank(volume / (stddev(close, 20) + 1e-5)))
[reward_only] iter  9/50 [OK ] reward=-43.9517  rank(-1 * stddev(delta(close, 1), 20) * cs_rank(volume / (stddev(close, 20) + 1e-5)))
[reward_only] iter 10/50 [OK ] reward=-43.9517  rank(-1 * stddev(delta(close, 1), 20) * cs_rank(volume / (stddev(close, 20) + 1e-5)))
[reward_only] iter 11/50 [OK ] reward= -8.3043  rank(-1 * stddev(delta(close, 1), 20))
[reward_only] iter 12/50 [OK ] reward= -5.1250  rank(-1 * sma(stddev(delta(close, 1), 20), 5))
[reward_only] iter 13/50 [OK ] reward=-29.0459  rank(-1 * sma(zscore(stddev(delta(close, 1), 20), 20), 5))
[reward_only] iter 14/50 [OK ] reward=-29.0459  rank(-1 * sma(zscore(stddev(delta(close, 1), 20), 20), 5))
[reward_only] iter 15/50 [ERR] reward=    -inf  rank(-1 * decay_linear(sma(stddev(delta(close, 1), 20), 5), 10))
[reward_only] iter 16/50 [OK ] reward=-115.6550  rank(-1 * ts_rank(stddev(delta(close, 1), 20), 5))
[reward_only] iter 17/50 [ERR] reward=    -inf  rank(-1 * decay_linear(sma(stddev(delta(close, 1), 20), 5), 10))
[reward_only] iter 18/50 [OK ] reward= -5.1250  rank(-1 * sma(stddev(delta(close, 1), 20), 5))
[reward_only] iter 19/50 [OK ] reward= -4.1281  rank(-1 * sma(stddev(delta(close, 1), 20), 10))
[reward_only] iter 20/50 [OK ] reward= -3.6048  rank(-1 * sma(stddev(delta(close, 1), 20), 15))
[reward_only] iter 21/50 [OK ] reward= -3.6048  cs_rank(-1 * sma(stddev(delta(close, 1), 20), 15))
[reward_only] iter 22/50 [OK ] reward=-24.0768  cs_rank(-1 * sma(stddev(delta(close, 1), 20), 15) / (volume + 1e-5))
[reward_only] iter 23/50 [OK ] reward=-21.5969  cs_rank(-1 * sma(stddev(delta(close, 1), 20), 15) / cs_rank(volume + 1e-5))
[reward_only] iter 24/50 [OK ] reward=-64.4551  rank(-1 * sma(stddev(delta(close, 1), 20), 15)) / cs_rank(volume + 1e-5)
[reward_only] iter 25/50 [OK ] reward= -3.6048  rank(-1 * sma(stddev(delta(close, 1), 20), 15))
[reward_only] iter 26/50 [OK ] reward= -3.2769  rank(-1 * sma(stddev(delta(close, 1), 20), 20))
[reward_only] iter 27/50 [OK ] reward= -2.8495  rank(-1 * sma(stddev(delta(close, 1), 20), 25))
[reward_only] iter 28/50 [OK ] reward=-44.6550  rank(-1 * sma(stddev(delta(close, 1), 20), 25) * cs_rank(volume))
[reward_only] iter 29/50 [OK ] reward= -2.9997  rank(-1 * sma(stddev(delta(close, 1), 20), 25) * cs_rank(volume) / (cs_rank(volume) + 1e-5))
[reward_only] iter 30/50 [OK ] reward= -2.9997  rank(-1 * sma(stddev(delta(close, 1), 20), 25) * cs_rank(volume) / (cs_rank(volume) + 1e-5))
[reward_only] iter 31/50 [OK ] reward=-21.4687  rank(-1 * sma(stddev(delta(close, 1), 20), 25) / (cs_rank(volume) + 1e-5))
[reward_only] iter 32/50 [OK ] reward=-64.7589  rank(-1 * sma(stddev(delta(close, 1), 20), 25)) / (cs_rank(volume) + 1e-5)
[reward_only] iter 33/50 [OK ] reward=-64.7589  rank(-1 * sma(stddev(delta(close, 1), 20), 25)) / (cs_rank(volume) + 1e-5)
[reward_only] iter 34/50 [OK ] reward= -2.8495  rank(-1 * sma(stddev(delta(close, 1), 20), 25))
[reward_only] iter 35/50 [OK ] reward=-18.3300  rank(-1 * decay_linear(ts_rank(stddev(delta(close, 1), 20), 25), 20))
[reward_only] iter 36/50 [OK ] reward=-44.6550  rank(-1 * sma(stddev(delta(close, 1), 20), 25) * cs_rank(volume))
[reward_only] iter 37/50 [OK ] reward= -2.3787  rank(-1 * sma(stddev(delta(close, 1), 20), 25) * cs_rank(vwap))
[reward_only] iter 38/50 [OK ] reward= -2.4786  rank(-1 * sma(stddev(delta(close, 1), 20), 25) * cs_rank(vwap / (vwap + 1e-5)))
[reward_only] iter 39/50 [OK ] reward= -2.3787  rank(-1 * sma(stddev(delta(close, 1), 20), 25) * cs_rank(vwap))
[reward_only] iter 40/50 [OK ] reward=-37.5036  rank(-1 * sma(stddev(delta(close, 1), 20), 25) * cs_rank(vwap * volume))
[reward_only] iter 41/50 [OK ] reward= -2.3787  rank(-1 * sma(stddev(delta(close, 1), 20), 25) * cs_rank(vwap))
[reward_only] iter 42/50 [OK ] reward= -9.8034  rank(-1 * sma(stddev(delta(close, 1), 20), 25) * cs_rank(vwap) * decay_linear(ts_rank(volume, 20), 10))
[reward_only] iter 43/50 [OK ] reward= -7.8442  rank(-1 * sma(stddev(delta(close, 1), 20), 25) * cs_rank(vwap) * decay_linear(volume, 10))
[reward_only] iter 44/50 [OK ] reward= -2.3787  rank(-1 * sma(stddev(delta(close, 1), 20), 25) * cs_rank(vwap))
[reward_only] iter 45/50 [OK ] reward=-116.6017  rank(-1 * sma(stddev(delta(close, 1), 20), 25) * cs_rank(vwap) * zscore(volume, 20))
[reward_only] iter 46/50 [OK ] reward=-41.3623  rank(-1 * sma(stddev(delta(close, 1), 20), 25) * cs_rank(vwap) * zscore(vwap, 20))
[reward_only] iter 47/50 [OK ] reward= -2.3787  rank(-1 * sma(stddev(delta(close, 1), 20), 25) * cs_rank(vwap))
[reward_only] iter 48/50 [OK ] reward=-13.3882  rank(-1 * sma(stddev(delta(close, 1), 20), 25) * cs_rank(vwap / (volume + 1e-5)))
[reward_only] iter 49/50 [OK ] reward= -2.3787  rank(-1 * sma(stddev(delta(close, 1), 20), 25) * cs_rank(vwap))
[reward_only] iter 50/50 [OK ] reward= -6.3968  rank(-1 * sma(stddev(delta(close, 1), 20), 25) * cs_rank(vwap * decay_linear(volume, 20)))
[wfo:reward_only] fold 9 winner: rank(-1 * sma(stddev(delta(close, 1), 20), 25) * cs_rank(vwap))
[wfo:reward_only] fold 9 OOS: Gross_IR=-0.151 Turnover=6.48 Net_IR=-0.537
[wfo:reward_only] fold 10: train 2011-01-01..2015-12-31 -> test 2016-01-01..2016-12-31
[reward_only] iter  0/50 [SEED] reward= -8.3976  rank(-1 * stddev(delta(close, 1), 20))
[reward_only] iter  1/50 [OK ] reward=-48.4890  cs_rank(-1 * zscore(stddev(delta(close, 1), 20), 20))
[reward_only] iter  2/50 [OK ] reward= -3.4744  rank(-1 * decay_linear(stddev(delta(close, 1), 20), 20))
[reward_only] iter  3/50 [OK ] reward=-45.0283  rank(-1 * decay_linear(stddev(delta(close, 1), 20), 20) * cs_rank(volume))
[reward_only] iter  4/50 [OK ] reward=-86.5899  rank(-1 * decay_linear(stddev(delta(close, 1), 20), 20) * ts_rank(volume, 20))
[reward_only] iter  5/50 [ERR] reward=    -inf  rank(-1 * decay_linear(stddev(delta(close, 1), 20), 20) + cs_rank(volume / (volume + 1e-5))
[reward_only] iter  6/50 [OK ] reward=-18.0953  rank(-1 * decay_linear(stddev(delta(close, 1), 20), 20) + cs_rank(volume / (volume + 1e-5)))
[reward_only] iter  7/50 [OK ] reward=-18.0953  rank(-1 * decay_linear(stddev(delta(close, 1), 20), 20) + cs_rank(volume / (volume + 1e-5)))
[reward_only] iter  8/50 [OK ] reward= -3.4744  rank(-1 * decay_linear(stddev(delta(close, 1), 20), 20))
[reward_only] iter  9/50 [ERR] reward=    -inf  rank(-1 * decay_linear(stddev(delta(close, 1), 20), 20) + cs_rank(vwap / (high + low + close)))
[reward_only] iter 10/50 [OK ] reward= -7.1178  rank(-1 * decay_linear(stddev(delta(close, 1), 20), 20) + cs_rank(vwap / (high + low + close + 1e-5)))
[reward_only] iter 11/50 [OK ] reward=-11.6479  rank(-1 * decay_linear(stddev(delta(close, 1), 20), 20) + cs_rank(volume / (high + low + close + 1e-5)))
[reward_only] iter 12/50 [OK ] reward=-12.9929  rank(-1 * decay_linear(stddev(delta(close, 1), 20), 20)) + cs_rank(volume / (high + low + close + 1e-5))
[reward_only] iter 13/50 [OK ] reward=-11.4256  rank(-1 * decay_linear(stddev(delta(close, 1), 20), 20)) * cs_rank(volume / (high + low + close + 1e-5))
[reward_only] iter 14/50 [OK ] reward=-37.0033  rank(-1 * decay_linear(stddev(delta(close, 1), 20), 20) * cs_rank(volume / (high + low + close + 1e-5)))
[reward_only] iter 15/50 [OK ] reward= -3.4744  rank(-1 * decay_linear(stddev(delta(close, 1), 20), 20))
[reward_only] iter 16/50 [OK ] reward=-19.6540  rank(-1 * decay_linear(ts_rank(stddev(delta(close, 1), 20), 20), 20))
[reward_only] iter 17/50 [ERR] reward=    -inf  rank(-1 * decay_linear(close / (high - low), 20))
[reward_only] iter 18/50 [OK ] reward=-14.6020  rank(-1 * decay_linear(stddev(delta(close, 1), 20), 20) + cs_rank(volume / (high - low + 1e-5)))
[reward_only] iter 19/50 [OK ] reward= -3.4744  rank(-1 * decay_linear(stddev(delta(close, 1), 20), 20))
[reward_only] iter 20/50 [OK ] reward= -3.1401  rank(-1 * decay_linear(stddev(delta(close, 1), 20), 25))
[reward_only] iter 21/50 [OK ] reward=-45.2116  rank(-1 * decay_linear(stddev(delta(close, 1), 20), 25) * cs_rank(volume))
[reward_only] iter 22/50 [OK ] reward=-21.3624  rank(-1 * decay_linear(stddev(delta(close, 1), 20), 25) / (cs_rank(volume) + 1e-5))
[reward_only] iter 23/50 [OK ] reward= -3.1401  rank(-1 * decay_linear(stddev(delta(close, 1), 20), 25))
[reward_only] iter 24/50 [OK ] reward=-119.9007  cs_rank(-1 * decay_linear(stddev(delta(close, 1), 20), 25) * zscore(volume, 20))
[reward_only] iter 25/50 [OK ] reward= -1.4653  rank(-1 * decay_linear(cs_rank(close), 25))
[reward_only] iter 26/50 [OK ] reward=-45.0775  rank(-1 * decay_linear(cs_rank(close - open), 25))
[reward_only] iter 27/50 [OK ] reward=-44.0593  rank(-1 * decay_linear(cs_rank(close - vwap), 25))
[reward_only] iter 28/50 [OK ] reward=-45.0775  rank(-1 * decay_linear(cs_rank(close - open), 25))
[reward_only] iter 29/50 [OK ] reward=-44.0593  rank(-1 * decay_linear(cs_rank(close - vwap), 25))
[reward_only] iter 30/50 [OK ] reward=-45.0775  rank(-1 * decay_linear(cs_rank(close - open), 25))
[reward_only] iter 31/50 [OK ] reward=-44.0593  rank(-1 * decay_linear(cs_rank(close - vwap), 25))
[reward_only] iter 32/50 [OK ] reward=-44.0593  rank(-1 * decay_linear(cs_rank(close - vwap), 25))
[reward_only] iter 33/50 [OK ] reward=-44.0593  rank(-1 * decay_linear(cs_rank(close - vwap), 25))
[reward_only] iter 34/50 [OK ] reward=-45.0775  rank(-1 * decay_linear(cs_rank(close - open), 25))
[reward_only] iter 35/50 [ERR] reward=    -inf  rank(-1 * decay_linear(cs_rank(close / (high + low + close)), 25))
[reward_only] iter 36/50 [OK ] reward=-43.9838  rank(-1 * decay_linear(cs_rank(close / (high + low + close + 1e-5)), 25))
[reward_only] iter 37/50 [OK ] reward=-43.9838  rank(-1 * decay_linear(cs_rank(close / (high + low + close + 1e-5)), 25))
[reward_only] iter 38/50 [OK ] reward= -1.4653  rank(-1 * decay_linear(cs_rank(close), 25))
[reward_only] iter 39/50 [ERR] reward=    -inf  rank(-1 * decay_linear(cs_rank(close / vwap), 25))
[reward_only] iter 40/50 [OK ] reward=-43.9325  rank(-1 * decay_linear(cs_rank(close / (vwap + 1e-5)), 25))
[reward_only] iter 41/50 [OK ] reward=-44.0593  rank(-1 * decay_linear(cs_rank(close - vwap), 25))
[reward_only] iter 42/50 [ERR] reward=    -inf  rank(-1 * decay_linear(cs_rank(close / (high + low + close) * 2), 25))
[reward_only] iter 43/50 [OK ] reward=-43.9325  rank(-1 * decay_linear(cs_rank(close / (vwap + 1e-5)), 25))
[reward_only] iter 44/50 [OK ] reward=-43.9325  rank(-1 * decay_linear(cs_rank(close / (vwap + 1e-5)), 25))
[reward_only] iter 45/50 [OK ] reward=-43.9325  rank(-1 * decay_linear(cs_rank(close / (vwap + 1e-5)), 25))
[reward_only] iter 46/50 [OK ] reward=-34.2051  rank(-1 * decay_linear(cs_rank(close / (vwap + 1e-5)), 25)) + rank(-1 * decay_linear(cs_rank(volume), 25))
[reward_only] iter 47/50 [OK ] reward= -6.9731  rank(-1 * decay_linear(cs_rank(close), 25)) + rank(-1 * decay_linear(cs_rank(volume), 25))
[reward_only] iter 48/50 [OK ] reward= -7.5956  rank(-1 * decay_linear(cs_rank(close), 25) + rank(-1 * decay_linear(cs_rank(volume), 25)))
[reward_only] iter 49/50 [OK ] reward= -7.5956  rank(-1 * decay_linear(cs_rank(close), 25) + rank(-1 * decay_linear(cs_rank(volume), 25)))
[reward_only] iter 50/50 [OK ] reward= -7.5956  rank(-1 * decay_linear(cs_rank(close), 25) + rank(-1 * decay_linear(cs_rank(volume), 25)))
[wfo:reward_only] fold 10 winner: rank(-1 * decay_linear(cs_rank(close), 25))
[wfo:reward_only] fold 10 OOS: Gross_IR=2.222 Turnover=4.32 Net_IR=2.018
[wfo:reward_only] fold 11: train 2012-01-01..2016-12-31 -> test 2017-01-01..2017-12-31
[reward_only] iter  0/50 [SEED] reward= -8.4295  rank(-1 * stddev(delta(close, 1), 20))
[reward_only] iter  1/50 [OK ] reward= -2.7143  cs_rank(-1 * decay_linear(stddev(delta(close, 1), 20), 30))
[reward_only] iter  2/50 [OK ] reward=-16.1788  cs_rank(-1 * decay_linear(ts_rank(stddev(delta(close, 1), 20), 20), 30))
[reward_only] iter  3/50 [OK ] reward= -2.9962  cs_rank(-1 * decay_linear(stddev(delta(close, 1), 20), 25))
[reward_only] iter  4/50 [OK ] reward= -2.4660  cs_rank(-1 * decay_linear(stddev(delta(close, 1), 20), 35))
[reward_only] iter  5/50 [OK ] reward= -2.2582  cs_rank(-1 * decay_linear(stddev(delta(close, 1), 20), 40))
[reward_only] iter  6/50 [OK ] reward=-11.8405  cs_rank(-1 * decay_linear(ts_rank(stddev(delta(close, 1), 20), 40), 40))
[reward_only] iter  7/50 [OK ] reward=-11.5530  cs_rank(-1 * decay_linear(zscore(stddev(delta(close, 1), 20), 40), 40))
[reward_only] iter  8/50 [OK ] reward= -2.7143  cs_rank(-1 * decay_linear(stddev(delta(close, 1), 20), 30))
[reward_only] iter  9/50 [OK ] reward= -2.4660  cs_rank(-1 * decay_linear(stddev(delta(close, 1), 20), 35))
[reward_only] iter 10/50 [OK ] reward= -2.7143  cs_rank(-1 * decay_linear(stddev(delta(close, 1), 20), 30))
[reward_only] iter 11/50 [OK ] reward= -2.0931  cs_rank(-1 * decay_linear(stddev(delta(close, 1), 25), 40))
[reward_only] iter 12/50 [OK ] reward= -9.7245  cs_rank(-1 * decay_linear(zscore(stddev(delta(close, 1), 25), 60), 40))
[reward_only] iter 13/50 [OK ] reward= -9.1841  cs_rank(-1 * decay_linear(stddev(delta(close, 1), 25) + zscore(volume, 60), 40))
[reward_only] iter 14/50 [OK ] reward= -9.1841  cs_rank(-1 * decay_linear(stddev(delta(close, 1), 25) + zscore(volume, 60), 40))
[reward_only] iter 15/50 [OK ] reward= -4.8193  cs_rank(-1 * decay_linear(stddev(delta(close, 1), 25) + ts_rank(volume, 60), 40))
[reward_only] iter 16/50 [OK ] reward= -4.0923  cs_rank(-1 * decay_linear(stddev(delta(close, 1), 25) + ts_rank(vwap, 60), 40))
[reward_only] iter 17/50 [OK ] reward= -3.3797  cs_rank(-1 * decay_linear(stddev(delta(close, 1), 25) + decay_linear(ts_rank(vwap, 60), 40), 40))
[reward_only] iter 18/50 [OK ] reward= -2.0931  cs_rank(-1 * decay_linear(stddev(delta(close, 1), 25), 40))
[reward_only] iter 19/50 [OK ] reward= -1.9562  cs_rank(-1 * decay_linear(stddev(delta(close, 1), 20), 50))
[reward_only] iter 20/50 [OK ] reward=-21.0509  cs_rank(-1 * decay_linear(stddev(delta(close, 1), 20), 50) / (cs_rank(volume) + 1e-5))
[reward_only] iter 21/50 [OK ] reward=-23.3835  cs_rank(-1 * decay_linear(stddev(delta(close, 1), 20), 50) / (volume + 1e-5))
[reward_only] iter 22/50 [OK ] reward=-21.0509  cs_rank(-1 * decay_linear(stddev(delta(close, 1), 20), 50) / (cs_rank(volume) + 1e-5))
[reward_only] iter 23/50 [OK ] reward= -1.9562  cs_rank(-1 * decay_linear(stddev(delta(close, 1), 20), 50))
[reward_only] iter 24/50 [OK ] reward=-13.5700  cs_rank(-1 * decay_linear(zscore(stddev(delta(close, 1), 20), 20), 50))
[reward_only] iter 25/50 [OK ] reward= -2.7143  cs_rank(-1 * decay_linear(stddev(delta(close, 1), 20), 30))
[reward_only] iter 26/50 [OK ] reward= -2.2582  cs_rank(-1 * decay_linear(stddev(delta(close, 1), 20), 40))
[reward_only] iter 27/50 [OK ] reward= -1.7470  cs_rank(-1 * decay_linear(stddev(delta(close, 1), 20), 60))
[reward_only] iter 28/50 [OK ] reward= -9.4095  cs_rank(-1 * decay_linear(ts_rank(stddev(delta(close, 1), 20), 60), 60))
[reward_only] iter 29/50 [OK ] reward= -1.5460  cs_rank(-1 * decay_linear(stddev(close - open, 20), 60))
[reward_only] iter 30/50 [OK ] reward= -9.0090  cs_rank(-1 * decay_linear(zscore(stddev(close - open, 20), 60), 60))
[reward_only] iter 31/50 [OK ] reward= -9.6480  cs_rank(-1 * decay_linear(ts_rank(close, 20), 60))
[reward_only] iter 32/50 [OK ] reward=-45.3170  cs_rank(-1 * decay_linear(zscore(close - open, 20), 60))
[reward_only] iter 33/50 [OK ] reward=-23.3840  cs_rank(-1 * decay_linear(stddev(close - open, 20), 60) / (volume + 1e-5))
[reward_only] iter 34/50 [OK ] reward=-20.9633  cs_rank(-1 * decay_linear(stddev(close - open, 20), 60) / cs_rank(volume + 1e-5))
[reward_only] iter 35/50 [OK ] reward=-23.3840  cs_rank(-1 * decay_linear(stddev(close - open, 20), 60) / (volume + 1e-5))
[reward_only] iter 36/50 [OK ] reward=-20.9632  cs_rank(-1 * decay_linear(stddev(close - open, 20), 60) / (cs_rank(volume) + 1e-5))
[reward_only] iter 37/50 [OK ] reward=-23.3840  cs_rank(-1 * decay_linear(stddev(close - open, 20), 60) / (volume + 1e-5))
[reward_only] iter 38/50 [OK ] reward=-86.1391  cs_rank(-1 * decay_linear(stddev(close - open, 20), 60) / (ts_rank(volume, 20) + 1e-5))
[reward_only] iter 39/50 [OK ] reward= -1.5460  cs_rank(-1 * decay_linear(stddev(close - open, 20), 60))
[reward_only] iter 40/50 [OK ] reward= -9.0090  cs_rank(-1 * decay_linear(zscore(stddev(close - open, 20), 60), 60))
[reward_only] iter 41/50 [OK ] reward=-98.2323  cs_rank(-1 * decay_linear(stddev(close - open, 20), 60) + ts_rank(close - open, 20))
[reward_only] iter 42/50 [OK ] reward= -1.5460  cs_rank(-1 * decay_linear(stddev(close - open, 20), 60))
[reward_only] iter 43/50 [OK ] reward=-23.5446  cs_rank(-1 * decay_linear(stddev(close - open, 20), 60) * ts_rank(vwap, 60))
[reward_only] iter 44/50 [OK ] reward= -1.6161  cs_rank(-1 * decay_linear(stddev(close - open, 20), 60) * cs_rank(vwap))
[reward_only] iter 45/50 [OK ] reward=-49.5736  cs_rank(-1 * decay_linear(stddev(close - open, 20), 60) * cs_rank(volume))
[reward_only] iter 46/50 [OK ] reward= -1.6161  cs_rank(-1 * decay_linear(stddev(close - open, 20), 60) * cs_rank(vwap))
[reward_only] iter 47/50 [OK ] reward=-39.2058  cs_rank(-1 * decay_linear(stddev(close - open, 20), 60) * ts_rank(vwap, 20))
[reward_only] iter 48/50 [OK ] reward= -1.6161  cs_rank(-1 * decay_linear(stddev(close - open, 20), 60) * cs_rank(vwap))
[reward_only] iter 49/50 [OK ] reward=-23.5446  cs_rank(-1 * decay_linear(stddev(close - open, 20), 60) * ts_rank(vwap, 60))
[reward_only] iter 50/50 [OK ] reward=-83.0385  cs_rank(-1 * decay_linear(stddev(close - open, 20), 60) * ts_rank(volume, 60))
[wfo:reward_only] fold 11 winner: cs_rank(-1 * decay_linear(stddev(close - open, 20), 60))
[wfo:reward_only] fold 11 OOS: Gross_IR=0.266 Turnover=4.89 Net_IR=-0.126
[wfo:reward_only] fold 12: train 2013-01-01..2017-12-31 -> test 2018-01-01..2018-12-31
[reward_only] iter  0/50 [SEED] reward= -8.6936  rank(-1 * stddev(delta(close, 1), 20))
[reward_only] iter  1/50 [OK ] reward=-29.0698  cs_rank(-1 * zscore(stddev(delta(close, 1), 20), 60))
[reward_only] iter  2/50 [OK ] reward= -2.0185  cs_rank(-1 * decay_linear(stddev(delta(close, 1), 20), 60))
[reward_only] iter  3/50 [OK ] reward= -3.7262  cs_rank(-1 * decay_linear(stddev(delta(close, 1), 20), 60) + decay_linear(ts_rank(volume, 20), 60))
[reward_only] iter  4/50 [OK ] reward= -1.5526  cs_rank(-1 * decay_linear(stddev(delta(close, 1), 20), 60) + decay_linear(cs_rank(volume), 60))
[reward_only] iter  5/50 [OK ] reward= -2.0427  cs_rank(-1 * decay_linear(stddev(delta(close, 1), 20), 60) + decay_linear(volume, 60))
[reward_only] iter  6/50 [OK ] reward= -1.5526  cs_rank(-1 * decay_linear(stddev(delta(close, 1), 20), 60) + decay_linear(cs_rank(volume), 60))
[reward_only] iter  7/50 [OK ] reward=-16.3353  cs_rank(-1 * decay_linear(stddev(delta(close, 1), 20), 60) + cs_rank(volume))
[reward_only] iter  8/50 [OK ] reward= -2.8109  cs_rank(-1 * decay_linear(stddev(delta(close, 1), 20), 60) + decay_linear(vwap, 60))
[reward_only] iter  9/50 [OK ] reward= -3.7704  cs_rank(-1 * decay_linear(stddev(delta(close, 1), 20), 60) + decay_linear(cs_rank(vwap), 60))
[reward_only] iter 10/50 [OK ] reward= -1.5526  cs_rank(-1 * decay_linear(stddev(delta(close, 1), 20), 60) + decay_linear(cs_rank(volume), 60))
[reward_only] iter 11/50 [OK ] reward=-16.3353  cs_rank(-1 * decay_linear(stddev(delta(close, 1), 20), 60) + cs_rank(volume))
[reward_only] iter 12/50 [OK ] reward= -1.5526  cs_rank(-1 * decay_linear(stddev(delta(close, 1), 20), 60) + decay_linear(cs_rank(volume), 60))
[reward_only] iter 13/50 [OK ] reward=-16.3353  cs_rank(-1 * decay_linear(stddev(delta(close, 1), 20), 60) + cs_rank(volume))
[reward_only] iter 14/50 [OK ] reward= -7.3521  cs_rank(-1 * decay_linear(stddev(delta(close, 1), 20), 60) + decay_linear(zscore(volume, 60), 60))
[reward_only] iter 15/50 [OK ] reward=-16.3353  cs_rank(-1 * decay_linear(stddev(delta(close, 1), 20), 60) + cs_rank(volume))
[reward_only] iter 16/50 [OK ] reward=-21.0088  cs_rank(-1 * decay_linear(stddev(delta(close, 1), 20), 60) + decay_linear(cs_rank(volume), 60) + ts_rank(vwap, 20))
[reward_only] iter 17/50 [OK ] reward= -1.5526  cs_rank(-1 * decay_linear(stddev(delta(close, 1), 20), 60) + decay_linear(cs_rank(volume), 60))
[reward_only] iter 18/50 [OK ] reward=-16.3353  cs_rank(-1 * decay_linear(stddev(delta(close, 1), 20), 60) + cs_rank(volume))
[reward_only] iter 19/50 [OK ] reward=-12.0021  cs_rank(-1 * decay_linear(stddev(delta(close, 1), 20), 60) + decay_linear(cs_rank(volume), 60) + ts_rank(vwap, 60))
[reward_only] iter 20/50 [OK ] reward= -1.5526  cs_rank(-1 * decay_linear(stddev(delta(close, 1), 20), 60) + decay_linear(cs_rank(volume), 60))
[reward_only] iter 21/50 [OK ] reward=-16.3353  cs_rank(-1 * decay_linear(stddev(delta(close, 1), 20), 60) + cs_rank(volume))
[reward_only] iter 22/50 [OK ] reward= -1.5526  cs_rank(-1 * decay_linear(stddev(delta(close, 1), 20), 60) + decay_linear(cs_rank(volume), 60))
[reward_only] iter 23/50 [OK ] reward=-16.3353  cs_rank(-1 * decay_linear(stddev(delta(close, 1), 20), 60) + cs_rank(volume))
[reward_only] iter 24/50 [OK ] reward= -3.5217  cs_rank(-1 * decay_linear(stddev(delta(close, 1), 20), 60) + decay_linear(ts_rank(volume, 60), 60))
[reward_only] iter 25/50 [OK ] reward=-16.3353  cs_rank(-1 * decay_linear(stddev(delta(close, 1), 20), 60) + cs_rank(volume))
[reward_only] iter 26/50 [OK ] reward=-57.7146  cs_rank(-1 * decay_linear(stddev(delta(close, 1), 20), 60) + decay_linear(cs_rank(volume), 60) + ts_rank(close - open, 20))
[reward_only] iter 27/50 [OK ] reward= -1.5526  cs_rank(-1 * decay_linear(stddev(delta(close, 1), 20), 60) + decay_linear(cs_rank(volume), 60))
[reward_only] iter 28/50 [OK ] reward=-16.3353  cs_rank(-1 * decay_linear(stddev(delta(close, 1), 20), 60) + cs_rank(volume))
[reward_only] iter 29/50 [OK ] reward=-59.2176  cs_rank(-1 * decay_linear(stddev(delta(close, 1), 20), 60) + decay_linear(cs_rank(volume), 60) + cs_rank(vwap - close))
[reward_only] iter 30/50 [OK ] reward= -1.5526  cs_rank(-1 * decay_linear(stddev(delta(close, 1), 20), 60) + decay_linear(cs_rank(volume), 60))
[reward_only] iter 31/50 [OK ] reward=-16.3353  cs_rank(-1 * decay_linear(stddev(delta(close, 1), 20), 60) + cs_rank(volume))
[reward_only] iter 32/50 [OK ] reward=-23.3684  cs_rank(-1 * decay_linear(stddev(delta(close, 1), 20), 60) + decay_linear(cs_rank(volume), 60)) + cs_rank(zscore(close, 60))
[reward_only] iter 33/50 [OK ] reward= -1.5526  cs_rank(-1 * decay_linear(stddev(delta(close, 1), 20), 60) + decay_linear(cs_rank(volume), 60))
[reward_only] iter 34/50 [OK ] reward=-16.3353  cs_rank(-1 * decay_linear(stddev(delta(close, 1), 20), 60) + cs_rank(volume))
[reward_only] iter 35/50 [OK ] reward= -2.3958  cs_rank(-1 * decay_linear(stddev(delta(close, 1), 20), 60) + decay_linear(cs_rank(volume), 60) + decay_linear(ts_rank(vwap, 60), 60))
[reward_only] iter 36/50 [OK ] reward= -1.5526  cs_rank(-1 * decay_linear(stddev(delta(close, 1), 20), 60) + decay_linear(cs_rank(volume), 60))
[reward_only] iter 37/50 [OK ] reward=-16.3353  cs_rank(-1 * decay_linear(stddev(delta(close, 1), 20), 60) + cs_rank(volume))
[reward_only] iter 38/50 [OK ] reward= -1.5526  cs_rank(-1 * decay_linear(stddev(delta(close, 1), 20), 60) + decay_linear(cs_rank(volume), 60))
[reward_only] iter 39/50 [OK ] reward=-16.3353  cs_rank(-1 * decay_linear(stddev(delta(close, 1), 20), 60) + cs_rank(volume))
[reward_only] iter 40/50 [OK ] reward= -3.7704  cs_rank(-1 * decay_linear(stddev(delta(close, 1), 20), 60) + decay_linear(cs_rank(vwap), 60))
[reward_only] iter 41/50 [OK ] reward= -2.0427  cs_rank(-1 * decay_linear(stddev(delta(close, 1), 20), 60) + decay_linear(volume, 60))
[reward_only] iter 42/50 [OK ] reward= -2.9193  cs_rank(-1 * decay_linear(stddev(delta(close, 1), 20), 60) + decay_linear(cs_rank(volume), 60) * cs_rank(vwap))
[reward_only] iter 43/50 [OK ] reward= -1.5526  cs_rank(-1 * decay_linear(stddev(delta(close, 1), 20), 60) + decay_linear(cs_rank(volume), 60))
[reward_only] iter 44/50 [OK ] reward=-16.3353  cs_rank(-1 * decay_linear(stddev(delta(close, 1), 20), 60) + cs_rank(volume))
[reward_only] iter 45/50 [OK ] reward= -3.7704  cs_rank(-1 * decay_linear(stddev(delta(close, 1), 20), 60) + decay_linear(cs_rank(vwap), 60))
[reward_only] iter 46/50 [OK ] reward= -1.5526  cs_rank(-1 * decay_linear(stddev(delta(close, 1), 20), 60) + decay_linear(cs_rank(volume), 60))
[reward_only] iter 47/50 [OK ] reward=-16.3353  cs_rank(-1 * decay_linear(stddev(delta(close, 1), 20), 60) + cs_rank(volume))
[reward_only] iter 48/50 [OK ] reward= -1.7128  cs_rank(-1 * decay_linear(stddev(delta(close, 1), 20), 60) + decay_linear(cs_rank(volume), 60) - cs_rank(vwap))
[reward_only] iter 49/50 [OK ] reward= -1.5526  cs_rank(-1 * decay_linear(stddev(delta(close, 1), 20), 60) + decay_linear(cs_rank(volume), 60))
[reward_only] iter 50/50 [OK ] reward=-16.3353  cs_rank(-1 * decay_linear(stddev(delta(close, 1), 20), 60) + cs_rank(volume))
[wfo:reward_only] fold 12 winner: cs_rank(-1 * decay_linear(stddev(delta(close, 1), 20), 60) + decay_linear(cs_rank(volume), 60))
[wfo:reward_only] fold 12 OOS: Gross_IR=0.608 Turnover=4.52 Net_IR=0.298
[wfo:reward_only] fold 13: train 2014-01-01..2018-12-31 -> test 2019-01-01..2019-12-31
[reward_only] iter  0/50 [SEED] reward= -8.8095  rank(-1 * stddev(delta(close, 1), 20))
[reward_only] iter  1/50 [OK ] reward=-33.1771  rank(-1 * stddev(delta(close, 1), 20) / (stddev(vwap, 20) + 1e-5))
[reward_only] iter  2/50 [ERR] reward=    -inf  cs_rank(close / open)
[reward_only] iter  3/50 [OK ] reward=-10.3726  rank(-1 * stddev(delta(close, 1), 20) + cs_rank(volume / (vwap + 1e-5)))
[reward_only] iter  4/50 [OK ] reward=-10.3726  rank(-1 * stddev(delta(close, 1), 20) + cs_rank(volume / (vwap + 1e-5)))
[reward_only] iter  5/50 [OK ] reward=-10.3726  rank(-1 * stddev(delta(close, 1), 20) + cs_rank(volume / (vwap + 1e-5)))
[reward_only] iter  6/50 [OK ] reward=-10.3726  rank(-1 * stddev(delta(close, 1), 20) + cs_rank(volume / (vwap + 1e-5)))
[reward_only] iter  7/50 [OK ] reward=-10.3726  rank(-1 * stddev(delta(close, 1), 20) + cs_rank(volume / (vwap + 1e-5)))
[reward_only] iter  8/50 [OK ] reward=-10.3726  rank(-1 * stddev(delta(close, 1), 20) + cs_rank(volume / (vwap + 1e-5)))
[reward_only] iter  9/50 [OK ] reward= -8.8095  rank(-1 * stddev(delta(close, 1), 20))
[reward_only] iter 10/50 [OK ] reward=-31.4590  rank(-1 * (stddev(delta(close, 1), 20) + cs_rank(volume)))
[reward_only] iter 11/50 [OK ] reward=-31.4590  rank(-1 * (stddev(delta(close, 1), 20) + cs_rank(volume)))
[reward_only] iter 12/50 [OK ] reward=-94.7565  cs_rank(-1 * (stddev(delta(close, 1), 20) + zscore(volume, 20)))
[reward_only] iter 13/50 [OK ] reward=-125.7798  cs_rank(-1 * (ts_rank(close, 20) + zscore(volume, 20)))
[reward_only] iter 14/50 [OK ] reward=-54.3543  rank(-1 * (ts_rank(close, 20) + cs_rank(volume)))
[reward_only] iter 15/50 [OK ] reward=-54.3543  rank(-1 * (ts_rank(close, 20) + cs_rank(volume)))
[reward_only] iter 16/50 [ERR] reward=    -inf  rank(-1 * (close / (low + high + close) + cs_rank(volume)))
[reward_only] iter 17/50 [OK ] reward=-39.2096  rank(-1 * (close / (low + high + close + 1e-5) + cs_rank(volume)))
[reward_only] iter 18/50 [OK ] reward=-14.7925  rank(-1 * stddev(delta(close, 1), 20) + cs_rank(volume))
[reward_only] iter 19/50 [OK ] reward=-26.6789  rank(-1 * stddev(delta(close, 1), 20) + ts_rank(vwap, 20))
[reward_only] iter 20/50 [OK ] reward=-12.6343  rank(-1 * stddev(delta(close, 1), 20) + decay_linear(ts_rank(vwap, 20), 10))
[reward_only] iter 21/50 [OK ] reward=-13.7822  rank(-1 * stddev(delta(close, 1), 20) + decay_linear(cs_rank(vwap), 10))
[reward_only] iter 22/50 [OK ] reward=-17.9075  rank(-1 * stddev(delta(close, 1), 20) + decay_linear(zscore(vwap, 20), 10))
[reward_only] iter 23/50 [OK ] reward=-17.9075  rank(-1 * stddev(delta(close, 1), 20) + decay_linear(zscore(vwap, 20), 10))
[reward_only] iter 24/50 [OK ] reward=-17.9075  cs_rank(-1 * stddev(delta(close, 1), 20) + decay_linear(zscore(vwap, 20), 10))
[reward_only] iter 25/50 [OK ] reward=-30.6500  cs_rank(-1 * stddev(delta(close, 1), 20) + ts_rank(zscore(vwap, 20), 20))
[reward_only] iter 26/50 [OK ] reward=-14.3536  cs_rank(-1 * stddev(delta(close, 1), 20) + decay_linear(ts_rank(zscore(vwap, 20), 20), 10))
[reward_only] iter 27/50 [OK ] reward=-39.6812  rank(-1 * stddev(delta(close, 1), 20) + zscore(vwap, 20))
[reward_only] iter 28/50 [OK ] reward=-26.6789  rank(-1 * stddev(delta(close, 1), 20) + ts_rank(vwap, 20))
[reward_only] iter 29/50 [OK ] reward=-26.6789  cs_rank(-1 * stddev(delta(close, 1), 20) + ts_rank(vwap, 20))
[reward_only] iter 30/50 [OK ] reward= -2.6161  cs_rank(-1 * stddev(delta(close, 1), 20) + sma(vwap, 20))
[reward_only] iter 31/50 [ERR] reward=    -inf  cs_rank(-1 * ts_rank(close, 50) + cs_rank(volume, 20))
[reward_only] iter 32/50 [ERR] reward=    -inf  cs_rank(-1 * stddev(delta(close, 1), 20) + sma(vwap, 20) + cs_rank(volume, 20))
[reward_only] iter 33/50 [OK ] reward= -2.7497  cs_rank(-1 * stddev(delta(close, 1), 20) + sma(vwap, 20) + cs_rank(volume))
[reward_only] iter 34/50 [OK ] reward= -2.6161  cs_rank(-1 * stddev(delta(close, 1), 20) + sma(vwap, 20))
[reward_only] iter 35/50 [ERR] reward=    -inf  cs_rank((close - open) / (high - low) + ts_rank(volume, 20))
[reward_only] iter 36/50 [OK ] reward= -2.7497  cs_rank(-1 * stddev(delta(close, 1), 20) + sma(vwap, 20) + cs_rank(volume))
[reward_only] iter 37/50 [OK ] reward=-14.7925  cs_rank(-1 * stddev(delta(close, 1), 20) + cs_rank(volume))
[reward_only] iter 38/50 [OK ] reward= -2.8497  cs_rank(-1 * stddev(delta(close, 1), 20) + sma(vwap, 20) + cs_rank(volume / (volume + 1e-5)))
[reward_only] iter 39/50 [OK ] reward= -2.6161  cs_rank(-1 * stddev(delta(close, 1), 20) + sma(vwap, 20))
[reward_only] iter 40/50 [OK ] reward=-163.7938  cs_rank(close / (low + 1e-5))
[reward_only] iter 41/50 [OK ] reward= -3.0172  cs_rank(-1 * stddev(delta(close, 1), 20) + sma(volume, 20) / (close + 1e-5))
[reward_only] iter 42/50 [OK ] reward= -3.0172  cs_rank(-1 * stddev(delta(close, 1), 20) + sma(volume, 20) / (close + 1e-5))
[reward_only] iter 43/50 [OK ] reward= -2.6161  cs_rank(-1 * stddev(delta(close, 1), 20) + sma(vwap, 20))
[reward_only] iter 44/50 [OK ] reward=-102.3607  cs_rank(-1 * ts_rank(close, 20) + sma(volume, 20) / (volume + 1e-5))
[reward_only] iter 45/50 [OK ] reward=-62.3470  cs_rank(-1 * stddev(delta(close, 1), 20) + sma(volume, 20) / (volume + 1e-5))
[reward_only] iter 46/50 [OK ] reward= -2.6161  cs_rank(-1 * stddev(delta(close, 1), 20) + sma(vwap, 20))
[reward_only] iter 47/50 [OK ] reward= -4.0919  cs_rank(-1 * ts_rank(close, 20) + sma(volume, 20))
[reward_only] iter 48/50 [ERR] reward=    -inf  cs_rank(-1 * stddev(delta(close, 1), 20) + decay_linear(sma(vwap, 20), 10))
[reward_only] iter 49/50 [OK ] reward=-12.7081  cs_rank(-1 * stddev(delta(close, 1), 20) + ts_rank(sma(vwap, 20), 20))
[reward_only] iter 50/50 [OK ] reward= -3.2320  cs_rank(-1 * stddev(delta(close, 1), 20) + sma(vwap, 20) - ts_rank(volume, 20))
[wfo:reward_only] fold 13 winner: cs_rank(-1 * stddev(delta(close, 1), 20) + sma(vwap, 20))
[wfo:reward_only] fold 13 OOS: Gross_IR=-0.911 Turnover=3.69 Net_IR=-1.098
[wfo:reward_only] fold 14: train 2015-01-01..2019-12-31 -> test 2020-01-01..2020-12-31
[reward_only] iter  0/50 [SEED] reward= -8.5184  rank(-1 * stddev(delta(close, 1), 20))
[reward_only] iter  1/50 [OK ] reward=-47.0202  cs_rank(-1 * zscore(stddev(delta(close, 1), 20), 20))
[reward_only] iter  2/50 [OK ] reward=-24.1229  cs_rank(-1 * decay_linear(zscore(stddev(delta(close, 1), 20), 20), 10))
[reward_only] iter  3/50 [OK ] reward=-19.0542  cs_rank(-1 * decay_linear(zscore(stddev(delta(close, 1), 20), 20), 20))
[reward_only] iter  4/50 [OK ] reward=-13.1841  rank(-1 * stddev(delta(close, 1), 20) + cs_rank(volume))
[reward_only] iter  5/50 [OK ] reward= -8.6181  rank(-1 * stddev(delta(close, 1), 20) + cs_rank(volume) / (cs_rank(volume) + 1e-5))
[reward_only] iter  6/50 [OK ] reward=-13.1841  rank(-1 * stddev(delta(close, 1), 20) + cs_rank(volume))
[reward_only] iter  7/50 [OK ] reward=-17.7814  rank(-1 * stddev(delta(close, 1), 20) + cs_rank(volume) * ts_rank(vwap, 20))
[reward_only] iter  8/50 [OK ] reward=-13.1841  rank(-1 * stddev(delta(close, 1), 20) + cs_rank(volume))
[reward_only] iter  9/50 [OK ] reward= -1.5530  rank(-1 * stddev(delta(close, 1), 20) + cs_rank(volume) - decay_linear(close, 20))
[reward_only] iter 10/50 [OK ] reward= -1.5530  rank(-1 * stddev(delta(close, 1), 20) + cs_rank(volume) - decay_linear(close, 20))
[reward_only] iter 11/50 [OK ] reward= -1.5530  rank(-1 * stddev(delta(close, 1), 20) + cs_rank(volume) - decay_linear(close, 20))
[reward_only] iter 12/50 [OK ] reward= -1.5530  rank(-1 * stddev(delta(close, 1), 20) + cs_rank(volume) - decay_linear(close, 20))
[reward_only] iter 13/50 [OK ] reward= -1.5530  rank(-1 * stddev(delta(close, 1), 20) + cs_rank(volume) - decay_linear(close, 20))
[reward_only] iter 14/50 [OK ] reward= -1.5530  rank(-1 * stddev(delta(close, 1), 20) + cs_rank(volume) - decay_linear(close, 20))
[reward_only] iter 15/50 [OK ] reward= -1.5530  rank(-1 * stddev(delta(close, 1), 20) + cs_rank(volume) - decay_linear(close, 20))
[reward_only] iter 16/50 [OK ] reward= -1.5530  rank(-1 * stddev(delta(close, 1), 20) + cs_rank(volume) - decay_linear(close, 20))
[reward_only] iter 17/50 [OK ] reward= -1.5530  rank(-1 * stddev(delta(close, 1), 20) + cs_rank(volume) - decay_linear(close, 20))
[reward_only] iter 18/50 [OK ] reward= -2.6041  rank(-1 * stddev(delta(close, 1), 20) + cs_rank(volume) - close)
[reward_only] iter 19/50 [OK ] reward= -1.7053  rank(-1 * stddev(delta(close, 1), 20) + cs_rank(volume) - decay_linear(close, 20) + ts_rank(vwap, 20))
[reward_only] iter 20/50 [OK ] reward= -1.5530  rank(-1 * stddev(delta(close, 1), 20) + cs_rank(volume) - decay_linear(close, 20))
[reward_only] iter 21/50 [OK ] reward= -1.5530  rank(-1 * stddev(delta(close, 1), 20) + cs_rank(volume) - decay_linear(close, 20))
[reward_only] iter 22/50 [OK ] reward=-13.1841  rank(-1 * stddev(delta(close, 1), 20) + cs_rank(volume))
[reward_only] iter 23/50 [OK ] reward= -1.7053  rank(-1 * stddev(delta(close, 1), 20) + cs_rank(volume) - decay_linear(close, 20) + ts_rank(vwap, 20))
[reward_only] iter 24/50 [OK ] reward= -1.5530  rank(-1 * stddev(delta(close, 1), 20) + cs_rank(volume) - decay_linear(close, 20))
[reward_only] iter 25/50 [OK ] reward= -2.6041  rank(-1 * stddev(delta(close, 1), 20) + cs_rank(volume) - close)
[reward_only] iter 26/50 [OK ] reward= -1.7790  rank(-1 * stddev(delta(close, 1), 20) + cs_rank(volume) - decay_linear(close, 20) + ts_rank(open, 20))
[reward_only] iter 27/50 [OK ] reward= -1.5530  rank(-1 * stddev(delta(close, 1), 20) + cs_rank(volume) - decay_linear(close, 20))
[reward_only] iter 28/50 [OK ] reward= -1.5530  rank(-1 * stddev(delta(close, 1), 20) + cs_rank(volume) - decay_linear(close, 20))
[reward_only] iter 29/50 [OK ] reward=-13.1841  rank(-1 * stddev(delta(close, 1), 20) + cs_rank(volume))
[reward_only] iter 30/50 [OK ] reward= -1.8312  rank(-1 * stddev(delta(close, 1), 20) + cs_rank(volume) - decay_linear(close, 20) + ts_rank(zscore(close, 20), 20))
[reward_only] iter 31/50 [OK ] reward= -1.5530  rank(-1 * stddev(delta(close, 1), 20) + cs_rank(volume) - decay_linear(close, 20))
[reward_only] iter 32/50 [OK ] reward= -2.6041  rank(-1 * stddev(delta(close, 1), 20) + cs_rank(volume) - close)
[reward_only] iter 33/50 [OK ] reward= -2.2872  rank(-1 * stddev(delta(close, 1), 20) + cs_rank(volume) - decay_linear(close, 20) + ts_rank(high - low, 20))
[reward_only] iter 34/50 [OK ] reward= -1.5530  rank(-1 * stddev(delta(close, 1), 20) + cs_rank(volume) - decay_linear(close, 20))
[reward_only] iter 35/50 [OK ] reward= -1.5530  rank(-1 * stddev(delta(close, 1), 20) + cs_rank(volume) - decay_linear(close, 20))
[reward_only] iter 36/50 [OK ] reward= -1.5530  rank(-1 * stddev(delta(close, 1), 20) + cs_rank(volume) - decay_linear(close, 20))
[reward_only] iter 37/50 [OK ] reward=-13.1841  rank(-1 * stddev(delta(close, 1), 20) + cs_rank(volume))
[reward_only] iter 38/50 [OK ] reward= -2.3833  rank(-1 * stddev(delta(close, 1), 20) + cs_rank(volume) - decay_linear(close, 20) + zscore(close, 20))
[reward_only] iter 39/50 [OK ] reward= -1.5530  rank(-1 * stddev(delta(close, 1), 20) + cs_rank(volume) - decay_linear(close, 20))
[reward_only] iter 40/50 [OK ] reward= -1.5530  rank(-1 * stddev(delta(close, 1), 20) + cs_rank(volume) - decay_linear(close, 20))
[reward_only] iter 41/50 [OK ] reward= -2.6041  rank(-1 * stddev(delta(close, 1), 20) + cs_rank(volume) - close)
[reward_only] iter 42/50 [OK ] reward= -1.6309  rank(-1 * stddev(delta(close, 1), 20) + cs_rank(volume) - decay_linear(close, 20) + ts_rank(vwap, 60))
[reward_only] iter 43/50 [OK ] reward= -1.5530  rank(-1 * stddev(delta(close, 1), 20) + cs_rank(volume) - decay_linear(close, 20))
[reward_only] iter 44/50 [OK ] reward= -1.5530  rank(-1 * stddev(delta(close, 1), 20) + cs_rank(volume) - decay_linear(close, 20))
[reward_only] iter 45/50 [OK ] reward=-13.1841  rank(-1 * stddev(delta(close, 1), 20) + cs_rank(volume))
[reward_only] iter 46/50 [OK ] reward= -1.7190  rank(-1 * stddev(delta(close, 1), 20) + cs_rank(volume) - decay_linear(close, 20) + ts_rank(close, 20))
[reward_only] iter 47/50 [OK ] reward= -1.5530  rank(-1 * stddev(delta(close, 1), 20) + cs_rank(volume) - decay_linear(close, 20))
[reward_only] iter 48/50 [OK ] reward= -1.5530  rank(-1 * stddev(delta(close, 1), 20) + cs_rank(volume) - decay_linear(close, 20))
[reward_only] iter 49/50 [OK ] reward= -1.5530  rank(-1 * stddev(delta(close, 1), 20) + cs_rank(volume) - decay_linear(close, 20))
[reward_only] iter 50/50 [OK ] reward= -2.6041  rank(-1 * stddev(delta(close, 1), 20) + cs_rank(volume) - close)
[wfo:reward_only] fold 14 winner: rank(-1 * stddev(delta(close, 1), 20) + cs_rank(volume) - decay_linear(close, 20))
[wfo:reward_only] fold 14 OOS: Gross_IR=0.097 Turnover=5.14 Net_IR=-0.017
[wfo:reward_only] fold 15: train 2016-01-01..2020-12-31 -> test 2021-01-01..2021-12-31
[reward_only] iter  0/50 [SEED] reward= -8.4855  rank(-1 * stddev(delta(close, 1), 20))
[reward_only] iter  1/50 [OK ] reward=-30.5338  rank(-1 * zscore(stddev(delta(close, 1), 20), 60))
[reward_only] iter  2/50 [OK ] reward=-13.5366  rank(-1 * decay_linear(zscore(stddev(delta(close, 1), 20), 60), 20))
[reward_only] iter  3/50 [ERR] reward=    -inf  rank(-1 * cs_rank((close - open) / open))
[reward_only] iter  4/50 [OK ] reward= -8.4855  cs_rank(-1 * stddev(delta(close, 1), 20))
[reward_only] iter  5/50 [OK ] reward=-42.0733  cs_rank(-1 * stddev(delta(close, 1), 20) * zscore(vwap, 20))
[reward_only] iter  6/50 [OK ] reward=-63.8082  cs_rank(-1 * stddev(delta(close, 1), 20) * zscore(vwap, 20) / (ts_rank(volume, 20) + 1e-5))
[reward_only] iter  7/50 [OK ] reward=-42.0733  rank(-1 * stddev(delta(close, 1), 20) * zscore(vwap, 20))
[reward_only] iter  8/50 [OK ] reward=-42.0733  cs_rank(-1 * stddev(delta(close, 1), 20) * zscore(vwap, 20))
[reward_only] iter  9/50 [OK ] reward=-39.6118  cs_rank(-1 * stddev(delta(close, 1), 20) * zscore(vwap, 20) * decay_linear(close, 20))
[reward_only] iter 10/50 [OK ] reward=-42.0733  rank(-1 * stddev(delta(close, 1), 20) * zscore(vwap, 20))
[reward_only] iter 11/50 [OK ] reward=-35.7800  rank(-1 * stddev(delta(close, 1), 20) * cs_rank(zscore(vwap, 20)))
[reward_only] iter 12/50 [OK ] reward=-42.0733  rank(-1 * stddev(delta(close, 1), 20) * zscore(vwap, 20))
[reward_only] iter 13/50 [OK ] reward=-15.7843  rank(-1 * stddev(delta(close, 1), 20) * decay_linear(zscore(vwap, 20), 20))
[reward_only] iter 14/50 [OK ] reward=-15.8639  rank(-1 * stddev(delta(close, 1), 20) * decay_linear(zscore(close, 20), 20))
[reward_only] iter 15/50 [OK ] reward=-26.8945  rank(-1 * stddev(delta(close, 1), 20) * decay_linear(zscore(close, 20), 20) * cs_rank(volume))
[reward_only] iter 16/50 [OK ] reward=-15.8639  rank(-1 * stddev(delta(close, 1), 20) * decay_linear(zscore(close, 20), 20))
[reward_only] iter 17/50 [OK ] reward=-40.7342  rank(-1 * stddev(delta(close, 1), 20) * cs_rank(zscore(close, 20)))
[reward_only] iter 18/50 [OK ] reward=-20.3434  rank(-1 * stddev(delta(close, 1), 20) * decay_linear(zscore(close, 20), 10))
[reward_only] iter 19/50 [OK ] reward=-20.3434  rank(-1 * stddev(delta(close, 1), 20) * decay_linear(zscore(close, 20), 10))
[reward_only] iter 20/50 [OK ] reward=-41.8505  rank(-1 * stddev(delta(close, 1), 20) * ts_rank(close, 20))
[reward_only] iter 21/50 [OK ] reward=-47.5342  rank(-1 * stddev(delta(close, 1), 20) * cs_rank(volume))
[reward_only] iter 22/50 [ERR] reward=    -inf  rank(-1 * stddev(delta(close, 1), 20) * cs_rank(volume)) + rank(-1 * vwap / close)
[reward_only] iter 23/50 [ERR] reward=    -inf  rank(-1 * stddev(delta(close, 1), 20) * cs_rank(volume)) + rank(-1 * (vwap + 1e-5) / close)
[reward_only] iter 24/50 [ERR] reward=    -inf  rank(-1 * stddev(delta(close, 1), 20) * cs_rank(volume)) + rank(-1 * (vwap + 1e-5) / close)
[reward_only] iter 25/50 [OK ] reward=-144.8755  rank(-1 * stddev(delta(close, 1), 20) * cs_rank(volume)) + rank(-1 * (vwap + 1e-5) / (close + 1e-5))
[reward_only] iter 26/50 [OK ] reward=-16.3096  rank(-1 * stddev(delta(close, 1), 20)) * cs_rank(volume)
[reward_only] iter 27/50 [OK ] reward=-14.9598  rank(-1 * stddev(delta(close, 1), 20)) * cs_rank(vwap)
[reward_only] iter 28/50 [OK ] reward=-71.2156  rank(-1 * ts_rank(close, 20))
[reward_only] iter 29/50 [OK ] reward= -2.9822  cs_rank(-1 * stddev(delta(close, 1), 20) + decay_linear(close, 10))
[reward_only] iter 30/50 [OK ] reward=-50.2593  cs_rank(-1 * ts_rank(close, 20) + cs_rank(volume / (volume + 1e-5)))
[reward_only] iter 31/50 [OK ] reward= -3.1633  cs_rank(-1 * stddev(delta(close, 1), 20) + decay_linear(close, 10) + cs_rank(volume / (volume + 1e-5)))
[reward_only] iter 32/50 [OK ] reward= -2.9822  cs_rank(-1 * stddev(delta(close, 1), 20) + decay_linear(close, 10))
[reward_only] iter 33/50 [ERR] reward=    -inf  cs_rank(close / (high + low + close) + decay_linear(close, 10))
[reward_only] iter 34/50 [OK ] reward= -3.2409  cs_rank(-1 * stddev(delta(close, 1), 20) + decay_linear(close, 10) + ts_rank(vwap, 20))
[reward_only] iter 35/50 [OK ] reward= -2.9822  cs_rank(-1 * stddev(delta(close, 1), 20) + decay_linear(close, 10))
[reward_only] iter 36/50 [ERR] reward=    -inf  cs_rank((close - open) / (high - low) + decay_linear(vwap, 20))
[reward_only] iter 37/50 [OK ] reward= -3.9069  cs_rank(-1 * stddev(delta(close, 1), 20) + decay_linear(close, 10) + cs_rank((close - open) / (high - low + 1e-5)))
[reward_only] iter 38/50 [OK ] reward= -2.9822  cs_rank(-1 * stddev(delta(close, 1), 20) + decay_linear(close, 10))
[reward_only] iter 39/50 [OK ] reward=-45.1216  cs_rank(close - sma(close, 20))
[reward_only] iter 40/50 [OK ] reward= -3.1633  cs_rank(-1 * stddev(delta(close, 1), 20) + decay_linear(close, 10) + cs_rank(volume / (volume + 1e-5)))
[reward_only] iter 41/50 [OK ] reward= -3.1633  cs_rank(-1 * stddev(delta(close, 1), 20) + decay_linear(close, 10) + cs_rank(volume / (volume + 1e-5)))
[reward_only] iter 42/50 [OK ] reward= -2.9822  cs_rank(-1 * stddev(delta(close, 1), 20) + decay_linear(close, 10))
[reward_only] iter 43/50 [ERR] reward=    -inf  cs_rank((high - low) / (high + low) + decay_linear(close, 20))
[reward_only] iter 44/50 [OK ] reward= -3.5291  cs_rank(-1 * stddev(delta(close, 1), 20) + decay_linear(close, 10) + cs_rank((high - low) / (high + low + 1e-5)))
[reward_only] iter 45/50 [OK ] reward= -2.9822  cs_rank(-1 * stddev(delta(close, 1), 20) + decay_linear(close, 10))
[reward_only] iter 46/50 [OK ] reward= -7.4325  cs_rank(-1 * ts_rank(close, 252) + decay_linear(volume, 10))
[reward_only] iter 47/50 [OK ] reward= -2.9718  cs_rank(-1 * stddev(delta(close, 1), 20) + decay_linear(vwap, 10))
[reward_only] iter 48/50 [OK ] reward= -7.4392  cs_rank(-1 * ts_rank(close, 20) + decay_linear(volume, 10))
[reward_only] iter 49/50 [OK ] reward= -3.2059  cs_rank(-1 * stddev(delta(close, 1), 20) + decay_linear(vwap, 10) + cs_rank(-1 * ts_rank(close, 20)))
[reward_only] iter 50/50 [OK ] reward= -2.9718  cs_rank(-1 * stddev(delta(close, 1), 20) + decay_linear(vwap, 10))
[wfo:reward_only] fold 15 winner: cs_rank(-1 * stddev(delta(close, 1), 20) + decay_linear(vwap, 10))
[wfo:reward_only] fold 15 OOS: Gross_IR=-0.744 Turnover=4.41 Net_IR=-0.898
[wfo:reward_only] fold 16: train 2017-01-01..2021-12-31 -> test 2022-01-01..2022-12-31
[reward_only] iter  0/50 [SEED] reward= -8.3683  rank(-1 * stddev(delta(close, 1), 20))
[reward_only] iter  1/50 [OK ] reward=-19.6188  cs_rank(-1 * stddev(delta(close, 1), 20) + ts_rank(vwap, 20))
[reward_only] iter  2/50 [OK ] reward=-17.6325  cs_rank(-1 * decay_linear(stddev(delta(close, 1), 20), 20) + ts_rank(vwap, 20))
[reward_only] iter  3/50 [OK ] reward=-17.6325  cs_rank(-1 * decay_linear(stddev(delta(close, 1), 20), 20) + ts_rank(vwap, 20))
[reward_only] iter  4/50 [OK ] reward=-20.3412  cs_rank(-1 * decay_linear(stddev(delta(close, 1), 20), 20) + ts_rank(zscore(vwap, 20), 20))
[reward_only] iter  5/50 [OK ] reward= -3.9376  cs_rank(-1 * decay_linear(stddev(delta(close, 1), 20), 20))
[reward_only] iter  6/50 [OK ] reward=-19.8092  cs_rank(-1 * decay_linear(ts_rank(stddev(delta(close, 1), 20), 20), 20))
[reward_only] iter  7/50 [OK ] reward=-42.9534  cs_rank(-1 * decay_linear(stddev(delta(close, 1), 20), 20) * cs_rank(volume))
[reward_only] iter  8/50 [OK ] reward=-77.6013  cs_rank(-1 * decay_linear(stddev(delta(close, 1), 20), 20) * ts_rank(volume, 60))
[reward_only] iter  9/50 [OK ] reward=-42.9534  cs_rank(-1 * decay_linear(stddev(delta(close, 1), 20), 20) * cs_rank(volume))
[reward_only] iter 10/50 [OK ] reward= -3.3250  cs_rank(-1 * decay_linear(stddev(delta(close, 1), 20), 20) * cs_rank(vwap))
[reward_only] iter 11/50 [OK ] reward=-34.9770  cs_rank(-1 * decay_linear(stddev(delta(close, 1), 20), 20) * cs_rank(vwap * volume))
[reward_only] iter 12/50 [OK ] reward= -3.3250  cs_rank(-1 * decay_linear(stddev(delta(close, 1), 20), 20) * cs_rank(vwap))
[reward_only] iter 13/50 [OK ] reward=-10.7269  cs_rank(-1 * decay_linear(stddev(delta(close, 1), 20), 20) * cs_rank(vwap / (volume + 1e-5)))
[reward_only] iter 14/50 [OK ] reward= -3.3250  cs_rank(-1 * decay_linear(stddev(delta(close, 1), 20), 20) * cs_rank(vwap))
[reward_only] iter 15/50 [OK ] reward=-29.0098  cs_rank(-1 * decay_linear(stddev(delta(close, 1), 20), 20) * cs_rank(vwap) * cs_rank(volume))
[reward_only] iter 16/50 [OK ] reward= -3.3250  cs_rank(-1 * decay_linear(stddev(delta(close, 1), 20), 20) * cs_rank(vwap))
[reward_only] iter 17/50 [OK ] reward=-29.0098  cs_rank(-1 * decay_linear(stddev(delta(close, 1), 20), 20) * cs_rank(vwap) * cs_rank(volume))
[reward_only] iter 18/50 [OK ] reward= -3.3250  cs_rank(-1 * decay_linear(stddev(delta(close, 1), 20), 20) * cs_rank(vwap))
[reward_only] iter 19/50 [OK ] reward=-55.4551  cs_rank(-1 * decay_linear(stddev(delta(close, 1), 20), 20) * cs_rank(vwap) * ts_rank(volume, 20))
[reward_only] iter 20/50 [OK ] reward= -3.3250  cs_rank(-1 * decay_linear(stddev(delta(close, 1), 20), 20) * cs_rank(vwap))
[reward_only] iter 21/50 [OK ] reward=-29.0098  cs_rank(-1 * decay_linear(stddev(delta(close, 1), 20), 20) * cs_rank(vwap) * cs_rank(volume))
[reward_only] iter 22/50 [OK ] reward= -3.3250  cs_rank(-1 * decay_linear(stddev(delta(close, 1), 20), 20) * cs_rank(vwap))
[reward_only] iter 23/50 [OK ] reward=-29.1100  cs_rank(-1 * decay_linear(stddev(delta(close, 1), 20), 20) * cs_rank(vwap) * cs_rank(volume / (volume + 1e-5)))
[reward_only] iter 24/50 [OK ] reward= -3.3250  cs_rank(-1 * decay_linear(stddev(delta(close, 1), 20), 20) * cs_rank(vwap))
[reward_only] iter 25/50 [ERR] reward=    -inf  cs_rank(-1 * decay_linear(stddev(delta(close, 1), 20), 20) * cs_rank(vwap / (high + low + close)))
[reward_only] iter 26/50 [OK ] reward= -3.5250  cs_rank(-1 * decay_linear(stddev(delta(close, 1), 20), 20) * cs_rank(vwap / (high + low + close + 1e-5)))
[reward_only] iter 27/50 [OK ] reward= -3.3250  cs_rank(-1 * decay_linear(stddev(delta(close, 1), 20), 20) * cs_rank(vwap))
[reward_only] iter 28/50 [OK ] reward= -3.4250  cs_rank(-1 * decay_linear(stddev(delta(close, 1), 20), 20) * cs_rank(vwap / (vwap + 1e-5)))
[reward_only] iter 29/50 [OK ] reward= -3.3250  cs_rank(-1 * decay_linear(stddev(delta(close, 1), 20), 20) * cs_rank(vwap))
[reward_only] iter 30/50 [OK ] reward=-29.0098  cs_rank(-1 * decay_linear(stddev(delta(close, 1), 20), 20) * cs_rank(volume) * cs_rank(vwap))
[reward_only] iter 31/50 [OK ] reward= -3.3250  cs_rank(-1 * decay_linear(stddev(delta(close, 1), 20), 20) * cs_rank(vwap))
[reward_only] iter 32/50 [OK ] reward=-29.0098  cs_rank(-1 * decay_linear(stddev(delta(close, 1), 20), 20) * cs_rank(vwap) * cs_rank(volume))
[reward_only] iter 33/50 [OK ] reward=-29.0098  cs_rank(-1 * decay_linear(stddev(delta(close, 1), 20), 20) * cs_rank(vwap) * cs_rank(volume))
[reward_only] iter 34/50 [OK ] reward= -3.3250  cs_rank(-1 * decay_linear(stddev(delta(close, 1), 20), 20) * cs_rank(vwap))
[reward_only] iter 35/50 [OK ] reward= -3.4250  cs_rank(-1 * decay_linear(stddev(delta(close, 1), 20), 20) * cs_rank(vwap / (vwap + 1e-5)))
[reward_only] iter 36/50 [OK ] reward= -3.3250  cs_rank(-1 * decay_linear(stddev(delta(close, 1), 20), 20) * cs_rank(vwap))
[reward_only] iter 37/50 [OK ] reward=-43.0530  cs_rank(-1 * decay_linear(stddev(delta(close, 1), 20), 20) * cs_rank(volume / (volume + 1e-5)))
[reward_only] iter 38/50 [OK ] reward= -3.3250  cs_rank(-1 * decay_linear(stddev(delta(close, 1), 20), 20) * cs_rank(vwap))
[reward_only] iter 39/50 [OK ] reward=-79.1131  cs_rank(-1 * decay_linear(stddev(delta(close, 1), 20), 20) * cs_rank(vwap / (high - low + 1e-5)))
[reward_only] iter 40/50 [OK ] reward=-29.0098  cs_rank(-1 * decay_linear(stddev(delta(close, 1), 20), 20) * cs_rank(vwap) * cs_rank(volume))
[reward_only] iter 41/50 [OK ] reward= -3.3250  cs_rank(-1 * decay_linear(stddev(delta(close, 1), 20), 20) * cs_rank(vwap))
[reward_only] iter 42/50 [OK ] reward=-29.0098  cs_rank(-1 * decay_linear(stddev(delta(close, 1), 20), 20) * cs_rank(vwap) * cs_rank(volume))
[reward_only] iter 43/50 [OK ] reward= -3.3250  cs_rank(-1 * decay_linear(stddev(delta(close, 1), 20), 20) * cs_rank(vwap))
[reward_only] iter 44/50 [OK ] reward=-116.7251  cs_rank(-1 * decay_linear(stddev(delta(close, 1), 20), 20) * cs_rank(vwap / (close + 1e-5)))
[reward_only] iter 45/50 [OK ] reward= -3.3250  cs_rank(-1 * decay_linear(stddev(delta(close, 1), 20), 20) * cs_rank(vwap))
[reward_only] iter 46/50 [OK ] reward= -3.4250  cs_rank(-1 * decay_linear(stddev(delta(close, 1), 20), 20) * cs_rank(vwap / (vwap + 1e-5)))
[reward_only] iter 47/50 [OK ] reward= -3.3250  cs_rank(-1 * decay_linear(stddev(delta(close, 1), 20), 20) * cs_rank(vwap))
[reward_only] iter 48/50 [OK ] reward=-10.7269  cs_rank(-1 * decay_linear(stddev(delta(close, 1), 20), 20) * cs_rank(vwap / (volume + 1e-5)))
[reward_only] iter 49/50 [OK ] reward= -3.3250  cs_rank(-1 * decay_linear(stddev(delta(close, 1), 20), 20) * cs_rank(vwap))
[reward_only] iter 50/50 [OK ] reward=-10.7269  cs_rank(-1 * decay_linear(stddev(delta(close, 1), 20), 20) * cs_rank(vwap / (volume + 1e-5)))
[wfo:reward_only] fold 16 winner: cs_rank(-1 * decay_linear(stddev(delta(close, 1), 20), 20) * cs_rank(vwap))
[wfo:reward_only] fold 16 OOS: Gross_IR=1.347 Turnover=7.05 Net_IR=1.071
[wfo:reward_only] fold 17: train 2018-01-01..2022-12-31 -> test 2023-01-01..2023-12-31
[reward_only] iter  0/50 [SEED] reward= -7.7484  rank(-1 * stddev(delta(close, 1), 20))
[reward_only] iter  1/50 [OK ] reward=-16.3919  cs_rank(-1 * (stddev(delta(close, 1), 20) + ts_rank(vwap, 20)))
[reward_only] iter  2/50 [OK ] reward= -5.3005  cs_rank(-1 * (stddev(delta(close, 1), 20) + ts_rank(vwap, 20) + decay_linear(volume, 20)))
[reward_only] iter  3/50 [OK ] reward=-16.3919  cs_rank(-1 * (stddev(delta(close, 1), 20) + ts_rank(vwap, 20)))
[reward_only] iter  4/50 [OK ] reward= -5.4005  cs_rank(-1 * (stddev(delta(close, 1), 20) + ts_rank(vwap, 20) + decay_linear(volume, 20) + zscore(close, 20)))
[reward_only] iter  5/50 [OK ] reward= -5.3005  cs_rank(-1 * (stddev(delta(close, 1), 20) + ts_rank(vwap, 20) + decay_linear(volume, 20)))
[reward_only] iter  6/50 [OK ] reward= -5.2508  cs_rank(-1 * (ts_rank(vwap, 20) + decay_linear(volume, 20)))
[reward_only] iter  7/50 [ERR] reward=    -inf  cs_rank(-1 * (ts_rank((close - open) / (high - low), 20) + decay_linear(volume, 20)))
[reward_only] iter  8/50 [OK ] reward= -5.3508  cs_rank(-1 * (ts_rank((close - open) / (high - low + 1e-5), 20) + decay_linear(volume, 20)))
[reward_only] iter  9/50 [OK ] reward= -4.6374  cs_rank(-1 * (ts_rank(vwap, 20) + sma(volume, 20)))
[reward_only] iter 10/50 [OK ] reward= -4.6374  cs_rank(-1 * (ts_rank(close, 20) + sma(volume, 20)))
[reward_only] iter 11/50 [OK ] reward=-102.5736  cs_rank(-1 * (ts_rank(close, 20) - ts_rank(volume, 20)))
[reward_only] iter 12/50 [OK ] reward=-125.8331  cs_rank(-1 * (ts_rank(close, 20) + zscore(volume, 20)))
[reward_only] iter 13/50 [OK ] reward= -4.6374  cs_rank(-1 * (ts_rank(close, 20) + sma(volume, 20) + zscore(vwap, 20)))
[reward_only] iter 14/50 [OK ] reward= -4.6873  cs_rank(-1 * (ts_rank(close, 20) + sma(volume, 20) + zscore(close - open, 20)))
[reward_only] iter 15/50 [OK ] reward= -4.6374  cs_rank(-1 * (ts_rank(close, 20) + sma(volume, 20)))
[reward_only] iter 16/50 [OK ] reward=-50.4454  cs_rank(-1 * (ts_rank(close, 20) + cs_rank(volume)))
[reward_only] iter 17/50 [OK ] reward= -4.6375  cs_rank(-1 * (ts_rank(close, 20) + sma(volume, 20) + stddev(close, 20)))
[reward_only] iter 18/50 [OK ] reward= -4.6874  cs_rank(-1 * (ts_rank(close, 20) + sma(volume, 20) + cs_rank(vwap - open)))
[reward_only] iter 19/50 [OK ] reward= -4.6374  cs_rank(-1 * (ts_rank(close, 20) + sma(volume, 20)))
[reward_only] iter 20/50 [OK ] reward=-106.6453  cs_rank(-1 * (ts_rank(close, 20) + ts_rank(volume, 20)))
[reward_only] iter 21/50 [ERR] reward=    -inf  cs_rank(-1 * (ts_rank(close, 20) + sma(volume, 20) / cs_rank(volume, 20)))
[reward_only] iter 22/50 [OK ] reward=-99.9279  cs_rank(-1 * (ts_rank(close, 20) + sma(volume, 20) / (volume + 1e-5)))
[reward_only] iter 23/50 [OK ] reward=-48.5159  cs_rank(-1 * (ts_rank(close, 20) + sma(volume, 20) / (volume + 1e-5) + zscore(stddev(close, 20), 20)))
[reward_only] iter 24/50 [OK ] reward=-99.9279  cs_rank(-1 * (ts_rank(close, 20) + sma(volume, 20) / (volume + 1e-5)))
[reward_only] iter 25/50 [OK ] reward=-78.0105  cs_rank(-1 * (ts_rank(close, 20) + sma(volume, 20) / (volume + 1e-5) + cs_rank(stddev(close, 20))))
[reward_only] iter 26/50 [OK ] reward= -4.6374  cs_rank(-1 * (ts_rank(close, 20) + sma(volume, 20)))
[reward_only] iter 27/50 [OK ] reward= -4.6374  cs_rank(-1 * (ts_rank(vwap, 20) + sma(volume, 20)))
[reward_only] iter 28/50 [OK ] reward=-15.6115  cs_rank(-1 * (ts_rank(close, 20) - sma(log(volume), 20)))
[reward_only] iter 29/50 [OK ] reward= -2.8027  cs_rank(-1 * (ts_rank(close, 20) - sma(vwap, 20)))
[reward_only] iter 30/50 [OK ] reward= -2.8261  cs_rank(-1 * (ts_rank(close, 20) - sma(vwap, 20) + cs_rank(volume)))
[reward_only] iter 31/50 [OK ] reward=-24.4731  cs_rank(-1 * (ts_rank(close, 20) - sma(vwap, 20) + decay_linear(close, 20)))
[reward_only] iter 32/50 [OK ] reward=-21.7429  cs_rank(-1 * (ts_rank(close, 20) - sma(vwap, 20) + decay_linear(close, 20) / (cs_rank(volume) + 1e-5)))
[reward_only] iter 33/50 [OK ] reward= -2.8027  cs_rank(-1 * (ts_rank(close, 20) - sma(vwap, 20)))
[reward_only] iter 34/50 [OK ] reward= -2.8261  cs_rank(-1 * (ts_rank(close, 20) - sma(vwap, 20) + cs_rank(volume)))
[reward_only] iter 35/50 [OK ] reward= -2.8761  cs_rank(-1 * (ts_rank(close, 20) - sma(vwap, 20) + cs_rank(volume - vwap)))
[reward_only] iter 36/50 [OK ] reward= -2.8027  cs_rank(-1 * (ts_rank(close, 20) - sma(vwap, 20)))
[reward_only] iter 37/50 [OK ] reward= -3.7217  cs_rank(-1 * (ts_rank(close, 20) - sma(volume, 20)))
[reward_only] iter 38/50 [ERR] reward=    -inf  cs_rank(-1 * (ts_rank(close, 20) - decay_linear(sma(vwap, 20), 20)))
[reward_only] iter 39/50 [OK ] reward=-34.2308  cs_rank(-1 * (ts_rank(close, 20) - sma(zscore(vwap, 20), 20)))
[reward_only] iter 40/50 [OK ] reward=-13.9769  cs_rank(-1 * (ts_rank(close, 20) - sma(high - low, 20)))
[reward_only] iter 41/50 [ERR] reward=    -inf  cs_rank(-1 * (ts_rank(close, 20) - sma(close / vwap, 20)))
[reward_only] iter 42/50 [ERR] reward=    -inf  cs_rank(-1 * (ts_rank(close, 20) - sma(vwap / close, 20)))
[reward_only] iter 43/50 [OK ] reward=-65.4136  cs_rank(-1 * (ts_rank(close, 20) - sma(vwap, 20) / (close + 1e-5)))
[reward_only] iter 44/50 [OK ] reward=-65.4136  cs_rank(-1 * (ts_rank(close, 20) - sma(vwap, 20) / (close + 1e-5)))
[reward_only] iter 45/50 [OK ] reward=-65.4136  cs_rank(-1 * (ts_rank(close, 20) - sma(vwap, 20) / (close + 1e-5)))
[reward_only] iter 46/50 [OK ] reward=-65.4136  cs_rank(-1 * (ts_rank(close, 20) - sma(vwap, 20) / (close + 1e-5)))
[reward_only] iter 47/50 [OK ] reward=-48.9434  cs_rank(-1 * (ts_rank(close, 20) - sma(vwap, 20) / (close + 1e-5)) + cs_rank(volume))
[reward_only] iter 48/50 [OK ] reward=-65.4136  cs_rank(-1 * (ts_rank(close, 20) - sma(vwap, 20) / (close + 1e-5)))
[reward_only] iter 49/50 [OK ] reward=-65.4136  cs_rank(-1 * (ts_rank(close, 20) - sma(vwap, 20) / (close + 1e-5)))
[reward_only] iter 50/50 [OK ] reward=-11.7501  cs_rank(-1 * (ts_rank(close, 20) - sma(vwap, 20) / (cs_rank(close) + 1e-5)))
[wfo:reward_only] fold 17 winner: cs_rank(-1 * (ts_rank(close, 20) - sma(vwap, 20)))
[wfo:reward_only] fold 17 OOS: Gross_IR=-1.126 Turnover=3.89 Net_IR=-1.285
[wfo:reward_only] fold 18: train 2019-01-01..2023-12-31 -> test 2024-01-01..2024-12-31
[reward_only] iter  0/50 [SEED] reward= -7.6095  rank(-1 * stddev(delta(close, 1), 20))
[reward_only] iter  1/50 [OK ] reward= -1.8162  rank(-1 * (stddev(delta(close, 1), 20) + decay_linear(close, 20)))
[reward_only] iter  2/50 [OK ] reward= -1.8691  rank(-1 * (stddev(delta(close, 1), 20) + decay_linear(close, 20) + cs_rank(vwap)))
[reward_only] iter  3/50 [OK ] reward= -1.8162  rank(-1 * (stddev(delta(close, 1), 20) + decay_linear(close, 20)))
[reward_only] iter  4/50 [OK ] reward= -1.8939  rank(-1 * (stddev(delta(close, 1), 20) + decay_linear(close, 20) + cs_rank(volume)))
[reward_only] iter  5/50 [OK ] reward= -1.8162  rank(-1 * (stddev(delta(close, 1), 20) + decay_linear(close, 20)))
[reward_only] iter  6/50 [OK ] reward= -1.8154  rank(-1 * (stddev(delta(close, 1), 20) + decay_linear(vwap, 20)))
[reward_only] iter  7/50 [OK ] reward= -2.8324  cs_rank(-1 * (stddev(delta(close, 1), 20) + decay_linear(vwap, 20) + zscore(volume, 20)))
[reward_only] iter  8/50 [OK ] reward= -1.8154  rank(-1 * (stddev(delta(close, 1), 20) + decay_linear(vwap, 20)))
[reward_only] iter  9/50 [OK ] reward= -2.0513  cs_rank(-1 * (stddev(delta(close, 1), 20) + decay_linear(vwap, 20) + ts_rank(volume, 20)))
[reward_only] iter 10/50 [OK ] reward= -1.8154  rank(-1 * (stddev(delta(close, 1), 20) + decay_linear(vwap, 20)))
[reward_only] iter 11/50 [OK ] reward= -2.0513  rank(-1 * (stddev(delta(close, 1), 20) + decay_linear(vwap, 20) + ts_rank(volume, 20)))
[reward_only] iter 12/50 [OK ] reward= -1.8154  rank(-1 * (stddev(delta(close, 1), 20) + decay_linear(vwap, 20)))
[reward_only] iter 13/50 [OK ] reward= -2.0220  rank(-1 * (stddev(delta(close, 1), 20) + decay_linear(vwap, 20) - ts_rank(volume, 20)))
[reward_only] iter 14/50 [OK ] reward= -1.8154  rank(-1 * (stddev(delta(close, 1), 20) + decay_linear(vwap, 20)))
[reward_only] iter 15/50 [OK ] reward= -2.8324  rank(-1 * (stddev(delta(close, 1), 20) + decay_linear(vwap, 20) + zscore(volume, 20)))
[reward_only] iter 16/50 [OK ] reward= -1.8154  rank(-1 * (stddev(delta(close, 1), 20) + decay_linear(vwap, 20)))
[reward_only] iter 17/50 [OK ] reward= -2.0513  rank(-1 * (stddev(delta(close, 1), 20) + decay_linear(vwap, 20) + ts_rank(volume, 20)))
[reward_only] iter 18/50 [OK ] reward= -1.8154  rank(-1 * (stddev(delta(close, 1), 20) + decay_linear(vwap, 20)))
[reward_only] iter 19/50 [OK ] reward= -8.2329  rank(-1 * (stddev(delta(close, 1), 20) + decay_linear(ts_rank(vwap, 20), 20)))
[reward_only] iter 20/50 [OK ] reward= -1.8934  rank(-1 * (stddev(delta(close, 1), 20) + decay_linear(vwap, 20) + cs_rank(volume)))
[reward_only] iter 21/50 [OK ] reward= -1.8154  rank(-1 * (stddev(delta(close, 1), 20) + decay_linear(vwap, 20)))
[reward_only] iter 22/50 [OK ] reward= -2.8324  rank(-1 * (stddev(delta(close, 1), 20) + decay_linear(vwap, 20) + zscore(volume, 20)))
[reward_only] iter 23/50 [OK ] reward= -1.8154  rank(-1 * (stddev(delta(close, 1), 20) + decay_linear(vwap, 20)))
[reward_only] iter 24/50 [OK ] reward= -2.0513  rank(-1 * (stddev(delta(close, 1), 20) + decay_linear(vwap, 20) + ts_rank(volume, 20)))
[reward_only] iter 25/50 [OK ] reward= -1.8154  rank(-1 * (stddev(delta(close, 1), 20) + decay_linear(vwap, 20)))
[reward_only] iter 26/50 [OK ] reward= -1.8934  rank(-1 * (stddev(delta(close, 1), 20) + decay_linear(vwap, 20) + cs_rank(volume)))
[reward_only] iter 27/50 [OK ] reward= -1.8154  rank(-1 * (stddev(delta(close, 1), 20) + decay_linear(vwap, 20)))
[reward_only] iter 28/50 [OK ] reward= -1.8154  cs_rank(-1 * (stddev(delta(close, 1), 20) + decay_linear(vwap, 20)))
[reward_only] iter 29/50 [OK ] reward=-139.0511  cs_rank(-1 * (stddev(delta(close, 1), 20) + decay_linear(vwap, 20) / (zscore(volume, 20) + 1e-5)))
[reward_only] iter 30/50 [OK ] reward= -1.8154  rank(-1 * (stddev(delta(close, 1), 20) + decay_linear(vwap, 20)))
[reward_only] iter 31/50 [OK ] reward= -2.0513  rank(-1 * (stddev(delta(close, 1), 20) + decay_linear(vwap, 20) + ts_rank(volume, 20)))
[reward_only] iter 32/50 [OK ] reward= -1.8154  rank(-1 * (stddev(delta(close, 1), 20) + decay_linear(vwap, 20)))
[reward_only] iter 33/50 [OK ] reward=-10.4656  rank(-1 * (stddev(delta(close, 1), 20) + decay_linear(zscore(vwap, 20), 20)))
[reward_only] iter 34/50 [OK ] reward= -3.3574  rank(-1 * (stddev(delta(close, 1), 20) + decay_linear(vwap, 20) - sma(volume, 20)))
[reward_only] iter 35/50 [OK ] reward= -1.8154  rank(-1 * (stddev(delta(close, 1), 20) + decay_linear(vwap, 20)))
[reward_only] iter 36/50 [OK ] reward= -2.0513  rank(-1 * (stddev(delta(close, 1), 20) + decay_linear(vwap, 20) + ts_rank(volume, 20)))
[reward_only] iter 37/50 [OK ] reward= -1.8154  rank(-1 * (stddev(delta(close, 1), 20) + decay_linear(vwap, 20)))
[reward_only] iter 38/50 [OK ] reward= -1.8934  rank(-1 * (stddev(delta(close, 1), 20) + decay_linear(vwap, 20) + cs_rank(volume)))
[reward_only] iter 39/50 [OK ] reward= -1.8154  rank(-1 * (stddev(delta(close, 1), 20) + decay_linear(vwap, 20)))
[reward_only] iter 40/50 [OK ] reward= -1.8934  rank(-1 * (stddev(delta(close, 1), 20) + decay_linear(vwap, 20) + cs_rank(volume)))
[reward_only] iter 41/50 [OK ] reward= -1.8154  rank(-1 * (stddev(delta(close, 1), 20) + decay_linear(vwap, 20)))
[reward_only] iter 42/50 [OK ] reward= -2.8324  rank(-1 * (stddev(delta(close, 1), 20) + decay_linear(vwap, 20) + zscore(volume, 20)))
[reward_only] iter 43/50 [OK ] reward= -1.8154  rank(-1 * (stddev(delta(close, 1), 20) + decay_linear(vwap, 20)))
[reward_only] iter 44/50 [OK ] reward= -1.9803  rank(-1 * (stddev(delta(close, 1), 20) + decay_linear(vwap, 20) + ts_rank(close, 20)))
[reward_only] iter 45/50 [OK ] reward= -1.8154  rank(-1 * (stddev(delta(close, 1), 20) + decay_linear(vwap, 20)))
[reward_only] iter 46/50 [OK ] reward=-11.9852  rank(-1 * (stddev(delta(close, 1), 20) + decay_linear(zscore(volume, 20), 20)))
[reward_only] iter 47/50 [OK ] reward= -6.4425  rank(-1 * (stddev(delta(close, 1), 20) + decay_linear(cs_rank(vwap), 20)))
[reward_only] iter 48/50 [OK ] reward=-10.4656  rank(-1 * (stddev(delta(close, 1), 20) + decay_linear(zscore(vwap, 20), 20)))
[reward_only] iter 49/50 [OK ] reward= -6.4425  rank(-1 * (stddev(delta(close, 1), 20) + decay_linear(cs_rank(vwap), 20)))
[reward_only] iter 50/50 [OK ] reward=-41.2271  rank(-1 * (stddev(delta(close, 1), 20) + decay_linear(vwap, 20) * cs_rank(volume)))
[wfo:reward_only] fold 18 winner: rank(-1 * (stddev(delta(close, 1), 20) + decay_linear(vwap, 20)))
[wfo:reward_only] fold 18 OOS: Gross_IR=0.605 Turnover=4.08 Net_IR=0.392
[wfo:reward_only] fold 19: train 2020-01-01..2024-12-31 -> test 2025-01-01..2025-12-31
[reward_only] iter  0/50 [SEED] reward= -7.5961  rank(-1 * stddev(delta(close, 1), 20))
[reward_only] iter  1/50 [OK ] reward= -3.5349  cs_rank(-1 * decay_linear(stddev(delta(close, 1), 20), 20))
[reward_only] iter  2/50 [OK ] reward=-19.4329  cs_rank(-1 * decay_linear(ts_rank(stddev(delta(close, 1), 20), 20), 20))
[reward_only] iter  3/50 [OK ] reward= -4.3806  cs_rank(-1 * decay_linear(stddev(delta(close, 1), 20) + ts_rank(volume, 20), 20))
[reward_only] iter  4/50 [OK ] reward= -4.4600  cs_rank(-1 * decay_linear(stddev(delta(close, 1), 20) + ts_rank(vwap, 20), 20))
[reward_only] iter  5/50 [OK ] reward= -2.6543  cs_rank(-1 * decay_linear(stddev(delta(close, 1), 20) * cs_rank(vwap), 20))
[reward_only] iter  6/50 [OK ] reward=-27.3319  cs_rank(-1 * decay_linear(stddev(delta(close, 1), 20) * cs_rank(vwap), 20) + zscore(vwap, 20))
[reward_only] iter  7/50 [OK ] reward= -2.6543  cs_rank(-1 * decay_linear(stddev(delta(close, 1), 20) * cs_rank(vwap), 20))
[reward_only] iter  8/50 [OK ] reward=-15.7623  cs_rank(-1 * decay_linear(stddev(delta(close, 1), 20) * cs_rank(vwap), 20) + ts_rank(open, 20))
[reward_only] iter  9/50 [OK ] reward= -2.6543  cs_rank(-1 * decay_linear(stddev(delta(close, 1), 20) * cs_rank(vwap), 20))
[reward_only] iter 10/50 [OK ] reward= -2.3840  cs_rank(-1 * decay_linear(stddev(delta(close, 1), 20) * cs_rank(vwap), 30))
[reward_only] iter 11/50 [OK ] reward=-42.5468  cs_rank(-1 * decay_linear(stddev(delta(close, 1), 20) * cs_rank(vwap), 30)) + cs_rank(vwap / (volume + 1e-5))
[reward_only] iter 12/50 [OK ] reward= -2.3840  cs_rank(-1 * decay_linear(stddev(delta(close, 1), 20) * cs_rank(vwap), 30))
[reward_only] iter 13/50 [OK ] reward= -2.2400  cs_rank(-1 * decay_linear(stddev(delta(close, 1), 20) * cs_rank(vwap / (volume + 1e-5)), 30))
[reward_only] iter 14/50 [OK ] reward= -2.6124  cs_rank(-1 * decay_linear(stddev(delta(close, 1), 20) * cs_rank(vwap / (volume + 1e-5)), 20))
[reward_only] iter 15/50 [OK ] reward= -2.4051  cs_rank(-1 * decay_linear(stddev(delta(close, 1), 20) * cs_rank(vwap / (volume + 1e-5)), 25))
[reward_only] iter 16/50 [OK ] reward= -2.2400  cs_rank(-1 * decay_linear(stddev(delta(close, 1), 20) * cs_rank(vwap / (volume + 1e-5)), 30))
[reward_only] iter 17/50 [OK ] reward= -2.2400  cs_rank(-1 * decay_linear(stddev(delta(close, 1), 20) * cs_rank(vwap / (volume + 1e-5)), 30))
[reward_only] iter 18/50 [OK ] reward= -2.2400  cs_rank(-1 * decay_linear(stddev(delta(close, 1), 20) * cs_rank(vwap / (volume + 1e-5)), 30))
[reward_only] iter 19/50 [OK ] reward= -2.4051  cs_rank(-1 * decay_linear(stddev(delta(close, 1), 20) * cs_rank(vwap / (volume + 1e-5)), 25))
[reward_only] iter 20/50 [OK ] reward= -2.6124  cs_rank(-1 * decay_linear(stddev(delta(close, 1), 20) * cs_rank(vwap / (volume + 1e-5)), 20))
[reward_only] iter 21/50 [OK ] reward= -2.2400  cs_rank(-1 * decay_linear(stddev(delta(close, 1), 20) * cs_rank(vwap / (volume + 1e-5)), 30))
[reward_only] iter 22/50 [OK ] reward= -2.2400  cs_rank(-1 * decay_linear(stddev(delta(close, 1), 20) * cs_rank(vwap / (volume + 1e-5)), 30))
[reward_only] iter 23/50 [OK ] reward= -2.2400  cs_rank(-1 * decay_linear(stddev(delta(close, 1), 20) * cs_rank(vwap / (volume + 1e-5)), 30))
[reward_only] iter 24/50 [OK ] reward= -2.2400  cs_rank(-1 * decay_linear(stddev(delta(close, 1), 20) * cs_rank(vwap / (volume + 1e-5)), 30))
[reward_only] iter 25/50 [OK ] reward= -2.6124  cs_rank(-1 * decay_linear(stddev(delta(close, 1), 20) * cs_rank(vwap / (volume + 1e-5)), 20))
[reward_only] iter 26/50 [OK ] reward= -2.4051  cs_rank(-1 * decay_linear(stddev(delta(close, 1), 20) * cs_rank(vwap / (volume + 1e-5)), 25))
[reward_only] iter 27/50 [OK ] reward= -2.4051  cs_rank(-1 * decay_linear(stddev(delta(close, 1), 20) * cs_rank(vwap / (volume + 1e-5)), 25))
[reward_only] iter 28/50 [OK ] reward= -2.2400  cs_rank(-1 * decay_linear(stddev(delta(close, 1), 20) * cs_rank(vwap / (volume + 1e-5)), 30))
[reward_only] iter 29/50 [OK ] reward= -2.4051  cs_rank(-1 * decay_linear(stddev(delta(close, 1), 20) * cs_rank(vwap / (volume + 1e-5)), 25))
[reward_only] iter 30/50 [OK ] reward= -2.4051  cs_rank(-1 * decay_linear(stddev(delta(close, 1), 20) * cs_rank(vwap / (volume + 1e-5)), 25))
[reward_only] iter 31/50 [OK ] reward= -2.6124  cs_rank(-1 * decay_linear(stddev(delta(close, 1), 20) * cs_rank(vwap / (volume + 1e-5)), 20))
[reward_only] iter 32/50 [OK ] reward= -2.4051  cs_rank(-1 * decay_linear(stddev(delta(close, 1), 20) * cs_rank(vwap / (volume + 1e-5)), 25))
[reward_only] iter 33/50 [OK ] reward= -2.4051  cs_rank(-1 * decay_linear(stddev(delta(close, 1), 20) * cs_rank(vwap / (volume + 1e-5)), 25))
[reward_only] iter 34/50 [OK ] reward= -2.6124  cs_rank(-1 * decay_linear(stddev(delta(close, 1), 20) * cs_rank(vwap / (volume + 1e-5)), 20))
[reward_only] iter 35/50 [OK ] reward= -2.6124  cs_rank(-1 * decay_linear(stddev(delta(close, 1), 20) * cs_rank(vwap / (volume + 1e-5)), 20))
[reward_only] iter 36/50 [OK ] reward= -2.2400  cs_rank(-1 * decay_linear(stddev(delta(close, 1), 20) * cs_rank(vwap / (volume + 1e-5)), 30))
[reward_only] iter 37/50 [OK ] reward= -2.6124  cs_rank(-1 * decay_linear(stddev(delta(close, 1), 20) * cs_rank(vwap / (volume + 1e-5)), 20))
[reward_only] iter 38/50 [OK ] reward= -2.4051  cs_rank(-1 * decay_linear(stddev(delta(close, 1), 20) * cs_rank(vwap / (volume + 1e-5)), 25))
[reward_only] iter 39/50 [OK ] reward= -2.6124  cs_rank(-1 * decay_linear(stddev(delta(close, 1), 20) * cs_rank(vwap / (volume + 1e-5)), 20))
[reward_only] iter 40/50 [OK ] reward= -2.4051  cs_rank(-1 * decay_linear(stddev(delta(close, 1), 20) * cs_rank(vwap / (volume + 1e-5)), 25))
[reward_only] iter 41/50 [OK ] reward= -2.4051  cs_rank(-1 * decay_linear(stddev(delta(close, 1), 20) * cs_rank(vwap / (volume + 1e-5)), 25))
[reward_only] iter 42/50 [OK ] reward= -2.4051  cs_rank(-1 * decay_linear(stddev(delta(close, 1), 20) * cs_rank(vwap / (volume + 1e-5)), 25))
[reward_only] iter 43/50 [OK ] reward= -2.4051  cs_rank(-1 * decay_linear(stddev(delta(close, 1), 20) * cs_rank(vwap / (volume + 1e-5)), 25))
[reward_only] iter 44/50 [OK ] reward= -2.4051  cs_rank(-1 * decay_linear(stddev(delta(close, 1), 20) * cs_rank(vwap / (volume + 1e-5)), 25))
[reward_only] iter 45/50 [OK ] reward= -2.6124  cs_rank(-1 * decay_linear(stddev(delta(close, 1), 20) * cs_rank(vwap / (volume + 1e-5)), 20))
[reward_only] iter 46/50 [OK ] reward= -2.4051  cs_rank(-1 * decay_linear(stddev(delta(close, 1), 20) * cs_rank(vwap / (volume + 1e-5)), 25))
[reward_only] iter 47/50 [OK ] reward= -2.4051  cs_rank(-1 * decay_linear(stddev(delta(close, 1), 20) * cs_rank(vwap / (volume + 1e-5)), 25))
[reward_only] iter 48/50 [OK ] reward= -2.6124  cs_rank(-1 * decay_linear(stddev(delta(close, 1), 20) * cs_rank(vwap / (volume + 1e-5)), 20))
[reward_only] iter 49/50 [OK ] reward= -2.4051  cs_rank(-1 * decay_linear(stddev(delta(close, 1), 20) * cs_rank(vwap / (volume + 1e-5)), 25))
[reward_only] iter 50/50 [OK ] reward= -2.2400  cs_rank(-1 * decay_linear(stddev(delta(close, 1), 20) * cs_rank(vwap / (volume + 1e-5)), 30))
[wfo:reward_only] fold 19 winner: cs_rank(-1 * decay_linear(stddev(delta(close, 1), 20) * cs_rank(vwap / (volume + 1e-5)), 30))
[wfo:reward_only] fold 19 OOS: Gross_IR=1.861 Turnover=5.70 Net_IR=1.535
[wfo:reward_only] fold 20: train 2021-01-01..2025-12-31 -> test 2026-01-01..2026-08-13
[reward_only] iter  0/50 [SEED] reward= -7.5551  rank(-1 * stddev(delta(close, 1), 20))
[reward_only] iter  1/50 [OK ] reward=-12.5332  rank(-1 * (stddev(delta(close, 1), 20) + cs_rank(volume)))
[reward_only] iter  2/50 [OK ] reward=-51.2531  rank(-1 * (stddev(delta(close, 1), 20) + zscore(volume, 20)))
[reward_only] iter  3/50 [OK ] reward=-45.6572  rank(-1 * (stddev(delta(close, 1), 20) + zscore(volume, 20) + cs_rank(vwap)))
[reward_only] iter  4/50 [OK ] reward=-51.2531  rank(-1 * (stddev(delta(close, 1), 20) + zscore(volume, 20)))
[reward_only] iter  5/50 [OK ] reward=-29.1412  rank(-1 * (stddev(delta(close, 1), 20) + zscore(volume, 20) * cs_rank(high - low)))
[reward_only] iter  6/50 [OK ] reward=-48.3454  rank(-1 * stddev(delta(close, 1), 20) + zscore(volume, 20))
[reward_only] iter  7/50 [OK ] reward= -9.1794  rank(-1 * stddev(delta(close, 1), 20) + decay_linear(zscore(volume, 20), 20))
[reward_only] iter  8/50 [OK ] reward= -9.1794  rank(-1 * stddev(delta(close, 1), 20) + decay_linear(zscore(volume, 20), 20))
[reward_only] iter  9/50 [OK ] reward=-21.7626  rank(-1 * stddev(delta(close, 1), 20) + ts_rank(zscore(volume, 20), 20))
[reward_only] iter 10/50 [OK ] reward= -7.8235  rank(-1 * stddev(delta(close, 1), 20) + decay_linear(ts_rank(zscore(volume, 20), 20), 20))
[reward_only] iter 11/50 [OK ] reward= -9.1794  rank(-1 * stddev(delta(close, 1), 20) + decay_linear(zscore(volume, 20), 20))
[reward_only] iter 12/50 [OK ] reward= -9.1794  rank(-1 * stddev(delta(close, 1), 20) + decay_linear(zscore(volume, 20), 20))
[reward_only] iter 13/50 [OK ] reward= -7.6636  rank(-1 * stddev(delta(close, 1), 20) + decay_linear(ts_rank(volume, 20), 20))
[reward_only] iter 14/50 [OK ] reward=-25.1443  rank(-1 * stddev(delta(close, 1), 20) + decay_linear(ts_rank(volume, 20), 20) + cs_rank(vwap - close))
[reward_only] iter 15/50 [OK ] reward=-25.1140  rank(-1 * stddev(delta(close, 1), 20) + cs_rank(vwap - close))
[reward_only] iter 16/50 [OK ] reward=-31.4583  rank(-1 * stddev(delta(close, 1), 20) + cs_rank(vwap - close) + ts_rank(volume, 20))
[reward_only] iter 17/50 [OK ] reward=-25.1140  rank(-1 * stddev(delta(close, 1), 20) + cs_rank(vwap - close))
[reward_only] iter 18/50 [OK ] reward=-86.3506  rank(-1 * stddev(delta(close, 1), 20) + cs_rank(vwap - close) / cs_rank(volume))
[reward_only] iter 19/50 [OK ] reward=-25.1140  rank(-1 * stddev(delta(close, 1), 20) + cs_rank(vwap - close))
[reward_only] iter 20/50 [OK ] reward=-86.3999  rank(-1 * stddev(delta(close, 1), 20) + cs_rank(vwap - close) / (cs_rank(volume) + 1e-5))
[reward_only] iter 21/50 [OK ] reward=-25.1140  rank(-1 * stddev(delta(close, 1), 20) + cs_rank(vwap - close))
[reward_only] iter 22/50 [OK ] reward=-86.3999  rank(-1 * stddev(delta(close, 1), 20) + cs_rank(vwap - close) / (cs_rank(volume) + 1e-5))
[reward_only] iter 23/50 [OK ] reward=-25.1140  rank(-1 * stddev(delta(close, 1), 20) + cs_rank(vwap - close))
[reward_only] iter 24/50 [OK ] reward=-25.1140  rank(-1 * stddev(delta(close, 1), 20) + cs_rank(vwap - close))
[reward_only] iter 25/50 [OK ] reward= -8.5639  rank(-1 * stddev(delta(close, 1), 20) + decay_linear(cs_rank(vwap - close), 10))
[reward_only] iter 26/50 [OK ] reward=-25.1140  rank(-1 * stddev(delta(close, 1), 20) + cs_rank(vwap - close))
[reward_only] iter 27/50 [OK ] reward= -7.8788  rank(-1 * stddev(delta(close, 1), 20) + decay_linear(cs_rank(vwap - close), 20))
[reward_only] iter 28/50 [OK ] reward= -8.2168  rank(-1 * stddev(delta(close, 1), 20) + decay_linear(vwap - close, 20))
[reward_only] iter 29/50 [OK ] reward=-25.1140  rank(-1 * stddev(delta(close, 1), 20) + cs_rank(vwap - close))
[reward_only] iter 30/50 [OK ] reward=-31.6159  rank(-1 * stddev(delta(close, 1), 20) + cs_rank(vwap - close) + ts_rank(zscore(volume, 20), 20))
[reward_only] iter 31/50 [OK ] reward=-25.1140  rank(-1 * stddev(delta(close, 1), 20) + cs_rank(vwap - close))
[reward_only] iter 32/50 [OK ] reward= -7.1362  rank(-1 * stddev(delta(close, 1), 20) + cs_rank(volume / (vwap + 1e-5)))
[reward_only] iter 33/50 [OK ] reward= -7.1362  rank(-1 * stddev(delta(close, 1), 20) + cs_rank(volume / (vwap + 1e-5)))
[reward_only] iter 34/50 [OK ] reward= -7.1362  rank(-1 * stddev(delta(close, 1), 20) + cs_rank(volume / (vwap + 1e-5)))
[reward_only] iter 35/50 [OK ] reward= -7.1362  rank(-1 * stddev(delta(close, 1), 20) + cs_rank(volume / (vwap + 1e-5)))
[reward_only] iter 36/50 [OK ] reward= -7.1362  rank(-1 * stddev(delta(close, 1), 20) + cs_rank(volume / (vwap + 1e-5)))
[reward_only] iter 37/50 [OK ] reward= -7.1362  rank(-1 * stddev(delta(close, 1), 20) + cs_rank(volume / (vwap + 1e-5)))
[reward_only] iter 38/50 [OK ] reward= -7.1362  rank(-1 * stddev(delta(close, 1), 20) + cs_rank(volume / (vwap + 1e-5)))
[reward_only] iter 39/50 [OK ] reward= -7.1362  rank(-1 * stddev(delta(close, 1), 20) + cs_rank(volume / (vwap + 1e-5)))
[reward_only] iter 40/50 [OK ] reward= -7.1362  rank(-1 * stddev(delta(close, 1), 20) + cs_rank(volume / (vwap + 1e-5)))
[reward_only] iter 41/50 [OK ] reward=-17.3526  cs_rank(-1 * stddev(delta(close, 1), 20) + volume / (vwap + 1e-5))
[reward_only] iter 42/50 [OK ] reward=-12.8708  rank(-1 * stddev(delta(close, 1), 20) + cs_rank(volume / (vwap + 1e-5)) + ts_rank(zscore(close, 20), 20))
[reward_only] iter 43/50 [OK ] reward= -7.1362  rank(-1 * stddev(delta(close, 1), 20) + cs_rank(volume / (vwap + 1e-5)))
[reward_only] iter 44/50 [OK ] reward= -7.1362  rank(-1 * stddev(delta(close, 1), 20) + cs_rank(volume / (vwap + 1e-5)))
[reward_only] iter 45/50 [OK ] reward= -7.1362  rank(-1 * stddev(delta(close, 1), 20) + cs_rank(volume / (vwap + 1e-5)))
[reward_only] iter 46/50 [OK ] reward= -7.1362  rank(-1 * stddev(delta(close, 1), 20) + cs_rank(volume / (vwap + 1e-5)))
[reward_only] iter 47/50 [OK ] reward= -7.1362  rank(-1 * stddev(delta(close, 1), 20) + cs_rank(volume / (vwap + 1e-5)))
[reward_only] iter 48/50 [OK ] reward=-17.3526  rank(-1 * stddev(delta(close, 1), 20) + volume / (vwap + 1e-5))
[reward_only] iter 49/50 [OK ] reward=-28.2166  rank(-1 * stddev(delta(close, 1), 20) + cs_rank(volume / (vwap + 1e-5))) + rank(-1 * cs_rank(high - low))
[reward_only] iter 50/50 [OK ] reward= -7.1362  rank(-1 * stddev(delta(close, 1), 20) + cs_rank(volume / (vwap + 1e-5)))
[wfo:reward_only] fold 20 winner: rank(-1 * stddev(delta(close, 1), 20) + cs_rank(volume / (vwap + 1e-5)))
[wfo:reward_only] fold 20 OOS: Gross_IR=-0.746 Turnover=15.65 Net_IR=-1.094
[run_full_grid] checkpointed grid_summary.csv (2 rows)

==============================================================================
ALPHA=volatility (rank(-1 * stddev(delta(close, 1), 20)))  LLM_SEED=3003
==============================================================================
[LocalQwenClient] seed=3003 main_gpu=0
[wfo:reward_only] fold 0: train 2001-01-01..2005-12-31 -> test 2006-01-01..2006-12-31
[reward_only] iter  0/50 [SEED] reward= -9.2254  rank(-1 * stddev(delta(close, 1), 20))
[reward_only] iter  1/50 [OK ] reward=-10.5447  rank(-1 * (stddev(delta(close, 1), 20) + decay_linear(vwap - close, 20)))
[reward_only] iter  2/50 [OK ] reward=-84.4498  rank(-1 * (stddev(delta(close, 1), 20) + decay_linear(vwap - close, 20) + ts_rank(volume, 20)))
[reward_only] iter  3/50 [OK ] reward=-10.5447  rank(-1 * (stddev(delta(close, 1), 20) + decay_linear(vwap - close, 20)))
[reward_only] iter  4/50 [OK ] reward=-27.2715  rank(-1 * (stddev(delta(close, 1), 20) + decay_linear(zscore(vwap - close, 20), 20)))
[reward_only] iter  5/50 [OK ] reward=-157.4877  rank(-1 * (stddev(delta(close, 1), 20) + zscore(vwap - close, 20)))
[reward_only] iter  6/50 [OK ] reward=-46.6463  rank(-1 * (close - sma(close, 20)))
[reward_only] iter  7/50 [OK ] reward=-38.4327  rank(-1 * (decay_linear(stddev(delta(close, 1), 20), 10) + vwap - sma(vwap, 20)))
[reward_only] iter  8/50 [OK ] reward= -3.1347  rank(-1 * (decay_linear(stddev(delta(close, 1), 20), 10) + vwap))
[reward_only] iter  9/50 [OK ] reward=-39.5303  rank(-1 * (decay_linear(stddev(delta(close, 1), 20), 10) + cs_rank(volume)))
[reward_only] iter 10/50 [OK ] reward= -3.3163  rank(-1 * (decay_linear(stddev(delta(close, 1), 20), 10) + vwap - cs_rank(volume)))
[reward_only] iter 11/50 [OK ] reward=-46.9432  rank(-1 * (decay_linear(stddev(delta(close, 1), 20), 10) + vwap - volume))
[reward_only] iter 12/50 [OK ] reward=-46.9432  rank(-1 * (decay_linear(stddev(delta(close, 1), 20), 10) + vwap - volume))
[reward_only] iter 13/50 [OK ] reward= -3.2347  rank(-1 * (decay_linear(stddev(delta(close, 1), 20), 10) + vwap - volume / (volume + 1e-5)))
[reward_only] iter 14/50 [OK ] reward= -3.1347  rank(-1 * (decay_linear(stddev(delta(close, 1), 20), 10) + vwap))
[reward_only] iter 15/50 [OK ] reward= -3.4177  rank(-1 * (decay_linear(stddev(delta(close, 1), 20), 10) + cs_rank(vwap)))
[reward_only] iter 16/50 [OK ] reward=-39.5303  rank(-1 * (decay_linear(stddev(delta(close, 1), 20), 10) + cs_rank(volume)))
[reward_only] iter 17/50 [OK ] reward= -3.4177  rank(-1 * (decay_linear(stddev(delta(close, 1), 20), 10) + cs_rank(vwap)))
[reward_only] iter 18/50 [OK ] reward= -2.9122  rank(-1 * (decay_linear(stddev(delta(close, 1), 20), 10) + decay_linear(cs_rank(vwap), 10)))
[reward_only] iter 19/50 [OK ] reward= -3.4177  rank(-1 * (decay_linear(stddev(delta(close, 1), 20), 10) + cs_rank(vwap)))
[reward_only] iter 20/50 [OK ] reward=-22.0973  rank(-1 * (decay_linear(stddev(delta(close, 1), 20), 10) + decay_linear(cs_rank(vwap), 10) + decay_linear(zscore(volume, 60), 10)))
[reward_only] iter 21/50 [OK ] reward= -2.9122  rank(-1 * (decay_linear(stddev(delta(close, 1), 20), 10) + decay_linear(cs_rank(vwap), 10)))
[reward_only] iter 22/50 [OK ] reward= -3.4177  rank(-1 * (decay_linear(stddev(delta(close, 1), 20), 10) + cs_rank(vwap)))
[reward_only] iter 23/50 [OK ] reward=-13.3152  rank(-1 * (decay_linear(stddev(delta(close, 1), 20), 10) + decay_linear(ts_rank(vwap, 20), 10)))
[reward_only] iter 24/50 [OK ] reward= -3.4177  rank(-1 * (decay_linear(stddev(delta(close, 1), 20), 10) + cs_rank(vwap)))
[reward_only] iter 25/50 [OK ] reward= -6.6684  rank(-1 * (decay_linear(stddev(delta(close, 1), 20), 10) + decay_linear(cs_rank(vwap), 10) + decay_linear(cs_rank(volume), 10)))
[reward_only] iter 26/50 [OK ] reward= -2.9122  rank(-1 * (decay_linear(stddev(delta(close, 1), 20), 10) + decay_linear(cs_rank(vwap), 10)))
[reward_only] iter 27/50 [OK ] reward= -3.4177  rank(-1 * (decay_linear(stddev(delta(close, 1), 20), 10) + cs_rank(vwap)))
[reward_only] iter 28/50 [OK ] reward=-11.1275  rank(-1 * (decay_linear(stddev(delta(close, 1), 20), 10) + cs_rank(vwap) + decay_linear(ts_rank(volume, 20), 10)))
[reward_only] iter 29/50 [OK ] reward= -3.4177  rank(-1 * (decay_linear(stddev(delta(close, 1), 20), 10) + cs_rank(vwap)))
[reward_only] iter 30/50 [OK ] reward=-66.1723  rank(-1 * (decay_linear(stddev(delta(close, 1), 20), 10) + decay_linear(cs_rank(vwap), 10) + ts_rank(open - close, 20)))
[reward_only] iter 31/50 [OK ] reward= -2.9122  rank(-1 * (decay_linear(stddev(delta(close, 1), 20), 10) + decay_linear(cs_rank(vwap), 10)))
[reward_only] iter 32/50 [OK ] reward= -3.4177  rank(-1 * (decay_linear(stddev(delta(close, 1), 20), 10) + cs_rank(vwap)))
[reward_only] iter 33/50 [OK ] reward=-11.0584  rank(-1 * (decay_linear(stddev(delta(close, 1), 20), 10) + decay_linear(cs_rank(vwap), 10) + decay_linear(ts_rank(volume, 20), 10)))
[reward_only] iter 34/50 [OK ] reward= -2.9122  rank(-1 * (decay_linear(stddev(delta(close, 1), 20), 10) + decay_linear(cs_rank(vwap), 10)))
[reward_only] iter 35/50 [OK ] reward= -3.4177  rank(-1 * (decay_linear(stddev(delta(close, 1), 20), 10) + cs_rank(vwap)))
[reward_only] iter 36/50 [OK ] reward=-54.3981  rank(-1 * (decay_linear(stddev(delta(close, 1), 20), 10) + decay_linear(cs_rank(vwap), 10) + ts_rank(volume, 20)))
[reward_only] iter 37/50 [OK ] reward= -3.4177  rank(-1 * (decay_linear(stddev(delta(close, 1), 20), 10) + cs_rank(vwap)))
[reward_only] iter 38/50 [OK ] reward=-26.2541  rank(-1 * (decay_linear(stddev(delta(close, 1), 20), 10) + decay_linear(cs_rank(vwap), 10) + decay_linear(zscore(volume, 20), 10)))
[reward_only] iter 39/50 [OK ] reward= -2.9122  rank(-1 * (decay_linear(stddev(delta(close, 1), 20), 10) + decay_linear(cs_rank(vwap), 10)))
[reward_only] iter 40/50 [OK ] reward= -3.4177  rank(-1 * (decay_linear(stddev(delta(close, 1), 20), 10) + cs_rank(vwap)))
[reward_only] iter 41/50 [OK ] reward=-19.4008  rank(-1 * (decay_linear(stddev(delta(close, 1), 20), 10) + decay_linear(zscore(vwap, 20), 10)))
[reward_only] iter 42/50 [OK ] reward= -3.4177  rank(-1 * (decay_linear(stddev(delta(close, 1), 20), 10) + cs_rank(vwap)))
[reward_only] iter 43/50 [OK ] reward=-11.1275  rank(-1 * (decay_linear(stddev(delta(close, 1), 20), 10) + cs_rank(vwap) + decay_linear(ts_rank(volume, 20), 10)))
[reward_only] iter 44/50 [OK ] reward= -3.4177  rank(-1 * (decay_linear(stddev(delta(close, 1), 20), 10) + cs_rank(vwap)))
[reward_only] iter 45/50 [OK ] reward=-19.4008  rank(-1 * (decay_linear(stddev(delta(close, 1), 20), 10) + decay_linear(zscore(vwap, 20), 10)))
[reward_only] iter 46/50 [OK ] reward= -3.4177  rank(-1 * (decay_linear(stddev(delta(close, 1), 20), 10) + cs_rank(vwap)))
[reward_only] iter 47/50 [OK ] reward=-26.2541  rank(-1 * (decay_linear(stddev(delta(close, 1), 20), 10) + decay_linear(cs_rank(vwap), 10) + decay_linear(zscore(volume, 20), 10)))
[reward_only] iter 48/50 [OK ] reward= -2.9122  rank(-1 * (decay_linear(stddev(delta(close, 1), 20), 10) + decay_linear(cs_rank(vwap), 10)))
[reward_only] iter 49/50 [OK ] reward= -3.4177  rank(-1 * (decay_linear(stddev(delta(close, 1), 20), 10) + cs_rank(vwap)))
[reward_only] iter 50/50 [OK ] reward=-54.4487  rank(-1 * (decay_linear(stddev(delta(close, 1), 20), 10) + decay_linear(cs_rank(vwap), 10) + ts_rank(zscore(volume, 20), 20)))
[wfo:reward_only] fold 0 winner: rank(-1 * (decay_linear(stddev(delta(close, 1), 20), 10) + decay_linear(cs_rank(vwap), 10)))
[wfo:reward_only] fold 0 OOS: Gross_IR=1.216 Turnover=7.09 Net_IR=0.845
[wfo:reward_only] fold 1: train 2002-01-01..2006-12-31 -> test 2007-01-01..2007-12-31
[reward_only] iter  0/50 [SEED] reward= -8.7672  rank(-1 * stddev(delta(close, 1), 20))
[reward_only] iter  1/50 [OK ] reward=-29.1865  cs_rank(-1 * stddev(delta(close, 1), 20) / (volume + 1e-5))
[reward_only] iter  2/50 [ERR] reward=    -inf  cs_rank(-1 * stddev(delta(close, 1), 20) / sma(volume, 20))
[reward_only] iter  3/50 [OK ] reward= -4.5643  cs_rank(-1 * stddev(delta(close, 1), 20) / (sma(volume, 20) + 1e-5))
[reward_only] iter  4/50 [OK ] reward=-179.5158  cs_rank(-1 * stddev(delta(close, 1), 20) / (sma(volume, 20) + 1e-5) + cs_rank(vwap - close))
[reward_only] iter  5/50 [OK ] reward= -4.5643  cs_rank(-1 * stddev(delta(close, 1), 20) / (sma(volume, 20) + 1e-5))
[reward_only] iter  6/50 [OK ] reward=-180.4621  cs_rank(-1 * stddev(delta(close, 1), 20) / (sma(volume, 20) + 1e-5) + cs_rank(vwap - open))
[reward_only] iter  7/50 [OK ] reward= -4.5643  cs_rank(-1 * stddev(delta(close, 1), 20) / (sma(volume, 20) + 1e-5))
[reward_only] iter  8/50 [OK ] reward= -3.0709  cs_rank(-1 * (stddev(delta(close, 1), 20) / (sma(volume, 20) + 1e-5) + cs_rank(vwap)))
[reward_only] iter  9/50 [OK ] reward= -4.5643  cs_rank(-1 * (stddev(delta(close, 1), 20) / (sma(volume, 20) + 1e-5)))
[reward_only] iter 10/50 [OK ] reward= -1.7112  cs_rank(-1 * (stddev(delta(close, 1), 20) / (sma(volume, 20) + 1e-5) + cs_rank(decay_linear(vwap, 20))))
[reward_only] iter 11/50 [OK ] reward= -1.6612  cs_rank(-1 * (stddev(delta(close, 1), 20) / (sma(volume, 20) + 1e-5) + decay_linear(vwap, 20)))
[reward_only] iter 12/50 [OK ] reward= -3.0208  cs_rank(-1 * (stddev(delta(close, 1), 20) / (sma(volume, 20) + 1e-5) + vwap))
[reward_only] iter 13/50 [OK ] reward= -1.6612  cs_rank(-1 * (stddev(delta(close, 1), 20) / (sma(volume, 20) + 1e-5) + decay_linear(vwap, 20)))
[reward_only] iter 14/50 [OK ] reward= -1.6612  cs_rank(-1 * (stddev(delta(close, 1), 20) / (sma(volume, 20) + 1e-5) + decay_linear(vwap, 20)))
[reward_only] iter 15/50 [OK ] reward= -4.5643  cs_rank(-1 * (stddev(delta(close, 1), 20) / (sma(volume, 20) + 1e-5)))
[reward_only] iter 16/50 [OK ] reward=-16.5756  cs_rank(-1 * (stddev(delta(close, 1), 20) / (sma(volume, 20) + 1e-5) + decay_linear(ts_rank(vwap, 20), 20)))
[reward_only] iter 17/50 [OK ] reward= -1.6612  cs_rank(-1 * (stddev(delta(close, 1), 20) / (sma(volume, 20) + 1e-5) + decay_linear(vwap, 20)))
[reward_only] iter 18/50 [OK ] reward= -1.6612  cs_rank(-1 * (stddev(delta(close, 1), 20) / (sma(volume, 20) + 1e-5) + decay_linear(vwap, 20)))
[reward_only] iter 19/50 [OK ] reward= -3.0208  cs_rank(-1 * (stddev(delta(close, 1), 20) / (sma(volume, 20) + 1e-5) + vwap))
[reward_only] iter 20/50 [OK ] reward= -1.6612  cs_rank(-1 * (stddev(delta(close, 1), 20) / (sma(volume, 20) + 1e-5) + decay_linear(vwap, 20)))
[reward_only] iter 21/50 [OK ] reward= -3.0208  cs_rank(-1 * (stddev(delta(close, 1), 20) / (sma(volume, 20) + 1e-5) + vwap))
[reward_only] iter 22/50 [OK ] reward= -1.6612  cs_rank(-1 * (stddev(delta(close, 1), 20) / (sma(volume, 20) + 1e-5) + decay_linear(vwap, 20)))
[reward_only] iter 23/50 [OK ] reward= -1.6612  cs_rank(-1 * (stddev(delta(close, 1), 20) / (sma(volume, 20) + 1e-5) + decay_linear(vwap, 20)))
[reward_only] iter 24/50 [OK ] reward= -1.6612  cs_rank(-1 * (stddev(delta(close, 1), 20) / (sma(volume, 20) + 1e-5) + decay_linear(vwap, 20)))
[reward_only] iter 25/50 [OK ] reward= -4.5643  cs_rank(-1 * (stddev(delta(close, 1), 20) / (sma(volume, 20) + 1e-5)))
[reward_only] iter 26/50 [OK ] reward=-16.5756  cs_rank(-1 * (stddev(delta(close, 1), 20) / (sma(volume, 20) + 1e-5) + decay_linear(ts_rank(vwap, 20), 20)))
[reward_only] iter 27/50 [OK ] reward= -1.6612  cs_rank(-1 * (stddev(delta(close, 1), 20) / (sma(volume, 20) + 1e-5) + decay_linear(vwap, 20)))
[reward_only] iter 28/50 [OK ] reward= -4.5643  cs_rank(-1 * (stddev(delta(close, 1), 20) / (sma(volume, 20) + 1e-5)))
[reward_only] iter 29/50 [OK ] reward=-16.5756  cs_rank(-1 * (stddev(delta(close, 1), 20) / (sma(volume, 20) + 1e-5) + decay_linear(ts_rank(vwap, 20), 20)))
[reward_only] iter 30/50 [OK ] reward= -1.6612  cs_rank(-1 * (stddev(delta(close, 1), 20) / (sma(volume, 20) + 1e-5) + decay_linear(vwap, 20)))
[reward_only] iter 31/50 [OK ] reward= -3.0208  cs_rank(-1 * (stddev(delta(close, 1), 20) / (sma(volume, 20) + 1e-5) + vwap))
[reward_only] iter 32/50 [OK ] reward= -1.6612  cs_rank(-1 * (stddev(delta(close, 1), 20) / (sma(volume, 20) + 1e-5) + decay_linear(vwap, 20)))
[reward_only] iter 33/50 [OK ] reward= -3.0208  cs_rank(-1 * (stddev(delta(close, 1), 20) / (sma(volume, 20) + 1e-5) + vwap))
[reward_only] iter 34/50 [OK ] reward= -1.6612  cs_rank(-1 * (stddev(delta(close, 1), 20) / (sma(volume, 20) + 1e-5) + decay_linear(vwap, 20)))
[reward_only] iter 35/50 [OK ] reward= -1.6612  cs_rank(-1 * (stddev(delta(close, 1), 20) / (sma(volume, 20) + 1e-5) + decay_linear(vwap, 20)))
[reward_only] iter 36/50 [OK ] reward= -1.6612  cs_rank(-1 * (stddev(delta(close, 1), 20) / (sma(volume, 20) + 1e-5) + decay_linear(vwap, 20)))
[reward_only] iter 37/50 [OK ] reward= -3.0208  cs_rank(-1 * (stddev(delta(close, 1), 20) / (sma(volume, 20) + 1e-5) + vwap))
[reward_only] iter 38/50 [OK ] reward= -1.6612  cs_rank(-1 * (stddev(delta(close, 1), 20) / (sma(volume, 20) + 1e-5) + decay_linear(vwap, 20)))
[reward_only] iter 39/50 [OK ] reward= -1.6612  cs_rank(-1 * (stddev(delta(close, 1), 20) / (sma(volume, 20) + 1e-5) + decay_linear(vwap, 20)))
[reward_only] iter 40/50 [OK ] reward= -3.0208  cs_rank(-1 * (stddev(delta(close, 1), 20) / (sma(volume, 20) + 1e-5) + vwap))
[reward_only] iter 41/50 [OK ] reward= -1.6612  cs_rank(-1 * (stddev(delta(close, 1), 20) / (sma(volume, 20) + 1e-5) + decay_linear(vwap, 20)))
[reward_only] iter 42/50 [OK ] reward= -3.0208  cs_rank(-1 * (stddev(delta(close, 1), 20) / (sma(volume, 20) + 1e-5) + vwap))
[reward_only] iter 43/50 [OK ] reward= -1.6612  cs_rank(-1 * (stddev(delta(close, 1), 20) / (sma(volume, 20) + 1e-5) + decay_linear(vwap, 20)))
[reward_only] iter 44/50 [OK ] reward= -1.6612  cs_rank(-1 * (stddev(delta(close, 1), 20) / (sma(volume, 20) + 1e-5) + decay_linear(vwap, 20)))
[reward_only] iter 45/50 [OK ] reward= -1.6612  cs_rank(-1 * (stddev(delta(close, 1), 20) / (sma(volume, 20) + 1e-5) + decay_linear(vwap, 20)))
[reward_only] iter 46/50 [OK ] reward= -1.6612  cs_rank(-1 * (stddev(delta(close, 1), 20) / (sma(volume, 20) + 1e-5) + decay_linear(vwap, 20)))
[reward_only] iter 47/50 [OK ] reward= -3.0208  cs_rank(-1 * (stddev(delta(close, 1), 20) / (sma(volume, 20) + 1e-5) + vwap))
[reward_only] iter 48/50 [OK ] reward= -1.6612  cs_rank(-1 * (stddev(delta(close, 1), 20) / (sma(volume, 20) + 1e-5) + decay_linear(vwap, 20)))
[reward_only] iter 49/50 [OK ] reward= -3.0208  cs_rank(-1 * (stddev(delta(close, 1), 20) / (sma(volume, 20) + 1e-5) + vwap))
[reward_only] iter 50/50 [OK ] reward= -1.6612  cs_rank(-1 * (stddev(delta(close, 1), 20) / (sma(volume, 20) + 1e-5) + decay_linear(vwap, 20)))
[wfo:reward_only] fold 1 winner: cs_rank(-1 * (stddev(delta(close, 1), 20) / (sma(volume, 20) + 1e-5) + decay_linear(vwap, 20)))
[wfo:reward_only] fold 1 OOS: Gross_IR=0.677 Turnover=4.13 Net_IR=0.410
[wfo:reward_only] fold 2: train 2003-01-01..2007-12-31 -> test 2008-01-01..2008-12-31
[reward_only] iter  0/50 [SEED] reward= -8.7417  rank(-1 * stddev(delta(close, 1), 20))
[reward_only] iter  1/50 [OK ] reward= -4.5109  rank(-1 * decay_linear(stddev(delta(close, 1), 20), 10))
[reward_only] iter  2/50 [OK ] reward=-24.8411  rank(-1 * decay_linear(ts_rank(stddev(delta(close, 1), 20), 20), 10))
[reward_only] iter  3/50 [OK ] reward=-24.8411  rank(-1 * decay_linear(ts_rank(stddev(delta(close, 1), 20), 20), 10))
[reward_only] iter  4/50 [OK ] reward=-24.8411  rank(-1 * decay_linear(ts_rank(stddev(delta(close, 1), 20), 20), 10))
[reward_only] iter  5/50 [OK ] reward=-24.8411  rank(-1 * decay_linear(ts_rank(stddev(delta(close, 1), 20), 20), 10))
[reward_only] iter  6/50 [OK ] reward= -4.5109  rank(-1 * decay_linear(stddev(delta(close, 1), 20), 10))
[reward_only] iter  7/50 [OK ] reward=-45.4360  rank(-1 * decay_linear(stddev(delta(close, 1), 20), 10) * cs_rank(volume))
[reward_only] iter  8/50 [OK ] reward=-45.5358  rank(-1 * decay_linear(stddev(delta(close, 1), 20), 10) * cs_rank(volume / (volume + 1e-5)))
[reward_only] iter  9/50 [OK ] reward= -4.5109  rank(-1 * decay_linear(stddev(delta(close, 1), 20), 10))
[reward_only] iter 10/50 [OK ] reward=-137.5576  rank(-1 * decay_linear(stddev(delta(close, 1), 20), 10)) + rank(vwap - close)
[reward_only] iter 11/50 [OK ] reward= -4.5109  rank(-1 * decay_linear(stddev(delta(close, 1), 20), 10))
[reward_only] iter 12/50 [OK ] reward= -4.5109  cs_rank(-1 * decay_linear(stddev(delta(close, 1), 20), 10))
[reward_only] iter 13/50 [OK ] reward=-24.8411  rank(-1 * decay_linear(ts_rank(stddev(delta(close, 1), 20), 20), 10))
[reward_only] iter 14/50 [OK ] reward=-24.8411  rank(-1 * decay_linear(ts_rank(stddev(delta(close, 1), 20), 20), 10))
[reward_only] iter 15/50 [OK ] reward=-24.8411  rank(-1 * decay_linear(ts_rank(stddev(delta(close, 1), 20), 20), 10))
[reward_only] iter 16/50 [OK ] reward=-24.8411  rank(-1 * decay_linear(ts_rank(stddev(delta(close, 1), 20), 20), 10))
[reward_only] iter 17/50 [OK ] reward=-119.6698  rank(-1 * decay_linear(stddev(delta(close, 1), 20), 10) + cs_rank(vwap - close))
[reward_only] iter 18/50 [OK ] reward=-119.6698  rank(-1 * decay_linear(stddev(delta(close, 1), 20), 10) + cs_rank(vwap - close))
[reward_only] iter 19/50 [OK ] reward=-119.6698  rank(-1 * decay_linear(stddev(delta(close, 1), 20), 10) + cs_rank(vwap - close))
[reward_only] iter 20/50 [OK ] reward= -4.5109  rank(-1 * decay_linear(stddev(delta(close, 1), 20), 10))
[reward_only] iter 21/50 [OK ] reward=-45.4360  rank(-1 * decay_linear(stddev(delta(close, 1), 20), 10) * cs_rank(volume))
[reward_only] iter 22/50 [OK ] reward=-24.8411  rank(-1 * decay_linear(ts_rank(stddev(delta(close, 1), 20), 20), 10))
[reward_only] iter 23/50 [OK ] reward= -4.5109  rank(-1 * decay_linear(stddev(delta(close, 1), 20), 10))
[reward_only] iter 24/50 [OK ] reward=-45.4360  rank(-1 * decay_linear(stddev(delta(close, 1), 20), 10) * cs_rank(volume))
[reward_only] iter 25/50 [OK ] reward=-25.8051  rank(-1 * decay_linear(stddev(delta(close, 1), 20), 10) + cs_rank(volume))
[reward_only] iter 26/50 [OK ] reward=-25.9053  rank(-1 * decay_linear(stddev(delta(close, 1), 20), 10) + cs_rank(volume / (volume + 1e-5)))
[reward_only] iter 27/50 [OK ] reward=-27.1496  rank(-1 * decay_linear(stddev(delta(close, 1), 20), 10)) + cs_rank(volume / (volume + 1e-5))
[reward_only] iter 28/50 [OK ] reward= -4.5109  rank(-1 * decay_linear(stddev(delta(close, 1), 20), 10))
[reward_only] iter 29/50 [OK ] reward=-14.6133  rank(-1 * decay_linear(zscore(stddev(delta(close, 1), 20), 100), 10))
[reward_only] iter 30/50 [OK ] reward=-23.7108  rank(-1 * decay_linear(cs_rank(zscore(close, 20)), 10))
[reward_only] iter 31/50 [OK ] reward=-24.8411  rank(-1 * decay_linear(ts_rank(stddev(delta(close, 1), 20), 20), 10))
[reward_only] iter 32/50 [OK ] reward= -4.5109  rank(-1 * decay_linear(stddev(delta(close, 1), 20), 10))
[reward_only] iter 33/50 [OK ] reward=-17.7313  rank(-1 * decay_linear(ts_rank(stddev(delta(close, 1), 20), 60), 10))
[reward_only] iter 34/50 [ERR] reward=    -inf  rank(-1 * decay_linear(ts_rank(close / open, 20), 10))
[reward_only] iter 35/50 [OK ] reward=-160.8600  rank(-1 * decay_linear(stddev(delta(close, 1), 20), 10) + zscore(close / (vwap + 1e-5), 20))
[reward_only] iter 36/50 [OK ] reward=-160.8600  rank(-1 * decay_linear(stddev(delta(close, 1), 20), 10) + zscore(close / (vwap + 1e-5), 20))
[reward_only] iter 37/50 [OK ] reward=-16.3201  rank(-1 * decay_linear(stddev(delta(close, 1), 20), 10) + cs_rank(volume / (vwap + 1e-5)))
[reward_only] iter 38/50 [OK ] reward= -4.5109  rank(-1 * decay_linear(stddev(delta(close, 1), 20), 10))
[reward_only] iter 39/50 [OK ] reward=-15.3912  rank(-1 * decay_linear(ts_rank(stddev(delta(close, 1), 20), 120), 10))
[reward_only] iter 40/50 [ERR] reward=    -inf  rank(-1 * cs_rank((close - open) / (high - low)))
[reward_only] iter 41/50 [OK ] reward=-24.8411  rank(-1 * decay_linear(ts_rank(stddev(delta(close, 1), 20), 20), 10))
[reward_only] iter 42/50 [OK ] reward=-23.7163  rank(-1 * decay_linear(zscore(stddev(delta(close, 1), 20), 20), 10))
[reward_only] iter 43/50 [OK ] reward= -3.9700  rank(-1 * decay_linear(stddev(delta(close, 1), 20), 15))
[reward_only] iter 44/50 [OK ] reward=-83.3883  rank(-1 * decay_linear(stddev(delta(close, 1), 20), 15) * ts_rank(volume, 60))
[reward_only] iter 45/50 [OK ] reward=-45.6487  rank(-1 * decay_linear(stddev(delta(close, 1), 20), 15) * cs_rank(volume))
[reward_only] iter 46/50 [OK ] reward=-121.9558  rank(-1 * decay_linear(stddev(delta(close, 1), 20), 15) + cs_rank(vwap / (high + low + 1e-5)))
[reward_only] iter 47/50 [OK ] reward=-121.9558  rank(-1 * decay_linear(stddev(delta(close, 1), 20), 15) + cs_rank(vwap / (high + low + 1e-5)))
[reward_only] iter 48/50 [OK ] reward=-16.3134  rank(-1 * decay_linear(stddev(delta(close, 1), 20), 15)) + rank(volume / (high + low + 1e-5))
[reward_only] iter 49/50 [OK ] reward= -3.9700  rank(-1 * decay_linear(stddev(delta(close, 1), 20), 15))
[reward_only] iter 50/50 [OK ] reward= -3.9700  cs_rank(-1 * decay_linear(stddev(delta(close, 1), 20), 15))
[wfo:reward_only] fold 2 winner: rank(-1 * decay_linear(stddev(delta(close, 1), 20), 15))
[wfo:reward_only] fold 2 OOS: Gross_IR=0.787 Turnover=9.94 Net_IR=0.568
[wfo:reward_only] fold 3: train 2004-01-01..2008-12-31 -> test 2009-01-01..2009-12-31
[reward_only] iter  0/50 [SEED] reward= -8.9793  rank(-1 * stddev(delta(close, 1), 20))
[reward_only] iter  1/50 [OK ] reward= -2.1737  decay_linear(cs_rank(-1 * stddev(delta(close, 1), 20)), 50)
[reward_only] iter  2/50 [OK ] reward= -1.7837  decay_linear(cs_rank(-1 * stddev(delta(close, 1), 20)), 50) + decay_linear(cs_rank(volume / (vwap + 1e-5)), 50)
[reward_only] iter  3/50 [OK ] reward= -1.7837  decay_linear(cs_rank(-1 * stddev(delta(close, 1), 20)), 50) + decay_linear(cs_rank(volume / (vwap + 1e-5)), 50)
[reward_only] iter  4/50 [OK ] reward= -1.7837  decay_linear(cs_rank(-1 * stddev(delta(close, 1), 20)), 50) + decay_linear(cs_rank(volume / (vwap + 1e-5)), 50)
[reward_only] iter  5/50 [OK ] reward= -1.7837  decay_linear(cs_rank(-1 * stddev(delta(close, 1), 20)), 50) + decay_linear(cs_rank(volume / (vwap + 1e-5)), 50)
[reward_only] iter  6/50 [OK ] reward=-15.6926  decay_linear(cs_rank(-1 * stddev(delta(close, 1), 20)), 50) + cs_rank(volume / (vwap + 1e-5))
[reward_only] iter  7/50 [OK ] reward=-15.6926  decay_linear(cs_rank(-1 * stddev(delta(close, 1), 20)), 50) + cs_rank(volume / (vwap + 1e-5))
[reward_only] iter  8/50 [OK ] reward=-15.6926  decay_linear(cs_rank(-1 * stddev(delta(close, 1), 20)), 50) + cs_rank(volume / (vwap + 1e-5))
[reward_only] iter  9/50 [OK ] reward= -1.7837  decay_linear(cs_rank(-1 * stddev(delta(close, 1), 20)), 50) + decay_linear(cs_rank(volume / (vwap + 1e-5)), 50)
[reward_only] iter 10/50 [OK ] reward=-15.6926  decay_linear(cs_rank(-1 * stddev(delta(close, 1), 20)), 50) + cs_rank(volume / (vwap + 1e-5))
[reward_only] iter 11/50 [OK ] reward= -1.7837  decay_linear(cs_rank(-1 * stddev(delta(close, 1), 20)), 50) + decay_linear(cs_rank(volume / (vwap + 1e-5)), 50)
[reward_only] iter 12/50 [OK ] reward= -1.7837  decay_linear(cs_rank(-1 * stddev(delta(close, 1), 20)), 50) + decay_linear(cs_rank(volume / (vwap + 1e-5)), 50)
[reward_only] iter 13/50 [OK ] reward= -1.7837  decay_linear(cs_rank(-1 * stddev(delta(close, 1), 20)), 50) + decay_linear(cs_rank(volume / (vwap + 1e-5)), 50)
[reward_only] iter 14/50 [OK ] reward=-15.6926  decay_linear(cs_rank(-1 * stddev(delta(close, 1), 20)), 50) + cs_rank(volume / (vwap + 1e-5))
[reward_only] iter 15/50 [OK ] reward= -1.7837  decay_linear(cs_rank(-1 * stddev(delta(close, 1), 20)), 50) + decay_linear(cs_rank(volume / (vwap + 1e-5)), 50)
[reward_only] iter 16/50 [OK ] reward= -1.7837  decay_linear(cs_rank(-1 * stddev(delta(close, 1), 20)), 50) + decay_linear(cs_rank(volume / (vwap + 1e-5)), 50)
[reward_only] iter 17/50 [OK ] reward= -2.1737  decay_linear(cs_rank(-1 * stddev(delta(close, 1), 20)), 50)
[reward_only] iter 18/50 [OK ] reward= -1.8368  decay_linear(cs_rank(-1 * stddev(delta(close, 1), 20)), 50) + decay_linear(cs_rank(volume / (vwap + 1e-5)), 40)
[reward_only] iter 19/50 [OK ] reward=-15.6926  decay_linear(cs_rank(-1 * stddev(delta(close, 1), 20)), 50) + cs_rank(volume / (vwap + 1e-5))
[reward_only] iter 20/50 [OK ] reward=-15.6926  decay_linear(cs_rank(-1 * stddev(delta(close, 1), 20)), 50) + cs_rank(volume / (vwap + 1e-5))
[reward_only] iter 21/50 [OK ] reward=-15.6926  decay_linear(cs_rank(-1 * stddev(delta(close, 1), 20)), 50) + cs_rank(volume / (vwap + 1e-5))
[reward_only] iter 22/50 [OK ] reward=-15.6926  decay_linear(cs_rank(-1 * stddev(delta(close, 1), 20)), 50) + cs_rank(volume / (vwap + 1e-5))
[reward_only] iter 23/50 [OK ] reward= -1.7837  decay_linear(cs_rank(-1 * stddev(delta(close, 1), 20)), 50) + decay_linear(cs_rank(volume / (vwap + 1e-5)), 50)
[reward_only] iter 24/50 [OK ] reward= -1.7837  decay_linear(cs_rank(-1 * stddev(delta(close, 1), 20)), 50) + decay_linear(cs_rank(volume / (vwap + 1e-5)), 50)
[reward_only] iter 25/50 [OK ] reward= -1.7837  decay_linear(cs_rank(-1 * stddev(delta(close, 1), 20)), 50) + decay_linear(cs_rank(volume / (vwap + 1e-5)), 50)
[reward_only] iter 26/50 [OK ] reward= -1.7837  decay_linear(cs_rank(-1 * stddev(delta(close, 1), 20)), 50) + decay_linear(cs_rank(volume / (vwap + 1e-5)), 50)
[reward_only] iter 27/50 [OK ] reward= -1.7837  decay_linear(cs_rank(-1 * stddev(delta(close, 1), 20)), 50) + decay_linear(cs_rank(volume / (vwap + 1e-5)), 50)
[reward_only] iter 28/50 [OK ] reward= -1.7837  decay_linear(cs_rank(-1 * stddev(delta(close, 1), 20)), 50) + decay_linear(cs_rank(volume / (vwap + 1e-5)), 50)
[reward_only] iter 29/50 [OK ] reward=-15.6926  decay_linear(cs_rank(-1 * stddev(delta(close, 1), 20)), 50) + cs_rank(volume / (vwap + 1e-5))
[reward_only] iter 30/50 [OK ] reward=-15.6926  decay_linear(cs_rank(-1 * stddev(delta(close, 1), 20)), 50) + cs_rank(volume / (vwap + 1e-5))
[reward_only] iter 31/50 [OK ] reward= -2.1737  decay_linear(cs_rank(-1 * stddev(delta(close, 1), 20)), 50)
[reward_only] iter 32/50 [OK ] reward= -3.4235  decay_linear(cs_rank(-1 * stddev(delta(close, 1), 20)), 50) + decay_linear(cs_rank(volume / (vwap + 1e-5)), 50) - decay_linear(cs_rank(delta(close, 1) / (high - low + 1e-5)), 50)
[reward_only] iter 33/50 [OK ] reward= -1.7837  decay_linear(cs_rank(-1 * stddev(delta(close, 1), 20)), 50) + decay_linear(cs_rank(volume / (vwap + 1e-5)), 50)
[reward_only] iter 34/50 [OK ] reward=-15.6926  decay_linear(cs_rank(-1 * stddev(delta(close, 1), 20)), 50) + cs_rank(volume / (vwap + 1e-5))
[reward_only] iter 35/50 [OK ] reward= -1.7837  decay_linear(cs_rank(-1 * stddev(delta(close, 1), 20)), 50) + decay_linear(cs_rank(volume / (vwap + 1e-5)), 50)
[reward_only] iter 36/50 [OK ] reward= -1.7837  decay_linear(cs_rank(-1 * stddev(delta(close, 1), 20)), 50) + decay_linear(cs_rank(volume / (vwap + 1e-5)), 50)
[reward_only] iter 37/50 [OK ] reward= -1.7837  decay_linear(cs_rank(-1 * stddev(delta(close, 1), 20)), 50) + decay_linear(cs_rank(volume / (vwap + 1e-5)), 50)
[reward_only] iter 38/50 [OK ] reward=-15.6926  decay_linear(cs_rank(-1 * stddev(delta(close, 1), 20)), 50) + cs_rank(volume / (vwap + 1e-5))
[reward_only] iter 39/50 [OK ] reward=-15.6926  decay_linear(cs_rank(-1 * stddev(delta(close, 1), 20)), 50) + cs_rank(volume / (vwap + 1e-5))
[reward_only] iter 40/50 [OK ] reward= -2.2654  decay_linear(cs_rank(-1 * stddev(delta(close, 1), 20)), 50) + decay_linear(cs_rank(volume / (vwap + 1e-5)), 20)
[reward_only] iter 41/50 [OK ] reward=-15.6926  decay_linear(cs_rank(-1 * stddev(delta(close, 1), 20)), 50) + cs_rank(volume / (vwap + 1e-5))
[reward_only] iter 42/50 [OK ] reward=-15.6926  decay_linear(cs_rank(-1 * stddev(delta(close, 1), 20)), 50) + cs_rank(volume / (vwap + 1e-5))
[reward_only] iter 43/50 [OK ] reward= -2.1737  decay_linear(cs_rank(-1 * stddev(delta(close, 1), 20)), 50)
[reward_only] iter 44/50 [OK ] reward= -1.9937  decay_linear(cs_rank(-1 * stddev(delta(close, 1), 20)), 50) + decay_linear(cs_rank(volume / (vwap + 1e-5)), 50) - decay_linear(cs_rank(high - low), 50)
[reward_only] iter 45/50 [OK ] reward= -1.7837  decay_linear(cs_rank(-1 * stddev(delta(close, 1), 20)), 50) + decay_linear(cs_rank(volume / (vwap + 1e-5)), 50)
[reward_only] iter 46/50 [OK ] reward=-15.6926  decay_linear(cs_rank(-1 * stddev(delta(close, 1), 20)), 50) + cs_rank(volume / (vwap + 1e-5))
[reward_only] iter 47/50 [OK ] reward= -1.7837  decay_linear(cs_rank(-1 * stddev(delta(close, 1), 20)), 50) + decay_linear(cs_rank(volume / (vwap + 1e-5)), 50)
[reward_only] iter 48/50 [OK ] reward= -1.7837  decay_linear(cs_rank(-1 * stddev(delta(close, 1), 20)), 50) + decay_linear(cs_rank(volume / (vwap + 1e-5)), 50)
[reward_only] iter 49/50 [OK ] reward= -1.7837  decay_linear(cs_rank(-1 * stddev(delta(close, 1), 20)), 50) + decay_linear(cs_rank(volume / (vwap + 1e-5)), 50)
[reward_only] iter 50/50 [OK ] reward= -1.7837  decay_linear(cs_rank(-1 * stddev(delta(close, 1), 20)), 50) + decay_linear(cs_rank(volume / (vwap + 1e-5)), 50)
[wfo:reward_only] fold 3 winner: decay_linear(cs_rank(-1 * stddev(delta(close, 1), 20)), 50) + decay_linear(cs_rank(volume / (vwap + 1e-5)), 50)
[wfo:reward_only] fold 3 OOS: Gross_IR=1.876 Turnover=5.28 Net_IR=1.642
[wfo:reward_only] fold 4: train 2005-01-01..2009-12-31 -> test 2010-01-01..2010-12-31
[reward_only] iter  0/50 [SEED] reward= -8.7702  rank(-1 * stddev(delta(close, 1), 20))
[reward_only] iter  1/50 [OK ] reward=-33.0086  cs_rank(-1 * stddev(delta(close, 1), 20) + ts_rank(vwap, 20))
[reward_only] iter  2/50 [OK ] reward=-71.8611  cs_rank(-1 * stddev(delta(close, 1), 20) + ts_rank(zscore(volume, 20), 20))
[reward_only] iter  3/50 [OK ] reward=-72.4946  rank(-1 * decay_linear(stddev(delta(close, 1), 20), 50) + ts_rank(zscore(volume, 20), 20))
[reward_only] iter  4/50 [OK ] reward= -2.8266  rank(-1 * decay_linear(stddev(delta(close, 1), 20), 50))
[reward_only] iter  5/50 [OK ] reward= -2.2912  rank(-1 * decay_linear(stddev(delta(close, 1), 20), 100))
[reward_only] iter  6/50 [OK ] reward= -2.2206  rank(-1 * decay_linear(stddev(delta(close, 1), 20), 120))
[reward_only] iter  7/50 [OK ] reward= -5.7369  rank(-1 * decay_linear(zscore(stddev(delta(close, 1), 20), 120), 120))
[reward_only] iter  8/50 [OK ] reward=-44.4665  rank(-1 * decay_linear(stddev(delta(close, 1), 20), 120) * cs_rank(volume))
[reward_only] iter  9/50 [OK ] reward= -2.4532  rank(-1 * decay_linear(stddev(delta(close, 1), 20), 120) * cs_rank(vwap))
[reward_only] iter 10/50 [OK ] reward=-44.4665  rank(-1 * decay_linear(stddev(delta(close, 1), 20), 120) * cs_rank(volume))
[reward_only] iter 11/50 [OK ] reward=-44.5672  rank(-1 * decay_linear(stddev(delta(close, 1), 20), 120) * cs_rank(volume / (volume + 1e-5)))
[reward_only] iter 12/50 [OK ] reward=-20.2537  rank(-1 * decay_linear(stddev(delta(close, 1), 20), 120) + cs_rank(volume / (volume + 1e-5)))
[reward_only] iter 13/50 [OK ] reward=-20.2537  rank(-1 * decay_linear(stddev(delta(close, 1), 20), 120) + cs_rank(volume / (volume + 1e-5)))
[reward_only] iter 14/50 [OK ] reward=-20.2537  rank(-1 * decay_linear(stddev(delta(close, 1), 20), 120) + cs_rank(volume / (volume + 1e-5)))
[reward_only] iter 15/50 [OK ] reward= -6.1762  rank(-1 * decay_linear(stddev(delta(close, 1), 20), 120) + cs_rank(vwap / (vwap + 1e-5)))
[reward_only] iter 16/50 [OK ] reward=-20.2537  rank(-1 * decay_linear(stddev(delta(close, 1), 20), 120) + cs_rank(volume / (volume + 1e-5)))
[reward_only] iter 17/50 [OK ] reward=-20.2537  rank(-1 * decay_linear(stddev(delta(close, 1), 20), 120) + cs_rank(volume / (volume + 1e-5)))
[reward_only] iter 18/50 [OK ] reward=-20.2537  rank(-1 * decay_linear(stddev(delta(close, 1), 20), 120) + cs_rank(volume / (volume + 1e-5)))
[reward_only] iter 19/50 [OK ] reward=-20.2537  rank(-1 * decay_linear(stddev(delta(close, 1), 20), 120) + cs_rank(volume / (volume + 1e-5)))
[reward_only] iter 20/50 [OK ] reward= -2.2206  rank(-1 * decay_linear(stddev(delta(close, 1), 20), 120))
[reward_only] iter 21/50 [OK ] reward=-20.1540  rank(-1 * decay_linear(stddev(delta(close, 1), 20), 120) + cs_rank(volume))
[reward_only] iter 22/50 [OK ] reward=-20.3363  rank(-1 * decay_linear(stddev(delta(close, 1), 20), 120) + cs_rank(volume) * cs_rank(vwap))
[reward_only] iter 23/50 [OK ] reward=-20.1540  rank(-1 * decay_linear(stddev(delta(close, 1), 20), 120) + cs_rank(volume))
[reward_only] iter 24/50 [OK ] reward=-44.4665  rank(-1 * decay_linear(stddev(delta(close, 1), 20), 120) * cs_rank(volume))
[reward_only] iter 25/50 [OK ] reward=-44.5672  rank(-1 * decay_linear(stddev(delta(close, 1), 20), 120) * cs_rank(volume / (volume + 1e-5)))
[reward_only] iter 26/50 [OK ] reward=-44.5672  rank(-1 * decay_linear(stddev(delta(close, 1), 20), 120) * cs_rank(volume / (volume + 1e-5)))
[reward_only] iter 27/50 [OK ] reward=-19.1220  rank(-1 * decay_linear(stddev(delta(close, 1), 20), 120)) * cs_rank(volume / (volume + 1e-5))
[reward_only] iter 28/50 [OK ] reward=-19.1220  rank(-1 * decay_linear(stddev(delta(close, 1), 20), 120)) * cs_rank(volume / (volume + 1e-5))
[reward_only] iter 29/50 [OK ] reward= -2.2206  rank(-1 * decay_linear(stddev(delta(close, 1), 20), 120))
[reward_only] iter 30/50 [OK ] reward=-26.1727  rank(-1 * decay_linear(stddev(delta(close, 1), 20), 120) / (volume + 1e-5))
[reward_only] iter 31/50 [OK ] reward=-23.5344  rank(-1 * decay_linear(stddev(delta(close, 1), 20), 120) / (cs_rank(volume) + 1e-5))
[reward_only] iter 32/50 [OK ] reward=-26.1727  rank(-1 * decay_linear(stddev(delta(close, 1), 20), 120) / (volume + 1e-5))
[reward_only] iter 33/50 [OK ] reward=-26.1727  cs_rank(-1 * decay_linear(stddev(delta(close, 1), 20), 120) / (volume + 1e-5))
[reward_only] iter 34/50 [OK ] reward=-38.6138  cs_rank(-1 * decay_linear(ts_rank(stddev(delta(close, 1), 20), 120), 60) / (volume + 1e-5))
[reward_only] iter 35/50 [OK ] reward=-26.1727  rank(-1 * decay_linear(stddev(delta(close, 1), 20), 120) / (volume + 1e-5))
[reward_only] iter 36/50 [OK ] reward=-44.4665  rank(-1 * decay_linear(stddev(delta(close, 1), 20), 120) * cs_rank(volume))
[reward_only] iter 37/50 [OK ] reward= -3.8214  rank(-1 * decay_linear(stddev(delta(close, 1), 20), 120) * sma(volume, 60))
[reward_only] iter 38/50 [OK ] reward=-44.4665  rank(-1 * decay_linear(stddev(delta(close, 1), 20), 120) * cs_rank(volume))
[reward_only] iter 39/50 [OK ] reward=-23.5344  rank(-1 * decay_linear(stddev(delta(close, 1), 20), 120) / (cs_rank(volume) + 1e-5))
[reward_only] iter 40/50 [OK ] reward=-26.1727  rank(-1 * decay_linear(stddev(delta(close, 1), 20), 120) / (volume + 1e-5))
[reward_only] iter 41/50 [OK ] reward=-26.1727  rank(-1 * decay_linear(stddev(delta(close, 1), 20), 120) / (volume + 1e-5))
[reward_only] iter 42/50 [OK ] reward=-11.1956  rank(-1 * decay_linear(ts_rank(stddev(delta(close, 1), 20), 20), 120))
[reward_only] iter 43/50 [OK ] reward=-44.4665  rank(-1 * decay_linear(stddev(delta(close, 1), 20), 120) * cs_rank(volume))
[reward_only] iter 44/50 [OK ] reward=-20.1540  rank(-1 * decay_linear(stddev(delta(close, 1), 20), 120) + cs_rank(volume))
[reward_only] iter 45/50 [OK ] reward=-66.9156  rank(-1 * decay_linear(stddev(delta(close, 1), 20), 120) + ts_rank(volume, 60))
[reward_only] iter 46/50 [OK ] reward=-20.2537  rank(-1 * decay_linear(stddev(delta(close, 1), 20), 120) + cs_rank(volume / (volume + 1e-5)))
[reward_only] iter 47/50 [OK ] reward= -2.2206  rank(-1 * decay_linear(stddev(delta(close, 1), 20), 120))
[reward_only] iter 48/50 [OK ] reward= -5.7369  rank(-1 * decay_linear(zscore(stddev(delta(close, 1), 20), 120), 120))
[reward_only] iter 49/50 [OK ] reward= -5.5025  rank(-1 * decay_linear(zscore(stddev(delta(close, 1), 20), 120) * cs_rank(volume), 120))
[reward_only] iter 50/50 [OK ] reward=-44.4665  rank(-1 * decay_linear(stddev(delta(close, 1), 20), 120) * cs_rank(volume))
[wfo:reward_only] fold 4 winner: rank(-1 * decay_linear(stddev(delta(close, 1), 20), 120))
[wfo:reward_only] fold 4 OOS: Gross_IR=-0.504 Turnover=4.05 Net_IR=-0.685
[wfo:reward_only] fold 5: train 2006-01-01..2010-12-31 -> test 2011-01-01..2011-12-31
[reward_only] iter  0/50 [SEED] reward= -8.4398  rank(-1 * stddev(delta(close, 1), 20))
[reward_only] iter  1/50 [OK ] reward= -7.3115  cs_rank(-1 * (stddev(delta(close, 1), 20) / (stddev(volume, 20) + 1e-5)))
[reward_only] iter  2/50 [ERR] reward=    -inf  cs_rank(-1 * (decay_linear(stddev(delta(close, 1), 20) / (stddev(volume, 20) + 1e-5), 20))
[reward_only] iter  3/50 [OK ] reward=-59.6552  cs_rank(-1 * (ts_rank(stddev(delta(close, 1), 20) / (stddev(volume, 20) + 1e-5), 20)))
[reward_only] iter  4/50 [OK ] reward= -7.3115  cs_rank(-1 * (stddev(delta(close, 1), 20) / (stddev(volume, 20) + 1e-5)))
[reward_only] iter  5/50 [OK ] reward= -5.8101  cs_rank(-1 * (stddev(delta(close, 1), 20) / (stddev(volume, 20) + 1e-5) * cs_rank(vwap)))
[reward_only] iter  6/50 [OK ] reward= -5.5375  cs_rank(-1 * (stddev(delta(close, 1), 20) / (stddev(volume, 20) + 1e-5) * vwap))
[reward_only] iter  7/50 [OK ] reward= -7.3115  cs_rank(-1 * (stddev(delta(close, 1), 20) / (stddev(volume, 20) + 1e-5)))
[reward_only] iter  8/50 [OK ] reward= -5.5375  cs_rank(-1 * (stddev(delta(close, 1), 20) / (stddev(volume, 20) + 1e-5) * vwap))
[reward_only] iter  9/50 [OK ] reward= -7.3115  cs_rank(-1 * (stddev(delta(close, 1), 20) / (stddev(volume, 20) + 1e-5)))
[reward_only] iter 10/50 [OK ] reward= -5.5580  cs_rank(-1 * (stddev(delta(close, 1), 20) / (stddev(volume, 20) + 1e-5) * decay_linear(vwap, 20)))
[reward_only] iter 11/50 [OK ] reward= -5.5375  cs_rank(-1 * (stddev(delta(close, 1), 20) / (stddev(volume, 20) + 1e-5) * vwap))
[reward_only] iter 12/50 [OK ] reward= -7.3115  cs_rank(-1 * (stddev(delta(close, 1), 20) / (stddev(volume, 20) + 1e-5)))
[reward_only] iter 13/50 [OK ] reward= -5.8101  cs_rank(-1 * (stddev(delta(close, 1), 20) / (stddev(volume, 20) + 1e-5) * cs_rank(vwap)))
[reward_only] iter 14/50 [OK ] reward= -5.5375  cs_rank(-1 * (stddev(delta(close, 1), 20) / (stddev(volume, 20) + 1e-5) * vwap))
[reward_only] iter 15/50 [OK ] reward= -7.3115  cs_rank(-1 * (stddev(delta(close, 1), 20) / (stddev(volume, 20) + 1e-5)))
[reward_only] iter 16/50 [OK ] reward= -5.5580  cs_rank(-1 * (stddev(delta(close, 1), 20) / (stddev(volume, 20) + 1e-5) * decay_linear(vwap, 20)))
[reward_only] iter 17/50 [OK ] reward= -5.5375  cs_rank(-1 * (stddev(delta(close, 1), 20) / (stddev(volume, 20) + 1e-5) * vwap))
[reward_only] iter 18/50 [OK ] reward= -7.3115  cs_rank(-1 * (stddev(delta(close, 1), 20) / (stddev(volume, 20) + 1e-5)))
[reward_only] iter 19/50 [OK ] reward= -5.8101  cs_rank(-1 * (stddev(delta(close, 1), 20) / (stddev(volume, 20) + 1e-5) * cs_rank(vwap)))
[reward_only] iter 20/50 [OK ] reward= -5.5375  cs_rank(-1 * (stddev(delta(close, 1), 20) / (stddev(volume, 20) + 1e-5) * vwap))
[reward_only] iter 21/50 [OK ] reward= -7.3115  cs_rank(-1 * (stddev(delta(close, 1), 20) / (stddev(volume, 20) + 1e-5)))
[reward_only] iter 22/50 [OK ] reward= -5.8101  cs_rank(-1 * (stddev(delta(close, 1), 20) / (stddev(volume, 20) + 1e-5) * cs_rank(vwap)))
[reward_only] iter 23/50 [OK ] reward= -5.5375  cs_rank(-1 * (stddev(delta(close, 1), 20) / (stddev(volume, 20) + 1e-5) * vwap))
[reward_only] iter 24/50 [OK ] reward= -7.3115  cs_rank(-1 * (stddev(delta(close, 1), 20) / (stddev(volume, 20) + 1e-5)))
[reward_only] iter 25/50 [OK ] reward= -5.5580  cs_rank(-1 * (stddev(delta(close, 1), 20) / (stddev(volume, 20) + 1e-5) * decay_linear(vwap, 20)))
[reward_only] iter 26/50 [OK ] reward= -5.5375  cs_rank(-1 * (stddev(delta(close, 1), 20) / (stddev(volume, 20) + 1e-5) * vwap))
[reward_only] iter 27/50 [OK ] reward= -7.3115  cs_rank(-1 * (stddev(delta(close, 1), 20) / (stddev(volume, 20) + 1e-5)))
[reward_only] iter 28/50 [OK ] reward= -5.5580  cs_rank(-1 * (stddev(delta(close, 1), 20) / (stddev(volume, 20) + 1e-5) * decay_linear(vwap, 20)))
[reward_only] iter 29/50 [OK ] reward= -5.5375  cs_rank(-1 * (stddev(delta(close, 1), 20) / (stddev(volume, 20) + 1e-5) * vwap))
[reward_only] iter 30/50 [OK ] reward= -7.3115  cs_rank(-1 * (stddev(delta(close, 1), 20) / (stddev(volume, 20) + 1e-5)))
[reward_only] iter 31/50 [OK ] reward= -5.5507  cs_rank(-1 * (stddev(delta(close, 1), 20) / (stddev(volume, 20) + 1e-5) * sma(vwap, 5)))
[reward_only] iter 32/50 [OK ] reward= -5.5375  cs_rank(-1 * (stddev(delta(close, 1), 20) / (stddev(volume, 20) + 1e-5) * vwap))
[reward_only] iter 33/50 [OK ] reward= -7.3115  cs_rank(-1 * (stddev(delta(close, 1), 20) / (stddev(volume, 20) + 1e-5)))
[reward_only] iter 34/50 [OK ] reward= -2.3903  cs_rank(-1 * (decay_linear(stddev(delta(close, 1), 20) / (stddev(volume, 20) + 1e-5), 50) * vwap))
[reward_only] iter 35/50 [OK ] reward= -2.3903  cs_rank(-1 * (decay_linear(stddev(delta(close, 1), 20) / (stddev(volume, 20) + 1e-5), 50) * vwap))
[reward_only] iter 36/50 [OK ] reward= -2.3903  cs_rank(-1 * (decay_linear(stddev(delta(close, 1), 20) / (stddev(volume, 20) + 1e-5), 50) * vwap))
[reward_only] iter 37/50 [OK ] reward= -2.3903  cs_rank(-1 * (decay_linear(stddev(delta(close, 1), 20) / (stddev(volume, 20) + 1e-5), 50) * vwap))
[reward_only] iter 38/50 [OK ] reward= -2.3903  cs_rank(-1 * (decay_linear(stddev(delta(close, 1), 20) / (stddev(volume, 20) + 1e-5), 50) * vwap))
[reward_only] iter 39/50 [OK ] reward= -2.3903  cs_rank(-1 * (decay_linear(stddev(delta(close, 1), 20) / (stddev(volume, 20) + 1e-5), 50) * vwap))
[reward_only] iter 40/50 [OK ] reward= -2.3903  cs_rank(-1 * (decay_linear(stddev(delta(close, 1), 20) / (stddev(volume, 20) + 1e-5), 50) * vwap))
[reward_only] iter 41/50 [OK ] reward= -2.3903  cs_rank(-1 * (decay_linear(stddev(delta(close, 1), 20) / (stddev(volume, 20) + 1e-5), 50) * vwap))
[reward_only] iter 42/50 [OK ] reward= -2.3903  cs_rank(-1 * (decay_linear(stddev(delta(close, 1), 20) / (stddev(volume, 20) + 1e-5), 50) * vwap))
[reward_only] iter 43/50 [OK ] reward= -2.3903  cs_rank(-1 * (decay_linear(stddev(delta(close, 1), 20) / (stddev(volume, 20) + 1e-5), 50) * vwap))
[reward_only] iter 44/50 [OK ] reward= -2.3903  cs_rank(-1 * (decay_linear(stddev(delta(close, 1), 20) / (stddev(volume, 20) + 1e-5), 50) * vwap))
[reward_only] iter 45/50 [OK ] reward= -2.3903  cs_rank(-1 * (decay_linear(stddev(delta(close, 1), 20) / (stddev(volume, 20) + 1e-5), 50) * vwap))
[reward_only] iter 46/50 [OK ] reward= -2.3903  cs_rank(-1 * (decay_linear(stddev(delta(close, 1), 20) / (stddev(volume, 20) + 1e-5), 50) * vwap))
[reward_only] iter 47/50 [OK ] reward= -2.3903  cs_rank(-1 * (decay_linear(stddev(delta(close, 1), 20) / (stddev(volume, 20) + 1e-5), 50) * vwap))
[reward_only] iter 48/50 [OK ] reward= -2.3903  cs_rank(-1 * (decay_linear(stddev(delta(close, 1), 20) / (stddev(volume, 20) + 1e-5), 50) * vwap))
[reward_only] iter 49/50 [OK ] reward= -2.3903  cs_rank(-1 * (decay_linear(stddev(delta(close, 1), 20) / (stddev(volume, 20) + 1e-5), 50) * vwap))
[reward_only] iter 50/50 [OK ] reward= -2.3903  cs_rank(-1 * (decay_linear(stddev(delta(close, 1), 20) / (stddev(volume, 20) + 1e-5), 50) * vwap))
[wfo:reward_only] fold 5 winner: cs_rank(-1 * (decay_linear(stddev(delta(close, 1), 20) / (stddev(volume, 20) + 1e-5), 50) * vwap))
[wfo:reward_only] fold 5 OOS: Gross_IR=0.028 Turnover=4.79 Net_IR=-0.235
[wfo:reward_only] fold 6: train 2007-01-01..2011-12-31 -> test 2012-01-01..2012-12-31
[reward_only] iter  0/50 [SEED] reward= -8.2824  rank(-1 * stddev(delta(close, 1), 20))
[reward_only] iter  1/50 [OK ] reward= -3.8695  rank(-1 * decay_linear(stddev(delta(close, 1), 20), 20))
[reward_only] iter  2/50 [OK ] reward=-67.7311  rank(-1 * decay_linear(stddev(delta(close, 1), 20), 20) + ts_rank(volume, 20))
[reward_only] iter  3/50 [OK ] reward=-41.6701  rank(-1 * decay_linear(stddev(delta(close, 1), 20), 20) * cs_rank(volume))
[reward_only] iter  4/50 [OK ] reward= -3.1459  rank(-1 * decay_linear(stddev(delta(close, 1), 20), 20) * cs_rank(vwap))
[reward_only] iter  5/50 [OK ] reward=-10.9077  rank(-1 * decay_linear(stddev(delta(close, 1), 20), 20) * cs_rank(vwap / cs_rank(volume)))
[reward_only] iter  6/50 [OK ] reward= -3.1459  rank(-1 * decay_linear(stddev(delta(close, 1), 20), 20) * cs_rank(vwap))
[reward_only] iter  7/50 [OK ] reward=-33.6138  rank(-1 * decay_linear(stddev(delta(close, 1), 20), 20) * cs_rank(vwap * volume))
[reward_only] iter  8/50 [OK ] reward= -3.1459  rank(-1 * decay_linear(stddev(delta(close, 1), 20), 20) * cs_rank(vwap))
[reward_only] iter  9/50 [OK ] reward= -3.3459  rank(-1 * decay_linear(stddev(delta(close, 1), 20), 20) * cs_rank(vwap / (high + low + close + 1e-5)))
[reward_only] iter 10/50 [OK ] reward= -3.1459  rank(-1 * decay_linear(stddev(delta(close, 1), 20), 20) * cs_rank(vwap))
[reward_only] iter 11/50 [OK ] reward=-26.7347  rank(-1 * decay_linear(stddev(delta(close, 1), 20), 20) * cs_rank(vwap) * cs_rank(volume))
[reward_only] iter 12/50 [OK ] reward= -3.1459  rank(-1 * decay_linear(stddev(delta(close, 1), 20), 20) * cs_rank(vwap))
[reward_only] iter 13/50 [OK ] reward=-52.7865  rank(-1 * decay_linear(stddev(delta(close, 1), 20), 20) * cs_rank(vwap) * ts_rank(volume, 60))
[reward_only] iter 14/50 [OK ] reward= -3.1459  rank(-1 * decay_linear(stddev(delta(close, 1), 20), 20) * cs_rank(vwap))
[reward_only] iter 15/50 [ERR] reward=    -inf  rank(-1 * decay_linear(stddev(delta(close, 1), 20), 20) * cs_rank(vwap / volume))
[reward_only] iter 16/50 [OK ] reward=-12.9793  rank(-1 * decay_linear(stddev(delta(close, 1), 20), 20) * cs_rank(vwap / (volume + 1e-5)))
[reward_only] iter 17/50 [OK ] reward= -3.1459  rank(-1 * decay_linear(stddev(delta(close, 1), 20), 20) * cs_rank(vwap))
[reward_only] iter 18/50 [OK ] reward=-26.7347  rank(-1 * decay_linear(stddev(delta(close, 1), 20), 20) * cs_rank(vwap) * cs_rank(volume))
[reward_only] iter 19/50 [OK ] reward= -3.1459  rank(-1 * decay_linear(stddev(delta(close, 1), 20), 20) * cs_rank(vwap))
[reward_only] iter 20/50 [OK ] reward=-26.7347  rank(-1 * decay_linear(stddev(delta(close, 1), 20), 20) * cs_rank(vwap) * cs_rank(volume))
[reward_only] iter 21/50 [OK ] reward= -3.1459  rank(-1 * decay_linear(stddev(delta(close, 1), 20), 20) * cs_rank(vwap))
[reward_only] iter 22/50 [OK ] reward=-26.7347  rank(-1 * decay_linear(stddev(delta(close, 1), 20), 20) * cs_rank(vwap) * cs_rank(volume))
[reward_only] iter 23/50 [OK ] reward= -3.1459  rank(-1 * decay_linear(stddev(delta(close, 1), 20), 20) * cs_rank(vwap))
[reward_only] iter 24/50 [OK ] reward=-12.9793  rank(-1 * decay_linear(stddev(delta(close, 1), 20), 20) * cs_rank(vwap / (volume + 1e-5)))
[reward_only] iter 25/50 [OK ] reward= -3.1459  rank(-1 * decay_linear(stddev(delta(close, 1), 20), 20) * cs_rank(vwap))
[reward_only] iter 26/50 [OK ] reward=-41.6701  rank(-1 * decay_linear(stddev(delta(close, 1), 20), 20) * cs_rank(volume))
[reward_only] iter 27/50 [OK ] reward=-33.6138  rank(-1 * decay_linear(stddev(delta(close, 1), 20), 20) * cs_rank(vwap * volume))
[reward_only] iter 28/50 [OK ] reward= -3.1459  rank(-1 * decay_linear(stddev(delta(close, 1), 20), 20) * cs_rank(vwap))
[reward_only] iter 29/50 [OK ] reward=-55.7704  rank(-1 * decay_linear(stddev(delta(close, 1), 20), 20) * cs_rank(vwap) * ts_rank(volume, 20))
[reward_only] iter 30/50 [OK ] reward= -3.1459  rank(-1 * decay_linear(stddev(delta(close, 1), 20), 20) * cs_rank(vwap))
[reward_only] iter 31/50 [OK ] reward=-12.9793  rank(-1 * decay_linear(stddev(delta(close, 1), 20), 20) * cs_rank(vwap / (volume + 1e-5)))
[reward_only] iter 32/50 [OK ] reward= -3.1459  rank(-1 * decay_linear(stddev(delta(close, 1), 20), 20) * cs_rank(vwap))
[reward_only] iter 33/50 [OK ] reward=-26.7347  rank(-1 * decay_linear(stddev(delta(close, 1), 20), 20) * cs_rank(vwap) * cs_rank(volume))
[reward_only] iter 34/50 [OK ] reward= -3.1459  rank(-1 * decay_linear(stddev(delta(close, 1), 20), 20) * cs_rank(vwap))
[reward_only] iter 35/50 [OK ] reward=-55.7704  rank(-1 * decay_linear(stddev(delta(close, 1), 20), 20) * cs_rank(vwap) * ts_rank(volume, 20))
[reward_only] iter 36/50 [OK ] reward= -3.1459  rank(-1 * decay_linear(stddev(delta(close, 1), 20), 20) * cs_rank(vwap))
[reward_only] iter 37/50 [OK ] reward=-26.7347  rank(-1 * decay_linear(stddev(delta(close, 1), 20), 20) * cs_rank(vwap) * cs_rank(volume))
[reward_only] iter 38/50 [OK ] reward= -3.1459  rank(-1 * decay_linear(stddev(delta(close, 1), 20), 20) * cs_rank(vwap))
[reward_only] iter 39/50 [OK ] reward=-26.7347  rank(-1 * decay_linear(stddev(delta(close, 1), 20), 20) * cs_rank(vwap) * cs_rank(volume))
[reward_only] iter 40/50 [OK ] reward= -3.1459  rank(-1 * decay_linear(stddev(delta(close, 1), 20), 20) * cs_rank(vwap))
[reward_only] iter 41/50 [OK ] reward=-55.7704  rank(-1 * decay_linear(stddev(delta(close, 1), 20), 20) * cs_rank(vwap) * ts_rank(volume, 20))
[reward_only] iter 42/50 [OK ] reward= -3.1459  rank(-1 * decay_linear(stddev(delta(close, 1), 20), 20) * cs_rank(vwap))
[reward_only] iter 43/50 [OK ] reward=-34.8874  rank(-1 * decay_linear(stddev(delta(close, 1), 20), 20) * cs_rank(volume / (vwap + 1e-5)))
[reward_only] iter 44/50 [OK ] reward= -3.1459  rank(-1 * decay_linear(stddev(delta(close, 1), 20), 20) * cs_rank(vwap))
[reward_only] iter 45/50 [OK ] reward=-26.7347  rank(-1 * decay_linear(stddev(delta(close, 1), 20), 20) * cs_rank(vwap) * cs_rank(volume))
[reward_only] iter 46/50 [OK ] reward= -3.1459  rank(-1 * decay_linear(stddev(delta(close, 1), 20), 20) * cs_rank(vwap))
[reward_only] iter 47/50 [OK ] reward=-52.7865  rank(-1 * decay_linear(stddev(delta(close, 1), 20), 20) * cs_rank(vwap) * ts_rank(volume, 60))
[reward_only] iter 48/50 [OK ] reward= -3.1459  rank(-1 * decay_linear(stddev(delta(close, 1), 20), 20) * cs_rank(vwap))
[reward_only] iter 49/50 [OK ] reward=-26.7347  rank(-1 * decay_linear(stddev(delta(close, 1), 20), 20) * cs_rank(vwap) * cs_rank(volume))
[reward_only] iter 50/50 [OK ] reward= -3.1459  rank(-1 * decay_linear(stddev(delta(close, 1), 20), 20) * cs_rank(vwap))
[wfo:reward_only] fold 6 winner: rank(-1 * decay_linear(stddev(delta(close, 1), 20), 20) * cs_rank(vwap))
[wfo:reward_only] fold 6 OOS: Gross_IR=2.061 Turnover=6.64 Net_IR=1.637
[wfo:reward_only] fold 7: train 2008-01-01..2012-12-31 -> test 2013-01-01..2013-12-31
[reward_only] iter  0/50 [SEED] reward= -8.2750  rank(-1 * stddev(delta(close, 1), 20))
[reward_only] iter  1/50 [OK ] reward= -3.3052  rank(-1 * decay_linear(stddev(delta(close, 1), 20), 30))
[reward_only] iter  2/50 [OK ] reward= -2.7606  rank(-1 * decay_linear(stddev(delta(close, 1), 20), 30) * cs_rank(vwap))
[reward_only] iter  3/50 [OK ] reward=-26.6961  rank(-1 * decay_linear(stddev(delta(close, 1), 20), 30) * cs_rank(vwap) * cs_rank(volume))
[reward_only] iter  4/50 [OK ] reward= -2.7606  rank(-1 * decay_linear(stddev(delta(close, 1), 20), 30) * cs_rank(vwap))
[reward_only] iter  5/50 [OK ] reward=-42.6569  rank(-1 * decay_linear(stddev(delta(close, 1), 20), 30) * cs_rank(volume))
[reward_only] iter  6/50 [OK ] reward=-26.6961  rank(-1 * decay_linear(stddev(delta(close, 1), 20), 30) * cs_rank(volume) * cs_rank(vwap))
[reward_only] iter  7/50 [OK ] reward= -2.7606  rank(-1 * decay_linear(stddev(delta(close, 1), 20), 30) * cs_rank(vwap))
[reward_only] iter  8/50 [ERR] reward=    -inf  rank(-1 * decay_linear(stddev(delta(close, 1), 20), 30) * cs_rank(vwap / (high + low + close) * 3))
[reward_only] iter  9/50 [OK ] reward= -2.9606  rank(-1 * decay_linear(stddev(delta(close, 1), 20), 30) * cs_rank(vwap / (high + low + close + 1e-5)))
[reward_only] iter 10/50 [OK ] reward= -2.7606  rank(-1 * decay_linear(stddev(delta(close, 1), 20), 30) * cs_rank(vwap))
[reward_only] iter 11/50 [OK ] reward=-55.4921  rank(-1 * decay_linear(stddev(delta(close, 1), 20), 30) * cs_rank(vwap) * ts_rank(volume, 20))
[reward_only] iter 12/50 [OK ] reward= -2.7606  rank(-1 * decay_linear(stddev(delta(close, 1), 20), 30) * cs_rank(vwap))
[reward_only] iter 13/50 [OK ] reward=-55.4921  rank(-1 * decay_linear(stddev(delta(close, 1), 20), 30) * cs_rank(vwap) * ts_rank(volume, 20))
[reward_only] iter 14/50 [OK ] reward= -2.7606  rank(-1 * decay_linear(stddev(delta(close, 1), 20), 30) * cs_rank(vwap))
[reward_only] iter 15/50 [OK ] reward=-26.6961  rank(-1 * decay_linear(stddev(delta(close, 1), 20), 30) * cs_rank(volume) * cs_rank(vwap))
[reward_only] iter 16/50 [OK ] reward= -2.7606  rank(-1 * decay_linear(stddev(delta(close, 1), 20), 30) * cs_rank(vwap))
[reward_only] iter 17/50 [OK ] reward=-55.4921  rank(-1 * decay_linear(stddev(delta(close, 1), 20), 30) * cs_rank(vwap) * ts_rank(volume, 20))
[reward_only] iter 18/50 [OK ] reward= -2.7606  rank(-1 * decay_linear(stddev(delta(close, 1), 20), 30) * cs_rank(vwap))
[reward_only] iter 19/50 [OK ] reward=-54.4914  rank(-1 * decay_linear(stddev(delta(close, 1), 20), 30) * cs_rank(vwap) * ts_rank(zscore(volume, 20), 20))
[reward_only] iter 20/50 [OK ] reward= -2.7606  rank(-1 * decay_linear(stddev(delta(close, 1), 20), 30) * cs_rank(vwap))
[reward_only] iter 21/50 [OK ] reward=-42.7566  rank(-1 * decay_linear(stddev(delta(close, 1), 20), 30) * cs_rank(volume / (volume + 1e-5)))
[reward_only] iter 22/50 [OK ] reward= -2.8606  rank(-1 * decay_linear(stddev(delta(close, 1), 20), 30) * cs_rank(vwap / (vwap + 1e-5)))
[reward_only] iter 23/50 [OK ] reward= -2.7606  rank(-1 * decay_linear(stddev(delta(close, 1), 20), 30) * cs_rank(vwap))
[reward_only] iter 24/50 [OK ] reward=-55.4921  rank(-1 * decay_linear(stddev(delta(close, 1), 20), 30) * cs_rank(vwap) * ts_rank(volume, 20))
[reward_only] iter 25/50 [OK ] reward= -2.7606  rank(-1 * decay_linear(stddev(delta(close, 1), 20), 30) * cs_rank(vwap))
[reward_only] iter 26/50 [OK ] reward=-26.6961  rank(-1 * decay_linear(stddev(delta(close, 1), 20), 30) * cs_rank(vwap) * cs_rank(volume))
[reward_only] iter 27/50 [OK ] reward= -2.7606  rank(-1 * decay_linear(stddev(delta(close, 1), 20), 30) * cs_rank(vwap))
[reward_only] iter 28/50 [OK ] reward=-26.6961  rank(-1 * decay_linear(stddev(delta(close, 1), 20), 30) * cs_rank(vwap) * cs_rank(volume))
[reward_only] iter 29/50 [OK ] reward= -2.7606  rank(-1 * decay_linear(stddev(delta(close, 1), 20), 30) * cs_rank(vwap))
[reward_only] iter 30/50 [OK ] reward=-10.7996  rank(-1 * decay_linear(stddev(delta(close, 1), 20), 30) * cs_rank(vwap / cs_rank(volume)))
[reward_only] iter 31/50 [OK ] reward= -2.7606  rank(-1 * decay_linear(stddev(delta(close, 1), 20), 30) * cs_rank(vwap))
[reward_only] iter 32/50 [OK ] reward=-12.6412  rank(-1 * decay_linear(stddev(delta(close, 1), 20), 30) * cs_rank(vwap / (volume + 1e-5)))
[reward_only] iter 33/50 [OK ] reward= -2.7606  rank(-1 * decay_linear(stddev(delta(close, 1), 20), 30) * cs_rank(vwap))
[reward_only] iter 34/50 [OK ] reward=-26.6961  rank(-1 * decay_linear(stddev(delta(close, 1), 20), 30) * cs_rank(vwap) * cs_rank(volume))
[reward_only] iter 35/50 [OK ] reward= -2.7606  rank(-1 * decay_linear(stddev(delta(close, 1), 20), 30) * cs_rank(vwap))
[reward_only] iter 36/50 [OK ] reward=-53.5711  rank(-1 * decay_linear(stddev(delta(close, 1), 20), 30) * cs_rank(vwap) * ts_rank(volume, 60))
[reward_only] iter 37/50 [OK ] reward= -2.7606  rank(-1 * decay_linear(stddev(delta(close, 1), 20), 30) * cs_rank(vwap))
[reward_only] iter 38/50 [OK ] reward=-12.6412  rank(-1 * decay_linear(stddev(delta(close, 1), 20), 30) * cs_rank(vwap / (volume + 1e-5)))
[reward_only] iter 39/50 [OK ] reward= -2.7606  rank(-1 * decay_linear(stddev(delta(close, 1), 20), 30) * cs_rank(vwap))
[reward_only] iter 40/50 [OK ] reward=-26.6961  rank(-1 * decay_linear(stddev(delta(close, 1), 20), 30) * cs_rank(vwap) * cs_rank(volume))
[reward_only] iter 41/50 [OK ] reward= -2.7606  rank(-1 * decay_linear(stddev(delta(close, 1), 20), 30) * cs_rank(vwap))
[reward_only] iter 42/50 [OK ] reward=-117.7221  rank(-1 * decay_linear(stddev(delta(close, 1), 20), 30) * cs_rank(vwap) * zscore(volume, 20))
[reward_only] iter 43/50 [OK ] reward= -2.7606  rank(-1 * decay_linear(stddev(delta(close, 1), 20), 30) * cs_rank(vwap))
[reward_only] iter 44/50 [OK ] reward=-53.5711  rank(-1 * decay_linear(stddev(delta(close, 1), 20), 30) * cs_rank(vwap) * ts_rank(volume, 60))
[reward_only] iter 45/50 [OK ] reward= -2.7606  rank(-1 * decay_linear(stddev(delta(close, 1), 20), 30) * cs_rank(vwap))
[reward_only] iter 46/50 [OK ] reward=-42.6569  rank(-1 * decay_linear(stddev(delta(close, 1), 20), 30) * cs_rank(volume))
[reward_only] iter 47/50 [OK ] reward=-26.6961  rank(-1 * decay_linear(stddev(delta(close, 1), 20), 30) * cs_rank(vwap) * cs_rank(volume))
[reward_only] iter 48/50 [OK ] reward= -2.7606  rank(-1 * decay_linear(stddev(delta(close, 1), 20), 30) * cs_rank(vwap))
[reward_only] iter 49/50 [OK ] reward=-53.5711  rank(-1 * decay_linear(stddev(delta(close, 1), 20), 30) * cs_rank(vwap) * ts_rank(volume, 60))
[reward_only] iter 50/50 [OK ] reward= -2.7606  rank(-1 * decay_linear(stddev(delta(close, 1), 20), 30) * cs_rank(vwap))
[wfo:reward_only] fold 7 winner: rank(-1 * decay_linear(stddev(delta(close, 1), 20), 30) * cs_rank(vwap))
[wfo:reward_only] fold 7 OOS: Gross_IR=2.742 Turnover=6.12 Net_IR=2.236
[wfo:reward_only] fold 8: train 2009-01-01..2013-12-31 -> test 2014-01-01..2014-12-31
[reward_only] iter  0/50 [SEED] reward= -8.2606  rank(-1 * stddev(delta(close, 1), 20))
[reward_only] iter  1/50 [OK ] reward= -3.5408  rank(-1 * decay_linear(stddev(delta(close, 1), 20), 20))
[reward_only] iter  2/50 [OK ] reward=-19.6632  rank(-1 * decay_linear(ts_rank(stddev(delta(close, 1), 20), 20), 20))
[reward_only] iter  3/50 [OK ] reward= -1.8429  rank(-1 * decay_linear(stddev(delta(close, 1), 20) * vwap, 20))
[reward_only] iter  4/50 [OK ] reward= -3.5908  rank(-1 * decay_linear(stddev(delta(close, 1), 20) * vwap / (vwap + 1e-5), 20))
[reward_only] iter  5/50 [OK ] reward= -1.8429  rank(-1 * decay_linear(stddev(delta(close, 1), 20) * vwap, 20))
[reward_only] iter  6/50 [OK ] reward= -2.1511  rank(-1 * decay_linear(stddev(delta(close, 1), 20) * vwap / (volume + 1e-5), 20))
[reward_only] iter  7/50 [OK ] reward= -1.8429  rank(-1 * decay_linear(stddev(delta(close, 1), 20) * vwap, 20))
[reward_only] iter  8/50 [OK ] reward= -4.0734  rank(-1 * decay_linear(stddev(delta(close, 1), 20) * vwap * cs_rank(volume), 20))
[reward_only] iter  9/50 [OK ] reward= -1.8429  rank(-1 * decay_linear(stddev(delta(close, 1), 20) * vwap, 20))
[reward_only] iter 10/50 [OK ] reward= -1.8197  rank(-1 * decay_linear(stddev(delta(close, 1), 20) * cs_rank(vwap), 20))
[reward_only] iter 11/50 [OK ] reward= -7.1937  rank(-1 * decay_linear(stddev(delta(close, 1), 20) * cs_rank(volume), 20))
[reward_only] iter 12/50 [OK ] reward= -1.8197  rank(-1 * decay_linear(stddev(delta(close, 1), 20) * cs_rank(vwap), 20))
[reward_only] iter 13/50 [OK ] reward=-133.6672  rank(-1 * decay_linear(stddev(delta(close, 1), 20) * cs_rank(vwap), 20)) + rank(vwap - open)
[reward_only] iter 14/50 [OK ] reward= -1.8197  rank(-1 * decay_linear(stddev(delta(close, 1), 20) * cs_rank(vwap), 20))
[reward_only] iter 15/50 [OK ] reward= -2.3252  rank(-1 * decay_linear(stddev(delta(close, 1), 20) * cs_rank(vwap / (volume + 1e-5)), 20))
[reward_only] iter 16/50 [OK ] reward= -1.8197  rank(-1 * decay_linear(stddev(delta(close, 1), 20) * cs_rank(vwap), 20))
[reward_only] iter 17/50 [OK ] reward=-79.7169  rank(-1 * decay_linear(stddev(delta(close, 1), 20) * cs_rank(vwap), 20) + ts_rank(volume, 20))
[reward_only] iter 18/50 [OK ] reward= -1.8197  rank(-1 * decay_linear(stddev(delta(close, 1), 20) * cs_rank(vwap), 20))
[reward_only] iter 19/50 [OK ] reward= -1.6469  rank(-1 * decay_linear(stddev(delta(close, 1), 20) * cs_rank(vwap), 25))
[reward_only] iter 20/50 [OK ] reward= -1.6469  rank(-1 * decay_linear(stddev(delta(close, 1), 20) * cs_rank(vwap), 25))
[reward_only] iter 21/50 [OK ] reward= -2.0607  rank(-1 * decay_linear(stddev(delta(close, 1), 20) * cs_rank(vwap / (volume + 1e-5)), 25))
[reward_only] iter 22/50 [OK ] reward= -1.6469  rank(-1 * decay_linear(stddev(delta(close, 1), 20) * cs_rank(vwap), 25))
[reward_only] iter 23/50 [OK ] reward=-20.3211  rank(-1 * decay_linear(stddev(delta(close, 1), 20) * cs_rank(vwap), 25) + ts_rank(vwap, 60))
[reward_only] iter 24/50 [OK ] reward= -1.6469  rank(-1 * decay_linear(stddev(delta(close, 1), 20) * cs_rank(vwap), 25))
[reward_only] iter 25/50 [OK ] reward= -6.2963  rank(-1 * decay_linear(stddev(delta(close, 1), 20) * cs_rank(volume), 25))
[reward_only] iter 26/50 [OK ] reward= -2.0607  rank(-1 * decay_linear(stddev(delta(close, 1), 20) * cs_rank(vwap / (volume + 1e-5)), 25))
[reward_only] iter 27/50 [OK ] reward= -1.6469  rank(-1 * decay_linear(stddev(delta(close, 1), 20) * cs_rank(vwap), 25))
[reward_only] iter 28/50 [OK ] reward= -6.2963  rank(-1 * decay_linear(stddev(delta(close, 1), 20) * cs_rank(volume), 25))
[reward_only] iter 29/50 [OK ] reward=-27.6775  rank(-1 * decay_linear(stddev(delta(close, 1), 20) * cs_rank(vwap) * zscore(volume, 20), 25))
[reward_only] iter 30/50 [OK ] reward= -1.6469  rank(-1 * decay_linear(stddev(delta(close, 1), 20) * cs_rank(vwap), 25))
[reward_only] iter 31/50 [OK ] reward=-26.3600  rank(-1 * decay_linear(stddev(delta(close, 1), 20) * cs_rank(vwap), 25) * cs_rank(volume))
[reward_only] iter 32/50 [OK ] reward= -1.6469  rank(-1 * decay_linear(stddev(delta(close, 1), 20) * cs_rank(vwap), 25))
[reward_only] iter 33/50 [OK ] reward=-19.0720  rank(-1 * decay_linear(stddev(delta(close, 1), 20) * cs_rank(vwap), 25) + cs_rank(volume))
[reward_only] iter 34/50 [OK ] reward= -1.6469  rank(-1 * decay_linear(stddev(delta(close, 1), 20) * cs_rank(vwap), 25))
[reward_only] iter 35/50 [OK ] reward= -6.2963  rank(-1 * decay_linear(stddev(delta(close, 1), 20) * cs_rank(volume), 25))
[reward_only] iter 36/50 [OK ] reward= -2.3590  rank(-1 * decay_linear(stddev(delta(close, 1), 20) * cs_rank(vwap) * cs_rank(high - low), 25))
[reward_only] iter 37/50 [OK ] reward= -1.6469  rank(-1 * decay_linear(stddev(delta(close, 1), 20) * cs_rank(vwap), 25))
[reward_only] iter 38/50 [OK ] reward= -4.2698  rank(-1 * decay_linear(stddev(delta(close, 1), 20) * cs_rank(vwap) * ts_rank(volume, 20), 25))
[reward_only] iter 39/50 [OK ] reward= -1.6469  rank(-1 * decay_linear(stddev(delta(close, 1), 20) * cs_rank(vwap), 25))
[reward_only] iter 40/50 [OK ] reward=-118.5190  rank(-1 * decay_linear(stddev(delta(close, 1), 20) * cs_rank(vwap), 25) * zscore(volume, 20))
[reward_only] iter 41/50 [OK ] reward= -1.6469  rank(-1 * decay_linear(stddev(delta(close, 1), 20) * cs_rank(vwap), 25))
[reward_only] iter 42/50 [OK ] reward= -1.6469  rank(-1 * decay_linear(stddev(delta(close, 1), 20) * cs_rank(vwap), 25))
[reward_only] iter 43/50 [OK ] reward=-19.1720  rank(-1 * decay_linear(stddev(delta(close, 1), 20) * cs_rank(vwap), 25) + cs_rank(volume / (volume + 1e-5)))
[reward_only] iter 44/50 [OK ] reward= -1.6469  rank(-1 * decay_linear(stddev(delta(close, 1), 20) * cs_rank(vwap), 25))
[reward_only] iter 45/50 [OK ] reward=-56.0065  rank(-1 * decay_linear(stddev(delta(close, 1), 20) * cs_rank(vwap), 25) * ts_rank(volume, 100))
[reward_only] iter 46/50 [OK ] reward= -1.6469  rank(-1 * decay_linear(stddev(delta(close, 1), 20) * cs_rank(vwap), 25))
[reward_only] iter 47/50 [OK ] reward=-143.3157  rank(-1 * decay_linear(stddev(delta(close, 1), 20) * cs_rank(vwap), 25) + zscore(high - low, 20))
[reward_only] iter 48/50 [OK ] reward= -1.6469  rank(-1 * decay_linear(stddev(delta(close, 1), 20) * cs_rank(vwap), 25))
[reward_only] iter 49/50 [OK ] reward=-28.1935  rank(-1 * decay_linear(stddev(delta(close, 1), 20) * cs_rank(vwap), 25) * ts_rank(close, 20))
[reward_only] iter 50/50 [OK ] reward= -1.6469  rank(-1 * decay_linear(stddev(delta(close, 1), 20) * cs_rank(vwap), 25))
[wfo:reward_only] fold 8 winner: rank(-1 * decay_linear(stddev(delta(close, 1), 20) * cs_rank(vwap), 25))
[wfo:reward_only] fold 8 OOS: Gross_IR=0.139 Turnover=5.47 Net_IR=-0.191
[wfo:reward_only] fold 9: train 2010-01-01..2014-12-31 -> test 2015-01-01..2015-12-31
[reward_only] iter  0/50 [SEED] reward= -8.3043  rank(-1 * stddev(delta(close, 1), 20))
[reward_only] iter  1/50 [OK ] reward= -5.1250  cs_rank(-1 * sma(stddev(delta(close, 1), 20), 5))
[reward_only] iter  2/50 [OK ] reward=-18.8889  cs_rank(-1 * sma(zscore(stddev(delta(close, 1), 20), 60), 5))
[reward_only] iter  3/50 [OK ] reward=-18.8889  cs_rank(-1 * sma(zscore(stddev(delta(close, 1), 20), 60), 5))
[reward_only] iter  4/50 [OK ] reward= -5.1250  cs_rank(-1 * sma(stddev(delta(close, 1), 20), 5))
[reward_only] iter  5/50 [OK ] reward= -5.1250  cs_rank(-1 * sma(stddev(delta(close, 1), 20), 5))
[reward_only] iter  6/50 [OK ] reward=-43.8186  cs_rank(-1 * sma(stddev(delta(close, 1), 20), 5) * cs_rank(volume))
[reward_only] iter  7/50 [OK ] reward=-131.2300  cs_rank(-1 * sma(stddev(delta(close, 1), 20), 5) * cs_rank(vwap - close))
[reward_only] iter  8/50 [OK ] reward=-115.3533  cs_rank(-1 * sma(stddev(delta(close, 1), 20), 5)) * cs_rank(vwap - close)
[reward_only] iter  9/50 [OK ] reward= -5.1250  cs_rank(-1 * sma(stddev(delta(close, 1), 20), 5))
[reward_only] iter 10/50 [OK ] reward= -4.1281  cs_rank(-1 * sma(stddev(delta(close, 1), 20), 10))
[reward_only] iter 11/50 [OK ] reward= -3.7178  cs_rank(-1 * sma(stddev(delta(close, 1), 20), 10) / (1 + decay_linear(volume, 20)))
[reward_only] iter 12/50 [OK ] reward= -3.7178  cs_rank(-1 * sma(stddev(delta(close, 1), 20), 10) / (1 + decay_linear(volume, 20)))
[reward_only] iter 13/50 [OK ] reward= -3.7178  cs_rank(-1 * sma(stddev(delta(close, 1), 20), 10) / (1 + decay_linear(volume, 20)))
[reward_only] iter 14/50 [OK ] reward=-10.2398  cs_rank(-1 * sma(stddev(delta(close, 1), 20), 10) / (1 + cs_rank(volume)))
[reward_only] iter 15/50 [OK ] reward= -3.7178  cs_rank(-1 * sma(stddev(delta(close, 1), 20), 10) / (1 + decay_linear(volume, 20)))
[reward_only] iter 16/50 [OK ] reward= -3.7178  cs_rank(-1 * sma(stddev(delta(close, 1), 20), 10) / (1 + decay_linear(volume, 20)))
[reward_only] iter 17/50 [OK ] reward= -3.7178  cs_rank(-1 * sma(stddev(delta(close, 1), 20), 10) / (1 + decay_linear(volume, 20)))
[reward_only] iter 18/50 [OK ] reward= -3.7178  cs_rank(-1 * sma(stddev(delta(close, 1), 20), 10) / (1 + decay_linear(volume, 20)))
[reward_only] iter 19/50 [OK ] reward= -3.7178  cs_rank(-1 * sma(stddev(delta(close, 1), 20), 10) / (1 + decay_linear(volume, 20)))
[reward_only] iter 20/50 [OK ] reward= -3.7178  cs_rank(-1 * sma(stddev(delta(close, 1), 20), 10) / (1 + decay_linear(volume, 20)))
[reward_only] iter 21/50 [OK ] reward= -3.7178  cs_rank(-1 * sma(stddev(delta(close, 1), 20), 10) / (1 + decay_linear(volume, 20)))
[reward_only] iter 22/50 [OK ] reward= -3.7178  cs_rank(-1 * sma(stddev(delta(close, 1), 20), 10) / (1 + decay_linear(volume, 20)))
[reward_only] iter 23/50 [OK ] reward= -3.7178  cs_rank(-1 * sma(stddev(delta(close, 1), 20), 10) / (1 + decay_linear(volume, 20)))
[reward_only] iter 24/50 [OK ] reward= -3.7178  cs_rank(-1 * sma(stddev(delta(close, 1), 20), 10) / (1 + decay_linear(volume, 20)))
[reward_only] iter 25/50 [OK ] reward= -3.7178  cs_rank(-1 * sma(stddev(delta(close, 1), 20), 10) / (1 + decay_linear(volume, 20)))
[reward_only] iter 26/50 [OK ] reward= -3.7178  cs_rank(-1 * sma(stddev(delta(close, 1), 20), 10) / (1 + decay_linear(volume, 20)))
[reward_only] iter 27/50 [OK ] reward= -3.7178  cs_rank(-1 * sma(stddev(delta(close, 1), 20), 10) / (1 + decay_linear(volume, 20)))
[reward_only] iter 28/50 [OK ] reward= -3.7178  cs_rank(-1 * sma(stddev(delta(close, 1), 20), 10) / (1 + decay_linear(volume, 20)))
[reward_only] iter 29/50 [OK ] reward= -3.7178  cs_rank(-1 * sma(stddev(delta(close, 1), 20), 10) / (1 + decay_linear(volume, 20)))
[reward_only] iter 30/50 [OK ] reward=-10.2398  cs_rank(-1 * sma(stddev(delta(close, 1), 20), 10) / (1 + cs_rank(volume)))
[reward_only] iter 31/50 [OK ] reward= -3.7178  cs_rank(-1 * sma(stddev(delta(close, 1), 20), 10) / (1 + decay_linear(volume, 20)))
[reward_only] iter 32/50 [OK ] reward= -3.7178  cs_rank(-1 * sma(stddev(delta(close, 1), 20), 10) / (1 + decay_linear(volume, 20)))
[reward_only] iter 33/50 [OK ] reward= -3.7178  cs_rank(-1 * sma(stddev(delta(close, 1), 20), 10) / (1 + decay_linear(volume, 20)))
[reward_only] iter 34/50 [OK ] reward= -3.7178  cs_rank(-1 * sma(stddev(delta(close, 1), 20), 10) / (1 + decay_linear(volume, 20)))
[reward_only] iter 35/50 [OK ] reward= -3.7178  cs_rank(-1 * sma(stddev(delta(close, 1), 20), 10) / (1 + decay_linear(volume, 20)))
[reward_only] iter 36/50 [OK ] reward= -3.7178  cs_rank(-1 * sma(stddev(delta(close, 1), 20), 10) / (1 + decay_linear(volume, 20)))
[reward_only] iter 37/50 [OK ] reward= -3.7178  cs_rank(-1 * sma(stddev(delta(close, 1), 20), 10) / (1 + decay_linear(volume, 20)))
[reward_only] iter 38/50 [OK ] reward= -3.7178  cs_rank(-1 * sma(stddev(delta(close, 1), 20), 10) / (1 + decay_linear(volume, 20)))
[reward_only] iter 39/50 [OK ] reward= -3.7178  cs_rank(-1 * sma(stddev(delta(close, 1), 20), 10) / (1 + decay_linear(volume, 20)))
[reward_only] iter 40/50 [OK ] reward= -3.7178  cs_rank(-1 * sma(stddev(delta(close, 1), 20), 10) / (1 + decay_linear(volume, 20)))
[reward_only] iter 41/50 [OK ] reward= -3.7178  cs_rank(-1 * sma(stddev(delta(close, 1), 20), 10) / (1 + decay_linear(volume, 20)))
[reward_only] iter 42/50 [OK ] reward= -3.7178  cs_rank(-1 * sma(stddev(delta(close, 1), 20), 10) / (1 + decay_linear(volume, 20)))
[reward_only] iter 43/50 [OK ] reward= -3.7178  cs_rank(-1 * sma(stddev(delta(close, 1), 20), 10) / (1 + decay_linear(volume, 20)))
[reward_only] iter 44/50 [OK ] reward= -3.7178  cs_rank(-1 * sma(stddev(delta(close, 1), 20), 10) / (1 + decay_linear(volume, 20)))
[reward_only] iter 45/50 [OK ] reward= -3.7178  cs_rank(-1 * sma(stddev(delta(close, 1), 20), 10) / (1 + decay_linear(volume, 20)))
[reward_only] iter 46/50 [OK ] reward= -3.7178  cs_rank(-1 * sma(stddev(delta(close, 1), 20), 10) / (1 + decay_linear(volume, 20)))
[reward_only] iter 47/50 [OK ] reward= -3.7178  cs_rank(-1 * sma(stddev(delta(close, 1), 20), 10) / (1 + decay_linear(volume, 20)))
[reward_only] iter 48/50 [OK ] reward= -3.7178  cs_rank(-1 * sma(stddev(delta(close, 1), 20), 10) / (1 + decay_linear(volume, 20)))
[reward_only] iter 49/50 [OK ] reward= -3.7178  cs_rank(-1 * sma(stddev(delta(close, 1), 20), 10) / (1 + decay_linear(volume, 20)))
[reward_only] iter 50/50 [OK ] reward= -3.7178  cs_rank(-1 * sma(stddev(delta(close, 1), 20), 10) / (1 + decay_linear(volume, 20)))
[wfo:reward_only] fold 9 winner: cs_rank(-1 * sma(stddev(delta(close, 1), 20), 10) / (1 + decay_linear(volume, 20)))
[wfo:reward_only] fold 9 OOS: Gross_IR=0.298 Turnover=8.35 Net_IR=-0.262
[wfo:reward_only] fold 10: train 2011-01-01..2015-12-31 -> test 2016-01-01..2016-12-31
[reward_only] iter  0/50 [SEED] reward= -8.3976  rank(-1 * stddev(delta(close, 1), 20))
[reward_only] iter  1/50 [OK ] reward= -4.1077  cs_rank(-1 * sma(stddev(delta(close, 1), 20), 10))
[reward_only] iter  2/50 [ERR] reward=    -inf  cs_rank(-1 * decay_linear(sma(stddev(delta(close, 1), 20), 10), 20))
[reward_only] iter  3/50 [OK ] reward= -4.3586  cs_rank(-1 * decay_linear(stddev(delta(close, 1), 20), 10))
[reward_only] iter  4/50 [OK ] reward=-13.8289  cs_rank(-1 * sma(zscore(stddev(delta(close, 1), 20), 100), 10))
[reward_only] iter  5/50 [OK ] reward=-18.2226  cs_rank(-1 * sma(stddev(delta(close, 1), 20), 10) + cs_rank(volume / (volume + 1e-5)))
[reward_only] iter  6/50 [OK ] reward=-18.2226  cs_rank(-1 * sma(stddev(delta(close, 1), 20), 10) + cs_rank(volume / (volume + 1e-5)))
[reward_only] iter  7/50 [OK ] reward=-18.2226  cs_rank(-1 * sma(stddev(delta(close, 1), 20), 10) + cs_rank(volume / (volume + 1e-5)))
[reward_only] iter  8/50 [OK ] reward=-18.2226  cs_rank(-1 * sma(stddev(delta(close, 1), 20), 10) + cs_rank(volume / (volume + 1e-5)))
[reward_only] iter  9/50 [OK ] reward=-18.2226  cs_rank(-1 * sma(stddev(delta(close, 1), 20), 10) + cs_rank(volume / (volume + 1e-5)))
[reward_only] iter 10/50 [OK ] reward=-44.9269  cs_rank(-1 * sma(stddev(delta(close, 1), 20), 10) * cs_rank(volume / (volume + 1e-5)))
[reward_only] iter 11/50 [OK ] reward=-44.9269  cs_rank(-1 * sma(stddev(delta(close, 1), 20), 10) * cs_rank(volume / (volume + 1e-5)))
[reward_only] iter 12/50 [OK ] reward= -4.1077  cs_rank(-1 * sma(stddev(delta(close, 1), 20), 10))
[reward_only] iter 13/50 [OK ] reward=-69.9692  cs_rank(-1 * decay_linear(ts_rank(delta(close, 1), 20), 10))
[reward_only] iter 14/50 [OK ] reward=-25.9521  cs_rank(-1 * decay_linear(ts_rank(stddev(delta(close, 1), 20), 20), 10))
[reward_only] iter 15/50 [OK ] reward=-180.2738  cs_rank(-1 * zscore(close / (open + 1e-5), 20))
[reward_only] iter 16/50 [OK ] reward=-119.4891  cs_rank(-1 * sma(stddev(delta(close, 1), 20), 10) * cs_rank(zscore(close / (open + 1e-5), 20)))
[reward_only] iter 17/50 [OK ] reward=-119.4891  cs_rank(-1 * sma(stddev(delta(close, 1), 20), 10) * cs_rank(zscore(close / (open + 1e-5), 20)))
[reward_only] iter 18/50 [OK ] reward=-119.4891  cs_rank(-1 * sma(stddev(delta(close, 1), 20), 10) * cs_rank(zscore(close / (open + 1e-5), 20)))
[reward_only] iter 19/50 [OK ] reward=-120.2938  cs_rank(-1 * sma(stddev(delta(close, 1), 20), 10) * cs_rank(vwap / (open + 1e-5)))
[reward_only] iter 20/50 [OK ] reward=-36.7239  cs_rank(-1 * sma(stddev(delta(close, 1), 20), 10) * cs_rank(volume / (vwap + 1e-5)))
[reward_only] iter 21/50 [OK ] reward= -4.1077  cs_rank(-1 * sma(stddev(delta(close, 1), 20), 10))
[reward_only] iter 22/50 [OK ] reward=-21.4879  cs_rank(-1 * sma(stddev(delta(close, 1), 20), 10) / (cs_rank(volume) + 1e-5))
[reward_only] iter 23/50 [OK ] reward= -4.1077  cs_rank(-1 * sma(stddev(delta(close, 1), 20), 10))
[reward_only] iter 24/50 [OK ] reward= -3.5636  cs_rank(-1 * sma(stddev(delta(close, 1), 20), 15))
[reward_only] iter 25/50 [OK ] reward= -3.0728  cs_rank(-1 * sma(stddev(delta(close, 1), 25), 15))
[reward_only] iter 26/50 [OK ] reward= -2.7739  cs_rank(-1 * sma(stddev(delta(close, 1), 25), 20))
[reward_only] iter 27/50 [ERR] reward=    -inf  cs_rank(-1 * decay_linear(sma(stddev(delta(close, 1), 25), 20), 10))
[reward_only] iter 28/50 [OK ] reward= -3.0045  cs_rank(-1 * decay_linear(stddev(delta(close, 1), 25), 20))
[reward_only] iter 29/50 [ERR] reward=    -inf  cs_rank(-1 * sma(decay_linear(stddev(delta(close, 1), 25), 20), 10))
[reward_only] iter 30/50 [OK ] reward= -3.0045  cs_rank(-1 * decay_linear(stddev(delta(close, 1), 25), 20))
[reward_only] iter 31/50 [OK ] reward=-20.0216  cs_rank(-1 * decay_linear(ts_rank(stddev(delta(close, 1), 25), 20), 15))
[reward_only] iter 32/50 [OK ] reward=-17.8261  cs_rank(-1 * sma(stddev(delta(close, 1), 25), 20) + cs_rank(volume))
[reward_only] iter 33/50 [OK ] reward=-96.9804  cs_rank(-1 * sma(stddev(delta(close, 1), 25), 20) + cs_rank(vwap - close))
[reward_only] iter 34/50 [OK ] reward=-133.2139  cs_rank(-1 * sma(stddev(delta(close, 1), 25), 20)) + cs_rank(vwap - close)
[reward_only] iter 35/50 [OK ] reward=-133.2139  cs_rank(-1 * sma(stddev(delta(close, 1), 25), 20)) + cs_rank(vwap - close)
[reward_only] iter 36/50 [OK ] reward=-133.2139  cs_rank(-1 * sma(stddev(delta(close, 1), 25), 20)) + cs_rank(vwap - close)
[reward_only] iter 37/50 [OK ] reward= -2.7739  cs_rank(-1 * sma(stddev(delta(close, 1), 25), 20))
[reward_only] iter 38/50 [OK ] reward= -3.2010  cs_rank(-1 * sma(stddev(delta(close, 1), 20), 20))
[reward_only] iter 39/50 [OK ] reward= -3.5636  cs_rank(-1 * sma(stddev(delta(close, 1), 20), 15))
[reward_only] iter 40/50 [OK ] reward= -2.8803  cs_rank(-1 * sma(stddev(delta(close, 1), 25), 18))
[reward_only] iter 41/50 [OK ] reward= -2.6895  cs_rank(-1 * sma(stddev(delta(close, 1), 25), 22))
[reward_only] iter 42/50 [OK ] reward=-45.5417  cs_rank(-1 * sma(stddev(delta(close, 1), 25), 22) * cs_rank(volume))
[reward_only] iter 43/50 [OK ] reward= -6.0959  cs_rank(-1 * sma(stddev(delta(close, 1), 25), 22) * decay_linear(cs_rank(volume), 22))
[reward_only] iter 44/50 [OK ] reward= -6.8590  cs_rank(-1 * sma(stddev(delta(close, 1), 25), 22) * decay_linear(volume, 22))
[reward_only] iter 45/50 [OK ] reward= -6.0959  cs_rank(-1 * sma(stddev(delta(close, 1), 25), 22) * decay_linear(cs_rank(volume), 22))
[reward_only] iter 46/50 [OK ] reward=-45.5417  cs_rank(-1 * sma(stddev(delta(close, 1), 25), 22) * cs_rank(volume))
[reward_only] iter 47/50 [OK ] reward=-45.6416  cs_rank(-1 * sma(stddev(delta(close, 1), 25), 22) * cs_rank(volume / (volume + 1e-5)))
[reward_only] iter 48/50 [OK ] reward=-45.6416  cs_rank(-1 * sma(stddev(delta(close, 1), 25), 22) * cs_rank(volume / (volume + 1e-5)))
[reward_only] iter 49/50 [OK ] reward=-45.6416  cs_rank(-1 * sma(stddev(delta(close, 1), 25), 22) * cs_rank(volume / (volume + 1e-5)))
[reward_only] iter 50/50 [OK ] reward=-45.6416  cs_rank(-1 * sma(stddev(delta(close, 1), 25), 22) * cs_rank(volume / (volume + 1e-5)))
[wfo:reward_only] fold 10 winner: cs_rank(-1 * sma(stddev(delta(close, 1), 25), 22))
[wfo:reward_only] fold 10 OOS: Gross_IR=1.961 Turnover=7.46 Net_IR=1.520
[wfo:reward_only] fold 11: train 2012-01-01..2016-12-31 -> test 2017-01-01..2017-12-31
[reward_only] iter  0/50 [SEED] reward= -8.4295  rank(-1 * stddev(delta(close, 1), 20))
[reward_only] iter  1/50 [OK ] reward=-104.4215  rank(-1 * (stddev(delta(close, 1), 20) + zscore(volume, 20)))
[reward_only] iter  2/50 [OK ] reward=-118.5320  cs_rank(-1 * (stddev(delta(close, 1), 20) * zscore(volume, 20)))
[reward_only] iter  3/50 [OK ] reward=-126.9618  cs_rank(-1 * (ts_rank(close, 20) * zscore(volume, 20)))
[reward_only] iter  4/50 [OK ] reward=-40.7362  cs_rank(-1 * (ts_rank(close, 20) * stddev(volume, 20)))
[reward_only] iter  5/50 [OK ] reward=-53.9723  rank(-1 * (ts_rank(vwap, 20) * cs_rank(volume)))
[reward_only] iter  6/50 [OK ] reward=-57.9687  rank(-1 * (ts_rank(close, 20) * cs_rank(volume)))
[reward_only] iter  7/50 [OK ] reward=-57.9691  rank(-1 * (ts_rank(close, 20) * cs_rank(volume / (volume + 1e-5))))
[reward_only] iter  8/50 [ERR] reward=    -inf  rank(-1 * (cs_rank(close / open) * cs_rank(volume / (volume + 1e-5))))
[reward_only] iter  9/50 [OK ] reward=-131.7044  rank(-1 * (cs_rank(close / (open + 1e-5)) * cs_rank(volume / (volume + 1e-5))))
[reward_only] iter 10/50 [OK ] reward=-17.1745  rank(-1 * stddev(delta(close, 1), 20) + cs_rank(volume / (volume + 1e-5)))
[reward_only] iter 11/50 [OK ] reward=-17.1745  rank(-1 * stddev(delta(close, 1), 20) + cs_rank(volume / (volume + 1e-5)))
[reward_only] iter 12/50 [OK ] reward=-17.1745  rank(-1 * stddev(delta(close, 1), 20) + cs_rank(volume / (volume + 1e-5)))
[reward_only] iter 13/50 [OK ] reward=-17.1745  rank(-1 * stddev(delta(close, 1), 20) + cs_rank(volume / (volume + 1e-5)))
[reward_only] iter 14/50 [OK ] reward=-17.1745  rank(-1 * stddev(delta(close, 1), 20) + cs_rank(volume / (volume + 1e-5)))
[reward_only] iter 15/50 [OK ] reward=-17.1745  rank(-1 * stddev(delta(close, 1), 20) + cs_rank(volume / (volume + 1e-5)))
[reward_only] iter 16/50 [OK ] reward=-17.1745  rank(-1 * stddev(delta(close, 1), 20) + cs_rank(volume / (volume + 1e-5)))
[reward_only] iter 17/50 [OK ] reward=-17.1745  rank(-1 * stddev(delta(close, 1), 20) + cs_rank(volume / (volume + 1e-5)))
[reward_only] iter 18/50 [OK ] reward=-49.4576  rank(-1 * stddev(delta(close, 1), 20) * cs_rank(volume / (volume + 1e-5)))
[reward_only] iter 19/50 [OK ] reward=-49.4576  rank(-1 * stddev(delta(close, 1), 20) * cs_rank(volume / (volume + 1e-5)))
[reward_only] iter 20/50 [OK ] reward=-49.4072  rank(-1 * stddev(delta(close, 1), 20) * cs_rank(volume))
[reward_only] iter 21/50 [OK ] reward=-81.1211  rank(-1 * stddev(delta(close, 1), 20) * ts_rank(volume, 60))
[reward_only] iter 22/50 [OK ] reward=-81.1211  cs_rank(-1 * stddev(delta(close, 1), 20) * ts_rank(volume, 60))
[reward_only] iter 23/50 [OK ] reward=-12.6255  cs_rank(-1 * stddev(delta(close, 1), 20) * decay_linear(ts_rank(volume, 60), 20))
[reward_only] iter 24/50 [OK ] reward=-110.8450  cs_rank(-1 * stddev(delta(close, 1), 20) * zscore(volume, 60))
[reward_only] iter 25/50 [OK ] reward= -9.6480  cs_rank(-1 * decay_linear(ts_rank(close, 20), 60))
[reward_only] iter 26/50 [OK ] reward=-115.8470  rank(-1 * (high - low) / (high + low + 1e-5))
[reward_only] iter 27/50 [OK ] reward= -8.1734  rank(-1 * (decay_linear(stddev(delta(close, 1), 20), 20) / (high + low + 1e-5)))
[reward_only] iter 28/50 [OK ] reward=-17.0928  rank(-1 * (stddev(delta(close, 1), 20) / (high + low + 1e-5)))
[reward_only] iter 29/50 [OK ] reward=-41.3394  rank(-1 * (decay_linear(stddev(delta(close, 1), 20), 20) / (high + low + 1e-5) + cs_rank(volume)))
[reward_only] iter 30/50 [OK ] reward= -8.1734  rank(-1 * (decay_linear(stddev(delta(close, 1), 20), 20) / (high + low + 1e-5)))
[reward_only] iter 31/50 [OK ] reward= -8.1734  rank(-1 * (decay_linear(stddev(delta(close, 1), 20), 20) / (high + low + 1e-5)))
[reward_only] iter 32/50 [OK ] reward= -8.1348  rank(-1 * (decay_linear(stddev(delta(close, 1), 20), 20) / (vwap + 1e-5)))
[reward_only] iter 33/50 [OK ] reward=-33.2365  rank(-1 * (decay_linear(stddev(delta(close, 1), 20), 20) / (vwap + 1e-5)) + decay_linear(ts_rank(volume, 20), 20))
[reward_only] iter 34/50 [OK ] reward= -8.1348  rank(-1 * (decay_linear(stddev(delta(close, 1), 20), 20) / (vwap + 1e-5)))
[reward_only] iter 35/50 [OK ] reward=-38.4630  rank(-1 * (decay_linear(stddev(delta(close, 1), 20), 20) / (vwap + 1e-5)) + cs_rank(volume))
[reward_only] iter 36/50 [OK ] reward=-30.7423  rank(-1 * (decay_linear(stddev(delta(close, 1), 20), 20) / (vwap + 1e-5))) + rank(volume)
[reward_only] iter 37/50 [OK ] reward= -8.1348  rank(-1 * (decay_linear(stddev(delta(close, 1), 20), 20) / (vwap + 1e-5)))
[reward_only] iter 38/50 [OK ] reward=-33.2365  rank(-1 * (decay_linear(stddev(delta(close, 1), 20), 20) / (vwap + 1e-5)) + decay_linear(ts_rank(volume, 20), 20))
[reward_only] iter 39/50 [OK ] reward= -8.1348  cs_rank(-1 * (decay_linear(stddev(delta(close, 1), 20), 20) / (vwap + 1e-5)))
[reward_only] iter 40/50 [OK ] reward=-132.8533  cs_rank(-1 * (decay_linear(stddev(delta(close, 1), 20), 20) / (vwap + 1e-5)) + ts_rank(volume, 20))
[reward_only] iter 41/50 [OK ] reward= -8.1348  rank(-1 * (decay_linear(stddev(delta(close, 1), 20), 20) / (vwap + 1e-5)))
[reward_only] iter 42/50 [OK ] reward=-33.2365  rank(-1 * (decay_linear(stddev(delta(close, 1), 20), 20) / (vwap + 1e-5)) + decay_linear(ts_rank(volume, 20), 20))
[reward_only] iter 43/50 [OK ] reward= -8.1348  rank(-1 * (decay_linear(stddev(delta(close, 1), 20), 20) / (vwap + 1e-5)))
[reward_only] iter 44/50 [OK ] reward= -4.1816  rank(-1 * (decay_linear(stddev(delta(close, 1), 20), 20) + cs_rank(volume) / (vwap + 1e-5)))
[reward_only] iter 45/50 [OK ] reward= -4.1816  rank(-1 * (decay_linear(stddev(delta(close, 1), 20), 20) + cs_rank(volume) / (vwap + 1e-5)))
[reward_only] iter 46/50 [OK ] reward= -4.1816  rank(-1 * (decay_linear(stddev(delta(close, 1), 20), 20) + cs_rank(volume) / (vwap + 1e-5)))
[reward_only] iter 47/50 [OK ] reward= -4.1816  rank(-1 * (decay_linear(stddev(delta(close, 1), 20), 20) + cs_rank(volume) / (vwap + 1e-5)))
[reward_only] iter 48/50 [OK ] reward= -4.1816  rank(-1 * (decay_linear(stddev(delta(close, 1), 20), 20) + cs_rank(volume) / (vwap + 1e-5)))
[reward_only] iter 49/50 [OK ] reward= -4.1816  rank(-1 * (decay_linear(stddev(delta(close, 1), 20), 20) + cs_rank(volume) / (vwap + 1e-5)))
[reward_only] iter 50/50 [OK ] reward= -4.1816  rank(-1 * (decay_linear(stddev(delta(close, 1), 20), 20) + cs_rank(volume) / (vwap + 1e-5)))
[wfo:reward_only] fold 11 winner: rank(-1 * (decay_linear(stddev(delta(close, 1), 20), 20) + cs_rank(volume) / (vwap + 1e-5)))
[wfo:reward_only] fold 11 OOS: Gross_IR=0.482 Turnover=9.08 Net_IR=-0.215
[wfo:reward_only] fold 12: train 2013-01-01..2017-12-31 -> test 2018-01-01..2018-12-31
[reward_only] iter  0/50 [SEED] reward= -8.6936  rank(-1 * stddev(delta(close, 1), 20))
[reward_only] iter  1/50 [OK ] reward= -8.6936  cs_rank(-1 * stddev(delta(close, 1), 20))
[reward_only] iter  2/50 [OK ] reward=-21.0066  cs_rank(-1 * stddev(delta(close, 1), 20) / (cs_rank(volume) + 1e-5))
[reward_only] iter  3/50 [ERR] reward=    -inf  cs_rank(-1 * stddev(delta(close, 1), 20) / (cs_rank(volume) + 1e-5)) * cs_rank(sma(close, 50) / close)
[reward_only] iter  4/50 [OK ] reward=-21.0066  rank(-1 * stddev(delta(close, 1), 20) / (cs_rank(volume) + 1e-5))
[reward_only] iter  5/50 [OK ] reward=-97.4492  rank(-1 * stddev(delta(close, 1), 20) / (cs_rank(volume) + 1e-5) * cs_rank(vwap - close))
[reward_only] iter  6/50 [OK ] reward=-21.0066  rank(-1 * stddev(delta(close, 1), 20) / (cs_rank(volume) + 1e-5))
[reward_only] iter  7/50 [OK ] reward=-21.0066  rank(-1 * stddev(delta(close, 1), 20) / (cs_rank(volume) + 1e-5))
[reward_only] iter  8/50 [OK ] reward=-21.0066  rank(-1 * stddev(delta(close, 1), 20) / (cs_rank(volume) + 1e-5))
[reward_only] iter  9/50 [OK ] reward=-21.0066  rank(-1 * stddev(delta(close, 1), 20) / (cs_rank(volume) + 1e-5))
[reward_only] iter 10/50 [OK ] reward=-21.0066  rank(-1 * stddev(delta(close, 1), 20) / (cs_rank(volume) + 1e-5))
[reward_only] iter 11/50 [OK ] reward=-21.0066  rank(-1 * stddev(delta(close, 1), 20) / (cs_rank(volume) + 1e-5))
[reward_only] iter 12/50 [OK ] reward=-21.0066  rank(-1 * stddev(delta(close, 1), 20) / (cs_rank(volume) + 1e-5))
[reward_only] iter 13/50 [OK ] reward=-35.6394  rank(-1 * stddev(delta(close, 1), 20) / (cs_rank(volume) + 1e-5)) * cs_rank(decay_linear(close, 20))
[reward_only] iter 14/50 [OK ] reward=-21.0066  rank(-1 * stddev(delta(close, 1), 20) / (cs_rank(volume) + 1e-5))
[reward_only] iter 15/50 [OK ] reward=-21.0066  rank(-1 * stddev(delta(close, 1), 20) / (cs_rank(volume) + 1e-5))
[reward_only] iter 16/50 [OK ] reward=-21.0066  rank(-1 * stddev(delta(close, 1), 20) / (cs_rank(volume) + 1e-5))
[reward_only] iter 17/50 [OK ] reward=-21.0066  rank(-1 * stddev(delta(close, 1), 20) / (cs_rank(volume) + 1e-5))
[reward_only] iter 18/50 [OK ] reward=-21.0066  rank(-1 * stddev(delta(close, 1), 20) / (cs_rank(volume) + 1e-5))
[reward_only] iter 19/50 [OK ] reward=-40.3522  rank(-1 * stddev(delta(close, 1), 20) / (cs_rank(volume) + 1e-5)) * decay_linear(cs_rank(high - low), 50)
[reward_only] iter 20/50 [OK ] reward=-22.7668  rank(-1 * stddev(delta(close, 1), 20) / (volume + 1e-5))
[reward_only] iter 21/50 [OK ] reward=-21.0068  rank(-1 * stddev(delta(close, 1), 20) / cs_rank(volume + 1e-5))
[reward_only] iter 22/50 [OK ] reward=-21.0066  rank(-1 * stddev(delta(close, 1), 20) / (cs_rank(volume) + 1e-5))
[reward_only] iter 23/50 [OK ] reward=-35.9742  rank(-1 * stddev(delta(close, 1), 20) / (cs_rank(volume) + 1e-5)) * cs_rank(vwap)
[reward_only] iter 24/50 [OK ] reward=-21.0066  rank(-1 * stddev(delta(close, 1), 20) / (cs_rank(volume) + 1e-5))
[reward_only] iter 25/50 [OK ] reward=-84.0796  rank(-1 * stddev(delta(close, 1), 20) / (ts_rank(volume, 60) + 1e-5))
[reward_only] iter 26/50 [OK ] reward=-21.0066  rank(-1 * stddev(delta(close, 1), 20) / (cs_rank(volume) + 1e-5))
[reward_only] iter 27/50 [OK ] reward=-21.0066  rank(-1 * stddev(delta(close, 1), 20) / (cs_rank(volume) + 1e-5))
[reward_only] iter 28/50 [OK ] reward=-22.7668  rank(-1 * stddev(delta(close, 1), 20) / (volume + 1e-5))
[reward_only] iter 29/50 [OK ] reward=-21.0066  rank(-1 * stddev(delta(close, 1), 20) / (cs_rank(volume) + 1e-5))
[reward_only] iter 30/50 [OK ] reward=-21.0066  rank(-1 * stddev(delta(close, 1), 20) / (cs_rank(volume) + 1e-5))
[reward_only] iter 31/50 [OK ] reward=-21.0068  rank(-1 * stddev(delta(close, 1), 20) / cs_rank(volume + 1e-5))
[reward_only] iter 32/50 [OK ] reward=-21.0066  rank(-1 * stddev(delta(close, 1), 20) / (cs_rank(volume) + 1e-5))
[reward_only] iter 33/50 [OK ] reward=-35.9742  rank(-1 * stddev(delta(close, 1), 20) / (cs_rank(volume) + 1e-5)) * cs_rank(vwap)
[reward_only] iter 34/50 [OK ] reward=-21.0066  rank(-1 * stddev(delta(close, 1), 20) / (cs_rank(volume) + 1e-5))
[reward_only] iter 35/50 [OK ] reward= -4.1181  rank(-1 * stddev(delta(close, 1), 20) / (sma(volume, 20) + 1e-5))
[reward_only] iter 36/50 [ERR] reward=    -inf  rank(-1 * stddev(delta(close, 1), 20) / (sma(volume, 20) + 1e-5)) * cs_rank(vwap / close)
[reward_only] iter 37/50 [ERR] reward=    -inf  rank(-1 * stddev(delta(close, 1), 20) / (sma(volume, 20) + 1e-5)) * decay_linear(cs_rank(vwap / close), 10)
[reward_only] iter 38/50 [OK ] reward=-23.7589  rank(-1 * stddev(delta(close, 1), 20) / (sma(volume, 20) + 1e-5)) * decay_linear(cs_rank(vwap / (close + 1e-5)), 10)
[reward_only] iter 39/50 [OK ] reward= -4.1181  rank(-1 * stddev(delta(close, 1), 20) / (sma(volume, 20) + 1e-5))
[reward_only] iter 40/50 [ERR] reward=    -inf  rank(-1 * stddev(delta(close, 1), 20) / (sma(volume, 20) + 1e-5) + cs_rank(vwap / close))
[reward_only] iter 41/50 [OK ] reward=-178.8793  rank(-1 * stddev(delta(close, 1), 20) / (sma(volume, 20) + 1e-5) + cs_rank(vwap / (close + 1e-5)))
[reward_only] iter 42/50 [OK ] reward=-179.7336  rank(-1 * stddev(delta(close, 1), 20) / (sma(volume, 20) + 1e-5) + cs_rank(close / (vwap + 1e-5)))
[reward_only] iter 43/50 [OK ] reward= -4.1181  rank(-1 * stddev(delta(close, 1), 20) / (sma(volume, 20) + 1e-5))
[reward_only] iter 44/50 [OK ] reward=-62.4718  rank(-1 * stddev(delta(close, 1), 20) / (sma(volume, 20) + 1e-5) + ts_rank(vwap, 20))
[reward_only] iter 45/50 [OK ] reward=-132.4879  rank(-1 * stddev(delta(close, 1), 20) / (sma(volume, 20) + 1e-5)) + cs_rank(vwap - close)
[reward_only] iter 46/50 [OK ] reward= -4.1181  rank(-1 * stddev(delta(close, 1), 20) / (sma(volume, 20) + 1e-5))
[reward_only] iter 47/50 [OK ] reward= -5.3173  rank(-1 * stddev(delta(close, 1), 20) / (cs_rank(sma(volume, 20)) + 1e-5))
[reward_only] iter 48/50 [OK ] reward= -4.1181  rank(-1 * stddev(delta(close, 1), 20) / (sma(volume, 20) + 1e-5))
[reward_only] iter 49/50 [OK ] reward=-58.4094  rank(-1 * (stddev(delta(close, 1), 20) / (sma(volume, 20) + 1e-5) + zscore(close, 20)))
[reward_only] iter 50/50 [OK ] reward= -4.1181  cs_rank(-1 * stddev(delta(close, 1), 20) / (sma(volume, 20) + 1e-5))
[wfo:reward_only] fold 12 winner: rank(-1 * stddev(delta(close, 1), 20) / (sma(volume, 20) + 1e-5))
[wfo:reward_only] fold 12 OOS: Gross_IR=0.638 Turnover=9.12 Net_IR=-0.008
[wfo:reward_only] fold 13: train 2014-01-01..2018-12-31 -> test 2019-01-01..2019-12-31
[reward_only] iter  0/50 [SEED] reward= -8.8095  rank(-1 * stddev(delta(close, 1), 20))
[reward_only] iter  1/50 [OK ] reward=-91.3488  cs_rank(-1 * stddev(delta(close, 1), 20) + zscore(volume, 20))
[reward_only] iter  2/50 [OK ] reward=-39.6812  cs_rank(-1 * stddev(delta(close, 1), 20) + zscore(vwap, 20))
[reward_only] iter  3/50 [OK ] reward= -3.9187  cs_rank(-1 * stddev(delta(close, 1), 20) + zscore(vwap, 20) + decay_linear(close, 20))
[reward_only] iter  4/50 [OK ] reward=-39.6812  cs_rank(-1 * stddev(delta(close, 1), 20) + zscore(vwap, 20))
[reward_only] iter  5/50 [OK ] reward= -4.0449  cs_rank(-1 * stddev(delta(close, 1), 20) + zscore(vwap, 20) + decay_linear(close, 20) + cs_rank(volume))
[reward_only] iter  6/50 [OK ] reward= -3.9187  cs_rank(-1 * stddev(delta(close, 1), 20) + zscore(vwap, 20) + decay_linear(close, 20))
[reward_only] iter  7/50 [OK ] reward=-39.6812  cs_rank(-1 * stddev(delta(close, 1), 20) + zscore(vwap, 20))
[reward_only] iter  8/50 [OK ] reward= -4.2500  cs_rank(-1 * stddev(delta(close, 1), 20) + zscore(vwap, 20) + decay_linear(close, 20) + ts_rank(volume, 20))
[reward_only] iter  9/50 [OK ] reward=-39.6812  cs_rank(-1 * stddev(delta(close, 1), 20) + zscore(vwap, 20))
[reward_only] iter 10/50 [OK ] reward= -4.2500  cs_rank(-1 * stddev(delta(close, 1), 20) + zscore(vwap, 20) + decay_linear(close, 20) + ts_rank(volume, 20))
[reward_only] iter 11/50 [OK ] reward= -3.9187  cs_rank(-1 * stddev(delta(close, 1), 20) + zscore(vwap, 20) + decay_linear(close, 20))
[reward_only] iter 12/50 [OK ] reward=-39.6812  cs_rank(-1 * stddev(delta(close, 1), 20) + zscore(vwap, 20))
[reward_only] iter 13/50 [OK ] reward= -4.2500  cs_rank(-1 * stddev(delta(close, 1), 20) + zscore(vwap, 20) + decay_linear(close, 20) + ts_rank(volume, 20))
[reward_only] iter 14/50 [OK ] reward=-39.6812  cs_rank(-1 * stddev(delta(close, 1), 20) + zscore(vwap, 20))
[reward_only] iter 15/50 [OK ] reward= -4.2500  cs_rank(-1 * stddev(delta(close, 1), 20) + zscore(vwap, 20) + decay_linear(close, 20) + ts_rank(volume, 20))
[reward_only] iter 16/50 [OK ] reward= -3.9187  cs_rank(-1 * stddev(delta(close, 1), 20) + zscore(vwap, 20) + decay_linear(close, 20))
[reward_only] iter 17/50 [OK ] reward=-39.6812  cs_rank(-1 * stddev(delta(close, 1), 20) + zscore(vwap, 20))
[reward_only] iter 18/50 [OK ] reward= -4.2500  cs_rank(-1 * stddev(delta(close, 1), 20) + zscore(vwap, 20) + decay_linear(close, 20) + ts_rank(volume, 20))
[reward_only] iter 19/50 [OK ] reward= -3.9187  cs_rank(-1 * stddev(delta(close, 1), 20) + zscore(vwap, 20) + decay_linear(close, 20))
[reward_only] iter 20/50 [OK ] reward= -3.8405  cs_rank(zscore(vwap, 20) + decay_linear(close, 20))
[reward_only] iter 21/50 [ERR] reward=    -inf  cs_rank((high - low) / (high + low) + decay_linear(close, 20))
[reward_only] iter 22/50 [OK ] reward= -3.9388  cs_rank(zscore(vwap, 20) + decay_linear(close, 20) + cs_rank(high - low))
[reward_only] iter 23/50 [OK ] reward= -3.9996  cs_rank(zscore(close, 20) + decay_linear(vwap, 20))
[reward_only] iter 24/50 [OK ] reward= -4.9883  cs_rank(zscore(close, 20) + decay_linear(volume, 20))
[reward_only] iter 25/50 [OK ] reward= -3.8567  cs_rank(zscore(vwap, 20) + decay_linear(close, 20) - cs_rank(volume))
[reward_only] iter 26/50 [OK ] reward= -4.9883  cs_rank(zscore(close, 20) + decay_linear(volume, 20))
[reward_only] iter 27/50 [OK ] reward= -3.8567  cs_rank(zscore(vwap, 20) + decay_linear(close, 20) - cs_rank(volume))
[reward_only] iter 28/50 [OK ] reward= -3.9996  cs_rank(zscore(close, 20) + decay_linear(vwap, 20))
[reward_only] iter 29/50 [OK ] reward= -5.0735  cs_rank(zscore(volume, 20) + decay_linear(close, 20))
[reward_only] iter 30/50 [OK ] reward= -5.9805  cs_rank(zscore(close - open, 20) + decay_linear(close, 20))
[reward_only] iter 31/50 [OK ] reward= -4.0377  cs_rank(zscore(close, 20) + decay_linear(close, 20))
[reward_only] iter 32/50 [OK ] reward= -4.9883  cs_rank(zscore(vwap, 20) + decay_linear(volume, 20))
[reward_only] iter 33/50 [OK ] reward= -5.5161  cs_rank(zscore(vwap, 20) + decay_linear(close, 20) - zscore(volume, 20))
[reward_only] iter 34/50 [ERR] reward=    -inf  cs_rank((high - low) / close + decay_linear(vwap, 20))
[reward_only] iter 35/50 [OK ] reward= -3.8384  cs_rank(zscore(vwap, 20) + decay_linear(close, 20) + (high - low) / (close + 1e-5))
[reward_only] iter 36/50 [OK ] reward= -5.8074  cs_rank(zscore(high - low, 20) + decay_linear(close, 20) + (high - low) / (close + 1e-5))
[reward_only] iter 37/50 [OK ] reward= -3.8405  cs_rank(zscore(vwap, 20) + decay_linear(close, 20))
[reward_only] iter 38/50 [OK ] reward=-22.8493  cs_rank(zscore(close, 20) + decay_linear(high, 20) + (volume / (vwap + 1e-5)))
[reward_only] iter 39/50 [OK ] reward=-22.9991  cs_rank(zscore(vwap, 20) + decay_linear(close, 20) + (high - low) / (close + 1e-5) + volume / (vwap + 1e-5))
[reward_only] iter 40/50 [OK ] reward= -3.8384  cs_rank(zscore(vwap, 20) + decay_linear(close, 20) + (high - low) / (close + 1e-5))
[reward_only] iter 41/50 [OK ] reward= -4.1591  cs_rank(zscore(vwap, 20) + decay_linear(close, 20) + (high - low) / (close + 1e-5) + ts_rank(close, 60))
[reward_only] iter 42/50 [OK ] reward= -3.8384  cs_rank(zscore(vwap, 20) + decay_linear(close, 20) + (high - low) / (close + 1e-5))
[reward_only] iter 43/50 [OK ] reward= -3.9996  cs_rank(zscore(close, 20) + decay_linear(vwap, 20) + (volume / (volume + 1e-5)))
[reward_only] iter 44/50 [OK ] reward= -3.9767  cs_rank(zscore(close, 20) + decay_linear(high, 20) + (volume / (volume + 1e-5)))
[reward_only] iter 45/50 [OK ] reward= -4.3213  cs_rank(zscore(vwap, 20) + decay_linear(close, 20) + (high - low) / (close + 1e-5) + ts_rank(close, 20))
[reward_only] iter 46/50 [OK ] reward= -3.8384  cs_rank(zscore(vwap, 20) + decay_linear(close, 20) + (high - low) / (close + 1e-5))
[reward_only] iter 47/50 [OK ] reward= -4.9883  cs_rank(zscore(close, 20) + decay_linear(volume, 20) + (high - low) / (close + 1e-5))
[reward_only] iter 48/50 [OK ] reward= -3.9563  cs_rank(zscore(vwap, 20) + decay_linear(close, 20) + (high - low) / (close + 1e-5) - cs_rank(volume))
[reward_only] iter 49/50 [OK ] reward= -3.8384  cs_rank(zscore(vwap, 20) + decay_linear(close, 20) + (high - low) / (close + 1e-5))
[reward_only] iter 50/50 [OK ] reward= -4.0025  cs_rank(zscore(close, 20) + decay_linear(vwap, 20) + (high - low) / (close + 1e-5))
[wfo:reward_only] fold 13 winner: cs_rank(zscore(vwap, 20) + decay_linear(close, 20) + (high - low) / (close + 1e-5))
[wfo:reward_only] fold 13 OOS: Gross_IR=-0.919 Turnover=5.26 Net_IR=-1.182
[wfo:reward_only] fold 14: train 2015-01-01..2019-12-31 -> test 2020-01-01..2020-12-31
[reward_only] iter  0/50 [SEED] reward= -8.5184  rank(-1 * stddev(delta(close, 1), 20))
[reward_only] iter  1/50 [OK ] reward= -6.1252  cs_rank(-1 * (stddev(delta(close, 1), 20) / (stddev(volume, 20) + 1e-5)))
[reward_only] iter  2/50 [OK ] reward= -1.5382  cs_rank(-1 * (stddev(delta(close, 1), 20) / (stddev(volume, 20) + 1e-5) + decay_linear(close, 20)))
[reward_only] iter  3/50 [OK ] reward= -2.6679  cs_rank(-1 * (stddev(delta(close, 1), 20) / (stddev(volume, 20) + 1e-5) + close))
[reward_only] iter  4/50 [OK ] reward= -1.5382  cs_rank(-1 * (stddev(delta(close, 1), 20) / (stddev(volume, 20) + 1e-5) + decay_linear(close, 20)))
[reward_only] iter  5/50 [OK ] reward= -6.1252  cs_rank(-1 * (stddev(delta(close, 1), 20) / (stddev(volume, 20) + 1e-5)))
[reward_only] iter  6/50 [OK ] reward= -7.5082  cs_rank(-1 * (stddev(delta(close, 1), 20) / (stddev(volume, 20) + 1e-5) + decay_linear(close, 20) / cs_rank(decay_linear(close, 20))))
[reward_only] iter  7/50 [OK ] reward= -1.5382  cs_rank(-1 * (stddev(delta(close, 1), 20) / (stddev(volume, 20) + 1e-5) + decay_linear(close, 20)))
[reward_only] iter  8/50 [OK ] reward= -6.1252  cs_rank(-1 * (stddev(delta(close, 1), 20) / (stddev(volume, 20) + 1e-5)))
[reward_only] iter  9/50 [OK ] reward= -1.6344  cs_rank(-1 * (stddev(delta(close, 1), 20) / (stddev(volume, 20) + 1e-5) + decay_linear(close, 20) - cs_rank(vwap)))
[reward_only] iter 10/50 [OK ] reward= -1.5382  cs_rank(-1 * (stddev(delta(close, 1), 20) / (stddev(volume, 20) + 1e-5) + decay_linear(close, 20)))
[reward_only] iter 11/50 [OK ] reward= -1.5382  cs_rank(-1 * (stddev(delta(close, 1), 20) / (stddev(volume, 20) + 1e-5) + decay_linear(close, 20)))
[reward_only] iter 12/50 [OK ] reward= -6.1252  cs_rank(-1 * (stddev(delta(close, 1), 20) / (stddev(volume, 20) + 1e-5)))
[reward_only] iter 13/50 [OK ] reward= -1.8948  cs_rank(-1 * (stddev(delta(close, 1), 20) / (stddev(volume, 20) + 1e-5) + decay_linear(close, 20) + ts_rank(close, 20)))
[reward_only] iter 14/50 [OK ] reward= -1.5382  cs_rank(-1 * (stddev(delta(close, 1), 20) / (stddev(volume, 20) + 1e-5) + decay_linear(close, 20)))
[reward_only] iter 15/50 [OK ] reward= -6.1252  cs_rank(-1 * (stddev(delta(close, 1), 20) / (stddev(volume, 20) + 1e-5)))
[reward_only] iter 16/50 [OK ] reward= -1.5882  cs_rank(-1 * (stddev(delta(close, 1), 20) / (stddev(volume, 20) + 1e-5) + decay_linear(close, 20) / 2))
[reward_only] iter 17/50 [OK ] reward= -1.5382  cs_rank(-1 * (stddev(delta(close, 1), 20) / (stddev(volume, 20) + 1e-5) + decay_linear(close, 20)))
[reward_only] iter 18/50 [OK ] reward= -6.1252  cs_rank(-1 * (stddev(delta(close, 1), 20) / (stddev(volume, 20) + 1e-5)))
[reward_only] iter 19/50 [OK ] reward= -1.5382  cs_rank(-1 * (stddev(delta(close, 1), 20) / (stddev(volume, 20) + 1e-5) + decay_linear(close, 20)))
[reward_only] iter 20/50 [OK ] reward= -6.1252  cs_rank(-1 * (stddev(delta(close, 1), 20) / (stddev(volume, 20) + 1e-5)))
[reward_only] iter 21/50 [OK ] reward= -1.5382  cs_rank(-1 * (stddev(delta(close, 1), 20) / (stddev(volume, 20) + 1e-5) + decay_linear(close, 20)))
[reward_only] iter 22/50 [OK ] reward= -1.5382  cs_rank(-1 * (stddev(delta(close, 1), 20) / (stddev(volume, 20) + 1e-5) + decay_linear(close, 20)))
[reward_only] iter 23/50 [OK ] reward= -6.1252  cs_rank(-1 * (stddev(delta(close, 1), 20) / (stddev(volume, 20) + 1e-5)))
[reward_only] iter 24/50 [OK ] reward= -1.5382  cs_rank(-1 * (stddev(delta(close, 1), 20) / (stddev(volume, 20) + 1e-5) + decay_linear(close, 20)))
[reward_only] iter 25/50 [OK ] reward= -6.1252  cs_rank(-1 * (stddev(delta(close, 1), 20) / (stddev(volume, 20) + 1e-5)))
[reward_only] iter 26/50 [OK ] reward= -1.5382  cs_rank(-1 * (stddev(delta(close, 1), 20) / (stddev(volume, 20) + 1e-5) + decay_linear(close, 20)))
[reward_only] iter 27/50 [OK ] reward= -6.1252  cs_rank(-1 * (stddev(delta(close, 1), 20) / (stddev(volume, 20) + 1e-5)))
[reward_only] iter 28/50 [OK ] reward= -1.8621  cs_rank(-1 * (stddev(delta(close, 1), 20) / (stddev(volume, 20) + 1e-5) + decay_linear(close, 20) + ts_rank(vwap, 20)))
[reward_only] iter 29/50 [OK ] reward= -1.5382  cs_rank(-1 * (stddev(delta(close, 1), 20) / (stddev(volume, 20) + 1e-5) + decay_linear(close, 20)))
[reward_only] iter 30/50 [OK ] reward= -6.1252  cs_rank(-1 * (stddev(delta(close, 1), 20) / (stddev(volume, 20) + 1e-5)))
[reward_only] iter 31/50 [OK ] reward= -1.8948  cs_rank(-1 * (stddev(delta(close, 1), 20) / (stddev(volume, 20) + 1e-5) + decay_linear(close, 20) + ts_rank(close, 20)))
[reward_only] iter 32/50 [OK ] reward= -1.5382  cs_rank(-1 * (stddev(delta(close, 1), 20) / (stddev(volume, 20) + 1e-5) + decay_linear(close, 20)))
[reward_only] iter 33/50 [OK ] reward= -1.5382  cs_rank(-1 * (stddev(delta(close, 1), 20) / (stddev(volume, 20) + 1e-5) + decay_linear(close, 20)))
[reward_only] iter 34/50 [OK ] reward= -1.5382  cs_rank(-1 * (stddev(delta(close, 1), 20) / (stddev(volume, 20) + 1e-5) + decay_linear(close, 20)))
[reward_only] iter 35/50 [OK ] reward= -1.5382  cs_rank(-1 * (stddev(delta(close, 1), 20) / (stddev(volume, 20) + 1e-5) + decay_linear(close, 20)))
[reward_only] iter 36/50 [OK ] reward= -6.1252  cs_rank(-1 * (stddev(delta(close, 1), 20) / (stddev(volume, 20) + 1e-5)))
[reward_only] iter 37/50 [OK ] reward= -1.5882  cs_rank(-1 * (stddev(delta(close, 1), 20) / (stddev(volume, 20) + 1e-5) + decay_linear(close, 20) * 0.5))
[reward_only] iter 38/50 [OK ] reward= -1.5382  cs_rank(-1 * (stddev(delta(close, 1), 20) / (stddev(volume, 20) + 1e-5) + decay_linear(close, 20)))
[reward_only] iter 39/50 [OK ] reward= -1.5382  cs_rank(-1 * (stddev(delta(close, 1), 20) / (stddev(volume, 20) + 1e-5) + decay_linear(close, 20)))
[reward_only] iter 40/50 [OK ] reward= -6.1252  cs_rank(-1 * (stddev(delta(close, 1), 20) / (stddev(volume, 20) + 1e-5)))
[reward_only] iter 41/50 [OK ] reward= -3.1643  cs_rank(-1 * (stddev(delta(close, 1), 20) / (stddev(volume, 20) + 1e-5) + decay_linear(close, 20) / (decay_linear(volume, 20) + 1e-5)))
[reward_only] iter 42/50 [OK ] reward= -1.5382  cs_rank(-1 * (stddev(delta(close, 1), 20) / (stddev(volume, 20) + 1e-5) + decay_linear(close, 20)))
[reward_only] iter 43/50 [OK ] reward= -6.1252  cs_rank(-1 * (stddev(delta(close, 1), 20) / (stddev(volume, 20) + 1e-5)))
[reward_only] iter 44/50 [OK ] reward= -1.6058  cs_rank(-1 * (stddev(delta(close, 1), 20) / (stddev(volume, 20) + 1e-5) + decay_linear(cs_rank(close), 20)))
[reward_only] iter 45/50 [OK ] reward= -1.5382  cs_rank(-1 * (stddev(delta(close, 1), 20) / (stddev(volume, 20) + 1e-5) + decay_linear(close, 20)))
[reward_only] iter 46/50 [OK ] reward= -6.1252  cs_rank(-1 * (stddev(delta(close, 1), 20) / (stddev(volume, 20) + 1e-5)))
[reward_only] iter 47/50 [OK ] reward= -1.8948  cs_rank(-1 * (stddev(delta(close, 1), 20) / (stddev(volume, 20) + 1e-5) + decay_linear(close, 20) + ts_rank(close, 20)))
[reward_only] iter 48/50 [OK ] reward= -1.5382  cs_rank(-1 * (stddev(delta(close, 1), 20) / (stddev(volume, 20) + 1e-5) + decay_linear(close, 20)))
[reward_only] iter 49/50 [OK ] reward= -1.5382  cs_rank(-1 * (stddev(delta(close, 1), 20) / (stddev(volume, 20) + 1e-5) + decay_linear(close, 20)))
[reward_only] iter 50/50 [OK ] reward= -1.5382  cs_rank(-1 * (stddev(delta(close, 1), 20) / (stddev(volume, 20) + 1e-5) + decay_linear(close, 20)))
[wfo:reward_only] fold 14 winner: cs_rank(-1 * (stddev(delta(close, 1), 20) / (stddev(volume, 20) + 1e-5) + decay_linear(close, 20)))
[wfo:reward_only] fold 14 OOS: Gross_IR=0.100 Turnover=5.07 Net_IR=-0.011
[wfo:reward_only] fold 15: train 2016-01-01..2020-12-31 -> test 2021-01-01..2021-12-31
[reward_only] iter  0/50 [SEED] reward= -8.4855  rank(-1 * stddev(delta(close, 1), 20))
[reward_only] iter  1/50 [OK ] reward=-79.1923  cs_rank(-1 * stddev(delta(close, 1), 20) + zscore(volume, 20))
[reward_only] iter  2/50 [OK ] reward=-44.2672  cs_rank(-1 * stddev(delta(close, 1), 20) + ts_rank(volume, 20))
[reward_only] iter  3/50 [OK ] reward=-79.1923  cs_rank(-1 * stddev(delta(close, 1), 20) + zscore(volume, 20))
[reward_only] iter  4/50 [OK ] reward=-21.1949  rank(-1 * stddev(delta(close, 1), 20) + decay_linear(zscore(volume, 20), 10))
[reward_only] iter  5/50 [ERR] reward=    -inf  rank(-1 * stddev(delta(close, 1), 20) + cs_rank(volume / (volume + 1e-5))
[reward_only] iter  6/50 [OK ] reward=-12.1004  rank(-1 * stddev(delta(close, 1), 20) + cs_rank(volume / (volume + 1e-5)))
[reward_only] iter  7/50 [OK ] reward= -8.4855  rank(-1 * stddev(delta(close, 1), 20))
[reward_only] iter  8/50 [OK ] reward=-30.5338  rank(-1 * zscore(stddev(delta(close, 1), 20), 60))
[reward_only] iter  9/50 [OK ] reward=-16.4442  rank(-1 * decay_linear(zscore(stddev(delta(close, 1), 20), 60), 10))
[reward_only] iter 10/50 [OK ] reward=-23.1381  rank(-1 * decay_linear(zscore(stddev(delta(close, 1), 20), 60), 10) * cs_rank(volume))
[reward_only] iter 11/50 [OK ] reward=-16.4442  rank(-1 * decay_linear(zscore(stddev(delta(close, 1), 20), 60), 10))
[reward_only] iter 12/50 [OK ] reward=-19.7287  rank(-1 * decay_linear(zscore(stddev(delta(close, 1), 20), 60), 10) + cs_rank(volume / (volume + 1e-5)))
[reward_only] iter 13/50 [OK ] reward=-12.1004  rank(-1 * stddev(delta(close, 1), 20) + cs_rank(volume / (volume + 1e-5)))
[reward_only] iter 14/50 [OK ] reward=-12.1004  rank(-1 * stddev(delta(close, 1), 20) + cs_rank(volume / (volume + 1e-5)))
[reward_only] iter 15/50 [OK ] reward=-12.1004  rank(-1 * stddev(delta(close, 1), 20) + cs_rank(volume / (volume + 1e-5)))
[reward_only] iter 16/50 [OK ] reward=-12.1004  rank(-1 * stddev(delta(close, 1), 20) + cs_rank(volume / (volume + 1e-5)))
[reward_only] iter 17/50 [OK ] reward=-12.1004  rank(-1 * stddev(delta(close, 1), 20) + cs_rank(volume / (volume + 1e-5)))
[reward_only] iter 18/50 [OK ] reward=-12.1004  rank(-1 * stddev(delta(close, 1), 20) + cs_rank(volume / (volume + 1e-5)))
[reward_only] iter 19/50 [OK ] reward=-12.1004  rank(-1 * stddev(delta(close, 1), 20) + cs_rank(volume / (volume + 1e-5)))
[reward_only] iter 20/50 [OK ] reward=-18.3550  rank(-1 * stddev(delta(close, 1), 20)) + cs_rank(volume / (volume + 1e-5))
[reward_only] iter 21/50 [OK ] reward=-18.3550  rank(-1 * stddev(delta(close, 1), 20)) + cs_rank(volume / (volume + 1e-5))
[reward_only] iter 22/50 [OK ] reward=-18.3550  rank(-1 * stddev(delta(close, 1), 20)) + cs_rank(volume / (volume + 1e-5))
[reward_only] iter 23/50 [OK ] reward= -8.4855  rank(-1 * stddev(delta(close, 1), 20))
[reward_only] iter 24/50 [OK ] reward= -2.4168  rank(-1 * decay_linear(stddev(delta(close, 1), 20), 60))
[reward_only] iter 25/50 [OK ] reward= -9.1675  rank(-1 * decay_linear(ts_rank(stddev(delta(close, 1), 20), 60), 60))
[reward_only] iter 26/50 [OK ] reward= -3.8132  rank(-1 * (decay_linear(stddev(delta(close, 1), 20), 60) + decay_linear(volume, 60)))
[reward_only] iter 27/50 [OK ] reward= -3.8116  cs_rank(-1 * (decay_linear(close - open, 60) + decay_linear(volume, 60)))
[reward_only] iter 28/50 [OK ] reward=-46.5322  rank(-1 * decay_linear(zscore(close - vwap, 20), 60))
[reward_only] iter 29/50 [OK ] reward=-46.5322  rank(-1 * decay_linear(zscore(close - vwap, 20), 60))
[reward_only] iter 30/50 [OK ] reward=-35.1023  rank(-1 * decay_linear(stddev(delta(close, 1), 20), 60)) + rank(-1 * decay_linear(zscore(close - vwap, 20), 60))
[reward_only] iter 31/50 [OK ] reward=-35.1023  rank(-1 * decay_linear(stddev(delta(close, 1), 20), 60)) + rank(-1 * decay_linear(zscore(close - vwap, 20), 60))
[reward_only] iter 32/50 [OK ] reward=-134.8914  rank(-1 * decay_linear(stddev(delta(close, 1), 20), 60)) + rank(-1 * ts_rank(zscore(close - vwap, 20), 60))
[reward_only] iter 33/50 [OK ] reward=-135.4043  rank(-1 * decay_linear(stddev(delta(close, 1), 20), 60)) + rank(-1 * zscore(close - vwap, 20))
[reward_only] iter 34/50 [OK ] reward=-135.4043  rank(-1 * decay_linear(stddev(delta(close, 1), 20), 60)) + rank(-1 * zscore(close - vwap, 20))
[reward_only] iter 35/50 [OK ] reward=-135.4043  rank(-1 * decay_linear(stddev(delta(close, 1), 20), 60)) + rank(-1 * zscore(close - vwap, 20))
[reward_only] iter 36/50 [OK ] reward=-135.4043  rank(-1 * decay_linear(stddev(delta(close, 1), 20), 60)) + rank(-1 * zscore(close - vwap, 20))
[reward_only] iter 37/50 [OK ] reward= -2.4168  rank(-1 * decay_linear(stddev(delta(close, 1), 20), 60))
[reward_only] iter 38/50 [OK ] reward=-10.7700  rank(-1 * decay_linear(stddev(delta(close, 1), 20), 60) + cs_rank(volume))
[reward_only] iter 39/50 [OK ] reward=-39.7894  rank(-1 * decay_linear(stddev(delta(close, 1), 20), 60) + ts_rank(volume, 60))
[reward_only] iter 40/50 [OK ] reward=-10.7700  rank(-1 * decay_linear(stddev(delta(close, 1), 20), 60) + cs_rank(volume))
[reward_only] iter 41/50 [OK ] reward=-10.8700  rank(-1 * decay_linear(stddev(delta(close, 1), 20), 60) + cs_rank(volume / (volume + 1e-5)))
[reward_only] iter 42/50 [OK ] reward=-10.8700  rank(-1 * decay_linear(stddev(delta(close, 1), 20), 60) + cs_rank(volume / (volume + 1e-5)))
[reward_only] iter 43/50 [OK ] reward= -4.0047  rank(-1 * decay_linear(stddev(delta(close, 1), 20), 60) + cs_rank(vwap / (vwap + 1e-5)))
[reward_only] iter 44/50 [OK ] reward=-10.7700  rank(-1 * decay_linear(stddev(delta(close, 1), 20), 60) + cs_rank(volume))
[reward_only] iter 45/50 [OK ] reward=-10.8700  rank(-1 * decay_linear(stddev(delta(close, 1), 20), 60) + cs_rank(volume / (volume + 1e-5)))
[reward_only] iter 46/50 [OK ] reward=-10.8700  rank(-1 * decay_linear(stddev(delta(close, 1), 20), 60) + cs_rank(volume / (volume + 1e-5)))
[reward_only] iter 47/50 [OK ] reward= -2.4168  rank(-1 * decay_linear(stddev(delta(close, 1), 20), 60))
[reward_only] iter 48/50 [OK ] reward=-47.0710  rank(-1 * decay_linear(stddev(delta(close, 1), 20), 60) * cs_rank(volume))
[reward_only] iter 49/50 [OK ] reward=-47.1708  rank(-1 * decay_linear(stddev(delta(close, 1), 20), 60) * cs_rank(volume / (volume + 1e-5)))
[reward_only] iter 50/50 [OK ] reward=-47.1708  rank(-1 * decay_linear(stddev(delta(close, 1), 20), 60) * cs_rank(volume / (volume + 1e-5)))
[wfo:reward_only] fold 15 winner: rank(-1 * decay_linear(stddev(delta(close, 1), 20), 60))
[wfo:reward_only] fold 15 OOS: Gross_IR=0.673 Turnover=5.05 Net_IR=0.455
[wfo:reward_only] fold 16: train 2017-01-01..2021-12-31 -> test 2022-01-01..2022-12-31
[reward_only] iter  0/50 [SEED] reward= -8.3683  rank(-1 * stddev(delta(close, 1), 20))
[reward_only] iter  1/50 [OK ] reward=-19.8092  cs_rank(-1 * decay_linear(ts_rank(stddev(delta(close, 1), 20), 20), 20))
[reward_only] iter  2/50 [OK ] reward= -5.5203  cs_rank(-1 * (stddev(delta(close, 1), 20) + decay_linear(volume, 20)))
[reward_only] iter  3/50 [OK ] reward= -5.5205  cs_rank(-1 * (ts_rank(close, 20) + decay_linear(volume, 20)))
[reward_only] iter  4/50 [OK ] reward=-20.5609  cs_rank(-1 * (stddev(delta(close, 1), 20) + cs_rank(volume)))
[reward_only] iter  5/50 [OK ] reward= -6.7223  cs_rank(-1 * (stddev(delta(close, 1), 20) + cs_rank(vwap)))
[reward_only] iter  6/50 [OK ] reward=-10.3672  cs_rank(-1 * (stddev(delta(close, 1), 20) + decay_linear(ts_rank(volume, 20), 20)))
[reward_only] iter  7/50 [OK ] reward= -5.5703  cs_rank(-1 * (stddev(delta(close, 1), 20) + decay_linear(volume, 20) + cs_rank(vwap)))
[reward_only] iter  8/50 [OK ] reward= -5.5203  cs_rank(-1 * (stddev(delta(close, 1), 20) + decay_linear(volume, 20)))
[reward_only] iter  9/50 [OK ] reward= -5.5205  cs_rank(-1 * (ts_rank(close, 20) + decay_linear(volume, 20)))
[reward_only] iter 10/50 [OK ] reward= -5.5703  cs_rank(-1 * (stddev(delta(close, 1), 20) + decay_linear(volume, 20) + ts_rank(close, 20)))
[reward_only] iter 11/50 [OK ] reward= -5.5203  cs_rank(-1 * (stddev(delta(close, 1), 20) + decay_linear(volume, 20)))
[reward_only] iter 12/50 [OK ] reward= -5.5205  cs_rank(-1 * (ts_rank(close, 20) + decay_linear(volume, 20)))
[reward_only] iter 13/50 [OK ] reward=-51.7254  cs_rank(-1 * (ts_rank(close, 20) + cs_rank(volume)))
[reward_only] iter 14/50 [OK ] reward= -5.6203  cs_rank(-1 * (stddev(delta(close, 1), 20) + decay_linear(volume, 20) + cs_rank(high - low)))
[reward_only] iter 15/50 [OK ] reward= -5.5203  cs_rank(-1 * (stddev(delta(close, 1), 20) + decay_linear(volume, 20)))
[reward_only] iter 16/50 [OK ] reward=-173.0636  cs_rank(-1 * (vwap - open))
[reward_only] iter 17/50 [OK ] reward= -5.6203  cs_rank(-1 * (stddev(delta(close, 1), 20) + decay_linear(volume, 20) + ts_rank(vwap - open, 20)))
[reward_only] iter 18/50 [OK ] reward= -5.5203  cs_rank(-1 * (stddev(delta(close, 1), 20) + decay_linear(volume, 20)))
[reward_only] iter 19/50 [OK ] reward=-176.0662  cs_rank(-1 * (vwap - close))
[reward_only] iter 20/50 [OK ] reward= -5.5205  cs_rank(-1 * (stddev(close - open, 20) + decay_linear(volume, 20)))
[reward_only] iter 21/50 [OK ] reward= -5.5205  cs_rank(-1 * (ts_rank(close, 20) + decay_linear(volume, 20)))
[reward_only] iter 22/50 [OK ] reward= -5.5203  cs_rank(-1 * (decay_linear(ts_rank(close, 20), 20) + decay_linear(volume, 20)))
[reward_only] iter 23/50 [OK ] reward= -5.5205  cs_rank(-1 * (decay_linear(close - vwap, 20) + decay_linear(volume, 20)))
[reward_only] iter 24/50 [OK ] reward= -5.5205  cs_rank(-1 * (ts_rank(close, 20) + decay_linear(volume, 20)))
[reward_only] iter 25/50 [OK ] reward=-39.8594  cs_rank(-1 * (stddev(delta(close, 1), 20) + ts_rank(volume, 20)))
[reward_only] iter 26/50 [OK ] reward=-10.3672  cs_rank(-1 * (stddev(delta(close, 1), 20) + decay_linear(ts_rank(volume, 20), 20)))
[reward_only] iter 27/50 [OK ] reward=-37.6582  cs_rank(-1 * (stddev(delta(close, 1), 20) + decay_linear(volume, 20) * ts_rank(close, 20)))
[reward_only] iter 28/50 [OK ] reward= -5.5203  cs_rank(-1 * (stddev(delta(close, 1), 20) + decay_linear(volume, 20)))
[reward_only] iter 29/50 [OK ] reward= -5.5205  cs_rank(-1 * (ts_rank(close, 20) + decay_linear(volume, 20)))
[reward_only] iter 30/50 [OK ] reward= -5.5205  cs_rank(-1 * (zscore(close - open, 20) + decay_linear(volume, 20)))
[reward_only] iter 31/50 [ERR] reward=    -inf  cs_rank((close / open) - decay_linear(volume, 20))
[reward_only] iter 32/50 [OK ] reward= -5.5703  cs_rank(-1 * (stddev(delta(close, 1), 20) + decay_linear(volume, 20) + ts_rank(vwap, 20)))
[reward_only] iter 33/50 [OK ] reward= -5.5203  cs_rank(-1 * (stddev(delta(close, 1), 20) + decay_linear(volume, 20)))
[reward_only] iter 34/50 [ERR] reward=    -inf  cs_rank((close - open) / (high - low) + cs_rank(volume))
[reward_only] iter 35/50 [OK ] reward=-10.3672  cs_rank(-1 * (stddev(delta(close, 1), 20) + decay_linear(ts_rank(volume, 20), 20)))
[reward_only] iter 36/50 [OK ] reward= -5.5703  cs_rank(-1 * (stddev(delta(close, 1), 20) + decay_linear(volume, 20) + zscore(vwap, 20)))
[reward_only] iter 37/50 [OK ] reward= -5.5205  cs_rank(-1 * (decay_linear(volume, 20) + zscore(vwap, 20)))
[reward_only] iter 38/50 [ERR] reward=    -inf  cs_rank((close - open) / (high - low))
[reward_only] iter 39/50 [OK ] reward= -5.7703  cs_rank(-1 * (stddev(delta(close, 1), 20) + decay_linear(volume, 20) + cs_rank((close - open) / (high - low + 1e-5))))
[reward_only] iter 40/50 [OK ] reward= -5.5203  cs_rank(-1 * (stddev(delta(close, 1), 20) + decay_linear(volume, 20)))
[reward_only] iter 41/50 [ERR] reward=    -inf  cs_rank((close - open) / (high - low))
[reward_only] iter 42/50 [OK ] reward= -5.7203  cs_rank(-1 * (stddev(delta(close, 1), 20) + decay_linear(volume, 20) + (close - open) / (high - low + 1e-5)))
[reward_only] iter 43/50 [OK ] reward= -5.5203  cs_rank(-1 * (stddev(delta(close, 1), 20) + decay_linear(volume, 20)))
[reward_only] iter 44/50 [ERR] reward=    -inf  cs_rank((close - open) / (high - low))
[reward_only] iter 45/50 [OK ] reward= -5.5703  cs_rank(-1 * (stddev(delta(close, 1), 20) + decay_linear(volume, 20) + zscore(vwap, 20)))
[reward_only] iter 46/50 [OK ] reward= -5.5203  cs_rank(-1 * (stddev(delta(close, 1), 20) + decay_linear(volume, 20)))
[reward_only] iter 47/50 [ERR] reward=    -inf  cs_rank((close - open) / (high - low))
[reward_only] iter 48/50 [OK ] reward= -5.7203  cs_rank(-1 * (stddev(delta(close, 1), 20) + decay_linear(volume, 20) + cs_rank(close / (high - low + 1e-5))))
[reward_only] iter 49/50 [OK ] reward= -5.5203  cs_rank(-1 * (stddev(delta(close, 1), 20) + decay_linear(volume, 20)))
[reward_only] iter 50/50 [ERR] reward=    -inf  cs_rank((close - open) / (high - low))
[wfo:reward_only] fold 16 winner: cs_rank(-1 * (stddev(delta(close, 1), 20) + decay_linear(volume, 20)))
[wfo:reward_only] fold 16 OOS: Gross_IR=0.174 Turnover=8.64 Net_IR=-0.164
[wfo:reward_only] fold 17: train 2018-01-01..2022-12-31 -> test 2023-01-01..2023-12-31
[reward_only] iter  0/50 [SEED] reward= -7.7484  rank(-1 * stddev(delta(close, 1), 20))
[reward_only] iter  1/50 [OK ] reward= -6.7425  rank(-1 * stddev(delta(close, 1), 20) + decay_linear(rank(volume), 5))
[reward_only] iter  2/50 [OK ] reward=-14.6334  rank(-1 * stddev(delta(close, 1), 20) + decay_linear(rank(volume), 5) + ts_rank(close, 20))
[reward_only] iter  3/50 [OK ] reward= -6.7425  rank(-1 * stddev(delta(close, 1), 20) + decay_linear(rank(volume), 5))
[reward_only] iter  4/50 [OK ] reward=-14.6334  rank(-1 * stddev(delta(close, 1), 20) + decay_linear(rank(volume), 5) + ts_rank(close, 20))
[reward_only] iter  5/50 [OK ] reward= -6.7425  rank(-1 * stddev(delta(close, 1), 20) + decay_linear(rank(volume), 5))
[reward_only] iter  6/50 [OK ] reward=-14.8396  rank(-1 * stddev(delta(close, 1), 20) + decay_linear(rank(volume), 5) + ts_rank(zscore(vwap, 20), 20))
[reward_only] iter  7/50 [OK ] reward= -6.7425  rank(-1 * stddev(delta(close, 1), 20) + decay_linear(rank(volume), 5))
[reward_only] iter  8/50 [OK ] reward=-31.1878  rank(-1 * stddev(delta(close, 1), 20) + decay_linear(rank(volume), 5) + ts_rank(close - open, 20))
[reward_only] iter  9/50 [OK ] reward= -6.7425  rank(-1 * stddev(delta(close, 1), 20) + decay_linear(rank(volume), 5))
[reward_only] iter 10/50 [OK ] reward= -6.5328  rank(-1 * stddev(delta(close, 1), 20) + decay_linear(rank(volume / (vwap + 1e-5)), 5))
[reward_only] iter 11/50 [OK ] reward= -6.5328  rank(-1 * stddev(delta(close, 1), 20) + decay_linear(rank(volume / (vwap + 1e-5)), 5))
[reward_only] iter 12/50 [OK ] reward= -7.1137  rank(-1 * stddev(delta(close, 1), 20) + decay_linear(volume / (vwap + 1e-5), 5))
[reward_only] iter 13/50 [OK ] reward= -7.1137  rank(-1 * stddev(delta(close, 1), 20) + decay_linear(volume / (vwap + 1e-5), 5))
[reward_only] iter 14/50 [OK ] reward= -7.1137  rank(-1 * stddev(delta(close, 1), 20) + decay_linear(volume / (vwap + 1e-5), 5))
[reward_only] iter 15/50 [OK ] reward= -7.1137  rank(-1 * stddev(delta(close, 1), 20) + decay_linear(volume / (vwap + 1e-5), 5))
[reward_only] iter 16/50 [OK ] reward= -7.1137  rank(-1 * stddev(delta(close, 1), 20) + decay_linear(volume / (vwap + 1e-5), 5))
[reward_only] iter 17/50 [OK ] reward= -7.1137  rank(-1 * stddev(delta(close, 1), 20) + decay_linear(volume / (vwap + 1e-5), 5))
[reward_only] iter 18/50 [OK ] reward= -6.5328  rank(-1 * stddev(delta(close, 1), 20) + decay_linear(rank(volume / (vwap + 1e-5)), 5))
[reward_only] iter 19/50 [OK ] reward= -6.5328  rank(-1 * stddev(delta(close, 1), 20) + decay_linear(rank(volume / (vwap + 1e-5)), 5))
[reward_only] iter 20/50 [OK ] reward= -6.5328  rank(-1 * stddev(delta(close, 1), 20) + decay_linear(rank(volume / (vwap + 1e-5)), 5))
[reward_only] iter 21/50 [OK ] reward= -6.5328  rank(-1 * stddev(delta(close, 1), 20) + decay_linear(rank(volume / (vwap + 1e-5)), 5))
[reward_only] iter 22/50 [OK ] reward= -7.1137  rank(-1 * stddev(delta(close, 1), 20) + decay_linear(volume / (vwap + 1e-5), 5))
[reward_only] iter 23/50 [OK ] reward= -6.5328  rank(-1 * stddev(delta(close, 1), 20) + decay_linear(rank(volume / (vwap + 1e-5)), 5))
[reward_only] iter 24/50 [OK ] reward= -6.5328  rank(-1 * stddev(delta(close, 1), 20) + decay_linear(rank(volume / (vwap + 1e-5)), 5))
[reward_only] iter 25/50 [OK ] reward= -6.5328  rank(-1 * stddev(delta(close, 1), 20) + decay_linear(rank(volume / (vwap + 1e-5)), 5))
[reward_only] iter 26/50 [OK ] reward= -6.5328  rank(-1 * stddev(delta(close, 1), 20) + decay_linear(rank(volume / (vwap + 1e-5)), 5))
[reward_only] iter 27/50 [OK ] reward= -7.1137  rank(-1 * stddev(delta(close, 1), 20) + decay_linear(volume / (vwap + 1e-5), 5))
[reward_only] iter 28/50 [OK ] reward= -6.5328  rank(-1 * stddev(delta(close, 1), 20) + decay_linear(rank(volume / (vwap + 1e-5)), 5))
[reward_only] iter 29/50 [OK ] reward= -6.5328  rank(-1 * stddev(delta(close, 1), 20) + decay_linear(rank(volume / (vwap + 1e-5)), 5))
[reward_only] iter 30/50 [OK ] reward= -6.5328  rank(-1 * stddev(delta(close, 1), 20) + decay_linear(rank(volume / (vwap + 1e-5)), 5))
[reward_only] iter 31/50 [OK ] reward= -6.5328  rank(-1 * stddev(delta(close, 1), 20) + decay_linear(rank(volume / (vwap + 1e-5)), 5))
[reward_only] iter 32/50 [OK ] reward= -6.5328  rank(-1 * stddev(delta(close, 1), 20) + decay_linear(rank(volume / (vwap + 1e-5)), 5))
[reward_only] iter 33/50 [OK ] reward= -6.5328  rank(-1 * stddev(delta(close, 1), 20) + decay_linear(rank(volume / (vwap + 1e-5)), 5))
[reward_only] iter 34/50 [OK ] reward= -6.5328  rank(-1 * stddev(delta(close, 1), 20) + decay_linear(rank(volume / (vwap + 1e-5)), 5))
[reward_only] iter 35/50 [OK ] reward= -6.5328  rank(-1 * stddev(delta(close, 1), 20) + decay_linear(rank(volume / (vwap + 1e-5)), 5))
[reward_only] iter 36/50 [OK ] reward= -6.5328  rank(-1 * stddev(delta(close, 1), 20) + decay_linear(rank(volume / (vwap + 1e-5)), 5))
[reward_only] iter 37/50 [OK ] reward= -6.5328  rank(-1 * stddev(delta(close, 1), 20) + decay_linear(rank(volume / (vwap + 1e-5)), 5))
[reward_only] iter 38/50 [OK ] reward= -6.5328  rank(-1 * stddev(delta(close, 1), 20) + decay_linear(rank(volume / (vwap + 1e-5)), 5))
[reward_only] iter 39/50 [OK ] reward= -6.5328  rank(-1 * stddev(delta(close, 1), 20) + decay_linear(rank(volume / (vwap + 1e-5)), 5))
[reward_only] iter 40/50 [OK ] reward= -6.5328  rank(-1 * stddev(delta(close, 1), 20) + decay_linear(rank(volume / (vwap + 1e-5)), 5))
[reward_only] iter 41/50 [OK ] reward= -6.5328  rank(-1 * stddev(delta(close, 1), 20) + decay_linear(rank(volume / (vwap + 1e-5)), 5))
[reward_only] iter 42/50 [OK ] reward= -6.5328  rank(-1 * stddev(delta(close, 1), 20) + decay_linear(rank(volume / (vwap + 1e-5)), 5))
[reward_only] iter 43/50 [OK ] reward= -6.5328  rank(-1 * stddev(delta(close, 1), 20) + decay_linear(rank(volume / (vwap + 1e-5)), 5))
[reward_only] iter 44/50 [OK ] reward= -6.5328  rank(-1 * stddev(delta(close, 1), 20) + decay_linear(rank(volume / (vwap + 1e-5)), 5))
[reward_only] iter 45/50 [OK ] reward= -6.5328  rank(-1 * stddev(delta(close, 1), 20) + decay_linear(rank(volume / (vwap + 1e-5)), 5))
[reward_only] iter 46/50 [OK ] reward= -6.5328  rank(-1 * stddev(delta(close, 1), 20) + decay_linear(rank(volume / (vwap + 1e-5)), 5))
[reward_only] iter 47/50 [OK ] reward= -6.5328  rank(-1 * stddev(delta(close, 1), 20) + decay_linear(rank(volume / (vwap + 1e-5)), 5))
[reward_only] iter 48/50 [OK ] reward= -6.5328  rank(-1 * stddev(delta(close, 1), 20) + decay_linear(rank(volume / (vwap + 1e-5)), 5))
[reward_only] iter 49/50 [OK ] reward= -7.7054  rank(-1 * stddev(delta(close, 1), 20) + rank(volume / (vwap + 1e-5)))
[reward_only] iter 50/50 [OK ] reward= -6.5328  rank(-1 * stddev(delta(close, 1), 20) + decay_linear(rank(volume / (vwap + 1e-5)), 5))
[wfo:reward_only] fold 17 winner: rank(-1 * stddev(delta(close, 1), 20) + decay_linear(rank(volume / (vwap + 1e-5)), 5))
[wfo:reward_only] fold 17 OOS: Gross_IR=0.713 Turnover=13.29 Net_IR=0.031
[wfo:reward_only] fold 18: train 2019-01-01..2023-12-31 -> test 2024-01-01..2024-12-31
[reward_only] iter  0/50 [SEED] reward= -7.6095  rank(-1 * stddev(delta(close, 1), 20))
[reward_only] iter  1/50 [OK ] reward=-78.4172  rank(-1 * stddev(delta(close, 1), 20) / (ts_rank(volume, 20) + 1e-5))
[reward_only] iter  2/50 [OK ] reward=-78.4172  rank(-1 * stddev(delta(close, 1), 20) / (ts_rank(volume, 20) + 1e-5))
[reward_only] iter  3/50 [OK ] reward=-78.4172  cs_rank(-1 * (stddev(delta(close, 1), 20) / (ts_rank(volume, 20) + 1e-5)))
[reward_only] iter  4/50 [OK ] reward=-137.9265  cs_rank(-1 * (stddev(delta(close, 1), 20) / (zscore(volume, 20) + 1e-5)))
[reward_only] iter  5/50 [ERR] reward=    -inf  cs_rank(-1 * (stddev(delta(close, 1), 20) + cs_rank(volume / (vwap * volume))))
[reward_only] iter  6/50 [OK ] reward=-27.8878  cs_rank(-1 * (stddev(delta(close, 1), 20) + ts_rank(volume / (vwap + 1e-5), 20)))
[reward_only] iter  7/50 [OK ] reward= -7.6095  cs_rank(-1 * stddev(delta(close, 1), 20))
[reward_only] iter  8/50 [OK ] reward=-38.4297  cs_rank(-1 * stddev(delta(close, 1), 20) + decay_linear(close - open, 5))
[reward_only] iter  9/50 [OK ] reward=-56.6866  cs_rank(-1 * stddev(delta(close, 1), 20) + zscore(volume, 20))
[reward_only] iter 10/50 [OK ] reward=-26.5351  cs_rank(-1 * stddev(delta(close, 1), 20) + ts_rank(volume, 20))
[reward_only] iter 11/50 [OK ] reward= -7.9233  cs_rank(-1 * stddev(delta(close, 1), 20) + decay_linear(ts_rank(volume, 20), 20))
[reward_only] iter 12/50 [OK ] reward= -7.5538  cs_rank(-1 * stddev(delta(close, 1), 20) + sma(ts_rank(volume, 20), 20))
[reward_only] iter 13/50 [OK ] reward= -7.9233  cs_rank(-1 * stddev(delta(close, 1), 20) + decay_linear(ts_rank(volume, 20), 20))
[reward_only] iter 14/50 [OK ] reward=-10.6471  cs_rank(-1 * stddev(delta(close, 1), 20) + sma(ts_rank(volume, 20), 20) + decay_linear(vwap - open, 20))
[reward_only] iter 15/50 [OK ] reward= -7.5538  cs_rank(-1 * stddev(delta(close, 1), 20) + sma(ts_rank(volume, 20), 20))
[reward_only] iter 16/50 [OK ] reward= -7.9233  cs_rank(-1 * stddev(delta(close, 1), 20) + decay_linear(ts_rank(volume, 20), 20))
[reward_only] iter 17/50 [OK ] reward= -8.0600  cs_rank(-1 * stddev(delta(close, 1), 20) + sma(ts_rank(vwap, 20), 20))
[reward_only] iter 18/50 [OK ] reward= -7.6136  cs_rank(-1 * stddev(delta(close, 1), 20) + sma(ts_rank(volume * vwap, 20), 20))
[reward_only] iter 19/50 [OK ] reward= -7.5538  cs_rank(-1 * stddev(delta(close, 1), 20) + sma(ts_rank(volume, 20), 20))
[reward_only] iter 20/50 [OK ] reward=-31.4167  cs_rank(-1 * stddev(delta(close, 1), 20) + sma(ts_rank(volume, 20), 20) + cs_rank(vwap - close))
[reward_only] iter 21/50 [OK ] reward= -7.5538  cs_rank(-1 * stddev(delta(close, 1), 20) + sma(ts_rank(volume, 20), 20))
[reward_only] iter 22/50 [OK ] reward= -8.2138  cs_rank(-1 * stddev(delta(close, 1), 20) + sma(ts_rank(volume, 20), 20) + decay_linear(ts_rank(vwap, 20), 20))
[reward_only] iter 23/50 [OK ] reward= -7.5538  cs_rank(-1 * stddev(delta(close, 1), 20) + sma(ts_rank(volume, 20), 20))
[reward_only] iter 24/50 [OK ] reward= -3.0940  cs_rank(-1 * stddev(delta(close, 1), 20) + sma(ts_rank(volume, 20), 20) + decay_linear(vwap, 20))
[reward_only] iter 25/50 [OK ] reward=-26.5351  cs_rank(-1 * stddev(delta(close, 1), 20) + ts_rank(volume, 20))
[reward_only] iter 26/50 [OK ] reward= -3.7336  cs_rank(-1 * stddev(delta(close, 1), 20) + sma(ts_rank(volume, 20), 20) + decay_linear(vwap, 20) + cs_rank(vwap / (high + low + 1e-5)))
[reward_only] iter 27/50 [OK ] reward= -3.0940  cs_rank(-1 * stddev(delta(close, 1), 20) + sma(ts_rank(volume, 20), 20) + decay_linear(vwap, 20))
[reward_only] iter 28/50 [OK ] reward=-26.5351  cs_rank(-1 * stddev(delta(close, 1), 20) + ts_rank(volume, 20))
[reward_only] iter 29/50 [OK ] reward= -3.3090  cs_rank(-1 * stddev(delta(close, 1), 20) + sma(ts_rank(volume, 20), 20) + decay_linear(vwap, 20) + cs_rank(volume / (volume + 1e-5)))
[reward_only] iter 30/50 [OK ] reward= -7.5538  cs_rank(-1 * stddev(delta(close, 1), 20) + sma(ts_rank(volume, 20), 20))
[reward_only] iter 31/50 [OK ] reward= -3.3090  cs_rank(-1 * stddev(delta(close, 1), 20) + sma(ts_rank(volume, 20), 20) + decay_linear(vwap, 20) + cs_rank(volume / (volume + 1e-5)))
[reward_only] iter 32/50 [OK ] reward= -3.0940  cs_rank(-1 * stddev(delta(close, 1), 20) + sma(ts_rank(volume, 20), 20) + decay_linear(vwap, 20))
[reward_only] iter 33/50 [OK ] reward= -7.5538  cs_rank(-1 * stddev(delta(close, 1), 20) + sma(ts_rank(volume, 20), 20))
[reward_only] iter 34/50 [OK ] reward= -3.2323  cs_rank(-1 * stddev(delta(close, 1), 20) + sma(ts_rank(volume, 20), 20) + decay_linear(vwap, 20) - cs_rank(zscore(close, 20)))
[reward_only] iter 35/50 [OK ] reward= -3.0940  cs_rank(-1 * stddev(delta(close, 1), 20) + sma(ts_rank(volume, 20), 20) + decay_linear(vwap, 20))
[reward_only] iter 36/50 [OK ] reward= -7.5538  cs_rank(-1 * stddev(delta(close, 1), 20) + sma(ts_rank(volume, 20), 20))
[reward_only] iter 37/50 [OK ] reward= -3.2468  cs_rank(-1 * stddev(delta(close, 1), 20) + sma(ts_rank(volume, 20), 20) + decay_linear(vwap, 20) - cs_rank(ts_rank(close, 20)))
[reward_only] iter 38/50 [OK ] reward= -3.0940  cs_rank(-1 * stddev(delta(close, 1), 20) + sma(ts_rank(volume, 20), 20) + decay_linear(vwap, 20))
[reward_only] iter 39/50 [OK ] reward= -3.2232  cs_rank(-1 * stddev(delta(close, 1), 20) + ts_rank(volume, 20) + decay_linear(vwap, 20))
[reward_only] iter 40/50 [OK ] reward= -2.9992  cs_rank(-1 * stddev(delta(close, 1), 20) + decay_linear(vwap, 20))
[reward_only] iter 41/50 [OK ] reward= -3.9553  cs_rank(-1 * ts_rank(close, 20) + decay_linear(volume, 20))
[reward_only] iter 42/50 [OK ] reward= -8.2215  cs_rank(-1 * stddev(delta(close, 1), 20) + decay_linear(ts_rank(vwap, 20), 20))
[reward_only] iter 43/50 [OK ] reward=-10.5710  cs_rank(-1 * stddev(delta(close, 1), 20) + decay_linear(zscore(vwap, 20), 20))
[reward_only] iter 44/50 [OK ] reward= -8.2215  cs_rank(-1 * stddev(delta(close, 1), 20) + decay_linear(ts_rank(vwap, 20), 20))
[reward_only] iter 45/50 [OK ] reward=-10.5710  cs_rank(-1 * stddev(delta(close, 1), 20) + decay_linear(zscore(vwap, 20), 20))
[reward_only] iter 46/50 [OK ] reward=-42.7929  cs_rank(-1 * stddev(delta(close, 1), 20) + decay_linear(vwap, 20) * cs_rank(volume))
[reward_only] iter 47/50 [OK ] reward= -2.9992  cs_rank(-1 * stddev(delta(close, 1), 20) + decay_linear(vwap, 20))
[reward_only] iter 48/50 [OK ] reward=-48.3863  cs_rank(-1 * ts_rank(close, 20) + cs_rank(volume / (volume + 1e-5)))
[reward_only] iter 49/50 [OK ] reward= -3.1618  cs_rank(-1 * stddev(delta(close, 1), 20) + decay_linear(vwap, 20) + cs_rank(volume / (volume + 1e-5)))
[reward_only] iter 50/50 [OK ] reward= -2.9992  cs_rank(-1 * stddev(delta(close, 1), 20) + decay_linear(vwap, 20))
[wfo:reward_only] fold 18 winner: cs_rank(-1 * stddev(delta(close, 1), 20) + decay_linear(vwap, 20))
[wfo:reward_only] fold 18 OOS: Gross_IR=-0.599 Turnover=4.12 Net_IR=-0.811
[wfo:reward_only] fold 19: train 2020-01-01..2024-12-31 -> test 2025-01-01..2025-12-31
[reward_only] iter  0/50 [SEED] reward= -7.5961  rank(-1 * stddev(delta(close, 1), 20))
[reward_only] iter  1/50 [OK ] reward=-16.6119  cs_rank(-1 * decay_linear(ts_rank(close, 20), 20))
[reward_only] iter  2/50 [OK ] reward= -8.4927  cs_rank(-1 * (stddev(delta(close, 1), 20) + decay_linear(ts_rank(volume, 20), 20)))
[reward_only] iter  3/50 [OK ] reward= -9.0260  cs_rank(-1 * (stddev(delta(close, 1), 20) + decay_linear(cs_rank(volume), 20)))
[reward_only] iter  4/50 [OK ] reward=-17.2066  cs_rank(-1 * (stddev(delta(close, 1), 20) + decay_linear(cs_rank(volume), 20) + ts_rank(close, 20)))
[reward_only] iter  5/50 [OK ] reward= -3.0238  cs_rank(-1 * stddev(delta(close, 1), 20) + decay_linear(close, 20))
[reward_only] iter  6/50 [OK ] reward= -3.0191  cs_rank(-1 * stddev(delta(close, 1), 20) + decay_linear(vwap, 20))
[reward_only] iter  7/50 [OK ] reward= -3.8617  cs_rank(-1 * ts_rank(close, 20) + decay_linear(volume, 20))
[reward_only] iter  8/50 [OK ] reward= -3.2000  cs_rank(-1 * stddev(delta(close, 1), 20) + decay_linear(vwap, 20) + ts_rank(volume, 20))
[reward_only] iter  9/50 [OK ] reward= -3.0191  cs_rank(-1 * stddev(delta(close, 1), 20) + decay_linear(vwap, 20))
[reward_only] iter 10/50 [ERR] reward=    -inf  cs_rank((close - open) / (high - low) + decay_linear(vwap, 20))
[reward_only] iter 11/50 [OK ] reward= -8.0294  cs_rank(-1 * stddev(delta(close, 1), 20) + decay_linear(ts_rank(vwap, 20), 20))
[reward_only] iter 12/50 [OK ] reward=-10.1116  cs_rank(-1 * stddev(delta(close, 1), 20) + decay_linear(zscore(vwap, 20), 20))
[reward_only] iter 13/50 [OK ] reward= -8.0294  cs_rank(-1 * stddev(delta(close, 1), 20) + decay_linear(ts_rank(vwap, 20), 20))
[reward_only] iter 14/50 [OK ] reward= -3.2000  cs_rank(-1 * stddev(delta(close, 1), 20) + decay_linear(vwap, 20) - ts_rank(volume, 20))
[reward_only] iter 15/50 [OK ] reward= -3.0191  cs_rank(-1 * stddev(delta(close, 1), 20) + decay_linear(vwap, 20))
[reward_only] iter 16/50 [ERR] reward=    -inf  cs_rank((close - open) / (high - low) + decay_linear(vwap, 20))
[reward_only] iter 17/50 [OK ] reward= -3.3573  cs_rank(-1 * stddev(delta(close, 1), 20) + decay_linear(vwap, 20) + cs_rank(close / (high - low + 1e-5)))
[reward_only] iter 18/50 [OK ] reward= -3.0191  cs_rank(-1 * stddev(delta(close, 1), 20) + decay_linear(vwap, 20))
[reward_only] iter 19/50 [OK ] reward=-38.9027  cs_rank(vwap - sma(close, 20))
[reward_only] iter 20/50 [OK ] reward= -6.6075  cs_rank(-1 * stddev(delta(close, 1), 20) + decay_linear(cs_rank(volume), 20))
[reward_only] iter 21/50 [OK ] reward= -3.0805  cs_rank(-1 * stddev(delta(close, 1), 20) + decay_linear(vwap, 20) - cs_rank(volume))
[reward_only] iter 22/50 [OK ] reward= -3.0191  cs_rank(-1 * stddev(delta(close, 1), 20) + decay_linear(vwap, 20))
[reward_only] iter 23/50 [ERR] reward=    -inf  cs_rank((close - open) / (high - low) + decay_linear(vwap, 20))
[reward_only] iter 24/50 [OK ] reward= -3.5987  cs_rank(-1 * stddev(delta(close, 1), 20) + decay_linear(vwap, 20) + cs_rank((close - open) / (high - low + 1e-5)))
[reward_only] iter 25/50 [OK ] reward= -3.0191  cs_rank(-1 * stddev(delta(close, 1), 20) + decay_linear(vwap, 20))
[reward_only] iter 26/50 [OK ] reward= -2.9962  cs_rank(close / (open + 1e-5) - 1 + decay_linear(vwap, 20))
[reward_only] iter 27/50 [ERR] reward=    -inf  cs_rank((close - open) / (high - low) + decay_linear(vwap, 20))
[reward_only] iter 28/50 [OK ] reward= -2.9962  cs_rank(close / (open + 1e-5) - 1 + decay_linear(vwap, 20))
[reward_only] iter 29/50 [OK ] reward=-24.1150  cs_rank(vwap - sma(vwap, 50))
[reward_only] iter 30/50 [OK ] reward= -3.1072  cs_rank(close / (open + 1e-5) - 1 + decay_linear(vwap, 20) + cs_rank(volume / (volume + 1e-5)))
[reward_only] iter 31/50 [OK ] reward= -2.9962  cs_rank(close / (open + 1e-5) - 1 + decay_linear(vwap, 20))
[reward_only] iter 32/50 [OK ] reward=-136.4115  cs_rank(close / (open + 1e-5) - 1 + ts_rank(volume, 20))
[reward_only] iter 33/50 [OK ] reward=-32.2743  cs_rank(close / (open + 1e-5) - 1 + decay_linear(zscore(volume, 20), 20))
[reward_only] iter 34/50 [OK ] reward=-22.9135  cs_rank(close / (open + 1e-5) - 1 + decay_linear(ts_rank(close, 20), 20))
[reward_only] iter 35/50 [ERR] reward=    -inf  cs_rank(close / (open + 1e-5) - 1 + decay_linear(vwap, 20) * cs_rank(volume / (mean(volume, 20) + 1e-5)))
[reward_only] iter 36/50 [OK ] reward= -3.8015  cs_rank(close / (open + 1e-5) - 1 + decay_linear(vwap, 20) + zscore(volume, 20))
[reward_only] iter 37/50 [OK ] reward= -3.1289  cs_rank(close / (open + 1e-5) - 1 + decay_linear(vwap, 20) - ts_rank(volume, 20))
[reward_only] iter 38/50 [OK ] reward= -3.2289  cs_rank(close / (open + 1e-5) - 1 + decay_linear(vwap, 20) - ts_rank(log(volume + 1e-5), 20))
[reward_only] iter 39/50 [OK ] reward= -2.9962  cs_rank(close / (open + 1e-5) - 1 + decay_linear(vwap, 20))
[reward_only] iter 40/50 [OK ] reward=-136.4115  cs_rank(close / (open + 1e-5) - 1 + ts_rank(volume, 20))
[reward_only] iter 41/50 [OK ] reward=-27.7608  cs_rank(close / (open + 1e-5) - 1 + decay_linear(ts_rank(vwap, 20), 10))
[reward_only] iter 42/50 [OK ] reward= -3.0072  cs_rank(close / (open + 1e-5) - 1 + decay_linear(vwap, 20) + cs_rank(volume))
[reward_only] iter 43/50 [OK ] reward=-210.7848  cs_rank(close - open) + cs_rank(vwap - close)
[reward_only] iter 44/50 [OK ] reward= -3.1370  cs_rank(close / (open + 1e-5) - 1 + decay_linear(vwap, 20) + ts_rank(volume, 20))
[reward_only] iter 45/50 [OK ] reward= -3.1014  cs_rank(close / (open + 1e-5) - 1 + decay_linear(vwap, 20) + ts_rank(close, 20))
[reward_only] iter 46/50 [OK ] reward= -2.8506  cs_rank(close / (open + 1e-5) - 1 + decay_linear(vwap, 20) + sma(close, 50))
[reward_only] iter 47/50 [OK ] reward= -3.0048  cs_rank(close / (open + 1e-5) - 1 + decay_linear(vwap, 20) + sma(close, 50) + ts_rank(volume, 20))
[reward_only] iter 48/50 [OK ] reward= -2.8506  cs_rank(close / (open + 1e-5) - 1 + decay_linear(vwap, 20) + sma(close, 50))
[reward_only] iter 49/50 [OK ] reward= -2.8990  cs_rank(ts_rank(close, 20) - ts_rank(open, 20) + decay_linear(vwap, 20) + sma(close, 50))
[reward_only] iter 50/50 [OK ] reward= -2.9315  cs_rank(close / (open + 1e-5) - 1 + decay_linear(vwap, 20) + sma(close, 50) - ts_rank(close, 20))
[wfo:reward_only] fold 19 winner: cs_rank(close / (open + 1e-5) - 1 + decay_linear(vwap, 20) + sma(close, 50))
[wfo:reward_only] fold 19 OOS: Gross_IR=-1.589 Turnover=4.21 Net_IR=-1.787
[wfo:reward_only] fold 20: train 2021-01-01..2025-12-31 -> test 2026-01-01..2026-08-13
[reward_only] iter  0/50 [SEED] reward= -7.5551  rank(-1 * stddev(delta(close, 1), 20))
[reward_only] iter  1/50 [OK ] reward= -2.3141  rank(-1 * decay_linear(stddev(delta(close, 1), 20), 50))
[reward_only] iter  2/50 [OK ] reward=-38.3852  rank(-1 * decay_linear(stddev(delta(close, 1), 20), 50) * cs_rank(volume))
[reward_only] iter  3/50 [OK ] reward=-49.1992  rank(-1 * decay_linear(zscore(close - open, 20), 50) * cs_rank(volume))
[reward_only] iter  4/50 [OK ] reward=-38.4860  rank(-1 * decay_linear(stddev(delta(close, 1), 20), 50) * cs_rank(volume / (volume + 1e-5)))
[reward_only] iter  5/50 [OK ] reward= -5.5841  rank(-1 * decay_linear(stddev(delta(close, 1), 20), 50) + cs_rank(volume / (volume + 1e-5)))
[reward_only] iter  6/50 [OK ] reward= -2.3141  rank(-1 * decay_linear(stddev(delta(close, 1), 20), 50))
[reward_only] iter  7/50 [OK ] reward=-38.3852  rank(-1 * decay_linear(stddev(delta(close, 1), 20), 50) * cs_rank(volume))
[reward_only] iter  8/50 [OK ] reward= -5.4843  rank(-1 * decay_linear(stddev(delta(close, 1), 20), 50) + cs_rank(volume))
[reward_only] iter  9/50 [OK ] reward=-22.7240  rank(-1 * decay_linear(stddev(delta(close, 1), 20), 50) + cs_rank(volume) + ts_rank(close - open, 20))
[reward_only] iter 10/50 [OK ] reward= -2.3141  rank(-1 * decay_linear(stddev(delta(close, 1), 20), 50))
[reward_only] iter 11/50 [OK ] reward=-10.5976  rank(-1 * decay_linear(ts_rank(stddev(delta(close, 1), 20), 60), 50))
[reward_only] iter 12/50 [OK ] reward=-10.3741  rank(-1 * decay_linear(ts_rank(close, 20), 50))
[reward_only] iter 13/50 [OK ] reward= -4.8677  rank(-1 * decay_linear(stddev(delta(close, 1), 20) * cs_rank(volume), 50))
[reward_only] iter 14/50 [OK ] reward=-130.8406  cs_rank(-1 * (close - open) / (high - low + 1e-5)) * cs_rank(volume)
[reward_only] iter 15/50 [OK ] reward=-15.2112  rank(-1 * decay_linear(stddev(delta(close, 1), 20), 50)) * cs_rank(volume)
[reward_only] iter 16/50 [OK ] reward=-15.2112  rank(-1 * decay_linear(stddev(delta(close, 1), 20), 50)) * cs_rank(volume)
[reward_only] iter 17/50 [OK ] reward=-131.8167  rank(-1 * decay_linear(stddev(delta(close, 1), 20), 50)) * zscore(volume, 60)
[reward_only] iter 18/50 [OK ] reward=-15.2112  rank(-1 * decay_linear(stddev(delta(close, 1), 20), 50)) * cs_rank(volume)
[reward_only] iter 19/50 [OK ] reward=-15.3114  rank(-1 * decay_linear(stddev(delta(close, 1), 20), 50)) * cs_rank(volume / (volume + 1e-5))
[reward_only] iter 20/50 [OK ] reward=-15.3114  rank(-1 * decay_linear(stddev(delta(close, 1), 20), 50)) * rank(volume / (volume + 1e-5))
[reward_only] iter 21/50 [OK ] reward=-15.3114  rank(-1 * decay_linear(stddev(delta(close, 1), 20), 50)) * rank(volume / (volume + 1e-5))
[reward_only] iter 22/50 [OK ] reward=-15.3114  rank(-1 * decay_linear(stddev(delta(close, 1), 20), 50)) * rank(volume / (volume + 1e-5))
[reward_only] iter 23/50 [OK ] reward=-15.3114  rank(-1 * decay_linear(stddev(delta(close, 1), 20), 50)) * rank(volume / (volume + 1e-5))
[reward_only] iter 24/50 [OK ] reward= -2.3141  rank(-1 * decay_linear(stddev(delta(close, 1), 20), 50))
[reward_only] iter 25/50 [OK ] reward=-14.4885  rank(-1 * decay_linear(zscore(stddev(delta(close, 1), 20), 20), 50))
[reward_only] iter 26/50 [ERR] reward=    -inf  cs_rank(close / (low * 1.0001) - 1)
[reward_only] iter 27/50 [OK ] reward= -9.8958  rank(-1 * decay_linear(stddev(delta(close, 1), 20), 50) + ts_rank(vwap, 20))
[reward_only] iter 28/50 [OK ] reward= -2.6890  rank(-1 * decay_linear(stddev(delta(close, 1), 20), 50) + cs_rank(vwap))
[reward_only] iter 29/50 [OK ] reward=-21.7342  rank(-1 * decay_linear(stddev(delta(close, 1), 20), 50) + cs_rank(zscore(volume, 20)))
[reward_only] iter 30/50 [OK ] reward=-21.7342  rank(-1 * decay_linear(stddev(delta(close, 1), 20), 50) + cs_rank(zscore(volume, 20)))
[reward_only] iter 31/50 [OK ] reward=-48.0536  rank(-1 * decay_linear(stddev(delta(close, 1), 20), 50) + zscore(volume, 20))
[reward_only] iter 32/50 [OK ] reward= -5.4843  rank(-1 * decay_linear(stddev(delta(close, 1), 20), 50) + cs_rank(volume))
[reward_only] iter 33/50 [OK ] reward= -9.8958  rank(-1 * decay_linear(stddev(delta(close, 1), 20), 50) + ts_rank(vwap, 20))
[reward_only] iter 34/50 [OK ] reward= -2.7890  rank(-1 * decay_linear(stddev(delta(close, 1), 20), 50) + cs_rank(vwap / (vwap + 1e-5)))
[reward_only] iter 35/50 [OK ] reward= -2.7890  rank(-1 * decay_linear(stddev(delta(close, 1), 20), 50) + cs_rank(vwap / (vwap + 1e-5)))
[reward_only] iter 36/50 [OK ] reward= -2.3141  rank(-1 * decay_linear(stddev(delta(close, 1), 20), 50))
[reward_only] iter 37/50 [OK ] reward=-16.0344  rank(-1 * decay_linear(stddev(delta(close, 1), 20), 50)) + rank(volume / (volume + 1e-5))
[reward_only] iter 38/50 [OK ] reward=-16.0344  rank(-1 * decay_linear(stddev(delta(close, 1), 20), 50)) + rank(volume / (volume + 1e-5))
[reward_only] iter 39/50 [OK ] reward= -2.3141  rank(-1 * decay_linear(stddev(delta(close, 1), 20), 50))
[reward_only] iter 40/50 [ERR] reward=    -inf  rank(-1 * decay_linear(stddev(delta(close, 1), 20), 50) + cs_rank(vwap / close))
[reward_only] iter 41/50 [OK ] reward=-28.4440  cs_rank(-1 * decay_linear(stddev(delta(close, 1), 20), 50) + cs_rank(vwap / (close + 1e-5)))
[reward_only] iter 42/50 [OK ] reward= -2.3141  rank(-1 * decay_linear(stddev(delta(close, 1), 20), 50))
[reward_only] iter 43/50 [OK ] reward= -7.4599  cs_rank(-1 * decay_linear(stddev(delta(close, 1), 20), 50) / (vwap + 1e-5))
[reward_only] iter 44/50 [ERR] reward=    -inf  cs_rank(-1 * decay_linear(close / open, 20))
[reward_only] iter 45/50 [OK ] reward=-28.4440  rank(-1 * decay_linear(stddev(delta(close, 1), 20), 50) + cs_rank(vwap / (close + 1e-5)))
[reward_only] iter 46/50 [OK ] reward=-28.4440  rank(-1 * decay_linear(stddev(delta(close, 1), 20), 50) + cs_rank(vwap / (close + 1e-5)))
[reward_only] iter 47/50 [OK ] reward=-28.4440  rank(-1 * decay_linear(stddev(delta(close, 1), 20), 50) + cs_rank(vwap / (close + 1e-5)))
[reward_only] iter 48/50 [OK ] reward= -2.3141  rank(-1 * decay_linear(stddev(delta(close, 1), 20), 50))
[reward_only] iter 49/50 [OK ] reward=-38.3852  rank(-1 * decay_linear(stddev(delta(close, 1), 20), 50) * cs_rank(volume))
[reward_only] iter 50/50 [OK ] reward=-172.1527  cs_rank(close - open)
[wfo:reward_only] fold 20 winner: rank(-1 * decay_linear(stddev(delta(close, 1), 20), 50))
[wfo:reward_only] fold 20 OOS: Gross_IR=-0.477 Turnover=7.08 Net_IR=-0.629
[run_full_grid] checkpointed grid_summary.csv (3 rows)

==============================================================================
ALPHA=momentum (rank(delta(close, 60) / (stddev(delta(close, 1), 60) + 1e-5)))  LLM_SEED=1001
==============================================================================
[LocalQwenClient] seed=1001 main_gpu=0
[wfo:reward_only] fold 0: train 2001-01-01..2005-12-31 -> test 2006-01-01..2006-12-31
[reward_only] iter  0/50 [SEED] reward=-26.4552  rank(delta(close, 60) / (stddev(delta(close, 1), 60) + 1e-5))
[reward_only] iter  1/50 [OK ] reward=-29.5984  cs_rank(volume / (sma(close, 60) + 1e-5))
[reward_only] iter  2/50 [OK ] reward=-31.6513  cs_rank(delta(close, 60) / (stddev(delta(close, 1), 60) + 1e-5)) + cs_rank(volume / (sma(close, 60) + 1e-5))
[reward_only] iter  3/50 [OK ] reward=-31.6513  rank(delta(close, 60) / (stddev(delta(close, 1), 60) + 1e-5)) + cs_rank(volume / (sma(close, 60) + 1e-5))
[reward_only] iter  4/50 [OK ] reward=-31.6513  rank(delta(close, 60) / (stddev(delta(close, 1), 60) + 1e-5)) + cs_rank(volume / (sma(close, 60) + 1e-5))
[reward_only] iter  5/50 [OK ] reward=-30.8368  rank(delta(close, 60) / (stddev(delta(close, 1), 60) + 1e-5)) * cs_rank(volume / (sma(close, 60) + 1e-5))
[reward_only] iter  6/50 [OK ] reward=-31.0034  rank(delta(close, 60) / (stddev(delta(close, 1), 60) + 1e-5)) * cs_rank(volume / (close + 1e-5))
[reward_only] iter  7/50 [OK ] reward=-31.0034  rank(delta(close, 60) / (stddev(delta(close, 1), 60) + 1e-5)) * cs_rank(volume / (close + 1e-5))
[reward_only] iter  8/50 [OK ] reward=-31.0034  rank(delta(close, 60) / (stddev(delta(close, 1), 60) + 1e-5)) * cs_rank(volume / (close + 1e-5))
[reward_only] iter  9/50 [OK ] reward=-31.0034  rank(delta(close, 60) / (stddev(delta(close, 1), 60) + 1e-5)) * cs_rank(volume / (close + 1e-5))
[reward_only] iter 10/50 [OK ] reward=-31.0034  rank(delta(close, 60) / (stddev(delta(close, 1), 60) + 1e-5)) * cs_rank(volume / (close + 1e-5))
[reward_only] iter 11/50 [ERR] reward=    -inf  rank(delta(close, 60) / (stddev(delta(close, 1), 60) + 1e-5)) * cs_rank(volume / close)
[reward_only] iter 12/50 [OK ] reward=-31.0034  rank(delta(close, 60) / (stddev(delta(close, 1), 60) + 1e-5)) * cs_rank(volume / (close + 1e-5))
[reward_only] iter 13/50 [OK ] reward=-31.0034  rank(delta(close, 60) / (stddev(delta(close, 1), 60) + 1e-5)) * cs_rank(volume / (close + 1e-5))
[reward_only] iter 14/50 [OK ] reward=-31.0034  rank(delta(close, 60) / (stddev(delta(close, 1), 60) + 1e-5)) * cs_rank(volume / (close + 1e-5))
[reward_only] iter 15/50 [OK ] reward=-39.4626  rank(delta(close, 60) / (stddev(delta(close, 1), 60) + 1e-5)) * cs_rank(volume)
[reward_only] iter 16/50 [ERR] reward=    -inf  cs_rank(close / open)
[reward_only] iter 17/50 [OK ] reward=-31.1171  rank(delta(close, 60) / (stddev(delta(close, 1), 60) + 1e-5)) * cs_rank(volume / (vwap + 1e-5))
[reward_only] iter 18/50 [OK ] reward=-31.1171  rank(delta(close, 60) / (stddev(delta(close, 1), 60) + 1e-5)) * cs_rank(volume / (vwap + 1e-5))
[reward_only] iter 19/50 [OK ] reward=-31.1171  rank(delta(close, 60) / (stddev(delta(close, 1), 60) + 1e-5)) * cs_rank(volume / (vwap + 1e-5))
[reward_only] iter 20/50 [OK ] reward=-31.1171  rank(delta(close, 60) / (stddev(delta(close, 1), 60) + 1e-5)) * cs_rank(volume / (vwap + 1e-5))
[reward_only] iter 21/50 [OK ] reward=-31.1171  rank(delta(close, 60) / (stddev(delta(close, 1), 60) + 1e-5)) * cs_rank(volume / (vwap + 1e-5))
[reward_only] iter 22/50 [OK ] reward=-31.1171  rank(delta(close, 60) / (stddev(delta(close, 1), 60) + 1e-5)) * cs_rank(volume / (vwap + 1e-5))
[reward_only] iter 23/50 [OK ] reward=-31.1171  rank(delta(close, 60) / (stddev(delta(close, 1), 60) + 1e-5)) * cs_rank(volume / (vwap + 1e-5))
[reward_only] iter 24/50 [OK ] reward=-31.1171  rank(delta(close, 60) / (stddev(delta(close, 1), 60) + 1e-5)) * cs_rank(volume / (vwap + 1e-5))
[reward_only] iter 25/50 [OK ] reward=-32.0096  rank(delta(close, 60) / (stddev(delta(close, 1), 60) + 1e-5)) + cs_rank(volume / (vwap + 1e-5))
[reward_only] iter 26/50 [OK ] reward=-26.4552  rank(delta(close, 60) / (stddev(delta(close, 1), 60) + 1e-5))
[reward_only] iter 27/50 [OK ] reward=-181.7206  cs_rank(vwap - close)
[reward_only] iter 28/50 [OK ] reward= -8.0256  decay_linear(cs_rank(delta(close, 60) / (stddev(delta(close, 1), 60) + 1e-5)), 20)
[reward_only] iter 29/50 [ERR] reward=    -inf  cs_rank((vwap - open) / (high - low))
[reward_only] iter 30/50 [OK ] reward= -8.0256  decay_linear(cs_rank(delta(close, 60) / (stddev(delta(close, 1), 60) + 1e-5)), 20)
[reward_only] iter 31/50 [OK ] reward= -2.9227  decay_linear(cs_rank(volume / (vwap + 1e-5)), 20)
[reward_only] iter 32/50 [OK ] reward=-54.9515  decay_linear(cs_rank((close - open) / (high - low + 1e-5)), 20)
[reward_only] iter 33/50 [OK ] reward=-52.9587  decay_linear(cs_rank((close - vwap) / (high - low + 1e-5)), 20)
[reward_only] iter 34/50 [ERR] reward=    -inf  decay_linear(cs_rank(close / vwap), 20)
[reward_only] iter 35/50 [OK ] reward= -2.9227  decay_linear(cs_rank(volume / (vwap + 1e-5)), 20)
[reward_only] iter 36/50 [OK ] reward=-12.0214  decay_linear(cs_rank(volume / (vwap + 1e-5)) + cs_rank(high - low), 20)
[reward_only] iter 37/50 [OK ] reward= -6.8396  decay_linear(cs_rank(volume / (vwap + 1e-5)) + cs_rank(stddev(close, 20) / (close + 1e-5)), 20)
[reward_only] iter 38/50 [OK ] reward= -2.9227  decay_linear(cs_rank(volume / (vwap + 1e-5)), 20)
[reward_only] iter 39/50 [OK ] reward= -2.2120  decay_linear(cs_rank(volume / (vwap + 1e-5)), 30)
[reward_only] iter 40/50 [OK ] reward=-37.1809  decay_linear(cs_rank((close - open) / (high - low + 1e-5)), 40)
[reward_only] iter 41/50 [OK ] reward= -2.3120  decay_linear(cs_rank(volume / (vwap + 1e-5) + cs_rank((close - open) / (high - low + 1e-5))), 30)
[reward_only] iter 42/50 [OK ] reward= -2.2120  decay_linear(cs_rank(volume / (vwap + 1e-5)), 30)
[reward_only] iter 43/50 [OK ] reward= -8.9700  decay_linear(cs_rank((high - low) / (vwap + 1e-5)), 30)
[reward_only] iter 44/50 [OK ] reward= -5.8315  decay_linear(cs_rank((high - low) / (vwap + 1e-5)) + cs_rank(volume / (vwap + 1e-5)), 30)
[reward_only] iter 45/50 [OK ] reward= -8.9700  decay_linear(cs_rank((high - low) / (vwap + 1e-5)), 30)
[reward_only] iter 46/50 [OK ] reward= -2.2120  decay_linear(cs_rank((high - low) / (vwap + 1e-5) + volume / (vwap + 1e-5)), 30)
[reward_only] iter 47/50 [OK ] reward= -7.4543  decay_linear(cs_rank((high - low) / (vwap + 1e-5)), 30) - decay_linear(cs_rank(volume / (vwap + 1e-5)), 30)
[reward_only] iter 48/50 [OK ] reward= -8.9700  decay_linear(cs_rank((high - low) / (vwap + 1e-5)), 30)
[reward_only] iter 49/50 [OK ] reward= -2.5048  decay_linear(cs_rank((high - low) / (vwap + 1e-5) + cs_rank(volume / (vwap + 1e-5))), 30)
[reward_only] iter 50/50 [OK ] reward= -8.9700  decay_linear(cs_rank((high - low) / (vwap + 1e-5)), 30)
[wfo:reward_only] fold 0 winner: decay_linear(cs_rank(volume / (vwap + 1e-5)), 30)
[wfo:reward_only] fold 0 OOS: Gross_IR=1.359 Turnover=5.54 Net_IR=1.001
[wfo:reward_only] fold 1: train 2002-01-01..2006-12-31 -> test 2007-01-01..2007-12-31
[reward_only] iter  0/50 [SEED] reward=-24.8045  rank(delta(close, 60) / (stddev(delta(close, 1), 60) + 1e-5))
[reward_only] iter  1/50 [OK ] reward=-80.6307  rank(volume / (stddev(volume, 60) + 1e-5))
[reward_only] iter  2/50 [ERR] reward=    -inf  cs_rank(close / vwap)
[reward_only] iter  3/50 [OK ] reward=-30.9655  rank(delta(close, 60) / (stddev(delta(close, 1), 60) + 1e-5)) + rank(volume / (vwap + 1e-5))
[reward_only] iter  4/50 [OK ] reward=-29.8283  rank(delta(close, 60) / (stddev(delta(close, 1), 60) + 1e-5)) * (1 - cs_rank(volume / (vwap + 1e-5)))
[reward_only] iter  5/50 [OK ] reward=-18.2508  cs_rank(delta(close, 60) / (stddev(delta(close, 1), 60) + 1e-5)) * decay_linear(cs_rank(volume / (vwap + 1e-5)), 30)
[reward_only] iter  6/50 [ERR] reward=    -inf  cs_rank(delta(close, 60) / (stddev(delta(close, 1), 60) + 1e-5)) * decay_linear(cs_rank(volume / vwap), 30)
[reward_only] iter  7/50 [OK ] reward=-18.2508  cs_rank(delta(close, 60) / (stddev(delta(close, 1), 60) + 1e-5)) * decay_linear(cs_rank(volume / (vwap + 1e-5)), 30)
[reward_only] iter  8/50 [OK ] reward=-30.1987  cs_rank(delta(close, 60) / (stddev(delta(close, 1), 60) + 1e-5)) * cs_rank(volume / (vwap + 1e-5))
[reward_only] iter  9/50 [OK ] reward= -5.4268  cs_rank(delta(close, 60) / (stddev(delta(close, 1), 60) + 1e-5)) * decay_linear(volume / (vwap + 1e-5), 30)
[reward_only] iter 10/50 [OK ] reward= -5.4268  cs_rank(delta(close, 60) / (stddev(delta(close, 1), 60) + 1e-5)) * decay_linear(volume / (vwap + 1e-5), 30)
[reward_only] iter 11/50 [OK ] reward= -5.4268  cs_rank(delta(close, 60) / (stddev(delta(close, 1), 60) + 1e-5)) * decay_linear(volume / (vwap + 1e-5), 30)
[reward_only] iter 12/50 [OK ] reward= -5.4268  cs_rank(delta(close, 60) / (stddev(delta(close, 1), 60) + 1e-5)) * decay_linear(volume / (vwap + 1e-5), 30)
[reward_only] iter 13/50 [OK ] reward= -5.4268  cs_rank(delta(close, 60) / (stddev(delta(close, 1), 60) + 1e-5)) * decay_linear(volume / (vwap + 1e-5), 30)
[reward_only] iter 14/50 [OK ] reward= -5.5333  cs_rank(delta(close, 60) / (stddev(delta(close, 1), 60) + 1e-5)) * decay_linear(volume / (vwap + 1e-5), 20)
[reward_only] iter 15/50 [OK ] reward= -5.9466  cs_rank(delta(close, 60) / (stddev(delta(close, 1), 60) + 1e-5)) * decay_linear(volume / (vwap + 1e-5), 10)
[reward_only] iter 16/50 [OK ] reward= -5.4268  cs_rank(delta(close, 60) / (stddev(delta(close, 1), 60) + 1e-5)) * decay_linear(volume / (vwap + 1e-5), 30)
[reward_only] iter 17/50 [OK ] reward= -5.4268  cs_rank(delta(close, 60) / (stddev(delta(close, 1), 60) + 1e-5)) * decay_linear(volume / (vwap + 1e-5), 30)
[reward_only] iter 18/50 [OK ] reward= -5.4268  cs_rank(delta(close, 60) / (stddev(delta(close, 1), 60) + 1e-5)) * decay_linear(volume / (vwap + 1e-5), 30)
[reward_only] iter 19/50 [OK ] reward= -5.4268  cs_rank(delta(close, 60) / (stddev(delta(close, 1), 60) + 1e-5)) * decay_linear(volume / (vwap + 1e-5), 30)
[reward_only] iter 20/50 [OK ] reward= -5.4268  cs_rank(delta(close, 60) / (stddev(delta(close, 1), 60) + 1e-5)) * decay_linear(volume / (vwap + 1e-5), 30)
[reward_only] iter 21/50 [OK ] reward= -5.5333  cs_rank(delta(close, 60) / (stddev(delta(close, 1), 60) + 1e-5)) * decay_linear(volume / (vwap + 1e-5), 20)
[reward_only] iter 22/50 [OK ] reward= -5.5333  cs_rank(delta(close, 60) / (stddev(delta(close, 1), 60) + 1e-5)) * decay_linear(volume / (vwap + 1e-5), 20)
[reward_only] iter 23/50 [OK ] reward= -5.4268  cs_rank(delta(close, 60) / (stddev(delta(close, 1), 60) + 1e-5)) * decay_linear(volume / (vwap + 1e-5), 30)
[reward_only] iter 24/50 [OK ] reward= -5.4268  cs_rank(delta(close, 60) / (stddev(delta(close, 1), 60) + 1e-5)) * decay_linear(volume / (vwap + 1e-5), 30)
[reward_only] iter 25/50 [OK ] reward=-12.4603  cs_rank(delta(close, 60) / (stddev(delta(close, 1), 60) + 1e-5)) * volume / (vwap + 1e-5)
[reward_only] iter 26/50 [OK ] reward= -5.4268  cs_rank(delta(close, 60) / (stddev(delta(close, 1), 60) + 1e-5)) * decay_linear(volume / (vwap + 1e-5), 30)
[reward_only] iter 27/50 [OK ] reward= -5.5333  cs_rank(delta(close, 60) / (stddev(delta(close, 1), 60) + 1e-5)) * decay_linear(volume / (vwap + 1e-5), 20)
[reward_only] iter 28/50 [OK ] reward= -5.4268  cs_rank(delta(close, 60) / (stddev(delta(close, 1), 60) + 1e-5)) * decay_linear(volume / (vwap + 1e-5), 30)
[reward_only] iter 29/50 [OK ] reward= -5.5333  cs_rank(delta(close, 60) / (stddev(delta(close, 1), 60) + 1e-5)) * decay_linear(volume / (vwap + 1e-5), 20)
[reward_only] iter 30/50 [OK ] reward= -5.4737  cs_rank(delta(close, 60) / (stddev(delta(close, 1), 60) + 1e-5)) * decay_linear(volume / (vwap + 1e-5), 25)
[reward_only] iter 31/50 [OK ] reward= -5.5333  cs_rank(delta(close, 60) / (stddev(delta(close, 1), 60) + 1e-5)) * decay_linear(volume / (vwap + 1e-5), 20)
[reward_only] iter 32/50 [OK ] reward= -5.4737  cs_rank(delta(close, 60) / (stddev(delta(close, 1), 60) + 1e-5)) * decay_linear(volume / (vwap + 1e-5), 25)
[reward_only] iter 33/50 [OK ] reward= -5.5333  cs_rank(delta(close, 60) / (stddev(delta(close, 1), 60) + 1e-5)) * decay_linear(volume / (vwap + 1e-5), 20)
[reward_only] iter 34/50 [OK ] reward= -5.4737  cs_rank(delta(close, 60) / (stddev(delta(close, 1), 60) + 1e-5)) * decay_linear(volume / (vwap + 1e-5), 25)
[reward_only] iter 35/50 [OK ] reward= -5.5333  cs_rank(delta(close, 60) / (stddev(delta(close, 1), 60) + 1e-5)) * decay_linear(volume / (vwap + 1e-5), 20)
[reward_only] iter 36/50 [OK ] reward=-12.4603  cs_rank(delta(close, 60) / (stddev(delta(close, 1), 60) + 1e-5)) * volume / (vwap + 1e-5)
[reward_only] iter 37/50 [OK ] reward= -5.4268  cs_rank(delta(close, 60) / (stddev(delta(close, 1), 60) + 1e-5)) * decay_linear(volume / (vwap + 1e-5), 30)
[reward_only] iter 38/50 [OK ] reward= -5.4268  cs_rank(delta(close, 60) / (stddev(delta(close, 1), 60) + 1e-5)) * decay_linear(volume / (vwap + 1e-5), 30)
[reward_only] iter 39/50 [OK ] reward= -5.5333  cs_rank(delta(close, 60) / (stddev(delta(close, 1), 60) + 1e-5)) * decay_linear(volume / (vwap + 1e-5), 20)
[reward_only] iter 40/50 [OK ] reward=-12.4603  cs_rank(delta(close, 60) / (stddev(delta(close, 1), 60) + 1e-5)) * volume / (vwap + 1e-5)
[reward_only] iter 41/50 [OK ] reward= -9.2366  cs_rank(delta(close, 60) / (stddev(delta(close, 1), 60) + 1e-5)) * decay_linear(volume, 30)
[reward_only] iter 42/50 [OK ] reward= -9.9065  cs_rank(delta(close, 60) / (stddev(delta(close, 1), 60) + 1e-5)) * decay_linear(volume / (vwap + 1e-5), 30) * ts_rank(close, 60)
[reward_only] iter 43/50 [OK ] reward= -5.4268  cs_rank(delta(close, 60) / (stddev(delta(close, 1), 60) + 1e-5)) * decay_linear(volume / (vwap + 1e-5), 30)
[reward_only] iter 44/50 [OK ] reward= -5.5333  cs_rank(delta(close, 60) / (stddev(delta(close, 1), 60) + 1e-5)) * decay_linear(volume / (vwap + 1e-5), 20)
[reward_only] iter 45/50 [OK ] reward= -5.5333  cs_rank(delta(close, 60) / (stddev(delta(close, 1), 60) + 1e-5)) * decay_linear(volume / (vwap + 1e-5), 20)
[reward_only] iter 46/50 [OK ] reward= -5.4268  cs_rank(delta(close, 60) / (stddev(delta(close, 1), 60) + 1e-5)) * decay_linear(volume / (vwap + 1e-5), 30)
[reward_only] iter 47/50 [OK ] reward= -5.4268  cs_rank(delta(close, 60) / (stddev(delta(close, 1), 60) + 1e-5)) * decay_linear(volume / (vwap + 1e-5), 30)
[reward_only] iter 48/50 [OK ] reward= -5.4268  cs_rank(delta(close, 60) / (stddev(delta(close, 1), 60) + 1e-5)) * decay_linear(volume / (vwap + 1e-5), 30)
[reward_only] iter 49/50 [OK ] reward= -5.5333  cs_rank(delta(close, 60) / (stddev(delta(close, 1), 60) + 1e-5)) * decay_linear(volume / (vwap + 1e-5), 20)
[reward_only] iter 50/50 [OK ] reward= -5.5333  cs_rank(delta(close, 60) / (stddev(delta(close, 1), 60) + 1e-5)) * decay_linear(volume / (vwap + 1e-5), 20)
[wfo:reward_only] fold 1 winner: cs_rank(delta(close, 60) / (stddev(delta(close, 1), 60) + 1e-5)) * decay_linear(volume / (vwap + 1e-5), 30)
[wfo:reward_only] fold 1 OOS: Gross_IR=1.729 Turnover=8.95 Net_IR=1.544
[wfo:reward_only] fold 2: train 2003-01-01..2007-12-31 -> test 2008-01-01..2008-12-31
[reward_only] iter  0/50 [SEED] reward=-23.2843  rank(delta(close, 60) / (stddev(delta(close, 1), 60) + 1e-5))
[reward_only] iter  1/50 [OK ] reward=-46.6333  rank(volume / (vwap * stddev(volume, 60) + 1e-5))
[reward_only] iter  2/50 [OK ] reward=-23.4239  rank(delta(close, 60) / (stddev(delta(close, 1), 60) + 1e-5) + volume / (vwap * stddev(volume, 60) + 1e-5))
[reward_only] iter  3/50 [OK ] reward=-23.2843  cs_rank(delta(close, 60) / (stddev(delta(close, 1), 60) + 1e-5))
[reward_only] iter  4/50 [OK ] reward=-185.6153  cs_rank((close - vwap) / (stddev(close, 60) + 1e-5))
[reward_only] iter  5/50 [OK ] reward=-200.1375  rank(delta(close, 60) / (stddev(delta(close, 1), 60) + 1e-5)) * (close - vwap) / (stddev(close, 60) + 1e-5)
[reward_only] iter  6/50 [OK ] reward=-37.3243  rank(delta(close, 60) / (stddev(delta(close, 1), 60) + 1e-5)) * cs_rank(volume)
[reward_only] iter  7/50 [OK ] reward=-28.8608  rank(delta(close, 60) / (stddev(delta(close, 1), 60) + 1e-5)) * cs_rank(volume / (vwap + 1e-5))
[reward_only] iter  8/50 [OK ] reward=-29.8108  rank(delta(close, 60) / (stddev(delta(close, 1), 60) + 1e-5)) + cs_rank(volume / (vwap + 1e-5))
[reward_only] iter  9/50 [OK ] reward=-29.8108  rank(delta(close, 60) / (stddev(delta(close, 1), 60) + 1e-5)) + cs_rank(volume / (vwap + 1e-5))
[reward_only] iter 10/50 [OK ] reward=-23.2843  rank(delta(close, 60) / (stddev(delta(close, 1), 60) + 1e-5))
[reward_only] iter 11/50 [ERR] reward=    -inf  rank((close - open) / (vwap - open) + decay_linear(cs_rank(volume), 60))
[reward_only] iter 12/50 [OK ] reward=-23.2668  rank(delta(close, 60) / (stddev(delta(close, 1), 60) + 1e-5) + decay_linear(cs_rank(volume), 60))
[reward_only] iter 13/50 [OK ] reward=-23.2843  rank(delta(close, 60) / (stddev(delta(close, 1), 60) + 1e-5))
[reward_only] iter 14/50 [OK ] reward=-23.4242  rank(delta(close, 60) / (stddev(delta(close, 1), 60) + 1e-5) + cs_rank(volume / (high - low + 1e-5)))
[reward_only] iter 15/50 [OK ] reward=-23.2668  rank(delta(close, 60) / (stddev(delta(close, 1), 60) + 1e-5) + decay_linear(cs_rank(volume), 60))
[reward_only] iter 16/50 [ERR] reward=    -inf  cs_rank(volume) + ts_rank(close / open, 60)
[reward_only] iter 17/50 [ERR] reward=    -inf  rank(delta(close, 60) / (stddev(delta(close, 1), 60) + 1e-5) + decay_linear(cs_rank(volume), 60) + cs_rank(close / open))
[reward_only] iter 18/50 [OK ] reward=-27.4969  rank(delta(close, 60) / (stddev(delta(close, 1), 60) + 1e-5) + decay_linear(cs_rank(volume), 60) + cs_rank(close / (open + 1e-5)))
[reward_only] iter 19/50 [OK ] reward=-23.2843  cs_rank(delta(close, 60) / (stddev(delta(close, 1), 60) + 1e-5))
[reward_only] iter 20/50 [OK ] reward=-23.5135  rank(delta(close, 60) / (stddev(delta(close, 1), 60) + 1e-5) + decay_linear(cs_rank(volume), 60) + cs_rank(delta(vwap, 20)))
[reward_only] iter 21/50 [OK ] reward=-23.2668  rank(delta(close, 60) / (stddev(delta(close, 1), 60) + 1e-5) + decay_linear(cs_rank(volume), 60))
[reward_only] iter 22/50 [OK ] reward=-23.3672  rank(delta(close, 60) / (stddev(delta(close, 1), 60) + 1e-5) + cs_rank(volume))
[reward_only] iter 23/50 [ERR] reward=    -inf  rank(delta(close, 60) / (stddev(delta(close, 1), 60) + 1e-5) + cs_rank(volume * (high - low) / close))
[reward_only] iter 24/50 [OK ] reward=-23.7345  rank(delta(close, 60) / (stddev(delta(close, 1), 60) + 1e-5) + cs_rank(volume * (high - low) / (close + 1e-5)))
[reward_only] iter 25/50 [OK ] reward=-23.2668  rank(delta(close, 60) / (stddev(delta(close, 1), 60) + 1e-5) + decay_linear(cs_rank(volume), 60))
[reward_only] iter 26/50 [OK ] reward=-28.7411  cs_rank(volume / (stddev(close, 60) + 1e-5))
[reward_only] iter 27/50 [OK ] reward=-22.3389  rank(delta(close, 60) / (stddev(delta(close, 1), 60) + 1e-5) + decay_linear(cs_rank(volume), 60) + cs_rank(vwap - close))
[reward_only] iter 28/50 [OK ] reward=-23.3672  rank(delta(close, 60) / (stddev(delta(close, 1), 60) + 1e-5) + cs_rank(volume))
[reward_only] iter 29/50 [OK ] reward=-22.2000  rank(delta(close, 60) / (stddev(delta(close, 1), 60) + 1e-5) + cs_rank(volume * (vwap - close)))
[reward_only] iter 30/50 [OK ] reward=-176.5695  cs_rank(volume * (vwap - close))
[reward_only] iter 31/50 [OK ] reward=-24.0313  rank(delta(close, 60) / (stddev(delta(close, 1), 60) + 1e-5) + cs_rank(volume * (vwap - close))) + decay_linear(cs_rank(volume * (vwap - close)), 60)
[reward_only] iter 32/50 [OK ] reward=-22.2000  rank(delta(close, 60) / (stddev(delta(close, 1), 60) + 1e-5) + cs_rank(volume * (vwap - close)))
[reward_only] iter 33/50 [OK ] reward=-176.5695  cs_rank(volume * (vwap - close))
[reward_only] iter 34/50 [OK ] reward=-50.5235  rank(delta(close, 60) / (stddev(delta(close, 1), 60) + 1e-5) + cs_rank(volume * (vwap - close))) + cs_rank(ts_rank(close, 20))
[reward_only] iter 35/50 [OK ] reward=-176.5695  cs_rank(volume * (vwap - close))
[reward_only] iter 36/50 [OK ] reward=-30.8793  rank(delta(close, 60) / (stddev(delta(close, 1), 60) + 1e-5) + cs_rank(volume * (vwap - close))) + cs_rank(ts_rank(close, 60))
[reward_only] iter 37/50 [OK ] reward=-22.2000  rank(delta(close, 60) / (stddev(delta(close, 1), 60) + 1e-5) + cs_rank(volume * (vwap - close)))
[reward_only] iter 38/50 [OK ] reward=-176.5695  cs_rank(volume * (vwap - close))
[reward_only] iter 39/50 [ERR] reward=    -inf  cs_rank(delta(close, 60) / (stddev(delta(close, 1), 60) + 1e-5) + cs_rank(volume * (vwap - close)) + ts_rank(close / vwap, 60))
[reward_only] iter 40/50 [OK ] reward=-124.6497  cs_rank(delta(close, 60) / (stddev(delta(close, 1), 60) + 1e-5) + cs_rank(volume * (vwap - close))) + ts_rank(close / (vwap + 1e-5), 60)
[reward_only] iter 41/50 [OK ] reward=-22.2000  cs_rank(delta(close, 60) / (stddev(delta(close, 1), 60) + 1e-5) + cs_rank(volume * (vwap - close)))
[reward_only] iter 42/50 [OK ] reward=-23.2843  cs_rank(delta(close, 60) / (stddev(delta(close, 1), 60) + 1e-5))
[reward_only] iter 43/50 [OK ] reward=-151.6352  cs_rank(volume * (vwap - close)) + cs_rank(high - low)
[reward_only] iter 44/50 [OK ] reward=-22.6477  rank(delta(close, 60) / (stddev(delta(close, 1), 60) + 1e-5) + cs_rank(volume * (vwap - close)) + cs_rank(high - low))
[reward_only] iter 45/50 [OK ] reward=-22.2000  rank(delta(close, 60) / (stddev(delta(close, 1), 60) + 1e-5) + cs_rank(volume * (vwap - close)))
[reward_only] iter 46/50 [OK ] reward=-176.5695  cs_rank(volume * (vwap - close))
[reward_only] iter 47/50 [OK ] reward=-17.3996  rank(delta(close, 60) / (stddev(delta(close, 1), 60) + 1e-5) + cs_rank(volume * (vwap - close))) + decay_linear(cs_rank(volume), 100)
[reward_only] iter 48/50 [OK ] reward=-17.3996  rank(delta(close, 60) / (stddev(delta(close, 1), 60) + 1e-5) + cs_rank(volume * (vwap - close))) + decay_linear(cs_rank(volume), 100)
[reward_only] iter 49/50 [OK ] reward=-22.2000  rank(delta(close, 60) / (stddev(delta(close, 1), 60) + 1e-5) + cs_rank(volume * (vwap - close)))
[reward_only] iter 50/50 [OK ] reward=-142.9735  rank(delta(close, 60) / (stddev(delta(close, 1), 60) + 1e-5)) + cs_rank(volume * (vwap - close))
[wfo:reward_only] fold 2 winner: rank(delta(close, 60) / (stddev(delta(close, 1), 60) + 1e-5) + cs_rank(volume * (vwap - close))) + decay_linear(cs_rank(volume), 100)
[wfo:reward_only] fold 2 OOS: Gross_IR=0.177 Turnover=35.29 Net_IR=-0.732
[wfo:reward_only] fold 3: train 2004-01-01..2008-12-31 -> test 2009-01-01..2009-12-31
[reward_only] iter  0/50 [SEED] reward=-22.3874  rank(delta(close, 60) / (stddev(delta(close, 1), 60) + 1e-5))
[reward_only] iter  1/50 [ERR] reward=    -inf  cs_rank((delta(close, 60) / (stddev(delta(close, 1), 60) + 1e-5)) * (volume / sma(volume, 60) + 1e-5))
[reward_only] iter  2/50 [ERR] reward=    -inf  rank(delta(close, 60) / (stddev(delta(close, 1), 60) + 1e-5)) * cs_rank(volume / sma(volume, 60) + 1e-5)
[reward_only] iter  3/50 [OK ] reward=-86.0809  cs_rank(delta(close, 60) / (stddev(delta(close, 1), 60) + 1e-5)) * cs_rank(volume / (sma(volume, 60) + 1e-5))
[reward_only] iter  4/50 [OK ] reward=-86.0809  rank(delta(close, 60) / (stddev(delta(close, 1), 60) + 1e-5)) * rank(volume / (sma(volume, 60) + 1e-5))
[reward_only] iter  5/50 [OK ] reward=-86.0809  rank(delta(close, 60) / (stddev(delta(close, 1), 60) + 1e-5)) * cs_rank(volume / (sma(volume, 60) + 1e-5))
[reward_only] iter  6/50 [OK ] reward=-86.0809  rank(delta(close, 60) / (stddev(delta(close, 1), 60) + 1e-5)) * cs_rank(volume / (sma(volume, 60) + 1e-5))
[reward_only] iter  7/50 [OK ] reward=-93.1223  rank(delta(close, 60) / (stddev(delta(close, 1), 60) + 1e-5)) + cs_rank(volume / (sma(volume, 60) + 1e-5))
[reward_only] iter  8/50 [OK ] reward=-86.0809  rank(delta(close, 60) / (stddev(delta(close, 1), 60) + 1e-5)) * cs_rank(volume / (sma(volume, 60) + 1e-5))
[reward_only] iter  9/50 [OK ] reward=-86.0809  rank(delta(close, 60) / (stddev(delta(close, 1), 60) + 1e-5)) * cs_rank(volume / (sma(volume, 60) + 1e-5))
[reward_only] iter 10/50 [OK ] reward=-86.0809  rank(delta(close, 60) / (stddev(delta(close, 1), 60) + 1e-5)) * cs_rank(volume / (sma(volume, 60) + 1e-5))
[reward_only] iter 11/50 [OK ] reward=-86.0809  rank(delta(close, 60) / (stddev(delta(close, 1), 60) + 1e-5)) * cs_rank(volume / (sma(volume, 60) + 1e-5))
[reward_only] iter 12/50 [OK ] reward=-28.2147  rank(delta(close, 60) / (stddev(delta(close, 1), 60) + 1e-5)) * cs_rank(volume / (vwap + 1e-5))
[reward_only] iter 13/50 [OK ] reward=-28.2147  rank(delta(close, 60) / (stddev(delta(close, 1), 60) + 1e-5)) * cs_rank(volume / (vwap + 1e-5))
[reward_only] iter 14/50 [OK ] reward=-22.3874  rank(delta(close, 60) / (stddev(delta(close, 1), 60) + 1e-5))
[reward_only] iter 15/50 [OK ] reward=-93.1223  rank(delta(close, 60) / (stddev(delta(close, 1), 60) + 1e-5)) + rank(volume / (sma(volume, 60) + 1e-5))
[reward_only] iter 16/50 [OK ] reward=-93.1223  rank(delta(close, 60) / (stddev(delta(close, 1), 60) + 1e-5)) + rank(volume / (sma(volume, 60) + 1e-5))
[reward_only] iter 17/50 [OK ] reward=-29.1781  rank(delta(close, 60) / (stddev(delta(close, 1), 60) + 1e-5)) + rank(volume / (vwap + 1e-5))
[reward_only] iter 18/50 [OK ] reward=-29.1781  rank(delta(close, 60) / (stddev(delta(close, 1), 60) + 1e-5)) + rank(volume / (vwap + 1e-5))
[reward_only] iter 19/50 [OK ] reward=-22.3874  rank(delta(close, 60) / (stddev(delta(close, 1), 60) + 1e-5))
[reward_only] iter 20/50 [ERR] reward=    -inf  rank(delta(close, 60) / (stddev(delta(close, 1), 60) + 1e-5)) + rank(volume / (mean(volume, 60) + 1e-5))
[reward_only] iter 21/50 [ERR] reward=    -inf  rank(delta(close, 60) / (stddev(delta(close, 1), 60) + 1e-5)) * rank(volume / (mean(volume, 60) + 1e-5))
[reward_only] iter 22/50 [ERR] reward=    -inf  cs_rank(delta(close, 60) / (stddev(delta(close, 1), 60) + 1e-5)) * cs_rank(volume / (mean(volume, 60) + 1e-5))
[reward_only] iter 23/50 [ERR] reward=    -inf  cs_rank(delta(close, 60) / (stddev(delta(close, 1), 60) + 1e-5)) * cs_rank(vwap / (mean(vwap, 60) + 1e-5))
[reward_only] iter 24/50 [ERR] reward=    -inf  rank(delta(close, 60) / (stddev(delta(close, 1), 60) + 1e-5)) * decay_linear(cs_rank(vwap / (mean(vwap, 60) + 1e-5)), 20)
[reward_only] iter 25/50 [OK ] reward=-22.3874  cs_rank(delta(close, 60) / (stddev(delta(close, 1), 60) + 1e-5))
[reward_only] iter 26/50 [OK ] reward=-35.9760  cs_rank(delta(close, 60) / (stddev(delta(close, 1), 60) + 1e-5)) * cs_rank(volume)
[reward_only] iter 27/50 [ERR] reward=    -inf  cs_rank(delta(close, 60) / (stddev(delta(close, 1), 60) + 1e-5)) * cs_rank(vwap / close)
[reward_only] iter 28/50 [OK ] reward=-126.5721  rank(delta(close, 60) / (stddev(delta(close, 1), 60) + 1e-5)) * cs_rank(vwap / (close + 1e-5))
[reward_only] iter 29/50 [ERR] reward=    -inf  rank(delta(close, 60) / (stddev(delta(close, 1), 60) + 1e-5)) * cs_rank(vwap / close)
[reward_only] iter 30/50 [ERR] reward=    -inf  cs_rank(delta(close, 60) / (stddev(delta(close, 1), 60) + 1e-5)) * cs_rank(vwap / close)
[reward_only] iter 31/50 [OK ] reward=-126.5721  cs_rank(delta(close, 60) / (stddev(delta(close, 1), 60) + 1e-5)) * cs_rank(vwap / (close + 1e-5))
[reward_only] iter 32/50 [OK ] reward=-22.3874  rank(delta(close, 60) / (stddev(delta(close, 1), 60) + 1e-5))
[reward_only] iter 33/50 [OK ] reward=-22.3800  cs_rank((delta(close, 60) / (stddev(delta(close, 1), 60) + 1e-5)) + (vwap / (close + 1e-5)))
[reward_only] iter 34/50 [OK ] reward=-27.9573  cs_rank((delta(close, 60) / (stddev(delta(close, 1), 60) + 1e-5)) + (volume / (close + 1e-5)))
[reward_only] iter 35/50 [ERR] reward=    -inf  cs_rank((delta(close, 60) / (stddev(delta(close, 1), 60) + 1e-5)) + (vwap / close))
[reward_only] iter 36/50 [OK ] reward=-22.3800  cs_rank((delta(close, 60) / (stddev(delta(close, 1), 60) + 1e-5)) + (vwap / (close + 1e-5)))
[reward_only] iter 37/50 [OK ] reward=-22.3800  cs_rank((delta(close, 60) / (stddev(delta(close, 1), 60) + 1e-5)) + (vwap / (close + 1e-5)))
[reward_only] iter 38/50 [ERR] reward=    -inf  cs_rank((delta(close, 60) / (stddev(delta(close, 1), 60) + 1e-5)) + (vwap / close))
[reward_only] iter 39/50 [OK ] reward=-22.3800  cs_rank((delta(close, 60) / (stddev(delta(close, 1), 60) + 1e-5)) + (vwap / (close + 1e-5)))
[reward_only] iter 40/50 [ERR] reward=    -inf  cs_rank((delta(close, 60) / (stddev(delta(close, 1), 60) + 1e-5)) + (vwap / close))
[reward_only] iter 41/50 [OK ] reward=-22.3800  cs_rank((delta(close, 60) / (stddev(delta(close, 1), 60) + 1e-5)) + (vwap / (close + 1e-5)))
[reward_only] iter 42/50 [ERR] reward=    -inf  cs_rank((delta(close, 60) / (stddev(delta(close, 1), 60) + 1e-5)) + (vwap / close))
[reward_only] iter 43/50 [OK ] reward=-22.3800  cs_rank((delta(close, 60) / (stddev(delta(close, 1), 60) + 1e-5)) + (vwap / (close + 1e-5)))
[reward_only] iter 44/50 [OK ] reward=-26.9867  cs_rank((delta(close, 60) / (stddev(delta(close, 1), 60) + 1e-5)) + (volume / (stddev(volume, 60) + 1e-5)))
[reward_only] iter 45/50 [OK ] reward=-22.3800  cs_rank((delta(close, 60) / (stddev(delta(close, 1), 60) + 1e-5)) + (vwap / (close + 1e-5)))
[reward_only] iter 46/50 [OK ] reward=-26.9867  cs_rank((delta(close, 60) / (stddev(delta(close, 1), 60) + 1e-5)) + (volume / (stddev(volume, 60) + 1e-5)))
[reward_only] iter 47/50 [OK ] reward=-22.3800  cs_rank((delta(close, 60) / (stddev(delta(close, 1), 60) + 1e-5)) + (vwap / (close + 1e-5)))
[reward_only] iter 48/50 [ERR] reward=    -inf  cs_rank((delta(close, 60) / (stddev(delta(close, 1), 60) + 1e-5)) + (vwap / close))
[reward_only] iter 49/50 [OK ] reward=-22.3800  cs_rank((delta(close, 60) / (stddev(delta(close, 1), 60) + 1e-5)) + (vwap / (close + 1e-5)))
[reward_only] iter 50/50 [OK ] reward=-27.9573  cs_rank((delta(close, 60) / (stddev(delta(close, 1), 60) + 1e-5)) + (volume / (close + 1e-5)))
[wfo:reward_only] fold 3 winner: cs_rank((delta(close, 60) / (stddev(delta(close, 1), 60) + 1e-5)) + (vwap / (close + 1e-5)))
[wfo:reward_only] fold 3 OOS: Gross_IR=-2.594 Turnover=50.32 Net_IR=-4.310
[wfo:reward_only] fold 4: train 2005-01-01..2009-12-31 -> test 2010-01-01..2010-12-31
[reward_only] iter  0/50 [SEED] reward=-24.1054  rank(delta(close, 60) / (stddev(delta(close, 1), 60) + 1e-5))
[reward_only] iter  1/50 [ERR] reward=    -inf  cs_rank((high - low) / (close - open) + ts_rank(volume, 20))
[reward_only] iter  2/50 [OK ] reward=-184.3558  cs_rank((high - low) / (close - open + 1e-5) + ts_rank(volume, 20))
[reward_only] iter  3/50 [OK ] reward=-167.2825  cs_rank((close - open) / (stddev(close, 60) + 1e-5) + ts_rank(volume, 20))
[reward_only] iter  4/50 [ERR] reward=    -inf  cs_rank(delta(close, 60) / (stddev(close, 60) + 1e-5) + volume / (vwap * 1000000))
[reward_only] iter  5/50 [ERR] reward=    -inf  rank(delta(close, 60) / (stddev(delta(close, 1), 60) + 1e-5) + cs_rank(volume / (vwap * 1000000)))
[reward_only] iter  6/50 [ERR] reward=    -inf  cs_rank(delta(close, 60) / (stddev(delta(close, 1), 60) + 1e-5) + cs_rank(volume / (vwap * 1000000)))
[reward_only] iter  7/50 [OK ] reward=-29.2131  rank(delta(close, 60) / (stddev(delta(close, 1), 60) + 1e-5)) + rank(volume / (vwap + 1e-5))
[reward_only] iter  8/50 [OK ] reward=-24.1054  rank(delta(close, 60) / (stddev(delta(close, 1), 60) + 1e-5))
[reward_only] iter  9/50 [OK ] reward=-186.3739  cs_rank((close - open) / (high - low + 1e-5))
[reward_only] iter 10/50 [OK ] reward=-128.6203  cs_rank((close - open) / (high - low + 1e-5)) * cs_rank(delta(close, 60) / (stddev(delta(close, 1), 60) + 1e-5))
[reward_only] iter 11/50 [OK ] reward=-128.6203  cs_rank((close - open) / (high - low + 1e-5)) * cs_rank(delta(close, 60) / (stddev(delta(close, 1), 60) + 1e-5))
[reward_only] iter 12/50 [OK ] reward=-28.3309  cs_rank(delta(close, 60) / (stddev(delta(close, 1), 60) + 1e-5)) * cs_rank(volume / (vwap + 1e-5))
[reward_only] iter 13/50 [OK ] reward=-28.3309  rank(delta(close, 60) / (stddev(delta(close, 1), 60) + 1e-5)) * rank(volume / (vwap + 1e-5))
[reward_only] iter 14/50 [OK ] reward=-28.3309  rank(delta(close, 60) / (stddev(delta(close, 1), 60) + 1e-5)) * rank(volume / (vwap + 1e-5))
[reward_only] iter 15/50 [OK ] reward=-28.3309  rank(delta(close, 60) / (stddev(delta(close, 1), 60) + 1e-5)) * rank(volume / (vwap + 1e-5))
[reward_only] iter 16/50 [OK ] reward=-35.7006  rank(delta(close, 60) / (stddev(delta(close, 1), 60) + 1e-5)) * rank(volume)
[reward_only] iter 17/50 [OK ] reward=-69.9021  cs_rank(vwap - open) / (stddev(close, 60) + 1e-5)
[reward_only] iter 18/50 [OK ] reward=-70.3440  cs_rank(delta(close, 60) / (stddev(delta(close, 1), 60) + 1e-5)) + cs_rank(vwap - open) / (stddev(close, 60) + 1e-5)
[reward_only] iter 19/50 [OK ] reward=-24.1054  cs_rank(delta(close, 60) / (stddev(delta(close, 1), 60) + 1e-5))
[reward_only] iter 20/50 [ERR] reward=    -inf  cs_rank(volume / (vwap - open) + cs_rank(delta(close, 20)))
[reward_only] iter 21/50 [OK ] reward=-24.4549  cs_rank(delta(close, 60) / (stddev(delta(close, 1), 60) + 1e-5) + cs_rank(delta(close, 20)))
[reward_only] iter 22/50 [OK ] reward=-24.1054  cs_rank(delta(close, 60) / (stddev(delta(close, 1), 60) + 1e-5))
[reward_only] iter 23/50 [ERR] reward=    -inf  cs_rank((high - low) / vwap)
[reward_only] iter 24/50 [OK ] reward=-91.8519  rank(delta(close, 60) / (stddev(delta(close, 1), 60) + 1e-5)) * cs_rank((high - low) / (vwap + 1e-5))
[reward_only] iter 25/50 [OK ] reward=-28.3309  rank(delta(close, 60) / (stddev(delta(close, 1), 60) + 1e-5)) * cs_rank(volume / (vwap + 1e-5))
[reward_only] iter 26/50 [OK ] reward=-28.3309  rank(delta(close, 60) / (stddev(delta(close, 1), 60) + 1e-5)) * cs_rank(volume / (vwap + 1e-5))
[reward_only] iter 27/50 [OK ] reward=-28.3309  cs_rank(delta(close, 60) / (stddev(delta(close, 1), 60) + 1e-5)) * rank(volume / (vwap + 1e-5))
[reward_only] iter 28/50 [OK ] reward=-28.3309  cs_rank(delta(close, 60) / (stddev(delta(close, 1), 60) + 1e-5)) * cs_rank(volume / (vwap + 1e-5))
[reward_only] iter 29/50 [OK ] reward=-28.3309  rank(delta(close, 60) / (stddev(delta(close, 1), 60) + 1e-5)) * cs_rank(volume / (vwap + 1e-5))
[reward_only] iter 30/50 [OK ] reward=-35.7006  rank(delta(close, 60) / (stddev(delta(close, 1), 60) + 1e-5)) * cs_rank(volume)
[reward_only] iter 31/50 [OK ] reward=-138.8062  cs_rank(close - open) * cs_rank(volume)
[reward_only] iter 32/50 [OK ] reward=-38.3933  rank(delta(close, 60) / (stddev(delta(close, 1), 60) + 1e-5)) + cs_rank(volume)
[reward_only] iter 33/50 [ERR] reward=    -inf  cs_rank(volume) + rank((close - open) / (high - low))
[reward_only] iter 34/50 [OK ] reward=-38.3933  rank(delta(close, 60) / (stddev(delta(close, 1), 60) + 1e-5)) + cs_rank(volume)
[reward_only] iter 35/50 [OK ] reward=-35.7006  cs_rank(volume) * rank(delta(close, 60) / (stddev(delta(close, 1), 60) + 1e-5))
[reward_only] iter 36/50 [OK ] reward=-40.7476  rank(delta(close, 20) / (stddev(delta(close, 1), 20) + 1e-5))
[reward_only] iter 37/50 [OK ] reward=-180.5572  rank(vwap - close)
[reward_only] iter 38/50 [OK ] reward=-140.4603  rank(delta(close, 60) / (stddev(delta(close, 1), 60) + 1e-5)) + rank(vwap - close)
[reward_only] iter 39/50 [OK ] reward=-140.4603  rank(delta(close, 60) / (stddev(delta(close, 1), 60) + 1e-5)) + rank(vwap - close)
[reward_only] iter 40/50 [OK ] reward=-24.1054  rank(delta(close, 60) / (stddev(delta(close, 1), 60) + 1e-5))
[reward_only] iter 41/50 [ERR] reward=    -inf  cs_rank((high - low) / (vwap - low) + (close - open) / (open - low))
[reward_only] iter 42/50 [OK ] reward=-24.1054  cs_rank(delta(close, 60) / (stddev(delta(close, 1), 60) + 1e-5))
[reward_only] iter 43/50 [OK ] reward=-188.1608  cs_rank((close - vwap) / (stddev(close - vwap, 60) + 1e-5))
[reward_only] iter 44/50 [OK ] reward=-59.0059  rank(delta(close, 60) / (stddev(delta(close, 1), 60) + 1e-5)) * rank(volume / (stddev(volume, 60) + 1e-5))
[reward_only] iter 45/50 [OK ] reward=-59.0059  rank(delta(close, 60) / (stddev(delta(close, 1), 60) + 1e-5)) * rank(volume / (stddev(volume, 60) + 1e-5))
[reward_only] iter 46/50 [OK ] reward=-24.1054  rank(delta(close, 60) / (stddev(delta(close, 1), 60) + 1e-5))
[reward_only] iter 47/50 [OK ] reward=-39.8220  cs_rank(vwap - sma(vwap, 20))
[reward_only] iter 48/50 [OK ] reward=-41.8839  cs_rank((vwap - sma(vwap, 20)) / (stddev(close, 60) + 1e-5))
[reward_only] iter 49/50 [OK ] reward=-49.2568  cs_rank((close - sma(close, 20)) / (stddev(close, 60) + 1e-5))
[reward_only] iter 50/50 [OK ] reward=-40.0994  rank((close - sma(close, 20)) / (stddev(close, 60) + 1e-5)) * rank(delta(close, 60) / (stddev(delta(close, 1), 60) + 1e-5))
[wfo:reward_only] fold 4 winner: rank(delta(close, 60) / (stddev(delta(close, 1), 60) + 1e-5))
[wfo:reward_only] fold 4 OOS: Gross_IR=-1.128 Turnover=43.26 Net_IR=-3.936
[wfo:reward_only] fold 5: train 2006-01-01..2010-12-31 -> test 2011-01-01..2011-12-31
[reward_only] iter  0/50 [SEED] reward=-24.3573  rank(delta(close, 60) / (stddev(delta(close, 1), 60) + 1e-5))
[reward_only] iter  1/50 [OK ] reward=-40.4351  cs_rank(vwap - sma(close, 20))
[reward_only] iter  2/50 [OK ] reward=-27.8907  cs_rank(delta(close, 60) / (stddev(delta(close, 1), 60) + 1e-5) + vwap - sma(close, 20))
[reward_only] iter  3/50 [OK ] reward=-22.8924  cs_rank(delta(close, 60) / (stddev(delta(close, 1), 60) + 1e-5) * sma(volume, 20))
[reward_only] iter  4/50 [ERR] reward=    -inf  cs_rank((high - low) / close * sma(volume, 20))
[reward_only] iter  5/50 [OK ] reward=-177.4055  cs_rank((close - open) / (close + 1e-5) * sma(volume, 20))
[reward_only] iter  6/50 [OK ] reward=-178.0313  cs_rank((close - open) / (close + 1e-5) * sma(volume, 20) * ts_rank(close, 60))
[reward_only] iter  7/50 [OK ] reward=-53.7407  cs_rank((high - low) / (stddev(close, 20) + 1e-5) * sma(volume, 20))
[reward_only] iter  8/50 [OK ] reward=-177.5314  cs_rank((close - open) / (stddev(close, 60) + 1e-5) * sma(volume, 20))
[reward_only] iter  9/50 [OK ] reward=-25.6716  cs_rank(delta(close, 60) / (stddev(close, 60) + 1e-5) * sma(volume, 20))
[reward_only] iter 10/50 [ERR] reward=    -inf  cs_rank((close - open) / (high - low) * sma(volume, 20))
[reward_only] iter 11/50 [OK ] reward=-171.3067  cs_rank(delta(close, 60) / (stddev(delta(close, 1), 60) + 1e-5) * sma(volume, 20) * (close - open) / (high - low + 1e-5))
[reward_only] iter 12/50 [OK ] reward=-22.8924  cs_rank(delta(close, 60) / (stddev(delta(close, 1), 60) + 1e-5) * sma(volume, 20))
[reward_only] iter 13/50 [OK ] reward=-137.7807  cs_rank((high - low) / (close + 1e-5) * ts_rank(volume, 20))
[reward_only] iter 14/50 [OK ] reward=-47.9285  cs_rank(delta(close, 60) / (stddev(delta(close, 1), 60) + 1e-5) * sma(volume, 20) * cs_rank((high - low) / (close + 1e-5)))
[reward_only] iter 15/50 [OK ] reward=-22.8924  cs_rank(delta(close, 60) / (stddev(delta(close, 1), 60) + 1e-5) * sma(volume, 20))
[reward_only] iter 16/50 [OK ] reward=-51.3704  cs_rank((high - low) / (vwap + 1e-5) * sma(volume, 20))
[reward_only] iter 17/50 [OK ] reward=-47.9248  cs_rank(delta(close, 60) / (stddev(delta(close, 1), 60) + 1e-5) * sma(volume, 20) * cs_rank((high - low) / (vwap + 1e-5)))
[reward_only] iter 18/50 [OK ] reward=-22.8924  cs_rank(delta(close, 60) / (stddev(delta(close, 1), 60) + 1e-5) * sma(volume, 20))
[reward_only] iter 19/50 [ERR] reward=    -inf  cs_rank((close - open) / (high - low) * volume)
[reward_only] iter 20/50 [OK ] reward=-62.8615  cs_rank(delta(close, 60) / (stddev(delta(close, 1), 60) + 1e-5) * sma(volume, 20) * cs_rank((close - open) / (high - low + 1e-5)))
[reward_only] iter 21/50 [OK ] reward=-22.8924  cs_rank(delta(close, 60) / (stddev(delta(close, 1), 60) + 1e-5) * sma(volume, 20))
[reward_only] iter 22/50 [OK ] reward=-180.2403  cs_rank((close - vwap) / (stddev(close, 20) + 1e-5) * sma(volume, 60))
[reward_only] iter 23/50 [OK ] reward=-175.8757  cs_rank((close - open) / (high - low + 1e-5) * sma(volume, 20))
[reward_only] iter 24/50 [ERR] reward=    -inf  cs_rank((delta(close, 60) / (stddev(delta(close, 1), 60) + 1e-5)) * (volume / sma(volume, 20)))
[reward_only] iter 25/50 [OK ] reward=-38.7785  cs_rank((delta(close, 60) / (stddev(delta(close, 1), 60) + 1e-5)) * sma(volume, 20) / (volume + 1e-5))
[reward_only] iter 26/50 [OK ] reward=-24.3573  cs_rank(delta(close, 60) / (stddev(delta(close, 1), 60) + 1e-5))
[reward_only] iter 27/50 [OK ] reward=-52.7953  cs_rank((high - low) / (stddev(close, 60) + 1e-5) * sma(volume, 20))
[reward_only] iter 28/50 [OK ] reward=-29.5052  cs_rank(delta(close, 60) / (stddev(delta(close, 1), 60) + 1e-5) * sma(volume, 20) * ts_rank(close, 60))
[reward_only] iter 29/50 [OK ] reward=-22.8924  cs_rank(delta(close, 60) / (stddev(delta(close, 1), 60) + 1e-5) * sma(volume, 20))
[reward_only] iter 30/50 [ERR] reward=    -inf  cs_rank((close / open) * (vwap - close) / (stddev(close, 20) + 1e-5))
[reward_only] iter 31/50 [ERR] reward=    -inf  cs_rank(delta(close, 60) / (stddev(delta(close, 1), 60) + 1e-5) * sma(volume, 20) * (close / open))
[reward_only] iter 32/50 [ERR] reward=    -inf  cs_rank(delta(close, 60) / (stddev(delta(close, 1), 60) + 1e-5) * sma(volume, 20) * cs_rank(close / open))
[reward_only] iter 33/50 [OK ] reward=-61.4051  cs_rank(delta(close, 60) / (stddev(delta(close, 1), 60) + 1e-5) * sma(volume, 20) * cs_rank(close / (open + 1e-5)))
[reward_only] iter 34/50 [OK ] reward=-22.8924  cs_rank(delta(close, 60) / (stddev(delta(close, 1), 60) + 1e-5) * sma(volume, 20))
[reward_only] iter 35/50 [ERR] reward=    -inf  cs_rank((close - open) / (high - low) * sma(volume, 20))
[reward_only] iter 36/50 [OK ] reward=-171.3067  cs_rank(delta(close, 60) / (stddev(delta(close, 1), 60) + 1e-5) * sma(volume, 20) * (close - open) / (high - low + 1e-5))
[reward_only] iter 37/50 [OK ] reward=-22.8924  cs_rank(delta(close, 60) / (stddev(delta(close, 1), 60) + 1e-5) * sma(volume, 20))
[reward_only] iter 38/50 [OK ] reward= -6.2822  cs_rank(close / (low * sma(volume, 20) + 1e-5))
[reward_only] iter 39/50 [OK ] reward=-118.9598  cs_rank((high - low) / (high + low + 1e-5))
[reward_only] iter 40/50 [OK ] reward=-119.1063  cs_rank(close / (low * sma(volume, 20) + 1e-5) + cs_rank((high - low) / (high + low + 1e-5)))
[reward_only] iter 41/50 [OK ] reward=-90.5119  cs_rank(close / (low * sma(volume, 20) + 1e-5)) + cs_rank((high - low) / (high + low + 1e-5))
[reward_only] iter 42/50 [OK ] reward=-90.5119  cs_rank(close / (low * sma(volume, 20) + 1e-5)) + cs_rank((high - low) / (high + low + 1e-5))
[reward_only] iter 43/50 [OK ] reward=-36.2308  cs_rank(close / (low * sma(volume, 20) + 1e-5)) * cs_rank(high - low)
[reward_only] iter 44/50 [OK ] reward=-129.4690  cs_rank(close / (low * sma(volume, 20) + 1e-5)) * cs_rank(close - open)
[reward_only] iter 45/50 [OK ] reward=-129.4690  cs_rank(close / (low * sma(volume, 20) + 1e-5)) * cs_rank(close - open)
[reward_only] iter 46/50 [ERR] reward=    -inf  cs_rank(close / (low * sma(volume, 20) + 1e-5)) + cs_rank((close - open) / open)
[reward_only] iter 47/50 [OK ] reward=-139.9133  cs_rank(close / (low * sma(volume, 20) + 1e-5)) - cs_rank((close - open) / (open + 1e-5))
[reward_only] iter 48/50 [OK ] reward= -6.2822  cs_rank(close / (low * sma(volume, 20) + 1e-5))
[reward_only] iter 49/50 [OK ] reward=-179.2991  cs_rank((close - open) / (open * sma(volume, 20) + 1e-5))
[reward_only] iter 50/50 [OK ] reward=-35.6271  cs_rank((close - open) / (open * sma(volume, 20) + 1e-5) + cs_rank(zscore(close, 60)))
[wfo:reward_only] fold 5 winner: cs_rank(close / (low * sma(volume, 20) + 1e-5))
[wfo:reward_only] fold 5 OOS: Gross_IR=0.583 Turnover=9.13 Net_IR=-0.013
[wfo:reward_only] fold 6: train 2007-01-01..2011-12-31 -> test 2012-01-01..2012-12-31
[reward_only] iter  0/50 [SEED] reward=-23.9826  rank(delta(close, 60) / (stddev(delta(close, 1), 60) + 1e-5))
[reward_only] iter  1/50 [ERR] reward=    -inf  rank(volume / (vwap - close))
[reward_only] iter  2/50 [OK ] reward=-138.1766  rank(delta(close, 60) / (stddev(delta(close, 1), 60) + 1e-5)) + rank(volume / (vwap - close + 1e-5))
[reward_only] iter  3/50 [OK ] reward=-125.8987  rank(delta(close, 60) / (stddev(delta(close, 1), 60) + 1e-5)) * rank(volume / (vwap - close + 1e-5))
[reward_only] iter  4/50 [OK ] reward=-125.8987  cs_rank(delta(close, 60) / (stddev(delta(close, 1), 60) + 1e-5)) * cs_rank(volume / (vwap - close + 1e-5))
[reward_only] iter  5/50 [OK ] reward=-125.8987  rank(delta(close, 60) / (stddev(delta(close, 1), 60) + 1e-5)) * cs_rank(volume / (vwap - close + 1e-5))
[reward_only] iter  6/50 [OK ] reward=-125.8987  cs_rank(delta(close, 60) / (stddev(delta(close, 1), 60) + 1e-5)) * cs_rank(volume / (vwap - close + 1e-5))
[reward_only] iter  7/50 [OK ] reward=-125.8987  cs_rank(delta(close, 60) / (stddev(delta(close, 1), 60) + 1e-5)) * cs_rank(volume / (vwap - close + 1e-5))
[reward_only] iter  8/50 [OK ] reward=-125.8987  rank(delta(close, 60) / (stddev(delta(close, 1), 60) + 1e-5)) * cs_rank(volume / (vwap - close + 1e-5))
[reward_only] iter  9/50 [OK ] reward=-26.9447  rank(delta(close, 60) / (stddev(delta(close, 1), 60) + 1e-5)) * cs_rank(volume / (vwap + close + 1e-5))
[reward_only] iter 10/50 [OK ] reward=-26.9447  rank(delta(close, 60) / (stddev(delta(close, 1), 60) + 1e-5)) * cs_rank(volume / (vwap + close + 1e-5))
[reward_only] iter 11/50 [OK ] reward=-26.9447  rank(delta(close, 60) / (stddev(delta(close, 1), 60) + 1e-5)) * cs_rank(volume / (vwap + close + 1e-5))
[reward_only] iter 12/50 [ERR] reward=    -inf  rank(delta(close, 60) / (stddev(delta(close, 1), 60) + 1e-5)) * cs_rank(volume / vwap)
[reward_only] iter 13/50 [ERR] reward=    -inf  cs_rank(delta(close, 60) / (stddev(delta(close, 1), 60) + 1e-5)) * cs_rank(volume / vwap)
[reward_only] iter 14/50 [OK ] reward=-26.9335  cs_rank(delta(close, 60) / (stddev(delta(close, 1), 60) + 1e-5)) * cs_rank(volume / (vwap + 1e-5))
[reward_only] iter 15/50 [OK ] reward=-26.9335  rank(delta(close, 60) / (stddev(delta(close, 1), 60) + 1e-5)) * cs_rank(volume / (vwap + 1e-5))
[reward_only] iter 16/50 [OK ] reward=-26.9335  rank(delta(close, 60) / (stddev(delta(close, 1), 60) + 1e-5)) * cs_rank(volume / (vwap + 1e-5))
[reward_only] iter 17/50 [OK ] reward=-26.9335  rank(delta(close, 60) / (stddev(delta(close, 1), 60) + 1e-5)) * cs_rank(volume / (vwap + 1e-5))
[reward_only] iter 18/50 [OK ] reward=-26.9335  rank(delta(close, 60) / (stddev(delta(close, 1), 60) + 1e-5)) * cs_rank(volume / (vwap + 1e-5))
[reward_only] iter 19/50 [OK ] reward=-26.9335  rank(delta(close, 60) / (stddev(delta(close, 1), 60) + 1e-5)) * cs_rank(volume / (vwap + 1e-5))
[reward_only] iter 20/50 [OK ] reward=-26.9335  rank(delta(close, 60) / (stddev(delta(close, 1), 60) + 1e-5)) * cs_rank(volume / (vwap + 1e-5))
[reward_only] iter 21/50 [OK ] reward=-26.9335  rank(delta(close, 60) / (stddev(delta(close, 1), 60) + 1e-5)) * cs_rank(volume / (vwap + 1e-5))
[reward_only] iter 22/50 [OK ] reward=-26.9335  rank(delta(close, 60) / (stddev(delta(close, 1), 60) + 1e-5)) * cs_rank(volume / (vwap + 1e-5))
[reward_only] iter 23/50 [OK ] reward=-26.9335  rank(delta(close, 60) / (stddev(delta(close, 1), 60) + 1e-5)) * cs_rank(volume / (vwap + 1e-5))
[reward_only] iter 24/50 [OK ] reward=-26.9335  rank(delta(close, 60) / (stddev(delta(close, 1), 60) + 1e-5)) * cs_rank(volume / (vwap + 1e-5))
[reward_only] iter 25/50 [OK ] reward=-26.9335  rank(delta(close, 60) / (stddev(delta(close, 1), 60) + 1e-5)) * cs_rank(volume / (vwap + 1e-5))
[reward_only] iter 26/50 [OK ] reward=-26.9335  rank(delta(close, 60) / (stddev(delta(close, 1), 60) + 1e-5)) * cs_rank(volume / (vwap + 1e-5))
[reward_only] iter 27/50 [OK ] reward=-33.9976  rank(delta(close, 60) / (stddev(delta(close, 1), 60) + 1e-5)) * cs_rank(volume)
[reward_only] iter 28/50 [OK ] reward=-185.8293  cs_rank((close - open) / (high - low + 1e-5))
[reward_only] iter 29/50 [OK ] reward=-163.8242  cs_rank((close - open) / (high - low + 1e-5) + decay_linear(ts_rank(delta(close, 60), 60), 60))
[reward_only] iter 30/50 [OK ] reward=-23.9826  cs_rank(delta(close, 60) / (stddev(delta(close, 1), 60) + 1e-5))
[reward_only] iter 31/50 [ERR] reward=    -inf  cs_rank((close - open) / (vwap - open) + (volume / sma(volume, 60)))
[reward_only] iter 32/50 [OK ] reward=-25.4895  cs_rank(delta(close, 60) / (stddev(delta(close, 1), 60) + 1e-5) + (volume / (sma(volume, 60) + 1e-5)))
[reward_only] iter 33/50 [OK ] reward=-94.0522  cs_rank(delta(close, 60) / (stddev(delta(close, 1), 60) + 1e-5)) + cs_rank(volume / (sma(volume, 60) + 1e-5))
[reward_only] iter 34/50 [OK ] reward=-94.0522  rank(delta(close, 60) / (stddev(delta(close, 1), 60) + 1e-5)) + cs_rank(volume / (sma(volume, 60) + 1e-5))
[reward_only] iter 35/50 [OK ] reward=-87.1166  rank(delta(close, 60) / (stddev(delta(close, 1), 60) + 1e-5)) * cs_rank(volume / (sma(volume, 60) + 1e-5))
[reward_only] iter 36/50 [OK ] reward=-34.0976  rank(delta(close, 60) / (stddev(delta(close, 1), 60) + 1e-5)) * cs_rank(volume / (volume + 1e-5))
[reward_only] iter 37/50 [OK ] reward=-39.0250  cs_rank(volume / (volume + 1e-5))
[reward_only] iter 38/50 [OK ] reward=-24.0326  cs_rank((delta(close, 60) / (stddev(delta(close, 1), 60) + 1e-5)) * (volume / (volume + 1e-5)))
[reward_only] iter 39/50 [OK ] reward=-24.0326  rank(delta(close, 60) / (stddev(delta(close, 1), 60) + 1e-5)) * (volume / (volume + 1e-5))
[reward_only] iter 40/50 [OK ] reward=-34.0976  cs_rank(delta(close, 60) / (stddev(delta(close, 1), 60) + 1e-5)) * cs_rank(volume / (volume + 1e-5))
[reward_only] iter 41/50 [OK ] reward=-34.0976  rank(delta(close, 60) / (stddev(delta(close, 1), 60) + 1e-5)) * rank(volume / (volume + 1e-5))
[reward_only] iter 42/50 [OK ] reward=-23.9826  cs_rank(delta(close, 60) / (stddev(delta(close, 1), 60) + 1e-5))
[reward_only] iter 43/50 [ERR] reward=    -inf  cs_rank((close - open) / (vwap - open) + (volume / sma(volume, 60)))
[reward_only] iter 44/50 [ERR] reward=    -inf  rank((close - open) / ((vwap - open) + 1e-5) + decay_linear(ts_rank(volume / sma(volume, 60), 60), 60))
[reward_only] iter 45/50 [ERR] reward=    -inf  rank(delta(close, 60) / (stddev(delta(close, 1), 60) + 1e-5) + cs_rank(volume / sma(volume, 60)))
[reward_only] iter 46/50 [OK ] reward=-25.0628  cs_rank(delta(close, 60) / (stddev(delta(close, 1), 60) + 1e-5) + cs_rank(volume / (sma(volume, 60) + 1e-5)))
[reward_only] iter 47/50 [OK ] reward=-94.0522  rank(delta(close, 60) / (stddev(delta(close, 1), 60) + 1e-5)) + cs_rank(volume / (sma(volume, 60) + 1e-5))
[reward_only] iter 48/50 [OK ] reward=-23.9826  rank(delta(close, 60) / (stddev(delta(close, 1), 60) + 1e-5))
[reward_only] iter 49/50 [ERR] reward=    -inf  rank((high - low) / volume)
[reward_only] iter 50/50 [OK ] reward=-31.3046  cs_rank(delta(close, 60) / (stddev(delta(close, 1), 60) + 1e-5)) + cs_rank((high - low) / (volume + 1e-5))
[wfo:reward_only] fold 6 winner: rank(delta(close, 60) / (stddev(delta(close, 1), 60) + 1e-5))
[wfo:reward_only] fold 6 OOS: Gross_IR=-0.065 Turnover=40.23 Net_IR=-1.646
[wfo:reward_only] fold 7: train 2008-01-01..2012-12-31 -> test 2013-01-01..2013-12-31
[reward_only] iter  0/50 [SEED] reward=-24.2395  rank(delta(close, 60) / (stddev(delta(close, 1), 60) + 1e-5))
[reward_only] iter  1/50 [ERR] reward=    -inf  cs_rank(((high - low) / vwap) * volume)
[reward_only] iter  2/50 [OK ] reward=-67.3346  cs_rank(((high - low) / (vwap + 1e-5)) * volume)
[reward_only] iter  3/50 [OK ] reward=-92.5812  cs_rank(((high - low) / (vwap + 1e-5)) * volume * decay_linear(close, 60))
[reward_only] iter  4/50 [OK ] reward=-184.5832  cs_rank((close - open) / (stddev(close, 60) + 1e-5))
[reward_only] iter  5/50 [OK ] reward=-182.6083  cs_rank((close - open) / (stddev(close, 60) + 1e-5) * ts_rank(volume, 60))
[reward_only] iter  6/50 [OK ] reward=-31.1254  rank(delta(close, 60) / (stddev(delta(close, 1), 60) + 1e-5) * cs_rank(volume))
[reward_only] iter  7/50 [ERR] reward=    -inf  cs_rank((close - open) / (high - low)) * cs_rank(volume)
[reward_only] iter  8/50 [OK ] reward=-33.9685  cs_rank(delta(close, 60) / (stddev(delta(close, 1), 60) + 1e-5)) * cs_rank(volume / (volume + 1e-5))
[reward_only] iter  9/50 [OK ] reward=-33.9685  rank(delta(close, 60) / (stddev(delta(close, 1), 60) + 1e-5)) * cs_rank(volume / (volume + 1e-5))
[reward_only] iter 10/50 [OK ] reward=-33.9685  rank(delta(close, 60) / (stddev(delta(close, 1), 60) + 1e-5)) * cs_rank(volume / (volume + 1e-5))
[reward_only] iter 11/50 [OK ] reward=-33.9685  rank(delta(close, 60) / (stddev(delta(close, 1), 60) + 1e-5)) * cs_rank(volume / (volume + 1e-5))
[reward_only] iter 12/50 [OK ] reward=-138.5460  rank(delta(close, 60) / (stddev(delta(close, 1), 60) + 1e-5)) + cs_rank(vwap - close)
[reward_only] iter 13/50 [OK ] reward=-24.2395  rank(delta(close, 60) / (stddev(delta(close, 1), 60) + 1e-5))
[reward_only] iter 14/50 [OK ] reward=-27.1852  rank(close - sma(close, 60))
[reward_only] iter 15/50 [OK ] reward=-36.0298  rank((close - sma(close, 60)) / (stddev(close, 60) + 1e-5))
[reward_only] iter 16/50 [OK ] reward=-176.1160  cs_rank((close - open) / (volume + 1e-5))
[reward_only] iter 17/50 [OK ] reward=-122.5805  rank((close - open) / (volume + 1e-5)) * rank(delta(close, 60) / (stddev(delta(close, 1), 60) + 1e-5))
[reward_only] iter 18/50 [OK ] reward=-33.8684  rank(delta(close, 60) / (stddev(delta(close, 1), 60) + 1e-5)) * cs_rank(volume)
[reward_only] iter 19/50 [ERR] reward=    -inf  cs_rank((close - open) / (high - low)) * cs_rank(volume)
[reward_only] iter 20/50 [OK ] reward=-33.8684  cs_rank(delta(close, 60) / (stddev(delta(close, 1), 60) + 1e-5)) * cs_rank(volume)
[reward_only] iter 21/50 [ERR] reward=    -inf  rank(delta(close, 60) / (stddev(delta(close, 1), 60) + 1e-5)) * rank(volume / vwap)
[reward_only] iter 22/50 [ERR] reward=    -inf  rank(delta(close, 60) / (stddev(delta(close, 1), 60) + 1e-5)) * cs_rank(volume / vwap)
[reward_only] iter 23/50 [OK ] reward=-128.0277  rank(delta(close, 60) / (stddev(delta(close, 1), 60) + 1e-5)) * cs_rank(vwap / (close + 1e-5))
[reward_only] iter 24/50 [ERR] reward=    -inf  rank(delta(close, 60) / (stddev(delta(close, 1), 60) + 1e-5)) * cs_rank(vwap / close)
[reward_only] iter 25/50 [OK ] reward=-128.0277  rank(delta(close, 60) / (stddev(delta(close, 1), 60) + 1e-5)) * cs_rank(vwap / (close + 1e-5))
[reward_only] iter 26/50 [OK ] reward=-128.0277  rank(delta(close, 60) / (stddev(delta(close, 1), 60) + 1e-5)) * cs_rank(vwap / (close + 1e-5))
[reward_only] iter 27/50 [OK ] reward=-24.2395  rank(delta(close, 60) / (stddev(delta(close, 1), 60) + 1e-5))
[reward_only] iter 28/50 [ERR] reward=    -inf  cs_rank((close - open) / vwap)
[reward_only] iter 29/50 [OK ] reward=-93.7420  cs_rank(delta(close, 60) / (stddev(delta(close, 1), 60) + 1e-5)) * cs_rank((high - low) / (vwap + 1e-5))
[reward_only] iter 30/50 [OK ] reward=-99.8770  rank(delta(close, 60) / (stddev(delta(close, 1), 60) + 1e-5)) + rank((high - low) / (vwap + 1e-5))
[reward_only] iter 31/50 [OK ] reward=-27.6438  rank(delta(close, 60) / (stddev(delta(close, 1), 60) + 1e-5)) + rank(volume / (vwap + 1e-5))
[reward_only] iter 32/50 [OK ] reward=-27.6438  rank(delta(close, 60) / (stddev(delta(close, 1), 60) + 1e-5)) + rank(volume / (vwap + 1e-5))
[reward_only] iter 33/50 [OK ] reward=-27.6438  rank(delta(close, 60) / (stddev(delta(close, 1), 60) + 1e-5)) + rank(volume / (vwap + 1e-5))
[reward_only] iter 34/50 [OK ] reward=-27.6438  rank(delta(close, 60) / (stddev(delta(close, 1), 60) + 1e-5)) + rank(volume / (vwap + 1e-5))
[reward_only] iter 35/50 [OK ] reward=-27.6438  rank(delta(close, 60) / (stddev(delta(close, 1), 60) + 1e-5)) + rank(volume / (vwap + 1e-5))
[reward_only] iter 36/50 [OK ] reward=-27.6438  rank(delta(close, 60) / (stddev(delta(close, 1), 60) + 1e-5)) + rank(volume / (vwap + 1e-5))
[reward_only] iter 37/50 [OK ] reward=-27.6438  rank(delta(close, 60) / (stddev(delta(close, 1), 60) + 1e-5)) + rank(volume / (vwap + 1e-5))
[reward_only] iter 38/50 [OK ] reward=-27.6438  rank(delta(close, 60) / (stddev(delta(close, 1), 60) + 1e-5)) + rank(volume / (vwap + 1e-5))
[reward_only] iter 39/50 [OK ] reward=-27.6438  rank(delta(close, 60) / (stddev(delta(close, 1), 60) + 1e-5)) + rank(volume / (vwap + 1e-5))
[reward_only] iter 40/50 [OK ] reward=-27.6438  rank(delta(close, 60) / (stddev(delta(close, 1), 60) + 1e-5)) + cs_rank(volume / (vwap + 1e-5))
[reward_only] iter 41/50 [OK ] reward=-27.6438  rank(delta(close, 60) / (stddev(delta(close, 1), 60) + 1e-5)) + cs_rank(volume / (vwap + 1e-5))
[reward_only] iter 42/50 [OK ] reward=-27.6438  rank(delta(close, 60) / (stddev(delta(close, 1), 60) + 1e-5)) + cs_rank(volume / (vwap + 1e-5))
[reward_only] iter 43/50 [OK ] reward=-27.6438  rank(delta(close, 60) / (stddev(delta(close, 1), 60) + 1e-5)) + cs_rank(volume / (vwap + 1e-5))
[reward_only] iter 44/50 [OK ] reward=-27.6438  rank(delta(close, 60) / (stddev(delta(close, 1), 60) + 1e-5)) + cs_rank(volume / (vwap + 1e-5))
[reward_only] iter 45/50 [OK ] reward=-27.6438  rank(delta(close, 60) / (stddev(delta(close, 1), 60) + 1e-5)) + cs_rank(volume / (vwap + 1e-5))
[reward_only] iter 46/50 [OK ] reward=-27.6438  rank(delta(close, 60) / (stddev(delta(close, 1), 60) + 1e-5)) + cs_rank(volume / (vwap + 1e-5))
[reward_only] iter 47/50 [OK ] reward=-27.6438  rank(delta(close, 60) / (stddev(delta(close, 1), 60) + 1e-5)) + cs_rank(volume / (vwap + 1e-5))
[reward_only] iter 48/50 [OK ] reward=-27.6438  rank(delta(close, 60) / (stddev(delta(close, 1), 60) + 1e-5)) + cs_rank(volume / (vwap + 1e-5))
[reward_only] iter 49/50 [OK ] reward=-27.6438  rank(delta(close, 60) / (stddev(delta(close, 1), 60) + 1e-5)) + cs_rank(volume / (vwap + 1e-5))
[reward_only] iter 50/50 [OK ] reward=-27.6438  rank(delta(close, 60) / (stddev(delta(close, 1), 60) + 1e-5)) + cs_rank(volume / (vwap + 1e-5))
[wfo:reward_only] fold 7 winner: rank(delta(close, 60) / (stddev(delta(close, 1), 60) + 1e-5))
[wfo:reward_only] fold 7 OOS: Gross_IR=0.543 Turnover=41.63 Net_IR=-1.700
[wfo:reward_only] fold 8: train 2009-01-01..2013-12-31 -> test 2014-01-01..2014-12-31
[reward_only] iter  0/50 [SEED] reward=-23.9430  rank(delta(close, 60) / (stddev(delta(close, 1), 60) + 1e-5))
[reward_only] iter  1/50 [ERR] reward=    -inf  cs_rank((close - open) / (high - low))
[reward_only] iter  2/50 [OK ] reward=-23.9430  cs_rank(delta(close, 60) / (stddev(delta(close, 1), 60) + 1e-5))
[reward_only] iter  3/50 [OK ] reward=-184.4745  cs_rank((close - open) / (high - low + 1e-5))
[reward_only] iter  4/50 [OK ] reward=-137.9178  rank(delta(close, 60) / (stddev(delta(close, 1), 60) + 1e-5)) + cs_rank((close - open) / (high - low + 1e-5))
[reward_only] iter  5/50 [ERR] reward=    -inf  rank(delta(close, 60) / (stddev(delta(close, 1), 60) + 1e-5)) + cs_rank(vwap / close)
[reward_only] iter  6/50 [OK ] reward=-23.9430  cs_rank(delta(close, 60) / (stddev(delta(close, 1), 60) + 1e-5))
[reward_only] iter  7/50 [OK ] reward=-174.2520  cs_rank((close - open) / (volume + 1e-5))
[reward_only] iter  8/50 [OK ] reward=-181.8488  rank((close - open) / (stddev(close, 20) + 1e-5))
[reward_only] iter  9/50 [OK ] reward=-113.8815  rank((high - low) / (stddev(close, 60) + 1e-5))
[reward_only] iter 10/50 [OK ] reward=-34.2652  rank(delta(close, 60) / (stddev(close, 60) + 1e-5))
[reward_only] iter 11/50 [ERR] reward=    -inf  rank((high - low) / (vwap - close) + decay_linear(ts_rank(vwap, 20), 10))
[reward_only] iter 12/50 [OK ] reward=-23.8086  rank(delta(close, 60) / (stddev(delta(close, 1), 60) + 1e-5) + decay_linear(ts_rank(vwap, 20), 10))
[reward_only] iter 13/50 [OK ] reward=-23.9430  rank(delta(close, 60) / (stddev(delta(close, 1), 60) + 1e-5))
[reward_only] iter 14/50 [OK ] reward=-15.4069  rank(decay_linear(ts_rank(volume, 20), 10) / (stddev(volume, 60) + 1e-5))
[reward_only] iter 15/50 [OK ] reward=-164.7000  cs_rank(close - open) * cs_rank(high - low) / (cs_rank(stddev(close, 20)) + 1e-5)
[reward_only] iter 16/50 [OK ] reward=-15.4069  cs_rank(decay_linear(ts_rank(volume, 20), 10) / (stddev(volume, 60) + 1e-5))
[reward_only] iter 17/50 [ERR] reward=    -inf  cs_rank((high - low) / (vwap - low) + decay_linear(ts_rank(volume, 20), 10) / (stddev(volume, 60) + 1e-5))
[reward_only] iter 18/50 [OK ] reward=-180.3002  cs_rank((high - low) / (vwap - low + 1e-5) + decay_linear(ts_rank(volume, 20), 10) / (stddev(volume, 60) + 1e-5))
[reward_only] iter 19/50 [OK ] reward=-15.4069  rank(decay_linear(ts_rank(volume, 20), 10) / (stddev(volume, 60) + 1e-5))
[reward_only] iter 20/50 [ERR] reward=    -inf  cs_rank((high - low) / vwap)
[reward_only] iter 21/50 [ERR] reward=    -inf  cs_rank(decay_linear(ts_rank(volume, 20), 10) / (stddev(volume, 60) + 1e-5)) * cs_rank((close - open) / vwap)
[reward_only] iter 22/50 [OK ] reward=-123.4581  cs_rank(decay_linear(ts_rank(volume, 20), 10) / (stddev(volume, 60) + 1e-5)) * cs_rank((close - open) / (vwap + 1e-5))
[reward_only] iter 23/50 [OK ] reward=-15.4069  rank(decay_linear(ts_rank(volume, 20), 10) / (stddev(volume, 60) + 1e-5))
[reward_only] iter 24/50 [ERR] reward=    -inf  cs_rank((close - open) / (high - low)) / (stddev(volume, 60) + 1e-5)
[reward_only] iter 25/50 [OK ] reward=-15.4069  cs_rank(decay_linear(ts_rank(volume, 20), 10) / (stddev(volume, 60) + 1e-5))
[reward_only] iter 26/50 [OK ] reward=-41.0335  cs_rank(ts_rank(close, 20) / (stddev(close, 60) + 1e-5))
[reward_only] iter 27/50 [OK ] reward=-46.4182  rank(decay_linear(ts_rank(volume, 20), 10) / (stddev(volume, 60) + 1e-5)) + rank(ts_rank(close, 20) / (stddev(close, 60) + 1e-5))
[reward_only] iter 28/50 [OK ] reward=-15.4069  rank(decay_linear(ts_rank(volume, 20), 10) / (stddev(volume, 60) + 1e-5))
[reward_only] iter 29/50 [ERR] reward=    -inf  cs_rank((close - open) / (high - low) * volume)
[reward_only] iter 30/50 [OK ] reward=-15.4069  rank(decay_linear(ts_rank(volume, 20), 10) / (stddev(volume, 60) + 1e-5))
[reward_only] iter 31/50 [ERR] reward=    -inf  cs_rank((close - open) / (high - low)) * cs_rank(volume)
[reward_only] iter 32/50 [OK ] reward=-125.5356  rank(decay_linear(ts_rank(volume, 20), 10) / (stddev(volume, 60) + 1e-5)) * cs_rank((close - open) / (high - low + 1e-5))
[reward_only] iter 33/50 [OK ] reward=-15.4069  rank(decay_linear(ts_rank(volume, 20), 10) / (stddev(volume, 60) + 1e-5))
[reward_only] iter 34/50 [ERR] reward=    -inf  cs_rank((vwap - open) / (high - low))
[reward_only] iter 35/50 [OK ] reward=-184.0516  rank(decay_linear(ts_rank(volume, 20), 10) / (stddev(volume, 60) + 1e-5) + cs_rank((vwap - open) / (high - low + 1e-5)))
[reward_only] iter 36/50 [OK ] reward=-140.0652  rank(decay_linear(ts_rank(volume, 20), 10) / (stddev(volume, 60) + 1e-5)) + cs_rank((close - open) / (high - low + 1e-5))
[reward_only] iter 37/50 [OK ] reward=-15.4069  rank(decay_linear(ts_rank(volume, 20), 10) / (stddev(volume, 60) + 1e-5))
[reward_only] iter 38/50 [ERR] reward=    -inf  cs_rank((close - open) / (high - low))
[reward_only] iter 39/50 [OK ] reward=-140.0652  rank(decay_linear(ts_rank(volume, 20), 10) / (stddev(volume, 60) + 1e-5)) + cs_rank((close - open) / (high - low + 1e-5))
[reward_only] iter 40/50 [OK ] reward=-15.4069  rank(decay_linear(ts_rank(volume, 20), 10) / (stddev(volume, 60) + 1e-5))
[reward_only] iter 41/50 [OK ] reward=-179.1195  cs_rank(close - open)
[reward_only] iter 42/50 [OK ] reward=-126.3051  cs_rank(close - open) * rank(decay_linear(ts_rank(volume, 20), 10) / (stddev(volume, 60) + 1e-5))
[reward_only] iter 43/50 [OK ] reward=-127.7413  cs_rank(close - open) * (decay_linear(ts_rank(volume, 20), 10) / (stddev(volume, 60) + 1e-5))
[reward_only] iter 44/50 [ERR] reward=    -inf  cs_rank(close / open - 1) * (decay_linear(ts_rank(volume, 20), 10) / (stddev(volume, 60) + 1e-5))
[reward_only] iter 45/50 [OK ] reward=-15.4069  cs_rank(decay_linear(ts_rank(volume, 20), 10) / (stddev(volume, 60) + 1e-5))
[reward_only] iter 46/50 [OK ] reward=-41.0335  cs_rank(ts_rank(close, 20) / (stddev(close, 60) + 1e-5))
[reward_only] iter 47/50 [OK ] reward=-15.4069  cs_rank(decay_linear(ts_rank(volume, 20), 10) / (stddev(volume, 60) + 1e-5))
[reward_only] iter 48/50 [OK ] reward=-183.5992  cs_rank((close - open) / (stddev(close - open, 20) + 1e-5))
[reward_only] iter 49/50 [OK ] reward=-15.3843  rank(decay_linear(ts_rank(close - open, 20), 10) / (stddev(close - open, 60) + 1e-5))
[reward_only] iter 50/50 [OK ] reward=-104.9911  cs_rank(ts_rank(close - open, 20) / (stddev(close - open, 60) + 1e-5))
[wfo:reward_only] fold 8 winner: rank(decay_linear(ts_rank(close - open, 20), 10) / (stddev(close - open, 60) + 1e-5))
[wfo:reward_only] fold 8 OOS: Gross_IR=0.278 Turnover=31.21 Net_IR=-1.238
[wfo:reward_only] fold 9: train 2010-01-01..2014-12-31 -> test 2015-01-01..2015-12-31
[reward_only] iter  0/50 [SEED] reward=-21.8134  rank(delta(close, 60) / (stddev(delta(close, 1), 60) + 1e-5))
[reward_only] iter  1/50 [ERR] reward=    -inf  cs_rank(delta(close, 60) / (stddev(delta(close, 1), 60) + 1e-5) + cs_rank(volume / sma(volume, 60)))
[reward_only] iter  2/50 [OK ] reward=-94.7918  cs_rank(delta(close, 60) / (stddev(delta(close, 1), 60) + 1e-5)) + cs_rank(volume / (sma(volume, 60) + 1e-5))
[reward_only] iter  3/50 [OK ] reward=-94.7918  cs_rank(delta(close, 60) / (stddev(delta(close, 1), 60) + 1e-5)) + cs_rank(volume / (sma(volume, 60) + 1e-5))
[reward_only] iter  4/50 [OK ] reward=-94.7918  cs_rank(delta(close, 60) / (stddev(delta(close, 1), 60) + 1e-5)) + cs_rank(volume / (sma(volume, 60) + 1e-5))
[reward_only] iter  5/50 [OK ] reward=-94.7918  cs_rank(delta(close, 60) / (stddev(delta(close, 1), 60) + 1e-5)) + cs_rank(volume / (sma(volume, 60) + 1e-5))
[reward_only] iter  6/50 [OK ] reward=-94.7918  rank(delta(close, 60) / (stddev(delta(close, 1), 60) + 1e-5)) + cs_rank(volume / (sma(volume, 60) + 1e-5))
[reward_only] iter  7/50 [OK ] reward=-20.6647  rank(delta(close, 60) / (stddev(delta(close, 1), 60) + 1e-5)) + cs_rank(vwap / (sma(vwap, 60) + 1e-5))
[reward_only] iter  8/50 [OK ] reward=-17.0096  cs_rank(delta(close, 60) / (stddev(delta(close, 1), 60) + 1e-5)) + cs_rank(vwap / (vwap + 1e-5))
[reward_only] iter  9/50 [OK ] reward= -4.1540  cs_rank(vwap / (vwap + 1e-5))
[reward_only] iter 10/50 [ERR] reward=    -inf  cs_rank((close - open) / (high - low))
[reward_only] iter 11/50 [OK ] reward=-181.7908  cs_rank((close - open) / (high - low + 1e-5))
[reward_only] iter 12/50 [OK ] reward=-136.6100  cs_rank((close - open) / (high - low + 1e-5)) + cs_rank(vwap / (vwap + 1e-5))
[reward_only] iter 13/50 [OK ] reward=-181.7908  cs_rank((close - open) / (high - low + 1e-5))
[reward_only] iter 14/50 [OK ] reward=-127.2949  cs_rank((close - open) / (high - low + 1e-5)) * cs_rank(vwap / (vwap + 1e-5))
[reward_only] iter 15/50 [OK ] reward=-79.4550  cs_rank(vwap / (vwap + 1e-5)) * cs_rank(close / (high - low + 1e-5))
[reward_only] iter 16/50 [OK ] reward=-57.0107  cs_rank(vwap / (vwap + 1e-5)) * cs_rank(volume / (stddev(volume, 20) + 1e-5))
[reward_only] iter 17/50 [ERR] reward=    -inf  cs_rank((close - open) / close)
[reward_only] iter 18/50 [OK ] reward=-179.3989  cs_rank((vwap - close) / (vwap + close + 1e-5))
[reward_only] iter 19/50 [OK ] reward=-92.2726  cs_rank((vwap - close) / (vwap + close + 1e-5)) * decay_linear(close, 60)
[reward_only] iter 20/50 [OK ] reward=-181.9643  cs_rank(close / (vwap + 1e-5))
[reward_only] iter 21/50 [OK ] reward=-180.9563  cs_rank((close - open) / (vwap + 1e-5))
[reward_only] iter 22/50 [OK ] reward=-179.3989  cs_rank((vwap - close) / (vwap + 1e-5))
[reward_only] iter 23/50 [OK ] reward=-179.3989  cs_rank((vwap - close) / (vwap + 1e-5))
[reward_only] iter 24/50 [OK ] reward=-136.3174  cs_rank((vwap - close) / (vwap + 1e-5)) * cs_rank(volume)
[reward_only] iter 25/50 [OK ] reward=-136.3174  cs_rank((vwap - close) / (vwap + 1e-5)) * cs_rank(volume)
[reward_only] iter 26/50 [OK ] reward=-136.3174  cs_rank((vwap - close) / (vwap + 1e-5)) * cs_rank(volume)
[reward_only] iter 27/50 [OK ] reward=-134.7895  cs_rank((vwap - close) / (vwap + 1e-5)) * decay_linear(cs_rank(volume), 20)
[reward_only] iter 28/50 [OK ] reward=-134.7895  cs_rank((vwap - close) / (vwap + 1e-5)) * decay_linear(cs_rank(volume), 20)
[reward_only] iter 29/50 [OK ] reward=-126.4140  cs_rank((vwap - close) / (vwap + 1e-5)) * decay_linear(cs_rank(volume), 20) * cs_rank(close / (close + 1e-5))
[reward_only] iter 30/50 [OK ] reward=-136.3174  cs_rank((vwap - close) / (vwap + 1e-5)) * cs_rank(volume)
[reward_only] iter 31/50 [OK ] reward=-136.3174  cs_rank((vwap - close) / (vwap + 1e-5)) * cs_rank(volume)
[reward_only] iter 32/50 [OK ] reward=-126.2818  cs_rank((vwap - close) / (vwap + 1e-5)) * cs_rank(volume) * cs_rank(ts_rank(vwap, 20))
[reward_only] iter 33/50 [OK ] reward=-136.3174  cs_rank((vwap - close) / (vwap + 1e-5)) * cs_rank(volume)
[reward_only] iter 34/50 [OK ] reward=-136.3174  cs_rank((vwap - close) / (vwap + 1e-5)) * cs_rank(volume)
[reward_only] iter 35/50 [OK ] reward=-136.3174  cs_rank((vwap - close) / (vwap + 1e-5)) * cs_rank(volume)
[reward_only] iter 36/50 [OK ] reward=-137.9333  cs_rank((vwap - close) / (vwap + 1e-5)) + cs_rank(volume / (volume + 1e-5))
[reward_only] iter 37/50 [OK ] reward=-179.3989  cs_rank((vwap - close) / (vwap + 1e-5))
[reward_only] iter 38/50 [OK ] reward=-136.3174  cs_rank((vwap - close) / (vwap + 1e-5)) * cs_rank(volume)
[reward_only] iter 39/50 [OK ] reward=-136.3174  cs_rank((vwap - close) / (vwap + 1e-5)) * cs_rank(volume)
[reward_only] iter 40/50 [OK ] reward=-131.0468  cs_rank((vwap - close) / (vwap + 1e-5)) * cs_rank(sma(volume, 20))
[reward_only] iter 41/50 [OK ] reward=-131.0468  cs_rank((vwap - close) / (vwap + 1e-5)) * cs_rank(sma(volume, 20))
[reward_only] iter 42/50 [OK ] reward=-157.9556  cs_rank((vwap - close) / (vwap + 1e-5)) * cs_rank(zscore(volume, 60))
[reward_only] iter 43/50 [OK ] reward=-157.9556  cs_rank((vwap - close) / (vwap + 1e-5)) * cs_rank(zscore(volume, 60))
[reward_only] iter 44/50 [OK ] reward=-157.9556  cs_rank((vwap - close) / (vwap + 1e-5)) * cs_rank(zscore(volume, 60))
[reward_only] iter 45/50 [OK ] reward=-164.6658  cs_rank((vwap - close) / (vwap + 1e-5)) + cs_rank(zscore(volume, 60))
[reward_only] iter 46/50 [OK ] reward=-164.6658  cs_rank((vwap - close) / (vwap + 1e-5)) + cs_rank(zscore(volume, 60))
[reward_only] iter 47/50 [OK ] reward=-175.6565  cs_rank((vwap - close) / (vwap + 1e-5)) + cs_rank(zscore(volume, 60)) * 0.5
[reward_only] iter 48/50 [OK ] reward=-175.6565  cs_rank((vwap - close) / (vwap + 1e-5)) + cs_rank(zscore(volume, 60)) * 0.5
[reward_only] iter 49/50 [OK ] reward=-175.6565  cs_rank((vwap - close) / (vwap + 1e-5)) + cs_rank(zscore(volume, 60)) * 0.5
[reward_only] iter 50/50 [OK ] reward=-175.6565  cs_rank((vwap - close) / (vwap + 1e-5)) + cs_rank(zscore(volume, 60)) * 0.5
[wfo:reward_only] fold 9 winner: cs_rank(vwap / (vwap + 1e-5))
[wfo:reward_only] fold 9 OOS: Gross_IR=0.253 Turnover=6.04 Net_IR=-0.069
[wfo:reward_only] fold 10: train 2011-01-01..2015-12-31 -> test 2016-01-01..2016-12-31
[reward_only] iter  0/50 [SEED] reward=-21.1245  rank(delta(close, 60) / (stddev(delta(close, 1), 60) + 1e-5))
[reward_only] iter  1/50 [OK ] reward=-44.8200  rank(delta(close, 60) / (stddev(delta(close, 1), 60) + 1e-5) * (high - low) / (vwap + 1e-5))
[reward_only] iter  2/50 [OK ] reward=-21.2334  rank(delta(close, 60) / (stddev(delta(close, 1), 60) + 1e-5) + (high - low) / (vwap + 1e-5))
[reward_only] iter  3/50 [OK ] reward=-21.1245  rank(delta(close, 60) / (stddev(delta(close, 1), 60) + 1e-5))
[reward_only] iter  4/50 [OK ] reward=-54.9579  rank(delta(close, 60) / (stddev(delta(close, 1), 60) + 1e-5)) + rank(volume / cs_rank(volume))
[reward_only] iter  5/50 [OK ] reward=-21.1245  rank(delta(close, 60) / (stddev(delta(close, 1), 60) + 1e-5))
[reward_only] iter  6/50 [ERR] reward=    -inf  rank(delta(close, 60) / (stddev(delta(close, 1), 60) + 1e-5)) + rank(vwap / close)
[reward_only] iter  7/50 [ERR] reward=    -inf  cs_rank(delta(close, 60) / (stddev(delta(close, 1), 60) + 1e-5)) + cs_rank(vwap / close)
[reward_only] iter  8/50 [OK ] reward=-136.6155  cs_rank(delta(close, 60) / (stddev(delta(close, 1), 60) + 1e-5)) + cs_rank(vwap / (close + 1e-5))
[reward_only] iter  9/50 [OK ] reward=-21.1245  rank(delta(close, 60) / (stddev(delta(close, 1), 60) + 1e-5))
[reward_only] iter 10/50 [OK ] reward=-171.7273  rank((close - open) / (volume + 1e-5))
[reward_only] iter 11/50 [OK ] reward=-38.3572  rank(delta(close, 20) / (stddev(delta(close, 1), 20) + 1e-5))
[reward_only] iter 12/50 [OK ] reward=-54.9579  rank(delta(close, 60) / (stddev(delta(close, 1), 60) + 1e-5)) + rank(volume / cs_rank(volume))
[reward_only] iter 13/50 [OK ] reward=-32.3171  rank(delta(close, 60) / (stddev(delta(close, 1), 60) + 1e-5)) * cs_rank(volume)
[reward_only] iter 14/50 [OK ] reward=-24.9151  rank(delta(close, 60) / (stddev(delta(close, 1), 60) + 1e-5)) * cs_rank(volume / (vwap + 1e-5))
[reward_only] iter 15/50 [OK ] reward=-24.9151  rank(delta(close, 60) / (stddev(delta(close, 1), 60) + 1e-5)) * cs_rank(volume / (vwap + 1e-5))
[reward_only] iter 16/50 [ERR] reward=    -inf  cs_rank(rank(delta(close, 60) / (stddev(delta(close, 1), 60) + 1e-5)))
[reward_only] iter 17/50 [OK ] reward= -6.3987  decay_linear(ts_rank(delta(close, 60) / (stddev(delta(close, 1), 60) + 1e-5), 60), 60)
[reward_only] iter 18/50 [OK ] reward=-33.8254  decay_linear(ts_rank((close - open) / (high - low + 1e-5), 60), 60)
[reward_only] iter 19/50 [OK ] reward=-13.5997  decay_linear(ts_rank(delta(close, 30) / (stddev(delta(close, 1), 30) + 1e-5), 30), 30)
[reward_only] iter 20/50 [OK ] reward= -3.9994  decay_linear(cs_rank(high - low), 60)
[reward_only] iter 21/50 [OK ] reward=-30.6566  decay_linear(cs_rank(vwap - close), 60)
[reward_only] iter 22/50 [OK ] reward=-49.0501  decay_linear(cs_rank(high - low), 60) * cs_rank(volume)
[reward_only] iter 23/50 [OK ] reward=-31.7454  decay_linear(cs_rank(close - open), 60)
[reward_only] iter 24/50 [ERR] reward=    -inf  decay_linear(cs_rank(close / vwap - 1), 60)
[reward_only] iter 25/50 [OK ] reward=-30.6705  decay_linear(cs_rank(close / (vwap + 1e-5) - 1), 60)
[reward_only] iter 26/50 [OK ] reward=-31.7454  decay_linear(cs_rank(close - open), 60)
[reward_only] iter 27/50 [OK ] reward=-31.4764  decay_linear(cs_rank(close - vwap), 60)
[reward_only] iter 28/50 [OK ] reward=-31.7454  decay_linear(cs_rank(close - open), 60)
[reward_only] iter 29/50 [ERR] reward=    -inf  decay_linear(cs_rank((high - low) / (open + close + low + high + vwap) / 5), 60)
[reward_only] iter 30/50 [OK ] reward= -3.9994  decay_linear(cs_rank(high - low), 60)
[reward_only] iter 31/50 [OK ] reward=-31.4764  decay_linear(cs_rank(close - vwap), 60)
[reward_only] iter 32/50 [ERR] reward=    -inf  decay_linear(cs_rank((high - low) / volume), 60)
[reward_only] iter 33/50 [OK ] reward= -2.9784  decay_linear(cs_rank((high - low) / (volume + 1e-5)), 60)
[reward_only] iter 34/50 [OK ] reward=-32.9935  decay_linear(cs_rank((close - open) / (volume + 1e-5)), 60)
[reward_only] iter 35/50 [OK ] reward=-30.9734  decay_linear(cs_rank((vwap - close) / (volume + 1e-5)), 60)
[reward_only] iter 36/50 [OK ] reward= -5.2460  decay_linear(cs_rank((high - low) / (volume + 1e-5)), 60) + decay_linear(cs_rank((close - open) / (volume + 1e-5)), 60)
[reward_only] iter 37/50 [OK ] reward= -5.3561  decay_linear(cs_rank((high - low) / (volume + 1e-5)), 60) + decay_linear(cs_rank((vwap - open) / (volume + 1e-5)), 60)
[reward_only] iter 38/50 [OK ] reward= -5.2460  decay_linear(cs_rank((high - low) / (volume + 1e-5)), 60) + decay_linear(cs_rank((close - open) / (volume + 1e-5)), 60)
[reward_only] iter 39/50 [OK ] reward= -5.3561  decay_linear(cs_rank((high - low) / (volume + 1e-5)), 60) + decay_linear(cs_rank((vwap - open) / (volume + 1e-5)), 60)
[reward_only] iter 40/50 [OK ] reward= -5.2460  decay_linear(cs_rank((high - low) / (volume + 1e-5)), 60) + decay_linear(cs_rank((close - open) / (volume + 1e-5)), 60)
[reward_only] iter 41/50 [OK ] reward= -5.2460  decay_linear(cs_rank((high - low) / (volume + 1e-5)), 60) + decay_linear(cs_rank((close - open) / (volume + 1e-5)), 60)
[reward_only] iter 42/50 [ERR] reward=    -inf  decay_linear(cs_rank((high - low) / (volume + 1e-5)), 60) + decay_linear(cs_rank((close - open) / (high - low)), 60)
[reward_only] iter 43/50 [OK ] reward= -6.1386  decay_linear(cs_rank((high - low) / (volume + 1e-5)), 60) + decay_linear(cs_rank((close - open) / (high - low + 1e-5)), 60)
[reward_only] iter 44/50 [ERR] reward=    -inf  decay_linear(cs_rank((high - low) / (volume + 1e-5)), 60) + decay_linear(cs_rank(close / vwap), 60)
[reward_only] iter 45/50 [OK ] reward= -5.9993  decay_linear(cs_rank((high - low) / (volume + 1e-5)), 60) + decay_linear(cs_rank(close / (vwap + 1e-5)), 60)
[reward_only] iter 46/50 [OK ] reward= -5.9677  decay_linear(cs_rank((high - low) / (volume + 1e-5)), 60) + decay_linear(cs_rank((close - open) / (vwap + 1e-5)), 60)
[reward_only] iter 47/50 [OK ] reward= -2.9784  decay_linear(cs_rank((high - low) / (volume + 1e-5)), 60)
[reward_only] iter 48/50 [OK ] reward=-32.9935  decay_linear(cs_rank((close - open) / (volume + 1e-5)), 60)
[reward_only] iter 49/50 [OK ] reward= -5.2460  decay_linear(cs_rank((close - open) / (volume + 1e-5)), 60) + decay_linear(cs_rank((high - low) / (volume + 1e-5)), 60)
[reward_only] iter 50/50 [OK ] reward= -2.9784  decay_linear(cs_rank((high - low) / (volume + 1e-5)), 60)
[wfo:reward_only] fold 10 winner: decay_linear(cs_rank((high - low) / (volume + 1e-5)), 60)
[wfo:reward_only] fold 10 OOS: Gross_IR=-2.307 Turnover=4.04 Net_IR=-2.573
[wfo:reward_only] fold 11: train 2012-01-01..2016-12-31 -> test 2017-01-01..2017-12-31
[reward_only] iter  0/50 [SEED] reward=-21.8271  rank(delta(close, 60) / (stddev(delta(close, 1), 60) + 1e-5))
[reward_only] iter  1/50 [OK ] reward=-21.9734  cs_rank(delta(close, 60) / (stddev(delta(close, 1), 60) + 1e-5) + cs_rank(volume / (vwap * 10000 + 1e-5)))
[reward_only] iter  2/50 [ERR] reward=    -inf  cs_rank(delta(close, 60) / (stddev(delta(close, 1), 60) + 1e-5) + cs_rank(volume / vwap))
[reward_only] iter  3/50 [OK ] reward=-21.9234  cs_rank(delta(close, 60) / (stddev(delta(close, 1), 60) + 1e-5) + cs_rank(volume / (vwap + 1e-5)))
[reward_only] iter  4/50 [OK ] reward=-23.4480  rank(delta(close, 60) / (stddev(delta(close, 1), 60) + 1e-5) + volume / (vwap + 1e-5))
[reward_only] iter  5/50 [OK ] reward=-21.8271  rank(delta(close, 60) / (stddev(delta(close, 1), 60) + 1e-5))
[reward_only] iter  6/50 [OK ] reward=-63.4572  rank(delta(close, 60) / (stddev(delta(close, 1), 60) + 1e-5)) + rank(volume / (stddev(volume, 60) + 1e-5))
[reward_only] iter  7/50 [OK ] reward=-63.4572  rank(delta(close, 60) / (stddev(delta(close, 1), 60) + 1e-5)) + rank(volume / (stddev(volume, 60) + 1e-5))
[reward_only] iter  8/50 [OK ] reward=-63.4572  rank(delta(close, 60) / (stddev(delta(close, 1), 60) + 1e-5)) + rank(volume / (stddev(volume, 60) + 1e-5))
[reward_only] iter  9/50 [OK ] reward=-63.4572  rank(delta(close, 60) / (stddev(delta(close, 1), 60) + 1e-5)) + rank(volume / (stddev(volume, 60) + 1e-5))
[reward_only] iter 10/50 [ERR] reward=    -inf  rank(delta(close, 60) / (stddev(delta(close, 1), 60) + 1e-5)) + rank(vwap / close)
[reward_only] iter 11/50 [ERR] reward=    -inf  cs_rank((close - open) / (high - low) + decay_linear(ts_rank(close, 60), 60))
[reward_only] iter 12/50 [OK ] reward= -7.2731  cs_rank(delta(close, 60) / (stddev(delta(close, 1), 60) + 1e-5) + decay_linear(close, 60))
[reward_only] iter 13/50 [ERR] reward=    -inf  cs_rank((high - low) / vwap + decay_linear(close, 60))
[reward_only] iter 14/50 [ERR] reward=    -inf  cs_rank(delta(close, 60) / (stddev(delta(close, 1), 60) + 1e-5) + decay_linear((high - low) / vwap, 60))
[reward_only] iter 15/50 [OK ] reward=-21.9843  cs_rank(delta(close, 60) / (stddev(delta(close, 1), 60) + 1e-5) + decay_linear((high - low) / (vwap + 1e-5), 60))
[reward_only] iter 16/50 [OK ] reward= -7.6177  cs_rank(delta(close, 60) / (stddev(delta(close, 1), 60) + 1e-5) + decay_linear(close, 60) + cs_rank(volume / (stddev(volume, 60) + 1e-5)))
[reward_only] iter 17/50 [OK ] reward= -7.2731  cs_rank(delta(close, 60) / (stddev(delta(close, 1), 60) + 1e-5) + decay_linear(close, 60))
[reward_only] iter 18/50 [OK ] reward= -1.8350  cs_rank(delta(close, 60) / (stddev(delta(close, 1), 60) + 1e-5) + decay_linear(volume, 60))
[reward_only] iter 19/50 [OK ] reward= -1.9850  cs_rank(delta(close, 60) / (stddev(delta(close, 1), 60) + 1e-5) + decay_linear(volume, 60) + cs_rank(vwap - close))
[reward_only] iter 20/50 [OK ] reward= -1.8350  cs_rank(delta(close, 60) / (stddev(delta(close, 1), 60) + 1e-5) + decay_linear(volume, 60))
[reward_only] iter 21/50 [OK ] reward= -1.9850  cs_rank(delta(close, 60) / (stddev(delta(close, 1), 60) + 1e-5) + decay_linear(volume, 60) + cs_rank(vwap - close))
[reward_only] iter 22/50 [OK ] reward= -1.8350  cs_rank(delta(close, 60) / (stddev(delta(close, 1), 60) + 1e-5) + decay_linear(volume, 60))
[reward_only] iter 23/50 [OK ] reward= -7.2670  cs_rank(delta(close, 60) / (stddev(delta(close, 1), 60) + 1e-5) + decay_linear(vwap, 60))
[reward_only] iter 24/50 [ERR] reward=    -inf  cs_rank((close - open) / (high - low) + decay_linear(volume, 60))
[reward_only] iter 25/50 [ERR] reward=    -inf  cs_rank(delta(close, 60) / (stddev(delta(close, 1), 60) + 1e-5) + decay_linear(volume, 60) * cs_rank(close / vwap))
[reward_only] iter 26/50 [OK ] reward=-107.0531  cs_rank(delta(close, 60) / (stddev(delta(close, 1), 60) + 1e-5) + decay_linear(volume, 60) * cs_rank(close / (vwap + 1e-5)))
[reward_only] iter 27/50 [OK ] reward= -1.8350  cs_rank(delta(close, 60) / (stddev(delta(close, 1), 60) + 1e-5) + decay_linear(volume, 60))
[reward_only] iter 28/50 [OK ] reward= -1.9350  cs_rank(delta(close, 60) / (stddev(delta(close, 1), 60) + 1e-5) + decay_linear(volume, 60) + ts_rank(vwap, 60))
[reward_only] iter 29/50 [OK ] reward= -1.8350  cs_rank(delta(close, 60) / (stddev(delta(close, 1), 60) + 1e-5) + decay_linear(volume, 60))
[reward_only] iter 30/50 [OK ] reward= -1.9350  cs_rank(delta(close, 60) / (stddev(delta(close, 1), 60) + 1e-5) + decay_linear(volume, 60) + ts_rank(close, 60))
[reward_only] iter 31/50 [OK ] reward= -1.8350  cs_rank(delta(close, 60) / (stddev(delta(close, 1), 60) + 1e-5) + decay_linear(volume, 60))
[reward_only] iter 32/50 [OK ] reward= -1.9350  cs_rank(delta(close, 60) / (stddev(delta(close, 1), 60) + 1e-5) + decay_linear(volume, 60) + ts_rank(vwap, 60))
[reward_only] iter 33/50 [OK ] reward= -1.8350  cs_rank(delta(close, 60) / (stddev(delta(close, 1), 60) + 1e-5) + decay_linear(volume, 60))
[reward_only] iter 34/50 [OK ] reward= -1.9350  cs_rank(delta(close, 60) / (stddev(delta(close, 1), 60) + 1e-5) + decay_linear(volume, 60) + ts_rank(vwap, 60))
[reward_only] iter 35/50 [OK ] reward= -1.8350  cs_rank(delta(close, 60) / (stddev(delta(close, 1), 60) + 1e-5) + decay_linear(volume, 60))
[reward_only] iter 36/50 [OK ] reward= -1.9850  cs_rank(delta(close, 60) / (stddev(delta(close, 1), 60) + 1e-5) + decay_linear(volume, 60) + cs_rank(vwap - close))
[reward_only] iter 37/50 [OK ] reward= -1.8350  cs_rank(delta(close, 60) / (stddev(delta(close, 1), 60) + 1e-5) + decay_linear(volume, 60))
[reward_only] iter 38/50 [OK ] reward= -1.9350  cs_rank(delta(close, 60) / (stddev(delta(close, 1), 60) + 1e-5) + decay_linear(volume, 60) + ts_rank(close, 60))
[reward_only] iter 39/50 [OK ] reward= -1.8350  cs_rank(delta(close, 60) / (stddev(delta(close, 1), 60) + 1e-5) + decay_linear(volume, 60))
[reward_only] iter 40/50 [OK ] reward= -1.9350  cs_rank(delta(close, 60) / (stddev(delta(close, 1), 60) + 1e-5) + decay_linear(volume, 60) + zscore(vwap, 60))
[reward_only] iter 41/50 [OK ] reward= -1.8350  cs_rank(delta(close, 60) / (stddev(delta(close, 1), 60) + 1e-5) + decay_linear(volume, 60))
[reward_only] iter 42/50 [OK ] reward= -1.9350  cs_rank(delta(close, 60) / (stddev(delta(close, 1), 60) + 1e-5) + decay_linear(volume, 60) + ts_rank(vwap, 60))
[reward_only] iter 43/50 [OK ] reward= -1.8350  cs_rank(delta(close, 60) / (stddev(delta(close, 1), 60) + 1e-5) + decay_linear(volume, 60))
[reward_only] iter 44/50 [OK ] reward= -1.9350  cs_rank(delta(close, 60) / (stddev(delta(close, 1), 60) + 1e-5) + decay_linear(volume, 60) + ts_rank(vwap, 60))
[reward_only] iter 45/50 [OK ] reward= -1.8350  cs_rank(delta(close, 60) / (stddev(delta(close, 1), 60) + 1e-5) + decay_linear(volume, 60))
[reward_only] iter 46/50 [OK ] reward= -1.9350  cs_rank(delta(close, 60) / (stddev(delta(close, 1), 60) + 1e-5) + decay_linear(volume, 60) + zscore(vwap, 60))
[reward_only] iter 47/50 [OK ] reward= -1.8350  cs_rank(delta(close, 60) / (stddev(delta(close, 1), 60) + 1e-5) + decay_linear(volume, 60))
[reward_only] iter 48/50 [OK ] reward= -1.9350  cs_rank(delta(close, 60) / (stddev(delta(close, 1), 60) + 1e-5) + decay_linear(volume, 60) + ts_rank(vwap, 60))
[reward_only] iter 49/50 [OK ] reward= -1.8350  cs_rank(delta(close, 60) / (stddev(delta(close, 1), 60) + 1e-5) + decay_linear(volume, 60))
[reward_only] iter 50/50 [OK ] reward= -1.9350  cs_rank(delta(close, 60) / (stddev(delta(close, 1), 60) + 1e-5) + decay_linear(volume, 60) + cs_rank(vwap))
[wfo:reward_only] fold 11 winner: cs_rank(delta(close, 60) / (stddev(delta(close, 1), 60) + 1e-5) + decay_linear(volume, 60))
[wfo:reward_only] fold 11 OOS: Gross_IR=0.269 Turnover=5.13 Net_IR=-0.135
[wfo:reward_only] fold 12: train 2013-01-01..2017-12-31 -> test 2018-01-01..2018-12-31
[reward_only] iter  0/50 [SEED] reward=-21.2084  rank(delta(close, 60) / (stddev(delta(close, 1), 60) + 1e-5))
[reward_only] iter  1/50 [ERR] reward=    -inf  cs_rank((close - open) / (vwap - close) + decay_linear(ts_rank(delta(close, 60), 60), 60))
[reward_only] iter  2/50 [OK ] reward=-136.9600  cs_rank((close - open) / (vwap - close + 1e-5)) + cs_rank(delta(close, 60) / (stddev(delta(close, 1), 60) + 1e-5))
[reward_only] iter  3/50 [OK ] reward=-25.5912  cs_rank(delta(close, 60) / (stddev(delta(close, 1), 60) + 1e-5)) + cs_rank(volume / (vwap + 1e-5))
[reward_only] iter  4/50 [OK ] reward=-24.9340  rank(delta(close, 60) / (stddev(delta(close, 1), 60) + 1e-5)) * cs_rank(volume / (vwap + 1e-5))
[reward_only] iter  5/50 [OK ] reward=-21.2084  rank(delta(close, 60) / (stddev(delta(close, 1), 60) + 1e-5))
[reward_only] iter  6/50 [OK ] reward=-32.7467  rank(delta(close, 60) / (stddev(delta(close, 1), 60) + 1e-5)) * cs_rank(volume)
[reward_only] iter  7/50 [OK ] reward=-16.2037  rank(delta(close, 60) / (stddev(delta(close, 1), 60) + 1e-5)) * decay_linear(cs_rank(volume), 20)
[reward_only] iter  8/50 [OK ] reward=-32.7467  rank(delta(close, 60) / (stddev(delta(close, 1), 60) + 1e-5)) * cs_rank(volume)
[reward_only] iter  9/50 [OK ] reward=-17.1100  rank(delta(close, 60) / (stddev(delta(close, 1), 60) + 1e-5)) * decay_linear(cs_rank(volume), 20) * cs_rank(vwap)
[reward_only] iter 10/50 [OK ] reward=-16.2037  rank(delta(close, 60) / (stddev(delta(close, 1), 60) + 1e-5)) * decay_linear(cs_rank(volume), 20)
[reward_only] iter 11/50 [OK ] reward=-32.7467  rank(delta(close, 60) / (stddev(delta(close, 1), 60) + 1e-5)) * cs_rank(volume)
[reward_only] iter 12/50 [OK ] reward=-30.4085  rank(delta(close, 60) / (stddev(delta(close, 1), 60) + 1e-5)) * decay_linear(ts_rank(volume, 20), 10)
[reward_only] iter 13/50 [OK ] reward=-16.2037  rank(delta(close, 60) / (stddev(delta(close, 1), 60) + 1e-5)) * decay_linear(cs_rank(volume), 20)
[reward_only] iter 14/50 [OK ] reward=-32.7467  rank(delta(close, 60) / (stddev(delta(close, 1), 60) + 1e-5)) * cs_rank(volume)
[reward_only] iter 15/50 [OK ] reward=-61.7716  rank(delta(close, 60) / (stddev(delta(close, 1), 60) + 1e-5)) * decay_linear(cs_rank(volume), 20) * cs_rank(high - low)
[reward_only] iter 16/50 [OK ] reward=-16.2037  rank(delta(close, 60) / (stddev(delta(close, 1), 60) + 1e-5)) * decay_linear(cs_rank(volume), 20)
[reward_only] iter 17/50 [OK ] reward=-32.7467  rank(delta(close, 60) / (stddev(delta(close, 1), 60) + 1e-5)) * cs_rank(volume)
[reward_only] iter 18/50 [OK ] reward=-39.0915  rank(delta(close, 60) / (stddev(delta(close, 1), 60) + 1e-5)) * decay_linear(cs_rank(volume), 20) * ts_rank(close, 20)
[reward_only] iter 19/50 [OK ] reward=-17.1100  rank(delta(close, 60) / (stddev(delta(close, 1), 60) + 1e-5)) * decay_linear(cs_rank(volume), 20) * cs_rank(vwap)
[reward_only] iter 20/50 [OK ] reward=-16.2037  rank(delta(close, 60) / (stddev(delta(close, 1), 60) + 1e-5)) * decay_linear(cs_rank(volume), 20)
[reward_only] iter 21/50 [OK ] reward=-32.7467  rank(delta(close, 60) / (stddev(delta(close, 1), 60) + 1e-5)) * cs_rank(volume)
[reward_only] iter 22/50 [OK ] reward=-17.3260  rank(delta(close, 60) / (stddev(delta(close, 1), 60) + 1e-5)) * decay_linear(cs_rank(volume), 20) * cs_rank(close)
[reward_only] iter 23/50 [OK ] reward=-16.2037  rank(delta(close, 60) / (stddev(delta(close, 1), 60) + 1e-5)) * decay_linear(cs_rank(volume), 20)
[reward_only] iter 24/50 [OK ] reward=-32.7467  rank(delta(close, 60) / (stddev(delta(close, 1), 60) + 1e-5)) * cs_rank(volume)
[reward_only] iter 25/50 [OK ] reward=-17.3260  rank(delta(close, 60) / (stddev(delta(close, 1), 60) + 1e-5)) * decay_linear(cs_rank(volume), 20) * cs_rank(close)
[reward_only] iter 26/50 [OK ] reward=-16.2037  rank(delta(close, 60) / (stddev(delta(close, 1), 60) + 1e-5)) * decay_linear(cs_rank(volume), 20)
[reward_only] iter 27/50 [OK ] reward=-32.7467  rank(delta(close, 60) / (stddev(delta(close, 1), 60) + 1e-5)) * cs_rank(volume)
[reward_only] iter 28/50 [OK ] reward=-17.1100  rank(delta(close, 60) / (stddev(delta(close, 1), 60) + 1e-5)) * decay_linear(cs_rank(volume), 20) * cs_rank(vwap)
[reward_only] iter 29/50 [OK ] reward= -9.6674  rank(delta(close, 60) / (stddev(delta(close, 1), 60) + 1e-5)) * decay_linear(volume, 20)
[reward_only] iter 30/50 [OK ] reward=-27.7812  rank(delta(close, 60) / (stddev(delta(close, 1), 60) + 1e-5)) * decay_linear(volume, 20) * ts_rank(close, 20)
[reward_only] iter 31/50 [OK ] reward= -9.6674  rank(delta(close, 60) / (stddev(delta(close, 1), 60) + 1e-5)) * decay_linear(volume, 20)
[reward_only] iter 32/50 [OK ] reward=-27.7812  cs_rank(delta(close, 60) / (stddev(delta(close, 1), 60) + 1e-5)) * decay_linear(volume, 20) * ts_rank(close, 20)
[reward_only] iter 33/50 [OK ] reward= -9.6674  rank(delta(close, 60) / (stddev(delta(close, 1), 60) + 1e-5)) * decay_linear(volume, 20)
[reward_only] iter 34/50 [OK ] reward=-27.7812  rank(delta(close, 60) / (stddev(delta(close, 1), 60) + 1e-5)) * decay_linear(volume, 20) * ts_rank(close, 20)
[reward_only] iter 35/50 [OK ] reward= -9.6674  rank(delta(close, 60) / (stddev(delta(close, 1), 60) + 1e-5)) * decay_linear(volume, 20)
[reward_only] iter 36/50 [OK ] reward=-15.0064  rank(delta(close, 60) / (stddev(delta(close, 1), 60) + 1e-5)) * decay_linear(volume, 20) * cs_rank(vwap)
[reward_only] iter 37/50 [OK ] reward= -9.6674  rank(delta(close, 60) / (stddev(delta(close, 1), 60) + 1e-5)) * decay_linear(volume, 20)
[reward_only] iter 38/50 [OK ] reward=-82.0568  cs_rank((close - open) / (stddev(close, 60) + 1e-5)) * decay_linear(volume, 20)
[reward_only] iter 39/50 [OK ] reward=-75.5195  rank(delta(close, 60) / (stddev(delta(close, 1), 60) + 1e-5)) * decay_linear(volume, 20) * cs_rank((close - open) / (stddev(close, 60) + 1e-5))
[reward_only] iter 40/50 [OK ] reward= -9.6674  rank(delta(close, 60) / (stddev(delta(close, 1), 60) + 1e-5)) * decay_linear(volume, 20)
[reward_only] iter 41/50 [OK ] reward=-15.0064  rank(delta(close, 60) / (stddev(delta(close, 1), 60) + 1e-5)) * decay_linear(volume, 20) * cs_rank(vwap)
[reward_only] iter 42/50 [ERR] reward=    -inf  rank(delta(close, 60) / (stddev(delta(close, 1), 60) + 1e-5)) * decay_linear(volume, 20) * cs_rank(vwap / close)
[reward_only] iter 43/50 [OK ] reward=-80.6170  rank(delta(close, 60) / (stddev(delta(close, 1), 60) + 1e-5)) * decay_linear(volume, 20) * cs_rank(vwap / (close + 1e-5))
[reward_only] iter 44/50 [OK ] reward=-81.2407  rank(delta(close, 60) / (stddev(delta(close, 1), 60) + 1e-5)) * decay_linear(volume, 20) * cs_rank(close / (vwap + 1e-5))
[reward_only] iter 45/50 [OK ] reward= -9.6674  rank(delta(close, 60) / (stddev(delta(close, 1), 60) + 1e-5)) * decay_linear(volume, 20)
[reward_only] iter 46/50 [OK ] reward=-15.0064  rank(delta(close, 60) / (stddev(delta(close, 1), 60) + 1e-5)) * decay_linear(volume, 20) * cs_rank(vwap)
[reward_only] iter 47/50 [ERR] reward=    -inf  rank(delta(close, 60) / (stddev(delta(close, 1), 60) + 1e-5)) * decay_linear(volume, 20) * cs_rank(vwap / volume)
[reward_only] iter 48/50 [OK ] reward=-33.1821  rank(delta(close, 60) / (stddev(delta(close, 1), 60) + 1e-5)) * decay_linear(volume, 20) * cs_rank(vwap / (volume + 1e-5))
[reward_only] iter 49/50 [OK ] reward= -9.6674  rank(delta(close, 60) / (stddev(delta(close, 1), 60) + 1e-5)) * decay_linear(volume, 20)
[reward_only] iter 50/50 [OK ] reward=-14.8108  cs_rank(delta(close, 60) / (stddev(delta(close, 1), 60) + 1e-5)) * decay_linear(volume, 20) * ts_rank(vwap, 60)
[wfo:reward_only] fold 12 winner: rank(delta(close, 60) / (stddev(delta(close, 1), 60) + 1e-5)) * decay_linear(volume, 20)
[wfo:reward_only] fold 12 OOS: Gross_IR=0.266 Turnover=18.49 Net_IR=-0.171
[wfo:reward_only] fold 13: train 2014-01-01..2018-12-31 -> test 2019-01-01..2019-12-31
[reward_only] iter  0/50 [SEED] reward=-21.1642  rank(delta(close, 60) / (stddev(delta(close, 1), 60) + 1e-5))
[reward_only] iter  1/50 [OK ] reward= -5.5605  rank(delta(close, 60) / (stddev(delta(close, 1), 60) + 1e-5) + decay_linear(vwap, 60))
[reward_only] iter  2/50 [OK ] reward= -2.4634  cs_rank((high - low) / (vwap + 1e-5) + decay_linear(close, 60))
[reward_only] iter  3/50 [OK ] reward= -2.3635  cs_rank((close - open) / (vwap + 1e-5) + decay_linear(volume, 60))
[reward_only] iter  4/50 [OK ] reward= -2.3635  cs_rank((close - open) / (vwap + 1e-5) + decay_linear(volume, 60) + ts_rank(close, 60))
[reward_only] iter  5/50 [OK ] reward= -2.3635  cs_rank((close - open) / (vwap + 1e-5) + decay_linear(volume, 60) + zscore(close, 60))
[reward_only] iter  6/50 [OK ] reward= -2.3635  cs_rank((close - open) / (vwap + 1e-5) + decay_linear(volume, 60) + ts_rank(close, 60))
[reward_only] iter  7/50 [OK ] reward= -2.3634  cs_rank((close - open) / (vwap + 1e-5) + decay_linear(volume, 60) - zscore(close, 60))
[reward_only] iter  8/50 [OK ] reward= -2.5134  cs_rank((close - open) / (vwap + 1e-5) + decay_linear(volume, 60) - zscore(close, 60) + ts_rank(high - low, 30))
[reward_only] iter  9/50 [OK ] reward= -2.3634  cs_rank((close - open) / (vwap + 1e-5) + decay_linear(volume, 60) - zscore(close, 60))
[reward_only] iter 10/50 [OK ] reward= -2.5134  cs_rank((close - open) / (vwap + 1e-5) + decay_linear(volume, 60) - zscore(close, 60) + ts_rank(high - low, 20))
[reward_only] iter 11/50 [OK ] reward= -2.3634  cs_rank((close - open) / (vwap + 1e-5) + decay_linear(volume, 60) - zscore(close, 60))
[reward_only] iter 12/50 [OK ] reward= -2.5134  cs_rank((close - open) / (vwap + 1e-5) + decay_linear(volume, 60) - zscore(close, 60) + cs_rank(high - low))
[reward_only] iter 13/50 [OK ] reward= -2.3634  cs_rank((close - open) / (vwap + 1e-5) + decay_linear(volume, 60) - zscore(close, 60))
[reward_only] iter 14/50 [OK ] reward= -2.5134  cs_rank((close - open) / (vwap + 1e-5) + decay_linear(volume, 60) - zscore(close, 60) + ts_rank(high - low, 20))
[reward_only] iter 15/50 [OK ] reward= -2.3634  cs_rank((close - open) / (vwap + 1e-5) + decay_linear(volume, 60) - zscore(close, 60))
[reward_only] iter 16/50 [OK ] reward= -2.3634  cs_rank((close - open) / (vwap + 1e-5) + decay_linear(volume, 60) - ts_rank(close, 60))
[reward_only] iter 17/50 [OK ] reward= -2.4634  cs_rank((close - open) / (vwap + 1e-5) + decay_linear(volume, 60) - zscore(close, 60) * cs_rank(vwap))
[reward_only] iter 18/50 [OK ] reward= -2.3634  cs_rank((close - open) / (vwap + 1e-5) + decay_linear(volume, 60) - zscore(close, 60))
[reward_only] iter 19/50 [OK ] reward= -2.4634  cs_rank((close - open) / (vwap + 1e-5) + decay_linear(volume, 60) - zscore(close, 60) + ts_rank(close, 60))
[reward_only] iter 20/50 [OK ] reward= -2.3634  cs_rank((close - open) / (vwap + 1e-5) + decay_linear(volume, 60) - zscore(close, 60))
[reward_only] iter 21/50 [OK ] reward= -2.5134  cs_rank((close - open) / (vwap + 1e-5) + decay_linear(volume, 60) - zscore(close, 60) + ts_rank(high - low, 20))
[reward_only] iter 22/50 [OK ] reward= -2.3634  cs_rank((close - open) / (vwap + 1e-5) + decay_linear(volume, 60) - zscore(close, 60))
[reward_only] iter 23/50 [OK ] reward= -2.5134  cs_rank((close - open) / (vwap + 1e-5) + decay_linear(volume, 60) - zscore(close, 60) + ts_rank(high - low, 20))
[reward_only] iter 24/50 [OK ] reward= -2.3634  cs_rank((close - open) / (vwap + 1e-5) + decay_linear(volume, 60) - zscore(close, 60))
[reward_only] iter 25/50 [OK ] reward= -2.5634  cs_rank((close - open) / (vwap + 1e-5) + decay_linear(volume, 60) - zscore(close, 60) + cs_rank(close - sma(close, 60)))
[reward_only] iter 26/50 [OK ] reward= -2.5136  cs_rank((close - open) / (vwap + 1e-5) + decay_linear(volume, 60) - zscore(close, 60) + (close - sma(close, 60)))
[reward_only] iter 27/50 [OK ] reward= -2.3634  cs_rank((close - open) / (vwap + 1e-5) + decay_linear(volume, 60) - zscore(close, 60))
[reward_only] iter 28/50 [OK ] reward= -2.4634  cs_rank((close - open) / (vwap + 1e-5) + decay_linear(volume, 60) - zscore(close, 60) + ts_rank(close, 20))
[reward_only] iter 29/50 [OK ] reward= -2.3634  cs_rank((close - open) / (vwap + 1e-5) + decay_linear(volume, 60) - zscore(close, 60))
[reward_only] iter 30/50 [OK ] reward= -2.4634  cs_rank((close - open) / (vwap + 1e-5) + decay_linear(volume, 60) - zscore(close, 60) + ts_rank(high, 60))
[reward_only] iter 31/50 [OK ] reward= -2.3634  cs_rank((close - open) / (vwap + 1e-5) + decay_linear(volume, 60) - zscore(close, 60))
[reward_only] iter 32/50 [OK ] reward= -2.5134  cs_rank((close - open) / (vwap + 1e-5) + decay_linear(volume, 60) - zscore(close, 60) + cs_rank(high - low))
[reward_only] iter 33/50 [OK ] reward= -2.3634  cs_rank((close - open) / (vwap + 1e-5) + decay_linear(volume, 60) - zscore(close, 60))
[reward_only] iter 34/50 [OK ] reward= -2.5134  cs_rank((close - open) / (vwap + 1e-5) + decay_linear(volume, 60) - zscore(close, 60) + cs_rank(high - low))
[reward_only] iter 35/50 [OK ] reward= -2.3634  cs_rank((close - open) / (vwap + 1e-5) + decay_linear(volume, 60) - zscore(close, 60))
[reward_only] iter 36/50 [OK ] reward= -2.5134  cs_rank((close - open) / (vwap + 1e-5) + decay_linear(volume, 60) - zscore(close, 60) + ts_rank(high - low, 20))
[reward_only] iter 37/50 [OK ] reward= -2.3634  cs_rank((close - open) / (vwap + 1e-5) + decay_linear(volume, 60) - zscore(close, 60))
[reward_only] iter 38/50 [OK ] reward= -2.4634  cs_rank((close - open) / (vwap + 1e-5) + decay_linear(volume, 60) - zscore(close, 60) + ts_rank(close, 60))
[reward_only] iter 39/50 [OK ] reward= -2.3634  cs_rank((close - open) / (vwap + 1e-5) + decay_linear(volume, 60) - zscore(close, 60))
[reward_only] iter 40/50 [OK ] reward= -2.3634  cs_rank((close - open) / (vwap + 1e-5) + decay_linear(volume, 60) - ts_rank(close, 60))
[reward_only] iter 41/50 [OK ] reward= -2.4634  cs_rank((close - open) / (vwap + 1e-5) + decay_linear(volume, 60) - zscore(close, 60) + ts_rank(high, 60))
[reward_only] iter 42/50 [OK ] reward= -2.3634  cs_rank((close - open) / (vwap + 1e-5) + decay_linear(volume, 60) - zscore(close, 60))
[reward_only] iter 43/50 [OK ] reward= -2.4633  cs_rank((close - open) / (vwap + 1e-5) + decay_linear(volume, 60) - zscore(close, 60) + sma(close, 20))
[reward_only] iter 44/50 [OK ] reward= -2.3634  cs_rank((close - open) / (vwap + 1e-5) + decay_linear(volume, 60) - zscore(close, 60))
[reward_only] iter 45/50 [OK ] reward= -2.4634  cs_rank((close - open) / (vwap + 1e-5) + decay_linear(volume, 60) - zscore(close, 60) + ts_rank(close, 60))
[reward_only] iter 46/50 [OK ] reward= -2.3634  cs_rank((close - open) / (vwap + 1e-5) + decay_linear(volume, 60) - zscore(close, 60))
[reward_only] iter 47/50 [OK ] reward= -2.5134  cs_rank((close - open) / (vwap + 1e-5) + decay_linear(volume, 60) - zscore(close, 60) + cs_rank(high - low))
[reward_only] iter 48/50 [OK ] reward= -2.3634  cs_rank((close - open) / (vwap + 1e-5) + decay_linear(volume, 60) - zscore(close, 60))
[reward_only] iter 49/50 [OK ] reward= -2.5134  cs_rank((close - open) / (vwap + 1e-5) + decay_linear(volume, 60) - zscore(close, 60) + cs_rank(close - low))
[reward_only] iter 50/50 [OK ] reward= -2.4634  cs_rank((close - open) / (vwap + 1e-5) + decay_linear(volume, 60) - zscore(close, 60) + (close - low))
[wfo:reward_only] fold 13 winner: cs_rank((close - open) / (vwap + 1e-5) + decay_linear(volume, 60) - zscore(close, 60))
[wfo:reward_only] fold 13 OOS: Gross_IR=1.298 Turnover=4.90 Net_IR=1.003
[wfo:reward_only] fold 14: train 2015-01-01..2019-12-31 -> test 2020-01-01..2020-12-31
[reward_only] iter  0/50 [SEED] reward=-21.7289  rank(delta(close, 60) / (stddev(delta(close, 1), 60) + 1e-5))
[reward_only] iter  1/50 [ERR] reward=    -inf  cs_rank(close / vwap) * cs_rank(delta(close, 60) / (stddev(delta(close, 1), 60) + 1e-5))
[reward_only] iter  2/50 [OK ] reward=-124.4459  cs_rank(delta(close, 60) / (stddev(delta(close, 1), 60) + 1e-5)) * cs_rank(close / (vwap + 1e-5))
[reward_only] iter  3/50 [OK ] reward=-21.7289  rank(delta(close, 60) / (stddev(delta(close, 1), 60) + 1e-5))
[reward_only] iter  4/50 [OK ] reward=-27.2989  rank((delta(close, 60) / (stddev(delta(close, 1), 60) + 1e-5)) * cs_rank(volume))
[reward_only] iter  5/50 [OK ] reward=-59.7870  rank(delta(close, 60) / (stddev(delta(close, 1), 60) + 1e-5)) * cs_rank(volume / (stddev(volume, 60) + 1e-5))
[reward_only] iter  6/50 [OK ] reward=-59.7870  rank(delta(close, 60) / (stddev(delta(close, 1), 60) + 1e-5)) * cs_rank(volume / (stddev(volume, 60) + 1e-5))
[reward_only] iter  7/50 [OK ] reward=-59.7870  rank(delta(close, 60) / (stddev(delta(close, 1), 60) + 1e-5)) * cs_rank(volume / (stddev(volume, 60) + 1e-5))
[reward_only] iter  8/50 [OK ] reward=-63.6896  rank(delta(close, 60) / (stddev(delta(close, 1), 60) + 1e-5)) + cs_rank(volume / (stddev(volume, 60) + 1e-5))
[reward_only] iter  9/50 [OK ] reward=-92.3966  cs_rank(delta(close, 60) / (stddev(delta(close, 1), 60) + 1e-5)) + ts_rank(volume, 60)
[reward_only] iter 10/50 [ERR] reward=    -inf  cs_rank(delta(close, 60) / (stddev(delta(close, 1), 60) + 1e-5)) + cs_rank(log(volume / sma(volume, 60)))
[reward_only] iter 11/50 [ERR] reward=    -inf  rank(delta(close, 60) / (stddev(delta(close, 1), 60) + 1e-5)) + rank(log(volume / sma(volume, 60)))
[reward_only] iter 12/50 [OK ] reward=-94.0312  cs_rank(delta(close, 60) / (stddev(delta(close, 1), 60) + 1e-5)) + cs_rank(log(volume / (sma(volume, 60) + 1e-5)))
[reward_only] iter 13/50 [OK ] reward=-93.9812  cs_rank(delta(close, 60) / (stddev(delta(close, 1), 60) + 1e-5)) + cs_rank(volume / (sma(volume, 60) + 1e-5))
[reward_only] iter 14/50 [OK ] reward=-52.4072  cs_rank(delta(close, 60) / (stddev(delta(close, 1), 60) + 1e-5)) + cs_rank(volume / (cs_rank(volume) + 1e-5))
[reward_only] iter 15/50 [OK ] reward=-21.7289  cs_rank(delta(close, 60) / (stddev(delta(close, 1), 60) + 1e-5))
[reward_only] iter 16/50 [ERR] reward=    -inf  cs_rank(delta(close, 60) / (stddev(delta(close, 1), 60) + 1e-5) + cs_rank(volume / sma(volume, 60)))
[reward_only] iter 17/50 [OK ] reward=-93.9812  cs_rank(delta(close, 60) / (stddev(delta(close, 1), 60) + 1e-5)) + cs_rank(volume / (sma(volume, 60) + 1e-5))
[reward_only] iter 18/50 [OK ] reward=-93.9812  rank(delta(close, 60) / (stddev(delta(close, 1), 60) + 1e-5)) + rank(volume / (sma(volume, 60) + 1e-5))
[reward_only] iter 19/50 [OK ] reward=-52.4072  rank(delta(close, 60) / (stddev(delta(close, 1), 60) + 1e-5)) + rank(volume / (cs_rank(volume) + 1e-5))
[reward_only] iter 20/50 [OK ] reward=-52.4072  rank(delta(close, 60) / (stddev(delta(close, 1), 60) + 1e-5)) + rank(volume / (cs_rank(volume) + 1e-5))
[reward_only] iter 21/50 [OK ] reward=-21.7289  rank(delta(close, 60) / (stddev(delta(close, 1), 60) + 1e-5))
[reward_only] iter 22/50 [OK ] reward=-21.7420  cs_rank(delta(close, 60) / (stddev(delta(close, 1), 60) + 1e-5) + cs_rank(volume))
[reward_only] iter 23/50 [OK ] reward=-20.9265  cs_rank(delta(close, 60) / (stddev(delta(close, 1), 60) + 1e-5) + cs_rank(vwap - close))
[reward_only] iter 24/50 [ERR] reward=    -inf  cs_rank(delta(close, 60) / (stddev(delta(close, 1), 60) + 1e-5) + cs_rank(vwap - close)) + cs_rank(volume / (close * 1e5))
[reward_only] iter 25/50 [OK ] reward=-21.1449  cs_rank(delta(close, 60) / (stddev(delta(close, 1), 60) + 1e-5) + cs_rank(vwap - close) + cs_rank(volume / (close + 1e-5)))
[reward_only] iter 26/50 [OK ] reward=-20.9265  cs_rank(delta(close, 60) / (stddev(delta(close, 1), 60) + 1e-5) + cs_rank(vwap - close))
[reward_only] iter 27/50 [OK ] reward=-134.1718  cs_rank(delta(close, 60) / (stddev(delta(close, 1), 60) + 1e-5)) + cs_rank(vwap - close)
[reward_only] iter 28/50 [OK ] reward=-134.1718  cs_rank(delta(close, 60) / (stddev(delta(close, 1), 60) + 1e-5)) + cs_rank(vwap - close)
[reward_only] iter 29/50 [OK ] reward=-134.1718  cs_rank(delta(close, 60) / (stddev(delta(close, 1), 60) + 1e-5)) + cs_rank(vwap - close)
[reward_only] iter 30/50 [OK ] reward=-134.1718  cs_rank(delta(close, 60) / (stddev(delta(close, 1), 60) + 1e-5)) + cs_rank(vwap - close)
[reward_only] iter 31/50 [OK ] reward=-134.1718  cs_rank(delta(close, 60) / (stddev(delta(close, 1), 60) + 1e-5)) + cs_rank(vwap - close)
[reward_only] iter 32/50 [OK ] reward=-134.1718  cs_rank(delta(close, 60) / (stddev(delta(close, 1), 60) + 1e-5)) + cs_rank(vwap - close)
[reward_only] iter 33/50 [OK ] reward=-137.5967  cs_rank(delta(close, 60) / (stddev(delta(close, 1), 60) + 1e-5)) + cs_rank((vwap - close) / (close + 1e-5))
[reward_only] iter 34/50 [OK ] reward=-20.9265  cs_rank(delta(close, 60) / (stddev(delta(close, 1), 60) + 1e-5) + cs_rank(vwap - close))
[reward_only] iter 35/50 [OK ] reward=-21.7289  cs_rank(delta(close, 60) / (stddev(delta(close, 1), 60) + 1e-5))
[reward_only] iter 36/50 [OK ] reward=-21.8140  cs_rank(delta(close, 60) / (stddev(delta(close, 1), 60) + 1e-5) + cs_rank(volume / (vwap + 1e-5)))
[reward_only] iter 37/50 [OK ] reward=-20.9265  cs_rank(delta(close, 60) / (stddev(delta(close, 1), 60) + 1e-5) + cs_rank(vwap - close))
[reward_only] iter 38/50 [OK ] reward=-20.9265  cs_rank(delta(close, 60) / (stddev(delta(close, 1), 60) + 1e-5) + cs_rank(vwap - close))
[reward_only] iter 39/50 [OK ] reward=-20.9265  cs_rank(delta(close, 60) / (stddev(delta(close, 1), 60) + 1e-5) + cs_rank(vwap - close))
[reward_only] iter 40/50 [OK ] reward=-134.1718  cs_rank(delta(close, 60) / (stddev(delta(close, 1), 60) + 1e-5)) + cs_rank(vwap - close)
[reward_only] iter 41/50 [OK ] reward=-134.1718  cs_rank(delta(close, 60) / (stddev(delta(close, 1), 60) + 1e-5)) + cs_rank(vwap - close)
[reward_only] iter 42/50 [OK ] reward=-134.1718  cs_rank(delta(close, 60) / (stddev(delta(close, 1), 60) + 1e-5)) + cs_rank(vwap - close)
[reward_only] iter 43/50 [OK ] reward=-21.7289  cs_rank(delta(close, 60) / (stddev(delta(close, 1), 60) + 1e-5))
[reward_only] iter 44/50 [OK ] reward=-21.8140  cs_rank(delta(close, 60) / (stddev(delta(close, 1), 60) + 1e-5) + cs_rank(volume / (vwap + 1e-5)))
[reward_only] iter 45/50 [OK ] reward=-134.1718  cs_rank(delta(close, 60) / (stddev(delta(close, 1), 60) + 1e-5)) + cs_rank(vwap - close)
[reward_only] iter 46/50 [OK ] reward=-23.4000  cs_rank(delta(close, 60) / (stddev(delta(close, 1), 60) + 1e-5) + vwap - close)
[reward_only] iter 47/50 [OK ] reward=-21.8716  cs_rank(delta(close, 60) / (stddev(delta(close, 1), 60) + 1e-5) + cs_rank(vwap - close) + cs_rank(volume / (sma(volume, 60) + 1e-5)))
[reward_only] iter 48/50 [OK ] reward=-21.8716  cs_rank(delta(close, 60) / (stddev(delta(close, 1), 60) + 1e-5) + cs_rank(vwap - close) + cs_rank(volume / (sma(volume, 60) + 1e-5)))
[reward_only] iter 49/50 [OK ] reward=-93.9812  cs_rank(delta(close, 60) / (stddev(delta(close, 1), 60) + 1e-5)) + cs_rank(volume / (sma(volume, 60) + 1e-5))
[reward_only] iter 50/50 [OK ] reward=-22.5807  cs_rank(delta(close, 60) / (stddev(delta(close, 1), 60) + 1e-5) + cs_rank(volume / (sma(volume, 60) + 1e-5)))
[wfo:reward_only] fold 14 winner: cs_rank(delta(close, 60) / (stddev(delta(close, 1), 60) + 1e-5) + cs_rank(vwap - close))
[wfo:reward_only] fold 14 OOS: Gross_IR=-0.151 Turnover=44.18 Net_IR=-0.822
[wfo:reward_only] fold 15: train 2016-01-01..2020-12-31 -> test 2021-01-01..2021-12-31
[reward_only] iter  0/50 [SEED] reward=-22.5249  rank(delta(close, 60) / (stddev(delta(close, 1), 60) + 1e-5))
[reward_only] iter  1/50 [OK ] reward=-95.6654  cs_rank(high - low) * cs_rank(volume)
[reward_only] iter  2/50 [OK ] reward=-49.7198  rank(delta(close, 60) / (stddev(delta(close, 1), 60) + 1e-5)) + cs_rank(high - low)
[reward_only] iter  3/50 [OK ] reward=-57.8392  cs_rank(high - low) + ts_rank(delta(close, 60) / (stddev(delta(close, 1), 60) + 1e-5), 60)
[reward_only] iter  4/50 [OK ] reward=-22.5249  rank(delta(close, 60) / (stddev(delta(close, 1), 60) + 1e-5))
[reward_only] iter  5/50 [ERR] reward=    -inf  cs_rank((high - low) / (vwap - close) + (volume / decay_linear(volume, 20)))
[reward_only] iter  6/50 [OK ] reward=-139.2347  rank(delta(close, 60) / (stddev(delta(close, 1), 60) + 1e-5)) + rank((high - low) / (vwap - close + 1e-5))
[reward_only] iter  7/50 [OK ] reward=-181.9022  rank((high - low) / (vwap - close + 1e-5))
[reward_only] iter  8/50 [OK ] reward=-145.9673  rank((high - low) / (vwap - close + 1e-5) + delta(close, 60) / (stddev(delta(close, 1), 60) + 1e-5))
[reward_only] iter  9/50 [OK ] reward=-173.1106  rank((high - low) / (vwap - close + 1e-5) + delta(close, 60) / (stddev(close, 60) + 1e-5))
[reward_only] iter 10/50 [ERR] reward=    -inf  rank((high - low) / (vwap - close + 1e-5) + delta(close, 60) / stddev(close, 60))
[reward_only] iter 11/50 [OK ] reward=-181.9022  cs_rank((high - low) / (vwap - close + 1e-5))
[reward_only] iter 12/50 [OK ] reward=-145.9673  cs_rank(delta(close, 60) / (stddev(delta(close, 1), 60) + 1e-5) + (high - low) / (vwap - close + 1e-5))
[reward_only] iter 13/50 [OK ] reward=-23.2440  rank(delta(close, 60) / (stddev(delta(close, 1), 60) + 1e-5) + ts_rank(volume, 60))
[reward_only] iter 14/50 [OK ] reward=-168.6861  cs_rank(vwap - open) + cs_rank(close - low)
[reward_only] iter 15/50 [ERR] reward=    -inf  cs_rank(close / vwap - 1) + cs_rank(volume / sma(volume, 60))
[reward_only] iter 16/50 [OK ] reward=-95.0317  rank(delta(close, 60) / (stddev(delta(close, 1), 60) + 1e-5)) + cs_rank(volume / (sma(volume, 60) + 1e-5))
[reward_only] iter 17/50 [OK ] reward=-25.1080  rank(delta(close, 60) / (stddev(delta(close, 1), 60) + 1e-5)) + cs_rank(volume / (vwap + 1e-5))
[reward_only] iter 18/50 [OK ] reward=-25.1080  rank(delta(close, 60) / (stddev(delta(close, 1), 60) + 1e-5)) + cs_rank(volume / (vwap + 1e-5))
[reward_only] iter 19/50 [OK ] reward=-25.1080  rank(delta(close, 60) / (stddev(delta(close, 1), 60) + 1e-5)) + cs_rank(volume / (vwap + 1e-5))
[reward_only] iter 20/50 [OK ] reward=-25.1080  rank(delta(close, 60) / (stddev(delta(close, 1), 60) + 1e-5)) + cs_rank(volume / (vwap + 1e-5))
[reward_only] iter 21/50 [OK ] reward=-25.1080  rank(delta(close, 60) / (stddev(delta(close, 1), 60) + 1e-5)) + cs_rank(volume / (vwap + 1e-5))
[reward_only] iter 22/50 [OK ] reward=-25.1080  cs_rank(delta(close, 60) / (stddev(delta(close, 1), 60) + 1e-5)) + cs_rank(volume / (vwap + 1e-5))
[reward_only] iter 23/50 [OK ] reward=-25.1080  rank(delta(close, 60) / (stddev(delta(close, 1), 60) + 1e-5)) + cs_rank(volume / (vwap + 1e-5))
[reward_only] iter 24/50 [OK ] reward=-25.1080  rank(delta(close, 60) / (stddev(delta(close, 1), 60) + 1e-5)) + cs_rank(volume / (vwap + 1e-5))
[reward_only] iter 25/50 [OK ] reward=-25.1080  cs_rank(delta(close, 60) / (stddev(delta(close, 1), 60) + 1e-5)) + cs_rank(volume / (vwap + 1e-5))
[reward_only] iter 26/50 [OK ] reward=-25.1080  cs_rank(delta(close, 60) / (stddev(delta(close, 1), 60) + 1e-5)) + cs_rank(volume / (vwap + 1e-5))
[reward_only] iter 27/50 [OK ] reward=-25.1080  cs_rank(delta(close, 60) / (stddev(delta(close, 1), 60) + 1e-5)) + cs_rank(volume / (vwap + 1e-5))
[reward_only] iter 28/50 [OK ] reward=-25.1080  rank(delta(close, 60) / (stddev(delta(close, 1), 60) + 1e-5)) + rank(volume / (vwap + 1e-5))
[reward_only] iter 29/50 [OK ] reward=-25.1080  rank(delta(close, 60) / (stddev(delta(close, 1), 60) + 1e-5)) + rank(volume / (vwap + 1e-5))
[reward_only] iter 30/50 [OK ] reward=-25.1080  rank(delta(close, 60) / (stddev(delta(close, 1), 60) + 1e-5)) + rank(volume / (vwap + 1e-5))
[reward_only] iter 31/50 [OK ] reward=-25.1080  rank(delta(close, 60) / (stddev(delta(close, 1), 60) + 1e-5)) + cs_rank(volume / (vwap + 1e-5))
[reward_only] iter 32/50 [OK ] reward=-24.0194  rank(delta(close, 60) / (stddev(delta(close, 1), 60) + 1e-5)) * cs_rank(volume / (vwap + 1e-5))
[reward_only] iter 33/50 [OK ] reward=-24.0194  rank(delta(close, 60) / (stddev(delta(close, 1), 60) + 1e-5)) * cs_rank(volume / (vwap + 1e-5))
[reward_only] iter 34/50 [ERR] reward=    -inf  rank(delta(close, 60) / (stddev(delta(close, 1), 60) + 1e-5)) * cs_rank(volume / vwap)
[reward_only] iter 35/50 [ERR] reward=    -inf  rank(delta(close, 60) / (stddev(delta(close, 1), 60) + 1e-5)) * cs_rank(close / vwap)
[reward_only] iter 36/50 [OK ] reward=-126.4122  rank(delta(close, 60) / (stddev(delta(close, 1), 60) + 1e-5)) * cs_rank(close / (vwap + 1e-5))
[reward_only] iter 37/50 [OK ] reward=-25.1080  rank(delta(close, 60) / (stddev(delta(close, 1), 60) + 1e-5)) + cs_rank(volume / (vwap + 1e-5))
[reward_only] iter 38/50 [OK ] reward=-25.1080  rank(delta(close, 60) / (stddev(delta(close, 1), 60) + 1e-5)) + cs_rank(volume / (vwap + 1e-5))
[reward_only] iter 39/50 [OK ] reward=-25.1080  rank(delta(close, 60) / (stddev(delta(close, 1), 60) + 1e-5)) + cs_rank(volume / (vwap + 1e-5))
[reward_only] iter 40/50 [OK ] reward=-25.1080  rank(delta(close, 60) / (stddev(delta(close, 1), 60) + 1e-5)) + cs_rank(volume / (vwap + 1e-5))
[reward_only] iter 41/50 [OK ] reward=-24.0194  rank(delta(close, 60) / (stddev(delta(close, 1), 60) + 1e-5)) * cs_rank(volume / (vwap + 1e-5))
[reward_only] iter 42/50 [OK ] reward=-24.0194  rank(delta(close, 60) / (stddev(delta(close, 1), 60) + 1e-5)) * cs_rank(volume / (vwap + 1e-5))
[reward_only] iter 43/50 [OK ] reward=-30.8897  rank(delta(close, 60) / (stddev(delta(close, 1), 60) + 1e-5)) * cs_rank(volume)
[reward_only] iter 44/50 [OK ] reward=-30.9397  rank(delta(close, 60) / (stddev(delta(close, 1), 60) + 1e-5)) * cs_rank(log(volume))
[reward_only] iter 45/50 [OK ] reward=-32.7686  rank(delta(close, 60) / (stddev(delta(close, 1), 60) + 1e-5)) + cs_rank(log(volume))
[reward_only] iter 46/50 [OK ] reward=-32.7686  rank(delta(close, 60) / (stddev(delta(close, 1), 60) + 1e-5)) + cs_rank(log(volume))
[reward_only] iter 47/50 [OK ] reward=-95.0317  rank(delta(close, 60) / (stddev(delta(close, 1), 60) + 1e-5)) + cs_rank(volume / (sma(volume, 60) + 1e-5))
[reward_only] iter 48/50 [OK ] reward=-22.5249  rank(delta(close, 60) / (stddev(delta(close, 1), 60) + 1e-5))
[reward_only] iter 49/50 [OK ] reward=-62.4097  cs_rank(high - low)
[reward_only] iter 50/50 [OK ] reward=-108.0495  cs_rank(delta(close, 60) / (stddev(delta(close, 1), 60) + 1e-5) * zscore(volume, 60))
[wfo:reward_only] fold 15 winner: rank(delta(close, 60) / (stddev(delta(close, 1), 60) + 1e-5))
[wfo:reward_only] fold 15 OOS: Gross_IR=-0.170 Turnover=42.86 Net_IR=-1.468
[wfo:reward_only] fold 16: train 2017-01-01..2021-12-31 -> test 2022-01-01..2022-12-31
[reward_only] iter  0/50 [SEED] reward=-22.3444  rank(delta(close, 60) / (stddev(delta(close, 1), 60) + 1e-5))
[reward_only] iter  1/50 [OK ] reward=-59.5666  cs_rank(high - low)
[reward_only] iter  2/50 [ERR] reward=    -inf  cs_rank(close / vwap)
[reward_only] iter  3/50 [OK ] reward=-22.3444  cs_rank(delta(close, 60) / (stddev(delta(close, 1), 60) + 1e-5))
[reward_only] iter  4/50 [OK ] reward=-169.1153  rank((close - open) / (volume + 1e-5))
[reward_only] iter  5/50 [OK ] reward=-183.1306  rank((close - open) / (vwap + 1e-5))
[reward_only] iter  6/50 [OK ] reward=-38.5015  rank(delta(close, 20) / (stddev(delta(close, 1), 20) + 1e-5))
[reward_only] iter  7/50 [OK ] reward=-35.6403  rank(delta(close, 60) / (stddev(delta(close, 1), 60) + 1e-5)) + rank(volume / (vwap * stddev(volume, 60) + 1e-5))
[reward_only] iter  8/50 [OK ] reward=-34.4472  rank(delta(close, 60) / (stddev(delta(close, 1), 60) + 1e-5)) * rank(volume / (vwap * stddev(volume, 60) + 1e-5))
[reward_only] iter  9/50 [OK ] reward=-34.4472  rank(delta(close, 60) / (stddev(delta(close, 1), 60) + 1e-5)) * rank(volume / (vwap * stddev(volume, 60) + 1e-5))
[reward_only] iter 10/50 [OK ] reward=-23.3910  rank(delta(close, 60) / (stddev(delta(close, 1), 60) + 1e-5)) * rank(volume / (vwap + 1e-5))
[reward_only] iter 11/50 [OK ] reward=-23.3910  rank(delta(close, 60) / (stddev(delta(close, 1), 60) + 1e-5)) * rank(volume / (vwap + 1e-5))
[reward_only] iter 12/50 [OK ] reward=-23.3910  rank(delta(close, 60) / (stddev(delta(close, 1), 60) + 1e-5)) * rank(volume / (vwap + 1e-5))
[reward_only] iter 13/50 [OK ] reward=-23.3910  rank(delta(close, 60) / (stddev(delta(close, 1), 60) + 1e-5)) * cs_rank(volume / (vwap + 1e-5))
[reward_only] iter 14/50 [OK ] reward=-24.5017  rank(delta(close, 60) / (stddev(delta(close, 1), 60) + 1e-5)) + cs_rank(volume / (vwap + 1e-5))
[reward_only] iter 15/50 [OK ] reward=-24.5017  rank(delta(close, 60) / (stddev(delta(close, 1), 60) + 1e-5)) + cs_rank(volume / (vwap + 1e-5))
[reward_only] iter 16/50 [OK ] reward=-24.5017  rank(delta(close, 60) / (stddev(delta(close, 1), 60) + 1e-5)) + cs_rank(volume / (vwap + 1e-5))
[reward_only] iter 17/50 [OK ] reward=-23.3910  rank(delta(close, 60) / (stddev(delta(close, 1), 60) + 1e-5)) * cs_rank(volume / (vwap + 1e-5))
[reward_only] iter 18/50 [OK ] reward=-23.3910  rank(delta(close, 60) / (stddev(delta(close, 1), 60) + 1e-5)) * cs_rank(volume / (vwap + 1e-5))
[reward_only] iter 19/50 [OK ] reward=-23.3910  rank(delta(close, 60) / (stddev(delta(close, 1), 60) + 1e-5)) * cs_rank(volume / (vwap + 1e-5))
[reward_only] iter 20/50 [OK ] reward=-23.3910  rank(delta(close, 60) / (stddev(delta(close, 1), 60) + 1e-5)) * cs_rank(volume / (vwap + 1e-5))
[reward_only] iter 21/50 [OK ] reward=-125.3937  rank(delta(close, 60) / (stddev(delta(close, 1), 60) + 1e-5)) * cs_rank(vwap / (close + 1e-5))
[reward_only] iter 22/50 [OK ] reward=-137.0467  rank(delta(close, 60) / (stddev(delta(close, 1), 60) + 1e-5)) + cs_rank(vwap / (close + 1e-5))
[reward_only] iter 23/50 [OK ] reward=-22.3444  rank(delta(close, 60) / (stddev(delta(close, 1), 60) + 1e-5))
[reward_only] iter 24/50 [OK ] reward=-38.3446  cs_rank(vwap - sma(close, 20))
[reward_only] iter 25/50 [OK ] reward=-33.2311  rank(delta(close, 60) / (stddev(delta(close, 1), 60) + 1e-5)) + cs_rank(vwap - sma(close, 20))
[reward_only] iter 26/50 [OK ] reward=-135.0601  rank(delta(close, 60) / (stddev(delta(close, 1), 60) + 1e-5)) + cs_rank(vwap - close)
[reward_only] iter 27/50 [OK ] reward=-22.3444  cs_rank(delta(close, 60) / (stddev(delta(close, 1), 60) + 1e-5))
[reward_only] iter 28/50 [OK ] reward=-96.2852  cs_rank(high - low) / (stddev(close, 60) + 1e-5)
[reward_only] iter 29/50 [OK ] reward=-183.8716  cs_rank((close - open) / (vwap - low + 1e-5))
[reward_only] iter 30/50 [OK ] reward=-183.8716  cs_rank((close - open) / (vwap - low + 1e-5))
[reward_only] iter 31/50 [OK ] reward=-137.2517  rank(delta(close, 60) / (stddev(delta(close, 1), 60) + 1e-5)) + cs_rank((close - open) / (vwap - low + 1e-5))
[reward_only] iter 32/50 [OK ] reward=-22.3444  rank(delta(close, 60) / (stddev(delta(close, 1), 60) + 1e-5))
[reward_only] iter 33/50 [ERR] reward=    -inf  rank((close - open) / (high - low) * volume)
[reward_only] iter 34/50 [OK ] reward=-171.3447  cs_rank((close - open) / ((high - low) + 1e-5) * volume)
[reward_only] iter 35/50 [ERR] reward=    -inf  cs_rank(close / vwap - 1)
[reward_only] iter 36/50 [OK ] reward=-22.3444  cs_rank(delta(close, 60) / (stddev(delta(close, 1), 60) + 1e-5))
[reward_only] iter 37/50 [OK ] reward=-183.1267  cs_rank((close - vwap) / (stddev(close - vwap, 60) + 1e-5))
[reward_only] iter 38/50 [ERR] reward=    -inf  rank(delta(close, 60) / (stddev(delta(close, 1), 60) + 1e-5)) * cs_rank(volume / sma(volume, 60))
[reward_only] iter 39/50 [OK ] reward=-88.4854  cs_rank(delta(close, 60) / (stddev(delta(close, 1), 60) + 1e-5)) * cs_rank(volume / (sma(volume, 60) + 1e-5))
[reward_only] iter 40/50 [OK ] reward=-22.3444  rank(delta(close, 60) / (stddev(delta(close, 1), 60) + 1e-5))
[reward_only] iter 41/50 [ERR] reward=    -inf  cs_rank((close - open) / (high - low) + vwap / volume)
[reward_only] iter 42/50 [OK ] reward=-29.6612  rank(delta(close, 60) / (stddev(delta(close, 1), 60) + 1e-5)) * cs_rank(volume)
[reward_only] iter 43/50 [ERR] reward=    -inf  rank(delta(close, 60) / (stddev(delta(close, 1), 60) + 1e-5)) * cs_rank(volume / vwap)
[reward_only] iter 44/50 [ERR] reward=    -inf  rank(delta(close, 60) / (stddev(delta(close, 1), 60) + 1e-5)) * cs_rank(close / vwap)
[reward_only] iter 45/50 [ERR] reward=    -inf  cs_rank(delta(close, 60) / (stddev(delta(close, 1), 60) + 1e-5)) * cs_rank(close / vwap)
[reward_only] iter 46/50 [OK ] reward=-125.7746  rank(delta(close, 60) / (stddev(delta(close, 1), 60) + 1e-5)) * cs_rank(close / (vwap + 1e-5))
[reward_only] iter 47/50 [OK ] reward=-183.3042  cs_rank(close / (vwap + 1e-5))
[reward_only] iter 48/50 [OK ] reward=-23.3910  rank(delta(close, 60) / (stddev(delta(close, 1), 60) + 1e-5)) * rank(volume / (vwap + 1e-5))
[reward_only] iter 49/50 [OK ] reward=-23.3910  rank(delta(close, 60) / (stddev(delta(close, 1), 60) + 1e-5)) * rank(volume / (vwap + 1e-5))
[reward_only] iter 50/50 [OK ] reward=-23.3910  cs_rank(delta(close, 60) / (stddev(delta(close, 1), 60) + 1e-5)) * cs_rank(volume / (vwap + 1e-5))
[wfo:reward_only] fold 16 winner: rank(delta(close, 60) / (stddev(delta(close, 1), 60) + 1e-5))
[wfo:reward_only] fold 16 OOS: Gross_IR=-0.339 Turnover=42.17 Net_IR=-1.368
[wfo:reward_only] fold 17: train 2018-01-01..2022-12-31 -> test 2023-01-01..2023-12-31
[reward_only] iter  0/50 [SEED] reward=-23.1426  rank(delta(close, 60) / (stddev(delta(close, 1), 60) + 1e-5))
[reward_only] iter  1/50 [OK ] reward=-176.6236  cs_rank(close - vwap)
[reward_only] iter  2/50 [ERR] reward=    -inf  cs_rank((close - vwap) / volume)
[reward_only] iter  3/50 [OK ] reward=-127.7713  rank(delta(close, 60) / (stddev(delta(close, 1), 60) + 1e-5)) + rank((close - vwap) / (volume + 1e-5))
[reward_only] iter  4/50 [OK ] reward=-170.6835  cs_rank((close - vwap) / (volume + 1e-5))
[reward_only] iter  5/50 [OK ] reward=-183.2821  cs_rank((close - vwap) / (stddev(close - vwap, 60) + 1e-5))
[reward_only] iter  6/50 [OK ] reward=-182.9506  cs_rank((close - open) / (stddev(close - open, 60) + 1e-5))
[reward_only] iter  7/50 [OK ] reward=-182.9506  cs_rank((close - open) / (stddev(close - open, 60) + 1e-5))
[reward_only] iter  8/50 [OK ] reward=-129.9724  rank((close - open) / (stddev(close - open, 60) + 1e-5)) * rank(delta(close, 60) / (stddev(delta(close, 1), 60) + 1e-5))
[reward_only] iter  9/50 [OK ] reward=-23.1426  rank(delta(close, 60) / (stddev(delta(close, 1), 60) + 1e-5))
[reward_only] iter 10/50 [OK ] reward=-47.8374  cs_rank((close - sma(close, 20)) / (stddev(close, 60) + 1e-5))
[reward_only] iter 11/50 [OK ] reward=-31.9943  rank(delta(close, 30) / (stddev(delta(close, 1), 30) + 1e-5))
[reward_only] iter 12/50 [OK ] reward=-18.8406  rank(volume / (stddev(close, 30) + 1e-5))
[reward_only] iter 13/50 [OK ] reward=-118.2433  rank(volume / (stddev(close, 30) + 1e-5)) * cs_rank(vwap - close)
[reward_only] iter 14/50 [OK ] reward=-27.3977  rank(volume / (stddev(close, 30) + 1e-5)) * decay_linear(cs_rank(vwap - close), 10)
[reward_only] iter 15/50 [OK ] reward=-118.2433  rank(volume / (stddev(close, 30) + 1e-5)) * cs_rank(vwap - close)
[reward_only] iter 16/50 [OK ] reward=-31.6231  rank(volume / (stddev(close, 30) + 1e-5)) * cs_rank(decay_linear(vwap - close, 30))
[reward_only] iter 17/50 [OK ] reward=-33.6106  rank(volume / (stddev(close, 30) + 1e-5)) * cs_rank(decay_linear(vwap - close, 30) / (stddev(close, 30) + 1e-5))
[reward_only] iter 18/50 [OK ] reward=-118.2433  rank(volume / (stddev(close, 30) + 1e-5)) * cs_rank(vwap - close)
[reward_only] iter 19/50 [OK ] reward=-118.2433  rank(volume / (stddev(close, 30) + 1e-5)) * cs_rank(vwap - close)
[reward_only] iter 20/50 [OK ] reward=-118.2433  rank(volume / (stddev(close, 30) + 1e-5)) * cs_rank(vwap - close)
[reward_only] iter 21/50 [OK ] reward=-118.2433  rank(volume / (stddev(close, 30) + 1e-5)) * cs_rank(vwap - close)
[reward_only] iter 22/50 [OK ] reward=-143.4435  rank(volume / (stddev(close, 30) + 1e-5)) * cs_rank(vwap - close) * decay_linear(close, 60)
[reward_only] iter 23/50 [OK ] reward=-118.2433  rank(volume / (stddev(close, 30) + 1e-5)) * cs_rank(vwap - close)
[reward_only] iter 24/50 [OK ] reward=-127.9792  rank(volume / (stddev(close, 30) + 1e-5)) * cs_rank(close - low)
[reward_only] iter 25/50 [OK ] reward=-114.4404  cs_rank(close - low)
[reward_only] iter 26/50 [OK ] reward=-45.4557  cs_rank(close - decay_linear(low, 30))
[reward_only] iter 27/50 [OK ] reward=-28.5744  cs_rank(vwap - decay_linear(close, 60))
[reward_only] iter 28/50 [OK ] reward=-45.5665  cs_rank(close - sma(close, 20))
[reward_only] iter 29/50 [OK ] reward=-53.8601  cs_rank((close - sma(close, 20)) / (stddev(close, 30) + 1e-5))
[reward_only] iter 30/50 [OK ] reward=-106.1478  cs_rank((high - low) / (stddev(close, 30) + 1e-5))
[reward_only] iter 31/50 [OK ] reward=-180.2975  cs_rank((close - open) / (stddev(close, 30) + 1e-5))
[reward_only] iter 32/50 [OK ] reward=-15.1188  cs_rank(close / (stddev(close, 30) + 1e-5))
[reward_only] iter 33/50 [OK ] reward=-180.2975  cs_rank((close - open) / (stddev(close, 30) + 1e-5))
[reward_only] iter 34/50 [OK ] reward=-182.6871  cs_rank((close - open) / (vwap + 1e-5))
[reward_only] iter 35/50 [ERR] reward=    -inf  cs_rank(ts_rank(close, 252) - cs_rank(vwap, 252))
[reward_only] iter 36/50 [OK ] reward=-183.1874  cs_rank((close - vwap) / (stddev(close - vwap, 30) + 1e-5))
[reward_only] iter 37/50 [OK ] reward=-182.7897  cs_rank((close - open) / (stddev(close - open, 30) + 1e-5))
[reward_only] iter 38/50 [OK ] reward=-183.5172  cs_rank((close - open) / (high - low + 1e-5))
[reward_only] iter 39/50 [OK ] reward=-46.4084  cs_rank(close / (sma(close, 20) + 1e-5))
[reward_only] iter 40/50 [OK ] reward=-169.5302  cs_rank((close - open) / (volume + 1e-5))
[reward_only] iter 41/50 [OK ] reward= -8.0184  cs_rank(close / (decay_linear(stddev(close, 30), 60) + 1e-5))
[reward_only] iter 42/50 [ERR] reward=    -inf  cs_rank((high - low) / volume)
[reward_only] iter 43/50 [OK ] reward= -8.7434  cs_rank(close / (decay_linear(stddev(close, 30), 60) + 1e-5) + ts_rank(volume, 60))
[reward_only] iter 44/50 [OK ] reward=-181.6379  cs_rank((close - open) / (decay_linear(stddev(close, 30), 60) + 1e-5))
[reward_only] iter 45/50 [OK ] reward=-128.6873  cs_rank((high - low) / (decay_linear(stddev(close, 30), 60) + 1e-5))
[reward_only] iter 46/50 [OK ] reward=-149.8168  cs_rank(close / (decay_linear(stddev(close, 30), 60) + 1e-5) * cs_rank(vwap - close))
[reward_only] iter 47/50 [OK ] reward=-115.8576  cs_rank(close / (decay_linear(stddev(close, 30), 60) + 1e-5) * zscore(volume, 60))
[reward_only] iter 48/50 [OK ] reward= -8.7434  cs_rank(close / (decay_linear(stddev(close, 30), 60) + 1e-5) + ts_rank(volume, 60))
[reward_only] iter 49/50 [OK ] reward= -7.7174  cs_rank(close / (decay_linear(stddev(close, 30), 60) + 1e-5) - ts_rank(low, 60))
[reward_only] iter 50/50 [OK ] reward=-143.9620  cs_rank((close - open) / (decay_linear(stddev(close, 30), 60) + 1e-5) - ts_rank(low, 60))
[wfo:reward_only] fold 17 winner: cs_rank(close / (decay_linear(stddev(close, 30), 60) + 1e-5) - ts_rank(low, 60))
[wfo:reward_only] fold 17 OOS: Gross_IR=-1.622 Turnover=13.15 Net_IR=-1.985
[wfo:reward_only] fold 18: train 2019-01-01..2023-12-31 -> test 2024-01-01..2024-12-31
[reward_only] iter  0/50 [SEED] reward=-23.4061  rank(delta(close, 60) / (stddev(delta(close, 1), 60) + 1e-5))
[reward_only] iter  1/50 [ERR] reward=    -inf  cs_rank((close - open) / (high - low))
[reward_only] iter  2/50 [OK ] reward=-137.1063  rank(delta(close, 60) / (stddev(delta(close, 1), 60) + 1e-5)) + cs_rank((close - open) / (high - low + 1e-5))
[reward_only] iter  3/50 [OK ] reward=-182.7067  cs_rank((close - open) / (high - low + 1e-5))
[reward_only] iter  4/50 [OK ] reward=-177.9376  cs_rank((close - open) / (high - low + 1e-5) * ts_rank(close, 60))
[reward_only] iter  5/50 [OK ] reward=-176.8839  cs_rank((close - open) / (high - low + 1e-5) * zscore(close, 60))
[reward_only] iter  6/50 [OK ] reward=-36.1006  cs_rank(delta(close, 60) / (stddev(delta(close, 1), 60) + 1e-5)) * zscore(close, 60)
[reward_only] iter  7/50 [OK ] reward=-162.7178  cs_rank((close - open) / (high - low + 1e-5)) * zscore(volume, 60)
[reward_only] iter  8/50 [OK ] reward=-131.0577  cs_rank(delta(close, 60) / (stddev(delta(close, 1), 60) + 1e-5)) * zscore(volume, 60)
[reward_only] iter  9/50 [OK ] reward=-20.8515  cs_rank(delta(close, 60) / (stddev(delta(close, 1), 60) + 1e-5)) * decay_linear(zscore(volume, 60), 60)
[reward_only] iter 10/50 [OK ] reward=-23.4061  cs_rank(delta(close, 60) / (stddev(delta(close, 1), 60) + 1e-5))
[reward_only] iter 11/50 [OK ] reward=-102.2036  cs_rank(close / (vwap + 1e-5)) * decay_linear(zscore(volume, 60), 60)
[reward_only] iter 12/50 [ERR] reward=    -inf  cs_rank(delta(close, 60) / (stddev(delta(close, 1), 60) + 1e-5)) * decay_linear(zscore(volume, 60), 60) * cs_rank(high / low)
[reward_only] iter 13/50 [ERR] reward=    -inf  cs_rank(delta(close, 60) / (stddev(delta(close, 1), 60) + 1e-5)) * decay_linear(zscore(volume, 60), 60) * cs_rank((high + 1e-5) / low)
[reward_only] iter 14/50 [ERR] reward=    -inf  cs_rank(delta(close, 60) / (stddev(delta(close, 1), 60) + 1e-5)) * decay_linear(zscore(volume, 60), 60) * cs_rank((high - low + 1e-5) / low)
[reward_only] iter 15/50 [OK ] reward=-73.7081  cs_rank(delta(close, 60) / (stddev(delta(close, 1), 60) + 1e-5)) * decay_linear(zscore(volume, 60), 60) * cs_rank((high - low + 1e-5) / (low + 1e-5))
[reward_only] iter 16/50 [OK ] reward=-20.8515  cs_rank(delta(close, 60) / (stddev(delta(close, 1), 60) + 1e-5)) * decay_linear(zscore(volume, 60), 60)
[reward_only] iter 17/50 [OK ] reward=-131.0577  cs_rank(delta(close, 60) / (stddev(delta(close, 1), 60) + 1e-5)) * zscore(volume, 60)
[reward_only] iter 18/50 [ERR] reward=    -inf  cs_rank(delta(close, 60) / (stddev(delta(close, 1), 60) + 1e-5)) * decay_linear(zscore(volume, 60), 60) * cs_rank((high - low) / close)
[reward_only] iter 19/50 [ERR] reward=    -inf  cs_rank(delta(close, 60) / (stddev(delta(close, 1), 60) + 1e-5)) * decay_linear(zscore(volume, 60), 60) * cs_rank(((high - low) / close) + 1e-5)
[reward_only] iter 20/50 [ERR] reward=    -inf  cs_rank(delta(close, 60) / (stddev(delta(close, 1), 60) + 1e-5)) * decay_linear(zscore(volume, 60), 60) * cs_rank(((high - low) / close) + 1e-5)
[reward_only] iter 21/50 [ERR] reward=    -inf  cs_rank(delta(close, 60) / (stddev(delta(close, 1), 60) + 1e-5)) * decay_linear(zscore(volume, 60), 60) * cs_rank(((high - low) / close) + cs_rank(close))
[reward_only] iter 22/50 [ERR] reward=    -inf  cs_rank(delta(close, 60) / (stddev(delta(close, 1), 60) + 1e-5)) * decay_linear(zscore(volume, 60), 60) * cs_rank((high - low) / close)
[reward_only] iter 23/50 [OK ] reward=-73.5706  cs_rank(delta(close, 60) / (stddev(delta(close, 1), 60) + 1e-5)) * decay_linear(zscore(volume, 60), 60) * cs_rank((high - low) / (close + 1e-5))
[reward_only] iter 24/50 [OK ] reward=-73.5706  cs_rank(delta(close, 60) / (stddev(delta(close, 1), 60) + 1e-5)) * decay_linear(zscore(volume, 60), 60) * cs_rank((high - low) / (close + 1e-5))
[reward_only] iter 25/50 [OK ] reward=-95.7342  cs_rank(delta(close, 60) / (stddev(delta(close, 1), 60) + 1e-5)) * decay_linear(zscore(volume, 60), 60) * cs_rank(vwap - close)
[reward_only] iter 26/50 [OK ] reward=-95.8344  cs_rank(delta(close, 60) / (stddev(delta(close, 1), 60) + 1e-5)) * decay_linear(zscore(volume, 60), 60) * cs_rank((high + low) / 2 - close)
[reward_only] iter 27/50 [OK ] reward=-20.8515  cs_rank(delta(close, 60) / (stddev(delta(close, 1), 60) + 1e-5)) * decay_linear(zscore(volume, 60), 60)
[reward_only] iter 28/50 [OK ] reward=-23.4061  cs_rank(delta(close, 60) / (stddev(delta(close, 1), 60) + 1e-5))
[reward_only] iter 29/50 [OK ] reward=-100.8089  cs_rank((close - open) / (stddev(close, 60) + 1e-5)) * decay_linear(zscore(volume, 60), 60)
[reward_only] iter 30/50 [OK ] reward=-95.6949  cs_rank(delta(close, 60) / (stddev(delta(close, 1), 60) + 1e-5)) * decay_linear(zscore(volume, 60), 60) * cs_rank((close - open) / (stddev(close, 60) + 1e-5))
[reward_only] iter 31/50 [OK ] reward=-20.8515  cs_rank(delta(close, 60) / (stddev(delta(close, 1), 60) + 1e-5)) * decay_linear(zscore(volume, 60), 60)
[reward_only] iter 32/50 [OK ] reward=-23.4061  cs_rank(delta(close, 60) / (stddev(delta(close, 1), 60) + 1e-5))
[reward_only] iter 33/50 [ERR] reward=    -inf  cs_rank(delta(close, 60) / (stddev(delta(close, 1), 60) + 1e-5)) * cs_rank(volume / sma(volume, 60))
[reward_only] iter 34/50 [ERR] reward=    -inf  cs_rank(delta(close, 60) / (stddev(delta(close, 1), 60) + 1e-5)) * decay_linear(zscore(volume, 60), 60) * cs_rank(close / vwap)
[reward_only] iter 35/50 [OK ] reward=-95.3634  cs_rank(delta(close, 60) / (stddev(delta(close, 1), 60) + 1e-5)) * decay_linear(zscore(volume, 60), 60) * cs_rank(close / (vwap + 1e-5))
[reward_only] iter 36/50 [OK ] reward=-95.3634  cs_rank(delta(close, 60) / (stddev(delta(close, 1), 60) + 1e-5)) * decay_linear(zscore(volume, 60), 60) * cs_rank(close / (vwap + 1e-5))
[reward_only] iter 37/50 [OK ] reward=-20.8515  cs_rank(delta(close, 60) / (stddev(delta(close, 1), 60) + 1e-5)) * decay_linear(zscore(volume, 60), 60)
[reward_only] iter 38/50 [OK ] reward=-131.0577  cs_rank(delta(close, 60) / (stddev(delta(close, 1), 60) + 1e-5)) * zscore(volume, 60)
[reward_only] iter 39/50 [OK ] reward=-95.3951  cs_rank(delta(close, 60) / (stddev(delta(close, 1), 60) + 1e-5)) * decay_linear(zscore(volume, 60), 60) * cs_rank(vwap - open)
[reward_only] iter 40/50 [OK ] reward=-20.8515  cs_rank(delta(close, 60) / (stddev(delta(close, 1), 60) + 1e-5)) * decay_linear(zscore(volume, 60), 60)
[reward_only] iter 41/50 [OK ] reward=-131.0577  cs_rank(delta(close, 60) / (stddev(delta(close, 1), 60) + 1e-5)) * zscore(volume, 60)
[reward_only] iter 42/50 [OK ] reward=-73.5706  cs_rank(delta(close, 60) / (stddev(delta(close, 1), 60) + 1e-5)) * decay_linear(zscore(volume, 60), 60) * cs_rank((high - low) / (close + 1e-5))
[reward_only] iter 43/50 [OK ] reward=-73.5706  cs_rank(delta(close, 60) / (stddev(delta(close, 1), 60) + 1e-5)) * decay_linear(zscore(volume, 60), 60) * cs_rank((high - low) / (close + 1e-5))
[reward_only] iter 44/50 [OK ] reward=-73.5706  cs_rank(delta(close, 60) / (stddev(delta(close, 1), 60) + 1e-5)) * decay_linear(zscore(volume, 60), 60) * cs_rank((high - low) / (close + 1e-5))
[reward_only] iter 45/50 [OK ] reward=-73.5706  cs_rank(delta(close, 60) / (stddev(delta(close, 1), 60) + 1e-5)) * decay_linear(zscore(volume, 60), 60) * cs_rank((high - low) / (close + 1e-5))
[reward_only] iter 46/50 [OK ] reward=-20.8515  cs_rank(delta(close, 60) / (stddev(delta(close, 1), 60) + 1e-5)) * decay_linear(zscore(volume, 60), 60)
[reward_only] iter 47/50 [OK ] reward=-131.0577  cs_rank(delta(close, 60) / (stddev(delta(close, 1), 60) + 1e-5)) * zscore(volume, 60)
[reward_only] iter 48/50 [OK ] reward=-95.7342  cs_rank(delta(close, 60) / (stddev(delta(close, 1), 60) + 1e-5)) * decay_linear(zscore(volume, 60), 60) * cs_rank(vwap - close)
[reward_only] iter 49/50 [OK ] reward=-20.8515  cs_rank(delta(close, 60) / (stddev(delta(close, 1), 60) + 1e-5)) * decay_linear(zscore(volume, 60), 60)
[reward_only] iter 50/50 [OK ] reward=-20.8515  cs_rank(delta(close, 60) / (stddev(delta(close, 1), 60) + 1e-5)) * decay_linear(zscore(volume, 60), 60)
[wfo:reward_only] fold 18 winner: cs_rank(delta(close, 60) / (stddev(delta(close, 1), 60) + 1e-5)) * decay_linear(zscore(volume, 60), 60)
[wfo:reward_only] fold 18 OOS: Gross_IR=-1.000 Turnover=36.68 Net_IR=-2.974
[wfo:reward_only] fold 19: train 2020-01-01..2024-12-31 -> test 2025-01-01..2025-12-31
[reward_only] iter  0/50 [SEED] reward=-22.5900  rank(delta(close, 60) / (stddev(delta(close, 1), 60) + 1e-5))
[reward_only] iter  1/50 [OK ] reward=-17.4864  cs_rank(volume / (vwap + 1e-5))
[reward_only] iter  2/50 [ERR] reward=    -inf  cs_rank(volume / (vwap + 1e-5)) + cs_rank((high - low) / close)
[reward_only] iter  3/50 [OK ] reward=-86.1040  cs_rank(volume / (vwap + 1e-5)) + cs_rank((high - low) / (close + 1e-5))
[reward_only] iter  4/50 [OK ] reward=-127.1699  cs_rank(volume / (vwap + 1e-5)) + cs_rank((high - low) / (close + 1e-5)) + cs_rank(close - open)
[reward_only] iter  5/50 [OK ] reward=-86.1040  cs_rank(volume / (vwap + 1e-5)) + cs_rank((high - low) / (close + 1e-5))
[reward_only] iter  6/50 [OK ] reward=-123.9615  cs_rank(volume / (vwap + 1e-5)) + cs_rank((high - low) / (close + 1e-5)) - cs_rank(close - open)
[reward_only] iter  7/50 [OK ] reward=-86.1040  cs_rank(volume / (vwap + 1e-5)) + cs_rank((high - low) / (close + 1e-5))
[reward_only] iter  8/50 [OK ] reward=-17.0337  cs_rank(volume / (vwap + 1e-5)) + decay_linear(cs_rank((high - low) / (close + 1e-5)), 20)
[reward_only] iter  9/50 [OK ] reward=-129.4689  cs_rank(volume / (vwap + 1e-5)) + ts_rank(cs_rank((high - low) / (close + 1e-5)), 20)
[reward_only] iter 10/50 [OK ] reward=-17.0337  cs_rank(volume / (vwap + 1e-5)) + decay_linear(cs_rank((high - low) / (close + 1e-5)), 20)
[reward_only] iter 11/50 [OK ] reward=-17.0337  cs_rank(volume / (vwap + 1e-5)) + decay_linear(cs_rank((high - low) / (close + 1e-5)), 20)
[reward_only] iter 12/50 [OK ] reward=-117.7132  cs_rank(volume / (vwap + 1e-5)) + ts_rank((high - low) / (close + 1e-5), 20)
[reward_only] iter 13/50 [OK ] reward=-47.0391  cs_rank(volume / (vwap + 1e-5)) + decay_linear(cs_rank((high - low) / (close + 1e-5)), 20) + ts_rank(zscore(close, 20), 20)
[reward_only] iter 14/50 [OK ] reward=-17.0337  cs_rank(volume / (vwap + 1e-5)) + decay_linear(cs_rank((high - low) / (close + 1e-5)), 20)
[reward_only] iter 15/50 [OK ] reward=-17.0337  cs_rank(volume / (vwap + 1e-5)) + decay_linear(cs_rank((high - low) / (close + 1e-5)), 20)
[reward_only] iter 16/50 [OK ] reward=-17.0337  cs_rank(volume / (vwap + 1e-5)) + decay_linear(cs_rank((high - low) / (close + 1e-5)), 20)
[reward_only] iter 17/50 [OK ] reward=-117.7132  cs_rank(volume / (vwap + 1e-5)) + ts_rank((high - low) / (close + 1e-5), 20)
[reward_only] iter 18/50 [OK ] reward=-100.7776  cs_rank(volume / (vwap + 1e-5)) + decay_linear(cs_rank((high - low) / (close + 1e-5)), 20) + ts_rank(close - open, 20)
[reward_only] iter 19/50 [OK ] reward=-17.0337  cs_rank(volume / (vwap + 1e-5)) + decay_linear(cs_rank((high - low) / (close + 1e-5)), 20)
[reward_only] iter 20/50 [OK ] reward=-17.0337  cs_rank(volume / (vwap + 1e-5)) + decay_linear(cs_rank((high - low) / (close + 1e-5)), 20)
[reward_only] iter 21/50 [OK ] reward=-17.0337  cs_rank(volume / (vwap + 1e-5)) + decay_linear(cs_rank((high - low) / (close + 1e-5)), 20)
[reward_only] iter 22/50 [OK ] reward=-86.1040  cs_rank(volume / (vwap + 1e-5)) + cs_rank((high - low) / (close + 1e-5))
[reward_only] iter 23/50 [OK ] reward=-113.3924  cs_rank(volume / (vwap + 1e-5)) + decay_linear(cs_rank((high - low) / (close + 1e-5)), 20) + cs_rank((close - open) / (close + 1e-5))
[reward_only] iter 24/50 [OK ] reward=-17.0337  cs_rank(volume / (vwap + 1e-5)) + decay_linear(cs_rank((high - low) / (close + 1e-5)), 20)
[reward_only] iter 25/50 [OK ] reward=-17.0337  cs_rank(volume / (vwap + 1e-5)) + decay_linear(cs_rank((high - low) / (close + 1e-5)), 20)
[reward_only] iter 26/50 [OK ] reward=-129.4689  cs_rank(volume / (vwap + 1e-5)) + ts_rank(cs_rank((high - low) / (close + 1e-5)), 20)
[reward_only] iter 27/50 [OK ] reward=-17.0337  cs_rank(volume / (vwap + 1e-5)) + decay_linear(cs_rank((high - low) / (close + 1e-5)), 20)
[reward_only] iter 28/50 [OK ] reward=-129.4689  cs_rank(volume / (vwap + 1e-5)) + ts_rank(cs_rank((high - low) / (close + 1e-5)), 20)
[reward_only] iter 29/50 [OK ] reward=-17.0337  cs_rank(volume / (vwap + 1e-5)) + decay_linear(cs_rank((high - low) / (close + 1e-5)), 20)
[reward_only] iter 30/50 [OK ] reward=-86.1040  cs_rank(volume / (vwap + 1e-5)) + cs_rank((high - low) / (close + 1e-5))
[reward_only] iter 31/50 [OK ] reward=-113.4724  cs_rank(volume / (vwap + 1e-5)) + decay_linear(cs_rank((high - low) / (close + 1e-5)), 20) + cs_rank(close - open)
[reward_only] iter 32/50 [OK ] reward=-17.0337  cs_rank(volume / (vwap + 1e-5)) + decay_linear(cs_rank((high - low) / (close + 1e-5)), 20)
[reward_only] iter 33/50 [OK ] reward=-17.0337  cs_rank(volume / (vwap + 1e-5)) + decay_linear(cs_rank((high - low) / (close + 1e-5)), 20)
[reward_only] iter 34/50 [OK ] reward=-17.5119  cs_rank(volume / (vwap + 1e-5)) + decay_linear((high - low) / (close + 1e-5), 20)
[reward_only] iter 35/50 [ERR] reward=    -inf  cs_rank(volume / (vwap + 1e-5)) + decay_linear(cs_rank((high - low) / (close + 1e-5)), 20) + cs_rank(close / vwap)
[reward_only] iter 36/50 [ERR] reward=    -inf  cs_rank(volume / (vwap + 1e-5)) + decay_linear(cs_rank((high - low) / (close + 1e-5)), 20) + cs_rank((close / vwap) + 1e-5)
[reward_only] iter 37/50 [OK ] reward=-113.4715  cs_rank(volume / (vwap + 1e-5)) + decay_linear(cs_rank((high - low) / (close + 1e-5)), 20) + cs_rank((close - vwap) / (vwap + 1e-5))
[reward_only] iter 38/50 [OK ] reward=-111.5898  cs_rank(volume / (vwap + 1e-5)) + decay_linear(cs_rank((high - low) / (close + 1e-5)), 20) - cs_rank((close - vwap) / (vwap + 1e-5))
[reward_only] iter 39/50 [OK ] reward=-17.0337  cs_rank(volume / (vwap + 1e-5)) + decay_linear(cs_rank((high - low) / (close + 1e-5)), 20)
[reward_only] iter 40/50 [OK ] reward=-17.0337  cs_rank(volume / (vwap + 1e-5)) + decay_linear(cs_rank((high - low) / (close + 1e-5)), 20)
[reward_only] iter 41/50 [OK ] reward=-86.1040  cs_rank(volume / (vwap + 1e-5)) + cs_rank((high - low) / (close + 1e-5))
[reward_only] iter 42/50 [OK ] reward=-113.4724  cs_rank(volume / (vwap + 1e-5)) + decay_linear(cs_rank((high - low) / (close + 1e-5)), 20) + cs_rank(close - open)
[reward_only] iter 43/50 [OK ] reward=-17.0337  cs_rank(volume / (vwap + 1e-5)) + decay_linear(cs_rank((high - low) / (close + 1e-5)), 20)
[reward_only] iter 44/50 [OK ] reward=-17.0337  cs_rank(volume / (vwap + 1e-5)) + decay_linear(cs_rank((high - low) / (close + 1e-5)), 20)
[reward_only] iter 45/50 [OK ] reward=-86.1040  cs_rank(volume / (vwap + 1e-5)) + cs_rank((high - low) / (close + 1e-5))
[reward_only] iter 46/50 [OK ] reward=-113.4229  cs_rank(volume / (vwap + 1e-5)) + decay_linear(cs_rank((high - low) / (close + 1e-5)), 20) + cs_rank(close / (vwap + 1e-5))
[reward_only] iter 47/50 [OK ] reward=-113.4229  cs_rank(volume / (vwap + 1e-5)) + decay_linear(cs_rank((high - low) / (close + 1e-5)), 20) + cs_rank(close / (vwap + 1e-5))
[reward_only] iter 48/50 [OK ] reward=-113.4229  cs_rank(volume / (vwap + 1e-5)) + decay_linear(cs_rank((high - low) / (close + 1e-5)), 20) + cs_rank(close / (vwap + 1e-5))
[reward_only] iter 49/50 [OK ] reward=-17.0337  cs_rank(volume / (vwap + 1e-5)) + decay_linear(cs_rank((high - low) / (close + 1e-5)), 20)
[reward_only] iter 50/50 [OK ] reward=-17.0337  cs_rank(volume / (vwap + 1e-5)) + decay_linear(cs_rank((high - low) / (close + 1e-5)), 20)
[wfo:reward_only] fold 19 winner: cs_rank(volume / (vwap + 1e-5)) + decay_linear(cs_rank((high - low) / (close + 1e-5)), 20)
[wfo:reward_only] fold 19 OOS: Gross_IR=1.433 Turnover=36.61 Net_IR=0.671
[wfo:reward_only] fold 20: train 2021-01-01..2025-12-31 -> test 2026-01-01..2026-08-13
[reward_only] iter  0/50 [SEED] reward=-22.0147  rank(delta(close, 60) / (stddev(delta(close, 1), 60) + 1e-5))
[reward_only] iter  1/50 [OK ] reward=-166.0405  rank((close - open) / (volume + 1e-5))
[reward_only] iter  2/50 [OK ] reward=-178.0416  rank((close - open) / (stddev(close, 20) + 1e-5))
[reward_only] iter  3/50 [ERR] reward=    -inf  rank((close - open) / (stddev(close, 20) + 1e-5) + cs_rank(volume / (vwap * close)))
[reward_only] iter  4/50 [OK ] reward=-143.6000  rank((close - open) / (stddev(close, 20) + 1e-5) + cs_rank(volume / (vwap * close + 1e-5)))
[reward_only] iter  5/50 [OK ] reward=-22.0147  rank(delta(close, 60) / (stddev(delta(close, 1), 60) + 1e-5))
[reward_only] iter  6/50 [OK ] reward=-45.4847  rank((close - sma(close, 20)) / (stddev(close, 60) + 1e-5))
[reward_only] iter  7/50 [OK ] reward=-62.4397  cs_rank((close - sma(close, 20)) / (stddev(close, 60) + 1e-5) + rank(volume / (sma(volume, 60) + 1e-5)))
[reward_only] iter  8/50 [OK ] reward=-94.5651  rank(delta(close, 60) / (stddev(delta(close, 1), 60) + 1e-5)) + rank(volume / (sma(volume, 60) + 1e-5))
[reward_only] iter  9/50 [OK ] reward=-94.5651  rank(delta(close, 60) / (stddev(delta(close, 1), 60) + 1e-5)) + rank(volume / (sma(volume, 60) + 1e-5))
[reward_only] iter 10/50 [OK ] reward=-94.5651  rank(delta(close, 60) / (stddev(delta(close, 1), 60) + 1e-5)) + rank(volume / (sma(volume, 60) + 1e-5))
[reward_only] iter 11/50 [OK ] reward=-94.5651  rank(delta(close, 60) / (stddev(delta(close, 1), 60) + 1e-5)) + rank(volume / (sma(volume, 60) + 1e-5))
[reward_only] iter 12/50 [OK ] reward=-94.5651  rank(delta(close, 60) / (stddev(delta(close, 1), 60) + 1e-5)) + rank(volume / (sma(volume, 60) + 1e-5))
[reward_only] iter 13/50 [OK ] reward=-94.5651  rank(delta(close, 60) / (stddev(delta(close, 1), 60) + 1e-5)) + rank(volume / (sma(volume, 60) + 1e-5))
[reward_only] iter 14/50 [OK ] reward=-87.5612  rank(delta(close, 60) / (stddev(delta(close, 1), 60) + 1e-5)) * rank(volume / (sma(volume, 60) + 1e-5))
[reward_only] iter 15/50 [OK ] reward=-27.4146  rank(delta(close, 60) / (stddev(delta(close, 1), 60) + 1e-5)) * rank(volume / (volume + 1e-5))
[reward_only] iter 16/50 [OK ] reward=-22.0147  rank(delta(close, 60) / (stddev(delta(close, 1), 60) + 1e-5))
[reward_only] iter 17/50 [ERR] reward=    -inf  cs_rank((close - open) / (vwap - low) + cs_rank(volume / sma(volume, 20)))
[reward_only] iter 18/50 [OK ] reward=-38.9055  cs_rank(delta(close, 60) / (stddev(delta(close, 1), 60) + 1e-5) + (close - open) / (vwap - low + 1e-5))
[reward_only] iter 19/50 [OK ] reward=-38.9055  rank(delta(close, 60) / (stddev(delta(close, 1), 60) + 1e-5) + (close - open) / (vwap - low + 1e-5))
[reward_only] iter 20/50 [ERR] reward=    -inf  rank(delta(close, 60) / (stddev(delta(close, 1), 60) + 1e-5) + (close - open) / vwap)
[reward_only] iter 21/50 [OK ] reward=-22.2583  rank(delta(close, 60) / (stddev(delta(close, 1), 60) + 1e-5) + (close - open) / (vwap + 1e-5))
[reward_only] iter 22/50 [OK ] reward=-22.0147  rank(delta(close, 60) / (stddev(delta(close, 1), 60) + 1e-5))
[reward_only] iter 23/50 [ERR] reward=    -inf  cs_rank((close - open) / (high - low))
[reward_only] iter 24/50 [OK ] reward=-135.3302  rank(delta(close, 60) / (stddev(delta(close, 1), 60) + 1e-5)) + cs_rank((close - open) / (high - low + 1e-5))
[reward_only] iter 25/50 [OK ] reward=-134.3479  rank(delta(close, 60) / (stddev(delta(close, 1), 60) + 1e-5)) + cs_rank(vwap - close)
[reward_only] iter 26/50 [ERR] reward=    -inf  cs_rank((high - low) / (vwap - close))
[reward_only] iter 27/50 [OK ] reward=-139.0525  cs_rank(delta(close, 60) / (stddev(delta(close, 1), 60) + 1e-5)) + cs_rank((high - low) / (vwap - close + 1e-5))
[reward_only] iter 28/50 [OK ] reward=-139.0525  rank(delta(close, 60) / (stddev(delta(close, 1), 60) + 1e-5)) + rank((high - low) / (vwap - close + 1e-5))
[reward_only] iter 29/50 [ERR] reward=    -inf  rank(delta(close, 60) / (stddev(delta(close, 1), 60) + 1e-5)) * rank(volume / sma(volume, 20))
[reward_only] iter 30/50 [OK ] reward=-88.7106  rank(delta(close, 60) / (stddev(delta(close, 1), 60) + 1e-5)) * cs_rank(volume / (sma(volume, 20) + 1e-5))
[reward_only] iter 31/50 [OK ] reward=-88.7106  rank(delta(close, 60) / (stddev(delta(close, 1), 60) + 1e-5)) * cs_rank(volume / (sma(volume, 20) + 1e-5))
[reward_only] iter 32/50 [OK ] reward=-88.7106  rank(delta(close, 60) / (stddev(delta(close, 1), 60) + 1e-5)) * cs_rank(volume / (sma(volume, 20) + 1e-5))
[reward_only] iter 33/50 [OK ] reward=-88.7106  rank(delta(close, 60) / (stddev(delta(close, 1), 60) + 1e-5)) * cs_rank(volume / (sma(volume, 20) + 1e-5))
[reward_only] iter 34/50 [OK ] reward=-31.6168  rank(delta(close, 60) / (stddev(delta(close, 1), 60) + 1e-5)) * cs_rank(vwap / (sma(vwap, 20) + 1e-5))
[reward_only] iter 35/50 [OK ] reward=-88.7106  rank(delta(close, 60) / (stddev(delta(close, 1), 60) + 1e-5)) * cs_rank(volume / (sma(volume, 20) + 1e-5))
[reward_only] iter 36/50 [OK ] reward=-88.7106  rank(delta(close, 60) / (stddev(delta(close, 1), 60) + 1e-5)) * cs_rank(volume / (sma(volume, 20) + 1e-5))
[reward_only] iter 37/50 [OK ] reward=-88.7106  rank(delta(close, 60) / (stddev(delta(close, 1), 60) + 1e-5)) * cs_rank(volume / (sma(volume, 20) + 1e-5))
[reward_only] iter 38/50 [OK ] reward=-22.0147  cs_rank(delta(close, 60) / (stddev(delta(close, 1), 60) + 1e-5))
[reward_only] iter 39/50 [OK ] reward=-180.9791  cs_rank((close - vwap) / (stddev(close - vwap, 60) + 1e-5))
[reward_only] iter 40/50 [OK ] reward=-180.1370  cs_rank((close - open) / (stddev(close - open, 60) + 1e-5))
[reward_only] iter 41/50 [OK ] reward=-171.8639  cs_rank((close - open) / (stddev(close - open, 60) + 1e-5) + decay_linear(ts_rank(close, 60), 60))
[reward_only] iter 42/50 [OK ] reward=-135.3846  rank(delta(close, 60) / (stddev(delta(close, 1), 60) + 1e-5)) + cs_rank((close - open) / (stddev(close - open, 60) + 1e-5))
[reward_only] iter 43/50 [OK ] reward=-135.1376  rank(delta(close, 60) / (stddev(delta(close, 1), 60) + 1e-5)) + cs_rank((close - vwap) / (stddev(close - vwap, 60) + 1e-5))
[reward_only] iter 44/50 [OK ] reward=-180.9791  cs_rank((close - vwap) / (stddev(close - vwap, 60) + 1e-5))
[reward_only] iter 45/50 [OK ] reward=-37.7686  cs_rank(delta(close, 20) / (stddev(delta(close, 1), 20) + 1e-5))
[reward_only] iter 46/50 [OK ] reward=-25.6829  cs_rank((delta(close, 60) / (stddev(delta(close, 1), 60) + 1e-5)) * cs_rank(volume))
[reward_only] iter 47/50 [OK ] reward=-41.5780  rank(delta(close, 60) / (stddev(delta(close, 1), 60) + 1e-5)) * cs_rank(volume) * ts_rank(high, 20)
[reward_only] iter 48/50 [OK ] reward=-27.3146  rank(delta(close, 60) / (stddev(delta(close, 1), 60) + 1e-5)) * cs_rank(volume)
[reward_only] iter 49/50 [OK ] reward=-15.1298  rank(delta(close, 60) / (stddev(delta(close, 1), 60) + 1e-5)) * cs_rank(sma(volume, 60))
[reward_only] iter 50/50 [OK ] reward=-27.3146  rank(delta(close, 60) / (stddev(delta(close, 1), 60) + 1e-5)) * cs_rank(volume)
[wfo:reward_only] fold 20 winner: rank(delta(close, 60) / (stddev(delta(close, 1), 60) + 1e-5)) * cs_rank(sma(volume, 60))
[wfo:reward_only] fold 20 OOS: Gross_IR=1.360 Turnover=29.87 Net_IR=0.825
[run_full_grid] checkpointed grid_summary.csv (4 rows)

==============================================================================
ALPHA=momentum (rank(delta(close, 60) / (stddev(delta(close, 1), 60) + 1e-5)))  LLM_SEED=2002
==============================================================================
[LocalQwenClient] seed=2002 main_gpu=0
[wfo:reward_only] fold 0: train 2001-01-01..2005-12-31 -> test 2006-01-01..2006-12-31
[reward_only] iter  0/50 [SEED] reward=-26.4552  rank(delta(close, 60) / (stddev(delta(close, 1), 60) + 1e-5))
[reward_only] iter  1/50 [OK ] reward=-191.1018  cs_rank((close - open) / (high - low + 1e-5))
[reward_only] iter  2/50 [OK ] reward=-44.0662  cs_rank(delta(close, 20) / (stddev(delta(close, 1), 20) + 1e-5))
[reward_only] iter  3/50 [OK ] reward=-26.7902  rank(delta(close, 60) / (stddev(delta(close, 1), 60) + 1e-5) + cs_rank(volume / (stddev(volume, 60) + 1e-5)))
[reward_only] iter  4/50 [OK ] reward=-62.6739  rank(delta(close, 60) / (stddev(delta(close, 1), 60) + 1e-5)) + cs_rank(volume / (stddev(volume, 60) + 1e-5))
[reward_only] iter  5/50 [OK ] reward=-26.4552  rank(delta(close, 60) / (stddev(delta(close, 1), 60) + 1e-5))
[reward_only] iter  6/50 [ERR] reward=    -inf  rank((close - open) / (vwap - open) + (vwap - close) / (vwap - open))
[reward_only] iter  7/50 [OK ] reward=-54.5518  rank(delta(close, 60) / (stddev(delta(close, 1), 60) + 1e-5) + (close - vwap) / (vwap - open + 1e-5))
[reward_only] iter  8/50 [OK ] reward=-26.4552  rank(delta(close, 60) / (stddev(delta(close, 1), 60) + 1e-5))
[reward_only] iter  9/50 [OK ] reward=-24.0430  cs_rank(vwap - sma(close, 60))
[reward_only] iter 10/50 [ERR] reward=    -inf  cs_rank((high - low) / vwap)
[reward_only] iter 11/50 [OK ] reward=-30.8103  cs_rank(vwap - sma(close, 60) + cs_rank((high - low) / (vwap + 1e-5)))
[reward_only] iter 12/50 [OK ] reward=-24.5468  cs_rank(vwap - sma(close, 60) + cs_rank(volume / (vwap + 1e-5)))
[reward_only] iter 13/50 [OK ] reward=-31.7957  cs_rank(vwap - sma(close, 60)) * cs_rank(volume / (vwap + 1e-5))
[reward_only] iter 14/50 [ERR] reward=    -inf  cs_rank(close / open - 1) * cs_rank(volume / (vwap + 1e-5))
[reward_only] iter 15/50 [OK ] reward=-31.7957  cs_rank(vwap - sma(close, 60)) * cs_rank(volume / (vwap + 1e-5))
[reward_only] iter 16/50 [OK ] reward=-20.6789  cs_rank(close - sma(close, 120))
[reward_only] iter 17/50 [OK ] reward=-186.8870  cs_rank(close - vwap)
[reward_only] iter 18/50 [OK ] reward=-88.2014  cs_rank(close - sma(close, 120)) + cs_rank(volume - sma(volume, 120))
[reward_only] iter 19/50 [OK ] reward=-89.9482  cs_rank(close - sma(close, 120)) + cs_rank(volume / (volume + 1e-5) - sma(volume / (volume + 1e-5), 120))
[reward_only] iter 20/50 [OK ] reward=-41.8992  cs_rank(close - sma(close, 120)) + cs_rank(volume / (volume + 1e-5))
[reward_only] iter 21/50 [OK ] reward=-97.5238  cs_rank(close - sma(close, 120)) + cs_rank((high - low) / (high + low + 1e-5))
[reward_only] iter 22/50 [OK ] reward=-31.2783  cs_rank(close - sma(close, 120)) + cs_rank(volume / (high + low + 1e-5))
[reward_only] iter 23/50 [OK ] reward=-31.2783  cs_rank(close - sma(close, 120)) + cs_rank(volume / (high + low + 1e-5))
[reward_only] iter 24/50 [OK ] reward=-31.2783  cs_rank(close - sma(close, 120)) + cs_rank(volume / (high + low + 1e-5))
[reward_only] iter 25/50 [OK ] reward=-81.4654  cs_rank(close - sma(close, 120)) + cs_rank(volume / (high + low + 1e-5)) + cs_rank((high - low) / (high + low + 1e-5))
[reward_only] iter 26/50 [OK ] reward=-31.2783  cs_rank(close - sma(close, 120)) + cs_rank(volume / (high + low + 1e-5))
[reward_only] iter 27/50 [OK ] reward=-28.0544  cs_rank(close - sma(close, 120)) + cs_rank(volume / (high + low + 1e-5)) - cs_rank(stddev(close, 60) / (close + 1e-5))
[reward_only] iter 28/50 [OK ] reward=-31.2783  cs_rank(close - sma(close, 120)) + cs_rank(volume / (high + low + 1e-5))
[reward_only] iter 29/50 [OK ] reward=-31.2783  cs_rank(close - sma(close, 120)) + cs_rank(volume / (high + low + 1e-5))
[reward_only] iter 30/50 [OK ] reward=-31.1953  cs_rank(close - sma(close, 120)) + cs_rank(volume / (vwap + 1e-5))
[reward_only] iter 31/50 [OK ] reward=-31.1953  cs_rank(close - sma(close, 120)) + cs_rank(volume / (vwap + 1e-5))
[reward_only] iter 32/50 [OK ] reward=-31.1953  cs_rank(close - sma(close, 120)) + cs_rank(volume / (vwap + 1e-5))
[reward_only] iter 33/50 [OK ] reward=-31.1953  cs_rank(close - sma(close, 120)) + cs_rank(volume / (vwap + 1e-5))
[reward_only] iter 34/50 [OK ] reward=-31.1953  cs_rank(close - sma(close, 120)) + cs_rank(volume / (vwap + 1e-5))
[reward_only] iter 35/50 [OK ] reward=-78.0426  cs_rank(close - sma(close, 120)) + cs_rank(volume / (vwap + 1e-5)) + cs_rank(high - low)
[reward_only] iter 36/50 [OK ] reward=-61.3877  cs_rank(close - sma(close, 120)) + cs_rank(high - low)
[reward_only] iter 37/50 [OK ] reward=-39.4067  cs_rank(close - sma(close, 120)) * cs_rank(volume)
[reward_only] iter 38/50 [OK ] reward=-130.3790  cs_rank(close - sma(close, 120)) * cs_rank(vwap - close)
[reward_only] iter 39/50 [OK ] reward=-39.4065  cs_rank(close - sma(close, 120)) * cs_rank(volume / (volume + 1e-5))
[reward_only] iter 40/50 [OK ] reward=-51.9920  cs_rank(close - sma(close, 120)) * cs_rank(high - low)
[reward_only] iter 41/50 [OK ] reward=-39.4065  cs_rank(close - sma(close, 120)) * cs_rank(volume / (volume + 1e-5))
[reward_only] iter 42/50 [OK ] reward=-144.8451  cs_rank(close - open) * cs_rank(volume / (volume + 1e-5))
[reward_only] iter 43/50 [OK ] reward=-28.4853  cs_rank(close - sma(close, 60))
[reward_only] iter 44/50 [ERR] reward=    -inf  cs_rank((high - low) / vwap)
[reward_only] iter 45/50 [ERR] reward=    -inf  cs_rank(close - decay_linear(sma(close, 120), 120))
[reward_only] iter 46/50 [OK ] reward=-14.7368  cs_rank(close - sma(close, 240))
[reward_only] iter 47/50 [OK ] reward=-36.5529  cs_rank(close - sma(close, 240)) * cs_rank(volume)
[reward_only] iter 48/50 [OK ] reward=-36.5527  cs_rank(close - sma(close, 240)) * cs_rank(volume / (volume + 1e-5))
[reward_only] iter 49/50 [OK ] reward=-148.6722  cs_rank(close - sma(close, 240)) + cs_rank(vwap - close)
[reward_only] iter 50/50 [OK ] reward=-39.6238  cs_rank(close - sma(close, 240)) + cs_rank(volume / (volume + 1e-5))
[wfo:reward_only] fold 0 winner: cs_rank(close - sma(close, 240))
[wfo:reward_only] fold 0 OOS: Gross_IR=-0.828 Turnover=24.24 Net_IR=-2.035
[wfo:reward_only] fold 1: train 2002-01-01..2006-12-31 -> test 2007-01-01..2007-12-31
[reward_only] iter  0/50 [SEED] reward=-24.8045  rank(delta(close, 60) / (stddev(delta(close, 1), 60) + 1e-5))
[reward_only] iter  1/50 [ERR] reward=    -inf  cs_rank(vwap - open) * cs_rank(volume / sma(volume, 60))
[reward_only] iter  2/50 [ERR] reward=    -inf  rank(delta(close, 60) / (stddev(delta(close, 1), 60) + 1e-5)) * cs_rank(volume / sma(volume, 60))
[reward_only] iter  3/50 [OK ] reward=-87.8439  rank(delta(close, 60) / (stddev(delta(close, 1), 60) + 1e-5)) * cs_rank(volume / (sma(volume, 60) + 1e-5))
[reward_only] iter  4/50 [OK ] reward=-24.8045  cs_rank(delta(close, 60) / (stddev(delta(close, 1), 60) + 1e-5))
[reward_only] iter  5/50 [ERR] reward=    -inf  cs_rank((close - open) / (high - low))
[reward_only] iter  6/50 [OK ] reward=-130.5557  rank(delta(close, 60) / (stddev(delta(close, 1), 60) + 1e-5)) * cs_rank((close - open) / (high - low + 1e-5))
[reward_only] iter  7/50 [OK ] reward=-35.1051  rank(delta(close, 60) / (stddev(delta(close, 1), 60) + 1e-5)) * cs_rank(volume / (high - low + 1e-5))
[reward_only] iter  8/50 [OK ] reward=-24.8045  rank(delta(close, 60) / (stddev(delta(close, 1), 60) + 1e-5))
[reward_only] iter  9/50 [OK ] reward=-29.3664  rank(volume / (vwap + 1e-5))
[reward_only] iter 10/50 [OK ] reward=-30.9655  rank(delta(close, 60) / (stddev(delta(close, 1), 60) + 1e-5)) + rank(volume / (vwap + 1e-5))
[reward_only] iter 11/50 [OK ] reward=-30.1987  rank(delta(close, 60) / (stddev(delta(close, 1), 60) + 1e-5)) * cs_rank(volume / (vwap + 1e-5))
[reward_only] iter 12/50 [OK ] reward=-30.1987  rank(delta(close, 60) / (stddev(delta(close, 1), 60) + 1e-5)) * cs_rank(volume / (vwap + 1e-5))
[reward_only] iter 13/50 [OK ] reward=-30.9655  rank(delta(close, 60) / (stddev(delta(close, 1), 60) + 1e-5)) + cs_rank(volume / (vwap + 1e-5))
[reward_only] iter 14/50 [OK ] reward=-24.8045  rank(delta(close, 60) / (stddev(delta(close, 1), 60) + 1e-5))
[reward_only] iter 15/50 [ERR] reward=    -inf  cs_rank((high - low) / (close - vwap) + (vwap - open) / (close - vwap))
[reward_only] iter 16/50 [OK ] reward=-187.9767  cs_rank((high - low) / (close - vwap + 1e-5) + (vwap - open) / (close - vwap + 1e-5))
[reward_only] iter 17/50 [OK ] reward=-92.0676  cs_rank(delta(close, 60) / (stddev(delta(close, 1), 60) + 1e-5) + (vwap - open) / (close - vwap + 1e-5))
[reward_only] iter 18/50 [ERR] reward=    -inf  rank(delta(close, 60) / (stddev(delta(close, 1), 60) + 1e-5)) + cs_rank(volume / sma(volume, 60))
[reward_only] iter 19/50 [OK ] reward=-94.6502  cs_rank(delta(close, 60) / (stddev(delta(close, 1), 60) + 1e-5)) + cs_rank(volume / (sma(volume, 60) + 1e-5))
[reward_only] iter 20/50 [OK ] reward=-94.6502  rank(delta(close, 60) / (stddev(delta(close, 1), 60) + 1e-5)) + rank(volume / (sma(volume, 60) + 1e-5))
[reward_only] iter 21/50 [OK ] reward=-41.3375  rank(delta(close, 60) / (stddev(delta(close, 1), 60) + 1e-5)) + rank(volume / (volume + 1e-5))
[reward_only] iter 22/50 [OK ] reward=-38.5339  rank(delta(close, 60) / (stddev(delta(close, 1), 60) + 1e-5)) * rank(volume / (volume + 1e-5))
[reward_only] iter 23/50 [OK ] reward=-38.5339  rank(delta(close, 60) / (stddev(delta(close, 1), 60) + 1e-5)) * rank(volume / (volume + 1e-5))
[reward_only] iter 24/50 [OK ] reward=-38.5339  rank(delta(close, 60) / (stddev(delta(close, 1), 60) + 1e-5)) * rank(volume / (volume + 1e-5))
[reward_only] iter 25/50 [OK ] reward=-24.8045  rank(delta(close, 60) / (stddev(delta(close, 1), 60) + 1e-5))
[reward_only] iter 26/50 [OK ] reward=-29.3664  rank(volume / (vwap + 1e-5))
[reward_only] iter 27/50 [OK ] reward=-24.9527  rank(delta(close, 60) / (stddev(delta(close, 1), 60) + 1e-5) + decay_linear(rank(volume / (vwap + 1e-5)), 20))
[reward_only] iter 28/50 [OK ] reward=-30.9655  rank(delta(close, 60) / (stddev(delta(close, 1), 60) + 1e-5)) + cs_rank(volume / (vwap + 1e-5))
[reward_only] iter 29/50 [OK ] reward=-24.8045  rank(delta(close, 60) / (stddev(delta(close, 1), 60) + 1e-5))
[reward_only] iter 30/50 [ERR] reward=    -inf  cs_rank((close - open) / volume)
[reward_only] iter 31/50 [OK ] reward=-24.9045  cs_rank((delta(close, 60) / (stddev(delta(close, 1), 60) + 1e-5)) + (close - open) / (volume + 1e-5))
[reward_only] iter 32/50 [OK ] reward=-24.8045  rank(delta(close, 60) / (stddev(delta(close, 1), 60) + 1e-5))
[reward_only] iter 33/50 [OK ] reward=-185.3989  cs_rank(close - vwap)
[reward_only] iter 34/50 [OK ] reward=-34.4601  cs_rank(close - decay_linear(vwap, 60))
[reward_only] iter 35/50 [OK ] reward=-30.1797  cs_rank(close - decay_linear(vwap, 60)) + cs_rank(delta(close, 60) / (stddev(delta(close, 1), 60) + 1e-5))
[reward_only] iter 36/50 [OK ] reward=-140.5178  rank(delta(close, 60) / (stddev(delta(close, 1), 60) + 1e-5)) + cs_rank(close - vwap)
[reward_only] iter 37/50 [OK ] reward=-185.3989  cs_rank(close - vwap)
[reward_only] iter 38/50 [OK ] reward=-189.1676  cs_rank((close - vwap) / (stddev(close, 20) + 1e-5))
[reward_only] iter 39/50 [OK ] reward=-94.6502  rank(delta(close, 60) / (stddev(delta(close, 1), 60) + 1e-5)) + rank(volume / (sma(volume, 60) + 1e-5))
[reward_only] iter 40/50 [OK ] reward=-94.6502  rank(delta(close, 60) / (stddev(delta(close, 1), 60) + 1e-5)) + rank(volume / (sma(volume, 60) + 1e-5))
[reward_only] iter 41/50 [OK ] reward=-94.6502  rank(delta(close, 60) / (stddev(delta(close, 1), 60) + 1e-5)) + cs_rank(volume / (sma(volume, 60) + 1e-5))
[reward_only] iter 42/50 [OK ] reward=-94.6502  rank(delta(close, 60) / (stddev(delta(close, 1), 60) + 1e-5)) + cs_rank(volume / (sma(volume, 60) + 1e-5))
[reward_only] iter 43/50 [OK ] reward=-94.6502  rank(delta(close, 60) / (stddev(delta(close, 1), 60) + 1e-5)) + cs_rank(volume / (sma(volume, 60) + 1e-5))
[reward_only] iter 44/50 [OK ] reward=-24.8045  rank(delta(close, 60) / (stddev(delta(close, 1), 60) + 1e-5))
[reward_only] iter 45/50 [OK ] reward=-189.0445  rank((close - open) / (stddev(close - open, 60) + 1e-5))
[reward_only] iter 46/50 [OK ] reward=-189.0445  cs_rank((close - open) / (stddev(close - open, 60) + 1e-5))
[reward_only] iter 47/50 [OK ] reward=-189.0445  rank((close - open) / (stddev(close - open, 60) + 1e-5))
[reward_only] iter 48/50 [OK ] reward=-189.0445  rank((close - open) / (stddev(close - open, 60) + 1e-5))
[reward_only] iter 49/50 [OK ] reward=-34.1091  rank(delta(close, 60) / (stddev(close, 60) + 1e-5))
[reward_only] iter 50/50 [OK ] reward=-42.5951  cs_rank((high - low) / (volume + 1e-5))
[wfo:reward_only] fold 1 winner: rank(delta(close, 60) / (stddev(delta(close, 1), 60) + 1e-5))
[wfo:reward_only] fold 1 OOS: Gross_IR=1.949 Turnover=40.32 Net_IR=0.150
[wfo:reward_only] fold 2: train 2003-01-01..2007-12-31 -> test 2008-01-01..2008-12-31
[reward_only] iter  0/50 [SEED] reward=-23.2843  rank(delta(close, 60) / (stddev(delta(close, 1), 60) + 1e-5))
[reward_only] iter  1/50 [ERR] reward=    -inf  cs_rank((high - low) / volume)
[reward_only] iter  2/50 [OK ] reward=-40.1580  cs_rank((high - low) / (volume + 1e-5))
[reward_only] iter  3/50 [OK ] reward=-36.0016  rank(delta(close, 60) / (stddev(delta(close, 1), 60) + 1e-5)) + cs_rank((high - low) / (volume + 1e-5))
[reward_only] iter  4/50 [OK ] reward=-40.1580  cs_rank((high - low) / (volume + 1e-5))
[reward_only] iter  5/50 [OK ] reward=-138.5209  cs_rank((high - low) / (volume + 1e-5)) * cs_rank(close - open)
[reward_only] iter  6/50 [OK ] reward=-127.5206  cs_rank(delta(close, 60) / (stddev(delta(close, 1), 60) + 1e-5)) * cs_rank((close - open) / (high - low + 1e-5))
[reward_only] iter  7/50 [OK ] reward=-136.9983  rank(delta(close, 60) / (stddev(delta(close, 1), 60) + 1e-5)) + rank((close - open) / (high - low + 1e-5))
[reward_only] iter  8/50 [OK ] reward=-34.9680  rank(delta(close, 60) / (stddev(delta(close, 1), 60) + 1e-5)) + rank(volume / (high - low + 1e-5))
[reward_only] iter  9/50 [OK ] reward=-34.9680  rank(delta(close, 60) / (stddev(delta(close, 1), 60) + 1e-5)) + rank(volume / (high - low + 1e-5))
[reward_only] iter 10/50 [OK ] reward=-23.2843  cs_rank(delta(close, 60) / (stddev(delta(close, 1), 60) + 1e-5))
[reward_only] iter 11/50 [ERR] reward=    -inf  cs_rank(close / vwap)
[reward_only] iter 12/50 [OK ] reward=-29.8108  rank(delta(close, 60) / (stddev(delta(close, 1), 60) + 1e-5)) + rank(volume / (vwap + 1e-5))
[reward_only] iter 13/50 [OK ] reward=-23.2843  rank(delta(close, 60) / (stddev(delta(close, 1), 60) + 1e-5))
[reward_only] iter 14/50 [ERR] reward=    -inf  rank(volume / (vwap - low) + (high - vwap) / volume)
[reward_only] iter 15/50 [ERR] reward=    -inf  rank(delta(close, 60) / (stddev(delta(close, 1), 60) + 1e-5) + cs_rank(volume / vwap))
[reward_only] iter 16/50 [OK ] reward=-29.8108  rank(delta(close, 60) / (stddev(delta(close, 1), 60) + 1e-5)) + cs_rank(volume / (vwap + 1e-5))
[reward_only] iter 17/50 [ERR] reward=    -inf  rank(delta(close, 60) / (stddev(delta(close, 1), 60) + 1e-5)) + cs_rank(volume / vwap)
[reward_only] iter 18/50 [OK ] reward=-29.8108  cs_rank(delta(close, 60) / (stddev(delta(close, 1), 60) + 1e-5)) + cs_rank(volume / (vwap + 1e-5))
[reward_only] iter 19/50 [OK ] reward=-29.8108  rank(delta(close, 60) / (stddev(delta(close, 1), 60) + 1e-5)) + cs_rank(volume / (vwap + 1e-5))
[reward_only] iter 20/50 [OK ] reward=-23.2843  cs_rank(delta(close, 60) / (stddev(delta(close, 1), 60) + 1e-5))
[reward_only] iter 21/50 [ERR] reward=    -inf  cs_rank((high - low) / volume)
[reward_only] iter 22/50 [OK ] reward=-23.2843  rank(delta(close, 60) / (stddev(delta(close, 1), 60) + 1e-5))
[reward_only] iter 23/50 [OK ] reward=-81.5505  rank(volume / (stddev(volume, 60) + 1e-5))
[reward_only] iter 24/50 [ERR] reward=    -inf  rank((high - low) / vwap)
[reward_only] iter 25/50 [OK ] reward=-182.9908  cs_rank((close - open) / (vwap + 1e-5))
[reward_only] iter 26/50 [OK ] reward=-23.4844  cs_rank((delta(close, 60) / (stddev(delta(close, 1), 60) + 1e-5)) + (vwap - open) / (vwap + 1e-5))
[reward_only] iter 27/50 [OK ] reward=-23.4312  rank((delta(close, 60) / (stddev(delta(close, 1), 60) + 1e-5)) - (vwap - close) / (vwap + 1e-5))
[reward_only] iter 28/50 [OK ] reward=-33.4123  cs_rank((close - sma(close, 60)) / (stddev(close, 60) + 1e-5))
[reward_only] iter 29/50 [ERR] reward=    -inf  rank((close - sma(close, 60)) / (stddev(close, 60) + 1e-5)) * rank(volume / sma(volume, 60))
[reward_only] iter 30/50 [ERR] reward=    -inf  rank((close - sma(close, 60)) / (stddev(close, 60) + 1e-5)) * cs_rank(volume / sma(volume, 60))
[reward_only] iter 31/50 [OK ] reward=-90.5800  cs_rank((close - sma(close, 60)) / (stddev(close, 60) + 1e-5)) * cs_rank(volume / (sma(volume, 60) + 1e-5))
[reward_only] iter 32/50 [OK ] reward=-88.5491  rank(delta(close, 60) / (stddev(delta(close, 1), 60) + 1e-5)) * cs_rank(volume / (sma(volume, 60) + 1e-5))
[reward_only] iter 33/50 [OK ] reward=-23.2843  rank(delta(close, 60) / (stddev(delta(close, 1), 60) + 1e-5))
[reward_only] iter 34/50 [ERR] reward=    -inf  cs_rank((high - low) / (vwap - close) + (volume / sma(volume, 60)))
[reward_only] iter 35/50 [OK ] reward=-142.2652  rank(delta(close, 60) / (stddev(delta(close, 1), 60) + 1e-5)) + rank((high - low) / (vwap - close + 1e-5))
[reward_only] iter 36/50 [OK ] reward=-29.8108  rank(delta(close, 60) / (stddev(delta(close, 1), 60) + 1e-5)) + rank(volume / (vwap + 1e-5))
[reward_only] iter 37/50 [OK ] reward=-29.8108  rank(delta(close, 60) / (stddev(delta(close, 1), 60) + 1e-5)) + rank(volume / (vwap + 1e-5))
[reward_only] iter 38/50 [OK ] reward=-37.3243  rank(delta(close, 60) / (stddev(delta(close, 1), 60) + 1e-5)) * cs_rank(volume)
[reward_only] iter 39/50 [OK ] reward=-18.8898  rank(delta(close, 60) / (stddev(delta(close, 1), 60) + 1e-5)) * cs_rank(vwap)
[reward_only] iter 40/50 [OK ] reward=-95.8523  cs_rank(high - low) * cs_rank(volume)
[reward_only] iter 41/50 [OK ] reward=-37.3243  rank(delta(close, 60) / (stddev(delta(close, 1), 60) + 1e-5)) * cs_rank(volume)
[reward_only] iter 42/50 [OK ] reward=-42.5030  rank(delta(close, 60) / (stddev(delta(close, 1), 60) + 1e-5)) * cs_rank(volume) * cs_rank(vwap)
[reward_only] iter 43/50 [OK ] reward=-18.8898  rank(delta(close, 60) / (stddev(delta(close, 1), 60) + 1e-5)) * cs_rank(vwap)
[reward_only] iter 44/50 [ERR] reward=    -inf  cs_rank((close - open) / (high - low)) * cs_rank(volume)
[reward_only] iter 45/50 [OK ] reward=-135.4982  cs_rank((close - open) / (high - low + 1e-5)) * cs_rank(vwap)
[reward_only] iter 46/50 [OK ] reward=-109.3174  cs_rank((close - open) / (high - low + 1e-5)) * cs_rank(vwap) * cs_rank(delta(close, 60) / (stddev(delta(close, 1), 60) + 1e-5))
[reward_only] iter 47/50 [OK ] reward=-18.8898  rank(delta(close, 60) / (stddev(delta(close, 1), 60) + 1e-5)) * cs_rank(vwap)
[reward_only] iter 48/50 [OK ] reward=-42.6548  cs_rank(high - low) * cs_rank(vwap)
[reward_only] iter 49/50 [OK ] reward=-20.6586  cs_rank(close - sma(close, 60)) * cs_rank(vwap)
[reward_only] iter 50/50 [ERR] reward=    -inf  cs_rank((close - open) / (high - low)) * cs_rank(vwap)
[wfo:reward_only] fold 2 winner: rank(delta(close, 60) / (stddev(delta(close, 1), 60) + 1e-5)) * cs_rank(vwap)
[wfo:reward_only] fold 2 OOS: Gross_IR=-0.113 Turnover=32.55 Net_IR=-0.739
[wfo:reward_only] fold 3: train 2004-01-01..2008-12-31 -> test 2009-01-01..2009-12-31
[reward_only] iter  0/50 [SEED] reward=-22.3874  rank(delta(close, 60) / (stddev(delta(close, 1), 60) + 1e-5))
[reward_only] iter  1/50 [OK ] reward=-93.1223  rank(delta(close, 60) / (stddev(delta(close, 1), 60) + 1e-5)) + rank(volume / (sma(volume, 60) + 1e-5))
[reward_only] iter  2/50 [OK ] reward=-93.1223  rank(delta(close, 60) / (stddev(delta(close, 1), 60) + 1e-5)) + rank(volume / (sma(volume, 60) + 1e-5))
[reward_only] iter  3/50 [OK ] reward=-86.0809  rank(delta(close, 60) / (stddev(delta(close, 1), 60) + 1e-5)) * rank(volume / (sma(volume, 60) + 1e-5))
[reward_only] iter  4/50 [OK ] reward=-93.1223  rank(delta(close, 60) / (stddev(delta(close, 1), 60) + 1e-5)) + rank(volume / (sma(volume, 60) + 1e-5))
[reward_only] iter  5/50 [OK ] reward=-93.1223  rank(delta(close, 60) / (stddev(delta(close, 1), 60) + 1e-5)) + rank(volume / (sma(volume, 60) + 1e-5))
[reward_only] iter  6/50 [OK ] reward=-22.3874  rank(delta(close, 60) / (stddev(delta(close, 1), 60) + 1e-5))
[reward_only] iter  7/50 [OK ] reward=-28.9906  cs_rank((delta(close, 60) / (stddev(delta(close, 1), 60) + 1e-5)) * cs_rank(volume))
[reward_only] iter  8/50 [OK ] reward=-35.9760  rank(delta(close, 60) / (stddev(delta(close, 1), 60) + 1e-5)) * cs_rank(volume)
[reward_only] iter  9/50 [OK ] reward=-28.2147  rank(delta(close, 60) / (stddev(delta(close, 1), 60) + 1e-5)) * cs_rank(volume / (vwap + 1e-5))
[reward_only] iter 10/50 [OK ] reward=-28.2147  rank(delta(close, 60) / (stddev(delta(close, 1), 60) + 1e-5)) * cs_rank(volume / (vwap + 1e-5))
[reward_only] iter 11/50 [OK ] reward=-22.3874  rank(delta(close, 60) / (stddev(delta(close, 1), 60) + 1e-5))
[reward_only] iter 12/50 [OK ] reward=-22.5575  rank(delta(close, 60) / (stddev(delta(close, 1), 60) + 1e-5) + cs_rank(volume / (high - low + 1e-5)))
[reward_only] iter 13/50 [OK ] reward=-35.6685  rank(delta(close, 60) / (stddev(delta(close, 1), 60) + 1e-5) + volume / (high - low + 1e-5))
[reward_only] iter 14/50 [OK ] reward=-22.3874  rank(delta(close, 60) / (stddev(delta(close, 1), 60) + 1e-5))
[reward_only] iter 15/50 [OK ] reward=-26.9867  cs_rank((delta(close, 60) / (stddev(delta(close, 1), 60) + 1e-5)) + (volume / (stddev(volume, 60) + 1e-5)))
[reward_only] iter 16/50 [OK ] reward=-61.1779  rank(delta(close, 60) / (stddev(delta(close, 1), 60) + 1e-5)) + rank(volume / (stddev(volume, 60) + 1e-5))
[reward_only] iter 17/50 [OK ] reward=-22.3874  rank(delta(close, 60) / (stddev(delta(close, 1), 60) + 1e-5))
[reward_only] iter 18/50 [ERR] reward=    -inf  cs_rank(delta(close, 60) / (stddev(delta(close, 1), 60) + 1e-5) + cs_rank(volume / sma(volume, 60)))
[reward_only] iter 19/50 [OK ] reward=-23.2289  cs_rank(delta(close, 60) / (stddev(delta(close, 1), 60) + 1e-5) + cs_rank(volume / (sma(volume, 60) + 1e-5)))
[reward_only] iter 20/50 [OK ] reward=-23.2289  rank(delta(close, 60) / (stddev(delta(close, 1), 60) + 1e-5) + cs_rank(volume / (sma(volume, 60) + 1e-5)))
[reward_only] iter 21/50 [OK ] reward=-23.2289  rank(delta(close, 60) / (stddev(delta(close, 1), 60) + 1e-5) + cs_rank(volume / (sma(volume, 60) + 1e-5)))
[reward_only] iter 22/50 [OK ] reward=-23.2289  rank(delta(close, 60) / (stddev(delta(close, 1), 60) + 1e-5) + cs_rank(volume / (sma(volume, 60) + 1e-5)))
[reward_only] iter 23/50 [OK ] reward=-93.1223  rank(delta(close, 60) / (stddev(delta(close, 1), 60) + 1e-5)) + cs_rank(volume / (sma(volume, 60) + 1e-5))
[reward_only] iter 24/50 [OK ] reward=-93.1223  rank(delta(close, 60) / (stddev(delta(close, 1), 60) + 1e-5)) + cs_rank(volume / (sma(volume, 60) + 1e-5))
[reward_only] iter 25/50 [OK ] reward=-38.9320  rank(delta(close, 60) / (stddev(delta(close, 1), 60) + 1e-5)) + cs_rank(volume / (volume + 1e-5))
[reward_only] iter 26/50 [OK ] reward=-22.3874  rank(delta(close, 60) / (stddev(delta(close, 1), 60) + 1e-5))
[reward_only] iter 27/50 [OK ] reward=-28.9906  cs_rank(delta(close, 60) / (stddev(delta(close, 1), 60) + 1e-5) * cs_rank(volume))
[reward_only] iter 28/50 [OK ] reward=-22.7951  cs_rank(delta(close, 60) / (stddev(delta(close, 1), 60) + 1e-5) + cs_rank(volume / (stddev(volume, 60) + 1e-5)))
[reward_only] iter 29/50 [OK ] reward=-27.6257  cs_rank(delta(close, 60) / (stddev(delta(close, 1), 60) + 1e-5) + zscore(volume, 60))
[reward_only] iter 30/50 [OK ] reward=-116.2510  cs_rank(delta(close, 60) / (stddev(delta(close, 1), 60) + 1e-5) * zscore(volume, 60))
[reward_only] iter 31/50 [ERR] reward=    -inf  cs_rank((close - open) / (high - low) * zscore(volume, 60))
[reward_only] iter 32/50 [OK ] reward=-116.2510  rank(delta(close, 60) / (stddev(delta(close, 1), 60) + 1e-5) * zscore(volume, 60))
[reward_only] iter 33/50 [OK ] reward=-27.6257  rank(delta(close, 60) / (stddev(delta(close, 1), 60) + 1e-5) + zscore(volume, 60))
[reward_only] iter 34/50 [OK ] reward=-23.9168  cs_rank(delta(close, 60) / (stddev(delta(close, 1), 60) + 1e-5) + zscore(volume, 60) * 0.5)
[reward_only] iter 35/50 [OK ] reward=-27.6257  rank(delta(close, 60) / (stddev(delta(close, 1), 60) + 1e-5) + zscore(volume, 60))
[reward_only] iter 36/50 [OK ] reward=-22.5363  rank(delta(close, 60) / (stddev(delta(close, 1), 60) + 1e-5) + cs_rank(volume / (vwap + 1e-5)))
[reward_only] iter 37/50 [OK ] reward=-22.5363  rank(delta(close, 60) / (stddev(delta(close, 1), 60) + 1e-5) + cs_rank(volume / (vwap + 1e-5)))
[reward_only] iter 38/50 [OK ] reward=-22.5363  rank(delta(close, 60) / (stddev(delta(close, 1), 60) + 1e-5) + cs_rank(volume / (vwap + 1e-5)))
[reward_only] iter 39/50 [OK ] reward=-29.1781  rank(delta(close, 60) / (stddev(delta(close, 1), 60) + 1e-5)) + cs_rank(volume / (vwap + 1e-5))
[reward_only] iter 40/50 [OK ] reward=-22.3874  rank(delta(close, 60) / (stddev(delta(close, 1), 60) + 1e-5))
[reward_only] iter 41/50 [OK ] reward=-61.1779  rank(delta(close, 60) / (stddev(delta(close, 1), 60) + 1e-5)) + rank(volume / (stddev(volume, 60) + 1e-5))
[reward_only] iter 42/50 [OK ] reward=-57.7934  cs_rank(delta(close, 60) / (stddev(delta(close, 1), 60) + 1e-5)) * cs_rank(volume / (stddev(volume, 60) + 1e-5))
[reward_only] iter 43/50 [OK ] reward=-61.1779  cs_rank(delta(close, 60) / (stddev(delta(close, 1), 60) + 1e-5)) + cs_rank(volume / (stddev(volume, 60) + 1e-5))
[reward_only] iter 44/50 [OK ] reward=-61.1779  cs_rank(delta(close, 60) / (stddev(delta(close, 1), 60) + 1e-5)) + cs_rank(volume / (stddev(volume, 60) + 1e-5))
[reward_only] iter 45/50 [OK ] reward=-22.3874  rank(delta(close, 60) / (stddev(delta(close, 1), 60) + 1e-5))
[reward_only] iter 46/50 [OK ] reward=-93.1223  rank(delta(close, 60) / (stddev(delta(close, 1), 60) + 1e-5)) + rank(volume / (sma(volume, 60) + 1e-5))
[reward_only] iter 47/50 [OK ] reward=-86.0809  rank(delta(close, 60) / (stddev(delta(close, 1), 60) + 1e-5)) * cs_rank(volume / (sma(volume, 60) + 1e-5))
[reward_only] iter 48/50 [OK ] reward=-86.0809  rank(delta(close, 60) / (stddev(delta(close, 1), 60) + 1e-5)) * cs_rank(volume / (sma(volume, 60) + 1e-5))
[reward_only] iter 49/50 [OK ] reward=-86.0809  rank(delta(close, 60) / (stddev(delta(close, 1), 60) + 1e-5)) * cs_rank(volume / (sma(volume, 60) + 1e-5))
[reward_only] iter 50/50 [OK ] reward=-86.0809  rank(delta(close, 60) / (stddev(delta(close, 1), 60) + 1e-5)) * cs_rank(volume / (sma(volume, 60) + 1e-5))
[wfo:reward_only] fold 3 winner: rank(delta(close, 60) / (stddev(delta(close, 1), 60) + 1e-5))
[wfo:reward_only] fold 3 OOS: Gross_IR=-2.595 Turnover=50.47 Net_IR=-4.317
[wfo:reward_only] fold 4: train 2005-01-01..2009-12-31 -> test 2010-01-01..2010-12-31
[reward_only] iter  0/50 [SEED] reward=-24.1054  rank(delta(close, 60) / (stddev(delta(close, 1), 60) + 1e-5))
[reward_only] iter  1/50 [OK ] reward=-180.5572  cs_rank(vwap - close)
[reward_only] iter  2/50 [OK ] reward=-27.0171  cs_rank(delta(close, 60) / (stddev(delta(close, 1), 60) + 1e-5) + vwap - close)
[reward_only] iter  3/50 [OK ] reward=-30.2177  cs_rank(delta(close, 60) / (stddev(delta(close, 1), 60) + 1e-5) * volume)
[reward_only] iter  4/50 [ERR] reward=    -inf  cs_rank((high - low) / (close - open) * volume)
[reward_only] iter  5/50 [OK ] reward=-29.2131  rank(delta(close, 60) / (stddev(delta(close, 1), 60) + 1e-5)) + rank(volume / (vwap + 1e-5))
[reward_only] iter  6/50 [OK ] reward=-24.1054  rank(delta(close, 60) / (stddev(delta(close, 1), 60) + 1e-5))
[reward_only] iter  7/50 [ERR] reward=    -inf  cs_rank(close / vwap)
[reward_only] iter  8/50 [OK ] reward=-24.1054  rank(delta(close, 60) / (stddev(delta(close, 1), 60) + 1e-5))
[reward_only] iter  9/50 [OK ] reward=-25.6352  rank(volume / (stddev(close, 60) + 1e-5))
[reward_only] iter 10/50 [OK ] reward=-25.7349  rank(delta(close, 60) / (stddev(delta(close, 1), 60) + 1e-5) + volume / (stddev(close, 60) + 1e-5))
[reward_only] iter 11/50 [OK ] reward=-17.0653  rank(delta(close, 60) / (stddev(delta(close, 1), 60) + 1e-5) + vwap / (stddev(close, 60) + 1e-5))
[reward_only] iter 12/50 [OK ] reward= -9.3826  rank(vwap / (stddev(close, 60) + 1e-5))
[reward_only] iter 13/50 [ERR] reward=    -inf  cs_rank((close - open) / (vwap - open))
[reward_only] iter 14/50 [OK ] reward=-35.5806  rank(vwap / (stddev(close, 60) + 1e-5) + (close - open) / (vwap - open + 1e-5))
[reward_only] iter 15/50 [OK ] reward=-142.4032  cs_rank(vwap / (stddev(close, 60) + 1e-5)) + cs_rank((close - open) / (vwap - open + 1e-5))
[reward_only] iter 16/50 [OK ] reward=-133.9917  rank(vwap / (stddev(close, 60) + 1e-5)) + rank(close - open)
[reward_only] iter 17/50 [OK ] reward=-138.8062  rank(close - open) * rank(volume)
[reward_only] iter 18/50 [OK ] reward=-182.7619  rank((vwap - close) / (stddev(close, 60) + 1e-5))
[reward_only] iter 19/50 [OK ] reward=-182.7619  cs_rank((vwap - close) / (stddev(close, 60) + 1e-5))
[reward_only] iter 20/50 [OK ] reward=-182.7619  rank((vwap - close) / (stddev(close, 60) + 1e-5))
[reward_only] iter 21/50 [OK ] reward=-182.7619  rank((vwap - close) / (stddev(close, 60) + 1e-5))
[reward_only] iter 22/50 [OK ] reward=-74.7007  decay_linear(rank((vwap - close) / (stddev(close, 60) + 1e-5)), 10)
[reward_only] iter 23/50 [OK ] reward=-182.7619  rank((vwap - close) / (stddev(close, 60) + 1e-5))
[reward_only] iter 24/50 [OK ] reward=-182.7619  rank((vwap - close) / (stddev(close, 60) + 1e-5))
[reward_only] iter 25/50 [OK ] reward=-182.7619  rank((vwap - close) / (stddev(close, 60) + 1e-5))
[reward_only] iter 26/50 [OK ] reward=-182.7619  rank((vwap - close) / (stddev(close, 60) + 1e-5))
[reward_only] iter 27/50 [OK ] reward=-182.7619  rank((vwap - close) / (stddev(close, 60) + 1e-5))
[reward_only] iter 28/50 [OK ] reward=-182.7619  rank((vwap - close) / (stddev(close, 60) + 1e-5))
[reward_only] iter 29/50 [OK ] reward=-182.7619  rank((vwap - close) / (stddev(close, 60) + 1e-5))
[reward_only] iter 30/50 [OK ] reward=-182.7619  rank((vwap - close) / (stddev(close, 60) + 1e-5))
[reward_only] iter 31/50 [OK ] reward=-42.1813  rank((vwap - sma(close, 20)) / (stddev(close, 60) + 1e-5))
[reward_only] iter 32/50 [OK ] reward= -9.3956  rank((vwap - cs_rank(close)) / (stddev(close, 60) + 1e-5))
[reward_only] iter 33/50 [OK ] reward=-29.4609  rank(vwap / (decay_linear(close, 60) + 1e-5))
[reward_only] iter 34/50 [OK ] reward=-19.3852  cs_rank(vwap - sma(close, 20)) / (stddev(close, 60) + 1e-5)
[reward_only] iter 35/50 [OK ] reward=-42.1813  rank((vwap - sma(close, 20)) / (stddev(close, 60) + 1e-5))
[reward_only] iter 36/50 [OK ] reward=-184.5145  rank((close - open) / (stddev(close, 60) + 1e-5))
[reward_only] iter 37/50 [OK ] reward=-112.2067  rank((high - low) / (stddev(close, 60) + 1e-5))
[reward_only] iter 38/50 [OK ] reward=-184.5145  rank((close - open) / (stddev(close, 60) + 1e-5))
[reward_only] iter 39/50 [OK ] reward=-112.2067  cs_rank((high - low) / (stddev(close, 60) + 1e-5))
[reward_only] iter 40/50 [OK ] reward=-184.5145  rank((close - open) / (stddev(close, 60) + 1e-5))
[reward_only] iter 41/50 [OK ] reward=-182.1823  rank((vwap - open) / (stddev(close, 60) + 1e-5))
[reward_only] iter 42/50 [OK ] reward=-184.5145  rank((close - open) / (stddev(close, 60) + 1e-5))
[reward_only] iter 43/50 [OK ] reward=-112.2067  rank((high - low) / (stddev(close, 60) + 1e-5))
[reward_only] iter 44/50 [ERR] reward=    -inf  cs_rank(close / open)
[reward_only] iter 45/50 [ERR] reward=    -inf  cs_rank(vwap / (stddev(close, 60) + 1e-5)) * cs_rank(volume / zscore(volume, 60))
[reward_only] iter 46/50 [OK ] reward=-105.2660  rank(vwap / (stddev(close, 60) + 1e-5)) * rank(volume / (zscore(volume, 60) + 1e-5))
[reward_only] iter 47/50 [OK ] reward= -9.3826  rank(vwap / (stddev(close, 60) + 1e-5))
[reward_only] iter 48/50 [ERR] reward=    -inf  cs_rank((close - open) / (vwap - low))
[reward_only] iter 49/50 [OK ] reward=-182.1823  rank((vwap - open) / (stddev(close, 60) + 1e-5))
[reward_only] iter 50/50 [OK ] reward=-184.5145  rank((close - open) / (stddev(close, 60) + 1e-5))
[wfo:reward_only] fold 4 winner: rank(vwap / (stddev(close, 60) + 1e-5))
[wfo:reward_only] fold 4 OOS: Gross_IR=-1.156 Turnover=15.79 Net_IR=-1.757
[wfo:reward_only] fold 5: train 2006-01-01..2010-12-31 -> test 2011-01-01..2011-12-31
[reward_only] iter  0/50 [SEED] reward=-24.3573  rank(delta(close, 60) / (stddev(delta(close, 1), 60) + 1e-5))
[reward_only] iter  1/50 [ERR] reward=    -inf  cs_rank((close - open) / volume + (high - low) / volume)
[reward_only] iter  2/50 [OK ] reward=-24.3573  rank(delta(close, 60) / (stddev(delta(close, 1), 60) + 1e-5))
[reward_only] iter  3/50 [OK ] reward=-129.8834  cs_rank(((high - low) / (close + 1e-5)) * ts_rank(volume, 60))
[reward_only] iter  4/50 [OK ] reward=-35.1119  rank(delta(close, 60) / (stddev(delta(close, 1), 60) + 1e-5)) * cs_rank(volume)
[reward_only] iter  5/50 [OK ] reward=-42.1746  cs_rank(zscore(close, 60)) * cs_rank(volume)
[reward_only] iter  6/50 [OK ] reward=-35.1119  cs_rank(delta(close, 60) / (stddev(delta(close, 1), 60) + 1e-5)) * cs_rank(volume)
[reward_only] iter  7/50 [ERR] reward=    -inf  cs_rank(close / vwap) * cs_rank(volume)
[reward_only] iter  8/50 [OK ] reward=-35.1119  rank(delta(close, 60) / (stddev(delta(close, 1), 60) + 1e-5)) * rank(volume)
[reward_only] iter  9/50 [ERR] reward=    -inf  cs_rank((close - open) / (high - low)) * cs_rank(volume)
[reward_only] iter 10/50 [OK ] reward=-35.1119  cs_rank(delta(close, 60) / (stddev(delta(close, 1), 60) + 1e-5)) * cs_rank(volume)
[reward_only] iter 11/50 [OK ] reward=-143.8636  cs_rank((close - open) / (high - low + 1e-5)) * cs_rank(volume)
[reward_only] iter 12/50 [OK ] reward=-35.1119  rank(delta(close, 60) / (stddev(delta(close, 1), 60) + 1e-5)) * cs_rank(volume)
[reward_only] iter 13/50 [ERR] reward=    -inf  cs_rank(close / open) * cs_rank(volume)
[reward_only] iter 14/50 [OK ] reward=-35.1119  cs_rank(delta(close, 60) / (stddev(delta(close, 1), 60) + 1e-5)) * cs_rank(volume)
[reward_only] iter 15/50 [ERR] reward=    -inf  cs_rank((high - low) / (vwap - close)) * cs_rank(volume)
[reward_only] iter 16/50 [ERR] reward=    -inf  cs_rank((close - open) / (close - vwap)) * cs_rank(volume)
[reward_only] iter 17/50 [OK ] reward=-35.1119  cs_rank(delta(close, 60) / (stddev(delta(close, 1), 60) + 1e-5)) * cs_rank(volume)
[reward_only] iter 18/50 [OK ] reward=-57.0814  cs_rank(ts_rank(close, 20) - ts_rank(close, 60))
[reward_only] iter 19/50 [OK ] reward=-155.9127  rank(close / (vwap + 1e-5)) - rank(volume / (stddev(volume, 60) + 1e-5))
[reward_only] iter 20/50 [OK ] reward=-186.2168  rank((close - open) / (high - low + 1e-5))
[reward_only] iter 21/50 [OK ] reward=-185.7716  rank((close - open) / (high - low + 1e-5)) * cs_rank(vwap - close)
[reward_only] iter 22/50 [OK ] reward=-126.7502  rank(delta(close, 60) / (stddev(delta(close, 1), 60) + 1e-5)) * cs_rank(volume / (vwap - close + 1e-5))
[reward_only] iter 23/50 [OK ] reward=-27.7905  rank(delta(close, 60) / (stddev(delta(close, 1), 60) + 1e-5)) * cs_rank(volume / (vwap + 1e-5))
[reward_only] iter 24/50 [OK ] reward=-27.7905  rank(delta(close, 60) / (stddev(delta(close, 1), 60) + 1e-5)) * cs_rank(volume / (vwap + 1e-5))
[reward_only] iter 25/50 [OK ] reward=-27.7905  rank(delta(close, 60) / (stddev(delta(close, 1), 60) + 1e-5)) * cs_rank(volume / (vwap + 1e-5))
[reward_only] iter 26/50 [OK ] reward=-27.7905  rank(delta(close, 60) / (stddev(delta(close, 1), 60) + 1e-5)) * cs_rank(volume / (vwap + 1e-5))
[reward_only] iter 27/50 [OK ] reward=-27.7905  rank(delta(close, 60) / (stddev(delta(close, 1), 60) + 1e-5)) * cs_rank(volume / (vwap + 1e-5))
[reward_only] iter 28/50 [OK ] reward=-27.7905  rank(delta(close, 60) / (stddev(delta(close, 1), 60) + 1e-5)) * cs_rank(volume / (vwap + 1e-5))
[reward_only] iter 29/50 [OK ] reward=-27.7905  rank(delta(close, 60) / (stddev(delta(close, 1), 60) + 1e-5)) * cs_rank(volume / (vwap + 1e-5))
[reward_only] iter 30/50 [OK ] reward=-27.7905  rank(delta(close, 60) / (stddev(delta(close, 1), 60) + 1e-5)) * cs_rank(volume / (vwap + 1e-5))
[reward_only] iter 31/50 [OK ] reward=-27.7905  rank(delta(close, 60) / (stddev(delta(close, 1), 60) + 1e-5)) * cs_rank(volume / (vwap + 1e-5))
[reward_only] iter 32/50 [ERR] reward=    -inf  rank(delta(close, 60) / (stddev(delta(close, 1), 60) + 1e-5)) * cs_rank(volume / vwap)
[reward_only] iter 33/50 [ERR] reward=    -inf  rank(delta(close, 60) / (stddev(delta(close, 1), 60) + 1e-5)) * cs_rank(close / vwap)
[reward_only] iter 34/50 [ERR] reward=    -inf  rank(delta(close, 60) / (stddev(delta(close, 1), 60) + 1e-5)) * cs_rank(close / vwap)
[reward_only] iter 35/50 [ERR] reward=    -inf  cs_rank(delta(close, 60) / (stddev(delta(close, 1), 60) + 1e-5)) * ts_rank(close / vwap, 60)
[reward_only] iter 36/50 [OK ] reward=-125.6907  cs_rank(delta(close, 60) / (stddev(delta(close, 1), 60) + 1e-5)) * ts_rank(close / (vwap + 1e-5), 60)
[reward_only] iter 37/50 [OK ] reward=-100.7619  cs_rank(delta(close, 60) / (stddev(delta(close, 1), 60) + 1e-5)) * ts_rank(volume / (vwap + 1e-5), 60)
[reward_only] iter 38/50 [OK ] reward=-27.7905  rank(delta(close, 60) / (stddev(delta(close, 1), 60) + 1e-5)) * cs_rank(volume / (vwap + 1e-5))
[reward_only] iter 39/50 [OK ] reward=-27.7905  rank(delta(close, 60) / (stddev(delta(close, 1), 60) + 1e-5)) * cs_rank(volume / (vwap + 1e-5))
[reward_only] iter 40/50 [OK ] reward=-27.7905  rank(delta(close, 60) / (stddev(delta(close, 1), 60) + 1e-5)) * cs_rank(volume / (vwap + 1e-5))
[reward_only] iter 41/50 [OK ] reward=-27.7905  rank(delta(close, 60) / (stddev(delta(close, 1), 60) + 1e-5)) * cs_rank(volume / (vwap + 1e-5))
[reward_only] iter 42/50 [OK ] reward=-27.7905  rank(delta(close, 60) / (stddev(delta(close, 1), 60) + 1e-5)) * cs_rank(volume / (vwap + 1e-5))
[reward_only] iter 43/50 [OK ] reward=-35.1119  rank(delta(close, 60) / (stddev(delta(close, 1), 60) + 1e-5)) * cs_rank(volume)
[reward_only] iter 44/50 [ERR] reward=    -inf  cs_rank(close / vwap) * ts_rank(volume, 60)
[reward_only] iter 45/50 [ERR] reward=    -inf  rank(delta(close, 60) / (stddev(delta(close, 1), 60) + 1e-5)) * cs_rank(volume / vwap)
[reward_only] iter 46/50 [OK ] reward=-27.7905  rank(delta(close, 60) / (stddev(delta(close, 1), 60) + 1e-5)) * cs_rank(volume / (vwap + 1e-5))
[reward_only] iter 47/50 [OK ] reward=-27.7905  rank(delta(close, 60) / (stddev(delta(close, 1), 60) + 1e-5)) * cs_rank(volume / (vwap + 1e-5))
[reward_only] iter 48/50 [OK ] reward=-27.7905  rank(delta(close, 60) / (stddev(delta(close, 1), 60) + 1e-5)) * cs_rank(volume / (vwap + 1e-5))
[reward_only] iter 49/50 [OK ] reward=-27.7905  rank(delta(close, 60) / (stddev(delta(close, 1), 60) + 1e-5)) * cs_rank(volume / (vwap + 1e-5))
[reward_only] iter 50/50 [OK ] reward=-27.7905  rank(delta(close, 60) / (stddev(delta(close, 1), 60) + 1e-5)) * cs_rank(volume / (vwap + 1e-5))
[wfo:reward_only] fold 5 winner: rank(delta(close, 60) / (stddev(delta(close, 1), 60) + 1e-5))
[wfo:reward_only] fold 5 OOS: Gross_IR=0.721 Turnover=39.61 Net_IR=-0.570
[wfo:reward_only] fold 6: train 2007-01-01..2011-12-31 -> test 2012-01-01..2012-12-31
[reward_only] iter  0/50 [SEED] reward=-23.9826  rank(delta(close, 60) / (stddev(delta(close, 1), 60) + 1e-5))
[reward_only] iter  1/50 [OK ] reward=-40.9897  rank(vwap - sma(vwap, 20))
[reward_only] iter  2/50 [OK ] reward=-35.7517  cs_rank(delta(close, 60) / (stddev(delta(close, 1), 60) + 1e-5)) + cs_rank(vwap - sma(vwap, 20))
[reward_only] iter  3/50 [ERR] reward=    -inf  rank(delta(close, 60) / (stddev(delta(close, 1), 60) + 1e-5)) + cs_rank((high - low) / vwap)
[reward_only] iter  4/50 [OK ] reward=-99.3559  rank(delta(close, 60) / (stddev(delta(close, 1), 60) + 1e-5)) + cs_rank((high - low) / (vwap + 1e-5))
[reward_only] iter  5/50 [OK ] reward=-23.9826  cs_rank(delta(close, 60) / (stddev(delta(close, 1), 60) + 1e-5))
[reward_only] iter  6/50 [OK ] reward=-181.1663  cs_rank(vwap - close)
[reward_only] iter  7/50 [OK ] reward=-23.4052  cs_rank(delta(close, 60) / (stddev(delta(close, 1), 60) + 1e-5) + cs_rank(vwap - close))
[reward_only] iter  8/50 [OK ] reward=-181.1663  cs_rank(vwap - close)
[reward_only] iter  9/50 [ERR] reward=    -inf  cs_rank(delta(close, 60) / (stddev(delta(close, 1), 60) + 1e-5) + cs_rank(vwap - close) + cs_rank(volume / (mean(volume, 60) + 1e-5)))
[reward_only] iter 10/50 [ERR] reward=    -inf  cs_rank(delta(close, 60) / (stddev(delta(close, 1), 60) + 1e-5) + cs_rank(vwap - close) + cs_rank(volume / (mean(volume, 60) + 1e-5)))
[reward_only] iter 11/50 [OK ] reward=-139.3161  cs_rank(delta(close, 60) / (stddev(delta(close, 1), 60) + 1e-5)) + cs_rank(vwap - close)
[reward_only] iter 12/50 [OK ] reward=-27.9708  cs_rank(delta(close, 60) / (stddev(delta(close, 1), 60) + 1e-5) + vwap - close)
[reward_only] iter 13/50 [ERR] reward=    -inf  cs_rank(delta(close, 60) / (stddev(delta(close, 1), 60) + 1e-5) + cs_rank(vwap - close) + cs_rank(volume / sma(volume, 20)))
[reward_only] iter 14/50 [OK ] reward=-24.6360  cs_rank(delta(close, 60) / (stddev(delta(close, 1), 60) + 1e-5) + cs_rank(vwap - close) + cs_rank(volume / (sma(volume, 20) + 1e-5)))
[reward_only] iter 15/50 [OK ] reward=-23.4052  cs_rank(delta(close, 60) / (stddev(delta(close, 1), 60) + 1e-5) + cs_rank(vwap - close))
[reward_only] iter 16/50 [OK ] reward=-139.3161  cs_rank(vwap - close) + cs_rank(delta(close, 60) / (stddev(delta(close, 1), 60) + 1e-5))
[reward_only] iter 17/50 [OK ] reward=-23.9826  cs_rank(delta(close, 60) / (stddev(delta(close, 1), 60) + 1e-5))
[reward_only] iter 18/50 [OK ] reward=-96.0096  cs_rank(volume / (stddev(volume, 60) + 1e-5) + cs_rank(vwap - close))
[reward_only] iter 19/50 [OK ] reward=-24.0532  cs_rank(delta(close, 60) / (stddev(delta(close, 1), 60) + 1e-5) + cs_rank(vwap - close) + cs_rank(volume / (stddev(volume, 60) + 1e-5)))
[reward_only] iter 20/50 [OK ] reward=-23.9826  cs_rank(delta(close, 60) / (stddev(delta(close, 1), 60) + 1e-5))
[reward_only] iter 21/50 [ERR] reward=    -inf  cs_rank(volume / (vwap - close) + cs_rank(delta(close, 60) / (stddev(delta(close, 1), 60) + 1e-5)))
[reward_only] iter 22/50 [OK ] reward=-24.7190  cs_rank(delta(close, 60) / (stddev(delta(close, 1), 60) + 1e-5) + cs_rank(vwap - close) + cs_rank(volume / (vwap - close + 1e-5)))
[reward_only] iter 23/50 [OK ] reward=-23.9826  cs_rank(delta(close, 60) / (stddev(delta(close, 1), 60) + 1e-5))
[reward_only] iter 24/50 [OK ] reward=-138.7980  cs_rank(vwap - close) + cs_rank(volume / (vwap + 1e-5))
[reward_only] iter 25/50 [OK ] reward=-23.6770  cs_rank(delta(close, 60) / (stddev(delta(close, 1), 60) + 1e-5) + cs_rank(vwap - close) + cs_rank(volume / (vwap + 1e-5)))
[reward_only] iter 26/50 [OK ] reward=-23.9826  cs_rank(delta(close, 60) / (stddev(delta(close, 1), 60) + 1e-5))
[reward_only] iter 27/50 [OK ] reward=-153.5451  cs_rank(vwap - close) + cs_rank(volume / (stddev(volume, 60) + 1e-5))
[reward_only] iter 28/50 [OK ] reward=-122.3922  cs_rank(delta(close, 60) / (stddev(delta(close, 1), 60) + 1e-5)) + cs_rank(vwap - close) + cs_rank(volume / (stddev(volume, 60) + 1e-5))
[reward_only] iter 29/50 [OK ] reward=-139.3161  cs_rank(delta(close, 60) / (stddev(delta(close, 1), 60) + 1e-5)) + cs_rank(vwap - close)
[reward_only] iter 30/50 [OK ] reward=-139.3161  cs_rank(delta(close, 60) / (stddev(delta(close, 1), 60) + 1e-5)) + cs_rank(vwap - close)
[reward_only] iter 31/50 [OK ] reward=-139.3161  cs_rank(delta(close, 60) / (stddev(delta(close, 1), 60) + 1e-5)) + cs_rank(vwap - close)
[reward_only] iter 32/50 [OK ] reward=-23.9826  cs_rank(delta(close, 60) / (stddev(delta(close, 1), 60) + 1e-5))
[reward_only] iter 33/50 [OK ] reward=-141.6414  cs_rank(vwap - close) + cs_rank(volume / (volume + 1e-5))
[reward_only] iter 34/50 [OK ] reward=-115.8045  cs_rank(delta(close, 60) / (stddev(delta(close, 1), 60) + 1e-5)) + cs_rank(vwap - close) + cs_rank(volume / (volume + 1e-5))
[reward_only] iter 35/50 [OK ] reward=-139.3161  cs_rank(delta(close, 60) / (stddev(delta(close, 1), 60) + 1e-5)) + cs_rank(vwap - close)
[reward_only] iter 36/50 [OK ] reward=-23.9826  cs_rank(delta(close, 60) / (stddev(delta(close, 1), 60) + 1e-5))
[reward_only] iter 37/50 [OK ] reward=-138.7980  cs_rank(vwap - close) + cs_rank(volume / (vwap + 1e-5))
[reward_only] iter 38/50 [OK ] reward=-23.6770  cs_rank(delta(close, 60) / (stddev(delta(close, 1), 60) + 1e-5) + cs_rank(vwap - close) + cs_rank(volume / (vwap + 1e-5)))
[reward_only] iter 39/50 [OK ] reward=-23.4052  cs_rank(delta(close, 60) / (stddev(delta(close, 1), 60) + 1e-5) + cs_rank(vwap - close))
[reward_only] iter 40/50 [OK ] reward=-23.9826  cs_rank(delta(close, 60) / (stddev(delta(close, 1), 60) + 1e-5))
[reward_only] iter 41/50 [OK ] reward=-168.9423  cs_rank(volume / (sma(volume, 60) + 1e-5)) + cs_rank(close - vwap)
[reward_only] iter 42/50 [OK ] reward=-94.0522  cs_rank(delta(close, 60) / (stddev(delta(close, 1), 60) + 1e-5)) + cs_rank(volume / (sma(volume, 60) + 1e-5))
[reward_only] iter 43/50 [OK ] reward=-23.4052  cs_rank(delta(close, 60) / (stddev(delta(close, 1), 60) + 1e-5) + cs_rank(vwap - close))
[reward_only] iter 44/50 [OK ] reward=-23.9826  cs_rank(delta(close, 60) / (stddev(delta(close, 1), 60) + 1e-5))
[reward_only] iter 45/50 [OK ] reward=-171.9553  cs_rank(volume / (sma(volume, 20) + 1e-5)) + cs_rank(close - vwap)
[reward_only] iter 46/50 [OK ] reward=-150.2070  cs_rank(close / (sma(close, 20) + 1e-5)) + cs_rank(vwap - close)
[reward_only] iter 47/50 [ERR] reward=    -inf  cs_rank((vwap - close) / (stddev(close, 60) + 1e-5)) + cs_rank(close / sma(close, 20))
[reward_only] iter 48/50 [ERR] reward=    -inf  cs_rank(delta(close, 60) / (stddev(delta(close, 1), 60) + 1e-5) + cs_rank(vwap - close) + cs_rank(close / sma(close, 20)))
[reward_only] iter 49/50 [OK ] reward=-24.3755  cs_rank(delta(close, 60) / (stddev(delta(close, 1), 60) + 1e-5) + cs_rank(vwap - close) + cs_rank(close / (sma(close, 20) + 1e-5)))
[reward_only] iter 50/50 [OK ] reward=-23.9826  cs_rank(delta(close, 60) / (stddev(delta(close, 1), 60) + 1e-5))
[wfo:reward_only] fold 6 winner: cs_rank(delta(close, 60) / (stddev(delta(close, 1), 60) + 1e-5) + cs_rank(vwap - close))
[wfo:reward_only] fold 6 OOS: Gross_IR=-0.030 Turnover=38.61 Net_IR=-1.548
[wfo:reward_only] fold 7: train 2008-01-01..2012-12-31 -> test 2013-01-01..2013-12-31
[reward_only] iter  0/50 [SEED] reward=-24.2395  rank(delta(close, 60) / (stddev(delta(close, 1), 60) + 1e-5))
[reward_only] iter  1/50 [ERR] reward=    -inf  cs_rank((close - open) / (high - low))
[reward_only] iter  2/50 [OK ] reward=-129.3690  rank(delta(close, 60) / (stddev(delta(close, 1), 60) + 1e-5)) * cs_rank((close - open) / (high - low + 1e-5))
[reward_only] iter  3/50 [OK ] reward=-26.7951  rank(delta(close, 60) / (stddev(delta(close, 1), 60) + 1e-5)) * cs_rank(volume / (vwap + 1e-5))
[reward_only] iter  4/50 [OK ] reward=-27.6438  rank(delta(close, 60) / (stddev(delta(close, 1), 60) + 1e-5)) + cs_rank(volume / (vwap + 1e-5))
[reward_only] iter  5/50 [OK ] reward=-27.6438  rank(delta(close, 60) / (stddev(delta(close, 1), 60) + 1e-5)) + cs_rank(volume / (vwap + 1e-5))
[reward_only] iter  6/50 [OK ] reward=-27.6438  cs_rank(delta(close, 60) / (stddev(delta(close, 1), 60) + 1e-5)) + cs_rank(volume / (vwap + 1e-5))
[reward_only] iter  7/50 [OK ] reward=-27.6438  rank(delta(close, 60) / (stddev(delta(close, 1), 60) + 1e-5)) + rank(volume / (vwap + 1e-5))
[reward_only] iter  8/50 [OK ] reward=-27.6438  rank(delta(close, 60) / (stddev(delta(close, 1), 60) + 1e-5)) + rank(volume / (vwap + 1e-5))
[reward_only] iter  9/50 [OK ] reward=-27.6438  rank(delta(close, 60) / (stddev(delta(close, 1), 60) + 1e-5)) + rank(volume / (vwap + 1e-5))
[reward_only] iter 10/50 [OK ] reward=-27.6438  rank(delta(close, 60) / (stddev(delta(close, 1), 60) + 1e-5)) + rank(volume / (vwap + 1e-5))
[reward_only] iter 11/50 [OK ] reward=-27.6438  rank(delta(close, 60) / (stddev(delta(close, 1), 60) + 1e-5)) + rank(volume / (vwap + 1e-5))
[reward_only] iter 12/50 [ERR] reward=    -inf  rank(delta(close, 60) / (stddev(delta(close, 1), 60) + 1e-5)) + rank(volume / vwap)
[reward_only] iter 13/50 [OK ] reward=-27.0491  rank(delta(close, 60) / (stddev(delta(close, 1), 60) + 1e-5)) - rank(volume / (vwap + 1e-5))
[reward_only] iter 14/50 [OK ] reward=-24.2395  cs_rank(delta(close, 60) / (stddev(delta(close, 1), 60) + 1e-5))
[reward_only] iter 15/50 [ERR] reward=    -inf  cs_rank((high - low) / (vwap - close))
[reward_only] iter 16/50 [OK ] reward=-141.6114  rank(delta(close, 60) / (stddev(delta(close, 1), 60) + 1e-5)) + cs_rank((high - low) / (vwap - close + 1e-5))
[reward_only] iter 17/50 [ERR] reward=    -inf  rank(delta(close, 60) / (stddev(delta(close, 1), 60) + 1e-5)) + cs_rank(vwap / close)
[reward_only] iter 18/50 [ERR] reward=    -inf  rank(delta(close, 60) / (stddev(delta(close, 1), 60) + 1e-5)) + cs_rank(vwap / close + 1e-5)
[reward_only] iter 19/50 [ERR] reward=    -inf  cs_rank(rank(delta(close, 60) / (stddev(delta(close, 1), 60) + 1e-5)) + rank(vwap / close + 1e-5))
[reward_only] iter 20/50 [OK ] reward=-140.9755  cs_rank(delta(close, 60) / (stddev(delta(close, 1), 60) + 1e-5)) + cs_rank(vwap / (close + 1e-5))
[reward_only] iter 21/50 [OK ] reward=-140.9755  rank(delta(close, 60) / (stddev(delta(close, 1), 60) + 1e-5)) + cs_rank(vwap / (close + 1e-5))
[reward_only] iter 22/50 [ERR] reward=    -inf  rank(delta(close, 60) / (stddev(delta(close, 1), 60) + 1e-5)) + cs_rank(vwap / close)
[reward_only] iter 23/50 [OK ] reward=-140.9755  rank(delta(close, 60) / (stddev(delta(close, 1), 60) + 1e-5)) + cs_rank(vwap / (close + 1e-5))
[reward_only] iter 24/50 [OK ] reward=-27.5561  rank(delta(close, 60) / (stddev(delta(close, 1), 60) + 1e-5)) + cs_rank(volume / (close + 1e-5))
[reward_only] iter 25/50 [OK ] reward=-27.5561  rank(delta(close, 60) / (stddev(delta(close, 1), 60) + 1e-5)) + cs_rank(volume / (close + 1e-5))
[reward_only] iter 26/50 [OK ] reward=-27.5561  rank(delta(close, 60) / (stddev(delta(close, 1), 60) + 1e-5)) + cs_rank(volume / (close + 1e-5))
[reward_only] iter 27/50 [OK ] reward=-27.5561  rank(delta(close, 60) / (stddev(delta(close, 1), 60) + 1e-5)) + cs_rank(volume / (close + 1e-5))
[reward_only] iter 28/50 [OK ] reward=-23.6741  cs_rank((delta(close, 60) / (stddev(delta(close, 1), 60) + 1e-5)) + (volume / (close + 1e-5)))
[reward_only] iter 29/50 [ERR] reward=    -inf  cs_rank((delta(close, 60) / (stddev(delta(close, 1), 60) + 1e-5)) + (volume / close))
[reward_only] iter 30/50 [OK ] reward=-23.6741  cs_rank((delta(close, 60) / (stddev(delta(close, 1), 60) + 1e-5)) + (volume / (close + 1e-5)))
[reward_only] iter 31/50 [OK ] reward=-24.4343  cs_rank((delta(close, 60) / (stddev(delta(close, 1), 60) + 1e-5)) + cs_rank(volume / (close + 1e-5)))
[reward_only] iter 32/50 [OK ] reward=-23.6741  cs_rank((delta(close, 60) / (stddev(delta(close, 1), 60) + 1e-5)) + (volume / (close + 1e-5)))
[reward_only] iter 33/50 [ERR] reward=    -inf  cs_rank((delta(close, 60) / (stddev(delta(close, 1), 60) + 1e-5)) + volume / close)
[reward_only] iter 34/50 [OK ] reward=-23.6741  cs_rank((delta(close, 60) / (stddev(delta(close, 1), 60) + 1e-5)) + (volume / (close + 1e-5)))
[reward_only] iter 35/50 [OK ] reward=-23.6741  cs_rank((delta(close, 60) / (stddev(delta(close, 1), 60) + 1e-5)) + (volume / (close + 1e-5)))
[reward_only] iter 36/50 [OK ] reward=-24.4343  cs_rank((delta(close, 60) / (stddev(delta(close, 1), 60) + 1e-5)) + cs_rank(volume / (close + 1e-5)))
[reward_only] iter 37/50 [OK ] reward=-24.2395  cs_rank(delta(close, 60) / (stddev(delta(close, 1), 60) + 1e-5))
[reward_only] iter 38/50 [OK ] reward=-23.6792  cs_rank((delta(close, 60) / (stddev(delta(close, 1), 60) + 1e-5)) + (volume / (vwap + 1e-5)))
[reward_only] iter 39/50 [OK ] reward=-23.6741  cs_rank((delta(close, 60) / (stddev(delta(close, 1), 60) + 1e-5)) + (volume / (close + 1e-5)))
[reward_only] iter 40/50 [ERR] reward=    -inf  cs_rank((delta(close, 60) / (stddev(delta(close, 1), 60) + 1e-5)) + (volume / close))
[reward_only] iter 41/50 [OK ] reward=-23.6741  cs_rank((delta(close, 60) / (stddev(delta(close, 1), 60) + 1e-5)) + (volume / (close + 1e-5)))
[reward_only] iter 42/50 [ERR] reward=    -inf  cs_rank((delta(close, 60) / (stddev(delta(close, 1), 60) + 1e-5)) + (volume / close))
[reward_only] iter 43/50 [OK ] reward=-23.6741  cs_rank((delta(close, 60) / (stddev(delta(close, 1), 60) + 1e-5)) + (volume / (close + 1e-5)))
[reward_only] iter 44/50 [ERR] reward=    -inf  cs_rank((delta(close, 60) / (stddev(delta(close, 1), 60) + 1e-5)) + (volume / close))
[reward_only] iter 45/50 [OK ] reward=-23.6741  cs_rank((delta(close, 60) / (stddev(delta(close, 1), 60) + 1e-5)) + (volume / (close + 1e-5)))
[reward_only] iter 46/50 [ERR] reward=    -inf  cs_rank((delta(close, 60) / (stddev(delta(close, 1), 60) + 1e-5)) + (volume / close))
[reward_only] iter 47/50 [OK ] reward=-23.6741  cs_rank((delta(close, 60) / (stddev(delta(close, 1), 60) + 1e-5)) + (volume / (close + 1e-5)))
[reward_only] iter 48/50 [OK ] reward=-23.6741  cs_rank((delta(close, 60) / (stddev(delta(close, 1), 60) + 1e-5)) + (volume / (close + 1e-5)))
[reward_only] iter 49/50 [OK ] reward=-23.6741  cs_rank((delta(close, 60) / (stddev(delta(close, 1), 60) + 1e-5)) + (volume / (close + 1e-5)))
[reward_only] iter 50/50 [ERR] reward=    -inf  cs_rank((delta(close, 60) / (stddev(delta(close, 1), 60) + 1e-5)) + (volume / close))
[wfo:reward_only] fold 7 winner: cs_rank((delta(close, 60) / (stddev(delta(close, 1), 60) + 1e-5)) + (volume / (close + 1e-5)))
[wfo:reward_only] fold 7 OOS: Gross_IR=2.283 Turnover=48.19 Net_IR=-2.065
[wfo:reward_only] fold 8: train 2009-01-01..2013-12-31 -> test 2014-01-01..2014-12-31
[reward_only] iter  0/50 [SEED] reward=-23.9430  rank(delta(close, 60) / (stddev(delta(close, 1), 60) + 1e-5))
[reward_only] iter  1/50 [ERR] reward=    -inf  rank((high - low) / volume)
[reward_only] iter  2/50 [OK ] reward=-32.4006  rank(delta(close, 60) / (stddev(delta(close, 1), 60) + 1e-5)) + rank((high - low) / (volume + 1e-5))
[reward_only] iter  3/50 [OK ] reward=-32.4006  rank(delta(close, 60) / (stddev(delta(close, 1), 60) + 1e-5)) + rank((high - low) / (volume + 1e-5))
[reward_only] iter  4/50 [OK ] reward=-32.4006  cs_rank(delta(close, 60) / (stddev(delta(close, 1), 60) + 1e-5)) + cs_rank((high - low) / (volume + 1e-5))
[reward_only] iter  5/50 [OK ] reward=-23.9430  cs_rank(delta(close, 60) / (stddev(delta(close, 1), 60) + 1e-5))
[reward_only] iter  6/50 [OK ] reward=-23.9073  cs_rank(volume / (sma(close, 20) + 1e-5))
[reward_only] iter  7/50 [OK ] reward=-70.3709  cs_rank((volume / (sma(close, 20) + 1e-5)) * cs_rank(high - low))
[reward_only] iter  8/50 [OK ] reward=-23.9072  cs_rank(volume / (sma(close, 20) + 1e-5) + cs_rank(high - low))
[reward_only] iter  9/50 [OK ] reward=-24.0071  cs_rank(volume / (sma(close, 20) + 1e-5) + cs_rank(high - low) + cs_rank(vwap - close))
[reward_only] iter 10/50 [OK ] reward=-23.9072  cs_rank(volume / (sma(close, 20) + 1e-5) + cs_rank(high - low))
[reward_only] iter 11/50 [OK ] reward=-24.0071  cs_rank(volume / (sma(close, 20) + 1e-5) + cs_rank(high - low) + cs_rank(vwap - close))
[reward_only] iter 12/50 [OK ] reward=-23.9072  cs_rank(volume / (sma(close, 20) + 1e-5) + cs_rank(high - low))
[reward_only] iter 13/50 [OK ] reward=-24.0071  cs_rank(volume / (sma(close, 20) + 1e-5) + cs_rank(high - low) + cs_rank(vwap - close))
[reward_only] iter 14/50 [OK ] reward=-23.9072  cs_rank(volume / (sma(close, 20) + 1e-5) + cs_rank(high - low))
[reward_only] iter 15/50 [OK ] reward=-23.9697  cs_rank(volume / (sma(close, 20) + 1e-5) + cs_rank(high - low) * decay_linear(close, 20))
[reward_only] iter 16/50 [OK ] reward=-23.9072  cs_rank(volume / (sma(close, 20) + 1e-5) + cs_rank(high - low))
[reward_only] iter 17/50 [ERR] reward=    -inf  cs_rank(volume / (sma(close, 20) + 1e-5) + cs_rank(high - low) * cs_rank(vwap / close))
[reward_only] iter 18/50 [ERR] reward=    -inf  cs_rank(volume / (sma(close, 20) + 1e-5) + cs_rank(high - low) + cs_rank(vwap / close))
[reward_only] iter 19/50 [OK ] reward=-24.0571  cs_rank(volume / (sma(close, 20) + 1e-5) + cs_rank(high - low) + cs_rank(vwap / (close + 1e-5)))
[reward_only] iter 20/50 [OK ] reward=-23.9072  cs_rank(volume / (sma(close, 20) + 1e-5) + cs_rank(high - low))
[reward_only] iter 21/50 [OK ] reward=-24.0071  cs_rank(volume / (sma(close, 20) + 1e-5) + cs_rank(high - low) + cs_rank(vwap - close))
[reward_only] iter 22/50 [OK ] reward=-23.9072  cs_rank(volume / (sma(close, 20) + 1e-5) + cs_rank(high - low))
[reward_only] iter 23/50 [OK ] reward=-24.0071  cs_rank(volume / (sma(close, 20) + 1e-5) + cs_rank(high - low) + cs_rank(vwap - close))
[reward_only] iter 24/50 [OK ] reward=-23.9072  cs_rank(volume / (sma(close, 20) + 1e-5) + cs_rank(high - low))
[reward_only] iter 25/50 [OK ] reward=-24.0071  cs_rank(volume / (sma(close, 20) + 1e-5) + cs_rank(high - low) + cs_rank(vwap - close))
[reward_only] iter 26/50 [OK ] reward=-23.9072  cs_rank(volume / (sma(close, 20) + 1e-5) + cs_rank(high - low))
[reward_only] iter 27/50 [OK ] reward=-24.0071  cs_rank(volume / (sma(close, 20) + 1e-5) + cs_rank(high - low) + cs_rank(vwap - close))
[reward_only] iter 28/50 [OK ] reward=-23.9072  cs_rank(volume / (sma(close, 20) + 1e-5) + cs_rank(high - low))
[reward_only] iter 29/50 [OK ] reward=-23.9702  cs_rank(volume / (sma(close, 20) + 1e-5) + cs_rank(high - low) * decay_linear(close, 5))
[reward_only] iter 30/50 [OK ] reward=-23.9072  cs_rank(volume / (sma(close, 20) + 1e-5) + cs_rank(high - low))
[reward_only] iter 31/50 [ERR] reward=    -inf  cs_rank(volume / (sma(close, 20) + 1e-5) + cs_rank(high - low) + cs_rank(vwap / close))
[reward_only] iter 32/50 [OK ] reward=-24.0571  cs_rank(volume / (sma(close, 20) + 1e-5) + cs_rank(high - low) + cs_rank(vwap / (close + 1e-5)))
[reward_only] iter 33/50 [OK ] reward=-23.9072  cs_rank(volume / (sma(close, 20) + 1e-5) + cs_rank(high - low))
[reward_only] iter 34/50 [OK ] reward=-23.9571  cs_rank(volume / (sma(close, 20) + 1e-5) + cs_rank(high - low) + ts_rank(vwap, 20))
[reward_only] iter 35/50 [OK ] reward=-23.9072  cs_rank(volume / (sma(close, 20) + 1e-5) + cs_rank(high - low))
[reward_only] iter 36/50 [OK ] reward=-24.0071  cs_rank(volume / (sma(close, 20) + 1e-5) + cs_rank(high - low) + cs_rank(vwap - close))
[reward_only] iter 37/50 [OK ] reward=-23.9072  cs_rank(volume / (sma(close, 20) + 1e-5) + cs_rank(high - low))
[reward_only] iter 38/50 [OK ] reward=-24.0071  cs_rank(volume / (sma(close, 20) + 1e-5) + cs_rank(high - low) + cs_rank(vwap - close))
[reward_only] iter 39/50 [OK ] reward=-23.9072  cs_rank(volume / (sma(close, 20) + 1e-5) + cs_rank(high - low))
[reward_only] iter 40/50 [OK ] reward=-24.0073  cs_rank(volume / (sma(close, 20) + 1e-5) + cs_rank(high - low) + decay_linear(close - open, 10))
[reward_only] iter 41/50 [OK ] reward=-23.9072  cs_rank(volume / (sma(close, 20) + 1e-5) + cs_rank(high - low))
[reward_only] iter 42/50 [OK ] reward=-24.0071  cs_rank(volume / (sma(close, 20) + 1e-5) + cs_rank(high - low) + cs_rank(vwap - close))
[reward_only] iter 43/50 [OK ] reward=-23.9072  cs_rank(volume / (sma(close, 20) + 1e-5) + cs_rank(high - low))
[reward_only] iter 44/50 [ERR] reward=    -inf  cs_rank(volume / (sma(close, 20) + 1e-5) + cs_rank(high - low) + cs_rank(vwap / close))
[reward_only] iter 45/50 [OK ] reward=-24.1071  cs_rank(volume / (sma(close, 20) + 1e-5) + cs_rank(high - low) + cs_rank((vwap - close) / (close + 1e-5)))
[reward_only] iter 46/50 [OK ] reward=-23.9072  cs_rank(volume / (sma(close, 20) + 1e-5) + cs_rank(high - low))
[reward_only] iter 47/50 [OK ] reward=-23.9568  cs_rank(volume / (sma(close, 20) + 1e-5) + cs_rank(high - low) + ts_rank(close, 60))
[reward_only] iter 48/50 [OK ] reward=-23.9072  cs_rank(volume / (sma(close, 20) + 1e-5) + cs_rank(high - low))
[reward_only] iter 49/50 [OK ] reward=-136.0540  cs_rank(volume / (sma(close, 20) + 1e-5)) + cs_rank(ts_rank(high - low, 10))
[reward_only] iter 50/50 [OK ] reward=-56.0552  cs_rank(volume / (sma(close, 20) + 1e-5)) + cs_rank(high - low) * cs_rank(stddev(close, 20) / (sma(close, 20) + 1e-5))
[wfo:reward_only] fold 8 winner: cs_rank(volume / (sma(close, 20) + 1e-5) + cs_rank(high - low))
[wfo:reward_only] fold 8 OOS: Gross_IR=0.106 Turnover=47.71 Net_IR=-3.813
[wfo:reward_only] fold 9: train 2010-01-01..2014-12-31 -> test 2015-01-01..2015-12-31
[reward_only] iter  0/50 [SEED] reward=-21.8134  rank(delta(close, 60) / (stddev(delta(close, 1), 60) + 1e-5))
[reward_only] iter  1/50 [OK ] reward=-27.6550  cs_rank(delta(close, 60) / (stddev(delta(close, 1), 60) + 1e-5) + zscore(volume, 60))
[reward_only] iter  2/50 [OK ] reward=-22.8864  rank(delta(close, 60) / (stddev(delta(close, 1), 60) + 1e-5) + cs_rank(zscore(volume, 60)))
[reward_only] iter  3/50 [OK ] reward=-27.6550  rank(delta(close, 60) / (stddev(delta(close, 1), 60) + 1e-5) + zscore(volume, 60))
[reward_only] iter  4/50 [OK ] reward=-112.5750  cs_rank((delta(close, 60) / (stddev(delta(close, 1), 60) + 1e-5)) * zscore(volume, 60))
[reward_only] iter  5/50 [OK ] reward=-112.5750  rank(delta(close, 60) / (stddev(delta(close, 1), 60) + 1e-5) * zscore(volume, 60))
[reward_only] iter  6/50 [OK ] reward=-26.4234  rank(delta(close, 60) / (stddev(delta(close, 1), 60) + 1e-5) * decay_linear(zscore(volume, 60), 60))
[reward_only] iter  7/50 [OK ] reward=-20.0360  rank(delta(close, 60) / (stddev(delta(close, 1), 60) + 1e-5)) * decay_linear(zscore(volume, 60), 60)
[reward_only] iter  8/50 [OK ] reward=-20.0360  rank(delta(close, 60) / (stddev(delta(close, 1), 60) + 1e-5)) * decay_linear(zscore(volume, 60), 60)
[reward_only] iter  9/50 [OK ] reward=-136.5773  rank(delta(close, 60) / (stddev(delta(close, 1), 60) + 1e-5)) * zscore(volume, 60)
[reward_only] iter 10/50 [ERR] reward=    -inf  rank(delta(close, 60) / (stddev(delta(close, 1), 60) + 1e-5)) * decay_linear(zscore(volume, 60), 60) * cs_rank(vwap / close)
[reward_only] iter 11/50 [OK ] reward=-92.9297  rank(delta(close, 60) / (stddev(delta(close, 1), 60) + 1e-5)) * decay_linear(zscore(volume, 60), 60) * cs_rank(vwap / (close + 1e-5))
[reward_only] iter 12/50 [OK ] reward=-92.9297  rank(delta(close, 60) / (stddev(delta(close, 1), 60) + 1e-5)) * decay_linear(zscore(volume, 60), 60) * cs_rank(vwap / (close + 1e-5))
[reward_only] iter 13/50 [OK ] reward=-20.0360  rank(delta(close, 60) / (stddev(delta(close, 1), 60) + 1e-5)) * decay_linear(zscore(volume, 60), 60)
[reward_only] iter 14/50 [OK ] reward=-20.0360  rank(delta(close, 60) / (stddev(delta(close, 1), 60) + 1e-5)) * decay_linear(zscore(volume, 60), 60)
[reward_only] iter 15/50 [OK ] reward=-136.5773  rank(delta(close, 60) / (stddev(delta(close, 1), 60) + 1e-5)) * zscore(volume, 60)
[reward_only] iter 16/50 [OK ] reward=-19.2857  rank(delta(close, 60) / (stddev(delta(close, 1), 60) + 1e-5)) * decay_linear(zscore(volume, 60), 60) * cs_rank(vwap)
[reward_only] iter 17/50 [OK ] reward=-38.4215  rank(delta(close, 60) / (stddev(delta(close, 1), 60) + 1e-5)) * cs_rank(volume) * cs_rank(vwap)
[reward_only] iter 18/50 [OK ] reward=-20.0360  rank(delta(close, 60) / (stddev(delta(close, 1), 60) + 1e-5)) * decay_linear(zscore(volume, 60), 60)
[reward_only] iter 19/50 [OK ] reward=-19.2857  rank(delta(close, 60) / (stddev(delta(close, 1), 60) + 1e-5)) * decay_linear(zscore(volume, 60), 60) * cs_rank(vwap)
[reward_only] iter 20/50 [OK ] reward=-38.4215  rank(delta(close, 60) / (stddev(delta(close, 1), 60) + 1e-5)) * cs_rank(volume) * cs_rank(vwap)
[reward_only] iter 21/50 [OK ] reward=-19.2857  rank(delta(close, 60) / (stddev(delta(close, 1), 60) + 1e-5)) * decay_linear(zscore(volume, 60), 60) * cs_rank(vwap)
[reward_only] iter 22/50 [OK ] reward=-135.7522  rank(delta(close, 60) / (stddev(delta(close, 1), 60) + 1e-5)) * zscore(volume, 60) * cs_rank(vwap)
[reward_only] iter 23/50 [OK ] reward=-19.2857  rank(delta(close, 60) / (stddev(delta(close, 1), 60) + 1e-5)) * decay_linear(zscore(volume, 60), 60) * cs_rank(vwap)
[reward_only] iter 24/50 [OK ] reward=-19.2857  rank(delta(close, 60) / (stddev(delta(close, 1), 60) + 1e-5)) * decay_linear(zscore(volume, 60), 60) * cs_rank(vwap)
[reward_only] iter 25/50 [OK ] reward=-20.0360  rank(delta(close, 60) / (stddev(delta(close, 1), 60) + 1e-5)) * decay_linear(zscore(volume, 60), 60)
[reward_only] iter 26/50 [OK ] reward=-19.2857  rank(delta(close, 60) / (stddev(delta(close, 1), 60) + 1e-5)) * decay_linear(zscore(volume, 60), 60) * cs_rank(vwap)
[reward_only] iter 27/50 [OK ] reward=-32.8195  rank(delta(close, 60) / (stddev(delta(close, 1), 60) + 1e-5)) * cs_rank(volume)
[reward_only] iter 28/50 [OK ] reward=-18.8542  rank(delta(close, 60) / (stddev(delta(close, 1), 60) + 1e-5)) * decay_linear(zscore(volume, 60), 60) * cs_rank(vwap) * cs_rank(open)
[reward_only] iter 29/50 [OK ] reward=-19.2857  rank(delta(close, 60) / (stddev(delta(close, 1), 60) + 1e-5)) * decay_linear(zscore(volume, 60), 60) * cs_rank(vwap)
[reward_only] iter 30/50 [OK ] reward=-19.2857  rank(delta(close, 60) / (stddev(delta(close, 1), 60) + 1e-5)) * decay_linear(zscore(volume, 60), 60) * cs_rank(vwap)
[reward_only] iter 31/50 [OK ] reward=-19.2857  rank(delta(close, 60) / (stddev(delta(close, 1), 60) + 1e-5)) * decay_linear(zscore(volume, 60), 60) * cs_rank(vwap)
[reward_only] iter 32/50 [OK ] reward=-18.8542  rank(delta(close, 60) / (stddev(delta(close, 1), 60) + 1e-5)) * decay_linear(zscore(volume, 60), 60) * cs_rank(vwap) * cs_rank(open)
[reward_only] iter 33/50 [OK ] reward=-19.2857  rank(delta(close, 60) / (stddev(delta(close, 1), 60) + 1e-5)) * decay_linear(zscore(volume, 60), 60) * cs_rank(vwap)
[reward_only] iter 34/50 [OK ] reward=-18.8542  rank(delta(close, 60) / (stddev(delta(close, 1), 60) + 1e-5)) * decay_linear(zscore(volume, 60), 60) * cs_rank(vwap) * cs_rank(open)
[reward_only] iter 35/50 [OK ] reward=-19.2857  rank(delta(close, 60) / (stddev(delta(close, 1), 60) + 1e-5)) * decay_linear(zscore(volume, 60), 60) * cs_rank(vwap)
[reward_only] iter 36/50 [OK ] reward=-19.2857  rank(delta(close, 60) / (stddev(delta(close, 1), 60) + 1e-5)) * decay_linear(zscore(volume, 60), 60) * cs_rank(vwap)
[reward_only] iter 37/50 [OK ] reward=-19.2857  rank(delta(close, 60) / (stddev(delta(close, 1), 60) + 1e-5)) * decay_linear(zscore(volume, 60), 60) * cs_rank(vwap)
[reward_only] iter 38/50 [OK ] reward=-19.2857  rank(delta(close, 60) / (stddev(delta(close, 1), 60) + 1e-5)) * decay_linear(zscore(volume, 60), 60) * cs_rank(vwap)
[reward_only] iter 39/50 [OK ] reward=-19.2857  rank(delta(close, 60) / (stddev(delta(close, 1), 60) + 1e-5)) * decay_linear(zscore(volume, 60), 60) * cs_rank(vwap)
[reward_only] iter 40/50 [OK ] reward=-19.2857  rank(delta(close, 60) / (stddev(delta(close, 1), 60) + 1e-5)) * decay_linear(zscore(volume, 60), 60) * cs_rank(vwap)
[reward_only] iter 41/50 [OK ] reward=-19.2857  rank(delta(close, 60) / (stddev(delta(close, 1), 60) + 1e-5)) * decay_linear(zscore(volume, 60), 60) * cs_rank(vwap)
[reward_only] iter 42/50 [OK ] reward=-19.2857  rank(delta(close, 60) / (stddev(delta(close, 1), 60) + 1e-5)) * decay_linear(zscore(volume, 60), 60) * cs_rank(vwap)
[reward_only] iter 43/50 [OK ] reward=-19.2857  rank(delta(close, 60) / (stddev(delta(close, 1), 60) + 1e-5)) * decay_linear(zscore(volume, 60), 60) * cs_rank(vwap)
[reward_only] iter 44/50 [OK ] reward=-19.2857  rank(delta(close, 60) / (stddev(delta(close, 1), 60) + 1e-5)) * decay_linear(zscore(volume, 60), 60) * cs_rank(vwap)
[reward_only] iter 45/50 [OK ] reward=-19.2857  rank(delta(close, 60) / (stddev(delta(close, 1), 60) + 1e-5)) * decay_linear(zscore(volume, 60), 60) * cs_rank(vwap)
[reward_only] iter 46/50 [OK ] reward=-18.8542  rank(delta(close, 60) / (stddev(delta(close, 1), 60) + 1e-5)) * decay_linear(zscore(volume, 60), 60) * cs_rank(vwap) * cs_rank(open)
[reward_only] iter 47/50 [OK ] reward=-66.3381  cs_rank(rank(delta(close, 60) / (stddev(delta(close, 1), 60) + 1e-5)) * zscore(volume, 60)) * cs_rank(vwap) * cs_rank(open)
[reward_only] iter 48/50 [OK ] reward=-135.7522  cs_rank(delta(close, 60) / (stddev(delta(close, 1), 60) + 1e-5)) * zscore(volume, 60) * cs_rank(vwap)
[reward_only] iter 49/50 [OK ] reward=-19.2857  rank(delta(close, 60) / (stddev(delta(close, 1), 60) + 1e-5)) * decay_linear(zscore(volume, 60), 60) * cs_rank(vwap)
[reward_only] iter 50/50 [OK ] reward=-19.2857  rank(delta(close, 60) / (stddev(delta(close, 1), 60) + 1e-5)) * decay_linear(zscore(volume, 60), 60) * cs_rank(vwap)
[wfo:reward_only] fold 9 winner: rank(delta(close, 60) / (stddev(delta(close, 1), 60) + 1e-5)) * decay_linear(zscore(volume, 60), 60) * cs_rank(vwap) * cs_rank(open)
[wfo:reward_only] fold 9 OOS: Gross_IR=-0.569 Turnover=36.26 Net_IR=-2.490
[wfo:reward_only] fold 10: train 2011-01-01..2015-12-31 -> test 2016-01-01..2016-12-31
[reward_only] iter  0/50 [SEED] reward=-21.1245  rank(delta(close, 60) / (stddev(delta(close, 1), 60) + 1e-5))
[reward_only] iter  1/50 [OK ] reward=-94.2433  rank(delta(close, 60) / (stddev(delta(close, 1), 60) + 1e-5)) + rank(volume / (sma(volume, 60) + 1e-5))
[reward_only] iter  2/50 [OK ] reward=-94.2433  rank(delta(close, 60) / (stddev(delta(close, 1), 60) + 1e-5)) + rank(volume / (sma(volume, 60) + 1e-5))
[reward_only] iter  3/50 [OK ] reward=-94.2433  rank(delta(close, 60) / (stddev(delta(close, 1), 60) + 1e-5)) + rank(volume / (sma(volume, 60) + 1e-5))
[reward_only] iter  4/50 [OK ] reward=-94.2433  rank(delta(close, 60) / (stddev(delta(close, 1), 60) + 1e-5)) + rank(volume / (sma(volume, 60) + 1e-5))
[reward_only] iter  5/50 [OK ] reward=-21.1245  cs_rank(delta(close, 60) / (stddev(delta(close, 1), 60) + 1e-5))
[reward_only] iter  6/50 [OK ] reward=-22.5148  cs_rank(delta(close, 60) / (stddev(delta(close, 1), 60) + 1e-5) * decay_linear(ts_rank(vwap, 20), 10))
[reward_only] iter  7/50 [OK ] reward=-32.8074  rank(delta(close, 60) / (stddev(delta(close, 1), 60) + 1e-5) * ts_rank(vwap, 20))
[reward_only] iter  8/50 [OK ] reward=-20.8550  rank(delta(close, 60) / (stddev(delta(close, 1), 60) + 1e-5) * decay_linear(vwap, 20))
[reward_only] iter  9/50 [OK ] reward=-28.9719  rank(delta(close, 60) / (stddev(delta(close, 1), 60) + 1e-5) * decay_linear(vwap, 20) * cs_rank(volume))
[reward_only] iter 10/50 [OK ] reward=-20.8550  rank(delta(close, 60) / (stddev(delta(close, 1), 60) + 1e-5) * decay_linear(vwap, 20))
[reward_only] iter 11/50 [OK ] reward=-28.9719  rank(delta(close, 60) / (stddev(delta(close, 1), 60) + 1e-5) * decay_linear(vwap, 20) * cs_rank(volume))
[reward_only] iter 12/50 [OK ] reward=-20.8550  rank(delta(close, 60) / (stddev(delta(close, 1), 60) + 1e-5) * decay_linear(vwap, 20))
[reward_only] iter 13/50 [OK ] reward=-20.9608  cs_rank(delta(close, 60) / (stddev(delta(close, 1), 60) + 1e-5) * decay_linear(vwap, 20) + zscore(volume, 60))
[reward_only] iter 14/50 [OK ] reward=-20.8550  rank(delta(close, 60) / (stddev(delta(close, 1), 60) + 1e-5) * decay_linear(vwap, 20))
[reward_only] iter 15/50 [OK ] reward=-28.9719  rank(delta(close, 60) / (stddev(delta(close, 1), 60) + 1e-5) * decay_linear(vwap, 20) * cs_rank(volume))
[reward_only] iter 16/50 [OK ] reward=-20.8550  rank(delta(close, 60) / (stddev(delta(close, 1), 60) + 1e-5) * decay_linear(vwap, 20))
[reward_only] iter 17/50 [OK ] reward=-28.9719  rank(delta(close, 60) / (stddev(delta(close, 1), 60) + 1e-5) * decay_linear(vwap, 20) * cs_rank(volume))
[reward_only] iter 18/50 [OK ] reward=-20.8550  rank(delta(close, 60) / (stddev(delta(close, 1), 60) + 1e-5) * decay_linear(vwap, 20))
[reward_only] iter 19/50 [ERR] reward=    -inf  cs_rank(delta(close, 60) / (stddev(delta(close, 1), 60) + 1e-5) * decay_linear(vwap, 20) * (close / open - 1))
[reward_only] iter 20/50 [ERR] reward=    -inf  cs_rank(delta(close, 60) / (stddev(delta(close, 1), 60) + 1e-5) * decay_linear(vwap, 20) * cs_rank(close / open - 1))
[reward_only] iter 21/50 [ERR] reward=    -inf  cs_rank(delta(close, 60) / (stddev(delta(close, 1), 60) + 1e-5) * decay_linear(vwap, 20) * cs_rank(close / open - 1 + 1e-5))
[reward_only] iter 22/50 [ERR] reward=    -inf  cs_rank(delta(close, 60) / (stddev(delta(close, 1), 60) + 1e-5) * decay_linear(vwap, 20) * (close / open - 1 + 1e-5))
[reward_only] iter 23/50 [ERR] reward=    -inf  rank(delta(close, 60) / (stddev(delta(close, 1), 60) + 1e-5) * decay_linear(vwap, 20) * cs_rank(close / open))
[reward_only] iter 24/50 [ERR] reward=    -inf  rank(delta(close, 60) / (stddev(delta(close, 1), 60) + 1e-5) * decay_linear(vwap, 20) * (close / open + 1e-5))
[reward_only] iter 25/50 [ERR] reward=    -inf  cs_rank(delta(close, 60) / (stddev(delta(close, 1), 60) + 1e-5) * decay_linear(vwap, 20) * cs_rank(close / open + 1e-5))
[reward_only] iter 26/50 [ERR] reward=    -inf  cs_rank(delta(close, 60) / (stddev(delta(close, 1), 60) + 1e-5) * decay_linear(vwap, 20) * cs_rank(close / open))
[reward_only] iter 27/50 [OK ] reward=-63.3986  rank(delta(close, 60) / (stddev(delta(close, 1), 60) + 1e-5) * decay_linear(vwap, 20) * cs_rank(close / (open + 1e-5)))
[reward_only] iter 28/50 [OK ] reward=-20.8550  rank(delta(close, 60) / (stddev(delta(close, 1), 60) + 1e-5) * decay_linear(vwap, 20))
[reward_only] iter 29/50 [OK ] reward=-28.9719  rank(delta(close, 60) / (stddev(delta(close, 1), 60) + 1e-5) * decay_linear(vwap, 20) * cs_rank(volume))
[reward_only] iter 30/50 [OK ] reward=-20.8550  rank(delta(close, 60) / (stddev(delta(close, 1), 60) + 1e-5) * decay_linear(vwap, 20))
[reward_only] iter 31/50 [OK ] reward=-19.3004  rank(delta(close, 60) / (stddev(delta(close, 1), 60) + 1e-5) * decay_linear(volume, 20))
[reward_only] iter 32/50 [OK ] reward=-19.9993  rank(delta(close, 60) / (stddev(delta(close, 1), 60) + 1e-5) * decay_linear(volume, 20) * cs_rank(vwap))
[reward_only] iter 33/50 [OK ] reward=-19.3004  rank(delta(close, 60) / (stddev(delta(close, 1), 60) + 1e-5) * decay_linear(volume, 20))
[reward_only] iter 34/50 [OK ] reward=-19.9993  rank(delta(close, 60) / (stddev(delta(close, 1), 60) + 1e-5) * decay_linear(volume, 20) * cs_rank(vwap))
[reward_only] iter 35/50 [OK ] reward=-19.3004  rank(delta(close, 60) / (stddev(delta(close, 1), 60) + 1e-5) * decay_linear(volume, 20))
[reward_only] iter 36/50 [OK ] reward=-19.9993  rank(delta(close, 60) / (stddev(delta(close, 1), 60) + 1e-5) * decay_linear(volume, 20) * cs_rank(vwap))
[reward_only] iter 37/50 [OK ] reward=-19.3004  rank(delta(close, 60) / (stddev(delta(close, 1), 60) + 1e-5) * decay_linear(volume, 20))
[reward_only] iter 38/50 [OK ] reward=-19.9993  rank(delta(close, 60) / (stddev(delta(close, 1), 60) + 1e-5) * decay_linear(volume, 20) * cs_rank(vwap))
[reward_only] iter 39/50 [OK ] reward=-19.3004  rank(delta(close, 60) / (stddev(delta(close, 1), 60) + 1e-5) * decay_linear(volume, 20))
[reward_only] iter 40/50 [OK ] reward=-19.9993  rank(delta(close, 60) / (stddev(delta(close, 1), 60) + 1e-5) * decay_linear(volume, 20) * cs_rank(vwap))
[reward_only] iter 41/50 [OK ] reward=-19.3004  rank(delta(close, 60) / (stddev(delta(close, 1), 60) + 1e-5) * decay_linear(volume, 20))
[reward_only] iter 42/50 [ERR] reward=    -inf  rank(delta(close, 60) / (stddev(delta(close, 1), 60) + 1e-5) * decay_linear(volume, 20) * cs_rank(close / vwap))
[reward_only] iter 43/50 [OK ] reward=-56.0749  rank(delta(close, 60) / (stddev(delta(close, 1), 60) + 1e-5) * decay_linear(volume, 20) * cs_rank(close / (vwap + 1e-5)))
[reward_only] iter 44/50 [OK ] reward=-19.3004  rank(delta(close, 60) / (stddev(delta(close, 1), 60) + 1e-5) * decay_linear(volume, 20))
[reward_only] iter 45/50 [OK ] reward=-19.9993  rank(delta(close, 60) / (stddev(delta(close, 1), 60) + 1e-5) * decay_linear(volume, 20) * cs_rank(vwap))
[reward_only] iter 46/50 [OK ] reward=-19.3004  rank(delta(close, 60) / (stddev(delta(close, 1), 60) + 1e-5) * decay_linear(volume, 20))
[reward_only] iter 47/50 [OK ] reward=-20.8550  rank(delta(close, 60) / (stddev(delta(close, 1), 60) + 1e-5) * decay_linear(vwap, 20))
[reward_only] iter 48/50 [OK ] reward=-19.9993  rank(delta(close, 60) / (stddev(delta(close, 1), 60) + 1e-5) * decay_linear(volume, 20) * cs_rank(vwap))
[reward_only] iter 49/50 [OK ] reward=-19.3004  rank(delta(close, 60) / (stddev(delta(close, 1), 60) + 1e-5) * decay_linear(volume, 20))
[reward_only] iter 50/50 [OK ] reward=-19.9993  rank(delta(close, 60) / (stddev(delta(close, 1), 60) + 1e-5) * decay_linear(volume, 20) * cs_rank(vwap))
[wfo:reward_only] fold 10 winner: rank(delta(close, 60) / (stddev(delta(close, 1), 60) + 1e-5) * decay_linear(volume, 20))
[wfo:reward_only] fold 10 OOS: Gross_IR=-0.912 Turnover=40.93 Net_IR=-2.633
[wfo:reward_only] fold 11: train 2012-01-01..2016-12-31 -> test 2017-01-01..2017-12-31
[reward_only] iter  0/50 [SEED] reward=-21.8271  rank(delta(close, 60) / (stddev(delta(close, 1), 60) + 1e-5))
[reward_only] iter  1/50 [OK ] reward=-135.0827  rank(delta(close, 60) / (stddev(delta(close, 1), 60) + 1e-5)) + cs_rank(vwap - close)
[reward_only] iter  2/50 [OK ] reward=-135.1825  rank(delta(close, 60) / (stddev(delta(close, 1), 60) + 1e-5)) + cs_rank((high + low) / 2 - close)
[reward_only] iter  3/50 [OK ] reward=-135.1825  cs_rank((high + low) / 2 - close) + rank(delta(close, 60) / (stddev(delta(close, 1), 60) + 1e-5))
[reward_only] iter  4/50 [OK ] reward=-135.1825  rank(delta(close, 60) / (stddev(delta(close, 1), 60) + 1e-5)) + cs_rank((high + low) / 2 - close)
[reward_only] iter  5/50 [OK ] reward=-21.8271  rank(delta(close, 60) / (stddev(delta(close, 1), 60) + 1e-5))
[reward_only] iter  6/50 [OK ] reward=-22.7573  cs_rank(delta(close, 60) / (stddev(delta(close, 1), 60) + 1e-5) + cs_rank(volume / (sma(volume, 60) + 1e-5)))
[reward_only] iter  7/50 [OK ] reward=-22.7573  rank(delta(close, 60) / (stddev(delta(close, 1), 60) + 1e-5) + cs_rank(volume / (sma(volume, 60) + 1e-5)))
[reward_only] iter  8/50 [OK ] reward=-21.9234  rank(delta(close, 60) / (stddev(delta(close, 1), 60) + 1e-5) + cs_rank(volume / (vwap + 1e-5)))
[reward_only] iter  9/50 [ERR] reward=    -inf  rank(delta(close, 60) / (stddev(delta(close, 1), 60) + 1e-5) + cs_rank(volume / vwap))
[reward_only] iter 10/50 [OK ] reward=-21.9234  rank(delta(close, 60) / (stddev(delta(close, 1), 60) + 1e-5) + cs_rank(volume / (vwap + 1e-5)))
[reward_only] iter 11/50 [OK ] reward=-25.7542  rank(delta(close, 60) / (stddev(delta(close, 1), 60) + 1e-5)) + cs_rank(volume / (vwap + 1e-5))
[reward_only] iter 12/50 [OK ] reward=-21.8271  cs_rank(delta(close, 60) / (stddev(delta(close, 1), 60) + 1e-5))
[reward_only] iter 13/50 [OK ] reward=-63.4572  cs_rank(delta(close, 60) / (stddev(delta(close, 1), 60) + 1e-5)) + cs_rank(volume / (stddev(volume, 60) + 1e-5))
[reward_only] iter 14/50 [OK ] reward=-19.8664  cs_rank(delta(close, 60) / (stddev(delta(close, 1), 60) + 1e-5)) + cs_rank(vwap / (stddev(vwap, 60) + 1e-5))
[reward_only] iter 15/50 [OK ] reward=-21.8271  cs_rank(delta(close, 60) / (stddev(delta(close, 1), 60) + 1e-5))
[reward_only] iter 16/50 [OK ] reward=-63.4572  cs_rank(delta(close, 60) / (stddev(delta(close, 1), 60) + 1e-5)) + cs_rank(volume / (stddev(volume, 60) + 1e-5))
[reward_only] iter 17/50 [OK ] reward=-19.8664  cs_rank(delta(close, 60) / (stddev(delta(close, 1), 60) + 1e-5)) + cs_rank(vwap / (stddev(vwap, 60) + 1e-5))
[reward_only] iter 18/50 [OK ] reward=-21.8271  cs_rank(delta(close, 60) / (stddev(delta(close, 1), 60) + 1e-5))
[reward_only] iter 19/50 [OK ] reward=-63.4572  cs_rank(delta(close, 60) / (stddev(delta(close, 1), 60) + 1e-5)) + cs_rank(volume / (stddev(volume, 60) + 1e-5))
[reward_only] iter 20/50 [OK ] reward=-19.8664  cs_rank(delta(close, 60) / (stddev(delta(close, 1), 60) + 1e-5)) + cs_rank(vwap / (stddev(vwap, 60) + 1e-5))
[reward_only] iter 21/50 [OK ] reward=-21.8271  cs_rank(delta(close, 60) / (stddev(delta(close, 1), 60) + 1e-5))
[reward_only] iter 22/50 [OK ] reward=-63.4572  cs_rank(delta(close, 60) / (stddev(delta(close, 1), 60) + 1e-5)) + cs_rank(volume / (stddev(volume, 60) + 1e-5))
[reward_only] iter 23/50 [OK ] reward=-19.8664  cs_rank(delta(close, 60) / (stddev(delta(close, 1), 60) + 1e-5)) + cs_rank(vwap / (stddev(vwap, 60) + 1e-5))
[reward_only] iter 24/50 [OK ] reward=-19.8664  cs_rank(delta(close, 60) / (stddev(delta(close, 1), 60) + 1e-5)) + cs_rank(vwap / (stddev(vwap, 60) + 1e-5))
[reward_only] iter 25/50 [OK ] reward=-19.8664  cs_rank(delta(close, 60) / (stddev(delta(close, 1), 60) + 1e-5)) + cs_rank(vwap / (stddev(vwap, 60) + 1e-5))
[reward_only] iter 26/50 [OK ] reward=-19.8664  cs_rank(delta(close, 60) / (stddev(delta(close, 1), 60) + 1e-5)) + cs_rank(vwap / (stddev(vwap, 60) + 1e-5))
[reward_only] iter 27/50 [OK ] reward=-21.8271  cs_rank(delta(close, 60) / (stddev(delta(close, 1), 60) + 1e-5))
[reward_only] iter 28/50 [OK ] reward=-63.4572  cs_rank(delta(close, 60) / (stddev(delta(close, 1), 60) + 1e-5)) + cs_rank(volume / (stddev(volume, 60) + 1e-5))
[reward_only] iter 29/50 [OK ] reward=-19.8664  cs_rank(delta(close, 60) / (stddev(delta(close, 1), 60) + 1e-5)) + cs_rank(vwap / (stddev(vwap, 60) + 1e-5))
[reward_only] iter 30/50 [OK ] reward=-21.8271  cs_rank(delta(close, 60) / (stddev(delta(close, 1), 60) + 1e-5))
[reward_only] iter 31/50 [OK ] reward=-63.4572  cs_rank(delta(close, 60) / (stddev(delta(close, 1), 60) + 1e-5)) + cs_rank(volume / (stddev(volume, 60) + 1e-5))
[reward_only] iter 32/50 [OK ] reward=-59.6884  cs_rank(delta(close, 60) / (stddev(delta(close, 1), 60) + 1e-5)) + cs_rank(vwap / (stddev(vwap, 60) + 1e-5)) - cs_rank(volume / (stddev(volume, 60) + 1e-5))
[reward_only] iter 33/50 [OK ] reward=-19.8664  cs_rank(delta(close, 60) / (stddev(delta(close, 1), 60) + 1e-5)) + cs_rank(vwap / (stddev(vwap, 60) + 1e-5))
[reward_only] iter 34/50 [OK ] reward=-19.8664  cs_rank(delta(close, 60) / (stddev(delta(close, 1), 60) + 1e-5)) + cs_rank(vwap / (stddev(vwap, 60) + 1e-5))
[reward_only] iter 35/50 [OK ] reward=-19.8664  cs_rank(delta(close, 60) / (stddev(delta(close, 1), 60) + 1e-5)) + cs_rank(vwap / (stddev(vwap, 60) + 1e-5))
[reward_only] iter 36/50 [OK ] reward=-19.8664  cs_rank(delta(close, 60) / (stddev(delta(close, 1), 60) + 1e-5)) + cs_rank(vwap / (stddev(vwap, 60) + 1e-5))
[reward_only] iter 37/50 [OK ] reward=-19.8664  cs_rank(delta(close, 60) / (stddev(delta(close, 1), 60) + 1e-5)) + cs_rank(vwap / (stddev(vwap, 60) + 1e-5))
[reward_only] iter 38/50 [OK ] reward=-19.8664  cs_rank(delta(close, 60) / (stddev(delta(close, 1), 60) + 1e-5)) + cs_rank(vwap / (stddev(vwap, 60) + 1e-5))
[reward_only] iter 39/50 [OK ] reward=-19.8664  cs_rank(delta(close, 60) / (stddev(delta(close, 1), 60) + 1e-5)) + cs_rank(vwap / (stddev(vwap, 60) + 1e-5))
[reward_only] iter 40/50 [OK ] reward=-21.8271  cs_rank(delta(close, 60) / (stddev(delta(close, 1), 60) + 1e-5))
[reward_only] iter 41/50 [OK ] reward=-49.8379  cs_rank(delta(close, 60) / (stddev(delta(close, 1), 60) + 1e-5)) + cs_rank(vwap / (stddev(vwap, 60) + 1e-5)) + cs_rank(volume / (stddev(volume, 60) + 1e-5))
[reward_only] iter 42/50 [OK ] reward=-19.8664  cs_rank(delta(close, 60) / (stddev(delta(close, 1), 60) + 1e-5)) + cs_rank(vwap / (stddev(vwap, 60) + 1e-5))
[reward_only] iter 43/50 [OK ] reward=-21.8271  cs_rank(delta(close, 60) / (stddev(delta(close, 1), 60) + 1e-5))
[reward_only] iter 44/50 [OK ] reward=-63.4572  cs_rank(delta(close, 60) / (stddev(delta(close, 1), 60) + 1e-5)) + cs_rank(volume / (stddev(volume, 60) + 1e-5))
[reward_only] iter 45/50 [OK ] reward=-19.8664  cs_rank(delta(close, 60) / (stddev(delta(close, 1), 60) + 1e-5)) + cs_rank(vwap / (stddev(vwap, 60) + 1e-5))
[reward_only] iter 46/50 [OK ] reward=-21.8271  cs_rank(delta(close, 60) / (stddev(delta(close, 1), 60) + 1e-5))
[reward_only] iter 47/50 [OK ] reward=-63.4572  cs_rank(delta(close, 60) / (stddev(delta(close, 1), 60) + 1e-5)) + cs_rank(volume / (stddev(volume, 60) + 1e-5))
[reward_only] iter 48/50 [OK ] reward=-19.8664  cs_rank(delta(close, 60) / (stddev(delta(close, 1), 60) + 1e-5)) + cs_rank(vwap / (stddev(vwap, 60) + 1e-5))
[reward_only] iter 49/50 [OK ] reward=-21.8271  cs_rank(delta(close, 60) / (stddev(delta(close, 1), 60) + 1e-5))
[reward_only] iter 50/50 [OK ] reward=-63.4572  cs_rank(delta(close, 60) / (stddev(delta(close, 1), 60) + 1e-5)) + cs_rank(volume / (stddev(volume, 60) + 1e-5))
[wfo:reward_only] fold 11 winner: cs_rank(delta(close, 60) / (stddev(delta(close, 1), 60) + 1e-5)) + cs_rank(vwap / (stddev(vwap, 60) + 1e-5))
[wfo:reward_only] fold 11 OOS: Gross_IR=1.613 Turnover=35.14 Net_IR=0.196
[wfo:reward_only] fold 12: train 2013-01-01..2017-12-31 -> test 2018-01-01..2018-12-31
[reward_only] iter  0/50 [SEED] reward=-21.2084  rank(delta(close, 60) / (stddev(delta(close, 1), 60) + 1e-5))
[reward_only] iter  1/50 [OK ] reward=-21.1685  rank((delta(close, 60) / (stddev(delta(close, 1), 60) + 1e-5)) + cs_rank(vwap))
[reward_only] iter  2/50 [OK ] reward=-21.9368  rank((delta(close, 60) / (stddev(delta(close, 1), 60) + 1e-5)) + cs_rank(vwap) + ts_rank(volume, 60))
[reward_only] iter  3/50 [OK ] reward=-21.1685  rank((delta(close, 60) / (stddev(delta(close, 1), 60) + 1e-5)) + cs_rank(vwap))
[reward_only] iter  4/50 [OK ] reward=-21.2869  rank((delta(close, 60) / (stddev(delta(close, 1), 60) + 1e-5)) + cs_rank(vwap * sma(volume, 20)))
[reward_only] iter  5/50 [OK ] reward=-21.4036  rank((delta(close, 60) / (stddev(delta(close, 1), 60) + 1e-5)) + cs_rank(vwap * volume))
[reward_only] iter  6/50 [OK ] reward=-21.1685  rank((delta(close, 60) / (stddev(delta(close, 1), 60) + 1e-5)) + cs_rank(vwap))
[reward_only] iter  7/50 [OK ] reward=-20.8611  rank((delta(close, 60) / (stddev(delta(close, 1), 60) + 1e-5)) + cs_rank(vwap) + decay_linear(high - low, 20))
[reward_only] iter  8/50 [OK ] reward=-21.1829  rank((delta(close, 60) / (stddev(delta(close, 1), 60) + 1e-5)) + cs_rank(volume) + decay_linear(high - low, 20))
[reward_only] iter  9/50 [OK ] reward=-24.2738  rank((delta(close, 60) / (stddev(delta(close, 1), 60) + 1e-5)) + cs_rank(vwap) + (high - low))
[reward_only] iter 10/50 [OK ] reward=-20.8611  rank((delta(close, 60) / (stddev(delta(close, 1), 60) + 1e-5)) + cs_rank(vwap) + decay_linear(high - low, 20))
[reward_only] iter 11/50 [OK ] reward=-29.7720  rank((delta(close, 60) / (stddev(delta(close, 1), 60) + 1e-5)) + cs_rank(vwap) + (high - low) / (stddev(high - low, 20) + 1e-5))
[reward_only] iter 12/50 [OK ] reward=-20.8611  rank((delta(close, 60) / (stddev(delta(close, 1), 60) + 1e-5)) + cs_rank(vwap) + decay_linear(high - low, 20))
[reward_only] iter 13/50 [OK ] reward=-24.2738  rank((delta(close, 60) / (stddev(delta(close, 1), 60) + 1e-5)) + cs_rank(vwap) + (high - low))
[reward_only] iter 14/50 [OK ] reward=-24.2738  rank((delta(close, 60) / (stddev(delta(close, 1), 60) + 1e-5)) + cs_rank(vwap) + (high - low))
[reward_only] iter 15/50 [OK ] reward=-20.8611  rank((delta(close, 60) / (stddev(delta(close, 1), 60) + 1e-5)) + cs_rank(vwap) + decay_linear(high - low, 20))
[reward_only] iter 16/50 [OK ] reward=-21.1685  rank((delta(close, 60) / (stddev(delta(close, 1), 60) + 1e-5)) + cs_rank(vwap))
[reward_only] iter 17/50 [OK ] reward=-20.8611  rank((delta(close, 60) / (stddev(delta(close, 1), 60) + 1e-5)) + cs_rank(vwap) + decay_linear(high - low, 20))
[reward_only] iter 18/50 [OK ] reward=-24.2738  rank((delta(close, 60) / (stddev(delta(close, 1), 60) + 1e-5)) + cs_rank(vwap) + high - low)
[reward_only] iter 19/50 [OK ] reward=-20.8611  rank((delta(close, 60) / (stddev(delta(close, 1), 60) + 1e-5)) + cs_rank(vwap) + decay_linear(high - low, 20))
[reward_only] iter 20/50 [OK ] reward=-24.2738  rank((delta(close, 60) / (stddev(delta(close, 1), 60) + 1e-5)) + cs_rank(vwap) + (high - low))
[reward_only] iter 21/50 [OK ] reward=-20.8611  rank((delta(close, 60) / (stddev(delta(close, 1), 60) + 1e-5)) + cs_rank(vwap) + decay_linear(high - low, 20))
[reward_only] iter 22/50 [OK ] reward=-21.1685  rank((delta(close, 60) / (stddev(delta(close, 1), 60) + 1e-5)) + cs_rank(vwap))
[reward_only] iter 23/50 [OK ] reward=-21.6731  rank((delta(close, 60) / (stddev(delta(close, 1), 60) + 1e-5)) + cs_rank(vwap) + decay_linear(high - low, 20) + ts_rank(volume, 60))
[reward_only] iter 24/50 [OK ] reward=-20.8611  rank((delta(close, 60) / (stddev(delta(close, 1), 60) + 1e-5)) + cs_rank(vwap) + decay_linear(high - low, 20))
[reward_only] iter 25/50 [ERR] reward=    -inf  rank((delta(close, 60) / (stddev(delta(close, 1), 60) + 1e-5)) + cs_rank(volume) + (high - low) / stddev(high - low, 20))
[reward_only] iter 26/50 [OK ] reward=-21.1675  rank((delta(close, 60) / (stddev(delta(close, 1), 60) + 1e-5)) + cs_rank(vwap) + decay_linear(high - low, 20) + cs_rank(volume))
[reward_only] iter 27/50 [OK ] reward=-20.8611  rank((delta(close, 60) / (stddev(delta(close, 1), 60) + 1e-5)) + cs_rank(vwap) + decay_linear(high - low, 20))
[reward_only] iter 28/50 [OK ] reward= -4.8638  rank((delta(close, 60) / (stddev(delta(close, 1), 60) + 1e-5)) + cs_rank(vwap) + decay_linear(volume, 20))
[reward_only] iter 29/50 [OK ] reward=-21.1685  rank((delta(close, 60) / (stddev(delta(close, 1), 60) + 1e-5)) + cs_rank(vwap))
[reward_only] iter 30/50 [OK ] reward= -4.8638  rank((delta(close, 60) / (stddev(delta(close, 1), 60) + 1e-5)) + cs_rank(vwap) + decay_linear(volume, 20))
[reward_only] iter 31/50 [OK ] reward=-21.1685  rank((delta(close, 60) / (stddev(delta(close, 1), 60) + 1e-5)) + cs_rank(vwap))
[reward_only] iter 32/50 [OK ] reward= -4.9638  rank((delta(close, 60) / (stddev(delta(close, 1), 60) + 1e-5)) + cs_rank(vwap) + decay_linear(volume, 20) + ts_rank(high, 20))
[reward_only] iter 33/50 [OK ] reward= -4.8638  rank((delta(close, 60) / (stddev(delta(close, 1), 60) + 1e-5)) + cs_rank(vwap) + decay_linear(volume, 20))
[reward_only] iter 34/50 [OK ] reward=-21.1685  rank((delta(close, 60) / (stddev(delta(close, 1), 60) + 1e-5)) + cs_rank(vwap))
[reward_only] iter 35/50 [OK ] reward= -4.9638  rank((delta(close, 60) / (stddev(delta(close, 1), 60) + 1e-5)) + cs_rank(vwap) + decay_linear(volume, 20) + ts_rank(close, 60))
[reward_only] iter 36/50 [OK ] reward= -4.8638  rank((delta(close, 60) / (stddev(delta(close, 1), 60) + 1e-5)) + cs_rank(vwap) + decay_linear(volume, 20))
[reward_only] iter 37/50 [OK ] reward= -4.7638  rank((delta(close, 60) / (stddev(delta(close, 1), 60) + 1e-5)) + decay_linear(volume, 20))
[reward_only] iter 38/50 [OK ] reward= -4.9638  rank((delta(close, 60) / (stddev(delta(close, 1), 60) + 1e-5)) + decay_linear(volume, 20) + (high - low) / (vwap + 1e-5))
[reward_only] iter 39/50 [OK ] reward= -4.7638  rank((delta(close, 60) / (stddev(delta(close, 1), 60) + 1e-5)) + decay_linear(volume, 20))
[reward_only] iter 40/50 [OK ] reward= -6.4606  rank((delta(close, 60) / (stddev(delta(close, 1), 60) + 1e-5)) + decay_linear(vwap, 20))
[reward_only] iter 41/50 [OK ] reward=-169.0412  cs_rank((close - open) / (volume + 1e-5))
[reward_only] iter 42/50 [OK ] reward= -5.0138  rank((delta(close, 60) / (stddev(delta(close, 1), 60) + 1e-5)) + decay_linear(volume, 20) + cs_rank((close - open) / (volume + 1e-5)))
[reward_only] iter 43/50 [OK ] reward= -4.7638  rank((delta(close, 60) / (stddev(delta(close, 1), 60) + 1e-5)) + decay_linear(volume, 20))
[reward_only] iter 44/50 [OK ] reward= -4.8638  rank((delta(close, 60) / (stddev(delta(close, 1), 60) + 1e-5)) + decay_linear(volume, 20) + ts_rank(vwap, 60))
[reward_only] iter 45/50 [OK ] reward= -4.7638  rank((delta(close, 60) / (stddev(delta(close, 1), 60) + 1e-5)) + decay_linear(volume, 20))
[reward_only] iter 46/50 [OK ] reward= -4.8638  rank((delta(close, 60) / (stddev(delta(close, 1), 60) + 1e-5)) + decay_linear(volume, 20) + cs_rank(vwap))
[reward_only] iter 47/50 [OK ] reward= -4.7638  rank((delta(close, 60) / (stddev(delta(close, 1), 60) + 1e-5)) + decay_linear(volume, 20))
[reward_only] iter 48/50 [OK ] reward= -4.8638  rank((delta(close, 60) / (stddev(delta(close, 1), 60) + 1e-5)) + decay_linear(volume, 20) + zscore(vwap, 60))
[reward_only] iter 49/50 [OK ] reward= -4.7638  rank((delta(close, 60) / (stddev(delta(close, 1), 60) + 1e-5)) + decay_linear(volume, 20))
[reward_only] iter 50/50 [OK ] reward= -4.8638  rank((delta(close, 60) / (stddev(delta(close, 1), 60) + 1e-5)) + decay_linear(volume, 20) + cs_rank(vwap))
[wfo:reward_only] fold 12 winner: rank((delta(close, 60) / (stddev(delta(close, 1), 60) + 1e-5)) + decay_linear(volume, 20))
[wfo:reward_only] fold 12 OOS: Gross_IR=0.506 Turnover=9.41 Net_IR=-0.105
[wfo:reward_only] fold 13: train 2014-01-01..2018-12-31 -> test 2019-01-01..2019-12-31
[reward_only] iter  0/50 [SEED] reward=-21.1642  rank(delta(close, 60) / (stddev(delta(close, 1), 60) + 1e-5))
[reward_only] iter  1/50 [OK ] reward=-21.2127  rank(delta(close, 60) / (stddev(delta(close, 1), 60) + 1e-5) + cs_rank(volume))
[reward_only] iter  2/50 [OK ] reward=-21.1942  cs_rank(delta(close, 60) / (stddev(delta(close, 1), 60) + 1e-5) + decay_linear(cs_rank(volume), 60))
[reward_only] iter  3/50 [OK ] reward=-16.8204  rank(delta(close, 60) / (stddev(delta(close, 1), 60) + 1e-5)) + decay_linear(cs_rank(volume), 60)
[reward_only] iter  4/50 [OK ] reward=-34.0304  rank(delta(close, 60) / (stddev(delta(close, 1), 60) + 1e-5)) + cs_rank(volume)
[reward_only] iter  5/50 [OK ] reward=-20.1032  rank(delta(close, 60) / (stddev(delta(close, 1), 60) + 1e-5)) + decay_linear(cs_rank(volume), 60) * 0.5
[reward_only] iter  6/50 [OK ] reward=-16.8204  rank(delta(close, 60) / (stddev(delta(close, 1), 60) + 1e-5)) + decay_linear(cs_rank(volume), 60)
[reward_only] iter  7/50 [OK ] reward=-34.0304  rank(delta(close, 60) / (stddev(delta(close, 1), 60) + 1e-5)) + cs_rank(volume)
[reward_only] iter  8/50 [OK ] reward=-60.5465  rank(delta(close, 60) / (stddev(delta(close, 1), 60) + 1e-5)) + decay_linear(cs_rank(volume), 60) + rank(high - low)
[reward_only] iter  9/50 [OK ] reward=-16.8204  rank(delta(close, 60) / (stddev(delta(close, 1), 60) + 1e-5)) + decay_linear(cs_rank(volume), 60)
[reward_only] iter 10/50 [OK ] reward=-34.0304  rank(delta(close, 60) / (stddev(delta(close, 1), 60) + 1e-5)) + cs_rank(volume)
[reward_only] iter 11/50 [OK ] reward=-34.1141  rank(delta(close, 60) / (stddev(delta(close, 1), 60) + 1e-5)) + decay_linear(cs_rank(volume), 60) + ts_rank(zscore(close, 60), 60)
[reward_only] iter 12/50 [OK ] reward=-16.8204  rank(delta(close, 60) / (stddev(delta(close, 1), 60) + 1e-5)) + decay_linear(cs_rank(volume), 60)
[reward_only] iter 13/50 [OK ] reward=-34.0304  rank(delta(close, 60) / (stddev(delta(close, 1), 60) + 1e-5)) + cs_rank(volume)
[reward_only] iter 14/50 [OK ] reward=-18.9763  rank(delta(close, 60) / (stddev(delta(close, 1), 60) + 1e-5)) + decay_linear(cs_rank(volume), 60) + cs_rank(vwap)
[reward_only] iter 15/50 [OK ] reward=-16.8204  rank(delta(close, 60) / (stddev(delta(close, 1), 60) + 1e-5)) + decay_linear(cs_rank(volume), 60)
[reward_only] iter 16/50 [OK ] reward=-34.0304  rank(delta(close, 60) / (stddev(delta(close, 1), 60) + 1e-5)) + cs_rank(volume)
[reward_only] iter 17/50 [OK ] reward=-23.1318  rank(delta(close, 60) / (stddev(delta(close, 1), 60) + 1e-5)) + decay_linear(cs_rank(volume), 60) + ts_rank(vwap, 60)
[reward_only] iter 18/50 [OK ] reward=-16.8204  rank(delta(close, 60) / (stddev(delta(close, 1), 60) + 1e-5)) + decay_linear(cs_rank(volume), 60)
[reward_only] iter 19/50 [OK ] reward= -1.2987  rank(delta(close, 60) / (stddev(delta(close, 1), 60) + 1e-5)) + decay_linear(volume, 60)
[reward_only] iter 20/50 [OK ] reward= -1.4487  rank(delta(close, 60) / (stddev(delta(close, 1), 60) + 1e-5)) + decay_linear(volume, 60) + ts_rank(high - low, 60)
[reward_only] iter 21/50 [OK ] reward= -1.2987  rank(delta(close, 60) / (stddev(delta(close, 1), 60) + 1e-5)) + decay_linear(volume, 60)
[reward_only] iter 22/50 [ERR] reward=    -inf  rank(delta(close, 60) / (stddev(delta(close, 1), 60) + 1e-5)) + decay_linear(volume, 60) + cs_rank(close / vwap)
[reward_only] iter 23/50 [OK ] reward= -1.4987  rank(delta(close, 60) / (stddev(delta(close, 1), 60) + 1e-5)) + decay_linear(volume, 60) + cs_rank(close / (vwap + 1e-5))
[reward_only] iter 24/50 [OK ] reward= -1.2987  rank(delta(close, 60) / (stddev(delta(close, 1), 60) + 1e-5)) + decay_linear(volume, 60)
[reward_only] iter 25/50 [OK ] reward=-16.8204  rank(delta(close, 60) / (stddev(delta(close, 1), 60) + 1e-5)) + decay_linear(cs_rank(volume), 60)
[reward_only] iter 26/50 [OK ] reward= -1.2987  rank(delta(close, 60) / (stddev(delta(close, 1), 60) + 1e-5)) + decay_linear(volume, 60)
[reward_only] iter 27/50 [OK ] reward= -1.3987  rank(delta(close, 60) / (stddev(delta(close, 1), 60) + 1e-5)) + decay_linear(volume, 60) + ts_rank(close, 60)
[reward_only] iter 28/50 [OK ] reward= -1.2987  rank(delta(close, 60) / (stddev(delta(close, 1), 60) + 1e-5)) + decay_linear(volume, 60)
[reward_only] iter 29/50 [ERR] reward=    -inf  cs_rank(close / vwap) + decay_linear(ts_rank(volume, 60), 60)
[reward_only] iter 30/50 [OK ] reward= -1.2987  rank(delta(close, 60) / (stddev(delta(close, 1), 60) + 1e-5)) + decay_linear(volume, 60)
[reward_only] iter 31/50 [OK ] reward= -1.4487  rank(delta(close, 60) / (stddev(delta(close, 1), 60) + 1e-5)) + decay_linear(volume, 60) + cs_rank(open - close)
[reward_only] iter 32/50 [OK ] reward= -1.2987  rank(delta(close, 60) / (stddev(delta(close, 1), 60) + 1e-5)) + decay_linear(volume, 60)
[reward_only] iter 33/50 [OK ] reward=-22.6096  rank(delta(close, 60) / (stddev(delta(close, 1), 60) + 1e-5)) + decay_linear(ts_rank(volume, 60), 60)
[reward_only] iter 34/50 [OK ] reward= -1.2987  rank(delta(close, 60) / (stddev(delta(close, 1), 60) + 1e-5)) + decay_linear(volume, 60)
[reward_only] iter 35/50 [OK ] reward= -2.3635  cs_rank((delta(close, 60) / (stddev(delta(close, 1), 60) + 1e-5)) + decay_linear(volume, 60))
[reward_only] iter 36/50 [OK ] reward=-22.6096  rank(delta(close, 60) / (stddev(delta(close, 1), 60) + 1e-5)) + decay_linear(ts_rank(volume, 60), 60)
[reward_only] iter 37/50 [OK ] reward= -1.2987  rank(delta(close, 60) / (stddev(delta(close, 1), 60) + 1e-5)) + decay_linear(volume, 60)
[reward_only] iter 38/50 [OK ] reward= -1.2987  cs_rank(delta(close, 60) / (stddev(delta(close, 1), 60) + 1e-5)) + decay_linear(volume, 60)
[reward_only] iter 39/50 [OK ] reward= -1.3987  cs_rank(delta(close, 60) / (stddev(delta(close, 1), 60) + 1e-5)) + decay_linear(volume, 60) + ts_rank(close, 60)
[reward_only] iter 40/50 [OK ] reward= -1.2987  rank(delta(close, 60) / (stddev(delta(close, 1), 60) + 1e-5)) + decay_linear(volume, 60)
[reward_only] iter 41/50 [OK ] reward= -1.4487  rank(delta(close, 60) / (stddev(delta(close, 1), 60) + 1e-5)) + decay_linear(volume, 60) - cs_rank(log(volume))
[reward_only] iter 42/50 [OK ] reward= -1.2987  rank(delta(close, 60) / (stddev(delta(close, 1), 60) + 1e-5)) + decay_linear(volume, 60)
[reward_only] iter 43/50 [ERR] reward=    -inf  rank(delta(close, 60) / (stddev(delta(close, 1), 60) + 1e-5)) + decay_linear(volume, 60) + cs_rank(vwap / close)
[reward_only] iter 44/50 [OK ] reward= -1.4987  rank(delta(close, 60) / (stddev(delta(close, 1), 60) + 1e-5)) + decay_linear(volume, 60) + cs_rank(vwap / (close + 1e-5))
[reward_only] iter 45/50 [OK ] reward= -1.2987  rank(delta(close, 60) / (stddev(delta(close, 1), 60) + 1e-5)) + decay_linear(volume, 60)
[reward_only] iter 46/50 [OK ] reward=-16.8204  rank(delta(close, 60) / (stddev(delta(close, 1), 60) + 1e-5)) + decay_linear(cs_rank(volume), 60)
[reward_only] iter 47/50 [OK ] reward= -1.2987  rank(delta(close, 60) / (stddev(delta(close, 1), 60) + 1e-5)) + decay_linear(volume, 60)
[reward_only] iter 48/50 [OK ] reward= -3.1320  rank(delta(close, 60) / (stddev(delta(close, 1), 60) + 1e-5)) + decay_linear(vwap, 60)
[reward_only] iter 49/50 [ERR] reward=    -inf  cs_rank(close / vwap) + ts_rank(volume, 60)
[reward_only] iter 50/50 [OK ] reward= -1.4987  rank(delta(close, 60) / (stddev(delta(close, 1), 60) + 1e-5)) + decay_linear(volume, 60) + ts_rank(close / (vwap + 1e-5), 60)
[wfo:reward_only] fold 13 winner: rank(delta(close, 60) / (stddev(delta(close, 1), 60) + 1e-5)) + decay_linear(volume, 60)
[wfo:reward_only] fold 13 OOS: Gross_IR=1.583 Turnover=3.64 Net_IR=1.498
[wfo:reward_only] fold 14: train 2015-01-01..2019-12-31 -> test 2020-01-01..2020-12-31
[reward_only] iter  0/50 [SEED] reward=-21.7289  rank(delta(close, 60) / (stddev(delta(close, 1), 60) + 1e-5))
[reward_only] iter  1/50 [OK ] reward=-63.6896  cs_rank(delta(close, 60) / (stddev(delta(close, 1), 60) + 1e-5)) + cs_rank(volume / (stddev(volume, 60) + 1e-5))
[reward_only] iter  2/50 [OK ] reward=-33.2161  cs_rank(delta(close, 60) / (stddev(delta(close, 1), 60) + 1e-5)) + cs_rank(volume / (volume + 1e-5))
[reward_only] iter  3/50 [OK ] reward=-21.7289  rank(delta(close, 60) / (stddev(delta(close, 1), 60) + 1e-5))
[reward_only] iter  4/50 [OK ] reward=-21.7420  rank(delta(close, 60) / (stddev(delta(close, 1), 60) + 1e-5) + cs_rank(volume))
[reward_only] iter  5/50 [OK ] reward=-21.8092  rank(delta(close, 60) / (stddev(delta(close, 1), 60) + 1e-5) + cs_rank(volume / (close + 1e-5)))
[reward_only] iter  6/50 [OK ] reward=-24.7419  rank(delta(close, 60) / (stddev(delta(close, 1), 60) + 1e-5)) + cs_rank(volume / (close + 1e-5))
[reward_only] iter  7/50 [OK ] reward=-21.7289  rank(delta(close, 60) / (stddev(delta(close, 1), 60) + 1e-5))
[reward_only] iter  8/50 [OK ] reward=-33.1159  rank(delta(close, 60) / (stddev(delta(close, 1), 60) + 1e-5)) + cs_rank(volume)
[reward_only] iter  9/50 [ERR] reward=    -inf  cs_rank((close - open) / (high - low)) * rank(delta(close, 60) / (stddev(delta(close, 1), 60) + 1e-5))
[reward_only] iter 10/50 [OK ] reward=-126.8031  cs_rank(delta(close, 60) / (stddev(delta(close, 1), 60) + 1e-5)) * cs_rank((close - open) / (high - low + 1e-5))
[reward_only] iter 11/50 [OK ] reward=-126.8031  rank(delta(close, 60) / (stddev(delta(close, 1), 60) + 1e-5)) * rank((close - open) / (high - low + 1e-5))
[reward_only] iter 12/50 [OK ] reward=-27.2035  rank(delta(close, 60) / (stddev(delta(close, 1), 60) + 1e-5)) * rank(volume / (high - low + 1e-5))
[reward_only] iter 13/50 [OK ] reward=-27.2035  rank(delta(close, 60) / (stddev(delta(close, 1), 60) + 1e-5)) * cs_rank(volume / (high - low + 1e-5))
[reward_only] iter 14/50 [OK ] reward=-28.5846  rank(delta(close, 60) / (stddev(delta(close, 1), 60) + 1e-5)) + cs_rank(volume / (high - low + 1e-5))
[reward_only] iter 15/50 [OK ] reward=-21.7289  rank(delta(close, 60) / (stddev(delta(close, 1), 60) + 1e-5))
[reward_only] iter 16/50 [OK ] reward=-22.5807  cs_rank(delta(close, 60) / (stddev(delta(close, 1), 60) + 1e-5) + cs_rank(volume / (sma(volume, 60) + 1e-5)))
[reward_only] iter 17/50 [OK ] reward=-21.8140  cs_rank(delta(close, 60) / (stddev(delta(close, 1), 60) + 1e-5) + cs_rank(volume / (vwap + 1e-5)))
[reward_only] iter 18/50 [OK ] reward=-24.8031  cs_rank(delta(close, 60) / (stddev(delta(close, 1), 60) + 1e-5)) + cs_rank(volume / (vwap + 1e-5))
[reward_only] iter 19/50 [OK ] reward=-24.8031  rank(delta(close, 60) / (stddev(delta(close, 1), 60) + 1e-5)) + cs_rank(volume / (vwap + 1e-5))
[reward_only] iter 20/50 [OK ] reward=-21.7289  rank(delta(close, 60) / (stddev(delta(close, 1), 60) + 1e-5))
[reward_only] iter 21/50 [OK ] reward=-93.9812  rank(delta(close, 60) / (stddev(delta(close, 1), 60) + 1e-5)) + rank(volume / (sma(volume, 60) + 1e-5))
[reward_only] iter 22/50 [OK ] reward=-93.9812  cs_rank(delta(close, 60) / (stddev(delta(close, 1), 60) + 1e-5)) + cs_rank(volume / (sma(volume, 60) + 1e-5))
[reward_only] iter 23/50 [OK ] reward=-93.9812  cs_rank(delta(close, 60) / (stddev(delta(close, 1), 60) + 1e-5)) + cs_rank(volume / (sma(volume, 60) + 1e-5))
[reward_only] iter 24/50 [OK ] reward=-93.9812  rank(delta(close, 60) / (stddev(delta(close, 1), 60) + 1e-5)) + rank(volume / (sma(volume, 60) + 1e-5))
[reward_only] iter 25/50 [OK ] reward=-87.2838  rank(delta(close, 60) / (stddev(delta(close, 1), 60) + 1e-5)) * rank(volume / (sma(volume, 60) + 1e-5))
[reward_only] iter 26/50 [OK ] reward=-20.8158  rank(delta(close, 60) / (stddev(delta(close, 1), 60) + 1e-5)) * rank(vwap / (sma(vwap, 60) + 1e-5))
[reward_only] iter 27/50 [OK ] reward=-21.7289  rank(delta(close, 60) / (stddev(delta(close, 1), 60) + 1e-5))
[reward_only] iter 28/50 [OK ] reward=-71.5809  rank(delta(close, 60) / (stddev(delta(close, 1), 60) + 1e-5)) * rank(vwap / (sma(vwap, 60) + 1e-5)) * rank(volume / (sma(volume, 60) + 1e-5))
[reward_only] iter 29/50 [OK ] reward=-20.8158  rank(delta(close, 60) / (stddev(delta(close, 1), 60) + 1e-5)) * rank(vwap / (sma(vwap, 60) + 1e-5))
[reward_only] iter 30/50 [OK ] reward=-20.8158  rank(delta(close, 60) / (stddev(delta(close, 1), 60) + 1e-5)) * rank(vwap / (sma(vwap, 60) + 1e-5))
[reward_only] iter 31/50 [OK ] reward=-20.8158  cs_rank(delta(close, 60) / (stddev(delta(close, 1), 60) + 1e-5)) * cs_rank(vwap / (sma(vwap, 60) + 1e-5))
[reward_only] iter 32/50 [OK ] reward=-21.7289  rank(delta(close, 60) / (stddev(delta(close, 1), 60) + 1e-5))
[reward_only] iter 33/50 [OK ] reward=-87.2838  rank(delta(close, 60) / (stddev(delta(close, 1), 60) + 1e-5)) * rank(volume / (sma(volume, 60) + 1e-5))
[reward_only] iter 34/50 [OK ] reward=-20.8158  rank(delta(close, 60) / (stddev(delta(close, 1), 60) + 1e-5)) * rank(vwap / (sma(vwap, 60) + 1e-5))
[reward_only] iter 35/50 [OK ] reward=-20.8158  cs_rank(delta(close, 60) / (stddev(delta(close, 1), 60) + 1e-5)) * cs_rank(vwap / (sma(vwap, 60) + 1e-5))
[reward_only] iter 36/50 [OK ] reward=-21.7289  cs_rank(delta(close, 60) / (stddev(delta(close, 1), 60) + 1e-5))
[reward_only] iter 37/50 [OK ] reward=-87.2838  cs_rank(delta(close, 60) / (stddev(delta(close, 1), 60) + 1e-5)) * cs_rank(volume / (sma(volume, 60) + 1e-5))
[reward_only] iter 38/50 [OK ] reward=-71.5809  rank(delta(close, 60) / (stddev(delta(close, 1), 60) + 1e-5)) * rank(vwap / (sma(vwap, 60) + 1e-5)) * rank(volume / (sma(volume, 60) + 1e-5))
[reward_only] iter 39/50 [OK ] reward=-71.5809  rank(delta(close, 60) / (stddev(delta(close, 1), 60) + 1e-5)) * rank(vwap / (sma(vwap, 60) + 1e-5)) * rank(volume / (sma(volume, 60) + 1e-5))
[reward_only] iter 40/50 [OK ] reward=-20.8158  rank(delta(close, 60) / (stddev(delta(close, 1), 60) + 1e-5)) * rank(vwap / (sma(vwap, 60) + 1e-5))
[reward_only] iter 41/50 [OK ] reward=-21.7289  rank(delta(close, 60) / (stddev(delta(close, 1), 60) + 1e-5))
[reward_only] iter 42/50 [OK ] reward=-87.2838  rank(delta(close, 60) / (stddev(delta(close, 1), 60) + 1e-5)) * rank(volume / (sma(volume, 60) + 1e-5))
[reward_only] iter 43/50 [OK ] reward=-20.8158  rank(delta(close, 60) / (stddev(delta(close, 1), 60) + 1e-5)) * rank(vwap / (sma(vwap, 60) + 1e-5))
[reward_only] iter 44/50 [OK ] reward=-20.8158  rank(delta(close, 60) / (stddev(delta(close, 1), 60) + 1e-5)) * cs_rank(vwap / (sma(vwap, 60) + 1e-5))
[reward_only] iter 45/50 [OK ] reward=-20.8158  cs_rank(delta(close, 60) / (stddev(delta(close, 1), 60) + 1e-5)) * cs_rank(vwap / (sma(vwap, 60) + 1e-5))
[reward_only] iter 46/50 [OK ] reward=-20.8158  cs_rank(delta(close, 60) / (stddev(delta(close, 1), 60) + 1e-5)) * cs_rank(vwap / (sma(vwap, 60) + 1e-5))
[reward_only] iter 47/50 [OK ] reward=-21.7289  cs_rank(delta(close, 60) / (stddev(delta(close, 1), 60) + 1e-5))
[reward_only] iter 48/50 [OK ] reward=-87.2838  rank(delta(close, 60) / (stddev(delta(close, 1), 60) + 1e-5)) * rank(volume / (sma(volume, 60) + 1e-5))
[reward_only] iter 49/50 [OK ] reward=-20.8158  rank(delta(close, 60) / (stddev(delta(close, 1), 60) + 1e-5)) * rank(vwap / (sma(vwap, 60) + 1e-5))
[reward_only] iter 50/50 [OK ] reward=-21.7289  rank(delta(close, 60) / (stddev(delta(close, 1), 60) + 1e-5))
[wfo:reward_only] fold 14 winner: rank(delta(close, 60) / (stddev(delta(close, 1), 60) + 1e-5)) * rank(vwap / (sma(vwap, 60) + 1e-5))
[wfo:reward_only] fold 14 OOS: Gross_IR=-0.274 Turnover=42.03 Net_IR=-0.946
[wfo:reward_only] fold 15: train 2016-01-01..2020-12-31 -> test 2021-01-01..2021-12-31
[reward_only] iter  0/50 [SEED] reward=-22.5249  rank(delta(close, 60) / (stddev(delta(close, 1), 60) + 1e-5))
[reward_only] iter  1/50 [OK ] reward=-62.4097  cs_rank(high - low)
[reward_only] iter  2/50 [OK ] reward=-28.1144  cs_rank(delta(close, 60) / (stddev(delta(close, 1), 60) + 1e-5) * cs_rank(volume))
[reward_only] iter  3/50 [OK ] reward=-32.7186  cs_rank(delta(close, 60) / (stddev(delta(close, 1), 60) + 1e-5)) + cs_rank(volume)
[reward_only] iter  4/50 [OK ] reward=-30.8897  rank(delta(close, 60) / (stddev(delta(close, 1), 60) + 1e-5)) * cs_rank(volume)
[reward_only] iter  5/50 [OK ] reward=-23.9652  rank(delta(close, 60) / (stddev(delta(close, 1), 60) + 1e-5)) * cs_rank(volume / (close + 1e-5))
[reward_only] iter  6/50 [OK ] reward=-23.9652  rank(delta(close, 60) / (stddev(delta(close, 1), 60) + 1e-5)) * cs_rank(volume / (close + 1e-5))
[reward_only] iter  7/50 [OK ] reward=-23.9652  rank(delta(close, 60) / (stddev(delta(close, 1), 60) + 1e-5)) * cs_rank(volume / (close + 1e-5))
[reward_only] iter  8/50 [OK ] reward=-23.9652  cs_rank(delta(close, 60) / (stddev(delta(close, 1), 60) + 1e-5)) * cs_rank(volume / (close + 1e-5))
[reward_only] iter  9/50 [OK ] reward=-23.9652  cs_rank(delta(close, 60) / (stddev(delta(close, 1), 60) + 1e-5)) * cs_rank(volume / (close + 1e-5))
[reward_only] iter 10/50 [OK ] reward=-23.9652  cs_rank(delta(close, 60) / (stddev(delta(close, 1), 60) + 1e-5)) * cs_rank(volume / (close + 1e-5))
[reward_only] iter 11/50 [OK ] reward=-23.9652  cs_rank(delta(close, 60) / (stddev(delta(close, 1), 60) + 1e-5)) * cs_rank(volume / (close + 1e-5))
[reward_only] iter 12/50 [OK ] reward=-23.9652  cs_rank(delta(close, 60) / (stddev(delta(close, 1), 60) + 1e-5)) * cs_rank(volume / (close + 1e-5))
[reward_only] iter 13/50 [OK ] reward=-23.9652  cs_rank(delta(close, 60) / (stddev(delta(close, 1), 60) + 1e-5)) * cs_rank(volume / (close + 1e-5))
[reward_only] iter 14/50 [OK ] reward=-23.9652  cs_rank(delta(close, 60) / (stddev(delta(close, 1), 60) + 1e-5)) * cs_rank(volume / (close + 1e-5))
[reward_only] iter 15/50 [OK ] reward=-23.9652  cs_rank(delta(close, 60) / (stddev(delta(close, 1), 60) + 1e-5)) * cs_rank(volume / (close + 1e-5))
[reward_only] iter 16/50 [OK ] reward=-23.9652  cs_rank(delta(close, 60) / (stddev(delta(close, 1), 60) + 1e-5)) * cs_rank(volume / (close + 1e-5))
[reward_only] iter 17/50 [OK ] reward=-23.9652  rank(delta(close, 60) / (stddev(delta(close, 1), 60) + 1e-5)) * rank(volume / (close + 1e-5))
[reward_only] iter 18/50 [OK ] reward=-23.9652  rank(delta(close, 60) / (stddev(delta(close, 1), 60) + 1e-5)) * rank(volume / (close + 1e-5))
[reward_only] iter 19/50 [OK ] reward=-23.9652  rank(delta(close, 60) / (stddev(delta(close, 1), 60) + 1e-5)) * rank(volume / (close + 1e-5))
[reward_only] iter 20/50 [OK ] reward=-23.9652  cs_rank(delta(close, 60) / (stddev(delta(close, 1), 60) + 1e-5)) * cs_rank(volume / (close + 1e-5))
[reward_only] iter 21/50 [OK ] reward=-23.9652  rank(delta(close, 60) / (stddev(delta(close, 1), 60) + 1e-5)) * cs_rank(volume / (close + 1e-5))
[reward_only] iter 22/50 [ERR] reward=    -inf  rank(delta(close, 60) / (stddev(delta(close, 1), 60) + 1e-5)) * cs_rank(volume / close)
[reward_only] iter 23/50 [OK ] reward=-23.9652  rank(delta(close, 60) / (stddev(delta(close, 1), 60) + 1e-5)) * cs_rank(volume / (close + 1e-5))
[reward_only] iter 24/50 [ERR] reward=    -inf  rank(delta(close, 60) / (stddev(delta(close, 1), 60) + 1e-5)) * cs_rank(volume / close)
[reward_only] iter 25/50 [ERR] reward=    -inf  rank(delta(close, 60) / (stddev(delta(close, 1), 60) + 1e-5)) * cs_rank(vwap / close)
[reward_only] iter 26/50 [OK ] reward=-126.4122  rank(delta(close, 60) / (stddev(delta(close, 1), 60) + 1e-5)) * cs_rank(close / (vwap + 1e-5))
[reward_only] iter 27/50 [OK ] reward=-24.0194  rank(delta(close, 60) / (stddev(delta(close, 1), 60) + 1e-5)) * cs_rank(volume / (vwap + 1e-5))
[reward_only] iter 28/50 [OK ] reward=-24.0194  rank(delta(close, 60) / (stddev(delta(close, 1), 60) + 1e-5)) * cs_rank(volume / (vwap + 1e-5))
[reward_only] iter 29/50 [OK ] reward=-24.0194  rank(delta(close, 60) / (stddev(delta(close, 1), 60) + 1e-5)) * cs_rank(volume / (vwap + 1e-5))
[reward_only] iter 30/50 [OK ] reward=-24.0194  rank(delta(close, 60) / (stddev(delta(close, 1), 60) + 1e-5)) * cs_rank(volume / (vwap + 1e-5))
[reward_only] iter 31/50 [OK ] reward=-30.8897  rank(delta(close, 60) / (stddev(delta(close, 1), 60) + 1e-5)) * cs_rank(volume)
[reward_only] iter 32/50 [ERR] reward=    -inf  rank(delta(close, 60) / (stddev(delta(close, 1), 60) + 1e-5)) * cs_rank(volume / sma(volume, 60))
[reward_only] iter 33/50 [OK ] reward=-89.0643  rank(delta(close, 60) / (stddev(delta(close, 1), 60) + 1e-5)) * cs_rank(volume / (sma(volume, 60) + 1e-5))
[reward_only] iter 34/50 [OK ] reward=-30.9894  rank(delta(close, 60) / (stddev(delta(close, 1), 60) + 1e-5)) * cs_rank(volume / (volume + 1e-5))
[reward_only] iter 35/50 [OK ] reward=-30.9894  rank(delta(close, 60) / (stddev(delta(close, 1), 60) + 1e-5)) * cs_rank(volume / (volume + 1e-5))
[reward_only] iter 36/50 [OK ] reward=-30.9894  rank(delta(close, 60) / (stddev(delta(close, 1), 60) + 1e-5)) * cs_rank(volume / (volume + 1e-5))
[reward_only] iter 37/50 [OK ] reward=-30.9894  rank(delta(close, 60) / (stddev(delta(close, 1), 60) + 1e-5)) * cs_rank(volume / (volume + 1e-5))
[reward_only] iter 38/50 [OK ] reward=-30.8897  rank(delta(close, 60) / (stddev(delta(close, 1), 60) + 1e-5)) * cs_rank(volume)
[reward_only] iter 39/50 [OK ] reward=-36.6285  rank(delta(close, 60) / (stddev(delta(close, 1), 60) + 1e-5)) * cs_rank(volume) * cs_rank(close)
[reward_only] iter 40/50 [OK ] reward=-30.8897  rank(delta(close, 60) / (stddev(delta(close, 1), 60) + 1e-5)) * cs_rank(volume)
[reward_only] iter 41/50 [OK ] reward=-32.7186  rank(delta(close, 60) / (stddev(delta(close, 1), 60) + 1e-5)) + cs_rank(volume)
[reward_only] iter 42/50 [OK ] reward=-30.8897  rank(delta(close, 60) / (stddev(delta(close, 1), 60) + 1e-5)) * cs_rank(volume)
[reward_only] iter 43/50 [OK ] reward=-135.7462  rank(delta(close, 60) / (stddev(delta(close, 1), 60) + 1e-5)) + cs_rank(vwap - close)
[reward_only] iter 44/50 [OK ] reward=-22.5249  rank(delta(close, 60) / (stddev(delta(close, 1), 60) + 1e-5))
[reward_only] iter 45/50 [ERR] reward=    -inf  rank((high - low) / (vwap - close) + ts_rank(volume, 60))
[reward_only] iter 46/50 [OK ] reward=-139.2347  rank(delta(close, 60) / (stddev(delta(close, 1), 60) + 1e-5)) + rank((high - low) / (vwap - close + 1e-5))
[reward_only] iter 47/50 [OK ] reward=-25.1080  rank(delta(close, 60) / (stddev(delta(close, 1), 60) + 1e-5)) + rank(volume / (vwap + 1e-5))
[reward_only] iter 48/50 [OK ] reward=-25.1080  rank(delta(close, 60) / (stddev(delta(close, 1), 60) + 1e-5)) + rank(volume / (vwap + 1e-5))
[reward_only] iter 49/50 [ERR] reward=    -inf  rank(delta(close, 60) / (stddev(delta(close, 1), 60) + 1e-5)) + rank(volume / vwap)
[reward_only] iter 50/50 [ERR] reward=    -inf  cs_rank(delta(close, 60) / (stddev(delta(close, 1), 60) + 1e-5)) + cs_rank(volume / vwap)
[wfo:reward_only] fold 15 winner: rank(delta(close, 60) / (stddev(delta(close, 1), 60) + 1e-5))
[wfo:reward_only] fold 15 OOS: Gross_IR=-0.170 Turnover=42.86 Net_IR=-1.468
[wfo:reward_only] fold 16: train 2017-01-01..2021-12-31 -> test 2022-01-01..2022-12-31
[reward_only] iter  0/50 [SEED] reward=-22.3444  rank(delta(close, 60) / (stddev(delta(close, 1), 60) + 1e-5))
[reward_only] iter  1/50 [ERR] reward=    -inf  cs_rank((high - low) / volume)
[reward_only] iter  2/50 [OK ] reward=-180.3286  rank((close - open) / (stddev(close, 60) + 1e-5))
[reward_only] iter  3/50 [OK ] reward=-107.7070  rank((high - low) / (stddev(close, 60) + 1e-5))
[reward_only] iter  4/50 [OK ] reward=-94.8461  rank((high - low) / (stddev(close, 60) + 1e-5)) * rank(delta(close, 60) / (stddev(delta(close, 1), 60) + 1e-5))
[reward_only] iter  5/50 [OK ] reward=-96.1398  cs_rank(delta(close, 60) / (stddev(delta(close, 1), 60) + 1e-5)) + cs_rank((high - low) / (stddev(close, 60) + 1e-5))
[reward_only] iter  6/50 [OK ] reward=-135.0601  rank(delta(close, 60) / (stddev(delta(close, 1), 60) + 1e-5)) + cs_rank(vwap - close)
[reward_only] iter  7/50 [OK ] reward=-22.3444  cs_rank(delta(close, 60) / (stddev(delta(close, 1), 60) + 1e-5))
[reward_only] iter  8/50 [ERR] reward=    -inf  rank(volume / sma(volume, 60))
[reward_only] iter  9/50 [ERR] reward=    -inf  rank(delta(close, 60) / (stddev(delta(close, 1), 60) + 1e-5)) * (1 - cs_rank(vwap / close))
[reward_only] iter 10/50 [OK ] reward=-126.3701  rank(delta(close, 60) / (stddev(delta(close, 1), 60) + 1e-5)) * (1 - cs_rank(vwap / (close + 1e-5)))
[reward_only] iter 11/50 [OK ] reward=-24.5017  rank(delta(close, 60) / (stddev(delta(close, 1), 60) + 1e-5)) + cs_rank(volume / (vwap + 1e-5))
[reward_only] iter 12/50 [OK ] reward=-24.5017  rank(delta(close, 60) / (stddev(delta(close, 1), 60) + 1e-5)) + cs_rank(volume / (vwap + 1e-5))
[reward_only] iter 13/50 [OK ] reward=-24.5017  rank(delta(close, 60) / (stddev(delta(close, 1), 60) + 1e-5)) + cs_rank(volume / (vwap + 1e-5))
[reward_only] iter 14/50 [OK ] reward=-24.5017  rank(delta(close, 60) / (stddev(delta(close, 1), 60) + 1e-5)) + cs_rank(volume / (vwap + 1e-5))
[reward_only] iter 15/50 [OK ] reward=-24.5017  rank(delta(close, 60) / (stddev(delta(close, 1), 60) + 1e-5)) + cs_rank(volume / (vwap + 1e-5))
[reward_only] iter 16/50 [OK ] reward=-24.5017  rank(delta(close, 60) / (stddev(delta(close, 1), 60) + 1e-5)) + cs_rank(volume / (vwap + 1e-5))
[reward_only] iter 17/50 [OK ] reward=-24.5017  rank(delta(close, 60) / (stddev(delta(close, 1), 60) + 1e-5)) + cs_rank(volume / (vwap + 1e-5))
[reward_only] iter 18/50 [OK ] reward=-24.5017  rank(delta(close, 60) / (stddev(delta(close, 1), 60) + 1e-5)) + cs_rank(volume / (vwap + 1e-5))
[reward_only] iter 19/50 [OK ] reward=-24.5017  rank(delta(close, 60) / (stddev(delta(close, 1), 60) + 1e-5)) + cs_rank(volume / (vwap + 1e-5))
[reward_only] iter 20/50 [OK ] reward=-24.5017  rank(delta(close, 60) / (stddev(delta(close, 1), 60) + 1e-5)) + cs_rank(volume / (vwap + 1e-5))
[reward_only] iter 21/50 [OK ] reward=-24.5017  rank(delta(close, 60) / (stddev(delta(close, 1), 60) + 1e-5)) + cs_rank(volume / (vwap + 1e-5))
[reward_only] iter 22/50 [OK ] reward=-24.5017  rank(delta(close, 60) / (stddev(delta(close, 1), 60) + 1e-5)) + cs_rank(volume / (vwap + 1e-5))
[reward_only] iter 23/50 [ERR] reward=    -inf  rank(delta(close, 60) / (stddev(delta(close, 1), 60) + 1e-5)) + cs_rank(volume / vwap)
[reward_only] iter 24/50 [OK ] reward=-24.5017  rank(delta(close, 60) / (stddev(delta(close, 1), 60) + 1e-5)) + cs_rank(volume / (vwap + 1e-5))
[reward_only] iter 25/50 [OK ] reward=-23.3910  rank(delta(close, 60) / (stddev(delta(close, 1), 60) + 1e-5)) * cs_rank(volume / (vwap + 1e-5))
[reward_only] iter 26/50 [OK ] reward=-29.6612  rank(delta(close, 60) / (stddev(delta(close, 1), 60) + 1e-5)) * cs_rank(volume)
[reward_only] iter 27/50 [OK ] reward=-99.0950  rank(delta(close, 60) / (stddev(delta(close, 1), 60) + 1e-5)) * cs_rank(volume) * cs_rank(vwap - close)
[reward_only] iter 28/50 [OK ] reward=-29.6612  rank(delta(close, 60) / (stddev(delta(close, 1), 60) + 1e-5)) * cs_rank(volume)
[reward_only] iter 29/50 [OK ] reward=-31.7970  rank(delta(close, 60) / (stddev(delta(close, 1), 60) + 1e-5)) * cs_rank(volume) + cs_rank(zscore(close, 60))
[reward_only] iter 30/50 [OK ] reward=-37.3782  cs_rank(zscore(close, 60)) + cs_rank(volume)
[reward_only] iter 31/50 [OK ] reward=-31.4742  rank(delta(close, 60) / (stddev(delta(close, 1), 60) + 1e-5)) + cs_rank(volume)
[reward_only] iter 32/50 [OK ] reward=-29.6612  rank(delta(close, 60) / (stddev(delta(close, 1), 60) + 1e-5)) * cs_rank(volume)
[reward_only] iter 33/50 [OK ] reward=-31.4742  rank(delta(close, 60) / (stddev(delta(close, 1), 60) + 1e-5)) + cs_rank(volume)
[reward_only] iter 34/50 [OK ] reward=-24.5017  rank(delta(close, 60) / (stddev(delta(close, 1), 60) + 1e-5)) + cs_rank(volume / (vwap + 1e-5))
[reward_only] iter 35/50 [OK ] reward=-24.5017  rank(delta(close, 60) / (stddev(delta(close, 1), 60) + 1e-5)) + cs_rank(volume / (vwap + 1e-5))
[reward_only] iter 36/50 [OK ] reward=-24.5017  cs_rank(delta(close, 60) / (stddev(delta(close, 1), 60) + 1e-5)) + cs_rank(volume / (vwap + 1e-5))
[reward_only] iter 37/50 [OK ] reward=-24.5017  rank(delta(close, 60) / (stddev(delta(close, 1), 60) + 1e-5)) + cs_rank(volume / (vwap + 1e-5))
[reward_only] iter 38/50 [OK ] reward=-24.5017  rank(delta(close, 60) / (stddev(delta(close, 1), 60) + 1e-5)) + cs_rank(volume / (vwap + 1e-5))
[reward_only] iter 39/50 [OK ] reward=-24.5017  rank(delta(close, 60) / (stddev(delta(close, 1), 60) + 1e-5)) + cs_rank(volume / (vwap + 1e-5))
[reward_only] iter 40/50 [OK ] reward=-24.5017  cs_rank(delta(close, 60) / (stddev(delta(close, 1), 60) + 1e-5)) + cs_rank(volume / (vwap + 1e-5))
[reward_only] iter 41/50 [OK ] reward=-24.5017  cs_rank(delta(close, 60) / (stddev(delta(close, 1), 60) + 1e-5)) + cs_rank(volume / (vwap + 1e-5))
[reward_only] iter 42/50 [OK ] reward=-24.5017  rank(delta(close, 60) / (stddev(delta(close, 1), 60) + 1e-5)) + rank(volume / (vwap + 1e-5))
[reward_only] iter 43/50 [OK ] reward=-24.5017  rank(delta(close, 60) / (stddev(delta(close, 1), 60) + 1e-5)) + rank(volume / (vwap + 1e-5))
[reward_only] iter 44/50 [ERR] reward=    -inf  rank(delta(close, 60) / (stddev(delta(close, 1), 60) + 1e-5)) + rank(volume / vwap)
[reward_only] iter 45/50 [OK ] reward=-24.5017  rank(delta(close, 60) / (stddev(delta(close, 1), 60) + 1e-5)) + rank(volume / (vwap + 1e-5))
[reward_only] iter 46/50 [OK ] reward=-24.5017  rank(delta(close, 60) / (stddev(delta(close, 1), 60) + 1e-5)) + rank(volume / (vwap + 1e-5))
[reward_only] iter 47/50 [OK ] reward=-24.5017  rank(delta(close, 60) / (stddev(delta(close, 1), 60) + 1e-5)) + rank(volume / (vwap + 1e-5))
[reward_only] iter 48/50 [OK ] reward=-24.5017  rank(delta(close, 60) / (stddev(delta(close, 1), 60) + 1e-5)) + rank(volume / (vwap + 1e-5))
[reward_only] iter 49/50 [OK ] reward=-24.5017  rank(delta(close, 60) / (stddev(delta(close, 1), 60) + 1e-5)) + rank(volume / (vwap + 1e-5))
[reward_only] iter 50/50 [OK ] reward=-24.5017  rank(delta(close, 60) / (stddev(delta(close, 1), 60) + 1e-5)) + rank(volume / (vwap + 1e-5))
[wfo:reward_only] fold 16 winner: rank(delta(close, 60) / (stddev(delta(close, 1), 60) + 1e-5))
[wfo:reward_only] fold 16 OOS: Gross_IR=-0.339 Turnover=42.17 Net_IR=-1.368
[wfo:reward_only] fold 17: train 2018-01-01..2022-12-31 -> test 2023-01-01..2023-12-31
[reward_only] iter  0/50 [SEED] reward=-23.1426  rank(delta(close, 60) / (stddev(delta(close, 1), 60) + 1e-5))
[reward_only] iter  1/50 [OK ] reward=-174.3001  cs_rank(vwap - close)
[reward_only] iter  2/50 [OK ] reward=-136.0450  rank(delta(close, 60) / (stddev(delta(close, 1), 60) + 1e-5)) + cs_rank(vwap - close)
[reward_only] iter  3/50 [OK ] reward=-136.0450  rank(delta(close, 60) / (stddev(delta(close, 1), 60) + 1e-5)) + cs_rank(vwap - close)
[reward_only] iter  4/50 [OK ] reward=-23.1426  rank(delta(close, 60) / (stddev(delta(close, 1), 60) + 1e-5))
[reward_only] iter  5/50 [OK ] reward=-182.9506  rank((close - open) / (stddev(close - open, 60) + 1e-5))
[reward_only] iter  6/50 [OK ] reward=-182.9506  cs_rank((close - open) / (stddev(close - open, 60) + 1e-5))
[reward_only] iter  7/50 [OK ] reward=-33.1616  cs_rank(close - decay_linear(vwap, 60))
[reward_only] iter  8/50 [OK ] reward=-180.5304  cs_rank((close - vwap) / (stddev(close, 60) + 1e-5))
[reward_only] iter  9/50 [OK ] reward=-133.3463  rank(delta(close, 60) / (stddev(delta(close, 1), 60) + 1e-5)) + rank((close - vwap) / (stddev(close, 60) + 1e-5))
[reward_only] iter 10/50 [OK ] reward=-66.5730  rank(delta(close, 60) / (stddev(delta(close, 1), 60) + 1e-5)) + rank(volume / (stddev(volume, 60) + 1e-5))
[reward_only] iter 11/50 [OK ] reward=-23.1426  rank(delta(close, 60) / (stddev(delta(close, 1), 60) + 1e-5))
[reward_only] iter 12/50 [ERR] reward=    -inf  cs_rank(vwap - open) * cs_rank(volume / sma(volume, 20))
[reward_only] iter 13/50 [ERR] reward=    -inf  cs_rank(delta(close, 60) / (stddev(delta(close, 1), 60) + 1e-5)) * cs_rank(volume / sma(volume, 20))
[reward_only] iter 14/50 [OK ] reward=-91.4594  cs_rank(delta(close, 60) / (stddev(delta(close, 1), 60) + 1e-5)) * cs_rank(volume / (sma(volume, 20) + 1e-5))
[reward_only] iter 15/50 [OK ] reward=-29.5169  cs_rank(delta(close, 60) / (stddev(delta(close, 1), 60) + 1e-5)) * cs_rank(volume / (volume + 1e-5))
[reward_only] iter 16/50 [OK ] reward=-29.5169  rank(delta(close, 60) / (stddev(delta(close, 1), 60) + 1e-5)) * cs_rank(volume / (volume + 1e-5))
[reward_only] iter 17/50 [OK ] reward=-23.1426  cs_rank(delta(close, 60) / (stddev(delta(close, 1), 60) + 1e-5))
[reward_only] iter 18/50 [ERR] reward=    -inf  cs_rank((close - open) / (high - low))
[reward_only] iter 19/50 [OK ] reward=-137.5514  rank(delta(close, 60) / (stddev(delta(close, 1), 60) + 1e-5)) + cs_rank((close - open) / (high - low + 1e-5))
[reward_only] iter 20/50 [OK ] reward=-23.1426  rank(delta(close, 60) / (stddev(delta(close, 1), 60) + 1e-5))
[reward_only] iter 21/50 [OK ] reward=-128.0994  cs_rank(close - open) * cs_rank(volume)
[reward_only] iter 22/50 [OK ] reward=-128.0994  cs_rank(close - open) * cs_rank(volume)
[reward_only] iter 23/50 [OK ] reward=-132.7802  cs_rank(close - open) * cs_rank(stddev(close, 20))
[reward_only] iter 24/50 [OK ] reward=-88.9172  rank(delta(close, 60) / (stddev(delta(close, 1), 60) + 1e-5)) * cs_rank(volume / (sma(volume, 60) + 1e-5))
[reward_only] iter 25/50 [OK ] reward=-88.9172  rank(delta(close, 60) / (stddev(delta(close, 1), 60) + 1e-5)) * cs_rank(volume / (sma(volume, 60) + 1e-5))
[reward_only] iter 26/50 [OK ] reward=-23.1426  cs_rank(delta(close, 60) / (stddev(delta(close, 1), 60) + 1e-5))
[reward_only] iter 27/50 [ERR] reward=    -inf  cs_rank(close / vwap - 1)
[reward_only] iter 28/50 [ERR] reward=    -inf  cs_rank(delta(close, 60) / (stddev(delta(close, 1), 60) + 1e-5)) + cs_rank(close / vwap - 1)
[reward_only] iter 29/50 [OK ] reward=-135.9401  rank(delta(close, 60) / (stddev(delta(close, 1), 60) + 1e-5)) + cs_rank(close / (vwap + 1e-5) - 1)
[reward_only] iter 30/50 [OK ] reward=-135.9401  rank(delta(close, 60) / (stddev(delta(close, 1), 60) + 1e-5)) + cs_rank(close / (vwap + 1e-5) - 1)
[reward_only] iter 31/50 [OK ] reward=-23.1426  rank(delta(close, 60) / (stddev(delta(close, 1), 60) + 1e-5))
[reward_only] iter 32/50 [OK ] reward=-169.5302  cs_rank((close - open) / (volume + 1e-5))
[reward_only] iter 33/50 [OK ] reward=-120.6719  rank(delta(close, 60) / (stddev(delta(close, 1), 60) + 1e-5)) * cs_rank((close - open) / (volume + 1e-5))
[reward_only] iter 34/50 [OK ] reward=-120.6719  rank(delta(close, 60) / (stddev(delta(close, 1), 60) + 1e-5)) * cs_rank((close - open) / (volume + 1e-5))
[reward_only] iter 35/50 [OK ] reward=-169.5302  cs_rank((close - open) / (volume + 1e-5))
[reward_only] iter 36/50 [OK ] reward= -4.4735  rank(close - sma(close, 20) / (stddev(close, 60) + 1e-5))
[reward_only] iter 37/50 [ERR] reward=    -inf  cs_rank((high - low) / (close - open))
[reward_only] iter 38/50 [OK ] reward= -4.8962  rank(close - sma(close, 20) / (stddev(close, 60) + 1e-5) + cs_rank((high - low) / (close - open + 1e-5)))
[reward_only] iter 39/50 [OK ] reward= -4.4735  cs_rank(close - sma(close, 20) / (stddev(close, 60) + 1e-5))
[reward_only] iter 40/50 [ERR] reward=    -inf  cs_rank((high - low) / vwap)
[reward_only] iter 41/50 [OK ] reward=-97.7501  cs_rank(close - sma(close, 20) / (stddev(close, 60) + 1e-5)) + cs_rank((high - low) / (vwap + 1e-5))
[reward_only] iter 42/50 [OK ] reward=-97.3236  rank(close - sma(close, 20) / (stddev(close, 60) + 1e-5)) * cs_rank((high - low) / (vwap + 1e-5))
[reward_only] iter 43/50 [OK ] reward= -4.4735  cs_rank(close - sma(close, 20) / (stddev(close, 60) + 1e-5))
[reward_only] iter 44/50 [OK ] reward= -4.2751  cs_rank(vwap - sma(vwap, 20) / (stddev(vwap, 60) + 1e-5))
[reward_only] iter 45/50 [ERR] reward=    -inf  cs_rank(volume / (vwap - sma(vwap, 20)) * ts_rank(vwap, 20))
[reward_only] iter 46/50 [OK ] reward=-45.9410  cs_rank(vwap - sma(vwap, 20) / (stddev(vwap, 60) + 1e-5)) + cs_rank(volume / (vwap + 1e-5))
[reward_only] iter 47/50 [OK ] reward=-39.1259  cs_rank(vwap - sma(vwap, 20))
[reward_only] iter 48/50 [OK ] reward=-56.4034  cs_rank(high - low)
[reward_only] iter 49/50 [OK ] reward=-123.5652  cs_rank((vwap - sma(vwap, 20)) / (stddev(vwap, 60) + 1e-5) * zscore(volume, 20))
[reward_only] iter 50/50 [OK ] reward= -4.8569  cs_rank(vwap - sma(vwap, 20) / (stddev(vwap, 60) + 1e-5) + zscore(volume, 20))
[wfo:reward_only] fold 17 winner: cs_rank(vwap - sma(vwap, 20) / (stddev(vwap, 60) + 1e-5))
[wfo:reward_only] fold 17 OOS: Gross_IR=-1.084 Turnover=6.43 Net_IR=-1.370
[wfo:reward_only] fold 18: train 2019-01-01..2023-12-31 -> test 2024-01-01..2024-12-31
[reward_only] iter  0/50 [SEED] reward=-23.4061  rank(delta(close, 60) / (stddev(delta(close, 1), 60) + 1e-5))
[reward_only] iter  1/50 [ERR] reward=    -inf  cs_rank(close / vwap)
[reward_only] iter  2/50 [OK ] reward=-23.4061  cs_rank(delta(close, 60) / (stddev(delta(close, 1), 60) + 1e-5))
[reward_only] iter  3/50 [ERR] reward=    -inf  cs_rank(close / vwap - 1)
[reward_only] iter  4/50 [ERR] reward=    -inf  cs_rank(delta(close, 60) / (stddev(delta(close, 1), 60) + 1e-5)) + cs_rank(close / vwap - 1)
[reward_only] iter  5/50 [OK ] reward=-135.5563  cs_rank(delta(close, 60) / (stddev(delta(close, 1), 60) + 1e-5)) + cs_rank(close / (vwap + 1e-5) - 1)
[reward_only] iter  6/50 [OK ] reward=-23.7320  cs_rank(delta(close, 60) / (stddev(delta(close, 1), 60) + 1e-5)) + cs_rank(volume / (vwap + 1e-5))
[reward_only] iter  7/50 [OK ] reward=-23.7320  rank(delta(close, 60) / (stddev(delta(close, 1), 60) + 1e-5)) + cs_rank(volume / (vwap + 1e-5))
[reward_only] iter  8/50 [OK ] reward=-23.7320  rank(delta(close, 60) / (stddev(delta(close, 1), 60) + 1e-5)) + cs_rank(volume / (vwap + 1e-5))
[reward_only] iter  9/50 [OK ] reward=-23.7320  cs_rank(delta(close, 60) / (stddev(delta(close, 1), 60) + 1e-5)) + cs_rank(volume / (vwap + 1e-5))
[reward_only] iter 10/50 [OK ] reward=-23.7320  cs_rank(delta(close, 60) / (stddev(delta(close, 1), 60) + 1e-5)) + cs_rank(volume / (vwap + 1e-5))
[reward_only] iter 11/50 [OK ] reward=-23.7320  rank(delta(close, 60) / (stddev(delta(close, 1), 60) + 1e-5)) + cs_rank(volume / (vwap + 1e-5))
[reward_only] iter 12/50 [OK ] reward=-23.7320  rank(delta(close, 60) / (stddev(delta(close, 1), 60) + 1e-5)) + cs_rank(volume / (vwap + 1e-5))
[reward_only] iter 13/50 [OK ] reward=-22.8808  rank(delta(close, 60) / (stddev(delta(close, 1), 60) + 1e-5)) * cs_rank(volume / (vwap + 1e-5))
[reward_only] iter 14/50 [OK ] reward=-22.8808  rank(delta(close, 60) / (stddev(delta(close, 1), 60) + 1e-5)) * cs_rank(volume / (vwap + 1e-5))
[reward_only] iter 15/50 [ERR] reward=    -inf  rank(delta(close, 60) / (stddev(delta(close, 1), 60) + 1e-5)) * cs_rank(volume / vwap)
[reward_only] iter 16/50 [OK ] reward=-22.8808  rank(delta(close, 60) / (stddev(delta(close, 1), 60) + 1e-5)) * cs_rank(volume / (vwap + 1e-5))
[reward_only] iter 17/50 [OK ] reward=-22.8808  rank(delta(close, 60) / (stddev(delta(close, 1), 60) + 1e-5)) * cs_rank(volume / (vwap + 1e-5))
[reward_only] iter 18/50 [OK ] reward=-22.8808  rank(delta(close, 60) / (stddev(delta(close, 1), 60) + 1e-5)) * cs_rank(volume / (vwap + 1e-5))
[reward_only] iter 19/50 [ERR] reward=    -inf  rank(delta(close, 60) / (stddev(delta(close, 1), 60) + 1e-5)) * cs_rank(volume / vwap)
[reward_only] iter 20/50 [OK ] reward=-22.8808  rank(delta(close, 60) / (stddev(delta(close, 1), 60) + 1e-5)) * cs_rank(volume / (vwap + 1e-5))
[reward_only] iter 21/50 [OK ] reward=-22.8808  rank(delta(close, 60) / (stddev(delta(close, 1), 60) + 1e-5)) * cs_rank(volume / (vwap + 1e-5))
[reward_only] iter 22/50 [OK ] reward=-22.8808  rank(delta(close, 60) / (stddev(delta(close, 1), 60) + 1e-5)) * cs_rank(volume / (vwap + 1e-5))
[reward_only] iter 23/50 [OK ] reward=-22.8808  rank(delta(close, 60) / (stddev(delta(close, 1), 60) + 1e-5)) * cs_rank(volume / (vwap + 1e-5))
[reward_only] iter 24/50 [OK ] reward=-22.8808  rank(delta(close, 60) / (stddev(delta(close, 1), 60) + 1e-5)) * cs_rank(volume / (vwap + 1e-5))
[reward_only] iter 25/50 [OK ] reward=-22.8808  rank(delta(close, 60) / (stddev(delta(close, 1), 60) + 1e-5)) * cs_rank(volume / (vwap + 1e-5))
[reward_only] iter 26/50 [OK ] reward=-22.8808  rank(delta(close, 60) / (stddev(delta(close, 1), 60) + 1e-5)) * cs_rank(volume / (vwap + 1e-5))
[reward_only] iter 27/50 [OK ] reward=-22.8808  rank(delta(close, 60) / (stddev(delta(close, 1), 60) + 1e-5)) * cs_rank(volume / (vwap + 1e-5))
[reward_only] iter 28/50 [OK ] reward=-22.8808  cs_rank(volume / (vwap + 1e-5)) * cs_rank(delta(close, 60) / (stddev(delta(close, 1), 60) + 1e-5))
[reward_only] iter 29/50 [OK ] reward=-22.8808  cs_rank(volume / (vwap + 1e-5)) * rank(delta(close, 60) / (stddev(delta(close, 1), 60) + 1e-5))
[reward_only] iter 30/50 [OK ] reward=-22.8808  cs_rank(volume / (vwap + 1e-5)) * rank(delta(close, 60) / (stddev(delta(close, 1), 60) + 1e-5))
[reward_only] iter 31/50 [OK ] reward=-24.8677  cs_rank(volume / (vwap + 1e-5)) * ts_rank(delta(close, 60) / (stddev(delta(close, 1), 60) + 1e-5), 252)
[reward_only] iter 32/50 [OK ] reward=-27.3877  cs_rank(volume / (vwap + 1e-5)) * ts_rank(delta(close, 60) / (stddev(delta(close, 1), 60) + 1e-5), 120)
[reward_only] iter 33/50 [OK ] reward=-22.8808  rank(delta(close, 60) / (stddev(delta(close, 1), 60) + 1e-5)) * cs_rank(volume / (vwap + 1e-5))
[reward_only] iter 34/50 [OK ] reward=-22.8808  rank(delta(close, 60) / (stddev(delta(close, 1), 60) + 1e-5)) * cs_rank(volume / (vwap + 1e-5))
[reward_only] iter 35/50 [OK ] reward=-22.8808  rank(delta(close, 60) / (stddev(delta(close, 1), 60) + 1e-5)) * cs_rank(volume / (vwap + 1e-5))
[reward_only] iter 36/50 [ERR] reward=    -inf  rank(delta(close, 60) / (stddev(delta(close, 1), 60) + 1e-5)) * cs_rank(volume / vwap)
[reward_only] iter 37/50 [OK ] reward=-22.8808  rank(delta(close, 60) / (stddev(delta(close, 1), 60) + 1e-5)) * cs_rank(volume / (vwap + 1e-5))
[reward_only] iter 38/50 [OK ] reward=-22.8808  rank(delta(close, 60) / (stddev(delta(close, 1), 60) + 1e-5)) * cs_rank(volume / (vwap + 1e-5))
[reward_only] iter 39/50 [OK ] reward=-22.8808  rank(delta(close, 60) / (stddev(delta(close, 1), 60) + 1e-5)) * cs_rank(volume / (vwap + 1e-5))
[reward_only] iter 40/50 [OK ] reward=-22.8808  rank(delta(close, 60) / (stddev(delta(close, 1), 60) + 1e-5)) * cs_rank(volume / (vwap + 1e-5))
[reward_only] iter 41/50 [OK ] reward=-28.6759  rank(delta(close, 60) / (stddev(delta(close, 1), 60) + 1e-5)) * cs_rank(volume)
[reward_only] iter 42/50 [OK ] reward=-17.7188  rank(delta(close, 60) / (stddev(delta(close, 1), 60) + 1e-5)) * cs_rank(volume / (vwap + 1e-5)) * cs_rank(stddev(close, 60) / (vwap + 1e-5))
[reward_only] iter 43/50 [OK ] reward=-22.8808  rank(delta(close, 60) / (stddev(delta(close, 1), 60) + 1e-5)) * cs_rank(volume / (vwap + 1e-5))
[reward_only] iter 44/50 [OK ] reward=-17.7188  rank(delta(close, 60) / (stddev(delta(close, 1), 60) + 1e-5)) * cs_rank(volume / (vwap + 1e-5)) * cs_rank(stddev(close, 60) / (vwap + 1e-5))
[reward_only] iter 45/50 [OK ] reward=-22.8808  rank(delta(close, 60) / (stddev(delta(close, 1), 60) + 1e-5)) * cs_rank(volume / (vwap + 1e-5))
[reward_only] iter 46/50 [OK ] reward=-17.7188  rank(delta(close, 60) / (stddev(delta(close, 1), 60) + 1e-5)) * cs_rank(volume / (vwap + 1e-5)) * cs_rank(stddev(close, 60) / (vwap + 1e-5))
[reward_only] iter 47/50 [OK ] reward=-17.7188  rank(delta(close, 60) / (stddev(delta(close, 1), 60) + 1e-5)) * cs_rank(volume / (vwap + 1e-5)) * cs_rank(stddev(close, 60) / (vwap + 1e-5))
[reward_only] iter 48/50 [OK ] reward=-22.8808  cs_rank(delta(close, 60) / (stddev(delta(close, 1), 60) + 1e-5)) * cs_rank(volume / (vwap + 1e-5))
[reward_only] iter 49/50 [OK ] reward=-17.7188  rank(delta(close, 60) / (stddev(delta(close, 1), 60) + 1e-5)) * cs_rank(volume / (vwap + 1e-5)) * cs_rank(stddev(close, 60) / (vwap + 1e-5))
[reward_only] iter 50/50 [OK ] reward=-22.8808  rank(delta(close, 60) / (stddev(delta(close, 1), 60) + 1e-5)) * cs_rank(volume / (vwap + 1e-5))
[wfo:reward_only] fold 18 winner: rank(delta(close, 60) / (stddev(delta(close, 1), 60) + 1e-5)) * cs_rank(volume / (vwap + 1e-5)) * cs_rank(stddev(close, 60) / (vwap + 1e-5))
[wfo:reward_only] fold 18 OOS: Gross_IR=1.162 Turnover=30.21 Net_IR=0.284
[wfo:reward_only] fold 19: train 2020-01-01..2024-12-31 -> test 2025-01-01..2025-12-31
[reward_only] iter  0/50 [SEED] reward=-22.5900  rank(delta(close, 60) / (stddev(delta(close, 1), 60) + 1e-5))
[reward_only] iter  1/50 [OK ] reward=-122.0773  cs_rank((high - low) / (close + 1e-5))
[reward_only] iter  2/50 [OK ] reward=-23.6330  cs_rank((high - low) / (close + 1e-5) + rank(delta(close, 60) / (stddev(delta(close, 1), 60) + 1e-5)))
[reward_only] iter  3/50 [OK ] reward=-22.2219  rank(delta(close, 60) / (stddev(delta(close, 1), 60) + 1e-5)) * cs_rank(volume / (vwap + 1e-5))
[reward_only] iter  4/50 [OK ] reward=-22.2219  rank(delta(close, 60) / (stddev(delta(close, 1), 60) + 1e-5)) * cs_rank(volume / (vwap + 1e-5))
[reward_only] iter  5/50 [ERR] reward=    -inf  rank(delta(close, 60) / (stddev(delta(close, 1), 60) + 1e-5)) * cs_rank(volume / vwap)
[reward_only] iter  6/50 [OK ] reward=-22.2219  rank(delta(close, 60) / (stddev(delta(close, 1), 60) + 1e-5)) * cs_rank(volume / (vwap + 1e-5))
[reward_only] iter  7/50 [OK ] reward=-22.2219  rank(delta(close, 60) / (stddev(delta(close, 1), 60) + 1e-5)) * cs_rank(volume / (vwap + 1e-5))
[reward_only] iter  8/50 [OK ] reward=-22.2219  rank(delta(close, 60) / (stddev(delta(close, 1), 60) + 1e-5)) * cs_rank(volume / (vwap + 1e-5))
[reward_only] iter  9/50 [OK ] reward=-22.2219  rank(delta(close, 60) / (stddev(delta(close, 1), 60) + 1e-5)) * cs_rank(volume / (vwap + 1e-5))
[reward_only] iter 10/50 [OK ] reward=-22.2219  rank(delta(close, 60) / (stddev(delta(close, 1), 60) + 1e-5)) * cs_rank(volume / (vwap + 1e-5))
[reward_only] iter 11/50 [OK ] reward=-22.2219  rank(delta(close, 60) / (stddev(delta(close, 1), 60) + 1e-5)) * cs_rank(volume / (vwap + 1e-5))
[reward_only] iter 12/50 [OK ] reward=-22.2219  rank(delta(close, 60) / (stddev(delta(close, 1), 60) + 1e-5)) * cs_rank(volume / (vwap + 1e-5))
[reward_only] iter 13/50 [OK ] reward=-22.2219  rank(delta(close, 60) / (stddev(delta(close, 1), 60) + 1e-5)) * cs_rank(volume / (vwap + 1e-5))
[reward_only] iter 14/50 [ERR] reward=    -inf  rank(delta(close, 60) / (stddev(delta(close, 1), 60) + 1e-5)) * cs_rank(volume / vwap)
[reward_only] iter 15/50 [OK ] reward=-22.2219  rank(delta(close, 60) / (stddev(delta(close, 1), 60) + 1e-5)) * cs_rank(volume / (vwap + 1e-5))
[reward_only] iter 16/50 [ERR] reward=    -inf  rank(delta(close, 60) / (stddev(delta(close, 1), 60) + 1e-5)) * cs_rank(volume / vwap)
[reward_only] iter 17/50 [OK ] reward=-22.2219  rank(delta(close, 60) / (stddev(delta(close, 1), 60) + 1e-5)) * cs_rank(volume / (vwap + 1e-5))
[reward_only] iter 18/50 [ERR] reward=    -inf  rank(delta(close, 60) / (stddev(delta(close, 1), 60) + 1e-5)) * cs_rank(volume / vwap)
[reward_only] iter 19/50 [OK ] reward=-22.2219  rank(delta(close, 60) / (stddev(delta(close, 1), 60) + 1e-5)) * cs_rank(volume / (vwap + 1e-5))
[reward_only] iter 20/50 [OK ] reward=-22.2219  cs_rank(delta(close, 60) / (stddev(delta(close, 1), 60) + 1e-5)) * cs_rank(volume / (vwap + 1e-5))
[reward_only] iter 21/50 [OK ] reward=-22.5900  cs_rank(delta(close, 60) / (stddev(delta(close, 1), 60) + 1e-5))
[reward_only] iter 22/50 [OK ] reward=-126.4193  cs_rank(vwap / (close + 1e-5)) * cs_rank(volume / (vwap + 1e-5))
[reward_only] iter 23/50 [OK ] reward=-75.9021  rank(delta(close, 60) / (stddev(delta(close, 1), 60) + 1e-5)) * cs_rank(volume / (vwap + 1e-5)) * cs_rank(high / (low + 1e-5))
[reward_only] iter 24/50 [OK ] reward=-22.2219  rank(delta(close, 60) / (stddev(delta(close, 1), 60) + 1e-5)) * cs_rank(volume / (vwap + 1e-5))
[reward_only] iter 25/50 [ERR] reward=    -inf  rank(delta(close, 60) / (stddev(delta(close, 1), 60) + 1e-5)) * cs_rank(volume / vwap)
[reward_only] iter 26/50 [OK ] reward=-22.2219  rank(delta(close, 60) / (stddev(delta(close, 1), 60) + 1e-5)) * cs_rank(volume / (vwap + 1e-5))
[reward_only] iter 27/50 [OK ] reward=-22.2219  rank(delta(close, 60) / (stddev(delta(close, 1), 60) + 1e-5)) * cs_rank(volume / (vwap + 1e-5))
[reward_only] iter 28/50 [OK ] reward=-22.2219  cs_rank(volume / (vwap + 1e-5)) * cs_rank(delta(close, 60) / (stddev(delta(close, 1), 60) + 1e-5))
[reward_only] iter 29/50 [ERR] reward=    -inf  rank(delta(close, 60) / (stddev(delta(close, 1), 60) + 1e-5)) * cs_rank(volume / vwap)
[reward_only] iter 30/50 [OK ] reward=-22.2219  rank(delta(close, 60) / (stddev(delta(close, 1), 60) + 1e-5)) * cs_rank(volume / (vwap + 1e-5))
[reward_only] iter 31/50 [OK ] reward=-22.2219  cs_rank(delta(close, 60) / (stddev(delta(close, 1), 60) + 1e-5)) * cs_rank(volume / (vwap + 1e-5))
[reward_only] iter 32/50 [ERR] reward=    -inf  rank(delta(close, 60) / (stddev(delta(close, 1), 60) + 1e-5)) * cs_rank(volume / vwap)
[reward_only] iter 33/50 [ERR] reward=    -inf  rank(delta(close, 60) / (stddev(delta(close, 1), 60) + 1e-5)) * cs_rank(volume / (vwap + 1e-5)) * cs_rank(close / vwap)
[reward_only] iter 34/50 [OK ] reward=-107.3744  rank(delta(close, 60) / (stddev(delta(close, 1), 60) + 1e-5)) * cs_rank(volume / (vwap + 1e-5)) * cs_rank(close / (vwap + 1e-5))
[reward_only] iter 35/50 [OK ] reward=-22.2219  rank(delta(close, 60) / (stddev(delta(close, 1), 60) + 1e-5)) * cs_rank(volume / (vwap + 1e-5))
[reward_only] iter 36/50 [ERR] reward=    -inf  rank(delta(close, 60) / (stddev(delta(close, 1), 60) + 1e-5)) * cs_rank(volume / vwap)
[reward_only] iter 37/50 [OK ] reward=-22.2219  rank(delta(close, 60) / (stddev(delta(close, 1), 60) + 1e-5)) * cs_rank(volume / (vwap + 1e-5))
[reward_only] iter 38/50 [OK ] reward=-22.2219  rank(delta(close, 60) / (stddev(delta(close, 1), 60) + 1e-5)) * cs_rank(volume / (vwap + 1e-5))
[reward_only] iter 39/50 [OK ] reward=-22.2219  rank(delta(close, 60) / (stddev(delta(close, 1), 60) + 1e-5)) * cs_rank(volume / (vwap + 1e-5))
[reward_only] iter 40/50 [OK ] reward=-22.2219  rank(delta(close, 60) / (stddev(delta(close, 1), 60) + 1e-5)) * cs_rank(volume / (vwap + 1e-5))
[reward_only] iter 41/50 [OK ] reward=-22.2219  rank(delta(close, 60) / (stddev(delta(close, 1), 60) + 1e-5)) * cs_rank(volume / (vwap + 1e-5))
[reward_only] iter 42/50 [OK ] reward=-22.2219  rank(delta(close, 60) / (stddev(delta(close, 1), 60) + 1e-5)) * cs_rank(volume / (vwap + 1e-5))
[reward_only] iter 43/50 [ERR] reward=    -inf  rank(delta(close, 60) / (stddev(delta(close, 1), 60) + 1e-5)) * cs_rank(volume / vwap)
[reward_only] iter 44/50 [OK ] reward=-22.2219  rank(delta(close, 60) / (stddev(delta(close, 1), 60) + 1e-5)) * cs_rank(volume / (vwap + 1e-5))
[reward_only] iter 45/50 [OK ] reward=-22.2219  rank(delta(close, 60) / (stddev(delta(close, 1), 60) + 1e-5)) * cs_rank(volume / (vwap + 1e-5))
[reward_only] iter 46/50 [OK ] reward=-22.2219  rank(delta(close, 60) / (stddev(delta(close, 1), 60) + 1e-5)) * cs_rank(volume / (vwap + 1e-5))
[reward_only] iter 47/50 [OK ] reward=-22.2219  rank(delta(close, 60) / (stddev(delta(close, 1), 60) + 1e-5)) * cs_rank(volume / (vwap + 1e-5))
[reward_only] iter 48/50 [OK ] reward=-22.2219  rank(delta(close, 60) / (stddev(delta(close, 1), 60) + 1e-5)) * cs_rank(volume / (vwap + 1e-5))
[reward_only] iter 49/50 [OK ] reward=-22.2219  rank(delta(close, 60) / (stddev(delta(close, 1), 60) + 1e-5)) * cs_rank(volume / (vwap + 1e-5))
[reward_only] iter 50/50 [OK ] reward=-22.2219  rank(delta(close, 60) / (stddev(delta(close, 1), 60) + 1e-5)) * cs_rank(volume / (vwap + 1e-5))
[wfo:reward_only] fold 19 winner: rank(delta(close, 60) / (stddev(delta(close, 1), 60) + 1e-5)) * cs_rank(volume / (vwap + 1e-5))
[wfo:reward_only] fold 19 OOS: Gross_IR=1.070 Turnover=41.20 Net_IR=-0.354
[wfo:reward_only] fold 20: train 2021-01-01..2025-12-31 -> test 2026-01-01..2026-08-13
[reward_only] iter  0/50 [SEED] reward=-22.0147  rank(delta(close, 60) / (stddev(delta(close, 1), 60) + 1e-5))
[reward_only] iter  1/50 [OK ] reward=-17.3472  cs_rank(volume / (vwap + 1e-5))
[reward_only] iter  2/50 [OK ] reward=-117.3533  cs_rank(volume / (vwap + 1e-5)) * cs_rank(close - open)
[reward_only] iter  3/50 [OK ] reward=-117.3533  cs_rank(volume / (vwap + 1e-5)) * cs_rank(close - open)
[reward_only] iter  4/50 [ERR] reward=    -inf  cs_rank(volume / (vwap + 1e-5)) * cs_rank((close - open) / vwap)
[reward_only] iter  5/50 [OK ] reward=-125.9277  cs_rank(volume / (vwap + 1e-5)) * cs_rank((close - open) / (vwap + 1e-5))
[reward_only] iter  6/50 [OK ] reward=-125.9277  cs_rank(volume / (vwap + 1e-5)) * cs_rank((close - open) / (vwap + 1e-5))
[reward_only] iter  7/50 [OK ] reward=-125.9277  cs_rank(volume / (vwap + 1e-5)) * cs_rank((close - open) / (vwap + 1e-5))
[reward_only] iter  8/50 [OK ] reward=-125.9277  cs_rank(volume / (vwap + 1e-5)) * cs_rank((close - open) / (vwap + 1e-5))
[reward_only] iter  9/50 [OK ] reward=-125.9277  cs_rank(volume / (vwap + 1e-5)) * cs_rank((close - open) / (vwap + 1e-5))
[reward_only] iter 10/50 [OK ] reward=-125.9277  cs_rank(volume / (vwap + 1e-5)) * cs_rank((close - open) / (vwap + 1e-5))
[reward_only] iter 11/50 [OK ] reward=-132.1655  cs_rank(volume / (vwap + 1e-5)) + cs_rank((close - open) / (vwap + 1e-5))
[reward_only] iter 12/50 [OK ] reward=-132.1655  cs_rank(volume / (vwap + 1e-5)) + cs_rank((close - open) / (vwap + 1e-5))
[reward_only] iter 13/50 [OK ] reward=-85.6749  cs_rank(volume / (vwap + 1e-5)) + cs_rank((high - low) / (vwap + 1e-5))
[reward_only] iter 14/50 [OK ] reward=-85.6749  cs_rank(volume / (vwap + 1e-5)) + cs_rank((high - low) / (vwap + 1e-5))
[reward_only] iter 15/50 [OK ] reward=-85.6749  cs_rank(volume / (vwap + 1e-5)) + cs_rank((high - low) / (vwap + 1e-5))
[reward_only] iter 16/50 [OK ] reward=-82.2347  cs_rank(volume / (vwap + 1e-5)) * cs_rank((high - low) / (vwap + 1e-5))
[reward_only] iter 17/50 [OK ] reward=-85.6749  cs_rank(volume / (vwap + 1e-5)) + cs_rank((high - low) / (vwap + 1e-5))
[reward_only] iter 18/50 [OK ] reward=-85.6749  cs_rank(volume / (vwap + 1e-5)) + cs_rank((high - low) / (vwap + 1e-5))
[reward_only] iter 19/50 [OK ] reward=-85.6749  cs_rank(volume / (vwap + 1e-5)) + cs_rank((high - low) / (vwap + 1e-5))
[reward_only] iter 20/50 [OK ] reward=-85.6749  cs_rank(volume / (vwap + 1e-5)) + cs_rank((high - low) / (vwap + 1e-5))
[reward_only] iter 21/50 [OK ] reward=-85.6749  cs_rank(volume / (vwap + 1e-5)) + cs_rank((high - low) / (vwap + 1e-5))
[reward_only] iter 22/50 [OK ] reward=-85.6749  cs_rank(volume / (vwap + 1e-5)) + cs_rank((high - low) / (vwap + 1e-5))
[reward_only] iter 23/50 [OK ] reward=-85.6749  cs_rank(volume / (vwap + 1e-5)) + cs_rank((high - low) / (vwap + 1e-5))
[reward_only] iter 24/50 [OK ] reward=-132.6197  cs_rank(volume / (vwap + 1e-5)) + cs_rank(close / (vwap + 1e-5))
[reward_only] iter 25/50 [OK ] reward=-131.2317  cs_rank(volume / (vwap + 1e-5)) + cs_rank((high + low) / 2 / (vwap + 1e-5))
[reward_only] iter 26/50 [OK ] reward=-131.2317  cs_rank(volume / (vwap + 1e-5)) + cs_rank((high + low) / 2 / (vwap + 1e-5))
[reward_only] iter 27/50 [ERR] reward=    -inf  cs_rank(volume / (vwap + 1e-5)) + cs_rank((high - low) / vwap)
[reward_only] iter 28/50 [OK ] reward=-85.6749  cs_rank(volume / (vwap + 1e-5)) + cs_rank((high - low) / (vwap + 1e-5))
[reward_only] iter 29/50 [OK ] reward=-132.1655  cs_rank(volume / (vwap + 1e-5)) + cs_rank((close - open) / (vwap + 1e-5))
[reward_only] iter 30/50 [OK ] reward=-132.1655  cs_rank(volume / (vwap + 1e-5)) + cs_rank((close - open) / (vwap + 1e-5))
[reward_only] iter 31/50 [OK ] reward=-125.9277  cs_rank(volume / (vwap + 1e-5)) * cs_rank((close - open) / (vwap + 1e-5))
[reward_only] iter 32/50 [OK ] reward=-125.9277  cs_rank(volume / (vwap + 1e-5)) * cs_rank((close - open) / (vwap + 1e-5))
[reward_only] iter 33/50 [OK ] reward=-125.9277  cs_rank(volume / (vwap + 1e-5)) * cs_rank((close - open) / (vwap + 1e-5))
[reward_only] iter 34/50 [OK ] reward=-125.9277  cs_rank(volume / (vwap + 1e-5)) * cs_rank((close - open) / (vwap + 1e-5))
[reward_only] iter 35/50 [OK ] reward=-125.9277  cs_rank(volume / (vwap + 1e-5)) * cs_rank((close - open) / (vwap + 1e-5))
[reward_only] iter 36/50 [OK ] reward=-115.2773  cs_rank(volume / (vwap + 1e-5)) * cs_rank((close - open) / (vwap + 1e-5)) * cs_rank(ts_rank(close, 20) / 20)
[reward_only] iter 37/50 [OK ] reward=-125.9277  cs_rank(volume / (vwap + 1e-5)) * cs_rank((close - open) / (vwap + 1e-5))
[reward_only] iter 38/50 [OK ] reward=-125.9277  cs_rank(volume / (vwap + 1e-5)) * cs_rank((close - open) / (vwap + 1e-5))
[reward_only] iter 39/50 [OK ] reward=-125.9277  cs_rank(volume / (vwap + 1e-5)) * cs_rank((close - open) / (vwap + 1e-5))
[reward_only] iter 40/50 [OK ] reward=-148.8204  cs_rank(volume / (vwap + 1e-5)) * cs_rank((close - open) / (vwap + 1e-5)) * cs_rank((close - low) / (high - low + 1e-5))
[reward_only] iter 41/50 [OK ] reward=-18.6178  cs_rank(volume / (vwap + 1e-5)) * cs_rank(stddev(close, 20) / (vwap + 1e-5))
[reward_only] iter 42/50 [OK ] reward=-37.8841  cs_rank(volume / (vwap + 1e-5)) * cs_rank(zscore(close, 20) / (vwap + 1e-5))
[reward_only] iter 43/50 [OK ] reward=-37.2855  cs_rank(volume / (vwap + 1e-5)) * cs_rank(zscore(close, 20) / (vwap + 1e-5)) * cs_rank(ts_rank(close, 20) / (vwap + 1e-5))
[reward_only] iter 44/50 [OK ] reward=-37.8841  cs_rank(volume / (vwap + 1e-5)) * cs_rank(zscore(close, 20) / (vwap + 1e-5))
[reward_only] iter 45/50 [OK ] reward=-26.2778  cs_rank(volume / (vwap + 1e-5)) * cs_rank(ts_rank(close, 20) / (vwap + 1e-5))
[reward_only] iter 46/50 [OK ] reward=-14.4760  cs_rank(volume / (vwap + 1e-5)) * decay_linear(ts_rank(close, 20) / (vwap + 1e-5), 5)
[reward_only] iter 47/50 [OK ] reward=-68.5722  cs_rank(volume / (vwap + 1e-5)) * decay_linear(ts_rank(close, 20) / (vwap + 1e-5), 5) * cs_rank(high - low)
[reward_only] iter 48/50 [OK ] reward=-14.4760  cs_rank(volume / (vwap + 1e-5)) * decay_linear(ts_rank(close, 20) / (vwap + 1e-5), 5)
[reward_only] iter 49/50 [OK ] reward=-51.4611  cs_rank(volume / (vwap + 1e-5)) * decay_linear(ts_rank(close, 20) / (vwap + 1e-5), 5) * cs_rank((high - low) / (vwap + 1e-5))
[reward_only] iter 50/50 [OK ] reward=-14.4760  cs_rank(volume / (vwap + 1e-5)) * decay_linear(ts_rank(close, 20) / (vwap + 1e-5), 5)
[wfo:reward_only] fold 20 winner: cs_rank(volume / (vwap + 1e-5)) * decay_linear(ts_rank(close, 20) / (vwap + 1e-5), 5)
[wfo:reward_only] fold 20 OOS: Gross_IR=-0.591 Turnover=32.25 Net_IR=-1.524
[run_full_grid] checkpointed grid_summary.csv (5 rows)

==============================================================================
ALPHA=momentum (rank(delta(close, 60) / (stddev(delta(close, 1), 60) + 1e-5)))  LLM_SEED=3003
==============================================================================
[LocalQwenClient] seed=3003 main_gpu=0
[wfo:reward_only] fold 0: train 2001-01-01..2005-12-31 -> test 2006-01-01..2006-12-31
[reward_only] iter  0/50 [SEED] reward=-26.4552  rank(delta(close, 60) / (stddev(delta(close, 1), 60) + 1e-5))
[reward_only] iter  1/50 [OK ] reward=-30.0081  cs_rank(volume / (stddev(close, 60) + 1e-5))
[reward_only] iter  2/50 [OK ] reward=-31.6357  rank(delta(close, 60) / (stddev(delta(close, 1), 60) + 1e-5)) * cs_rank(volume / (stddev(close, 60) + 1e-5))
[reward_only] iter  3/50 [OK ] reward=-59.4350  rank(delta(close, 60) / (stddev(delta(close, 1), 60) + 1e-5)) * cs_rank(volume / (stddev(volume, 60) + 1e-5))
[reward_only] iter  4/50 [OK ] reward=-82.9039  cs_rank(volume / (stddev(volume, 60) + 1e-5))
[reward_only] iter  5/50 [OK ] reward=-31.3211  cs_rank((delta(close, 60) / (stddev(delta(close, 1), 60) + 1e-5)) + (volume / (stddev(volume, 60) + 1e-5)))
[reward_only] iter  6/50 [OK ] reward=-26.4552  rank(delta(close, 60) / (stddev(delta(close, 1), 60) + 1e-5))
[reward_only] iter  7/50 [ERR] reward=    -inf  cs_rank((close - open) / (high - low)) * cs_rank(volume / sma(volume, 20))
[reward_only] iter  8/50 [ERR] reward=    -inf  rank(delta(close, 60) / (stddev(delta(close, 1), 60) + 1e-5)) * cs_rank(volume / sma(volume, 20))
[reward_only] iter  9/50 [ERR] reward=    -inf  cs_rank(delta(close, 60) / (stddev(delta(close, 1), 60) + 1e-5)) * cs_rank(volume / sma(volume, 20))
[reward_only] iter 10/50 [ERR] reward=    -inf  rank(delta(close, 60) / (stddev(delta(close, 1), 60) + 1e-5)) * rank(volume / sma(volume, 20))
[reward_only] iter 11/50 [OK ] reward=-93.1022  rank(delta(close, 60) / (stddev(delta(close, 1), 60) + 1e-5)) * rank(volume / (sma(volume, 20) + 1e-5))
[reward_only] iter 12/50 [OK ] reward=-93.1022  rank(delta(close, 60) / (stddev(delta(close, 1), 60) + 1e-5)) * cs_rank(volume / (sma(volume, 20) + 1e-5))
[reward_only] iter 13/50 [OK ] reward=-99.8441  rank(delta(close, 60) / (stddev(delta(close, 1), 60) + 1e-5)) + cs_rank(volume / (sma(volume, 20) + 1e-5))
[reward_only] iter 14/50 [OK ] reward=-93.1022  rank(delta(close, 60) / (stddev(delta(close, 1), 60) + 1e-5)) * cs_rank(volume / (sma(volume, 20) + 1e-5))
[reward_only] iter 15/50 [OK ] reward=-93.1022  rank(delta(close, 60) / (stddev(delta(close, 1), 60) + 1e-5)) * cs_rank(volume / (sma(volume, 20) + 1e-5))
[reward_only] iter 16/50 [OK ] reward=-99.8441  rank(delta(close, 60) / (stddev(delta(close, 1), 60) + 1e-5)) + cs_rank(volume / (sma(volume, 20) + 1e-5))
[reward_only] iter 17/50 [OK ] reward=-26.4552  rank(delta(close, 60) / (stddev(delta(close, 1), 60) + 1e-5))
[reward_only] iter 18/50 [OK ] reward=-82.9039  rank(volume / (stddev(volume, 60) + 1e-5))
[reward_only] iter 19/50 [OK ] reward=-62.6739  rank(delta(close, 60) / (stddev(delta(close, 1), 60) + 1e-5)) + rank(volume / (stddev(volume, 60) + 1e-5))
[reward_only] iter 20/50 [OK ] reward=-62.6739  rank(delta(close, 60) / (stddev(delta(close, 1), 60) + 1e-5)) + rank(volume / (stddev(volume, 60) + 1e-5))
[reward_only] iter 21/50 [OK ] reward=-26.4552  rank(delta(close, 60) / (stddev(delta(close, 1), 60) + 1e-5))
[reward_only] iter 22/50 [OK ] reward=-114.5924  cs_rank((high - low) / (vwap + 1e-5))
[reward_only] iter 23/50 [OK ] reward=-28.4895  cs_rank((high - low) / (vwap + 1e-5) + rank(delta(close, 60) / (stddev(delta(close, 1), 60) + 1e-5)))
[reward_only] iter 24/50 [OK ] reward=-97.8370  rank(delta(close, 60) / (stddev(delta(close, 1), 60) + 1e-5)) + rank((high - low) / (vwap + 1e-5))
[reward_only] iter 25/50 [OK ] reward=-97.8370  rank(delta(close, 60) / (stddev(delta(close, 1), 60) + 1e-5)) + rank((high - low) / (vwap + 1e-5))
[reward_only] iter 26/50 [OK ] reward=-26.4552  rank(delta(close, 60) / (stddev(delta(close, 1), 60) + 1e-5))
[reward_only] iter 27/50 [OK ] reward=-140.2189  cs_rank(vwap - close) * cs_rank(volume)
[reward_only] iter 28/50 [OK ] reward=-39.4626  rank(delta(close, 60) / (stddev(delta(close, 1), 60) + 1e-5)) * cs_rank(volume)
[reward_only] iter 29/50 [OK ] reward=-153.5623  cs_rank(vwap - close) + rank(volume / (stddev(volume, 60) + 1e-5))
[reward_only] iter 30/50 [OK ] reward=-62.6739  rank(delta(close, 60) / (stddev(delta(close, 1), 60) + 1e-5)) + cs_rank(volume / (stddev(volume, 60) + 1e-5))
[reward_only] iter 31/50 [OK ] reward=-82.9039  cs_rank(volume / (stddev(volume, 60) + 1e-5))
[reward_only] iter 32/50 [OK ] reward=-62.6739  cs_rank(delta(close, 60) / (stddev(delta(close, 1), 60) + 1e-5)) + cs_rank(volume / (stddev(volume, 60) + 1e-5))
[reward_only] iter 33/50 [OK ] reward=-26.4552  cs_rank(delta(close, 60) / (stddev(delta(close, 1), 60) + 1e-5))
[reward_only] iter 34/50 [OK ] reward=-61.0280  cs_rank((high - low) / (vwap * stddev(volume, 20) + 1e-5))
[reward_only] iter 35/50 [OK ] reward=-61.0280  rank((high - low) / (vwap * stddev(volume, 20) + 1e-5))
[reward_only] iter 36/50 [OK ] reward=-185.0462  rank((close - open) / (vwap * stddev(volume, 60) + 1e-5))
[reward_only] iter 37/50 [OK ] reward=-185.0462  cs_rank((close - open) / (vwap * stddev(volume, 60) + 1e-5))
[reward_only] iter 38/50 [OK ] reward=-185.0462  cs_rank((close - open) / (vwap * stddev(volume, 60) + 1e-5))
[reward_only] iter 39/50 [OK ] reward=-63.1264  cs_rank((high - low) / (vwap * stddev(volume, 60) + 1e-5))
[reward_only] iter 40/50 [OK ] reward=-185.0462  rank((close - open) / (vwap * stddev(volume, 60) + 1e-5))
[reward_only] iter 41/50 [OK ] reward=-185.0462  cs_rank((close - open) / (vwap * stddev(volume, 60) + 1e-5))
[reward_only] iter 42/50 [OK ] reward=-35.7596  rank(delta(close, 60) / (stddev(close, 60) + 1e-5))
[reward_only] iter 43/50 [ERR] reward=    -inf  cs_rank((high - low) / (vwap - close) + cs_rank(volume))
[reward_only] iter 44/50 [OK ] reward=-26.4884  cs_rank(delta(close, 60) / (stddev(delta(close, 1), 60) + 1e-5) + cs_rank(volume))
[reward_only] iter 45/50 [OK ] reward=-27.3022  rank(delta(close, 60) / (stddev(delta(close, 1), 60) + 1e-5) + rank(volume / (sma(volume, 20) + 1e-5)))
[reward_only] iter 46/50 [OK ] reward=-26.4552  rank(delta(close, 60) / (stddev(delta(close, 1), 60) + 1e-5))
[reward_only] iter 47/50 [OK ] reward=-181.7206  cs_rank(vwap - close)
[reward_only] iter 48/50 [OK ] reward=-31.1171  rank(delta(close, 60) / (stddev(delta(close, 1), 60) + 1e-5)) * cs_rank(volume / (vwap + 1e-5))
[reward_only] iter 49/50 [OK ] reward=-31.1171  rank(delta(close, 60) / (stddev(delta(close, 1), 60) + 1e-5)) * cs_rank(volume / (vwap + 1e-5))
[reward_only] iter 50/50 [OK ] reward=-39.4626  rank(delta(close, 60) / (stddev(delta(close, 1), 60) + 1e-5)) * cs_rank(volume)
[wfo:reward_only] fold 0 winner: rank(delta(close, 60) / (stddev(delta(close, 1), 60) + 1e-5))
[wfo:reward_only] fold 0 OOS: Gross_IR=-1.095 Turnover=40.98 Net_IR=-3.185
[wfo:reward_only] fold 1: train 2002-01-01..2006-12-31 -> test 2007-01-01..2007-12-31
[reward_only] iter  0/50 [SEED] reward=-24.8045  rank(delta(close, 60) / (stddev(delta(close, 1), 60) + 1e-5))
[reward_only] iter  1/50 [ERR] reward=    -inf  cs_rank((close - open) / (high - low))
[reward_only] iter  2/50 [OK ] reward=-24.8045  rank(delta(close, 60) / (stddev(delta(close, 1), 60) + 1e-5))
[reward_only] iter  3/50 [OK ] reward=-80.6307  rank(volume / (stddev(volume, 60) + 1e-5))
[reward_only] iter  4/50 [OK ] reward=-189.8886  rank((close - open) / (high - low + 1e-5))
[reward_only] iter  5/50 [OK ] reward=-182.8898  rank((close - open) / (high - low + 1e-5) * cs_rank(volume))
[reward_only] iter  6/50 [OK ] reward=-182.8898  rank((close - open) / (high - low + 1e-5) * cs_rank(volume))
[reward_only] iter  7/50 [OK ] reward=-182.8898  rank((close - open) / (high - low + 1e-5) * cs_rank(volume))
[reward_only] iter  8/50 [OK ] reward=-182.8898  rank((close - open) / (high - low + 1e-5) * cs_rank(volume))
[reward_only] iter  9/50 [ERR] reward=    -inf  rank(close / vwap * (volume / sma(volume, 60) + 1e-5))
[reward_only] iter 10/50 [ERR] reward=    -inf  rank(delta(close, 60) / (stddev(delta(close, 1), 60) + 1e-5)) * cs_rank(volume / sma(volume, 60) + 1e-5)
[reward_only] iter 11/50 [OK ] reward=-87.8439  rank(delta(close, 60) / (stddev(delta(close, 1), 60) + 1e-5)) * cs_rank(volume / (sma(volume, 60) + 1e-5))
[reward_only] iter 12/50 [OK ] reward=-94.6502  rank(delta(close, 60) / (stddev(delta(close, 1), 60) + 1e-5)) + cs_rank(volume / (sma(volume, 60) + 1e-5))
[reward_only] iter 13/50 [OK ] reward=-24.8045  cs_rank(delta(close, 60) / (stddev(delta(close, 1), 60) + 1e-5))
[reward_only] iter 14/50 [OK ] reward=-189.0445  cs_rank((close - open) / (stddev(close - open, 60) + 1e-5))
[reward_only] iter 15/50 [OK ] reward=-184.1174  rank((close - open) / (stddev(close - open, 60) + 1e-5)) * cs_rank(vwap - close)
[reward_only] iter 16/50 [OK ] reward=-127.8454  rank(delta(close, 60) / (stddev(delta(close, 1), 60) + 1e-5)) * cs_rank(vwap - close)
[reward_only] iter 17/50 [OK ] reward=-127.8454  rank(delta(close, 60) / (stddev(delta(close, 1), 60) + 1e-5)) * cs_rank(vwap - close)
[reward_only] iter 18/50 [OK ] reward=-127.8454  rank(delta(close, 60) / (stddev(delta(close, 1), 60) + 1e-5)) * cs_rank(vwap - close)
[reward_only] iter 19/50 [OK ] reward=-38.4341  rank(delta(close, 60) / (stddev(delta(close, 1), 60) + 1e-5)) * cs_rank(volume)
[reward_only] iter 20/50 [ERR] reward=    -inf  rank((close - open) / (vwap - open) + cs_rank(volume))
[reward_only] iter 21/50 [OK ] reward=-146.6588  rank((close - open) / (vwap - open + 1e-5)) + cs_rank(volume)
[reward_only] iter 22/50 [OK ] reward=-142.8645  rank((close - open) / (vwap - open + 1e-5)) * cs_rank(volume)
[reward_only] iter 23/50 [OK ] reward=-38.4341  rank(delta(close, 60) / (stddev(delta(close, 1), 60) + 1e-5)) * cs_rank(volume)
[reward_only] iter 24/50 [OK ] reward=-134.2248  cs_rank((high - low) / (vwap + 1e-5)) * ts_rank(volume, 60)
[reward_only] iter 25/50 [OK ] reward=-168.1558  rank((close - open) / (vwap + 1e-5)) * ts_rank(volume, 60)
[reward_only] iter 26/50 [OK ] reward=-146.5347  rank((close - open) / (vwap + 1e-5)) * cs_rank(volume)
[reward_only] iter 27/50 [ERR] reward=    -inf  cs_rank(close / vwap) * ts_rank(volume, 60)
[reward_only] iter 28/50 [OK ] reward=-95.7849  cs_rank(delta(close, 60) / (stddev(delta(close, 1), 60) + 1e-5)) * ts_rank(volume, 60)
[reward_only] iter 29/50 [ERR] reward=    -inf  cs_rank((close - open) / (high - low)) * ts_rank(volume, 60)
[reward_only] iter 30/50 [OK ] reward=-95.7849  rank(delta(close, 60) / (stddev(delta(close, 1), 60) + 1e-5)) * ts_rank(volume, 60)
[reward_only] iter 31/50 [ERR] reward=    -inf  cs_rank(open / close) * cs_rank(volume)
[reward_only] iter 32/50 [OK ] reward=-41.2377  cs_rank(delta(close, 60) / (stddev(delta(close, 1), 60) + 1e-5)) + cs_rank(volume)
[reward_only] iter 33/50 [OK ] reward=-30.9655  cs_rank(delta(close, 60) / (stddev(delta(close, 1), 60) + 1e-5)) + cs_rank(volume / (vwap + 1e-5))
[reward_only] iter 34/50 [OK ] reward=-24.8045  cs_rank(delta(close, 60) / (stddev(delta(close, 1), 60) + 1e-5))
[reward_only] iter 35/50 [ERR] reward=    -inf  cs_rank((high - low) / (vwap - close))
[reward_only] iter 36/50 [OK ] reward=-145.3628  rank(delta(close, 60) / (stddev(delta(close, 1), 60) + 1e-5)) + cs_rank((high - low) / (vwap - close + 1e-5))
[reward_only] iter 37/50 [OK ] reward=-132.3349  rank(delta(close, 60) / (stddev(delta(close, 1), 60) + 1e-5)) * cs_rank((high - low) / (vwap - close + 1e-5))
[reward_only] iter 38/50 [OK ] reward=-30.1987  rank(delta(close, 60) / (stddev(delta(close, 1), 60) + 1e-5)) * cs_rank(volume / (vwap + 1e-5))
[reward_only] iter 39/50 [OK ] reward=-30.1987  rank(delta(close, 60) / (stddev(delta(close, 1), 60) + 1e-5)) * cs_rank(volume / (vwap + 1e-5))
[reward_only] iter 40/50 [ERR] reward=    -inf  rank(delta(close, 60) / (stddev(delta(close, 1), 60) + 1e-5)) * cs_rank(volume / vwap)
[reward_only] iter 41/50 [OK ] reward=-30.1987  rank(delta(close, 60) / (stddev(delta(close, 1), 60) + 1e-5)) * cs_rank(volume / (vwap + 1e-5))
[reward_only] iter 42/50 [OK ] reward=-30.1987  rank(delta(close, 60) / (stddev(delta(close, 1), 60) + 1e-5)) * cs_rank(volume / (vwap + 1e-5))
[reward_only] iter 43/50 [ERR] reward=    -inf  rank(delta(close, 60) / (stddev(delta(close, 1), 60) + 1e-5)) * cs_rank(volume / vwap)
[reward_only] iter 44/50 [OK ] reward=-30.1987  rank(delta(close, 60) / (stddev(delta(close, 1), 60) + 1e-5)) * cs_rank(volume / (vwap + 1e-5))
[reward_only] iter 45/50 [OK ] reward=-30.1987  rank(delta(close, 60) / (stddev(delta(close, 1), 60) + 1e-5)) * cs_rank(volume / (vwap + 1e-5))
[reward_only] iter 46/50 [OK ] reward=-38.4341  rank(delta(close, 60) / (stddev(delta(close, 1), 60) + 1e-5)) * cs_rank(volume)
[reward_only] iter 47/50 [OK ] reward=-43.0635  cs_rank(volume) * ts_rank(vwap, 60)
[reward_only] iter 48/50 [OK ] reward=-41.2377  cs_rank(delta(close, 60) / (stddev(delta(close, 1), 60) + 1e-5)) + cs_rank(volume)
[reward_only] iter 49/50 [OK ] reward=-30.9655  cs_rank(delta(close, 60) / (stddev(delta(close, 1), 60) + 1e-5)) + cs_rank(volume / (vwap + 1e-5))
[reward_only] iter 50/50 [OK ] reward=-30.9655  cs_rank(delta(close, 60) / (stddev(delta(close, 1), 60) + 1e-5)) + cs_rank(volume / (vwap + 1e-5))
[wfo:reward_only] fold 1 winner: rank(delta(close, 60) / (stddev(delta(close, 1), 60) + 1e-5))
[wfo:reward_only] fold 1 OOS: Gross_IR=1.949 Turnover=40.32 Net_IR=0.150
[wfo:reward_only] fold 2: train 2003-01-01..2007-12-31 -> test 2008-01-01..2008-12-31
[reward_only] iter  0/50 [SEED] reward=-23.2843  rank(delta(close, 60) / (stddev(delta(close, 1), 60) + 1e-5))
[reward_only] iter  1/50 [ERR] reward=    -inf  cs_rank((high - low) / (vwap - close) + decay_linear(ts_rank(volume, 60), 20))
[reward_only] iter  2/50 [OK ] reward=-139.4617  cs_rank((high - low) / (vwap - close + 1e-5)) + ts_rank(delta(close, 60) / (stddev(delta(close, 1), 60) + 1e-5), 60)
[reward_only] iter  3/50 [OK ] reward=-23.2843  rank(delta(close, 60) / (stddev(delta(close, 1), 60) + 1e-5))
[reward_only] iter  4/50 [ERR] reward=    -inf  rank((high - low) / vwap)
[reward_only] iter  5/50 [OK ] reward=-98.1162  rank(delta(close, 60) / (stddev(delta(close, 1), 60) + 1e-5)) + rank((high - low) / (vwap + 1e-5))
[reward_only] iter  6/50 [OK ] reward=-29.8108  rank(delta(close, 60) / (stddev(delta(close, 1), 60) + 1e-5)) + rank(volume / (vwap + 1e-5))
[reward_only] iter  7/50 [OK ] reward=-23.2843  rank(delta(close, 60) / (stddev(delta(close, 1), 60) + 1e-5))
[reward_only] iter  8/50 [OK ] reward=-58.4437  cs_rank((high - low) / (vwap * volume + 1e-5))
[reward_only] iter  9/50 [OK ] reward=-182.7787  cs_rank((close - open) / (stddev(close, 60) + 1e-5))
[reward_only] iter 10/50 [ERR] reward=    -inf  rank((close - open) / (vwap - low))
[reward_only] iter 11/50 [OK ] reward=-88.5491  rank(delta(close, 60) / (stddev(delta(close, 1), 60) + 1e-5)) * rank(volume / (sma(volume, 60) + 1e-5))
[reward_only] iter 12/50 [OK ] reward=-23.2843  cs_rank(delta(close, 60) / (stddev(delta(close, 1), 60) + 1e-5))
[reward_only] iter 13/50 [OK ] reward=-58.4437  cs_rank((high - low) / (vwap * volume + 1e-5))
[reward_only] iter 14/50 [ERR] reward=    -inf  rank(close / sma(close, 252))
[reward_only] iter 15/50 [ERR] reward=    -inf  cs_rank(delta(close, 60) / (stddev(delta(close, 1), 60) + 1e-5) + vwap / sma(vwap, 252))
[reward_only] iter 16/50 [ERR] reward=    -inf  rank(delta(close, 60) / (stddev(delta(close, 1), 60) + 1e-5) + cs_rank(vwap / sma(vwap, 252)))
[reward_only] iter 17/50 [OK ] reward=-23.0111  rank(delta(close, 60) / (stddev(delta(close, 1), 60) + 1e-5) + cs_rank(vwap / (sma(vwap, 252) + 1e-5)))
[reward_only] iter 18/50 [OK ] reward=-11.2915  cs_rank(vwap / (sma(vwap, 252) + 1e-5))
[reward_only] iter 19/50 [OK ] reward=-109.7661  cs_rank((vwap / (sma(vwap, 252) + 1e-5)) * cs_rank(volume / (sma(volume, 252) + 1e-5)))
[reward_only] iter 20/50 [OK ] reward=-109.7661  cs_rank(vwap / (sma(vwap, 252) + 1e-5) * cs_rank(volume / (sma(volume, 252) + 1e-5)))
[reward_only] iter 21/50 [OK ] reward=-96.9513  cs_rank(vwap / (sma(vwap, 252) + 1e-5) - cs_rank(volume / (sma(volume, 252) + 1e-5)))
[reward_only] iter 22/50 [OK ] reward=-109.7661  cs_rank(vwap / (sma(vwap, 252) + 1e-5) * cs_rank(volume / (sma(volume, 252) + 1e-5)))
[reward_only] iter 23/50 [OK ] reward=-81.3753  cs_rank(vwap / (sma(vwap, 252) + 1e-5)) * cs_rank(volume / (sma(volume, 252) + 1e-5))
[reward_only] iter 24/50 [OK ] reward=-81.3753  cs_rank(vwap / (sma(vwap, 252) + 1e-5)) * cs_rank(volume / (sma(volume, 252) + 1e-5))
[reward_only] iter 25/50 [OK ] reward=-88.9430  cs_rank(vwap / (sma(vwap, 252) + 1e-5)) + cs_rank(volume / (sma(volume, 252) + 1e-5))
[reward_only] iter 26/50 [OK ] reward=-88.9430  cs_rank(vwap / (sma(vwap, 252) + 1e-5)) + cs_rank(volume / (sma(volume, 252) + 1e-5))
[reward_only] iter 27/50 [OK ] reward=-54.0188  cs_rank(vwap / (sma(vwap, 252) + 1e-5)) + cs_rank(high - low)
[reward_only] iter 28/50 [OK ] reward=-88.9430  cs_rank(vwap / (sma(vwap, 252) + 1e-5)) + cs_rank(volume / (sma(volume, 252) + 1e-5))
[reward_only] iter 29/50 [OK ] reward=-81.3753  cs_rank(vwap / (sma(vwap, 252) + 1e-5)) * cs_rank(volume / (sma(volume, 252) + 1e-5))
[reward_only] iter 30/50 [OK ] reward=-81.3753  cs_rank(vwap / (sma(vwap, 252) + 1e-5)) * cs_rank(volume / (sma(volume, 252) + 1e-5))
[reward_only] iter 31/50 [OK ] reward=-81.3753  cs_rank(vwap / (sma(vwap, 252) + 1e-5)) * cs_rank(volume / (sma(volume, 252) + 1e-5))
[reward_only] iter 32/50 [OK ] reward=-81.3753  cs_rank(vwap / (sma(vwap, 252) + 1e-5)) * cs_rank(volume / (sma(volume, 252) + 1e-5))
[reward_only] iter 33/50 [OK ] reward=-12.1548  cs_rank(vwap / (sma(vwap, 252) + 1e-5)) * cs_rank(stddev(close, 60) / (stddev(close, 252) + 1e-5))
[reward_only] iter 34/50 [OK ] reward=-11.4285  cs_rank(vwap / (sma(vwap, 252) + 1e-5)) * cs_rank(close / (sma(close, 252) + 1e-5))
[reward_only] iter 35/50 [OK ] reward=-14.2408  cs_rank(vwap / (sma(vwap, 252) + 1e-5)) * cs_rank(close / (sma(close, 126) + 1e-5))
[reward_only] iter 36/50 [OK ] reward=-14.8044  cs_rank(vwap / (sma(vwap, 252) + 1e-5)) + cs_rank(close / (sma(close, 126) + 1e-5))
[reward_only] iter 37/50 [OK ] reward=-90.9718  cs_rank(vwap / (sma(vwap, 252) + 1e-5)) + cs_rank(volume / (sma(volume, 126) + 1e-5))
[reward_only] iter 38/50 [OK ] reward=-83.4379  cs_rank(vwap / (sma(vwap, 252) + 1e-5)) * cs_rank(volume / (sma(volume, 126) + 1e-5))
[reward_only] iter 39/50 [OK ] reward=-83.4379  cs_rank(vwap / (sma(vwap, 252) + 1e-5)) * cs_rank(volume / (sma(volume, 126) + 1e-5))
[reward_only] iter 40/50 [OK ] reward=-120.8463  cs_rank(vwap / (sma(vwap, 252) + 1e-5)) * cs_rank(abs(close - open) / (stddev(close, 252) + 1e-5))
[reward_only] iter 41/50 [OK ] reward=-125.0300  cs_rank(vwap / (sma(vwap, 252) + 1e-5)) * cs_rank(close - open)
[reward_only] iter 42/50 [OK ] reward=-154.6839  cs_rank(close - open) * cs_rank(volume / (sma(volume, 252) + 1e-5))
[reward_only] iter 43/50 [OK ] reward=-153.0852  cs_rank(vwap - open) * cs_rank(volume / (sma(volume, 252) + 1e-5))
[reward_only] iter 44/50 [OK ] reward=-81.3753  cs_rank(vwap / (sma(vwap, 252) + 1e-5)) * cs_rank(volume / (sma(volume, 252) + 1e-5))
[reward_only] iter 45/50 [OK ] reward=-81.3753  cs_rank(vwap / (sma(vwap, 252) + 1e-5)) * cs_rank(volume / (sma(volume, 252) + 1e-5))
[reward_only] iter 46/50 [OK ] reward=-88.9430  cs_rank(vwap / (sma(vwap, 252) + 1e-5)) + cs_rank(volume / (sma(volume, 252) + 1e-5))
[reward_only] iter 47/50 [OK ] reward=-88.9430  cs_rank(vwap / (sma(vwap, 252) + 1e-5)) + cs_rank(volume / (sma(volume, 252) + 1e-5))
[reward_only] iter 48/50 [OK ] reward=-12.0419  cs_rank(vwap / (sma(vwap, 252) + 1e-5)) + cs_rank(stddev(close, 60) / (stddev(close, 252) + 1e-5))
[reward_only] iter 49/50 [OK ] reward=-11.7705  cs_rank(vwap / (sma(vwap, 252) + 1e-5)) + cs_rank(close / (sma(close, 252) + 1e-5))
[reward_only] iter 50/50 [OK ] reward=-88.9430  cs_rank(vwap / (sma(vwap, 252) + 1e-5)) + cs_rank(volume / (sma(volume, 252) + 1e-5))
[wfo:reward_only] fold 2 winner: cs_rank(vwap / (sma(vwap, 252) + 1e-5))
[wfo:reward_only] fold 2 OOS: Gross_IR=0.098 Turnover=22.80 Net_IR=-0.218
[wfo:reward_only] fold 3: train 2004-01-01..2008-12-31 -> test 2009-01-01..2009-12-31
[reward_only] iter  0/50 [SEED] reward=-22.3874  rank(delta(close, 60) / (stddev(delta(close, 1), 60) + 1e-5))
[reward_only] iter  1/50 [OK ] reward=-28.9906  rank((delta(close, 60) / (stddev(delta(close, 1), 60) + 1e-5)) * cs_rank(volume))
[reward_only] iter  2/50 [OK ] reward=-38.8322  rank(delta(close, 60) / (stddev(delta(close, 1), 60) + 1e-5)) + cs_rank(volume)
[reward_only] iter  3/50 [OK ] reward=-38.9320  rank(delta(close, 60) / (stddev(delta(close, 1), 60) + 1e-5)) + cs_rank(volume / (volume + 1e-5))
[reward_only] iter  4/50 [OK ] reward=-38.9320  rank(delta(close, 60) / (stddev(delta(close, 1), 60) + 1e-5)) + cs_rank(volume / (volume + 1e-5))
[reward_only] iter  5/50 [OK ] reward=-22.3874  rank(delta(close, 60) / (stddev(delta(close, 1), 60) + 1e-5))
[reward_only] iter  6/50 [OK ] reward=-26.9867  cs_rank((delta(close, 60) / (stddev(delta(close, 1), 60) + 1e-5)) + (volume / (stddev(volume, 60) + 1e-5)))
[reward_only] iter  7/50 [OK ] reward=-61.1779  rank(delta(close, 60) / (stddev(delta(close, 1), 60) + 1e-5)) + cs_rank(volume / (stddev(volume, 60) + 1e-5))
[reward_only] iter  8/50 [OK ] reward=-61.1779  rank(delta(close, 60) / (stddev(delta(close, 1), 60) + 1e-5)) + cs_rank(volume / (stddev(volume, 60) + 1e-5))
[reward_only] iter  9/50 [OK ] reward=-22.3874  rank(delta(close, 60) / (stddev(delta(close, 1), 60) + 1e-5))
[reward_only] iter 10/50 [OK ] reward=-93.1223  rank(delta(close, 60) / (stddev(delta(close, 1), 60) + 1e-5)) + rank(volume / (sma(volume, 60) + 1e-5))
[reward_only] iter 11/50 [OK ] reward=-22.3874  rank(delta(close, 60) / (stddev(delta(close, 1), 60) + 1e-5))
[reward_only] iter 12/50 [ERR] reward=    -inf  cs_rank(delta(close, 60) / (stddev(delta(close, 1), 60) + 1e-5) + cs_rank(volume / vwap))
[reward_only] iter 13/50 [ERR] reward=    -inf  rank(delta(close, 60) / (stddev(delta(close, 1), 60) + 1e-5) + rank(volume / vwap))
[reward_only] iter 14/50 [OK ] reward=-48.6090  cs_rank((close - sma(close, 20)) / (stddev(close, 60) + 1e-5))
[reward_only] iter 15/50 [OK ] reward=-39.4381  cs_rank(delta(close, 20) / (stddev(delta(close, 1), 60) + 1e-5))
[reward_only] iter 16/50 [ERR] reward=    -inf  cs_rank((close - open) / (high - low) * volume)
[reward_only] iter 17/50 [OK ] reward=-22.3874  cs_rank(delta(close, 60) / (stddev(delta(close, 1), 60) + 1e-5))
[reward_only] iter 18/50 [OK ] reward=-23.2958  rank(delta(close, 60) / (stddev(delta(close, 1), 60) + 1e-5) + cs_rank(volume / (sma(volume, 20) + 1e-5)))
[reward_only] iter 19/50 [OK ] reward=-22.5363  rank(delta(close, 60) / (stddev(delta(close, 1), 60) + 1e-5) + cs_rank(volume / (vwap + 1e-5)))
[reward_only] iter 20/50 [OK ] reward=-22.5363  rank(delta(close, 60) / (stddev(delta(close, 1), 60) + 1e-5) + cs_rank(volume / (vwap + 1e-5)))
[reward_only] iter 21/50 [OK ] reward=-29.1781  rank(delta(close, 60) / (stddev(delta(close, 1), 60) + 1e-5)) + cs_rank(volume / (vwap + 1e-5))
[reward_only] iter 22/50 [ERR] reward=    -inf  rank(delta(close, 60) / (stddev(delta(close, 1), 60) + 1e-5)) + cs_rank(volume / vwap)
[reward_only] iter 23/50 [OK ] reward=-29.1781  rank(delta(close, 60) / (stddev(delta(close, 1), 60) + 1e-5)) + cs_rank(volume / (vwap + 1e-5))
[reward_only] iter 24/50 [OK ] reward=-28.2147  rank(delta(close, 60) / (stddev(delta(close, 1), 60) + 1e-5)) * cs_rank(volume / (vwap + 1e-5))
[reward_only] iter 25/50 [OK ] reward=-28.2147  rank(delta(close, 60) / (stddev(delta(close, 1), 60) + 1e-5)) * cs_rank(volume / (vwap + 1e-5))
[reward_only] iter 26/50 [OK ] reward=-22.3874  rank(delta(close, 60) / (stddev(delta(close, 1), 60) + 1e-5))
[reward_only] iter 27/50 [OK ] reward=-93.1223  rank(delta(close, 60) / (stddev(delta(close, 1), 60) + 1e-5)) + rank(volume / (sma(volume, 60) + 1e-5))
[reward_only] iter 28/50 [OK ] reward=-93.1223  rank(delta(close, 60) / (stddev(delta(close, 1), 60) + 1e-5)) + rank(volume / (sma(volume, 60) + 1e-5))
[reward_only] iter 29/50 [OK ] reward=-86.0809  rank(delta(close, 60) / (stddev(delta(close, 1), 60) + 1e-5)) * cs_rank(volume / (sma(volume, 60) + 1e-5))
[reward_only] iter 30/50 [OK ] reward=-93.1223  rank(delta(close, 60) / (stddev(delta(close, 1), 60) + 1e-5)) + cs_rank(volume / (sma(volume, 60) + 1e-5))
[reward_only] iter 31/50 [OK ] reward=-115.2844  cs_rank(rank(delta(close, 60) / (stddev(delta(close, 1), 60) + 1e-5)) + zscore(volume, 60))
[reward_only] iter 32/50 [OK ] reward=-22.3874  cs_rank(delta(close, 60) / (stddev(delta(close, 1), 60) + 1e-5))
[reward_only] iter 33/50 [OK ] reward=-22.7951  cs_rank(delta(close, 60) / (stddev(delta(close, 1), 60) + 1e-5) + cs_rank(volume / (stddev(volume, 60) + 1e-5)))
[reward_only] iter 34/50 [OK ] reward=-61.1779  cs_rank(delta(close, 60) / (stddev(delta(close, 1), 60) + 1e-5)) + cs_rank(volume / (stddev(volume, 60) + 1e-5))
[reward_only] iter 35/50 [OK ] reward=-61.1779  rank(delta(close, 60) / (stddev(delta(close, 1), 60) + 1e-5)) + rank(volume / (stddev(volume, 60) + 1e-5))
[reward_only] iter 36/50 [OK ] reward=-61.1779  rank(delta(close, 60) / (stddev(delta(close, 1), 60) + 1e-5)) + rank(volume / (stddev(volume, 60) + 1e-5))
[reward_only] iter 37/50 [OK ] reward=-61.1779  rank(delta(close, 60) / (stddev(delta(close, 1), 60) + 1e-5)) + rank(volume / (stddev(volume, 60) + 1e-5))
[reward_only] iter 38/50 [OK ] reward=-19.7813  rank(delta(close, 60) / (stddev(delta(close, 1), 60) + 1e-5)) + rank(vwap / (stddev(vwap, 60) + 1e-5))
[reward_only] iter 39/50 [OK ] reward=-61.1779  rank(delta(close, 60) / (stddev(delta(close, 1), 60) + 1e-5)) + rank(volume / (stddev(volume, 60) + 1e-5))
[reward_only] iter 40/50 [OK ] reward=-19.7813  rank(delta(close, 60) / (stddev(delta(close, 1), 60) + 1e-5)) + rank(vwap / (stddev(vwap, 60) + 1e-5))
[reward_only] iter 41/50 [OK ] reward=-59.9102  rank(delta(close, 60) / (stddev(delta(close, 1), 60) + 1e-5)) + rank(vwap / (stddev(vwap, 60) + 1e-5)) - rank(volume / (stddev(volume, 60) + 1e-5))
[reward_only] iter 42/50 [OK ] reward=-19.7813  rank(delta(close, 60) / (stddev(delta(close, 1), 60) + 1e-5)) + rank(vwap / (stddev(vwap, 60) + 1e-5))
[reward_only] iter 43/50 [OK ] reward=-19.7813  rank(delta(close, 60) / (stddev(delta(close, 1), 60) + 1e-5)) + cs_rank(vwap / (stddev(vwap, 60) + 1e-5))
[reward_only] iter 44/50 [OK ] reward=-19.7813  cs_rank(delta(close, 60) / (stddev(delta(close, 1), 60) + 1e-5)) + cs_rank(vwap / (stddev(vwap, 60) + 1e-5))
[reward_only] iter 45/50 [OK ] reward=-61.1779  cs_rank(delta(close, 60) / (stddev(delta(close, 1), 60) + 1e-5)) + cs_rank(volume / (stddev(volume, 60) + 1e-5))
[reward_only] iter 46/50 [OK ] reward=-22.3874  cs_rank(delta(close, 60) / (stddev(delta(close, 1), 60) + 1e-5))
[reward_only] iter 47/50 [OK ] reward=-61.1779  cs_rank(delta(close, 60) / (stddev(delta(close, 1), 60) + 1e-5)) + cs_rank(volume / (stddev(volume, 60) + 1e-5))
[reward_only] iter 48/50 [OK ] reward=-19.7813  cs_rank(delta(close, 60) / (stddev(delta(close, 1), 60) + 1e-5)) + cs_rank(vwap / (stddev(vwap, 60) + 1e-5))
[reward_only] iter 49/50 [OK ] reward=-47.3421  cs_rank(delta(close, 60) / (stddev(delta(close, 1), 60) + 1e-5)) + cs_rank(vwap / (stddev(vwap, 60) + 1e-5)) + cs_rank(volume / (stddev(volume, 60) + 1e-5))
[reward_only] iter 50/50 [OK ] reward=-19.7813  cs_rank(delta(close, 60) / (stddev(delta(close, 1), 60) + 1e-5)) + cs_rank(vwap / (stddev(vwap, 60) + 1e-5))
[wfo:reward_only] fold 3 winner: rank(delta(close, 60) / (stddev(delta(close, 1), 60) + 1e-5)) + rank(vwap / (stddev(vwap, 60) + 1e-5))
[wfo:reward_only] fold 3 OOS: Gross_IR=-1.813 Turnover=47.54 Net_IR=-2.823
[wfo:reward_only] fold 4: train 2005-01-01..2009-12-31 -> test 2010-01-01..2010-12-31
[reward_only] iter  0/50 [SEED] reward=-24.1054  rank(delta(close, 60) / (stddev(delta(close, 1), 60) + 1e-5))
[reward_only] iter  1/50 [ERR] reward=    -inf  rank((high - low) / volume)
[reward_only] iter  2/50 [OK ] reward=-30.3676  rank(delta(close, 60) / (stddev(delta(close, 1), 60) + 1e-5) * cs_rank(volume))
[reward_only] iter  3/50 [ERR] reward=    -inf  rank(close / vwap) * cs_rank(volume)
[reward_only] iter  4/50 [OK ] reward=-35.7006  rank(delta(close, 60) / (stddev(delta(close, 1), 60) + 1e-5)) * cs_rank(volume)
[reward_only] iter  5/50 [OK ] reward=-29.2131  rank(delta(close, 60) / (stddev(delta(close, 1), 60) + 1e-5)) + cs_rank(volume / (vwap + 1e-5))
[reward_only] iter  6/50 [OK ] reward=-24.1054  rank(delta(close, 60) / (stddev(delta(close, 1), 60) + 1e-5))
[reward_only] iter  7/50 [OK ] reward=-184.5145  rank((close - open) / (stddev(close, 60) + 1e-5))
[reward_only] iter  8/50 [OK ] reward=-112.2067  rank((high - low) / (stddev(close, 60) + 1e-5))
[reward_only] iter  9/50 [OK ] reward=-184.5145  rank((close - open) / (stddev(close, 60) + 1e-5))
[reward_only] iter 10/50 [OK ] reward=-184.5145  cs_rank((close - open) / (stddev(close, 60) + 1e-5))
[reward_only] iter 11/50 [OK ] reward=-131.7202  cs_rank((close - open) / (stddev(close, 60) + 1e-5)) * decay_linear(cs_rank(close), 60)
[reward_only] iter 12/50 [ERR] reward=    -inf  cs_rank(((high - low) / (close - open) + 1) / (stddev(close, 60) + 1e-5))
[reward_only] iter 13/50 [OK ] reward=-133.7308  rank(delta(close, 60) / (stddev(delta(close, 1), 60) + 1e-5)) + cs_rank(((high - low) / (close - open + 1e-5) + 1) / (stddev(close, 60) + 1e-5))
[reward_only] iter 14/50 [OK ] reward=-141.1905  rank(delta(close, 60) / (stddev(delta(close, 1), 60) + 1e-5)) + cs_rank((high - low) / (close - open + 1e-5))
[reward_only] iter 15/50 [OK ] reward=-24.1054  rank(delta(close, 60) / (stddev(delta(close, 1), 60) + 1e-5))
[reward_only] iter 16/50 [OK ] reward=-35.4826  cs_rank((high - low) / (volume + 1e-5))
[reward_only] iter 17/50 [OK ] reward=-183.8038  rank((close - open) / (stddev(close, 20) + 1e-5))
[reward_only] iter 18/50 [OK ] reward=-128.0561  rank((close - open) / (stddev(close, 20) + 1e-5)) * rank(delta(close, 60) / (stddev(delta(close, 1), 60) + 1e-5))
[reward_only] iter 19/50 [OK ] reward=-127.7602  rank(delta(close, 60) / (stddev(delta(close, 1), 60) + 1e-5)) * rank(vwap - close)
[reward_only] iter 20/50 [OK ] reward=-127.7602  rank(delta(close, 60) / (stddev(delta(close, 1), 60) + 1e-5)) * cs_rank(vwap - close)
[reward_only] iter 21/50 [OK ] reward=-35.7006  rank(delta(close, 60) / (stddev(delta(close, 1), 60) + 1e-5)) * cs_rank(volume)
[reward_only] iter 22/50 [OK ] reward=-100.6459  cs_rank((high - low) / (close + 1e-5)) * rank(volume)
[reward_only] iter 23/50 [OK ] reward=-35.7006  rank(delta(close, 60) / (stddev(delta(close, 1), 60) + 1e-5)) * cs_rank(volume)
[reward_only] iter 24/50 [ERR] reward=    -inf  cs_rank(close / vwap) * cs_rank(volume)
[reward_only] iter 25/50 [OK ] reward=-35.7006  rank(delta(close, 60) / (stddev(delta(close, 1), 60) + 1e-5)) * cs_rank(volume)
[reward_only] iter 26/50 [OK ] reward=-142.6104  cs_rank(close - vwap) * cs_rank(volume)
[reward_only] iter 27/50 [OK ] reward=-142.6104  rank(close - vwap) * cs_rank(volume)
[reward_only] iter 28/50 [OK ] reward=-142.6104  rank(close - vwap) * cs_rank(volume)
[reward_only] iter 29/50 [OK ] reward=-168.6075  cs_rank(close - vwap) * ts_rank(volume, 60)
[reward_only] iter 30/50 [OK ] reward=-97.9037  cs_rank(delta(close, 20) / (stddev(delta(close, 1), 20) + 1e-5)) * ts_rank(volume, 60)
[reward_only] iter 31/50 [ERR] reward=    -inf  cs_rank((close - open) / (high - low)) * ts_rank(volume, 60)
[reward_only] iter 32/50 [OK ] reward=-35.7006  rank(delta(close, 60) / (stddev(delta(close, 1), 60) + 1e-5)) * cs_rank(volume)
[reward_only] iter 33/50 [ERR] reward=    -inf  cs_rank(close / open) * cs_rank(volume)
[reward_only] iter 34/50 [OK ] reward=-143.5860  cs_rank((close - open) / (vwap + 1e-5)) * cs_rank(volume)
[reward_only] iter 35/50 [OK ] reward=-102.8675  cs_rank((close - open) / (vwap + 1e-5)) * cs_rank(volume) + cs_rank(zscore(close, 60))
[reward_only] iter 36/50 [OK ] reward=-24.1054  rank(delta(close, 60) / (stddev(delta(close, 1), 60) + 1e-5))
[reward_only] iter 37/50 [ERR] reward=    -inf  cs_rank(((high - low) / vwap) / (stddev(volume, 60) + 1e-5))
[reward_only] iter 38/50 [OK ] reward=-24.1054  rank(delta(close, 60) / (stddev(delta(close, 1), 60) + 1e-5))
[reward_only] iter 39/50 [ERR] reward=    -inf  rank(volume / sma(volume, 60) + cs_rank(close - open))
[reward_only] iter 40/50 [OK ] reward=-25.0376  rank(delta(close, 60) / (stddev(delta(close, 1), 60) + 1e-5) + cs_rank(volume / (sma(volume, 60) + 1e-5)))
[reward_only] iter 41/50 [OK ] reward=-94.2900  rank(delta(close, 60) / (stddev(delta(close, 1), 60) + 1e-5)) + cs_rank(volume / (sma(volume, 60) + 1e-5))
[reward_only] iter 42/50 [OK ] reward=-94.2900  cs_rank(delta(close, 60) / (stddev(delta(close, 1), 60) + 1e-5)) + cs_rank(volume / (sma(volume, 60) + 1e-5))
[reward_only] iter 43/50 [OK ] reward=-22.4011  cs_rank(delta(close, 60) / (stddev(delta(close, 1), 60) + 1e-5)) + cs_rank(vwap / (sma(vwap, 60) + 1e-5))
[reward_only] iter 44/50 [OK ] reward=-22.4011  cs_rank(delta(close, 60) / (stddev(delta(close, 1), 60) + 1e-5)) + cs_rank(vwap / (sma(vwap, 60) + 1e-5))
[reward_only] iter 45/50 [OK ] reward=-24.1054  cs_rank(delta(close, 60) / (stddev(delta(close, 1), 60) + 1e-5))
[reward_only] iter 46/50 [OK ] reward=-133.4677  cs_rank((high - low) / (vwap + 1e-5)) + cs_rank(volume / (sma(volume, 60) + 1e-5))
[reward_only] iter 47/50 [OK ] reward=-94.2900  cs_rank(delta(close, 60) / (stddev(delta(close, 1), 60) + 1e-5)) + cs_rank(volume / (sma(volume, 60) + 1e-5))
[reward_only] iter 48/50 [OK ] reward=-94.2900  cs_rank(delta(close, 60) / (stddev(delta(close, 1), 60) + 1e-5)) + cs_rank(volume / (sma(volume, 60) + 1e-5))
[reward_only] iter 49/50 [OK ] reward=-61.4199  cs_rank(delta(close, 60) / (stddev(delta(close, 1), 60) + 1e-5)) + cs_rank(vwap / (sma(vwap, 60) + 1e-5)) - cs_rank(volume / (sma(volume, 60) + 1e-5))
[reward_only] iter 50/50 [OK ] reward=-22.4011  cs_rank(delta(close, 60) / (stddev(delta(close, 1), 60) + 1e-5)) + cs_rank(vwap / (sma(vwap, 60) + 1e-5))
[wfo:reward_only] fold 4 winner: cs_rank(delta(close, 60) / (stddev(delta(close, 1), 60) + 1e-5)) + cs_rank(vwap / (sma(vwap, 60) + 1e-5))
[wfo:reward_only] fold 4 OOS: Gross_IR=-0.983 Turnover=40.78 Net_IR=-3.381
[wfo:reward_only] fold 5: train 2006-01-01..2010-12-31 -> test 2011-01-01..2011-12-31
[reward_only] iter  0/50 [SEED] reward=-24.3573  rank(delta(close, 60) / (stddev(delta(close, 1), 60) + 1e-5))
[reward_only] iter  1/50 [OK ] reward=-183.4334  cs_rank(close - vwap)
[reward_only] iter  2/50 [OK ] reward=-140.5106  rank(delta(close, 60) / (stddev(delta(close, 1), 60) + 1e-5)) + cs_rank(vwap - close)
[reward_only] iter  3/50 [OK ] reward=-24.3573  rank(delta(close, 60) / (stddev(delta(close, 1), 60) + 1e-5))
[reward_only] iter  4/50 [OK ] reward=-118.9289  cs_rank((high - low) / (vwap + 1e-5))
[reward_only] iter  5/50 [OK ] reward=-49.5570  cs_rank((high - low) / (vwap + 1e-5) * stddev(close, 60))
[reward_only] iter  6/50 [OK ] reward=-33.4301  rank(close - decay_linear(low, 60))
[reward_only] iter  7/50 [OK ] reward=-64.9210  rank(close - decay_linear(low, 60)) * rank(volume / (stddev(volume, 60) + 1e-5))
[reward_only] iter  8/50 [OK ] reward=-64.9210  rank(close - decay_linear(low, 60)) * rank(volume / (stddev(volume, 60) + 1e-5))
[reward_only] iter  9/50 [OK ] reward=-148.3060  rank(close - vwap) * rank(volume / (stddev(volume, 60) + 1e-5))
[reward_only] iter 10/50 [ERR] reward=    -inf  rank(close - vwap) * rank(volume / (stddev(volume, 60) + 1e-5)) * cs_rank(close / open)
[reward_only] iter 11/50 [OK ] reward=-59.4786  rank(delta(close, 60) / (stddev(delta(close, 1), 60) + 1e-5)) * cs_rank(volume / (stddev(volume, 60) + 1e-5))
[reward_only] iter 12/50 [OK ] reward=-59.4786  rank(delta(close, 60) / (stddev(delta(close, 1), 60) + 1e-5)) * cs_rank(volume / (stddev(volume, 60) + 1e-5))
[reward_only] iter 13/50 [OK ] reward=-59.4786  rank(delta(close, 60) / (stddev(delta(close, 1), 60) + 1e-5)) * cs_rank(volume / (stddev(volume, 60) + 1e-5))
[reward_only] iter 14/50 [OK ] reward=-24.3573  rank(delta(close, 60) / (stddev(delta(close, 1), 60) + 1e-5))
[reward_only] iter 15/50 [OK ] reward=-183.4334  cs_rank(close - vwap)
[reward_only] iter 16/50 [OK ] reward=-179.6602  cs_rank((close - vwap) / (volume + 1e-5))
[reward_only] iter 17/50 [OK ] reward=-184.3539  cs_rank((close - open) / (stddev(close, 60) + 1e-5))
[reward_only] iter 18/50 [OK ] reward=-184.3539  rank((close - open) / (stddev(close, 60) + 1e-5))
[reward_only] iter 19/50 [OK ] reward=-112.2869  rank((high - low) / (stddev(close, 60) + 1e-5))
[reward_only] iter 20/50 [OK ] reward=-175.4560  rank((close - open) / (volume + 1e-5))
[reward_only] iter 21/50 [OK ] reward=-24.4574  rank((close - open) / (volume + 1e-5) + delta(close, 60) / (stddev(delta(close, 1), 60) + 1e-5))
[reward_only] iter 22/50 [OK ] reward=-24.3573  cs_rank(delta(close, 60) / (stddev(delta(close, 1), 60) + 1e-5))
[reward_only] iter 23/50 [OK ] reward=-184.3539  cs_rank((close - open) / (stddev(close, 60) + 1e-5))
[reward_only] iter 24/50 [OK ] reward=-181.8604  rank((vwap - open) / (stddev(vwap, 60) + 1e-5))
[reward_only] iter 25/50 [OK ] reward=-184.3539  rank((close - open) / (stddev(close, 60) + 1e-5))
[reward_only] iter 26/50 [OK ] reward=-184.3539  rank((close - open) / (stddev(close, 60) + 1e-5))
[reward_only] iter 27/50 [OK ] reward=-184.3539  cs_rank((close - open) / (stddev(close, 60) + 1e-5))
[reward_only] iter 28/50 [OK ] reward=-186.6856  rank((close - vwap) / (stddev(close, 60) + 1e-5))
[reward_only] iter 29/50 [OK ] reward=-186.6856  rank((close - vwap) / (stddev(close, 60) + 1e-5))
[reward_only] iter 30/50 [OK ] reward=-87.4669  rank(delta(close, 60) / (stddev(delta(close, 1), 60) + 1e-5)) * rank(volume / (sma(volume, 60) + 1e-5))
[reward_only] iter 31/50 [OK ] reward=-24.3573  cs_rank(delta(close, 60) / (stddev(delta(close, 1), 60) + 1e-5))
[reward_only] iter 32/50 [OK ] reward=-64.7349  cs_rank(high - low)
[reward_only] iter 33/50 [ERR] reward=    -inf  rank(close / vwap)
[reward_only] iter 34/50 [OK ] reward=-23.4192  rank(delta(close, 60) / (stddev(delta(close, 1), 60) + 1e-5) * vwap)
[reward_only] iter 35/50 [OK ] reward=-25.1662  cs_rank(volume / (vwap + 1e-5))
[reward_only] iter 36/50 [OK ] reward=-30.8582  cs_rank(delta(close, 60) / (stddev(delta(close, 1), 60) + 1e-5) * vwap * volume / (vwap + 1e-5))
[reward_only] iter 37/50 [OK ] reward=-23.4192  rank(delta(close, 60) / (stddev(delta(close, 1), 60) + 1e-5) * vwap)
[reward_only] iter 38/50 [OK ] reward=-55.4563  rank(delta(close, 10) / (stddev(delta(close, 1), 10) + 1e-5) * vwap)
[reward_only] iter 39/50 [OK ] reward=-177.3123  rank((close - open) / (stddev(close, 20) + 1e-5) * volume)
[reward_only] iter 40/50 [OK ] reward=-181.1220  rank((close - open) / (stddev(close, 20) + 1e-5) * cs_rank(volume))
[reward_only] iter 41/50 [OK ] reward=-23.5797  rank(delta(close, 60) / (stddev(delta(close, 1), 60) + 1e-5) * decay_linear(vwap, 60))
[reward_only] iter 42/50 [OK ] reward=-30.9174  rank(delta(close, 60) / (stddev(delta(close, 1), 60) + 1e-5) * cs_rank(volume))
[reward_only] iter 43/50 [OK ] reward=-38.7279  rank(delta(close, 20) / (stddev(delta(close, 1), 60) + 1e-5) * vwap)
[reward_only] iter 44/50 [OK ] reward=-32.2550  cs_rank(delta(close, 60) / (stddev(delta(close, 1), 60) + 1e-5) * vwap * volume)
[reward_only] iter 45/50 [ERR] reward=    -inf  cs_rank((close - open) / (high - low) * volume)
[reward_only] iter 46/50 [OK ] reward=-31.5000  rank(delta(close, 60) / (stddev(delta(close, 1), 60) + 1e-5) * vwap * cs_rank(volume))
[reward_only] iter 47/50 [OK ] reward=-24.3573  rank(delta(close, 60) / (stddev(delta(close, 1), 60) + 1e-5))
[reward_only] iter 48/50 [ERR] reward=    -inf  rank((high - low) / (vwap * volume))
[reward_only] iter 49/50 [OK ] reward=-23.7493  rank(delta(close, 60) / (stddev(delta(close, 1), 60) + 1e-5) * cs_rank(vwap))
[reward_only] iter 50/50 [OK ] reward=-38.9057  rank(delta(close, 20) / (stddev(delta(close, 1), 20) + 1e-5) * vwap)
[wfo:reward_only] fold 5 winner: rank(delta(close, 60) / (stddev(delta(close, 1), 60) + 1e-5) * vwap)
[wfo:reward_only] fold 5 OOS: Gross_IR=0.558 Turnover=39.86 Net_IR=-1.001
[wfo:reward_only] fold 6: train 2007-01-01..2011-12-31 -> test 2012-01-01..2012-12-31
[reward_only] iter  0/50 [SEED] reward=-23.9826  rank(delta(close, 60) / (stddev(delta(close, 1), 60) + 1e-5))
[reward_only] iter  1/50 [OK ] reward=-175.5552  cs_rank((close - open) / (volume + 1e-5))
[reward_only] iter  2/50 [OK ] reward=-129.2075  rank(delta(close, 60) / (stddev(delta(close, 1), 60) + 1e-5)) + cs_rank((close - open) / (volume + 1e-5))
[reward_only] iter  3/50 [OK ] reward=-175.5552  cs_rank((close - open) / (volume + 1e-5))
[reward_only] iter  4/50 [OK ] reward=-129.2075  rank(delta(close, 60) / (stddev(delta(close, 1), 60) + 1e-5)) + cs_rank((close - open) / (volume + 1e-5))
[reward_only] iter  5/50 [ERR] reward=    -inf  cs_rank(rank(delta(close, 60) / (stddev(delta(close, 1), 60) + 1e-5)))
[reward_only] iter  6/50 [OK ] reward=-63.5713  rank(delta(close, 60) / (stddev(delta(close, 1), 60) + 1e-5)) + rank(volume / (stddev(volume, 60) + 1e-5))
[reward_only] iter  7/50 [OK ] reward=-23.9826  rank(delta(close, 60) / (stddev(delta(close, 1), 60) + 1e-5))
[reward_only] iter  8/50 [OK ] reward=-182.6077  cs_rank((vwap - close) / (stddev(close, 60) + 1e-5))
[reward_only] iter  9/50 [OK ] reward=-23.2766  cs_rank(delta(close, 60) / (stddev(delta(close, 1), 60) + 1e-5) + (vwap - close) / (stddev(close, 60) + 1e-5))
[reward_only] iter 10/50 [OK ] reward=-182.6077  cs_rank((vwap - close) / (stddev(close, 60) + 1e-5))
[reward_only] iter 11/50 [OK ] reward=-24.2232  cs_rank(delta(close, 60) / (stddev(delta(close, 1), 60) + 1e-5) + (vwap - close) / (stddev(close, 60) + 1e-5) + ts_rank(volume, 60))
[reward_only] iter 12/50 [OK ] reward=-23.2766  cs_rank(delta(close, 60) / (stddev(delta(close, 1), 60) + 1e-5) + (vwap - close) / (stddev(close, 60) + 1e-5))
[reward_only] iter 13/50 [OK ] reward=-182.6077  cs_rank((vwap - close) / (stddev(close, 60) + 1e-5))
[reward_only] iter 14/50 [OK ] reward= -9.8497  cs_rank(delta(close, 60) / (stddev(delta(close, 1), 60) + 1e-5) + (vwap - close) / (stddev(close, 60) + 1e-5) + decay_linear(close, 60))
[reward_only] iter 15/50 [OK ] reward=-23.2766  cs_rank(delta(close, 60) / (stddev(delta(close, 1), 60) + 1e-5) + (vwap - close) / (stddev(close, 60) + 1e-5))
[reward_only] iter 16/50 [OK ] reward=-23.9826  cs_rank(delta(close, 60) / (stddev(delta(close, 1), 60) + 1e-5))
[reward_only] iter 17/50 [OK ] reward= -4.9812  cs_rank((high - low) / (stddev(close, 60) + 1e-5) + decay_linear(close, 60))
[reward_only] iter 18/50 [OK ] reward= -3.3939  cs_rank((close - open) / (stddev(close, 60) + 1e-5) + decay_linear(volume, 60))
[reward_only] iter 19/50 [OK ] reward= -3.4939  cs_rank((close - open) / (stddev(close, 60) + 1e-5) + decay_linear(volume, 60) + ts_rank(vwap - close, 60))
[reward_only] iter 20/50 [OK ] reward= -3.3939  cs_rank((close - open) / (stddev(close, 60) + 1e-5) + decay_linear(volume, 60))
[reward_only] iter 21/50 [OK ] reward= -3.4939  cs_rank((close - open) / (stddev(close, 60) + 1e-5) + decay_linear(volume, 60) + cs_rank(vwap - close))
[reward_only] iter 22/50 [OK ] reward= -3.4439  cs_rank((close - open) / (stddev(close, 60) + 1e-5) + decay_linear(volume, 60) + (vwap - close))
[reward_only] iter 23/50 [OK ] reward= -3.3939  cs_rank((close - open) / (stddev(close, 60) + 1e-5) + decay_linear(volume, 60))
[reward_only] iter 24/50 [OK ] reward= -3.4939  cs_rank((close - open) / (stddev(close, 60) + 1e-5) + decay_linear(volume, 60) + cs_rank(high - low))
[reward_only] iter 25/50 [OK ] reward= -3.4939  cs_rank((close - open) / (stddev(close, 60) + 1e-5) + decay_linear(volume, 60) + cs_rank(high - low))
[reward_only] iter 26/50 [OK ] reward= -3.3939  cs_rank((close - open) / (stddev(close, 60) + 1e-5) + decay_linear(volume, 60))
[reward_only] iter 27/50 [OK ] reward= -3.4439  cs_rank((close - open) / (stddev(close, 60) + 1e-5) + decay_linear(volume, 60) + ts_rank(close, 60))
[reward_only] iter 28/50 [OK ] reward= -3.3939  cs_rank((close - open) / (stddev(close, 60) + 1e-5) + decay_linear(volume, 60))
[reward_only] iter 29/50 [OK ] reward= -3.4439  cs_rank((close - open) / (stddev(close, 60) + 1e-5) + decay_linear(volume, 60) + ts_rank(volume, 60))
[reward_only] iter 30/50 [OK ] reward= -3.3939  cs_rank((close - open) / (stddev(close, 60) + 1e-5) + decay_linear(volume, 60))
[reward_only] iter 31/50 [ERR] reward=    -inf  cs_rank((close - open) / (stddev(close, 60) + 1e-5) + decay_linear(volume, 60) + cs_rank((high - low) / vwap))
[reward_only] iter 32/50 [OK ] reward= -3.5939  cs_rank((close - open) / (stddev(close, 60) + 1e-5) + decay_linear(volume, 60) + cs_rank((high - low) / (vwap + 1e-5)))
[reward_only] iter 33/50 [OK ] reward= -3.5439  cs_rank((close - open) / (stddev(close, 60) + 1e-5) + decay_linear(volume, 60) + (high - low) / (vwap + 1e-5))
[reward_only] iter 34/50 [OK ] reward= -3.5439  cs_rank((close - open) / (stddev(close, 60) + 1e-5) + decay_linear(volume, 60) + (high - low) / (vwap + 1e-5))
[reward_only] iter 35/50 [OK ] reward= -3.5439  cs_rank((close - open) / (stddev(close, 60) + 1e-5) + decay_linear(volume, 60) + (high - low) / (vwap + 1e-5))
[reward_only] iter 36/50 [OK ] reward= -3.3939  cs_rank((close - open) / (stddev(close, 60) + 1e-5) + decay_linear(volume, 60))
[reward_only] iter 37/50 [OK ] reward= -3.4439  cs_rank((close - open) / (stddev(close, 60) + 1e-5) + decay_linear(volume, 60) + ts_rank(vwap, 60))
[reward_only] iter 38/50 [OK ] reward= -3.3939  cs_rank((close - open) / (stddev(close, 60) + 1e-5) + decay_linear(volume, 60))
[reward_only] iter 39/50 [OK ] reward= -3.4439  cs_rank((close - open) / (stddev(close, 60) + 1e-5) + decay_linear(volume, 60) + ts_rank(volume, 60))
[reward_only] iter 40/50 [OK ] reward= -3.3939  cs_rank((close - open) / (stddev(close, 60) + 1e-5) + decay_linear(volume, 60))
[reward_only] iter 41/50 [OK ] reward= -3.4439  cs_rank((close - open) / (stddev(close, 60) + 1e-5) + decay_linear(volume, 60) + ts_rank(vwap, 60))
[reward_only] iter 42/50 [OK ] reward= -3.3939  cs_rank((close - open) / (stddev(close, 60) + 1e-5) + decay_linear(volume, 60))
[reward_only] iter 43/50 [OK ] reward= -3.4440  cs_rank((close - open) / (stddev(close, 60) + 1e-5) + decay_linear(volume, 60) + zscore(close, 60))
[reward_only] iter 44/50 [OK ] reward= -3.3939  cs_rank((close - open) / (stddev(close, 60) + 1e-5) + decay_linear(volume, 60))
[reward_only] iter 45/50 [OK ] reward= -3.4939  cs_rank((close - open) / (stddev(close, 60) + 1e-5) + decay_linear(volume, 60) + ts_rank(vwap - close, 20))
[reward_only] iter 46/50 [OK ] reward= -3.3939  cs_rank((close - open) / (stddev(close, 60) + 1e-5) + decay_linear(volume, 60))
[reward_only] iter 47/50 [OK ] reward= -3.4439  cs_rank((close - open) / (stddev(close, 60) + 1e-5) + decay_linear(volume, 60) + ts_rank(vwap, 60))
[reward_only] iter 48/50 [OK ] reward= -3.3939  cs_rank((close - open) / (stddev(close, 60) + 1e-5) + decay_linear(volume, 60))
[reward_only] iter 49/50 [OK ] reward= -3.4439  cs_rank((close - open) / (stddev(close, 60) + 1e-5) + decay_linear(volume, 60) + ts_rank(vwap, 60))
[reward_only] iter 50/50 [OK ] reward= -3.3939  cs_rank((close - open) / (stddev(close, 60) + 1e-5) + decay_linear(volume, 60))
[wfo:reward_only] fold 6 winner: cs_rank((close - open) / (stddev(close, 60) + 1e-5) + decay_linear(volume, 60))
[wfo:reward_only] fold 6 OOS: Gross_IR=1.604 Turnover=5.70 Net_IR=1.187
[wfo:reward_only] fold 7: train 2008-01-01..2012-12-31 -> test 2013-01-01..2013-12-31
[reward_only] iter  0/50 [SEED] reward=-24.2395  rank(delta(close, 60) / (stddev(delta(close, 1), 60) + 1e-5))
[reward_only] iter  1/50 [ERR] reward=    -inf  cs_rank((high - low) / vwap)
[reward_only] iter  2/50 [OK ] reward=-99.8770  rank(delta(close, 60) / (stddev(delta(close, 1), 60) + 1e-5)) + rank((high - low) / (vwap + 1e-5))
[reward_only] iter  3/50 [OK ] reward=-93.7420  rank(delta(close, 60) / (stddev(delta(close, 1), 60) + 1e-5)) * rank((high - low) / (vwap + 1e-5))
[reward_only] iter  4/50 [OK ] reward=-33.8684  rank(delta(close, 60) / (stddev(delta(close, 1), 60) + 1e-5)) * cs_rank(volume)
[reward_only] iter  5/50 [OK ] reward=-26.7245  rank(delta(close, 60) / (stddev(delta(close, 1), 60) + 1e-5)) * cs_rank(volume / (close + 1e-5))
[reward_only] iter  6/50 [ERR] reward=    -inf  rank(delta(close, 60) / (stddev(delta(close, 1), 60) + 1e-5)) * cs_rank(volume / close)
[reward_only] iter  7/50 [OK ] reward=-26.7245  rank(delta(close, 60) / (stddev(delta(close, 1), 60) + 1e-5)) * cs_rank(volume / (close + 1e-5))
[reward_only] iter  8/50 [OK ] reward=-27.5561  rank(delta(close, 60) / (stddev(delta(close, 1), 60) + 1e-5)) + cs_rank(volume / (close + 1e-5))
[reward_only] iter  9/50 [OK ] reward=-27.5561  rank(delta(close, 60) / (stddev(delta(close, 1), 60) + 1e-5)) + cs_rank(volume / (close + 1e-5))
[reward_only] iter 10/50 [OK ] reward=-27.5561  rank(delta(close, 60) / (stddev(delta(close, 1), 60) + 1e-5)) + cs_rank(volume / (close + 1e-5))
[reward_only] iter 11/50 [ERR] reward=    -inf  rank(delta(close, 60) / (stddev(delta(close, 1), 60) + 1e-5)) + cs_rank(volume / close)
[reward_only] iter 12/50 [OK ] reward=-27.5561  rank(delta(close, 60) / (stddev(delta(close, 1), 60) + 1e-5)) + cs_rank(volume / (close + 1e-5))
[reward_only] iter 13/50 [OK ] reward=-27.5561  rank(delta(close, 60) / (stddev(delta(close, 1), 60) + 1e-5)) + cs_rank(volume / (close + 1e-5))
[reward_only] iter 14/50 [OK ] reward=-27.5561  rank(delta(close, 60) / (stddev(delta(close, 1), 60) + 1e-5)) + cs_rank(volume / (close + 1e-5))
[reward_only] iter 15/50 [OK ] reward=-26.7245  rank(delta(close, 60) / (stddev(delta(close, 1), 60) + 1e-5)) * cs_rank(volume / (close + 1e-5))
[reward_only] iter 16/50 [OK ] reward=-26.7245  cs_rank(delta(close, 60) / (stddev(delta(close, 1), 60) + 1e-5)) * cs_rank(volume / (close + 1e-5))
[reward_only] iter 17/50 [OK ] reward=-26.7245  rank(delta(close, 60) / (stddev(delta(close, 1), 60) + 1e-5)) * cs_rank(volume / (close + 1e-5))
[reward_only] iter 18/50 [OK ] reward=-33.8684  rank(delta(close, 60) / (stddev(delta(close, 1), 60) + 1e-5)) * cs_rank(volume)
[reward_only] iter 19/50 [OK ] reward=-127.0251  rank(delta(close, 60) / (stddev(delta(close, 1), 60) + 1e-5)) * rank(vwap - close)
[reward_only] iter 20/50 [OK ] reward=-24.2395  rank(delta(close, 60) / (stddev(delta(close, 1), 60) + 1e-5))
[reward_only] iter 21/50 [OK ] reward=-23.6257  cs_rank(volume / (vwap + 1e-5))
[reward_only] iter 22/50 [OK ] reward= -3.5879  cs_rank(decay_linear(volume / (vwap + 1e-5), 20))
[reward_only] iter 23/50 [OK ] reward=-46.9794  cs_rank(decay_linear((close - open) / (high - low + 1e-5), 20))
[reward_only] iter 24/50 [OK ] reward=-50.0922  cs_rank(decay_linear((close - open) / (high - low + 1e-5), 20) * cs_rank(volume / (vwap + 1e-5)))
[reward_only] iter 25/50 [OK ] reward=-55.8105  cs_rank(decay_linear(close - open, 20) / (high - low + 1e-5))
[reward_only] iter 26/50 [OK ] reward=-46.9794  cs_rank(decay_linear((close - open) / (high - low + 1e-5), 20))
[reward_only] iter 27/50 [ERR] reward=    -inf  cs_rank(decay_linear(close / vwap, 20))
[reward_only] iter 28/50 [OK ] reward=-46.3785  cs_rank(decay_linear((close - vwap) / (vwap + 1e-5), 20))
[reward_only] iter 29/50 [OK ] reward=-45.0891  cs_rank(decay_linear((close - open) / (vwap + 1e-5), 20))
[reward_only] iter 30/50 [ERR] reward=    -inf  cs_rank(decay_linear((close - low) / (high - low), 20))
[reward_only] iter 31/50 [OK ] reward=-46.1413  cs_rank(decay_linear((close - low) / (high - low + 1e-5), 20))
[reward_only] iter 32/50 [ERR] reward=    -inf  cs_rank(decay_linear(close / vwap, 20))
[reward_only] iter 33/50 [OK ] reward=-50.0030  cs_rank(decay_linear(volume / (vwap + 1e-5), 20) * zscore(close, 20))
[reward_only] iter 34/50 [OK ] reward=-12.8346  cs_rank(decay_linear((high - low) / (high + low + 1e-5), 20))
[reward_only] iter 35/50 [OK ] reward= -3.6879  cs_rank(decay_linear((high - low) / (high + low + 1e-5), 20) + decay_linear(volume / (vwap + 1e-5), 20))
[reward_only] iter 36/50 [OK ] reward= -3.5879  cs_rank(decay_linear(volume / (vwap + 1e-5), 20))
[reward_only] iter 37/50 [OK ] reward=-29.6317  cs_rank(decay_linear(volume / (vwap + 1e-5), 20) * ts_rank(close, 20))
[reward_only] iter 38/50 [OK ] reward= -7.0190  cs_rank(decay_linear(volume / (vwap + 1e-5), 20) * cs_rank(close))
[reward_only] iter 39/50 [OK ] reward= -3.5878  cs_rank(decay_linear(volume / (vwap + 1e-5), 20) + cs_rank(close))
[reward_only] iter 40/50 [OK ] reward= -3.5879  cs_rank(decay_linear(volume / (vwap + 1e-5), 20) + cs_rank(close / (vwap + 1e-5)))
[reward_only] iter 41/50 [OK ] reward= -3.5879  cs_rank(decay_linear(volume / (vwap + 1e-5), 20) + cs_rank(close / (vwap + 1e-5)))
[reward_only] iter 42/50 [OK ] reward= -3.5879  cs_rank(decay_linear(volume / (vwap + 1e-5), 20) + cs_rank(close / (vwap + 1e-5)))
[reward_only] iter 43/50 [OK ] reward= -3.7380  cs_rank(decay_linear(volume / (vwap + 1e-5), 20) + cs_rank(close / (vwap + 1e-5)) + cs_rank(high - low))
[reward_only] iter 44/50 [OK ] reward= -3.5879  cs_rank(decay_linear(volume / (vwap + 1e-5), 20) + cs_rank(close / (vwap + 1e-5)))
[reward_only] iter 45/50 [OK ] reward= -3.5879  cs_rank(decay_linear(volume / (vwap + 1e-5), 20) + cs_rank(close / (vwap + 1e-5)))
[reward_only] iter 46/50 [OK ] reward= -3.5879  cs_rank(decay_linear(volume / (vwap + 1e-5), 20) + cs_rank(close / (vwap + 1e-5)))
[reward_only] iter 47/50 [OK ] reward= -3.5879  cs_rank(decay_linear(volume / (vwap + 1e-5), 20) + cs_rank(close / (vwap + 1e-5)))
[reward_only] iter 48/50 [OK ] reward= -3.7380  cs_rank(decay_linear(volume / (vwap + 1e-5), 20) + cs_rank(close / (vwap + 1e-5)) + cs_rank(high - low))
[reward_only] iter 49/50 [OK ] reward= -3.5879  cs_rank(decay_linear(volume / (vwap + 1e-5), 20) + cs_rank(close / (vwap + 1e-5)))
[reward_only] iter 50/50 [OK ] reward= -3.5879  cs_rank(decay_linear(volume / (vwap + 1e-5), 20) + cs_rank(close / (vwap + 1e-5)))
[wfo:reward_only] fold 7 winner: cs_rank(decay_linear(volume / (vwap + 1e-5), 20) + cs_rank(close))
[wfo:reward_only] fold 7 OOS: Gross_IR=2.495 Turnover=7.46 Net_IR=1.866
[wfo:reward_only] fold 8: train 2009-01-01..2013-12-31 -> test 2014-01-01..2014-12-31
[reward_only] iter  0/50 [SEED] reward=-23.9430  rank(delta(close, 60) / (stddev(delta(close, 1), 60) + 1e-5))
[reward_only] iter  1/50 [ERR] reward=    -inf  cs_rank((high - low) / (vwap - close) + ts_rank(volume, 60))
[reward_only] iter  2/50 [OK ] reward=-35.9213  rank(delta(close, 60) / (stddev(delta(close, 1), 60) + 1e-5)) + cs_rank(volume)
[reward_only] iter  3/50 [ERR] reward=    -inf  cs_rank(close / vwap)
[reward_only] iter  4/50 [OK ] reward=-23.9430  cs_rank(delta(close, 60) / (stddev(delta(close, 1), 60) + 1e-5))
[reward_only] iter  5/50 [OK ] reward=-113.8815  cs_rank((high - low) / (stddev(close, 60) + 1e-5))
[reward_only] iter  6/50 [OK ] reward=-182.0258  cs_rank((close - open) / (stddev(close, 60) + 1e-5))
[reward_only] iter  7/50 [OK ] reward=-182.0258  cs_rank((close - open) / (stddev(close, 60) + 1e-5))
[reward_only] iter  8/50 [OK ] reward=-113.8815  rank((high - low) / (stddev(close, 60) + 1e-5))
[reward_only] iter  9/50 [OK ] reward=-25.1414  rank(delta(close, 60) / (stddev(delta(close, 1), 60) + 1e-5) + (high - low) / (stddev(close, 60) + 1e-5))
[reward_only] iter 10/50 [OK ] reward=-25.1414  cs_rank(delta(close, 60) / (stddev(delta(close, 1), 60) + 1e-5) + (high - low) / (stddev(close, 60) + 1e-5))
[reward_only] iter 11/50 [OK ] reward=-24.3527  cs_rank(delta(close, 60) / (stddev(delta(close, 1), 60) + 1e-5) - (high - low) / (stddev(close, 60) + 1e-5))
[reward_only] iter 12/50 [OK ] reward=-23.9430  rank(delta(close, 60) / (stddev(delta(close, 1), 60) + 1e-5))
[reward_only] iter 13/50 [OK ] reward=-177.7948  cs_rank(vwap - open)
[reward_only] iter 14/50 [ERR] reward=    -inf  rank(close / vwap)
[reward_only] iter 15/50 [OK ] reward=-27.3613  rank(delta(close, 60) / (stddev(delta(close, 1), 60) + 1e-5)) + rank(volume / (vwap + 1e-5))
[reward_only] iter 16/50 [OK ] reward=-27.3613  rank(delta(close, 60) / (stddev(delta(close, 1), 60) + 1e-5)) + rank(volume / (vwap + 1e-5))
[reward_only] iter 17/50 [OK ] reward=-27.3613  rank(delta(close, 60) / (stddev(delta(close, 1), 60) + 1e-5)) + rank(volume / (vwap + 1e-5))
[reward_only] iter 18/50 [OK ] reward=-18.0425  rank(delta(close, 60) / (stddev(delta(close, 1), 60) + 1e-5)) * decay_linear(rank(volume / (vwap + 1e-5)), 10)
[reward_only] iter 19/50 [OK ] reward=-18.0425  rank(delta(close, 60) / (stddev(delta(close, 1), 60) + 1e-5)) * decay_linear(rank(volume / (vwap + 1e-5)), 10)
[reward_only] iter 20/50 [OK ] reward= -6.1967  rank(delta(close, 60) / (stddev(delta(close, 1), 60) + 1e-5)) * decay_linear(volume / (vwap + 1e-5), 10)
[reward_only] iter 21/50 [OK ] reward= -6.1967  rank(delta(close, 60) / (stddev(delta(close, 1), 60) + 1e-5)) * decay_linear(volume / (vwap + 1e-5), 10)
[reward_only] iter 22/50 [OK ] reward=-12.2179  rank(delta(close, 60) / (stddev(delta(close, 1), 60) + 1e-5)) * (volume / (vwap + 1e-5))
[reward_only] iter 23/50 [OK ] reward= -6.1967  rank(delta(close, 60) / (stddev(delta(close, 1), 60) + 1e-5)) * decay_linear(volume / (vwap + 1e-5), 10)
[reward_only] iter 24/50 [OK ] reward=-12.2179  rank(delta(close, 60) / (stddev(delta(close, 1), 60) + 1e-5)) * volume / (vwap + 1e-5)
[reward_only] iter 25/50 [OK ] reward= -6.1967  rank(delta(close, 60) / (stddev(delta(close, 1), 60) + 1e-5)) * decay_linear(volume / (vwap + 1e-5), 10)
[reward_only] iter 26/50 [OK ] reward= -6.1967  rank(delta(close, 60) / (stddev(delta(close, 1), 60) + 1e-5)) * decay_linear(volume / (vwap + 1e-5), 10)
[reward_only] iter 27/50 [OK ] reward=-12.2179  rank(delta(close, 60) / (stddev(delta(close, 1), 60) + 1e-5)) * (volume / (vwap + 1e-5))
[reward_only] iter 28/50 [OK ] reward= -6.1967  rank(delta(close, 60) / (stddev(delta(close, 1), 60) + 1e-5)) * decay_linear(volume / (vwap + 1e-5), 10)
[reward_only] iter 29/50 [OK ] reward= -6.1967  rank(delta(close, 60) / (stddev(delta(close, 1), 60) + 1e-5)) * decay_linear(volume / (vwap + 1e-5), 10)
[reward_only] iter 30/50 [OK ] reward= -6.1967  rank(delta(close, 60) / (stddev(delta(close, 1), 60) + 1e-5)) * decay_linear(volume / (vwap + 1e-5), 10)
[reward_only] iter 31/50 [OK ] reward= -6.1967  rank(delta(close, 60) / (stddev(delta(close, 1), 60) + 1e-5)) * decay_linear(volume / (vwap + 1e-5), 10)
[reward_only] iter 32/50 [OK ] reward= -6.1967  rank(delta(close, 60) / (stddev(delta(close, 1), 60) + 1e-5)) * decay_linear(volume / (vwap + 1e-5), 10)
[reward_only] iter 33/50 [OK ] reward= -6.1967  rank(delta(close, 60) / (stddev(delta(close, 1), 60) + 1e-5)) * decay_linear(volume / (vwap + 1e-5), 10)
[reward_only] iter 34/50 [OK ] reward= -6.1967  rank(delta(close, 60) / (stddev(delta(close, 1), 60) + 1e-5)) * decay_linear(volume / (vwap + 1e-5), 10)
[reward_only] iter 35/50 [OK ] reward= -6.1967  cs_rank(delta(close, 60) / (stddev(delta(close, 1), 60) + 1e-5)) * decay_linear(volume / (vwap + 1e-5), 10)
[reward_only] iter 36/50 [OK ] reward=-12.2179  rank(delta(close, 60) / (stddev(delta(close, 1), 60) + 1e-5)) * volume / (vwap + 1e-5)
[reward_only] iter 37/50 [OK ] reward= -6.1967  rank(delta(close, 60) / (stddev(delta(close, 1), 60) + 1e-5)) * decay_linear(volume / (vwap + 1e-5), 10)
[reward_only] iter 38/50 [OK ] reward=-12.2179  rank(delta(close, 60) / (stddev(delta(close, 1), 60) + 1e-5)) * (volume / (vwap + 1e-5))
[reward_only] iter 39/50 [OK ] reward= -6.1967  rank(delta(close, 60) / (stddev(delta(close, 1), 60) + 1e-5)) * decay_linear(volume / (vwap + 1e-5), 10)
[reward_only] iter 40/50 [OK ] reward= -6.1967  rank(delta(close, 60) / (stddev(delta(close, 1), 60) + 1e-5)) * decay_linear(volume / (vwap + 1e-5), 10)
[reward_only] iter 41/50 [OK ] reward= -6.1967  rank(delta(close, 60) / (stddev(delta(close, 1), 60) + 1e-5)) * decay_linear(volume / (vwap + 1e-5), 10)
[reward_only] iter 42/50 [OK ] reward= -6.1967  rank(delta(close, 60) / (stddev(delta(close, 1), 60) + 1e-5)) * decay_linear(volume / (vwap + 1e-5), 10)
[reward_only] iter 43/50 [OK ] reward= -6.1967  rank(delta(close, 60) / (stddev(delta(close, 1), 60) + 1e-5)) * decay_linear(volume / (vwap + 1e-5), 10)
[reward_only] iter 44/50 [OK ] reward= -6.1967  rank(delta(close, 60) / (stddev(delta(close, 1), 60) + 1e-5)) * decay_linear(volume / (vwap + 1e-5), 10)
[reward_only] iter 45/50 [OK ] reward= -6.1967  rank(delta(close, 60) / (stddev(delta(close, 1), 60) + 1e-5)) * decay_linear(volume / (vwap + 1e-5), 10)
[reward_only] iter 46/50 [OK ] reward= -6.1967  rank(delta(close, 60) / (stddev(delta(close, 1), 60) + 1e-5)) * decay_linear(volume / (vwap + 1e-5), 10)
[reward_only] iter 47/50 [OK ] reward= -6.1967  rank(delta(close, 60) / (stddev(delta(close, 1), 60) + 1e-5)) * decay_linear(volume / (vwap + 1e-5), 10)
[reward_only] iter 48/50 [OK ] reward= -6.1967  rank(delta(close, 60) / (stddev(delta(close, 1), 60) + 1e-5)) * decay_linear(volume / (vwap + 1e-5), 10)
[reward_only] iter 49/50 [OK ] reward= -6.1967  rank(delta(close, 60) / (stddev(delta(close, 1), 60) + 1e-5)) * decay_linear(volume / (vwap + 1e-5), 10)
[reward_only] iter 50/50 [OK ] reward= -6.1967  rank(delta(close, 60) / (stddev(delta(close, 1), 60) + 1e-5)) * decay_linear(volume / (vwap + 1e-5), 10)
[wfo:reward_only] fold 8 winner: rank(delta(close, 60) / (stddev(delta(close, 1), 60) + 1e-5)) * decay_linear(volume / (vwap + 1e-5), 10)
[wfo:reward_only] fold 8 OOS: Gross_IR=-0.111 Turnover=18.67 Net_IR=-0.588
[wfo:reward_only] fold 9: train 2010-01-01..2014-12-31 -> test 2015-01-01..2015-12-31
[reward_only] iter  0/50 [SEED] reward=-21.8134  rank(delta(close, 60) / (stddev(delta(close, 1), 60) + 1e-5))
[reward_only] iter  1/50 [ERR] reward=    -inf  cs_rank((close - open) / (high - low) * (volume / sma(volume, 60)))
[reward_only] iter  2/50 [ERR] reward=    -inf  rank((close - open) / (high - low + 1e-5) * (volume / sma(volume, 60)))
[reward_only] iter  3/50 [OK ] reward=-174.5750  rank(delta(close, 60) / (stddev(delta(close, 1), 60) + 1e-5) * (close - open) / (high - low + 1e-5))
[reward_only] iter  4/50 [OK ] reward=-174.5750  rank(delta(close, 60) / (stddev(delta(close, 1), 60) + 1e-5) * (close - open) / (high - low + 1e-5))
[reward_only] iter  5/50 [OK ] reward=-188.4429  rank(delta(close, 60) / (stddev(delta(close, 1), 60) + 1e-5)) * (close - open) / (high - low + 1e-5)
[reward_only] iter  6/50 [OK ] reward=-195.0066  rank(delta(close, 60) / (stddev(delta(close, 1), 60) + 1e-5)) * (close - open)
[reward_only] iter  7/50 [OK ] reward=-137.3755  cs_rank(close - vwap) * cs_rank(volume)
[reward_only] iter  8/50 [OK ] reward=-35.3080  rank(delta(close, 60) / (stddev(delta(close, 1), 60) + 1e-5)) + cs_rank(volume)
[reward_only] iter  9/50 [OK ] reward=-26.6747  rank(delta(close, 60) / (stddev(delta(close, 1), 60) + 1e-5)) + cs_rank(volume / (vwap + 1e-5))
[reward_only] iter 10/50 [OK ] reward=-21.8134  rank(delta(close, 60) / (stddev(delta(close, 1), 60) + 1e-5))
[reward_only] iter 11/50 [ERR] reward=    -inf  cs_rank((delta(close, 60) / (stddev(delta(close, 1), 60) + 1e-5)) + (volume / sma(volume, 60)))
[reward_only] iter 12/50 [ERR] reward=    -inf  rank(delta(close, 60) / (stddev(delta(close, 1), 60) + 1e-5)) + rank(volume / sma(volume, 60))
[reward_only] iter 13/50 [OK ] reward=-94.7918  cs_rank(delta(close, 60) / (stddev(delta(close, 1), 60) + 1e-5)) + cs_rank(volume / (sma(volume, 60) + 1e-5))
[reward_only] iter 14/50 [OK ] reward=-35.4080  cs_rank(delta(close, 60) / (stddev(delta(close, 1), 60) + 1e-5)) + cs_rank(volume / (volume + 1e-5))
[reward_only] iter 15/50 [OK ] reward=-21.8134  rank(delta(close, 60) / (stddev(delta(close, 1), 60) + 1e-5))
[reward_only] iter 16/50 [ERR] reward=    -inf  cs_rank(delta(close, 60) / (stddev(delta(close, 1), 60) + 1e-5) + cs_rank(volume / vwap))
[reward_only] iter 17/50 [OK ] reward=-21.9915  rank(delta(close, 60) / (stddev(delta(close, 1), 60) + 1e-5) + cs_rank(volume / (vwap + 1e-5)))
[reward_only] iter 18/50 [OK ] reward=-25.1861  rank(delta(close, 60) / (stddev(delta(close, 1), 60) + 1e-5) * cs_rank(volume / (vwap + 1e-5)))
[reward_only] iter 19/50 [OK ] reward=-25.7004  rank(delta(close, 60) / (stddev(delta(close, 1), 60) + 1e-5)) * cs_rank(volume / (vwap + 1e-5))
[reward_only] iter 20/50 [OK ] reward=-25.7004  rank(delta(close, 60) / (stddev(delta(close, 1), 60) + 1e-5)) * cs_rank(volume / (vwap + 1e-5))
[reward_only] iter 21/50 [OK ] reward=-25.7004  rank(delta(close, 60) / (stddev(delta(close, 1), 60) + 1e-5)) * cs_rank(volume / (vwap + 1e-5))
[reward_only] iter 22/50 [OK ] reward=-26.6747  rank(delta(close, 60) / (stddev(delta(close, 1), 60) + 1e-5)) + cs_rank(volume / (vwap + 1e-5))
[reward_only] iter 23/50 [OK ] reward=-25.7004  rank(delta(close, 60) / (stddev(delta(close, 1), 60) + 1e-5)) * cs_rank(volume / (vwap + 1e-5))
[reward_only] iter 24/50 [OK ] reward=-25.7004  rank(delta(close, 60) / (stddev(delta(close, 1), 60) + 1e-5)) * cs_rank(volume / (vwap + 1e-5))
[reward_only] iter 25/50 [ERR] reward=    -inf  rank(delta(close, 60) / (stddev(delta(close, 1), 60) + 1e-5)) * cs_rank(volume / vwap)
[reward_only] iter 26/50 [OK ] reward=-25.3039  cs_rank(rank(delta(close, 60) / (stddev(delta(close, 1), 60) + 1e-5)) + rank(volume / (vwap + 1e-5)))
[reward_only] iter 27/50 [OK ] reward=-26.6747  rank(delta(close, 60) / (stddev(delta(close, 1), 60) + 1e-5)) + rank(volume / (vwap + 1e-5))
[reward_only] iter 28/50 [OK ] reward=-21.8134  rank(delta(close, 60) / (stddev(delta(close, 1), 60) + 1e-5))
[reward_only] iter 29/50 [OK ] reward=-22.8849  cs_rank(delta(close, 60) / (stddev(delta(close, 1), 60) + 1e-5) + cs_rank(volume / (sma(volume, 60) + 1e-5)))
[reward_only] iter 30/50 [OK ] reward=-94.7918  rank(delta(close, 60) / (stddev(delta(close, 1), 60) + 1e-5)) + cs_rank(volume / (sma(volume, 60) + 1e-5))
[reward_only] iter 31/50 [OK ] reward=-94.7918  rank(delta(close, 60) / (stddev(delta(close, 1), 60) + 1e-5)) + cs_rank(volume / (sma(volume, 60) + 1e-5))
[reward_only] iter 32/50 [OK ] reward=-21.8134  cs_rank(delta(close, 60) / (stddev(delta(close, 1), 60) + 1e-5))
[reward_only] iter 33/50 [OK ] reward=-94.7918  cs_rank(delta(close, 60) / (stddev(delta(close, 1), 60) + 1e-5)) + cs_rank(volume / (sma(volume, 60) + 1e-5))
[reward_only] iter 34/50 [OK ] reward=-35.4080  cs_rank(delta(close, 60) / (stddev(delta(close, 1), 60) + 1e-5)) + cs_rank(volume / (volume + 1e-5))
[reward_only] iter 35/50 [OK ] reward=-35.4080  rank(delta(close, 60) / (stddev(delta(close, 1), 60) + 1e-5)) + rank(volume / (volume + 1e-5))
[reward_only] iter 36/50 [OK ] reward=-101.5790  rank(delta(close, 60) / (stddev(delta(close, 1), 60) + 1e-5)) + rank((high - low) / (high + low + 1e-5))
[reward_only] iter 37/50 [OK ] reward=-26.6747  rank(delta(close, 60) / (stddev(delta(close, 1), 60) + 1e-5)) + rank(volume / (vwap + 1e-5))
[reward_only] iter 38/50 [OK ] reward=-25.7004  rank(delta(close, 60) / (stddev(delta(close, 1), 60) + 1e-5)) * rank(volume / (vwap + 1e-5))
[reward_only] iter 39/50 [OK ] reward=-32.8195  rank(delta(close, 60) / (stddev(delta(close, 1), 60) + 1e-5)) * cs_rank(volume)
[reward_only] iter 40/50 [OK ] reward=-94.5008  rank(delta(close, 60) / (stddev(delta(close, 1), 60) + 1e-5)) * ts_rank(volume, 60)
[reward_only] iter 41/50 [OK ] reward=-32.8195  rank(delta(close, 60) / (stddev(delta(close, 1), 60) + 1e-5)) * cs_rank(volume)
[reward_only] iter 42/50 [OK ] reward=-16.2384  cs_rank(delta(close, 60) / (stddev(delta(close, 1), 60) + 1e-5)) * cs_rank(vwap)
[reward_only] iter 43/50 [ERR] reward=    -inf  cs_rank((high - low) / volume) * cs_rank(vwap)
[reward_only] iter 44/50 [OK ] reward=-95.5581  cs_rank(delta(close, 60) / (stddev(delta(close, 1), 60) + 1e-5)) * cs_rank((high - low) / (vwap + 1e-5))
[reward_only] iter 45/50 [OK ] reward=-25.7004  cs_rank(delta(close, 60) / (stddev(delta(close, 1), 60) + 1e-5)) * cs_rank(volume / (vwap + 1e-5))
[reward_only] iter 46/50 [OK ] reward=-16.2384  cs_rank(delta(close, 60) / (stddev(delta(close, 1), 60) + 1e-5)) * cs_rank(vwap)
[reward_only] iter 47/50 [ERR] reward=    -inf  cs_rank(zscore(close - open, 60)) * cs_rank(volume / sma(volume, 60))
[reward_only] iter 48/50 [ERR] reward=    -inf  cs_rank(delta(close, 60) / (stddev(delta(close, 1), 60) + 1e-5)) * cs_rank(vwap * cs_rank(volume / sma(volume, 60)))
[reward_only] iter 49/50 [OK ] reward=-62.5014  cs_rank(delta(close, 60) / (stddev(delta(close, 1), 60) + 1e-5)) * cs_rank(vwap * cs_rank(volume / (sma(volume, 60) + 1e-5)))
[reward_only] iter 50/50 [OK ] reward=-41.0639  cs_rank(delta(close, 60) / (stddev(delta(close, 1), 60) + 1e-5)) * cs_rank(vwap * volume)
[wfo:reward_only] fold 9 winner: cs_rank(delta(close, 60) / (stddev(delta(close, 1), 60) + 1e-5)) * cs_rank(vwap)
[wfo:reward_only] fold 9 OOS: Gross_IR=0.721 Turnover=29.33 Net_IR=-0.449
[wfo:reward_only] fold 10: train 2011-01-01..2015-12-31 -> test 2016-01-01..2016-12-31
[reward_only] iter  0/50 [SEED] reward=-21.1245  rank(delta(close, 60) / (stddev(delta(close, 1), 60) + 1e-5))
[reward_only] iter  1/50 [OK ] reward= -8.3465  rank(decay_linear(delta(close, 60) / (stddev(delta(close, 1), 60) + 1e-5), 10))
[reward_only] iter  2/50 [OK ] reward=-24.1664  cs_rank(decay_linear(ts_rank(delta(close, 60) / (stddev(delta(close, 1), 60) + 1e-5), 20), 10))
[reward_only] iter  3/50 [OK ] reward=-21.1245  cs_rank(delta(close, 60) / (stddev(delta(close, 1), 60) + 1e-5))
[reward_only] iter  4/50 [OK ] reward= -6.3369  rank(decay_linear(delta(close, 60) / (stddev(delta(close, 1), 60) + 1e-5), 20))
[reward_only] iter  5/50 [OK ] reward= -6.4896  rank(decay_linear(delta(close, 60) / (stddev(delta(close, 1), 60) + 1e-5), 20) + decay_linear(vwap / (high + 1e-5), 20))
[reward_only] iter  6/50 [OK ] reward= -6.4896  rank(decay_linear(delta(close, 60) / (stddev(delta(close, 1), 60) + 1e-5), 20) + decay_linear(vwap / (high + 1e-5), 20))
[reward_only] iter  7/50 [OK ] reward= -6.3369  rank(decay_linear(delta(close, 60) / (stddev(delta(close, 1), 60) + 1e-5), 20))
[reward_only] iter  8/50 [OK ] reward= -3.0501  rank(decay_linear(delta(close, 60) / (stddev(delta(close, 1), 60) + 1e-5), 20)) * decay_linear(volume, 60)
[reward_only] iter  9/50 [OK ] reward=-26.2473  rank(decay_linear(delta(close, 60) / (stddev(delta(close, 1), 60) + 1e-5), 20)) * cs_rank(volume)
[reward_only] iter 10/50 [OK ] reward= -3.0501  rank(decay_linear(delta(close, 60) / (stddev(delta(close, 1), 60) + 1e-5), 20)) * decay_linear(volume, 60)
[reward_only] iter 11/50 [OK ] reward= -6.3369  rank(decay_linear(delta(close, 60) / (stddev(delta(close, 1), 60) + 1e-5), 20))
[reward_only] iter 12/50 [OK ] reward=-26.2473  rank(decay_linear(delta(close, 60) / (stddev(delta(close, 1), 60) + 1e-5), 20)) * cs_rank(volume)
[reward_only] iter 13/50 [OK ] reward= -6.3369  cs_rank(decay_linear(delta(close, 60) / (stddev(delta(close, 1), 60) + 1e-5), 20))
[reward_only] iter 14/50 [OK ] reward= -5.2394  rank(decay_linear(delta(close, 60) / (stddev(delta(close, 1), 60) + 1e-5), 20)) * decay_linear(volume, 60) * cs_rank(vwap)
[reward_only] iter 15/50 [OK ] reward= -3.0501  rank(decay_linear(delta(close, 60) / (stddev(delta(close, 1), 60) + 1e-5), 20)) * decay_linear(volume, 60)
[reward_only] iter 16/50 [OK ] reward= -6.3369  rank(decay_linear(delta(close, 60) / (stddev(delta(close, 1), 60) + 1e-5), 20))
[reward_only] iter 17/50 [OK ] reward= -5.2394  rank(decay_linear(delta(close, 60) / (stddev(delta(close, 1), 60) + 1e-5), 20)) * decay_linear(volume, 60) * cs_rank(vwap)
[reward_only] iter 18/50 [OK ] reward= -3.0501  rank(decay_linear(delta(close, 60) / (stddev(delta(close, 1), 60) + 1e-5), 20)) * decay_linear(volume, 60)
[reward_only] iter 19/50 [OK ] reward= -6.3369  rank(decay_linear(delta(close, 60) / (stddev(delta(close, 1), 60) + 1e-5), 20))
[reward_only] iter 20/50 [OK ] reward=-11.5559  rank(decay_linear(delta(close, 60) / (stddev(delta(close, 1), 60) + 1e-5), 20)) * decay_linear(volume, 60) * ts_rank(close, 60)
[reward_only] iter 21/50 [OK ] reward= -3.0501  rank(decay_linear(delta(close, 60) / (stddev(delta(close, 1), 60) + 1e-5), 20)) * decay_linear(volume, 60)
[reward_only] iter 22/50 [OK ] reward=-26.2473  rank(decay_linear(delta(close, 60) / (stddev(delta(close, 1), 60) + 1e-5), 20)) * cs_rank(volume)
[reward_only] iter 23/50 [OK ] reward=-30.2173  rank(decay_linear(delta(close, 60) / (stddev(delta(close, 1), 60) + 1e-5), 20)) * volume
[reward_only] iter 24/50 [OK ] reward=-10.2874  rank(decay_linear(delta(close, 60) / (stddev(delta(close, 1), 60) + 1e-5), 20)) * decay_linear(volume, 60) * ts_rank(vwap, 60)
[reward_only] iter 25/50 [OK ] reward= -3.0501  rank(decay_linear(delta(close, 60) / (stddev(delta(close, 1), 60) + 1e-5), 20)) * decay_linear(volume, 60)
[reward_only] iter 26/50 [OK ] reward=-26.2473  rank(decay_linear(delta(close, 60) / (stddev(delta(close, 1), 60) + 1e-5), 20)) * cs_rank(volume)
[reward_only] iter 27/50 [OK ] reward= -3.0501  rank(decay_linear(delta(close, 60) / (stddev(delta(close, 1), 60) + 1e-5), 20)) * decay_linear(volume, 60)
[reward_only] iter 28/50 [OK ] reward=-26.2473  rank(decay_linear(delta(close, 60) / (stddev(delta(close, 1), 60) + 1e-5), 20)) * cs_rank(volume)
[reward_only] iter 29/50 [OK ] reward= -6.3369  rank(decay_linear(delta(close, 60) / (stddev(delta(close, 1), 60) + 1e-5), 20))
[reward_only] iter 30/50 [OK ] reward=-56.3012  rank(decay_linear(delta(close, 60) / (stddev(delta(close, 1), 60) + 1e-5), 20)) * decay_linear(volume, 60) * cs_rank(vwap - close)
[reward_only] iter 31/50 [OK ] reward= -3.0501  rank(decay_linear(delta(close, 60) / (stddev(delta(close, 1), 60) + 1e-5), 20)) * decay_linear(volume, 60)
[reward_only] iter 32/50 [OK ] reward=-26.2473  rank(decay_linear(delta(close, 60) / (stddev(delta(close, 1), 60) + 1e-5), 20)) * cs_rank(volume)
[reward_only] iter 33/50 [OK ] reward= -3.0501  rank(decay_linear(delta(close, 60) / (stddev(delta(close, 1), 60) + 1e-5), 20)) * decay_linear(volume, 60)
[reward_only] iter 34/50 [OK ] reward= -4.9888  cs_rank(decay_linear(delta(close, 60) / (stddev(delta(close, 1), 60) + 1e-5), 20)) * cs_rank(decay_linear(volume, 60))
[reward_only] iter 35/50 [OK ] reward= -3.0501  rank(decay_linear(delta(close, 60) / (stddev(delta(close, 1), 60) + 1e-5), 20)) * decay_linear(volume, 60)
[reward_only] iter 36/50 [OK ] reward=-26.2473  rank(decay_linear(delta(close, 60) / (stddev(delta(close, 1), 60) + 1e-5), 20)) * cs_rank(volume)
[reward_only] iter 37/50 [OK ] reward= -3.0501  rank(decay_linear(delta(close, 60) / (stddev(delta(close, 1), 60) + 1e-5), 20)) * decay_linear(volume, 60)
[reward_only] iter 38/50 [OK ] reward=-30.2173  rank(decay_linear(delta(close, 60) / (stddev(delta(close, 1), 60) + 1e-5), 20)) * volume
[reward_only] iter 39/50 [OK ] reward= -7.8534  cs_rank(decay_linear(ts_rank(delta(close, 60) / (stddev(delta(close, 1), 60) + 1e-5), 20), 20)) * decay_linear(volume, 60)
[reward_only] iter 40/50 [OK ] reward= -3.0501  cs_rank(decay_linear(delta(close, 60) / (stddev(delta(close, 1), 60) + 1e-5), 20)) * decay_linear(volume, 60)
[reward_only] iter 41/50 [OK ] reward= -3.0501  cs_rank(decay_linear(delta(close, 60) / (stddev(delta(close, 1), 60) + 1e-5), 20)) * decay_linear(volume, 60)
[reward_only] iter 42/50 [OK ] reward= -3.0501  cs_rank(decay_linear(delta(close, 60) / (stddev(delta(close, 1), 60) + 1e-5), 20)) * decay_linear(volume, 60)
[reward_only] iter 43/50 [OK ] reward= -5.7923  decay_linear(delta(close, 60) / (stddev(delta(close, 1), 60) + 1e-5), 20) * decay_linear(volume, 60)
[reward_only] iter 44/50 [OK ] reward= -5.9106  cs_rank(decay_linear(delta(close, 60) / (stddev(delta(close, 1), 60) + 1e-5), 20) * decay_linear(volume, 60))
[reward_only] iter 45/50 [OK ] reward=-30.2173  rank(decay_linear(delta(close, 60) / (stddev(delta(close, 1), 60) + 1e-5), 20)) * volume
[reward_only] iter 46/50 [OK ] reward= -4.4318  rank(decay_linear(delta(close, 60) / (stddev(delta(close, 1), 60) + 1e-5), 20)) * decay_linear(volume, 60) * sma(close, 60)
[reward_only] iter 47/50 [OK ] reward= -3.0501  rank(decay_linear(delta(close, 60) / (stddev(delta(close, 1), 60) + 1e-5), 20)) * decay_linear(volume, 60)
[reward_only] iter 48/50 [OK ] reward= -6.3369  rank(decay_linear(delta(close, 60) / (stddev(delta(close, 1), 60) + 1e-5), 20))
[reward_only] iter 49/50 [OK ] reward= -5.2394  rank(decay_linear(delta(close, 60) / (stddev(delta(close, 1), 60) + 1e-5), 20)) * decay_linear(volume, 60) * cs_rank(vwap)
[reward_only] iter 50/50 [OK ] reward= -3.0501  rank(decay_linear(delta(close, 60) / (stddev(delta(close, 1), 60) + 1e-5), 20)) * decay_linear(volume, 60)
[wfo:reward_only] fold 10 winner: rank(decay_linear(delta(close, 60) / (stddev(delta(close, 1), 60) + 1e-5), 20)) * decay_linear(volume, 60)
[wfo:reward_only] fold 10 OOS: Gross_IR=-0.074 Turnover=8.86 Net_IR=-0.364
[wfo:reward_only] fold 11: train 2012-01-01..2016-12-31 -> test 2017-01-01..2017-12-31
[reward_only] iter  0/50 [SEED] reward=-21.8271  rank(delta(close, 60) / (stddev(delta(close, 1), 60) + 1e-5))
[reward_only] iter  1/50 [OK ] reward=-21.8291  cs_rank(delta(close, 60) / (stddev(delta(close, 1), 60) + 1e-5) + decay_linear(cs_rank(volume), 60))
[reward_only] iter  2/50 [OK ] reward=-16.6941  rank(delta(close, 60) / (stddev(delta(close, 1), 60) + 1e-5)) + decay_linear(cs_rank(volume), 60)
[reward_only] iter  3/50 [OK ] reward=-34.7767  rank(delta(close, 60) / (stddev(delta(close, 1), 60) + 1e-5)) + cs_rank(volume)
[reward_only] iter  4/50 [OK ] reward=-19.4109  rank(delta(close, 60) / (stddev(delta(close, 1), 60) + 1e-5)) + decay_linear(cs_rank(volume), 60) + decay_linear(cs_rank(close), 60)
[reward_only] iter  5/50 [OK ] reward=-16.6941  rank(delta(close, 60) / (stddev(delta(close, 1), 60) + 1e-5)) + decay_linear(cs_rank(volume), 60)
[reward_only] iter  6/50 [OK ] reward=-34.7767  rank(delta(close, 60) / (stddev(delta(close, 1), 60) + 1e-5)) + cs_rank(volume)
[reward_only] iter  7/50 [OK ] reward=-62.9013  rank(delta(close, 60) / (stddev(delta(close, 1), 60) + 1e-5)) + decay_linear(cs_rank(volume), 60) + cs_rank(high - low)
[reward_only] iter  8/50 [OK ] reward=-16.6941  rank(delta(close, 60) / (stddev(delta(close, 1), 60) + 1e-5)) + decay_linear(cs_rank(volume), 60)
[reward_only] iter  9/50 [OK ] reward=-34.7767  rank(delta(close, 60) / (stddev(delta(close, 1), 60) + 1e-5)) + cs_rank(volume)
[reward_only] iter 10/50 [OK ] reward=-62.9013  rank(delta(close, 60) / (stddev(delta(close, 1), 60) + 1e-5)) + decay_linear(cs_rank(volume), 60) + cs_rank(high - low)
[reward_only] iter 11/50 [OK ] reward=-16.6941  rank(delta(close, 60) / (stddev(delta(close, 1), 60) + 1e-5)) + decay_linear(cs_rank(volume), 60)
[reward_only] iter 12/50 [OK ] reward= -1.0658  rank(delta(close, 60) / (stddev(delta(close, 1), 60) + 1e-5)) + decay_linear(volume, 60)
[reward_only] iter 13/50 [OK ] reward= -1.2158  rank(delta(close, 60) / (stddev(delta(close, 1), 60) + 1e-5)) + decay_linear(volume, 60) + cs_rank(ts_rank(vwap, 60))
[reward_only] iter 14/50 [OK ] reward= -1.0658  rank(delta(close, 60) / (stddev(delta(close, 1), 60) + 1e-5)) + decay_linear(volume, 60)
[reward_only] iter 15/50 [OK ] reward= -1.2158  rank(delta(close, 60) / (stddev(delta(close, 1), 60) + 1e-5)) + decay_linear(volume, 60) + cs_rank(high - low)
[reward_only] iter 16/50 [OK ] reward= -1.0658  rank(delta(close, 60) / (stddev(delta(close, 1), 60) + 1e-5)) + decay_linear(volume, 60)
[reward_only] iter 17/50 [OK ] reward= -1.2158  rank(delta(close, 60) / (stddev(delta(close, 1), 60) + 1e-5)) + decay_linear(volume, 60) + cs_rank(high - low)
[reward_only] iter 18/50 [OK ] reward= -1.0658  rank(delta(close, 60) / (stddev(delta(close, 1), 60) + 1e-5)) + decay_linear(volume, 60)
[reward_only] iter 19/50 [OK ] reward= -1.0658  cs_rank(delta(close, 60) / (stddev(delta(close, 1), 60) + 1e-5)) + decay_linear(volume, 60)
[reward_only] iter 20/50 [OK ] reward= -1.1658  cs_rank(delta(close, 60) / (stddev(delta(close, 1), 60) + 1e-5)) + decay_linear(volume, 60) + ts_rank(close, 60)
[reward_only] iter 21/50 [OK ] reward= -1.0658  rank(delta(close, 60) / (stddev(delta(close, 1), 60) + 1e-5)) + decay_linear(volume, 60)
[reward_only] iter 22/50 [OK ] reward= -1.8851  cs_rank(rank(delta(close, 60) / (stddev(delta(close, 1), 60) + 1e-5)) + decay_linear(volume, 60))
[reward_only] iter 23/50 [OK ] reward= -1.0658  rank(delta(close, 60) / (stddev(delta(close, 1), 60) + 1e-5)) + decay_linear(volume, 60)
[reward_only] iter 24/50 [OK ] reward=-16.6941  rank(delta(close, 60) / (stddev(delta(close, 1), 60) + 1e-5)) + decay_linear(cs_rank(volume), 60)
[reward_only] iter 25/50 [OK ] reward= -1.0658  rank(delta(close, 60) / (stddev(delta(close, 1), 60) + 1e-5)) + decay_linear(volume, 60)
[reward_only] iter 26/50 [OK ] reward= -2.9291  rank(delta(close, 60) / (stddev(delta(close, 1), 60) + 1e-5)) + decay_linear(vwap, 60)
[reward_only] iter 27/50 [ERR] reward=    -inf  cs_rank((high - low) / (vwap - close)) + decay_linear(volume, 60)
[reward_only] iter 28/50 [OK ] reward=-23.3161  rank(delta(close, 60) / (stddev(delta(close, 1), 60) + 1e-5)) + decay_linear(ts_rank(volume, 60), 60)
[reward_only] iter 29/50 [OK ] reward= -1.0658  rank(delta(close, 60) / (stddev(delta(close, 1), 60) + 1e-5)) + decay_linear(volume, 60)
[reward_only] iter 30/50 [OK ] reward= -1.2158  rank(delta(close, 60) / (stddev(delta(close, 1), 60) + 1e-5)) + decay_linear(volume, 60) + cs_rank(vwap - close)
[reward_only] iter 31/50 [OK ] reward= -1.0658  rank(delta(close, 60) / (stddev(delta(close, 1), 60) + 1e-5)) + decay_linear(volume, 60)
[reward_only] iter 32/50 [OK ] reward= -1.2158  rank(delta(close, 60) / (stddev(delta(close, 1), 60) + 1e-5)) + decay_linear(volume, 60) - cs_rank(high - low)
[reward_only] iter 33/50 [OK ] reward= -1.0658  rank(delta(close, 60) / (stddev(delta(close, 1), 60) + 1e-5)) + decay_linear(volume, 60)
[reward_only] iter 34/50 [OK ] reward=-16.6941  rank(delta(close, 60) / (stddev(delta(close, 1), 60) + 1e-5)) + decay_linear(cs_rank(volume), 60)
[reward_only] iter 35/50 [OK ] reward= -1.0658  rank(delta(close, 60) / (stddev(delta(close, 1), 60) + 1e-5)) + decay_linear(volume, 60)
[reward_only] iter 36/50 [OK ] reward= -2.9291  rank(delta(close, 60) / (stddev(delta(close, 1), 60) + 1e-5)) + decay_linear(vwap, 60)
[reward_only] iter 37/50 [ERR] reward=    -inf  cs_rank(close / vwap) + ts_rank(volume, 60)
[reward_only] iter 38/50 [OK ] reward=-23.3161  rank(delta(close, 60) / (stddev(delta(close, 1), 60) + 1e-5)) + decay_linear(ts_rank(volume, 60), 60)
[reward_only] iter 39/50 [OK ] reward=-34.7767  rank(delta(close, 60) / (stddev(delta(close, 1), 60) + 1e-5)) + cs_rank(volume)
[reward_only] iter 40/50 [OK ] reward=-16.6941  rank(delta(close, 60) / (stddev(delta(close, 1), 60) + 1e-5)) + decay_linear(cs_rank(volume), 60)
[reward_only] iter 41/50 [OK ] reward= -1.0658  rank(delta(close, 60) / (stddev(delta(close, 1), 60) + 1e-5)) + decay_linear(volume, 60)
[reward_only] iter 42/50 [OK ] reward= -1.1658  rank(delta(close, 60) / (stddev(delta(close, 1), 60) + 1e-5)) + decay_linear(volume, 60) + ts_rank(vwap, 60)
[reward_only] iter 43/50 [OK ] reward= -1.0658  rank(delta(close, 60) / (stddev(delta(close, 1), 60) + 1e-5)) + decay_linear(volume, 60)
[reward_only] iter 44/50 [OK ] reward= -2.9291  rank(delta(close, 60) / (stddev(delta(close, 1), 60) + 1e-5)) + decay_linear(vwap, 60)
[reward_only] iter 45/50 [OK ] reward=-34.7767  rank(delta(close, 60) / (stddev(delta(close, 1), 60) + 1e-5)) + cs_rank(volume)
[reward_only] iter 46/50 [OK ] reward=-16.6941  rank(delta(close, 60) / (stddev(delta(close, 1), 60) + 1e-5)) + decay_linear(cs_rank(volume), 60)
[reward_only] iter 47/50 [OK ] reward= -1.0658  rank(delta(close, 60) / (stddev(delta(close, 1), 60) + 1e-5)) + decay_linear(volume, 60)
[reward_only] iter 48/50 [OK ] reward=-23.3161  rank(delta(close, 60) / (stddev(delta(close, 1), 60) + 1e-5)) + decay_linear(ts_rank(volume, 60), 60)
[reward_only] iter 49/50 [OK ] reward=-34.7767  rank(delta(close, 60) / (stddev(delta(close, 1), 60) + 1e-5)) + cs_rank(volume)
[reward_only] iter 50/50 [OK ] reward=-16.6941  rank(delta(close, 60) / (stddev(delta(close, 1), 60) + 1e-5)) + decay_linear(cs_rank(volume), 60)
[wfo:reward_only] fold 11 winner: rank(delta(close, 60) / (stddev(delta(close, 1), 60) + 1e-5)) + decay_linear(volume, 60)
[wfo:reward_only] fold 11 OOS: Gross_IR=1.515 Turnover=4.22 Net_IR=1.432
[wfo:reward_only] fold 12: train 2013-01-01..2017-12-31 -> test 2018-01-01..2018-12-31
[reward_only] iter  0/50 [SEED] reward=-21.2084  rank(delta(close, 60) / (stddev(delta(close, 1), 60) + 1e-5))
[reward_only] iter  1/50 [OK ] reward=-63.2031  rank(delta(close, 60) / (stddev(delta(close, 1), 60) + 1e-5)) + rank(volume / (stddev(volume, 60) + 1e-5))
[reward_only] iter  2/50 [OK ] reward=-63.2031  rank(delta(close, 60) / (stddev(delta(close, 1), 60) + 1e-5)) + rank(volume / (stddev(volume, 60) + 1e-5))
[reward_only] iter  3/50 [OK ] reward=-21.2084  rank(delta(close, 60) / (stddev(delta(close, 1), 60) + 1e-5))
[reward_only] iter  4/50 [OK ] reward=-100.5170  rank(delta(close, 60) / (stddev(delta(close, 1), 60) + 1e-5)) + rank(volume / (decay_linear(volume, 20) + 1e-5))
[reward_only] iter  5/50 [OK ] reward=-21.2084  rank(delta(close, 60) / (stddev(delta(close, 1), 60) + 1e-5))
[reward_only] iter  6/50 [OK ] reward=-21.2084  cs_rank(delta(close, 60) / (stddev(delta(close, 1), 60) + 1e-5))
[reward_only] iter  7/50 [OK ] reward= -8.1062  decay_linear(cs_rank(delta(close, 60) / (stddev(delta(close, 1), 60) + 1e-5)), 10)
[reward_only] iter  8/50 [OK ] reward=-27.5567  decay_linear(cs_rank(delta(close, 60) / (stddev(delta(close, 1), 60) + 1e-5)), 10) * cs_rank(volume)
[reward_only] iter  9/50 [OK ] reward= -8.1062  decay_linear(cs_rank(delta(close, 60) / (stddev(delta(close, 1), 60) + 1e-5)), 10)
[reward_only] iter 10/50 [OK ] reward= -6.8967  decay_linear(cs_rank(delta(close, 60) / (stddev(delta(close, 1), 60) + 1e-5)), 15)
[reward_only] iter 11/50 [OK ] reward=-62.5429  decay_linear(cs_rank((close - vwap) / (stddev(close, 60) + 1e-5)), 15)
[reward_only] iter 12/50 [OK ] reward=-62.1465  decay_linear(cs_rank((close - open) / (stddev(close, 60) + 1e-5)), 15)
[reward_only] iter 13/50 [OK ] reward=-26.6377  decay_linear(cs_rank((close - open) / (stddev(close, 60) + 1e-5)) + cs_rank(volume / (stddev(volume, 60) + 1e-5)), 15)
[reward_only] iter 14/50 [OK ] reward= -6.8967  decay_linear(cs_rank(delta(close, 60) / (stddev(delta(close, 1), 60) + 1e-5)), 15)
[reward_only] iter 15/50 [OK ] reward= -6.1743  decay_linear(cs_rank(delta(close, 60) / (stddev(delta(close, 1), 60) + 1e-5)), 20)
[reward_only] iter 16/50 [OK ] reward= -5.3437  decay_linear(cs_rank(delta(close, 60) / (stddev(delta(close, 1), 60) + 1e-5)), 30)
[reward_only] iter 17/50 [OK ] reward=-86.7456  decay_linear(cs_rank(delta(close, 60) / (stddev(delta(close, 1), 60) + 1e-5)), 30) * cs_rank(volume / (sma(volume, 60) + 1e-5))
[reward_only] iter 18/50 [OK ] reward=-86.7456  decay_linear(cs_rank(delta(close, 60) / (stddev(delta(close, 1), 60) + 1e-5)), 30) * cs_rank(volume / (sma(volume, 60) + 1e-5))
[reward_only] iter 19/50 [OK ] reward= -5.3437  decay_linear(cs_rank(delta(close, 60) / (stddev(delta(close, 1), 60) + 1e-5)), 30)
[reward_only] iter 20/50 [OK ] reward=-43.0929  decay_linear(cs_rank((close - vwap) / (stddev(close - vwap, 60) + 1e-5)), 30)
[reward_only] iter 21/50 [OK ] reward=-43.4259  decay_linear(cs_rank((close - open) / (stddev(close - open, 60) + 1e-5)), 30)
[reward_only] iter 22/50 [OK ] reward=-43.3935  decay_linear(cs_rank((close - open) / (stddev(close - open, 60) + 1e-5)), 30) * -1
[reward_only] iter 23/50 [OK ] reward=-43.4259  decay_linear(cs_rank((close - open) / (stddev(close - open, 60) + 1e-5)), 30)
[reward_only] iter 24/50 [OK ] reward=-29.1246  decay_linear(cs_rank((close - open) / (stddev(close - open, 60) + 1e-5)), 30) * decay_linear(ts_rank(volume, 60), 30)
[reward_only] iter 25/50 [OK ] reward=-27.5548  decay_linear(cs_rank(delta(close, 60) / (stddev(delta(close, 1), 60) + 1e-5)), 30) * cs_rank(volume)
[reward_only] iter 26/50 [OK ] reward= -4.9178  decay_linear(cs_rank(delta(close, 60) / (stddev(delta(close, 1), 60) + 1e-5)), 30) * cs_rank(vwap)
[reward_only] iter 27/50 [OK ] reward= -4.9178  decay_linear(cs_rank(delta(close, 60) / (stddev(delta(close, 1), 60) + 1e-5)), 30) * cs_rank(vwap)
[reward_only] iter 28/50 [OK ] reward=-16.0356  cs_rank(delta(close, 60) / (stddev(delta(close, 1), 60) + 1e-5)) * cs_rank(vwap)
[reward_only] iter 29/50 [OK ] reward=-52.0979  decay_linear(cs_rank(high - low), 30) * cs_rank(volume)
[reward_only] iter 30/50 [OK ] reward= -4.9178  decay_linear(cs_rank(delta(close, 60) / (stddev(delta(close, 1), 60) + 1e-5)), 30) * cs_rank(vwap)
[reward_only] iter 31/50 [OK ] reward= -5.0140  decay_linear(cs_rank(delta(close, 60) / (stddev(delta(close, 1), 60) + 1e-5)), 30) + cs_rank(vwap)
[reward_only] iter 32/50 [OK ] reward=-27.5548  decay_linear(cs_rank(delta(close, 60) / (stddev(delta(close, 1), 60) + 1e-5)), 30) * cs_rank(volume)
[reward_only] iter 33/50 [OK ] reward= -4.9178  decay_linear(cs_rank(delta(close, 60) / (stddev(delta(close, 1), 60) + 1e-5)), 30) * cs_rank(vwap)
[reward_only] iter 34/50 [OK ] reward=-16.0356  cs_rank(delta(close, 60) / (stddev(delta(close, 1), 60) + 1e-5)) * cs_rank(vwap)
[reward_only] iter 35/50 [OK ] reward=-51.8325  cs_rank(delta(close, 20) / (stddev(close, 20) + 1e-5)) * cs_rank(volume)
[reward_only] iter 36/50 [OK ] reward=-35.9232  decay_linear(cs_rank(delta(close, 60) / (stddev(delta(close, 1), 60) + 1e-5)), 30) * cs_rank(vwap) * cs_rank(volume)
[reward_only] iter 37/50 [OK ] reward= -4.9178  decay_linear(cs_rank(delta(close, 60) / (stddev(delta(close, 1), 60) + 1e-5)), 30) * cs_rank(vwap)
[reward_only] iter 38/50 [OK ] reward=-16.0356  cs_rank(delta(close, 60) / (stddev(delta(close, 1), 60) + 1e-5)) * cs_rank(vwap)
[reward_only] iter 39/50 [OK ] reward=-94.7331  cs_rank(delta(close, 20) / (stddev(delta(close, 1), 20) + 1e-5)) * cs_rank(volume / (sma(volume, 20) + 1e-5))
[reward_only] iter 40/50 [OK ] reward= -4.9178  decay_linear(cs_rank(delta(close, 60) / (stddev(delta(close, 1), 60) + 1e-5)), 30) * cs_rank(vwap)
[reward_only] iter 41/50 [OK ] reward=-16.0356  cs_rank(delta(close, 60) / (stddev(delta(close, 1), 60) + 1e-5)) * cs_rank(vwap)
[reward_only] iter 42/50 [ERR] reward=    -inf  cs_rank(close / open - 1) * cs_rank(volume)
[reward_only] iter 43/50 [OK ] reward= -5.0678  decay_linear(cs_rank(delta(close, 60) / (stddev(delta(close, 1), 60) + 1e-5)), 30) * cs_rank((high + low + close) / 3)
[reward_only] iter 44/50 [OK ] reward=-27.5548  decay_linear(cs_rank(delta(close, 60) / (stddev(delta(close, 1), 60) + 1e-5)), 30) * cs_rank(volume)
[reward_only] iter 45/50 [OK ] reward= -4.9178  decay_linear(cs_rank(delta(close, 60) / (stddev(delta(close, 1), 60) + 1e-5)), 30) * cs_rank(vwap)
[reward_only] iter 46/50 [OK ] reward=-16.0356  cs_rank(delta(close, 60) / (stddev(delta(close, 1), 60) + 1e-5)) * cs_rank(vwap)
[reward_only] iter 47/50 [ERR] reward=    -inf  cs_rank(delta(close, 60) / (stddev(delta(close, 1), 60) + 1e-5)) * cs_rank(vwap / volume)
[reward_only] iter 48/50 [OK ] reward=-18.1730  decay_linear(cs_rank(delta(close, 60) / (stddev(delta(close, 1), 60) + 1e-5)), 30) * cs_rank(vwap / (volume + 1e-5))
[reward_only] iter 49/50 [OK ] reward= -4.9178  decay_linear(cs_rank(delta(close, 60) / (stddev(delta(close, 1), 60) + 1e-5)), 30) * cs_rank(vwap)
[reward_only] iter 50/50 [OK ] reward=-16.0356  cs_rank(vwap) * cs_rank(delta(close, 60) / (stddev(delta(close, 1), 60) + 1e-5))
[wfo:reward_only] fold 12 winner: decay_linear(cs_rank(delta(close, 60) / (stddev(delta(close, 1), 60) + 1e-5)), 30) * cs_rank(vwap)
[wfo:reward_only] fold 12 OOS: Gross_IR=0.498 Turnover=8.43 Net_IR=0.081
[wfo:reward_only] fold 13: train 2014-01-01..2018-12-31 -> test 2019-01-01..2019-12-31
[reward_only] iter  0/50 [SEED] reward=-21.1642  rank(delta(close, 60) / (stddev(delta(close, 1), 60) + 1e-5))
[reward_only] iter  1/50 [OK ] reward=-15.2911  rank(delta(close, 60) / (stddev(delta(close, 1), 60) + 1e-5)) * decay_linear(close, 60)
[reward_only] iter  2/50 [OK ] reward=-46.8861  rank((high - low) / (close + 1e-5)) * decay_linear(volume, 60)
[reward_only] iter  3/50 [OK ] reward=-112.4001  rank((close - open) / (stddev(close, 60) + 1e-5)) * decay_linear(close, 60)
[reward_only] iter  4/50 [OK ] reward=-66.6405  rank((high - low) / (stddev(close, 60) + 1e-5)) * decay_linear(close, 60)
[reward_only] iter  5/50 [OK ] reward=-112.4001  rank((close - open) / (stddev(close, 60) + 1e-5)) * decay_linear(close, 60)
[reward_only] iter  6/50 [OK ] reward=-112.4001  cs_rank((close - open) / (stddev(close, 60) + 1e-5)) * decay_linear(close, 60)
[reward_only] iter  7/50 [OK ] reward=-103.0840  cs_rank((close - open) / (stddev(close, 60) + 1e-5)) * decay_linear(close, 60) * ts_rank(close, 60)
[reward_only] iter  8/50 [OK ] reward=-15.2911  rank(delta(close, 60) / (stddev(delta(close, 1), 60) + 1e-5)) * decay_linear(close, 60)
[reward_only] iter  9/50 [ERR] reward=    -inf  rank((high - low) / volume) * decay_linear(close, 60)
[reward_only] iter 10/50 [OK ] reward=-15.4891  rank(delta(close, 60) / (stddev(delta(close, 1), 60) + 1e-5)) * decay_linear(close, 60) + rank((high - low) / (volume + 1e-5))
[reward_only] iter 11/50 [OK ] reward=-15.2911  cs_rank(delta(close, 60) / (stddev(delta(close, 1), 60) + 1e-5)) * decay_linear(close, 60)
[reward_only] iter 12/50 [ERR] reward=    -inf  cs_rank((high - low) / volume) * decay_linear(close, 60)
[reward_only] iter 13/50 [OK ] reward=-15.4891  rank(delta(close, 60) / (stddev(delta(close, 1), 60) + 1e-5)) * decay_linear(close, 60) + rank((high - low) / (volume + 1e-5))
[reward_only] iter 14/50 [OK ] reward=-15.2911  rank(delta(close, 60) / (stddev(delta(close, 1), 60) + 1e-5)) * decay_linear(close, 60)
[reward_only] iter 15/50 [ERR] reward=    -inf  cs_rank((close - open) / (vwap - close) + ts_rank(volume, 20)) * decay_linear(close, 60)
[reward_only] iter 16/50 [OK ] reward=-15.7224  rank(delta(close, 60) / (stddev(delta(close, 1), 60) + 1e-5)) * decay_linear(close, 60) + cs_rank((close - open) / (vwap - close + 1e-5))
[reward_only] iter 17/50 [OK ] reward=-15.2911  rank(delta(close, 60) / (stddev(delta(close, 1), 60) + 1e-5)) * decay_linear(close, 60)
[reward_only] iter 18/50 [OK ] reward=-31.6642  rank(volume / (vwap * decay_linear(close, 60) + 1e-5)) * cs_rank(close)
[reward_only] iter 19/50 [OK ] reward=-41.2420  rank(delta(close, 60) / (stddev(delta(close, 1), 60) + 1e-5)) * decay_linear(close, 60) * cs_rank(volume)
[reward_only] iter 20/50 [OK ] reward=-41.2420  rank(delta(close, 60) / (stddev(delta(close, 1), 60) + 1e-5)) * decay_linear(close, 60) * cs_rank(volume)
[reward_only] iter 21/50 [OK ] reward=-15.2911  rank(delta(close, 60) / (stddev(delta(close, 1), 60) + 1e-5)) * decay_linear(close, 60)
[reward_only] iter 22/50 [ERR] reward=    -inf  rank((high - low) / volume) * decay_linear(close, 60)
[reward_only] iter 23/50 [OK ] reward=-41.2420  rank(delta(close, 60) / (stddev(delta(close, 1), 60) + 1e-5)) * decay_linear(close, 60) * cs_rank(volume)
[reward_only] iter 24/50 [OK ] reward=-15.2911  rank(delta(close, 60) / (stddev(delta(close, 1), 60) + 1e-5)) * decay_linear(close, 60)
[reward_only] iter 25/50 [ERR] reward=    -inf  cs_rank((high - low) / volume) * decay_linear(close, 60)
[reward_only] iter 26/50 [OK ] reward=-17.6730  rank(delta(close, 60) / (stddev(delta(close, 1), 60) + 1e-5)) * decay_linear(close, 60) * cs_rank((high - low) / (volume + 1e-5))
[reward_only] iter 27/50 [OK ] reward=-15.2911  rank(delta(close, 60) / (stddev(delta(close, 1), 60) + 1e-5)) * decay_linear(close, 60)
[reward_only] iter 28/50 [ERR] reward=    -inf  rank((close - open) / (high - low)) * cs_rank(volume)
[reward_only] iter 29/50 [OK ] reward=-69.5407  rank(delta(close, 60) / (stddev(delta(close, 1), 60) + 1e-5)) * decay_linear(close, 60) * ts_rank(volume, 60)
[reward_only] iter 30/50 [OK ] reward=-41.2420  rank(delta(close, 60) / (stddev(delta(close, 1), 60) + 1e-5)) * decay_linear(close, 60) * cs_rank(volume)
[reward_only] iter 31/50 [ERR] reward=    -inf  rank(delta(close, 60) / (stddev(delta(close, 1), 60) + 1e-5)) * decay_linear(close, 60) * cs_rank(volume / (high - low))
[reward_only] iter 32/50 [OK ] reward=-38.3801  rank(delta(close, 60) / (stddev(delta(close, 1), 60) + 1e-5)) * decay_linear(close, 60) * cs_rank(volume / (high - low + 1e-5))
[reward_only] iter 33/50 [OK ] reward=-38.3801  rank(delta(close, 60) / (stddev(delta(close, 1), 60) + 1e-5)) * decay_linear(close, 60) * cs_rank(volume / (high - low + 1e-5))
[reward_only] iter 34/50 [OK ] reward=-41.2420  rank(delta(close, 60) / (stddev(delta(close, 1), 60) + 1e-5)) * decay_linear(close, 60) * cs_rank(volume)
[reward_only] iter 35/50 [OK ] reward=-15.2911  rank(delta(close, 60) / (stddev(delta(close, 1), 60) + 1e-5)) * decay_linear(close, 60)
[reward_only] iter 36/50 [ERR] reward=    -inf  cs_rank(((high - low) / close) * decay_linear(volume, 60))
[reward_only] iter 37/50 [ERR] reward=    -inf  rank(delta(close, 60) / (stddev(delta(close, 1), 60) + 1e-5)) * decay_linear(close, 60) + cs_rank(((high - low) / close) * decay_linear(volume, 60) + 1e-5)
[reward_only] iter 38/50 [ERR] reward=    -inf  rank(delta(close, 60) / (stddev(delta(close, 1), 60) + 1e-5)) * decay_linear(close, 60) + cs_rank(((high - low) / close) * decay_linear(volume, 60))
[reward_only] iter 39/50 [OK ] reward=-15.7020  rank(delta(close, 60) / (stddev(delta(close, 1), 60) + 1e-5)) * decay_linear(close, 60) + cs_rank(((high - low) / (close + 1e-5)) * decay_linear(volume, 60))
[reward_only] iter 40/50 [OK ] reward=-22.3066  cs_rank((close - sma(close, 60)) / (stddev(close, 60) + 1e-5)) * decay_linear(close, 60)
[reward_only] iter 41/50 [OK ] reward=-66.6405  cs_rank((high - low) / (stddev(close, 60) + 1e-5)) * decay_linear(close, 60)
[reward_only] iter 42/50 [OK ] reward=-48.9545  rank(delta(close, 60) / (stddev(delta(close, 1), 60) + 1e-5)) * decay_linear(close, 60) * cs_rank(volume / (stddev(volume, 60) + 1e-5))
[reward_only] iter 43/50 [OK ] reward=-15.2911  rank(delta(close, 60) / (stddev(delta(close, 1), 60) + 1e-5)) * decay_linear(close, 60)
[reward_only] iter 44/50 [OK ] reward=-58.7914  cs_rank((high - low) / (vwap + 1e-5)) * decay_linear(close, 60)
[reward_only] iter 45/50 [OK ] reward=-21.5981  rank(delta(close, 30) / (stddev(delta(close, 1), 30) + 1e-5)) * decay_linear(close, 60)
[reward_only] iter 46/50 [OK ] reward=-87.0478  rank((high - low) / (stddev(high - low, 60) + 1e-5)) * decay_linear(close, 60)
[reward_only] iter 47/50 [OK ] reward=-112.8005  rank((close - open) / (stddev(close - open, 60) + 1e-5)) * decay_linear(close, 60)
[reward_only] iter 48/50 [OK ] reward=-15.2882  rank(delta(close, 60) / (stddev(delta(close, 1), 60) + 1e-5)) * decay_linear(vwap, 60)
[reward_only] iter 49/50 [ERR] reward=    -inf  cs_rank((close - open) / (high - low)) * decay_linear(volume, 60)
[reward_only] iter 50/50 [OK ] reward=-41.2462  rank(delta(close, 60) / (stddev(delta(close, 1), 60) + 1e-5)) * decay_linear(vwap, 60) * cs_rank(volume)
[wfo:reward_only] fold 13 winner: rank(delta(close, 60) / (stddev(delta(close, 1), 60) + 1e-5)) * decay_linear(vwap, 60)
[wfo:reward_only] fold 13 OOS: Gross_IR=-1.053 Turnover=23.43 Net_IR=-2.126
[wfo:reward_only] fold 14: train 2015-01-01..2019-12-31 -> test 2020-01-01..2020-12-31
[reward_only] iter  0/50 [SEED] reward=-21.7289  rank(delta(close, 60) / (stddev(delta(close, 1), 60) + 1e-5))
[reward_only] iter  1/50 [OK ] reward=-93.9812  rank(delta(close, 60) / (stddev(delta(close, 1), 60) + 1e-5)) + rank(volume / (sma(volume, 60) + 1e-5))
[reward_only] iter  2/50 [OK ] reward=-93.9812  rank(delta(close, 60) / (stddev(delta(close, 1), 60) + 1e-5)) + rank(volume / (sma(volume, 60) + 1e-5))
[reward_only] iter  3/50 [OK ] reward=-93.9812  cs_rank(delta(close, 60) / (stddev(delta(close, 1), 60) + 1e-5)) + cs_rank(volume / (sma(volume, 60) + 1e-5))
[reward_only] iter  4/50 [OK ] reward=-93.9812  rank(delta(close, 60) / (stddev(delta(close, 1), 60) + 1e-5)) + rank(volume / (sma(volume, 60) + 1e-5))
[reward_only] iter  5/50 [OK ] reward=-87.2838  rank(delta(close, 60) / (stddev(delta(close, 1), 60) + 1e-5)) * rank(volume / (sma(volume, 60) + 1e-5))
[reward_only] iter  6/50 [OK ] reward=-23.9037  rank(delta(close, 60) / (stddev(delta(close, 1), 60) + 1e-5)) * rank(volume / (vwap + 1e-5))
[reward_only] iter  7/50 [OK ] reward=-23.9037  rank(delta(close, 60) / (stddev(delta(close, 1), 60) + 1e-5)) * rank(volume / (vwap + 1e-5))
[reward_only] iter  8/50 [OK ] reward=-23.9037  rank(delta(close, 60) / (stddev(delta(close, 1), 60) + 1e-5)) * rank(volume / (vwap + 1e-5))
[reward_only] iter  9/50 [OK ] reward=-24.8031  rank(delta(close, 60) / (stddev(delta(close, 1), 60) + 1e-5)) + rank(volume / (vwap + 1e-5))
[reward_only] iter 10/50 [OK ] reward=-24.8031  rank(delta(close, 60) / (stddev(delta(close, 1), 60) + 1e-5)) + cs_rank(volume / (vwap + 1e-5))
[reward_only] iter 11/50 [OK ] reward=-24.8031  rank(delta(close, 60) / (stddev(delta(close, 1), 60) + 1e-5)) + cs_rank(volume / (vwap + 1e-5))
[reward_only] iter 12/50 [OK ] reward=-21.7289  rank(delta(close, 60) / (stddev(delta(close, 1), 60) + 1e-5))
[reward_only] iter 13/50 [ERR] reward=    -inf  cs_rank(delta(close, 60) / (stddev(delta(close, 1), 60) + 1e-5) + cs_rank(volume / sma(volume, 60)))
[reward_only] iter 14/50 [OK ] reward=-22.5807  rank(delta(close, 60) / (stddev(delta(close, 1), 60) + 1e-5) + cs_rank(volume / (sma(volume, 60) + 1e-5)))
[reward_only] iter 15/50 [OK ] reward=-22.5807  rank(delta(close, 60) / (stddev(delta(close, 1), 60) + 1e-5) + cs_rank(volume / (sma(volume, 60) + 1e-5)))
[reward_only] iter 16/50 [OK ] reward=-53.2845  rank(delta(close, 60) / (stddev(delta(close, 1), 60) + 1e-5) * cs_rank(volume / (sma(volume, 60) + 1e-5)))
[reward_only] iter 17/50 [ERR] reward=    -inf  rank(delta(close, 60) / (stddev(delta(close, 1), 60) + 1e-5) * cs_rank(volume / vwap))
[reward_only] iter 18/50 [ERR] reward=    -inf  cs_rank(delta(close, 60) / (stddev(delta(close, 1), 60) + 1e-5) + cs_rank(volume / vwap))
[reward_only] iter 19/50 [OK ] reward=-24.8031  rank(delta(close, 60) / (stddev(delta(close, 1), 60) + 1e-5)) + cs_rank(volume / (vwap + 1e-5))
[reward_only] iter 20/50 [OK ] reward=-21.7289  rank(delta(close, 60) / (stddev(delta(close, 1), 60) + 1e-5))
[reward_only] iter 21/50 [OK ] reward=-21.7420  rank(delta(close, 60) / (stddev(delta(close, 1), 60) + 1e-5) + cs_rank(volume))
[reward_only] iter 22/50 [OK ] reward=-21.7447  rank(delta(close, 60) / (stddev(delta(close, 1), 60) + 1e-5) + decay_linear(cs_rank(volume), 20))
[reward_only] iter 23/50 [OK ] reward=-17.1692  rank(delta(close, 60) / (stddev(delta(close, 1), 60) + 1e-5)) + decay_linear(cs_rank(volume), 20)
[reward_only] iter 24/50 [OK ] reward=-33.1159  rank(delta(close, 60) / (stddev(delta(close, 1), 60) + 1e-5)) + cs_rank(volume)
[reward_only] iter 25/50 [OK ] reward=-110.7949  rank(delta(close, 60) / (stddev(delta(close, 1), 60) + 1e-5)) + decay_linear(cs_rank(volume), 20) + cs_rank(vwap - close)
[reward_only] iter 26/50 [OK ] reward=-17.1692  rank(delta(close, 60) / (stddev(delta(close, 1), 60) + 1e-5)) + decay_linear(cs_rank(volume), 20)
[reward_only] iter 27/50 [OK ] reward=-33.1159  rank(delta(close, 60) / (stddev(delta(close, 1), 60) + 1e-5)) + cs_rank(volume)
[reward_only] iter 28/50 [OK ] reward=-19.5733  rank(delta(close, 60) / (stddev(delta(close, 1), 60) + 1e-5)) + decay_linear(cs_rank(volume), 20) + cs_rank(vwap)
[reward_only] iter 29/50 [OK ] reward=-17.1692  rank(delta(close, 60) / (stddev(delta(close, 1), 60) + 1e-5)) + decay_linear(cs_rank(volume), 20)
[reward_only] iter 30/50 [OK ] reward=-33.1159  rank(delta(close, 60) / (stddev(delta(close, 1), 60) + 1e-5)) + cs_rank(volume)
[reward_only] iter 31/50 [OK ] reward=-10.6792  rank(delta(close, 60) / (stddev(delta(close, 1), 60) + 1e-5)) + decay_linear(cs_rank(volume), 20) - cs_rank(vwap)
[reward_only] iter 32/50 [OK ] reward=-17.1692  rank(delta(close, 60) / (stddev(delta(close, 1), 60) + 1e-5)) + decay_linear(cs_rank(volume), 20)
[reward_only] iter 33/50 [OK ] reward=-10.6792  rank(delta(close, 60) / (stddev(delta(close, 1), 60) + 1e-5)) + decay_linear(cs_rank(volume), 20) - cs_rank(vwap)
[reward_only] iter 34/50 [OK ] reward=-17.1692  rank(delta(close, 60) / (stddev(delta(close, 1), 60) + 1e-5)) + decay_linear(cs_rank(volume), 20)
[reward_only] iter 35/50 [OK ] reward=-10.6792  rank(delta(close, 60) / (stddev(delta(close, 1), 60) + 1e-5)) + decay_linear(cs_rank(volume), 20) - cs_rank(vwap)
[reward_only] iter 36/50 [OK ] reward=-17.1692  rank(delta(close, 60) / (stddev(delta(close, 1), 60) + 1e-5)) + decay_linear(cs_rank(volume), 20)
[reward_only] iter 37/50 [OK ] reward=-17.1692  rank(delta(close, 60) / (stddev(delta(close, 1), 60) + 1e-5)) + decay_linear(cs_rank(volume), 20)
[reward_only] iter 38/50 [OK ] reward=-10.6792  rank(delta(close, 60) / (stddev(delta(close, 1), 60) + 1e-5)) + decay_linear(cs_rank(volume), 20) - cs_rank(vwap)
[reward_only] iter 39/50 [OK ] reward=-17.1692  rank(delta(close, 60) / (stddev(delta(close, 1), 60) + 1e-5)) + decay_linear(cs_rank(volume), 20)
[reward_only] iter 40/50 [OK ] reward=-10.6792  rank(delta(close, 60) / (stddev(delta(close, 1), 60) + 1e-5)) + decay_linear(cs_rank(volume), 20) - cs_rank(vwap)
[reward_only] iter 41/50 [OK ] reward=-17.1692  rank(delta(close, 60) / (stddev(delta(close, 1), 60) + 1e-5)) + decay_linear(cs_rank(volume), 20)
[reward_only] iter 42/50 [OK ] reward=-10.6792  rank(delta(close, 60) / (stddev(delta(close, 1), 60) + 1e-5)) + decay_linear(cs_rank(volume), 20) - cs_rank(vwap)
[reward_only] iter 43/50 [OK ] reward=-17.1692  rank(delta(close, 60) / (stddev(delta(close, 1), 60) + 1e-5)) + decay_linear(cs_rank(volume), 20)
[reward_only] iter 44/50 [OK ] reward=-17.1692  rank(delta(close, 60) / (stddev(delta(close, 1), 60) + 1e-5)) + decay_linear(cs_rank(volume), 20)
[reward_only] iter 45/50 [OK ] reward=-10.6792  rank(delta(close, 60) / (stddev(delta(close, 1), 60) + 1e-5)) + decay_linear(cs_rank(volume), 20) - cs_rank(vwap)
[reward_only] iter 46/50 [OK ] reward=-17.1692  rank(delta(close, 60) / (stddev(delta(close, 1), 60) + 1e-5)) + decay_linear(cs_rank(volume), 20)
[reward_only] iter 47/50 [OK ] reward=-17.1692  rank(delta(close, 60) / (stddev(delta(close, 1), 60) + 1e-5)) + decay_linear(cs_rank(volume), 20)
[reward_only] iter 48/50 [OK ] reward=-10.6792  rank(delta(close, 60) / (stddev(delta(close, 1), 60) + 1e-5)) + decay_linear(cs_rank(volume), 20) - cs_rank(vwap)
[reward_only] iter 49/50 [OK ] reward=-17.1692  rank(delta(close, 60) / (stddev(delta(close, 1), 60) + 1e-5)) + decay_linear(cs_rank(volume), 20)
[reward_only] iter 50/50 [OK ] reward=-17.1692  rank(delta(close, 60) / (stddev(delta(close, 1), 60) + 1e-5)) + decay_linear(cs_rank(volume), 20)
[wfo:reward_only] fold 14 winner: rank(delta(close, 60) / (stddev(delta(close, 1), 60) + 1e-5)) + decay_linear(cs_rank(volume), 20) - cs_rank(vwap)
[wfo:reward_only] fold 14 OOS: Gross_IR=0.067 Turnover=24.08 Net_IR=-0.756
[wfo:reward_only] fold 15: train 2016-01-01..2020-12-31 -> test 2021-01-01..2021-12-31
[reward_only] iter  0/50 [SEED] reward=-22.5249  rank(delta(close, 60) / (stddev(delta(close, 1), 60) + 1e-5))
[reward_only] iter  1/50 [ERR] reward=    -inf  cs_rank((high - low) / vwap)
[reward_only] iter  2/50 [OK ] reward=-104.8616  rank(delta(close, 60) / (stddev(delta(close, 1), 60) + 1e-5)) + cs_rank((high - low) / (vwap + 1e-5))
[reward_only] iter  3/50 [OK ] reward=-22.5249  cs_rank(delta(close, 60) / (stddev(delta(close, 1), 60) + 1e-5))
[reward_only] iter  4/50 [ERR] reward=    -inf  cs_rank((high - low) / volume)
[reward_only] iter  5/50 [OK ] reward=-183.5449  rank((close - open) / (high - low + 1e-5))
[reward_only] iter  6/50 [OK ] reward=-128.8843  rank((close - open) / (high - low + 1e-5)) * rank(delta(close, 60) / (stddev(delta(close, 1), 60) + 1e-5))
[reward_only] iter  7/50 [OK ] reward=-22.5249  cs_rank(delta(close, 60) / (stddev(delta(close, 1), 60) + 1e-5))
[reward_only] iter  8/50 [OK ] reward=-171.8385  cs_rank(((close - open) / (high - low + 1e-5)) * volume)
[reward_only] iter  9/50 [OK ] reward=-171.7166  cs_rank(((close - open) / (high - low + 1e-5)) * volume * ts_rank(close, 60))
[reward_only] iter 10/50 [OK ] reward=-183.5449  cs_rank((close - open) / (high - low + 1e-5))
[reward_only] iter 11/50 [OK ] reward=-128.8843  rank((close - open) / (high - low + 1e-5)) * rank(delta(close, 60) / (stddev(delta(close, 1), 60) + 1e-5))
[reward_only] iter 12/50 [OK ] reward=-22.5249  rank(delta(close, 60) / (stddev(delta(close, 1), 60) + 1e-5))
[reward_only] iter 13/50 [ERR] reward=    -inf  cs_rank((close - open) / (high - low))
[reward_only] iter 14/50 [OK ] reward=-137.1183  rank(delta(close, 60) / (stddev(delta(close, 1), 60) + 1e-5)) + cs_rank((close - open) / (high - low + 1e-5))
[reward_only] iter 15/50 [OK ] reward=-22.0800  rank(delta(close, 60) / (stddev(delta(close, 1), 60) + 1e-5)) + cs_rank(volume / (vwap * close + 1e-5))
[reward_only] iter 16/50 [OK ] reward=-22.0800  rank(delta(close, 60) / (stddev(delta(close, 1), 60) + 1e-5)) + cs_rank(volume / (vwap * close + 1e-5))
[reward_only] iter 17/50 [OK ] reward=-22.0800  rank(delta(close, 60) / (stddev(delta(close, 1), 60) + 1e-5)) + cs_rank(volume / (vwap * close + 1e-5))
[reward_only] iter 18/50 [OK ] reward=-22.0800  rank(delta(close, 60) / (stddev(delta(close, 1), 60) + 1e-5)) + cs_rank(volume / (vwap * close + 1e-5))
[reward_only] iter 19/50 [OK ] reward=-25.1080  rank(delta(close, 60) / (stddev(delta(close, 1), 60) + 1e-5)) + cs_rank(volume / (vwap + 1e-5))
[reward_only] iter 20/50 [ERR] reward=    -inf  rank(delta(close, 60) / (stddev(delta(close, 1), 60) + 1e-5)) + cs_rank(volume / vwap)
[reward_only] iter 21/50 [OK ] reward=-22.0800  rank(delta(close, 60) / (stddev(delta(close, 1), 60) + 1e-5)) + cs_rank(volume / (vwap * close + 1e-5))
[reward_only] iter 22/50 [OK ] reward=-22.0800  rank(delta(close, 60) / (stddev(delta(close, 1), 60) + 1e-5)) + cs_rank(volume / (vwap * close + 1e-5))
[reward_only] iter 23/50 [OK ] reward=-14.5828  cs_rank(volume / (vwap * close + 1e-5))
[reward_only] iter 24/50 [OK ] reward=-121.0790  cs_rank(volume / (vwap * close + 1e-5)) * cs_rank(close - open)
[reward_only] iter 25/50 [ERR] reward=    -inf  cs_rank(volume / (vwap * close + 1e-5)) * cs_rank(close / open - 1)
[reward_only] iter 26/50 [ERR] reward=    -inf  cs_rank(volume / (vwap * close + 1e-5)) + cs_rank(close / open - 1)
[reward_only] iter 27/50 [ERR] reward=    -inf  cs_rank(volume / (vwap * close + 1e-5)) + cs_rank((close - open) / open)
[reward_only] iter 28/50 [OK ] reward=-138.0875  cs_rank(volume / (vwap * close + 1e-5)) + cs_rank((close - open) / (open + 1e-5))
[reward_only] iter 29/50 [OK ] reward=-138.0875  cs_rank(volume / (vwap * close + 1e-5)) + cs_rank((close - open) / (open + 1e-5))
[reward_only] iter 30/50 [OK ] reward=-138.0415  cs_rank(volume / (vwap * close + 1e-5)) + cs_rank(close / (open + 1e-5))
[reward_only] iter 31/50 [OK ] reward=-138.7350  cs_rank(volume / (vwap * close + 1e-5)) + cs_rank(close - open)
[reward_only] iter 32/50 [OK ] reward=-128.8999  cs_rank(volume / (vwap * close + 1e-5)) + cs_rank(high - low)
[reward_only] iter 33/50 [OK ] reward=-138.7350  cs_rank(volume / (vwap * close + 1e-5)) + cs_rank(close - open)
[reward_only] iter 34/50 [OK ] reward=-138.7350  cs_rank(close - open) + cs_rank(volume / (vwap * close + 1e-5))
[reward_only] iter 35/50 [OK ] reward=-121.0790  cs_rank(close - open) * cs_rank(volume / (vwap * close + 1e-5))
[reward_only] iter 36/50 [OK ] reward=-121.0790  cs_rank(close - open) * cs_rank(volume / (vwap * close + 1e-5))
[reward_only] iter 37/50 [ERR] reward=    -inf  cs_rank(close / vwap) * cs_rank(volume / (vwap * close + 1e-5))
[reward_only] iter 38/50 [OK ] reward=-83.9120  cs_rank(volume / (vwap * close + 1e-5)) * cs_rank((high - low) / (high + low + 1e-5))
[reward_only] iter 39/50 [OK ] reward=-83.9120  cs_rank(volume / (vwap * close + 1e-5)) * cs_rank((high - low) / (high + low + 1e-5))
[reward_only] iter 40/50 [OK ] reward=-90.1774  cs_rank(volume / (vwap * close + 1e-5)) + cs_rank((high - low) / (high + low + 1e-5))
[reward_only] iter 41/50 [OK ] reward=-90.1774  cs_rank(volume / (vwap * close + 1e-5)) + cs_rank((high - low) / (high + low + 1e-5))
[reward_only] iter 42/50 [OK ] reward=-90.1774  cs_rank(volume / (vwap * close + 1e-5)) + cs_rank((high - low) / (high + low + 1e-5))
[reward_only] iter 43/50 [OK ] reward=-90.1774  cs_rank(volume / (vwap * close + 1e-5)) + cs_rank((high - low) / (high + low + 1e-5))
[reward_only] iter 44/50 [OK ] reward=-90.1774  cs_rank(volume / (vwap * close + 1e-5)) + cs_rank((high - low) / (high + low + 1e-5))
[reward_only] iter 45/50 [OK ] reward=-90.1774  cs_rank(volume / (vwap * close + 1e-5)) + cs_rank((high - low) / (high + low + 1e-5))
[reward_only] iter 46/50 [OK ] reward=-128.8999  cs_rank(volume / (vwap * close + 1e-5)) + cs_rank(high - low)
[reward_only] iter 47/50 [ERR] reward=    -inf  cs_rank(close / open) + cs_rank(volume / (vwap * close + 1e-5))
[reward_only] iter 48/50 [OK ] reward=-139.2083  cs_rank(volume / (vwap * close + 1e-5)) + cs_rank((close - open) / (high - low + 1e-5))
[reward_only] iter 49/50 [OK ] reward=-14.5828  cs_rank(volume / (vwap * close + 1e-5))
[reward_only] iter 50/50 [OK ] reward=-14.5935  cs_rank(volume / (vwap * close + 1e-5) + ts_rank(close - open, 20))
[wfo:reward_only] fold 15 winner: cs_rank(volume / (vwap * close + 1e-5))
[wfo:reward_only] fold 15 OOS: Gross_IR=0.959 Turnover=24.92 Net_IR=0.034
[wfo:reward_only] fold 16: train 2017-01-01..2021-12-31 -> test 2022-01-01..2022-12-31
[reward_only] iter  0/50 [SEED] reward=-22.3444  rank(delta(close, 60) / (stddev(delta(close, 1), 60) + 1e-5))
[reward_only] iter  1/50 [OK ] reward=-38.3446  cs_rank(vwap - sma(close, 20))
[reward_only] iter  2/50 [ERR] reward=    -inf  cs_rank(close / sma(close, 20))
[reward_only] iter  3/50 [OK ] reward=-22.3444  cs_rank(delta(close, 60) / (stddev(delta(close, 1), 60) + 1e-5))
[reward_only] iter  4/50 [ERR] reward=    -inf  cs_rank((high - low) / volume)
[reward_only] iter  5/50 [OK ] reward=-27.3623  cs_rank((high - low) / (volume + 1e-5))
[reward_only] iter  6/50 [OK ] reward=-169.1153  cs_rank((close - open) / (volume + 1e-5))
[reward_only] iter  7/50 [OK ] reward=-183.3244  cs_rank((close - open) / (stddev(close - open, 60) + 1e-5))
[reward_only] iter  8/50 [OK ] reward=-149.2882  cs_rank((close - open) / (stddev(close - open, 60) + 1e-5)) * cs_rank(volume / (stddev(volume, 60) + 1e-5))
[reward_only] iter  9/50 [OK ] reward=-61.9351  rank(delta(close, 60) / (stddev(delta(close, 1), 60) + 1e-5)) * cs_rank(volume / (stddev(volume, 60) + 1e-5))
[reward_only] iter 10/50 [OK ] reward=-61.9351  rank(delta(close, 60) / (stddev(delta(close, 1), 60) + 1e-5)) * cs_rank(volume / (stddev(volume, 60) + 1e-5))
[reward_only] iter 11/50 [OK ] reward=-29.6612  rank(delta(close, 60) / (stddev(delta(close, 1), 60) + 1e-5)) * cs_rank(volume)
[reward_only] iter 12/50 [OK ] reward=-99.0950  rank(delta(close, 60) / (stddev(delta(close, 1), 60) + 1e-5)) * cs_rank(volume) * cs_rank(vwap - close)
[reward_only] iter 13/50 [OK ] reward=-29.6612  rank(delta(close, 60) / (stddev(delta(close, 1), 60) + 1e-5)) * cs_rank(volume)
[reward_only] iter 14/50 [OK ] reward=-26.6754  rank(delta(close, 60) / (stddev(delta(close, 1), 60) + 1e-5)) * cs_rank(volume / (high - low + 1e-5))
[reward_only] iter 15/50 [OK ] reward=-26.6754  rank(delta(close, 60) / (stddev(delta(close, 1), 60) + 1e-5)) * cs_rank(volume / (high - low + 1e-5))
[reward_only] iter 16/50 [OK ] reward=-26.6754  rank(delta(close, 60) / (stddev(delta(close, 1), 60) + 1e-5)) * cs_rank(volume / (high - low + 1e-5))
[reward_only] iter 17/50 [OK ] reward=-26.6754  rank(delta(close, 60) / (stddev(delta(close, 1), 60) + 1e-5)) * cs_rank(volume / (high - low + 1e-5))
[reward_only] iter 18/50 [OK ] reward=-26.6754  rank(delta(close, 60) / (stddev(delta(close, 1), 60) + 1e-5)) * cs_rank(volume / (high - low + 1e-5))
[reward_only] iter 19/50 [OK ] reward=-28.0946  rank(delta(close, 60) / (stddev(delta(close, 1), 60) + 1e-5)) + cs_rank(volume / (high - low + 1e-5))
[reward_only] iter 20/50 [OK ] reward=-28.0946  cs_rank(delta(close, 60) / (stddev(delta(close, 1), 60) + 1e-5)) + cs_rank(volume / (high - low + 1e-5))
[reward_only] iter 21/50 [OK ] reward=-28.0946  cs_rank(delta(close, 60) / (stddev(delta(close, 1), 60) + 1e-5)) + cs_rank(volume / (high - low + 1e-5))
[reward_only] iter 22/50 [OK ] reward=-28.0946  rank(delta(close, 60) / (stddev(delta(close, 1), 60) + 1e-5)) + rank(volume / (high - low + 1e-5))
[reward_only] iter 23/50 [OK ] reward=-28.0946  rank(delta(close, 60) / (stddev(delta(close, 1), 60) + 1e-5)) + rank(volume / (high - low + 1e-5))
[reward_only] iter 24/50 [ERR] reward=    -inf  rank(delta(close, 60) / (stddev(delta(close, 1), 60) + 1e-5)) + rank(volume / vwap)
[reward_only] iter 25/50 [OK ] reward=-22.3444  cs_rank(delta(close, 60) / (stddev(delta(close, 1), 60) + 1e-5))
[reward_only] iter 26/50 [OK ] reward=-180.1305  cs_rank((close - vwap) / (stddev(close, 60) + 1e-5))
[reward_only] iter 27/50 [OK ] reward=-38.5015  cs_rank(delta(close, 20) / (stddev(delta(close, 1), 20) + 1e-5))
[reward_only] iter 28/50 [ERR] reward=    -inf  cs_rank(delta(close, 60) / (stddev(delta(close, 1), 60) + 1e-5) + vwap / volume)
[reward_only] iter 29/50 [ERR] reward=    -inf  cs_rank(delta(close, 60) / (stddev(delta(close, 1), 60) + 1e-5) + cs_rank(vwap / volume))
[reward_only] iter 30/50 [OK ] reward=-23.0198  rank(delta(close, 60) / (stddev(delta(close, 1), 60) + 1e-5)) + cs_rank(vwap / (volume + 1e-5))
[reward_only] iter 31/50 [OK ] reward=-52.1567  cs_rank(vwap / (volume + 1e-5)) + ts_rank(delta(close, 60) / (stddev(delta(close, 1), 60) + 1e-5), 20)
[reward_only] iter 32/50 [OK ] reward=-22.3444  rank(delta(close, 60) / (stddev(delta(close, 1), 60) + 1e-5))
[reward_only] iter 33/50 [OK ] reward=-32.2637  cs_rank(high - low) / (volume + 1e-5)
[reward_only] iter 34/50 [ERR] reward=    -inf  rank(close / sma(close, 20)) / (stddev(close, 60) + 1e-5)
[reward_only] iter 35/50 [OK ] reward=-22.3444  cs_rank(delta(close, 60) / (stddev(delta(close, 1), 60) + 1e-5))
[reward_only] iter 36/50 [OK ] reward= -3.2203  cs_rank(close / (sma(volume, 60) + 1e-5))
[reward_only] iter 37/50 [OK ] reward=-36.2210  cs_rank(ts_rank(close, 20) / (sma(volume, 60) + 1e-5))
[reward_only] iter 38/50 [OK ] reward= -3.1309  cs_rank(vwap / (sma(volume, 60) + 1e-5))
[reward_only] iter 39/50 [OK ] reward=-183.2679  cs_rank((close - open) / (sma(close, 60) + 1e-5))
[reward_only] iter 40/50 [OK ] reward=-29.7040  cs_rank((high - low) / (sma(volume, 60) + 1e-5))
[reward_only] iter 41/50 [OK ] reward=-29.9163  cs_rank((high - low) / (stddev(volume, 60) + 1e-5))
[reward_only] iter 42/50 [OK ] reward=-169.0068  cs_rank((close - open) / (stddev(volume, 60) + 1e-5))
[reward_only] iter 43/50 [OK ] reward= -5.1387  cs_rank(vwap / (sma(volume, 60) + 1e-5) + (close - open) / (stddev(volume, 60) + 1e-5))
[reward_only] iter 44/50 [OK ] reward= -5.1387  cs_rank(vwap / (sma(volume, 60) + 1e-5) + (close - open) / (stddev(volume, 60) + 1e-5))
[reward_only] iter 45/50 [OK ] reward= -3.1309  cs_rank(vwap / (sma(volume, 60) + 1e-5))
[reward_only] iter 46/50 [OK ] reward=-52.8298  cs_rank(ts_rank(close, 20) - ts_rank(close, 100))
[reward_only] iter 47/50 [OK ] reward=-178.6898  cs_rank((vwap - close) / (stddev(close, 20) + 1e-5))
[reward_only] iter 48/50 [OK ] reward=-179.5969  cs_rank((vwap - open) / (stddev(close, 20) + 1e-5))
[reward_only] iter 49/50 [OK ] reward=-167.0053  cs_rank((vwap - open) / (volume + 1e-5))
[reward_only] iter 50/50 [OK ] reward=-167.8450  cs_rank((vwap - close) / (stddev(volume, 60) + 1e-5))
[wfo:reward_only] fold 16 winner: cs_rank(vwap / (sma(volume, 60) + 1e-5))
[wfo:reward_only] fold 16 OOS: Gross_IR=-0.163 Turnover=5.41 Net_IR=-0.354
[wfo:reward_only] fold 17: train 2018-01-01..2022-12-31 -> test 2023-01-01..2023-12-31
[reward_only] iter  0/50 [SEED] reward=-23.1426  rank(delta(close, 60) / (stddev(delta(close, 1), 60) + 1e-5))
[reward_only] iter  1/50 [OK ] reward=-176.6236  cs_rank(close - vwap)
[reward_only] iter  2/50 [ERR] reward=    -inf  cs_rank(close - vwap) * cs_rank(close / open)
[reward_only] iter  3/50 [OK ] reward=-136.0450  cs_rank(delta(close, 60) / (stddev(delta(close, 1), 60) + 1e-5)) + cs_rank(vwap - close)
[reward_only] iter  4/50 [OK ] reward=-136.0450  rank(delta(close, 60) / (stddev(delta(close, 1), 60) + 1e-5)) + cs_rank(vwap - close)
[reward_only] iter  5/50 [OK ] reward=-136.0450  rank(delta(close, 60) / (stddev(delta(close, 1), 60) + 1e-5)) + cs_rank(vwap - close)
[reward_only] iter  6/50 [OK ] reward=-23.1426  rank(delta(close, 60) / (stddev(delta(close, 1), 60) + 1e-5))
[reward_only] iter  7/50 [OK ] reward=-169.5302  cs_rank((close - open) / (volume + 1e-5))
[reward_only] iter  8/50 [OK ] reward=-120.6719  cs_rank(delta(close, 60) / (stddev(delta(close, 1), 60) + 1e-5)) * cs_rank((close - open) / (volume + 1e-5))
[reward_only] iter  9/50 [OK ] reward=-120.6719  cs_rank(delta(close, 60) / (stddev(delta(close, 1), 60) + 1e-5)) * cs_rank((close - open) / (volume + 1e-5))
[reward_only] iter 10/50 [OK ] reward=-127.8862  cs_rank(delta(close, 60) / (stddev(delta(close, 1), 60) + 1e-5)) + cs_rank((close - open) / (volume + 1e-5))
[reward_only] iter 11/50 [OK ] reward=-127.8862  rank(delta(close, 60) / (stddev(delta(close, 1), 60) + 1e-5)) + cs_rank((close - open) / (volume + 1e-5))
[reward_only] iter 12/50 [OK ] reward=-23.2926  cs_rank(rank(delta(close, 60) / (stddev(delta(close, 1), 60) + 1e-5)) + (close - open) / (volume + 1e-5))
[reward_only] iter 13/50 [OK ] reward=-23.2427  cs_rank(delta(close, 60) / (stddev(delta(close, 1), 60) + 1e-5) + (close - open) / (volume + 1e-5))
[reward_only] iter 14/50 [OK ] reward=-23.1426  rank(delta(close, 60) / (stddev(delta(close, 1), 60) + 1e-5))
[reward_only] iter 15/50 [ERR] reward=    -inf  cs_rank((high - low) / (vwap - close))
[reward_only] iter 16/50 [OK ] reward=-139.7398  rank(delta(close, 60) / (stddev(delta(close, 1), 60) + 1e-5)) + rank((high - low) / (vwap - close + 1e-5))
[reward_only] iter 17/50 [OK ] reward=-23.1426  rank(delta(close, 60) / (stddev(delta(close, 1), 60) + 1e-5))
[reward_only] iter 18/50 [ERR] reward=    -inf  rank((close - open) / (high - low + 1e-5)) * rank(volume / sma(volume, 60))
[reward_only] iter 19/50 [ERR] reward=    -inf  rank(delta(close, 60) / (stddev(delta(close, 1), 60) + 1e-5)) * rank(volume / sma(volume, 60))
[reward_only] iter 20/50 [ERR] reward=    -inf  rank(delta(close, 60) / (stddev(delta(close, 1), 60) + 1e-5)) * cs_rank(volume / sma(volume, 60))
[reward_only] iter 21/50 [OK ] reward=-88.9172  rank(delta(close, 60) / (stddev(delta(close, 1), 60) + 1e-5)) * cs_rank(volume / (sma(volume, 60) + 1e-5))
[reward_only] iter 22/50 [ERR] reward=    -inf  cs_rank((close - open) / (high - low))
[reward_only] iter 23/50 [OK ] reward=-183.5172  cs_rank((close - open) / (high - low + 1e-5))
[reward_only] iter 24/50 [OK ] reward=-188.5701  rank(delta(close, 60) / (stddev(delta(close, 1), 60) + 1e-5)) * (close - open) / (high - low + 1e-5)
[reward_only] iter 25/50 [OK ] reward=-23.1426  rank(delta(close, 60) / (stddev(delta(close, 1), 60) + 1e-5))
[reward_only] iter 26/50 [ERR] reward=    -inf  cs_rank((high - low) / volume)
[reward_only] iter 27/50 [OK ] reward=-23.2426  cs_rank((delta(close, 60) / (stddev(delta(close, 1), 60) + 1e-5)) + (high - low) / (volume + 1e-5))
[reward_only] iter 28/50 [OK ] reward=-23.1426  rank(delta(close, 60) / (stddev(delta(close, 1), 60) + 1e-5))
[reward_only] iter 29/50 [ERR] reward=    -inf  cs_rank((close - open) / (high - low))
[reward_only] iter 30/50 [OK ] reward=-23.1426  cs_rank(delta(close, 60) / (stddev(delta(close, 1), 60) + 1e-5))
[reward_only] iter 31/50 [ERR] reward=    -inf  cs_rank((close - open) / (high - low))
[reward_only] iter 32/50 [OK ] reward=-137.5514  rank(delta(close, 60) / (stddev(delta(close, 1), 60) + 1e-5)) + cs_rank((close - open) / (high - low + 1e-5))
[reward_only] iter 33/50 [OK ] reward=-27.9924  rank(delta(close, 60) / (stddev(delta(close, 1), 60) + 1e-5)) + cs_rank(volume / (high - low + 1e-5))
[reward_only] iter 34/50 [OK ] reward=-27.9924  rank(delta(close, 60) / (stddev(delta(close, 1), 60) + 1e-5)) + cs_rank(volume / (high - low + 1e-5))
[reward_only] iter 35/50 [OK ] reward=-27.9924  cs_rank(delta(close, 60) / (stddev(delta(close, 1), 60) + 1e-5)) + cs_rank(volume / (high - low + 1e-5))
[reward_only] iter 36/50 [OK ] reward=-27.9924  cs_rank(delta(close, 60) / (stddev(delta(close, 1), 60) + 1e-5)) + cs_rank(volume / (high - low + 1e-5))
[reward_only] iter 37/50 [OK ] reward=-27.9924  rank(delta(close, 60) / (stddev(delta(close, 1), 60) + 1e-5)) + cs_rank(volume / (high - low + 1e-5))
[reward_only] iter 38/50 [OK ] reward=-27.9924  rank(delta(close, 60) / (stddev(delta(close, 1), 60) + 1e-5)) + cs_rank(volume / (high - low + 1e-5))
[reward_only] iter 39/50 [OK ] reward=-27.9924  rank(delta(close, 60) / (stddev(delta(close, 1), 60) + 1e-5)) + cs_rank(volume / (high - low + 1e-5))
[reward_only] iter 40/50 [OK ] reward=-27.9924  cs_rank(delta(close, 60) / (stddev(delta(close, 1), 60) + 1e-5)) + cs_rank(volume / (high - low + 1e-5))
[reward_only] iter 41/50 [OK ] reward=-27.9924  cs_rank(delta(close, 60) / (stddev(delta(close, 1), 60) + 1e-5)) + cs_rank(volume / (high - low + 1e-5))
[reward_only] iter 42/50 [OK ] reward=-27.9924  rank(delta(close, 60) / (stddev(delta(close, 1), 60) + 1e-5)) + rank(volume / (high - low + 1e-5))
[reward_only] iter 43/50 [OK ] reward=-27.9924  rank(delta(close, 60) / (stddev(delta(close, 1), 60) + 1e-5)) + rank(volume / (high - low + 1e-5))
[reward_only] iter 44/50 [OK ] reward=-27.9924  rank(delta(close, 60) / (stddev(delta(close, 1), 60) + 1e-5)) + rank(volume / (high - low + 1e-5))
[reward_only] iter 45/50 [OK ] reward=-27.9924  rank(delta(close, 60) / (stddev(delta(close, 1), 60) + 1e-5)) + rank(volume / (high - low + 1e-5))
[reward_only] iter 46/50 [OK ] reward=-26.6089  rank(delta(close, 60) / (stddev(delta(close, 1), 60) + 1e-5)) * rank(volume / (high - low + 1e-5))
[reward_only] iter 47/50 [OK ] reward=-26.6089  rank(delta(close, 60) / (stddev(delta(close, 1), 60) + 1e-5)) * cs_rank(volume / (high - low + 1e-5))
[reward_only] iter 48/50 [OK ] reward=-26.6089  rank(delta(close, 60) / (stddev(delta(close, 1), 60) + 1e-5)) * cs_rank(volume / (high - low + 1e-5))
[reward_only] iter 49/50 [OK ] reward=-26.6089  cs_rank(delta(close, 60) / (stddev(delta(close, 1), 60) + 1e-5)) * cs_rank(volume / (high - low + 1e-5))
[reward_only] iter 50/50 [OK ] reward=-26.6089  rank(delta(close, 60) / (stddev(delta(close, 1), 60) + 1e-5)) * cs_rank(volume / (high - low + 1e-5))
[wfo:reward_only] fold 17 winner: rank(delta(close, 60) / (stddev(delta(close, 1), 60) + 1e-5))
[wfo:reward_only] fold 17 OOS: Gross_IR=-0.897 Turnover=42.08 Net_IR=-2.307
[wfo:reward_only] fold 18: train 2019-01-01..2023-12-31 -> test 2024-01-01..2024-12-31
[reward_only] iter  0/50 [SEED] reward=-23.4061  rank(delta(close, 60) / (stddev(delta(close, 1), 60) + 1e-5))
[reward_only] iter  1/50 [OK ] reward=-175.6489  cs_rank(close - vwap)
[reward_only] iter  2/50 [OK ] reward=-32.5248  cs_rank(delta(close, 60) / (stddev(close, 60) + 1e-5))
[reward_only] iter  3/50 [OK ] reward=-83.5031  rank(volume / (stddev(volume, 60) + 1e-5))
[reward_only] iter  4/50 [OK ] reward=-35.3265  rank((delta(close, 60) / (stddev(delta(close, 1), 60) + 1e-5)) * (volume / (stddev(volume, 60) + 1e-5)))
[reward_only] iter  5/50 [ERR] reward=    -inf  rank((close / open - 1) * (volume / (stddev(volume, 60) + 1e-5)))
[reward_only] iter  6/50 [ERR] reward=    -inf  rank((close / open - 1) * (volume / (stddev(volume, 60) + 1e-6)))
[reward_only] iter  7/50 [OK ] reward=-182.2680  cs_rank((close - open) / (stddev(close - open, 60) + 1e-5))
[reward_only] iter  8/50 [OK ] reward=-181.9098  cs_rank((close - open) / (stddev(close - open, 20) + 1e-5))
[reward_only] iter  9/50 [OK ] reward=-26.1182  rank(close - sma(close, 20)) / (stddev(close, 60) + 1e-5)
[reward_only] iter 10/50 [ERR] reward=    -inf  rank(delta(close, 60) / (stddev(delta(close, 1), 60) + 1e-5)) * (1 - cs_rank(volume / sma(volume, 60)))
[reward_only] iter 11/50 [OK ] reward=-83.4745  rank(delta(close, 60) / (stddev(delta(close, 1), 60) + 1e-5)) * (1 - cs_rank(volume / (sma(volume, 60) + 1e-5)))
[reward_only] iter 12/50 [OK ] reward=-23.4061  rank(delta(close, 60) / (stddev(delta(close, 1), 60) + 1e-5))
[reward_only] iter 13/50 [OK ] reward=-174.2131  rank(vwap - close)
[reward_only] iter 14/50 [OK ] reward=-22.7794  rank(delta(close, 60) / (stddev(delta(close, 1), 60) + 1e-5) + cs_rank(vwap - close))
[reward_only] iter 15/50 [OK ] reward=-183.2421  cs_rank(vwap - close) + ts_rank(close - open, 20)
[reward_only] iter 16/50 [OK ] reward=-24.4232  cs_rank(delta(close, 60) / (stddev(delta(close, 1), 60) + 1e-5)) + decay_linear(cs_rank(vwap - close), 20)
[reward_only] iter 17/50 [OK ] reward=-136.2616  cs_rank(delta(close, 60) / (stddev(delta(close, 1), 60) + 1e-5)) + cs_rank(vwap - close)
[reward_only] iter 18/50 [OK ] reward=-22.7794  cs_rank(delta(close, 60) / (stddev(delta(close, 1), 60) + 1e-5) + cs_rank(vwap - close))
[reward_only] iter 19/50 [OK ] reward=-30.4197  cs_rank(delta(close, 60) / (stddev(delta(close, 1), 60) + 1e-5) + vwap - close)
[reward_only] iter 20/50 [OK ] reward=-97.4796  cs_rank(volume / (stddev(volume, 60) + 1e-5) + cs_rank(vwap - close))
[reward_only] iter 21/50 [OK ] reward=-22.9993  cs_rank(delta(close, 60) / (stddev(delta(close, 1), 60) + 1e-5) + cs_rank(vwap - close) + decay_linear(volume / (stddev(volume, 60) + 1e-5), 60))
[reward_only] iter 22/50 [OK ] reward=-22.7794  cs_rank(delta(close, 60) / (stddev(delta(close, 1), 60) + 1e-5) + cs_rank(vwap - close))
[reward_only] iter 23/50 [OK ] reward=-30.4197  cs_rank(delta(close, 60) / (stddev(delta(close, 1), 60) + 1e-5) + vwap - close)
[reward_only] iter 24/50 [ERR] reward=    -inf  cs_rank(delta(close, 20) / (stddev(delta(close, 1), 20) + 1e-5) + cs_rank(volume / sma(volume, 20)))
[reward_only] iter 25/50 [OK ] reward=-97.3802  cs_rank(delta(close, 60) / (stddev(delta(close, 1), 60) + 1e-5) + cs_rank(vwap - close)) + cs_rank(volume / (sma(volume, 20) + 1e-5))
[reward_only] iter 26/50 [OK ] reward=-136.2616  cs_rank(delta(close, 60) / (stddev(delta(close, 1), 60) + 1e-5)) + cs_rank(vwap - close)
[reward_only] iter 27/50 [OK ] reward=-23.7320  cs_rank(delta(close, 60) / (stddev(delta(close, 1), 60) + 1e-5)) + cs_rank(volume / (vwap + 1e-5))
[reward_only] iter 28/50 [OK ] reward=-23.5483  rank(delta(close, 60) / (stddev(delta(close, 1), 60) + 1e-5) + cs_rank(volume / (vwap + 1e-5)))
[reward_only] iter 29/50 [OK ] reward=-136.2616  cs_rank(vwap - close) + rank(delta(close, 60) / (stddev(delta(close, 1), 60) + 1e-5))
[reward_only] iter 30/50 [OK ] reward=-136.2616  cs_rank(vwap - close) + rank(delta(close, 60) / (stddev(delta(close, 1), 60) + 1e-5))
[reward_only] iter 31/50 [OK ] reward=-136.2616  cs_rank(vwap - close) + rank(delta(close, 60) / (stddev(delta(close, 1), 60) + 1e-5))
[reward_only] iter 32/50 [OK ] reward=-136.2616  rank(delta(close, 60) / (stddev(delta(close, 1), 60) + 1e-5)) + cs_rank(vwap - close)
[reward_only] iter 33/50 [OK ] reward=-23.7320  rank(delta(close, 60) / (stddev(delta(close, 1), 60) + 1e-5)) + cs_rank(volume / (vwap + 1e-5))
[reward_only] iter 34/50 [OK ] reward=-23.5483  cs_rank(delta(close, 60) / (stddev(delta(close, 1), 60) + 1e-5) + cs_rank(volume / (vwap + 1e-5)))
[reward_only] iter 35/50 [OK ] reward=-23.4061  cs_rank(delta(close, 60) / (stddev(delta(close, 1), 60) + 1e-5))
[reward_only] iter 36/50 [OK ] reward=-112.7407  cs_rank(open - low) + cs_rank(high - close)
[reward_only] iter 37/50 [OK ] reward=-136.4116  cs_rank(delta(close, 60) / (stddev(delta(close, 1), 60) + 1e-5)) + cs_rank((high + low + close) / 3 - close)
[reward_only] iter 38/50 [OK ] reward=-30.0811  cs_rank(delta(close, 60) / (stddev(delta(close, 1), 60) + 1e-5)) + cs_rank(volume)
[reward_only] iter 39/50 [OK ] reward=-23.0901  rank(delta(close, 60) / (stddev(delta(close, 1), 60) + 1e-5) + cs_rank(vwap - close) + cs_rank(volume / (high - low + 1e-5)))
[reward_only] iter 40/50 [OK ] reward=-22.7794  rank(delta(close, 60) / (stddev(delta(close, 1), 60) + 1e-5) + cs_rank(vwap - close))
[reward_only] iter 41/50 [OK ] reward=-184.3757  cs_rank(vwap - close) + ts_rank(zscore(delta(close, 1), 60), 60)
[reward_only] iter 42/50 [OK ] reward=-135.3505  cs_rank(vwap - close) + ts_rank(delta(close, 60) / (stddev(delta(close, 1), 60) + 1e-5), 60)
[reward_only] iter 43/50 [OK ] reward=-135.3505  cs_rank(vwap - close) + ts_rank(delta(close, 60) / (stddev(delta(close, 1), 60) + 1e-5), 60)
[reward_only] iter 44/50 [OK ] reward=-135.3505  cs_rank(vwap - close) + ts_rank(delta(close, 60) / (stddev(delta(close, 1), 60) + 1e-5), 60)
[reward_only] iter 45/50 [OK ] reward=-135.3505  cs_rank(vwap - close) + ts_rank(delta(close, 60) / (stddev(delta(close, 1), 60) + 1e-5), 60)
[reward_only] iter 46/50 [OK ] reward=-136.2616  rank(delta(close, 60) / (stddev(delta(close, 1), 60) + 1e-5)) + cs_rank(vwap - close)
[reward_only] iter 47/50 [OK ] reward=-136.2616  rank(delta(close, 60) / (stddev(delta(close, 1), 60) + 1e-5)) + cs_rank(vwap - close)
[reward_only] iter 48/50 [OK ] reward=-136.2616  rank(delta(close, 60) / (stddev(delta(close, 1), 60) + 1e-5)) + cs_rank(vwap - close)
[reward_only] iter 49/50 [ERR] reward=    -inf  rank(delta(close, 60) / (stddev(delta(close, 1), 60) + 1e-5)) + cs_rank(volume / vwap)
[reward_only] iter 50/50 [OK ] reward=-136.2616  rank(delta(close, 60) / (stddev(delta(close, 1), 60) + 1e-5)) + cs_rank(vwap - close)
[wfo:reward_only] fold 18 winner: rank(delta(close, 60) / (stddev(delta(close, 1), 60) + 1e-5) + cs_rank(vwap - close))
[wfo:reward_only] fold 18 OOS: Gross_IR=1.161 Turnover=35.61 Net_IR=0.030
[wfo:reward_only] fold 19: train 2020-01-01..2024-12-31 -> test 2025-01-01..2025-12-31
[reward_only] iter  0/50 [SEED] reward=-22.5900  rank(delta(close, 60) / (stddev(delta(close, 1), 60) + 1e-5))
[reward_only] iter  1/50 [ERR] reward=    -inf  cs_rank(volume / vwap)
[reward_only] iter  2/50 [OK ] reward=-23.0922  rank(delta(close, 60) / (stddev(delta(close, 1), 60) + 1e-5)) + rank(volume / (vwap + 1e-5))
[reward_only] iter  3/50 [OK ] reward=-22.5900  rank(delta(close, 60) / (stddev(delta(close, 1), 60) + 1e-5))
[reward_only] iter  4/50 [OK ] reward=-168.3494  rank((close - open) / (volume + 1e-5))
[reward_only] iter  5/50 [OK ] reward=-168.3748  cs_rank(((close - open) / (volume + 1e-5)) * decay_linear(ts_rank(close - open, 20), 50))
[reward_only] iter  6/50 [OK ] reward=-45.5543  cs_rank(close / (sma(close, 20) + 1e-5))
[reward_only] iter  7/50 [OK ] reward=-89.9533  rank(delta(close, 60) / (stddev(delta(close, 1), 60) + 1e-5)) * cs_rank(volume / (sma(volume, 20) + 1e-5))
[reward_only] iter  8/50 [OK ] reward=-89.9533  rank(delta(close, 60) / (stddev(delta(close, 1), 60) + 1e-5)) * cs_rank(volume / (sma(volume, 20) + 1e-5))
[reward_only] iter  9/50 [OK ] reward=-96.5733  rank(delta(close, 60) / (stddev(delta(close, 1), 60) + 1e-5)) + cs_rank(volume / (sma(volume, 20) + 1e-5))
[reward_only] iter 10/50 [OK ] reward=-90.3270  cs_rank(rank(delta(close, 60) / (stddev(delta(close, 1), 60) + 1e-5)) + rank(volume / (sma(volume, 20) + 1e-5)))
[reward_only] iter 11/50 [OK ] reward=-22.5900  cs_rank(delta(close, 60) / (stddev(delta(close, 1), 60) + 1e-5))
[reward_only] iter 12/50 [OK ] reward=-182.6423  cs_rank((close - open) / (high - low + 1e-5))
[reward_only] iter 13/50 [OK ] reward=-127.3914  rank((close - open) / (high - low + 1e-5)) * rank(delta(close, 60) / (stddev(delta(close, 1), 60) + 1e-5))
[reward_only] iter 14/50 [OK ] reward=-28.0687  rank(delta(close, 60) / (stddev(delta(close, 1), 60) + 1e-5)) * cs_rank(volume)
[reward_only] iter 15/50 [OK ] reward=-16.8227  rank(delta(close, 60) / (stddev(delta(close, 1), 60) + 1e-5)) * cs_rank(vwap)
[reward_only] iter 16/50 [OK ] reward=-88.5468  rank((high - low) / (close + 1e-5)) * cs_rank(volume)
[reward_only] iter 17/50 [OK ] reward=-28.0687  rank(delta(close, 60) / (stddev(delta(close, 1), 60) + 1e-5)) * cs_rank(volume)
[reward_only] iter 18/50 [OK ] reward=-31.6827  rank(delta(close, 60) / (stddev(delta(close, 1), 60) + 1e-5)) * cs_rank(vwap) * cs_rank(volume)
[reward_only] iter 19/50 [OK ] reward=-36.3750  cs_rank(vwap) * cs_rank(volume)
[reward_only] iter 20/50 [OK ] reward=-28.0687  cs_rank(delta(close, 60) / (stddev(delta(close, 1), 60) + 1e-5)) * cs_rank(volume)
[reward_only] iter 21/50 [OK ] reward=-37.7923  rank(delta(close, 60) / (stddev(delta(close, 1), 60) + 1e-5)) * cs_rank(vwap * volume)
[reward_only] iter 22/50 [OK ] reward=-16.8227  rank(delta(close, 60) / (stddev(delta(close, 1), 60) + 1e-5)) * cs_rank(vwap)
[reward_only] iter 23/50 [OK ] reward=-31.0321  cs_rank(volume / (vwap + 1e-5)) * ts_rank(close, 60)
[reward_only] iter 24/50 [OK ] reward=-76.7937  rank(delta(close, 60) / (stddev(delta(close, 1), 60) + 1e-5)) * cs_rank(vwap) * ts_rank(volume, 60)
[reward_only] iter 25/50 [OK ] reward=-16.8227  rank(delta(close, 60) / (stddev(delta(close, 1), 60) + 1e-5)) * cs_rank(vwap)
[reward_only] iter 26/50 [OK ] reward=-79.1608  cs_rank(high - low) * cs_rank(volume)
[reward_only] iter 27/50 [ERR] reward=    -inf  cs_rank(close / open) * cs_rank(volume)
[reward_only] iter 28/50 [OK ] reward=-31.6827  rank(delta(close, 60) / (stddev(delta(close, 1), 60) + 1e-5)) * cs_rank(vwap) * cs_rank(volume)
[reward_only] iter 29/50 [OK ] reward= -8.1175  cs_rank(vwap) * cs_rank(stddev(close, 60) / (close + 1e-5))
[reward_only] iter 30/50 [OK ] reward=-119.8908  cs_rank(close - open) * cs_rank(volume / (vwap + 1e-5))
[reward_only] iter 31/50 [OK ] reward=-19.5998  cs_rank(vwap) * cs_rank(stddev(close, 60) / (close + 1e-5)) * cs_rank(volume / (vwap + 1e-5))
[reward_only] iter 32/50 [OK ] reward=-19.5998  cs_rank(vwap) * cs_rank(stddev(close, 60) / (close + 1e-5)) * cs_rank(volume / (vwap + 1e-5))
[reward_only] iter 33/50 [OK ] reward=-19.5998  cs_rank(vwap) * cs_rank(stddev(close, 60) / (close + 1e-5)) * cs_rank(volume / (vwap + 1e-5))
[reward_only] iter 34/50 [OK ] reward=-19.5998  cs_rank(vwap) * cs_rank(stddev(close, 60) / (close + 1e-5)) * cs_rank(volume / (vwap + 1e-5))
[reward_only] iter 35/50 [OK ] reward=-22.4551  cs_rank(vwap) * cs_rank(stddev(close, 60) / (close + 1e-5)) + cs_rank(volume / (vwap + 1e-5))
[reward_only] iter 36/50 [OK ] reward= -8.1175  cs_rank(vwap) * cs_rank(stddev(close, 60) / (close + 1e-5))
[reward_only] iter 37/50 [OK ] reward=-117.7152  cs_rank(vwap - open) * cs_rank(volume / (vwap + 1e-5))
[reward_only] iter 38/50 [OK ] reward= -6.9770  cs_rank(vwap) * cs_rank(stddev(close, 60) / (close + 1e-5)) * cs_rank(decay_linear(close, 30))
[reward_only] iter 39/50 [OK ] reward= -8.1175  cs_rank(vwap) * cs_rank(stddev(close, 60) / (close + 1e-5))
[reward_only] iter 40/50 [OK ] reward=-25.2740  cs_rank(vwap) * cs_rank(ts_rank(close, 60)) * cs_rank(decay_linear(close, 30))
[reward_only] iter 41/50 [OK ] reward=-25.4023  cs_rank(vwap) * cs_rank(stddev(close, 60) / (close + 1e-5)) * cs_rank(decay_linear(close, 30)) * cs_rank(volume / (volume + 1e-5))
[reward_only] iter 42/50 [OK ] reward=-25.4023  cs_rank(vwap) * cs_rank(stddev(close, 60) / (close + 1e-5)) * cs_rank(decay_linear(close, 30)) * cs_rank(volume / (volume + 1e-5))
[reward_only] iter 43/50 [OK ] reward=-25.3025  cs_rank(vwap) * cs_rank(stddev(close, 60) / (close + 1e-5)) * cs_rank(decay_linear(close, 30)) * cs_rank(volume)
[reward_only] iter 44/50 [OK ] reward=-25.3025  cs_rank(vwap) * cs_rank(stddev(close, 60) / (close + 1e-5)) * cs_rank(decay_linear(close, 30)) * cs_rank(volume)
[reward_only] iter 45/50 [OK ] reward= -6.9770  cs_rank(vwap) * cs_rank(stddev(close, 60) / (close + 1e-5)) * cs_rank(decay_linear(close, 30))
[reward_only] iter 46/50 [OK ] reward= -8.1175  cs_rank(vwap) * cs_rank(stddev(close, 60) / (close + 1e-5))
[reward_only] iter 47/50 [OK ] reward=-42.4411  cs_rank(vwap) * cs_rank(stddev(close, 60) / (close + 1e-5)) * cs_rank(ts_rank(close, 20))
[reward_only] iter 48/50 [OK ] reward= -6.9770  cs_rank(vwap) * cs_rank(stddev(close, 60) / (close + 1e-5)) * cs_rank(decay_linear(close, 30))
[reward_only] iter 49/50 [OK ] reward= -8.1175  cs_rank(vwap) * cs_rank(stddev(close, 60) / (close + 1e-5))
[reward_only] iter 50/50 [OK ] reward=-26.1424  cs_rank(vwap) * cs_rank(stddev(close, 60) / (close + 1e-5)) * cs_rank(ts_rank(close, 60))
[wfo:reward_only] fold 19 winner: cs_rank(vwap) * cs_rank(stddev(close, 60) / (close + 1e-5)) * cs_rank(decay_linear(close, 30))
[wfo:reward_only] fold 19 OOS: Gross_IR=0.082 Turnover=11.32 Net_IR=-0.385
[wfo:reward_only] fold 20: train 2021-01-01..2025-12-31 -> test 2026-01-01..2026-08-13
[reward_only] iter  0/50 [SEED] reward=-22.0147  rank(delta(close, 60) / (stddev(delta(close, 1), 60) + 1e-5))
[reward_only] iter  1/50 [ERR] reward=    -inf  cs_rank((close - open) / (high - low))
[reward_only] iter  2/50 [OK ] reward=-135.3302  rank(delta(close, 60) / (stddev(delta(close, 1), 60) + 1e-5)) + cs_rank((close - open) / (high - low + 1e-5))
[reward_only] iter  3/50 [OK ] reward=-19.5723  rank(delta(close, 60) / (stddev(delta(close, 1), 60) + 1e-5)) + cs_rank(volume / (vwap * high - low + 1e-5))
[reward_only] iter  4/50 [OK ] reward=-22.0788  rank(delta(close, 60) / (stddev(delta(close, 1), 60) + 1e-5)) + cs_rank(volume / (vwap * (high - low) + 1e-5))
[reward_only] iter  5/50 [OK ] reward=-19.5723  rank(delta(close, 60) / (stddev(delta(close, 1), 60) + 1e-5)) + cs_rank(volume / (vwap * high - low + 1e-5))
[reward_only] iter  6/50 [OK ] reward=-22.0147  rank(delta(close, 60) / (stddev(delta(close, 1), 60) + 1e-5))
[reward_only] iter  7/50 [ERR] reward=    -inf  cs_rank(volume / (vwap * high - low + 1e-5)) + rank(close / vwap)
[reward_only] iter  8/50 [OK ] reward=-19.5723  cs_rank(volume / (vwap * high - low + 1e-5)) + rank(delta(close, 60) / (stddev(delta(close, 1), 60) + 1e-5))
[reward_only] iter  9/50 [OK ] reward=-19.5723  cs_rank(volume / (vwap * high - low + 1e-5)) + rank(delta(close, 60) / (stddev(delta(close, 1), 60) + 1e-5))
[reward_only] iter 10/50 [OK ] reward=-12.0299  cs_rank(volume / (vwap * high - low + 1e-5))
[reward_only] iter 11/50 [OK ] reward=-17.1669  cs_rank(volume / (vwap * high - low + 1e-5) * decay_linear(close, 10))
[reward_only] iter 12/50 [OK ] reward=-21.0856  cs_rank(volume / (vwap * high - low + 1e-5) * ts_rank(close, 20))
[reward_only] iter 13/50 [OK ] reward=-12.7099  cs_rank(volume / (vwap * high - low + 1e-5) * decay_linear(ts_rank(close, 20), 10))
[reward_only] iter 14/50 [OK ] reward=-17.1750  cs_rank(volume / (vwap * high - low + 1e-5) * decay_linear(close, 20))
[reward_only] iter 15/50 [OK ] reward=-17.1750  cs_rank(volume / (vwap * high - low + 1e-5) * decay_linear(close, 20))
[reward_only] iter 16/50 [OK ] reward=-45.6179  cs_rank(volume / (vwap * high - low + 1e-5) * zscore(close, 20))
[reward_only] iter 17/50 [ERR] reward=    -inf  cs_rank(volume / (vwap * high - low + 1e-5) * sma(close / vwap, 5))
[reward_only] iter 18/50 [ERR] reward=    -inf  cs_rank(volume / (vwap * high - low + 1e-5) * decay_linear(close / vwap, 5))
[reward_only] iter 19/50 [OK ] reward=-12.0827  cs_rank(volume / (vwap * high - low + 1e-5) * decay_linear(close / (vwap + 1e-5), 5))
[reward_only] iter 20/50 [OK ] reward=-12.0352  cs_rank(volume / (vwap * high - low + 1e-5) * close / (vwap + 1e-5))
[reward_only] iter 21/50 [OK ] reward=-12.0352  cs_rank(volume / (vwap * high - low + 1e-5) * close / (vwap + 1e-5))
[reward_only] iter 22/50 [OK ] reward=-12.0352  cs_rank(volume / (vwap * high - low + 1e-5) * close / (vwap + 1e-5))
[reward_only] iter 23/50 [OK ] reward=-12.0352  cs_rank(volume / (vwap * high - low + 1e-5) * close / (vwap + 1e-5))
[reward_only] iter 24/50 [OK ] reward=-12.0352  cs_rank(volume / (vwap * high - low + 1e-5) * close / (vwap + 1e-5))
[reward_only] iter 25/50 [OK ] reward=-12.1574  cs_rank(volume / (vwap * high - low + 1e-5) * decay_linear(close, 20) / (vwap + 1e-5))
[reward_only] iter 26/50 [OK ] reward=-12.0299  cs_rank(volume / (vwap * high - low + 1e-5))
[reward_only] iter 27/50 [OK ] reward=-13.8714  cs_rank(volume / (vwap * high - low + 1e-5) * decay_linear(ts_rank(close, 20), 5))
[reward_only] iter 28/50 [OK ] reward=-17.1750  cs_rank(volume / (vwap * high - low + 1e-5) * decay_linear(close, 20))
[reward_only] iter 29/50 [OK ] reward=-46.3936  cs_rank(volume / (vwap * high - low + 1e-5) * decay_linear(close, 20)) * ts_rank(close, 20)
[reward_only] iter 30/50 [OK ] reward=-17.1750  cs_rank(volume / (vwap * high - low + 1e-5) * decay_linear(close, 20))
[reward_only] iter 31/50 [OK ] reward=-17.1750  cs_rank(volume / (vwap * high - low + 1e-5) * decay_linear(close, 20))
[reward_only] iter 32/50 [OK ] reward=-45.6179  cs_rank(volume / (vwap * high - low + 1e-5) * zscore(close, 20))
[reward_only] iter 33/50 [OK ] reward=-17.1750  cs_rank(volume / (vwap * high - low + 1e-5) * decay_linear(close, 20))
[reward_only] iter 34/50 [OK ] reward=-17.1750  cs_rank(volume / (vwap * high - low + 1e-5) * decay_linear(close, 20))
[reward_only] iter 35/50 [OK ] reward=-18.4138  cs_rank(volume / (vwap * high - low + 1e-5) + decay_linear(close, 20))
[reward_only] iter 36/50 [OK ] reward=-12.0564  cs_rank(volume / (vwap * high - low + 1e-5) + ts_rank(close, 20))
[reward_only] iter 37/50 [OK ] reward=-12.0416  cs_rank(volume / (vwap * high - low + 1e-5) + decay_linear(ts_rank(close, 20), 10))
[reward_only] iter 38/50 [OK ] reward=-18.4138  cs_rank(volume / (vwap * high - low + 1e-5) + decay_linear(close, 20))
[reward_only] iter 39/50 [OK ] reward=-12.0564  cs_rank(volume / (vwap * high - low + 1e-5) + ts_rank(close, 20))
[reward_only] iter 40/50 [OK ] reward=-12.0416  cs_rank(volume / (vwap * high - low + 1e-5) + decay_linear(ts_rank(close, 20), 10))
[reward_only] iter 41/50 [OK ] reward=-12.1542  cs_rank(volume / (vwap * high - low + 1e-5) + zscore(close, 20))
[reward_only] iter 42/50 [OK ] reward=-12.0593  cs_rank(volume / (vwap * high - low + 1e-5) + decay_linear(zscore(close, 20), 20))
[reward_only] iter 43/50 [OK ] reward=-12.0404  cs_rank(volume / (vwap * high - low + 1e-5) + decay_linear(ts_rank(close, 20), 20))
[reward_only] iter 44/50 [OK ] reward=-18.4138  cs_rank(volume / (vwap * high - low + 1e-5) + decay_linear(close, 20))
[reward_only] iter 45/50 [OK ] reward= -9.3841  cs_rank(volume / (vwap * high - low + 1e-5) - decay_linear(close, 20))
[reward_only] iter 46/50 [OK ] reward= -9.5013  cs_rank(volume / (vwap * high - low + 1e-5) - decay_linear(close, 20) + ts_rank(zscore(close, 60), 60))
[reward_only] iter 47/50 [OK ] reward= -9.3841  cs_rank(volume / (vwap * high - low + 1e-5) - decay_linear(close, 20))
[reward_only] iter 48/50 [OK ] reward= -9.4412  cs_rank(volume / (vwap * high - low + 1e-5) - decay_linear(close, 20) + ts_rank(close, 60))
[reward_only] iter 49/50 [OK ] reward= -9.3841  cs_rank(volume / (vwap * high - low + 1e-5) - decay_linear(close, 20))
[reward_only] iter 50/50 [OK ] reward=-12.0473  cs_rank(volume / (vwap * high - low + 1e-5) - decay_linear(zscore(close, 20), 20))
[wfo:reward_only] fold 20 winner: cs_rank(volume / (vwap * high - low + 1e-5) - decay_linear(close, 20))
[wfo:reward_only] fold 20 OOS: Gross_IR=1.099 Turnover=21.85 Net_IR=0.284
[run_full_grid] checkpointed grid_summary.csv (6 rows)

==============================================================================
FULL GRID COMPLETE
==============================================================================
 N_Folds  Gross_Sharpe  Net_Sharpe_5bps  Net_Sharpe_10bps  Net_Sharpe_20bps  Net_Sharpe_full_cost_model  Avg_Daily_Turnover_pct  Avg_Holding_Period_Days  Max_Drawdown  Cumulative_Return seed_alpha                                               seed_alpha_code  llm_seed        mode
    21.0        0.7673           0.6934            0.6195            0.4716                      0.4299                  3.2376                  30.8872       -0.2379             1.3428 volatility                        rank(-1 * stddev(delta(close, 1), 20))      1001 Reward-Only
    21.0        0.4144           0.3665            0.3185            0.2227                      0.1926                  2.2525                  44.3957       -0.3246             0.3844 volatility                        rank(-1 * stddev(delta(close, 1), 20))      2002 Reward-Only
    21.0        0.3756           0.3189            0.2622            0.1488                      0.1205                  2.6462                  37.7903       -0.4480             0.1610 volatility                        rank(-1 * stddev(delta(close, 1), 20))      3003 Reward-Only
    21.0        0.0763          -0.0804           -0.2370           -0.5500                     -0.6857                 10.3634                   9.6493       -0.9715            -0.9290   momentum rank(delta(close, 60) / (stddev(delta(close, 1), 60) + 1e-5))      1001 Reward-Only
    21.0        0.0021          -0.2065           -0.4151           -0.8318                     -1.0015                 13.2401                   7.5528       -0.9731            -0.9717   momentum rank(delta(close, 60) / (stddev(delta(close, 1), 60) + 1e-5))      2002 Reward-Only
    21.0        0.1153          -0.0234           -0.1621           -0.4392                     -0.5630                  9.5367                  10.4859       -0.9121            -0.9022   momentum rank(delta(close, 60) / (stddev(delta(close, 1), 60) + 1e-5))      3003 Reward-Only
