[run_full_grid] loading full point-in-time panels (cached if already built)...
[run_full_grid] panels: 1119 tickers x 6843 days (1999-06-01 .. 2026-08-13)

==============================================================================
ALPHA=reversal (rank(-1 * delta(close, 1)))  LLM_SEED=1001
==============================================================================
[LocalQwenClient] seed=1001 main_gpu=0
[wfo:reward_only] fold 0: train 2001-01-01..2005-12-31 -> test 2006-01-01..2006-12-31
[reward_only] iter  0/50 [SEED] reward=-185.4972  rank(-1 * delta(close, 1))
[reward_only] iter  1/50 [OK ] reward=-184.9003  rank(-1 * delta(close, 1) * cs_rank(volume))
[reward_only] iter  2/50 [OK ] reward=-182.7044  rank(-1 * delta(close, 1) * cs_rank(volume) * cs_rank(stddev(close, 20)))
[reward_only] iter  3/50 [OK ] reward=-182.7044  rank(-1 * delta(close, 1) * cs_rank(volume) * cs_rank(stddev(close, 20)))
[reward_only] iter  4/50 [OK ] reward=-182.7044  rank(-1 * delta(close, 1) * cs_rank(volume) * cs_rank(stddev(close, 20)))
[reward_only] iter  5/50 [OK ] reward=-181.4545  rank(-1 * delta(close, 1) * cs_rank(volume) * stddev(close, 20))
[reward_only] iter  6/50 [OK ] reward=-180.1063  rank(-1 * delta(close, 1) * cs_rank(volume) * stddev(close, 20) * cs_rank(vwap))
[reward_only] iter  7/50 [OK ] reward=-181.4545  rank(-1 * delta(close, 1) * cs_rank(volume) * stddev(close, 20))
[reward_only] iter  8/50 [OK ] reward=-181.2351  rank(-1 * delta(close, 1) * cs_rank(volume) * stddev(close, 20) * cs_rank(vwap) * ts_rank(close, 20))
[reward_only] iter  9/50 [OK ] reward=-180.1063  rank(-1 * delta(close, 1) * cs_rank(volume) * stddev(close, 20) * cs_rank(vwap))
[reward_only] iter 10/50 [OK ] reward=-181.4545  rank(-1 * delta(close, 1) * cs_rank(volume) * stddev(close, 20))
[reward_only] iter 11/50 [OK ] reward=-179.8751  rank(-1 * delta(close, 1) * cs_rank(volume) * stddev(close, 20) * cs_rank(vwap) * cs_rank(high - low))
[reward_only] iter 12/50 [OK ] reward=-180.1063  rank(-1 * delta(close, 1) * cs_rank(volume) * stddev(close, 20) * cs_rank(vwap))
[reward_only] iter 13/50 [OK ] reward=-181.4545  rank(-1 * delta(close, 1) * cs_rank(volume) * stddev(close, 20))
[reward_only] iter 14/50 [OK ] reward=-180.2847  rank(-1 * delta(close, 1) * cs_rank(volume) * stddev(close, 20) * cs_rank(vwap) * cs_rank(high - low) * cs_rank(open - close))
[reward_only] iter 15/50 [OK ] reward=-180.1063  rank(-1 * delta(close, 1) * cs_rank(volume) * stddev(close, 20) * cs_rank(vwap))
[reward_only] iter 16/50 [OK ] reward=-180.1063  rank(-1 * delta(close, 1) * cs_rank(volume) * stddev(close, 20) * cs_rank(vwap))
[reward_only] iter 17/50 [OK ] reward=-180.1063  rank(-1 * delta(close, 1) * cs_rank(volume) * stddev(close, 20) * cs_rank(vwap))
[reward_only] iter 18/50 [OK ] reward=-180.1063  rank(-1 * delta(close, 1) * cs_rank(volume) * stddev(close, 20) * cs_rank(vwap))
[reward_only] iter 19/50 [OK ] reward=-180.1063  rank(-1 * delta(close, 1) * cs_rank(volume) * stddev(close, 20) * cs_rank(vwap))
[reward_only] iter 20/50 [OK ] reward=-181.4545  rank(-1 * delta(close, 1) * cs_rank(volume) * stddev(close, 20))
[reward_only] iter 21/50 [OK ] reward=-180.1063  rank(-1 * delta(close, 1) * cs_rank(volume) * stddev(close, 20) * cs_rank(vwap))
[reward_only] iter 22/50 [OK ] reward=-180.1063  rank(-1 * delta(close, 1) * cs_rank(volume) * stddev(close, 20) * cs_rank(vwap))
[reward_only] iter 23/50 [OK ] reward=-180.1063  rank(-1 * delta(close, 1) * cs_rank(volume) * stddev(close, 20) * cs_rank(vwap))
[reward_only] iter 24/50 [OK ] reward=-180.1063  rank(-1 * delta(close, 1) * cs_rank(volume) * stddev(close, 20) * cs_rank(vwap))
[reward_only] iter 25/50 [OK ] reward=-179.8751  rank(-1 * delta(close, 1) * cs_rank(volume) * stddev(close, 20) * cs_rank(vwap) * cs_rank(high - low))
[reward_only] iter 26/50 [OK ] reward=-180.1063  rank(-1 * delta(close, 1) * cs_rank(volume) * stddev(close, 20) * cs_rank(vwap))
[reward_only] iter 27/50 [OK ] reward=-180.1063  rank(-1 * delta(close, 1) * cs_rank(volume) * stddev(close, 20) * cs_rank(vwap))
[reward_only] iter 28/50 [OK ] reward=-181.4545  rank(-1 * delta(close, 1) * cs_rank(volume) * stddev(close, 20))
[reward_only] iter 29/50 [OK ] reward=-180.1063  rank(-1 * delta(close, 1) * cs_rank(volume) * stddev(close, 20) * cs_rank(vwap))
[reward_only] iter 30/50 [OK ] reward=-179.8751  rank(-1 * delta(close, 1) * cs_rank(volume) * stddev(close, 20) * cs_rank(vwap) * cs_rank(high - low))
[reward_only] iter 31/50 [OK ] reward=-180.1063  rank(-1 * delta(close, 1) * cs_rank(volume) * stddev(close, 20) * cs_rank(vwap))
[reward_only] iter 32/50 [OK ] reward=-180.1063  rank(-1 * delta(close, 1) * cs_rank(volume) * stddev(close, 20) * cs_rank(vwap))
[reward_only] iter 33/50 [OK ] reward=-180.1063  rank(-1 * delta(close, 1) * cs_rank(volume) * stddev(close, 20) * cs_rank(vwap))
[reward_only] iter 34/50 [OK ] reward=-181.4545  rank(-1 * delta(close, 1) * cs_rank(volume) * stddev(close, 20))
[reward_only] iter 35/50 [OK ] reward=-180.8508  rank(-1 * delta(close, 1) * cs_rank(volume) * stddev(close, 20) * cs_rank(vwap) * cs_rank(high - low) * ts_rank(close, 20))
[reward_only] iter 36/50 [OK ] reward=-179.8751  rank(-1 * delta(close, 1) * cs_rank(volume) * stddev(close, 20) * cs_rank(vwap) * cs_rank(high - low))
[reward_only] iter 37/50 [OK ] reward=-180.1063  rank(-1 * delta(close, 1) * cs_rank(volume) * stddev(close, 20) * cs_rank(vwap))
[reward_only] iter 38/50 [OK ] reward=-181.4545  rank(-1 * delta(close, 1) * cs_rank(volume) * stddev(close, 20))
[reward_only] iter 39/50 [OK ] reward=-180.1063  rank(-1 * delta(close, 1) * cs_rank(volume) * stddev(close, 20) * cs_rank(vwap))
[reward_only] iter 40/50 [OK ] reward=-180.1063  rank(-1 * delta(close, 1) * cs_rank(volume) * stddev(close, 20) * cs_rank(vwap))
[reward_only] iter 41/50 [OK ] reward=-181.4545  rank(-1 * delta(close, 1) * cs_rank(volume) * stddev(close, 20))
[reward_only] iter 42/50 [ERR] reward=    -inf  rank(-1 * delta(close, 1) * cs_rank(volume) * stddev(close, 20) * cs_rank(vwap) * cs_rank(high - low) * cs_rank(volume / (high - low)))
[reward_only] iter 43/50 [OK ] reward=-180.5305  rank(-1 * delta(close, 1) * cs_rank(volume) * stddev(close, 20) * cs_rank(vwap) * cs_rank(high - low) * cs_rank(volume / (high - low + 1e-5)))
[reward_only] iter 44/50 [OK ] reward=-179.8751  rank(-1 * delta(close, 1) * cs_rank(volume) * stddev(close, 20) * cs_rank(vwap) * cs_rank(high - low))
[reward_only] iter 45/50 [OK ] reward=-180.1063  rank(-1 * delta(close, 1) * cs_rank(volume) * stddev(close, 20) * cs_rank(vwap))
[reward_only] iter 46/50 [OK ] reward=-180.1063  rank(-1 * delta(close, 1) * cs_rank(volume) * stddev(close, 20) * cs_rank(vwap))
[reward_only] iter 47/50 [OK ] reward=-181.4545  rank(-1 * delta(close, 1) * cs_rank(volume) * stddev(close, 20))
[reward_only] iter 48/50 [OK ] reward=-180.4075  rank(-1 * delta(close, 1) * cs_rank(volume) * stddev(close, 20) * cs_rank(vwap) * cs_rank(high - low) * ts_rank(close, 60))
[reward_only] iter 49/50 [OK ] reward=-180.1063  rank(-1 * delta(close, 1) * cs_rank(volume) * stddev(close, 20) * cs_rank(vwap))
[reward_only] iter 50/50 [OK ] reward=-181.4545  rank(-1 * delta(close, 1) * cs_rank(volume) * stddev(close, 20))
[wfo:reward_only] fold 0 winner: rank(-1 * delta(close, 1) * cs_rank(volume) * stddev(close, 20) * cs_rank(vwap) * cs_rank(high - low))
[wfo:reward_only] fold 0 OOS: Gross_IR=-0.831 Turnover=308.11 Net_IR=-22.061
[wfo:reward_only] fold 1: train 2002-01-01..2006-12-31 -> test 2007-01-01..2007-12-31
[reward_only] iter  0/50 [SEED] reward=-183.2838  rank(-1 * delta(close, 1))
[reward_only] iter  1/50 [OK ] reward=-180.7659  rank(-1 * (delta(close, 1) / (volume + 1e-5)))
[reward_only] iter  2/50 [OK ] reward=-201.1536  rank(-1 * (delta(close, 1) / (volume + 1e-5))) + rank((close - open) / (high - low + 1e-5))
[reward_only] iter  3/50 [OK ] reward=-201.1536  rank(-1 * (delta(close, 1) / (volume + 1e-5))) + rank((close - open) / (high - low + 1e-5))
[reward_only] iter  4/50 [OK ] reward=-180.7659  rank(-1 * (delta(close, 1) / (volume + 1e-5)))
[reward_only] iter  5/50 [ERR] reward=    -inf  cs_rank(-1 * (ts_rank((close - open) / (high - low), 10) + ts_rank(volume / decay_linear(volume, 20), 10)))
[reward_only] iter  6/50 [ERR] reward=    -inf  rank(-1 * (ts_rank((close - open) / (high - low + 1e-5), 10) + ts_rank(volume / decay_linear(volume + 1e-5, 20), 10)))
[reward_only] iter  7/50 [OK ] reward=-127.8458  rank(-1 * (ts_rank((close - open) / (high - low + 1e-5), 10) + cs_rank(volume / (volume + 1e-5))))
[reward_only] iter  8/50 [OK ] reward=-127.8458  rank(-1 * (ts_rank((close - open) / (high - low + 1e-5), 10) + cs_rank(volume / (volume + 1e-5))))
[reward_only] iter  9/50 [OK ] reward=-127.8458  rank(-1 * (ts_rank((close - open) / (high - low + 1e-5), 10) + cs_rank(volume / (volume + 1e-5))))
[reward_only] iter 10/50 [OK ] reward=-127.8458  rank(-1 * (ts_rank((close - open) / (high - low + 1e-5), 10) + cs_rank(volume / (volume + 1e-5))))
[reward_only] iter 11/50 [OK ] reward=-127.8458  rank(-1 * (ts_rank((close - open) / (high - low + 1e-5), 10) + cs_rank(volume / (volume + 1e-5))))
[reward_only] iter 12/50 [OK ] reward=-127.8458  rank(-1 * (ts_rank((close - open) / (high - low + 1e-5), 10) + cs_rank(volume / (volume + 1e-5))))
[reward_only] iter 13/50 [OK ] reward=-127.8458  rank(-1 * (ts_rank((close - open) / (high - low + 1e-5), 10) + cs_rank(volume / (volume + 1e-5))))
[reward_only] iter 14/50 [OK ] reward=-127.8458  rank(-1 * (ts_rank((close - open) / (high - low + 1e-5), 10) + cs_rank(volume / (volume + 1e-5))))
[reward_only] iter 15/50 [OK ] reward=-118.8023  rank(-1 * (ts_rank((close - open) / (high - low + 1e-5), 10) + cs_rank(vwap / (vwap + 1e-5))))
[reward_only] iter 16/50 [OK ] reward=-118.8023  rank(-1 * (ts_rank((close - open) / (high - low + 1e-5), 10) + cs_rank(vwap / (vwap + 1e-5))))
[reward_only] iter 17/50 [OK ] reward=-118.8023  rank(-1 * (ts_rank((close - open) / (high - low + 1e-5), 10) + cs_rank(vwap / (vwap + 1e-5))))
[reward_only] iter 18/50 [OK ] reward=-118.8023  rank(-1 * (ts_rank((close - open) / (high - low + 1e-5), 10) + cs_rank(vwap / (vwap + 1e-5))))
[reward_only] iter 19/50 [OK ] reward=-118.8023  rank(-1 * (ts_rank((close - open) / (high - low + 1e-5), 10) + cs_rank(vwap / (vwap + 1e-5))))
[reward_only] iter 20/50 [OK ] reward=-118.8023  rank(-1 * (ts_rank((close - open) / (high - low + 1e-5), 10) + cs_rank(vwap / (vwap + 1e-5))))
[reward_only] iter 21/50 [OK ] reward=-186.8506  rank(-1 * (ts_rank((close - open) / (high - low + 1e-5), 10) + vwap / (vwap + 1e-5)))
[reward_only] iter 22/50 [OK ] reward=-118.8023  rank(-1 * (ts_rank((close - open) / (high - low + 1e-5), 10) + cs_rank(vwap / (vwap + 1e-5))))
[reward_only] iter 23/50 [OK ] reward=-118.8023  rank(-1 * (ts_rank((close - open) / (high - low + 1e-5), 10) + cs_rank(vwap / (vwap + 1e-5))))
[reward_only] iter 24/50 [OK ] reward=-118.7024  rank(-1 * (ts_rank((close - open) / (high - low + 1e-5), 10) + cs_rank(vwap)))
[reward_only] iter 25/50 [OK ] reward= -4.8154  rank(-1 * (ts_rank((close - open) / (high - low + 1e-5), 10) + vwap))
[reward_only] iter 26/50 [OK ] reward=-118.7024  rank(-1 * (ts_rank((close - open) / (high - low + 1e-5), 10) + cs_rank(vwap)))
[reward_only] iter 27/50 [OK ] reward= -4.8154  rank(-1 * (ts_rank((close - open) / (high - low + 1e-5), 10) + vwap))
[reward_only] iter 28/50 [OK ] reward= -4.8154  rank(-1 * (ts_rank((close - open) / (high - low + 1e-5), 10) + vwap))
[reward_only] iter 29/50 [OK ] reward=-118.7024  rank(-1 * (ts_rank((close - open) / (high - low + 1e-5), 10) + cs_rank(vwap)))
[reward_only] iter 30/50 [OK ] reward= -4.8154  rank(-1 * (ts_rank((close - open) / (high - low + 1e-5), 10) + vwap))
[reward_only] iter 31/50 [OK ] reward= -4.8154  rank(-1 * (ts_rank((close - open) / (high - low + 1e-5), 10) + vwap))
[reward_only] iter 32/50 [OK ] reward= -4.8154  rank(-1 * (ts_rank((close - open) / (high - low + 1e-5), 10) + vwap))
[reward_only] iter 33/50 [OK ] reward= -4.8154  rank(-1 * (ts_rank((close - open) / (high - low + 1e-5), 10) + vwap))
[reward_only] iter 34/50 [OK ] reward= -4.8154  rank(-1 * (ts_rank((close - open) / (high - low + 1e-5), 10) + vwap))
[reward_only] iter 35/50 [OK ] reward= -4.8154  rank(-1 * (ts_rank((close - open) / (high - low + 1e-5), 10) + vwap))
[reward_only] iter 36/50 [OK ] reward=-118.7024  rank(-1 * (ts_rank((close - open) / (high - low + 1e-5), 10) + cs_rank(vwap)))
[reward_only] iter 37/50 [OK ] reward= -4.8154  rank(-1 * (ts_rank((close - open) / (high - low + 1e-5), 10) + vwap))
[reward_only] iter 38/50 [OK ] reward= -4.8154  rank(-1 * (ts_rank((close - open) / (high - low + 1e-5), 10) + vwap))
[reward_only] iter 39/50 [OK ] reward= -4.8154  rank(-1 * (ts_rank((close - open) / (high - low + 1e-5), 10) + vwap))
[reward_only] iter 40/50 [OK ] reward= -4.8154  rank(-1 * (ts_rank((close - open) / (high - low + 1e-5), 10) + vwap))
[reward_only] iter 41/50 [OK ] reward= -4.8154  rank(-1 * (ts_rank((close - open) / (high - low + 1e-5), 10) + vwap))
[reward_only] iter 42/50 [OK ] reward= -4.8154  rank(-1 * (ts_rank((close - open) / (high - low + 1e-5), 10) + vwap))
[reward_only] iter 43/50 [OK ] reward= -4.8154  rank(-1 * (ts_rank((close - open) / (high - low + 1e-5), 10) + vwap))
[reward_only] iter 44/50 [OK ] reward=-118.7024  rank(-1 * (ts_rank((close - open) / (high - low + 1e-5), 10) + cs_rank(vwap)))
[reward_only] iter 45/50 [OK ] reward= -4.8154  rank(-1 * (ts_rank((close - open) / (high - low + 1e-5), 10) + vwap))
[reward_only] iter 46/50 [OK ] reward= -4.8154  rank(-1 * (ts_rank((close - open) / (high - low + 1e-5), 10) + vwap))
[reward_only] iter 47/50 [OK ] reward= -4.8154  rank(-1 * (ts_rank((close - open) / (high - low + 1e-5), 10) + vwap))
[reward_only] iter 48/50 [OK ] reward= -4.8154  rank(-1 * (ts_rank((close - open) / (high - low + 1e-5), 10) + vwap))
[reward_only] iter 49/50 [OK ] reward= -4.8154  rank(-1 * (ts_rank((close - open) / (high - low + 1e-5), 10) + vwap))
[reward_only] iter 50/50 [OK ] reward= -4.8154  rank(-1 * (ts_rank((close - open) / (high - low + 1e-5), 10) + vwap))
[wfo:reward_only] fold 1 winner: rank(-1 * (ts_rank((close - open) / (high - low + 1e-5), 10) + vwap))
[wfo:reward_only] fold 1 OOS: Gross_IR=0.669 Turnover=8.85 Net_IR=0.100
[wfo:reward_only] fold 2: train 2003-01-01..2007-12-31 -> test 2008-01-01..2008-12-31
[reward_only] iter  0/50 [SEED] reward=-180.2929  rank(-1 * delta(close, 1))
[reward_only] iter  1/50 [OK ] reward=-178.4261  cs_rank(close - open)
[reward_only] iter  2/50 [OK ] reward=-175.4158  cs_rank(vwap - open)
[reward_only] iter  3/50 [OK ] reward=-161.6108  cs_rank(vwap - open) * ts_rank(zscore(volume, 60), 60)
[reward_only] iter  4/50 [OK ] reward=-168.4665  cs_rank(vwap - open) * ts_rank(zscore(volume, 60), 60) * cs_rank(close - vwap)
[reward_only] iter  5/50 [OK ] reward=-168.4665  cs_rank(vwap - open) * cs_rank(close - vwap) * ts_rank(zscore(volume, 60), 60)
[reward_only] iter  6/50 [OK ] reward=-161.1556  cs_rank(vwap - open) * cs_rank(close - low) * ts_rank(zscore(volume, 60), 60)
[reward_only] iter  7/50 [OK ] reward=-164.4319  cs_rank(vwap - open) * cs_rank(close - low) * ts_rank(zscore(volume, 60), 60) * cs_rank(close - vwap)
[reward_only] iter  8/50 [OK ] reward=-161.1556  cs_rank(vwap - open) * cs_rank(close - low) * ts_rank(zscore(volume, 60), 60)
[reward_only] iter  9/50 [OK ] reward=-160.9119  cs_rank(vwap - open) * cs_rank(close - low) * ts_rank(zscore(volume, 60), 60) * cs_rank(close - open)
[reward_only] iter 10/50 [OK ] reward=-161.1556  cs_rank(vwap - open) * cs_rank(close - low) * ts_rank(zscore(volume, 60), 60)
[reward_only] iter 11/50 [OK ] reward=-153.4087  cs_rank(vwap - open) * cs_rank(close - low) * ts_rank(zscore(volume, 60), 60) * cs_rank(close - open) * cs_rank(high - low)
[reward_only] iter 12/50 [OK ] reward=-160.9119  cs_rank(vwap - open) * cs_rank(close - low) * ts_rank(zscore(volume, 60), 60) * cs_rank(close - open)
[reward_only] iter 13/50 [OK ] reward=-161.1556  cs_rank(vwap - open) * cs_rank(close - low) * ts_rank(zscore(volume, 60), 60)
[reward_only] iter 14/50 [OK ] reward=-156.6880  cs_rank(close - open) * cs_rank(high - low) * ts_rank(zscore(volume, 60), 60) * cs_rank(vwap - open)
[reward_only] iter 15/50 [OK ] reward=-154.4772  cs_rank(close - open) * cs_rank(high - low) * ts_rank(zscore(volume, 60), 60)
[reward_only] iter 16/50 [OK ] reward=-164.4319  cs_rank(vwap - open) * cs_rank(close - low) * ts_rank(zscore(volume, 60), 60) * cs_rank(close - vwap)
[reward_only] iter 17/50 [OK ] reward=-161.1556  cs_rank(vwap - open) * cs_rank(close - low) * ts_rank(zscore(volume, 60), 60)
[reward_only] iter 18/50 [OK ] reward=-156.1095  cs_rank(vwap - open) * cs_rank(close - low) * ts_rank(zscore(volume, 60), 60) * cs_rank(close - open) * cs_rank(high - low) * cs_rank(close - vwap)
[reward_only] iter 19/50 [OK ] reward=-153.4087  cs_rank(vwap - open) * cs_rank(close - low) * ts_rank(zscore(volume, 60), 60) * cs_rank(close - open) * cs_rank(high - low)
[reward_only] iter 20/50 [OK ] reward=-164.4498  cs_rank(vwap - open) * cs_rank(close - low) * cs_rank(close - open)
[reward_only] iter 21/50 [ERR] reward=    -inf  cs_rank(vwap - open) * cs_rank(close - low) * ts_rank(zscore(volume, 60), 60) * cs_rank(close - open) * cs_rank(high - low) * cs_rank(close / open - 1)
[reward_only] iter 22/50 [ERR] reward=    -inf  cs_rank(vwap - open) * cs_rank(close - low) * ts_rank(zscore(volume, 60), 60) * cs_rank(close - open) * cs_rank(high - low) * cs_rank((close / open - 1) / (cs_rank(volume) + 1e-5))
[reward_only] iter 23/50 [ERR] reward=    -inf  cs_rank(vwap - open) * cs_rank(close - low) * ts_rank(zscore(volume, 60), 60) * cs_rank(close - open) * cs_rank(high - low) * cs_rank((close / open - 1) / (cs_rank(volume) + 1e-5))
[reward_only] iter 24/50 [ERR] reward=    -inf  cs_rank(vwap - open) * cs_rank(close - low) * ts_rank(zscore(volume, 60), 60) * cs_rank(close - open) * cs_rank(high - low) * cs_rank((close / open - 1) / (cs_rank(volume) + 1e-5))
[reward_only] iter 25/50 [ERR] reward=    -inf  cs_rank(vwap - open) * cs_rank(close - low) * ts_rank(zscore(volume, 60), 60) * cs_rank(close - open) * cs_rank(high - low) * cs_rank((close / open - 1) / (cs_rank(volume) + 1e-5))
[reward_only] iter 26/50 [ERR] reward=    -inf  cs_rank(vwap - open) * cs_rank(close - low) * ts_rank(zscore(volume, 60), 60) * cs_rank(close - open) * cs_rank(high - low) * cs_rank((close / open - 1) / (cs_rank(volume) + 1e-5))
[reward_only] iter 27/50 [ERR] reward=    -inf  cs_rank(vwap - open) * cs_rank(close - low) * ts_rank(zscore(volume, 60), 60) * cs_rank(close - open) * cs_rank(high - low) * cs_rank((close / open - 1) / (cs_rank(volume) + 1e-5))
[reward_only] iter 28/50 [ERR] reward=    -inf  cs_rank(vwap - open) * cs_rank(close - low) * ts_rank(zscore(volume, 60), 60) * cs_rank(close - open) * cs_rank(high - low) * cs_rank((close / open - 1) / (cs_rank(volume) + 1e-5))
[reward_only] iter 29/50 [ERR] reward=    -inf  cs_rank(vwap - open) * cs_rank(close - low) * ts_rank(zscore(volume, 60), 60) * cs_rank(close - open) * cs_rank(high - low) * cs_rank((close / open - 1) / (cs_rank(volume) + 1e-5))
[reward_only] iter 30/50 [ERR] reward=    -inf  cs_rank(vwap - open) * cs_rank(close - low) * ts_rank(zscore(volume, 60), 60) * cs_rank(close - open) * cs_rank(high - low) * cs_rank((close / open - 1) / (cs_rank(volume) + 1e-5))
[reward_only] iter 31/50 [ERR] reward=    -inf  cs_rank(vwap - open) * cs_rank(close - low) * ts_rank(zscore(volume, 60), 60) * cs_rank(close - open) * cs_rank(high - low) * cs_rank((close / open - 1) / (cs_rank(volume) + 1e-5))
[reward_only] iter 32/50 [ERR] reward=    -inf  cs_rank(vwap - open) * cs_rank(close - low) * ts_rank(zscore(volume, 60), 60) * cs_rank(close - open) * cs_rank(high - low) * cs_rank((close / open - 1) / (cs_rank(volume) + 1e-5))
[reward_only] iter 33/50 [ERR] reward=    -inf  cs_rank(vwap - open) * cs_rank(close - low) * ts_rank(zscore(volume, 60), 60) * cs_rank(close - open) * cs_rank(high - low) * cs_rank((close / open - 1) / (cs_rank(volume) + 1e-5))
[reward_only] iter 34/50 [ERR] reward=    -inf  cs_rank(vwap - open) * cs_rank(close - low) * ts_rank(zscore(volume, 60), 60) * cs_rank(close - open) * cs_rank(high - low) * cs_rank((close / open - 1) / (cs_rank(volume) + 1e-5))
[reward_only] iter 35/50 [ERR] reward=    -inf  cs_rank(vwap - open) * cs_rank(close - low) * ts_rank(zscore(volume, 60), 60) * cs_rank(close - open) * cs_rank(high - low) * cs_rank((close / open - 1) / (cs_rank(volume) + 1e-5))
[reward_only] iter 36/50 [ERR] reward=    -inf  cs_rank(vwap - open) * cs_rank(close - low) * ts_rank(zscore(volume, 60), 60) * cs_rank(close - open) * cs_rank(high - low) * cs_rank((close / open - 1) / (cs_rank(volume) + 1e-5))
[reward_only] iter 37/50 [ERR] reward=    -inf  cs_rank(vwap - open) * cs_rank(close - low) * ts_rank(zscore(volume, 60), 60) * cs_rank(close - open) * cs_rank(high - low) * cs_rank((close / open - 1) / (cs_rank(volume) + 1e-5))
[reward_only] iter 38/50 [ERR] reward=    -inf  cs_rank(vwap - open) * cs_rank(close - low) * ts_rank(zscore(volume, 60), 60) * cs_rank(close - open) * cs_rank(high - low) * cs_rank((close / open - 1) / (cs_rank(volume) + 1e-5))
[reward_only] iter 39/50 [ERR] reward=    -inf  cs_rank(vwap - open) * cs_rank(close - low) * ts_rank(zscore(volume, 60), 60) * cs_rank(close - open) * cs_rank(high - low) * cs_rank((close / open - 1) / (cs_rank(volume) + 1e-5))
[reward_only] iter 40/50 [ERR] reward=    -inf  cs_rank(vwap - open) * cs_rank(close - low) * ts_rank(zscore(volume, 60), 60) * cs_rank(close - open) * cs_rank(high - low) * cs_rank((close / open - 1) / (cs_rank(volume) + 1e-5))
[reward_only] iter 41/50 [ERR] reward=    -inf  cs_rank(vwap - open) * cs_rank(close - low) * ts_rank(zscore(volume, 60), 60) * cs_rank(close - open) * cs_rank(high - low) * cs_rank((close / open - 1) / (cs_rank(volume) + 1e-5))
[reward_only] iter 42/50 [ERR] reward=    -inf  cs_rank(vwap - open) * cs_rank(close - low) * ts_rank(zscore(volume, 60), 60) * cs_rank(close - open) * cs_rank(high - low) * cs_rank((close / open - 1) / (cs_rank(volume) + 1e-5))
[reward_only] iter 43/50 [ERR] reward=    -inf  cs_rank(vwap - open) * cs_rank(close - low) * ts_rank(zscore(volume, 60), 60) * cs_rank(close - open) * cs_rank(high - low) * cs_rank((close / open - 1) / (cs_rank(volume) + 1e-5))
[reward_only] iter 44/50 [ERR] reward=    -inf  cs_rank(vwap - open) * cs_rank(close - low) * ts_rank(zscore(volume, 60), 60) * cs_rank(close - open) * cs_rank(high - low) * cs_rank((close / open - 1) / (cs_rank(volume) + 1e-5))
[reward_only] iter 45/50 [ERR] reward=    -inf  cs_rank(vwap - open) * cs_rank(close - low) * ts_rank(zscore(volume, 60), 60) * cs_rank(close - open) * cs_rank(high - low) * cs_rank((close / open - 1) / (cs_rank(volume) + 1e-5))
[reward_only] iter 46/50 [ERR] reward=    -inf  cs_rank(vwap - open) * cs_rank(close - low) * ts_rank(zscore(volume, 60), 60) * cs_rank(close - open) * cs_rank(high - low) * cs_rank((close / open - 1) / (cs_rank(volume) + 1e-5))
[reward_only] iter 47/50 [ERR] reward=    -inf  cs_rank(vwap - open) * cs_rank(close - low) * ts_rank(zscore(volume, 60), 60) * cs_rank(close - open) * cs_rank(high - low) * cs_rank((close / open - 1) / (cs_rank(volume) + 1e-5))
[reward_only] iter 48/50 [ERR] reward=    -inf  cs_rank(vwap - open) * cs_rank(close - low) * ts_rank(zscore(volume, 60), 60) * cs_rank(close - open) * cs_rank(high - low) * cs_rank((close / open - 1) / (cs_rank(volume) + 1e-5))
[reward_only] iter 49/50 [ERR] reward=    -inf  cs_rank(vwap - open) * cs_rank(close - low) * ts_rank(zscore(volume, 60), 60) * cs_rank(close - open) * cs_rank(high - low) * cs_rank((close / open - 1) / (cs_rank(volume) + 1e-5))
[reward_only] iter 50/50 [ERR] reward=    -inf  cs_rank(vwap - open) * cs_rank(close - low) * ts_rank(zscore(volume, 60), 60) * cs_rank(close - open) * cs_rank(high - low) * cs_rank((close / open - 1) / (cs_rank(volume) + 1e-5))
[wfo:reward_only] fold 2 winner: cs_rank(vwap - open) * cs_rank(close - low) * ts_rank(zscore(volume, 60), 60) * cs_rank(close - open) * cs_rank(high - low)
[wfo:reward_only] fold 2 OOS: Gross_IR=0.683 Turnover=274.96 Net_IR=-8.568
[wfo:reward_only] fold 3: train 2004-01-01..2008-12-31 -> test 2009-01-01..2009-12-31
[reward_only] iter  0/50 [SEED] reward=-180.1841  rank(-1 * delta(close, 1))
[reward_only] iter  1/50 [OK ] reward=-175.4712  cs_rank(vwap - open)
[reward_only] iter  2/50 [OK ] reward=-183.2464  cs_rank((vwap - open) / (high - low + 1e-5))
[reward_only] iter  3/50 [ERR] reward=    -inf  cs_rank((vwap - open) / (high - low + 1e-5) + cs_rank(volume / sma(volume, 20)))
[reward_only] iter  4/50 [ERR] reward=    -inf  cs_rank((vwap - open) / (high - low + 1e-5) + cs_rank(volume / sma(volume, 20)))
[reward_only] iter  5/50 [ERR] reward=    -inf  cs_rank(vwap - open) + cs_rank(volume / sma(volume, 20))
[reward_only] iter  6/50 [OK ] reward=-168.5432  cs_rank(vwap - open) + cs_rank(volume / (sma(volume, 20) + 1e-5))
[reward_only] iter  7/50 [OK ] reward=-180.6263  cs_rank(vwap - open) + cs_rank(volume / (sma(volume, 20) + 1e-5)) + cs_rank(close - vwap)
[reward_only] iter  8/50 [OK ] reward=-168.5432  cs_rank(vwap - open) + cs_rank(volume / (sma(volume, 20) + 1e-5))
[reward_only] iter  9/50 [OK ] reward=-143.1713  cs_rank(vwap - open) + cs_rank(volume / (sma(volume, 20) + 1e-5)) - cs_rank(ts_rank(close, 20))
[reward_only] iter 10/50 [OK ] reward=-137.4636  cs_rank(vwap - open) + cs_rank(volume / (sma(volume, 20) + 1e-5)) - cs_rank(close)
[reward_only] iter 11/50 [OK ] reward=-168.5432  cs_rank(vwap - open) + cs_rank(volume / (sma(volume, 20) + 1e-5))
[reward_only] iter 12/50 [OK ] reward=-126.4739  cs_rank(vwap - open) + cs_rank(volume / (sma(volume, 20) + 1e-5)) - cs_rank(close) + cs_rank(decay_linear(close - open, 20))
[reward_only] iter 13/50 [OK ] reward=-126.4739  cs_rank(vwap - open) + cs_rank(volume / (sma(volume, 20) + 1e-5)) - cs_rank(close) + cs_rank(decay_linear(close - open, 20))
[reward_only] iter 14/50 [OK ] reward=-137.4636  cs_rank(vwap - open) + cs_rank(volume / (sma(volume, 20) + 1e-5)) - cs_rank(close)
[reward_only] iter 15/50 [OK ] reward=-137.4636  cs_rank(vwap - open) + cs_rank(volume / (sma(volume, 20) + 1e-5)) - cs_rank(close)
[reward_only] iter 16/50 [OK ] reward=-126.4739  cs_rank(vwap - open) + cs_rank(volume / (sma(volume, 20) + 1e-5)) - cs_rank(close) + cs_rank(decay_linear(close - open, 20))
[reward_only] iter 17/50 [OK ] reward=-137.4636  cs_rank(vwap - open) + cs_rank(volume / (sma(volume, 20) + 1e-5)) - cs_rank(close)
[reward_only] iter 18/50 [OK ] reward=-137.4636  cs_rank(vwap - open) + cs_rank(volume / (sma(volume, 20) + 1e-5)) - cs_rank(close)
[reward_only] iter 19/50 [OK ] reward=-126.4739  cs_rank(vwap - open) + cs_rank(volume / (sma(volume, 20) + 1e-5)) - cs_rank(close) + cs_rank(decay_linear(close - open, 20))
[reward_only] iter 20/50 [OK ] reward=-141.7942  cs_rank(vwap - open) + cs_rank(volume / (sma(volume, 20) + 1e-5)) + cs_rank(decay_linear(close - open, 20))
[reward_only] iter 21/50 [OK ] reward=-126.4739  cs_rank(vwap - open) + cs_rank(volume / (sma(volume, 20) + 1e-5)) + cs_rank(decay_linear(close - open, 20)) - cs_rank(close)
[reward_only] iter 22/50 [OK ] reward=-141.7942  cs_rank(vwap - open) + cs_rank(volume / (sma(volume, 20) + 1e-5)) + cs_rank(decay_linear(close - open, 20))
[reward_only] iter 23/50 [OK ] reward=-126.4739  cs_rank(vwap - open) + cs_rank(volume / (sma(volume, 20) + 1e-5)) + cs_rank(decay_linear(close - open, 20)) - cs_rank(close)
[reward_only] iter 24/50 [OK ] reward=-126.4739  cs_rank(vwap - open) + cs_rank(volume / (sma(volume, 20) + 1e-5)) + cs_rank(decay_linear(close - open, 20)) - cs_rank(close)
[reward_only] iter 25/50 [OK ] reward=-137.4636  cs_rank(vwap - open) + cs_rank(volume / (sma(volume, 20) + 1e-5)) - cs_rank(close)
[reward_only] iter 26/50 [OK ] reward=-137.4636  cs_rank(vwap - open) + cs_rank(volume / (sma(volume, 20) + 1e-5)) - cs_rank(close)
[reward_only] iter 27/50 [OK ] reward=-126.4739  cs_rank(vwap - open) + cs_rank(volume / (sma(volume, 20) + 1e-5)) - cs_rank(close) + cs_rank(decay_linear(close - open, 20))
[reward_only] iter 28/50 [OK ] reward=-126.4739  cs_rank(vwap - open) + cs_rank(volume / (sma(volume, 20) + 1e-5)) - cs_rank(close) + cs_rank(decay_linear(close - open, 20))
[reward_only] iter 29/50 [OK ] reward=-126.4739  cs_rank(vwap - open) + cs_rank(volume / (sma(volume, 20) + 1e-5)) - cs_rank(close) + cs_rank(decay_linear(close - open, 20))
[reward_only] iter 30/50 [OK ] reward=-126.4739  cs_rank(vwap - open) + cs_rank(volume / (sma(volume, 20) + 1e-5)) - cs_rank(close) + cs_rank(decay_linear(close - open, 20))
[reward_only] iter 31/50 [OK ] reward=-164.5600  cs_rank(vwap - open) + cs_rank(volume / (sma(volume, 20) + 1e-5)) - cs_rank(close) + cs_rank(close - open)
[reward_only] iter 32/50 [OK ] reward=-137.4636  cs_rank(vwap - open) + cs_rank(volume / (sma(volume, 20) + 1e-5)) - cs_rank(close)
[reward_only] iter 33/50 [OK ] reward=-137.4636  cs_rank(vwap - open) + cs_rank(volume / (sma(volume, 20) + 1e-5)) - cs_rank(close)
[reward_only] iter 34/50 [OK ] reward=-137.4636  cs_rank(vwap - open) + cs_rank(volume / (sma(volume, 20) + 1e-5)) - cs_rank(close)
[reward_only] iter 35/50 [OK ] reward=-126.4739  cs_rank(vwap - open) + cs_rank(volume / (sma(volume, 20) + 1e-5)) - cs_rank(close) + cs_rank(decay_linear(close - open, 20))
[reward_only] iter 36/50 [OK ] reward=-137.4636  cs_rank(vwap - open) + cs_rank(volume / (sma(volume, 20) + 1e-5)) - cs_rank(close)
[reward_only] iter 37/50 [OK ] reward=-126.4739  cs_rank(vwap - open) + cs_rank(volume / (sma(volume, 20) + 1e-5)) - cs_rank(close) + cs_rank(decay_linear(close - open, 20))
[reward_only] iter 38/50 [OK ] reward=-126.4739  cs_rank(vwap - open) + cs_rank(volume / (sma(volume, 20) + 1e-5)) - cs_rank(close) + cs_rank(decay_linear(close - open, 20))
[reward_only] iter 39/50 [OK ] reward=-126.4739  cs_rank(vwap - open) + cs_rank(volume / (sma(volume, 20) + 1e-5)) - cs_rank(close) + cs_rank(decay_linear(close - open, 20))
[reward_only] iter 40/50 [OK ] reward=-164.5600  cs_rank(vwap - open) + cs_rank(volume / (sma(volume, 20) + 1e-5)) - cs_rank(close) + cs_rank(close - open)
[reward_only] iter 41/50 [OK ] reward=-137.4636  cs_rank(vwap - open) + cs_rank(volume / (sma(volume, 20) + 1e-5)) - cs_rank(close)
[reward_only] iter 42/50 [OK ] reward=-137.4636  cs_rank(vwap - open) + cs_rank(volume / (sma(volume, 20) + 1e-5)) - cs_rank(close)
[reward_only] iter 43/50 [OK ] reward=-126.4739  cs_rank(vwap - open) + cs_rank(volume / (sma(volume, 20) + 1e-5)) - cs_rank(close) + cs_rank(decay_linear(close - open, 20))
[reward_only] iter 44/50 [OK ] reward=-141.7942  cs_rank(vwap - open) + cs_rank(volume / (sma(volume, 20) + 1e-5)) + cs_rank(decay_linear(close - open, 20))
[reward_only] iter 45/50 [OK ] reward=-137.4636  cs_rank(vwap - open) + cs_rank(volume / (sma(volume, 20) + 1e-5)) - cs_rank(close)
[reward_only] iter 46/50 [OK ] reward=-137.4636  cs_rank(vwap - open) + cs_rank(volume / (sma(volume, 20) + 1e-5)) - cs_rank(close)
[reward_only] iter 47/50 [OK ] reward=-137.4636  cs_rank(vwap - open) + cs_rank(volume / (sma(volume, 20) + 1e-5)) - cs_rank(close)
[reward_only] iter 48/50 [OK ] reward=-137.4636  cs_rank(vwap - open) + cs_rank(volume / (sma(volume, 20) + 1e-5)) - cs_rank(close)
[reward_only] iter 49/50 [OK ] reward=-126.4739  cs_rank(vwap - open) + cs_rank(volume / (sma(volume, 20) + 1e-5)) - cs_rank(close) + cs_rank(decay_linear(close - open, 20))
[reward_only] iter 50/50 [OK ] reward=-141.7942  cs_rank(vwap - open) + cs_rank(volume / (sma(volume, 20) + 1e-5)) + cs_rank(decay_linear(close - open, 20))
[wfo:reward_only] fold 3 winner: cs_rank(vwap - open) + cs_rank(volume / (sma(volume, 20) + 1e-5)) - cs_rank(close) + cs_rank(decay_linear(close - open, 20))
[wfo:reward_only] fold 3 OOS: Gross_IR=0.395 Turnover=237.38 Net_IR=-10.440
[wfo:reward_only] fold 4: train 2005-01-01..2009-12-31 -> test 2010-01-01..2010-12-31
[reward_only] iter  0/50 [SEED] reward=-181.0199  rank(-1 * delta(close, 1))
[reward_only] iter  1/50 [OK ] reward=-147.3189  cs_rank(-1 * delta(close, 1) + zscore(volume, 60))
[reward_only] iter  2/50 [OK ] reward=-156.4285  cs_rank(-1 * delta(close, 1) + zscore(volume, 60) * cs_rank(stddev(close, 60)))
[reward_only] iter  3/50 [OK ] reward=-141.0271  cs_rank(-1 * delta(close, 1) + zscore(volume, 60) + cs_rank(stddev(close, 60)))
[reward_only] iter  4/50 [OK ] reward=-147.3189  cs_rank(-1 * delta(close, 1) + zscore(volume, 60))
[reward_only] iter  5/50 [OK ] reward=-129.4896  cs_rank(-1 * delta(close, 1) + zscore(volume, 60) + cs_rank(stddev(close, 60)) + cs_rank(high - low))
[reward_only] iter  6/50 [OK ] reward=-147.3189  cs_rank(-1 * delta(close, 1) + zscore(volume, 60))
[reward_only] iter  7/50 [OK ] reward=-141.0271  cs_rank(-1 * delta(close, 1) + zscore(volume, 60) + cs_rank(stddev(close, 60)))
[reward_only] iter  8/50 [OK ] reward=-141.0271  cs_rank(-1 * delta(close, 1) + zscore(volume, 60) + cs_rank(stddev(close, 60)))
[reward_only] iter  9/50 [OK ] reward=-141.0271  cs_rank(-1 * delta(close, 1) + zscore(volume, 60) + cs_rank(stddev(close, 60)))
[reward_only] iter 10/50 [OK ] reward=-151.4868  cs_rank(-1 * delta(close, 1) + cs_rank(stddev(close, 60)))
[reward_only] iter 11/50 [OK ] reward=-138.5889  cs_rank(-1 * delta(close, 1) + cs_rank(volume) + cs_rank(stddev(close, 60)) + cs_rank(high - low))
[reward_only] iter 12/50 [OK ] reward=-141.0271  cs_rank(-1 * delta(close, 1) + zscore(volume, 60) + cs_rank(stddev(close, 60)))
[reward_only] iter 13/50 [OK ] reward=-141.0271  cs_rank(-1 * delta(close, 1) + zscore(volume, 60) + cs_rank(stddev(close, 60)))
[reward_only] iter 14/50 [OK ] reward=-141.0271  cs_rank(-1 * delta(close, 1) + zscore(volume, 60) + cs_rank(stddev(close, 60)))
[reward_only] iter 15/50 [OK ] reward=-141.0271  cs_rank(-1 * delta(close, 1) + zscore(volume, 60) + cs_rank(stddev(close, 60)))
[reward_only] iter 16/50 [OK ] reward=-144.1549  cs_rank(-1 * delta(close, 1) + zscore(volume, 60) + cs_rank(high - low))
[reward_only] iter 17/50 [OK ] reward=-119.7063  cs_rank(-1 * delta(close, 1) + cs_rank(stddev(close, 60)) + cs_rank(high - low))
[reward_only] iter 18/50 [OK ] reward=-151.4868  cs_rank(-1 * delta(close, 1) + cs_rank(stddev(close, 60)))
[reward_only] iter 19/50 [OK ] reward=-162.9509  cs_rank(-1 * delta(close, 1) + cs_rank(volume) + cs_rank(high - low))
[reward_only] iter 20/50 [OK ] reward=-119.7063  cs_rank(-1 * delta(close, 1) + cs_rank(stddev(close, 60)) + cs_rank(high - low))
[reward_only] iter 21/50 [OK ] reward=-160.8309  cs_rank(-1 * delta(close, 1) + cs_rank(high - low))
[reward_only] iter 22/50 [OK ] reward=-162.9509  cs_rank(-1 * delta(close, 1) + cs_rank(volume) + cs_rank(high - low))
[reward_only] iter 23/50 [OK ] reward=-151.4868  cs_rank(-1 * delta(close, 1) + cs_rank(stddev(close, 60)))
[reward_only] iter 24/50 [OK ] reward=-162.9509  cs_rank(-1 * delta(close, 1) + cs_rank(volume) + cs_rank(high - low))
[reward_only] iter 25/50 [OK ] reward=-151.4868  cs_rank(-1 * delta(close, 1) + cs_rank(stddev(close, 60)))
[reward_only] iter 26/50 [OK ] reward=-162.9509  cs_rank(-1 * delta(close, 1) + cs_rank(volume) + cs_rank(high - low))
[reward_only] iter 27/50 [OK ] reward=-160.8309  cs_rank(-1 * delta(close, 1) + cs_rank(high - low))
[reward_only] iter 28/50 [OK ] reward=-155.7448  cs_rank(-1 * delta(close, 1) + cs_rank(stddev(close, 60)) + cs_rank(volume / (volume + 1e-5)))
[reward_only] iter 29/50 [OK ] reward=-119.7063  cs_rank(-1 * delta(close, 1) + cs_rank(stddev(close, 60)) + cs_rank(high - low))
[reward_only] iter 30/50 [OK ] reward=-160.8309  cs_rank(-1 * delta(close, 1) + cs_rank(high - low))
[reward_only] iter 31/50 [OK ] reward=-155.7448  cs_rank(-1 * delta(close, 1) + cs_rank(stddev(close, 60)) + cs_rank(volume / (volume + 1e-5)))
[reward_only] iter 32/50 [OK ] reward=-160.8309  cs_rank(-1 * delta(close, 1) + cs_rank(high - low))
[reward_only] iter 33/50 [OK ] reward=-162.8459  cs_rank(-1 * delta(close, 1) + cs_rank(stddev(close, 60)) + cs_rank(volume / (high - low + 1e-5)))
[reward_only] iter 34/50 [OK ] reward=-119.7063  cs_rank(-1 * delta(close, 1) + cs_rank(stddev(close, 60)) + cs_rank(high - low))
[reward_only] iter 35/50 [OK ] reward=-151.4868  cs_rank(-1 * delta(close, 1) + cs_rank(stddev(close, 60)))
[reward_only] iter 36/50 [OK ] reward=-155.6449  cs_rank(-1 * delta(close, 1) + cs_rank(stddev(close, 60)) + cs_rank(volume))
[reward_only] iter 37/50 [OK ] reward=-151.4868  cs_rank(-1 * delta(close, 1) + cs_rank(stddev(close, 60)))
[reward_only] iter 38/50 [OK ] reward=-170.5601  cs_rank(-1 * delta(close, 1) + cs_rank(stddev(close, 60)) + cs_rank(vwap - close))
[reward_only] iter 39/50 [OK ] reward=-170.5601  cs_rank(-1 * delta(close, 1) + cs_rank(stddev(close, 60)) + cs_rank(vwap - close))
[reward_only] iter 40/50 [OK ] reward=-138.6889  cs_rank(-1 * delta(close, 1) + cs_rank(stddev(close, 60)) + cs_rank(high - low) + cs_rank(volume / (volume + 1e-5)))
[reward_only] iter 41/50 [OK ] reward=-119.7063  cs_rank(-1 * delta(close, 1) + cs_rank(stddev(close, 60)) + cs_rank(high - low))
[reward_only] iter 42/50 [OK ] reward=-151.4868  cs_rank(-1 * delta(close, 1) + cs_rank(stddev(close, 60)))
[reward_only] iter 43/50 [OK ] reward=-162.9509  cs_rank(-1 * delta(close, 1) + cs_rank(volume) + cs_rank(high - low))
[reward_only] iter 44/50 [OK ] reward=-151.4868  cs_rank(-1 * delta(close, 1) + cs_rank(stddev(close, 60)))
[reward_only] iter 45/50 [OK ] reward=-162.9509  cs_rank(-1 * delta(close, 1) + cs_rank(volume) + cs_rank(high - low))
[reward_only] iter 46/50 [OK ] reward=-119.7063  cs_rank(-1 * delta(close, 1) + cs_rank(stddev(close, 60)) + cs_rank(high - low))
[reward_only] iter 47/50 [OK ] reward=-151.4868  cs_rank(-1 * delta(close, 1) + cs_rank(stddev(close, 60)))
[reward_only] iter 48/50 [OK ] reward=-128.8743  cs_rank(-1 * delta(close, 1) + cs_rank(stddev(close, 60)) + cs_rank(vwap - open))
[reward_only] iter 49/50 [OK ] reward=-151.4868  cs_rank(-1 * delta(close, 1) + cs_rank(stddev(close, 60)))
[reward_only] iter 50/50 [OK ] reward=-162.9509  cs_rank(-1 * delta(close, 1) + cs_rank(volume) + cs_rank(high - low))
[wfo:reward_only] fold 4 winner: cs_rank(-1 * delta(close, 1) + cs_rank(stddev(close, 60)) + cs_rank(high - low))
[wfo:reward_only] fold 4 OOS: Gross_IR=0.451 Turnover=187.38 Net_IR=-11.057
[wfo:reward_only] fold 5: train 2006-01-01..2010-12-31 -> test 2011-01-01..2011-12-31
[reward_only] iter  0/50 [SEED] reward=-181.0387  rank(-1 * delta(close, 1))
[reward_only] iter  1/50 [ERR] reward=    -inf  cs_rank(-1 * (high - low) / (close + vwap) + delta(close, 1))
[reward_only] iter  2/50 [OK ] reward=-180.8745  cs_rank(-1 * (high - low) / (close + vwap + 1e-5) + delta(close, 1))
[reward_only] iter  3/50 [OK ] reward=-139.6531  cs_rank(-1 * (high - low) / (close + vwap + 1e-5) + ts_rank(volume, 20))
[reward_only] iter  4/50 [OK ] reward=-44.7257  cs_rank(-1 * (high - low) / (close + vwap + 1e-5) + decay_linear(ts_rank(volume, 20), 10))
[reward_only] iter  5/50 [OK ] reward=-119.1626  cs_rank(-1 * (high - low) / (close + vwap + 1e-5))
[reward_only] iter  6/50 [OK ] reward=-174.6299  cs_rank(-1 * (close - open) / (high - low + 1e-5) + decay_linear(ts_rank(volume, 20), 10))
[reward_only] iter  7/50 [OK ] reward=-139.6531  cs_rank(-1 * (high - low) / (close + vwap + 1e-5) + ts_rank(volume, 20))
[reward_only] iter  8/50 [OK ] reward=-44.7257  cs_rank(-1 * (high - low) / (close + vwap + 1e-5) + decay_linear(ts_rank(volume, 20), 10))
[reward_only] iter  9/50 [OK ] reward=-119.1626  cs_rank(-1 * (high - low) / (close + vwap + 1e-5))
[reward_only] iter 10/50 [OK ] reward=-139.6531  cs_rank(-1 * (high - low) / (close + vwap + 1e-5) + ts_rank(volume, 20))
[reward_only] iter 11/50 [OK ] reward=-119.1626  cs_rank(-1 * (high - low) / (close + vwap + 1e-5))
[reward_only] iter 12/50 [OK ] reward=-160.4436  cs_rank(-1 * (high - low) / (close + vwap + 1e-5) + decay_linear(ts_rank(volume, 20), 10) + ts_rank((close - open) / (high - low + 1e-5), 10))
[reward_only] iter 13/50 [OK ] reward=-44.7257  cs_rank(-1 * (high - low) / (close + vwap + 1e-5) + decay_linear(ts_rank(volume, 20), 10))
[reward_only] iter 14/50 [OK ] reward=-139.6531  cs_rank(-1 * (high - low) / (close + vwap + 1e-5) + ts_rank(volume, 20))
[reward_only] iter 15/50 [OK ] reward=-44.7257  cs_rank(-1 * (high - low) / (close + vwap + 1e-5) + decay_linear(ts_rank(volume, 20), 10))
[reward_only] iter 16/50 [OK ] reward=-139.6531  cs_rank(-1 * (high - low) / (close + vwap + 1e-5) + ts_rank(volume, 20))
[reward_only] iter 17/50 [OK ] reward=-119.1626  cs_rank(-1 * (high - low) / (close + vwap + 1e-5))
[reward_only] iter 18/50 [OK ] reward=-174.6299  cs_rank(-1 * (close - open) / (high - low + 1e-5) + decay_linear(ts_rank(volume, 20), 10))
[reward_only] iter 19/50 [OK ] reward=-139.6531  cs_rank(-1 * (high - low) / (close + vwap + 1e-5) + ts_rank(volume, 20))
[reward_only] iter 20/50 [OK ] reward=-44.7257  cs_rank(-1 * (high - low) / (close + vwap + 1e-5) + decay_linear(ts_rank(volume, 20), 10))
[reward_only] iter 21/50 [OK ] reward=-119.1626  cs_rank(-1 * (high - low) / (close + vwap + 1e-5))
[reward_only] iter 22/50 [OK ] reward=-74.1910  cs_rank(-1 * (high - low) / (close + vwap + 1e-5) + decay_linear(ts_rank(close - open, 20), 10))
[reward_only] iter 23/50 [OK ] reward= -9.2310  cs_rank(-1 * (high - low) / (close + vwap + 1e-5) + decay_linear(volume, 10))
[reward_only] iter 24/50 [OK ] reward=-25.2574  cs_rank(-1 * (high - low) / (close + vwap + 1e-5) + volume / (close + 1e-5))
[reward_only] iter 25/50 [OK ] reward= -9.2310  cs_rank(-1 * (high - low) / (close + vwap + 1e-5) + decay_linear(volume, 10))
[reward_only] iter 26/50 [OK ] reward= -7.6365  cs_rank(-1 * (high - low) / (close + vwap + 1e-5) + sma(volume, 10))
[reward_only] iter 27/50 [OK ] reward=-119.1626  cs_rank(-1 * (high - low) / (close + vwap + 1e-5))
[reward_only] iter 28/50 [OK ] reward= -7.6366  cs_rank(-1 * (close - open) / (high - low + 1e-5) + sma(volume, 10))
[reward_only] iter 29/50 [OK ] reward=-119.1626  cs_rank(-1 * (high - low) / (close + vwap + 1e-5))
[reward_only] iter 30/50 [OK ] reward= -7.5864  cs_rank((close - open) / (close + open + 1e-5) + sma(volume, 10))
[reward_only] iter 31/50 [ERR] reward=    -inf  cs_rank((close - open) / (close + open + 1e-5) + decay_linear(sma(volume, 10), 5))
[reward_only] iter 32/50 [OK ] reward= -9.1810  cs_rank((close - open) / (close + open + 1e-5) + decay_linear(volume, 10))
[reward_only] iter 33/50 [OK ] reward= -7.6365  cs_rank((close - open) / (close + open + 1e-5) + sma(volume, 10) + zscore(close, 10))
[reward_only] iter 34/50 [OK ] reward= -7.5864  cs_rank((close - open) / (close + open + 1e-5) + sma(volume, 10))
[reward_only] iter 35/50 [ERR] reward=    -inf  cs_rank((close - open) / (close + open + 1e-5) + decay_linear(sma(volume, 10), 5))
[reward_only] iter 36/50 [OK ] reward= -9.1810  cs_rank((close - open) / (close + open + 1e-5) + decay_linear(volume, 10))
[reward_only] iter 37/50 [OK ] reward= -7.6367  cs_rank((close - open) / (close + open + 1e-5) + sma(volume, 10) + decay_linear(close, 10))
[reward_only] iter 38/50 [OK ] reward= -7.5864  cs_rank((close - open) / (close + open + 1e-5) + sma(volume, 10))
[reward_only] iter 39/50 [OK ] reward= -5.8226  cs_rank((close - open) / (close + open + 1e-5) + decay_linear(volume, 20))
[reward_only] iter 40/50 [OK ] reward=-141.1907  cs_rank((close - open) / (close + open + 1e-5) + ts_rank(volume, 20))
[reward_only] iter 41/50 [OK ] reward= -5.8726  cs_rank((close - open) / (close + open + 1e-5) + decay_linear(volume, 20) + ts_rank(close, 20))
[reward_only] iter 42/50 [OK ] reward= -5.8226  cs_rank((close - open) / (close + open + 1e-5) + decay_linear(volume, 20))
[reward_only] iter 43/50 [OK ] reward= -5.9226  cs_rank((close - open) / (close + open + 1e-5) + decay_linear(volume, 20) + zscore(high - low, 20))
[reward_only] iter 44/50 [OK ] reward= -5.8226  cs_rank((close - open) / (close + open + 1e-5) + decay_linear(volume, 20))
[reward_only] iter 45/50 [OK ] reward= -5.8726  cs_rank((close - open) / (close + open + 1e-5) + decay_linear(volume, 20) + ts_rank(vwap, 20))
[reward_only] iter 46/50 [OK ] reward= -5.8226  cs_rank((close - open) / (close + open + 1e-5) + decay_linear(volume, 20))
[reward_only] iter 47/50 [OK ] reward= -5.8726  cs_rank((close - open) / (close + open + 1e-5) + decay_linear(volume, 20) + ts_rank(vwap, 20))
[reward_only] iter 48/50 [OK ] reward= -5.8226  cs_rank((close - open) / (close + open + 1e-5) + decay_linear(volume, 20))
[reward_only] iter 49/50 [OK ] reward= -5.8760  cs_rank((close - open) / (close + open + 1e-5) + decay_linear(volume, 20) + ts_rank(close, 252))
[reward_only] iter 50/50 [OK ] reward= -5.8226  cs_rank((close - open) / (close + open + 1e-5) + decay_linear(volume, 20))
[wfo:reward_only] fold 5 winner: cs_rank((close - open) / (close + open + 1e-5) + decay_linear(volume, 20))
[wfo:reward_only] fold 5 OOS: Gross_IR=-0.467 Turnover=10.23 Net_IR=-1.140
[wfo:reward_only] fold 6: train 2007-01-01..2011-12-31 -> test 2012-01-01..2012-12-31
[reward_only] iter  0/50 [SEED] reward=-181.6609  rank(-1 * delta(close, 1))
[reward_only] iter  1/50 [OK ] reward= -6.3842  rank(-1 * (delta(close, 1) + decay_linear(volume, 20)))
[reward_only] iter  2/50 [OK ] reward=-154.3244  rank(-1 * (delta(close, 1) + cs_rank(volume)))
[reward_only] iter  3/50 [OK ] reward= -6.3842  rank(-1 * (ts_rank(close, 20) + decay_linear(volume, 20)))
[reward_only] iter  4/50 [OK ] reward= -6.3842  cs_rank(-1 * (delta(close, 1) + decay_linear(volume, 20)))
[reward_only] iter  5/50 [OK ] reward= -6.3842  cs_rank(-1 * (delta(close, 1) + decay_linear(volume, 20) + ts_rank(vwap, 20)))
[reward_only] iter  6/50 [OK ] reward= -6.4842  cs_rank(-1 * (delta(close, 1) + decay_linear(volume, 20) + (high - low) / (close + 1e-5)))
[reward_only] iter  7/50 [OK ] reward= -6.3842  cs_rank(-1 * (delta(close, 1) + decay_linear(volume, 20)))
[reward_only] iter  8/50 [OK ] reward= -6.4842  cs_rank(-1 * (delta(close, 1) + decay_linear(volume, 20) + delta(high, 1) - delta(low, 1)))
[reward_only] iter  9/50 [OK ] reward= -6.3842  rank(-1 * (delta(close, 1) + decay_linear(volume, 20)))
[reward_only] iter 10/50 [OK ] reward=-154.3244  rank(-1 * (delta(close, 1) + cs_rank(volume)))
[reward_only] iter 11/50 [OK ] reward=-154.8174  rank(-1 * (delta(close, 1) + decay_linear(cs_rank(volume), 20)))
[reward_only] iter 12/50 [OK ] reward=-155.5552  rank(-1 * (delta(close, 1) + zscore(volume, 20)))
[reward_only] iter 13/50 [OK ] reward=-154.3244  rank(-1 * (delta(close, 1) + cs_rank(volume)))
[reward_only] iter 14/50 [OK ] reward= -6.4342  rank(-1 * (delta(close, 1) + decay_linear(volume, 20) + cs_rank(high - low)))
[reward_only] iter 15/50 [OK ] reward=-162.0608  rank(-1 * (delta(close, 1) + cs_rank(high - low)))
[reward_only] iter 16/50 [OK ] reward= -6.4342  rank(-1 * (delta(close, 1) + decay_linear(volume, 20) + cs_rank(high - low)))
[reward_only] iter 17/50 [OK ] reward= -6.3842  rank(-1 * (delta(close, 1) + decay_linear(volume, 20)))
[reward_only] iter 18/50 [OK ] reward=-40.1328  rank(-1 * (vwap - sma(close, 20)))
[reward_only] iter 19/50 [OK ] reward= -6.3840  rank(-1 * (delta(close, 1) + decay_linear(volume, 20) + sma(close, 20)))
[reward_only] iter 20/50 [OK ] reward= -5.4912  rank(-1 * (decay_linear(close, 20) + sma(volume, 20) + ts_rank(close, 20)))
[reward_only] iter 21/50 [OK ] reward=-187.9826  rank(-1 * (ts_rank(close, 20) - ts_rank(vwap, 20)))
[reward_only] iter 22/50 [OK ] reward= -5.5911  rank(-1 * (decay_linear(close, 20) + sma(volume, 20) + ts_rank(close, 20) - ts_rank(vwap, 20)))
[reward_only] iter 23/50 [OK ] reward= -5.4911  rank(-1 * (decay_linear(close, 20) + sma(volume, 20)))
[reward_only] iter 24/50 [OK ] reward=-119.1835  cs_rank((high - low) / (vwap + 1e-5))
[reward_only] iter 25/50 [OK ] reward= -5.6411  rank(-1 * (decay_linear(close, 20) + sma(volume, 20) + cs_rank((high - low) / (vwap + 1e-5))))
[reward_only] iter 26/50 [OK ] reward= -5.4911  rank(-1 * (decay_linear(close, 20) + sma(volume, 20)))
[reward_only] iter 27/50 [OK ] reward=-90.4659  cs_rank(high - low) * cs_rank(volume)
[reward_only] iter 28/50 [OK ] reward= -5.4912  rank(-1 * (decay_linear(close, 20) + sma(volume, 20) + ts_rank(close, 20)))
[reward_only] iter 29/50 [OK ] reward= -5.5411  rank(-1 * (decay_linear(close, 20) + sma(volume, 20) + cs_rank(close - open)))
[reward_only] iter 30/50 [OK ] reward= -5.4911  rank(-1 * (decay_linear(close, 20) + sma(volume, 20)))
[reward_only] iter 31/50 [OK ] reward=-55.1105  rank(-1 * (ts_rank(close, 20) + cs_rank(volume)))
[reward_only] iter 32/50 [OK ] reward= -2.1501  rank(-1 * (decay_linear(close, 20) + cs_rank(volume)))
[reward_only] iter 33/50 [OK ] reward= -9.0163  rank(-1 * (decay_linear(close, 20) + cs_rank(volume) + zscore(high - low, 20)))
[reward_only] iter 34/50 [OK ] reward= -2.1501  rank(-1 * (decay_linear(close, 20) + cs_rank(volume)))
[reward_only] iter 35/50 [OK ] reward= -2.3072  rank(-1 * (decay_linear(close, 20) + cs_rank(volume) * ts_rank(vwap, 20)))
[reward_only] iter 36/50 [OK ] reward= -2.5882  rank(-1 * (decay_linear(close, 20) + cs_rank(volume) + ts_rank(vwap, 20)))
[reward_only] iter 37/50 [OK ] reward= -4.3027  rank(-1 * (decay_linear(close, 20) + cs_rank(volume) + zscore(vwap, 20)))
[reward_only] iter 38/50 [OK ] reward= -5.4129  rank(-1 * (decay_linear(close, 20) + cs_rank(volume) + zscore(vwap, 20) + ts_rank(high - low, 20)))
[reward_only] iter 39/50 [OK ] reward= -4.3027  rank(-1 * (decay_linear(close, 20) + cs_rank(volume) + zscore(vwap, 20)))
[reward_only] iter 40/50 [OK ] reward= -2.5882  rank(-1 * (decay_linear(close, 20) + cs_rank(volume) + ts_rank(vwap, 20)))
[reward_only] iter 41/50 [OK ] reward= -5.3245  rank(-1 * (decay_linear(close, 20) + cs_rank(volume) + ts_rank(vwap, 20) + zscore(high, 20)))
[reward_only] iter 42/50 [OK ] reward= -2.1501  rank(-1 * (decay_linear(close, 20) + cs_rank(volume)))
[reward_only] iter 43/50 [OK ] reward= -2.6616  rank(-1 * (decay_linear(close, 20) + cs_rank(volume) + ts_rank(high, 20)))
[reward_only] iter 44/50 [OK ] reward= -2.3557  rank(-1 * (decay_linear(close, 20) + cs_rank(volume) - ts_rank(vwap, 20)))
[reward_only] iter 45/50 [OK ] reward= -2.3557  rank(-1 * (decay_linear(close, 20) + cs_rank(volume) - ts_rank(vwap, 20)))
[reward_only] iter 46/50 [ERR] reward=    -inf  rank(-1 * (decay_linear(close, 20) + cs_rank(volume) + ts_rank((high - low) / close, 20)))
[reward_only] iter 47/50 [OK ] reward= -3.9330  rank(-1 * (decay_linear(close, 20) + cs_rank(volume) + ts_rank((high - low) / (close + 1e-5), 20)))
[reward_only] iter 48/50 [OK ] reward= -2.1501  rank(-1 * (decay_linear(close, 20) + cs_rank(volume)))
[reward_only] iter 49/50 [OK ] reward= -9.0163  rank(-1 * (decay_linear(close, 20) + cs_rank(volume) + zscore(high - low, 20)))
[reward_only] iter 50/50 [OK ] reward= -2.1501  rank(-1 * (decay_linear(close, 20) + cs_rank(volume)))
[wfo:reward_only] fold 6 winner: rank(-1 * (decay_linear(close, 20) + cs_rank(volume)))
[wfo:reward_only] fold 6 OOS: Gross_IR=2.097 Turnover=4.37 Net_IR=1.791
[wfo:reward_only] fold 7: train 2008-01-01..2012-12-31 -> test 2013-01-01..2013-12-31
[reward_only] iter  0/50 [SEED] reward=-181.3433  rank(-1 * delta(close, 1))
[reward_only] iter  1/50 [ERR] reward=    -inf  cs_rank((close - open) / (high - low))
[reward_only] iter  2/50 [OK ] reward=-187.2188  cs_rank((-1 * delta(close, 1)) / (high - low + 1e-5))
[reward_only] iter  3/50 [OK ] reward=-187.2188  cs_rank((-1 * delta(close, 1)) / (high - low + 1e-5))
[reward_only] iter  4/50 [OK ] reward=-187.2188  cs_rank((-1 * delta(close, 1)) / (high - low + 1e-5))
[reward_only] iter  5/50 [OK ] reward=-187.2188  cs_rank((-1 * delta(close, 1)) / (high - low + 1e-5))
[reward_only] iter  6/50 [OK ] reward=-145.1271  cs_rank((-1 * delta(close, 1)) / (high - low + 1e-5)) + cs_rank(volume)
[reward_only] iter  7/50 [OK ] reward=-145.1271  cs_rank((-1 * delta(close, 1)) / (high - low + 1e-5)) + cs_rank(volume)
[reward_only] iter  8/50 [OK ] reward=-187.2188  cs_rank((-1 * delta(close, 1)) / (high - low + 1e-5))
[reward_only] iter  9/50 [OK ] reward=-143.4990  cs_rank((-1 * delta(close, 1)) / (high - low + 1e-5)) + cs_rank(volume / (high - low + 1e-5))
[reward_only] iter 10/50 [OK ] reward=-187.2188  cs_rank((-1 * delta(close, 1)) / (high - low + 1e-5))
[reward_only] iter 11/50 [OK ] reward=-134.9308  cs_rank((-1 * delta(close, 1)) / (high - low + 1e-5)) + cs_rank(volume / (high - low + 1e-5)) + cs_rank(vwap / (high - low + 1e-5))
[reward_only] iter 12/50 [OK ] reward=-143.4990  cs_rank((-1 * delta(close, 1)) / (high - low + 1e-5)) + cs_rank(volume / (high - low + 1e-5))
[reward_only] iter 13/50 [OK ] reward=-143.4990  cs_rank((-1 * delta(close, 1)) / (high - low + 1e-5)) + cs_rank(volume / (high - low + 1e-5))
[reward_only] iter 14/50 [OK ] reward=-143.4990  cs_rank((-1 * delta(close, 1)) / (high - low + 1e-5)) + cs_rank(volume / (high - low + 1e-5))
[reward_only] iter 15/50 [OK ] reward=-143.4990  cs_rank((-1 * delta(close, 1)) / (high - low + 1e-5)) + cs_rank(volume / (high - low + 1e-5))
[reward_only] iter 16/50 [OK ] reward=-134.9308  cs_rank((-1 * delta(close, 1)) / (high - low + 1e-5)) + cs_rank(volume / (high - low + 1e-5)) + cs_rank(vwap / (high - low + 1e-5))
[reward_only] iter 17/50 [OK ] reward=-143.4990  cs_rank((-1 * delta(close, 1)) / (high - low + 1e-5)) + cs_rank(volume / (high - low + 1e-5))
[reward_only] iter 18/50 [OK ] reward=-143.4990  cs_rank((-1 * delta(close, 1)) / (high - low + 1e-5)) + cs_rank(volume / (high - low + 1e-5))
[reward_only] iter 19/50 [OK ] reward=-134.9308  cs_rank((-1 * delta(close, 1)) / (high - low + 1e-5)) + cs_rank(volume / (high - low + 1e-5)) + cs_rank(vwap / (high - low + 1e-5))
[reward_only] iter 20/50 [OK ] reward=-143.4990  cs_rank((-1 * delta(close, 1)) / (high - low + 1e-5)) + cs_rank(volume / (high - low + 1e-5))
[reward_only] iter 21/50 [OK ] reward=-143.4990  cs_rank((-1 * delta(close, 1)) / (high - low + 1e-5)) + cs_rank(volume / (high - low + 1e-5))
[reward_only] iter 22/50 [OK ] reward=-143.4990  cs_rank((-1 * delta(close, 1)) / (high - low + 1e-5)) + cs_rank(volume / (high - low + 1e-5))
[reward_only] iter 23/50 [OK ] reward=-143.4990  cs_rank((-1 * delta(close, 1)) / (high - low + 1e-5)) + cs_rank(volume / (high - low + 1e-5))
[reward_only] iter 24/50 [OK ] reward=-143.4990  cs_rank((-1 * delta(close, 1)) / (high - low + 1e-5)) + cs_rank(volume / (high - low + 1e-5))
[reward_only] iter 25/50 [OK ] reward=-143.4990  cs_rank((-1 * delta(close, 1)) / (high - low + 1e-5)) + cs_rank(volume / (high - low + 1e-5))
[reward_only] iter 26/50 [OK ] reward=-143.4990  cs_rank((-1 * delta(close, 1)) / (high - low + 1e-5)) + cs_rank(volume / (high - low + 1e-5))
[reward_only] iter 27/50 [OK ] reward=-143.4990  cs_rank((-1 * delta(close, 1)) / (high - low + 1e-5)) + cs_rank(volume / (high - low + 1e-5))
[reward_only] iter 28/50 [OK ] reward=-143.4990  cs_rank((-1 * delta(close, 1)) / (high - low + 1e-5)) + cs_rank(volume / (high - low + 1e-5))
[reward_only] iter 29/50 [OK ] reward=-134.9308  cs_rank((-1 * delta(close, 1)) / (high - low + 1e-5)) + cs_rank(volume / (high - low + 1e-5)) + cs_rank(vwap / (high - low + 1e-5))
[reward_only] iter 30/50 [OK ] reward=-143.4990  cs_rank((-1 * delta(close, 1)) / (high - low + 1e-5)) + cs_rank(volume / (high - low + 1e-5))
[reward_only] iter 31/50 [OK ] reward=-143.4990  cs_rank((-1 * delta(close, 1)) / (high - low + 1e-5)) + cs_rank(volume / (high - low + 1e-5))
[reward_only] iter 32/50 [OK ] reward=-134.9308  cs_rank((-1 * delta(close, 1)) / (high - low + 1e-5)) + cs_rank(volume / (high - low + 1e-5)) + cs_rank(vwap / (high - low + 1e-5))
[reward_only] iter 33/50 [OK ] reward=-143.4990  cs_rank((-1 * delta(close, 1)) / (high - low + 1e-5)) + cs_rank(volume / (high - low + 1e-5))
[reward_only] iter 34/50 [OK ] reward=-143.4990  cs_rank((-1 * delta(close, 1)) / (high - low + 1e-5)) + cs_rank(volume / (high - low + 1e-5))
[reward_only] iter 35/50 [OK ] reward=-134.9308  cs_rank((-1 * delta(close, 1)) / (high - low + 1e-5)) + cs_rank(volume / (high - low + 1e-5)) + cs_rank(vwap / (high - low + 1e-5))
[reward_only] iter 36/50 [OK ] reward=-143.4990  cs_rank((-1 * delta(close, 1)) / (high - low + 1e-5)) + cs_rank(volume / (high - low + 1e-5))
[reward_only] iter 37/50 [OK ] reward=-134.9308  cs_rank((-1 * delta(close, 1)) / (high - low + 1e-5)) + cs_rank(volume / (high - low + 1e-5)) + cs_rank(vwap / (high - low + 1e-5))
[reward_only] iter 38/50 [OK ] reward=-143.4990  cs_rank((-1 * delta(close, 1)) / (high - low + 1e-5)) + cs_rank(volume / (high - low + 1e-5))
[reward_only] iter 39/50 [OK ] reward=-143.4990  cs_rank((-1 * delta(close, 1)) / (high - low + 1e-5)) + cs_rank(volume / (high - low + 1e-5))
[reward_only] iter 40/50 [OK ] reward=-143.4990  cs_rank((-1 * delta(close, 1)) / (high - low + 1e-5)) + cs_rank(volume / (high - low + 1e-5))
[reward_only] iter 41/50 [OK ] reward=-143.4990  cs_rank((-1 * delta(close, 1)) / (high - low + 1e-5)) + cs_rank(volume / (high - low + 1e-5))
[reward_only] iter 42/50 [OK ] reward=-143.4990  cs_rank((-1 * delta(close, 1)) / (high - low + 1e-5)) + cs_rank(volume / (high - low + 1e-5))
[reward_only] iter 43/50 [OK ] reward=-143.4990  cs_rank((-1 * delta(close, 1)) / (high - low + 1e-5)) + cs_rank(volume / (high - low + 1e-5))
[reward_only] iter 44/50 [OK ] reward=-143.4990  cs_rank((-1 * delta(close, 1)) / (high - low + 1e-5)) + cs_rank(volume / (high - low + 1e-5))
[reward_only] iter 45/50 [OK ] reward=-143.4990  cs_rank((-1 * delta(close, 1)) / (high - low + 1e-5)) + cs_rank(volume / (high - low + 1e-5))
[reward_only] iter 46/50 [OK ] reward=-143.4990  cs_rank((-1 * delta(close, 1)) / (high - low + 1e-5)) + cs_rank(volume / (high - low + 1e-5))
[reward_only] iter 47/50 [OK ] reward=-143.4990  cs_rank((-1 * delta(close, 1)) / (high - low + 1e-5)) + cs_rank(volume / (high - low + 1e-5))
[reward_only] iter 48/50 [OK ] reward=-143.4990  cs_rank((-1 * delta(close, 1)) / (high - low + 1e-5)) + cs_rank(volume / (high - low + 1e-5))
[reward_only] iter 49/50 [OK ] reward=-143.4990  cs_rank((-1 * delta(close, 1)) / (high - low + 1e-5)) + cs_rank(volume / (high - low + 1e-5))
[reward_only] iter 50/50 [OK ] reward=-143.4990  cs_rank((-1 * delta(close, 1)) / (high - low + 1e-5)) + cs_rank(volume / (high - low + 1e-5))
[wfo:reward_only] fold 7 winner: cs_rank((-1 * delta(close, 1)) / (high - low + 1e-5)) + cs_rank(volume / (high - low + 1e-5)) + cs_rank(vwap / (high - low + 1e-5))
[wfo:reward_only] fold 7 OOS: Gross_IR=0.593 Turnover=264.83 Net_IR=-18.974
[wfo:reward_only] fold 8: train 2009-01-01..2013-12-31 -> test 2014-01-01..2014-12-31
[reward_only] iter  0/50 [SEED] reward=-179.5774  rank(-1 * delta(close, 1))
[reward_only] iter  1/50 [OK ] reward=-181.4025  cs_rank(-1 * zscore(close - vwap, 20))
[reward_only] iter  2/50 [OK ] reward=-176.7292  cs_rank(-1 * zscore(close - vwap, 20) * decay_linear(close, 10))
[reward_only] iter  3/50 [OK ] reward=-178.0029  cs_rank(-1 * zscore(close - vwap, 20) * decay_linear(close, 10) * ts_rank(volume, 20))
[reward_only] iter  4/50 [OK ] reward=-176.7292  cs_rank(-1 * zscore(close - vwap, 20) * decay_linear(close, 10))
[reward_only] iter  5/50 [OK ] reward=-177.3260  cs_rank(-1 * zscore(close - vwap, 20) * decay_linear(close, 10) * cs_rank(volume))
[reward_only] iter  6/50 [OK ] reward=-176.7292  cs_rank(-1 * zscore(close - vwap, 20) * decay_linear(close, 10))
[reward_only] iter  7/50 [OK ] reward=-177.3260  cs_rank(-1 * zscore(close - vwap, 20) * decay_linear(close, 10) * cs_rank(volume))
[reward_only] iter  8/50 [OK ] reward=-176.7292  cs_rank(-1 * zscore(close - vwap, 20) * decay_linear(close, 10))
[reward_only] iter  9/50 [OK ] reward=-178.0029  cs_rank(-1 * zscore(close - vwap, 20) * decay_linear(close, 10) * ts_rank(volume, 20))
[reward_only] iter 10/50 [OK ] reward=-176.7292  cs_rank(-1 * zscore(close - vwap, 20) * decay_linear(close, 10))
[reward_only] iter 11/50 [OK ] reward=-179.9966  cs_rank(-1 * zscore(close - vwap, 20) * decay_linear(ts_rank(close, 10), 10))
[reward_only] iter 12/50 [OK ] reward=-177.3260  cs_rank(-1 * zscore(close - vwap, 20) * decay_linear(close, 10) * cs_rank(volume))
[reward_only] iter 13/50 [OK ] reward=-176.7292  cs_rank(-1 * zscore(close - vwap, 20) * decay_linear(close, 10))
[reward_only] iter 14/50 [OK ] reward=-178.2404  cs_rank(-1 * zscore(close - vwap, 20) * decay_linear(close - open, 10))
[reward_only] iter 15/50 [OK ] reward=-177.3260  cs_rank(-1 * zscore(close - vwap, 20) * decay_linear(close, 10) * cs_rank(volume))
[reward_only] iter 16/50 [OK ] reward=-176.7292  cs_rank(-1 * zscore(close - vwap, 20) * decay_linear(close, 10))
[reward_only] iter 17/50 [OK ] reward=-175.3250  cs_rank(-1 * zscore(close - vwap, 20) * decay_linear(close, 10) * sma(volume, 20))
[reward_only] iter 18/50 [OK ] reward=-175.3250  cs_rank(-1 * zscore(close - vwap, 20) * decay_linear(close, 10) * sma(volume, 20))
[reward_only] iter 19/50 [OK ] reward=-176.7292  cs_rank(-1 * zscore(close - vwap, 20) * decay_linear(close, 10))
[reward_only] iter 20/50 [OK ] reward=-173.4810  cs_rank(-1 * zscore(close - vwap, 20) * decay_linear(close, 10) * sma(volume, 20) * cs_rank(volume))
[reward_only] iter 21/50 [OK ] reward=-175.3250  cs_rank(-1 * zscore(close - vwap, 20) * decay_linear(close, 10) * sma(volume, 20))
[reward_only] iter 22/50 [OK ] reward=-175.3250  cs_rank(-1 * zscore(close - vwap, 20) * decay_linear(close, 10) * sma(volume, 20))
[reward_only] iter 23/50 [OK ] reward=-175.3250  cs_rank(-1 * zscore(close - vwap, 20) * decay_linear(close, 10) * sma(volume, 20))
[reward_only] iter 24/50 [OK ] reward=-175.3250  cs_rank(-1 * zscore(close - vwap, 20) * decay_linear(close, 10) * sma(volume, 20))
[reward_only] iter 25/50 [OK ] reward=-175.3250  cs_rank(-1 * zscore(close - vwap, 20) * decay_linear(close, 10) * sma(volume, 20))
[reward_only] iter 26/50 [OK ] reward=-175.3250  cs_rank(-1 * zscore(close - vwap, 20) * decay_linear(close, 10) * sma(volume, 20))
[reward_only] iter 27/50 [OK ] reward=-175.3250  cs_rank(-1 * zscore(close - vwap, 20) * decay_linear(close, 10) * sma(volume, 20))
[reward_only] iter 28/50 [OK ] reward=-175.3250  cs_rank(-1 * zscore(close - vwap, 20) * decay_linear(close, 10) * sma(volume, 20))
[reward_only] iter 29/50 [OK ] reward=-175.3250  cs_rank(-1 * zscore(close - vwap, 20) * decay_linear(close, 10) * sma(volume, 20))
[reward_only] iter 30/50 [OK ] reward=-175.3250  cs_rank(-1 * zscore(close - vwap, 20) * decay_linear(close, 10) * sma(volume, 20))
[reward_only] iter 31/50 [OK ] reward=-175.3250  cs_rank(-1 * zscore(close - vwap, 20) * decay_linear(close, 10) * sma(volume, 20))
[reward_only] iter 32/50 [OK ] reward=-175.3250  cs_rank(-1 * zscore(close - vwap, 20) * decay_linear(close, 10) * sma(volume, 20))
[reward_only] iter 33/50 [OK ] reward=-175.3250  cs_rank(-1 * zscore(close - vwap, 20) * decay_linear(close, 10) * sma(volume, 20))
[reward_only] iter 34/50 [OK ] reward=-175.3250  cs_rank(-1 * zscore(close - vwap, 20) * decay_linear(close, 10) * sma(volume, 20))
[reward_only] iter 35/50 [OK ] reward=-175.3250  cs_rank(-1 * zscore(close - vwap, 20) * decay_linear(close, 10) * sma(volume, 20))
[reward_only] iter 36/50 [OK ] reward=-175.3250  cs_rank(-1 * zscore(close - vwap, 20) * decay_linear(close, 10) * sma(volume, 20))
[reward_only] iter 37/50 [OK ] reward=-175.3250  cs_rank(-1 * zscore(close - vwap, 20) * decay_linear(close, 10) * sma(volume, 20))
[reward_only] iter 38/50 [OK ] reward=-175.3250  cs_rank(-1 * zscore(close - vwap, 20) * decay_linear(close, 10) * sma(volume, 20))
[reward_only] iter 39/50 [OK ] reward=-175.3250  cs_rank(-1 * zscore(close - vwap, 20) * decay_linear(close, 10) * sma(volume, 20))
[reward_only] iter 40/50 [OK ] reward=-175.3250  cs_rank(-1 * zscore(close - vwap, 20) * decay_linear(close, 10) * sma(volume, 20))
[reward_only] iter 41/50 [OK ] reward=-175.3250  cs_rank(-1 * zscore(close - vwap, 20) * decay_linear(close, 10) * sma(volume, 20))
[reward_only] iter 42/50 [OK ] reward=-175.3250  cs_rank(-1 * zscore(close - vwap, 20) * decay_linear(close, 10) * sma(volume, 20))
[reward_only] iter 43/50 [OK ] reward=-175.3250  cs_rank(-1 * zscore(close - vwap, 20) * decay_linear(close, 10) * sma(volume, 20))
[reward_only] iter 44/50 [OK ] reward=-175.3250  cs_rank(-1 * zscore(close - vwap, 20) * decay_linear(close, 10) * sma(volume, 20))
[reward_only] iter 45/50 [OK ] reward=-175.3250  cs_rank(-1 * zscore(close - vwap, 20) * decay_linear(close, 10) * sma(volume, 20))
[reward_only] iter 46/50 [OK ] reward=-175.3250  cs_rank(-1 * zscore(close - vwap, 20) * decay_linear(close, 10) * sma(volume, 20))
[reward_only] iter 47/50 [OK ] reward=-175.3250  cs_rank(-1 * zscore(close - vwap, 20) * decay_linear(close, 10) * sma(volume, 20))
[reward_only] iter 48/50 [OK ] reward=-175.3250  cs_rank(-1 * zscore(close - vwap, 20) * decay_linear(close, 10) * sma(volume, 20))
[reward_only] iter 49/50 [OK ] reward=-175.3250  cs_rank(-1 * zscore(close - vwap, 20) * decay_linear(close, 10) * sma(volume, 20))
[reward_only] iter 50/50 [OK ] reward=-177.3260  cs_rank(-1 * zscore(close - vwap, 20) * decay_linear(close, 10) * cs_rank(volume))
[wfo:reward_only] fold 8 winner: cs_rank(-1 * zscore(close - vwap, 20) * decay_linear(close, 10) * sma(volume, 20) * cs_rank(volume))
[wfo:reward_only] fold 8 OOS: Gross_IR=0.173 Turnover=313.18 Net_IR=-22.289
[wfo:reward_only] fold 9: train 2010-01-01..2014-12-31 -> test 2015-01-01..2015-12-31
[reward_only] iter  0/50 [SEED] reward=-178.1060  rank(-1 * delta(close, 1))
[reward_only] iter  1/50 [OK ] reward=-148.2789  cs_rank(-1 * delta(close, 1) + zscore(volume, 20))
[reward_only] iter  2/50 [OK ] reward= -8.4180  cs_rank(-1 * delta(close, 1) + zscore(volume, 20) + decay_linear(vwap, 50))
[reward_only] iter  3/50 [OK ] reward=-145.0442  cs_rank(-1 * delta(close, 1) + zscore(volume, 20) + ts_rank(vwap, 20))
[reward_only] iter  4/50 [OK ] reward= -8.8771  cs_rank(-1 * delta(close, 1) + zscore(volume, 20) + decay_linear(vwap, 50) + cs_rank(high - low))
[reward_only] iter  5/50 [OK ] reward= -8.4180  cs_rank(-1 * delta(close, 1) + zscore(volume, 20) + decay_linear(vwap, 50))
[reward_only] iter  6/50 [OK ] reward= -8.8771  cs_rank(-1 * delta(close, 1) + zscore(volume, 20) + decay_linear(vwap, 50) + cs_rank(high - low))
[reward_only] iter  7/50 [OK ] reward= -8.4180  cs_rank(-1 * delta(close, 1) + zscore(volume, 20) + decay_linear(vwap, 50))
[reward_only] iter  8/50 [OK ] reward=-104.3801  cs_rank(-1 * delta(close, 1) + zscore(volume, 20) + decay_linear(zscore(close, 50), 20))
[reward_only] iter  9/50 [OK ] reward= -8.4180  cs_rank(-1 * delta(close, 1) + zscore(volume, 20) + decay_linear(vwap, 50))
[reward_only] iter 10/50 [OK ] reward= -8.4110  cs_rank(-1 * delta(close, 1) + zscore(volume, 20) + decay_linear(close, 50))
[reward_only] iter 11/50 [OK ] reward= -8.4180  cs_rank(-1 * delta(close, 1) + zscore(volume, 20) + decay_linear(vwap, 50))
[reward_only] iter 12/50 [OK ] reward= -7.6274  cs_rank(-1 * ts_rank(close, 20) + zscore(volume, 20) + decay_linear(vwap, 50))
[reward_only] iter 13/50 [OK ] reward= -8.1143  cs_rank(-1 * ts_rank(close, 20) + zscore(volume, 20) + decay_linear(vwap, 50) + ts_rank(vwap - close, 20))
[reward_only] iter 14/50 [OK ] reward= -7.6274  cs_rank(-1 * ts_rank(close, 20) + zscore(volume, 20) + decay_linear(vwap, 50))
[reward_only] iter 15/50 [OK ] reward= -8.8446  cs_rank(-1 * ts_rank(close, 20) + zscore(volume, 20) + decay_linear(vwap, 50) + ts_rank(high - low, 20))
[reward_only] iter 16/50 [OK ] reward= -7.6274  cs_rank(-1 * ts_rank(close, 20) + zscore(volume, 20) + decay_linear(vwap, 50))
[reward_only] iter 17/50 [OK ] reward= -8.2560  cs_rank(-1 * ts_rank(close, 20) + zscore(volume, 20) + decay_linear(vwap, 50) + cs_rank(open - close))
[reward_only] iter 18/50 [OK ] reward= -7.6274  cs_rank(-1 * ts_rank(close, 20) + zscore(volume, 20) + decay_linear(vwap, 50))
[reward_only] iter 19/50 [OK ] reward= -8.8446  cs_rank(-1 * ts_rank(close, 20) + zscore(volume, 20) + decay_linear(vwap, 50) + ts_rank(high - low, 20))
[reward_only] iter 20/50 [OK ] reward= -7.6274  cs_rank(-1 * ts_rank(close, 20) + zscore(volume, 20) + decay_linear(vwap, 50))
[reward_only] iter 21/50 [OK ] reward= -8.8180  cs_rank(-1 * ts_rank(close, 20) + zscore(volume, 20) + decay_linear(vwap, 50) + cs_rank(abs(close - open) / (high - low + 1e-5)))
[reward_only] iter 22/50 [OK ] reward= -7.6274  cs_rank(-1 * ts_rank(close, 20) + zscore(volume, 20) + decay_linear(vwap, 50))
[reward_only] iter 23/50 [OK ] reward= -7.7709  cs_rank(-1 * ts_rank(close, 20) + zscore(volume, 20) + decay_linear(vwap, 50) + sma(close - open, 20))
[reward_only] iter 24/50 [OK ] reward= -7.6274  cs_rank(-1 * ts_rank(close, 20) + zscore(volume, 20) + decay_linear(vwap, 50))
[reward_only] iter 25/50 [OK ] reward= -8.0907  cs_rank(-1 * ts_rank(close, 20) + zscore(volume, 20) + decay_linear(vwap, 50) + cs_rank(close - open))
[reward_only] iter 26/50 [OK ] reward= -7.6274  cs_rank(-1 * ts_rank(close, 20) + zscore(volume, 20) + decay_linear(vwap, 50))
[reward_only] iter 27/50 [OK ] reward= -7.6539  cs_rank(ts_rank(close, 20) + zscore(volume, 20) + decay_linear(vwap, 50))
[reward_only] iter 28/50 [OK ] reward= -8.1791  cs_rank(-1 * ts_rank(close, 20) + zscore(volume, 20) + decay_linear(vwap, 50) + cs_rank(high - low))
[reward_only] iter 29/50 [OK ] reward= -7.6274  cs_rank(-1 * ts_rank(close, 20) + zscore(volume, 20) + decay_linear(vwap, 50))
[reward_only] iter 30/50 [OK ] reward=-10.5259  cs_rank(-1 * ts_rank(close, 20) + zscore(volume, 20) + decay_linear(vwap, 50) + zscore(close - open, 20))
[reward_only] iter 31/50 [OK ] reward= -7.6274  cs_rank(-1 * ts_rank(close, 20) + zscore(volume, 20) + decay_linear(vwap, 50))
[reward_only] iter 32/50 [OK ] reward= -8.0907  cs_rank(-1 * ts_rank(close, 20) + zscore(volume, 20) + decay_linear(vwap, 50) + cs_rank(close - open))
[reward_only] iter 33/50 [OK ] reward= -7.6274  cs_rank(-1 * ts_rank(close, 20) + zscore(volume, 20) + decay_linear(vwap, 50))
[reward_only] iter 34/50 [OK ] reward= -8.0907  cs_rank(-1 * ts_rank(close, 20) + zscore(volume, 20) + decay_linear(vwap, 50) + cs_rank(close - open))
[reward_only] iter 35/50 [OK ] reward= -7.6274  cs_rank(-1 * ts_rank(close, 20) + zscore(volume, 20) + decay_linear(vwap, 50))
[reward_only] iter 36/50 [OK ] reward= -7.1887  cs_rank(-1 * ts_rank(close, 50) + zscore(volume, 50) + decay_linear(vwap, 100))
[reward_only] iter 37/50 [OK ] reward= -7.6274  cs_rank(-1 * ts_rank(close, 20) + zscore(volume, 20) + decay_linear(vwap, 50))
[reward_only] iter 38/50 [OK ] reward= -7.7821  cs_rank(-1 * ts_rank(close, 50) + zscore(volume, 50) + decay_linear(vwap, 100) + cs_rank(high - low))
[reward_only] iter 39/50 [OK ] reward= -7.1887  cs_rank(-1 * ts_rank(close, 50) + zscore(volume, 50) + decay_linear(vwap, 100))
[reward_only] iter 40/50 [OK ] reward= -7.6463  cs_rank(-1 * ts_rank(close, 20) + zscore(volume, 20) + decay_linear(vwap, 60))
[reward_only] iter 41/50 [OK ] reward= -7.7821  cs_rank(-1 * ts_rank(close, 50) + zscore(volume, 50) + decay_linear(vwap, 100) + cs_rank(high - low))
[reward_only] iter 42/50 [OK ] reward= -7.1887  cs_rank(-1 * ts_rank(close, 50) + zscore(volume, 50) + decay_linear(vwap, 100))
[reward_only] iter 43/50 [OK ] reward= -7.6118  cs_rank(-1 * ts_rank(close, 20) + zscore(volume, 20) + decay_linear(vwap, 20))
[reward_only] iter 44/50 [OK ] reward= -8.0655  cs_rank(-1 * ts_rank(close, 20) + zscore(volume, 20) + decay_linear(vwap, 20) + cs_rank(close - open))
[reward_only] iter 45/50 [OK ] reward= -7.1887  cs_rank(-1 * ts_rank(close, 50) + zscore(volume, 50) + decay_linear(vwap, 100))
[reward_only] iter 46/50 [OK ] reward= -7.7646  cs_rank(-1 * ts_rank(close, 50) + zscore(volume, 50) + decay_linear(vwap, 100) + cs_rank(close - open))
[reward_only] iter 47/50 [OK ] reward= -7.1887  cs_rank(-1 * ts_rank(close, 50) + zscore(volume, 50) + decay_linear(vwap, 100))
[reward_only] iter 48/50 [OK ] reward= -7.7821  cs_rank(-1 * ts_rank(close, 50) + zscore(volume, 50) + decay_linear(vwap, 100) + cs_rank(high - low))
[reward_only] iter 49/50 [OK ] reward= -7.1887  cs_rank(-1 * ts_rank(close, 50) + zscore(volume, 50) + decay_linear(vwap, 100))
[reward_only] iter 50/50 [OK ] reward= -7.6274  cs_rank(-1 * ts_rank(close, 20) + zscore(volume, 20) + decay_linear(vwap, 50))
[wfo:reward_only] fold 9 winner: cs_rank(-1 * ts_rank(close, 50) + zscore(volume, 50) + decay_linear(vwap, 100))
[wfo:reward_only] fold 9 OOS: Gross_IR=0.347 Turnover=8.56 Net_IR=-0.129
[wfo:reward_only] fold 10: train 2011-01-01..2015-12-31 -> test 2016-01-01..2016-12-31
[reward_only] iter  0/50 [SEED] reward=-177.6210  rank(-1 * delta(close, 1))
[reward_only] iter  1/50 [OK ] reward=-145.1210  cs_rank(-1 * delta(close, 1) + zscore(volume, 60))
[reward_only] iter  2/50 [OK ] reward=-155.0266  cs_rank(-1 * delta(close, 1) + zscore(volume, 60) * cs_rank(vwap))
[reward_only] iter  3/50 [OK ] reward=-145.2715  cs_rank(-1 * delta(close, 1) + zscore(volume, 60) * cs_rank(vwap) / (cs_rank(vwap) + 1e-5))
[reward_only] iter  4/50 [OK ] reward=-155.0266  cs_rank(-1 * delta(close, 1) + zscore(volume, 60) * cs_rank(vwap))
[reward_only] iter  5/50 [OK ] reward=-111.8224  cs_rank(-1 * delta(close, 1) + zscore(volume, 60) * cs_rank(vwap)) + decay_linear(zscore(high - low, 20), 10)
[reward_only] iter  6/50 [OK ] reward=-111.8224  cs_rank(-1 * delta(close, 1) + zscore(volume, 60) * cs_rank(vwap)) + decay_linear(zscore(high - low, 20), 10)
[reward_only] iter  7/50 [OK ] reward=-155.0266  cs_rank(-1 * delta(close, 1) + zscore(volume, 60) * cs_rank(vwap))
[reward_only] iter  8/50 [OK ] reward=-149.4197  cs_rank(-1 * delta(close, 1) + zscore(volume, 60) * cs_rank(vwap)) + decay_linear(ts_rank(zscore(high - low, 20), 10), 10)
[reward_only] iter  9/50 [OK ] reward=-111.8224  cs_rank(-1 * delta(close, 1) + zscore(volume, 60) * cs_rank(vwap)) + decay_linear(zscore(high - low, 20), 10)
[reward_only] iter 10/50 [OK ] reward=-169.2045  cs_rank(-1 * delta(close, 1) + zscore(volume, 60) * cs_rank(vwap)) + ts_rank(zscore(high - low, 20), 20)
[reward_only] iter 11/50 [OK ] reward=-111.8224  cs_rank(-1 * delta(close, 1) + zscore(volume, 60) * cs_rank(vwap)) + decay_linear(zscore(high - low, 20), 10)
[reward_only] iter 12/50 [OK ] reward=-111.8224  cs_rank(-1 * delta(close, 1) + zscore(volume, 60) * cs_rank(vwap)) + decay_linear(zscore(high - low, 20), 10)
[reward_only] iter 13/50 [OK ] reward=-155.0266  cs_rank(-1 * delta(close, 1) + zscore(volume, 60) * cs_rank(vwap))
[reward_only] iter 14/50 [OK ] reward=-128.8520  cs_rank(-1 * delta(close, 1) + zscore(volume, 60) * cs_rank(vwap) + decay_linear(zscore(high - low, 20), 10))
[reward_only] iter 15/50 [OK ] reward=-111.8224  cs_rank(-1 * delta(close, 1) + zscore(volume, 60) * cs_rank(vwap)) + decay_linear(zscore(high - low, 20), 10)
[reward_only] iter 16/50 [OK ] reward=-155.0266  cs_rank(-1 * delta(close, 1) + zscore(volume, 60) * cs_rank(vwap))
[reward_only] iter 17/50 [OK ] reward=-88.5420  cs_rank(-1 * delta(close, 1) + zscore(volume, 60) * cs_rank(vwap) + ts_rank(high - low, 20)) + decay_linear(zscore(volume, 60), 10)
[reward_only] iter 18/50 [OK ] reward=-145.9051  cs_rank(-1 * delta(close, 1) + zscore(volume, 60) * cs_rank(vwap)) + decay_linear(ts_rank(high - low, 20), 10)
[reward_only] iter 19/50 [OK ] reward=-155.0266  cs_rank(-1 * delta(close, 1) + zscore(volume, 60) * cs_rank(vwap))
[reward_only] iter 20/50 [OK ] reward=-121.7611  cs_rank(-1 * delta(close, 1) + zscore(volume, 60) * cs_rank(vwap) + ts_rank(high - low, 20)) + decay_linear(zscore(volume, 60), 10) + cs_rank(vwap - close)
[reward_only] iter 21/50 [OK ] reward=-88.5420  cs_rank(-1 * delta(close, 1) + zscore(volume, 60) * cs_rank(vwap) + ts_rank(high - low, 20)) + decay_linear(zscore(volume, 60), 10)
[reward_only] iter 22/50 [OK ] reward=-155.6454  cs_rank(-1 * delta(close, 1) + zscore(volume, 60) * cs_rank(vwap) + ts_rank(high - low, 20))
[reward_only] iter 23/50 [OK ] reward=-88.5420  cs_rank(-1 * delta(close, 1) + zscore(volume, 60) * cs_rank(vwap) + ts_rank(high - low, 20)) + decay_linear(zscore(volume, 60), 10)
[reward_only] iter 24/50 [OK ] reward=-155.6454  cs_rank(-1 * delta(close, 1) + zscore(volume, 60) * cs_rank(vwap) + ts_rank(high - low, 20))
[reward_only] iter 25/50 [OK ] reward=-88.5420  cs_rank(-1 * delta(close, 1) + zscore(volume, 60) * cs_rank(vwap) + ts_rank(high - low, 20)) + decay_linear(zscore(volume, 60), 10)
[reward_only] iter 26/50 [OK ] reward=-155.6454  cs_rank(-1 * delta(close, 1) + zscore(volume, 60) * cs_rank(vwap) + ts_rank(high - low, 20))
[reward_only] iter 27/50 [OK ] reward=-155.6454  cs_rank(-1 * delta(close, 1) + zscore(volume, 60) * cs_rank(vwap) + ts_rank(high - low, 20))
[reward_only] iter 28/50 [OK ] reward=-88.5420  cs_rank(-1 * delta(close, 1) + zscore(volume, 60) * cs_rank(vwap) + ts_rank(high - low, 20)) + decay_linear(zscore(volume, 60), 10)
[reward_only] iter 29/50 [OK ] reward=-145.9051  cs_rank(-1 * delta(close, 1) + zscore(volume, 60) * cs_rank(vwap)) + decay_linear(ts_rank(high - low, 20), 10)
[reward_only] iter 30/50 [OK ] reward=-168.3412  cs_rank(-1 * delta(close, 1) + zscore(volume, 60) * cs_rank(vwap)) + ts_rank(high - low, 20)
[reward_only] iter 31/50 [OK ] reward=-168.3412  cs_rank(-1 * delta(close, 1) + zscore(volume, 60) * cs_rank(vwap)) + ts_rank(high - low, 20)
[reward_only] iter 32/50 [OK ] reward=-155.6454  cs_rank(-1 * delta(close, 1) + zscore(volume, 60) * cs_rank(vwap) + ts_rank(high - low, 20))
[reward_only] iter 33/50 [OK ] reward=-155.6454  cs_rank(-1 * delta(close, 1) + zscore(volume, 60) * cs_rank(vwap) + ts_rank(high - low, 20))
[reward_only] iter 34/50 [OK ] reward=-88.5420  cs_rank(-1 * delta(close, 1) + zscore(volume, 60) * cs_rank(vwap) + ts_rank(high - low, 20)) + decay_linear(zscore(volume, 60), 10)
[reward_only] iter 35/50 [OK ] reward=-155.6454  cs_rank(-1 * delta(close, 1) + zscore(volume, 60) * cs_rank(vwap) + ts_rank(high - low, 20))
[reward_only] iter 36/50 [OK ] reward=-88.5420  cs_rank(-1 * delta(close, 1) + zscore(volume, 60) * cs_rank(vwap) + ts_rank(high - low, 20)) + decay_linear(zscore(volume, 60), 10)
[reward_only] iter 37/50 [OK ] reward=-86.3773  cs_rank(-1 * delta(close, 1) + zscore(volume, 60) * cs_rank(vwap)) + decay_linear(zscore(volume, 60), 10)
[reward_only] iter 38/50 [OK ] reward=-155.0266  cs_rank(-1 * delta(close, 1) + zscore(volume, 60) * cs_rank(vwap))
[reward_only] iter 39/50 [OK ] reward=-86.3773  cs_rank(-1 * delta(close, 1) + zscore(volume, 60) * cs_rank(vwap)) + decay_linear(zscore(volume, 60), 10)
[reward_only] iter 40/50 [OK ] reward=-155.0266  cs_rank(-1 * delta(close, 1) + zscore(volume, 60) * cs_rank(vwap))
[reward_only] iter 41/50 [OK ] reward=-90.8772  cs_rank(-1 * delta(close, 1) + zscore(volume, 60) * cs_rank(vwap)) + decay_linear(zscore(volume, 60), 10) - cs_rank(ts_rank(close, 20))
[reward_only] iter 42/50 [OK ] reward=-86.3773  cs_rank(-1 * delta(close, 1) + zscore(volume, 60) * cs_rank(vwap)) + decay_linear(zscore(volume, 60), 10)
[reward_only] iter 43/50 [OK ] reward=-155.0266  cs_rank(-1 * delta(close, 1) + zscore(volume, 60) * cs_rank(vwap))
[reward_only] iter 44/50 [OK ] reward=-105.3549  cs_rank(-1 * delta(close, 1) + zscore(volume, 60) * cs_rank(vwap)) + decay_linear(zscore(volume, 60), 10) - ts_rank(abs(delta(close, 1)), 30)
[reward_only] iter 45/50 [OK ] reward=-86.3773  cs_rank(-1 * delta(close, 1) + zscore(volume, 60) * cs_rank(vwap)) + decay_linear(zscore(volume, 60), 10)
[reward_only] iter 46/50 [OK ] reward=-80.9169  cs_rank(-1 * delta(close, 1) + zscore(volume, 60)) + decay_linear(zscore(volume, 60), 10)
[reward_only] iter 47/50 [OK ] reward=-145.1210  cs_rank(-1 * delta(close, 1) + zscore(volume, 60))
[reward_only] iter 48/50 [OK ] reward=-116.6818  cs_rank(-1 * delta(close, 1) + zscore(volume, 60)) + decay_linear(ts_rank(volume, 60), 10)
[reward_only] iter 49/50 [OK ] reward=-80.9169  cs_rank(-1 * delta(close, 1) + zscore(volume, 60)) + decay_linear(zscore(volume, 60), 10)
[reward_only] iter 50/50 [OK ] reward=-145.1210  cs_rank(-1 * delta(close, 1) + zscore(volume, 60))
[wfo:reward_only] fold 10 winner: cs_rank(-1 * delta(close, 1) + zscore(volume, 60)) + decay_linear(zscore(volume, 60), 10)
[wfo:reward_only] fold 10 OOS: Gross_IR=1.235 Turnover=155.16 Net_IR=-6.274
[wfo:reward_only] fold 11: train 2012-01-01..2016-12-31 -> test 2017-01-01..2017-12-31
[reward_only] iter  0/50 [SEED] reward=-177.4834  rank(-1 * delta(close, 1))
[reward_only] iter  1/50 [OK ] reward=-150.0918  cs_rank(-1 * delta(close, 1) + zscore(volume, 20))
[reward_only] iter  2/50 [OK ] reward= -7.8465  cs_rank(-1 * delta(close, 1) + zscore(volume, 20) + decay_linear(close, 20))
[reward_only] iter  3/50 [OK ] reward=-157.9785  cs_rank(-1 * delta(close, 1) + zscore(volume, 20) + cs_rank(vwap - close))
[reward_only] iter  4/50 [OK ] reward= -7.8465  cs_rank(-1 * delta(close, 1) + zscore(volume, 20) + decay_linear(close, 20))
[reward_only] iter  5/50 [OK ] reward= -8.7812  cs_rank(-1 * zscore(delta(close, 1), 20) + zscore(volume, 20) + decay_linear(close, 20))
[reward_only] iter  6/50 [OK ] reward=-156.8136  cs_rank(-1 * zscore(delta(close, 1), 20) + zscore(volume, 20))
[reward_only] iter  7/50 [OK ] reward= -7.9110  cs_rank(-1 * delta(close, 1) + zscore(volume, 20) + decay_linear(close, 20) + ts_rank(vwap, 20))
[reward_only] iter  8/50 [OK ] reward= -7.8465  cs_rank(-1 * delta(close, 1) + zscore(volume, 20) + decay_linear(close, 20))
[reward_only] iter  9/50 [OK ] reward=-124.4022  cs_rank(-1 * delta(close, 1) + zscore(volume, 20) + decay_linear(high - low, 20))
[reward_only] iter 10/50 [OK ] reward= -7.8465  cs_rank(-1 * delta(close, 1) + zscore(volume, 20) + decay_linear(close, 20))
[reward_only] iter 11/50 [OK ] reward= -8.1019  cs_rank(zscore(high - low, 20) + decay_linear(close, 20) + cs_rank(volume))
[reward_only] iter 12/50 [ERR] reward=    -inf  cs_rank(close / (high - low) + zscore(volume, 20) + decay_linear(close, 20))
[reward_only] iter 13/50 [OK ] reward= -8.2571  cs_rank(-1 * delta(close, 1) + zscore(volume, 20) + decay_linear(close, 20) + cs_rank(high - low))
[reward_only] iter 14/50 [OK ] reward= -7.8465  cs_rank(-1 * delta(close, 1) + zscore(volume, 20) + decay_linear(close, 20))
[reward_only] iter 15/50 [OK ] reward= -7.8609  cs_rank(-1 * delta(close, 1) + zscore(volume, 20) + decay_linear(vwap, 20))
[reward_only] iter 16/50 [OK ] reward=-124.4022  cs_rank(-1 * delta(close, 1) + zscore(volume, 20) + decay_linear(high - low, 20))
[reward_only] iter 17/50 [OK ] reward= -7.8465  cs_rank(-1 * delta(close, 1) + zscore(volume, 20) + decay_linear(close, 20))
[reward_only] iter 18/50 [OK ] reward= -7.9110  cs_rank(-1 * delta(close, 1) + zscore(volume, 20) + decay_linear(close, 20) + ts_rank(vwap, 20))
[reward_only] iter 19/50 [OK ] reward= -7.8465  cs_rank(-1 * delta(close, 1) + zscore(volume, 20) + decay_linear(close, 20))
[reward_only] iter 20/50 [OK ] reward= -7.8609  cs_rank(-1 * delta(close, 1) + zscore(volume, 20) + decay_linear(vwap, 20))
[reward_only] iter 21/50 [OK ] reward=-124.4022  cs_rank(-1 * delta(close, 1) + zscore(volume, 20) + decay_linear(high - low, 20))
[reward_only] iter 22/50 [OK ] reward= -7.8465  cs_rank(-1 * delta(close, 1) + zscore(volume, 20) + decay_linear(close, 20))
[reward_only] iter 23/50 [OK ] reward= -7.9110  cs_rank(-1 * delta(close, 1) + zscore(volume, 20) + decay_linear(close, 20) + ts_rank(vwap, 20))
[reward_only] iter 24/50 [OK ] reward= -7.8465  cs_rank(-1 * delta(close, 1) + zscore(volume, 20) + decay_linear(close, 20))
[reward_only] iter 25/50 [OK ] reward= -5.7237  cs_rank(-1 * delta(close, 1) + cs_rank(volume) + decay_linear(close, 20))
[reward_only] iter 26/50 [OK ] reward= -5.8142  cs_rank(-1 * delta(close, 1) + cs_rank(volume / (vwap + 1e-5)) + decay_linear(close, 20))
[reward_only] iter 27/50 [OK ] reward= -5.7237  cs_rank(-1 * delta(close, 1) + cs_rank(volume) + decay_linear(close, 20))
[reward_only] iter 28/50 [OK ] reward= -5.9701  cs_rank(-1 * delta(close, 1) + cs_rank(volume) + decay_linear(close, 20) + cs_rank(high - low))
[reward_only] iter 29/50 [OK ] reward= -5.7237  cs_rank(-1 * delta(close, 1) + cs_rank(volume) + decay_linear(close, 20))
[reward_only] iter 30/50 [OK ] reward=-139.6317  cs_rank(-1 * delta(close, 1) + cs_rank(volume) + ts_rank(close, 20))
[reward_only] iter 31/50 [OK ] reward=-113.9959  cs_rank(-1 * delta(close, 1) + cs_rank(volume) + decay_linear(stddev(close, 20), 20))
[reward_only] iter 32/50 [OK ] reward= -5.7237  cs_rank(-1 * delta(close, 1) + cs_rank(volume) + decay_linear(close, 20))
[reward_only] iter 33/50 [OK ] reward= -4.9461  cs_rank(-1 * zscore(close, 20) + cs_rank(volume) + decay_linear(close, 20))
[reward_only] iter 34/50 [OK ] reward=-61.6621  cs_rank(-1 * zscore(close, 20) + cs_rank(volume) + decay_linear(ts_rank(close, 20), 20))
[reward_only] iter 35/50 [OK ] reward= -4.9461  cs_rank(-1 * zscore(close, 20) + cs_rank(volume) + decay_linear(close, 20))
[reward_only] iter 36/50 [OK ] reward= -3.7296  cs_rank(-1 * ts_rank(close, 20) + cs_rank(volume) + decay_linear(close, 20))
[reward_only] iter 37/50 [OK ] reward= -4.5430  cs_rank(-1 * ts_rank(close, 20) + cs_rank(volume) + decay_linear(close, 20) + cs_rank(vwap - open))
[reward_only] iter 38/50 [OK ] reward= -3.7296  cs_rank(-1 * ts_rank(close, 20) + cs_rank(volume) + decay_linear(close, 20))
[reward_only] iter 39/50 [OK ] reward= -3.7811  cs_rank(ts_rank(close, 20) - ts_rank(close, 100) + cs_rank(volume) + decay_linear(close, 20))
[reward_only] iter 40/50 [OK ] reward= -3.7449  cs_rank(-1 * ts_rank(close, 20) + cs_rank(volume) + decay_linear(vwap, 20))
[reward_only] iter 41/50 [ERR] reward=    -inf  cs_rank(ts_rank(close, 20) - cs_rank(vwap, 20) + decay_linear(volume, 20))
[reward_only] iter 42/50 [OK ] reward= -3.8188  cs_rank(-1 * ts_rank(close, 20) + cs_rank(volume) + decay_linear(close, 20) + cs_rank(vwap))
[reward_only] iter 43/50 [OK ] reward= -3.7296  cs_rank(-1 * ts_rank(close, 20) + cs_rank(volume) + decay_linear(close, 20))
[reward_only] iter 44/50 [OK ] reward= -4.8812  cs_rank(-1 * ts_rank(close, 20) + cs_rank(volume) + decay_linear(close, 20) + cs_rank(vwap - close))
[reward_only] iter 45/50 [OK ] reward= -3.7296  cs_rank(-1 * ts_rank(close, 20) + cs_rank(volume) + decay_linear(close, 20))
[reward_only] iter 46/50 [ERR] reward=    -inf  cs_rank(-1 * ts_rank(close, 20) + cs_rank(volume) + decay_linear(close, 20) + cs_rank((close - open) / (high - low)))
[reward_only] iter 47/50 [OK ] reward= -4.9300  cs_rank(-1 * ts_rank(close, 20) + cs_rank(volume) + decay_linear(close, 20) + cs_rank((close - open) / (high - low + 1e-5)))
[reward_only] iter 48/50 [OK ] reward= -3.7296  cs_rank(-1 * ts_rank(close, 20) + cs_rank(volume) + decay_linear(close, 20))
[reward_only] iter 49/50 [OK ] reward= -3.7296  cs_rank(-1 * ts_rank(close, 20) + cs_rank(volume) + decay_linear(close, 20))
[reward_only] iter 50/50 [OK ] reward= -4.2677  cs_rank(-1 * ts_rank(close, 20) + cs_rank(volume) + decay_linear(close, 20) + cs_rank(high - low))
[wfo:reward_only] fold 11 winner: cs_rank(-1 * ts_rank(close, 20) + cs_rank(volume) + decay_linear(close, 20))
[wfo:reward_only] fold 11 OOS: Gross_IR=-0.111 Turnover=3.77 Net_IR=-0.387
[wfo:reward_only] fold 12: train 2013-01-01..2017-12-31 -> test 2018-01-01..2018-12-31
[reward_only] iter  0/50 [SEED] reward=-176.5080  rank(-1 * delta(close, 1))
[reward_only] iter  1/50 [OK ] reward=-151.4994  cs_rank(-1 * delta(close, 1) + zscore(volume, 20))
[reward_only] iter  2/50 [OK ] reward=-122.2293  cs_rank(-1 * delta(close, 1) + zscore(volume, 20) + sma(high - low, 5))
[reward_only] iter  3/50 [OK ] reward=-151.4994  cs_rank(-1 * delta(close, 1) + zscore(volume, 20))
[reward_only] iter  4/50 [OK ] reward=-135.8557  cs_rank(-1 * delta(close, 1) + zscore(volume, 20) + sma(high - low, 5) + cs_rank(vwap - close))
[reward_only] iter  5/50 [OK ] reward=-122.2293  cs_rank(-1 * delta(close, 1) + zscore(volume, 20) + sma(high - low, 5))
[reward_only] iter  6/50 [OK ] reward=-151.4994  cs_rank(-1 * delta(close, 1) + zscore(volume, 20))
[reward_only] iter  7/50 [OK ] reward=-118.8900  cs_rank(-1 * delta(close, 1) + zscore(volume, 20) + sma(high - low, 5) + ts_rank(close, 10))
[reward_only] iter  8/50 [OK ] reward=-122.2293  cs_rank(-1 * delta(close, 1) + zscore(volume, 20) + sma(high - low, 5))
[reward_only] iter  9/50 [OK ] reward=-122.2293  cs_rank(-1 * delta(close, 1) + zscore(volume, 20) + sma(high - low, 5))
[reward_only] iter 10/50 [OK ] reward=-122.2293  cs_rank(-1 * delta(close, 1) + zscore(volume, 20) + sma(high - low, 5))
[reward_only] iter 11/50 [OK ] reward=-122.2293  cs_rank(-1 * delta(close, 1) + zscore(volume, 20) + sma(high - low, 5))
[reward_only] iter 12/50 [OK ] reward=-149.7353  cs_rank(-1 * delta(close, 1) + zscore(volume, 20) + ts_rank(close, 10))
[reward_only] iter 13/50 [OK ] reward= -7.0348  cs_rank(-1 * delta(close, 1) + zscore(volume, 20) + sma(high - low, 5) + ts_rank(close, 10) + decay_linear(close, 20))
[reward_only] iter 14/50 [OK ] reward=-122.2293  cs_rank(-1 * delta(close, 1) + zscore(volume, 20) + sma(high - low, 5))
[reward_only] iter 15/50 [OK ] reward= -7.0571  cs_rank(-1 * delta(close, 1) + zscore(volume, 20) + sma(high - low, 5) + decay_linear(close, 20))
[reward_only] iter 16/50 [OK ] reward= -6.9075  cs_rank(-1 * delta(close, 1) + zscore(volume, 20) + decay_linear(close, 20))
[reward_only] iter 17/50 [OK ] reward=-89.8519  cs_rank(-1 * decay_linear(high - low, 20) + zscore(volume, 20) + ts_rank(close, 20))
[reward_only] iter 18/50 [OK ] reward= -6.9075  cs_rank(-1 * delta(close, 1) + zscore(volume, 20) + decay_linear(close, 20))
[reward_only] iter 19/50 [OK ] reward= -6.3308  cs_rank(-1 * zscore(close, 20) + zscore(volume, 20) + decay_linear(close, 20))
[reward_only] iter 20/50 [OK ] reward=-102.0561  cs_rank(ts_rank(close, 20) - ts_rank(volume, 20))
[reward_only] iter 21/50 [OK ] reward= -6.7456  cs_rank(-1 * zscore(close, 20) + zscore(volume, 20) + decay_linear(close, 20) + cs_rank(high - low))
[reward_only] iter 22/50 [OK ] reward= -6.3308  cs_rank(-1 * zscore(close, 20) + zscore(volume, 20) + decay_linear(close, 20))
[reward_only] iter 23/50 [OK ] reward=-91.1334  cs_rank(-1 * zscore(close, 20) + zscore(volume, 20) + decay_linear(close - open, 20))
[reward_only] iter 24/50 [OK ] reward= -6.3308  cs_rank(-1 * zscore(close, 20) + zscore(volume, 20) + decay_linear(close, 20))
[reward_only] iter 25/50 [OK ] reward= -5.9637  cs_rank(-1 * ts_rank(close, 20) + zscore(volume, 20) + decay_linear(close, 20))
[reward_only] iter 26/50 [OK ] reward= -6.3269  cs_rank(-1 * ts_rank(close, 20) + zscore(volume, 20) + decay_linear(close, 20) + cs_rank(close - open))
[reward_only] iter 27/50 [OK ] reward= -5.9637  cs_rank(-1 * ts_rank(close, 20) + zscore(volume, 20) + decay_linear(close, 20))
[reward_only] iter 28/50 [OK ] reward=-121.3372  cs_rank(-1 * ts_rank(close, 20) + zscore(volume, 20) + decay_linear(close - open, 20))
[reward_only] iter 29/50 [OK ] reward= -5.9637  cs_rank(-1 * ts_rank(close, 20) + zscore(volume, 20) + decay_linear(close, 20))
[reward_only] iter 30/50 [OK ] reward=-89.9978  cs_rank(-1 * ts_rank(close, 20) + zscore(volume, 20) + decay_linear(high - low, 20))
[reward_only] iter 31/50 [OK ] reward= -5.9637  cs_rank(-1 * ts_rank(close, 20) + zscore(volume, 20) + decay_linear(close, 20))
[reward_only] iter 32/50 [OK ] reward= -6.3252  cs_rank(-1 * ts_rank(close, 20) + zscore(volume, 20) + decay_linear(close, 20) + cs_rank(vwap - open))
[reward_only] iter 33/50 [OK ] reward= -5.9637  cs_rank(-1 * ts_rank(close, 20) + zscore(volume, 20) + decay_linear(close, 20))
[reward_only] iter 34/50 [OK ] reward=-89.9978  cs_rank(-1 * ts_rank(close, 20) + zscore(volume, 20) + decay_linear(high - low, 20))
[reward_only] iter 35/50 [OK ] reward= -5.9637  cs_rank(-1 * ts_rank(close, 20) + zscore(volume, 20) + decay_linear(close, 20))
[reward_only] iter 36/50 [OK ] reward= -6.4127  cs_rank(-1 * ts_rank(close, 20) + zscore(volume, 20) + decay_linear(close, 20) + cs_rank(vwap - close))
[reward_only] iter 37/50 [OK ] reward= -5.9637  cs_rank(-1 * ts_rank(close, 20) + zscore(volume, 20) + decay_linear(close, 20))
[reward_only] iter 38/50 [OK ] reward= -6.4744  cs_rank(-1 * ts_rank(close, 20) + zscore(volume, 20) + decay_linear(close, 20) + cs_rank(close / (open + 1e-5)))
[reward_only] iter 39/50 [OK ] reward= -5.9637  cs_rank(-1 * ts_rank(close, 20) + zscore(volume, 20) + decay_linear(close, 20))
[reward_only] iter 40/50 [OK ] reward= -6.1005  cs_rank(-1 * ts_rank(close, 20) + zscore(volume, 20) + decay_linear(close, 20) + sma(high - low, 20))
[reward_only] iter 41/50 [OK ] reward= -5.9637  cs_rank(-1 * ts_rank(close, 20) + zscore(volume, 20) + decay_linear(close, 20))
[reward_only] iter 42/50 [OK ] reward= -6.4413  cs_rank(-1 * ts_rank(close, 20) + zscore(volume, 20) + decay_linear(close, 20) + cs_rank(high - low))
[reward_only] iter 43/50 [OK ] reward= -5.9637  cs_rank(-1 * ts_rank(close, 20) + zscore(volume, 20) + decay_linear(close, 20))
[reward_only] iter 44/50 [ERR] reward=    -inf  cs_rank((close - open) / (high - low) + zscore(volume, 20))
[reward_only] iter 45/50 [OK ] reward= -6.9254  cs_rank(-1 * ts_rank(close, 20) + zscore(volume, 20) + decay_linear(close, 20) + (close - open) / (high - low + 1e-5))
[reward_only] iter 46/50 [OK ] reward= -5.9637  cs_rank(-1 * ts_rank(close, 20) + zscore(volume, 20) + decay_linear(close, 20))
[reward_only] iter 47/50 [ERR] reward=    -inf  cs_rank(-1 * ts_rank(close, 20) + zscore(volume, 20) + decay_linear((close - open) / (high - low), 20))
[reward_only] iter 48/50 [OK ] reward=-123.5544  cs_rank(-1 * ts_rank(close, 20) + zscore(volume, 20) + decay_linear((close - open) / (high - low + 1e-5), 20))
[reward_only] iter 49/50 [OK ] reward= -5.9637  cs_rank(-1 * ts_rank(close, 20) + zscore(volume, 20) + decay_linear(close, 20))
[reward_only] iter 50/50 [OK ] reward= -6.4413  cs_rank(-1 * ts_rank(close, 20) + zscore(volume, 20) + decay_linear(close, 20) + cs_rank(high - low))
[wfo:reward_only] fold 12 winner: cs_rank(-1 * ts_rank(close, 20) + zscore(volume, 20) + decay_linear(close, 20))
[wfo:reward_only] fold 12 OOS: Gross_IR=-0.099 Turnover=7.21 Net_IR=-0.571
[wfo:reward_only] fold 13: train 2014-01-01..2018-12-31 -> test 2019-01-01..2019-12-31
[reward_only] iter  0/50 [SEED] reward=-176.0983  rank(-1 * delta(close, 1))
[reward_only] iter  1/50 [OK ] reward=-180.8914  cs_rank(-1 * (close - open) / (high - low + 1e-5))
[reward_only] iter  2/50 [OK ] reward=-184.2184  cs_rank(-1 * (close - open) / (high - low + 1e-5) + decay_linear(rank(close - vwap), 10))
[reward_only] iter  3/50 [OK ] reward=-180.8914  cs_rank(-1 * (close - open) / (high - low + 1e-5))
[reward_only] iter  4/50 [OK ] reward=-145.6950  cs_rank(-1 * (close - open) / (high - low + 1e-5) + zscore(volume, 20))
[reward_only] iter  5/50 [OK ] reward=-145.6950  cs_rank(-1 * (close - open) / (high - low + 1e-5) + zscore(volume, 20))
[reward_only] iter  6/50 [OK ] reward=-180.8914  cs_rank(-1 * (close - open) / (high - low + 1e-5))
[reward_only] iter  7/50 [OK ] reward=-165.7500  cs_rank(-1 * (close - open) / (high - low + 1e-5) + decay_linear(zscore(volume, 20), 50))
[reward_only] iter  8/50 [OK ] reward=-145.6950  cs_rank(-1 * (close - open) / (high - low + 1e-5) + zscore(volume, 20))
[reward_only] iter  9/50 [OK ] reward=-180.8914  cs_rank(-1 * (close - open) / (high - low + 1e-5))
[reward_only] iter 10/50 [OK ] reward=-142.4251  cs_rank(-1 * (close - open) / (high - low + 1e-5) + zscore(volume, 20) + decay_linear(ts_rank(close, 20), 10))
[reward_only] iter 11/50 [OK ] reward=-141.5606  cs_rank(-1 * (close - open) / (high - low + 1e-5) + zscore(volume, 20) + ts_rank(close, 20))
[reward_only] iter 12/50 [OK ] reward=-145.6950  cs_rank(-1 * (close - open) / (high - low + 1e-5) + zscore(volume, 20))
[reward_only] iter 13/50 [OK ] reward=-145.6950  cs_rank(-1 * (close - open) / (high - low + 1e-5) + zscore(volume, 20))
[reward_only] iter 14/50 [OK ] reward=-145.6950  cs_rank(-1 * (close - open) / (high - low + 1e-5) + zscore(volume, 20))
[reward_only] iter 15/50 [OK ] reward=-145.6950  cs_rank(-1 * (close - open) / (high - low + 1e-5) + zscore(volume, 20))
[reward_only] iter 16/50 [OK ] reward=-145.6950  cs_rank(-1 * (close - open) / (high - low + 1e-5) + zscore(volume, 20))
[reward_only] iter 17/50 [OK ] reward=-164.5527  cs_rank(-1 * (close - open) / (high - low + 1e-5) + ts_rank(close, 20))
[reward_only] iter 18/50 [OK ] reward=-145.6950  cs_rank(-1 * (close - open) / (high - low + 1e-5) + zscore(volume, 20))
[reward_only] iter 19/50 [OK ] reward=-145.6950  cs_rank(-1 * (close - open) / (high - low + 1e-5) + zscore(volume, 20))
[reward_only] iter 20/50 [OK ] reward=-145.6950  cs_rank(-1 * (close - open) / (high - low + 1e-5) + zscore(volume, 20))
[reward_only] iter 21/50 [OK ] reward=-145.6950  cs_rank(-1 * (close - open) / (high - low + 1e-5) + zscore(volume, 20))
[reward_only] iter 22/50 [OK ] reward=-145.6950  cs_rank(-1 * (close - open) / (high - low + 1e-5) + zscore(volume, 20))
[reward_only] iter 23/50 [OK ] reward=-145.6950  cs_rank(-1 * (close - open) / (high - low + 1e-5) + zscore(volume, 20))
[reward_only] iter 24/50 [OK ] reward=-145.6950  cs_rank(-1 * (close - open) / (high - low + 1e-5) + zscore(volume, 20))
[reward_only] iter 25/50 [OK ] reward=-145.6950  cs_rank(-1 * (close - open) / (high - low + 1e-5) + zscore(volume, 20))
[reward_only] iter 26/50 [OK ] reward=-164.5527  cs_rank(-1 * (close - open) / (high - low + 1e-5) + ts_rank(close, 20))
[reward_only] iter 27/50 [OK ] reward=-145.6950  cs_rank(-1 * (close - open) / (high - low + 1e-5) + zscore(volume, 20))
[reward_only] iter 28/50 [OK ] reward=-145.6950  cs_rank(-1 * (close - open) / (high - low + 1e-5) + zscore(volume, 20))
[reward_only] iter 29/50 [OK ] reward=-145.6950  cs_rank(-1 * (close - open) / (high - low + 1e-5) + zscore(volume, 20))
[reward_only] iter 30/50 [OK ] reward=-145.6950  cs_rank(-1 * (close - open) / (high - low + 1e-5) + zscore(volume, 20))
[reward_only] iter 31/50 [OK ] reward=-145.6950  cs_rank(-1 * (close - open) / (high - low + 1e-5) + zscore(volume, 20))
[reward_only] iter 32/50 [OK ] reward=-145.6950  cs_rank(-1 * (close - open) / (high - low + 1e-5) + zscore(volume, 20))
[reward_only] iter 33/50 [OK ] reward=-145.6950  cs_rank(-1 * (close - open) / (high - low + 1e-5) + zscore(volume, 20))
[reward_only] iter 34/50 [OK ] reward=-145.6950  cs_rank(-1 * (close - open) / (high - low + 1e-5) + zscore(volume, 20))
[reward_only] iter 35/50 [OK ] reward=-145.6950  cs_rank(-1 * (close - open) / (high - low + 1e-5) + zscore(volume, 20))
[reward_only] iter 36/50 [OK ] reward=-145.6950  cs_rank(-1 * (close - open) / (high - low + 1e-5) + zscore(volume, 20))
[reward_only] iter 37/50 [OK ] reward=-145.6950  cs_rank(-1 * (close - open) / (high - low + 1e-5) + zscore(volume, 20))
[reward_only] iter 38/50 [OK ] reward=-145.6950  cs_rank(-1 * (close - open) / (high - low + 1e-5) + zscore(volume, 20))
[reward_only] iter 39/50 [OK ] reward=-145.6950  cs_rank(-1 * (close - open) / (high - low + 1e-5) + zscore(volume, 20))
[reward_only] iter 40/50 [OK ] reward=-145.6950  cs_rank(-1 * (close - open) / (high - low + 1e-5) + zscore(volume, 20))
[reward_only] iter 41/50 [OK ] reward=-145.6950  cs_rank(-1 * (close - open) / (high - low + 1e-5) + zscore(volume, 20))
[reward_only] iter 42/50 [OK ] reward=-145.6950  cs_rank(-1 * (close - open) / (high - low + 1e-5) + zscore(volume, 20))
[reward_only] iter 43/50 [OK ] reward=-164.5527  cs_rank(-1 * (close - open) / (high - low + 1e-5) + ts_rank(close, 20))
[reward_only] iter 44/50 [OK ] reward=-145.6950  cs_rank(-1 * (close - open) / (high - low + 1e-5) + zscore(volume, 20))
[reward_only] iter 45/50 [OK ] reward=-145.6950  cs_rank(-1 * (close - open) / (high - low + 1e-5) + zscore(volume, 20))
[reward_only] iter 46/50 [OK ] reward=-145.6950  cs_rank(-1 * (close - open) / (high - low + 1e-5) + zscore(volume, 20))
[reward_only] iter 47/50 [OK ] reward=-145.6950  cs_rank(-1 * (close - open) / (high - low + 1e-5) + zscore(volume, 20))
[reward_only] iter 48/50 [OK ] reward=-145.6950  cs_rank(-1 * (close - open) / (high - low + 1e-5) + zscore(volume, 20))
[reward_only] iter 49/50 [OK ] reward=-145.6950  cs_rank(-1 * (close - open) / (high - low + 1e-5) + zscore(volume, 20))
[reward_only] iter 50/50 [OK ] reward=-164.5527  cs_rank(-1 * (close - open) / (high - low + 1e-5) + ts_rank(close, 20))
[wfo:reward_only] fold 13 winner: cs_rank(-1 * (close - open) / (high - low + 1e-5) + zscore(volume, 20) + ts_rank(close, 20))
[wfo:reward_only] fold 13 OOS: Gross_IR=0.381 Turnover=268.20 Net_IR=-18.137
[wfo:reward_only] fold 14: train 2015-01-01..2019-12-31 -> test 2020-01-01..2020-12-31
[reward_only] iter  0/50 [SEED] reward=-175.4557  rank(-1 * delta(close, 1))
[reward_only] iter  1/50 [OK ] reward=-161.1203  rank(-1 * (delta(close, 1) + decay_linear(delta(close, 1), 20)))
[reward_only] iter  2/50 [OK ] reward=-95.3643  rank(-1 * (delta(close, 1) + decay_linear(delta(close, 1), 20) + zscore(vwap, 60)))
[reward_only] iter  3/50 [OK ] reward=-161.1203  rank(-1 * (delta(close, 1) + decay_linear(delta(close, 1), 20)))
[reward_only] iter  4/50 [OK ] reward=-150.0731  rank(-1 * (delta(close, 1) + decay_linear(delta(close, 1), 20) + zscore(volume, 60)))
[reward_only] iter  5/50 [OK ] reward=-102.3487  rank(-1 * (delta(close, 1) + zscore(vwap, 60)))
[reward_only] iter  6/50 [OK ] reward=-95.2284  rank(-1 * (delta(close, 1) + decay_linear(delta(close, 1), 20) + zscore(vwap, 60) + cs_rank(volume)))
[reward_only] iter  7/50 [OK ] reward=-95.3643  rank(-1 * (delta(close, 1) + decay_linear(delta(close, 1), 20) + zscore(vwap, 60)))
[reward_only] iter  8/50 [OK ] reward=-95.3643  rank(-1 * (delta(close, 1) + decay_linear(delta(close, 1), 20) + zscore(vwap, 60)))
[reward_only] iter  9/50 [OK ] reward=-153.7481  rank(-1 * (delta(close, 1) + decay_linear(delta(close, 1), 20) + cs_rank(volume)))
[reward_only] iter 10/50 [OK ] reward=-153.7481  rank(-1 * (delta(close, 1) + decay_linear(delta(close, 1), 20) + cs_rank(volume)))
[reward_only] iter 11/50 [OK ] reward=-153.7481  rank(-1 * (delta(close, 1) + decay_linear(delta(close, 1), 20) + cs_rank(volume)))
[reward_only] iter 12/50 [OK ] reward=-95.3643  rank(-1 * (delta(close, 1) + decay_linear(delta(close, 1), 20) + zscore(vwap, 60)))
[reward_only] iter 13/50 [OK ] reward=-95.3643  rank(-1 * (delta(close, 1) + decay_linear(delta(close, 1), 20) + zscore(vwap, 60)))
[reward_only] iter 14/50 [OK ] reward=-95.3643  rank(-1 * (delta(close, 1) + decay_linear(delta(close, 1), 20) + zscore(vwap, 60)))
[reward_only] iter 15/50 [OK ] reward=-153.7481  rank(-1 * (delta(close, 1) + decay_linear(delta(close, 1), 20) + cs_rank(volume)))
[reward_only] iter 16/50 [OK ] reward=-95.3643  rank(-1 * (delta(close, 1) + decay_linear(delta(close, 1), 20) + zscore(vwap, 60)))
[reward_only] iter 17/50 [OK ] reward=-95.3643  rank(-1 * (delta(close, 1) + decay_linear(delta(close, 1), 20) + zscore(vwap, 60)))
[reward_only] iter 18/50 [OK ] reward=-95.3643  rank(-1 * (delta(close, 1) + decay_linear(delta(close, 1), 20) + zscore(vwap, 60)))
[reward_only] iter 19/50 [OK ] reward=-153.7481  rank(-1 * (delta(close, 1) + decay_linear(delta(close, 1), 20) + cs_rank(volume)))
[reward_only] iter 20/50 [OK ] reward=-153.7481  rank(-1 * (delta(close, 1) + decay_linear(delta(close, 1), 20) + cs_rank(volume)))
[reward_only] iter 21/50 [OK ] reward=-95.3643  rank(-1 * (delta(close, 1) + decay_linear(delta(close, 1), 20) + zscore(vwap, 60)))
[reward_only] iter 22/50 [OK ] reward=-95.3643  rank(-1 * (delta(close, 1) + decay_linear(delta(close, 1), 20) + zscore(vwap, 60)))
[reward_only] iter 23/50 [OK ] reward=-95.3643  rank(-1 * (delta(close, 1) + decay_linear(delta(close, 1), 20) + zscore(vwap, 60)))
[reward_only] iter 24/50 [OK ] reward=-95.3643  rank(-1 * (delta(close, 1) + decay_linear(delta(close, 1), 20) + zscore(vwap, 60)))
[reward_only] iter 25/50 [OK ] reward=-95.3643  rank(-1 * (delta(close, 1) + decay_linear(delta(close, 1), 20) + zscore(vwap, 60)))
[reward_only] iter 26/50 [OK ] reward=-95.3643  rank(-1 * (delta(close, 1) + decay_linear(delta(close, 1), 20) + zscore(vwap, 60)))
[reward_only] iter 27/50 [OK ] reward=-95.3643  rank(-1 * (delta(close, 1) + decay_linear(delta(close, 1), 20) + zscore(vwap, 60)))
[reward_only] iter 28/50 [OK ] reward=-95.3643  rank(-1 * (delta(close, 1) + decay_linear(delta(close, 1), 20) + zscore(vwap, 60)))
[reward_only] iter 29/50 [OK ] reward=-95.3643  rank(-1 * (delta(close, 1) + decay_linear(delta(close, 1), 20) + zscore(vwap, 60)))
[reward_only] iter 30/50 [OK ] reward=-95.3643  rank(-1 * (delta(close, 1) + decay_linear(delta(close, 1), 20) + zscore(vwap, 60)))
[reward_only] iter 31/50 [OK ] reward=-95.3643  rank(-1 * (delta(close, 1) + decay_linear(delta(close, 1), 20) + zscore(vwap, 60)))
[reward_only] iter 32/50 [OK ] reward=-95.3643  rank(-1 * (delta(close, 1) + decay_linear(delta(close, 1), 20) + zscore(vwap, 60)))
[reward_only] iter 33/50 [OK ] reward=-95.3643  rank(-1 * (delta(close, 1) + decay_linear(delta(close, 1), 20) + zscore(vwap, 60)))
[reward_only] iter 34/50 [OK ] reward=-95.3643  rank(-1 * (delta(close, 1) + decay_linear(delta(close, 1), 20) + zscore(vwap, 60)))
[reward_only] iter 35/50 [OK ] reward=-95.3643  rank(-1 * (delta(close, 1) + decay_linear(delta(close, 1), 20) + zscore(vwap, 60)))
[reward_only] iter 36/50 [OK ] reward=-95.3643  rank(-1 * (delta(close, 1) + decay_linear(delta(close, 1), 20) + zscore(vwap, 60)))
[reward_only] iter 37/50 [OK ] reward=-95.3643  rank(-1 * (delta(close, 1) + decay_linear(delta(close, 1), 20) + zscore(vwap, 60)))
[reward_only] iter 38/50 [OK ] reward=-95.3643  rank(-1 * (delta(close, 1) + decay_linear(delta(close, 1), 20) + zscore(vwap, 60)))
[reward_only] iter 39/50 [OK ] reward=-95.3643  rank(-1 * (delta(close, 1) + decay_linear(delta(close, 1), 20) + zscore(vwap, 60)))
[reward_only] iter 40/50 [OK ] reward=-95.3643  rank(-1 * (delta(close, 1) + decay_linear(delta(close, 1), 20) + zscore(vwap, 60)))
[reward_only] iter 41/50 [OK ] reward=-95.3643  rank(-1 * (delta(close, 1) + decay_linear(delta(close, 1), 20) + zscore(vwap, 60)))
[reward_only] iter 42/50 [OK ] reward=-153.7481  rank(-1 * (delta(close, 1) + decay_linear(delta(close, 1), 20) + cs_rank(volume)))
[reward_only] iter 43/50 [OK ] reward=-153.7481  rank(-1 * (delta(close, 1) + decay_linear(delta(close, 1), 20) + cs_rank(volume)))
[reward_only] iter 44/50 [OK ] reward=-153.7481  rank(-1 * (delta(close, 1) + decay_linear(delta(close, 1), 20) + cs_rank(volume)))
[reward_only] iter 45/50 [OK ] reward=-95.3643  rank(-1 * (delta(close, 1) + decay_linear(delta(close, 1), 20) + zscore(vwap, 60)))
[reward_only] iter 46/50 [OK ] reward=-153.7481  rank(-1 * (delta(close, 1) + decay_linear(delta(close, 1), 20) + cs_rank(volume)))
[reward_only] iter 47/50 [OK ] reward=-153.7481  rank(-1 * (delta(close, 1) + decay_linear(delta(close, 1), 20) + cs_rank(volume)))
[reward_only] iter 48/50 [OK ] reward=-153.7481  rank(-1 * (delta(close, 1) + decay_linear(delta(close, 1), 20) + cs_rank(volume)))
[reward_only] iter 49/50 [OK ] reward=-95.3643  rank(-1 * (delta(close, 1) + decay_linear(delta(close, 1), 20) + zscore(vwap, 60)))
[reward_only] iter 50/50 [OK ] reward=-153.7481  rank(-1 * (delta(close, 1) + decay_linear(delta(close, 1), 20) + cs_rank(volume)))
[wfo:reward_only] fold 14 winner: rank(-1 * (delta(close, 1) + decay_linear(delta(close, 1), 20) + zscore(vwap, 60) + cs_rank(volume)))
[wfo:reward_only] fold 14 OOS: Gross_IR=0.471 Turnover=247.94 Net_IR=-6.381
[wfo:reward_only] fold 15: train 2016-01-01..2020-12-31 -> test 2021-01-01..2021-12-31
[reward_only] iter  0/50 [SEED] reward=-176.6772  rank(-1 * delta(close, 1))
[reward_only] iter  1/50 [OK ] reward=-181.0944  cs_rank(-1 * delta(close, 1) / (vwap + 1e-5))
[reward_only] iter  2/50 [OK ] reward=-21.8989  cs_rank((-1 * delta(close, 1) + vwap) / (volume + 1e-5))
[reward_only] iter  3/50 [OK ] reward=-170.3149  cs_rank((close - open) / (volume + 1e-5))
[reward_only] iter  4/50 [OK ] reward=-169.1926  cs_rank((vwap - close) / (volume + 1e-5))
[reward_only] iter  5/50 [OK ] reward=-21.8989  cs_rank((-1 * delta(close, 1) + vwap) / (volume + 1e-5))
[reward_only] iter  6/50 [OK ] reward=-60.4281  cs_rank((close - sma(close, 20)) / (stddev(close, 20) + 1e-5))
[reward_only] iter  7/50 [OK ] reward=-69.9356  cs_rank((vwap - decay_linear(close, 10)) / (volume + 1e-5))
[reward_only] iter  8/50 [OK ] reward=-28.8089  cs_rank((high - low) / (volume + 1e-5))
[reward_only] iter  9/50 [OK ] reward= -5.9918  cs_rank((-1 * delta(close, 1) + vwap) / (volume + 1e-5) + sma(high - low, 20))
[reward_only] iter 10/50 [OK ] reward=-21.8989  cs_rank((-1 * delta(close, 1) + vwap) / (volume + 1e-5))
[reward_only] iter 11/50 [OK ] reward=-21.8248  cs_rank(((high - low) / (vwap + 1e-5) + sma(close, 20)) / (volume + 1e-5))
[reward_only] iter 12/50 [OK ] reward= -5.9919  cs_rank((-1 * ts_rank(close, 20) + vwap) / (volume + 1e-5) + sma(high - low, 20))
[reward_only] iter 13/50 [OK ] reward=-21.8989  cs_rank((-1 * delta(close, 1) + vwap) / (volume + 1e-5))
[reward_only] iter 14/50 [OK ] reward=-167.8947  cs_rank((-1 * delta(close, 1) + vwap) / (volume + 1e-5) + ts_rank(high - low, 20))
[reward_only] iter 15/50 [OK ] reward=-21.8989  cs_rank((-1 * delta(close, 1) + vwap) / (volume + 1e-5))
[reward_only] iter 16/50 [OK ] reward=-43.3998  cs_rank((-1 * delta(close, 1) + vwap) / (volume + 1e-5) + sma(high - low, 20) + ts_rank(1 / (high - low + 1e-5), 20))
[reward_only] iter 17/50 [OK ] reward= -5.9918  cs_rank((-1 * delta(close, 1) + vwap) / (volume + 1e-5) + sma(high - low, 20))
[reward_only] iter 18/50 [OK ] reward=-21.8989  cs_rank((-1 * delta(close, 1) + vwap) / (volume + 1e-5))
[reward_only] iter 19/50 [OK ] reward=-37.5413  cs_rank((-1 * delta(close, 1) + vwap) / (volume + 1e-5) + sma(close - open, 20))
[reward_only] iter 20/50 [OK ] reward=-21.8989  cs_rank((-1 * delta(close, 1) + vwap) / (volume + 1e-5))
[reward_only] iter 21/50 [OK ] reward= -2.7102  cs_rank((high - low) / (volume + 1e-5) + sma(close, 20))
[reward_only] iter 22/50 [ERR] reward=    -inf  cs_rank(((close - open) / (high - low)) * volume)
[reward_only] iter 23/50 [ERR] reward=    -inf  cs_rank((high - low) / (volume + 1e-5) + decay_linear(sma(close, 20), 10))
[reward_only] iter 24/50 [OK ] reward= -2.7637  cs_rank((high - low) / (volume + 1e-5) + decay_linear(close, 20))
[reward_only] iter 25/50 [ERR] reward=    -inf  cs_rank(close / open + sma(volume, 20) / (close + 1e-5))
[reward_only] iter 26/50 [OK ] reward= -2.8359  cs_rank((high - low) / (volume + 1e-5) + sma(close, 20) + cs_rank(volume / (close + 1e-5)))
[reward_only] iter 27/50 [OK ] reward= -2.7102  cs_rank((high - low) / (volume + 1e-5) + sma(close, 20))
[reward_only] iter 28/50 [OK ] reward=-49.5879  cs_rank(ts_rank(close, 20) - ts_rank(sma(close, 60), 20))
[reward_only] iter 29/50 [OK ] reward=-130.7885  cs_rank((close - open) / (vwap + 1e-5) + zscore(volume, 20))
[reward_only] iter 30/50 [OK ] reward=-60.4285  cs_rank((high - low) / (volume + 1e-5) + zscore(close, 20))
[reward_only] iter 31/50 [OK ] reward=-58.0120  cs_rank((close - sma(close, 20)) / (stddev(close, 20) + 1e-5) + cs_rank(volume))
[reward_only] iter 32/50 [OK ] reward= -2.9218  cs_rank((high - low) / (volume + 1e-5) + sma(close, 20) + ts_rank(close, 20))
[reward_only] iter 33/50 [OK ] reward= -2.7103  cs_rank((close - open) / (volume + 1e-5) + sma(close, 20))
[reward_only] iter 34/50 [OK ] reward=-72.7055  cs_rank((high - low) / (volume + 1e-5) + ts_rank(close, 20))
[reward_only] iter 35/50 [OK ] reward=-46.2782  cs_rank((close - sma(close, 20)) / (volume + 1e-5))
[reward_only] iter 36/50 [OK ] reward=-72.7055  cs_rank((high - low) / (volume + 1e-5) + ts_rank(close, 20))
[reward_only] iter 37/50 [OK ] reward=-60.5283  cs_rank((high - low) / (volume + 1e-5) + (close - sma(close, 20)) / (stddev(close, 20) + 1e-5))
[reward_only] iter 38/50 [OK ] reward= -2.7102  cs_rank((high - low) / (volume + 1e-5) + sma(close, 20))
[reward_only] iter 39/50 [ERR] reward=    -inf  cs_rank(close / open + sma(close, 20))
[reward_only] iter 40/50 [OK ] reward=-72.7055  cs_rank((high - low) / (volume + 1e-5) + ts_rank(close, 20))
[reward_only] iter 41/50 [OK ] reward= -2.7637  cs_rank((high - low) / (volume + 1e-5) + decay_linear(close, 20))
[reward_only] iter 42/50 [OK ] reward= -2.7103  cs_rank((close - open) / (volume + 1e-5) + sma(close, 20))
[reward_only] iter 43/50 [OK ] reward=-79.3732  cs_rank((close - open) / (volume + 1e-5) + ts_rank(close, 20))
[reward_only] iter 44/50 [OK ] reward= -2.9218  cs_rank((high - low) / (volume + 1e-5) + sma(close, 20) + ts_rank(close, 20))
[reward_only] iter 45/50 [OK ] reward= -2.7831  cs_rank((high - low) / (volume + 1e-5) + sma(close, 20) - ts_rank(close, 20))
[reward_only] iter 46/50 [OK ] reward= -2.7103  cs_rank((close - open) / (volume + 1e-5) + sma(close, 20))
[reward_only] iter 47/50 [ERR] reward=    -inf  cs_rank((close - open) / (high - low) + zscore(close, 20))
[reward_only] iter 48/50 [OK ] reward= -3.7521  cs_rank((high - low) / (volume + 1e-5) + sma(close, 20) + zscore(close, 20))
[reward_only] iter 49/50 [OK ] reward= -2.7103  cs_rank((close - open) / (volume + 1e-5) + sma(close, 20))
[reward_only] iter 50/50 [ERR] reward=    -inf  cs_rank(((close - open) / (high - low)) * volume)
[wfo:reward_only] fold 15 winner: cs_rank((high - low) / (volume + 1e-5) + sma(close, 20))
[wfo:reward_only] fold 15 OOS: Gross_IR=-0.727 Turnover=3.98 Net_IR=-0.866
[wfo:reward_only] fold 16: train 2017-01-01..2021-12-31 -> test 2022-01-01..2022-12-31
[reward_only] iter  0/50 [SEED] reward=-175.2996  rank(-1 * delta(close, 1))
[reward_only] iter  1/50 [ERR] reward=    -inf  cs_rank(-1 * (close - open) / (high - low))
[reward_only] iter  2/50 [OK ] reward=-182.6629  rank(-1 * delta(close, 1) / (high - low + 1e-5))
[reward_only] iter  3/50 [OK ] reward=-135.6291  rank(-1 * delta(close, 1) / (high - low + 1e-5)) * cs_rank(volume)
[reward_only] iter  4/50 [OK ] reward=-182.6629  cs_rank(-1 * delta(close, 1) / (high - low + 1e-5))
[reward_only] iter  5/50 [OK ] reward=-108.6595  rank(-1 * delta(close, 1) / (high - low + 1e-5)) * cs_rank(volume) * decay_linear(zscore(close, 20), 5)
[reward_only] iter  6/50 [OK ] reward=-119.8335  rank(-1 * delta(close, 1) / (high - low + 1e-5)) * cs_rank(volume) * ts_rank(close, 20)
[reward_only] iter  7/50 [OK ] reward=-108.6595  rank(-1 * delta(close, 1) / (high - low + 1e-5)) * cs_rank(volume) * decay_linear(zscore(close, 20), 5)
[reward_only] iter  8/50 [OK ] reward=-131.9055  rank(-1 * delta(close, 1) / (high - low + 1e-5)) * cs_rank(volume) * ts_rank(zscore(close, 20), 5)
[reward_only] iter  9/50 [OK ] reward=-108.6595  rank(-1 * delta(close, 1) / (high - low + 1e-5)) * cs_rank(volume) * decay_linear(zscore(close, 20), 5)
[reward_only] iter 10/50 [OK ] reward=-110.4220  cs_rank(-1 * delta(close, 1) / (high - low + 1e-5)) * decay_linear(zscore(close, 20), 5)
[reward_only] iter 11/50 [OK ] reward=-135.6291  cs_rank(-1 * delta(close, 1) / (high - low + 1e-5)) * cs_rank(volume)
[reward_only] iter 12/50 [OK ] reward=-108.6595  rank(-1 * delta(close, 1) / (high - low + 1e-5)) * cs_rank(volume) * decay_linear(zscore(close, 20), 5)
[reward_only] iter 13/50 [OK ] reward=-117.6709  rank(-1 * delta(close, 1) / (high - low + 1e-5)) * cs_rank(volume) * zscore(close, 20)
[reward_only] iter 14/50 [OK ] reward=-137.9075  rank(-1 * delta(close, 1) / (high - low + 1e-5)) * cs_rank(volume) * decay_linear(cs_rank(close), 20)
[reward_only] iter 15/50 [OK ] reward=-108.6595  rank(-1 * delta(close, 1) / (high - low + 1e-5)) * cs_rank(volume) * decay_linear(zscore(close, 20), 5)
[reward_only] iter 16/50 [OK ] reward=-108.3863  rank(-1 * delta(close, 1) / (high - low + 1e-5)) * cs_rank(volume) * decay_linear(zscore(close, 20), 5) * cs_rank(stddev(close, 20))
[reward_only] iter 17/50 [OK ] reward=-39.7111  cs_rank(volume) * cs_rank(stddev(close, 20))
[reward_only] iter 18/50 [OK ] reward=-136.7515  cs_rank(volume) * cs_rank((close - open) / (high - low + 1e-5))
[reward_only] iter 19/50 [OK ] reward=-59.7915  cs_rank(volume) * cs_rank(ts_rank(close, 20))
[reward_only] iter 20/50 [OK ] reward=-52.1660  cs_rank(volume) * cs_rank(stddev(close, 20)) * cs_rank(zscore(close, 20))
[reward_only] iter 21/50 [OK ] reward=-173.1983  cs_rank(vwap - close)
[reward_only] iter 22/50 [OK ] reward=-160.9034  cs_rank(volume) * cs_rank(stddev(close, 20)) + cs_rank(vwap - close)
[reward_only] iter 23/50 [OK ] reward=-125.5205  cs_rank(volume) * cs_rank(stddev(close, 20)) * cs_rank(vwap - close)
[reward_only] iter 24/50 [OK ] reward=-117.8958  cs_rank(volume) * cs_rank(stddev(close, 20)) * cs_rank(vwap - close) * cs_rank(close - open)
[reward_only] iter 25/50 [OK ] reward=-125.5205  cs_rank(volume) * cs_rank(stddev(close, 20)) * cs_rank(vwap - close)
[reward_only] iter 26/50 [OK ] reward=-125.5962  cs_rank(volume) * cs_rank(stddev(close, 20)) * cs_rank((vwap - close) / (vwap + close + 1e-5))
[reward_only] iter 27/50 [OK ] reward=-39.7111  cs_rank(volume) * cs_rank(stddev(close, 20))
[reward_only] iter 28/50 [OK ] reward=-95.3154  cs_rank((high - low) / (vwap + 1e-5)) * cs_rank(volume)
[reward_only] iter 29/50 [OK ] reward=-91.9749  cs_rank(volume) * cs_rank(stddev(close, 20)) * cs_rank((high - low) / (vwap + 1e-5))
[reward_only] iter 30/50 [OK ] reward=-91.9749  cs_rank(volume) * cs_rank(stddev(close, 20)) * cs_rank((high - low) / (vwap + 1e-5))
[reward_only] iter 31/50 [OK ] reward=-129.9594  cs_rank(volume) * cs_rank(close - open)
[reward_only] iter 32/50 [OK ] reward=-136.1397  cs_rank(volume) * cs_rank(close / (open + 1e-5))
[reward_only] iter 33/50 [OK ] reward=-59.7915  cs_rank(volume) * cs_rank(ts_rank(close, 20))
[reward_only] iter 34/50 [OK ] reward=-37.6094  cs_rank(volume) * cs_rank(decay_linear(stddev(close, 20), 20))
[reward_only] iter 35/50 [OK ] reward=-93.2281  cs_rank(volume * cs_rank(close - open))
[reward_only] iter 36/50 [OK ] reward=-130.4592  cs_rank(volume) * cs_rank(decay_linear(stddev(close, 20), 20)) * cs_rank(close - open)
[reward_only] iter 37/50 [OK ] reward=-59.7915  cs_rank(volume) * cs_rank(ts_rank(close, 20))
[reward_only] iter 38/50 [OK ] reward=-26.9637  cs_rank(volume) * cs_rank(decay_linear(ts_rank(close, 20), 20))
[reward_only] iter 39/50 [OK ] reward=-25.8981  cs_rank(volume) * cs_rank(decay_linear(ts_rank(close, 20), 20)) + cs_rank(stddev(close, 20))
[reward_only] iter 40/50 [OK ] reward=-161.3950  cs_rank(volume) * cs_rank(decay_linear(ts_rank(close, 20), 20)) + cs_rank(zscore(close - open, 20))
[reward_only] iter 41/50 [OK ] reward=-25.8981  cs_rank(volume) * cs_rank(decay_linear(ts_rank(close, 20), 20)) + cs_rank(stddev(close, 20))
[reward_only] iter 42/50 [OK ] reward=-74.0383  cs_rank(volume) * cs_rank(decay_linear(ts_rank(close, 20), 20)) + cs_rank(high - low)
[reward_only] iter 43/50 [ERR] reward=    -inf  cs_rank(volume) * cs_rank(decay_linear(ts_rank(close, 20), 20)) + cs_rank((close - open) / (high - low))
[reward_only] iter 44/50 [OK ] reward=-136.9695  cs_rank(volume) * cs_rank(decay_linear(ts_rank(close, 20), 20)) + cs_rank(stddev(close, 20)) + cs_rank((close - open) / (high - low + 1e-5))
[reward_only] iter 45/50 [OK ] reward=-25.8981  cs_rank(volume) * cs_rank(decay_linear(ts_rank(close, 20), 20)) + cs_rank(stddev(close, 20))
[reward_only] iter 46/50 [OK ] reward=-147.9915  cs_rank(volume) * cs_rank(decay_linear(ts_rank(close, 20), 20)) + cs_rank(open - close)
[reward_only] iter 47/50 [OK ] reward=-121.4349  cs_rank(volume) * cs_rank(decay_linear(ts_rank(close, 20), 20)) + cs_rank(stddev(close, 20)) - cs_rank(abs(open - close))
[reward_only] iter 48/50 [OK ] reward=-25.8981  cs_rank(volume) * cs_rank(decay_linear(ts_rank(close, 20), 20)) + cs_rank(stddev(close, 20))
[reward_only] iter 49/50 [OK ] reward=-16.1695  cs_rank(volume) * cs_rank(decay_linear(ts_rank(close, 20), 20)) - cs_rank(stddev(close, 20))
[reward_only] iter 50/50 [OK ] reward=-107.1049  cs_rank(volume) * cs_rank(decay_linear(ts_rank(close, 20), 20)) - cs_rank(stddev(close, 20)) + cs_rank(open - close)
[wfo:reward_only] fold 16 winner: cs_rank(volume) * cs_rank(decay_linear(ts_rank(close, 20), 20)) - cs_rank(stddev(close, 20))
[wfo:reward_only] fold 16 OOS: Gross_IR=0.863 Turnover=28.40 Net_IR=-0.153
[wfo:reward_only] fold 17: train 2018-01-01..2022-12-31 -> test 2023-01-01..2023-12-31
[reward_only] iter  0/50 [SEED] reward=-175.6499  rank(-1 * delta(close, 1))
[reward_only] iter  1/50 [OK ] reward=-181.4279  cs_rank(-1 * delta(close, 1) / (vwap + 1e-5))
[reward_only] iter  2/50 [OK ] reward=-179.8578  cs_rank(-1 * delta(close, 1) / (vwap + 1e-5) * zscore(volume, 20))
[reward_only] iter  3/50 [OK ] reward=-174.4602  cs_rank(-1 * delta(close, 1) * zscore(volume, 20))
[reward_only] iter  4/50 [OK ] reward=-45.5665  cs_rank(close - sma(close, 20))
[reward_only] iter  5/50 [ERR] reward=    -inf  cs_rank((close - open) / (high - low))
[reward_only] iter  6/50 [OK ] reward=-59.6440  cs_rank(close - sma(close, 20) + (close - open) / (high - low + 1e-5))
[reward_only] iter  7/50 [OK ] reward=-25.0076  cs_rank(close - sma(close, 20) + volume / (high - low + 1e-5))
[reward_only] iter  8/50 [OK ] reward=-25.1076  cs_rank(close - sma(close, 20) + volume / (high - low + 1e-5) + decay_linear(close - vwap, 20))
[reward_only] iter  9/50 [OK ] reward=-25.0076  cs_rank(close - sma(close, 20) + volume / (high - low + 1e-5))
[reward_only] iter 10/50 [OK ] reward=-25.1077  cs_rank(close - sma(close, 20) + volume / (high - low + 1e-5) + decay_linear(high - low, 10))
[reward_only] iter 11/50 [OK ] reward=-25.0076  cs_rank(close - sma(close, 20) + volume / (high - low + 1e-5))
[reward_only] iter 12/50 [OK ] reward=-25.1571  cs_rank(close - sma(close, 20) + volume / (high - low + 1e-5) + decay_linear(ts_rank(vwap - open, 20), 10))
[reward_only] iter 13/50 [OK ] reward=-25.1076  cs_rank(close - sma(close, 20) + volume / (high - low + 1e-5) + decay_linear(vwap - open, 10))
[reward_only] iter 14/50 [OK ] reward=-25.1076  cs_rank(close - sma(close, 20) + volume / (high - low + 1e-5) + decay_linear(vwap - open, 10))
[reward_only] iter 15/50 [OK ] reward=-25.0076  cs_rank(close - sma(close, 20) + volume / (high - low + 1e-5))
[reward_only] iter 16/50 [ERR] reward=    -inf  cs_rank(close - sma(close, 20) + volume / (high - low + 1e-5) + (high - low) / vwap)
[reward_only] iter 17/50 [ERR] reward=    -inf  cs_rank(close - sma(close, 20) + volume / (high - low + 1e-5) + cs_rank((high - low) / vwap))
[reward_only] iter 18/50 [OK ] reward=-25.1576  cs_rank(close - sma(close, 20) + volume / (high - low + 1e-5) + (high - low) / (vwap + 1e-5))
[reward_only] iter 19/50 [OK ] reward=-25.0076  cs_rank(close - sma(close, 20) + volume / (high - low + 1e-5))
[reward_only] iter 20/50 [OK ] reward=-25.0576  cs_rank(close - sma(close, 20) + volume / (high - low + 1e-5) + ts_rank(vwap, 20))
[reward_only] iter 21/50 [OK ] reward=-25.0076  cs_rank(close - sma(close, 20) + volume / (high - low + 1e-5))
[reward_only] iter 22/50 [OK ] reward=-25.1573  cs_rank(close - sma(close, 20) + volume / (high - low + 1e-5) + decay_linear(vwap - sma(vwap, 20), 10))
[reward_only] iter 23/50 [OK ] reward=-25.0076  cs_rank(close - sma(close, 20) + volume / (high - low + 1e-5))
[reward_only] iter 24/50 [OK ] reward=-25.1077  cs_rank(close - sma(close, 20) + volume / (high - low + 1e-5) + zscore(close - vwap, 20))
[reward_only] iter 25/50 [OK ] reward=-25.0076  cs_rank(close - sma(close, 20) + volume / (high - low + 1e-5))
[reward_only] iter 26/50 [OK ] reward=-25.0577  cs_rank(close - sma(close, 20) + volume / (high - low + 1e-5) + zscore(volume, 20))
[reward_only] iter 27/50 [OK ] reward=-25.0076  cs_rank(close - sma(close, 20) + volume / (high - low + 1e-5))
[reward_only] iter 28/50 [OK ] reward=-25.0577  cs_rank(close - sma(close, 20) + volume / (high - low + 1e-5) + zscore(volume, 20))
[reward_only] iter 29/50 [OK ] reward=-25.0076  cs_rank(close - sma(close, 20) + volume / (high - low + 1e-5))
[reward_only] iter 30/50 [OK ] reward=-25.1573  cs_rank(close - sma(close, 20) + volume / (high - low + 1e-5) + decay_linear(vwap - sma(vwap, 20), 10))
[reward_only] iter 31/50 [OK ] reward=-25.0076  cs_rank(close - sma(close, 20) + volume / (high - low + 1e-5))
[reward_only] iter 32/50 [OK ] reward=-25.1076  cs_rank(close - sma(close, 20) + volume / (high - low + 1e-5) + decay_linear(close - vwap, 20))
[reward_only] iter 33/50 [OK ] reward=-25.0076  cs_rank(close - sma(close, 20) + volume / (high - low + 1e-5))
[reward_only] iter 34/50 [OK ] reward=-25.1576  cs_rank(close - sma(close, 20) + volume / (high - low + 1e-5) + decay_linear(ts_rank(close - vwap, 5), 10))
[reward_only] iter 35/50 [OK ] reward=-25.1077  cs_rank(close - sma(close, 20) + volume / (high - low + 1e-5) + ts_rank(close - vwap, 5))
[reward_only] iter 36/50 [OK ] reward=-25.0076  cs_rank(close - sma(close, 20) + volume / (high - low + 1e-5))
[reward_only] iter 37/50 [OK ] reward=-25.1555  cs_rank(close - sma(close, 20) + volume / (high - low + 1e-5) + decay_linear(vwap - sma(vwap, 20), 20))
[reward_only] iter 38/50 [OK ] reward=-25.0076  cs_rank(close - sma(close, 20) + volume / (high - low + 1e-5))
[reward_only] iter 39/50 [OK ] reward=-58.4244  cs_rank(close - sma(close, 20) + zscore(volume, 20) / (high - low + 1e-5))
[reward_only] iter 40/50 [OK ] reward=-58.4244  cs_rank(close - sma(close, 20) + zscore(volume, 20) / (high - low + 1e-5))
[reward_only] iter 41/50 [OK ] reward=-149.4280  cs_rank((close - open) / (high - low + 1e-5) + zscore(volume, 20))
[reward_only] iter 42/50 [OK ] reward=-165.7402  cs_rank(close - open + zscore(volume, 20))
[reward_only] iter 43/50 [OK ] reward=-25.1077  cs_rank(close - sma(close, 20) + volume / (high - low + 1e-5) + zscore(close - open, 20))
[reward_only] iter 44/50 [OK ] reward=-25.0076  cs_rank(close - sma(close, 20) + volume / (high - low + 1e-5))
[reward_only] iter 45/50 [OK ] reward=-25.0576  cs_rank(close - sma(close, 20) + volume / (high - low + 1e-5) + ts_rank(close, 20))
[reward_only] iter 46/50 [OK ] reward=-25.0076  cs_rank(close - sma(close, 20) + volume / (high - low + 1e-5))
[reward_only] iter 47/50 [OK ] reward=-58.4244  cs_rank(close - sma(close, 20) + zscore(volume, 20) / (high - low + 1e-5))
[reward_only] iter 48/50 [OK ] reward=-25.1555  cs_rank(close - sma(close, 20) + volume / (high - low + 1e-5) - decay_linear(vwap - sma(vwap, 20), 20))
[reward_only] iter 49/50 [OK ] reward=-25.0076  cs_rank(close - sma(close, 20) + volume / (high - low + 1e-5))
[reward_only] iter 50/50 [OK ] reward=-25.0577  cs_rank(close - sma(close, 20) + volume / (high - low + 1e-5) + zscore(close, 20))
[wfo:reward_only] fold 17 winner: cs_rank(close - sma(close, 20) + volume / (high - low + 1e-5))
[wfo:reward_only] fold 17 OOS: Gross_IR=2.129 Turnover=47.69 Net_IR=-0.326
[wfo:reward_only] fold 18: train 2019-01-01..2023-12-31 -> test 2024-01-01..2024-12-31
[reward_only] iter  0/50 [SEED] reward=-175.0922  rank(-1 * delta(close, 1))
[reward_only] iter  1/50 [OK ] reward=-43.7502  cs_rank(-1 * (close - sma(close, 20)))
[reward_only] iter  2/50 [OK ] reward=-40.9914  cs_rank(-1 * (close - sma(close, 20) + decay_linear(zscore(close, 20), 50)))
[reward_only] iter  3/50 [OK ] reward=-41.3067  cs_rank(-1 * (close - sma(close, 20) + decay_linear(zscore(close, 20), 50) + decay_linear(zscore(volume, 20), 50)))
[reward_only] iter  4/50 [OK ] reward=-40.9914  cs_rank(-1 * (close - sma(close, 20) + decay_linear(zscore(close, 20), 50)))
[reward_only] iter  5/50 [OK ] reward=-42.3456  cs_rank(-1 * (close - sma(close, 20) + decay_linear(zscore(close, 20), 50) + ts_rank(volume, 20)))
[reward_only] iter  6/50 [OK ] reward=-40.9914  cs_rank(-1 * (close - sma(close, 20) + decay_linear(zscore(close, 20), 50)))
[reward_only] iter  7/50 [OK ] reward=-42.3456  cs_rank(-1 * (close - sma(close, 20) + decay_linear(zscore(close, 20), 50) + ts_rank(volume, 20)))
[reward_only] iter  8/50 [OK ] reward=-40.9914  cs_rank(-1 * (close - sma(close, 20) + decay_linear(zscore(close, 20), 50)))
[reward_only] iter  9/50 [OK ] reward=-42.3456  cs_rank(-1 * (close - sma(close, 20) + decay_linear(zscore(close, 20), 50) + ts_rank(volume, 20)))
[reward_only] iter 10/50 [OK ] reward=-40.9914  cs_rank(-1 * (close - sma(close, 20) + decay_linear(zscore(close, 20), 50)))
[reward_only] iter 11/50 [OK ] reward=-41.2736  cs_rank(-1 * (close - sma(close, 20) + decay_linear(zscore(close, 20), 50) - cs_rank(vwap)))
[reward_only] iter 12/50 [OK ] reward=-40.9914  cs_rank(-1 * (close - sma(close, 20) + decay_linear(zscore(close, 20), 50)))
[reward_only] iter 13/50 [OK ] reward=-41.3558  cs_rank(-1 * (close - sma(close, 20) + decay_linear(zscore(close, 20), 50) + ts_rank(vwap, 20)))
[reward_only] iter 14/50 [OK ] reward=-40.9914  cs_rank(-1 * (close - sma(close, 20) + decay_linear(zscore(close, 20), 50)))
[reward_only] iter 15/50 [OK ] reward=-42.3456  cs_rank(-1 * (close - sma(close, 20) + decay_linear(zscore(close, 20), 50) + ts_rank(volume, 20)))
[reward_only] iter 16/50 [OK ] reward=-40.9914  cs_rank(-1 * (close - sma(close, 20) + decay_linear(zscore(close, 20), 50)))
[reward_only] iter 17/50 [OK ] reward=-40.8742  cs_rank(-1 * (close - sma(close, 20) + decay_linear(zscore(close, 20), 50) - cs_rank(volume)))
[reward_only] iter 18/50 [OK ] reward=-40.9914  cs_rank(-1 * (close - sma(close, 20) + decay_linear(zscore(close, 20), 50)))
[reward_only] iter 19/50 [OK ] reward=-41.2736  cs_rank(-1 * (close - sma(close, 20) + decay_linear(zscore(close, 20), 50) - cs_rank(vwap)))
[reward_only] iter 20/50 [OK ] reward=-40.9914  cs_rank(-1 * (close - sma(close, 20) + decay_linear(zscore(close, 20), 50)))
[reward_only] iter 21/50 [OK ] reward=-41.1981  cs_rank(-1 * (close - sma(close, 20) + decay_linear(zscore(close, 20), 50) - cs_rank(volume * stddev(close, 20))))
[reward_only] iter 22/50 [OK ] reward=-40.8742  cs_rank(-1 * (close - sma(close, 20) + decay_linear(zscore(close, 20), 50) - cs_rank(volume)))
[reward_only] iter 23/50 [OK ] reward=-40.9914  cs_rank(-1 * (close - sma(close, 20) + decay_linear(zscore(close, 20), 50)))
[reward_only] iter 24/50 [OK ] reward=-40.6103  cs_rank(-1 * (close - sma(close, 20) + decay_linear(zscore(close, 20), 50) - cs_rank(volume) + cs_rank(vwap)))
[reward_only] iter 25/50 [OK ] reward=-40.8742  cs_rank(-1 * (close - sma(close, 20) + decay_linear(zscore(close, 20), 50) - cs_rank(volume)))
[reward_only] iter 26/50 [OK ] reward=-40.8742  cs_rank(-1 * (close - sma(close, 20) + decay_linear(zscore(close, 20), 50) - cs_rank(volume)))
[reward_only] iter 27/50 [OK ] reward=-40.6103  cs_rank(-1 * (close - sma(close, 20) + decay_linear(zscore(close, 20), 50) - cs_rank(volume) + cs_rank(vwap)))
[reward_only] iter 28/50 [OK ] reward=-40.8742  cs_rank(-1 * (close - sma(close, 20) + decay_linear(zscore(close, 20), 50) - cs_rank(volume)))
[reward_only] iter 29/50 [OK ] reward=-40.8742  cs_rank(-1 * (close - sma(close, 20) + decay_linear(zscore(close, 20), 50) - cs_rank(volume)))
[reward_only] iter 30/50 [OK ] reward=-40.8742  cs_rank(-1 * (close - sma(close, 20) + decay_linear(zscore(close, 20), 50) - cs_rank(volume)))
[reward_only] iter 31/50 [OK ] reward=-40.8742  cs_rank(-1 * (close - sma(close, 20) + decay_linear(zscore(close, 20), 50) - cs_rank(volume)))
[reward_only] iter 32/50 [OK ] reward=-40.6103  cs_rank(-1 * (close - sma(close, 20) + decay_linear(zscore(close, 20), 50) - cs_rank(volume) + cs_rank(vwap)))
[reward_only] iter 33/50 [OK ] reward=-40.8742  cs_rank(-1 * (close - sma(close, 20) + decay_linear(zscore(close, 20), 50) - cs_rank(volume)))
[reward_only] iter 34/50 [OK ] reward=-40.8742  cs_rank(-1 * (close - sma(close, 20) + decay_linear(zscore(close, 20), 50) - cs_rank(volume)))
[reward_only] iter 35/50 [OK ] reward=-40.8742  cs_rank(-1 * (close - sma(close, 20) + decay_linear(zscore(close, 20), 50) - cs_rank(volume)))
[reward_only] iter 36/50 [OK ] reward=-40.8742  cs_rank(-1 * (close - sma(close, 20) + decay_linear(zscore(close, 20), 50) - cs_rank(volume)))
[reward_only] iter 37/50 [OK ] reward=-40.8742  cs_rank(-1 * (close - sma(close, 20) + decay_linear(zscore(close, 20), 50) - cs_rank(volume)))
[reward_only] iter 38/50 [OK ] reward=-40.8742  cs_rank(-1 * (close - sma(close, 20) + decay_linear(zscore(close, 20), 50) - cs_rank(volume)))
[reward_only] iter 39/50 [OK ] reward=-40.8742  cs_rank(-1 * (close - sma(close, 20) + decay_linear(zscore(close, 20), 50) - cs_rank(volume)))
[reward_only] iter 40/50 [OK ] reward=-40.8742  cs_rank(-1 * (close - sma(close, 20) + decay_linear(zscore(close, 20), 50) - cs_rank(volume)))
[reward_only] iter 41/50 [OK ] reward=-40.8742  cs_rank(-1 * (close - sma(close, 20) + decay_linear(zscore(close, 20), 50) - cs_rank(volume)))
[reward_only] iter 42/50 [OK ] reward=-40.8742  cs_rank(-1 * (close - sma(close, 20) + decay_linear(zscore(close, 20), 50) - cs_rank(volume)))
[reward_only] iter 43/50 [OK ] reward=-40.8742  cs_rank(-1 * (close - sma(close, 20) + decay_linear(zscore(close, 20), 50) - cs_rank(volume)))
[reward_only] iter 44/50 [OK ] reward=-40.8742  cs_rank(-1 * (close - sma(close, 20) + decay_linear(zscore(close, 20), 50) - cs_rank(volume)))
[reward_only] iter 45/50 [OK ] reward=-40.8742  cs_rank(-1 * (close - sma(close, 20) + decay_linear(zscore(close, 20), 50) - cs_rank(volume)))
[reward_only] iter 46/50 [OK ] reward=-40.8742  cs_rank(-1 * (close - sma(close, 20) + decay_linear(zscore(close, 20), 50) - cs_rank(volume)))
[reward_only] iter 47/50 [OK ] reward=-40.8742  cs_rank(-1 * (close - sma(close, 20) + decay_linear(zscore(close, 20), 50) - cs_rank(volume)))
[reward_only] iter 48/50 [OK ] reward=-40.8742  cs_rank(-1 * (close - sma(close, 20) + decay_linear(zscore(close, 20), 50) - cs_rank(volume)))
[reward_only] iter 49/50 [OK ] reward=-40.8742  cs_rank(-1 * (close - sma(close, 20) + decay_linear(zscore(close, 20), 50) - cs_rank(volume)))
[reward_only] iter 50/50 [OK ] reward=-40.8742  cs_rank(-1 * (close - sma(close, 20) + decay_linear(zscore(close, 20), 50) - cs_rank(volume)))
[wfo:reward_only] fold 18 winner: cs_rank(-1 * (close - sma(close, 20) + decay_linear(zscore(close, 20), 50) - cs_rank(volume) + cs_rank(vwap)))
[wfo:reward_only] fold 18 OOS: Gross_IR=0.258 Turnover=73.36 Net_IR=-2.486
[wfo:reward_only] fold 19: train 2020-01-01..2024-12-31 -> test 2025-01-01..2025-12-31
[reward_only] iter  0/50 [SEED] reward=-174.4531  rank(-1 * delta(close, 1))
[reward_only] iter  1/50 [OK ] reward=-168.4248  cs_rank(-1 * (delta(close, 1) + decay_linear(zscore(volume, 10), 10)))
[reward_only] iter  2/50 [OK ] reward=-171.9976  cs_rank(-1 * (delta(close, 1) + decay_linear(zscore(volume, 10), 10) + ts_rank(zscore(close - vwap, 10), 10)))
[reward_only] iter  3/50 [OK ] reward=-168.4248  cs_rank(-1 * (delta(close, 1) + decay_linear(zscore(volume, 10), 10)))
[reward_only] iter  4/50 [OK ] reward=-162.3194  cs_rank(-1 * (delta(close, 1) + decay_linear(zscore(volume, 10), 10) + ts_rank(vwap, 10)))
[reward_only] iter  5/50 [OK ] reward=-168.4248  cs_rank(-1 * (delta(close, 1) + decay_linear(zscore(volume, 10), 10)))
[reward_only] iter  6/50 [OK ] reward=-160.6241  cs_rank(-1 * (delta(close, 1) + decay_linear(zscore(volume, 10), 10) + ts_rank(vwap, 10) + cs_rank(stddev(close, 20))))
[reward_only] iter  7/50 [OK ] reward=-162.3194  cs_rank(-1 * (delta(close, 1) + decay_linear(zscore(volume, 10), 10) + ts_rank(vwap, 10)))
[reward_only] iter  8/50 [OK ] reward=-166.4543  cs_rank(-1 * (delta(close, 1) + decay_linear(zscore(volume, 10), 10) + cs_rank(stddev(close, 20))))
[reward_only] iter  9/50 [OK ] reward=-166.4543  cs_rank(-1 * (delta(close, 1) + decay_linear(zscore(volume, 10), 10) + cs_rank(stddev(close, 20))))
[reward_only] iter 10/50 [OK ] reward=-166.4543  cs_rank(-1 * (delta(close, 1) + decay_linear(zscore(volume, 10), 10) + cs_rank(stddev(close, 20))))
[reward_only] iter 11/50 [OK ] reward=-162.3194  cs_rank(-1 * (delta(close, 1) + decay_linear(zscore(volume, 10), 10) + ts_rank(vwap, 10)))
[reward_only] iter 12/50 [OK ] reward=-162.3194  cs_rank(-1 * (delta(close, 1) + decay_linear(zscore(volume, 10), 10) + ts_rank(vwap, 10)))
[reward_only] iter 13/50 [OK ] reward=-162.3194  cs_rank(-1 * (delta(close, 1) + decay_linear(zscore(volume, 10), 10) + ts_rank(vwap, 10)))
[reward_only] iter 14/50 [OK ] reward=-162.3194  cs_rank(-1 * (delta(close, 1) + decay_linear(zscore(volume, 10), 10) + ts_rank(vwap, 10)))
[reward_only] iter 15/50 [OK ] reward=-162.3194  cs_rank(-1 * (delta(close, 1) + decay_linear(zscore(volume, 10), 10) + ts_rank(vwap, 10)))
[reward_only] iter 16/50 [OK ] reward=-162.3194  cs_rank(-1 * (delta(close, 1) + decay_linear(zscore(volume, 10), 10) + ts_rank(vwap, 10)))
[reward_only] iter 17/50 [OK ] reward=-162.3194  cs_rank(-1 * (delta(close, 1) + decay_linear(zscore(volume, 10), 10) + ts_rank(vwap, 10)))
[reward_only] iter 18/50 [OK ] reward=-162.3194  cs_rank(-1 * (delta(close, 1) + decay_linear(zscore(volume, 10), 10) + ts_rank(vwap, 10)))
[reward_only] iter 19/50 [OK ] reward=-162.3194  cs_rank(-1 * (delta(close, 1) + decay_linear(zscore(volume, 10), 10) + ts_rank(vwap, 10)))
[reward_only] iter 20/50 [OK ] reward=-160.6241  cs_rank(-1 * (delta(close, 1) + decay_linear(zscore(volume, 10), 10) + ts_rank(vwap, 10) + cs_rank(stddev(close, 20))))
[reward_only] iter 21/50 [OK ] reward=-162.3194  cs_rank(-1 * (delta(close, 1) + decay_linear(zscore(volume, 10), 10) + ts_rank(vwap, 10)))
[reward_only] iter 22/50 [OK ] reward=-162.3194  cs_rank(-1 * (delta(close, 1) + decay_linear(zscore(volume, 10), 10) + ts_rank(vwap, 10)))
[reward_only] iter 23/50 [OK ] reward=-162.3194  cs_rank(-1 * (delta(close, 1) + decay_linear(zscore(volume, 10), 10) + ts_rank(vwap, 10)))
[reward_only] iter 24/50 [OK ] reward=-162.3194  cs_rank(-1 * (delta(close, 1) + decay_linear(zscore(volume, 10), 10) + ts_rank(vwap, 10)))
[reward_only] iter 25/50 [OK ] reward=-162.3194  cs_rank(-1 * (delta(close, 1) + decay_linear(zscore(volume, 10), 10) + ts_rank(vwap, 10)))
[reward_only] iter 26/50 [OK ] reward=-162.3194  cs_rank(-1 * (delta(close, 1) + decay_linear(zscore(volume, 10), 10) + ts_rank(vwap, 10)))
[reward_only] iter 27/50 [OK ] reward=-162.3194  cs_rank(-1 * (delta(close, 1) + decay_linear(zscore(volume, 10), 10) + ts_rank(vwap, 10)))
[reward_only] iter 28/50 [OK ] reward=-166.4543  cs_rank(-1 * (delta(close, 1) + decay_linear(zscore(volume, 10), 10) + cs_rank(stddev(close, 20))))
[reward_only] iter 29/50 [OK ] reward=-162.3194  cs_rank(-1 * (delta(close, 1) + decay_linear(zscore(volume, 10), 10) + ts_rank(vwap, 10)))
[reward_only] iter 30/50 [OK ] reward=-162.3194  cs_rank(-1 * (delta(close, 1) + decay_linear(zscore(volume, 10), 10) + ts_rank(vwap, 10)))
[reward_only] iter 31/50 [OK ] reward=-162.3194  cs_rank(-1 * (delta(close, 1) + decay_linear(zscore(volume, 10), 10) + ts_rank(vwap, 10)))
[reward_only] iter 32/50 [OK ] reward=-162.3194  cs_rank(-1 * (delta(close, 1) + decay_linear(zscore(volume, 10), 10) + ts_rank(vwap, 10)))
[reward_only] iter 33/50 [OK ] reward=-162.3194  cs_rank(-1 * (delta(close, 1) + decay_linear(zscore(volume, 10), 10) + ts_rank(vwap, 10)))
[reward_only] iter 34/50 [OK ] reward=-166.4543  cs_rank(-1 * (delta(close, 1) + decay_linear(zscore(volume, 10), 10) + cs_rank(stddev(close, 20))))
[reward_only] iter 35/50 [OK ] reward=-166.4543  cs_rank(-1 * (delta(close, 1) + decay_linear(zscore(volume, 10), 10) + cs_rank(stddev(close, 20))))
[reward_only] iter 36/50 [OK ] reward=-166.4543  cs_rank(-1 * (delta(close, 1) + decay_linear(zscore(volume, 10), 10) + cs_rank(stddev(close, 20))))
[reward_only] iter 37/50 [OK ] reward=-162.3194  cs_rank(-1 * (delta(close, 1) + decay_linear(zscore(volume, 10), 10) + ts_rank(vwap, 10)))
[reward_only] iter 38/50 [OK ] reward=-166.4543  cs_rank(-1 * (delta(close, 1) + decay_linear(zscore(volume, 10), 10) + cs_rank(stddev(close, 20))))
[reward_only] iter 39/50 [OK ] reward=-162.3194  cs_rank(-1 * (delta(close, 1) + decay_linear(zscore(volume, 10), 10) + ts_rank(vwap, 10)))
[reward_only] iter 40/50 [OK ] reward=-160.6241  cs_rank(-1 * (delta(close, 1) + decay_linear(zscore(volume, 10), 10) + ts_rank(vwap, 10) + cs_rank(stddev(close, 20))))
[reward_only] iter 41/50 [OK ] reward=-162.3194  cs_rank(-1 * (delta(close, 1) + decay_linear(zscore(volume, 10), 10) + ts_rank(vwap, 10)))
[reward_only] iter 42/50 [OK ] reward=-162.3194  cs_rank(-1 * (delta(close, 1) + decay_linear(zscore(volume, 10), 10) + ts_rank(vwap, 10)))
[reward_only] iter 43/50 [OK ] reward=-162.3194  cs_rank(-1 * (delta(close, 1) + decay_linear(zscore(volume, 10), 10) + ts_rank(vwap, 10)))
[reward_only] iter 44/50 [OK ] reward=-162.3194  cs_rank(-1 * (delta(close, 1) + decay_linear(zscore(volume, 10), 10) + ts_rank(vwap, 10)))
[reward_only] iter 45/50 [OK ] reward=-162.3194  cs_rank(-1 * (delta(close, 1) + decay_linear(zscore(volume, 10), 10) + ts_rank(vwap, 10)))
[reward_only] iter 46/50 [OK ] reward=-162.3194  cs_rank(-1 * (delta(close, 1) + decay_linear(zscore(volume, 10), 10) + ts_rank(vwap, 10)))
[reward_only] iter 47/50 [OK ] reward=-162.3194  cs_rank(-1 * (delta(close, 1) + decay_linear(zscore(volume, 10), 10) + ts_rank(vwap, 10)))
[reward_only] iter 48/50 [OK ] reward=-162.3194  cs_rank(-1 * (delta(close, 1) + decay_linear(zscore(volume, 10), 10) + ts_rank(vwap, 10)))
[reward_only] iter 49/50 [OK ] reward=-162.3194  cs_rank(-1 * (delta(close, 1) + decay_linear(zscore(volume, 10), 10) + ts_rank(vwap, 10)))
[reward_only] iter 50/50 [OK ] reward=-162.3194  cs_rank(-1 * (delta(close, 1) + decay_linear(zscore(volume, 10), 10) + ts_rank(vwap, 10)))
[wfo:reward_only] fold 19 winner: cs_rank(-1 * (delta(close, 1) + decay_linear(zscore(volume, 10), 10) + ts_rank(vwap, 10) + cs_rank(stddev(close, 20))))
[wfo:reward_only] fold 19 OOS: Gross_IR=0.415 Turnover=303.78 Net_IR=-11.463
[wfo:reward_only] fold 20: train 2021-01-01..2025-12-31 -> test 2026-01-01..2026-08-13
[reward_only] iter  0/50 [SEED] reward=-172.7288  rank(-1 * delta(close, 1))
[reward_only] iter  1/50 [OK ] reward= -3.5820  rank(-1 * (delta(close, 1) + decay_linear(vwap, 10)))
[reward_only] iter  2/50 [OK ] reward= -3.8158  rank(-1 * (delta(close, 1) + decay_linear(vwap, 10) + zscore(volume, 20)))
[reward_only] iter  3/50 [OK ] reward= -3.9963  rank(-1 * (delta(close, 1) + decay_linear(vwap, 10) + zscore(high - low, 20)))
[reward_only] iter  4/50 [OK ] reward= -3.9963  rank(-1 * (delta(close, 1) + decay_linear(vwap, 10) + zscore(high - low, 20)))
[reward_only] iter  5/50 [OK ] reward= -3.5820  rank(-1 * (delta(close, 1) + decay_linear(vwap, 10)))
[reward_only] iter  6/50 [OK ] reward= -5.4421  rank(-1 * (delta(close, 1) + decay_linear(vwap, 10) + sma(volume, 20)))
[reward_only] iter  7/50 [OK ] reward= -3.5947  rank(-1 * (delta(close, 1) + decay_linear(vwap, 10) + cs_rank(volume)))
[reward_only] iter  8/50 [OK ] reward= -3.6947  rank(-1 * (delta(close, 1) + decay_linear(vwap, 10) + cs_rank(volume / (volume + 1e-5))))
[reward_only] iter  9/50 [OK ] reward= -3.5820  rank(-1 * (delta(close, 1) + decay_linear(vwap, 10)))
[reward_only] iter 10/50 [OK ] reward= -3.6169  rank(-1 * (delta(close, 1) + decay_linear(vwap, 10) + ts_rank(volume, 20)))
[reward_only] iter 11/50 [OK ] reward= -5.4421  rank(-1 * (delta(close, 1) + decay_linear(vwap, 10) + sma(volume, 20)))
[reward_only] iter 12/50 [OK ] reward= -3.5947  rank(-1 * (delta(close, 1) + decay_linear(vwap, 10) + cs_rank(volume)))
[reward_only] iter 13/50 [OK ] reward= -3.6947  rank(-1 * (delta(close, 1) + decay_linear(vwap, 10) + cs_rank(volume / (volume + 1e-5))))
[reward_only] iter 14/50 [OK ] reward= -3.5820  rank(-1 * (delta(close, 1) + decay_linear(vwap, 10)))
[reward_only] iter 15/50 [OK ] reward= -3.5562  rank(-1 * (delta(close, 1) + decay_linear(vwap, 20)))
[reward_only] iter 16/50 [OK ] reward= -6.0465  rank(-1 * (delta(close, 1) + decay_linear(vwap, 20) + decay_linear(volume, 20)))
[reward_only] iter 17/50 [OK ] reward= -3.8087  rank(-1 * (delta(close, 1) + decay_linear(vwap, 20) - zscore(volume, 20)))
[reward_only] iter 18/50 [OK ] reward= -3.9488  rank(-1 * (delta(close, 1) + decay_linear(vwap, 20) - zscore(volume, 20) + cs_rank(stddev(close, 20))))
[reward_only] iter 19/50 [OK ] reward= -3.8087  rank(-1 * (delta(close, 1) + decay_linear(vwap, 20) - zscore(volume, 20)))
[reward_only] iter 20/50 [OK ] reward= -3.9267  rank(-1 * (delta(close, 1) + decay_linear(vwap, 20) - zscore(volume, 20) + cs_rank(high - low)))
[reward_only] iter 21/50 [OK ] reward= -3.8087  rank(-1 * (delta(close, 1) + decay_linear(vwap, 20) - zscore(volume, 20)))
[reward_only] iter 22/50 [OK ] reward= -3.9267  rank(-1 * (delta(close, 1) + decay_linear(vwap, 20) - zscore(volume, 20) + cs_rank(high - low)))
[reward_only] iter 23/50 [OK ] reward= -3.8087  rank(-1 * (delta(close, 1) + decay_linear(vwap, 20) - zscore(volume, 20)))
[reward_only] iter 24/50 [OK ] reward= -3.9267  rank(-1 * (delta(close, 1) + decay_linear(vwap, 20) - zscore(volume, 20) + cs_rank(high - low)))
[reward_only] iter 25/50 [OK ] reward= -3.8087  rank(-1 * (delta(close, 1) + decay_linear(vwap, 20) - zscore(volume, 20)))
[reward_only] iter 26/50 [OK ] reward= -3.5756  rank(-1 * (delta(close, 1) + decay_linear(vwap, 20) - ts_rank(volume, 20)))
[reward_only] iter 27/50 [OK ] reward= -3.8087  rank(-1 * (delta(close, 1) + decay_linear(vwap, 20) - zscore(volume, 20)))
[reward_only] iter 28/50 [OK ] reward= -3.9267  rank(-1 * (delta(close, 1) + decay_linear(vwap, 20) - zscore(volume, 20) + cs_rank(high - low)))
[reward_only] iter 29/50 [OK ] reward= -3.6228  rank(-1 * (delta(close, 1) + decay_linear(vwap, 20) - cs_rank(high - low)))
[reward_only] iter 30/50 [OK ] reward= -3.5562  rank(-1 * (delta(close, 1) + decay_linear(vwap, 20)))
[reward_only] iter 31/50 [OK ] reward= -3.5906  rank(-1 * (delta(close, 1) + decay_linear(vwap, 20) + ts_rank(volume, 60)))
[reward_only] iter 32/50 [OK ] reward= -3.7487  rank(-1 * (delta(close, 1) + decay_linear(vwap, 20) + zscore(volume, 60)))
[reward_only] iter 33/50 [OK ] reward= -3.6549  rank(-1 * (delta(close, 1) + decay_linear(vwap, 20) + zscore(volume, 60) * 0.5))
[reward_only] iter 34/50 [OK ] reward= -3.5562  rank(-1 * (delta(close, 1) + decay_linear(vwap, 20)))
[reward_only] iter 35/50 [OK ] reward= -3.5966  rank(-1 * (delta(close, 1) + decay_linear(vwap, 20) + ts_rank(volume, 20)))
[reward_only] iter 36/50 [OK ] reward= -3.5717  rank(-1 * (delta(close, 1) + decay_linear(vwap, 20) + cs_rank(volume)))
[reward_only] iter 37/50 [OK ] reward= -3.8053  rank(-1 * (delta(close, 1) + decay_linear(vwap, 20) + zscore(volume, 20)))
[reward_only] iter 38/50 [OK ] reward= -3.6565  rank(-1 * (delta(close, 1) + decay_linear(vwap, 20) + cs_rank(zscore(volume, 20))))
[reward_only] iter 39/50 [OK ] reward= -3.5562  rank(-1 * (delta(close, 1) + decay_linear(vwap, 20)))
[reward_only] iter 40/50 [OK ] reward= -3.8053  rank(-1 * (delta(close, 1) + decay_linear(vwap, 20) + zscore(volume, 20)))
[reward_only] iter 41/50 [OK ] reward= -4.0304  rank(-1 * (delta(close, 1) + decay_linear(vwap, 20) + zscore(volume, 20) + ts_rank(close, 20)))
[reward_only] iter 42/50 [OK ] reward= -3.8053  rank(-1 * (delta(close, 1) + decay_linear(vwap, 20) + zscore(volume, 20)))
[reward_only] iter 43/50 [OK ] reward= -3.9701  rank(-1 * (delta(close, 1) + decay_linear(vwap, 20) + zscore(volume, 20) + cs_rank(high - low)))
[reward_only] iter 44/50 [OK ] reward= -3.5562  rank(-1 * (delta(close, 1) + decay_linear(vwap, 20)))
[reward_only] iter 45/50 [OK ] reward= -3.7487  rank(-1 * (delta(close, 1) + decay_linear(vwap, 20) + zscore(volume, 60)))
[reward_only] iter 46/50 [OK ] reward= -4.6308  rank(-1 * (delta(close, 1) + decay_linear(vwap, 20) + zscore(volume, 60) / (cs_rank(volume) + 1e-5)))
[reward_only] iter 47/50 [OK ] reward= -3.7487  rank(-1 * (delta(close, 1) + decay_linear(vwap, 20) + zscore(volume, 60)))
[reward_only] iter 48/50 [OK ] reward= -3.5717  rank(-1 * (delta(close, 1) + decay_linear(vwap, 20) + cs_rank(volume)))
[reward_only] iter 49/50 [OK ] reward= -3.6717  rank(-1 * (delta(close, 1) + decay_linear(vwap, 20) + cs_rank(volume / (volume + 1e-5))))
[reward_only] iter 50/50 [OK ] reward= -3.5562  rank(-1 * (delta(close, 1) + decay_linear(vwap, 20)))
[wfo:reward_only] fold 20 winner: rank(-1 * (delta(close, 1) + decay_linear(vwap, 20)))
[wfo:reward_only] fold 20 OOS: Gross_IR=0.339 Turnover=11.87 Net_IR=-0.052
[run_full_grid] checkpointed grid_summary.csv (1 rows)

==============================================================================
ALPHA=reversal (rank(-1 * delta(close, 1)))  LLM_SEED=2002
==============================================================================
[LocalQwenClient] seed=2002 main_gpu=0
[wfo:reward_only] fold 0: train 2001-01-01..2005-12-31 -> test 2006-01-01..2006-12-31
[reward_only] iter  0/50 [SEED] reward=-185.4972  rank(-1 * delta(close, 1))
[reward_only] iter  1/50 [OK ] reward=-173.5362  cs_rank(-1 * delta(close, 1) + ts_rank(volume, 20))
[reward_only] iter  2/50 [OK ] reward= -9.5280  cs_rank(-1 * delta(close, 1) + ts_rank(volume, 20) + decay_linear(vwap, 60))
[reward_only] iter  3/50 [OK ] reward=-13.3258  cs_rank(-1 * zscore(delta(close, 1), 20) + ts_rank(volume, 20) + decay_linear(vwap, 60))
[reward_only] iter  4/50 [OK ] reward= -9.5280  cs_rank(-1 * delta(close, 1) + ts_rank(volume, 20) + decay_linear(vwap, 60))
[reward_only] iter  5/50 [ERR] reward=    -inf  cs_rank(-1 * delta(close, 1) + ts_rank(volume, 20) + decay_linear(vwap, 60) + cs_rank(log(volume / sma(volume, 10))))
[reward_only] iter  6/50 [OK ] reward=-11.3303  cs_rank(-1 * delta(close, 1) + ts_rank(volume, 20) + decay_linear(vwap, 60) + cs_rank(log(volume / (sma(volume, 10) + 1e-5))))
[reward_only] iter  7/50 [OK ] reward= -9.5280  cs_rank(-1 * delta(close, 1) + ts_rank(volume, 20) + decay_linear(vwap, 60))
[reward_only] iter  8/50 [ERR] reward=    -inf  cs_rank(-1 * delta(close, 1) + ts_rank(volume, 20) + decay_linear(vwap, 60) + ts_rank((high - low) / close, 10))
[reward_only] iter  9/50 [OK ] reward=-11.0926  cs_rank(-1 * delta(close, 1) + ts_rank(volume, 20) + decay_linear(vwap, 60) + ts_rank((high - low) / (close + 1e-5), 10))
[reward_only] iter 10/50 [OK ] reward= -9.5280  cs_rank(-1 * delta(close, 1) + ts_rank(volume, 20) + decay_linear(vwap, 60))
[reward_only] iter 11/50 [OK ] reward=-16.4389  cs_rank(-1 * delta(close, 1) + ts_rank(volume, 20) + decay_linear(vwap, 60) + zscore(high - low, 20))
[reward_only] iter 12/50 [OK ] reward= -9.5280  cs_rank(-1 * delta(close, 1) + ts_rank(volume, 20) + decay_linear(vwap, 60))
[reward_only] iter 13/50 [OK ] reward=-134.2700  cs_rank(-1 * delta(close, 1) + ts_rank(volume, 20) + decay_linear(high - low, 60))
[reward_only] iter 14/50 [OK ] reward=-173.5362  cs_rank(-1 * delta(close, 1) + ts_rank(volume, 20))
[reward_only] iter 15/50 [OK ] reward= -9.7537  cs_rank(-1 * delta(close, 1) + ts_rank(volume, 20) + decay_linear(vwap, 60) - cs_rank(stddev(close, 20)))
[reward_only] iter 16/50 [OK ] reward= -9.5280  cs_rank(-1 * delta(close, 1) + ts_rank(volume, 20) + decay_linear(vwap, 60))
[reward_only] iter 17/50 [OK ] reward=-12.0397  cs_rank(-1 * delta(close, 1) + ts_rank(volume, 20) + decay_linear(vwap, 60) + cs_rank(open - close))
[reward_only] iter 18/50 [OK ] reward= -9.5280  cs_rank(-1 * delta(close, 1) + ts_rank(volume, 20) + decay_linear(vwap, 60))
[reward_only] iter 19/50 [OK ] reward=-10.0621  cs_rank(-1 * delta(close, 1) + ts_rank(volume, 20) + decay_linear(vwap, 60) + cs_rank(high - low))
[reward_only] iter 20/50 [OK ] reward= -9.5280  cs_rank(-1 * delta(close, 1) + ts_rank(volume, 20) + decay_linear(vwap, 60))
[reward_only] iter 21/50 [OK ] reward=-134.2700  cs_rank(-1 * delta(close, 1) + ts_rank(volume, 20) + decay_linear(high - low, 60))
[reward_only] iter 22/50 [OK ] reward= -9.5280  cs_rank(-1 * delta(close, 1) + ts_rank(volume, 20) + decay_linear(vwap, 60))
[reward_only] iter 23/50 [OK ] reward=-10.0621  cs_rank(-1 * delta(close, 1) + ts_rank(volume, 20) + decay_linear(vwap, 60) + cs_rank(high - low))
[reward_only] iter 24/50 [OK ] reward= -9.5280  cs_rank(-1 * delta(close, 1) + ts_rank(volume, 20) + decay_linear(vwap, 60))
[reward_only] iter 25/50 [ERR] reward=    -inf  cs_rank(-1 * delta(close, 1) + ts_rank(volume, 20) + decay_linear(vwap, 60) + cs_rank(-1 * (high - low) / (high + low)))
[reward_only] iter 26/50 [OK ] reward=-10.0644  cs_rank(-1 * delta(close, 1) + ts_rank(volume, 20) + decay_linear(vwap, 60) + cs_rank(-1 * (high - low) / (high + low + 1e-5)))
[reward_only] iter 27/50 [OK ] reward= -9.5280  cs_rank(-1 * delta(close, 1) + ts_rank(volume, 20) + decay_linear(vwap, 60))
[reward_only] iter 28/50 [OK ] reward=-10.0621  cs_rank(-1 * delta(close, 1) + ts_rank(volume, 20) + decay_linear(vwap, 60) + cs_rank(high - low))
[reward_only] iter 29/50 [OK ] reward= -9.5280  cs_rank(-1 * delta(close, 1) + ts_rank(volume, 20) + decay_linear(vwap, 60))
[reward_only] iter 30/50 [OK ] reward=-134.2700  cs_rank(-1 * delta(close, 1) + ts_rank(volume, 20) + decay_linear(high - low, 60))
[reward_only] iter 31/50 [OK ] reward= -9.5280  cs_rank(-1 * delta(close, 1) + ts_rank(volume, 20) + decay_linear(vwap, 60))
[reward_only] iter 32/50 [OK ] reward=-10.0621  cs_rank(-1 * delta(close, 1) + ts_rank(volume, 20) + decay_linear(vwap, 60) + cs_rank(high - low))
[reward_only] iter 33/50 [OK ] reward= -9.5280  cs_rank(-1 * delta(close, 1) + ts_rank(volume, 20) + decay_linear(vwap, 60))
[reward_only] iter 34/50 [OK ] reward=-10.0621  cs_rank(-1 * delta(close, 1) + ts_rank(volume, 20) + decay_linear(vwap, 60) + cs_rank(high - low))
[reward_only] iter 35/50 [OK ] reward= -9.5280  cs_rank(-1 * delta(close, 1) + ts_rank(volume, 20) + decay_linear(vwap, 60))
[reward_only] iter 36/50 [OK ] reward= -8.8891  cs_rank(-1 * delta(close, 1) + ts_rank(volume, 20) + decay_linear(vwap, 60) + cs_rank(close - vwap))
[reward_only] iter 37/50 [OK ] reward= -9.5280  cs_rank(-1 * delta(close, 1) + ts_rank(volume, 20) + decay_linear(vwap, 60))
[reward_only] iter 38/50 [ERR] reward=    -inf  cs_rank(-1 * delta(close, 1) + ts_rank(volume, 20) + decay_linear(vwap, 60) + cs_rank(close - vwap) + cs_rank((high - low) / vwap))
[reward_only] iter 39/50 [OK ] reward=-10.1361  cs_rank(-1 * delta(close, 1) + ts_rank(volume, 20) + decay_linear(vwap, 60) + cs_rank(close - vwap) + cs_rank((high - low) / (vwap + 1e-5)))
[reward_only] iter 40/50 [OK ] reward= -8.8891  cs_rank(-1 * delta(close, 1) + ts_rank(volume, 20) + decay_linear(vwap, 60) + cs_rank(close - vwap))
[reward_only] iter 41/50 [OK ] reward= -9.5280  cs_rank(-1 * delta(close, 1) + ts_rank(volume, 20) + decay_linear(vwap, 60))
[reward_only] iter 42/50 [ERR] reward=    -inf  cs_rank(-1 * delta(close, 1) + ts_rank(volume, 20) + decay_linear(vwap, 60) + cs_rank(close / vwap - 1))
[reward_only] iter 43/50 [OK ] reward= -9.2465  cs_rank(-1 * delta(close, 1) + ts_rank(volume, 20) + decay_linear(vwap, 60) + cs_rank(close / (vwap + 1e-5) - 1))
[reward_only] iter 44/50 [OK ] reward= -9.5280  cs_rank(-1 * delta(close, 1) + ts_rank(volume, 20) + decay_linear(vwap, 60))
[reward_only] iter 45/50 [OK ] reward=-12.0397  cs_rank(-1 * delta(close, 1) + ts_rank(volume, 20) + decay_linear(vwap, 60) + cs_rank(open - close))
[reward_only] iter 46/50 [OK ] reward= -9.5280  cs_rank(-1 * delta(close, 1) + ts_rank(volume, 20) + decay_linear(vwap, 60))
[reward_only] iter 47/50 [OK ] reward= -9.0215  cs_rank(-1 * delta(close, 1) + ts_rank(volume, 20) + decay_linear(vwap, 60) + cs_rank(close - vwap) + cs_rank(stddev(close, 20)))
[reward_only] iter 48/50 [OK ] reward= -9.5280  cs_rank(-1 * delta(close, 1) + ts_rank(volume, 20) + decay_linear(vwap, 60))
[reward_only] iter 49/50 [ERR] reward=    -inf  cs_rank(-1 * delta(close, 1) + ts_rank(volume, 20) + decay_linear(vwap, 60) + cs_rank((high - low) / vwap))
[reward_only] iter 50/50 [OK ] reward=-10.5874  cs_rank(-1 * delta(close, 1) + ts_rank(volume, 20) + decay_linear(vwap, 60) + cs_rank((high - low) / (vwap + 1e-5)))
[wfo:reward_only] fold 0 winner: cs_rank(-1 * delta(close, 1) + ts_rank(volume, 20) + decay_linear(vwap, 60) + cs_rank(close - vwap))
[wfo:reward_only] fold 0 OOS: Gross_IR=-1.500 Turnover=9.48 Net_IR=-2.033
[wfo:reward_only] fold 1: train 2002-01-01..2006-12-31 -> test 2007-01-01..2007-12-31
[reward_only] iter  0/50 [SEED] reward=-183.2838  rank(-1 * delta(close, 1))
[reward_only] iter  1/50 [OK ] reward=-159.6628  cs_rank(-1 * ts_rank(delta(close, 1), 20) + cs_rank(zscore(volume, 20)))
[reward_only] iter  2/50 [OK ] reward=-125.2681  cs_rank(-1 * ts_rank(delta(close, 1), 20) + cs_rank(zscore(volume, 20)) + cs_rank(decay_linear(vwap, 20)))
[reward_only] iter  3/50 [OK ] reward=-125.3199  cs_rank(-1 * ts_rank(delta(close, 1), 20) + cs_rank(zscore(volume, 20)) + cs_rank(vwap))
[reward_only] iter  4/50 [OK ] reward=-125.2681  cs_rank(-1 * ts_rank(delta(close, 1), 20) + cs_rank(zscore(volume, 20)) + cs_rank(decay_linear(vwap, 20)))
[reward_only] iter  5/50 [OK ] reward=-159.6628  cs_rank(-1 * ts_rank(delta(close, 1), 20) + cs_rank(zscore(volume, 20)))
[reward_only] iter  6/50 [ERR] reward=    -inf  cs_rank(-1 * ts_rank(delta(close, 1), 20) + cs_rank(zscore(volume, 20)) + cs_rank(decay_linear(vwap, 20)) + cs_rank(abs(delta(close, 1) / (close + 1e-5)))
[reward_only] iter  7/50 [OK ] reward=-144.6050  cs_rank(-1 * ts_rank(delta(close, 1), 20) + cs_rank(zscore(volume, 20)) + cs_rank(decay_linear(vwap, 20)) + cs_rank(abs(delta(close, 1) / (close + 1e-5))))
[reward_only] iter  8/50 [OK ] reward=-125.2681  cs_rank(-1 * ts_rank(delta(close, 1), 20) + cs_rank(zscore(volume, 20)) + cs_rank(decay_linear(vwap, 20)))
[reward_only] iter  9/50 [OK ] reward=-125.3199  cs_rank(-1 * ts_rank(delta(close, 1), 20) + cs_rank(zscore(volume, 20)) + cs_rank(vwap))
[reward_only] iter 10/50 [OK ] reward=-159.6628  cs_rank(-1 * ts_rank(delta(close, 1), 20) + cs_rank(zscore(volume, 20)))
[reward_only] iter 11/50 [OK ] reward=-137.6049  cs_rank(-1 * ts_rank(delta(close, 1), 20) + cs_rank(zscore(volume, 20)) + cs_rank(decay_linear(vwap, 20)) - cs_rank(zscore(high - low, 20)))
[reward_only] iter 12/50 [OK ] reward=-125.2681  cs_rank(-1 * ts_rank(delta(close, 1), 20) + cs_rank(zscore(volume, 20)) + cs_rank(decay_linear(vwap, 20)))
[reward_only] iter 13/50 [OK ] reward=-159.6628  cs_rank(-1 * ts_rank(delta(close, 1), 20) + cs_rank(zscore(volume, 20)))
[reward_only] iter 14/50 [OK ] reward=-99.6312  cs_rank(-1 * ts_rank(delta(close, 1), 20) + cs_rank(zscore(volume, 20)) + cs_rank(decay_linear(vwap, 20)) + cs_rank(high - low))
[reward_only] iter 15/50 [OK ] reward=-125.2681  cs_rank(-1 * ts_rank(delta(close, 1), 20) + cs_rank(zscore(volume, 20)) + cs_rank(decay_linear(vwap, 20)))
[reward_only] iter 16/50 [OK ] reward=-136.2613  cs_rank(-1 * ts_rank(delta(close, 1), 20) + cs_rank(zscore(volume, 20)) + cs_rank(high - low))
[reward_only] iter 17/50 [OK ] reward=-125.2681  cs_rank(-1 * ts_rank(delta(close, 1), 20) + cs_rank(zscore(volume, 20)) + cs_rank(decay_linear(vwap, 20)))
[reward_only] iter 18/50 [OK ] reward=-125.2681  cs_rank(-1 * ts_rank(delta(close, 1), 20) + cs_rank(zscore(volume, 20)) + cs_rank(decay_linear(vwap, 20)))
[reward_only] iter 19/50 [OK ] reward=-125.3199  cs_rank(-1 * ts_rank(delta(close, 1), 20) + cs_rank(zscore(volume, 20)) + cs_rank(vwap))
[reward_only] iter 20/50 [OK ] reward=-125.3199  cs_rank(-1 * ts_rank(delta(close, 1), 20) + cs_rank(zscore(volume, 20)) + cs_rank(vwap))
[reward_only] iter 21/50 [OK ] reward=-125.3199  cs_rank(-1 * ts_rank(delta(close, 1), 20) + cs_rank(zscore(volume, 20)) + cs_rank(vwap))
[reward_only] iter 22/50 [OK ] reward=-125.2681  cs_rank(-1 * ts_rank(delta(close, 1), 20) + cs_rank(zscore(volume, 20)) + cs_rank(decay_linear(vwap, 20)))
[reward_only] iter 23/50 [OK ] reward=-125.2681  cs_rank(-1 * ts_rank(delta(close, 1), 20) + cs_rank(zscore(volume, 20)) + cs_rank(decay_linear(vwap, 20)))
[reward_only] iter 24/50 [OK ] reward=-125.2681  cs_rank(-1 * ts_rank(delta(close, 1), 20) + cs_rank(zscore(volume, 20)) + cs_rank(decay_linear(vwap, 20)))
[reward_only] iter 25/50 [OK ] reward=-125.2681  cs_rank(-1 * ts_rank(delta(close, 1), 20) + cs_rank(zscore(volume, 20)) + cs_rank(decay_linear(vwap, 20)))
[reward_only] iter 26/50 [OK ] reward=-125.2681  cs_rank(-1 * ts_rank(delta(close, 1), 20) + cs_rank(zscore(volume, 20)) + cs_rank(decay_linear(vwap, 20)))
[reward_only] iter 27/50 [OK ] reward=-125.2681  cs_rank(-1 * ts_rank(delta(close, 1), 20) + cs_rank(zscore(volume, 20)) + cs_rank(decay_linear(vwap, 20)))
[reward_only] iter 28/50 [OK ] reward=-125.2681  cs_rank(-1 * ts_rank(delta(close, 1), 20) + cs_rank(zscore(volume, 20)) + cs_rank(decay_linear(vwap, 20)))
[reward_only] iter 29/50 [OK ] reward=-125.2681  cs_rank(-1 * ts_rank(delta(close, 1), 20) + cs_rank(zscore(volume, 20)) + cs_rank(decay_linear(vwap, 20)))
[reward_only] iter 30/50 [OK ] reward=-136.2613  cs_rank(-1 * ts_rank(delta(close, 1), 20) + cs_rank(zscore(volume, 20)) + cs_rank(high - low))
[reward_only] iter 31/50 [OK ] reward=-136.2613  cs_rank(-1 * ts_rank(delta(close, 1), 20) + cs_rank(zscore(volume, 20)) + cs_rank(high - low))
[reward_only] iter 32/50 [OK ] reward=-125.2681  cs_rank(-1 * ts_rank(delta(close, 1), 20) + cs_rank(zscore(volume, 20)) + cs_rank(decay_linear(vwap, 20)))
[reward_only] iter 33/50 [OK ] reward=-125.2681  cs_rank(-1 * ts_rank(delta(close, 1), 20) + cs_rank(zscore(volume, 20)) + cs_rank(decay_linear(vwap, 20)))
[reward_only] iter 34/50 [OK ] reward=-125.2681  cs_rank(-1 * ts_rank(delta(close, 1), 20) + cs_rank(zscore(volume, 20)) + cs_rank(decay_linear(vwap, 20)))
[reward_only] iter 35/50 [OK ] reward=-125.2681  cs_rank(-1 * ts_rank(delta(close, 1), 20) + cs_rank(zscore(volume, 20)) + cs_rank(decay_linear(vwap, 20)))
[reward_only] iter 36/50 [OK ] reward=-125.2681  cs_rank(-1 * ts_rank(delta(close, 1), 20) + cs_rank(zscore(volume, 20)) + cs_rank(decay_linear(vwap, 20)))
[reward_only] iter 37/50 [OK ] reward=-125.2681  cs_rank(-1 * ts_rank(delta(close, 1), 20) + cs_rank(zscore(volume, 20)) + cs_rank(decay_linear(vwap, 20)))
[reward_only] iter 38/50 [OK ] reward=-125.2681  cs_rank(-1 * ts_rank(delta(close, 1), 20) + cs_rank(zscore(volume, 20)) + cs_rank(decay_linear(vwap, 20)))
[reward_only] iter 39/50 [OK ] reward=-125.2681  cs_rank(-1 * ts_rank(delta(close, 1), 20) + cs_rank(zscore(volume, 20)) + cs_rank(decay_linear(vwap, 20)))
[reward_only] iter 40/50 [OK ] reward=-125.2681  cs_rank(-1 * ts_rank(delta(close, 1), 20) + cs_rank(zscore(volume, 20)) + cs_rank(decay_linear(vwap, 20)))
[reward_only] iter 41/50 [OK ] reward=-125.2681  cs_rank(-1 * ts_rank(delta(close, 1), 20) + cs_rank(zscore(volume, 20)) + cs_rank(decay_linear(vwap, 20)))
[reward_only] iter 42/50 [OK ] reward=-125.2681  cs_rank(-1 * ts_rank(delta(close, 1), 20) + cs_rank(zscore(volume, 20)) + cs_rank(decay_linear(vwap, 20)))
[reward_only] iter 43/50 [OK ] reward=-136.2613  cs_rank(-1 * ts_rank(delta(close, 1), 20) + cs_rank(zscore(volume, 20)) + cs_rank(high - low))
[reward_only] iter 44/50 [OK ] reward=-125.2681  cs_rank(-1 * ts_rank(delta(close, 1), 20) + cs_rank(zscore(volume, 20)) + cs_rank(decay_linear(vwap, 20)))
[reward_only] iter 45/50 [OK ] reward=-177.7120  cs_rank(-1 * ts_rank(delta(close, 1), 20) + cs_rank(zscore(volume, 20)) + cs_rank(vwap - close))
[reward_only] iter 46/50 [OK ] reward=-125.2681  cs_rank(-1 * ts_rank(delta(close, 1), 20) + cs_rank(zscore(volume, 20)) + cs_rank(decay_linear(vwap, 20)))
[reward_only] iter 47/50 [OK ] reward=-125.3199  cs_rank(-1 * ts_rank(delta(close, 1), 20) + cs_rank(zscore(volume, 20)) + cs_rank(vwap))
[reward_only] iter 48/50 [OK ] reward=-125.2681  cs_rank(-1 * ts_rank(delta(close, 1), 20) + cs_rank(zscore(volume, 20)) + cs_rank(decay_linear(vwap, 20)))
[reward_only] iter 49/50 [OK ] reward=-125.2681  cs_rank(-1 * ts_rank(delta(close, 1), 20) + cs_rank(zscore(volume, 20)) + cs_rank(decay_linear(vwap, 20)))
[reward_only] iter 50/50 [OK ] reward=-136.2613  cs_rank(-1 * ts_rank(delta(close, 1), 20) + cs_rank(zscore(volume, 20)) + cs_rank(high - low))
[wfo:reward_only] fold 1 winner: cs_rank(-1 * ts_rank(delta(close, 1), 20) + cs_rank(zscore(volume, 20)) + cs_rank(decay_linear(vwap, 20)) + cs_rank(high - low))
[wfo:reward_only] fold 1 OOS: Gross_IR=-1.404 Turnover=161.48 Net_IR=-12.340
[wfo:reward_only] fold 2: train 2003-01-01..2007-12-31 -> test 2008-01-01..2008-12-31
[reward_only] iter  0/50 [SEED] reward=-180.2929  rank(-1 * delta(close, 1))
[reward_only] iter  1/50 [OK ] reward=-24.0569  cs_rank(-1 * ts_rank(close, 252))
[reward_only] iter  2/50 [ERR] reward=    -inf  cs_rank(-1 * ts_rank((high - low) / (high + low), 252))
[reward_only] iter  3/50 [OK ] reward=-182.3663  cs_rank(-1 * ts_rank(close - vwap, 252))
[reward_only] iter  4/50 [OK ] reward=-183.2044  cs_rank(-1 * ts_rank(close - open, 252))
[reward_only] iter  5/50 [OK ] reward=-183.3658  cs_rank(-1 * ts_rank(close / (open + 1e-5), 252))
[reward_only] iter  6/50 [OK ] reward=-116.1653  cs_rank(-1 * ts_rank(close / (open + 1e-5), 252) * decay_linear(close, 252))
[reward_only] iter  7/50 [OK ] reward=-116.1653  cs_rank(-1 * ts_rank(close / (open + 1e-5), 252) * decay_linear(close, 252))
[reward_only] iter  8/50 [OK ] reward=-116.1653  cs_rank(-1 * ts_rank(close / (open + 1e-5), 252) * decay_linear(close, 252))
[reward_only] iter  9/50 [OK ] reward=-116.0949  cs_rank(-1 * ts_rank(close / (open + 1e-5), 252) * decay_linear(close, 126))
[reward_only] iter 10/50 [OK ] reward=-160.3767  cs_rank(-1 * ts_rank((high - low) / (open + 1e-5), 252))
[reward_only] iter 11/50 [OK ] reward= -5.7856  cs_rank(-1 * ts_rank(decay_linear(close, 120), 252))
[reward_only] iter 12/50 [OK ] reward= -5.5159  cs_rank(-1 * ts_rank(decay_linear(vwap, 120), 252))
[reward_only] iter 13/50 [OK ] reward=-22.2596  cs_rank(-1 * ts_rank(vwap - sma(vwap, 120), 252))
[reward_only] iter 14/50 [OK ] reward=-30.0009  cs_rank(-1 * ts_rank(decay_linear(vwap - sma(vwap, 120), 120), 252) * cs_rank(volume))
[reward_only] iter 15/50 [OK ] reward= -5.5159  cs_rank(-1 * ts_rank(decay_linear(vwap, 120), 252))
[reward_only] iter 16/50 [OK ] reward= -5.7856  cs_rank(-1 * ts_rank(decay_linear(close, 120), 252))
[reward_only] iter 17/50 [OK ] reward=-31.2901  cs_rank(-1 * ts_rank(decay_linear(close, 120), 252) + cs_rank(volume / (volume + 1e-5)))
[reward_only] iter 18/50 [OK ] reward=-31.3081  cs_rank(-1 * ts_rank(decay_linear(vwap, 120), 252) + cs_rank(volume / (volume + 1e-5)))
[reward_only] iter 19/50 [OK ] reward=-79.4030  cs_rank(-1 * ts_rank(decay_linear(vwap, 120), 252) + cs_rank(zscore(volume, 120)))
[reward_only] iter 20/50 [ERR] reward=    -inf  cs_rank(-1 * ts_rank(decay_linear(vwap, 120), 252) + cs_rank((close - open) / (high - low)))
[reward_only] iter 21/50 [OK ] reward=-122.8008  cs_rank(-1 * ts_rank(decay_linear(vwap, 120), 252) + cs_rank((close - open) / (high - low + 1e-5)))
[reward_only] iter 22/50 [OK ] reward= -5.5159  cs_rank(-1 * ts_rank(decay_linear(vwap, 120), 252))
[reward_only] iter 23/50 [OK ] reward=-183.2044  cs_rank(-1 * ts_rank(close - open, 252))
[reward_only] iter 24/50 [OK ] reward=-25.0278  cs_rank(-1 * ts_rank(decay_linear(vwap - close, 120), 252))
[reward_only] iter 25/50 [OK ] reward=-23.8845  cs_rank(-1 * ts_rank(decay_linear(close - open, 120), 252))
[reward_only] iter 26/50 [OK ] reward= -9.1214  cs_rank(-1 * ts_rank(decay_linear(vwap - sma(close, 20), 120), 252))
[reward_only] iter 27/50 [ERR] reward=    -inf  cs_rank(-1 * ts_rank(decay_linear(volume / (close + open), 120), 252))
[reward_only] iter 28/50 [OK ] reward= -5.5159  cs_rank(-1 * ts_rank(decay_linear(vwap, 120), 252))
[reward_only] iter 29/50 [OK ] reward=-184.6236  cs_rank((close - open) / (high - low + 1e-5))
[reward_only] iter 30/50 [OK ] reward= -3.7790  cs_rank(-1 * decay_linear(ts_rank(vwap, 120), 252))
[reward_only] iter 31/50 [OK ] reward=-19.0968  cs_rank(-1 * decay_linear(ts_rank(close - open, 120), 252))
[reward_only] iter 32/50 [ERR] reward=    -inf  cs_rank(-1 * decay_linear(ts_rank((high - low) / close, 120), 252))
[reward_only] iter 33/50 [OK ] reward= -8.6350  cs_rank(-1 * decay_linear(ts_rank((high - low) / (close + 1e-5), 120), 252))
[reward_only] iter 34/50 [OK ] reward= -7.1002  cs_rank(-1 * decay_linear(ts_rank((high - low) / (close + 1e-5), 120) + ts_rank(volume, 120), 252))
[reward_only] iter 35/50 [OK ] reward= -4.2070  cs_rank(-1 * decay_linear(ts_rank(vwap, 120) + ts_rank(volume, 120), 252))
[reward_only] iter 36/50 [OK ] reward=-172.7152  cs_rank(-1 * (ts_rank(close, 120) - ts_rank(low, 120)))
[reward_only] iter 37/50 [OK ] reward=-38.9551  cs_rank(-1 * decay_linear(ts_rank(vwap, 120), 252) + ts_rank(close, 120) - ts_rank(low, 120))
[reward_only] iter 38/50 [OK ] reward=-29.0427  cs_rank(-1 * decay_linear(ts_rank(vwap, 120), 252) + ts_rank(close, 120))
[reward_only] iter 39/50 [OK ] reward= -3.7839  cs_rank(-1 * decay_linear(ts_rank(close, 120), 252))
[reward_only] iter 40/50 [ERR] reward=    -inf  cs_rank(-1 * ts_rank((close - open) / (high - low), 120))
[reward_only] iter 41/50 [OK ] reward= -3.7790  cs_rank(-1 * decay_linear(ts_rank(vwap, 120), 252))
[reward_only] iter 42/50 [OK ] reward=-19.0968  cs_rank(-1 * decay_linear(ts_rank(close - open, 120), 252))
[reward_only] iter 43/50 [OK ] reward= -6.5951  cs_rank(-1 * decay_linear(ts_rank(high - low, 120), 252))
[reward_only] iter 44/50 [OK ] reward= -4.2070  cs_rank(-1 * decay_linear(ts_rank(vwap, 120) + ts_rank(volume, 120), 252))
[reward_only] iter 45/50 [OK ] reward=-182.6289  cs_rank(-1 * (ts_rank(vwap, 120) - ts_rank(close, 120)))
[reward_only] iter 46/50 [OK ] reward=-182.6289  cs_rank(-1 * (ts_rank(vwap, 120) - ts_rank(close, 120)))
[reward_only] iter 47/50 [OK ] reward=-42.4818  cs_rank(-1 * decay_linear(ts_rank(vwap, 120), 252) * cs_rank(volume))
[reward_only] iter 48/50 [OK ] reward= -4.1552  cs_rank(-1 * decay_linear(ts_rank(close, 60), 252))
[reward_only] iter 49/50 [OK ] reward= -4.7761  cs_rank(-1 * decay_linear(ts_rank(close, 60) + ts_rank(volume, 60), 252))
[reward_only] iter 50/50 [OK ] reward=-19.0968  cs_rank(-1 * decay_linear(ts_rank(close - open, 120), 252))
[wfo:reward_only] fold 2 winner: cs_rank(-1 * decay_linear(ts_rank(vwap, 120), 252))
[wfo:reward_only] fold 2 OOS: Gross_IR=-0.272 Turnover=8.33 Net_IR=-0.415
[wfo:reward_only] fold 3: train 2004-01-01..2008-12-31 -> test 2009-01-01..2009-12-31
[reward_only] iter  0/50 [SEED] reward=-180.1841  rank(-1 * delta(close, 1))
[reward_only] iter  1/50 [ERR] reward=    -inf  cs_rank((close - open) / (high - low))
[reward_only] iter  2/50 [OK ] reward=-180.8623  cs_rank((-1 * delta(close, 1) + (close - open) / (high - low + 1e-5)) / 2)
[reward_only] iter  3/50 [OK ] reward=-180.8623  cs_rank((-1 * delta(close, 1) + (close - open) / (high - low + 1e-5)) / 2)
[reward_only] iter  4/50 [OK ] reward=-180.8623  rank((-1 * delta(close, 1) + (close - open) / (high - low + 1e-5)) / 2)
[reward_only] iter  5/50 [OK ] reward=-164.2989  rank(-1 * delta(close, 1) * (close - open) / (high - low + 1e-5))
[reward_only] iter  6/50 [OK ] reward=-164.2989  rank(-1 * delta(close, 1) * (close - open) / (high - low + 1e-5))
[reward_only] iter  7/50 [OK ] reward=-164.2989  rank(-1 * delta(close, 1) * (close - open) / (high - low + 1e-5))
[reward_only] iter  8/50 [OK ] reward=-164.2989  rank(-1 * delta(close, 1) * (close - open) / (high - low + 1e-5))
[reward_only] iter  9/50 [OK ] reward=-164.2989  rank(-1 * delta(close, 1) * (close - open) / (high - low + 1e-5))
[reward_only] iter 10/50 [OK ] reward=-164.2989  rank(-1 * delta(close, 1) * (close - open) / (high - low + 1e-5))
[reward_only] iter 11/50 [OK ] reward=-164.2989  rank(-1 * delta(close, 1) * (close - open) / (high - low + 1e-5))
[reward_only] iter 12/50 [OK ] reward=-164.2989  cs_rank(-1 * delta(close, 1) * (close - open) / (high - low + 1e-5))
[reward_only] iter 13/50 [OK ] reward=-164.2989  cs_rank(-1 * delta(close, 1) * (close - open) / (high - low + 1e-5))
[reward_only] iter 14/50 [OK ] reward=-164.2989  cs_rank(-1 * delta(close, 1) * (close - open) / (high - low + 1e-5))
[reward_only] iter 15/50 [OK ] reward=-164.2989  rank(-1 * delta(close, 1) * (close - open) / (high - low + 1e-5))
[reward_only] iter 16/50 [OK ] reward=-164.2989  rank(-1 * delta(close, 1) * (close - open) / (high - low + 1e-5))
[reward_only] iter 17/50 [OK ] reward=-164.2989  rank(-1 * delta(close, 1) * (close - open) / (high - low + 1e-5))
[reward_only] iter 18/50 [OK ] reward=-164.2989  rank(-1 * delta(close, 1) * (close - open) / (high - low + 1e-5))
[reward_only] iter 19/50 [OK ] reward=-164.2989  rank(-1 * delta(close, 1) * (close - open) / (high - low + 1e-5))
[reward_only] iter 20/50 [OK ] reward=-164.2989  rank(-1 * delta(close, 1) * (close - open) / (high - low + 1e-5))
[reward_only] iter 21/50 [OK ] reward=-164.2989  rank(-1 * delta(close, 1) * (close - open) / (high - low + 1e-5))
[reward_only] iter 22/50 [OK ] reward=-164.2989  cs_rank(-1 * delta(close, 1) * (close - open) / (high - low + 1e-5))
[reward_only] iter 23/50 [OK ] reward=-164.2989  rank(-1 * delta(close, 1) * (close - open) / (high - low + 1e-5))
[reward_only] iter 24/50 [OK ] reward=-164.2989  cs_rank(-1 * delta(close, 1) * (close - open) / (high - low + 1e-5))
[reward_only] iter 25/50 [OK ] reward=-164.2989  cs_rank(-1 * delta(close, 1) * (close - open) / (high - low + 1e-5))
[reward_only] iter 26/50 [OK ] reward=-164.2989  cs_rank(-1 * delta(close, 1) * (close - open) / (high - low + 1e-5))
[reward_only] iter 27/50 [OK ] reward=-164.2989  rank(-1 * delta(close, 1) * (close - open) / (high - low + 1e-5))
[reward_only] iter 28/50 [OK ] reward=-164.2989  rank(-1 * delta(close, 1) * (close - open) / (high - low + 1e-5))
[reward_only] iter 29/50 [OK ] reward=-164.2989  rank(-1 * delta(close, 1) * (close - open) / (high - low + 1e-5))
[reward_only] iter 30/50 [OK ] reward=-164.2989  cs_rank(-1 * delta(close, 1) * (close - open) / (high - low + 1e-5))
[reward_only] iter 31/50 [OK ] reward=-164.2989  cs_rank(-1 * delta(close, 1) * (close - open) / (high - low + 1e-5))
[reward_only] iter 32/50 [OK ] reward=-164.2989  -1 * cs_rank(delta(close, 1) * (close - open) / (high - low + 1e-5))
[reward_only] iter 33/50 [OK ] reward=-164.2989  -1 * cs_rank(delta(close, 1) * (close - open) / (high - low + 1e-5))
[reward_only] iter 34/50 [OK ] reward=-164.2989  -1 * cs_rank(delta(close, 1) * (close - open) / (high - low + 1e-5))
[reward_only] iter 35/50 [OK ] reward=-164.2989  rank(-1 * delta(close, 1) * (close - open) / (high - low + 1e-5))
[reward_only] iter 36/50 [OK ] reward=-164.2989  rank(-1 * delta(close, 1) * (close - open) / (high - low + 1e-5))
[reward_only] iter 37/50 [OK ] reward=-164.2989  rank(-1 * delta(close, 1) * (close - open) / (high - low + 1e-5))
[reward_only] iter 38/50 [OK ] reward=-164.2989  rank(-1 * delta(close, 1) * (close - open) / (high - low + 1e-5))
[reward_only] iter 39/50 [OK ] reward=-164.2989  rank(-1 * delta(close, 1) * (close - open) / (high - low + 1e-5))
[reward_only] iter 40/50 [OK ] reward=-164.2989  rank(-1 * delta(close, 1) * (close - open) / (high - low + 1e-5))
[reward_only] iter 41/50 [OK ] reward=-164.2989  rank(-1 * delta(close, 1) * (close - open) / (high - low + 1e-5))
[reward_only] iter 42/50 [OK ] reward=-164.2989  cs_rank(-1 * delta(close, 1) * (close - open) / (high - low + 1e-5))
[reward_only] iter 43/50 [OK ] reward=-164.2989  -1 * cs_rank(delta(close, 1) * (close - open) / (high - low + 1e-5))
[reward_only] iter 44/50 [OK ] reward=-164.2989  rank(-1 * delta(close, 1) * (close - open) / (high - low + 1e-5))
[reward_only] iter 45/50 [OK ] reward=-164.2989  rank(-1 * delta(close, 1) * (close - open) / (high - low + 1e-5))
[reward_only] iter 46/50 [OK ] reward=-164.2989  rank(-1 * delta(close, 1) * (close - open) / (high - low + 1e-5))
[reward_only] iter 47/50 [OK ] reward=-164.2989  rank(-1 * delta(close, 1) * (close - open) / (high - low + 1e-5))
[reward_only] iter 48/50 [OK ] reward=-164.2989  cs_rank(-1 * delta(close, 1) * (close - open) / (high - low + 1e-5))
[reward_only] iter 49/50 [OK ] reward=-164.2989  rank(-1 * delta(close, 1) * (close - open) / (high - low + 1e-5))
[reward_only] iter 50/50 [OK ] reward=-164.2989  cs_rank(-1 * delta(close, 1) * (close - open) / (high - low + 1e-5))
[wfo:reward_only] fold 3 winner: rank(-1 * delta(close, 1) * (close - open) / (high - low + 1e-5))
[wfo:reward_only] fold 3 OOS: Gross_IR=0.023 Turnover=298.47 Net_IR=-15.600
[wfo:reward_only] fold 4: train 2005-01-01..2009-12-31 -> test 2010-01-01..2010-12-31
[reward_only] iter  0/50 [SEED] reward=-181.0199  rank(-1 * delta(close, 1))
[reward_only] iter  1/50 [OK ] reward=-153.3069  cs_rank(-1 * delta(close, 1) + zscore(volume, 20))
[reward_only] iter  2/50 [OK ] reward=-120.3895  cs_rank(-1 * delta(close, 1) + zscore(volume, 20) + decay_linear(zscore(close, 20), 20))
[reward_only] iter  3/50 [OK ] reward=-153.3069  cs_rank(-1 * delta(close, 1) + zscore(volume, 20))
[reward_only] iter  4/50 [OK ] reward=-120.3895  cs_rank(-1 * delta(close, 1) + zscore(volume, 20) + decay_linear(zscore(close, 20), 20))
[reward_only] iter  5/50 [OK ] reward=-153.3069  cs_rank(-1 * delta(close, 1) + zscore(volume, 20))
[reward_only] iter  6/50 [OK ] reward=-120.8171  cs_rank(-1 * delta(close, 1) + zscore(volume, 20) + decay_linear(zscore(close, 20), 20) + cs_rank(high - low))
[reward_only] iter  7/50 [OK ] reward=-120.3895  cs_rank(-1 * delta(close, 1) + zscore(volume, 20) + decay_linear(zscore(close, 20), 20))
[reward_only] iter  8/50 [OK ] reward=-153.3069  cs_rank(-1 * delta(close, 1) + zscore(volume, 20))
[reward_only] iter  9/50 [OK ] reward=-120.3895  cs_rank(-1 * delta(close, 1) + zscore(volume, 20) + decay_linear(zscore(close, 20), 20))
[reward_only] iter 10/50 [OK ] reward=-153.3069  cs_rank(-1 * delta(close, 1) + zscore(volume, 20))
[reward_only] iter 11/50 [OK ] reward=-114.9774  cs_rank(-1 * delta(close, 1) + zscore(volume, 20) + decay_linear(zscore(close, 20), 20) + ts_rank(stddev(close, 20), 20))
[reward_only] iter 12/50 [OK ] reward=-120.3895  cs_rank(-1 * delta(close, 1) + zscore(volume, 20) + decay_linear(zscore(close, 20), 20))
[reward_only] iter 13/50 [OK ] reward=-120.3895  cs_rank(-1 * delta(close, 1) + zscore(volume, 20) + decay_linear(zscore(close, 20), 20))
[reward_only] iter 14/50 [OK ] reward=-120.3895  cs_rank(-1 * delta(close, 1) + zscore(volume, 20) + decay_linear(zscore(close, 20), 20))
[reward_only] iter 15/50 [OK ] reward=-101.0391  cs_rank(-1 * delta(close, 1) + decay_linear(zscore(close, 20), 20))
[reward_only] iter 16/50 [OK ] reward=-93.8190  cs_rank(-1 * delta(close, 1) + zscore(vwap, 20))
[reward_only] iter 17/50 [OK ] reward=-153.3069  cs_rank(-1 * delta(close, 1) + zscore(volume, 20))
[reward_only] iter 18/50 [OK ] reward=-113.1455  cs_rank(-1 * delta(close, 1) + zscore(vwap, 20) + zscore(volume, 20))
[reward_only] iter 19/50 [OK ] reward=-91.1850  cs_rank(-1 * delta(close, 1) + zscore(vwap, 20) + cs_rank(volume))
[reward_only] iter 20/50 [OK ] reward=-91.4508  cs_rank(-1 * delta(close, 1) + zscore(vwap, 20) + cs_rank(volume * decay_linear(close, 5)))
[reward_only] iter 21/50 [OK ] reward=-93.8190  cs_rank(-1 * delta(close, 1) + zscore(vwap, 20))
[reward_only] iter 22/50 [OK ] reward=-153.3069  cs_rank(-1 * delta(close, 1) + zscore(volume, 20))
[reward_only] iter 23/50 [OK ] reward=-91.1850  cs_rank(-1 * delta(close, 1) + zscore(vwap, 20) + cs_rank(volume))
[reward_only] iter 24/50 [OK ] reward=-148.0650  cs_rank(-1 * delta(close, 1) + zscore(volume, 20) + cs_rank(vwap))
[reward_only] iter 25/50 [OK ] reward=-150.5206  cs_rank(-1 * delta(close, 1) + zscore(volume, 20) + cs_rank(high - low))
[reward_only] iter 26/50 [OK ] reward=-91.1850  cs_rank(-1 * delta(close, 1) + zscore(vwap, 20) + cs_rank(volume))
[reward_only] iter 27/50 [OK ] reward=-93.3159  cs_rank(-1 * delta(close, 1) + zscore(vwap, 20) + cs_rank(volume * (high - low)))
[reward_only] iter 28/50 [OK ] reward=-93.8190  cs_rank(-1 * delta(close, 1) + zscore(vwap, 20))
[reward_only] iter 29/50 [OK ] reward=-98.4458  cs_rank(-1 * delta(close, 1) + zscore(vwap, 20) + cs_rank(volume) + ts_rank(high - low, 10))
[reward_only] iter 30/50 [OK ] reward=-91.1850  cs_rank(-1 * delta(close, 1) + zscore(vwap, 20) + cs_rank(volume))
[reward_only] iter 31/50 [OK ] reward=-53.1391  cs_rank(-1 * ts_rank(delta(close, 1), 20) + zscore(vwap, 20) + cs_rank(volume))
[reward_only] iter 32/50 [OK ] reward=-55.6386  cs_rank(-1 * ts_rank(delta(close, 1), 20) + zscore(vwap, 20))
[reward_only] iter 33/50 [OK ] reward=-135.5167  cs_rank(-1 * ts_rank(delta(close, 1), 20) + zscore(volume, 20) + cs_rank(high - low))
[reward_only] iter 34/50 [OK ] reward=-53.2389  cs_rank(-1 * ts_rank(delta(close, 1), 20) + zscore(vwap, 20) + cs_rank(volume / (volume + 1e-5)))
[reward_only] iter 35/50 [OK ] reward=-55.6386  cs_rank(-1 * ts_rank(delta(close, 1), 20) + zscore(vwap, 20))
[reward_only] iter 36/50 [OK ] reward=-54.3155  cs_rank(-1 * ts_rank(delta(close, 1), 20) + zscore(vwap, 20) + cs_rank(volume * decay_linear(close, 20)))
[reward_only] iter 37/50 [OK ] reward=-55.6386  cs_rank(-1 * ts_rank(delta(close, 1), 20) + zscore(vwap, 20))
[reward_only] iter 38/50 [ERR] reward=    -inf  cs_rank(-1 * ts_rank(delta(close, 1), 20) + zscore(vwap, 20) + cs_rank(volume) * cs_rank(close / open))
[reward_only] iter 39/50 [OK ] reward=-53.4612  cs_rank(-1 * ts_rank(delta(close, 1), 20) + zscore(vwap, 20) + cs_rank(volume) * cs_rank(close / (open + 1e-5)))
[reward_only] iter 40/50 [OK ] reward=-55.6386  cs_rank(-1 * ts_rank(delta(close, 1), 20) + zscore(vwap, 20))
[reward_only] iter 41/50 [OK ] reward=-52.2742  cs_rank(-1 * ts_rank(delta(close, 1), 20) + zscore(vwap, 20) + decay_linear(cs_rank(volume), 20))
[reward_only] iter 42/50 [OK ] reward=-55.6386  cs_rank(-1 * ts_rank(delta(close, 1), 20) + zscore(vwap, 20))
[reward_only] iter 43/50 [OK ] reward=-56.1084  cs_rank(-1 * ts_rank(delta(close, 1), 20) + zscore(vwap, 20) + decay_linear(cs_rank(volume), 20) + cs_rank(high - low))
[reward_only] iter 44/50 [OK ] reward=-53.1391  cs_rank(-1 * ts_rank(delta(close, 1), 20) + zscore(vwap, 20) + cs_rank(volume))
[reward_only] iter 45/50 [OK ] reward=-55.6386  cs_rank(-1 * ts_rank(delta(close, 1), 20) + zscore(vwap, 20))
[reward_only] iter 46/50 [OK ] reward=-56.1084  cs_rank(-1 * ts_rank(delta(close, 1), 20) + zscore(vwap, 20) + decay_linear(cs_rank(volume), 20) + cs_rank(high - low))
[reward_only] iter 47/50 [OK ] reward=-52.2742  cs_rank(-1 * ts_rank(delta(close, 1), 20) + zscore(vwap, 20) + decay_linear(cs_rank(volume), 20))
[reward_only] iter 48/50 [OK ] reward=-55.6386  cs_rank(-1 * ts_rank(delta(close, 1), 20) + zscore(vwap, 20))
[reward_only] iter 49/50 [OK ] reward=-131.0874  cs_rank(-1 * ts_rank(delta(close, 1), 20) + zscore(volume, 20) + decay_linear(cs_rank(vwap), 20))
[reward_only] iter 50/50 [OK ] reward=-55.6386  cs_rank(-1 * ts_rank(delta(close, 1), 20) + zscore(vwap, 20))
[wfo:reward_only] fold 4 winner: cs_rank(-1 * ts_rank(delta(close, 1), 20) + zscore(vwap, 20) + decay_linear(cs_rank(volume), 20))
[wfo:reward_only] fold 4 OOS: Gross_IR=0.061 Turnover=99.39 Net_IR=-7.046
[wfo:reward_only] fold 5: train 2006-01-01..2010-12-31 -> test 2011-01-01..2011-12-31
[reward_only] iter  0/50 [SEED] reward=-181.0387  rank(-1 * delta(close, 1))
[reward_only] iter  1/50 [ERR] reward=    -inf  cs_rank((close - open) / (high - low))
[reward_only] iter  2/50 [OK ] reward=-181.0999  cs_rank((-1 * delta(close, 1) + (close - open) / (high - low + 1e-5)))
[reward_only] iter  3/50 [OK ] reward=-181.0999  cs_rank((-1 * delta(close, 1) + (close - open) / (high - low + 1e-5)))
[reward_only] iter  4/50 [OK ] reward=-181.0999  cs_rank((-1 * delta(close, 1) + (close - open) / (high - low + 1e-5)))
[reward_only] iter  5/50 [OK ] reward=-179.4404  cs_rank(close - open)
[reward_only] iter  6/50 [OK ] reward=-138.1620  cs_rank(close - open) * cs_rank(volume)
[reward_only] iter  7/50 [ERR] reward=    -inf  cs_rank(close - open) * cs_rank(volume) * cs_rank(close / vwap)
[reward_only] iter  8/50 [OK ] reward=-163.5332  cs_rank(close - open) * cs_rank(volume) * cs_rank(close / (vwap + 1e-5))
[reward_only] iter  9/50 [OK ] reward=-163.7617  cs_rank(close - open) * cs_rank(volume) * cs_rank((close - low) / (high - low + 1e-5))
[reward_only] iter 10/50 [OK ] reward=-122.9305  cs_rank(close - open) * cs_rank(volume) * cs_rank(close / (high - low + 1e-5))
[reward_only] iter 11/50 [OK ] reward=-122.9305  cs_rank(close - open) * cs_rank(volume) * cs_rank(close / (high - low + 1e-5))
[reward_only] iter 12/50 [OK ] reward=-138.1620  cs_rank(close - open) * cs_rank(volume)
[reward_only] iter 13/50 [ERR] reward=    -inf  cs_rank(close - open) * cs_rank(volume) * cs_rank(close / (high - low + 1e-5)) * cs_rank(close / vwap)
[reward_only] iter 14/50 [OK ] reward=-148.6387  cs_rank(close - open) * cs_rank(volume) * cs_rank(close / (high - low + 1e-5)) * cs_rank(close / (vwap + 1e-5))
[reward_only] iter 15/50 [OK ] reward=-122.9305  cs_rank(close - open) * cs_rank(volume) * cs_rank(close / (high - low + 1e-5))
[reward_only] iter 16/50 [OK ] reward=-138.1620  cs_rank(close - open) * cs_rank(volume)
[reward_only] iter 17/50 [OK ] reward=-115.3115  cs_rank(close - open) * cs_rank(volume) * cs_rank(close / (high - low + 1e-5)) * cs_rank(vwap - close)
[reward_only] iter 18/50 [OK ] reward=-122.9305  cs_rank(close - open) * cs_rank(volume) * cs_rank(close / (high - low + 1e-5))
[reward_only] iter 19/50 [OK ] reward=-116.4273  cs_rank(close - open) * cs_rank(volume) * cs_rank(vwap - close)
[reward_only] iter 20/50 [OK ] reward=-122.1665  cs_rank(close - open) * cs_rank(volume) * cs_rank(close / (high - low + 1e-5)) * cs_rank(vwap - close) * cs_rank(decay_linear(close, 20))
[reward_only] iter 21/50 [OK ] reward=-131.4255  cs_rank(close - open) * cs_rank(volume) * cs_rank(close / (high - low + 1e-5)) * cs_rank(vwap - close) * cs_rank(stddev(close, 20))
[reward_only] iter 22/50 [OK ] reward=-115.3115  cs_rank(close - open) * cs_rank(volume) * cs_rank(close / (high - low + 1e-5)) * cs_rank(vwap - close)
[reward_only] iter 23/50 [OK ] reward=-122.9305  cs_rank(close - open) * cs_rank(volume) * cs_rank(close / (high - low + 1e-5))
[reward_only] iter 24/50 [OK ] reward=-122.9305  cs_rank(close - open) * cs_rank(volume) * cs_rank(close / (high - low + 1e-5))
[reward_only] iter 25/50 [OK ] reward=-122.9305  cs_rank(close - open) * cs_rank(volume) * cs_rank(close / (high - low + 1e-5))
[reward_only] iter 26/50 [OK ] reward=-122.9305  cs_rank(close - open) * cs_rank(volume) * cs_rank(close / (high - low + 1e-5))
[reward_only] iter 27/50 [OK ] reward=-122.9305  cs_rank(close - open) * cs_rank(volume) * cs_rank(close / (high - low + 1e-5))
[reward_only] iter 28/50 [OK ] reward=-122.9305  cs_rank(close - open) * cs_rank(volume) * cs_rank(close / (high - low + 1e-5))
[reward_only] iter 29/50 [OK ] reward=-122.9305  cs_rank(close - open) * cs_rank(volume) * cs_rank(close / (high - low + 1e-5))
[reward_only] iter 30/50 [OK ] reward=-122.9305  cs_rank(close - open) * cs_rank(volume) * cs_rank(close / (high - low + 1e-5))
[reward_only] iter 31/50 [OK ] reward=-122.9305  cs_rank(close - open) * cs_rank(volume) * cs_rank(close / (high - low + 1e-5))
[reward_only] iter 32/50 [OK ] reward=-122.9305  cs_rank(close - open) * cs_rank(volume) * cs_rank(close / (high - low + 1e-5))
[reward_only] iter 33/50 [OK ] reward=-122.9305  cs_rank(close - open) * cs_rank(volume) * cs_rank(close / (high - low + 1e-5))
[reward_only] iter 34/50 [OK ] reward=-122.9305  cs_rank(close - open) * cs_rank(volume) * cs_rank(close / (high - low + 1e-5))
[reward_only] iter 35/50 [OK ] reward=-122.9305  cs_rank(close - open) * cs_rank(volume) * cs_rank(close / (high - low + 1e-5))
[reward_only] iter 36/50 [OK ] reward=-122.9305  cs_rank(close - open) * cs_rank(volume) * cs_rank(close / (high - low + 1e-5))
[reward_only] iter 37/50 [OK ] reward=-122.9305  cs_rank(close - open) * cs_rank(volume) * cs_rank(close / (high - low + 1e-5))
[reward_only] iter 38/50 [OK ] reward=-122.9305  cs_rank(close - open) * cs_rank(volume) * cs_rank(close / (high - low + 1e-5))
[reward_only] iter 39/50 [OK ] reward=-122.9305  cs_rank(close - open) * cs_rank(volume) * cs_rank(close / (high - low + 1e-5))
[reward_only] iter 40/50 [OK ] reward=-122.9305  cs_rank(close - open) * cs_rank(volume) * cs_rank(close / (high - low + 1e-5))
[reward_only] iter 41/50 [OK ] reward=-122.9305  cs_rank(close - open) * cs_rank(volume) * cs_rank(close / (high - low + 1e-5))
[reward_only] iter 42/50 [OK ] reward=-122.9305  cs_rank(close - open) * cs_rank(volume) * cs_rank(close / (high - low + 1e-5))
[reward_only] iter 43/50 [OK ] reward=-122.9305  cs_rank(close - open) * cs_rank(volume) * cs_rank(close / (high - low + 1e-5))
[reward_only] iter 44/50 [OK ] reward=-122.9305  cs_rank(close - open) * cs_rank(volume) * cs_rank(close / (high - low + 1e-5))
[reward_only] iter 45/50 [OK ] reward=-122.9305  cs_rank(close - open) * cs_rank(volume) * cs_rank(close / (high - low + 1e-5))
[reward_only] iter 46/50 [OK ] reward=-122.9305  cs_rank(close - open) * cs_rank(volume) * cs_rank(close / (high - low + 1e-5))
[reward_only] iter 47/50 [OK ] reward=-122.9305  cs_rank(close - open) * cs_rank(volume) * cs_rank(close / (high - low + 1e-5))
[reward_only] iter 48/50 [OK ] reward=-122.9305  cs_rank(close - open) * cs_rank(volume) * cs_rank(close / (high - low + 1e-5))
[reward_only] iter 49/50 [OK ] reward=-122.9305  cs_rank(close - open) * cs_rank(volume) * cs_rank(close / (high - low + 1e-5))
[reward_only] iter 50/50 [OK ] reward=-122.9305  cs_rank(close - open) * cs_rank(volume) * cs_rank(close / (high - low + 1e-5))
[wfo:reward_only] fold 5 winner: cs_rank(close - open) * cs_rank(volume) * cs_rank(close / (high - low + 1e-5)) * cs_rank(vwap - close)
[wfo:reward_only] fold 5 OOS: Gross_IR=1.742 Turnover=215.70 Net_IR=-7.537
[wfo:reward_only] fold 6: train 2007-01-01..2011-12-31 -> test 2012-01-01..2012-12-31
[reward_only] iter  0/50 [SEED] reward=-181.6609  rank(-1 * delta(close, 1))
[reward_only] iter  1/50 [OK ] reward= -6.3842  cs_rank(-1 * (delta(close, 1) + decay_linear(volume, 20)))
[reward_only] iter  2/50 [OK ] reward=-47.9160  cs_rank(close - sma(close, 20))
[reward_only] iter  3/50 [OK ] reward= -6.4842  cs_rank(-1 * (delta(close, 1) + decay_linear(volume, 20) + sma(close, 20) / (close + 1e-5)))
[reward_only] iter  4/50 [OK ] reward= -6.3842  cs_rank(-1 * (delta(close, 1) + decay_linear(volume, 20)))
[reward_only] iter  5/50 [ERR] reward=    -inf  cs_rank((high - low) / (high + low) + sma(close, 20) / close)
[reward_only] iter  6/50 [OK ] reward= -6.3842  cs_rank(-1 * (delta(close, 1) + decay_linear(volume, 20) + zscore(vwap, 20)))
[reward_only] iter  7/50 [OK ] reward= -7.9181  cs_rank(-1 * (delta(close, 1) + decay_linear(volume, 20) * cs_rank(vwap)))
[reward_only] iter  8/50 [OK ] reward=-37.7382  cs_rank(-1 * (delta(close, 1) + decay_linear(volume, 20) * ts_rank(vwap, 20)))
[reward_only] iter  9/50 [ERR] reward=    -inf  cs_rank(-1 * (delta(close, 1) + decay_linear(volume, 20) * cs_rank(close / open)))
[reward_only] iter 10/50 [OK ] reward=-109.5340  cs_rank(-1 * (delta(close, 1) + decay_linear(volume, 20) * cs_rank(close / (open + 1e-5))))
[reward_only] iter 11/50 [OK ] reward= -6.3842  cs_rank(-1 * (delta(close, 1) + decay_linear(volume, 20) + zscore(close, 20)))
[reward_only] iter 12/50 [OK ] reward= -7.3203  cs_rank(-1 * (decay_linear(close, 20) + zscore(volume, 20)))
[reward_only] iter 13/50 [OK ] reward= -6.3842  cs_rank(-1 * (delta(close, 1) + decay_linear(volume, 20) + zscore(vwap, 20)))
[reward_only] iter 14/50 [OK ] reward=-155.5552  cs_rank(-1 * (delta(close, 1) + zscore(volume, 20)))
[reward_only] iter 15/50 [OK ] reward= -6.3842  cs_rank(-1 * (delta(close, 1) + decay_linear(volume, 20) + ts_rank(close, 20)))
[reward_only] iter 16/50 [OK ] reward= -6.3842  cs_rank(-1 * (delta(close, 1) + decay_linear(volume, 20) + vwap - open))
[reward_only] iter 17/50 [OK ] reward= -6.3842  cs_rank(-1 * (ts_rank(close, 20) + decay_linear(volume, 20)))
[reward_only] iter 18/50 [OK ] reward=-154.3244  cs_rank(-1 * (delta(close, 1) + cs_rank(volume)))
[reward_only] iter 19/50 [OK ] reward= -8.2432  cs_rank(-1 * (delta(close, 1) + decay_linear(volume, 20) * cs_rank(close)))
[reward_only] iter 20/50 [OK ] reward= -6.3842  cs_rank(-1 * (delta(close, 1) + decay_linear(volume, 20) + zscore(close, 20)))
[reward_only] iter 21/50 [ERR] reward=    -inf  cs_rank(-1 * (delta(close, 1) + decay_linear(volume, 20) + cs_rank(close / (high + low + close))))
[reward_only] iter 22/50 [OK ] reward= -6.5842  cs_rank(-1 * (delta(close, 1) + decay_linear(volume, 20) + cs_rank(close / (high + low + close + 1e-5))))
[reward_only] iter 23/50 [OK ] reward= -6.3842  cs_rank(-1 * (delta(close, 1) + decay_linear(volume, 20)))
[reward_only] iter 24/50 [ERR] reward=    -inf  cs_rank(-1 * (delta(close, 1) + decay_linear(volume, 20) + (high - low) / close))
[reward_only] iter 25/50 [OK ] reward= -6.4842  cs_rank(-1 * (delta(close, 1) + decay_linear(volume, 20) + (high - low) / (close + 1e-5)))
[reward_only] iter 26/50 [OK ] reward= -6.3842  cs_rank(-1 * (delta(close, 1) + decay_linear(volume, 20)))
[reward_only] iter 27/50 [OK ] reward= -6.3842  cs_rank(-1 * (delta(close, 1) + decay_linear(volume, 20) + ts_rank(close, 20)))
[reward_only] iter 28/50 [OK ] reward= -6.3842  cs_rank(-1 * (delta(close, 1) + decay_linear(volume, 20) + ts_rank(vwap, 20)))
[reward_only] iter 29/50 [OK ] reward= -6.3842  cs_rank(-1 * (delta(close, 1) + decay_linear(volume, 20) + zscore(close, 20)))
[reward_only] iter 30/50 [OK ] reward= -6.4342  cs_rank(-1 * (delta(close, 1) + decay_linear(volume, 20) + zscore(open - close, 20)))
[reward_only] iter 31/50 [OK ] reward= -6.3842  cs_rank(-1 * (delta(close, 1) + decay_linear(volume, 20)))
[reward_only] iter 32/50 [OK ] reward= -6.3842  cs_rank(-1 * (ts_rank(close, 20) + decay_linear(volume, 20)))
[reward_only] iter 33/50 [OK ] reward= -6.3842  cs_rank(-1 * (zscore(close, 20) + decay_linear(volume, 20)))
[reward_only] iter 34/50 [ERR] reward=    -inf  cs_rank(-1 * (decay_linear(close / (low + high), 20) + zscore(volume, 20)))
[reward_only] iter 35/50 [OK ] reward= -6.3842  cs_rank(-1 * (delta(close, 1) + decay_linear(volume, 20) + zscore(vwap, 20)))
[reward_only] iter 36/50 [OK ] reward= -6.4342  cs_rank(-1 * (delta(close, 1) + decay_linear(volume, 20) + zscore(close - vwap, 20)))
[reward_only] iter 37/50 [OK ] reward= -6.3842  cs_rank(-1 * (delta(close, 1) + decay_linear(volume, 20)))
[reward_only] iter 38/50 [OK ] reward= -6.5842  cs_rank(-1 * (delta(close, 1) + decay_linear(volume, 20) + (high - low) / (high + low + close + 1e-5)))
[reward_only] iter 39/50 [OK ] reward= -6.3842  cs_rank(-1 * (delta(close, 1) + decay_linear(volume, 20)))
[reward_only] iter 40/50 [OK ] reward= -6.3842  cs_rank(-1 * (zscore(close, 20) + decay_linear(volume, 20)))
[reward_only] iter 41/50 [OK ] reward= -6.3842  cs_rank(-1 * (ts_rank(close, 20) + decay_linear(volume, 20)))
[reward_only] iter 42/50 [OK ] reward= -6.5842  cs_rank(-1 * (delta(close, 1) + decay_linear(volume, 20) + (high - low) / (high + low + close + 1e-5)))
[reward_only] iter 43/50 [OK ] reward= -6.3842  cs_rank(-1 * (delta(close, 1) + decay_linear(volume, 20)))
[reward_only] iter 44/50 [OK ] reward=-154.3244  cs_rank(-1 * (delta(close, 1) + cs_rank(volume)))
[reward_only] iter 45/50 [OK ] reward= -6.3842  cs_rank(-1 * (delta(close, 1) + decay_linear(volume, 20) + ts_rank(vwap, 20)))
[reward_only] iter 46/50 [ERR] reward=    -inf  cs_rank(-1 * (delta(close, 1) + decay_linear(volume, 20) + ts_rank((high - low) / (high + low), 20)))
[reward_only] iter 47/50 [OK ] reward= -6.5842  cs_rank(-1 * (delta(close, 1) + decay_linear(volume, 20) + ts_rank((high - low) / (high + low + 1e-5), 20)))
[reward_only] iter 48/50 [OK ] reward= -6.3842  cs_rank(-1 * (delta(close, 1) + decay_linear(volume, 20)))
[reward_only] iter 49/50 [OK ] reward=-40.1328  cs_rank(-1 * (vwap - sma(close, 20)))
[reward_only] iter 50/50 [OK ] reward= -6.4342  cs_rank(-1 * (delta(close, 1) + decay_linear(volume, 20) + zscore(high - low, 20)))
[wfo:reward_only] fold 6 winner: cs_rank(-1 * (delta(close, 1) + decay_linear(volume, 20)))
[wfo:reward_only] fold 6 OOS: Gross_IR=-1.591 Turnover=10.82 Net_IR=-2.378
[wfo:reward_only] fold 7: train 2008-01-01..2012-12-31 -> test 2013-01-01..2013-12-31
[reward_only] iter  0/50 [SEED] reward=-181.3433  rank(-1 * delta(close, 1))
[reward_only] iter  1/50 [OK ] reward=-184.1513  cs_rank(-1 * (close - open) / (high - low + 1e-5))
[reward_only] iter  2/50 [OK ] reward=-184.1513  cs_rank(-1 * (close - open) / (high - low + 1e-5))
[reward_only] iter  3/50 [OK ] reward=-184.1513  cs_rank(-1 * (close - open) / (high - low + 1e-5))
[reward_only] iter  4/50 [OK ] reward=-182.2633  cs_rank(-1 * (delta(close, 1) + (close - open) / (high - low + 1e-5)))
[reward_only] iter  5/50 [OK ] reward=-182.2633  cs_rank(-1 * (delta(close, 1) + (close - open) / (high - low + 1e-5)))
[reward_only] iter  6/50 [OK ] reward=-182.2633  rank(-1 * (delta(close, 1) + (close - open) / (high - low + 1e-5)))
[reward_only] iter  7/50 [OK ] reward=-182.2633  rank(-1 * (delta(close, 1) + (close - open) / (high - low + 1e-5)))
[reward_only] iter  8/50 [OK ] reward=-182.2633  rank(-1 * (delta(close, 1) + (close - open) / (high - low + 1e-5)))
[reward_only] iter  9/50 [OK ] reward=-182.2633  rank(-1 * (delta(close, 1) + (close - open) / (high - low + 1e-5)))
[reward_only] iter 10/50 [OK ] reward=-182.2633  rank(-1 * (delta(close, 1) + (close - open) / (high - low + 1e-5)))
[reward_only] iter 11/50 [OK ] reward=-182.2633  rank(-1 * (delta(close, 1) + (close - open) / (high - low + 1e-5)))
[reward_only] iter 12/50 [OK ] reward=-182.2633  rank(-1 * (delta(close, 1) + (close - open) / (high - low + 1e-5)))
[reward_only] iter 13/50 [OK ] reward=-180.4116  rank(-1 * (delta(close, 1) + (close - open)))
[reward_only] iter 14/50 [OK ] reward= -8.3382  cs_rank(-1 * (delta(close, 1) + (close - open) + decay_linear(close, 10)))
[reward_only] iter 15/50 [OK ] reward= -8.8087  cs_rank(-1 * (delta(close, 1) + (close - open) + decay_linear(close, 10) + ts_rank(volume, 20)))
[reward_only] iter 16/50 [OK ] reward= -8.3382  cs_rank(-1 * (delta(close, 1) + (close - open) + decay_linear(close, 10)))
[reward_only] iter 17/50 [OK ] reward=-10.1365  cs_rank(-1 * (delta(close, 1) + (close - open) + decay_linear(close, 10) + zscore(vwap, 20)))
[reward_only] iter 18/50 [OK ] reward= -8.3382  cs_rank(-1 * (delta(close, 1) + (close - open) + decay_linear(close, 10)))
[reward_only] iter 19/50 [OK ] reward=-169.6094  cs_rank(-1 * (delta(close, 1) + (close - open) + decay_linear(ts_rank(close, 10), 10)))
[reward_only] iter 20/50 [OK ] reward= -8.3382  cs_rank(-1 * (delta(close, 1) + (close - open) + decay_linear(close, 10)))
[reward_only] iter 21/50 [OK ] reward=-11.0066  cs_rank(-1 * (delta(close, 1) + (close - open) + decay_linear(close, 10) + zscore(volume, 20)))
[reward_only] iter 22/50 [OK ] reward= -8.3382  cs_rank(-1 * (delta(close, 1) + (close - open) + decay_linear(close, 10)))
[reward_only] iter 23/50 [OK ] reward=-11.0066  cs_rank(-1 * (delta(close, 1) + (close - open) + decay_linear(close, 10) + zscore(volume, 20)))
[reward_only] iter 24/50 [OK ] reward= -8.3382  cs_rank(-1 * (delta(close, 1) + (close - open) + decay_linear(close, 10)))
[reward_only] iter 25/50 [OK ] reward=-124.5160  cs_rank(-1 * (delta(close, 1) + (close - open) + decay_linear(zscore(close, 20), 10)))
[reward_only] iter 26/50 [OK ] reward= -8.3382  cs_rank(-1 * (delta(close, 1) + (close - open) + decay_linear(close, 10)))
[reward_only] iter 27/50 [OK ] reward=-11.0066  cs_rank(-1 * (delta(close, 1) + (close - open) + decay_linear(close, 10) + zscore(volume, 20)))
[reward_only] iter 28/50 [OK ] reward= -8.3382  cs_rank(-1 * (delta(close, 1) + (close - open) + decay_linear(close, 10)))
[reward_only] iter 29/50 [OK ] reward= -8.2351  cs_rank(-1 * (delta(close, 1) + (close - open) + decay_linear(vwap, 10)))
[reward_only] iter 30/50 [OK ] reward=-10.9299  cs_rank(-1 * (delta(close, 1) + (close - open) + decay_linear(vwap, 10) + zscore(volume, 20)))
[reward_only] iter 31/50 [OK ] reward= -8.2351  cs_rank(-1 * (delta(close, 1) + (close - open) + decay_linear(vwap, 10)))
[reward_only] iter 32/50 [OK ] reward=-10.9299  cs_rank(-1 * (delta(close, 1) + (close - open) + decay_linear(vwap, 10) + zscore(volume, 20)))
[reward_only] iter 33/50 [OK ] reward= -8.2351  cs_rank(-1 * (delta(close, 1) + (close - open) + decay_linear(vwap, 10)))
[reward_only] iter 34/50 [OK ] reward= -8.7629  cs_rank(-1 * (delta(close, 1) + (close - open) + decay_linear(vwap, 10) + ts_rank(zscore(volume, 20), 20)))
[reward_only] iter 35/50 [OK ] reward= -8.2351  cs_rank(-1 * (delta(close, 1) + (close - open) + decay_linear(vwap, 10)))
[reward_only] iter 36/50 [OK ] reward=-10.9299  cs_rank(-1 * (delta(close, 1) + (close - open) + decay_linear(vwap, 10) + zscore(volume, 20)))
[reward_only] iter 37/50 [OK ] reward= -8.2351  cs_rank(-1 * (delta(close, 1) + (close - open) + decay_linear(vwap, 10)))
[reward_only] iter 38/50 [OK ] reward=-10.9299  cs_rank(-1 * (delta(close, 1) + (close - open) + decay_linear(vwap, 10) + zscore(volume, 20)))
[reward_only] iter 39/50 [OK ] reward= -8.2351  cs_rank(-1 * (delta(close, 1) + (close - open) + decay_linear(vwap, 10)))
[reward_only] iter 40/50 [OK ] reward=-10.9299  cs_rank(-1 * (delta(close, 1) + (close - open) + decay_linear(vwap, 10) + zscore(volume, 20)))
[reward_only] iter 41/50 [OK ] reward= -8.2351  cs_rank(-1 * (delta(close, 1) + (close - open) + decay_linear(vwap, 10)))
[reward_only] iter 42/50 [OK ] reward=-10.9299  cs_rank(-1 * (delta(close, 1) + (close - open) + decay_linear(vwap, 10) + zscore(volume, 20)))
[reward_only] iter 43/50 [OK ] reward= -8.2351  cs_rank(-1 * (delta(close, 1) + (close - open) + decay_linear(vwap, 10)))
[reward_only] iter 44/50 [OK ] reward=-10.9299  cs_rank(-1 * (delta(close, 1) + (close - open) + decay_linear(vwap, 10) + zscore(volume, 20)))
[reward_only] iter 45/50 [OK ] reward= -8.2351  cs_rank(-1 * (delta(close, 1) + (close - open) + decay_linear(vwap, 10)))
[reward_only] iter 46/50 [OK ] reward=-10.9299  cs_rank(-1 * (delta(close, 1) + (close - open) + decay_linear(vwap, 10) + zscore(volume, 20)))
[reward_only] iter 47/50 [OK ] reward= -8.2351  cs_rank(-1 * (delta(close, 1) + (close - open) + decay_linear(vwap, 10)))
[reward_only] iter 48/50 [OK ] reward= -8.7629  cs_rank(-1 * (delta(close, 1) + (close - open) + decay_linear(vwap, 10) + ts_rank(zscore(volume, 20), 20)))
[reward_only] iter 49/50 [OK ] reward= -8.2351  cs_rank(-1 * (delta(close, 1) + (close - open) + decay_linear(vwap, 10)))
[reward_only] iter 50/50 [OK ] reward=-10.9299  cs_rank(-1 * (delta(close, 1) + (close - open) + decay_linear(vwap, 10) + zscore(volume, 20)))
[wfo:reward_only] fold 7 winner: cs_rank(-1 * (delta(close, 1) + (close - open) + decay_linear(vwap, 10)))
[wfo:reward_only] fold 7 OOS: Gross_IR=2.509 Turnover=11.92 Net_IR=1.508
[wfo:reward_only] fold 8: train 2009-01-01..2013-12-31 -> test 2014-01-01..2014-12-31
[reward_only] iter  0/50 [SEED] reward=-179.5774  rank(-1 * delta(close, 1))
[reward_only] iter  1/50 [OK ] reward=-184.0849  cs_rank(-1 * delta(close, 1) / (vwap + 1e-5))
[reward_only] iter  2/50 [OK ] reward=-52.4875  cs_rank(-1 * delta(close, 1) / (vwap + 1e-5) + decay_linear(ts_rank(volume, 20), 50))
[reward_only] iter  3/50 [OK ] reward=-138.2435  cs_rank(-1 * delta(close, 1) / (vwap + 1e-5) + ts_rank(volume, 20))
[reward_only] iter  4/50 [OK ] reward=-52.4875  cs_rank(-1 * delta(close, 1) / (vwap + 1e-5) + decay_linear(ts_rank(volume, 20), 50))
[reward_only] iter  5/50 [OK ] reward=-52.4875  cs_rank(-1 * delta(close, 1) / (vwap + 1e-5) + decay_linear(ts_rank(volume, 20), 50))
[reward_only] iter  6/50 [OK ] reward=-47.7768  cs_rank(-1 * delta(close, 1) / (vwap + 1e-5) + decay_linear(ts_rank(volume, 20), 40))
[reward_only] iter  7/50 [OK ] reward=-184.0849  cs_rank(-1 * delta(close, 1) / (vwap + 1e-5))
[reward_only] iter  8/50 [OK ] reward=-183.0354  cs_rank(-1 * delta(close, 1) / (vwap + 1e-5) + decay_linear(ts_rank(volume, 20), 40) + zscore(close - vwap, 20))
[reward_only] iter  9/50 [OK ] reward=-47.7768  cs_rank(-1 * delta(close, 1) / (vwap + 1e-5) + decay_linear(ts_rank(volume, 20), 40))
[reward_only] iter 10/50 [OK ] reward=-47.7768  cs_rank(-1 * delta(close, 1) / (vwap + 1e-5) + decay_linear(ts_rank(volume, 20), 40))
[reward_only] iter 11/50 [OK ] reward=-138.2435  cs_rank(-1 * delta(close, 1) / (vwap + 1e-5) + ts_rank(volume, 20))
[reward_only] iter 12/50 [OK ] reward=-47.7768  cs_rank(-1 * delta(close, 1) / (vwap + 1e-5) + decay_linear(ts_rank(volume, 20), 40))
[reward_only] iter 13/50 [OK ] reward=-41.5182  cs_rank(-1 * delta(close, 1) / (vwap + 1e-5) + decay_linear(ts_rank(volume, 20), 20))
[reward_only] iter 14/50 [OK ] reward= -5.0257  cs_rank(-1 * delta(close, 1) / (vwap + 1e-5) + decay_linear(volume, 20))
[reward_only] iter 15/50 [OK ] reward=-41.5182  cs_rank(-1 * delta(close, 1) / (vwap + 1e-5) + decay_linear(ts_rank(volume, 20), 20))
[reward_only] iter 16/50 [OK ] reward= -5.0257  cs_rank(-1 * delta(close, 1) / (vwap + 1e-5) + decay_linear(volume, 20))
[reward_only] iter 17/50 [OK ] reward=-41.5182  cs_rank(-1 * delta(close, 1) / (vwap + 1e-5) + decay_linear(ts_rank(volume, 20), 20))
[reward_only] iter 18/50 [OK ] reward= -5.0257  cs_rank(-1 * delta(close, 1) / (vwap + 1e-5) + decay_linear(volume, 20))
[reward_only] iter 19/50 [OK ] reward= -5.1257  cs_rank(-1 * delta(close, 1) / (vwap + 1e-5) + decay_linear(volume, 20) + ts_rank(close, 20))
[reward_only] iter 20/50 [OK ] reward= -5.0257  cs_rank(-1 * delta(close, 1) / (vwap + 1e-5) + decay_linear(volume, 20))
[reward_only] iter 21/50 [OK ] reward= -4.1452  cs_rank(-1 * delta(close, 1) / (vwap + 1e-5) + sma(volume, 20))
[reward_only] iter 22/50 [ERR] reward=    -inf  cs_rank(-1 * delta(close, 1) / (vwap + 1e-5) + decay_linear(sma(volume, 20), 10))
[reward_only] iter 23/50 [OK ] reward= -5.0257  cs_rank(-1 * delta(close, 1) / (vwap + 1e-5) + decay_linear(volume, 20))
[reward_only] iter 24/50 [OK ] reward= -4.2450  cs_rank(-1 * delta(close, 1) / (vwap + 1e-5) + sma(volume, 20) + ts_rank(volume, 60))
[reward_only] iter 25/50 [OK ] reward= -4.1452  cs_rank(-1 * delta(close, 1) / (vwap + 1e-5) + sma(volume, 20))
[reward_only] iter 26/50 [OK ] reward= -4.2458  cs_rank(-1 * delta(close, 1) / (vwap + 1e-5) + sma(volume, 20) + decay_linear(close, 30))
[reward_only] iter 27/50 [OK ] reward= -4.1452  cs_rank(-1 * delta(close, 1) / (vwap + 1e-5) + sma(volume, 20))
[reward_only] iter 28/50 [OK ] reward= -4.2951  cs_rank(-1 * delta(close, 1) / (vwap + 1e-5) + sma(volume, 20) + zscore(high - low, 20))
[reward_only] iter 29/50 [OK ] reward= -4.1452  cs_rank(-1 * delta(close, 1) / (vwap + 1e-5) + sma(volume, 20))
[reward_only] iter 30/50 [ERR] reward=    -inf  cs_rank(-1 * delta(close, 1) / (vwap + 1e-5) + decay_linear(sma(volume, 20), 10))
[reward_only] iter 31/50 [OK ] reward= -4.1452  cs_rank(-1 * delta(close, 1) / (vwap + 1e-5) + sma(volume, 20))
[reward_only] iter 32/50 [OK ] reward= -4.2452  cs_rank(-1 * delta(close, 1) / (vwap + 1e-5) + sma(volume, 20) + zscore(close, 20))
[reward_only] iter 33/50 [OK ] reward= -4.1452  cs_rank(-1 * delta(close, 1) / (vwap + 1e-5) + sma(volume, 20))
[reward_only] iter 34/50 [OK ] reward= -4.3459  cs_rank(-1 * delta(close, 1) / (vwap + 1e-5) + sma(volume, 20) + decay_linear(zscore(close - vwap, 20), 20))
[reward_only] iter 35/50 [OK ] reward= -4.1452  cs_rank(-1 * delta(close, 1) / (vwap + 1e-5) + sma(volume, 20))
[reward_only] iter 36/50 [OK ] reward= -4.2952  cs_rank(-1 * delta(close, 1) / (vwap + 1e-5) + sma(volume, 20) + zscore(high - low, 10))
[reward_only] iter 37/50 [OK ] reward= -4.1452  cs_rank(-1 * delta(close, 1) / (vwap + 1e-5) + sma(volume, 20))
[reward_only] iter 38/50 [OK ] reward= -4.2952  cs_rank(-1 * delta(close, 1) / (vwap + 1e-5) + sma(volume, 20) + zscore(high - low, 10))
[reward_only] iter 39/50 [OK ] reward= -4.1452  cs_rank(-1 * delta(close, 1) / (vwap + 1e-5) + sma(volume, 20))
[reward_only] iter 40/50 [ERR] reward=    -inf  cs_rank(-1 * delta(close, 1) / (vwap + 1e-5) + decay_linear(sma(volume, 20), 5))
[reward_only] iter 41/50 [OK ] reward= -4.1452  cs_rank(-1 * delta(close, 1) / (vwap + 1e-5) + sma(volume, 20))
[reward_only] iter 42/50 [OK ] reward=-21.0056  cs_rank(-1 * delta(close, 1) / (vwap + 1e-5) + sma(volume, 20) * decay_linear(zscore(close, 20), 10))
[reward_only] iter 43/50 [OK ] reward= -4.1452  cs_rank(-1 * delta(close, 1) / (vwap + 1e-5) + sma(volume, 20))
[reward_only] iter 44/50 [OK ] reward= -4.2951  cs_rank(-1 * delta(close, 1) / (vwap + 1e-5) + sma(volume, 20) + ts_rank(high - low, 20))
[reward_only] iter 45/50 [OK ] reward= -4.1452  cs_rank(-1 * delta(close, 1) / (vwap + 1e-5) + sma(volume, 20))
[reward_only] iter 46/50 [ERR] reward=    -inf  cs_rank(-1 * delta(close, 1) / (vwap + 1e-5) + decay_linear(sma(volume, 20), 10))
[reward_only] iter 47/50 [OK ] reward= -5.0257  cs_rank(-1 * delta(close, 1) / (vwap + 1e-5) + decay_linear(volume, 20))
[reward_only] iter 48/50 [OK ] reward= -4.5687  cs_rank(-1 * delta(close, 1) / (vwap + 1e-5) + sma(volume, 20) * 0.5 + decay_linear(volume, 20) * 0.5)
[reward_only] iter 49/50 [OK ] reward= -5.0257  cs_rank(-1 * delta(close, 1) / (vwap + 1e-5) + decay_linear(volume, 20))
[reward_only] iter 50/50 [OK ] reward= -4.2452  cs_rank(-1 * delta(close, 1) / (vwap + 1e-5) + sma(volume, 20) + zscore(vwap, 20))
[wfo:reward_only] fold 8 winner: cs_rank(-1 * delta(close, 1) / (vwap + 1e-5) + sma(volume, 20))
[wfo:reward_only] fold 8 OOS: Gross_IR=-0.368 Turnover=9.02 Net_IR=-1.113
[wfo:reward_only] fold 9: train 2010-01-01..2014-12-31 -> test 2015-01-01..2015-12-31
[reward_only] iter  0/50 [SEED] reward=-178.1060  rank(-1 * delta(close, 1))
[reward_only] iter  1/50 [OK ] reward=-144.5318  cs_rank(-1 * delta(close, 1) + cs_rank(volume))
[reward_only] iter  2/50 [OK ] reward=-150.0732  cs_rank(-1 * delta(close, 1) + cs_rank(volume) + cs_rank(stddev(close, 20)))
[reward_only] iter  3/50 [OK ] reward=-150.0732  cs_rank(-1 * delta(close, 1) + cs_rank(volume) + cs_rank(stddev(close, 20)))
[reward_only] iter  4/50 [OK ] reward=-144.5318  cs_rank(-1 * delta(close, 1) + cs_rank(volume))
[reward_only] iter  5/50 [OK ] reward=-74.5875  cs_rank(-1 * delta(close, 1) + cs_rank(volume) + zscore(stddev(close, 20), 20))
[reward_only] iter  6/50 [OK ] reward=-144.5318  cs_rank(-1 * delta(close, 1) + cs_rank(volume))
[reward_only] iter  7/50 [OK ] reward=-74.5875  cs_rank(-1 * delta(close, 1) + cs_rank(volume) + zscore(stddev(close, 20), 20))
[reward_only] iter  8/50 [OK ] reward=-144.5318  cs_rank(-1 * delta(close, 1) + cs_rank(volume))
[reward_only] iter  9/50 [OK ] reward=-92.4403  cs_rank(-1 * delta(close, 1) + cs_rank(volume) + zscore(stddev(close, 20), 20) + cs_rank(vwap - close))
[reward_only] iter 10/50 [OK ] reward=-74.5875  cs_rank(-1 * delta(close, 1) + cs_rank(volume) + zscore(stddev(close, 20), 20))
[reward_only] iter 11/50 [OK ] reward=-76.4839  cs_rank(-1 * delta(close, 1) + zscore(stddev(close, 20), 20))
[reward_only] iter 12/50 [OK ] reward=-76.7476  cs_rank(-1 * delta(close, 1) + cs_rank(volume) + zscore(stddev(close, 20), 20) + cs_rank(high - low))
[reward_only] iter 13/50 [OK ] reward=-74.5875  cs_rank(-1 * delta(close, 1) + cs_rank(volume) + zscore(stddev(close, 20), 20))
[reward_only] iter 14/50 [OK ] reward=-144.5318  cs_rank(-1 * delta(close, 1) + cs_rank(volume))
[reward_only] iter 15/50 [OK ] reward=-97.3867  cs_rank(-1 * delta(close, 1) + cs_rank(volume) + zscore(stddev(close, 20), 20) * cs_rank(volume))
[reward_only] iter 16/50 [OK ] reward=-74.5875  cs_rank(-1 * delta(close, 1) + cs_rank(volume) + zscore(stddev(close, 20), 20))
[reward_only] iter 17/50 [OK ] reward=-144.5318  cs_rank(-1 * delta(close, 1) + cs_rank(volume))
[reward_only] iter 18/50 [ERR] reward=    -inf  cs_rank(-1 * delta(close, 1) + cs_rank(volume) + zscore(stddev(close, 20), 20) + cs_rank((high - low) / (high + low)))
[reward_only] iter 19/50 [OK ] reward=-77.1118  cs_rank(-1 * delta(close, 1) + cs_rank(volume) + zscore(stddev(close, 20), 20) + cs_rank((high - low) / (high + low + 1e-5)))
[reward_only] iter 20/50 [OK ] reward=-74.5875  cs_rank(-1 * delta(close, 1) + cs_rank(volume) + zscore(stddev(close, 20), 20))
[reward_only] iter 21/50 [OK ] reward=-144.5318  cs_rank(-1 * delta(close, 1) + cs_rank(volume))
[reward_only] iter 22/50 [OK ] reward=-74.5875  cs_rank(-1 * delta(close, 1) + cs_rank(volume) + zscore(stddev(close, 20), 20))
[reward_only] iter 23/50 [OK ] reward=-81.4157  cs_rank(-1 * delta(close, 1) + cs_rank(volume) + zscore(close, 20))
[reward_only] iter 24/50 [OK ] reward=-71.5751  cs_rank(-1 * delta(close, 1) + cs_rank(volume) + zscore(stddev(close, 20), 20) + cs_rank(volume / (volume + 1e-5)))
[reward_only] iter 25/50 [OK ] reward=-74.5875  cs_rank(-1 * delta(close, 1) + cs_rank(volume) + zscore(stddev(close, 20), 20))
[reward_only] iter 26/50 [OK ] reward=-74.5875  cs_rank(-1 * delta(close, 1) + cs_rank(volume) + zscore(stddev(close, 20), 20))
[reward_only] iter 27/50 [OK ] reward=-74.5875  cs_rank(-1 * delta(close, 1) + cs_rank(volume) + zscore(stddev(close, 20), 20))
[reward_only] iter 28/50 [OK ] reward=-74.5875  cs_rank(-1 * delta(close, 1) + cs_rank(volume) + zscore(stddev(close, 20), 20))
[reward_only] iter 29/50 [OK ] reward=-74.5875  cs_rank(-1 * delta(close, 1) + cs_rank(volume) + zscore(stddev(close, 20), 20))
[reward_only] iter 30/50 [OK ] reward=-74.5875  cs_rank(-1 * delta(close, 1) + cs_rank(volume) + zscore(stddev(close, 20), 20))
[reward_only] iter 31/50 [OK ] reward=-74.5875  cs_rank(-1 * delta(close, 1) + cs_rank(volume) + zscore(stddev(close, 20), 20))
[reward_only] iter 32/50 [OK ] reward=-74.6874  cs_rank(-1 * delta(close, 1) + zscore(stddev(close, 20), 20) + cs_rank(volume / (volume + 1e-5)))
[reward_only] iter 33/50 [OK ] reward=-74.6874  cs_rank(-1 * delta(close, 1) + zscore(stddev(close, 20), 20) + cs_rank(volume / (volume + 1e-5)))
[reward_only] iter 34/50 [OK ] reward=-76.4839  cs_rank(-1 * delta(close, 1) + zscore(stddev(close, 20), 20))
[reward_only] iter 35/50 [OK ] reward=-77.1118  cs_rank(-1 * delta(close, 1) + cs_rank(volume) + zscore(stddev(close, 20), 20) + cs_rank((high - low) / (high + low + 1e-5)))
[reward_only] iter 36/50 [OK ] reward=-74.5875  cs_rank(-1 * delta(close, 1) + cs_rank(volume) + zscore(stddev(close, 20), 20))
[reward_only] iter 37/50 [OK ] reward=-74.5875  cs_rank(-1 * delta(close, 1) + cs_rank(volume) + zscore(stddev(close, 20), 20))
[reward_only] iter 38/50 [OK ] reward=-74.5875  cs_rank(-1 * delta(close, 1) + cs_rank(volume) + zscore(stddev(close, 20), 20))
[reward_only] iter 39/50 [OK ] reward=-76.4839  cs_rank(-1 * delta(close, 1) + zscore(stddev(close, 20), 20))
[reward_only] iter 40/50 [OK ] reward=-68.5092  cs_rank(-1 * delta(close, 1) + cs_rank(volume) + zscore(stddev(close, 20), 20) + cs_rank(volume / (volume + 1e-5)) + ts_rank(close, 20))
[reward_only] iter 41/50 [OK ] reward=-71.0655  cs_rank(-1 * delta(close, 1) + cs_rank(volume) + zscore(stddev(close, 20), 20) + ts_rank(close, 20))
[reward_only] iter 42/50 [OK ] reward=-74.5875  cs_rank(-1 * delta(close, 1) + cs_rank(volume) + zscore(stddev(close, 20), 20))
[reward_only] iter 43/50 [OK ] reward=-74.5875  cs_rank(-1 * delta(close, 1) + cs_rank(volume) + zscore(stddev(close, 20), 20))
[reward_only] iter 44/50 [OK ] reward=-74.5875  cs_rank(-1 * delta(close, 1) + cs_rank(volume) + zscore(stddev(close, 20), 20))
[reward_only] iter 45/50 [OK ] reward=-74.5875  cs_rank(-1 * delta(close, 1) + cs_rank(volume) + zscore(stddev(close, 20), 20))
[reward_only] iter 46/50 [OK ] reward=-74.5875  cs_rank(-1 * delta(close, 1) + cs_rank(volume) + zscore(stddev(close, 20), 20))
[reward_only] iter 47/50 [OK ] reward=-76.4839  cs_rank(-1 * delta(close, 1) + zscore(stddev(close, 20), 20))
[reward_only] iter 48/50 [OK ] reward=-72.4416  cs_rank(-1 * delta(close, 1) + cs_rank(volume) + zscore(stddev(close, 20), 20) + cs_rank(volume / (volume + 1e-5)) + ts_rank(close, 20) + cs_rank((high - low) / (high + low + 1e-5)))
[reward_only] iter 49/50 [OK ] reward=-71.5751  cs_rank(-1 * delta(close, 1) + cs_rank(volume) + zscore(stddev(close, 20), 20) + cs_rank(volume / (volume + 1e-5)))
[reward_only] iter 50/50 [OK ] reward=-71.5751  cs_rank(-1 * delta(close, 1) + cs_rank(volume) + zscore(stddev(close, 20), 20) + cs_rank(volume / (volume + 1e-5)))
[wfo:reward_only] fold 9 winner: cs_rank(-1 * delta(close, 1) + cs_rank(volume) + zscore(stddev(close, 20), 20) + cs_rank(volume / (volume + 1e-5)) + ts_rank(close, 20))
[wfo:reward_only] fold 9 OOS: Gross_IR=0.117 Turnover=157.98 Net_IR=-10.416
[wfo:reward_only] fold 10: train 2011-01-01..2015-12-31 -> test 2016-01-01..2016-12-31
[reward_only] iter  0/50 [SEED] reward=-177.6210  rank(-1 * delta(close, 1))
[reward_only] iter  1/50 [OK ] reward=-128.2896  cs_rank(-1 * delta(close, 1) + decay_linear(zscore(volume, 20), 10))
[reward_only] iter  2/50 [OK ] reward=-124.8209  cs_rank(-1 * delta(close, 1) + decay_linear(zscore(volume, 20), 10) + ts_rank(vwap, 20))
[reward_only] iter  3/50 [OK ] reward=-128.2896  cs_rank(-1 * delta(close, 1) + decay_linear(zscore(volume, 20), 10))
[reward_only] iter  4/50 [OK ] reward=-128.6024  cs_rank(-1 * delta(close, 1) + decay_linear(zscore(volume, 20), 10) + ts_rank(vwap, 20) - cs_rank(abs(delta(close, 1))))
[reward_only] iter  5/50 [OK ] reward=-152.1323  cs_rank(-1 * delta(close, 1) + decay_linear(zscore(volume, 20), 10) + ts_rank(vwap, 20) - cs_rank(delta(close, 1)))
[reward_only] iter  6/50 [OK ] reward=-124.8209  cs_rank(-1 * delta(close, 1) + decay_linear(zscore(volume, 20), 10) + ts_rank(vwap, 20))
[reward_only] iter  7/50 [OK ] reward=-128.2896  cs_rank(-1 * delta(close, 1) + decay_linear(zscore(volume, 20), 10))
[reward_only] iter  8/50 [OK ] reward=-116.7429  cs_rank(-1 * delta(close, 1) + decay_linear(zscore(volume, 20), 10) + ts_rank(vwap, 20) - cs_rank(sma(high - low, 10)))
[reward_only] iter  9/50 [OK ] reward=-124.8209  cs_rank(-1 * delta(close, 1) + decay_linear(zscore(volume, 20), 10) + ts_rank(vwap, 20))
[reward_only] iter 10/50 [OK ] reward=-124.8209  cs_rank(-1 * delta(close, 1) + decay_linear(zscore(volume, 20), 10) + ts_rank(vwap, 20))
[reward_only] iter 11/50 [OK ] reward=-124.8209  cs_rank(-1 * delta(close, 1) + decay_linear(zscore(volume, 20), 10) + ts_rank(vwap, 20))
[reward_only] iter 12/50 [OK ] reward=-124.8209  cs_rank(-1 * delta(close, 1) + decay_linear(zscore(volume, 20), 10) + ts_rank(vwap, 20))
[reward_only] iter 13/50 [OK ] reward=-124.8209  cs_rank(-1 * delta(close, 1) + decay_linear(zscore(volume, 20), 10) + ts_rank(vwap, 20))
[reward_only] iter 14/50 [OK ] reward=-116.7429  cs_rank(-1 * delta(close, 1) + decay_linear(zscore(volume, 20), 10) + ts_rank(vwap, 20) - cs_rank(sma(high - low, 10)))
[reward_only] iter 15/50 [OK ] reward=-124.8209  cs_rank(-1 * delta(close, 1) + decay_linear(zscore(volume, 20), 10) + ts_rank(vwap, 20))
[reward_only] iter 16/50 [OK ] reward=-124.8209  cs_rank(-1 * delta(close, 1) + decay_linear(zscore(volume, 20), 10) + ts_rank(vwap, 20))
[reward_only] iter 17/50 [OK ] reward=-124.8209  cs_rank(-1 * delta(close, 1) + decay_linear(zscore(volume, 20), 10) + ts_rank(vwap, 20))
[reward_only] iter 18/50 [OK ] reward=-124.8209  cs_rank(-1 * delta(close, 1) + decay_linear(zscore(volume, 20), 10) + ts_rank(vwap, 20))
[reward_only] iter 19/50 [OK ] reward=-124.8209  cs_rank(-1 * delta(close, 1) + decay_linear(zscore(volume, 20), 10) + ts_rank(vwap, 20))
[reward_only] iter 20/50 [OK ] reward=-116.7429  cs_rank(-1 * delta(close, 1) + decay_linear(zscore(volume, 20), 10) + ts_rank(vwap, 20) - cs_rank(sma(high - low, 10)))
[reward_only] iter 21/50 [OK ] reward=-124.8209  cs_rank(-1 * delta(close, 1) + decay_linear(zscore(volume, 20), 10) + ts_rank(vwap, 20))
[reward_only] iter 22/50 [OK ] reward=-124.8209  cs_rank(-1 * delta(close, 1) + decay_linear(zscore(volume, 20), 10) + ts_rank(vwap, 20))
[reward_only] iter 23/50 [OK ] reward=-124.8209  cs_rank(-1 * delta(close, 1) + decay_linear(zscore(volume, 20), 10) + ts_rank(vwap, 20))
[reward_only] iter 24/50 [OK ] reward=-124.8209  cs_rank(-1 * delta(close, 1) + decay_linear(zscore(volume, 20), 10) + ts_rank(vwap, 20))
[reward_only] iter 25/50 [OK ] reward=-116.7429  cs_rank(-1 * delta(close, 1) + decay_linear(zscore(volume, 20), 10) + ts_rank(vwap, 20) - cs_rank(sma(high - low, 10)))
[reward_only] iter 26/50 [OK ] reward=-124.8209  cs_rank(-1 * delta(close, 1) + decay_linear(zscore(volume, 20), 10) + ts_rank(vwap, 20))
[reward_only] iter 27/50 [OK ] reward=-124.8209  cs_rank(-1 * delta(close, 1) + decay_linear(zscore(volume, 20), 10) + ts_rank(vwap, 20))
[reward_only] iter 28/50 [OK ] reward=-124.8209  cs_rank(-1 * delta(close, 1) + decay_linear(zscore(volume, 20), 10) + ts_rank(vwap, 20))
[reward_only] iter 29/50 [OK ] reward=-124.8209  cs_rank(-1 * delta(close, 1) + decay_linear(zscore(volume, 20), 10) + ts_rank(vwap, 20))
[reward_only] iter 30/50 [OK ] reward=-124.8209  cs_rank(-1 * delta(close, 1) + decay_linear(zscore(volume, 20), 10) + ts_rank(vwap, 20))
[reward_only] iter 31/50 [OK ] reward=-124.8209  cs_rank(-1 * delta(close, 1) + decay_linear(zscore(volume, 20), 10) + ts_rank(vwap, 20))
[reward_only] iter 32/50 [OK ] reward=-124.8209  cs_rank(-1 * delta(close, 1) + decay_linear(zscore(volume, 20), 10) + ts_rank(vwap, 20))
[reward_only] iter 33/50 [OK ] reward=-124.8209  cs_rank(-1 * delta(close, 1) + decay_linear(zscore(volume, 20), 10) + ts_rank(vwap, 20))
[reward_only] iter 34/50 [OK ] reward=-124.8209  cs_rank(-1 * delta(close, 1) + decay_linear(zscore(volume, 20), 10) + ts_rank(vwap, 20))
[reward_only] iter 35/50 [OK ] reward=-124.8209  cs_rank(-1 * delta(close, 1) + decay_linear(zscore(volume, 20), 10) + ts_rank(vwap, 20))
[reward_only] iter 36/50 [OK ] reward=-124.8209  cs_rank(-1 * delta(close, 1) + decay_linear(zscore(volume, 20), 10) + ts_rank(vwap, 20))
[reward_only] iter 37/50 [OK ] reward=-124.8209  cs_rank(-1 * delta(close, 1) + decay_linear(zscore(volume, 20), 10) + ts_rank(vwap, 20))
[reward_only] iter 38/50 [OK ] reward=-124.8209  cs_rank(-1 * delta(close, 1) + decay_linear(zscore(volume, 20), 10) + ts_rank(vwap, 20))
[reward_only] iter 39/50 [OK ] reward=-124.8209  cs_rank(-1 * delta(close, 1) + decay_linear(zscore(volume, 20), 10) + ts_rank(vwap, 20))
[reward_only] iter 40/50 [OK ] reward=-124.8209  cs_rank(-1 * delta(close, 1) + decay_linear(zscore(volume, 20), 10) + ts_rank(vwap, 20))
[reward_only] iter 41/50 [OK ] reward=-116.7429  cs_rank(-1 * delta(close, 1) + decay_linear(zscore(volume, 20), 10) + ts_rank(vwap, 20) - cs_rank(sma(high - low, 10)))
[reward_only] iter 42/50 [OK ] reward=-124.8209  cs_rank(-1 * delta(close, 1) + decay_linear(zscore(volume, 20), 10) + ts_rank(vwap, 20))
[reward_only] iter 43/50 [OK ] reward=-116.7429  cs_rank(-1 * delta(close, 1) + decay_linear(zscore(volume, 20), 10) + ts_rank(vwap, 20) - cs_rank(sma(high - low, 10)))
[reward_only] iter 44/50 [OK ] reward=-124.8209  cs_rank(-1 * delta(close, 1) + decay_linear(zscore(volume, 20), 10) + ts_rank(vwap, 20))
[reward_only] iter 45/50 [OK ] reward=-116.7429  cs_rank(-1 * delta(close, 1) + decay_linear(zscore(volume, 20), 10) + ts_rank(vwap, 20) - cs_rank(sma(high - low, 10)))
[reward_only] iter 46/50 [OK ] reward=-124.8209  cs_rank(-1 * delta(close, 1) + decay_linear(zscore(volume, 20), 10) + ts_rank(vwap, 20))
[reward_only] iter 47/50 [OK ] reward=-124.8209  cs_rank(-1 * delta(close, 1) + decay_linear(zscore(volume, 20), 10) + ts_rank(vwap, 20))
[reward_only] iter 48/50 [OK ] reward=-124.8209  cs_rank(-1 * delta(close, 1) + decay_linear(zscore(volume, 20), 10) + ts_rank(vwap, 20))
[reward_only] iter 49/50 [OK ] reward=-124.8209  cs_rank(-1 * delta(close, 1) + decay_linear(zscore(volume, 20), 10) + ts_rank(vwap, 20))
[reward_only] iter 50/50 [OK ] reward=-124.8209  cs_rank(-1 * delta(close, 1) + decay_linear(zscore(volume, 20), 10) + ts_rank(vwap, 20))
[wfo:reward_only] fold 10 winner: cs_rank(-1 * delta(close, 1) + decay_linear(zscore(volume, 20), 10) + ts_rank(vwap, 20) - cs_rank(sma(high - low, 10)))
[wfo:reward_only] fold 10 OOS: Gross_IR=1.056 Turnover=243.75 Net_IR=-13.280
[wfo:reward_only] fold 11: train 2012-01-01..2016-12-31 -> test 2017-01-01..2017-12-31
[reward_only] iter  0/50 [SEED] reward=-177.4834  rank(-1 * delta(close, 1))
[reward_only] iter  1/50 [OK ] reward=-10.4823  rank(-1 * (delta(close, 1) + decay_linear(volume, 10)))
[reward_only] iter  2/50 [OK ] reward= -7.0111  rank(-1 * (delta(close, 5) + decay_linear(volume, 20)))
[reward_only] iter  3/50 [ERR] reward=    -inf  cs_rank(close / (high + low) * volume)
[reward_only] iter  4/50 [OK ] reward= -7.0111  rank(-1 * (delta(close, 5) + decay_linear(volume, 20) + zscore(vwap, 20)))
[reward_only] iter  5/50 [OK ] reward= -5.7168  rank(-1 * (delta(close, 10) + decay_linear(volume, 30) + zscore(vwap, 30)))
[reward_only] iter  6/50 [OK ] reward= -5.9168  rank(-1 * (delta(close, 10) + decay_linear(volume, 30) + zscore(vwap, 30) + cs_rank(high / (low + 1e-5))))
[reward_only] iter  7/50 [OK ] reward= -5.7168  rank(-1 * (delta(close, 10) + decay_linear(volume, 30) + zscore(vwap, 30)))
[reward_only] iter  8/50 [OK ] reward=-46.2515  rank(-1 * (delta(close, 10) + cs_rank(volume) + zscore(vwap, 30)))
[reward_only] iter  9/50 [OK ] reward= -5.8668  rank(-1 * (delta(close, 10) + decay_linear(volume, 30) + zscore(vwap, 30) + cs_rank(stddev(close, 20))))
[reward_only] iter 10/50 [OK ] reward= -5.7168  rank(-1 * (delta(close, 10) + decay_linear(volume, 30) + zscore(vwap, 30)))
[reward_only] iter 11/50 [OK ] reward= -5.7168  rank(-1 * (cs_rank(close) + decay_linear(volume, 30) + zscore(vwap, 30)))
[reward_only] iter 12/50 [OK ] reward= -5.8168  rank(-1 * (delta(close, 10) + decay_linear(volume, 30) + zscore(vwap, 30) + cs_rank(volume)))
[reward_only] iter 13/50 [OK ] reward= -5.7168  rank(-1 * (delta(close, 10) + decay_linear(volume, 30) + zscore(vwap, 30)))
[reward_only] iter 14/50 [OK ] reward= -5.7168  rank(-1 * (ts_rank(close, 20) + decay_linear(volume, 30) + zscore(vwap, 30)))
[reward_only] iter 15/50 [OK ] reward= -5.7668  rank(-1 * (delta(close, 10) + decay_linear(volume, 30) + zscore(high - low, 30)))
[reward_only] iter 16/50 [OK ] reward=-45.8908  rank(-1 * (delta(close, 10) + zscore(vwap, 30)))
[reward_only] iter 17/50 [OK ] reward= -5.8668  rank(-1 * (delta(close, 10) + decay_linear(volume, 30) + zscore(vwap, 30) + cs_rank(high - low)))
[reward_only] iter 18/50 [OK ] reward= -5.7168  rank(-1 * (delta(close, 10) + decay_linear(volume, 30)))
[reward_only] iter 19/50 [OK ] reward=-57.1545  rank(-1 * (decay_linear(vwap, 20) - close))
[reward_only] iter 20/50 [OK ] reward= -7.5488  rank(-1 * (delta(close, 10) + decay_linear(volume, 30) * cs_rank(close)))
[reward_only] iter 21/50 [OK ] reward= -5.7168  cs_rank(-1 * (delta(close, 10) + decay_linear(volume, 30)))
[reward_only] iter 22/50 [OK ] reward= -5.7168  cs_rank(-1 * (delta(close, 10) + decay_linear(volume, 30) + ts_rank(close, 20)))
[reward_only] iter 23/50 [OK ] reward= -5.7168  cs_rank(-1 * (delta(close, 10) + decay_linear(volume, 30) + delta(vwap, 20)))
[reward_only] iter 24/50 [OK ] reward= -5.7668  rank(-1 * (delta(close, 10) + decay_linear(volume, 30) + cs_rank(high - low)))
[reward_only] iter 25/50 [OK ] reward= -5.7168  rank(-1 * (delta(close, 10) + decay_linear(volume, 30)))
[reward_only] iter 26/50 [OK ] reward=-178.9773  cs_rank(-1 * (close - vwap) / (vwap + 1e-5))
[reward_only] iter 27/50 [OK ] reward= -4.6911  cs_rank(-1 * (ts_rank(close, 20) + decay_linear(volume, 50)))
[reward_only] iter 28/50 [OK ] reward= -4.6911  cs_rank(-1 * (ts_rank(close, 20) + decay_linear(volume, 50) + zscore(vwap, 20)))
[reward_only] iter 29/50 [OK ] reward= -4.6911  cs_rank(-1 * (ts_rank(close, 20) + decay_linear(volume, 50) + ts_rank(vwap, 20)))
[reward_only] iter 30/50 [OK ] reward= -4.8411  cs_rank(-1 * (ts_rank(close, 20) + decay_linear(volume, 50) + ts_rank(vwap, 20) + cs_rank(close - open)))
[reward_only] iter 31/50 [OK ] reward= -4.6911  cs_rank(-1 * (ts_rank(close, 20) + decay_linear(volume, 50)))
[reward_only] iter 32/50 [ERR] reward=    -inf  cs_rank((high - low) / (high + low + close) + zscore(volume, 20))
[reward_only] iter 33/50 [OK ] reward= -4.6911  cs_rank(-1 * (ts_rank(close, 20) + decay_linear(volume, 50) + zscore(vwap, 20)))
[reward_only] iter 34/50 [OK ] reward= -4.7411  cs_rank(-1 * (ts_rank(close, 20) + decay_linear(volume, 50) + zscore(vwap - close, 20)))
[reward_only] iter 35/50 [OK ] reward= -4.6911  cs_rank(-1 * (ts_rank(close, 20) + decay_linear(volume, 50)))
[reward_only] iter 36/50 [OK ] reward= -1.1587  cs_rank(-1 * (ts_rank(close, 20) + decay_linear(vwap, 50)))
[reward_only] iter 37/50 [OK ] reward= -4.4973  cs_rank(-1 * (ts_rank(close, 20) + decay_linear(vwap, 50) + zscore(volume, 20)))
[reward_only] iter 38/50 [OK ] reward= -5.1474  cs_rank(-1 * (ts_rank(close, 20) + decay_linear(vwap, 50) + zscore(volume, 20) + cs_rank(abs(close - vwap))))
[reward_only] iter 39/50 [OK ] reward= -4.4973  cs_rank(-1 * (ts_rank(close, 20) + decay_linear(vwap, 50) + zscore(volume, 20)))
[reward_only] iter 40/50 [OK ] reward= -1.8498  cs_rank(-1 * (ts_rank(close, 20) + decay_linear(vwap, 50) + ts_rank(volume, 20)))
[reward_only] iter 41/50 [OK ] reward= -1.8498  cs_rank(-1 * (ts_rank(close, 20) + decay_linear(vwap, 50) + ts_rank(volume, 20)))
[reward_only] iter 42/50 [OK ] reward= -4.4973  cs_rank(-1 * (ts_rank(close, 20) + decay_linear(vwap, 50) + zscore(volume, 20)))
[reward_only] iter 43/50 [OK ] reward= -2.5721  cs_rank(-1 * (ts_rank(close, 20) + decay_linear(vwap, 50) + zscore(volume, 20) * cs_rank(stddev(close, 20))))
[reward_only] iter 44/50 [OK ] reward= -4.4973  cs_rank(-1 * (ts_rank(close, 20) + decay_linear(vwap, 50) + zscore(volume, 20)))
[reward_only] iter 45/50 [OK ] reward=-11.0613  cs_rank(-1 * (ts_rank(close, 20) + decay_linear(vwap, 50) + zscore(volume, 20) / cs_rank(volume)))
[reward_only] iter 46/50 [OK ] reward= -1.1587  cs_rank(-1 * (ts_rank(close, 20) + decay_linear(vwap, 50)))
[reward_only] iter 47/50 [OK ] reward= -4.4973  cs_rank(-1 * (ts_rank(close, 20) + decay_linear(vwap, 50) + zscore(volume, 20)))
[reward_only] iter 48/50 [OK ] reward=-11.0613  cs_rank(-1 * (ts_rank(close, 20) + decay_linear(vwap, 50) + zscore(volume, 20) / cs_rank(volume)))
[reward_only] iter 49/50 [OK ] reward= -1.1587  cs_rank(-1 * (ts_rank(close, 20) + decay_linear(vwap, 50)))
[reward_only] iter 50/50 [OK ] reward= -4.4973  cs_rank(-1 * (ts_rank(close, 20) + decay_linear(vwap, 50) + zscore(volume, 20)))
[wfo:reward_only] fold 11 winner: cs_rank(-1 * (ts_rank(close, 20) + decay_linear(vwap, 50)))
[wfo:reward_only] fold 11 OOS: Gross_IR=0.103 Turnover=3.72 Net_IR=-0.176
[wfo:reward_only] fold 12: train 2013-01-01..2017-12-31 -> test 2018-01-01..2018-12-31
[reward_only] iter  0/50 [SEED] reward=-176.5080  rank(-1 * delta(close, 1))
[reward_only] iter  1/50 [OK ] reward=-167.3407  cs_rank(-1 * delta(close, 1) + ts_rank(volume, 60))
[reward_only] iter  2/50 [OK ] reward=-93.7032  cs_rank(-1 * delta(close, 1) + ts_rank(volume, 60) + zscore(stddev(close, 20), 60))
[reward_only] iter  3/50 [OK ] reward=-167.3407  cs_rank(-1 * delta(close, 1) + ts_rank(volume, 60))
[reward_only] iter  4/50 [OK ] reward=-92.2971  cs_rank(-1 * delta(close, 1) + ts_rank(volume, 60) + zscore(stddev(close, 20), 60) + decay_linear(ts_rank(high - low, 60), 20))
[reward_only] iter  5/50 [OK ] reward=-93.7032  cs_rank(-1 * delta(close, 1) + ts_rank(volume, 60) + zscore(stddev(close, 20), 60))
[reward_only] iter  6/50 [OK ] reward=-92.2971  cs_rank(-1 * delta(close, 1) + ts_rank(volume, 60) + zscore(stddev(close, 20), 60) + decay_linear(ts_rank(high - low, 60), 20))
[reward_only] iter  7/50 [OK ] reward=-93.7032  cs_rank(-1 * delta(close, 1) + ts_rank(volume, 60) + zscore(stddev(close, 20), 60))
[reward_only] iter  8/50 [OK ] reward=-162.7299  cs_rank(-1 * delta(close, 1) + ts_rank(volume, 60) + decay_linear(ts_rank(high - low, 60), 20))
[reward_only] iter  9/50 [OK ] reward=-93.7032  cs_rank(-1 * delta(close, 1) + ts_rank(volume, 60) + zscore(stddev(close, 20), 60))
[reward_only] iter 10/50 [OK ] reward=-92.2971  cs_rank(-1 * delta(close, 1) + ts_rank(volume, 60) + zscore(stddev(close, 20), 60) + decay_linear(ts_rank(high - low, 60), 20))
[reward_only] iter 11/50 [OK ] reward=-93.7032  cs_rank(-1 * delta(close, 1) + ts_rank(volume, 60) + zscore(stddev(close, 20), 60))
[reward_only] iter 12/50 [OK ] reward=-93.7032  cs_rank(-1 * delta(close, 1) + ts_rank(volume, 60) + zscore(stddev(close, 20), 60))
[reward_only] iter 13/50 [OK ] reward=-93.7032  cs_rank(-1 * delta(close, 1) + ts_rank(volume, 60) + zscore(stddev(close, 20), 60))
[reward_only] iter 14/50 [OK ] reward=-93.7032  cs_rank(-1 * delta(close, 1) + ts_rank(volume, 60) + zscore(stddev(close, 20), 60))
[reward_only] iter 15/50 [OK ] reward=-93.7032  cs_rank(-1 * delta(close, 1) + ts_rank(volume, 60) + zscore(stddev(close, 20), 60))
[reward_only] iter 16/50 [OK ] reward=-93.7032  cs_rank(-1 * delta(close, 1) + ts_rank(volume, 60) + zscore(stddev(close, 20), 60))
[reward_only] iter 17/50 [OK ] reward=-92.4080  cs_rank(-1 * delta(close, 1) + ts_rank(volume, 60) + zscore(stddev(close, 20), 60) + decay_linear(cs_rank(high - low), 20))
[reward_only] iter 18/50 [OK ] reward=-77.1117  cs_rank(-1 * delta(close, 1) + ts_rank(volume, 60) + zscore(stddev(close, 20), 60) + decay_linear(high - low, 20))
[reward_only] iter 19/50 [OK ] reward=-93.7032  cs_rank(-1 * delta(close, 1) + ts_rank(volume, 60) + zscore(stddev(close, 20), 60))
[reward_only] iter 20/50 [OK ] reward=-93.7032  cs_rank(-1 * delta(close, 1) + ts_rank(volume, 60) + zscore(stddev(close, 20), 60))
[reward_only] iter 21/50 [OK ] reward=-93.7032  cs_rank(-1 * delta(close, 1) + ts_rank(volume, 60) + zscore(stddev(close, 20), 60))
[reward_only] iter 22/50 [OK ] reward=-77.1117  cs_rank(-1 * delta(close, 1) + ts_rank(volume, 60) + zscore(stddev(close, 20), 60) + decay_linear(high - low, 20))
[reward_only] iter 23/50 [OK ] reward=-93.7032  cs_rank(-1 * delta(close, 1) + ts_rank(volume, 60) + zscore(stddev(close, 20), 60))
[reward_only] iter 24/50 [OK ] reward=-77.1117  cs_rank(-1 * delta(close, 1) + ts_rank(volume, 60) + zscore(stddev(close, 20), 60) + decay_linear(high - low, 20))
[reward_only] iter 25/50 [OK ] reward=-122.8646  cs_rank(-1 * delta(close, 1) + ts_rank(volume, 60) + decay_linear(high - low, 20))
[reward_only] iter 26/50 [OK ] reward=-93.7032  cs_rank(-1 * delta(close, 1) + ts_rank(volume, 60) + zscore(stddev(close, 20), 60))
[reward_only] iter 27/50 [OK ] reward=-93.9838  cs_rank(-1 * delta(close, 1) + ts_rank(volume, 60) + zscore(stddev(close, 20), 60) + cs_rank(high - low))
[reward_only] iter 28/50 [OK ] reward=-93.7032  cs_rank(-1 * delta(close, 1) + ts_rank(volume, 60) + zscore(stddev(close, 20), 60))
[reward_only] iter 29/50 [OK ] reward=-93.7032  cs_rank(-1 * delta(close, 1) + ts_rank(volume, 60) + zscore(stddev(close, 20), 60))
[reward_only] iter 30/50 [OK ] reward=-93.7032  cs_rank(-1 * delta(close, 1) + ts_rank(volume, 60) + zscore(stddev(close, 20), 60))
[reward_only] iter 31/50 [OK ] reward=-93.7032  cs_rank(-1 * delta(close, 1) + ts_rank(volume, 60) + zscore(stddev(close, 20), 60))
[reward_only] iter 32/50 [OK ] reward=-93.7032  cs_rank(-1 * delta(close, 1) + ts_rank(volume, 60) + zscore(stddev(close, 20), 60))
[reward_only] iter 33/50 [OK ] reward=-93.7032  cs_rank(-1 * delta(close, 1) + ts_rank(volume, 60) + zscore(stddev(close, 20), 60))
[reward_only] iter 34/50 [OK ] reward=-93.7032  cs_rank(-1 * delta(close, 1) + ts_rank(volume, 60) + zscore(stddev(close, 20), 60))
[reward_only] iter 35/50 [OK ] reward=-93.7032  cs_rank(-1 * delta(close, 1) + ts_rank(volume, 60) + zscore(stddev(close, 20), 60))
[reward_only] iter 36/50 [OK ] reward=-93.7032  cs_rank(-1 * delta(close, 1) + ts_rank(volume, 60) + zscore(stddev(close, 20), 60))
[reward_only] iter 37/50 [OK ] reward=-93.8297  cs_rank(-1 * delta(close, 1) + zscore(stddev(close, 20), 60))
[reward_only] iter 38/50 [ERR] reward=    -inf  cs_rank(-1 * delta(close, 1) + ts_rank(volume, 60) + zscore(stddev(close, 20), 60) + decay_linear(high - low, 20) + cs_rank(close - vwap, 20))
[reward_only] iter 39/50 [OK ] reward=-65.2350  cs_rank(-1 * delta(close, 1) + ts_rank(volume, 60) + zscore(stddev(close, 20), 60) + decay_linear(high - low, 20) + (close - vwap))
[reward_only] iter 40/50 [OK ] reward=-93.7032  cs_rank(-1 * delta(close, 1) + ts_rank(volume, 60) + zscore(stddev(close, 20), 60))
[reward_only] iter 41/50 [OK ] reward=-83.3879  cs_rank(-1 * delta(close, 1) + ts_rank(volume, 60) + zscore(stddev(close, 20), 60) + (close - vwap))
[reward_only] iter 42/50 [OK ] reward=-80.8063  cs_rank(-1 * delta(close, 1) + ts_rank(volume, 60) + zscore(stddev(close, 20), 60) + (high - low))
[reward_only] iter 43/50 [OK ] reward=-80.8063  cs_rank(-1 * delta(close, 1) + ts_rank(volume, 60) + zscore(stddev(close, 20), 60) + (high - low))
[reward_only] iter 44/50 [OK ] reward=-77.1117  cs_rank(-1 * delta(close, 1) + ts_rank(volume, 60) + zscore(stddev(close, 20), 60) + decay_linear(high - low, 20))
[reward_only] iter 45/50 [OK ] reward=-93.7032  cs_rank(-1 * delta(close, 1) + ts_rank(volume, 60) + zscore(stddev(close, 20), 60))
[reward_only] iter 46/50 [OK ] reward=-77.1117  cs_rank(-1 * delta(close, 1) + ts_rank(volume, 60) + zscore(stddev(close, 20), 60) + decay_linear(high - low, 20))
[reward_only] iter 47/50 [OK ] reward=-80.8063  cs_rank(-1 * delta(close, 1) + ts_rank(volume, 60) + zscore(stddev(close, 20), 60) + (high - low))
[reward_only] iter 48/50 [OK ] reward=-80.8063  cs_rank(-1 * delta(close, 1) + ts_rank(volume, 60) + zscore(stddev(close, 20), 60) + (high - low))
[reward_only] iter 49/50 [OK ] reward=-77.1117  cs_rank(-1 * delta(close, 1) + ts_rank(volume, 60) + zscore(stddev(close, 20), 60) + decay_linear(high - low, 20))
[reward_only] iter 50/50 [OK ] reward=-77.1117  cs_rank(-1 * delta(close, 1) + ts_rank(volume, 60) + zscore(stddev(close, 20), 60) + decay_linear(high - low, 20))
[wfo:reward_only] fold 12 winner: cs_rank(-1 * delta(close, 1) + ts_rank(volume, 60) + zscore(stddev(close, 20), 60) + decay_linear(high - low, 20) + (close - vwap))
[wfo:reward_only] fold 12 OOS: Gross_IR=0.612 Turnover=136.13 Net_IR=-8.303
[wfo:reward_only] fold 13: train 2014-01-01..2018-12-31 -> test 2019-01-01..2019-12-31
[reward_only] iter  0/50 [SEED] reward=-176.0983  rank(-1 * delta(close, 1))
[reward_only] iter  1/50 [OK ] reward=-155.7047  cs_rank(-1 * (delta(close, 1) + zscore(volume, 20)))
[reward_only] iter  2/50 [OK ] reward=-117.7518  cs_rank(-1 * (delta(close, 1) + zscore(volume, 20) + decay_linear(zscore(close, 20), 10)))
[reward_only] iter  3/50 [OK ] reward=-117.7518  cs_rank(-1 * (delta(close, 1) + zscore(volume, 20) + decay_linear(zscore(close, 20), 10)))
[reward_only] iter  4/50 [OK ] reward=-117.7518  cs_rank(-1 * (delta(close, 1) + zscore(volume, 20) + decay_linear(zscore(close, 20), 10)))
[reward_only] iter  5/50 [OK ] reward=-155.7047  cs_rank(-1 * (delta(close, 1) + zscore(volume, 20)))
[reward_only] iter  6/50 [OK ] reward=-116.3774  cs_rank(-1 * (delta(close, 1) + zscore(volume, 20) + decay_linear(zscore(close, 20), 10) + cs_rank(stddev(close, 20))))
[reward_only] iter  7/50 [OK ] reward=-117.7518  cs_rank(-1 * (delta(close, 1) + zscore(volume, 20) + decay_linear(zscore(close, 20), 10)))
[reward_only] iter  8/50 [OK ] reward=-116.3774  cs_rank(-1 * (delta(close, 1) + zscore(volume, 20) + decay_linear(zscore(close, 20), 10) + cs_rank(stddev(close, 20))))
[reward_only] iter  9/50 [OK ] reward=-151.2635  cs_rank(-1 * (delta(close, 1) + zscore(volume, 20) + cs_rank(stddev(close, 20))))
[reward_only] iter 10/50 [OK ] reward=-117.7518  cs_rank(-1 * (delta(close, 1) + zscore(volume, 20) + decay_linear(zscore(close, 20), 10)))
[reward_only] iter 11/50 [OK ] reward=-117.7518  cs_rank(-1 * (delta(close, 1) + zscore(volume, 20) + decay_linear(zscore(close, 20), 10)))
[reward_only] iter 12/50 [OK ] reward=-116.3774  cs_rank(-1 * (delta(close, 1) + zscore(volume, 20) + decay_linear(zscore(close, 20), 10) + cs_rank(stddev(close, 20))))
[reward_only] iter 13/50 [OK ] reward=-117.7518  cs_rank(-1 * (delta(close, 1) + zscore(volume, 20) + decay_linear(zscore(close, 20), 10)))
[reward_only] iter 14/50 [OK ] reward=-116.3774  cs_rank(-1 * (delta(close, 1) + zscore(volume, 20) + decay_linear(zscore(close, 20), 10) + cs_rank(stddev(close, 20))))
[reward_only] iter 15/50 [OK ] reward=-117.7518  cs_rank(-1 * (delta(close, 1) + zscore(volume, 20) + decay_linear(zscore(close, 20), 10)))
[reward_only] iter 16/50 [OK ] reward=-117.7518  cs_rank(-1 * (delta(close, 1) + zscore(volume, 20) + decay_linear(zscore(close, 20), 10)))
[reward_only] iter 17/50 [OK ] reward=-117.7518  cs_rank(-1 * (delta(close, 1) + zscore(volume, 20) + decay_linear(zscore(close, 20), 10)))
[reward_only] iter 18/50 [OK ] reward=-117.7518  cs_rank(-1 * (delta(close, 1) + zscore(volume, 20) + decay_linear(zscore(close, 20), 10)))
[reward_only] iter 19/50 [OK ] reward=-117.7518  cs_rank(-1 * (delta(close, 1) + zscore(volume, 20) + decay_linear(zscore(close, 20), 10)))
[reward_only] iter 20/50 [OK ] reward=-117.7518  cs_rank(-1 * (delta(close, 1) + zscore(volume, 20) + decay_linear(zscore(close, 20), 10)))
[reward_only] iter 21/50 [OK ] reward=-116.3774  cs_rank(-1 * (delta(close, 1) + zscore(volume, 20) + decay_linear(zscore(close, 20), 10) + cs_rank(stddev(close, 20))))
[reward_only] iter 22/50 [OK ] reward=-117.7518  cs_rank(-1 * (delta(close, 1) + zscore(volume, 20) + decay_linear(zscore(close, 20), 10)))
[reward_only] iter 23/50 [OK ] reward=-116.3774  cs_rank(-1 * (delta(close, 1) + zscore(volume, 20) + decay_linear(zscore(close, 20), 10) + cs_rank(stddev(close, 20))))
[reward_only] iter 24/50 [OK ] reward=-151.2635  cs_rank(-1 * (delta(close, 1) + zscore(volume, 20) + cs_rank(stddev(close, 20))))
[reward_only] iter 25/50 [OK ] reward=-117.7518  cs_rank(-1 * (delta(close, 1) + zscore(volume, 20) + decay_linear(zscore(close, 20), 10)))
[reward_only] iter 26/50 [OK ] reward=-116.3774  cs_rank(-1 * (delta(close, 1) + zscore(volume, 20) + decay_linear(zscore(close, 20), 10) + cs_rank(stddev(close, 20))))
[reward_only] iter 27/50 [OK ] reward=-117.7518  cs_rank(-1 * (delta(close, 1) + zscore(volume, 20) + decay_linear(zscore(close, 20), 10)))
[reward_only] iter 28/50 [OK ] reward=-116.3774  cs_rank(-1 * (delta(close, 1) + zscore(volume, 20) + decay_linear(zscore(close, 20), 10) + cs_rank(stddev(close, 20))))
[reward_only] iter 29/50 [OK ] reward=-104.8332  cs_rank(-1 * (delta(close, 1) + decay_linear(zscore(close, 20), 10)))
[reward_only] iter 30/50 [OK ] reward=-103.6978  cs_rank(-1 * (delta(close, 1) + decay_linear(zscore(close, 20), 10) + cs_rank(volume)))
[reward_only] iter 31/50 [OK ] reward=-104.8332  cs_rank(-1 * (delta(close, 1) + decay_linear(zscore(close, 20), 10)))
[reward_only] iter 32/50 [OK ] reward=-103.5306  cs_rank(-1 * (delta(close, 1) + decay_linear(zscore(close, 20), 10) + cs_rank(volume * stddev(close, 20))))
[reward_only] iter 33/50 [OK ] reward=-103.7976  cs_rank(-1 * (delta(close, 1) + decay_linear(zscore(close, 20), 10) + cs_rank(volume / (volume + 1e-5))))
[reward_only] iter 34/50 [OK ] reward=-103.5306  cs_rank(-1 * (delta(close, 1) + decay_linear(zscore(close, 20), 10) + cs_rank(volume * stddev(close, 20))))
[reward_only] iter 35/50 [OK ] reward=-97.6754  cs_rank(-1 * (delta(close, 1) + decay_linear(zscore(close, 20), 10) + cs_rank(volume * zscore(close, 20))))
[reward_only] iter 36/50 [OK ] reward=-103.6978  cs_rank(-1 * (delta(close, 1) + decay_linear(zscore(close, 20), 10) + cs_rank(volume)))
[reward_only] iter 37/50 [OK ] reward=-104.8332  cs_rank(-1 * (delta(close, 1) + decay_linear(zscore(close, 20), 10)))
[reward_only] iter 38/50 [OK ] reward=-78.6533  cs_rank(-1 * (delta(close, 1) + decay_linear(zscore(close, 20), 10) + cs_rank(volume * zscore(close, 20)) + zscore(vwap, 20)))
[reward_only] iter 39/50 [OK ] reward=-97.6754  cs_rank(-1 * (delta(close, 1) + decay_linear(zscore(close, 20), 10) + cs_rank(volume * zscore(close, 20))))
[reward_only] iter 40/50 [OK ] reward=-97.6754  cs_rank(-1 * (delta(close, 1) + decay_linear(zscore(close, 20), 10) + cs_rank(volume * zscore(close, 20))))
[reward_only] iter 41/50 [OK ] reward=-105.1333  cs_rank(-1 * (delta(close, 1) + decay_linear(zscore(close, 20), 10) + cs_rank(volume * zscore(close, 20)) / (stddev(volume, 20) + 1e-5)))
[reward_only] iter 42/50 [OK ] reward=-97.6754  cs_rank(-1 * (delta(close, 1) + decay_linear(zscore(close, 20), 10) + cs_rank(volume * zscore(close, 20))))
[reward_only] iter 43/50 [OK ] reward=-78.6533  cs_rank(-1 * (delta(close, 1) + decay_linear(zscore(close, 20), 10) + cs_rank(volume * zscore(close, 20)) + zscore(vwap, 20)))
[reward_only] iter 44/50 [OK ] reward=-97.6754  cs_rank(-1 * (delta(close, 1) + decay_linear(zscore(close, 20), 10) + cs_rank(volume * zscore(close, 20))))
[reward_only] iter 45/50 [OK ] reward=-97.6754  cs_rank(-1 * (delta(close, 1) + decay_linear(zscore(close, 20), 10) + cs_rank(volume * zscore(close, 20))))
[reward_only] iter 46/50 [OK ] reward=-97.6754  cs_rank(-1 * (delta(close, 1) + decay_linear(zscore(close, 20), 10) + cs_rank(volume * zscore(close, 20))))
[reward_only] iter 47/50 [OK ] reward=-97.6754  cs_rank(-1 * (delta(close, 1) + decay_linear(zscore(close, 20), 10) + cs_rank(volume * zscore(close, 20))))
[reward_only] iter 48/50 [OK ] reward=-78.6533  cs_rank(-1 * (delta(close, 1) + decay_linear(zscore(close, 20), 10) + cs_rank(volume * zscore(close, 20)) + zscore(vwap, 20)))
[reward_only] iter 49/50 [OK ] reward=-80.7959  cs_rank(-1 * (delta(close, 1) + decay_linear(zscore(close, 20), 10) + zscore(vwap, 20)))
[reward_only] iter 50/50 [OK ] reward=-80.7959  cs_rank(-1 * (delta(close, 1) + decay_linear(zscore(close, 20), 10) + zscore(vwap, 20)))
[wfo:reward_only] fold 13 winner: cs_rank(-1 * (delta(close, 1) + decay_linear(zscore(close, 20), 10) + cs_rank(volume * zscore(close, 20)) + zscore(vwap, 20)))
[wfo:reward_only] fold 13 OOS: Gross_IR=1.052 Turnover=179.45 Net_IR=-8.659
[wfo:reward_only] fold 14: train 2015-01-01..2019-12-31 -> test 2020-01-01..2020-12-31
[reward_only] iter  0/50 [SEED] reward=-175.4557  rank(-1 * delta(close, 1))
[reward_only] iter  1/50 [OK ] reward=-164.5986  cs_rank((-1 * delta(close, 1)) + (zscore(volume, 20) / (abs(zscore(volume, 20)) + 1e-5)))
[reward_only] iter  2/50 [OK ] reward=-164.5986  cs_rank((-1 * delta(close, 1)) + (zscore(volume, 20) / (abs(zscore(volume, 20)) + 1e-5)))
[reward_only] iter  3/50 [OK ] reward=-164.5986  cs_rank((-1 * delta(close, 1)) + (zscore(volume, 20) / (abs(zscore(volume, 20)) + 1e-5)))
[reward_only] iter  4/50 [OK ] reward=-155.8194  cs_rank((-1 * delta(close, 1)) + zscore(volume, 20))
[reward_only] iter  5/50 [OK ] reward=-153.6551  cs_rank((-1 * delta(close, 1)) + zscore(volume, 20) + decay_linear(cs_rank(vwap - close), 5))
[reward_only] iter  6/50 [OK ] reward=-155.8194  cs_rank((-1 * delta(close, 1)) + zscore(volume, 20))
[reward_only] iter  7/50 [OK ] reward=-153.5865  cs_rank((-1 * delta(close, 1)) + zscore(volume, 20) + decay_linear(cs_rank(vwap - close), 5) + ts_rank(close, 20))
[reward_only] iter  8/50 [OK ] reward=-153.6551  cs_rank((-1 * delta(close, 1)) + zscore(volume, 20) + decay_linear(cs_rank(vwap - close), 5))
[reward_only] iter  9/50 [OK ] reward=-153.6551  cs_rank((-1 * delta(close, 1)) + zscore(volume, 20) + decay_linear(cs_rank(vwap - close), 5))
[reward_only] iter 10/50 [OK ] reward=-153.6551  cs_rank((-1 * delta(close, 1)) + zscore(volume, 20) + decay_linear(cs_rank(vwap - close), 5))
[reward_only] iter 11/50 [OK ] reward=-153.6551  cs_rank((-1 * delta(close, 1)) + zscore(volume, 20) + decay_linear(cs_rank(vwap - close), 5))
[reward_only] iter 12/50 [OK ] reward=-153.6551  cs_rank((-1 * delta(close, 1)) + zscore(volume, 20) + decay_linear(cs_rank(vwap - close), 5))
[reward_only] iter 13/50 [OK ] reward=-153.6551  cs_rank((-1 * delta(close, 1)) + zscore(volume, 20) + decay_linear(cs_rank(vwap - close), 5))
[reward_only] iter 14/50 [OK ] reward=-153.6551  cs_rank((-1 * delta(close, 1)) + zscore(volume, 20) + decay_linear(cs_rank(vwap - close), 5))
[reward_only] iter 15/50 [OK ] reward=-153.6551  cs_rank((-1 * delta(close, 1)) + zscore(volume, 20) + decay_linear(cs_rank(vwap - close), 5))
[reward_only] iter 16/50 [OK ] reward=-153.6551  cs_rank((-1 * delta(close, 1)) + zscore(volume, 20) + decay_linear(cs_rank(vwap - close), 5))
[reward_only] iter 17/50 [OK ] reward=-153.6551  cs_rank((-1 * delta(close, 1)) + zscore(volume, 20) + decay_linear(cs_rank(vwap - close), 5))
[reward_only] iter 18/50 [OK ] reward=-153.6551  cs_rank((-1 * delta(close, 1)) + zscore(volume, 20) + decay_linear(cs_rank(vwap - close), 5))
[reward_only] iter 19/50 [OK ] reward=-153.6551  cs_rank((-1 * delta(close, 1)) + zscore(volume, 20) + decay_linear(cs_rank(vwap - close), 5))
[reward_only] iter 20/50 [OK ] reward=-153.6551  cs_rank((-1 * delta(close, 1)) + zscore(volume, 20) + decay_linear(cs_rank(vwap - close), 5))
[reward_only] iter 21/50 [OK ] reward=-153.6551  cs_rank((-1 * delta(close, 1)) + zscore(volume, 20) + decay_linear(cs_rank(vwap - close), 5))
[reward_only] iter 22/50 [OK ] reward=-153.6551  cs_rank((-1 * delta(close, 1)) + zscore(volume, 20) + decay_linear(cs_rank(vwap - close), 5))
[reward_only] iter 23/50 [OK ] reward=-153.6551  cs_rank((-1 * delta(close, 1)) + zscore(volume, 20) + decay_linear(cs_rank(vwap - close), 5))
[reward_only] iter 24/50 [OK ] reward=-153.6551  cs_rank((-1 * delta(close, 1)) + zscore(volume, 20) + decay_linear(cs_rank(vwap - close), 5))
[reward_only] iter 25/50 [OK ] reward=-153.6551  cs_rank((-1 * delta(close, 1)) + zscore(volume, 20) + decay_linear(cs_rank(vwap - close), 5))
[reward_only] iter 26/50 [OK ] reward=-153.6551  cs_rank((-1 * delta(close, 1)) + zscore(volume, 20) + decay_linear(cs_rank(vwap - close), 5))
[reward_only] iter 27/50 [OK ] reward=-153.6551  cs_rank((-1 * delta(close, 1)) + zscore(volume, 20) + decay_linear(cs_rank(vwap - close), 5))
[reward_only] iter 28/50 [OK ] reward=-153.6551  cs_rank((-1 * delta(close, 1)) + zscore(volume, 20) + decay_linear(cs_rank(vwap - close), 5))
[reward_only] iter 29/50 [OK ] reward=-153.6551  cs_rank((-1 * delta(close, 1)) + zscore(volume, 20) + decay_linear(cs_rank(vwap - close), 5))
[reward_only] iter 30/50 [OK ] reward=-153.6551  cs_rank((-1 * delta(close, 1)) + zscore(volume, 20) + decay_linear(cs_rank(vwap - close), 5))
[reward_only] iter 31/50 [OK ] reward=-153.6551  cs_rank((-1 * delta(close, 1)) + zscore(volume, 20) + decay_linear(cs_rank(vwap - close), 5))
[reward_only] iter 32/50 [OK ] reward=-153.6551  cs_rank((-1 * delta(close, 1)) + zscore(volume, 20) + decay_linear(cs_rank(vwap - close), 5))
[reward_only] iter 33/50 [OK ] reward=-153.6551  cs_rank((-1 * delta(close, 1)) + zscore(volume, 20) + decay_linear(cs_rank(vwap - close), 5))
[reward_only] iter 34/50 [OK ] reward=-153.6551  cs_rank((-1 * delta(close, 1)) + zscore(volume, 20) + decay_linear(cs_rank(vwap - close), 5))
[reward_only] iter 35/50 [OK ] reward=-153.6551  cs_rank((-1 * delta(close, 1)) + zscore(volume, 20) + decay_linear(cs_rank(vwap - close), 5))
[reward_only] iter 36/50 [OK ] reward=-153.6551  cs_rank((-1 * delta(close, 1)) + zscore(volume, 20) + decay_linear(cs_rank(vwap - close), 5))
[reward_only] iter 37/50 [OK ] reward=-153.6551  cs_rank((-1 * delta(close, 1)) + zscore(volume, 20) + decay_linear(cs_rank(vwap - close), 5))
[reward_only] iter 38/50 [OK ] reward=-153.6551  cs_rank((-1 * delta(close, 1)) + zscore(volume, 20) + decay_linear(cs_rank(vwap - close), 5))
[reward_only] iter 39/50 [OK ] reward=-153.6551  cs_rank((-1 * delta(close, 1)) + zscore(volume, 20) + decay_linear(cs_rank(vwap - close), 5))
[reward_only] iter 40/50 [OK ] reward=-153.6551  cs_rank((-1 * delta(close, 1)) + zscore(volume, 20) + decay_linear(cs_rank(vwap - close), 5))
[reward_only] iter 41/50 [OK ] reward=-153.6551  cs_rank((-1 * delta(close, 1)) + zscore(volume, 20) + decay_linear(cs_rank(vwap - close), 5))
[reward_only] iter 42/50 [OK ] reward=-153.6551  cs_rank((-1 * delta(close, 1)) + zscore(volume, 20) + decay_linear(cs_rank(vwap - close), 5))
[reward_only] iter 43/50 [OK ] reward=-153.6551  cs_rank((-1 * delta(close, 1)) + zscore(volume, 20) + decay_linear(cs_rank(vwap - close), 5))
[reward_only] iter 44/50 [OK ] reward=-153.6551  cs_rank((-1 * delta(close, 1)) + zscore(volume, 20) + decay_linear(cs_rank(vwap - close), 5))
[reward_only] iter 45/50 [OK ] reward=-161.2276  cs_rank((-1 * delta(close, 1)) + zscore(volume, 20) + cs_rank(vwap - close))
[reward_only] iter 46/50 [OK ] reward=-153.6551  cs_rank((-1 * delta(close, 1)) + zscore(volume, 20) + decay_linear(cs_rank(vwap - close), 5))
[reward_only] iter 47/50 [OK ] reward=-153.6551  cs_rank((-1 * delta(close, 1)) + zscore(volume, 20) + decay_linear(cs_rank(vwap - close), 5))
[reward_only] iter 48/50 [OK ] reward=-153.6551  cs_rank((-1 * delta(close, 1)) + zscore(volume, 20) + decay_linear(cs_rank(vwap - close), 5))
[reward_only] iter 49/50 [OK ] reward=-153.6551  cs_rank((-1 * delta(close, 1)) + zscore(volume, 20) + decay_linear(cs_rank(vwap - close), 5))
[reward_only] iter 50/50 [OK ] reward=-153.6551  cs_rank((-1 * delta(close, 1)) + zscore(volume, 20) + decay_linear(cs_rank(vwap - close), 5))
[wfo:reward_only] fold 14 winner: cs_rank((-1 * delta(close, 1)) + zscore(volume, 20) + decay_linear(cs_rank(vwap - close), 5) + ts_rank(close, 20))
[wfo:reward_only] fold 14 OOS: Gross_IR=0.174 Turnover=317.62 Net_IR=-11.287
[wfo:reward_only] fold 15: train 2016-01-01..2020-12-31 -> test 2021-01-01..2021-12-31
[reward_only] iter  0/50 [SEED] reward=-176.6772  rank(-1 * delta(close, 1))
[reward_only] iter  1/50 [OK ] reward=-181.0215  cs_rank((-1 * delta(close, 1)) / (stddev(close, 20) + 1e-5))
[reward_only] iter  2/50 [OK ] reward=-181.0215  cs_rank((-1 * delta(close, 1)) / (stddev(close, 20) + 1e-5))
[reward_only] iter  3/50 [OK ] reward=-183.2594  cs_rank((-1 * delta(close, 1)) / (stddev(close, 20) + 1e-5)) + cs_rank(vwap - close)
[reward_only] iter  4/50 [OK ] reward=-181.0215  rank((-1 * delta(close, 1)) / (stddev(close, 20) + 1e-5))
[reward_only] iter  5/50 [OK ] reward=-179.2172  rank((-1 * delta(close, 1)) / (cs_rank(stddev(close, 20)) + 1e-5))
[reward_only] iter  6/50 [OK ] reward=-133.5775  rank((-1 * delta(close, 1)) / (cs_rank(stddev(close, 20)) + 1e-5)) * cs_rank(volume)
[reward_only] iter  7/50 [OK ] reward=-179.2172  rank((-1 * delta(close, 1)) / (cs_rank(stddev(close, 20)) + 1e-5))
[reward_only] iter  8/50 [OK ] reward=-128.6904  rank((-1 * delta(close, 1)) / (cs_rank(stddev(close, 20)) + 1e-5)) * cs_rank(sma(volume, 20))
[reward_only] iter  9/50 [OK ] reward=-133.5775  rank((-1 * delta(close, 1)) / (cs_rank(stddev(close, 20)) + 1e-5)) * cs_rank(volume)
[reward_only] iter 10/50 [OK ] reward=-133.5775  rank((-1 * delta(close, 1)) / (cs_rank(stddev(close, 20)) + 1e-5)) * cs_rank(volume)
[reward_only] iter 11/50 [OK ] reward=-179.2172  rank((-1 * delta(close, 1)) / (cs_rank(stddev(close, 20)) + 1e-5))
[reward_only] iter 12/50 [ERR] reward=    -inf  rank((-1 * delta(close, 1)) / (cs_rank(stddev(close, 20)) + 1e-5)) * cs_rank(sma(volume, 20)) * cs_rank(close / vwap)
[reward_only] iter 13/50 [OK ] reward=-140.4688  rank((-1 * delta(close, 1)) / (cs_rank(stddev(close, 20)) + 1e-5)) * cs_rank(sma(volume, 20)) * cs_rank(close / (vwap + 1e-5))
[reward_only] iter 14/50 [OK ] reward=-128.6904  rank((-1 * delta(close, 1)) / (cs_rank(stddev(close, 20)) + 1e-5)) * cs_rank(sma(volume, 20))
[reward_only] iter 15/50 [OK ] reward=-133.5775  rank((-1 * delta(close, 1)) / (cs_rank(stddev(close, 20)) + 1e-5)) * cs_rank(volume)
[reward_only] iter 16/50 [OK ] reward=-128.6904  rank((-1 * delta(close, 1)) / (cs_rank(stddev(close, 20)) + 1e-5)) * cs_rank(sma(volume, 20))
[reward_only] iter 17/50 [OK ] reward=-179.2172  rank((-1 * delta(close, 1)) / (cs_rank(stddev(close, 20)) + 1e-5))
[reward_only] iter 18/50 [OK ] reward=-140.0585  rank((-1 * delta(close, 1)) / (cs_rank(stddev(close, 20)) + 1e-5)) * cs_rank(sma(volume, 20)) * cs_rank(high - low)
[reward_only] iter 19/50 [OK ] reward=-128.6904  rank((-1 * delta(close, 1)) / (cs_rank(stddev(close, 20)) + 1e-5)) * cs_rank(sma(volume, 20))
[reward_only] iter 20/50 [OK ] reward=-130.3666  rank((-1 * delta(close, 1)) / (stddev(close, 20) + 1e-5)) * cs_rank(sma(volume, 20))
[reward_only] iter 21/50 [OK ] reward=-135.1818  rank((-1 * delta(close, 1)) / (stddev(close, 20) + 1e-5)) * cs_rank(volume)
[reward_only] iter 22/50 [OK ] reward=-133.5775  rank((-1 * delta(close, 1)) / (cs_rank(stddev(close, 20)) + 1e-5)) * cs_rank(volume)
[reward_only] iter 23/50 [OK ] reward=-128.6904  rank((-1 * delta(close, 1)) / (cs_rank(stddev(close, 20)) + 1e-5)) * cs_rank(sma(volume, 20))
[reward_only] iter 24/50 [OK ] reward=-133.5775  rank((-1 * delta(close, 1)) / (cs_rank(stddev(close, 20)) + 1e-5)) * cs_rank(volume)
[reward_only] iter 25/50 [OK ] reward=-179.2172  rank((-1 * delta(close, 1)) / (cs_rank(stddev(close, 20)) + 1e-5))
[reward_only] iter 26/50 [OK ] reward=-117.4099  rank((-1 * delta(close, 1)) / (cs_rank(stddev(close, 20)) + 1e-5)) * cs_rank(sma(volume, 20)) * ts_rank(vwap, 20)
[reward_only] iter 27/50 [OK ] reward=-128.6904  rank((-1 * delta(close, 1)) / (cs_rank(stddev(close, 20)) + 1e-5)) * cs_rank(sma(volume, 20))
[reward_only] iter 28/50 [OK ] reward=-146.6226  rank((-1 * delta(close, 1)) / (cs_rank(stddev(close, 20)) + 1e-5)) * ts_rank(vwap, 20)
[reward_only] iter 29/50 [OK ] reward=-133.5775  rank((-1 * delta(close, 1)) / (cs_rank(stddev(close, 20)) + 1e-5)) * cs_rank(volume)
[reward_only] iter 30/50 [OK ] reward=-128.6904  rank((-1 * delta(close, 1)) / (cs_rank(stddev(close, 20)) + 1e-5)) * cs_rank(sma(volume, 20))
[reward_only] iter 31/50 [OK ] reward=-128.6904  rank((-1 * delta(close, 1)) / (cs_rank(stddev(close, 20)) + 1e-5)) * cs_rank(sma(volume, 20))
[reward_only] iter 32/50 [OK ] reward=-128.6904  rank((-1 * delta(close, 1)) / (cs_rank(stddev(close, 20)) + 1e-5)) * cs_rank(sma(volume, 20))
[reward_only] iter 33/50 [OK ] reward=-117.4099  rank((-1 * delta(close, 1)) / (cs_rank(stddev(close, 20)) + 1e-5)) * cs_rank(sma(volume, 20)) * ts_rank(vwap, 20)
[reward_only] iter 34/50 [OK ] reward=-128.6904  rank((-1 * delta(close, 1)) / (cs_rank(stddev(close, 20)) + 1e-5)) * cs_rank(sma(volume, 20))
[reward_only] iter 35/50 [OK ] reward=-128.6904  rank((-1 * delta(close, 1)) / (cs_rank(stddev(close, 20)) + 1e-5)) * cs_rank(sma(volume, 20))
[reward_only] iter 36/50 [OK ] reward=-117.4099  rank((-1 * delta(close, 1)) / (cs_rank(stddev(close, 20)) + 1e-5)) * cs_rank(sma(volume, 20)) * ts_rank(vwap, 20)
[reward_only] iter 37/50 [OK ] reward=-128.6904  rank((-1 * delta(close, 1)) / (cs_rank(stddev(close, 20)) + 1e-5)) * cs_rank(sma(volume, 20))
[reward_only] iter 38/50 [OK ] reward=-128.6904  rank((-1 * delta(close, 1)) / (cs_rank(stddev(close, 20)) + 1e-5)) * cs_rank(sma(volume, 20))
[reward_only] iter 39/50 [OK ] reward=-128.6904  rank((-1 * delta(close, 1)) / (cs_rank(stddev(close, 20)) + 1e-5)) * cs_rank(sma(volume, 20))
[reward_only] iter 40/50 [OK ] reward=-146.6226  rank((-1 * delta(close, 1)) / (cs_rank(stddev(close, 20)) + 1e-5)) * ts_rank(vwap, 20)
[reward_only] iter 41/50 [OK ] reward=-120.7613  rank((-1 * delta(close, 1)) / (cs_rank(stddev(close, 20)) + 1e-5)) * cs_rank(volume) * ts_rank(vwap, 20)
[reward_only] iter 42/50 [OK ] reward=-133.5775  rank((-1 * delta(close, 1)) / (cs_rank(stddev(close, 20)) + 1e-5)) * cs_rank(volume)
[reward_only] iter 43/50 [OK ] reward=-120.7613  rank((-1 * delta(close, 1)) / (cs_rank(stddev(close, 20)) + 1e-5)) * cs_rank(volume) * ts_rank(vwap, 20)
[reward_only] iter 44/50 [OK ] reward=-120.7613  rank((-1 * delta(close, 1)) / (cs_rank(stddev(close, 20)) + 1e-5)) * cs_rank(volume) * ts_rank(vwap, 20)
[reward_only] iter 45/50 [OK ] reward=-128.6904  rank((-1 * delta(close, 1)) / (cs_rank(stddev(close, 20)) + 1e-5)) * cs_rank(sma(volume, 20))
[reward_only] iter 46/50 [OK ] reward=-128.6904  rank((-1 * delta(close, 1)) / (cs_rank(stddev(close, 20)) + 1e-5)) * cs_rank(sma(volume, 20))
[reward_only] iter 47/50 [OK ] reward=-128.6904  rank((-1 * delta(close, 1)) / (cs_rank(stddev(close, 20)) + 1e-5)) * cs_rank(sma(volume, 20))
[reward_only] iter 48/50 [OK ] reward=-128.6904  rank((-1 * delta(close, 1)) / (cs_rank(stddev(close, 20)) + 1e-5)) * cs_rank(sma(volume, 20))
[reward_only] iter 49/50 [OK ] reward=-128.6904  rank((-1 * delta(close, 1)) / (cs_rank(stddev(close, 20)) + 1e-5)) * cs_rank(sma(volume, 20))
[reward_only] iter 50/50 [OK ] reward=-128.6904  rank((-1 * delta(close, 1)) / (cs_rank(stddev(close, 20)) + 1e-5)) * cs_rank(sma(volume, 20))
[wfo:reward_only] fold 15 winner: rank((-1 * delta(close, 1)) / (cs_rank(stddev(close, 20)) + 1e-5)) * cs_rank(sma(volume, 20)) * ts_rank(vwap, 20)
[wfo:reward_only] fold 15 OOS: Gross_IR=0.551 Turnover=200.86 Net_IR=-7.110
[wfo:reward_only] fold 16: train 2017-01-01..2021-12-31 -> test 2022-01-01..2022-12-31
[reward_only] iter  0/50 [SEED] reward=-175.2996  rank(-1 * delta(close, 1))
[reward_only] iter  1/50 [OK ] reward=-43.7602  cs_rank(-1 * (close - sma(close, 20)))
[reward_only] iter  2/50 [OK ] reward=-59.3049  cs_rank(-1 * (close - sma(close, 20)) / (stddev(close, 20) + 1e-5))
[reward_only] iter  3/50 [ERR] reward=    -inf  cs_rank((close - open) / (high - low) + sma(volume, 20))
[reward_only] iter  4/50 [OK ] reward=-45.3531  cs_rank(-1 * (close - sma(close, 20)) + ts_rank(vwap, 20))
[reward_only] iter  5/50 [OK ] reward=-47.5000  cs_rank(-1 * (close - sma(close, 20)) + decay_linear(ts_rank(vwap, 20), 5))
[reward_only] iter  6/50 [OK ] reward=-47.1155  cs_rank(-1 * (close - sma(close, 20)) + decay_linear(ts_rank(vwap, 20), 10))
[reward_only] iter  7/50 [OK ] reward=-44.2966  cs_rank(-1 * (close - sma(close, 20)) + decay_linear(cs_rank(vwap), 10))
[reward_only] iter  8/50 [OK ] reward=-42.7873  cs_rank(-1 * (close - sma(close, 20)) + decay_linear(zscore(volume, 60), 20))
[reward_only] iter  9/50 [OK ] reward=-43.4683  cs_rank(-1 * (close - sma(close, 20)) + decay_linear(zscore(volume, 60), 20) + cs_rank(stddev(close, 60)))
[reward_only] iter 10/50 [OK ] reward=-42.7873  cs_rank(-1 * (close - sma(close, 20)) + decay_linear(zscore(volume, 60), 20))
[reward_only] iter 11/50 [OK ] reward=-43.4683  cs_rank(-1 * (close - sma(close, 20)) + decay_linear(zscore(volume, 60), 20) + cs_rank(stddev(close, 60)))
[reward_only] iter 12/50 [OK ] reward=-42.7873  cs_rank(-1 * (close - sma(close, 20)) + decay_linear(zscore(volume, 60), 20))
[reward_only] iter 13/50 [OK ] reward=-43.4683  cs_rank(-1 * (close - sma(close, 20)) + decay_linear(zscore(volume, 60), 20) + cs_rank(stddev(close, 60)))
[reward_only] iter 14/50 [OK ] reward=-42.7873  cs_rank(-1 * (close - sma(close, 20)) + decay_linear(zscore(volume, 60), 20))
[reward_only] iter 15/50 [OK ] reward=-42.8897  cs_rank(-1 * (close - sma(close, 20)) + decay_linear(zscore(volume, 60), 20) + ts_rank(stddev(close, 60), 60))
[reward_only] iter 16/50 [OK ] reward=-42.7873  cs_rank(-1 * (close - sma(close, 20)) + decay_linear(zscore(volume, 60), 20))
[reward_only] iter 17/50 [OK ] reward=-42.8897  cs_rank(-1 * (close - sma(close, 20)) + decay_linear(zscore(volume, 60), 20) + ts_rank(stddev(close, 60), 60))
[reward_only] iter 18/50 [OK ] reward=-43.4683  cs_rank(-1 * (close - sma(close, 20)) + decay_linear(zscore(volume, 60), 20) + cs_rank(stddev(close, 60)))
[reward_only] iter 19/50 [OK ] reward=-42.7873  cs_rank(-1 * (close - sma(close, 20)) + decay_linear(zscore(volume, 60), 20))
[reward_only] iter 20/50 [OK ] reward=-43.4683  cs_rank(-1 * (close - sma(close, 20)) + decay_linear(zscore(volume, 60), 20) + cs_rank(stddev(close, 60)))
[reward_only] iter 21/50 [OK ] reward=-43.4683  cs_rank(-1 * (close - sma(close, 20)) + decay_linear(zscore(volume, 60), 20) + cs_rank(stddev(close, 60)))
[reward_only] iter 22/50 [OK ] reward=-42.7873  cs_rank(-1 * (close - sma(close, 20)) + decay_linear(zscore(volume, 60), 20))
[reward_only] iter 23/50 [OK ] reward=-43.4683  cs_rank(-1 * (close - sma(close, 20)) + decay_linear(zscore(volume, 60), 20) + cs_rank(stddev(close, 60)))
[reward_only] iter 24/50 [OK ] reward=-42.7873  cs_rank(-1 * (close - sma(close, 20)) + decay_linear(zscore(volume, 60), 20))
[reward_only] iter 25/50 [OK ] reward=-43.4683  cs_rank(-1 * (close - sma(close, 20)) + decay_linear(zscore(volume, 60), 20) + cs_rank(stddev(close, 60)))
[reward_only] iter 26/50 [OK ] reward=-42.7873  cs_rank(-1 * (close - sma(close, 20)) + decay_linear(zscore(volume, 60), 20))
[reward_only] iter 27/50 [OK ] reward=-42.8897  cs_rank(-1 * (close - sma(close, 20)) + decay_linear(zscore(volume, 60), 20) + ts_rank(stddev(close, 60), 60))
[reward_only] iter 28/50 [OK ] reward=-42.7873  cs_rank(-1 * (close - sma(close, 20)) + decay_linear(zscore(volume, 60), 20))
[reward_only] iter 29/50 [OK ] reward=-43.4683  cs_rank(-1 * (close - sma(close, 20)) + decay_linear(zscore(volume, 60), 20) + cs_rank(stddev(close, 60)))
[reward_only] iter 30/50 [OK ] reward=-43.2935  cs_rank(-1 * (close - sma(close, 20)) + decay_linear(zscore(volume, 60), 20) * cs_rank(stddev(close, 60)))
[reward_only] iter 31/50 [OK ] reward=-42.7873  cs_rank(-1 * (close - sma(close, 20)) + decay_linear(zscore(volume, 60), 20))
[reward_only] iter 32/50 [OK ] reward=-43.4683  cs_rank(-1 * (close - sma(close, 20)) + decay_linear(zscore(volume, 60), 20) + cs_rank(stddev(close, 60)))
[reward_only] iter 33/50 [OK ] reward=-43.6183  cs_rank(-1 * (close - sma(close, 20)) + decay_linear(zscore(volume, 60), 20) + cs_rank(stddev(close, 60) / (stddev(close, 60) + 1e-5)))
[reward_only] iter 34/50 [OK ] reward=-42.7873  cs_rank(-1 * (close - sma(close, 20)) + decay_linear(zscore(volume, 60), 20))
[reward_only] iter 35/50 [OK ] reward=-43.4683  cs_rank(-1 * (close - sma(close, 20)) + decay_linear(zscore(volume, 60), 20) + cs_rank(stddev(close, 60)))
[reward_only] iter 36/50 [OK ] reward=-43.4683  cs_rank(-1 * (close - sma(close, 20)) + decay_linear(zscore(volume, 60), 20) + cs_rank(stddev(close, 60)))
[reward_only] iter 37/50 [OK ] reward=-43.4683  cs_rank(-1 * (close - sma(close, 20)) + decay_linear(zscore(volume, 60), 20) + cs_rank(stddev(close, 60)))
[reward_only] iter 38/50 [ERR] reward=    -inf  cs_rank(-1 * (close - sma(close, 20)) + decay_linear(zscore(volume, 60), 20) + cs_rank((high - low) / (high + low)))
[reward_only] iter 39/50 [OK ] reward=-44.9415  cs_rank(-1 * (close - sma(close, 20)) + decay_linear(zscore(volume, 60), 20) + cs_rank((high - low) / (high + low + 1e-5)))
[reward_only] iter 40/50 [OK ] reward=-44.9415  cs_rank(-1 * (close - sma(close, 20)) + decay_linear(zscore(volume, 60), 20) + cs_rank((high - low) / (high + low + 1e-5)))
[reward_only] iter 41/50 [OK ] reward=-42.7873  cs_rank(-1 * (close - sma(close, 20)) + decay_linear(zscore(volume, 60), 20))
[reward_only] iter 42/50 [OK ] reward=-43.4683  cs_rank(-1 * (close - sma(close, 20)) + decay_linear(zscore(volume, 60), 20) + cs_rank(stddev(close, 60)))
[reward_only] iter 43/50 [OK ] reward=-42.7873  cs_rank(-1 * (close - sma(close, 20)) + decay_linear(zscore(volume, 60), 20))
[reward_only] iter 44/50 [OK ] reward=-43.4683  cs_rank(-1 * (close - sma(close, 20)) + decay_linear(zscore(volume, 60), 20) + cs_rank(stddev(close, 60)))
[reward_only] iter 45/50 [OK ] reward=-43.4683  cs_rank(-1 * (close - sma(close, 20)) + decay_linear(zscore(volume, 60), 20) + cs_rank(stddev(close, 60)))
[reward_only] iter 46/50 [OK ] reward=-42.7873  cs_rank(-1 * (close - sma(close, 20)) + decay_linear(zscore(volume, 60), 20))
[reward_only] iter 47/50 [OK ] reward=-43.4683  cs_rank(-1 * (close - sma(close, 20)) + decay_linear(zscore(volume, 60), 20) + cs_rank(stddev(close, 60)))
[reward_only] iter 48/50 [OK ] reward=-42.7873  cs_rank(-1 * (close - sma(close, 20)) + decay_linear(zscore(volume, 60), 20))
[reward_only] iter 49/50 [OK ] reward=-43.4683  cs_rank(-1 * (close - sma(close, 20)) + decay_linear(zscore(volume, 60), 20) + cs_rank(stddev(close, 60)))
[reward_only] iter 50/50 [OK ] reward=-43.4683  cs_rank(-1 * (close - sma(close, 20)) + decay_linear(zscore(volume, 60), 20) + cs_rank(stddev(close, 60)))
[wfo:reward_only] fold 16 winner: cs_rank(-1 * (close - sma(close, 20)) + decay_linear(zscore(volume, 60), 20))
[wfo:reward_only] fold 16 OOS: Gross_IR=0.920 Turnover=83.87 Net_IR=-1.723
[wfo:reward_only] fold 17: train 2018-01-01..2022-12-31 -> test 2023-01-01..2023-12-31
[reward_only] iter  0/50 [SEED] reward=-175.6499  rank(-1 * delta(close, 1))
[reward_only] iter  1/50 [OK ] reward=-181.4248  cs_rank(-1 * (delta(close, 1) / (close + 1e-5)))
[reward_only] iter  2/50 [OK ] reward=-181.4248  cs_rank(-1 * (delta(close, 1) / (close + 1e-5)))
[reward_only] iter  3/50 [OK ] reward=-135.5681  cs_rank(-1 * (delta(close, 1) / (close + 1e-5))) + cs_rank(stddev(close, 20))
[reward_only] iter  4/50 [OK ] reward=-134.8001  cs_rank(-1 * (delta(close, 1) / (close + 1e-5))) + cs_rank(volume / (vwap + 1e-5))
[reward_only] iter  5/50 [OK ] reward=-181.4248  cs_rank(-1 * (delta(close, 1) / (close + 1e-5)))
[reward_only] iter  6/50 [OK ] reward=-124.6645  cs_rank(-1 * (delta(close, 1) / (close + 1e-5))) + cs_rank(volume / (vwap + 1e-5)) + cs_rank((high - low) / (high + low + 1e-5))
[reward_only] iter  7/50 [OK ] reward=-134.8001  cs_rank(-1 * (delta(close, 1) / (close + 1e-5))) + cs_rank(volume / (vwap + 1e-5))
[reward_only] iter  8/50 [OK ] reward=-124.6645  cs_rank(-1 * (delta(close, 1) / (close + 1e-5))) + cs_rank(volume / (vwap + 1e-5)) + cs_rank((high - low) / (high + low + 1e-5))
[reward_only] iter  9/50 [OK ] reward=-134.8001  cs_rank(-1 * (delta(close, 1) / (close + 1e-5))) + cs_rank(volume / (vwap + 1e-5))
[reward_only] iter 10/50 [OK ] reward=-134.8001  cs_rank(-1 * (delta(close, 1) / (close + 1e-5))) + cs_rank(volume / (vwap + 1e-5))
[reward_only] iter 11/50 [OK ] reward=-134.8001  cs_rank(-1 * (delta(close, 1) / (close + 1e-5))) + cs_rank(volume / (vwap + 1e-5))
[reward_only] iter 12/50 [OK ] reward=-134.8001  cs_rank(-1 * (delta(close, 1) / (close + 1e-5))) + cs_rank(volume / (vwap + 1e-5))
[reward_only] iter 13/50 [OK ] reward=-134.8001  cs_rank(-1 * (delta(close, 1) / (close + 1e-5))) + cs_rank(volume / (vwap + 1e-5))
[reward_only] iter 14/50 [OK ] reward=-134.8001  cs_rank(-1 * (delta(close, 1) / (close + 1e-5))) + cs_rank(volume / (vwap + 1e-5))
[reward_only] iter 15/50 [OK ] reward=-124.6645  cs_rank(-1 * (delta(close, 1) / (close + 1e-5))) + cs_rank(volume / (vwap + 1e-5)) + cs_rank((high - low) / (high + low + 1e-5))
[reward_only] iter 16/50 [OK ] reward=-134.8001  cs_rank(-1 * (delta(close, 1) / (close + 1e-5))) + cs_rank(volume / (vwap + 1e-5))
[reward_only] iter 17/50 [OK ] reward=-134.8001  cs_rank(-1 * (delta(close, 1) / (close + 1e-5))) + cs_rank(volume / (vwap + 1e-5))
[reward_only] iter 18/50 [OK ] reward=-164.4790  cs_rank(-1 * (delta(close, 1) / (close + 1e-5))) + cs_rank((high - low) / (high + low + 1e-5))
[reward_only] iter 19/50 [OK ] reward=-134.8001  cs_rank(-1 * (delta(close, 1) / (close + 1e-5))) + cs_rank(volume / (vwap + 1e-5))
[reward_only] iter 20/50 [OK ] reward=-134.8001  cs_rank(-1 * (delta(close, 1) / (close + 1e-5))) + cs_rank(volume / (vwap + 1e-5))
[reward_only] iter 21/50 [OK ] reward=-134.8001  cs_rank(-1 * (delta(close, 1) / (close + 1e-5))) + cs_rank(volume / (vwap + 1e-5))
[reward_only] iter 22/50 [OK ] reward=-134.8001  cs_rank(-1 * (delta(close, 1) / (close + 1e-5))) + cs_rank(volume / (vwap + 1e-5))
[reward_only] iter 23/50 [OK ] reward=-134.8001  cs_rank(-1 * (delta(close, 1) / (close + 1e-5))) + cs_rank(volume / (vwap + 1e-5))
[reward_only] iter 24/50 [OK ] reward=-124.6645  cs_rank(-1 * (delta(close, 1) / (close + 1e-5))) + cs_rank(volume / (vwap + 1e-5)) + cs_rank((high - low) / (high + low + 1e-5))
[reward_only] iter 25/50 [OK ] reward=-134.8001  cs_rank(-1 * (delta(close, 1) / (close + 1e-5))) + cs_rank(volume / (vwap + 1e-5))
[reward_only] iter 26/50 [OK ] reward=-134.8001  cs_rank(-1 * (delta(close, 1) / (close + 1e-5))) + cs_rank(volume / (vwap + 1e-5))
[reward_only] iter 27/50 [OK ] reward=-124.6645  cs_rank(-1 * (delta(close, 1) / (close + 1e-5))) + cs_rank(volume / (vwap + 1e-5)) + cs_rank((high - low) / (high + low + 1e-5))
[reward_only] iter 28/50 [OK ] reward=-134.8001  cs_rank(-1 * (delta(close, 1) / (close + 1e-5))) + cs_rank(volume / (vwap + 1e-5))
[reward_only] iter 29/50 [OK ] reward=-124.6645  cs_rank(-1 * (delta(close, 1) / (close + 1e-5))) + cs_rank(volume / (vwap + 1e-5)) + cs_rank((high - low) / (high + low + 1e-5))
[reward_only] iter 30/50 [OK ] reward=-134.8001  cs_rank(-1 * (delta(close, 1) / (close + 1e-5))) + cs_rank(volume / (vwap + 1e-5))
[reward_only] iter 31/50 [OK ] reward=-134.8001  cs_rank(-1 * (delta(close, 1) / (close + 1e-5))) + cs_rank(volume / (vwap + 1e-5))
[reward_only] iter 32/50 [OK ] reward=-124.6645  cs_rank(-1 * (delta(close, 1) / (close + 1e-5))) + cs_rank(volume / (vwap + 1e-5)) + cs_rank((high - low) / (high + low + 1e-5))
[reward_only] iter 33/50 [OK ] reward=-134.8001  cs_rank(-1 * (delta(close, 1) / (close + 1e-5))) + cs_rank(volume / (vwap + 1e-5))
[reward_only] iter 34/50 [OK ] reward=-124.6645  cs_rank(-1 * (delta(close, 1) / (close + 1e-5))) + cs_rank(volume / (vwap + 1e-5)) + cs_rank((high - low) / (high + low + 1e-5))
[reward_only] iter 35/50 [OK ] reward=-134.8001  cs_rank(-1 * (delta(close, 1) / (close + 1e-5))) + cs_rank(volume / (vwap + 1e-5))
[reward_only] iter 36/50 [OK ] reward=-134.8001  cs_rank(-1 * (delta(close, 1) / (close + 1e-5))) + cs_rank(volume / (vwap + 1e-5))
[reward_only] iter 37/50 [OK ] reward=-134.8001  cs_rank(-1 * (delta(close, 1) / (close + 1e-5))) + cs_rank(volume / (vwap + 1e-5))
[reward_only] iter 38/50 [OK ] reward=-134.8001  cs_rank(-1 * (delta(close, 1) / (close + 1e-5))) + cs_rank(volume / (vwap + 1e-5))
[reward_only] iter 39/50 [OK ] reward=-124.6645  cs_rank(-1 * (delta(close, 1) / (close + 1e-5))) + cs_rank(volume / (vwap + 1e-5)) + cs_rank((high - low) / (high + low + 1e-5))
[reward_only] iter 40/50 [OK ] reward=-134.8001  cs_rank(-1 * (delta(close, 1) / (close + 1e-5))) + cs_rank(volume / (vwap + 1e-5))
[reward_only] iter 41/50 [OK ] reward=-124.6645  cs_rank(-1 * (delta(close, 1) / (close + 1e-5))) + cs_rank(volume / (vwap + 1e-5)) + cs_rank((high - low) / (high + low + 1e-5))
[reward_only] iter 42/50 [OK ] reward=-134.8001  cs_rank(-1 * (delta(close, 1) / (close + 1e-5))) + cs_rank(volume / (vwap + 1e-5))
[reward_only] iter 43/50 [OK ] reward=-124.6645  cs_rank(-1 * (delta(close, 1) / (close + 1e-5))) + cs_rank(volume / (vwap + 1e-5)) + cs_rank((high - low) / (high + low + 1e-5))
[reward_only] iter 44/50 [OK ] reward=-134.8001  cs_rank(-1 * (delta(close, 1) / (close + 1e-5))) + cs_rank(volume / (vwap + 1e-5))
[reward_only] iter 45/50 [OK ] reward=-134.8001  cs_rank(-1 * (delta(close, 1) / (close + 1e-5))) + cs_rank(volume / (vwap + 1e-5))
[reward_only] iter 46/50 [OK ] reward=-124.6645  cs_rank(-1 * (delta(close, 1) / (close + 1e-5))) + cs_rank(volume / (vwap + 1e-5)) + cs_rank((high - low) / (high + low + 1e-5))
[reward_only] iter 47/50 [OK ] reward=-134.8001  cs_rank(-1 * (delta(close, 1) / (close + 1e-5))) + cs_rank(volume / (vwap + 1e-5))
[reward_only] iter 48/50 [OK ] reward=-124.6645  cs_rank(-1 * (delta(close, 1) / (close + 1e-5))) + cs_rank(volume / (vwap + 1e-5)) + cs_rank((high - low) / (high + low + 1e-5))
[reward_only] iter 49/50 [OK ] reward=-134.8001  cs_rank(-1 * (delta(close, 1) / (close + 1e-5))) + cs_rank(volume / (vwap + 1e-5))
[reward_only] iter 50/50 [OK ] reward=-124.6645  cs_rank(-1 * (delta(close, 1) / (close + 1e-5))) + cs_rank(volume / (vwap + 1e-5)) + cs_rank((high - low) / (high + low + 1e-5))
[wfo:reward_only] fold 17 winner: cs_rank(-1 * (delta(close, 1) / (close + 1e-5))) + cs_rank(volume / (vwap + 1e-5)) + cs_rank((high - low) / (high + low + 1e-5))
[wfo:reward_only] fold 17 OOS: Gross_IR=2.141 Turnover=228.86 Net_IR=-6.927
[wfo:reward_only] fold 18: train 2019-01-01..2023-12-31 -> test 2024-01-01..2024-12-31
[reward_only] iter  0/50 [SEED] reward=-175.0922  rank(-1 * delta(close, 1))
[reward_only] iter  1/50 [OK ] reward=-176.6053  cs_rank(-1 * (delta(close, 1) + decay_linear(vwap - close, 20)))
[reward_only] iter  2/50 [OK ] reward=-172.3386  cs_rank(-1 * (delta(close, 1) + zscore(vwap - close, 20)))
[reward_only] iter  3/50 [OK ] reward=-171.3436  cs_rank(-1 * (delta(close, 1) + zscore(vwap - close, 20) + ts_rank(volume, 20)))
[reward_only] iter  4/50 [OK ] reward=-172.3386  cs_rank(-1 * (delta(close, 1) + zscore(vwap - close, 20)))
[reward_only] iter  5/50 [OK ] reward=-81.3781  cs_rank(-1 * (delta(close, 1) + zscore(vwap - close, 20) + ts_rank(volume, 20) + decay_linear(stddev(close, 20), 20)))
[reward_only] iter  6/50 [OK ] reward=-171.3436  cs_rank(-1 * (delta(close, 1) + zscore(vwap - close, 20) + ts_rank(volume, 20)))
[reward_only] iter  7/50 [OK ] reward=-81.3781  cs_rank(-1 * (delta(close, 1) + zscore(vwap - close, 20) + ts_rank(volume, 20) + decay_linear(stddev(close, 20), 20)))
[reward_only] iter  8/50 [OK ] reward=-171.3436  cs_rank(-1 * (delta(close, 1) + zscore(vwap - close, 20) + ts_rank(volume, 20)))
[reward_only] iter  9/50 [OK ] reward=-79.9548  cs_rank(-1 * (delta(close, 1) + zscore(vwap - close, 20) + decay_linear(stddev(close, 20), 20)))
[reward_only] iter 10/50 [OK ] reward=-172.3386  cs_rank(-1 * (delta(close, 1) + zscore(vwap - close, 20)))
[reward_only] iter 11/50 [OK ] reward= -5.5109  cs_rank(-1 * (delta(close, 1) + zscore(vwap - close, 20) + decay_linear(volume, 20)))
[reward_only] iter 12/50 [OK ] reward=-172.3386  cs_rank(-1 * (delta(close, 1) + zscore(vwap - close, 20)))
[reward_only] iter 13/50 [OK ] reward=-15.0644  cs_rank(-1 * (delta(close, 1) + zscore(vwap - close, 20) + decay_linear(volume, 20) * cs_rank(stddev(close, 20))))
[reward_only] iter 14/50 [OK ] reward= -5.5109  cs_rank(-1 * (delta(close, 1) + zscore(vwap - close, 20) + decay_linear(volume, 20)))
[reward_only] iter 15/50 [OK ] reward=-172.3386  cs_rank(-1 * (delta(close, 1) + zscore(vwap - close, 20)))
[reward_only] iter 16/50 [OK ] reward= -5.6609  cs_rank(-1 * (delta(close, 1) + zscore(vwap - close, 20) + decay_linear(volume, 20) + ts_rank(close - open, 20)))
[reward_only] iter 17/50 [OK ] reward= -5.5109  cs_rank(-1 * (delta(close, 1) + zscore(vwap - close, 20) + decay_linear(volume, 20)))
[reward_only] iter 18/50 [OK ] reward=-172.3386  cs_rank(-1 * (delta(close, 1) + zscore(vwap - close, 20)))
[reward_only] iter 19/50 [OK ] reward= -5.6609  cs_rank(-1 * (delta(close, 1) + zscore(vwap - close, 20) + decay_linear(volume, 20) + zscore(close - open, 10)))
[reward_only] iter 20/50 [OK ] reward=-172.3386  cs_rank(-1 * (delta(close, 1) + zscore(vwap - close, 20)))
[reward_only] iter 21/50 [OK ] reward= -5.6587  cs_rank(-1 * (delta(close, 1) + zscore(vwap - close, 20) + decay_linear(volume, 20) + ts_rank(stddev(close, 20), 20)))
[reward_only] iter 22/50 [OK ] reward= -5.5109  cs_rank(-1 * (delta(close, 1) + zscore(vwap - close, 20) + decay_linear(volume, 20)))
[reward_only] iter 23/50 [OK ] reward=-172.3386  cs_rank(-1 * (delta(close, 1) + zscore(vwap - close, 20)))
[reward_only] iter 24/50 [OK ] reward= -5.6609  cs_rank(-1 * (delta(close, 1) + zscore(vwap - close, 20) + decay_linear(volume, 20) + cs_rank(stddev(close, 20))))
[reward_only] iter 25/50 [OK ] reward= -5.5109  cs_rank(-1 * (delta(close, 1) + zscore(vwap - close, 20) + decay_linear(volume, 20)))
[reward_only] iter 26/50 [OK ] reward=-172.3386  cs_rank(-1 * (delta(close, 1) + zscore(vwap - close, 20)))
[reward_only] iter 27/50 [OK ] reward= -5.6609  cs_rank(-1 * (delta(close, 1) + zscore(vwap - close, 20) + decay_linear(volume, 20) + cs_rank(stddev(close, 20))))
[reward_only] iter 28/50 [OK ] reward=-172.3386  cs_rank(-1 * (delta(close, 1) + zscore(vwap - close, 20)))
[reward_only] iter 29/50 [OK ] reward= -5.6609  cs_rank(-1 * (delta(close, 1) + zscore(vwap - close, 20) + decay_linear(volume, 20) + zscore(high - low, 10)))
[reward_only] iter 30/50 [OK ] reward= -5.5109  cs_rank(-1 * (delta(close, 1) + zscore(vwap - close, 20) + decay_linear(volume, 20)))
[reward_only] iter 31/50 [OK ] reward=-172.3386  cs_rank(-1 * (delta(close, 1) + zscore(vwap - close, 20)))
[reward_only] iter 32/50 [OK ] reward= -5.5109  cs_rank(-1 * (delta(close, 1) + zscore(vwap - close, 20) + decay_linear(volume, 20)))
[reward_only] iter 33/50 [OK ] reward=-172.3386  cs_rank(-1 * (delta(close, 1) + zscore(vwap - close, 20)))
[reward_only] iter 34/50 [OK ] reward= -5.6609  cs_rank(-1 * (delta(close, 1) + zscore(vwap - close, 20) + decay_linear(volume, 20) + ts_rank(close - vwap, 20)))
[reward_only] iter 35/50 [OK ] reward= -5.5109  cs_rank(-1 * (delta(close, 1) + zscore(vwap - close, 20) + decay_linear(volume, 20)))
[reward_only] iter 36/50 [OK ] reward=-172.3386  cs_rank(-1 * (delta(close, 1) + zscore(vwap - close, 20)))
[reward_only] iter 37/50 [OK ] reward= -5.5109  cs_rank(-1 * (delta(close, 1) + zscore(vwap - close, 20) + decay_linear(volume, 20)))
[reward_only] iter 38/50 [OK ] reward=-172.3386  cs_rank(-1 * (delta(close, 1) + zscore(vwap - close, 20)))
[reward_only] iter 39/50 [OK ] reward= -5.6109  cs_rank(-1 * (delta(close, 1) + zscore(vwap - close, 20) + decay_linear(volume, 20) + ts_rank(volume, 20)))
[reward_only] iter 40/50 [OK ] reward= -5.5109  cs_rank(-1 * (delta(close, 1) + zscore(vwap - close, 20) + decay_linear(volume, 20)))
[reward_only] iter 41/50 [OK ] reward= -5.4608  cs_rank(-1 * (zscore(vwap - close, 20) + decay_linear(volume, 20)))
[reward_only] iter 42/50 [OK ] reward= -5.4608  cs_rank(-1 * (ts_rank(close - open, 20) + decay_linear(volume, 20)))
[reward_only] iter 43/50 [ERR] reward=    -inf  cs_rank(-1 * (ts_rank((close - open) / (high - low), 20) + decay_linear(volume, 20)))
[reward_only] iter 44/50 [OK ] reward= -5.7108  cs_rank(-1 * (zscore(vwap - close, 20) + decay_linear(volume, 20) + ts_rank((close - open) / (high - low + 1e-5), 20)))
[reward_only] iter 45/50 [OK ] reward= -5.4608  cs_rank(-1 * (zscore(vwap - close, 20) + decay_linear(volume, 20)))
[reward_only] iter 46/50 [ERR] reward=    -inf  cs_rank(-1 * (zscore((close - open) / open, 20) + decay_linear(volume, 20)))
[reward_only] iter 47/50 [OK ] reward= -5.5109  cs_rank(-1 * (zscore((close - open) / (close + 1e-5), 20) + decay_linear(volume, 20)))
[reward_only] iter 48/50 [OK ] reward= -4.8811  cs_rank(-1 * (zscore(vwap - close, 20) + sma(volume, 20)))
[reward_only] iter 49/50 [ERR] reward=    -inf  cs_rank(-1 * (zscore((high - low) / close, 20) + sma(volume, 20)))
[reward_only] iter 50/50 [OK ] reward= -4.9809  cs_rank(-1 * (zscore((high - low + 1e-5) / (close + 1e-5), 20) + sma(volume, 20)))
[wfo:reward_only] fold 18 winner: cs_rank(-1 * (zscore(vwap - close, 20) + sma(volume, 20)))
[wfo:reward_only] fold 18 OOS: Gross_IR=-2.199 Turnover=7.98 Net_IR=-2.589
[wfo:reward_only] fold 19: train 2020-01-01..2024-12-31 -> test 2025-01-01..2025-12-31
[reward_only] iter  0/50 [SEED] reward=-174.4531  rank(-1 * delta(close, 1))
[reward_only] iter  1/50 [OK ] reward=-182.5804  cs_rank(-1 * (delta(close, 1) / (high - low + 1e-5)))
[reward_only] iter  2/50 [ERR] reward=    -inf  cs_rank(-1 * (delta(close, 1) / (high - low + 1e-5)) + sma(volume, 20) / stddev(volume, 20))
[reward_only] iter  3/50 [ERR] reward=    -inf  cs_rank(-1 * (delta(close, 1) / (high - low + 1e-5))) + cs_rank(sma(volume, 20) / stddev(volume, 20))
[reward_only] iter  4/50 [OK ] reward=-141.2043  cs_rank(-1 * (delta(close, 1) / (high - low + 1e-5))) + cs_rank(sma(volume, 20) / (stddev(volume, 20) + 1e-5))
[reward_only] iter  5/50 [ERR] reward=    -inf  cs_rank(-1 * (delta(close, 1) / (high - low + 1e-5))) + cs_rank(sma(volume, 20) / stddev(volume, 20))
[reward_only] iter  6/50 [OK ] reward=-141.2043  cs_rank(-1 * (delta(close, 1) / (high - low + 1e-5))) + cs_rank(sma(volume, 20) / (stddev(volume, 20) + 1e-5))
[reward_only] iter  7/50 [OK ] reward=-151.7459  cs_rank(-1 * (delta(close, 1) / (high - low + 1e-5))) + cs_rank(volume / (stddev(volume, 20) + 1e-5))
[reward_only] iter  8/50 [OK ] reward=-141.2043  cs_rank(-1 * (delta(close, 1) / (high - low + 1e-5))) + cs_rank(sma(volume, 20) / (stddev(volume, 20) + 1e-5))
[reward_only] iter  9/50 [OK ] reward=-151.7459  cs_rank(-1 * (delta(close, 1) / (high - low + 1e-5))) + cs_rank(volume / (stddev(volume, 20) + 1e-5))
[reward_only] iter 10/50 [OK ] reward=-141.2043  cs_rank(-1 * (delta(close, 1) / (high - low + 1e-5))) + cs_rank(sma(volume, 20) / (stddev(volume, 20) + 1e-5))
[reward_only] iter 11/50 [OK ] reward=-151.7459  cs_rank(-1 * (delta(close, 1) / (high - low + 1e-5))) + cs_rank(volume / (stddev(volume, 20) + 1e-5))
[reward_only] iter 12/50 [OK ] reward=-141.2043  cs_rank(-1 * (delta(close, 1) / (high - low + 1e-5))) + cs_rank(sma(volume, 20) / (stddev(volume, 20) + 1e-5))
[reward_only] iter 13/50 [OK ] reward=-151.7459  cs_rank(-1 * (delta(close, 1) / (high - low + 1e-5))) + cs_rank(volume / (stddev(volume, 20) + 1e-5))
[reward_only] iter 14/50 [ERR] reward=    -inf  cs_rank(-1 * (delta(close, 1) / (high - low + 1e-5))) + cs_rank(sma(volume, 20) / stddev(volume, 20))
[reward_only] iter 15/50 [OK ] reward=-141.2043  cs_rank(-1 * (delta(close, 1) / (high - low + 1e-5))) + cs_rank(sma(volume, 20) / (stddev(volume, 20) + 1e-5))
[reward_only] iter 16/50 [ERR] reward=    -inf  cs_rank(-1 * (delta(close, 1) / (high - low + 1e-5))) + cs_rank(volume / stddev(volume, 20) + 1e-5)
[reward_only] iter 17/50 [OK ] reward=-123.2015  cs_rank(-1 * (delta(close, 1) / (high - low + 1e-5))) + cs_rank(sma(volume, 20) / (stddev(volume, 20) + 1e-5)) + cs_rank(zscore(close - vwap, 20))
[reward_only] iter 18/50 [OK ] reward=-192.1307  cs_rank(-1 * (delta(close, 1) / (high - low + 1e-5))) + cs_rank(zscore(close - vwap, 20))
[reward_only] iter 19/50 [OK ] reward=-141.2043  cs_rank(-1 * (delta(close, 1) / (high - low + 1e-5))) + cs_rank(sma(volume, 20) / (stddev(volume, 20) + 1e-5))
[reward_only] iter 20/50 [OK ] reward=-137.6471  cs_rank(-1 * (delta(close, 1) / (high - low + 1e-5))) + cs_rank(volume / (stddev(volume, 20) + 1e-5)) + cs_rank(zscore(close - vwap, 20))
[reward_only] iter 21/50 [OK ] reward=-141.2043  cs_rank(-1 * (delta(close, 1) / (high - low + 1e-5))) + cs_rank(sma(volume, 20) / (stddev(volume, 20) + 1e-5))
[reward_only] iter 22/50 [OK ] reward=-192.1307  cs_rank(-1 * (delta(close, 1) / (high - low + 1e-5))) + cs_rank(zscore(close - vwap, 20))
[reward_only] iter 23/50 [OK ] reward=-141.2043  cs_rank(-1 * (delta(close, 1) / (high - low + 1e-5))) + cs_rank(sma(volume, 20) / (stddev(volume, 20) + 1e-5))
[reward_only] iter 24/50 [OK ] reward=-123.2015  cs_rank(-1 * (delta(close, 1) / (high - low + 1e-5))) + cs_rank(sma(volume, 20) / (stddev(volume, 20) + 1e-5)) + cs_rank(zscore(close - vwap, 20))
[reward_only] iter 25/50 [OK ] reward=-141.2043  cs_rank(-1 * (delta(close, 1) / (high - low + 1e-5))) + cs_rank(sma(volume, 20) / (stddev(volume, 20) + 1e-5))
[reward_only] iter 26/50 [OK ] reward=-192.1307  cs_rank(-1 * (delta(close, 1) / (high - low + 1e-5))) + cs_rank(zscore(close - vwap, 20))
[reward_only] iter 27/50 [OK ] reward=-141.2043  cs_rank(-1 * (delta(close, 1) / (high - low + 1e-5))) + cs_rank(sma(volume, 20) / (stddev(volume, 20) + 1e-5))
[reward_only] iter 28/50 [OK ] reward=-123.2015  cs_rank(-1 * (delta(close, 1) / (high - low + 1e-5))) + cs_rank(sma(volume, 20) / (stddev(volume, 20) + 1e-5)) + cs_rank(zscore(close - vwap, 20))
[reward_only] iter 29/50 [OK ] reward=-141.2043  cs_rank(-1 * (delta(close, 1) / (high - low + 1e-5))) + cs_rank(sma(volume, 20) / (stddev(volume, 20) + 1e-5))
[reward_only] iter 30/50 [OK ] reward=-123.2015  cs_rank(-1 * (delta(close, 1) / (high - low + 1e-5))) + cs_rank(sma(volume, 20) / (stddev(volume, 20) + 1e-5)) + cs_rank(zscore(close - vwap, 20))
[reward_only] iter 31/50 [OK ] reward=-192.1307  cs_rank(-1 * (delta(close, 1) / (high - low + 1e-5))) + cs_rank(zscore(close - vwap, 20))
[reward_only] iter 32/50 [OK ] reward=-141.2043  cs_rank(-1 * (delta(close, 1) / (high - low + 1e-5))) + cs_rank(sma(volume, 20) / (stddev(volume, 20) + 1e-5))
[reward_only] iter 33/50 [OK ] reward=-151.7459  cs_rank(-1 * (delta(close, 1) / (high - low + 1e-5))) + cs_rank(volume / (stddev(volume, 20) + 1e-5))
[reward_only] iter 34/50 [OK ] reward=-192.1307  cs_rank(-1 * (delta(close, 1) / (high - low + 1e-5))) + cs_rank(zscore(close - vwap, 20))
[reward_only] iter 35/50 [OK ] reward=-141.2043  cs_rank(-1 * (delta(close, 1) / (high - low + 1e-5))) + cs_rank(sma(volume, 20) / (stddev(volume, 20) + 1e-5))
[reward_only] iter 36/50 [OK ] reward=-123.2015  cs_rank(-1 * (delta(close, 1) / (high - low + 1e-5))) + cs_rank(sma(volume, 20) / (stddev(volume, 20) + 1e-5)) + cs_rank(zscore(close - vwap, 20))
[reward_only] iter 37/50 [OK ] reward=-192.1307  cs_rank(-1 * (delta(close, 1) / (high - low + 1e-5))) + cs_rank(zscore(close - vwap, 20))
[reward_only] iter 38/50 [OK ] reward=-141.2043  cs_rank(-1 * (delta(close, 1) / (high - low + 1e-5))) + cs_rank(sma(volume, 20) / (stddev(volume, 20) + 1e-5))
[reward_only] iter 39/50 [OK ] reward=-141.2043  cs_rank(-1 * (delta(close, 1) / (high - low + 1e-5))) + cs_rank(sma(volume, 20) / (stddev(volume, 20) + 1e-5))
[reward_only] iter 40/50 [OK ] reward=-192.1307  cs_rank(-1 * (delta(close, 1) / (high - low + 1e-5))) + cs_rank(zscore(close - vwap, 20))
[reward_only] iter 41/50 [OK ] reward=-141.2043  cs_rank(-1 * (delta(close, 1) / (high - low + 1e-5))) + cs_rank(sma(volume, 20) / (stddev(volume, 20) + 1e-5))
[reward_only] iter 42/50 [OK ] reward=-123.2015  cs_rank(-1 * (delta(close, 1) / (high - low + 1e-5))) + cs_rank(sma(volume, 20) / (stddev(volume, 20) + 1e-5)) + cs_rank(zscore(close - vwap, 20))
[reward_only] iter 43/50 [OK ] reward=-141.2043  cs_rank(-1 * (delta(close, 1) / (high - low + 1e-5))) + cs_rank(sma(volume, 20) / (stddev(volume, 20) + 1e-5))
[reward_only] iter 44/50 [OK ] reward=-192.1307  cs_rank(-1 * (delta(close, 1) / (high - low + 1e-5))) + cs_rank(zscore(close - vwap, 20))
[reward_only] iter 45/50 [OK ] reward=-141.2043  cs_rank(-1 * (delta(close, 1) / (high - low + 1e-5))) + cs_rank(sma(volume, 20) / (stddev(volume, 20) + 1e-5))
[reward_only] iter 46/50 [OK ] reward=-123.2015  cs_rank(-1 * (delta(close, 1) / (high - low + 1e-5))) + cs_rank(sma(volume, 20) / (stddev(volume, 20) + 1e-5)) + cs_rank(zscore(close - vwap, 20))
[reward_only] iter 47/50 [OK ] reward=-141.2043  cs_rank(-1 * (delta(close, 1) / (high - low + 1e-5))) + cs_rank(sma(volume, 20) / (stddev(volume, 20) + 1e-5))
[reward_only] iter 48/50 [OK ] reward=-141.2043  cs_rank(-1 * (delta(close, 1) / (high - low + 1e-5))) + cs_rank(sma(volume, 20) / (stddev(volume, 20) + 1e-5))
[reward_only] iter 49/50 [OK ] reward=-123.2015  cs_rank(-1 * (delta(close, 1) / (high - low + 1e-5))) + cs_rank(sma(volume, 20) / (stddev(volume, 20) + 1e-5)) + cs_rank(zscore(close - vwap, 20))
[reward_only] iter 50/50 [OK ] reward=-141.2043  cs_rank(-1 * (delta(close, 1) / (high - low + 1e-5))) + cs_rank(sma(volume, 20) / (stddev(volume, 20) + 1e-5))
[wfo:reward_only] fold 19 winner: cs_rank(-1 * (delta(close, 1) / (high - low + 1e-5))) + cs_rank(sma(volume, 20) / (stddev(volume, 20) + 1e-5)) + cs_rank(zscore(close - vwap, 20))
[wfo:reward_only] fold 19 OOS: Gross_IR=0.097 Turnover=224.90 Net_IR=-9.160
[wfo:reward_only] fold 20: train 2021-01-01..2025-12-31 -> test 2026-01-01..2026-08-13
[reward_only] iter  0/50 [SEED] reward=-172.7288  rank(-1 * delta(close, 1))
[reward_only] iter  1/50 [OK ] reward=-180.6029  cs_rank(-1 * (close - open) / (high - low + 1e-5))
[reward_only] iter  2/50 [OK ] reward=-147.7864  cs_rank(-1 * (close - open) / (high - low + 1e-5) + zscore(volume, 20))
[reward_only] iter  3/50 [OK ] reward=-147.7864  cs_rank(-1 * (close - open) / (high - low + 1e-5) + zscore(volume, 20))
[reward_only] iter  4/50 [OK ] reward=-145.7848  cs_rank(-1 * (close - open) / (high - low + 1e-5) + zscore(volume, 20) + zscore(close - vwap, 20))
[reward_only] iter  5/50 [OK ] reward=-147.7864  cs_rank(-1 * (close - open) / (high - low + 1e-5) + zscore(volume, 20))
[reward_only] iter  6/50 [OK ] reward=-145.7848  cs_rank(-1 * (close - open) / (high - low + 1e-5) + zscore(volume, 20) + zscore(close - vwap, 20))
[reward_only] iter  7/50 [OK ] reward=-147.7864  cs_rank(-1 * (close - open) / (high - low + 1e-5) + zscore(volume, 20))
[reward_only] iter  8/50 [OK ] reward=-147.7864  cs_rank(-1 * (close - open) / (high - low + 1e-5) + zscore(volume, 20))
[reward_only] iter  9/50 [OK ] reward=-145.7848  cs_rank(-1 * (close - open) / (high - low + 1e-5) + zscore(volume, 20) + zscore(close - vwap, 20))
[reward_only] iter 10/50 [OK ] reward=-147.7864  cs_rank(-1 * (close - open) / (high - low + 1e-5) + zscore(volume, 20))
[reward_only] iter 11/50 [OK ] reward=-147.7864  cs_rank(-1 * (close - open) / (high - low + 1e-5) + zscore(volume, 20))
[reward_only] iter 12/50 [OK ] reward=-145.7848  cs_rank(-1 * (close - open) / (high - low + 1e-5) + zscore(volume, 20) + zscore(close - vwap, 20))
[reward_only] iter 13/50 [OK ] reward=-174.4024  cs_rank(-1 * (close - open) / (high - low + 1e-5) + zscore(close - vwap, 20))
[reward_only] iter 14/50 [OK ] reward=-147.7864  cs_rank(-1 * (close - open) / (high - low + 1e-5) + zscore(volume, 20))
[reward_only] iter 15/50 [OK ] reward=-145.7848  cs_rank(-1 * (close - open) / (high - low + 1e-5) + zscore(volume, 20) + zscore(close - vwap, 20))
[reward_only] iter 16/50 [OK ] reward=-174.4024  cs_rank(-1 * (close - open) / (high - low + 1e-5) + zscore(close - vwap, 20))
[reward_only] iter 17/50 [OK ] reward=-174.4024  cs_rank(-1 * (close - open) / (high - low + 1e-5) + zscore(close - vwap, 20))
[reward_only] iter 18/50 [OK ] reward=-174.4024  cs_rank(-1 * (close - open) / (high - low + 1e-5) + zscore(close - vwap, 20))
[reward_only] iter 19/50 [OK ] reward=-147.7864  cs_rank(-1 * (close - open) / (high - low + 1e-5) + zscore(volume, 20))
[reward_only] iter 20/50 [OK ] reward=-145.7848  cs_rank(-1 * (close - open) / (high - low + 1e-5) + zscore(volume, 20) + zscore(close - vwap, 20))
[reward_only] iter 21/50 [OK ] reward=-147.7864  cs_rank(-1 * (close - open) / (high - low + 1e-5) + zscore(volume, 20))
[reward_only] iter 22/50 [OK ] reward=-147.7864  cs_rank(-1 * (close - open) / (high - low + 1e-5) + zscore(volume, 20))
[reward_only] iter 23/50 [OK ] reward=-147.7864  cs_rank(-1 * (close - open) / (high - low + 1e-5) + zscore(volume, 20))
[reward_only] iter 24/50 [OK ] reward=-145.7848  cs_rank(-1 * (close - open) / (high - low + 1e-5) + zscore(volume, 20) + zscore(close - vwap, 20))
[reward_only] iter 25/50 [OK ] reward=-174.4024  cs_rank(-1 * (close - open) / (high - low + 1e-5) + zscore(close - vwap, 20))
[reward_only] iter 26/50 [OK ] reward=-174.4024  cs_rank(-1 * (close - open) / (high - low + 1e-5) + zscore(close - vwap, 20))
[reward_only] iter 27/50 [OK ] reward=-147.7864  cs_rank(-1 * (close - open) / (high - low + 1e-5) + zscore(volume, 20))
[reward_only] iter 28/50 [OK ] reward=-145.7848  cs_rank(-1 * (close - open) / (high - low + 1e-5) + zscore(volume, 20) + zscore(close - vwap, 20))
[reward_only] iter 29/50 [OK ] reward=-174.4024  cs_rank(-1 * (close - open) / (high - low + 1e-5) + zscore(close - vwap, 20))
[reward_only] iter 30/50 [OK ] reward=-147.7864  cs_rank(-1 * (close - open) / (high - low + 1e-5) + zscore(volume, 20))
[reward_only] iter 31/50 [OK ] reward=-145.7848  cs_rank(-1 * (close - open) / (high - low + 1e-5) + zscore(volume, 20) + zscore(close - vwap, 20))
[reward_only] iter 32/50 [OK ] reward=-147.7864  cs_rank(-1 * (close - open) / (high - low + 1e-5) + zscore(volume, 20))
[reward_only] iter 33/50 [OK ] reward=-147.7864  cs_rank(-1 * (close - open) / (high - low + 1e-5) + zscore(volume, 20))
[reward_only] iter 34/50 [OK ] reward=-174.4024  cs_rank(-1 * (close - open) / (high - low + 1e-5) + zscore(close - vwap, 20))
[reward_only] iter 35/50 [OK ] reward=-174.4024  cs_rank(-1 * (close - open) / (high - low + 1e-5) + zscore(close - vwap, 20))
[reward_only] iter 36/50 [OK ] reward=-147.7864  cs_rank(-1 * (close - open) / (high - low + 1e-5) + zscore(volume, 20))
[reward_only] iter 37/50 [OK ] reward=-146.1414  cs_rank(-1 * (close - open) / (high - low + 1e-5) + zscore(volume, 20) + decay_linear(zscore(close - vwap, 20), 20))
[reward_only] iter 38/50 [OK ] reward=-147.7864  cs_rank(-1 * (close - open) / (high - low + 1e-5) + zscore(volume, 20))
[reward_only] iter 39/50 [OK ] reward=-147.7864  cs_rank(-1 * (close - open) / (high - low + 1e-5) + zscore(volume, 20))
[reward_only] iter 40/50 [OK ] reward=-145.7848  cs_rank(-1 * (close - open) / (high - low + 1e-5) + zscore(volume, 20) + zscore(close - vwap, 20))
[reward_only] iter 41/50 [OK ] reward=-174.4024  cs_rank(-1 * (close - open) / (high - low + 1e-5) + zscore(close - vwap, 20))
[reward_only] iter 42/50 [OK ] reward=-174.4024  cs_rank(-1 * (close - open) / (high - low + 1e-5) + zscore(close - vwap, 20))
[reward_only] iter 43/50 [OK ] reward=-174.4024  cs_rank(-1 * (close - open) / (high - low + 1e-5) + zscore(close - vwap, 20))
[reward_only] iter 44/50 [OK ] reward=-139.6133  cs_rank(-1 * (close - open) / (high - low + 1e-5) + zscore(volume, 20) + ts_rank(zscore(close - vwap, 20), 20))
[reward_only] iter 45/50 [OK ] reward=-147.7864  cs_rank(-1 * (close - open) / (high - low + 1e-5) + zscore(volume, 20))
[reward_only] iter 46/50 [OK ] reward=-147.7864  cs_rank(-1 * (close - open) / (high - low + 1e-5) + zscore(volume, 20))
[reward_only] iter 47/50 [OK ] reward=-139.6133  cs_rank(-1 * (close - open) / (high - low + 1e-5) + zscore(volume, 20) + ts_rank(zscore(close - vwap, 20), 20))
[reward_only] iter 48/50 [OK ] reward=-139.6133  cs_rank(-1 * (close - open) / (high - low + 1e-5) + zscore(volume, 20) + ts_rank(zscore(close - vwap, 20), 20))
[reward_only] iter 49/50 [OK ] reward=-139.6133  cs_rank(-1 * (close - open) / (high - low + 1e-5) + zscore(volume, 20) + ts_rank(zscore(close - vwap, 20), 20))
[reward_only] iter 50/50 [OK ] reward=-139.6133  cs_rank(-1 * (close - open) / (high - low + 1e-5) + zscore(volume, 20) + ts_rank(zscore(close - vwap, 20), 20))
[wfo:reward_only] fold 20 winner: cs_rank(-1 * (close - open) / (high - low + 1e-5) + zscore(volume, 20) + ts_rank(zscore(close - vwap, 20), 20))
[wfo:reward_only] fold 20 OOS: Gross_IR=1.079 Turnover=255.00 Net_IR=-8.197
[run_full_grid] checkpointed grid_summary.csv (2 rows)

==============================================================================
ALPHA=reversal (rank(-1 * delta(close, 1)))  LLM_SEED=3003
==============================================================================
[LocalQwenClient] seed=3003 main_gpu=0
[wfo:reward_only] fold 0: train 2001-01-01..2005-12-31 -> test 2006-01-01..2006-12-31
[reward_only] iter  0/50 [SEED] reward=-185.4972  rank(-1 * delta(close, 1))
[reward_only] iter  1/50 [OK ] reward=-153.4213  cs_rank(-1 * delta(close, 1) + zscore(volume, 21))
[reward_only] iter  2/50 [OK ] reward=-13.6297  cs_rank(-1 * delta(close, 1) + zscore(volume, 21) + decay_linear(close, 21))
[reward_only] iter  3/50 [OK ] reward=-15.1701  cs_rank(-1 * delta(close, 1) + zscore(volume, 21) + decay_linear(close, 21) + cs_rank(vwap - close))
[reward_only] iter  4/50 [OK ] reward=-13.6297  cs_rank(-1 * delta(close, 1) + zscore(volume, 21) + decay_linear(close, 21))
[reward_only] iter  5/50 [OK ] reward=-13.6519  cs_rank(-1 * delta(close, 1) + zscore(volume, 21) + decay_linear(vwap, 21))
[reward_only] iter  6/50 [OK ] reward=-13.7107  cs_rank(-1 * delta(close, 1) + zscore(volume, 21) + decay_linear(open, 21))
[reward_only] iter  7/50 [OK ] reward=-132.5237  cs_rank(-1 * delta(close, 1) + zscore(volume, 21) + decay_linear(high - low, 21))
[reward_only] iter  8/50 [OK ] reward=-13.6297  cs_rank(-1 * delta(close, 1) + zscore(volume, 21) + decay_linear(close, 21))
[reward_only] iter  9/50 [OK ] reward=-13.5948  cs_rank(-1 * delta(close, 1) + zscore(volume, 21) + sma(close, 21))
[reward_only] iter 10/50 [OK ] reward=-15.1454  cs_rank(-1 * delta(close, 1) + zscore(volume, 21) + sma(close, 21) + cs_rank(vwap - close))
[reward_only] iter 11/50 [OK ] reward=-153.4213  cs_rank(-1 * delta(close, 1) + zscore(volume, 21))
[reward_only] iter 12/50 [OK ] reward=-13.6923  cs_rank(-1 * delta(close, 1) + zscore(volume, 21) + sma(close, 21) + decay_linear(cs_rank(high - low), 21))
[reward_only] iter 13/50 [OK ] reward=-13.5441  cs_rank(-1 * delta(close, 1) + zscore(volume, 21) + sma(close, 21) - cs_rank(high - low))
[reward_only] iter 14/50 [OK ] reward=-145.7299  cs_rank(-1 * delta(close, 1) + zscore(volume, 21) - cs_rank(high - low))
[reward_only] iter 15/50 [OK ] reward=-13.5948  cs_rank(-1 * delta(close, 1) + zscore(volume, 21) + sma(close, 21))
[reward_only] iter 16/50 [OK ] reward=-12.0037  cs_rank(-1 * ts_rank(close, 21) + zscore(volume, 21) + sma(close, 21) - cs_rank(high - low))
[reward_only] iter 17/50 [OK ] reward=-127.6315  cs_rank(-1 * ts_rank(close, 21) + zscore(volume, 21))
[reward_only] iter 18/50 [OK ] reward= -8.2967  cs_rank(-1 * ts_rank(close, 21) + zscore(volume, 21) + sma(close, 21) - cs_rank(high - low) + decay_linear(vwap, 21))
[reward_only] iter 19/50 [OK ] reward=-12.0037  cs_rank(-1 * ts_rank(close, 21) + zscore(volume, 21) + sma(close, 21) - cs_rank(high - low))
[reward_only] iter 20/50 [OK ] reward=-12.0037  cs_rank(-1 * ts_rank(close, 21) + zscore(volume, 21) + sma(close, 21) - cs_rank(high - low))
[reward_only] iter 21/50 [OK ] reward=-12.0037  cs_rank(-1 * ts_rank(close, 21) + zscore(volume, 21) + sma(close, 21) - cs_rank(high - low))
[reward_only] iter 22/50 [OK ] reward=-12.0037  cs_rank(-1 * ts_rank(close, 21) + zscore(volume, 21) + sma(close, 21) - cs_rank(high - low))
[reward_only] iter 23/50 [OK ] reward=-12.0037  cs_rank(-1 * ts_rank(close, 21) + zscore(volume, 21) + sma(close, 21) - cs_rank(high - low))
[reward_only] iter 24/50 [OK ] reward= -8.2967  cs_rank(-1 * ts_rank(close, 21) + zscore(volume, 21) + sma(close, 21) - cs_rank(high - low) + decay_linear(vwap, 21))
[reward_only] iter 25/50 [OK ] reward=-12.0037  cs_rank(-1 * ts_rank(close, 21) + zscore(volume, 21) + sma(close, 21) - cs_rank(high - low))
[reward_only] iter 26/50 [OK ] reward=-12.0037  cs_rank(-1 * ts_rank(close, 21) + zscore(volume, 21) + sma(close, 21) - cs_rank(high - low))
[reward_only] iter 27/50 [OK ] reward=-12.0037  cs_rank(-1 * ts_rank(close, 21) + zscore(volume, 21) + sma(close, 21) - cs_rank(high - low))
[reward_only] iter 28/50 [OK ] reward=-12.0037  cs_rank(-1 * ts_rank(close, 21) + zscore(volume, 21) + sma(close, 21) - cs_rank(high - low))
[reward_only] iter 29/50 [OK ] reward=-12.0037  cs_rank(-1 * ts_rank(close, 21) + zscore(volume, 21) + sma(close, 21) - cs_rank(high - low))
[reward_only] iter 30/50 [OK ] reward=-12.0037  cs_rank(-1 * ts_rank(close, 21) + zscore(volume, 21) + sma(close, 21) - cs_rank(high - low))
[reward_only] iter 31/50 [OK ] reward= -8.2967  cs_rank(-1 * ts_rank(close, 21) + zscore(volume, 21) + sma(close, 21) - cs_rank(high - low) + decay_linear(vwap, 21))
[reward_only] iter 32/50 [OK ] reward=-12.1613  cs_rank(-1 * ts_rank(close, 21) + zscore(volume, 21) + decay_linear(vwap, 21))
[reward_only] iter 33/50 [OK ] reward= -8.6624  cs_rank(-1 * ts_rank(close, 21) + zscore(volume, 21) + sma(close, 21) - cs_rank(high - low) + decay_linear(vwap, 21) + ts_rank(vwap - close, 21))
[reward_only] iter 34/50 [OK ] reward= -8.2967  cs_rank(-1 * ts_rank(close, 21) + zscore(volume, 21) + sma(close, 21) - cs_rank(high - low) + decay_linear(vwap, 21))
[reward_only] iter 35/50 [OK ] reward= -8.2967  cs_rank(-1 * ts_rank(close, 21) + zscore(volume, 21) + sma(close, 21) - cs_rank(high - low) + decay_linear(vwap, 21))
[reward_only] iter 36/50 [OK ] reward= -8.2967  cs_rank(-1 * ts_rank(close, 21) + zscore(volume, 21) + sma(close, 21) - cs_rank(high - low) + decay_linear(vwap, 21))
[reward_only] iter 37/50 [OK ] reward=-12.1613  cs_rank(-1 * ts_rank(close, 21) + zscore(volume, 21) + decay_linear(vwap, 21))
[reward_only] iter 38/50 [OK ] reward=-10.6361  cs_rank(-1 * ts_rank(close, 21) + zscore(volume, 21) + sma(close, 21) - cs_rank(high - low) + decay_linear(vwap, 21) + zscore(close - open, 21))
[reward_only] iter 39/50 [OK ] reward= -8.2967  cs_rank(-1 * ts_rank(close, 21) + zscore(volume, 21) + sma(close, 21) - cs_rank(high - low) + decay_linear(vwap, 21))
[reward_only] iter 40/50 [OK ] reward=-12.0037  cs_rank(-1 * ts_rank(close, 21) + zscore(volume, 21) + sma(close, 21) - cs_rank(high - low))
[reward_only] iter 41/50 [OK ] reward=-12.0037  cs_rank(-1 * ts_rank(close, 21) + zscore(volume, 21) + sma(close, 21) - cs_rank(high - low))
[reward_only] iter 42/50 [OK ] reward=-12.0037  cs_rank(-1 * ts_rank(close, 21) + zscore(volume, 21) + sma(close, 21) - cs_rank(high - low))
[reward_only] iter 43/50 [OK ] reward= -8.2967  cs_rank(-1 * ts_rank(close, 21) + zscore(volume, 21) + sma(close, 21) - cs_rank(high - low) + decay_linear(vwap, 21))
[reward_only] iter 44/50 [OK ] reward=-12.1613  cs_rank(-1 * ts_rank(close, 21) + zscore(volume, 21) + decay_linear(vwap, 21))
[reward_only] iter 45/50 [OK ] reward=-12.8468  cs_rank(-1 * ts_rank(close, 21) + zscore(volume, 21) + decay_linear(vwap, 21) + cs_rank(close - open))
[reward_only] iter 46/50 [OK ] reward=-12.0037  cs_rank(-1 * ts_rank(close, 21) + zscore(volume, 21) + sma(close, 21) - cs_rank(high - low))
[reward_only] iter 47/50 [OK ] reward=-12.0037  cs_rank(-1 * ts_rank(close, 21) + zscore(volume, 21) + sma(close, 21) - cs_rank(high - low))
[reward_only] iter 48/50 [OK ] reward= -8.2967  cs_rank(-1 * ts_rank(close, 21) + zscore(volume, 21) + sma(close, 21) - cs_rank(high - low) + decay_linear(vwap, 21))
[reward_only] iter 49/50 [OK ] reward=-12.0037  cs_rank(-1 * ts_rank(close, 21) + zscore(volume, 21) + sma(close, 21) - cs_rank(high - low))
[reward_only] iter 50/50 [OK ] reward=-12.0037  cs_rank(-1 * ts_rank(close, 21) + zscore(volume, 21) + sma(close, 21) - cs_rank(high - low))
[wfo:reward_only] fold 0 winner: cs_rank(-1 * ts_rank(close, 21) + zscore(volume, 21) + sma(close, 21) - cs_rank(high - low) + decay_linear(vwap, 21))
[wfo:reward_only] fold 0 OOS: Gross_IR=-1.500 Turnover=8.82 Net_IR=-1.986
[wfo:reward_only] fold 1: train 2002-01-01..2006-12-31 -> test 2007-01-01..2007-12-31
[reward_only] iter  0/50 [SEED] reward=-183.2838  rank(-1 * delta(close, 1))
[reward_only] iter  1/50 [OK ] reward=-188.1839  cs_rank(-1 * (delta(close, 1) / (vwap + 1e-5)))
[reward_only] iter  2/50 [ERR] reward=    -inf  cs_rank(-1 * (delta(close, 1) / (vwap + 1e-5)) + sma(volume, 10) / stddev(volume, 10))
[reward_only] iter  3/50 [OK ] reward=-188.1839  cs_rank(-1 * (delta(close, 1) / (vwap + 1e-5)))
[reward_only] iter  4/50 [ERR] reward=    -inf  cs_rank(-1 * (delta(close, 1) / (vwap + 1e-5)) + cs_rank(volume / stddev(volume, 20)))
[reward_only] iter  5/50 [OK ] reward=-188.1839  cs_rank(-1 * (delta(close, 1) / (vwap + 1e-5)))
[reward_only] iter  6/50 [OK ] reward=-136.7413  cs_rank(-1 * (delta(close, 1) / (vwap + 1e-5)) + zscore(volume, 20))
[reward_only] iter  7/50 [OK ] reward=-132.7806  cs_rank(-1 * (delta(close, 1) / (vwap + 1e-5)) + zscore(volume, 20) + decay_linear(ts_rank(vwap, 20), 20))
[reward_only] iter  8/50 [OK ] reward=-136.7413  cs_rank(-1 * (delta(close, 1) / (vwap + 1e-5)) + zscore(volume, 20))
[reward_only] iter  9/50 [OK ] reward=-104.1669  cs_rank(-1 * (delta(close, 1) / (vwap + 1e-5)) + zscore(volume, 20) + decay_linear(ts_rank(vwap, 20), 20) + stddev(close, 20))
[reward_only] iter 10/50 [OK ] reward=-105.8994  cs_rank(-1 * (delta(close, 1) / (vwap + 1e-5)) + zscore(volume, 20) + stddev(close, 20))
[reward_only] iter 11/50 [OK ] reward=-132.7806  cs_rank(-1 * (delta(close, 1) / (vwap + 1e-5)) + zscore(volume, 20) + decay_linear(ts_rank(vwap, 20), 20))
[reward_only] iter 12/50 [OK ] reward=-132.7806  cs_rank(-1 * (delta(close, 1) / (vwap + 1e-5)) + zscore(volume, 20) + decay_linear(ts_rank(vwap, 20), 20))
[reward_only] iter 13/50 [OK ] reward=-132.7806  cs_rank(-1 * (delta(close, 1) / (vwap + 1e-5)) + zscore(volume, 20) + decay_linear(ts_rank(vwap, 20), 20))
[reward_only] iter 14/50 [OK ] reward=-132.7806  cs_rank(-1 * (delta(close, 1) / (vwap + 1e-5)) + zscore(volume, 20) + decay_linear(ts_rank(vwap, 20), 20))
[reward_only] iter 15/50 [OK ] reward=-132.7806  cs_rank(-1 * (delta(close, 1) / (vwap + 1e-5)) + zscore(volume, 20) + decay_linear(ts_rank(vwap, 20), 20))
[reward_only] iter 16/50 [OK ] reward=-132.7806  cs_rank(-1 * (delta(close, 1) / (vwap + 1e-5)) + zscore(volume, 20) + decay_linear(ts_rank(vwap, 20), 20))
[reward_only] iter 17/50 [OK ] reward=-105.8994  cs_rank(-1 * (delta(close, 1) / (vwap + 1e-5)) + zscore(volume, 20) + stddev(close, 20))
[reward_only] iter 18/50 [OK ] reward=-132.7806  cs_rank(-1 * (delta(close, 1) / (vwap + 1e-5)) + zscore(volume, 20) + decay_linear(ts_rank(vwap, 20), 20))
[reward_only] iter 19/50 [OK ] reward=-132.7806  cs_rank(-1 * (delta(close, 1) / (vwap + 1e-5)) + zscore(volume, 20) + decay_linear(ts_rank(vwap, 20), 20))
[reward_only] iter 20/50 [OK ] reward=-132.7806  cs_rank(-1 * (delta(close, 1) / (vwap + 1e-5)) + zscore(volume, 20) + decay_linear(ts_rank(vwap, 20), 20))
[reward_only] iter 21/50 [OK ] reward=-132.7806  cs_rank(-1 * (delta(close, 1) / (vwap + 1e-5)) + zscore(volume, 20) + decay_linear(ts_rank(vwap, 20), 20))
[reward_only] iter 22/50 [OK ] reward=-132.7806  cs_rank(-1 * (delta(close, 1) / (vwap + 1e-5)) + zscore(volume, 20) + decay_linear(ts_rank(vwap, 20), 20))
[reward_only] iter 23/50 [OK ] reward=-132.7806  cs_rank(-1 * (delta(close, 1) / (vwap + 1e-5)) + zscore(volume, 20) + decay_linear(ts_rank(vwap, 20), 20))
[reward_only] iter 24/50 [OK ] reward=-132.7806  cs_rank(-1 * (delta(close, 1) / (vwap + 1e-5)) + zscore(volume, 20) + decay_linear(ts_rank(vwap, 20), 20))
[reward_only] iter 25/50 [OK ] reward=-132.7806  cs_rank(-1 * (delta(close, 1) / (vwap + 1e-5)) + zscore(volume, 20) + decay_linear(ts_rank(vwap, 20), 20))
[reward_only] iter 26/50 [OK ] reward=-132.7806  cs_rank(-1 * (delta(close, 1) / (vwap + 1e-5)) + zscore(volume, 20) + decay_linear(ts_rank(vwap, 20), 20))
[reward_only] iter 27/50 [OK ] reward=-132.7806  cs_rank(-1 * (delta(close, 1) / (vwap + 1e-5)) + zscore(volume, 20) + decay_linear(ts_rank(vwap, 20), 20))
[reward_only] iter 28/50 [OK ] reward=-132.7806  cs_rank(-1 * (delta(close, 1) / (vwap + 1e-5)) + zscore(volume, 20) + decay_linear(ts_rank(vwap, 20), 20))
[reward_only] iter 29/50 [OK ] reward=-132.7806  cs_rank(-1 * (delta(close, 1) / (vwap + 1e-5)) + zscore(volume, 20) + decay_linear(ts_rank(vwap, 20), 20))
[reward_only] iter 30/50 [OK ] reward=-132.7806  cs_rank(-1 * (delta(close, 1) / (vwap + 1e-5)) + zscore(volume, 20) + decay_linear(ts_rank(vwap, 20), 20))
[reward_only] iter 31/50 [OK ] reward=-105.8994  cs_rank(-1 * (delta(close, 1) / (vwap + 1e-5)) + zscore(volume, 20) + stddev(close, 20))
[reward_only] iter 32/50 [OK ] reward=-105.8994  cs_rank(-1 * (delta(close, 1) / (vwap + 1e-5)) + zscore(volume, 20) + stddev(close, 20))
[reward_only] iter 33/50 [OK ] reward=-132.7806  cs_rank(-1 * (delta(close, 1) / (vwap + 1e-5)) + zscore(volume, 20) + decay_linear(ts_rank(vwap, 20), 20))
[reward_only] iter 34/50 [OK ] reward=-132.7806  cs_rank(-1 * (delta(close, 1) / (vwap + 1e-5)) + zscore(volume, 20) + decay_linear(ts_rank(vwap, 20), 20))
[reward_only] iter 35/50 [OK ] reward=-132.7806  cs_rank(-1 * (delta(close, 1) / (vwap + 1e-5)) + zscore(volume, 20) + decay_linear(ts_rank(vwap, 20), 20))
[reward_only] iter 36/50 [OK ] reward=-132.7806  cs_rank(-1 * (delta(close, 1) / (vwap + 1e-5)) + zscore(volume, 20) + decay_linear(ts_rank(vwap, 20), 20))
[reward_only] iter 37/50 [OK ] reward=-132.7806  cs_rank(-1 * (delta(close, 1) / (vwap + 1e-5)) + zscore(volume, 20) + decay_linear(ts_rank(vwap, 20), 20))
[reward_only] iter 38/50 [OK ] reward=-132.7806  cs_rank(-1 * (delta(close, 1) / (vwap + 1e-5)) + zscore(volume, 20) + decay_linear(ts_rank(vwap, 20), 20))
[reward_only] iter 39/50 [OK ] reward=-132.7806  cs_rank(-1 * (delta(close, 1) / (vwap + 1e-5)) + zscore(volume, 20) + decay_linear(ts_rank(vwap, 20), 20))
[reward_only] iter 40/50 [OK ] reward=-132.7806  cs_rank(-1 * (delta(close, 1) / (vwap + 1e-5)) + zscore(volume, 20) + decay_linear(ts_rank(vwap, 20), 20))
[reward_only] iter 41/50 [OK ] reward=-132.7806  cs_rank(-1 * (delta(close, 1) / (vwap + 1e-5)) + zscore(volume, 20) + decay_linear(ts_rank(vwap, 20), 20))
[reward_only] iter 42/50 [OK ] reward=-132.7806  cs_rank(-1 * (delta(close, 1) / (vwap + 1e-5)) + zscore(volume, 20) + decay_linear(ts_rank(vwap, 20), 20))
[reward_only] iter 43/50 [OK ] reward=-132.7806  cs_rank(-1 * (delta(close, 1) / (vwap + 1e-5)) + zscore(volume, 20) + decay_linear(ts_rank(vwap, 20), 20))
[reward_only] iter 44/50 [OK ] reward=-132.7806  cs_rank(-1 * (delta(close, 1) / (vwap + 1e-5)) + zscore(volume, 20) + decay_linear(ts_rank(vwap, 20), 20))
[reward_only] iter 45/50 [OK ] reward=-132.7806  cs_rank(-1 * (delta(close, 1) / (vwap + 1e-5)) + zscore(volume, 20) + decay_linear(ts_rank(vwap, 20), 20))
[reward_only] iter 46/50 [OK ] reward=-132.7806  cs_rank(-1 * (delta(close, 1) / (vwap + 1e-5)) + zscore(volume, 20) + decay_linear(ts_rank(vwap, 20), 20))
[reward_only] iter 47/50 [OK ] reward=-132.7806  cs_rank(-1 * (delta(close, 1) / (vwap + 1e-5)) + zscore(volume, 20) + decay_linear(ts_rank(vwap, 20), 20))
[reward_only] iter 48/50 [OK ] reward=-105.8994  cs_rank(-1 * (delta(close, 1) / (vwap + 1e-5)) + zscore(volume, 20) + stddev(close, 20))
[reward_only] iter 49/50 [OK ] reward=-132.7806  cs_rank(-1 * (delta(close, 1) / (vwap + 1e-5)) + zscore(volume, 20) + decay_linear(ts_rank(vwap, 20), 20))
[reward_only] iter 50/50 [OK ] reward=-132.7806  cs_rank(-1 * (delta(close, 1) / (vwap + 1e-5)) + zscore(volume, 20) + decay_linear(ts_rank(vwap, 20), 20))
[wfo:reward_only] fold 1 winner: cs_rank(-1 * (delta(close, 1) / (vwap + 1e-5)) + zscore(volume, 20) + decay_linear(ts_rank(vwap, 20), 20) + stddev(close, 20))
[wfo:reward_only] fold 1 OOS: Gross_IR=-0.281 Turnover=169.09 Net_IR=-11.268
[wfo:reward_only] fold 2: train 2003-01-01..2007-12-31 -> test 2008-01-01..2008-12-31
[reward_only] iter  0/50 [SEED] reward=-180.2929  rank(-1 * delta(close, 1))
[reward_only] iter  1/50 [ERR] reward=    -inf  cs_rank((high - low) / (high + low + close))
[reward_only] iter  2/50 [OK ] reward=-180.4005  cs_rank(-1 * delta(close, 1) + decay_linear((high - low) / (high + low + close + 1e-5), 20))
[reward_only] iter  3/50 [OK ] reward=-180.3421  cs_rank(-1 * delta(close, 1) + (high - low) / (high + low + close + 1e-5))
[reward_only] iter  4/50 [OK ] reward=-180.2404  cs_rank(-1 * delta(close, 1) + vwap - open)
[reward_only] iter  5/50 [OK ] reward=-113.5298  cs_rank(-1 * delta(close, 1) + vwap - open + cs_rank(volume))
[reward_only] iter  6/50 [OK ] reward=-63.7138  cs_rank(-1 * delta(close, 1) + vwap - open + cs_rank(volume) + zscore(close, 20))
[reward_only] iter  7/50 [OK ] reward=-64.1880  cs_rank(-1 * delta(close, 1) + vwap - open + cs_rank(volume) + zscore(close, 20) + cs_rank(stddev(close, 20)))
[reward_only] iter  8/50 [OK ] reward=-63.7138  cs_rank(-1 * delta(close, 1) + vwap - open + cs_rank(volume) + zscore(close, 20))
[reward_only] iter  9/50 [OK ] reward=-63.7138  cs_rank(-1 * delta(close, 1) + vwap - open + cs_rank(volume) + zscore(close, 20))
[reward_only] iter 10/50 [OK ] reward=-65.2284  cs_rank(-1 * delta(close, 1) + vwap - open + zscore(close, 20))
[reward_only] iter 11/50 [OK ] reward= -7.5571  cs_rank(-1 * delta(close, 1) + vwap - open + cs_rank(volume) + zscore(close, 20) + decay_linear(close, 20))
[reward_only] iter 12/50 [OK ] reward=-63.7138  cs_rank(-1 * delta(close, 1) + vwap - open + cs_rank(volume) + zscore(close, 20))
[reward_only] iter 13/50 [OK ] reward=-63.7138  cs_rank(-1 * delta(close, 1) + vwap - open + cs_rank(volume) + zscore(close, 20))
[reward_only] iter 14/50 [OK ] reward=-63.7138  cs_rank(-1 * delta(close, 1) + vwap - open + cs_rank(volume) + zscore(close, 20))
[reward_only] iter 15/50 [OK ] reward=-63.7138  cs_rank(-1 * delta(close, 1) + vwap - open + cs_rank(volume) + zscore(close, 20))
[reward_only] iter 16/50 [OK ] reward=-63.7138  cs_rank(-1 * delta(close, 1) + vwap - open + cs_rank(volume) + zscore(close, 20))
[reward_only] iter 17/50 [OK ] reward=-63.7138  cs_rank(-1 * delta(close, 1) + vwap - open + cs_rank(volume) + zscore(close, 20))
[reward_only] iter 18/50 [OK ] reward=-63.7138  cs_rank(-1 * delta(close, 1) + vwap - open + cs_rank(volume) + zscore(close, 20))
[reward_only] iter 19/50 [OK ] reward=-63.7138  cs_rank(-1 * delta(close, 1) + vwap - open + cs_rank(volume) + zscore(close, 20))
[reward_only] iter 20/50 [OK ] reward=-63.7138  cs_rank(-1 * delta(close, 1) + vwap - open + cs_rank(volume) + zscore(close, 20))
[reward_only] iter 21/50 [OK ] reward=-63.7138  cs_rank(-1 * delta(close, 1) + vwap - open + cs_rank(volume) + zscore(close, 20))
[reward_only] iter 22/50 [OK ] reward= -7.2835  cs_rank(-1 * delta(close, 1) + vwap - open + zscore(close, 20) + decay_linear(close, 20))
[reward_only] iter 23/50 [OK ] reward=-65.2284  cs_rank(-1 * delta(close, 1) + vwap - open + zscore(close, 20))
[reward_only] iter 24/50 [OK ] reward= -5.9901  cs_rank(-1 * delta(close, 1) + vwap - open + zscore(close, 20) + decay_linear(volume, 20))
[reward_only] iter 25/50 [OK ] reward=-65.2284  cs_rank(-1 * delta(close, 1) + vwap - open + zscore(close, 20))
[reward_only] iter 26/50 [OK ] reward= -6.0901  cs_rank(-1 * delta(close, 1) + vwap - open + zscore(close, 20) + decay_linear(volume, 20) + cs_rank(volume))
[reward_only] iter 27/50 [OK ] reward= -5.9901  cs_rank(-1 * delta(close, 1) + vwap - open + zscore(close, 20) + decay_linear(volume, 20))
[reward_only] iter 28/50 [OK ] reward=-65.2284  cs_rank(-1 * delta(close, 1) + vwap - open + zscore(close, 20))
[reward_only] iter 29/50 [OK ] reward= -6.2401  cs_rank(-1 * delta(close, 1) + vwap - open + zscore(close, 20) + decay_linear(volume, 20) + cs_rank(vwap / (high - low + 1e-5)))
[reward_only] iter 30/50 [OK ] reward= -5.9901  cs_rank(-1 * delta(close, 1) + vwap - open + zscore(close, 20) + decay_linear(volume, 20))
[reward_only] iter 31/50 [OK ] reward=-65.2284  cs_rank(-1 * delta(close, 1) + vwap - open + zscore(close, 20))
[reward_only] iter 32/50 [OK ] reward= -6.1401  cs_rank(-1 * delta(close, 1) + vwap - open + zscore(close, 20) + decay_linear(volume, 20) + cs_rank(high - low))
[reward_only] iter 33/50 [OK ] reward= -5.9901  cs_rank(-1 * delta(close, 1) + vwap - open + zscore(close, 20) + decay_linear(volume, 20))
[reward_only] iter 34/50 [OK ] reward=-65.2284  cs_rank(-1 * delta(close, 1) + vwap - open + zscore(close, 20))
[reward_only] iter 35/50 [OK ] reward= -6.1401  cs_rank(-1 * delta(close, 1) + vwap - open + zscore(close, 20) + decay_linear(volume, 20) + ts_rank(close - open, 20))
[reward_only] iter 36/50 [OK ] reward= -5.9901  cs_rank(-1 * delta(close, 1) + vwap - open + zscore(close, 20) + decay_linear(volume, 20))
[reward_only] iter 37/50 [OK ] reward=-65.2284  cs_rank(-1 * delta(close, 1) + vwap - open + zscore(close, 20))
[reward_only] iter 38/50 [OK ] reward= -5.9901  cs_rank(vwap - open + zscore(close, 20) + decay_linear(volume, 20) - cs_rank(zscore(high - low, 10)))
[reward_only] iter 39/50 [OK ] reward= -5.9901  cs_rank(-1 * delta(close, 1) + vwap - open + zscore(close, 20) + decay_linear(volume, 20))
[reward_only] iter 40/50 [OK ] reward= -5.9901  cs_rank(-1 * delta(close, 1) + vwap - open + zscore(close, 20) + decay_linear(volume, 20))
[reward_only] iter 41/50 [OK ] reward=-65.2284  cs_rank(-1 * delta(close, 1) + vwap - open + zscore(close, 20))
[reward_only] iter 42/50 [OK ] reward= -6.0901  cs_rank(-1 * delta(close, 1) + vwap - open + zscore(close, 20) + decay_linear(volume, 20) + cs_rank(volume))
[reward_only] iter 43/50 [OK ] reward= -5.9901  cs_rank(-1 * delta(close, 1) + vwap - open + zscore(close, 20) + decay_linear(volume, 20))
[reward_only] iter 44/50 [OK ] reward=-65.2284  cs_rank(-1 * delta(close, 1) + vwap - open + zscore(close, 20))
[reward_only] iter 45/50 [OK ] reward= -6.1239  cs_rank(-1 * delta(close, 1) + vwap - open + zscore(close, 20) + decay_linear(volume, 20) + ts_rank(zscore(close, 60), 60))
[reward_only] iter 46/50 [OK ] reward= -5.9901  cs_rank(-1 * delta(close, 1) + vwap - open + zscore(close, 20) + decay_linear(volume, 20))
[reward_only] iter 47/50 [OK ] reward=-65.2284  cs_rank(-1 * delta(close, 1) + vwap - open + zscore(close, 20))
[reward_only] iter 48/50 [OK ] reward=-63.7138  cs_rank(-1 * delta(close, 1) + cs_rank(volume) + zscore(close, 20) + vwap - open)
[reward_only] iter 49/50 [OK ] reward= -5.9901  cs_rank(-1 * delta(close, 1) + vwap - open + zscore(close, 20) + decay_linear(volume, 20))
[reward_only] iter 50/50 [OK ] reward=-65.2284  cs_rank(-1 * delta(close, 1) + vwap - open + zscore(close, 20))
[wfo:reward_only] fold 2 winner: cs_rank(-1 * delta(close, 1) + vwap - open + zscore(close, 20) + decay_linear(volume, 20))
[wfo:reward_only] fold 2 OOS: Gross_IR=0.414 Turnover=12.47 Net_IR=0.099
[wfo:reward_only] fold 3: train 2004-01-01..2008-12-31 -> test 2009-01-01..2009-12-31
[reward_only] iter  0/50 [SEED] reward=-180.1841  rank(-1 * delta(close, 1))
[reward_only] iter  1/50 [ERR] reward=    -inf  rank(-1 * (high - low) / (high + low))
[reward_only] iter  2/50 [OK ] reward=-121.3641  rank(-1 * (high - low) / (high + low + 1e-5))
[reward_only] iter  3/50 [OK ] reward=-136.1296  rank(-1 * (high - low) / (high + low + 1e-5) + zscore(volume, 20))
[reward_only] iter  4/50 [OK ] reward= -5.2174  rank(-1 * (high - low) / (high + low + 1e-5) + sma(volume, 20))
[reward_only] iter  5/50 [OK ] reward=-121.3641  rank(-1 * (high - low) / (high + low + 1e-5))
[reward_only] iter  6/50 [OK ] reward=-136.1296  rank(-1 * (high - low) / (high + low + 1e-5) + zscore(volume, 20))
[reward_only] iter  7/50 [OK ] reward=-121.5624  rank(-1 * (high - low) / (high + low + 1e-5) + sma(volume, 20) / (sma(volume, 20) + 1e-5))
[reward_only] iter  8/50 [OK ] reward=-15.6147  rank(-1 * (high - low) / (high + low + 1e-5) + sma(volume, 20) / cs_rank(sma(volume, 20)))
[reward_only] iter  9/50 [OK ] reward= -5.2174  rank(-1 * (high - low) / (high + low + 1e-5) + sma(volume, 20))
[reward_only] iter 10/50 [OK ] reward=-121.3641  cs_rank(-1 * (high - low) / (high + low + 1e-5))
[reward_only] iter 11/50 [OK ] reward= -5.3674  rank(-1 * (high - low) / (high + low + 1e-5) + sma(volume, 20) + zscore(close - open, 20))
[reward_only] iter 12/50 [OK ] reward= -5.2174  rank(-1 * (high - low) / (high + low + 1e-5) + sma(volume, 20))
[reward_only] iter 13/50 [OK ] reward=-121.3641  rank(-1 * (high - low) / (high + low + 1e-5))
[reward_only] iter 14/50 [OK ] reward=-124.8197  rank(-1 * (high - low) / (high + low + 1e-5) + cs_rank(zscore(volume, 60)))
[reward_only] iter 15/50 [OK ] reward=-124.6870  rank(-1 * (high - low) / (high + low + 1e-5) + zscore(volume, 60))
[reward_only] iter 16/50 [OK ] reward= -5.2174  rank(-1 * (high - low) / (high + low + 1e-5) + sma(volume, 20))
[reward_only] iter 17/50 [OK ] reward=-121.3641  rank(-1 * (high - low) / (high + low + 1e-5))
[reward_only] iter 18/50 [OK ] reward=-139.2608  rank(-1 * (high - low) / (high + low + 1e-5) + ts_rank(volume, 20))
[reward_only] iter 19/50 [OK ] reward= -5.2174  rank(-1 * (high - low) / (high + low + 1e-5) + sma(volume, 20))
[reward_only] iter 20/50 [OK ] reward=-121.3641  rank(-1 * (high - low) / (high + low + 1e-5))
[reward_only] iter 21/50 [OK ] reward= -5.2174  rank(-1 * (high - low) / (high + low + 1e-5) + sma(volume, 20))
[reward_only] iter 22/50 [OK ] reward=-121.3641  rank(-1 * (high - low) / (high + low + 1e-5))
[reward_only] iter 23/50 [OK ] reward=-136.1296  rank(-1 * (high - low) / (high + low + 1e-5) + zscore(volume, 20))
[reward_only] iter 24/50 [ERR] reward=    -inf  rank(-1 * (high - low) / (high + low + 1e-5) + decay_linear(sma(volume, 20), 10))
[reward_only] iter 25/50 [OK ] reward= -6.2273  rank(-1 * (high - low) / (high + low + 1e-5) + decay_linear(volume, 20))
[reward_only] iter 26/50 [OK ] reward= -5.2174  rank(-1 * (high - low) / (high + low + 1e-5) + sma(volume, 20))
[reward_only] iter 27/50 [OK ] reward=-121.3641  rank(-1 * (high - low) / (high + low + 1e-5))
[reward_only] iter 28/50 [OK ] reward= -5.3174  rank(-1 * (high - low) / (high + low + 1e-5) + sma(volume, 20) + zscore(close, 20))
[reward_only] iter 29/50 [OK ] reward= -6.2273  rank(-1 * (high - low) / (high + low + 1e-5) + decay_linear(volume, 20))
[reward_only] iter 30/50 [OK ] reward=-121.3641  rank(-1 * (high - low) / (high + low + 1e-5))
[reward_only] iter 31/50 [OK ] reward=-23.1898  rank(-1 * (high - low) / (high + low + 1e-5) + sma(volume, 20)) + rank(zscore(vwap, 60))
[reward_only] iter 32/50 [OK ] reward= -5.2174  cs_rank(-1 * (high - low) / (high + low + 1e-5) + sma(volume, 20))
[reward_only] iter 33/50 [OK ] reward=-121.3641  cs_rank(-1 * (high - low) / (high + low + 1e-5))
[reward_only] iter 34/50 [ERR] reward=    -inf  cs_rank(-1 * (high - low) / (high + low + 1e-5) + sma(volume, 20) / stddev(volume, 20))
[reward_only] iter 35/50 [OK ] reward=-25.2005  cs_rank(-1 * (high - low) / (high + low + 1e-5) + sma(volume, 20) / (stddev(volume, 20) + 1e-5))
[reward_only] iter 36/50 [OK ] reward=-25.2005  cs_rank(-1 * (high - low) / (high + low + 1e-5) + sma(volume, 20) / (stddev(volume, 20) + 1e-5))
[reward_only] iter 37/50 [OK ] reward= -5.2174  rank(-1 * (high - low) / (high + low + 1e-5) + sma(volume, 20))
[reward_only] iter 38/50 [OK ] reward=-121.3641  rank(-1 * (high - low) / (high + low + 1e-5))
[reward_only] iter 39/50 [OK ] reward= -5.3653  rank(-1 * (high - low) / (high + low + 1e-5) + sma(volume, 20) - decay_linear(stddev(close, 20), 20))
[reward_only] iter 40/50 [OK ] reward= -5.2174  rank(-1 * (high - low) / (high + low + 1e-5) + sma(volume, 20))
[reward_only] iter 41/50 [OK ] reward=-121.3641  rank(-1 * (high - low) / (high + low + 1e-5))
[reward_only] iter 42/50 [OK ] reward= -5.3653  rank(-1 * (high - low) / (high + low + 1e-5) + sma(volume, 20) - decay_linear(stddev(close, 20), 20))
[reward_only] iter 43/50 [OK ] reward= -5.2174  cs_rank(-1 * (high - low) / (high + low + 1e-5) + sma(volume, 20))
[reward_only] iter 44/50 [OK ] reward=-121.3641  rank(-1 * (high - low) / (high + low + 1e-5))
[reward_only] iter 45/50 [OK ] reward= -5.3674  rank(-1 * (high - low) / (high + low + 1e-5) + sma(volume, 20) + zscore(close - open, 20))
[reward_only] iter 46/50 [OK ] reward= -5.2174  cs_rank(-1 * (high - low) / (high + low + 1e-5) + sma(volume, 20))
[reward_only] iter 47/50 [OK ] reward=-121.3641  rank(-1 * (high - low) / (high + low + 1e-5))
[reward_only] iter 48/50 [OK ] reward= -5.3174  rank(-1 * (high - low) / (high + low + 1e-5) + sma(volume, 20) + zscore(close, 20))
[reward_only] iter 49/50 [OK ] reward= -5.2174  rank(-1 * (high - low) / (high + low + 1e-5) + sma(volume, 20))
[reward_only] iter 50/50 [OK ] reward=-43.7620  rank(-1 * (high - low) / (high + low + 1e-5) + cs_rank(volume))
[wfo:reward_only] fold 3 winner: rank(-1 * (high - low) / (high + low + 1e-5) + sma(volume, 20))
[wfo:reward_only] fold 3 OOS: Gross_IR=1.337 Turnover=10.01 Net_IR=0.945
[wfo:reward_only] fold 4: train 2005-01-01..2009-12-31 -> test 2010-01-01..2010-12-31
[reward_only] iter  0/50 [SEED] reward=-181.0199  rank(-1 * delta(close, 1))
[reward_only] iter  1/50 [OK ] reward=-155.2437  rank(-1 * (delta(close, 1) + zscore(volume, 20)))
[reward_only] iter  2/50 [ERR] reward=    -inf  cs_rank((high - low) / (high + low + close) + zscore(volume, 20))
[reward_only] iter  3/50 [OK ] reward=-136.5959  cs_rank((high - low) / (high + low + close + 1e-5) + zscore(volume, 20))
[reward_only] iter  4/50 [OK ] reward=-93.4996  cs_rank((high - low) / (high + low + close + 1e-5) + zscore(volume, 20) + decay_linear(zscore(close, 20), 10))
[reward_only] iter  5/50 [OK ] reward=-136.5959  cs_rank((high - low) / (high + low + close + 1e-5) + zscore(volume, 20))
[reward_only] iter  6/50 [OK ] reward=-105.2365  cs_rank((high - low) / (high + low + close + 1e-5) + zscore(volume, 20) + decay_linear(zscore(close, 20), 10) + ts_rank(zscore(high - low, 20), 20))
[reward_only] iter  7/50 [OK ] reward=-93.4996  cs_rank((high - low) / (high + low + close + 1e-5) + zscore(volume, 20) + decay_linear(zscore(close, 20), 10))
[reward_only] iter  8/50 [OK ] reward=-136.5959  cs_rank((high - low) / (high + low + close + 1e-5) + zscore(volume, 20))
[reward_only] iter  9/50 [OK ] reward=-90.1630  cs_rank((high - low) / (high + low + close + 1e-5) + zscore(volume, 20) + decay_linear(zscore(close, 20), 10) + ts_rank(stddev(close, 20), 20))
[reward_only] iter 10/50 [OK ] reward=-93.4996  cs_rank((high - low) / (high + low + close + 1e-5) + zscore(volume, 20) + decay_linear(zscore(close, 20), 10))
[reward_only] iter 11/50 [OK ] reward=-93.4996  cs_rank((high - low) / (high + low + close + 1e-5) + zscore(volume, 20) + decay_linear(zscore(close, 20), 10))
[reward_only] iter 12/50 [OK ] reward=-131.4905  cs_rank((high - low) / (high + low + close + 1e-5) + zscore(volume, 20) + ts_rank(zscore(close, 20), 20))
[reward_only] iter 13/50 [OK ] reward=-119.9879  cs_rank((high - low) / (high + low + close + 1e-5) + zscore(volume, 20) + ts_rank(stddev(close, 20), 20))
[reward_only] iter 14/50 [OK ] reward=-93.4996  cs_rank((high - low) / (high + low + close + 1e-5) + zscore(volume, 20) + decay_linear(zscore(close, 20), 10))
[reward_only] iter 15/50 [OK ] reward=-93.4996  cs_rank((high - low) / (high + low + close + 1e-5) + zscore(volume, 20) + decay_linear(zscore(close, 20), 10))
[reward_only] iter 16/50 [OK ] reward=-93.4996  cs_rank((high - low) / (high + low + close + 1e-5) + zscore(volume, 20) + decay_linear(zscore(close, 20), 10))
[reward_only] iter 17/50 [OK ] reward=-93.4996  cs_rank((high - low) / (high + low + close + 1e-5) + zscore(volume, 20) + decay_linear(zscore(close, 20), 10))
[reward_only] iter 18/50 [OK ] reward=-93.4996  cs_rank((high - low) / (high + low + close + 1e-5) + zscore(volume, 20) + decay_linear(zscore(close, 20), 10))
[reward_only] iter 19/50 [OK ] reward=-93.4996  cs_rank((high - low) / (high + low + close + 1e-5) + zscore(volume, 20) + decay_linear(zscore(close, 20), 10))
[reward_only] iter 20/50 [OK ] reward=-93.4996  cs_rank((high - low) / (high + low + close + 1e-5) + zscore(volume, 20) + decay_linear(zscore(close, 20), 10))
[reward_only] iter 21/50 [OK ] reward=-93.4996  cs_rank((high - low) / (high + low + close + 1e-5) + zscore(volume, 20) + decay_linear(zscore(close, 20), 10))
[reward_only] iter 22/50 [OK ] reward=-93.4996  cs_rank((high - low) / (high + low + close + 1e-5) + zscore(volume, 20) + decay_linear(zscore(close, 20), 10))
[reward_only] iter 23/50 [OK ] reward=-93.4996  cs_rank((high - low) / (high + low + close + 1e-5) + zscore(volume, 20) + decay_linear(zscore(close, 20), 10))
[reward_only] iter 24/50 [OK ] reward=-24.8908  cs_rank((high - low) / (high + low + close + 1e-5) + decay_linear(zscore(close, 20), 10))
[reward_only] iter 25/50 [OK ] reward=-60.6658  cs_rank((high - low) / (high + low + close + 1e-5) + zscore(close, 20))
[reward_only] iter 26/50 [OK ] reward=-26.1577  cs_rank((high - low) / (high + low + close + 1e-5) + decay_linear(ts_rank(close, 20), 10))
[reward_only] iter 27/50 [OK ] reward=-60.6658  cs_rank((high - low) / (high + low + close + 1e-5) + zscore(close, 20))
[reward_only] iter 28/50 [OK ] reward=-30.7285  cs_rank((high - low) / (high + low + close + 1e-5) + decay_linear(zscore(close, 20), 10) * cs_rank(volume))
[reward_only] iter 29/50 [OK ] reward=-60.6658  cs_rank((high - low) / (high + low + close + 1e-5) + zscore(close, 20))
[reward_only] iter 30/50 [OK ] reward=-38.1355  cs_rank((high - low) / (high + low + close + 1e-5) + zscore(close, 50))
[reward_only] iter 31/50 [OK ] reward=-24.8874  cs_rank((high - low) / (high + low + close + 1e-5) + decay_linear(zscore(close, 20), 10) + cs_rank(volume / (high + low + close + 1e-5)))
[reward_only] iter 32/50 [OK ] reward=-60.6658  cs_rank((high - low) / (high + low + close + 1e-5) + zscore(close, 20))
[reward_only] iter 33/50 [OK ] reward=-43.9187  cs_rank((close - open) / (high + low + close + 1e-5) + decay_linear(zscore(volume, 20), 10) + cs_rank(volume / (high + low + close + 1e-5)))
[reward_only] iter 34/50 [OK ] reward=-24.8908  cs_rank((high - low) / (high + low + close + 1e-5) + decay_linear(zscore(close, 20), 10))
[reward_only] iter 35/50 [OK ] reward=-24.8908  cs_rank((high - low) / (high + low + close + 1e-5) + decay_linear(zscore(close, 20), 10))
[reward_only] iter 36/50 [OK ] reward=-24.8874  cs_rank((high - low) / (high + low + close + 1e-5) + decay_linear(zscore(close, 20), 10) + cs_rank(volume / (high + low + close + 1e-5)))
[reward_only] iter 37/50 [OK ] reward=-24.8908  cs_rank((high - low) / (high + low + close + 1e-5) + decay_linear(zscore(close, 20), 10))
[reward_only] iter 38/50 [OK ] reward=-24.8908  cs_rank((high - low) / (high + low + close + 1e-5) + decay_linear(zscore(close, 20), 10))
[reward_only] iter 39/50 [OK ] reward=-60.6658  cs_rank((high - low) / (high + low + close + 1e-5) + zscore(close, 20))
[reward_only] iter 40/50 [OK ] reward=-133.5667  cs_rank((high - low) / (high + low + close + 1e-5) + decay_linear(zscore(close, 20), 10) + cs_rank(volume / (high + low + close + 1e-5))) + cs_rank(close - open)
[reward_only] iter 41/50 [OK ] reward=-24.8908  cs_rank((high - low) / (high + low + close + 1e-5) + decay_linear(zscore(close, 20), 10))
[reward_only] iter 42/50 [OK ] reward=-27.3425  cs_rank((high - low) / (high + low + close + 1e-5) + cs_rank(volume / (high + low + close + 1e-5)))
[reward_only] iter 43/50 [OK ] reward=-24.8908  cs_rank((high - low) / (high + low + close + 1e-5) + decay_linear(zscore(close, 20), 10))
[reward_only] iter 44/50 [OK ] reward=-24.8908  cs_rank((high - low) / (high + low + close + 1e-5) + decay_linear(zscore(close, 20), 10))
[reward_only] iter 45/50 [OK ] reward=-60.6658  cs_rank((high - low) / (high + low + close + 1e-5) + zscore(close, 20))
[reward_only] iter 46/50 [OK ] reward=-30.7044  cs_rank((high - low) / (high + low + close + 1e-5) + decay_linear(zscore(close, 20), 10) + cs_rank(volume / (high + low + close + 1e-5)) + ts_rank(close, 20))
[reward_only] iter 47/50 [OK ] reward=-24.8874  cs_rank((high - low) / (high + low + close + 1e-5) + decay_linear(zscore(close, 20), 10) + cs_rank(volume / (high + low + close + 1e-5)))
[reward_only] iter 48/50 [OK ] reward=-24.8908  cs_rank((high - low) / (high + low + close + 1e-5) + decay_linear(zscore(close, 20), 10))
[reward_only] iter 49/50 [OK ] reward=-24.8908  cs_rank((high - low) / (high + low + close + 1e-5) + decay_linear(zscore(close, 20), 10))
[reward_only] iter 50/50 [OK ] reward=-60.6658  cs_rank((high - low) / (high + low + close + 1e-5) + zscore(close, 20))
[wfo:reward_only] fold 4 winner: cs_rank((high - low) / (high + low + close + 1e-5) + decay_linear(zscore(close, 20), 10) + cs_rank(volume / (high + low + close + 1e-5)))
[wfo:reward_only] fold 4 OOS: Gross_IR=-0.989 Turnover=45.93 Net_IR=-4.032
[wfo:reward_only] fold 5: train 2006-01-01..2010-12-31 -> test 2011-01-01..2011-12-31
[reward_only] iter  0/50 [SEED] reward=-181.0387  rank(-1 * delta(close, 1))
[reward_only] iter  1/50 [OK ] reward=-119.1610  cs_rank(close / (high - low + 1e-5))
[reward_only] iter  2/50 [ERR] reward=    -inf  cs_rank(ts_rank(close, 252) - cs_rank(low, 252))
[reward_only] iter  3/50 [OK ] reward=-53.1576  cs_rank(close / (high - low + 1e-5) * sma(volume, 60))
[reward_only] iter  4/50 [OK ] reward=-38.1508  cs_rank(close / (high - low + 1e-5) * sma(volume, 60) * zscore(close, 60))
[reward_only] iter  5/50 [OK ] reward=-116.0897  cs_rank((close / (high - low + 1e-5)) * (ts_rank(close, 20) / ts_rank(volume, 20)))
[reward_only] iter  6/50 [OK ] reward=-173.2579  cs_rank((close - open) / (high - low + 1e-5) * sma(volume, 60) * zscore(close, 60))
[reward_only] iter  7/50 [OK ] reward=-53.1576  cs_rank(close / (high - low + 1e-5) * sma(volume, 60))
[reward_only] iter  8/50 [OK ] reward=-38.5630  cs_rank(close / (high - low + 1e-5) * sma(volume, 60) * zscore(close, 60) * cs_rank(stddev(close, 60)))
[reward_only] iter  9/50 [OK ] reward=-38.1508  cs_rank(close / (high - low + 1e-5) * sma(volume, 60) * zscore(close, 60))
[reward_only] iter 10/50 [OK ] reward=-173.2579  cs_rank((close - open) / (high - low + 1e-5) * sma(volume, 60) * zscore(close, 60))
[reward_only] iter 11/50 [OK ] reward=-53.1576  cs_rank(close / (high - low + 1e-5) * sma(volume, 60))
[reward_only] iter 12/50 [OK ] reward=-38.5630  cs_rank(close / (high - low + 1e-5) * sma(volume, 60) * zscore(close, 60) * cs_rank(stddev(close, 60)))
[reward_only] iter 13/50 [OK ] reward=-38.1508  cs_rank(close / (high - low + 1e-5) * sma(volume, 60) * zscore(close, 60))
[reward_only] iter 14/50 [OK ] reward=-173.2579  cs_rank((close - open) / (high - low + 1e-5) * sma(volume, 60) * zscore(close, 60))
[reward_only] iter 15/50 [OK ] reward=-38.1508  cs_rank(close / (high - low + 1e-5) * sma(volume, 60) * zscore(close, 60))
[reward_only] iter 16/50 [OK ] reward=-173.2579  cs_rank((close - open) / (high - low + 1e-5) * sma(volume, 60) * zscore(close, 60))
[reward_only] iter 17/50 [OK ] reward=-53.1576  cs_rank(close / (high - low + 1e-5) * sma(volume, 60))
[reward_only] iter 18/50 [OK ] reward=-38.5630  cs_rank(close / (high - low + 1e-5) * sma(volume, 60) * zscore(close, 60) * cs_rank(stddev(close, 60)))
[reward_only] iter 19/50 [OK ] reward=-38.1508  cs_rank(close / (high - low + 1e-5) * sma(volume, 60) * zscore(close, 60))
[reward_only] iter 20/50 [ERR] reward=    -inf  cs_rank(close / (high - low + 1e-5) * sma(volume, 60) * zscore(close, 60) * cs_rank(close / open))
[reward_only] iter 21/50 [ERR] reward=    -inf  cs_rank(close / (high - low + 1e-5) * sma(volume, 60) * zscore(close, 60) * cs_rank((close - open) / open))
[reward_only] iter 22/50 [OK ] reward=-173.4290  cs_rank(close / (high - low + 1e-5) * sma(volume, 60) * zscore(close, 60) * (close - open) / (open + 1e-5))
[reward_only] iter 23/50 [OK ] reward=-38.1508  cs_rank(close / (high - low + 1e-5) * sma(volume, 60) * zscore(close, 60))
[reward_only] iter 24/50 [OK ] reward=-52.9662  cs_rank((close / (high - low + 1e-5)) * (ts_rank(volume, 60) / cs_rank(volume)) * zscore(close, 60))
[reward_only] iter 25/50 [OK ] reward=-38.1508  cs_rank(close / (high - low + 1e-5) * sma(volume, 60) * zscore(close, 60))
[reward_only] iter 26/50 [OK ] reward=-173.2579  cs_rank((close - open) / (high - low + 1e-5) * sma(volume, 60) * zscore(close, 60))
[reward_only] iter 27/50 [OK ] reward=-53.1576  cs_rank(close / (high - low + 1e-5) * sma(volume, 60))
[reward_only] iter 28/50 [OK ] reward=-33.6663  cs_rank(close / (high - low + 1e-5) * sma(volume, 60) * zscore(close, 60) * cs_rank(stddev(volume, 60)))
[reward_only] iter 29/50 [OK ] reward=-38.1508  cs_rank(close / (high - low + 1e-5) * sma(volume, 60) * zscore(close, 60))
[reward_only] iter 30/50 [OK ] reward=-38.8710  cs_rank(close / (high - low + 1e-5) * sma(volume, 60) * zscore(close, 60) * cs_rank(stddev(volume, 60)) * ts_rank(close, 60))
[reward_only] iter 31/50 [OK ] reward=-38.1508  cs_rank(close / (high - low + 1e-5) * sma(volume, 60) * zscore(close, 60))
[reward_only] iter 32/50 [OK ] reward=-45.5748  cs_rank(close / (high - low + 1e-5) * sma(volume, 60) * zscore(close, 60) * ts_rank(close, 60))
[reward_only] iter 33/50 [OK ] reward=-32.5297  cs_rank(close / (high - low + 1e-5) * sma(volume, 60) * zscore(close, 60) * stddev(volume, 60))
[reward_only] iter 34/50 [OK ] reward=-38.1508  cs_rank(close / (high - low + 1e-5) * sma(volume, 60) * zscore(close, 60))
[reward_only] iter 35/50 [OK ] reward=-32.6745  cs_rank(close / (high - low + 1e-5) * sma(volume, 60) * zscore(close, 60) * decay_linear(stddev(volume, 60), 60))
[reward_only] iter 36/50 [OK ] reward=-38.1508  cs_rank(close / (high - low + 1e-5) * sma(volume, 60) * zscore(close, 60))
[reward_only] iter 37/50 [OK ] reward=-167.9467  cs_rank((close - open) / (high - low + 1e-5) * sma(volume, 60) * zscore(close, 60) * stddev(volume, 60))
[reward_only] iter 38/50 [OK ] reward=-38.1508  cs_rank(close / (high - low + 1e-5) * sma(volume, 60) * zscore(close, 60))
[reward_only] iter 39/50 [OK ] reward=-32.5781  cs_rank(close / (high - low + 1e-5) * sma(volume, 60) * zscore(close, 60) * decay_linear(stddev(volume, 60), 20))
[reward_only] iter 40/50 [OK ] reward=-38.1508  cs_rank(close / (high - low + 1e-5) * sma(volume, 60) * zscore(close, 60))
[reward_only] iter 41/50 [OK ] reward=-45.5748  cs_rank(close / (high - low + 1e-5) * sma(volume, 60) * zscore(close, 60) * ts_rank(close, 60))
[reward_only] iter 42/50 [OK ] reward=-38.1508  cs_rank(close / (high - low + 1e-5) * sma(volume, 60) * zscore(close, 60))
[reward_only] iter 43/50 [OK ] reward=-58.6802  cs_rank(close / (high - low + 1e-5) * sma(volume, 60) * ts_rank(close, 20))
[reward_only] iter 44/50 [ERR] reward=    -inf  cs_rank(close / (high - low + 1e-5) * sma(volume, 60) * zscore(close, 60) * stddev(volume, 60) * cs_rank(volume / sma(volume, 60)))
[reward_only] iter 45/50 [OK ] reward=-41.2872  cs_rank(close / (high - low + 1e-5) * sma(volume, 60) * zscore(close, 60) * stddev(volume, 60) * cs_rank(volume / (sma(volume, 60) + 1e-5)))
[reward_only] iter 46/50 [OK ] reward=-38.1508  cs_rank(close / (high - low + 1e-5) * sma(volume, 60) * zscore(close, 60))
[reward_only] iter 47/50 [OK ] reward=-32.6745  cs_rank(close / (high - low + 1e-5) * sma(volume, 60) * zscore(close, 60) * decay_linear(stddev(volume, 60), 60))
[reward_only] iter 48/50 [OK ] reward=-38.1508  cs_rank(close / (high - low + 1e-5) * sma(volume, 60) * zscore(close, 60))
[reward_only] iter 49/50 [OK ] reward=-32.5781  cs_rank(close / (high - low + 1e-5) * sma(volume, 60) * zscore(close, 60) * decay_linear(stddev(volume, 60), 20))
[reward_only] iter 50/50 [OK ] reward=-38.1508  cs_rank(close / (high - low + 1e-5) * sma(volume, 60) * zscore(close, 60))
[wfo:reward_only] fold 5 winner: cs_rank(close / (high - low + 1e-5) * sma(volume, 60) * zscore(close, 60) * stddev(volume, 60))
[wfo:reward_only] fold 5 OOS: Gross_IR=0.873 Turnover=63.84 Net_IR=-2.291
[wfo:reward_only] fold 6: train 2007-01-01..2011-12-31 -> test 2012-01-01..2012-12-31
[reward_only] iter  0/50 [SEED] reward=-181.6609  rank(-1 * delta(close, 1))
[reward_only] iter  1/50 [OK ] reward=-154.1318  cs_rank(-1 * delta(close, 1) + zscore(volume, 20))
[reward_only] iter  2/50 [OK ] reward=-148.6891  cs_rank(-1 * delta(close, 1) + zscore(volume, 20) + cs_rank(stddev(close, 20)))
[reward_only] iter  3/50 [OK ] reward=-154.1318  cs_rank(-1 * delta(close, 1) + zscore(volume, 20))
[reward_only] iter  4/50 [ERR] reward=    -inf  cs_rank(-1 * delta(close, 1) + zscore(volume, 20) + cs_rank(stddev(close, 20)) + cs_rank((high - low) / (high + low)))
[reward_only] iter  5/50 [OK ] reward=-145.4968  cs_rank(-1 * delta(close, 1) + zscore(volume, 20) + cs_rank(stddev(close, 20)) + cs_rank((high - low) / (high + low + 1e-5)))
[reward_only] iter  6/50 [OK ] reward=-148.6891  cs_rank(-1 * delta(close, 1) + zscore(volume, 20) + cs_rank(stddev(close, 20)))
[reward_only] iter  7/50 [OK ] reward=-148.6891  cs_rank(-1 * delta(close, 1) + zscore(volume, 20) + cs_rank(stddev(close, 20)))
[reward_only] iter  8/50 [OK ] reward=-148.6891  cs_rank(-1 * delta(close, 1) + zscore(volume, 20) + cs_rank(stddev(close, 20)))
[reward_only] iter  9/50 [OK ] reward=-145.4968  cs_rank(-1 * delta(close, 1) + zscore(volume, 20) + cs_rank(stddev(close, 20)) + cs_rank((high - low) / (high + low + 1e-5)))
[reward_only] iter 10/50 [OK ] reward=-152.1030  cs_rank(-1 * delta(close, 1) + zscore(volume, 20) + cs_rank((high - low) / (high + low + 1e-5)))
[reward_only] iter 11/50 [OK ] reward=-148.6891  cs_rank(-1 * delta(close, 1) + zscore(volume, 20) + cs_rank(stddev(close, 20)))
[reward_only] iter 12/50 [OK ] reward=-148.6891  cs_rank(-1 * delta(close, 1) + zscore(volume, 20) + cs_rank(stddev(close, 20)))
[reward_only] iter 13/50 [OK ] reward=-148.6891  cs_rank(-1 * delta(close, 1) + zscore(volume, 20) + cs_rank(stddev(close, 20)))
[reward_only] iter 14/50 [OK ] reward=-148.6891  cs_rank(-1 * delta(close, 1) + zscore(volume, 20) + cs_rank(stddev(close, 20)))
[reward_only] iter 15/50 [OK ] reward=-145.4968  cs_rank(-1 * delta(close, 1) + zscore(volume, 20) + cs_rank(stddev(close, 20)) + cs_rank((high - low) / (high + low + 1e-5)))
[reward_only] iter 16/50 [OK ] reward=-154.1318  cs_rank(-1 * delta(close, 1) + zscore(volume, 20))
[reward_only] iter 17/50 [OK ] reward=-145.4968  cs_rank(-1 * delta(close, 1) + zscore(volume, 20) + cs_rank(stddev(close, 20)) + cs_rank((high - low) / (high + low + 1e-5)))
[reward_only] iter 18/50 [OK ] reward=-148.6891  cs_rank(-1 * delta(close, 1) + zscore(volume, 20) + cs_rank(stddev(close, 20)))
[reward_only] iter 19/50 [OK ] reward=-148.6891  cs_rank(-1 * delta(close, 1) + zscore(volume, 20) + cs_rank(stddev(close, 20)))
[reward_only] iter 20/50 [OK ] reward=-145.4968  cs_rank(-1 * delta(close, 1) + zscore(volume, 20) + cs_rank(stddev(close, 20)) + cs_rank((high - low) / (high + low + 1e-5)))
[reward_only] iter 21/50 [OK ] reward=-148.6891  cs_rank(-1 * delta(close, 1) + zscore(volume, 20) + cs_rank(stddev(close, 20)))
[reward_only] iter 22/50 [OK ] reward=-145.4968  cs_rank(-1 * delta(close, 1) + zscore(volume, 20) + cs_rank(stddev(close, 20)) + cs_rank((high - low) / (high + low + 1e-5)))
[reward_only] iter 23/50 [OK ] reward=-148.6891  cs_rank(-1 * delta(close, 1) + zscore(volume, 20) + cs_rank(stddev(close, 20)))
[reward_only] iter 24/50 [OK ] reward=-148.6891  cs_rank(-1 * delta(close, 1) + zscore(volume, 20) + cs_rank(stddev(close, 20)))
[reward_only] iter 25/50 [OK ] reward=-145.4968  cs_rank(-1 * delta(close, 1) + zscore(volume, 20) + cs_rank(stddev(close, 20)) + cs_rank((high - low) / (high + low + 1e-5)))
[reward_only] iter 26/50 [OK ] reward=-143.9343  cs_rank(-1 * delta(close, 1) + cs_rank(stddev(close, 20)) + cs_rank((high - low) / (high + low + 1e-5)))
[reward_only] iter 27/50 [OK ] reward=-155.4723  cs_rank(-1 * delta(close, 1) + cs_rank(stddev(close, 20)))
[reward_only] iter 28/50 [OK ] reward=-176.0345  cs_rank(volume * (close - open) / (high - low + 1e-5))
[reward_only] iter 29/50 [OK ] reward=-155.2728  cs_rank(-1 * delta(close, 1) + cs_rank(stddev(close, 20)) + cs_rank(volume * (close - open) / (high - low + 1e-5)))
[reward_only] iter 30/50 [OK ] reward=-143.9343  cs_rank(-1 * delta(close, 1) + cs_rank(stddev(close, 20)) + cs_rank((high - low) / (high + low + 1e-5)))
[reward_only] iter 31/50 [OK ] reward=-155.4723  cs_rank(-1 * delta(close, 1) + cs_rank(stddev(close, 20)))
[reward_only] iter 32/50 [OK ] reward=-160.6999  cs_rank(-1 * delta(close, 1) + cs_rank(stddev(close, 20)) + cs_rank(volume / (vwap + 1e-5)))
[reward_only] iter 33/50 [OK ] reward=-143.9343  cs_rank(-1 * delta(close, 1) + cs_rank(stddev(close, 20)) + cs_rank((high - low) / (high + low + 1e-5)))
[reward_only] iter 34/50 [OK ] reward=-155.4723  cs_rank(-1 * delta(close, 1) + cs_rank(stddev(close, 20)))
[reward_only] iter 35/50 [OK ] reward=-160.6999  cs_rank(-1 * delta(close, 1) + cs_rank(stddev(close, 20)) + cs_rank(volume / (vwap + 1e-5)))
[reward_only] iter 36/50 [OK ] reward=-143.9343  cs_rank(-1 * delta(close, 1) + cs_rank(stddev(close, 20)) + cs_rank((high - low) / (high + low + 1e-5)))
[reward_only] iter 37/50 [OK ] reward=-155.4723  cs_rank(-1 * delta(close, 1) + cs_rank(stddev(close, 20)))
[reward_only] iter 38/50 [OK ] reward=-160.6999  cs_rank(-1 * delta(close, 1) + cs_rank(stddev(close, 20)) + cs_rank(volume / (vwap + 1e-5)))
[reward_only] iter 39/50 [OK ] reward=-143.9343  cs_rank(-1 * delta(close, 1) + cs_rank(stddev(close, 20)) + cs_rank((high - low) / (high + low + 1e-5)))
[reward_only] iter 40/50 [OK ] reward=-155.4723  cs_rank(-1 * delta(close, 1) + cs_rank(stddev(close, 20)))
[reward_only] iter 41/50 [OK ] reward=-160.7264  cs_rank(-1 * delta(close, 1) + cs_rank(stddev(close, 20)) + cs_rank(volume / (high + low + 1e-5)))
[reward_only] iter 42/50 [OK ] reward=-155.4723  cs_rank(-1 * delta(close, 1) + cs_rank(stddev(close, 20)))
[reward_only] iter 43/50 [OK ] reward=-46.0570  cs_rank(volume * cs_rank(stddev(close, 20)))
[reward_only] iter 44/50 [ERR] reward=    -inf  cs_rank((high - low) / (high + low) * cs_rank(volume))
[reward_only] iter 45/50 [OK ] reward=-70.1204  cs_rank(volume * cs_rank(stddev(close, 20)) * (high - low) / (high + low + 1e-5))
[reward_only] iter 46/50 [OK ] reward=-46.0570  cs_rank(volume * cs_rank(stddev(close, 20)))
[reward_only] iter 47/50 [OK ] reward=-50.5396  cs_rank(volume * cs_rank(zscore(close, 20)))
[reward_only] iter 48/50 [OK ] reward=-56.2401  cs_rank(volume * cs_rank(ts_rank(close, 20)))
[reward_only] iter 49/50 [OK ] reward=-104.3324  cs_rank(volume * cs_rank(close - open))
[reward_only] iter 50/50 [OK ] reward=-81.3107  cs_rank(volume * cs_rank(stddev(close, 20) + cs_rank(close - open)))
[wfo:reward_only] fold 6 winner: cs_rank(volume * cs_rank(stddev(close, 20)))
[wfo:reward_only] fold 6 OOS: Gross_IR=0.080 Turnover=89.60 Net_IR=-7.224
[wfo:reward_only] fold 7: train 2008-01-01..2012-12-31 -> test 2013-01-01..2013-12-31
[reward_only] iter  0/50 [SEED] reward=-181.3433  rank(-1 * delta(close, 1))
[reward_only] iter  1/50 [OK ] reward=-109.1050  cs_rank(-1 * ts_rank(delta(close, 1), 20) + decay_linear(cs_rank(volume), 20))
[reward_only] iter  2/50 [OK ] reward=-159.0858  cs_rank(-1 * ts_rank(delta(close, 1), 20) + decay_linear(cs_rank(volume), 20) + cs_rank(vwap - close))
[reward_only] iter  3/50 [OK ] reward=-109.1050  cs_rank(-1 * ts_rank(delta(close, 1), 20) + decay_linear(cs_rank(volume), 20))
[reward_only] iter  4/50 [OK ] reward=-132.6517  cs_rank(-1 * ts_rank(delta(close, 1), 20) + decay_linear(cs_rank(volume), 20) + cs_rank(vwap))
[reward_only] iter  5/50 [OK ] reward=-109.1050  cs_rank(-1 * ts_rank(delta(close, 1), 20) + decay_linear(cs_rank(volume), 20))
[reward_only] iter  6/50 [OK ] reward=-103.6354  cs_rank(-1 * ts_rank(delta(close, 1), 20) + decay_linear(cs_rank(vwap), 20))
[reward_only] iter  7/50 [OK ] reward=-109.1050  cs_rank(-1 * ts_rank(delta(close, 1), 20) + decay_linear(cs_rank(volume), 20))
[reward_only] iter  8/50 [OK ] reward=-103.6810  cs_rank(-1 * ts_rank(delta(close, 1), 20) + decay_linear(cs_rank(vwap * close), 20))
[reward_only] iter  9/50 [OK ] reward=-103.6354  cs_rank(-1 * ts_rank(delta(close, 1), 20) + decay_linear(cs_rank(vwap), 20))
[reward_only] iter 10/50 [OK ] reward=-109.1050  cs_rank(-1 * ts_rank(delta(close, 1), 20) + decay_linear(cs_rank(volume), 20))
[reward_only] iter 11/50 [OK ] reward=-117.3279  cs_rank(-1 * ts_rank(delta(close, 1), 20) + decay_linear(cs_rank(vwap * volume), 20))
[reward_only] iter 12/50 [OK ] reward=-103.6354  cs_rank(-1 * ts_rank(delta(close, 1), 20) + decay_linear(cs_rank(vwap), 20))
[reward_only] iter 13/50 [OK ] reward=-109.1050  cs_rank(-1 * ts_rank(delta(close, 1), 20) + decay_linear(cs_rank(volume), 20))
[reward_only] iter 14/50 [OK ] reward=-132.6517  cs_rank(-1 * ts_rank(delta(close, 1), 20) + decay_linear(cs_rank(volume), 20) + cs_rank(vwap))
[reward_only] iter 15/50 [OK ] reward=-103.6354  cs_rank(-1 * ts_rank(delta(close, 1), 20) + decay_linear(cs_rank(vwap), 20))
[reward_only] iter 16/50 [ERR] reward=    -inf  cs_rank(-1 * ts_rank((close - open) / open, 20) + decay_linear(cs_rank(volume), 20))
[reward_only] iter 17/50 [OK ] reward=-133.3067  cs_rank(-1 * ts_rank(delta(close, 1), 20) + decay_linear(cs_rank(vwap), 20) + cs_rank(volume / (volume + 1e-5)))
[reward_only] iter 18/50 [OK ] reward=-103.6354  cs_rank(-1 * ts_rank(delta(close, 1), 20) + decay_linear(cs_rank(vwap), 20))
[reward_only] iter 19/50 [OK ] reward=-113.9880  cs_rank(-1 * ts_rank(close - open, 20) + cs_rank(volume))
[reward_only] iter 20/50 [OK ] reward=-133.2064  cs_rank(-1 * ts_rank(delta(close, 1), 20) + decay_linear(cs_rank(vwap), 20) + cs_rank(volume))
[reward_only] iter 21/50 [OK ] reward=-103.6354  cs_rank(-1 * ts_rank(delta(close, 1), 20) + decay_linear(cs_rank(vwap), 20))
[reward_only] iter 22/50 [OK ] reward=-88.9418  cs_rank(-1 * ts_rank(volume, 20) + decay_linear(cs_rank(vwap), 20))
[reward_only] iter 23/50 [OK ] reward=-108.0432  cs_rank(-1 * ts_rank(close - open, 20) + decay_linear(cs_rank(vwap), 20))
[reward_only] iter 24/50 [OK ] reward=-132.5388  cs_rank(-1 * ts_rank(volume, 20) + decay_linear(cs_rank(vwap), 20) + cs_rank(close - open))
[reward_only] iter 25/50 [OK ] reward=-88.9418  cs_rank(-1 * ts_rank(volume, 20) + decay_linear(cs_rank(vwap), 20))
[reward_only] iter 26/50 [OK ] reward=-44.5599  cs_rank(-1 * ts_rank(close, 20) + decay_linear(cs_rank(vwap), 20))
[reward_only] iter 27/50 [OK ] reward=-44.2404  cs_rank(-1 * ts_rank(close, 20) + decay_linear(cs_rank(volume), 20))
[reward_only] iter 28/50 [OK ] reward=-44.5599  cs_rank(-1 * ts_rank(close, 20) + decay_linear(cs_rank(vwap), 20))
[reward_only] iter 29/50 [OK ] reward=-30.9238  cs_rank(-1 * ts_rank(close, 20) + decay_linear(cs_rank(volume), 20) + cs_rank(volume / (close + 1e-5)))
[reward_only] iter 30/50 [OK ] reward=-46.6240  cs_rank(-1 * ts_rank(close, 20) + cs_rank(volume / (close + 1e-5)))
[reward_only] iter 31/50 [OK ] reward=-131.2725  cs_rank(-1 * ts_rank(close, 20) + decay_linear(cs_rank(volume), 20) + cs_rank(volume / (close + 1e-5))) * cs_rank(vwap - close)
[reward_only] iter 32/50 [OK ] reward=-30.9238  cs_rank(-1 * ts_rank(close, 20) + decay_linear(cs_rank(volume), 20) + cs_rank(volume / (close + 1e-5)))
[reward_only] iter 33/50 [OK ] reward=-30.9238  cs_rank(-1 * ts_rank(close, 20) + decay_linear(cs_rank(volume), 20) + cs_rank(volume / (close + 1e-5)))
[reward_only] iter 34/50 [OK ] reward=-44.2404  cs_rank(-1 * ts_rank(close, 20) + decay_linear(cs_rank(volume), 20))
[reward_only] iter 35/50 [OK ] reward=-30.0017  cs_rank(-1 * ts_rank(close, 20) + decay_linear(cs_rank(volume), 20) + cs_rank(volume / (close + 1e-5)) - cs_rank(high - low))
[reward_only] iter 36/50 [OK ] reward=-30.9238  cs_rank(-1 * ts_rank(close, 20) + decay_linear(cs_rank(volume), 20) + cs_rank(volume / (close + 1e-5)))
[reward_only] iter 37/50 [OK ] reward=-30.9238  cs_rank(-1 * ts_rank(close, 20) + decay_linear(cs_rank(volume), 20) + cs_rank(volume / (close + 1e-5)))
[reward_only] iter 38/50 [OK ] reward=-30.0017  cs_rank(-1 * ts_rank(close, 20) + decay_linear(cs_rank(volume), 20) + cs_rank(volume / (close + 1e-5)) - cs_rank(high - low))
[reward_only] iter 39/50 [OK ] reward=-30.9238  cs_rank(-1 * ts_rank(close, 20) + decay_linear(cs_rank(volume), 20) + cs_rank(volume / (close + 1e-5)))
[reward_only] iter 40/50 [OK ] reward=-30.9238  cs_rank(-1 * ts_rank(close, 20) + decay_linear(cs_rank(volume), 20) + cs_rank(volume / (close + 1e-5)))
[reward_only] iter 41/50 [OK ] reward=-30.9238  cs_rank(-1 * ts_rank(close, 20) + decay_linear(cs_rank(volume), 20) + cs_rank(volume / (close + 1e-5)))
[reward_only] iter 42/50 [OK ] reward=-30.9238  cs_rank(-1 * ts_rank(close, 20) + decay_linear(cs_rank(volume), 20) + cs_rank(volume / (close + 1e-5)))
[reward_only] iter 43/50 [OK ] reward=-30.0017  cs_rank(-1 * ts_rank(close, 20) + decay_linear(cs_rank(volume), 20) + cs_rank(volume / (close + 1e-5)) - cs_rank(high - low))
[reward_only] iter 44/50 [OK ] reward=-30.9238  cs_rank(-1 * ts_rank(close, 20) + decay_linear(cs_rank(volume), 20) + cs_rank(volume / (close + 1e-5)))
[reward_only] iter 45/50 [OK ] reward=-30.9238  cs_rank(-1 * ts_rank(close, 20) + decay_linear(cs_rank(volume), 20) + cs_rank(volume / (close + 1e-5)))
[reward_only] iter 46/50 [OK ] reward=-30.9238  cs_rank(-1 * ts_rank(close, 20) + decay_linear(cs_rank(volume), 20) + cs_rank(volume / (close + 1e-5)))
[reward_only] iter 47/50 [OK ] reward=-30.9238  cs_rank(-1 * ts_rank(close, 20) + decay_linear(cs_rank(volume), 20) + cs_rank(volume / (close + 1e-5)))
[reward_only] iter 48/50 [OK ] reward=-30.0017  cs_rank(-1 * ts_rank(close, 20) + decay_linear(cs_rank(volume), 20) + cs_rank(volume / (close + 1e-5)) - cs_rank(high - low))
[reward_only] iter 49/50 [OK ] reward=-30.9238  cs_rank(-1 * ts_rank(close, 20) + decay_linear(cs_rank(volume), 20) + cs_rank(volume / (close + 1e-5)))
[reward_only] iter 50/50 [OK ] reward=-30.9238  cs_rank(-1 * ts_rank(close, 20) + decay_linear(cs_rank(volume), 20) + cs_rank(volume / (close + 1e-5)))
[wfo:reward_only] fold 7 winner: cs_rank(-1 * ts_rank(close, 20) + decay_linear(cs_rank(volume), 20) + cs_rank(volume / (close + 1e-5)) - cs_rank(high - low))
[wfo:reward_only] fold 7 OOS: Gross_IR=2.892 Turnover=63.95 Net_IR=-2.719
[wfo:reward_only] fold 8: train 2009-01-01..2013-12-31 -> test 2014-01-01..2014-12-31
[reward_only] iter  0/50 [SEED] reward=-179.5774  rank(-1 * delta(close, 1))
[reward_only] iter  1/50 [OK ] reward= -6.6694  cs_rank(-1 * (delta(close, 1) + decay_linear(volume, 20)))
[reward_only] iter  2/50 [OK ] reward= -3.5041  cs_rank(-1 * (delta(close, 1) + decay_linear(vwap, 20)))
[reward_only] iter  3/50 [OK ] reward= -3.9914  cs_rank(-1 * (delta(close, 1) + decay_linear(vwap, 20) + ts_rank(volume, 60)))
[reward_only] iter  4/50 [OK ] reward= -5.4666  cs_rank(-1 * (delta(close, 1) + decay_linear(vwap, 20) + ts_rank(volume, 60) + zscore(close, 60)))
[reward_only] iter  5/50 [OK ] reward= -3.9914  cs_rank(-1 * (delta(close, 1) + decay_linear(vwap, 20) + ts_rank(volume, 60)))
[reward_only] iter  6/50 [OK ] reward= -6.5217  cs_rank(-1 * (delta(close, 1) + decay_linear(vwap, 20) + zscore(volume, 60)))
[reward_only] iter  7/50 [OK ] reward= -3.6566  cs_rank(-1 * (delta(close, 1) + decay_linear(vwap, 20) + zscore(volume, 60) / (zscore(volume, 60) + 1e-5)))
[reward_only] iter  8/50 [OK ] reward= -3.5041  cs_rank(-1 * (delta(close, 1) + decay_linear(vwap, 20)))
[reward_only] iter  9/50 [OK ] reward= -4.0718  cs_rank(-1 * (delta(close, 1) + decay_linear(vwap, 20) + ts_rank(volume, 20)))
[reward_only] iter 10/50 [OK ] reward= -4.1346  cs_rank(-1 * (delta(close, 1) + decay_linear(vwap, 20) + ts_rank(zscore(volume, 20), 20)))
[reward_only] iter 11/50 [OK ] reward= -3.5041  cs_rank(-1 * (delta(close, 1) + decay_linear(vwap, 20)))
[reward_only] iter 12/50 [OK ] reward= -7.1578  cs_rank(-1 * (delta(close, 1) + decay_linear(vwap, 20) + zscore(volume, 20)))
[reward_only] iter 13/50 [OK ] reward=-16.2565  cs_rank(-1 * (delta(close, 1) + decay_linear(vwap, 20) + zscore(volume, 20) / cs_rank(volume)))
[reward_only] iter 14/50 [OK ] reward= -3.5041  cs_rank(-1 * (delta(close, 1) + decay_linear(vwap, 20)))
[reward_only] iter 15/50 [OK ] reward= -7.1578  cs_rank(-1 * (delta(close, 1) + decay_linear(vwap, 20) + zscore(volume, 20)))
[reward_only] iter 16/50 [OK ] reward=-16.3058  cs_rank(-1 * (delta(close, 1) + decay_linear(vwap, 20) + zscore(volume, 20) / (cs_rank(volume) + 1e-5)))
[reward_only] iter 17/50 [OK ] reward= -3.5041  cs_rank(-1 * (delta(close, 1) + decay_linear(vwap, 20)))
[reward_only] iter 18/50 [OK ] reward= -7.1578  cs_rank(-1 * (delta(close, 1) + decay_linear(vwap, 20) + zscore(volume, 20)))
[reward_only] iter 19/50 [OK ] reward=-34.8539  cs_rank(-1 * (delta(close, 1) + decay_linear(vwap, 20) + zscore(volume, 20) / (ts_rank(volume, 20) + 1e-5)))
[reward_only] iter 20/50 [OK ] reward= -7.1578  cs_rank(-1 * (delta(close, 1) + decay_linear(vwap, 20) + zscore(volume, 20)))
[reward_only] iter 21/50 [OK ] reward= -3.6543  cs_rank(-1 * (delta(close, 1) + decay_linear(vwap, 20) + zscore(volume, 20) / (zscore(volume, 20) + 1e-5)))
[reward_only] iter 22/50 [OK ] reward= -3.6541  cs_rank(-1 * (delta(close, 1) + decay_linear(vwap, 20) + cs_rank(volume) / (cs_rank(volume) + 1e-5)))
[reward_only] iter 23/50 [OK ] reward= -3.5041  cs_rank(-1 * (delta(close, 1) + decay_linear(vwap, 20)))
[reward_only] iter 24/50 [OK ] reward=-86.4936  cs_rank(-1 * (delta(close, 1) + decay_linear(zscore(vwap, 20), 10)))
[reward_only] iter 25/50 [OK ] reward=-148.2121  cs_rank(-1 * (delta(close, 1) + decay_linear(ts_rank(vwap, 20), 10)))
[reward_only] iter 26/50 [OK ] reward= -7.1578  cs_rank(-1 * (delta(close, 1) + decay_linear(vwap, 20) + zscore(volume, 20)))
[reward_only] iter 27/50 [OK ] reward= -8.4214  cs_rank(-1 * (delta(close, 1) + decay_linear(vwap, 20) + zscore(volume, 20) + ts_rank(high - low, 20)))
[reward_only] iter 28/50 [OK ] reward= -3.5041  cs_rank(-1 * (delta(close, 1) + decay_linear(vwap, 20)))
[reward_only] iter 29/50 [OK ] reward= -6.5217  cs_rank(-1 * (delta(close, 1) + decay_linear(vwap, 20) + zscore(volume, 60)))
[reward_only] iter 30/50 [OK ] reward= -3.9914  cs_rank(-1 * (delta(close, 1) + decay_linear(vwap, 20) + ts_rank(volume, 60)))
[reward_only] iter 31/50 [OK ] reward= -6.5217  cs_rank(-1 * (delta(close, 1) + decay_linear(vwap, 20) + zscore(volume, 60)))
[reward_only] iter 32/50 [OK ] reward= -4.3957  cs_rank(-1 * (delta(close, 1) + decay_linear(vwap, 20) + zscore(volume, 60) * cs_rank(vwap)))
[reward_only] iter 33/50 [OK ] reward= -3.5041  cs_rank(-1 * (delta(close, 1) + decay_linear(vwap, 20)))
[reward_only] iter 34/50 [OK ] reward= -7.1578  cs_rank(-1 * (delta(close, 1) + decay_linear(vwap, 20) + zscore(volume, 20)))
[reward_only] iter 35/50 [OK ] reward= -3.6317  cs_rank(-1 * (delta(close, 1) + decay_linear(vwap, 20) + cs_rank(volume)))
[reward_only] iter 36/50 [OK ] reward= -6.5217  cs_rank(-1 * (delta(close, 1) + decay_linear(vwap, 20) + zscore(volume, 60)))
[reward_only] iter 37/50 [ERR] reward=    -inf  cs_rank(-1 * (delta(close, 1) + decay_linear(vwap, 20) + zscore(volume, 60) - cs_rank(high / low)))
[reward_only] iter 38/50 [OK ] reward= -6.3903  cs_rank(-1 * (delta(close, 1) + decay_linear(vwap, 20) + zscore(volume, 60) - cs_rank(high / (low + 1e-5))))
[reward_only] iter 39/50 [OK ] reward= -3.5041  cs_rank(-1 * (delta(close, 1) + decay_linear(vwap, 20)))
[reward_only] iter 40/50 [OK ] reward= -7.1578  cs_rank(-1 * (delta(close, 1) + decay_linear(vwap, 20) + zscore(volume, 20)))
[reward_only] iter 41/50 [OK ] reward= -4.0718  cs_rank(-1 * (delta(close, 1) + decay_linear(vwap, 20) + ts_rank(volume, 20)))
[reward_only] iter 42/50 [OK ] reward= -7.1578  cs_rank(-1 * (delta(close, 1) + decay_linear(vwap, 20) + zscore(volume, 20)))
[reward_only] iter 43/50 [OK ] reward=-16.3058  cs_rank(-1 * (delta(close, 1) + decay_linear(vwap, 20) + zscore(volume, 20) / (cs_rank(volume) + 1e-5)))
[reward_only] iter 44/50 [OK ] reward= -3.5041  cs_rank(-1 * (delta(close, 1) + decay_linear(vwap, 20)))
[reward_only] iter 45/50 [OK ] reward= -4.0718  cs_rank(-1 * (delta(close, 1) + decay_linear(vwap, 20) + ts_rank(volume, 20)))
[reward_only] iter 46/50 [OK ] reward= -7.1578  cs_rank(-1 * (delta(close, 1) + decay_linear(vwap, 20) + zscore(volume, 20)))
[reward_only] iter 47/50 [OK ] reward=-34.8539  cs_rank(-1 * (delta(close, 1) + decay_linear(vwap, 20) + zscore(volume, 20) / (ts_rank(volume, 20) + 1e-5)))
[reward_only] iter 48/50 [OK ] reward= -3.5041  cs_rank(-1 * (delta(close, 1) + decay_linear(vwap, 20)))
[reward_only] iter 49/50 [OK ] reward= -7.1578  cs_rank(-1 * (delta(close, 1) + decay_linear(vwap, 20) + zscore(volume, 20)))
[reward_only] iter 50/50 [OK ] reward= -3.6543  cs_rank(-1 * (delta(close, 1) + decay_linear(vwap, 20) + zscore(volume, 20) / (zscore(volume, 20) + 1e-5)))
[wfo:reward_only] fold 8 winner: cs_rank(-1 * (delta(close, 1) + decay_linear(vwap, 20)))
[wfo:reward_only] fold 8 OOS: Gross_IR=-0.111 Turnover=7.63 Net_IR=-0.712
[wfo:reward_only] fold 9: train 2010-01-01..2014-12-31 -> test 2015-01-01..2015-12-31
[reward_only] iter  0/50 [SEED] reward=-178.1060  rank(-1 * delta(close, 1))
[reward_only] iter  1/50 [OK ] reward=-94.7808  cs_rank(-1 * (delta(close, 1) + decay_linear(stddev(close, 20), 10)))
[reward_only] iter  2/50 [OK ] reward=-103.4380  cs_rank(-1 * (delta(close, 1) + decay_linear(stddev(close, 20), 10) + ts_rank(volume, 20)))
[reward_only] iter  3/50 [OK ] reward=-109.3890  cs_rank(-1 * (delta(close, 1) + decay_linear(stddev(close, 20), 10) + cs_rank(volume)))
[reward_only] iter  4/50 [OK ] reward=-94.7808  cs_rank(-1 * (delta(close, 1) + decay_linear(stddev(close, 20), 10)))
[reward_only] iter  5/50 [OK ] reward=-109.3890  cs_rank(-1 * (delta(close, 1) + decay_linear(stddev(close, 20), 10) + cs_rank(volume)))
[reward_only] iter  6/50 [OK ] reward=-146.4265  cs_rank(-1 * (delta(close, 1) + decay_linear(stddev(close, 20), 10) * cs_rank(volume)))
[reward_only] iter  7/50 [OK ] reward=-103.4380  cs_rank(-1 * (delta(close, 1) + decay_linear(stddev(close, 20), 10) + ts_rank(volume, 20)))
[reward_only] iter  8/50 [OK ] reward=-103.4380  cs_rank(-1 * (delta(close, 1) + decay_linear(stddev(close, 20), 10) + ts_rank(volume, 20)))
[reward_only] iter  9/50 [OK ] reward=-109.3890  cs_rank(-1 * (delta(close, 1) + decay_linear(stddev(close, 20), 10) + cs_rank(volume)))
[reward_only] iter 10/50 [ERR] reward=    -inf  cs_rank(-1 * (delta(close, 1) + decay_linear(stddev(close, 20), 10) + vwap / close))
[reward_only] iter 11/50 [ERR] reward=    -inf  cs_rank(-1 * (delta(close, 1) + decay_linear(stddev(close, 20), 10) + cs_rank(vwap / close)))
[reward_only] iter 12/50 [OK ] reward=-84.3274  cs_rank(-1 * (delta(close, 1) + decay_linear(stddev(close, 20), 10) + cs_rank(vwap / (close + 1e-5))))
[reward_only] iter 13/50 [OK ] reward=-177.9536  cs_rank(-1 * (delta(close, 1) + cs_rank(vwap / (close + 1e-5))))
[reward_only] iter 14/50 [OK ] reward=-66.2396  cs_rank(-1 * (decay_linear(zscore(close, 20), 10) + cs_rank(vwap / (close + 1e-5))))
[reward_only] iter 15/50 [OK ] reward=-66.2396  cs_rank(-1 * (decay_linear(zscore(close, 20), 10) + cs_rank(vwap / (close + 1e-5))))
[reward_only] iter 16/50 [OK ] reward=-66.2396  cs_rank(-1 * (decay_linear(zscore(close, 20), 10) + cs_rank(vwap / (close + 1e-5))))
[reward_only] iter 17/50 [OK ] reward=-66.2396  cs_rank(-1 * (decay_linear(zscore(close, 20), 10) + cs_rank(vwap / (close + 1e-5))))
[reward_only] iter 18/50 [OK ] reward=-66.2396  cs_rank(-1 * (decay_linear(zscore(close, 20), 10) + cs_rank(vwap / (close + 1e-5))))
[reward_only] iter 19/50 [OK ] reward=-66.2396  cs_rank(-1 * (decay_linear(zscore(close, 20), 10) + cs_rank(vwap / (close + 1e-5))))
[reward_only] iter 20/50 [OK ] reward=-66.2396  cs_rank(-1 * (decay_linear(zscore(close, 20), 10) + cs_rank(vwap / (close + 1e-5))))
[reward_only] iter 21/50 [OK ] reward=-66.2396  cs_rank(-1 * (decay_linear(zscore(close, 20), 10) + cs_rank(vwap / (close + 1e-5))))
[reward_only] iter 22/50 [OK ] reward=-23.3056  cs_rank(-1 * (decay_linear(zscore(close, 20), 10) + vwap / (close + 1e-5)))
[reward_only] iter 23/50 [OK ] reward=-91.6721  cs_rank(-1 * (decay_linear(zscore(close, 20), 10) + vwap / (close + 1e-5) + zscore(volume, 20)))
[reward_only] iter 24/50 [OK ] reward=-23.3056  cs_rank(-1 * (decay_linear(zscore(close, 20), 10) + vwap / (close + 1e-5)))
[reward_only] iter 25/50 [OK ] reward=-25.9363  cs_rank(-1 * (decay_linear(zscore(close, 20), 10) + vwap / (close + 1e-5) + cs_rank(volume)))
[reward_only] iter 26/50 [OK ] reward=-91.6721  cs_rank(-1 * (decay_linear(zscore(close, 20), 10) + vwap / (close + 1e-5) + zscore(volume, 20)))
[reward_only] iter 27/50 [OK ] reward=-23.3056  cs_rank(-1 * (decay_linear(zscore(close, 20), 10) + vwap / (close + 1e-5)))
[reward_only] iter 28/50 [OK ] reward=-25.9363  cs_rank(-1 * (decay_linear(zscore(close, 20), 10) + vwap / (close + 1e-5) + cs_rank(volume)))
[reward_only] iter 29/50 [OK ] reward=-26.0363  cs_rank(-1 * (decay_linear(zscore(close, 20), 10) + vwap / (close + 1e-5) + cs_rank(volume / (volume + 1e-5))))
[reward_only] iter 30/50 [OK ] reward=-25.8970  cs_rank(-1 * (decay_linear(zscore(close, 20), 10) + cs_rank(volume / (volume + 1e-5))))
[reward_only] iter 31/50 [OK ] reward=-23.3056  cs_rank(-1 * (decay_linear(zscore(close, 20), 10) + vwap / (close + 1e-5)))
[reward_only] iter 32/50 [OK ] reward=-25.9363  cs_rank(-1 * (decay_linear(zscore(close, 20), 10) + vwap / (close + 1e-5) + cs_rank(volume)))
[reward_only] iter 33/50 [OK ] reward=-23.3056  cs_rank(-1 * (decay_linear(zscore(close, 20), 10) + vwap / (close + 1e-5)))
[reward_only] iter 34/50 [OK ] reward=-48.6891  cs_rank(-1 * (decay_linear(zscore(close, 20), 10) + vwap / (close + 1e-5) + ts_rank(volume, 20)))
[reward_only] iter 35/50 [OK ] reward=-23.3056  cs_rank(-1 * (decay_linear(zscore(close, 20), 10) + vwap / (close + 1e-5)))
[reward_only] iter 36/50 [OK ] reward=-25.9363  cs_rank(-1 * (decay_linear(zscore(close, 20), 10) + vwap / (close + 1e-5) + cs_rank(volume)))
[reward_only] iter 37/50 [OK ] reward=-25.9363  cs_rank(-1 * (decay_linear(zscore(close, 20), 10) + vwap / (close + 1e-5) + cs_rank(volume)))
[reward_only] iter 38/50 [OK ] reward=-22.3863  cs_rank(-1 * (decay_linear(zscore(close, 20), 10) + vwap / (close + 1e-5) + cs_rank(stddev(volume, 20))))
[reward_only] iter 39/50 [OK ] reward=-23.3056  cs_rank(-1 * (decay_linear(zscore(close, 20), 10) + vwap / (close + 1e-5)))
[reward_only] iter 40/50 [OK ] reward=-28.1635  cs_rank(-1 * (decay_linear(zscore(close, 20), 10) + vwap / (close + 1e-5) + cs_rank(stddev(volume, 20)) - cs_rank(volume / (volume + 1e-5))))
[reward_only] iter 41/50 [OK ] reward=-22.3863  cs_rank(-1 * (decay_linear(zscore(close, 20), 10) + vwap / (close + 1e-5) + cs_rank(stddev(volume, 20))))
[reward_only] iter 42/50 [OK ] reward=-22.2448  cs_rank(-1 * (decay_linear(zscore(close, 20), 10) + cs_rank(stddev(volume, 20))))
[reward_only] iter 43/50 [OK ] reward=-28.9667  cs_rank(-1 * (decay_linear(zscore(close, 20), 10) + cs_rank(stddev(volume, 20)) + cs_rank(zscore(vwap, 20))))
[reward_only] iter 44/50 [OK ] reward=-22.2448  cs_rank(-1 * (decay_linear(zscore(close, 20), 10) + cs_rank(stddev(volume, 20))))
[reward_only] iter 45/50 [OK ] reward=-49.7528  cs_rank(-1 * (decay_linear(zscore(close, 20), 10) + cs_rank(stddev(volume, 20)) + cs_rank(abs(close - vwap))))
[reward_only] iter 46/50 [OK ] reward=-22.2448  cs_rank(-1 * (decay_linear(zscore(close, 20), 10) + cs_rank(stddev(volume, 20))))
[reward_only] iter 47/50 [OK ] reward=-60.5604  cs_rank(-1 * (decay_linear(zscore(close, 20), 10) + cs_rank(stddev(volume, 20)) + cs_rank(vwap - close)))
[reward_only] iter 48/50 [OK ] reward=-22.2448  cs_rank(-1 * (decay_linear(zscore(close, 20), 10) + cs_rank(stddev(volume, 20))))
[reward_only] iter 49/50 [OK ] reward=-60.5604  cs_rank(-1 * (decay_linear(zscore(close, 20), 10) + cs_rank(stddev(volume, 20)) + cs_rank(vwap - close)))
[reward_only] iter 50/50 [OK ] reward=-22.2448  cs_rank(-1 * (decay_linear(zscore(close, 20), 10) + cs_rank(stddev(volume, 20))))
[wfo:reward_only] fold 9 winner: cs_rank(-1 * (decay_linear(zscore(close, 20), 10) + cs_rank(stddev(volume, 20))))
[wfo:reward_only] fold 9 OOS: Gross_IR=-1.095 Turnover=40.24 Net_IR=-2.771
[wfo:reward_only] fold 10: train 2011-01-01..2015-12-31 -> test 2016-01-01..2016-12-31
[reward_only] iter  0/50 [SEED] reward=-177.6210  rank(-1 * delta(close, 1))
[reward_only] iter  1/50 [OK ] reward=-11.3082  cs_rank(-1 * (delta(close, 1) + stddev(volume, 20)))
[reward_only] iter  2/50 [OK ] reward=-150.5471  cs_rank(-1 * (delta(close, 1) + cs_rank(volume)))
[reward_only] iter  3/50 [OK ] reward=-11.3081  cs_rank(-1 * (ts_rank(close, 20) + stddev(volume, 20)))
[reward_only] iter  4/50 [ERR] reward=    -inf  cs_rank(-1 * (ts_rank((close - open) / open, 20) + stddev(volume, 20)))
[reward_only] iter  5/50 [OK ] reward=-11.3581  cs_rank(-1 * (ts_rank((close - open) / (open + 1e-5), 20) + stddev(volume, 20)))
[reward_only] iter  6/50 [OK ] reward=-11.3081  cs_rank(-1 * (ts_rank(close, 20) + stddev(volume, 20)))
[reward_only] iter  7/50 [OK ] reward=-185.5587  cs_rank(-1 * (ts_rank(close, 20) - ts_rank(vwap, 20)))
[reward_only] iter  8/50 [OK ] reward=-54.7534  cs_rank(-1 * (ts_rank(close, 20) + cs_rank(volume)))
[reward_only] iter  9/50 [OK ] reward=-11.3083  cs_rank(-1 * (ts_rank(close, 20) + stddev(volume, 20) + decay_linear(close, 20)))
[reward_only] iter 10/50 [OK ] reward= -5.5244  cs_rank(-1 * (ts_rank(close, 20) + decay_linear(close, 20) + zscore(volume, 20)))
[reward_only] iter 11/50 [OK ] reward= -5.7713  cs_rank(-1 * (ts_rank(close, 20) + decay_linear(close, 20) + zscore(volume, 20) + ts_rank(vwap, 20)))
[reward_only] iter 12/50 [OK ] reward= -5.5244  cs_rank(-1 * (ts_rank(close, 20) + decay_linear(close, 20) + zscore(volume, 20)))
[reward_only] iter 13/50 [ERR] reward=    -inf  cs_rank(-1 * (ts_rank(close, 20) + decay_linear(close, 20) + zscore(volume, 20) + abs(log(close / vwap))))
[reward_only] iter 14/50 [OK ] reward= -5.7274  cs_rank(-1 * (ts_rank(close, 20) + decay_linear(close, 20) + zscore(volume, 20) + log(close / (vwap + 1e-5))))
[reward_only] iter 15/50 [OK ] reward= -5.7274  cs_rank(-1 * (ts_rank(close, 20) + decay_linear(close, 20) + zscore(volume, 20) + log(close / (vwap + 1e-5))))
[reward_only] iter 16/50 [OK ] reward= -5.5244  cs_rank(-1 * (ts_rank(close, 20) + decay_linear(close, 20) + zscore(volume, 20)))
[reward_only] iter 17/50 [OK ] reward= -5.5498  cs_rank(-1 * (ts_rank(close, 20) + decay_linear(close, 20) + zscore(volume, 20) + cs_rank(vwap)))
[reward_only] iter 18/50 [OK ] reward= -5.5244  cs_rank(-1 * (ts_rank(close, 20) + decay_linear(close, 20) + zscore(volume, 20)))
[reward_only] iter 19/50 [OK ] reward= -5.7713  cs_rank(-1 * (ts_rank(close, 20) + decay_linear(close, 20) + zscore(volume, 20) + ts_rank(vwap, 20)))
[reward_only] iter 20/50 [OK ] reward= -5.5244  cs_rank(-1 * (ts_rank(close, 20) + decay_linear(close, 20) + zscore(volume, 20)))
[reward_only] iter 21/50 [OK ] reward= -5.5498  cs_rank(-1 * (ts_rank(close, 20) + decay_linear(close, 20) + zscore(volume, 20) + cs_rank(vwap)))
[reward_only] iter 22/50 [OK ] reward= -5.5244  cs_rank(-1 * (ts_rank(close, 20) + decay_linear(close, 20) + zscore(volume, 20)))
[reward_only] iter 23/50 [OK ] reward= -6.0139  cs_rank(-1 * (ts_rank(close, 20) + decay_linear(close, 20) + zscore(volume, 20) + cs_rank(high - low)))
[reward_only] iter 24/50 [OK ] reward= -5.5244  cs_rank(-1 * (ts_rank(close, 20) + decay_linear(close, 20) + zscore(volume, 20)))
[reward_only] iter 25/50 [OK ] reward= -6.5916  cs_rank(-1 * (ts_rank(close, 20) + decay_linear(close, 20) + zscore(volume, 20) + ts_rank(high - low, 20)))
[reward_only] iter 26/50 [OK ] reward= -5.5244  cs_rank(-1 * (ts_rank(close, 20) + decay_linear(close, 20) + zscore(volume, 20)))
[reward_only] iter 27/50 [OK ] reward= -5.5498  cs_rank(-1 * (ts_rank(close, 20) + decay_linear(close, 20) + zscore(volume, 20) + cs_rank(vwap)))
[reward_only] iter 28/50 [OK ] reward= -5.5244  cs_rank(-1 * (ts_rank(close, 20) + decay_linear(close, 20) + zscore(volume, 20)))
[reward_only] iter 29/50 [OK ] reward= -6.0639  cs_rank(-1 * (ts_rank(close, 20) + decay_linear(close, 20) + zscore(volume, 20) + cs_rank(abs(high - low))))
[reward_only] iter 30/50 [OK ] reward= -5.5244  cs_rank(-1 * (ts_rank(close, 20) + decay_linear(close, 20) + zscore(volume, 20)))
[reward_only] iter 31/50 [OK ] reward= -6.0139  cs_rank(-1 * (ts_rank(close, 20) + decay_linear(close, 20) + zscore(volume, 20) + cs_rank(high - low)))
[reward_only] iter 32/50 [OK ] reward= -5.5244  cs_rank(-1 * (ts_rank(close, 20) + decay_linear(close, 20) + zscore(volume, 20)))
[reward_only] iter 33/50 [OK ] reward= -5.5498  cs_rank(-1 * (ts_rank(close, 20) + decay_linear(close, 20) + zscore(volume, 20) + cs_rank(vwap)))
[reward_only] iter 34/50 [OK ] reward= -5.5244  cs_rank(-1 * (ts_rank(close, 20) + decay_linear(close, 20) + zscore(volume, 20)))
[reward_only] iter 35/50 [OK ] reward= -5.7713  cs_rank(-1 * (ts_rank(close, 20) + decay_linear(close, 20) + zscore(volume, 20) + ts_rank(vwap, 20)))
[reward_only] iter 36/50 [OK ] reward= -5.5244  cs_rank(-1 * (ts_rank(close, 20) + decay_linear(close, 20) + zscore(volume, 20)))
[reward_only] iter 37/50 [OK ] reward= -5.8609  cs_rank(-1 * (ts_rank(close, 20) + decay_linear(close, 20) + zscore(volume, 20) + cs_rank(vwap - close)))
[reward_only] iter 38/50 [OK ] reward= -5.5244  cs_rank(-1 * (ts_rank(close, 20) + decay_linear(close, 20) + zscore(volume, 20)))
[reward_only] iter 39/50 [OK ] reward= -6.1947  cs_rank(-1 * (ts_rank(close, 20) + decay_linear(close, 20) + zscore(volume, 20) + cs_rank(abs(close - vwap))))
[reward_only] iter 40/50 [OK ] reward= -5.5244  cs_rank(-1 * (ts_rank(close, 20) + decay_linear(close, 20) + zscore(volume, 20)))
[reward_only] iter 41/50 [OK ] reward= -5.7713  cs_rank(-1 * (ts_rank(close, 20) + decay_linear(close, 20) + zscore(volume, 20) + ts_rank(vwap, 20)))
[reward_only] iter 42/50 [OK ] reward= -5.5244  cs_rank(-1 * (ts_rank(close, 20) + decay_linear(close, 20) + zscore(volume, 20)))
[reward_only] iter 43/50 [OK ] reward= -5.7713  cs_rank(-1 * (ts_rank(close, 20) + decay_linear(close, 20) + zscore(volume, 20) + ts_rank(vwap, 20)))
[reward_only] iter 44/50 [OK ] reward= -5.5244  cs_rank(-1 * (ts_rank(close, 20) + decay_linear(close, 20) + zscore(volume, 20)))
[reward_only] iter 45/50 [OK ] reward= -5.5498  cs_rank(-1 * (ts_rank(close, 20) + decay_linear(close, 20) + zscore(volume, 20) + cs_rank(vwap)))
[reward_only] iter 46/50 [OK ] reward= -5.5244  cs_rank(-1 * (ts_rank(close, 20) + decay_linear(close, 20) + zscore(volume, 20)))
[reward_only] iter 47/50 [OK ] reward= -6.0139  cs_rank(-1 * (ts_rank(close, 20) + decay_linear(close, 20) + zscore(volume, 20) + cs_rank(high - low)))
[reward_only] iter 48/50 [OK ] reward= -6.0139  cs_rank(-1 * (ts_rank(close, 20) + decay_linear(close, 20) + zscore(volume, 20) + cs_rank(high - low)))
[reward_only] iter 49/50 [OK ] reward= -5.5244  cs_rank(-1 * (ts_rank(close, 20) + decay_linear(close, 20) + zscore(volume, 20)))
[reward_only] iter 50/50 [OK ] reward= -5.5498  cs_rank(-1 * (ts_rank(close, 20) + decay_linear(close, 20) + zscore(volume, 20) + cs_rank(vwap)))
[wfo:reward_only] fold 10 winner: cs_rank(-1 * (ts_rank(close, 20) + decay_linear(close, 20) + zscore(volume, 20)))
[wfo:reward_only] fold 10 OOS: Gross_IR=2.217 Turnover=9.62 Net_IR=1.790
[wfo:reward_only] fold 11: train 2012-01-01..2016-12-31 -> test 2017-01-01..2017-12-31
[reward_only] iter  0/50 [SEED] reward=-177.4834  rank(-1 * delta(close, 1))
[reward_only] iter  1/50 [OK ] reward=-171.3799  cs_rank(-1 * delta(close, 1) + decay_linear(ts_rank(volume, 20), 20))
[reward_only] iter  2/50 [OK ] reward=-167.9059  cs_rank(-1 * delta(close, 1) + decay_linear(ts_rank(volume, 20), 20) + zscore(high - low, 20))
[reward_only] iter  3/50 [OK ] reward=-171.3799  cs_rank(-1 * delta(close, 1) + decay_linear(ts_rank(volume, 20), 20))
[reward_only] iter  4/50 [OK ] reward=-167.2518  cs_rank(-1 * delta(close, 1) + decay_linear(ts_rank(volume, 20), 20) + zscore(high - low, 20) + cs_rank(vwap - open))
[reward_only] iter  5/50 [OK ] reward=-167.9059  cs_rank(-1 * delta(close, 1) + decay_linear(ts_rank(volume, 20), 20) + zscore(high - low, 20))
[reward_only] iter  6/50 [OK ] reward=-167.9059  cs_rank(-1 * delta(close, 1) + decay_linear(ts_rank(volume, 20), 20) + zscore(high - low, 20))
[reward_only] iter  7/50 [OK ] reward=-167.9059  cs_rank(-1 * delta(close, 1) + decay_linear(ts_rank(volume, 20), 20) + zscore(high - low, 20))
[reward_only] iter  8/50 [OK ] reward=-167.9059  cs_rank(-1 * delta(close, 1) + decay_linear(ts_rank(volume, 20), 20) + zscore(high - low, 20))
[reward_only] iter  9/50 [OK ] reward=-167.9059  cs_rank(-1 * delta(close, 1) + decay_linear(ts_rank(volume, 20), 20) + zscore(high - low, 20))
[reward_only] iter 10/50 [OK ] reward=-167.9059  cs_rank(-1 * delta(close, 1) + decay_linear(ts_rank(volume, 20), 20) + zscore(high - low, 20))
[reward_only] iter 11/50 [OK ] reward=-167.9059  cs_rank(-1 * delta(close, 1) + decay_linear(ts_rank(volume, 20), 20) + zscore(high - low, 20))
[reward_only] iter 12/50 [OK ] reward=-167.9059  cs_rank(-1 * delta(close, 1) + decay_linear(ts_rank(volume, 20), 20) + zscore(high - low, 20))
[reward_only] iter 13/50 [OK ] reward=-167.9059  cs_rank(-1 * delta(close, 1) + decay_linear(ts_rank(volume, 20), 20) + zscore(high - low, 20))
[reward_only] iter 14/50 [OK ] reward=-167.9059  cs_rank(-1 * delta(close, 1) + decay_linear(ts_rank(volume, 20), 20) + zscore(high - low, 20))
[reward_only] iter 15/50 [OK ] reward=-167.9059  cs_rank(-1 * delta(close, 1) + decay_linear(ts_rank(volume, 20), 20) + zscore(high - low, 20))
[reward_only] iter 16/50 [OK ] reward=-167.9059  cs_rank(-1 * delta(close, 1) + decay_linear(ts_rank(volume, 20), 20) + zscore(high - low, 20))
[reward_only] iter 17/50 [OK ] reward=-167.9059  cs_rank(-1 * delta(close, 1) + decay_linear(ts_rank(volume, 20), 20) + zscore(high - low, 20))
[reward_only] iter 18/50 [OK ] reward=-171.3799  cs_rank(-1 * delta(close, 1) + decay_linear(ts_rank(volume, 20), 20))
[reward_only] iter 19/50 [OK ] reward=-167.4059  cs_rank(-1 * delta(close, 1) + decay_linear(ts_rank(volume, 20), 20) + zscore(high - low, 20) + cs_rank(vwap - open) + cs_rank(close - vwap))
[reward_only] iter 20/50 [OK ] reward=-167.9059  cs_rank(-1 * delta(close, 1) + decay_linear(ts_rank(volume, 20), 20) + zscore(high - low, 20))
[reward_only] iter 21/50 [OK ] reward=-171.3799  cs_rank(-1 * delta(close, 1) + decay_linear(ts_rank(volume, 20), 20))
[reward_only] iter 22/50 [OK ] reward=-131.4138  cs_rank(-1 * delta(close, 1) + decay_linear(ts_rank(volume, 20), 20) + zscore(high - low, 20) + cs_rank(vwap - open)) + cs_rank(volume / (volume + 1e-5))
[reward_only] iter 23/50 [OK ] reward=-167.9059  cs_rank(-1 * delta(close, 1) + decay_linear(ts_rank(volume, 20), 20) + zscore(high - low, 20))
[reward_only] iter 24/50 [OK ] reward=-167.2518  cs_rank(-1 * delta(close, 1) + decay_linear(ts_rank(volume, 20), 20) + zscore(high - low, 20) + cs_rank(vwap - open))
[reward_only] iter 25/50 [OK ] reward=-186.2175  cs_rank(-1 * delta(close, 1) + decay_linear(ts_rank(volume, 20), 20) + zscore(high - low, 20)) + cs_rank(vwap - open)
[reward_only] iter 26/50 [OK ] reward=-167.2518  cs_rank(-1 * delta(close, 1) + decay_linear(ts_rank(volume, 20), 20) + zscore(high - low, 20) + cs_rank(vwap - open))
[reward_only] iter 27/50 [OK ] reward=-186.2175  cs_rank(-1 * delta(close, 1) + decay_linear(ts_rank(volume, 20), 20) + zscore(high - low, 20)) + cs_rank(vwap - open)
[reward_only] iter 28/50 [OK ] reward=-167.2518  cs_rank(-1 * delta(close, 1) + decay_linear(ts_rank(volume, 20), 20) + zscore(high - low, 20) + cs_rank(vwap - open))
[reward_only] iter 29/50 [OK ] reward=-167.9059  cs_rank(-1 * delta(close, 1) + decay_linear(ts_rank(volume, 20), 20) + zscore(high - low, 20))
[reward_only] iter 30/50 [OK ] reward=-186.2175  cs_rank(-1 * delta(close, 1) + decay_linear(ts_rank(volume, 20), 20) + zscore(high - low, 20)) + cs_rank(vwap - open)
[reward_only] iter 31/50 [OK ] reward=-167.9059  cs_rank(-1 * delta(close, 1) + decay_linear(ts_rank(volume, 20), 20) + zscore(high - low, 20))
[reward_only] iter 32/50 [OK ] reward=-167.9059  cs_rank(-1 * delta(close, 1) + decay_linear(ts_rank(volume, 20), 20) + zscore(high - low, 20))
[reward_only] iter 33/50 [OK ] reward=-167.9059  cs_rank(-1 * delta(close, 1) + decay_linear(ts_rank(volume, 20), 20) + zscore(high - low, 20))
[reward_only] iter 34/50 [OK ] reward=-167.9059  cs_rank(-1 * delta(close, 1) + decay_linear(ts_rank(volume, 20), 20) + zscore(high - low, 20))
[reward_only] iter 35/50 [OK ] reward=-167.9059  cs_rank(-1 * delta(close, 1) + decay_linear(ts_rank(volume, 20), 20) + zscore(high - low, 20))
[reward_only] iter 36/50 [OK ] reward=-131.4138  cs_rank(-1 * delta(close, 1) + decay_linear(ts_rank(volume, 20), 20) + zscore(high - low, 20) + cs_rank(vwap - open)) + cs_rank(volume / (volume + 1e-5))
[reward_only] iter 37/50 [OK ] reward=-167.2518  cs_rank(-1 * delta(close, 1) + decay_linear(ts_rank(volume, 20), 20) + zscore(high - low, 20) + cs_rank(vwap - open))
[reward_only] iter 38/50 [OK ] reward=-167.9059  cs_rank(-1 * delta(close, 1) + decay_linear(ts_rank(volume, 20), 20) + zscore(high - low, 20))
[reward_only] iter 39/50 [OK ] reward=-167.2518  cs_rank(-1 * delta(close, 1) + decay_linear(ts_rank(volume, 20), 20) + zscore(high - low, 20) + cs_rank(vwap - open))
[reward_only] iter 40/50 [OK ] reward=-186.2175  cs_rank(-1 * delta(close, 1) + decay_linear(ts_rank(volume, 20), 20) + zscore(high - low, 20)) + cs_rank(vwap - open)
[reward_only] iter 41/50 [OK ] reward=-186.2175  cs_rank(-1 * delta(close, 1) + decay_linear(ts_rank(volume, 20), 20) + zscore(high - low, 20)) + cs_rank(vwap - open)
[reward_only] iter 42/50 [OK ] reward=-186.2175  cs_rank(-1 * delta(close, 1) + decay_linear(ts_rank(volume, 20), 20) + zscore(high - low, 20)) + cs_rank(vwap - open)
[reward_only] iter 43/50 [OK ] reward=-186.2175  cs_rank(-1 * delta(close, 1) + decay_linear(ts_rank(volume, 20), 20) + zscore(high - low, 20)) + cs_rank(vwap - open)
[reward_only] iter 44/50 [OK ] reward=-167.2518  cs_rank(-1 * delta(close, 1) + decay_linear(ts_rank(volume, 20), 20) + zscore(high - low, 20) + cs_rank(vwap - open))
[reward_only] iter 45/50 [OK ] reward=-169.5554  cs_rank(-1 * delta(close, 1) + zscore(high - low, 20) + cs_rank(vwap - open))
[reward_only] iter 46/50 [OK ] reward=-167.9059  cs_rank(-1 * delta(close, 1) + decay_linear(ts_rank(volume, 20), 20) + zscore(high - low, 20))
[reward_only] iter 47/50 [OK ] reward=-167.9059  cs_rank(-1 * delta(close, 1) + decay_linear(ts_rank(volume, 20), 20) + zscore(high - low, 20))
[reward_only] iter 48/50 [OK ] reward=-167.2518  cs_rank(-1 * delta(close, 1) + decay_linear(ts_rank(volume, 20), 20) + zscore(high - low, 20) + cs_rank(vwap - open))
[reward_only] iter 49/50 [OK ] reward=-130.8211  cs_rank(-1 * delta(close, 1) + decay_linear(ts_rank(volume, 20), 20) + zscore(high - low, 20)) + cs_rank(volume / (volume + 1e-5))
[reward_only] iter 50/50 [OK ] reward=-167.9059  cs_rank(-1 * delta(close, 1) + decay_linear(ts_rank(volume, 20), 20) + zscore(high - low, 20))
[wfo:reward_only] fold 11 winner: cs_rank(-1 * delta(close, 1) + decay_linear(ts_rank(volume, 20), 20) + zscore(high - low, 20)) + cs_rank(volume / (volume + 1e-5))
[wfo:reward_only] fold 11 OOS: Gross_IR=-0.354 Turnover=233.76 Net_IR=-18.623
[wfo:reward_only] fold 12: train 2013-01-01..2017-12-31 -> test 2018-01-01..2018-12-31
[reward_only] iter  0/50 [SEED] reward=-176.5080  rank(-1 * delta(close, 1))
[reward_only] iter  1/50 [OK ] reward=-176.6977  rank(-1 * delta(close, 1) * cs_rank(volume))
[reward_only] iter  2/50 [OK ] reward=-152.0898  cs_rank(-1 * delta(close, 1) + rank(volume))
[reward_only] iter  3/50 [OK ] reward=-142.8249  cs_rank(-1 * delta(close, 1) + rank(volume) + zscore(volume, 20))
[reward_only] iter  4/50 [OK ] reward= -7.2928  cs_rank(-1 * delta(close, 1) + rank(volume) + zscore(volume, 20) + decay_linear(close, 20))
[reward_only] iter  5/50 [OK ] reward=-151.4994  cs_rank(-1 * delta(close, 1) + zscore(volume, 20))
[reward_only] iter  6/50 [OK ] reward= -7.2875  cs_rank(-1 * delta(close, 1) + rank(volume) + zscore(volume, 20) + decay_linear(close, 20) + ts_rank(close, 20))
[reward_only] iter  7/50 [OK ] reward= -6.9075  cs_rank(-1 * delta(close, 1) + zscore(volume, 20) + decay_linear(close, 20))
[reward_only] iter  8/50 [OK ] reward= -5.9637  cs_rank(-1 * ts_rank(close, 20) + zscore(volume, 20) + decay_linear(close, 20))
[reward_only] iter  9/50 [OK ] reward= -6.3269  cs_rank(-1 * ts_rank(close, 20) + zscore(volume, 20) + decay_linear(close, 20) + cs_rank(close - open))
[reward_only] iter 10/50 [OK ] reward= -5.9637  cs_rank(-1 * ts_rank(close, 20) + zscore(volume, 20) + decay_linear(close, 20))
[reward_only] iter 11/50 [OK ] reward= -6.8368  cs_rank(-1 * ts_rank(close, 20) + zscore(volume, 20) + decay_linear(close, 20) + cs_rank(abs(close - vwap) / (close + 1e-5)))
[reward_only] iter 12/50 [OK ] reward= -5.9637  cs_rank(-1 * ts_rank(close, 20) + zscore(volume, 20) + decay_linear(close, 20))
[reward_only] iter 13/50 [OK ] reward= -6.4127  cs_rank(-1 * ts_rank(close, 20) + zscore(volume, 20) + decay_linear(close, 20) + cs_rank(vwap - close))
[reward_only] iter 14/50 [OK ] reward= -5.9637  cs_rank(-1 * ts_rank(close, 20) + zscore(volume, 20) + decay_linear(close, 20))
[reward_only] iter 15/50 [OK ] reward= -5.9660  cs_rank(-1 * ts_rank(close, 20) + zscore(volume, 20) + decay_linear(vwap, 20))
[reward_only] iter 16/50 [OK ] reward=-89.9978  cs_rank(-1 * ts_rank(close, 20) + zscore(volume, 20) + decay_linear(high - low, 20))
[reward_only] iter 17/50 [OK ] reward= -5.9637  cs_rank(-1 * ts_rank(close, 20) + zscore(volume, 20) + decay_linear(close, 20))
[reward_only] iter 18/50 [OK ] reward=-87.2974  cs_rank(close - decay_linear(close, 20) + zscore(volume, 20))
[reward_only] iter 19/50 [OK ] reward= -6.7941  cs_rank(-1 * ts_rank(close, 20) + zscore(volume, 20) + decay_linear(close, 20) + cs_rank((high - low) / (close + 1e-5)))
[reward_only] iter 20/50 [OK ] reward= -5.9637  cs_rank(-1 * ts_rank(close, 20) + zscore(volume, 20) + decay_linear(close, 20))
[reward_only] iter 21/50 [OK ] reward= -5.9660  cs_rank(-1 * ts_rank(close, 20) + zscore(volume, 20) + decay_linear(vwap, 20))
[reward_only] iter 22/50 [OK ] reward=-89.9978  cs_rank(-1 * ts_rank(close, 20) + zscore(volume, 20) + decay_linear(high - low, 20))
[reward_only] iter 23/50 [OK ] reward= -5.9637  cs_rank(-1 * ts_rank(close, 20) + zscore(volume, 20) + decay_linear(close, 20))
[reward_only] iter 24/50 [OK ] reward= -6.4744  cs_rank(-1 * ts_rank(close, 20) + zscore(volume, 20) + decay_linear(close, 20) + cs_rank(close / (open + 1e-5)))
[reward_only] iter 25/50 [OK ] reward= -5.9637  cs_rank(-1 * ts_rank(close, 20) + zscore(volume, 20) + decay_linear(close, 20))
[reward_only] iter 26/50 [OK ] reward=-87.2974  cs_rank(close - decay_linear(close, 20) + zscore(volume, 20))
[reward_only] iter 27/50 [OK ] reward=-65.3044  cs_rank(close - decay_linear(close, 20) + ts_rank(volume, 20))
[reward_only] iter 28/50 [OK ] reward=-120.5154  cs_rank(-1 * ts_rank(close, 20) + zscore(volume, 20) + decay_linear(close - vwap, 20))
[reward_only] iter 29/50 [OK ] reward= -5.9637  cs_rank(-1 * ts_rank(close, 20) + zscore(volume, 20) + decay_linear(close, 20))
[reward_only] iter 30/50 [ERR] reward=    -inf  cs_rank(-1 * ts_rank(close, 20) + zscore(volume, 20) + decay_linear(close, 20) + cs_rank((high - low) / close))
[reward_only] iter 31/50 [OK ] reward= -6.7941  cs_rank(-1 * ts_rank(close, 20) + zscore(volume, 20) + decay_linear(close, 20) + cs_rank((high - low) / (close + 1e-5)))
[reward_only] iter 32/50 [OK ] reward= -5.9637  cs_rank(-1 * ts_rank(close, 20) + zscore(volume, 20) + decay_linear(close, 20))
[reward_only] iter 33/50 [OK ] reward= -6.4413  cs_rank(-1 * ts_rank(close, 20) + zscore(volume, 20) + decay_linear(close, 20) + cs_rank(high - low))
[reward_only] iter 34/50 [OK ] reward= -5.9637  cs_rank(-1 * ts_rank(close, 20) + zscore(volume, 20) + decay_linear(close, 20))
[reward_only] iter 35/50 [OK ] reward= -6.3252  cs_rank(-1 * ts_rank(close, 20) + zscore(volume, 20) + decay_linear(close, 20) + cs_rank(vwap - open))
[reward_only] iter 36/50 [OK ] reward= -5.9637  cs_rank(-1 * ts_rank(close, 20) + zscore(volume, 20) + decay_linear(close, 20))
[reward_only] iter 37/50 [OK ] reward= -4.7624  cs_rank(zscore(close, 20) + decay_linear(volume, 20) - ts_rank(open, 20))
[reward_only] iter 38/50 [OK ] reward= -4.8124  cs_rank(zscore(close, 20) + decay_linear(volume, 20) - ts_rank(open, 20) + sma(high - low, 20))
[reward_only] iter 39/50 [OK ] reward= -4.7624  cs_rank(zscore(close, 20) + decay_linear(volume, 20) - ts_rank(open, 20))
[reward_only] iter 40/50 [OK ] reward= -4.8124  cs_rank(zscore(close, 20) + decay_linear(volume, 20) - ts_rank(open, 20) + cs_rank(vwap - close))
[reward_only] iter 41/50 [OK ] reward= -4.7624  cs_rank(zscore(close, 20) + decay_linear(volume, 20) - ts_rank(open, 20))
[reward_only] iter 42/50 [OK ] reward= -4.8124  cs_rank(zscore(close, 20) + decay_linear(volume, 20) - ts_rank(open, 20) + sma(log(close), 20))
[reward_only] iter 43/50 [OK ] reward= -4.7624  cs_rank(zscore(close, 20) + decay_linear(volume, 20) - ts_rank(open, 20))
[reward_only] iter 44/50 [OK ] reward= -4.8124  cs_rank(zscore(close, 20) + decay_linear(volume, 20) - ts_rank(open, 20) + cs_rank(vwap - close))
[reward_only] iter 45/50 [OK ] reward= -4.7624  cs_rank(zscore(close, 20) + decay_linear(volume, 20) - ts_rank(open, 20))
[reward_only] iter 46/50 [OK ] reward= -4.8124  cs_rank(zscore(close, 20) + decay_linear(volume, 20) - ts_rank(open, 20) + cs_rank(high - low))
[reward_only] iter 47/50 [OK ] reward= -4.7624  cs_rank(zscore(close, 20) + decay_linear(volume, 20) - ts_rank(open, 20))
[reward_only] iter 48/50 [OK ] reward= -4.8124  cs_rank(zscore(close, 20) + decay_linear(volume, 20) - ts_rank(open, 20) + cs_rank(vwap - close))
[reward_only] iter 49/50 [OK ] reward= -4.7624  cs_rank(zscore(close, 20) + decay_linear(volume, 20) - ts_rank(open, 20) + (vwap - close))
[reward_only] iter 50/50 [OK ] reward= -4.8624  cs_rank(zscore(close, 20) + decay_linear(volume, 20) - ts_rank(open, 20) + (vwap - close) / (close + 1e-5))
[wfo:reward_only] fold 12 winner: cs_rank(zscore(close, 20) + decay_linear(volume, 20) - ts_rank(open, 20))
[wfo:reward_only] fold 12 OOS: Gross_IR=0.506 Turnover=9.41 Net_IR=-0.105
[wfo:reward_only] fold 13: train 2014-01-01..2018-12-31 -> test 2019-01-01..2019-12-31
[reward_only] iter  0/50 [SEED] reward=-176.0983  rank(-1 * delta(close, 1))
[reward_only] iter  1/50 [OK ] reward=-178.1022  cs_rank(-1 * delta(close, 1) + ts_rank(vwap - close, 20))
[reward_only] iter  2/50 [OK ] reward=-179.6277  cs_rank(-1 * delta(close, 1) + zscore(vwap - close, 20))
[reward_only] iter  3/50 [OK ] reward= -7.8330  cs_rank(-1 * delta(close, 1) + zscore(vwap - close, 20) + decay_linear(close, 50))
[reward_only] iter  4/50 [OK ] reward=-179.6277  cs_rank(-1 * delta(close, 1) + zscore(vwap - close, 20))
[reward_only] iter  5/50 [OK ] reward= -7.9760  cs_rank(-1 * delta(close, 1) + zscore(vwap - close, 20) + decay_linear(close, 50) + ts_rank(volume, 20))
[reward_only] iter  6/50 [OK ] reward= -7.8330  cs_rank(-1 * delta(close, 1) + zscore(vwap - close, 20) + decay_linear(close, 50))
[reward_only] iter  7/50 [OK ] reward=-179.6277  cs_rank(-1 * delta(close, 1) + zscore(vwap - close, 20))
[reward_only] iter  8/50 [OK ] reward= -7.9760  cs_rank(-1 * delta(close, 1) + zscore(vwap - close, 20) + decay_linear(close, 50) + ts_rank(volume, 20))
[reward_only] iter  9/50 [OK ] reward=-179.6277  cs_rank(-1 * delta(close, 1) + zscore(vwap - close, 20))
[reward_only] iter 10/50 [OK ] reward= -7.9703  cs_rank(-1 * delta(close, 1) + zscore(vwap - close, 20) + decay_linear(close, 50) + cs_rank(volume))
[reward_only] iter 11/50 [OK ] reward= -7.8330  cs_rank(-1 * delta(close, 1) + zscore(vwap - close, 20) + decay_linear(close, 50))
[reward_only] iter 12/50 [OK ] reward=-179.6277  cs_rank(-1 * delta(close, 1) + zscore(vwap - close, 20))
[reward_only] iter 13/50 [OK ] reward= -8.0507  cs_rank(-1 * delta(close, 1) + zscore(vwap - close, 20) + decay_linear(close, 50) - ts_rank(volume, 20))
[reward_only] iter 14/50 [OK ] reward=-179.6277  cs_rank(-1 * delta(close, 1) + zscore(vwap - close, 20))
[reward_only] iter 15/50 [OK ] reward= -8.1928  cs_rank(-1 * delta(close, 1) + zscore(vwap - close, 20) + decay_linear(close, 50) + sma(volume, 20) / (volume + 1e-5))
[reward_only] iter 16/50 [OK ] reward= -7.8330  cs_rank(-1 * delta(close, 1) + zscore(vwap - close, 20) + decay_linear(close, 50))
[reward_only] iter 17/50 [OK ] reward=-179.6277  cs_rank(-1 * delta(close, 1) + zscore(vwap - close, 20))
[reward_only] iter 18/50 [OK ] reward= -7.9703  cs_rank(-1 * delta(close, 1) + zscore(vwap - close, 20) + decay_linear(close, 50) + cs_rank(volume))
[reward_only] iter 19/50 [OK ] reward= -7.8330  cs_rank(-1 * delta(close, 1) + zscore(vwap - close, 20) + decay_linear(close, 50))
[reward_only] iter 20/50 [OK ] reward=-179.6277  cs_rank(-1 * delta(close, 1) + zscore(vwap - close, 20))
[reward_only] iter 21/50 [OK ] reward= -7.8330  cs_rank(-1 * delta(close, 1) + zscore(vwap - close, 20) + decay_linear(close, 50))
[reward_only] iter 22/50 [OK ] reward=-179.6277  cs_rank(-1 * delta(close, 1) + zscore(vwap - close, 20))
[reward_only] iter 23/50 [OK ] reward= -7.9760  cs_rank(-1 * delta(close, 1) + zscore(vwap - close, 20) + decay_linear(close, 50) + ts_rank(volume, 20))
[reward_only] iter 24/50 [OK ] reward= -7.8330  cs_rank(-1 * delta(close, 1) + zscore(vwap - close, 20) + decay_linear(close, 50))
[reward_only] iter 25/50 [OK ] reward=-179.6277  cs_rank(-1 * delta(close, 1) + zscore(vwap - close, 20))
[reward_only] iter 26/50 [OK ] reward= -7.9760  cs_rank(-1 * delta(close, 1) + zscore(vwap - close, 20) + decay_linear(close, 50) + ts_rank(volume, 20))
[reward_only] iter 27/50 [OK ] reward= -7.8330  cs_rank(-1 * delta(close, 1) + zscore(vwap - close, 20) + decay_linear(close, 50))
[reward_only] iter 28/50 [OK ] reward=-179.6277  cs_rank(-1 * delta(close, 1) + zscore(vwap - close, 20))
[reward_only] iter 29/50 [OK ] reward= -7.8330  cs_rank(-1 * delta(close, 1) + zscore(vwap - close, 20) + decay_linear(close, 50))
[reward_only] iter 30/50 [OK ] reward=-179.6277  cs_rank(-1 * delta(close, 1) + zscore(vwap - close, 20))
[reward_only] iter 31/50 [OK ] reward= -7.9703  cs_rank(-1 * delta(close, 1) + zscore(vwap - close, 20) + decay_linear(close, 50) + cs_rank(volume))
[reward_only] iter 32/50 [OK ] reward= -7.8330  cs_rank(-1 * delta(close, 1) + zscore(vwap - close, 20) + decay_linear(close, 50))
[reward_only] iter 33/50 [OK ] reward=-179.6277  cs_rank(-1 * delta(close, 1) + zscore(vwap - close, 20))
[reward_only] iter 34/50 [OK ] reward=-177.3457  cs_rank(-1 * delta(close, 1) + zscore(vwap - close, 20) + decay_linear(ts_rank(close, 20), 50))
[reward_only] iter 35/50 [OK ] reward= -7.8330  cs_rank(-1 * delta(close, 1) + zscore(vwap - close, 20) + decay_linear(close, 50))
[reward_only] iter 36/50 [OK ] reward=-179.6277  cs_rank(-1 * delta(close, 1) + zscore(vwap - close, 20))
[reward_only] iter 37/50 [OK ] reward= -7.9703  cs_rank(-1 * delta(close, 1) + zscore(vwap - close, 20) + decay_linear(close, 50) + cs_rank(volume))
[reward_only] iter 38/50 [OK ] reward= -7.8330  cs_rank(-1 * delta(close, 1) + zscore(vwap - close, 20) + decay_linear(close, 50))
[reward_only] iter 39/50 [OK ] reward=-179.6277  cs_rank(-1 * delta(close, 1) + zscore(vwap - close, 20))
[reward_only] iter 40/50 [OK ] reward= -7.9703  cs_rank(-1 * delta(close, 1) + zscore(vwap - close, 20) + decay_linear(close, 50) + cs_rank(volume))
[reward_only] iter 41/50 [OK ] reward= -7.8330  cs_rank(-1 * delta(close, 1) + zscore(vwap - close, 20) + decay_linear(close, 50))
[reward_only] iter 42/50 [OK ] reward=-179.6277  cs_rank(-1 * delta(close, 1) + zscore(vwap - close, 20))
[reward_only] iter 43/50 [OK ] reward= -7.9760  cs_rank(-1 * delta(close, 1) + zscore(vwap - close, 20) + decay_linear(close, 50) + ts_rank(volume, 20))
[reward_only] iter 44/50 [OK ] reward= -7.8330  cs_rank(-1 * delta(close, 1) + zscore(vwap - close, 20) + decay_linear(close, 50))
[reward_only] iter 45/50 [OK ] reward=-179.6277  cs_rank(-1 * delta(close, 1) + zscore(vwap - close, 20))
[reward_only] iter 46/50 [OK ] reward= -8.0703  cs_rank(-1 * delta(close, 1) + zscore(vwap - close, 20) + decay_linear(close, 50) + cs_rank(volume / (volume + 1e-5)))
[reward_only] iter 47/50 [OK ] reward= -7.8330  cs_rank(-1 * delta(close, 1) + zscore(vwap - close, 20) + decay_linear(close, 50))
[reward_only] iter 48/50 [OK ] reward=-179.6277  cs_rank(-1 * delta(close, 1) + zscore(vwap - close, 20))
[reward_only] iter 49/50 [OK ] reward= -8.0507  cs_rank(-1 * delta(close, 1) + zscore(vwap - close, 20) + decay_linear(close, 50) - ts_rank(volume, 20))
[reward_only] iter 50/50 [OK ] reward= -7.8330  cs_rank(-1 * delta(close, 1) + zscore(vwap - close, 20) + decay_linear(close, 50))
[wfo:reward_only] fold 13 winner: cs_rank(-1 * delta(close, 1) + zscore(vwap - close, 20) + decay_linear(close, 50))
[wfo:reward_only] fold 13 OOS: Gross_IR=-0.879 Turnover=11.33 Net_IR=-1.427
[wfo:reward_only] fold 14: train 2015-01-01..2019-12-31 -> test 2020-01-01..2020-12-31
[reward_only] iter  0/50 [SEED] reward=-175.4557  rank(-1 * delta(close, 1))
[reward_only] iter  1/50 [OK ] reward=-110.8855  cs_rank(-1 * (delta(close, 1) + decay_linear(delta(volume, 1), 20)))
[reward_only] iter  2/50 [OK ] reward=-110.9356  cs_rank(-1 * (delta(close, 1) + decay_linear(delta(volume, 1), 20) + zscore(close, 20)))
[reward_only] iter  3/50 [OK ] reward=-110.8855  cs_rank(-1 * (delta(close, 1) + decay_linear(delta(volume, 1), 20)))
[reward_only] iter  4/50 [OK ] reward=-102.2872  cs_rank(-1 * (decay_linear(delta(close, 1), 20) + ts_rank(volume, 20)))
[reward_only] iter  5/50 [OK ] reward= -6.4278  cs_rank(-1 * (ts_rank(high - low, 20) + decay_linear(volume, 20)))
[reward_only] iter  6/50 [OK ] reward= -6.4278  cs_rank(-1 * (ts_rank(close - open, 20) + decay_linear(volume, 20)))
[reward_only] iter  7/50 [OK ] reward= -6.5278  cs_rank(-1 * (ts_rank(close - open, 20) + decay_linear(volume, 20) + ts_rank(vwap - close, 20)))
[reward_only] iter  8/50 [OK ] reward= -6.4278  cs_rank(-1 * (ts_rank(close - open, 20) + decay_linear(volume, 20)))
[reward_only] iter  9/50 [ERR] reward=    -inf  cs_rank(-1 * (ts_rank((close - open) / (high - low), 20) + decay_linear(volume, 20)))
[reward_only] iter 10/50 [OK ] reward= -6.5278  cs_rank(-1 * (ts_rank((close - open) / (high - low + 1e-5), 20) + decay_linear(volume, 20)))
[reward_only] iter 11/50 [OK ] reward= -5.5817  cs_rank(-1 * (ts_rank(close - open, 20) + sma(volume, 20)))
[reward_only] iter 12/50 [OK ] reward= -5.5816  cs_rank(-1 * (ts_rank(close - vwap, 20) + sma(volume, 20)))
[reward_only] iter 13/50 [OK ] reward= -5.5817  cs_rank(-1 * (ts_rank(close - open, 20) + sma(volume, 20)))
[reward_only] iter 14/50 [OK ] reward=-137.5367  cs_rank(-1 * (ts_rank(close - open, 20) + zscore(volume, 20)))
[reward_only] iter 15/50 [OK ] reward= -5.6817  cs_rank(-1 * (ts_rank(close - vwap, 20) + sma(volume, 20) + zscore(close - open, 20)))
[reward_only] iter 16/50 [OK ] reward= -5.5816  cs_rank(-1 * (ts_rank(close - vwap, 20) + sma(volume, 20)))
[reward_only] iter 17/50 [OK ] reward= -5.5817  cs_rank(-1 * (ts_rank(close - open, 20) + sma(volume, 20)))
[reward_only] iter 18/50 [OK ] reward= -5.5816  cs_rank(-1 * (ts_rank(close - low, 20) + sma(volume, 20)))
[reward_only] iter 19/50 [OK ] reward= -5.5818  cs_rank(-1 * (ts_rank(high - low, 20) + sma(volume, 20)))
[reward_only] iter 20/50 [OK ] reward= -6.4278  cs_rank(-1 * (ts_rank(close - vwap, 20) + decay_linear(volume, 20)))
[reward_only] iter 21/50 [ERR] reward=    -inf  cs_rank(-1 * (ts_rank((close - open) / close, 20) + sma(volume, 20)))
[reward_only] iter 22/50 [OK ] reward= -5.6317  cs_rank(-1 * (ts_rank((close - open) / (close + 1e-5), 20) + sma(volume, 20)))
[reward_only] iter 23/50 [OK ] reward=-115.9295  cs_rank(-1 * (ts_rank(close - vwap, 20) + cs_rank(volume)))
[reward_only] iter 24/50 [OK ] reward=-137.5367  cs_rank(-1 * (ts_rank(close - open, 20) + zscore(volume, 20)))
[reward_only] iter 25/50 [OK ] reward=-146.8753  cs_rank(-1 * (ts_rank(close - vwap, 20) + sma(volume, 20) / (volume + 1e-5)))
[reward_only] iter 26/50 [OK ] reward= -5.5816  cs_rank(-1 * (ts_rank(close - vwap, 20) + sma(volume, 20)))
[reward_only] iter 27/50 [OK ] reward= -5.5817  cs_rank(-1 * (ts_rank(close - open, 20) + sma(volume, 20)))
[reward_only] iter 28/50 [OK ] reward=-158.5771  cs_rank(-1 * (ts_rank(close - open, 20) + ts_rank(volume, 20)))
[reward_only] iter 29/50 [OK ] reward= -5.6319  cs_rank(-1 * (ts_rank(close - vwap, 20) + sma(volume, 20) + zscore(volume, 20)))
[reward_only] iter 30/50 [OK ] reward= -5.5816  cs_rank(-1 * (ts_rank(close - vwap, 20) + sma(volume, 20)))
[reward_only] iter 31/50 [OK ] reward= -5.5817  cs_rank(-1 * (ts_rank(close - open, 20) + sma(volume, 20)))
[reward_only] iter 32/50 [OK ] reward=-18.9595  cs_rank(-1 * (ts_rank(close - vwap, 20) + sma(volume, 20) * cs_rank(volume)))
[reward_only] iter 33/50 [OK ] reward= -5.5816  cs_rank(-1 * (ts_rank(close - vwap, 20) + sma(volume, 20)))
[reward_only] iter 34/50 [ERR] reward=    -inf  cs_rank(-1 * (ts_rank((close - vwap) / volume, 20) + sma(volume, 20)))
[reward_only] iter 35/50 [OK ] reward= -5.6316  cs_rank(-1 * (ts_rank((close - vwap) / (volume + 1e-5), 20) + sma(volume, 20)))
[reward_only] iter 36/50 [OK ] reward= -5.5816  cs_rank(-1 * (ts_rank(close - vwap, 20) + sma(volume, 20)))
[reward_only] iter 37/50 [ERR] reward=    -inf  cs_rank(-1 * (ts_rank(close / open, 20) + sma(volume, 20)))
[reward_only] iter 38/50 [ERR] reward=    -inf  cs_rank(-1 * (ts_rank(close - vwap, 20) + sma(volume, 20) + cs_rank(close / open)))
[reward_only] iter 39/50 [OK ] reward= -5.7316  cs_rank(-1 * (ts_rank(close - vwap, 20) + sma(volume, 20) + cs_rank(close / (open + 1e-5))))
[reward_only] iter 40/50 [OK ] reward= -5.5816  cs_rank(-1 * (ts_rank(close - vwap, 20) + sma(volume, 20)))
[reward_only] iter 41/50 [OK ] reward= -5.5817  cs_rank(-1 * (ts_rank(close - open, 20) + sma(volume, 20)))
[reward_only] iter 42/50 [OK ] reward=-157.8799  cs_rank(-1 * (ts_rank(close - vwap, 20) + ts_rank(volume, 20)))
[reward_only] iter 43/50 [OK ] reward=-83.9597  cs_rank(-1 * (ts_rank(close - vwap, 20) + ts_rank(volume, 20) + zscore(close, 20)))
[reward_only] iter 44/50 [OK ] reward=-79.9206  cs_rank(-1 * (ts_rank(close - vwap, 20) + zscore(close, 20)))
[reward_only] iter 45/50 [OK ] reward=-46.7488  cs_rank(-1 * (ts_rank(close - vwap, 20) + sma(volume, 20) * zscore(close, 20)))
[reward_only] iter 46/50 [OK ] reward= -5.5816  cs_rank(-1 * (ts_rank(close - vwap, 20) + sma(volume, 20)))
[reward_only] iter 47/50 [OK ] reward= -5.5817  cs_rank(-1 * (ts_rank(close - open, 20) + sma(volume, 20)))
[reward_only] iter 48/50 [OK ] reward=-158.5771  cs_rank(-1 * (ts_rank(close - open, 20) + ts_rank(volume, 20)))
[reward_only] iter 49/50 [OK ] reward= -5.6810  cs_rank(-1 * (ts_rank(close - vwap, 20) + sma(volume, 20) + zscore(stddev(close, 20), 20)))
[reward_only] iter 50/50 [OK ] reward= -5.5816  cs_rank(-1 * (ts_rank(close - vwap, 20) + sma(volume, 20)))
[wfo:reward_only] fold 14 winner: cs_rank(-1 * (ts_rank(close - vwap, 20) + sma(volume, 20)))
[wfo:reward_only] fold 14 OOS: Gross_IR=-0.345 Turnover=7.75 Net_IR=-0.594
[wfo:reward_only] fold 15: train 2016-01-01..2020-12-31 -> test 2021-01-01..2021-12-31
[reward_only] iter  0/50 [SEED] reward=-176.6772  rank(-1 * delta(close, 1))
[reward_only] iter  1/50 [OK ] reward=-182.1970  cs_rank(-1 * (close - open) / (high - low + 1e-5))
[reward_only] iter  2/50 [OK ] reward=-182.1970  cs_rank(-1 * (close - open) / (high - low + 1e-5))
[reward_only] iter  3/50 [OK ] reward=-182.1970  cs_rank(-1 * (close - open) / (high - low + 1e-5))
[reward_only] iter  4/50 [OK ] reward=-185.7900  cs_rank(-1 * (close - open) / (high - low + 1e-5) + decay_linear(cs_rank(close - vwap), 10))
[reward_only] iter  5/50 [OK ] reward=-176.3837  rank(-1 * delta(close, 1) + cs_rank((close - vwap) / (high - low + 1e-5)))
[reward_only] iter  6/50 [OK ] reward=-176.3837  rank(-1 * delta(close, 1) + cs_rank((close - vwap) / (high - low + 1e-5)))
[reward_only] iter  7/50 [OK ] reward=-176.3601  cs_rank(-1 * delta(close, 1) + (close - vwap) / (high - low + 1e-5))
[reward_only] iter  8/50 [OK ] reward=-176.3601  cs_rank(-1 * delta(close, 1) + (close - vwap) / (high - low + 1e-5))
[reward_only] iter  9/50 [OK ] reward=-176.3601  cs_rank(-1 * delta(close, 1) + (close - vwap) / (high - low + 1e-5))
[reward_only] iter 10/50 [OK ] reward=-176.3601  cs_rank(-1 * delta(close, 1) + (close - vwap) / (high - low + 1e-5))
[reward_only] iter 11/50 [OK ] reward=-176.3601  cs_rank(-1 * delta(close, 1) + (close - vwap) / (high - low + 1e-5))
[reward_only] iter 12/50 [OK ] reward=-176.3601  cs_rank(-1 * delta(close, 1) + (close - vwap) / (high - low + 1e-5))
[reward_only] iter 13/50 [OK ] reward=-176.3601  cs_rank(-1 * delta(close, 1) + (close - vwap) / (high - low + 1e-5))
[reward_only] iter 14/50 [OK ] reward=-176.3601  cs_rank(-1 * delta(close, 1) + (close - vwap) / (high - low + 1e-5))
[reward_only] iter 15/50 [OK ] reward=-176.3601  cs_rank(-1 * delta(close, 1) + (close - vwap) / (high - low + 1e-5))
[reward_only] iter 16/50 [OK ] reward=-176.3601  cs_rank(-1 * delta(close, 1) + (close - vwap) / (high - low + 1e-5))
[reward_only] iter 17/50 [OK ] reward=-176.3601  cs_rank(-1 * delta(close, 1) + (close - vwap) / (high - low + 1e-5))
[reward_only] iter 18/50 [OK ] reward=-176.3601  cs_rank(-1 * delta(close, 1) + (close - vwap) / (high - low + 1e-5))
[reward_only] iter 19/50 [OK ] reward=-176.3601  cs_rank(-1 * delta(close, 1) + (close - vwap) / (high - low + 1e-5))
[reward_only] iter 20/50 [OK ] reward=-176.3601  cs_rank(-1 * delta(close, 1) + (close - vwap) / (high - low + 1e-5))
[reward_only] iter 21/50 [OK ] reward=-176.3601  cs_rank(-1 * delta(close, 1) + (close - vwap) / (high - low + 1e-5))
[reward_only] iter 22/50 [OK ] reward=-176.3601  cs_rank(-1 * delta(close, 1) + (close - vwap) / (high - low + 1e-5))
[reward_only] iter 23/50 [OK ] reward=-176.3601  cs_rank(-1 * delta(close, 1) + (close - vwap) / (high - low + 1e-5))
[reward_only] iter 24/50 [OK ] reward=-176.3601  cs_rank(-1 * delta(close, 1) + (close - vwap) / (high - low + 1e-5))
[reward_only] iter 25/50 [OK ] reward=-176.3601  cs_rank(-1 * delta(close, 1) + (close - vwap) / (high - low + 1e-5))
[reward_only] iter 26/50 [OK ] reward=-176.3601  cs_rank(-1 * delta(close, 1) + (close - vwap) / (high - low + 1e-5))
[reward_only] iter 27/50 [OK ] reward=-176.3601  cs_rank(-1 * delta(close, 1) + (close - vwap) / (high - low + 1e-5))
[reward_only] iter 28/50 [OK ] reward=-176.3601  cs_rank(-1 * delta(close, 1) + (close - vwap) / (high - low + 1e-5))
[reward_only] iter 29/50 [OK ] reward=-176.3601  cs_rank(-1 * delta(close, 1) + (close - vwap) / (high - low + 1e-5))
[reward_only] iter 30/50 [OK ] reward=-176.3601  cs_rank(-1 * delta(close, 1) + (close - vwap) / (high - low + 1e-5))
[reward_only] iter 31/50 [OK ] reward=-176.3601  cs_rank(-1 * delta(close, 1) + (close - vwap) / (high - low + 1e-5))
[reward_only] iter 32/50 [OK ] reward=-176.3601  cs_rank(-1 * delta(close, 1) + (close - vwap) / (high - low + 1e-5))
[reward_only] iter 33/50 [OK ] reward=-176.3601  cs_rank(-1 * delta(close, 1) + (close - vwap) / (high - low + 1e-5))
[reward_only] iter 34/50 [OK ] reward=-176.3601  cs_rank(-1 * delta(close, 1) + (close - vwap) / (high - low + 1e-5))
[reward_only] iter 35/50 [OK ] reward=-176.3601  cs_rank(-1 * delta(close, 1) + (close - vwap) / (high - low + 1e-5))
[reward_only] iter 36/50 [OK ] reward=-176.3601  cs_rank(-1 * delta(close, 1) + (close - vwap) / (high - low + 1e-5))
[reward_only] iter 37/50 [OK ] reward=-176.3601  cs_rank(-1 * delta(close, 1) + (close - vwap) / (high - low + 1e-5))
[reward_only] iter 38/50 [OK ] reward=-176.3601  cs_rank(-1 * delta(close, 1) + (close - vwap) / (high - low + 1e-5))
[reward_only] iter 39/50 [OK ] reward=-176.3601  cs_rank(-1 * delta(close, 1) + (close - vwap) / (high - low + 1e-5))
[reward_only] iter 40/50 [OK ] reward=-176.3601  cs_rank(-1 * delta(close, 1) + (close - vwap) / (high - low + 1e-5))
[reward_only] iter 41/50 [OK ] reward=-176.3601  cs_rank(-1 * delta(close, 1) + (close - vwap) / (high - low + 1e-5))
[reward_only] iter 42/50 [OK ] reward=-176.3601  cs_rank(-1 * delta(close, 1) + (close - vwap) / (high - low + 1e-5))
[reward_only] iter 43/50 [OK ] reward=-176.3601  cs_rank(-1 * delta(close, 1) + (close - vwap) / (high - low + 1e-5))
[reward_only] iter 44/50 [OK ] reward=-176.3601  cs_rank(-1 * delta(close, 1) + (close - vwap) / (high - low + 1e-5))
[reward_only] iter 45/50 [OK ] reward=-176.3601  cs_rank(-1 * delta(close, 1) + (close - vwap) / (high - low + 1e-5))
[reward_only] iter 46/50 [OK ] reward=-176.3601  cs_rank(-1 * delta(close, 1) + (close - vwap) / (high - low + 1e-5))
[reward_only] iter 47/50 [OK ] reward=-176.3601  cs_rank(-1 * delta(close, 1) + (close - vwap) / (high - low + 1e-5))
[reward_only] iter 48/50 [OK ] reward=-176.3601  cs_rank(-1 * delta(close, 1) + (close - vwap) / (high - low + 1e-5))
[reward_only] iter 49/50 [OK ] reward=-176.3601  cs_rank(-1 * delta(close, 1) + (close - vwap) / (high - low + 1e-5))
[reward_only] iter 50/50 [OK ] reward=-176.3601  cs_rank(-1 * delta(close, 1) + (close - vwap) / (high - low + 1e-5))
[wfo:reward_only] fold 15 winner: cs_rank(-1 * delta(close, 1) + (close - vwap) / (high - low + 1e-5))
[wfo:reward_only] fold 15 OOS: Gross_IR=0.901 Turnover=319.55 Net_IR=-13.502
[wfo:reward_only] fold 16: train 2017-01-01..2021-12-31 -> test 2022-01-01..2022-12-31
[reward_only] iter  0/50 [SEED] reward=-175.2996  rank(-1 * delta(close, 1))
[reward_only] iter  1/50 [OK ] reward=-180.8866  cs_rank(-1 * delta(close, 1) / (vwap + 1e-5))
[reward_only] iter  2/50 [OK ] reward=-47.0563  cs_rank(-1 * (delta(close, 1) / (vwap + 1e-5)) + decay_linear(ts_rank(volume, 20), 10))
[reward_only] iter  3/50 [OK ] reward=-135.5525  cs_rank(-1 * (delta(close, 1) / (vwap + 1e-5)) + ts_rank(volume, 20))
[reward_only] iter  4/50 [OK ] reward=-59.4038  cs_rank(-1 * (delta(close, 1) / (vwap + 1e-5)) + decay_linear(ts_rank(volume, 20), 10) + cs_rank(high - low))
[reward_only] iter  5/50 [OK ] reward=-126.0197  cs_rank(-1 * (delta(close, 1) / (vwap + 1e-5)) + cs_rank(volume / (sma(volume, 20) + 1e-5)))
[reward_only] iter  6/50 [OK ] reward=-47.0563  cs_rank(-1 * (delta(close, 1) / (vwap + 1e-5)) + decay_linear(ts_rank(volume, 20), 10))
[reward_only] iter  7/50 [OK ] reward=-135.5525  cs_rank(-1 * (delta(close, 1) / (vwap + 1e-5)) + ts_rank(volume, 20))
[reward_only] iter  8/50 [OK ] reward=-45.8575  cs_rank((high - low) / (vwap + 1e-5) + decay_linear(ts_rank(volume, 20), 10))
[reward_only] iter  9/50 [OK ] reward=-39.1875  cs_rank((high - low) / (vwap + 1e-5) + decay_linear(ts_rank(volume, 20), 10) + ts_rank(stddev(close, 20), 20))
[reward_only] iter 10/50 [OK ] reward=-45.8575  cs_rank((high - low) / (vwap + 1e-5) + decay_linear(ts_rank(volume, 20), 10))
[reward_only] iter 11/50 [OK ] reward=-99.5992  cs_rank((high - low) / (vwap + 1e-5) + decay_linear(ts_rank(volume, 20), 10) + ts_rank(stddev(close, 20), 20) + cs_rank((high - close) / (close + 1e-5)))
[reward_only] iter 12/50 [OK ] reward=-39.1875  cs_rank((high - low) / (vwap + 1e-5) + decay_linear(ts_rank(volume, 20), 10) + ts_rank(stddev(close, 20), 20))
[reward_only] iter 13/50 [OK ] reward=-135.6203  cs_rank((high - low) / (vwap + 1e-5) + ts_rank(volume, 20))
[reward_only] iter 14/50 [OK ] reward=-39.4863  cs_rank((close - open) / (vwap + 1e-5) + decay_linear(ts_rank(volume, 20), 10) + ts_rank(stddev(close, 20), 20))
[reward_only] iter 15/50 [OK ] reward=-45.8575  cs_rank((high - low) / (vwap + 1e-5) + decay_linear(ts_rank(volume, 20), 10))
[reward_only] iter 16/50 [OK ] reward=-43.6332  cs_rank((high - low) / (vwap + 1e-5) + decay_linear(ts_rank(volume, 20), 10) + ts_rank(stddev(close, 20), 20) * cs_rank(volume / (volume + 1e-5)))
[reward_only] iter 17/50 [OK ] reward=-39.1875  cs_rank((high - low) / (vwap + 1e-5) + decay_linear(ts_rank(volume, 20), 10) + ts_rank(stddev(close, 20), 20))
[reward_only] iter 18/50 [OK ] reward=-135.6203  cs_rank((high - low) / (vwap + 1e-5) + ts_rank(volume, 20))
[reward_only] iter 19/50 [OK ] reward=-101.6993  cs_rank((high - low) / (vwap + 1e-5) + ts_rank(close - open, 20) + decay_linear(ts_rank(volume, 20), 10) + ts_rank(stddev(close, 20), 20))
[reward_only] iter 20/50 [OK ] reward=-45.8575  cs_rank((high - low) / (vwap + 1e-5) + decay_linear(ts_rank(volume, 20), 10))
[reward_only] iter 21/50 [OK ] reward=-109.3889  cs_rank((high - low) / (vwap + 1e-5) + decay_linear(ts_rank(volume, 20), 10) + ts_rank(stddev(close, 20), 20) + cs_rank(close - open))
[reward_only] iter 22/50 [OK ] reward=-39.1875  cs_rank((high - low) / (vwap + 1e-5) + decay_linear(ts_rank(volume, 20), 10) + ts_rank(stddev(close, 20), 20))
[reward_only] iter 23/50 [OK ] reward=-45.8575  cs_rank((high - low) / (vwap + 1e-5) + decay_linear(ts_rank(volume, 20), 10))
[reward_only] iter 24/50 [OK ] reward=-109.3889  cs_rank((high - low) / (vwap + 1e-5) + decay_linear(ts_rank(volume, 20), 10) + ts_rank(stddev(close, 20), 20) + cs_rank(close - open))
[reward_only] iter 25/50 [OK ] reward=-45.8575  cs_rank((high - low) / (vwap + 1e-5) + decay_linear(ts_rank(volume, 20), 10))
[reward_only] iter 26/50 [ERR] reward=    -inf  cs_rank((high - low) / (vwap + 1e-5) + decay_linear(ts_rank(volume, 20), 10) + ts_rank(stddev(close, 20), 20) + cs_rank((high - close) / (high - open)))
[reward_only] iter 27/50 [OK ] reward=-111.0743  cs_rank((high - low) / (vwap + 1e-5) + decay_linear(ts_rank(volume, 20), 10) + ts_rank(stddev(close, 20), 20) + cs_rank((high - close) / (high - open + 1e-5)))
[reward_only] iter 28/50 [OK ] reward=-39.1875  cs_rank((high - low) / (vwap + 1e-5) + decay_linear(ts_rank(volume, 20), 10) + ts_rank(stddev(close, 20), 20))
[reward_only] iter 29/50 [OK ] reward=-45.8575  cs_rank((high - low) / (vwap + 1e-5) + decay_linear(ts_rank(volume, 20), 10))
[reward_only] iter 30/50 [ERR] reward=    -inf  cs_rank((high - low) / (vwap + 1e-5) + decay_linear(ts_rank(volume, 20), 10) + ts_rank(stddev(close, 20), 20) * cs_rank(close / open))
[reward_only] iter 31/50 [OK ] reward=-93.4425  cs_rank((high - low) / (vwap + 1e-5) + decay_linear(ts_rank(volume, 20), 10) + ts_rank(stddev(close, 20), 20) * cs_rank((close + 1e-5) / (open + 1e-5)))
[reward_only] iter 32/50 [OK ] reward=-39.1875  cs_rank((high - low) / (vwap + 1e-5) + decay_linear(ts_rank(volume, 20), 10) + ts_rank(stddev(close, 20), 20))
[reward_only] iter 33/50 [OK ] reward=-45.8575  cs_rank((high - low) / (vwap + 1e-5) + decay_linear(ts_rank(volume, 20), 10))
[reward_only] iter 34/50 [ERR] reward=    -inf  cs_rank((high - low) / (vwap + 1e-5) + decay_linear(ts_rank(volume, 20), 10) + ts_rank(close / open, 20))
[reward_only] iter 35/50 [OK ] reward=-158.3022  cs_rank((high - low) / (vwap + 1e-5) + decay_linear(ts_rank(volume, 20), 10) + ts_rank(close / (open + 1e-5), 20))
[reward_only] iter 36/50 [ERR] reward=    -inf  cs_rank((high - low) / (vwap + 1e-5) + decay_linear(ts_rank(volume, 20), 10) + ts_rank(close / open, 20))
[reward_only] iter 37/50 [OK ] reward=-69.8276  cs_rank((high - low) / (vwap + 1e-5) + decay_linear(ts_rank(volume, 20), 10) + ts_rank(zscore(close, 20), 20))
[reward_only] iter 38/50 [OK ] reward=-85.8724  cs_rank((high - low) / (vwap + 1e-5) + ts_rank(volume, 20) + ts_rank(stddev(close, 20), 20))
[reward_only] iter 39/50 [OK ] reward=-45.8575  cs_rank((high - low) / (vwap + 1e-5) + decay_linear(ts_rank(volume, 20), 10))
[reward_only] iter 40/50 [OK ] reward=-158.3303  cs_rank((high - low) / (vwap + 1e-5) + decay_linear(ts_rank(volume, 20), 10) + ts_rank(close - open, 20))
[reward_only] iter 41/50 [OK ] reward=-45.8575  cs_rank((high - low) / (vwap + 1e-5) + decay_linear(ts_rank(volume, 20), 10))
[reward_only] iter 42/50 [OK ] reward=-109.3889  cs_rank((high - low) / (vwap + 1e-5) + decay_linear(ts_rank(volume, 20), 10) + ts_rank(stddev(close, 20), 20) + cs_rank(close - open))
[reward_only] iter 43/50 [OK ] reward=-45.8575  cs_rank((high - low) / (vwap + 1e-5) + decay_linear(ts_rank(volume, 20), 10))
[reward_only] iter 44/50 [OK ] reward=-40.3012  cs_rank((high - low) / (vwap + 1e-5) + decay_linear(ts_rank(volume, 20), 10) + ts_rank(stddev(close, 20), 20) + cs_rank(volume / (volume + 1e-5)))
[reward_only] iter 45/50 [OK ] reward=-39.1875  cs_rank((high - low) / (vwap + 1e-5) + decay_linear(ts_rank(volume, 20), 10) + ts_rank(stddev(close, 20), 20))
[reward_only] iter 46/50 [OK ] reward=-45.8575  cs_rank((high - low) / (vwap + 1e-5) + decay_linear(ts_rank(volume, 20), 10))
[reward_only] iter 47/50 [ERR] reward=    -inf  cs_rank((high - low) / (vwap + 1e-5) + decay_linear(ts_rank(volume, 20), 10) + ts_rank(stddev(close, 20), 20) + cs_rank(close / open))
[reward_only] iter 48/50 [OK ] reward=-109.6149  cs_rank((high - low) / (vwap + 1e-5) + decay_linear(ts_rank(volume, 20), 10) + ts_rank(stddev(close, 20), 20) + cs_rank(close / (open + 1e-5)))
[reward_only] iter 49/50 [OK ] reward=-39.1875  cs_rank((high - low) / (vwap + 1e-5) + decay_linear(ts_rank(volume, 20), 10) + ts_rank(stddev(close, 20), 20))
[reward_only] iter 50/50 [OK ] reward=-45.8575  cs_rank((high - low) / (vwap + 1e-5) + decay_linear(ts_rank(volume, 20), 10))
[wfo:reward_only] fold 16 winner: cs_rank((high - low) / (vwap + 1e-5) + decay_linear(ts_rank(volume, 20), 10) + ts_rank(stddev(close, 20), 20))
[wfo:reward_only] fold 16 OOS: Gross_IR=0.040 Turnover=73.80 Net_IR=-3.571
[wfo:reward_only] fold 17: train 2018-01-01..2022-12-31 -> test 2023-01-01..2023-12-31
[reward_only] iter  0/50 [SEED] reward=-175.6499  rank(-1 * delta(close, 1))
[reward_only] iter  1/50 [OK ] reward=-181.4248  cs_rank(-1 * delta(close, 1) / (close + 1e-5))
[reward_only] iter  2/50 [OK ] reward= -3.2829  cs_rank(-1 * (delta(close, 1) / (close + 1e-5)) + decay_linear(close, 5))
[reward_only] iter  3/50 [OK ] reward= -6.9052  cs_rank((-1 * (close - vwap) / (vwap + 1e-5)) + decay_linear(volume, 10))
[reward_only] iter  4/50 [OK ] reward= -6.9053  cs_rank(-1 * (delta(close, 1) / (close + 1e-5)) + decay_linear(volume, 10))
[reward_only] iter  5/50 [OK ] reward= -3.3950  cs_rank(-1 * (delta(close, 1) / (close + 1e-5)) + decay_linear(close, 5) + cs_rank(volume))
[reward_only] iter  6/50 [OK ] reward= -3.2829  cs_rank(-1 * (delta(close, 1) / (close + 1e-5)) + decay_linear(close, 5))
[reward_only] iter  7/50 [OK ] reward= -3.2934  cs_rank(((high - low) / (close + 1e-5)) + decay_linear(close, 5))
[reward_only] iter  8/50 [OK ] reward= -3.2866  cs_rank(-1 * (vwap - open) / (close + 1e-5) + decay_linear(close, 5))
[reward_only] iter  9/50 [OK ] reward=-32.1399  cs_rank(-1 * (vwap - open) / (close + 1e-5) + decay_linear(zscore(close, 20), 5))
[reward_only] iter 10/50 [OK ] reward=-32.1585  cs_rank(-1 * (delta(close, 1) / (close + 1e-5)) + decay_linear(zscore(close, 20), 5))
[reward_only] iter 11/50 [OK ] reward= -3.2829  cs_rank(-1 * (delta(close, 1) / (close + 1e-5)) + decay_linear(close, 5))
[reward_only] iter 12/50 [OK ] reward= -6.9052  cs_rank(-1 * (vwap / (close + 1e-5)) + decay_linear(volume, 10))
[reward_only] iter 13/50 [OK ] reward= -3.0151  cs_rank(-1 * (delta(close, 1) / (close + 1e-5)) + decay_linear(vwap, 10))
[reward_only] iter 14/50 [OK ] reward= -6.9053  cs_rank(-1 * (delta(close, 1) / (close + 1e-5)) + decay_linear(volume, 10))
[reward_only] iter 15/50 [OK ] reward= -3.3066  cs_rank(-1 * (delta(close, 1) / (close + 1e-5)) + decay_linear(vwap, 10) + ts_rank(volume, 20))
[reward_only] iter 16/50 [OK ] reward= -3.8801  cs_rank(-1 * (delta(close, 1) / (close + 1e-5)) + vwap)
[reward_only] iter 17/50 [OK ] reward=-32.0650  cs_rank(-1 * (delta(close, 1) / (close + 1e-5)) + cs_rank(volume))
[reward_only] iter 18/50 [OK ] reward= -3.3066  cs_rank(-1 * (delta(close, 1) / (close + 1e-5)) + decay_linear(vwap, 10) + ts_rank(volume, 20))
[reward_only] iter 19/50 [OK ] reward= -3.0151  cs_rank(-1 * (delta(close, 1) / (close + 1e-5)) + decay_linear(vwap, 10))
[reward_only] iter 20/50 [OK ] reward= -6.9053  cs_rank(-1 * (delta(close, 1) / (close + 1e-5)) + decay_linear(volume, 10))
[reward_only] iter 21/50 [OK ] reward= -3.3066  cs_rank(-1 * (delta(close, 1) / (close + 1e-5)) + decay_linear(vwap, 10) + ts_rank(volume, 20))
[reward_only] iter 22/50 [OK ] reward= -3.0151  cs_rank(-1 * (delta(close, 1) / (close + 1e-5)) + decay_linear(vwap, 10))
[reward_only] iter 23/50 [OK ] reward= -4.3815  cs_rank((high - low) / (close + 1e-5) + decay_linear(volume, 20))
[reward_only] iter 24/50 [OK ] reward= -3.3066  cs_rank(-1 * (delta(close, 1) / (close + 1e-5)) + decay_linear(vwap, 10) + ts_rank(volume, 20))
[reward_only] iter 25/50 [OK ] reward= -3.0151  cs_rank(-1 * (delta(close, 1) / (close + 1e-5)) + decay_linear(vwap, 10))
[reward_only] iter 26/50 [OK ] reward=-135.9097  cs_rank(-1 * (delta(close, 1) / (close + 1e-5)) + ts_rank(volume, 20))
[reward_only] iter 27/50 [OK ] reward= -2.9330  cs_rank(-1 * (delta(close, 1) / (close + 1e-5)) + sma(vwap, 10))
[reward_only] iter 28/50 [OK ] reward= -3.7215  cs_rank(-1 * (delta(close, 1) / (close + 1e-5)) + sma(volume, 20))
[reward_only] iter 29/50 [ERR] reward=    -inf  cs_rank(-1 * (delta(close, 1) / (close + 1e-5)) + decay_linear(sma(vwap, 10), 20))
[reward_only] iter 30/50 [OK ] reward=-25.9402  cs_rank(-1 * (delta(close, 1) / (close + 1e-5)) + zscore(sma(vwap, 10), 20))
[reward_only] iter 31/50 [OK ] reward= -2.9330  cs_rank(-1 * (delta(close, 1) / (close + 1e-5)) + sma(vwap, 10))
[reward_only] iter 32/50 [OK ] reward=-32.1657  cs_rank(-1 * (delta(close, 1) / (close + 1e-5)) + cs_rank(volume / (volume + 1e-5)))
[reward_only] iter 33/50 [OK ] reward= -2.9330  cs_rank(-1 * (delta(close, 1) / (close + 1e-5)) + sma(vwap, 10))
[reward_only] iter 34/50 [ERR] reward=    -inf  cs_rank(-1 * (high - low) / (vwap + 1e-5) + decay_linear(sma(close, 10), 10))
[reward_only] iter 35/50 [OK ] reward= -3.0151  cs_rank(-1 * (delta(close, 1) / (close + 1e-5)) + decay_linear(vwap, 10))
[reward_only] iter 36/50 [OK ] reward=-135.9097  cs_rank(-1 * (delta(close, 1) / (close + 1e-5)) + ts_rank(volume, 20))
[reward_only] iter 37/50 [OK ] reward= -3.7215  cs_rank(-1 * (delta(close, 1) / (close + 1e-5)) + sma(volume, 20))
[reward_only] iter 38/50 [ERR] reward=    -inf  cs_rank(-1 * (delta(close, 1) / (close + 1e-5)) + decay_linear(sma(vwap, 10), 20))
[reward_only] iter 39/50 [OK ] reward=-70.3868  cs_rank(-1 * (delta(close, 1) / (close + 1e-5)) + ts_rank(vwap, 20))
[reward_only] iter 40/50 [ERR] reward=    -inf  cs_rank(-1 * (delta(close, 1) / (close + 1e-5)) + sma(volume, 20) / stddev(volume, 20))
[reward_only] iter 41/50 [ERR] reward=    -inf  cs_rank(-1 * (delta(close, 1) / (close + 1e-5)) + sma(vwap, 10) / stddev(vwap, 10))
[reward_only] iter 42/50 [ERR] reward=    -inf  cs_rank(-1 * (delta(close, 1) / (close + 1e-5)) + decay_linear(sma(vwap, 10), 10))
[reward_only] iter 43/50 [OK ] reward= -2.7713  cs_rank(-1 * (delta(close, 1) / (close + 1e-5)) + sma(vwap, 20))
[reward_only] iter 44/50 [ERR] reward=    -inf  cs_rank((close - vwap) / (vwap + 1e-5) + sma(volume, 20) / volume)
[reward_only] iter 45/50 [OK ] reward= -3.0036  cs_rank(-1 * (delta(close, 1) / (close + 1e-5)) + sma(vwap, 20) + cs_rank(volume / (volume + 1e-5)))
[reward_only] iter 46/50 [OK ] reward= -2.7713  cs_rank(-1 * (delta(close, 1) / (close + 1e-5)) + sma(vwap, 20))
[reward_only] iter 47/50 [OK ] reward=-70.3868  cs_rank(-1 * (delta(close, 1) / (close + 1e-5)) + ts_rank(vwap, 20))
[reward_only] iter 48/50 [OK ] reward= -3.7215  cs_rank(-1 * (delta(close, 1) / (close + 1e-5)) + sma(volume, 20))
[reward_only] iter 49/50 [ERR] reward=    -inf  cs_rank(-1 * (delta(close, 1) / (close + 1e-5)) + decay_linear(sma(vwap, 20), 20))
[reward_only] iter 50/50 [OK ] reward= -2.7713  cs_rank(-1 * (delta(close, 1) / (close + 1e-5)) + sma(vwap, 20))
[wfo:reward_only] fold 17 winner: cs_rank(-1 * (delta(close, 1) / (close + 1e-5)) + sma(vwap, 20))
[wfo:reward_only] fold 17 OOS: Gross_IR=-1.127 Turnover=3.86 Net_IR=-1.285
[wfo:reward_only] fold 18: train 2019-01-01..2023-12-31 -> test 2024-01-01..2024-12-31
[reward_only] iter  0/50 [SEED] reward=-175.0922  rank(-1 * delta(close, 1))
[reward_only] iter  1/50 [OK ] reward=-174.5241  cs_rank(-1 * delta(close, 1) + vwap - open)
[reward_only] iter  2/50 [OK ] reward=-159.8351  cs_rank(-1 * delta(close, 1) + vwap - open + zscore(volume, 20))
[reward_only] iter  3/50 [OK ] reward=-157.4527  cs_rank(-1 * delta(close, 1) + vwap - open + decay_linear(zscore(volume, 20), 20))
[reward_only] iter  4/50 [OK ] reward=-174.5241  cs_rank(-1 * delta(close, 1) + vwap - open)
[reward_only] iter  5/50 [OK ] reward=-162.0629  cs_rank(-1 * delta(close, 1) + vwap - open + decay_linear(zscore(volume, 20), 20) + ts_rank(zscore(high - low, 10), 10))
[reward_only] iter  6/50 [OK ] reward=-157.4527  cs_rank(-1 * delta(close, 1) + vwap - open + decay_linear(zscore(volume, 20), 20))
[reward_only] iter  7/50 [OK ] reward=-159.8351  cs_rank(-1 * delta(close, 1) + vwap - open + zscore(volume, 20))
[reward_only] iter  8/50 [OK ] reward=-159.1193  cs_rank(-1 * delta(close, 1) + vwap - open + decay_linear(zscore(volume, 20), 20) + ts_rank(high - low, 20))
[reward_only] iter  9/50 [OK ] reward=-157.4527  cs_rank(-1 * delta(close, 1) + vwap - open + decay_linear(zscore(volume, 20), 20))
[reward_only] iter 10/50 [OK ] reward=-159.8351  cs_rank(-1 * delta(close, 1) + vwap - open + zscore(volume, 20))
[reward_only] iter 11/50 [OK ] reward=-155.7276  cs_rank(-1 * delta(close, 1) + vwap - open + decay_linear(zscore(volume, 20), 20) + cs_rank(high - low))
[reward_only] iter 12/50 [OK ] reward=-170.9187  cs_rank(-1 * delta(close, 1) + vwap - open + cs_rank(high - low))
[reward_only] iter 13/50 [OK ] reward=-170.9187  cs_rank(-1 * delta(close, 1) + vwap - open + cs_rank(high - low))
[reward_only] iter 14/50 [OK ] reward=-157.4527  cs_rank(-1 * delta(close, 1) + vwap - open + decay_linear(zscore(volume, 20), 20))
[reward_only] iter 15/50 [OK ] reward=-157.4527  cs_rank(-1 * delta(close, 1) + vwap - open + decay_linear(zscore(volume, 20), 20))
[reward_only] iter 16/50 [OK ] reward=-157.4527  cs_rank(-1 * delta(close, 1) + vwap - open + decay_linear(zscore(volume, 20), 20))
[reward_only] iter 17/50 [OK ] reward=-157.4527  cs_rank(-1 * delta(close, 1) + vwap - open + decay_linear(zscore(volume, 20), 20))
[reward_only] iter 18/50 [OK ] reward=-157.4527  cs_rank(-1 * delta(close, 1) + vwap - open + decay_linear(zscore(volume, 20), 20))
[reward_only] iter 19/50 [OK ] reward=-157.4527  cs_rank(-1 * delta(close, 1) + vwap - open + decay_linear(zscore(volume, 20), 20))
[reward_only] iter 20/50 [OK ] reward=-157.4527  cs_rank(-1 * delta(close, 1) + vwap - open + decay_linear(zscore(volume, 20), 20))
[reward_only] iter 21/50 [OK ] reward=-157.4527  cs_rank(-1 * delta(close, 1) + vwap - open + decay_linear(zscore(volume, 20), 20))
[reward_only] iter 22/50 [OK ] reward=-157.4527  cs_rank(-1 * delta(close, 1) + vwap - open + decay_linear(zscore(volume, 20), 20))
[reward_only] iter 23/50 [OK ] reward=-157.4527  cs_rank(-1 * delta(close, 1) + vwap - open + decay_linear(zscore(volume, 20), 20))
[reward_only] iter 24/50 [OK ] reward=-157.4527  cs_rank(-1 * delta(close, 1) + vwap - open + decay_linear(zscore(volume, 20), 20))
[reward_only] iter 25/50 [OK ] reward=-157.4527  cs_rank(-1 * delta(close, 1) + vwap - open + decay_linear(zscore(volume, 20), 20))
[reward_only] iter 26/50 [OK ] reward=-157.4527  cs_rank(-1 * delta(close, 1) + vwap - open + decay_linear(zscore(volume, 20), 20))
[reward_only] iter 27/50 [OK ] reward=-157.4527  cs_rank(-1 * delta(close, 1) + vwap - open + decay_linear(zscore(volume, 20), 20))
[reward_only] iter 28/50 [OK ] reward=-170.9187  cs_rank(-1 * delta(close, 1) + vwap - open + cs_rank(high - low))
[reward_only] iter 29/50 [OK ] reward=-170.9187  cs_rank(-1 * delta(close, 1) + vwap - open + cs_rank(high - low))
[reward_only] iter 30/50 [OK ] reward=-170.9187  cs_rank(-1 * delta(close, 1) + vwap - open + cs_rank(high - low))
[reward_only] iter 31/50 [OK ] reward=-157.4527  cs_rank(-1 * delta(close, 1) + vwap - open + decay_linear(zscore(volume, 20), 20))
[reward_only] iter 32/50 [OK ] reward=-170.9187  cs_rank(-1 * delta(close, 1) + vwap - open + cs_rank(high - low))
[reward_only] iter 33/50 [OK ] reward=-170.9187  cs_rank(-1 * delta(close, 1) + vwap - open + cs_rank(high - low))
[reward_only] iter 34/50 [OK ] reward=-170.9187  cs_rank(-1 * delta(close, 1) + vwap - open + cs_rank(high - low))
[reward_only] iter 35/50 [OK ] reward=-170.9187  cs_rank(-1 * delta(close, 1) + vwap - open + cs_rank(high - low))
[reward_only] iter 36/50 [OK ] reward=-157.4527  cs_rank(-1 * delta(close, 1) + vwap - open + decay_linear(zscore(volume, 20), 20))
[reward_only] iter 37/50 [OK ] reward=-157.4527  cs_rank(-1 * delta(close, 1) + vwap - open + decay_linear(zscore(volume, 20), 20))
[reward_only] iter 38/50 [OK ] reward=-157.4527  cs_rank(-1 * delta(close, 1) + vwap - open + decay_linear(zscore(volume, 20), 20))
[reward_only] iter 39/50 [OK ] reward=-157.4527  cs_rank(-1 * delta(close, 1) + vwap - open + decay_linear(zscore(volume, 20), 20))
[reward_only] iter 40/50 [OK ] reward=-157.4527  cs_rank(-1 * delta(close, 1) + vwap - open + decay_linear(zscore(volume, 20), 20))
[reward_only] iter 41/50 [OK ] reward=-157.4527  cs_rank(-1 * delta(close, 1) + vwap - open + decay_linear(zscore(volume, 20), 20))
[reward_only] iter 42/50 [OK ] reward=-157.4527  cs_rank(-1 * delta(close, 1) + vwap - open + decay_linear(zscore(volume, 20), 20))
[reward_only] iter 43/50 [OK ] reward=-157.4527  cs_rank(-1 * delta(close, 1) + vwap - open + decay_linear(zscore(volume, 20), 20))
[reward_only] iter 44/50 [OK ] reward=-157.4527  cs_rank(-1 * delta(close, 1) + vwap - open + decay_linear(zscore(volume, 20), 20))
[reward_only] iter 45/50 [OK ] reward=-157.4527  cs_rank(-1 * delta(close, 1) + vwap - open + decay_linear(zscore(volume, 20), 20))
[reward_only] iter 46/50 [OK ] reward=-157.4527  cs_rank(-1 * delta(close, 1) + vwap - open + decay_linear(zscore(volume, 20), 20))
[reward_only] iter 47/50 [OK ] reward=-157.4527  cs_rank(-1 * delta(close, 1) + vwap - open + decay_linear(zscore(volume, 20), 20))
[reward_only] iter 48/50 [OK ] reward=-157.4527  cs_rank(-1 * delta(close, 1) + vwap - open + decay_linear(zscore(volume, 20), 20))
[reward_only] iter 49/50 [OK ] reward=-157.4527  cs_rank(-1 * delta(close, 1) + vwap - open + decay_linear(zscore(volume, 20), 20))
[reward_only] iter 50/50 [OK ] reward=-157.4527  cs_rank(-1 * delta(close, 1) + vwap - open + decay_linear(zscore(volume, 20), 20))
[wfo:reward_only] fold 18 winner: cs_rank(-1 * delta(close, 1) + vwap - open + decay_linear(zscore(volume, 20), 20) + cs_rank(high - low))
[wfo:reward_only] fold 18 OOS: Gross_IR=-0.081 Turnover=296.79 Net_IR=-14.307
[wfo:reward_only] fold 19: train 2020-01-01..2024-12-31 -> test 2025-01-01..2025-12-31
[reward_only] iter  0/50 [SEED] reward=-174.4531  rank(-1 * delta(close, 1))
[reward_only] iter  1/50 [OK ] reward=-136.1610  cs_rank(-1 * delta(close, 1)) + cs_rank(volume / (volume + 1e-5))
[reward_only] iter  2/50 [OK ] reward=-127.0687  cs_rank(-1 * delta(close, 1)) + cs_rank(volume / (volume + 1e-5)) + cs_rank((high - low) / (high + low + 1e-5))
[reward_only] iter  3/50 [OK ] reward=-136.1610  cs_rank(-1 * delta(close, 1)) + cs_rank(volume / (volume + 1e-5))
[reward_only] iter  4/50 [OK ] reward=-115.8052  cs_rank(-1 * delta(close, 1)) + cs_rank(volume / (volume + 1e-5)) + cs_rank((high - low) / (high + low + 1e-5)) + cs_rank(zscore(close, 20))
[reward_only] iter  5/50 [OK ] reward=-109.3156  cs_rank(-1 * delta(close, 1)) + cs_rank(volume / (volume + 1e-5)) + cs_rank(zscore(close, 20))
[reward_only] iter  6/50 [OK ] reward=-109.3156  cs_rank(-1 * delta(close, 1)) + cs_rank(volume / (volume + 1e-5)) + cs_rank(zscore(close, 20))
[reward_only] iter  7/50 [OK ] reward=-136.1610  cs_rank(-1 * delta(close, 1)) + cs_rank(volume / (volume + 1e-5))
[reward_only] iter  8/50 [OK ] reward=-124.4513  cs_rank(-1 * delta(close, 1)) + cs_rank(volume / (volume + 1e-5)) + cs_rank(zscore(close, 20)) + cs_rank(decay_linear(close, 20))
[reward_only] iter  9/50 [OK ] reward=-109.3156  cs_rank(-1 * delta(close, 1)) + cs_rank(volume / (volume + 1e-5)) + cs_rank(zscore(close, 20))
[reward_only] iter 10/50 [OK ] reward=-109.3156  cs_rank(-1 * delta(close, 1)) + cs_rank(volume / (volume + 1e-5)) + cs_rank(zscore(close, 20))
[reward_only] iter 11/50 [OK ] reward=-136.1610  cs_rank(-1 * delta(close, 1)) + cs_rank(volume / (volume + 1e-5))
[reward_only] iter 12/50 [OK ] reward=-117.3454  cs_rank(-1 * delta(close, 1)) + cs_rank(volume / (volume + 1e-5)) + cs_rank(zscore(close, 20)) + cs_rank(stddev(close, 20) / (stddev(close, 20) + 1e-5))
[reward_only] iter 13/50 [OK ] reward=-109.3156  cs_rank(-1 * delta(close, 1)) + cs_rank(volume / (volume + 1e-5)) + cs_rank(zscore(close, 20))
[reward_only] iter 14/50 [OK ] reward=-136.1610  cs_rank(-1 * delta(close, 1)) + cs_rank(volume / (volume + 1e-5))
[reward_only] iter 15/50 [OK ] reward=-124.4513  cs_rank(-1 * delta(close, 1)) + cs_rank(volume / (volume + 1e-5)) + cs_rank(zscore(close, 20)) + cs_rank(decay_linear(close, 20))
[reward_only] iter 16/50 [OK ] reward=-109.3156  cs_rank(-1 * delta(close, 1)) + cs_rank(volume / (volume + 1e-5)) + cs_rank(zscore(close, 20))
[reward_only] iter 17/50 [OK ] reward=-136.1610  cs_rank(-1 * delta(close, 1)) + cs_rank(volume / (volume + 1e-5))
[reward_only] iter 18/50 [OK ] reward=-124.4513  cs_rank(-1 * delta(close, 1)) + cs_rank(volume / (volume + 1e-5)) + cs_rank(zscore(close, 20)) + cs_rank(decay_linear(close, 20))
[reward_only] iter 19/50 [OK ] reward=-124.4513  cs_rank(-1 * delta(close, 1)) + cs_rank(volume / (volume + 1e-5)) + cs_rank(zscore(close, 20)) + cs_rank(decay_linear(close, 20))
[reward_only] iter 20/50 [OK ] reward=-109.3156  cs_rank(-1 * delta(close, 1)) + cs_rank(volume / (volume + 1e-5)) + cs_rank(zscore(close, 20))
[reward_only] iter 21/50 [OK ] reward=-136.1610  cs_rank(-1 * delta(close, 1)) + cs_rank(volume / (volume + 1e-5))
[reward_only] iter 22/50 [OK ] reward=-108.1612  cs_rank(-1 * delta(close, 1)) + cs_rank(volume / (volume + 1e-5)) + cs_rank(zscore(close, 20)) + cs_rank(close / (high + low + close + 1e-5))
[reward_only] iter 23/50 [OK ] reward=-109.3156  cs_rank(-1 * delta(close, 1)) + cs_rank(volume / (volume + 1e-5)) + cs_rank(zscore(close, 20))
[reward_only] iter 24/50 [OK ] reward=-109.3156  cs_rank(-1 * delta(close, 1)) + cs_rank(volume / (volume + 1e-5)) + cs_rank(zscore(close, 20))
[reward_only] iter 25/50 [OK ] reward=-109.3156  cs_rank(-1 * delta(close, 1)) + cs_rank(volume / (volume + 1e-5)) + cs_rank(zscore(close, 20))
[reward_only] iter 26/50 [OK ] reward=-109.3156  cs_rank(-1 * delta(close, 1)) + cs_rank(volume / (volume + 1e-5)) + cs_rank(zscore(close, 20))
[reward_only] iter 27/50 [OK ] reward=-109.3156  cs_rank(-1 * delta(close, 1)) + cs_rank(volume / (volume + 1e-5)) + cs_rank(zscore(close, 20))
[reward_only] iter 28/50 [OK ] reward=-109.3156  cs_rank(-1 * delta(close, 1)) + cs_rank(volume / (volume + 1e-5)) + cs_rank(zscore(close, 20))
[reward_only] iter 29/50 [OK ] reward=-136.1610  cs_rank(-1 * delta(close, 1)) + cs_rank(volume / (volume + 1e-5))
[reward_only] iter 30/50 [OK ] reward=-118.9022  cs_rank(-1 * delta(close, 1)) + cs_rank(volume / (volume + 1e-5)) + cs_rank(zscore(close, 20)) + cs_rank(close / (high + low + close + 1e-5)) + cs_rank(decay_linear(close, 20))
[reward_only] iter 31/50 [OK ] reward=-108.1612  cs_rank(-1 * delta(close, 1)) + cs_rank(volume / (volume + 1e-5)) + cs_rank(zscore(close, 20)) + cs_rank(close / (high + low + close + 1e-5))
[reward_only] iter 32/50 [OK ] reward=-109.3156  cs_rank(-1 * delta(close, 1)) + cs_rank(volume / (volume + 1e-5)) + cs_rank(zscore(close, 20))
[reward_only] iter 33/50 [OK ] reward=-109.3156  cs_rank(-1 * delta(close, 1)) + cs_rank(volume / (volume + 1e-5)) + cs_rank(zscore(close, 20))
[reward_only] iter 34/50 [OK ] reward=-109.3156  cs_rank(-1 * delta(close, 1)) + cs_rank(volume / (volume + 1e-5)) + cs_rank(zscore(close, 20))
[reward_only] iter 35/50 [OK ] reward=-136.1610  cs_rank(-1 * delta(close, 1)) + cs_rank(volume / (volume + 1e-5))
[reward_only] iter 36/50 [OK ] reward=-80.3190  cs_rank(-1 * delta(close, 1)) + cs_rank(volume / (volume + 1e-5)) + cs_rank(zscore(close, 20)) + cs_rank(close / (high + low + close + 1e-5)) + cs_rank(decay_linear(zscore(close, 20), 20))
[reward_only] iter 37/50 [OK ] reward=-108.1612  cs_rank(-1 * delta(close, 1)) + cs_rank(volume / (volume + 1e-5)) + cs_rank(zscore(close, 20)) + cs_rank(close / (high + low + close + 1e-5))
[reward_only] iter 38/50 [OK ] reward=-109.3156  cs_rank(-1 * delta(close, 1)) + cs_rank(volume / (volume + 1e-5)) + cs_rank(zscore(close, 20))
[reward_only] iter 39/50 [OK ] reward=-79.2057  cs_rank(-1 * delta(close, 1)) + cs_rank(volume / (volume + 1e-5)) + cs_rank(zscore(close, 20)) + cs_rank(decay_linear(zscore(close, 20), 20))
[reward_only] iter 40/50 [OK ] reward=-109.3156  cs_rank(-1 * delta(close, 1)) + cs_rank(volume / (volume + 1e-5)) + cs_rank(zscore(close, 20))
[reward_only] iter 41/50 [OK ] reward=-109.3156  cs_rank(-1 * delta(close, 1)) + cs_rank(volume / (volume + 1e-5)) + cs_rank(zscore(close, 20))
[reward_only] iter 42/50 [OK ] reward=-113.1936  cs_rank(-1 * delta(close, 1)) + cs_rank(volume / (volume + 1e-5)) + cs_rank(decay_linear(zscore(close, 20), 20))
[reward_only] iter 43/50 [OK ] reward=-109.3156  cs_rank(-1 * delta(close, 1)) + cs_rank(volume / (volume + 1e-5)) + cs_rank(zscore(close, 20))
[reward_only] iter 44/50 [OK ] reward=-113.1936  cs_rank(-1 * delta(close, 1)) + cs_rank(volume / (volume + 1e-5)) + cs_rank(decay_linear(zscore(close, 20), 20))
[reward_only] iter 45/50 [OK ] reward=-113.1936  cs_rank(-1 * delta(close, 1)) + cs_rank(volume / (volume + 1e-5)) + cs_rank(decay_linear(zscore(close, 20), 20))
[reward_only] iter 46/50 [OK ] reward=-113.1936  cs_rank(-1 * delta(close, 1)) + cs_rank(volume / (volume + 1e-5)) + cs_rank(decay_linear(zscore(close, 20), 20))
[reward_only] iter 47/50 [OK ] reward=-109.3156  cs_rank(-1 * delta(close, 1)) + cs_rank(volume / (volume + 1e-5)) + cs_rank(zscore(close, 20))
[reward_only] iter 48/50 [OK ] reward=-109.3156  cs_rank(-1 * delta(close, 1)) + cs_rank(volume / (volume + 1e-5)) + cs_rank(zscore(close, 20))
[reward_only] iter 49/50 [OK ] reward=-113.1936  cs_rank(-1 * delta(close, 1)) + cs_rank(volume / (volume + 1e-5)) + cs_rank(decay_linear(zscore(close, 20), 20))
[reward_only] iter 50/50 [OK ] reward=-109.3156  cs_rank(-1 * delta(close, 1)) + cs_rank(volume / (volume + 1e-5)) + cs_rank(zscore(close, 20))
[wfo:reward_only] fold 19 winner: cs_rank(-1 * delta(close, 1)) + cs_rank(volume / (volume + 1e-5)) + cs_rank(zscore(close, 20)) + cs_rank(decay_linear(zscore(close, 20), 20))
[wfo:reward_only] fold 19 OOS: Gross_IR=0.394 Turnover=148.45 Net_IR=-4.543
[wfo:reward_only] fold 20: train 2021-01-01..2025-12-31 -> test 2026-01-01..2026-08-13
[reward_only] iter  0/50 [SEED] reward=-172.7288  rank(-1 * delta(close, 1))
[reward_only] iter  1/50 [OK ] reward=-180.6554  cs_rank(-1 * delta(close, 1) / (vwap + 1e-5))
[reward_only] iter  2/50 [OK ] reward= -3.3445  cs_rank(-1 * (delta(close, 1) / (vwap + 1e-5)) + decay_linear(close, 20))
[reward_only] iter  3/50 [OK ] reward=-135.2410  cs_rank(-1 * (delta(close, 1) / (vwap + 1e-5)) + ts_rank(volume, 20))
[reward_only] iter  4/50 [OK ] reward=-41.3183  cs_rank(-1 * (delta(close, 1) / (vwap + 1e-5)) + decay_linear(ts_rank(volume, 20), 20))
[reward_only] iter  5/50 [OK ] reward= -3.4531  cs_rank(-1 * (delta(close, 1) / (vwap + 1e-5)) + decay_linear(close, 20) + cs_rank(volume))
[reward_only] iter  6/50 [OK ] reward=-180.6554  cs_rank(-1 * (delta(close, 1) / (vwap + 1e-5)))
[reward_only] iter  7/50 [OK ] reward= -3.5609  cs_rank(-1 * (delta(close, 1) / (vwap + 1e-5)) + decay_linear(close, 20) + ts_rank(volume, 20))
[reward_only] iter  8/50 [OK ] reward= -3.3445  cs_rank(-1 * (delta(close, 1) / (vwap + 1e-5)) + decay_linear(close, 20))
[reward_only] iter  9/50 [ERR] reward=    -inf  cs_rank(-1 * (delta(close, 1) / (vwap + 1e-5)) + sma(volume, 20) / stddev(volume, 20))
[reward_only] iter 10/50 [OK ] reward= -3.3445  cs_rank(-1 * (delta(close, 1) / (vwap + 1e-5)) + decay_linear(close, 20))
[reward_only] iter 11/50 [ERR] reward=    -inf  cs_rank((close - open) / (high - low) + decay_linear(close, 20))
[reward_only] iter 12/50 [OK ] reward=-27.7379  cs_rank(-1 * (delta(close, 1) / (vwap + 1e-5)) + decay_linear(ts_rank(close, 20), 10))
[reward_only] iter 13/50 [OK ] reward= -3.3445  cs_rank(-1 * (delta(close, 1) / (vwap + 1e-5)) + decay_linear(close, 20))
[reward_only] iter 14/50 [OK ] reward= -3.3517  cs_rank((high - low) / (vwap + 1e-5) + decay_linear(close, 20))
[reward_only] iter 15/50 [OK ] reward= -3.4671  cs_rank(-1 * (delta(close, 1) / (vwap + 1e-5)) + decay_linear(volume, 20))
[reward_only] iter 16/50 [OK ] reward= -3.5438  cs_rank(-1 * (delta(close, 1) / (vwap + 1e-5)) + decay_linear(close, 20) + ts_rank(volume, 60))
[reward_only] iter 17/50 [OK ] reward= -3.3445  cs_rank(-1 * (delta(close, 1) / (vwap + 1e-5)) + decay_linear(close, 20))
[reward_only] iter 18/50 [OK ] reward= -3.4671  cs_rank(-1 * (delta(close, 1) / (vwap + 1e-5)) + decay_linear(volume, 20))
[reward_only] iter 19/50 [OK ] reward= -3.5609  cs_rank(-1 * (delta(close, 1) / (vwap + 1e-5)) + decay_linear(close, 20) + ts_rank(volume, 20))
[reward_only] iter 20/50 [OK ] reward= -3.3445  cs_rank(-1 * (delta(close, 1) / (vwap + 1e-5)) + decay_linear(close, 20))
[reward_only] iter 21/50 [OK ] reward= -3.4671  cs_rank(-1 * (delta(close, 1) / (vwap + 1e-5)) + decay_linear(volume, 20))
[reward_only] iter 22/50 [OK ] reward= -3.5438  cs_rank(-1 * (delta(close, 1) / (vwap + 1e-5)) + decay_linear(close, 20) + ts_rank(volume, 60))
[reward_only] iter 23/50 [OK ] reward= -3.3445  cs_rank(-1 * (delta(close, 1) / (vwap + 1e-5)) + decay_linear(close, 20))
[reward_only] iter 24/50 [OK ] reward= -3.3511  cs_rank(-1 * (high - low) / (vwap + 1e-5) + decay_linear(close, 20))
[reward_only] iter 25/50 [OK ] reward=-70.2530  cs_rank(-1 * (high - low) / (vwap + 1e-5) + ts_rank(close, 20))
[reward_only] iter 26/50 [OK ] reward=-31.9374  cs_rank(-1 * (delta(close, 1) / (vwap + 1e-5)) + decay_linear(zscore(volume, 20), 20))
[reward_only] iter 27/50 [OK ] reward= -3.3445  cs_rank(-1 * (delta(close, 1) / (vwap + 1e-5)) + decay_linear(close, 20))
[reward_only] iter 28/50 [OK ] reward= -3.4671  cs_rank(-1 * (delta(close, 1) / (vwap + 1e-5)) + decay_linear(volume, 20))
[reward_only] iter 29/50 [OK ] reward= -4.1222  cs_rank(-1 * (delta(close, 1) / (vwap + 1e-5)) + decay_linear(close, 20) + zscore(volume, 20))
[reward_only] iter 30/50 [OK ] reward= -3.3445  cs_rank(-1 * (delta(close, 1) / (vwap + 1e-5)) + decay_linear(close, 20))
[reward_only] iter 31/50 [OK ] reward= -3.4671  cs_rank(-1 * (delta(close, 1) / (vwap + 1e-5)) + decay_linear(volume, 20))
[reward_only] iter 32/50 [OK ] reward=-22.1258  cs_rank(-1 * (delta(close, 1) / (vwap + 1e-5)) + decay_linear(ts_rank(close, 20), 20))
[reward_only] iter 33/50 [OK ] reward= -3.3445  cs_rank(-1 * (delta(close, 1) / (vwap + 1e-5)) + decay_linear(close, 20))
[reward_only] iter 34/50 [OK ] reward=-20.0562  cs_rank(-1 * (delta(close, 1) / (vwap + 1e-5)) + cs_rank(volume / (vwap + 1e-5)))
[reward_only] iter 35/50 [OK ] reward= -3.3445  cs_rank(-1 * (delta(close, 1) / (vwap + 1e-5)) + decay_linear(close, 20))
[reward_only] iter 36/50 [OK ] reward= -3.3517  cs_rank((high - low) / (vwap + 1e-5) + decay_linear(close, 20))
[reward_only] iter 37/50 [OK ] reward= -3.4671  cs_rank(-1 * (delta(close, 1) / (vwap + 1e-5)) + decay_linear(volume, 20))
[reward_only] iter 38/50 [OK ] reward= -3.5609  cs_rank(-1 * (delta(close, 1) / (vwap + 1e-5)) + decay_linear(close, 20) + ts_rank(volume, 20))
[reward_only] iter 39/50 [OK ] reward= -3.3445  cs_rank(-1 * (delta(close, 1) / (vwap + 1e-5)) + decay_linear(close, 20))
[reward_only] iter 40/50 [OK ] reward= -3.4671  cs_rank(-1 * (delta(close, 1) / (vwap + 1e-5)) + decay_linear(volume, 20))
[reward_only] iter 41/50 [ERR] reward=    -inf  cs_rank(-1 * (delta(close, 1) / (vwap + 1e-5)) + decay_linear((close - vwap) / vwap, 20))
[reward_only] iter 42/50 [ERR] reward=    -inf  cs_rank(-1 * (delta(close, 1) / (vwap + 1e-5)) + decay_linear(close / vwap, 20))
[reward_only] iter 43/50 [OK ] reward=-182.1974  cs_rank(-1 * (delta(close, 1) / (vwap + 1e-5)) + decay_linear(close / (vwap + 1e-5), 20))
[reward_only] iter 44/50 [OK ] reward= -3.3445  cs_rank(-1 * (delta(close, 1) / (vwap + 1e-5)) + decay_linear(close, 20))
[reward_only] iter 45/50 [OK ] reward= -3.4671  cs_rank(-1 * (delta(close, 1) / (vwap + 1e-5)) + decay_linear(volume, 20))
[reward_only] iter 46/50 [OK ] reward= -3.5438  cs_rank(-1 * (delta(close, 1) / (vwap + 1e-5)) + decay_linear(close, 20) + ts_rank(volume, 60))
[reward_only] iter 47/50 [OK ] reward= -3.3445  cs_rank(-1 * (delta(close, 1) / (vwap + 1e-5)) + decay_linear(close, 20))
[reward_only] iter 48/50 [OK ] reward= -3.3517  cs_rank((high - low) / (vwap + 1e-5) + decay_linear(close, 20))
[reward_only] iter 49/50 [OK ] reward= -3.4671  cs_rank(-1 * (delta(close, 1) / (vwap + 1e-5)) + decay_linear(volume, 20))
[reward_only] iter 50/50 [OK ] reward= -3.5609  cs_rank(-1 * (delta(close, 1) / (vwap + 1e-5)) + decay_linear(close, 20) + ts_rank(volume, 20))
[wfo:reward_only] fold 20 winner: cs_rank(-1 * (delta(close, 1) / (vwap + 1e-5)) + decay_linear(close, 20))
[wfo:reward_only] fold 20 OOS: Gross_IR=-0.390 Turnover=6.18 Net_IR=-0.592
[run_full_grid] checkpointed grid_summary.csv (3 rows)

==============================================================================
ALPHA=volume (rank(-1 * zscore(volume, 20)))  LLM_SEED=1001
==============================================================================
[LocalQwenClient] seed=1001 main_gpu=0
[wfo:reward_only] fold 0: train 2001-01-01..2005-12-31 -> test 2006-01-01..2006-12-31
[reward_only] iter  0/50 [SEED] reward=-139.2323  rank(-1 * zscore(volume, 20))
[reward_only] iter  1/50 [ERR] reward=    -inf  cs_rank((high - low) / (high + low))
[reward_only] iter  2/50 [OK ] reward=-138.4707  rank(-1 * zscore(volume, 20) * cs_rank((high - low) / (high + 1e-5)))
[reward_only] iter  3/50 [OK ] reward=-138.4707  rank(-1 * zscore(volume, 20) * cs_rank((high - low) / (high + 1e-5)))
[reward_only] iter  4/50 [OK ] reward=-138.4707  rank(-1 * zscore(volume, 20) * cs_rank((high - low) / (high + 1e-5)))
[reward_only] iter  5/50 [OK ] reward=-114.6338  cs_rank((high - low) / (high + 1e-5))
[reward_only] iter  6/50 [OK ] reward=-143.3314  cs_rank((high - low) / (high + 1e-5) + zscore(volume, 14))
[reward_only] iter  7/50 [OK ] reward=-43.5025  cs_rank((high - low) / (high + 1e-5) + decay_linear(zscore(volume, 14), 14))
[reward_only] iter  8/50 [OK ] reward=-26.2682  cs_rank((high - low) / (high + 1e-5) + decay_linear(zscore(close, 14), 14))
[reward_only] iter  9/50 [OK ] reward=-94.7207  cs_rank((close - open) / (high - low + 1e-5) + decay_linear(zscore(close, 21), 21))
[reward_only] iter 10/50 [OK ] reward=-169.3054  cs_rank((close - open) / (high - low + 1e-5) + decay_linear(ts_rank(close, 21), 21))
[reward_only] iter 11/50 [OK ] reward=-145.9440  cs_rank((close - open) / (high - low + 1e-5) + decay_linear(zscore(volume, 14), 14))
[reward_only] iter 12/50 [OK ] reward=-180.9646  cs_rank((close - open) / (high - low + 1e-5) + ts_rank(volume, 20))
[reward_only] iter 13/50 [OK ] reward=-155.9696  cs_rank((close - open) / (high - low + 1e-5) + zscore(volume, 20))
[reward_only] iter 14/50 [OK ] reward=-30.0746  cs_rank((high - low) / (high + 1e-5) + decay_linear(ts_rank(close, 14), 14))
[reward_only] iter 15/50 [OK ] reward=-49.2419  cs_rank((high - low) / (high + 1e-5) + decay_linear(ts_rank(volume, 14), 14))
[reward_only] iter 16/50 [OK ] reward=-59.3210  cs_rank((high - low) / (high + 1e-5) + decay_linear(zscore(close, 14), 14) + ts_rank(volume, 14))
[reward_only] iter 17/50 [OK ] reward=-26.2682  cs_rank((high - low) / (high + 1e-5) + decay_linear(zscore(close, 14), 14))
[reward_only] iter 18/50 [OK ] reward=-33.6399  cs_rank((close - open) / (close + 1e-5) + decay_linear(zscore(volume, 20), 20))
[reward_only] iter 19/50 [OK ] reward=-31.0486  cs_rank((high - low) / (high + 1e-5) + decay_linear(zscore(close, 14), 14) + cs_rank(volume / (volume + 1e-5)))
[reward_only] iter 20/50 [OK ] reward=-76.0503  cs_rank((high - low) / (high + 1e-5) + zscore(close, 14))
[reward_only] iter 21/50 [OK ] reward=-110.0075  cs_rank((high - low) / (high + 1e-5) + decay_linear(zscore(close, 14), 14) + zscore(volume, 14))
[reward_only] iter 22/50 [OK ] reward=-26.2682  cs_rank((high - low) / (high + 1e-5) + decay_linear(zscore(close, 14), 14))
[reward_only] iter 23/50 [OK ] reward=-145.9440  cs_rank((close - open) / (high - low + 1e-5) + decay_linear(zscore(volume, 14), 14))
[reward_only] iter 24/50 [OK ] reward=-149.6391  cs_rank((close - open) / (high - low + 1e-5) + ts_rank(decay_linear(zscore(close, 21), 21), 21))
[reward_only] iter 25/50 [OK ] reward=-26.2682  cs_rank((high - low) / (high + 1e-5) + decay_linear(zscore(close, 14), 14))
[reward_only] iter 26/50 [OK ] reward=-148.7057  cs_rank((close - open) / (high - low + 1e-5) + decay_linear(zscore(volume, 20), 20))
[reward_only] iter 27/50 [OK ] reward=-169.2290  cs_rank((close - open) / (high - low + 1e-5) + decay_linear(ts_rank(close, 20), 20))
[reward_only] iter 28/50 [OK ] reward=-145.9440  cs_rank((close - open) / (high - low + 1e-5) + decay_linear(zscore(volume, 14), 14))
[reward_only] iter 29/50 [OK ] reward=-97.8570  cs_rank((close - open) / (high - low + 1e-5) + decay_linear(zscore(close, 14), 14))
[reward_only] iter 30/50 [OK ] reward=-48.8773  cs_rank((vwap - close) / (high - low + 1e-5) + decay_linear(zscore(close, 14), 14))
[reward_only] iter 31/50 [OK ] reward=-97.8570  cs_rank((close - open) / (high - low + 1e-5) + decay_linear(zscore(close, 14), 14))
[reward_only] iter 32/50 [OK ] reward=-18.7497  cs_rank((high - low) / (high + 1e-5) + decay_linear(zscore(close, 21), 21))
[reward_only] iter 33/50 [OK ] reward=-149.1675  cs_rank((close - open) / (high - low + 1e-5) + decay_linear(zscore(volume, 21), 21))
[reward_only] iter 34/50 [OK ] reward=-132.3987  cs_rank((high - low) / (high + 1e-5) + decay_linear(zscore(close, 21), 21)) * cs_rank(vwap - close)
[reward_only] iter 35/50 [OK ] reward=-18.7497  cs_rank((high - low) / (high + 1e-5) + decay_linear(zscore(close, 21), 21))
[reward_only] iter 36/50 [ERR] reward=    -inf  cs_rank(close / open + zscore(volume, 21))
[reward_only] iter 37/50 [OK ] reward=-25.8595  cs_rank((high - low) / (high + 1e-5) + decay_linear(zscore(close, 21), 21) + cs_rank(volume / (volume + 1e-5)))
[reward_only] iter 38/50 [OK ] reward=-62.0701  cs_rank((high - low) / (high + 1e-5) + zscore(close, 21))
[reward_only] iter 39/50 [OK ] reward= -5.1542  cs_rank((high - low) / (high + 1e-5) + sma(close, 21))
[reward_only] iter 40/50 [OK ] reward=-137.6119  cs_rank((close - open) / (open + 1e-5) + zscore(volume, 21))
[reward_only] iter 41/50 [OK ] reward=-137.5686  cs_rank((high - low) / (high + 1e-5) + zscore(volume, 21))
[reward_only] iter 42/50 [ERR] reward=    -inf  cs_rank((high - low) / (high + 1e-5) + decay_linear(sma(close, 21), 21))
[reward_only] iter 43/50 [OK ] reward=-62.0701  cs_rank((high - low) / (high + 1e-5) + zscore(close, 21))
[reward_only] iter 44/50 [OK ] reward=-42.7595  cs_rank((high - low) / (high + 1e-5) + sma(close, 21) - sma(open, 21))
[reward_only] iter 45/50 [OK ] reward= -5.2063  cs_rank((close - open) / (close + 1e-5) + sma(close, 21))
[reward_only] iter 46/50 [OK ] reward=-83.0203  cs_rank((close - open) / (close + 1e-5) + ts_rank(close, 21))
[reward_only] iter 47/50 [OK ] reward=-49.6896  cs_rank((close - open) / (close + 1e-5) + cs_rank(volume))
[reward_only] iter 48/50 [OK ] reward= -5.2328  cs_rank((high - low) / (high + 1e-5) + sma(close, 21) + decay_linear(ts_rank(volume, 21), 21))
[reward_only] iter 49/50 [OK ] reward= -5.1542  cs_rank((high - low) / (high + 1e-5) + sma(close, 21))
[reward_only] iter 50/50 [OK ] reward=-46.8086  cs_rank(close - sma(close, 50)) + cs_rank(volume / (volume + 1e-5))
[wfo:reward_only] fold 0 winner: cs_rank((high - low) / (high + 1e-5) + sma(close, 21))
[wfo:reward_only] fold 0 OOS: Gross_IR=-1.436 Turnover=4.22 Net_IR=-1.666
[wfo:reward_only] fold 1: train 2002-01-01..2006-12-31 -> test 2007-01-01..2007-12-31
[reward_only] iter  0/50 [SEED] reward=-138.3381  rank(-1 * zscore(volume, 20))
[reward_only] iter  1/50 [ERR] reward=    -inf  rank(close / open)
[reward_only] iter  2/50 [OK ] reward=-129.0692  cs_rank(-1 * zscore(volume, 20) + ts_rank(close, 20))
[reward_only] iter  3/50 [ERR] reward=    -inf  cs_rank(-1 * zscore(volume, 20) + ts_rank(close, 20) + cs_rank(close - vwap, 20))
[reward_only] iter  4/50 [ERR] reward=    -inf  cs_rank(-1 * zscore(volume, 20) + ts_rank(close, 20) + cs_rank(close / (vwap + 1e-5), 20))
[reward_only] iter  5/50 [ERR] reward=    -inf  cs_rank(-1 * zscore(volume, 20) + ts_rank(close, 20) + cs_rank(close / (vwap + 1e-5), 20))
[reward_only] iter  6/50 [OK ] reward=-139.0016  cs_rank(-1 * zscore(volume, 20) + ts_rank(close, 20) + cs_rank(close / (vwap + 1e-5)))
[reward_only] iter  7/50 [OK ] reward=-129.0692  cs_rank(-1 * zscore(volume, 20) + ts_rank(close, 20))
[reward_only] iter  8/50 [OK ] reward=-147.1326  cs_rank(-1 * zscore(volume, 20) + cs_rank(close - open))
[reward_only] iter  9/50 [OK ] reward=-128.0858  cs_rank(-1 * zscore(volume, 20) + ts_rank(vwap, 20))
[reward_only] iter 10/50 [OK ] reward=-140.3413  cs_rank(-1 * zscore(volume, 20) + ts_rank(high - low, 20))
[reward_only] iter 11/50 [OK ] reward=-144.3825  cs_rank(-1 * zscore(volume, 20) + ts_rank(close - open, 20))
[reward_only] iter 12/50 [ERR] reward=    -inf  cs_rank(-1 * zscore(volume, 20) + ts_rank(close - open, 20) + cs_rank(vwap - close, 20))
[reward_only] iter 13/50 [ERR] reward=    -inf  cs_rank(-1 * zscore(volume, 20) + ts_rank(vwap, 20) + cs_rank(close - open, 20))
[reward_only] iter 14/50 [ERR] reward=    -inf  cs_rank(-1 * zscore(volume, 20) + ts_rank(vwap, 20) + cs_rank(close - open, 20))
[reward_only] iter 15/50 [ERR] reward=    -inf  cs_rank(-1 * zscore(volume, 20) + ts_rank(vwap, 20) - cs_rank(close - open, 20))
[reward_only] iter 16/50 [ERR] reward=    -inf  cs_rank(-1 * zscore(volume, 20) + ts_rank(vwap, 20) - cs_rank(close - open, 20))
[reward_only] iter 17/50 [ERR] reward=    -inf  cs_rank(-1 * zscore(volume, 20) + ts_rank(vwap, 20) - cs_rank(close - open, 20))
[reward_only] iter 18/50 [ERR] reward=    -inf  cs_rank(-1 * zscore(volume, 20) + ts_rank(vwap, 20) - cs_rank(close - open, 20))
[reward_only] iter 19/50 [ERR] reward=    -inf  cs_rank(-1 * zscore(volume, 20) + ts_rank(vwap, 20) - cs_rank(close - open, 20))
[reward_only] iter 20/50 [ERR] reward=    -inf  cs_rank(-1 * zscore(volume, 20) + ts_rank(vwap, 20) + cs_rank(close - open, 20))
[reward_only] iter 21/50 [ERR] reward=    -inf  cs_rank(-1 * zscore(volume, 20) + ts_rank(vwap, 20) - cs_rank(close - open, 20))
[reward_only] iter 22/50 [OK ] reward=-138.5780  cs_rank(-1 * zscore(volume, 20) + ts_rank(vwap, 20) - cs_rank(close - open))
[reward_only] iter 23/50 [OK ] reward=-128.0858  cs_rank(-1 * zscore(volume, 20) + ts_rank(vwap, 20))
[reward_only] iter 24/50 [OK ] reward=-129.0692  cs_rank(-1 * zscore(volume, 20) + ts_rank(close, 20))
[reward_only] iter 25/50 [ERR] reward=    -inf  cs_rank(-1 * zscore(volume, 20) + ts_rank(close, 20) + cs_rank((close - open) / close))
[reward_only] iter 26/50 [OK ] reward=-135.7359  cs_rank(-1 * zscore(volume, 20) + ts_rank(vwap, 20) + cs_rank((close - open) / (close + 1e-5)))
[reward_only] iter 27/50 [OK ] reward=-135.7359  cs_rank(-1 * zscore(volume, 20) + ts_rank(vwap, 20) + cs_rank((close - open) / (close + 1e-5)))
[reward_only] iter 28/50 [OK ] reward=-136.1208  cs_rank(-1 * zscore(volume, 20) + ts_rank(vwap, 20) + cs_rank(close - open))
[reward_only] iter 29/50 [OK ] reward=-136.1208  cs_rank(-1 * zscore(volume, 20) + ts_rank(vwap, 20) + cs_rank(close - open))
[reward_only] iter 30/50 [OK ] reward=-128.0858  cs_rank(-1 * zscore(volume, 20) + ts_rank(vwap, 20))
[reward_only] iter 31/50 [OK ] reward=-135.6863  cs_rank(-1 * zscore(volume, 20) + ts_rank(vwap, 20) + cs_rank(close / (open + 1e-5)))
[reward_only] iter 32/50 [OK ] reward=-128.0858  cs_rank(-1 * zscore(volume, 20) + ts_rank(vwap, 20))
[reward_only] iter 33/50 [OK ] reward=-61.1636  cs_rank(-1 * zscore(vwap, 20) + ts_rank(volume, 20))
[reward_only] iter 34/50 [OK ] reward= -7.5258  cs_rank(-1 * zscore(vwap, 20) + ts_rank(volume, 20) + decay_linear(close, 20))
[reward_only] iter 35/50 [OK ] reward= -7.8626  cs_rank(-1 * zscore(close, 20) + ts_rank(volume, 20) + decay_linear(vwap, 20))
[reward_only] iter 36/50 [OK ] reward= -7.8626  cs_rank(-1 * zscore(close, 20) + ts_rank(volume, 20) + decay_linear(vwap, 20))
[reward_only] iter 37/50 [OK ] reward= -8.4013  cs_rank(-1 * zscore(close, 20) + ts_rank(volume, 20) + decay_linear(vwap, 20) + cs_rank(high - low))
[reward_only] iter 38/50 [OK ] reward= -7.5258  cs_rank(-1 * zscore(vwap, 20) + ts_rank(volume, 20) + decay_linear(close, 20))
[reward_only] iter 39/50 [ERR] reward=    -inf  cs_rank(-1 * ts_rank(close, 20) + cs_rank(volume, 20) + decay_linear(vwap, 20))
[reward_only] iter 40/50 [OK ] reward= -7.5258  cs_rank(-1 * zscore(vwap, 20) + ts_rank(volume, 20) + decay_linear(close, 20))
[reward_only] iter 41/50 [OK ] reward= -7.8198  cs_rank(-1 * zscore(close, 20) + ts_rank(volume, 20) + decay_linear(close, 20))
[reward_only] iter 42/50 [OK ] reward= -5.9317  cs_rank(-1 * zscore(vwap, 20) + ts_rank(close, 20) + decay_linear(volume, 20))
[reward_only] iter 43/50 [OK ] reward= -6.0817  cs_rank(-1 * zscore(vwap, 20) + ts_rank(close, 20) + decay_linear(volume, 20) + cs_rank(high - low))
[reward_only] iter 44/50 [OK ] reward= -6.0317  cs_rank(-1 * zscore(vwap, 20) + ts_rank(close, 20) + decay_linear(volume, 20) + (high - low))
[reward_only] iter 45/50 [OK ] reward= -5.9317  cs_rank(-1 * zscore(vwap, 20) + ts_rank(close, 20) + decay_linear(volume, 20))
[reward_only] iter 46/50 [OK ] reward= -6.1317  cs_rank(-1 * zscore(vwap, 20) + ts_rank(close, 20) + decay_linear(volume, 20) + cs_rank(abs(close - open)))
[reward_only] iter 47/50 [OK ] reward= -5.9317  cs_rank(-1 * zscore(vwap, 20) + ts_rank(close, 20) + decay_linear(volume, 20))
[reward_only] iter 48/50 [OK ] reward= -6.0817  cs_rank(-1 * zscore(vwap, 20) + ts_rank(close, 20) + decay_linear(volume, 20) + cs_rank(high - low))
[reward_only] iter 49/50 [OK ] reward= -5.9317  cs_rank(-1 * zscore(vwap, 20) + ts_rank(close, 20) + decay_linear(volume, 20))
[reward_only] iter 50/50 [OK ] reward= -6.0817  cs_rank(-1 * zscore(vwap, 20) + ts_rank(close, 20) + decay_linear(volume, 20) + cs_rank(high - low))
[wfo:reward_only] fold 1 winner: cs_rank(-1 * zscore(vwap, 20) + ts_rank(close, 20) + decay_linear(volume, 20))
[wfo:reward_only] fold 1 OOS: Gross_IR=-0.422 Turnover=10.96 Net_IR=-1.119
[wfo:reward_only] fold 2: train 2003-01-01..2007-12-31 -> test 2008-01-01..2008-12-31
[reward_only] iter  0/50 [SEED] reward=-136.9118  rank(-1 * zscore(volume, 20))
[reward_only] iter  1/50 [OK ] reward=-187.8361  cs_rank(-1 * zscore(vwap - close, 20))
[reward_only] iter  2/50 [OK ] reward=-183.5319  cs_rank(-1 * zscore(close - open, 20))
[reward_only] iter  3/50 [OK ] reward=-184.1984  rank(-1 * zscore(volume, 20) * zscore(close - open, 20))
[reward_only] iter  4/50 [OK ] reward=-183.5319  rank(-1 * zscore(close - open, 20))
[reward_only] iter  5/50 [ERR] reward=    -inf  cs_rank(-1 * zscore(volume, 20) + rank(close - open, 20))
[reward_only] iter  6/50 [OK ] reward=-163.1191  cs_rank(-1 * zscore(volume, 20) + zscore(close - open, 20))
[reward_only] iter  7/50 [OK ] reward=-144.2075  rank(-1 * zscore(volume, 20) + cs_rank(zscore(close - open, 20)))
[reward_only] iter  8/50 [OK ] reward=-185.2346  cs_rank(ts_rank(close, 20) - ts_rank(open, 20))
[reward_only] iter  9/50 [OK ] reward=-161.9730  rank(-1 * (zscore(volume, 20) + zscore(close - open, 20)))
[reward_only] iter 10/50 [ERR] reward=    -inf  rank(-1 * (zscore(volume, 20) + zscore(close - open, 20) + zscore(close / open - 1, 20)))
[reward_only] iter 11/50 [OK ] reward=-175.9158  rank(-1 * (zscore(volume, 20) + zscore(close - open, 20) + zscore((close / (open + 1e-5)) - 1, 20)))
[reward_only] iter 12/50 [OK ] reward=-161.9730  rank(-1 * (zscore(volume, 20) + zscore(close - open, 20)))
[reward_only] iter 13/50 [OK ] reward=-162.9978  rank(-1 * (zscore(volume, 20) + zscore(vwap - open, 20)))
[reward_only] iter 14/50 [OK ] reward=-161.9730  rank(-1 * (zscore(close - open, 20) + zscore(volume, 20)))
[reward_only] iter 15/50 [OK ] reward=-103.4038  rank(-1 * (zscore(close - open, 20) + zscore(volume, 20) + zscore(stddev(close, 20), 20)))
[reward_only] iter 16/50 [OK ] reward=-161.9730  rank(-1 * (zscore(close - open, 20) + zscore(volume, 20)))
[reward_only] iter 17/50 [OK ] reward=-160.9029  rank(-1 * (zscore(close - open, 20) + zscore(volume, 20) + zscore(high - low, 20)))
[reward_only] iter 18/50 [OK ] reward=-103.4038  rank(-1 * (zscore(close - open, 20) + zscore(volume, 20) + zscore(stddev(close, 20), 20)))
[reward_only] iter 19/50 [OK ] reward=-161.9730  cs_rank(-1 * (zscore(close - open, 20) + zscore(volume, 20)))
[reward_only] iter 20/50 [OK ] reward=-88.5781  cs_rank(-1 * (zscore(close - open, 20) + zscore(volume, 20) + zscore(stddev(close, 20), 20) + zscore(vwap - close, 20)))
[reward_only] iter 21/50 [OK ] reward=-103.4038  cs_rank(-1 * (zscore(close - open, 20) + zscore(volume, 20) + zscore(stddev(close, 20), 20)))
[reward_only] iter 22/50 [OK ] reward=-103.4038  cs_rank(-1 * (zscore(close - open, 20) + zscore(volume, 20) + zscore(stddev(close, 20), 20)))
[reward_only] iter 23/50 [OK ] reward=-103.4038  cs_rank(-1 * (zscore(close - open, 20) + zscore(volume, 20) + zscore(stddev(close, 20), 20)))
[reward_only] iter 24/50 [OK ] reward=-161.9730  cs_rank(-1 * (zscore(close - open, 20) + zscore(volume, 20)))
[reward_only] iter 25/50 [OK ] reward=-103.4038  cs_rank(-1 * (zscore(close - open, 20) + zscore(volume, 20) + zscore(stddev(close, 20), 20)))
[reward_only] iter 26/50 [OK ] reward=-161.9730  cs_rank(-1 * (zscore(close - open, 20) + zscore(volume, 20)))
[reward_only] iter 27/50 [OK ] reward=-103.4038  cs_rank(-1 * (zscore(close - open, 20) + zscore(volume, 20) + zscore(stddev(close, 20), 20)))
[reward_only] iter 28/50 [OK ] reward=-103.4038  cs_rank(-1 * (zscore(close - open, 20) + zscore(volume, 20) + zscore(stddev(close, 20), 20)))
[reward_only] iter 29/50 [OK ] reward=-103.4038  cs_rank(-1 * (zscore(close - open, 20) + zscore(volume, 20) + zscore(stddev(close, 20), 20)))
[reward_only] iter 30/50 [OK ] reward=-161.9730  cs_rank(-1 * (zscore(close - open, 20) + zscore(volume, 20)))
[reward_only] iter 31/50 [OK ] reward=-103.4038  cs_rank(-1 * (zscore(close - open, 20) + zscore(volume, 20) + zscore(stddev(close, 20), 20)))
[reward_only] iter 32/50 [OK ] reward=-103.4038  cs_rank(-1 * (zscore(close - open, 20) + zscore(volume, 20) + zscore(stddev(close, 20), 20)))
[reward_only] iter 33/50 [OK ] reward=-103.4038  cs_rank(-1 * (zscore(close - open, 20) + zscore(volume, 20) + zscore(stddev(close, 20), 20)))
[reward_only] iter 34/50 [OK ] reward=-103.4038  cs_rank(-1 * (zscore(close - open, 20) + zscore(volume, 20) + zscore(stddev(close, 20), 20)))
[reward_only] iter 35/50 [OK ] reward=-161.9730  cs_rank(-1 * (zscore(close - open, 20) + zscore(volume, 20)))
[reward_only] iter 36/50 [OK ] reward=-103.4038  cs_rank(-1 * (zscore(close - open, 20) + zscore(volume, 20) + zscore(stddev(close, 20), 20)))
[reward_only] iter 37/50 [OK ] reward=-103.4038  cs_rank(-1 * (zscore(close - open, 20) + zscore(volume, 20) + zscore(stddev(close, 20), 20)))
[reward_only] iter 38/50 [OK ] reward=-103.4038  cs_rank(-1 * (zscore(close - open, 20) + zscore(volume, 20) + zscore(stddev(close, 20), 20)))
[reward_only] iter 39/50 [OK ] reward=-103.4038  cs_rank(-1 * (zscore(close - open, 20) + zscore(volume, 20) + zscore(stddev(close, 20), 20)))
[reward_only] iter 40/50 [OK ] reward=-151.4234  cs_rank(-1 * (zscore(close - open, 20) + zscore(volume, 20) + zscore(vwap - close, 20)))
[reward_only] iter 41/50 [OK ] reward=-151.4234  cs_rank(-1 * (zscore(close - open, 20) + zscore(volume, 20) + zscore(vwap - close, 20)))
[reward_only] iter 42/50 [OK ] reward=-151.4234  cs_rank(-1 * (zscore(close - open, 20) + zscore(volume, 20) + zscore(vwap - close, 20)))
[reward_only] iter 43/50 [OK ] reward=-151.4234  cs_rank(-1 * (zscore(close - open, 20) + zscore(volume, 20) + zscore(vwap - close, 20)))
[reward_only] iter 44/50 [OK ] reward=-151.4234  cs_rank(-1 * (zscore(close - open, 20) + zscore(volume, 20) + zscore(vwap - close, 20)))
[reward_only] iter 45/50 [OK ] reward=-151.4234  cs_rank(-1 * (zscore(close - open, 20) + zscore(volume, 20) + zscore(vwap - close, 20)))
[reward_only] iter 46/50 [OK ] reward=-151.4234  cs_rank(-1 * (zscore(close - open, 20) + zscore(volume, 20) + zscore(vwap - close, 20)))
[reward_only] iter 47/50 [OK ] reward=-161.9730  cs_rank(-1 * (zscore(close - open, 20) + zscore(volume, 20)))
[reward_only] iter 48/50 [OK ] reward=-113.8783  cs_rank(-1 * (zscore(close - open, 20) + zscore(volume, 20) + zscore(stddev(close, 20), 20) + zscore(vwap - close, 20) + zscore(high - low, 20)))
[reward_only] iter 49/50 [OK ] reward=-103.4038  cs_rank(-1 * (zscore(close - open, 20) + zscore(volume, 20) + zscore(stddev(close, 20), 20)))
[reward_only] iter 50/50 [OK ] reward=-103.4038  cs_rank(-1 * (zscore(close - open, 20) + zscore(volume, 20) + zscore(stddev(close, 20), 20)))
[wfo:reward_only] fold 2 winner: cs_rank(-1 * (zscore(close - open, 20) + zscore(volume, 20) + zscore(stddev(close, 20), 20) + zscore(vwap - close, 20)))
[wfo:reward_only] fold 2 OOS: Gross_IR=-2.122 Turnover=160.84 Net_IR=-7.463
[wfo:reward_only] fold 3: train 2004-01-01..2008-12-31 -> test 2009-01-01..2009-12-31
[reward_only] iter  0/50 [SEED] reward=-136.5161  rank(-1 * zscore(volume, 20))
[reward_only] iter  1/50 [ERR] reward=    -inf  rank(close / open - 1)
[reward_only] iter  2/50 [OK ] reward=-148.5603  rank(-1 * zscore(volume, 20) * cs_rank(close / (open + 1e-5)))
[reward_only] iter  3/50 [OK ] reward=-130.8597  rank(-1 * zscore(volume, 20) * ts_rank(close, 20))
[reward_only] iter  4/50 [OK ] reward=-148.9810  rank(-1 * zscore(volume, 20) * cs_rank(close - open))
[reward_only] iter  5/50 [OK ] reward=-145.5156  rank(-1 * zscore(volume, 20) * ts_rank(close - open, 20))
[reward_only] iter  6/50 [OK ] reward=-145.6339  rank(-1 * zscore(volume, 20) * ts_rank(vwap - open, 20))
[reward_only] iter  7/50 [ERR] reward=    -inf  rank(-1 * zscore(volume, 20) * cs_rank(close / open))
[reward_only] iter  8/50 [OK ] reward=-148.5603  rank(-1 * zscore(volume, 20) * cs_rank(close / (open + 1e-5)))
[reward_only] iter  9/50 [OK ] reward=-145.5156  rank(-1 * zscore(volume, 20) * ts_rank(close - open, 20))
[reward_only] iter 10/50 [ERR] reward=    -inf  rank(-1 * zscore(volume, 20) * cs_rank(close / open))
[reward_only] iter 11/50 [ERR] reward=    -inf  rank(-1 * zscore(volume, 20) * ts_rank(close, 20) * cs_rank(vwap / close))
[reward_only] iter 12/50 [OK ] reward=-141.0858  rank(-1 * zscore(volume, 20) * ts_rank(close, 20) * cs_rank(vwap / (close + 1e-5)))
[reward_only] iter 13/50 [ERR] reward=    -inf  rank(-1 * zscore(volume, 20) * ts_rank(close, 20) * cs_rank(vwap / close))
[reward_only] iter 14/50 [ERR] reward=    -inf  rank(-1 * zscore(volume, 20) * ts_rank(close, 20) * cs_rank((vwap + 1e-5) / close))
[reward_only] iter 15/50 [ERR] reward=    -inf  rank(-1 * zscore(volume, 20) * ts_rank(close, 20) * cs_rank((vwap + close) / close))
[reward_only] iter 16/50 [OK ] reward=-141.1347  rank(-1 * zscore(volume, 20) * ts_rank(close, 20) * cs_rank((vwap + close) / (close + 1e-5)))
[reward_only] iter 17/50 [OK ] reward=-141.1342  rank(-1 * zscore(volume, 20) * ts_rank(close, 20) * cs_rank((vwap - close) / (close + 1e-5)))
[reward_only] iter 18/50 [OK ] reward=-141.1342  rank(-1 * zscore(volume, 20) * ts_rank(close, 20) * cs_rank((vwap - close) / (close + 1e-5)))
[reward_only] iter 19/50 [OK ] reward=-141.1342  rank(-1 * zscore(volume, 20) * ts_rank(close, 20) * cs_rank((vwap - close) / (close + 1e-5)))
[reward_only] iter 20/50 [OK ] reward=-141.1342  rank(-1 * zscore(volume, 20) * ts_rank(close, 20) * cs_rank((vwap - close) / (close + 1e-5)))
[reward_only] iter 21/50 [OK ] reward=-141.1342  rank(-1 * zscore(volume, 20) * ts_rank(close, 20) * cs_rank((vwap - close) / (close + 1e-5)))
[reward_only] iter 22/50 [OK ] reward=-141.1342  rank(-1 * zscore(volume, 20) * ts_rank(close, 20) * cs_rank((vwap - close) / (close + 1e-5)))
[reward_only] iter 23/50 [OK ] reward=-141.1342  rank(-1 * zscore(volume, 20) * ts_rank(close, 20) * cs_rank((vwap - close) / (close + 1e-5)))
[reward_only] iter 24/50 [OK ] reward=-180.2522  rank(-1 * zscore(volume, 20) * ts_rank(close, 20) * (vwap - close) / (close + 1e-5))
[reward_only] iter 25/50 [OK ] reward=-130.8597  rank(-1 * zscore(volume, 20) * ts_rank(close, 20))
[reward_only] iter 26/50 [OK ] reward=-167.6713  rank(-1 * cs_rank(close - open) * ts_rank(volume, 20))
[reward_only] iter 27/50 [OK ] reward=-145.5156  rank(-1 * zscore(volume, 20) * ts_rank(close - open, 20))
[reward_only] iter 28/50 [ERR] reward=    -inf  rank(-1 * zscore(volume, 20) * ts_rank(close / open, 20))
[reward_only] iter 29/50 [OK ] reward=-145.4352  rank(-1 * zscore(volume, 20) * ts_rank(close / (open + 1e-5), 20))
[reward_only] iter 30/50 [OK ] reward=-145.5156  rank(-1 * zscore(volume, 20) * ts_rank(close - open, 20))
[reward_only] iter 31/50 [ERR] reward=    -inf  rank(-1 * zscore(volume, 20) * ts_rank(close, 20) * cs_rank(vwap / close))
[reward_only] iter 32/50 [OK ] reward=-141.0858  rank(-1 * zscore(volume, 20) * ts_rank(close, 20) * cs_rank(vwap / (close + 1e-5)))
[reward_only] iter 33/50 [OK ] reward=-141.0858  rank(-1 * zscore(volume, 20) * ts_rank(close, 20) * cs_rank(vwap / (close + 1e-5)))
[reward_only] iter 34/50 [OK ] reward=-141.0858  rank(-1 * zscore(volume, 20) * ts_rank(close, 20) * cs_rank(vwap / (close + 1e-5)))
[reward_only] iter 35/50 [OK ] reward=-143.1745  rank(-1 * zscore(volume, 20) * ts_rank(close, 20) * cs_rank(close / (vwap + 1e-5)))
[reward_only] iter 36/50 [OK ] reward=-130.8597  rank(-1 * zscore(volume, 20) * ts_rank(close, 20))
[reward_only] iter 37/50 [ERR] reward=    -inf  cs_rank((close - open) / (high - low)) * ts_rank(vwap, 20)
[reward_only] iter 38/50 [OK ] reward=-180.0062  rank(-1 * zscore(volume, 20) * ts_rank(close, 20) * (close - open) / (high - low + 1e-5))
[reward_only] iter 39/50 [OK ] reward=-180.0062  rank(-1 * zscore(volume, 20) * ts_rank(close, 20) * (close - open) / (high - low + 1e-5))
[reward_only] iter 40/50 [OK ] reward=-130.8597  rank(-1 * zscore(volume, 20) * ts_rank(close, 20))
[reward_only] iter 41/50 [OK ] reward=-148.3947  rank(-1 * zscore(volume, 20) * cs_rank(vwap - open))
[reward_only] iter 42/50 [OK ] reward=-176.8747  rank(-1 * zscore(volume, 20) * (vwap - open))
[reward_only] iter 43/50 [ERR] reward=    -inf  rank(-1 * zscore(volume, 20) * cs_rank(close / open))
[reward_only] iter 44/50 [OK ] reward=-130.8597  cs_rank(-1 * zscore(volume, 20) * ts_rank(close, 20))
[reward_only] iter 45/50 [OK ] reward=-126.1806  cs_rank(-1 * zscore(volume, 20) * ts_rank(close, 20) * cs_rank(high - low))
[reward_only] iter 46/50 [OK ] reward=-130.8597  cs_rank(-1 * zscore(volume, 20) * ts_rank(close, 20))
[reward_only] iter 47/50 [OK ] reward=-141.6175  cs_rank(-1 * zscore(volume, 20) * ts_rank(close, 20) * cs_rank(vwap - close))
[reward_only] iter 48/50 [OK ] reward=-130.8597  cs_rank(-1 * zscore(volume, 20) * ts_rank(close, 20))
[reward_only] iter 49/50 [OK ] reward=-142.9315  cs_rank(-1 * zscore(volume, 20) * ts_rank(close, 20) * cs_rank(vwap - open))
[reward_only] iter 50/50 [OK ] reward=-130.8597  cs_rank(-1 * zscore(volume, 20) * ts_rank(close, 20))
[wfo:reward_only] fold 3 winner: cs_rank(-1 * zscore(volume, 20) * ts_rank(close, 20) * cs_rank(high - low))
[wfo:reward_only] fold 3 OOS: Gross_IR=-0.928 Turnover=229.74 Net_IR=-15.207
[wfo:reward_only] fold 4: train 2005-01-01..2009-12-31 -> test 2010-01-01..2010-12-31
[reward_only] iter  0/50 [SEED] reward=-136.8221  rank(-1 * zscore(volume, 20))
[reward_only] iter  1/50 [OK ] reward=-179.3749  cs_rank(close - open)
[reward_only] iter  2/50 [OK ] reward=-184.7895  rank(-1 * zscore(close - open, 20))
[reward_only] iter  3/50 [OK ] reward=-129.9802  cs_rank(-1 * zscore(volume, 20) + decay_linear(close - open, 20))
[reward_only] iter  4/50 [OK ] reward=-142.1907  cs_rank(-1 * zscore(volume, 20) + ts_rank(close - open, 20))
[reward_only] iter  5/50 [ERR] reward=    -inf  cs_rank(-1 * zscore(volume, 20) + decay_linear((close - open) / (high - low), 20))
[reward_only] iter  6/50 [OK ] reward=-134.7628  cs_rank(-1 * zscore(volume, 20) + decay_linear((close - open) / (high - low + 1e-5), 20))
[reward_only] iter  7/50 [OK ] reward=-151.1686  cs_rank(-1 * zscore(volume, 20) + (close - open) / (high - low + 1e-5))
[reward_only] iter  8/50 [OK ] reward=-129.9802  cs_rank(-1 * zscore(volume, 20) + decay_linear(close - open, 20))
[reward_only] iter  9/50 [OK ] reward=-176.4901  cs_rank(-1 * zscore(close - open, 20) + decay_linear(vwap - open, 20))
[reward_only] iter 10/50 [OK ] reward=-136.8322  cs_rank(-1 * zscore(volume, 20) + decay_linear(close - open, 20) + ts_rank(vwap - open, 20))
[reward_only] iter 11/50 [OK ] reward=-129.9802  cs_rank(-1 * zscore(volume, 20) + decay_linear(close - open, 20))
[reward_only] iter 12/50 [OK ] reward= -5.9786  cs_rank(-1 * zscore(close - vwap, 20) + decay_linear(volume, 20))
[reward_only] iter 13/50 [OK ] reward= -6.0786  cs_rank(-1 * zscore(close - vwap, 20) + decay_linear(volume, 20) + ts_rank(close - open, 20))
[reward_only] iter 14/50 [OK ] reward= -5.9786  cs_rank(-1 * zscore(close - vwap, 20) + decay_linear(volume, 20))
[reward_only] iter 15/50 [OK ] reward=-172.4633  cs_rank(-1 * zscore(close - vwap, 20) + decay_linear(ts_rank(close, 20), 20))
[reward_only] iter 16/50 [OK ] reward=-185.6174  cs_rank(-1 * zscore(close - vwap, 20) + decay_linear(volume / (volume + 1e-5), 20))
[reward_only] iter 17/50 [OK ] reward= -5.9786  cs_rank(-1 * zscore(close - vwap, 20) + decay_linear(volume, 20))
[reward_only] iter 18/50 [OK ] reward= -6.0786  cs_rank(-1 * zscore(close - vwap, 20) + decay_linear(volume, 20) + ts_rank(high - low, 20))
[reward_only] iter 19/50 [OK ] reward= -5.9786  cs_rank(-1 * zscore(close - vwap, 20) + decay_linear(volume, 20))
[reward_only] iter 20/50 [OK ] reward=-183.7996  cs_rank(-1 * zscore(close - vwap, 20) + decay_linear(ts_rank(volume, 20), 20))
[reward_only] iter 21/50 [OK ] reward= -5.9786  cs_rank(-1 * zscore(close - vwap, 20) + decay_linear(volume, 20))
[reward_only] iter 22/50 [OK ] reward=-183.7996  cs_rank(-1 * zscore(close - vwap, 20) + decay_linear(ts_rank(volume, 20), 20))
[reward_only] iter 23/50 [OK ] reward= -5.9786  cs_rank(-1 * zscore(close - vwap, 20) + decay_linear(volume, 20))
[reward_only] iter 24/50 [OK ] reward= -6.0786  cs_rank(-1 * zscore(close - vwap, 20) + decay_linear(volume, 20) + ts_rank(close - open, 20))
[reward_only] iter 25/50 [OK ] reward= -5.9786  cs_rank(-1 * zscore(close - vwap, 20) + decay_linear(volume, 20))
[reward_only] iter 26/50 [OK ] reward=-183.7996  cs_rank(-1 * zscore(close - vwap, 20) + decay_linear(ts_rank(volume, 20), 20))
[reward_only] iter 27/50 [OK ] reward= -5.0076  cs_rank(-1 * zscore(close - vwap, 20) + sma(volume, 20))
[reward_only] iter 28/50 [ERR] reward=    -inf  cs_rank(-1 * zscore(close - vwap, 20) + decay_linear(sma(volume, 20), 20))
[reward_only] iter 29/50 [OK ] reward= -5.9786  cs_rank(-1 * zscore(close - vwap, 20) + decay_linear(volume, 20))
[reward_only] iter 30/50 [OK ] reward= -5.0579  cs_rank(-1 * zscore(close - vwap, 20) + sma(volume, 20) + decay_linear(close, 20))
[reward_only] iter 31/50 [OK ] reward= -5.0076  cs_rank(-1 * zscore(close - vwap, 20) + sma(volume, 20))
[reward_only] iter 32/50 [ERR] reward=    -inf  cs_rank(-1 * zscore(close - vwap, 20) + decay_linear(sma(volume, 20), 10))
[reward_only] iter 33/50 [OK ] reward= -5.9786  cs_rank(-1 * zscore(close - vwap, 20) + decay_linear(volume, 20))
[reward_only] iter 34/50 [OK ] reward= -5.1076  cs_rank(-1 * zscore(close - vwap, 20) + sma(volume, 20) + ts_rank(close - open, 20))
[reward_only] iter 35/50 [OK ] reward= -5.0076  cs_rank(-1 * zscore(close - vwap, 20) + sma(volume, 20))
[reward_only] iter 36/50 [OK ] reward= -5.1077  cs_rank(-1 * zscore(close - vwap, 20) + sma(volume, 20) + ts_rank(high - low, 20))
[reward_only] iter 37/50 [OK ] reward= -5.0076  cs_rank(-1 * zscore(close - vwap, 20) + sma(volume, 20))
[reward_only] iter 38/50 [OK ] reward= -5.1076  cs_rank(-1 * zscore(close - vwap, 20) + sma(volume, 20) + cs_rank(close - open))
[reward_only] iter 39/50 [OK ] reward= -5.0076  cs_rank(-1 * zscore(close - vwap, 20) + sma(volume, 20))
[reward_only] iter 40/50 [OK ] reward= -5.0579  cs_rank(-1 * zscore(close - vwap, 20) + sma(volume, 20) + decay_linear(close, 20))
[reward_only] iter 41/50 [OK ] reward= -5.0076  cs_rank(-1 * zscore(close - vwap, 20) + sma(volume, 20))
[reward_only] iter 42/50 [OK ] reward= -5.0579  cs_rank(-1 * zscore(close - vwap, 20) + sma(volume, 20) + decay_linear(close, 20))
[reward_only] iter 43/50 [OK ] reward= -5.0076  cs_rank(-1 * zscore(close - vwap, 20) + sma(volume, 20))
[reward_only] iter 44/50 [OK ] reward= -5.1562  cs_rank(-1 * zscore(close - vwap, 20) + sma(volume, 20) + decay_linear(ts_rank(close - open, 20), 20))
[reward_only] iter 45/50 [OK ] reward= -5.0076  cs_rank(-1 * zscore(close - vwap, 20) + sma(volume, 20))
[reward_only] iter 46/50 [OK ] reward= -5.1562  cs_rank(-1 * zscore(close - vwap, 20) + sma(volume, 20) + decay_linear(ts_rank(high - low, 20), 20))
[reward_only] iter 47/50 [OK ] reward= -5.0076  cs_rank(-1 * zscore(close - vwap, 20) + sma(volume, 20))
[reward_only] iter 48/50 [OK ] reward= -5.1577  cs_rank(-1 * zscore(close - vwap, 20) + sma(volume, 20) + cs_rank(ts_rank(high - low, 20)))
[reward_only] iter 49/50 [OK ] reward= -5.0076  cs_rank(-1 * zscore(close - vwap, 20) + sma(volume, 20))
[reward_only] iter 50/50 [ERR] reward=    -inf  cs_rank(-1 * zscore(close - vwap, 20) + decay_linear(sma(volume, 20), 20))
[wfo:reward_only] fold 4 winner: cs_rank(-1 * zscore(close - vwap, 20) + sma(volume, 20))
[wfo:reward_only] fold 4 OOS: Gross_IR=-0.295 Turnover=9.08 Net_IR=-0.962
[wfo:reward_only] fold 5: train 2006-01-01..2010-12-31 -> test 2011-01-01..2011-12-31
[reward_only] iter  0/50 [SEED] reward=-136.5542  rank(-1 * zscore(volume, 20))
[reward_only] iter  1/50 [ERR] reward=    -inf  cs_rank((close - open) / (high - low))
[reward_only] iter  2/50 [OK ] reward=-149.6262  rank(-1 * zscore(volume, 20) * cs_rank((close - open) / (high - low + 1e-5)))
[reward_only] iter  3/50 [OK ] reward=-184.0117  rank(-1 * zscore(volume, 20) * (close - open) / (high - low + 1e-5))
[reward_only] iter  4/50 [OK ] reward=-149.6262  rank(-1 * zscore(volume, 20) * cs_rank((close - open) / (high - low + 1e-5)))
[reward_only] iter  5/50 [OK ] reward=-184.0117  rank(-1 * zscore(volume, 20) * (close - open) / (high - low + 1e-5))
[reward_only] iter  6/50 [OK ] reward=-184.0117  rank(-1 * zscore(volume, 20) * (close - open) / (high - low + 1e-5))
[reward_only] iter  7/50 [OK ] reward=-149.1702  rank(-1 * zscore(volume, 20) * cs_rank(close - open))
[reward_only] iter  8/50 [OK ] reward=-144.7070  rank(-1 * zscore(volume, 20) + cs_rank(close - open))
[reward_only] iter  9/50 [OK ] reward=-172.7445  cs_rank(close - open) + rank(-1 * zscore(volume, 20))
[reward_only] iter 10/50 [ERR] reward=    -inf  cs_rank((close - open) / (high - low)) + rank(-1 * zscore(volume, 20))
[reward_only] iter 11/50 [OK ] reward=-173.9172  cs_rank((close - open) / (high - low + 1e-5)) + rank(-1 * zscore(volume, 20))
[reward_only] iter 12/50 [OK ] reward=-186.2168  cs_rank((close - open) / (high - low + 1e-5))
[reward_only] iter 13/50 [OK ] reward=-149.6262  rank(-1 * zscore(volume, 20) * cs_rank((close - open) / (high - low + 1e-5)))
[reward_only] iter 14/50 [OK ] reward=-149.6262  rank(-1 * zscore(volume, 20) * cs_rank((close - open) / (high - low + 1e-5)))
[reward_only] iter 15/50 [OK ] reward=-149.6262  rank(-1 * zscore(volume, 20) * cs_rank((close - open) / (high - low + 1e-5)))
[reward_only] iter 16/50 [OK ] reward=-173.9172  rank(-1 * zscore(volume, 20)) + rank((close - open) / (high - low + 1e-5))
[reward_only] iter 17/50 [OK ] reward=-141.5619  rank(-1 * zscore(volume, 20)) + rank(close / (high - low + 1e-5))
[reward_only] iter 18/50 [OK ] reward=-171.4690  rank(-1 * zscore(volume, 20)) + rank(vwap - open)
[reward_only] iter 19/50 [OK ] reward=-172.7445  rank(-1 * zscore(volume, 20)) + rank(close - open)
[reward_only] iter 20/50 [OK ] reward=-172.7445  rank(-1 * zscore(volume, 20)) + rank(close - open)
[reward_only] iter 21/50 [OK ] reward=-184.8345  rank(-1 * zscore(close - open, 20))
[reward_only] iter 22/50 [ERR] reward=    -inf  rank(-1 * zscore(volume / (high - low), 20))
[reward_only] iter 23/50 [ERR] reward=    -inf  rank(-1 * zscore(volume / (high + low), 20))
[reward_only] iter 24/50 [OK ] reward=-135.1019  rank(-1 * zscore(volume / (high + low + 1e-5), 20))
[reward_only] iter 25/50 [OK ] reward=-40.0830  cs_rank(vwap - sma(vwap, 20))
[reward_only] iter 26/50 [OK ] reward=-52.9143  cs_rank((vwap - sma(vwap, 20)) / (stddev(close, 20) + 1e-5))
[reward_only] iter 27/50 [OK ] reward=-179.4404  cs_rank(close - open)
[reward_only] iter 28/50 [OK ] reward=-53.3234  cs_rank((vwap - sma(vwap, 20)) / (stddev(vwap, 20) + 1e-5))
[reward_only] iter 29/50 [OK ] reward=-33.7364  cs_rank((high - low) / (volume + 1e-5))
[reward_only] iter 30/50 [OK ] reward=-185.1156  cs_rank((close - open) / (vwap + 1e-5))
[reward_only] iter 31/50 [OK ] reward=-142.6715  cs_rank((close - open) / (vwap + 1e-5)) * cs_rank(volume)
[reward_only] iter 32/50 [OK ] reward=-142.6714  cs_rank((close - open) / (vwap + 1e-5)) * cs_rank(volume / (volume + 1e-5))
[reward_only] iter 33/50 [OK ] reward=-142.6714  cs_rank((close - open) / (vwap + 1e-5)) * cs_rank(volume / (volume + 1e-5))
[reward_only] iter 34/50 [OK ] reward=-143.8470  cs_rank((close - open) / (vwap + 1e-5)) + cs_rank(volume / (volume + 1e-5))
[reward_only] iter 35/50 [OK ] reward=-175.4560  cs_rank((close - open) / (volume + 1e-5))
[reward_only] iter 36/50 [OK ] reward=-105.5322  cs_rank((high - low) / (volume + 1e-5)) + cs_rank(zscore(volume, 20))
[reward_only] iter 37/50 [OK ] reward=-175.4560  cs_rank((close - open) / (volume + 1e-5))
[reward_only] iter 38/50 [OK ] reward=-12.7587  cs_rank((high - low) / (volume + 1e-5) + cs_rank(stddev(close, 20)))
[reward_only] iter 39/50 [OK ] reward= -4.2082  cs_rank((high - low) / (volume + 1e-5) + cs_rank(decay_linear(close, 20)))
[reward_only] iter 40/50 [OK ] reward=-11.8630  cs_rank((close - open) / (vwap + 1e-5) + cs_rank(decay_linear(volume, 30)))
[reward_only] iter 41/50 [OK ] reward= -5.6095  cs_rank((high - low) / (volume + 1e-5) + cs_rank(decay_linear(close, 20)) + cs_rank(stddev(close, 60)))
[reward_only] iter 42/50 [OK ] reward= -4.2082  cs_rank((high - low) / (volume + 1e-5) + decay_linear(close, 20))
[reward_only] iter 43/50 [OK ] reward=-142.7748  cs_rank(close - open) + cs_rank((high - low) / (volume + 1e-5))
[reward_only] iter 44/50 [OK ] reward=-138.3313  cs_rank((high - low) / (volume + 1e-5) + cs_rank(decay_linear(close, 20))) + cs_rank(open - close)
[reward_only] iter 45/50 [OK ] reward= -4.2082  cs_rank((high - low) / (volume + 1e-5) + cs_rank(decay_linear(close, 20)))
[reward_only] iter 46/50 [OK ] reward= -4.2081  cs_rank((close - open) / (volume + 1e-5) + cs_rank(decay_linear(close, 20)))
[reward_only] iter 47/50 [OK ] reward= -4.2082  cs_rank((high - low) / (volume + 1e-5) + cs_rank(decay_linear(close, 20)))
[reward_only] iter 48/50 [OK ] reward=-79.6104  cs_rank((close - open) / (volume + 1e-5) + ts_rank(close, 20))
[reward_only] iter 49/50 [OK ] reward=-46.3307  cs_rank((close - open) / (volume + 1e-5) + cs_rank(decay_linear(close - vwap, 20)))
[reward_only] iter 50/50 [OK ] reward=-79.6104  cs_rank((close - open) / (volume + 1e-5) + cs_rank(ts_rank(close, 20)))
[wfo:reward_only] fold 5 winner: cs_rank((close - open) / (volume + 1e-5) + cs_rank(decay_linear(close, 20)))
[wfo:reward_only] fold 5 OOS: Gross_IR=0.179 Turnover=4.14 Net_IR=-0.048
[wfo:reward_only] fold 6: train 2007-01-01..2011-12-31 -> test 2012-01-01..2012-12-31
[reward_only] iter  0/50 [SEED] reward=-136.6264  rank(-1 * zscore(volume, 20))
[reward_only] iter  1/50 [OK ] reward=-125.6652  rank(-1 * zscore(volume, 20) * cs_rank(close))
[reward_only] iter  2/50 [OK ] reward=-125.6601  rank(-1 * zscore(volume, 20) * cs_rank(vwap))
[reward_only] iter  3/50 [OK ] reward=-180.8080  rank(-1 * zscore(close - open, 20) * cs_rank(vwap))
[reward_only] iter  4/50 [OK ] reward=-150.0037  rank(-1 * zscore(volume, 20) * cs_rank(close - open))
[reward_only] iter  5/50 [ERR] reward=    -inf  rank(-1 * zscore(volume, 20) * cs_rank((high - low) / close))
[reward_only] iter  6/50 [OK ] reward=-136.4634  rank(-1 * zscore(volume, 20) * cs_rank((high - low) / (close + 1e-5)))
[reward_only] iter  7/50 [ERR] reward=    -inf  rank(-1 * zscore(volume, 20) * cs_rank(vwap / close))
[reward_only] iter  8/50 [OK ] reward=-150.4675  rank(-1 * zscore(volume, 20) * cs_rank(vwap / (close + 1e-5)))
[reward_only] iter  9/50 [OK ] reward=-57.6301  rank(-1 * zscore(close, 20) * cs_rank(volume))
[reward_only] iter 10/50 [OK ] reward=-58.1683  rank(-1 * zscore(close, 20) * cs_rank(volume) * decay_linear(vwap, 20))
[reward_only] iter 11/50 [OK ] reward=-58.6148  rank(-1 * zscore(close, 20) * cs_rank(volume) * decay_linear(ts_rank(vwap, 20), 20))
[reward_only] iter 12/50 [OK ] reward=-58.6148  rank(-1 * zscore(close, 20) * cs_rank(volume) * decay_linear(ts_rank(vwap, 20), 20))
[reward_only] iter 13/50 [OK ] reward=-58.1683  rank(-1 * zscore(close, 20) * cs_rank(volume) * decay_linear(vwap, 20))
[reward_only] iter 14/50 [OK ] reward=-58.6797  rank(-1 * zscore(close, 20) * cs_rank(volume) * decay_linear(ts_rank(close, 20), 20))
[reward_only] iter 15/50 [OK ] reward=-68.8630  rank(-1 * zscore(close, 20) * cs_rank(volume) * ts_rank(close, 20))
[reward_only] iter 16/50 [OK ] reward=-58.1719  rank(-1 * zscore(close, 20) * cs_rank(volume) * decay_linear(close, 20))
[reward_only] iter 17/50 [OK ] reward=-58.1719  rank(-1 * zscore(close, 20) * cs_rank(volume) * decay_linear(close, 20))
[reward_only] iter 18/50 [OK ] reward=-68.8630  rank(-1 * zscore(close, 20) * cs_rank(volume) * ts_rank(close, 20))
[reward_only] iter 19/50 [OK ] reward=-58.6797  rank(-1 * zscore(close, 20) * cs_rank(volume) * decay_linear(ts_rank(close, 20), 20))
[reward_only] iter 20/50 [OK ] reward=-68.8630  rank(-1 * zscore(close, 20) * cs_rank(volume) * ts_rank(close, 20))
[reward_only] iter 21/50 [OK ] reward=-58.1719  rank(-1 * zscore(close, 20) * cs_rank(volume) * decay_linear(close, 20))
[reward_only] iter 22/50 [OK ] reward=-58.1719  rank(-1 * zscore(close, 20) * cs_rank(volume) * decay_linear(close, 20))
[reward_only] iter 23/50 [OK ] reward=-63.4195  rank(-1 * zscore(close, 20) * cs_rank(volume) * decay_linear(close, 20) * cs_rank(high - low))
[reward_only] iter 24/50 [OK ] reward=-58.1719  rank(-1 * zscore(close, 20) * cs_rank(volume) * decay_linear(close, 20))
[reward_only] iter 25/50 [OK ] reward=-58.1719  rank(-1 * zscore(close, 20) * cs_rank(volume) * decay_linear(close, 20))
[reward_only] iter 26/50 [OK ] reward=-58.1719  rank(-1 * zscore(close, 20) * cs_rank(volume) * decay_linear(close, 20))
[reward_only] iter 27/50 [OK ] reward=-58.1283  rank(-1 * zscore(close, 20) * cs_rank(volume) * sma(close, 20))
[reward_only] iter 28/50 [OK ] reward=-58.1719  rank(-1 * zscore(close, 20) * cs_rank(volume) * decay_linear(close, 20))
[reward_only] iter 29/50 [OK ] reward=-58.1719  rank(-1 * zscore(close, 20) * cs_rank(volume) * decay_linear(close, 20))
[reward_only] iter 30/50 [OK ] reward=-65.8026  rank(-1 * zscore(close, 20) * cs_rank(volume) * decay_linear(zscore(close, 20), 20))
[reward_only] iter 31/50 [OK ] reward=-57.6301  rank(-1 * zscore(close, 20) * cs_rank(volume))
[reward_only] iter 32/50 [OK ] reward=-60.4853  rank(-1 * zscore(close, 20) * cs_rank(volume * decay_linear(close, 50)))
[reward_only] iter 33/50 [OK ] reward=-60.4853  rank(-1 * zscore(close, 20) * cs_rank(volume * decay_linear(close, 50)))
[reward_only] iter 34/50 [OK ] reward=-60.4853  rank(-1 * zscore(close, 20) * cs_rank(volume * decay_linear(close, 50)))
[reward_only] iter 35/50 [OK ] reward=-62.2359  rank(-1 * zscore(close, 20) * cs_rank(volume * ts_rank(close, 50)))
[reward_only] iter 36/50 [OK ] reward=-60.4853  rank(-1 * zscore(close, 20) * cs_rank(volume * decay_linear(close, 50)))
[reward_only] iter 37/50 [OK ] reward=-60.4853  rank(-1 * zscore(close, 20) * cs_rank(volume * decay_linear(close, 50)))
[reward_only] iter 38/50 [OK ] reward=-60.4853  rank(-1 * zscore(close, 20) * cs_rank(volume * decay_linear(close, 50)))
[reward_only] iter 39/50 [OK ] reward=-60.4853  rank(-1 * zscore(close, 20) * cs_rank(volume * decay_linear(close, 50)))
[reward_only] iter 40/50 [OK ] reward=-60.4853  rank(-1 * zscore(close, 20) * cs_rank(volume * decay_linear(close, 50)))
[reward_only] iter 41/50 [OK ] reward=-60.4853  rank(-1 * zscore(close, 20) * cs_rank(volume * decay_linear(close, 50)))
[reward_only] iter 42/50 [OK ] reward=-58.1219  rank(-1 * zscore(close, 20) * cs_rank(volume) * decay_linear(close, 50))
[reward_only] iter 43/50 [OK ] reward=-58.1283  rank(-1 * zscore(close, 20) * cs_rank(volume) * sma(close, 20))
[reward_only] iter 44/50 [OK ] reward=-58.1283  rank(-1 * zscore(close, 20) * cs_rank(volume) * sma(close, 20))
[reward_only] iter 45/50 [OK ] reward=-58.1719  rank(-1 * zscore(close, 20) * cs_rank(volume) * decay_linear(close, 20))
[reward_only] iter 46/50 [OK ] reward=-58.1283  rank(-1 * zscore(close, 20) * cs_rank(volume) * sma(close, 20))
[reward_only] iter 47/50 [OK ] reward=-58.1719  rank(-1 * zscore(close, 20) * cs_rank(volume) * decay_linear(close, 20))
[reward_only] iter 48/50 [OK ] reward=-65.8026  rank(-1 * zscore(close, 20) * cs_rank(volume) * decay_linear(zscore(close, 20), 20))
[reward_only] iter 49/50 [OK ] reward=-88.3913  rank(-1 * zscore(close, 20) * cs_rank(volume) * zscore(vwap, 20))
[reward_only] iter 50/50 [OK ] reward=-52.5717  rank(-1 * zscore(close, 20) * cs_rank(volume) * cs_rank(stddev(close, 20)))
[wfo:reward_only] fold 6 winner: rank(-1 * zscore(close, 20) * cs_rank(volume) * cs_rank(stddev(close, 20)))
[wfo:reward_only] fold 6 OOS: Gross_IR=-0.091 Turnover=91.90 Net_IR=-5.574
[wfo:reward_only] fold 7: train 2008-01-01..2012-12-31 -> test 2013-01-01..2013-12-31
[reward_only] iter  0/50 [SEED] reward=-135.7364  rank(-1 * zscore(volume, 20))
[reward_only] iter  1/50 [ERR] reward=    -inf  cs_rank(((close - open) / open) * cs_rank(volume))
[reward_only] iter  2/50 [OK ] reward=-135.7364  cs_rank(-1 * zscore(volume, 20))
[reward_only] iter  3/50 [OK ] reward=-180.6838  cs_rank(close - open)
[reward_only] iter  4/50 [OK ] reward=-148.8970  rank(-1 * zscore(volume, 20) * cs_rank(close - open))
[reward_only] iter  5/50 [OK ] reward=-144.1261  rank(-1 * zscore(volume, 20) * ts_rank(close - open, 10))
[reward_only] iter  6/50 [ERR] reward=    -inf  cs_rank(-1 * zscore(volume, 20) * cs_rank(close / open))
[reward_only] iter  7/50 [OK ] reward=-149.0662  cs_rank(-1 * zscore(volume, 20) * cs_rank(close / (open + 1e-5)))
[reward_only] iter  8/50 [OK ] reward=-55.0229  cs_rank(-1 * zscore(close, 20) * cs_rank(volume / (vwap + 1e-5)))
[reward_only] iter  9/50 [OK ] reward=-57.6699  cs_rank(-1 * zscore(close, 20) * cs_rank(volume / (vwap + 1e-5)) * decay_linear(close, 20))
[reward_only] iter 10/50 [OK ] reward=-55.0229  cs_rank(-1 * zscore(close, 20) * cs_rank(volume / (vwap + 1e-5)))
[reward_only] iter 11/50 [OK ] reward=-68.8684  cs_rank(-1 * zscore(close, 20) * cs_rank(volume / (vwap + 1e-5)) * cs_rank(high - low))
[reward_only] iter 12/50 [OK ] reward=-55.0229  cs_rank(-1 * zscore(close, 20) * cs_rank(volume / (vwap + 1e-5)))
[reward_only] iter 13/50 [OK ] reward=-57.6699  cs_rank(-1 * zscore(close, 20) * cs_rank(volume / (vwap + 1e-5)) * decay_linear(close, 20))
[reward_only] iter 14/50 [OK ] reward=-55.0229  cs_rank(-1 * zscore(close, 20) * cs_rank(volume / (vwap + 1e-5)))
[reward_only] iter 15/50 [OK ] reward=-68.8684  cs_rank(-1 * zscore(close, 20) * cs_rank(volume / (vwap + 1e-5)) * cs_rank(high - low))
[reward_only] iter 16/50 [OK ] reward=-55.0229  cs_rank(-1 * zscore(close, 20) * cs_rank(volume / (vwap + 1e-5)))
[reward_only] iter 17/50 [ERR] reward=    -inf  cs_rank(-1 * zscore(close, 20) * cs_rank(volume / (vwap + 1e-5)) * cs_rank(close / open))
[reward_only] iter 18/50 [ERR] reward=    -inf  cs_rank(-1 * zscore(close, 20) * cs_rank(volume / (vwap + 1e-5)) * cs_rank((close - open) / (close + open)))
[reward_only] iter 19/50 [OK ] reward=-89.3700  cs_rank(-1 * zscore(close, 20) * cs_rank(volume / (vwap + 1e-5)) * cs_rank((close - open) / (close + open + 1e-5)))
[reward_only] iter 20/50 [OK ] reward=-55.0229  cs_rank(-1 * zscore(close, 20) * cs_rank(volume / (vwap + 1e-5)))
[reward_only] iter 21/50 [ERR] reward=    -inf  cs_rank(-1 * zscore(close, 20) * cs_rank(volume / (vwap + 1e-5))) * cs_rank(sma(close, 50) / close)
[reward_only] iter 22/50 [OK ] reward=-44.1911  cs_rank(-1 * zscore(close, 20) * cs_rank(volume / (vwap + 1e-5))) * cs_rank(sma(close, 50) / (close + 1e-5))
[reward_only] iter 23/50 [OK ] reward=-40.6535  cs_rank(-1 * zscore(close, 20) * cs_rank(volume / (vwap + 1e-5))) * cs_rank(close / (close + 1e-5))
[reward_only] iter 24/50 [OK ] reward=-55.0229  cs_rank(-1 * zscore(close, 20) * cs_rank(volume / (vwap + 1e-5)))
[reward_only] iter 25/50 [OK ] reward=-30.4618  cs_rank(-1 * zscore(close, 20) * cs_rank(volume / (vwap + 1e-5))) * cs_rank(close / (close + 1e-5)) * cs_rank(decay_linear(close, 20))
[reward_only] iter 26/50 [OK ] reward=-40.6535  cs_rank(-1 * zscore(close, 20) * cs_rank(volume / (vwap + 1e-5))) * cs_rank(close / (close + 1e-5))
[reward_only] iter 27/50 [OK ] reward=-40.7818  cs_rank(-1 * zscore(close, 20) * cs_rank(volume / (vwap + 1e-5))) * cs_rank(decay_linear(close, 20))
[reward_only] iter 28/50 [OK ] reward=-40.6535  cs_rank(-1 * zscore(close, 20) * cs_rank(volume / (vwap + 1e-5))) * cs_rank(close / (close + 1e-5))
[reward_only] iter 29/50 [OK ] reward=-44.5922  cs_rank(zscore(close, 20) * cs_rank(volume / (vwap + 1e-5))) * cs_rank(close / (close + 1e-5))
[reward_only] iter 30/50 [OK ] reward=-40.7818  cs_rank(-1 * zscore(close, 20) * cs_rank(volume / (vwap + 1e-5))) * cs_rank(decay_linear(close, 20))
[reward_only] iter 31/50 [OK ] reward=-40.6535  cs_rank(-1 * zscore(close, 20) * cs_rank(volume / (vwap + 1e-5))) * cs_rank(close / (close + 1e-5))
[reward_only] iter 32/50 [OK ] reward=-44.5922  cs_rank(zscore(close, 20) * cs_rank(volume / (vwap + 1e-5))) * cs_rank(close / (close + 1e-5))
[reward_only] iter 33/50 [OK ] reward=-30.4618  cs_rank(-1 * zscore(close, 20) * cs_rank(volume / (vwap + 1e-5))) * cs_rank(close / (close + 1e-5)) * cs_rank(decay_linear(close, 20))
[reward_only] iter 34/50 [OK ] reward=-40.7818  cs_rank(-1 * zscore(close, 20) * cs_rank(volume / (vwap + 1e-5))) * cs_rank(decay_linear(close, 20))
[reward_only] iter 35/50 [OK ] reward=-40.6535  cs_rank(-1 * zscore(close, 20) * cs_rank(volume / (vwap + 1e-5))) * cs_rank(close / (close + 1e-5))
[reward_only] iter 36/50 [OK ] reward=-40.6535  cs_rank(-1 * zscore(close, 20) * cs_rank(volume / (vwap + 1e-5))) * cs_rank(close / (close + 1e-5))
[reward_only] iter 37/50 [OK ] reward=-44.5922  cs_rank(zscore(close, 20) * cs_rank(volume / (vwap + 1e-5))) * cs_rank(close / (close + 1e-5))
[reward_only] iter 38/50 [OK ] reward=-40.6535  cs_rank(-1 * zscore(close, 20) * cs_rank(volume / (vwap + 1e-5))) * cs_rank(close / (close + 1e-5))
[reward_only] iter 39/50 [OK ] reward=-40.6535  cs_rank(-1 * zscore(close, 20) * cs_rank(volume / (vwap + 1e-5))) * cs_rank(close / (close + 1e-5))
[reward_only] iter 40/50 [OK ] reward=-30.4618  cs_rank(-1 * zscore(close, 20) * cs_rank(volume / (vwap + 1e-5))) * cs_rank(close / (close + 1e-5)) * cs_rank(decay_linear(close, 20))
[reward_only] iter 41/50 [OK ] reward=-40.7818  cs_rank(-1 * zscore(close, 20) * cs_rank(volume / (vwap + 1e-5))) * cs_rank(decay_linear(close, 20))
[reward_only] iter 42/50 [OK ] reward=-40.6535  cs_rank(-1 * zscore(close, 20) * cs_rank(volume / (vwap + 1e-5))) * cs_rank(close / (close + 1e-5))
[reward_only] iter 43/50 [OK ] reward=-40.7818  cs_rank(-1 * zscore(close, 20) * cs_rank(volume / (vwap + 1e-5))) * cs_rank(decay_linear(close, 20))
[reward_only] iter 44/50 [OK ] reward=-40.6535  cs_rank(-1 * zscore(close, 20) * cs_rank(volume / (vwap + 1e-5))) * cs_rank(close / (close + 1e-5))
[reward_only] iter 45/50 [OK ] reward=-30.4618  cs_rank(-1 * zscore(close, 20) * cs_rank(volume / (vwap + 1e-5))) * cs_rank(close / (close + 1e-5)) * cs_rank(decay_linear(close, 20))
[reward_only] iter 46/50 [OK ] reward=-40.6535  cs_rank(-1 * zscore(close, 20) * cs_rank(volume / (vwap + 1e-5))) * cs_rank(close / (close + 1e-5))
[reward_only] iter 47/50 [OK ] reward=-40.6535  cs_rank(-1 * zscore(close, 20) * cs_rank(volume / (vwap + 1e-5))) * cs_rank(close / (close + 1e-5))
[reward_only] iter 48/50 [OK ] reward=-40.6535  cs_rank(-1 * zscore(close, 20) * cs_rank(volume / (vwap + 1e-5))) * cs_rank(close / (close + 1e-5))
[reward_only] iter 49/50 [OK ] reward=-40.6535  cs_rank(-1 * zscore(close, 20) * cs_rank(volume / (vwap + 1e-5))) * cs_rank(close / (close + 1e-5))
[reward_only] iter 50/50 [OK ] reward=-40.6535  cs_rank(-1 * zscore(close, 20) * cs_rank(volume / (vwap + 1e-5))) * cs_rank(close / (close + 1e-5))
[wfo:reward_only] fold 7 winner: cs_rank(-1 * zscore(close, 20) * cs_rank(volume / (vwap + 1e-5))) * cs_rank(close / (close + 1e-5)) * cs_rank(decay_linear(close, 20))
[wfo:reward_only] fold 7 OOS: Gross_IR=-1.193 Turnover=48.56 Net_IR=-5.403
[wfo:reward_only] fold 8: train 2009-01-01..2013-12-31 -> test 2014-01-01..2014-12-31
[reward_only] iter  0/50 [SEED] reward=-134.6240  rank(-1 * zscore(volume, 20))
[reward_only] iter  1/50 [ERR] reward=    -inf  cs_rank(close / (high + low) - 1)
[reward_only] iter  2/50 [OK ] reward=-127.1537  rank(-1 * zscore(volume, 20) + ts_rank(close, 20))
[reward_only] iter  3/50 [OK ] reward=-136.1913  rank(-1 * zscore(volume, 20) + ts_rank(close, 20) + cs_rank(close - open))
[reward_only] iter  4/50 [OK ] reward=-127.1537  rank(-1 * zscore(volume, 20) + ts_rank(close, 20))
[reward_only] iter  5/50 [OK ] reward=-179.6659  rank(-1 * zscore(vwap - close, 20) + ts_rank(volume, 20))
[reward_only] iter  6/50 [OK ] reward=-178.9691  rank(-1 * zscore(close - open, 20) + ts_rank(volume, 20))
[reward_only] iter  7/50 [OK ] reward=-120.1550  rank(-1 * zscore(volume, 20) + ts_rank(close, 20) + decay_linear(cs_rank(high - low), 20))
[reward_only] iter  8/50 [OK ] reward=-118.1757  rank(-1 * zscore(volume, 20) + ts_rank(close, 20) + cs_rank(high - low))
[reward_only] iter  9/50 [OK ] reward=-127.1537  rank(-1 * zscore(volume, 20) + ts_rank(close, 20))
[reward_only] iter 10/50 [OK ] reward=-118.0970  rank(-1 * zscore(volume, 20) + ts_rank(close, 20) + cs_rank(high - low) + decay_linear(vwap - close, 20))
[reward_only] iter 11/50 [OK ] reward=-118.1757  rank(-1 * zscore(volume, 20) + ts_rank(close, 20) + cs_rank(high - low))
[reward_only] iter 12/50 [OK ] reward=-118.0970  rank(-1 * zscore(volume, 20) + ts_rank(close, 20) + cs_rank(high - low) + decay_linear(vwap - close, 20))
[reward_only] iter 13/50 [OK ] reward=-135.9496  rank(-1 * zscore(volume, 20) + ts_rank(close, 20) + cs_rank(vwap - close))
[reward_only] iter 14/50 [OK ] reward=-118.0970  rank(-1 * zscore(volume, 20) + ts_rank(close, 20) + cs_rank(high - low) + decay_linear(vwap - close, 20))
[reward_only] iter 15/50 [OK ] reward=-118.1757  rank(-1 * zscore(volume, 20) + ts_rank(close, 20) + cs_rank(high - low))
[reward_only] iter 16/50 [OK ] reward=-118.1757  rank(-1 * zscore(volume, 20) + ts_rank(close, 20) + cs_rank(high - low))
[reward_only] iter 17/50 [OK ] reward=-135.9496  rank(-1 * zscore(volume, 20) + ts_rank(close, 20) + cs_rank(vwap - close))
[reward_only] iter 18/50 [OK ] reward=-118.1757  rank(-1 * zscore(volume, 20) + ts_rank(close, 20) + cs_rank(high - low))
[reward_only] iter 19/50 [OK ] reward=-135.9496  rank(-1 * zscore(volume, 20) + ts_rank(close, 20) + cs_rank(vwap - close))
[reward_only] iter 20/50 [OK ] reward=-118.1757  rank(-1 * zscore(volume, 20) + ts_rank(close, 20) + cs_rank(high - low))
[reward_only] iter 21/50 [OK ] reward=-126.5077  rank(-1 * zscore(volume, 20) + ts_rank(close, 20) + decay_linear(vwap - close, 20))
[reward_only] iter 22/50 [OK ] reward=-118.1757  rank(-1 * zscore(volume, 20) + ts_rank(close, 20) + cs_rank(high - low))
[reward_only] iter 23/50 [OK ] reward=-118.0970  rank(-1 * zscore(volume, 20) + ts_rank(close, 20) + cs_rank(high - low) + decay_linear(vwap - close, 20))
[reward_only] iter 24/50 [OK ] reward=-118.1757  rank(-1 * zscore(volume, 20) + ts_rank(close, 20) + cs_rank(high - low))
[reward_only] iter 25/50 [OK ] reward=-118.1757  rank(-1 * zscore(volume, 20) + ts_rank(close, 20) + cs_rank(high - low))
[reward_only] iter 26/50 [OK ] reward=-118.0970  rank(-1 * zscore(volume, 20) + ts_rank(close, 20) + cs_rank(high - low) + decay_linear(vwap - close, 20))
[reward_only] iter 27/50 [OK ] reward=-118.1757  rank(-1 * zscore(volume, 20) + ts_rank(close, 20) + cs_rank(high - low))
[reward_only] iter 28/50 [OK ] reward=-118.0970  rank(-1 * zscore(volume, 20) + ts_rank(close, 20) + cs_rank(high - low) + decay_linear(vwap - close, 20))
[reward_only] iter 29/50 [OK ] reward=-118.1757  rank(-1 * zscore(volume, 20) + ts_rank(close, 20) + cs_rank(high - low))
[reward_only] iter 30/50 [OK ] reward=-126.5077  rank(-1 * zscore(volume, 20) + ts_rank(close, 20) + decay_linear(vwap - close, 20))
[reward_only] iter 31/50 [OK ] reward=-118.1757  rank(-1 * zscore(volume, 20) + ts_rank(close, 20) + cs_rank(high - low))
[reward_only] iter 32/50 [OK ] reward=-118.1757  rank(-1 * zscore(volume, 20) + ts_rank(close, 20) + cs_rank(high - low))
[reward_only] iter 33/50 [OK ] reward=-118.0970  rank(-1 * zscore(volume, 20) + ts_rank(close, 20) + cs_rank(high - low) + decay_linear(vwap - close, 20))
[reward_only] iter 34/50 [OK ] reward=-122.4541  rank(-1 * zscore(volume, 20) + cs_rank(high - low) + decay_linear(vwap - close, 20))
[reward_only] iter 35/50 [OK ] reward=-71.2945  rank(ts_rank(close, 20) + cs_rank(high - low) + decay_linear(vwap - close, 20))
[reward_only] iter 36/50 [OK ] reward=-54.4697  rank(ts_rank(close, 20) + cs_rank(volume) + decay_linear(vwap - close, 20))
[reward_only] iter 37/50 [OK ] reward=-151.3098  rank(ts_rank(close, 20) + cs_rank(volume) + decay_linear(vwap - close, 20) + zscore(high - low, 20))
[reward_only] iter 38/50 [OK ] reward=-54.4697  rank(ts_rank(close, 20) + cs_rank(volume) + decay_linear(vwap - close, 20))
[reward_only] iter 39/50 [OK ] reward=-151.3098  rank(ts_rank(close, 20) + cs_rank(volume) + decay_linear(vwap - close, 20) + zscore(high - low, 20))
[reward_only] iter 40/50 [OK ] reward=-54.4697  rank(ts_rank(close, 20) + cs_rank(volume) + decay_linear(vwap - close, 20))
[reward_only] iter 41/50 [OK ] reward=-123.3984  rank(ts_rank(close, 20) + cs_rank(volume) + decay_linear(vwap - close, 20) + zscore(volume, 20))
[reward_only] iter 42/50 [OK ] reward=-54.4697  rank(ts_rank(close, 20) + cs_rank(volume) + decay_linear(vwap - close, 20))
[reward_only] iter 43/50 [OK ] reward=-51.2327  rank(ts_rank(close, 20) + cs_rank(volume) + decay_linear(zscore(vwap - close, 20), 20))
[reward_only] iter 44/50 [OK ] reward=-52.1912  rank(ts_rank(close, 20) + cs_rank(volume) + decay_linear(zscore(high - low, 20), 20))
[reward_only] iter 45/50 [OK ] reward=-56.5243  rank(ts_rank(close, 20) + cs_rank(volume) + decay_linear(zscore(vwap - close, 20), 20) + cs_rank(stddev(close, 20)))
[reward_only] iter 46/50 [OK ] reward=-51.2327  rank(ts_rank(close, 20) + cs_rank(volume) + decay_linear(zscore(vwap - close, 20), 20))
[reward_only] iter 47/50 [OK ] reward=-87.3267  rank(ts_rank(close, 20) + cs_rank(volume) + decay_linear(zscore(vwap - close, 20), 20) + cs_rank(high - low))
[reward_only] iter 48/50 [OK ] reward=-51.2327  rank(ts_rank(close, 20) + cs_rank(volume) + decay_linear(zscore(vwap - close, 20), 20))
[reward_only] iter 49/50 [OK ] reward=-55.2771  rank(ts_rank(close, 20) + cs_rank(volume) + decay_linear(zscore(vwap - close, 20), 20) + ts_rank(vwap, 20))
[reward_only] iter 50/50 [OK ] reward=-51.2327  rank(ts_rank(close, 20) + cs_rank(volume) + decay_linear(zscore(vwap - close, 20), 20))
[wfo:reward_only] fold 8 winner: rank(ts_rank(close, 20) + cs_rank(volume) + decay_linear(zscore(vwap - close, 20), 20))
[wfo:reward_only] fold 8 OOS: Gross_IR=0.989 Turnover=97.69 Net_IR=-5.551
[wfo:reward_only] fold 9: train 2010-01-01..2014-12-31 -> test 2015-01-01..2015-12-31
[reward_only] iter  0/50 [SEED] reward=-133.0342  rank(-1 * zscore(volume, 20))
[reward_only] iter  1/50 [OK ] reward=-176.8713  cs_rank(close - open)
[reward_only] iter  2/50 [OK ] reward=-145.5381  rank(-1 * zscore(volume, 20) * cs_rank(close - open))
[reward_only] iter  3/50 [OK ] reward=-180.6199  rank(-1 * zscore(close - open, 20))
[reward_only] iter  4/50 [OK ] reward=-177.4114  cs_rank(-1 * zscore(close - open, 20) + 0.5 * cs_rank(volume))
[reward_only] iter  5/50 [OK ] reward=-177.4114  cs_rank(-1 * zscore(close - open, 20) + 0.5 * cs_rank(volume))
[reward_only] iter  6/50 [OK ] reward=-144.5509  rank(-1 * zscore(volume, 20) + 0.5 * zscore(close - open, 20))
[reward_only] iter  7/50 [OK ] reward=-141.6899  rank(-1 * zscore(volume, 20) + cs_rank(close / (open + 1e-5)))
[reward_only] iter  8/50 [OK ] reward=-122.2294  rank(-1 * zscore(volume, 20) + cs_rank(high - low))
[reward_only] iter  9/50 [ERR] reward=    -inf  rank(cs_rank(close / open) + cs_rank(volume / vwap))
[reward_only] iter 10/50 [OK ] reward=-133.0525  rank(-1 * zscore(volume, 20) + cs_rank(high - low) + cs_rank(close / (open + 1e-5)))
[reward_only] iter 11/50 [OK ] reward=-133.5623  rank(-1 * zscore(volume, 20) + cs_rank(high - low) + cs_rank(vwap - close))
[reward_only] iter 12/50 [OK ] reward=-122.2294  rank(-1 * zscore(volume, 20) + cs_rank(high - low))
[reward_only] iter 13/50 [OK ] reward=-168.0544  rank(-1 * zscore(close - open, 20) + cs_rank(high - low))
[reward_only] iter 14/50 [OK ] reward=-141.8781  rank(-1 * zscore(volume, 20) + cs_rank(close - open))
[reward_only] iter 15/50 [OK ] reward=-176.5771  rank(-1 * zscore(volume, 20) + cs_rank(close - open)) + rank(ts_rank(close, 20) - ts_rank(open, 20))
[reward_only] iter 16/50 [OK ] reward=-122.2294  rank(-1 * zscore(volume, 20) + cs_rank(high - low))
[reward_only] iter 17/50 [OK ] reward=-70.3521  rank(-1 * zscore(vwap, 20) + cs_rank(close - open))
[reward_only] iter 18/50 [OK ] reward=-141.8781  rank(cs_rank(close - open) - zscore(volume, 20))
[reward_only] iter 19/50 [OK ] reward=-53.0357  rank(-1 * zscore(vwap, 20) + cs_rank(high - low))
[reward_only] iter 20/50 [OK ] reward=-50.8784  rank(-1 * zscore(vwap, 20) + cs_rank(volume / (high - low + 1e-5)))
[reward_only] iter 21/50 [OK ] reward=-50.8784  rank(-1 * zscore(vwap, 20) + cs_rank(volume / (high - low + 1e-5)))
[reward_only] iter 22/50 [OK ] reward=-50.9083  rank(-1 * zscore(vwap, 20) + cs_rank(volume))
[reward_only] iter 23/50 [ERR] reward=    -inf  rank(-1 * zscore(vwap, 20) + cs_rank(volume / (high - low + 1e-5)) * cs_rank(close / open))
[reward_only] iter 24/50 [OK ] reward=-57.2233  rank(-1 * zscore(vwap, 20) + cs_rank(volume / (high - low + 1e-5)) * cs_rank((close - open) / (high - low + 1e-5)))
[reward_only] iter 25/50 [OK ] reward=-50.8784  rank(-1 * zscore(vwap, 20) + cs_rank(volume / (high - low + 1e-5)))
[reward_only] iter 26/50 [OK ] reward=-50.8784  rank(-1 * zscore(vwap, 20) + cs_rank(volume / (high - low + 1e-5)))
[reward_only] iter 27/50 [OK ] reward=-30.8410  cs_rank(volume / (high - low + 1e-5))
[reward_only] iter 28/50 [OK ] reward=-125.1868  cs_rank(volume / (high - low + 1e-5)) * cs_rank(close - open)
[reward_only] iter 29/50 [OK ] reward=-92.1154  cs_rank(volume / (high - low + 1e-5)) * cs_rank(stddev(close, 20) / (high - low + 1e-5))
[reward_only] iter 30/50 [ERR] reward=    -inf  cs_rank(volume / (high - low + 1e-5)) * cs_rank(close / vwap)
[reward_only] iter 31/50 [OK ] reward=-137.6217  cs_rank(volume / (high - low + 1e-5)) + cs_rank(close / (vwap + 1e-5))
[reward_only] iter 32/50 [OK ] reward=-136.5121  cs_rank(volume / (high - low + 1e-5)) + cs_rank(close - open)
[reward_only] iter 33/50 [OK ] reward=-136.9836  cs_rank(volume / (high - low + 1e-5)) + cs_rank(zscore(close - open, 20))
[reward_only] iter 34/50 [OK ] reward=-86.0946  cs_rank(volume / (high - low + 1e-5)) + cs_rank(zscore(close - open, 20)) - cs_rank(decay_linear(close, 20))
[reward_only] iter 35/50 [OK ] reward=-136.9836  cs_rank(volume / (high - low + 1e-5)) + cs_rank(zscore(close - open, 20))
[reward_only] iter 36/50 [OK ] reward=-136.5121  cs_rank(volume / (high - low + 1e-5)) + cs_rank(close - open)
[reward_only] iter 37/50 [OK ] reward=-135.0354  cs_rank(volume / (high - low + 1e-5)) + cs_rank(vwap - close)
[reward_only] iter 38/50 [OK ] reward=-138.8037  cs_rank(volume / (high - low + 1e-5)) + cs_rank(close - vwap)
[reward_only] iter 39/50 [ERR] reward=    -inf  cs_rank(close / open) + cs_rank(volume / (high - low + 1e-5))
[reward_only] iter 40/50 [ERR] reward=    -inf  cs_rank(volume / (high - low + 1e-5)) + cs_rank(close / open)
[reward_only] iter 41/50 [OK ] reward=-138.2349  cs_rank(volume / (high - low + 1e-5)) + cs_rank((close - open) / (high - low + 1e-5))
[reward_only] iter 42/50 [OK ] reward=-138.2349  cs_rank(volume / (high - low + 1e-5)) + cs_rank((close - open) / (high - low + 1e-5))
[reward_only] iter 43/50 [ERR] reward=    -inf  cs_rank(volume / (high - low + 1e-5)) + cs_rank(close / vwap)
[reward_only] iter 44/50 [OK ] reward=-137.6217  cs_rank(volume / (high - low + 1e-5)) + cs_rank(close / (vwap + 1e-5))
[reward_only] iter 45/50 [OK ] reward=-125.1868  cs_rank(close - open) * cs_rank(volume / (high - low + 1e-5))
[reward_only] iter 46/50 [OK ] reward=-121.3264  cs_rank(close - open) * cs_rank(volume / (high - low + 1e-5)) + cs_rank(stddev(close, 20) / (high - low + 1e-5))
[reward_only] iter 47/50 [OK ] reward=-125.1868  cs_rank(volume / (high - low + 1e-5)) * cs_rank(close - open)
[reward_only] iter 48/50 [ERR] reward=    -inf  cs_rank(volume / (high - low + 1e-5)) * cs_rank(stddev(close, 20) / close)
[reward_only] iter 49/50 [OK ] reward=-51.1185  cs_rank(volume / (high - low + 1e-5)) * cs_rank(zscore(close, 20))
[reward_only] iter 50/50 [OK ] reward=-46.7503  cs_rank(volume / (high - low + 1e-5)) * cs_rank(decay_linear(close, 20))
[wfo:reward_only] fold 9 winner: cs_rank(volume / (high - low + 1e-5))
[wfo:reward_only] fold 9 OOS: Gross_IR=0.843 Turnover=59.87 Net_IR=-3.092
[wfo:reward_only] fold 10: train 2011-01-01..2015-12-31 -> test 2016-01-01..2016-12-31
[reward_only] iter  0/50 [SEED] reward=-132.5806  rank(-1 * zscore(volume, 20))
[reward_only] iter  1/50 [OK ] reward=-175.7929  cs_rank(close - open)
[reward_only] iter  2/50 [OK ] reward=-180.6533  cs_rank(-1 * ts_rank(close - open, 20))
[reward_only] iter  3/50 [OK ] reward=-142.2825  rank(-1 * (zscore(volume, 20) + cs_rank(close - open)))
[reward_only] iter  4/50 [ERR] reward=    -inf  rank(-1 * (zscore(volume, 20) + cs_rank(close / open)))
[reward_only] iter  5/50 [OK ] reward=-121.3783  rank(-1 * (zscore(volume, 20) + cs_rank((close + open + high + low) / 4)))
[reward_only] iter  6/50 [OK ] reward=-132.5806  cs_rank(-1 * zscore(volume, 20))
[reward_only] iter  7/50 [OK ] reward=-167.6273  rank(-1 * (zscore(close - open, 20) + cs_rank(volume)))
[reward_only] iter  8/50 [OK ] reward=-168.0487  rank(-1 * (zscore(close - open, 20) + decay_linear(cs_rank(volume), 20)))
[reward_only] iter  9/50 [OK ] reward=-128.6329  rank(-1 * (zscore(volume, 20) + cs_rank((close + open + high + low) / 4) + ts_rank(close - open, 20)))
[reward_only] iter 10/50 [OK ] reward=-121.3783  rank(-1 * (zscore(volume, 20) + cs_rank((close + open + high + low) / 4)))
[reward_only] iter 11/50 [OK ] reward= -2.5451  rank(-1 * cs_rank(vwap))
[reward_only] iter 12/50 [OK ] reward= -2.6325  rank(-1 * cs_rank((close + vwap) / 2))
[reward_only] iter 13/50 [ERR] reward=    -inf  rank(-1 * cs_rank((vwap + close) / (high + low)))
[reward_only] iter 14/50 [OK ] reward=-178.6894  rank(-1 * cs_rank((vwap + close) / (high + low + 1e-5)))
[reward_only] iter 15/50 [OK ] reward= -1.5006  rank(-1 * cs_rank(decay_linear(vwap, 20)))
[reward_only] iter 16/50 [OK ] reward=-54.6122  rank(-1 * (cs_rank(decay_linear(vwap, 20)) + cs_rank(volume)))
[reward_only] iter 17/50 [OK ] reward=-86.4800  rank(-1 * (cs_rank(decay_linear(vwap, 20)) + cs_rank(zscore(volume, 60))))
[reward_only] iter 18/50 [OK ] reward= -2.8662  rank(-1 * (cs_rank(decay_linear(vwap, 20)) + cs_rank(stddev(close, 60))))
[reward_only] iter 19/50 [OK ] reward= -3.1018  rank(-1 * cs_rank(decay_linear(vwap, 20)) * cs_rank(stddev(close, 60)))
[reward_only] iter 20/50 [OK ] reward=-87.3207  rank(-1 * cs_rank(decay_linear(vwap, 20)) * cs_rank(abs(high - low) / (high + low + 1e-5)))
[reward_only] iter 21/50 [OK ] reward=-80.3150  rank(-1 * cs_rank(decay_linear(vwap, 20))) * cs_rank(abs(high - low) / (high + low + 1e-5))
[reward_only] iter 22/50 [OK ] reward=-17.2782  rank(-1 * cs_rank(decay_linear(vwap, 20))) * cs_rank(volume / (volume + 1e-5))
[reward_only] iter 23/50 [OK ] reward=-17.2282  rank(-1 * cs_rank(decay_linear(vwap, 20))) * cs_rank(volume)
[reward_only] iter 24/50 [OK ] reward= -3.4558  rank(-1 * cs_rank(decay_linear(vwap, 20))) * cs_rank(sma(volume, 10))
[reward_only] iter 25/50 [OK ] reward=-91.1293  rank(-1 * cs_rank(decay_linear(vwap, 20))) * cs_rank(zscore(volume, 20))
[reward_only] iter 26/50 [OK ] reward=-91.1293  rank(-1 * cs_rank(decay_linear(vwap, 20))) * cs_rank(zscore(volume, 20))
[reward_only] iter 27/50 [OK ] reward=-91.1293  rank(-1 * cs_rank(decay_linear(vwap, 20))) * cs_rank(zscore(volume, 20))
[reward_only] iter 28/50 [OK ] reward=-91.1293  rank(-1 * cs_rank(decay_linear(vwap, 20))) * cs_rank(zscore(volume, 20))
[reward_only] iter 29/50 [OK ] reward=-91.1293  rank(-1 * cs_rank(decay_linear(vwap, 20))) * cs_rank(zscore(volume, 20))
[reward_only] iter 30/50 [OK ] reward=-91.1293  rank(-1 * cs_rank(decay_linear(vwap, 20))) * cs_rank(zscore(volume, 20))
[reward_only] iter 31/50 [OK ] reward=-41.6213  rank(-1 * cs_rank(decay_linear(vwap, 20))) * cs_rank(zscore(close, 20))
[reward_only] iter 32/50 [OK ] reward=-50.4346  rank(-1 * cs_rank(decay_linear(vwap, 20))) * cs_rank(zscore(close, 20)) / cs_rank(stddev(volume, 20))
[reward_only] iter 33/50 [OK ] reward=-41.6213  rank(-1 * cs_rank(decay_linear(vwap, 20))) * cs_rank(zscore(close, 20))
[reward_only] iter 34/50 [OK ] reward=-68.9531  rank(-1 * cs_rank(decay_linear(vwap, 20))) * cs_rank(zscore(close, 20)) / (cs_rank(volume) + 1e-5)
[reward_only] iter 35/50 [OK ] reward=-41.6213  rank(-1 * cs_rank(decay_linear(vwap, 20))) * cs_rank(zscore(close, 20))
[reward_only] iter 36/50 [OK ] reward=-40.0041  rank(-1 * cs_rank(decay_linear(vwap, 20))) * cs_rank(zscore(close, 20)) * cs_rank(volume)
[reward_only] iter 37/50 [OK ] reward=-41.6213  rank(-1 * cs_rank(decay_linear(vwap, 20))) * cs_rank(zscore(close, 20))
[reward_only] iter 38/50 [OK ] reward=-40.0041  rank(-1 * cs_rank(decay_linear(vwap, 20))) * cs_rank(zscore(close, 20)) * cs_rank(volume)
[reward_only] iter 39/50 [OK ] reward=-41.6213  rank(-1 * cs_rank(decay_linear(vwap, 20))) * cs_rank(zscore(close, 20))
[reward_only] iter 40/50 [OK ] reward=-41.6213  rank(-1 * cs_rank(decay_linear(vwap, 20))) * cs_rank(zscore(close, 20))
[reward_only] iter 41/50 [OK ] reward=-40.0041  rank(-1 * cs_rank(decay_linear(vwap, 20))) * cs_rank(zscore(close, 20)) * cs_rank(volume)
[reward_only] iter 42/50 [OK ] reward=-41.6213  rank(-1 * cs_rank(decay_linear(vwap, 20))) * cs_rank(zscore(close, 20))
[reward_only] iter 43/50 [OK ] reward=-40.1041  rank(-1 * cs_rank(decay_linear(vwap, 20))) * cs_rank(zscore(close, 20)) * cs_rank(volume / (volume + 1e-5))
[reward_only] iter 44/50 [OK ] reward=-41.6213  rank(-1 * cs_rank(decay_linear(vwap, 20))) * cs_rank(zscore(close, 20))
[reward_only] iter 45/50 [OK ] reward=-40.0041  rank(-1 * cs_rank(decay_linear(vwap, 20))) * cs_rank(zscore(close, 20)) * cs_rank(volume)
[reward_only] iter 46/50 [OK ] reward=-41.6213  rank(-1 * cs_rank(decay_linear(vwap, 20))) * cs_rank(zscore(close, 20))
[reward_only] iter 47/50 [OK ] reward=-101.1085  rank(-1 * cs_rank(decay_linear(vwap, 20))) * cs_rank(zscore(close, 20) / (zscore(volume, 20) + 1e-5))
[reward_only] iter 48/50 [OK ] reward=-101.1085  rank(-1 * cs_rank(decay_linear(vwap, 20))) * cs_rank(zscore(close, 20) / (zscore(volume, 20) + 1e-5))
[reward_only] iter 49/50 [OK ] reward=-41.6213  rank(-1 * cs_rank(decay_linear(vwap, 20))) * cs_rank(zscore(close, 20))
[reward_only] iter 50/50 [OK ] reward=-40.0041  rank(-1 * cs_rank(decay_linear(vwap, 20))) * cs_rank(zscore(close, 20)) * cs_rank(volume)
[wfo:reward_only] fold 10 winner: rank(-1 * cs_rank(decay_linear(vwap, 20)))
[wfo:reward_only] fold 10 OOS: Gross_IR=2.230 Turnover=4.38 Net_IR=2.022
[wfo:reward_only] fold 11: train 2012-01-01..2016-12-31 -> test 2017-01-01..2017-12-31
[reward_only] iter  0/50 [SEED] reward=-131.8877  rank(-1 * zscore(volume, 20))
[reward_only] iter  1/50 [ERR] reward=    -inf  cs_rank((close - open) / (high - low))
[reward_only] iter  2/50 [OK ] reward=-141.1236  rank(-1 * zscore(volume, 20) + cs_rank((close - open) / (high - low + 1e-5)))
[reward_only] iter  3/50 [OK ] reward=-141.5308  rank(-1 * zscore(volume, 20) + cs_rank(vwap - close))
[reward_only] iter  4/50 [OK ] reward=-141.1417  rank(-1 * zscore(volume, 20) + cs_rank(close - open))
[reward_only] iter  5/50 [OK ] reward=-141.1417  rank(-1 * zscore(volume, 20) + cs_rank(close - open))
[reward_only] iter  6/50 [ERR] reward=    -inf  rank(-1 * zscore(volume, 20) + cs_rank((close - open) / (high - low)))
[reward_only] iter  7/50 [OK ] reward=-141.1236  rank(-1 * zscore(volume, 20) + cs_rank((close - open) / (high - low + 1e-5)))
[reward_only] iter  8/50 [OK ] reward=-141.1417  rank(-1 * zscore(volume, 20) + cs_rank(close - open))
[reward_only] iter  9/50 [OK ] reward=-122.0011  rank(-1 * zscore(volume, 20) + cs_rank(high - low))
[reward_only] iter 10/50 [OK ] reward=-56.9512  rank(-1 * zscore(close, 20) + cs_rank(volume / (volume + 1e-5)))
[reward_only] iter 11/50 [OK ] reward=-62.6090  rank(-1 * zscore(close, 20) + cs_rank(volume / (volume + 1e-5)) + cs_rank((high - low) / (high + low + 1e-5)))
[reward_only] iter 12/50 [OK ] reward=-62.6090  rank(-1 * zscore(close, 20) + cs_rank(volume / (volume + 1e-5)) + cs_rank((high - low) / (high + low + 1e-5)))
[reward_only] iter 13/50 [OK ] reward=-56.9512  rank(-1 * zscore(close, 20) + cs_rank(volume / (volume + 1e-5)))
[reward_only] iter 14/50 [OK ] reward=-57.7113  rank(-1 * zscore(close, 20) + cs_rank(volume / (volume + 1e-5)) + decay_linear(close - open, 20))
[reward_only] iter 15/50 [OK ] reward=-58.4130  rank(-1 * zscore(close, 20) + cs_rank(volume / (volume + 1e-5)) + cs_rank(stddev(close, 20) / (stddev(close, 20) + 1e-5)))
[reward_only] iter 16/50 [OK ] reward=-58.4130  rank(-1 * zscore(close, 20) + cs_rank(volume / (volume + 1e-5)) + cs_rank(stddev(close, 20) / (stddev(close, 20) + 1e-5)))
[reward_only] iter 17/50 [OK ] reward=-58.4130  rank(-1 * zscore(close, 20) + cs_rank(volume / (volume + 1e-5)) + cs_rank(stddev(close, 20) / (stddev(close, 20) + 1e-5)))
[reward_only] iter 18/50 [OK ] reward=-56.9512  rank(-1 * zscore(close, 20) + cs_rank(volume / (volume + 1e-5)))
[reward_only] iter 19/50 [OK ] reward=-65.5854  rank(-1 * zscore(close, 20) + cs_rank(volume / (volume + 1e-5)) + decay_linear(ts_rank(vwap, 20), 5))
[reward_only] iter 20/50 [OK ] reward=-60.1403  rank(-1 * zscore(close, 20) + cs_rank(volume / (volume + 1e-5)) + ts_rank(vwap, 20))
[reward_only] iter 21/50 [OK ] reward=-56.9512  rank(-1 * zscore(close, 20) + cs_rank(volume / (volume + 1e-5)))
[reward_only] iter 22/50 [OK ] reward=-77.8412  rank(-1 * zscore(close, 20) + cs_rank(volume / (volume + 1e-5)) + ts_rank(vwap - close, 20))
[reward_only] iter 23/50 [OK ] reward=-56.9512  rank(-1 * zscore(close, 20) + cs_rank(volume / (volume + 1e-5)))
[reward_only] iter 24/50 [OK ] reward=-64.5612  rank(-1 * zscore(close, 20) + cs_rank(volume / (volume + 1e-5)) + decay_linear(ts_rank(vwap, 20), 10))
[reward_only] iter 25/50 [OK ] reward=-56.9512  rank(-1 * zscore(close, 20) + cs_rank(volume / (volume + 1e-5)))
[reward_only] iter 26/50 [OK ] reward=-60.7699  rank(-1 * zscore(close, 20) + cs_rank(volume / (volume + 1e-5)) + ts_rank(vwap, 50))
[reward_only] iter 27/50 [OK ] reward=-56.9512  rank(-1 * zscore(close, 20) + cs_rank(volume / (volume + 1e-5)))
[reward_only] iter 28/50 [OK ] reward=-62.0098  rank(-1 * zscore(close, 20) + cs_rank(volume / (volume + 1e-5)) + decay_linear(ts_rank(vwap, 20), 20))
[reward_only] iter 29/50 [OK ] reward=-56.9512  rank(-1 * zscore(close, 20) + cs_rank(volume / (volume + 1e-5)))
[reward_only] iter 30/50 [OK ] reward=-77.8412  rank(-1 * zscore(close, 20) + cs_rank(volume / (volume + 1e-5)) + ts_rank(vwap - close, 20))
[reward_only] iter 31/50 [OK ] reward=-77.8412  rank(-1 * zscore(close, 20) + cs_rank(volume / (volume + 1e-5)) + ts_rank(vwap - close, 20))
[reward_only] iter 32/50 [OK ] reward=-56.9512  rank(-1 * zscore(close, 20) + cs_rank(volume / (volume + 1e-5)))
[reward_only] iter 33/50 [OK ] reward=-60.2826  rank(-1 * zscore(close, 20) + cs_rank(volume / (volume + 1e-5)) + decay_linear(zscore(close, 20), 50))
[reward_only] iter 34/50 [OK ] reward=-56.9512  rank(-1 * zscore(close, 20) + cs_rank(volume / (volume + 1e-5)))
[reward_only] iter 35/50 [OK ] reward=-60.1403  rank(-1 * zscore(close, 20) + cs_rank(volume / (volume + 1e-5)) + ts_rank(vwap, 20))
[reward_only] iter 36/50 [OK ] reward=-56.9512  rank(-1 * zscore(close, 20) + cs_rank(volume / (volume + 1e-5)))
[reward_only] iter 37/50 [OK ] reward=-77.8412  rank(-1 * zscore(close, 20) + cs_rank(volume / (volume + 1e-5)) + ts_rank(vwap - close, 20))
[reward_only] iter 38/50 [OK ] reward=-56.9512  rank(-1 * zscore(close, 20) + cs_rank(volume / (volume + 1e-5)))
[reward_only] iter 39/50 [OK ] reward=-58.0729  rank(-1 * zscore(close, 20) + cs_rank(volume / (volume + 1e-5)) + decay_linear(ts_rank(high - low, 10), 5))
[reward_only] iter 40/50 [OK ] reward=-51.7633  rank(-1 * zscore(close, 20) + cs_rank(volume / (volume + 1e-5)) + decay_linear(high - low, 5))
[reward_only] iter 41/50 [OK ] reward=-48.1153  cs_rank(-1 * zscore(close, 20) + decay_linear(high - low, 5))
[reward_only] iter 42/50 [OK ] reward=-58.9216  cs_rank(-1 * zscore(close, 20) + decay_linear(close / (open + 1e-5), 5))
[reward_only] iter 43/50 [OK ] reward=-56.9027  cs_rank(-1 * zscore(close, 20) + decay_linear(close / (open + 1e-5), 5) + cs_rank(volume))
[reward_only] iter 44/50 [OK ] reward=-48.1153  cs_rank(-1 * zscore(close, 20) + decay_linear(high - low, 5))
[reward_only] iter 45/50 [OK ] reward=-66.1517  cs_rank(-1 * zscore(close, 20) + decay_linear(high - low, 5) + ts_rank(vwap - close, 20))
[reward_only] iter 46/50 [OK ] reward=-48.1153  cs_rank(-1 * zscore(close, 20) + decay_linear(high - low, 5))
[reward_only] iter 47/50 [OK ] reward= -7.9308  cs_rank(-1 * ts_rank(close, 20) + decay_linear(volume, 10))
[reward_only] iter 48/50 [OK ] reward= -7.9317  cs_rank(-1 * ts_rank(close, 20) + decay_linear(volume, 10) + zscore(vwap, 60))
[reward_only] iter 49/50 [OK ] reward= -7.9317  cs_rank(-1 * ts_rank(close, 20) + decay_linear(volume, 10) + zscore(vwap, 60))
[reward_only] iter 50/50 [OK ] reward= -8.1317  cs_rank(-1 * ts_rank(close, 20) + decay_linear(volume, 10) + zscore(vwap, 60) - cs_rank(abs(close - open)))
[wfo:reward_only] fold 11 winner: cs_rank(-1 * ts_rank(close, 20) + decay_linear(volume, 10))
[wfo:reward_only] fold 11 OOS: Gross_IR=-0.108 Turnover=16.06 Net_IR=-1.409
[wfo:reward_only] fold 12: train 2013-01-01..2017-12-31 -> test 2018-01-01..2018-12-31
[reward_only] iter  0/50 [SEED] reward=-131.7493  rank(-1 * zscore(volume, 20))
[reward_only] iter  1/50 [ERR] reward=    -inf  cs_rank((high - low) / (high + low))
[reward_only] iter  2/50 [OK ] reward=-130.9559  rank(-1 * zscore(volume, 20)) + cs_rank((high - low) / (high + low + 1e-5))
[reward_only] iter  3/50 [OK ] reward=-117.5579  cs_rank((high - low) / (high + low + 1e-5))
[reward_only] iter  4/50 [OK ] reward=-178.7223  cs_rank((high - low) / (high + low + 1e-5) + zscore(close - open, 20))
[reward_only] iter  5/50 [OK ] reward=-178.7513  cs_rank((high - low) / (high + low + 1e-5) + zscore(close - open, 20) * 0.5)
[reward_only] iter  6/50 [OK ] reward=-178.7223  cs_rank((high - low) / (high + low + 1e-5) + zscore(close - open, 20))
[reward_only] iter  7/50 [OK ] reward=-137.6798  cs_rank((high - low) / (high + low + 1e-5) + zscore(close - open, 20)) + cs_rank(volume / (volume + 1e-5))
[reward_only] iter  8/50 [OK ] reward=-178.7223  cs_rank((high - low) / (high + low + 1e-5) + zscore(close - open, 20))
[reward_only] iter  9/50 [OK ] reward=-173.7305  cs_rank((high - low) / (high + low + 1e-5) + zscore(close - open, 20) * cs_rank(volume))
[reward_only] iter 10/50 [OK ] reward=-178.7223  cs_rank((high - low) / (high + low + 1e-5) + zscore(close - open, 20))
[reward_only] iter 11/50 [OK ] reward=-178.8121  cs_rank((high - low) / (high + low + 1e-5) * zscore(close - open, 20))
[reward_only] iter 12/50 [OK ] reward=-158.4739  cs_rank((high - low) / (high + low + 1e-5) * ts_rank(close - open, 20))
[reward_only] iter 13/50 [OK ] reward=-82.5165  cs_rank((high - low) / (high + low + 1e-5) * cs_rank(volume / (volume + 1e-5)))
[reward_only] iter 14/50 [OK ] reward=-68.4914  cs_rank((high - low) / (high + low + 1e-5) * volume)
[reward_only] iter 15/50 [OK ] reward=-68.6416  cs_rank(((high - low) / (high + low + 1e-5) * volume) + (close - open) / (high - low + 1e-5))
[reward_only] iter 16/50 [OK ] reward=-68.4914  cs_rank((high - low) / (high + low + 1e-5) * volume)
[reward_only] iter 17/50 [OK ] reward=-70.4857  cs_rank(((high - low) / (high + low + 1e-5)) * vwap)
[reward_only] iter 18/50 [OK ] reward=-168.5289  cs_rank((close - open) / (high - low + 1e-5) * volume)
[reward_only] iter 19/50 [OK ] reward=-68.4925  cs_rank(((high - low) / (high + low + 1e-5) * volume) + ts_rank(volume, 20))
[reward_only] iter 20/50 [OK ] reward=-102.2967  cs_rank((high - low) / (high + low + 1e-5) * volume * ts_rank(volume, 20))
[reward_only] iter 21/50 [OK ] reward=-40.7611  cs_rank((high - low) / (high + low + 1e-5) * volume * decay_linear(volume, 20))
[reward_only] iter 22/50 [OK ] reward=-97.4806  cs_rank((high - low) / (high + low + 1e-5) * volume * decay_linear(vwap, 20))
[reward_only] iter 23/50 [OK ] reward=-45.4495  cs_rank((high - low) / (high + low + 1e-5) * volume * decay_linear(volume, 20) * ts_rank(close, 20))
[reward_only] iter 24/50 [OK ] reward=-40.7611  cs_rank((high - low) / (high + low + 1e-5) * volume * decay_linear(volume, 20))
[reward_only] iter 25/50 [OK ] reward=-45.4495  cs_rank((high - low) / (high + low + 1e-5) * volume * decay_linear(volume, 20) * ts_rank(close, 20))
[reward_only] iter 26/50 [OK ] reward=-40.7611  cs_rank((high - low) / (high + low + 1e-5) * volume * decay_linear(volume, 20))
[reward_only] iter 27/50 [OK ] reward=-54.0951  cs_rank((high - low) / (high + low + 1e-5) * volume * decay_linear(volume, 20) * zscore(close, 20))
[reward_only] iter 28/50 [OK ] reward=-40.7611  cs_rank((high - low) / (high + low + 1e-5) * volume * decay_linear(volume, 20))
[reward_only] iter 29/50 [OK ] reward=-174.3030  cs_rank(((high - low) / (high + low + 1e-5)) * (vwap - close) * decay_linear(volume, 20))
[reward_only] iter 30/50 [OK ] reward=-40.7611  cs_rank((high - low) / (high + low + 1e-5) * volume * decay_linear(volume, 20))
[reward_only] iter 31/50 [OK ] reward=-38.8695  cs_rank((high - low) / (high + low + 1e-5) * volume * decay_linear(zscore(close, 20), 20))
[reward_only] iter 32/50 [OK ] reward=-61.8845  cs_rank((high - low) / (high + low + 1e-5) * volume * zscore(close, 20))
[reward_only] iter 33/50 [OK ] reward=-112.3114  cs_rank((high - low) / (high + low + 1e-5) * volume * decay_linear(zscore(close, 20), 20) * zscore(volume, 20))
[reward_only] iter 34/50 [OK ] reward=-38.8695  cs_rank((high - low) / (high + low + 1e-5) * volume * decay_linear(zscore(close, 20), 20))
[reward_only] iter 35/50 [OK ] reward=-61.8845  cs_rank((high - low) / (high + low + 1e-5) * volume * zscore(close, 20))
[reward_only] iter 36/50 [OK ] reward=-36.4940  cs_rank((high - low) / (high + low + 1e-5) * volume * decay_linear(zscore(close, 20), 20) * cs_rank(volume))
[reward_only] iter 37/50 [OK ] reward=-38.8695  cs_rank((high - low) / (high + low + 1e-5) * volume * decay_linear(zscore(close, 20), 20))
[reward_only] iter 38/50 [OK ] reward=-61.8845  cs_rank((high - low) / (high + low + 1e-5) * volume * zscore(close, 20))
[reward_only] iter 39/50 [OK ] reward=-37.1259  cs_rank((high - low) / (high + low + 1e-5) * volume * decay_linear(zscore(close, 20), 20) * cs_rank(volume) * ts_rank(close, 20))
[reward_only] iter 40/50 [OK ] reward=-36.4940  cs_rank((high - low) / (high + low + 1e-5) * volume * decay_linear(zscore(close, 20), 20) * cs_rank(volume))
[reward_only] iter 41/50 [OK ] reward=-59.6758  cs_rank((high - low) / (high + low + 1e-5) * volume * zscore(close, 20) * cs_rank(volume))
[reward_only] iter 42/50 [OK ] reward=-38.8695  cs_rank((high - low) / (high + low + 1e-5) * volume * decay_linear(zscore(close, 20), 20))
[reward_only] iter 43/50 [OK ] reward=-38.8695  cs_rank((high - low) / (high + low + 1e-5) * volume * decay_linear(zscore(close, 20), 20))
[reward_only] iter 44/50 [OK ] reward=-59.6758  cs_rank((high - low) / (high + low + 1e-5) * volume * zscore(close, 20) * cs_rank(volume))
[reward_only] iter 45/50 [OK ] reward=-61.8845  cs_rank((high - low) / (high + low + 1e-5) * volume * zscore(close, 20))
[reward_only] iter 46/50 [OK ] reward=-38.0389  cs_rank((high - low) / (high + low + 1e-5) * volume * decay_linear(zscore(close, 20), 20) * cs_rank(volume) * cs_rank(stddev(close, 20)))
[reward_only] iter 47/50 [OK ] reward=-38.8695  cs_rank((high - low) / (high + low + 1e-5) * volume * decay_linear(zscore(close, 20), 20))
[reward_only] iter 48/50 [OK ] reward=-38.8695  cs_rank((high - low) / (high + low + 1e-5) * volume * decay_linear(zscore(close, 20), 20))
[reward_only] iter 49/50 [OK ] reward=-38.8695  cs_rank((high - low) / (high + low + 1e-5) * volume * decay_linear(zscore(close, 20), 20))
[reward_only] iter 50/50 [OK ] reward=-61.8845  cs_rank((high - low) / (high + low + 1e-5) * volume * zscore(close, 20))
[wfo:reward_only] fold 12 winner: cs_rank((high - low) / (high + low + 1e-5) * volume * decay_linear(zscore(close, 20), 20) * cs_rank(volume))
[wfo:reward_only] fold 12 OOS: Gross_IR=0.664 Turnover=63.95 Net_IR=-2.472
[wfo:reward_only] fold 13: train 2014-01-01..2018-12-31 -> test 2019-01-01..2019-12-31
[reward_only] iter  0/50 [SEED] reward=-131.0306  rank(-1 * zscore(volume, 20))
[reward_only] iter  1/50 [ERR] reward=    -inf  cs_rank((close - open) / (high - low))
[reward_only] iter  2/50 [OK ] reward=-131.0306  cs_rank(-1 * zscore(volume, 20))
[reward_only] iter  3/50 [OK ] reward=-174.7678  cs_rank(close - open)
[reward_only] iter  4/50 [OK ] reward=-179.8471  cs_rank(-1 * zscore(close - open, 20))
[reward_only] iter  5/50 [OK ] reward=-176.8759  cs_rank(-1 * zscore(close - open, 20) + 0.5 * cs_rank(volume))
[reward_only] iter  6/50 [OK ] reward=-143.5072  rank(-1 * zscore(volume, 20) + 0.5 * zscore(close - open, 20))
[reward_only] iter  7/50 [OK ] reward=-143.5072  cs_rank(-1 * zscore(volume, 20) + 0.5 * zscore(close - open, 20))
[reward_only] iter  8/50 [OK ] reward=-179.8471  cs_rank(-1 * zscore(close - open, 20))
[reward_only] iter  9/50 [OK ] reward=-158.1508  cs_rank(-1 * zscore(close - open, 20) + zscore(volume, 20))
[reward_only] iter 10/50 [OK ] reward=-107.7617  cs_rank(-1 * zscore(close - open, 20) + zscore(volume, 20) + zscore(close, 20))
[reward_only] iter 11/50 [OK ] reward=-158.1508  cs_rank(-1 * zscore(close - open, 20) + zscore(volume, 20))
[reward_only] iter 12/50 [OK ] reward=-75.4819  cs_rank(-1 * zscore(close - open, 20) + zscore(volume, 20) + zscore(close, 20) + zscore(vwap, 20))
[reward_only] iter 13/50 [OK ] reward=-107.7617  cs_rank(-1 * zscore(close - open, 20) + zscore(volume, 20) + zscore(close, 20))
[reward_only] iter 14/50 [OK ] reward=-107.7617  cs_rank(-1 * zscore(close - open, 20) + zscore(volume, 20) + zscore(close, 20))
[reward_only] iter 15/50 [OK ] reward=-107.7617  cs_rank(-1 * zscore(close - open, 20) + zscore(volume, 20) + zscore(close, 20))
[reward_only] iter 16/50 [OK ] reward=-107.7617  cs_rank(-1 * zscore(close - open, 20) + zscore(volume, 20) + zscore(close, 20))
[reward_only] iter 17/50 [OK ] reward=-75.4819  cs_rank(-1 * zscore(close - open, 20) + zscore(volume, 20) + zscore(close, 20) + zscore(vwap, 20))
[reward_only] iter 18/50 [OK ] reward=-107.7617  cs_rank(-1 * zscore(close - open, 20) + zscore(volume, 20) + zscore(close, 20))
[reward_only] iter 19/50 [OK ] reward=-107.7617  cs_rank(-1 * zscore(close - open, 20) + zscore(volume, 20) + zscore(close, 20))
[reward_only] iter 20/50 [OK ] reward=-107.7617  cs_rank(-1 * zscore(close - open, 20) + zscore(volume, 20) + zscore(close, 20))
[reward_only] iter 21/50 [OK ] reward=-107.7617  cs_rank(-1 * zscore(close - open, 20) + zscore(volume, 20) + zscore(close, 20))
[reward_only] iter 22/50 [OK ] reward=-107.7617  cs_rank(-1 * zscore(close - open, 20) + zscore(volume, 20) + zscore(close, 20))
[reward_only] iter 23/50 [OK ] reward=-107.7617  cs_rank(-1 * zscore(close - open, 20) + zscore(volume, 20) + zscore(close, 20))
[reward_only] iter 24/50 [OK ] reward=-107.7617  cs_rank(-1 * zscore(close - open, 20) + zscore(volume, 20) + zscore(close, 20))
[reward_only] iter 25/50 [OK ] reward=-107.7617  cs_rank(-1 * zscore(close - open, 20) + zscore(volume, 20) + zscore(close, 20))
[reward_only] iter 26/50 [OK ] reward=-107.7617  cs_rank(-1 * zscore(close - open, 20) + zscore(volume, 20) + zscore(close, 20))
[reward_only] iter 27/50 [OK ] reward=-107.7617  cs_rank(-1 * zscore(close - open, 20) + zscore(volume, 20) + zscore(close, 20))
[reward_only] iter 28/50 [OK ] reward=-107.7617  cs_rank(-1 * zscore(close - open, 20) + zscore(volume, 20) + zscore(close, 20))
[reward_only] iter 29/50 [OK ] reward=-107.7617  cs_rank(-1 * zscore(close - open, 20) + zscore(volume, 20) + zscore(close, 20))
[reward_only] iter 30/50 [OK ] reward=-107.7617  cs_rank(-1 * zscore(close - open, 20) + zscore(volume, 20) + zscore(close, 20))
[reward_only] iter 31/50 [OK ] reward=-107.7617  cs_rank(-1 * zscore(close - open, 20) + zscore(volume, 20) + zscore(close, 20))
[reward_only] iter 32/50 [OK ] reward=-107.7617  cs_rank(-1 * zscore(close - open, 20) + zscore(volume, 20) + zscore(close, 20))
[reward_only] iter 33/50 [OK ] reward=-107.7617  cs_rank(-1 * zscore(close - open, 20) + zscore(volume, 20) + zscore(close, 20))
[reward_only] iter 34/50 [OK ] reward=-107.7617  cs_rank(-1 * zscore(close - open, 20) + zscore(volume, 20) + zscore(close, 20))
[reward_only] iter 35/50 [OK ] reward=-107.7617  cs_rank(-1 * zscore(close - open, 20) + zscore(volume, 20) + zscore(close, 20))
[reward_only] iter 36/50 [OK ] reward=-107.7617  cs_rank(-1 * zscore(close - open, 20) + zscore(volume, 20) + zscore(close, 20))
[reward_only] iter 37/50 [OK ] reward=-107.7617  cs_rank(-1 * zscore(close - open, 20) + zscore(volume, 20) + zscore(close, 20))
[reward_only] iter 38/50 [OK ] reward=-107.7617  cs_rank(-1 * zscore(close - open, 20) + zscore(volume, 20) + zscore(close, 20))
[reward_only] iter 39/50 [OK ] reward=-107.7617  cs_rank(-1 * zscore(close - open, 20) + zscore(volume, 20) + zscore(close, 20))
[reward_only] iter 40/50 [OK ] reward=-107.7617  cs_rank(-1 * zscore(close - open, 20) + zscore(volume, 20) + zscore(close, 20))
[reward_only] iter 41/50 [OK ] reward=-107.7617  cs_rank(-1 * zscore(close - open, 20) + zscore(volume, 20) + zscore(close, 20))
[reward_only] iter 42/50 [OK ] reward=-107.7617  cs_rank(-1 * zscore(close - open, 20) + zscore(volume, 20) + zscore(close, 20))
[reward_only] iter 43/50 [OK ] reward=-75.4819  cs_rank(-1 * zscore(close - open, 20) + zscore(volume, 20) + zscore(close, 20) + zscore(vwap, 20))
[reward_only] iter 44/50 [OK ] reward=-107.7617  cs_rank(-1 * zscore(close - open, 20) + zscore(volume, 20) + zscore(close, 20))
[reward_only] iter 45/50 [OK ] reward=-107.7617  cs_rank(-1 * zscore(close - open, 20) + zscore(volume, 20) + zscore(close, 20))
[reward_only] iter 46/50 [OK ] reward=-107.7617  cs_rank(-1 * zscore(close - open, 20) + zscore(volume, 20) + zscore(close, 20))
[reward_only] iter 47/50 [OK ] reward=-107.7617  cs_rank(-1 * zscore(close - open, 20) + zscore(volume, 20) + zscore(close, 20))
[reward_only] iter 48/50 [OK ] reward=-107.7617  cs_rank(-1 * zscore(close - open, 20) + zscore(volume, 20) + zscore(close, 20))
[reward_only] iter 49/50 [OK ] reward=-107.7617  cs_rank(-1 * zscore(close - open, 20) + zscore(volume, 20) + zscore(close, 20))
[reward_only] iter 50/50 [OK ] reward=-75.4819  cs_rank(-1 * zscore(close - open, 20) + zscore(volume, 20) + zscore(close, 20) + zscore(vwap, 20))
[wfo:reward_only] fold 13 winner: cs_rank(-1 * zscore(close - open, 20) + zscore(volume, 20) + zscore(close, 20) + zscore(vwap, 20))
[wfo:reward_only] fold 13 OOS: Gross_IR=-0.318 Turnover=147.94 Net_IR=-9.028
[wfo:reward_only] fold 14: train 2015-01-01..2019-12-31 -> test 2020-01-01..2020-12-31
[reward_only] iter  0/50 [SEED] reward=-130.8925  rank(-1 * zscore(volume, 20))
[reward_only] iter  1/50 [OK ] reward=-180.0094  rank(-1 * zscore(close - open, 20))
[reward_only] iter  2/50 [ERR] reward=    -inf  rank(-1 * zscore(volume / (high - low), 20))
[reward_only] iter  3/50 [OK ] reward=-162.9801  rank(-1 * zscore(volume / (high - low + 1e-5), 20))
[reward_only] iter  4/50 [ERR] reward=    -inf  cs_rank(close / open - 1)
[reward_only] iter  5/50 [OK ] reward=-38.3159  rank(-1 * zscore(decay_linear(volume, 20), 20))
[reward_only] iter  6/50 [ERR] reward=    -inf  rank(-1 * zscore(decay_linear((close - open) / open, 20), 20))
[reward_only] iter  7/50 [OK ] reward=-61.6779  rank(-1 * zscore(decay_linear((close - open) / (open + 1e-5), 20), 20))
[reward_only] iter  8/50 [OK ] reward=-51.4548  rank(-1 * (zscore(decay_linear(volume, 20), 20) + zscore(decay_linear((close - open) / (open + 1e-5), 20), 20)))
[reward_only] iter  9/50 [OK ] reward=-104.3951  rank(-1 * (zscore(decay_linear(volume, 20), 20) + zscore(close - open, 20)))
[reward_only] iter 10/50 [OK ] reward=-74.0916  rank(-1 * (zscore(decay_linear(volume, 20), 20) + zscore(close - open, 20) * cs_rank(stddev(close, 20))))
[reward_only] iter 11/50 [OK ] reward=-104.3951  rank(-1 * (zscore(decay_linear(volume, 20), 20) + zscore(close - open, 20)))
[reward_only] iter 12/50 [OK ] reward=-56.7466  rank(-1 * (zscore(decay_linear(volume, 20), 20) + ts_rank(close - open, 20)))
[reward_only] iter 13/50 [OK ] reward=-60.8639  rank(-1 * (zscore(decay_linear(volume, 20), 20) + ts_rank(abs(close - open), 20)))
[reward_only] iter 14/50 [OK ] reward=-50.5339  rank(-1 * (zscore(decay_linear(volume, 20), 20) + zscore(close, 20)))
[reward_only] iter 15/50 [OK ] reward=-36.0790  rank(-1 * (zscore(decay_linear(volume, 20), 20) + cs_rank(stddev(close, 20))))
[reward_only] iter 16/50 [OK ] reward=-48.9713  rank(-1 * (zscore(decay_linear(volume, 20), 20) + cs_rank(stddev(close, 20)) + cs_rank(abs(close - open))))
[reward_only] iter 17/50 [OK ] reward=-36.0790  rank(-1 * (zscore(decay_linear(volume, 20), 20) + cs_rank(stddev(close, 20))))
[reward_only] iter 18/50 [OK ] reward=-54.5689  rank(-1 * (zscore(decay_linear(volume, 20), 20) + cs_rank(stddev(close, 20)) + ts_rank(high - low, 20)))
[reward_only] iter 19/50 [OK ] reward=-36.0790  rank(-1 * (zscore(decay_linear(volume, 20), 20) + cs_rank(stddev(close, 20))))
[reward_only] iter 20/50 [OK ] reward=-57.5603  rank(-1 * (zscore(decay_linear(volume, 20), 20) + cs_rank(stddev(close, 20)) + cs_rank(vwap - close)))
[reward_only] iter 21/50 [OK ] reward=-36.0790  rank(-1 * (zscore(decay_linear(volume, 20), 20) + cs_rank(stddev(close, 20))))
[reward_only] iter 22/50 [OK ] reward=-57.5603  rank(-1 * (zscore(decay_linear(volume, 20), 20) + cs_rank(stddev(close, 20)) + cs_rank(vwap - close)))
[reward_only] iter 23/50 [OK ] reward=-36.0790  rank(-1 * (zscore(decay_linear(volume, 20), 20) + cs_rank(stddev(close, 20))))
[reward_only] iter 24/50 [OK ] reward=-48.9713  rank(-1 * (zscore(decay_linear(volume, 20), 20) + cs_rank(stddev(close, 20)) + cs_rank(abs(close - open))))
[reward_only] iter 25/50 [OK ] reward=-36.0790  rank(-1 * (zscore(decay_linear(volume, 20), 20) + cs_rank(stddev(close, 20))))
[reward_only] iter 26/50 [OK ] reward=-56.9425  rank(-1 * (zscore(decay_linear(volume, 20), 20) + cs_rank(stddev(close, 20)) + cs_rank(vwap - open)))
[reward_only] iter 27/50 [OK ] reward=-36.0790  rank(-1 * (zscore(decay_linear(volume, 20), 20) + cs_rank(stddev(close, 20))))
[reward_only] iter 28/50 [OK ] reward=-38.7320  rank(-1 * (zscore(decay_linear(volume, 20), 20) + cs_rank(stddev(close, 20)) + ts_rank(vwap, 20)))
[reward_only] iter 29/50 [OK ] reward=-36.0790  rank(-1 * (zscore(decay_linear(volume, 20), 20) + cs_rank(stddev(close, 20))))
[reward_only] iter 30/50 [OK ] reward=-38.7551  rank(-1 * (zscore(decay_linear(volume, 20), 20) + cs_rank(stddev(close, 20)) + cs_rank(high - low)))
[reward_only] iter 31/50 [OK ] reward=-36.0790  rank(-1 * (zscore(decay_linear(volume, 20), 20) + cs_rank(stddev(close, 20))))
[reward_only] iter 32/50 [OK ] reward=-57.5603  rank(-1 * (zscore(decay_linear(volume, 20), 20) + cs_rank(stddev(close, 20)) + cs_rank(vwap - close)))
[reward_only] iter 33/50 [OK ] reward=-36.0790  rank(-1 * (zscore(decay_linear(volume, 20), 20) + cs_rank(stddev(close, 20))))
[reward_only] iter 34/50 [OK ] reward=-39.5800  rank(-1 * (zscore(decay_linear(volume, 20), 20) + cs_rank(stddev(close, 20)) + ts_rank(close, 20)))
[reward_only] iter 35/50 [OK ] reward=-36.0790  rank(-1 * (zscore(decay_linear(volume, 20), 20) + cs_rank(stddev(close, 20))))
[reward_only] iter 36/50 [ERR] reward=    -inf  rank(-1 * (zscore(decay_linear(volume, 20), 20) + cs_rank(stddev(close, 20)) + cs_rank((high - low) / close)))
[reward_only] iter 37/50 [OK ] reward=-49.2501  rank(-1 * (zscore(decay_linear(volume, 20), 20) + cs_rank(stddev(close, 20)) + cs_rank((high - low) / (close + 1e-5))))
[reward_only] iter 38/50 [OK ] reward=-49.2501  rank(-1 * (zscore(decay_linear(volume, 20), 20) + cs_rank(stddev(close, 20)) + cs_rank((high - low) / (close + 1e-5))))
[reward_only] iter 39/50 [OK ] reward=-36.0790  rank(-1 * (zscore(decay_linear(volume, 20), 20) + cs_rank(stddev(close, 20))))
[reward_only] iter 40/50 [OK ] reward=-38.7320  rank(-1 * (zscore(decay_linear(volume, 20), 20) + cs_rank(stddev(close, 20)) + ts_rank(vwap, 20)))
[reward_only] iter 41/50 [OK ] reward=-36.0790  rank(-1 * (zscore(decay_linear(volume, 20), 20) + cs_rank(stddev(close, 20))))
[reward_only] iter 42/50 [OK ] reward=-54.5689  rank(-1 * (zscore(decay_linear(volume, 20), 20) + cs_rank(stddev(close, 20)) + ts_rank(high - low, 20)))
[reward_only] iter 43/50 [OK ] reward=-36.0790  rank(-1 * (zscore(decay_linear(volume, 20), 20) + cs_rank(stddev(close, 20))))
[reward_only] iter 44/50 [ERR] reward=    -inf  rank(-1 * (zscore(decay_linear(volume, 20), 20) + cs_rank(stddev(close, 20)) + cs_rank((high - low) / close)))
[reward_only] iter 45/50 [OK ] reward=-49.2501  rank(-1 * (zscore(decay_linear(volume, 20), 20) + cs_rank(stddev(close, 20)) + cs_rank((high - low) / (close + 1e-5))))
[reward_only] iter 46/50 [OK ] reward=-57.5603  rank(-1 * (zscore(decay_linear(volume, 20), 20) + cs_rank(stddev(close, 20)) + cs_rank(vwap - close)))
[reward_only] iter 47/50 [OK ] reward=-36.0790  rank(-1 * (zscore(decay_linear(volume, 20), 20) + cs_rank(stddev(close, 20))))
[reward_only] iter 48/50 [OK ] reward=-38.7320  rank(-1 * (zscore(decay_linear(volume, 20), 20) + cs_rank(stddev(close, 20)) + ts_rank(vwap, 20)))
[reward_only] iter 49/50 [OK ] reward=-36.0790  rank(-1 * (zscore(decay_linear(volume, 20), 20) + cs_rank(stddev(close, 20))))
[reward_only] iter 50/50 [OK ] reward=-56.9052  rank(-1 * (zscore(decay_linear(volume, 20), 20) + cs_rank(stddev(close, 20)) + cs_rank(close - open)))
[wfo:reward_only] fold 14 winner: rank(-1 * (zscore(decay_linear(volume, 20), 20) + cs_rank(stddev(close, 20))))
[wfo:reward_only] fold 14 OOS: Gross_IR=1.437 Turnover=68.77 Net_IR=-1.151
[wfo:reward_only] fold 15: train 2016-01-01..2020-12-31 -> test 2021-01-01..2021-12-31
[reward_only] iter  0/50 [SEED] reward=-130.7930  rank(-1 * zscore(volume, 20))
[reward_only] iter  1/50 [OK ] reward=-181.7829  cs_rank(zscore(vwap - open, 20))
[reward_only] iter  2/50 [OK ] reward=-164.2919  rank(-1 * zscore(high - low, 20))
[reward_only] iter  3/50 [OK ] reward=-138.0910  rank(-1 * zscore(volume, 20) + rank(-1 * zscore(high - low, 20)))
[reward_only] iter  4/50 [OK ] reward=-139.5644  rank(-1 * zscore(volume, 20) + rank(-1 * zscore(close - open, 20)))
[reward_only] iter  5/50 [OK ] reward=-139.5644  rank(-1 * zscore(volume, 20) + rank(-1 * zscore(close - open, 20)))
[reward_only] iter  6/50 [OK ] reward=-124.9738  rank(-1 * zscore(volume, 20) + rank(-1 * zscore(close, 20)))
[reward_only] iter  7/50 [OK ] reward=-56.2198  rank(-1 * zscore(close, 20) + cs_rank(volume / (vwap + 1e-5)))
[reward_only] iter  8/50 [OK ] reward=-56.4199  rank(-1 * zscore(close, 20) + cs_rank(volume / (vwap + 1e-5)) + decay_linear(close / (vwap + 1e-5), 20))
[reward_only] iter  9/50 [OK ] reward=-56.2198  rank(-1 * zscore(close, 20) + cs_rank(volume / (vwap + 1e-5)))
[reward_only] iter 10/50 [OK ] reward=-56.9799  rank(-1 * zscore(close, 20) + cs_rank(volume / (vwap + 1e-5)) + ts_rank(decay_linear(high - low, 20), 20))
[reward_only] iter 11/50 [OK ] reward=-56.2198  rank(-1 * zscore(close, 20) + cs_rank(volume / (vwap + 1e-5)))
[reward_only] iter 12/50 [OK ] reward=-58.8458  rank(-1 * zscore(close, 20) + cs_rank(volume / (vwap + 1e-5)) + ts_rank(vwap, 20))
[reward_only] iter 13/50 [OK ] reward=-56.2198  rank(-1 * zscore(close, 20) + cs_rank(volume / (vwap + 1e-5)))
[reward_only] iter 14/50 [OK ] reward=-56.9799  rank(-1 * zscore(close, 20) + cs_rank(volume / (vwap + 1e-5)) + ts_rank(decay_linear(high - low, 20), 20))
[reward_only] iter 15/50 [OK ] reward=-56.2198  rank(-1 * zscore(close, 20) + cs_rank(volume / (vwap + 1e-5)))
[reward_only] iter 16/50 [OK ] reward=-67.3043  rank(-1 * zscore(close, 20) + cs_rank(volume / (vwap + 1e-5)) + ts_rank(high - low, 20))
[reward_only] iter 17/50 [OK ] reward=-56.2198  rank(-1 * zscore(close, 20) + cs_rank(volume / (vwap + 1e-5)))
[reward_only] iter 18/50 [OK ] reward=-67.3043  rank(-1 * zscore(close, 20) + cs_rank(volume / (vwap + 1e-5)) + ts_rank(high - low, 20))
[reward_only] iter 19/50 [OK ] reward=-56.2198  rank(-1 * zscore(close, 20) + cs_rank(volume / (vwap + 1e-5)))
[reward_only] iter 20/50 [OK ] reward=-50.8127  rank(-1 * zscore(close, 20) + cs_rank(volume / (vwap + 1e-5)) + ts_rank(close - open, 20))
[reward_only] iter 21/50 [OK ] reward=-50.8127  rank(-1 * zscore(close, 20) + cs_rank(volume / (vwap + 1e-5)) + ts_rank(close - open, 20))
[reward_only] iter 22/50 [OK ] reward=-50.8127  rank(-1 * zscore(close, 20) + cs_rank(volume / (vwap + 1e-5)) + ts_rank(close - open, 20))
[reward_only] iter 23/50 [OK ] reward=-50.8127  rank(-1 * zscore(close, 20) + cs_rank(volume / (vwap + 1e-5)) + ts_rank(close - open, 20))
[reward_only] iter 24/50 [OK ] reward=-50.8127  rank(-1 * zscore(close, 20) + cs_rank(volume / (vwap + 1e-5)) + ts_rank(close - open, 20))
[reward_only] iter 25/50 [OK ] reward=-50.8127  rank(-1 * zscore(close, 20) + cs_rank(volume / (vwap + 1e-5)) + ts_rank(close - open, 20))
[reward_only] iter 26/50 [OK ] reward=-50.8127  rank(-1 * zscore(close, 20) + cs_rank(volume / (vwap + 1e-5)) + ts_rank(close - open, 20))
[reward_only] iter 27/50 [OK ] reward=-50.8127  rank(-1 * zscore(close, 20) + cs_rank(volume / (vwap + 1e-5)) + ts_rank(close - open, 20))
[reward_only] iter 28/50 [OK ] reward=-50.8127  rank(-1 * zscore(close, 20) + cs_rank(volume / (vwap + 1e-5)) + ts_rank(close - open, 20))
[reward_only] iter 29/50 [OK ] reward=-50.8127  rank(-1 * zscore(close, 20) + cs_rank(volume / (vwap + 1e-5)) + ts_rank(close - open, 20))
[reward_only] iter 30/50 [OK ] reward=-50.8127  rank(-1 * zscore(close, 20) + cs_rank(volume / (vwap + 1e-5)) + ts_rank(close - open, 20))
[reward_only] iter 31/50 [OK ] reward=-50.8127  rank(-1 * zscore(close, 20) + cs_rank(volume / (vwap + 1e-5)) + ts_rank(close - open, 20))
[reward_only] iter 32/50 [OK ] reward=-56.2198  rank(-1 * zscore(close, 20) + cs_rank(volume / (vwap + 1e-5)))
[reward_only] iter 33/50 [OK ] reward= -3.5579  rank(-1 * zscore(close, 20) + cs_rank(volume / (vwap + 1e-5)) + ts_rank(close - open, 20) + decay_linear(close, 20))
[reward_only] iter 34/50 [OK ] reward=-50.8127  rank(-1 * zscore(close, 20) + cs_rank(volume / (vwap + 1e-5)) + ts_rank(close - open, 20))
[reward_only] iter 35/50 [OK ] reward=-50.8127  rank(-1 * zscore(close, 20) + cs_rank(volume / (vwap + 1e-5)) + ts_rank(close - open, 20))
[reward_only] iter 36/50 [OK ] reward=-50.8127  rank(-1 * zscore(close, 20) + cs_rank(volume / (vwap + 1e-5)) + ts_rank(close - open, 20))
[reward_only] iter 37/50 [OK ] reward=-50.8127  rank(-1 * zscore(close, 20) + cs_rank(volume / (vwap + 1e-5)) + ts_rank(close - open, 20))
[reward_only] iter 38/50 [OK ] reward=-50.8127  rank(-1 * zscore(close, 20) + cs_rank(volume / (vwap + 1e-5)) + ts_rank(close - open, 20))
[reward_only] iter 39/50 [OK ] reward=-50.8127  rank(-1 * zscore(close, 20) + cs_rank(volume / (vwap + 1e-5)) + ts_rank(close - open, 20))
[reward_only] iter 40/50 [OK ] reward=-50.8127  rank(-1 * zscore(close, 20) + cs_rank(volume / (vwap + 1e-5)) + ts_rank(close - open, 20))
[reward_only] iter 41/50 [OK ] reward=-50.8127  rank(-1 * zscore(close, 20) + cs_rank(volume / (vwap + 1e-5)) + ts_rank(close - open, 20))
[reward_only] iter 42/50 [OK ] reward=-50.8127  rank(-1 * zscore(close, 20) + cs_rank(volume / (vwap + 1e-5)) + ts_rank(close - open, 20))
[reward_only] iter 43/50 [OK ] reward=-50.8127  rank(-1 * zscore(close, 20) + cs_rank(volume / (vwap + 1e-5)) + ts_rank(close - open, 20))
[reward_only] iter 44/50 [OK ] reward=-50.8127  rank(-1 * zscore(close, 20) + cs_rank(volume / (vwap + 1e-5)) + ts_rank(close - open, 20))
[reward_only] iter 45/50 [OK ] reward=-50.8127  rank(-1 * zscore(close, 20) + cs_rank(volume / (vwap + 1e-5)) + ts_rank(close - open, 20))
[reward_only] iter 46/50 [OK ] reward=-50.8127  rank(-1 * zscore(close, 20) + cs_rank(volume / (vwap + 1e-5)) + ts_rank(close - open, 20))
[reward_only] iter 47/50 [OK ] reward=-50.8127  rank(-1 * zscore(close, 20) + cs_rank(volume / (vwap + 1e-5)) + ts_rank(close - open, 20))
[reward_only] iter 48/50 [OK ] reward=-50.8127  rank(-1 * zscore(close, 20) + cs_rank(volume / (vwap + 1e-5)) + ts_rank(close - open, 20))
[reward_only] iter 49/50 [OK ] reward=-50.8127  rank(-1 * zscore(close, 20) + cs_rank(volume / (vwap + 1e-5)) + ts_rank(close - open, 20))
[reward_only] iter 50/50 [OK ] reward=-50.8127  rank(-1 * zscore(close, 20) + cs_rank(volume / (vwap + 1e-5)) + ts_rank(close - open, 20))
[wfo:reward_only] fold 15 winner: rank(-1 * zscore(close, 20) + cs_rank(volume / (vwap + 1e-5)) + ts_rank(close - open, 20) + decay_linear(close, 20))
[wfo:reward_only] fold 15 OOS: Gross_IR=-0.742 Turnover=4.41 Net_IR=-0.894
[wfo:reward_only] fold 16: train 2017-01-01..2021-12-31 -> test 2022-01-01..2022-12-31
[reward_only] iter  0/50 [SEED] reward=-130.9972  rank(-1 * zscore(volume, 20))
[reward_only] iter  1/50 [OK ] reward=-87.5806  cs_rank(-1 * (zscore(volume, 20) + zscore(vwap, 20)))
[reward_only] iter  2/50 [OK ] reward=-183.1286  cs_rank(close / (open + 1e-5))
[reward_only] iter  3/50 [OK ] reward=-122.2130  cs_rank(-1 * (zscore(volume, 20) + zscore(vwap, 20) + zscore(close - open, 20)))
[reward_only] iter  4/50 [OK ] reward=-159.4953  cs_rank(-1 * (zscore(volume, 20) + zscore(close - open, 20)))
[reward_only] iter  5/50 [OK ] reward=-122.2130  cs_rank(-1 * (zscore(volume, 20) + zscore(vwap, 20) + zscore(close - open, 20)))
[reward_only] iter  6/50 [OK ] reward=-115.4955  cs_rank(-1 * (zscore(volume, 20) + zscore(vwap, 20) + zscore(high - low, 20)))
[reward_only] iter  7/50 [OK ] reward=-87.5806  cs_rank(-1 * (zscore(volume, 20) + zscore(vwap, 20)))
[reward_only] iter  8/50 [OK ] reward=-122.2130  cs_rank(-1 * (zscore(volume, 20) + zscore(vwap, 20) + zscore(close - open, 20)))
[reward_only] iter  9/50 [OK ] reward=-122.2130  cs_rank(-1 * (zscore(volume, 20) + zscore(vwap, 20) + zscore(close - open, 20)))
[reward_only] iter 10/50 [OK ] reward=-115.4955  cs_rank(-1 * (zscore(volume, 20) + zscore(vwap, 20) + zscore(high - low, 20)))
[reward_only] iter 11/50 [OK ] reward=-87.5806  cs_rank(-1 * (zscore(volume, 20) + zscore(vwap, 20)))
[reward_only] iter 12/50 [OK ] reward=-180.1247  cs_rank(-1 * (zscore(close, 20) - zscore(open, 20)))
[reward_only] iter 13/50 [OK ] reward=-122.2130  cs_rank(-1 * (zscore(volume, 20) + zscore(vwap, 20) + zscore(close - open, 20)))
[reward_only] iter 14/50 [OK ] reward=-87.5806  cs_rank(-1 * (zscore(volume, 20) + zscore(vwap, 20)))
[reward_only] iter 15/50 [OK ] reward=-137.9748  cs_rank(-1 * (ts_rank(close - open, 20) + zscore(volume, 20)))
[reward_only] iter 16/50 [OK ] reward=-159.4953  cs_rank(-1 * (zscore(volume, 20) + zscore(close - open, 20)))
[reward_only] iter 17/50 [OK ] reward=-68.9027  cs_rank(-1 * (zscore(volume, 20) + zscore(close, 20) + zscore(vwap, 20)))
[reward_only] iter 18/50 [OK ] reward=-55.1967  cs_rank(-1 * (zscore(close, 20) + zscore(vwap, 20) + ts_rank(close, 20)))
[reward_only] iter 19/50 [OK ] reward=-111.2305  cs_rank(-1 * (ts_rank(close, 20) + ts_rank(vwap, 20) + zscore(volume, 20)))
[reward_only] iter 20/50 [OK ] reward=-67.5114  cs_rank(-1 * (zscore(close, 20) + zscore(vwap, 20) + ts_rank(close, 20) + zscore(volume, 20)))
[reward_only] iter 21/50 [OK ] reward=-54.0754  cs_rank(-1 * (zscore(close, 20) + zscore(vwap, 20)))
[reward_only] iter 22/50 [OK ] reward=-16.3490  cs_rank(-1 * (decay_linear(ts_rank(close, 20), 20) + decay_linear(ts_rank(vwap, 20), 20)))
[reward_only] iter 23/50 [OK ] reward=-18.0597  cs_rank(-1 * (decay_linear(ts_rank(close, 20), 20) + decay_linear(ts_rank(vwap, 20), 20) + decay_linear(ts_rank(volume, 20), 20)))
[reward_only] iter 24/50 [OK ] reward=-16.3490  cs_rank(-1 * (decay_linear(ts_rank(close, 20), 20) + decay_linear(ts_rank(vwap, 20), 20)))
[reward_only] iter 25/50 [OK ] reward=-18.0597  cs_rank(-1 * (decay_linear(ts_rank(close, 20), 20) + decay_linear(ts_rank(vwap, 20), 20) + decay_linear(ts_rank(volume, 20), 20)))
[reward_only] iter 26/50 [OK ] reward=-16.3490  cs_rank(-1 * (decay_linear(ts_rank(close, 20), 20) + decay_linear(ts_rank(vwap, 20), 20)))
[reward_only] iter 27/50 [OK ] reward=-18.0597  cs_rank(-1 * (decay_linear(ts_rank(close, 20), 20) + decay_linear(ts_rank(vwap, 20), 20) + decay_linear(ts_rank(volume, 20), 20)))
[reward_only] iter 28/50 [OK ] reward=-109.6135  cs_rank(-1 * (decay_linear(ts_rank(close, 20), 20) + decay_linear(ts_rank(vwap, 20), 20) - zscore(volume, 20)))
[reward_only] iter 29/50 [OK ] reward=-16.3490  cs_rank(-1 * (decay_linear(ts_rank(close, 20), 20) + decay_linear(ts_rank(vwap, 20), 20)))
[reward_only] iter 30/50 [OK ] reward=-72.2164  cs_rank(-1 * (decay_linear(ts_rank(close, 20), 20) + decay_linear(ts_rank(vwap, 20), 20) + ts_rank(volume, 20)))
[reward_only] iter 31/50 [OK ] reward=-72.2164  cs_rank(-1 * (decay_linear(ts_rank(close, 20), 20) + decay_linear(ts_rank(vwap, 20), 20) + ts_rank(volume, 20)))
[reward_only] iter 32/50 [OK ] reward=-16.3490  cs_rank(-1 * (decay_linear(ts_rank(close, 20), 20) + decay_linear(ts_rank(vwap, 20), 20)))
[reward_only] iter 33/50 [OK ] reward=-77.1660  cs_rank(-1 * (decay_linear(ts_rank(close, 20), 20) + decay_linear(ts_rank(vwap, 20), 20) + cs_rank(zscore(volume, 20))))
[reward_only] iter 34/50 [OK ] reward=-16.3490  cs_rank(-1 * (decay_linear(ts_rank(close, 20), 20) + decay_linear(ts_rank(vwap, 20), 20)))
[reward_only] iter 35/50 [OK ] reward=-72.2164  cs_rank(-1 * (decay_linear(ts_rank(close, 20), 20) + decay_linear(ts_rank(vwap, 20), 20) + ts_rank(volume, 20)))
[reward_only] iter 36/50 [OK ] reward=-16.3490  cs_rank(-1 * (decay_linear(ts_rank(close, 20), 20) + decay_linear(ts_rank(vwap, 20), 20)))
[reward_only] iter 37/50 [OK ] reward=-18.0597  cs_rank(-1 * (decay_linear(ts_rank(close, 20), 20) + decay_linear(ts_rank(vwap, 20), 20) + decay_linear(ts_rank(volume, 20), 20)))
[reward_only] iter 38/50 [OK ] reward=-16.3490  cs_rank(-1 * (decay_linear(ts_rank(close, 20), 20) + decay_linear(ts_rank(vwap, 20), 20)))
[reward_only] iter 39/50 [OK ] reward=-72.2164  cs_rank(-1 * (decay_linear(ts_rank(close, 20), 20) + decay_linear(ts_rank(vwap, 20), 20) + ts_rank(volume, 20)))
[reward_only] iter 40/50 [OK ] reward=-16.3490  cs_rank(-1 * (decay_linear(ts_rank(close, 20), 20) + decay_linear(ts_rank(vwap, 20), 20)))
[reward_only] iter 41/50 [OK ] reward=-18.0597  cs_rank(-1 * (decay_linear(ts_rank(close, 20), 20) + decay_linear(ts_rank(vwap, 20), 20) + decay_linear(ts_rank(volume, 20), 20)))
[reward_only] iter 42/50 [OK ] reward=-16.3490  cs_rank(-1 * (decay_linear(ts_rank(close, 20), 20) + decay_linear(ts_rank(vwap, 20), 20)))
[reward_only] iter 43/50 [OK ] reward=-18.0597  cs_rank(-1 * (decay_linear(ts_rank(close, 20), 20) + decay_linear(ts_rank(vwap, 20), 20) + decay_linear(ts_rank(volume, 20), 20)))
[reward_only] iter 44/50 [OK ] reward=-16.3490  cs_rank(-1 * (decay_linear(ts_rank(close, 20), 20) + decay_linear(ts_rank(vwap, 20), 20)))
[reward_only] iter 45/50 [OK ] reward=-24.0706  cs_rank(-1 * (decay_linear(ts_rank(close, 20), 20) + decay_linear(ts_rank(vwap, 20), 20) + cs_rank(volume / (volume + 1e-5))))
[reward_only] iter 46/50 [OK ] reward=-16.3490  cs_rank(-1 * (decay_linear(ts_rank(close, 20), 20) + decay_linear(ts_rank(vwap, 20), 20)))
[reward_only] iter 47/50 [OK ] reward=-18.0597  cs_rank(-1 * (decay_linear(ts_rank(close, 20), 20) + decay_linear(ts_rank(vwap, 20), 20) + decay_linear(ts_rank(volume, 20), 20)))
[reward_only] iter 48/50 [OK ] reward=-16.3490  cs_rank(-1 * (decay_linear(ts_rank(close, 20), 20) + decay_linear(ts_rank(vwap, 20), 20)))
[reward_only] iter 49/50 [OK ] reward=-72.2164  cs_rank(-1 * (decay_linear(ts_rank(close, 20), 20) + decay_linear(ts_rank(vwap, 20), 20) + ts_rank(volume, 20)))
[reward_only] iter 50/50 [OK ] reward=-72.2164  cs_rank(-1 * (decay_linear(ts_rank(close, 20), 20) + decay_linear(ts_rank(vwap, 20), 20) + ts_rank(volume, 20)))
[wfo:reward_only] fold 16 winner: cs_rank(-1 * (decay_linear(ts_rank(close, 20), 20) + decay_linear(ts_rank(vwap, 20), 20)))
[wfo:reward_only] fold 16 OOS: Gross_IR=-0.037 Turnover=30.40 Net_IR=-0.849
[wfo:reward_only] fold 17: train 2018-01-01..2022-12-31 -> test 2023-01-01..2023-12-31
[reward_only] iter  0/50 [SEED] reward=-130.4273  rank(-1 * zscore(volume, 20))
[reward_only] iter  1/50 [OK ] reward=-120.1646  cs_rank(-1 * zscore(volume, 20) + ts_rank(vwap, 20))
[reward_only] iter  2/50 [OK ] reward=-111.5900  cs_rank(-1 * zscore(volume, 20) + ts_rank(vwap, 20) + cs_rank(stddev(close, 20)))
[reward_only] iter  3/50 [OK ] reward=-120.1646  cs_rank(-1 * zscore(volume, 20) + ts_rank(vwap, 20))
[reward_only] iter  4/50 [ERR] reward=    -inf  cs_rank(-1 * zscore(volume, 20) + ts_rank(vwap, 20) + cs_rank(stddev(close, 20)) * cs_rank(volume, 20))
[reward_only] iter  5/50 [OK ] reward=-113.5508  cs_rank(-1 * zscore(volume, 20) + ts_rank(vwap, 20) + cs_rank(stddev(close, 20) / (volume + 1e-5)))
[reward_only] iter  6/50 [OK ] reward=-111.5900  cs_rank(-1 * zscore(volume, 20) + ts_rank(vwap, 20) + cs_rank(stddev(close, 20)))
[reward_only] iter  7/50 [OK ] reward=-120.1646  cs_rank(-1 * zscore(volume, 20) + ts_rank(vwap, 20))
[reward_only] iter  8/50 [ERR] reward=    -inf  cs_rank(-1 * zscore(volume, 20) + ts_rank(vwap, 20) + cs_rank(stddev(close, 20) * cs_rank(volume, 20)))
[reward_only] iter  9/50 [ERR] reward=    -inf  cs_rank(-1 * zscore(volume, 20) + ts_rank(vwap, 20) + cs_rank(stddev(close, 20) * cs_rank(volume, 20)))
[reward_only] iter 10/50 [OK ] reward=-107.5484  cs_rank(-1 * zscore(volume, 20) + ts_rank(vwap, 20) + cs_rank(stddev(close, 20) * ts_rank(volume, 20)))
[reward_only] iter 11/50 [OK ] reward=-63.4769  cs_rank(-1 * zscore(volume, 20) + ts_rank(vwap, 20) + stddev(close, 20) * ts_rank(volume, 20))
[reward_only] iter 12/50 [OK ] reward=-120.1646  cs_rank(-1 * zscore(volume, 20) + ts_rank(vwap, 20))
[reward_only] iter 13/50 [ERR] reward=    -inf  cs_rank(-1 * zscore(volume, 20) + ts_rank(vwap, 20) + stddev(close, 20) * cs_rank(volume, 20))
[reward_only] iter 14/50 [OK ] reward=-63.4769  cs_rank(-1 * zscore(volume, 20) + ts_rank(vwap, 20) + stddev(close, 20) * ts_rank(volume, 20))
[reward_only] iter 15/50 [OK ] reward=-75.8971  cs_rank(ts_rank(vwap, 20) + stddev(close, 20) * ts_rank(volume, 20))
[reward_only] iter 16/50 [OK ] reward=-37.6384  cs_rank(-1 * zscore(close, 20) + ts_rank(vwap, 20) + stddev(volume, 20) * ts_rank(close, 20))
[reward_only] iter 17/50 [OK ] reward=-37.7885  cs_rank(-1 * zscore(close, 20) + ts_rank(vwap, 20) + stddev(volume, 20) * ts_rank(close, 20) + cs_rank(stddev(close, 20)))
[reward_only] iter 18/50 [OK ] reward=-37.6384  cs_rank(-1 * zscore(close, 20) + ts_rank(vwap, 20) + stddev(volume, 20) * ts_rank(close, 20))
[reward_only] iter 19/50 [ERR] reward=    -inf  cs_rank(-1 * zscore(close, 20) + ts_rank(vwap, 20) + stddev(volume, 20) * cs_rank(close, 20))
[reward_only] iter 20/50 [OK ] reward=-37.6384  cs_rank(-1 * zscore(close, 20) + ts_rank(vwap, 20) + stddev(volume, 20) * ts_rank(close, 20))
[reward_only] iter 21/50 [OK ] reward= -8.8651  cs_rank(-1 * zscore(close, 20) + ts_rank(vwap, 20) + stddev(volume, 20))
[reward_only] iter 22/50 [OK ] reward= -4.6990  cs_rank(-1 * zscore(close, 20) + ts_rank(vwap, 20) + decay_linear(stddev(volume, 20), 20))
[reward_only] iter 23/50 [OK ] reward= -4.6990  cs_rank(-1 * zscore(close, 20) + ts_rank(vwap, 20) + decay_linear(stddev(volume, 20), 20))
[reward_only] iter 24/50 [OK ] reward= -8.8651  cs_rank(-1 * zscore(close, 20) + ts_rank(vwap, 20) + stddev(volume, 20))
[reward_only] iter 25/50 [OK ] reward= -4.8990  cs_rank(-1 * zscore(close, 20) + ts_rank(vwap, 20) + decay_linear(stddev(volume, 20), 20) + cs_rank(volume / (volume + 1e-5)))
[reward_only] iter 26/50 [OK ] reward= -4.6990  cs_rank(-1 * zscore(close, 20) + ts_rank(vwap, 20) + decay_linear(stddev(volume, 20), 20))
[reward_only] iter 27/50 [OK ] reward= -8.8651  cs_rank(-1 * zscore(close, 20) + ts_rank(vwap, 20) + stddev(volume, 20))
[reward_only] iter 28/50 [OK ] reward= -4.7990  cs_rank(-1 * zscore(close, 20) + ts_rank(vwap, 20) + decay_linear(stddev(volume, 20), 20) + cs_rank(volume))
[reward_only] iter 29/50 [OK ] reward= -4.6990  cs_rank(-1 * zscore(close, 20) + ts_rank(vwap, 20) + decay_linear(stddev(volume, 20), 20))
[reward_only] iter 30/50 [OK ] reward= -4.6990  cs_rank(-1 * zscore(close, 20) + ts_rank(vwap, 20) + decay_linear(stddev(volume, 20), 20))
[reward_only] iter 31/50 [OK ] reward=-64.3210  cs_rank(-1 * zscore(close, 20) + ts_rank(vwap, 20))
[reward_only] iter 32/50 [OK ] reward= -4.6990  cs_rank(-1 * zscore(close, 20) + ts_rank(vwap, 20) + decay_linear(stddev(volume, 20), 20))
[reward_only] iter 33/50 [OK ] reward=-64.3210  cs_rank(-1 * zscore(close, 20) + ts_rank(vwap, 20))
[reward_only] iter 34/50 [OK ] reward=-58.6247  cs_rank(-1 * zscore(close, 20) + ts_rank(vwap, 20) + cs_rank(stddev(volume, 20)))
[reward_only] iter 35/50 [OK ] reward= -8.8651  cs_rank(-1 * zscore(close, 20) + ts_rank(vwap, 20) + stddev(volume, 20))
[reward_only] iter 36/50 [OK ] reward= -4.8490  cs_rank(-1 * zscore(close, 20) + ts_rank(vwap, 20) + decay_linear(stddev(volume, 20), 20) + cs_rank(vwap - close))
[reward_only] iter 37/50 [OK ] reward= -4.6990  cs_rank(-1 * zscore(close, 20) + ts_rank(vwap, 20) + decay_linear(stddev(volume, 20), 20))
[reward_only] iter 38/50 [OK ] reward= -4.6990  cs_rank(-1 * zscore(close, 20) + ts_rank(vwap, 20) + decay_linear(stddev(volume, 20), 20))
[reward_only] iter 39/50 [OK ] reward=-64.3210  cs_rank(-1 * zscore(close, 20) + ts_rank(vwap, 20))
[reward_only] iter 40/50 [OK ] reward= -4.8990  cs_rank(-1 * zscore(close, 20) + ts_rank(vwap, 20) + decay_linear(stddev(volume, 20), 20) + cs_rank(abs(close - open)))
[reward_only] iter 41/50 [OK ] reward= -4.8989  cs_rank(-1 * zscore(close, 20) + ts_rank(vwap, 20) + decay_linear(stddev(volume, 20), 20) - cs_rank(abs(close - open)))
[reward_only] iter 42/50 [OK ] reward= -4.6990  cs_rank(-1 * zscore(close, 20) + ts_rank(vwap, 20) + decay_linear(stddev(volume, 20), 20))
[reward_only] iter 43/50 [OK ] reward= -4.6990  cs_rank(-1 * zscore(close, 20) + ts_rank(vwap, 20) + decay_linear(stddev(volume, 20), 20))
[reward_only] iter 44/50 [OK ] reward= -8.8651  cs_rank(-1 * zscore(close, 20) + ts_rank(vwap, 20) + stddev(volume, 20))
[reward_only] iter 45/50 [OK ] reward= -4.7990  cs_rank(-1 * zscore(close, 20) + ts_rank(vwap, 20) + decay_linear(stddev(volume, 20), 20) + cs_rank(volume))
[reward_only] iter 46/50 [OK ] reward= -4.6990  cs_rank(-1 * zscore(close, 20) + ts_rank(vwap, 20) + decay_linear(stddev(volume, 20), 20))
[reward_only] iter 47/50 [OK ] reward=-64.3210  cs_rank(-1 * zscore(close, 20) + ts_rank(vwap, 20))
[reward_only] iter 48/50 [OK ] reward=-55.6728  cs_rank(-1 * zscore(close, 20) + ts_rank(vwap, 20) + decay_linear(stddev(volume, 20), 20) * cs_rank(high - low))
[reward_only] iter 49/50 [OK ] reward= -4.6990  cs_rank(-1 * zscore(close, 20) + ts_rank(vwap, 20) + decay_linear(stddev(volume, 20), 20))
[reward_only] iter 50/50 [OK ] reward=-64.3210  cs_rank(-1 * zscore(close, 20) + ts_rank(vwap, 20))
[wfo:reward_only] fold 17 winner: cs_rank(-1 * zscore(close, 20) + ts_rank(vwap, 20) + decay_linear(stddev(volume, 20), 20))
[wfo:reward_only] fold 17 OOS: Gross_IR=2.317 Turnover=9.83 Net_IR=1.863
[wfo:reward_only] fold 18: train 2019-01-01..2023-12-31 -> test 2024-01-01..2024-12-31
[reward_only] iter  0/50 [SEED] reward=-130.7568  rank(-1 * zscore(volume, 20))
[reward_only] iter  1/50 [OK ] reward=-159.1997  rank(-1 * (zscore(volume, 20) + zscore(close - open, 20)))
[reward_only] iter  2/50 [OK ] reward=-157.0522  rank(-1 * (zscore(volume, 20) + zscore(abs(close - open), 20)))
[reward_only] iter  3/50 [OK ] reward=-160.6340  rank(-1 * (zscore(volume, 20) + zscore(abs(close - open), 20) + zscore(high - low, 20)))
[reward_only] iter  4/50 [OK ] reward=-157.0522  rank(-1 * (zscore(volume, 20) + zscore(abs(close - open), 20)))
[reward_only] iter  5/50 [OK ] reward=-161.3626  rank(-1 * (zscore(volume, 20) + zscore(abs(close - open), 20) + zscore(close - vwap, 20)))
[reward_only] iter  6/50 [OK ] reward=-158.4660  rank(-1 * (zscore(volume, 20) + zscore(close - vwap, 20)))
[reward_only] iter  7/50 [OK ] reward=-144.5621  rank(-1 * (zscore(volume, 20) + zscore(close - vwap, 20) + decay_linear(close - open, 20)))
[reward_only] iter  8/50 [OK ] reward=-160.8538  rank(-1 * zscore(volume, 20) + zscore(close - open, 20))
[reward_only] iter  9/50 [OK ] reward=-169.5510  rank(-1 * zscore(volume, 20) + zscore(close - open, 20) + zscore(high - low, 20))
[reward_only] iter 10/50 [OK ] reward=-160.8538  rank(-1 * zscore(volume, 20) + zscore(close - open, 20))
[reward_only] iter 11/50 [OK ] reward=-169.5510  rank(-1 * zscore(volume, 20) + zscore(close - open, 20) + zscore(high - low, 20))
[reward_only] iter 12/50 [OK ] reward=-89.4226  rank(-1 * zscore(volume, 20) + zscore(close, 20))
[reward_only] iter 13/50 [OK ] reward=-85.9969  rank(-1 * zscore(volume, 20) + zscore(close, 20) + cs_rank(stddev(close, 20)))
[reward_only] iter 14/50 [OK ] reward=-89.4226  rank(-1 * zscore(volume, 20) + zscore(close, 20))
[reward_only] iter 15/50 [OK ] reward=-79.9568  rank(-1 * zscore(volume, 20) + zscore(close, 20) + cs_rank(stddev(close, 20)) + ts_rank(vwap, 20))
[reward_only] iter 16/50 [OK ] reward=-85.9969  rank(-1 * zscore(volume, 20) + zscore(close, 20) + cs_rank(stddev(close, 20)))
[reward_only] iter 17/50 [OK ] reward=-79.9568  rank(-1 * zscore(volume, 20) + zscore(close, 20) + cs_rank(stddev(close, 20)) + ts_rank(vwap, 20))
[reward_only] iter 18/50 [OK ] reward=-79.9568  rank(-1 * zscore(volume, 20) + zscore(close, 20) + cs_rank(stddev(close, 20)) + ts_rank(vwap, 20))
[reward_only] iter 19/50 [OK ] reward=-85.9969  rank(-1 * zscore(volume, 20) + zscore(close, 20) + cs_rank(stddev(close, 20)))
[reward_only] iter 20/50 [OK ] reward=-79.9568  rank(-1 * zscore(volume, 20) + zscore(close, 20) + cs_rank(stddev(close, 20)) + ts_rank(vwap, 20))
[reward_only] iter 21/50 [OK ] reward=-85.9969  rank(-1 * zscore(volume, 20) + zscore(close, 20) + cs_rank(stddev(close, 20)))
[reward_only] iter 22/50 [OK ] reward=-79.9568  rank(-1 * zscore(volume, 20) + zscore(close, 20) + cs_rank(stddev(close, 20)) + ts_rank(vwap, 20))
[reward_only] iter 23/50 [OK ] reward=-79.9568  rank(-1 * zscore(volume, 20) + zscore(close, 20) + cs_rank(stddev(close, 20)) + ts_rank(vwap, 20))
[reward_only] iter 24/50 [OK ] reward=-85.9969  rank(-1 * zscore(volume, 20) + zscore(close, 20) + cs_rank(stddev(close, 20)))
[reward_only] iter 25/50 [OK ] reward=-81.1731  rank(-1 * zscore(volume, 20) + zscore(close, 20) + cs_rank(stddev(close, 20)) + ts_rank(close, 20))
[reward_only] iter 26/50 [OK ] reward=-85.9969  rank(-1 * zscore(volume, 20) + zscore(close, 20) + cs_rank(stddev(close, 20)))
[reward_only] iter 27/50 [OK ] reward=-55.8946  rank(zscore(close, 20) + cs_rank(stddev(close, 20)) + ts_rank(vwap, 20))
[reward_only] iter 28/50 [OK ] reward=-57.6158  rank(zscore(close, 20) + cs_rank(stddev(close, 20)) + ts_rank(vwap, 20) + cs_rank(volume / (volume + 1e-5)))
[reward_only] iter 29/50 [OK ] reward=-57.6158  rank(zscore(close, 20) + cs_rank(stddev(close, 20)) + ts_rank(vwap, 20) + cs_rank(volume / (volume + 1e-5)))
[reward_only] iter 30/50 [OK ] reward=-55.8946  rank(zscore(close, 20) + cs_rank(stddev(close, 20)) + ts_rank(vwap, 20))
[reward_only] iter 31/50 [OK ] reward=-56.9870  rank(zscore(close, 20) + cs_rank(volume) + ts_rank(vwap, 20))
[reward_only] iter 32/50 [OK ] reward=-23.6920  rank(cs_rank(stddev(close, 20)) + ts_rank(vwap, 20) + decay_linear(zscore(close, 20), 20))
[reward_only] iter 33/50 [ERR] reward=    -inf  rank(cs_rank(stddev(close, 20)) + ts_rank((close - open) / (high - low), 20) + decay_linear(zscore(volume, 20), 20))
[reward_only] iter 34/50 [OK ] reward=-85.9676  rank(cs_rank(stddev(close, 20)) + ts_rank((close - open) / (high - low + 1e-5), 20) + decay_linear(zscore(volume, 20), 20))
[reward_only] iter 35/50 [OK ] reward=-23.6920  rank(cs_rank(stddev(close, 20)) + ts_rank(vwap, 20) + decay_linear(zscore(close, 20), 20))
[reward_only] iter 36/50 [OK ] reward=-84.5627  rank(cs_rank(stddev(close, 20)) + ts_rank(close - open, 20) + decay_linear(zscore(volume, 20), 20))
[reward_only] iter 37/50 [OK ] reward=-116.0565  rank(cs_rank(stddev(close, 20)) + ts_rank(vwap, 20) + zscore(volume, 20))
[reward_only] iter 38/50 [OK ] reward=-160.3003  rank(cs_rank(stddev(close, 20)) + ts_rank(vwap, 20) + zscore(close - open, 20))
[reward_only] iter 39/50 [OK ] reward=-43.9665  rank(cs_rank(stddev(close, 20)) + ts_rank(vwap, 20) + decay_linear(zscore(close, 20), 20) - cs_rank(zscore(volume, 20)))
[reward_only] iter 40/50 [OK ] reward=-23.6920  rank(cs_rank(stddev(close, 20)) + ts_rank(vwap, 20) + decay_linear(zscore(close, 20), 20))
[reward_only] iter 41/50 [OK ] reward=-26.5202  rank(cs_rank(stddev(close, 20)) + ts_rank(vwap, 20) + decay_linear(zscore(close, 20), 20) + cs_rank(volume / (volume + 1e-5)))
[reward_only] iter 42/50 [OK ] reward=-23.6920  rank(cs_rank(stddev(close, 20)) + ts_rank(vwap, 20) + decay_linear(zscore(close, 20), 20))
[reward_only] iter 43/50 [ERR] reward=    -inf  rank(cs_rank(stddev(close, 20)) + ts_rank(vwap, 20) + decay_linear(zscore(close, 20), 20) + cs_rank((close - open) / close))
[reward_only] iter 44/50 [OK ] reward=-57.7014  rank(cs_rank(stddev(close, 20)) + ts_rank(vwap, 20) + decay_linear(zscore(close, 20), 20) + cs_rank((close - open) / (close + 1e-5)))
[reward_only] iter 45/50 [OK ] reward=-23.6920  rank(cs_rank(stddev(close, 20)) + ts_rank(vwap, 20) + decay_linear(zscore(close, 20), 20))
[reward_only] iter 46/50 [OK ] reward=-76.8835  rank(cs_rank(close - open) + ts_rank(volume, 20) + decay_linear(zscore(close, 20), 20))
[reward_only] iter 47/50 [OK ] reward=-26.1925  rank(cs_rank(stddev(close, 20)) + ts_rank(vwap, 20) + decay_linear(zscore(close, 20), 20) + cs_rank(high - low))
[reward_only] iter 48/50 [OK ] reward=-23.6920  rank(cs_rank(stddev(close, 20)) + ts_rank(vwap, 20) + decay_linear(zscore(close, 20), 20))
[reward_only] iter 49/50 [OK ] reward=-29.0024  rank(cs_rank(stddev(close, 20)) + ts_rank(zscore(vwap, 20), 20) + decay_linear(zscore(close, 20), 20))
[reward_only] iter 50/50 [OK ] reward=-30.9755  rank(cs_rank(stddev(close, 20)) + ts_rank(zscore(close, 20), 20) + decay_linear(zscore(close, 20), 20))
[wfo:reward_only] fold 18 winner: rank(cs_rank(stddev(close, 20)) + ts_rank(vwap, 20) + decay_linear(zscore(close, 20), 20))
[wfo:reward_only] fold 18 OOS: Gross_IR=0.369 Turnover=41.64 Net_IR=-1.042
[wfo:reward_only] fold 19: train 2020-01-01..2024-12-31 -> test 2025-01-01..2025-12-31
[reward_only] iter  0/50 [SEED] reward=-130.6162  rank(-1 * zscore(volume, 20))
[reward_only] iter  1/50 [OK ] reward=-120.5494  cs_rank(-1 * zscore(volume, 20) + ts_rank(close, 20))
[reward_only] iter  2/50 [OK ] reward=-74.7862  cs_rank(-1 * zscore(volume, 20) + ts_rank(close, 20) + zscore(stddev(close, 20), 20))
[reward_only] iter  3/50 [OK ] reward=-120.5494  cs_rank(-1 * zscore(volume, 20) + ts_rank(close, 20))
[reward_only] iter  4/50 [ERR] reward=    -inf  cs_rank(-1 * zscore(volume, 20) + ts_rank(close, 20) + zscore(stddev(close, 20), 20) + cs_rank(vwap, 20))
[reward_only] iter  5/50 [OK ] reward=-73.4169  cs_rank(-1 * zscore(volume, 20) + ts_rank(close, 20) + zscore(stddev(close, 20), 20) + cs_rank(vwap))
[reward_only] iter  6/50 [OK ] reward=-74.7862  cs_rank(-1 * zscore(volume, 20) + ts_rank(close, 20) + zscore(stddev(close, 20), 20))
[reward_only] iter  7/50 [OK ] reward=-74.7862  cs_rank(-1 * zscore(volume, 20) + ts_rank(close, 20) + zscore(stddev(close, 20), 20))
[reward_only] iter  8/50 [OK ] reward=-111.4810  cs_rank(-1 * zscore(volume, 20) + ts_rank(close, 20) + cs_rank(vwap))
[reward_only] iter  9/50 [OK ] reward=-70.4253  cs_rank(-1 * zscore(volume, 20) + ts_rank(close, 20) + zscore(stddev(close, 20), 20) + cs_rank(vwap) + ts_rank(decay_linear(close, 20), 20))
[reward_only] iter 10/50 [OK ] reward=-71.6499  cs_rank(-1 * zscore(volume, 20) + ts_rank(close, 20) + zscore(stddev(close, 20), 20) + ts_rank(decay_linear(close, 20), 20))
[reward_only] iter 11/50 [OK ] reward=-71.6499  cs_rank(-1 * zscore(volume, 20) + ts_rank(close, 20) + zscore(stddev(close, 20), 20) + ts_rank(decay_linear(close, 20), 20))
[reward_only] iter 12/50 [OK ] reward=-73.4169  cs_rank(-1 * zscore(volume, 20) + ts_rank(close, 20) + zscore(stddev(close, 20), 20) + cs_rank(vwap))
[reward_only] iter 13/50 [OK ] reward=-71.6499  cs_rank(-1 * zscore(volume, 20) + ts_rank(close, 20) + zscore(stddev(close, 20), 20) + ts_rank(decay_linear(close, 20), 20))
[reward_only] iter 14/50 [OK ] reward=-71.6499  cs_rank(-1 * zscore(volume, 20) + ts_rank(close, 20) + zscore(stddev(close, 20), 20) + ts_rank(decay_linear(close, 20), 20))
[reward_only] iter 15/50 [OK ] reward=-71.6499  cs_rank(-1 * zscore(volume, 20) + ts_rank(close, 20) + zscore(stddev(close, 20), 20) + ts_rank(decay_linear(close, 20), 20))
[reward_only] iter 16/50 [OK ] reward=-71.6499  cs_rank(-1 * zscore(volume, 20) + ts_rank(close, 20) + zscore(stddev(close, 20), 20) + ts_rank(decay_linear(close, 20), 20))
[reward_only] iter 17/50 [OK ] reward=-73.4169  cs_rank(-1 * zscore(volume, 20) + ts_rank(close, 20) + zscore(stddev(close, 20), 20) + cs_rank(vwap))
[reward_only] iter 18/50 [OK ] reward=-73.4169  cs_rank(-1 * zscore(volume, 20) + ts_rank(close, 20) + zscore(stddev(close, 20), 20) + cs_rank(vwap))
[reward_only] iter 19/50 [OK ] reward=-71.6499  cs_rank(-1 * zscore(volume, 20) + ts_rank(close, 20) + zscore(stddev(close, 20), 20) + ts_rank(decay_linear(close, 20), 20))
[reward_only] iter 20/50 [OK ] reward=-71.6499  cs_rank(-1 * zscore(volume, 20) + ts_rank(close, 20) + zscore(stddev(close, 20), 20) + ts_rank(decay_linear(close, 20), 20))
[reward_only] iter 21/50 [OK ] reward=-71.6499  cs_rank(-1 * zscore(volume, 20) + ts_rank(close, 20) + zscore(stddev(close, 20), 20) + ts_rank(decay_linear(close, 20), 20))
[reward_only] iter 22/50 [OK ] reward=-71.6499  cs_rank(-1 * zscore(volume, 20) + ts_rank(close, 20) + zscore(stddev(close, 20), 20) + ts_rank(decay_linear(close, 20), 20))
[reward_only] iter 23/50 [OK ] reward=-71.6499  cs_rank(-1 * zscore(volume, 20) + ts_rank(close, 20) + zscore(stddev(close, 20), 20) + ts_rank(decay_linear(close, 20), 20))
[reward_only] iter 24/50 [OK ] reward=-71.6499  cs_rank(-1 * zscore(volume, 20) + ts_rank(close, 20) + zscore(stddev(close, 20), 20) + ts_rank(decay_linear(close, 20), 20))
[reward_only] iter 25/50 [OK ] reward=-71.6499  cs_rank(-1 * zscore(volume, 20) + ts_rank(close, 20) + zscore(stddev(close, 20), 20) + ts_rank(decay_linear(close, 20), 20))
[reward_only] iter 26/50 [OK ] reward=-73.4169  cs_rank(-1 * zscore(volume, 20) + ts_rank(close, 20) + zscore(stddev(close, 20), 20) + cs_rank(vwap))
[reward_only] iter 27/50 [OK ] reward=-71.6499  cs_rank(-1 * zscore(volume, 20) + ts_rank(close, 20) + zscore(stddev(close, 20), 20) + ts_rank(decay_linear(close, 20), 20))
[reward_only] iter 28/50 [OK ] reward=-73.4169  cs_rank(-1 * zscore(volume, 20) + ts_rank(close, 20) + zscore(stddev(close, 20), 20) + cs_rank(vwap))
[reward_only] iter 29/50 [OK ] reward=-71.6499  cs_rank(-1 * zscore(volume, 20) + ts_rank(close, 20) + zscore(stddev(close, 20), 20) + ts_rank(decay_linear(close, 20), 20))
[reward_only] iter 30/50 [OK ] reward=-71.6499  cs_rank(-1 * zscore(volume, 20) + ts_rank(close, 20) + zscore(stddev(close, 20), 20) + ts_rank(decay_linear(close, 20), 20))
[reward_only] iter 31/50 [OK ] reward=-71.6499  cs_rank(-1 * zscore(volume, 20) + ts_rank(close, 20) + zscore(stddev(close, 20), 20) + ts_rank(decay_linear(close, 20), 20))
[reward_only] iter 32/50 [OK ] reward=-71.6499  cs_rank(-1 * zscore(volume, 20) + ts_rank(close, 20) + zscore(stddev(close, 20), 20) + ts_rank(decay_linear(close, 20), 20))
[reward_only] iter 33/50 [OK ] reward=-71.6499  cs_rank(-1 * zscore(volume, 20) + ts_rank(close, 20) + zscore(stddev(close, 20), 20) + ts_rank(decay_linear(close, 20), 20))
[reward_only] iter 34/50 [OK ] reward=-71.6499  cs_rank(-1 * zscore(volume, 20) + ts_rank(close, 20) + zscore(stddev(close, 20), 20) + ts_rank(decay_linear(close, 20), 20))
[reward_only] iter 35/50 [OK ] reward=-71.6499  cs_rank(-1 * zscore(volume, 20) + ts_rank(close, 20) + zscore(stddev(close, 20), 20) + ts_rank(decay_linear(close, 20), 20))
[reward_only] iter 36/50 [OK ] reward=-72.4235  cs_rank(-1 * zscore(volume, 20) + ts_rank(close, 20) + zscore(stddev(close, 20), 20) + cs_rank(vwap) + ts_rank(close, 20))
[reward_only] iter 37/50 [OK ] reward=-70.4253  cs_rank(-1 * zscore(volume, 20) + ts_rank(close, 20) + zscore(stddev(close, 20), 20) + cs_rank(vwap) + ts_rank(decay_linear(close, 20), 20))
[reward_only] iter 38/50 [OK ] reward=-71.6499  cs_rank(-1 * zscore(volume, 20) + ts_rank(close, 20) + zscore(stddev(close, 20), 20) + ts_rank(decay_linear(close, 20), 20))
[reward_only] iter 39/50 [OK ] reward=-71.6499  cs_rank(-1 * zscore(volume, 20) + ts_rank(close, 20) + zscore(stddev(close, 20), 20) + ts_rank(decay_linear(close, 20), 20))
[reward_only] iter 40/50 [OK ] reward=-71.6499  cs_rank(-1 * zscore(volume, 20) + ts_rank(close, 20) + zscore(stddev(close, 20), 20) + ts_rank(decay_linear(close, 20), 20))
[reward_only] iter 41/50 [OK ] reward=-71.6499  cs_rank(-1 * zscore(volume, 20) + ts_rank(close, 20) + zscore(stddev(close, 20), 20) + ts_rank(decay_linear(close, 20), 20))
[reward_only] iter 42/50 [OK ] reward=-71.6499  cs_rank(-1 * zscore(volume, 20) + ts_rank(close, 20) + zscore(stddev(close, 20), 20) + ts_rank(decay_linear(close, 20), 20))
[reward_only] iter 43/50 [OK ] reward=-71.6499  cs_rank(-1 * zscore(volume, 20) + ts_rank(close, 20) + zscore(stddev(close, 20), 20) + ts_rank(decay_linear(close, 20), 20))
[reward_only] iter 44/50 [OK ] reward=-71.6499  cs_rank(-1 * zscore(volume, 20) + ts_rank(close, 20) + zscore(stddev(close, 20), 20) + ts_rank(decay_linear(close, 20), 20))
[reward_only] iter 45/50 [OK ] reward=-73.4169  cs_rank(-1 * zscore(volume, 20) + ts_rank(close, 20) + zscore(stddev(close, 20), 20) + cs_rank(vwap))
[reward_only] iter 46/50 [OK ] reward=-73.4169  cs_rank(-1 * zscore(volume, 20) + ts_rank(close, 20) + zscore(stddev(close, 20), 20) + cs_rank(vwap))
[reward_only] iter 47/50 [OK ] reward=-71.6499  cs_rank(-1 * zscore(volume, 20) + ts_rank(close, 20) + zscore(stddev(close, 20), 20) + ts_rank(decay_linear(close, 20), 20))
[reward_only] iter 48/50 [OK ] reward=-71.6499  cs_rank(-1 * zscore(volume, 20) + ts_rank(close, 20) + zscore(stddev(close, 20), 20) + ts_rank(decay_linear(close, 20), 20))
[reward_only] iter 49/50 [OK ] reward=-71.6499  cs_rank(-1 * zscore(volume, 20) + ts_rank(close, 20) + zscore(stddev(close, 20), 20) + ts_rank(decay_linear(close, 20), 20))
[reward_only] iter 50/50 [OK ] reward=-71.6499  cs_rank(-1 * zscore(volume, 20) + ts_rank(close, 20) + zscore(stddev(close, 20), 20) + ts_rank(decay_linear(close, 20), 20))
[wfo:reward_only] fold 19 winner: cs_rank(-1 * zscore(volume, 20) + ts_rank(close, 20) + zscore(stddev(close, 20), 20) + cs_rank(vwap) + ts_rank(decay_linear(close, 20), 20))
[wfo:reward_only] fold 19 OOS: Gross_IR=-0.272 Turnover=130.06 Net_IR=-6.036
[wfo:reward_only] fold 20: train 2021-01-01..2025-12-31 -> test 2026-01-01..2026-08-13
[reward_only] iter  0/50 [SEED] reward=-130.8655  rank(-1 * zscore(volume, 20))
[reward_only] iter  1/50 [OK ] reward=-179.6783  rank(-1 * zscore(close - open, 20))
[reward_only] iter  2/50 [OK ] reward=-158.0474  rank(-1 * (zscore(volume, 20) + zscore(close - open, 20)))
[reward_only] iter  3/50 [OK ] reward=-158.0474  cs_rank(-1 * (zscore(volume, 20) + zscore(close - open, 20)))
[reward_only] iter  4/50 [OK ] reward=-179.3483  rank(-1 * (zscore(close - open, 20) + zscore(vwap - close, 20)))
[reward_only] iter  5/50 [OK ] reward=-158.0474  rank(-1 * (zscore(close - open, 20) + zscore(volume, 20)))
[reward_only] iter  6/50 [OK ] reward=-127.1876  cs_rank(-1 * (decay_linear(zscore(close - open, 20), 20) + zscore(volume, 20)))
[reward_only] iter  7/50 [OK ] reward=-118.0841  cs_rank(-1 * (decay_linear(zscore(close - open, 20), 20) + zscore(volume, 20) + ts_rank(close, 20)))
[reward_only] iter  8/50 [OK ] reward=-61.1798  cs_rank(-1 * (decay_linear(zscore(close - open, 20), 20) + ts_rank(close, 20)))
[reward_only] iter  9/50 [OK ] reward=-113.0465  cs_rank(-1 * (decay_linear(zscore(close - open, 20), 20) + ts_rank(volume, 20)))
[reward_only] iter 10/50 [OK ] reward=-53.5217  cs_rank(-1 * (decay_linear(zscore(close - open, 20), 20) + ts_rank(close, 20) + cs_rank(volume)))
[reward_only] iter 11/50 [OK ] reward=-61.1798  cs_rank(-1 * (decay_linear(zscore(close - open, 20), 20) + ts_rank(close, 20)))
[reward_only] iter 12/50 [OK ] reward=-53.6222  cs_rank(-1 * (decay_linear(zscore(close - open, 20), 20) + ts_rank(close, 20) + cs_rank(volume / (volume + 1e-5))))
[reward_only] iter 13/50 [OK ] reward=-61.1798  cs_rank(-1 * (decay_linear(zscore(close - open, 20), 20) + ts_rank(close, 20)))
[reward_only] iter 14/50 [OK ] reward=-53.3893  cs_rank(-1 * (decay_linear(zscore(close - vwap, 20), 20) + ts_rank(close, 20) + cs_rank(volume)))
[reward_only] iter 15/50 [OK ] reward=-61.5795  cs_rank(-1 * (decay_linear(zscore(close - vwap, 20), 20) + ts_rank(close, 20)))
[reward_only] iter 16/50 [OK ] reward=-48.1114  cs_rank(-1 * (decay_linear(zscore(close - vwap, 20), 20) + ts_rank(vwap, 20) + cs_rank(volume)))
[reward_only] iter 17/50 [OK ] reward=-54.6224  cs_rank(-1 * (decay_linear(zscore(close - vwap, 20), 20) + ts_rank(vwap, 20)))
[reward_only] iter 18/50 [OK ] reward=-97.4259  cs_rank(-1 * (decay_linear(zscore(close - vwap, 20), 20) + ts_rank(volume, 20) + cs_rank(high - low)))
[reward_only] iter 19/50 [OK ] reward=-48.1114  cs_rank(-1 * (decay_linear(zscore(close - vwap, 20), 20) + ts_rank(vwap, 20) + cs_rank(volume)))
[reward_only] iter 20/50 [OK ] reward=-54.6224  cs_rank(-1 * (decay_linear(zscore(close - vwap, 20), 20) + ts_rank(vwap, 20)))
[reward_only] iter 21/50 [OK ] reward=-107.7994  cs_rank(-1 * (decay_linear(zscore(close - vwap, 20), 20) + cs_rank(volume) + ts_rank(high - low, 20)))
[reward_only] iter 22/50 [OK ] reward=-38.9212  cs_rank(-1 * (decay_linear(zscore(close - vwap, 20), 20) + cs_rank(volume)))
[reward_only] iter 23/50 [OK ] reward=-28.2393  cs_rank(-1 * (decay_linear(ts_rank(close, 20), 20) + cs_rank(volume)))
[reward_only] iter 24/50 [OK ] reward=-19.4553  cs_rank(-1 * (decay_linear(ts_rank(close, 20), 20) + cs_rank(volume / (vwap + 1e-5))))
[reward_only] iter 25/50 [OK ] reward=-19.4553  cs_rank(-1 * (decay_linear(ts_rank(close, 20), 20) + cs_rank(volume / (vwap + 1e-5))))
[reward_only] iter 26/50 [OK ] reward=-46.3413  cs_rank(-1 * (ts_rank(close, 20) + cs_rank(volume / (vwap + 1e-5))))
[reward_only] iter 27/50 [OK ] reward=-19.4553  cs_rank(-1 * (decay_linear(ts_rank(close, 20), 20) + cs_rank(volume / (vwap + 1e-5))))
[reward_only] iter 28/50 [OK ] reward=-19.4553  cs_rank(-1 * (decay_linear(ts_rank(close, 20), 20) + cs_rank(volume / (vwap + 1e-5))))
[reward_only] iter 29/50 [OK ] reward=-19.4553  cs_rank(-1 * (decay_linear(ts_rank(close, 20), 20) + cs_rank(volume / (vwap + 1e-5))))
[reward_only] iter 30/50 [OK ] reward=-19.4553  cs_rank(-1 * (decay_linear(ts_rank(close, 20), 20) + cs_rank(volume / (vwap + 1e-5))))
[reward_only] iter 31/50 [OK ] reward=-19.4553  cs_rank(-1 * (decay_linear(ts_rank(close, 20), 20) + cs_rank(volume / (vwap + 1e-5))))
[reward_only] iter 32/50 [OK ] reward=-19.4553  cs_rank(-1 * (decay_linear(ts_rank(close, 20), 20) + cs_rank(volume / (vwap + 1e-5))))
[reward_only] iter 33/50 [OK ] reward=-19.4553  cs_rank(-1 * (decay_linear(ts_rank(close, 20), 20) + cs_rank(volume / (vwap + 1e-5))))
[reward_only] iter 34/50 [OK ] reward=-107.6526  cs_rank(-1 * (decay_linear(ts_rank(close, 20), 20) + ts_rank(volume / (vwap + 1e-5), 20)))
[reward_only] iter 35/50 [OK ] reward=-19.4553  cs_rank(-1 * (decay_linear(ts_rank(close, 20), 20) + cs_rank(volume / (vwap + 1e-5))))
[reward_only] iter 36/50 [OK ] reward=-19.4553  cs_rank(-1 * (decay_linear(ts_rank(close, 20), 20) + cs_rank(volume / (vwap + 1e-5))))
[reward_only] iter 37/50 [OK ] reward=-19.4553  cs_rank(-1 * (decay_linear(ts_rank(close, 20), 20) + cs_rank(volume / (vwap + 1e-5))))
[reward_only] iter 38/50 [OK ] reward=-46.3413  cs_rank(-1 * (ts_rank(close, 20) + cs_rank(volume / (vwap + 1e-5))))
[reward_only] iter 39/50 [OK ] reward=-46.3413  cs_rank(-1 * (ts_rank(close, 20) + cs_rank(volume / (vwap + 1e-5))))
[reward_only] iter 40/50 [OK ] reward=-19.4553  cs_rank(-1 * (decay_linear(ts_rank(close, 20), 20) + cs_rank(volume / (vwap + 1e-5))))
[reward_only] iter 41/50 [OK ] reward=-19.4553  cs_rank(-1 * (decay_linear(ts_rank(close, 20), 20) + cs_rank(volume / (vwap + 1e-5))))
[reward_only] iter 42/50 [OK ] reward=-19.4553  cs_rank(-1 * (decay_linear(ts_rank(close, 20), 20) + cs_rank(volume / (vwap + 1e-5))))
[reward_only] iter 43/50 [OK ] reward=-19.4553  cs_rank(-1 * (decay_linear(ts_rank(close, 20), 20) + cs_rank(volume / (vwap + 1e-5))))
[reward_only] iter 44/50 [OK ] reward=-46.3413  cs_rank(-1 * (ts_rank(close, 20) + cs_rank(volume / (vwap + 1e-5))))
[reward_only] iter 45/50 [OK ] reward=-24.9258  cs_rank(-1 * (decay_linear(ts_rank(high - low, 20), 20) + cs_rank(volume / (vwap + 1e-5))))
[reward_only] iter 46/50 [OK ] reward=-46.3413  cs_rank(-1 * (ts_rank(close, 20) + cs_rank(volume / (vwap + 1e-5))))
[reward_only] iter 47/50 [ERR] reward=    -inf  cs_rank(-1 * (decay_linear(ts_rank(close, 20), 20) + cs_rank((close - open) / (high - low))))
[reward_only] iter 48/50 [OK ] reward=-113.5278  cs_rank(-1 * (decay_linear(ts_rank(close, 20), 20) + cs_rank(volume / (vwap + 1e-5)) + cs_rank((close - open) / (high - low + 1e-5))))
[reward_only] iter 49/50 [OK ] reward=-19.4553  cs_rank(-1 * (decay_linear(ts_rank(close, 20), 20) + cs_rank(volume / (vwap + 1e-5))))
[reward_only] iter 50/50 [OK ] reward=-46.3413  cs_rank(-1 * (ts_rank(close, 20) + cs_rank(volume / (vwap + 1e-5))))
[wfo:reward_only] fold 20 winner: cs_rank(-1 * (decay_linear(ts_rank(close, 20), 20) + cs_rank(volume / (vwap + 1e-5))))
[wfo:reward_only] fold 20 OOS: Gross_IR=-2.054 Turnover=38.95 Net_IR=-3.129
[run_full_grid] checkpointed grid_summary.csv (4 rows)

==============================================================================
ALPHA=volume (rank(-1 * zscore(volume, 20)))  LLM_SEED=2002
==============================================================================
[LocalQwenClient] seed=2002 main_gpu=0
[wfo:reward_only] fold 0: train 2001-01-01..2005-12-31 -> test 2006-01-01..2006-12-31
[reward_only] iter  0/50 [SEED] reward=-139.2323  rank(-1 * zscore(volume, 20))
[reward_only] iter  1/50 [OK ] reward=-184.3685  cs_rank(close - open)
[reward_only] iter  2/50 [OK ] reward=-165.8679  rank(-1 * (zscore(volume, 20) + zscore(close - open, 20)))
[reward_only] iter  3/50 [OK ] reward=-138.6248  cs_rank(-1 * zscore(volume, 20) + decay_linear(cs_rank(zscore(close - open, 20)), 20))
[reward_only] iter  4/50 [OK ] reward=-147.5706  cs_rank(-1 * zscore(volume, 20) + cs_rank(zscore(close - open, 20)))
[reward_only] iter  5/50 [OK ] reward=-148.1229  cs_rank(-1 * zscore(volume, 20) + decay_linear(cs_rank(zscore(close - open, 20)), 20) + cs_rank(zscore(close - vwap, 20)))
[reward_only] iter  6/50 [OK ] reward=-138.6248  cs_rank(-1 * zscore(volume, 20) + decay_linear(cs_rank(zscore(close - open, 20)), 20))
[reward_only] iter  7/50 [OK ] reward=-147.5706  cs_rank(-1 * zscore(volume, 20) + cs_rank(zscore(close - open, 20)))
[reward_only] iter  8/50 [OK ] reward=-129.8000  cs_rank(-1 * zscore(volume, 20) + decay_linear(cs_rank(zscore(close - open, 20)), 20) + cs_rank(ts_rank(close, 20)))
[reward_only] iter  9/50 [OK ] reward=-138.6248  cs_rank(-1 * zscore(volume, 20) + decay_linear(cs_rank(zscore(close - open, 20)), 20))
[reward_only] iter 10/50 [OK ] reward=-135.1956  cs_rank(-1 * zscore(volume, 20) + decay_linear(zscore(close - open, 20), 20))
[reward_only] iter 11/50 [OK ] reward=-148.6907  cs_rank(-1 * zscore(volume, 20) + decay_linear(cs_rank(zscore(close - open, 20)), 20) + cs_rank(close - vwap))
[reward_only] iter 12/50 [OK ] reward=-138.6248  cs_rank(-1 * zscore(volume, 20) + decay_linear(cs_rank(zscore(close - open, 20)), 20))
[reward_only] iter 13/50 [OK ] reward=-141.3321  cs_rank(-1 * zscore(volume, 20) + cs_rank(zscore(close - open, 20)) + ts_rank(close, 20))
[reward_only] iter 14/50 [OK ] reward=-138.6248  cs_rank(-1 * zscore(volume, 20) + decay_linear(cs_rank(zscore(close - open, 20)), 20))
[reward_only] iter 15/50 [OK ] reward=-74.8385  cs_rank(decay_linear(cs_rank(zscore(close - open, 20)), 20) + cs_rank(ts_rank(close, 20)))
[reward_only] iter 16/50 [OK ] reward=-132.6078  cs_rank(decay_linear(cs_rank(zscore(high - low, 20)), 20) + cs_rank(ts_rank(volume, 20)))
[reward_only] iter 17/50 [OK ] reward=-108.3180  cs_rank(decay_linear(cs_rank(zscore(close - open, 20)), 20) + cs_rank(ts_rank(close, 20)) - cs_rank(ts_rank(volume, 20)))
[reward_only] iter 18/50 [OK ] reward=-74.8385  cs_rank(decay_linear(cs_rank(zscore(close - open, 20)), 20) + cs_rank(ts_rank(close, 20)))
[reward_only] iter 19/50 [OK ] reward=-140.2571  cs_rank(decay_linear(cs_rank(zscore(close - open, 20)), 20) + cs_rank(ts_rank(volume, 20)))
[reward_only] iter 20/50 [OK ] reward=-112.4584  cs_rank(decay_linear(cs_rank(zscore(close - open, 20)), 20) + cs_rank(ts_rank(close, 20)) + cs_rank(zscore(volume, 20)))
[reward_only] iter 21/50 [OK ] reward=-74.8385  cs_rank(decay_linear(cs_rank(zscore(close - open, 20)), 20) + cs_rank(ts_rank(close, 20)))
[reward_only] iter 22/50 [OK ] reward=-140.2571  cs_rank(decay_linear(cs_rank(zscore(close - open, 20)), 20) + cs_rank(ts_rank(volume, 20)))
[reward_only] iter 23/50 [OK ] reward=-112.4584  cs_rank(decay_linear(cs_rank(zscore(close - open, 20)), 20) + cs_rank(ts_rank(close, 20)) + cs_rank(zscore(volume, 20)))
[reward_only] iter 24/50 [OK ] reward=-74.8385  cs_rank(decay_linear(cs_rank(zscore(close - open, 20)), 20) + cs_rank(ts_rank(close, 20)))
[reward_only] iter 25/50 [OK ] reward=-140.2571  cs_rank(decay_linear(cs_rank(zscore(close - open, 20)), 20) + cs_rank(ts_rank(volume, 20)))
[reward_only] iter 26/50 [OK ] reward=-112.4584  cs_rank(decay_linear(cs_rank(zscore(close - open, 20)), 20) + cs_rank(ts_rank(close, 20)) + cs_rank(zscore(volume, 20)))
[reward_only] iter 27/50 [OK ] reward=-74.8385  cs_rank(decay_linear(cs_rank(zscore(close - open, 20)), 20) + cs_rank(ts_rank(close, 20)))
[reward_only] iter 28/50 [OK ] reward=-140.2571  cs_rank(decay_linear(cs_rank(zscore(close - open, 20)), 20) + cs_rank(ts_rank(volume, 20)))
[reward_only] iter 29/50 [OK ] reward=-112.4584  cs_rank(decay_linear(cs_rank(zscore(close - open, 20)), 20) + cs_rank(ts_rank(close, 20)) + cs_rank(zscore(volume, 20)))
[reward_only] iter 30/50 [OK ] reward=-74.8385  cs_rank(decay_linear(cs_rank(zscore(close - open, 20)), 20) + cs_rank(ts_rank(close, 20)))
[reward_only] iter 31/50 [OK ] reward=-140.2571  cs_rank(decay_linear(cs_rank(zscore(close - open, 20)), 20) + cs_rank(ts_rank(volume, 20)))
[reward_only] iter 32/50 [OK ] reward=-102.3936  cs_rank(decay_linear(cs_rank(zscore(close - open, 20)), 20) + cs_rank(ts_rank(volume, 20)) + cs_rank(stddev(close, 20)))
[reward_only] iter 33/50 [OK ] reward=-74.8385  cs_rank(decay_linear(cs_rank(zscore(close - open, 20)), 20) + cs_rank(ts_rank(close, 20)))
[reward_only] iter 34/50 [OK ] reward=-140.2571  cs_rank(decay_linear(cs_rank(zscore(close - open, 20)), 20) + cs_rank(ts_rank(volume, 20)))
[reward_only] iter 35/50 [OK ] reward=-166.8844  cs_rank(decay_linear(cs_rank(zscore(close - open, 20)), 20) + cs_rank(ts_rank(volume, 20)) + cs_rank(zscore(vwap - close, 20)))
[reward_only] iter 36/50 [OK ] reward=-74.8385  cs_rank(decay_linear(cs_rank(zscore(close - open, 20)), 20) + cs_rank(ts_rank(close, 20)))
[reward_only] iter 37/50 [OK ] reward=-132.6078  cs_rank(decay_linear(cs_rank(zscore(high - low, 20)), 20) + cs_rank(ts_rank(volume, 20)))
[reward_only] iter 38/50 [OK ] reward=-66.2084  cs_rank(decay_linear(cs_rank(zscore(close - open, 20)), 20) + cs_rank(ts_rank(vwap, 20)))
[reward_only] iter 39/50 [OK ] reward=-140.2571  cs_rank(decay_linear(cs_rank(zscore(close - open, 20)), 20) + cs_rank(ts_rank(volume, 20)))
[reward_only] iter 40/50 [OK ] reward=-110.9168  cs_rank(decay_linear(cs_rank(zscore(close - open, 20)), 20) + cs_rank(ts_rank(vwap, 20)) + cs_rank(ts_rank(volume, 20)))
[reward_only] iter 41/50 [OK ] reward=-66.2084  cs_rank(decay_linear(cs_rank(zscore(close - open, 20)), 20) + cs_rank(ts_rank(vwap, 20)))
[reward_only] iter 42/50 [OK ] reward=-132.6078  cs_rank(decay_linear(cs_rank(zscore(high - low, 20)), 20) + cs_rank(ts_rank(volume, 20)))
[reward_only] iter 43/50 [OK ] reward=-105.8017  cs_rank(decay_linear(cs_rank(zscore(close - open, 20)), 20) + cs_rank(ts_rank(vwap, 20)) - cs_rank(ts_rank(volume, 20)))
[reward_only] iter 44/50 [OK ] reward=-66.2084  cs_rank(decay_linear(cs_rank(zscore(close - open, 20)), 20) + cs_rank(ts_rank(vwap, 20)))
[reward_only] iter 45/50 [OK ] reward=-137.2987  cs_rank(decay_linear(ts_rank(close - open, 20), 20) + cs_rank(zscore(volume, 20)))
[reward_only] iter 46/50 [OK ] reward=-109.0265  cs_rank(decay_linear(cs_rank(zscore(close - open, 20)), 20) + cs_rank(ts_rank(vwap, 20)) + cs_rank(zscore(volume, 20)))
[reward_only] iter 47/50 [OK ] reward=-66.2084  cs_rank(decay_linear(cs_rank(zscore(close - open, 20)), 20) + cs_rank(ts_rank(vwap, 20)))
[reward_only] iter 48/50 [OK ] reward=-109.0265  cs_rank(decay_linear(cs_rank(zscore(close - open, 20)), 20) + cs_rank(ts_rank(vwap, 20)) + cs_rank(zscore(volume, 20)))
[reward_only] iter 49/50 [OK ] reward=-66.2084  cs_rank(decay_linear(cs_rank(zscore(close - open, 20)), 20) + cs_rank(ts_rank(vwap, 20)))
[reward_only] iter 50/50 [OK ] reward=-60.1181  cs_rank(ts_rank(close, 20) + cs_rank(volume / (volume + 1e-5)))
[wfo:reward_only] fold 0 winner: cs_rank(ts_rank(close, 20) + cs_rank(volume / (volume + 1e-5)))
[wfo:reward_only] fold 0 OOS: Gross_IR=0.777 Turnover=105.36 Net_IR=-6.108
[wfo:reward_only] fold 1: train 2002-01-01..2006-12-31 -> test 2007-01-01..2007-12-31
[reward_only] iter  0/50 [SEED] reward=-138.3381  rank(-1 * zscore(volume, 20))
[reward_only] iter  1/50 [OK ] reward=-118.0865  cs_rank((high - low) / (vwap + 1e-5))
[reward_only] iter  2/50 [OK ] reward=-140.8004  cs_rank((high - low) / (vwap + 1e-5) + ts_rank(volume, 20))
[reward_only] iter  3/50 [OK ] reward=-136.9217  cs_rank((high - low) / (vwap + 1e-5) + zscore(volume, 20))
[reward_only] iter  4/50 [OK ] reward=-43.9581  cs_rank((high - low) / (vwap + 1e-5) + decay_linear(zscore(volume, 20), 10))
[reward_only] iter  5/50 [OK ] reward=-53.0371  cs_rank((high - low) / (vwap + 1e-5) + decay_linear(zscore(volume, 20), 10) + ts_rank(close, 20))
[reward_only] iter  6/50 [OK ] reward=-43.9581  cs_rank((high - low) / (vwap + 1e-5) + decay_linear(zscore(volume, 20), 10))
[reward_only] iter  7/50 [OK ] reward=-53.0371  cs_rank((high - low) / (vwap + 1e-5) + decay_linear(zscore(volume, 20), 10) + ts_rank(close, 20))
[reward_only] iter  8/50 [OK ] reward=-43.9581  cs_rank((high - low) / (vwap + 1e-5) + decay_linear(zscore(volume, 20), 10))
[reward_only] iter  9/50 [OK ] reward=-25.2158  cs_rank((high - low) / (vwap + 1e-5) + decay_linear(zscore(close, 20), 10))
[reward_only] iter 10/50 [OK ] reward=-43.9108  cs_rank((close - open) / (vwap + 1e-5) + decay_linear(zscore(volume, 20), 10))
[reward_only] iter 11/50 [OK ] reward=-28.6311  cs_rank((high - low) / (vwap + 1e-5) + decay_linear(zscore(close, 20), 10) + cs_rank(volume / (volume + 1e-5)))
[reward_only] iter 12/50 [OK ] reward=-25.2158  cs_rank((high - low) / (vwap + 1e-5) + decay_linear(zscore(close, 20), 10))
[reward_only] iter 13/50 [OK ] reward=-28.5310  cs_rank((high - low) / (vwap + 1e-5) + decay_linear(ts_rank(close, 20), 10))
[reward_only] iter 14/50 [ERR] reward=    -inf  cs_rank((close - open) / (high - low) + decay_linear(zscore(volume, 20), 10))
[reward_only] iter 15/50 [OK ] reward=-25.2158  cs_rank((high - low) / (vwap + 1e-5) + decay_linear(zscore(close, 20), 10))
[reward_only] iter 16/50 [OK ] reward=-43.9108  cs_rank((close - open) / (vwap + 1e-5) + decay_linear(zscore(volume, 20), 10))
[reward_only] iter 17/50 [OK ] reward=-70.9070  cs_rank((high - low) / (vwap + 1e-5) + decay_linear(zscore(close - open, 20), 10))
[reward_only] iter 18/50 [OK ] reward=-177.8546  cs_rank((high - low) / (vwap + 1e-5) + ts_rank(close, 20) / (ts_rank(vwap, 20) + 1e-5))
[reward_only] iter 19/50 [OK ] reward=-61.5245  cs_rank((high - low) / (vwap + 1e-5) + zscore(close, 20))
[reward_only] iter 20/50 [OK ] reward=-49.4955  cs_rank((high - low) / (vwap + 1e-5) + decay_linear(zscore(close, 20), 10) + ts_rank(volume, 20))
[reward_only] iter 21/50 [OK ] reward=-25.2158  cs_rank((high - low) / (vwap + 1e-5) + decay_linear(zscore(close, 20), 10))
[reward_only] iter 22/50 [ERR] reward=    -inf  cs_rank((close - open) / (high - low) + decay_linear(zscore(volume, 20), 10))
[reward_only] iter 23/50 [OK ] reward=-25.2158  cs_rank((high - low) / (vwap + 1e-5) + decay_linear(zscore(close, 20), 10))
[reward_only] iter 24/50 [OK ] reward=-43.9108  cs_rank((close - open) / (vwap + 1e-5) + decay_linear(zscore(volume, 20), 10))
[reward_only] iter 25/50 [OK ] reward=-32.4149  cs_rank((high - low) / (vwap + 1e-5) + decay_linear(zscore(close, 20), 10) * cs_rank(volume))
[reward_only] iter 26/50 [OK ] reward=-25.2158  cs_rank((high - low) / (vwap + 1e-5) + decay_linear(zscore(close, 20), 10))
[reward_only] iter 27/50 [OK ] reward=-43.9108  cs_rank((close - open) / (vwap + 1e-5) + decay_linear(zscore(volume, 20), 10))
[reward_only] iter 28/50 [OK ] reward=-49.4955  cs_rank((high - low) / (vwap + 1e-5) + decay_linear(zscore(close, 20), 10) + ts_rank(volume, 20))
[reward_only] iter 29/50 [OK ] reward=-25.2158  cs_rank((high - low) / (vwap + 1e-5) + decay_linear(zscore(close, 20), 10))
[reward_only] iter 30/50 [OK ] reward=-43.9108  cs_rank((close - open) / (vwap + 1e-5) + decay_linear(zscore(volume, 20), 10))
[reward_only] iter 31/50 [OK ] reward=-28.5310  cs_rank((high - low) / (vwap + 1e-5) + decay_linear(ts_rank(close, 20), 10))
[reward_only] iter 32/50 [OK ] reward=-25.0920  cs_rank((close - open) / (volume + 1e-5) + decay_linear(zscore(close, 20), 10))
[reward_only] iter 33/50 [OK ] reward=-25.0923  cs_rank((high - low) / (volume + 1e-5) + decay_linear(zscore(close, 20), 10))
[reward_only] iter 34/50 [OK ] reward=-25.0920  cs_rank(decay_linear((close - open) / (volume + 1e-5) + zscore(close, 20), 10))
[reward_only] iter 35/50 [OK ] reward=-25.0922  cs_rank(decay_linear((high - low) / (volume + 1e-5) + zscore(close, 20), 10))
[reward_only] iter 36/50 [OK ] reward=-29.9849  cs_rank(decay_linear(zscore(close, 20) - zscore(volume, 20), 10))
[reward_only] iter 37/50 [OK ] reward=-25.0922  cs_rank(decay_linear((high - low) / (volume + 1e-5) + zscore(close, 20), 10))
[reward_only] iter 38/50 [OK ] reward=-24.8534  cs_rank(decay_linear((close - open) / (volume + 1e-5) + zscore(close, 20) + zscore(vwap, 20), 10))
[reward_only] iter 39/50 [OK ] reward=-61.5137  cs_rank((close - open) / (volume + 1e-5) + zscore(close, 20))
[reward_only] iter 40/50 [OK ] reward=-26.9921  cs_rank(decay_linear((close - open) / (volume + 1e-5) + zscore(close, 20) + zscore(vwap, 20) + zscore(high - low, 20), 10))
[reward_only] iter 41/50 [OK ] reward=-25.0920  cs_rank(decay_linear((close - open) / (volume + 1e-5) + zscore(close, 20), 10))
[reward_only] iter 42/50 [OK ] reward=-26.2792  cs_rank(decay_linear((close - open) / (volume + 1e-5) + zscore(close, 20) + zscore(vwap, 20) - zscore(high, 20), 10))
[reward_only] iter 43/50 [OK ] reward=-25.0920  cs_rank(decay_linear((close - open) / (volume + 1e-5) + zscore(close, 20), 10))
[reward_only] iter 44/50 [OK ] reward=-26.0196  cs_rank(decay_linear((high - low) / (volume + 1e-5) + ts_rank(close, 20), 10))
[reward_only] iter 45/50 [OK ] reward=-61.9572  cs_rank(decay_linear((close - open) / (volume + 1e-5) + zscore(close - vwap, 20) + zscore(high - low, 20), 10))
[reward_only] iter 46/50 [OK ] reward=-55.6520  cs_rank((close - open) / (volume + 1e-5) + zscore(close, 20) + zscore(vwap, 20))
[reward_only] iter 47/50 [OK ] reward=-25.7940  cs_rank(decay_linear((close - open) / (volume + 1e-5) + zscore(close, 20) + zscore(vwap, 20) + cs_rank(close - open), 10))
[reward_only] iter 48/50 [OK ] reward=-25.0920  cs_rank(decay_linear((close - open) / (volume + 1e-5) + zscore(close, 20), 10))
[reward_only] iter 49/50 [ERR] reward=    -inf  cs_rank(decay_linear(zscore((high - low) / vwap, 20) + zscore(volume, 20), 10))
[reward_only] iter 50/50 [OK ] reward=-24.8534  cs_rank(decay_linear((close - open) / (volume + 1e-5) + zscore(close, 20) + zscore(vwap, 20), 10))
[wfo:reward_only] fold 1 winner: cs_rank(decay_linear((close - open) / (volume + 1e-5) + zscore(close, 20) + zscore(vwap, 20), 10))
[wfo:reward_only] fold 1 OOS: Gross_IR=0.304 Turnover=42.86 Net_IR=-1.857
[wfo:reward_only] fold 2: train 2003-01-01..2007-12-31 -> test 2008-01-01..2008-12-31
[reward_only] iter  0/50 [SEED] reward=-136.9118  rank(-1 * zscore(volume, 20))
[reward_only] iter  1/50 [ERR] reward=    -inf  cs_rank(-1 * (high - low) / (high + low + close))
[reward_only] iter  2/50 [OK ] reward=-136.6697  rank(-1 * zscore(volume, 20) * cs_rank((high - low) / (high + low + close + 1e-5)))
[reward_only] iter  3/50 [OK ] reward=-135.4778  cs_rank(-1 * zscore(volume, 20) * (high - low) / (high + low + close + 1e-5))
[reward_only] iter  4/50 [OK ] reward=-135.4778  cs_rank(-1 * zscore(volume, 20) * (high - low) / (high + low + close + 1e-5))
[reward_only] iter  5/50 [OK ] reward=-135.4778  cs_rank(-1 * zscore(volume, 20) * (high - low) / (high + low + close + 1e-5))
[reward_only] iter  6/50 [OK ] reward=-135.4778  cs_rank(-1 * zscore(volume, 20) * (high - low) / (high + low + close + 1e-5))
[reward_only] iter  7/50 [OK ] reward=-135.4778  cs_rank(-1 * zscore(volume, 20) * (high - low) / (high + low + close + 1e-5))
[reward_only] iter  8/50 [OK ] reward=-135.4778  cs_rank(-1 * zscore(volume, 20) * (high - low) / (high + low + close + 1e-5))
[reward_only] iter  9/50 [OK ] reward=-135.4778  cs_rank(-1 * zscore(volume, 20) * (high - low) / (high + low + close + 1e-5))
[reward_only] iter 10/50 [OK ] reward=-127.1243  cs_rank(-1 * zscore(volume, 20) * (high - low))
[reward_only] iter 11/50 [OK ] reward=-68.8329  cs_rank(-1 * ts_rank(close, 20) * (high - low))
[reward_only] iter 12/50 [OK ] reward=-46.5406  cs_rank(-1 * ts_rank(close, 20) * (high - low) / (volume + 1e-5))
[reward_only] iter 13/50 [OK ] reward=-28.9460  cs_rank(-1 * ts_rank(close, 20) * (high - low) / (volume + 1e-5) * decay_linear(zscore(close, 60), 10))
[reward_only] iter 14/50 [OK ] reward=-28.9460  cs_rank(-1 * ts_rank(close, 20) * (high - low) / (volume + 1e-5) * decay_linear(zscore(close, 60), 10))
[reward_only] iter 15/50 [OK ] reward=-28.9460  cs_rank(-1 * ts_rank(close, 20) * (high - low) / (volume + 1e-5) * decay_linear(zscore(close, 60), 10))
[reward_only] iter 16/50 [OK ] reward=-40.3411  cs_rank(-1 * ts_rank(close, 20) * (high - low) / (volume + 1e-5) * zscore(close, 60))
[reward_only] iter 17/50 [OK ] reward=-28.9460  cs_rank(-1 * ts_rank(close, 20) * (high - low) / (volume + 1e-5) * decay_linear(zscore(close, 60), 10))
[reward_only] iter 18/50 [OK ] reward=-40.3411  cs_rank(-1 * ts_rank(close, 20) * (high - low) / (volume + 1e-5) * zscore(close, 60))
[reward_only] iter 19/50 [OK ] reward=-40.3411  cs_rank(-1 * ts_rank(close, 20) * (high - low) / (volume + 1e-5) * zscore(close, 60))
[reward_only] iter 20/50 [OK ] reward=-40.3411  cs_rank(-1 * ts_rank(close, 20) * (high - low) / (volume + 1e-5) * zscore(close, 60))
[reward_only] iter 21/50 [OK ] reward=-28.9460  cs_rank(-1 * ts_rank(close, 20) * (high - low) / (volume + 1e-5) * decay_linear(zscore(close, 60), 10))
[reward_only] iter 22/50 [OK ] reward=-28.9460  cs_rank(-1 * ts_rank(close, 20) * (high - low) / (volume + 1e-5) * decay_linear(zscore(close, 60), 10))
[reward_only] iter 23/50 [OK ] reward=-46.5406  cs_rank(-1 * ts_rank(close, 20) * (high - low) / (volume + 1e-5))
[reward_only] iter 24/50 [OK ] reward=-24.1928  cs_rank(-1 * ts_rank(close, 20) * (high - low) / (volume + 1e-5) * decay_linear(zscore(close, 60), 10) * cs_rank(vwap))
[reward_only] iter 25/50 [OK ] reward=-28.9460  cs_rank(-1 * ts_rank(close, 20) * (high - low) / (volume + 1e-5) * decay_linear(zscore(close, 60), 10))
[reward_only] iter 26/50 [OK ] reward=-28.9460  cs_rank(-1 * ts_rank(close, 20) * (high - low) / (volume + 1e-5) * decay_linear(zscore(close, 60), 10))
[reward_only] iter 27/50 [OK ] reward=-28.9460  cs_rank(-1 * ts_rank(close, 20) * (high - low) / (volume + 1e-5) * decay_linear(zscore(close, 60), 10))
[reward_only] iter 28/50 [OK ] reward=-28.9460  cs_rank(-1 * ts_rank(close, 20) * (high - low) / (volume + 1e-5) * decay_linear(zscore(close, 60), 10))
[reward_only] iter 29/50 [OK ] reward=-28.9460  cs_rank(-1 * ts_rank(close, 20) * (high - low) / (volume + 1e-5) * decay_linear(zscore(close, 60), 10))
[reward_only] iter 30/50 [OK ] reward=-28.9460  cs_rank(-1 * ts_rank(close, 20) * (high - low) / (volume + 1e-5) * decay_linear(zscore(close, 60), 10))
[reward_only] iter 31/50 [OK ] reward=-28.9460  cs_rank(-1 * ts_rank(close, 20) * (high - low) / (volume + 1e-5) * decay_linear(zscore(close, 60), 10))
[reward_only] iter 32/50 [OK ] reward=-28.9460  cs_rank(-1 * ts_rank(close, 20) * (high - low) / (volume + 1e-5) * decay_linear(zscore(close, 60), 10))
[reward_only] iter 33/50 [OK ] reward=-28.9460  cs_rank(-1 * ts_rank(close, 20) * (high - low) / (volume + 1e-5) * decay_linear(zscore(close, 60), 10))
[reward_only] iter 34/50 [OK ] reward=-28.9460  cs_rank(-1 * ts_rank(close, 20) * (high - low) / (volume + 1e-5) * decay_linear(zscore(close, 60), 10))
[reward_only] iter 35/50 [OK ] reward=-28.9460  cs_rank(-1 * ts_rank(close, 20) * (high - low) / (volume + 1e-5) * decay_linear(zscore(close, 60), 10))
[reward_only] iter 36/50 [OK ] reward=-28.9460  cs_rank(-1 * ts_rank(close, 20) * (high - low) / (volume + 1e-5) * decay_linear(zscore(close, 60), 10))
[reward_only] iter 37/50 [OK ] reward=-28.9460  cs_rank(-1 * ts_rank(close, 20) * (high - low) / (volume + 1e-5) * decay_linear(zscore(close, 60), 10))
[reward_only] iter 38/50 [OK ] reward=-28.9460  cs_rank(-1 * ts_rank(close, 20) * (high - low) / (volume + 1e-5) * decay_linear(zscore(close, 60), 10))
[reward_only] iter 39/50 [OK ] reward=-28.9460  cs_rank(-1 * ts_rank(close, 20) * (high - low) / (volume + 1e-5) * decay_linear(zscore(close, 60), 10))
[reward_only] iter 40/50 [OK ] reward=-28.9460  cs_rank(-1 * ts_rank(close, 20) * (high - low) / (volume + 1e-5) * decay_linear(zscore(close, 60), 10))
[reward_only] iter 41/50 [OK ] reward=-28.9460  cs_rank(-1 * ts_rank(close, 20) * (high - low) / (volume + 1e-5) * decay_linear(zscore(close, 60), 10))
[reward_only] iter 42/50 [OK ] reward=-28.9460  cs_rank(-1 * ts_rank(close, 20) * (high - low) / (volume + 1e-5) * decay_linear(zscore(close, 60), 10))
[reward_only] iter 43/50 [OK ] reward=-40.3411  cs_rank(-1 * ts_rank(close, 20) * (high - low) / (volume + 1e-5) * zscore(close, 60))
[reward_only] iter 44/50 [OK ] reward=-36.3607  cs_rank(-1 * ts_rank(close, 20) * (high - low) / (volume + 1e-5) * zscore(close, 60) * cs_rank(vwap))
[reward_only] iter 45/50 [OK ] reward=-36.0920  cs_rank(-1 * ts_rank(close, 20) * (high - low) / (volume + 1e-5) * cs_rank(vwap))
[reward_only] iter 46/50 [OK ] reward=-28.9460  cs_rank(-1 * ts_rank(close, 20) * (high - low) / (volume + 1e-5) * decay_linear(zscore(close, 60), 10))
[reward_only] iter 47/50 [OK ] reward=-28.9460  cs_rank(-1 * ts_rank(close, 20) * (high - low) / (volume + 1e-5) * decay_linear(zscore(close, 60), 10))
[reward_only] iter 48/50 [OK ] reward=-28.9460  cs_rank(-1 * ts_rank(close, 20) * (high - low) / (volume + 1e-5) * decay_linear(zscore(close, 60), 10))
[reward_only] iter 49/50 [OK ] reward=-28.9460  cs_rank(-1 * ts_rank(close, 20) * (high - low) / (volume + 1e-5) * decay_linear(zscore(close, 60), 10))
[reward_only] iter 50/50 [OK ] reward=-28.9460  cs_rank(-1 * ts_rank(close, 20) * (high - low) / (volume + 1e-5) * decay_linear(zscore(close, 60), 10))
[wfo:reward_only] fold 2 winner: cs_rank(-1 * ts_rank(close, 20) * (high - low) / (volume + 1e-5) * decay_linear(zscore(close, 60), 10) * cs_rank(vwap))
[wfo:reward_only] fold 2 OOS: Gross_IR=-1.724 Turnover=47.69 Net_IR=-3.233
[wfo:reward_only] fold 3: train 2004-01-01..2008-12-31 -> test 2009-01-01..2009-12-31
[reward_only] iter  0/50 [SEED] reward=-136.5161  rank(-1 * zscore(volume, 20))
[reward_only] iter  1/50 [OK ] reward=-178.1345  cs_rank(close - open)
[reward_only] iter  2/50 [OK ] reward=-172.2821  cs_rank(close - open) + rank(-1 * zscore(volume, 20))
[reward_only] iter  3/50 [OK ] reward=-110.3327  cs_rank(high - low) + rank(-1 * zscore(volume, 20))
[reward_only] iter  4/50 [OK ] reward=-148.0235  cs_rank(high - low) + rank(-1 * zscore(volume, 20)) + cs_rank(close - open)
[reward_only] iter  5/50 [OK ] reward=-149.0338  cs_rank(high - low) + cs_rank(close - open)
[reward_only] iter  6/50 [ERR] reward=    -inf  cs_rank(high - low) + cs_rank(close / vwap - 1)
[reward_only] iter  7/50 [OK ] reward=-149.1624  cs_rank(high - low) + rank(-1 * zscore(volume, 20)) + cs_rank(close / (vwap + 1e-5) - 1)
[reward_only] iter  8/50 [OK ] reward=-110.3327  cs_rank(high - low) + rank(-1 * zscore(volume, 20))
[reward_only] iter  9/50 [OK ] reward=-143.1017  cs_rank(close - open) + cs_rank(volume / (volume + 1e-5))
[reward_only] iter 10/50 [OK ] reward=-139.8181  cs_rank(high - low) + cs_rank(-1 * zscore(volume, 20)) + cs_rank(abs(close - open) / (close + 1e-5))
[reward_only] iter 11/50 [OK ] reward=-110.3327  cs_rank(high - low) + cs_rank(-1 * zscore(volume, 20))
[reward_only] iter 12/50 [OK ] reward=-189.2330  cs_rank(vwap - open) + cs_rank(zscore(close - vwap, 20))
[reward_only] iter 13/50 [OK ] reward=-148.9689  cs_rank(high - low) + cs_rank(zscore(close - open, 20))
[reward_only] iter 14/50 [OK ] reward=-143.1017  cs_rank(close - open) + cs_rank(volume / (volume + 1e-5))
[reward_only] iter 15/50 [OK ] reward=-149.4398  cs_rank(high - low) + cs_rank(-1 * zscore(volume, 20)) + cs_rank(close - vwap)
[reward_only] iter 16/50 [OK ] reward=-110.3327  cs_rank(high - low) + cs_rank(-1 * zscore(volume, 20))
[reward_only] iter 17/50 [OK ] reward=-137.8591  cs_rank(close - open) + cs_rank(volume / (high - low + 1e-5))
[reward_only] iter 18/50 [OK ] reward=-148.0235  cs_rank(high - low) + cs_rank(-1 * zscore(volume, 20)) + cs_rank(close - open)
[reward_only] iter 19/50 [OK ] reward=-110.3327  cs_rank(high - low) + rank(-1 * zscore(volume, 20))
[reward_only] iter 20/50 [ERR] reward=    -inf  cs_rank(close - open) + cs_rank(volume / (high - low))
[reward_only] iter 21/50 [OK ] reward=-149.4398  cs_rank(high - low) + rank(-1 * zscore(volume, 20)) + cs_rank(close - vwap)
[reward_only] iter 22/50 [OK ] reward=-151.0297  cs_rank(high - low) + cs_rank(close - vwap)
[reward_only] iter 23/50 [OK ] reward=-141.8910  cs_rank(close - vwap) + cs_rank(volume / (high - low + 1e-5))
[reward_only] iter 24/50 [OK ] reward=-137.8591  cs_rank(close - open) + cs_rank(volume / (high - low + 1e-5))
[reward_only] iter 25/50 [ERR] reward=    -inf  cs_rank(high - low) + cs_rank(-1 * zscore(volume, 20)) + cs_rank(close / vwap)
[reward_only] iter 26/50 [OK ] reward=-149.1124  cs_rank(high - low) + rank(-1 * zscore(volume, 20)) + cs_rank(close / (vwap + 1e-5))
[reward_only] iter 27/50 [OK ] reward=-110.3327  cs_rank(high - low) + cs_rank(-1 * zscore(volume, 20))
[reward_only] iter 28/50 [OK ] reward=-172.2821  cs_rank(close - open) + cs_rank(-1 * zscore(volume, 20))
[reward_only] iter 29/50 [OK ] reward=-191.1096  cs_rank(close - open) + cs_rank(-1 * zscore(close - vwap, 20))
[reward_only] iter 30/50 [OK ] reward=-149.4398  cs_rank(high - low) + cs_rank(-1 * zscore(volume, 20)) + cs_rank(close - vwap)
[reward_only] iter 31/50 [OK ] reward=-110.3327  cs_rank(high - low) + cs_rank(-1 * zscore(volume, 20))
[reward_only] iter 32/50 [OK ] reward=-172.9336  cs_rank(vwap - close) + cs_rank(zscore(volume, 20))
[reward_only] iter 33/50 [OK ] reward=-148.0235  cs_rank(high - low) + cs_rank(-1 * zscore(volume, 20)) + cs_rank(close - open)
[reward_only] iter 34/50 [OK ] reward=-110.3327  cs_rank(high - low) + cs_rank(-1 * zscore(volume, 20))
[reward_only] iter 35/50 [OK ] reward=-174.1702  cs_rank(ts_rank(close, 20) - ts_rank(open, 20)) + cs_rank(-1 * zscore(volume, 20))
[reward_only] iter 36/50 [OK ] reward=-110.3327  cs_rank(high - low) + cs_rank(-1 * zscore(volume, 20))
[reward_only] iter 37/50 [OK ] reward=-147.0975  cs_rank(high - low) + cs_rank(vwap - close)
[reward_only] iter 38/50 [OK ] reward=-148.2095  cs_rank(high - low) + cs_rank(vwap - close) + rank(-1 * zscore(volume, 20))
[reward_only] iter 39/50 [OK ] reward=-110.3327  cs_rank(high - low) + rank(-1 * zscore(volume, 20))
[reward_only] iter 40/50 [OK ] reward=-211.6776  cs_rank(close - open) + cs_rank(vwap - close)
[reward_only] iter 41/50 [OK ] reward=-148.2095  cs_rank(high - low) + cs_rank(-1 * zscore(volume, 20)) + cs_rank(vwap - close)
[reward_only] iter 42/50 [OK ] reward=-110.3327  cs_rank(high - low) + rank(-1 * zscore(volume, 20))
[reward_only] iter 43/50 [OK ] reward=-148.0235  cs_rank(high - low) + rank(-1 * zscore(volume, 20)) + cs_rank(close - open)
[reward_only] iter 44/50 [OK ] reward=-110.3327  cs_rank(high - low) + rank(-1 * zscore(volume, 20))
[reward_only] iter 45/50 [OK ] reward=-137.8591  cs_rank(close - open) + cs_rank(volume / (high - low + 1e-5))
[reward_only] iter 46/50 [OK ] reward=-149.4398  cs_rank(high - low) + cs_rank(-1 * zscore(volume, 20)) + cs_rank(close - vwap)
[reward_only] iter 47/50 [OK ] reward=-151.0297  cs_rank(high - low) + cs_rank(close - vwap)
[reward_only] iter 48/50 [ERR] reward=    -inf  cs_rank((close - open) / (high - low)) + cs_rank(volume / (high - low))
[reward_only] iter 49/50 [OK ] reward=-149.0058  cs_rank(high - low) + rank(-1 * zscore(volume, 20)) + cs_rank((close - open) / (high - low + 1e-5))
[reward_only] iter 50/50 [OK ] reward=-110.3327  cs_rank(high - low) + rank(-1 * zscore(volume, 20))
[wfo:reward_only] fold 3 winner: cs_rank(high - low) + rank(-1 * zscore(volume, 20))
[wfo:reward_only] fold 3 OOS: Gross_IR=-1.398 Turnover=190.33 Net_IR=-10.516
[wfo:reward_only] fold 4: train 2005-01-01..2009-12-31 -> test 2010-01-01..2010-12-31
[reward_only] iter  0/50 [SEED] reward=-136.8221  rank(-1 * zscore(volume, 20))
[reward_only] iter  1/50 [OK ] reward=-184.7895  cs_rank(-1 * zscore(close - open, 20))
[reward_only] iter  2/50 [OK ] reward=-144.5835  cs_rank(-1 * zscore(volume, 20) + cs_rank(zscore(close - open, 20)))
[reward_only] iter  3/50 [OK ] reward=-172.8458  cs_rank(-1 * zscore(close - open, 20) + cs_rank(volume / (volume + 1e-5)))
[reward_only] iter  4/50 [OK ] reward=-136.8221  rank(-1 * zscore(volume, 20))
[reward_only] iter  5/50 [OK ] reward=-136.8221  cs_rank(-1 * zscore(volume, 20))
[reward_only] iter  6/50 [OK ] reward=-69.9813  cs_rank(-1 * ts_rank(close, 20))
[reward_only] iter  7/50 [ERR] reward=    -inf  cs_rank(-1 * ts_rank((close - open) / open, 20))
[reward_only] iter  8/50 [OK ] reward=-184.9215  cs_rank(-1 * ts_rank((close - open) / (open + 1e-5), 20))
[reward_only] iter  9/50 [OK ] reward=-184.9215  cs_rank(-1 * ts_rank((close - open) / (open + 1e-5), 20))
[reward_only] iter 10/50 [OK ] reward=-184.9172  cs_rank(-1 * ts_rank(close / (open + 1e-5), 20))
[reward_only] iter 11/50 [OK ] reward=-185.1863  cs_rank(-1 * ts_rank((close - open) / (high - low + 1e-5), 20))
[reward_only] iter 12/50 [OK ] reward=-173.4926  cs_rank(-1 * ts_rank(close / (high - low + 1e-5), 20))
[reward_only] iter 13/50 [OK ] reward=-140.3954  cs_rank(-1 * ts_rank(volume, 20))
[reward_only] iter 14/50 [OK ] reward=-62.0100  cs_rank(-1 * ts_rank(vwap, 20))
[reward_only] iter 15/50 [OK ] reward=-129.9810  cs_rank(-1 * (ts_rank(vwap, 20) + zscore(volume, 20)))
[reward_only] iter 16/50 [OK ] reward=-52.1687  cs_rank(-1 * (ts_rank(vwap, 20) + cs_rank(volume)))
[reward_only] iter 17/50 [OK ] reward=-56.8259  cs_rank(-1 * (ts_rank(close, 20) + cs_rank(volume)))
[reward_only] iter 18/50 [OK ] reward=-42.4594  cs_rank(-1 * (ts_rank(vwap, 20) + cs_rank(stddev(volume, 20))))
[reward_only] iter 19/50 [ERR] reward=    -inf  cs_rank(-1 * (ts_rank((close - open) / open, 20) + cs_rank(volume / (volume + 1e-5), 20)))
[reward_only] iter 20/50 [OK ] reward=-42.5593  cs_rank(-1 * (ts_rank(vwap, 20) + cs_rank(stddev(volume, 20) / (stddev(volume, 20) + 1e-5))))
[reward_only] iter 21/50 [OK ] reward=-52.1687  cs_rank(-1 * (ts_rank(vwap, 20) + cs_rank(volume)))
[reward_only] iter 22/50 [OK ] reward=-44.9275  cs_rank(-1 * (ts_rank(close, 20) + cs_rank(stddev(close, 20))))
[reward_only] iter 23/50 [OK ] reward=-39.9109  cs_rank(-1 * (ts_rank(vwap, 20) + cs_rank(stddev(close, 20))))
[reward_only] iter 24/50 [OK ] reward=-53.7520  cs_rank(-1 * (ts_rank(vwap, 20) + cs_rank(stddev(close, 20)) + cs_rank(volume / (volume + 1e-5))))
[reward_only] iter 25/50 [OK ] reward=-39.9109  cs_rank(-1 * (ts_rank(vwap, 20) + cs_rank(stddev(close, 20))))
[reward_only] iter 26/50 [OK ] reward=-39.2154  cs_rank(-1 * (ts_rank(vwap, 20) + cs_rank(stddev(close, 20) / (stddev(volume, 20) + 1e-5))))
[reward_only] iter 27/50 [OK ] reward=-62.5555  cs_rank(-1 * (ts_rank(vwap, 20) + stddev(close, 20) / (stddev(volume, 20) + 1e-5)))
[reward_only] iter 28/50 [OK ] reward=-39.2154  cs_rank(-1 * (ts_rank(vwap, 20) + cs_rank(stddev(close, 20) / (stddev(volume, 20) + 1e-5))))
[reward_only] iter 29/50 [OK ] reward=-39.2154  cs_rank(-1 * (ts_rank(vwap, 20) + cs_rank(stddev(close, 20) / (stddev(volume, 20) + 1e-5))))
[reward_only] iter 30/50 [ERR] reward=    -inf  cs_rank(-1 * (ts_rank(vwap, 20) + cs_rank(stddev(close, 20) / stddev(volume, 20))))
[reward_only] iter 31/50 [OK ] reward=-39.2154  cs_rank(-1 * (ts_rank(vwap, 20) + cs_rank(stddev(close, 20) / (stddev(volume, 20) + 1e-5))))
[reward_only] iter 32/50 [ERR] reward=    -inf  cs_rank(-1 * (ts_rank(vwap, 20) + cs_rank(stddev(close, 20) / stddev(volume, 20))))
[reward_only] iter 33/50 [OK ] reward=-39.2154  cs_rank(-1 * (ts_rank(vwap, 20) + cs_rank(stddev(close, 20) / (stddev(volume, 20) + 1e-5))))
[reward_only] iter 34/50 [OK ] reward=-39.2154  cs_rank(-1 * (ts_rank(vwap, 20) + cs_rank(stddev(close, 20) / (stddev(volume, 20) + 1e-5))))
[reward_only] iter 35/50 [OK ] reward=-39.2154  cs_rank(-1 * (ts_rank(vwap, 20) + cs_rank(stddev(close, 20) / (stddev(volume, 20) + 1e-5))))
[reward_only] iter 36/50 [ERR] reward=    -inf  cs_rank(-1 * (ts_rank(vwap, 20) + cs_rank(stddev(close, 20) / stddev(volume, 20))))
[reward_only] iter 37/50 [OK ] reward=-39.2154  cs_rank(-1 * (ts_rank(vwap, 20) + cs_rank(stddev(close, 20) / (stddev(volume, 20) + 1e-5))))
[reward_only] iter 38/50 [ERR] reward=    -inf  cs_rank(-1 * (ts_rank(vwap, 20) + cs_rank(stddev(close, 20) / stddev(volume, 20))))
[reward_only] iter 39/50 [OK ] reward=-39.2154  cs_rank(-1 * (ts_rank(vwap, 20) + cs_rank(stddev(close, 20) / (stddev(volume, 20) + 1e-5))))
[reward_only] iter 40/50 [OK ] reward=-62.5555  cs_rank(-1 * (ts_rank(vwap, 20) + stddev(close, 20) / (stddev(volume, 20) + 1e-5)))
[reward_only] iter 41/50 [OK ] reward=-39.2154  cs_rank(-1 * (ts_rank(vwap, 20) + cs_rank(stddev(close, 20) / (stddev(volume, 20) + 1e-5))))
[reward_only] iter 42/50 [ERR] reward=    -inf  cs_rank(-1 * (ts_rank(vwap, 20) + cs_rank(stddev(close, 20) / stddev(volume, 20))))
[reward_only] iter 43/50 [OK ] reward=-39.2154  cs_rank(-1 * (ts_rank(vwap, 20) + cs_rank(stddev(close, 20) / (stddev(volume, 20) + 1e-5))))
[reward_only] iter 44/50 [OK ] reward=-62.5555  cs_rank(-1 * (ts_rank(vwap, 20) + stddev(close, 20) / (stddev(volume, 20) + 1e-5)))
[reward_only] iter 45/50 [OK ] reward=-39.2154  cs_rank(-1 * (ts_rank(vwap, 20) + cs_rank(stddev(close, 20) / (stddev(volume, 20) + 1e-5))))
[reward_only] iter 46/50 [ERR] reward=    -inf  cs_rank(-1 * (ts_rank(vwap, 20) + cs_rank(stddev(close, 20) / stddev(volume, 20))))
[reward_only] iter 47/50 [OK ] reward=-39.2154  cs_rank(-1 * (ts_rank(vwap, 20) + cs_rank(stddev(close, 20) / (stddev(volume, 20) + 1e-5))))
[reward_only] iter 48/50 [OK ] reward=-39.2154  cs_rank(-1 * (ts_rank(vwap, 20) + cs_rank(stddev(close, 20) / (stddev(volume, 20) + 1e-5))))
[reward_only] iter 49/50 [OK ] reward=-39.2154  cs_rank(-1 * (ts_rank(vwap, 20) + cs_rank(stddev(close, 20) / (stddev(volume, 20) + 1e-5))))
[reward_only] iter 50/50 [ERR] reward=    -inf  cs_rank(-1 * (ts_rank(vwap, 20) + cs_rank(stddev(close, 20) / stddev(volume, 20))))
[wfo:reward_only] fold 4 winner: cs_rank(-1 * (ts_rank(vwap, 20) + cs_rank(stddev(close, 20) / (stddev(volume, 20) + 1e-5))))
[wfo:reward_only] fold 4 OOS: Gross_IR=-0.954 Turnover=68.97 Net_IR=-5.233
[wfo:reward_only] fold 5: train 2006-01-01..2010-12-31 -> test 2011-01-01..2011-12-31
[reward_only] iter  0/50 [SEED] reward=-136.5542  rank(-1 * zscore(volume, 20))
[reward_only] iter  1/50 [OK ] reward=-179.4404  cs_rank(close - open)
[reward_only] iter  2/50 [ERR] reward=    -inf  rank(-1 * (close - open) / (high - low))
[reward_only] iter  3/50 [OK ] reward=-184.6541  rank(-1 * (close - open) / (high - low + 1e-5))
[reward_only] iter  4/50 [OK ] reward=-145.0780  rank(-1 * zscore(volume, 20) + rank((close - open) / (high - low + 1e-5)))
[reward_only] iter  5/50 [OK ] reward=-136.5542  rank(-1 * zscore(volume, 20))
[reward_only] iter  6/50 [OK ] reward=-186.2168  cs_rank((close - open) / (high - low + 1e-5))
[reward_only] iter  7/50 [OK ] reward=-149.6262  rank(-1 * zscore(volume, 20) * cs_rank((close - open) / (high - low + 1e-5)))
[reward_only] iter  8/50 [OK ] reward=-145.0780  rank(-1 * zscore(volume, 20) + cs_rank((close - open) / (high - low + 1e-5)))
[reward_only] iter  9/50 [OK ] reward=-145.0780  rank(-1 * zscore(volume, 20) + cs_rank((close - open) / (high - low + 1e-5)))
[reward_only] iter 10/50 [OK ] reward=-144.7070  rank(-1 * zscore(volume, 20) + cs_rank(close - open))
[reward_only] iter 11/50 [ERR] reward=    -inf  rank(-1 * zscore(volume, 20) + cs_rank(close / open))
[reward_only] iter 12/50 [OK ] reward=-144.4870  rank(-1 * zscore(volume, 20) + cs_rank(close / (open + 1e-5)))
[reward_only] iter 13/50 [OK ] reward=-121.0354  rank(-1 * zscore(volume, 20) + cs_rank(close / (open + 1e-5))) + rank(-1 * zscore(vwap, 20))
[reward_only] iter 14/50 [ERR] reward=    -inf  rank(-1 * zscore(volume, 20) + cs_rank(close / (open + 1e-5))) + rank(-1 * zscore(vwap, 20)) + rank(close / low)
[reward_only] iter 15/50 [OK ] reward=-155.6947  rank(-1 * zscore(volume, 20) + cs_rank(close / (open + 1e-5))) + rank(-1 * zscore(vwap, 20)) + rank(close / (low + 1e-5))
[reward_only] iter 16/50 [OK ] reward=-121.0354  rank(-1 * zscore(volume, 20) + cs_rank(close / (open + 1e-5))) + rank(-1 * zscore(vwap, 20))
[reward_only] iter 17/50 [OK ] reward=-121.0354  rank(-1 * zscore(volume, 20) + cs_rank(close / (open + 1e-5))) + rank(-1 * zscore(vwap, 20))
[reward_only] iter 18/50 [OK ] reward=-144.4870  rank(-1 * zscore(volume, 20) + cs_rank(close / (open + 1e-5)))
[reward_only] iter 19/50 [OK ] reward=-149.6826  rank(-1 * ts_rank(close, 20) + cs_rank(vwap / (open + 1e-5))) + rank(-1 * zscore(volume, 20))
[reward_only] iter 20/50 [OK ] reward=-144.4870  rank(-1 * zscore(volume, 20) + cs_rank(close / (open + 1e-5)))
[reward_only] iter 21/50 [OK ] reward=-162.6903  rank(-1 * zscore(volume, 20) + cs_rank(close / (open + 1e-5))) + rank(-1 * zscore(high - low, 20))
[reward_only] iter 22/50 [OK ] reward=-144.4870  rank(-1 * zscore(volume, 20) + cs_rank(close / (open + 1e-5)))
[reward_only] iter 23/50 [OK ] reward=-119.6543  rank(-1 * zscore(volume, 20) + cs_rank(close / (open + 1e-5))) + rank(-1 * zscore(close, 20))
[reward_only] iter 24/50 [OK ] reward=-119.6543  rank(-1 * zscore(volume, 20) + cs_rank(close / (open + 1e-5))) + rank(-1 * zscore(close, 20))
[reward_only] iter 25/50 [OK ] reward=-152.2974  cs_rank(close / (open + 1e-5)) + rank(-1 * zscore(close, 20))
[reward_only] iter 26/50 [OK ] reward=-96.2408  rank(-1 * zscore(volume, 20) + cs_rank(close / (open + 1e-5))) + rank(-1 * zscore(close, 20)) + rank(decay_linear(close, 20))
[reward_only] iter 27/50 [OK ] reward=-110.2105  rank(-1 * zscore(volume, 20) + cs_rank(close / (open + 1e-5))) + rank(decay_linear(close, 20))
[reward_only] iter 28/50 [OK ] reward=-110.2105  rank(-1 * zscore(volume, 20) + cs_rank(close / (open + 1e-5))) + rank(decay_linear(close, 20))
[reward_only] iter 29/50 [OK ] reward=-110.2105  rank(-1 * zscore(volume, 20) + cs_rank(close / (open + 1e-5))) + rank(decay_linear(close, 20))
[reward_only] iter 30/50 [OK ] reward=-110.2105  rank(-1 * zscore(volume, 20) + cs_rank(close / (open + 1e-5))) + rank(decay_linear(close, 20))
[reward_only] iter 31/50 [OK ] reward=-110.2105  rank(-1 * zscore(volume, 20) + cs_rank(close / (open + 1e-5))) + rank(decay_linear(close, 20))
[reward_only] iter 32/50 [OK ] reward=-110.2105  rank(-1 * zscore(volume, 20) + cs_rank(close / (open + 1e-5))) + rank(decay_linear(close, 20))
[reward_only] iter 33/50 [OK ] reward=-119.6543  rank(-1 * zscore(volume, 20) + cs_rank(close / (open + 1e-5))) + rank(-1 * zscore(close, 20))
[reward_only] iter 34/50 [OK ] reward=-119.4302  rank(-1 * zscore(volume, 20) + cs_rank(close / (open + 1e-5))) + rank(-1 * zscore(close, 20)) + rank(decay_linear(close, 20)) + rank(ts_rank(high - low, 20))
[reward_only] iter 35/50 [OK ] reward=-119.6543  rank(-1 * zscore(volume, 20) + cs_rank(close / (open + 1e-5))) + rank(-1 * zscore(close, 20))
[reward_only] iter 36/50 [OK ] reward=-119.6543  rank(-1 * zscore(volume, 20) + cs_rank(close / (open + 1e-5))) + rank(-1 * zscore(close, 20))
[reward_only] iter 37/50 [OK ] reward= -2.8320  rank(-1 * zscore(volume, 20) + cs_rank(close / (open + 1e-5))) + rank(-1 * zscore(close, 20)) + decay_linear(close, 20)
[reward_only] iter 38/50 [OK ] reward=-119.6543  rank(-1 * zscore(volume, 20) + cs_rank(close / (open + 1e-5))) + rank(-1 * zscore(close, 20))
[reward_only] iter 39/50 [OK ] reward= -2.8320  rank(-1 * zscore(volume, 20) + cs_rank(close / (open + 1e-5))) + rank(-1 * zscore(close, 20)) + decay_linear(close, 20)
[reward_only] iter 40/50 [OK ] reward=-119.6543  rank(-1 * zscore(volume, 20) + cs_rank(close / (open + 1e-5))) + rank(-1 * zscore(close, 20))
[reward_only] iter 41/50 [OK ] reward=-119.6543  rank(-1 * zscore(volume, 20) + cs_rank(close / (open + 1e-5))) + rank(-1 * zscore(close, 20))
[reward_only] iter 42/50 [OK ] reward=-119.6543  rank(-1 * zscore(volume, 20) + cs_rank(close / (open + 1e-5))) + rank(-1 * zscore(close, 20))
[reward_only] iter 43/50 [OK ] reward= -2.8320  rank(-1 * zscore(volume, 20) + cs_rank(close / (open + 1e-5))) + rank(-1 * zscore(close, 20)) + decay_linear(close, 20)
[reward_only] iter 44/50 [OK ] reward=-119.6543  rank(-1 * zscore(volume, 20) + cs_rank(close / (open + 1e-5))) + rank(-1 * zscore(close, 20))
[reward_only] iter 45/50 [OK ] reward=-119.6543  rank(-1 * zscore(volume, 20) + cs_rank(close / (open + 1e-5))) + rank(-1 * zscore(close, 20))
[reward_only] iter 46/50 [OK ] reward=-119.6543  rank(-1 * zscore(volume, 20) + cs_rank(close / (open + 1e-5))) + rank(-1 * zscore(close, 20))
[reward_only] iter 47/50 [OK ] reward=-119.6543  rank(-1 * zscore(volume, 20) + cs_rank(close / (open + 1e-5))) + rank(-1 * zscore(close, 20))
[reward_only] iter 48/50 [OK ] reward=-119.6543  rank(-1 * zscore(volume, 20) + cs_rank(close / (open + 1e-5))) + rank(-1 * zscore(close, 20))
[reward_only] iter 49/50 [OK ] reward=-119.6543  rank(-1 * zscore(volume, 20) + cs_rank(close / (open + 1e-5))) + rank(-1 * zscore(close, 20))
[reward_only] iter 50/50 [OK ] reward=-119.6543  rank(-1 * zscore(volume, 20) + cs_rank(close / (open + 1e-5))) + rank(-1 * zscore(close, 20))
[wfo:reward_only] fold 5 winner: rank(-1 * zscore(volume, 20) + cs_rank(close / (open + 1e-5))) + rank(-1 * zscore(close, 20)) + decay_linear(close, 20)
[wfo:reward_only] fold 5 OOS: Gross_IR=-0.447 Turnover=3.28 Net_IR=-0.508
[wfo:reward_only] fold 6: train 2007-01-01..2011-12-31 -> test 2012-01-01..2012-12-31
[reward_only] iter  0/50 [SEED] reward=-136.6264  rank(-1 * zscore(volume, 20))
[reward_only] iter  1/50 [OK ] reward=-185.5063  cs_rank(zscore(close - open, 20))
[reward_only] iter  2/50 [ERR] reward=    -inf  rank(-1 * zscore(volume, 20) + cs_rank(close - open, 20))
[reward_only] iter  3/50 [ERR] reward=    -inf  cs_rank(-1 * zscore(volume, 20) + cs_rank(close - open, 20))
[reward_only] iter  4/50 [ERR] reward=    -inf  cs_rank(-1 * zscore(volume, 20) + cs_rank(close - open, 20))
[reward_only] iter  5/50 [OK ] reward=-162.8240  cs_rank(-1 * zscore(volume, 20) + zscore(close - open, 20))
[reward_only] iter  6/50 [OK ] reward=-178.5031  cs_rank(zscore(close - open, 20) + zscore(high - low, 20))
[reward_only] iter  7/50 [OK ] reward=-181.0515  cs_rank(zscore(close - open, 20) + zscore(vwap - close, 20))
[reward_only] iter  8/50 [OK ] reward=-162.8240  rank(-1 * zscore(volume, 20) + zscore(close - open, 20))
[reward_only] iter  9/50 [ERR] reward=    -inf  rank(-1 * zscore(volume, 20) + cs_rank(close / (high + low)))
[reward_only] iter 10/50 [OK ] reward=-146.2862  rank(-1 * zscore(volume, 20) + cs_rank(close / (high + low + 1e-5)))
[reward_only] iter 11/50 [OK ] reward=-146.2862  rank(-1 * zscore(volume, 20) + cs_rank(close / (high + low + 1e-5)))
[reward_only] iter 12/50 [OK ] reward=-146.2862  rank(-1 * zscore(volume, 20) + cs_rank(close / (high + low + 1e-5)))
[reward_only] iter 13/50 [OK ] reward=-146.2862  rank(-1 * zscore(volume, 20) + cs_rank(close / (high + low + 1e-5)))
[reward_only] iter 14/50 [OK ] reward=-146.2862  rank(-1 * zscore(volume, 20) + cs_rank(close / (high + low + 1e-5)))
[reward_only] iter 15/50 [OK ] reward=-146.2862  rank(-1 * zscore(volume, 20) + cs_rank(close / (high + low + 1e-5)))
[reward_only] iter 16/50 [OK ] reward=-146.2862  rank(-1 * zscore(volume, 20) + cs_rank(close / (high + low + 1e-5)))
[reward_only] iter 17/50 [OK ] reward=-146.2862  rank(-1 * zscore(volume, 20) + cs_rank(close / (high + low + 1e-5)))
[reward_only] iter 18/50 [OK ] reward=-146.2862  rank(-1 * zscore(volume, 20) + cs_rank(close / (high + low + 1e-5)))
[reward_only] iter 19/50 [OK ] reward=-125.7747  rank(-1 * zscore(volume, 20) + cs_rank(high - low))
[reward_only] iter 20/50 [ERR] reward=    -inf  rank(-1 * zscore(close - open, 20) + cs_rank(volume / (high - low)))
[reward_only] iter 21/50 [OK ] reward=-132.4376  rank(-1 * zscore(volume, 20) + cs_rank(high - low) + ts_rank(close - open, 20))
[reward_only] iter 22/50 [OK ] reward=-125.7747  rank(-1 * zscore(volume, 20) + cs_rank(high - low))
[reward_only] iter 23/50 [OK ] reward=-59.8885  rank(-1 * zscore(close, 20) + cs_rank(high - low))
[reward_only] iter 24/50 [OK ] reward= -6.1836  rank(-1 * zscore(close, 20) + cs_rank(high - low) + decay_linear(close, 20))
[reward_only] iter 25/50 [OK ] reward=-59.8885  rank(-1 * zscore(close, 20) + cs_rank(high - low))
[reward_only] iter 26/50 [OK ] reward= -6.9418  rank(-1 * zscore(close, 20) + cs_rank(high - low) + decay_linear(close, 20) + ts_rank(volume, 20))
[reward_only] iter 27/50 [OK ] reward= -6.1836  rank(-1 * zscore(close, 20) + cs_rank(high - low) + decay_linear(close, 20))
[reward_only] iter 28/50 [OK ] reward=-59.8885  rank(-1 * zscore(close, 20) + cs_rank(high - low))
[reward_only] iter 29/50 [OK ] reward= -6.9418  rank(-1 * zscore(close, 20) + cs_rank(high - low) + decay_linear(close, 20) + ts_rank(volume, 20))
[reward_only] iter 30/50 [OK ] reward= -6.1836  rank(-1 * zscore(close, 20) + cs_rank(high - low) + decay_linear(close, 20))
[reward_only] iter 31/50 [OK ] reward=-59.8885  rank(-1 * zscore(close, 20) + cs_rank(high - low))
[reward_only] iter 32/50 [OK ] reward= -6.2462  rank(-1 * zscore(close, 20) + cs_rank(high - low) + decay_linear(close, 20) - cs_rank(volume))
[reward_only] iter 33/50 [OK ] reward= -6.1836  rank(-1 * zscore(close, 20) + cs_rank(high - low) + decay_linear(close, 20))
[reward_only] iter 34/50 [OK ] reward=-59.8885  rank(-1 * zscore(close, 20) + cs_rank(high - low))
[reward_only] iter 35/50 [OK ] reward= -6.2173  rank(-1 * zscore(close, 20) + cs_rank(high - low) + decay_linear(vwap, 20))
[reward_only] iter 36/50 [OK ] reward=-59.8885  rank(-1 * zscore(close, 20) + cs_rank(high - low))
[reward_only] iter 37/50 [OK ] reward= -6.9418  rank(-1 * zscore(close, 20) + cs_rank(high - low) + decay_linear(close, 20) + ts_rank(volume, 20))
[reward_only] iter 38/50 [OK ] reward= -6.1836  rank(-1 * zscore(close, 20) + cs_rank(high - low) + decay_linear(close, 20))
[reward_only] iter 39/50 [OK ] reward=-59.8885  rank(-1 * zscore(close, 20) + cs_rank(high - low))
[reward_only] iter 40/50 [OK ] reward= -6.2173  rank(-1 * zscore(close, 20) + cs_rank(high - low) + decay_linear(vwap, 20))
[reward_only] iter 41/50 [OK ] reward=-59.8885  rank(-1 * zscore(close, 20) + cs_rank(high - low))
[reward_only] iter 42/50 [OK ] reward= -6.9418  rank(-1 * zscore(close, 20) + cs_rank(high - low) + decay_linear(close, 20) + ts_rank(volume, 20))
[reward_only] iter 43/50 [OK ] reward= -6.1836  rank(-1 * zscore(close, 20) + cs_rank(high - low) + decay_linear(close, 20))
[reward_only] iter 44/50 [OK ] reward=-59.8885  rank(-1 * zscore(close, 20) + cs_rank(high - low))
[reward_only] iter 45/50 [OK ] reward= -6.4440  rank(-1 * zscore(close, 20) + cs_rank(high - low) + decay_linear(close, 20) + cs_rank(volume))
[reward_only] iter 46/50 [OK ] reward= -6.1836  rank(-1 * zscore(close, 20) + cs_rank(high - low) + decay_linear(close, 20))
[reward_only] iter 47/50 [OK ] reward= -2.2559  cs_rank(high - low) + decay_linear(close, 20)
[reward_only] iter 48/50 [OK ] reward= -3.5282  cs_rank(close - vwap) + decay_linear(volume, 20)
[reward_only] iter 49/50 [OK ] reward= -2.2732  cs_rank(high - low) + decay_linear(close, 20) + cs_rank(volume)
[reward_only] iter 50/50 [ERR] reward=    -inf  cs_rank(close / open) + decay_linear(close, 20)
[wfo:reward_only] fold 6 winner: cs_rank(high - low) + decay_linear(close, 20)
[wfo:reward_only] fold 6 OOS: Gross_IR=-0.970 Turnover=3.65 Net_IR=-1.022
[wfo:reward_only] fold 7: train 2008-01-01..2012-12-31 -> test 2013-01-01..2013-12-31
[reward_only] iter  0/50 [SEED] reward=-135.7364  rank(-1 * zscore(volume, 20))
[reward_only] iter  1/50 [OK ] reward=-180.6838  cs_rank(close - open)
[reward_only] iter  2/50 [OK ] reward=-183.2658  cs_rank(zscore(close - open, 20) * zscore(volume, 20))
[reward_only] iter  3/50 [OK ] reward=-107.0885  cs_rank(zscore(close - open, 20) * zscore(volume, 20) + zscore(close, 20))
[reward_only] iter  4/50 [ERR] reward=    -inf  cs_rank(zscore((high - low) / vwap, 20) * zscore(volume, 20) + zscore(close, 20))
[reward_only] iter  5/50 [OK ] reward=-114.8814  cs_rank(zscore((high - low) / (vwap + 1e-5), 20) * zscore(volume, 20) + zscore(close, 20))
[reward_only] iter  6/50 [OK ] reward=-107.0885  cs_rank(zscore(close - open, 20) * zscore(volume, 20) + zscore(close, 20))
[reward_only] iter  7/50 [OK ] reward=-130.2600  cs_rank(zscore(close - open, 20) * zscore(volume, 20) + zscore(close, 20) + zscore(close - vwap, 20))
[reward_only] iter  8/50 [OK ] reward=-107.0885  cs_rank(zscore(close - open, 20) * zscore(volume, 20) + zscore(close, 20))
[reward_only] iter  9/50 [OK ] reward=-123.2933  cs_rank(zscore(close - open, 20) * zscore(volume, 20) + zscore(close, 20) + zscore(vwap - close, 20))
[reward_only] iter 10/50 [OK ] reward=-107.0885  cs_rank(zscore(close - open, 20) * zscore(volume, 20) + zscore(close, 20))
[reward_only] iter 11/50 [OK ] reward=-184.5150  cs_rank(zscore(close - open, 20) * zscore(volume, 20) + zscore(close, 20) * zscore(vwap - close, 20))
[reward_only] iter 12/50 [OK ] reward=-107.0885  cs_rank(zscore(close - open, 20) * zscore(volume, 20) + zscore(close, 20))
[reward_only] iter 13/50 [OK ] reward=-79.8025  cs_rank(ts_rank(close, 20) * zscore(volume, 20) + zscore(close, 20))
[reward_only] iter 14/50 [ERR] reward=    -inf  cs_rank((high - low) / (close - open) + zscore(volume, 20))
[reward_only] iter 15/50 [OK ] reward=-96.3928  cs_rank(ts_rank(close, 20) * zscore(volume, 20) + zscore(close, 20) + cs_rank((high - low) / (close - open + 1e-5)))
[reward_only] iter 16/50 [OK ] reward=-79.8025  cs_rank(ts_rank(close, 20) * zscore(volume, 20) + zscore(close, 20))
[reward_only] iter 17/50 [OK ] reward=-62.3839  cs_rank(ts_rank(close, 20) * cs_rank(volume) + zscore(close, 20))
[reward_only] iter 18/50 [OK ] reward=-59.6768  cs_rank(ts_rank(close, 20) * cs_rank(volume) - zscore(close, 20))
[reward_only] iter 19/50 [OK ] reward=-52.0753  cs_rank(ts_rank(close, 20) * cs_rank(volume) - zscore(close, 20) * decay_linear(close, 20))
[reward_only] iter 20/50 [OK ] reward=-52.2200  cs_rank(ts_rank(close, 20) * cs_rank(volume) - zscore(close, 20) * decay_linear(close, 20) + cs_rank(high - low))
[reward_only] iter 21/50 [OK ] reward=-52.0753  cs_rank(ts_rank(close, 20) * cs_rank(volume) - zscore(close, 20) * decay_linear(close, 20))
[reward_only] iter 22/50 [OK ] reward=-52.2200  cs_rank(ts_rank(close, 20) * cs_rank(volume) - zscore(close, 20) * decay_linear(close, 20) + cs_rank(high - low))
[reward_only] iter 23/50 [OK ] reward=-52.0753  cs_rank(ts_rank(close, 20) * cs_rank(volume) - zscore(close, 20) * decay_linear(close, 20))
[reward_only] iter 24/50 [OK ] reward=-52.2165  cs_rank(ts_rank(close, 20) * cs_rank(volume) - zscore(close, 20) * decay_linear(close, 20) + cs_rank(vwap))
[reward_only] iter 25/50 [OK ] reward=-52.0753  cs_rank(ts_rank(close, 20) * cs_rank(volume) - zscore(close, 20) * decay_linear(close, 20))
[reward_only] iter 26/50 [OK ] reward=-52.8802  cs_rank(ts_rank(close, 20) * cs_rank(volume) - zscore(close, 20) * decay_linear(close, 20) + cs_rank(vwap - close))
[reward_only] iter 27/50 [OK ] reward=-52.0753  cs_rank(ts_rank(close, 20) * cs_rank(volume) - zscore(close, 20) * decay_linear(close, 20))
[reward_only] iter 28/50 [OK ] reward=-52.2082  cs_rank(ts_rank(close, 20) * cs_rank(volume) - zscore(close, 20) * decay_linear(close, 20) + ts_rank(high - low, 20))
[reward_only] iter 29/50 [OK ] reward=-52.0753  cs_rank(ts_rank(close, 20) * cs_rank(volume) - zscore(close, 20) * decay_linear(close, 20))
[reward_only] iter 30/50 [OK ] reward=-52.2165  cs_rank(ts_rank(close, 20) * cs_rank(volume) - zscore(close, 20) * decay_linear(close, 20) + cs_rank(vwap))
[reward_only] iter 31/50 [OK ] reward=-52.0753  cs_rank(ts_rank(close, 20) * cs_rank(volume) - zscore(close, 20) * decay_linear(close, 20))
[reward_only] iter 32/50 [OK ] reward=-52.2200  cs_rank(ts_rank(close, 20) * cs_rank(volume) - zscore(close, 20) * decay_linear(close, 20) + cs_rank(high - low))
[reward_only] iter 33/50 [OK ] reward=-70.3316  cs_rank(ts_rank(close, 20) * cs_rank(volume) - zscore(close, 20) * decay_linear(close, 20)) + cs_rank(high - low)
[reward_only] iter 34/50 [OK ] reward=-52.0753  cs_rank(ts_rank(close, 20) * cs_rank(volume) - zscore(close, 20) * decay_linear(close, 20))
[reward_only] iter 35/50 [OK ] reward=-52.2200  cs_rank(ts_rank(close, 20) * cs_rank(volume) - zscore(close, 20) * decay_linear(close, 20) + cs_rank(high - low))
[reward_only] iter 36/50 [OK ] reward=-52.0753  cs_rank(ts_rank(close, 20) * cs_rank(volume) - zscore(close, 20) * decay_linear(close, 20))
[reward_only] iter 37/50 [OK ] reward=-52.2196  cs_rank(ts_rank(close, 20) * cs_rank(volume) - zscore(close, 20) * decay_linear(close, 20) + ts_rank(vwap, 20))
[reward_only] iter 38/50 [OK ] reward=-52.0753  cs_rank(ts_rank(close, 20) * cs_rank(volume) - zscore(close, 20) * decay_linear(close, 20))
[reward_only] iter 39/50 [OK ] reward=-51.5388  cs_rank(ts_rank(close, 20) * cs_rank(volume) - zscore(close, 20) * decay_linear(close, 20) + cs_rank(vwap - open))
[reward_only] iter 40/50 [OK ] reward=-52.0753  cs_rank(ts_rank(close, 20) * cs_rank(volume) - zscore(close, 20) * decay_linear(close, 20))
[reward_only] iter 41/50 [OK ] reward=-51.7037  cs_rank(ts_rank(close, 20) * cs_rank(volume) - zscore(close, 20) * decay_linear(close, 20) + cs_rank(vwap - open) + cs_rank(stddev(close, 20)))
[reward_only] iter 42/50 [OK ] reward=-51.5388  cs_rank(ts_rank(close, 20) * cs_rank(volume) - zscore(close, 20) * decay_linear(close, 20) + cs_rank(vwap - open))
[reward_only] iter 43/50 [OK ] reward=-52.0753  cs_rank(ts_rank(close, 20) * cs_rank(volume) - zscore(close, 20) * decay_linear(close, 20))
[reward_only] iter 44/50 [OK ] reward=-52.0041  cs_rank(ts_rank(close, 20) * cs_rank(volume) - zscore(close, 20) * decay_linear(close, 20) + cs_rank(vwap - open) * cs_rank(high - low))
[reward_only] iter 45/50 [OK ] reward=-51.5388  cs_rank(ts_rank(close, 20) * cs_rank(volume) - zscore(close, 20) * decay_linear(close, 20) + cs_rank(vwap - open))
[reward_only] iter 46/50 [OK ] reward=-52.0753  cs_rank(ts_rank(close, 20) * cs_rank(volume) - zscore(close, 20) * decay_linear(close, 20))
[reward_only] iter 47/50 [OK ] reward=-52.0041  cs_rank(ts_rank(close, 20) * cs_rank(volume) - zscore(close, 20) * decay_linear(close, 20) + cs_rank(vwap - open) * cs_rank(high - low))
[reward_only] iter 48/50 [OK ] reward=-52.0753  cs_rank(ts_rank(close, 20) * cs_rank(volume) - zscore(close, 20) * decay_linear(close, 20))
[reward_only] iter 49/50 [OK ] reward=-52.0041  cs_rank(ts_rank(close, 20) * cs_rank(volume) - zscore(close, 20) * decay_linear(close, 20) + cs_rank(vwap - open) * cs_rank(high - low))
[reward_only] iter 50/50 [OK ] reward=-51.5388  cs_rank(ts_rank(close, 20) * cs_rank(volume) - zscore(close, 20) * decay_linear(close, 20) + cs_rank(vwap - open))
[wfo:reward_only] fold 7 winner: cs_rank(ts_rank(close, 20) * cs_rank(volume) - zscore(close, 20) * decay_linear(close, 20) + cs_rank(vwap - open))
[wfo:reward_only] fold 7 OOS: Gross_IR=1.258 Turnover=93.78 Net_IR=-5.983
[wfo:reward_only] fold 8: train 2009-01-01..2013-12-31 -> test 2014-01-01..2014-12-31
[reward_only] iter  0/50 [SEED] reward=-134.6240  rank(-1 * zscore(volume, 20))
[reward_only] iter  1/50 [OK ] reward=-179.1195  cs_rank(close - open)
[reward_only] iter  2/50 [OK ] reward=-172.5309  cs_rank(close - open) * zscore(volume, 20)
[reward_only] iter  3/50 [OK ] reward=-138.2816  cs_rank(close - open) * cs_rank(volume)
[reward_only] iter  4/50 [OK ] reward=-140.8690  rank(-1 * zscore(close - open, 20)) * rank(volume)
[reward_only] iter  5/50 [OK ] reward=-140.8690  rank(-1 * zscore(close - open, 20)) * cs_rank(volume)
[reward_only] iter  6/50 [OK ] reward=-95.3562  rank(-1 * zscore(volume, 20)) * cs_rank(vwap)
[reward_only] iter  7/50 [OK ] reward=-120.7925  ts_rank(close - open, 20) * cs_rank(vwap)
[reward_only] iter  8/50 [OK ] reward=-43.6606  rank(-1 * zscore(close, 20)) * cs_rank(vwap)
[reward_only] iter  9/50 [OK ] reward=-56.1251  rank(-1 * zscore(close, 20)) * cs_rank(volume)
[reward_only] iter 10/50 [OK ] reward=-59.1145  rank(-1 * zscore(close, 20)) * cs_rank(vwap) * cs_rank(volume)
[reward_only] iter 11/50 [ERR] reward=    -inf  cs_rank((high - low) / (high + low)) * cs_rank(volume)
[reward_only] iter 12/50 [OK ] reward=-45.0651  rank(-1 * zscore(close, 20)) * cs_rank(sma(volume, 10))
[reward_only] iter 13/50 [OK ] reward=-42.1249  rank(-1 * zscore(close, 20)) * cs_rank(sma(volume, 10)) * cs_rank(decay_linear(high - low, 20))
[reward_only] iter 14/50 [OK ] reward=-45.0651  rank(-1 * zscore(close, 20)) * cs_rank(sma(volume, 10))
[reward_only] iter 15/50 [OK ] reward=-113.3533  rank(-1 * zscore(close, 20)) * cs_rank(sma(volume, 10)) * cs_rank(decay_linear(high - low, 20)) * rank(vwap - close)
[reward_only] iter 16/50 [OK ] reward=-42.1249  rank(-1 * zscore(close, 20)) * cs_rank(sma(volume, 10)) * cs_rank(decay_linear(high - low, 20))
[reward_only] iter 17/50 [OK ] reward=-42.1841  rank(-1 * zscore(close, 20)) * cs_rank(decay_linear(high - low, 20))
[reward_only] iter 18/50 [ERR] reward=    -inf  cs_rank(sma(close, 20) / (sma(close, 20) + sma(close, 60))) * cs_rank(volume) * cs_rank(decay_linear(high - low, 20))
[reward_only] iter 19/50 [OK ] reward=-40.3752  rank(-1 * zscore(close, 20)) * cs_rank(sma(volume, 10)) * cs_rank(decay_linear(high - low, 20)) * cs_rank(sma(close, 20) / (sma(close, 20) + sma(close, 60) + 1e-5))
[reward_only] iter 20/50 [OK ] reward=-35.7122  cs_rank(zscore(close, 20)) * cs_rank(sma(volume, 10)) * cs_rank(decay_linear(high - low, 20)) * cs_rank(sma(close, 20) / (sma(close, 20) + sma(close, 60) + 1e-5))
[reward_only] iter 21/50 [OK ] reward=-35.7122  cs_rank(zscore(close, 20)) * cs_rank(sma(volume, 10)) * cs_rank(decay_linear(high - low, 20)) * cs_rank(sma(close, 20) / (sma(close, 20) + sma(close, 60) + 1e-5))
[reward_only] iter 22/50 [OK ] reward=-44.3859  cs_rank(zscore(close, 20)) * cs_rank(sma(volume, 10)) * cs_rank(decay_linear(high - low, 20))
[reward_only] iter 23/50 [OK ] reward=-44.3859  cs_rank(zscore(close, 20)) * cs_rank(sma(volume, 10)) * cs_rank(decay_linear(high - low, 20))
[reward_only] iter 24/50 [OK ] reward=-35.6122  cs_rank(zscore(close, 20)) * cs_rank(sma(volume, 10)) * cs_rank(decay_linear(high - low, 20)) * cs_rank(sma(close, 20) / (sma(close, 60) + 1e-5))
[reward_only] iter 25/50 [OK ] reward=-44.3859  cs_rank(zscore(close, 20)) * cs_rank(sma(volume, 10)) * cs_rank(decay_linear(high - low, 20))
[reward_only] iter 26/50 [OK ] reward=-35.6122  cs_rank(zscore(close, 20)) * cs_rank(sma(volume, 10)) * cs_rank(decay_linear(high - low, 20)) * cs_rank(sma(close, 20) / (sma(close, 60) + 1e-5))
[reward_only] iter 27/50 [OK ] reward=-44.3859  cs_rank(zscore(close, 20)) * cs_rank(sma(volume, 10)) * cs_rank(decay_linear(high - low, 20))
[reward_only] iter 28/50 [OK ] reward=-44.3859  cs_rank(zscore(close, 20)) * cs_rank(sma(volume, 10)) * cs_rank(decay_linear(high - low, 20))
[reward_only] iter 29/50 [OK ] reward=-44.3859  cs_rank(zscore(close, 20)) * cs_rank(sma(volume, 10)) * cs_rank(decay_linear(high - low, 20))
[reward_only] iter 30/50 [OK ] reward=-35.6122  cs_rank(zscore(close, 20)) * cs_rank(sma(volume, 10)) * cs_rank(decay_linear(high - low, 20)) * cs_rank(sma(close, 20) / (sma(close, 60) + 1e-5))
[reward_only] iter 31/50 [OK ] reward=-44.3859  cs_rank(zscore(close, 20)) * cs_rank(sma(volume, 10)) * cs_rank(decay_linear(high - low, 20))
[reward_only] iter 32/50 [OK ] reward=-35.6122  cs_rank(zscore(close, 20)) * cs_rank(sma(volume, 10)) * cs_rank(decay_linear(high - low, 20)) * cs_rank(sma(close, 20) / (sma(close, 60) + 1e-5))
[reward_only] iter 33/50 [OK ] reward=-44.3859  cs_rank(zscore(close, 20)) * cs_rank(sma(volume, 10)) * cs_rank(decay_linear(high - low, 20))
[reward_only] iter 34/50 [ERR] reward=    -inf  cs_rank(zscore(close, 20)) * cs_rank(sma(volume, 10)) * cs_rank(decay_linear(high - low, 20)) * cs_rank(sma(close, 20) / sma(close, 60))
[reward_only] iter 35/50 [OK ] reward=-35.6122  cs_rank(zscore(close, 20)) * cs_rank(sma(volume, 10)) * cs_rank(decay_linear(high - low, 20)) * cs_rank(sma(close, 20) / (sma(close, 60) + 1e-5))
[reward_only] iter 36/50 [OK ] reward=-44.3859  cs_rank(zscore(close, 20)) * cs_rank(sma(volume, 10)) * cs_rank(decay_linear(high - low, 20))
[reward_only] iter 37/50 [OK ] reward=-35.6122  cs_rank(zscore(close, 20)) * cs_rank(sma(volume, 10)) * cs_rank(decay_linear(high - low, 20)) * cs_rank(sma(close, 20) / (sma(close, 60) + 1e-5))
[reward_only] iter 38/50 [OK ] reward=-44.3859  cs_rank(zscore(close, 20)) * cs_rank(sma(volume, 10)) * cs_rank(decay_linear(high - low, 20))
[reward_only] iter 39/50 [OK ] reward=-35.6122  cs_rank(zscore(close, 20)) * cs_rank(sma(volume, 10)) * cs_rank(decay_linear(high - low, 20)) * cs_rank(sma(close, 20) / (sma(close, 60) + 1e-5))
[reward_only] iter 40/50 [OK ] reward=-44.3859  cs_rank(zscore(close, 20)) * cs_rank(sma(volume, 10)) * cs_rank(decay_linear(high - low, 20))
[reward_only] iter 41/50 [OK ] reward=-44.3859  cs_rank(zscore(close, 20)) * cs_rank(sma(volume, 10)) * cs_rank(decay_linear(high - low, 20))
[reward_only] iter 42/50 [OK ] reward=-44.3859  cs_rank(zscore(close, 20)) * cs_rank(sma(volume, 10)) * cs_rank(decay_linear(high - low, 20))
[reward_only] iter 43/50 [OK ] reward=-35.6122  cs_rank(zscore(close, 20)) * cs_rank(sma(volume, 10)) * cs_rank(decay_linear(high - low, 20)) * cs_rank(sma(close, 20) / (sma(close, 60) + 1e-5))
[reward_only] iter 44/50 [OK ] reward=-44.3859  cs_rank(zscore(close, 20)) * cs_rank(sma(volume, 10)) * cs_rank(decay_linear(high - low, 20))
[reward_only] iter 45/50 [OK ] reward=-41.3514  cs_rank(zscore(close, 20)) * cs_rank(sma(volume, 10)) * cs_rank(decay_linear(high - low, 20)) * cs_rank(close / (sma(close, 60) + 1e-5))
[reward_only] iter 46/50 [OK ] reward=-44.3859  cs_rank(zscore(close, 20)) * cs_rank(sma(volume, 10)) * cs_rank(decay_linear(high - low, 20))
[reward_only] iter 47/50 [OK ] reward=-44.3859  cs_rank(zscore(close, 20)) * cs_rank(sma(volume, 10)) * cs_rank(decay_linear(high - low, 20))
[reward_only] iter 48/50 [ERR] reward=    -inf  cs_rank(zscore(close, 20)) * cs_rank(sma(volume, 10)) * cs_rank(decay_linear(high - low, 20)) * cs_rank(sma(close, 20) / (sma(close, 60) + 1e-5)) * cs_rank(close / open)
[reward_only] iter 49/50 [ERR] reward=    -inf  cs_rank(zscore(close, 20)) * cs_rank(sma(volume, 10)) * cs_rank(decay_linear(high - low, 20)) * cs_rank(sma(close, 20) / (sma(close, 60) + 1e-5)) * cs_rank(open / close + 1e-5)
[reward_only] iter 50/50 [ERR] reward=    -inf  cs_rank(zscore(close, 20)) * cs_rank(sma(volume, 10)) * cs_rank(decay_linear(high - low, 20)) * cs_rank(sma(close, 20) / (sma(close, 60) + 1e-5)) * cs_rank(cs_rank(open / close + 1e-5))
[wfo:reward_only] fold 8 winner: cs_rank(zscore(close, 20)) * cs_rank(sma(volume, 10)) * cs_rank(decay_linear(high - low, 20)) * cs_rank(sma(close, 20) / (sma(close, 60) + 1e-5))
[wfo:reward_only] fold 8 OOS: Gross_IR=0.154 Turnover=62.24 Net_IR=-3.194
[wfo:reward_only] fold 9: train 2010-01-01..2014-12-31 -> test 2015-01-01..2015-12-31
[reward_only] iter  0/50 [SEED] reward=-133.0342  rank(-1 * zscore(volume, 20))
[reward_only] iter  1/50 [OK ] reward=-150.8758  cs_rank(-1 * (zscore(volume, 20) + zscore(high - low, 20)))
[reward_only] iter  2/50 [OK ] reward=-158.0879  cs_rank(-1 * (zscore(volume, 20) + zscore(close - open, 20)))
[reward_only] iter  3/50 [OK ] reward=-180.6199  cs_rank(-1 * zscore(close - open, 20))
[reward_only] iter  4/50 [OK ] reward=-141.3417  rank(-1 * zscore(volume, 20) + cs_rank(-1 * zscore(close - open, 20)))
[reward_only] iter  5/50 [OK ] reward=-141.4394  rank(-1 * zscore(volume, 20) + cs_rank(-1 * zscore(vwap - open, 20)))
[reward_only] iter  6/50 [OK ] reward=-141.3417  rank(-1 * zscore(volume, 20) + cs_rank(-1 * zscore(close - open, 20)))
[reward_only] iter  7/50 [OK ] reward=-133.0342  cs_rank(-1 * zscore(volume, 20))
[reward_only] iter  8/50 [OK ] reward=-180.6199  cs_rank(-1 * zscore(close - open, 20))
[reward_only] iter  9/50 [OK ] reward=-141.3417  cs_rank(-1 * zscore(volume, 20) + cs_rank(-1 * zscore(close - open, 20)))
[reward_only] iter 10/50 [OK ] reward=-180.6199  rank(-1 * zscore(close - open, 20))
[reward_only] iter 11/50 [OK ] reward=-145.7336  cs_rank(-1 * zscore(volume, 20) * cs_rank(zscore(close - open, 20)))
[reward_only] iter 12/50 [OK ] reward=-179.2793  cs_rank(zscore(close - open, 20) * zscore(volume, 20))
[reward_only] iter 13/50 [OK ] reward=-180.0573  cs_rank(zscore(close - open, 20) * zscore(volume, 20)) + rank(-1 * zscore(volume, 20))
[reward_only] iter 14/50 [OK ] reward=-171.4152  rank(-1 * zscore(volume, 20)) + rank(zscore(close - open, 20))
[reward_only] iter 15/50 [ERR] reward=    -inf  rank(-1 * zscore(volume, 20)) + rank(zscore((high - low) / close, 20))
[reward_only] iter 16/50 [OK ] reward=-160.1075  cs_rank(-1 * zscore(volume, 20) + zscore((high - low) / (close + 1e-5), 20))
[reward_only] iter 17/50 [OK ] reward=-160.1075  cs_rank(-1 * zscore(volume, 20) + zscore((high - low) / (close + 1e-5), 20))
[reward_only] iter 18/50 [OK ] reward=-160.1095  rank(-1 * zscore(volume, 20) + zscore(close - open, 20))
[reward_only] iter 19/50 [OK ] reward=-168.5194  rank(-1 * zscore(close - open, 20) + cs_rank(volume))
[reward_only] iter 20/50 [OK ] reward=-141.5802  rank(-1 * zscore(volume, 20) + cs_rank(zscore(close - open, 20)))
[reward_only] iter 21/50 [OK ] reward=-160.1095  cs_rank(-1 * zscore(volume, 20) + zscore(close - open, 20))
[reward_only] iter 22/50 [OK ] reward=-160.1095  rank(-1 * zscore(volume, 20) + zscore(close - open, 20))
[reward_only] iter 23/50 [OK ] reward=-168.5194  rank(-1 * zscore(close - open, 20) + cs_rank(volume))
[reward_only] iter 24/50 [OK ] reward=-168.5694  rank(-1 * zscore(close - open, 20) + cs_rank(volume / (volume + 1e-5)))
[reward_only] iter 25/50 [ERR] reward=    -inf  rank(-1 * zscore(volume, 20) + cs_rank((close - open) / (high - low)))
[reward_only] iter 26/50 [OK ] reward=-142.1772  rank(-1 * zscore(volume, 20) + cs_rank((close - open) / (high - low + 1e-5)))
[reward_only] iter 27/50 [OK ] reward=-134.8431  rank(-1 * zscore(volume, 20) + cs_rank(close / (high - low + 1e-5)))
[reward_only] iter 28/50 [OK ] reward=-134.8431  rank(-1 * zscore(volume, 20) + cs_rank(close / (high - low + 1e-5)))
[reward_only] iter 29/50 [OK ] reward=-134.8431  rank(-1 * zscore(volume, 20) + cs_rank(close / (high - low + 1e-5)))
[reward_only] iter 30/50 [OK ] reward=-134.8564  rank(-1 * zscore(volume, 20) + cs_rank(vwap / (high - low + 1e-5)))
[reward_only] iter 31/50 [OK ] reward=-134.8564  rank(-1 * zscore(volume, 20) + cs_rank(vwap / (high - low + 1e-5)))
[reward_only] iter 32/50 [OK ] reward=-134.8564  cs_rank(-1 * zscore(volume, 20) + rank(vwap / (high - low + 1e-5)))
[reward_only] iter 33/50 [OK ] reward=-93.9477  cs_rank(-1 * zscore(volume, 20) + zscore(close, 20))
[reward_only] iter 34/50 [OK ] reward=-159.2654  cs_rank(-1 * zscore(close - open, 20) + zscore(volume, 20))
[reward_only] iter 35/50 [OK ] reward=-134.7117  cs_rank(-1 * zscore(close, 20) + zscore(volume, 20) + zscore(vwap, 20))
[reward_only] iter 36/50 [OK ] reward=-134.7117  cs_rank(-1 * zscore(close, 20) + zscore(volume, 20) + zscore(vwap, 20))
[reward_only] iter 37/50 [OK ] reward=-119.0187  cs_rank(-1 * zscore(close, 20) + zscore(volume, 20) + decay_linear(zscore(vwap, 20), 10))
[reward_only] iter 38/50 [OK ] reward=-134.7117  cs_rank(-1 * zscore(close, 20) + zscore(volume, 20) + zscore(vwap, 20))
[reward_only] iter 39/50 [OK ] reward=-134.7117  cs_rank(-1 * zscore(close, 20) + zscore(volume, 20) + zscore(vwap, 20))
[reward_only] iter 40/50 [OK ] reward=-70.5456  cs_rank(-1 * zscore(volume, 20) + zscore(close, 20) + decay_linear(zscore(vwap, 20), 20))
[reward_only] iter 41/50 [OK ] reward=-71.5402  cs_rank(-1 * zscore(volume, 20) + zscore(close, 20) + zscore(vwap, 20))
[reward_only] iter 42/50 [OK ] reward=-91.5589  cs_rank(-1 * zscore(volume, 20) + zscore(close, 20) + decay_linear(zscore(high - low, 20), 20))
[reward_only] iter 43/50 [OK ] reward=-70.5456  cs_rank(-1 * zscore(volume, 20) + zscore(close, 20) + decay_linear(zscore(vwap, 20), 20))
[reward_only] iter 44/50 [OK ] reward=-71.5402  cs_rank(-1 * zscore(volume, 20) + zscore(close, 20) + zscore(vwap, 20))
[reward_only] iter 45/50 [OK ] reward=-87.7786  cs_rank(-1 * zscore(volume, 20) + zscore(close, 20) + ts_rank(close, 20))
[reward_only] iter 46/50 [OK ] reward=-71.5402  cs_rank(-1 * zscore(volume, 20) + zscore(close, 20) + zscore(vwap, 20))
[reward_only] iter 47/50 [OK ] reward=-60.8170  cs_rank(ts_rank(close, 20) - ts_rank(volume, 20) + zscore(vwap, 20))
[reward_only] iter 48/50 [OK ] reward=-58.5122  cs_rank(ts_rank(close, 20) - ts_rank(volume, 20) + zscore(vwap, 20) + decay_linear(close - open, 20))
[reward_only] iter 49/50 [OK ] reward=-60.8170  cs_rank(ts_rank(close, 20) - ts_rank(volume, 20) + zscore(vwap, 20))
[reward_only] iter 50/50 [OK ] reward=-72.1146  cs_rank(ts_rank(close, 20) - ts_rank(volume, 20) + zscore(vwap, 20) + decay_linear(close - open, 20) + ts_rank(close - open, 20))
[wfo:reward_only] fold 9 winner: cs_rank(ts_rank(close, 20) - ts_rank(volume, 20) + zscore(vwap, 20) + decay_linear(close - open, 20))
[wfo:reward_only] fold 9 OOS: Gross_IR=0.176 Turnover=102.94 Net_IR=-4.425
[wfo:reward_only] fold 10: train 2011-01-01..2015-12-31 -> test 2016-01-01..2016-12-31
[reward_only] iter  0/50 [SEED] reward=-132.5806  rank(-1 * zscore(volume, 20))
[reward_only] iter  1/50 [OK ] reward=-51.9132  cs_rank(-1 * zscore(vwap, 20))
[reward_only] iter  2/50 [ERR] reward=    -inf  cs_rank((close - open) / (high - low))
[reward_only] iter  3/50 [OK ] reward=-68.2759  cs_rank(-1 * zscore(vwap, 20) + cs_rank((close - open) / (high - low + 1e-5)))
[reward_only] iter  4/50 [OK ] reward=-68.4766  cs_rank(-1 * zscore(vwap, 20) + cs_rank(close - open))
[reward_only] iter  5/50 [OK ] reward=-132.2462  cs_rank(close - open) / (cs_rank(volume) + 1e-5)
[reward_only] iter  6/50 [OK ] reward=-50.6127  cs_rank(-1 * zscore(vwap, 20) * cs_rank(volume))
[reward_only] iter  7/50 [OK ] reward=-58.3778  cs_rank(-1 * ts_rank(close, 20) * cs_rank(volume))
[reward_only] iter  8/50 [OK ] reward=-175.7494  cs_rank(-1 * zscore(close - open, 20) * cs_rank(volume))
[reward_only] iter  9/50 [ERR] reward=    -inf  cs_rank(-1 * zscore(vwap, 20) * cs_rank(close / open))
[reward_only] iter 10/50 [OK ] reward=-48.0661  cs_rank(-1 * zscore(vwap, 20) * cs_rank(volume / (close + 1e-5)))
[reward_only] iter 11/50 [OK ] reward=-54.6566  cs_rank(-1 * zscore(close, 20) * cs_rank(volume / (close + 1e-5)))
[reward_only] iter 12/50 [OK ] reward=-51.6895  cs_rank(-1 * ts_rank(close, 20) * cs_rank(volume / (close + 1e-5)))
[reward_only] iter 13/50 [OK ] reward=-144.5328  cs_rank(-1 * zscore(volume, 20) * cs_rank(close / (vwap + 1e-5)))
[reward_only] iter 14/50 [OK ] reward=-54.6566  cs_rank(-1 * zscore(close, 20) * cs_rank(volume / (close + 1e-5)))
[reward_only] iter 15/50 [OK ] reward=-51.6895  cs_rank(-1 * ts_rank(close, 20) * cs_rank(volume / (close + 1e-5)))
[reward_only] iter 16/50 [OK ] reward=-175.7543  cs_rank(-1 * zscore(close - open, 20) * cs_rank(volume / (close + 1e-5)))
[reward_only] iter 17/50 [OK ] reward=-48.0661  cs_rank(-1 * zscore(vwap, 20) * cs_rank(volume / (close + 1e-5)))
[reward_only] iter 18/50 [OK ] reward=-175.7543  cs_rank(-1 * zscore(close - open, 20) * cs_rank(volume / (close + 1e-5)))
[reward_only] iter 19/50 [OK ] reward=-48.0661  cs_rank(-1 * zscore(vwap, 20) * cs_rank(volume / (close + 1e-5)))
[reward_only] iter 20/50 [OK ] reward=-175.7388  cs_rank(-1 * zscore(close - open, 20) * cs_rank(volume / (high + 1e-5)))
[reward_only] iter 21/50 [OK ] reward=-48.0661  cs_rank(-1 * zscore(vwap, 20) * cs_rank(volume / (close + 1e-5)))
[reward_only] iter 22/50 [ERR] reward=    -inf  cs_rank(sma(close, 20) / close)
[reward_only] iter 23/50 [OK ] reward=-71.2509  cs_rank(-1 * zscore(vwap, 20) * cs_rank(volume / (close + 1e-5)) * cs_rank((high - low) / (close + 1e-5)))
[reward_only] iter 24/50 [OK ] reward=-48.0661  cs_rank(-1 * zscore(vwap, 20) * cs_rank(volume / (close + 1e-5)))
[reward_only] iter 25/50 [OK ] reward=-153.3897  cs_rank(-1 * zscore(high - low, 20) * cs_rank(volume / (close + 1e-5)))
[reward_only] iter 26/50 [OK ] reward=-48.0661  cs_rank(-1 * zscore(vwap, 20) * cs_rank(volume / (close + 1e-5)))
[reward_only] iter 27/50 [OK ] reward=-175.7543  cs_rank(-1 * zscore(close - open, 20) * cs_rank(volume / (close + 1e-5)))
[reward_only] iter 28/50 [OK ] reward=-48.0661  cs_rank(-1 * zscore(vwap, 20) * cs_rank(volume / (close + 1e-5)))
[reward_only] iter 29/50 [OK ] reward=-175.7543  cs_rank(-1 * zscore(close - open, 20) * cs_rank(volume / (close + 1e-5)))
[reward_only] iter 30/50 [OK ] reward=-48.0661  cs_rank(-1 * zscore(vwap, 20) * cs_rank(volume / (close + 1e-5)))
[reward_only] iter 31/50 [OK ] reward=-72.5113  cs_rank((high - low) / (close + 1e-5) * cs_rank(volume / (close + 1e-5)))
[reward_only] iter 32/50 [OK ] reward=-54.6566  cs_rank(-1 * zscore(close, 20) * cs_rank(volume / (close + 1e-5)))
[reward_only] iter 33/50 [OK ] reward=-54.6566  cs_rank(-1 * zscore(close, 20) * cs_rank(volume / (close + 1e-5)))
[reward_only] iter 34/50 [OK ] reward=-51.6895  cs_rank(-1 * ts_rank(close, 20) * cs_rank(volume / (close + 1e-5)))
[reward_only] iter 35/50 [OK ] reward=-62.8021  cs_rank(-1 * zscore(vwap, 20) * cs_rank(volume / (close + 1e-5)) * cs_rank(high - low))
[reward_only] iter 36/50 [OK ] reward=-48.0661  cs_rank(-1 * zscore(vwap, 20) * cs_rank(volume / (close + 1e-5)))
[reward_only] iter 37/50 [OK ] reward=-51.6895  cs_rank(-1 * ts_rank(close, 20) * cs_rank(volume / (close + 1e-5)))
[reward_only] iter 38/50 [OK ] reward=-78.1657  cs_rank(-1 * zscore(vwap, 20) * cs_rank(volume / (close + 1e-5)) * cs_rank(close - open))
[reward_only] iter 39/50 [OK ] reward=-48.0661  cs_rank(-1 * zscore(vwap, 20) * cs_rank(volume / (close + 1e-5)))
[reward_only] iter 40/50 [OK ] reward=-175.7543  cs_rank(-1 * zscore(close - open, 20) * cs_rank(volume / (close + 1e-5)))
[reward_only] iter 41/50 [OK ] reward=-48.0661  cs_rank(-1 * zscore(vwap, 20) * cs_rank(volume / (close + 1e-5)))
[reward_only] iter 42/50 [ERR] reward=    -inf  cs_rank(-1 * zscore((close - open) / open, 20) * cs_rank(volume / (close + 1e-5)))
[reward_only] iter 43/50 [OK ] reward=-48.0661  cs_rank(-1 * zscore(vwap, 20) * cs_rank(volume / (close + 1e-5)))
[reward_only] iter 44/50 [OK ] reward=-175.7543  cs_rank(-1 * zscore(close - open, 20) * cs_rank(volume / (close + 1e-5)))
[reward_only] iter 45/50 [OK ] reward=-48.0661  cs_rank(-1 * zscore(vwap, 20) * cs_rank(volume / (close + 1e-5)))
[reward_only] iter 46/50 [OK ] reward=-175.7543  cs_rank(-1 * zscore(close - open, 20) * cs_rank(volume / (close + 1e-5)))
[reward_only] iter 47/50 [OK ] reward=-48.0661  cs_rank(-1 * zscore(vwap, 20) * cs_rank(volume / (close + 1e-5)))
[reward_only] iter 48/50 [ERR] reward=    -inf  cs_rank(close / open - 1) * cs_rank(volume / (close + 1e-5))
[reward_only] iter 49/50 [ERR] reward=    -inf  cs_rank(-1 * zscore(vwap, 20) * cs_rank(volume / (close + 1e-5))) * cs_rank(close / open - 1)
[reward_only] iter 50/50 [OK ] reward=-139.9025  cs_rank(-1 * zscore(vwap, 20) * cs_rank(volume / (close + 1e-5))) * cs_rank((close - open) / (open + 1e-5))
[wfo:reward_only] fold 10 winner: cs_rank(-1 * zscore(vwap, 20) * cs_rank(volume / (close + 1e-5)))
[wfo:reward_only] fold 10 OOS: Gross_IR=2.281 Turnover=88.96 Net_IR=-2.106
[wfo:reward_only] fold 11: train 2012-01-01..2016-12-31 -> test 2017-01-01..2017-12-31
[reward_only] iter  0/50 [SEED] reward=-131.8877  rank(-1 * zscore(volume, 20))
[reward_only] iter  1/50 [ERR] reward=    -inf  cs_rank((close - open) / (high - low) + zscore(volume, 20))
[reward_only] iter  2/50 [OK ] reward=-164.9352  rank(-1 * zscore(volume, 20)) + ts_rank((close - open) / (high - low + 1e-5), 20)
[reward_only] iter  3/50 [OK ] reward=-169.5674  cs_rank(-1 * zscore(volume, 20)) + cs_rank((close - open) / (high - low + 1e-5))
[reward_only] iter  4/50 [OK ] reward=-169.5674  rank(-1 * zscore(volume, 20)) + rank((close - open) / (high - low + 1e-5))
[reward_only] iter  5/50 [OK ] reward=-136.0573  rank(-1 * zscore(volume, 20)) + rank(close / (high - low + 1e-5))
[reward_only] iter  6/50 [OK ] reward=-136.0573  rank(-1 * zscore(volume, 20)) + rank(close / (high - low + 1e-5))
[reward_only] iter  7/50 [OK ] reward=-136.0573  rank(-1 * zscore(volume, 20)) + rank(close / (high - low + 1e-5))
[reward_only] iter  8/50 [OK ] reward=-169.2583  rank(-1 * zscore(volume, 20)) + rank(close - open)
[reward_only] iter  9/50 [OK ] reward=-175.6292  cs_rank(close - open)
[reward_only] iter 10/50 [OK ] reward=-180.5077  cs_rank(-1 * zscore(close - vwap, 20))
[reward_only] iter 11/50 [OK ] reward=-174.4003  cs_rank(-1 * zscore(close - vwap, 20) / (stddev(close, 20) + 1e-5))
[reward_only] iter 12/50 [OK ] reward=-173.9075  rank(-1 * zscore(close - open, 20) / (stddev(close, 20) + 1e-5))
[reward_only] iter 13/50 [OK ] reward=-173.9075  rank(-1 * zscore(close - open, 20) / (stddev(close, 20) + 1e-5))
[reward_only] iter 14/50 [ERR] reward=    -inf  rank(-1 * zscore((close - open) / (high - low), 20))
[reward_only] iter 15/50 [OK ] reward=-144.6705  rank(-1 * zscore(volume, 20) * cs_rank((close - open) / (high - low + 1e-5)))
[reward_only] iter 16/50 [OK ] reward=-180.2793  rank(-1 * zscore(volume, 20) * (close - open) / (high - low + 1e-5))
[reward_only] iter 17/50 [OK ] reward=-144.2227  rank(-1 * zscore(volume, 20) * cs_rank(close - open))
[reward_only] iter 18/50 [ERR] reward=    -inf  cs_rank(close / open - 1) * zscore(volume, 20)
[reward_only] iter 19/50 [ERR] reward=    -inf  rank(-1 * zscore(volume, 20) * cs_rank(close / open - 1))
[reward_only] iter 20/50 [OK ] reward=-143.9981  rank(-1 * zscore(volume, 20) * cs_rank((close - open) / (open + 1e-5)))
[reward_only] iter 21/50 [OK ] reward=-131.8877  cs_rank(-1 * zscore(volume, 20))
[reward_only] iter 22/50 [OK ] reward=-122.9042  cs_rank(-1 * zscore(volume, 20) + ts_rank(close, 20))
[reward_only] iter 23/50 [ERR] reward=    -inf  cs_rank(-1 * zscore(volume, 20) + ts_rank((close - open) / (high - low), 20))
[reward_only] iter 24/50 [OK ] reward=-139.1055  cs_rank(-1 * zscore(volume, 20) + ts_rank((close - open) / (high - low + 1e-5), 20))
[reward_only] iter 25/50 [OK ] reward=-122.9042  cs_rank(-1 * zscore(volume, 20) + ts_rank(close, 20))
[reward_only] iter 26/50 [OK ] reward=-132.0917  cs_rank(-1 * zscore(volume, 20) + ts_rank(close, 20) + cs_rank(vwap - close))
[reward_only] iter 27/50 [OK ] reward=-122.9042  cs_rank(-1 * zscore(volume, 20) + ts_rank(close, 20))
[reward_only] iter 28/50 [OK ] reward= -6.9873  cs_rank(-1 * zscore(volume, 20) + ts_rank(close, 20) + decay_linear(vwap, 20))
[reward_only] iter 29/50 [OK ] reward= -7.7013  cs_rank(-1 * zscore(volume, 20) + ts_rank(close, 20) + decay_linear(vwap, 20) + cs_rank(close / (open + 1e-5)))
[reward_only] iter 30/50 [OK ] reward= -6.9873  cs_rank(-1 * zscore(volume, 20) + ts_rank(close, 20) + decay_linear(vwap, 20))
[reward_only] iter 31/50 [OK ] reward= -6.8917  cs_rank(-1 * zscore(volume, 20) + ts_rank(close, 20) + decay_linear(vwap, 20) + cs_rank(high - low))
[reward_only] iter 32/50 [OK ] reward=-115.7025  cs_rank(-1 * zscore(volume, 20) + ts_rank(close, 20) + cs_rank(high - low))
[reward_only] iter 33/50 [OK ] reward= -6.9873  cs_rank(-1 * zscore(volume, 20) + ts_rank(close, 20) + decay_linear(vwap, 20))
[reward_only] iter 34/50 [ERR] reward=    -inf  cs_rank(-1 * zscore(volume, 20) + ts_rank(close, 20) + decay_linear(vwap, 20) + cs_rank((high - low) / close))
[reward_only] iter 35/50 [OK ] reward= -6.9808  cs_rank(-1 * zscore(volume, 20) + ts_rank(close, 20) + decay_linear(vwap, 20) + cs_rank((high - low) / (close + 1e-5)))
[reward_only] iter 36/50 [OK ] reward= -6.9873  cs_rank(-1 * zscore(volume, 20) + ts_rank(close, 20) + decay_linear(vwap, 20))
[reward_only] iter 37/50 [ERR] reward=    -inf  cs_rank(-1 * zscore(volume, 20) + ts_rank(close, 20) + decay_linear(vwap, 20) + cs_rank(high - low) + cs_rank(close / open))
[reward_only] iter 38/50 [OK ] reward= -7.6406  cs_rank(-1 * zscore(volume, 20) + ts_rank(close, 20) + decay_linear(vwap, 20) + cs_rank(high - low) + cs_rank(close / (open + 1e-5)))
[reward_only] iter 39/50 [OK ] reward= -6.8917  cs_rank(-1 * zscore(volume, 20) + ts_rank(close, 20) + decay_linear(vwap, 20) + cs_rank(high - low))
[reward_only] iter 40/50 [OK ] reward= -4.0889  cs_rank(ts_rank(close, 20) + decay_linear(vwap, 20) + cs_rank(high - low))
[reward_only] iter 41/50 [OK ] reward= -3.9104  cs_rank(ts_rank(close, 20) + decay_linear(vwap, 20) + cs_rank(volume / (volume + 1e-5)))
[reward_only] iter 42/50 [OK ] reward= -3.9467  cs_rank(ts_rank(close, 20) - ts_rank(low, 20) + decay_linear(vwap, 20) + cs_rank(volume / (volume + 1e-5)))
[reward_only] iter 43/50 [OK ] reward= -3.9104  cs_rank(ts_rank(close, 20) + decay_linear(vwap, 20) + cs_rank(volume / (volume + 1e-5)))
[reward_only] iter 44/50 [OK ] reward= -3.6966  cs_rank(ts_rank(close, 20) - ts_rank(low, 20) + decay_linear(vwap, 20))
[reward_only] iter 45/50 [OK ] reward= -4.4202  cs_rank(ts_rank(close, 20) - ts_rank(low, 20) + decay_linear(vwap, 20) + ts_rank(volume, 20))
[reward_only] iter 46/50 [OK ] reward= -4.8194  cs_rank(ts_rank(close, 20) - ts_rank(low, 20) + decay_linear(vwap, 20) + ts_rank(high - low, 20))
[reward_only] iter 47/50 [OK ] reward= -3.6966  cs_rank(ts_rank(close, 20) - ts_rank(low, 20) + decay_linear(vwap, 20))
[reward_only] iter 48/50 [OK ] reward=-141.0278  cs_rank(ts_rank(close, 20) - ts_rank(low, 20) + ts_rank(volume, 20))
[reward_only] iter 49/50 [OK ] reward= -4.2811  cs_rank(ts_rank(close, 20) - ts_rank(low, 20) + decay_linear(vwap, 20) - ts_rank(volume, 20))
[reward_only] iter 50/50 [OK ] reward= -4.4202  cs_rank(ts_rank(close, 20) - ts_rank(low, 20) + decay_linear(vwap, 20) + ts_rank(volume, 20))
[wfo:reward_only] fold 11 winner: cs_rank(ts_rank(close, 20) - ts_rank(low, 20) + decay_linear(vwap, 20))
[wfo:reward_only] fold 11 OOS: Gross_IR=-0.094 Turnover=3.78 Net_IR=-0.374
[wfo:reward_only] fold 12: train 2013-01-01..2017-12-31 -> test 2018-01-01..2018-12-31
[reward_only] iter  0/50 [SEED] reward=-131.7493  rank(-1 * zscore(volume, 20))
[reward_only] iter  1/50 [OK ] reward=-173.6287  rank(close - open)
[reward_only] iter  2/50 [OK ] reward=-158.1395  rank(-1 * (zscore(volume, 20) + zscore(close - open, 20)))
[reward_only] iter  3/50 [OK ] reward=-158.1395  rank(-1 * (zscore(close - open, 20) + zscore(volume, 20)))
[reward_only] iter  4/50 [OK ] reward=-159.3131  cs_rank(-1 * zscore(vwap - open, 20) + zscore(volume, 20))
[reward_only] iter  5/50 [OK ] reward=-158.6372  cs_rank(-1 * zscore(close - open, 20) + zscore(volume, 20))
[reward_only] iter  6/50 [OK ] reward=-164.5500  cs_rank(-1 * zscore(close - open, 20) + decay_linear(zscore(volume, 20), 20))
[reward_only] iter  7/50 [OK ] reward=-164.5500  cs_rank(-1 * zscore(close - open, 20) + decay_linear(zscore(volume, 20), 20))
[reward_only] iter  8/50 [OK ] reward=-164.5500  rank(-1 * zscore(close - open, 20) + decay_linear(zscore(volume, 20), 20))
[reward_only] iter  9/50 [OK ] reward=-159.5949  rank(-1 * zscore(volume, 20) + zscore(close - open, 20))
[reward_only] iter 10/50 [OK ] reward=-179.6229  rank(-1 * zscore(close - open, 20))
[reward_only] iter 11/50 [OK ] reward=-50.9196  rank(-1 * zscore(vwap, 20))
[reward_only] iter 12/50 [OK ] reward=-37.4571  rank(-1 * (vwap - sma(vwap, 20)))
[reward_only] iter 13/50 [OK ] reward=-67.3316  rank(-1 * (vwap - sma(vwap, 20)) + zscore(volume, 20))
[reward_only] iter 14/50 [OK ] reward=-67.3316  cs_rank(-1 * (vwap - sma(vwap, 20)) + zscore(volume, 20))
[reward_only] iter 15/50 [OK ] reward=-67.9164  cs_rank(-1 * (vwap - sma(vwap, 20)) + zscore(volume, 20) + decay_linear(ts_rank(close - open, 20), 20))
[reward_only] iter 16/50 [OK ] reward=-132.5866  cs_rank(-1 * (vwap - sma(vwap, 20))) + zscore(volume, 20)
[reward_only] iter 17/50 [OK ] reward=-60.4919  cs_rank(-1 * (vwap - sma(vwap, 20))) + decay_linear(zscore(volume, 20), 5)
[reward_only] iter 18/50 [OK ] reward=-45.4069  cs_rank(-1 * (vwap - sma(vwap, 20))) + decay_linear(ts_rank(vwap - open, 20), 5)
[reward_only] iter 19/50 [OK ] reward=-126.4178  cs_rank(-1 * (vwap - sma(vwap, 20))) + ts_rank(vwap - open, 20)
[reward_only] iter 20/50 [OK ] reward=-98.2827  cs_rank(-1 * (vwap - sma(vwap, 20))) + ts_rank(zscore(volume, 20), 20)
[reward_only] iter 21/50 [OK ] reward=-106.5093  cs_rank(-1 * (vwap - sma(vwap, 20))) + ts_rank(zscore(volume, 20), 20) + decay_linear(cs_rank((close - open) / (high - low + 1e-5)), 5)
[reward_only] iter 22/50 [OK ] reward=-98.2827  cs_rank(-1 * (vwap - sma(vwap, 20))) + ts_rank(zscore(volume, 20), 20)
[reward_only] iter 23/50 [OK ] reward=-107.3496  cs_rank(-1 * (vwap - sma(vwap, 20))) + ts_rank(zscore(volume, 20), 20) + decay_linear(cs_rank(close - open), 10)
[reward_only] iter 24/50 [OK ] reward=-101.2288  rank(-1 * (vwap - sma(vwap, 20))) + cs_rank(zscore(volume, 20))
[reward_only] iter 25/50 [OK ] reward=-46.9828  rank(-1 * (vwap - sma(vwap, 20))) + cs_rank(zscore(vwap - sma(vwap, 20), 20))
[reward_only] iter 26/50 [OK ] reward=-57.3887  rank(-1 * (vwap - sma(vwap, 20))) + cs_rank(zscore(close - sma(close, 20), 20))
[reward_only] iter 27/50 [OK ] reward=-65.9686  rank(-1 * (vwap - sma(vwap, 20))) + zscore(close - sma(close, 20), 20)
[reward_only] iter 28/50 [OK ] reward=-71.7956  rank(-1 * (vwap - sma(vwap, 20))) + zscore(close - sma(close, 20), 20) * cs_rank(volume)
[reward_only] iter 29/50 [OK ] reward=-65.9686  rank(-1 * (vwap - sma(vwap, 20))) + zscore(close - sma(close, 20), 20)
[reward_only] iter 30/50 [OK ] reward=-65.9686  rank(-1 * (vwap - sma(vwap, 20))) + zscore(close - sma(close, 20), 20)
[reward_only] iter 31/50 [OK ] reward=-37.6570  rank(-1 * (vwap - sma(vwap, 20))) + zscore(close - sma(close, 20), 20) / (stddev(volume, 20) + 1e-5)
[reward_only] iter 32/50 [OK ] reward=-65.9686  rank(-1 * (vwap - sma(vwap, 20))) + zscore(close - sma(close, 20), 20)
[reward_only] iter 33/50 [OK ] reward=-65.9686  rank(-1 * (vwap - sma(vwap, 20))) + zscore(close - sma(close, 20), 20)
[reward_only] iter 34/50 [OK ] reward=-71.7956  rank(-1 * (vwap - sma(vwap, 20))) + zscore(close - sma(close, 20), 20) * cs_rank(volume)
[reward_only] iter 35/50 [OK ] reward=-65.9686  rank(-1 * (vwap - sma(vwap, 20))) + zscore(close - sma(close, 20), 20)
[reward_only] iter 36/50 [OK ] reward=-37.6570  rank(-1 * (vwap - sma(vwap, 20))) + zscore(close - sma(close, 20), 20) / (stddev(volume, 20) + 1e-5)
[reward_only] iter 37/50 [OK ] reward=-38.4529  cs_rank(-1 * (vwap - sma(vwap, 20)) + zscore(close - sma(close, 20), 20))
[reward_only] iter 38/50 [OK ] reward=-52.6915  cs_rank(-1 * (vwap - sma(vwap, 20))) + ts_rank(zscore(close - sma(close, 20), 20), 20)
[reward_only] iter 39/50 [OK ] reward=-52.6915  cs_rank(-1 * (vwap - sma(vwap, 20))) + ts_rank(zscore(close - sma(close, 20), 20), 20)
[reward_only] iter 40/50 [OK ] reward=-37.4571  rank(-1 * (vwap - sma(vwap, 20)))
[reward_only] iter 41/50 [OK ] reward=-70.2360  rank(-1 * (vwap - sma(vwap, 20) + zscore(volume, 20)))
[reward_only] iter 42/50 [OK ] reward=-38.5640  rank(-1 * (vwap - sma(vwap, 20) + cs_rank(volume)))
[reward_only] iter 43/50 [OK ] reward=-36.8857  rank(-1 * (vwap - sma(vwap, 20) + cs_rank(stddev(close, 20))))
[reward_only] iter 44/50 [OK ] reward=-37.0357  rank(-1 * (vwap - sma(vwap, 20) + cs_rank(stddev(close, 20) / (stddev(close, 20) + 1e-5))))
[reward_only] iter 45/50 [OK ] reward=-37.1714  rank(-1 * (vwap - sma(vwap, 20) + stddev(close, 20)))
[reward_only] iter 46/50 [OK ] reward=-39.3305  rank(-1 * (vwap - sma(vwap, 20) + cs_rank(stddev(close, 20)) + ts_rank(close, 20)))
[reward_only] iter 47/50 [OK ] reward=-36.8857  rank(-1 * (vwap - sma(vwap, 20) + cs_rank(stddev(close, 20))))
[reward_only] iter 48/50 [OK ] reward=-37.6438  rank(-1 * (vwap - sma(vwap, 20) + cs_rank(stddev(close, 20)) / (cs_rank(volume) + 1e-5)))
[reward_only] iter 49/50 [OK ] reward=-36.8857  rank(-1 * (vwap - sma(vwap, 20) + cs_rank(stddev(close, 20))))
[reward_only] iter 50/50 [OK ] reward=-38.2838  rank(-1 * (vwap - sma(vwap, 20) + cs_rank(stddev(close, 20)) + cs_rank(volume)))
[wfo:reward_only] fold 12 winner: rank(-1 * (vwap - sma(vwap, 20) + cs_rank(stddev(close, 20))))
[wfo:reward_only] fold 12 OOS: Gross_IR=-0.219 Turnover=72.00 Net_IR=-3.999
[wfo:reward_only] fold 13: train 2014-01-01..2018-12-31 -> test 2019-01-01..2019-12-31
[reward_only] iter  0/50 [SEED] reward=-131.0306  rank(-1 * zscore(volume, 20))
[reward_only] iter  1/50 [OK ] reward=-181.2363  cs_rank((close - open) / (high - low + 1e-5))
[reward_only] iter  2/50 [OK ] reward=-179.8471  rank(-1 * zscore(close - open, 20))
[reward_only] iter  3/50 [OK ] reward=-172.4158  cs_rank(-1 * zscore(close - open, 20) + 0.5 * zscore(volume, 20))
[reward_only] iter  4/50 [OK ] reward=-143.5072  rank(-1 * zscore(volume, 20) + 0.5 * zscore(close - open, 20))
[reward_only] iter  5/50 [ERR] reward=    -inf  rank(-1 * zscore(volume, 20) + 0.5 * zscore(close / open, 20))
[reward_only] iter  6/50 [OK ] reward=-143.4867  rank(-1 * zscore(volume, 20) + 0.5 * zscore(close / (open + 1e-5), 20))
[reward_only] iter  7/50 [OK ] reward=-139.8640  rank(-1 * zscore(volume, 20) + cs_rank(close / (open + 1e-5)))
[reward_only] iter  8/50 [OK ] reward=-148.7396  rank(-1 * zscore(volume, 20) + ts_rank(close, 20) / (ts_rank(open, 20) + 1e-5))
[reward_only] iter  9/50 [ERR] reward=    -inf  rank(-1 * zscore(volume, 20) + cs_rank(close / open))
[reward_only] iter 10/50 [OK ] reward=-139.8640  rank(-1 * zscore(volume, 20) + cs_rank(close / (open + 1e-5)))
[reward_only] iter 11/50 [OK ] reward=-55.5710  rank(-1 * zscore(close, 20) + cs_rank(volume / (open + 1e-5)))
[reward_only] iter 12/50 [ERR] reward=    -inf  cs_rank(close / open) + cs_rank(volume / (high - low + 1e-5))
[reward_only] iter 13/50 [OK ] reward=-63.0538  rank(-1 * zscore(close, 20) + cs_rank(volume / (open + 1e-5)) + cs_rank(vwap / (high - low + 1e-5)))
[reward_only] iter 14/50 [OK ] reward=-60.2343  rank(-1 * zscore(close, 20) + cs_rank(volume / (open + 1e-5)) + cs_rank(stddev(close, 20) / (high - low + 1e-5)))
[reward_only] iter 15/50 [OK ] reward=-60.2343  rank(-1 * zscore(close, 20) + cs_rank(volume / (open + 1e-5)) + cs_rank(stddev(close, 20) / (high - low + 1e-5)))
[reward_only] iter 16/50 [OK ] reward=-56.0050  rank(-1 * zscore(close, 20) + cs_rank(volume / (open + 1e-5)) + cs_rank(close - open))
[reward_only] iter 17/50 [OK ] reward=-55.5710  rank(-1 * zscore(close, 20) + cs_rank(volume / (open + 1e-5)))
[reward_only] iter 18/50 [OK ] reward=-46.6622  rank(-1 * ts_rank(close, 20) + cs_rank(volume / (open + 1e-5)))
[reward_only] iter 19/50 [OK ] reward=-46.0855  rank(-1 * ts_rank(close, 20) + cs_rank(volume / (open + 1e-5)) + decay_linear(vwap - open, 50))
[reward_only] iter 20/50 [OK ] reward=-46.0855  rank(-1 * ts_rank(close, 20) + cs_rank(volume / (open + 1e-5)) + decay_linear(vwap - open, 50))
[reward_only] iter 21/50 [OK ] reward=-46.0855  rank(-1 * ts_rank(close, 20) + cs_rank(volume / (open + 1e-5)) + decay_linear(vwap - open, 50))
[reward_only] iter 22/50 [OK ] reward=-46.0855  rank(-1 * ts_rank(close, 20) + cs_rank(volume / (open + 1e-5)) + decay_linear(vwap - open, 50))
[reward_only] iter 23/50 [OK ] reward=-46.0855  rank(-1 * ts_rank(close, 20) + cs_rank(volume / (open + 1e-5)) + decay_linear(vwap - open, 50))
[reward_only] iter 24/50 [OK ] reward=-46.0855  rank(-1 * ts_rank(close, 20) + cs_rank(volume / (open + 1e-5)) + decay_linear(vwap - open, 50))
[reward_only] iter 25/50 [OK ] reward=-46.0855  rank(-1 * ts_rank(close, 20) + cs_rank(volume / (open + 1e-5)) + decay_linear(vwap - open, 50))
[reward_only] iter 26/50 [OK ] reward=-46.0855  rank(-1 * ts_rank(close, 20) + cs_rank(volume / (open + 1e-5)) + decay_linear(vwap - open, 50))
[reward_only] iter 27/50 [OK ] reward=-46.0855  rank(-1 * ts_rank(close, 20) + cs_rank(volume / (open + 1e-5)) + decay_linear(vwap - open, 50))
[reward_only] iter 28/50 [OK ] reward=-46.0855  rank(-1 * ts_rank(close, 20) + cs_rank(volume / (open + 1e-5)) + decay_linear(vwap - open, 50))
[reward_only] iter 29/50 [OK ] reward=-65.3855  rank(-1 * ts_rank(close, 20) + decay_linear(vwap - open, 50))
[reward_only] iter 30/50 [OK ] reward=-105.8201  rank(-1 * ts_rank(close, 20) + cs_rank(volume / (open + 1e-5)) + decay_linear(vwap - open, 50) + cs_rank((close - open) / (high - low + 1e-5)))
[reward_only] iter 31/50 [OK ] reward=-46.0855  rank(-1 * ts_rank(close, 20) + cs_rank(volume / (open + 1e-5)) + decay_linear(vwap - open, 50))
[reward_only] iter 32/50 [OK ] reward=-46.0855  rank(-1 * ts_rank(close, 20) + cs_rank(volume / (open + 1e-5)) + decay_linear(vwap - open, 50))
[reward_only] iter 33/50 [OK ] reward=-46.0855  rank(-1 * ts_rank(close, 20) + cs_rank(volume / (open + 1e-5)) + decay_linear(vwap - open, 50))
[reward_only] iter 34/50 [OK ] reward=-46.0855  rank(-1 * ts_rank(close, 20) + cs_rank(volume / (open + 1e-5)) + decay_linear(vwap - open, 50))
[reward_only] iter 35/50 [OK ] reward=-46.0855  rank(-1 * ts_rank(close, 20) + cs_rank(volume / (open + 1e-5)) + decay_linear(vwap - open, 50))
[reward_only] iter 36/50 [OK ] reward=-46.0855  rank(-1 * ts_rank(close, 20) + cs_rank(volume / (open + 1e-5)) + decay_linear(vwap - open, 50))
[reward_only] iter 37/50 [OK ] reward=-65.3855  rank(-1 * ts_rank(close, 20) + decay_linear(vwap - open, 50))
[reward_only] iter 38/50 [OK ] reward=-80.1465  rank(-1 * ts_rank(close, 20) + cs_rank(volume / (open + 1e-5)) + decay_linear(vwap - open, 50) + cs_rank((high - low) / (open + 1e-5)))
[reward_only] iter 39/50 [OK ] reward=-46.0855  rank(-1 * ts_rank(close, 20) + cs_rank(volume / (open + 1e-5)) + decay_linear(vwap - open, 50))
[reward_only] iter 40/50 [OK ] reward=-46.0855  rank(-1 * ts_rank(close, 20) + cs_rank(volume / (open + 1e-5)) + decay_linear(vwap - open, 50))
[reward_only] iter 41/50 [OK ] reward=-128.4610  rank(-1 * ts_rank(close, 20) + cs_rank(volume / (open + 1e-5)) + vwap - open)
[reward_only] iter 42/50 [OK ] reward=-99.1241  rank(-1 * ts_rank(close, 20) + cs_rank(volume / (open + 1e-5)) + cs_rank(vwap - open))
[reward_only] iter 43/50 [OK ] reward=-46.0855  rank(-1 * ts_rank(close, 20) + cs_rank(volume / (open + 1e-5)) + decay_linear(vwap - open, 50))
[reward_only] iter 44/50 [OK ] reward=-46.0855  rank(-1 * ts_rank(close, 20) + cs_rank(volume / (open + 1e-5)) + decay_linear(vwap - open, 50))
[reward_only] iter 45/50 [OK ] reward=-46.0855  rank(-1 * ts_rank(close, 20) + cs_rank(volume / (open + 1e-5)) + decay_linear(vwap - open, 50))
[reward_only] iter 46/50 [OK ] reward=-46.0855  rank(-1 * ts_rank(close, 20) + cs_rank(volume / (open + 1e-5)) + decay_linear(vwap - open, 50))
[reward_only] iter 47/50 [OK ] reward=-46.0855  rank(-1 * ts_rank(close, 20) + cs_rank(volume / (open + 1e-5)) + decay_linear(vwap - open, 50))
[reward_only] iter 48/50 [OK ] reward=-65.3855  rank(-1 * ts_rank(close, 20) + decay_linear(vwap - open, 50))
[reward_only] iter 49/50 [OK ] reward=-25.6312  rank(cs_rank(volume / (open + 1e-5)) + decay_linear(vwap - open, 50))
[reward_only] iter 50/50 [OK ] reward=-115.1728  rank(cs_rank(volume / (open + 1e-5)) + decay_linear(vwap - open, 50) + ts_rank(close - open, 20))
[wfo:reward_only] fold 13 winner: rank(cs_rank(volume / (open + 1e-5)) + decay_linear(vwap - open, 50))
[wfo:reward_only] fold 13 OOS: Gross_IR=0.843 Turnover=42.11 Net_IR=-1.449
[wfo:reward_only] fold 14: train 2015-01-01..2019-12-31 -> test 2020-01-01..2020-12-31
[reward_only] iter  0/50 [SEED] reward=-130.8925  rank(-1 * zscore(volume, 20))
[reward_only] iter  1/50 [OK ] reward=-180.6861  cs_rank(zscore(close - open, 20))
[reward_only] iter  2/50 [ERR] reward=    -inf  cs_rank(zscore((close - open) / open, 20))
[reward_only] iter  3/50 [OK ] reward=-143.3161  rank(-1 * zscore(volume, 20) * cs_rank(zscore((close - open) / (open + 1e-5), 20)))
[reward_only] iter  4/50 [OK ] reward=-143.2047  rank(-1 * zscore(volume, 20) * cs_rank(zscore(close - open, 20)))
[reward_only] iter  5/50 [OK ] reward=-180.0094  rank(-1 * zscore(close - open, 20))
[reward_only] iter  6/50 [OK ] reward=-159.7328  cs_rank(-1 * zscore(volume, 20) + zscore(close - open, 20))
[reward_only] iter  7/50 [OK ] reward=-160.0577  cs_rank(-1 * zscore(volume, 20) + zscore(vwap - open, 20))
[reward_only] iter  8/50 [OK ] reward=-159.7328  cs_rank(-1 * zscore(volume, 20) + zscore(close - open, 20))
[reward_only] iter  9/50 [OK ] reward=-158.3488  rank(-1 * zscore(close - open, 20) + zscore(volume, 20))
[reward_only] iter 10/50 [OK ] reward=-166.6778  rank(-1 * zscore(volume, 20) + zscore(close - open, 20) / (cs_rank(volume) + 1e-5))
[reward_only] iter 11/50 [OK ] reward=-159.7328  rank(-1 * zscore(volume, 20) + zscore(close - open, 20))
[reward_only] iter 12/50 [OK ] reward=-158.3488  rank(-1 * zscore(close - open, 20) + zscore(volume, 20))
[reward_only] iter 13/50 [OK ] reward=-158.0397  rank(-1 * zscore(volume, 20) + zscore(vwap - close, 20))
[reward_only] iter 14/50 [OK ] reward=-159.7328  rank(-1 * zscore(volume, 20) + zscore(close - open, 20))
[reward_only] iter 15/50 [OK ] reward=-144.7806  cs_rank(-1 * zscore(volume, 20) + zscore(close - open, 20) + zscore(vwap - close, 20))
[reward_only] iter 16/50 [OK ] reward=-159.7328  rank(-1 * zscore(volume, 20) + zscore(close - open, 20))
[reward_only] iter 17/50 [OK ] reward=-85.4014  rank(-1 * zscore(volume, 20) + zscore(vwap, 20))
[reward_only] iter 18/50 [OK ] reward=-157.7556  rank(zscore(close - open, 20) + zscore(volume, 20))
[reward_only] iter 19/50 [OK ] reward=-117.6011  rank(-1 * zscore(volume, 20) + zscore(vwap, 20) + zscore(close - open, 20))
[reward_only] iter 20/50 [OK ] reward=-85.4014  rank(-1 * zscore(volume, 20) + zscore(vwap, 20))
[reward_only] iter 21/50 [OK ] reward=-87.6889  rank(-1 * zscore(close, 20) + zscore(volume, 20))
[reward_only] iter 22/50 [OK ] reward=-67.8210  rank(-1 * zscore(volume, 20) + zscore(vwap, 20) + zscore(close, 20))
[reward_only] iter 23/50 [OK ] reward=-132.3389  rank(-1 * zscore(close, 20) + zscore(vwap, 20) + zscore(volume, 20))
[reward_only] iter 24/50 [OK ] reward=-64.5075  rank(-1 * zscore(volume, 20) + zscore(vwap, 20) + zscore(close, 20) + decay_linear(ts_rank(close, 20), 10))
[reward_only] iter 25/50 [OK ] reward=-77.9148  rank(-1 * zscore(volume, 20) + zscore(vwap, 20) + decay_linear(ts_rank(close, 20), 10))
[reward_only] iter 26/50 [OK ] reward=-79.3015  rank(-1 * zscore(volume, 20) + zscore(vwap, 20) + ts_rank(close, 20))
[reward_only] iter 27/50 [OK ] reward=-71.0507  rank(-1 * zscore(volume, 20) + zscore(vwap, 20) + zscore(close, 20) + decay_linear(ts_rank(close, 20), 10) + zscore(high - low, 20))
[reward_only] iter 28/50 [OK ] reward=-64.5075  rank(-1 * zscore(volume, 20) + zscore(vwap, 20) + zscore(close, 20) + decay_linear(ts_rank(close, 20), 10))
[reward_only] iter 29/50 [OK ] reward=-64.5075  rank(-1 * zscore(volume, 20) + zscore(vwap, 20) + zscore(close, 20) + decay_linear(ts_rank(close, 20), 10))
[reward_only] iter 30/50 [OK ] reward=-67.8210  rank(-1 * zscore(volume, 20) + zscore(vwap, 20) + zscore(close, 20))
[reward_only] iter 31/50 [ERR] reward=    -inf  rank(-1 * zscore(volume, 20) + zscore(vwap, 20) + zscore(close, 20) + cs_rank(close / (high + low)) + decay_linear(ts_rank(close, 20), 10))
[reward_only] iter 32/50 [OK ] reward=-64.5075  rank(-1 * zscore(volume, 20) + zscore(vwap, 20) + zscore(close, 20) + decay_linear(ts_rank(close, 20), 10))
[reward_only] iter 33/50 [OK ] reward=-77.9148  rank(-1 * zscore(volume, 20) + zscore(vwap, 20) + decay_linear(ts_rank(close, 20), 10))
[reward_only] iter 34/50 [OK ] reward=-77.9148  rank(-1 * zscore(volume, 20) + zscore(vwap, 20) + decay_linear(ts_rank(close, 20), 10))
[reward_only] iter 35/50 [OK ] reward=-77.9148  rank(-1 * zscore(volume, 20) + zscore(vwap, 20) + decay_linear(ts_rank(close, 20), 10))
[reward_only] iter 36/50 [OK ] reward=-67.8210  rank(-1 * zscore(volume, 20) + zscore(vwap, 20) + zscore(close, 20))
[reward_only] iter 37/50 [OK ] reward=-67.9987  rank(-1 * zscore(volume, 20) + zscore(vwap, 20) + zscore(close, 20) + decay_linear(ts_rank(close - open, 20), 10))
[reward_only] iter 38/50 [OK ] reward=-67.8210  rank(-1 * zscore(volume, 20) + zscore(vwap, 20) + zscore(close, 20))
[reward_only] iter 39/50 [OK ] reward=-64.2613  rank(-1 * zscore(volume, 20) + zscore(vwap, 20) + zscore(close, 20) + decay_linear(ts_rank(high, 20), 10))
[reward_only] iter 40/50 [OK ] reward=-67.8210  rank(-1 * zscore(volume, 20) + zscore(vwap, 20) + zscore(close, 20))
[reward_only] iter 41/50 [OK ] reward=-74.8366  rank(-1 * zscore(volume, 20) + zscore(vwap, 20) + zscore(close, 20) + zscore(high - low, 20))
[reward_only] iter 42/50 [OK ] reward=-64.2613  rank(-1 * zscore(volume, 20) + zscore(vwap, 20) + zscore(close, 20) + decay_linear(ts_rank(high, 20), 10))
[reward_only] iter 43/50 [OK ] reward=-67.8210  cs_rank(-1 * zscore(volume, 20) + zscore(vwap, 20) + zscore(close, 20))
[reward_only] iter 44/50 [OK ] reward=-67.9987  rank(-1 * zscore(volume, 20) + zscore(vwap, 20) + zscore(close, 20) + decay_linear(ts_rank(close - open, 20), 10))
[reward_only] iter 45/50 [OK ] reward=-64.2613  cs_rank(-1 * zscore(volume, 20) + zscore(vwap, 20) + zscore(close, 20) + decay_linear(ts_rank(high, 20), 10))
[reward_only] iter 46/50 [OK ] reward=-67.8210  rank(-1 * zscore(volume, 20) + zscore(vwap, 20) + zscore(close, 20))
[reward_only] iter 47/50 [OK ] reward=-56.9917  rank(-1 * zscore(volume, 20) + zscore(vwap, 20) + zscore(close, 20) + zscore(open, 20))
[reward_only] iter 48/50 [OK ] reward=-67.8210  rank(-1 * zscore(volume, 20) + zscore(vwap, 20) + zscore(close, 20))
[reward_only] iter 49/50 [OK ] reward=-58.7243  rank(-1 * zscore(volume, 20) + zscore(vwap, 20) + zscore(close, 20) + zscore(high, 20))
[reward_only] iter 50/50 [OK ] reward=-67.8210  rank(-1 * zscore(volume, 20) + zscore(vwap, 20) + zscore(close, 20))
[wfo:reward_only] fold 14 winner: rank(-1 * zscore(volume, 20) + zscore(vwap, 20) + zscore(close, 20) + zscore(open, 20))
[wfo:reward_only] fold 14 OOS: Gross_IR=-0.681 Turnover=114.39 Net_IR=-3.381
[wfo:reward_only] fold 15: train 2016-01-01..2020-12-31 -> test 2021-01-01..2021-12-31
[reward_only] iter  0/50 [SEED] reward=-130.7930  rank(-1 * zscore(volume, 20))
[reward_only] iter  1/50 [OK ] reward=-20.4638  cs_rank(volume / (vwap + 1e-5))
[reward_only] iter  2/50 [ERR] reward=    -inf  cs_rank(volume / (vwap + 1e-5)) + cs_rank(close / open)
[reward_only] iter  3/50 [ERR] reward=    -inf  cs_rank(volume / (vwap + 1e-5)) + cs_rank(close / open)
[reward_only] iter  4/50 [ERR] reward=    -inf  cs_rank(volume / (vwap + 1e-5)) * cs_rank(close / open)
[reward_only] iter  5/50 [OK ] reward=-124.0229  cs_rank(volume / (vwap + 1e-5)) * cs_rank(close - open)
[reward_only] iter  6/50 [OK ] reward=-124.0229  cs_rank(volume / (vwap + 1e-5)) * cs_rank(close - open)
[reward_only] iter  7/50 [OK ] reward=-124.0229  cs_rank(close - open) * cs_rank(volume / (vwap + 1e-5))
[reward_only] iter  8/50 [OK ] reward=-131.3326  cs_rank(zscore(close - open, 20)) * cs_rank(volume / (vwap + 1e-5))
[reward_only] iter  9/50 [OK ] reward=-20.9277  cs_rank(volume / (vwap + 1e-5)) * cs_rank(stddev(close, 20) / (close + 1e-5))
[reward_only] iter 10/50 [OK ] reward=-48.3616  cs_rank(volume / (vwap + 1e-5)) * cs_rank(zscore(close, 20))
[reward_only] iter 11/50 [OK ] reward=-49.9406  cs_rank(volume / (vwap + 1e-5)) + cs_rank(zscore(close, 20))
[reward_only] iter 12/50 [OK ] reward=-21.8191  cs_rank(volume / (vwap + 1e-5)) + cs_rank(stddev(close, 20) / (close + 1e-5))
[reward_only] iter 13/50 [OK ] reward=-40.9051  cs_rank(volume / (vwap + 1e-5)) + cs_rank(zscore(close, 20) / (close + 1e-5))
[reward_only] iter 14/50 [OK ] reward=-21.8191  cs_rank(volume / (vwap + 1e-5)) + cs_rank(stddev(close, 20) / (close + 1e-5))
[reward_only] iter 15/50 [OK ] reward=-139.5301  cs_rank(volume / (vwap + 1e-5)) + cs_rank((close - open) / (high - low + 1e-5))
[reward_only] iter 16/50 [OK ] reward=-139.2548  cs_rank(volume / (vwap + 1e-5)) + cs_rank(close / (high + low + 1e-5))
[reward_only] iter 17/50 [OK ] reward=-139.5301  cs_rank(volume / (vwap + 1e-5)) + cs_rank((close - open) / (high - low + 1e-5))
[reward_only] iter 18/50 [OK ] reward=-139.3552  cs_rank(volume / (vwap + 1e-5)) + cs_rank(close - open)
[reward_only] iter 19/50 [OK ] reward=-139.3552  cs_rank(volume / (vwap + 1e-5)) + cs_rank(close - open)
[reward_only] iter 20/50 [OK ] reward=-137.9676  cs_rank(zscore(close - open, 20)) + cs_rank(volume / (vwap + 1e-5))
[reward_only] iter 21/50 [OK ] reward=-139.3552  cs_rank(volume / (vwap + 1e-5)) + cs_rank(close - open)
[reward_only] iter 22/50 [ERR] reward=    -inf  cs_rank(volume / (vwap + 1e-5)) + cs_rank((close - open) / stddev(close - open, 20))
[reward_only] iter 23/50 [OK ] reward=-138.8785  cs_rank(volume / (vwap + 1e-5)) + cs_rank((close - open) / (stddev(close - open, 20) + 1e-5))
[reward_only] iter 24/50 [OK ] reward=-137.2220  cs_rank(volume / (vwap + 1e-5)) + cs_rank((close - open) / (stddev(close, 20) + 1e-5))
[reward_only] iter 25/50 [OK ] reward=-138.3943  cs_rank(volume / (vwap + 1e-5)) + cs_rank((close - open) / (close + 1e-5))
[reward_only] iter 26/50 [ERR] reward=    -inf  cs_rank(close / open)
[reward_only] iter 27/50 [OK ] reward=-131.9135  cs_rank(volume / (vwap + 1e-5)) * cs_rank(close / (vwap + 1e-5))
[reward_only] iter 28/50 [OK ] reward=-183.0363  cs_rank(close / (vwap + 1e-5))
[reward_only] iter 29/50 [OK ] reward=-137.7592  cs_rank(close / (vwap + 1e-5)) - cs_rank(volume / (vwap + 1e-5))
[reward_only] iter 30/50 [OK ] reward=-139.2570  cs_rank(close / (vwap + 1e-5)) + cs_rank(volume / (vwap + 1e-5))
[reward_only] iter 31/50 [OK ] reward=-176.9581  cs_rank(close - vwap)
[reward_only] iter 32/50 [OK ] reward=-183.0374  cs_rank((close - vwap) / (vwap + 1e-5))
[reward_only] iter 33/50 [OK ] reward=-122.4486  cs_rank((high - low) / (vwap + 1e-5))
[reward_only] iter 34/50 [OK ] reward=-182.7614  cs_rank((close - open) / (vwap + 1e-5))
[reward_only] iter 35/50 [OK ] reward=-122.4486  cs_rank((high - low) / (vwap + 1e-5))
[reward_only] iter 36/50 [OK ] reward=-183.0363  cs_rank(close / (vwap + 1e-5))
[reward_only] iter 37/50 [OK ] reward=-182.7614  cs_rank((close - open) / (vwap + 1e-5))
[reward_only] iter 38/50 [OK ] reward=-182.7614  cs_rank((close - open) / (vwap + 1e-5))
[reward_only] iter 39/50 [OK ] reward=-182.7614  cs_rank((close - open) / (vwap + 1e-5))
[reward_only] iter 40/50 [OK ] reward=-183.5449  cs_rank((close - open) / (high - low + 1e-5))
[reward_only] iter 41/50 [OK ] reward=-172.6053  cs_rank(zscore(close - open, 20) / (high - low + 1e-5))
[reward_only] iter 42/50 [OK ] reward=-183.5449  cs_rank((close - open) / (high - low + 1e-5))
[reward_only] iter 43/50 [ERR] reward=    -inf  cs_rank(volume / (vwap + 1e-5)) * cs_rank(close / vwap)
[reward_only] iter 44/50 [OK ] reward=-131.9135  cs_rank(volume / (vwap + 1e-5)) * cs_rank(close / (vwap + 1e-5))
[reward_only] iter 45/50 [OK ] reward=-131.8816  cs_rank(volume / (vwap + 1e-5)) * cs_rank((close - open) / (high - low + 1e-5))
[reward_only] iter 46/50 [OK ] reward=-131.8816  cs_rank(volume / (vwap + 1e-5)) * cs_rank((close - open) / (high - low + 1e-5))
[reward_only] iter 47/50 [OK ] reward=-139.5301  cs_rank(volume / (vwap + 1e-5)) + cs_rank((close - open) / (high - low + 1e-5))
[reward_only] iter 48/50 [OK ] reward=-139.3552  cs_rank(volume / (vwap + 1e-5)) + cs_rank(close - open)
[reward_only] iter 49/50 [OK ] reward=-92.3942  cs_rank(volume / (vwap + 1e-5)) + cs_rank((high - low) / (close + 1e-5))
[reward_only] iter 50/50 [OK ] reward=-40.9051  cs_rank(volume / (vwap + 1e-5)) + cs_rank(zscore(close, 20) / (close + 1e-5))
[wfo:reward_only] fold 15 winner: cs_rank(volume / (vwap + 1e-5))
[wfo:reward_only] fold 15 OOS: Gross_IR=1.017 Turnover=34.24 Net_IR=-0.338
[wfo:reward_only] fold 16: train 2017-01-01..2021-12-31 -> test 2022-01-01..2022-12-31
[reward_only] iter  0/50 [SEED] reward=-130.9972  rank(-1 * zscore(volume, 20))
[reward_only] iter  1/50 [OK ] reward=-91.1637  rank(-1 * (zscore(volume, 20) + zscore(close, 20)))
[reward_only] iter  2/50 [OK ] reward=-88.3916  rank(-1 * (zscore(volume, 20) + zscore(close, 20) + cs_rank(stddev(close, 20))))
[reward_only] iter  3/50 [OK ] reward=-88.3916  rank(-1 * (zscore(volume, 20) + zscore(close, 20) + cs_rank(stddev(close, 20))))
[reward_only] iter  4/50 [OK ] reward=-88.3916  rank(-1 * (zscore(volume, 20) + zscore(close, 20) + cs_rank(stddev(close, 20))))
[reward_only] iter  5/50 [OK ] reward=-51.8821  cs_rank(-1 * (zscore(volume, 20) + zscore(close, 20) + stddev(close, 20)))
[reward_only] iter  6/50 [OK ] reward=-48.0541  cs_rank(-1 * (zscore(volume, 20) + zscore(close, 20) + stddev(close, 20) + zscore(vwap, 20)))
[reward_only] iter  7/50 [OK ] reward=-50.1911  cs_rank(-1 * (zscore(volume, 20) + stddev(close, 20) + zscore(vwap, 20)))
[reward_only] iter  8/50 [OK ] reward=-47.6888  cs_rank(-1 * (zscore(volume, 20) + zscore(close, 20) + stddev(close, 20) + zscore(vwap, 20) + zscore(high, 20)))
[reward_only] iter  9/50 [OK ] reward=-51.8821  cs_rank(-1 * (zscore(volume, 20) + zscore(close, 20) + stddev(close, 20)))
[reward_only] iter 10/50 [OK ] reward=-48.0030  cs_rank(-1 * (zscore(volume, 20) + zscore(close, 20) + stddev(close, 20) + zscore(vwap, 20) + zscore(high, 20) + ts_rank(close, 20)))
[reward_only] iter 11/50 [OK ] reward=-51.8821  cs_rank(-1 * (zscore(volume, 20) + zscore(close, 20) + stddev(close, 20)))
[reward_only] iter 12/50 [OK ] reward=-48.0030  cs_rank(-1 * (zscore(volume, 20) + zscore(close, 20) + stddev(close, 20) + zscore(vwap, 20) + zscore(high, 20) + ts_rank(close, 20)))
[reward_only] iter 13/50 [OK ] reward=-48.0541  cs_rank(-1 * (zscore(volume, 20) + zscore(close, 20) + stddev(close, 20) + zscore(vwap, 20)))
[reward_only] iter 14/50 [OK ] reward=-48.0541  cs_rank(-1 * (zscore(volume, 20) + zscore(close, 20) + stddev(close, 20) + zscore(vwap, 20)))
[reward_only] iter 15/50 [OK ] reward=-48.0541  cs_rank(-1 * (zscore(volume, 20) + zscore(close, 20) + stddev(close, 20) + zscore(vwap, 20)))
[reward_only] iter 16/50 [OK ] reward=-48.0541  cs_rank(-1 * (zscore(volume, 20) + zscore(close, 20) + stddev(close, 20) + zscore(vwap, 20)))
[reward_only] iter 17/50 [OK ] reward=-48.0541  cs_rank(-1 * (zscore(volume, 20) + zscore(close, 20) + stddev(close, 20) + zscore(vwap, 20)))
[reward_only] iter 18/50 [OK ] reward=-48.0541  cs_rank(-1 * (zscore(volume, 20) + zscore(close, 20) + stddev(close, 20) + zscore(vwap, 20)))
[reward_only] iter 19/50 [OK ] reward=-48.0541  cs_rank(-1 * (zscore(volume, 20) + zscore(close, 20) + stddev(close, 20) + zscore(vwap, 20)))
[reward_only] iter 20/50 [OK ] reward=-48.0541  cs_rank(-1 * (zscore(volume, 20) + zscore(close, 20) + stddev(close, 20) + zscore(vwap, 20)))
[reward_only] iter 21/50 [OK ] reward=-48.0541  cs_rank(-1 * (zscore(volume, 20) + zscore(close, 20) + stddev(close, 20) + zscore(vwap, 20)))
[reward_only] iter 22/50 [OK ] reward=-48.0541  cs_rank(-1 * (zscore(volume, 20) + zscore(close, 20) + stddev(close, 20) + zscore(vwap, 20)))
[reward_only] iter 23/50 [OK ] reward=-48.0541  cs_rank(-1 * (zscore(volume, 20) + zscore(close, 20) + stddev(close, 20) + zscore(vwap, 20)))
[reward_only] iter 24/50 [OK ] reward=-48.0541  cs_rank(-1 * (zscore(volume, 20) + zscore(close, 20) + stddev(close, 20) + zscore(vwap, 20)))
[reward_only] iter 25/50 [OK ] reward=-48.0541  cs_rank(-1 * (zscore(volume, 20) + zscore(close, 20) + stddev(close, 20) + zscore(vwap, 20)))
[reward_only] iter 26/50 [OK ] reward=-48.0541  cs_rank(-1 * (zscore(volume, 20) + zscore(close, 20) + stddev(close, 20) + zscore(vwap, 20)))
[reward_only] iter 27/50 [OK ] reward=-48.0541  cs_rank(-1 * (zscore(volume, 20) + zscore(close, 20) + stddev(close, 20) + zscore(vwap, 20)))
[reward_only] iter 28/50 [OK ] reward=-48.0541  cs_rank(-1 * (zscore(volume, 20) + zscore(close, 20) + stddev(close, 20) + zscore(vwap, 20)))
[reward_only] iter 29/50 [OK ] reward=-48.0541  cs_rank(-1 * (zscore(volume, 20) + zscore(close, 20) + stddev(close, 20) + zscore(vwap, 20)))
[reward_only] iter 30/50 [OK ] reward=-51.8821  cs_rank(-1 * (zscore(volume, 20) + zscore(close, 20) + stddev(close, 20)))
[reward_only] iter 31/50 [OK ] reward=-47.7343  cs_rank(-1 * (zscore(volume, 20) + zscore(close, 20) + stddev(close, 20) + zscore(vwap, 20) + zscore(high, 20) * decay_linear(ts_rank(close, 10), 20)))
[reward_only] iter 32/50 [OK ] reward=-48.0541  cs_rank(-1 * (zscore(volume, 20) + zscore(close, 20) + stddev(close, 20) + zscore(vwap, 20)))
[reward_only] iter 33/50 [OK ] reward=-51.8821  cs_rank(-1 * (zscore(volume, 20) + zscore(close, 20) + stddev(close, 20)))
[reward_only] iter 34/50 [OK ] reward=-49.7520  cs_rank(-1 * (zscore(volume, 20) + zscore(close, 20) + stddev(close, 20) + zscore(vwap, 20) + zscore(high, 20) + cs_rank(volume / (volume + 1e-5))))
[reward_only] iter 35/50 [OK ] reward=-47.6888  cs_rank(-1 * (zscore(volume, 20) + zscore(close, 20) + stddev(close, 20) + zscore(vwap, 20) + zscore(high, 20)))
[reward_only] iter 36/50 [OK ] reward=-51.8821  cs_rank(-1 * (zscore(volume, 20) + zscore(close, 20) + stddev(close, 20)))
[reward_only] iter 37/50 [OK ] reward=-43.2394  cs_rank(-1 * (zscore(volume, 20) + zscore(close, 20) + stddev(close, 20) + zscore(vwap, 20) + zscore(high, 20) + decay_linear(zscore(close, 20), 10)))
[reward_only] iter 38/50 [OK ] reward=-48.0541  cs_rank(-1 * (zscore(volume, 20) + zscore(close, 20) + stddev(close, 20) + zscore(vwap, 20)))
[reward_only] iter 39/50 [OK ] reward=-48.0541  cs_rank(-1 * (zscore(volume, 20) + zscore(close, 20) + stddev(close, 20) + zscore(vwap, 20)))
[reward_only] iter 40/50 [OK ] reward=-42.2667  cs_rank(-1 * (zscore(volume, 20) + zscore(close, 20) + stddev(close, 20) + zscore(vwap, 20) + decay_linear(zscore(close, 20), 10)))
[reward_only] iter 41/50 [OK ] reward=-48.0541  cs_rank(-1 * (zscore(volume, 20) + zscore(close, 20) + stddev(close, 20) + zscore(vwap, 20)))
[reward_only] iter 42/50 [OK ] reward=-48.0541  cs_rank(-1 * (zscore(volume, 20) + zscore(close, 20) + stddev(close, 20) + zscore(vwap, 20)))
[reward_only] iter 43/50 [OK ] reward=-47.6888  cs_rank(-1 * (zscore(volume, 20) + zscore(close, 20) + stddev(close, 20) + zscore(vwap, 20) + zscore(high, 20)))
[reward_only] iter 44/50 [OK ] reward=-48.0541  cs_rank(-1 * (zscore(volume, 20) + zscore(close, 20) + stddev(close, 20) + zscore(vwap, 20)))
[reward_only] iter 45/50 [OK ] reward=-42.2667  cs_rank(-1 * (zscore(volume, 20) + zscore(close, 20) + stddev(close, 20) + zscore(vwap, 20) + decay_linear(zscore(close, 20), 10)))
[reward_only] iter 46/50 [OK ] reward=-43.2252  cs_rank(-1 * (zscore(volume, 20) + zscore(close, 20) + stddev(close, 20) + decay_linear(zscore(close, 20), 10)))
[reward_only] iter 47/50 [OK ] reward=-43.2252  cs_rank(-1 * (zscore(volume, 20) + zscore(close, 20) + stddev(close, 20) + decay_linear(zscore(close, 20), 10)))
[reward_only] iter 48/50 [OK ] reward=-43.2252  cs_rank(-1 * (zscore(volume, 20) + zscore(close, 20) + stddev(close, 20) + decay_linear(zscore(close, 20), 10)))
[reward_only] iter 49/50 [OK ] reward=-43.2252  cs_rank(-1 * (zscore(volume, 20) + zscore(close, 20) + stddev(close, 20) + decay_linear(zscore(close, 20), 10)))
[reward_only] iter 50/50 [OK ] reward=-64.4097  cs_rank(-1 * (zscore(volume, 20) + zscore(close, 20) + decay_linear(zscore(close, 20), 10)))
[wfo:reward_only] fold 16 winner: cs_rank(-1 * (zscore(volume, 20) + zscore(close, 20) + stddev(close, 20) + zscore(vwap, 20) + decay_linear(zscore(close, 20), 10)))
[wfo:reward_only] fold 16 OOS: Gross_IR=1.448 Turnover=65.06 Net_IR=-1.299
[wfo:reward_only] fold 17: train 2018-01-01..2022-12-31 -> test 2023-01-01..2023-12-31
[reward_only] iter  0/50 [SEED] reward=-130.4273  rank(-1 * zscore(volume, 20))
[reward_only] iter  1/50 [OK ] reward=-130.1434  cs_rank(-1 * zscore(volume, 20) + decay_linear(ts_rank(close - open, 10), 20))
[reward_only] iter  2/50 [OK ] reward=-130.1699  cs_rank(-1 * zscore(volume, 20) + decay_linear(ts_rank(close - vwap, 10), 20))
[reward_only] iter  3/50 [OK ] reward=-118.9180  cs_rank(-1 * zscore(volume, 20) + decay_linear(ts_rank(close - vwap, 10), 20) + cs_rank(high - low))
[reward_only] iter  4/50 [OK ] reward=-130.1699  cs_rank(-1 * zscore(volume, 20) + decay_linear(ts_rank(close - vwap, 10), 20))
[reward_only] iter  5/50 [ERR] reward=    -inf  cs_rank(-1 * zscore(volume, 20) + decay_linear(ts_rank(close - vwap, 10), 20) + cs_rank(high - low) + cs_rank(close / open - 1))
[reward_only] iter  6/50 [OK ] reward=-130.4604  cs_rank(-1 * zscore(volume, 20) + decay_linear(ts_rank(close - vwap, 10), 20) + cs_rank(high - low) + cs_rank((close - open) / (open + 1e-5)))
[reward_only] iter  7/50 [OK ] reward=-118.9180  cs_rank(-1 * zscore(volume, 20) + decay_linear(ts_rank(close - vwap, 10), 20) + cs_rank(high - low))
[reward_only] iter  8/50 [OK ] reward=-127.4429  cs_rank(-1 * zscore(volume, 20) + ts_rank(close - vwap, 10) + cs_rank(high - low))
[reward_only] iter  9/50 [OK ] reward=-57.1658  cs_rank(decay_linear(ts_rank(close - vwap, 10), 20) + cs_rank(high - low))
[reward_only] iter 10/50 [OK ] reward=-32.0782  cs_rank(decay_linear(ts_rank(close - vwap, 10), 20) + cs_rank(volume / (volume + 1e-5)))
[reward_only] iter 11/50 [OK ] reward=-43.9883  cs_rank(decay_linear(ts_rank(close - vwap, 10), 20) + cs_rank(volume / (volume + 1e-5)) + cs_rank(stddev(close, 20) / (stddev(close, 20) + 1e-5)))
[reward_only] iter 12/50 [OK ] reward=-32.0782  cs_rank(decay_linear(ts_rank(close - vwap, 10), 20) + cs_rank(volume / (volume + 1e-5)))
[reward_only] iter 13/50 [OK ] reward=-43.9883  cs_rank(decay_linear(ts_rank(close - vwap, 10), 20) + cs_rank(volume / (volume + 1e-5)) + cs_rank(stddev(close, 20) / (stddev(close, 20) + 1e-5)))
[reward_only] iter 14/50 [OK ] reward=-32.0782  cs_rank(decay_linear(ts_rank(close - vwap, 10), 20) + cs_rank(volume / (volume + 1e-5)))
[reward_only] iter 15/50 [OK ] reward=-43.9883  cs_rank(decay_linear(ts_rank(close - vwap, 10), 20) + cs_rank(volume / (volume + 1e-5)) + cs_rank(stddev(close, 20) / (stddev(close, 20) + 1e-5)))
[reward_only] iter 16/50 [OK ] reward=-32.0782  cs_rank(decay_linear(ts_rank(close - vwap, 10), 20) + cs_rank(volume / (volume + 1e-5)))
[reward_only] iter 17/50 [OK ] reward=-43.9883  cs_rank(decay_linear(ts_rank(close - vwap, 10), 20) + cs_rank(volume / (volume + 1e-5)) + cs_rank(stddev(close, 20) / (stddev(close, 20) + 1e-5)))
[reward_only] iter 18/50 [OK ] reward=-32.0782  cs_rank(decay_linear(ts_rank(close - vwap, 10), 20) + cs_rank(volume / (volume + 1e-5)))
[reward_only] iter 19/50 [OK ] reward=-43.9883  cs_rank(decay_linear(ts_rank(close - vwap, 10), 20) + cs_rank(volume / (volume + 1e-5)) + cs_rank(stddev(close, 20) / (stddev(close, 20) + 1e-5)))
[reward_only] iter 20/50 [OK ] reward=-32.0782  cs_rank(decay_linear(ts_rank(close - vwap, 10), 20) + cs_rank(volume / (volume + 1e-5)))
[reward_only] iter 21/50 [OK ] reward=-43.8383  cs_rank(decay_linear(ts_rank(close - vwap, 10), 20) + cs_rank(volume / (volume + 1e-5)) + cs_rank(stddev(close, 20)))
[reward_only] iter 22/50 [OK ] reward=-32.0782  cs_rank(decay_linear(ts_rank(close - vwap, 10), 20) + cs_rank(volume / (volume + 1e-5)))
[reward_only] iter 23/50 [OK ] reward=-43.9883  cs_rank(decay_linear(ts_rank(close - vwap, 10), 20) + cs_rank(volume / (volume + 1e-5)) + cs_rank(stddev(close, 20) / (stddev(close, 20) + 1e-5)))
[reward_only] iter 24/50 [OK ] reward=-32.0782  cs_rank(decay_linear(ts_rank(close - vwap, 10), 20) + cs_rank(volume / (volume + 1e-5)))
[reward_only] iter 25/50 [OK ] reward=-43.9883  cs_rank(decay_linear(ts_rank(close - vwap, 10), 20) + cs_rank(volume / (volume + 1e-5)) + cs_rank(stddev(close, 20) / (stddev(close, 20) + 1e-5)))
[reward_only] iter 26/50 [OK ] reward=-32.0782  cs_rank(decay_linear(ts_rank(close - vwap, 10), 20) + cs_rank(volume / (volume + 1e-5)))
[reward_only] iter 27/50 [OK ] reward=-43.8383  cs_rank(decay_linear(ts_rank(close - vwap, 10), 20) + cs_rank(volume / (volume + 1e-5)) + cs_rank(stddev(close, 20)))
[reward_only] iter 28/50 [OK ] reward=-32.0782  cs_rank(decay_linear(ts_rank(close - vwap, 10), 20) + cs_rank(volume / (volume + 1e-5)))
[reward_only] iter 29/50 [OK ] reward=-35.1908  cs_rank(decay_linear(ts_rank(close - vwap, 10), 20) + cs_rank(volume / (volume + 1e-5)) + cs_rank(zscore(stddev(close, 20), 20)))
[reward_only] iter 30/50 [OK ] reward=-32.0782  cs_rank(decay_linear(ts_rank(close - vwap, 10), 20) + cs_rank(volume / (volume + 1e-5)))
[reward_only] iter 31/50 [OK ] reward=-43.9883  cs_rank(decay_linear(ts_rank(close - vwap, 10), 20) + cs_rank(volume / (volume + 1e-5)) + cs_rank(stddev(close, 20) / (stddev(close, 20) + 1e-5)))
[reward_only] iter 32/50 [OK ] reward=-32.0782  cs_rank(decay_linear(ts_rank(close - vwap, 10), 20) + cs_rank(volume / (volume + 1e-5)))
[reward_only] iter 33/50 [OK ] reward=-42.7981  cs_rank(decay_linear(ts_rank(close - vwap, 10), 20) + cs_rank(volume / (volume + 1e-5)) + cs_rank(stddev(close, 30)))
[reward_only] iter 34/50 [OK ] reward=-32.0782  cs_rank(decay_linear(ts_rank(close - vwap, 10), 20) + cs_rank(volume / (volume + 1e-5)))
[reward_only] iter 35/50 [OK ] reward=-43.8383  cs_rank(decay_linear(ts_rank(close - vwap, 10), 20) + cs_rank(volume / (volume + 1e-5)) + cs_rank(stddev(close, 20)))
[reward_only] iter 36/50 [OK ] reward=-32.0782  cs_rank(decay_linear(ts_rank(close - vwap, 10), 20) + cs_rank(volume / (volume + 1e-5)))
[reward_only] iter 37/50 [OK ] reward=-43.9883  cs_rank(decay_linear(ts_rank(close - vwap, 10), 20) + cs_rank(volume / (volume + 1e-5)) + cs_rank(stddev(close, 20) / (stddev(close, 20) + 1e-5)))
[reward_only] iter 38/50 [OK ] reward=-32.0782  cs_rank(decay_linear(ts_rank(close - vwap, 10), 20) + cs_rank(volume / (volume + 1e-5)))
[reward_only] iter 39/50 [OK ] reward=-42.9481  cs_rank(decay_linear(ts_rank(close - vwap, 10), 20) + cs_rank(volume / (volume + 1e-5)) + cs_rank(stddev(close, 30) / (stddev(close, 30) + 1e-5)))
[reward_only] iter 40/50 [OK ] reward=-32.0782  cs_rank(decay_linear(ts_rank(close - vwap, 10), 20) + cs_rank(volume / (volume + 1e-5)))
[reward_only] iter 41/50 [OK ] reward=-43.8383  cs_rank(decay_linear(ts_rank(close - vwap, 10), 20) + cs_rank(volume / (volume + 1e-5)) + cs_rank(stddev(close, 20)))
[reward_only] iter 42/50 [OK ] reward=-32.0782  cs_rank(decay_linear(ts_rank(close - vwap, 10), 20) + cs_rank(volume / (volume + 1e-5)))
[reward_only] iter 43/50 [OK ] reward=-43.9883  cs_rank(decay_linear(ts_rank(close - vwap, 10), 20) + cs_rank(volume / (volume + 1e-5)) + cs_rank(stddev(close, 20) / (stddev(close, 20) + 1e-5)))
[reward_only] iter 44/50 [OK ] reward=-32.0782  cs_rank(decay_linear(ts_rank(close - vwap, 10), 20) + cs_rank(volume / (volume + 1e-5)))
[reward_only] iter 45/50 [OK ] reward=-43.9883  cs_rank(decay_linear(ts_rank(close - vwap, 10), 20) + cs_rank(volume / (volume + 1e-5)) + cs_rank(stddev(close, 20) / (stddev(close, 20) + 1e-5)))
[reward_only] iter 46/50 [OK ] reward=-32.0782  cs_rank(decay_linear(ts_rank(close - vwap, 10), 20) + cs_rank(volume / (volume + 1e-5)))
[reward_only] iter 47/50 [OK ] reward=-42.9481  cs_rank(decay_linear(ts_rank(close - vwap, 10), 20) + cs_rank(volume / (volume + 1e-5)) + cs_rank(stddev(close, 30) / (stddev(close, 30) + 1e-5)))
[reward_only] iter 48/50 [OK ] reward=-57.7928  cs_rank(decay_linear(ts_rank(close - vwap, 10), 20)) + cs_rank(volume / (volume + 1e-5))
[reward_only] iter 49/50 [OK ] reward=-50.2692  cs_rank(decay_linear(ts_rank(close - vwap, 14), 30)) + cs_rank(volume / (volume + 1e-5))
[reward_only] iter 50/50 [OK ] reward=-110.4075  cs_rank(ts_rank(close - vwap, 10) + cs_rank(volume / (volume + 1e-5)))
[wfo:reward_only] fold 17 winner: cs_rank(decay_linear(ts_rank(close - vwap, 10), 20) + cs_rank(volume / (volume + 1e-5)))
[wfo:reward_only] fold 17 OOS: Gross_IR=2.399 Turnover=59.00 Net_IR=-0.521
[wfo:reward_only] fold 18: train 2019-01-01..2023-12-31 -> test 2024-01-01..2024-12-31
[reward_only] iter  0/50 [SEED] reward=-130.7568  rank(-1 * zscore(volume, 20))
[reward_only] iter  1/50 [OK ] reward=-92.6701  cs_rank(-1 * (zscore(volume, 20) + zscore(close, 20)))
[reward_only] iter  2/50 [OK ] reward=-69.2862  cs_rank(-1 * (zscore(volume, 20) + zscore(close, 20) + zscore(stddev(close, 20), 20)))
[reward_only] iter  3/50 [OK ] reward=-69.2862  cs_rank(-1 * (zscore(volume, 20) + zscore(close, 20) + zscore(stddev(close, 20), 20)))
[reward_only] iter  4/50 [OK ] reward=-69.2862  cs_rank(-1 * (zscore(volume, 20) + zscore(close, 20) + zscore(stddev(close, 20), 20)))
[reward_only] iter  5/50 [OK ] reward=-92.6701  cs_rank(-1 * (zscore(volume, 20) + zscore(close, 20)))
[reward_only] iter  6/50 [OK ] reward=-62.6758  cs_rank(-1 * (zscore(volume, 20) + zscore(close, 20) + zscore(stddev(close, 20), 20) + zscore(vwap, 20)))
[reward_only] iter  7/50 [OK ] reward=-70.3985  cs_rank(-1 * (zscore(volume, 20) + zscore(close, 20) + zscore(vwap, 20)))
[reward_only] iter  8/50 [OK ] reward=-81.4325  cs_rank(-1 * (zscore(volume, 20) + zscore(close, 20) + zscore(stddev(close, 20), 20) + zscore(vwap, 20) + zscore(high - low, 20)))
[reward_only] iter  9/50 [OK ] reward=-69.2862  cs_rank(-1 * (zscore(volume, 20) + zscore(close, 20) + zscore(stddev(close, 20), 20)))
[reward_only] iter 10/50 [OK ] reward=-69.2862  cs_rank(-1 * (zscore(volume, 20) + zscore(close, 20) + zscore(stddev(close, 20), 20)))
[reward_only] iter 11/50 [OK ] reward=-69.2862  cs_rank(-1 * (zscore(volume, 20) + zscore(close, 20) + zscore(stddev(close, 20), 20)))
[reward_only] iter 12/50 [OK ] reward=-69.2862  cs_rank(-1 * (zscore(volume, 20) + zscore(close, 20) + zscore(stddev(close, 20), 20)))
[reward_only] iter 13/50 [OK ] reward=-69.2862  cs_rank(-1 * (zscore(volume, 20) + zscore(close, 20) + zscore(stddev(close, 20), 20)))
[reward_only] iter 14/50 [OK ] reward=-69.2862  cs_rank(-1 * (zscore(volume, 20) + zscore(close, 20) + zscore(stddev(close, 20), 20)))
[reward_only] iter 15/50 [OK ] reward=-69.2862  cs_rank(-1 * (zscore(volume, 20) + zscore(close, 20) + zscore(stddev(close, 20), 20)))
[reward_only] iter 16/50 [OK ] reward=-69.2862  cs_rank(-1 * (zscore(volume, 20) + zscore(close, 20) + zscore(stddev(close, 20), 20)))
[reward_only] iter 17/50 [OK ] reward=-69.2862  cs_rank(-1 * (zscore(volume, 20) + zscore(close, 20) + zscore(stddev(close, 20), 20)))
[reward_only] iter 18/50 [OK ] reward=-69.2862  cs_rank(-1 * (zscore(volume, 20) + zscore(close, 20) + zscore(stddev(close, 20), 20)))
[reward_only] iter 19/50 [OK ] reward=-69.2862  cs_rank(-1 * (zscore(volume, 20) + zscore(close, 20) + zscore(stddev(close, 20), 20)))
[reward_only] iter 20/50 [OK ] reward=-69.2862  cs_rank(-1 * (zscore(volume, 20) + zscore(close, 20) + zscore(stddev(close, 20), 20)))
[reward_only] iter 21/50 [OK ] reward=-69.2862  cs_rank(-1 * (zscore(volume, 20) + zscore(close, 20) + zscore(stddev(close, 20), 20)))
[reward_only] iter 22/50 [OK ] reward=-69.2862  cs_rank(-1 * (zscore(volume, 20) + zscore(close, 20) + zscore(stddev(close, 20), 20)))
[reward_only] iter 23/50 [OK ] reward=-69.2862  cs_rank(-1 * (zscore(volume, 20) + zscore(close, 20) + zscore(stddev(close, 20), 20)))
[reward_only] iter 24/50 [OK ] reward=-69.2862  cs_rank(-1 * (zscore(volume, 20) + zscore(close, 20) + zscore(stddev(close, 20), 20)))
[reward_only] iter 25/50 [OK ] reward=-69.2862  cs_rank(-1 * (zscore(volume, 20) + zscore(close, 20) + zscore(stddev(close, 20), 20)))
[reward_only] iter 26/50 [OK ] reward=-69.2862  cs_rank(-1 * (zscore(volume, 20) + zscore(close, 20) + zscore(stddev(close, 20), 20)))
[reward_only] iter 27/50 [OK ] reward=-69.2862  cs_rank(-1 * (zscore(volume, 20) + zscore(close, 20) + zscore(stddev(close, 20), 20)))
[reward_only] iter 28/50 [OK ] reward=-70.3985  cs_rank(-1 * (zscore(volume, 20) + zscore(close, 20) + zscore(vwap, 20)))
[reward_only] iter 29/50 [ERR] reward=    -inf  cs_rank(-1 * (zscore(volume, 20) + zscore(close, 20) + zscore(stddev(close, 20), 20) + zscore(vwap, 20) + zscore((high - low) / close, 20)))
[reward_only] iter 30/50 [OK ] reward=-82.2180  cs_rank(-1 * (zscore(volume, 20) + zscore(close, 20) + zscore(stddev(close, 20), 20) + zscore(vwap, 20) + zscore((high - low) / (close + 1e-5), 20)))
[reward_only] iter 31/50 [OK ] reward=-82.2180  cs_rank(-1 * (zscore(volume, 20) + zscore(close, 20) + zscore(stddev(close, 20), 20) + zscore(vwap, 20) + zscore((high - low) / (close + 1e-5), 20)))
[reward_only] iter 32/50 [OK ] reward=-81.4325  cs_rank(-1 * (zscore(volume, 20) + zscore(close, 20) + zscore(stddev(close, 20), 20) + zscore(vwap, 20) + zscore(high - low, 20)))
[reward_only] iter 33/50 [OK ] reward=-81.4325  cs_rank(-1 * (zscore(volume, 20) + zscore(close, 20) + zscore(stddev(close, 20), 20) + zscore(vwap, 20) + zscore(high - low, 20)))
[reward_only] iter 34/50 [OK ] reward=-62.6758  cs_rank(-1 * (zscore(volume, 20) + zscore(close, 20) + zscore(stddev(close, 20), 20) + zscore(vwap, 20)))
[reward_only] iter 35/50 [OK ] reward=-69.2862  cs_rank(-1 * (zscore(volume, 20) + zscore(close, 20) + zscore(stddev(close, 20), 20)))
[reward_only] iter 36/50 [OK ] reward=-69.2862  cs_rank(-1 * (zscore(volume, 20) + zscore(close, 20) + zscore(stddev(close, 20), 20)))
[reward_only] iter 37/50 [OK ] reward=-69.2862  cs_rank(-1 * (zscore(volume, 20) + zscore(close, 20) + zscore(stddev(close, 20), 20)))
[reward_only] iter 38/50 [OK ] reward=-69.2862  cs_rank(-1 * (zscore(volume, 20) + zscore(close, 20) + zscore(stddev(close, 20), 20)))
[reward_only] iter 39/50 [OK ] reward=-69.2862  cs_rank(-1 * (zscore(volume, 20) + zscore(close, 20) + zscore(stddev(close, 20), 20)))
[reward_only] iter 40/50 [OK ] reward=-69.2862  cs_rank(-1 * (zscore(volume, 20) + zscore(close, 20) + zscore(stddev(close, 20), 20)))
[reward_only] iter 41/50 [OK ] reward=-70.3985  cs_rank(-1 * (zscore(volume, 20) + zscore(close, 20) + zscore(vwap, 20)))
[reward_only] iter 42/50 [OK ] reward=-81.4325  cs_rank(-1 * (zscore(volume, 20) + zscore(close, 20) + zscore(stddev(close, 20), 20) + zscore(vwap, 20) + zscore(high - low, 20)))
[reward_only] iter 43/50 [OK ] reward=-81.4325  cs_rank(-1 * (zscore(volume, 20) + zscore(close, 20) + zscore(stddev(close, 20), 20) + zscore(vwap, 20) + zscore(high - low, 20)))
[reward_only] iter 44/50 [OK ] reward=-62.6758  cs_rank(-1 * (zscore(volume, 20) + zscore(close, 20) + zscore(stddev(close, 20), 20) + zscore(vwap, 20)))
[reward_only] iter 45/50 [OK ] reward=-70.3985  cs_rank(-1 * (zscore(volume, 20) + zscore(close, 20) + zscore(vwap, 20)))
[reward_only] iter 46/50 [OK ] reward=-51.6029  cs_rank(-1 * (zscore(volume, 20) + zscore(close, 20) + zscore(stddev(close, 20), 20) + zscore(vwap, 20) + zscore(decay_linear(high, 20), 20)))
[reward_only] iter 47/50 [OK ] reward=-53.6385  cs_rank(-1 * (zscore(volume, 20) + zscore(close, 20) + zscore(vwap, 20) + zscore(decay_linear(high, 20), 20)))
[reward_only] iter 48/50 [OK ] reward=-41.3324  cs_rank(-1 * (zscore(close, 20) + zscore(vwap, 20) + zscore(decay_linear(high, 20), 20)))
[reward_only] iter 49/50 [OK ] reward=-52.7867  cs_rank(-1 * (zscore(close, 20) + zscore(vwap, 20) + zscore(high, 20)))
[reward_only] iter 50/50 [OK ] reward=-53.6385  cs_rank(-1 * (zscore(close, 20) + zscore(vwap, 20) + zscore(decay_linear(high, 20), 20) + zscore(volume, 20)))
[wfo:reward_only] fold 18 winner: cs_rank(-1 * (zscore(close, 20) + zscore(vwap, 20) + zscore(decay_linear(high, 20), 20)))
[wfo:reward_only] fold 18 OOS: Gross_IR=-0.210 Turnover=71.35 Net_IR=-2.819
[wfo:reward_only] fold 19: train 2020-01-01..2024-12-31 -> test 2025-01-01..2025-12-31
[reward_only] iter  0/50 [SEED] reward=-130.6162  rank(-1 * zscore(volume, 20))
[reward_only] iter  1/50 [OK ] reward=-137.4957  cs_rank(-1 * zscore(volume, 20) + ts_rank(abs(close - open), 20))
[reward_only] iter  2/50 [OK ] reward=-90.2319  cs_rank(-1 * zscore(volume, 20) + ts_rank(abs(close - open), 20) + decay_linear(zscore(close, 20), 20))
[reward_only] iter  3/50 [OK ] reward=-90.2319  cs_rank(-1 * zscore(volume, 20) + ts_rank(abs(close - open), 20) + decay_linear(zscore(close, 20), 20))
[reward_only] iter  4/50 [OK ] reward=-90.3389  cs_rank(-1 * zscore(volume, 20) + ts_rank(abs(close - open), 20) + zscore(close, 20))
[reward_only] iter  5/50 [OK ] reward=-137.4957  cs_rank(-1 * zscore(volume, 20) + ts_rank(abs(close - open), 20))
[reward_only] iter  6/50 [OK ] reward=-86.3929  cs_rank(-1 * zscore(volume, 20) + ts_rank(abs(close - open), 20) + decay_linear(zscore(close, 20), 20) + cs_rank(stddev(close, 20)))
[reward_only] iter  7/50 [OK ] reward=-90.3389  cs_rank(-1 * zscore(volume, 20) + ts_rank(abs(close - open), 20) + zscore(close, 20))
[reward_only] iter  8/50 [OK ] reward=-90.2319  cs_rank(-1 * zscore(volume, 20) + ts_rank(abs(close - open), 20) + decay_linear(zscore(close, 20), 20))
[reward_only] iter  9/50 [OK ] reward=-90.2319  cs_rank(-1 * zscore(volume, 20) + ts_rank(abs(close - open), 20) + decay_linear(zscore(close, 20), 20))
[reward_only] iter 10/50 [OK ] reward=-90.2319  cs_rank(-1 * zscore(volume, 20) + ts_rank(abs(close - open), 20) + decay_linear(zscore(close, 20), 20))
[reward_only] iter 11/50 [OK ] reward=-90.2319  cs_rank(-1 * zscore(volume, 20) + ts_rank(abs(close - open), 20) + decay_linear(zscore(close, 20), 20))
[reward_only] iter 12/50 [OK ] reward=-90.2319  cs_rank(-1 * zscore(volume, 20) + ts_rank(abs(close - open), 20) + decay_linear(zscore(close, 20), 20))
[reward_only] iter 13/50 [OK ] reward=-90.2319  cs_rank(-1 * zscore(volume, 20) + ts_rank(abs(close - open), 20) + decay_linear(zscore(close, 20), 20))
[reward_only] iter 14/50 [OK ] reward=-90.2319  cs_rank(-1 * zscore(volume, 20) + ts_rank(abs(close - open), 20) + decay_linear(zscore(close, 20), 20))
[reward_only] iter 15/50 [OK ] reward=-90.2319  cs_rank(-1 * zscore(volume, 20) + ts_rank(abs(close - open), 20) + decay_linear(zscore(close, 20), 20))
[reward_only] iter 16/50 [OK ] reward=-90.2319  cs_rank(-1 * zscore(volume, 20) + ts_rank(abs(close - open), 20) + decay_linear(zscore(close, 20), 20))
[reward_only] iter 17/50 [OK ] reward=-90.2319  cs_rank(-1 * zscore(volume, 20) + ts_rank(abs(close - open), 20) + decay_linear(zscore(close, 20), 20))
[reward_only] iter 18/50 [OK ] reward=-90.2319  cs_rank(-1 * zscore(volume, 20) + ts_rank(abs(close - open), 20) + decay_linear(zscore(close, 20), 20))
[reward_only] iter 19/50 [OK ] reward=-90.2319  cs_rank(-1 * zscore(volume, 20) + ts_rank(abs(close - open), 20) + decay_linear(zscore(close, 20), 20))
[reward_only] iter 20/50 [OK ] reward=-90.3389  cs_rank(-1 * zscore(volume, 20) + ts_rank(abs(close - open), 20) + zscore(close, 20))
[reward_only] iter 21/50 [OK ] reward=-90.3389  cs_rank(-1 * zscore(volume, 20) + ts_rank(abs(close - open), 20) + zscore(close, 20))
[reward_only] iter 22/50 [OK ] reward=-86.3929  cs_rank(-1 * zscore(volume, 20) + ts_rank(abs(close - open), 20) + decay_linear(zscore(close, 20), 20) + cs_rank(stddev(close, 20)))
[reward_only] iter 23/50 [OK ] reward=-90.2319  cs_rank(-1 * zscore(volume, 20) + ts_rank(abs(close - open), 20) + decay_linear(zscore(close, 20), 20))
[reward_only] iter 24/50 [OK ] reward=-90.2319  cs_rank(-1 * zscore(volume, 20) + ts_rank(abs(close - open), 20) + decay_linear(zscore(close, 20), 20))
[reward_only] iter 25/50 [OK ] reward=-90.2319  cs_rank(-1 * zscore(volume, 20) + ts_rank(abs(close - open), 20) + decay_linear(zscore(close, 20), 20))
[reward_only] iter 26/50 [OK ] reward=-90.2319  cs_rank(-1 * zscore(volume, 20) + ts_rank(abs(close - open), 20) + decay_linear(zscore(close, 20), 20))
[reward_only] iter 27/50 [OK ] reward=-90.2319  cs_rank(-1 * zscore(volume, 20) + ts_rank(abs(close - open), 20) + decay_linear(zscore(close, 20), 20))
[reward_only] iter 28/50 [OK ] reward=-90.2319  cs_rank(-1 * zscore(volume, 20) + ts_rank(abs(close - open), 20) + decay_linear(zscore(close, 20), 20))
[reward_only] iter 29/50 [OK ] reward=-90.2319  cs_rank(-1 * zscore(volume, 20) + ts_rank(abs(close - open), 20) + decay_linear(zscore(close, 20), 20))
[reward_only] iter 30/50 [OK ] reward=-90.2319  cs_rank(-1 * zscore(volume, 20) + ts_rank(abs(close - open), 20) + decay_linear(zscore(close, 20), 20))
[reward_only] iter 31/50 [OK ] reward=-90.2319  cs_rank(-1 * zscore(volume, 20) + ts_rank(abs(close - open), 20) + decay_linear(zscore(close, 20), 20))
[reward_only] iter 32/50 [OK ] reward=-90.2319  cs_rank(-1 * zscore(volume, 20) + ts_rank(abs(close - open), 20) + decay_linear(zscore(close, 20), 20))
[reward_only] iter 33/50 [OK ] reward=-90.3389  cs_rank(-1 * zscore(volume, 20) + ts_rank(abs(close - open), 20) + zscore(close, 20))
[reward_only] iter 34/50 [OK ] reward=-87.2346  cs_rank(-1 * zscore(volume, 20) + ts_rank(abs(close - open), 20) + zscore(close, 20) + cs_rank(stddev(close, 20)))
[reward_only] iter 35/50 [OK ] reward=-90.2319  cs_rank(-1 * zscore(volume, 20) + ts_rank(abs(close - open), 20) + decay_linear(zscore(close, 20), 20))
[reward_only] iter 36/50 [OK ] reward=-90.2319  cs_rank(-1 * zscore(volume, 20) + ts_rank(abs(close - open), 20) + decay_linear(zscore(close, 20), 20))
[reward_only] iter 37/50 [OK ] reward=-90.2319  cs_rank(-1 * zscore(volume, 20) + ts_rank(abs(close - open), 20) + decay_linear(zscore(close, 20), 20))
[reward_only] iter 38/50 [OK ] reward=-90.2319  cs_rank(-1 * zscore(volume, 20) + ts_rank(abs(close - open), 20) + decay_linear(zscore(close, 20), 20))
[reward_only] iter 39/50 [OK ] reward=-90.2319  cs_rank(-1 * zscore(volume, 20) + ts_rank(abs(close - open), 20) + decay_linear(zscore(close, 20), 20))
[reward_only] iter 40/50 [OK ] reward=-90.2319  cs_rank(-1 * zscore(volume, 20) + ts_rank(abs(close - open), 20) + decay_linear(zscore(close, 20), 20))
[reward_only] iter 41/50 [OK ] reward=-90.2319  cs_rank(-1 * zscore(volume, 20) + ts_rank(abs(close - open), 20) + decay_linear(zscore(close, 20), 20))
[reward_only] iter 42/50 [OK ] reward=-90.2319  cs_rank(-1 * zscore(volume, 20) + ts_rank(abs(close - open), 20) + decay_linear(zscore(close, 20), 20))
[reward_only] iter 43/50 [OK ] reward=-90.2319  cs_rank(-1 * zscore(volume, 20) + ts_rank(abs(close - open), 20) + decay_linear(zscore(close, 20), 20))
[reward_only] iter 44/50 [OK ] reward=-90.2319  cs_rank(-1 * zscore(volume, 20) + ts_rank(abs(close - open), 20) + decay_linear(zscore(close, 20), 20))
[reward_only] iter 45/50 [OK ] reward=-90.2319  cs_rank(-1 * zscore(volume, 20) + ts_rank(abs(close - open), 20) + decay_linear(zscore(close, 20), 20))
[reward_only] iter 46/50 [OK ] reward=-90.2319  cs_rank(-1 * zscore(volume, 20) + ts_rank(abs(close - open), 20) + decay_linear(zscore(close, 20), 20))
[reward_only] iter 47/50 [OK ] reward=-90.2319  cs_rank(-1 * zscore(volume, 20) + ts_rank(abs(close - open), 20) + decay_linear(zscore(close, 20), 20))
[reward_only] iter 48/50 [OK ] reward=-90.2319  cs_rank(-1 * zscore(volume, 20) + ts_rank(abs(close - open), 20) + decay_linear(zscore(close, 20), 20))
[reward_only] iter 49/50 [OK ] reward=-90.2319  cs_rank(-1 * zscore(volume, 20) + ts_rank(abs(close - open), 20) + decay_linear(zscore(close, 20), 20))
[reward_only] iter 50/50 [OK ] reward=-90.2319  cs_rank(-1 * zscore(volume, 20) + ts_rank(abs(close - open), 20) + decay_linear(zscore(close, 20), 20))
[wfo:reward_only] fold 19 winner: cs_rank(-1 * zscore(volume, 20) + ts_rank(abs(close - open), 20) + decay_linear(zscore(close, 20), 20) + cs_rank(stddev(close, 20)))
[wfo:reward_only] fold 19 OOS: Gross_IR=-0.593 Turnover=155.93 Net_IR=-6.468
[wfo:reward_only] fold 20: train 2021-01-01..2025-12-31 -> test 2026-01-01..2026-08-13
[reward_only] iter  0/50 [SEED] reward=-130.8655  rank(-1 * zscore(volume, 20))
[reward_only] iter  1/50 [OK ] reward=-160.2120  cs_rank(-1 * zscore(volume, 20) + zscore(close - open, 20))
[reward_only] iter  2/50 [OK ] reward=-160.2084  cs_rank(-1 * zscore(close - open, 20) + zscore(volume, 20))
[reward_only] iter  3/50 [OK ] reward=-155.7048  cs_rank(-1 * zscore(close - open, 20) + zscore(volume, 20) + zscore(high - low, 20))
[reward_only] iter  4/50 [OK ] reward=-160.2084  cs_rank(-1 * zscore(close - open, 20) + zscore(volume, 20))
[reward_only] iter  5/50 [OK ] reward=-99.3750  cs_rank(-1 * zscore(close - open, 20) + zscore(volume, 20) + zscore(stddev(close, 20), 20))
[reward_only] iter  6/50 [OK ] reward=-160.2084  cs_rank(-1 * zscore(close - open, 20) + zscore(volume, 20))
[reward_only] iter  7/50 [OK ] reward=-130.5725  cs_rank(-1 * zscore(close - open, 20) + zscore(volume, 20) + zscore(stddev(close, 20), 20) + zscore(vwap - close, 20))
[reward_only] iter  8/50 [OK ] reward=-99.3750  cs_rank(-1 * zscore(close - open, 20) + zscore(volume, 20) + zscore(stddev(close, 20), 20))
[reward_only] iter  9/50 [OK ] reward=-160.2084  cs_rank(-1 * zscore(close - open, 20) + zscore(volume, 20))
[reward_only] iter 10/50 [OK ] reward=-130.5725  cs_rank(-1 * zscore(close - open, 20) + zscore(volume, 20) + zscore(stddev(close, 20), 20) + zscore(vwap - close, 20))
[reward_only] iter 11/50 [OK ] reward=-99.3750  cs_rank(-1 * zscore(close - open, 20) + zscore(volume, 20) + zscore(stddev(close, 20), 20))
[reward_only] iter 12/50 [OK ] reward=-160.2084  cs_rank(-1 * zscore(close - open, 20) + zscore(volume, 20))
[reward_only] iter 13/50 [OK ] reward=-111.5784  cs_rank(-1 * zscore(close - open, 20) + zscore(volume, 20) + zscore(stddev(close, 20), 20) + cs_rank(vwap - close))
[reward_only] iter 14/50 [OK ] reward=-99.3750  cs_rank(-1 * zscore(close - open, 20) + zscore(volume, 20) + zscore(stddev(close, 20), 20))
[reward_only] iter 15/50 [OK ] reward=-160.2084  cs_rank(-1 * zscore(close - open, 20) + zscore(volume, 20))
[reward_only] iter 16/50 [OK ] reward=-99.3750  cs_rank(-1 * zscore(close - open, 20) + zscore(volume, 20) + zscore(stddev(close, 20), 20))
[reward_only] iter 17/50 [OK ] reward=-160.2084  cs_rank(-1 * zscore(close - open, 20) + zscore(volume, 20))
[reward_only] iter 18/50 [ERR] reward=    -inf  cs_rank(-1 * zscore(close - open, 20) + zscore(volume, 20) + zscore(stddev(close, 20), 20) + cs_rank(vwap - close, 20))
[reward_only] iter 19/50 [OK ] reward=-130.5725  cs_rank(-1 * zscore(close - open, 20) + zscore(volume, 20) + zscore(stddev(close, 20), 20) + zscore(vwap - close, 20))
[reward_only] iter 20/50 [OK ] reward=-99.3750  cs_rank(-1 * zscore(close - open, 20) + zscore(volume, 20) + zscore(stddev(close, 20), 20))
[reward_only] iter 21/50 [OK ] reward=-160.2084  cs_rank(-1 * zscore(close - open, 20) + zscore(volume, 20))
[reward_only] iter 22/50 [OK ] reward=-130.5725  cs_rank(-1 * zscore(close - open, 20) + zscore(volume, 20) + zscore(stddev(close, 20), 20) + zscore(vwap - close, 20))
[reward_only] iter 23/50 [OK ] reward=-99.3750  cs_rank(-1 * zscore(close - open, 20) + zscore(volume, 20) + zscore(stddev(close, 20), 20))
[reward_only] iter 24/50 [OK ] reward=-160.2084  cs_rank(-1 * zscore(close - open, 20) + zscore(volume, 20))
[reward_only] iter 25/50 [OK ] reward=-88.5504  cs_rank(-1 * zscore(close - open, 20) + zscore(volume, 20) + zscore(stddev(close, 20), 20) + cs_rank(zscore(close - vwap, 20)))
[reward_only] iter 26/50 [OK ] reward=-152.5258  cs_rank(-1 * zscore(close - open, 20) + zscore(volume, 20) + cs_rank(zscore(close - vwap, 20)))
[reward_only] iter 27/50 [OK ] reward=-152.5258  cs_rank(-1 * zscore(close - open, 20) + zscore(volume, 20) + cs_rank(zscore(close - vwap, 20)))
[reward_only] iter 28/50 [OK ] reward=-99.3750  cs_rank(-1 * zscore(close - open, 20) + zscore(volume, 20) + zscore(stddev(close, 20), 20))
[reward_only] iter 29/50 [OK ] reward=-99.3750  cs_rank(-1 * zscore(close - open, 20) + zscore(volume, 20) + zscore(stddev(close, 20), 20))
[reward_only] iter 30/50 [OK ] reward=-99.3750  cs_rank(-1 * zscore(close - open, 20) + zscore(volume, 20) + zscore(stddev(close, 20), 20))
[reward_only] iter 31/50 [OK ] reward=-152.5258  cs_rank(-1 * zscore(close - open, 20) + zscore(volume, 20) + cs_rank(zscore(close - vwap, 20)))
[reward_only] iter 32/50 [OK ] reward=-99.3750  cs_rank(-1 * zscore(close - open, 20) + zscore(volume, 20) + zscore(stddev(close, 20), 20))
[reward_only] iter 33/50 [OK ] reward=-99.3750  cs_rank(-1 * zscore(close - open, 20) + zscore(volume, 20) + zscore(stddev(close, 20), 20))
[reward_only] iter 34/50 [OK ] reward=-99.3750  cs_rank(-1 * zscore(close - open, 20) + zscore(volume, 20) + zscore(stddev(close, 20), 20))
[reward_only] iter 35/50 [OK ] reward=-99.3750  cs_rank(-1 * zscore(close - open, 20) + zscore(volume, 20) + zscore(stddev(close, 20), 20))
[reward_only] iter 36/50 [OK ] reward=-99.3750  cs_rank(-1 * zscore(close - open, 20) + zscore(volume, 20) + zscore(stddev(close, 20), 20))
[reward_only] iter 37/50 [OK ] reward=-99.3750  cs_rank(-1 * zscore(close - open, 20) + zscore(volume, 20) + zscore(stddev(close, 20), 20))
[reward_only] iter 38/50 [OK ] reward=-99.3750  cs_rank(-1 * zscore(close - open, 20) + zscore(volume, 20) + zscore(stddev(close, 20), 20))
[reward_only] iter 39/50 [OK ] reward=-99.3750  cs_rank(-1 * zscore(close - open, 20) + zscore(volume, 20) + zscore(stddev(close, 20), 20))
[reward_only] iter 40/50 [OK ] reward=-99.3750  cs_rank(-1 * zscore(close - open, 20) + zscore(volume, 20) + zscore(stddev(close, 20), 20))
[reward_only] iter 41/50 [OK ] reward=-99.3750  cs_rank(-1 * zscore(close - open, 20) + zscore(volume, 20) + zscore(stddev(close, 20), 20))
[reward_only] iter 42/50 [OK ] reward=-99.3750  cs_rank(-1 * zscore(close - open, 20) + zscore(volume, 20) + zscore(stddev(close, 20), 20))
[reward_only] iter 43/50 [OK ] reward=-99.3750  cs_rank(-1 * zscore(close - open, 20) + zscore(volume, 20) + zscore(stddev(close, 20), 20))
[reward_only] iter 44/50 [OK ] reward=-152.5258  cs_rank(-1 * zscore(close - open, 20) + zscore(volume, 20) + cs_rank(zscore(close - vwap, 20)))
[reward_only] iter 45/50 [OK ] reward=-99.3750  cs_rank(-1 * zscore(close - open, 20) + zscore(volume, 20) + zscore(stddev(close, 20), 20))
[reward_only] iter 46/50 [OK ] reward=-152.5258  cs_rank(-1 * zscore(close - open, 20) + zscore(volume, 20) + cs_rank(zscore(close - vwap, 20)))
[reward_only] iter 47/50 [OK ] reward=-99.3750  cs_rank(-1 * zscore(close - open, 20) + zscore(volume, 20) + zscore(stddev(close, 20), 20))
[reward_only] iter 48/50 [OK ] reward=-99.3750  cs_rank(-1 * zscore(close - open, 20) + zscore(volume, 20) + zscore(stddev(close, 20), 20))
[reward_only] iter 49/50 [OK ] reward=-99.3750  cs_rank(-1 * zscore(close - open, 20) + zscore(volume, 20) + zscore(stddev(close, 20), 20))
[reward_only] iter 50/50 [OK ] reward=-99.3750  cs_rank(-1 * zscore(close - open, 20) + zscore(volume, 20) + zscore(stddev(close, 20), 20))
[wfo:reward_only] fold 20 winner: cs_rank(-1 * zscore(close - open, 20) + zscore(volume, 20) + zscore(stddev(close, 20), 20) + cs_rank(zscore(close - vwap, 20)))
[wfo:reward_only] fold 20 OOS: Gross_IR=1.335 Turnover=171.72 Net_IR=-5.431
[run_full_grid] checkpointed grid_summary.csv (5 rows)

==============================================================================
ALPHA=volume (rank(-1 * zscore(volume, 20)))  LLM_SEED=3003
==============================================================================
[LocalQwenClient] seed=3003 main_gpu=0
[wfo:reward_only] fold 0: train 2001-01-01..2005-12-31 -> test 2006-01-01..2006-12-31
[reward_only] iter  0/50 [SEED] reward=-139.2323  rank(-1 * zscore(volume, 20))
[reward_only] iter  1/50 [OK ] reward=-181.4046  cs_rank(vwap - open)
[reward_only] iter  2/50 [OK ] reward=-190.4468  cs_rank(zscore(close - open, 20))
[reward_only] iter  3/50 [OK ] reward=-185.9031  cs_rank(zscore(close - open, 20) * zscore(volume, 20))
[reward_only] iter  4/50 [OK ] reward=-189.2246  rank(-1 * zscore(volume, 20) * zscore(close - open, 20))
[reward_only] iter  5/50 [OK ] reward=-152.0548  rank(-1 * zscore(volume, 20) * cs_rank(close - open))
[reward_only] iter  6/50 [OK ] reward=-152.0548  rank(-1 * zscore(volume, 20) * cs_rank(close - open))
[reward_only] iter  7/50 [OK ] reward=-188.7496  rank(-1 * zscore(close - open, 20))
[reward_only] iter  8/50 [OK ] reward=-183.8114  rank(-1 * zscore(close - open, 20) * cs_rank(volume))
[reward_only] iter  9/50 [OK ] reward=-143.4559  rank(-1 * zscore(volume, 20) * cs_rank(abs(close - open)))
[reward_only] iter 10/50 [OK ] reward=-152.0548  rank(-1 * zscore(volume, 20) * cs_rank(close - open))
[reward_only] iter 11/50 [OK ] reward=-169.5803  cs_rank(close - open) * rank(-1 * zscore(volume, 20))
[reward_only] iter 12/50 [OK ] reward=-180.4362  cs_rank(close - open) * cs_rank(vwap - open)
[reward_only] iter 13/50 [OK ] reward=-171.3302  cs_rank(zscore(close - open, 20)) * cs_rank(zscore(volume, 20))
[reward_only] iter 14/50 [OK ] reward=-169.9441  cs_rank(-1 * zscore(close - open, 20)) * cs_rank(zscore(volume, 20))
[reward_only] iter 15/50 [OK ] reward=-169.9441  cs_rank(-1 * zscore(close - open, 20)) * cs_rank(zscore(volume, 20))
[reward_only] iter 16/50 [OK ] reward=-169.7838  cs_rank(-1 * zscore(volume, 20)) * cs_rank(zscore(close - open, 20))
[reward_only] iter 17/50 [OK ] reward=-169.9441  cs_rank(-1 * zscore(close - open, 20)) * cs_rank(zscore(volume, 20))
[reward_only] iter 18/50 [OK ] reward=-165.1579  rank(-1 * zscore(close - open, 20) + zscore(volume, 20))
[reward_only] iter 19/50 [OK ] reward=-176.0302  rank(-1 * zscore(close - open, 20) + zscore(volume, 20) * cs_rank(vwap))
[reward_only] iter 20/50 [OK ] reward=-165.1579  rank(-1 * zscore(close - open, 20) + zscore(volume, 20))
[reward_only] iter 21/50 [OK ] reward=-166.9847  rank(-1 * zscore(volume, 20) + zscore(close - open, 20))
[reward_only] iter 22/50 [OK ] reward=-148.0805  rank(-1 * zscore(volume, 20) + cs_rank(close / (open + 1e-5)))
[reward_only] iter 23/50 [OK ] reward=-148.1690  rank(-1 * zscore(volume, 20) + cs_rank((close - open) / (high - low + 1e-5)))
[reward_only] iter 24/50 [OK ] reward=-178.1774  rank(-1 * zscore(volume, 20)) + rank((close - open) / (high - low + 1e-5))
[reward_only] iter 25/50 [ERR] reward=    -inf  rank(-1 * zscore(volume, 20)) + rank(close / vwap)
[reward_only] iter 26/50 [OK ] reward=-181.0119  rank(-1 * zscore(volume, 20)) + rank(close / (vwap + 1e-5))
[reward_only] iter 27/50 [OK ] reward=-181.0119  rank(-1 * zscore(volume, 20)) + rank(close / (vwap + 1e-5))
[reward_only] iter 28/50 [OK ] reward=-181.0119  rank(-1 * zscore(volume, 20)) + rank(close / (vwap + 1e-5))
[reward_only] iter 29/50 [OK ] reward=-179.5807  rank(-1 * zscore(volume, 20)) + rank(close - vwap)
[reward_only] iter 30/50 [OK ] reward=-61.6913  rank(-1 * zscore(close, 20))
[reward_only] iter 31/50 [OK ] reward=-66.2134  cs_rank(-1 * zscore(close, 20) + ts_rank(vwap, 20))
[reward_only] iter 32/50 [OK ] reward= -8.0168  cs_rank(-1 * zscore(close, 20) + sma(vwap, 20))
[reward_only] iter 33/50 [OK ] reward=-25.7915  cs_rank(close / (open + 1e-5) + sma(volume, 20) / (stddev(volume, 20) + 1e-5))
[reward_only] iter 34/50 [OK ] reward=-66.2134  cs_rank(-1 * zscore(close, 20) + ts_rank(vwap, 20))
[reward_only] iter 35/50 [OK ] reward= -8.6648  cs_rank(-1 * zscore(close, 20) + sma(vwap, 20) + ts_rank(volume, 20))
[reward_only] iter 36/50 [OK ] reward= -9.0175  cs_rank(-1 * zscore(close, 20) + sma(vwap, 20) + ts_rank(high - low, 20))
[reward_only] iter 37/50 [OK ] reward= -8.6648  cs_rank(-1 * zscore(close, 20) + sma(vwap, 20) + ts_rank(volume, 20))
[reward_only] iter 38/50 [OK ] reward= -6.2947  cs_rank(-1 * zscore(close, 20) + sma(vwap, 20) + decay_linear(volume, 20))
[reward_only] iter 39/50 [OK ] reward= -6.3947  cs_rank(-1 * zscore(close, 20) + sma(vwap, 20) + decay_linear(volume, 20) + ts_rank(high, 20))
[reward_only] iter 40/50 [OK ] reward= -6.2947  cs_rank(-1 * zscore(close, 20) + sma(vwap, 20) + decay_linear(volume, 20))
[reward_only] iter 41/50 [OK ] reward= -6.4447  cs_rank(-1 * zscore(close, 20) + sma(vwap, 20) + decay_linear(volume, 20) + cs_rank(high - low))
[reward_only] iter 42/50 [OK ] reward= -6.2947  cs_rank(-1 * zscore(close, 20) + sma(vwap, 20) + decay_linear(volume, 20))
[reward_only] iter 43/50 [OK ] reward= -6.4447  cs_rank(-1 * zscore(close, 20) + sma(vwap, 20) + decay_linear(volume, 20) - cs_rank(high - low))
[reward_only] iter 44/50 [OK ] reward= -6.2947  cs_rank(-1 * zscore(close, 20) + sma(vwap, 20) + decay_linear(volume, 20))
[reward_only] iter 45/50 [OK ] reward= -6.4447  cs_rank(-1 * zscore(close, 20) + sma(vwap, 20) + decay_linear(volume, 20) + cs_rank(high - low))
[reward_only] iter 46/50 [OK ] reward= -6.2947  cs_rank(-1 * zscore(close, 20) + sma(vwap, 20) + decay_linear(volume, 20))
[reward_only] iter 47/50 [OK ] reward= -6.4447  cs_rank(-1 * zscore(close, 20) + sma(vwap, 20) + decay_linear(volume, 20) + ts_rank(high - low, 20))
[reward_only] iter 48/50 [OK ] reward= -6.2947  cs_rank(-1 * zscore(close, 20) + sma(vwap, 20) + decay_linear(volume, 20))
[reward_only] iter 49/50 [OK ] reward= -6.4447  cs_rank(-1 * zscore(close, 20) + sma(vwap, 20) + decay_linear(volume, 20) + ts_rank(high - low, 20))
[reward_only] iter 50/50 [OK ] reward= -6.2947  cs_rank(-1 * zscore(close, 20) + sma(vwap, 20) + decay_linear(volume, 20))
[wfo:reward_only] fold 0 winner: cs_rank(-1 * zscore(close, 20) + sma(vwap, 20) + decay_linear(volume, 20))
[wfo:reward_only] fold 0 OOS: Gross_IR=1.150 Turnover=12.28 Net_IR=0.205
[wfo:reward_only] fold 1: train 2002-01-01..2006-12-31 -> test 2007-01-01..2007-12-31
[reward_only] iter  0/50 [SEED] reward=-138.3381  rank(-1 * zscore(volume, 20))
[reward_only] iter  1/50 [OK ] reward=-183.1913  cs_rank(close - open)
[reward_only] iter  2/50 [OK ] reward=-186.1183  cs_rank(zscore(vwap - close, 20))
[reward_only] iter  3/50 [OK ] reward=-145.6742  rank(-1 * zscore(volume, 20) + cs_rank(zscore(vwap - close, 20)))
[reward_only] iter  4/50 [OK ] reward=-180.3459  rank(-1 * zscore(volume, 20) + cs_rank(zscore(vwap - close, 20))) + cs_rank(zscore(high - low, 20))
[reward_only] iter  5/50 [OK ] reward=-145.6742  rank(-1 * zscore(volume, 20) + cs_rank(zscore(vwap - close, 20)))
[reward_only] iter  6/50 [OK ] reward=-145.6742  rank(-1 * zscore(volume, 20) + cs_rank(zscore(vwap - close, 20)))
[reward_only] iter  7/50 [OK ] reward=-145.7345  rank(-1 * zscore(volume, 20) + cs_rank(zscore(vwap - close, 20) / (cs_rank(volume) + 1e-5)))
[reward_only] iter  8/50 [OK ] reward=-145.6742  rank(-1 * zscore(volume, 20) + cs_rank(zscore(vwap - close, 20)))
[reward_only] iter  9/50 [OK ] reward=-145.7742  rank(-1 * zscore(volume, 20) + cs_rank(zscore((high + low) / 2 - close, 20)))
[reward_only] iter 10/50 [OK ] reward=-145.7742  rank(-1 * zscore(volume, 20) + cs_rank(zscore((high + low) / 2 - close, 20)))
[reward_only] iter 11/50 [OK ] reward=-147.6261  rank(-1 * zscore(volume, 20) + cs_rank(zscore(close - vwap, 20)))
[reward_only] iter 12/50 [OK ] reward=-187.0274  rank(-1 * zscore(close - open, 20))
[reward_only] iter 13/50 [OK ] reward=-178.7467  rank(-1 * zscore(volume * (close - open), 20))
[reward_only] iter 14/50 [OK ] reward=-172.9211  rank(-1 * zscore(volume * (close - open), 20) / cs_rank(volume))
[reward_only] iter 15/50 [ERR] reward=    -inf  rank(-1 * zscore(volume, 20) * cs_rank(close / open))
[reward_only] iter 16/50 [OK ] reward=-149.9743  rank(-1 * zscore(volume, 20) * cs_rank(close / (open + 1e-5)))
[reward_only] iter 17/50 [OK ] reward=-187.0274  rank(-1 * zscore(close - open, 20))
[reward_only] iter 18/50 [OK ] reward=-129.1882  rank(-1 * zscore(volume, 20) + cs_rank(high - low))
[reward_only] iter 19/50 [OK ] reward=-176.4604  rank(-1 * zscore(close - open, 20) + cs_rank(high - low))
[reward_only] iter 20/50 [OK ] reward=-120.7533  rank(-1 * zscore(volume, 20) + cs_rank(high - low) + ts_rank(vwap, 20))
[reward_only] iter 21/50 [OK ] reward=-69.0825  rank(cs_rank(high - low) + ts_rank(vwap, 20))
[reward_only] iter 22/50 [OK ] reward=-97.0800  rank(cs_rank(high - low) + cs_rank(volume / (volume + 1e-5)))
[reward_only] iter 23/50 [ERR] reward=    -inf  rank(cs_rank(high - low) + ts_rank(close / open, 20))
[reward_only] iter 24/50 [OK ] reward=-133.4199  rank(cs_rank(high - low) + ts_rank(close / (open + 1e-5), 20))
[reward_only] iter 25/50 [OK ] reward=-165.2627  rank(cs_rank(vwap - close) + ts_rank(volume, 20))
[reward_only] iter 26/50 [OK ] reward=-118.8355  rank(cs_rank(high - low) + ts_rank(volume, 20))
[reward_only] iter 27/50 [OK ] reward=-170.4225  rank(cs_rank(close - open) + ts_rank(volume, 20))
[reward_only] iter 28/50 [OK ] reward=-118.0724  rank(cs_rank(close - open) + ts_rank(vwap, 20) + cs_rank(volume / (volume + 1e-5)))
[reward_only] iter 29/50 [OK ] reward=-69.0825  rank(cs_rank(high - low) + ts_rank(vwap, 20))
[reward_only] iter 30/50 [OK ] reward=-125.6583  rank(ts_rank(close - open, 20) + cs_rank(volume / (volume + 1e-5)))
[reward_only] iter 31/50 [OK ] reward=-69.9340  rank(cs_rank(high - low) + decay_linear(ts_rank(vwap, 20), 50))
[reward_only] iter 32/50 [OK ] reward=-180.6847  rank(cs_rank(close - open) + decay_linear(ts_rank(volume, 20), 50))
[reward_only] iter 33/50 [OK ] reward=-133.9479  rank(cs_rank(close - open) + ts_rank(vwap, 20))
[reward_only] iter 34/50 [OK ] reward=-81.5219  rank(cs_rank(high - low) + ts_rank(vwap, 20) + cs_rank(volume))
[reward_only] iter 35/50 [OK ] reward=-119.2532  rank(cs_rank(high - low) + ts_rank(vwap, 20) + cs_rank(close - open))
[reward_only] iter 36/50 [OK ] reward=-81.5219  rank(cs_rank(high - low) + ts_rank(vwap, 20) + cs_rank(volume))
[reward_only] iter 37/50 [ERR] reward=    -inf  rank(cs_rank((close - open) / (high - low)) + ts_rank(vwap, 20))
[reward_only] iter 38/50 [OK ] reward=-69.0825  rank(cs_rank(high - low) + ts_rank(vwap, 20))
[reward_only] iter 39/50 [OK ] reward=-119.6298  rank(cs_rank(high - low) + ts_rank(vwap, 20) + zscore(volume, 60))
[reward_only] iter 40/50 [OK ] reward=-53.5421  rank(cs_rank(high - low) + ts_rank(vwap, 20) + decay_linear(zscore(volume, 60), 20))
[reward_only] iter 41/50 [OK ] reward=-89.4958  rank(cs_rank(high - low) + ts_rank(close - open, 20) + decay_linear(zscore(volume, 60), 20))
[reward_only] iter 42/50 [OK ] reward=-53.5421  rank(cs_rank(high - low) + ts_rank(vwap, 20) + decay_linear(zscore(volume, 60), 20))
[reward_only] iter 43/50 [ERR] reward=    -inf  rank(cs_rank((high - low) / vwap) + ts_rank(vwap, 20) + decay_linear(zscore(volume, 60), 20))
[reward_only] iter 44/50 [OK ] reward=-69.3394  rank(cs_rank((high - low) / (vwap + 1e-5)) + ts_rank(vwap, 20) + decay_linear(zscore(volume, 60), 20))
[reward_only] iter 45/50 [OK ] reward=-53.5421  rank(cs_rank(high - low) + ts_rank(vwap, 20) + decay_linear(zscore(volume, 60), 20))
[reward_only] iter 46/50 [OK ] reward=-56.1970  rank(cs_rank(high - low) + ts_rank(close, 20) + decay_linear(zscore(volume, 60), 20))
[reward_only] iter 47/50 [OK ] reward=-101.9145  rank(cs_rank(high - low) + ts_rank(close, 20) + decay_linear(zscore(volume, 60), 20) + cs_rank(close - open))
[reward_only] iter 48/50 [OK ] reward=-53.5421  rank(cs_rank(high - low) + ts_rank(vwap, 20) + decay_linear(zscore(volume, 60), 20))
[reward_only] iter 49/50 [OK ] reward=-89.4958  rank(cs_rank(high - low) + ts_rank(close - open, 20) + decay_linear(zscore(volume, 60), 20))
[reward_only] iter 50/50 [OK ] reward=-53.5421  rank(cs_rank(high - low) + ts_rank(vwap, 20) + decay_linear(zscore(volume, 60), 20))
[wfo:reward_only] fold 1 winner: rank(cs_rank(high - low) + ts_rank(vwap, 20) + decay_linear(zscore(volume, 60), 20))
[wfo:reward_only] fold 1 OOS: Gross_IR=0.171 Turnover=91.89 Net_IR=-5.805
[wfo:reward_only] fold 2: train 2003-01-01..2007-12-31 -> test 2008-01-01..2008-12-31
[reward_only] iter  0/50 [SEED] reward=-136.9118  rank(-1 * zscore(volume, 20))
[reward_only] iter  1/50 [ERR] reward=    -inf  cs_rank(close / open - 1)
[reward_only] iter  2/50 [OK ] reward=-135.9828  rank(-1 * zscore(volume, 20) + decay_linear(cs_rank(close / (open + 1e-5)), 10))
[reward_only] iter  3/50 [OK ] reward=-144.2050  rank(-1 * zscore(volume, 20) + cs_rank(close / (open + 1e-5)))
[reward_only] iter  4/50 [OK ] reward=-136.7509  rank(-1 * zscore(volume, 20) + decay_linear(ts_rank(close / (open + 1e-5), 10), 5))
[reward_only] iter  5/50 [OK ] reward=-144.2050  rank(-1 * zscore(volume, 20) + cs_rank(close / (open + 1e-5)))
[reward_only] iter  6/50 [OK ] reward=-135.4772  rank(-1 * zscore(volume, 20) + cs_rank(close / (open + 1e-5)) + ts_rank(close, 20))
[reward_only] iter  7/50 [OK ] reward=-144.2050  rank(-1 * zscore(volume, 20) + cs_rank(close / (open + 1e-5)))
[reward_only] iter  8/50 [OK ] reward=-155.0898  rank(-1 * zscore(volume, 20) + cs_rank(close / (open + 1e-5)) + ts_rank(close - open, 20))
[reward_only] iter  9/50 [OK ] reward=-135.4772  rank(-1 * zscore(volume, 20) + cs_rank(close / (open + 1e-5)) + ts_rank(close, 20))
[reward_only] iter 10/50 [OK ] reward=-144.2050  rank(-1 * zscore(volume, 20) + cs_rank(close / (open + 1e-5)))
[reward_only] iter 11/50 [OK ] reward=-129.4368  rank(-1 * zscore(volume, 20) + cs_rank(close / (open + 1e-5)) + ts_rank(close, 20) + cs_rank(high - low))
[reward_only] iter 12/50 [OK ] reward=-135.4772  rank(-1 * zscore(volume, 20) + cs_rank(close / (open + 1e-5)) + ts_rank(close, 20))
[reward_only] iter 13/50 [OK ] reward=-135.4772  rank(-1 * zscore(volume, 20) + cs_rank(close / (open + 1e-5)) + ts_rank(close, 20))
[reward_only] iter 14/50 [OK ] reward=-135.4772  rank(-1 * zscore(volume, 20) + cs_rank(close / (open + 1e-5)) + ts_rank(close, 20))
[reward_only] iter 15/50 [OK ] reward=-135.4772  rank(-1 * zscore(volume, 20) + cs_rank(close / (open + 1e-5)) + ts_rank(close, 20))
[reward_only] iter 16/50 [OK ] reward=-135.4772  rank(-1 * zscore(volume, 20) + cs_rank(close / (open + 1e-5)) + ts_rank(close, 20))
[reward_only] iter 17/50 [OK ] reward=-135.4772  rank(-1 * zscore(volume, 20) + cs_rank(close / (open + 1e-5)) + ts_rank(close, 20))
[reward_only] iter 18/50 [OK ] reward=-135.4772  rank(-1 * zscore(volume, 20) + cs_rank(close / (open + 1e-5)) + ts_rank(close, 20))
[reward_only] iter 19/50 [OK ] reward=-135.4772  rank(-1 * zscore(volume, 20) + cs_rank(close / (open + 1e-5)) + ts_rank(close, 20))
[reward_only] iter 20/50 [OK ] reward=-135.4772  rank(-1 * zscore(volume, 20) + cs_rank(close / (open + 1e-5)) + ts_rank(close, 20))
[reward_only] iter 21/50 [OK ] reward=-135.4772  rank(-1 * zscore(volume, 20) + cs_rank(close / (open + 1e-5)) + ts_rank(close, 20))
[reward_only] iter 22/50 [OK ] reward=-140.5832  cs_rank(close / (open + 1e-5)) + ts_rank(close, 20)
[reward_only] iter 23/50 [OK ] reward=-115.9101  rank(-1 * zscore(volume, 20) + cs_rank(close / (open + 1e-5)) + ts_rank(close, 20) + cs_rank(high - low) + decay_linear(ts_rank(vwap, 20), 10))
[reward_only] iter 24/50 [OK ] reward=-129.4368  rank(-1 * zscore(volume, 20) + cs_rank(close / (open + 1e-5)) + ts_rank(close, 20) + cs_rank(high - low))
[reward_only] iter 25/50 [OK ] reward=-115.9101  rank(-1 * zscore(volume, 20) + cs_rank(close / (open + 1e-5)) + ts_rank(close, 20) + cs_rank(high - low) + decay_linear(ts_rank(vwap, 20), 10))
[reward_only] iter 26/50 [OK ] reward=-129.4368  rank(-1 * zscore(volume, 20) + cs_rank(close / (open + 1e-5)) + ts_rank(close, 20) + cs_rank(high - low))
[reward_only] iter 27/50 [OK ] reward=-129.4368  rank(-1 * zscore(volume, 20) + cs_rank(close / (open + 1e-5)) + ts_rank(close, 20) + cs_rank(high - low))
[reward_only] iter 28/50 [OK ] reward=-129.4368  rank(-1 * zscore(volume, 20) + cs_rank(close / (open + 1e-5)) + ts_rank(close, 20) + cs_rank(high - low))
[reward_only] iter 29/50 [OK ] reward=-120.3887  rank(-1 * zscore(volume, 20) + cs_rank(close / (open + 1e-5)) + ts_rank(close, 20) + decay_linear(ts_rank(vwap, 20), 10))
[reward_only] iter 30/50 [OK ] reward=-129.4368  rank(-1 * zscore(volume, 20) + cs_rank(close / (open + 1e-5)) + ts_rank(close, 20) + cs_rank(high - low))
[reward_only] iter 31/50 [OK ] reward=-129.4368  rank(-1 * zscore(volume, 20) + cs_rank(close / (open + 1e-5)) + ts_rank(close, 20) + cs_rank(high - low))
[reward_only] iter 32/50 [OK ] reward=-129.4368  rank(-1 * zscore(volume, 20) + cs_rank(close / (open + 1e-5)) + ts_rank(close, 20) + cs_rank(high - low))
[reward_only] iter 33/50 [OK ] reward=-129.4368  rank(-1 * zscore(volume, 20) + cs_rank(close / (open + 1e-5)) + ts_rank(close, 20) + cs_rank(high - low))
[reward_only] iter 34/50 [OK ] reward=-129.4368  rank(-1 * zscore(volume, 20) + cs_rank(close / (open + 1e-5)) + ts_rank(close, 20) + cs_rank(high - low))
[reward_only] iter 35/50 [OK ] reward=-129.4368  rank(-1 * zscore(volume, 20) + cs_rank(close / (open + 1e-5)) + ts_rank(close, 20) + cs_rank(high - low))
[reward_only] iter 36/50 [OK ] reward=-115.9101  rank(-1 * zscore(volume, 20) + cs_rank(close / (open + 1e-5)) + ts_rank(close, 20) + cs_rank(high - low) + decay_linear(ts_rank(vwap, 20), 10))
[reward_only] iter 37/50 [OK ] reward=-129.4368  rank(-1 * zscore(volume, 20) + cs_rank(close / (open + 1e-5)) + ts_rank(close, 20) + cs_rank(high - low))
[reward_only] iter 38/50 [OK ] reward=-120.3887  rank(-1 * zscore(volume, 20) + cs_rank(close / (open + 1e-5)) + ts_rank(close, 20) + decay_linear(ts_rank(vwap, 20), 10))
[reward_only] iter 39/50 [OK ] reward=-120.3887  rank(-1 * zscore(volume, 20) + cs_rank(close / (open + 1e-5)) + ts_rank(close, 20) + decay_linear(ts_rank(vwap, 20), 10))
[reward_only] iter 40/50 [OK ] reward=-120.3887  rank(-1 * zscore(volume, 20) + cs_rank(close / (open + 1e-5)) + ts_rank(close, 20) + decay_linear(ts_rank(vwap, 20), 10))
[reward_only] iter 41/50 [OK ] reward=-129.4368  rank(-1 * zscore(volume, 20) + cs_rank(close / (open + 1e-5)) + ts_rank(close, 20) + cs_rank(high - low))
[reward_only] iter 42/50 [OK ] reward=-129.4368  rank(-1 * zscore(volume, 20) + cs_rank(close / (open + 1e-5)) + ts_rank(close, 20) + cs_rank(high - low))
[reward_only] iter 43/50 [OK ] reward=-115.9101  rank(-1 * zscore(volume, 20) + cs_rank(close / (open + 1e-5)) + ts_rank(close, 20) + cs_rank(high - low) + decay_linear(ts_rank(vwap, 20), 10))
[reward_only] iter 44/50 [OK ] reward=-129.4368  rank(-1 * zscore(volume, 20) + cs_rank(close / (open + 1e-5)) + ts_rank(close, 20) + cs_rank(high - low))
[reward_only] iter 45/50 [OK ] reward=-129.4368  rank(-1 * zscore(volume, 20) + cs_rank(close / (open + 1e-5)) + ts_rank(close, 20) + cs_rank(high - low))
[reward_only] iter 46/50 [OK ] reward=-115.9101  rank(-1 * zscore(volume, 20) + cs_rank(close / (open + 1e-5)) + ts_rank(close, 20) + cs_rank(high - low) + decay_linear(ts_rank(vwap, 20), 10))
[reward_only] iter 47/50 [OK ] reward=-129.4368  rank(-1 * zscore(volume, 20) + cs_rank(close / (open + 1e-5)) + ts_rank(close, 20) + cs_rank(high - low))
[reward_only] iter 48/50 [OK ] reward=-116.0344  rank(-1 * zscore(volume, 20) + cs_rank(close / (open + 1e-5)) + ts_rank(close, 20) + cs_rank(high - low) + decay_linear(cs_rank(close), 10))
[reward_only] iter 49/50 [OK ] reward=-120.3887  rank(-1 * zscore(volume, 20) + cs_rank(close / (open + 1e-5)) + ts_rank(close, 20) + decay_linear(ts_rank(vwap, 20), 10))
[reward_only] iter 50/50 [OK ] reward=-129.4368  rank(-1 * zscore(volume, 20) + cs_rank(close / (open + 1e-5)) + ts_rank(close, 20) + cs_rank(high - low))
[wfo:reward_only] fold 2 winner: rank(-1 * zscore(volume, 20) + cs_rank(close / (open + 1e-5)) + ts_rank(close, 20) + cs_rank(high - low) + decay_linear(ts_rank(vwap, 20), 10))
[wfo:reward_only] fold 2 OOS: Gross_IR=-1.647 Turnover=209.05 Net_IR=-9.407
[wfo:reward_only] fold 3: train 2004-01-01..2008-12-31 -> test 2009-01-01..2009-12-31
[reward_only] iter  0/50 [SEED] reward=-136.5161  rank(-1 * zscore(volume, 20))
[reward_only] iter  1/50 [OK ] reward=-183.8528  rank(-1 * zscore(close - open, 20))
[reward_only] iter  2/50 [OK ] reward=-162.1679  rank(-1 * (zscore(volume, 20) + zscore(close - open, 20)))
[reward_only] iter  3/50 [OK ] reward=-11.5170  rank(-1 * (zscore(volume, 20) + zscore(close - open, 20) + decay_linear(vwap, 10)))
[reward_only] iter  4/50 [OK ] reward=-162.1679  rank(-1 * (zscore(volume, 20) + zscore(close - open, 20)))
[reward_only] iter  5/50 [OK ] reward=-11.8540  rank(-1 * (zscore(volume, 20) + zscore(close - open, 20) + decay_linear(vwap, 10) + ts_rank(vwap, 20)))
[reward_only] iter  6/50 [OK ] reward=-11.5170  rank(-1 * (zscore(volume, 20) + zscore(close - open, 20) + decay_linear(vwap, 10)))
[reward_only] iter  7/50 [OK ] reward=-11.5170  rank(-1 * (zscore(volume, 20) + zscore(close - open, 20) + decay_linear(vwap, 10)))
[reward_only] iter  8/50 [OK ] reward=-11.9897  rank(-1 * (zscore(volume, 20) + zscore(close - open, 20) + vwap))
[reward_only] iter  9/50 [OK ] reward=-12.1372  rank(-1 * (zscore(volume, 20) + zscore(close - open, 20) + decay_linear(vwap, 10) + cs_rank(zscore(close, 20))))
[reward_only] iter 10/50 [OK ] reward=-12.1372  rank(-1 * (zscore(volume, 20) + zscore(close - open, 20) + decay_linear(vwap, 10) + cs_rank(zscore(close, 20))))
[reward_only] iter 11/50 [OK ] reward=-11.5170  rank(-1 * (zscore(volume, 20) + zscore(close - open, 20) + decay_linear(vwap, 10)))
[reward_only] iter 12/50 [OK ] reward=-162.1679  rank(-1 * (zscore(volume, 20) + zscore(close - open, 20)))
[reward_only] iter 13/50 [OK ] reward=-15.9734  rank(-1 * (zscore(volume, 20) + zscore(close - open, 20) + decay_linear(vwap, 10) + zscore(high - low, 20)))
[reward_only] iter 14/50 [OK ] reward=-11.5170  cs_rank(-1 * (zscore(volume, 20) + zscore(close - open, 20) + decay_linear(vwap, 10)))
[reward_only] iter 15/50 [OK ] reward= -7.6397  cs_rank(-1 * (zscore(volume, 20) + decay_linear(vwap, 10)))
[reward_only] iter 16/50 [OK ] reward= -7.7822  cs_rank(-1 * (zscore(volume, 20) + decay_linear(vwap, 10) + ts_rank(close, 20)))
[reward_only] iter 17/50 [OK ] reward= -8.6810  cs_rank(-1 * (zscore(volume, 20) + decay_linear(vwap, 10) + zscore(close, 20)))
[reward_only] iter 18/50 [OK ] reward= -7.7822  cs_rank(-1 * (zscore(volume, 20) + decay_linear(vwap, 10) + ts_rank(close, 20)))
[reward_only] iter 19/50 [OK ] reward= -8.2578  cs_rank(-1 * (zscore(volume, 20) + decay_linear(vwap, 10) + cs_rank(close - open)))
[reward_only] iter 20/50 [OK ] reward= -7.6397  cs_rank(-1 * (zscore(volume, 20) + decay_linear(vwap, 10)))
[reward_only] iter 21/50 [OK ] reward= -8.2578  cs_rank(-1 * (zscore(volume, 20) + decay_linear(vwap, 10) + cs_rank(close - open)))
[reward_only] iter 22/50 [OK ] reward= -7.6397  cs_rank(-1 * (zscore(volume, 20) + decay_linear(vwap, 10)))
[reward_only] iter 23/50 [OK ] reward= -8.2071  cs_rank(-1 * (zscore(volume, 20) + decay_linear(vwap, 10) + ts_rank(close - open, 20)))
[reward_only] iter 24/50 [OK ] reward= -7.6397  cs_rank(-1 * (zscore(volume, 20) + decay_linear(vwap, 10)))
[reward_only] iter 25/50 [OK ] reward= -7.7822  cs_rank(-1 * (zscore(volume, 20) + decay_linear(vwap, 10) + ts_rank(close, 20)))
[reward_only] iter 26/50 [OK ] reward= -8.2071  cs_rank(-1 * (zscore(volume, 20) + decay_linear(vwap, 10) + ts_rank(close - open, 20)))
[reward_only] iter 27/50 [OK ] reward= -7.6397  cs_rank(-1 * (zscore(volume, 20) + decay_linear(vwap, 10)))
[reward_only] iter 28/50 [OK ] reward= -7.7822  cs_rank(-1 * (zscore(volume, 20) + decay_linear(vwap, 10) + ts_rank(close, 20)))
[reward_only] iter 29/50 [ERR] reward=    -inf  cs_rank(-1 * (zscore(volume, 20) + decay_linear(vwap, 10) + cs_rank(close / low)))
[reward_only] iter 30/50 [OK ] reward= -8.7112  cs_rank(-1 * (zscore(volume, 20) + decay_linear(vwap, 10) + cs_rank(close / (low + 1e-5))))
[reward_only] iter 31/50 [OK ] reward= -7.4893  cs_rank(-1 * (zscore(volume, 20) + decay_linear(vwap, 10) + cs_rank(close)))
[reward_only] iter 32/50 [OK ] reward= -7.7134  cs_rank(-1 * (zscore(volume, 20) + decay_linear(vwap, 10) + cs_rank(close) + ts_rank(vwap, 20)))
[reward_only] iter 33/50 [OK ] reward= -7.4893  cs_rank(-1 * (zscore(volume, 20) + decay_linear(vwap, 10) + cs_rank(close)))
[reward_only] iter 34/50 [OK ] reward= -7.7822  cs_rank(-1 * (zscore(volume, 20) + decay_linear(vwap, 10) + ts_rank(close, 20)))
[reward_only] iter 35/50 [OK ] reward= -7.8065  cs_rank(-1 * (zscore(volume, 20) + decay_linear(vwap, 10) + cs_rank(close * decay_linear(volume, 10))))
[reward_only] iter 36/50 [OK ] reward= -7.4893  cs_rank(-1 * (zscore(volume, 20) + decay_linear(vwap, 10) + cs_rank(close)))
[reward_only] iter 37/50 [OK ] reward= -8.8866  cs_rank(-1 * (zscore(volume, 20) + decay_linear(vwap, 10) + cs_rank(close) + ts_rank(high - low, 20)))
[reward_only] iter 38/50 [OK ] reward= -7.4893  cs_rank(-1 * (zscore(volume, 20) + decay_linear(vwap, 10) + cs_rank(close)))
[reward_only] iter 39/50 [OK ] reward= -7.7402  cs_rank(-1 * (zscore(volume, 20) + decay_linear(vwap, 10) + cs_rank(close) + ts_rank(close, 20)))
[reward_only] iter 40/50 [OK ] reward= -7.4893  cs_rank(-1 * (zscore(volume, 20) + decay_linear(vwap, 10) + cs_rank(close)))
[reward_only] iter 41/50 [OK ] reward= -7.6651  cs_rank(-1 * (zscore(volume, 20) + decay_linear(vwap, 10) + cs_rank(close) + ts_rank(close, 50)))
[reward_only] iter 42/50 [OK ] reward= -7.4893  cs_rank(-1 * (zscore(volume, 20) + decay_linear(vwap, 10) + cs_rank(close)))
[reward_only] iter 43/50 [OK ] reward= -7.4977  cs_rank(-1 * (zscore(volume, 20) + decay_linear(vwap, 10) + cs_rank(high)))
[reward_only] iter 44/50 [OK ] reward= -7.4799  cs_rank(-1 * (zscore(volume, 20) + decay_linear(vwap, 10) + cs_rank(low)))
[reward_only] iter 45/50 [OK ] reward= -8.1432  cs_rank(-1 * (zscore(volume, 20) + decay_linear(vwap, 10) + cs_rank(low) + ts_rank(close - open, 20)))
[reward_only] iter 46/50 [OK ] reward= -7.4799  cs_rank(-1 * (zscore(volume, 20) + decay_linear(vwap, 10) + cs_rank(low)))
[reward_only] iter 47/50 [OK ] reward= -7.7292  cs_rank(-1 * (zscore(volume, 20) + decay_linear(vwap, 10) + cs_rank(low) + ts_rank(close, 20)))
[reward_only] iter 48/50 [OK ] reward= -7.4799  cs_rank(-1 * (zscore(volume, 20) + decay_linear(vwap, 10) + cs_rank(low)))
[reward_only] iter 49/50 [OK ] reward= -7.7292  cs_rank(-1 * (zscore(volume, 20) + decay_linear(vwap, 10) + cs_rank(low) + ts_rank(close, 20)))
[reward_only] iter 50/50 [OK ] reward= -7.4799  cs_rank(-1 * (zscore(volume, 20) + decay_linear(vwap, 10) + cs_rank(low)))
[wfo:reward_only] fold 3 winner: cs_rank(-1 * (zscore(volume, 20) + decay_linear(vwap, 10) + cs_rank(low)))
[wfo:reward_only] fold 3 OOS: Gross_IR=3.240 Turnover=19.76 Net_IR=2.496
[wfo:reward_only] fold 4: train 2005-01-01..2009-12-31 -> test 2010-01-01..2010-12-31
[reward_only] iter  0/50 [SEED] reward=-136.8221  rank(-1 * zscore(volume, 20))
[reward_only] iter  1/50 [OK ] reward=-184.6222  rank(-1 * (close - open) / (high - low + 1e-5))
[reward_only] iter  2/50 [OK ] reward=-164.3245  rank(-1 * (zscore(volume, 20) + zscore((close - open) / (high - low + 1e-5), 20)))
[reward_only] iter  3/50 [OK ] reward=-164.3245  rank(-1 * (zscore(volume, 20) + zscore((close - open) / (high - low + 1e-5), 20)))
[reward_only] iter  4/50 [OK ] reward=-136.8221  rank(-1 * zscore(volume, 20))
[reward_only] iter  5/50 [ERR] reward=    -inf  rank(-1 * zscore(volume / (high - low), 20))
[reward_only] iter  6/50 [ERR] reward=    -inf  rank(-1 * zscore(volume / (high + low), 20))
[reward_only] iter  7/50 [OK ] reward=-136.8221  cs_rank(-1 * zscore(volume, 20))
[reward_only] iter  8/50 [OK ] reward=-184.8863  cs_rank(-1 * ts_rank(close - open, 20))
[reward_only] iter  9/50 [OK ] reward=-145.7405  cs_rank(-1 * zscore(volume, 20) * ts_rank(close - open, 20))
[reward_only] iter 10/50 [OK ] reward=-149.0988  cs_rank(-1 * zscore(volume, 20) * cs_rank(close - open))
[reward_only] iter 11/50 [OK ] reward=-149.2806  cs_rank(-1 * zscore(volume, 20) * cs_rank(vwap - close))
[reward_only] iter 12/50 [OK ] reward=-183.7781  cs_rank((vwap - close) / (high - low + 1e-5))
[reward_only] iter 13/50 [OK ] reward=-149.4448  rank(-1 * zscore(volume, 20) * cs_rank((vwap - close) / (high - low + 1e-5)))
[reward_only] iter 14/50 [OK ] reward=-149.4448  rank(-1 * zscore(volume, 20) * cs_rank((vwap - close) / (high - low + 1e-5)))
[reward_only] iter 15/50 [OK ] reward=-149.4448  rank(-1 * zscore(volume, 20) * cs_rank((vwap - close) / (high - low + 1e-5)))
[reward_only] iter 16/50 [OK ] reward=-149.4448  rank(-1 * zscore(volume, 20) * cs_rank((vwap - close) / (high - low + 1e-5)))
[reward_only] iter 17/50 [OK ] reward=-149.4448  rank(-1 * zscore(volume, 20) * cs_rank((vwap - close) / (high - low + 1e-5)))
[reward_only] iter 18/50 [OK ] reward=-149.4448  rank(-1 * zscore(volume, 20) * cs_rank((vwap - close) / (high - low + 1e-5)))
[reward_only] iter 19/50 [OK ] reward=-149.4448  rank(-1 * zscore(volume, 20) * cs_rank((vwap - close) / (high - low + 1e-5)))
[reward_only] iter 20/50 [OK ] reward=-120.3347  rank(-1 * zscore(volume, 20) * cs_rank((vwap - close) / (high - low + 1e-5))) + rank(zscore(close, 20))
[reward_only] iter 21/50 [OK ] reward=-149.4448  rank(-1 * zscore(volume, 20) * cs_rank((vwap - close) / (high - low + 1e-5)))
[reward_only] iter 22/50 [OK ] reward=-120.3347  rank(-1 * zscore(volume, 20) * cs_rank((vwap - close) / (high - low + 1e-5))) + rank(zscore(close, 20))
[reward_only] iter 23/50 [OK ] reward=-149.4448  rank(-1 * zscore(volume, 20) * cs_rank((vwap - close) / (high - low + 1e-5)))
[reward_only] iter 24/50 [OK ] reward=-112.4700  rank(-1 * zscore(volume, 20)) + rank(zscore(close, 20))
[reward_only] iter 25/50 [OK ] reward=-206.7551  rank(-1 * zscore(vwap, 20)) + rank(zscore(close, 20))
[reward_only] iter 26/50 [OK ] reward=-157.8012  rank(-1 * ts_rank(close, 20)) + rank(zscore(close, 20))
[reward_only] iter 27/50 [OK ] reward=-45.2529  rank(-1 * cs_rank(vwap)) + rank(zscore(close, 20))
[reward_only] iter 28/50 [ERR] reward=    -inf  rank(-1 * cs_rank(vwap)) + rank(zscore(close, 20)) + rank(cs_rank(volume))
[reward_only] iter 29/50 [OK ] reward=-31.2708  rank(-1 * cs_rank(vwap)) + rank(zscore(close, 20)) + rank(stddev(volume, 20))
[reward_only] iter 30/50 [OK ] reward=-45.2529  rank(-1 * cs_rank(vwap)) + rank(zscore(close, 20))
[reward_only] iter 31/50 [OK ] reward=-48.5745  rank(-1 * cs_rank(vwap)) + rank(zscore(close, 20)) + rank(stddev(volume, 20)) + rank(decay_linear(close, 20))
[reward_only] iter 32/50 [OK ] reward=-45.2529  rank(-1 * cs_rank(vwap)) + rank(zscore(close, 20))
[reward_only] iter 33/50 [ERR] reward=    -inf  rank(-1 * cs_rank(vwap)) + rank(zscore(close, 20)) + rank(smooth_linear(stddev(volume, 20), 10))
[reward_only] iter 34/50 [OK ] reward=-30.5709  rank(-1 * cs_rank(vwap)) + rank(zscore(close, 20)) + rank(sma(stddev(volume, 20), 10))
[reward_only] iter 35/50 [OK ] reward=-45.2529  rank(-1 * cs_rank(vwap)) + rank(zscore(close, 20))
[reward_only] iter 36/50 [OK ] reward=-89.2959  rank(-1 * cs_rank(vwap)) + rank(zscore(close, 20)) + rank(sma(stddev(volume, 20), 10)) + rank(abs(close - open))
[reward_only] iter 37/50 [OK ] reward=-30.5709  rank(-1 * cs_rank(vwap)) + rank(zscore(close, 20)) + rank(sma(stddev(volume, 20), 10))
[reward_only] iter 38/50 [OK ] reward=-45.2529  rank(-1 * cs_rank(vwap)) + rank(zscore(close, 20))
[reward_only] iter 39/50 [ERR] reward=    -inf  rank(-1 * cs_rank(vwap)) + rank(zscore(close, 20)) + rank(sma(stddev(volume, 20), 10)) - rank(cs_rank(high - low))
[reward_only] iter 40/50 [OK ] reward=-33.7229  rank(-1 * cs_rank(vwap)) + rank(zscore(close, 20)) + rank(sma(stddev(volume, 20), 10)) - rank(high - low)
[reward_only] iter 41/50 [OK ] reward=-30.5709  rank(-1 * cs_rank(vwap)) + rank(zscore(close, 20)) + rank(sma(stddev(volume, 20), 10))
[reward_only] iter 42/50 [OK ] reward=-45.2529  rank(-1 * cs_rank(vwap)) + rank(zscore(close, 20))
[reward_only] iter 43/50 [ERR] reward=    -inf  rank(-1 * cs_rank(vwap)) + rank(zscore(close, 20)) + rank(sma(stddev(volume, 20), 10)) - rank(cs_rank(low))
[reward_only] iter 44/50 [OK ] reward=-20.4711  rank(-1 * cs_rank(vwap)) + rank(zscore(close, 20)) + rank(sma(stddev(volume, 20), 10)) - rank(low)
[reward_only] iter 45/50 [OK ] reward=-26.4732  rank(-1 * cs_rank(vwap)) + rank(zscore(close, 20)) - rank(low)
[reward_only] iter 46/50 [OK ] reward=-30.5709  rank(-1 * cs_rank(vwap)) + rank(zscore(close, 20)) + rank(sma(stddev(volume, 20), 10))
[reward_only] iter 47/50 [OK ] reward=-20.4711  rank(-1 * cs_rank(vwap)) + rank(zscore(close, 20)) + rank(sma(stddev(volume, 20), 10)) - rank(low)
[reward_only] iter 48/50 [OK ] reward=-26.4732  rank(-1 * cs_rank(vwap)) + rank(zscore(close, 20)) - rank(low)
[reward_only] iter 49/50 [OK ] reward=-20.4711  rank(-1 * cs_rank(vwap)) + rank(zscore(close, 20)) + rank(sma(stddev(volume, 20), 10)) - rank(low)
[reward_only] iter 50/50 [OK ] reward=-26.4732  rank(-1 * cs_rank(vwap)) + rank(zscore(close, 20)) - rank(low)
[wfo:reward_only] fold 4 winner: rank(-1 * cs_rank(vwap)) + rank(zscore(close, 20)) + rank(sma(stddev(volume, 20), 10)) - rank(low)
[wfo:reward_only] fold 4 OOS: Gross_IR=0.289 Turnover=40.01 Net_IR=-2.494
[wfo:reward_only] fold 5: train 2006-01-01..2010-12-31 -> test 2011-01-01..2011-12-31
[reward_only] iter  0/50 [SEED] reward=-136.5542  rank(-1 * zscore(volume, 20))
[reward_only] iter  1/50 [ERR] reward=    -inf  cs_rank((close - open) / (high - low))
[reward_only] iter  2/50 [OK ] reward=-145.0780  rank(-1 * zscore(volume, 20) + cs_rank((close - open) / (high - low + 1e-5)))
[reward_only] iter  3/50 [OK ] reward=-144.7070  rank(-1 * zscore(volume, 20) + cs_rank(close - open))
[reward_only] iter  4/50 [OK ] reward=-145.8423  rank(-1 * zscore(volume, 20) + cs_rank(vwap - close))
[reward_only] iter  5/50 [OK ] reward=-128.4200  rank(-1 * zscore(volume, 20) + cs_rank(decay_linear(vwap - close, 20)))
[reward_only] iter  6/50 [OK ] reward=-126.0162  rank(-1 * zscore(volume, 20) + cs_rank(decay_linear(high - low, 20)))
[reward_only] iter  7/50 [OK ] reward=-126.1663  rank(-1 * zscore(volume, 20) + cs_rank(decay_linear(close - open, 20)))
[reward_only] iter  8/50 [OK ] reward=-114.2209  rank(-1 * zscore(volume, 20) + cs_rank(decay_linear(close - open, 20)) + ts_rank(close, 20))
[reward_only] iter  9/50 [OK ] reward=-136.8136  rank(-1 * zscore(volume, 20) + cs_rank(close - open) + ts_rank(close, 20))
[reward_only] iter 10/50 [OK ] reward=-114.2209  rank(-1 * zscore(volume, 20) + cs_rank(decay_linear(close - open, 20)) + ts_rank(close, 20))
[reward_only] iter 11/50 [OK ] reward=-144.7070  rank(-1 * zscore(volume, 20) + cs_rank(close - open))
[reward_only] iter 12/50 [OK ] reward=-122.0914  rank(-1 * zscore(volume, 20) + cs_rank(decay_linear(close - open, 20)) + ts_rank(close, 20) + cs_rank(vwap - close))
[reward_only] iter 13/50 [OK ] reward=-114.2209  rank(-1 * zscore(volume, 20) + cs_rank(decay_linear(close - open, 20)) + ts_rank(close, 20))
[reward_only] iter 14/50 [OK ] reward=-126.1663  rank(-1 * zscore(volume, 20) + cs_rank(decay_linear(close - open, 20)))
[reward_only] iter 15/50 [OK ] reward=-113.0522  rank(-1 * zscore(volume, 20) + cs_rank(decay_linear(close - open, 20)) + ts_rank(vwap, 20))
[reward_only] iter 16/50 [OK ] reward=-113.0522  rank(-1 * zscore(volume, 20) + cs_rank(decay_linear(close - open, 20)) + ts_rank(vwap, 20))
[reward_only] iter 17/50 [OK ] reward=-113.0522  rank(-1 * zscore(volume, 20) + cs_rank(decay_linear(close - open, 20)) + ts_rank(vwap, 20))
[reward_only] iter 18/50 [OK ] reward=-113.0522  rank(-1 * zscore(volume, 20) + cs_rank(decay_linear(close - open, 20)) + ts_rank(vwap, 20))
[reward_only] iter 19/50 [OK ] reward=-127.2252  rank(-1 * zscore(volume, 20) + ts_rank(vwap, 20))
[reward_only] iter 20/50 [OK ] reward=-99.2585  rank(-1 * zscore(volume, 20) + cs_rank(decay_linear(close - open, 20)) + ts_rank(vwap, 20) + cs_rank(close - sma(close, 20)))
[reward_only] iter 21/50 [OK ] reward=-113.0522  rank(-1 * zscore(volume, 20) + cs_rank(decay_linear(close - open, 20)) + ts_rank(vwap, 20))
[reward_only] iter 22/50 [OK ] reward=-113.0522  rank(-1 * zscore(volume, 20) + cs_rank(decay_linear(close - open, 20)) + ts_rank(vwap, 20))
[reward_only] iter 23/50 [OK ] reward=-113.0522  rank(-1 * zscore(volume, 20) + cs_rank(decay_linear(close - open, 20)) + ts_rank(vwap, 20))
[reward_only] iter 24/50 [OK ] reward=-112.9522  rank(cs_rank(decay_linear(close - open, 20)) + ts_rank(vwap, 20) - zscore(volume, 20))
[reward_only] iter 25/50 [OK ] reward=-99.1585  rank(cs_rank(decay_linear(close - open, 20)) + ts_rank(vwap, 20) + cs_rank(close - sma(close, 20)) - zscore(volume, 20))
[reward_only] iter 26/50 [OK ] reward=-112.9522  rank(cs_rank(decay_linear(close - open, 20)) + ts_rank(vwap, 20) - zscore(volume, 20))
[reward_only] iter 27/50 [OK ] reward=-87.4689  rank(cs_rank(decay_linear(close - open, 20)) + ts_rank(vwap, 20) + cs_rank(close - sma(close, 20)) - zscore(volume, 20) + cs_rank(volume - sma(volume, 20)))
[reward_only] iter 28/50 [OK ] reward=-48.3673  rank(cs_rank(decay_linear(close - open, 20)) + ts_rank(vwap, 20) + cs_rank(close - sma(close, 20)))
[reward_only] iter 29/50 [OK ] reward=-42.0148  rank(cs_rank(decay_linear(close - open, 20)) + cs_rank(vwap - sma(vwap, 20)))
[reward_only] iter 30/50 [OK ] reward=-128.5037  rank(cs_rank(close - open) + cs_rank(vwap - sma(vwap, 20)))
[reward_only] iter 31/50 [OK ] reward=-135.4792  rank(cs_rank(close - open) + cs_rank(volume / (volume + 1e-5)))
[reward_only] iter 32/50 [OK ] reward=-45.2865  rank(cs_rank(decay_linear(close - open, 20)) + cs_rank(vwap - sma(vwap, 20)) + cs_rank(volume / (volume + 1e-5)))
[reward_only] iter 33/50 [OK ] reward=-42.0148  rank(cs_rank(decay_linear(close - open, 20)) + cs_rank(vwap - sma(vwap, 20)))
[reward_only] iter 34/50 [OK ] reward=-83.6389  rank(cs_rank(decay_linear(high - low, 20)) + cs_rank(volume - sma(volume, 20)))
[reward_only] iter 35/50 [OK ] reward=-47.8289  rank(cs_rank(decay_linear(close - open, 20)) + cs_rank(volume / (volume + 1e-5)))
[reward_only] iter 36/50 [OK ] reward=-105.0265  rank(cs_rank(decay_linear(close - open, 20)) + cs_rank(zscore(volume, 20)))
[reward_only] iter 37/50 [OK ] reward=-143.6012  rank(cs_rank(decay_linear(close - open, 20)) + cs_rank(zscore(close - vwap, 20)))
[reward_only] iter 38/50 [OK ] reward=-30.9534  rank(cs_rank(decay_linear(high - low, 20)) + cs_rank(vwap - sma(vwap, 20)))
[reward_only] iter 39/50 [OK ] reward=-94.4323  rank(cs_rank(decay_linear(close - open, 20)) + cs_rank(volume - sma(volume, 20)))
[reward_only] iter 40/50 [OK ] reward=-78.1896  rank(cs_rank(decay_linear(high - low, 20)) + cs_rank(vwap - sma(vwap, 20)) + cs_rank(volume - sma(volume, 20)))
[reward_only] iter 41/50 [OK ] reward=-30.9534  rank(cs_rank(decay_linear(high - low, 20)) + cs_rank(vwap - sma(vwap, 20)))
[reward_only] iter 42/50 [OK ] reward=-99.3609  rank(cs_rank(decay_linear(close - open, 20)) + cs_rank(volume / (sma(volume, 20) + 1e-5)))
[reward_only] iter 43/50 [OK ] reward=-82.5449  rank(cs_rank(decay_linear(high - low, 20)) + cs_rank(vwap - sma(vwap, 20)) + cs_rank(volume / (sma(volume, 20) + 1e-5)))
[reward_only] iter 44/50 [OK ] reward=-30.9534  rank(cs_rank(decay_linear(high - low, 20)) + cs_rank(vwap - sma(vwap, 20)))
[reward_only] iter 45/50 [OK ] reward=-47.8289  rank(cs_rank(decay_linear(close - open, 20)) + cs_rank(volume / (volume + 1e-5)))
[reward_only] iter 46/50 [OK ] reward=-47.8289  rank(cs_rank(decay_linear(close - open, 20)) + cs_rank(volume / (volume + 1e-5)))
[reward_only] iter 47/50 [OK ] reward=-54.9513  rank(cs_rank(decay_linear(close - open, 20)) + cs_rank(ts_rank(vwap, 20)))
[reward_only] iter 48/50 [OK ] reward=-42.0148  rank(cs_rank(decay_linear(close - open, 20)) + cs_rank(vwap - sma(vwap, 20)))
[reward_only] iter 49/50 [OK ] reward=-47.8289  rank(cs_rank(decay_linear(close - open, 20)) + cs_rank(volume / (volume + 1e-5)))
[reward_only] iter 50/50 [OK ] reward=-42.0148  rank(cs_rank(decay_linear(close - open, 20)) + cs_rank(vwap - sma(vwap, 20)))
[wfo:reward_only] fold 5 winner: rank(cs_rank(decay_linear(high - low, 20)) + cs_rank(vwap - sma(vwap, 20)))
[wfo:reward_only] fold 5 OOS: Gross_IR=-1.102 Turnover=56.86 Net_IR=-4.172
[wfo:reward_only] fold 6: train 2007-01-01..2011-12-31 -> test 2012-01-01..2012-12-31
[reward_only] iter  0/50 [SEED] reward=-136.6264  rank(-1 * zscore(volume, 20))
[reward_only] iter  1/50 [OK ] reward=-179.8901  cs_rank(close - open)
[reward_only] iter  2/50 [OK ] reward=-150.0037  rank(-1 * zscore(volume, 20) * cs_rank(close - open))
[reward_only] iter  3/50 [OK ] reward=-184.5293  cs_rank(-1 * zscore(close - open, 20))
[reward_only] iter  4/50 [OK ] reward=-128.8595  cs_rank(-1 * zscore(volume, 20) + decay_linear(close - open, 20))
[reward_only] iter  5/50 [ERR] reward=    -inf  cs_rank((high - low) / (high + low + close) + zscore(volume, 20))
[reward_only] iter  6/50 [ERR] reward=    -inf  cs_rank(-1 * zscore(volume, 20) + decay_linear(close - open, 20) + cs_rank((high - low) / (high + low + close)))
[reward_only] iter  7/50 [OK ] reward=-123.6888  cs_rank(-1 * zscore(volume, 20) + decay_linear(close - open, 20) + cs_rank((high - low) / (high + low + close + 1e-5)))
[reward_only] iter  8/50 [OK ] reward=-128.8595  cs_rank(-1 * zscore(volume, 20) + decay_linear(close - open, 20))
[reward_only] iter  9/50 [OK ] reward=-118.0413  cs_rank(-1 * zscore(volume, 20) + decay_linear(close - open, 20) + ts_rank(vwap, 20))
[reward_only] iter 10/50 [OK ] reward=-128.8595  cs_rank(-1 * zscore(volume, 20) + decay_linear(close - open, 20))
[reward_only] iter 11/50 [OK ] reward=-133.5083  cs_rank(-1 * zscore(volume, 20) + decay_linear(close - open, 20) + ts_rank(close - low, 20))
[reward_only] iter 12/50 [OK ] reward=-118.0413  cs_rank(-1 * zscore(volume, 20) + decay_linear(close - open, 20) + ts_rank(vwap, 20))
[reward_only] iter 13/50 [OK ] reward=-128.8595  cs_rank(-1 * zscore(volume, 20) + decay_linear(close - open, 20))
[reward_only] iter 14/50 [OK ] reward=-129.3186  cs_rank(-1 * zscore(volume, 20) + decay_linear(close - open, 20) + ts_rank(high - low, 20))
[reward_only] iter 15/50 [OK ] reward=-118.0413  cs_rank(-1 * zscore(volume, 20) + decay_linear(close - open, 20) + ts_rank(vwap, 20))
[reward_only] iter 16/50 [OK ] reward=-53.2664  cs_rank(decay_linear(close - open, 20) + ts_rank(vwap, 20))
[reward_only] iter 17/50 [OK ] reward= -5.7672  cs_rank(ts_rank(close, 20) - ts_rank(open, 20) + decay_linear(volume, 20))
[reward_only] iter 18/50 [OK ] reward= -5.7672  cs_rank(ts_rank(close, 20) - ts_rank(open, 20) + decay_linear(volume, 20) + ts_rank(vwap, 20))
[reward_only] iter 19/50 [OK ] reward= -5.7672  cs_rank(ts_rank(close, 20) - ts_rank(open, 20) + decay_linear(volume, 20) + ts_rank(vwap, 20))
[reward_only] iter 20/50 [OK ] reward= -5.7672  cs_rank(ts_rank(close, 20) - ts_rank(open, 20) + decay_linear(volume, 20) - ts_rank(vwap, 20))
[reward_only] iter 21/50 [OK ] reward= -5.7672  cs_rank(ts_rank(close, 20) - ts_rank(open, 20) + decay_linear(volume, 20) - ts_rank(vwap, 20))
[reward_only] iter 22/50 [OK ] reward= -5.7672  cs_rank(ts_rank(close, 20) - ts_rank(open, 20) + decay_linear(volume, 20) + zscore(vwap, 20))
[reward_only] iter 23/50 [OK ] reward= -5.9172  cs_rank(ts_rank(close, 20) - ts_rank(open, 20) + decay_linear(volume, 20) + zscore(vwap, 20) - cs_rank(high - low))
[reward_only] iter 24/50 [OK ] reward= -5.7672  cs_rank(ts_rank(close, 20) - ts_rank(open, 20) + decay_linear(volume, 20) + zscore(vwap, 20))
[reward_only] iter 25/50 [OK ] reward= -5.9172  cs_rank(ts_rank(close, 20) - ts_rank(open, 20) + decay_linear(volume, 20) + zscore(vwap, 20) - cs_rank(stddev(close, 20)))
[reward_only] iter 26/50 [OK ] reward= -5.7672  cs_rank(ts_rank(close, 20) - ts_rank(open, 20) + decay_linear(volume, 20) + zscore(vwap, 20))
[reward_only] iter 27/50 [OK ] reward= -5.9674  cs_rank(ts_rank(close, 20) - ts_rank(open, 20) + decay_linear(volume, 20) + zscore(vwap, 20) - decay_linear(zscore(close - open, 20), 20))
[reward_only] iter 28/50 [OK ] reward= -5.7672  cs_rank(ts_rank(close, 20) - ts_rank(open, 20) + decay_linear(volume, 20))
[reward_only] iter 29/50 [OK ] reward= -5.7672  cs_rank(ts_rank(close, 20) - ts_rank(open, 20) + decay_linear(volume, 20) + ts_rank(vwap, 20))
[reward_only] iter 30/50 [ERR] reward=    -inf  cs_rank(ts_rank(close, 20) - ts_rank(open, 20) + decay_linear(volume, 20) + ts_rank(vwap, 20) / (ts_rank(high, 20) + ts_rank(low, 20)))
[reward_only] iter 31/50 [OK ] reward= -6.0172  cs_rank(ts_rank(close, 20) - ts_rank(open, 20) + decay_linear(volume, 20) + ts_rank(vwap, 20) / (ts_rank(high, 20) + ts_rank(low, 20) + 1e-5))
[reward_only] iter 32/50 [OK ] reward= -5.7672  cs_rank(ts_rank(close, 20) - ts_rank(open, 20) + decay_linear(volume, 20) + ts_rank(vwap, 20))
[reward_only] iter 33/50 [OK ] reward= -5.9672  cs_rank(ts_rank(close, 20) - ts_rank(open, 20) + decay_linear(volume, 20) + ts_rank(vwap, 20) - ts_rank(high, 20) + ts_rank(low, 20))
[reward_only] iter 34/50 [OK ] reward= -5.7672  cs_rank(ts_rank(close, 20) - ts_rank(open, 20) + decay_linear(volume, 20) + ts_rank(vwap, 20))
[reward_only] iter 35/50 [OK ] reward= -5.9174  cs_rank(ts_rank(close, 20) - ts_rank(open, 20) + decay_linear(volume, 20) + ts_rank(vwap, 20) - ts_rank(stddev(close, 20), 20))
[reward_only] iter 36/50 [OK ] reward= -5.7672  cs_rank(ts_rank(close, 20) - ts_rank(open, 20) + decay_linear(volume, 20) + ts_rank(vwap, 20))
[reward_only] iter 37/50 [OK ] reward= -5.9172  cs_rank(ts_rank(close, 20) - ts_rank(open, 20) + decay_linear(volume, 20) + ts_rank(vwap, 20) - zscore(high - low, 20))
[reward_only] iter 38/50 [OK ] reward= -5.7672  cs_rank(ts_rank(close, 20) - ts_rank(open, 20) + decay_linear(volume, 20))
[reward_only] iter 39/50 [OK ] reward= -5.7672  cs_rank(ts_rank(close, 20) - ts_rank(open, 20) + decay_linear(volume, 20) + ts_rank(vwap, 20))
[reward_only] iter 40/50 [OK ] reward= -5.7672  cs_rank(ts_rank(close, 20) - ts_rank(open, 20) + decay_linear(volume, 20) + ts_rank(vwap, 20))
[reward_only] iter 41/50 [OK ] reward= -5.7672  cs_rank(ts_rank(close, 20) - ts_rank(open, 20) + decay_linear(volume, 20) - ts_rank(vwap, 20))
[reward_only] iter 42/50 [OK ] reward= -5.8172  cs_rank(ts_rank(close, 20) - ts_rank(open, 20) + decay_linear(volume, 20) - ts_rank(vwap, 20) * 0.5)
[reward_only] iter 43/50 [OK ] reward= -5.7672  cs_rank(ts_rank(close, 20) - ts_rank(open, 20) + decay_linear(volume, 20) - ts_rank(vwap, 20))
[reward_only] iter 44/50 [OK ] reward= -5.9172  cs_rank(ts_rank(close, 20) - ts_rank(open, 20) + decay_linear(volume, 20) - ts_rank(vwap, 20) + decay_linear(close - open, 20))
[reward_only] iter 45/50 [OK ] reward= -5.7672  cs_rank(ts_rank(close, 20) - ts_rank(open, 20) + decay_linear(volume, 20) - ts_rank(vwap, 20))
[reward_only] iter 46/50 [OK ] reward= -5.8672  cs_rank(ts_rank(close, 20) - ts_rank(open, 20) + decay_linear(volume, 20) - ts_rank(vwap, 20) + ts_rank(high, 20))
[reward_only] iter 47/50 [OK ] reward= -5.7672  cs_rank(ts_rank(close, 20) - ts_rank(open, 20) + decay_linear(volume, 20))
[reward_only] iter 48/50 [OK ] reward= -5.7672  cs_rank(ts_rank(close, 20) - ts_rank(open, 20) + decay_linear(volume, 20) + ts_rank(vwap, 20))
[reward_only] iter 49/50 [OK ] reward= -5.8672  cs_rank(ts_rank(close, 20) - ts_rank(open, 20) + decay_linear(volume, 20) + ts_rank(vwap, 20) - zscore(volume, 20))
[reward_only] iter 50/50 [OK ] reward= -5.7672  cs_rank(ts_rank(close, 20) - ts_rank(open, 20) + decay_linear(volume, 20))
[wfo:reward_only] fold 6 winner: cs_rank(ts_rank(close, 20) - ts_rank(open, 20) + decay_linear(volume, 20))
[wfo:reward_only] fold 6 OOS: Gross_IR=1.591 Turnover=10.82 Net_IR=0.799
[wfo:reward_only] fold 7: train 2008-01-01..2012-12-31 -> test 2013-01-01..2013-12-31
[reward_only] iter  0/50 [SEED] reward=-135.7364  rank(-1 * zscore(volume, 20))
[reward_only] iter  1/50 [ERR] reward=    -inf  cs_rank(close / (high + low))
[reward_only] iter  2/50 [OK ] reward=-145.5920  rank(-1 * zscore(volume, 20) + cs_rank(close / (high + low + 1e-5)))
[reward_only] iter  3/50 [OK ] reward=-145.5920  rank(-1 * zscore(volume, 20) + cs_rank(close / (high + low + 1e-5)))
[reward_only] iter  4/50 [ERR] reward=    -inf  rank(-1 * zscore(volume, 20) + cs_rank(high / low))
[reward_only] iter  5/50 [OK ] reward=-128.4120  cs_rank(-1 * zscore(volume, 20) + cs_rank(high / (low + 1e-5)))
[reward_only] iter  6/50 [OK ] reward=-48.2829  cs_rank(ts_rank(close, 20) + cs_rank(volume / (close + 1e-5)))
[reward_only] iter  7/50 [OK ] reward=-87.5153  cs_rank(ts_rank(close, 20) + cs_rank(volume / (close + 1e-5)) + cs_rank(high - low))
[reward_only] iter  8/50 [OK ] reward=-101.9300  cs_rank(ts_rank(close, 20) + cs_rank(volume / (close + 1e-5))) + cs_rank(high - low)
[reward_only] iter  9/50 [OK ] reward=-48.2829  cs_rank(ts_rank(close, 20) + cs_rank(volume / (close + 1e-5)))
[reward_only] iter 10/50 [OK ] reward=-87.5153  cs_rank(ts_rank(close, 20) + cs_rank(volume / (close + 1e-5)) + cs_rank(high - low))
[reward_only] iter 11/50 [OK ] reward=-48.2829  cs_rank(ts_rank(close, 20) + cs_rank(volume / (close + 1e-5)))
[reward_only] iter 12/50 [OK ] reward=-109.2194  cs_rank(ts_rank(close, 20) + cs_rank(volume / (close + 1e-5)) + cs_rank(vwap / (close + 1e-5)))
[reward_only] iter 13/50 [OK ] reward=-48.2829  cs_rank(ts_rank(close, 20) + cs_rank(volume / (close + 1e-5)))
[reward_only] iter 14/50 [OK ] reward=-108.3676  cs_rank(ts_rank(close, 20) + cs_rank(volume / (close + 1e-5)) + cs_rank(vwap - close))
[reward_only] iter 15/50 [OK ] reward=-48.2829  cs_rank(ts_rank(close, 20) + cs_rank(volume / (close + 1e-5)))
[reward_only] iter 16/50 [OK ] reward=-31.2206  cs_rank(ts_rank(close, 20) + cs_rank(volume / (close + 1e-5)) - cs_rank(stddev(close, 60)))
[reward_only] iter 17/50 [OK ] reward=-14.8153  cs_rank(ts_rank(close, 20) + cs_rank(volume / (close + 1e-5)) - stddev(close, 60))
[reward_only] iter 18/50 [OK ] reward=-14.4874  cs_rank(ts_rank(close, 20) + cs_rank(volume / (close + 1e-5)) - decay_linear(stddev(close, 60), 30))
[reward_only] iter 19/50 [OK ] reward=-14.4874  cs_rank(ts_rank(close, 20) + cs_rank(volume / (close + 1e-5)) - decay_linear(stddev(close, 60), 30))
[reward_only] iter 20/50 [OK ] reward=-14.8153  cs_rank(ts_rank(close, 20) + cs_rank(volume / (close + 1e-5)) - stddev(close, 60))
[reward_only] iter 21/50 [OK ] reward=-32.3488  cs_rank(ts_rank(close, 20) + cs_rank(volume / (close + 1e-5)) - decay_linear(stddev(close, 60), 30) + cs_rank(vwap / (close + 1e-5)))
[reward_only] iter 22/50 [OK ] reward=-14.4874  cs_rank(ts_rank(close, 20) + cs_rank(volume / (close + 1e-5)) - decay_linear(stddev(close, 60), 30))
[reward_only] iter 23/50 [OK ] reward=-14.8153  cs_rank(ts_rank(close, 20) + cs_rank(volume / (close + 1e-5)) - stddev(close, 60))
[reward_only] iter 24/50 [OK ] reward=-21.8425  cs_rank(ts_rank(close, 20) + cs_rank(volume / (close + 1e-5)) - decay_linear(stddev(close, 60), 30) + ts_rank(vwap, 20))
[reward_only] iter 25/50 [OK ] reward=-14.4874  cs_rank(ts_rank(close, 20) + cs_rank(volume / (close + 1e-5)) - decay_linear(stddev(close, 60), 30))
[reward_only] iter 26/50 [OK ] reward=-14.8153  cs_rank(ts_rank(close, 20) + cs_rank(volume / (close + 1e-5)) - stddev(close, 60))
[reward_only] iter 27/50 [OK ] reward=-28.1588  cs_rank(ts_rank(close, 20) + cs_rank(volume / (close + 1e-5)) - decay_linear(stddev(close, 60), 30) + cs_rank(vwap - close))
[reward_only] iter 28/50 [OK ] reward=-14.4874  cs_rank(ts_rank(close, 20) + cs_rank(volume / (close + 1e-5)) - decay_linear(stddev(close, 60), 30))
[reward_only] iter 29/50 [OK ] reward=-14.8153  cs_rank(ts_rank(close, 20) + cs_rank(volume / (close + 1e-5)) - stddev(close, 60))
[reward_only] iter 30/50 [OK ] reward=-19.5736  cs_rank(ts_rank(close, 20) + cs_rank(volume / (close + 1e-5)) - decay_linear(zscore(stddev(close, 60), 60), 30))
[reward_only] iter 31/50 [OK ] reward=-26.1585  cs_rank(ts_rank(close, 20) + cs_rank(volume / (close + 1e-5)) - decay_linear(stddev(close, 60), 30) * cs_rank(high - low))
[reward_only] iter 32/50 [OK ] reward=-14.4874  cs_rank(ts_rank(close, 20) + cs_rank(volume / (close + 1e-5)) - decay_linear(stddev(close, 60), 30))
[reward_only] iter 33/50 [OK ] reward=-14.8153  cs_rank(ts_rank(close, 20) + cs_rank(volume / (close + 1e-5)) - stddev(close, 60))
[reward_only] iter 34/50 [OK ] reward=-21.8425  cs_rank(ts_rank(close, 20) + cs_rank(volume / (close + 1e-5)) - decay_linear(stddev(close, 60), 30) + ts_rank(vwap, 20))
[reward_only] iter 35/50 [OK ] reward=-14.4874  cs_rank(ts_rank(close, 20) + cs_rank(volume / (close + 1e-5)) - decay_linear(stddev(close, 60), 30))
[reward_only] iter 36/50 [OK ] reward=-14.8153  cs_rank(ts_rank(close, 20) + cs_rank(volume / (close + 1e-5)) - stddev(close, 60))
[reward_only] iter 37/50 [OK ] reward=-19.5736  cs_rank(ts_rank(close, 20) + cs_rank(volume / (close + 1e-5)) - decay_linear(zscore(stddev(close, 60), 60), 30))
[reward_only] iter 38/50 [OK ] reward=-26.8580  cs_rank(ts_rank(close, 20) + cs_rank(volume / (close + 1e-5)) - decay_linear(stddev(close, 60), 30) + cs_rank(high - low))
[reward_only] iter 39/50 [OK ] reward=-14.4874  cs_rank(ts_rank(close, 20) + cs_rank(volume / (close + 1e-5)) - decay_linear(stddev(close, 60), 30))
[reward_only] iter 40/50 [OK ] reward=-14.8153  cs_rank(ts_rank(close, 20) + cs_rank(volume / (close + 1e-5)) - stddev(close, 60))
[reward_only] iter 41/50 [ERR] reward=    -inf  cs_rank(ts_rank(close, 20) + cs_rank(volume / (close + 1e-5)) - decay_linear(stddev(close, 60), 30) + cs_rank(vwap / close))
[reward_only] iter 42/50 [OK ] reward=-32.3488  cs_rank(ts_rank(close, 20) + cs_rank(volume / (close + 1e-5)) - decay_linear(stddev(close, 60), 30) + cs_rank(vwap / (close + 1e-5)))
[reward_only] iter 43/50 [OK ] reward=-14.4874  cs_rank(ts_rank(close, 20) + cs_rank(volume / (close + 1e-5)) - decay_linear(stddev(close, 60), 30))
[reward_only] iter 44/50 [OK ] reward=-14.8153  cs_rank(ts_rank(close, 20) + cs_rank(volume / (close + 1e-5)) - stddev(close, 60))
[reward_only] iter 45/50 [OK ] reward=-24.1728  cs_rank(ts_rank(close, 20) + cs_rank(volume / (close + 1e-5)) - decay_linear(zscore(close, 60), 30))
[reward_only] iter 46/50 [OK ] reward=-14.8153  cs_rank(ts_rank(close, 20) + cs_rank(volume / (close + 1e-5)) - stddev(close, 60))
[reward_only] iter 47/50 [OK ] reward=-32.3488  cs_rank(ts_rank(close, 20) + cs_rank(volume / (close + 1e-5)) - decay_linear(stddev(close, 60), 30) + cs_rank(vwap / (close + 1e-5)))
[reward_only] iter 48/50 [OK ] reward=-14.4874  cs_rank(ts_rank(close, 20) + cs_rank(volume / (close + 1e-5)) - decay_linear(stddev(close, 60), 30))
[reward_only] iter 49/50 [OK ] reward=-14.8153  cs_rank(ts_rank(close, 20) + cs_rank(volume / (close + 1e-5)) - stddev(close, 60))
[reward_only] iter 50/50 [ERR] reward=    -inf  cs_rank(ts_rank(close, 20) + cs_rank(volume / (close + 1e-5)) - decay_linear(stddev(close, 60), 30) + cs_rank(vwap / close))
[wfo:reward_only] fold 7 winner: cs_rank(ts_rank(close, 20) + cs_rank(volume / (close + 1e-5)) - decay_linear(stddev(close, 60), 30))
[wfo:reward_only] fold 7 OOS: Gross_IR=1.913 Turnover=31.23 Net_IR=-0.381
[wfo:reward_only] fold 8: train 2009-01-01..2013-12-31 -> test 2014-01-01..2014-12-31
[reward_only] iter  0/50 [SEED] reward=-134.6240  rank(-1 * zscore(volume, 20))
[reward_only] iter  1/50 [OK ] reward=-179.1195  cs_rank(close - open)
[reward_only] iter  2/50 [OK ] reward=-148.2576  cs_rank(-1 * zscore(volume, 20) + (close - open))
[reward_only] iter  3/50 [OK ] reward=-140.3069  cs_rank(-1 * zscore(volume, 20) + ts_rank(close - open, 20))
[reward_only] iter  4/50 [OK ] reward=-143.3051  cs_rank(-1 * zscore(volume, 20) + cs_rank(close - open))
[reward_only] iter  5/50 [ERR] reward=    -inf  cs_rank(-1 * zscore(volume, 20) + cs_rank((close - open) / open))
[reward_only] iter  6/50 [OK ] reward=-143.2235  rank(-1 * zscore(volume, 20) + cs_rank((close - open) / (open + 1e-5)))
[reward_only] iter  7/50 [OK ] reward=-143.2235  rank(-1 * zscore(volume, 20) + cs_rank((close - open) / (open + 1e-5)))
[reward_only] iter  8/50 [OK ] reward=-143.3051  rank(-1 * zscore(volume, 20) + cs_rank(close - open))
[reward_only] iter  9/50 [OK ] reward=-143.5716  rank(-1 * zscore(volume, 20) + cs_rank(vwap - close))
[reward_only] iter 10/50 [OK ] reward=-143.6219  rank(-1 * zscore(volume, 20) + cs_rank((high + low) / 2 - close))
[reward_only] iter 11/50 [ERR] reward=    -inf  rank(-1 * zscore(volume, 20) + cs_rank(close / vwap))
[reward_only] iter 12/50 [OK ] reward=-143.8344  rank(-1 * zscore(volume, 20) + cs_rank(close / (vwap + 1e-5)))
[reward_only] iter 13/50 [ERR] reward=    -inf  rank(-1 * zscore(volume, 20) + ts_rank(close / vwap, 20))
[reward_only] iter 14/50 [ERR] reward=    -inf  rank(-1 * zscore(volume, 20) + cs_rank(close / vwap))
[reward_only] iter 15/50 [OK ] reward=-143.8344  rank(-1 * zscore(volume, 20) + cs_rank(close / (vwap + 1e-5)))
[reward_only] iter 16/50 [OK ] reward=-183.6936  cs_rank(close / (vwap + 1e-5))
[reward_only] iter 17/50 [OK ] reward=-140.3937  rank(-1 * zscore(volume, 20) + ts_rank(close - open, 10))
[reward_only] iter 18/50 [OK ] reward=-143.3051  rank(-1 * zscore(volume, 20) + cs_rank(close - open))
[reward_only] iter 19/50 [OK ] reward=-133.5929  rank(-1 * zscore(volume, 20) + decay_linear(cs_rank(close - open), 20))
[reward_only] iter 20/50 [OK ] reward=-170.0177  rank(-1 * zscore(close - open, 20) + decay_linear(cs_rank(volume), 20))
[reward_only] iter 21/50 [OK ] reward=-142.0963  rank(-1 * zscore(volume, 20) + decay_linear(cs_rank(close - open), 20) + cs_rank(vwap - open))
[reward_only] iter 22/50 [OK ] reward=-133.5929  rank(-1 * zscore(volume, 20) + decay_linear(cs_rank(close - open), 20))
[reward_only] iter 23/50 [OK ] reward=-170.0177  rank(-1 * zscore(close - open, 20) + decay_linear(cs_rank(volume), 20))
[reward_only] iter 24/50 [OK ] reward=-170.0177  rank(-1 * zscore(close - open, 20) + decay_linear(cs_rank(volume), 20))
[reward_only] iter 25/50 [OK ] reward=-134.1988  rank(-1 * zscore(volume, 20) + decay_linear(ts_rank(close - open, 20), 20))
[reward_only] iter 26/50 [OK ] reward=-143.0139  rank(-1 * zscore(volume, 20) + decay_linear(cs_rank(close - open), 20) + cs_rank(vwap - close))
[reward_only] iter 27/50 [OK ] reward=-143.0139  rank(-1 * zscore(volume, 20) + decay_linear(cs_rank(close - open), 20) + cs_rank(vwap - close))
[reward_only] iter 28/50 [OK ] reward=-133.5929  rank(-1 * zscore(volume, 20) + decay_linear(cs_rank(close - open), 20))
[reward_only] iter 29/50 [OK ] reward=-118.9283  rank(cs_rank(close - open) + decay_linear(zscore(volume, 20), 20))
[reward_only] iter 30/50 [OK ] reward=-149.5568  rank(cs_rank(close - open) + decay_linear(zscore(volume, 20), 20) + ts_rank(close - vwap, 20))
[reward_only] iter 31/50 [OK ] reward=-118.9283  rank(cs_rank(close - open) + decay_linear(zscore(volume, 20), 20))
[reward_only] iter 32/50 [OK ] reward=-166.4942  rank(cs_rank(close - open) + ts_rank(volume, 20))
[reward_only] iter 33/50 [OK ] reward=-144.3463  rank(cs_rank(close - open) + zscore(volume, 20))
[reward_only] iter 34/50 [OK ] reward=-166.4942  rank(cs_rank(close - open) + ts_rank(volume, 20))
[reward_only] iter 35/50 [OK ] reward=-153.9360  rank(cs_rank(close - open) + decay_linear(zscore(close - open, 20), 20))
[reward_only] iter 36/50 [OK ] reward=-54.1111  rank(cs_rank(high - low) + decay_linear(zscore(volume, 20), 20))
[reward_only] iter 37/50 [OK ] reward=-118.9283  rank(cs_rank(close - open) + decay_linear(zscore(volume, 20), 20))
[reward_only] iter 38/50 [ERR] reward=    -inf  rank(cs_rank((high - low) / (high + low)) + decay_linear(zscore(volume, 20), 20))
[reward_only] iter 39/50 [OK ] reward=-81.7766  rank(cs_rank((high - low) / (high + low + 1e-5)) + decay_linear(zscore(volume, 20), 20))
[reward_only] iter 40/50 [OK ] reward=-54.1111  rank(cs_rank(high - low) + decay_linear(zscore(volume, 20), 20))
[reward_only] iter 41/50 [OK ] reward=-118.9283  rank(cs_rank(close - open) + decay_linear(zscore(volume, 20), 20))
[reward_only] iter 42/50 [OK ] reward=-31.3093  rank(cs_rank(high - low) + decay_linear(zscore(vwap, 20), 20))
[reward_only] iter 43/50 [ERR] reward=    -inf  rank(cs_rank((high - low) / (high + low)) + decay_linear(zscore(volume, 20), 20))
[reward_only] iter 44/50 [OK ] reward=-31.3093  rank(cs_rank(high - low) + decay_linear(zscore(vwap, 20), 20))
[reward_only] iter 45/50 [OK ] reward=-118.9283  rank(cs_rank(close - open) + decay_linear(zscore(volume, 20), 20))
[reward_only] iter 46/50 [OK ] reward=-140.3609  rank(cs_rank(close - open) + decay_linear(zscore(high - low, 20), 20))
[reward_only] iter 47/50 [OK ] reward=-54.1111  rank(cs_rank(high - low) + decay_linear(zscore(volume, 20), 20))
[reward_only] iter 48/50 [OK ] reward=-65.6426  rank(cs_rank(high - low) + decay_linear(zscore(close - open, 20), 20))
[reward_only] iter 49/50 [OK ] reward=-54.1111  rank(cs_rank(high - low) + decay_linear(zscore(volume, 20), 20))
[reward_only] iter 50/50 [OK ] reward=-65.6426  rank(cs_rank(high - low) + decay_linear(zscore(close - open, 20), 20))
[wfo:reward_only] fold 8 winner: rank(cs_rank(high - low) + decay_linear(zscore(vwap, 20), 20))
[wfo:reward_only] fold 8 OOS: Gross_IR=0.281 Turnover=54.79 Net_IR=-2.453
[wfo:reward_only] fold 9: train 2010-01-01..2014-12-31 -> test 2015-01-01..2015-12-31
[reward_only] iter  0/50 [SEED] reward=-133.0342  rank(-1 * zscore(volume, 20))
[reward_only] iter  1/50 [ERR] reward=    -inf  rank((close - open) / (high - low))
[reward_only] iter  2/50 [OK ] reward=-127.0963  cs_rank(-1 * zscore(volume, 20) + decay_linear(close - open, 20))
[reward_only] iter  3/50 [OK ] reward=-103.4633  cs_rank(-1 * zscore(volume, 20) + decay_linear(high - low, 20))
[reward_only] iter  4/50 [OK ] reward=-127.0963  cs_rank(-1 * zscore(volume, 20) + decay_linear(close - open, 20))
[reward_only] iter  5/50 [OK ] reward=-45.1567  cs_rank(-1 * zscore(volume, 20) + decay_linear((high - low) / (open - close + 1e-5), 20))
[reward_only] iter  6/50 [OK ] reward=-178.0874  cs_rank(-1 * zscore(volume, 20) + (high - low) / (open - close + 1e-5))
[reward_only] iter  7/50 [OK ] reward=-45.1567  cs_rank(-1 * zscore(volume, 20) + decay_linear((high - low) / (open - close + 1e-5), 20))
[reward_only] iter  8/50 [OK ] reward=-178.0874  cs_rank(-1 * zscore(volume, 20) + (high - low) / (open - close + 1e-5))
[reward_only] iter  9/50 [OK ] reward=-45.1567  cs_rank(-1 * zscore(volume, 20) + decay_linear((high - low) / (open - close + 1e-5), 20))
[reward_only] iter 10/50 [OK ] reward=-45.4557  cs_rank(-1 * zscore(volume, 20) + decay_linear((high - low) / (open - close + 1e-5), 20) + ts_rank(vwap, 20))
[reward_only] iter 11/50 [OK ] reward=-45.1567  cs_rank(-1 * zscore(volume, 20) + decay_linear((high - low) / (open - close + 1e-5), 20))
[reward_only] iter 12/50 [OK ] reward=-178.0874  cs_rank(-1 * zscore(volume, 20) + (high - low) / (open - close + 1e-5))
[reward_only] iter 13/50 [OK ] reward=-45.1567  cs_rank(-1 * zscore(volume, 20) + decay_linear((high - low) / (open - close + 1e-5), 20))
[reward_only] iter 14/50 [OK ] reward=-142.5693  cs_rank(-1 * zscore(volume, 20) + ts_rank((high - low) / (open - close + 1e-5), 20))
[reward_only] iter 15/50 [OK ] reward=-45.1567  cs_rank(-1 * zscore(volume, 20) + decay_linear((high - low) / (open - close + 1e-5), 20))
[reward_only] iter 16/50 [OK ] reward=-178.0874  cs_rank(-1 * zscore(volume, 20) + (high - low) / (open - close + 1e-5))
[reward_only] iter 17/50 [OK ] reward=-45.1567  cs_rank(-1 * zscore(volume, 20) + decay_linear((high - low) / (open - close + 1e-5), 20))
[reward_only] iter 18/50 [OK ] reward=-178.0874  cs_rank(-1 * zscore(volume, 20) + (high - low) / (open - close + 1e-5))
[reward_only] iter 19/50 [OK ] reward=-45.1567  cs_rank(-1 * zscore(volume, 20) + decay_linear((high - low) / (open - close + 1e-5), 20))
[reward_only] iter 20/50 [OK ] reward=-178.0874  cs_rank(-1 * zscore(volume, 20) + (high - low) / (open - close + 1e-5))
[reward_only] iter 21/50 [OK ] reward=-45.1567  cs_rank(-1 * zscore(volume, 20) + decay_linear((high - low) / (open - close + 1e-5), 20))
[reward_only] iter 22/50 [OK ] reward=-178.0874  cs_rank(-1 * zscore(volume, 20) + (high - low) / (open - close + 1e-5))
[reward_only] iter 23/50 [OK ] reward=-133.0063  cs_rank(-1 * zscore(volume, 20) + decay_linear(close / (open + 1e-5), 20))
[reward_only] iter 24/50 [OK ] reward=-45.4218  cs_rank(-1 * zscore(volume, 20) + decay_linear((high - low) / (open - close + 1e-5), 20) + ts_rank(close, 20))
[reward_only] iter 25/50 [OK ] reward=-45.1567  cs_rank(-1 * zscore(volume, 20) + decay_linear((high - low) / (open - close + 1e-5), 20))
[reward_only] iter 26/50 [OK ] reward=-178.0874  cs_rank(-1 * zscore(volume, 20) + (high - low) / (open - close + 1e-5))
[reward_only] iter 27/50 [OK ] reward=-45.1567  cs_rank(-1 * zscore(volume, 20) + decay_linear((high - low) / (open - close + 1e-5), 20))
[reward_only] iter 28/50 [OK ] reward=-45.1567  cs_rank(-1 * zscore(volume, 20) + decay_linear((high - low) / (open - close + 1e-5), 20))
[reward_only] iter 29/50 [OK ] reward=-45.1567  cs_rank(-1 * zscore(volume, 20) + decay_linear((high - low) / (open - close + 1e-5), 20))
[reward_only] iter 30/50 [OK ] reward=-178.0874  cs_rank(-1 * zscore(volume, 20) + (high - low) / (open - close + 1e-5))
[reward_only] iter 31/50 [OK ] reward=-45.1567  cs_rank(-1 * zscore(volume, 20) + decay_linear((high - low) / (open - close + 1e-5), 20))
[reward_only] iter 32/50 [OK ] reward=-45.1567  cs_rank(-1 * zscore(volume, 20) + decay_linear((high - low) / (open - close + 1e-5), 20))
[reward_only] iter 33/50 [OK ] reward=-45.1567  cs_rank(-1 * zscore(volume, 20) + decay_linear((high - low) / (open - close + 1e-5), 20))
[reward_only] iter 34/50 [OK ] reward=-45.4218  cs_rank(-1 * zscore(volume, 20) + decay_linear((high - low) / (open - close + 1e-5), 20) + ts_rank(close, 20))
[reward_only] iter 35/50 [OK ] reward=-45.1567  cs_rank(-1 * zscore(volume, 20) + decay_linear((high - low) / (open - close + 1e-5), 20))
[reward_only] iter 36/50 [OK ] reward=-39.4512  cs_rank(-1 * zscore(volume, 20) + decay_linear((high - low) / (open - close + 1e-5), 20)) + cs_rank(stddev(close, 20))
[reward_only] iter 37/50 [OK ] reward=-134.7133  cs_rank(-1 * zscore(volume, 20) + (high - low) / (open - close + 1e-5)) + cs_rank(stddev(close, 20))
[reward_only] iter 38/50 [OK ] reward=-39.4512  cs_rank(-1 * zscore(volume, 20) + decay_linear((high - low) / (open - close + 1e-5), 20)) + cs_rank(stddev(close, 20))
[reward_only] iter 39/50 [OK ] reward=-45.1567  cs_rank(-1 * zscore(volume, 20) + decay_linear((high - low) / (open - close + 1e-5), 20))
[reward_only] iter 40/50 [OK ] reward=-40.4621  cs_rank(-1 * zscore(volume, 20) + decay_linear((high - low) / (open - close + 1e-5), 20)) + cs_rank(stddev(close, 20) / (close + 1e-5))
[reward_only] iter 41/50 [OK ] reward=-45.1567  cs_rank(-1 * zscore(volume, 20) + decay_linear((high - low) / (open - close + 1e-5), 20))
[reward_only] iter 42/50 [OK ] reward=-39.4512  cs_rank(-1 * zscore(volume, 20) + decay_linear((high - low) / (open - close + 1e-5), 20)) + cs_rank(stddev(close, 20))
[reward_only] iter 43/50 [OK ] reward=-178.0874  cs_rank(-1 * zscore(volume, 20) + (high - low) / (open - close + 1e-5))
[reward_only] iter 44/50 [OK ] reward=-45.1567  cs_rank(-1 * zscore(volume, 20) + decay_linear((high - low) / (open - close + 1e-5), 20))
[reward_only] iter 45/50 [OK ] reward=-39.4512  cs_rank(-1 * zscore(volume, 20) + decay_linear((high - low) / (open - close + 1e-5), 20)) + cs_rank(stddev(close, 20))
[reward_only] iter 46/50 [OK ] reward=-104.9414  cs_rank(-1 * zscore(volume, 20)) + cs_rank(decay_linear((high - low) / (open - close + 1e-5), 20))
[reward_only] iter 47/50 [OK ] reward=-45.1567  cs_rank(-1 * zscore(volume, 20) + decay_linear((high - low) / (open - close + 1e-5), 20))
[reward_only] iter 48/50 [OK ] reward=-45.1567  cs_rank(-1 * zscore(volume, 20) + decay_linear((high - low) / (open - close + 1e-5), 20))
[reward_only] iter 49/50 [OK ] reward=-39.4512  cs_rank(-1 * zscore(volume, 20) + decay_linear((high - low) / (open - close + 1e-5), 20)) + cs_rank(stddev(close, 20))
[reward_only] iter 50/50 [OK ] reward=-45.1567  cs_rank(-1 * zscore(volume, 20) + decay_linear((high - low) / (open - close + 1e-5), 20))
[wfo:reward_only] fold 9 winner: cs_rank(-1 * zscore(volume, 20) + decay_linear((high - low) / (open - close + 1e-5), 20)) + cs_rank(stddev(close, 20))
[wfo:reward_only] fold 9 OOS: Gross_IR=-0.674 Turnover=71.51 Net_IR=-5.399
[wfo:reward_only] fold 10: train 2011-01-01..2015-12-31 -> test 2016-01-01..2016-12-31
[reward_only] iter  0/50 [SEED] reward=-132.5806  rank(-1 * zscore(volume, 20))
[reward_only] iter  1/50 [ERR] reward=    -inf  cs_rank(volume / (close + open + low + high + vwap) / (zscore(volume, 20) + 1e-5))
[reward_only] iter  2/50 [ERR] reward=    -inf  rank(-1 * zscore(volume, 20) + cs_rank(vwap / close))
[reward_only] iter  3/50 [ERR] reward=    -inf  rank(-1 * zscore(volume, 20) + cs_rank((vwap + 1e-5) / close))
[reward_only] iter  4/50 [OK ] reward=-141.4624  rank(-1 * zscore(volume, 20) + cs_rank((vwap + close) / (close + 1e-5)))
[reward_only] iter  5/50 [OK ] reward=-141.8188  rank(-1 * zscore(volume, 20) + cs_rank(close / (vwap + 1e-5)))
[reward_only] iter  6/50 [OK ] reward=-141.8188  rank(-1 * zscore(volume, 20) + cs_rank(close / (vwap + 1e-5)))
[reward_only] iter  7/50 [OK ] reward=-141.6403  rank(-1 * zscore(volume, 20) + cs_rank(close - open))
[reward_only] iter  8/50 [ERR] reward=    -inf  rank(-1 * zscore(volume, 20) + cs_rank(log(high / low)))
[reward_only] iter  9/50 [OK ] reward=-140.8888  rank(-1 * zscore(volume, 20) + cs_rank(log((high + low + close) / 3 / (open + 1e-5))))
[reward_only] iter 10/50 [OK ] reward=-140.8388  rank(-1 * zscore(volume, 20) + cs_rank((high + low + close) / 3 / (open + 1e-5)))
[reward_only] iter 11/50 [OK ] reward=-127.1903  rank(-1 * zscore(volume, 20) + cs_rank((high - low) / (open + 1e-5)))
[reward_only] iter 12/50 [OK ] reward=-119.1169  cs_rank((high - low) / (open + 1e-5))
[reward_only] iter 13/50 [OK ] reward=-157.8899  cs_rank(zscore(((high - low) / (open + 1e-5)), 252))
[reward_only] iter 14/50 [OK ] reward=-171.7273  cs_rank((close - open) / (volume + 1e-5))
[reward_only] iter 15/50 [OK ] reward=-179.6767  cs_rank((close - open) / (vwap + 1e-5))
[reward_only] iter 16/50 [OK ] reward=-136.9852  cs_rank((close - open) / (vwap + 1e-5)) * cs_rank(volume)
[reward_only] iter 17/50 [OK ] reward=-100.4172  cs_rank((high - low) / (open + 1e-5)) * cs_rank(volume)
[reward_only] iter 18/50 [OK ] reward=-136.9797  cs_rank((close - open) / (open + 1e-5)) * cs_rank(volume)
[reward_only] iter 19/50 [OK ] reward=-98.2274  cs_rank((high - low) / (open + 1e-5)) * cs_rank(volume) * cs_rank(zscore(close, 20))
[reward_only] iter 20/50 [OK ] reward=-98.2274  cs_rank((high - low) / (open + 1e-5)) * cs_rank(volume) * cs_rank(zscore(close, 20))
[reward_only] iter 21/50 [OK ] reward=-98.2274  cs_rank((high - low) / (open + 1e-5)) * cs_rank(volume) * cs_rank(zscore(close, 20))
[reward_only] iter 22/50 [OK ] reward=-98.2274  cs_rank((high - low) / (open + 1e-5)) * cs_rank(volume) * cs_rank(zscore(close, 20))
[reward_only] iter 23/50 [OK ] reward=-89.5314  cs_rank((high - low) / (open + 1e-5)) * cs_rank(volume) * cs_rank(stddev(close, 20))
[reward_only] iter 24/50 [ERR] reward=    -inf  cs_rank((high - low) / (open + 1e-5)) * cs_rank(volume) * cs_rank(close / sma(close, 20))
[reward_only] iter 25/50 [ERR] reward=    -inf  cs_rank((high - low) / (open + 1e-5)) * cs_rank(volume) * cs_rank(stddev(close, 20)) * cs_rank(close / vwap)
[reward_only] iter 26/50 [OK ] reward=-138.1751  cs_rank((high - low) / (open + 1e-5)) * cs_rank(volume) * cs_rank(stddev(close, 20)) * cs_rank(close / (vwap + 1e-5))
[reward_only] iter 27/50 [OK ] reward=-89.5314  cs_rank((high - low) / (open + 1e-5)) * cs_rank(volume) * cs_rank(stddev(close, 20))
[reward_only] iter 28/50 [OK ] reward=-89.5314  cs_rank((high - low) / (open + 1e-5)) * cs_rank(volume) * cs_rank(stddev(close, 20))
[reward_only] iter 29/50 [OK ] reward=-98.2274  cs_rank((high - low) / (open + 1e-5)) * cs_rank(volume) * cs_rank(zscore(close, 20))
[reward_only] iter 30/50 [OK ] reward=-89.5314  cs_rank((high - low) / (open + 1e-5)) * cs_rank(volume) * cs_rank(stddev(close, 20))
[reward_only] iter 31/50 [OK ] reward=-100.4172  cs_rank((high - low) / (open + 1e-5)) * cs_rank(volume)
[reward_only] iter 32/50 [OK ] reward=-96.8687  cs_rank((high - low) / (open + 1e-5)) * cs_rank(volume) * cs_rank(close - sma(close, 20))
[reward_only] iter 33/50 [OK ] reward=-89.5314  cs_rank((high - low) / (open + 1e-5)) * cs_rank(volume) * cs_rank(stddev(close, 20))
[reward_only] iter 34/50 [OK ] reward=-89.5314  cs_rank((high - low) / (open + 1e-5)) * cs_rank(volume) * cs_rank(stddev(close, 20))
[reward_only] iter 35/50 [OK ] reward=-89.5314  cs_rank((high - low) / (open + 1e-5)) * cs_rank(volume) * cs_rank(stddev(close, 20))
[reward_only] iter 36/50 [OK ] reward=-89.5314  cs_rank((high - low) / (open + 1e-5)) * cs_rank(volume) * cs_rank(stddev(close, 20))
[reward_only] iter 37/50 [OK ] reward=-100.4172  cs_rank((high - low) / (open + 1e-5)) * cs_rank(volume)
[reward_only] iter 38/50 [OK ] reward=-129.0835  cs_rank((close - open) / (open + 1e-5)) * cs_rank(volume) * cs_rank(stddev(close, 20))
[reward_only] iter 39/50 [OK ] reward=-89.5314  cs_rank((high - low) / (open + 1e-5)) * cs_rank(volume) * cs_rank(stddev(close, 20))
[reward_only] iter 40/50 [OK ] reward=-100.4172  cs_rank((high - low) / (open + 1e-5)) * cs_rank(volume)
[reward_only] iter 41/50 [OK ] reward=-129.0545  cs_rank((close - open) / (high - low + 1e-5)) * cs_rank(volume) * cs_rank(stddev(close, 20))
[reward_only] iter 42/50 [OK ] reward=-89.5314  cs_rank((high - low) / (open + 1e-5)) * cs_rank(volume) * cs_rank(stddev(close, 20))
[reward_only] iter 43/50 [OK ] reward=-89.5314  cs_rank((high - low) / (open + 1e-5)) * cs_rank(volume) * cs_rank(stddev(close, 20))
[reward_only] iter 44/50 [OK ] reward=-100.4172  cs_rank((high - low) / (open + 1e-5)) * cs_rank(volume)
[reward_only] iter 45/50 [OK ] reward=-129.0835  cs_rank((close - open) / (open + 1e-5)) * cs_rank(volume) * cs_rank(stddev(close, 20))
[reward_only] iter 46/50 [OK ] reward=-100.4172  cs_rank((high - low) / (open + 1e-5)) * cs_rank(volume)
[reward_only] iter 47/50 [OK ] reward=-129.0545  cs_rank((close - open) / (high - low + 1e-5)) * cs_rank(volume) * cs_rank(stddev(close, 20))
[reward_only] iter 48/50 [OK ] reward=-100.4172  cs_rank((high - low) / (open + 1e-5)) * cs_rank(volume)
[reward_only] iter 49/50 [ERR] reward=    -inf  cs_rank((high - low) / (open + 1e-5)) * cs_rank(volume) * cs_rank((close - open) / open)
[reward_only] iter 50/50 [OK ] reward=-138.0241  cs_rank((high - low) / (open + 1e-5)) * cs_rank(volume) * cs_rank(stddev(close, 20)) * cs_rank((close - open) / (open + 1e-5))
[wfo:reward_only] fold 10 winner: cs_rank((high - low) / (open + 1e-5)) * cs_rank(volume) * cs_rank(stddev(close, 20))
[wfo:reward_only] fold 10 OOS: Gross_IR=1.083 Turnover=165.19 Net_IR=-4.745
[wfo:reward_only] fold 11: train 2012-01-01..2016-12-31 -> test 2017-01-01..2017-12-31
[reward_only] iter  0/50 [SEED] reward=-131.8877  rank(-1 * zscore(volume, 20))
[reward_only] iter  1/50 [OK ] reward=-131.8877  cs_rank(-1 * zscore(volume, 20))
[reward_only] iter  2/50 [ERR] reward=    -inf  rank(close / open - 1)
[reward_only] iter  3/50 [ERR] reward=    -inf  rank(-1 * zscore(volume, 20) * cs_rank(close / open - 1))
[reward_only] iter  4/50 [ERR] reward=    -inf  cs_rank(-1 * zscore(volume, 20) * cs_rank(close / open - 1 + 1e-5))
[reward_only] iter  5/50 [ERR] reward=    -inf  cs_rank(-1 * zscore(volume, 20) * cs_rank(close / open - 1 + 1e-5))
[reward_only] iter  6/50 [ERR] reward=    -inf  rank(-1 * zscore(volume, 20) * cs_rank(close / open + 1e-5))
[reward_only] iter  7/50 [OK ] reward=-143.9474  rank(-1 * zscore(volume, 20) * cs_rank(close / (open + 1e-5)))
[reward_only] iter  8/50 [OK ] reward=-180.0606  rank(-1 * zscore(close - open, 20))
[reward_only] iter  9/50 [OK ] reward=-171.6507  rank(-1 * zscore(volume * (close - open), 20))
[reward_only] iter 10/50 [ERR] reward=    -inf  rank(-1 * zscore(volume / (high - low), 20))
[reward_only] iter 11/50 [ERR] reward=    -inf  rank(-1 * zscore(volume / (high + low), 20))
[reward_only] iter 12/50 [OK ] reward=-131.8877  rank(-1 * zscore(volume, 20))
[reward_only] iter 13/50 [OK ] reward=-116.4223  cs_rank((high - low) / (vwap + 1e-5))
[reward_only] iter 14/50 [OK ] reward=-179.4537  cs_rank((close - open) / (vwap + 1e-5))
[reward_only] iter 15/50 [OK ] reward=-180.9894  cs_rank((close - open) / (high - low + 1e-5))
[reward_only] iter 16/50 [OK ] reward=-179.4537  cs_rank((close - open) / (vwap + 1e-5))
[reward_only] iter 17/50 [OK ] reward=-180.9894  cs_rank((close - open) / (high - low + 1e-5))
[reward_only] iter 18/50 [OK ] reward=-103.7178  cs_rank((high - low) / (vwap + 1e-5)) * cs_rank(zscore(close, 21))
[reward_only] iter 19/50 [OK ] reward=-160.1837  cs_rank((close - open) / (vwap + 1e-5)) * cs_rank(zscore(volume, 21))
[reward_only] iter 20/50 [OK ] reward=-95.0436  cs_rank((high - low) / (vwap + 1e-5)) * cs_rank(zscore(close, 21)) * cs_rank(volume)
[reward_only] iter 21/50 [OK ] reward=-103.7178  cs_rank((high - low) / (vwap + 1e-5)) * cs_rank(zscore(close, 21))
[reward_only] iter 22/50 [OK ] reward=-128.9616  cs_rank((high - low) / (vwap + 1e-5)) * cs_rank(zscore(close, 21)) * cs_rank(volume) * cs_rank(close - open)
[reward_only] iter 23/50 [OK ] reward=-95.0436  cs_rank((high - low) / (vwap + 1e-5)) * cs_rank(zscore(close, 21)) * cs_rank(volume)
[reward_only] iter 24/50 [OK ] reward=-103.7178  cs_rank((high - low) / (vwap + 1e-5)) * cs_rank(zscore(close, 21))
[reward_only] iter 25/50 [ERR] reward=    -inf  cs_rank((close - open) / (high - low)) * cs_rank(zscore(volume, 21))
[reward_only] iter 26/50 [OK ] reward=-95.1435  cs_rank((high - low) / (vwap + 1e-5)) * cs_rank(zscore(close, 21)) * cs_rank(volume / (volume + 1e-5))
[reward_only] iter 27/50 [OK ] reward=-103.7178  cs_rank((high - low) / (vwap + 1e-5)) * cs_rank(zscore(close, 21))
[reward_only] iter 28/50 [ERR] reward=    -inf  cs_rank((high - low) / (vwap + 1e-5)) * cs_rank(zscore(close, 21)) * cs_rank(close / open)
[reward_only] iter 29/50 [OK ] reward=-95.1435  cs_rank((high - low) / (vwap + 1e-5)) * cs_rank(zscore(close, 21)) * cs_rank(volume / (volume + 1e-5))
[reward_only] iter 30/50 [OK ] reward=-95.0436  cs_rank((high - low) / (vwap + 1e-5)) * cs_rank(zscore(close, 21)) * cs_rank(volume)
[reward_only] iter 31/50 [OK ] reward=-103.7178  cs_rank((high - low) / (vwap + 1e-5)) * cs_rank(zscore(close, 21))
[reward_only] iter 32/50 [ERR] reward=    -inf  cs_rank((close - open) / (high - low)) * cs_rank(zscore(volume, 21))
[reward_only] iter 33/50 [OK ] reward=-105.8904  cs_rank((high - low) / (vwap + 1e-5)) * cs_rank(zscore(close, 21)) * cs_rank(volume) * cs_rank(decay_linear(close, 21))
[reward_only] iter 34/50 [OK ] reward=-95.0436  cs_rank((high - low) / (vwap + 1e-5)) * cs_rank(zscore(close, 21)) * cs_rank(volume)
[reward_only] iter 35/50 [OK ] reward=-103.7178  cs_rank((high - low) / (vwap + 1e-5)) * cs_rank(zscore(close, 21))
[reward_only] iter 36/50 [ERR] reward=    -inf  cs_rank((high - low) / (vwap + 1e-5)) * cs_rank(zscore(close, 21)) * cs_rank(close / open)
[reward_only] iter 37/50 [OK ] reward=-95.0436  cs_rank((high - low) / (vwap + 1e-5)) * cs_rank(zscore(close, 21)) * cs_rank(volume)
[reward_only] iter 38/50 [OK ] reward=-103.7178  cs_rank((high - low) / (vwap + 1e-5)) * cs_rank(zscore(close, 21))
[reward_only] iter 39/50 [OK ] reward=-86.4908  cs_rank((high - low) / (vwap + 1e-5)) * cs_rank(zscore(close, 21)) * cs_rank(decay_linear(volume, 21))
[reward_only] iter 40/50 [OK ] reward=-103.7178  cs_rank((high - low) / (vwap + 1e-5)) * cs_rank(zscore(close, 21))
[reward_only] iter 41/50 [OK ] reward=-85.9282  cs_rank((high - low) / (vwap + 1e-5)) * cs_rank(zscore(close, 21)) * cs_rank(decay_linear(volume, 21)) * cs_rank(ts_rank(close, 21))
[reward_only] iter 42/50 [OK ] reward=-86.4908  cs_rank((high - low) / (vwap + 1e-5)) * cs_rank(zscore(close, 21)) * cs_rank(decay_linear(volume, 21))
[reward_only] iter 43/50 [OK ] reward=-86.4908  cs_rank((high - low) / (vwap + 1e-5)) * cs_rank(zscore(close, 21)) * cs_rank(decay_linear(volume, 21))
[reward_only] iter 44/50 [OK ] reward=-96.3923  cs_rank((high - low) / (vwap + 1e-5)) * cs_rank(zscore(close, 21)) * cs_rank(ts_rank(close, 21))
[reward_only] iter 45/50 [OK ] reward=-103.7178  cs_rank((high - low) / (vwap + 1e-5)) * cs_rank(zscore(close, 21))
[reward_only] iter 46/50 [OK ] reward=-122.6962  cs_rank((high - low) / (vwap + 1e-5)) * cs_rank(zscore(close, 21)) * cs_rank(decay_linear(volume, 21)) * cs_rank(ts_rank(close, 21)) * cs_rank((close - open) / (open + 1e-5))
[reward_only] iter 47/50 [OK ] reward=-85.9282  cs_rank((high - low) / (vwap + 1e-5)) * cs_rank(zscore(close, 21)) * cs_rank(decay_linear(volume, 21)) * cs_rank(ts_rank(close, 21))
[reward_only] iter 48/50 [OK ] reward=-86.4908  cs_rank((high - low) / (vwap + 1e-5)) * cs_rank(zscore(close, 21)) * cs_rank(decay_linear(volume, 21))
[reward_only] iter 49/50 [OK ] reward=-96.3923  cs_rank((high - low) / (vwap + 1e-5)) * cs_rank(zscore(close, 21)) * cs_rank(ts_rank(close, 21))
[reward_only] iter 50/50 [OK ] reward=-86.4908  cs_rank((high - low) / (vwap + 1e-5)) * cs_rank(zscore(close, 21)) * cs_rank(decay_linear(volume, 21))
[wfo:reward_only] fold 11 winner: cs_rank((high - low) / (vwap + 1e-5)) * cs_rank(zscore(close, 21)) * cs_rank(decay_linear(volume, 21)) * cs_rank(ts_rank(close, 21))
[wfo:reward_only] fold 11 OOS: Gross_IR=1.400 Turnover=157.35 Net_IR=-6.266
[wfo:reward_only] fold 12: train 2013-01-01..2017-12-31 -> test 2018-01-01..2018-12-31
[reward_only] iter  0/50 [SEED] reward=-131.7493  rank(-1 * zscore(volume, 20))
[reward_only] iter  1/50 [ERR] reward=    -inf  cs_rank((high - low) / (high + low + close))
[reward_only] iter  2/50 [OK ] reward=-132.1454  rank(-1 * zscore(volume, 20) * cs_rank((high - low) / (high + low + close + 1e-5)))
[reward_only] iter  3/50 [OK ] reward=-143.8950  rank(-1 * zscore(volume, 20) * cs_rank(close - open))
[reward_only] iter  4/50 [OK ] reward=-143.6461  rank(-1 * zscore(volume, 20) * cs_rank(vwap - open))
[reward_only] iter  5/50 [ERR] reward=    -inf  rank(-1 * zscore(volume, 20) + cs_rank((close - open) / open))
[reward_only] iter  6/50 [OK ] reward=-140.1463  rank(-1 * zscore(volume, 20) + cs_rank((close - open) / (open + 1e-5)))
[reward_only] iter  7/50 [OK ] reward=-140.1463  rank(-1 * zscore(volume, 20) + cs_rank((close - open) / (open + 1e-5)))
[reward_only] iter  8/50 [OK ] reward=-140.1463  rank(-1 * zscore(volume, 20) + cs_rank((close - open) / (open + 1e-5)))
[reward_only] iter  9/50 [OK ] reward=-140.1463  rank(-1 * zscore(volume, 20) + cs_rank((close - open) / (open + 1e-5)))
[reward_only] iter 10/50 [OK ] reward=-140.7939  rank(-1 * zscore(volume, 20) + cs_rank(close - open))
[reward_only] iter 11/50 [OK ] reward=-158.2415  cs_rank(close - open) * rank(zscore(volume, 20))
[reward_only] iter 12/50 [OK ] reward=-160.0990  cs_rank(close - open) * rank(-1 * zscore(volume, 20))
[reward_only] iter 13/50 [OK ] reward=-160.0990  cs_rank(close - open) * rank(-1 * zscore(volume, 20))
[reward_only] iter 14/50 [OK ] reward=-103.3959  cs_rank(high - low) * rank(-1 * zscore(volume, 20))
[reward_only] iter 15/50 [OK ] reward=-160.0990  cs_rank(close - open) * rank(-1 * zscore(volume, 20))
[reward_only] iter 16/50 [OK ] reward=-130.1090  cs_rank(close - open) * cs_rank(volume / (volume + 1e-5))
[reward_only] iter 17/50 [OK ] reward=-145.6638  cs_rank(high - low) * cs_rank(-1 * zscore(volume, 20)) * cs_rank(close - open)
[reward_only] iter 18/50 [OK ] reward=-145.7959  cs_rank(high - low) * cs_rank(close - open)
[reward_only] iter 19/50 [ERR] reward=    -inf  cs_rank((close - open) / (high - low)) * cs_rank(volume / sma(volume, 20))
[reward_only] iter 20/50 [OK ] reward=-158.0385  cs_rank((close - open) / (high - low + 1e-5)) * cs_rank(volume / (sma(volume, 20) + 1e-5))
[reward_only] iter 21/50 [OK ] reward=-112.7514  cs_rank(high - low) * cs_rank(volume / (sma(volume, 20) + 1e-5))
[reward_only] iter 22/50 [OK ] reward=-145.7959  cs_rank(high - low) * cs_rank(close - open)
[reward_only] iter 23/50 [OK ] reward=-159.2075  cs_rank(vwap - close) * cs_rank(zscore(volume, 20))
[reward_only] iter 24/50 [OK ] reward=-62.8107  cs_rank(high - low) * cs_rank(-1 * zscore(volume, 20)) * decay_linear(close, 20)
[reward_only] iter 25/50 [OK ] reward=-103.3959  cs_rank(high - low) * cs_rank(-1 * zscore(volume, 20))
[reward_only] iter 26/50 [OK ] reward=-86.8820  cs_rank(high - low) * cs_rank(close - sma(close, 20)) * cs_rank(-1 * zscore(volume, 20))
[reward_only] iter 27/50 [OK ] reward=-62.8107  cs_rank(high - low) * cs_rank(-1 * zscore(volume, 20)) * decay_linear(close, 20)
[reward_only] iter 28/50 [OK ] reward=-103.3959  cs_rank(high - low) * cs_rank(-1 * zscore(volume, 20))
[reward_only] iter 29/50 [OK ] reward=-145.6638  cs_rank(high - low) * cs_rank(-1 * zscore(volume, 20)) * cs_rank(close - open)
[reward_only] iter 30/50 [OK ] reward=-62.8107  cs_rank(high - low) * cs_rank(-1 * zscore(volume, 20)) * decay_linear(close, 20)
[reward_only] iter 31/50 [OK ] reward=-103.3959  cs_rank(high - low) * cs_rank(-1 * zscore(volume, 20))
[reward_only] iter 32/50 [OK ] reward=-145.1446  cs_rank(high - low) * cs_rank(-1 * zscore(volume, 20)) * cs_rank(close - vwap)
[reward_only] iter 33/50 [OK ] reward=-62.8107  cs_rank(high - low) * cs_rank(-1 * zscore(volume, 20)) * decay_linear(close, 20)
[reward_only] iter 34/50 [OK ] reward=-62.7399  cs_rank(high - low) * cs_rank(-1 * zscore(volume, 20)) * close
[reward_only] iter 35/50 [OK ] reward=-145.1446  cs_rank(high - low) * cs_rank(-1 * zscore(volume, 20)) * cs_rank(close - vwap)
[reward_only] iter 36/50 [OK ] reward=-62.7399  cs_rank(high - low) * cs_rank(-1 * zscore(volume, 20)) * close
[reward_only] iter 37/50 [OK ] reward=-113.4840  cs_rank(zscore(close - open, 20)) * cs_rank(-1 * zscore(volume, 20)) * close
[reward_only] iter 38/50 [OK ] reward=-103.3959  cs_rank(high - low) * cs_rank(-1 * zscore(volume, 20))
[reward_only] iter 39/50 [OK ] reward=-145.6638  cs_rank(high - low) * cs_rank(-1 * zscore(volume, 20)) * cs_rank(close - open)
[reward_only] iter 40/50 [OK ] reward=-62.7399  cs_rank(high - low) * cs_rank(-1 * zscore(volume, 20)) * close
[reward_only] iter 41/50 [ERR] reward=    -inf  cs_rank(close / open) * cs_rank(volume / sma(volume, 20)) * close
[reward_only] iter 42/50 [OK ] reward=-103.8850  cs_rank(high - low) * cs_rank(-1 * zscore(volume, 20)) * cs_rank(close / (open + 1e-5)) * close
[reward_only] iter 43/50 [OK ] reward=-62.7399  cs_rank(high - low) * cs_rank(-1 * zscore(volume, 20)) * close
[reward_only] iter 44/50 [ERR] reward=    -inf  cs_rank(close / open - 1) * cs_rank(-1 * zscore(volume, 20)) * close
[reward_only] iter 45/50 [OK ] reward=-139.9872  cs_rank(high - low) * cs_rank(-1 * zscore(volume, 20)) * cs_rank(close / (open + 1e-5))
[reward_only] iter 46/50 [OK ] reward=-62.7399  cs_rank(high - low) * cs_rank(-1 * zscore(volume, 20)) * close
[reward_only] iter 47/50 [ERR] reward=    -inf  cs_rank(close / open) * cs_rank(-1 * zscore(volume, 20)) * close
[reward_only] iter 48/50 [OK ] reward=-139.9872  cs_rank(high - low) * cs_rank(-1 * zscore(volume, 20)) * cs_rank(close / (open + 1e-5))
[reward_only] iter 49/50 [OK ] reward=-62.7399  cs_rank(high - low) * cs_rank(-1 * zscore(volume, 20)) * close
[reward_only] iter 50/50 [OK ] reward=-143.6003  cs_rank(vwap - close) * cs_rank(-1 * zscore(volume, 20)) * close
[wfo:reward_only] fold 12 winner: cs_rank(high - low) * cs_rank(-1 * zscore(volume, 20)) * close
[wfo:reward_only] fold 12 OOS: Gross_IR=0.516 Turnover=119.76 Net_IR=-7.913
[wfo:reward_only] fold 13: train 2014-01-01..2018-12-31 -> test 2019-01-01..2019-12-31
[reward_only] iter  0/50 [SEED] reward=-131.0306  rank(-1 * zscore(volume, 20))
[reward_only] iter  1/50 [ERR] reward=    -inf  cs_rank((close - open) / (high - low))
[reward_only] iter  2/50 [OK ] reward=-168.8641  rank(-1 * zscore(volume, 20)) + cs_rank((close - open) / (high - low + 1e-5))
[reward_only] iter  3/50 [OK ] reward=-168.8641  rank(-1 * zscore(volume, 20)) + cs_rank((close - open) / (high - low + 1e-5))
[reward_only] iter  4/50 [OK ] reward=-168.8641  rank(-1 * zscore(volume, 20)) + cs_rank((close - open) / (high - low + 1e-5))
[reward_only] iter  5/50 [OK ] reward=-168.8641  rank(-1 * zscore(volume, 20)) + cs_rank((close - open) / (high - low + 1e-5))
[reward_only] iter  6/50 [OK ] reward=-168.8641  rank(-1 * zscore(volume, 20)) + cs_rank((close - open) / (high - low + 1e-5))
[reward_only] iter  7/50 [OK ] reward=-168.8641  rank(-1 * zscore(volume, 20)) + cs_rank((close - open) / (high - low + 1e-5))
[reward_only] iter  8/50 [OK ] reward=-135.7609  rank(-1 * zscore(volume, 20)) + cs_rank(close / (high - low + 1e-5))
[reward_only] iter  9/50 [OK ] reward=-149.3667  cs_rank(close / (high - low + 1e-5)) * zscore(volume, 20)
[reward_only] iter 10/50 [OK ] reward=-132.5496  rank(-1 * zscore(volume, 20) * cs_rank(close / (high - low + 1e-5)))
[reward_only] iter 11/50 [OK ] reward=-132.5496  rank(-1 * zscore(volume, 20) * cs_rank(close / (high - low + 1e-5)))
[reward_only] iter 12/50 [OK ] reward=-132.5496  rank(-1 * zscore(volume, 20) * cs_rank(close / (high - low + 1e-5)))
[reward_only] iter 13/50 [OK ] reward=-132.5496  rank(-1 * zscore(volume, 20) * cs_rank(close / (high - low + 1e-5)))
[reward_only] iter 14/50 [OK ] reward=-131.0306  cs_rank(-1 * zscore(volume, 20))
[reward_only] iter 15/50 [OK ] reward=-69.5573  cs_rank(-1 * ts_rank(close, 20))
[reward_only] iter 16/50 [ERR] reward=    -inf  cs_rank(-1 * ts_rank((high - low) / close, 20))
[reward_only] iter 17/50 [OK ] reward=-165.6144  cs_rank(-1 * ts_rank((high - low) / (close + 1e-5), 20))
[reward_only] iter 18/50 [OK ] reward=-180.3161  cs_rank(-1 * ts_rank((close - open) / (close + 1e-5), 20))
[reward_only] iter 19/50 [ERR] reward=    -inf  cs_rank(-1 * ts_rank(close, 20) * cs_rank(volume, 20))
[reward_only] iter 20/50 [OK ] reward=-104.4478  cs_rank(-1 * (ts_rank(close, 20) + ts_rank(volume, 20)))
[reward_only] iter 21/50 [OK ] reward=-64.2617  cs_rank(-1 * (ts_rank(close, 20) + ts_rank(vwap, 20)))
[reward_only] iter 22/50 [OK ] reward=-104.4478  cs_rank(-1 * (ts_rank(close, 20) + ts_rank(volume, 20)))
[reward_only] iter 23/50 [OK ] reward=-118.0131  cs_rank(-1 * (ts_rank(close, 20) + ts_rank(high - low, 20)))
[reward_only] iter 24/50 [OK ] reward=-81.3318  cs_rank(-1 * (ts_rank(close, 20) + ts_rank(vwap, 20) + ts_rank(volume, 20)))
[reward_only] iter 25/50 [ERR] reward=    -inf  cs_rank(-1 * (ts_rank(close, 20) + ts_rank(vwap, 20) + ts_rank(volume, 20) + ts_rank((high - low) / vwap, 20)))
[reward_only] iter 26/50 [OK ] reward=-102.5992  cs_rank(-1 * (ts_rank(close, 20) + ts_rank(vwap, 20) + ts_rank(volume, 20) + ts_rank((high - low) / (vwap + 1e-5), 20)))
[reward_only] iter 27/50 [OK ] reward=-81.3318  cs_rank(-1 * (ts_rank(close, 20) + ts_rank(vwap, 20) + ts_rank(volume, 20)))
[reward_only] iter 28/50 [OK ] reward=-55.6794  cs_rank(-1 * (ts_rank(close, 20) + ts_rank(vwap, 20) + ts_rank(stddev(close, 20), 20)))
[reward_only] iter 29/50 [OK ] reward=-55.6794  cs_rank(-1 * (ts_rank(close, 20) + ts_rank(vwap, 20) + ts_rank(stddev(close, 20), 20)))
[reward_only] iter 30/50 [OK ] reward=-104.4478  cs_rank(-1 * (ts_rank(close, 20) + ts_rank(volume, 20)))
[reward_only] iter 31/50 [OK ] reward=-71.6534  cs_rank(-1 * (ts_rank(close, 20) + ts_rank(vwap, 20) + ts_rank(stddev(close, 20), 20) + ts_rank(volume, 20)))
[reward_only] iter 32/50 [OK ] reward=-55.6794  cs_rank(-1 * (ts_rank(close, 20) + ts_rank(vwap, 20) + ts_rank(stddev(close, 20), 20)))
[reward_only] iter 33/50 [OK ] reward=-64.2617  cs_rank(-1 * (ts_rank(close, 20) + ts_rank(vwap, 20)))
[reward_only] iter 34/50 [OK ] reward=-79.7388  cs_rank(-1 * (ts_rank(high, 20) + ts_rank(low, 20) + ts_rank(volume, 20)))
[reward_only] iter 35/50 [OK ] reward=-80.2606  cs_rank(-1 * (ts_rank(close, 20) + ts_rank(vwap, 20) + ts_rank(zscore(volume, 20), 20)))
[reward_only] iter 36/50 [OK ] reward=-55.6794  cs_rank(-1 * (ts_rank(close, 20) + ts_rank(vwap, 20) + ts_rank(stddev(close, 20), 20)))
[reward_only] iter 37/50 [OK ] reward=-54.4687  cs_rank(-1 * (ts_rank(close, 20) + ts_rank(stddev(close, 20), 20)))
[reward_only] iter 38/50 [OK ] reward=-80.3562  cs_rank(-1 * (ts_rank(close, 20) + ts_rank(stddev(close, 20), 20) + ts_rank(volume, 20)))
[reward_only] iter 39/50 [OK ] reward=-104.4478  cs_rank(-1 * (ts_rank(close, 20) + ts_rank(volume, 20)))
[reward_only] iter 40/50 [OK ] reward=-101.3161  cs_rank(-1 * (ts_rank(vwap, 20) + ts_rank(volume, 20)))
[reward_only] iter 41/50 [OK ] reward=-127.6782  cs_rank(-1 * (ts_rank(close, 20) + ts_rank(abs(close - vwap), 20)))
[reward_only] iter 42/50 [OK ] reward=-100.9986  cs_rank(-1 * (ts_rank(close, 20) + ts_rank(stddev(close, 20), 20) + ts_rank(abs(close - vwap), 20)))
[reward_only] iter 43/50 [OK ] reward=-54.4687  cs_rank(-1 * (ts_rank(close, 20) + ts_rank(stddev(close, 20), 20)))
[reward_only] iter 44/50 [OK ] reward=-80.3562  cs_rank(-1 * (ts_rank(close, 20) + ts_rank(stddev(close, 20), 20) + ts_rank(volume, 20)))
[reward_only] iter 45/50 [OK ] reward=-55.6971  cs_rank(-1 * (ts_rank(close, 20) + ts_rank(stddev(close, 20), 20) + ts_rank(vwap, 20)))
[reward_only] iter 46/50 [OK ] reward=-54.4687  cs_rank(-1 * (ts_rank(close, 20) + ts_rank(stddev(close, 20), 20)))
[reward_only] iter 47/50 [OK ] reward=-80.3562  cs_rank(-1 * (ts_rank(close, 20) + ts_rank(stddev(close, 20), 20) + ts_rank(volume, 20)))
[reward_only] iter 48/50 [OK ] reward=-104.4478  cs_rank(-1 * (ts_rank(close, 20) + ts_rank(volume, 20)))
[reward_only] iter 49/50 [OK ] reward=-59.4917  cs_rank(-1 * (ts_rank(close, 20) + ts_rank(decay_linear(volume, 20), 20)))
[reward_only] iter 50/50 [OK ] reward=-80.3562  cs_rank(-1 * (ts_rank(close, 20) + ts_rank(stddev(close, 20), 20) + ts_rank(volume, 20)))
[wfo:reward_only] fold 13 winner: cs_rank(-1 * (ts_rank(close, 20) + ts_rank(stddev(close, 20), 20)))
[wfo:reward_only] fold 13 OOS: Gross_IR=1.199 Turnover=97.39 Net_IR=-4.448
[wfo:reward_only] fold 14: train 2015-01-01..2019-12-31 -> test 2020-01-01..2020-12-31
[reward_only] iter  0/50 [SEED] reward=-130.8925  rank(-1 * zscore(volume, 20))
[reward_only] iter  1/50 [ERR] reward=    -inf  cs_rank((close - open) / (high - low))
[reward_only] iter  2/50 [OK ] reward=-140.3027  rank(-1 * zscore(volume, 20) + cs_rank((close - open) / (high - low + 1e-5)))
[reward_only] iter  3/50 [OK ] reward=-181.8713  cs_rank((close - open) / (high - low + 1e-5))
[reward_only] iter  4/50 [OK ] reward=-180.0094  rank(-1 * zscore(close - open, 20))
[reward_only] iter  5/50 [OK ] reward=-157.9116  rank(-1 * (zscore(volume, 20) + zscore(close - open, 20)))
[reward_only] iter  6/50 [OK ] reward=-90.5697  rank(-1 * (zscore(volume, 20) + zscore(close, 20)))
[reward_only] iter  7/50 [ERR] reward=    -inf  cs_rank((close - open) / (high - low))
[reward_only] iter  8/50 [OK ] reward=-102.0461  rank(-1 * (zscore(volume, 20) + zscore(close, 20) + cs_rank((close - open) / (high - low + 1e-5))))
[reward_only] iter  9/50 [OK ] reward=-102.0461  rank(-1 * (zscore(volume, 20) + zscore(close, 20) + cs_rank((close - open) / (high - low + 1e-5))))
[reward_only] iter 10/50 [OK ] reward=-90.5697  rank(-1 * (zscore(volume, 20) + zscore(close, 20)))
[reward_only] iter 11/50 [OK ] reward=-157.9116  rank(-1 * (zscore(volume, 20) + zscore(close - open, 20)))
[reward_only] iter 12/50 [OK ] reward=-120.2021  rank(-1 * (zscore(volume, 20) + zscore(close - open, 20) + zscore(vwap, 20)))
[reward_only] iter 13/50 [OK ] reward=-90.5697  rank(-1 * (zscore(volume, 20) + zscore(close, 20)))
[reward_only] iter 14/50 [OK ] reward=-87.1185  rank(-1 * (zscore(volume, 20) + zscore(vwap, 20)))
[reward_only] iter 15/50 [OK ] reward=-125.6087  rank(-1 * (ts_rank(close, 20) + zscore(volume, 20)))
[reward_only] iter 16/50 [OK ] reward=-90.5697  rank(-1 * (zscore(close, 20) + zscore(volume, 20)))
[reward_only] iter 17/50 [OK ] reward=-73.3650  rank(-1 * (zscore(close, 20) + zscore(volume, 20) * cs_rank(close)))
[reward_only] iter 18/50 [OK ] reward=-108.2214  rank(-1 * (ts_rank(close, 20) + zscore(volume, 20) * cs_rank(close)))
[reward_only] iter 19/50 [OK ] reward=-107.5381  rank(-1 * (cs_rank(close) + zscore(volume, 20) * cs_rank(close)))
[reward_only] iter 20/50 [OK ] reward=-151.1292  rank(-1 * (zscore(high - low, 20) + zscore(volume, 20) * cs_rank(close)))
[reward_only] iter 21/50 [OK ] reward=-90.5697  rank(-1 * (zscore(close, 20) + zscore(volume, 20)))
[reward_only] iter 22/50 [OK ] reward=-74.9530  rank(-1 * (ts_rank(close, 20) + ts_rank(volume, 20) * cs_rank(close)))
[reward_only] iter 23/50 [OK ] reward=-59.5575  rank(-1 * (zscore(close, 20) + zscore(volume, 20) * cs_rank(close) + zscore(vwap, 20)))
[reward_only] iter 24/50 [OK ] reward=-90.5697  rank(-1 * (zscore(close, 20) + zscore(volume, 20)))
[reward_only] iter 25/50 [ERR] reward=    -inf  rank(-1 * (zscore(close, 20) + zscore(volume, 20) * cs_rank(close) + zscore(vwap, 20) + zscore((high - low) / close, 20)))
[reward_only] iter 26/50 [OK ] reward=-81.6838  rank(-1 * (zscore(close, 20) + zscore(volume, 20) * cs_rank(close) + zscore(vwap, 20) + zscore((high - low) / (close + 1e-5), 20)))
[reward_only] iter 27/50 [OK ] reward=-81.6838  rank(-1 * (zscore(close, 20) + zscore(volume, 20) * cs_rank(close) + zscore(vwap, 20) + zscore((high - low) / (close + 1e-5), 20)))
[reward_only] iter 28/50 [OK ] reward=-59.5575  rank(-1 * (zscore(close, 20) + zscore(volume, 20) * cs_rank(close) + zscore(vwap, 20)))
[reward_only] iter 29/50 [OK ] reward=-73.3650  rank(-1 * (zscore(close, 20) + zscore(volume, 20) * cs_rank(close)))
[reward_only] iter 30/50 [OK ] reward=-110.8576  rank(-1 * (zscore(close, 20) + zscore(volume, 20) * cs_rank(close) + zscore(high - low, 20)))
[reward_only] iter 31/50 [OK ] reward=-59.5575  rank(-1 * (zscore(close, 20) + zscore(volume, 20) * cs_rank(close) + zscore(vwap, 20)))
[reward_only] iter 32/50 [OK ] reward=-53.3146  rank(-1 * (zscore(close, 20) + zscore(vwap, 20)))
[reward_only] iter 33/50 [OK ] reward=-52.9940  rank(-1 * (zscore(close, 20) + zscore(vwap, 20) + cs_rank(volume)))
[reward_only] iter 34/50 [ERR] reward=    -inf  cs_rank(((high - low) / low) * zscore(volume, 20))
[reward_only] iter 35/50 [OK ] reward=-56.4373  rank(-1 * (zscore(close, 20) + zscore(vwap, 20) + cs_rank(volume) + cs_rank((high - low) / (low + 1e-5))))
[reward_only] iter 36/50 [OK ] reward=-52.9940  rank(-1 * (zscore(close, 20) + zscore(vwap, 20) + cs_rank(volume)))
[reward_only] iter 37/50 [OK ] reward=-54.1286  rank(-1 * (ts_rank(close, 20) + ts_rank(vwap, 20) + cs_rank(volume)))
[reward_only] iter 38/50 [OK ] reward=-54.2284  rank(-1 * (ts_rank(close, 20) + ts_rank(vwap, 20) + cs_rank(volume / (volume + 1e-5))))
[reward_only] iter 39/50 [OK ] reward=-53.3146  rank(-1 * (zscore(close, 20) + zscore(vwap, 20)))
[reward_only] iter 40/50 [OK ] reward=-51.5506  rank(-1 * (zscore(close, 20) + zscore(vwap, 20) + cs_rank(volume) * decay_linear(zscore(stddev(close, 20), 20), 20)))
[reward_only] iter 41/50 [OK ] reward=-51.5506  rank(-1 * (zscore(close, 20) + zscore(vwap, 20) + cs_rank(volume) * decay_linear(zscore(stddev(close, 20), 20), 20)))
[reward_only] iter 42/50 [OK ] reward=-51.1112  rank(-1 * (zscore(close, 20) + zscore(vwap, 20) + cs_rank(volume) * zscore(stddev(close, 20), 20)))
[reward_only] iter 43/50 [OK ] reward=-52.9940  rank(-1 * (zscore(close, 20) + zscore(vwap, 20) + cs_rank(volume)))
[reward_only] iter 44/50 [ERR] reward=    -inf  cs_rank((close - open) / (high - low) + zscore(volume, 20))
[reward_only] iter 45/50 [OK ] reward=-53.9171  rank(-1 * (zscore(close, 20) + zscore(vwap, 20) + cs_rank(volume) * zscore(stddev(close, 20), 20) + decay_linear(ts_rank((close - open) / (high - low + 1e-5), 10), 5)))
[reward_only] iter 46/50 [OK ] reward=-53.9171  rank(-1 * (zscore(close, 20) + zscore(vwap, 20) + cs_rank(volume) * zscore(stddev(close, 20), 20) + decay_linear(ts_rank((close - open) / (high - low + 1e-5), 10), 5)))
[reward_only] iter 47/50 [OK ] reward=-52.3493  rank(-1 * (zscore(close, 20) + zscore(vwap, 20) + cs_rank(volume) * zscore(stddev(close, 20), 20) + decay_linear((close - open) / (high - low + 1e-5), 10)))
[reward_only] iter 48/50 [OK ] reward=-52.4447  rank(-1 * (zscore(close, 20) + zscore(vwap, 20) + cs_rank(volume) * zscore(stddev(close, 20), 20) + decay_linear(close - open, 10)))
[reward_only] iter 49/50 [OK ] reward=-51.1112  rank(-1 * (zscore(close, 20) + zscore(vwap, 20) + cs_rank(volume) * zscore(stddev(close, 20), 20)))
[reward_only] iter 50/50 [OK ] reward=-51.1112  rank(-1 * (zscore(close, 20) + zscore(vwap, 20) + cs_rank(volume) * zscore(stddev(close, 20), 20)))
[wfo:reward_only] fold 14 winner: rank(-1 * (zscore(close, 20) + zscore(vwap, 20) + cs_rank(volume) * zscore(stddev(close, 20), 20)))
[wfo:reward_only] fold 14 OOS: Gross_IR=0.697 Turnover=100.18 Net_IR=-1.579
[wfo:reward_only] fold 15: train 2016-01-01..2020-12-31 -> test 2021-01-01..2021-12-31
[reward_only] iter  0/50 [SEED] reward=-130.7930  rank(-1 * zscore(volume, 20))
[reward_only] iter  1/50 [OK ] reward=-176.5881  cs_rank(close - open)
[reward_only] iter  2/50 [OK ] reward=-182.7089  cs_rank(zscore(close - open, 20))
[reward_only] iter  3/50 [ERR] reward=    -inf  rank(-1 * zscore((high - low) / close, 20))
[reward_only] iter  4/50 [OK ] reward=-134.9713  rank(-1 * zscore(volume, 20)) + rank((high - low) / (close + 1e-5))
[reward_only] iter  5/50 [OK ] reward=-130.7930  cs_rank(-1 * zscore(volume, 20))
[reward_only] iter  6/50 [OK ] reward=-181.4806  cs_rank(-1 * zscore(close - open, 20))
[reward_only] iter  7/50 [OK ] reward=-130.1446  rank(-1 * zscore(volume, 20) + decay_linear(ts_rank(close - open, 20), 5))
[reward_only] iter  8/50 [ERR] reward=    -inf  rank(cs_rank(close) - cs_rank(close, 20))
[reward_only] iter  9/50 [OK ] reward=-139.5343  rank(-1 * zscore(volume, 20) + decay_linear(ts_rank(close - open, 20), 5) + cs_rank(vwap - close))
[reward_only] iter 10/50 [OK ] reward=-130.1446  rank(-1 * zscore(volume, 20) + decay_linear(ts_rank(close - open, 20), 5))
[reward_only] iter 11/50 [OK ] reward=-59.7761  rank(-1 * zscore(close, 20) + decay_linear(ts_rank(volume, 20), 5))
[reward_only] iter 12/50 [OK ] reward=-59.2035  rank(-1 * zscore(close, 20) + decay_linear(ts_rank(volume, 20), 5) + cs_rank(high - low))
[reward_only] iter 13/50 [OK ] reward=-59.7761  rank(-1 * zscore(close, 20) + decay_linear(ts_rank(volume, 20), 5))
[reward_only] iter 14/50 [OK ] reward=-85.9585  rank(-1 * zscore(close, 20) + decay_linear(ts_rank(volume, 20), 5) + cs_rank(vwap - close))
[reward_only] iter 15/50 [OK ] reward=-59.2035  rank(-1 * zscore(close, 20) + decay_linear(ts_rank(volume, 20), 5) + cs_rank(high - low))
[reward_only] iter 16/50 [OK ] reward=-59.7761  rank(-1 * zscore(close, 20) + decay_linear(ts_rank(volume, 20), 5))
[reward_only] iter 17/50 [OK ] reward=-63.1406  rank(-1 * zscore(close, 20) + decay_linear(ts_rank(volume, 20), 5) + cs_rank(high - low) + ts_rank(vwap, 20))
[reward_only] iter 18/50 [OK ] reward=-59.2035  rank(-1 * zscore(close, 20) + decay_linear(ts_rank(volume, 20), 5) + cs_rank(high - low))
[reward_only] iter 19/50 [OK ] reward=-59.2035  rank(-1 * zscore(close, 20) + decay_linear(ts_rank(volume, 20), 5) + cs_rank(high - low))
[reward_only] iter 20/50 [OK ] reward=-58.8247  rank(-1 * zscore(close, 20) + cs_rank(high - low))
[reward_only] iter 21/50 [OK ] reward= -4.5474  rank(-1 * zscore(close, 20) + cs_rank(high - low) + decay_linear(volume, 20))
[reward_only] iter 22/50 [OK ] reward= -4.5474  rank(-1 * zscore(close, 20) + cs_rank(high - low) + decay_linear(volume, 20))
[reward_only] iter 23/50 [OK ] reward= -4.5474  rank(-1 * zscore(close, 20) + cs_rank(high - low) + decay_linear(volume, 20))
[reward_only] iter 24/50 [OK ] reward= -4.5474  rank(-1 * zscore(close, 20) + cs_rank(high - low) + decay_linear(volume, 20))
[reward_only] iter 25/50 [OK ] reward= -4.5474  rank(-1 * zscore(close, 20) + cs_rank(high - low) + decay_linear(volume, 20))
[reward_only] iter 26/50 [OK ] reward=-58.8247  rank(-1 * zscore(close, 20) + cs_rank(high - low))
[reward_only] iter 27/50 [OK ] reward= -4.6974  rank(-1 * zscore(close, 20) + cs_rank(high - low) + decay_linear(volume, 20) + ts_rank(vwap - close, 20))
[reward_only] iter 28/50 [OK ] reward= -4.5474  rank(-1 * zscore(close, 20) + cs_rank(high - low) + decay_linear(volume, 20))
[reward_only] iter 29/50 [OK ] reward= -4.5474  rank(-1 * zscore(close, 20) + cs_rank(high - low) + decay_linear(volume, 20))
[reward_only] iter 30/50 [OK ] reward=-33.9119  rank(-1 * zscore(close, 20) + cs_rank(high - low) + volume)
[reward_only] iter 31/50 [OK ] reward= -4.6474  rank(-1 * zscore(close, 20) + cs_rank(high - low) + decay_linear(volume, 20) + ts_rank(vwap, 20))
[reward_only] iter 32/50 [OK ] reward= -4.5474  rank(-1 * zscore(close, 20) + cs_rank(high - low) + decay_linear(volume, 20))
[reward_only] iter 33/50 [OK ] reward= -4.5474  rank(-1 * zscore(close, 20) + cs_rank(high - low) + decay_linear(volume, 20))
[reward_only] iter 34/50 [OK ] reward= -4.5474  rank(-1 * zscore(close, 20) + cs_rank(high - low) + decay_linear(volume, 20))
[reward_only] iter 35/50 [OK ] reward=-33.9119  rank(-1 * zscore(close, 20) + cs_rank(high - low) + volume)
[reward_only] iter 36/50 [OK ] reward= -4.6474  rank(-1 * zscore(close, 20) + cs_rank(high - low) + decay_linear(volume, 20) + ts_rank(vwap, 20))
[reward_only] iter 37/50 [OK ] reward= -4.5474  rank(-1 * zscore(close, 20) + cs_rank(high - low) + decay_linear(volume, 20))
[reward_only] iter 38/50 [OK ] reward= -4.5474  rank(-1 * zscore(close, 20) + cs_rank(high - low) + decay_linear(volume, 20))
[reward_only] iter 39/50 [OK ] reward= -4.5474  rank(-1 * zscore(close, 20) + cs_rank(high - low) + decay_linear(volume, 20))
[reward_only] iter 40/50 [OK ] reward=-58.8247  rank(-1 * zscore(close, 20) + cs_rank(high - low))
[reward_only] iter 41/50 [OK ] reward= -4.6474  rank(-1 * zscore(close, 20) + cs_rank(high - low) + decay_linear(volume, 20) + ts_rank(vwap, 20))
[reward_only] iter 42/50 [OK ] reward= -4.5474  rank(-1 * zscore(close, 20) + cs_rank(high - low) + decay_linear(volume, 20))
[reward_only] iter 43/50 [OK ] reward= -4.5474  rank(-1 * zscore(close, 20) + cs_rank(high - low) + decay_linear(volume, 20))
[reward_only] iter 44/50 [OK ] reward= -4.5474  rank(-1 * zscore(close, 20) + cs_rank(high - low) + decay_linear(volume, 20))
[reward_only] iter 45/50 [OK ] reward= -4.5474  rank(-1 * zscore(close, 20) + cs_rank(high - low) + decay_linear(volume, 20))
[reward_only] iter 46/50 [OK ] reward=-33.9119  rank(-1 * zscore(close, 20) + cs_rank(high - low) + volume)
[reward_only] iter 47/50 [OK ] reward= -4.6474  rank(-1 * zscore(close, 20) + cs_rank(high - low) + decay_linear(volume, 20) + ts_rank(vwap, 20))
[reward_only] iter 48/50 [OK ] reward= -4.5474  rank(-1 * zscore(close, 20) + cs_rank(high - low) + decay_linear(volume, 20))
[reward_only] iter 49/50 [OK ] reward= -4.5474  rank(-1 * zscore(close, 20) + cs_rank(high - low) + decay_linear(volume, 20))
[reward_only] iter 50/50 [OK ] reward=-33.9119  rank(-1 * zscore(close, 20) + cs_rank(high - low) + volume)
[wfo:reward_only] fold 15 winner: rank(-1 * zscore(close, 20) + cs_rank(high - low) + decay_linear(volume, 20))
[wfo:reward_only] fold 15 OOS: Gross_IR=0.756 Turnover=8.12 Net_IR=0.402
[wfo:reward_only] fold 16: train 2017-01-01..2021-12-31 -> test 2022-01-01..2022-12-31
[reward_only] iter  0/50 [SEED] reward=-130.9972  rank(-1 * zscore(volume, 20))
[reward_only] iter  1/50 [OK ] reward=-88.8169  cs_rank(-1 * zscore(volume, 20) + zscore(close, 20))
[reward_only] iter  2/50 [OK ] reward=-67.9614  cs_rank(-1 * zscore(volume, 20) + zscore(close, 20) + zscore(vwap, 20))
[reward_only] iter  3/50 [OK ] reward=-75.3765  cs_rank(-1 * zscore(volume, 20) + zscore(close, 20) + zscore(vwap, 20) + zscore(high - low, 20))
[reward_only] iter  4/50 [OK ] reward=-67.9614  cs_rank(-1 * zscore(volume, 20) + zscore(close, 20) + zscore(vwap, 20))
[reward_only] iter  5/50 [OK ] reward=-69.4539  cs_rank(-1 * zscore(volume, 20) + zscore(close, 20) + zscore(vwap, 20) + ts_rank(abs(close - open), 20))
[reward_only] iter  6/50 [OK ] reward=-69.4539  cs_rank(-1 * zscore(volume, 20) + zscore(close, 20) + zscore(vwap, 20) + ts_rank(abs(close - open), 20))
[reward_only] iter  7/50 [OK ] reward=-83.1129  cs_rank(-1 * zscore(volume, 20) + zscore(close, 20) + zscore(vwap, 20) + zscore(abs(close - open), 20))
[reward_only] iter  8/50 [OK ] reward=-67.9614  cs_rank(-1 * zscore(volume, 20) + zscore(close, 20) + zscore(vwap, 20))
[reward_only] iter  9/50 [OK ] reward=-60.0371  cs_rank(-1 * zscore(volume, 20) + zscore(close, 20) + zscore(vwap, 20) + zscore(stddev(close, 20), 20))
[reward_only] iter 10/50 [OK ] reward=-67.9614  cs_rank(-1 * zscore(volume, 20) + zscore(close, 20) + zscore(vwap, 20))
[reward_only] iter 11/50 [OK ] reward=-66.8745  cs_rank(-1 * zscore(volume, 20) + zscore(close, 20) + zscore(vwap, 20) + zscore(stddev(close, 20), 20) + zscore(high - low, 20))
[reward_only] iter 12/50 [OK ] reward=-60.0371  cs_rank(-1 * zscore(volume, 20) + zscore(close, 20) + zscore(vwap, 20) + zscore(stddev(close, 20), 20))
[reward_only] iter 13/50 [OK ] reward=-67.9614  cs_rank(-1 * zscore(volume, 20) + zscore(close, 20) + zscore(vwap, 20))
[reward_only] iter 14/50 [OK ] reward=-66.8745  cs_rank(-1 * zscore(volume, 20) + zscore(close, 20) + zscore(vwap, 20) + zscore(stddev(close, 20), 20) + zscore(high - low, 20))
[reward_only] iter 15/50 [OK ] reward=-60.0371  cs_rank(-1 * zscore(volume, 20) + zscore(close, 20) + zscore(vwap, 20) + zscore(stddev(close, 20), 20))
[reward_only] iter 16/50 [OK ] reward=-67.9614  cs_rank(-1 * zscore(volume, 20) + zscore(close, 20) + zscore(vwap, 20))
[reward_only] iter 17/50 [OK ] reward=-66.8745  cs_rank(-1 * zscore(volume, 20) + zscore(close, 20) + zscore(vwap, 20) + zscore(stddev(close, 20), 20) + zscore(high - low, 20))
[reward_only] iter 18/50 [OK ] reward=-60.0371  cs_rank(-1 * zscore(volume, 20) + zscore(close, 20) + zscore(vwap, 20) + zscore(stddev(close, 20), 20))
[reward_only] iter 19/50 [OK ] reward=-59.1964  cs_rank(-1 * zscore(volume, 20) + zscore(close, 20) + zscore(vwap, 20) + zscore(stddev(close, 20), 20) + zscore(high, 20) - zscore(low, 20))
[reward_only] iter 20/50 [OK ] reward=-66.7343  cs_rank(-1 * zscore(volume, 20) + zscore(close, 20) + zscore(vwap, 20) + zscore(high, 20) - zscore(low, 20))
[reward_only] iter 21/50 [OK ] reward=-60.0371  cs_rank(-1 * zscore(volume, 20) + zscore(close, 20) + zscore(vwap, 20) + zscore(stddev(close, 20), 20))
[reward_only] iter 22/50 [OK ] reward=-59.1964  cs_rank(-1 * zscore(volume, 20) + zscore(close, 20) + zscore(vwap, 20) + zscore(stddev(close, 20), 20) + zscore(high, 20) - zscore(low, 20))
[reward_only] iter 23/50 [OK ] reward=-67.9139  cs_rank(zscore(close, 20) + zscore(vwap, 20) - zscore(low, 20))
[reward_only] iter 24/50 [OK ] reward=-73.8492  cs_rank(-1 * zscore(volume, 20) + zscore(close, 20) + zscore(vwap, 20) + zscore(stddev(close, 20), 20) + zscore(high, 20) - zscore(low, 20) + zscore(high - low, 20))
[reward_only] iter 25/50 [OK ] reward=-59.1964  cs_rank(-1 * zscore(volume, 20) + zscore(close, 20) + zscore(vwap, 20) + zscore(stddev(close, 20), 20) + zscore(high, 20) - zscore(low, 20))
[reward_only] iter 26/50 [OK ] reward=-60.0371  cs_rank(-1 * zscore(volume, 20) + zscore(close, 20) + zscore(vwap, 20) + zscore(stddev(close, 20), 20))
[reward_only] iter 27/50 [OK ] reward=-60.0371  cs_rank(-1 * zscore(volume, 20) + zscore(close, 20) + zscore(vwap, 20) + zscore(stddev(close, 20), 20))
[reward_only] iter 28/50 [OK ] reward=-60.0371  cs_rank(-1 * zscore(volume, 20) + zscore(close, 20) + zscore(vwap, 20) + zscore(stddev(close, 20), 20))
[reward_only] iter 29/50 [OK ] reward=-60.0371  cs_rank(-1 * zscore(volume, 20) + zscore(close, 20) + zscore(vwap, 20) + zscore(stddev(close, 20), 20))
[reward_only] iter 30/50 [OK ] reward=-59.1964  cs_rank(-1 * zscore(volume, 20) + zscore(close, 20) + zscore(vwap, 20) + zscore(stddev(close, 20), 20) + zscore(high, 20) - zscore(low, 20))
[reward_only] iter 31/50 [OK ] reward=-66.7343  cs_rank(-1 * zscore(volume, 20) + zscore(close, 20) + zscore(vwap, 20) + zscore(high, 20) - zscore(low, 20))
[reward_only] iter 32/50 [OK ] reward=-60.0371  cs_rank(-1 * zscore(volume, 20) + zscore(close, 20) + zscore(vwap, 20) + zscore(stddev(close, 20), 20))
[reward_only] iter 33/50 [OK ] reward=-60.0371  cs_rank(-1 * zscore(volume, 20) + zscore(close, 20) + zscore(vwap, 20) + zscore(stddev(close, 20), 20))
[reward_only] iter 34/50 [OK ] reward=-52.8160  cs_rank(zscore(close, 20) + zscore(vwap, 20) + zscore(stddev(close, 20), 20) - zscore(low, 20))
[reward_only] iter 35/50 [OK ] reward=-67.9139  cs_rank(zscore(close, 20) + zscore(vwap, 20) - zscore(low, 20))
[reward_only] iter 36/50 [OK ] reward=-140.1245  cs_rank(zscore(close, 20) - zscore(low, 20) + zscore(volume, 20))
[reward_only] iter 37/50 [OK ] reward=-103.5624  cs_rank(zscore(close, 20) - zscore(low, 20) + zscore(volume, 20) - zscore(open, 20))
[reward_only] iter 38/50 [OK ] reward=-99.1447  cs_rank(zscore(close, 20) - zscore(low, 20) + zscore(volume, 20) + zscore(high, 20))
[reward_only] iter 39/50 [OK ] reward=-77.3663  cs_rank(zscore(close, 20) - zscore(low, 20) + zscore(volume, 20) + zscore(high, 20) + zscore(stddev(close, 20), 20))
[reward_only] iter 40/50 [OK ] reward=-52.8160  cs_rank(zscore(close, 20) + zscore(vwap, 20) + zscore(stddev(close, 20), 20) - zscore(low, 20))
[reward_only] iter 41/50 [OK ] reward=-49.0103  cs_rank(zscore(close, 20) + zscore(vwap, 20) + zscore(stddev(close, 20), 20))
[reward_only] iter 42/50 [OK ] reward=-61.6395  cs_rank(zscore(close, 20) + zscore(vwap, 20) + zscore(stddev(close, 20), 20) + zscore(volume, 20))
[reward_only] iter 43/50 [OK ] reward=-49.0103  cs_rank(zscore(close, 20) + zscore(vwap, 20) + zscore(stddev(close, 20), 20))
[reward_only] iter 44/50 [OK ] reward=-61.6395  cs_rank(zscore(close, 20) + zscore(vwap, 20) + zscore(stddev(close, 20), 20) + zscore(volume, 20))
[reward_only] iter 45/50 [OK ] reward=-49.0103  cs_rank(zscore(close, 20) + zscore(vwap, 20) + zscore(stddev(close, 20), 20))
[reward_only] iter 46/50 [OK ] reward=-61.6395  cs_rank(zscore(close, 20) + zscore(vwap, 20) + zscore(stddev(close, 20), 20) + zscore(volume, 20))
[reward_only] iter 47/50 [OK ] reward=-49.0103  cs_rank(zscore(close, 20) + zscore(vwap, 20) + zscore(stddev(close, 20), 20))
[reward_only] iter 48/50 [OK ] reward=-61.6395  cs_rank(zscore(close, 20) + zscore(vwap, 20) + zscore(stddev(close, 20), 20) + zscore(volume, 20))
[reward_only] iter 49/50 [OK ] reward=-49.0103  cs_rank(zscore(close, 20) + zscore(vwap, 20) + zscore(stddev(close, 20), 20))
[reward_only] iter 50/50 [OK ] reward=-61.6395  cs_rank(zscore(close, 20) + zscore(vwap, 20) + zscore(stddev(close, 20), 20) + zscore(volume, 20))
[wfo:reward_only] fold 16 winner: cs_rank(zscore(close, 20) + zscore(vwap, 20) + zscore(stddev(close, 20), 20))
[wfo:reward_only] fold 16 OOS: Gross_IR=0.110 Turnover=95.59 Net_IR=-3.090
[wfo:reward_only] fold 17: train 2018-01-01..2022-12-31 -> test 2023-01-01..2023-12-31
[reward_only] iter  0/50 [SEED] reward=-130.4273  rank(-1 * zscore(volume, 20))
[reward_only] iter  1/50 [ERR] reward=    -inf  cs_rank(-1 * zscore(volume, 20) + decay_linear(cs_rank((high - low) / close), 20))
[reward_only] iter  2/50 [OK ] reward=-124.6187  rank(-1 * zscore(volume, 20) + decay_linear(cs_rank((high - low) / (close + 1e-5)), 20))
[reward_only] iter  3/50 [OK ] reward=-124.6187  rank(-1 * zscore(volume, 20) + decay_linear(cs_rank((high - low) / (close + 1e-5)), 20))
[reward_only] iter  4/50 [OK ] reward=-126.5520  rank(-1 * zscore(volume, 20) + cs_rank((high - low) / (close + 1e-5)))
[reward_only] iter  5/50 [OK ] reward=-126.5520  rank(-1 * zscore(volume, 20) + cs_rank((high - low) / (close + 1e-5)))
[reward_only] iter  6/50 [OK ] reward=-126.5520  rank(-1 * zscore(volume, 20) + cs_rank((high - low) / (close + 1e-5)))
[reward_only] iter  7/50 [OK ] reward=-126.5520  rank(-1 * zscore(volume, 20) + cs_rank((high - low) / (close + 1e-5)))
[reward_only] iter  8/50 [OK ] reward=-126.5520  rank(-1 * zscore(volume, 20) + cs_rank((high - low) / (close + 1e-5)))
[reward_only] iter  9/50 [OK ] reward=-126.5520  rank(-1 * zscore(volume, 20) + cs_rank((high - low) / (close + 1e-5)))
[reward_only] iter 10/50 [OK ] reward=-117.4511  rank(-1 * zscore(volume, 20) + decay_linear(cs_rank((high - low) / (close + 1e-5)), 20) + ts_rank(vwap, 20))
[reward_only] iter 11/50 [OK ] reward=-124.6187  rank(-1 * zscore(volume, 20) + decay_linear(cs_rank((high - low) / (close + 1e-5)), 20))
[reward_only] iter 12/50 [OK ] reward=-124.6187  rank(-1 * zscore(volume, 20) + decay_linear(cs_rank((high - low) / (close + 1e-5)), 20))
[reward_only] iter 13/50 [OK ] reward=-124.6187  rank(-1 * zscore(volume, 20) + decay_linear(cs_rank((high - low) / (close + 1e-5)), 20))
[reward_only] iter 14/50 [OK ] reward=-124.6187  rank(-1 * zscore(volume, 20) + decay_linear(cs_rank((high - low) / (close + 1e-5)), 20))
[reward_only] iter 15/50 [OK ] reward=-124.6187  rank(-1 * zscore(volume, 20) + decay_linear(cs_rank((high - low) / (close + 1e-5)), 20))
[reward_only] iter 16/50 [OK ] reward=-117.4511  rank(-1 * zscore(volume, 20) + decay_linear(cs_rank((high - low) / (close + 1e-5)), 20) + ts_rank(vwap, 20))
[reward_only] iter 17/50 [OK ] reward=-117.4511  rank(-1 * zscore(volume, 20) + decay_linear(cs_rank((high - low) / (close + 1e-5)), 20) + ts_rank(vwap, 20))
[reward_only] iter 18/50 [OK ] reward=-124.6187  rank(-1 * zscore(volume, 20) + decay_linear(cs_rank((high - low) / (close + 1e-5)), 20))
[reward_only] iter 19/50 [OK ] reward=-124.6187  rank(-1 * zscore(volume, 20) + decay_linear(cs_rank((high - low) / (close + 1e-5)), 20))
[reward_only] iter 20/50 [OK ] reward=-124.6187  rank(-1 * zscore(volume, 20) + decay_linear(cs_rank((high - low) / (close + 1e-5)), 20))
[reward_only] iter 21/50 [OK ] reward=-124.6187  rank(-1 * zscore(volume, 20) + decay_linear(cs_rank((high - low) / (close + 1e-5)), 20))
[reward_only] iter 22/50 [OK ] reward=-124.6187  rank(-1 * zscore(volume, 20) + decay_linear(cs_rank((high - low) / (close + 1e-5)), 20))
[reward_only] iter 23/50 [OK ] reward=-124.6187  rank(-1 * zscore(volume, 20) + decay_linear(cs_rank((high - low) / (close + 1e-5)), 20))
[reward_only] iter 24/50 [OK ] reward=-124.6187  rank(-1 * zscore(volume, 20) + decay_linear(cs_rank((high - low) / (close + 1e-5)), 20))
[reward_only] iter 25/50 [OK ] reward=-124.6187  rank(-1 * zscore(volume, 20) + decay_linear(cs_rank((high - low) / (close + 1e-5)), 20))
[reward_only] iter 26/50 [OK ] reward=-124.6187  rank(-1 * zscore(volume, 20) + decay_linear(cs_rank((high - low) / (close + 1e-5)), 20))
[reward_only] iter 27/50 [OK ] reward=-124.6187  rank(-1 * zscore(volume, 20) + decay_linear(cs_rank((high - low) / (close + 1e-5)), 20))
[reward_only] iter 28/50 [OK ] reward=-124.6187  rank(-1 * zscore(volume, 20) + decay_linear(cs_rank((high - low) / (close + 1e-5)), 20))
[reward_only] iter 29/50 [OK ] reward=-124.6187  rank(-1 * zscore(volume, 20) + decay_linear(cs_rank((high - low) / (close + 1e-5)), 20))
[reward_only] iter 30/50 [OK ] reward=-118.7620  rank(-1 * zscore(volume, 20) + cs_rank((high - low) / (close + 1e-5)) + ts_rank(vwap, 20))
[reward_only] iter 31/50 [OK ] reward=-124.6187  rank(-1 * zscore(volume, 20) + decay_linear(cs_rank((high - low) / (close + 1e-5)), 20))
[reward_only] iter 32/50 [OK ] reward=-124.6187  rank(-1 * zscore(volume, 20) + decay_linear(cs_rank((high - low) / (close + 1e-5)), 20))
[reward_only] iter 33/50 [OK ] reward=-124.6187  rank(-1 * zscore(volume, 20) + decay_linear(cs_rank((high - low) / (close + 1e-5)), 20))
[reward_only] iter 34/50 [OK ] reward=-124.6187  rank(-1 * zscore(volume, 20) + decay_linear(cs_rank((high - low) / (close + 1e-5)), 20))
[reward_only] iter 35/50 [OK ] reward=-124.6187  rank(-1 * zscore(volume, 20) + decay_linear(cs_rank((high - low) / (close + 1e-5)), 20))
[reward_only] iter 36/50 [OK ] reward=-124.6187  rank(-1 * zscore(volume, 20) + decay_linear(cs_rank((high - low) / (close + 1e-5)), 20))
[reward_only] iter 37/50 [OK ] reward=-124.6187  rank(-1 * zscore(volume, 20) + decay_linear(cs_rank((high - low) / (close + 1e-5)), 20))
[reward_only] iter 38/50 [OK ] reward=-124.6187  rank(-1 * zscore(volume, 20) + decay_linear(cs_rank((high - low) / (close + 1e-5)), 20))
[reward_only] iter 39/50 [OK ] reward=-124.6187  rank(-1 * zscore(volume, 20) + decay_linear(cs_rank((high - low) / (close + 1e-5)), 20))
[reward_only] iter 40/50 [OK ] reward=-124.6187  rank(-1 * zscore(volume, 20) + decay_linear(cs_rank((high - low) / (close + 1e-5)), 20))
[reward_only] iter 41/50 [OK ] reward=-124.6187  rank(-1 * zscore(volume, 20) + decay_linear(cs_rank((high - low) / (close + 1e-5)), 20))
[reward_only] iter 42/50 [OK ] reward=-124.6187  rank(-1 * zscore(volume, 20) + decay_linear(cs_rank((high - low) / (close + 1e-5)), 20))
[reward_only] iter 43/50 [OK ] reward=-124.6187  rank(-1 * zscore(volume, 20) + decay_linear(cs_rank((high - low) / (close + 1e-5)), 20))
[reward_only] iter 44/50 [OK ] reward=-124.6187  rank(-1 * zscore(volume, 20) + decay_linear(cs_rank((high - low) / (close + 1e-5)), 20))
[reward_only] iter 45/50 [OK ] reward=-124.6187  rank(-1 * zscore(volume, 20) + decay_linear(cs_rank((high - low) / (close + 1e-5)), 20))
[reward_only] iter 46/50 [OK ] reward=-124.6187  rank(-1 * zscore(volume, 20) + decay_linear(cs_rank((high - low) / (close + 1e-5)), 20))
[reward_only] iter 47/50 [OK ] reward=-124.6187  rank(-1 * zscore(volume, 20) + decay_linear(cs_rank((high - low) / (close + 1e-5)), 20))
[reward_only] iter 48/50 [OK ] reward=-118.7620  rank(-1 * zscore(volume, 20) + cs_rank((high - low) / (close + 1e-5)) + ts_rank(vwap, 20))
[reward_only] iter 49/50 [OK ] reward=-117.4511  rank(-1 * zscore(volume, 20) + decay_linear(cs_rank((high - low) / (close + 1e-5)), 20) + ts_rank(vwap, 20))
[reward_only] iter 50/50 [OK ] reward=-124.6187  rank(-1 * zscore(volume, 20) + decay_linear(cs_rank((high - low) / (close + 1e-5)), 20))
[wfo:reward_only] fold 17 winner: rank(-1 * zscore(volume, 20) + decay_linear(cs_rank((high - low) / (close + 1e-5)), 20) + ts_rank(vwap, 20))
[wfo:reward_only] fold 17 OOS: Gross_IR=0.329 Turnover=212.55 Net_IR=-11.238
[wfo:reward_only] fold 18: train 2019-01-01..2023-12-31 -> test 2024-01-01..2024-12-31
[reward_only] iter  0/50 [SEED] reward=-130.7568  rank(-1 * zscore(volume, 20))
[reward_only] iter  1/50 [OK ] reward=-159.1997  cs_rank(-1 * (zscore(volume, 20) + zscore(close - open, 20)))
[reward_only] iter  2/50 [OK ] reward=-158.8332  cs_rank(-1 * (zscore(volume, 20) + zscore(close - open, 20) + zscore(abs(close - open), 20)))
[reward_only] iter  3/50 [OK ] reward=-159.1997  cs_rank(-1 * (zscore(volume, 20) + zscore(close - open, 20)))
[reward_only] iter  4/50 [OK ] reward=-130.5283  cs_rank(-1 * (zscore(volume, 20) + zscore(close - open, 20) + zscore(close, 20)))
[reward_only] iter  5/50 [OK ] reward=-159.1997  cs_rank(-1 * (zscore(volume, 20) + zscore(close - open, 20)))
[reward_only] iter  6/50 [OK ] reward=-158.3860  cs_rank(-1 * (zscore(volume, 20) + zscore(close - open, 20) + zscore(close, 20) * zscore(high - low, 20)))
[reward_only] iter  7/50 [OK ] reward=-130.5283  cs_rank(-1 * (zscore(volume, 20) + zscore(close - open, 20) + zscore(close, 20)))
[reward_only] iter  8/50 [OK ] reward=-159.1997  cs_rank(-1 * (zscore(volume, 20) + zscore(close - open, 20)))
[reward_only] iter  9/50 [ERR] reward=    -inf  cs_rank(-1 * (zscore(volume, 20) + zscore(close - open, 20) + zscore(close, 20) + zscore(abs(close - open) / close, 20)))
[reward_only] iter 10/50 [OK ] reward=-136.0370  cs_rank(-1 * (zscore(volume, 20) + zscore(close - open, 20) + zscore(close, 20) + zscore(abs(close - open) / (close + 1e-5), 20)))
[reward_only] iter 11/50 [OK ] reward=-130.5283  cs_rank(-1 * (zscore(volume, 20) + zscore(close - open, 20) + zscore(close, 20)))
[reward_only] iter 12/50 [OK ] reward=-159.1997  cs_rank(-1 * (zscore(volume, 20) + zscore(close - open, 20)))
[reward_only] iter 13/50 [OK ] reward=-155.1873  cs_rank(-1 * (zscore(volume, 20) + zscore(close - open, 20) + zscore(high - low, 20)))
[reward_only] iter 14/50 [OK ] reward=-130.5283  cs_rank(-1 * (zscore(volume, 20) + zscore(close - open, 20) + zscore(close, 20)))
[reward_only] iter 15/50 [OK ] reward=-159.1997  cs_rank(-1 * (zscore(volume, 20) + zscore(close - open, 20)))
[reward_only] iter 16/50 [ERR] reward=    -inf  cs_rank(-1 * (zscore(volume, 20) + zscore(close - open, 20) + zscore(close, 20) + zscore(close / open - 1, 20)))
[reward_only] iter 17/50 [OK ] reward=-155.5553  cs_rank(-1 * (zscore(volume, 20) + zscore(close - open, 20) + zscore(close, 20) + zscore((close / (open + 1e-5)) - 1, 20)))
[reward_only] iter 18/50 [OK ] reward=-121.3664  cs_rank(-1 * (zscore(volume, 20) + zscore(close - open, 20) + zscore(close, 20) + ts_rank(close, 20)))
[reward_only] iter 19/50 [OK ] reward=-158.4479  cs_rank(-1 * (zscore(volume, 20) + zscore(close - open, 20) + ts_rank(close, 20)))
[reward_only] iter 20/50 [OK ] reward=-158.4479  cs_rank(-1 * (zscore(volume, 20) + zscore(close - open, 20) + ts_rank(close, 20)))
[reward_only] iter 21/50 [OK ] reward=-158.4479  cs_rank(-1 * (zscore(volume, 20) + zscore(close - open, 20) + ts_rank(close, 20)))
[reward_only] iter 22/50 [OK ] reward=-158.4479  cs_rank(-1 * (zscore(volume, 20) + zscore(close - open, 20) + ts_rank(close, 20)))
[reward_only] iter 23/50 [OK ] reward=-158.4479  cs_rank(-1 * (zscore(volume, 20) + zscore(close - open, 20) + ts_rank(close, 20)))
[reward_only] iter 24/50 [OK ] reward=-158.4479  cs_rank(-1 * (zscore(volume, 20) + zscore(close - open, 20) + ts_rank(close, 20)))
[reward_only] iter 25/50 [OK ] reward=-158.4479  cs_rank(-1 * (zscore(volume, 20) + zscore(close - open, 20) + ts_rank(close, 20)))
[reward_only] iter 26/50 [OK ] reward=-158.4479  cs_rank(-1 * (zscore(volume, 20) + zscore(close - open, 20) + ts_rank(close, 20)))
[reward_only] iter 27/50 [OK ] reward=-158.4479  cs_rank(-1 * (zscore(volume, 20) + zscore(close - open, 20) + ts_rank(close, 20)))
[reward_only] iter 28/50 [OK ] reward=-125.7211  cs_rank(-1 * (zscore(volume, 20) + ts_rank(close, 20)))
[reward_only] iter 29/50 [OK ] reward= -4.7087  cs_rank(-1 * (zscore(volume, 20) + zscore(close - open, 20) + zscore(close, 20) + ts_rank(close, 20) + decay_linear(close, 20)))
[reward_only] iter 30/50 [OK ] reward=-121.3664  cs_rank(-1 * (zscore(volume, 20) + zscore(close - open, 20) + zscore(close, 20) + ts_rank(close, 20)))
[reward_only] iter 31/50 [OK ] reward=-121.3664  cs_rank(-1 * (zscore(volume, 20) + zscore(close - open, 20) + zscore(close, 20) + ts_rank(close, 20)))
[reward_only] iter 32/50 [OK ] reward=-158.4479  cs_rank(-1 * (zscore(volume, 20) + zscore(close - open, 20) + ts_rank(close, 20)))
[reward_only] iter 33/50 [OK ] reward=-121.3664  cs_rank(-1 * (zscore(volume, 20) + zscore(close - open, 20) + zscore(close, 20) + ts_rank(close, 20)))
[reward_only] iter 34/50 [OK ] reward=-158.4479  cs_rank(-1 * (zscore(volume, 20) + zscore(close - open, 20) + ts_rank(close, 20)))
[reward_only] iter 35/50 [OK ] reward=-121.3664  cs_rank(-1 * (zscore(volume, 20) + zscore(close - open, 20) + zscore(close, 20) + ts_rank(close, 20)))
[reward_only] iter 36/50 [OK ] reward=-121.3664  cs_rank(-1 * (zscore(volume, 20) + zscore(close - open, 20) + zscore(close, 20) + ts_rank(close, 20)))
[reward_only] iter 37/50 [OK ] reward=-121.3664  cs_rank(-1 * (zscore(volume, 20) + zscore(close - open, 20) + zscore(close, 20) + ts_rank(close, 20)))
[reward_only] iter 38/50 [OK ] reward=-121.3664  cs_rank(-1 * (zscore(volume, 20) + zscore(close - open, 20) + zscore(close, 20) + ts_rank(close, 20)))
[reward_only] iter 39/50 [OK ] reward=-121.3664  cs_rank(-1 * (zscore(volume, 20) + zscore(close - open, 20) + zscore(close, 20) + ts_rank(close, 20)))
[reward_only] iter 40/50 [OK ] reward=-121.3664  cs_rank(-1 * (zscore(volume, 20) + zscore(close - open, 20) + zscore(close, 20) + ts_rank(close, 20)))
[reward_only] iter 41/50 [OK ] reward=-121.3664  cs_rank(-1 * (zscore(volume, 20) + zscore(close - open, 20) + zscore(close, 20) + ts_rank(close, 20)))
[reward_only] iter 42/50 [OK ] reward=-121.3664  cs_rank(-1 * (zscore(volume, 20) + zscore(close - open, 20) + zscore(close, 20) + ts_rank(close, 20)))
[reward_only] iter 43/50 [OK ] reward=-86.1382  cs_rank(-1 * (zscore(volume, 20) + zscore(close, 20) + ts_rank(close, 20)))
[reward_only] iter 44/50 [OK ] reward= -4.8470  cs_rank(-1 * (zscore(volume, 20) + zscore(close - open, 20) + zscore(close, 20) + ts_rank(close, 20) + decay_linear(close, 20) + cs_rank(stddev(close, 20))))
[reward_only] iter 45/50 [OK ] reward= -4.7087  cs_rank(-1 * (zscore(volume, 20) + zscore(close - open, 20) + zscore(close, 20) + ts_rank(close, 20) + decay_linear(close, 20)))
[reward_only] iter 46/50 [OK ] reward=-121.3664  cs_rank(-1 * (zscore(volume, 20) + zscore(close - open, 20) + zscore(close, 20) + ts_rank(close, 20)))
[reward_only] iter 47/50 [OK ] reward=-121.3664  cs_rank(-1 * (zscore(volume, 20) + zscore(close - open, 20) + zscore(close, 20) + ts_rank(close, 20)))
[reward_only] iter 48/50 [OK ] reward=-121.3664  cs_rank(-1 * (zscore(volume, 20) + zscore(close - open, 20) + zscore(close, 20) + ts_rank(close, 20)))
[reward_only] iter 49/50 [OK ] reward=-121.3664  cs_rank(-1 * (zscore(volume, 20) + zscore(close - open, 20) + zscore(close, 20) + ts_rank(close, 20)))
[reward_only] iter 50/50 [OK ] reward=-158.4479  cs_rank(-1 * (zscore(volume, 20) + zscore(close - open, 20) + ts_rank(close, 20)))
[wfo:reward_only] fold 18 winner: cs_rank(-1 * (zscore(volume, 20) + zscore(close - open, 20) + zscore(close, 20) + ts_rank(close, 20) + decay_linear(close, 20)))
[wfo:reward_only] fold 18 OOS: Gross_IR=0.634 Turnover=7.68 Net_IR=0.236
[wfo:reward_only] fold 19: train 2020-01-01..2024-12-31 -> test 2025-01-01..2025-12-31
[reward_only] iter  0/50 [SEED] reward=-130.6162  rank(-1 * zscore(volume, 20))
[reward_only] iter  1/50 [OK ] reward=-125.9598  cs_rank(-1 * zscore(volume, 20) + decay_linear(ts_rank(close, 20), 50))
[reward_only] iter  2/50 [OK ] reward=-130.3852  cs_rank(-1 * zscore(volume, 20) + decay_linear(ts_rank(close - open, 20), 50))
[reward_only] iter  3/50 [OK ] reward=-118.2405  cs_rank(-1 * zscore(volume, 20) + decay_linear(ts_rank(close - open, 20), 50) + cs_rank(stddev(close, 20)))
[reward_only] iter  4/50 [OK ] reward=-130.3852  cs_rank(-1 * zscore(volume, 20) + decay_linear(ts_rank(close - open, 20), 50))
[reward_only] iter  5/50 [OK ] reward=-94.2495  cs_rank(-1 * zscore(volume, 20) + decay_linear(ts_rank(close - open, 20), 50) + cs_rank(stddev(close, 20))) + cs_rank(volume / (volume + 1e-5))
[reward_only] iter  6/50 [OK ] reward=-98.2897  cs_rank(-1 * zscore(volume, 20) + decay_linear(ts_rank(close - open, 20), 50)) + cs_rank(stddev(close, 20))
[reward_only] iter  7/50 [OK ] reward=-130.3852  cs_rank(-1 * zscore(volume, 20) + decay_linear(ts_rank(close - open, 20), 50))
[reward_only] iter  8/50 [OK ] reward=-148.0172  cs_rank(-1 * zscore(volume, 20) + decay_linear(ts_rank(close - open, 20), 50) + cs_rank(stddev(close, 20))) + cs_rank(volume / (volume + 1e-5)) + cs_rank(vwap - close)
[reward_only] iter  9/50 [OK ] reward=-94.2495  cs_rank(-1 * zscore(volume, 20) + decay_linear(ts_rank(close - open, 20), 50) + cs_rank(stddev(close, 20))) + cs_rank(volume / (volume + 1e-5))
[reward_only] iter 10/50 [OK ] reward=-118.2405  cs_rank(-1 * zscore(volume, 20) + decay_linear(ts_rank(close - open, 20), 50) + cs_rank(stddev(close, 20)))
[reward_only] iter 11/50 [OK ] reward=-130.3852  cs_rank(-1 * zscore(volume, 20) + decay_linear(ts_rank(close - open, 20), 50))
[reward_only] iter 12/50 [OK ] reward=-95.4110  cs_rank(-1 * zscore(volume, 20) + decay_linear(ts_rank(close - open, 20), 50) + cs_rank(stddev(close, 20))) + cs_rank(volume / (volume + 1e-5)) + cs_rank((high - low) / (high + low + 1e-5))
[reward_only] iter 13/50 [OK ] reward=-118.2405  cs_rank(-1 * zscore(volume, 20) + decay_linear(ts_rank(close - open, 20), 50) + cs_rank(stddev(close, 20)))
[reward_only] iter 14/50 [OK ] reward=-130.3852  cs_rank(-1 * zscore(volume, 20) + decay_linear(ts_rank(close - open, 20), 50))
[reward_only] iter 15/50 [OK ] reward=-118.4268  cs_rank(-1 * zscore(volume, 20) + decay_linear(ts_rank(close - open, 20), 50) + cs_rank(stddev(close, 20)) + cs_rank(volume / (volume + 1e-5)))
[reward_only] iter 16/50 [OK ] reward=-118.2405  cs_rank(-1 * zscore(volume, 20) + decay_linear(ts_rank(close - open, 20), 50) + cs_rank(stddev(close, 20)))
[reward_only] iter 17/50 [OK ] reward=-130.3852  cs_rank(-1 * zscore(volume, 20) + decay_linear(ts_rank(close - open, 20), 50))
[reward_only] iter 18/50 [ERR] reward=    -inf  cs_rank(-1 * zscore(volume, 20) + decay_linear(ts_rank(close - open, 20), 50) + cs_rank(stddev(close, 20))) + cs_rank(volume / (volume + 1e-5)) + cs_rank(close / (high + low + close))
[reward_only] iter 19/50 [OK ] reward=-84.8264  cs_rank(-1 * zscore(volume, 20) + decay_linear(ts_rank(close - open, 20), 50) + cs_rank(stddev(close, 20))) + cs_rank(volume / (volume + 1e-5)) + cs_rank(vwap / (high + low + close + 1e-5))
[reward_only] iter 20/50 [OK ] reward=-94.2495  cs_rank(-1 * zscore(volume, 20) + decay_linear(ts_rank(close - open, 20), 50) + cs_rank(stddev(close, 20))) + cs_rank(volume / (volume + 1e-5))
[reward_only] iter 21/50 [OK ] reward=-94.2495  cs_rank(-1 * zscore(volume, 20) + decay_linear(ts_rank(close - open, 20), 50) + cs_rank(stddev(close, 20))) + cs_rank(volume / (volume + 1e-5))
[reward_only] iter 22/50 [OK ] reward=-118.2405  cs_rank(-1 * zscore(volume, 20) + decay_linear(ts_rank(close - open, 20), 50) + cs_rank(stddev(close, 20)))
[reward_only] iter 23/50 [OK ] reward=-94.2495  cs_rank(-1 * zscore(volume, 20) + decay_linear(ts_rank(close - open, 20), 50) + cs_rank(stddev(close, 20))) + cs_rank(volume / (volume + 1e-5))
[reward_only] iter 24/50 [OK ] reward=-94.2495  cs_rank(-1 * zscore(volume, 20) + decay_linear(ts_rank(close - open, 20), 50) + cs_rank(stddev(close, 20))) + cs_rank(volume / (volume + 1e-5))
[reward_only] iter 25/50 [OK ] reward=-118.2405  cs_rank(-1 * zscore(volume, 20) + decay_linear(ts_rank(close - open, 20), 50) + cs_rank(stddev(close, 20)))
[reward_only] iter 26/50 [OK ] reward=-98.2897  cs_rank(-1 * zscore(volume, 20) + decay_linear(ts_rank(close - open, 20), 50)) + cs_rank(stddev(close, 20))
[reward_only] iter 27/50 [OK ] reward=-98.2897  cs_rank(-1 * zscore(volume, 20) + decay_linear(ts_rank(close - open, 20), 50)) + cs_rank(stddev(close, 20))
[reward_only] iter 28/50 [OK ] reward=-94.2495  cs_rank(-1 * zscore(volume, 20) + decay_linear(ts_rank(close - open, 20), 50) + cs_rank(stddev(close, 20))) + cs_rank(volume / (volume + 1e-5))
[reward_only] iter 29/50 [OK ] reward=-118.2405  cs_rank(-1 * zscore(volume, 20) + decay_linear(ts_rank(close - open, 20), 50) + cs_rank(stddev(close, 20)))
[reward_only] iter 30/50 [OK ] reward=-94.2495  cs_rank(-1 * zscore(volume, 20) + decay_linear(ts_rank(close - open, 20), 50) + cs_rank(stddev(close, 20))) + cs_rank(volume / (volume + 1e-5))
[reward_only] iter 31/50 [OK ] reward=-94.2495  cs_rank(-1 * zscore(volume, 20) + decay_linear(ts_rank(close - open, 20), 50) + cs_rank(stddev(close, 20))) + cs_rank(volume / (volume + 1e-5))
[reward_only] iter 32/50 [OK ] reward=-118.2405  cs_rank(-1 * zscore(volume, 20) + decay_linear(ts_rank(close - open, 20), 50) + cs_rank(stddev(close, 20)))
[reward_only] iter 33/50 [OK ] reward=-118.2405  cs_rank(-1 * zscore(volume, 20) + decay_linear(ts_rank(close - open, 20), 50) + cs_rank(stddev(close, 20)))
[reward_only] iter 34/50 [OK ] reward=-98.2897  cs_rank(-1 * zscore(volume, 20) + decay_linear(ts_rank(close - open, 20), 50)) + cs_rank(stddev(close, 20))
[reward_only] iter 35/50 [OK ] reward=-130.3852  cs_rank(-1 * zscore(volume, 20) + decay_linear(ts_rank(close - open, 20), 50))
[reward_only] iter 36/50 [OK ] reward=-140.8571  cs_rank(-1 * zscore(volume, 20) + decay_linear(ts_rank(close - open, 20), 50) + cs_rank(stddev(close, 20))) + cs_rank(volume / (volume + 1e-5)) + cs_rank(vwap / (high + low + close + 1e-5)) + cs_rank(close - vwap)
[reward_only] iter 37/50 [OK ] reward=-94.2495  cs_rank(-1 * zscore(volume, 20) + decay_linear(ts_rank(close - open, 20), 50) + cs_rank(stddev(close, 20))) + cs_rank(volume / (volume + 1e-5))
[reward_only] iter 38/50 [OK ] reward=-118.2405  cs_rank(-1 * zscore(volume, 20) + decay_linear(ts_rank(close - open, 20), 50) + cs_rank(stddev(close, 20)))
[reward_only] iter 39/50 [OK ] reward=-94.2495  cs_rank(-1 * zscore(volume, 20) + decay_linear(ts_rank(close - open, 20), 50) + cs_rank(stddev(close, 20))) + cs_rank(volume / (volume + 1e-5))
[reward_only] iter 40/50 [OK ] reward=-94.2495  cs_rank(-1 * zscore(volume, 20) + decay_linear(ts_rank(close - open, 20), 50) + cs_rank(stddev(close, 20))) + cs_rank(volume / (volume + 1e-5))
[reward_only] iter 41/50 [OK ] reward=-94.2495  cs_rank(-1 * zscore(volume, 20) + decay_linear(ts_rank(close - open, 20), 50) + cs_rank(stddev(close, 20))) + cs_rank(volume / (volume + 1e-5))
[reward_only] iter 42/50 [OK ] reward=-118.2405  cs_rank(-1 * zscore(volume, 20) + decay_linear(ts_rank(close - open, 20), 50) + cs_rank(stddev(close, 20)))
[reward_only] iter 43/50 [OK ] reward=-98.2897  cs_rank(-1 * zscore(volume, 20) + decay_linear(ts_rank(close - open, 20), 50)) + cs_rank(stddev(close, 20))
[reward_only] iter 44/50 [OK ] reward=-95.2779  cs_rank(-1 * zscore(volume, 20) + decay_linear(ts_rank(close - open, 20), 50)) + cs_rank(stddev(close, 20)) + cs_rank(volume / (volume + 1e-5))
[reward_only] iter 45/50 [OK ] reward=-94.2495  cs_rank(-1 * zscore(volume, 20) + decay_linear(ts_rank(close - open, 20), 50) + cs_rank(stddev(close, 20))) + cs_rank(volume / (volume + 1e-5))
[reward_only] iter 46/50 [OK ] reward=-118.2405  cs_rank(-1 * zscore(volume, 20) + decay_linear(ts_rank(close - open, 20), 50) + cs_rank(stddev(close, 20)))
[reward_only] iter 47/50 [OK ] reward=-98.2897  cs_rank(-1 * zscore(volume, 20) + decay_linear(ts_rank(close - open, 20), 50)) + cs_rank(stddev(close, 20))
[reward_only] iter 48/50 [OK ] reward=-98.2897  cs_rank(-1 * zscore(volume, 20) + decay_linear(ts_rank(close - open, 20), 50)) + cs_rank(stddev(close, 20))
[reward_only] iter 49/50 [OK ] reward=-95.2779  cs_rank(-1 * zscore(volume, 20) + decay_linear(ts_rank(close - open, 20), 50)) + cs_rank(stddev(close, 20)) + cs_rank(volume / (volume + 1e-5))
[reward_only] iter 50/50 [OK ] reward=-94.2495  cs_rank(-1 * zscore(volume, 20) + decay_linear(ts_rank(close - open, 20), 50) + cs_rank(stddev(close, 20))) + cs_rank(volume / (volume + 1e-5))
[wfo:reward_only] fold 19 winner: cs_rank(-1 * zscore(volume, 20) + decay_linear(ts_rank(close - open, 20), 50) + cs_rank(stddev(close, 20))) + cs_rank(volume / (volume + 1e-5)) + cs_rank(vwap / (high + low + close + 1e-5))
[wfo:reward_only] fold 19 OOS: Gross_IR=-0.135 Turnover=146.59 Net_IR=-5.958
[wfo:reward_only] fold 20: train 2021-01-01..2025-12-31 -> test 2026-01-01..2026-08-13
[reward_only] iter  0/50 [SEED] reward=-130.8655  rank(-1 * zscore(volume, 20))
[reward_only] iter  1/50 [OK ] reward=-172.1527  cs_rank(close - open)
[reward_only] iter  2/50 [OK ] reward=-141.0267  rank(-1 * zscore(volume, 20) + cs_rank(close - open))
[reward_only] iter  3/50 [OK ] reward=-55.0303  rank(-1 * zscore(close, 20) + cs_rank(volume - open))
[reward_only] iter  4/50 [OK ] reward=-167.9821  rank(-1 * zscore(vwap - open, 20) + cs_rank(volume - open))
[reward_only] iter  5/50 [OK ] reward=-54.2648  rank(-1 * zscore(close, 20) + cs_rank(volume / (open + 1e-5)))
[reward_only] iter  6/50 [ERR] reward=    -inf  cs_rank(close / vwap)
[reward_only] iter  7/50 [OK ] reward=-65.9094  rank(-1 * zscore(close, 20) + cs_rank(volume / (open + 1e-5)) + ts_rank(high - low, 20))
[reward_only] iter  8/50 [OK ] reward=-54.2648  rank(-1 * zscore(close, 20) + cs_rank(volume / (open + 1e-5)))
[reward_only] iter  9/50 [OK ] reward=-49.0654  rank(-1 * cs_rank(ts_rank(close, 20)) + cs_rank(volume / (open + 1e-5)))
[reward_only] iter 10/50 [OK ] reward=-49.0654  rank(-1 * cs_rank(ts_rank(close, 20)) + cs_rank(volume / (open + 1e-5)))
[reward_only] iter 11/50 [OK ] reward=-49.0654  rank(-1 * cs_rank(ts_rank(close, 20)) + cs_rank(volume / (open + 1e-5)))
[reward_only] iter 12/50 [OK ] reward=-49.0654  rank(-1 * cs_rank(ts_rank(close, 20)) + cs_rank(volume / (open + 1e-5)))
[reward_only] iter 13/50 [OK ] reward=-49.0654  rank(-1 * cs_rank(ts_rank(close, 20)) + cs_rank(volume / (open + 1e-5)))
[reward_only] iter 14/50 [OK ] reward=-49.0654  rank(-1 * cs_rank(ts_rank(close, 20)) + cs_rank(volume / (open + 1e-5)))
[reward_only] iter 15/50 [OK ] reward=-49.0654  rank(-1 * cs_rank(ts_rank(close, 20)) + cs_rank(volume / (open + 1e-5)))
[reward_only] iter 16/50 [OK ] reward=-49.0654  rank(-1 * cs_rank(ts_rank(close, 20)) + cs_rank(volume / (open + 1e-5)))
[reward_only] iter 17/50 [OK ] reward=-49.0654  rank(-1 * cs_rank(ts_rank(close, 20)) + cs_rank(volume / (open + 1e-5)))
[reward_only] iter 18/50 [OK ] reward=-49.0654  rank(-1 * cs_rank(ts_rank(close, 20)) + cs_rank(volume / (open + 1e-5)))
[reward_only] iter 19/50 [OK ] reward=-49.0654  rank(-1 * cs_rank(ts_rank(close, 20)) + cs_rank(volume / (open + 1e-5)))
[reward_only] iter 20/50 [OK ] reward=-49.0654  rank(-1 * cs_rank(ts_rank(close, 20)) + cs_rank(volume / (open + 1e-5)))
[reward_only] iter 21/50 [OK ] reward=-49.0654  rank(-1 * cs_rank(ts_rank(close, 20)) + cs_rank(volume / (open + 1e-5)))
[reward_only] iter 22/50 [OK ] reward=-49.0654  rank(-1 * cs_rank(ts_rank(close, 20)) + cs_rank(volume / (open + 1e-5)))
[reward_only] iter 23/50 [OK ] reward=-49.0654  rank(-1 * cs_rank(ts_rank(close, 20)) + cs_rank(volume / (open + 1e-5)))
[reward_only] iter 24/50 [OK ] reward=-49.0654  rank(-1 * cs_rank(ts_rank(close, 20)) + cs_rank(volume / (open + 1e-5)))
[reward_only] iter 25/50 [OK ] reward=-49.0654  rank(-1 * cs_rank(ts_rank(close, 20)) + cs_rank(volume / (open + 1e-5)))
[reward_only] iter 26/50 [OK ] reward=-49.0654  rank(-1 * cs_rank(ts_rank(close, 20)) + cs_rank(volume / (open + 1e-5)))
[reward_only] iter 27/50 [OK ] reward=-49.0654  rank(-1 * cs_rank(ts_rank(close, 20)) + cs_rank(volume / (open + 1e-5)))
[reward_only] iter 28/50 [OK ] reward=-49.0654  rank(-1 * cs_rank(ts_rank(close, 20)) + cs_rank(volume / (open + 1e-5)))
[reward_only] iter 29/50 [OK ] reward=-49.0654  rank(-1 * cs_rank(ts_rank(close, 20)) + cs_rank(volume / (open + 1e-5)))
[reward_only] iter 30/50 [OK ] reward=-49.0654  rank(-1 * cs_rank(ts_rank(close, 20)) + cs_rank(volume / (open + 1e-5)))
[reward_only] iter 31/50 [OK ] reward=-49.0654  rank(-1 * cs_rank(ts_rank(close, 20)) + cs_rank(volume / (open + 1e-5)))
[reward_only] iter 32/50 [OK ] reward=-49.0654  rank(-1 * cs_rank(ts_rank(close, 20)) + cs_rank(volume / (open + 1e-5)))
[reward_only] iter 33/50 [OK ] reward=-49.0654  rank(-1 * cs_rank(ts_rank(close, 20)) + cs_rank(volume / (open + 1e-5)))
[reward_only] iter 34/50 [OK ] reward=-49.0654  rank(-1 * cs_rank(ts_rank(close, 20)) + cs_rank(volume / (open + 1e-5)))
[reward_only] iter 35/50 [OK ] reward=-49.0654  rank(-1 * cs_rank(ts_rank(close, 20)) + cs_rank(volume / (open + 1e-5)))
[reward_only] iter 36/50 [OK ] reward=-49.0654  rank(-1 * cs_rank(ts_rank(close, 20)) + cs_rank(volume / (open + 1e-5)))
[reward_only] iter 37/50 [OK ] reward=-49.0654  rank(-1 * cs_rank(ts_rank(close, 20)) + cs_rank(volume / (open + 1e-5)))
[reward_only] iter 38/50 [OK ] reward=-49.0654  rank(-1 * cs_rank(ts_rank(close, 20)) + cs_rank(volume / (open + 1e-5)))
[reward_only] iter 39/50 [OK ] reward=-49.0654  rank(-1 * cs_rank(ts_rank(close, 20)) + cs_rank(volume / (open + 1e-5)))
[reward_only] iter 40/50 [OK ] reward=-49.0654  rank(-1 * cs_rank(ts_rank(close, 20)) + cs_rank(volume / (open + 1e-5)))
[reward_only] iter 41/50 [OK ] reward=-49.0654  rank(-1 * cs_rank(ts_rank(close, 20)) + cs_rank(volume / (open + 1e-5)))
[reward_only] iter 42/50 [OK ] reward=-49.0654  rank(-1 * cs_rank(ts_rank(close, 20)) + cs_rank(volume / (open + 1e-5)))
[reward_only] iter 43/50 [OK ] reward=-49.0654  rank(-1 * cs_rank(ts_rank(close, 20)) + cs_rank(volume / (open + 1e-5)))
[reward_only] iter 44/50 [OK ] reward=-49.0654  rank(-1 * cs_rank(ts_rank(close, 20)) + cs_rank(volume / (open + 1e-5)))
[reward_only] iter 45/50 [OK ] reward=-49.0654  rank(-1 * cs_rank(ts_rank(close, 20)) + cs_rank(volume / (open + 1e-5)))
[reward_only] iter 46/50 [OK ] reward=-49.0654  rank(-1 * cs_rank(ts_rank(close, 20)) + cs_rank(volume / (open + 1e-5)))
[reward_only] iter 47/50 [OK ] reward=-49.0654  rank(-1 * cs_rank(ts_rank(close, 20)) + cs_rank(volume / (open + 1e-5)))
[reward_only] iter 48/50 [OK ] reward=-49.0654  rank(-1 * cs_rank(ts_rank(close, 20)) + cs_rank(volume / (open + 1e-5)))
[reward_only] iter 49/50 [OK ] reward=-49.0654  rank(-1 * cs_rank(ts_rank(close, 20)) + cs_rank(volume / (open + 1e-5)))
[reward_only] iter 50/50 [OK ] reward=-49.0654  rank(-1 * cs_rank(ts_rank(close, 20)) + cs_rank(volume / (open + 1e-5)))
[wfo:reward_only] fold 20 winner: rank(-1 * cs_rank(ts_rank(close, 20)) + cs_rank(volume / (open + 1e-5)))
[wfo:reward_only] fold 20 OOS: Gross_IR=0.853 Turnover=93.75 Net_IR=-1.619
[run_full_grid] checkpointed grid_summary.csv (6 rows)

==============================================================================
FULL GRID COMPLETE
==============================================================================
 N_Folds  Gross_Sharpe  Net_Sharpe_5bps  Net_Sharpe_10bps  Net_Sharpe_20bps  Net_Sharpe_full_cost_model  Avg_Daily_Turnover_pct  Avg_Holding_Period_Days  Max_Drawdown  Cumulative_Return seed_alpha               seed_alpha_code  llm_seed        mode
    21.0        0.3965          -0.6747           -1.7349           -3.7738                     -5.5467                 53.2775                   1.8770       -1.0000            -1.0000   reversal    rank(-1 * delta(close, 1))      1001 Reward-Only
    21.0        0.2083          -0.8037           -1.8109           -3.7800                     -5.1711                 53.2614                   1.8775       -1.0000            -1.0000   reversal    rank(-1 * delta(close, 1))      2002 Reward-Only
    21.0        0.1394          -0.5564           -1.2470           -2.5894                     -3.1887                 31.3574                   3.1890       -0.9996            -0.9996   reversal    rank(-1 * delta(close, 1))      3003 Reward-Only
    21.0       -0.1443          -0.6936           -1.2391           -2.3108                     -3.0898                 24.2394                   4.1255       -0.9995            -0.9995     volume rank(-1 * zscore(volume, 20))      1001 Reward-Only
    21.0       -0.1072          -0.5952           -1.0825           -2.0525                     -2.6458                 29.5205                   3.3875       -0.9998            -0.9998     volume rank(-1 * zscore(volume, 20))      2002 Reward-Only
    21.0        0.4788          -0.2325           -0.9406           -2.3374                     -3.1731                 33.9885                   2.9422       -0.9998            -0.9998     volume rank(-1 * zscore(volume, 20))      3003 Reward-Only
