date,0
2006-01-03,0.01926622432481467
2006-01-04,0.2851460618770588
2006-01-05,0.01835208296044545
2006-01-06,0.02549880730321325
2006-01-09,0.02004362988985361
2006-01-10,0.022432952117005658
2006-01-11,0.020141201571462413
2006-01-12,0.021512587602012197
2006-01-13,0.02163190510564049
2006-01-17,0.021502472548735344
2006-01-18,0.021535620701271494
2006-01-19,0.018443474817400194
2006-01-20,0.024083425350044853
2006-01-23,0.018502804131978252
2006-01-24,0.0181719580244094
2006-01-25,0.022911999267645516
2006-01-26,0.021665653164278854
2006-01-27,0.02275900966296069
2006-01-30,0.023395904733266387
2006-01-31,0.02387295809536672
2006-02-01,0.029910732826979296
2006-02-02,0.022309148710805908
2006-02-03,0.019539408197136204
2006-02-06,0.020036407392541082
2006-02-07,0.02288251190756644
2006-02-08,0.022164741810337767
2006-02-09,0.019565544613587615
2006-02-10,0.0204455344399777
2006-02-13,0.017819420926335747
2006-02-14,0.016103033929862794
2006-02-15,0.01980090660771692
2006-02-16,0.021817370378036174
2006-02-17,0.02002579960682854
2006-02-21,0.015532016944266536
2006-02-22,0.018098167468535376
2006-02-23,0.020554243201592187
2006-02-24,0.018006669285692598
2006-02-27,0.016496488014227977
2006-02-28,0.01869660251789388
2006-03-01,0.01574306770561286
2006-03-02,0.022106492401641198
2006-03-03,0.017374529400363402
2006-03-06,0.01731987889599778
2006-03-07,0.01961161507111636
2006-03-08,0.0218179030831236
2006-03-09,0.016162319897362772
2006-03-10,0.01763336059615462
2006-03-13,0.01652692304224206
2006-03-14,0.017242584588291476
2006-03-15,0.021011429474900714
2006-03-16,0.021306025545956155
2006-03-17,0.02196850328947003
2006-03-20,0.01853819476395832
2006-03-21,0.018437263265501616
2006-03-22,0.017160288463681547
2006-03-23,0.01612611810388964
2006-03-24,0.019753577627031157
2006-03-27,0.018508838061721336
2006-03-28,0.016141170417910883
2006-03-29,0.019965159775640437
2006-03-30,0.020252759583966398
2006-03-31,0.01926411948982753
2006-04-03,0.017159467581804477
2006-04-04,0.03272884423563109
2006-04-05,0.020326138317039534
2006-04-06,0.021922266022813955
2006-04-07,0.024822957051011143
2006-04-10,0.016365862662448806
2006-04-11,0.0201927944574491
2006-04-12,0.018019351657566282
2006-04-13,0.021646675002136177
2006-04-17,0.01934700731888104
2006-04-18,0.01936045483569524
2006-04-19,0.01949594212415425
2006-04-20,0.023098911907079512
2006-04-21,0.03047893402364636
2006-04-24,0.0356207315986529
2006-04-25,0.018967440452835445
2006-04-26,0.022014970867688215
2006-04-27,0.025112305577044573
2006-04-28,0.02573951790244936
2006-05-01,0.025163006140340137
2006-05-02,0.023410768101398582
2006-05-03,0.024156912071720313
2006-05-04,0.023889218490906652
2006-05-05,0.024469018889869194
2006-05-08,0.020943307360237244
2006-05-09,0.02233355955009933
2006-05-10,0.02562863045377803
2006-05-11,0.02308134918831991
2006-05-12,0.020828022954187342
2006-05-15,0.020169659602318264
2006-05-16,0.018125554384719328
2006-05-17,0.020449200702786295
2006-05-18,0.017737216758004395
2006-05-19,0.022362098361992246
2006-05-22,0.019922401407771614
2006-05-23,0.02018166171221615
2006-05-24,0.019655753858885704
2006-05-25,0.01854358456087768
2006-05-26,0.021385584256398735
2006-05-30,0.018137663787786158
2006-05-31,0.01857374296161709
2006-06-01,0.01848667952891077
2006-06-02,0.020299461510981723
2006-06-05,0.01568947519685503
2006-06-06,0.01794363902047142
2006-06-07,0.020046072496158546
2006-06-08,0.02294718762072905
2006-06-09,0.020467615239095592
2006-06-12,0.018546697356790695
2006-06-13,0.02057052737885362
2006-06-14,0.021238686851826796
2006-06-15,0.0207382886205282
2006-06-16,0.027751054610578904
2006-06-19,0.017948038919796606
2006-06-20,0.020120175009640338
2006-06-21,0.015262321716181826
2006-06-22,0.018645735219925443
2006-06-23,0.01810369937126871
2006-06-26,0.023758271624517074
2006-06-27,0.022472740794591377
2006-06-28,0.021072861517607122
2006-06-29,0.021689311004404438
2006-06-30,0.020146873958331896
2006-07-03,0.01914129748339006
2006-07-05,0.019918082546124028
2006-07-06,0.016923253392914842
2006-07-07,0.018947107697502096
2006-07-10,0.020597605838973916
2006-07-11,0.02197644868332406
2006-07-12,0.023898718293009703
2006-07-13,0.021891036872834415
2006-07-14,0.017933724423069033
2006-07-17,0.022542212777573678
2006-07-18,0.020201481596018735
2006-07-19,0.02124271958434388
2006-07-20,0.022627253083630408
2006-07-21,0.03266337235439368
2006-07-24,0.028817509765233736
2006-07-25,0.02191805206326881
2006-07-26,0.026336262003427542
2006-07-27,0.03044467043180325
2006-07-28,0.023667041836475784
2006-07-31,0.023649884662461124
2006-08-01,0.020575081290021127
2006-08-02,0.022761634417729992
2006-08-03,0.023659231333582928
2006-08-04,0.029607098538456687
2006-08-07,0.021180868861004946
2006-08-08,0.019155930120811772
2006-08-09,0.02022986079469069
2006-08-10,0.02305939175720579
2006-08-11,0.035574258746168916
2006-08-14,0.02060064637314648
2006-08-15,0.022626068385974925
2006-08-16,0.0208264386713232
2006-08-17,0.023378311781775907
2006-08-18,0.0218127428787665
2006-08-21,0.0179255709505156
2006-08-22,0.018429945762656413
2006-08-23,0.017045158228820665
2006-08-24,0.01766871976061105
2006-08-25,0.022200537727801183
2006-08-28,0.018910396338269735
2006-08-29,0.02101329967829828
2006-08-30,0.019410524103709373
2006-08-31,0.02162666485266765
2006-09-01,0.018019488389862108
2006-09-05,0.01788690222763905
2006-09-06,0.024650208344201185
2006-09-07,0.02237977474016776
2006-09-08,0.022487790951653597
2006-09-11,0.022806189833520136
2006-09-12,0.024794563143133753
2006-09-13,0.02569087698314465
2006-09-14,0.020715541513402796
2006-09-15,0.02102581575855674
2006-09-18,0.020151573911708784
2006-09-19,0.02274490021932745
2006-09-20,0.020026469300644563
2006-09-21,0.023376112752723232
2006-09-22,0.020490938095293565
2006-09-25,0.02200683469620246
2006-09-26,0.02168328263637763
2006-09-27,0.02253615541655463
2006-09-28,0.01794229435725022
2006-09-29,0.017958902362647702
2006-10-02,0.016394242800575692
2006-10-03,0.018806412148414758
2006-10-04,0.024347711554108586
2006-10-05,0.02080386777570889
2006-10-06,0.0214036803372106
2006-10-09,0.021220625917109007
2006-10-10,0.022271427699311168
2006-10-11,0.02153699775414393
2006-10-12,0.01866846333898011
2006-10-13,0.01755982509826353
2006-10-16,0.017606625729658633
2006-10-17,0.019710464496962326
2006-10-18,0.019439530673356294
2006-10-19,0.02426618531350936
2006-10-20,0.026113840239535828
2006-10-23,0.021744221248820465
2006-10-24,0.01852321484834089
2006-10-25,0.02305962724329428
2006-10-26,0.02623902745045354
2006-10-27,0.022779871242333213
2006-10-30,0.01988038505016749
2006-10-31,0.02057870778569465
2006-11-01,0.019452272555155536
2006-11-02,0.02015747223841461
2006-11-03,0.01952455756957834
2006-11-06,0.019637599187442407
2006-11-07,0.01752723545641722
2006-11-08,0.01974153486859123
2006-11-09,0.023910470360975128
2006-11-10,0.024961138016129307
2006-11-13,0.023628623363048114
2006-11-14,0.020362677244712357
2006-11-15,0.019819032882037735
2006-11-16,0.018350705134061694
2006-11-17,0.021126233260322813
2006-11-20,0.021677838781973918
2006-11-21,0.04145376100578356
2006-11-22,0.02173918749776839
2006-11-24,0.020453524328535574
2006-11-27,0.015335419161080176
2006-11-28,0.01736626614542209
2006-11-29,0.018488800521561564
2006-11-30,0.019429828095999226
2006-12-01,0.04290711482346044
2006-12-04,0.018755610577256415
2006-12-05,0.021440051552506736
2006-12-06,0.019108158780023997
2006-12-07,0.01816008352519511
2006-12-08,0.018885622097882276
2006-12-11,0.01966480824792488
2006-12-12,0.01868428036259928
2006-12-13,0.015668943183091665
2006-12-14,0.01838505694369052
2006-12-15,0.019843606389434006
2006-12-18,0.019787828383663775
2006-12-19,0.02033658443507122
2006-12-20,0.018249686828282315
2006-12-21,0.016554007151171675
2006-12-22,0.017968470861467502
2006-12-26,0.015017616192896004
2006-12-27,0.01699778866960426
2006-12-28,0.014223596905961053
2006-12-29,0.012400016239460913
2007-01-03,0.07763017668053786
2007-01-04,0.1595950668626186
2007-01-05,0.06553932851340748
2007-01-08,0.10584848561386578
2007-01-09,0.0318062303986938
2007-01-10,0.07334020766277127
2007-01-11,0.07733706769747772
2007-01-12,0.04836180594122778
2007-01-16,0.020541334493044208
2007-01-17,0.05384836077106879
2007-01-18,0.015506883002456716
2007-01-19,0.034791797713896615
2007-01-22,0.028767629934116433
2007-01-23,0.07835762801575911
2007-01-24,0.0486790857722298
2007-01-25,0.051726579260132084
2007-01-26,0.07606023397890674
2007-01-29,0.05586755222881013
2007-01-30,0.09044783746720855
2007-01-31,0.10333360068642637
2007-02-01,0.10718976463066092
2007-02-02,0.03464416149561742
2007-02-05,0.04087958724984797
2007-02-06,0.06106103127397705
2007-02-07,0.025846287443146744
2007-02-08,0.060470543578355795
2007-02-09,0.06025653185663086
2007-02-12,0.036149027656611835
2007-02-13,0.07036721436343672
2007-02-14,0.06321195550029554
2007-02-15,0.03568576901651746
2007-02-16,0.03136662057667129
2007-02-20,0.10006327088885826
2007-02-21,0.039359253911394165
2007-02-22,0.02910625382940154
2007-02-23,0.029369520586210382
2007-02-26,0.03172257248967707
2007-02-27,0.03531332453782732
2007-02-28,0.04949519985045576
2007-03-01,0.040974248564703185
2007-03-02,0.11211986572516411
2007-03-05,0.05483976761637412
2007-03-06,0.18613561892602315
2007-03-07,0.1471313039901315
2007-03-08,0.08514855859634227
2007-03-09,0.09241912964679555
2007-03-12,0.021305410181934846
2007-03-13,0.03439281404294388
2007-03-14,0.04698751799781239
2007-03-15,0.0519292250415741
2007-03-16,0.06088080092184238
2007-03-19,0.06756012814013246
2007-03-20,0.11022127363236028
2007-03-21,0.08543409359975596
2007-03-22,0.05217603907096155
2007-03-23,0.10458656419986449
2007-03-26,0.029627494411999786
2007-03-27,0.0560092511190036
2007-03-28,0.03599489872878446
2007-03-29,0.026568450874827912
2007-03-30,0.04009720510321049
2007-04-02,0.08869043830204162
2007-04-03,0.06019474312712242
2007-04-04,0.09091724921545563
2007-04-05,0.025484613458190346
2007-04-09,0.23673883740812834
2007-04-10,0.05490532812399131
2007-04-11,0.027636980424984307
2007-04-12,0.048855028921522665
2007-04-13,0.07027753840495934
2007-04-16,0.028876597267167407
2007-04-17,0.042199663861587314
2007-04-18,0.026822390041200322
2007-04-19,0.02428346220067891
2007-04-20,0.030831198683235805
2007-04-23,0.04743469333621855
2007-04-24,0.028854103392682087
2007-04-25,0.05668448685703914
2007-04-26,0.02985595722704241
2007-04-27,0.06438435761963626
2007-04-30,0.01999397625661753
2007-05-01,0.013747282146051113
2007-05-02,0.035658146980516676
2007-05-03,0.07221889248212746
2007-05-04,0.05712603237641929
2007-05-07,0.05539671581680513
2007-05-08,0.01916879333549004
2007-05-09,0.10147060136383526
2007-05-10,0.07234270361412069
2007-05-11,0.013867628476909446
2007-05-14,0.16598472008544077
2007-05-15,0.007279412949032565
2007-05-16,0.03790306997750088
2007-05-17,0.018560443512530306
2007-05-18,0.014935997354539939
2007-05-21,0.011835141677315635
2007-05-22,0.01845089738443701
2007-05-23,0.014737492341578048
2007-05-24,0.07026752631506707
2007-05-25,0.013109407641182706
2007-05-29,0.019940579909625757
2007-05-30,0.019094999880128236
2007-05-31,0.017885272940596886
2007-06-01,0.02170978802194513
2007-06-04,0.027047673489285735
2007-06-05,0.04032508643636972
2007-06-06,0.05512822315940317
2007-06-07,0.03710147695449899
2007-06-08,0.020098428433930497
2007-06-11,0.019173150551581326
2007-06-12,0.024840262154053442
2007-06-13,0.007681505823052146
2007-06-14,0.008648428294232416
2007-06-15,0.00881098748271185
2007-06-18,0.01760420725076143
2007-06-19,0.009892538600018534
2007-06-20,0.01026462944824039
2007-06-21,0.015020585141855208
2007-06-22,0.027003986506508662
2007-06-25,0.014400879144993158
2007-06-26,0.015223165766089161
2007-06-27,0.02041336257153188
2007-06-28,0.010183497051147182
2007-06-29,0.00792896981825707
2007-07-02,0.009959062506765742
2007-07-03,0.014703650022617597
2007-07-05,0.01125992355863914
2007-07-06,0.010452004676861295
2007-07-09,0.01072242099832318
2007-07-10,0.018446837992415352
2007-07-11,0.014125567295204242
2007-07-12,0.01002753686984161
2007-07-13,0.007813689158856826
2007-07-16,0.007749811929703584
2007-07-17,0.013775281304666903
2007-07-18,0.01329575418242947
2007-07-19,0.013884442969251908
2007-07-20,0.010690708186345262
2007-07-23,0.009726199054484273
2007-07-24,0.016451679367815733
2007-07-25,0.02447492421150228
2007-07-26,0.025882318726755095
2007-07-27,0.02566218309061414
2007-07-30,0.010192242126795594
2007-07-31,0.01774896524630845
2007-08-01,0.01706300736205866
2007-08-02,0.009310767266768705
2007-08-03,0.012812438139899221
2007-08-06,0.023504254397355005
2007-08-07,0.018126250893557783
2007-08-08,0.010824571423294392
2007-08-09,0.020640875709104573
2007-08-10,0.018472822997630388
2007-08-13,0.024548105824581792
2007-08-14,0.018591234983206837
2007-08-15,0.021774252180576062
2007-08-16,0.021783327377950436
2007-08-17,0.01575791037745797
2007-08-20,0.023822823327453814
2007-08-21,0.013991849090412747
2007-08-22,0.031249099815268754
2007-08-23,0.012445508776346545
2007-08-24,0.015029176841453462
2007-08-27,0.009462329738260737
2007-08-28,0.018913424734839087
2007-08-29,0.02546009072118792
2007-08-30,0.020342954772285055
2007-08-31,0.006933367281505994
2007-09-04,0.016017162641167024
2007-09-05,0.020468242373572792
2007-09-06,0.021869032182392705
2007-09-07,0.0071992910146801104
2007-09-10,0.02002714846931613
2007-09-11,0.01601569544596181
2007-09-12,0.007154592471677641
2007-09-13,0.026168057968023628
2007-09-14,0.01587275571190336
2007-09-17,0.012451459783197031
2007-09-18,0.020650632189287445
2007-09-19,0.020277072326274855
2007-09-20,0.011566465182370936
2007-09-21,0.011789361578365121
2007-09-24,0.02282396080586627
2007-09-25,0.03282161738361141
2007-09-26,0.013403877776681505
2007-09-27,0.015921449405177073
2007-09-28,0.02230304389325322
2007-10-01,0.010193688942380359
2007-10-02,0.015847218665482762
2007-10-03,0.019007561634413712
2007-10-04,0.016901770631938193
2007-10-05,0.012161090599643883
2007-10-08,0.018863378363127174
2007-10-09,0.01772024308857517
2007-10-10,0.023178077103436126
2007-10-11,0.028701424584062038
2007-10-12,0.02012057312391003
2007-10-15,0.01595358926858974
2007-10-16,0.024814723444723283
2007-10-17,0.021517679838406124
2007-10-18,0.03772164551880386
2007-10-19,0.025015481443562713
2007-10-22,0.022743168445968485
2007-10-23,0.02235587838645929
2007-10-24,0.06054691687320804
2007-10-25,0.025802328330806236
2007-10-26,0.04734363984075847
2007-10-29,0.023692635711594683
2007-10-30,0.012417871800655943
2007-10-31,0.06456404990350863
2007-11-01,0.014055443811619536
2007-11-02,0.03635540275341191
2007-11-05,0.039882463040387214
2007-11-06,0.03595732227562179
2007-11-07,0.020449020876774884
2007-11-08,0.025515423851947616
2007-11-09,0.03732157065492506
2007-11-12,0.04087942858266745
2007-11-13,0.0610063351963485
2007-11-14,0.04398087133378896
2007-11-15,0.043850091566730615
2007-11-16,0.03208511365220077
2007-11-19,0.01795150341807113
2007-11-20,0.03239134171744118
2007-11-21,0.044391603269186786
2007-11-23,0.03586657041512848
2007-11-26,0.02147823467689108
2007-11-27,0.016148404837097646
2007-11-28,0.03439315162096181
2007-11-29,0.021230728176353436
2007-11-30,0.013143370955838115
2007-12-03,0.038481156438937056
2007-12-04,0.03257612421497031
2007-12-05,0.016375722826298917
2007-12-06,0.022470418840537486
2007-12-07,0.026120948393022557
2007-12-10,0.01481970198138889
2007-12-11,0.02812273864342228
2007-12-12,0.02033572880344094
2007-12-13,0.018762887910020433
2007-12-14,0.02190326197581346
2007-12-17,0.025470486897395193
2007-12-18,0.019133208546793533
2007-12-19,0.027741199336297942
2007-12-20,0.013490091301177207
2007-12-21,0.035635617083335305
2007-12-24,0.011720513927547874
2007-12-26,0.01130835792253965
2007-12-27,0.021670492467891145
2007-12-28,0.010876013530412919
2007-12-31,0.020418960696709905
2008-01-02,0.07144303799161726
2008-01-03,0.3583800238107082
2008-01-04,0.10552325748340903
2008-01-07,0.09409752807632353
2008-01-08,0.12431983391401398
2008-01-09,0.12428955293081333
2008-01-10,0.11604511706271627
2008-01-11,0.14871085467487874
2008-01-14,0.12722272659424758
2008-01-15,0.11163115938523915
2008-01-16,0.11255641562902699
2008-01-17,0.1443711558356928
2008-01-18,0.11906571259301911
2008-01-22,0.15258681739875948
2008-01-23,0.19228867540540745
2008-01-24,0.2835522666564055
2008-01-25,0.18687614147955156
2008-01-28,0.17450811231731408
2008-01-29,0.15556368453667435
2008-01-30,0.152039227387629
2008-01-31,0.16616058850790516
2008-02-01,0.17144710187980536
2008-02-04,0.15196067042978462
2008-02-05,0.155332213011592
2008-02-06,0.12891352984893864
2008-02-07,0.1697405523230387
2008-02-08,0.2025221399320173
2008-02-11,0.300064178653418
2008-02-12,0.18428506193273408
2008-02-13,0.16500424800569058
2008-02-14,0.16805735535776412
2008-02-15,0.173332982156768
2008-02-19,0.16317284134642174
2008-02-20,0.15887543854817837
2008-02-21,0.15175200167189107
2008-02-22,0.13156443604322962
2008-02-25,0.13637688901573491
2008-02-26,0.16322439794083077
2008-02-27,0.14019371375649026
2008-02-28,0.1456222013497314
2008-02-29,0.15473848793664183
2008-03-03,0.1462606544440892
2008-03-04,0.10448589092526
2008-03-05,0.13306189631012227
2008-03-06,0.12667107571165082
2008-03-07,0.12643499672372258
2008-03-10,0.12186334580871169
2008-03-11,0.1121646084432043
2008-03-12,0.1870083621530328
2008-03-13,0.15371166077177453
2008-03-14,0.14192778492782387
2008-03-17,0.13119306011088086
2008-03-18,0.15151272378027214
2008-03-19,0.1724528688714899
2008-03-20,0.18846862170720138
2008-03-24,0.1751822816102283
2008-03-25,0.11570430170501002
2008-03-26,0.09613419955585017
2008-03-27,0.10677162540582101
2008-03-28,0.09967366704115088
2008-03-31,0.11215526615114675
2008-04-01,0.12491068765700575
2008-04-02,0.17044772925605353
2008-04-03,0.13299256651954267
2008-04-04,0.20372375780611382
2008-04-07,0.12470627836958682
2008-04-08,0.1320719366142782
2008-04-09,0.12447954541533243
2008-04-10,0.16505385280566584
2008-04-11,0.14364798851078084
2008-04-14,0.12365162420018584
2008-04-15,0.22609657733474242
2008-04-16,0.18105815358395638
2008-04-17,0.14766479756348913
2008-04-18,0.1715601445822095
2008-04-21,0.1992818690550121
2008-04-22,0.15954729804559523
2008-04-23,0.1384539040212161
2008-04-24,0.1469345752032375
2008-04-25,0.14454805821407116
2008-04-28,0.1246943177597163
2008-04-29,0.12823305721813147
2008-04-30,0.16493311681902034
2008-05-01,0.1390706343773896
2008-05-02,0.14231354425849155
2008-05-05,0.14371295698522812
2008-05-06,0.1378687469902054
2008-05-07,0.12391537541982499
2008-05-08,0.12686217385927162
2008-05-09,0.11109288151956392
2008-05-12,0.10531096592631642
2008-05-13,0.12716510923859423
2008-05-14,0.10217942597600496
2008-05-15,0.1452451896900035
2008-05-16,0.11622258743546153
2008-05-19,0.13092623827124927
2008-05-20,0.1087077962529387
2008-05-21,0.10815962177630081
2008-05-22,0.1296073701469057
2008-05-23,0.11197234294986383
2008-05-27,0.13101116946866298
2008-05-28,0.14223435612408314
2008-05-29,0.12225220481680323
2008-05-30,0.10949581197382333
2008-06-02,0.11591850481091083
2008-06-03,0.13087552497904917
2008-06-04,0.12366634385724642
2008-06-05,0.13769242437545687
2008-06-06,0.14562789522545955
2008-06-09,0.16875922015622066
2008-06-10,0.11525359729972133
2008-06-11,0.10926683177412175
2008-06-12,0.17328620632193273
2008-06-13,0.14368630975680072
2008-06-16,0.16086470849418744
2008-06-17,0.14444904131677602
2008-06-18,0.13153016572602355
2008-06-19,0.09804896287204488
2008-06-20,0.13016730052155756
2008-06-23,0.10878932677368151
2008-06-24,0.09682914802376716
2008-06-25,0.12605272586668503
2008-06-26,0.09619753050033744
2008-06-27,0.10705667119326114
2008-06-30,0.10577123943708874
2008-07-01,0.10781822500420464
2008-07-02,0.11336083873400461
2008-07-03,0.13244507469023006
2008-07-07,0.12690709472634912
2008-07-08,0.1070631798661556
2008-07-09,0.16814711564071047
2008-07-10,0.12142372999429914
2008-07-11,0.1165002907259326
2008-07-14,0.11209444436539336
2008-07-15,0.11846440632064788
2008-07-16,0.14643778704769844
2008-07-17,0.21781199213596186
2008-07-18,0.21053802624274492
2008-07-21,0.1676408328784532
2008-07-22,0.20336572868206892
2008-07-23,0.20426139916807848
2008-07-24,0.20277028468284328
2008-07-25,0.17918026179307658
2008-07-28,0.1446152270292786
2008-07-29,0.2237351628238976
2008-07-30,0.18771504563115288
2008-07-31,0.17902801040570843
2008-08-01,0.1673957053834979
2008-08-04,0.12794530855328914
2008-08-05,0.20658096059571132
2008-08-06,0.17388061845936698
2008-08-07,0.14102243654152027
2008-08-08,0.11359391269828986
2008-08-11,0.14088892432137368
2008-08-12,0.13030370067955657
2008-08-13,0.11245295935698715
2008-08-14,0.12052219066134186
2008-08-15,0.1158498095918357
2008-08-18,0.10585611976624638
2008-08-19,0.10288924482363561
2008-08-20,0.09796222918124942
2008-08-21,0.1412490290918923
2008-08-22,0.12140169969554657
2008-08-25,0.08980113884647684
2008-08-26,0.11486472484098809
2008-08-27,0.10999662375184519
2008-08-28,0.13973246298398792
2008-08-29,0.15933796469541658
2008-09-02,0.14756050873895513
2008-09-03,0.220381070478231
2008-09-04,0.1481145028608959
2008-09-05,0.10076137830333369
2008-09-08,0.1149768362839037
2008-09-09,0.12047780061945804
2008-09-10,0.12248904898231024
2008-09-11,0.1094215266995843
2008-09-12,0.11354916431833428
2008-09-15,0.09968523319094179
2008-09-16,0.13297818067836054
2008-09-17,0.11521805600765875
2008-09-18,0.14347762479472934
2008-09-19,0.13842967905369025
2008-09-22,0.17390997087901264
2008-09-23,0.11689460550797241
2008-09-24,0.1156388666501636
2008-09-25,0.11558750763308512
2008-09-26,0.11430948309877285
2008-09-29,0.10597590906745052
2008-09-30,0.1229682795348107
2008-10-01,0.1394958365191282
2008-10-02,0.14016276633869693
2008-10-03,0.12886757460662218
2008-10-06,0.0986850850047699
2008-10-07,0.10531114037628454
2008-10-08,0.11033351723765036
2008-10-09,0.12037100540712876
2008-10-10,0.18817832889281638
2008-10-13,0.18874687683120828
2008-10-14,0.2244497309368423
2008-10-15,0.14874572873313902
2008-10-16,0.1493644980792264
2008-10-17,0.18067387019408573
2008-10-20,0.14786933778229056
2008-10-21,0.15127243443430705
2008-10-22,0.11185341611546734
2008-10-23,0.11793744371695314
2008-10-24,0.16292202020468766
2008-10-27,0.11591495575259428
2008-10-28,0.1263690256153748
2008-10-29,0.1645811471569541
2008-10-30,0.1639766909351383
2008-10-31,0.13382273549652654
2008-11-03,0.11532132179622141
2008-11-04,0.1310346260119102
2008-11-05,0.12585420255182184
2008-11-06,0.11844062923950406
2008-11-07,0.12517972986239523
2008-11-10,0.10543903228857826
2008-11-11,0.13022268179210425
2008-11-12,0.0831096491992331
2008-11-13,0.11354098375907141
2008-11-14,0.16514226721690556
2008-11-17,0.10433207584706075
2008-11-18,0.11082641271028812
2008-11-19,0.11159972500065715
2008-11-20,0.10551809362423765
2008-11-21,0.11546944455519485
2008-11-24,0.13118347494411267
2008-11-25,0.11944427735267554
2008-11-26,0.12130061091541232
2008-11-28,0.11997432927847103
2008-12-01,0.09054625862044473
2008-12-02,0.11333896276780935
2008-12-03,0.14359487649620664
2008-12-04,0.10541533297557384
2008-12-05,0.1514495346303912
2008-12-08,0.15307094029486412
2008-12-09,0.12118606951549048
2008-12-10,0.16162760289131692
2008-12-11,0.13668259767773117
2008-12-12,0.1367378071820204
2008-12-15,0.17249174660174063
2008-12-16,0.16312474412953504
2008-12-17,0.17161513293165204
2008-12-18,0.10348093761627389
2008-12-19,0.13404088081900523
2008-12-22,0.11442644101785057
2008-12-23,0.14288926330348076
2008-12-24,0.10292175433054708
2008-12-26,0.16454367061904615
2008-12-29,0.1354570737858651
2008-12-30,0.17411989139106085
2008-12-31,0.1395572843628272
2009-01-02,0.16406828032076168
2009-01-05,0.373465701396443
2009-01-06,0.24344665598308082
2009-01-07,0.24953866201759536
2009-01-08,0.2810348695752237
2009-01-09,0.27089180022044723
2009-01-12,0.28523511419399405
2009-01-13,0.20231760423403988
2009-01-14,0.2228691170614957
2009-01-15,0.23669762154896584
2009-01-16,0.24303791172613587
2009-01-20,0.21913103282287355
2009-01-21,0.25677913901175164
2009-01-22,0.2872531534588086
2009-01-23,0.21889215042624274
2009-01-26,0.2666968739419748
2009-01-27,0.2770967064238078
2009-01-28,0.2635146315919377
2009-01-29,0.2830737260954975
2009-01-30,0.24825562476151675
2009-02-02,0.26435313612237255
2009-02-03,0.24227794553593798
2009-02-04,0.2114414702324536
2009-02-05,0.21238231808898161
2009-02-06,0.2060009035316033
2009-02-09,0.19968650058038376
2009-02-10,0.15477277373796033
2009-02-11,0.16554938193784674
2009-02-12,0.2085261052185577
2009-02-13,0.18571628196615975
2009-02-17,0.1522658122311506
2009-02-18,0.20791306751233482
2009-02-19,0.16847124568109528
2009-02-20,0.32308460384308535
2009-02-23,0.24223227197071567
2009-02-24,0.18216080614334312
2009-02-25,0.18213878142499668
2009-02-26,0.15132369110998387
2009-02-27,0.25319805599501966
2009-03-02,0.22967304613866762
2009-03-03,0.15592513791158275
2009-03-04,0.20809538339057904
2009-03-05,0.21561473696977435
2009-03-06,0.16310571673502544
2009-03-09,0.2475533634535349
2009-03-10,0.1765895887197117
2009-03-11,0.23127652683507122
2009-03-12,0.20014079451494735
2009-03-13,0.17335162731995724
2009-03-16,0.1683559505684097
2009-03-17,0.225346205840541
2009-03-18,0.18386664432418048
2009-03-19,0.26746142594152095
2009-03-20,0.20671645751714862
2009-03-23,0.16242815630861368
2009-03-24,0.15182287154044638
2009-03-25,0.1075400950003929
2009-03-26,0.12877384957474947
2009-03-27,0.16803508112189608
2009-03-30,0.13112842475561493
2009-03-31,0.1426690825239062
2009-04-01,0.1733747765232406
2009-04-02,0.20034479807269007
2009-04-03,0.18310561659935248
2009-04-06,0.19481624479001938
2009-04-07,0.16631061812270592
2009-04-08,0.1484514399461395
2009-04-09,0.15534526501991108
2009-04-13,0.24929998825903524
2009-04-14,0.1798437068573397
2009-04-15,0.1830635098709355
2009-04-16,0.1914283515025767
2009-04-17,0.21997510744018162
2009-04-20,0.19332971818265485
2009-04-21,0.1753457191206101
2009-04-22,0.2072435557924045
2009-04-23,0.16416271828195816
2009-04-24,0.18551314684877496
2009-04-27,0.19412773711926862
2009-04-28,0.14677341965813157
2009-04-29,0.16746442538977002
2009-04-30,0.18140876054653055
2009-05-01,0.17471811240465013
2009-05-04,0.18333587380922528
2009-05-05,0.18867888851074827
2009-05-06,0.1576020572794902
2009-05-07,0.1918164464352476
2009-05-08,0.2180586581314465
2009-05-11,0.21560023551536656
2009-05-12,0.16426350278920532
2009-05-13,0.19873471533459977
2009-05-14,0.19388605425057415
2009-05-15,0.15916237548526901
2009-05-18,0.23243663252290184
2009-05-19,0.20085197181648648
2009-05-20,0.20074818494601382
2009-05-21,0.18959062186086684
2009-05-22,0.21539769665277364
2009-05-26,0.2545395314365181
2009-05-27,0.2089195311838272
2009-05-28,0.2990505795754743
2009-05-29,0.1934635038614791
2009-06-01,0.21169498115001142
2009-06-02,0.29268196815437336
2009-06-03,0.24665139567479713
2009-06-04,0.3113163391699622
2009-06-05,0.24388403791183827
2009-06-08,0.2171418455017542
2009-06-09,0.21190422933280065
2009-06-10,0.235443287820985
2009-06-11,0.20243767690270076
2009-06-12,0.22125027146684134
2009-06-15,0.22206579730166567
2009-06-16,0.2814976476522576
2009-06-17,0.20485126379740154
2009-06-18,0.22174342044479223
2009-06-19,0.2530678874827381
2009-06-22,0.2028707489234157
2009-06-23,0.25146557070264214
2009-06-24,0.20569405715691308
2009-06-25,0.2200731094719428
2009-06-26,0.22146533248132136
2009-06-29,0.20683803586635602
2009-06-30,0.21660025817982384
2009-07-01,0.20951726121803582
2009-07-02,0.21825984708811502
2009-07-06,0.176376421688259
2009-07-07,0.2169978465893126
2009-07-08,0.2596848701054162
2009-07-09,0.2657480976761556
2009-07-10,0.23158411606366208
2009-07-13,0.24003604749888974
2009-07-14,0.25939828479120425
2009-07-15,0.179586444311438
2009-07-16,0.2635038557566226
2009-07-17,0.2645651831625772
2009-07-20,0.24873830457034907
2009-07-21,0.2542509124304442
2009-07-22,0.2416273300560941
2009-07-23,0.2612916180273291
2009-07-24,0.22341988896502651
2009-07-27,0.22271662243261253
2009-07-28,0.24042564784197723
2009-07-29,0.3248835882081277
2009-07-30,0.25733565893665783
2009-07-31,0.20351992775492073
2009-08-03,0.21759001335878703
2009-08-04,0.3019606575209466
2009-08-05,0.19644265805266112
2009-08-06,0.2636872612037935
2009-08-07,0.2489523821317623
2009-08-10,0.22572264034519834
2009-08-11,0.17713127885131125
2009-08-12,0.18124140199522182
2009-08-13,0.15312485266063802
2009-08-14,0.18782375278044916
2009-08-17,0.17963375919357455
2009-08-18,0.1947755335367264
2009-08-19,0.1405347548988139
2009-08-20,0.15001704602372792
2009-08-21,0.1899529080880112
2009-08-24,0.15106520298820494
2009-08-25,0.15767328611460868
2009-08-26,0.20212773168664633
2009-08-27,0.17490063806075284
2009-08-28,0.20154622019036783
2009-08-31,0.1619534551517731
2009-09-01,0.17508474035208055
2009-09-02,0.17281546684193785
2009-09-03,0.1695768024601716
2009-09-04,0.15531490395844436
2009-09-08,0.16651055101608392
2009-09-09,0.2151618654285253
2009-09-10,0.1752022279529244
2009-09-11,0.1893918680672506
2009-09-14,0.2186292483001554
2009-09-15,0.18344787166424076
2009-09-16,0.21697884062832548
2009-09-17,0.28471733738637905
2009-09-18,0.1980646865236636
2009-09-21,0.17638732794511547
2009-09-22,0.16363918001160582
2009-09-23,0.1870252149113572
2009-09-24,0.16971552095579806
2009-09-25,0.18173951020480655
2009-09-28,0.1709776828912558
2009-09-29,0.18782776203842677
2009-09-30,0.2032058710312587
2009-10-01,0.18981508545548698
2009-10-02,0.21228467505774845
2009-10-05,0.21672618496228602
2009-10-06,0.1699241337950188
2009-10-07,0.16054906251630385
2009-10-08,0.16385703637761445
2009-10-09,0.16275125772972948
2009-10-12,0.15512049634798267
2009-10-13,0.17338660711615514
2009-10-14,0.14940591748750198
2009-10-15,0.1758917254577575
2009-10-16,0.27134688924529266
2009-10-19,0.24228337093535765
2009-10-20,0.17588607530154782
2009-10-21,0.17053921125620092
2009-10-22,0.24096773158773102
2009-10-23,0.2329544115196617
2009-10-26,0.2502293131850092
2009-10-27,0.18475038749582184
2009-10-28,0.21865106588660607
2009-10-29,0.22611886411915647
2009-10-30,0.1994007807062118
2009-11-02,0.19683238498158367
2009-11-03,0.17706717608958059
2009-11-04,0.22492787505760478
2009-11-05,0.16140753702438948
2009-11-06,0.15702277252429656
2009-11-09,0.19257562318189267
2009-11-10,0.1530986219848604
2009-11-11,0.1629791453850657
2009-11-12,0.13502200675609888
2009-11-13,0.1542433418382283
2009-11-16,0.15511108292270487
2009-11-17,0.1433545935485214
2009-11-18,0.16410110423185026
2009-11-19,0.16143068445200576
2009-11-20,0.16860750023197912
2009-11-23,0.1495303645212629
2009-11-24,0.15422046593671235
2009-11-25,0.14804932497932735
2009-11-27,0.12061536836410272
2009-11-30,0.12927561059009757
2009-12-01,0.16255538344614168
2009-12-02,0.12546725481987214
2009-12-03,0.18118799966330196
2009-12-04,0.1728468593655369
2009-12-07,0.20399474914892274
2009-12-08,0.1707525454869515
2009-12-09,0.15605329951683947
2009-12-10,0.184182880054989
2009-12-11,0.17573736269127643
2009-12-14,0.136976527990051
2009-12-15,0.1899402066145209
2009-12-16,0.16849225584707553
2009-12-17,0.15875244222667098
2009-12-18,0.14919912064907884
2009-12-21,0.15478389925145225
2009-12-22,0.1630575057702537
2009-12-23,0.1216709196280993
2009-12-24,0.13812291770882568
2009-12-28,0.1135016029885429
2009-12-29,0.1478195984626966
2009-12-30,0.12740427484645397
2009-12-31,0.12853964483911057
2010-01-04,0.12940285092448162
2010-01-05,0.3894588465445674
2010-01-06,0.1696119818530618
2010-01-07,0.19431645186866273
2010-01-08,0.17171154427499735
2010-01-11,0.18746802956285083
2010-01-12,0.16456036945077362
2010-01-13,0.20767842680113147
2010-01-14,0.16024501276301048
2010-01-15,0.17246245922155404
2010-01-19,0.19784354902507634
2010-01-20,0.2006771506587572
2010-01-21,0.1920282564395616
2010-01-22,0.2883401989550154
2010-01-25,0.24932973093940453
2010-01-26,0.20055568979532556
2010-01-27,0.248620149557515
2010-01-28,0.23157840627181364
2010-01-29,0.24120644842370087
2010-02-01,0.20087355421629366
2010-02-02,0.18093135810653654
2010-02-03,0.17217480095311022
2010-02-04,0.2129074607949984
2010-02-05,0.21904143346373472
2010-02-08,0.2039858618780046
2010-02-09,0.1816733740053648
2010-02-10,0.1774082403948715
2010-02-11,0.20193082136998
2010-02-12,0.20378763277785844
2010-02-16,0.19813525426401707
2010-02-17,0.23350899066801573
2010-02-18,0.17438812144918076
2010-02-19,0.1760440399115269
2010-02-22,0.21576904303735148
2010-02-23,0.19787998948648552
2010-02-24,0.1946997946992224
2010-02-25,0.21110690287359185
2010-02-26,0.18750750037011257
2010-03-01,0.17346511424593222
2010-03-02,0.16435722695057514
2010-03-03,0.206538893988568
2010-03-04,0.2180493970381451
2010-03-05,0.20286444169843504
2010-03-08,0.1739564237517759
2010-03-09,0.1935086480131091
2010-03-10,0.1841036862504633
2010-03-11,0.2086323843293627
2010-03-12,0.1749805346465338
2010-03-15,0.17960466917446416
2010-03-16,0.23847942280328824
2010-03-17,0.19566291942808378
2010-03-18,0.18665915151115964
2010-03-19,0.23172456192149693
2010-03-22,0.1769361836667938
2010-03-23,0.1600022557938739
2010-03-24,0.16483196379632448
2010-03-25,0.13395877494152789
2010-03-26,0.20557922955676014
2010-03-29,0.1324187176446066
2010-03-30,0.1541434225907954
2010-03-31,0.14718091548563467
2010-04-01,0.1586177863625825
2010-04-05,0.18542346738830162
2010-04-06,0.17572281903696813
2010-04-07,0.19483653229036169
2010-04-08,0.22980173107011362
2010-04-09,0.20078993306625872
2010-04-12,0.1767874018391747
2010-04-13,0.15770564440238383
2010-04-14,0.16674941483620503
2010-04-15,0.20236197725385807
2010-04-16,0.1430645051994283
2010-04-19,0.19696242910438144
2010-04-20,0.22401521470651015
2010-04-21,0.2552703112148125
2010-04-22,0.168434951751749
2010-04-23,0.17445235565633632
2010-04-26,0.1824238903347809
2010-04-27,0.18924338584855133
2010-04-28,0.18398718655898638
2010-04-29,0.13363813990889264
2010-04-30,0.1670009879628958
2010-05-03,0.1942521563271788
2010-05-04,0.1646055238243426
2010-05-05,0.1778157864590057
2010-05-06,0.18916069800359728
2010-05-07,0.20053686619446517
2010-05-10,0.1684748905907324
2010-05-11,0.14289086132688492
2010-05-12,0.14082734951900133
2010-05-13,0.1323102078649651
2010-05-14,0.13516925278174557
2010-05-17,0.12732148178272867
2010-05-18,0.1524258156228681
2010-05-19,0.15084517165398376
2010-05-20,0.1526271302718831
2010-05-21,0.1616334914296268
2010-05-24,0.16378052933506965
2010-05-25,0.1493502640110091
2010-05-26,0.15678178578365673
2010-05-27,0.15817984135347538
2010-05-28,0.1579436753059354
2010-06-01,0.12969282018975758
2010-06-02,0.17457564100554696
2010-06-03,0.1733446179450103
2010-06-04,0.13178834516813046
2010-06-07,0.14687346256293476
2010-06-08,0.1792940905430235
2010-06-09,0.1918963415495359
2010-06-10,0.1446174380469082
2010-06-11,0.18454899400705577
2010-06-14,0.1411647608239444
2010-06-15,0.18057413953640855
2010-06-16,0.18288334782342852
2010-06-17,0.13689996435175225
2010-06-18,0.14376022559820106
2010-06-21,0.12104475424829221
2010-06-22,0.1804708936752355
2010-06-23,0.13497863308550687
2010-06-24,0.1260592664165526
2010-06-25,0.13031839976841456
2010-06-28,0.1561385197994531
2010-06-29,0.14708228141765475
2010-06-30,0.13661873445800207
2010-07-01,0.12194191859533682
2010-07-02,0.13655609994929696
2010-07-06,0.18398146755073047
2010-07-07,0.1366099120572282
2010-07-08,0.15772698179718098
2010-07-09,0.17076470689078724
2010-07-12,0.1846290639961099
2010-07-13,0.13561785544633975
2010-07-14,0.20314504897974933
2010-07-15,0.17474633600223166
2010-07-16,0.20169132351402208
2010-07-19,0.2063583927851523
2010-07-20,0.22897795278416333
2010-07-21,0.2143164826314465
2010-07-22,0.2076077814450194
2010-07-23,0.22759966431448841
2010-07-26,0.22578981343590043
2010-07-27,0.1967882535663098
2010-07-28,0.24670066783057054
2010-07-29,0.18148396783963486
2010-07-30,0.1864583044402933
2010-08-02,0.20309330574357226
2010-08-03,0.19080628154223095
2010-08-04,0.2045174309380356
2010-08-05,0.22369690416195281
2010-08-06,0.17091256994811785
2010-08-09,0.17783382235050438
2010-08-10,0.15066098214693235
2010-08-11,0.14558179959257084
2010-08-12,0.1660604689216169
2010-08-13,0.16992738186773582
2010-08-16,0.1387987553432773
2010-08-17,0.13593188701103615
2010-08-18,0.16742304529913873
2010-08-19,0.1476473389218847
2010-08-20,0.17667912142787284
2010-08-23,0.1831160895635432
2010-08-24,0.17506229932739098
2010-08-25,0.1705003130333027
2010-08-26,0.15350733442878778
2010-08-27,0.1657974835372284
2010-08-30,0.16722466239331643
2010-08-31,0.133521043249748
2010-09-01,0.16193116433367638
2010-09-02,0.15863194488025384
2010-09-03,0.12512423816368268
2010-09-07,0.14566215051320364
2010-09-08,0.14433956719843355
2010-09-09,0.1367418222229995
2010-09-10,0.1629707450015055
2010-09-13,0.1337139764337874
2010-09-14,0.16490291464564902
2010-09-15,0.15089401135110625
2010-09-16,0.16244610358545036
2010-09-17,0.13435353683741852
2010-09-20,0.13919088811711805
2010-09-21,0.1345987613368549
2010-09-22,0.18579123180021004
2010-09-23,0.1680001831480461
2010-09-24,0.14770278837806106
2010-09-27,0.14088234176522596
2010-09-28,0.13065717322094714
2010-09-29,0.13061432552495478
2010-09-30,0.1478333343596921
2010-10-01,0.13742754886349118
2010-10-04,0.13413100889590424
2010-10-05,0.14006387347487237
2010-10-06,0.1318841665416901
2010-10-07,0.15291612065061855
2010-10-08,0.14017552567989175
2010-10-11,0.13749215579394036
2010-10-12,0.14291789086760992
2010-10-13,0.1457307440332239
2010-10-14,0.16572068463911946
2010-10-15,0.1810302031921303
2010-10-18,0.20601277481531372
2010-10-19,0.1983710219526143
2010-10-20,0.1846218720493255
2010-10-21,0.1967021311978499
2010-10-22,0.15334205227684575
2010-10-25,0.19117058860463643
2010-10-26,0.15913908341544228
2010-10-27,0.15859194040346763
2010-10-28,0.21469712032182198
2010-10-29,0.18557798978220388
2010-11-01,0.17444015990591127
2010-11-02,0.1697577505756357
2010-11-03,0.15280903896781378
2010-11-04,0.18481545397299387
2010-11-05,0.18459489893658032
2010-11-08,0.22644443102842648
2010-11-09,0.1603387693893587
2010-11-10,0.15792012769435657
2010-11-11,0.13292610924538387
2010-11-12,0.20356260493316308
2010-11-15,0.1772861435294118
2010-11-16,0.1760072744793797
2010-11-17,0.17506862628643113
2010-11-18,0.19011890504671225
2010-11-19,0.1650122008910977
2010-11-22,0.15753416143758778
2010-11-23,0.1491095216808795
2010-11-24,0.16414817649582736
2010-11-26,0.1390957489586983
2010-11-29,0.10482237824725063
2010-11-30,0.1449520298381681
2010-12-01,0.13804114572336174
2010-12-02,0.15864184235994094
2010-12-03,0.1433856851850686
2010-12-06,0.14904824562360897
2010-12-07,0.13101019687850146
2010-12-08,0.1589713939926404
2010-12-09,0.1696108528297659
2010-12-10,0.15644969026402794
2010-12-13,0.13332800111207807
2010-12-14,0.15244879236109976
2010-12-15,0.15881191637806508
2010-12-16,0.15345996649377563
2010-12-17,0.1773166411670149
2010-12-20,0.1691279975017655
2010-12-21,0.12536316927745958
2010-12-22,0.14896432223643954
2010-12-23,0.1429100323666584
2010-12-27,0.1397550528046987
2010-12-28,0.11583122026892909
2010-12-29,0.11898521409767018
2010-12-30,0.13419013150885745
2010-12-31,0.11703064539743027
2011-01-03,0.031216692616587306
2011-01-04,0.29426749747440184
2011-01-05,0.04558116436137455
2011-01-06,0.04053498070778423
2011-01-07,0.04451549567082228
2011-01-10,0.0388285105177332
2011-01-11,0.037736169310512956
2011-01-12,0.039055950187380034
2011-01-13,0.03895242935493661
2011-01-14,0.044556421419101724
2011-01-18,0.03983962400186965
2011-01-19,0.04702831246705405
2011-01-20,0.03018187253599549
2011-01-21,0.03805239299880477
2011-01-24,0.04627372737202329
2011-01-25,0.03454810670190234
2011-01-26,0.03684485020257473
2011-01-27,0.03449912637844456
2011-01-28,0.03656898642712607
2011-01-31,0.03375481787634668
2011-02-01,0.041752799160147624
2011-02-02,0.03988645055615989
2011-02-03,0.04638888141795507
2011-02-04,0.04408845033669611
2011-02-07,0.03676393043892718
2011-02-08,0.039110125579343735
2011-02-09,0.03537264919802351
2011-02-10,0.034630329903961345
2011-02-11,0.04317864422793473
2011-02-14,0.03795793535553474
2011-02-15,0.034596149904914594
2011-02-16,0.03425138462606821
2011-02-17,0.04115769562502111
2011-02-18,0.04134605761108559
2011-02-22,0.042311180554118394
2011-02-23,0.03761365787606935
2011-02-24,0.04519115381674957
2011-02-25,0.039565986231357694
2011-02-28,0.03331889956811347
2011-03-01,0.04307662605837495
2011-03-02,0.0350299831895216
2011-03-03,0.04044640209667204
2011-03-04,0.04242516464171939
2011-03-07,0.034202630475571066
2011-03-08,0.031187952844580234
2011-03-09,0.03092562874431727
2011-03-10,0.0314223994268802
2011-03-11,0.034275814415398585
2011-03-14,0.03721141804874931
2011-03-15,0.03161729309176119
2011-03-16,0.03496277192933072
2011-03-17,0.03667258896604474
2011-03-18,0.04036416857339886
2011-03-21,0.042003945668815046
2011-03-22,0.03866468446411374
2011-03-23,0.030785023211164504
2011-03-24,0.032887281059742826
2011-03-25,0.03839667988440471
2011-03-28,0.029177062181415643
2011-03-29,0.032478799994515944
2011-03-30,0.03022163208465645
2011-03-31,0.0285995850409117
2011-04-01,0.03360451584141279
2011-04-04,0.03930512458230731
2011-04-05,0.029521271313626432
2011-04-06,0.031314088263842424
2011-04-07,0.03397916407919116
2011-04-08,0.037510530820768606
2011-04-11,0.027493283520221602
2011-04-12,0.03596100945480962
2011-04-13,0.038341266673372794
2011-04-14,0.04121384878131972
2011-04-15,0.03654597739642237
2011-04-18,0.040164432324008174
2011-04-19,0.03290630510368922
2011-04-20,0.03428292469847917
2011-04-21,0.02983495222977591
2011-04-25,0.04595517398475588
2011-04-26,0.028602941359363053
2011-04-27,0.03750241175357963
2011-04-28,0.03895967445654262
2011-04-29,0.03927966006043042
2011-05-02,0.03987505671500953
2011-05-03,0.035004179455704595
2011-05-04,0.03869648396235889
2011-05-05,0.03224576919331883
2011-05-06,0.03965466717282454
2011-05-09,0.026055567849531266
2011-05-10,0.029603162666663997
2011-05-11,0.025072556930521076
2011-05-12,0.035409736844779646
2011-05-13,0.031505900875019116
2011-05-16,0.030621903326321885
2011-05-17,0.03609565930870952
2011-05-18,0.032555729362596764
2011-05-19,0.038570223127590036
2011-05-20,0.03986759637840623
2011-05-23,0.03899026098425461
2011-05-24,0.026977252757199505
2011-05-25,0.040292457176453106
2011-05-26,0.04614168403874795
2011-05-27,0.041238154243640246
2011-05-31,0.03597763342729926
2011-06-01,0.02903865443793223
2011-06-02,0.04982767402158289
2011-06-03,0.03567092040602715
2011-06-06,0.031585931299104884
2011-06-07,0.027019326628074283
2011-06-08,0.022544783112155024
2011-06-09,0.028990970464028654
2011-06-10,0.027775938108463474
2011-06-13,0.025997611147992608
2011-06-14,0.02823952358340669
2011-06-15,0.03376253064207099
2011-06-16,0.03472724963936788
2011-06-17,0.03269101110176576
2011-06-20,0.03335412365752791
2011-06-21,0.031088152516048555
2011-06-22,0.03474001575076985
2011-06-23,0.038174567626885494
2011-06-24,0.03479742151391282
2011-06-27,0.039356909495873574
2011-06-28,0.035809170251240204
2011-06-29,0.03406845063861555
2011-06-30,0.029926675500679366
2011-07-01,0.035600799364763465
2011-07-05,0.026649414427316987
2011-07-06,0.025766684883711855
2011-07-07,0.025015121128352226
2011-07-08,0.028363527137026688
2011-07-11,0.02336235938665044
2011-07-12,0.026568275819353098
2011-07-13,0.02463183829890208
2011-07-14,0.03378271087306316
2011-07-15,0.0349327569785003
2011-07-18,0.03418595937933591
2011-07-19,0.033865353560932974
2011-07-20,0.031786435029033666
2011-07-21,0.04100952008867332
2011-07-22,0.0656776674518122
2011-07-25,0.04161571249521098
2011-07-26,0.043805563932375224
2011-07-27,0.03458292360960946
2011-07-28,0.03475040338412197
2011-07-29,0.041868497236649475
2011-08-01,0.03906439109849533
2011-08-02,0.030962604684014468
2011-08-03,0.030147033792716035
2011-08-04,0.03206707448653967
2011-08-05,0.03916149498649597
2011-08-08,0.03871693570184745
2011-08-09,0.04362695263861446
2011-08-10,0.044336662474660504
2011-08-11,0.041992974245968026
2011-08-12,0.043398903844114343
2011-08-15,0.03076912456698892
2011-08-16,0.02924500946139494
2011-08-17,0.02764904941282671
2011-08-18,0.033349026554956626
2011-08-19,0.047414913060918426
2011-08-22,0.034623609123779944
2011-08-23,0.02633273142460084
2011-08-24,0.04393273597921379
2011-08-25,0.03550062610773087
2011-08-26,0.03447425187675035
2011-08-29,0.02831701114243636
2011-08-30,0.029108806827861083
2011-08-31,0.02950639388102294
2011-09-01,0.019999288897593566
2011-09-02,0.026215848433292617
2011-09-06,0.03364223037425952
2011-09-07,0.0311607523824582
2011-09-08,0.034966044006738174
2011-09-09,0.035333662018562216
2011-09-12,0.03605600697674025
2011-09-13,0.02818981392075345
2011-09-14,0.03479221386235782
2011-09-15,0.03157917997860091
2011-09-16,0.040611333475812264
2011-09-19,0.04117458822716597
2011-09-20,0.03949598717670715
2011-09-21,0.03330616507271088
2011-09-22,0.03886849546390403
2011-09-23,0.03644361837589361
2011-09-26,0.03692876762860803
2011-09-27,0.03743390815823283
2011-09-28,0.0343375765284995
2011-09-29,0.027855974723657143
2011-09-30,0.031250233299080776
2011-10-03,0.028275554835168686
2011-10-04,0.032308778934297
2011-10-05,0.04292143817832478
2011-10-06,0.04318292009617196
2011-10-07,0.043570235428658316
2011-10-10,0.04559072160746935
2011-10-11,0.029235803043533896
2011-10-12,0.03133804332511045
2011-10-13,0.031025258797930406
2011-10-14,0.03719067244940029
2011-10-17,0.036765480118904154
2011-10-18,0.03569174612726876
2011-10-19,0.038212810059544994
2011-10-20,0.04713107157523061
2011-10-21,0.040382200726171394
2011-10-24,0.03934162045322692
2011-10-25,0.033686684415991236
2011-10-26,0.03871383270509247
2011-10-27,0.03966682200256118
2011-10-28,0.041796032501518275
2011-10-31,0.035188822666950656
2011-11-01,0.04235724944514921
2011-11-02,0.034609806953913386
2011-11-03,0.03372119770465985
2011-11-04,0.04207699999226998
2011-11-07,0.033610847659389397
2011-11-08,0.03211960836748079
2011-11-09,0.031284679914474936
2011-11-10,0.030436765458738586
2011-11-11,0.02821938610934367
2011-11-14,0.027487706414642973
2011-11-15,0.02910440003413305
2011-11-16,0.03545458442712039
2011-11-17,0.0415958405425695
2011-11-18,0.03880965148935076
2011-11-21,0.03603469948331113
2011-11-22,0.034079198698339586
2011-11-23,0.034345569489561426
2011-11-25,0.03378239412397138
2011-11-28,0.03266052080155683
2011-11-29,0.029960718292734317
2011-11-30,0.027771050024761552
2011-12-01,0.042666064416155225
2011-12-02,0.03226582668576715
2011-12-05,0.03505063315563024
2011-12-06,0.033133858483034295
2011-12-07,0.029053757135860017
2011-12-08,0.03288658445003605
2011-12-09,0.03608228631603298
2011-12-12,0.02736271623748928
2011-12-13,0.029522433849568274
2011-12-14,0.030160824907303034
2011-12-15,0.03194274258214612
2011-12-16,0.03196110860425596
2011-12-19,0.04154620072806564
2011-12-20,0.02853368061779717
2011-12-21,0.03636580379152292
2011-12-22,0.03454312814346226
2011-12-23,0.03436395222187194
2011-12-27,0.023433391980765175
2011-12-28,0.023179552669130042
2011-12-29,0.018154833213357972
2011-12-30,0.020823195417511965
2012-01-03,0.13615878340318538
2012-01-04,0.3308955088993443
2012-01-05,0.17655951999088573
2012-01-06,0.13956161577204676
2012-01-09,0.1547306439193608
2012-01-10,0.14429192221072784
2012-01-11,0.18511869554714921
2012-01-12,0.18956799653803147
2012-01-13,0.1732135372640635
2012-01-17,0.16791403622800707
2012-01-18,0.1773120182207408
2012-01-19,0.1856190445646075
2012-01-20,0.22337223655832605
2012-01-23,0.24673175771644176
2012-01-24,0.18516257721570192
2012-01-25,0.2383061480477257
2012-01-26,0.2387189827359406
2012-01-27,0.25428738982941157
2012-01-30,0.20070517093686463
2012-01-31,0.1765465776550923
2012-02-01,0.18048368562288747
2012-02-02,0.18201086029687868
2012-02-03,0.20060463988793611
2012-02-06,0.1874514904465704
2012-02-07,0.17894408547394136
2012-02-08,0.17967715155268654
2012-02-09,0.17438048817290866
2012-02-10,0.16903356489901486
2012-02-13,0.13796882159200324
2012-02-14,0.1524539748483246
2012-02-15,0.17885453146973518
2012-02-16,0.223199874183091
2012-02-17,0.17558985463843782
2012-02-21,0.22403107054139082
2012-02-22,0.21450113420253986
2012-02-23,0.2168358859357219
2012-02-24,0.17526966778218656
2012-02-27,0.15551322626027472
2012-02-28,0.19740305124917573
2012-02-29,0.1759224811945624
2012-03-01,0.1916930462692635
2012-03-02,0.1666728725511888
2012-03-05,0.17211479841911562
2012-03-06,0.15989069521694588
2012-03-07,0.17254185884039494
2012-03-08,0.186399371923366
2012-03-09,0.152171496401575
2012-03-12,0.16540685820261747
2012-03-13,0.14977598078807464
2012-03-14,0.18257387578421527
2012-03-15,0.18761557243666094
2012-03-16,0.14822955499341411
2012-03-19,0.17138559955873614
2012-03-20,0.1185676979401815
2012-03-21,0.21475214727506053
2012-03-22,0.15354286962228328
2012-03-23,0.11770411188405372
2012-03-26,0.1251916890277232
2012-03-27,0.12413041111426396
2012-03-28,0.1053324292947805
2012-03-29,0.14779623780157136
2012-03-30,0.16825852452831339
2012-04-02,0.13640610901918665
2012-04-03,0.13828899951169568
2012-04-04,0.1373320200991679
2012-04-05,0.14481287361908546
2012-04-09,0.1294885174791381
2012-04-10,0.14227200741221438
2012-04-11,0.15788848078916534
2012-04-12,0.14418688163329238
2012-04-13,0.1554991160350841
2012-04-16,0.17554738219159755
2012-04-17,0.16876806788257404
2012-04-18,0.1506798265838143
2012-04-19,0.15862098918582995
2012-04-20,0.18558227751554612
2012-04-23,0.16155924011675127
2012-04-24,0.18837719043868806
2012-04-25,0.1561614949604252
2012-04-26,0.14705974485116544
2012-04-27,0.15609840208778875
2012-04-30,0.15045397825285012
2012-05-01,0.13542740409996112
2012-05-02,0.14744219424012278
2012-05-03,0.16086913302341294
2012-05-04,0.12015102185029188
2012-05-07,0.115582838026278
2012-05-08,0.13722651143412573
2012-05-09,0.10378059368993792
2012-05-10,0.12560267945985804
2012-05-11,0.13537955872031815
2012-05-14,0.13225550852035112
2012-05-15,0.12475955822059273
2012-05-16,0.12656480348661542
2012-05-17,0.13381951610767576
2012-05-18,0.13146662198223674
2012-05-21,0.1277342520144717
2012-05-22,0.12395020010721516
2012-05-23,0.09158912433350022
2012-05-24,0.13357744160679907
2012-05-25,0.1258719737927807
2012-05-29,0.1285567121151237
2012-05-30,0.12202646570291417
2012-05-31,0.13366058631674035
2012-06-01,0.1289755924538592
2012-06-04,0.15247565757006332
2012-06-05,0.15182746362127203
2012-06-06,0.13545958372741107
2012-06-07,0.14092393585496038
2012-06-08,0.15283383926058033
2012-06-11,0.1329077664558861
2012-06-12,0.14721917904603293
2012-06-13,0.1425650557950298
2012-06-14,0.12053670622368129
2012-06-15,0.13843383316566316
2012-06-18,0.1170373555808254
2012-06-19,0.09207748550881789
2012-06-20,0.13072619904867328
2012-06-21,0.12098388240429184
2012-06-22,0.1094198347992211
2012-06-25,0.12702199484315377
2012-06-26,0.1280198135806614
2012-06-27,0.11185245263670805
2012-06-28,0.11482450003453892
2012-06-29,0.1422325739313489
2012-07-02,0.15473563803841506
2012-07-03,0.11412442467819925
2012-07-05,0.1365373785804303
2012-07-06,0.1296314871985804
2012-07-09,0.12116909191296699
2012-07-10,0.1330451585515119
2012-07-11,0.1255693495086339
2012-07-12,0.13270137124437248
2012-07-13,0.1294248829568752
2012-07-16,0.13547613544372006
2012-07-17,0.13569871246586687
2012-07-18,0.12650579324151096
2012-07-19,0.14265105171556708
2012-07-20,0.1865140131782676
2012-07-23,0.19850119761704307
2012-07-24,0.14812111263346855
2012-07-25,0.14595126563233413
2012-07-26,0.17596766172114328
2012-07-27,0.1717298680995942
2012-07-30,0.15403884685198665
2012-07-31,0.11090407969879262
2012-08-01,0.13289016577479743
2012-08-02,0.13058288321829353
2012-08-03,0.15022769450559423
2012-08-06,0.1662098110200926
2012-08-07,0.17305078815286015
2012-08-08,0.1878824087029614
2012-08-09,0.15950033846510359
2012-08-10,0.1758602770957018
2012-08-13,0.1585200811800952
2012-08-14,0.18804269852727867
2012-08-15,0.17175735751303156
2012-08-16,0.1600844799356413
2012-08-17,0.15165672915175565
2012-08-20,0.12781881369569903
2012-08-21,0.173152930955783
2012-08-22,0.13031451594468152
2012-08-23,0.14764197194883932
2012-08-24,0.16386553504992957
2012-08-27,0.1423206305224834
2012-08-28,0.1959633218806306
2012-08-29,0.1608324735703601
2012-08-30,0.14548985461460454
2012-08-31,0.13823094536841835
2012-09-04,0.1280156410556293
2012-09-05,0.14918285288052624
2012-09-06,0.14678799185024655
2012-09-07,0.1334259097857674
2012-09-10,0.21996788943037093
2012-09-11,0.15891223555330783
2012-09-12,0.14969573464251865
2012-09-13,0.16591021927786503
2012-09-14,0.15950173182694352
2012-09-17,0.20103053143616703
2012-09-18,0.18937661636927705
2012-09-19,0.13928975796311494
2012-09-20,0.16316205607749618
2012-09-21,0.16090646137596404
2012-09-24,0.14385862311777597
2012-09-25,0.1519936433331202
2012-09-26,0.2020891125048731
2012-09-27,0.17324981249207866
2012-09-28,0.17172277462559607
2012-10-01,0.16085316061678162
2012-10-02,0.1437302671916611
2012-10-03,0.16272294379311614
2012-10-04,0.17851890248975846
2012-10-05,0.13640896325313379
2012-10-08,0.16647445830125213
2012-10-09,0.14542049713562827
2012-10-10,0.18885223447193067
2012-10-11,0.20724834656067415
2012-10-12,0.22567112371594783
2012-10-15,0.1897421483658584
2012-10-16,0.22730922066578974
2012-10-17,0.20085300351328877
2012-10-18,0.227669596996228
2012-10-19,0.2654090927080836
2012-10-22,0.23788255706223244
2012-10-23,0.1675480480657925
2012-10-24,0.22480493974315205
2012-10-25,0.19720351858731172
2012-10-26,0.1637980267085265
2012-10-31,0.191003198276138
2012-11-01,0.1852846596236506
2012-11-02,0.17955717856328735
2012-11-05,0.21053626830020694
2012-11-06,0.17124717674258716
2012-11-07,0.16046440124926625
2012-11-08,0.2038027044330665
2012-11-09,0.1364902007404478
2012-11-12,0.14353455205405796
2012-11-13,0.15194602198689328
2012-11-14,0.17146081582775607
2012-11-15,0.1473810335198876
2012-11-16,0.17792341764394715
2012-11-19,0.15619611008977033
2012-11-20,0.16846429962728915
2012-11-21,0.1351274626931811
2012-11-23,0.13539609319364876
2012-11-26,0.10186607458513167
2012-11-27,0.13892594223940308
2012-11-28,0.1344714227771195
2012-11-29,0.12785865842968588
2012-11-30,0.12236266096324812
2012-12-03,0.14362244385997847
2012-12-04,0.15495189143535673
2012-12-05,0.1723407598665381
2012-12-06,0.20691974429713833
2012-12-07,0.14767915558223765
2012-12-10,0.15156974058482997
2012-12-11,0.1655395418240012
2012-12-12,0.1657485368296332
2012-12-13,0.18310714941610484
2012-12-14,0.1732068340929869
2012-12-17,0.16082959042726297
2012-12-18,0.16209457880124056
2012-12-19,0.20160052669529926
2012-12-20,0.16835039647307837
2012-12-21,0.1511287899187801
2012-12-24,0.1631162624125085
2012-12-26,0.10771413872720292
2012-12-27,0.13634985065863778
2012-12-28,0.11835422420842504
2012-12-31,0.1318231070530046
2013-01-02,0.14956006714231662
2013-01-03,0.2873968231109282
2013-01-04,0.17498865059387786
2013-01-07,0.1761697685094355
2013-01-08,0.15649035802381722
2013-01-09,0.20501727136950187
2013-01-10,0.17287208371998064
2013-01-11,0.1644599293276653
2013-01-14,0.1435938805019153
2013-01-15,0.15329584818371117
2013-01-16,0.15287037939438114
2013-01-17,0.1838467458206317
2013-01-18,0.18777876312571984
2013-01-22,0.18903763725156725
2013-01-23,0.1501106866945251
2013-01-24,0.2055543411043913
2013-01-25,0.19153967840981578
2013-01-28,0.17679771547586753
2013-01-29,0.17926060588835685
2013-01-30,0.21737910041542613
2013-01-31,0.16867229035337894
2013-02-01,0.2305685849380075
2013-02-04,0.15511480539296035
2013-02-05,0.1391608282086505
2013-02-06,0.24415716568683485
2013-02-07,0.19839201590781388
2013-02-08,0.18479965286542832
2013-02-11,0.14164353656822998
2013-02-12,0.1620301190564764
2013-02-13,0.1953626939710288
2013-02-14,0.1999137397481504
2013-02-15,0.17561209506045192
2013-02-19,0.16719216175927468
2013-02-20,0.1699633227744585
2013-02-21,0.19033883919388628
2013-02-22,0.1560130812030507
2013-02-25,0.15632193174402792
2013-02-26,0.19080656690030562
2013-02-27,0.14222063936399376
2013-02-28,0.1285641039448265
2013-03-01,0.15345086193794882
2013-03-04,0.1381995734397022
2013-03-05,0.17735442886704347
2013-03-06,0.14887589382750796
2013-03-07,0.1350789523885031
2013-03-08,0.1254189792940994
2013-03-11,0.14982262630172272
2013-03-12,0.14309979628869351
2013-03-13,0.15473764175649218
2013-03-14,0.1261015267314035
2013-03-15,0.15935521523156687
2013-03-18,0.17149344129894176
2013-03-19,0.1784356665407284
2013-03-20,0.1962875637305942
2013-03-21,0.18423594176411934
2013-03-22,0.1853830593891461
2013-03-25,0.11057214691614702
2013-03-26,0.13215748147192063
2013-03-27,0.1033278526788693
2013-03-28,0.10656385339314528
2013-04-01,0.10809189884883455
2013-04-02,0.15745503609962186
2013-04-03,0.1705481019859479
2013-04-04,0.16494986260354805
2013-04-05,0.12826896182213002
2013-04-08,0.170586041327487
2013-04-09,0.13794583843562752
2013-04-10,0.13813875727739086
2013-04-11,0.13458331998974643
2013-04-12,0.15109970788854285
2013-04-15,0.15000917732506275
2013-04-16,0.17084273058044022
2013-04-17,0.13003715037531163
2013-04-18,0.14226712069977349
2013-04-19,0.14561686268304885
2013-04-22,0.16707344706146038
2013-04-23,0.121445509964678
2013-04-24,0.13132519160669914
2013-04-25,0.19108527709182102
2013-04-26,0.1981880513138896
2013-04-29,0.142962414662632
2013-04-30,0.1560590434881507
2013-05-01,0.14165649072652375
2013-05-02,0.1423486484324602
2013-05-03,0.11902109609288584
2013-05-06,0.13851224691109534
2013-05-07,0.16866532676336038
2013-05-08,0.13851962707304055
2013-05-09,0.12287761180025276
2013-05-10,0.1470823084211495
2013-05-13,0.1472034708233671
2013-05-14,0.14766145682355136
2013-05-15,0.15652329852894847
2013-05-16,0.140159100991665
2013-05-17,0.17702581221744373
2013-05-20,0.1605618692231928
2013-05-21,0.1730606687066818
2013-05-22,0.17981455537566776
2013-05-23,0.14912547045400298
2013-05-24,0.15268703824980706
2013-05-28,0.13604584946111453
2013-05-29,0.1542387596810496
2013-05-30,0.22184598229658026
2013-05-31,0.15243641711427125
2013-06-03,0.1594883013216948
2013-06-04,0.1669082249445497
2013-06-05,0.14840153104767073
2013-06-06,0.16501680034305222
2013-06-07,0.15657855938734278
2013-06-10,0.14566711309586117
2013-06-11,0.16415049718841745
2013-06-12,0.17912077905331106
2013-06-13,0.12911442073968982
2013-06-14,0.17579665013514206
2013-06-17,0.1482038518502621
2013-06-18,0.17063377722161038
2013-06-19,0.13310702219458795
2013-06-20,0.17797066107715706
2013-06-21,0.1914891457255189
2013-06-24,0.17761762231676104
2013-06-25,0.1696050174608535
2013-06-26,0.17749006929469
2013-06-27,0.1579502781345211
2013-06-28,0.15417978771851126
2013-07-01,0.16656666435225514
2013-07-02,0.15846132035153904
2013-07-03,0.13964769831773843
2013-07-05,0.16216800744583898
2013-07-08,0.132251258679531
2013-07-09,0.17494807018054837
2013-07-10,0.1900394429909399
2013-07-11,0.17434753999795916
2013-07-12,0.1549260463782249
2013-07-15,0.2147865963946342
2013-07-16,0.20028198274056527
2013-07-17,0.20701590164439404
2013-07-18,0.15274577245353327
2013-07-19,0.18433841278127372
2013-07-22,0.25860866225156864
2013-07-23,0.1839096505414765
2013-07-24,0.17942208594202863
2013-07-25,0.17263058087775218
2013-07-26,0.16295833053616013
2013-07-29,0.1589242766002879
2013-07-30,0.14630211938891802
2013-07-31,0.1822125691961588
2013-08-01,0.16191278721670316
2013-08-02,0.17272903636536235
2013-08-05,0.17354423393783835
2013-08-06,0.1270054138807651
2013-08-07,0.14523029621078098
2013-08-08,0.16131859936397525
2013-08-09,0.17882035903991544
2013-08-12,0.18282832691942813
2013-08-13,0.14746180804231723
2013-08-14,0.1672356155942389
2013-08-15,0.16003372628193688
2013-08-16,0.20899464253983369
2013-08-19,0.16753338069680107
2013-08-20,0.15968317139683363
2013-08-21,0.16331547405538793
2013-08-22,0.1669867487430134
2013-08-23,0.16642631372615102
2013-08-26,0.16877407921089643
2013-08-27,0.16750254454743135
2013-08-28,0.17204760911736947
2013-08-29,0.1898182432602008
2013-08-30,0.1670790330829007
2013-09-03,0.1722123887588193
2013-09-04,0.18713612942183208
2013-09-05,0.14838074411531493
2013-09-06,0.15255574452914586
2013-09-09,0.11360710858683291
2013-09-10,0.11307003751732664
2013-09-11,0.1533359072804218
2013-09-12,0.1360886977924622
2013-09-13,0.13772256045591744
2013-09-16,0.17932040911227076
2013-09-17,0.21332316881730362
2013-09-18,0.18143594469031746
2013-09-19,0.2415418322109421
2013-09-20,0.1711910824690745
2013-09-23,0.16352632953126794
2013-09-24,0.17655646517944876
2013-09-25,0.16829308550511762
2013-09-26,0.14992412385465576
2013-09-27,0.1392258300599677
2013-09-30,0.1258243227361099
2013-10-01,0.13123150866685102
2013-10-02,0.14088445584390288
2013-10-03,0.15240921002581514
2013-10-04,0.140081849589551
2013-10-07,0.1471725864895151
2013-10-08,0.16740650937597074
2013-10-09,0.1451366709385794
2013-10-10,0.14626805140059737
2013-10-11,0.16953589278515196
2013-10-14,0.19582377064162815
2013-10-15,0.21461626468189576
2013-10-16,0.15355206635766294
2013-10-17,0.1899533448486424
2013-10-18,0.2196788449326405
2013-10-21,0.19591878780144245
2013-10-22,0.1568375258045373
2013-10-23,0.16876317923631443
2013-10-24,0.21641498742486392
2013-10-25,0.18102821579955067
2013-10-28,0.13567913828798683
2013-10-29,0.16909080915182262
2013-10-30,0.15264042418634088
2013-10-31,0.168674367631173
2013-11-01,0.1716430855790302
2013-11-04,0.19332713289702763
2013-11-05,0.13544432397322753
2013-11-06,0.1777218662505945
2013-11-07,0.2085136177207934
2013-11-08,0.2196818889173321
2013-11-11,0.20588919301260572
2013-11-12,0.1333749783069556
2013-11-13,0.16086844910691248
2013-11-14,0.12743179339241745
2013-11-15,0.1785769570411614
2013-11-18,0.15194657022705552
2013-11-19,0.16866977556520096
2013-11-20,0.1860629432660295
2013-11-21,0.23157210665901196
2013-11-22,0.16423922345445285
2013-11-25,0.16409231957423573
2013-11-26,0.17503411255960358
2013-11-27,0.1818396696738968
2013-11-29,0.15359018997067928
2013-12-02,0.13043567319513769
2013-12-03,0.1829028482188886
2013-12-04,0.17416658045669325
2013-12-05,0.18317059936937297
2013-12-06,0.1951078743028265
2013-12-09,0.1810949132631608
2013-12-10,0.15737595998946663
2013-12-11,0.16987930170922227
2013-12-12,0.17237565456785714
2013-12-13,0.22778628527697634
2013-12-16,0.17934556380844752
2013-12-17,0.17935134317805856
2013-12-18,0.1543663824340229
2013-12-19,0.20280428538298687
2013-12-20,0.15637825046317927
2013-12-23,0.1715767450564566
2013-12-24,0.16685831921381028
2013-12-26,0.11925710984603978
2013-12-27,0.12035835003458753
2013-12-30,0.1378479050239898
2013-12-31,0.14153432482005127
2014-01-02,0.11869110030398465
2014-01-03,0.413061365755935
2014-01-06,0.1260689779592294
2014-01-07,0.14801667357126475
2014-01-08,0.1589124590548382
2014-01-09,0.17906495688849386
2014-01-10,0.15492182119449016
2014-01-13,0.15939967051179427
2014-01-14,0.10294939947054724
2014-01-15,0.1393406519314987
2014-01-16,0.1419428040857619
2014-01-17,0.14514675287438056
2014-01-21,0.14367920744451568
2014-01-22,0.16584957365314473
2014-01-23,0.1846422017411452
2014-01-24,0.1618121405246934
2014-01-27,0.15178131084184082
2014-01-28,0.17887536726880598
2014-01-29,0.1655641244649322
2014-01-30,0.18740394397395238
2014-01-31,0.15375914907187072
2014-02-03,0.1350172765558691
2014-02-04,0.10066726294592561
2014-02-05,0.15318923375371896
2014-02-06,0.15613123571740156
2014-02-07,0.09517072434031904
2014-02-10,0.10180261702390796
2014-02-11,0.12813191867401194
2014-02-12,0.09280288262093588
2014-02-13,0.10369388314054354
2014-02-14,0.0734907202686724
2014-02-18,0.08610411241706618
2014-02-19,0.0923696389833652
2014-02-20,0.11601847144458488
2014-02-21,0.09426817807675525
2014-02-24,0.11653799954939772
2014-02-25,0.11532688364564794
2014-02-26,0.12720755813012424
2014-02-27,0.12182532711836364
2014-02-28,0.11097619951425498
2014-03-03,0.12247957310222264
2014-03-04,0.12347324301695205
2014-03-05,0.12525762909285532
2014-03-06,0.15182581951845464
2014-03-07,0.13295745099146938
2014-03-10,0.11441975951105443
2014-03-11,0.13334614123596408
2014-03-12,0.12713259492846485
2014-03-13,0.14131917312179165
2014-03-14,0.0902531388505467
2014-03-17,0.16146659318443413
2014-03-18,0.16809766109653485
2014-03-19,0.1304692815949801
2014-03-20,0.12665722274188826
2014-03-21,0.13424510641501902
2014-03-24,0.15330388154414565
2014-03-25,0.1223296937980894
2014-03-26,0.1582664677809898
2014-03-27,0.1438570126989945
2014-03-28,0.150300921576618
2014-03-31,0.13613722448492238
2014-04-01,0.15265011250379318
2014-04-02,0.15931099904336515
2014-04-03,0.12939258300477094
2014-04-04,0.12931009640053426
2014-04-07,0.10006636073434508
2014-04-08,0.16620324200523684
2014-04-09,0.13312835698614045
2014-04-10,0.1271318019976304
2014-04-11,0.11630189697441323
2014-04-14,0.1478861912038138
2014-04-15,0.11883122334837205
2014-04-16,0.10986316624735426
2014-04-17,0.13923813904834004
2014-04-21,0.11887573167007952
2014-04-22,0.10033908131223035
2014-04-23,0.12585011474963217
2014-04-24,0.11488184867402992
2014-04-25,0.11926923812567992
2014-04-28,0.108440212396829
2014-04-29,0.131351768398012
2014-04-30,0.13030956429341153
2014-05-01,0.10612835198334439
2014-05-02,0.09719104728338844
2014-05-05,0.12172011914606237
2014-05-06,0.09407541387756327
2014-05-07,0.10792438953701883
2014-05-08,0.14614603266042053
2014-05-09,0.13828142089641263
2014-05-12,0.11435375701091474
2014-05-13,0.10629421110779348
2014-05-14,0.11565717837632938
2014-05-15,0.11009733498433086
2014-05-16,0.1212304688329423
2014-05-19,0.12074655471833064
2014-05-20,0.09800719774505169
2014-05-21,0.12434430385511916
2014-05-22,0.08996086349781071
2014-05-23,0.10957543594594608
2014-05-27,0.1044217700743919
2014-05-28,0.1375727532866422
2014-05-29,0.12108872568035126
2014-05-30,0.12786011849430348
2014-06-02,0.12609025856336295
2014-06-03,0.11523053868577604
2014-06-04,0.12409855305802087
2014-06-05,0.09563386904012472
2014-06-06,0.11676811445111253
2014-06-09,0.10326747481394945
2014-06-10,0.12176241225035292
2014-06-11,0.11197605667789251
2014-06-12,0.12319548909123557
2014-06-13,0.1317596247337093
2014-06-16,0.12132455061582359
2014-06-17,0.1338751104211693
2014-06-18,0.12764324839288163
2014-06-19,0.11239152380970532
2014-06-20,0.13745277125270233
2014-06-23,0.1394620175596134
2014-06-24,0.13304678377281332
2014-06-25,0.15049829119028846
2014-06-26,0.1271029026024371
2014-06-27,0.1178554370496465
2014-06-30,0.14151445643391483
2014-07-01,0.15605301393390358
2014-07-02,0.16661914220350804
2014-07-03,0.11785194541995786
2014-07-07,0.1175241043553283
2014-07-08,0.11116904998097302
2014-07-09,0.12774637154151444
2014-07-10,0.1345578600898405
2014-07-11,0.1177956018903646
2014-07-14,0.1328165837147303
2014-07-15,0.13751325825918437
2014-07-16,0.1459652329986123
2014-07-17,0.17943017592968824
2014-07-18,0.14757350416709458
2014-07-21,0.13048567363435407
2014-07-22,0.12382287191158942
2014-07-23,0.12880362734415396
2014-07-24,0.14860578336311703
2014-07-25,0.1321235329159841
2014-07-28,0.13161867924329945
2014-07-29,0.14582944455386562
2014-07-30,0.1281641496915376
2014-07-31,0.1656766287769722
2014-08-01,0.1242482387027117
2014-08-04,0.1797769969838514
2014-08-05,0.13362416573231
2014-08-06,0.15127272896250027
2014-08-07,0.11482726783020492
2014-08-08,0.1076914131902378
2014-08-11,0.1018599755182609
2014-08-12,0.0965070855775616
2014-08-13,0.10278620515892364
2014-08-14,0.10029544149702208
2014-08-15,0.1099150882382273
2014-08-18,0.1114354474202986
2014-08-19,0.08660888022018698
2014-08-20,0.10442327188760941
2014-08-21,0.10070147786775865
2014-08-22,0.10891819753876389
2014-08-25,0.09541330716974485
2014-08-26,0.11178968430356138
2014-08-27,0.11421590056272565
2014-08-28,0.10174801082029816
2014-08-29,0.09516722671012603
2014-09-02,0.09744540056899721
2014-09-03,0.144517160914779
2014-09-04,0.13437951063518133
2014-09-05,0.15815112374089083
2014-09-08,0.0965713289419069
2014-09-09,0.14271033953432288
2014-09-10,0.13500095503123233
2014-09-11,0.14947627661784477
2014-09-12,0.13383032993503616
2014-09-15,0.131372992734656
2014-09-16,0.1625253919394231
2014-09-17,0.07917230294149359
2014-09-18,0.11772760370825738
2014-09-19,0.10238161850544171
2014-09-22,0.12170833262437927
2014-09-23,0.1166751403985411
2014-09-24,0.15178651654051972
2014-09-25,0.1030054035805199
2014-09-26,0.08705492125113418
2014-09-29,0.10512473566497804
2014-09-30,0.09463127353455988
2014-10-01,0.12518479825139464
2014-10-02,0.11560412187697244
2014-10-03,0.12705860248475878
2014-10-06,0.1272414786881637
2014-10-07,0.11380316232551485
2014-10-08,0.10826014324995292
2014-10-09,0.08402120548769788
2014-10-10,0.0852852837034213
2014-10-13,0.13739847375789527
2014-10-14,0.12245662836108806
2014-10-15,0.14112905319047814
2014-10-16,0.1395994867759608
2014-10-17,0.08101766301663603
2014-10-20,0.12151892839261937
2014-10-21,0.06704480009545333
2014-10-22,0.057453181636153906
2014-10-23,0.08625336593564104
2014-10-24,0.08563396235576268
2014-10-27,0.07972105705985896
2014-10-28,0.06704474145370783
2014-10-29,0.08074606222833403
2014-10-30,0.08638997096180683
2014-10-31,0.07775569397932636
2014-11-03,0.10529023522729797
2014-11-04,0.09192509607598029
2014-11-05,0.09797975155006827
2014-11-06,0.10111899100015892
2014-11-07,0.10674159984795188
2014-11-10,0.10887341809624068
2014-11-11,0.1244365760092112
2014-11-12,0.09405596304655853
2014-11-13,0.08731765616689999
2014-11-14,0.12287150594190971
2014-11-17,0.12218112634420764
2014-11-18,0.1192030290174935
2014-11-19,0.11743471256904751
2014-11-20,0.11437761756145269
2014-11-21,0.11004818754058199
2014-11-24,0.1070851597385886
2014-11-25,0.11754683947313807
2014-11-26,0.15475583482873945
2014-11-28,0.12043675321601471
2014-12-01,0.14938807972983104
2014-12-02,0.15581810470435237
2014-12-03,0.11950469739477106
2014-12-04,0.14216034768900898
2014-12-05,0.11580604505598388
2014-12-08,0.12363938579524383
2014-12-09,0.13272248969749084
2014-12-10,0.1152566315166452
2014-12-11,0.08827122181827483
2014-12-12,0.11315401905246407
2014-12-15,0.1566269969461596
2014-12-16,0.1317707358011906
2014-12-17,0.19786493644190423
2014-12-18,0.1067516768253679
2014-12-19,0.14267458723178497
2014-12-22,0.11485864487169119
2014-12-23,0.10467380983459484
2014-12-24,0.1101738841475131
2014-12-26,0.0839357886608374
2014-12-29,0.08661974700343149
2014-12-30,0.08773674558459525
2014-12-31,0.08608890159530751
2015-01-02,0.011191417770311551
2015-01-05,0.21717532937776612
2015-01-06,0.02737551874068566
2015-01-07,0.025966206132436394
2015-01-08,0.023712332107812054
2015-01-09,0.018383358680758428
2015-01-12,0.019116560749091294
2015-01-13,0.026728557891480383
2015-01-14,0.022692797678226045
2015-01-15,0.02586460917065095
2015-01-16,0.023997259571305336
2015-01-20,0.023897980762855077
2015-01-21,0.025288514899174303
2015-01-22,0.02976970799072125
2015-01-23,0.026258676213866794
2015-01-26,0.025755834868062655
2015-01-27,0.01991587912851704
2015-01-28,0.03452259454327517
2015-01-29,0.024687045624899186
2015-01-30,0.026276605303027473
2015-02-02,0.03676354307529103
2015-02-03,0.029411219680954455
2015-02-04,0.026008204770741783
2015-02-05,0.02962384497901337
2015-02-06,0.02001173302734604
2015-02-09,0.028350893872320784
2015-02-10,0.02252649489299504
2015-02-11,0.024123247088570117
2015-02-12,0.02008463550100457
2015-02-13,0.02512323132154129
2015-02-17,0.023521086855420786
2015-02-18,0.01921755812934202
2015-02-19,0.019276173359021972
2015-02-20,0.02280882360853119
2015-02-23,0.017535379213577527
2015-02-24,0.020654976281400485
2015-02-25,0.021887623366969
2015-02-26,0.020005647966682527
2015-02-27,0.025213808729187992
2015-03-02,0.01650791696052599
2015-03-03,0.022404978786225577
2015-03-04,0.01968890392414404
2015-03-05,0.01683096315773274
2015-03-06,0.019215516415006562
2015-03-09,0.022620927440783957
2015-03-10,0.01975122960934585
2015-03-11,0.016186636595410406
2015-03-12,0.02139894825948843
2015-03-13,0.0214031799145579
2015-03-16,0.02053031871839492
2015-03-17,0.017808672027002884
2015-03-18,0.037116218099583306
2015-03-19,0.023379058544355125
2015-03-20,0.02078449205669938
2015-03-23,0.01986718022254544
2015-03-24,0.019243627105864795
2015-03-25,0.0187679762966252
2015-03-26,0.034365437252316375
2015-03-27,0.02354565815403121
2015-03-30,0.02525557796579985
2015-03-31,0.02050862682057777
2015-04-01,0.01750850710791408
2015-04-02,0.023985471343938386
2015-04-06,0.021127194274332597
2015-04-07,0.022667599607656772
2015-04-08,0.01920966421689558
2015-04-09,0.018618964658695975
2015-04-10,0.018861138374808968
2015-04-13,0.017912074201088066
2015-04-14,0.015679226236664998
2015-04-15,0.020529181754314126
2015-04-16,0.027169713738929416
2015-04-17,0.02174268149467172
2015-04-20,0.020066786094530262
2015-04-21,0.016471696335571842
2015-04-22,0.02342537460083672
2015-04-23,0.02151573094346978
2015-04-24,0.02433137421093034
2015-04-27,0.032784186932502374
2015-04-28,0.026195834969123415
2015-04-29,0.024089668964936382
2015-04-30,0.02610981429501108
2015-05-01,0.024988035813930318
2015-05-04,0.02303626603913464
2015-05-05,0.017127357677106166
2015-05-06,0.02097164311591099
2015-05-07,0.01591083082341045
2015-05-08,0.02904221139332778
2015-05-11,0.019047111539840775
2015-05-12,0.018696621120224455
2015-05-13,0.013387880226884148
2015-05-14,0.01773577842701652
2015-05-15,0.020436225618571526
2015-05-18,0.016443393981424637
2015-05-19,0.017396923820946125
2015-05-20,0.024991278400850598
2015-05-21,0.017494268499556265
2015-05-22,0.017844691907456932
2015-05-26,0.013636476435639852
2015-05-27,0.01741673648659144
2015-05-28,0.02375267473373389
2015-05-29,0.02008824177353196
2015-06-01,0.020026163400631944
2015-06-02,0.01639946199940954
2015-06-03,0.019460641245920056
2015-06-04,0.01892407435667925
2015-06-05,0.014520962325552
2015-06-08,0.019921453300943942
2015-06-09,0.01574598458120003
2015-06-10,0.017994999064820792
2015-06-11,0.017310509598020364
2015-06-12,0.0255520499486408
2015-06-15,0.013730024512718712
2015-06-16,0.014737857115304266
2015-06-17,0.011557591636641879
2015-06-18,0.014088454067303167
2015-06-19,0.01835773374876329
2015-06-22,0.016859000987584978
2015-06-23,0.01540128385743905
2015-06-24,0.017242812298053294
2015-06-25,0.015310344841742906
2015-06-26,0.017869069270748474
2015-06-29,0.024957748019727447
2015-06-30,0.01720803388504166
2015-07-01,0.018219567307849655
2015-07-02,0.02615298659141687
2015-07-06,0.015126039748264618
2015-07-07,0.03367339444000357
2015-07-08,0.022865494343902802
2015-07-09,0.01744590461388021
2015-07-10,0.016031588818500173
2015-07-13,0.019192250663052378
2015-07-14,0.018979184963249428
2015-07-15,0.018105180342025587
2015-07-16,0.021587491682574032
2015-07-17,0.025126890172682846
2015-07-20,0.027700199897396395
2015-07-21,0.027850459982164642
2015-07-22,0.02221121372660171
2015-07-23,0.028342995768573888
2015-07-24,0.031040121674343824
2015-07-27,0.028296619735534018
2015-07-28,0.03664217588724169
2015-07-29,0.02644783275406805
2015-07-30,0.021254807682479095
2015-07-31,0.024292838504455547
2015-08-03,0.0255123556279635
2015-08-04,0.026039912633170837
2015-08-05,0.02040082853658422
2015-08-06,0.033550692878307836
2015-08-07,0.03716327995400274
2015-08-10,0.02053244733901797
2015-08-11,0.02640556797830653
2015-08-12,0.02573036507352707
2015-08-13,0.0289305952281246
2015-08-14,0.025471331410665245
2015-08-17,0.020269869504257965
2015-08-18,0.015943785604966315
2015-08-19,0.018796521522270952
2015-08-20,0.023592695764732836
2015-08-21,0.025384626915042743
2015-08-24,0.025150287226509423
2015-08-25,0.03679978938522267
2015-08-26,0.03790240048807524
2015-08-27,0.038695280369730606
2015-08-28,0.0372679845042714
2015-08-31,0.02698174096721654
2015-09-01,0.022550411232743144
2015-09-02,0.022282084556676015
2015-09-03,0.01996058263080605
2015-09-04,0.017505797103778007
2015-09-08,0.017568658909759366
2015-09-09,0.024557165074969647
2015-09-10,0.019570644824566975
2015-09-11,0.020183948910989617
2015-09-14,0.01967404925346794
2015-09-15,0.01678727693941008
2015-09-16,0.015753805697413976
2015-09-17,0.024784067054583123
2015-09-18,0.023327675818759667
2015-09-21,0.027011421348775877
2015-09-22,0.020429258129061167
2015-09-23,0.021698233485434093
2015-09-24,0.023687024324706228
2015-09-25,0.0219895979369209
2015-09-28,0.02821158874272444
2015-09-29,0.030711154516174156
2015-09-30,0.023029519550419958
2015-10-01,0.025823370335658857
2015-10-02,0.024934443412363734
2015-10-05,0.03636226579459961
2015-10-06,0.028227941012073744
2015-10-07,0.03794374339323608
2015-10-08,0.02655017945148725
2015-10-09,0.02502268355559154
2015-10-12,0.019705780025815495
2015-10-13,0.027464210896740907
2015-10-14,0.021418927942090674
2015-10-15,0.027013186726052397
2015-10-16,0.026094292212794117
2015-10-19,0.02383309536700993
2015-10-20,0.027303276990578607
2015-10-21,0.02778231742402551
2015-10-22,0.02840504973761801
2015-10-23,0.03544336904943385
2015-10-26,0.03341771275337868
2015-10-27,0.02775044638886487
2015-10-28,0.031117841854552998
2015-10-29,0.025948618870897118
2015-10-30,0.024375835926613045
2015-11-02,0.031519508084459774
2015-11-03,0.026394076145801772
2015-11-04,0.026975198271437434
2015-11-05,0.024614339127225993
2015-11-06,0.030131304837057594
2015-11-09,0.029537779904326752
2015-11-10,0.023379746203748632
2015-11-11,0.021643654998033515
2015-11-12,0.0311979402520109
2015-11-13,0.019395347099141338
2015-11-16,0.029511006700941
2015-11-17,0.023395371529319895
2015-11-18,0.026435389982938692
2015-11-19,0.025644923361645942
2015-11-20,0.0283196159373618
2015-11-23,0.029561782213970367
2015-11-24,0.021807388991329044
2015-11-25,0.02796434542344836
2015-11-27,0.016887088774844877
2015-11-30,0.01699934717234324
2015-12-01,0.02199930903849348
2015-12-02,0.021120093989840837
2015-12-03,0.02783384925658055
2015-12-04,0.025867075980663127
2015-12-07,0.03221385643193696
2015-12-08,0.039957094383631236
2015-12-09,0.02425498451378074
2015-12-10,0.02731485424554958
2015-12-11,0.018057773047031066
2015-12-14,0.028763872678318207
2015-12-15,0.027929679553504914
2015-12-16,0.024364334150034556
2015-12-17,0.02287551276488184
2015-12-18,0.027544417003993845
2015-12-21,0.019166801970863106
2015-12-22,0.019221953854580746
2015-12-23,0.017214141863104746
2015-12-24,0.030973791231907095
2015-12-28,0.009864040119001782
2015-12-29,0.020855369006015766
2015-12-30,0.013558025899357382
2015-12-31,0.013834872330311956
2016-01-04,0.01086935676619085
2016-01-05,0.22617088968387675
2016-01-06,0.012282412664909946
2016-01-07,0.021543397897135365
2016-01-08,0.01809782921577279
2016-01-11,0.01597120940838723
2016-01-12,0.0244086255286178
2016-01-13,0.01746315056476363
2016-01-14,0.023092726253397738
2016-01-15,0.020598616760217382
2016-01-19,0.019413932659773286
2016-01-20,0.019953241092125873
2016-01-21,0.02113877648092256
2016-01-22,0.021794679615885368
2016-01-25,0.019057634102343426
2016-01-26,0.02133041210886737
2016-01-27,0.02001571604069554
2016-01-28,0.022144999975601428
2016-01-29,0.02762229888056295
2016-02-01,0.019014966739597926
2016-02-02,0.027420915506731654
2016-02-03,0.020455533321513876
2016-02-04,0.02714149935042449
2016-02-05,0.02219077502368459
2016-02-08,0.02309470584342851
2016-02-09,0.029596625686782285
2016-02-10,0.019739546304768752
2016-02-11,0.01746522436478972
2016-02-12,0.020207310474554253
2016-02-16,0.022572589457332037
2016-02-17,0.020878334570573632
2016-02-18,0.01844452829977133
2016-02-19,0.016772249245568485
2016-02-22,0.016016623307457657
2016-02-23,0.018852410633625062
2016-02-24,0.018020200452322926
2016-02-25,0.01645325906479828
2016-02-26,0.013852860405997917
2016-02-29,0.014132041522592845
2016-03-01,0.015841153424628225
2016-03-02,0.018041475496913404
2016-03-03,0.02279382114270999
2016-03-04,0.0251261036501072
2016-03-07,0.018908136227768192
2016-03-08,0.016319695088348626
2016-03-09,0.025434378548399646
2016-03-10,0.015041790761575802
2016-03-11,0.014038620135843012
2016-03-14,0.015744175583177863
2016-03-15,0.011591998860808039
2016-03-16,0.017372980848046445
2016-03-17,0.01681486859151521
2016-03-18,0.019371683994102905
2016-03-21,0.014737864192177475
2016-03-22,0.01263763173074505
2016-03-23,0.014024645003366563
2016-03-24,0.020357398628660997
2016-03-28,0.012636310421770193
2016-03-29,0.011001183587900247
2016-03-30,0.013543799643598878
2016-03-31,0.011765556951853265
2016-04-01,0.012788205234751202
2016-04-04,0.018548869409972933
2016-04-05,0.015275712486513542
2016-04-06,0.013989938245771348
2016-04-07,0.01867572908087162
2016-04-08,0.01571050188215153
2016-04-11,0.01399828159316004
2016-04-12,0.015428101282714364
2016-04-13,0.0222605237260742
2016-04-14,0.014002068834595587
2016-04-15,0.011941939072040716
2016-04-18,0.013360785391712439
2016-04-19,0.013149375651066164
2016-04-20,0.022616566273435466
2016-04-21,0.014559479401438771
2016-04-22,0.015483938359081576
2016-04-25,0.01670212469756828
2016-04-26,0.012695084033960712
2016-04-27,0.014260915109860595
2016-04-28,0.016740586589262033
2016-04-29,0.015053912596151258
2016-05-02,0.018096740546688094
2016-05-03,0.01381999913739071
2016-05-04,0.015836102515830515
2016-05-05,0.013025682082048861
2016-05-06,0.014359387915230039
2016-05-09,0.016926351488644166
2016-05-10,0.017068661770477667
2016-05-11,0.013427907189455985
2016-05-12,0.014314673287490297
2016-05-13,0.017879403741401036
2016-05-16,0.012831538614968555
2016-05-17,0.014256412788155495
2016-05-18,0.013411824005297905
2016-05-19,0.03215516826948656
2016-05-20,0.015655070839863977
2016-05-23,0.013362600205719683
2016-05-24,0.01199262951397188
2016-05-25,0.014017120303340062
2016-05-26,0.01563554284777792
2016-05-27,0.01306033442978647
2016-05-31,0.00987320912987011
2016-06-01,0.012773857832235641
2016-06-02,0.013537727855069593
2016-06-03,0.01247824870480296
2016-06-06,0.01368564554560062
2016-06-07,0.015027292439185191
2016-06-08,0.015816025114154905
2016-06-09,0.011476760095028144
2016-06-10,0.01195048059675241
2016-06-13,0.014865634781771435
2016-06-14,0.009529745712099198
2016-06-15,0.010812198033116895
2016-06-16,0.009698711103765915
2016-06-17,0.012429555495914521
2016-06-20,0.015211050266363987
2016-06-21,0.012513658211392874
2016-06-22,0.013562687072524721
2016-06-23,0.011536733152506133
2016-06-24,0.011695347973312408
2016-06-27,0.022395217033339496
2016-06-28,0.019559898365105462
2016-06-29,0.015205247804376218
2016-06-30,0.012892488831143141
2016-07-01,0.01388458587372801
2016-07-05,0.01518801371399565
2016-07-06,0.01814492988486244
2016-07-07,0.012062446014667664
2016-07-08,0.013634132707633882
2016-07-11,0.010734429669576632
2016-07-12,0.01148854534120227
2016-07-13,0.017428783418616388
2016-07-14,0.013719755635056011
2016-07-15,0.010200767423999158
2016-07-18,0.010981728124988488
2016-07-19,0.011362577334763736
2016-07-20,0.013108779425144143
2016-07-21,0.013005291102737907
2016-07-22,0.017941862257265632
2016-07-25,0.013754799664001883
2016-07-26,0.013051933813167816
2016-07-27,0.01349704350776925
2016-07-28,0.016072517737365247
2016-07-29,0.01328428507372095
2016-08-01,0.013329740184108466
2016-08-02,0.01739112176084327
2016-08-03,0.01514842025915818
2016-08-04,0.014941984460430286
2016-08-05,0.013269926093181922
2016-08-08,0.0144735364207733
2016-08-09,0.011687635521928908
2016-08-10,0.010483301865688435
2016-08-11,0.011607990119346327
2016-08-12,0.010453715564828481
2016-08-15,0.010482761301516201
2016-08-16,0.013287246253489609
2016-08-17,0.01163730210016441
2016-08-18,0.009604633311626903
2016-08-19,0.014007145781697868
2016-08-22,0.011090684691722245
2016-08-23,0.010197121964154131
2016-08-24,0.010790416128148135
2016-08-25,0.014127501503523748
2016-08-26,0.014177927265443726
2016-08-29,0.009878641580451361
2016-08-30,0.009655994252856782
2016-08-31,0.011285581537936306
2016-09-01,0.010136231288197607
2016-09-02,0.010702576735535266
2016-09-06,0.00987820858992106
2016-09-07,0.012696096709353965
2016-09-08,0.03171210860436299
2016-09-09,0.01625765577217202
2016-09-12,0.0155574773870381
2016-09-13,0.013161611376227619
2016-09-14,0.013833501554210353
2016-09-15,0.013804885469678611
2016-09-16,0.010301039621314177
2016-09-19,0.011921397824829934
2016-09-20,0.01182202547321293
2016-09-21,0.011160300169812985
2016-09-22,0.014492707629064561
2016-09-23,0.010888222858884248
2016-09-26,0.010627772773278279
2016-09-27,0.01176168877296244
2016-09-28,0.014646101409496603
2016-09-29,0.017262304698007137
2016-09-30,0.01771382717697302
2016-10-03,0.012966394117619504
2016-10-04,0.011060229932832512
2016-10-05,0.011614419955765926
2016-10-06,0.013844935487428569
2016-10-07,0.01086645896162551
2016-10-10,0.009453848829877879
2016-10-11,0.011469928532563914
2016-10-12,0.01603701371984529
2016-10-13,0.011730007700460541
2016-10-14,0.012282355881251901
2016-10-17,0.010722967449698487
2016-10-18,0.01147492026955511
2016-10-19,0.014597475922719
2016-10-20,0.013791672918103105
2016-10-21,0.011976761634210844
2016-10-24,0.013290277379357158
2016-10-25,0.013321809582430377
2016-10-26,0.014107698602723137
2016-10-27,0.015154070378918905
2016-10-28,0.01355369081334467
2016-10-31,0.019051386449296083
2016-11-01,0.01520382574406909
2016-11-02,0.012880422627270073
2016-11-03,0.015342642614355584
2016-11-04,0.018347682003609245
2016-11-07,0.013208837986392434
2016-11-08,0.014918879136335272
2016-11-09,0.012374547616168331
2016-11-10,0.03265146198693794
2016-11-11,0.02392298778018678
2016-11-14,0.01776662674336063
2016-11-15,0.020306311835518374
2016-11-16,0.017336478095380713
2016-11-17,0.014035425328225255
2016-11-18,0.014616950914040645
2016-11-21,0.011667539340625338
2016-11-22,0.014082937555729466
2016-11-23,0.015000333026016282
2016-11-25,0.013847913885939662
2016-11-28,0.010106444139194311
2016-11-29,0.013268140714361158
2016-11-30,0.0135251328001149
2016-12-01,0.029407446125291926
2016-12-02,0.019861930679568117
2016-12-05,0.012602811551251696
2016-12-06,0.01499824236895505
2016-12-07,0.014219485096278307
2016-12-08,0.0167005139118012
2016-12-09,0.013016823918142515
2016-12-12,0.014085155087114103
2016-12-13,0.01628515272590419
2016-12-14,0.011198059386898093
2016-12-15,0.014532664528044453
2016-12-16,0.012913028680866308
2016-12-19,0.014547402759936438
2016-12-20,0.012296267496635174
2016-12-21,0.011812465123611976
2016-12-22,0.011124452666398226
2016-12-23,0.014153288400316117
2016-12-27,0.009145139726747156
2016-12-28,0.008634234826458064
2016-12-29,0.009305580936341169
2016-12-30,0.008408054578640457
2017-01-03,0.013268929079084165
2017-01-04,0.22918611141704828
2017-01-05,0.019059739620593187
2017-01-06,0.018442668573545047
2017-01-09,0.016476858689667438
2017-01-10,0.016067661783016704
2017-01-11,0.022409463664638644
2017-01-12,0.019010812288194488
2017-01-13,0.015677725542229813
2017-01-17,0.016578845371326402
2017-01-18,0.02443037229287657
2017-01-19,0.019248684434456268
2017-01-20,0.023702248788824272
2017-01-23,0.02741742129331424
2017-01-24,0.024391911909066456
2017-01-25,0.024007942613513196
2017-01-26,0.02110366020114333
2017-01-27,0.029928000252107907
2017-01-30,0.024977506261049238
2017-01-31,0.017492951915903096
2017-02-01,0.025683333123654555
2017-02-02,0.026719306801695965
2017-02-03,0.022552403540385898
2017-02-06,0.01923468665801252
2017-02-07,0.015630900869255823
2017-02-08,0.022706596709009017
2017-02-09,0.021443025713207664
2017-02-10,0.022389187911083682
2017-02-13,0.01904018509294522
2017-02-14,0.017178142510121366
2017-02-15,0.01701920637115385
2017-02-16,0.0244252148599115
2017-02-17,0.021371883444940308
2017-02-21,0.020907092056315014
2017-02-22,0.018929178492644
2017-02-23,0.018182014150651397
2017-02-24,0.021136320696543164
2017-02-27,0.017989081147401706
2017-02-28,0.0166999359227328
2017-03-01,0.018634650271157377
2017-03-02,0.024734395853862952
2017-03-03,0.026947160909389308
2017-03-06,0.01569445928459596
2017-03-07,0.0146134227686231
2017-03-08,0.015362390857299752
2017-03-09,0.020843651529571162
2017-03-10,0.014898168955277917
2017-03-13,0.014091785431409626
2017-03-14,0.016095733266657405
2017-03-15,0.015915536071773987
2017-03-16,0.015947106295296276
2017-03-17,0.017890230274148784
2017-03-20,0.028077822828153326
2017-03-21,0.015638302315715974
2017-03-22,0.01950811060360369
2017-03-23,0.017728090073200323
2017-03-24,0.01478179807854395
2017-03-27,0.016074881405444448
2017-03-28,0.019171121646935477
2017-03-29,0.015569421966389248
2017-03-30,0.020117410487843483
2017-03-31,0.020104899046696524
2017-04-03,0.012872722713657041
2017-04-04,0.01747451507601647
2017-04-05,0.0334559857810719
2017-04-06,0.01882506494346338
2017-04-07,0.012808978132550136
2017-04-10,0.014177260537188296
2017-04-11,0.016891156047689905
2017-04-12,0.015794319492888634
2017-04-13,0.01446600380314738
2017-04-17,0.01831809620855581
2017-04-18,0.015430790140215613
2017-04-19,0.01661560578669969
2017-04-20,0.019976713627939534
2017-04-21,0.020645209369025037
2017-04-24,0.0161646833192238
2017-04-25,0.022238719727633156
2017-04-26,0.023010370311794225
2017-04-27,0.02294726350588746
2017-04-28,0.024896613625194713
2017-05-01,0.021399629284281255
2017-05-02,0.017599020509697784
2017-05-03,0.020334948091463946
2017-05-04,0.023589182139041216
2017-05-05,0.022910503721697853
2017-05-08,0.021996935734897947
2017-05-09,0.015837238475743504
2017-05-10,0.016891535108362034
2017-05-11,0.024575784942635286
2017-05-12,0.016951085893960202
2017-05-15,0.0149636126571474
2017-05-16,0.015986201761585214
2017-05-17,0.021441077474655845
2017-05-18,0.02499510166905669
2017-05-19,0.021531152266615214
2017-05-22,0.020828418825436845
2017-05-23,0.017168154977463268
2017-05-24,0.0194181390023955
2017-05-25,0.016765283131923787
2017-05-26,0.02355495941771648
2017-05-30,0.013595645029376515
2017-05-31,0.01668826151267158
2017-06-01,0.017876637301751024
2017-06-02,0.0201934185348419
2017-06-05,0.018537195575610177
2017-06-06,0.014139401644876976
2017-06-07,0.014509929034541322
2017-06-08,0.017683969854773527
2017-06-09,0.014082136973205924
2017-06-12,0.029808025777153895
2017-06-13,0.020980513463552227
2017-06-14,0.016729614291280167
2017-06-15,0.016737105067170535
2017-06-16,0.018620385074655743
2017-06-19,0.030026678546252274
2017-06-20,0.03660512650468163
2017-06-21,0.02108509179882526
2017-06-22,0.023222149080447046
2017-06-23,0.020872193341128317
2017-06-26,0.02974810954242199
2017-06-27,0.016681019651971985
2017-06-28,0.019121075339408773
2017-06-29,0.015212631193148442
2017-06-30,0.02165436603862865
2017-07-03,0.018173277337074478
2017-07-05,0.015706978681283516
2017-07-06,0.026484467859685886
2017-07-07,0.013389391050490395
2017-07-10,0.015249479449136722
2017-07-11,0.017204926512113982
2017-07-12,0.018498204482533448
2017-07-13,0.016241688348834646
2017-07-14,0.013424580723987374
2017-07-17,0.01607985858233285
2017-07-18,0.011962690154326865
2017-07-19,0.019367921349657296
2017-07-20,0.02321991086463899
2017-07-21,0.02541092130629894
2017-07-24,0.01951468047562612
2017-07-25,0.02253407271429655
2017-07-26,0.0344063895015714
2017-07-27,0.0226302518865288
2017-07-28,0.02967077725599314
2017-07-31,0.021036377872592157
2017-08-01,0.020222363949892685
2017-08-02,0.019624138833598828
2017-08-03,0.019538865643804647
2017-08-04,0.015639656723704154
2017-08-07,0.020375801376289727
2017-08-08,0.019700727356185214
2017-08-09,0.01805297836822533
2017-08-10,0.01944957117200683
2017-08-11,0.016411822811897944
2017-08-14,0.017070366671208224
2017-08-15,0.01647761670947062
2017-08-16,0.019295218332338868
2017-08-17,0.016596184902095475
2017-08-18,0.0170909587879334
2017-08-21,0.014101644939090566
2017-08-22,0.014460120217249909
2017-08-23,0.015486809410421113
2017-08-24,0.01986461400623677
2017-08-25,0.019650025563745663
2017-08-28,0.014185445084768336
2017-08-29,0.016646149967820358
2017-08-30,0.01504532054691131
2017-08-31,0.016644497443363757
2017-09-01,0.02551665571891029
2017-09-05,0.020587993405903653
2017-09-06,0.020033047136555963
2017-09-07,0.02003031305126107
2017-09-08,0.024294383626774673
2017-09-11,0.0191896465343109
2017-09-12,0.01844338956192788
2017-09-13,0.018433884893380437
2017-09-14,0.019399415941958174
2017-09-15,0.01688643878164433
2017-09-18,0.02689056856397788
2017-09-19,0.01529110921010376
2017-09-20,0.015868789010098742
2017-09-21,0.01780684052276083
2017-09-22,0.014040761009086026
2017-09-25,0.015152860954651291
2017-09-26,0.02494163063257856
2017-09-27,0.01326272774298518
2017-09-28,0.018127518703058593
2017-09-29,0.019345014633930256
2017-10-02,0.014013352554625332
2017-10-03,0.01565889243134612
2017-10-04,0.016269952003642417
2017-10-05,0.019037222430491885
2017-10-06,0.017518412626639654
2017-10-09,0.02038539063354508
2017-10-10,0.017277048014747082
2017-10-11,0.01651724268079196
2017-10-12,0.017727202521787923
2017-10-13,0.016643685337803454
2017-10-16,0.02177442808446656
2017-10-17,0.017422189568701826
2017-10-18,0.020123674581314015
2017-10-19,0.025394794313727445
2017-10-20,0.02641269316540718
2017-10-23,0.024932854748118988
2017-10-24,0.019131472797849613
2017-10-25,0.02376332838748839
2017-10-26,0.02627506006697866
2017-10-27,0.033718218134781194
2017-10-30,0.03515812396942304
2017-10-31,0.020895937102918132
2017-11-01,0.027370182329305562
2017-11-02,0.023544223586779916
2017-11-03,0.030212286381403605
2017-11-06,0.025609499849565467
2017-11-07,0.02564572292833023
2017-11-08,0.022109381302973272
2017-11-09,0.021942090776102315
2017-11-10,0.024330232698465258
2017-11-13,0.020386536405979386
2017-11-14,0.0185532002562177
2017-11-15,0.022820492252920266
2017-11-16,0.01806892425139161
2017-11-17,0.018025707782274976
2017-11-20,0.019537718126591656
2017-11-21,0.020078406525797426
2017-11-22,0.01776886574449312
2017-11-24,0.014260209326744374
2017-11-27,0.008324256314853411
2017-11-28,0.016988218152576177
2017-11-29,0.018313920510087282
2017-11-30,0.03072107360584028
2017-12-01,0.02415768089308671
2017-12-04,0.018314835582196244
2017-12-05,0.03576486707909481
2017-12-06,0.017701687662047237
2017-12-07,0.017419868501038934
2017-12-08,0.016580284445795734
2017-12-11,0.016741801796103288
2017-12-12,0.012543075325330472
2017-12-13,0.01615036195800642
2017-12-14,0.017287677801820674
2017-12-15,0.016167997743104505
2017-12-18,0.02299627140307134
2017-12-19,0.01463422084821129
2017-12-20,0.013442628490218125
2017-12-21,0.017005488090857765
2017-12-22,0.019120984008616827
2017-12-26,0.01208865237898211
2017-12-27,0.010724371171964477
2017-12-28,0.010433022991495892
2017-12-29,0.01054378139169588
2018-01-02,0.05733647440793153
2018-01-03,0.1718213748431269
2018-01-04,0.1074534434014041
2018-01-05,0.06589307466403012
2018-01-08,0.060707788332887
2018-01-09,0.07614840840167322
2018-01-10,0.06597383942096043
2018-01-11,0.05611859885748352
2018-01-12,0.09122968806995022
2018-01-16,0.09276517754913939
2018-01-17,0.07385842367933275
2018-01-18,0.09370537460681733
2018-01-19,0.07079430079978549
2018-01-22,0.05425873788037448
2018-01-23,0.07767432214928005
2018-01-24,0.1338379955166584
2018-01-25,0.10941448645370323
2018-01-26,0.12818366249836619
2018-01-29,0.10214302617078351
2018-01-30,0.0706797138579339
2018-01-31,0.0805821607205503
2018-02-01,0.09461916407088178
2018-02-02,0.11618884696983066
2018-02-05,0.08965189118538405
2018-02-06,0.14126789289386585
2018-02-07,0.14320948776047718
2018-02-08,0.12149663067552102
2018-02-09,0.09197107301992369
2018-02-12,0.17932557299609977
2018-02-13,0.12632070204123785
2018-02-14,0.09182425282233984
2018-02-15,0.0684228421171684
2018-02-16,0.0716703474353389
2018-02-20,0.06455861562888765
2018-02-21,0.09308342908450733
2018-02-22,0.04880696453115826
2018-02-23,0.03943588511556662
2018-02-26,0.03456056257088281
2018-02-27,0.07037319521825879
2018-02-28,0.1348813043416308
2018-03-01,0.05298215405409441
2018-03-02,0.04548390643813856
2018-03-05,0.0656530813151073
2018-03-06,0.04080036136587146
2018-03-07,0.04233949189122405
2018-03-08,0.043972812060259645
2018-03-09,0.04433772421887823
2018-03-12,0.042531637145035404
2018-03-13,0.05455741303466461
2018-03-14,0.03592359026175217
2018-03-15,0.025856376762883992
2018-03-16,0.03616530706282283
2018-03-19,0.03967800198106046
2018-03-20,0.03887918121426394
2018-03-21,0.03529143548082814
2018-03-22,0.04967934757397358
2018-03-23,0.042673402672960346
2018-03-26,0.04057689096954063
2018-03-27,0.052969800030779925
2018-03-28,0.060386293108199485
2018-03-29,0.049685057531513914
2018-04-02,0.048516148279418435
2018-04-03,0.056862659928976114
2018-04-04,0.041414687011184496
2018-04-05,0.031551624440233565
2018-04-06,0.07354439196029727
2018-04-09,0.039586815919570986
2018-04-10,0.04638174466004397
2018-04-11,0.07417546085689425
2018-04-12,0.04621703469605647
2018-04-13,0.04070525219321036
2018-04-16,0.041947235331859595
2018-04-17,0.04517963986320029
2018-04-18,0.054612891873173024
2018-04-19,0.05549039651897667
2018-04-20,0.06491730477027503
2018-04-23,0.040261002512487626
2018-04-24,0.06732641331603176
2018-04-25,0.05715715319782849
2018-04-26,0.08299208208209351
2018-04-27,0.11910739146309288
2018-04-30,0.08138843547259059
2018-05-01,0.06162807728883986
2018-05-02,0.07687124182465511
2018-05-03,0.06824322311461566
2018-05-04,0.05200241443439324
2018-05-07,0.0672796089242995
2018-05-08,0.05999073823913302
2018-05-09,0.05770980459291729
2018-05-10,0.10141751651509746
2018-05-11,0.032401001715741395
2018-05-14,0.06098784872263628
2018-05-15,0.051147564308766276
2018-05-16,0.04814375204216431
2018-05-17,0.06268245071047443
2018-05-18,0.07882517306923459
2018-05-21,0.03638616293581561
2018-05-22,0.03908254662695708
2018-05-23,0.07253843021232986
2018-05-24,0.052888392647507276
2018-05-25,0.05527197549755655
2018-05-29,0.047367964991264
2018-05-30,0.04330373852216085
2018-05-31,0.044980634864293004
2018-06-01,0.07362119206291055
2018-06-04,0.044831195876949496
2018-06-05,0.0561296101364404
2018-06-06,0.04883357661207521
2018-06-07,0.06853016518960245
2018-06-08,0.06271577812774827
2018-06-11,0.06316013377363965
2018-06-12,0.05468631035560891
2018-06-13,0.06121486615421136
2018-06-14,0.07615191305813647
2018-06-15,0.09403171444204093
2018-06-18,0.08163201321226775
2018-06-19,0.07552300209420018
2018-06-20,0.07058710388561339
2018-06-21,0.07589102638770824
2018-06-22,0.09235241387953103
2018-06-25,0.06970516836818594
2018-06-26,0.07896523850149388
2018-06-27,0.06208708523493027
2018-06-28,0.0616639352112211
2018-06-29,0.07109725190939109
2018-07-02,0.058454286524269705
2018-07-03,0.04595916945661251
2018-07-05,0.05530487132035939
2018-07-06,0.050373191054693935
2018-07-09,0.03929182270747286
2018-07-10,0.06421520955412399
2018-07-11,0.05853957488990441
2018-07-12,0.04859486242798376
2018-07-13,0.046724164699506
2018-07-16,0.05007500211055249
2018-07-17,0.07177310291416651
2018-07-18,0.07416369006435028
2018-07-19,0.07016523417726236
2018-07-20,0.06750789157437381
2018-07-23,0.05482350794773149
2018-07-24,0.09017916825453723
2018-07-25,0.06839163095579137
2018-07-26,0.06491344232358642
2018-07-27,0.08557254036019886
2018-07-30,0.1280409293021173
2018-07-31,0.14884708595134238
2018-08-01,0.0876176171745413
2018-08-02,0.10545696951557304
2018-08-03,0.07805570214919742
2018-08-06,0.0656374201453965
2018-08-07,0.057776072595737006
2018-08-08,0.07085301139512798
2018-08-09,0.047780062535068224
2018-08-10,0.0773390865311897
2018-08-13,0.044277185009226366
2018-08-14,0.05538096856483467
2018-08-15,0.06698102401542273
2018-08-16,0.07454561285259939
2018-08-17,0.06355852087633986
2018-08-20,0.07155351095947458
2018-08-21,0.05734351104548213
2018-08-22,0.0348910717290368
2018-08-23,0.09682372621991386
2018-08-24,0.06627858981163923
2018-08-27,0.045869426756648686
2018-08-28,0.05344639806430535
2018-08-29,0.057081291547459355
2018-08-30,0.037733167462073954
2018-08-31,0.05466935681546727
2018-09-04,0.057358979979248534
2018-09-05,0.0565181980142504
2018-09-06,0.0651865405785469
2018-09-07,0.07515621983520113
2018-09-10,0.05393922175262695
2018-09-11,0.05450263966903869
2018-09-12,0.06526767252555564
2018-09-13,0.06731132671916408
2018-09-14,0.07484058892273947
2018-09-17,0.059735362711938196
2018-09-18,0.05054021895729634
2018-09-19,0.04656189801523356
2018-09-20,0.07426414254265738
2018-09-21,0.08675514081353619
2018-09-24,0.06954408276896469
2018-09-25,0.06582910175217663
2018-09-26,0.05731644927685812
2018-09-27,0.05830155374278687
2018-09-28,0.06434598113832622
2018-10-01,0.08215913730045768
2018-10-02,0.06474397283005574
2018-10-03,0.05532117146030818
2018-10-04,0.04809390295127531
2018-10-05,0.07389028784306131
2018-10-08,0.08237383233892595
2018-10-09,0.05899743349244579
2018-10-10,0.06446007528314783
2018-10-11,0.10129295544527514
2018-10-12,0.07342170629559465
2018-10-15,0.09778232384427459
2018-10-16,0.07721107731960572
2018-10-17,0.07021425439558705
2018-10-18,0.09120440134306777
2018-10-19,0.08216790501426463
2018-10-22,0.10900666906126709
2018-10-23,0.10629326188374834
2018-10-24,0.08252676201092479
2018-10-25,0.06734215934708199
2018-10-26,0.08759037816129447
2018-10-29,0.09728131311145694
2018-10-30,0.08797389055455097
2018-10-31,0.13887144755509404
2018-11-01,0.08627889945391254
2018-11-02,0.09033978005134816
2018-11-05,0.08338905008055114
2018-11-06,0.08642185948334474
2018-11-07,0.08923341979379404
2018-11-08,0.09802578502691865
2018-11-09,0.12221569654330361
2018-11-12,0.12553315192481984
2018-11-13,0.09691206215354943
2018-11-14,0.0954104366349357
2018-11-15,0.07349704062280776
2018-11-16,0.10982947237949617
2018-11-19,0.11111031203438893
2018-11-20,0.11245096224844844
2018-11-21,0.128172607834773
2018-11-23,0.0929732179936221
2018-11-26,0.09338905155452396
2018-11-27,0.10459795087813804
2018-11-28,0.07003084963123439
2018-11-29,0.12445267239474178
2018-11-30,0.10831293631378038
2018-12-03,0.11566550478168787
2018-12-04,0.09694444545279389
2018-12-06,0.08963429115384337
2018-12-07,0.0909747239870657
2018-12-10,0.11231328647235089
2018-12-11,0.1005491429591413
2018-12-12,0.08045201856403518
2018-12-13,0.09485258213265182
2018-12-14,0.07504943701925947
2018-12-17,0.09623797301162126
2018-12-18,0.08488794773278463
2018-12-19,0.09059658566770794
2018-12-20,0.10394141707958987
2018-12-21,0.07169147029567205
2018-12-24,0.07565164021975679
2018-12-26,0.05953850443043031
2018-12-27,0.17844569055271034
2018-12-28,0.06786099526406625
2018-12-31,0.08839856163020346
2019-01-02,0.013641514780849167
2019-01-03,0.27298192379858094
2019-01-04,0.03266224489812522
2019-01-07,0.01945007822693204
2019-01-08,0.0212830508560825
2019-01-09,0.01885717349235648
2019-01-10,0.018877369128555962
2019-01-11,0.01761084285036857
2019-01-14,0.01674403805396634
2019-01-15,0.023356883564234023
2019-01-16,0.019825052646120604
2019-01-17,0.020424804902263435
2019-01-18,0.018747841023077194
2019-01-22,0.032980286434020234
2019-01-23,0.020282884088081904
2019-01-24,0.017274752691060297
2019-01-25,0.02624604110910223
2019-01-28,0.023581847419677802
2019-01-29,0.018690844619440906
2019-01-30,0.029599145799160283
2019-01-31,0.027045070115645175
2019-02-01,0.02621847494773575
2019-02-04,0.016432223794010173
2019-02-05,0.017150448731874705
2019-02-06,0.015219049131458981
2019-02-07,0.022126812196362845
2019-02-08,0.02097578337379409
2019-02-11,0.017472567071126873
2019-02-12,0.015949818371938807
2019-02-13,0.018991481092980905
2019-02-14,0.01626108617260829
2019-02-15,0.016709900966988867
2019-02-19,0.013697011790057237
2019-02-20,0.013868689441536719
2019-02-21,0.016328097007948357
2019-02-22,0.01693744230928309
2019-02-25,0.015962312421187976
2019-02-26,0.01487266711271085
2019-02-27,0.013036650947439556
2019-02-28,0.019356669424507394
2019-03-01,0.020479535662252656
2019-03-04,0.01670183189111983
2019-03-05,0.018460514510418795
2019-03-06,0.017255030858354573
2019-03-07,0.01936222304433293
2019-03-08,0.0182645434543479
2019-03-11,0.016326858880352454
2019-03-12,0.018094635056053326
2019-03-13,0.01660645410571685
2019-03-14,0.01741391609540121
2019-03-15,0.017138625850575025
2019-03-18,0.0209509227708444
2019-03-19,0.01655169870566857
2019-03-20,0.02461533499982014
2019-03-21,0.01975794859607869
2019-03-22,0.021462513907484368
2019-03-25,0.021526719193220634
2019-03-26,0.017751007098334666
2019-03-27,0.017544679104172775
2019-03-28,0.013445222537034857
2019-03-29,0.014054379725766945
2019-04-01,0.012692347482169384
2019-04-02,0.016772757637122968
2019-04-03,0.017830056113294152
2019-04-04,0.017298059021838435
2019-04-05,0.013978222527212862
2019-04-08,0.013314861316746956
2019-04-09,0.015111631439556761
2019-04-10,0.013516038419592176
2019-04-11,0.013842324406525927
2019-04-12,0.0144809049472635
2019-04-15,0.0313504738778381
2019-04-16,0.017805577090641306
2019-04-17,0.021592178288336636
2019-04-18,0.024168850194436337
2019-04-22,0.02385341447393336
2019-04-23,0.018710569689583914
2019-04-24,0.018740281678855546
2019-04-25,0.02026677995288787
2019-04-26,0.023624693663033988
2019-04-29,0.021439102804995475
2019-04-30,0.015427225300486512
2019-05-01,0.021287210477238905
2019-05-02,0.021812043540377375
2019-05-03,0.019099203311612335
2019-05-06,0.018987175880609906
2019-05-07,0.018046682368326843
2019-05-08,0.019435949033522824
2019-05-09,0.01811469673863135
2019-05-10,0.01917801029389213
2019-05-13,0.01592856402731027
2019-05-14,0.021581471971506193
2019-05-15,0.015028624218214642
2019-05-16,0.01680045583466831
2019-05-17,0.015075979063399305
2019-05-20,0.017582049507134278
2019-05-21,0.022181789665586375
2019-05-22,0.013628744488469308
2019-05-23,0.020841116857094933
2019-05-24,0.022480703895488924
2019-05-28,0.01598403744384936
2019-05-29,0.020516921232438617
2019-05-30,0.01564959296819215
2019-05-31,0.01838711288809105
2019-06-03,0.017174951238775257
2019-06-04,0.020520699963334117
2019-06-05,0.01954291979178286
2019-06-06,0.018823604772514886
2019-06-07,0.01672716890388433
2019-06-10,0.01832808415445304
2019-06-11,0.020319797606168546
2019-06-12,0.015501634131799443
2019-06-13,0.019711884543600008
2019-06-14,0.01481154096274433
2019-06-17,0.016315289159356167
2019-06-18,0.01439954279565998
2019-06-19,0.017247564918827254
2019-06-20,0.01821053982727662
2019-06-21,0.01846994325462346
2019-06-24,0.02115546033114204
2019-06-25,0.01610250444482661
2019-06-26,0.02579085707007444
2019-06-27,0.025264024483960663
2019-06-28,0.019733589965968305
2019-07-01,0.028026349222868535
2019-07-02,0.017031022346532903
2019-07-03,0.0193303640650051
2019-07-05,0.010966622791638889
2019-07-08,0.014726583389725642
2019-07-09,0.0169412817362192
2019-07-10,0.027138418834157612
2019-07-11,0.015024249340164594
2019-07-12,0.021028978515503297
2019-07-15,0.01815659484108536
2019-07-16,0.013825213133421294
2019-07-17,0.015158402609585226
2019-07-18,0.018536661761486835
2019-07-19,0.01748519962529468
2019-07-22,0.01838341711335323
2019-07-23,0.014508716930067568
2019-07-24,0.017850021946737182
2019-07-25,0.02273817907600224
2019-07-26,0.029127878309537905
2019-07-29,0.02157095972957707
2019-07-30,0.01869529650906457
2019-07-31,0.019990328102722416
2019-08-01,0.02303249399684021
2019-08-02,0.023437849107091936
2019-08-05,0.017939637126520306
2019-08-06,0.02074089979164335
2019-08-07,0.01626915353241377
2019-08-08,0.020115942753476487
2019-08-09,0.02365662927521419
2019-08-12,0.024856198793427146
2019-08-13,0.019077253077272843
2019-08-14,0.016637755634945215
2019-08-15,0.017003960346237707
2019-08-16,0.018608874953075935
2019-08-19,0.01454239334523846
2019-08-20,0.016560966272482876
2019-08-21,0.015552897484660246
2019-08-22,0.02062475470334004
2019-08-23,0.015831453058325153
2019-08-26,0.016634698501636278
2019-08-27,0.014790326697371962
2019-08-28,0.020854746142610188
2019-08-29,0.017322650957443515
2019-08-30,0.015691224550774235
2019-09-03,0.014119681933503943
2019-09-04,0.01663393752548733
2019-09-05,0.015365578699998765
2019-09-06,0.01994768370928004
2019-09-09,0.01450161466116852
2019-09-10,0.021679995688374393
2019-09-11,0.020199004757179798
2019-09-12,0.015618101914073357
2019-09-13,0.017606817638600045
2019-09-16,0.02076196085731244
2019-09-17,0.02395273080530888
2019-09-18,0.018239405988788614
2019-09-19,0.014780539257527443
2019-09-20,0.015289685781092268
2019-09-23,0.019870788895476853
2019-09-24,0.012230657061910758
2019-09-25,0.017647102608307923
2019-09-26,0.01922365202454579
2019-09-27,0.016558195969792723
2019-09-30,0.017396760947063307
2019-10-01,0.01533582203165747
2019-10-02,0.017785983186689627
2019-10-03,0.016850838272160572
2019-10-04,0.016938443352417457
2019-10-07,0.01337940232720461
2019-10-08,0.013208263320359567
2019-10-09,0.014396140288492685
2019-10-10,0.012387156544658127
2019-10-11,0.016513131484744786
2019-10-14,0.017420290881928577
2019-10-15,0.015125533472819277
2019-10-16,0.020277096528831716
2019-10-17,0.0158308229974105
2019-10-18,0.016471341584073266
2019-10-21,0.021964391688936748
2019-10-22,0.017934553035623843
2019-10-23,0.031019836076793303
2019-10-24,0.02424498525541807
2019-10-25,0.034223615075760626
2019-10-28,0.022775730088021882
2019-10-29,0.017513823079130433
2019-10-30,0.020832316628023213
2019-10-31,0.021389297856365803
2019-11-01,0.02260076420854362
2019-11-04,0.020004871670896027
2019-11-05,0.022558565476483793
2019-11-06,0.022008790300049923
2019-11-07,0.018421796987597744
2019-11-08,0.025332697318726283
2019-11-11,0.017970028348885145
2019-11-12,0.01594865472658657
2019-11-13,0.01633699938021734
2019-11-14,0.014912009815259968
2019-11-15,0.01650495798624315
2019-11-18,0.01907861552690736
2019-11-19,0.01675524988962239
2019-11-20,0.021746543663969116
2019-11-21,0.031700129569281414
2019-11-22,0.025507245979362835
2019-11-25,0.015284992837943392
2019-11-26,0.016317647186458062
2019-11-27,0.021171973928009943
2019-11-29,0.0150589201122924
2019-12-02,0.007889048199216401
2019-12-03,0.014699552632098349
2019-12-04,0.014596851300399893
2019-12-05,0.01662084722902181
2019-12-06,0.014061108995864395
2019-12-09,0.016964781691893034
2019-12-10,0.013867994109113987
2019-12-11,0.014997487243177622
2019-12-12,0.013346837456930695
2019-12-13,0.02166473002794147
2019-12-16,0.016540270536654758
2019-12-17,0.016002382787473603
2019-12-18,0.017007099852951145
2019-12-19,0.019828592469760264
2019-12-20,0.014443837021800122
2019-12-23,0.020779403341595046
2019-12-24,0.015538762552379518
2019-12-26,0.006457231879521368
2019-12-27,0.010739442916872078
2019-12-30,0.00847908182280191
2019-12-31,0.010564797020718785
2020-01-02,0.11099872588349247
2020-01-03,0.2710562977187276
2020-01-06,0.1575371422149842
2020-01-07,0.12463598502945472
2020-01-08,0.1354502055749624
2020-01-09,0.13239582127361318
2020-01-10,0.10621353717947415
2020-01-13,0.14281530765576203
2020-01-14,0.13416753410629112
2020-01-15,0.1372327140069503
2020-01-16,0.1837341779509002
2020-01-17,0.12983789943780477
2020-01-21,0.2373613237361284
2020-01-22,0.20021049416288972
2020-01-23,0.18827637139617512
2020-01-24,0.17657557466115537
2020-01-27,0.20353954594716378
2020-01-28,0.20935638236463405
2020-01-29,0.16703045594823068
2020-01-30,0.17960826075867037
2020-01-31,0.23801496077635625
2020-02-03,0.22790770675117938
2020-02-04,0.17376223155494327
2020-02-05,0.14162896200755337
2020-02-06,0.16961185080137509
2020-02-07,0.1537347190709117
2020-02-10,0.14699466058956384
2020-02-11,0.11255018221510643
2020-02-12,0.14651458856230168
2020-02-13,0.1515526722299327
2020-02-14,0.1506707328424821
2020-02-18,0.13911434009683285
2020-02-19,0.14095660925628867
2020-02-20,0.15648024524837495
2020-02-21,0.1315185370622241
2020-02-24,0.17532235105627986
2020-02-25,0.21926620093787846
2020-02-26,0.1970540686373739
2020-02-27,0.1371309579911474
2020-02-28,0.1642802602789717
2020-03-02,0.199921258740187
2020-03-03,0.21060183798658147
2020-03-04,0.17493046771092882
2020-03-05,0.18294022253207248
2020-03-06,0.13304136078261053
2020-03-09,0.14789656301440596
2020-03-10,0.16163303783100744
2020-03-11,0.14239650349631405
2020-03-12,0.12884967942498543
2020-03-13,0.12948538339169194
2020-03-16,0.26290691415762224
2020-03-17,0.1580437090438212
2020-03-18,0.25516420029763076
2020-03-19,0.1850638975380943
2020-03-20,0.20074492592791277
2020-03-23,0.18503008163927612
2020-03-24,0.14716020072976344
2020-03-25,0.20926205891376093
2020-03-26,0.213477627578451
2020-03-27,0.18432482111643042
2020-03-30,0.12995770535103912
2020-03-31,0.1729135322349771
2020-04-01,0.13537688702578657
2020-04-02,0.11151983704306251
2020-04-03,0.1858493212800702
2020-04-06,0.10707344771270964
2020-04-07,0.14090090592991528
2020-04-08,0.13313959969811495
2020-04-09,0.14978183308464055
2020-04-13,0.1563218134617432
2020-04-14,0.14283780318308031
2020-04-15,0.12122306985285078
2020-04-16,0.09412019408432365
2020-04-17,0.1236198788957206
2020-04-20,0.12120345350168402
2020-04-21,0.1210622337955378
2020-04-22,0.0997968404664059
2020-04-23,0.15386139394514642
2020-04-24,0.12357621810722416
2020-04-27,0.1458045622407264
2020-04-28,0.13015125971882224
2020-04-29,0.1517147499726929
2020-04-30,0.1656880116038203
2020-05-01,0.1810981332692454
2020-05-04,0.18652070593095266
2020-05-05,0.16174040399071066
2020-05-06,0.14530683437550734
2020-05-07,0.10220516297536004
2020-05-08,0.10870585354352569
2020-05-11,0.14231033573144897
2020-05-12,0.1232200899311025
2020-05-13,0.09494626015711155
2020-05-14,0.09604814169440684
2020-05-15,0.12676243591310446
2020-05-18,0.09530401098774846
2020-05-19,0.14411590458106363
2020-05-20,0.132654407788094
2020-05-21,0.11631238329238819
2020-05-22,0.1295460141518654
2020-05-26,0.12399807593796487
2020-05-27,0.18007418419738422
2020-05-28,0.24085539564002434
2020-05-29,0.19981111120585923
2020-06-01,0.1755828446304383
2020-06-02,0.15020238931774305
2020-06-03,0.2186666031514225
2020-06-04,0.38420278322158324
2020-06-05,0.2190485700458999
2020-06-08,0.3668683424077157
2020-06-09,0.31978270789016217
2020-06-10,0.27552720714323464
2020-06-11,0.43450959420630847
2020-06-12,0.25445130453023446
2020-06-15,0.35918709252026815
2020-06-16,0.2599138442151634
2020-06-17,0.3833965412814414
2020-06-18,0.34724415624209
2020-06-19,0.2536135045491207
2020-06-22,0.34126282613052183
2020-06-23,0.23494976308123272
2020-06-24,0.22181278460392923
2020-06-25,0.18512516316433628
2020-06-26,0.20997618039867932
2020-06-29,0.21943514131258252
2020-06-30,0.24464247299246228
2020-07-01,0.15698989655970663
2020-07-02,0.20683370892443953
2020-07-06,0.17221148405314451
2020-07-07,0.15657170652031807
2020-07-08,0.20996559998198644
2020-07-09,0.1561479083052865
2020-07-10,0.17535589789060338
2020-07-13,0.18887989587753268
2020-07-14,0.2603274174586956
2020-07-15,0.20915908588339355
2020-07-16,0.17914541582561028
2020-07-17,0.16156323941503864
2020-07-20,0.1726965411577578
2020-07-21,0.21682622753890962
2020-07-22,0.1528982016907277
2020-07-23,0.15693969552193496
2020-07-24,0.18856561316529355
2020-07-27,0.26180838283319474
2020-07-28,0.18721768110597398
2020-07-29,0.14767686477284525
2020-07-30,0.16487543786023218
2020-07-31,0.1660598226427309
2020-08-03,0.15076619901372518
2020-08-04,0.15329468503116495
2020-08-05,0.13821279406212358
2020-08-06,0.1935319740377931
2020-08-07,0.15105747786761575
2020-08-10,0.1857784784054684
2020-08-11,0.17191984134725063
2020-08-12,0.24996407920280206
2020-08-13,0.22435425522922
2020-08-14,0.16389233924901148
2020-08-17,0.18627032653371906
2020-08-18,0.1530319407921538
2020-08-19,0.10040748913681305
2020-08-20,0.21353434345928268
2020-08-21,0.1958750599027611
2020-08-24,0.17206168709768885
2020-08-25,0.18113192872552838
2020-08-26,0.1478665163423422
2020-08-27,0.1327973738089183
2020-08-28,0.17231349246559602
2020-08-31,0.17702171822862162
2020-09-01,0.1439790928536345
2020-09-02,0.1536772589634618
2020-09-03,0.10994556761680965
2020-09-04,0.19893153760982238
2020-09-08,0.2901276604815527
2020-09-09,0.1773446242686207
2020-09-10,0.128209568200981
2020-09-11,0.15771884676668171
2020-09-14,0.1417404331203902
2020-09-15,0.12493295717383046
2020-09-16,0.15211014377605442
2020-09-17,0.15265696222714187
2020-09-18,0.13662167858840107
2020-09-21,0.1444273516813423
2020-09-22,0.21197864173999206
2020-09-23,0.14052130886534508
2020-09-24,0.17903507851886805
2020-09-25,0.13567679407188687
2020-09-28,0.14699534823072202
2020-09-29,0.10052142398559388
2020-09-30,0.12731388184442446
2020-10-01,0.1494720004807496
2020-10-02,0.11964319638933324
2020-10-05,0.23451472266307088
2020-10-06,0.14044431532882484
2020-10-07,0.18014838485765822
2020-10-08,0.1587669394677736
2020-10-09,0.17513389820441053
2020-10-12,0.14484500973586095
2020-10-13,0.15505197658550635
2020-10-14,0.1597401560502708
2020-10-15,0.16340800064234434
2020-10-16,0.162548427323783
2020-10-19,0.16542509489515045
2020-10-20,0.1610576725584164
2020-10-21,0.16735897397305105
2020-10-22,0.1529506875074912
2020-10-23,0.2083901258504537
2020-10-26,0.18138161743468068
2020-10-27,0.14704877024580898
2020-10-28,0.1433618634428334
2020-10-29,0.15240002488114357
2020-10-30,0.1795076036548371
2020-11-02,0.16303740695342817
2020-11-03,0.17093865625981425
2020-11-04,0.18953772427425
2020-11-05,0.32540694906337464
2020-11-06,0.1792186234884929
2020-11-09,0.13413510286692878
2020-11-10,0.46987962646142695
2020-11-11,0.2875022768095654
2020-11-12,0.1554898829372442
2020-11-13,0.16913490306520515
2020-11-16,0.2073379916181104
2020-11-17,0.18913542993822918
2020-11-18,0.17641306758233527
2020-11-19,0.17786197193641878
2020-11-20,0.17249255882175102
2020-11-23,0.177231652140236
2020-11-24,0.18463685492764453
2020-11-25,0.2037656758147614
2020-11-27,0.1409400264539346
2020-11-30,0.12681066769794314
2020-12-01,0.27661541189312855
2020-12-02,0.1573345253034895
2020-12-03,0.20717070133405502
2020-12-04,0.18591680614679273
2020-12-07,0.15313769048960507
2020-12-08,0.14805968184280852
2020-12-09,0.14457009467491827
2020-12-10,0.1888340469499173
2020-12-11,0.15404320770333135
2020-12-14,0.1427781374410662
2020-12-15,0.18245418566089255
2020-12-16,0.23527694649118214
2020-12-17,0.15416437094972146
2020-12-18,0.1548357078533296
2020-12-21,0.1609732199136528
2020-12-22,0.13584441644640874
2020-12-23,0.12749490065371175
2020-12-24,0.13715043212014993
2020-12-28,0.1151988233724239
2020-12-29,0.13414199631094642
2020-12-30,0.19485592508911548
2020-12-31,0.12037623727962617
2021-01-04,0.13103518145866602
2021-01-05,0.3754611049859756
2021-01-06,0.13693040693782582
2021-01-07,0.24127497069835754
2021-01-08,0.14861391096904641
2021-01-11,0.1369946234658298
2021-01-12,0.1626614898271309
2021-01-13,0.1431574970600017
2021-01-14,0.12117800355954239
2021-01-15,0.1348546586285427
2021-01-19,0.1618523162307572
2021-01-20,0.1615907198528011
2021-01-21,0.20320071709412374
2021-01-22,0.15561821802300663
2021-01-25,0.14849775165028983
2021-01-26,0.1602304050565902
2021-01-27,0.23263716192897788
2021-01-28,0.29714138020799774
2021-01-29,0.2373629961520327
2021-02-01,0.22021665384250466
2021-02-02,0.15673087564231275
2021-02-03,0.26751397744950106
2021-02-04,0.19637048180971461
2021-02-05,0.15457429424772953
2021-02-08,0.39491185961165287
2021-02-09,0.23518803322923465
2021-02-10,0.16410776568344848
2021-02-11,0.11251450730361012
2021-02-12,0.153589240699121
2021-02-16,0.13648640635967343
2021-02-17,0.14669492155556688
2021-02-18,0.17966123006118617
2021-02-19,0.1383924931107296
2021-02-22,0.18537220292825018
2021-02-23,0.20595133871090895
2021-02-24,0.1405152570201165
2021-02-25,0.17921700400649782
2021-02-26,0.16842435605970635
2021-03-01,0.16947974129982638
2021-03-02,0.13079234441442814
2021-03-03,0.1386813826021046
2021-03-04,0.14784483310439286
2021-03-05,0.1718665257492194
2021-03-08,0.19113685618056647
2021-03-09,0.22190340792577282
2021-03-10,0.22690904286317173
2021-03-11,0.18937273521658327
2021-03-12,0.18513457411707157
2021-03-15,0.20626865020230176
2021-03-16,0.16407261914271687
2021-03-17,0.15284517675782175
2021-03-18,0.14474123563271574
2021-03-19,0.1793852037057827
2021-03-22,0.15235142068857993
2021-03-23,0.14299135000109825
2021-03-24,0.2119712085700212
2021-03-25,0.1420204160727539
2021-03-26,0.13910038275329473
2021-03-29,0.14837696949565876
2021-03-30,0.17023641688336916
2021-03-31,0.18267322777768735
2021-04-01,0.19284287004592823
2021-04-05,0.161387790879783
2021-04-06,0.2840931346868722
2021-04-07,0.20906970278357528
2021-04-08,0.14938962240572096
2021-04-09,0.21222190350749642
2021-04-12,0.20263146182328648
2021-04-13,0.17864671559406925
2021-04-14,0.2679493230377408
2021-04-15,0.22862348829268836
2021-04-16,0.24816476359316184
2021-04-19,0.19559185364671466
2021-04-20,0.1979214201747464
2021-04-21,0.27272269019225887
2021-04-22,0.19459947225236612
2021-04-23,0.204204121763519
2021-04-26,0.23614960691277237
2021-04-27,0.1802901920309506
2021-04-28,0.18953535026932328
2021-04-29,0.18215251426886397
2021-04-30,0.18870681657058058
2021-05-03,0.1875652441369859
2021-05-04,0.19637359079625755
2021-05-05,0.1956662981234109
2021-05-06,0.14650679252366247
2021-05-07,0.13891148427171418
2021-05-10,0.10768536186123297
2021-05-11,0.1669103518508877
2021-05-12,0.12779807334862073
2021-05-13,0.1612242477005692
2021-05-14,0.1351837572155794
2021-05-17,0.15032413086519858
2021-05-18,0.17877781476298674
2021-05-19,0.19064991400285192
2021-05-20,0.17526249887656367
2021-05-21,0.1968027634863465
2021-05-24,0.1422242113772105
2021-05-25,0.15631396949953225
2021-05-26,0.1249315618115374
2021-05-27,0.12675916148592029
2021-05-28,0.17298693460676717
2021-06-01,0.18787110287155426
2021-06-02,0.21935032173471242
2021-06-03,0.27081896654374427
2021-06-04,0.26314488666057
2021-06-07,0.19922806955985994
2021-06-08,0.1928402522912999
2021-06-09,0.17376815995638595
2021-06-10,0.17636387978927284
2021-06-11,0.1532801262496148
2021-06-14,0.14341219222455617
2021-06-15,0.27481495993152866
2021-06-16,0.18371309363819566
2021-06-17,0.23421105793764985
2021-06-18,0.2197332708013106
2021-06-21,0.2659181416909115
2021-06-22,0.1451714629439874
2021-06-23,0.16491300531722108
2021-06-24,0.21926000539126683
2021-06-25,0.18707400298417703
2021-06-28,0.21732377028592056
2021-06-29,0.22261181268868313
2021-06-30,0.18001258603366666
2021-07-01,0.1522410502179557
2021-07-02,0.14885551961639326
2021-07-06,0.12483413962199769
2021-07-07,0.15431538655456525
2021-07-08,0.11554775975493178
2021-07-09,0.14787310458691613
2021-07-12,0.12809375419441793
2021-07-13,0.1535874321952353
2021-07-14,0.15154562025282353
2021-07-15,0.16518520366336775
2021-07-16,0.18974242984197764
2021-07-19,0.2150366478322663
2021-07-20,0.22042128648935772
2021-07-21,0.1530998231742361
2021-07-22,0.17121677421368367
2021-07-23,0.19141758783287655
2021-07-26,0.19257890303396674
2021-07-27,0.21673624301810285
2021-07-28,0.18525247057507885
2021-07-29,0.2329061036021619
2021-07-30,0.17903796345507894
2021-08-02,0.1970343048197008
2021-08-03,0.1791617004500058
2021-08-04,0.1516773466889515
2021-08-05,0.19950226257147138
2021-08-06,0.15740584072794905
2021-08-09,0.16006357600831705
2021-08-10,0.10808079040859377
2021-08-11,0.14951558892582303
2021-08-12,0.1560243063738965
2021-08-13,0.1378298152407318
2021-08-16,0.1288270559102528
2021-08-17,0.12710772490527447
2021-08-18,0.15117197359481738
2021-08-19,0.1342674233674181
2021-08-20,0.11756942334954737
2021-08-23,0.08973472864184581
2021-08-24,0.12114061252276923
2021-08-25,0.11651467768354419
2021-08-26,0.106721181473447
2021-08-27,0.10931622207194955
2021-08-30,0.13224028797360188
2021-08-31,0.09141080991780201
2021-09-01,0.11480074229608717
2021-09-02,0.11800912655772694
2021-09-03,0.13351241367330857
2021-09-07,0.10521615902317696
2021-09-08,0.1349730517857176
2021-09-09,0.13283218467874225
2021-09-10,0.14431685533601263
2021-09-13,0.1289964432134335
2021-09-14,0.16371049902403295
2021-09-15,0.13896381106795969
2021-09-16,0.1102783956092144
2021-09-17,0.09894116899259121
2021-09-20,0.11305359054919781
2021-09-21,0.14300495472547534
2021-09-22,0.11957195162112227
2021-09-23,0.21232892344713342
2021-09-24,0.1404558426381824
2021-09-27,0.11420605920072907
2021-09-28,0.18658841088555864
2021-09-29,0.23494172779312888
2021-09-30,0.18035976083486213
2021-10-01,0.2610361184154405
2021-10-04,0.21964324582722727
2021-10-05,0.17487388892172545
2021-10-06,0.14437358430944758
2021-10-07,0.13991307421156837
2021-10-08,0.17691672975970077
2021-10-11,0.18529953726276593
2021-10-12,0.16996072680723423
2021-10-13,0.17707360850301235
2021-10-14,0.21313501235920176
2021-10-15,0.20373581603836743
2021-10-18,0.19892017232603204
2021-10-19,0.1687647731910772
2021-10-20,0.20511737506374614
2021-10-21,0.17094587618820584
2021-10-22,0.17970671158671347
2021-10-25,0.17573848115443022
2021-10-26,0.15281650569290042
2021-10-27,0.14829641280382777
2021-10-28,0.19565873453802501
2021-10-29,0.1937376956249973
2021-11-01,0.2016285523591606
2021-11-02,0.16824544707797529
2021-11-03,0.12956842819009218
2021-11-04,0.17960282173528186
2021-11-05,0.19846760625480633
2021-11-08,0.24998263346819008
2021-11-09,0.14982400490194073
2021-11-10,0.1113130493514366
2021-11-11,0.14542880315491422
2021-11-12,0.1578498727189443
2021-11-15,0.13339347526207895
2021-11-16,0.10489035016804257
2021-11-17,0.16272437252651006
2021-11-18,0.17860321052011988
2021-11-19,0.1142930348737289
2021-11-22,0.13296579503049066
2021-11-23,0.1546704614962629
2021-11-24,0.17169308225397345
2021-11-26,0.1214048808157037
2021-11-29,0.16168875950022354
2021-11-30,0.16133330524315342
2021-12-01,0.1114902169378135
2021-12-02,0.1672610670803265
2021-12-03,0.16883043906239523
2021-12-06,0.18494093571561157
2021-12-07,0.17840282455969583
2021-12-08,0.171310441043732
2021-12-09,0.12676933784441033
2021-12-10,0.144493295071768
2021-12-13,0.13100032907304987
2021-12-14,0.1625139007354659
2021-12-15,0.1454427264772175
2021-12-16,0.10605209245318405
2021-12-17,0.2005795945657042
2021-12-20,0.16562287083231608
2021-12-21,0.10951664514710888
2021-12-22,0.14818189282112454
2021-12-23,0.1492400563393094
2021-12-27,0.11435526757107775
2021-12-28,0.1365581867573003
2021-12-29,0.11343301456459232
2021-12-30,0.11412681192607169
2021-12-31,0.09251700609876312
2022-01-03,0.08346293087351758
2022-01-04,0.3246491168672908
2022-01-05,0.14756402616363473
2022-01-06,0.18259106454177082
2022-01-07,0.16524434299123789
2022-01-10,0.1891458009805201
2022-01-11,0.1422885014122126
2022-01-12,0.15650676456681192
2022-01-13,0.12173781097155997
2022-01-14,0.1735843642138531
2022-01-18,0.18677707986173242
2022-01-19,0.1852632781184565
2022-01-20,0.13993263545454387
2022-01-21,0.13529724924277145
2022-01-24,0.15747437886200089
2022-01-25,0.18062997353614133
2022-01-26,0.17605420425550158
2022-01-27,0.13476721593503582
2022-01-28,0.17680406073314958
2022-01-31,0.1755907781915797
2022-02-01,0.14748037448653348
2022-02-02,0.1850171744493269
2022-02-03,0.24128289275723638
2022-02-04,0.18702508604386647
2022-02-07,0.15418982725052194
2022-02-08,0.16790973471863882
2022-02-09,0.14993947494389176
2022-02-10,0.1191407606326243
2022-02-11,0.12773076609025472
2022-02-14,0.15791896121358814
2022-02-15,0.10022985459071809
2022-02-16,0.14037085383373915
2022-02-17,0.11824000639619216
2022-02-18,0.12223842420174846
2022-02-22,0.10589445321489219
2022-02-23,0.10908378875815805
2022-02-24,0.12652945852165742
2022-02-25,0.146901702556809
2022-02-28,0.13879451601948894
2022-03-01,0.14353929068576313
2022-03-02,0.20075602693009026
2022-03-03,0.12883883074646993
2022-03-04,0.15807554090273165
2022-03-07,0.16040196733444323
2022-03-08,0.1539113046229466
2022-03-09,0.15449568583213483
2022-03-10,0.18764576255449433
2022-03-11,0.1652274649508686
2022-03-14,0.11791643646003111
2022-03-15,0.17537312253610227
2022-03-16,0.17700672414941376
2022-03-17,0.14421835173670874
2022-03-18,0.12395301913672652
2022-03-21,0.1424300361507871
2022-03-22,0.10806122451976699
2022-03-23,0.09325325980428756
2022-03-24,0.11773215453729804
2022-03-25,0.11372444199085711
2022-03-28,0.09329867283827901
2022-03-29,0.10697613049518274
2022-03-30,0.09067366049380458
2022-03-31,0.17902394497401494
2022-04-01,0.1967404993116933
2022-04-04,0.15440274955304384
2022-04-05,0.15875548470716272
2022-04-06,0.14582713073575138
2022-04-07,0.16392172878873584
2022-04-08,0.14823201043795964
2022-04-11,0.12203273164415179
2022-04-12,0.11415875709898324
2022-04-13,0.13368435224737305
2022-04-14,0.14763160788607296
2022-04-18,0.13949782683459003
2022-04-19,0.1423546247625574
2022-04-20,0.14829520727590784
2022-04-21,0.1810067348381617
2022-04-22,0.16918365611283287
2022-04-25,0.17394942099766225
2022-04-26,0.17017269533633583
2022-04-27,0.21473121012806926
2022-04-28,0.20599563591320513
2022-04-29,0.18743369155783268
2022-05-02,0.20012183612734852
2022-05-03,0.19627014894874323
2022-05-04,0.1658345194692214
2022-05-05,0.1676362909365582
2022-05-06,0.16251025071190764
2022-05-09,0.18045330754430428
2022-05-10,0.20060253326629995
2022-05-11,0.1780200101989458
2022-05-12,0.13117775612469001
2022-05-13,0.18694414519583102
2022-05-16,0.14133447730329554
2022-05-17,0.1262947937094994
2022-05-18,0.15119175465811918
2022-05-19,0.17156619554960634
2022-05-20,0.14775152942883046
2022-05-23,0.22431088785328795
2022-05-24,0.1479105770973136
2022-05-25,0.1639072076503913
2022-05-26,0.17250877332237086
2022-05-27,0.16428627882812794
2022-05-31,0.1554581100957935
2022-06-01,0.2345318469106663
2022-06-02,0.22511347499053072
2022-06-03,0.2365533232391895
2022-06-06,0.24375162017960395
2022-06-07,0.16331838319550038
2022-06-08,0.13563585181642573
2022-06-09,0.22209803674026632
2022-06-10,0.15925266949447558
2022-06-13,0.23735654932251393
2022-06-14,0.12832771105343901
2022-06-15,0.15306454740210257
2022-06-16,0.1628249463147331
2022-06-17,0.1842430785166887
2022-06-21,0.1970415462463947
2022-06-22,0.19078402913944997
2022-06-23,0.13395037923558895
2022-06-24,0.12421493887749839
2022-06-27,0.150300151612903
2022-06-28,0.11273230171986806
2022-06-29,0.14092874381127948
2022-06-30,0.13224091992174875
2022-07-01,0.16288313000823554
2022-07-05,0.12125029770525078
2022-07-06,0.2511893783228158
2022-07-07,0.13498214935291253
2022-07-08,0.1996942581893801
2022-07-11,0.180948663311527
2022-07-12,0.14104566797042806
2022-07-13,0.16823047804477315
2022-07-14,0.1662067873097668
2022-07-15,0.16171369424531434
2022-07-18,0.19464639710169593
2022-07-19,0.2379988413889721
2022-07-20,0.20378444599337842
2022-07-21,0.17332104648790447
2022-07-22,0.1837171564886004
2022-07-25,0.16162147580962233
2022-07-26,0.17943504911729632
2022-07-27,0.2965253521819316
2022-07-28,0.25261516667673206
2022-07-29,0.287590891540793
2022-08-01,0.20321588014986913
2022-08-02,0.17903757688178892
2022-08-03,0.21963376174508126
2022-08-04,0.27073295728471525
2022-08-05,0.27093027862696895
2022-08-08,0.19451013026473654
2022-08-09,0.19881707310941005
2022-08-10,0.2347594060059418
2022-08-11,0.17498657886919464
2022-08-12,0.20617505262679583
2022-08-15,0.1726291179112162
2022-08-16,0.23277425746683672
2022-08-17,0.21643156987923373
2022-08-18,0.19176305984805722
2022-08-19,0.17091739118839744
2022-08-22,0.16868551605694665
2022-08-23,0.15964842050564135
2022-08-24,0.17284238845266725
2022-08-25,0.14375733183535094
2022-08-26,0.14064478381738363
2022-08-29,0.15614554784451762
2022-08-30,0.2179365391767888
2022-08-31,0.1842587010725577
2022-09-01,0.1476201009900397
2022-09-02,0.193467842713606
2022-09-06,0.16898266723749217
2022-09-07,0.15983893489110712
2022-09-08,0.1933187326683495
2022-09-09,0.17421757677077998
2022-09-12,0.17196367891249487
2022-09-13,0.15720455324580293
2022-09-14,0.2965823876614083
2022-09-15,0.23529290550036425
2022-09-16,0.26046102942584687
2022-09-19,0.18020321829790537
2022-09-20,0.2602623615582897
2022-09-21,0.1806733241849206
2022-09-22,0.14415810112337274
2022-09-23,0.2384859993168013
2022-09-26,0.2109862093467856
2022-09-27,0.14474409807156519
2022-09-28,0.2125607705338759
2022-09-29,0.24065907990441807
2022-09-30,0.14857649801007639
2022-10-03,0.16515632245356732
2022-10-04,0.14684166118881228
2022-10-05,0.16331515599555102
2022-10-06,0.17422067426391064
2022-10-07,0.13429298625730993
2022-10-10,0.176009395373143
2022-10-11,0.19036582093171772
2022-10-12,0.22078815731472096
2022-10-13,0.17447619686928828
2022-10-14,0.24144485703452045
2022-10-17,0.21030725871643263
2022-10-18,0.15544806456573235
2022-10-19,0.1335703301340254
2022-10-20,0.21887568565967622
2022-10-21,0.22564717224201358
2022-10-24,0.1877900487414256
2022-10-25,0.18566936161462358
2022-10-26,0.15858810838543236
2022-10-27,0.19139862264773883
2022-10-28,0.17080452997123774
2022-10-31,0.16846059899943255
2022-11-01,0.1105135928354539
2022-11-02,0.1256234706103565
2022-11-03,0.14208474666865206
2022-11-04,0.15193350821249413
2022-11-07,0.14150423324908995
2022-11-08,0.11202103710296397
2022-11-09,0.11147549455150581
2022-11-10,0.1167659679970401
2022-11-11,0.1624170086493565
2022-11-14,0.21287279134913964
2022-11-15,0.11871739083819846
2022-11-16,0.173848237474851
2022-11-17,0.22533911690722522
2022-11-18,0.13839872241722864
2022-11-21,0.12885376292076622
2022-11-22,0.1513529915960593
2022-11-23,0.12272484608121419
2022-11-25,0.11202257020199093
2022-11-28,0.10634325096380444
2022-11-29,0.1288521734420679
2022-11-30,0.12409156710597914
2022-12-01,0.15975373732209958
2022-12-02,0.14755559333095286
2022-12-05,0.15003524514845484
2022-12-06,0.15059588695518517
2022-12-07,0.12459526246747354
2022-12-08,0.15391682940933998
2022-12-09,0.13776397620488226
2022-12-12,0.1655393540278841
2022-12-13,0.1764579766515279
2022-12-14,0.17368508331337723
2022-12-15,0.13394213619851192
2022-12-16,0.15353063152828328
2022-12-19,0.18077029915511844
2022-12-20,0.16868504831818906
2022-12-21,0.12782582564360678
2022-12-22,0.1326023159725115
2022-12-23,0.1559543179471311
2022-12-27,0.11524646516256393
2022-12-28,0.13960658050620445
2022-12-29,0.13173442280662417
2022-12-30,0.11092210138858719
2023-01-03,0.03700860805902344
2023-01-04,0.2604208447189333
2023-01-05,0.06236272180506192
2023-01-06,0.06397537653931137
2023-01-09,0.058451844751896034
2023-01-10,0.05648112262695555
2023-01-11,0.05122534181206491
2023-01-12,0.0500067093087056
2023-01-13,0.05087954344346242
2023-01-17,0.05281831448350831
2023-01-18,0.052604631648380966
2023-01-19,0.04914533658389417
2023-01-20,0.06441778201688027
2023-01-23,0.05573522434089245
2023-01-24,0.05927114432820629
2023-01-25,0.0597706748315909
2023-01-26,0.06365244431578014
2023-01-27,0.0656755342404334
2023-01-30,0.06566480112985991
2023-01-31,0.0496882658676573
2023-02-01,0.05441575244430832
2023-02-02,0.06210605518713819
2023-02-03,0.08589076532178846
2023-02-06,0.06202743106551942
2023-02-07,0.05109243783925276
2023-02-08,0.05629573674093494
2023-02-09,0.05510881248919763
2023-02-10,0.048002117539630546
2023-02-13,0.060775644118723465
2023-02-14,0.04339155372515746
2023-02-15,0.04330691006079719
2023-02-16,0.04574050831645339
2023-02-17,0.046902400890924865
2023-02-21,0.044669122604204026
2023-02-22,0.042161720286316026
2023-02-23,0.03391083251248514
2023-02-24,0.03776261810482935
2023-02-27,0.04678819099046574
2023-02-28,0.03759150837418397
2023-03-01,0.03895792955847819
2023-03-02,0.04218582392300069
2023-03-03,0.03656390820559528
2023-03-06,0.03671340074225314
2023-03-07,0.03863038153939673
2023-03-08,0.03994595341896269
2023-03-09,0.03989710700729712
2023-03-10,0.041593089022406965
2023-03-13,0.04079015751248402
2023-03-14,0.06282372197196576
2023-03-15,0.04608727825796226
2023-03-16,0.060117738030094604
2023-03-17,0.048731096396658576
2023-03-20,0.04892700516523022
2023-03-21,0.043289178223368516
2023-03-22,0.04331845860051593
2023-03-23,0.04313465008910318
2023-03-24,0.06058772364221172
2023-03-27,0.04538900193894179
2023-03-28,0.03740280406127304
2023-03-29,0.034409058472567755
2023-03-30,0.04539964184776399
2023-03-31,0.03442228080981355
2023-04-03,0.036830051135777156
2023-04-04,0.046321929279767415
2023-04-05,0.04320729009203594
2023-04-06,0.03777891692123564
2023-04-10,0.04053031463288535
2023-04-11,0.042581052664510316
2023-04-12,0.03344962667764626
2023-04-13,0.039841686906492854
2023-04-14,0.04102332304539148
2023-04-17,0.03752070048626253
2023-04-18,0.05164057093099713
2023-04-19,0.036360072768015006
2023-04-20,0.04989537128893977
2023-04-21,0.04484603181830027
2023-04-24,0.040442548637018454
2023-04-25,0.04537999971536223
2023-04-26,0.04063361643468959
2023-04-27,0.05556125731821253
2023-04-28,0.06459501064430034
2023-05-01,0.045843767508739044
2023-05-02,0.05423973212491709
2023-05-03,0.05143829496968126
2023-05-04,0.05124036268940625
2023-05-05,0.06227327902344518
2023-05-08,0.05524389943786501
2023-05-09,0.04941622367067414
2023-05-10,0.049679978917496086
2023-05-11,0.058336596452268685
2023-05-12,0.05524090997337287
2023-05-15,0.044685481911427016
2023-05-16,0.052530286758786945
2023-05-17,0.057626606211611864
2023-05-18,0.0677412690462439
2023-05-19,0.05468393054509087
2023-05-22,0.049159833282836816
2023-05-23,0.05864828109994075
2023-05-24,0.058542776431343424
2023-05-25,0.0550400592147544
2023-05-26,0.07698559304955307
2023-05-30,0.06327731167766383
2023-05-31,0.055881800289720035
2023-06-01,0.06381113791226456
2023-06-02,0.06746828964827116
2023-06-05,0.06593347826143342
2023-06-06,0.059814128437597196
2023-06-07,0.06313121287021499
2023-06-08,0.07096065902096294
2023-06-09,0.05081776720090052
2023-06-12,0.049974227312497364
2023-06-13,0.04922407901418548
2023-06-14,0.056438989218488264
2023-06-15,0.05190505660543666
2023-06-16,0.05756437571254265
2023-06-20,0.058081708625784025
2023-06-21,0.049818366570755473
2023-06-22,0.05801693632284259
2023-06-23,0.04724563005588937
2023-06-26,0.04455991304170811
2023-06-27,0.053874707967077516
2023-06-28,0.046479534317278456
2023-06-29,0.048794812379748025
2023-06-30,0.04569592599624643
2023-07-03,0.03866566992521661
2023-07-05,0.050142947145209185
2023-07-06,0.04904603302643282
2023-07-07,0.04088798583685586
2023-07-10,0.04820607121494683
2023-07-11,0.04465364533049166
2023-07-12,0.05422312687499832
2023-07-13,0.05260223186146587
2023-07-14,0.04868577411552912
2023-07-17,0.051623072268514994
2023-07-18,0.05921372451093243
2023-07-19,0.05213023051482691
2023-07-20,0.05318704437294144
2023-07-21,0.061121053992098336
2023-07-24,0.048762466370089366
2023-07-25,0.047503666139533336
2023-07-26,0.051247028722803796
2023-07-27,0.04873143179389872
2023-07-28,0.06793145852118826
2023-07-31,0.057414108308798846
2023-08-01,0.05260222321933862
2023-08-02,0.05743630192828536
2023-08-03,0.0613113083869951
2023-08-04,0.06111969974560835
2023-08-07,0.05779151420431712
2023-08-08,0.051519039889723006
2023-08-09,0.0563005463996686
2023-08-10,0.043893792716070995
2023-08-11,0.04983560474760096
2023-08-14,0.048126782284985264
2023-08-15,0.06085879731001133
2023-08-16,0.054522967755728506
2023-08-17,0.04282062276827703
2023-08-18,0.04839538360579699
2023-08-21,0.05397322907593326
2023-08-22,0.057112412256939374
2023-08-23,0.042279886561734294
2023-08-24,0.05643431641544912
2023-08-25,0.05386330494980612
2023-08-28,0.04969790214395947
2023-08-29,0.03974049873438937
2023-08-30,0.053501758737937236
2023-08-31,0.04766552705382575
2023-09-01,0.053014623908466035
2023-09-05,0.04906199045882482
2023-09-06,0.05024277516508646
2023-09-07,0.04291419561760219
2023-09-08,0.04716257330865967
2023-09-11,0.0443395258371649
2023-09-12,0.0448890896477193
2023-09-13,0.04926879622349818
2023-09-14,0.046623671209370554
2023-09-15,0.04523679780615452
2023-09-18,0.04240846343699077
2023-09-19,0.04199453612749157
2023-09-20,0.039362308631769136
2023-09-21,0.038706794937788266
2023-09-22,0.04757421213055199
2023-09-25,0.04074536368506116
2023-09-26,0.03945415369156284
2023-09-27,0.039833287151930116
2023-09-28,0.04933286149754317
2023-09-29,0.04472617635385302
2023-10-02,0.03475868235900767
2023-10-03,0.05274730650101893
2023-10-04,0.04319270463258075
2023-10-05,0.058754074766298806
2023-10-06,0.044547725292042505
2023-10-09,0.05271476879140251
2023-10-10,0.05061973587713843
2023-10-11,0.043445051737538425
2023-10-12,0.05292168488942384
2023-10-13,0.053511564623527144
2023-10-16,0.06441640922155857
2023-10-17,0.045707652109614264
2023-10-18,0.05999865076682083
2023-10-19,0.05068397827132197
2023-10-20,0.05353871330284202
2023-10-23,0.04066565130711643
2023-10-24,0.04775340928240074
2023-10-25,0.04765283661581831
2023-10-26,0.05433956122045287
2023-10-27,0.05713488624152059
2023-10-30,0.06793639258813448
2023-10-31,0.05946960918066055
2023-11-01,0.04818948000340682
2023-11-02,0.06448993309799492
2023-11-03,0.056402661530460814
2023-11-06,0.06041865740989083
2023-11-07,0.051699530758191885
2023-11-08,0.04866188319348506
2023-11-09,0.05667796022241139
2023-11-10,0.049301972892294786
2023-11-13,0.055646570972012796
2023-11-14,0.048258131926358444
2023-11-15,0.06034690607934497
2023-11-16,0.05872349604685651
2023-11-17,0.05164429328428245
2023-11-20,0.0526698781660347
2023-11-21,0.048242670727422374
2023-11-22,0.06037127122934438
2023-11-24,0.04562753554257732
2023-11-27,0.04861153903044736
2023-11-28,0.041784309927407226
2023-11-29,0.061166929011324624
2023-11-30,0.06448441424152597
2023-12-01,0.062331530141123505
2023-12-04,0.06739840380406462
2023-12-05,0.06734504386591969
2023-12-06,0.06422660167083456
2023-12-07,0.057725573321897136
2023-12-08,0.053238734693156445
2023-12-11,0.055470134010167316
2023-12-12,0.06489028428144093
2023-12-13,0.052759686252634524
2023-12-14,0.060309712879973165
2023-12-15,0.07711902740319967
2023-12-18,0.053813452413884966
2023-12-19,0.061348428445283834
2023-12-20,0.053834610982213996
2023-12-21,0.05438514665970435
2023-12-22,0.049851191138108805
2023-12-26,0.048861932701244365
2023-12-27,0.04911368381680979
2023-12-28,0.042393033122718304
2023-12-29,0.04561997729936612
2024-01-02,0.1524993982004301
2024-01-03,0.3658824242439062
2024-01-04,0.13230729380617054
2024-01-05,0.14227498389705945
2024-01-08,0.10462006934651398
2024-01-09,0.1290634868980541
2024-01-10,0.11422827435871917
2024-01-11,0.11657650491784063
2024-01-12,0.08406944642735754
2024-01-16,0.14354610426482273
2024-01-17,0.11785178321636701
2024-01-18,0.10218704167326663
2024-01-19,0.12463602145093662
2024-01-22,0.13900367597811894
2024-01-23,0.13951450646044194
2024-01-24,0.16862780446369582
2024-01-25,0.20250826802363778
2024-01-26,0.20672596298762644
2024-01-29,0.15496954632632753
2024-01-30,0.11264828411050316
2024-01-31,0.1576603094838573
2024-02-01,0.23264496934680998
2024-02-02,0.14962193492575435
2024-02-05,0.1732242248755137
2024-02-06,0.1762888379770631
2024-02-07,0.1908392606997509
2024-02-08,0.1968305845462628
2024-02-09,0.18871034640762113
2024-02-12,0.20214950710896368
2024-02-13,0.17895756482018732
2024-02-14,0.18043583962985957
2024-02-15,0.16563873926542744
2024-02-16,0.13289555536575917
2024-02-20,0.1466072470778334
2024-02-21,0.1649454793198299
2024-02-22,0.151917309522825
2024-02-23,0.1486626515648264
2024-02-26,0.1505689910259772
2024-02-27,0.14338615133301275
2024-02-28,0.13924238663663077
2024-02-29,0.13591416800974127
2024-03-01,0.15600701649584656
2024-03-04,0.13537621646993964
2024-03-05,0.14842142593411298
2024-03-06,0.12731390222890032
2024-03-07,0.11921255298444616
2024-03-08,0.11151606707489213
2024-03-11,0.13114602013163573
2024-03-12,0.12099198430479176
2024-03-13,0.13437627344500566
2024-03-14,0.15946563765417268
2024-03-15,0.13370170648172147
2024-03-18,0.37147637857816423
2024-03-19,0.12368707799046626
2024-03-20,0.12056219030421199
2024-03-21,0.12474881587472879
2024-03-22,0.12233563642868243
2024-03-25,0.11513551949676999
2024-03-26,0.11464687056887106
2024-03-27,0.09994305769607745
2024-03-28,0.09600218397409059
2024-04-01,0.10937864812675537
2024-04-02,0.12056276583558641
2024-04-03,0.12558431403391798
2024-04-04,0.11627256338379724
2024-04-05,0.09982028196747203
2024-04-08,0.09987545550390828
2024-04-09,0.09319411785876297
2024-04-10,0.09806003801442363
2024-04-11,0.10489772437468403
2024-04-12,0.10135504159645832
2024-04-15,0.11486321251297818
2024-04-16,0.1060326582873969
2024-04-17,0.1324902489120542
2024-04-18,0.13130224523264222
2024-04-19,0.14710850362777195
2024-04-22,0.17805470001044163
2024-04-23,0.14588213519963347
2024-04-24,0.14135930536817745
2024-04-25,0.1489200096026671
2024-04-26,0.1771493688117493
2024-04-29,0.15102546201141026
2024-04-30,0.12707996314244085
2024-05-01,0.14932108176620698
2024-05-02,0.2023496562341334
2024-05-03,0.19126682399673783
2024-05-06,0.16588554472004852
2024-05-07,0.15097175004251218
2024-05-08,0.15106906120352154
2024-05-09,0.14439449899136006
2024-05-10,0.1422416650087239
2024-05-13,0.1172180327758867
2024-05-14,0.12624305204066513
2024-05-15,0.13675415406250319
2024-05-16,0.14755259746665933
2024-05-17,0.1538213850308978
2024-05-20,0.1556736078880462
2024-05-21,0.14240079246817028
2024-05-22,0.14926657331991605
2024-05-23,0.19300895979184912
2024-05-24,0.1319139002389835
2024-05-28,0.13086510003524443
2024-05-29,0.12157022429311724
2024-05-30,0.15709478006545427
2024-05-31,0.14528972622964487
2024-06-03,0.22830075863978913
2024-06-04,0.11649715527708489
2024-06-05,0.10803819616449958
2024-06-06,0.10645437771111346
2024-06-07,0.1086823254922056
2024-06-10,0.09582299737931389
2024-06-11,0.1122260086761673
2024-06-12,0.14738427890783695
2024-06-13,0.1425568256931621
2024-06-14,0.1080666182928603
2024-06-17,0.10235372115236004
2024-06-18,0.10149248803723593
2024-06-20,0.1302369911716716
2024-06-21,0.14805919722970604
2024-06-24,0.27269930362618366
2024-06-25,0.11399120018068999
2024-06-26,0.11233709401287968
2024-06-27,0.11897941068979795
2024-06-28,0.12353057550283367
2024-07-01,0.1994708809393346
2024-07-02,0.10230884614322654
2024-07-03,0.09543882833254251
2024-07-05,0.10062658540333722
2024-07-08,0.09458637521289733
2024-07-09,0.0999336658072889
2024-07-10,0.0931898346084731
2024-07-11,0.09359227811056842
2024-07-12,0.12449209165611759
2024-07-15,0.1148122165073754
2024-07-16,0.1259542459607224
2024-07-17,0.13575454227447542
2024-07-18,0.16566945938614275
2024-07-19,0.13435382772464796
2024-07-22,0.15476915999531632
2024-07-23,0.12432487480086146
2024-07-24,0.19735791697628413
2024-07-25,0.22204533960826162
2024-07-26,0.20267391926189213
2024-07-29,0.1587652572181754
2024-07-30,0.13579668519003898
2024-07-31,0.16630438300024958
2024-08-01,0.17842606339661088
2024-08-02,0.21109703845118133
2024-08-05,0.1978175342028624
2024-08-06,0.1932997661003712
2024-08-07,0.12640311862841624
2024-08-08,0.150970870096449
2024-08-09,0.14592795709908674
2024-08-12,0.1314985803778694
2024-08-13,0.1153458618983884
2024-08-14,0.16845064992073142
2024-08-15,0.13394285850326257
2024-08-16,0.12183891123273932
2024-08-19,0.11936596439160069
2024-08-20,0.1343919579168328
2024-08-21,0.17258793788050308
2024-08-22,0.15270273796221775
2024-08-23,0.1264609382490411
2024-08-26,0.13584311587382053
2024-08-27,0.14420158187350454
2024-08-28,0.12994387103234928
2024-08-29,0.10838483529400467
2024-08-30,0.12070121741815595
2024-09-03,0.11138031852590571
2024-09-04,0.12320334926882837
2024-09-05,0.11368280091217259
2024-09-06,0.11331041142372479
2024-09-09,0.10781710587837187
2024-09-10,0.11526772728082608
2024-09-11,0.12527408405216153
2024-09-12,0.10692478769204261
2024-09-13,0.11484727919276363
2024-09-16,0.12062748224309941
2024-09-17,0.11083635937921352
2024-09-18,0.1233244139388944
2024-09-19,0.11619859255915503
2024-09-20,0.14203330694409919
2024-09-23,0.38568856927336037
2024-09-24,0.12013718316802482
2024-09-25,0.139994138608052
2024-09-26,0.1273764470857308
2024-09-27,0.12100730835451956
2024-09-30,0.10653806194745268
2024-10-01,0.10793666865635687
2024-10-02,0.13328490228235984
2024-10-03,0.13374813947812214
2024-10-04,0.11751963750842212
2024-10-07,0.12275047880515773
2024-10-08,0.10196546746005333
2024-10-09,0.12361750694538425
2024-10-10,0.10779860102120117
2024-10-11,0.13329643623376317
2024-10-14,0.12800720403071972
2024-10-15,0.1116472455175651
2024-10-16,0.17955966808585946
2024-10-17,0.181451278876661
2024-10-18,0.19878333811310722
2024-10-21,0.1744503957656436
2024-10-22,0.15349866689098948
2024-10-23,0.2152326014584001
2024-10-24,0.19729972268502927
2024-10-25,0.18522881818189263
2024-10-28,0.2007995501492135
2024-10-29,0.13986444187739472
2024-10-30,0.15140968964361162
2024-10-31,0.21008262842998485
2024-11-01,0.22495572243292622
2024-11-04,0.16544858432495432
2024-11-05,0.11158723794374449
2024-11-06,0.12262703627287591
2024-11-07,0.28741900141270477
2024-11-08,0.1693328922957631
2024-11-11,0.2123904204029543
2024-11-12,0.16796013029679535
2024-11-13,0.1298439875568441
2024-11-14,0.1613552667667204
2024-11-15,0.19341864486327282
2024-11-18,0.17011098260432467
2024-11-19,0.15377650999698075
2024-11-20,0.1482240376849199
2024-11-21,0.14407115137175117
2024-11-22,0.17736304653851967
2024-11-25,0.13628262517299441
2024-11-26,0.23236305501071075
2024-11-27,0.1476617013395498
2024-11-29,0.11391311557673547
2024-12-02,0.1331777324400387
2024-12-03,0.13001586124760542
2024-12-04,0.12610372833998257
2024-12-05,0.14556014392729566
2024-12-06,0.18024893541441475
2024-12-09,0.14574670049546298
2024-12-10,0.12927961070076197
2024-12-11,0.13842317320185743
2024-12-12,0.13936936190303736
2024-12-13,0.10180609180171796
2024-12-16,0.1293055408038172
2024-12-17,0.14701778835955065
2024-12-18,0.1456562429960327
2024-12-19,0.15115425437603075
2024-12-20,0.16098466922653576
2024-12-23,0.37696269452487735
2024-12-24,0.11109294224806203
2024-12-26,0.12617292826306134
2024-12-27,0.1447169165844143
2024-12-30,0.11946668350772474
2024-12-31,0.11219667680286295
2025-01-02,0.11877214812077029
2025-01-03,0.28360090808520777
2025-01-06,0.11329524962692747
2025-01-07,0.11959090261698364
2025-01-08,0.1317616125837196
2025-01-10,0.13203584312593472
2025-01-13,0.1368668891955357
2025-01-14,0.14280849543860744
2025-01-15,0.13644361150533493
2025-01-16,0.11204952030377534
2025-01-17,0.17051805217947336
2025-01-21,0.1477971780105036
2025-01-22,0.16312905689533594
2025-01-23,0.13863980645550641
2025-01-24,0.15512918648422053
2025-01-27,0.13729339687842013
2025-01-28,0.2228169970859023
2025-01-29,0.14936759707157882
2025-01-30,0.16146548358542567
2025-01-31,0.1821006669906977
2025-02-03,0.1423506752788623
2025-02-04,0.141201180800032
2025-02-05,0.16693360067109375
2025-02-06,0.14440368819021998
2025-02-07,0.15646827431803842
2025-02-10,0.14216095211951135
2025-02-11,0.1598953629538797
2025-02-12,0.14236768271407313
2025-02-13,0.1354215135513795
2025-02-14,0.1409678008179666
2025-02-18,0.14961510370040781
2025-02-19,0.15569838176230835
2025-02-20,0.15545196002298117
2025-02-21,0.16301131893488066
2025-02-24,0.1417427060223541
2025-02-25,0.14447629748208524
2025-02-26,0.14428864612235032
2025-02-27,0.14724301708800633
2025-02-28,0.15391351747344773
2025-03-03,0.1319483073934293
2025-03-04,0.12345358474155886
2025-03-05,0.13460890657607488
2025-03-06,0.12149572060056488
2025-03-07,0.13283343834676503
2025-03-10,0.13472097991115722
2025-03-11,0.12703895720588912
2025-03-12,0.1069814564645348
2025-03-13,0.0997658715151119
2025-03-14,0.12574885898500918
2025-03-17,0.10933020152614775
2025-03-18,0.11462074723732402
2025-03-19,0.12284870734689754
2025-03-20,0.11048184225746549
2025-03-21,0.11487245670609945
2025-03-24,0.16432415365376177
2025-03-25,0.1469950768079948
2025-03-26,0.126090173351834
2025-03-27,0.12219053576782204
2025-03-28,0.12381381310569912
2025-03-31,0.14032724545096656
2025-04-01,0.12677014328116046
2025-04-02,0.10477265968698561
2025-04-03,0.09462435910002705
2025-04-04,0.19589353818833088
2025-04-07,0.11862969368566872
2025-04-08,0.08872925340973431
2025-04-09,0.09547942153411344
2025-04-10,0.10984489692326278
2025-04-11,0.10025368055057443
2025-04-14,0.09171841385474362
2025-04-15,0.09385800455076926
2025-04-16,0.10873337382563257
2025-04-17,0.1238493181505864
2025-04-21,0.16830799098449378
2025-04-22,0.14616284708017988
2025-04-23,0.12386249788785542
2025-04-24,0.11918157514234902
2025-04-25,0.14017188045499523
2025-04-28,0.15271101838296366
2025-04-29,0.12192851115200017
2025-04-30,0.1474838889398041
2025-05-01,0.14535580189355568
2025-05-02,0.14120426199560104
2025-05-05,0.1273518163139779
2025-05-06,0.15182690723981604
2025-05-07,0.14595329833293702
2025-05-08,0.13708868182906153
2025-05-09,0.13992431477556858
2025-05-12,0.12788698446646687
2025-05-13,0.13640947057780095
2025-05-14,0.14321361992918488
2025-05-15,0.14129575890577345
2025-05-16,0.15581791403917955
2025-05-19,0.11636823394330688
2025-05-20,0.12986373530195114
2025-05-21,0.11868284043698644
2025-05-22,0.12770243475123919
2025-05-23,0.1373273724377679
2025-05-27,0.14100760574053636
2025-05-28,0.12293772265525683
2025-05-29,0.13413110802206307
2025-05-30,0.13552681471283945
2025-06-02,0.17312596148784767
2025-06-03,0.12762919337373682
2025-06-04,0.12093090748132153
2025-06-05,0.11250816458927788
2025-06-06,0.13303510259904358
2025-06-09,0.12225067997506701
2025-06-10,0.14058426140531105
2025-06-11,0.13951084577202197
2025-06-12,0.12784039981158302
2025-06-13,0.13592927652742012
2025-06-16,0.14805179571672833
2025-06-17,0.1289156305127278
2025-06-18,0.13053373950109437
2025-06-20,0.15078279965427768
2025-06-23,0.15014122974031685
2025-06-24,0.16179601093133522
2025-06-25,0.13659423854614397
2025-06-26,0.13582061368016468
2025-06-27,0.15128655713710515
2025-06-30,0.18590961199348804
2025-07-01,0.17053877889900515
2025-07-02,0.1564381098823754
2025-07-03,0.14218600846937068
2025-07-07,0.15753395220314526
2025-07-08,0.13512221662056
2025-07-09,0.174301327896824
2025-07-10,0.16849080911583
2025-07-11,0.14704761284705098
2025-07-14,0.14408125970850616
2025-07-15,0.14244477585419915
2025-07-16,0.15761524385190862
2025-07-17,0.15135985615554318
2025-07-18,0.15824532608680053
2025-07-21,0.17073259585758732
2025-07-22,0.16845676869809229
2025-07-23,0.15326220576200428
2025-07-24,0.1816765667491426
2025-07-25,0.20020784222360508
2025-07-28,0.14229868070237
2025-07-29,0.1571426992905408
2025-07-30,0.1973885294832618
2025-07-31,0.16186997399107278
2025-08-01,0.17848940617315734
2025-08-04,0.1556681872723211
2025-08-05,0.15474005687927575
2025-08-06,0.16518054520717482
2025-08-07,0.1671477471005263
2025-08-08,0.18098053355241547
2025-08-11,0.14179366326867496
2025-08-12,0.1464111397443743
2025-08-13,0.15284093106544042
2025-08-14,0.15626536706913752
2025-08-15,0.1580515917590957
2025-08-18,0.1744146772158052
2025-08-19,0.14233569171974067
2025-08-20,0.1568898368860842
2025-08-21,0.16966987702072903
2025-08-22,0.1417469888707239
2025-08-25,0.15255347984073808
2025-08-26,0.16260635603099313
2025-08-27,0.16214076924447401
2025-08-28,0.14577011066875803
2025-08-29,0.12925280199449257
2025-09-02,0.1354938779604614
2025-09-03,0.14770473229668465
2025-09-04,0.14747308010453852
2025-09-05,0.14582071786584996
2025-09-08,0.17987421243714366
2025-09-09,0.15770885116375422
2025-09-10,0.16792989539511208
2025-09-11,0.16490429354076822
2025-09-12,0.16372413744427006
2025-09-15,0.1656969620525828
2025-09-16,0.14602252210278477
2025-09-17,0.15092120517578764
2025-09-18,0.15059255082139378
2025-09-19,0.15672040404445128
2025-09-22,0.16411680578174398
2025-09-23,0.1796857012524492
2025-09-24,0.13515333147346173
2025-09-25,0.15344276204354237
2025-09-26,0.16210548868598387
2025-09-29,0.1323722968848805
2025-09-30,0.1467937106736083
2025-10-01,0.1796831445309271
2025-10-02,0.1569360882962736
2025-10-03,0.14018154305993116
2025-10-06,0.13342775021302733
2025-10-07,0.17380458472845906
2025-10-08,0.14307890190574069
2025-10-09,0.12167983038017727
2025-10-10,0.14122777064692937
2025-10-13,0.13935042728408675
2025-10-14,0.12508490051405063
2025-10-15,0.13815206419132386
2025-10-16,0.14482994821375794
2025-10-17,0.16604875728757468
2025-10-20,0.1332932535920107
2025-10-21,0.16083817302127065
2025-10-22,0.1751595427041074
2025-10-23,0.17594132945292107
2025-10-24,0.1769035379241821
2025-10-27,0.13617588707135356
2025-10-28,0.14061399846700592
2025-10-29,0.15671241940502711
2025-10-30,0.17220596738977031
2025-10-31,0.15826910450327153
2025-11-03,0.11765315968927462
2025-11-04,0.12919133725457005
2025-11-05,0.1751988027806194
2025-11-06,0.15424724245767737
2025-11-07,0.15688424965387396
2025-11-10,0.14598104891565283
2025-11-11,0.11845863890048251
2025-11-12,0.15382251629825475
2025-11-13,0.17224829424752297
2025-11-14,0.1583372941620774
2025-11-17,0.12733392316273892
2025-11-18,0.1433266228358132
2025-11-19,0.13310882416039332
2025-11-20,0.1471457961074826
2025-11-21,0.15359101523056293
2025-11-24,0.11578038342336491
2025-11-25,0.13943424451285177
2025-11-26,0.13856249479901492
2025-11-28,0.1365930988192468
2025-12-01,0.13490029786410346
2025-12-02,0.13317890069516886
2025-12-03,0.15300574263862535
2025-12-04,0.14083470055513309
2025-12-05,0.1564336743261081
2025-12-08,0.14814896271365363
2025-12-09,0.16220150481105977
2025-12-10,0.16577360508911082
2025-12-11,0.14156969574803457
2025-12-12,0.17781438204325742
2025-12-15,0.16606543000561932
2025-12-16,0.16639459194624345
2025-12-17,0.14114373507211936
2025-12-18,0.15078737990170887
2025-12-19,0.1538280776280529
2025-12-22,0.17265347922270055
2025-12-23,0.1781300359297439
2025-12-24,0.12931940591439986
2025-12-26,0.13529851998785983
2025-12-29,0.1247411630738207
2025-12-30,0.12303760312819265
2025-12-31,0.11194139143428508
2026-01-02,0.10678920645873942
2026-01-05,0.4094460632796408
2026-01-06,0.12335562559979274
2026-01-07,0.12137931290934675
2026-01-08,0.12759195500505063
2026-01-09,0.12982579322684318
2026-01-12,0.12047341087859115
2026-01-13,0.10135203144709426
2026-01-14,0.10951825808276766
2026-01-15,0.11803478157016642
2026-01-16,0.10143539272109126
2026-01-20,0.11223140599716613
2026-01-21,0.12151705637478669
2026-01-22,0.10395868461247315
2026-01-23,0.11477890866915061
2026-01-26,0.10847514467936316
2026-01-27,0.10807307136208547
2026-01-28,0.11671131985015881
2026-01-29,0.15212898711739264
2026-01-30,0.12701317191197536
2026-02-02,0.1455447564577382
2026-02-03,0.12029012980058439
2026-02-04,0.1385176384604765
2026-02-05,0.12687059409095622
2026-02-06,0.10512782697711336
2026-02-09,0.0874790321808356
2026-02-10,0.10991848048298664
2026-02-11,0.1015092463937898
2026-02-12,0.09309856342593595
2026-02-13,0.11424426153594719
2026-02-17,0.08542917202746703
2026-02-18,0.08856863732240383
2026-02-19,0.09314787900537494
2026-02-20,0.09088488405850209
2026-02-23,0.0681974890304417
2026-02-24,0.1318604412622994
2026-02-25,0.08634858138992331
2026-02-26,0.07868264321823942
2026-02-27,0.0828934678717513
2026-03-02,0.14957236542605065
2026-03-03,0.08642790131547115
2026-03-04,0.10507937398214279
2026-03-05,0.08119226914342975
2026-03-06,0.09899509311143315
2026-03-09,0.11580106953494756
2026-03-10,0.0902335435332878
2026-03-11,0.09726057124058549
2026-03-12,0.12387259354527987
2026-03-13,0.12200399360772597
2026-03-16,0.08941604072920296
2026-03-17,0.08188018540609052
2026-03-18,0.10614851804524877
2026-03-19,0.0857018454808521
2026-03-20,0.08576726540934022
2026-03-23,0.09620374843307539
2026-03-24,0.08444819254539915
2026-03-25,0.07695429675835914
2026-03-26,0.0656084696661179
2026-03-27,0.0730519582288711
2026-03-30,0.0679732439290599
2026-03-31,0.08241982934569828
2026-04-01,0.11562432629185361
2026-04-02,0.11006130712173973
2026-04-06,0.10479231422359098
2026-04-07,0.10084364315251007
2026-04-08,0.10694299602989446
2026-04-09,0.10714817642831809
2026-04-10,0.09015894541633668
2026-04-13,0.09029927224565894
2026-04-14,0.10335545682783516
2026-04-15,0.09860524308891444
2026-04-16,0.12696978788184948
2026-04-17,0.12255009308758301
2026-04-20,0.10092040266887917
2026-04-21,0.0908928965519133
2026-04-22,0.11697067579052398
2026-04-23,0.11215827343056942
2026-04-24,0.15846382129137015
2026-04-27,0.1389606166459781
2026-04-28,0.1391058740572288
2026-04-29,0.10026704441405146
2026-04-30,0.1465482557681001
2026-05-01,0.1742125587011864
2026-05-04,0.17089406632824222
2026-05-05,0.1295520150522449
2026-05-06,0.11320903206685547
2026-05-07,0.14399562314391934
2026-05-08,0.11050878504320105
2026-05-11,0.13563997712830295
2026-05-12,0.12309295025146176
2026-05-13,0.09438464796825197
2026-05-14,0.11008432849351799
2026-05-15,0.08505461429067002
2026-05-18,0.09658641201406146
2026-05-19,0.09499395324652606
2026-05-20,0.09315514355748336
2026-05-21,0.08918780923234354
2026-05-22,0.10861186333909792
2026-05-26,0.11332186334366065
2026-05-27,0.1798901877889126
2026-05-28,0.12579637212369094
2026-05-29,0.10058768228708785
2026-06-01,0.09631009417782974
2026-06-02,0.10293696483095399
2026-06-03,0.10428921360232524
2026-06-04,0.08373677502371672
2026-06-05,0.10020181978862232
2026-06-08,0.1580273462243199
2026-06-09,0.09555264598954866
2026-06-10,0.1029268487757211
2026-06-11,0.11803907255352822
2026-06-12,0.1151714024563523
2026-06-15,0.09396420449707305
2026-06-16,0.13134971439875343
2026-06-17,0.09309727770008291
2026-06-18,0.08993824043014872
2026-06-22,0.11647626055077182
2026-06-23,0.08641787271588906
2026-06-24,0.10130326568630162
2026-06-25,0.12161908674783863
2026-06-26,0.11222992408733341
2026-06-29,0.1358879398475756
2026-06-30,0.08860188030443003
2026-07-01,0.09208077145419452
2026-07-02,0.10553767723666536
2026-07-06,0.14937036101433332
2026-07-07,0.13760957353352377
2026-07-08,0.13177484908330794
2026-07-09,0.10383891439820998
2026-07-10,0.10983737463160093
2026-07-13,0.11273623252514005
2026-07-14,0.15376685328380835
2026-07-15,0.15552396659996734
2026-07-16,0.12589234564034926
2026-07-17,0.17671250811307848
2026-07-20,0.10471222385704494
2026-07-21,0.10908790903441024
2026-07-22,0.18254329119288915
2026-07-23,0.15597620725617303
2026-07-24,0.13130384692387395
2026-07-27,0.1248352214665631
2026-07-28,0.21074292474633805
2026-07-29,0.20722312075463215
2026-07-30,0.16178382091368404
2026-07-31,0.1891652374858196
2026-08-03,0.15964416871484916
2026-08-04,0.17475480725820375
2026-08-05,0.16627779361510625
2026-08-06,0.1789614404536068
2026-08-07,0.14422547703583305
2026-08-10,0.1546251532838826
2026-08-11,0.17068583923472802
2026-08-12,0.11748037432397636
2026-08-13,0.184916289605321
