,0
2006-01-03,-0.014726683011463886
2006-01-04,-0.0073262353842160335
2006-01-05,-0.0032057954472156816
2006-01-06,-0.007006166695117044
2006-01-09,-0.010790978138613003
2006-01-10,-0.005686642127888129
2006-01-11,-0.01135433470380235
2006-01-12,-0.00463557714338774
2006-01-13,-0.004967905543068044
2006-01-17,-0.00994301137278656
2006-01-18,-0.004182277975294878
2006-01-19,-0.003906494635205485
2006-01-20,-0.011764518183364395
2006-01-23,-0.009984099314479234
2006-01-24,-0.002697774802352169
2006-01-25,-0.014974665904693228
2006-01-26,-0.006963818931079939
2006-01-27,-0.011449091788897112
2006-01-30,-0.007574847539258821
2006-01-31,-0.008370786426732446
2006-02-01,-0.0018410015210560586
2006-02-02,-0.0081291655675449
2006-02-03,-0.006942646598295784
2006-02-06,-0.002484772678304852
2006-02-07,-0.0015028231679764074
2006-02-08,-0.012533659263734016
2006-02-09,-0.008272981165325138
2006-02-10,-0.013803699280682088
2006-02-13,-0.007268929490180368
2006-02-14,-0.00932770502725056
2006-02-15,-0.01468614330606973
2006-02-16,0.001163063546164144
2006-02-17,-0.007596999908010499
2006-02-21,-0.0064347315945130325
2006-02-22,-0.003632150794664055
2006-02-23,-0.008556056647396297
2006-02-24,-0.010742383147069772
2006-02-27,-0.013179738904697123
2006-02-28,-0.009084205986973785
2006-03-01,-0.00976721243707772
2006-03-02,-0.009499078016668756
2006-03-03,-0.01011899680578237
2006-03-06,-0.0033088350859728985
2006-03-07,-0.015888217851339745
2006-03-08,-0.013698487183969538
2006-03-09,-0.006339870502722814
2006-03-10,-0.01051315020643034
2006-03-13,-0.0034738807640624448
2006-03-14,-0.007616785711342369
2006-03-15,-0.004878232987701918
2006-03-16,-0.011334937037726622
2006-03-17,-0.00031308194456907204
2006-03-20,-0.012979180819050397
2006-03-21,-0.006200861651817087
2006-03-22,-0.008738157192341082
2006-03-23,0.0035710361640841244
2006-03-24,-0.010552399886769433
2006-03-27,-0.008435816085884111
2006-03-28,-0.011895080705928351
2006-03-29,-0.004241977277703209
2006-03-30,-0.01065766822731293
2006-03-31,-0.010515809689152323
2006-04-03,-0.00697176650846077
2006-04-04,-0.004856883406746108
2006-04-05,-0.01065887506945632
2006-04-06,-0.01086820903669617
2006-04-07,-0.008287844395533669
2006-04-10,-0.00856502319561878
2006-04-11,-0.009246155442614201
2006-04-12,-0.005740544595630282
2006-04-13,-0.002785065138131178
2006-04-17,-0.017247059998514835
2006-04-18,-0.005504672218831568
2006-04-19,-0.009120510199636462
2006-04-20,-0.002390803986479579
2006-04-21,-0.008381688937630609
2006-04-24,-0.003684893432295335
2006-04-25,-0.011425672796127662
2006-04-26,-0.01447332775104546
2006-04-27,-0.014808514557085904
2006-04-28,-0.002662348506604739
2006-05-01,-0.005200735967400645
2006-05-02,-0.011796993741551708
2006-05-03,-0.0015166048489549102
2006-05-04,-0.004020643017262059
2006-05-05,-0.004688602021056066
2006-05-08,-0.006581121498541977
2006-05-09,-0.007879593101056535
2006-05-10,-0.005088653057215269
2006-05-11,-0.009848555845790091
2006-05-12,-0.017233487201633875
2006-05-15,-0.020083579889831206
2006-05-16,-0.011911211460263166
2006-05-17,-0.0010445311493244031
2006-05-18,-0.01008556307386273
2006-05-19,-0.0009838034491679373
2006-05-22,-0.004840642296400402
2006-05-23,-0.008321946552575859
2006-05-24,-0.007836100465280044
2006-05-25,-0.004330519660139774
2006-05-26,-0.009587023496622884
2006-05-30,-0.001199934990453978
2006-05-31,-0.006826134217909228
2006-06-01,0.0002774869900800201
2006-06-02,-0.003229573547206868
2006-06-05,-0.009422044184693066
2006-06-06,-0.010357911052567037
2006-06-07,-0.006957366032236466
2006-06-08,-0.006556597211495077
2006-06-09,-0.00833733825785982
2006-06-12,-0.010623711618498378
2006-06-13,-0.015366729526426273
2006-06-14,0.003613804516585368
2006-06-15,-0.01971994848613572
2006-06-16,-0.004987374540374076
2006-06-19,-0.0018866909213968355
2006-06-20,-0.013966621404189129
2006-06-21,0.005342336445235251
2006-06-22,-0.009694493626993065
2006-06-23,-0.014200572786318796
2006-06-26,-0.010301346372092297
2006-06-27,-0.011996900118286751
2006-06-28,-0.005918359125829806
2006-06-29,-0.005915008031319802
2006-06-30,-0.004809406152664017
2006-07-03,-0.0032536172461911208
2006-07-05,-0.004118859045844182
2006-07-06,-0.013637503646560318
2006-07-07,-0.01083645753205317
2006-07-10,-0.009692150024229674
2006-07-11,-0.005991237204351584
2006-07-12,-0.007304426592653045
2006-07-13,-0.010777496046668484
2006-07-14,-0.005577980772940047
2006-07-17,0.0037282491940757462
2006-07-18,-0.011835213451959111
2006-07-19,0.001902234303284879
2006-07-20,-0.0066618460129990445
2006-07-21,-0.023936100991631272
2006-07-24,-0.0022940839129747285
2006-07-25,-0.013152579191019628
2006-07-26,-0.00893994689336069
2006-07-27,-0.0117691418977929
2006-07-28,-0.00036723847507627236
2006-07-31,-0.013032910593621915
2006-08-01,-0.009550356820693369
2006-08-02,-0.00755691190928964
2006-08-03,-0.0214429441844418
2006-08-04,-0.006823109601791416
2006-08-07,-0.007400295796276785
2006-08-08,-0.00993551904271489
2006-08-09,-0.014123017380312608
2006-08-10,-0.00277001562807598
2006-08-11,-0.01625302334421964
2006-08-14,-0.00428631463283698
2006-08-15,-0.0050335707639845165
2006-08-16,-0.030141082885304347
2006-08-17,-0.009564358846788627
2006-08-18,-0.006418110561822494
2006-08-21,-0.009600719915605507
2006-08-22,-0.007121521527065621
2006-08-23,-0.006655666630088643
2006-08-24,-0.01074971456419632
2006-08-25,-0.009754138011104084
2006-08-28,-0.008558031920544737
2006-08-29,-0.009994869192704176
2006-08-30,-0.010965459151987579
2006-08-31,-0.005483877177565097
2006-09-01,-0.007089529432262519
2006-09-05,-0.012108198964917494
2006-09-06,0.0022833598296036015
2006-09-07,-0.006015785521251095
2006-09-08,-0.008599047502304018
2006-09-11,-0.026284722204697346
2006-09-12,-0.02124204221421378
2006-09-13,0.0029219843111288977
2006-09-14,-0.005626602176244349
2006-09-15,-0.006546563105115645
2006-09-18,-0.007953245140614943
2006-09-19,-0.0016144008626998649
2006-09-20,-0.01991616612078114
2006-09-21,0.0005192511552327573
2006-09-22,-0.0021536711212741706
2006-09-25,-0.009246048585672515
2006-09-26,-0.008019545449061458
2006-09-27,-0.0120058996177729
2006-09-28,-0.0030901444087627497
2006-09-29,-0.0013609081815573413
2006-10-02,0.00132030359793147
2006-10-03,-0.01800647731710273
2006-10-04,-0.010727716181420939
2006-10-05,-0.006359700098070264
2006-10-06,-0.00811360555635303
2006-10-09,-0.007769336484093817
2006-10-10,-0.005193442098795098
2006-10-11,0.001491625288718679
2006-10-12,-0.005707037815598519
2006-10-13,-0.011311946311324442
2006-10-16,-0.003485745864523022
2006-10-17,-0.006460256338225147
2006-10-18,-0.006789446154728494
2006-10-19,-0.0010146533158605798
2006-10-20,-0.0071348785051691425
2006-10-23,-0.006801608609476326
2006-10-24,-0.006879732683263607
2006-10-25,-0.0017302530356766398
2006-10-26,-0.0036417883422977925
2006-10-27,-0.006371280005264567
2006-10-30,-0.007191208857995651
2006-10-31,-0.002403551040314646
2006-11-01,-0.010893777327332209
2006-11-02,-0.006330581637952942
2006-11-03,-0.007975512401742336
2006-11-06,-0.009437910737237553
2006-11-07,-0.0010290943074973049
2006-11-08,-0.010777016654316537
2006-11-09,-0.015004892498712195
2006-11-10,0.0044938534565709355
2006-11-13,-0.012967245436907523
2006-11-14,-0.010591414371876351
2006-11-15,-0.0030081656108828575
2006-11-16,-0.0018694926981074837
2006-11-17,2.3678851331605105e-05
2006-11-20,-0.012961456528317343
2006-11-21,-0.0021820414427981367
2006-11-22,-0.009258121338064746
2006-11-24,-0.007374740622327344
2006-11-27,0.0033517212600377095
2006-11-28,-0.007312647630898635
2006-11-29,-0.0030797350933422524
2006-11-30,-0.0038310902498094263
2006-12-01,-0.0060788683577038365
2006-12-04,0.0036557174777635485
2006-12-05,-0.005013336886327293
2006-12-06,-0.007917917112316073
2006-12-07,-0.010295284424856629
2006-12-08,-0.00575070205965098
2006-12-11,-0.009852147911354265
2006-12-12,-0.009324131443882694
2006-12-13,-0.01194936983373037
2006-12-14,-0.005192369827639008
2006-12-15,-0.0014719056200878248
2006-12-18,-0.00827646184114231
2006-12-19,-0.004657929715069525
2006-12-20,-0.004089752983845052
2006-12-21,-0.011253524891319363
2006-12-22,-0.003949595309797173
2006-12-26,-0.008169060257239381
2006-12-27,-0.006241294844426982
2006-12-28,-0.006444769764040241
2006-12-29,-0.00866204774525066
2007-01-03,0.0013484618049999543
2007-01-04,0.00797319963790601
2007-01-05,-0.000851293275661988
2007-01-08,-0.0007932290928466259
2007-01-09,0.003464239391621017
2007-01-10,0.003351984157191002
2007-01-11,-0.0015455566212869425
2007-01-12,-0.004277315976830562
2007-01-16,-0.007076879327430467
2007-01-17,-0.00575122893295596
2007-01-18,-0.008658232271324272
2007-01-19,-0.003049860617580108
2007-01-22,-0.0014696004410373865
2007-01-23,-0.006834459058103923
2007-01-24,0.004290722024107308
2007-01-25,0.004425777693039544
2007-01-26,0.000793710682149789
2007-01-29,0.0011406265366276584
2007-01-30,-0.002770980768109868
2007-01-31,-0.0033298717736241798
2007-02-01,0.002105904751502524
2007-02-02,0.00012132764986488273
2007-02-05,0.0005478795661299898
2007-02-06,-0.0015248533273790727
2007-02-07,0.005428677153474947
2007-02-08,0.0028554043936687775
2007-02-09,0.00048129717792760727
2007-02-12,0.0008526661019412231
2007-02-13,-0.0019561654649037957
2007-02-14,0.0033723047595560535
2007-02-15,-0.0014802610608693654
2007-02-16,-0.002433357154269195
2007-02-20,-0.002976091748424602
2007-02-21,-0.0018601536809152463
2007-02-22,0.008464010359653986
2007-02-23,0.002049013904402451
2007-02-26,0.004637481082516544
2007-02-27,-0.0005446940096132201
2007-02-28,0.002479030686110345
2007-03-01,-0.0001617653768290942
2007-03-02,-0.002914624261240346
2007-03-05,0.0009163345837541668
2007-03-06,0.00023687558491241353
2007-03-07,-0.004869831501154087
2007-03-08,0.0013819611314561566
2007-03-09,-0.0006108799798386184
2007-03-12,0.003176184699550483
2007-03-13,0.003528724686912259
2007-03-14,-0.00017265393549482534
2007-03-15,0.0015267816813667847
2007-03-16,0.005215590782629362
2007-03-19,-0.00485779444850523
2007-03-20,-0.00021220872891001516
2007-03-21,-0.0006194962992752693
2007-03-22,0.0009421827298198008
2007-03-23,-0.003732207798536593
2007-03-26,0.002084039816174249
2007-03-27,0.002031069918823292
2007-03-28,0.0005590629886997061
2007-03-29,-0.001360387641197236
2007-03-30,0.0035600509796124297
2007-04-02,-0.0017722138992320633
2007-04-03,-0.00015757475266279904
2007-04-04,-0.0021928135022736732
2007-04-05,0.002069549944191167
2007-04-09,-0.0008763509685726398
2007-04-10,0.000593233425519041
2007-04-11,-0.00046020572076744203
2007-04-12,-0.00038559742916561933
2007-04-13,0.004004648717313162
2007-04-16,-0.0015319249134813134
2007-04-17,0.0007223009905364368
2007-04-18,-0.0018422830797376036
2007-04-19,0.0034764288148302048
2007-04-20,-0.003539985667654613
2007-04-23,-0.0010164680663872158
2007-04-24,0.009058232994462758
2007-04-25,-0.003782279547908302
2007-04-26,0.0005021535289556962
2007-04-27,-0.001340531669242306
2007-04-30,0.00040597555152405113
2007-05-01,-0.0014637631380017154
2007-05-02,0.0008557833255135296
2007-05-03,-0.0005015977754308221
2007-05-04,0.0026372580159546113
2007-05-07,-0.0010857240779205953
2007-05-08,0.0004796133402577367
2007-05-09,0.00040892573791294747
2007-05-10,-0.0018199424520549568
2007-05-11,-0.00022265410459861815
2007-05-14,0.0010589375494518493
2007-05-15,0.0004661760503499537
2007-05-16,-0.0019024631579203921
2007-05-17,-0.007662390582938282
2007-05-18,-0.000584998923961353
2007-05-21,0.00028979988741336424
2007-05-22,0.002993248832978614
2007-05-23,-0.004334707160774789
2007-05-24,-0.00024695416023363405
2007-05-25,0.0014105923273411247
2007-05-29,-0.0008641922993963723
2007-05-30,-0.0042209865685415284
2007-05-31,0.005585442585682702
2007-06-01,-0.001908952464386401
2007-06-04,-0.0005150333058068459
2007-06-05,-0.0033307388059237377
2007-06-06,-0.0035119539087921825
2007-06-07,0.0006219422190797239
2007-06-08,-0.0009857638440283075
2007-06-11,0.0004783402445921856
2007-06-12,0.0012886707214820215
2007-06-13,-7.6215929334376735e-06
2007-06-14,0.0006323409556669989
2007-06-15,0.0035884326461037438
2007-06-18,1.2700223431926617e-05
2007-06-19,-0.0010172739832936515
2007-06-20,0.005555949913223054
2007-06-21,0.00249255837927364
2007-06-22,-0.0010334801908938164
2007-06-25,0.0031529222742383445
2007-06-26,0.002542215374258334
2007-06-27,0.007559001604207083
2007-06-28,-0.0005064378479379297
2007-06-29,-0.0006072292798646759
2007-07-02,-0.003559551376459869
2007-07-03,0.00014635187430323473
2007-07-05,0.0012403605488474725
2007-07-06,0.0004802090282512529
2007-07-09,-0.003693493528518574
2007-07-10,0.00622774352022555
2007-07-11,0.0005412908707958041
2007-07-12,-0.003010198083122025
2007-07-13,-0.0034997225954008066
2007-07-16,0.0037740313940077745
2007-07-17,-0.0005664508069840325
2007-07-18,-0.00446814930136145
2007-07-19,0.006098273666379792
2007-07-20,0.0018840369842745897
2007-07-23,-0.0015470736200907773
2007-07-24,0.0021991718597718394
2007-07-25,-0.007050906362148226
2007-07-26,0.005238334387480656
2007-07-27,-0.0023379729453901067
2007-07-30,7.772927321098152e-05
2007-07-31,0.0023871809191404582
2007-08-01,0.008953418446448981
2007-08-02,0.0026369311506205815
2007-08-03,0.003903698904379649
2007-08-06,-0.005596699629549304
2007-08-07,-1.8382235340862413e-05
2007-08-08,0.004735623323929312
2007-08-09,0.0019177113689936255
2007-08-10,-0.006059162002266067
2007-08-13,0.0022116928675804492
2007-08-14,-0.00037392175308444993
2007-08-15,0.002652740674622269
2007-08-16,-0.007669843611625612
2007-08-17,-0.009401904272401364
2007-08-20,0.0014546758653274
2007-08-21,0.00139245113587814
2007-08-22,0.001562523379736047
2007-08-23,0.000977719553281861
2007-08-24,-0.0035242931200410877
2007-08-27,-0.0007699349220272745
2007-08-28,0.0008311628069949224
2007-08-29,0.0033548202547409246
2007-08-30,0.0008609162305198256
2007-08-31,-0.0019803272949296975
2007-09-04,0.002264185043010338
2007-09-05,-0.002648376079043486
2007-09-06,-2.932375849048379e-05
2007-09-07,-0.003985577652787535
2007-09-10,0.0010637262655244365
2007-09-11,-0.00031246241375823395
2007-09-12,-0.003179986695763898
2007-09-13,-0.0026882414005354196
2007-09-14,-0.002139211199085839
2007-09-17,0.003707036551567352
2007-09-18,-0.00604461692425143
2007-09-19,-0.0036050442302502737
2007-09-20,-0.00447087666606034
2007-09-21,0.0011220892554327307
2007-09-24,0.005003262040300148
2007-09-25,0.0024778620689429897
2007-09-26,-0.004722271299108066
2007-09-27,-0.002944046989868943
2007-09-28,-0.0015922101972043893
2007-10-01,-0.0014219090587411776
2007-10-02,0.008024510816888701
2007-10-03,-0.00017142470156312779
2007-10-04,-0.002443615030669276
2007-10-05,0.002071733527814827
2007-10-08,-0.000849545957478145
2007-10-09,-0.0031902625632606024
2007-10-10,-0.0032705297428629256
2007-10-11,0.000635489458074454
2007-10-12,0.0028303237362485795
2007-10-15,-0.0052067840890516704
2007-10-16,0.0013026816656753642
2007-10-17,0.009178432969904884
2007-10-18,0.0010614625664505913
2007-10-19,0.011010585190865356
2007-10-22,0.009425535063082205
2007-10-23,-0.0012660613406073138
2007-10-24,0.001659890039057524
2007-10-25,-0.007086106517896738
2007-10-26,-0.0034343136529567013
2007-10-29,-0.00285913660596633
2007-10-30,0.014904162599584216
2007-10-31,-0.010717561645771773
2007-11-01,0.0033323015675431086
2007-11-02,0.0018176418916121405
2007-11-05,-0.0009220403651191433
2007-11-06,-0.015297493187895408
2007-11-07,0.00450629298690325
2007-11-08,-0.012506862660475975
2007-11-09,-1.2766304387097226e-05
2007-11-12,0.025030663810354122
2007-11-13,0.01136701667629058
2007-11-14,-0.010866504771828826
2007-11-15,0.010549337463463636
2007-11-16,-0.0006889970664634184
2007-11-19,-0.007786141417132014
2007-11-20,-0.01065659267389976
2007-11-21,-0.004897047209866968
2007-11-23,-0.006085655745815557
2007-11-26,-0.010239624965190047
2007-11-27,0.0015447032426218247
2007-11-28,0.0022915097645544755
2007-11-29,-1.3496640269209498e-05
2007-11-30,0.0051558045105700645
2007-12-03,-0.0009606536869861091
2007-12-04,-0.002462724836327316
2007-12-05,-0.002921742244302534
2007-12-06,-0.0003067370168765235
2007-12-07,-0.002769267934015775
2007-12-10,-0.0024150033152293684
2007-12-11,-0.0010898412954782513
2007-12-12,-0.008573300175769316
2007-12-13,-0.001129610853577244
2007-12-14,-0.0056758561804144785
2007-12-17,0.0003713351245118959
2007-12-18,-0.0024110773149659424
2007-12-19,-0.01075840771834987
2007-12-20,0.0018064284253642465
2007-12-21,-0.011096027872475798
2007-12-24,-8.76080667961282e-05
2007-12-26,-0.002603974883718963
2007-12-27,-0.004299057259330809
2007-12-28,-0.006683608721211419
2007-12-31,0.003725283497461498
2008-01-02,0.005952182526704363
2008-01-03,-0.009079351114737807
2008-01-04,-0.013142428188148637
2008-01-07,-0.031248800846434874
2008-01-08,-0.009562765200655667
2008-01-09,-0.0041573059457942745
2008-01-10,-0.0028957830827058117
2008-01-11,-0.014834118118027737
2008-01-14,-0.004317915017692358
2008-01-15,-0.0017502909470851783
2008-01-16,-0.023363024857163968
2008-01-17,-0.02531009182091457
2008-01-18,-0.003930921554309057
2008-01-22,-0.0062493073742162265
2008-01-23,-0.014219058380122301
2008-01-24,0.000248716871269844
2008-01-25,-0.012604820392707288
2008-01-28,-0.012199566107458143
2008-01-29,-0.013278485002092706
2008-01-30,-0.011907259503521197
2008-01-31,0.00038160445374953167
2008-02-01,0.0006111725392430722
2008-02-04,-0.010575767360337787
2008-02-05,-0.003892475222206335
2008-02-06,-0.01889548507991537
2008-02-07,0.015754391018413652
2008-02-08,-0.016268697293491393
2008-02-11,-0.015988610542255637
2008-02-12,-0.010611747024894973
2008-02-13,-0.0022338929570473887
2008-02-14,-0.008899249161762234
2008-02-15,-0.009617040573253478
2008-02-19,-0.01703558972835982
2008-02-20,-0.004538449931124107
2008-02-21,-0.0037748467643008918
2008-02-22,-0.01219940326296783
2008-02-25,-0.012901972503166999
2008-02-26,-0.009597462507273342
2008-02-27,-0.003704354576908166
2008-02-28,0.005535967712637441
2008-02-29,-0.007898263854982938
2008-03-03,-0.0053132615614108125
2008-03-04,-0.008222465076020204
2008-03-05,0.0010722689283903814
2008-03-06,-0.017008740017454952
2008-03-07,-0.012697182826103076
2008-03-10,-0.005406151396392555
2008-03-11,0.015394702650403044
2008-03-12,-0.006814318522194431
2008-03-13,-0.01013299330089622
2008-03-14,-0.021042506282309734
2008-03-17,-0.01126534356999764
2008-03-18,-0.014569340655219259
2008-03-19,0.0026596846069432724
2008-03-20,-0.01342539664352614
2008-03-24,-0.006251557881705502
2008-03-25,-0.015895116602372496
2008-03-26,-0.004715281918400766
2008-03-27,-0.013719530361023786
2008-03-28,-0.01337880617597353
2008-03-31,-0.006870342400804322
2008-04-01,-0.019403636673400552
2008-04-02,-0.009141032567810365
2008-04-03,-0.005467038515614959
2008-04-04,0.0022434560078893415
2008-04-07,-0.010087976375147713
2008-04-08,-0.005719611734526885
2008-04-09,-0.011406792487356307
2008-04-10,-0.018995343268613504
2008-04-11,-0.005368460372668526
2008-04-14,-0.016657577148819616
2008-04-15,-0.014683585294049641
2008-04-16,-0.007295294892710458
2008-04-17,-0.0036192780020112385
2008-04-18,-0.008283521416127836
2008-04-21,-0.01938435125740753
2008-04-22,-0.012730385351626475
2008-04-23,0.005876145050750032
2008-04-24,-0.005232942218742744
2008-04-25,-0.010174081971621972
2008-04-28,-0.005013958048835905
2008-04-29,-0.011033400682952445
2008-04-30,-0.0004258837788418141
2008-05-01,-0.0007479642204088061
2008-05-02,-0.002221924928565772
2008-05-05,-0.021346324082442053
2008-05-06,-0.007627210174006235
2008-05-07,-0.005766024704789731
2008-05-08,-0.0190766009850498
2008-05-09,-0.014090974492750544
2008-05-12,0.0021019902822142405
2008-05-13,-0.01328502040481961
2008-05-14,0.005495967472382677
2008-05-15,-0.0061181313058187
2008-05-16,-0.006912121807256803
2008-05-19,-0.011056258668427042
2008-05-20,-0.007591971088316671
2008-05-21,-0.006818846248202707
2008-05-22,-0.017165015578459595
2008-05-23,-0.008777712262453025
2008-05-27,-0.011996961542254955
2008-05-28,-0.010582594221811958
2008-05-29,0.010126414548131728
2008-05-30,-0.0019068575071103325
2008-06-02,-0.01377721669071846
2008-06-03,-0.005249977365891934
2008-06-04,-0.015253208851125962
2008-06-05,0.00582404629733378
2008-06-06,-0.00835650682157143
2008-06-09,0.00027331967711402734
2008-06-10,0.004684365917827222
2008-06-11,-0.003124507431478022
2008-06-12,0.006175192290582379
2008-06-13,-0.006634292899072561
2008-06-16,-0.003928185689983441
2008-06-17,-0.006432364485409684
2008-06-18,-0.008086327319831192
2008-06-19,-0.007196654768842165
2008-06-20,0.00018973592249788875
2008-06-23,-0.0017469238803663797
2008-06-24,-0.00045616871140622545
2008-06-25,-0.009717948572265728
2008-06-26,-0.01663746822512104
2008-06-27,-0.011644254525038124
2008-06-30,-0.004575939623578563
2008-07-01,-0.004630810073739573
2008-07-02,-0.006026039948827712
2008-07-03,-0.018160856880004572
2008-07-07,-0.016827459856244932
2008-07-08,-0.023409820212518646
2008-07-09,0.0026328919324428816
2008-07-10,-0.010385145821756474
2008-07-11,-0.01917822331348851
2008-07-14,-0.022459755637731803
2008-07-15,-0.019599228010905488
2008-07-16,0.004967969168319162
2008-07-17,-0.04059038275042802
2008-07-18,-0.0019047842233592908
2008-07-21,0.0028874182364835733
2008-07-22,0.007887616943578715
2008-07-23,-0.017606176712638005
2008-07-24,-0.0025496018638598954
2008-07-25,-0.005821638544599469
2008-07-28,-0.014755855659966696
2008-07-29,0.005551903436204861
2008-07-30,-0.002472935594409283
2008-07-31,-0.004433930425048891
2008-08-01,-0.024689999650283005
2008-08-04,-0.013457975184502468
2008-08-05,-0.03188342490387437
2008-08-06,-0.000526114528597927
2008-08-07,-0.0016602715054350719
2008-08-08,-0.012082900623868964
2008-08-11,-0.017086939041287934
2008-08-12,-0.006723894926888989
2008-08-13,-0.01348321316980088
2008-08-14,0.005281788623991717
2008-08-15,-0.011379132272830845
2008-08-18,-0.007813812667536488
2008-08-19,-0.0053430246416643935
2008-08-20,-0.029118900570642193
2008-08-21,-0.009597655379812477
2008-08-22,-0.017431919759409727
2008-08-25,-0.0002654311513778287
2008-08-26,-0.014268535578470224
2008-08-27,-0.005570532612966657
2008-08-28,-0.02857524598977835
2008-08-29,-0.008283875031435298
2008-09-02,-0.022018175755466256
2008-09-03,-0.014047385952745583
2008-09-04,-0.0016985433083999968
2008-09-05,-0.013742256640197303
2008-09-08,0.01803851364814687
2008-09-09,-0.023834321331133647
2008-09-10,0.017421039242738624
2008-09-11,-0.022869611639260636
2008-09-12,-0.018705741573366675
2008-09-15,-0.010663694084998407
2008-09-16,0.013252494696126767
2008-09-17,0.010578971843212819
2008-09-18,-0.012882890563090173
2008-09-19,-0.04867918833324025
2008-09-22,-0.014100004740468892
2008-09-23,-0.0035022677185768195
2008-09-24,-0.017008164419568192
2008-09-25,-0.014966888810273575
2008-09-26,0.006932708728750112
2008-09-29,0.0028640486642993075
2008-09-30,0.004882978706692312
2008-10-01,-0.013923480983761257
2008-10-02,-0.02396120553441006
2008-10-03,-0.0025025008947371762
2008-10-06,0.00034249933445489565
2008-10-07,0.002300867278929291
2008-10-08,0.004245036266347868
2008-10-09,0.002158199365906983
2008-10-10,-0.018205231829222252
2008-10-13,0.00494111500762285
2008-10-14,0.00692696563478289
2008-10-15,-0.006654119077113628
2008-10-16,-0.015266930951965213
2008-10-17,-0.009662836094558331
2008-10-20,-0.007531598180533956
2008-10-21,-0.006848333666588571
2008-10-22,-0.01412929527826745
2008-10-23,-6.362286090718684e-05
2008-10-24,-0.012045256289252465
2008-10-27,0.0008333539744748136
2008-10-28,-0.011746490438786648
2008-10-29,-0.026303940386315863
2008-10-30,-0.026016200748211996
2008-10-31,-0.01646153739770597
2008-11-03,0.006061404409328307
2008-11-04,0.004821892497724394
2008-11-05,-0.0025836488617345735
2008-11-06,-0.018950036825800945
2008-11-07,-0.009243305317102225
2008-11-10,-0.0310852356486042
2008-11-11,-0.013839596550059542
2008-11-12,-0.016342815229794878
2008-11-13,-0.005150978491006767
2008-11-14,-0.022250467814861768
2008-11-17,-0.018160255361114257
2008-11-18,-0.00837715626159913
2008-11-19,-0.03976789756626281
2008-11-20,-0.035150811008115665
2008-11-21,0.006881879902676625
2008-11-24,0.012690355166108516
2008-11-25,0.008451303216198695
2008-11-26,-0.02788518527680394
2008-11-28,-0.0050545608819032705
2008-12-01,0.01717496414023787
2008-12-02,-0.03509132325971526
2008-12-03,-0.0352371345391895
2008-12-04,-0.030393912403852457
2008-12-05,-0.041579127669788024
2008-12-08,-0.019301994264760813
2008-12-09,-0.005289447772070532
2008-12-10,-0.028264299015930673
2008-12-11,-0.027660271626137663
2008-12-12,-0.023069498272971143
2008-12-15,-0.011846072204274045
2008-12-16,-0.001862617328206067
2008-12-17,-0.020140554651359284
2008-12-18,-0.0096897424779704
2008-12-19,-0.026483519603290144
2008-12-22,0.014592143071456672
2008-12-23,-0.02271939458385401
2008-12-24,-0.00991169653239002
2008-12-26,-0.014602957943891519
2008-12-29,-0.02684815310156452
2008-12-30,-0.012347156874732559
2008-12-31,-0.0136090805424361
2009-01-02,-0.009674822842612419
2009-01-05,-0.004306186656334231
2009-01-06,-0.007300856624983633
2009-01-07,0.008715082322283067
2009-01-08,-0.012071800893033679
2009-01-09,-0.006693558056345313
2009-01-12,-0.014665668200309278
2009-01-13,0.006608537155638954
2009-01-14,0.005674750036809954
2009-01-15,-0.029140230147320013
2009-01-16,-0.028183032620202865
2009-01-20,-0.055100069118476584
2009-01-21,0.03088740349412536
2009-01-22,-0.01108488229463862
2009-01-23,0.00011898388201495892
2009-01-26,-0.009934151126971167
2009-01-27,-0.00564594136435583
2009-01-28,-0.018229209666297312
2009-01-29,-0.0002250711190534497
2009-01-30,-0.020764265401373494
2009-02-02,-0.007726608940680136
2009-02-03,-0.010363193027929214
2009-02-04,-0.011074723367692954
2009-02-05,-0.01783619635350977
2009-02-06,0.0005434818272703279
2009-02-09,-0.0011267996060193575
2009-02-10,-0.021336624227220276
2009-02-11,0.004826266046930254
2009-02-12,0.002380317663348376
2009-02-13,-0.01168488179306328
2009-02-17,-0.005910302036287718
2009-02-18,-0.010067437851656405
2009-02-19,-0.018265606716834505
2009-02-20,-0.010219706757064208
2009-02-23,0.003906561735440531
2009-02-24,0.010079730198613253
2009-02-25,-0.00546276048391915
2009-02-26,-0.014579629656809137
2009-02-27,-0.04038946412299752
2009-03-02,-0.009942887020633031
2009-03-03,-0.008559317285568526
2009-03-04,-0.02075325111484649
2009-03-05,-0.01941878733194209
2009-03-06,-0.003744971976662557
2009-03-09,-0.013691342560734432
2009-03-10,-0.017355074911879147
2009-03-11,-0.010359669085413728
2009-03-12,0.012082104189367629
2009-03-13,0.005826485994363664
2009-03-16,-0.013797595633427777
2009-03-17,6.675145311616296e-05
2009-03-18,0.003216852770683067
2009-03-19,-0.010683690696720372
2009-03-20,-0.03128987722379442
2009-03-23,0.007536190937813107
2009-03-24,-0.018933916263799228
2009-03-25,-0.011735119789511209
2009-03-26,0.005567563830301714
2009-03-27,-0.014189830913973592
2009-03-30,0.0020630912501767087
2009-03-31,0.006754628275427863
2009-04-01,-0.020456382217955833
2009-04-02,-0.015076730629169274
2009-04-03,-0.004125792356759165
2009-04-06,0.015137916147404631
2009-04-07,-0.005869941453463922
2009-04-08,-0.008268108537818012
2009-04-09,0.004442850316334469
2009-04-13,-0.01308652347268274
2009-04-14,-0.008258531526465924
2009-04-15,0.0047564773773773154
2009-04-16,-0.007870481756656465
2009-04-17,-0.01812031142605288
2009-04-20,-0.0029654271373704168
2009-04-21,0.025684813783557536
2009-04-22,-0.0019056799193104407
2009-04-23,0.014917448446586401
2009-04-24,-0.009239649481441053
2009-04-27,-0.006622730300876801
2009-04-28,-0.01837785292268984
2009-04-29,-0.011123715153553003
2009-04-30,0.00028338885652471127
2009-05-01,-0.00571316278687007
2009-05-04,0.006105100443679816
2009-05-05,0.0005636736901281532
2009-05-06,0.004211223789812797
2009-05-07,-0.0075978040090211455
2009-05-08,0.00939199885758294
2009-05-11,0.01577769954710584
2009-05-12,-0.031203580518101445
2009-05-13,-0.017262572174426456
2009-05-14,0.006217367382398439
2009-05-15,-0.002336063116222668
2009-05-18,0.0015053617675129943
2009-05-19,-0.009721259649952518
2009-05-20,-0.02020912426798834
2009-05-21,-0.005774571126434648
2009-05-22,-0.011986083908813719
2009-05-26,-0.017935585538487103
2009-05-27,-0.009182928265400833
2009-05-28,-0.009376460196912377
2009-05-29,-0.012320103545514535
2009-06-01,0.004963498788674226
2009-06-02,-0.01762471037494598
2009-06-03,-0.009579335736687986
2009-06-04,0.0034541411031278318
2009-06-05,-0.008320669056900315
2009-06-08,-0.007433532486575583
2009-06-09,-0.0180318178434353
2009-06-10,-0.0073019603764817795
2009-06-11,-0.009756018131651788
2009-06-12,0.001005326011553822
2009-06-15,-0.005599920448044192
2009-06-16,0.001575862304503739
2009-06-17,-0.017521390063131567
2009-06-18,-0.003437567974096883
2009-06-19,-0.007173346409941141
2009-06-22,0.014597933408043159
2009-06-23,0.004659076053407974
2009-06-24,-0.0033398963218106807
2009-06-25,-0.006003688742999386
2009-06-26,-0.008257403578367614
2009-06-29,-0.0006426822503965736
2009-06-30,-0.008074118381171705
2009-07-01,-0.008160619882091326
2009-07-02,-0.004705562155776319
2009-07-06,0.00027445132057003427
2009-07-07,-0.01915365216683869
2009-07-08,-0.00946862338803003
2009-07-09,-0.008055554405439874
2009-07-10,0.002017893107849304
2009-07-13,-0.0065540020985045844
2009-07-14,-0.008329630492194054
2009-07-15,-0.0005826775997226892
2009-07-16,-0.0066881727307289635
2009-07-17,-0.00020661361965062554
2009-07-20,-0.015850410849901603
2009-07-21,-0.009495087961567731
2009-07-22,0.0019491247160170217
2009-07-23,-0.019126795830428922
2009-07-24,-0.013938897880809703
2009-07-27,7.38032771069267e-05
2009-07-28,0.0017906558428405972
2009-07-29,-0.009736932222136055
2009-07-30,-0.007205170898239297
2009-07-31,-0.012965379350507067
2009-08-03,-0.021932817572644883
2009-08-04,-0.008886156511622636
2009-08-05,-0.010409721851153401
2009-08-06,-0.006787739937452174
2009-08-07,-0.00038113500813310476
2009-08-10,-0.002163891429026658
2009-08-11,-0.0163306111087794
2009-08-12,-0.00413456923862786
2009-08-13,-0.008052921582972853
2009-08-14,-0.0006176980382812322
2009-08-17,-0.012695159008226611
2009-08-18,-0.006886057593309153
2009-08-19,-0.010491451839105288
2009-08-20,-0.0027251888919162743
2009-08-21,-0.002579221539877899
2009-08-24,0.0004477136745528751
2009-08-25,-0.006742796387277029
2009-08-26,-0.005567160580294609
2009-08-27,-0.012849057376172323
2009-08-28,-0.005749208499340946
2009-08-31,-0.008068505059994088
2009-09-01,-0.0034250851889681844
2009-09-02,-0.0027101464493397404
2009-09-03,-0.011307236617983281
2009-09-04,-0.01027832076805986
2009-09-08,-0.011320553740134047
2009-09-09,-0.011925696293701929
2009-09-10,-0.008014070518759462
2009-09-11,-0.009104134255070584
2009-09-14,-0.005997363470835455
2009-09-15,-0.012196512260145712
2009-09-16,-0.006827559791470051
2009-09-17,-0.005039800747015958
2009-09-18,-0.01073711975795489
2009-09-21,-0.006779683980747503
2009-09-22,-0.007049672953971128
2009-09-23,0.002012236682727415
2009-09-24,-0.00785329085199969
2009-09-25,-0.004227798270205695
2009-09-28,-0.010552048745675455
2009-09-29,-0.00602515923942537
2009-09-30,-0.007310530274632179
2009-10-01,-0.0028532779247939233
2009-10-02,-0.0033152947644094523
2009-10-05,-0.007810115018138948
2009-10-06,-0.008540250035710021
2009-10-07,-0.006317536960926021
2009-10-08,-0.011638795916886501
2009-10-09,-0.0021854223841432244
2009-10-12,-0.0011238736344978328
2009-10-13,-0.004348128501236994
2009-10-14,-0.00805218134648527
2009-10-15,-0.006872033204422983
2009-10-16,-0.008075247400285718
2009-10-19,-0.008400794872045123
2009-10-20,-0.0035702800523568427
2009-10-21,0.00034322557185807213
2009-10-22,-0.005671648250507661
2009-10-23,0.0017315774562407342
2009-10-26,-0.011316776882430879
2009-10-27,-0.002398418634276197
2009-10-28,-0.0023773551643135223
2009-10-29,0.005712219997126558
2009-10-30,-0.00864966088191979
2009-11-02,-0.006382434073574674
2009-11-03,-0.0030669185441167058
2009-11-04,-0.00022025037459091987
2009-11-05,-0.010469654293192238
2009-11-06,-0.0020439018453095956
2009-11-09,-0.00018108720344110762
2009-11-10,-0.009868054800341298
2009-11-11,-0.004391492346424822
2009-11-12,-0.005168605314965525
2009-11-13,-0.004876745234513123
2009-11-16,-0.014276811955296672
2009-11-17,-0.006241513585788751
2009-11-18,-0.0005285314926219767
2009-11-19,-0.0076719283115918545
2009-11-20,-0.011177984923712195
2009-11-23,-0.0056748867202053525
2009-11-24,-0.004147648822713554
2009-11-25,-0.007845953607188719
2009-11-27,-0.0024098143901057877
2009-11-30,0.004297070886041807
2009-12-01,-0.00625256898194256
2009-12-02,-0.006694267081587059
2009-12-03,-0.002232983845018655
2009-12-04,-0.012478246736118482
2009-12-07,-0.004198708466843384
2009-12-08,-0.007621365746889484
2009-12-09,-0.004393266808569015
2009-12-10,-0.0010889200643067185
2009-12-11,-0.00923367380577992
2009-12-14,-0.0018176535415891917
2009-12-15,-0.006513470801845722
2009-12-16,-0.006582878484859611
2009-12-17,-0.007714251620103914
2009-12-18,-0.006666217659849824
2009-12-21,-0.009351887439972994
2009-12-22,-0.010188157498718334
2009-12-23,-0.009603662923360363
2009-12-24,-0.0023465928338586997
2009-12-28,-0.007012462772058887
2009-12-29,-0.011966835526738821
2009-12-30,-0.0071597064911914105
2009-12-31,-0.008264848684162133
2010-01-04,-0.004424027694311967
2010-01-05,-0.0039512926103383314
2010-01-06,-0.012519741015907245
2010-01-07,-0.0022816070672973697
2010-01-08,-0.0030637014323637046
2010-01-11,0.002176367260217787
2010-01-12,0.007790635464107611
2010-01-13,-0.0007558921772496149
2010-01-14,-0.0028483095897757554
2010-01-15,0.004247388228477038
2010-01-19,-0.006295252661845468
2010-01-20,0.0024977519219056927
2010-01-21,0.004735095107958302
2010-01-22,0.0024309694968487976
2010-01-25,-0.00946794260604312
2010-01-26,0.0015252625944895048
2010-01-27,0.0012608553384142506
2010-01-28,-0.004687625349653926
2010-01-29,-0.0016680820112996478
2010-02-01,-0.012643321328645516
2010-02-02,-0.0009342550532181679
2010-02-03,-0.004603344805717013
2010-02-04,0.007568567556959765
2010-02-05,-0.007782550091028496
2010-02-08,0.001759156742595705
2010-02-09,-0.011100882501989477
2010-02-10,-0.0019918524518235258
2010-02-11,-0.012796972297843181
2010-02-12,-0.007068883847299633
2010-02-16,-0.005966333001029219
2010-02-17,0.003723605667186717
2010-02-18,-0.008809476210137343
2010-02-19,0.0013104104559527757
2010-02-22,0.001956702877596312
2010-02-23,0.007983640308579974
2010-02-24,0.0005604797899768621
2010-02-25,-0.00524208076185605
2010-02-26,-0.0015984739983733662
2010-03-01,-0.003575473314314207
2010-03-02,-0.006444210155568434
2010-03-03,-0.006341655615336349
2010-03-04,0.001744656987667416
2010-03-05,-0.00040567565101530946
2010-03-08,0.0015341199828461443
2010-03-09,-0.0006774834194657245
2010-03-10,-0.007030153321229187
2010-03-11,-0.004757191317224012
2010-03-12,-0.004313274933955691
2010-03-15,0.0043506300227274764
2010-03-16,-0.0023467063587467056
2010-03-17,0.0013944450734008317
2010-03-18,0.007018513463167849
2010-03-19,-0.006968999970794514
2010-03-22,0.0014789355246053234
2010-03-23,-0.0020691952446126767
2010-03-24,-0.0020833474297440695
2010-03-25,-1.7351412426894154e-05
2010-03-26,-0.003247588547028431
2010-03-29,-0.009389229774899532
2010-03-30,-0.00033959630017064697
2010-03-31,-0.004464596346936819
2010-04-01,-0.006511947795771151
2010-04-05,-0.007108333333715102
2010-04-06,-0.004412140517060272
2010-04-07,-0.0004096895017869559
2010-04-08,-0.005140118935655926
2010-04-09,-0.0003304572673515386
2010-04-12,-0.001965050288353116
2010-04-13,0.0016142243555838918
2010-04-14,-0.003635980755207219
2010-04-15,-0.0034395856963138085
2010-04-16,0.011466527194648923
2010-04-19,-0.005822691400106662
2010-04-20,-0.0063268022236983995
2010-04-21,-0.004717763189002805
2010-04-22,-0.011101998465200321
2010-04-23,-0.008701122333289209
2010-04-26,0.004556896091554321
2010-04-27,0.007167289684874584
2010-04-28,-0.00645232827306844
2010-04-29,-0.0026536982887683924
2010-04-30,0.0027394813695842974
2010-05-03,0.00021197657469122257
2010-05-04,0.0017041494254981084
2010-05-05,-0.00030151482208062765
2010-05-06,-0.004519523782327047
2010-05-07,-0.004946716454653409
2010-05-10,0.003899792709919654
2010-05-11,0.0024590571195964002
2010-05-12,-0.003149099241530309
2010-05-13,0.00150345870060833
2010-05-14,0.0068761509716809156
2010-05-17,0.0024043585933802725
2010-05-18,-0.0022866896034106107
2010-05-19,-0.0025700598350471737
2010-05-20,-0.002658594772019774
2010-05-21,-0.016518390648230165
2010-05-24,0.006489543797922527
2010-05-25,-0.007607448873286515
2010-05-26,-0.003279618631857425
2010-05-27,-0.0069233321540103435
2010-05-28,0.0039852349387756465
2010-06-01,0.012035375757958008
2010-06-02,-0.008443198159081788
2010-06-03,-0.00484811472365245
2010-06-04,0.0012320484216336572
2010-06-07,-0.006433153885595134
2010-06-08,-0.0026764528149526125
2010-06-09,0.00036422837500397825
2010-06-10,-0.013964909830715359
2010-06-11,-0.0014958859052409618
2010-06-14,-2.173336399792611e-05
2010-06-15,-0.004784775689259543
2010-06-16,-0.003028133075172265
2010-06-17,0.0006204496311652203
2010-06-18,-0.005725069606754361
2010-06-21,-0.0012670804197728246
2010-06-22,0.006905688228790527
2010-06-23,0.0013502898571204985
2010-06-24,0.0017562130350692933
2010-06-25,-0.005207502165525399
2010-06-28,0.008656854825072231
2010-06-29,-0.00793305580888843
2010-06-30,-0.008101193761924091
2010-07-01,-0.005118215944306832
2010-07-02,0.001746784539473278
2010-07-06,-0.0036001019670166266
2010-07-07,-0.007569235812418993
2010-07-08,-0.005634724686370407
2010-07-09,-0.004268898308562406
2010-07-12,0.006496250618327987
2010-07-13,-0.000987729540142751
2010-07-14,-0.003157777048657707
2010-07-15,-0.002516490636363526
2010-07-16,-0.004621530980683414
2010-07-19,-0.005542065016366955
2010-07-20,-0.010516757537041604
2010-07-21,-0.006383729214861538
2010-07-22,-0.0035109284499190243
2010-07-23,-0.005946807196925983
2010-07-26,0.00024016442049142224
2010-07-27,0.0034932575230070097
2010-07-28,-0.0030201657534773877
2010-07-29,-0.014021676821566667
2010-07-30,-0.00033825829657133685
2010-08-02,-0.00503020287449457
2010-08-03,-0.00516979894519621
2010-08-04,-0.012701536076316062
2010-08-05,-0.0027100322056326136
2010-08-06,-0.002596517384606717
2010-08-09,0.000649243474584631
2010-08-10,-0.00161586146030542
2010-08-11,-0.0008075182859097231
2010-08-12,-0.003078871046578238
2010-08-13,-0.006096151809317904
2010-08-16,-0.003690512273743361
2010-08-17,-0.00410926539199154
2010-08-18,-0.0011921562840598353
2010-08-19,0.00048368520762639197
2010-08-20,-0.005298478014382428
2010-08-23,-0.0016379858405133354
2010-08-24,0.0012225511588664075
2010-08-25,-0.001932172506103419
2010-08-26,-0.002875018652873003
2010-08-27,-0.012357505081342948
2010-08-30,0.0024374919502852996
2010-08-31,-0.00418422457796906
2010-09-01,-0.01375952858709414
2010-09-02,-0.002652536773864611
2010-09-03,-0.005530129991966024
2010-09-07,0.0059686604552654406
2010-09-08,-0.010889844018238148
2010-09-09,-0.0012067343539604934
2010-09-10,-0.00034761335376015494
2010-09-13,0.0008543178237647598
2010-09-14,0.002578889975159478
2010-09-15,-0.0031409609435779995
2010-09-16,-0.001888411398976083
2010-09-17,-0.0031012908628478596
2010-09-20,-0.0013888235729160002
2010-09-21,0.00023290895799778655
2010-09-22,-0.0038576356620679954
2010-09-23,-0.004518166775546348
2010-09-24,-0.001239949612397805
2010-09-27,0.003897460853985525
2010-09-28,-0.0025286584321610184
2010-09-29,-0.009689752422755861
2010-09-30,0.00011145962764274697
2010-10-01,-0.0036465099528224785
2010-10-04,0.0025452857579261693
2010-10-05,-0.0075547353974403176
2010-10-06,-0.001219663558711663
2010-10-07,-0.0025585309439764537
2010-10-08,-0.004522336411743083
2010-10-11,-0.0019519108193490641
2010-10-12,0.00351692512251303
2010-10-13,0.0005766557838381551
2010-10-14,-0.001656092963025259
2010-10-15,-0.011749685921866013
2010-10-18,0.0007500182615212524
2010-10-19,0.002421495333999637
2010-10-20,0.002537461696487074
2010-10-21,-0.002898899784906938
2010-10-22,-0.004291333177660592
2010-10-25,-0.0009723887843998179
2010-10-26,-0.003197150189005441
2010-10-27,-0.0049708050472142586
2010-10-28,0.0025221329789918627
2010-10-29,-0.002589335363831543
2010-11-01,-0.005160824470306164
2010-11-02,-0.006573554750336528
2010-11-03,0.0031594293478899786
2010-11-04,-0.009485022829939805
2010-11-05,-0.002821562158700194
2010-11-08,-0.00458634517224517
2010-11-09,-0.00408882158383868
2010-11-10,-0.004223561641045863
2010-11-11,-0.0075100528943228394
2010-11-12,0.003976544666828948
2010-11-15,-0.00042818049900274517
2010-11-16,0.0035052698087495353
2010-11-17,-0.007443489962200191
2010-11-18,-0.006269186525322925
2010-11-19,-0.002561655111733867
2010-11-22,-0.006669351996676623
2010-11-23,-0.0026369713355738596
2010-11-24,-0.004377026492943836
2010-11-26,-0.003191380023660704
2010-11-29,-0.00015365832565451321
2010-11-30,-0.005919899568991027
2010-12-01,-0.005175369434047669
2010-12-02,-0.0021628502265268797
2010-12-03,-0.001902050365015403
2010-12-06,-0.004728572866505468
2010-12-07,0.004662848884828952
2010-12-08,0.004380696231588592
2010-12-09,-0.0022886708976006384
2010-12-10,-0.002955431860572946
2010-12-13,-0.004277124070012966
2010-12-14,0.004460334888651987
2010-12-15,1.2413639744037006e-05
2010-12-16,-0.006209875821742289
2010-12-17,-0.004352892697120406
2010-12-20,-0.0037832267485783484
2010-12-21,-0.00583325561169312
2010-12-22,-0.00010620329364966906
2010-12-23,-0.000776777698327709
2010-12-27,-0.0012059119722584236
2010-12-28,-0.0003555711323663794
2010-12-29,-0.0028286111260733514
2010-12-30,-0.003394771248324689
2010-12-31,0.0011520233009561576
2011-01-03,-0.002031217789971812
2011-01-04,-0.007282877663589359
2011-01-05,-0.007200127189284032
2011-01-06,-0.011153190759201
2011-01-07,-0.008960001012185664
2011-01-10,-0.009033551926636518
2011-01-11,-0.00445979977085886
2011-01-12,-0.002882678966595702
2011-01-13,-0.007792810175092422
2011-01-14,-0.004831662156636044
2011-01-18,-0.00837328930430777
2011-01-19,-0.0008638360549803256
2011-01-20,-0.01202913811599553
2011-01-21,-0.009119703736598693
2011-01-24,0.0008055697123213875
2011-01-25,-0.007119677187304218
2011-01-26,-0.0007900683918503539
2011-01-27,0.0017206628110208143
2011-01-28,0.0018117953168104786
2011-01-31,-0.010597653462585219
2011-02-01,-0.006565149492598138
2011-02-02,-0.005217750010401975
2011-02-03,-0.0017140245124343187
2011-02-04,-0.001414378856179642
2011-02-07,-0.005050129706098734
2011-02-08,-0.008977885562587624
2011-02-09,-0.010701877985572943
2011-02-10,-0.005872159430009011
2011-02-11,-0.008529541953346254
2011-02-14,-0.005169035494016303
2011-02-15,-0.003176901857162636
2011-02-16,-0.0049555873596950455
2011-02-17,-0.011073779151970255
2011-02-18,-0.001982744761405984
2011-02-22,-0.009109000132774329
2011-02-23,-0.0053963808074586304
2011-02-24,0.006210957792903853
2011-02-25,-0.0018083267331184504
2011-02-28,-0.007880168073700447
2011-03-01,-0.003238281671027206
2011-03-02,-0.008093127402539011
2011-03-03,-0.0035586601552636127
2011-03-04,-0.004093568572317725
2011-03-07,-0.010963775815570165
2011-03-08,-0.013345672688024616
2011-03-09,-0.01253789518693115
2011-03-10,-0.01641893345292641
2011-03-11,-0.0021902021884240876
2011-03-14,-0.018412184435370713
2011-03-15,-0.005289635238768454
2011-03-16,-0.014612997822566655
2011-03-17,-0.006713445869334839
2011-03-18,-0.009031304549486422
2011-03-21,0.0021526473820997587
2011-03-22,-0.007109012226730713
2011-03-23,-0.008150804387445058
2011-03-24,-0.007437573215441462
2011-03-25,-0.0037170565727051934
2011-03-28,-0.0035716818540779327
2011-03-29,-0.0036480269278469195
2011-03-30,-0.0036736900365845373
2011-03-31,-0.007950227455884801
2011-04-01,-0.007635196036824006
2011-04-04,-0.01214207749880322
2011-04-05,-0.006590169625444392
2011-04-06,-0.010306436290725118
2011-04-07,-0.006361095851429263
2011-04-08,-0.012102493025095381
2011-04-11,-0.006962358225248375
2011-04-12,-0.01679422027436293
2011-04-13,-0.00031038908129404994
2011-04-14,-0.013549424620112825
2011-04-15,-0.007047211112828623
2011-04-18,-0.00464121487223412
2011-04-19,-0.009088060679862037
2011-04-20,-0.0075032496794034
2011-04-21,-0.011536255074288796
2011-04-25,-0.004638012827954395
2011-04-26,-0.00720807322298602
2011-04-27,-0.0032881118658173846
2011-04-28,-0.007465787275005185
2011-04-29,-0.01186342967892885
2011-05-02,0.000735820718849119
2011-05-03,-0.014880495984419949
2011-05-04,-0.016073162016244532
2011-05-05,-0.006275551547104286
2011-05-06,-0.007817189034847384
2011-05-09,-0.00476346335921069
2011-05-10,-0.003541423724703079
2011-05-11,-0.003458316856015448
2011-05-12,-0.02036759754324436
2011-05-13,-0.009066245533574659
2011-05-16,-0.0068678688029098454
2011-05-17,-0.008242449854921155
2011-05-18,-0.004798390950503605
2011-05-19,-0.008116207870221213
2011-05-20,-0.004370663031763587
2011-05-23,-0.0012373603215021238
2011-05-24,-0.007114592106240773
2011-05-25,-0.01098466062587847
2011-05-26,-0.011141300837794344
2011-05-27,-0.0024316464699037726
2011-05-31,-0.006120590706650184
2011-06-01,-0.0063590174327625
2011-06-02,0.00010111268594125387
2011-06-03,-0.005822880625868542
2011-06-06,-0.003529339357022476
2011-06-07,-0.008824892771594612
2011-06-08,-0.005081431530991466
2011-06-09,-0.005170240424370071
2011-06-10,-0.004615968414616828
2011-06-13,-0.015392116455827871
2011-06-14,0.007368223091208418
2011-06-15,-0.0028623225969316114
2011-06-16,-0.012295849185295027
2011-06-17,-0.011289386752616572
2011-06-20,-0.006845272904421747
2011-06-21,0.0014828773566049986
2011-06-22,-0.007830386272447146
2011-06-23,-0.006413731454280195
2011-06-24,-0.006396457144031025
2011-06-27,-0.0038581872018221214
2011-06-28,-0.006706907047136133
2011-06-29,0.0006021490034612983
2011-06-30,-0.0025298868133113907
2011-07-01,-0.0004402643980798279
2011-07-05,-0.00909883974613972
2011-07-06,-0.006586657507994593
2011-07-07,-0.00498470518856697
2011-07-08,-0.0019527179687678989
2011-07-11,-0.006951835737406069
2011-07-12,-0.010883661602048662
2011-07-13,-0.0076844934179728045
2011-07-14,-0.006026127369362746
2011-07-15,0.004027905285089362
2011-07-18,-0.010550359229541305
2011-07-19,-0.004085381040669706
2011-07-20,-0.0012032145266026896
2011-07-21,-0.021136195277024858
2011-07-22,0.002457775852447201
2011-07-25,-0.007633629009216304
2011-07-26,-0.0075318880830155775
2011-07-27,-0.0030351841344043893
2011-07-28,-0.006962443922299859
2011-07-29,-0.004616479360743743
2011-08-01,-0.008413662463768382
2011-08-02,-0.002760187603074584
2011-08-03,-0.011347854989000396
2011-08-04,-0.015606757619827296
2011-08-05,-0.007061854575802942
2011-08-08,-0.03209310453003311
2011-08-09,0.0013037398722242563
2011-08-10,-0.022880060720784225
2011-08-11,-0.021495064889553352
2011-08-12,-0.01375746373258286
2011-08-15,0.0032388387537813437
2011-08-16,-0.0011350013979585395
2011-08-17,-0.018578433664920756
2011-08-18,-0.02257760413952251
2011-08-19,-0.019740816270718803
2011-08-22,-0.012354196561108848
2011-08-23,-0.0017306695098193029
2011-08-24,-0.010520362065370334
2011-08-25,-0.008047145681837384
2011-08-26,-0.01367659066270658
2011-08-29,-0.000678807085864909
2011-08-30,-0.0073283663826243075
2011-08-31,-0.004545405677299918
2011-09-01,-0.009989114975091796
2011-09-02,-0.010362640356967401
2011-09-06,-0.0023456125829537933
2011-09-07,0.007198175590281443
2011-09-08,-0.0022199294023134315
2011-09-09,-0.011931495508888345
2011-09-12,-0.006706136810429806
2011-09-13,-0.007284787450753386
2011-09-14,-0.013070082278692222
2011-09-15,-0.004816971140064564
2011-09-16,-0.011723837456540633
2011-09-19,-0.010780148132754472
2011-09-20,-0.014510918857359511
2011-09-21,-0.010631640843282966
2011-09-22,-0.019183803558971514
2011-09-23,-0.014082131317317812
2011-09-26,0.00025142287490767523
2011-09-27,-0.002992155233829389
2011-09-28,-0.01377840620778335
2011-09-29,-0.011630461325855162
2011-09-30,-0.015397528666239085
2011-10-03,-0.006927139287194358
2011-10-04,0.001404052245223007
2011-10-05,-0.016218882010195862
2011-10-06,-0.0069945411495871915
2011-10-07,-0.001821873119865175
2011-10-10,0.010143686769023793
2011-10-11,-0.015009775811509998
2011-10-12,0.00032277854412218667
2011-10-13,0.004208610654318228
2011-10-14,-0.015425796470205677
2011-10-17,-0.005169948818547737
2011-10-18,-0.01642760579218914
2011-10-19,-0.011507231561657307
2011-10-20,-0.004005307585436185
2011-10-21,-0.005637684958359068
2011-10-24,-0.005394477849955895
2011-10-25,-0.0006148079387423462
2011-10-26,-0.0010869782391653877
2011-10-27,-0.011258857665012317
2011-10-28,-0.007673690714583438
2011-10-31,0.01419760001500638
2011-11-01,-0.0070031601739574505
2011-11-02,-0.004407191880332755
2011-11-03,-0.01603623625175456
2011-11-04,-0.006759858627833672
2011-11-07,-0.007150675170205211
2011-11-08,-0.007177893682867907
2011-11-09,0.0016701210486098923
2011-11-10,-0.018551663524482728
2011-11-11,-0.007576087086449204
2011-11-14,-0.009115000290055162
2011-11-15,-0.013936255176425308
2011-11-16,-0.006229135962468294
2011-11-17,-0.01068749756313745
2011-11-18,-0.014804223962794528
2011-11-21,-0.00015629916331364856
2011-11-22,-0.012580977124923749
2011-11-23,-0.00947606583625741
2011-11-25,-0.010903047023539916
2011-11-28,0.011221674277508397
2011-11-29,-0.012808844773546999
2011-11-30,0.0003602505674010709
2011-12-01,-0.005152856825320903
2011-12-02,-0.010023182015435835
2011-12-05,-0.018110065506828293
2011-12-06,-0.004180885708735725
2011-12-07,-0.010652686897949487
2011-12-08,-0.00462553823080524
2011-12-09,-0.007296466997188869
2011-12-12,0.00043076409261466955
2011-12-13,-0.021673296751876202
2011-12-14,-0.018507207648950266
2011-12-15,-0.011601747029171664
2011-12-16,-0.004197794931886179
2011-12-19,-0.0024407916375778927
2011-12-20,0.0018644464956924164
2011-12-21,-0.010161065048814196
2011-12-22,0.005424212183377159
2011-12-23,-0.004740165518108928
2011-12-27,-0.011989817022598992
2011-12-28,-0.010450778036840807
2011-12-29,-0.011533121092802256
2011-12-30,-0.008195226684940871
2012-01-03,0.012571649231578422
2012-01-04,-0.009401817392028349
2012-01-05,-0.010865975957379662
2012-01-06,-0.0064235593212939365
2012-01-09,-0.007381529232719433
2012-01-10,-0.0007755094509670143
2012-01-11,-0.006829419640230486
2012-01-12,-0.0075507782160271425
2012-01-13,0.004116862118997432
2012-01-17,0.00020848309981786294
2012-01-18,-0.0021422846058822102
2012-01-19,-0.006995445899332731
2012-01-20,-0.003142618364364043
2012-01-23,0.0004336532307282759
2012-01-24,-0.01079490430668651
2012-01-25,0.0009586027803210016
2012-01-26,0.002308711146711672
2012-01-27,-0.009636939953004782
2012-01-30,-0.0014645962539593547
2012-01-31,-0.0005895450645027811
2012-02-01,0.0009484327163263467
2012-02-02,0.002264437874487278
2012-02-03,-0.002776637312328378
2012-02-06,-0.004137040913999616
2012-02-07,-0.004557289462831575
2012-02-08,-0.0017843495949653194
2012-02-09,-0.008745313039089733
2012-02-10,-0.0018860117255540374
2012-02-13,-0.003755051608646352
2012-02-14,-0.007850012244493127
2012-02-15,-0.0014836874252567621
2012-02-16,-0.0038262183274548264
2012-02-17,0.003015050366470603
2012-02-21,0.0032260861606306307
2012-02-22,-0.00881114758993274
2012-02-23,-0.003146082556928064
2012-02-24,-0.004875409334845825
2012-02-27,-0.0036681940302937316
2012-02-28,-0.007836535102746275
2012-02-29,-0.011432423119159194
2012-03-01,-0.008241851625145381
2012-03-02,-0.011620529668635983
2012-03-05,-0.006432380292822072
2012-03-06,-0.001470965134620574
2012-03-07,-0.0033398282735915934
2012-03-08,0.00023594241720398994
2012-03-09,-0.002252867117364004
2012-03-12,-0.009698307980425962
2012-03-13,0.0007254019940107648
2012-03-14,-0.013525768173526543
2012-03-15,-0.0027130325748974424
2012-03-16,0.0030366446883305356
2012-03-19,-0.0023962992301804343
2012-03-20,-0.013346650250143172
2012-03-21,-0.007388363971868459
2012-03-22,-0.009666625256390296
2012-03-23,0.0010130865440007844
2012-03-26,-0.003213467495025009
2012-03-27,-0.005180411268677565
2012-03-28,-0.010861590187070995
2012-03-29,-0.002088237738772999
2012-03-30,-0.0006520560851376925
2012-04-02,0.0024408979463917363
2012-04-03,-0.013562213284813936
2012-04-04,-0.00889327008066672
2012-04-05,-0.012506946127122314
2012-04-09,-0.003645687320371557
2012-04-10,-0.0022444560033149674
2012-04-11,-0.006023749044750433
2012-04-12,0.007183657879123683
2012-04-13,-0.00967784969690117
2012-04-16,-0.0017994735946186306
2012-04-17,0.001426974191299181
2012-04-18,-0.0067916375029264
2012-04-19,-0.004569004167409314
2012-04-20,-0.009788194453034579
2012-04-23,-0.00018204490520171103
2012-04-24,-0.001060613470122762
2012-04-25,0.0024210525278727524
2012-04-26,0.0027170307177387778
2012-04-27,-0.00686927720151812
2012-04-30,-0.0028579115462142356
2012-05-01,0.003624094990860912
2012-05-02,-0.003509625538734119
2012-05-03,-0.011735048334473717
2012-05-04,-0.0029616271223054996
2012-05-07,-0.009560893540541503
2012-05-08,-0.01073100293717981
2012-05-09,-0.003744558413080432
2012-05-10,-0.004573860019027158
2012-05-11,-0.010712745133385574
2012-05-14,-0.008735068565539215
2012-05-15,-0.014029585904927772
2012-05-16,-0.011286440067896336
2012-05-17,-0.006583684294400119
2012-05-18,-0.011166556242130157
2012-05-21,-0.00020110590426023964
2012-05-22,-0.004579266448760044
2012-05-23,-0.008948963128353152
2012-05-24,-0.0064365790828900885
2012-05-25,-0.005208560332546869
2012-05-29,0.0040260669646024864
2012-05-30,-0.0060891307817417945
2012-05-31,-0.008882087820328738
2012-06-01,-0.003392355137458869
2012-06-04,-0.008435343113943571
2012-06-05,-0.002328199478843309
2012-06-06,-0.006538740711467678
2012-06-07,-0.0053872369478300645
2012-06-08,-0.007061902208401518
2012-06-11,-0.013853515149983986
2012-06-12,-0.007767985678345886
2012-06-13,-0.009064460273257137
2012-06-14,-0.006023793475614554
2012-06-15,0.004815645998866058
2012-06-18,-0.004986367618251107
2012-06-19,0.006430536186676312
2012-06-20,-0.006151674432431595
2012-06-21,-0.012951722328828692
2012-06-22,-0.006767515959162295
2012-06-25,-0.007118390311073514
2012-06-26,-0.007296297304066255
2012-06-27,6.544252115177123e-05
2012-06-28,-0.005478334014671955
2012-06-29,0.014352798105006026
2012-07-02,-0.007853765082191076
2012-07-03,0.0025074857821981216
2012-07-05,-0.004268844871297058
2012-07-06,-0.00454344445122013
2012-07-09,-0.005493958392910109
2012-07-10,-0.008388174784810083
2012-07-11,-0.005077930897838633
2012-07-12,-0.00925605714185144
2012-07-13,0.00344167769559295
2012-07-16,-0.011355896448487217
2012-07-17,-0.009843372466732342
2012-07-18,0.014064371622378634
2012-07-19,-0.006512380904819014
2012-07-20,-0.012189466385852454
2012-07-23,-0.0022265246277968433
2012-07-24,-0.008398211659869561
2012-07-25,0.0011485088820041532
2012-07-26,-0.0058095887929932345
2012-07-27,0.0029861896534866626
2012-07-30,-0.007919077931656833
2012-07-31,0.00507552555821869
2012-08-01,-0.008023014280484464
2012-08-02,-0.012044022361673557
2012-08-03,0.00317174119781939
2012-08-06,-0.0034681829928059084
2012-08-07,-0.005434799086922885
2012-08-08,-0.005631976839388716
2012-08-09,-0.011109909938358593
2012-08-10,-0.0019250054733041528
2012-08-13,-0.0013985654488082259
2012-08-14,0.0010992355444880801
2012-08-15,-0.004690561830415994
2012-08-16,-0.003927890473890932
2012-08-17,-0.008212810425572231
2012-08-20,0.0010123268990337789
2012-08-21,-0.007533904417596558
2012-08-22,-0.003256788605341152
2012-08-23,-0.0012731528443959686
2012-08-24,-0.0017009715492761106
2012-08-27,-0.008151887331254031
2012-08-28,-0.004407146234258579
2012-08-29,-0.0042538361773484645
2012-08-30,-0.00014557065225467977
2012-08-31,-0.002910351407033238
2012-09-04,-0.014722226162088604
2012-09-05,3.025404272966178e-05
2012-09-06,0.008147380761704837
2012-09-07,0.0037606058348277228
2012-09-10,-0.001830527698199883
2012-09-11,-0.0034013981175574767
2012-09-12,-0.00899093368772444
2012-09-13,-0.007634607389293711
2012-09-14,-0.003754609774370659
2012-09-17,-0.0038362983336754737
2012-09-18,-0.0012924606870645355
2012-09-19,0.0012664683898626506
2012-09-20,-0.0038192453857348076
2012-09-21,-0.004364890040323288
2012-09-24,-0.0062043667969116836
2012-09-25,-0.012093276215836321
2012-09-26,0.002867988438348658
2012-09-27,-0.0014626791550502493
2012-09-28,-0.006293033450058085
2012-10-01,-0.005456999616597526
2012-10-02,-0.006329575603437451
2012-10-03,-0.0052108218194925095
2012-10-04,0.00025300755265891036
2012-10-05,-0.004880490334529138
2012-10-08,-0.0027270247299270127
2012-10-09,-0.0005632074419443895
2012-10-10,-0.0056831054413265265
2012-10-11,-0.0038167431036787093
2012-10-12,-0.00251075489733005
2012-10-15,-0.006698503274025103
2012-10-16,0.003069383489109901
2012-10-17,-0.009665801707884052
2012-10-18,-0.010272856205281579
2012-10-19,-0.006463571346024334
2012-10-22,-0.0003893293506671137
2012-10-23,0.005133910389266882
2012-10-24,0.003208298702063941
2012-10-25,0.0015358110596125603
2012-10-26,0.0007129172043715886
2012-10-31,-0.009662150278607711
2012-11-01,0.0012041008103941472
2012-11-02,-0.008600746770907181
2012-11-05,-0.0047653432694126484
2012-11-06,-0.0020678778138165134
2012-11-07,0.006133160363600435
2012-11-08,-0.00601715308196229
2012-11-09,-0.007163754795802923
2012-11-12,-0.0055311310279569795
2012-11-13,-0.007237450981039171
2012-11-14,-0.0022516511861657477
2012-11-15,-0.006360018620206683
2012-11-16,-0.00558150980920962
2012-11-19,-0.0023875033788387226
2012-11-20,-0.005394268804046932
2012-11-21,-0.002850011334355015
2012-11-23,-0.0007416442423145186
2012-11-26,0.0011912934369337196
2012-11-27,-0.00504827206040876
2012-11-28,-0.004027332435315287
2012-11-29,-0.006927535192921994
2012-11-30,-0.008662270959081658
2012-12-03,-0.00919746246974124
2012-12-04,-0.007312414458913304
2012-12-05,-0.0012109777444110218
2012-12-06,-0.005775971890883251
2012-12-07,-0.0009480626974549822
2012-12-10,0.00012104938846266289
2012-12-11,-0.006802251063888688
2012-12-12,0.00046471781051861394
2012-12-13,-0.002341582296540867
2012-12-14,-0.0018955629557387225
2012-12-17,0.0004994483449454286
2012-12-18,-0.0035558900968622738
2012-12-19,-0.009125362389860787
2012-12-20,-0.004346617973847701
2012-12-21,-0.005341660722670268
2012-12-24,-0.0037234368368491096
2012-12-26,-0.007824724709316354
2012-12-27,0.0008575118816138835
2012-12-28,-0.0040037818176116655
2012-12-31,-0.005736902653369729
2013-01-02,0.004766327215843074
2013-01-03,0.0008169618317998228
2013-01-04,-0.0006631929672614028
2013-01-07,-0.003208450054108368
2013-01-08,-0.004132534028665186
2013-01-09,-0.003348389253002779
2013-01-10,0.0052342406467484805
2013-01-11,-0.0007292230303838508
2013-01-14,-0.001033935773932752
2013-01-15,-0.00032016842816093093
2013-01-16,0.0030292952893731353
2013-01-17,-0.0004505923280965938
2013-01-18,0.0012145716134465386
2013-01-22,0.0004607314957987878
2013-01-23,-0.0034969944829116866
2013-01-24,0.0034315089469183217
2013-01-25,0.0021613437641747647
2013-01-28,-0.0019014145187278748
2013-01-29,-0.001536167001510671
2013-01-30,7.438221618003406e-05
2013-01-31,-0.00026684465214627017
2013-02-01,-0.00203574903162438
2013-02-04,-0.0005643025279084403
2013-02-05,0.004662110159991194
2013-02-06,0.0007608771325278386
2013-02-07,-8.693063047598759e-05
2013-02-08,-0.004092964866836895
2013-02-11,0.006773024395350815
2013-02-12,0.00044797235031719657
2013-02-13,0.001869168838667272
2013-02-14,0.002995821377629616
2013-02-15,-0.0019627023846974984
2013-02-19,0.0008521146027605272
2013-02-20,-0.005112596663203824
2013-02-21,-0.0018902472248933273
2013-02-22,0.0027848881262816797
2013-02-25,-0.0020819366101714424
2013-02-26,0.000960117131418192
2013-02-27,-0.001695414597331328
2013-02-28,-0.0060363101686738635
2013-03-01,-0.0017455710959955143
2013-03-04,-0.003829499814308007
2013-03-05,-0.002346454596857104
2013-03-06,0.005175679586133172
2013-03-07,0.0017426467764478217
2013-03-08,0.0004833642068630187
2013-03-11,0.00020424974656926161
2013-03-12,0.0028027128057716913
2013-03-13,-0.00030310559883235536
2013-03-14,0.0017996782651907692
2013-03-15,0.0017811576200567768
2013-03-18,0.0033922028413196177
2013-03-19,0.0007440492985633922
2013-03-20,0.003543539632988076
2013-03-21,-0.0027275205635743593
2013-03-22,0.0032987387143044843
2013-03-25,0.00029470578728564887
2013-03-26,-0.0035178576710034283
2013-03-27,-0.005883224689115192
2013-03-28,-8.362146191274468e-05
2013-04-01,-0.005399353554440225
2013-04-02,-0.009123127445785719
2013-04-03,-0.002969636852873802
2013-04-04,0.003837542195855524
2013-04-05,0.002847694581693701
2013-04-08,0.0008490003233164822
2013-04-09,0.01153495972254263
2013-04-10,0.0014828690949024608
2013-04-11,-0.006105206492327421
2013-04-12,-0.0030784063960857546
2013-04-15,0.004079901538517982
2013-04-16,-0.0005382837959909094
2013-04-17,-0.007377981686480991
2013-04-18,0.0020975161143367317
2013-04-19,-0.00700023837464958
2013-04-22,0.0018556451775647784
2013-04-23,0.006556738021858014
2013-04-24,0.0062758216726185815
2013-04-25,0.0005107900853229671
2013-04-26,0.005351468948768493
2013-04-29,0.003587956100509372
2013-04-30,0.0010210732143597012
2013-05-01,-0.0014598579883319939
2013-05-02,-0.0015687031128170429
2013-05-03,0.0016560448885615006
2013-05-06,0.0021489156117905947
2013-05-07,-0.004263817154445014
2013-05-08,0.007924434381709889
2013-05-09,-0.0006307714360077616
2013-05-10,0.0035489927026573476
2013-05-13,-0.003384229554323689
2013-05-14,-0.0019728332094924223
2013-05-15,0.0029522882575430407
2013-05-16,0.008525878880468329
2013-05-17,-0.0004531876420703598
2013-05-20,0.0014164671935704301
2013-05-21,-0.003564975288512334
2013-05-22,0.002706611019225149
2013-05-23,0.005860740878746776
2013-05-24,-0.002012479750641562
2013-05-28,-0.0032895348803426584
2013-05-29,0.002775341213632538
2013-05-30,0.0032893462578234426
2013-05-31,0.0022562157073293394
2013-06-03,0.0031328242771338837
2013-06-04,0.0040253531796476455
2013-06-05,0.0009526995964110256
2013-06-06,-0.0032708570788169172
2013-06-07,-0.0017711939106529098
2013-06-10,-0.001040094857194557
2013-06-11,-0.0016942918460688757
2013-06-12,0.0024362963077244545
2013-06-13,0.0018676265412772284
2013-06-14,-0.004057135867695791
2013-06-17,0.0006111578860691564
2013-06-18,0.0008255470205435083
2013-06-19,0.0015349549516753766
2013-06-20,4.023262005850113e-05
2013-06-21,-0.004554057659733975
2013-06-24,-0.008834551652819173
2013-06-25,0.004889015492011274
2013-06-26,-0.005125031034204116
2013-06-27,0.0029861389091942565
2013-06-28,0.0034808561519641054
2013-07-01,0.0009318908744862787
2013-07-02,0.0018782888668786792
2013-07-03,-0.0018315894764009653
2013-07-05,-0.0026487694518591825
2013-07-08,-0.0006966430144865994
2013-07-09,0.003252890564679501
2013-07-10,-0.0011197543561079959
2013-07-11,0.002100979492360033
2013-07-12,-0.0008261459792778853
2013-07-15,0.0023539066041833186
2013-07-16,0.0030937023935315704
2013-07-17,0.0010660586702838323
2013-07-18,-0.0042172783783305115
2013-07-19,-0.008045657421131358
2013-07-22,0.003035007759578976
2013-07-23,0.005662025810205761
2013-07-24,-0.0015242880534255088
2013-07-25,0.0019708166797222345
2013-07-26,0.0024634492569166997
2013-07-29,0.0023540516593157745
2013-07-30,-0.0019986214185832678
2013-07-31,-0.005410528042118473
2013-08-01,-0.001748201060397636
2013-08-02,-0.002354928199833799
2013-08-05,0.0013498227280429919
2013-08-06,-0.0006516567289947808
2013-08-07,-0.0026196839101535747
2013-08-08,0.007798903603148492
2013-08-09,0.00138417175062207
2013-08-12,0.0036822716934791205
2013-08-13,0.0005070049569727309
2013-08-14,0.007371394406692186
2013-08-15,-0.0028680410818727343
2013-08-16,-0.001328591225945402
2013-08-19,-0.006102667045579664
2013-08-20,0.004103390543025406
2013-08-21,-0.0018863420928091467
2013-08-22,-0.00467319523344973
2013-08-23,0.00360005176341578
2013-08-26,-0.004174127939753894
2013-08-27,-0.005444834146180057
2013-08-28,-0.002693916317787347
2013-08-29,-0.0001875249566760636
2013-08-30,-0.0021977989581535903
2013-09-03,-0.0017188690209700623
2013-09-04,0.007521415691021383
2013-09-05,0.0026890848861394756
2013-09-06,-0.00043079235865318337
2013-09-09,0.0017194772324564665
2013-09-10,0.002229620745831917
2013-09-11,-0.005462901910829441
2013-09-12,-0.0047316166460200934
2013-09-13,0.00020508878554789079
2013-09-16,-0.002008227857251833
2013-09-17,0.00372741981085897
2013-09-18,0.0017383547726301314
2013-09-19,-0.00558357362955322
2013-09-20,-0.0035886153619382
2013-09-23,-0.00036030678890072287
2013-09-24,0.0007151402792714464
2013-09-25,-0.0020167472402123857
2013-09-26,-0.0014315060776139144
2013-09-27,-0.006776621910463504
2013-09-30,0.00038593654410126814
2013-10-01,-0.0017347308314386261
2013-10-02,0.0019673895324383833
2013-10-03,0.00035801364007967114
2013-10-04,-0.0014972191655456008
2013-10-07,-0.0005781877364731121
2013-10-08,0.0006522814219651145
2013-10-09,0.004106662579910157
2013-10-10,-0.0011498506125193128
2013-10-11,-0.005194011885157708
2013-10-14,0.001114524567783776
2013-10-15,-0.0004526280944819127
2013-10-16,-0.0030878163400394542
2013-10-17,0.004175486512028338
2013-10-18,-0.006809912420694355
2013-10-21,0.00023921035003955
2013-10-22,-0.0027382320647761503
2013-10-23,-0.0025696236772246735
2013-10-24,0.0012120031062313964
2013-10-25,0.001036043026090804
2013-10-28,0.003855862551968159
2013-10-29,0.005422848750833145
2013-10-30,0.004692933599975444
2013-10-31,-8.532373247902529e-05
2013-11-01,0.0038203255516845508
2013-11-04,0.0013993826715648105
2013-11-05,-0.002041935777810625
2013-11-06,0.002660056324661704
2013-11-07,0.004242962009776252
2013-11-08,0.005145675915890563
2013-11-11,-0.0003863793148848766
2013-11-12,0.00017464650080791953
2013-11-13,0.002075726092966151
2013-11-14,-0.007062211063821745
2013-11-15,0.00253828120237651
2013-11-18,-0.0041983342531324505
2013-11-19,0.0011832897366743642
2013-11-20,0.0012456771822481941
2013-11-21,-0.0013666543706646998
2013-11-22,-0.006262002227298774
2013-11-25,0.0012186876035596476
2013-11-26,-0.001395959631088194
2013-11-27,0.0076548924636576435
2013-11-29,0.0005680257072035804
2013-12-02,-0.0001305586408596344
2013-12-03,0.003955692564686368
2013-12-04,0.004091773752486149
2013-12-05,-0.0025872362789655058
2013-12-06,0.0008990082308465573
2013-12-09,0.00026068516143866493
2013-12-10,-0.0010608305452658364
2013-12-11,-0.0004775273888041002
2013-12-12,-0.001170322369390272
2013-12-13,0.000841453193775623
2013-12-16,-0.0005862210178408021
2013-12-17,0.0027214077024563126
2013-12-18,-0.0055852941354785175
2013-12-19,0.00012076255994552165
2013-12-20,-0.0031275087467629013
2013-12-23,0.003194135674293354
2013-12-24,0.002220949344856228
2013-12-26,-0.003711703665705934
2013-12-27,0.0027603662675755552
2013-12-30,0.001192640473084902
2013-12-31,0.0004517472416054879
2014-01-02,0.0027496130811268844
2014-01-03,-0.0006480486791568976
2014-01-06,0.0014226304066360935
2014-01-07,-0.004836889012374829
2014-01-08,0.0016395514484439271
2014-01-09,-0.002016813609795383
2014-01-10,0.0007133408185663675
2014-01-13,0.005144632569088594
2014-01-14,-0.002781805330718247
2014-01-15,0.004885899201841593
2014-01-16,1.6553302207742083e-05
2014-01-17,-0.007670708872699633
2014-01-21,-0.004871406398117267
2014-01-22,-0.0010093389710814356
2014-01-23,0.0018839976863123423
2014-01-24,0.000980090912835076
2014-01-27,0.00018704692736775107
2014-01-28,-0.007641218780021177
2014-01-29,0.004133148817093013
2014-01-30,-0.006407028460860966
2014-01-31,-0.0006487129518816125
2014-02-03,-0.00138505712219744
2014-02-04,-0.004515576006051808
2014-02-05,0.0014133788137088315
2014-02-06,0.0036165621239091015
2014-02-07,-0.006160677754500765
2014-02-10,-0.0021115754814567955
2014-02-11,0.00256468219465493
2014-02-12,0.00030301000778059327
2014-02-13,-0.003791584830304386
2014-02-14,0.0009679450555828837
2014-02-18,-0.00460217654104355
2014-02-19,-0.0016659686440127013
2014-02-20,0.001188289059069719
2014-02-21,-0.0029026651850187547
2014-02-24,-0.004456057821217493
2014-02-25,-0.0024921820088354874
2014-02-26,0.004570833318976784
2014-02-27,-0.0016198647378545096
2014-02-28,-0.00328599733047348
2014-03-03,-0.0017979328394351778
2014-03-04,-9.188689336327787e-06
2014-03-05,0.003274648691709649
2014-03-06,0.002320627857271864
2014-03-07,0.0006810516332475382
2014-03-10,-0.001563975711375682
2014-03-11,0.0005217218619959248
2014-03-12,-6.852226247713153e-05
2014-03-13,0.0012440627066344005
2014-03-14,0.0022440102907360397
2014-03-17,-0.0018751261380239594
2014-03-18,0.0028127271150532075
2014-03-19,0.002845887495598931
2014-03-20,0.003423871068980934
2014-03-21,0.008625331537770302
2014-03-24,0.005779470763316141
2014-03-25,0.003376191675397846
2014-03-26,0.0033996393887567476
2014-03-27,-0.0023355708541853005
2014-03-28,0.0024284206601887046
2014-03-31,0.001600765802379163
2014-04-01,-0.005031020587749185
2014-04-02,0.00038505620722873677
2014-04-03,-9.686077500095728e-05
2014-04-04,0.004847710192412141
2014-04-07,-0.0007751586354430267
2014-04-08,-1.423478574161534e-05
2014-04-09,-0.005642422526987855
2014-04-10,0.0036280400215354574
2014-04-11,-0.0028942425376985792
2014-04-14,0.0009170784420055403
2014-04-15,0.00022289671685817323
2014-04-16,-0.004757270412389218
2014-04-17,0.004060718159416012
2014-04-21,0.001255562878009122
2014-04-22,-0.0014256678957111368
2014-04-23,0.004897394624822558
2014-04-24,0.0029428906957808323
2014-04-25,0.00511805018697654
2014-04-28,0.005279118373455745
2014-04-29,-0.004860604741670763
2014-04-30,-0.0027568076775643952
2014-05-01,-0.003042910769328664
2014-05-02,0.0004681886973885392
2014-05-05,-0.006364431072403102
2014-05-06,-0.0020874458419276342
2014-05-07,-0.0008299056375712623
2014-05-08,0.005720491430601186
2014-05-09,-0.004592123093602077
2014-05-12,-0.0012356221129554742
2014-05-13,0.002230911654381382
2014-05-14,-0.0008187447884272199
2014-05-15,0.0008429566149302343
2014-05-16,0.0006149717462680491
2014-05-19,-0.0011855732241043261
2014-05-20,-0.001134618026368159
2014-05-21,-0.0048689305965892915
2014-05-22,-0.0016292894149038215
2014-05-23,0.001971365413290188
2014-05-27,-0.0037214388666541947
2014-05-28,-0.00020905487666076568
2014-05-29,-0.0026866764611850028
2014-05-30,0.0001681317828319151
2014-06-02,0.0009538682580558515
2014-06-03,0.002898699423522315
2014-06-04,0.0009594418334591525
2014-06-05,0.0006998012546267358
2014-06-06,2.9878321712523037e-05
2014-06-09,6.231094385028633e-05
2014-06-10,-0.00057644944474322
2014-06-11,-0.00511078321625489
2014-06-12,-0.0017947644604607272
2014-06-13,0.003163855424289508
2014-06-16,-7.215236292978766e-05
2014-06-17,0.00784100463012705
2014-06-18,-0.004127491217507698
2014-06-19,-0.0005214184131627251
2014-06-20,-0.003335354523297546
2014-06-23,0.0013226365731749757
2014-06-24,0.0023501452216956693
2014-06-25,-0.0063926137811677755
2014-06-26,-0.0010420631728204495
2014-06-27,0.00010463282000100252
2014-06-30,0.0025287699532705924
2014-07-01,-0.0020837043886329986
2014-07-02,0.0015332679059081808
2014-07-03,-0.0004943742554516001
2014-07-07,0.0021398096996489693
2014-07-08,0.0015922517977257724
2014-07-09,-0.0017435819143665954
2014-07-10,0.0020005923902508176
2014-07-11,0.0004002587761090183
2014-07-14,-0.002444541204664592
2014-07-15,0.0039338223347426485
2014-07-16,0.0028028630338399127
2014-07-17,0.0022053756983130696
2014-07-18,-0.002767192729408359
2014-07-21,-0.001318208956932533
2014-07-22,-0.005381434728954321
2014-07-23,-0.004991627945652444
2014-07-24,-0.00025539446597571617
2014-07-25,0.0012357199951198005
2014-07-28,0.002556023939785783
2014-07-29,-0.003367721033282062
2014-07-30,-0.0019892845702467092
2014-07-31,0.0028188664395078548
2014-08-01,-0.0009345197982483065
2014-08-04,-0.004878899553776258
2014-08-05,0.0008571565152755876
2014-08-06,0.004719925920637779
2014-08-07,-0.00038751682509702756
2014-08-08,6.51745414275594e-05
2014-08-11,0.0006096765238871008
2014-08-12,0.0015021281999207552
2014-08-13,-0.00372843722373015
2014-08-14,0.0030735749013494997
2014-08-15,-0.0019425032336562891
2014-08-18,0.0010887393746958128
2014-08-19,0.0013550514702494994
2014-08-20,-0.0007844487576451622
2014-08-21,0.004812554086778086
2014-08-22,0.0011429877420442891
2014-08-25,-0.002538275236985715
2014-08-26,-0.0014874275702256765
2014-08-27,0.0039142746920742865
2014-08-28,0.0010247791638157984
2014-08-29,0.0014963283178121762
2014-09-02,-0.002146947291183762
2014-09-03,-0.00299123557737085
2014-09-04,0.004485031583069897
2014-09-05,0.0013633947935771005
2014-09-08,-0.0004079440631858985
2014-09-09,-0.0007524692494706022
2014-09-10,7.934855299365328e-05
2014-09-11,0.002079963465550098
2014-09-12,0.0009506603798492846
2014-09-15,0.0020656884095422196
2014-09-16,-0.004595019164670143
2014-09-17,0.0021543032244646567
2014-09-18,-0.0018351013885138864
2014-09-19,-0.0024008720394426207
2014-09-22,0.0009364097420765235
2014-09-23,-0.00021332032050954563
2014-09-24,-0.005335531483759148
2014-09-25,0.001392358655992314
2014-09-26,0.0002988886117249038
2014-09-29,-0.002822667624643064
2014-09-30,0.001984677650622627
2014-10-01,0.0003528752955747397
2014-10-02,0.002040100790124282
2014-10-03,-0.003895377229642064
2014-10-06,0.0034885124336501623
2014-10-07,7.429486434799193e-05
2014-10-08,-0.0005366342111525421
2014-10-09,-0.001806223950784928
2014-10-10,-0.0026514250477659477
2014-10-13,0.004617279791020825
2014-10-14,0.006033644008844662
2014-10-15,-0.0012942785089713085
2014-10-16,-0.0031912434467195046
2014-10-17,-0.003688715285956592
2014-10-20,0.0013699400215650185
2014-10-21,-0.0003362486127272741
2014-10-22,0.005435856639123615
2014-10-23,-0.0046986420726355645
2014-10-24,0.0015240988553796673
2014-10-27,-0.0014904831970016885
2014-10-28,-0.003665802280752053
2014-10-29,-2.0510797691573743e-05
2014-10-30,-0.002265422054634411
2014-10-31,-0.0016744938774136172
2014-11-03,0.0032617930054345207
2014-11-04,0.004243839212785334
2014-11-05,0.005011809242236279
2014-11-06,0.00216959801312422
2014-11-07,0.0034503987739049773
2014-11-10,-0.004512431819898371
2014-11-11,-1.2709933543657054e-05
2014-11-12,0.0013074677551459068
2014-11-13,-0.0012449773396155306
2014-11-14,0.004384997933959683
2014-11-17,0.0038519505590886008
2014-11-18,-0.0017739641090222867
2014-11-19,-0.0008020559648993309
2014-11-20,0.004012142095507169
2014-11-21,-0.00041891986843895797
2014-11-24,-0.002703464611071564
2014-11-25,0.0001676202481931903
2014-11-26,0.0028200815066426375
2014-11-28,-0.0004832802992518824
2014-12-01,-0.0034966998155522787
2014-12-02,-0.0038788284328144886
2014-12-03,0.0033885721280245544
2014-12-04,-0.0031435402160202197
2014-12-05,0.0006580716444726887
2014-12-08,-0.007920126110123549
2014-12-09,0.0004736644046524227
2014-12-10,-0.0016452239006443934
2014-12-11,-0.001591956697295361
2014-12-12,-0.005447837610848513
2014-12-15,-0.0036032285239573497
2014-12-16,0.006812853018232188
2014-12-17,0.007353181695869237
2014-12-18,0.0007381234719034144
2014-12-19,0.0014880272332347
2014-12-22,-0.0018882738558322792
2014-12-23,0.006514050687997465
2014-12-24,-0.0014123386995337458
2014-12-26,1.0645628422857836e-05
2014-12-29,-0.0007101377767041442
2014-12-30,0.0025878692163514797
2014-12-31,-0.00035917875008112724
2015-01-02,0.0008499763118431033
2015-01-05,-0.00579462467927537
2015-01-06,-0.000569977931312711
2015-01-07,-0.00573778989673124
2015-01-08,0.0034227864639393563
2015-01-09,0.0013604807850851666
2015-01-12,-0.001591234641249404
2015-01-13,-0.0074011673381535
2015-01-14,-0.007822761175630013
2015-01-15,-0.00476848428987639
2015-01-16,0.0011696296353533807
2015-01-20,0.00228196422133577
2015-01-21,0.004071039933120724
2015-01-22,0.0008054163004433556
2015-01-23,-0.0006253501951109755
2015-01-26,0.0007658564018017562
2015-01-27,-0.000981472378466421
2015-01-28,-0.0037902338114368514
2015-01-29,-0.005610719041433007
2015-01-30,-0.004140273017144632
2015-02-02,0.006499401064226891
2015-02-03,0.006005366692273851
2015-02-04,0.004414136648022853
2015-02-05,0.0011718892443919157
2015-02-06,0.004313527929144735
2015-02-09,0.0071384885394018835
2015-02-10,0.0006799930212483717
2015-02-11,-0.0031495663137910217
2015-02-12,0.007251768400959787
2015-02-13,-0.0009983353251093452
2015-02-17,0.00039884476679408296
2015-02-18,-0.005151745950720318
2015-02-19,-0.0043046558354553335
2015-02-20,-0.0019261829394430486
2015-02-23,-0.002441290035813526
2015-02-24,0.005350172199824462
2015-02-25,-0.0009300020949214535
2015-02-26,-0.0036827436082609967
2015-02-27,0.003288292448142093
2015-03-02,-0.002415173317473358
2015-03-03,-0.0037304954688237198
2015-03-04,-0.0012191595243267453
2015-03-05,-0.007333917106675269
2015-03-06,0.000574822108774913
2015-03-09,-0.004142975180371929
2015-03-10,-0.001595257197118998
2015-03-11,0.0016164417756042177
2015-03-12,-0.0030786762155592473
2015-03-13,9.574581625020512e-05
2015-03-16,-0.006436690062727249
2015-03-17,-0.0022124417653208526
2015-03-18,0.003365374548229847
2015-03-19,-0.009123376073118063
2015-03-20,0.0015246147484329281
2015-03-23,0.006193565928589969
2015-03-24,-0.0018545983406052045
2015-03-25,0.0058355234306655054
2015-03-26,0.0016729286037996387
2015-03-27,-0.0035865100658538204
2015-03-30,0.0016528033080094027
2015-03-31,0.004954022327107259
2015-04-01,0.0022087561472150866
2015-04-02,0.0005135830096300977
2015-04-06,0.0027294907743754863
2015-04-07,-0.002917404741778114
2015-04-08,-0.0006395101639529255
2015-04-09,0.004354296143259824
2015-04-10,-0.0005278730518452872
2015-04-13,0.0003008431607587764
2015-04-14,0.0028676282166081005
2015-04-15,0.012107088927089608
2015-04-16,-0.0014542425351637034
2015-04-17,0.0038014793636560766
2015-04-20,-0.001457883355722658
2015-04-21,-0.005619031020675239
2015-04-22,0.005690912483038414
2015-04-23,0.0015355300690574757
2015-04-24,0.0004555299041108261
2015-04-27,0.00470474913543613
2015-04-28,0.003993506317577693
2015-04-29,0.007417792557165616
2015-04-30,0.004775603103348244
2015-05-01,-0.002376945805395315
2015-05-04,-0.0007622497545628112
2015-05-05,0.0002574660094967472
2015-05-06,-0.0006395512411970389
2015-05-07,0.00028992198799403284
2015-05-08,0.0003569168598457106
2015-05-11,0.0005497548332612274
2015-05-12,-0.0003778104204656531
2015-05-13,0.0038929056725141575
2015-05-14,-0.007535481652023049
2015-05-15,0.00166311417924584
2015-05-18,-0.0025085570236556263
2015-05-19,-0.005832877482534662
2015-05-20,-0.0009084003769896722
2015-05-21,0.002207190863295905
2015-05-22,-0.001132285019992783
2015-05-26,-0.0034371613459962583
2015-05-27,0.0026687128899103934
2015-05-28,0.001242387621835509
2015-05-29,0.0029329398541100833
2015-06-01,-0.0010412976575104628
2015-06-02,0.0022818794768074595
2015-06-03,-0.0025388868074289078
2015-06-04,-0.0018228599234860908
2015-06-05,-0.0013350384271417065
2015-06-08,-0.0006014770968373663
2015-06-09,-0.002969585255263283
2015-06-10,-0.0010442665333673321
2015-06-11,-0.004737998548551053
2015-06-12,0.0016701762310582448
2015-06-15,-0.0024949305797391406
2015-06-16,0.00029184515464550066
2015-06-17,0.002596626472178255
2015-06-18,-0.005730488541793943
2015-06-19,-0.003591346037499776
2015-06-22,0.002414016623782867
2015-06-23,0.0002972198056323834
2015-06-24,0.004384057163788138
2015-06-25,-0.005474428972098737
2015-06-26,-0.001683321183879931
2015-06-29,-0.0026262081009444274
2015-06-30,-0.005442686177571064
2015-07-01,-0.003970762830244071
2015-07-02,0.0012781448116934847
2015-07-06,-0.005418199658926241
2015-07-07,-0.004310434843351689
2015-07-08,-0.005326888420991126
2015-07-09,-0.004381660861248981
2015-07-10,-0.0031655003932235556
2015-07-13,-0.0025297785443237552
2015-07-14,-0.000822641331832182
2015-07-15,-0.004898063894880296
2015-07-16,-0.004694016131955077
2015-07-17,-0.014754001291212186
2015-07-20,-0.011004415256594572
2015-07-21,0.00412855785170537
2015-07-22,-0.012267692899164602
2015-07-23,0.004418780489873739
2015-07-24,0.0027223295685946357
2015-07-27,-0.005122664003199436
2015-07-28,0.002546113678894408
2015-07-29,0.005643449587205816
2015-07-30,-0.006185835273387906
2015-07-31,-0.007639940650144343
2015-08-03,-0.008471969026864682
2015-08-04,-0.005098974030246302
2015-08-05,-0.006648708667720021
2015-08-06,0.01369471822349162
2015-08-07,-0.0031099759073846024
2015-08-10,0.008880462698557698
2015-08-11,-0.0106616333741512
2015-08-12,0.004235442695340268
2015-08-13,-0.0040455057242361
2015-08-14,-0.0016675600435992143
2015-08-17,-0.0013852619238777335
2015-08-18,-0.0029479000609615087
2015-08-19,-0.00811922624722039
2015-08-20,8.034513360252065e-07
2015-08-21,0.0035440355428111698
2015-08-24,-0.003188522985094414
2015-08-25,-0.006647369612446782
2015-08-26,-0.0082913040577456
2015-08-27,0.023942353871943715
2015-08-28,0.009232293833247168
2015-08-31,0.014625977048389707
2015-09-01,-0.005121190919314344
2015-09-02,-0.006536858023296012
2015-09-03,0.00604496026678681
2015-09-04,-0.006066162408304049
2015-09-08,-0.00052565945455743
2015-09-09,-0.0018279798197905082
2015-09-10,0.0026108309505244007
2015-09-11,-0.00438703614965771
2015-09-14,0.0007884690230273812
2015-09-15,0.00013380225302428163
2015-09-16,0.013129413205514149
2015-09-17,-0.008340998032833872
2015-09-18,-0.0081275405193802
2015-09-21,0.0011700213049733875
2015-09-22,-0.007084453112169256
2015-09-23,-0.008935277033626931
2015-09-24,0.004888796090522661
2015-09-25,0.009538087013938362
2015-09-28,-0.0039026599095940435
2015-09-29,-0.0008974258242704182
2015-09-30,0.005130645052301867
2015-10-01,-0.006497332138514464
2015-10-02,0.016522927394156752
2015-10-05,0.014471561397190453
2015-10-06,0.019350056725282547
2015-10-07,0.004976345232471688
2015-10-08,0.00233678164219788
2015-10-09,-0.0021285499117958693
2015-10-12,-0.009655757620334056
2015-10-13,-0.0008222504058821915
2015-10-14,0.009936218435428013
2015-10-15,-0.0006181381662861801
2015-10-16,-0.006318340688852594
2015-10-19,-0.006867126153072937
2015-10-20,0.008137721321855041
2015-10-21,-0.006532231474011128
2015-10-22,0.00307955022182139
2015-10-23,-0.006931583363396991
2015-10-26,-0.01435527922878775
2015-10-27,-0.008610066837385119
2015-10-28,0.010600736968787218
2015-10-29,-0.006222827698014585
2015-10-30,0.007188442675866091
2015-11-02,0.0036062872429106683
2015-11-03,0.008342763291754844
2015-11-04,-0.0031087158556900906
2015-11-05,-0.009004881434341165
2015-11-06,0.0020884606507199956
2015-11-09,0.0022244045846176066
2015-11-10,-0.007635406073469917
2015-11-11,-0.011316299436853272
2015-11-12,-0.0020556196319210527
2015-11-13,0.001692658640244064
2015-11-16,0.002989908777519951
2015-11-17,-0.008996846194560365
2015-11-18,6.742858904589682e-05
2015-11-19,0.0040987825870402545
2015-11-20,-0.0044236558479255296
2015-11-23,-0.00474846942123665
2015-11-24,0.01087413150063199
2015-11-25,-0.006082110655188699
2015-11-27,-0.006001157223437149
2015-11-30,0.010630553779408464
2015-12-01,-0.005081973749445489
2015-12-02,-0.009030365440282963
2015-12-03,0.0013466606514966207
2015-12-04,-0.011716724185321279
2015-12-07,-0.0055041733594193435
2015-12-08,-0.009885398123364718
2015-12-09,0.007941875314411848
2015-12-10,0.0014865212727342987
2015-12-11,-0.009119097188447906
2015-12-14,-0.015283633155432845
2015-12-15,0.0070276111449168515
2015-12-16,-0.004368090363459624
2015-12-17,-0.015302221534983155
2015-12-18,0.0010012293451604674
2015-12-21,0.004025951998760142
2015-12-22,0.009803144251585507
2015-12-23,0.01775608228732081
2015-12-24,-0.00197750629748572
2015-12-28,-0.013019482971086344
2015-12-29,-0.001016686578436819
2015-12-30,-0.00959053511499017
2015-12-31,0.008175044707593107
2016-01-04,0.011823837126017011
2016-01-05,8.512043087875861e-05
2016-01-06,-0.021102032516037608
2016-01-07,-0.012557894464441095
2016-01-08,-0.0009922583146811123
2016-01-11,-0.009167333292847978
2016-01-12,-0.011264137032498529
2016-01-13,-0.00995595485016121
2016-01-14,0.011953762240528083
2016-01-15,-0.011840729606475843
2016-01-19,-0.013511521303325747
2016-01-20,-0.00977890810879254
2016-01-21,0.024612322769686577
2016-01-22,0.007873931579765035
2016-01-25,-0.014201458007538414
2016-01-26,0.016996152847057862
2016-01-27,0.013287566061027389
2016-01-28,0.0023693072550645864
2016-01-29,0.014263567222604728
2016-02-01,-0.006425820306248638
2016-02-02,-0.013189495900772506
2016-02-03,0.011901954537532395
2016-02-04,0.011997674326045054
2016-02-05,0.0009141123236579487
2016-02-08,-0.015909038678371464
2016-02-09,-0.012545440155723913
2016-02-10,-0.007059579860265204
2016-02-11,-0.005364018620751946
2016-02-12,0.015923549479027604
2016-02-16,0.010640882554705706
2016-02-17,0.003732677011055923
2016-02-18,0.004282779760755183
2016-02-19,-0.008802545450721927
2016-02-22,0.01639558209970188
2016-02-23,-0.012480407106728627
2016-02-24,0.0048788163233231315
2016-02-25,-0.0034204014744031023
2016-02-26,0.010877200736133798
2016-02-29,0.006269293272755844
2016-03-01,-0.000611518337286957
2016-03-02,0.021773781807588037
2016-03-03,0.015997011449408863
2016-03-04,0.016200896033878903
2016-03-07,0.004291730675306482
2016-03-08,-0.02381180522675263
2016-03-09,0.007992196971325404
2016-03-10,-0.0038818112803537786
2016-03-11,0.01055765319061394
2016-03-14,-0.0008085295177401458
2016-03-15,-0.0024059346550673985
2016-03-16,0.011876800884713387
2016-03-17,0.009491842850165081
2016-03-18,2.734354226367061e-05
2016-03-21,-0.0033670793157258463
2016-03-22,-0.004985091995576354
2016-03-23,-0.019728983754776223
2016-03-24,-0.0029945414383211466
2016-03-28,-0.0005084269429132613
2016-03-29,-0.002489536475192161
2016-03-30,0.004562708003269113
2016-03-31,0.00452076027937427
2016-04-01,-0.01762352357655085
2016-04-04,-0.008595420177818636
2016-04-05,0.0031760439027266564
2016-04-06,0.0011291376743187416
2016-04-07,-0.004450908497596791
2016-04-08,0.011253734952631374
2016-04-11,0.006552412643819531
2016-04-12,0.009189639930600043
2016-04-13,0.011118258164887812
2016-04-14,-0.002072629123854644
2016-04-15,-0.004445346920511528
2016-04-18,-0.0008037226636552487
2016-04-19,0.019677202531809285
2016-04-20,0.007671561199525004
2016-04-21,-0.008757149546848628
2016-04-22,0.009159790272973476
2016-04-25,-0.0067415959604907524
2016-04-26,0.009384509819047655
2016-04-27,0.014227449228462787
2016-04-28,-0.0024893585528832107
2016-04-29,-0.005340639835491226
2016-05-02,-0.01009370178352488
2016-05-03,-0.009513298467367095
2016-05-04,-0.00779073186801152
2016-05-05,-0.0018666740808319625
2016-05-06,0.003534262415629629
2016-05-09,-0.01656901438988883
2016-05-10,0.001163468587825747
2016-05-11,0.006548347914621892
2016-05-12,-0.00566569437326952
2016-05-13,-0.002800149127072023
2016-05-16,0.004851643366850249
2016-05-17,0.00891568903019189
2016-05-18,-0.0005748280859426544
2016-05-19,0.0033261627177988066
2016-05-20,0.008464415088715432
2016-05-23,0.0006828098262213636
2016-05-24,-0.000987989652299924
2016-05-25,0.004943958519844971
2016-05-26,-0.0011693731377182804
2016-05-27,0.002592088420175425
2016-05-31,0.004473191538147782
2016-06-01,-0.0035258058587076123
2016-06-02,-0.004637525392527083
2016-06-03,-0.004290259409198718
2016-06-06,0.010637552544055575
2016-06-07,0.011990263699727988
2016-06-08,-0.003109573596075857
2016-06-09,-0.0008648887509414627
2016-06-10,-0.006407306678911211
2016-06-13,-0.004300923459139373
2016-06-14,-0.006563584183111933
2016-06-15,0.0061846971454761895
2016-06-16,-0.0029319171519203257
2016-06-17,0.014694649513206407
2016-06-20,0.004602465240930191
2016-06-21,0.008126380367280058
2016-06-22,-0.0032403332769201858
2016-06-23,0.010024264495060603
2016-06-24,-0.013123129099024747
2016-06-27,-0.016374688625789523
2016-06-28,0.009887500262262445
2016-06-29,0.006588648637781307
2016-06-30,0.007497952518163761
2016-07-01,0.0013843088739544799
2016-07-05,-0.01754238433368943
2016-07-06,-0.0023658207914988524
2016-07-07,0.008339129569034097
2016-07-08,0.004619065967502031
2016-07-11,0.002935404594157366
2016-07-12,0.021689059346060878
2016-07-13,-0.002690813589387899
2016-07-14,0.006441703757768632
2016-07-15,-0.00247734193250136
2016-07-18,0.001592143184681664
2016-07-19,0.0019868763508151424
2016-07-20,-7.733360554560822e-05
2016-07-21,-0.005686609837232982
2016-07-22,-0.005685920745765937
2016-07-25,-0.00024614777127324113
2016-07-26,0.007614897507622352
2016-07-27,-0.009987749269945102
2016-07-28,-0.007527037766576316
2016-07-29,0.0019136703207276473
2016-08-01,-0.012013177576038581
2016-08-02,-0.00998375721588737
2016-08-03,0.010543197292266831
2016-08-04,0.0006034973801802646
2016-08-05,0.007303903344409884
2016-08-08,0.006328566572706844
2016-08-09,-0.0036362272841994263
2016-08-10,-0.006858531666061818
2016-08-11,0.0088297860839926
2016-08-12,-0.0006705782094161093
2016-08-15,0.008319620442641923
2016-08-16,0.00435801657621631
2016-08-17,0.00013626809237766963
2016-08-18,0.009073956500324611
2016-08-19,0.0018930124145274325
2016-08-22,-0.009534576570883371
2016-08-23,0.00629748907331534
2016-08-24,0.0020162695058531755
2016-08-25,0.006456628994954543
2016-08-26,-0.000985510613834814
2016-08-29,0.002018461722514211
2016-08-30,0.0029805712896069383
2016-08-31,-0.0048082525074129474
2016-09-01,-0.0008155797752994187
2016-09-02,0.0037816686557859734
2016-09-06,0.0006871992409278087
2016-09-07,0.003820290624437411
2016-09-08,0.005995607580037974
2016-09-09,-0.004354140597929871
2016-09-12,-0.0006694616935324215
2016-09-13,-0.005684621912240058
2016-09-14,-0.005291468090441624
2016-09-15,0.003274754676958412
2016-09-16,-0.0024939598929861868
2016-09-19,0.00024057164025799096
2016-09-20,-0.00512281263923923
2016-09-21,0.00674813737354261
2016-09-22,0.00048474233011030343
2016-09-23,-0.003830115612662913
2016-09-26,-0.0009665181884278274
2016-09-27,-0.002376877666903217
2016-09-28,0.010853079041960671
2016-09-29,0.004316557974903394
2016-09-30,0.004176388486536721
2016-10-03,-0.0018938541421248667
2016-10-04,-0.0015521756664301162
2016-10-05,0.006523670463864532
2016-10-06,0.0018723887146716955
2016-10-07,-0.004791106118518184
2016-10-10,-0.0012798145466253897
2016-10-11,0.005501266269457103
2016-10-12,0.0045088466634988
2016-10-13,-0.0026848331544712793
2016-10-14,-0.0006182342600424918
2016-10-17,-0.0019409790789254708
2016-10-18,-0.004593582386316868
2016-10-19,0.006883721403511389
2016-10-20,-0.002434997333017403
2016-10-21,-0.0008597871348995681
2016-10-24,-0.0005044025131684373
2016-10-25,-0.001278891868404689
2016-10-26,0.001508759025613126
2016-10-27,-0.0032107583157125123
2016-10-28,0.009511681253445746
2016-10-31,0.0018463118355964046
2016-11-01,-0.0021218309551788344
2016-11-02,-0.0026987339725860035
2016-11-03,0.009745512845801836
2016-11-04,-0.0008327569416592584
2016-11-07,-0.0014135404966226295
2016-11-08,0.0008258055210989381
2016-11-09,0.005549017505652128
2016-11-10,0.004080062991594223
2016-11-11,0.009558442771140173
2016-11-14,0.0027121848907217362
2016-11-15,0.00902028998174546
2016-11-16,-0.0040343861208677065
2016-11-17,0.0016332112231491854
2016-11-18,0.003384311253891446
2016-11-21,0.00335177774962589
2016-11-22,0.0036267087581847387
2016-11-23,0.0007250992826858202
2016-11-25,0.0002700468016894941
2016-11-28,-0.003353216937945573
2016-11-29,-0.009588305534052299
2016-11-30,0.023168563725627662
2016-12-01,-0.002105616652677053
2016-12-02,0.0026657583187357976
2016-12-05,0.004462997024230925
2016-12-06,0.0048972078739153765
2016-12-07,0.010548454969476158
2016-12-08,0.0030823679393884662
2016-12-09,-0.0019079710750178603
2016-12-12,-0.0036363259732419126
2016-12-13,-0.0011901581944599778
2016-12-14,-0.005077505028905306
2016-12-15,0.001199925381925678
2016-12-16,-0.0039908524509229175
2016-12-19,0.000566120552779953
2016-12-20,0.00042193918210724495
2016-12-21,0.0014420758704067357
2016-12-22,-0.0016071716863291334
2016-12-23,-0.0007678398314800119
2016-12-27,0.001046834940555886
2016-12-28,-0.0031460043954438027
2016-12-29,-0.001162606969529362
2016-12-30,0.0001655348030044615
2017-01-03,-0.005487325344363492
2017-01-04,-0.006855593053659501
2017-01-05,-0.012710776859582655
2017-01-06,-0.011198521266910705
2017-01-09,-0.004360552866560653
2017-01-10,-0.004536110174170112
2017-01-11,-0.0011506116850044977
2017-01-12,-0.007170733110336793
2017-01-13,-0.0033365793919328084
2017-01-17,-0.007990073299128975
2017-01-18,-0.004842199969216211
2017-01-19,0.003709552361781366
2017-01-20,-0.0022608430704300396
2017-01-23,-0.009529361190110424
2017-01-24,-0.010391119772799155
2017-01-25,-0.0033889857510282493
2017-01-26,-0.002721675740514619
2017-01-27,-0.0018897581701981998
2017-01-30,-0.005678552874805064
2017-01-31,-0.02117042875230017
2017-02-01,-0.007351606963560267
2017-02-02,-0.0053838578011880436
2017-02-03,-0.0017525316705292934
2017-02-06,-0.006535061747546694
2017-02-07,-0.008315740247586393
2017-02-08,-0.003821313778831074
2017-02-09,-0.0010250684733442532
2017-02-10,-0.0042458778226643346
2017-02-13,-0.007474925449765207
2017-02-14,-0.005685839554779875
2017-02-15,-0.005881174484672217
2017-02-16,-0.003371942749720207
2017-02-17,-0.004809947476132693
2017-02-21,0.0018724867617044626
2017-02-22,-0.007527592897812842
2017-02-23,-0.0006146598470468203
2017-02-24,-0.0026337357882137676
2017-02-27,-0.0006856187318500413
2017-02-28,-0.008168563660926668
2017-03-01,-0.0009562713343769132
2017-03-02,-0.004536335758400472
2017-03-03,-0.0038687867990153868
2017-03-06,-0.009270939706874232
2017-03-07,-0.006130521753520184
2017-03-08,-0.00569821965917287
2017-03-09,-0.003665538793947121
2017-03-10,-0.004589505540001205
2017-03-13,-0.007837352035139905
2017-03-14,-0.008212060616121043
2017-03-15,0.0035468697374392852
2017-03-16,-0.0038076795976315723
2017-03-17,-0.0034346909876345542
2017-03-20,-0.0038584205158297066
2017-03-21,-0.005350389694497472
2017-03-22,-0.0052150319687301544
2017-03-23,-0.004476733458623661
2017-03-24,-0.005532260217737533
2017-03-27,-0.003351954579994513
2017-03-28,-7.1948696575736826e-06
2017-03-29,-0.005528173278533816
2017-03-30,-0.004111422408332434
2017-03-31,-0.003677755894224105
2017-04-03,-0.003922275432818343
2017-04-04,-0.005988918983329103
2017-04-05,-0.002691191722940095
2017-04-06,-0.003074585975833706
2017-04-07,-0.006699159574115512
2017-04-10,-0.0040591252038459065
2017-04-11,-0.0067833891151011716
2017-04-12,-0.00794023672545726
2017-04-13,-0.007481779805138353
2017-04-17,-0.00039005061472252665
2017-04-18,-0.003301578914652544
2017-04-19,-0.009487761899241973
2017-04-20,-0.008549251311981775
2017-04-21,-0.0065362594179058965
2017-04-24,-0.002748672191613542
2017-04-25,-0.004599326288189673
2017-04-26,0.0032574301398633878
2017-04-27,-0.0014497189319944937
2017-04-28,-0.0053789254685672515
2017-05-01,-0.004696920061401619
2017-05-02,-0.004346520386919866
2017-05-03,-0.007407940768157514
2017-05-04,-0.008042422914044339
2017-05-05,0.006799426791472576
2017-05-08,-0.005337901094753373
2017-05-09,-0.0008274243277212778
2017-05-10,0.00569682613707981
2017-05-11,-0.010940627004681576
2017-05-12,-0.00764361848153201
2017-05-15,-0.001975368313312472
2017-05-16,-0.009970776311188732
2017-05-17,0.008906383834546398
2017-05-18,-0.000542248676783012
2017-05-19,0.00033389801020743386
2017-05-22,-0.004632781954742845
2017-05-23,-0.0021594514828232026
2017-05-24,-0.0054415021023340344
2017-05-25,-0.0115612118109975
2017-05-26,-0.002470358303614027
2017-05-30,-0.0062365009074244904
2017-05-31,-0.0016412954454727898
2017-06-01,-0.005920800755839485
2017-06-02,-0.0034447478277969106
2017-06-05,-0.004208399365242064
2017-06-06,-0.006006346991527685
2017-06-07,-0.0028540358036296893
2017-06-08,-0.008208707712208272
2017-06-09,0.01017487657016053
2017-06-12,-0.01475962581068777
2017-06-13,-0.001922179154124798
2017-06-14,-0.0069565882993193094
2017-06-15,-0.011392421448131622
2017-06-16,-0.013895841285096723
2017-06-19,-0.001421796580487519
2017-06-20,-0.006636191756335687
2017-06-21,-0.007215777770274948
2017-06-22,-0.005438268302897763
2017-06-23,-0.0091533253147236
2017-06-26,0.0007969254497539272
2017-06-27,-0.015329611091638357
2017-06-28,-0.0018467319382307976
2017-06-29,0.004555801682245703
2017-06-30,-0.013721527632039073
2017-07-03,-0.007360838194707378
2017-07-05,0.008635127110868782
2017-07-06,-0.008508438169492809
2017-07-07,-0.010187594757298874
2017-07-10,-0.01399376738294551
2017-07-11,-0.005611955396628997
2017-07-12,-0.0044073520566543884
2017-07-13,-0.0039474823082372755
2017-07-14,-0.00040498643640275635
2017-07-17,-0.003383098264661763
2017-07-18,-0.0005597588372996867
2017-07-19,-0.008245983075743894
2017-07-20,-0.00759188436181723
2017-07-21,-0.004846914597879633
2017-07-24,-0.00820578264759277
2017-07-25,-0.006851543665588839
2017-07-26,-0.006454531089021635
2017-07-27,0.004929872733125912
2017-07-28,-0.0038401021210545845
2017-07-31,-0.009343459202274125
2017-08-01,-0.007636398478833465
2017-08-02,-0.0009221578265166518
2017-08-03,-0.008320879799340642
2017-08-04,-0.005361015728793951
2017-08-07,-0.005594475300298829
2017-08-08,-0.003666831326717988
2017-08-09,-0.005378006421449993
2017-08-10,-0.00037418491179214836
2017-08-11,-0.003667199848304868
2017-08-14,-0.0037063730824475477
2017-08-15,-0.007406674643053711
2017-08-16,-0.005282674561174296
2017-08-17,-0.002586729298395157
2017-08-18,-0.005400200340767133
2017-08-21,-0.006823930860284374
2017-08-22,5.326939318983518e-05
2017-08-23,-0.007432785805083221
2017-08-24,-0.0024124948769768412
2017-08-25,0.00013893598715346896
2017-08-28,-0.0028282916425876057
2017-08-29,-0.005881069946183003
2017-08-30,-0.00668868077479721
2017-08-31,-0.007835037647761466
2017-09-01,-0.003722710908421276
2017-09-05,-0.0026525231154096293
2017-09-06,-0.008581225310889415
2017-09-07,-0.004732074401878786
2017-09-08,-0.00010239488916730446
2017-09-11,-0.00806374451821042
2017-09-12,-0.0013931805957852657
2017-09-13,-0.007007152658427559
2017-09-14,-0.001196822098892404
2017-09-15,-0.007679380360873556
2017-09-18,-0.008130988877674173
2017-09-19,-0.006398894132660267
2017-09-20,-0.008570466079292285
2017-09-21,-0.009926193973193675
2017-09-22,-0.0037783413700176187
2017-09-25,-0.005624799318033967
2017-09-26,-0.00498766303741382
2017-09-27,-0.0034904609050474943
2017-09-28,-0.0025171617119129244
2017-09-29,-0.005649553511576186
2017-10-02,-0.005321715927566546
2017-10-03,-0.002835747514577263
2017-10-04,-0.005648114053676903
2017-10-05,-0.0001602746057985131
2017-10-06,-0.008256598657050272
2017-10-09,-0.008989629371025674
2017-10-10,-0.0036149567436340587
2017-10-11,-0.004955654126933312
2017-10-12,-0.007377357030726455
2017-10-13,-0.00426535275188493
2017-10-16,-0.0016230675148391055
2017-10-17,-0.0016302460015997196
2017-10-18,-0.0012810953656273894
2017-10-19,-0.00391631870230611
2017-10-20,-0.007775434792077908
2017-10-23,-0.009067100245727315
2017-10-24,-0.006087097487106432
2017-10-25,-0.0067330944420477675
2017-10-26,-0.009602748336172123
2017-10-27,-0.007631015798441454
2017-10-30,-0.005316449338862566
2017-10-31,-0.006568482701681217
2017-11-01,-0.003626399817626607
2017-11-02,-0.0034167209228239846
2017-11-03,0.0022385187679478755
2017-11-06,0.002642245422002673
2017-11-07,0.0030922997191602988
2017-11-08,-0.007352783767411748
2017-11-09,0.003952545400102361
2017-11-10,-0.0007213381627157395
2017-11-13,-0.006855128504716794
2017-11-14,-0.007904417544706105
2017-11-15,-0.00638546531489489
2017-11-16,-0.002521852511899783
2017-11-17,-0.002231553408534429
2017-11-20,-0.0014789157569355706
2017-11-21,-0.004244555563329858
2017-11-22,-0.004807052685520983
2017-11-24,-0.0021621863391287416
2017-11-27,-0.008327414825729731
2017-11-28,-0.002673717127423563
2017-11-29,-0.014384858536564939
2017-11-30,-0.003465604421760514
2017-12-01,-0.0018845777375845725
2017-12-04,-0.016741785479406957
2017-12-05,0.005760629858384188
2017-12-06,-0.004392105557304973
2017-12-07,-0.004157483961144581
2017-12-08,-0.0020506839906857376
2017-12-11,-0.0012498555954481936
2017-12-12,-0.005514915645638817
2017-12-13,-0.005261340947444574
2017-12-14,-0.003970587840030626
2017-12-15,-0.0072838496355126445
2017-12-18,-0.005842969210016817
2017-12-19,-0.005445428954128542
2017-12-20,-0.009149532248908226
2017-12-21,-0.003383034091594009
2017-12-22,-0.006935866537917298
2017-12-26,-0.004749076202041265
2017-12-27,-0.00408869566897359
2017-12-28,-0.004996772807803864
2017-12-29,-0.005811401775132148
2018-01-02,-0.0022260566057248766
2018-01-03,-0.015265115085867125
2018-01-04,-0.0005549362976702103
2018-01-05,-0.004251231397961165
2018-01-08,-0.0052708870041620745
2018-01-09,-0.003942912593307365
2018-01-10,-0.008812961265003928
2018-01-11,-0.009961388512914164
2018-01-12,-0.013090089095739806
2018-01-16,-0.0033199716966879835
2018-01-17,-0.010769162840740564
2018-01-18,-0.008597640560275104
2018-01-19,-0.006496560097864008
2018-01-22,-0.007162184869775935
2018-01-23,-0.008840967920993321
2018-01-24,-0.0006882371974125407
2018-01-25,-0.014528267526693554
2018-01-26,-0.006839603521093862
2018-01-29,-0.009983482618808416
2018-01-30,-0.00015216019468947215
2018-01-31,-0.01412459970481992
2018-02-01,6.731471258130013e-06
2018-02-02,0.0016051901055873577
2018-02-05,-0.004685959967184028
2018-02-06,0.00012724524660962487
2018-02-07,-0.0018882360837904951
2018-02-08,-0.0014521275409114824
2018-02-09,-0.0006039406942337355
2018-02-12,0.0005267128778038629
2018-02-13,-0.006997482512632532
2018-02-14,0.0013151024467495291
2018-02-15,-0.00586937613755926
2018-02-16,-0.006631233908831482
2018-02-20,-0.0032260252937109674
2018-02-21,-0.008156903018857934
2018-02-22,-0.0032108701184814575
2018-02-23,-0.00745499894084802
2018-02-26,-0.001014122250108118
2018-02-27,-0.0034179693104817235
2018-02-28,-0.005309722768940864
2018-03-01,-0.011051662503901896
2018-03-02,-0.01161973023122658
2018-03-05,-0.003561536919672281
2018-03-06,-0.009585661315365533
2018-03-07,-0.006285077182707687
2018-03-08,-0.013104753404263042
2018-03-09,-0.0021806826141903407
2018-03-12,-0.002706866220627431
2018-03-13,-0.003121002193729047
2018-03-14,-0.004777321966107388
2018-03-15,-0.005584443123432321
2018-03-16,-0.006712307092775845
2018-03-19,-0.002109375365007042
2018-03-20,-0.0083237363750393
2018-03-21,-0.009613280344981441
2018-03-22,-0.004858312823595492
2018-03-23,-0.011874277521366168
2018-03-26,0.007938615940916143
2018-03-27,0.003117969690573718
2018-03-28,-0.020275968713334487
2018-03-29,0.007257319031296013
2018-04-02,0.00336013393389154
2018-04-03,-0.012948980180625793
2018-04-04,-0.008971485450699899
2018-04-05,0.009057367922433668
2018-04-06,-0.005403027920659975
2018-04-09,-0.009598715982643339
2018-04-10,-0.01224840415887703
2018-04-11,-0.005487664501751382
2018-04-12,0.0009304510709503763
2018-04-13,2.6324113869571203e-05
2018-04-16,-0.012527632508633597
2018-04-17,-0.01190540817716585
2018-04-18,-0.0024042789904069033
2018-04-19,-0.008172759053262469
2018-04-20,-0.01481307589712379
2018-04-23,-0.010940400492341549
2018-04-24,-0.01703121341584645
2018-04-25,-0.010129625062021842
2018-04-26,-0.006550106426226406
2018-04-27,-0.007227083643617731
2018-04-30,-0.0023862362704519975
2018-05-01,-0.004427593038672349
2018-05-02,-0.009896192414826418
2018-05-03,-0.00464094288447138
2018-05-04,-0.004968060532012458
2018-05-07,-0.012804097639827046
2018-05-08,-0.007114984438183739
2018-05-09,-0.01371490449922327
2018-05-10,-0.0033002549791244116
2018-05-11,-0.0026802560903808484
2018-05-14,-0.008114807998785481
2018-05-15,-0.001729015527280766
2018-05-16,-0.01595270674135315
2018-05-17,-0.005606012517673643
2018-05-18,-0.00896340179377426
2018-05-21,-0.006414813418775974
2018-05-22,0.0014042571660677359
2018-05-23,-0.004103882070945371
2018-05-24,-0.008892571814371447
2018-05-25,-0.01251644301279401
2018-05-29,-0.0017740202818186084
2018-05-30,-0.0059541239854476215
2018-05-31,-0.008165501117852317
2018-06-01,-0.006073750545392298
2018-06-04,-0.009509140226982774
2018-06-05,-0.006007268097912514
2018-06-06,-0.004691301136107821
2018-06-07,-0.0057929208471649545
2018-06-08,-0.008010349163754257
2018-06-11,-0.005735242645118842
2018-06-12,-0.008856235519579012
2018-06-13,-0.00470313094999299
2018-06-14,-0.008584520307959594
2018-06-15,-0.015014460708309084
2018-06-18,0.0014440325558601457
2018-06-19,-0.0034033439687130183
2018-06-20,-0.009409060775609341
2018-06-21,-0.006023704080665295
2018-06-22,-0.0016781615822333753
2018-06-25,-0.011141152612779964
2018-06-26,0.0011017685660757292
2018-06-27,-0.013495243349366153
2018-06-28,0.006452014460834068
2018-06-29,-0.0009634697459617323
2018-07-02,-0.0021784220838624523
2018-07-03,0.002924021797248524
2018-07-05,-0.002728960711901377
2018-07-06,-0.013212790437824633
2018-07-09,-0.005624703432822228
2018-07-10,0.0011741051790994331
2018-07-11,-0.0030335285778634587
2018-07-12,-0.010858986377272499
2018-07-13,-0.0062590427443036
2018-07-16,-0.002685884462405471
2018-07-17,-0.0018870156554416538
2018-07-18,-0.005238606477966954
2018-07-19,-0.003938319169213257
2018-07-20,-0.0048337284364152805
2018-07-23,-0.004554561364148392
2018-07-24,-0.0015752303823278616
2018-07-25,-0.01021709415277114
2018-07-26,0.010008085557830806
2018-07-27,-0.007709685445925908
2018-07-30,-0.01597885605897891
2018-07-31,-0.0003725626595876769
2018-08-01,-0.0037216841426997846
2018-08-02,-0.010416355420287637
2018-08-03,-0.00016836936784756906
2018-08-06,-0.004834443179252257
2018-08-07,-0.005172677993550109
2018-08-08,-0.0055003077715759805
2018-08-09,-0.005100022635026211
2018-08-10,-0.006794089588967931
2018-08-13,-0.005486725902935415
2018-08-14,-0.008091370996665813
2018-08-15,-0.007834588983895231
2018-08-16,-0.007163993564582035
2018-08-17,-0.008767760611632609
2018-08-20,-0.005554042340049203
2018-08-21,-0.006193409874954751
2018-08-22,-0.007395052967032099
2018-08-23,-0.004266694265338644
2018-08-24,-0.00634958688557128
2018-08-27,-0.00413259122124407
2018-08-28,-0.003589224807340302
2018-08-29,-0.006596716985515545
2018-08-30,-0.003907763436190702
2018-08-31,-0.008940039591380589
2018-09-04,-0.011560130189859805
2018-09-05,-0.0009190946921888944
2018-09-06,-0.011161823543937955
2018-09-07,-0.007137931151768985
2018-09-10,-0.004100859499554657
2018-09-11,-0.008503909325075961
2018-09-12,-0.005987193908193482
2018-09-13,-0.0019041434776550271
2018-09-14,-0.007968315630169979
2018-09-17,-0.009425096265900096
2018-09-18,-0.003076781598191256
2018-09-19,-0.005836634091586403
2018-09-20,-0.006368577191827372
2018-09-21,-0.0035283151968067135
2018-09-24,0.0008734437488228507
2018-09-25,-0.012087280010067791
2018-09-26,-0.0028165451642905726
2018-09-27,-0.010944872363007422
2018-09-28,-0.007166281100369494
2018-10-01,-0.006329877060884238
2018-10-02,-0.0055088869365239115
2018-10-03,-0.006443135678073492
2018-10-04,-0.0007356942156438381
2018-10-05,-0.017128671644346345
2018-10-08,-0.012781818414684943
2018-10-09,-0.004437574624265667
2018-10-10,-0.0014970013304306945
2018-10-11,-0.0018800098365618894
2018-10-12,-0.007800729771537426
2018-10-15,-0.0003136511034061394
2018-10-16,0.0041901825667200725
2018-10-17,-0.008802318487855116
2018-10-18,-0.009344499864238994
2018-10-19,-0.011884997632522704
2018-10-22,-0.0021404067911021517
2018-10-23,-0.007139399719102767
2018-10-24,-0.012083548928814348
2018-10-25,0.00043928613618469253
2018-10-26,-0.00506253868226089
2018-10-29,-0.02241031852118392
2018-10-30,-0.012784421529617042
2018-10-31,-0.0029255553255421785
2018-11-01,-0.011514020805502689
2018-11-02,-0.002115718612699307
2018-11-05,-0.009936212636784235
2018-11-06,-0.002119757214800378
2018-11-07,-0.002158670852422503
2018-11-08,-0.007303155308735172
2018-11-09,-0.014067936007359456
2018-11-12,-0.014801095407727055
2018-11-13,-0.009219054486162021
2018-11-14,-0.014297623215234766
2018-11-15,-0.012458993732383822
2018-11-16,-0.0075464187238062225
2018-11-19,-0.018968384043501835
2018-11-20,0.007856871087638627
2018-11-21,-0.008604277807433327
2018-11-23,0.00407543465267615
2018-11-26,0.002951716669401739
2018-11-27,-0.007902102566129748
2018-11-28,-0.004636431725107817
2018-11-29,-0.003811388064854017
2018-11-30,0.0009630784706980821
2018-12-03,-0.0031907180311050026
2018-12-04,0.0003817098136196743
2018-12-06,0.00453398212464305
2018-12-07,0.000858904109777292
2018-12-10,-0.000464946358426456
2018-12-11,-0.010251371963363695
2018-12-12,-0.0051673951608645925
2018-12-13,-0.003802691091465832
2018-12-14,-0.00048001511679943935
2018-12-17,-0.009820563329109942
2018-12-18,0.0004342523286287618
2018-12-19,-0.002512884890019676
2018-12-20,-0.003175970898185773
2018-12-21,-0.012783172065179512
2018-12-24,0.006873779524636763
2018-12-26,-0.010405090814653852
2018-12-27,-0.01657846084844789
2018-12-28,-0.0015397182565162193
2018-12-31,-0.012332198297181775
2019-01-02,0.0037389335938465083
2019-01-03,-0.015421401380365516
2019-01-04,0.001965122634072042
2019-01-07,-0.008091871906299715
2019-01-08,-0.011073762877923539
2019-01-09,-0.005985441059460423
2019-01-10,-0.008044232371626823
2019-01-11,-0.0035539376640001865
2019-01-14,-0.005988822433629064
2019-01-15,0.0028470153569569705
2019-01-16,-0.006982183511037497
2019-01-17,-0.00797943784109439
2019-01-18,0.0024891759863790476
2019-01-22,0.0024642329125679
2019-01-23,-0.011942175163294029
2019-01-24,-0.0004732887225875407
2019-01-25,-0.008678293943276558
2019-01-28,-0.00376915001240064
2019-01-29,-0.015758641261958715
2019-01-30,0.01086404668945383
2019-01-31,-0.004755657533030277
2019-02-01,-0.0018800976586421788
2019-02-04,-0.0032678976959385256
2019-02-05,-0.006085000497078507
2019-02-06,-0.0030656550727760504
2019-02-07,-9.181951212619641e-05
2019-02-08,-0.010106444132552806
2019-02-11,-0.006119113966991689
2019-02-12,-0.006538108366901364
2019-02-13,0.003648923014323272
2019-02-14,-0.005993629366459943
2019-02-15,-0.004895731121115434
2019-02-19,-0.0015709144910145533
2019-02-20,-0.010028603489488612
2019-02-21,-0.008424454304201122
2019-02-22,-0.009870908211130234
2019-02-25,-0.0040959462299029765
2019-02-26,-0.002083907491518953
2019-02-27,-0.005929512836784747
2019-02-28,-0.005571433734106971
2019-03-01,-0.0054614222144240155
2019-03-04,-0.007519229366244074
2019-03-05,-0.004491948467960687
2019-03-06,-0.01615973459672311
2019-03-07,-0.0037448413967022063
2019-03-08,-0.0020134189997579443
2019-03-11,-0.008055832532414245
2019-03-12,-0.009249633569848016
2019-03-13,-0.004594505028311792
2019-03-14,-0.002793129248221767
2019-03-15,-0.0017132333923153401
2019-03-18,-0.0030352332460627457
2019-03-19,-0.004946418520422401
2019-03-20,-0.0075874665560294215
2019-03-21,-0.010927778665010535
2019-03-22,-0.01296147882429835
2019-03-25,-0.004005953141478587
2019-03-26,-0.008215366591574576
2019-03-27,-0.010984649838320062
2019-03-28,-0.009950877380145164
2019-03-29,-0.0019874754134155863
2019-04-01,-0.007934551554924809
2019-04-02,-0.007248330231248822
2019-04-03,-0.00951709991340087
2019-04-04,-0.005565885009244283
2019-04-05,-0.004517468700694474
2019-04-08,-0.005863579561550959
2019-04-09,-0.0031023821544852804
2019-04-10,-0.0028723612785083274
2019-04-11,-0.005599924620856337
2019-04-12,-0.016062349694821454
2019-04-15,-0.00033982600091272356
2019-04-16,-0.00021820575854525348
2019-04-17,-0.021679026487541924
2019-04-18,-0.0023771586258914366
2019-04-22,-0.010713054847769802
2019-04-23,-0.006347880124395968
2019-04-24,-0.00540285454940201
2019-04-25,-0.0049641667907205185
2019-04-26,-0.010958328994213805
2019-04-29,-0.005504601909517523
2019-04-30,-0.004906599158255052
2019-05-01,-0.0037572891700454747
2019-05-02,-0.005406761541959848
2019-05-03,-0.0041553678180751
2019-05-06,0.002137764506553068
2019-05-07,-0.008752169292578795
2019-05-08,-0.008601362288836154
2019-05-09,-0.009479181671124914
2019-05-10,-0.010098899544109566
2019-05-13,-0.014148285337670157
2019-05-14,-0.004388606487096922
2019-05-15,-0.00952282590487847
2019-05-16,-0.0021873554080183997
2019-05-17,-0.0059357932534627005
2019-05-20,-0.00949341604188552
2019-05-21,-0.0014543103994882718
2019-05-22,-0.004910796400850246
2019-05-23,-0.008404711282671137
2019-05-24,-0.004085234452983487
2019-05-28,-0.011250730665618033
2019-05-29,0.00012239358468573444
2019-05-30,-0.0022480124086327827
2019-05-31,-0.011019658392878662
2019-06-03,-0.013222601602262787
2019-06-04,0.005795584150716055
2019-06-05,-0.007444705734447367
2019-06-06,-0.002361945771577169
2019-06-07,-0.005650470453441678
2019-06-10,-0.0029465567020127083
2019-06-11,-0.009058113569187873
2019-06-12,0.001320451939714272
2019-06-13,-0.004880700926490997
2019-06-14,-0.008582147033507329
2019-06-17,-0.0070941740316956044
2019-06-18,-0.006048478110431144
2019-06-19,-0.006131280369347376
2019-06-20,-0.0010673061975648226
2019-06-21,-0.008595635295542749
2019-06-24,-0.0036979898867822245
2019-06-25,4.874211907060066e-05
2019-06-26,-0.0026368027962680694
2019-06-27,-0.006870298737160426
2019-06-28,-0.006236734506051552
2019-07-01,0.0006864103156234958
2019-07-02,-0.009254637729128452
2019-07-03,-0.00868320207110464
2019-07-05,-0.004910028059855116
2019-07-08,-0.007842581709087375
2019-07-09,-0.0032855740573779746
2019-07-10,-0.0024370835190639932
2019-07-11,-0.011799940896166105
2019-07-12,-0.012243408524809422
2019-07-15,-0.005121436055628787
2019-07-16,-0.001998601637546782
2019-07-17,-0.002220156421089655
2019-07-18,-0.006947002983857472
2019-07-19,-0.003188357951721687
2019-07-22,-0.006511170735974205
2019-07-23,-0.002512340280776932
2019-07-24,0.0022212020052880246
2019-07-25,-0.008390855975947646
2019-07-26,-0.00394452470580575
2019-07-29,-0.007150514303519616
2019-07-30,-0.006347349912184017
2019-07-31,-0.007894261145121331
2019-08-01,0.004190318959559512
2019-08-02,-0.005763997970484592
2019-08-05,-0.009855627064482168
2019-08-06,-1.2481849571614398e-05
2019-08-07,-0.010968059368722331
2019-08-08,-0.008636404355883705
2019-08-09,-0.0068634128122951315
2019-08-12,-0.007199404610795902
2019-08-13,-0.008857551798129514
2019-08-14,-0.007947195630069874
2019-08-15,-0.0035440644512549843
2019-08-16,0.006043211430321398
2019-08-19,-0.004342678834392303
2019-08-20,-0.0045669279380387085
2019-08-21,0.0001294188698448386
2019-08-22,-0.007960524924506196
2019-08-23,0.0022597905760143476
2019-08-26,-0.007463457857940051
2019-08-27,-0.018450896291124633
2019-08-28,-0.008990199565954392
2019-08-29,-0.010102551088804004
2019-08-30,-0.011040099363333092
2019-09-03,-0.0018631760092671524
2019-09-04,-0.008972093626701465
2019-09-05,-0.00978736858869171
2019-09-06,-0.0022242636162712447
2019-09-09,-0.003598075410041206
2019-09-10,-0.0178044921789564
2019-09-11,-0.00469386134527602
2019-09-12,-0.0087739638540613
2019-09-13,0.003663371678841184
2019-09-16,-0.007463959651193501
2019-09-17,-0.002687538700320801
2019-09-18,-0.012513570359266674
2019-09-19,-0.002781097008613279
2019-09-20,-0.011831215816773185
2019-09-23,-0.0032409947302468128
2019-09-24,-0.010491652335100278
2019-09-25,-0.006403695130195638
2019-09-26,-0.0098266400488604
2019-09-27,-0.0054633370729822404
2019-09-30,-0.004513399740738748
2019-10-01,-0.013929237644150669
2019-10-02,-0.003397722045424891
2019-10-03,-0.00910498975881285
2019-10-04,-0.00568773335322707
2019-10-07,-0.004925431908532235
2019-10-08,-0.0033477670150692737
2019-10-09,-0.0032308743166293103
2019-10-10,-0.0036926399142195106
2019-10-11,-0.005744618564552231
2019-10-14,-0.003974979838576529
2019-10-15,-0.0024958006231483253
2019-10-16,-0.003920383526056481
2019-10-17,-0.006518603099242773
2019-10-18,-0.00646892864415952
2019-10-21,-0.0005669656792468324
2019-10-22,-0.00549502131474355
2019-10-23,-0.00493050581098756
2019-10-24,-0.002722340182556906
2019-10-25,-0.003778571438782556
2019-10-28,-0.011062164605816386
2019-10-29,2.9389618547919806e-05
2019-10-30,3.5980224274214344e-05
2019-10-31,-0.009504194957514155
2019-11-01,-0.0019446176519903463
2019-11-04,-0.013692709222948069
2019-11-05,-0.007957601930142343
2019-11-06,-0.0008526415883713789
2019-11-07,-0.005988749652362868
2019-11-08,-0.0020937945024630906
2019-11-11,-0.006907940708566243
2019-11-12,-0.0032976876895021434
2019-11-13,-0.009503596949592366
2019-11-14,-0.010612281178147115
2019-11-15,0.00014233103317703609
2019-11-18,-0.001114878047284642
2019-11-19,-0.005908990293160722
2019-11-20,-0.002864994221547528
2019-11-21,-0.012736061936598299
2019-11-22,-0.009049267111077921
2019-11-25,-0.0077149029576034645
2019-11-26,-0.0034966086756381648
2019-11-27,-0.003839276438428709
2019-11-29,-0.0044883722754553955
2019-12-02,-0.004843162613680103
2019-12-03,0.0002977047651339386
2019-12-04,0.0018460664493271947
2019-12-05,-0.005908853540533072
2019-12-06,0.004471846290107421
2019-12-09,-0.0003430741649581761
2019-12-10,-0.002950305640940436
2019-12-11,-0.007616042154634
2019-12-12,0.0006012648543191274
2019-12-13,-0.0038349073357991344
2019-12-16,-0.006984850692024629
2019-12-17,-0.003509354771158466
2019-12-18,-0.005847173376558058
2019-12-19,-0.008124042800952051
2019-12-20,-0.004465907441376173
2019-12-23,-0.0020956747918183384
2019-12-24,-0.002974433464908108
2019-12-26,-0.001686273564025234
2019-12-27,-0.005447684715754767
2019-12-30,-0.003599709036666208
2019-12-31,-0.004862163504617694
2020-01-02,-0.0032411247483520363
2020-01-03,-0.0005135455806254186
2020-01-06,-0.008240593118886787
2020-01-07,-0.0034066193869420943
2020-01-08,-0.006519642588155809
2020-01-09,-0.0031037940499850604
2020-01-10,-0.006368657283965129
2020-01-13,-0.005508949974981069
2020-01-14,-0.0034878075650847874
2020-01-15,-0.005694030163949171
2020-01-16,-0.0019873720438212247
2020-01-17,-0.003812437175409259
2020-01-21,-0.007604858435475686
2020-01-22,-0.01057918177394449
2020-01-23,0.001158349655596502
2020-01-24,-0.007321409501941198
2020-01-27,-0.007787307808647608
2020-01-28,0.0011797172470211221
2020-01-29,-0.009082053207266513
2020-01-30,-0.0018712913380861873
2020-01-31,-0.011565471221847045
2020-02-03,-0.008458094880240248
2020-02-04,-0.008722954065395236
2020-02-05,-0.010751243823759183
2020-02-06,-0.000134331836989199
2020-02-07,-0.004631220652895014
2020-02-10,-0.006625648634191791
2020-02-11,-0.0020094310642844193
2020-02-12,-0.010268816967590407
2020-02-13,-0.00492639021169872
2020-02-14,-0.008107392265293414
2020-02-18,-0.00688074594221743
2020-02-19,-0.0017299692824934041
2020-02-20,0.0032712112228110704
2020-02-21,-0.011426087777061698
2020-02-24,-0.012537277389226158
2020-02-25,-0.008735570667630812
2020-02-26,-0.006186748920927283
2020-02-27,0.0003010697320926471
2020-02-28,-0.0019118324234843696
2020-03-02,0.0060984970663786895
2020-03-03,-0.01911366447867257
2020-03-04,-0.00041056149176790964
2020-03-05,-0.014029038888582111
2020-03-06,-0.0056982685452257814
2020-03-09,-0.06096821451529122
2020-03-10,0.007652563107579381
2020-03-11,-0.016593254431046096
2020-03-12,0.007465151487516678
2020-03-13,-0.03085789632559312
2020-03-16,-0.002756298155705372
2020-03-17,-0.00640496238162259
2020-03-18,-0.049417990873208216
2020-03-19,0.00979988253552863
2020-03-20,-0.023854425936349382
2020-03-23,-0.006644104263969922
2020-03-24,-0.01080115490698094
2020-03-25,-0.02522128470769428
2020-03-26,-0.0064424786164052955
2020-03-27,-0.008971856691871664
2020-03-30,0.0026070133094397673
2020-03-31,-0.01308582233710947
2020-04-01,-0.007696459594378341
2020-04-02,-0.039374277165039606
2020-04-03,-0.011769565738442615
2020-04-06,0.019400747352599404
2020-04-07,0.00822080454850551
2020-04-08,-0.0070658241950031855
2020-04-09,-0.002267089048088881
2020-04-13,-6.944943389407786e-05
2020-04-14,-0.02570548135848208
2020-04-15,-0.02654256598952959
2020-04-16,-0.028099777069690406
2020-04-17,0.038587796486260026
2020-04-20,-0.001008787826813455
2020-04-21,-0.004987914787213824
2020-04-22,0.014487856252406148
2020-04-23,0.00014584581369825322
2020-04-24,-0.005613813830313889
2020-04-27,0.0014103231126299555
2020-04-28,-0.002829175938639636
2020-04-29,-0.010879718029424435
2020-04-30,-0.0035896184814485387
2020-05-01,-0.0033021176131182014
2020-05-04,-0.01005418924272956
2020-05-05,-0.012493472643383394
2020-05-06,-0.014486826132513843
2020-05-07,-0.003491942155720484
2020-05-08,-0.006269066535698859
2020-05-11,-0.005934281176308688
2020-05-12,-0.01339827768319843
2020-05-13,0.002528799649736432
2020-05-14,0.0037505068551404825
2020-05-15,-0.009664488635649792
2020-05-18,0.021231562506739833
2020-05-19,-0.01604109080146028
2020-05-20,-0.006295187243492102
2020-05-21,-0.0022549257780561808
2020-05-22,-0.008989628554740519
2020-05-26,0.019318808150693
2020-05-27,-0.015543212291211899
2020-05-28,0.00024463870484375816
2020-05-29,-0.01612510916194663
2020-06-01,0.004337780447789524
2020-06-02,-0.004400959131870414
2020-06-03,0.003947350574239492
2020-06-04,-0.008004878054330498
2020-06-05,0.0032795142149789304
2020-06-08,0.00796717028655064
2020-06-09,0.0022617016908212445
2020-06-10,-0.0271273073536488
2020-06-11,-0.03798197589934591
2020-06-12,-0.004770341185633193
2020-06-15,-0.021675344085582447
2020-06-16,0.006512348163632184
2020-06-17,-0.01484920642427464
2020-06-18,-0.007344814829498661
2020-06-19,-0.006123759433753647
2020-06-22,0.0018333781280018627
2020-06-23,-0.0013287945730225854
2020-06-24,0.002992623258916479
2020-06-25,-0.00795748733828909
2020-06-26,-0.01082641653816341
2020-06-29,-0.015406991579712091
2020-06-30,0.0015942543016747301
2020-07-01,-0.005289838789128958
2020-07-02,-0.0012097230176031856
2020-07-06,-0.003448279203693467
2020-07-07,-0.0004646701545591731
2020-07-08,-0.0077899026933009475
2020-07-09,-0.0204748269683229
2020-07-10,0.008549796675989438
2020-07-13,-0.012747336050985936
2020-07-14,-0.01055405594040799
2020-07-15,0.008416300148649433
2020-07-16,-0.003440326890486544
2020-07-17,-0.0037695149531915746
2020-07-20,-0.007040237627571
2020-07-21,0.017092596954228365
2020-07-22,-0.009080061217186332
2020-07-23,-0.001478543854017243
2020-07-24,-0.0034011531338182348
2020-07-27,0.003705539184706963
2020-07-28,0.004057321563923166
2020-07-29,-0.0023924824467217486
2020-07-30,-0.010207601047972675
2020-07-31,-0.01040666102672394
2020-08-03,-0.009288055664728569
2020-08-04,-0.005930493859780194
2020-08-05,-0.004907293810653331
2020-08-06,-0.012250827004030195
2020-08-07,-0.0042914234903030785
2020-08-10,-0.011687920401306336
2020-08-11,-0.011047438471184227
2020-08-12,-0.0011463284698432098
2020-08-13,-0.02003343656895287
2020-08-14,-0.00015133290401378886
2020-08-17,-0.0020955056981445145
2020-08-18,-0.014972383233385775
2020-08-19,-0.0024502623494353096
2020-08-20,-0.002444172163202539
2020-08-21,-0.004573286136650383
2020-08-24,-0.004464687853643874
2020-08-25,-0.0038258477324152234
2020-08-26,-0.0177521060986544
2020-08-27,0.002987295965365664
2020-08-28,-0.01545659718065922
2020-08-31,-0.0038726212218818806
2020-09-01,-0.008865990643107106
2020-09-02,-0.004796412429425484
2020-09-03,0.009682425701945652
2020-09-04,-0.020808712984120348
2020-09-08,-0.0008731989297832208
2020-09-09,-0.0008312193382108545
2020-09-10,-0.013179899500326626
2020-09-11,-0.009701438071717992
2020-09-14,-0.0012499910569009729
2020-09-15,-0.016932782102523154
2020-09-16,0.015508655965894708
2020-09-17,-0.014596636789706914
2020-09-18,-0.011181534006986594
2020-09-21,-0.004185072928993424
2020-09-22,-0.011883830911026124
2020-09-23,-2.8837459883887355e-05
2020-09-24,-0.007871494461634383
2020-09-25,-0.015241651436107964
2020-09-28,0.004005986423647954
2020-09-29,-0.012877490084461691
2020-09-30,-0.010232037359545297
2020-10-01,-0.014006811960037394
2020-10-02,0.013444965070818111
2020-10-05,-0.0027859753778454385
2020-10-06,-0.00787342708815576
2020-10-07,-0.00962827755280531
2020-10-08,0.004776427249687019
2020-10-09,-0.00499043089759955
2020-10-12,-0.008320471905567856
2020-10-13,-0.006350637232319022
2020-10-14,-0.006209758463371676
2020-10-15,-0.010994970939068125
2020-10-16,-0.0024491568070144315
2020-10-19,-0.0071114341121945954
2020-10-20,-0.01240035131667626
2020-10-21,-0.013222038332617963
2020-10-22,-0.007357172132632638
2020-10-23,-0.0074537704204901325
2020-10-26,-0.007054430455892318
2020-10-27,-0.005871315574565208
2020-10-28,0.0006981589326198515
2020-10-29,-0.012447725775621005
2020-10-30,0.0032159074804538144
2020-11-02,-0.013966732563572063
2020-11-03,-0.0044507019420622325
2020-11-04,-0.012813201179972322
2020-11-05,0.0015239358486149922
2020-11-06,-0.007568322687802519
2020-11-09,0.046716115439916904
2020-11-10,-0.019226769933760914
2020-11-11,0.01698638309245451
2020-11-12,-0.011661037969230233
2020-11-13,-0.0047613380067746455
2020-11-16,-0.002196545923123453
2020-11-17,-0.004443969421008782
2020-11-18,-0.010899285508004944
2020-11-19,-0.01159125365008351
2020-11-20,-0.00730244105816397
2020-11-23,-0.02047978258283887
2020-11-24,-0.015762990963265996
2020-11-25,-0.003015493189902774
2020-11-27,-0.010568723216654169
2020-11-30,-0.010814287162957827
2020-12-01,-0.0035409033578284437
2020-12-02,-0.019873507712995876
2020-12-03,-0.016335674586140922
2020-12-04,-0.01325749121841777
2020-12-07,-0.0017518350569438249
2020-12-08,-0.006449779677460013
2020-12-09,-0.009034281171502439
2020-12-10,-0.0032667008179722646
2020-12-11,-0.003913216902297732
2020-12-14,-0.008318489544344655
2020-12-15,-0.008839664299802102
2020-12-16,-0.004855904018741985
2020-12-17,-0.005687924056338321
2020-12-18,-0.013338454180240118
2020-12-21,0.006703936975978821
2020-12-22,-0.010189134944019978
2020-12-23,0.006076244366885178
2020-12-24,-0.004735983949043919
2020-12-28,-0.0049578271748493205
2020-12-29,-0.006150437140125703
2020-12-30,-0.005426253515309568
2020-12-31,-0.006049029493099752
2021-01-04,-0.0024426908866499366
2021-01-05,-0.01803414923597133
2021-01-06,-0.0024711843223026303
2021-01-07,-0.005815306167969743
2021-01-08,-0.01287522362542505
2021-01-11,0.0015442538838799395
2021-01-12,-0.02006692396487324
2021-01-13,7.28836042398727e-05
2021-01-14,-0.005489807855957088
2021-01-15,0.009480249582202858
2021-01-19,-0.0022669763526177583
2021-01-20,-0.01569228678215479
2021-01-21,-0.011408367239888001
2021-01-22,-0.003349479849694633
2021-01-25,-0.01718460301063432
2021-01-27,-0.014446402508799904
2021-01-28,0.0022724434051206235
2021-01-29,-0.013796353925994442
2021-02-01,-0.003705875570227787
2021-02-02,-0.015484264790876843
2021-02-03,0.004395688648395862
2021-02-04,-0.011396085884722495
2021-02-05,-0.002221296361252117
2021-02-08,-0.0013301704264432872
2021-02-09,-0.0036272887878534867
2021-02-10,-0.006900873918023932
2021-02-11,-0.013584544626515798
2021-02-12,-0.009850932583507742
2021-02-16,-0.007266951161749077
2021-02-17,-0.0018270130834697213
2021-02-18,-0.010444669082950732
2021-02-19,0.004324146962062177
2021-02-22,-0.01957272892406501
2021-02-23,-0.02047076298522659
2021-02-24,-0.009458403991558386
2021-02-25,0.008709204049924136
2021-02-26,0.008490194712340986
2021-03-01,-0.007821734717843323
2021-03-02,0.0024773940681142997
2021-03-03,-0.031315674497216534
2021-03-04,-0.016417394712987372
2021-03-05,-0.014723660063567534
2021-03-08,0.0035910797719620087
2021-03-09,0.02313870676505261
2021-03-10,0.003393071808089808
2021-03-11,0.0071759017014650095
2021-03-12,0.007889288249045334
2021-03-15,-0.005737058784111277
2021-03-16,-0.012465305269489458
2021-03-17,0.002555826341065843
2021-03-18,-0.0034818115625126237
2021-03-19,0.000828025580236787
2021-03-22,-0.01416355487699336
2021-03-23,-0.022795009073997376
2021-03-24,-0.008560993763156725
2021-03-25,-0.00972968282990132
2021-03-26,0.0036914349445568637
2021-03-29,-0.007264688336901387
2021-03-30,0.001482003385797466
2021-03-31,-0.0037087820021749424
2021-04-01,-0.0344517316962626
2021-04-05,-0.004512123671383922
2021-04-06,-0.003137988218654282
2021-04-07,-0.002009733938291778
2021-04-08,-0.007278140741586728
2021-04-09,-0.008091871446107334
2021-04-12,-0.010253905521147362
2021-04-13,-0.005082139087209986
2021-04-14,0.004829439315482352
2021-04-15,0.005129450118701823
2021-04-16,-0.009346366216572918
2021-04-19,-0.007426281915533569
2021-04-20,-0.007175888967087848
2021-04-21,4.567004825844004e-05
2021-04-22,-0.0035979821986087644
2021-04-23,-0.004030056238399799
2021-04-26,-0.013145429711510476
2021-04-27,0.0002419257854837974
2021-04-28,-0.008612755906970547
2021-04-29,-0.006115678820328781
2021-04-30,-0.0034406427705937223
2021-05-03,-0.012297055223845603
2021-05-04,-0.02120417339697546
2021-05-05,-0.010321200927207702
2021-05-06,-0.010055367561642856
2021-05-07,0.003904072420681654
2021-05-10,0.009786360985564218
2021-05-11,0.006315301449312771
2021-05-12,-0.006224012204398382
2021-05-13,-0.0053796022346167295
2021-05-14,0.004065408389870797
2021-05-17,-0.0018678958688512284
2021-05-18,-0.005931701009092677
2021-05-19,-0.000129807617869735
2021-05-20,-0.014373469348542
2021-05-21,0.0030546931908180704
2021-05-24,-0.0001223013615778354
2021-05-25,-0.013651654379723741
2021-05-26,-0.007890790455360813
2021-05-27,-0.007904389337578265
2021-05-28,0.002890845834071564
2021-06-01,-5.3351536535754286e-05
2021-06-02,-0.01354680888931708
2021-06-03,-0.007784006379307203
2021-06-04,0.0001770702748404582
2021-06-07,-0.013756047119413781
2021-06-08,-0.0029997364795069908
2021-06-09,-0.004211548180653172
2021-06-10,-0.019417600334084975
2021-06-11,0.0017879320608908227
2021-06-14,-0.010126353605738702
2021-06-15,0.0009194739153382701
2021-06-16,-0.009831960728637663
2021-06-17,0.004979686888349422
2021-06-18,-0.014967872534457246
2021-06-21,2.552595149525952e-05
2021-06-22,-0.010916730747602077
2021-06-23,-0.008291646173540019
2021-06-24,-0.008970020483580463
2021-06-25,-0.0011122315492398064
2021-06-28,0.003018091648826925
2021-06-29,-0.015221215325524156
2021-06-30,-0.001409656581351169
2021-07-01,-0.0023530426658167807
2021-07-02,-0.007406540103968214
2021-07-06,-0.025847759283356486
2021-07-07,-0.010793256041705317
2021-07-08,-0.004263985894707738
2021-07-09,0.0022175471410616253
2021-07-12,-0.01568626412870988
2021-07-13,-0.006903258522536932
2021-07-14,-0.012706037274708393
2021-07-15,-0.008776848576406857
2021-07-16,-0.0173547669812738
2021-07-19,-0.008366561902881283
2021-07-20,0.024376895613239767
2021-07-21,-0.011930384324934974
2021-07-22,-3.0871730091073125e-05
2021-07-23,-0.01713306377404839
2021-07-26,0.00846601647732179
2021-07-27,-0.002639329616414312
2021-07-28,0.0013180184981129994
2021-07-29,-0.007756677127243764
2021-07-30,-0.012269289360891004
2021-08-02,-0.007924735155198637
2021-08-03,-0.015764842152547653
2021-08-04,-0.011506814236669275
2021-08-05,0.004052229996550594
2021-08-06,-0.008135305199267445
2021-08-09,-0.006739218638417308
2021-08-10,-0.01272109805070474
2021-08-11,-0.01560183125024145
2021-08-12,-0.007335430438492729
2021-08-13,-0.009561264120702
2021-08-16,-0.013048299977500991
2021-08-17,-0.012295796261364638
2021-08-18,0.0003484929976949212
2021-08-19,0.0012823078578524166
2021-08-20,-0.010506053244360061
2021-08-23,0.002029585353570976
2021-08-24,-0.013865681911325579
2021-08-25,-0.011794670828466164
2021-08-26,-0.0014474182182586176
2021-08-27,-0.0036863738392268856
2021-08-30,-0.007454653144954249
2021-08-31,-0.004696894520137089
2021-09-01,-0.008363723295376171
2021-09-02,0.0015839018350330457
2021-09-03,-0.006039706536571633
2021-09-07,-0.0047126951655728205
2021-09-08,-0.0003848467167964203
2021-09-09,-0.0025557649378469046
2021-09-10,-0.002610236740181752
2021-09-13,-0.0067018477018563494
2021-09-14,0.0019603349129174268
2021-09-15,-0.010943605623408093
2021-09-16,-0.0084757007822497
2021-09-17,-0.006590332255081233
2021-09-20,-0.004667746707828487
2021-09-21,-0.0008489580001051853
2021-09-22,-0.0029166712820170105
2021-09-23,-0.012822482683865532
2021-09-24,-0.0074063113355644986
2021-09-27,-0.013870745078307004
2021-09-28,-0.013959239606072427
2021-09-29,-0.00689875765088182
2021-09-30,-0.00658070328833229
2021-10-01,-0.008551398458816539
2021-10-04,-0.010476013313551233
2021-10-05,-0.016425621149750998
2021-10-06,-0.015490947507383725
2021-10-07,-0.0018935417210093745
2021-10-08,-0.00575469023739787
2021-10-11,-0.008889461370441207
2021-10-12,-0.01225765039125894
2021-10-13,-0.007891212831387495
2021-10-14,-0.01008670320949119
2021-10-15,-0.008933816630209325
2021-10-18,-0.007828379977763852
2021-10-19,-0.003373945880934665
2021-10-20,-0.009371584793639566
2021-10-21,-0.0057030498641004465
2021-10-22,-0.003460235159102554
2021-10-25,-0.008435583565066934
2021-10-26,-0.00224860399111166
2021-10-27,-0.015974259673709038
2021-10-28,-0.008775110900396102
2021-10-29,-0.01533883458716154
2021-11-01,0.003926431271331551
2021-11-02,-0.0038168841968304924
2021-11-03,-0.009867068611161689
2021-11-04,-0.014016933874102414
2021-11-05,-0.0012782973850731924
2021-11-08,-0.0012003445161360444
2021-11-09,-0.004878685211127596
2021-11-10,-0.005243579405629488
2021-11-11,-0.001988942559120705
2021-11-12,-0.013614441151494225
2021-11-15,-0.0070097941701588624
2021-11-16,-0.0005902805752749322
2021-11-17,-0.003880264136932263
2021-11-18,-0.008631314435112968
2021-11-19,-0.005322731876191056
2021-11-22,-0.009600632885986773
2021-11-23,-0.013585719246466081
2021-11-24,-0.006725618480800673
2021-11-26,-0.0013156273129168133
2021-11-29,-0.09394806150090666
2021-11-30,-0.005634313118611999
2021-12-01,0.0006203423970826075
2021-12-02,0.011492318583286868
2021-12-03,-0.008275506016094725
2021-12-06,-0.004494846885196738
2021-12-07,-0.002020191165265856
2021-12-08,-0.006985271720628719
2021-12-09,-0.00799091524173941
2021-12-10,-0.012137285173690077
2021-12-13,-0.01294751652304128
2021-12-14,-0.009128618198753125
2021-12-15,-0.0056379944889962345
2021-12-16,0.006756975199499705
2021-12-17,0.0011080011938071795
2021-12-20,-0.01130897880573154
2021-12-21,0.003216252139758378
2021-12-22,-0.015615249089581427
2021-12-23,-0.003063000458251768
2021-12-27,-0.009351842048637593
2021-12-28,-0.0023323736955921616
2021-12-29,-0.011699011755848868
2021-12-30,-0.0034385302917518948
2021-12-31,-0.006006712993130731
2022-01-03,0.014007218728636472
2022-01-04,-0.023125737145708453
2022-01-05,-0.01788825353137742
2022-01-06,-0.0003822369331847155
2022-01-07,0.0006463047348953289
2022-01-10,-0.009953424389902543
2022-01-11,-0.010567376336103048
2022-01-12,-0.009925113882505197
2022-01-13,-0.018993369326543986
2022-01-14,0.0027206331772257446
2022-01-18,-0.006032531619318654
2022-01-19,-0.021090823293928657
2022-01-20,-0.01890144851607382
2022-01-21,-0.02166045520705516
2022-01-24,0.0059590619847580024
2022-01-25,-0.0024696797118454288
2022-01-26,-0.011944137745190195
2022-01-27,-0.014887686569074446
2022-01-28,-0.0005850807474216801
2022-01-31,-0.03235430598946848
2022-02-01,-0.01348700638594924
2022-02-02,0.00030051347746851836
2022-02-03,-0.012948726818686461
2022-02-04,0.0011772432144431704
2022-02-07,-0.010892579773167026
2022-02-08,-0.010228915701912235
2022-02-09,-0.01940769233576892
2022-02-10,-0.0017931029467054523
2022-02-11,-0.01711541900951821
2022-02-14,-0.000947985901821915
2022-02-15,0.015122421658853599
2022-02-16,-0.010172314494749292
2022-02-17,0.007525404500595671
2022-02-18,-0.017625608199718545
2022-02-22,-0.006355206421287703
2022-02-23,-0.017330329586476866
2022-02-24,0.03638551347887863
2022-02-25,0.003369505745338005
2022-02-28,-0.013208717981593867
2022-03-01,-0.01427729531496101
2022-03-02,0.0059647000536521
2022-03-03,-0.007454592508960615
2022-03-04,-0.0445878542817414
2022-03-07,-0.055975668800428924
2022-03-08,0.021935517109458784
2022-03-09,-0.03054373294807987
2022-03-10,-0.002090533996533749
2022-03-11,-0.020591343117953305
2022-03-14,-0.023735479698123854
2022-03-15,0.01391037742687319
2022-03-16,-0.0260401804054355
2022-03-17,-0.002027548393957207
2022-03-18,-0.018282569091946203
2022-03-21,0.011896879142264305
2022-03-22,-0.0019225834141851812
2022-03-23,-0.00034880464180780685
2022-03-24,-0.0029825726998589965
2022-03-25,0.0006641615714910749
2022-03-28,0.00375337356022698
2022-03-29,-0.024031176835495337
2022-03-30,-0.0014054353429168564
2022-03-31,-0.01987980670310937
2022-04-01,-0.010647624826773738
2022-04-04,0.0010869110046446773
2022-04-05,0.0037522535030895168
2022-04-06,-0.034596611517258444
2022-04-07,-0.015148083879407713
2022-04-08,-0.015104390627400035
2022-04-11,-0.01232520468544862
2022-04-12,-0.009833528241735225
2022-04-13,-0.005869922457471902
2022-04-14,-0.008041032583570829
2022-04-18,-0.005430613967160191
2022-04-19,-0.007583230553510914
2022-04-20,0.018620423851490056
2022-04-21,-0.026621023132840697
2022-04-22,-0.005960056487717245
2022-04-25,0.002358224419567224
2022-04-26,-0.006782143067754567
2022-04-27,-0.012262285534367446
2022-04-28,-0.006268015980812335
2022-04-29,-0.008810786279492357
2022-05-02,0.013286746912382044
2022-05-03,-0.01254206762943693
2022-05-04,-0.018481495453503038
2022-05-05,0.020931689301204343
2022-05-06,-0.036401402358670766
2022-05-09,-0.016816532016844517
2022-05-10,0.0024020153665345687
2022-05-11,-0.012456610320011488
2022-05-12,-0.012949770919186601
2022-05-13,-0.005759934705956292
2022-05-16,-7.539835692514998e-05
2022-05-17,0.012484718048260336
2022-05-18,-0.0014862767956157485
2022-05-19,-0.007185463827885396
2022-05-20,-0.01225484198664563
2022-05-23,0.0015581036819879678
2022-05-24,0.008106770476803162
2022-05-25,0.005743574209196856
2022-05-26,-0.033859689388688684
2022-05-27,-0.025184616134946065
2022-05-31,-0.004286800531882478
2022-06-01,-0.0032407045310219717
2022-06-02,0.01304383262313619
2022-06-03,0.0028609849424898245
2022-06-06,-0.011191496401754073
2022-06-07,-0.010413918719120258
2022-06-08,-0.010016827085642773
2022-06-09,-0.01518260954888296
2022-06-10,-0.014935960992853377
2022-06-13,-0.02970873055538029
2022-06-14,-0.003412003780845472
2022-06-15,-0.01754010623243944
2022-06-16,0.011220364444324286
2022-06-17,0.004023681304409218
2022-06-21,0.005200113306514623
2022-06-22,-0.009702644401488433
2022-06-23,-0.026377869009294334
2022-06-24,-0.0027741965437638365
2022-06-27,0.007445892038268094
2022-06-28,-0.018937853698036692
2022-06-29,-0.01385290156205829
2022-06-30,-0.015954583103347467
2022-07-01,-0.020346636014932
2022-07-05,-0.015815871547790912
2022-07-06,0.004295703087940273
2022-07-07,-0.01466917972958897
2022-07-08,-0.009667378837431777
2022-07-11,-0.004778375190010018
2022-07-12,0.006595979885560601
2022-07-13,-0.006171384072191545
2022-07-14,-0.014501944391426129
2022-07-15,0.003396280230881347
2022-07-18,-0.018815348894751352
2022-07-19,0.0034691769381986048
2022-07-20,-0.03239017010269992
2022-07-21,0.0001987501637005758
2022-07-22,0.007207481436975112
2022-07-25,-0.011247491372615442
2022-07-26,-0.0030410059730908417
2022-07-27,0.011075933380713044
2022-07-28,-0.018143960521889893
2022-07-29,-0.011506096518505753
2022-08-01,-0.0062403891137775445
2022-08-02,-0.009552103984640573
2022-08-03,-0.0015483596348882965
2022-08-04,-0.021553087437431572
2022-08-05,0.0005298808868524222
2022-08-08,-0.002255137728761989
2022-08-09,-0.014319452223813107
2022-08-10,0.010575167421578224
2022-08-11,-0.010262305985301073
2022-08-12,-0.005600415382401151
2022-08-15,-0.004933022293598174
2022-08-16,-0.0060086054355850405
2022-08-17,0.0005389814596375234
2022-08-18,-0.016701756499762334
2022-08-19,0.003986471806870851
2022-08-22,-0.01546054510269087
2022-08-23,-0.014509656948725067
2022-08-24,-0.01290140905714679
2022-08-25,-0.009196641526475063
2022-08-26,0.0011666750920607469
2022-08-29,-0.01028389599730721
2022-08-30,-0.0053630274080830875
2022-08-31,-0.009853961801706794
2022-09-01,-0.0041543638595664045
2022-09-02,-0.00413830584815553
2022-09-06,-0.010545058226103432
2022-09-07,-0.016199034358843723
2022-09-08,-0.0183713779214362
2022-09-09,-0.00764428437277909
2022-09-12,-0.007246575818633335
2022-09-13,0.0003497771712540152
2022-09-14,-0.012799156005500413
2022-09-15,-0.009815979090574484
2022-09-16,-0.012868044472737247
2022-09-19,-0.00346797745730113
2022-09-20,-0.0036996811741883753
2022-09-21,-0.01701985435271621
2022-09-22,-0.0224291318788329
2022-09-23,-0.014502480840443772
2022-09-26,-0.018867281302517237
2022-09-27,0.006512687474841678
2022-09-28,-0.01885053504376876
2022-09-29,-0.002514200327443498
2022-09-30,-0.026760058497823834
2022-10-03,-0.008617046243913719
2022-10-04,-0.0035297255786065906
2022-10-05,-0.01420370589238373
2022-10-06,-0.01844298024252499
2022-10-07,-0.01514119769021952
2022-10-10,-0.006315976036560565
2022-10-11,-0.020995481554146593
2022-10-12,-0.010541928685828143
2022-10-13,-0.00958451251233449
2022-10-14,-0.001821172120650149
2022-10-17,0.003002227176916325
2022-10-18,0.0020017754790423413
2022-10-19,-0.009125730001175718
2022-10-20,-0.00944862759480148
2022-10-21,-0.009084805681119612
2022-10-24,0.0022140317743035553
2022-10-25,-0.014909503264255459
2022-10-26,0.002872541867484193
2022-10-27,-0.0144863470499504
2022-10-28,-0.002532035991900599
2022-10-31,-0.009812754417593047
2022-11-01,-0.008570910149998239
2022-11-02,-0.022207028892054885
2022-11-03,-0.01990678112310589
2022-11-04,-0.008668572621713612
2022-11-07,-0.02162284831384576
2022-11-08,-0.007807296330374283
2022-11-09,-0.006894498803295071
2022-11-10,0.01319150264260283
2022-11-11,-0.030266370369844562
2022-11-14,-0.00717043625491983
2022-11-15,-0.00653669964758944
2022-11-16,-0.006499105784186519
2022-11-17,-0.0058220117156974355
2022-11-18,-0.0064672972331588354
2022-11-21,-0.012919991174281862
2022-11-22,-0.007652937259397271
2022-11-23,-0.007722931913154008
2022-11-25,-0.00491286325567544
2022-11-28,-0.011484274168058459
2022-11-29,-0.00573944698019665
2022-11-30,0.008226160602479415
2022-12-01,-0.008539287614404308
2022-12-02,-0.011833738467736296
2022-12-05,-0.01586159572820492
2022-12-06,-0.012757753945317625
2022-12-07,-0.0059955353048803854
2022-12-08,-0.012532183136746622
2022-12-09,-0.010273552430436202
2022-12-12,-0.010181693134538365
2022-12-13,0.0020583750986396987
2022-12-14,-0.010989403518005723
2022-12-15,-0.009214881575429056
2022-12-16,-0.00021433032392079165
2022-12-19,-0.014004811856896872
2022-12-20,-0.0034256624671260352
2022-12-21,-0.010014365129245674
2022-12-22,0.006650549097094034
2022-12-23,-0.0076085726652702435
2022-12-27,-0.009446764965812333
2022-12-28,-0.005008901743144081
2022-12-29,-0.001688409354982037
2022-12-30,-0.01038822143116286
2023-01-03,0.0009711843860255621
2023-01-04,-0.020931521861874143
2023-01-05,-0.003797025643944264
2023-01-06,-0.0023286590926005586
2023-01-09,-0.004268999829119591
2023-01-10,-0.012028422782531113
2023-01-11,-0.010450956018583861
2023-01-12,-0.006192358314025667
2023-01-13,-0.007042297576721604
2023-01-17,-0.007577607976144211
2023-01-18,-0.005788375948139338
2023-01-19,0.002399299384883275
2023-01-20,-0.005487542197343379
2023-01-23,-0.01616013923029239
2023-01-24,0.0011163297442944344
2023-01-25,-0.007905717020357356
2023-01-26,-0.003745360089451074
2023-01-27,-0.008727249567964397
2023-01-30,0.0013175105800197389
2023-01-31,-0.0096348145946474
2023-02-01,-0.012785947490169772
2023-02-02,-0.040328439375018746
2023-02-03,0.012836815721689607
2023-02-06,-0.011768567408864616
2023-02-07,0.0015506890553051147
2023-02-08,0.0007299647492856626
2023-02-09,-0.016400137307250685
2023-02-10,-0.0004761927860384117
2023-02-13,0.004303076198776379
2023-02-14,-0.004939794901223876
2023-02-15,-0.007329908628514817
2023-02-16,-0.0029313775983749474
2023-02-17,-0.006920317643155696
2023-02-21,-0.009861461510520414
2023-02-22,-0.004965720125603085
2023-02-23,-0.008849247133753216
2023-02-24,-0.004405558302315174
2023-02-27,-0.004976165546427923
2023-02-28,-0.006993534796233304
2023-03-01,-0.0033200721400144413
2023-03-02,-0.008010701471185969
2023-03-03,-0.0070808300271876885
2023-03-06,-0.006212108911284074
2023-03-07,-0.008668696028247606
2023-03-08,-0.010052122564178997
2023-03-09,-0.010154184969913068
2023-03-10,-0.014416871745306726
2023-03-13,-0.005647948130294966
2023-03-14,-0.000137530570432076
2023-03-15,-0.009541310474515657
2023-03-16,-0.007016950876563578
2023-03-17,-0.015152547626467661
2023-03-20,-0.000454517109992043
2023-03-21,-0.0011667259353040854
2023-03-22,-0.002479581045597797
2023-03-23,-0.01079715760559137
2023-03-24,-0.005511167809749015
2023-03-27,-0.002511800633564233
2023-03-28,-0.008711418827807814
2023-03-29,-8.595131882737066e-05
2023-03-30,-0.009101214346545036
2023-03-31,-0.0060391244387364255
2023-04-03,0.0072108999495029856
2023-04-04,-0.011510323202150483
2023-04-05,-0.007310545258498451
2023-04-06,-0.005718159382418325
2023-04-10,-0.0022469239770050685
2023-04-11,-0.00817477239656052
2023-04-12,-0.005461275890114279
2023-04-13,-0.003407256998580359
2023-04-14,-0.007141905605846566
2023-04-17,-0.006220564205454161
2023-04-18,-0.01244728934707036
2023-04-19,-0.006837324378735011
2023-04-20,-0.006271437602861538
2023-04-21,-0.004066483347270295
2023-04-24,-0.0075906140733359535
2023-04-25,-0.006201963186526226
2023-04-26,-0.005355989095445048
2023-04-27,-0.007309992616032934
2023-04-28,-0.0013859836180583947
2023-05-01,-0.0037519907460716695
2023-05-02,-0.014192443547853963
2023-05-03,-0.0073790878902286125
2023-05-04,-0.000361695327363294
2023-05-05,-0.00973575640473259
2023-05-08,-0.00229183159811786
2023-05-09,-0.003072113270271643
2023-05-10,-0.0015027996481583334
2023-05-11,-0.012026042370056413
2023-05-12,-0.005285787786326445
2023-05-15,-0.0007786134729682991
2023-05-16,-0.006817306848095711
2023-05-17,-0.013227717239439551
2023-05-18,-0.013575409132251425
2023-05-19,-0.0013562273932664613
2023-05-22,-0.005801199021111505
2023-05-23,-0.00901838256179261
2023-05-24,-0.0021902708387262163
2023-05-25,-0.0025119724599879426
2023-05-26,-0.023656483431458854
2023-05-30,-0.010691916270940896
2023-05-31,-0.007593783092194146
2023-06-01,-0.008134407084639472
2023-06-02,-0.0028721242172134905
2023-06-05,-0.004162664901235119
2023-06-06,-0.001040908576602815
2023-06-07,-0.011757926042632729
2023-06-08,0.002830051361994367
2023-06-09,-0.012578885835381753
2023-06-12,-0.007067706372163281
2023-06-13,-0.00805264303037448
2023-06-14,-0.012744482088054586
2023-06-15,-0.004440109885258709
2023-06-16,-0.006143477230766625
2023-06-20,-0.0015703682312947368
2023-06-21,-0.006703685040562452
2023-06-22,-0.005897230006888965
2023-06-23,-0.008068302516899165
2023-06-26,-0.0034021183637022003
2023-06-27,-0.006914166213386129
2023-06-28,-0.007151516099972912
2023-06-29,-0.003758189576451077
2023-06-30,0.0009818405107037318
2023-07-03,0.0030926938819373006
2023-07-05,-0.0020539598275383713
2023-07-06,-0.0049136734652594095
2023-07-07,-0.0065963430022583465
2023-07-10,-0.009696555329017632
2023-07-11,-0.0059412397603479696
2023-07-12,-0.0006788828870750402
2023-07-13,-0.010162261968075221
2023-07-14,-0.008671767551634967
2023-07-17,-0.004083181038828014
2023-07-18,-0.005690895780365012
2023-07-19,-0.006794187495964003
2023-07-20,-0.011880502756793764
2023-07-21,-0.005097115291446472
2023-07-24,-0.004968686928788829
2023-07-25,-0.00040961227075106844
2023-07-26,0.004358700465973269
2023-07-27,-0.009204196995282172
2023-07-28,-0.010057713565891137
2023-07-31,-0.005056401878588753
2023-08-01,-0.009528376292861504
2023-08-02,-0.0009343615419626795
2023-08-03,-0.005123085727309377
2023-08-04,-0.00794725738555413
2023-08-07,-0.012192683682487394
2023-08-08,-0.010866588086677193
2023-08-09,-0.013112813477470413
2023-08-10,-0.004144612186594643
2023-08-11,-0.007857018008670854
2023-08-14,0.0023302395818625274
2023-08-15,-0.006868633601251885
2023-08-16,-0.004703738575353849
2023-08-17,-0.009257849928872894
2023-08-18,-0.0032419204639476534
2023-08-21,-0.009030410332014616
2023-08-22,-0.005998779723826227
2023-08-23,-0.005445801054870361
2023-08-24,-0.0022798341811489558
2023-08-25,-0.0028967013198835474
2023-08-28,-0.0034469949879445366
2023-08-29,-0.008976335888915216
2023-08-30,-0.005242863993410289
2023-08-31,-0.004603657819843477
2023-09-01,-0.007925252737699489
2023-09-05,-0.006824524499456586
2023-09-06,-0.0036547213479268506
2023-09-07,-0.0027227904458521877
2023-09-08,-0.009068714510932132
2023-09-11,-0.006005133321147744
2023-09-12,-0.00196627747608013
2023-09-13,-0.00441693218789526
2023-09-14,-0.007662939640741074
2023-09-15,-0.011145924747772927
2023-09-18,0.0015246432287368723
2023-09-19,-0.006523520750329449
2023-09-20,-0.005094764040352336
2023-09-21,-0.013194872616196686
2023-09-22,0.0011042429735282078
2023-09-25,-0.007606479723927688
2023-09-26,-0.0020214604769987787
2023-09-27,-0.008683890071082277
2023-09-28,-0.009610450031359399
2023-09-29,-0.0016550191497323682
2023-10-02,-0.00276839531015822
2023-10-03,-0.0005123308370479137
2023-10-04,0.0056434903119485375
2023-10-05,-0.01346807066222309
2023-10-06,-0.009451011997392789
2023-10-09,-0.011237571389629247
2023-10-10,0.0035868149186171743
2023-10-11,-0.00784786835314686
2023-10-12,-0.013870649091489228
2023-10-13,-0.008364928138922357
2023-10-16,-0.003943406591734172
2023-10-17,-0.009122925922646866
2023-10-18,-0.0048711159560302815
2023-10-19,-0.015424138500016171
2023-10-20,-0.006361087413366211
2023-10-23,-0.0004568970835874689
2023-10-24,-0.011936241761384365
2023-10-25,0.0028171567355659644
2023-10-26,-0.013683462227813529
2023-10-27,0.003029628972121839
2023-10-30,-0.0010223165263622868
2023-10-31,-0.006132004126269553
2023-11-01,-0.006790693627529695
2023-11-02,0.001558464381505223
2023-11-03,0.0069998119772705205
2023-11-06,-0.0010604186311846762
2023-11-07,-0.013534989827788363
2023-11-08,-0.010422749773557718
2023-11-09,-0.009084302452418643
2023-11-10,-0.006737212917031315
2023-11-13,-0.011346450631261652
2023-11-14,0.007770368294492968
2023-11-15,-0.016324774489880414
2023-11-16,-0.000590166052276981
2023-11-17,0.0026393077815977176
2023-11-20,-0.007882931588460106
2023-11-21,-0.008369547606436739
2023-11-22,-0.004554818857302672
2023-11-24,-0.004211127782237483
2023-11-27,-0.0011870592936912882
2023-11-28,-0.00968014339872151
2023-11-29,-0.007624347926803331
2023-11-30,-0.010249706164656758
2023-12-01,-0.0008342806566963342
2023-12-04,-0.012714427772713649
2023-12-05,-0.002733863991615798
2023-12-06,-0.00501510553884719
2023-12-07,-0.003979837758594393
2023-12-08,-0.007207555377855484
2023-12-11,-0.005745157653414303
2023-12-12,-0.009296121594504957
2023-12-13,0.005709963085298543
2023-12-14,-0.010558395074439241
2023-12-15,-0.005245895254206579
2023-12-18,-0.0036048166758889926
2023-12-19,-0.005222911963793913
2023-12-20,-0.00847126859837358
2023-12-21,-0.007112344478603804
2023-12-22,-0.0072915233986024595
2023-12-26,-0.007631634322291109
2023-12-27,-0.009216562769235256
2023-12-28,-0.007010685941218444
2023-12-29,-0.004963035599273408
2024-01-02,-0.020141650152702195
2024-01-03,-0.011381672572667796
2024-01-04,-0.0007254877685529066
2024-01-05,-0.006101353398973272
2024-01-08,-6.411807837438223e-05
2024-01-09,-0.015419116766494483
2024-01-10,-0.010793633084989011
2024-01-11,-0.00832169857056766
2024-01-12,-0.009333073027451209
2024-01-16,-0.005648317778553121
2024-01-17,-0.006102957716216409
2024-01-18,-0.001621019471990147
2024-01-19,-0.007681839916727922
2024-01-22,-0.006943604048311242
2024-01-23,0.002529630827770816
2024-01-24,0.004381495495187129
2024-01-25,-0.004083613245677827
2024-01-26,-0.008877340939535336
2024-01-29,-0.004214676776453778
2024-01-30,-0.007614039977208244
2024-01-31,-0.007708660395365245
2024-02-01,-0.00829940668640249
2024-02-02,-0.005883935433535923
2024-02-05,-0.014160337832467071
2024-02-06,0.009733008303348611
2024-02-07,-0.006983167498088528
2024-02-08,-0.010154378157447377
2024-02-09,-0.0018000069317841887
2024-02-12,0.002851480483314595
2024-02-13,-0.002899039175233483
2024-02-14,-0.002864337543380697
2024-02-15,0.0008123064349247764
2024-02-16,-0.012459389433888763
2024-02-20,-0.0019556536462365017
2024-02-21,-0.008461097491497014
2024-02-22,0.013565160606828509
2024-02-23,-0.0022838935527254157
2024-02-26,-0.004066125113799277
2024-02-27,-0.0018364437678694496
2024-02-28,-0.005674427058440989
2024-02-29,0.007739318943995895
2024-03-01,-0.0143161758512538
2024-03-04,-0.008070635588346003
2024-03-05,-0.004041561262363263
2024-03-06,-0.0048446859235331055
2024-03-07,-0.0056670004308833994
2024-03-08,0.004701933561684244
2024-03-11,-0.012859605688099565
2024-03-12,0.006742173164983685
2024-03-13,0.0041744585234542025
2024-03-14,-0.012767372369841788
2024-03-15,0.0012335198913130917
2024-03-18,-0.0007593941753459279
2024-03-19,-0.00673062971192971
2024-03-20,0.005715223370838105
2024-03-21,-0.009419642928145785
2024-03-22,0.00012096699754834614
2024-03-25,-0.0031332759055972058
2024-03-26,-0.007054177254440626
2024-03-27,-0.005020680470900102
2024-03-28,-0.008671598955766127
2024-04-01,0.0030805880900683473
2024-04-02,-0.0028663312886262372
2024-04-03,-0.0077162632416143805
2024-04-04,-0.005396082215715211
2024-04-05,-0.003978871635402078
2024-04-08,-0.0013583475922688895
2024-04-09,-0.009533926875543754
2024-04-10,0.0033239429862346242
2024-04-11,-0.004600748863177635
2024-04-12,0.0032573679914954705
2024-04-15,-0.011752840635177628
2024-04-16,-0.002642538365987738
2024-04-17,-0.0027073546687247877
2024-04-18,-0.01386102355745201
2024-04-19,-0.02521855776351596
2024-04-22,-0.00132020169792193
2024-04-23,-0.005033040125284662
2024-04-24,-0.0021523399462780425
2024-04-25,-0.006411463314873863
2024-04-26,0.005083276164756801
2024-04-29,-0.002317870150966372
2024-04-30,-0.008017788967784517
2024-05-01,-0.002409889921838196
2024-05-02,-0.0007722878125107167
2024-05-03,-0.005161266488370329
2024-05-06,-0.004429280842414941
2024-05-07,-0.0029842927443611868
2024-05-08,0.00020690083122589398
2024-05-09,-0.009260830444447506
2024-05-10,-0.004584395354195914
2024-05-13,0.004987905706175349
2024-05-14,-0.004793721516963803
2024-05-15,-0.0068519766058846
2024-05-16,-0.00013844248338063057
2024-05-17,-0.004604228520526445
2024-05-20,-0.002669205046251862
2024-05-21,-0.0005470267947816419
2024-05-22,-0.009441871211222449
2024-05-23,-0.003867477698259806
2024-05-24,-0.004099570725859188
2024-05-28,-0.005791429229136858
2024-05-29,-0.0021972677355578916
2024-05-30,0.004122626790835671
2024-05-31,-0.013239580430743712
2024-06-03,0.0013905502003275418
2024-06-04,-0.012264869122935946
2024-06-05,0.0007194034522783567
2024-06-06,-0.004295362715672226
2024-06-07,-0.0008090341615178513
2024-06-10,-0.0025832502440502865
2024-06-11,-0.0069362553340131215
2024-06-12,-0.003823268625243382
2024-06-13,-0.005825938429319784
2024-06-14,-0.008252452806315383
2024-06-17,-0.002335372595705393
2024-06-18,-0.005846112584413036
2024-06-20,0.002898113826584423
2024-06-21,-0.009158824322788802
2024-06-24,-0.002779432154116232
2024-06-25,0.008053002073859731
2024-06-26,-0.0031681807558743957
2024-06-27,-0.004103443367504811
2024-06-28,-0.002688683937088598
2024-07-01,-0.001243324717518755
2024-07-02,-0.00793752379930854
2024-07-03,0.0005385920896733582
2024-07-05,0.0022709791453878816
2024-07-08,-0.0016595024685521105
2024-07-09,-0.007765827983581219
2024-07-10,-0.0014283269208388515
2024-07-11,-0.009904668194693166
2024-07-12,-0.012626985272969085
2024-07-15,-0.001558444107862678
2024-07-16,-0.0064433095922360635
2024-07-17,-0.022149405567073017
2024-07-18,-0.002496256278472609
2024-07-19,0.00620445168158306
2024-07-22,0.0024796872637987064
2024-07-23,-0.00852968530440829
2024-07-24,-0.003736480846696781
2024-07-25,-0.02159901747209761
2024-07-26,-0.021281049864637358
2024-07-29,-0.005478680543605017
2024-07-30,-0.010579807100695886
2024-07-31,0.025916550153445204
2024-08-01,0.008849421626302027
2024-08-02,-0.0491861614522337
2024-08-05,-0.003911637597257958
2024-08-06,-0.004913481894390369
2024-08-07,-0.003781812326859737
2024-08-08,0.011238018156097415
2024-08-09,-0.01106561287805679
2024-08-12,-0.0032923158059951275
2024-08-13,-0.00350210010162036
2024-08-14,-0.0034970876716704596
2024-08-15,0.016425188180993953
2024-08-16,-0.005298557438688751
2024-08-19,-0.0014000782654563049
2024-08-20,-0.009065535380893656
2024-08-21,-0.00451612765345466
2024-08-22,-0.007073194055364262
2024-08-23,0.0013290569306786196
2024-08-26,-0.008641625020360578
2024-08-27,-0.006161365907700599
2024-08-28,-0.009387672507779493
2024-08-29,-0.004512924512730804
2024-08-30,-0.0037221203489090373
2024-09-03,0.0009416780818798801
2024-09-04,-0.010940789383176492
2024-09-05,0.004642469807394349
2024-09-06,-0.006647503907840294
2024-09-09,-0.005583924715535388
2024-09-10,-0.004843248838146361
2024-09-11,-0.007762503201729854
2024-09-12,-0.003714813168774236
2024-09-13,0.001791262686878577
2024-09-16,-0.0020933847594549826
2024-09-17,9.252440231736613e-05
2024-09-18,-0.009250830804721053
2024-09-19,0.0009883877115993952
2024-09-20,0.004072915668218395
2024-09-23,-0.0015261842516134591
2024-09-24,-0.00300195093896052
2024-09-25,-0.008524618675564942
2024-09-26,-0.009342842891636567
2024-09-27,0.0011545968484399788
2024-09-30,-0.007124449227426153
2024-10-01,-0.007739461946261004
2024-10-02,-0.004033959601707007
2024-10-03,-0.00927891026643283
2024-10-04,-0.0014472466229111633
2024-10-07,-0.008298310766662367
2024-10-08,0.004510311874263313
2024-10-09,-0.008810139917988976
2024-10-10,-0.0014833649182653067
2024-10-11,-0.0006796628608734855
2024-10-14,-0.006113544579122074
2024-10-15,0.004642498279119394
2024-10-16,-0.005147373166387852
2024-10-17,-0.009031056788067643
2024-10-18,-0.0016499919227320947
2024-10-21,-0.007575760928722102
2024-10-22,0.005302233322558551
2024-10-23,0.0007441238726879126
2024-10-24,-0.0005998539589280923
2024-10-25,-0.009022475959242637
2024-10-28,0.0012195699378789622
2024-10-29,0.001055981003475908
2024-10-30,-0.0029957557866849734
2024-10-31,-0.011743107842365142
2024-11-01,-0.0015951205661435177
2024-11-04,-0.004547794344712332
2024-11-05,-0.0021943082722375986
2024-11-06,-0.017994950288916057
2024-11-07,0.001922000417656976
2024-11-08,-0.006511150322078085
2024-11-11,-0.019393464682614662
2024-11-12,-0.008070328848086946
2024-11-13,-0.010800990811801693
2024-11-14,-0.0021127714080481255
2024-11-15,-0.0010944709232202031
2024-11-18,0.0027767002690920525
2024-11-19,0.002092220852492847
2024-11-20,-0.008495496913155594
2024-11-21,-0.01261085404690512
2024-11-22,-0.002594051839573538
2024-11-25,-0.010148245719873482
2024-11-26,3.989208611028007e-05
2024-11-27,-0.0006630800807273423
2024-11-29,-0.001400565235646259
2024-12-02,-0.00611424037559037
2024-12-03,-0.0026645828676708956
2024-12-04,-0.016206130752392738
2024-12-05,-0.0011409623956317528
2024-12-06,-0.006264841344952061
2024-12-09,-0.0023119826526083204
2024-12-10,-0.0016210394555284018
2024-12-11,-0.002330513553617809
2024-12-12,-0.0001152542062066008
2024-12-13,0.0023762853304032288
2024-12-16,-0.006112319700887177
2024-12-17,-0.0037074816154629973
2024-12-18,-0.006187190747243263
2024-12-19,-0.001859307593734036
2024-12-20,-0.007436897284529755
2024-12-23,-0.0012744296322839037
2024-12-24,-0.0031220691833988654
2024-12-26,-0.004262074624529764
2024-12-27,-0.007513840495551618
2024-12-30,-0.00477541093704322
2024-12-31,-0.009294618414283647
2025-01-02,-0.003623732073847587
2025-01-03,-0.003532407366623307
2025-01-06,0.0023413153261298116
2025-01-07,0.0005274338918714793
2025-01-08,-0.019255630175343846
2025-01-10,0.007728290958658467
2025-01-13,-0.009066018473051822
2025-01-14,-0.004764914986914599
2025-01-15,-0.0024729374291378027
2025-01-16,-0.004027447817708988
2025-01-17,0.007620441959060274
2025-01-21,-0.0005756643566630559
2025-01-22,-0.012231728115925515
2025-01-23,-0.006260465289497066
2025-01-24,-0.00617148428860061
2025-01-27,-0.03862999747819334
2025-01-28,0.000783448216941064
2025-01-29,-0.003234265962257527
2025-01-30,-0.02061499490044959
2025-01-31,-0.007465034464072373
2025-02-03,0.0064405326468156
2025-02-04,-0.0017624589036991517
2025-02-05,-0.008185857136035911
2025-02-06,-0.004390603317239272
2025-02-07,0.0004766753336151565
2025-02-10,-0.0023421440121378315
2025-02-11,-0.0024398865811259443
2025-02-12,0.01119486721981831
2025-02-13,0.010831615555815575
2025-02-14,0.005917224372002372
2025-02-18,0.004246572654126338
2025-02-19,3.123738812257741e-05
2025-02-20,-0.009882907212724923
2025-02-21,-0.013125888754023141
2025-02-24,-0.023589829329246595
2025-02-25,-0.023341949312199472
2025-02-26,0.0009351176641764847
2025-02-27,0.010846344316507706
2025-02-28,-0.006858370186307892
2025-03-03,-0.0002006323119769001
2025-03-04,-0.007920793725795912
2025-03-05,-0.011169704089375626
2025-03-06,0.003790893250146636
2025-03-07,0.001943529288159311
2025-03-10,-0.0009249963085819434
2025-03-11,0.002865634812315417
2025-03-12,-0.023599893502063495
2025-03-13,0.01699243967757689
2025-03-14,0.00604241142803421
2025-03-17,-0.0036505663241680805
2025-03-18,-0.005062923517286043
2025-03-19,0.002026663928781178
2025-03-20,-0.0031001785314643095
2025-03-21,-0.004166480775246106
2025-03-24,-0.0081972140601759
2025-03-25,-0.004924899742588227
2025-03-26,-0.016303258088610377
2025-03-27,-0.018875240206852557
2025-03-28,-0.013050107110450127
2025-03-31,-0.006349444600766436
2025-04-01,-0.007736160231219806
2025-04-02,-0.012559510523644683
2025-04-03,0.02256932674302544
2025-04-04,-0.017230556243812527
2025-04-07,-0.0013945357870300194
2025-04-08,-0.01435317194259955
2025-04-09,0.043473969362266655
2025-04-10,-0.00978953840967486
2025-04-11,-0.0068323003432915926
2025-04-14,-0.004345321509524223
2025-04-15,0.0022568454242142986
2025-04-16,-0.00018739405644282265
2025-04-17,-0.017057018154198543
2025-04-21,-0.007618414099335694
2025-04-22,-0.011387543763610385
2025-04-23,-0.00610686533872245
2025-04-24,-0.005785009251708054
2025-04-25,-0.0053462142630748884
2025-04-28,-0.004800492817147417
2025-04-29,-0.010420429011479968
2025-04-30,-0.015849582912935062
2025-05-01,0.012220757310661232
2025-05-02,-0.0009200308754141345
2025-05-05,-0.011474234079855743
2025-05-06,-0.0056262097819113135
2025-05-07,-0.006017193638005408
2025-05-08,0.006258525951306508
2025-05-09,-0.0005875283674511601
2025-05-12,0.022286979754927088
2025-05-13,0.014665962385296428
2025-05-14,-0.0007199518464148921
2025-05-15,-0.0206805919364827
2025-05-16,-0.00924298415780745
2025-05-19,-0.0147743305795867
2025-05-20,-0.012399897727841502
2025-05-21,-0.0020134640241030663
2025-05-22,0.0003912443630624601
2025-05-23,-0.005145046323325441
2025-05-27,0.012284443400452242
2025-05-28,-0.006341893012659948
2025-05-29,-0.006165961701663212
2025-05-30,-0.005847349602735136
2025-06-02,0.001578791126303479
2025-06-03,-0.002157844502752433
2025-06-04,-0.005924280277721034
2025-06-05,-0.014568640853927077
2025-06-06,-0.005681882208485712
2025-06-09,0.0004042999688356453
2025-06-10,-0.005545338085335951
2025-06-11,-0.003650286902715797
2025-06-12,-0.0032875815386608294
2025-06-13,-0.002302079552985259
2025-06-16,0.012227771892674759
2025-06-17,-0.006677167605653519
2025-06-18,0.00407534241747991
2025-06-20,-0.008259443291852641
2025-06-23,-0.012237484829914944
2025-06-24,0.0003368948751283959
2025-06-25,-0.0012314576940790664
2025-06-26,0.001063332220361327
2025-06-27,-0.00796434806207459
2025-06-30,-0.0063312174013744225
2025-07-01,0.0009888434677515381
2025-07-02,0.008965571877059335
2025-07-03,-0.00841432418266249
2025-07-07,-0.012232281099267352
2025-07-08,0.004271278341513811
2025-07-09,-4.248536017997535e-05
2025-07-10,0.007195962778182762
2025-07-11,-0.0027291437411752746
2025-07-14,-0.008760916476090907
2025-07-15,-0.00013282773470723545
2025-07-16,-0.0014722712003605318
2025-07-17,0.0060183420442565735
2025-07-18,-0.001716662611327286
2025-07-21,-0.006193776941543821
2025-07-22,-0.008337944252228505
2025-07-23,-0.008554833221761019
2025-07-24,0.0014807070967867136
2025-07-25,0.0015035708307880131
2025-07-28,-0.0022683798735220356
2025-07-29,-0.004234769039008809
2025-07-30,-0.0069650316182893425
2025-07-31,0.0012249790834251324
2025-08-01,-0.011002683152432868
2025-08-04,0.006605741976498254
2025-08-05,0.004388613503165843
2025-08-06,-0.0049697946428677465
2025-08-07,0.015597585692261808
2025-08-08,-0.0069083209666868945
2025-08-11,-0.00078953782112153
2025-08-12,-0.004304499848478161
2025-08-13,-0.011303420797225563
2025-08-14,-0.0008255111791144235
2025-08-15,-0.010991155506227094
2025-08-18,-0.004907541185504035
2025-08-19,-0.0015602824106671774
2025-08-20,-0.01670493688852775
2025-08-21,-0.0051297271673723
2025-08-22,0.00457604941439077
2025-08-25,-0.0013648528925197462
2025-08-26,-0.009342372781443922
2025-08-27,-2.574811719257891e-05
2025-08-28,-0.007099345926404499
2025-08-29,0.0029011855195867253
2025-09-02,-0.007822253989817014
2025-09-03,0.004400747989717069
2025-09-04,-0.007066444192973739
2025-09-05,-0.0029577411961435613
2025-09-08,-0.005889754422814994
2025-09-09,-0.0013660073743924778
2025-09-10,-0.0025583946810547108
2025-09-11,-0.006108872723785366
2025-09-12,0.001882677975695076
2025-09-15,0.004978497015912899
2025-09-16,-0.003608402550054998
2025-09-17,-0.011198579234808596
2025-09-18,0.013198900171774905
2025-09-19,-0.0012007431685847592
2025-09-22,-0.004673924772608771
2025-09-23,-0.0012045748192174772
2025-09-24,-0.009211560983301437
2025-09-25,0.0037241871506626624
2025-09-26,-0.0027428005690169274
2025-09-29,-0.005653012642565024
2025-09-30,-0.011627336858214755
2025-10-01,0.004090745753097849
2025-10-02,-0.009705059787740748
2025-10-03,-0.005632890263906582
2025-10-06,0.010278589534722842
2025-10-07,-0.003365606578880469
2025-10-08,0.007899198956469573
2025-10-09,-0.010533448697420029
2025-10-10,-0.024951681131623223
2025-10-13,0.005366759103245173
2025-10-14,-0.012548459703867086
2025-10-15,0.011791064744312008
2025-10-16,-0.007708616979401157
2025-10-17,-0.010259610464405617
2025-10-20,0.002147598214982561
2025-10-21,-0.005324629913362132
2025-10-22,-0.011670563829336442
2025-10-23,-0.003836668193273145
2025-10-24,-0.00246910748881305
2025-10-27,-7.054701290620585e-05
2025-10-28,-0.00660674141503817
2025-10-29,0.013712540423138473
2025-10-30,-0.011933841693552077
2025-10-31,0.0009053208762731949
2025-11-03,0.0018740817006530257
2025-11-04,-0.022407476939624395
2025-11-05,0.008721521164068219
2025-11-06,-0.005415695440634858
2025-11-07,-0.01039424170788519
2025-11-10,0.011830564385426167
2025-11-11,0.0047859304538114475
2025-11-12,-0.004701422514775278
2025-11-13,-0.0028298651737435404
2025-11-14,-0.00689872558511595
2025-11-17,-0.0034778758398130638
2025-11-18,0.0005066796370987838
2025-11-19,-0.006824191483553449
2025-11-20,-0.003405416648483898
2025-11-21,-0.011587486034576159
2025-11-24,-0.0036661429901039613
2025-11-25,0.0033733381598970236
2025-11-26,0.003859655035907114
2025-11-28,-0.004751393227295249
2025-12-01,-0.004240369308996105
2025-12-02,-0.005194848715021459
2025-12-03,-0.0026512665088726144
2025-12-04,-0.0033641550439138684
2025-12-05,5.474850039841354e-05
2025-12-08,-0.0034500506523862154
2025-12-09,-0.0006232518102809205
2025-12-10,0.0004286711089388417
2025-12-11,-0.010048385256854923
2025-12-12,-0.015561981594616523
2025-12-15,-0.008189103312656746
2025-12-16,-0.001607798117493378
2025-12-17,0.0068007007152906945
2025-12-18,0.005576938900152168
2025-12-19,-0.008107012034115745
2025-12-22,-0.005451289693220812
2025-12-23,-0.007928005613020685
2025-12-24,-0.0014448600837819378
2025-12-26,-0.007182716520298131
2025-12-29,-0.006936590660003394
2025-12-30,-0.004981687808625448
2025-12-31,-0.004500042721078819
2026-01-02,-0.004067359164530439
2026-01-05,-0.009108806029237214
2026-01-06,0.004495979691488289
2026-01-07,-0.010560492982934499
2026-01-08,0.00514620006978265
2026-01-09,0.005032333519543118
2026-01-12,-0.01706308263888119
2026-01-13,-0.019386205751429866
2026-01-14,-0.01201814522914793
2026-01-15,0.001623597566016403
2026-01-16,-0.013789456899043847
2026-01-20,0.0005651202285954721
2026-01-21,-0.02006667933175798
2026-01-22,-0.007578182577686117
2026-01-23,-0.004567314309428735
2026-01-26,-0.002779736060434285
2026-01-27,-0.016688824923370052
2026-01-28,-0.009548104035948125
2026-01-29,-0.008997369008126511
2026-01-30,-0.005388551476748933
2026-02-02,-0.004835553470513246
2026-02-03,-0.027875638645172153
2026-02-04,-0.009707753813583152
2026-02-05,-0.003084852526961805
2026-02-06,0.00951199577234081
2026-02-09,-0.021172389843819583
2026-02-10,-0.009897719357985047
2026-02-11,-0.011199722642090435
2026-02-12,-0.025917060423731233
2026-02-13,3.686251839832375e-05
2026-02-17,-0.004482580501769677
2026-02-18,-0.005393364395815019
2026-02-19,-0.00040038182632111223
2026-02-20,-0.006951454841852844
2026-02-23,-0.003822707342193071
2026-02-24,0.0029745939046965392
2026-02-25,-0.009521893590363279
2026-02-26,-0.006918728797903234
2026-02-27,0.0022040095479191934
2026-03-02,-0.009984165525671555
2026-03-03,-0.013301371665463406
2026-03-04,-0.0009898554581280784
2026-03-05,-0.01694255376800038
2026-03-06,-0.011936000948815285
2026-03-09,0.015798327469375872
2026-03-10,-0.016122364828018886
2026-03-11,-0.008519242133871504
2026-03-12,-0.0057608948268925994
2026-03-13,-0.009104149627818291
2026-03-16,-0.008274976243974656
2026-03-17,-0.016170704914092487
2026-03-18,-0.010962222657938071
2026-03-19,-0.007147610280402226
2026-03-20,-0.003692009616873851
2026-03-23,0.0007779076219271768
2026-03-24,-0.011648264332534356
2026-03-25,-0.012533716004003713
2026-03-26,0.0021691385152485722
2026-03-27,-0.006271898114102815
2026-03-30,0.006506931204973235
2026-03-31,0.02040471546558846
2026-04-01,-0.031067817534616488
2026-04-02,0.002574985539640056
2026-04-06,-0.004010030878110288
2026-04-07,-0.009183154570382787
2026-04-08,-0.007568443893168007
2026-04-09,-0.0336610602011873
2026-04-10,-0.01915335764217471
2026-04-13,0.0034843874925159285
2026-04-14,-0.00999074092660315
2026-04-15,-0.016975723653007823
2026-04-16,-0.003591922732795522
2026-04-17,0.008362888692667821
2026-04-20,-0.010752311963664538
2026-04-21,-0.014239158071241896
2026-04-22,-0.010479454261970821
2026-04-23,0.0015524100088968188
2026-04-24,0.008873287462179273
2026-04-27,-0.010106570017604226
2026-04-28,-0.006222764966663215
2026-04-29,0.0002574081371689227
2026-04-30,-0.0005817874724916416
2026-05-01,-0.00023517159690800843
2026-05-04,-0.017891379535116977
2026-05-05,0.00048154547539495506
2026-05-06,-0.026327995710014852
2026-05-07,0.019472661396329215
2026-05-08,0.010745520427148453
2026-05-11,-0.02605018896053682
2026-05-12,0.005290481979759768
2026-05-13,-0.010183187523294635
2026-05-14,-0.00024396748403958737
2026-05-15,-0.011600537320944428
2026-05-18,-0.03351794686023606
2026-05-19,-0.0072615107794109564
2026-05-20,0.01278565188211413
2026-05-21,-0.01971547428574008
2026-05-22,-0.01297012018946368
2026-05-26,-0.009528465892165376
2026-05-27,-0.004913022472538756
2026-05-28,-0.018016319872345005
2026-05-29,-0.04314481693336276
2026-06-01,-0.03668750920200448
2026-06-02,0.007227180800335755
2026-06-03,-0.023947377817101205
2026-06-04,-1.3315054187642075e-05
2026-06-05,-0.03445234091265701
2026-06-08,0.018319283051033565
2026-06-09,0.002401464466810041
2026-06-10,-0.024851412288312107
2026-06-11,0.023644617515934843
2026-06-12,-0.013978106282672568
2026-06-15,-0.007364339662167804
2026-06-16,0.003493578176971622
2026-06-17,-0.006591418534194743
2026-06-18,-0.015804147648405233
2026-06-22,-0.010775476189811024
2026-06-23,0.020314791897910828
2026-06-24,-0.01864597868204479
2026-06-25,-0.004953384854278496
2026-06-26,0.02705579332524028
2026-06-29,0.0010566606200450917
2026-06-30,-0.02176556098487535
2026-07-01,0.013670551787148454
2026-07-02,-0.03568058833812606
2026-07-06,0.014968018777708378
2026-07-07,0.017383152375654878
2026-07-08,0.002417131903325341
2026-07-09,-0.01098486461243031
2026-07-10,-0.004629441962887072
2026-07-13,-0.006025980303468901
2026-07-14,0.017074662142993503
2026-07-15,0.005082582222724622
2026-07-16,-0.021096753039903392
2026-07-17,-0.003377848116762238
2026-07-20,-0.001825681901190008
2026-07-21,-0.009954466725303056
2026-07-22,-0.022760151220200784
2026-07-23,-0.02373612205053907
2026-07-24,0.001373237425817052
2026-07-27,-0.03168149950093462
2026-07-28,-0.048750872563508026
2026-07-29,-0.038280330289542544
2026-07-30,0.051763280342793136
2026-07-31,-0.015595601530982887
2026-08-03,-0.011601569038730329
2026-08-04,-0.022372394718090587
2026-08-05,0.0045212888983159885
2026-08-06,-0.01764536125172847
2026-08-07,-0.004343128264064216
2026-08-10,-0.007856868845763455
2026-08-11,-0.0036187219954963387
2026-08-12,-0.012127218953081012
2026-08-13,0.002605683669078109
