,0
2006-01-03,0.00965426132706565
2006-01-04,0.005044721392509646
2006-01-05,0.008456655965676938
2006-01-06,0.007946320865512472
2006-01-09,-0.0033993239561760243
2006-01-10,0.0018640942996705778
2006-01-11,0.005887870068780551
2006-01-12,-0.0030879034109368474
2006-01-13,0.0028838645544314663
2006-01-17,-0.0011102788887696004
2006-01-18,-0.008591768999680801
2006-01-19,0.008903016445739521
2006-01-20,-0.003114119929795973
2006-01-23,-0.0022259341156555777
2006-01-24,-0.001571632401764366
2006-01-25,0.007081605974286054
2006-01-26,-0.0010226943336401003
2006-01-27,-0.00026187832322575926
2006-01-30,0.0011223841304695583
2006-01-31,-0.0014005600134550232
2006-02-01,0.006164200070603884
2006-02-02,-0.0028803149654019326
2006-02-03,-0.004564115923402912
2006-02-06,-0.0007641411189257622
2006-02-07,0.006457726568125463
2006-02-08,0.004240384494489177
2006-02-09,-0.006123834140638149
2006-02-10,-0.0019824667163307556
2006-02-13,-0.0032735925444831717
2006-02-14,0.001691010994979382
2006-02-15,0.0022733539582115965
2006-02-16,0.006582695334987931
2006-02-17,0.002714597360327925
2006-02-21,-0.0017464274740215048
2006-02-22,-0.005151079642748511
2006-02-23,-0.0025634566130415485
2006-02-24,-6.563162022859614e-05
2006-02-27,0.0010817519448301086
2006-02-28,0.0008242095105517189
2006-03-01,0.003659624435587005
2006-03-02,0.0036452316085383964
2006-03-03,-0.001988599856250118
2006-03-06,-0.0006362526721128468
2006-03-07,-0.005615319344863123
2006-03-08,-0.0010286387667213506
2006-03-09,-0.0037744802987864107
2006-03-10,-0.004239640785578764
2006-03-13,0.0025964752592989096
2006-03-14,0.0005863185144985624
2006-03-15,-0.0011691125820222966
2006-03-16,-0.006420450843390548
2006-03-17,-0.00017058693495854537
2006-03-20,0.004132217539274802
2006-03-21,0.004817023037764829
2006-03-22,-0.0028582170590334514
2006-03-23,-0.0006387402118624531
2006-03-24,-0.0002622035988172584
2006-03-27,0.0017912918311762175
2006-03-28,-0.0023121044401484044
2006-03-29,0.006170786645497767
2006-03-30,0.00215325111614092
2006-03-31,-0.0016334704357331966
2006-04-03,0.004652636665657864
2006-04-04,-0.0014756258453357712
2006-04-05,0.002662336638188585
2006-04-06,-0.0018599696503989053
2006-04-07,-0.0029304415168896745
2006-04-10,-0.0009537075737098786
2006-04-11,0.001182829062033582
2006-04-12,0.003500305421772106
2006-04-13,-1.4225584172946975e-05
2006-04-17,-0.006088872480325591
2006-04-18,-0.002219245671824918
2006-04-19,0.0035138256574779366
2006-04-20,0.0005989715984617287
2006-04-21,-0.004992812708613827
2006-04-24,-0.004441265460651651
2006-04-25,0.005791937407402183
2006-04-26,-0.0033925322391491846
2006-04-27,0.013946923174016237
2006-04-28,-0.004404473607892251
2006-05-01,-0.0005594357748912844
2006-05-02,-0.0011391356297125613
2006-05-03,0.0005655612412183341
2006-05-04,0.003333087231728517
2006-05-05,-0.004361691878925133
2006-05-08,-0.0006620575356785892
2006-05-09,0.001046110157705156
2006-05-10,-0.007531795252919528
2006-05-11,-0.0025893773417338456
2006-05-12,0.0026603505680474464
2006-05-15,-0.0001653537035448904
2006-05-16,0.0016679442014572265
2006-05-17,0.0008442711242165048
2006-05-18,-0.006857774260776475
2006-05-19,0.0025215848986619776
2006-05-22,-0.002788713192534856
2006-05-23,0.000933930927629503
2006-05-24,0.00542647323805025
2006-05-25,0.008917128786071194
2006-05-26,0.0038681065910803176
2006-05-30,-0.007366116216096437
2006-05-31,0.0010292578039060732
2006-06-01,0.0008927951981662194
2006-06-02,0.0006837234418130703
2006-06-05,6.445695222210837e-05
2006-06-06,0.0012015747547385982
2006-06-07,-0.008055311731632497
2006-06-08,-0.003987665472603102
2006-06-09,-0.002301535667638979
2006-06-12,0.0010840308740080824
2006-06-13,0.0003327266082946058
2006-06-14,0.0016576924561111461
2006-06-15,0.003453752058020607
2006-06-16,-0.002115379101592878
2006-06-19,-0.0016708915555207473
2006-06-20,0.0005938947337108522
2006-06-21,-0.0005697989626215719
2006-06-22,-0.0011246611402765008
2006-06-23,-0.0012725191572350403
2006-06-26,0.0009365213046358558
2006-06-27,-0.00036110963673111697
2006-06-28,0.00257836829042547
2006-06-29,0.002192500924592669
2006-06-30,-0.0013522003040027772
2006-07-03,0.0016056890108602064
2006-07-05,-0.002411583342890812
2006-07-06,-0.004152945260929648
2006-07-07,0.00019207964619197542
2006-07-10,-0.007490203296209754
2006-07-11,0.005327137540100863
2006-07-12,-0.004006912978637639
2006-07-13,0.0006791810406410845
2006-07-14,0.0017567341499275238
2006-07-17,0.0013891703980325686
2006-07-18,0.006854115396783903
2006-07-19,-0.010051408974685795
2006-07-20,0.0007009816391697564
2006-07-21,-0.006304132350576815
2006-07-24,-0.0022979453405940473
2006-07-25,-0.0010372231866163533
2006-07-26,0.004526640461203185
2006-07-27,0.00857985194466003
2006-07-28,0.002591727313075815
2006-07-31,0.0018103198235069162
2006-08-01,-0.007764778193432165
2006-08-02,0.0035564893656026522
2006-08-03,-0.0006165197282046982
2006-08-04,-0.0012841454236520579
2006-08-07,-0.0004996940274082617
2006-08-08,0.003204995321475352
2006-08-09,0.013476503479554525
2006-08-10,-0.003143568870304145
2006-08-11,2.2182842396495183e-05
2006-08-14,0.006125624730486764
2006-08-15,0.004281956758551117
2006-08-16,0.002795708403922232
2006-08-17,0.0026571175202946408
2006-08-18,0.00244326288221211
2006-08-21,-0.0004092160885936515
2006-08-22,0.005963085097376992
2006-08-23,0.0016220877900274375
2006-08-24,0.0008875175887806454
2006-08-25,0.002712168051532902
2006-08-28,-0.0023384303767114544
2006-08-29,0.004884990473936917
2006-08-30,0.005108411602490678
2006-08-31,-0.0035468914897413438
2006-09-01,-0.0024347081051871687
2006-09-05,0.0030081956866101437
2006-09-06,-0.009161561939670984
2006-09-07,-0.0005955643085808737
2006-09-08,-0.0022225240673113553
2006-09-11,-0.002598892855785834
2006-09-12,0.0011110816872604765
2006-09-13,-0.0007470760076465951
2006-09-14,-0.0014514590820140735
2006-09-15,-0.006864061607233059
2006-09-18,0.0014393167854085099
2006-09-19,-0.010094652289317788
2006-09-20,0.004887895205246237
2006-09-21,0.003725113469545045
2006-09-22,-0.0018211054086384219
2006-09-25,0.001974403287897075
2006-09-26,0.002212899820440455
2006-09-27,0.0012774844247486824
2006-09-28,0.0016864511282344888
2006-09-29,0.0034390619152348295
2006-10-02,-0.005487167246325546
2006-10-03,-0.008461683327316233
2006-10-04,0.002612223749454006
2006-10-05,-0.0015417874818387369
2006-10-06,0.0004304201015150611
2006-10-09,-0.0038232271816722356
2006-10-10,-0.001494062360022796
2006-10-11,0.0032967066922653353
2006-10-12,0.0006568453453815962
2006-10-13,0.008856921634549264
2006-10-16,-0.0015991973898467628
2006-10-17,-0.004286122983111753
2006-10-18,-0.007250934399493196
2006-10-19,0.006583235383742445
2006-10-20,0.00038478167658147493
2006-10-23,0.0010912036127693956
2006-10-24,-0.003122228202298553
2006-10-25,0.01115934091332429
2006-10-26,0.000438886147713949
2006-10-27,-0.0007846231006905311
2006-10-30,-0.0018590587553570458
2006-10-31,0.002552089536299806
2006-11-01,-0.0021348501818794254
2006-11-02,0.0010852754903492006
2006-11-03,0.0030671393613175384
2006-11-06,-0.0003037258616401192
2006-11-07,0.002076704768852018
2006-11-08,-0.0014008524981299927
2006-11-09,0.004170496406573765
2006-11-10,-0.004218885155569274
2006-11-13,0.005733351119976531
2006-11-14,0.0020956353750259016
2006-11-15,-0.002402764380248229
2006-11-16,-0.003998286699543157
2006-11-17,0.0008225050418649003
2006-11-20,0.0002369556492130391
2006-11-21,-0.0016930394522379714
2006-11-22,0.0005827310831660816
2006-11-24,5.334092454343312e-05
2006-11-27,-0.002701470027725795
2006-11-28,0.00406293604174877
2006-11-29,-0.0006250125469875932
2006-11-30,-0.0019404643472140442
2006-12-01,-0.0034313202016379514
2006-12-04,-0.001776682060894267
2006-12-05,-0.0008882975136128069
2006-12-06,-0.005263119573363183
2006-12-07,-0.0053219164147851414
2006-12-08,0.002207159154477297
2006-12-11,0.0010829120071919472
2006-12-12,-0.0020700428119680243
2006-12-13,0.0006447581018576517
2006-12-14,0.006366146193050147
2006-12-15,-0.0007772241158495892
2006-12-18,-0.0027734104981440703
2006-12-19,-0.0012617329449555396
2006-12-20,-0.0006359371036998889
2006-12-21,-0.0024141146973739834
2006-12-22,-0.0022201812306121226
2006-12-26,0.0004380552768973568
2006-12-27,-0.00043616380353901564
2006-12-28,0.0010200356568590236
2006-12-29,0.0012873209774178333
2007-01-03,-0.0055033994672579285
2007-01-04,0.010245045132305907
2007-01-05,0.002082612581372678
2007-01-08,-0.004491713329085487
2007-01-09,8.276360639512847e-05
2007-01-10,0.00022801973832594778
2007-01-11,-0.002155807671808862
2007-01-12,-0.0007931904459897698
2007-01-16,-0.004722224170886192
2007-01-17,0.0002940227323770093
2007-01-18,-0.007542472185890252
2007-01-19,0.009029861335806546
2007-01-22,-0.003367541349848953
2007-01-23,0.0007597520963290629
2007-01-24,0.004274320425998653
2007-01-25,0.002699562076912289
2007-01-26,-0.0013930889214712398
2007-01-29,0.000805346975958575
2007-01-30,-4.399581638445517e-05
2007-01-31,0.001554440189375477
2007-02-01,0.0035248177783302956
2007-02-02,0.006922287632886919
2007-02-05,-0.004390205677609155
2007-02-06,-0.004656181689628578
2007-02-07,0.0030292311713186696
2007-02-08,-0.00013328772123462373
2007-02-09,0.0005140022851359744
2007-02-12,-0.0049973808599784175
2007-02-13,-0.0005186489433294142
2007-02-14,0.0038391896191013355
2007-02-15,-0.001113344966885951
2007-02-16,-0.0022450630134179333
2007-02-20,-0.005056270963623707
2007-02-21,-0.0003692206049070379
2007-02-22,0.010838572009430576
2007-02-23,3.739989765535773e-05
2007-02-26,0.0028544313916855596
2007-02-27,0.007216339543171273
2007-02-28,-0.005952233653723137
2007-03-01,-0.0003556153439211579
2007-03-02,-0.0018690772881409918
2007-03-05,-0.00417116917563817
2007-03-06,0.00013335142085375785
2007-03-07,0.002735898455123462
2007-03-08,-0.0042966767260652974
2007-03-09,-0.0019787655584070263
2007-03-12,-0.008718228229165313
2007-03-13,0.00019198106582360387
2007-03-14,0.00438632555255922
2007-03-15,-0.003846529353516313
2007-03-16,7.601600088955605e-05
2007-03-19,-0.007332043904052685
2007-03-20,-0.004779914932333601
2007-03-21,0.0031079178368616962
2007-03-22,-0.002784481784543079
2007-03-23,-0.0024429926371706046
2007-03-26,-0.004985591005355169
2007-03-27,0.0001439887333074516
2007-03-28,-0.002937198986404219
2007-03-29,-0.008463360254043314
2007-03-30,0.003079903145361258
2007-04-02,-0.007513489151087526
2007-04-03,-0.0001113469733167111
2007-04-04,-0.004221274073720891
2007-04-05,0.0028479991099969572
2007-04-09,-0.004795521036748646
2007-04-10,-0.0016543591544032257
2007-04-11,-0.002466866682159158
2007-04-12,0.0026426568416069
2007-04-13,0.00020970256041900773
2007-04-16,0.0022590401822696954
2007-04-17,0.0059435367044155755
2007-04-18,0.0114283666908216
2007-04-19,0.00515953498782472
2007-04-20,-0.0018707910125544576
2007-04-23,-0.003324512998739251
2007-04-24,0.007270795325236586
2007-04-25,-0.005826143709841233
2007-04-26,0.001832633523915082
2007-04-27,-0.005779638145480237
2007-04-30,-0.0025932966115285306
2007-05-01,-0.0022072177378392407
2007-05-02,-0.001412860626497179
2007-05-03,-0.003915466141977382
2007-05-04,-0.0021959561832324056
2007-05-07,-0.004375012999680268
2007-05-08,-0.004735076139935902
2007-05-09,0.00048229653770482577
2007-05-10,-0.005305706968781408
2007-05-11,-0.0007260282343774387
2007-05-14,-0.0030135026824047876
2007-05-15,-0.008338223372835633
2007-05-16,0.0017660071993184099
2007-05-17,-0.004136836022830318
2007-05-18,-0.0014158478173362005
2007-05-21,-0.0006931862986552873
2007-05-22,0.007427101257722958
2007-05-23,-0.002566953610350454
2007-05-24,0.0010383418501189435
2007-05-25,-0.003375524942879062
2007-05-29,-0.00023015805236835634
2007-05-30,-0.00609171095183027
2007-05-31,0.0053398525641821844
2007-06-01,-0.003332346537215807
2007-06-04,0.0020145229928734093
2007-06-05,-0.003186854479134035
2007-06-06,-0.0015620773865417433
2007-06-07,-0.0013381463532373906
2007-06-08,-0.0008983205690669331
2007-06-11,-0.0014213512295418091
2007-06-12,-0.0023764887975396215
2007-06-13,-0.00519186890147074
2007-06-14,-0.0058511993801505895
2007-06-15,-9.596511233163682e-05
2007-06-18,-0.0026473451335066608
2007-06-19,-0.004087560882938262
2007-06-20,0.011609244981428249
2007-06-21,-0.007059640928553163
2007-06-22,-0.0009403613642964692
2007-06-25,-0.0007451252002176264
2007-06-26,0.003731777829652983
2007-06-27,0.0003231384201555004
2007-06-28,-0.0022323346516551685
2007-06-29,-0.005414703330263229
2007-07-02,-0.014001518683872933
2007-07-03,-0.004040958616875654
2007-07-05,-0.0006804187024262475
2007-07-06,0.006539007594634966
2007-07-09,-0.0036068043554100056
2007-07-10,-0.0067010330644536095
2007-07-11,-0.0025145495727088526
2007-07-12,-0.0070256919086728485
2007-07-13,0.0013121373871487125
2007-07-16,0.0016349515861938707
2007-07-17,0.00039444743026228384
2007-07-18,-0.005948867585950114
2007-07-19,-0.0033468367378706406
2007-07-20,-0.002245980434980634
2007-07-23,-0.012350883397229829
2007-07-24,0.002463872510832606
2007-07-25,-0.010478442398257593
2007-07-26,0.002759760510097433
2007-07-27,0.0024168163115540113
2007-07-30,-0.0032378571290543065
2007-07-31,-0.00286298958654417
2007-08-01,0.0024433160645593558
2007-08-02,0.007416516472178512
2007-08-03,-0.006490725476129085
2007-08-06,0.01500382121046278
2007-08-07,0.003407117665714195
2007-08-08,0.012656033235023737
2007-08-09,0.009300937627184938
2007-08-10,-0.005813236358188108
2007-08-13,-0.014763756747024617
2007-08-14,-0.012232605728646444
2007-08-15,0.004875461430075365
2007-08-16,0.01734726297849108
2007-08-17,-0.002727417375802709
2007-08-20,-0.011297692290441001
2007-08-21,0.0029050672995601812
2007-08-22,-0.010061727468619226
2007-08-23,0.001933173211503437
2007-08-24,-0.009810826748863076
2007-08-27,-0.010588551446485185
2007-08-28,-0.0034569530648950846
2007-08-29,-0.0013691105767092368
2007-08-30,-0.00889544880494571
2007-08-31,0.003247620945938367
2007-09-04,-0.00880452084364073
2007-09-05,-0.007962930129166119
2007-09-06,-0.010029791101649746
2007-09-07,-0.0038123029772540304
2007-09-10,-0.01186542424060518
2007-09-11,-0.007278169163347092
2007-09-12,-0.006831913692764407
2007-09-13,0.008235290936521792
2007-09-14,0.005850821250372739
2007-09-17,-0.0014173794948459822
2007-09-18,0.004076002850860135
2007-09-19,0.00040673490421862414
2007-09-20,-0.022289782149014916
2007-09-21,-0.007212796425777562
2007-09-24,-0.013899034065073822
2007-09-25,-0.012206359750286014
2007-09-26,-0.005917984631395169
2007-09-27,0.000844987627138304
2007-09-28,0.0013209424900419051
2007-10-01,0.006515681766942114
2007-10-02,0.021953808569211482
2007-10-03,0.021870339275116463
2007-10-04,-0.009054704832761822
2007-10-05,0.008203469706535932
2007-10-08,-0.007932391295316903
2007-10-09,-0.006432874706063686
2007-10-10,-0.0043795925087081805
2007-10-11,0.0037647909068609245
2007-10-12,-0.013128092828893692
2007-10-15,-0.018037207723850902
2007-10-16,-0.013870350798617521
2007-10-17,-0.00444202162590024
2007-10-18,-0.018457872344730456
2007-10-19,0.01262891979133127
2007-10-22,0.019231578429840586
2007-10-23,-0.012197672679256644
2007-10-24,0.0029253113401213906
2007-10-25,-0.01135417891695002
2007-10-26,0.005997464623587768
2007-10-29,-0.005272701080871536
2007-10-30,0.01665069992171676
2007-10-31,-0.02264259878599556
2007-11-01,-0.010909645708833677
2007-11-02,-0.0221314934716682
2007-11-05,-0.011475517240047925
2007-11-06,-0.013161233888735665
2007-11-07,-0.008304129889246663
2007-11-08,-0.0018776622383376014
2007-11-09,0.009002738720809226
2007-11-12,0.014101129469380297
2007-11-13,0.02979665074682817
2007-11-14,-0.010291349296887574
2007-11-15,-0.0040885697269772555
2007-11-16,-0.024574922928301116
2007-11-19,-0.03069554945432984
2007-11-20,-0.05822347138613554
2007-11-21,-0.004106693390231174
2007-11-23,0.017353583449905386
2007-11-26,-0.023025390161799403
2007-11-27,0.002432894036863361
2007-11-28,0.023074294598625495
2007-11-29,-0.015377187565506415
2007-11-30,0.031454278974772806
2007-12-03,-0.014918477281056164
2007-12-04,-0.008078038392032477
2007-12-05,-0.0013520245777330375
2007-12-06,0.018052641467510868
2007-12-07,-0.00321389709183655
2007-12-10,0.0037333826056279358
2007-12-11,-0.028079293213345416
2007-12-12,-0.02751310583769381
2007-12-13,-0.0008904271679968554
2007-12-14,-0.008266004904705764
2007-12-17,0.013940183385138805
2007-12-18,8.753994654618744e-05
2007-12-19,-0.016216539976409875
2007-12-20,-0.018547985596303905
2007-12-21,-0.01001896651088053
2007-12-24,0.010081900373642561
2007-12-26,-0.013448815722691016
2007-12-27,-0.0027573209237964627
2007-12-28,-0.014123381824698966
2007-12-31,0.015540537112667254
2008-01-02,-0.01843028455077994
2008-01-03,-0.02485160854598104
2008-01-04,-0.008639641667042392
2008-01-07,0.0008984427718465836
2008-01-08,-0.029246885005080797
2008-01-09,-0.000654527101094164
2008-01-10,0.031645146419868805
2008-01-11,0.025211617052477063
2008-01-14,-0.003941194840861403
2008-01-15,-0.005769076722657134
2008-01-16,0.03515819303811273
2008-01-17,-0.006806835156031038
2008-01-18,-0.005667010094543673
2008-01-22,0.06295373793705367
2008-01-23,0.05687381468488286
2008-01-24,-0.013384373643873996
2008-01-25,-0.004560138063274071
2008-01-28,0.013307446814851114
2008-01-29,0.01563959682718737
2008-01-30,-0.012911192234507471
2008-01-31,0.021665126114924264
2008-02-01,0.016721290147998072
2008-02-04,-0.012046813646237707
2008-02-05,-0.005064225287333467
2008-02-06,-0.008898789751584408
2008-02-07,0.018063946781707398
2008-02-08,-0.020814522054824796
2008-02-11,-0.019267374658342586
2008-02-12,-0.004010907192026688
2008-02-13,-0.0009224137878368194
2008-02-14,-0.005268209988390733
2008-02-15,0.0023230607291846333
2008-02-19,-0.020852289747053453
2008-02-20,0.00530190374383956
2008-02-21,0.0008318608857861798
2008-02-22,0.00011826401036862152
2008-02-25,-9.186724057140528e-05
2008-02-26,0.002432983545854476
2008-02-27,0.004398375068732582
2008-02-28,-0.04119559390624772
2008-02-29,-0.004511909806972003
2008-03-03,-0.01814720484241581
2008-03-04,-0.0007423240435954167
2008-03-05,-0.022179837061641068
2008-03-06,-0.02487477344048021
2008-03-07,0.013692471170601546
2008-03-10,-0.024657235721668856
2008-03-11,0.01650099588929508
2008-03-12,-0.009392795340307148
2008-03-13,8.416348679569842e-05
2008-03-14,-0.017906481725300075
2008-03-17,-0.007417730285963961
2008-03-18,0.051381537469397075
2008-03-19,0.028691625425597223
2008-03-20,0.045292007375944444
2008-03-24,0.011718029441626738
2008-03-25,-0.017447439255188938
2008-03-26,-0.03142476802339468
2008-03-27,-0.010300461218778695
2008-03-28,-0.025701084809790165
2008-03-31,0.006603844405138765
2008-04-01,0.05714213030755796
2008-04-02,-0.001964173527347968
2008-04-03,-0.0008163219775692383
2008-04-04,-0.017500090714970346
2008-04-07,-0.0014216146013413078
2008-04-08,-0.01729994720121481
2008-04-09,-0.01774167861102996
2008-04-10,-0.010124715730820704
2008-04-11,-0.00439603081408742
2008-04-14,-0.025899127116885075
2008-04-15,0.0004084506017946924
2008-04-16,-0.0009527738561259879
2008-04-17,0.020135455385223655
2008-04-18,0.004499291469275113
2008-04-21,-0.011874949710775125
2008-04-22,-0.012774869268065803
2008-04-23,-0.0019098198458990705
2008-04-24,0.039599538989824164
2008-04-25,0.010171959149578687
2008-04-28,0.0030402287586686876
2008-04-29,0.017965919835919067
2008-04-30,-0.018024455707652487
2008-05-01,0.04641168747432105
2008-05-02,-0.006772062747568871
2008-05-05,-0.02523361561746782
2008-05-06,-0.0064596575006387515
2008-05-07,-0.01396538196390744
2008-05-08,-0.03198738655233627
2008-05-09,-0.005703448399657753
2008-05-12,0.017267605137242827
2008-05-13,-0.02096839004409518
2008-05-14,0.024789456637305248
2008-05-15,-0.0015518353930486105
2008-05-16,-0.023415212585623853
2008-05-19,-0.005188928165027784
2008-05-20,-0.025025077091184247
2008-05-21,-0.010128274358299062
2008-05-22,0.012154495396012694
2008-05-23,-0.008347205369205576
2008-05-27,0.0030259633549182285
2008-05-28,-0.009238552244876517
2008-05-29,0.02293398604334433
2008-05-30,-0.009065824620910046
2008-06-02,-0.008800374922207648
2008-06-03,0.005173586264805494
2008-06-04,-0.008844210063078442
2008-06-05,-0.010376344047218301
2008-06-06,-0.028332792254550983
2008-06-09,-0.042315703553436876
2008-06-10,0.01768062313246052
2008-06-11,-0.021938464282917555
2008-06-12,0.027783449506377546
2008-06-13,0.014587424472505734
2008-06-16,0.0045583256228964725
2008-06-17,-0.02075744482157023
2008-06-18,-0.012893573009665375
2008-06-19,0.008227528913422322
2008-06-20,-0.02406410009235577
2008-06-23,-0.04640271845204115
2008-06-24,0.020664260052149015
2008-06-25,0.0032161606056964375
2008-06-26,-0.026622701020341706
2008-06-27,-0.018097812216953724
2008-06-30,-0.019083840527081918
2008-07-01,-0.0016926637014675109
2008-07-02,0.014959675264899545
2008-07-03,-0.007924953580702223
2008-07-07,-0.01857635271156964
2008-07-08,0.048026634997570365
2008-07-09,-0.04736112966909898
2008-07-10,-0.04802809033094071
2008-07-11,-0.026366529391280265
2008-07-14,-0.02826285877503355
2008-07-15,-0.020035531282411333
2008-07-16,0.10328917754113164
2008-07-17,0.07916384218827226
2008-07-18,0.013379971597554566
2008-07-21,-0.011004666173274731
2008-07-22,0.044132637978268795
2008-07-23,0.044240012053534214
2008-07-24,-0.06383345777373074
2008-07-25,-0.017147090204101073
2008-07-28,-0.038268750761809585
2008-07-29,0.05117672513714692
2008-07-30,-0.004386430838548798
2008-07-31,0.004886669304382609
2008-08-01,0.0049914612572166195
2008-08-04,0.014172643180120324
2008-08-05,0.038887036761826345
2008-08-06,-0.023396906345230877
2008-08-07,-0.03167924685673746
2008-08-08,0.021068816784596246
2008-08-11,0.011822186615728633
2008-08-12,-0.030965813872766812
2008-08-13,-0.02059756093415235
2008-08-14,0.029142134937691425
2008-08-15,0.013205695115769248
2008-08-18,-0.050200231393063975
2008-08-19,-0.025105100240779128
2008-08-20,-0.02429453881095428
2008-08-21,-0.013618060121314075
2008-08-22,0.01507702787968036
2008-08-25,0.0035651534313769257
2008-08-26,0.013060037389824402
2008-08-27,0.027749677199465153
2008-08-28,0.044894095389567554
2008-08-29,-0.008642688568912966
2008-09-02,0.03797768742248433
2008-09-03,0.023994140020280913
2008-09-04,-0.020485734907498818
2008-09-05,0.031258094257149746
2008-09-08,-0.07601990235171584
2008-09-09,-0.0031008945758195577
2008-09-10,-0.03959045428711386
2008-09-11,-0.012233315708904464
2008-09-12,-0.021662865933292984
2008-09-15,-0.052812117349433856
2008-09-16,0.009082625086922841
2008-09-17,-0.031347504270341275
2008-09-18,0.04962297484568284
2008-09-19,0.08455242861778407
2008-09-22,-0.006655859104211607
2008-09-23,0.0038617337099823923
2008-09-24,-0.021242698854191746
2008-09-25,0.0024206244114066654
2008-09-26,0.0071996435079066876
2008-09-29,-0.04897903002392189
2008-09-30,0.046065281660010726
2008-10-01,0.03419369301462789
2008-10-02,-0.014468479688406094
2008-10-03,-0.01859221296987398
2008-10-06,-0.0004817434477825137
2008-10-07,-0.03317607831584753
2008-10-08,0.00472918937881362
2008-10-09,-0.029117908484214108
2008-10-10,0.01912452933092375
2008-10-13,0.0508149199056886
2008-10-14,0.04004633913490299
2008-10-15,-0.028958360842969533
2008-10-16,-0.022252574830460933
2008-10-17,-0.004950242158527398
2008-10-20,0.000819959601446893
2008-10-21,0.008302145660190018
2008-10-22,-0.028003065576200612
2008-10-23,-0.01525789087795793
2008-10-24,-0.019105622945142363
2008-10-27,-0.027910289303738758
2008-10-28,0.024010199273266898
2008-10-29,0.003883971461562767
2008-10-30,-0.01044753318134419
2008-10-31,0.017981571190442247
2008-11-03,0.017828090447447695
2008-11-04,0.02593134171935002
2008-11-05,-0.021668293666905567
2008-11-06,-0.018985216000178627
2008-11-07,0.011488976968057882
2008-11-10,-0.013004067168134376
2008-11-11,-0.00021729944098497977
2008-11-12,-0.027719163793295427
2008-11-13,0.00345399361869186
2008-11-14,-0.004223639689704316
2008-11-17,-0.029352850619539895
2008-11-18,-0.015013875228894528
2008-11-19,-0.03290725199938065
2008-11-20,-0.036271342905975064
2008-11-21,0.00022039166890114727
2008-11-24,0.0835769955640555
2008-11-25,0.031407543542411785
2008-11-26,0.016881502317560308
2008-11-28,0.009217102764999766
2008-12-01,-0.048772208714942575
2008-12-02,0.01451973150319616
2008-12-03,0.008357250918645476
2008-12-04,0.002243923577923231
2008-12-05,0.019145986923195583
2008-12-08,0.047603727809042824
2008-12-09,0.010641705312936333
2008-12-10,-0.008269771245343189
2008-12-11,-0.008602648612659494
2008-12-12,-5.5285278790498686e-05
2008-12-15,-0.012215995871799808
2008-12-16,0.03430645789619346
2008-12-17,0.005750643429373512
2008-12-18,-0.010489064865318717
2008-12-19,-0.007702649684961505
2008-12-22,-0.01817688926512274
2008-12-23,-0.004584224045777447
2008-12-24,0.010170548794416152
2008-12-26,-0.004231445241076824
2008-12-29,-0.0035502055982593117
2008-12-30,0.014856219711217648
2008-12-31,0.01643992921601881
2009-01-02,0.014928625285915102
2009-01-05,0.005366128875648541
2009-01-06,0.02848157748080855
2009-01-07,-0.016876544161308456
2009-01-08,0.018994721736688116
2009-01-09,-0.009018649384933405
2009-01-12,-0.027462782437524053
2009-01-13,-0.0038862358761165483
2009-01-14,-0.02760906118837655
2009-01-15,-0.002660631530515944
2009-01-16,0.0032357051183439117
2009-01-20,-0.04266281331535214
2009-01-21,0.03695077095646693
2009-01-22,-0.021395288485011012
2009-01-23,0.029224605680532936
2009-01-26,-0.007403374779106051
2009-01-27,0.012376623245993998
2009-01-28,0.03987532834316522
2009-01-29,-0.0317092977787843
2009-01-30,-0.018343193108691053
2009-02-02,-0.0025183721177721215
2009-02-03,-0.023089712504168948
2009-02-04,0.0132138031880363
2009-02-05,0.010806873217973093
2009-02-06,0.015607861697413041
2009-02-09,0.018472484087866045
2009-02-10,-0.032012588695748787
2009-02-11,0.013572219225058411
2009-02-12,-0.0032973068691867116
2009-02-13,0.0017470393473412108
2009-02-17,-0.04106581153331034
2009-02-18,-0.00723955113729866
2009-02-19,-0.028782597361957662
2009-02-20,-0.015770409340416434
2009-02-23,-0.014258592342173866
2009-02-24,0.028152706690368064
2009-02-25,-0.006560421568430239
2009-02-26,0.02462130094694908
2009-02-27,-0.03204915829763479
2009-03-02,-0.04124677408811192
2009-03-03,-0.0023674170301354915
2009-03-04,0.021891601452659552
2009-03-05,-0.028639685810513044
2009-03-06,-0.006092839113682259
2009-03-09,0.017298771542837
2009-03-10,0.05624055852629554
2009-03-11,0.011762970176202214
2009-03-12,0.009853451070758
2009-03-13,0.00030208218714270136
2009-03-16,0.03666228567903396
2009-03-17,0.008552358857257279
2009-03-18,0.05150025190206306
2009-03-19,0.00010336554472166373
2009-03-20,-0.02943118609249576
2009-03-23,0.04918587888185761
2009-03-24,0.0006895617655564331
2009-03-25,-0.0022852469198377206
2009-03-26,-0.0029181858197567957
2009-03-27,-0.01204015318028546
2009-03-30,-0.04375180746282703
2009-03-31,0.011256429342418271
2009-04-01,0.01218769761632471
2009-04-02,0.021103295729887794
2009-04-03,0.018220138895050544
2009-04-06,-0.016711343572850517
2009-04-07,-0.007778852418531511
2009-04-08,0.0005995976388813927
2009-04-09,0.04564279271889924
2009-04-13,0.03424434036496409
2009-04-14,-0.012015712148488027
2009-04-15,0.01378416081325836
2009-04-16,0.00258834610249205
2009-04-17,0.007235206131360718
2009-04-20,-0.04391938693182419
2009-04-21,0.026886986068144478
2009-04-22,-0.001400038456050007
2009-04-23,0.0030691110037665116
2009-04-24,0.024481999758570377
2009-04-27,-0.020505565394919472
2009-04-28,-0.015176652269114318
2009-04-29,0.022714602480774202
2009-04-30,0.00012434399213565503
2009-05-01,0.00987656843921555
2009-05-04,0.03198046460367205
2009-05-05,0.004965950772265127
2009-05-06,0.04434822519223943
2009-05-07,0.009366271547801452
2009-05-08,0.03829718210157243
2009-05-11,-0.03160019723302546
2009-05-12,-0.005976179869063859
2009-05-13,-0.02818291552270729
2009-05-14,0.01633386602923996
2009-05-15,-0.008598761936429404
2009-05-18,0.02026496770211554
2009-05-19,0.0040522787611350225
2009-05-20,0.0023574819749088162
2009-05-21,-0.011562818524510408
2009-05-22,-0.001513985489483076
2009-05-26,-0.0029180456399572905
2009-05-27,-0.00392109505962171
2009-05-28,0.010450708907962094
2009-05-29,0.002819311293246313
2009-06-01,0.009014085996166233
2009-06-02,0.0008085136691152267
2009-06-03,-0.023317580250321573
2009-06-04,0.022372934123211112
2009-06-05,0.0027912912839447297
2009-06-08,-0.008758718822997185
2009-06-09,0.00400058688541233
2009-06-10,0.0041197957276299674
2009-06-11,0.010526099739417502
2009-06-12,-0.015835779494291477
2009-06-15,-0.01295004806614982
2009-06-16,-0.005044253407078444
2009-06-17,-0.02305057666142056
2009-06-18,0.0036859745801217578
2009-06-19,-0.003527854734759082
2009-06-22,-0.026421948620693424
2009-06-23,0.011262779562167844
2009-06-24,-0.004112219213249699
2009-06-25,0.003383574973475551
2009-06-26,-0.0014744205002343775
2009-06-29,-0.0034574596824152102
2009-06-30,-0.0060588172485596045
2009-07-01,-0.012428726658672274
2009-07-02,-0.009655914294318878
2009-07-06,-0.01109114224115738
2009-07-07,-0.010064870013500973
2009-07-08,-0.009042397135831368
2009-07-09,-0.0005844374596625929
2009-07-10,0.0011039528103428513
2009-07-13,0.020782891447856316
2009-07-14,0.0011021194995811854
2009-07-15,0.013093269162892059
2009-07-16,-0.00021905781498654547
2009-07-17,-0.008144357646761004
2009-07-20,0.005646985889090061
2009-07-21,-0.0031798893714708246
2009-07-22,-0.009154669944639315
2009-07-23,0.019508222026885867
2009-07-24,0.005332544222298765
2009-07-27,0.002897272783957501
2009-07-28,-0.00607464183978118
2009-07-29,-0.006360737560128308
2009-07-30,0.022047950965487055
2009-07-31,0.008067229377760344
2009-08-03,0.013918981706733486
2009-08-04,0.005174738759828525
2009-08-05,0.031549515352144855
2009-08-06,0.0051740598303092345
2009-08-07,0.015251715351161871
2009-08-10,0.0063144846217027765
2009-08-11,-0.01621847101588103
2009-08-12,0.010839902455181186
2009-08-13,0.005809822648671942
2009-08-14,-0.0042429222178163315
2009-08-17,-0.009729570537067272
2009-08-18,0.005066991025484533
2009-08-19,0.0003193553661236167
2009-08-20,0.013671376048172004
2009-08-21,0.010670144069683024
2009-08-24,0.006572604490769968
2009-08-25,-0.00592356029804768
2009-08-26,0.0022833208913630347
2009-08-27,0.013657051593004538
2009-08-28,0.003178755696305183
2009-08-31,-0.005242365718731366
2009-09-01,-0.02056533362634037
2009-09-02,-0.0063970829285657895
2009-09-03,0.007980463856005322
2009-09-04,-0.0016989360624370326
2009-09-08,-0.0036409357116411706
2009-09-09,-4.236549275893499e-05
2009-09-10,-0.002014823404692246
2009-09-11,0.003272921191649184
2009-09-14,0.009354450892686963
2009-09-15,0.0038092898343860615
2009-09-16,0.01226591884687805
2009-09-17,0.0028154456393539567
2009-09-18,-0.005132358979609785
2009-09-21,0.0009183819393355889
2009-09-22,0.007429012042884878
2009-09-23,-0.0026835273296502583
2009-09-24,-0.0047116459807629045
2009-09-25,0.00029395648787119353
2009-09-28,0.002600561575264003
2009-09-29,-0.0055340382183278174
2009-09-30,-0.004801205677163063
2009-10-01,0.0008135925712768654
2009-10-02,0.002358704601192596
2009-10-05,0.0046381997101740974
2009-10-06,-0.004719026841957959
2009-10-07,-0.0006471001429192765
2009-10-08,0.005737986520282748
2009-10-09,-0.006892891066897035
2009-10-12,0.0011408223835304462
2009-10-13,-0.0034762092205731926
2009-10-14,0.0016940882907619645
2009-10-15,0.0037733051572423006
2009-10-16,-0.0011767537688858218
2009-10-19,-0.005962960320981341
2009-10-20,-0.0025380988229577748
2009-10-21,-0.0017265585084976721
2009-10-22,0.005953801646199267
2009-10-23,-0.010228125439973926
2009-10-26,-0.014890836722112683
2009-10-27,0.003299994392902261
2009-10-28,0.005077528349925476
2009-10-29,-0.0030385482723632243
2009-10-30,-0.0031681380193543077
2009-11-02,-0.006434554359763131
2009-11-03,0.0026258647292084036
2009-11-04,-0.0005612237749303401
2009-11-05,0.003446297527331444
2009-11-06,-0.0012395919799094417
2009-11-09,-0.0013327796861825076
2009-11-10,-0.0037715662356869535
2009-11-11,0.004602158795049625
2009-11-12,-0.002892038628725557
2009-11-13,-0.009725840747809763
2009-11-16,0.0010537319722952012
2009-11-17,0.006104085867283731
2009-11-18,0.010072730238959179
2009-11-19,0.0006331189809645034
2009-11-20,0.003186629899742743
2009-11-23,-0.003581760601065573
2009-11-24,0.0009941937661867124
2009-11-25,-0.0024569070454615945
2009-11-27,0.0009619609211936387
2009-11-30,-0.0010477216654189005
2009-12-01,-0.002978210411905668
2009-12-02,-0.0007297768000707075
2009-12-03,0.0024199435219604526
2009-12-04,0.0008635802428304447
2009-12-07,0.0037512305776167543
2009-12-08,-0.003692092876487625
2009-12-09,-0.0020000301156477525
2009-12-10,-0.004224846301462691
2009-12-11,0.005661216268644122
2009-12-14,-0.010414487115077552
2009-12-15,-0.004491713047401743
2009-12-16,-0.00516925486111184
2009-12-17,-0.0009786323545800878
2009-12-18,0.0012017835417077296
2009-12-21,-0.0037121915163324773
2009-12-22,-0.0037189861407398847
2009-12-23,-0.007174841233828604
2009-12-24,0.0008831612571222222
2009-12-28,0.00048684835714670187
2009-12-29,0.004804582648633508
2009-12-30,0.0003121919402374806
2009-12-31,-0.00032845091516738316
2010-01-04,-0.0035779735300710018
2010-01-05,-0.005337008867977113
2010-01-06,-0.0035443396763009767
2010-01-07,0.0036570027656115
2010-01-08,-0.005265244702586646
2010-01-11,0.008174908823030336
2010-01-12,0.006795433187506183
2010-01-13,-0.0041938327010748195
2010-01-14,-0.0010178426292050586
2010-01-15,0.006314420649415776
2010-01-19,-0.0011968706843847976
2010-01-20,0.006840908587852155
2010-01-21,0.012127013065507009
2010-01-22,0.007326088505700798
2010-01-25,-0.0024707012857310825
2010-01-26,0.006023291631449692
2010-01-27,0.0029679931435358468
2010-01-28,-0.0003395067787842952
2010-01-29,0.007802614262023868
2010-02-01,-0.01231288022992174
2010-02-02,-0.000814730554992036
2010-02-03,-0.0022561058057492963
2010-02-04,0.012368423865752638
2010-02-05,-0.001121288910123518
2010-02-08,0.0017764312352900958
2010-02-09,-0.010612720921417304
2010-02-10,-0.00224626434192506
2010-02-11,-0.013770075407931747
2010-02-12,-0.002765023249009838
2010-02-16,-0.004380072466953017
2010-02-17,0.003515959592834294
2010-02-18,-0.007690367405066233
2010-02-19,-0.0002396411030429647
2010-02-22,0.003987882844464023
2010-02-23,0.003865389002887035
2010-02-24,0.0004123799195187424
2010-02-25,-0.007630006302699048
2010-02-26,-0.004784383714621832
2010-03-01,-0.007453631542825799
2010-03-02,-0.0044466897460282975
2010-03-03,-0.000425918890941236
2010-03-04,0.004899094602104035
2010-03-05,-0.0020583275087209824
2010-03-08,0.005057040533167985
2010-03-09,0.0037672547831629965
2010-03-10,0.0009137589718540983
2010-03-11,-0.00261239016637395
2010-03-12,-0.0035963742779048496
2010-03-15,0.006272332953533944
2010-03-16,-0.0009693625294770801
2010-03-17,0.0028176863768673535
2010-03-18,0.010064493905258983
2010-03-19,0.006096553532292693
2010-03-22,-0.0033664739004432612
2010-03-23,0.0022948097387997645
2010-03-24,-0.002688355931604412
2010-03-25,0.004102495603679844
2010-03-26,-0.00040127032813146743
2010-03-29,-0.0072590389019777
2010-03-30,-0.0004517299936935271
2010-03-31,-0.002593002599327599
2010-04-01,-0.005360626492579178
2010-04-05,-0.004130434001676024
2010-04-06,-0.0022467474763859067
2010-04-07,0.00864052188539572
2010-04-08,-0.00398863023861017
2010-04-09,0.0012342003463039484
2010-04-12,0.0041643509665874635
2010-04-13,0.0012447343315719961
2010-04-14,-0.002766775181058897
2010-04-15,0.0003413051385278834
2010-04-16,0.010328071929679265
2010-04-19,0.004824260159907245
2010-04-20,-0.007994348556474488
2010-04-21,-0.00952241543345407
2010-04-22,-0.009276288116402097
2010-04-23,-0.006131834596415312
2010-04-26,-0.004018651313352623
2010-04-27,0.005644888274685096
2010-04-28,0.0019401815474719883
2010-04-29,0.007919516435784224
2010-04-30,0.005188806180673701
2010-05-03,-0.0037681596264182364
2010-05-04,0.003215076099127772
2010-05-05,0.009337793663792854
2010-05-06,-0.0032610915169101937
2010-05-07,0.00794519830958705
2010-05-10,-0.0170188577231116
2010-05-11,0.00713174639260037
2010-05-12,-0.007485398027750799
2010-05-13,0.0029525146535867206
2010-05-14,0.0053585620609925095
2010-05-17,0.0049699535687162165
2010-05-18,0.003717618094865617
2010-05-19,0.006334809691834609
2010-05-20,0.004072839400942435
2010-05-21,-0.012087113153417997
2010-05-24,0.004414574024296355
2010-05-25,-0.00310322072773899
2010-05-26,-0.010122028501637147
2010-05-27,-0.014078087694647532
2010-05-28,0.006792698573651926
2010-06-01,0.0052788585914396785
2010-06-02,-0.00816358945252081
2010-06-03,0.0027331460203921356
2010-06-04,0.009467019348900667
2010-06-07,0.0012415730951569305
2010-06-08,-0.0019692681184163585
2010-06-09,-0.00021299904921946754
2010-06-10,-0.01232283837304026
2010-06-11,-0.001358851459463743
2010-06-14,-0.004067895311312537
2010-06-15,-0.0019675224278655947
2010-06-16,-0.0025365106163363006
2010-06-17,0.0008923745783974823
2010-06-18,-0.0010521222861866186
2010-06-21,-0.004490235004016388
2010-06-22,0.006017044400725956
2010-06-23,0.001721901174421071
2010-06-24,0.002390331817336361
2010-06-25,-0.01024902075546153
2010-06-28,0.006888363732421103
2010-06-29,0.010889096440871333
2010-06-30,0.0011784913461723716
2010-07-01,0.0020461443633263887
2010-07-02,0.009579610484217203
2010-07-06,-0.000855319458023172
2010-07-07,-0.006288796585823015
2010-07-08,-0.002802134184901397
2010-07-09,-0.0017068975135721368
2010-07-12,0.0022560452102667857
2010-07-13,-0.0009270254744144594
2010-07-14,0.003455221567897219
2010-07-15,0.006032625705222267
2010-07-16,0.004280108491053967
2010-07-19,0.004836638885370329
2010-07-20,0.001917363850804477
2010-07-21,-0.0027732508776329465
2010-07-22,-0.006965217912074015
2010-07-23,-0.005863360262821927
2010-07-26,-0.006752445089838147
2010-07-27,0.007020188013793103
2010-07-28,-0.0003364573149330905
2010-07-29,-0.007856911979118126
2010-07-30,-0.005572798566852108
2010-08-02,-0.0022285130753837376
2010-08-03,0.0010897695473533636
2010-08-04,0.0007792946809579656
2010-08-05,-0.0002084764608286829
2010-08-06,0.0011325041376859773
2010-08-09,-0.0032381966284129524
2010-08-10,-0.0023071423899266173
2010-08-11,0.004248977354153596
2010-08-12,0.0060821096244890824
2010-08-13,-0.001842857177671109
2010-08-16,-0.00244895695877656
2010-08-17,-0.0001539130824719678
2010-08-18,-0.0026274294728457657
2010-08-19,0.005010507973436678
2010-08-20,0.0023401452222576585
2010-08-23,0.004833893249608471
2010-08-24,0.0050992292825322
2010-08-25,0.0008674535960546093
2010-08-26,-0.003032190023756681
2010-08-27,-0.003780701638408524
2010-08-30,0.0017422393067577202
2010-08-31,-0.004700216733606025
2010-09-01,-0.005366799631405695
2010-09-02,-0.0023936849502106264
2010-09-03,-0.0005932549427819496
2010-09-07,-0.001216947918160654
2010-09-08,-0.00140266889519545
2010-09-09,0.006360784756226526
2010-09-10,0.003400568829277337
2010-09-13,-0.0028306846460118768
2010-09-14,0.004904235198086872
2010-09-15,-0.0015415995925640174
2010-09-16,0.0009420756934668169
2010-09-17,-0.004044097121924453
2010-09-20,0.0017221183168693653
2010-09-21,0.004046225572835738
2010-09-22,-0.0016680427441975272
2010-09-23,0.004270862501810425
2010-09-24,-0.002020167072256645
2010-09-27,0.0023336783674232885
2010-09-28,-0.0002149870720464472
2010-09-29,-0.0006479211892198532
2010-09-30,0.004618205104675453
2010-10-01,0.0020213333013941568
2010-10-04,-0.0023534610864191863
2010-10-05,-0.0017614578435707214
2010-10-06,0.0027909115711752088
2010-10-07,0.0031635290927693434
2010-10-08,-0.0009314990175773499
2010-10-11,0.002897037356630709
2010-10-12,0.00360704578869005
2010-10-13,0.0017573537728620802
2010-10-14,-0.006244197985612686
2010-10-15,0.004664033794481238
2010-10-18,0.006306869788656073
2010-10-19,-0.0037088101582543973
2010-10-20,0.0009757862303154833
2010-10-21,-0.003828571423502517
2010-10-22,-0.0009113510818229374
2010-10-25,-0.0010008736819407163
2010-10-26,0.0006239059150172626
2010-10-27,0.003031106901375338
2010-10-28,0.0009015008133841507
2010-10-29,-0.0012006598845179523
2010-11-01,-0.00011372730645590212
2010-11-02,0.0033322644916641904
2010-11-03,0.003466787209913522
2010-11-04,0.002835766828245744
2010-11-05,0.00490527531314697
2010-11-08,0.002953137262358886
2010-11-09,0.0012507701697264675
2010-11-10,0.001523332067987446
2010-11-11,0.0021545468276906654
2010-11-12,-0.0038586808642702393
2010-11-15,-0.0025025089968468066
2010-11-16,0.0005328999824858651
2010-11-17,0.001857064932663962
2010-11-18,-0.005124443369986437
2010-11-19,0.0012894204019743948
2010-11-22,-0.006182752739078714
2010-11-23,-0.002863900321057109
2010-11-24,-0.0027488656245166594
2010-11-26,-0.001645097415267291
2010-11-29,0.004294543920901642
2010-11-30,-0.002436937176923619
2010-12-01,0.00035951813873659103
2010-12-02,0.0042928912455205935
2010-12-03,-0.0012063147356055027
2010-12-06,-0.00223564231008398
2010-12-07,-0.0010837937262573615
2010-12-08,0.008560064483640668
2010-12-09,0.002004162338559202
2010-12-10,-0.0008419831023707878
2010-12-13,-0.0026098294112276714
2010-12-14,-0.0007799006526307326
2010-12-15,-0.0017064089883773034
2010-12-16,0.0009359232043782383
2010-12-17,0.004200084579013429
2010-12-20,-0.002755149421193572
2010-12-21,0.0005746937347566287
2010-12-22,0.005816996968039543
2010-12-23,0.0025057855239896524
2010-12-27,0.0015109727973481666
2010-12-28,0.0027448577959320233
2010-12-29,0.00043315086824746404
2010-12-30,-0.0014488973377414604
2010-12-31,0.001409495029409201
2011-01-03,0.004742125133485519
2011-01-04,0.0017065362895537094
2011-01-05,0.002311989053296341
2011-01-06,0.002255281716209292
2011-01-07,-0.0064216512911617184
2011-01-10,-0.0026778774610662593
2011-01-11,-0.005982729177588004
2011-01-12,0.0008508908347322157
2011-01-13,-0.0024512088841119285
2011-01-14,0.0004970251246367771
2011-01-18,-0.005876017570931884
2011-01-19,0.0030522674667695206
2011-01-20,0.014336100675667264
2011-01-21,0.011828884350980826
2011-01-24,-0.0037696716541715386
2011-01-25,0.007383592307160261
2011-01-26,-0.012263587210797587
2011-01-27,0.004620118427875173
2011-01-28,-0.004712807096510521
2011-01-31,-0.014269780237125291
2011-02-01,0.0007323797777804581
2011-02-02,-0.0066068387337528105
2011-02-03,0.002193515244267518
2011-02-04,0.0037808068450397854
2011-02-07,0.0030635197336267017
2011-02-08,0.002202766493735147
2011-02-09,0.00027848319449395994
2011-02-10,-0.006530895578827215
2011-02-11,-7.672329320172484e-05
2011-02-14,-0.011326628734889503
2011-02-15,0.004719254301428749
2011-02-16,-0.0041744527376257065
2011-02-17,-0.003172653373207347
2011-02-18,0.0032252767655890097
2011-02-22,0.002417735916189818
2011-02-23,-0.00631481497751652
2011-02-24,0.0046875574374105
2011-02-25,0.00041252404272371557
2011-02-28,-0.0014795889708750357
2011-03-01,0.004462263404788796
2011-03-02,-0.00494617519768086
2011-03-03,-0.005500926450140234
2011-03-04,-0.0004345387100039747
2011-03-07,0.0022626687900052954
2011-03-08,0.0074689456573381495
2011-03-09,0.005303490690900628
2011-03-10,0.01123091625926566
2011-03-11,0.0006034279801435711
2011-03-14,-0.003471927480044082
2011-03-15,-0.0039040996664412154
2011-03-16,0.0010624042267680673
2011-03-17,-0.0093349247338295
2011-03-18,0.003630608998996748
2011-03-21,-0.01187951506284529
2011-03-22,0.0010968725105961284
2011-03-23,-0.0021898827219674036
2011-03-24,0.0006583631877859831
2011-03-25,-0.0053202970089915175
2011-03-28,0.0011241015515133445
2011-03-29,-0.008237345327754357
2011-03-30,0.0034843856455334587
2011-03-31,-0.007390338676624942
2011-04-01,-0.00017018552502045782
2011-04-04,-0.0003996568031801741
2011-04-05,0.005791034533578971
2011-04-06,0.017004278113741465
2011-04-07,-0.0001381582995707832
2011-04-08,-0.005286037222132977
2011-04-11,0.0035364023821002123
2011-04-12,0.013266335970173872
2011-04-13,-0.007682470640066594
2011-04-14,-0.005388905562160651
2011-04-15,-0.0013752523033529161
2011-04-18,0.0024966722389440045
2011-04-19,-0.004790416524509342
2011-04-20,-0.00210187786331255
2011-04-21,-0.015832608698319962
2011-04-25,-0.0013440427878324628
2011-04-26,0.0004320369994147311
2011-04-27,0.0029521478398393
2011-04-28,-0.0010588701623074435
2011-04-29,-0.007059194699938052
2011-05-02,0.001059821401197403
2011-05-03,0.008969375748028913
2011-05-04,0.005593434669355473
2011-05-05,0.0017981042679085621
2011-05-06,-0.0010663436682700252
2011-05-09,-0.011302755974614087
2011-05-10,0.0014155099572950437
2011-05-11,0.006971559647924001
2011-05-12,0.0004431882622113522
2011-05-13,-0.006250331603723469
2011-05-16,-0.0015402874027196844
2011-05-17,0.005019110780601849
2011-05-18,-0.007417551332171741
2011-05-19,-0.005152689153087085
2011-05-20,-0.0027853493309048217
2011-05-23,0.0016244118440926281
2011-05-24,0.0009523125039675275
2011-05-25,-0.005716771121581767
2011-05-26,-0.0008354789021206662
2011-05-27,0.005639575367377868
2011-05-31,-0.0019264427809554316
2011-06-01,-0.008706371664189904
2011-06-02,-0.0024236538666666586
2011-06-03,-0.002389925726288521
2011-06-06,-0.002484153362887953
2011-06-07,-0.003310164926171134
2011-06-08,-0.008623993791242075
2011-06-09,0.0010012365213196942
2011-06-10,0.011398616388269122
2011-06-13,0.005369807838507079
2011-06-14,-0.002731747521016843
2011-06-15,-0.0009287266651466209
2011-06-16,0.000987519370103458
2011-06-17,0.0008281818917332593
2011-06-20,-0.00883114890343354
2011-06-21,0.009329279417001405
2011-06-22,0.0007389931814827831
2011-06-23,0.004284745279729719
2011-06-24,-0.005950762016781895
2011-06-27,-0.0008097141484273441
2011-06-28,-0.005425686103497494
2011-06-29,0.007455147974550773
2011-06-30,0.0017758813153817984
2011-07-01,0.003518116986848314
2011-07-05,-0.010106657592139755
2011-07-06,-0.008940011562511107
2011-07-07,0.010581827599052329
2011-07-08,-0.008876140553903403
2011-07-11,-0.005777176617581774
2011-07-12,-0.0008341625412723374
2011-07-13,-0.001662082456615682
2011-07-14,-0.0068819579902490305
2011-07-15,-0.005907977172682819
2011-07-18,-0.008546907522912844
2011-07-19,-0.0005165598847760207
2011-07-20,0.009535276040433234
2011-07-21,0.009799502256589397
2011-07-22,0.008199989182487688
2011-07-25,-0.001576532589966492
2011-07-26,0.008004266554245553
2011-07-27,-0.012660302380801285
2011-07-28,-0.0027650476262451253
2011-07-29,0.004827862830810664
2011-08-01,-0.001634851561874563
2011-08-02,-0.0029602625679053156
2011-08-03,0.0008508578454763366
2011-08-04,-0.0055582907206156015
2011-08-05,-0.01321943716149914
2011-08-08,-0.02435966948498035
2011-08-09,0.00833328665714881
2011-08-10,-0.018775448235587723
2011-08-11,0.013251473943417136
2011-08-12,-0.01030951093237283
2011-08-15,0.010236055581791583
2011-08-16,-0.007820532895378287
2011-08-17,-0.006587802608951931
2011-08-18,-0.018762764774284627
2011-08-19,-0.011675160159581213
2011-08-22,-0.009937131866606328
2011-08-23,0.006430423813175905
2011-08-24,0.011367074914282934
2011-08-25,0.000669059465572502
2011-08-26,0.0042158992461220355
2011-08-29,0.022247656984934923
2011-08-30,-0.008227464300609947
2011-08-31,0.0020005716988402075
2011-09-01,-0.01463425836364207
2011-09-02,-0.021874159356017577
2011-09-06,-0.012307676055842934
2011-09-07,0.024458375556794126
2011-09-08,-0.012941919800271538
2011-09-09,-0.00233559449136168
2011-09-12,0.006039652178340759
2011-09-13,0.0042306062862237995
2011-09-14,0.00015949852766890618
2011-09-15,0.0069441084444811065
2011-09-16,-0.011954173124003122
2011-09-19,-0.019650077538533168
2011-09-20,-0.01763607008828586
2011-09-21,-0.016542838130464033
2011-09-22,-0.024450883418849913
2011-09-23,0.0036663119058658474
2011-09-26,0.021635861286991083
2011-09-27,0.008177566945533218
2011-09-28,-0.020374312301116238
2011-09-29,0.01255097195797481
2011-09-30,-0.01993872696499121
2011-10-03,-0.024714054063105898
2011-10-04,0.03119766846219948
2011-10-05,0.0179082306718488
2011-10-06,0.025508641384435222
2011-10-07,-0.02589909905932028
2011-10-10,0.015036880401213249
2011-10-11,0.0007556865814610607
2011-10-12,0.014518912264544829
2011-10-13,-0.01228329149180767
2011-10-14,0.002790707838859827
2011-10-17,-0.014788350412295457
2011-10-18,0.03005403887231844
2011-10-19,-0.014194399417740514
2011-10-20,0.006833713232279307
2011-10-21,0.0033999775421623027
2011-10-24,0.026161071628735086
2011-10-25,-0.036679240872533526
2011-10-26,0.02348180359372637
2011-10-27,0.04783063748755087
2011-10-28,0.01333222979293775
2011-10-31,-0.022952046932081485
2011-11-01,-0.021502468091892074
2011-11-02,0.011671871046511434
2011-11-03,0.005949099118261437
2011-11-04,0.005272343337498837
2011-11-07,-0.0026782984775155466
2011-11-08,0.008170839558591075
2011-11-09,-0.023314601250413437
2011-11-10,-3.511310003448333e-05
2011-11-11,0.007363130025459326
2011-11-14,-0.009755257158769636
2011-11-15,-0.001648827799259145
2011-11-16,-0.004388614777715097
2011-11-17,-0.011148566695840988
2011-11-18,0.00010723000007350364
2011-11-21,-0.008117915309217618
2011-11-22,-0.015218925405740973
2011-11-23,-0.007905551049808534
2011-11-25,-0.004247013593199072
2011-11-28,0.017302189776552467
2011-11-29,-0.00921276355171154
2011-11-30,0.037288899958691786
2011-12-01,-0.006660969155634234
2011-12-02,0.012446997309656052
2011-12-05,0.017346493522513346
2011-12-06,-0.007716068155709332
2011-12-07,0.005782320539403042
2011-12-08,-0.025609849325655697
2011-12-09,0.007249057066468693
2011-12-12,-0.018246303379257228
2011-12-13,-0.01669978726301187
2011-12-14,-0.02285388521202956
2011-12-15,-0.012325836806250892
2011-12-16,0.0030494966874766542
2011-12-19,-0.02383614940558276
2011-12-20,0.020326083287510805
2011-12-21,-0.010452823526476526
2011-12-22,0.027527647717610033
2011-12-23,-0.006251809787916974
2011-12-27,-0.011830101295722793
2011-12-28,-0.010860801113034693
2011-12-29,0.0025431081797398095
2011-12-30,0.007130801514566508
2012-01-03,0.007235050246840401
2012-01-04,0.005550240749998249
2012-01-05,0.003946436213916444
2012-01-06,0.002391381295906807
2012-01-09,0.009993576362204503
2012-01-10,0.0023924910256171647
2012-01-11,0.004505766428207355
2012-01-12,0.0022884603996776243
2012-01-13,-0.006832059510999988
2012-01-17,-0.008633209124601924
2012-01-18,0.012747585716664104
2012-01-19,0.005014163617489654
2012-01-20,0.008164901851336507
2012-01-23,-0.0014379950818683195
2012-01-24,0.001814361409001812
2012-01-25,-0.0045496600012779305
2012-01-26,0.002761944825728689
2012-01-27,0.000764579191312692
2012-01-30,-0.0006416196138711929
2012-01-31,-0.0002972129192041278
2012-02-01,0.0032068039607311256
2012-02-02,0.00035173057123697447
2012-02-03,0.006560738777239814
2012-02-06,0.00664528408610028
2012-02-07,-0.004599451670200992
2012-02-08,0.006621982859780629
2012-02-09,-0.001911796763446287
2012-02-10,-0.006004900230327642
2012-02-13,-0.005053542603345304
2012-02-14,-0.0024594384461223144
2012-02-15,0.0008593089870807825
2012-02-16,0.0067677930670580365
2012-02-17,-0.0013565182140089708
2012-02-21,-0.0005898431934046524
2012-02-22,-0.008366228818355607
2012-02-23,0.005797504663448683
2012-02-24,-0.0026825675062039436
2012-02-27,0.0031747936756616663
2012-02-28,0.0030680302313218838
2012-02-29,-0.001791618985111099
2012-03-01,0.0010410262335965128
2012-03-02,0.0007554710626181978
2012-03-05,-0.007136295693477694
2012-03-06,-1.9941764655816805e-05
2012-03-07,0.002375579467384458
2012-03-08,0.0017004597589130805
2012-03-09,0.004278250859292923
2012-03-12,-0.0018254677094210398
2012-03-13,0.005280201222480529
2012-03-14,-4.2524918457967925e-05
2012-03-15,0.006472999018634345
2012-03-16,0.0012486026183075225
2012-03-19,0.00029412283376048287
2012-03-20,0.006856340263092836
2012-03-21,-0.0015385131619087384
2012-03-22,-0.0038946125989559655
2012-03-23,0.001472158529492802
2012-03-26,-0.0018334621130113422
2012-03-27,0.0007300198941368482
2012-03-28,0.0016761849274747988
2012-03-29,-0.00319327482190257
2012-03-30,-0.003702499340237309
2012-04-02,-0.000748712510990886
2012-04-03,-0.0074075408348403685
2012-04-04,-0.004403077632866188
2012-04-05,-0.0035291958316756838
2012-04-09,0.0014784587207861766
2012-04-10,0.00019229228429112067
2012-04-11,0.004351675692058051
2012-04-12,0.0038971156831214366
2012-04-13,-0.006882991183211409
2012-04-16,0.0012575871375521235
2012-04-17,0.004042483208510426
2012-04-18,-0.00648792322532113
2012-04-19,0.0017599285196560996
2012-04-20,-0.00743200444078118
2012-04-23,-0.0020792279029310822
2012-04-24,0.0023007168017797684
2012-04-25,-0.004905819522277011
2012-04-26,0.00012968795507150275
2012-04-27,-0.009551952949449523
2012-04-30,0.0035656217317071833
2012-05-01,0.003276951960940026
2012-05-02,-0.006333508494682283
2012-05-03,-0.003686042905883847
2012-05-04,-0.0025811455651316307
2012-05-07,0.004148640688970541
2012-05-08,-0.004222340726644055
2012-05-09,0.00625324179663674
2012-05-10,-0.0014892726965326996
2012-05-11,-0.0056841451843132
2012-05-14,0.0021204095855688085
2012-05-15,-0.007674958356369181
2012-05-16,-0.0011669324166929307
2012-05-17,0.00598791492350162
2012-05-18,-0.002480817230517366
2012-05-21,-0.005675356877420613
2012-05-22,-0.0017355752644273763
2012-05-23,-0.00025785516244605105
2012-05-24,0.00044614055437980127
2012-05-25,0.007606616138084335
2012-05-29,0.002457263807478857
2012-05-30,-0.0041089861288324874
2012-05-31,0.0007923418612719647
2012-06-01,0.003917266659624469
2012-06-04,-0.0047763212948930475
2012-06-05,0.002891607351280206
2012-06-06,0.004031327770215817
2012-06-07,-0.004789580097471527
2012-06-08,0.00324190635510289
2012-06-11,-0.004273627870291472
2012-06-12,0.005213246778685224
2012-06-13,0.0020003083779796065
2012-06-14,-0.0005298617815849168
2012-06-15,0.001980740612462262
2012-06-18,-0.007484078461497045
2012-06-19,0.008725231592719214
2012-06-20,0.006900375117576039
2012-06-21,-0.005738640059164684
2012-06-22,0.0005181803728949457
2012-06-25,-0.00818378759044327
2012-06-26,-0.0020065748676268563
2012-06-27,0.007120597880831015
2012-06-28,0.006212931935105054
2012-06-29,0.009125268179204112
2012-07-02,0.0007367783194392551
2012-07-03,0.007206969661126434
2012-07-05,-0.0019759106291526497
2012-07-06,0.0005237493123914918
2012-07-09,-0.0070057772194797585
2012-07-10,-0.0038687868765642894
2012-07-11,0.0012916509194941842
2012-07-12,-0.003937265733729425
2012-07-13,0.004003138277827742
2012-07-16,-0.004763862803853689
2012-07-17,-0.001596123281401553
2012-07-18,0.001137263135029377
2012-07-19,-0.0009371366536971911
2012-07-20,0.008649377726604327
2012-07-23,0.006761502882155646
2012-07-24,0.00023260110891904002
2012-07-25,-0.009500697067206108
2012-07-26,-0.0015431163551100522
2012-07-27,0.005338252970898311
2012-07-30,0.0030359164838586242
2012-07-31,0.0065001815405609795
2012-08-01,0.001286559302337214
2012-08-02,-0.0031429162901904302
2012-08-03,0.0011607463444211397
2012-08-06,0.01146687616188351
2012-08-07,0.003059921055772329
2012-08-08,0.009140719472354853
2012-08-09,0.009317139758290276
2012-08-10,0.0018800981145164425
2012-08-13,-0.00012200030360589814
2012-08-14,-0.004313004065688776
2012-08-15,-0.002115262409563798
2012-08-16,0.0012098983847262173
2012-08-17,-0.0012942938142028934
2012-08-20,0.0029804595096067973
2012-08-21,0.0033661820249332656
2012-08-22,-0.0027896324715494473
2012-08-23,-0.00500906828250003
2012-08-24,-0.0014315625245322969
2012-08-27,-0.0032242018018414525
2012-08-28,0.00023040379167511214
2012-08-29,-0.0011532399530659236
2012-08-30,-0.0038400683519282815
2012-08-31,0.0014927509852078215
2012-09-04,-0.003384757194411088
2012-09-05,0.003203678887420371
2012-09-06,0.006001898782374881
2012-09-07,0.0019369254435033663
2012-09-10,0.00045970452238953854
2012-09-11,0.009434370889131913
2012-09-12,0.00016308635041159541
2012-09-13,0.005967894984409088
2012-09-14,0.0016383853461451328
2012-09-17,-0.008509879470371318
2012-09-18,-0.004624571046739681
2012-09-19,0.0020473051356347505
2012-09-20,-0.0004722087818360599
2012-09-21,-0.0022359568763319557
2012-09-24,-0.0030221582369548213
2012-09-25,-0.006374848526509077
2012-09-26,0.004793347408373567
2012-09-27,0.003171291583926467
2012-09-28,-0.005738038631374141
2012-10-01,-0.0038447572318100398
2012-10-02,-0.0010332351388380144
2012-10-03,-7.112253405952714e-05
2012-10-04,0.005637172048372024
2012-10-05,0.0020605258819813015
2012-10-08,-0.00038869060542430115
2012-10-09,-0.0009838850552931731
2012-10-10,0.0009680412640245399
2012-10-11,0.005863725523944379
2012-10-12,-0.005645630261351561
2012-10-15,0.0011177883476126051
2012-10-16,0.00046211301713317357
2012-10-17,0.006342435007860623
2012-10-18,0.0010332391934280347
2012-10-19,-0.00782485059536728
2012-10-22,0.001432284273148031
2012-10-23,-0.0002457631475720251
2012-10-24,-0.009294539521812372
2012-10-25,0.0016387388652908796
2012-10-26,-0.0005481596156339962
2012-10-31,0.0043861642618237984
2012-11-01,0.004042364414022063
2012-11-02,-0.0025672810883538774
2012-11-05,0.0006488715218960624
2012-11-06,-0.00024101384057471868
2012-11-07,-0.0055101055444744095
2012-11-08,0.004317465059407965
2012-11-09,0.0006183064705678152
2012-11-12,-0.004196600516718607
2012-11-13,-0.0016020404896832836
2012-11-14,0.00018503072452170834
2012-11-15,-0.0032360540790732015
2012-11-16,-0.006285491851401441
2012-11-19,0.00462384658767787
2012-11-20,-0.007817687299553136
2012-11-21,0.0006843923215551375
2012-11-23,0.0026785531370420233
2012-11-26,0.006062771228556048
2012-11-27,0.003645141742488615
2012-11-28,0.0005132824703223751
2012-11-29,0.002291930178428128
2012-11-30,0.0048321088763604615
2012-12-03,-0.001877813447114416
2012-12-04,0.004840944596590389
2012-12-05,-0.0026940271680852054
2012-12-06,0.0028970005127652754
2012-12-07,0.0007706897022288675
2012-12-10,0.001491117275559533
2012-12-11,0.0034351855771929994
2012-12-12,0.0007765409495079417
2012-12-13,0.004170724529709662
2012-12-14,0.00019917096440200994
2012-12-17,-0.0023008937840879825
2012-12-18,-0.0008219199148622647
2012-12-19,0.003652086859019814
2012-12-20,-0.00024245413684816596
2012-12-21,-0.002871537156596261
2012-12-24,0.0007666343927083075
2012-12-26,0.005574638533510779
2012-12-27,-0.003265149849481808
2012-12-28,-0.0007422967605722664
2012-12-31,0.003125998180097272
2013-01-02,0.002886957621304108
2013-01-03,0.0028038977421153254
2013-01-04,0.004452062987386125
2013-01-07,-0.005950198742142419
2013-01-08,-0.0040091730051072276
2013-01-09,-0.003760343566928511
2013-01-10,0.007534028235431986
2013-01-11,-0.0035430915922616962
2013-01-14,-0.0009609723471940211
2013-01-15,0.002133543563808736
2013-01-16,0.0025116424465540517
2013-01-17,-0.00338397352002224
2013-01-18,0.005764972982446865
2013-01-22,0.0044867666888309095
2013-01-23,-0.008030228973009798
2013-01-24,0.006564155959745659
2013-01-25,0.005595463783302072
2013-01-28,-0.0037771775696705543
2013-01-29,0.003393431996164892
2013-01-30,-0.0015025891490901846
2013-01-31,0.00241376286468623
2013-02-01,0.0003955031341537249
2013-02-04,0.000992092777875075
2013-02-05,0.003076331574641703
2013-02-06,0.005026240504043147
2013-02-07,-0.004779266629212687
2013-02-08,-0.005608853354513609
2013-02-11,0.005797298861871318
2013-02-12,0.004588581606978775
2013-02-13,-0.0019517253920644491
2013-02-14,0.006006896269299324
2013-02-15,-0.007828929513942446
2013-02-19,0.004370526830471054
2013-02-20,-0.01133525512980346
2013-02-21,-0.009132757322801183
2013-02-22,0.003430136226990471
2013-02-25,-0.009566387358191094
2013-02-26,-0.000337414386437972
2013-02-27,-0.0028351468607060396
2013-02-28,-0.006560488670468503
2013-03-01,-0.0066334192488129865
2013-03-04,-0.010935370902011647
2013-03-05,-0.0017489416684571043
2013-03-06,0.009972034230114703
2013-03-07,0.008561480218972255
2013-03-08,0.001226404740391088
2013-03-11,0.0012429926430990086
2013-03-12,0.0008652597004072438
2013-03-13,5.0739298609072775e-05
2013-03-14,0.0036711157873971787
2013-03-15,0.007182730317049843
2013-03-18,-0.00044586901293632215
2013-03-19,-0.006947939003996112
2013-03-20,-0.001958028499545513
2013-03-21,-0.0070758210494557775
2013-03-22,-0.00259422654135177
2013-03-25,-0.0008236239031408701
2013-03-26,-0.005870184116557346
2013-03-27,-0.004501754445968738
2013-03-28,-0.004156892091689903
2013-04-01,-0.008878394293668605
2013-04-02,-0.014151147678549109
2013-04-03,-0.0055230636979344125
2013-04-04,0.0015047155227322878
2013-04-05,0.00013753062713836388
2013-04-08,-0.002080445970935346
2013-04-09,0.024799728724164385
2013-04-10,-0.004449961376172745
2013-04-11,-0.004662373043227342
2013-04-12,-0.009554953509554428
2013-04-15,-0.0045663889964504285
2013-04-16,-0.0017561880139063525
2013-04-17,-0.011319100502687337
2013-04-18,0.004584180729482481
2013-04-19,-0.01587025725559713
2013-04-22,0.005145073499410745
2013-04-23,0.011877283580412533
2013-04-24,0.01851587715322001
2013-04-25,0.0026855997854520596
2013-04-26,0.0018269808445352856
2013-04-29,0.008236856450255022
2013-04-30,0.002726707536445374
2013-05-01,-0.008285497175558713
2013-05-02,-0.0026875360317910155
2013-05-03,0.00683604881623392
2013-05-06,0.008264797781500962
2013-05-07,-0.005474291366655083
2013-05-08,0.013431010775385999
2013-05-09,0.0023760564766105515
2013-05-10,0.0009735547288397822
2013-05-13,-0.006210262272129859
2013-05-14,-0.0031956626251003436
2013-05-15,-0.00436866882120517
2013-05-16,0.008622918695335807
2013-05-17,0.0005678544932340816
2013-05-20,0.013672215566558506
2013-05-21,-0.0046766497869200445
2013-05-22,-0.005051551988734967
2013-05-23,0.0015584650044267831
2013-05-24,-0.004956627953068725
2013-05-28,-0.0017463345876332615
2013-05-29,0.011425482317545602
2013-05-30,0.008044019082909306
2013-05-31,0.0005132814105928122
2013-06-03,0.0003678575031544166
2013-06-04,0.003686452788227974
2013-06-05,0.002114444161168518
2013-06-06,-0.005186840628961609
2013-06-07,-0.002122578040289343
2013-06-10,0.001189830312667884
2013-06-11,-0.010706655145306044
2013-06-12,0.0006617502690828597
2013-06-13,0.002672158460483631
2013-06-14,-0.009600743726632869
2013-06-17,0.004750485378988985
2013-06-18,-0.0010206115161453776
2013-06-19,0.003733421501287377
2013-06-20,-0.0015279031330685763
2013-06-21,-0.009730404699155244
2013-06-24,-0.01422871425436667
2013-06-25,0.006516537357592294
2013-06-26,-0.01083419883644734
2013-06-27,0.004930442452020313
2013-06-28,0.002873471313115895
2013-07-01,0.0034484136899974953
2013-07-02,-0.0008693846577147046
2013-07-03,-0.005506809888854102
2013-07-05,-0.0006195478659888859
2013-07-08,-0.0018756807858515009
2013-07-09,0.008586255487738476
2013-07-10,-0.0016949533284358446
2013-07-11,0.00516037159007065
2013-07-12,-0.001476127108309909
2013-07-15,0.007890148188028563
2013-07-16,0.0017866418012790857
2013-07-17,-0.00018647750478633905
2013-07-18,0.004486568299859565
2013-07-19,-0.0036149552308198185
2013-07-22,0.0026492070320112606
2013-07-23,0.006743524094074104
2013-07-24,-0.008647063472464486
2013-07-25,0.005717682654989999
2013-07-26,-0.0005812900646502595
2013-07-29,-0.0001546149169897834
2013-07-30,-0.006775285482453885
2013-07-31,-0.001381044145268841
2013-08-01,-0.0003182011600285098
2013-08-02,-0.006069180055022646
2013-08-05,0.002302790486337069
2013-08-06,-0.004313198393290631
2013-08-07,-0.004776229805660343
2013-08-08,0.014563151773415373
2013-08-09,0.005417696477026028
2013-08-12,0.007650576856620175
2013-08-13,-0.0010445885088172602
2013-08-14,0.011061697365405588
2013-08-15,0.0050757774549580695
2013-08-16,-0.0009496663355763727
2013-08-19,-0.013707029663757116
2013-08-20,0.005101708291494292
2013-08-21,-0.005277208735338582
2013-08-22,0.002862458568145429
2013-08-23,0.00414725577191292
2013-08-26,-0.0011279110082787521
2013-08-27,-0.00800004678384982
2013-08-28,-0.0009748581067224643
2013-08-29,-0.0031622887255380724
2013-08-30,0.002685804759050484
2013-09-03,0.0004362513983437864
2013-09-04,0.004889568339165712
2013-09-05,0.006772023832067222
2013-09-06,0.00050022472809942
2013-09-09,0.006792355584418916
2013-09-10,0.0027212242103295987
2013-09-11,-0.005567215884055389
2013-09-12,-0.007479759273250998
2013-09-13,-0.0021309016475321353
2013-09-16,-0.004922194504038102
2013-09-17,0.0033159225061277684
2013-09-18,0.0010795863071926175
2013-09-19,-0.004361320274683905
2013-09-20,-0.006471434200940068
2013-09-23,-0.0006460558925447006
2013-09-24,0.0006117644827174915
2013-09-25,-3.370651762466799e-05
2013-09-26,-0.004329942698175814
2013-09-27,-0.011138205985593305
2013-09-30,-0.0008571154291251431
2013-10-01,0.0019059015541606414
2013-10-02,0.006589829062606679
2013-10-03,0.00043194344286114983
2013-10-04,0.001644210370657448
2013-10-07,0.0022708803569697874
2013-10-08,-0.0005179154043221939
2013-10-09,0.0033124293851434666
2013-10-10,-0.007645391749419346
2013-10-11,-0.002752528288361183
2013-10-14,0.001910236564644689
2013-10-15,0.0004786730600178016
2013-10-16,-0.004734427069295886
2013-10-17,-0.0010752551098230534
2013-10-18,-0.003491098162623834
2013-10-21,0.004321688135245069
2013-10-22,-0.004673035107457989
2013-10-23,-0.01265523239076463
2013-10-24,0.004509545427864121
2013-10-25,-0.0003860715905585637
2013-10-28,0.0035314679415302235
2013-10-29,0.004068527332100897
2013-10-30,-0.0014439085860919333
2013-10-31,-0.0005291268321283955
2013-11-01,0.008436066157224899
2013-11-04,0.009584027976730053
2013-11-05,-0.005292624625778041
2013-11-06,0.0024734066007969244
2013-11-07,0.005623559586369179
2013-11-08,0.0023489631491017122
2013-11-11,0.0022871855727673264
2013-11-12,-0.0019244974836759418
2013-11-13,0.0002674938095633617
2013-11-14,-0.011186475908778212
2013-11-15,0.003520226313741063
2013-11-18,-0.004791471284405761
2013-11-19,9.647084767283481e-05
2013-11-20,0.003442051000150621
2013-11-21,-0.004537040968840246
2013-11-22,-0.009038498217687586
2013-11-25,-0.0032133484251169416
2013-11-26,-0.0024605281270827003
2013-11-27,0.004241933544409471
2013-11-29,0.002049841077666612
2013-12-02,-0.0028560557966065
2013-12-03,0.00637898690077393
2013-12-04,0.006836038575347035
2013-12-05,-0.0022313119728714363
2013-12-06,-0.0058721345940219005
2013-12-09,0.0015530656096284666
2013-12-10,0.0005724375034882155
2013-12-11,-0.005871400399946318
2013-12-12,-0.00046617669915134267
2013-12-13,-0.002829785241367858
2013-12-16,0.00195633334071379
2013-12-17,0.002107514509330262
2013-12-18,-0.0108730501944666
2013-12-19,0.003631007462117034
2013-12-20,-0.003403600788162142
2013-12-23,0.00311241870516092
2013-12-24,0.004446657085413674
2013-12-26,-0.0034339403218272926
2013-12-27,0.0069891968191590735
2013-12-30,-0.0004373751904293143
2013-12-31,-0.0001159037649771519
2014-01-02,-0.0001893291346358717
2014-01-03,-0.003742472090359522
2014-01-06,0.0031138805231842965
2014-01-07,-0.0008327999020454221
2014-01-08,-0.0060520716811075966
2014-01-09,-0.0055645303640582105
2014-01-10,0.005751506138659578
2014-01-13,0.006308557592162848
2014-01-14,-0.002331482705961104
2014-01-15,0.005260323496006184
2014-01-16,0.0016602764599896683
2014-01-17,-0.005917676206451912
2014-01-21,-0.005077943659867683
2014-01-22,-0.008239859098139025
2014-01-23,0.0023309780254298544
2014-01-24,0.005703930333078252
2014-01-27,0.004482661460546362
2014-01-28,-0.008100893439061226
2014-01-29,0.004616682782912946
2014-01-30,-0.009842314464384758
2014-01-31,0.0014426617696176318
2014-02-03,0.003945183690434859
2014-02-04,-0.005466288610189557
2014-02-05,-0.00029747387857090144
2014-02-06,0.0030861598137570797
2014-02-07,-0.0068050210108637765
2014-02-10,-8.138274130805323e-05
2014-02-11,0.00083715432583744
2014-02-12,0.0005144433430512556
2014-02-13,-0.0047890692826443705
2014-02-14,0.0015604555891767593
2014-02-18,-0.0066796307327128815
2014-02-19,0.004319007811456848
2014-02-20,-0.0015572709560563325
2014-02-21,-0.005205188848285387
2014-02-24,-0.00835223449276314
2014-02-25,-0.004350709255797168
2014-02-26,0.0069406309918219585
2014-02-27,-0.001959499062969468
2014-02-28,-0.0026209147477116754
2014-03-03,0.0015710241400523465
2014-03-04,-0.007679713445178912
2014-03-05,-0.0003335289160235927
2014-03-06,0.004311061449508397
2014-03-07,0.0007189527675830885
2014-03-10,-0.00274473232290693
2014-03-11,0.0027019929146630582
2014-03-12,-0.00012100260283002608
2014-03-13,0.0036425814110315406
2014-03-14,0.003178683092725138
2014-03-17,-0.0035425568985183024
2014-03-18,-0.0005749718322221847
2014-03-19,-0.0021303642352485156
2014-03-20,0.0008385652810876612
2014-03-21,0.01391959830591167
2014-03-24,0.0059812246771724815
2014-03-25,0.006665040039657734
2014-03-26,0.0045199694372125955
2014-03-27,0.004701053466944482
2014-03-28,0.007068810671852926
2014-03-31,-0.0013914767393591002
2014-04-01,-0.0035123070872696374
2014-04-02,0.001969418649881789
2014-04-03,0.0076016520514424184
2014-04-04,0.012720341285579759
2014-04-07,0.005838689006149181
2014-04-08,0.002259040956802562
2014-04-09,-0.01586464071132882
2014-04-10,0.01626895846202071
2014-04-11,0.001395167319178637
2014-04-14,-0.000856747535060667
2014-04-15,-0.0018491616588772533
2014-04-16,-0.010227815383777249
2014-04-17,-0.0024256659394708865
2014-04-21,-0.0019759248767094095
2014-04-22,-0.007000777464690077
2014-04-23,0.00028261401663294815
2014-04-24,0.0036399164321819283
2014-04-25,0.01436141702386565
2014-04-28,0.010127706576378877
2014-04-29,-0.010555577955927924
2014-04-30,-0.006796489918824944
2014-05-01,-0.004276250587500914
2014-05-02,-0.000778184187446599
2014-05-05,-0.008503119825389259
2014-05-06,0.0029637104030825795
2014-05-07,-0.0002741038115083576
2014-05-08,0.002573871481252961
2014-05-09,-0.0035617955512666274
2014-05-12,-0.008142375341435016
2014-05-13,0.004468538705797486
2014-05-14,0.002107082014038665
2014-05-15,0.002926829152578795
2014-05-16,-0.0005680506713588365
2014-05-19,-0.0076226479077986875
2014-05-20,-6.357122704936697e-05
2014-05-21,-0.007486486529711551
2014-05-22,-0.006082845759980609
2014-05-23,-0.002220864332849775
2014-05-27,-0.0072743692707385125
2014-05-28,-0.0024647225206497047
2014-05-29,-0.0013388750088852036
2014-05-30,0.0022377332105577275
2014-06-02,-0.0010178666825949438
2014-06-03,0.0035334703231405876
2014-06-04,-0.0025486720765452065
2014-06-05,0.0009068154158572701
2014-06-06,-0.0008246731372798258
2014-06-09,0.002822799511625616
2014-06-10,-0.0021852681269041146
2014-06-11,-0.005925417503897858
2014-06-12,0.005166188790117615
2014-06-13,0.0018452816041278678
2014-06-16,0.005366242983698287
2014-06-17,0.0017433541547600142
2014-06-18,-0.005164635511174569
2014-06-19,0.0008936031784084969
2014-06-20,-0.0020861930217636257
2014-06-23,0.0014026146504635467
2014-06-24,0.0010772964186440762
2014-06-25,-0.008043275167091767
2014-06-26,-0.0022112281306521544
2014-06-27,0.002684517868972404
2014-06-30,0.0006207402552765194
2014-07-01,-0.009814206117285252
2014-07-02,0.002380796202865885
2014-07-03,-0.0019418350875541474
2014-07-07,0.004854798589231202
2014-07-08,0.007022271781259204
2014-07-09,-0.0030066955301020553
2014-07-10,0.0015761810279264813
2014-07-11,-0.0015573555346173628
2014-07-14,-0.005006255346576899
2014-07-15,0.004129344363217475
2014-07-16,0.004079010496366696
2014-07-17,0.007152860435471898
2014-07-18,-0.005937676418943264
2014-07-21,-0.001428181525829526
2014-07-22,-0.00509159891600199
2014-07-23,0.003277942415752359
2014-07-24,0.0009491978653093243
2014-07-25,0.0018226800637195298
2014-07-28,0.001562634888857518
2014-07-29,4.946213203513366e-06
2014-07-30,-0.005651879163397175
2014-07-31,0.005887013863857347
2014-08-01,-0.0018633308155990346
2014-08-04,-0.004173993554258614
2014-08-05,0.00125508527752902
2014-08-06,0.008353563987984857
2014-08-07,-0.0007747649218662044
2014-08-08,0.001427715708006851
2014-08-11,-0.002146481966437343
2014-08-12,0.0027170654801762437
2014-08-13,-0.007795036696149317
2014-08-14,0.0027341450727203826
2014-08-15,-0.003327941155540493
2014-08-18,-0.000762922161771613
2014-08-19,0.002177151473032989
2014-08-20,-0.0023801761083466146
2014-08-21,0.00657888164031651
2014-08-22,-0.002393038346343363
2014-08-25,-0.0027289304979093948
2014-08-26,-4.20603915618944e-05
2014-08-27,0.0034788684655035116
2014-08-28,0.0027650008286169763
2014-08-29,0.001395525950855747
2014-09-02,-0.0038476507248020784
2014-09-03,-0.0009472711130746082
2014-09-04,0.002261208735330172
2014-09-05,0.0005805091475578782
2014-09-08,-0.0029295855513841243
2014-09-09,0.0007364073012845519
2014-09-10,0.00020707555662748608
2014-09-11,0.0031789009551171344
2014-09-12,0.002313735828078199
2014-09-15,0.006998118958911199
2014-09-16,-0.00713365860121339
2014-09-17,0.0012953564483432832
2014-09-18,-0.003401448471587972
2014-09-19,0.00013365316687656686
2014-09-22,0.005694293377024778
2014-09-23,-0.0011562375870295463
2014-09-24,-0.005732879440729609
2014-09-25,0.0038932435885293227
2014-09-26,-0.003826721168212343
2014-09-29,-0.002646272537530144
2014-09-30,0.0018769556819495567
2014-10-01,0.0060642250672167716
2014-10-02,0.002487899840923791
2014-10-03,-0.008009875616232452
2014-10-06,0.00724737182968762
2014-10-07,0.0019691771890529585
2014-10-08,-0.0013227500242775994
2014-10-09,0.0033132610908874235
2014-10-10,0.009026882156917179
2014-10-13,0.01360722318971444
2014-10-14,0.005356749647194405
2014-10-15,-0.0035179464388237396
2014-10-16,-0.005508449697990259
2014-10-17,-0.007143228758165994
2014-10-20,-0.0026231137837054996
2014-10-21,-0.012266498232261024
2014-10-22,0.006564805710582166
2014-10-23,-0.009654419995757215
2014-10-24,-0.004095492646144255
2014-10-27,-0.0017568504322845373
2014-10-28,-0.006358501954019774
2014-10-29,0.0002754987688440743
2014-10-30,0.0010322351471295191
2014-10-31,-0.011895850609620461
2014-11-03,0.0011424361048131798
2014-11-04,0.0034320189946982008
2014-11-05,0.004956565121587201
2014-11-06,0.001999767097419251
2014-11-07,0.008885178274910269
2014-11-10,-0.006302452987605593
2014-11-11,0.00015597838095139638
2014-11-12,0.000436433207511814
2014-11-13,-0.000407210222810871
2014-11-14,0.004953467608563347
2014-11-17,0.005632925565625258
2014-11-18,-0.005464931241201845
2014-11-19,0.004816529170934495
2014-11-20,0.00233226677166409
2014-11-21,0.0012597797540575217
2014-11-24,-0.006816800444494711
2014-11-25,-0.0010897542911118981
2014-11-26,-0.003982696085525877
2014-11-28,-0.0024638306391558157
2014-12-01,0.0009678206981250072
2014-12-02,-0.007521247136727186
2014-12-03,0.0031760025211200107
2014-12-04,-0.00527120193937712
2014-12-05,-0.0015545380108640447
2014-12-08,-0.007306717801537467
2014-12-09,0.0017332581317181404
2014-12-10,-0.0004239134056589722
2014-12-11,-0.002321521740063195
2014-12-12,-0.0062875926922702895
2014-12-15,-0.0025845421886748097
2014-12-16,0.009925257830082938
2014-12-17,0.005896604459470285
2014-12-18,-0.00026433640538384287
2014-12-19,0.001603216062211475
2014-12-22,0.0006555013254450024
2014-12-23,0.009519715959142944
2014-12-24,-0.004961140719055825
2014-12-26,-0.0005081338392638992
2014-12-29,-0.0011029665723430748
2014-12-30,0.0032895365003555127
2014-12-31,0.0007635115898125657
2015-01-02,0.005311194638816714
2015-01-05,-0.018152024619106744
2015-01-06,-0.007585122691665124
2015-01-07,-0.009197792349523812
2015-01-08,0.0034765636836234654
2015-01-09,0.0038146439405491966
2015-01-12,-0.017063338552054653
2015-01-13,-0.002646452638043271
2015-01-14,-0.001265802106282951
2015-01-15,-0.0035337859086399595
2015-01-16,0.00790440487126384
2015-01-20,0.0017714306794581298
2015-01-21,0.011364877131332852
2015-01-22,-0.005616352682232555
2015-01-23,-0.0025176122836857743
2015-01-26,0.00926011747477703
2015-01-27,-0.00276774445075139
2015-01-28,-0.014352010874027345
2015-01-29,-0.004221068273099779
2015-01-30,0.012040141048002485
2015-02-02,0.01382222758052216
2015-02-03,0.009947610831392947
2015-02-04,-0.013281283316381646
2015-02-05,0.004109105236430865
2015-02-06,-0.0007126373137498885
2015-02-09,0.008080904797137906
2015-02-10,-0.007523515248943537
2015-02-11,-0.005269855828533146
2015-02-12,0.0036537409563710175
2015-02-13,0.016025771940092776
2015-02-17,0.0018178758673138755
2015-02-18,-0.007153156695778343
2015-02-19,-0.001842744858794133
2015-02-20,-0.005710822717679459
2015-02-23,-0.0073595044429397224
2015-02-24,0.00125492741097121
2015-02-25,0.002489172797563284
2015-02-26,-0.010904079481364027
2015-02-27,0.003941999158541222
2015-03-02,-0.0014590788295404543
2015-03-03,0.000647631104378994
2015-03-04,0.004146548751471184
2015-03-05,-0.007501640147184778
2015-03-06,-0.0034459911128967213
2015-03-09,-0.009353877996989652
2015-03-10,-0.001867594448982809
2015-03-11,0.0032817098032482377
2015-03-12,-0.011777469007073871
2015-03-13,-0.0056069897425386405
2015-03-16,-0.007175107660883804
2015-03-17,-0.0056703019800239205
2015-03-18,0.01217529801721974
2015-03-19,-0.009345854762597305
2015-03-20,0.00655049868951273
2015-03-23,0.002677250910428861
2015-03-24,-0.0022792233655094716
2015-03-25,0.012917858106240274
2015-03-26,0.0008519503353933023
2015-03-27,-0.006374058609460946
2015-03-30,0.001738435176268614
2015-03-31,0.0003292322475502646
2015-04-01,0.007120527234454191
2015-04-02,0.0023641094477797487
2015-04-06,0.012869102599496569
2015-04-07,0.004764353018010603
2015-04-08,-0.005419681584073582
2015-04-09,0.008550290665322957
2015-04-10,3.121656379137099e-05
2015-04-13,0.0020275323373439764
2015-04-14,0.005612560810918812
2015-04-15,0.017515292465223643
2015-04-16,-0.009691910503081626
2015-04-17,0.004490685393777442
2015-04-20,0.0039258354041338435
2015-04-21,-0.006700954676579659
2015-04-22,0.0026100573981959123
2015-04-23,-7.398262342663865e-05
2015-04-24,-0.008772056274392665
2015-04-27,0.007584872291735814
2015-04-28,0.005792959117104286
2015-04-29,0.001338955441987533
2015-04-30,0.00827365795849467
2015-05-01,-0.004378299332875842
2015-05-04,-0.00013257913621717227
2015-05-05,-0.0004740215737408025
2015-05-06,-0.0026265725302876564
2015-05-07,-0.004631925140556033
2015-05-08,0.0011295061734102672
2015-05-11,-0.0031708115704373024
2015-05-12,-0.0024742023635862436
2015-05-13,-0.0001118231090697472
2015-05-14,-0.0036045398976744143
2015-05-15,-0.0024983671990944753
2015-05-18,-0.0027055200618047387
2015-05-19,-0.008023145070714473
2015-05-20,0.0005097499215783983
2015-05-21,0.007458037431117278
2015-05-22,-0.0041478471979891
2015-05-26,-0.0032312583276779432
2015-05-27,-0.0035866167692954988
2015-05-28,-0.0017087193493614122
2015-05-29,-0.003488154668658478
2015-06-01,-0.0003053926382687414
2015-06-02,0.004847793317152511
2015-06-03,-0.00544607365046962
2015-06-04,-0.00026467220967827125
2015-06-05,-0.003909994776309482
2015-06-08,-0.0013390381531600633
2015-06-09,-0.003005160362848501
2015-06-10,0.00031655676899090617
2015-06-11,0.0003168468347545621
2015-06-12,0.0008879625413804422
2015-06-15,-0.005428831492775373
2015-06-16,-0.0018897143216160984
2015-06-17,0.003256051721611365
2015-06-18,-0.00048397021109893604
2015-06-19,-0.0024872513108625356
2015-06-22,0.00039499208275510067
2015-06-23,-0.003202117344996271
2015-06-24,-0.001178642501775839
2015-06-25,-0.006552959376877703
2015-06-26,-0.011876221969641339
2015-06-29,2.3821938004800936e-05
2015-06-30,-0.0055204164647913445
2015-07-01,-0.007591950465664251
2015-07-02,0.0033943088295877995
2015-07-06,-0.006629005119448296
2015-07-07,0.004897751194940845
2015-07-08,-0.0016735192337967698
2015-07-09,-0.004571646392421282
2015-07-10,-0.005596751091770129
2015-07-13,-0.005962934199634561
2015-07-14,0.005630224502879997
2015-07-15,-0.005744005394365437
2015-07-16,-0.008333778500334215
2015-07-17,-0.008459159654520635
2015-07-20,-0.010090220378747707
2015-07-21,0.0034386484376212707
2015-07-22,-0.01412532192594544
2015-07-23,0.011261223412847285
2015-07-24,-0.0029414291698506533
2015-07-27,-0.00022439335510400434
2015-07-28,0.011560629820703485
2015-07-29,0.003175575692431004
2015-07-30,-0.0047091095990411695
2015-07-31,-0.009360136997309993
2015-08-03,-0.008793724602735207
2015-08-04,-0.005225475033180614
2015-08-05,-0.007298925426079104
2015-08-06,0.004409259071083457
2015-08-07,-0.004480431317539096
2015-08-10,0.015963907450548702
2015-08-11,-0.007656387934493419
2015-08-12,0.007675492953147018
2015-08-13,-0.0076783707761959785
2015-08-14,-0.003257364842008874
2015-08-17,-0.0014071589410202207
2015-08-18,-0.006608498692004114
2015-08-19,-0.009991536048333777
2015-08-20,-0.0014117517247474421
2015-08-21,0.008220135348812668
2015-08-24,0.003061509800406251
2015-08-25,-0.005762130299981707
2015-08-26,-0.005051166864201801
2015-08-27,0.018485200217089767
2015-08-28,0.007360738087041811
2015-08-31,0.009484120230657521
2015-09-01,0.0001589561482537704
2015-09-02,-0.004074470459664676
2015-09-03,0.003397767512873303
2015-09-04,-0.0037352322562085307
2015-09-08,-8.639588881690887e-05
2015-09-09,-0.005408257393357678
2015-09-10,-0.004719501842684997
2015-09-11,-0.003846365262624616
2015-09-14,0.0013631260614238219
2015-09-15,-0.000710026130435125
2015-09-16,0.006943131913254505
2015-09-17,-0.006320376485653703
2015-09-18,-0.003886075665862248
2015-09-21,-0.0007316270437383441
2015-09-22,-0.007714417066617019
2015-09-23,-0.010430088947808336
2015-09-24,0.003978798604271657
2015-09-25,0.0018622520670677728
2015-09-28,0.00015519812265584344
2015-09-29,0.0021196704374385196
2015-09-30,0.004042953839236304
2015-10-01,-0.002538818175718106
2015-10-02,0.014436467447284518
2015-10-05,0.0011543996894090019
2015-10-06,0.0023228988778518974
2015-10-07,0.0036839415605239957
2015-10-08,0.0020637966533028664
2015-10-09,-0.0006507755171633542
2015-10-12,-0.00016939022481020274
2015-10-13,-0.007314647737636858
2015-10-14,0.004461884812069626
2015-10-15,0.0006192288527636285
2015-10-16,-0.00489026069047647
2015-10-19,0.0028986544728829902
2015-10-20,0.002979556133795773
2015-10-21,-0.001394496778089476
2015-10-22,-0.015498074523325701
2015-10-23,0.002374580462743988
2015-10-26,-0.008418932447396422
2015-10-27,0.002314545545671693
2015-10-28,0.003363998701327096
2015-10-29,-0.0002647004286556294
2015-10-30,0.0011964236806130371
2015-11-02,0.0020762113095456106
2015-11-03,0.0018030875793881465
2015-11-04,-0.0039662818864065925
2015-11-05,-0.006083098474620828
2015-11-06,0.0025020152304155293
2015-11-09,-0.0008318450428099697
2015-11-10,-0.003520168073170721
2015-11-11,-0.013710959483900291
2015-11-12,-0.0016979929205185752
2015-11-13,0.00416143865451251
2015-11-16,0.002209080224564277
2015-11-17,-0.0004210972786073975
2015-11-18,0.0016326179814124629
2015-11-19,-0.001854465973489199
2015-11-20,-0.0043537629000740576
2015-11-23,-0.0012472063029965387
2015-11-24,0.0071579401255454835
2015-11-25,0.003176253908994873
2015-11-27,-0.0016217176388484754
2015-11-30,0.0021742169172512993
2015-12-01,-0.004027512359162183
2015-12-02,-0.005412562961092898
2015-12-03,-0.004318801350046697
2015-12-04,-0.015750909920094366
2015-12-07,-0.008700138367258912
2015-12-08,-0.008835047878484928
2015-12-09,0.014258756636189139
2015-12-10,0.0036121380817100528
2015-12-11,-0.0004535242014871442
2015-12-14,-0.013039468024276225
2015-12-15,-0.00568601319739621
2015-12-16,-0.0005135457195795578
2015-12-17,-0.012646208293600787
2015-12-18,0.0017203545183417694
2015-12-21,-0.0006238429631012588
2015-12-22,0.006089572281876067
2015-12-23,0.019377627193770713
2015-12-24,-0.002721073980630071
2015-12-28,-0.008600351203280083
2015-12-29,-0.004395301227215938
2015-12-30,-0.00808727388714549
2015-12-31,0.008616692199280448
2016-01-04,0.006680753019647313
2016-01-05,-0.002765178734094648
2016-01-06,-0.014671296493360412
2016-01-07,-0.013249467205794263
2016-01-08,-0.0005761583180600679
2016-01-11,-0.01434063392173933
2016-01-12,-0.012692329258744136
2016-01-13,-0.01191370968723183
2016-01-14,0.018565396496009162
2016-01-15,-0.002087748118231149
2016-01-19,-0.014173301744730162
2016-01-20,0.00279942874204244
2016-01-21,0.017199976906105318
2016-01-22,0.010890046976872153
2016-01-25,-0.01719795956922081
2016-01-26,0.012525433144129154
2016-01-27,-0.0003192124935557822
2016-01-28,0.0010497927035545205
2016-01-29,0.002937200920750995
2016-02-01,-0.0034727084160326403
2016-02-02,-0.015615596700043036
2016-02-03,0.020823527318360065
2016-02-04,0.010317170054011353
2016-02-05,-0.007040983158056975
2016-02-08,-0.022833376091146235
2016-02-09,-0.0033071260085367287
2016-02-10,0.0022830063289030096
2016-02-11,-0.009379661604075733
2016-02-12,0.021218862283737695
2016-02-16,0.01751840306908934
2016-02-17,0.012346434673976997
2016-02-18,-0.0094385441644814
2016-02-19,-0.006794495644713799
2016-02-22,0.016169147285925535
2016-02-23,-0.01544771968548361
2016-02-24,0.001526444236728338
2016-02-25,0.0014094725953058716
2016-02-26,0.013236955818135205
2016-02-29,-6.702658114833267e-05
2016-03-01,0.011658120012169858
2016-03-02,0.018177824377808856
2016-03-03,0.007822303597780167
2016-03-04,0.009822797830125258
2016-03-07,0.0010995523672342432
2016-03-08,-0.023141290526477676
2016-03-09,0.0023663844272776915
2016-03-10,-0.005752131560502536
2016-03-11,0.015103966689112227
2016-03-14,-0.0022367607559534695
2016-03-15,-0.008622053406587617
2016-03-16,0.00429498679727721
2016-03-17,-0.001015688757895568
2016-03-18,0.006965707207511691
2016-03-21,0.0014892893287273513
2016-03-22,0.004787919686100081
2016-03-23,-0.018186500178801305
2016-03-24,-0.0018808211679113866
2016-03-28,-0.0050152289629579495
2016-03-29,-0.0012633612098676213
2016-03-30,0.0015055704353303672
2016-03-31,0.006513711047065224
2016-04-01,-0.0013195941897657694
2016-04-04,-0.0029401758812831165
2016-04-05,-0.006655217930802241
2016-04-06,0.011765452713660713
2016-04-07,-0.003460020404171359
2016-04-08,0.001765706242478818
2016-04-11,0.0035596497458032852
2016-04-12,0.007223829334739517
2016-04-13,0.014934110835781994
2016-04-14,0.0006305029840823563
2016-04-15,-0.002014804355666924
2016-04-18,-0.0007963908181755008
2016-04-19,0.009984258353843653
2016-04-20,0.00916568219391857
2016-04-21,0.0025897179315672613
2016-04-22,0.002493727248167899
2016-04-25,-0.012323448695975719
2016-04-26,-6.651102875226175e-06
2016-04-27,-0.006539937904697743
2016-04-28,-0.0016694950190730823
2016-04-29,-0.014221329978200704
2016-05-02,0.0003452740354370484
2016-05-03,-0.0020171217752079566
2016-05-04,-0.014047012472587396
2016-05-05,-0.001745855052954686
2016-05-06,-0.006257465694890324
2016-05-09,-1.1184744445902296e-05
2016-05-10,0.0067699394379343155
2016-05-11,-0.00767382673497495
2016-05-12,-0.012387017865980303
2016-05-13,0.006138148710758012
2016-05-16,0.004853137836073959
2016-05-17,0.008460845748021207
2016-05-18,0.00946864725818189
2016-05-19,-0.0007804937324543909
2016-05-20,0.00984618555130536
2016-05-23,0.0028049046390368746
2016-05-24,0.002161048985199813
2016-05-25,0.007784712662169121
2016-05-26,-0.004080942454674144
2016-05-27,0.004661408900649721
2016-05-31,0.008164922070661294
2016-06-01,-0.0005333951758346464
2016-06-02,0.000338745205650627
2016-06-03,-0.010121995531041967
2016-06-06,0.005625135156429289
2016-06-07,0.0016266715109163681
2016-06-08,-0.00496430999615217
2016-06-09,-0.0050818154003819385
2016-06-10,-0.006574986796544185
2016-06-13,-0.006589084330824362
2016-06-14,-0.008653850166275644
2016-06-15,0.0028463554098027066
2016-06-16,-0.00397989512333243
2016-06-17,0.005825455873511473
2016-06-20,-0.0011174283751829073
2016-06-21,-0.002274719984740096
2016-06-22,0.000576206879846526
2016-06-23,0.008312279473527803
2016-06-24,-0.015916602502376274
2016-06-27,-0.01589062248171234
2016-06-28,0.013520540909277389
2016-06-29,0.010712746235535461
2016-06-30,-0.0006711678945582847
2016-07-01,0.002917736639049235
2016-07-05,-0.013451297892196418
2016-07-06,0.0018752632183188017
2016-07-07,0.007096647387849379
2016-07-08,0.00505781847384349
2016-07-11,0.0027096387254935505
2016-07-12,0.01750457522487336
2016-07-13,-0.003517560581924013
2016-07-14,0.007778636220370904
2016-07-15,-8.544832494885375e-05
2016-07-18,0.006374670168603349
2016-07-19,-0.0033642281853664513
2016-07-20,0.004863579593690916
2016-07-21,-0.0002393777287884381
2016-07-22,-0.0026731381809355125
2016-07-25,0.004497661676264926
2016-07-26,0.0010718281815328586
2016-07-27,-0.0010915553846125641
2016-07-28,-0.003863135808851683
2016-07-29,-0.002355266391166785
2016-08-01,-0.004492325892660238
2016-08-02,-0.008649503367764776
2016-08-03,0.012847826797088043
2016-08-04,-0.0026126786676197184
2016-08-05,0.004615255989932078
2016-08-08,0.0030605745243786984
2016-08-09,-0.0032229538645412977
2016-08-10,-0.007441392150334195
2016-08-11,0.008922434127463439
2016-08-12,-0.00028124160009358355
2016-08-15,0.006499781345581258
2016-08-16,0.0038264961675209446
2016-08-17,0.00036295117036247074
2016-08-18,0.000669399640822255
2016-08-19,0.0026201521516590874
2016-08-22,0.0013097890424080493
2016-08-23,0.004008928288754886
2016-08-24,-0.001447056207232533
2016-08-25,0.0025399712556199642
2016-08-26,-0.00026545333052664264
2016-08-29,-0.004575803421563889
2016-08-30,0.0022461062653831017
2016-08-31,-0.006085860382519586
2016-09-01,-0.0035357921789466898
2016-09-02,-0.0016291767680004076
2016-09-06,0.003852261718483635
2016-09-07,0.0060991368960664535
2016-09-08,0.008987460874897758
2016-09-09,0.003298430032118275
2016-09-12,-0.0009058014944196126
2016-09-13,-0.0034656855570309804
2016-09-14,-0.002039329210459161
2016-09-15,-0.005500136645762006
2016-09-16,0.00149801914407432
2016-09-19,-0.00534850901848808
2016-09-20,1.5032794326332033e-06
2016-09-21,-0.006653647907758507
2016-09-22,0.004579387240553317
2016-09-23,-0.0009645174525511834
2016-09-26,-0.0011387381253013386
2016-09-27,-0.002807605842697373
2016-09-28,0.0025756455658886793
2016-09-29,-0.003079009902320201
2016-09-30,-0.002479301900632403
2016-10-03,-9.156414181494535e-05
2016-10-04,-4.454882484979518e-05
2016-10-05,-0.0005071476159487867
2016-10-06,-0.0003881115835536819
2016-10-07,-0.0008754345030059703
2016-10-10,0.0029611178074495426
2016-10-11,0.001996498478192651
2016-10-12,-0.0028399565742573685
2016-10-13,0.0003161244556149918
2016-10-14,-0.003158976878626378
2016-10-17,-0.003348525410798867
2016-10-18,0.0017457062817968412
2016-10-19,0.0017232131690415097
2016-10-20,0.008553229371019275
2016-10-21,-0.0017529123666733442
2016-10-24,0.0007659855871083082
2016-10-25,-0.0034537969324104564
2016-10-26,-0.004036643600212081
2016-10-27,0.00688162446748753
2016-10-28,-0.004406050046570626
2016-10-31,-0.009137979663146207
2016-11-01,0.003790600562875774
2016-11-02,0.0007473949010272886
2016-11-03,-0.007340715947709294
2016-11-04,0.0042104568059342104
2016-11-07,-0.005218709620180417
2016-11-08,-0.0032239856468074643
2016-11-09,0.02085539318090337
2016-11-10,-0.0019595728839694885
2016-11-11,-0.00518589906044866
2016-11-14,0.006413005338475679
2016-11-15,-0.0006998251853892227
2016-11-16,0.003942899153646022
2016-11-17,-0.00653681215025991
2016-11-18,-0.0064473422593355305
2016-11-21,-0.0004106704005286427
2016-11-22,-0.00035983652279356407
2016-11-23,-0.001444205871090449
2016-11-25,-0.0017994879502109106
2016-11-28,0.0018213183604544087
2016-11-29,-0.0026317909534980385
2016-11-30,0.00913061208458118
2016-12-01,-0.004667897139579657
2016-12-02,0.0016617576338161977
2016-12-05,-0.002280216602255963
2016-12-06,-0.0036238480948915116
2016-12-07,-0.014405448697285338
2016-12-08,-0.002815765632342259
2016-12-09,0.006023589884723668
2016-12-12,0.004723740484151435
2016-12-13,0.0028166552304360742
2016-12-14,-0.0007805186774134912
2016-12-15,-0.004079516726421032
2016-12-16,0.007767630431157154
2016-12-19,-0.007324496045166314
2016-12-20,-0.005981518349336418
2016-12-21,0.002496972475698264
2016-12-22,0.0022157352762609806
2016-12-23,0.002421914427559707
2016-12-27,0.0008788963565487129
2016-12-28,9.644530515548813e-05
2016-12-29,6.095288143480586e-05
2016-12-30,-0.0015305561068174412
2017-01-03,0.008925907823487154
2017-01-04,0.005344742340930803
2017-01-05,-0.0046522527045786775
2017-01-06,-0.0032207610324290646
2017-01-09,-0.0041005996135069596
2017-01-10,0.007962802086065947
2017-01-11,-0.006389749703085955
2017-01-12,-0.004608047729421726
2017-01-13,-0.002658375599581986
2017-01-17,-0.0042238799865803815
2017-01-18,-0.00016206106278221545
2017-01-19,-0.0037017983508054395
2017-01-20,2.0617264570961374e-05
2017-01-23,-0.008120530871128856
2017-01-24,0.00556748207285714
2017-01-25,0.0009843207614060082
2017-01-26,-0.009564069643237893
2017-01-27,-0.0018243513392974448
2017-01-30,-0.0018731355018343108
2017-01-31,0.007263377223878622
2017-02-01,0.0020638888630574097
2017-02-02,-0.003138903286672669
2017-02-03,0.0002555760591061766
2017-02-06,-0.000539680406243553
2017-02-07,-0.008075446190489811
2017-02-08,-0.004155705810970409
2017-02-09,0.004489183678771218
2017-02-10,-0.004713386115710022
2017-02-13,0.004890453658342024
2017-02-14,0.00489536228326889
2017-02-15,0.001856857574531123
2017-02-16,-0.008508445246913939
2017-02-17,0.0018034762403316155
2017-02-21,-0.0023686163111350986
2017-02-22,-0.007262164134894752
2017-02-23,0.0016522542139902955
2017-02-24,-0.003776271631191643
2017-02-27,0.004958641147022056
2017-02-28,-0.007071821992821297
2017-03-01,0.004138848462037439
2017-03-02,-0.0016050724926288487
2017-03-03,-0.00018489969967055034
2017-03-06,-0.005739605651895223
2017-03-07,-0.011446366570807345
2017-03-08,-0.004534377525697213
2017-03-09,0.00029243157086840106
2017-03-10,-0.0018919561373856519
2017-03-13,-0.0030441546242625547
2017-03-14,-0.004386095945411089
2017-03-15,0.0019673410375107866
2017-03-16,-0.0017573439338020832
2017-03-17,-0.007716957252692135
2017-03-20,-0.0012701703385716568
2017-03-21,-0.0033671013745443764
2017-03-22,0.001224591365866831
2017-03-23,0.0012338254388218556
2017-03-24,0.0029801714541762498
2017-03-27,0.004148111312111146
2017-03-28,0.002413129531820535
2017-03-29,0.005493725943288101
2017-03-30,0.0024120132187824073
2017-03-31,0.00026460831242313136
2017-04-03,-0.003682705997553875
2017-04-04,0.001145266898166791
2017-04-05,-0.004175005309370029
2017-04-06,0.005163901930275701
2017-04-07,0.0007455208241225464
2017-04-10,0.0028038937933761456
2017-04-11,-0.0016648735311045135
2017-04-12,-0.0027669292604387934
2017-04-13,0.0013439065146353183
2017-04-17,-0.0057551369790819875
2017-04-18,-0.005746188584781309
2017-04-19,0.0006609624372145592
2017-04-20,0.0013856137431387944
2017-04-21,-0.006765648274368632
2017-04-24,-0.004256536129079186
2017-04-25,-0.002330141840528316
2017-04-26,0.005168877792516975
2017-04-27,-0.0010920028263190964
2017-04-28,-0.002467505577410439
2017-05-01,-0.0037577701953880427
2017-05-02,0.0007515224088931929
2017-05-03,-0.005198344485618676
2017-05-04,-0.0028561132248888037
2017-05-05,0.00039629946139908335
2017-05-08,-0.0034561114313777005
2017-05-09,0.0033311573881385018
2017-05-10,-0.0056164147067646174
2017-05-11,-0.007591804869732721
2017-05-12,-0.007153631130011817
2017-05-15,-0.0031219128061073047
2017-05-16,-0.007558503485135358
2017-05-17,0.0015072842263890531
2017-05-18,-0.006022787618242804
2017-05-19,0.0010682177589708408
2017-05-22,-0.0031564588593101716
2017-05-23,-0.0023082129351416525
2017-05-24,-0.008007029473958097
2017-05-25,-0.01162638102008679
2017-05-26,-0.0016921952000954904
2017-05-30,-0.006747494184665547
2017-05-31,0.0024916002434756572
2017-06-01,0.009140820205448309
2017-06-02,-0.006912123062490377
2017-06-05,-0.003260893764476049
2017-06-06,-0.00440050820413124
2017-06-07,-0.0068918593272486355
2017-06-08,0.0023965351478111765
2017-06-09,0.023472026724435834
2017-06-12,0.00808006643056583
2017-06-13,-0.004038560485972143
2017-06-14,-0.0017602348071158566
2017-06-15,-0.009257728972704299
2017-06-16,-0.007764991183459943
2017-06-19,-0.0011217789603203121
2017-06-20,-0.002981651983344585
2017-06-21,0.0009504940032402769
2017-06-22,0.010010215478728181
2017-06-23,0.0012664664662502144
2017-06-26,0.006407543786699071
2017-06-27,0.003859912818749023
2017-06-28,-0.0003476696780241199
2017-06-29,0.007739133114797642
2017-06-30,0.0007231326087259245
2017-07-03,0.011277866303710847
2017-07-05,-0.012634214121198074
2017-07-06,-0.010258161058715073
2017-07-07,-0.006665399384541968
2017-07-10,-0.0065438223382491565
2017-07-11,-0.001219658269251752
2017-07-12,-0.004719340806002747
2017-07-13,0.007855439038436794
2017-07-14,-0.0009532981396792316
2017-07-17,0.001977721140478297
2017-07-18,-0.01014273465704546
2017-07-19,0.003464296928514421
2017-07-20,0.003938285595697951
2017-07-21,-0.001078028547385248
2017-07-24,-0.0023622865922425843
2017-07-25,0.008849765715134095
2017-07-26,-0.004189278822708779
2017-07-27,0.006687794907803311
2017-07-28,-0.0010931267750264291
2017-07-31,0.0020175003633636215
2017-08-01,-0.005147181143173787
2017-08-02,-0.0008325019937330698
2017-08-03,-0.007552760160757139
2017-08-04,-0.0012255697679000737
2017-08-07,-0.0023126638244917734
2017-08-08,-0.001962665431755434
2017-08-09,-0.001618341270485191
2017-08-10,0.0007272668054690421
2017-08-11,-0.0011569532859004483
2017-08-14,-0.00945268798087161
2017-08-15,-0.0035874125220293758
2017-08-16,-0.0024130954942604877
2017-08-17,-0.00043480238364958636
2017-08-18,-0.0038400528261706437
2017-08-21,-0.001500901682828446
2017-08-22,-0.000656992703375414
2017-08-23,0.002008405735612763
2017-08-24,0.001977536186210302
2017-08-25,0.006015692305162848
2017-08-28,0.0004063186850395342
2017-08-29,-0.007095915387110035
2017-08-30,-0.0013561467458687887
2017-08-31,0.002688817224243298
2017-09-01,0.008245385527179206
2017-09-05,0.0020226081963701566
2017-09-06,0.009062586685930329
2017-09-07,-0.0019415026294617088
2017-09-08,-0.0031004277363191513
2017-09-11,-0.0030909324090201934
2017-09-12,0.007380788763608914
2017-09-13,0.0047326059750017685
2017-09-14,-0.0024365841743581983
2017-09-15,-0.0024545214037395343
2017-09-18,-0.004496542624578977
2017-09-19,-0.0039470896458422685
2017-09-20,0.0026349783716013257
2017-09-21,0.0015689345130304822
2017-09-22,0.005333346340373474
2017-09-25,0.018702712894954097
2017-09-26,-0.002691449009840324
2017-09-27,-0.007444271124073224
2017-09-28,-0.00652551674455929
2017-09-29,-0.004116143185096577
2017-10-02,0.003187213557839269
2017-10-03,0.00011781393544184546
2017-10-04,0.000715094036341071
2017-10-05,-0.0005045450984571469
2017-10-06,-0.007667267810195217
2017-10-09,-0.006827120167450845
2017-10-10,0.005998433808351534
2017-10-11,-0.005312979030850266
2017-10-12,-0.0029152510979201574
2017-10-13,0.00033668992604056534
2017-10-16,-0.005988254539792769
2017-10-17,0.0021029193532604994
2017-10-18,-0.005278634882667241
2017-10-19,0.00339644918014717
2017-10-20,-0.00025626320701570255
2017-10-23,-0.003437334721953995
2017-10-24,-0.002603960726846338
2017-10-25,-0.007071188386613654
2017-10-26,-0.00892102649333079
2017-10-27,-0.017351083938352215
2017-10-30,-0.0020574605494600154
2017-10-31,-0.014375030403446261
2017-11-01,0.00684983485866552
2017-11-02,-0.0037999678725911695
2017-11-03,-0.0014100442169447675
2017-11-06,0.0008708778600391058
2017-11-07,0.0022125888951927872
2017-11-08,0.003673309918462365
2017-11-09,0.013462040992496357
2017-11-10,0.0017902013299440412
2017-11-13,-0.008061759871440255
2017-11-14,-0.008276499420638924
2017-11-15,0.004104026679320333
2017-11-16,-0.001422892126607819
2017-11-17,0.011432245677159567
2017-11-20,-0.008141230864259106
2017-11-21,-0.007415508615649332
2017-11-22,0.005607540228222934
2017-11-24,-0.005274975416575474
2017-11-27,-0.0059239581895557565
2017-11-28,0.007243038850860549
2017-11-29,0.023314501571194857
2017-11-30,-0.003969276254948944
2017-12-01,0.004627714721511981
2017-12-04,0.021327126196218023
2017-12-05,-0.008367215665147837
2017-12-06,-0.007178849161001086
2017-12-07,-0.004115714948323307
2017-12-08,0.00896042957100419
2017-12-11,0.002313935474042256
2017-12-12,0.002981020871857798
2017-12-13,-0.0017907482679748313
2017-12-14,-0.001263760111545142
2017-12-15,0.005670956485505765
2017-12-18,0.0040687088457951265
2017-12-19,0.0012583229207008603
2017-12-20,0.0003544431314372888
2017-12-21,0.006420693024036578
2017-12-22,4.3919810290740454e-05
2017-12-26,0.00704714557432272
2017-12-27,-0.004968137117867656
2017-12-28,-0.002970753860394261
2017-12-29,-0.0015098641367216456
2018-01-02,0.004484900934754616
2018-01-03,-0.007087010248397478
2018-01-04,-7.409323458492552e-05
2018-01-05,-0.002718614321847534
2018-01-08,-0.0035447728239562564
2018-01-09,-0.0012318208007931764
2018-01-10,0.0013396105976505503
2018-01-11,0.006568481494950368
2018-01-12,-0.0017922028267096282
2018-01-16,-0.0023515255130794146
2018-01-17,-0.006643479039691519
2018-01-18,-0.003092900336046643
2018-01-19,0.000497776887043307
2018-01-22,0.0015331877058263497
2018-01-23,-0.006760443811952114
2018-01-24,-2.003733527605743e-05
2018-01-25,-0.005589965326003788
2018-01-26,-0.0019061012630812572
2018-01-29,0.0033729236730545963
2018-01-30,-0.005736944252202612
2018-01-31,-0.009729607886439876
2018-02-01,0.002502084928649338
2018-02-02,-0.004399333200691225
2018-02-05,0.0027317068726978332
2018-02-06,-0.008383674480880402
2018-02-07,-0.0027507178085568436
2018-02-08,0.008977402632316231
2018-02-09,-0.009395220072795085
2018-02-12,-0.005661299808513739
2018-02-13,-0.005387457174789553
2018-02-14,0.004122814066036198
2018-02-15,-0.00793357709516649
2018-02-16,-0.0005050988053654093
2018-02-20,-0.0066261501661727265
2018-02-21,-0.007028703238287126
2018-02-22,-0.0009671794796092679
2018-02-23,-0.0008386150025002546
2018-02-26,-0.0016767718385223194
2018-02-27,-0.007128636138194169
2018-02-28,-0.004149602514846369
2018-03-01,0.009356107663519166
2018-03-02,-5.319261771216988e-06
2018-03-05,-0.0026902555608783836
2018-03-06,-0.004796519707511227
2018-03-07,-0.012275371167168123
2018-03-08,-0.0033348182756773757
2018-03-09,-0.007099103236899909
2018-03-12,0.002935862393993872
2018-03-13,0.0025110750280972097
2018-03-14,-0.001462586180988928
2018-03-15,-0.004852017476959699
2018-03-16,0.0034558037871741183
2018-03-19,-0.00048740370703562224
2018-03-20,-0.00927729762798163
2018-03-21,0.009304288739547004
2018-03-22,0.01102954523110043
2018-03-23,0.005721087340848697
2018-03-26,-0.01160305884588238
2018-03-27,0.014630607920536958
2018-03-28,0.011767895159177495
2018-03-29,-0.006338910850599782
2018-04-02,-0.00446451758434114
2018-04-03,0.0008757025007831579
2018-04-04,0.004923137843061245
2018-04-05,-0.00015453553736137864
2018-04-06,0.0064431744600106115
2018-04-09,-0.004657074374213831
2018-04-10,0.0017775494990864673
2018-04-11,0.0033326934450444426
2018-04-12,-0.010091483501075586
2018-04-13,0.004091089336381019
2018-04-16,0.00018026348337755454
2018-04-17,-0.010826600401914308
2018-04-18,-0.0030094813357307167
2018-04-19,-0.0025190250060456052
2018-04-20,-0.0002642400942773456
2018-04-23,0.0072082423351136566
2018-04-24,0.018073490410935554
2018-04-25,0.0029280819536101673
2018-04-26,0.01095196408460305
2018-04-27,0.00883976983368511
2018-04-30,-0.006796752955576805
2018-05-01,-0.006993006266191376
2018-05-02,-0.0019876963176010823
2018-05-03,-0.009668719858907049
2018-05-04,-0.0016397989064147224
2018-05-07,-0.007478809211221944
2018-05-08,-0.004470374125224769
2018-05-09,-0.002630496889547739
2018-05-10,0.0012773166674443827
2018-05-11,0.005953257544035068
2018-05-14,0.0047342783248034235
2018-05-15,0.004233543464769239
2018-05-16,0.004207778549181943
2018-05-17,0.006342201711980417
2018-05-18,-0.005135556734102271
2018-05-21,-0.0066469492058846965
2018-05-22,-4.637789820144391e-05
2018-05-23,-0.005400607777394875
2018-05-24,-0.002395476593227717
2018-05-25,-0.002138374411664558
2018-05-29,0.0033389008455388114
2018-05-30,0.0035331769707822474
2018-05-31,-0.0005925537129608699
2018-06-01,-0.005947839611651853
2018-06-04,-0.002053772689034669
2018-06-05,-0.001914345033764671
2018-06-06,0.0016605532087741006
2018-06-07,0.009343106752279886
2018-06-08,0.002851039580244751
2018-06-11,0.004005362310787886
2018-06-12,-0.004228634143265739
2018-06-13,-0.0005089981113425973
2018-06-14,-0.0007112073168929827
2018-06-15,0.0007309726583298061
2018-06-18,-0.004588334872132904
2018-06-19,0.010643766160653472
2018-06-20,0.002427050005765371
2018-06-21,0.0021598891209121734
2018-06-22,0.013899372423511237
2018-06-25,0.006006209293631689
2018-06-26,-0.0034723048350850895
2018-06-27,0.00881584989579386
2018-06-28,-0.010350349083393905
2018-06-29,-8.589576447790542e-05
2018-07-02,-0.004238276936093154
2018-07-03,0.011386523520043188
2018-07-05,-0.0009138285217517428
2018-07-06,0.0041093513913701045
2018-07-09,-0.004408021662784571
2018-07-10,0.00020164182774123996
2018-07-11,-0.003762523960005367
2018-07-12,-0.004233170760559557
2018-07-13,0.0035582562422609844
2018-07-16,-0.0021455450369942115
2018-07-17,-0.003250446341540454
2018-07-18,-0.0058464466283391255
2018-07-19,0.005502293637216293
2018-07-20,-0.004309848313576995
2018-07-23,-0.0014492982219649995
2018-07-24,-0.0015477885597821389
2018-07-25,-0.0063957672599480285
2018-07-26,0.008864925516319084
2018-07-27,0.005196856452431882
2018-07-30,0.021678624580291007
2018-07-31,-0.005591396724030563
2018-08-01,-0.006585576003639288
2018-08-02,5.850014325113991e-08
2018-08-03,0.004443259783528246
2018-08-06,-0.004082018106655262
2018-08-07,-0.002696399457148441
2018-08-08,-0.003464252597218838
2018-08-09,0.001221974940964884
2018-08-10,0.004990294722785738
2018-08-13,-0.002423895343981219
2018-08-14,0.0023323403720645437
2018-08-15,0.0029887367188614457
2018-08-16,0.002984118882396291
2018-08-17,0.00659096527033287
2018-08-20,0.0018147475211285657
2018-08-21,-0.0007445963665711483
2018-08-22,-0.00500372740631243
2018-08-23,-0.0011418368297068048
2018-08-24,-0.0075414386440547055
2018-08-27,-0.0039080680110330146
2018-08-28,-0.0001782541479379687
2018-08-29,-0.001959062973507033
2018-08-30,0.0005891876172390455
2018-08-31,0.002728742004427885
2018-09-04,-0.0026022856519650516
2018-09-05,0.010817025780883548
2018-09-06,-0.0012157434052048005
2018-09-07,-0.001662228769590659
2018-09-10,-0.00019267251655795192
2018-09-11,-0.0038129462826408814
2018-09-12,0.007033255057703021
2018-09-13,-0.00625404686071442
2018-09-14,-0.0035421165927288912
2018-09-17,0.010138396326904019
2018-09-18,-0.003221631981766501
2018-09-19,0.003097422105705573
2018-09-20,-2.8136484947115196e-05
2018-09-21,0.0035291575205441635
2018-09-24,-0.006652370854198629
2018-09-25,-0.005324953592247579
2018-09-26,-1.1327259231548054e-05
2018-09-27,-0.0018162707705275546
2018-09-28,-0.0009245285074763716
2018-10-01,-0.0007899475961246471
2018-10-02,0.004821292895715155
2018-10-03,-0.0007293556933601849
2018-10-04,0.006666624149087475
2018-10-05,0.004418973359357418
2018-10-08,0.01155376359040237
2018-10-09,0.00022180403327660197
2018-10-10,0.014129118836864856
2018-10-11,-0.008691105240947516
2018-10-12,-0.013436735823016925
2018-10-15,0.013965447337309748
2018-10-16,-0.012245633719832122
2018-10-17,0.0023003312310664915
2018-10-18,0.008045529464947495
2018-10-19,0.009876054592280765
2018-10-22,-0.00860653891110466
2018-10-23,0.004842788346291646
2018-10-24,0.004403671423298107
2018-10-25,-0.013587097978625349
2018-10-26,0.006637712258084146
2018-10-29,0.01608095317477176
2018-10-30,-0.006242477241233852
2018-10-31,-0.018169663123264165
2018-11-01,7.355167339768862e-05
2018-11-02,0.0014618722488943697
2018-11-05,0.006960757018732584
2018-11-06,0.0012637064906035108
2018-11-07,-0.015466645506485703
2018-11-08,0.003679297035153534
2018-11-09,0.005320846964350501
2018-11-12,0.006700876419784768
2018-11-13,-0.003055824602231904
2018-11-14,0.0009126035246370124
2018-11-15,-0.00763101017554477
2018-11-16,0.003852020565982868
2018-11-19,0.025462664227868338
2018-11-20,-0.007280879334071461
2018-11-21,0.0015625140430423692
2018-11-23,-0.003163186753689366
2018-11-26,-0.008477884538740349
2018-11-27,0.0006787680345135544
2018-11-28,-0.018808310024356987
2018-11-29,0.00024422565116990986
2018-11-30,-0.0066465681861465065
2018-12-03,-0.0015921436427554529
2018-12-04,0.007313687457242087
2018-12-06,-0.007604661558168926
2018-12-07,0.008205366755946603
2018-12-10,-0.011886378590523427
2018-12-11,-0.002231326790158134
2018-12-12,4.3661379926254276e-05
2018-12-13,-0.0029706995651056487
2018-12-14,0.005542721643411028
2018-12-17,0.008766786138207937
2018-12-18,-0.012180614482310961
2018-12-19,0.0023725428901839587
2018-12-20,0.0017500752279772855
2018-12-21,-0.002519673295636911
2018-12-24,-0.00043962452848027897
2018-12-26,-0.01278968409809118
2018-12-27,-0.006174269778154886
2018-12-28,-0.000774823783272707
2018-12-31,-0.005825876107785549
2019-01-02,0.017568989577140884
2019-01-03,0.015871843456355075
2019-01-04,0.001890855744716664
2019-01-07,0.004630774376386135
2019-01-08,-0.0007782512736180499
2019-01-09,0.0029938816046461672
2019-01-10,-0.0021896128557483273
2019-01-11,0.0019937860597379954
2019-01-14,-0.002822274337493159
2019-01-15,-0.004120070990722211
2019-01-16,-0.0001325926379508431
2019-01-17,-0.0008752779766209674
2019-01-18,0.003576618929556444
2019-01-22,-0.0014598860783221188
2019-01-23,-0.00035938625722618475
2019-01-24,-0.004138642781480105
2019-01-25,0.009480319017105518
2019-01-28,0.0014590993014156704
2019-01-29,-0.0030626605140281664
2019-01-30,-0.006399543159203594
2019-01-31,-0.0018430039477537498
2019-02-01,0.006896307488138217
2019-02-04,-0.006857596834176823
2019-02-05,-0.003966216637299234
2019-02-06,0.0008012493990977692
2019-02-07,-0.011873873632638957
2019-02-08,-0.006506540119302957
2019-02-11,0.005405702152986419
2019-02-12,-0.004934513778497622
2019-02-13,0.007955143123536497
2019-02-14,-0.006669341635663907
2019-02-15,0.0011768676048569337
2019-02-19,0.006212139655837001
2019-02-20,-0.0020636134214282367
2019-02-21,-0.0069894957252538085
2019-02-22,-0.001217337758616521
2019-02-25,0.007309394056192429
2019-02-26,-0.0019640679103026712
2019-02-27,0.002300782491146713
2019-02-28,-0.0016108423257917728
2019-03-01,-0.0009384069348939818
2019-03-04,0.003816817213466538
2019-03-05,-0.005060520815098819
2019-03-06,-0.008749311412942074
2019-03-07,-0.0027658201299661134
2019-03-08,-0.0049676663058198555
2019-03-11,0.001027002041411699
2019-03-12,0.0036244764303769474
2019-03-13,0.0004221437169657281
2019-03-14,-0.0013181603625010458
2019-03-15,-0.0035662143188673963
2019-03-18,0.0026710066341476234
2019-03-19,0.00031745049326509586
2019-03-20,-0.0012032075072688194
2019-03-21,-0.007398168148084546
2019-03-22,-0.004260421924565754
2019-03-25,-0.006095613280033447
2019-03-26,0.010570805182374922
2019-03-27,-0.0013126504339029657
2019-03-28,0.00019055210321821636
2019-03-29,0.0024608927251758665
2019-04-01,-8.423565402216795e-05
2019-04-02,-0.0021586339546366194
2019-04-03,-0.00035703705374412166
2019-04-04,0.003155011630365231
2019-04-05,0.002218187811827615
2019-04-08,0.0018948077272161004
2019-04-09,-0.007041781186791234
2019-04-10,0.0036268348268487663
2019-04-11,-0.0036588213552218502
2019-04-12,0.01500161362870521
2019-04-15,-0.0014289684610155997
2019-04-16,0.015470286365037614
2019-04-17,0.0003270073950864215
2019-04-18,-0.005258646553334581
2019-04-22,-0.0037711319867713496
2019-04-23,-0.0034515104806033016
2019-04-24,-0.0004450224433743966
2019-04-25,-0.006697451282860696
2019-04-26,-0.00019231316369403107
2019-04-29,0.0051643824022014895
2019-04-30,0.002366563346911535
2019-05-01,0.002214722945550126
2019-05-02,-0.001348142845144443
2019-05-03,0.003916879406662103
2019-05-06,0.0009301670897157453
2019-05-07,0.0002861654872911167
2019-05-08,0.0021351297195273396
2019-05-09,-0.0022211172314259855
2019-05-10,-0.0062678456002158356
2019-05-13,-0.00011239330250870718
2019-05-14,0.0027564257066699164
2019-05-15,-0.002266942732517015
2019-05-16,-0.00542768824754899
2019-05-17,-0.0019203298801451255
2019-05-20,0.0003784100241919651
2019-05-21,-0.0011945430086801755
2019-05-22,-0.007339237483416147
2019-05-23,-0.004013135756414037
2019-05-24,-0.002067373880278978
2019-05-28,-0.005509866195523673
2019-05-29,-0.00026218641842898615
2019-05-30,-0.008999051578956488
2019-05-31,-0.008050362123671235
2019-06-03,0.014822867387321912
2019-06-04,0.004315981476557209
2019-06-05,-0.01638748425186148
2019-06-06,0.0007092699406138571
2019-06-07,-0.005190552143318086
2019-06-10,0.003522200494385729
2019-06-11,0.008517324616428717
2019-06-12,-0.004327513873856622
2019-06-13,0.0038905028951111385
2019-06-14,-0.0035926373085577775
2019-06-17,0.0013803807425106839
2019-06-18,0.0006527551807007444
2019-06-19,-0.003217975127331752
2019-06-20,-0.00014791363146355956
2019-06-21,-0.0005062434703817167
2019-06-24,-0.0064754893886857815
2019-06-25,0.015249205002990625
2019-06-26,0.007499627124347861
2019-06-27,0.0018395085005596102
2019-06-28,0.0021660902172331593
2019-07-01,0.0005864627512905883
2019-07-02,-0.005209635428086419
2019-07-03,-0.001460465907096
2019-07-05,0.00011694128910019611
2019-07-08,0.0014227173985879426
2019-07-09,0.0009754243170896546
2019-07-10,-0.002332511096567072
2019-07-11,-0.007212230643567984
2019-07-12,-0.0008706773108206627
2019-07-15,0.0005065532063438375
2019-07-16,-0.0010015181867514553
2019-07-17,-0.005424566134580569
2019-07-18,0.004305276819666724
2019-07-19,0.0035442864661283727
2019-07-22,0.0011868169281404294
2019-07-23,0.005910254486697191
2019-07-24,0.004800151841600805
2019-07-25,-0.007042885831214906
2019-07-26,-0.003195938611557029
2019-07-29,-0.001845497415832916
2019-07-30,0.005850813948755418
2019-07-31,0.00076892048022046
2019-08-01,-0.0005413246046227158
2019-08-02,0.001563028948616354
2019-08-05,0.0015791888856049954
2019-08-06,-0.011283291922955529
2019-08-07,-0.002272284534753559
2019-08-08,-0.004693078992885371
2019-08-09,-0.0036599702595905637
2019-08-12,-0.002099141988034211
2019-08-13,-0.0008995323198654898
2019-08-14,-0.0037527044369523965
2019-08-15,-0.010612129434456458
2019-08-16,0.006825588054890714
2019-08-19,0.004862012626792348
2019-08-20,-0.0037927007742897343
2019-08-21,-0.001633611302103024
2019-08-22,0.004674826540365777
2019-08-23,-0.007388427530903093
2019-08-26,-0.006270295687409088
2019-08-27,-0.007819640642567955
2019-08-28,0.005840305262408987
2019-08-29,-0.0037409867794150867
2019-08-30,0.00707580625076479
2019-09-03,0.002436253985596932
2019-09-04,0.007277320227597331
2019-09-05,0.003390021973986678
2019-09-06,0.00322408800313599
2019-09-09,0.02147257963746686
2019-09-10,0.01170323740641384
2019-09-11,0.002347019663109767
2019-09-12,-0.006472936694947579
2019-09-13,0.0002744235157582473
2019-09-16,0.006852552198971621
2019-09-17,-0.009424471738416781
2019-09-18,-0.004863717803539293
2019-09-19,-0.00010846063421757811
2019-09-20,0.006334871023280425
2019-09-23,-0.00253052692569459
2019-09-24,-0.006824307219509221
2019-09-25,9.477584846225346e-05
2019-09-26,-0.007242836225812325
2019-09-27,0.005068093245632188
2019-09-30,-0.004420264445230638
2019-10-01,-0.008452405287093677
2019-10-02,-0.004923475181636874
2019-10-03,-0.0003792724718962175
2019-10-04,-0.004594211367803568
2019-10-07,0.0003563560673547234
2019-10-08,-0.00113294948863305
2019-10-09,-0.0021059530733996664
2019-10-10,0.00518215162167971
2019-10-11,0.006327827938263647
2019-10-14,9.705429288352064e-05
2019-10-15,-0.001968625842590953
2019-10-16,-0.0019628687378750926
2019-10-17,0.0003904704183404933
2019-10-18,0.005572652876660825
2019-10-21,0.005762623982122452
2019-10-22,0.020045321121252582
2019-10-23,0.004733187653621653
2019-10-24,-0.016779550121268402
2019-10-25,0.002477907060080798
2019-10-28,-0.0032287513988053878
2019-10-29,0.0031807784251134262
2019-10-30,-0.012666362877248538
2019-10-31,-0.005034762947013466
2019-11-01,0.012579343931282485
2019-11-04,0.01443341431164994
2019-11-05,0.0060574744836996335
2019-11-06,-0.009463413499242195
2019-11-07,0.005135621445806218
2019-11-08,0.006262024052796833
2019-11-11,-0.0033185207378757377
2019-11-12,-0.0028950509950385695
2019-11-13,-0.01088824124680628
2019-11-14,-0.006428867961950554
2019-11-15,0.002397409739863414
2019-11-18,-0.003478402129388232
2019-11-19,-0.003574463397440948
2019-11-20,0.001567776963607241
2019-11-21,0.00792050252365132
2019-11-22,0.006930198633771015
2019-11-25,0.0006608280305114051
2019-11-26,-0.010984417640312443
2019-11-27,0.0021985825446706694
2019-11-29,-0.0018072621051197053
2019-12-02,0.005179424670241481
2019-12-03,-0.005904168091533085
2019-12-04,0.005158170810354718
2019-12-05,-0.005428072199033608
2019-12-06,0.005941258309242226
2019-12-09,0.0023380829262405127
2019-12-10,0.0005294462874718172
2019-12-11,-0.0014941313327911344
2019-12-12,0.01014656587338124
2019-12-13,-0.007555456619718428
2019-12-16,0.002496695552684372
2019-12-17,-0.002456978319171602
2019-12-18,-0.000959569534896786
2019-12-19,-0.0036230652264533474
2019-12-20,0.0003930050626881541
2019-12-23,0.004113077957443887
2019-12-24,0.0007597539664487015
2019-12-26,-0.0031746498285620457
2019-12-27,-0.0028273884489881875
2019-12-30,0.002255091670471815
2019-12-31,0.0031882548307535174
2020-01-02,0.0009075762318901131
2020-01-03,-0.004513497893765637
2020-01-06,0.004368896822438087
2020-01-07,0.0005741670966848001
2020-01-08,-0.004913257803193629
2020-01-09,-0.0027234481643682073
2020-01-10,-0.0035746102496446133
2020-01-13,-0.002592952350989918
2020-01-14,0.0037619260317952132
2020-01-15,-0.0036214642732031233
2020-01-16,-0.00012090054222358245
2020-01-17,-0.006207485503620476
2020-01-21,-0.007399710851773403
2020-01-22,-0.006126161953687486
2020-01-23,-0.0021200478466139056
2020-01-24,0.0006797105774878791
2020-01-27,-0.005513780195491975
2020-01-28,-0.004485774593087596
2020-01-29,-0.006264881586896764
2020-01-30,0.002755538581257967
2020-01-31,0.002740245735099429
2020-02-03,-0.008167682750397831
2020-02-04,0.001777978037870511
2020-02-05,0.00913311978724838
2020-02-06,0.0015793225235482182
2020-02-07,-0.003311630736831627
2020-02-10,-0.00816096537999092
2020-02-11,0.005860917078051753
2020-02-12,0.001883392028983142
2020-02-13,-0.0080520261645295
2020-02-14,-0.010680490682196038
2020-02-18,-0.0005178995240419649
2020-02-19,-0.0008713558715772382
2020-02-20,0.007730454786260521
2020-02-21,0.004319276221841936
2020-02-24,-0.0032295500435102617
2020-02-25,-0.004811386322395992
2020-02-26,-0.012036344658661043
2020-02-27,0.003084585878387457
2020-02-28,-0.004974589076516221
2020-03-02,-0.012822345345064476
2020-03-03,-0.003796696933698195
2020-03-04,-0.01871547735521245
2020-03-05,-0.004083016223087353
2020-03-06,-0.010731935859598609
2020-03-09,-0.053135552306848764
2020-03-10,0.004287964796611707
2020-03-11,-0.01522415309046381
2020-03-12,-0.023331688173238354
2020-03-13,0.008178598869700964
2020-03-16,0.004172279926201994
2020-03-17,-0.02420891171404726
2020-03-18,-0.027226177539453774
2020-03-19,0.007765421746253217
2020-03-20,0.02445163413791093
2020-03-23,-0.013399513204687432
2020-03-24,0.03419131029926782
2020-03-25,0.028548423609604627
2020-03-26,-0.009872491958412912
2020-03-27,-0.018150697513983568
2020-03-30,-0.0257267118701053
2020-03-31,0.010994518292564244
2020-04-01,-0.014964989804950854
2020-04-02,0.011241731696616597
2020-04-03,0.0026479489728230927
2020-04-06,-0.0014723315617328145
2020-04-07,0.01968853551189694
2020-04-08,0.0235045366603365
2020-04-09,0.006863683211369867
2020-04-13,-0.01976704022838207
2020-04-14,-0.02338333080904361
2020-04-15,-0.021290767891440517
2020-04-16,-0.04073103403021787
2020-04-17,0.04744654500795967
2020-04-20,-0.011450215965048773
2020-04-21,0.005944710170031314
2020-04-22,-0.0075811628877980345
2020-04-23,0.018017513750520537
2020-04-24,-0.007785001239270934
2020-04-27,0.016569877650229627
2020-04-28,0.0356235511771684
2020-04-29,0.037272212056285635
2020-04-30,-0.020806167434488085
2020-05-01,-0.028419320995090806
2020-05-04,-0.008845591486440619
2020-05-05,-0.020169522648649043
2020-05-06,-0.016666773414369552
2020-05-07,0.01542783835053963
2020-05-08,0.028927018490465275
2020-05-11,-0.031857133285550406
2020-05-12,-0.009051732004956651
2020-05-13,-0.0312284956953955
2020-05-14,0.003975902157290838
2020-05-15,-0.01148990865056999
2020-05-18,0.07115222101428877
2020-05-19,-0.014512790131318652
2020-05-20,0.0229950931076876
2020-05-21,0.008566288501435038
2020-05-22,-0.008962945915179541
2020-05-26,0.05474533347683274
2020-05-27,0.019409638553344537
2020-05-28,-0.024798095673511853
2020-05-29,-0.028134151187076593
2020-06-01,0.015561062386016757
2020-06-02,0.012824883921128408
2020-06-03,0.045819318982212115
2020-06-04,0.025969717345950275
2020-06-05,0.045692654798084965
2020-06-08,0.0384059148174152
2020-06-09,-0.037790427494536837
2020-06-10,-0.05252848461633018
2020-06-11,-0.045549482286776466
2020-06-12,0.03389532558889037
2020-06-15,-0.0029874177785503436
2020-06-16,0.0028744271770043115
2020-06-17,-0.022355946282091605
2020-06-18,0.004057613869116344
2020-06-19,-0.020535499327310695
2020-06-22,-0.010868117936495517
2020-06-23,-0.00018449370232034195
2020-06-24,-0.027106355599890986
2020-06-25,0.005755362363174708
2020-06-26,-0.013405935236471656
2020-06-29,0.022861128789430748
2020-06-30,-0.009704874025167435
2020-07-01,-0.01975713750010534
2020-07-02,0.002505206025383473
2020-07-06,-0.0004942679625448141
2020-07-07,-0.022943819183134935
2020-07-08,-0.00884762480091099
2020-07-09,-0.037453995493240556
2020-07-10,0.029099897218184782
2020-07-13,0.015422433951528852
2020-07-14,-0.0014957160379519697
2020-07-15,0.03022581249761672
2020-07-16,-0.00122870473293775
2020-07-17,-0.011779054950071253
2020-07-20,-0.0321748075577341
2020-07-21,0.034491558443777125
2020-07-22,-0.006515841013516425
2020-07-23,0.019954628878520512
2020-07-24,-0.0024551497817830578
2020-07-27,-0.01913392464868044
2020-07-28,0.00733798005107908
2020-07-29,-0.0018414869748926887
2020-07-30,-0.020707998556987867
2020-07-31,-0.01251638596191121
2020-08-03,-0.00942890662294162
2020-08-04,0.0006418059223797702
2020-08-05,0.009035329870063743
2020-08-06,-0.007461518814693386
2020-08-07,0.018393354134305605
2020-08-10,0.03060387986885059
2020-08-11,0.020043983483779296
2020-08-12,-0.021509591610094993
2020-08-13,-0.01451849421982343
2020-08-14,0.007670192809093512
2020-08-17,-0.020065573997075006
2020-08-18,-0.012007596389735328
2020-08-19,-0.0031974382029184524
2020-08-20,-0.01970294877744778
2020-08-21,-0.006583946939958919
2020-08-24,0.028041730657075777
2020-08-25,-0.010900390561163735
2020-08-26,-0.030413061318234475
2020-08-27,0.017993823756717393
2020-08-28,0.008059965841715123
2020-08-31,-0.01659926152250659
2020-09-01,-0.016509856613030335
2020-09-02,-0.002460559351353539
2020-09-03,0.03271796925273988
2020-09-04,0.01904893907258044
2020-09-08,0.0033615325366344057
2020-09-09,-0.023406440112567223
2020-09-10,-0.0029072119330312398
2020-09-11,0.010525869201790133
2020-09-14,0.0024452043424599236
2020-09-15,-0.016433217414753065
2020-09-16,0.0352880387599853
2020-09-17,0.009060812476093924
2020-09-18,-0.0024691571213373373
2020-09-21,-0.03305190440052281
2020-09-22,-0.017395693380387132
2020-09-23,0.0016880433517067021
2020-09-24,-0.003414179962063847
2020-09-25,-0.010500214144833308
2020-09-28,0.005542394752506228
2020-09-29,-0.01646718080507939
2020-09-30,0.000229241848797333
2020-10-01,-0.013978510018416285
2020-10-02,0.022449827160510454
2020-10-05,-0.002632346502882452
2020-10-06,0.002507353464945605
2020-10-07,-0.0006812020524985168
2020-10-08,0.018656851276521814
2020-10-09,-0.017993827836282283
2020-10-12,-0.007551515022934761
2020-10-13,-0.019123636958511697
2020-10-14,0.002297281652634751
2020-10-15,0.007709107756442162
2020-10-16,-0.006343695710925445
2020-10-19,0.003757597445240292
2020-10-20,0.0033115432030107576
2020-10-21,-0.004884443401823151
2020-10-22,0.02279710261643198
2020-10-23,-0.006502725333144813
2020-10-26,-0.010082170847938792
2020-10-27,-0.020400497463081396
2020-10-28,0.002443082194499961
2020-10-29,0.00020072575927326594
2020-10-30,0.02189150147253763
2020-11-02,0.014982921304162636
2020-11-03,-0.003922768236573081
2020-11-04,-0.028372535860926067
2020-11-05,-0.010893782621346479
2020-11-06,-0.012056345256856641
2020-11-09,0.11328658778236383
2020-11-10,0.029794251060214882
2020-11-11,-0.028806310618109152
2020-11-12,-0.01661549027168724
2020-11-13,0.02313839136534787
2020-11-16,0.028043290121686926
2020-11-17,-0.0017516010981657338
2020-11-18,-0.003958195524991296
2020-11-19,0.0008794286198521312
2020-11-20,-0.0005955620358230018
2020-11-23,0.02904570989679468
2020-11-24,0.02982525419716691
2020-11-25,-0.011233052714012644
2020-11-27,-0.007088688020580465
2020-11-30,-0.025701118529428562
2020-12-01,0.0018149656683352437
2020-12-02,0.01934661572287282
2020-12-03,0.012981870464448344
2020-12-04,0.01884837095802962
2020-12-07,-0.01469734785547568
2020-12-08,0.006919414425292096
2020-12-09,0.0160724595370782
2020-12-10,0.007017098391892186
2020-12-11,-0.00544308839472171
2020-12-14,-0.01600673945601246
2020-12-15,0.007992789347253454
2020-12-16,-0.0077301927440088574
2020-12-17,-0.009374010627695727
2020-12-18,-0.0059768288975022114
2020-12-21,-0.0068117499560218465
2020-12-22,-0.014983526303323343
2020-12-23,0.018391519245185343
2020-12-24,-0.005726200569912641
2020-12-28,-0.00333695098694167
2020-12-29,-0.0009379996429231404
2020-12-30,0.00542382113617871
2020-12-31,0.00020878969510039835
2021-01-04,-7.11474391554799e-05
2021-01-05,-0.014682385002417019
2021-01-06,-0.02589986634098497
2021-01-07,0.007974744563413813
2021-01-08,0.009896414406585825
2021-01-11,-0.008364787878254985
2021-01-12,-0.01881940678603121
2021-01-13,0.001553170571466575
2021-01-14,-0.02587623297880447
2021-01-15,0.016047773650223987
2021-01-19,0.003269958019929546
2021-01-20,0.012235028439240243
2021-01-21,0.014170993852641154
2021-01-22,0.0038590604999393127
2021-01-25,0.006421902408461611
2021-01-27,-0.01489727008538167
2021-01-28,0.002361007660437912
2021-01-29,0.004967043534934092
2021-02-01,0.010891991293553198
2021-02-02,0.002063769904872942
2021-02-03,-0.021647016699160585
2021-02-04,-0.006154004277093441
2021-02-05,-0.001041348291849704
2021-02-08,-0.00733570567770132
2021-02-09,0.0054678897195935845
2021-02-10,-0.003364935174569371
2021-02-11,0.013114818727485326
2021-02-12,0.0008778219014773091
2021-02-16,-0.011085354486552802
2021-02-17,-0.01323882184802565
2021-02-18,0.000551102032270683
2021-02-19,-0.01113254484567918
2021-02-22,-0.035064228679051825
2021-02-23,-0.010760174635289093
2021-02-24,-0.011015180490660989
2021-02-25,-0.007507540058334789
2021-02-26,0.018932979169008626
2021-03-01,0.009454929068664098
2021-03-02,-0.013660215158413765
2021-03-03,-0.030930970825953825
2021-03-04,-0.016948797785687145
2021-03-05,0.002388809934311533
2021-03-08,-0.032155885123931964
2021-03-09,0.034142375953966006
2021-03-10,-0.01014577770545568
2021-03-11,0.01784000582786621
2021-03-12,-0.012868959864769174
2021-03-15,-0.0034263724366013653
2021-03-16,0.009651433617003085
2021-03-17,-0.006135722986770486
2021-03-18,-0.007480093868704832
2021-03-19,0.0036253930977574486
2021-03-22,0.009163483242406333
2021-03-23,0.007146942008445942
2021-03-24,-0.008577117956132798
2021-03-25,-0.008105638037377664
2021-03-26,0.00662289326607795
2021-03-29,-0.0046447686688761034
2021-03-30,0.00010214472982323919
2021-03-31,0.010016637612619485
2021-04-01,-0.0017271525368206038
2021-04-05,0.008390297920320929
2021-04-06,0.0008853847784752308
2021-04-07,0.0012850370743090304
2021-04-08,0.01297601789010249
2021-04-09,0.0019558305390088818
2021-04-12,0.0041045433029078225
2021-04-13,0.0021308282673681983
2021-04-14,-0.013574328667704777
2021-04-15,0.007235474222559095
2021-04-16,-0.003781359790451044
2021-04-19,-0.0053381689611723465
2021-04-20,-0.004450969217057175
2021-04-21,0.002741010394005199
2021-04-22,-0.00043639011412546796
2021-04-23,0.008937959480627346
2021-04-26,0.0027268711111289377
2021-04-27,0.002061744244831137
2021-04-28,-0.003986510238090979
2021-04-29,0.0010900363042871323
2021-04-30,-0.009845068147357966
2021-05-03,-0.013100719289682363
2021-05-04,-0.0028330755324645286
2021-05-05,-0.0010296778037014532
2021-05-06,0.00819647929323052
2021-05-07,-0.0003108730988380133
2021-05-10,-0.01972243629175051
2021-05-11,0.004491090475207507
2021-05-12,-0.015041527716590923
2021-05-13,0.0020029515992248835
2021-05-14,0.00787627721168778
2021-05-17,-0.008685330190836015
2021-05-18,-0.0021168283152630837
2021-05-19,0.005208389730141103
2021-05-20,0.0029536857808606805
2021-05-21,0.0014117433473218415
2021-05-24,0.0125437320039976
2021-05-25,0.007643900666063162
2021-05-26,0.005232775174451945
2021-05-27,0.0008980560676726747
2021-05-28,0.0008861593872098813
2021-06-01,-0.00435462427560291
2021-06-02,-0.0069184905240702544
2021-06-03,-0.0012727594801500515
2021-06-04,0.001357212417699981
2021-06-07,-0.023621717258453877
2021-06-08,0.0010186995124329824
2021-06-09,-0.011453333681475076
2021-06-10,-0.010435181209290252
2021-06-11,0.014405883470437615
2021-06-14,3.9283375776184864e-05
2021-06-15,0.0005938089540069989
2021-06-16,-0.001824259432408144
2021-06-17,-0.004325835426988552
2021-06-18,-0.0060979975617812794
2021-06-21,0.007626007338339096
2021-06-22,0.0054956986036505786
2021-06-23,0.005434529989203541
2021-06-24,0.006785952922252714
2021-06-25,-0.005015407443525849
2021-06-28,0.0022556981566876156
2021-06-29,-0.006663072648184181
2021-06-30,-0.0030742006231063803
2021-07-01,-0.003769814652385567
2021-07-02,0.003041152955126158
2021-07-06,-0.0029617970667001627
2021-07-07,-0.0006254789750175426
2021-07-08,-0.007219177055447047
2021-07-09,0.01125569643922649
2021-07-12,0.007211690340000409
2021-07-13,-0.0009713414701552076
2021-07-14,-0.0015552336248483476
2021-07-15,-0.004447435031598942
2021-07-16,-0.00996187276080419
2021-07-19,-0.00498620823629418
2021-07-20,0.00300868793946034
2021-07-21,0.012263068281861158
2021-07-22,-0.0006267242704082051
2021-07-23,0.0026339875572407813
2021-07-26,0.004260986825849601
2021-07-27,-0.01233159041308054
2021-07-28,-0.0024657652127847707
2021-07-29,0.004462504934936043
2021-07-30,-0.003788878867502976
2021-08-02,0.02200381568323001
2021-08-03,0.002180175645967174
2021-08-04,0.0020231511052837773
2021-08-05,-0.0013824250512765222
2021-08-06,0.0037100826445128263
2021-08-09,0.001160787863983223
2021-08-10,0.0028927532564205203
2021-08-11,-0.0011753324911483055
2021-08-12,0.00015456309096539643
2021-08-13,-0.0027167141005761254
2021-08-16,0.002240865479787833
2021-08-17,-0.013559277642456454
2021-08-18,-0.0005174174846498682
2021-08-19,0.0015335089770476277
2021-08-20,-0.0018148341903517966
2021-08-23,-8.363228738190804e-05
2021-08-24,-0.0013769542269773075
2021-08-25,0.003793498760783363
2021-08-26,0.0005791753299731492
2021-08-27,0.003301984671337399
2021-08-30,0.001196150524518468
2021-08-31,-0.005062621504705696
2021-09-01,-0.002155350130374335
2021-09-02,-0.0025730781135001723
2021-09-03,0.0020980813306136735
2021-09-07,0.001130405350339662
2021-09-08,-0.002653705328730653
2021-09-09,0.005516516266988308
2021-09-10,0.002822693627852289
2021-09-13,-0.002368467214507578
2021-09-14,0.005000885885391352
2021-09-15,0.004219282408707792
2021-09-16,0.003320321444983513
2021-09-17,-0.00452709078218177
2021-09-20,-0.006885663022015418
2021-09-21,0.00643222658653994
2021-09-22,0.003639063458090579
2021-09-23,0.004899632842332613
2021-09-24,0.001864046516749192
2021-09-27,-0.0032436801285857767
2021-09-28,-0.011699173182671448
2021-09-29,-0.002451805577618958
2021-09-30,-0.007776814132680418
2021-10-01,-0.0015669943191280605
2021-10-04,-0.00621292777008304
2021-10-05,-0.004359707253778976
2021-10-06,-0.0016939521711225615
2021-10-07,0.006882482567201607
2021-10-08,0.0022494226419443463
2021-10-11,0.0012905152404838578
2021-10-12,-0.0004568729631961914
2021-10-13,0.002008913283606372
2021-10-14,0.0023767417309096955
2021-10-15,0.002902276452462295
2021-10-18,0.010578407239686817
2021-10-19,-0.007272591224099334
2021-10-20,-0.005647398840091327
2021-10-21,-0.0009827920474988858
2021-10-22,0.011396860806084605
2021-10-25,0.00028988105053619895
2021-10-26,0.00024809560712699
2021-10-27,0.00854195629619956
2021-10-28,-0.00027327620755292377
2021-10-29,0.003336776981792406
2021-11-01,-0.010416427147007202
2021-11-02,0.01320088400756359
2021-11-03,-0.003893174628102722
2021-11-04,-0.005123785452448098
2021-11-05,-0.005919113231026095
2021-11-08,0.0018670253955717052
2021-11-09,0.00070400806443354
2021-11-10,-0.006398948616660132
2021-11-11,0.0025094005575822696
2021-11-12,0.0038902592573527694
2021-11-15,-0.0016740125953909077
2021-11-16,0.0097977796612038
2021-11-17,0.0045153105192176106
2021-11-18,0.0020090387059610144
2021-11-19,0.0003503876599582622
2021-11-22,0.0023609983521884004
2021-11-23,0.0034126212706152405
2021-11-24,0.000952346539283511
2021-11-26,0.0015223658031064706
2021-11-29,-0.07067875396158359
2021-11-30,-0.0031692211210533608
2021-12-01,0.009536524321413132
2021-12-02,-0.009976626567816158
2021-12-03,-0.006197847978843185
2021-12-06,-0.01567516412413785
2021-12-07,0.012378608559773328
2021-12-08,-0.009224405703734744
2021-12-09,0.001764017023900868
2021-12-10,0.01868754680815407
2021-12-13,-0.0035898358164283897
2021-12-14,-0.008269450865135605
2021-12-15,0.0068259692720513375
2021-12-16,-0.008539739546358246
2021-12-17,-0.016133873264597722
2021-12-20,-0.002008954841962531
2021-12-21,-0.01130893457177787
2021-12-22,0.0023621595973507496
2021-12-23,-0.0032135367583242523
2021-12-27,0.013990372286068715
2021-12-28,-0.00655790115578328
2021-12-29,0.0012179659226982554
2021-12-30,-0.002374315242728509
2021-12-31,0.003985225970313658
2022-01-03,0.022325803734840874
2022-01-04,0.01464619044519883
2022-01-05,0.001600506664422029
2022-01-06,0.016419052803907385
2022-01-07,0.003972244561710569
2022-01-10,-0.0033306909621893025
2022-01-11,0.00897579280071218
2022-01-12,-0.008036592244467004
2022-01-13,0.008400056356104756
2022-01-14,-0.0067372381858815614
2022-01-18,-0.008564070425153149
2022-01-19,-0.0034456812946068865
2022-01-20,-0.0011301839490616221
2022-01-21,-0.0028537475230571412
2022-01-24,0.00936938043222659
2022-01-25,-0.00788816305735484
2022-01-26,-0.002643634824496426
2022-01-27,-0.006710976294856956
2022-01-28,0.004728104963773279
2022-01-31,0.014817270466787477
2022-02-01,0.0026007894835516385
2022-02-02,-0.01909209723961715
2022-02-03,-0.006374619495720896
2022-02-04,0.008131263775682233
2022-02-07,-0.008025888828560954
2022-02-08,0.006413388791650241
2022-02-09,0.01793303351967749
2022-02-10,-0.006085186863891573
2022-02-11,-0.01850288289189898
2022-02-14,0.0010972504159406883
2022-02-15,0.009420041226199513
2022-02-16,-0.006784652505437797
2022-02-17,-0.018438704110556994
2022-02-18,-0.0013214251654918745
2022-02-22,0.0031877627494192808
2022-02-23,-0.011319405799751615
2022-02-24,0.020686756120510515
2022-02-25,-0.0031955974570256115
2022-02-28,-0.009353577096839828
2022-03-01,-0.0067373789622956785
2022-03-02,5.447686404298931e-05
2022-03-03,-0.0008195713516026073
2022-03-04,-0.016730680625150124
2022-03-07,-0.019801799396030096
2022-03-08,0.003893421755635904
2022-03-09,0.023123430313620047
2022-03-10,-0.012780596105917526
2022-03-11,-0.0069317400327068256
2022-03-14,0.00818286675476379
2022-03-15,0.01562051288175609
2022-03-16,0.02859903862691419
2022-03-17,-0.009256312343945881
2022-03-18,0.011019406475472943
2022-03-21,-0.02660811117909699
2022-03-22,0.014683850209204754
2022-03-23,-0.019701196678998955
2022-03-24,0.003195467490589757
2022-03-25,-0.007219552306889499
2022-03-28,0.012999640211593215
2022-03-29,0.018607600405018066
2022-03-30,-0.015291850544079572
2022-03-31,-0.010522609813663429
2022-04-01,-0.007025651815322319
2022-04-04,0.008797630904540419
2022-04-05,-0.011194360133102736
2022-04-06,-0.01836102277457021
2022-04-07,-0.009587011450756567
2022-04-08,-0.007941346174224125
2022-04-11,0.004712643313738164
2022-04-12,-0.009503929685101234
2022-04-13,-0.0019906594857323563
2022-04-14,-0.015322921926570395
2022-04-18,0.0018182172188814648
2022-04-19,0.020283682134505158
2022-04-20,-0.007234343981140695
2022-04-21,-0.004037520282692463
2022-04-22,-0.009936793491050915
2022-04-25,0.015899818254641984
2022-04-26,-0.015649844423618848
2022-04-27,-0.01406829424542732
2022-04-28,0.013412497358188795
2022-04-29,-0.008930507023979538
2022-05-02,0.01624230806593042
2022-05-03,-0.0017630805872024854
2022-05-04,0.014536910560446608
2022-05-05,-0.023298332901369498
2022-05-06,-0.013330593791713486
2022-05-09,0.007628085444982462
2022-05-10,-0.0003241095064552344
2022-05-11,-0.018178363837199556
2022-05-12,0.007127838454413234
2022-05-13,0.010064570136577853
2022-05-16,-0.024264588407237216
2022-05-17,0.011267952365939393
2022-05-18,-0.0063069049930716565
2022-05-19,0.004173434916319199
2022-05-20,-0.00044865078674866685
2022-05-23,-0.0005813135143028523
2022-05-24,-0.016965276589061874
2022-05-25,0.0019386500976114308
2022-05-26,0.011567628180093034
2022-05-27,0.01833888117664989
2022-05-31,0.00649456294823873
2022-06-01,-0.007190312855769154
2022-06-02,0.027132746224420502
2022-06-03,-0.018420696919798987
2022-06-06,-0.0016394799943761213
2022-06-07,-0.004855691721105982
2022-06-08,0.0016405487292952385
2022-06-09,-0.0018569284895685765
2022-06-10,-0.019571760926860717
2022-06-13,0.0006844706252030818
2022-06-14,-0.0007324633429456695
2022-06-15,0.02236455409630653
2022-06-16,-0.00143605858092902
2022-06-17,0.011535725771693693
2022-06-21,-0.009992561146073102
2022-06-22,0.010236084860785307
2022-06-23,0.018911086419233177
2022-06-24,0.010119466873985187
2022-06-27,-0.012355054373330562
2022-06-28,-0.017651882803106415
2022-06-29,0.0037054568773926787
2022-06-30,-0.0036238153088939433
2022-07-01,-0.003429207541003514
2022-07-05,0.019439034776680228
2022-07-06,0.00012988888878932638
2022-07-07,0.013022258636290116
2022-07-08,-0.0029412657072027887
2022-07-11,-0.008916946571980078
2022-07-12,-0.0022675866858745185
2022-07-13,-0.0025316427680200405
2022-07-14,-0.0022547758725961512
2022-07-15,0.011772398035797486
2022-07-18,0.0034587382679878817
2022-07-19,0.015905148119379278
2022-07-20,0.017451512087331783
2022-07-21,0.016123746147069903
2022-07-22,-0.008889112725301204
2022-07-25,-0.008308311521704
2022-07-26,-0.011135546622660947
2022-07-27,0.017415690543501557
2022-07-28,0.016149787784092588
2022-07-29,0.0021704985418942112
2022-08-01,-0.005502544874737652
2022-08-02,-0.0013813611225365983
2022-08-03,0.015814787019406813
2022-08-04,0.00887112897820839
2022-08-05,3.705142552385497e-05
2022-08-08,0.0032932876701917482
2022-08-09,-0.01610867379768341
2022-08-10,0.01979306271454953
2022-08-11,0.001192275086049658
2022-08-12,0.002101690471086351
2022-08-15,0.0009165910847328954
2022-08-16,0.0018265679323121026
2022-08-17,-0.009491760916216447
2022-08-18,-0.0012029870146671924
2022-08-19,-0.01459739445772341
2022-08-22,-0.007334841670433481
2022-08-23,0.0004300724475454453
2022-08-24,0.0004477871833329355
2022-08-25,0.008343135279010637
2022-08-26,-0.013043170282164483
2022-08-29,-0.008143185857873278
2022-08-30,0.002998847285658369
2022-08-31,-0.0037130860519312284
2022-09-01,0.0031324415255119206
2022-09-02,-0.00492420749780124
2022-09-06,-0.004500124267389508
2022-09-07,0.00807716137336658
2022-09-08,0.008181079149893801
2022-09-09,0.011289837387578515
2022-09-12,8.166535214755214e-05
2022-09-13,-0.014560202122223174
2022-09-14,-0.008031763170919127
2022-09-15,-0.010625897780671552
2022-09-16,0.006917169373343964
2022-09-19,-0.002658805138234472
2022-09-20,-0.003535264065916789
2022-09-21,0.002632622242981907
2022-09-22,0.003016421547621131
2022-09-23,0.007977602296760164
2022-09-26,-0.0034802368290617934
2022-09-27,-0.003622205071193289
2022-09-28,-0.02809479272535056
2022-09-29,-0.00035613173616243893
2022-09-30,0.002800919561801377
2022-10-03,0.007829264261007435
2022-10-04,-0.0013658459412885231
2022-10-05,0.0015739498709928252
2022-10-06,-0.005311298692253639
2022-10-07,-0.011644355852413682
2022-10-10,0.001963890501241611
2022-10-11,0.0047950828831582575
2022-10-12,-0.0008165833361353158
2022-10-13,0.0022479257651661696
2022-10-14,0.00012843630641747814
2022-10-17,0.007768661715038241
2022-10-18,3.875298126620498e-05
2022-10-19,-0.0024728878697225106
2022-10-20,-0.007298294312371957
2022-10-21,-5.937322118432903e-05
2022-10-24,0.004578597833798424
2022-10-25,0.00615358002094506
2022-10-26,-0.01592210410719871
2022-10-27,-0.0035805910481582584
2022-10-28,0.013540239333007492
2022-10-31,-0.0038916484325457424
2022-11-01,-0.0014512995831356245
2022-11-02,-0.008640477860573847
2022-11-03,-0.011655395580460312
2022-11-04,0.017741030058789166
2022-11-07,-0.0006238140045901515
2022-11-08,0.0007957958994113327
2022-11-09,0.001834512742125572
2022-11-10,0.03699325530159482
2022-11-11,0.017521619869231436
2022-11-14,-0.011164288682764536
2022-11-15,0.010024380123110944
2022-11-16,-0.00592342822035124
2022-11-17,-0.004273409800838369
2022-11-18,0.0011777577430539003
2022-11-21,-0.0037669123321104146
2022-11-22,0.005638905612459514
2022-11-23,0.011399030520904498
2022-11-25,-0.004826013013549753
2022-11-28,0.002817272131209191
2022-11-29,-0.0030284673866736835
2022-11-30,0.023537023108458354
2022-12-01,-0.00267686703655884
2022-12-02,-0.002674417466482155
2022-12-05,-0.003952238086597469
2022-12-06,-0.0034820663294665654
2022-12-07,-0.009303144399377652
2022-12-08,0.005501478016857571
2022-12-09,0.00788702006537014
2022-12-12,0.00043458733766851593
2022-12-13,-0.003560930320183898
2022-12-14,-0.007307618131104293
2022-12-15,-0.004147879101773977
2022-12-16,-0.0038164411548337104
2022-12-19,-0.005509169578139047
2022-12-20,-0.005171493278139226
2022-12-21,-0.007469640001020232
2022-12-22,-0.00578364889683313
2022-12-23,0.007750190922324565
2022-12-27,-0.0009286746351977123
2022-12-28,-0.0010981120886045562
2022-12-29,0.00962062098764506
2022-12-30,0.00023277414135294564
2023-01-03,0.004493066885836869
2023-01-04,0.010804428738245641
2023-01-05,-0.004126082932606695
2023-01-06,0.005041204829584863
2023-01-09,0.010113773194367919
2023-01-10,0.0017860428024032498
2023-01-11,0.010150653247639928
2023-01-12,0.0010002906594921766
2023-01-13,0.0006520507069219162
2023-01-17,-0.0005625988118270629
2023-01-18,0.0026812402342394036
2023-01-19,0.00011547856344878949
2023-01-20,0.007490786662355681
2023-01-23,0.011264740256466985
2023-01-24,-0.004141035392639686
2023-01-25,0.0052391521927641176
2023-01-26,0.007787855185640289
2023-01-27,0.005661506035041876
2023-01-30,-0.004088057075997226
2023-01-31,-0.00032418458580353295
2023-02-01,0.005469325590496505
2023-02-02,0.012040315837952197
2023-02-03,-0.0018530208154172948
2023-02-06,-0.005148504565986867
2023-02-07,0.00382753512951776
2023-02-08,-0.0019874436075105278
2023-02-09,0.0004405353173279616
2023-02-10,-0.006725649443792658
2023-02-13,0.004767769716296893
2023-02-14,0.00044893350447059214
2023-02-15,-0.0024906786711860235
2023-02-16,-0.0023605249828001673
2023-02-17,-0.006266260900068676
2023-02-21,0.0010840529705562795
2023-02-22,-0.0014794753510699041
2023-02-23,-0.005182465866573949
2023-02-24,0.003814063777843572
2023-02-27,-0.004165604968192555
2023-02-28,0.003743338496248427
2023-03-01,-0.0006838276214686782
2023-03-02,-0.00014617091129662902
2023-03-03,-0.0020742905639952822
2023-03-06,0.000717697521423973
2023-03-07,-0.0037399593506294107
2023-03-08,-0.0006159029442945909
2023-03-09,-0.001037383134275254
2023-03-10,0.002268905436240953
2023-03-13,0.004618712746947389
2023-03-14,-0.004163541965837418
2023-03-15,-0.003158175364606006
2023-03-16,0.00043750162808143037
2023-03-17,-0.0016161636878197052
2023-03-20,0.0016811685060603694
2023-03-21,-0.002605665091131255
2023-03-22,0.0007706626646114844
2023-03-23,-0.0040555570278912306
2023-03-24,0.005217431120081047
2023-03-27,0.00113933500291203
2023-03-28,0.004155845094708248
2023-03-29,0.00013759091405549583
2023-03-30,-0.002849163804694694
2023-03-31,-0.00811131507094291
2023-04-03,0.012238282584868056
2023-04-04,0.0025674288895462293
2023-04-05,0.006872189507051601
2023-04-06,-0.002547642481601327
2023-04-10,0.00028605309016816534
2023-04-11,0.0013374325068626883
2023-04-12,0.005920181110068401
2023-04-13,-0.0034612993367933095
2023-04-14,-0.006065005097097475
2023-04-17,-0.003271730541259034
2023-04-18,4.2257032154822654e-05
2023-04-19,-0.008392157701582527
2023-04-20,0.0016393204602372972
2023-04-21,-0.006918943196568262
2023-04-24,0.003063243269366064
2023-04-25,0.0055193834443746604
2023-04-26,-0.012810367571429065
2023-04-27,-0.009501998009357167
2023-04-28,-0.0022832117188518754
2023-05-01,-0.0019183270068493187
2023-05-02,-0.0004341935337801831
2023-05-03,-0.0054489412205173575
2023-05-04,0.002455939064857745
2023-05-05,0.0010131297993751832
2023-05-08,-0.0054432032630500615
2023-05-09,0.004668843905993115
2023-05-10,-0.010255844527434606
2023-05-11,-0.004201710175331758
2023-05-12,0.006780926119168325
2023-05-15,-0.002309399712342299
2023-05-16,-0.009350422184010812
2023-05-17,-0.0045044759583322365
2023-05-18,-0.015169249827476835
2023-05-19,0.007973311110658826
2023-05-22,0.0006873212557363354
2023-05-23,0.009573118719956877
2023-05-24,0.0003277026246180842
2023-05-25,-0.030435554303622995
2023-05-26,-0.008027031130776902
2023-05-30,-0.0058737380355293085
2023-05-31,0.0026358391083964802
2023-06-01,-0.006589729986326014
2023-06-02,0.002765954109813797
2023-06-05,-0.003388820629989806
2023-06-06,-0.0014132954470184081
2023-06-07,0.010837947692968494
2023-06-08,-0.004132059328522582
2023-06-09,-0.00468301038309178
2023-06-12,-0.015359277094014533
2023-06-13,-0.0029594166649691985
2023-06-14,-0.022909671703376266
2023-06-15,0.004012260795301759
2023-06-16,0.006066894247893703
2023-06-20,-0.006140514213603262
2023-06-21,0.011690394001396954
2023-06-22,-0.005060333853147043
2023-06-23,0.0004976435285308473
2023-06-26,0.008732806914085765
2023-06-27,-0.019472667149542256
2023-06-28,-0.00744779790281473
2023-06-29,0.004304351350125172
2023-06-30,-0.002996543104272088
2023-07-03,0.004681579509275325
2023-07-05,0.00040214110119240944
2023-07-06,0.0010038510550738201
2023-07-07,0.0017330525634388495
2023-07-10,-0.005380449492352273
2023-07-11,0.006939719243565075
2023-07-12,-0.005943285672269452
2023-07-13,-0.006250797541621544
2023-07-14,-0.00022461477262893171
2023-07-17,-0.006574065654271577
2023-07-18,0.002282460071401213
2023-07-19,0.011602248291391483
2023-07-20,0.023104473923404645
2023-07-21,0.007234114151375013
2023-07-24,0.003515778925163346
2023-07-25,-0.0015287283394672922
2023-07-26,-0.001848493356616136
2023-07-27,-0.005714147793275311
2023-07-28,-0.010673764421101573
2023-07-31,-0.0023944388875870738
2023-08-01,0.0004342732838187948
2023-08-02,0.01237149958958015
2023-08-03,0.0015120316343132404
2023-08-04,-0.0019243059849034419
2023-08-07,-0.009462998349092094
2023-08-08,0.0044625055863748014
2023-08-09,0.015907825465047033
2023-08-10,-0.001912916723282347
2023-08-11,0.012127396109942302
2023-08-14,-0.012152130532463406
2023-08-15,-0.0016724699330697814
2023-08-16,0.006684852792055045
2023-08-17,0.00446948774287636
2023-08-18,0.0037467433534780206
2023-08-21,-0.009168947722158292
2023-08-22,-0.00505022325464109
2023-08-23,-0.011610093730065565
2023-08-24,0.004480922814844749
2023-08-25,-0.0025960353043330006
2023-08-28,-0.002485866750070986
2023-08-29,-0.013021475072403274
2023-08-30,-0.0017002625800751536
2023-08-31,-0.013946115435303972
2023-09-01,0.0071751090650755455
2023-09-05,0.0027178847681578024
2023-09-06,-0.0065601893801891945
2023-09-07,0.00909811771058688
2023-09-08,0.0020766366128910922
2023-09-11,-0.008532001526696342
2023-09-12,0.015391229572633227
2023-09-13,-0.0015180591852417516
2023-09-14,-0.0010492155248640008
2023-09-15,0.006331256100255454
2023-09-18,-0.00042445047182923735
2023-09-19,0.0038218755833991443
2023-09-20,0.01181660570447359
2023-09-21,0.005027162692910487
2023-09-22,-0.002719235581358014
2023-09-25,0.0039223310651399215
2023-09-26,0.005818789071458347
2023-09-27,-0.0014727747586080436
2023-09-28,-0.007887435959355033
2023-09-29,-0.00413789703245896
2023-10-02,-0.011976105601144009
2023-10-03,0.010486464069375982
2023-10-04,-0.016670200932889442
2023-10-05,0.0018951524088380361
2023-10-06,-0.004311977155225371
2023-10-09,0.017142428329243477
2023-10-10,-6.157526506349728e-05
2023-10-11,-0.002606610048398566
2023-10-12,0.0021398137055002307
2023-10-13,0.0237673808252304
2023-10-16,0.0002720600414483901
2023-10-17,0.003424399434816361
2023-10-18,0.010481526251904323
2023-10-19,0.003309706256122783
2023-10-20,0.0009881099268568944
2023-10-23,-0.01127045883475973
2023-10-24,-0.006410026557437232
2023-10-25,0.02433662100979512
2023-10-26,0.01416711472092532
2023-10-27,-0.02335239475969222
2023-10-30,-0.0032187915789069397
2023-10-31,-0.0004630922728999293
2023-11-01,-0.013748428711360094
2023-11-02,-0.003809508602461523
2023-11-03,-0.010069162866724097
2023-11-06,-0.004320317709521045
2023-11-07,-0.012277973730148993
2023-11-08,-0.007861476334438148
2023-11-09,-0.002436270761785901
2023-11-10,-0.015765525608451413
2023-11-13,0.001308656384947755
2023-11-14,-0.007521440456922929
2023-11-15,0.0004735510966735996
2023-11-16,-0.009590335674464294
2023-11-17,0.0028432381740597806
2023-11-20,-0.005787799149453966
2023-11-21,0.0048817640985231205
2023-11-22,0.0007521843841612442
2023-11-24,0.0024758506670229264
2023-11-27,-0.003739504802784605
2023-11-28,0.0008214497469686875
2023-11-29,0.0013118452446619132
2023-11-30,0.005778712315285167
2023-12-01,0.004105194716525884
2023-12-04,0.00909635398181323
2023-12-05,-0.001728280338357946
2023-12-06,0.0019184027508650284
2023-12-07,-0.013916584856703218
2023-12-08,-0.00437009756913362
2023-12-11,-0.0006162609492649587
2023-12-12,-0.0053485837045942385
2023-12-13,0.0057643952526810795
2023-12-14,0.009667182058010159
2023-12-15,-0.011779014074107474
2023-12-18,-0.005471015058708142
2023-12-19,0.009203901956532099
2023-12-20,0.0029400611502118403
2023-12-21,-0.006667171422278332
2023-12-22,0.0022162227057211984
2023-12-26,-0.000411811681824708
2023-12-27,0.0005722161127179658
2023-12-28,0.0004764798243091707
2023-12-29,0.002721515091939918
2024-01-02,0.009314116380637383
2024-01-03,0.0014902645132553955
2024-01-04,-0.003675853823989516
2024-01-05,0.0008539900837123545
2024-01-08,0.0024530204894888242
2024-01-09,-0.006545063463912495
2024-01-10,-0.004231062936456368
2024-01-11,-0.0021373307142458758
2024-01-12,-0.007752413026839569
2024-01-16,-0.013362439019031903
2024-01-17,-0.007783585192005131
2024-01-18,-0.00023138702155973316
2024-01-19,-0.01027931181664038
2024-01-22,0.003761525754087315
2024-01-23,0.007420745743443454
2024-01-24,0.0009415453057842937
2024-01-25,-0.007147189672028622
2024-01-26,0.006951916351856469
2024-01-29,0.0015905857205882313
2024-01-30,-0.002239017456477895
2024-01-31,-0.0011229835117301731
2024-02-01,-0.0015599753393803217
2024-02-02,-0.011752245308721074
2024-02-05,-0.01216241464573778
2024-02-06,0.014753488004907429
2024-02-07,-0.001171839034265445
2024-02-08,0.002906190300258638
2024-02-09,-0.0034718435834349554
2024-02-12,0.011245160126488477
2024-02-13,-0.007495924647214909
2024-02-14,-0.008459149381370133
2024-02-15,0.007699251826782319
2024-02-16,-0.001605894306715701
2024-02-20,0.00387242010018107
2024-02-21,0.013557080410728574
2024-02-22,-0.008602186882954077
2024-02-23,-0.006124117762847709
2024-02-26,-0.004493714568673431
2024-02-27,0.0016516216299740315
2024-02-28,0.0006576715239383164
2024-02-29,0.01043425480225479
2024-03-01,-0.003970069225545474
2024-03-04,-0.011386072079939087
2024-03-05,-0.006069073625917628
2024-03-06,-0.0038681193374694497
2024-03-07,0.00010827946845153578
2024-03-08,0.012530177768788843
2024-03-11,0.014652968509560476
2024-03-12,-0.011054140374509797
2024-03-13,0.005817948856980448
2024-03-14,-0.0005884553211375845
2024-03-15,-0.004853059178625515
2024-03-18,0.003349812267040982
2024-03-19,-0.0007842967737961024
2024-03-20,0.004967110764267221
2024-03-21,-0.010093038171157014
2024-03-22,-0.0022093280095096517
2024-03-25,-6.79448441360831e-05
2024-03-26,-0.002132553583667637
2024-03-27,0.009056871844314782
2024-03-28,-0.003270375121080472
2024-04-01,-0.004296182488628704
2024-04-02,-0.01574939188291278
2024-04-03,-0.006229921442843062
2024-04-04,0.0005015523974750882
2024-04-05,-0.013028847209090784
2024-04-08,0.006122989025603025
2024-04-09,0.007924293067634456
2024-04-10,-0.011025674041931713
2024-04-11,0.0019391305926868248
2024-04-12,0.0009026665632133775
2024-04-15,-0.001696191947437199
2024-04-16,0.0014312528457446775
2024-04-17,0.005797538716627593
2024-04-18,0.0007724932633206366
2024-04-19,-0.006302121681618996
2024-04-22,-0.0019399659102303185
2024-04-23,-0.002282313716260998
2024-04-24,0.00711101832242134
2024-04-25,-0.0019117075948311395
2024-04-26,-0.0035113483561511043
2024-04-29,0.005132852088068
2024-04-30,-0.0024526551479757998
2024-05-01,0.005626196103241264
2024-05-02,-0.0010160090608116405
2024-05-03,0.0021767891921159804
2024-05-06,-0.0050009350034571475
2024-05-07,0.0013786139747739253
2024-05-08,-0.0002360483289412
2024-05-09,-0.00687497690728863
2024-05-10,0.0010279449440765876
2024-05-13,0.005493251424389977
2024-05-14,-0.0015014380597687344
2024-05-15,-0.0030521846031041962
2024-05-16,0.003142706536130366
2024-05-17,-0.001674551048295623
2024-05-20,-0.0027413194288577066
2024-05-21,-0.006209536660621334
2024-05-22,-0.008930809773998618
2024-05-23,-0.005439897495608255
2024-05-24,-0.010103255730858057
2024-05-28,-0.002967010135932652
2024-05-29,0.0033848631140559527
2024-05-30,-0.0020743828298418598
2024-05-31,0.006598219054547378
2024-06-03,-0.004031173827475438
2024-06-04,0.006897694030552071
2024-06-05,-0.004919817896116352
2024-06-06,0.0048823725976452625
2024-06-07,0.00413448828650574
2024-06-10,-0.003729009358736159
2024-06-11,0.005534285852105082
2024-06-12,0.0005080781717290691
2024-06-13,-0.0005747339782381294
2024-06-14,0.007470855081012914
2024-06-17,0.0022692093560263554
2024-06-18,-0.007106173692355753
2024-06-20,0.01821365950931252
2024-06-21,0.0096999696361217
2024-06-24,0.005824318797315137
2024-06-25,-0.002655811221726127
2024-06-26,0.007159188382839916
2024-06-27,0.00718175090857334
2024-06-28,0.009215133766608154
2024-07-01,-0.0025061197369743407
2024-07-02,0.0010049421247251688
2024-07-03,-0.006253648804085336
2024-07-05,-0.0019902876330331483
2024-07-08,-0.002082792699561539
2024-07-09,-0.007614710365610428
2024-07-10,-0.005908733634819812
2024-07-11,0.017469934027890814
2024-07-12,0.0024382043596243817
2024-07-15,0.002726940239809083
2024-07-16,0.006083940874807295
2024-07-17,0.010422296242426625
2024-07-18,-0.002823960854674546
2024-07-19,0.009218980331031554
2024-07-22,-0.0034014906526450873
2024-07-23,-0.0025928751188284424
2024-07-24,-0.002338665230999309
2024-07-25,0.00014073925398191663
2024-07-26,-0.013413845449927726
2024-07-29,0.007239669462158644
2024-07-30,-0.0013145224436058524
2024-07-31,0.010592577200745258
2024-08-01,-0.01726432764047085
2024-08-02,-0.022617974827629655
2024-08-05,-0.001147765582841737
2024-08-06,0.0093115467510383
2024-08-07,-0.0003361588393638931
2024-08-08,0.01584687011224418
2024-08-09,-0.002094973755841665
2024-08-12,-0.0041777527284363476
2024-08-13,0.0028223143775755535
2024-08-14,-0.0030533212891097512
2024-08-15,0.027338996723367506
2024-08-16,-0.0004468609747966589
2024-08-19,0.004308773253493133
2024-08-20,-0.006148528753884908
2024-08-21,0.00470754818710948
2024-08-22,-0.00936276481870728
2024-08-23,0.002579010455195561
2024-08-26,-0.007439940405661318
2024-08-27,-0.005189839734160038
2024-08-28,-0.008837730031111296
2024-08-29,-0.001792897590760354
2024-08-30,0.004932340495829961
2024-09-03,-0.014157531158554233
2024-09-04,-0.014824950619909686
2024-09-05,0.009072401013287839
2024-09-06,-0.006108014219581015
2024-09-09,-0.004281075305373001
2024-09-10,-0.003027427838235081
2024-09-11,0.012421859169360632
2024-09-12,0.00046294540465261576
2024-09-13,0.005099204635801512
2024-09-16,-7.173219852804158e-05
2024-09-17,0.017167168703865983
2024-09-18,0.0012780900607117774
2024-09-19,0.011401551595522294
2024-09-20,-0.008903972645116193
2024-09-23,-0.0008848710712977203
2024-09-24,0.001920307801275778
2024-09-25,-0.0015025861300712738
2024-09-26,0.010706666184324266
2024-09-27,0.004718062556298364
2024-09-30,-0.006538379915244124
2024-10-01,-0.008951643560933403
2024-10-02,-0.002902381818077283
2024-10-03,0.0051520252762145375
2024-10-04,0.004750195269336976
2024-10-07,-0.0009000881104806296
2024-10-08,0.003127732605537937
2024-10-09,-0.0021995008315201584
2024-10-10,0.004584463210617797
2024-10-11,0.005535398276461491
2024-10-14,-0.003070826119573373
2024-10-15,-0.011841243624670645
2024-10-16,-0.011938810186288654
2024-10-17,-0.006107659409978583
2024-10-18,-0.0013822741525202527
2024-10-21,-0.0006908958401944086
2024-10-22,0.0016822413226985002
2024-10-23,-0.008594571372102922
2024-10-24,0.007108158479664502
2024-10-25,0.013023747433945609
2024-10-28,-0.0046642644670924676
2024-10-29,0.005225576339888106
2024-10-30,-0.0022019682663168066
2024-10-31,-0.013481614520785145
2024-11-01,0.0074455388188359
2024-11-04,0.002576232512256988
2024-11-05,-0.005929675348968938
2024-11-06,-0.01157572464014344
2024-11-07,0.006730960512856025
2024-11-08,-0.011009332824758664
2024-11-11,-0.021161323494141605
2024-11-12,-0.001972488620488498
2024-11-13,-0.0021706129293439184
2024-11-14,0.003994724666339833
2024-11-15,-0.01855460678336836
2024-11-18,0.0037725479245077544
2024-11-19,-0.005326085187644965
2024-11-20,-0.0008032194125744624
2024-11-21,0.0009015847833285791
2024-11-22,0.00037505137211548756
2024-11-25,0.015035760610627452
2024-11-26,-0.005804152165897666
2024-11-27,0.003769029667306435
2024-11-29,0.002871210965519062
2024-12-02,0.012266741263981333
2024-12-03,-0.002077447910586076
2024-12-04,-0.01252340647209678
2024-12-05,-0.014533024835102095
2024-12-06,-0.005914653588446703
2024-12-09,0.023704331337474276
2024-12-10,-0.012874142539808672
2024-12-11,-0.008450013294727861
2024-12-12,-0.003433174934812726
2024-12-13,0.00035863320343024424
2024-12-16,-0.014914230105719347
2024-12-17,-0.0018140804712692116
2024-12-18,0.015163081137386252
2024-12-19,-0.01459993842027891
2024-12-20,0.0006894887184509372
2024-12-23,0.0078108132148830885
2024-12-24,-0.009141398579533111
2024-12-26,0.0009282683865403875
2024-12-27,0.007080576744854028
2024-12-30,0.0031629273501831653
2024-12-31,0.00990810554370876
2025-01-02,-0.0006407166615952283
2025-01-03,-0.0047006874334815365
2025-01-06,-0.004388731506143099
2025-01-07,0.011767907505483349
2025-01-08,-0.010371201700082206
2025-01-10,0.004432804961407589
2025-01-13,0.007284701284024927
2025-01-14,-0.00243827082963278
2025-01-15,-0.012011307040450024
2025-01-16,6.095206586576694e-05
2025-01-17,-0.0009655926957599868
2025-01-21,0.002466567814144276
2025-01-22,-0.01271245934881501
2025-01-23,0.006579173338873055
2025-01-24,0.003434055028541704
2025-01-27,0.032832133703121505
2025-01-28,-0.012749194069087165
2025-01-29,-0.0045143753641316425
2025-01-30,-0.008283512225471698
2025-01-31,-0.00708175937062914
2025-02-03,-0.002044566413112294
2025-02-04,-0.011724400106200543
2025-02-05,-0.007322605470317961
2025-02-06,-0.011211545234236413
2025-02-07,-0.002623697152397969
2025-02-10,-0.005123089271220586
2025-02-11,0.00467792504335945
2025-02-12,0.010554018033174807
2025-02-13,-0.0009517403240578679
2025-02-14,0.001362283572351994
2025-02-18,0.008112255119173451
2025-02-19,0.007427265434024054
2025-02-20,0.009748003872126586
2025-02-21,0.011783600313846322
2025-02-24,0.01076307120929552
2025-02-25,0.003533324327333584
2025-02-26,-0.01881886227840458
2025-02-27,0.013767621401256756
2025-02-28,-0.0055218930031581785
2025-03-03,0.0032360417720487355
2025-03-04,-0.004410063034846931
2025-03-05,0.0027635071163569285
2025-03-06,0.019252303064274
2025-03-07,0.013938471909122084
2025-03-10,0.017427450470485644
2025-03-11,-0.01500292175966675
2025-03-12,-0.01771497335096301
2025-03-13,0.016353519373339828
2025-03-14,-0.006310054127915001
2025-03-17,0.005744890093115759
2025-03-18,0.007511676911435651
2025-03-19,-0.007761814428204709
2025-03-20,0.00038108491247750286
2025-03-21,-0.0013581618175254346
2025-03-24,-0.009393407635341595
2025-03-25,-0.007951622906482743
2025-03-26,0.013143522115355747
2025-03-27,0.005492462678219101
2025-03-28,0.004725187253972382
2025-03-31,-0.0006134516187793746
2025-04-01,-0.009880736037403207
2025-04-02,-0.0030379304560691524
2025-04-03,-0.0017116906408261986
2025-04-04,0.009533640418066107
2025-04-07,-0.006769200759497164
2025-04-08,-0.017446654250279244
2025-04-09,-0.01589845520464542
2025-04-10,-0.008571286478040091
2025-04-11,0.0026243748491166525
2025-04-14,0.0029374317896748467
2025-04-15,-0.00966574407007447
2025-04-16,0.007544412002380396
2025-04-17,0.005998549551104171
2025-04-21,0.01628056081285105
2025-04-22,-0.007123005266647211
2025-04-23,-0.015704615950370357
2025-04-24,-0.009835077125512683
2025-04-25,-0.007337458254643857
2025-04-28,6.0330945131929114e-05
2025-04-29,-0.005581433293408757
2025-04-30,-0.006345472996283021
2025-05-01,-0.009374056762157551
2025-05-02,-0.0033795028189175123
2025-05-05,-0.006622176870965755
2025-05-06,-0.002563129943850415
2025-05-07,0.0010563080357371135
2025-05-08,0.009352735451644929
2025-05-09,0.005231901088934668
2025-05-12,0.00047044314301345993
2025-05-13,-0.015116396539407027
2025-05-14,-0.00746435340216069
2025-05-15,0.0022825393045637146
2025-05-16,0.0030194546105508113
2025-05-19,-0.00099508859127855
2025-05-20,0.010408707568129423
2025-05-21,-0.008753164897381113
2025-05-22,-0.010456061069609484
2025-05-23,-0.00028918986121791005
2025-05-27,-0.0024222592294309837
2025-05-28,-0.002660343816136069
2025-05-29,0.007643954430221429
2025-05-30,-0.0032390131503559293
2025-06-02,-0.0013424818162946302
2025-06-03,0.015335074709894286
2025-06-04,-0.0025335609481326625
2025-06-05,-0.0025037564764768517
2025-06-06,0.0004602735553240591
2025-06-09,0.012495411623304841
2025-06-10,0.012096630313607783
2025-06-11,-0.002388093172115086
2025-06-12,-0.001153938996114832
2025-06-13,0.004937493032479705
2025-06-16,-0.0008343557901031322
2025-06-17,-0.01114715251105197
2025-06-18,0.001533353804874667
2025-06-20,0.005964653814002536
2025-06-23,-0.01161080356456719
2025-06-24,-0.0019234083677035537
2025-06-25,-0.002869054534629898
2025-06-26,0.0023696511340615314
2025-06-27,0.002442989765840786
2025-06-30,-0.007388376216355967
2025-07-01,0.02829874784989538
2025-07-02,0.006335022674796454
2025-07-03,-0.008638969304906081
2025-07-07,-0.005201342263281324
2025-07-08,0.011804228160652451
2025-07-09,-0.004439402717320879
2025-07-10,0.012603583149805673
2025-07-11,0.00011977614406131313
2025-07-14,-0.009659759647516667
2025-07-15,-0.008467183516140307
2025-07-16,-0.0018132112674481777
2025-07-17,-0.0010723471029371546
2025-07-18,-0.006495014667438616
2025-07-21,-0.002304383817401463
2025-07-22,0.01993714499814099
2025-07-23,-0.002186465838605579
2025-07-24,-0.012985539631641646
2025-07-25,-0.00043952761945881237
2025-07-28,-0.001705569955226242
2025-07-29,-0.011982190538817494
2025-07-30,-0.006530361053537274
2025-07-31,-0.012370349557284369
2025-08-01,0.0010544413192877726
2025-08-04,-0.01263234481137782
2025-08-05,0.01663111745212119
2025-08-06,-0.013322849725041228
2025-08-07,0.01551525462096485
2025-08-08,0.001439765842992975
2025-08-11,-0.0035199633550057484
2025-08-12,0.008080701740663793
2025-08-13,0.015754556298180265
2025-08-14,-0.005178991984899253
2025-08-15,0.015583643657747975
2025-08-18,0.0009384583108212976
2025-08-19,0.006786914293277754
2025-08-20,-0.006804139027204404
2025-08-21,0.0005389588844009179
2025-08-22,0.01544861337724763
2025-08-25,-0.004531908971406392
2025-08-26,-0.008796872262296567
2025-08-27,0.0027455940127886747
2025-08-28,-0.008670798297777659
2025-08-29,0.008077888193049061
2025-09-02,0.0031178432499897137
2025-09-03,-0.007833829557486766
2025-09-04,-0.00906221460580798
2025-09-05,0.001976450292133911
2025-09-08,-0.012027893417711839
2025-09-09,-0.008172193861913148
2025-09-10,-0.001262137027680507
2025-09-11,-0.003494075503426827
2025-09-12,-0.008089676732399607
2025-09-15,-0.0042984292415072164
2025-09-16,0.008013749838831146
2025-09-17,0.0008833264439583916
2025-09-18,0.001977061505489457
2025-09-19,-0.01349866406950296
2025-09-22,0.00028845837675420613
2025-09-23,0.006497345656461904
2025-09-24,0.0043041604506495554
2025-09-25,-0.003989936501911177
2025-09-26,0.005714657353809179
2025-09-29,0.0004604608680383174
2025-09-30,0.00043088091613640564
2025-10-01,0.01206179905300794
2025-10-02,0.002962425872336858
2025-10-03,0.01010033933898092
2025-10-06,-0.005111679416296122
2025-10-07,0.0009083493972852735
2025-10-08,-0.002740293941297993
2025-10-09,-0.005858625820384623
2025-10-10,-0.004931619200284468
2025-10-13,-0.0026610744647714347
2025-10-14,0.0035305097115515887
2025-10-15,0.004556425617826002
2025-10-16,0.006138034760658619
2025-10-17,0.0010133045609800981
2025-10-20,0.005840262693797747
2025-10-21,0.0073247943364812
2025-10-22,-0.005804305573375252
2025-10-23,-0.004814702037440524
2025-10-24,-0.005981540633240775
2025-10-27,-0.002807525657499388
2025-10-28,-0.000525998435916462
2025-10-29,-0.010799535305406492
2025-10-30,-9.120934562503953e-05
2025-10-31,0.002844760977010377
2025-11-03,-0.011273972793442348
2025-11-04,-0.0053328507564980214
2025-11-05,0.003070595762192505
2025-11-06,-0.0015335165165398714
2025-11-07,0.0064787403306201625
2025-11-10,-0.014860098264887009
2025-11-11,0.01544538378658561
2025-11-12,0.005474944481828537
2025-11-13,0.007671319696166769
2025-11-14,-0.0033126544796932755
2025-11-17,-0.001011261551880531
2025-11-18,0.011654528684409625
2025-11-19,-0.01515349216914633
2025-11-20,0.003491579908206713
2025-11-21,0.016927735979516533
2025-11-24,-0.012573021231531844
2025-11-25,0.00506378715058723
2025-11-26,0.0038467238308706703
2025-11-28,0.002455991426134844
2025-12-01,0.00228153180470798
2025-12-02,0.0022961631376788704
2025-12-03,0.01138901994123604
2025-12-04,-0.0004222426674213862
2025-12-05,0.0048742099566231115
2025-12-08,-0.0016717241474986401
2025-12-09,0.0006717304192487301
2025-12-10,0.013241225196895577
2025-12-11,0.004775391098951043
2025-12-12,0.010651841613434387
2025-12-15,0.0034591057428872943
2025-12-16,-0.006421989787520377
2025-12-17,0.016019927051405584
2025-12-18,-0.005956320183177428
2025-12-19,-0.006850799095758917
2025-12-22,-0.003492970678110182
2025-12-23,-0.009306962786514496
2025-12-24,0.0009703647876035503
2025-12-26,0.0016697155135207446
2025-12-29,0.0027758941145823003
2025-12-30,0.002025396975011038
2025-12-31,0.0022973237387382815
2026-01-02,-0.015350685798748261
2026-01-05,-0.006514259123495697
2026-01-06,-0.0049070695442423665
2026-01-07,-0.000341050212403648
2026-01-08,0.019048198338552622
2026-01-09,-0.00944389744914397
2026-01-12,-0.007067428516799943
2026-01-13,-0.003522998764242894
2026-01-14,0.010183208032646548
2026-01-15,-0.014431006399081635
2026-01-16,-0.0060230880363201155
2026-01-20,0.002267799688155165
2026-01-21,-0.002849615140767293
2026-01-22,0.005511305875402261
2026-01-23,0.00805583645123441
2026-01-26,-0.003902907329246648
2026-01-27,-0.021165488521283055
2026-01-28,-0.006277234242118764
2026-01-29,-0.018180901163789405
2026-01-30,0.027642361630323478
2026-02-02,-0.016387478154078816
2026-02-03,-0.022833507669585563
2026-02-04,0.030519079943221814
2026-02-05,-0.02282097914103705
2026-02-06,-0.012836981529865557
2026-02-09,-0.005566756656660018
2026-02-10,0.020013955184602555
2026-02-11,-0.02348791996179017
2026-02-12,0.0009566566065051866
2026-02-13,0.003482665910108027
2026-02-17,-0.00028299724965926646
2026-02-18,-0.003756307942666796
2026-02-19,-0.006965801521590117
2026-02-20,-0.008491771317033612
2026-02-23,-0.017289562838140017
2026-02-24,0.010930053785824359
2026-02-25,0.0038684867378406874
2026-02-26,0.019514603813658077
2026-02-27,0.005938067167471642
2026-03-02,2.8783603284298384e-05
2026-03-03,0.024846387762929422
2026-03-04,-0.0006050000669260494
2026-03-05,0.023125330593469398
2026-03-06,0.009408175831180508
2026-03-09,-0.02191205878229033
2026-03-10,-0.01422940346107995
2026-03-11,-0.009847994522163861
2026-03-12,-0.0024465117754855917
2026-03-13,-0.004460660959141208
2026-03-16,0.0010982107407067649
2026-03-17,-0.0006774760493340431
2026-03-18,-0.009383781322760536
2026-03-19,-0.0034143257270176698
2026-03-20,0.004926047246243034
2026-03-23,0.0019941455052896037
2026-03-24,-0.020479921073665
2026-03-25,0.001936524918318986
2026-03-26,0.03161994910219136
2026-03-27,-0.017874755947455575
2026-03-30,0.030033445604538557
2026-03-31,-0.013657338559372534
2026-04-01,-0.025628073460068672
2026-04-02,0.0008491099508129182
2026-04-06,-0.009616523739123731
2026-04-07,-0.013094984967364533
2026-04-08,-0.026676620048543973
2026-04-09,-0.025230784606983178
2026-04-10,-0.014047249336082512
2026-04-13,0.01611361084179976
2026-04-14,-0.00011399303021200808
2026-04-15,0.02940632259116071
2026-04-16,-0.0018260222519275596
2026-04-17,-0.0006595296158376201
2026-04-20,0.0031886240959864984
2026-04-21,-0.011297936346781058
2026-04-22,-0.014491965723133226
2026-04-23,-0.018710288562632595
2026-04-24,-0.011352851324940967
2026-04-27,-0.007382021075498303
2026-04-28,0.02003690775358548
2026-04-29,-0.016558295338142227
2026-04-30,-0.011020609191057773
2026-05-01,-0.0013469146441939946
2026-05-04,-0.007789176549252012
2026-05-05,-0.02701983134301138
2026-05-06,-0.013664708946200477
2026-05-07,0.027257554437895248
2026-05-08,-0.04626960091353173
2026-05-11,-0.025743255245579782
2026-05-12,0.01387597431213794
2026-05-13,-0.021454983302610052
2026-05-14,0.003327966948926183
2026-05-15,0.012092994917448968
2026-05-18,0.027282484489359674
2026-05-19,0.001266389543953695
2026-05-20,-0.0026448283471551693
2026-05-21,-0.019506947518866828
2026-05-22,-0.004476970053957589
2026-05-26,-0.035556605300348376
2026-05-27,0.0044071822758492436
2026-05-28,0.0016789539696403415
2026-05-29,-0.00430610369481917
2026-06-01,-0.0169458076352353
2026-06-02,-0.03078922875544881
2026-06-03,-0.01769140834320161
2026-06-04,0.018238572731639226
2026-06-05,0.05285226238342713
2026-06-08,-0.031831532549968816
2026-06-09,0.015547951239399706
2026-06-10,0.004926570574065998
2026-06-11,-0.044438009253458484
2026-06-12,-0.018687746292158355
2026-06-15,-0.01792769709583996
2026-06-16,0.019438809114042173
2026-06-17,-0.029495514593062412
2026-06-18,-0.030691029145769624
2026-06-22,-0.02800008349476886
2026-06-23,0.05176848915033066
2026-06-24,0.008169219238977544
2026-06-25,-0.05447787490064633
2026-06-26,0.0627209842567871
2026-06-29,-0.03558151503750373
2026-06-30,-0.03533467920808612
2026-07-01,0.051293315146766286
2026-07-02,0.06130170234933143
2026-07-06,-0.0168226127794654
2026-07-07,0.037850203999616236
2026-07-08,-0.021103557967802142
2026-07-09,-0.019056688580282248
2026-07-10,0.0008612843383426238
2026-07-13,0.027985407517986508
2026-07-14,-0.04160835758886578
2026-07-15,0.0358049858398548
2026-07-16,0.04860523503559132
2026-07-17,-0.011093958261550312
2026-07-20,0.0013013153346787035
2026-07-21,-0.0385180498464532
2026-07-22,-0.01015186083690414
2026-07-23,-0.01166948245840754
2026-07-24,0.03902192454856538
2026-07-27,0.04653218235643542
2026-07-28,0.05453947544722874
2026-07-29,0.03345004890193013
2026-07-30,-0.06082751189638398
2026-07-31,-0.0037411569835740194
2026-08-03,0.012128476951052443
2026-08-04,-0.018828056515278833
2026-08-05,0.008980173753777384
2026-08-06,0.016597382169590884
2026-08-07,0.006683467897012556
2026-08-10,0.002415100310994291
2026-08-11,-0.00030400602881264894
2026-08-12,-0.02477933163911224
2026-08-13,0.00966281997445336
