,0
2006-01-03,-0.0026702916549334503
2006-01-04,0.005146334052354239
2006-01-05,0.008324384664366496
2006-01-06,-0.003612965138419117
2006-01-09,-0.006413605211566131
2006-01-10,-0.007742945944238347
2006-01-11,0.0021056485835865635
2006-01-12,-0.005542461600638535
2006-01-13,-0.004735104238790856
2006-01-17,-0.007727368172998838
2006-01-18,-0.00805038015838077
2006-01-19,0.0015221040177799284
2006-01-20,-0.009204659498773905
2006-01-23,-0.005607942856793025
2006-01-24,-0.009963928752619162
2006-01-25,-0.002693436079470937
2006-01-26,-0.00720415945278039
2006-01-27,-0.008523986516285059
2006-01-30,-0.005744613224442608
2006-01-31,-0.006836274225418475
2006-02-01,0.003627407930976239
2006-02-02,-0.00047398905078643947
2006-02-03,-0.0038942147378840694
2006-02-06,-0.00611320028041625
2006-02-07,-0.0019475249904491233
2006-02-08,0.0034180147127758874
2006-02-09,-0.00033391984821633377
2006-02-10,-0.004567526297183096
2006-02-13,-0.006153688934056445
2006-02-14,-0.007657655403327127
2006-02-15,-0.0013748316591452986
2006-02-16,-0.004405738328925534
2006-02-17,0.002176168924525875
2006-02-21,-0.0071348972771093574
2006-02-22,-0.007597740082053523
2006-02-23,-0.006800689010853863
2006-02-24,-0.007829381019116264
2006-02-27,-0.003717137404532999
2006-02-28,-0.0029504497638247903
2006-03-01,-0.007971735654717973
2006-03-02,-0.0026300345473044663
2006-03-03,-0.006332754949287574
2006-03-06,-0.004531676947697983
2006-03-07,-0.001981078257719647
2006-03-08,-0.0039278231681657335
2006-03-09,-0.0026273997154230267
2006-03-10,-0.007028167257452729
2006-03-13,-0.0059645063109702
2006-03-14,-0.012534524343698901
2006-03-15,-0.0061324853705630004
2006-03-16,-0.010506704237875279
2006-03-17,-0.0021005299426459616
2006-03-20,0.0037047508196252086
2006-03-21,0.002282151913814398
2006-03-22,-0.011513160562256874
2006-03-23,-0.0004946147802746114
2006-03-24,-0.004877879739042194
2006-03-27,-0.0028649523921478793
2006-03-28,-0.008727999549848462
2006-03-29,-0.006913541505325933
2006-03-30,-0.0034973321648473343
2006-03-31,-0.0048239850374901605
2006-04-03,-0.002656847508017685
2006-04-04,-0.006988415471148586
2006-04-05,-0.004805106748837391
2006-04-06,-0.007944487187124667
2006-04-07,-0.006201313261431564
2006-04-10,-0.007738596272517954
2006-04-11,-0.0026230683400582724
2006-04-12,-0.002625663835330413
2006-04-13,-0.0016311413294727798
2006-04-17,-0.016439033870499546
2006-04-18,-0.010818592216109367
2006-04-19,0.0017580269139126454
2006-04-20,0.0036232099839784366
2006-04-21,-0.010615670335990727
2006-04-24,-0.0060784189613251
2006-04-25,0.002794642496295222
2006-04-26,0.0012775389299450888
2006-04-27,0.010559125133024903
2006-04-28,-0.014430064072403215
2006-05-01,-0.0011430241506456135
2006-05-02,-0.007440814306425248
2006-05-03,-0.00029656315337912766
2006-05-04,0.0030732911519073675
2006-05-05,-0.009325098636452388
2006-05-08,0.0019716347340690034
2006-05-09,-0.0072536263813639465
2006-05-10,-0.008627201178146596
2006-05-11,0.0037512523457991116
2006-05-12,0.004038778402916736
2006-05-15,0.003352351777512496
2006-05-16,-0.0020945977448133153
2006-05-17,0.0027211115773768902
2006-05-18,-0.007510600057266997
2006-05-19,-0.0017451047076516768
2006-05-22,-0.005339118161759007
2006-05-23,-0.003973795879421026
2006-05-24,-0.0064589346150741725
2006-05-25,-0.005815827157645809
2006-05-26,-0.005406659605707744
2006-05-30,-0.007196197285168342
2006-05-31,-0.0101364644622495
2006-06-01,-0.00115959630327017
2006-06-02,-0.004639971759248221
2006-06-05,0.0032913691429274786
2006-06-06,-0.00029060051705462765
2006-06-07,-0.007757027346489329
2006-06-08,-0.007800228642143052
2006-06-09,-0.0054555873240968505
2006-06-12,0.005455131438019667
2006-06-13,-0.002435318431710184
2006-06-14,-0.01187526750595819
2006-06-15,-0.004776431331951551
2006-06-16,-0.005658644448247169
2006-06-19,0.003694654413714904
2006-06-20,-0.0032639539685445943
2006-06-21,-0.01110224532834303
2006-06-22,-0.009023995175475502
2006-06-23,-0.007295613508875918
2006-06-26,-0.004948400336158787
2006-06-27,-0.004846987200116715
2006-06-28,0.0009648403123158414
2006-06-29,-0.00772260412315626
2006-06-30,-0.004452441403003693
2006-07-03,-0.005153880339565088
2006-07-05,-0.003042542420393546
2006-07-06,-0.004166708520453353
2006-07-07,0.0009665477279749736
2006-07-10,-0.0017309310244378838
2006-07-11,-0.005599724398740353
2006-07-12,-0.0033877526812004267
2006-07-13,0.0006142679908529348
2006-07-14,-0.0010672967420750626
2006-07-17,0.005683396721241863
2006-07-18,0.0002445808551690574
2006-07-19,-0.005601399593976108
2006-07-20,-0.004906447917640664
2006-07-21,-0.007753903479401594
2006-07-24,-0.012002410769058574
2006-07-25,-0.008431009051490877
2006-07-26,0.0027778010707681534
2006-07-27,0.007697268868668703
2006-07-28,0.00020199433372387887
2006-07-31,-0.011183127033847058
2006-08-01,-0.014050800877973241
2006-08-02,-0.0009941525441952664
2006-08-03,-0.0011484264837750306
2006-08-04,-0.0027368876546280765
2006-08-07,-0.007067707411983315
2006-08-08,-0.0032891384662754744
2006-08-09,0.004188804717569357
2006-08-10,-0.008135586055044886
2006-08-11,-0.004220038626778193
2006-08-14,0.008634038338911285
2006-08-15,-0.00066753374599545
2006-08-16,-0.004412873179619123
2006-08-17,-0.0016592403392954483
2006-08-18,-0.010498696010685326
2006-08-21,-0.00405938380747591
2006-08-22,0.00024057860390288687
2006-08-23,-3.644301240282501e-05
2006-08-24,-0.006395635995260775
2006-08-25,-0.0030308691197527913
2006-08-28,-0.004028772734192047
2006-08-29,0.002383766354957369
2006-08-30,0.004270449772255562
2006-08-31,-0.003269570012454028
2006-09-01,-0.002505575469647887
2006-09-05,-0.010080037868870833
2006-09-06,0.002550094564390282
2006-09-07,-0.003465912938259811
2006-09-08,-0.0034650455215654453
2006-09-11,0.0046566941191680256
2006-09-12,0.0018573290632675496
2006-09-13,-0.006326346154623011
2006-09-14,-0.009443878212642493
2006-09-15,-0.010961501875016051
2006-09-18,-0.007788539265025875
2006-09-19,-0.006453092107023206
2006-09-20,0.013513000239003255
2006-09-21,-0.011068840579452078
2006-09-22,-0.0035568962951205174
2006-09-25,-0.0029850586754586747
2006-09-26,-0.002852394914699075
2006-09-27,-0.005739620649757114
2006-09-28,-0.0010440884068813648
2006-09-29,-0.002530261670745275
2006-10-02,-0.0025450659556497156
2006-10-03,-0.006625116693096832
2006-10-04,-0.00400359111980692
2006-10-05,-0.011604505387153678
2006-10-06,-0.0001643923010900064
2006-10-09,-0.0028783422075302377
2006-10-10,-0.011336753397359147
2006-10-11,6.216370843948552e-05
2006-10-12,-0.006434368513829147
2006-10-13,0.0013786413051832622
2006-10-16,0.0012322558440020126
2006-10-17,-0.006913476521363643
2006-10-18,0.0025915936029648574
2006-10-19,-0.0020944998925625556
2006-10-20,0.006963203883120755
2006-10-23,-0.002066586370431569
2006-10-24,-0.01042808014074286
2006-10-25,-0.0021280102250901033
2006-10-26,-0.00023383351298138146
2006-10-27,-0.0058392351969042185
2006-10-30,-0.007662523140202116
2006-10-31,-0.00239911440938591
2006-11-01,-0.0029173027258484197
2006-11-02,-0.004914165134326161
2006-11-03,-0.005173636351612241
2006-11-06,-0.00995639669938652
2006-11-07,0.00037302504354513617
2006-11-08,-0.009214695585931746
2006-11-09,0.0027797715470142268
2006-11-10,-0.006838455973110891
2006-11-13,-0.002673809667245201
2006-11-14,-0.006432255439461363
2006-11-15,-0.006673009061712932
2006-11-16,0.0005078083568696417
2006-11-17,-0.01204554085223352
2006-11-20,-0.00384960855551821
2006-11-21,-0.005575729468910097
2006-11-22,-0.004793558790614192
2006-11-24,-0.006655919506321344
2006-11-27,-0.0006076615341450552
2006-11-28,-0.00107408342031968
2006-11-29,-0.0008562795532153981
2006-11-30,-0.00797656259419936
2006-12-01,-0.00520903638213718
2006-12-04,-0.0034750106371614327
2006-12-05,-0.006074631728850845
2006-12-06,-0.00646698251683913
2006-12-07,-0.0063628243008423
2006-12-08,-0.00228409325269238
2006-12-11,-0.004472985102047442
2006-12-12,0.002272421777034592
2006-12-13,-0.00725607977359125
2006-12-14,-0.0040733710767510145
2006-12-15,-0.001327416122817165
2006-12-18,-0.00020666940365793394
2006-12-19,-0.008744292780275869
2006-12-20,-0.000986375670690075
2006-12-21,-0.001049643778909001
2006-12-22,-0.0010684047622530756
2006-12-26,-0.004841192938408485
2006-12-27,-0.004819814568706908
2006-12-28,-0.003780256770271947
2006-12-29,-0.0026023370770732624
2007-01-03,-0.0007308973529331574
2007-01-04,-0.014748420583113413
2007-01-05,8.586433574390984e-05
2007-01-08,-0.0026258109394322344
2007-01-09,-0.0064236486054959074
2007-01-10,-0.0025102878528423683
2007-01-11,-0.007748458303739453
2007-01-12,-0.002131413168347242
2007-01-16,-0.002329707043643345
2007-01-17,-0.010140287943238943
2007-01-18,-0.00284961087876331
2007-01-19,-0.017020363632063933
2007-01-22,-0.0023489050748443955
2007-01-23,-0.004472170408806153
2007-01-24,-0.01225096338376663
2007-01-25,-0.007445412144534413
2007-01-26,-0.008280966793661037
2007-01-29,-0.003120844625908423
2007-01-30,-0.004399878593731737
2007-01-31,-0.010580499039636534
2007-02-01,-0.005652996377692019
2007-02-02,-0.015289550997354063
2007-02-05,-0.006011876441702845
2007-02-06,-0.0071122434140986675
2007-02-07,-0.0016666902293409921
2007-02-08,-0.005013701206493396
2007-02-09,-0.0078025315582345
2007-02-12,-0.0023884590734875215
2007-02-13,-0.003740408898946979
2007-02-14,-0.005208148962850597
2007-02-15,-0.0009410393840065786
2007-02-16,-0.005177358990172885
2007-02-20,-0.0034562857727518347
2007-02-21,-0.010007191483669579
2007-02-22,-0.0012786137021457413
2007-02-23,-0.00418592770187103
2007-02-26,-0.0042798091879036005
2007-02-27,-0.007838284863461978
2007-02-28,-0.008688843747352824
2007-03-01,-0.003758335740515669
2007-03-02,-0.002246067202292917
2007-03-05,-0.0005183717805265996
2007-03-06,-0.005575919605201384
2007-03-07,-0.005328748029394191
2007-03-08,-0.007094995229210626
2007-03-09,-0.003268506334235934
2007-03-12,-0.00850314392545866
2007-03-13,-0.003900192625408766
2007-03-14,-0.0022814073786049383
2007-03-15,-0.0023346140361475936
2007-03-16,-0.00505973641398593
2007-03-19,-0.0024904948434343616
2007-03-20,-0.007202211345740391
2007-03-21,-0.004655979491141464
2007-03-22,-0.010546076710074993
2007-03-23,-0.004800169438453068
2007-03-26,-0.0011854177102351522
2007-03-27,-0.005565449311369463
2007-03-28,-0.0035400296005318956
2007-03-29,-0.007982754803739054
2007-03-30,-0.008370950820611057
2007-04-02,-0.00524717954316749
2007-04-03,-0.005219559046424786
2007-04-04,-0.007040455550684268
2007-04-05,-0.009855670181947086
2007-04-09,-0.005792551537341839
2007-04-10,0.001104936694097356
2007-04-11,-0.0018603346635801994
2007-04-12,-0.0036477258861181004
2007-04-13,-0.006674763143969543
2007-04-16,-0.0066880584811712
2007-04-17,-0.004923396667621951
2007-04-18,-0.0070536059001448095
2007-04-19,-0.0046931068374158795
2007-04-20,-0.0037122664205224325
2007-04-23,-0.007304868580946975
2007-04-24,-0.00808413429801709
2007-04-25,-0.004259349091141944
2007-04-26,0.0015192837073957919
2007-04-27,-0.003595725951293435
2007-04-30,-0.004658529699892155
2007-05-01,-0.00472714142010901
2007-05-02,-0.0030526041217711873
2007-05-03,0.00211066653161659
2007-05-04,-0.006247515118180412
2007-05-07,-0.005478740139610878
2007-05-08,-0.004947461438495827
2007-05-09,-0.00960783830794204
2007-05-10,-0.010269406732767892
2007-05-11,-0.005581612473503306
2007-05-14,-0.0014790893916164167
2007-05-15,-0.0032646782259532717
2007-05-16,-0.009261728811201185
2007-05-17,-0.0013988117535457213
2007-05-18,-0.0032063211819945083
2007-05-21,-0.004463990455897271
2007-05-22,-0.00549258074087879
2007-05-23,-0.0154362065493655
2007-05-24,-0.010540348091543646
2007-05-25,-0.0053477589301261005
2007-05-29,-0.006745203451032767
2007-05-30,-0.003042907825859817
2007-05-31,-0.006620871500614381
2007-06-01,-0.000506233932672821
2007-06-04,-0.003037139699019352
2007-06-05,-0.005539749458241356
2007-06-06,-0.00186816028834497
2007-06-07,-0.0058823234709534725
2007-06-08,-0.006729031157530549
2007-06-11,-0.0006485095000197355
2007-06-12,-0.005435291744117863
2007-06-13,-0.005585559354440923
2007-06-14,-0.005226712263896488
2007-06-15,-0.003370980239559745
2007-06-18,-0.006044513017716152
2007-06-19,-0.007414817101616688
2007-06-20,-0.003526496148447399
2007-06-21,-0.0004466240156358386
2007-06-22,-0.006708581100852637
2007-06-25,-0.009079977132195173
2007-06-26,-0.007025239753002591
2007-06-27,-0.004930163557252941
2007-06-28,-0.0018965258723703778
2007-06-29,-0.004957527910720414
2007-07-02,-0.009207278269004188
2007-07-03,-0.006742260524932551
2007-07-05,-0.005545810599513784
2007-07-06,-0.0015290922670116412
2007-07-09,-0.006710176959375436
2007-07-10,-0.0013016379594883451
2007-07-11,-0.003836750701513855
2007-07-12,-0.0052608881996085355
2007-07-13,-0.006927320736171252
2007-07-16,-0.008535086612577108
2007-07-17,-0.0038633545306402755
2007-07-18,-0.0028369270387098872
2007-07-19,-0.002878664127281527
2007-07-20,-0.007994533451547027
2007-07-23,-0.007703901297340373
2007-07-24,-0.005276820016584759
2007-07-25,-0.008462180881446478
2007-07-26,-0.0018620994321979596
2007-07-27,0.0007665251966065857
2007-07-30,-0.010917492850321606
2007-07-31,-0.0005185394162188972
2007-08-01,-0.009066728094273214
2007-08-02,-0.004303224557823566
2007-08-03,-0.007539910792759812
2007-08-06,0.004367788347080913
2007-08-07,0.0028398175935570825
2007-08-08,-0.005068690413203536
2007-08-09,-0.002294745613011827
2007-08-10,-0.005738832994094418
2007-08-13,-0.0006756880879487618
2007-08-14,-0.00954598311290631
2007-08-15,-0.00596319931133747
2007-08-16,-0.001022242417708103
2007-08-17,0.0029230132658095874
2007-08-20,-0.011401281116624824
2007-08-21,-0.0035806504870500425
2007-08-22,-0.007019811441488621
2007-08-23,-0.01609944446744509
2007-08-24,-0.0027009715626634917
2007-08-27,-0.00669503110512403
2007-08-28,-0.005659882544586459
2007-08-29,-0.011536518630440383
2007-08-30,-0.0016150005093584722
2007-08-31,-0.00521408352750005
2007-09-04,-0.01214652024133312
2007-09-05,0.0027661153912499122
2007-09-06,-0.005741439913314394
2007-09-07,-0.0008084607258233142
2007-09-10,-0.0018818977158025756
2007-09-11,-0.005242015938021861
2007-09-12,0.004960529776632087
2007-09-13,-0.008059175480219385
2007-09-14,-0.011530206912692666
2007-09-17,-0.002223162543207547
2007-09-18,-0.0124701097183823
2007-09-19,-0.004699743387721279
2007-09-20,-0.014520750972275086
2007-09-21,-0.008669114794131195
2007-09-24,-0.005726895222274465
2007-09-25,-0.0016659564531421442
2007-09-26,-0.008604189445815738
2007-09-27,-0.006478448608904358
2007-09-28,-0.006993111724212568
2007-10-01,-0.0162701091362256
2007-10-02,-0.010371170567083757
2007-10-03,-0.004580175354716861
2007-10-04,-0.012561051411910816
2007-10-05,-0.0038814418094562917
2007-10-08,-0.009460318263365838
2007-10-09,-0.007081403950022309
2007-10-10,-0.0022167959242810203
2007-10-11,-0.008122323404080624
2007-10-12,-0.0048987289539870246
2007-10-15,0.0052714395573559125
2007-10-16,-0.0074532616078952785
2007-10-17,-0.012766271276977811
2007-10-18,-0.00514383006321091
2007-10-19,-0.008788504634517028
2007-10-22,-0.008397450929786382
2007-10-23,-0.005368922044168932
2007-10-24,-0.014737503553557466
2007-10-25,-0.008001802051253261
2007-10-26,-0.0001607719125853186
2007-10-29,-0.011540805007088855
2007-10-30,-0.011699783027207046
2007-10-31,0.00217304396459309
2007-11-01,-0.010203291770772834
2007-11-02,-0.0043649527628338534
2007-11-05,-0.009320015657110402
2007-11-06,-0.006173443833816234
2007-11-07,-0.010276875571286238
2007-11-08,-0.00821376624196902
2007-11-09,-0.008663327120003408
2007-11-12,-4.97928091582325e-05
2007-11-13,0.004864710004345314
2007-11-14,0.006549961475853271
2007-11-15,-0.0007287327228297485
2007-11-16,-0.007528957933527032
2007-11-19,0.0017747424692511936
2007-11-20,-0.03188709086429158
2007-11-21,0.005582706453333183
2007-11-23,0.006191710995586669
2007-11-26,-0.006196102566659459
2007-11-27,-0.003147888360184836
2007-11-28,-0.001449274421261174
2007-11-29,-0.010654790759906553
2007-11-30,-0.005367577680316379
2007-12-03,-0.00906875102760611
2007-12-04,-0.0028621194300098235
2007-12-05,-0.011406801644348208
2007-12-06,-0.011566069154111285
2007-12-07,-0.007787356496714422
2007-12-10,-0.0022525320857862425
2007-12-11,-0.01214398585127359
2007-12-12,-0.010309970189509285
2007-12-13,-0.009794160630087272
2007-12-14,-0.005229925114416176
2007-12-17,-0.005756769396254033
2007-12-18,-0.006222640258396131
2007-12-19,-0.011246571047733916
2007-12-20,-8.874043965769428e-05
2007-12-21,0.0017430114609904217
2007-12-24,-0.010424699726584925
2007-12-26,-0.007692578482003986
2007-12-27,-0.0030345877205913805
2007-12-28,-0.007478720931200229
2007-12-31,-0.008043620098763577
2008-01-02,0.003357306126149635
2008-01-03,0.0029170652344970077
2008-01-04,0.005863742465375925
2008-01-07,0.0031144345039580135
2008-01-08,0.010606208109499051
2008-01-09,0.0019191605913960231
2008-01-10,-0.014332229125336746
2008-01-11,-0.01400378122388245
2008-01-14,-0.007315509762972637
2008-01-15,0.01121583825342568
2008-01-16,-0.007385705059032259
2008-01-17,0.010912770128761119
2008-01-18,-0.009468527337793435
2008-01-22,-0.0213254957992801
2008-01-23,-0.00955377857654141
2008-01-24,-0.017718723914209502
2008-01-25,-0.01436404251420713
2008-01-28,-0.0034956159208736183
2008-01-29,-0.005480291459833622
2008-01-30,0.0023125970162015653
2008-01-31,0.005628532050316541
2008-02-01,-0.024443487687971777
2008-02-04,-0.014192028170345556
2008-02-05,0.004071875411726406
2008-02-06,0.006481316250898153
2008-02-07,-0.002418300875893043
2008-02-08,-0.009424302296103427
2008-02-11,0.00046210723486329874
2008-02-12,-0.0019076368910635956
2008-02-13,-0.006553494775623268
2008-02-14,-0.007386422592852524
2008-02-15,0.002391508675408796
2008-02-19,-0.0034645122476164884
2008-02-20,-0.001433132875196894
2008-02-21,-0.0029766310315887346
2008-02-22,-0.002120860768678858
2008-02-25,-0.0037769326750274864
2008-02-26,-0.0016239448660102435
2008-02-27,0.0018881627287843533
2008-02-28,0.0021190294708286115
2008-02-29,0.006160004419578865
2008-03-03,0.0009574551680914746
2008-03-04,0.005292816487658605
2008-03-05,-0.0034480614133986444
2008-03-06,0.006574300816397536
2008-03-07,0.00220733435680868
2008-03-10,0.0044362697642474636
2008-03-11,0.007432118649286555
2008-03-12,-0.002791118253700102
2008-03-13,-0.010063892612197207
2008-03-14,-0.0033336119853751792
2008-03-17,0.011546099460268338
2008-03-18,-0.0024286877426452375
2008-03-19,0.0029500285578287627
2008-03-20,0.007398434281781529
2008-03-24,-0.014312813042020308
2008-03-25,-0.00771492927792494
2008-03-26,-0.01745913802775678
2008-03-27,0.0022213353951432645
2008-03-28,-0.005949121324907714
2008-03-31,0.0008046392437846173
2008-04-01,-0.008623173451986049
2008-04-02,-0.004982370451939561
2008-04-03,0.0008681318002084504
2008-04-04,-0.007483516572211616
2008-04-07,-0.007581935592145564
2008-04-08,-0.007643820119627307
2008-04-09,-0.0030143182804144948
2008-04-10,0.00431494528745641
2008-04-11,-0.0031809860245963204
2008-04-14,-0.003419400668066075
2008-04-15,0.0005103052618420307
2008-04-16,0.003485248549376827
2008-04-17,-0.0032731860531128795
2008-04-18,-0.005211485550086981
2008-04-21,0.0055277473657175166
2008-04-22,0.0006114790063747656
2008-04-23,-0.004363642115097945
2008-04-24,-0.00010081233856058564
2008-04-25,-0.019500633257192545
2008-04-28,0.0015704359511507205
2008-04-29,0.003418258981786813
2008-04-30,0.0063206817314474875
2008-05-01,-0.0028114734104401243
2008-05-02,-0.007618031154853917
2008-05-05,0.001347889609606157
2008-05-06,-0.004988366678750212
2008-05-07,-0.0021208793795920652
2008-05-08,0.007986461393081129
2008-05-09,0.003914966407171169
2008-05-12,-0.0036929245934805193
2008-05-13,0.002394239244773928
2008-05-14,-0.002229799353980024
2008-05-15,0.002179360278817933
2008-05-16,-0.002907460768519556
2008-05-19,-0.0035281729827845824
2008-05-20,-0.00827694023699752
2008-05-21,0.006200537594250646
2008-05-22,-0.007947836035985829
2008-05-23,0.006233114173247151
2008-05-27,0.002224681320167529
2008-05-28,-0.0016769681831639328
2008-05-29,0.0022252234320972505
2008-05-30,0.0022043512318651167
2008-06-02,-0.0032419748679942684
2008-06-03,-0.003037975042073149
2008-06-04,0.008028650273906474
2008-06-05,0.0011528261102733911
2008-06-06,0.0027208694151885926
2008-06-09,0.0009567512248938746
2008-06-10,-0.008139148343573073
2008-06-11,-0.00601994187748444
2008-06-12,-0.005841820169054606
2008-06-13,-0.0003509591093962478
2008-06-16,0.0020430202725240957
2008-06-17,-0.0008883846553441621
2008-06-18,-0.00162895963694275
2008-06-19,0.00592842797505635
2008-06-20,-0.008056641179238011
2008-06-23,-0.004593190469822711
2008-06-24,-0.0014027072482141595
2008-06-25,0.009451657463460286
2008-06-26,0.0010008509559063703
2008-06-27,-0.0020160513910305556
2008-06-30,0.003000540883970044
2008-07-01,-0.00317770206201744
2008-07-02,0.00014772549162860873
2008-07-03,-0.00521913902923419
2008-07-07,0.009198236474728373
2008-07-08,-0.014167187256650329
2008-07-09,0.0037174540973395516
2008-07-10,0.011758214724867209
2008-07-11,0.005126272575331468
2008-07-14,-0.006683156104221676
2008-07-15,0.02105810866029367
2008-07-16,-0.03622685433872617
2008-07-17,-0.022857575079837943
2008-07-18,-0.01676787308668214
2008-07-21,-0.015624404819920622
2008-07-22,-0.028186338781206643
2008-07-23,-0.0024798988571183133
2008-07-24,0.01798896699955062
2008-07-25,0.0025980099135768536
2008-07-28,0.008145395810707072
2008-07-29,-0.015562801730466088
2008-07-30,-0.0064474199527086926
2008-07-31,-0.0015585935841816861
2008-08-01,0.0019169748003042535
2008-08-04,0.010758817360955823
2008-08-05,-0.006694565135473506
2008-08-06,-0.009994029239734279
2008-08-07,0.0029414531665899837
2008-08-08,0.008870184234446394
2008-08-11,0.0014741785491496674
2008-08-12,-0.002706639463616594
2008-08-13,-0.0156685583416375
2008-08-14,0.00213780200116923
2008-08-15,0.008523829692909832
2008-08-18,0.014727897125889044
2008-08-19,-0.014431929962102455
2008-08-20,-0.0056451705104940235
2008-08-21,-0.00728777691544441
2008-08-22,0.010561670785054465
2008-08-25,-0.0003500714007735478
2008-08-26,-0.010478409493505165
2008-08-27,-0.010464629317071329
2008-08-28,0.008018559165458992
2008-08-29,0.0018219596433698203
2008-09-02,0.016799353445018397
2008-09-03,0.004009249988287566
2008-09-04,0.002733284410943608
2008-09-05,-0.00205460437740794
2008-09-08,0.05049459118458725
2008-09-09,0.005051048883418293
2008-09-10,-0.008391922081603581
2008-09-11,0.005279924184399603
2008-09-12,-0.017185190375455347
2008-09-15,0.018351604216015605
2008-09-16,0.0013476145670079766
2008-09-17,-0.008241739052679121
2008-09-18,0.008517465259964543
2008-09-19,-0.03877845875945485
2008-09-22,-0.024838550524722995
2008-09-23,0.005340876012139327
2008-09-24,0.005474548728097631
2008-09-25,0.011184590390303855
2008-09-26,0.0264838040046181
2008-09-29,0.01579556851485086
2008-09-30,-0.002400959122235153
2008-10-01,-0.0018820615034341008
2008-10-02,0.03375296421496766
2008-10-03,-0.00875116764781543
2008-10-06,0.00925075627508839
2008-10-07,9.709620220498525e-05
2008-10-08,-0.021954544033164335
2008-10-09,0.001716136848922743
2008-10-10,0.02618774213485992
2008-10-13,-0.03800418345078763
2008-10-14,0.0045670949050774165
2008-10-15,0.03192632393433247
2008-10-16,0.005029234185804518
2008-10-17,0.0007414309582572589
2008-10-20,-0.019975945990101995
2008-10-21,0.007395996118482682
2008-10-22,-0.0021289699423867247
2008-10-23,-0.009954817609238165
2008-10-24,-0.00301589014611692
2008-10-27,0.01705132736456983
2008-10-28,0.0007347373122835233
2008-10-29,-0.017499078790679586
2008-10-30,0.009780656092766817
2008-10-31,0.006711364325645453
2008-11-03,-0.010163972619068812
2008-11-04,-0.00528611962455508
2008-11-05,-0.012267809571483497
2008-11-06,0.0035279727890317972
2008-11-07,-0.005498831388570451
2008-11-10,-0.012417846094782584
2008-11-11,0.006143344436369947
2008-11-12,0.01295515490633915
2008-11-13,-0.020540590699089593
2008-11-14,0.005878207134534998
2008-11-17,-0.004311359857995746
2008-11-18,0.0027084289105751393
2008-11-19,-0.0017181968250699498
2008-11-20,0.013729705707921206
2008-11-21,-0.01747092486490584
2008-11-24,0.01640087434417721
2008-11-25,-0.002335067884274564
2008-11-26,-0.018679907816481243
2008-11-28,0.0056834787181817194
2008-12-01,0.0028324703464979706
2008-12-02,-0.007867207219030337
2008-12-03,0.011718387479226516
2008-12-04,-0.009321446930640371
2008-12-05,-0.002055593477134751
2008-12-08,-0.014586182535450134
2008-12-09,-0.01618001047025033
2008-12-10,-0.00981527274984451
2008-12-11,-0.016396325485662555
2008-12-12,0.007855716875974644
2008-12-15,-0.005086879289652466
2008-12-16,-0.00941653223120861
2008-12-17,-0.013305825048090532
2008-12-18,0.01362800224077031
2008-12-19,-0.004427406428601985
2008-12-22,0.014974766259145551
2008-12-23,-0.0006552147571107037
2008-12-24,-0.0015733641429412685
2008-12-26,-0.0092223457174966
2008-12-29,0.0008940375728795193
2008-12-30,-0.010027012445381796
2008-12-31,-0.010372209236124749
2009-01-02,-0.015754300316578238
2009-01-05,0.025588996788320852
2009-01-06,0.005249941449198601
2009-01-07,-0.0009484601283381404
2009-01-08,0.006950600844821192
2009-01-09,-0.03102518630597748
2009-01-12,-0.008354275555267809
2009-01-13,-0.002369341168061718
2009-01-14,-0.02196400227670814
2009-01-15,-0.03386682525664038
2009-01-16,-0.04571495056348153
2009-01-20,-0.12056501652277157
2009-01-21,0.07702101645150813
2009-01-22,-0.024460100020293807
2009-01-23,-0.00446378271948719
2009-01-26,-0.02136628399751703
2009-01-27,-0.007390071118326593
2009-01-28,0.03723839303185152
2009-01-29,-0.03877752400042819
2009-01-30,-0.011866548199789847
2009-02-02,-0.009192683098458106
2009-02-03,-0.039078236415825
2009-02-04,-0.022463121527679777
2009-02-05,-0.005913714532811741
2009-02-06,0.037107603554755945
2009-02-09,0.014615776695588015
2009-02-10,-0.04692457053937759
2009-02-11,0.015282968619942522
2009-02-12,-0.010974794747010169
2009-02-13,-0.01727579775074944
2009-02-17,-0.02903781638489797
2009-02-18,-0.0025333416450001164
2009-02-19,-0.03359452556115042
2009-02-20,-0.00974609193739175
2009-02-23,-0.0004409702636905648
2009-02-24,0.0246183732424198
2009-02-25,0.0037435300809958716
2009-02-26,0.040872403412078886
2009-02-27,-0.07089466730388189
2009-03-02,-0.034455837915777575
2009-03-03,-0.005831899634783122
2009-03-04,0.000989925654264626
2009-03-05,-0.052621319113014375
2009-03-06,-0.004641273407646849
2009-03-09,0.006112787824880003
2009-03-10,0.05662244195018272
2009-03-11,0.0003024128837760126
2009-03-12,0.03319247938639176
2009-03-13,0.003997595194786798
2009-03-16,0.020131896227392386
2009-03-17,0.011227645168659359
2009-03-18,0.0817852339364563
2009-03-19,-0.03439202253669951
2009-03-20,-0.03404904844223823
2009-03-23,0.03862481661033394
2009-03-24,-0.026459213623121088
2009-03-25,-0.007867233525538196
2009-03-26,0.0009998363931966615
2009-03-27,-0.014183328928976752
2009-03-30,-0.01995266370015554
2009-03-31,0.017273552829425925
2009-04-01,-0.005713722317733153
2009-04-02,0.004926378445991567
2009-04-03,-0.010155404367316403
2009-04-06,-0.0010192750274367456
2009-04-07,-0.007971396299120026
2009-04-08,0.001126330090585114
2009-04-09,0.011560260680339376
2009-04-13,0.025092293386463363
2009-04-14,-0.030622210995728465
2009-04-15,0.01577675715723678
2009-04-16,-0.011173704497316896
2009-04-17,0.005266028942205287
2009-04-20,-0.04606894037772187
2009-04-21,0.03637847332336787
2009-04-22,-0.004349043033546356
2009-04-23,0.010150010454967258
2009-04-24,0.016904115902562574
2009-04-27,-0.031625376596301935
2009-04-28,-0.0130573302697965
2009-04-29,-0.020015073214213343
2009-04-30,-0.002112192290122052
2009-05-01,-0.011231432982732506
2009-05-04,0.0045417542892829
2009-05-05,-0.009275722928216958
2009-05-06,-0.0007806313921219395
2009-05-07,0.00010715319961967368
2009-05-08,0.0229696901897386
2009-05-11,-0.050004716952071995
2009-05-12,-0.04163270655093731
2009-05-13,-0.013537963161256725
2009-05-14,0.002151666165553569
2009-05-15,-0.01589386621334815
2009-05-18,0.004071628084967261
2009-05-19,-0.006061359292189103
2009-05-20,-0.015425512591490869
2009-05-21,-0.0063201293429827245
2009-05-22,-0.010425491771300158
2009-05-26,-0.015952008213170374
2009-05-27,-0.005781649893548207
2009-05-28,-0.013293536707928915
2009-05-29,-0.009253329207150152
2009-06-01,0.005664387181251025
2009-06-02,0.005363559205295382
2009-06-03,-0.015171629569852015
2009-06-04,0.0014064498328818092
2009-06-05,-0.006563929105457177
2009-06-08,-0.011984493895778759
2009-06-09,-0.014430683598988778
2009-06-10,0.0012997006608163
2009-06-11,-0.00811378772624117
2009-06-12,-0.008368526899586198
2009-06-15,-0.00929561101040019
2009-06-16,-0.00884678608879454
2009-06-17,-0.014069459378583301
2009-06-18,-0.018444694663683887
2009-06-19,-0.005213354613559835
2009-06-22,0.0018096869533992827
2009-06-23,-0.004396529603203229
2009-06-24,-0.006165811148570404
2009-06-25,-0.005539416744966871
2009-06-26,-0.01108199704264071
2009-06-29,-0.0121502345857286
2009-06-30,-0.009045010913955289
2009-07-01,-0.0012404298588197197
2009-07-02,-0.0037727761370144426
2009-07-06,-0.013964870216752058
2009-07-07,-0.013083671715091717
2009-07-08,-0.019522866120506875
2009-07-09,-0.003372570894365722
2009-07-10,0.004522591265141493
2009-07-13,0.01053833260550471
2009-07-14,-0.012116132266436513
2009-07-15,0.004850025983666748
2009-07-16,-0.008021392158842965
2009-07-17,-0.0053022871551912255
2009-07-20,-0.01342204309871766
2009-07-21,-0.010444734749164138
2009-07-22,-0.0020673311566543496
2009-07-23,-0.017375148032706775
2009-07-24,-0.01686455682781549
2009-07-27,-0.010379008303258693
2009-07-28,0.011301876158186354
2009-07-29,-0.026114472452099493
2009-07-30,-0.012254528188171828
2009-07-31,-0.007745658160175955
2009-08-03,-0.0093211436467407
2009-08-04,-0.007202271995385207
2009-08-05,0.0063454047377222884
2009-08-06,0.008171697387167085
2009-08-07,0.01039249749433248
2009-08-10,-0.011483905718706073
2009-08-11,-0.03139573259907503
2009-08-12,0.0014298984148591928
2009-08-13,-0.0033846457028101464
2009-08-14,-0.015964210331865614
2009-08-17,-0.011497001691026727
2009-08-18,-0.006775075224307489
2009-08-19,-0.016653302607163887
2009-08-20,-0.0007933964261731073
2009-08-21,0.00045452957900223457
2009-08-24,0.00014712621813266213
2009-08-25,-0.003347872848970009
2009-08-26,0.00037781952022945646
2009-08-27,0.014730403084012914
2009-08-28,0.007097841643238055
2009-08-31,-0.013300633501236633
2009-09-01,-0.019103103441639006
2009-09-02,-0.004302777761257764
2009-09-03,0.0013948072086603716
2009-09-04,-0.013216033814449458
2009-09-08,-0.012086847963174895
2009-09-09,-0.011429789600808442
2009-09-10,-0.003111489801726217
2009-09-11,-0.0070880422095533505
2009-09-14,4.910999241690417e-05
2009-09-15,-0.007045495161831924
2009-09-16,0.0032672553710870597
2009-09-17,-0.014533610720259242
2009-09-18,-0.014024835504785416
2009-09-21,-0.005118109912004331
2009-09-22,-0.004283909060123109
2009-09-23,-0.010703561953774782
2009-09-24,-0.014039192396512612
2009-09-25,-0.004659139495706826
2009-09-28,-0.009544128705321446
2009-09-29,-0.010664401771666271
2009-09-30,-0.00989509019564695
2009-10-01,-0.008997068374375292
2009-10-02,-0.012385031871349818
2009-10-05,0.0006821691448540062
2009-10-06,-0.005913863663408603
2009-10-07,-0.0044399676150631544
2009-10-08,-0.008630137682768563
2009-10-09,-0.005268415647643327
2009-10-12,-0.004196511317713246
2009-10-13,-0.006998582062905247
2009-10-14,-0.006324677665660994
2009-10-15,-0.012236635878438245
2009-10-16,-0.012361651171778197
2009-10-19,-0.003768010540580521
2009-10-20,-0.004486514604445208
2009-10-21,-0.006562728831946774
2009-10-22,-0.004685802757782246
2009-10-23,-0.0029354024618287343
2009-10-26,-0.0031657277553155958
2009-10-27,-0.009951183399833502
2009-10-28,-0.008818049136578264
2009-10-29,0.007715134177693308
2009-10-30,-0.015614377976985429
2009-11-02,-0.0037584871724725246
2009-11-03,0.0030346118334552826
2009-11-04,-0.0022193018433518175
2009-11-05,-0.019704854379930886
2009-11-06,-0.0010716500345910613
2009-11-09,-0.00915326678302616
2009-11-10,-0.02897803089761397
2009-11-11,-0.0013463660252862417
2009-11-12,-0.004885848220318919
2009-11-13,-0.004240448268899112
2009-11-16,-0.010953742029657234
2009-11-17,-0.004311106515345409
2009-11-18,0.004035291539429673
2009-11-19,-0.009216238149262559
2009-11-20,-0.010897139268547367
2009-11-23,-0.008482326896909548
2009-11-24,-0.003861882259789527
2009-11-25,-0.0009743055525367117
2009-11-27,-0.012486281356656139
2009-11-30,-0.007983141343752895
2009-12-01,-0.009951615424097619
2009-12-02,-0.003528215163356504
2009-12-03,-0.006965423715648085
2009-12-04,-0.007811584784462883
2009-12-07,-0.005617834955485191
2009-12-08,-0.012085904443006154
2009-12-09,-0.005633402585320748
2009-12-10,0.0016396313361549284
2009-12-11,-0.0072653002855340935
2009-12-14,-0.0031886795645721163
2009-12-15,-0.009537215740773675
2009-12-16,-0.008341112906069334
2009-12-17,-0.008129504349937717
2009-12-18,-0.004546177542252427
2009-12-21,-0.007392049140865638
2009-12-22,-0.007762407856851481
2009-12-23,-0.002019127966176243
2009-12-24,0.0016009438232071418
2009-12-28,-0.003556537965378411
2009-12-29,-0.009030700537456093
2009-12-30,0.002072397540198068
2009-12-31,-0.004632552308369701
2010-01-04,-0.004299052613413119
2010-01-05,0.000123746646821715
2010-01-06,-0.004167081374679769
2010-01-07,0.002290701108232054
2010-01-08,-0.008741468178249156
2010-01-11,0.0028622174787203414
2010-01-12,0.0034783180670287335
2010-01-13,-0.0006369129067911731
2010-01-14,0.0027143278271235197
2010-01-15,-0.00036132247815590904
2010-01-19,-0.0001799444519507737
2010-01-20,0.0026308048554244774
2010-01-21,0.005669969220060176
2010-01-22,-0.006576890242907636
2010-01-25,-0.001350754378783243
2010-01-26,-0.0002129136815523583
2010-01-27,0.0036609272151960914
2010-01-28,-0.007971703435977796
2010-01-29,-0.0020956355373152376
2010-02-01,-0.006578575128171437
2010-02-02,-0.0017330115054609604
2010-02-03,-0.0033107349567777526
2010-02-04,0.0048789601413190675
2010-02-05,0.004583381036286652
2010-02-08,0.0027553860974707566
2010-02-09,-0.010119380144185456
2010-02-10,0.0001848485342166332
2010-02-11,-0.010566106652979811
2010-02-12,-0.00023135982219428292
2010-02-16,-0.002628435462519233
2010-02-17,0.00044077616025834927
2010-02-18,-0.00794855723899188
2010-02-19,0.0005181309153015842
2010-02-22,0.0043857860531026464
2010-02-23,0.0006361244836288981
2010-02-24,0.002545201458260001
2010-02-25,-0.003448563379742997
2010-02-26,-0.0023276101218355476
2010-03-01,-0.002962810347855307
2010-03-02,-0.007334457780162616
2010-03-03,-0.0015796394137166834
2010-03-04,0.00511983375700155
2010-03-05,0.0018939788643764256
2010-03-08,0.004836052671787837
2010-03-09,0.004689764011937336
2010-03-10,0.002954005474106695
2010-03-11,-0.0030175691970392806
2010-03-12,-0.004281522077102976
2010-03-15,0.004336247451396217
2010-03-16,-2.4438334136735965e-05
2010-03-17,0.002004334799744975
2010-03-18,0.0028659333750848813
2010-03-19,-0.0019872707934129067
2010-03-22,0.0014271865902140777
2010-03-23,0.003064524460984614
2010-03-24,-8.677501219711298e-05
2010-03-25,0.0008513673575382115
2010-03-26,-0.002123625525123501
2010-03-29,-0.008438789175306284
2010-03-30,-0.0034443845789483185
2010-03-31,-0.0036118451799556526
2010-04-01,-0.0032687931628032677
2010-04-05,-0.0008389542942475682
2010-04-06,0.00037075327749373505
2010-04-07,0.004029511726020505
2010-04-08,-0.002410053792057764
2010-04-09,-0.00023721878423882067
2010-04-12,0.00236150768208453
2010-04-13,0.0020457439513899937
2010-04-14,0.0014158936808403814
2010-04-15,-0.0002692764349569853
2010-04-16,0.006378235257681881
2010-04-19,0.0010039594133774638
2010-04-20,-0.006365248239212957
2010-04-21,-0.0076136908463484195
2010-04-22,-0.005926071489528216
2010-04-23,-0.005352907233128083
2010-04-26,-0.0026876381212949034
2010-04-27,-0.0025428562818425753
2010-04-28,0.0020523947759182224
2010-04-29,-0.00013318568532001164
2010-04-30,-0.0017236699569622646
2010-05-03,-0.0027686437582060963
2010-05-04,-7.451444859941751e-06
2010-05-05,0.0025767837466667476
2010-05-06,-0.003392025814102332
2010-05-07,-0.0003562289167427868
2010-05-10,-0.005399404701266385
2010-05-11,0.003979802657942851
2010-05-12,-0.0023933212361550134
2010-05-13,0.0033571322464689716
2010-05-14,-0.0036726163024322625
2010-05-17,0.0039922668660526935
2010-05-18,-0.0038259563338137728
2010-05-19,0.005203577850046419
2010-05-20,-5.816567343291826e-05
2010-05-21,-0.00666864393414548
2010-05-24,0.005906454839603919
2010-05-25,-0.0005464075091892788
2010-05-26,-0.002677159749051616
2010-05-27,-0.0015402298805538904
2010-05-28,-0.0010005869235178402
2010-06-01,0.0013799761418134947
2010-06-02,-0.005069165542090652
2010-06-03,-0.0023534374055370405
2010-06-04,0.0032298685892538223
2010-06-07,-0.004278294590762234
2010-06-08,-0.0008815899782382306
2010-06-09,-0.003943635694953408
2010-06-10,-0.004765554199522874
2010-06-11,0.002530297124630653
2010-06-14,-0.005198000616153492
2010-06-15,-0.002194526779751643
2010-06-16,-0.0021240728666146024
2010-06-17,-0.0012958062854480123
2010-06-18,-0.0028254117425554736
2010-06-21,-0.0002118603671091233
2010-06-22,0.00234185474709055
2010-06-23,0.00023030389237006793
2010-06-24,0.00032691503165888406
2010-06-25,-0.007109958251274615
2010-06-28,0.005948036572669807
2010-06-29,0.0006105467976575372
2010-06-30,-0.0011906190352078097
2010-07-01,0.0010142032047774766
2010-07-02,0.003928398884068661
2010-07-06,-0.001983852377223907
2010-07-07,-0.0026760655076500414
2010-07-08,-0.004198367877511626
2010-07-09,7.11283490064231e-05
2010-07-12,0.0052400145218204795
2010-07-13,0.00033765361738300327
2010-07-14,-0.001716273767226102
2010-07-15,-0.0008326998085311022
2010-07-16,-0.004306940089526742
2010-07-19,-0.0004693860629141381
2010-07-20,-0.007485231285528523
2010-07-21,-0.0038170150648061366
2010-07-22,0.0021507160273837255
2010-07-23,-0.0027483427486027687
2010-07-26,-0.0011496013461516092
2010-07-27,0.0030769881181402234
2010-07-28,-0.0025367332805908945
2010-07-29,-0.009595049893745985
2010-07-30,-0.0008902610912925131
2010-08-02,-0.00453978114588851
2010-08-03,-0.0027957901092708114
2010-08-04,-0.010340797449031987
2010-08-05,-0.0033160941716731704
2010-08-06,0.0009023235321443802
2010-08-09,0.0018924511789145005
2010-08-10,-0.0019863111653544664
2010-08-11,0.0053999749501472275
2010-08-12,-0.004759263479174755
2010-08-13,-0.0033746999431118656
2010-08-16,-0.0014177404380520601
2010-08-17,-0.0026892602221854247
2010-08-18,0.005152088071368265
2010-08-19,0.004341365406234421
2010-08-20,0.0030338122873433725
2010-08-23,-0.0013005665636830427
2010-08-24,0.0005526737748120425
2010-08-25,0.00010896399218555605
2010-08-26,-0.00245613612204937
2010-08-27,-0.00633199483558358
2010-08-30,-0.000810649108494197
2010-08-31,0.0006002358416270408
2010-09-01,-0.0064064104748808815
2010-09-02,0.0011713664339698612
2010-09-03,-0.0007896205279544829
2010-09-07,0.0008747861324747685
2010-09-08,-0.006358988675195181
2010-09-09,-0.00037755692966039486
2010-09-10,-0.004117821778790068
2010-09-13,0.0025184554959532326
2010-09-14,0.005093667875493677
2010-09-15,0.0021483973294226417
2010-09-16,0.001622738703829831
2010-09-17,-0.003625666486326464
2010-09-20,-0.002428741401503317
2010-09-21,-0.0024252381323049818
2010-09-22,-0.005872209445843748
2010-09-23,0.0018337138818165636
2010-09-24,-0.0014580109828506522
2010-09-27,0.0027699737226081337
2010-09-28,-0.0003356484772098175
2010-09-29,-0.007076259715597326
2010-09-30,-0.0011986010054810797
2010-10-01,-0.0019362804425778397
2010-10-04,0.000922890651375719
2010-10-05,-0.0042662608680549335
2010-10-06,-0.0007178525261850877
2010-10-07,0.0032251741823574043
2010-10-08,-0.004438467203618941
2010-10-11,0.000698946697006683
2010-10-12,0.005365622100354338
2010-10-13,-0.0015043083219677738
2010-10-14,-0.0020379310978684926
2010-10-15,-0.009618471716431515
2010-10-18,0.0008296258007447449
2010-10-19,0.006667331447275346
2010-10-20,0.0019050263648688602
2010-10-21,0.0006805128245197848
2010-10-22,-0.0033739593638496745
2010-10-25,-0.0019771955580638483
2010-10-26,0.003531414698851311
2010-10-27,-0.0008186271795404672
2010-10-28,0.0021223162667301713
2010-10-29,-0.00045968247300216835
2010-11-01,-0.0028376172808905363
2010-11-02,-0.004971194955635296
2010-11-03,0.0008248199078870653
2010-11-04,-0.0028191430117624336
2010-11-05,-0.00224999052780817
2010-11-08,-0.003765095241604053
2010-11-09,-0.001940651314725605
2010-11-10,-0.0018201592148891763
2010-11-11,-0.0060735514474462874
2010-11-12,0.005196122302824832
2010-11-15,-0.0012145813688119401
2010-11-16,0.00026594607199285214
2010-11-17,-0.0032071761941559387
2010-11-18,-0.0014317647719610791
2010-11-19,-0.0029743494404154743
2010-11-22,-0.002890128092406711
2010-11-23,0.002689931147217847
2010-11-24,-0.004290280278434966
2010-11-26,-0.0004443923592217272
2010-11-29,-0.0019068432490682826
2010-11-30,-0.003803250814311021
2010-12-01,-0.003157116071343167
2010-12-02,-0.0024043167007609164
2010-12-03,-0.001106091060231313
2010-12-06,-0.0026471807889323446
2010-12-07,0.0067868561436575815
2010-12-08,0.006819180192784688
2010-12-09,0.005312247023025428
2010-12-10,0.0011299529426842228
2010-12-13,-0.0035150040695247735
2010-12-14,-0.0012994095079769783
2010-12-15,-0.001111611951235505
2010-12-16,-0.005416316163966823
2010-12-17,0.0011077455143938507
2010-12-20,-0.004520530478390167
2010-12-21,-0.0013590940556570741
2010-12-22,-0.0001835194908979842
2010-12-23,-0.00021361169204874887
2010-12-27,0.0037151884469793697
2010-12-28,0.00031096822860692095
2010-12-29,-0.005957163807130298
2010-12-30,-0.0015129745988909501
2010-12-31,0.0004815755935770893
2011-01-03,-0.0020458476461683566
2011-01-04,0.0029946736961630653
2011-01-05,-0.005146801337964548
2011-01-06,-0.005314782408199354
2011-01-07,-0.008213862363712608
2011-01-10,-0.011748517232044417
2011-01-11,-0.006678209899991592
2011-01-12,0.0010698085441462994
2011-01-13,-0.006331963658625691
2011-01-14,-0.00796385093794696
2011-01-18,-0.010864126470228497
2011-01-19,0.004164695908809343
2011-01-20,-0.007328691210960598
2011-01-21,-0.007848624397293256
2011-01-24,-0.00041366801805843394
2011-01-25,-0.0048241615452262855
2011-01-26,-0.006264000788508018
2011-01-27,0.004064561346766631
2011-01-28,0.000606513033464982
2011-01-31,-0.012692294555132957
2011-02-01,-0.004679847204200248
2011-02-02,-0.004044597314861188
2011-02-03,0.0028194142415386156
2011-02-04,0.0009193747911510645
2011-02-07,-0.003280710355596744
2011-02-08,-0.008111434568842729
2011-02-09,-0.005711480028842836
2011-02-10,-0.01056018368212596
2011-02-11,-0.003680799875403652
2011-02-14,-0.002575133108269063
2011-02-15,-0.0015160130055672308
2011-02-16,-0.0022506638139389475
2011-02-17,-0.008330444640842167
2011-02-18,-0.0037194872624034866
2011-02-22,-0.009602520793536625
2011-02-23,-6.779196672938859e-05
2011-02-24,-0.002396559086943771
2011-02-25,-0.0018533256860178613
2011-02-28,-0.008125976107378592
2011-03-01,-0.0013742465712797422
2011-03-02,-0.009256583585110542
2011-03-03,-0.0033229708258107216
2011-03-04,-0.004894852320330968
2011-03-07,-0.0076758641125760805
2011-03-08,-0.013959310310767237
2011-03-09,-0.007370038298534696
2011-03-10,-0.0057366348389063715
2011-03-11,-0.003804248255485753
2011-03-14,-0.01280232416301499
2011-03-15,0.0007259609238407473
2011-03-16,-0.006926545336528863
2011-03-17,-0.006410210046380388
2011-03-18,-0.00894409810963952
2011-03-21,0.00048162232923625384
2011-03-22,-0.006460887275398207
2011-03-23,-0.0067674215787476965
2011-03-24,-0.0021244100463372433
2011-03-25,-0.0028705030355609855
2011-03-28,-0.002284419585903889
2011-03-29,-0.003152627413062749
2011-03-30,-0.004090563154260074
2011-03-31,-0.009295781596493899
2011-04-01,-0.009201554707643472
2011-04-04,-0.010341398433075973
2011-04-05,-0.0035317031537285314
2011-04-06,0.0010980029294357938
2011-04-07,-0.00707032884553444
2011-04-08,-0.010389370862802113
2011-04-11,-0.013089798622208292
2011-04-12,-0.011546092979303528
2011-04-13,-0.002132721621496381
2011-04-14,-0.011964407030190208
2011-04-15,-0.007080990347178587
2011-04-18,-0.0021741562396274464
2011-04-19,-0.005573157301785401
2011-04-20,-0.006344760789724534
2011-04-21,-0.009663446295127241
2011-04-25,-0.0008725645397939172
2011-04-26,-0.00627527430392353
2011-04-27,-0.0018720334603501733
2011-04-28,-0.0068102927675679865
2011-04-29,-0.00811509087178694
2011-05-02,-0.000964355035360802
2011-05-03,-0.01014620487840712
2011-05-04,-0.007904990855305214
2011-05-05,-0.0074159723394817785
2011-05-06,-0.007697629385285847
2011-05-09,0.0007878442608764569
2011-05-10,-0.0049527878953406716
2011-05-11,0.0014185833838365322
2011-05-12,-0.01893750711570821
2011-05-13,-0.007421250179513296
2011-05-16,-0.00836417650496718
2011-05-17,-0.007036826944414635
2011-05-18,-0.007959893678203243
2011-05-19,-0.006931223019854972
2011-05-20,-0.00351646293580476
2011-05-23,0.0020125098448504934
2011-05-24,-0.004160355852081007
2011-05-25,-0.006146068934323734
2011-05-26,-0.009933948772222555
2011-05-27,0.000967862701518378
2011-05-31,-0.004762067497530284
2011-06-01,-0.004704415742201913
2011-06-02,0.0013530103573243307
2011-06-03,-0.008257061699568725
2011-06-06,-0.003938784488461201
2011-06-07,-0.010966970914184042
2011-06-08,-0.003275906880809854
2011-06-09,-0.0026086984274474112
2011-06-10,-0.005739371876226018
2011-06-13,-0.012097841116480063
2011-06-14,0.00655347480341648
2011-06-15,-0.001613525911797328
2011-06-16,-0.015484313071085788
2011-06-17,-0.01126669353069821
2011-06-20,-0.006440469739828384
2011-06-21,-0.0030310559527545735
2011-06-22,-0.0031127016711140873
2011-06-23,-0.00431402960601027
2011-06-24,-0.01222400028523467
2011-06-27,-0.003821234616921439
2011-06-28,-0.010686408466930322
2011-06-29,0.0034143362419791464
2011-06-30,0.0018394707530479636
2011-07-01,0.0005429451251440362
2011-07-05,-0.00677538597807684
2011-07-06,-0.009260757217359271
2011-07-07,-0.0011950588094082728
2011-07-08,-0.002369980594222984
2011-07-11,-0.00016754623610180106
2011-07-12,-0.010054243020302403
2011-07-13,-0.006674552981066073
2011-07-14,-0.009847079430733399
2011-07-15,0.0053832751960681685
2011-07-18,-0.007715084725056661
2011-07-19,-0.0025997888923846224
2011-07-20,-0.002415322314752038
2011-07-21,-0.011493889655605993
2011-07-22,0.0027142290511066513
2011-07-25,-0.0048569446480156275
2011-07-26,-0.007376512081831405
2011-07-27,-0.007406291144928761
2011-07-28,-0.00988527637803117
2011-07-29,-0.006484313676187776
2011-08-01,-0.00555334793155249
2011-08-02,-0.003402251936042039
2011-08-03,-0.0035639989570234436
2011-08-04,-0.0073639008640369805
2011-08-05,-0.007298679246511904
2011-08-08,-0.023845112776045778
2011-08-09,0.0021094503834088486
2011-08-10,-0.021755080256925612
2011-08-11,-0.007578116221579726
2011-08-12,-0.011930130084867211
2011-08-15,0.0074827521787334626
2011-08-16,-0.001987041203750239
2011-08-17,-0.010092583066517734
2011-08-18,-0.020502693096423528
2011-08-19,-0.029777539773877242
2011-08-22,-0.010661389985764382
2011-08-23,-0.0025473629617861464
2011-08-24,-0.011212594296474095
2011-08-25,-0.0024696405520123156
2011-08-26,-0.014961067940672784
2011-08-29,0.00282339641167321
2011-08-30,-0.005219541300354084
2011-08-31,-0.0032515368733683925
2011-09-01,-0.010526407531192534
2011-09-02,-0.009484171658863816
2011-09-06,-0.005280680514669952
2011-09-07,0.00198429106553257
2011-09-08,0.0021246857386784165
2011-09-09,-0.007816442460535937
2011-09-12,-0.00502177344425969
2011-09-13,-0.005136800329016349
2011-09-14,-0.008708812590045831
2011-09-15,-0.006499256666771794
2011-09-16,-0.009189588096193708
2011-09-19,-0.011571110146445535
2011-09-20,-0.00423899248688322
2011-09-21,-0.008811865892047327
2011-09-22,-0.018169264900369398
2011-09-23,-0.007811289969310495
2011-09-26,-0.004138746858228096
2011-09-27,-0.005170436052317075
2011-09-28,-0.01654534962639085
2011-09-29,-0.0069518352532894935
2011-09-30,-0.01413270089518616
2011-10-03,-0.0018374957131936731
2011-10-04,-0.0007089729177182967
2011-10-05,-0.007884790401361641
2011-10-06,-0.0031376887740767814
2011-10-07,-0.0018269781993486816
2011-10-10,0.0053641804410534105
2011-10-11,-0.005434105229294331
2011-10-12,-0.00023218505531379715
2011-10-13,0.002335983939897252
2011-10-14,-0.016983082096121316
2011-10-17,-0.0030400254918561158
2011-10-18,-0.007162998839528444
2011-10-19,-0.015226473333022638
2011-10-20,0.0007664241291459768
2011-10-21,-0.010754064176944435
2011-10-24,-0.0015378643528556023
2011-10-25,0.0011181241070256547
2011-10-26,-0.007798349458645015
2011-10-27,-0.0015508102128472057
2011-10-28,0.00240089967536845
2011-10-31,0.005342917403265044
2011-11-01,-0.008933898136651686
2011-11-02,-0.010703461397460394
2011-11-03,-0.007391431021402726
2011-11-04,-0.0071866282570918
2011-11-07,-0.0037498327355916226
2011-11-08,-0.004272726720256929
2011-11-09,-0.0041768408741455244
2011-11-10,-0.014722821214299521
2011-11-11,-0.0036900803212818398
2011-11-14,-0.008735752762086406
2011-11-15,-0.007335556523356147
2011-11-16,-0.00015579664527229017
2011-11-17,-0.013569158896161178
2011-11-18,-0.01374656359574436
2011-11-21,-0.0020541321575011976
2011-11-22,-0.00904345533058772
2011-11-23,-0.010466098208918799
2011-11-25,-0.013557207837782099
2011-11-28,0.00846433173229311
2011-11-29,-0.010891972472067376
2011-11-30,0.003961243178459669
2011-12-01,-0.0007526084181736685
2011-12-02,-0.0028733546881569956
2011-12-05,-0.0087989831174183
2011-12-06,-0.005681487289377221
2011-12-07,-0.008833346736393681
2011-12-08,-0.002633502525981891
2011-12-09,-0.006664799319965914
2011-12-12,-0.0002039420107526795
2011-12-13,-0.0037352959871348804
2011-12-14,-0.012631690200662835
2011-12-15,-0.016488891473143967
2011-12-16,-0.00602340492293618
2011-12-19,-0.0071055896691766636
2011-12-20,0.007071380863873486
2011-12-21,-0.010205640229703302
2011-12-22,0.005223178496169405
2011-12-23,-0.00206199357874567
2011-12-27,-0.010120683323728834
2011-12-28,-0.006554121181950413
2011-12-29,-0.008077191510967746
2011-12-30,-0.00525618964272943
2012-01-03,-5.904761889718134e-05
2012-01-04,-0.001465377435875187
2012-01-05,0.002342241689094221
2012-01-06,-0.003841731698486138
2012-01-09,-0.003842925685305325
2012-01-10,-0.002355027747724222
2012-01-11,0.0001710087004792131
2012-01-12,-0.0011330535600154053
2012-01-13,-0.00023318860743834317
2012-01-17,-0.0032220384425374676
2012-01-18,-0.00010200317337193902
2012-01-19,0.0029838473555115572
2012-01-20,0.004932009385961188
2012-01-23,-0.009563040961455495
2012-01-24,-0.0034696328642169045
2012-01-25,-0.013592098659949434
2012-01-26,0.007076546489052513
2012-01-27,-0.008133593793452725
2012-01-30,-0.002615051035444124
2012-01-31,-0.004612291474996487
2012-02-01,0.0007993020903573089
2012-02-02,-0.006534121730114556
2012-02-03,0.001122431387043377
2012-02-06,-0.004334855416345658
2012-02-07,-0.007484310980465396
2012-02-08,-0.0016900068507844923
2012-02-09,0.0006939770830745743
2012-02-10,0.00026613290341997954
2012-02-13,-0.0020826644075571206
2012-02-14,-0.0036842672185385898
2012-02-15,-0.0010801943593337273
2012-02-16,-0.0012124712965991546
2012-02-17,-0.005479711363395918
2012-02-21,-0.006177245311180987
2012-02-22,-0.011559393192201527
2012-02-23,-0.0006970876691669587
2012-02-24,-0.009970354446934272
2012-02-27,-0.002117103489524706
2012-02-28,-0.0026933146249554017
2012-02-29,-0.01123059609131108
2012-03-01,-0.004006683392009856
2012-03-02,0.00026568382122858347
2012-03-05,-0.01234459987058008
2012-03-06,-0.0017446085044826366
2012-03-07,-0.005387980544727029
2012-03-08,-0.0029296199068086044
2012-03-09,0.002825501449999053
2012-03-12,-0.005998109568079433
2012-03-13,-0.006257087509057282
2012-03-14,-0.00011666401222548608
2012-03-15,-0.0016643819897538344
2012-03-16,-0.005797478409163333
2012-03-19,-0.004501937054364688
2012-03-20,0.005207038519151242
2012-03-21,-0.002639297788531431
2012-03-22,0.002101219518676016
2012-03-23,-0.003513361604517768
2012-03-26,-0.006986534575801935
2012-03-27,0.001240492228885227
2012-03-28,-0.0036816284434027092
2012-03-29,-0.0063822799889970095
2012-03-30,-0.0027908149016508147
2012-04-02,-0.0074500748730345805
2012-04-03,-0.0085669497531353
2012-04-04,-0.005385135812556334
2012-04-05,-0.005157981744784169
2012-04-09,-0.0030719340561538894
2012-04-10,-0.00011624799023914403
2012-04-11,-0.0006171825951342231
2012-04-12,-0.002779299506011349
2012-04-13,-0.009424631248883042
2012-04-16,0.0004132963174926828
2012-04-17,-0.0018885859058413203
2012-04-18,-0.005217453434999632
2012-04-19,-0.005689676123848658
2012-04-20,-0.01458195801698281
2012-04-23,-0.004661897882964332
2012-04-24,0.00042092461835035316
2012-04-25,-0.0030688550758124155
2012-04-26,-0.0059738227832695
2012-04-27,-0.01376480373125958
2012-04-30,-0.001814440903200246
2012-05-01,-0.005512888259053531
2012-05-02,-0.006118643596066856
2012-05-03,-0.006688326279059232
2012-05-04,-0.005855200481281379
2012-05-07,-0.004289264182019432
2012-05-08,-0.006831464147423456
2012-05-09,-0.004492371763844092
2012-05-10,-0.0026582378128429222
2012-05-11,-0.009820914625570009
2012-05-14,-0.005615049625406335
2012-05-15,-0.012820744919644382
2012-05-16,-0.006097909022410962
2012-05-17,0.0008074857411789664
2012-05-18,0.0014158395846958364
2012-05-21,-0.006061802799156099
2012-05-22,-0.0052266743048018215
2012-05-23,-0.011523658710736937
2012-05-24,-0.007709046265513724
2012-05-25,0.001834366167743534
2012-05-29,-0.007129818557818931
2012-05-30,-0.008703611341637604
2012-05-31,0.0014495497278511765
2012-06-01,0.004198723558792129
2012-06-04,-0.010406601672029173
2012-06-05,-0.002756723967870212
2012-06-06,0.005775117093955139
2012-06-07,-0.008221910108506652
2012-06-08,-0.0027676043804810285
2012-06-11,-0.003446343133583097
2012-06-12,-0.006816151080215037
2012-06-13,-0.0011935430504225126
2012-06-14,-0.004257748757539993
2012-06-15,-0.011071264890892368
2012-06-18,-0.005700652858094098
2012-06-19,-0.002779101188413165
2012-06-20,-0.0010798117278897259
2012-06-21,-0.010277515058576651
2012-06-22,-0.0030338037421021756
2012-06-25,-0.005051258658295849
2012-06-26,-0.00638662962717046
2012-06-27,-0.004335694905978804
2012-06-28,-0.004631527291384066
2012-06-29,0.016864688882368764
2012-07-02,-0.002392669457848557
2012-07-03,-0.005870597088667754
2012-07-05,-0.009485202093701116
2012-07-06,-0.0015170277479552717
2012-07-09,-0.005255900092752603
2012-07-10,-0.003630112626243947
2012-07-11,-0.006295226510350084
2012-07-12,-0.0065232658840848855
2012-07-13,-0.0027423558566944213
2012-07-16,-0.0036719844031777617
2012-07-17,-0.004672789682876258
2012-07-18,-0.00872105263056245
2012-07-19,-0.002277041646857609
2012-07-20,-0.0038902152328789234
2012-07-23,0.005248899933203172
2012-07-24,-0.0018770585796299838
2012-07-25,-0.006943889423920232
2012-07-26,-0.0007368750420079602
2012-07-27,-0.006737216267211954
2012-07-30,-0.002778132585501957
2012-07-31,-0.0003959593406991464
2012-08-01,-0.0012849998955828598
2012-08-02,-0.008054025643983661
2012-08-03,-0.005739459797569222
2012-08-06,-0.0027961545924212734
2012-08-07,-0.010699977834223027
2012-08-08,-0.005007029535687379
2012-08-09,-0.0009268262857735909
2012-08-10,-0.004745927496626923
2012-08-13,-0.0023943341458602125
2012-08-14,-0.0035225339447850644
2012-08-15,-0.004711543070689215
2012-08-16,-0.004351552178324914
2012-08-17,-0.004052032076141914
2012-08-20,-0.004946135305202368
2012-08-21,-0.004832496203367403
2012-08-22,-0.00791597681181576
2012-08-23,-0.0022619387064918275
2012-08-24,-0.005440542244703825
2012-08-27,-0.003769471106750741
2012-08-28,-0.006027135624293485
2012-08-29,-0.00837607802098295
2012-08-30,0.0032928479404946433
2012-08-31,-0.004941253065085388
2012-09-04,-0.00023071029718511448
2012-09-05,0.000999508506122431
2012-09-06,-0.0021600886003902316
2012-09-07,0.0009936322913920359
2012-09-10,-0.008347415979806082
2012-09-11,0.009639036828388622
2012-09-12,-0.005153920424019997
2012-09-13,-0.007049510358779061
2012-09-14,-0.009810086699493112
2012-09-17,-0.020443598679367434
2012-09-18,-0.010217689371810518
2012-09-19,-0.000711264364819714
2012-09-20,-0.007854774520370183
2012-09-21,-0.000590504419465958
2012-09-24,-0.00227342731366671
2012-09-25,-0.009968202935256833
2012-09-26,0.0004215083541575246
2012-09-27,-0.007748501534796101
2012-09-28,-0.005377384962398288
2012-10-01,-0.006760089254374776
2012-10-02,-0.010703803212661032
2012-10-03,-0.000820978065519529
2012-10-04,-0.003739017173262908
2012-10-05,-0.0014657820325884186
2012-10-08,-0.006185675891196268
2012-10-09,-0.006684239285323388
2012-10-10,-0.008220403576004828
2012-10-11,-0.010825855897116026
2012-10-12,-0.008006219638487215
2012-10-15,0.002629085353463308
2012-10-16,-0.00414740840933799
2012-10-17,-0.0018503622295323817
2012-10-18,-0.0020170770746208654
2012-10-19,-0.0088199017500265
2012-10-22,-0.004416261465744479
2012-10-23,-0.0028878236097901145
2012-10-24,-0.0075231098459714735
2012-10-25,-0.0011277660981567654
2012-10-26,-0.004431037776477023
2012-10-31,-0.004947951623897438
2012-11-01,0.0006213962753104105
2012-11-02,0.000460400602383758
2012-11-05,-0.007164204216608963
2012-11-06,-0.003231574429393985
2012-11-07,-0.008363890373119319
2012-11-08,-0.0034550044650401325
2012-11-09,-0.00879349383339953
2012-11-12,0.0023236760245092056
2012-11-13,-0.003929544246032125
2012-11-14,-0.008728338900629448
2012-11-15,-0.009333185446611107
2012-11-16,-0.008612523475524263
2012-11-19,-0.001298273980507709
2012-11-20,-0.0032482279734846347
2012-11-21,-0.006382571932539192
2012-11-23,0.000881951712157028
2012-11-26,-0.0014187490592423371
2012-11-27,-0.0015787505298926218
2012-11-28,-0.0061808070045321975
2012-11-29,-0.0035136682831924722
2012-11-30,0.002689871488506677
2012-12-03,-0.0031399942175229538
2012-12-04,-0.008607654016072424
2012-12-05,-0.00809148137732106
2012-12-06,-0.011630239658102743
2012-12-07,-0.00788947327292576
2012-12-10,-0.00604303364823285
2012-12-11,0.0007478728578917348
2012-12-12,-0.004733498743072665
2012-12-13,-0.0095997716223181
2012-12-14,-0.0009656270950529613
2012-12-17,-0.011199802049260417
2012-12-18,-0.006272625959388634
2012-12-19,-0.0014893058618913558
2012-12-20,-0.00540705739573674
2012-12-21,-0.005165074137474914
2012-12-24,-0.0010745060637282178
2012-12-26,-0.002862468513937593
2012-12-27,-0.006449744794727132
2012-12-28,-0.003919652177818245
2012-12-31,-0.009804450278683206
2013-01-02,0.006980832529686056
2013-01-03,0.0014894334013948168
2013-01-04,-0.00458291960690676
2013-01-07,-0.0005735274103906723
2013-01-08,-0.005541453039130252
2013-01-09,-0.0015303272144126553
2013-01-10,0.0029635371394898906
2013-01-11,-0.0035552407179069824
2013-01-14,-0.0009292538690597969
2013-01-15,-0.004455601399548393
2013-01-16,0.0010450000665388794
2013-01-17,-0.002099999292171278
2013-01-18,-0.008137824324601504
2013-01-22,-0.006244853054029017
2013-01-23,-0.004866738356277862
2013-01-24,-0.008763541940598054
2013-01-25,-0.0039158122757494635
2013-01-28,-0.0010898579784235371
2013-01-29,-0.0045382718127381216
2013-01-30,-0.0028344538518455574
2013-01-31,-0.004277056723398537
2013-02-01,-0.002763023047790771
2013-02-04,-0.0022553109510038134
2013-02-05,-0.0004919990980834866
2013-02-06,-0.004598934165909943
2013-02-07,-0.00545015169376907
2013-02-08,-0.00897808918965441
2013-02-11,-0.0015219832706958505
2013-02-12,-0.005061672726402176
2013-02-13,0.004206309825758984
2013-02-14,-0.001496463217835235
2013-02-15,-0.0022671085567061476
2013-02-19,-0.0006876891450299629
2013-02-20,-0.0024946431972452526
2013-02-21,-0.005542144724556204
2013-02-22,-0.004847211749429362
2013-02-25,8.807981100582112e-05
2013-02-26,-0.007998022876713497
2013-02-27,-0.010938072329566038
2013-02-28,-0.00038009217595850325
2013-03-01,-0.0020954636578762826
2013-03-04,-0.0029140127232227843
2013-03-05,0.00036885304251995407
2013-03-06,-0.0051447119707426475
2013-03-07,-0.007123626279312744
2013-03-08,-0.006373323441863134
2013-03-11,-0.0034218534363250125
2013-03-12,-0.004756945819178665
2013-03-13,-0.0002614667805260779
2013-03-14,-9.724531580108378e-05
2013-03-15,-0.00623592339857928
2013-03-18,-0.00011876736751949626
2013-03-19,0.0031773349747519497
2013-03-20,-0.005651793703647397
2013-03-21,-0.004325176969510165
2013-03-22,0.007911756275990377
2013-03-25,-0.006117727346701214
2013-03-26,-0.003309536721512015
2013-03-27,-0.005565248844815339
2013-03-28,-0.0037082954832383824
2013-04-01,-0.0028414225344511683
2013-04-02,-0.004341975704199705
2013-04-03,-0.005251783979668972
2013-04-04,-0.0033232064813264756
2013-04-05,-0.002567632154351891
2013-04-08,-0.004754130587373753
2013-04-09,-0.003586853299630723
2013-04-10,-0.002545710738722012
2013-04-11,-0.0034859178462992627
2013-04-12,0.0018983076936033424
2013-04-15,0.013009116490778292
2013-04-16,-0.004697126974885337
2013-04-17,-0.001963017268772959
2013-04-18,-0.002552959681842961
2013-04-19,0.005849666951453541
2013-04-22,-0.0019379423259548645
2013-04-23,-0.0036707449002823743
2013-04-24,-0.017083738030664614
2013-04-25,-0.01108173572019993
2013-04-26,0.003764329324721108
2013-04-29,-0.006229065701572889
2013-04-30,-0.008555954044815326
2013-05-01,-0.001435702481991834
2013-05-02,-0.009613361682250375
2013-05-03,-0.00599541787192748
2013-05-06,-0.007310009959364276
2013-05-07,-0.005123831697327492
2013-05-08,-0.004146754560579488
2013-05-09,-0.005535037209787815
2013-05-10,-0.003738170084008841
2013-05-13,-0.004946142200846209
2013-05-14,-0.0038433198217132612
2013-05-15,0.003046032999225923
2013-05-16,-0.004140060175867547
2013-05-17,0.0020078063903051484
2013-05-20,-0.004392100931742353
2013-05-21,-0.008519449168183379
2013-05-22,-0.007327396735437331
2013-05-23,-0.004482840386182107
2013-05-24,-0.004040824742998683
2013-05-28,0.0013699883130005492
2013-05-29,-0.0009852365779768062
2013-05-30,0.002496982359072206
2013-05-31,-0.0011797779108324632
2013-06-03,-0.0033415281505972195
2013-06-04,-0.006487928886160781
2013-06-05,-0.004053902420201942
2013-06-06,-0.003524545228884771
2013-06-07,-0.0010306166049756371
2013-06-10,0.00012809564462377097
2013-06-11,-0.0008666563811017621
2013-06-12,-0.0036278013656113636
2013-06-13,-0.007981248308033794
2013-06-14,-0.009920273562856277
2013-06-17,-0.0018796998071976055
2013-06-18,-0.001501328580360825
2013-06-19,-0.0012583484755744586
2013-06-20,-0.0013046942489515073
2013-06-21,-0.004638583425190884
2013-06-24,-0.006394949169487924
2013-06-25,-0.0018650857569683186
2013-06-26,-0.003947068604896184
2013-06-27,-0.0037707629109181634
2013-06-28,-0.0036811075496273556
2013-07-01,-0.0009653523733678254
2013-07-02,-0.005882660310336438
2013-07-03,-0.004739803462714321
2013-07-05,8.508771974440922e-06
2013-07-08,-0.0046006990133950045
2013-07-09,-0.005277241931862194
2013-07-10,-0.006724176726691669
2013-07-11,-0.013445488023464715
2013-07-12,0.000787915577616287
2013-07-15,-0.0061193984584974985
2013-07-16,-0.004070192882946092
2013-07-17,0.00020270475822571198
2013-07-18,-0.0006335164886346989
2013-07-19,-0.008150111351295583
2013-07-22,-0.0027238635328109256
2013-07-23,0.00014243119837894277
2013-07-24,-0.002197815715549846
2013-07-25,-0.007050486867731026
2013-07-26,-0.0024802329873508545
2013-07-29,-0.0032313005270739087
2013-07-30,-0.0016889189630820917
2013-07-31,-0.006750462720036102
2013-08-01,-0.004506683326519425
2013-08-02,-0.002924150629555264
2013-08-05,-0.004252785277208312
2013-08-06,-0.00342482545134389
2013-08-07,-0.0002082742862097608
2013-08-08,0.0014758928558118462
2013-08-09,-0.008279359367845027
2013-08-12,-0.00470720255447275
2013-08-13,-0.0002910606418070169
2013-08-14,0.0019583656133551524
2013-08-15,-0.007223761305597665
2013-08-16,-0.0008118311657005044
2013-08-19,-0.009173569776840291
2013-08-20,-0.0026797288153307753
2013-08-21,-0.0028878389354128047
2013-08-22,-0.003521711005793802
2013-08-23,-0.00013017963996946047
2013-08-26,-0.004796956003631244
2013-08-27,-0.0057666042201182125
2013-08-28,-0.0020751532108907508
2013-08-29,-0.0034726513789562394
2013-08-30,-0.0057531021992691545
2013-09-03,-0.0032565622767467867
2013-09-04,-0.0049960022090562856
2013-09-05,-0.0017422149055377817
2013-09-06,-0.003672756868750529
2013-09-09,0.003361846519658599
2013-09-10,-0.005170284905227581
2013-09-11,-0.012807717904626018
2013-09-12,-0.008049410357622425
2013-09-13,-0.0033381638833977234
2013-09-16,-0.0025509042081486594
2013-09-17,-0.0047435781232444425
2013-09-18,0.000683899956583695
2013-09-19,-0.005203167658100893
2013-09-20,-0.002665399019865005
2013-09-23,-0.0026764743808062527
2013-09-24,-0.0038335261706675117
2013-09-25,-0.0071095792255735
2013-09-26,0.002478379761141865
2013-09-27,-0.004720361753264695
2013-09-30,-0.003855623279098361
2013-10-01,-0.0019508099764368497
2013-10-02,-0.0077779416581641656
2013-10-03,0.0009746251381194449
2013-10-04,-0.00543457961012622
2013-10-07,-0.0033929387351913256
2013-10-08,-0.008820935866022945
2013-10-09,-0.007032812437451158
2013-10-10,-0.00016335771551095196
2013-10-11,-0.013480342074412417
2013-10-14,8.972234463776015e-05
2013-10-15,-0.0003418547292520901
2013-10-16,-0.006842388123081383
2013-10-17,-0.0003479774702130189
2013-10-18,0.00010396550793379412
2013-10-21,-0.0013374248490693877
2013-10-22,-0.003278455798273353
2013-10-23,-0.00860209823935193
2013-10-24,-0.0020941042965064967
2013-10-25,-0.0026485252881263874
2013-10-28,-0.003049046057274277
2013-10-29,-0.0006847140029923649
2013-10-30,-0.00046117423135498374
2013-10-31,-0.0028422201790805767
2013-11-01,-0.006272305204758167
2013-11-04,-0.008471308652986233
2013-11-05,-0.000984810873818986
2013-11-06,-0.001334615184338089
2013-11-07,-0.007026624178462011
2013-11-08,-0.005419474845812558
2013-11-11,-0.0038556452893603976
2013-11-12,-0.0037640087219449536
2013-11-13,0.0007409923440656972
2013-11-14,-0.007039413459289266
2013-11-15,-0.002204375482635042
2013-11-18,-0.004439339816334112
2013-11-19,-0.004070925039668372
2013-11-20,-0.0035276066330444224
2013-11-21,-0.005184822060343338
2013-11-22,-0.010474905957200176
2013-11-25,0.0028416213395616122
2013-11-26,-0.0037562529345630414
2013-11-27,0.0028414013053944718
2013-11-29,-0.004498462209349714
2013-12-02,-0.0017659311044302176
2013-12-03,-0.0027195372068805003
2013-12-04,-0.0013136799887926874
2013-12-05,-0.006574506099968905
2013-12-06,0.0010015465814006974
2013-12-09,-0.003176755324160455
2013-12-10,-0.006413219937923412
2013-12-11,0.0016378668178816205
2013-12-12,0.001183073298894055
2013-12-13,-0.003534717979349394
2013-12-16,-0.003028541227093245
2013-12-17,-0.0033142733206269004
2013-12-18,-0.003026901380794387
2013-12-19,-0.003249786777385814
2013-12-20,-0.0017661902746265098
2013-12-23,0.0031793221038392246
2013-12-24,-0.0022719882500444573
2013-12-26,-0.005293126975847953
2013-12-27,-0.0036070129260790066
2013-12-30,-0.0009446484537501618
2013-12-31,-0.0010909286492877196
2014-01-02,0.0014788724811088108
2014-01-03,-0.005421621861855755
2014-01-06,-0.003967318229944745
2014-01-07,-0.006906521212708445
2014-01-08,-0.0028143471938318993
2014-01-09,-0.011328853679166431
2014-01-10,-0.004211235794145879
2014-01-13,0.0014810386784484212
2014-01-14,-0.009710587899529294
2014-01-15,-0.004251939793939001
2014-01-16,-0.005246171752306203
2014-01-17,-0.009920132432175195
2014-01-21,-0.007900509109093543
2014-01-22,-0.009584914026317788
2014-01-23,-0.0012196914815323127
2014-01-24,-0.004051529748888463
2014-01-27,-0.0033758500998380334
2014-01-28,-0.0044192508758437365
2014-01-29,-0.002254358853945089
2014-01-30,-0.00227345364484393
2014-01-31,-0.003280884919089953
2014-02-03,-0.005618379887600316
2014-02-04,-0.005348909747701751
2014-02-05,-0.0012827779762310141
2014-02-06,-0.008694577013326467
2014-02-07,-0.004690445059096181
2014-02-10,-0.00879238412996515
2014-02-11,-0.0010152631143586235
2014-02-12,-0.0020488206789687755
2014-02-13,-0.007243816502523261
2014-02-14,-0.0052533161053294935
2014-02-18,-0.005317281848401553
2014-02-19,-0.007554096251942781
2014-02-20,-0.0034562659904695545
2014-02-21,-0.006634215250747538
2014-02-24,-0.005153094698795983
2014-02-25,-0.004560980885237565
2014-02-26,-0.003943650956222463
2014-02-27,-0.009427371051635257
2014-02-28,-0.00728671577917857
2014-03-03,-0.004733960608728631
2014-03-04,-0.0004625908372286982
2014-03-05,-0.006919224120343327
2014-03-06,-0.005711633889809874
2014-03-07,-0.005253075852325943
2014-03-10,-0.0038884879443928633
2014-03-11,-0.0037823781184781434
2014-03-12,-0.0057752890024162905
2014-03-13,-0.006058788043624372
2014-03-14,-0.0063937587183074945
2014-03-17,-0.0007139642517054977
2014-03-18,-0.00011256207001986065
2014-03-19,-0.007580413297317842
2014-03-20,-0.00462268882756101
2014-03-21,-0.0023136498747119844
2014-03-24,0.0028557683964829514
2014-03-25,-0.0016058679967947413
2014-03-26,-0.006920243870994846
2014-03-27,-0.007424851026315226
2014-03-28,-0.0029010786186503676
2014-03-31,0.0013067352768787541
2014-04-01,-0.006131132107487489
2014-04-02,-0.0017072253091565152
2014-04-03,-0.009936619172939315
2014-04-04,-0.007568945351668085
2014-04-07,-0.0022707924931872634
2014-04-08,-0.0027066467123693875
2014-04-09,-0.0023603234136688233
2014-04-10,0.0031314005063058526
2014-04-11,-0.00468160233847831
2014-04-14,-0.0019042128285172003
2014-04-15,-0.003845278198928114
2014-04-16,-0.006462375312239135
2014-04-17,-0.0032809284854526813
2014-04-21,-0.0007805404858881957
2014-04-22,-0.0072705222593762425
2014-04-23,-0.0018522171460666952
2014-04-24,-0.0035272344547220983
2014-04-25,-0.0018019469504656767
2014-04-28,-0.004277662411325136
2014-04-29,0.004018991830139998
2014-04-30,-0.008319898320262593
2014-05-01,-0.007361314255574819
2014-05-02,-0.0057591794433788
2014-05-05,-0.0066655718449741795
2014-05-06,-0.009244229234644987
2014-05-07,-0.0037117967544041896
2014-05-08,0.0028557556847790483
2014-05-09,-0.007674945725021485
2014-05-12,-0.0037969737375215876
2014-05-13,-0.0011466847307736116
2014-05-14,-0.00563099209207486
2014-05-15,-0.001821181550284592
2014-05-16,-0.0016777047264383074
2014-05-19,-0.004659626386374854
2014-05-20,-0.0032266877977905287
2014-05-21,-0.007251427562003351
2014-05-22,-0.001576227247532161
2014-05-23,-0.002117130175707769
2014-05-27,-0.006491280567164777
2014-05-28,-0.004694849659107785
2014-05-29,-0.00582393714350485
2014-05-30,-0.002060933401422922
2014-06-02,-0.0020151336758831573
2014-06-03,-0.0024493974681783644
2014-06-04,-0.006026869823197528
2014-06-05,-0.0023088376318137105
2014-06-06,-0.005157525213174447
2014-06-09,-0.0032779805205387343
2014-06-10,-0.002871910218468891
2014-06-11,-0.007376933950014306
2014-06-12,-0.0059537533507107426
2014-06-13,-0.000339915999606674
2014-06-16,-0.003558862242283371
2014-06-17,-0.0023850569069861494
2014-06-18,-0.0029642292832429635
2014-06-19,-0.013642138820752981
2014-06-20,-0.011954278578482814
2014-06-23,-0.002084512170447232
2014-06-24,-0.0025523699323340334
2014-06-25,-0.00857946771829269
2014-06-26,-0.005625127197650564
2014-06-27,-0.005095190729149842
2014-06-30,-0.0007912186627443904
2014-07-01,-0.001383493890494347
2014-07-02,-0.002176685026103465
2014-07-03,-0.003911527230751347
2014-07-07,-0.0009324547031652551
2014-07-08,-0.0042832077478682905
2014-07-09,-0.003205474068034159
2014-07-10,0.0004574392335564099
2014-07-11,-0.005663008420497316
2014-07-14,-0.003823993142977561
2014-07-15,-0.0011817954292468059
2014-07-16,-0.003185550374745291
2014-07-17,0.0025786652614595215
2014-07-18,-0.007021537950767916
2014-07-21,-0.005689595638987856
2014-07-22,-0.008428580879909872
2014-07-23,-0.006077138750668665
2014-07-24,-0.007655293914709774
2014-07-25,-0.0026393304761480737
2014-07-28,-0.0012111694243623068
2014-07-29,-0.0007287712064952719
2014-07-30,-0.008403530340802089
2014-07-31,0.0013747013936420182
2014-08-01,-0.005156190262038005
2014-08-04,-0.005673217142776059
2014-08-05,-0.0032127314858695086
2014-08-06,-0.006163039886985483
2014-08-07,-0.004764664386404074
2014-08-08,-0.005935517832307134
2014-08-11,0.00494702287974541
2014-08-12,-0.005773456661287797
2014-08-13,-0.00910584935361768
2014-08-14,0.00034097164589483656
2014-08-15,-0.002720424342835137
2014-08-18,0.0006890147358354862
2014-08-19,-0.00042378250889939413
2014-08-20,-0.0026496403174364035
2014-08-21,0.003328599604890076
2014-08-22,-0.0009616448150516609
2014-08-25,-0.004946189545993091
2014-08-26,-0.00359062542023835
2014-08-27,0.0013572129103777745
2014-08-28,-0.0043312297893306675
2014-08-29,-0.0032785982181763474
2014-09-02,-0.0009376712466285572
2014-09-03,-0.0058838463367598005
2014-09-04,-0.0011133813658044623
2014-09-05,-0.002978576339433904
2014-09-08,-0.003961124815219508
2014-09-09,-0.002203121761806994
2014-09-10,-0.0026773746530984843
2014-09-11,-0.004261352390773347
2014-09-12,-0.005275003059762345
2014-09-15,-0.0035202593776653005
2014-09-16,-0.0036909351190076473
2014-09-17,-0.0005718127435470097
2014-09-18,-0.005489436055861107
2014-09-19,-0.00040790952505086273
2014-09-22,0.0018913898516860848
2014-09-23,-0.0010187601674371833
2014-09-24,-0.006659305377423572
2014-09-25,-0.004766911108200573
2014-09-26,-0.004105347551207592
2014-09-29,0.00029015231735320546
2014-09-30,-0.002307091390921732
2014-10-01,0.0010854550270578568
2014-10-02,-0.003229466477310996
2014-10-03,-0.00425404052675097
2014-10-06,-0.003581736442668065
2014-10-07,-0.004105554020399894
2014-10-08,-0.005342020870027645
2014-10-09,-0.011042513968045398
2014-10-10,-0.006762229555848648
2014-10-13,0.002439520403973233
2014-10-14,-0.000360063852622044
2014-10-15,-0.00037122116947802463
2014-10-16,-0.008148728038405894
2014-10-17,-0.0026808893451783023
2014-10-20,-0.002809956868774788
2014-10-21,-0.000978291144309588
2014-10-22,-0.0011994570192258719
2014-10-23,-0.006762785534687725
2014-10-24,-0.000418384500739792
2014-10-27,-0.00473043064835654
2014-10-28,-0.0036195349608602037
2014-10-29,-0.004446132099350167
2014-10-30,-0.003421654148273348
2014-10-31,0.005502921683379461
2014-11-03,0.000768700687664943
2014-11-04,-0.006818041386875711
2014-11-05,0.003671017127312459
2014-11-06,-0.002447908846413178
2014-11-07,-0.007360836443417295
2014-11-10,-0.004740904721234777
2014-11-11,-0.004232885198284641
2014-11-12,-0.003300675715002416
2014-11-13,-0.0094308312028181
2014-11-14,0.0008939628775797306
2014-11-17,-0.0024146318093437842
2014-11-18,-0.0058860115405001585
2014-11-19,-0.007433490323725259
2014-11-20,-0.000916392340368723
2014-11-21,-0.007775598429847099
2014-11-24,-0.0035464189241401814
2014-11-25,-0.005773079691289287
2014-11-26,-0.001836742135520015
2014-11-28,-0.0280191291881487
2014-12-01,-0.001489288871277751
2014-12-02,-0.010037841831241946
2014-12-03,-0.0051022531755391155
2014-12-04,-0.004835302852993732
2014-12-05,-0.003088383980503835
2014-12-08,-0.016189714635247033
2014-12-09,-0.0004597693160948383
2014-12-10,-0.009444705248540785
2014-12-11,-0.007395829913341848
2014-12-12,-0.01070725144337015
2014-12-15,-0.005007133475206923
2014-12-16,0.00398401962888904
2014-12-17,-0.006009735929806052
2014-12-18,0.0024180163220274206
2014-12-19,0.002701235008775567
2014-12-22,-0.0007754416422602467
2014-12-23,-0.005412011206687998
2014-12-24,0.0012366629292131772
2014-12-26,-0.00469736076894373
2014-12-29,-0.002977188289668889
2014-12-30,-0.001813528439863096
2014-12-31,-0.004774809289246308
2015-01-02,-0.00627441286004609
2015-01-05,0.010289397748655331
2015-01-06,-0.0002504938913627981
2015-01-07,0.004282804639551174
2015-01-08,0.00016043971647344282
2015-01-09,-0.006477983268641261
2015-01-12,0.013110780636154545
2015-01-13,0.0004918791293503999
2015-01-14,-0.00387461182592167
2015-01-15,-0.0020762448443155793
2015-01-16,-0.011451879260612648
2015-01-20,-0.0015499644058282619
2015-01-21,-0.017578921996907547
2015-01-22,0.0026261164454576026
2015-01-23,0.001387657162950107
2015-01-26,-0.011514415240530216
2015-01-27,-0.002059375510881589
2015-01-28,0.014056542673372889
2015-01-29,0.003594975450088577
2015-01-30,-0.017946056116462994
2015-02-02,-0.015546464866159541
2015-02-03,-0.013039436400086857
2015-02-04,0.013836346226482438
2015-02-05,-0.0049935659536098145
2015-02-06,-0.0037046351644885655
2015-02-09,-0.0073725920763843345
2015-02-10,0.0056868854214548155
2015-02-11,0.0018258928860556604
2015-02-12,-0.0018829152434802114
2015-02-13,-0.011253676895671093
2015-02-17,-0.004413844542025634
2015-02-18,0.006165882788423992
2015-02-19,0.0018037466695174755
2015-02-20,0.004863488380417697
2015-02-23,0.004832790535468946
2015-02-24,-0.002574041907867141
2015-02-25,-0.005789424088496107
2015-02-26,0.007088757299134009
2015-02-27,-0.008249342191650643
2015-03-02,0.0005862929547537931
2015-03-03,-0.0010471241239415443
2015-03-04,-0.0024025215787921517
2015-03-05,0.004144157787532228
2015-03-06,-0.0014796381393933481
2015-03-09,0.003518430360626025
2015-03-10,-0.00023452797666139748
2015-03-11,-0.004779346879785603
2015-03-12,0.0016343525801051975
2015-03-13,-0.0015338840462692026
2015-03-16,0.0006096297047154199
2015-03-17,-9.897999881325315e-05
2015-03-18,-0.007877194585021681
2015-03-19,0.0035577298517820285
2015-03-20,-0.006647632820649738
2015-03-23,0.0008194169812549626
2015-03-24,0.001296283625412534
2015-03-25,-0.004909077798795698
2015-03-26,-0.00024185138025888402
2015-03-27,0.003096528134851396
2015-03-30,-0.0033675524659250687
2015-03-31,-0.004815200043507356
2015-04-01,-0.00599134189565723
2015-04-02,-0.003464070434016537
2015-04-06,-0.007314985537690458
2015-04-07,-0.0052933551878922595
2015-04-08,-0.0023750972279911763
2015-04-09,-0.002032486292790207
2015-04-10,0.002146215783582906
2015-04-13,-0.0026243202782604827
2015-04-14,0.0019049668109345813
2015-04-15,3.6473114714795146e-05
2015-04-16,0.005070079605334627
2015-04-17,-0.0026154310797596803
2015-04-20,-0.0040734500164283614
2015-04-21,-0.005784152818052758
2015-04-22,-0.0011828177231246136
2015-04-23,0.0030830042156957172
2015-04-24,-0.0012725597946834073
2015-04-27,0.003680387105321979
2015-04-28,-5.711414442521141e-06
2015-04-29,0.011357070959490236
2015-04-30,-0.004417728375286483
2015-05-01,-0.006579361239401879
2015-05-04,-0.0016735044818203934
2015-05-05,0.0002880955920676223
2015-05-06,-0.003056492976473278
2015-05-07,-0.0013837214516117034
2015-05-08,-4.519772198595287e-05
2015-05-11,-0.0004983842300262445
2015-05-12,0.0015768778127820888
2015-05-13,0.0024846240126416234
2015-05-14,0.0020080214162189244
2015-05-15,-0.002867975543217753
2015-05-18,-0.0026612308645907485
2015-05-19,-0.00047786919156293664
2015-05-20,0.001244054691694157
2015-05-21,-0.006434499889033749
2015-05-22,-0.0009045233002774385
2015-05-26,0.00048244538695054384
2015-05-27,0.002377889021140485
2015-05-28,-0.0008348340362304383
2015-05-29,0.0012155412352080472
2015-06-01,-0.003971011496595352
2015-06-02,-0.0025770497171557563
2015-06-03,-0.0014317547959548833
2015-06-04,-0.00023645189835895183
2015-06-05,0.0030840478730033045
2015-06-08,0.001153747236735789
2015-06-09,0.0020597197516675466
2015-06-10,0.0030638941938682454
2015-06-11,-0.004701177703963952
2015-06-12,-0.0015164419869992053
2015-06-15,0.00035864936797756297
2015-06-16,-0.00038036966013706
2015-06-17,-0.004977982387414612
2015-06-18,-0.006158397220239342
2015-06-19,-0.005072194146077536
2015-06-22,-0.0008186658785641774
2015-06-23,-0.0015016479958674324
2015-06-24,0.0016015067621451616
2015-06-25,-0.0007755265761949222
2015-06-26,0.005165714368691114
2015-06-29,-0.0005799204309673558
2015-06-30,0.0021835420647718052
2015-07-01,0.003982714873378954
2015-07-02,-0.002892343340018845
2015-07-06,0.002484304539369582
2015-07-07,-0.010706033717527
2015-07-08,-0.0002454373945935302
2015-07-09,0.0012710023642518733
2015-07-10,0.004760578838172798
2015-07-13,0.002470067893711036
2015-07-14,-0.0028880648656003046
2015-07-15,0.008769063482768614
2015-07-16,0.011335461114421942
2015-07-17,0.006554985074450328
2015-07-20,0.008322344208544446
2015-07-21,-0.005023436124680014
2015-07-22,0.009642842529351936
2015-07-23,-0.007854659690777425
2015-07-24,0.0029536495691517054
2015-07-27,-0.0003031500162777458
2015-07-28,-0.012068986904107742
2015-07-29,-0.00248873551734131
2015-07-30,0.0042519075863860865
2015-07-31,0.009200767639982342
2015-08-03,0.010906736758649426
2015-08-04,0.0042128499383994366
2015-08-05,0.0017715884556378726
2015-08-06,-0.007036974974044356
2015-08-07,0.0026441560408858164
2015-08-10,-0.01845988943291617
2015-08-11,0.005995597955199635
2015-08-12,-0.01154529921011928
2015-08-13,0.008019469527537819
2015-08-14,0.0008560025477723774
2015-08-17,0.0004188725256289523
2015-08-18,0.003095475383312375
2015-08-19,0.007829634403027945
2015-08-20,0.0006275464549022942
2015-08-21,-0.008816368399855919
2015-08-24,0.001781688557265234
2015-08-25,0.005036988216624909
2015-08-26,0.005494875740472875
2015-08-27,-0.02259087652309618
2015-08-28,-0.007062875871543264
2015-08-31,-0.013039286410513594
2015-09-01,0.002310541379423835
2015-09-02,0.003425668940735043
2015-09-03,-0.004441607256241641
2015-09-04,0.005318020698323519
2015-09-08,-0.003702960922652122
2015-09-09,0.0012547993721427914
2015-09-10,-0.004175582900399575
2015-09-11,0.0008152619315085971
2015-09-14,-0.004147944719552866
2015-09-15,-0.0033787617568133248
2015-09-16,-0.012788584670742441
2015-09-17,0.006291412974527292
2015-09-18,0.007826602948951286
2015-09-21,-0.0024860603328761156
2015-09-22,0.0046038027253377896
2015-09-23,0.010688875411427615
2015-09-24,-0.0035572605009209068
2015-09-25,-0.0032285244605294436
2015-09-28,-0.0011168841591896288
2015-09-29,-0.0050072398816042585
2015-09-30,-0.0027935922016482815
2015-10-01,0.004435943231467251
2015-10-02,-0.01477169801071948
2015-10-05,-0.011575209648156264
2015-10-06,-0.007537031833184207
2015-10-07,-0.0030105529205211035
2015-10-08,-0.0011166905873028245
2015-10-09,0.0009644069873089537
2015-10-12,0.00583117375148559
2015-10-13,0.0004730033144480824
2015-10-14,0.0025897634820813433
2015-10-15,-0.009729871150130366
2015-10-16,0.002368446649280472
2015-10-19,0.0018417513717776278
2015-10-20,-0.00493227471079316
2015-10-21,0.000994349995026408
2015-10-22,0.002814688913366452
2015-10-23,-0.00462499645672515
2015-10-26,0.005579516103129628
2015-10-27,-0.001235415279054736
2015-10-28,-0.013722533649630587
2015-10-29,-0.002874587591031425
2015-10-30,-0.001343218219049596
2015-11-02,-0.011081348202272615
2015-11-03,-0.0027367322485236777
2015-11-04,-0.0028181711084548883
2015-11-05,0.0019346185632155644
2015-11-06,-0.01070665134129524
2015-11-09,-0.0002722745809313463
2015-11-10,-0.002121548394316759
2015-11-11,0.0013118606368981668
2015-11-12,0.0012591075971536342
2015-11-13,-0.007593639270646673
2015-11-16,-0.0022892015902520853
2015-11-17,0.00176730826012195
2015-11-18,-0.0007489959400952153
2015-11-19,0.0034505836085247958
2015-11-20,-0.0010359136839446352
2015-11-23,-0.0030897118809711842
2015-11-24,-0.008594895228822112
2015-11-25,-0.005710281178094238
2015-11-27,0.0025538300021931233
2015-11-30,-0.002513320997313405
2015-12-01,-0.000983490690724473
2015-12-02,0.001932843531659951
2015-12-03,-0.002376133133896413
2015-12-04,0.016086262989949508
2015-12-07,-0.01148159259938681
2015-12-08,0.0018099109176019806
2015-12-09,-0.012530208482091482
2015-12-10,-0.00728467826159661
2015-12-11,0.001798021200958043
2015-12-14,0.005868509406313973
2015-12-15,-0.00030084504285926453
2015-12-16,0.0018557336182109842
2015-12-17,0.003897543978135027
2015-12-18,-0.005850804018013609
2015-12-21,-0.001261708955266295
2015-12-22,-0.005132297163720985
2015-12-23,-0.02284394683517171
2015-12-24,0.0007052008952958037
2015-12-28,0.00890878115670955
2015-12-29,-0.0018975399665899296
2015-12-30,0.004525542046982892
2015-12-31,-0.008160803334490816
2016-01-04,-0.010145037434994465
2016-01-05,-0.0011091235822699814
2016-01-06,0.01177711631367269
2016-01-07,0.009659228481004686
2016-01-08,-0.006878305795945385
2016-01-11,-0.009189381534766606
2016-01-12,-0.005996183645285559
2016-01-13,-0.007148391020834595
2016-01-14,-0.0014273033940547103
2016-01-15,-0.002117875568050503
2016-01-19,-0.003304995139790032
2016-01-20,0.0024321456579326425
2016-01-21,-0.0025586595047134425
2016-01-22,-0.004940957997848062
2016-01-25,-0.009621902911405644
2016-01-26,-0.0015729650687237367
2016-01-27,0.003182033391058189
2016-01-28,-0.006727276763895058
2016-01-29,-0.008696380963233705
2016-02-01,-0.003754074973015678
2016-02-02,0.022989982659429555
2016-02-03,-0.01458401651673254
2016-02-04,-0.012629259895276471
2016-02-05,0.0031697623233393436
2016-02-08,0.00511049437322165
2016-02-09,-0.01599430514982943
2016-02-10,-0.01343510247668165
2016-02-11,-0.006285962816006709
2016-02-12,-0.0044981374449453455
2016-02-16,-0.012087630215487408
2016-02-17,-0.008488224749103344
2016-02-18,0.00040117551950266325
2016-02-19,-0.005317111467978778
2016-02-22,-0.008553403857531082
2016-02-23,0.00626838982201281
2016-02-24,-0.003364569150456077
2016-02-25,-0.001700497216128109
2016-02-26,-0.013777674075722899
2016-02-29,-0.001148645865796553
2016-03-01,-0.01539152794672384
2016-03-02,-0.010670635521637085
2016-03-03,-0.006605144384582292
2016-03-04,0.004208587968490488
2016-03-07,0.0017461444568415887
2016-03-08,-0.02091755508019347
2016-03-09,-0.0018828823675905708
2016-03-10,-0.0013393189853793406
2016-03-11,-0.011802083539563685
2016-03-14,-0.00603994099836231
2016-03-15,0.0003498570234893154
2016-03-16,-0.00040324818984114686
2016-03-17,0.009665505651918125
2016-03-18,-0.013256084722469197
2016-03-21,-0.004494850097139093
2016-03-22,-0.004804736563107933
2016-03-23,0.0028197769087397514
2016-03-24,-0.0011777681176666725
2016-03-28,0.0010756838766540371
2016-03-29,-0.003390656606461538
2016-03-30,-0.0009083321385203452
2016-03-31,-0.0064317764631307275
2016-04-01,-0.0014423168700960771
2016-04-04,-0.004307528631856931
2016-04-05,-0.0031479693168581452
2016-04-06,-0.006881670905405899
2016-04-07,-0.001978465153480196
2016-04-08,-0.010315014514108701
2016-04-11,-0.009665104594798902
2016-04-12,-0.010555441234025797
2016-04-13,-0.016230756911954212
2016-04-14,0.0018868367563212307
2016-04-15,-0.008126877247813979
2016-04-18,-0.005913991587346852
2016-04-19,-0.020678844043559106
2016-04-20,0.0012939459854522566
2016-04-21,-0.0019550171650837217
2016-04-22,-0.0006397286439820942
2016-04-25,-0.0031135690600419164
2016-04-26,8.406425755188695e-05
2016-04-27,0.0020025026897305307
2016-04-28,-0.005092804107201811
2016-04-29,0.0033397955079599163
2016-05-02,-0.008963706441401615
2016-05-03,-0.00607637982929095
2016-05-04,-0.003803812682530496
2016-05-05,0.0021728402769413033
2016-05-06,-0.002877406304713732
2016-05-09,-0.006351751514388813
2016-05-10,-0.00675575863859816
2016-05-11,0.0027526187396272562
2016-05-12,0.004448090108139088
2016-05-13,-0.0048385808099576915
2016-05-16,-0.011367409260165811
2016-05-17,-0.008611497572618648
2016-05-18,-0.004739190184103231
2016-05-19,-0.004016441923429098
2016-05-20,-0.008194719133720522
2016-05-23,-0.0010133697868437565
2016-05-24,-0.0005070320339128007
2016-05-25,-0.009015114075027895
2016-05-26,-0.004458160938439697
2016-05-27,-0.0005284483354566745
2016-05-31,-0.00047599714485028815
2016-06-01,-0.001724025475513198
2016-06-02,-0.0009816800291990858
2016-06-03,-0.003118276718352128
2016-06-06,-0.01279067908075894
2016-06-07,-0.008237990562331958
2016-06-08,-0.006484818722302251
2016-06-09,-0.0017631175518836193
2016-06-10,0.00036188464614722885
2016-06-13,0.001332607472274333
2016-06-14,-0.002088141009613589
2016-06-15,-0.009368841659550136
2016-06-16,0.0038203155402868148
2016-06-17,-0.006239227745029868
2016-06-20,-0.004245654430370024
2016-06-21,-0.0012831254764169705
2016-06-22,-0.011802507561063004
2016-06-23,-0.00017143675787682083
2016-06-24,-0.0014037024014863142
2016-06-27,0.007881935842534398
2016-06-28,-0.01348846176301948
2016-06-29,-0.010344636662586242
2016-06-30,-0.00045098668277332573
2016-07-01,-0.013651912147582199
2016-07-05,0.008138771058828188
2016-07-06,-0.01179496732252203
2016-07-07,-0.009422555210527643
2016-07-08,-0.00646105326044556
2016-07-11,-0.004355515283828906
2016-07-12,-0.017665472432150484
2016-07-13,-0.0030863296391152187
2016-07-14,-0.0024871748632503536
2016-07-15,-0.00410726346263568
2016-07-18,-0.005178156274028021
2016-07-19,0.00027291133106083047
2016-07-20,-0.0032421950595866848
2016-07-21,0.00029671903547202633
2016-07-22,-0.0032633300105773216
2016-07-25,-0.005897309610066925
2016-07-26,-0.009251605235900986
2016-07-27,0.001948253294420831
2016-07-28,-0.007236246023579103
2016-07-29,-0.0022838386307169364
2016-08-01,0.004843574385579469
2016-08-02,0.00578012972466142
2016-08-03,-0.006746507473675088
2016-08-04,-0.010424939368473938
2016-08-05,-0.002481668161791956
2016-08-08,-0.004516238336923441
2016-08-09,-0.0024382826199620877
2016-08-10,-0.0019527851149716466
2016-08-11,-3.162332306908206e-05
2016-08-12,-0.00220486363402411
2016-08-15,-0.0020255803320142845
2016-08-16,-0.009333475646379097
2016-08-17,-0.004896563018886072
2016-08-18,0.003592923422131701
2016-08-19,-0.00586335352714055
2016-08-22,-0.011930149107421573
2016-08-23,0.0005983320397373796
2016-08-24,-0.005368826603605337
2016-08-25,-0.0016722377763552204
2016-08-26,-0.0005950965900725037
2016-08-29,-0.0026096091341800166
2016-08-30,-0.0011197723210750654
2016-08-31,0.00014732299042821435
2016-09-01,-0.005630715266643327
2016-09-02,-0.003646496458664299
2016-09-06,-0.007745315116091403
2016-09-07,-0.006523664951922844
2016-09-08,-0.001640260042458195
2016-09-09,-0.007117759947045604
2016-09-12,-0.0058577270454277216
2016-09-13,-0.003865880126807675
2016-09-14,-0.001807470440096584
2016-09-15,0.0033114009071104895
2016-09-16,-0.0021393623602995104
2016-09-19,-0.005443956660848024
2016-09-20,-0.0065748948686442646
2016-09-21,0.0006617767468546547
2016-09-22,-0.006094359463391151
2016-09-23,-0.004751463278986396
2016-09-26,-0.0014022586794215331
2016-09-27,0.0003150254713559322
2016-09-28,-0.0024386260468558206
2016-09-29,0.008185162699865224
2016-09-30,-0.001563072756989628
2016-10-03,-0.006409064428713748
2016-10-04,-0.003892453336451396
2016-10-05,0.004331819145109727
2016-10-06,-0.0018885464390933863
2016-10-07,-0.005987036437102843
2016-10-10,-0.0038073914668281363
2016-10-11,-0.012691094900625104
2016-10-12,-0.005716188950417974
2016-10-13,0.0035676851053789865
2016-10-14,-0.0016366168063750115
2016-10-17,-0.0047877228068499145
2016-10-18,0.0030135451653059914
2016-10-19,0.004586825633120865
2016-10-20,-0.010263680877169574
2016-10-21,0.007313730352896136
2016-10-24,-0.003307399790740908
2016-10-25,-0.00686100365353215
2016-10-26,-0.008815602001265624
2016-10-27,-0.009209479931367632
2016-10-28,0.0013359773184804507
2016-10-31,-0.0011273842233580108
2016-11-01,-0.006416341835096831
2016-11-02,-0.01036235585902439
2016-11-03,-0.005158036179638245
2016-11-04,-0.010445951924123995
2016-11-07,-0.0029282537129380875
2016-11-08,0.004251786622597731
2016-11-09,-0.013871822577238277
2016-11-10,0.020311946856163755
2016-11-11,0.004439328041654913
2016-11-14,0.01200797437981721
2016-11-15,-0.017300482975492283
2016-11-16,-0.013631408722301477
2016-11-17,-0.001597577988064939
2016-11-18,-0.0002910562757637205
2016-11-21,-0.005659696256968696
2016-11-22,0.00408334352741478
2016-11-23,0.004468961845278514
2016-11-25,-0.0034285122155621487
2016-11-28,-0.006562608040612559
2016-11-29,-0.0038290316723750702
2016-11-30,0.005934142028383806
2016-12-01,0.01159984516734744
2016-12-02,-0.013363549468308835
2016-12-05,-0.003960121440970781
2016-12-06,-0.00386504619057489
2016-12-07,-0.0002915510659681404
2016-12-08,-0.00039684238324238195
2016-12-09,-0.007540481005743631
2016-12-12,-0.012340152331169502
2016-12-13,-0.005025367629145781
2016-12-14,-0.009950324608857633
2016-12-15,-0.0022054525030739784
2016-12-16,-0.008937970600657288
2016-12-19,-0.00022253495239182765
2016-12-20,-0.001163463372059172
2016-12-21,-0.008601951542005375
2016-12-22,0.008655454451970777
2016-12-23,-0.006025972549025522
2016-12-27,-0.004241218449990093
2016-12-28,-0.004748341219881886
2016-12-29,-0.004496581434531716
2016-12-30,-0.0005201533088034184
2017-01-03,-0.005027702857203671
2017-01-04,-0.00356630373357637
2017-01-05,-0.016105005911687457
2017-01-06,-0.010797253256635778
2017-01-09,-0.006180434855100831
2017-01-10,-0.002312624389981296
2017-01-11,0.004556465906885227
2017-01-12,-0.009958903546176734
2017-01-13,-0.0027594141181229263
2017-01-17,-0.014299459495871858
2017-01-18,-0.0016008343243728179
2017-01-19,0.0037112862415589407
2017-01-20,-0.0022714849752776436
2017-01-23,-0.010187821382737003
2017-01-24,0.003573406899711686
2017-01-25,0.0010565220624122657
2017-01-26,0.005935995615743896
2017-01-27,-0.005160368990910462
2017-01-30,-0.009671741874614526
2017-01-31,-0.012855613647273797
2017-02-01,-0.002937727696172964
2017-02-02,-0.0053906909287113275
2017-02-03,0.001334855681903082
2017-02-06,-0.003055299968924845
2017-02-07,-0.009629449077715877
2017-02-08,-0.006943295842746498
2017-02-09,-0.006292976288519151
2017-02-10,-0.005165602912278239
2017-02-13,-0.007451504443623617
2017-02-14,-0.006265635378062895
2017-02-15,-0.005727562254165893
2017-02-16,-0.0027293893629874717
2017-02-17,-0.002092326134424187
2017-02-21,-0.0030636706128484834
2017-02-22,-0.003320349380888481
2017-02-23,0.0013789556555501448
2017-02-24,-0.0038824081673151907
2017-02-27,-0.008593870815571857
2017-02-28,0.004129955371015546
2017-03-01,0.001492730801724582
2017-03-02,-0.0020560987626933426
2017-03-03,0.0012138662435774526
2017-03-06,-0.004011744188711593
2017-03-07,-0.0020331854018498323
2017-03-08,-0.004294365656141653
2017-03-09,-0.0017099926449085931
2017-03-10,-0.0024160098429549144
2017-03-13,-0.0027461037078526955
2017-03-14,-0.0039619256454731825
2017-03-15,-0.0030625292186428022
2017-03-16,0.001125630169903604
2017-03-17,-0.0021947969362435564
2017-03-20,-0.001901071023784891
2017-03-21,-0.004333921398439891
2017-03-22,-0.002774809764318791
2017-03-23,-0.0026847233122528724
2017-03-24,-0.005775636782308389
2017-03-27,-0.005500007552462632
2017-03-28,-0.007184706420348429
2017-03-29,-0.006250462567444129
2017-03-30,-0.0009617750316821324
2017-03-31,-0.0028015207315494105
2017-04-03,-0.0024682161526831015
2017-04-04,-0.0032595341391480448
2017-04-05,-0.002239717773587472
2017-04-06,-0.004618770155416667
2017-04-07,-0.005450897617105726
2017-04-10,-0.006359195762040683
2017-04-11,-0.00439522414974839
2017-04-12,-0.001678697532182929
2017-04-13,-0.00628016010912304
2017-04-17,0.0013571542318933528
2017-04-18,0.0034672080112208683
2017-04-19,-0.007631767562134469
2017-04-20,-0.005803904295935023
2017-04-21,-0.004282247378354611
2017-04-24,-0.002648836164696936
2017-04-25,-0.003035771662490384
2017-04-26,-0.007249244424594438
2017-04-27,-0.001987113142588282
2017-04-28,-0.006384111431507945
2017-05-01,-0.0006231746970836532
2017-05-02,-0.0047595095457277446
2017-05-03,-0.0005304509884575719
2017-05-04,-0.004945749692367602
2017-05-05,0.00039759963734586033
2017-05-08,-0.0011257224596165263
2017-05-09,0.0009143602129148437
2017-05-10,0.0002275084082975819
2017-05-11,-0.007754269667198447
2017-05-12,-0.003537047897746438
2017-05-15,-0.003194883251545285
2017-05-16,-0.0061290239056962185
2017-05-17,0.0017018615374817941
2017-05-18,0.001946475182090894
2017-05-19,-0.0025296974089506884
2017-05-22,0.0005368470848328907
2017-05-23,0.0014910146301548187
2017-05-24,-0.0047559377541619
2017-05-25,-0.005473009708753101
2017-05-26,-0.0011539371952380387
2017-05-30,0.001352962088151861
2017-05-31,-0.006033308477004602
2017-06-01,-0.006935479480103542
2017-06-02,-0.0011103733990551774
2017-06-05,-0.0019871094011630597
2017-06-06,-0.005224513598904447
2017-06-07,0.002705423819612136
2017-06-08,-0.005473827313478495
2017-06-09,-0.00841306552271074
2017-06-12,-0.015138716642786328
2017-06-13,-0.004637400427972498
2017-06-14,-0.00384985919200886
2017-06-15,-0.0042303384523734834
2017-06-16,-0.009230668876053673
2017-06-19,0.006461959442487999
2017-06-20,-0.00940872769505896
2017-06-21,-0.0038063065773281156
2017-06-22,-0.008497797451247596
2017-06-23,-0.008464806986488708
2017-06-26,-0.0017274340075965852
2017-06-27,-0.012087941409938414
2017-06-28,-0.0030555242856431775
2017-06-29,-0.0016133163155243766
2017-06-30,-0.009570420132126325
2017-07-03,-0.009892466369878769
2017-07-05,0.017895638582959873
2017-07-06,-0.009010668061872316
2017-07-07,-0.006598442013042627
2017-07-10,-0.007610922706286513
2017-07-11,-0.009154257303163639
2017-07-12,-0.0006225942523946483
2017-07-13,-0.004329167863303845
2017-07-14,-2.496258101905048e-05
2017-07-17,-0.0037396072650334186
2017-07-18,0.003294658556022502
2017-07-19,-0.003927526082788498
2017-07-20,-5.7730553275217936e-05
2017-07-21,-0.006643321341273517
2017-07-24,-0.0072806656922301816
2017-07-25,-0.006788560168107664
2017-07-26,-0.0021044383597722
2017-07-27,-0.005435976129096577
2017-07-28,-0.003133028893585171
2017-07-31,-0.006229547241603368
2017-08-01,-0.0061493076377986036
2017-08-02,-0.010439245376760903
2017-08-03,-0.0019407277199355233
2017-08-04,-0.0003493371252262954
2017-08-07,0.0003395774968707379
2017-08-08,-0.0044231077970926175
2017-08-09,-0.006470112864810747
2017-08-10,-0.006974462775994554
2017-08-11,-0.01010512999136645
2017-08-14,-0.0008714325689767291
2017-08-15,-0.00388469298905427
2017-08-16,-0.0027651525612636466
2017-08-17,-0.00373283755323263
2017-08-18,-0.003066890788552739
2017-08-21,-0.0011972304148818846
2017-08-22,0.0022737164104971465
2017-08-23,-0.001159762748081725
2017-08-24,-0.00019075011370208762
2017-08-25,-0.0002818163525156363
2017-08-28,-0.0020489713429050495
2017-08-29,-0.006953968172466061
2017-08-30,-0.006182390556488565
2017-08-31,-0.006067814972379916
2017-09-01,0.002474998541902554
2017-09-05,-0.0034486127119420793
2017-09-06,-0.006026632587794816
2017-09-07,-0.00034968548474157736
2017-09-08,-0.0019633025983318416
2017-09-11,0.0023771919545255383
2017-09-12,-0.0003580299206205565
2017-09-13,-0.0062325975868368355
2017-09-14,0.0010344604245572245
2017-09-15,-0.003210549136722538
2017-09-18,0.0012351072844733356
2017-09-19,-0.0016903601601446865
2017-09-20,-0.007923745633322559
2017-09-21,-0.00675944175863182
2017-09-22,-0.0019969771254665083
2017-09-25,-0.006755016166971536
2017-09-26,-0.004707363269802433
2017-09-27,0.0025106257199268697
2017-09-28,-0.0015123288998816703
2017-09-29,-0.003455513067842738
2017-10-02,-0.004545810721544799
2017-10-03,-0.00016751233974406868
2017-10-04,-0.00843912754318044
2017-10-05,-0.0014039001130474336
2017-10-06,-0.004854427586913209
2017-10-09,-0.001578429551653636
2017-10-10,-0.0032064596722548573
2017-10-11,-0.0038308063774218793
2017-10-12,-0.008732174367260046
2017-10-13,0.00029108747249839695
2017-10-16,-0.0012521570318123286
2017-10-17,-0.0058957273605279095
2017-10-18,-0.00026004391012603807
2017-10-19,-0.004057568853030439
2017-10-20,-0.0014166388299109386
2017-10-23,-0.0024583604307608416
2017-10-24,0.00041313467706360603
2017-10-25,-0.003142160850480043
2017-10-26,0.0037475417019671936
2017-10-27,0.005383081706230195
2017-10-30,-0.004838821998366204
2017-10-31,-0.0017221580067537149
2017-11-01,0.00014279854297249376
2017-11-02,0.0005622274605772666
2017-11-03,-0.0023067825340516157
2017-11-06,-0.003519499785947109
2017-11-07,0.002562040531548652
2017-11-08,-0.006739308803321362
2017-11-09,-0.005342540306518337
2017-11-10,-0.004676423308708844
2017-11-13,-0.0033244837005921707
2017-11-14,-0.008564583412836217
2017-11-15,-0.004747267079062475
2017-11-16,-0.0008925533631605797
2017-11-17,-0.00209420901278067
2017-11-20,0.004691269119123382
2017-11-21,-0.0001342448620668896
2017-11-22,-0.007026038916564413
2017-11-24,0.0009161789049703353
2017-11-27,-0.007097261806404364
2017-11-28,0.0019587105621731785
2017-11-29,-0.023385256012784676
2017-11-30,-0.008197542656615807
2017-12-01,-0.0019099968936692972
2017-12-04,0.00505777527498639
2017-12-05,-0.00023279290580666655
2017-12-06,-0.01296915882054234
2017-12-07,-0.0014150718517592143
2017-12-08,-0.00526421169533213
2017-12-11,-0.001362239282147151
2017-12-12,-0.0008338721980508863
2017-12-13,-0.004819411615471779
2017-12-14,-0.0006462459714616921
2017-12-15,-0.00591437582798424
2017-12-18,0.007064805512174502
2017-12-19,-0.005534135075015459
2017-12-20,-0.005082427263683402
2017-12-21,-0.003980779873335371
2017-12-22,-0.0035527161001470057
2017-12-26,-0.005053066836190605
2017-12-27,-0.00323775547247903
2017-12-28,-0.004271185082271679
2017-12-29,-0.004024291199327702
2018-01-02,-0.005976022387092819
2018-01-03,-0.01208684659006555
2018-01-04,0.004284527226347103
2018-01-05,-0.0034442796366105895
2018-01-08,0.002115903786578488
2018-01-09,-0.00676116863925243
2018-01-10,0.0008527671338754352
2018-01-11,0.007393675365784096
2018-01-12,0.0029800041290437397
2018-01-16,-0.009561910804311863
2018-01-17,-0.0012521178726649926
2018-01-18,-0.0030846509882464213
2018-01-19,0.0017657603575019845
2018-01-22,0.0066790326216991675
2018-01-23,-0.006341087474266241
2018-01-24,-0.007544646411319581
2018-01-25,-0.00791852909893297
2018-01-26,6.326992979786578e-07
2018-01-29,-0.0005998170978266654
2018-01-30,-0.006570603722752123
2018-01-31,-0.0012612636862958137
2018-02-01,0.008805092980169068
2018-02-02,-0.011259089248831462
2018-02-05,-0.010727652668308562
2018-02-06,0.0029734704904265385
2018-02-07,0.0014908620365365881
2018-02-08,-0.007324727268555441
2018-02-09,-0.003927773706730795
2018-02-12,-0.0006210320946069151
2018-02-13,0.0044965198723428395
2018-02-14,0.0048062796239875865
2018-02-15,-0.0036156171410222492
2018-02-16,-0.006368938487020407
2018-02-20,-0.006403048990541844
2018-02-21,-0.0016268359688867415
2018-02-22,-0.0028727903545723507
2018-02-23,-0.0013862413543399062
2018-02-26,0.0036347046330947284
2018-02-27,-0.0011186582917779284
2018-02-28,-0.003986323227403049
2018-03-01,-0.0037466971125482123
2018-03-02,0.0031708229690178857
2018-03-05,-0.00026850188834004625
2018-03-06,0.00014860174570665793
2018-03-07,-0.0030520689522799127
2018-03-08,-0.005801771721899542
2018-03-09,1.6870934153903313e-06
2018-03-12,0.00098800735001299
2018-03-13,-0.006460364519913577
2018-03-14,0.00019132939851308544
2018-03-15,-0.006711536517318639
2018-03-16,-0.004160631948014534
2018-03-19,-0.0001107922510881484
2018-03-20,0.0031708333332140124
2018-03-21,0.0022614428454896113
2018-03-22,-0.011229385847926486
2018-03-23,-0.008843289148915273
2018-03-26,0.008024877812617195
2018-03-27,-0.017935614862829602
2018-03-28,-0.01687661458338655
2018-03-29,0.005491368783736494
2018-04-02,-0.005802634097376107
2018-04-03,0.0008506960885254307
2018-04-04,-0.0012377338986161314
2018-04-05,-0.0005083284150455437
2018-04-06,-0.0033268529739992484
2018-04-09,-0.00016723443252260502
2018-04-10,0.002284161649754977
2018-04-11,0.0031823201539563184
2018-04-12,0.002173759343301189
2018-04-13,-0.0031252473177177296
2018-04-16,-0.005137556503396784
2018-04-17,0.0005928020148433044
2018-04-18,-0.005418180996151972
2018-04-19,0.002046268088641507
2018-04-20,0.001797418055015424
2018-04-23,-0.00503231143233468
2018-04-24,-0.0018928510866263568
2018-04-25,-0.008564064624313628
2018-04-26,-0.009173331510672678
2018-04-27,-0.0040027215187453235
2018-04-30,-0.0012442763091877471
2018-05-01,0.00032284243450974757
2018-05-02,0.004108389712760056
2018-05-03,0.004229228809586554
2018-05-04,0.0006628624352719196
2018-05-07,0.0024299488119278994
2018-05-08,0.004317919202859904
2018-05-09,0.007369048279908816
2018-05-10,0.0009903054879548
2018-05-11,-0.010131978049198548
2018-05-14,0.000198382363572952
2018-05-15,0.004527614743907539
2018-05-16,0.0029126503989787738
2018-05-17,0.0007784159559691542
2018-05-18,-0.007419479596089556
2018-05-21,0.002880883422562259
2018-05-22,0.005662217201711986
2018-05-23,-0.00733792729386123
2018-05-24,-0.0017508843532618836
2018-05-25,-0.01150734344758398
2018-05-29,0.003889814611376789
2018-05-30,0.00398555626077059
2018-05-31,0.0027528532427253793
2018-06-01,-0.0007698318311015874
2018-06-04,-0.005723967047161492
2018-06-05,-0.0009463648655965572
2018-06-06,-0.0014933692369269783
2018-06-07,0.001214819049641007
2018-06-08,-0.001297867880723151
2018-06-11,0.0006012189100880994
2018-06-12,-0.005918660814781186
2018-06-13,0.0017840091511705195
2018-06-14,-0.005167719715984214
2018-06-15,-0.009545509065745717
2018-06-18,0.00488690799021331
2018-06-19,-8.74937515178999e-05
2018-06-20,-0.0015200178849413054
2018-06-21,-0.0034749011238400878
2018-06-22,0.004101168118131288
2018-06-25,-0.009126347004678468
2018-06-26,0.004029826938618607
2018-06-27,0.003376334666303081
2018-06-28,-0.003956702345615824
2018-06-29,6.510035017500066e-05
2018-07-02,-0.002504106628351033
2018-07-03,-0.0018252488503945484
2018-07-05,-0.0018276377869579372
2018-07-06,0.0038220463416622458
2018-07-09,-0.008020203725877684
2018-07-10,-0.000488761334591067
2018-07-11,0.0029824603004639807
2018-07-12,0.0016785849564775863
2018-07-13,-0.0034883485496525674
2018-07-16,-0.0006046808872505805
2018-07-17,-0.0018494390128509157
2018-07-18,-0.006075155759791961
2018-07-19,-0.0017344720061064326
2018-07-20,-0.0020593073945750413
2018-07-23,0.001670587005377219
2018-07-24,-0.0032429118070374297
2018-07-25,-0.0023718218150113415
2018-07-26,-0.004157673317764173
2018-07-27,-0.005326410442104371
2018-07-30,0.0018500760321303897
2018-07-31,-0.007297814954713847
2018-08-01,0.001585378745100747
2018-08-02,0.006604010024192534
2018-08-03,0.0017320886845325861
2018-08-06,-0.0016957366091611564
2018-08-07,-0.004765347012656496
2018-08-08,0.0008769184645003904
2018-08-09,0.0028074915976430493
2018-08-10,0.004069714303960409
2018-08-13,0.0018109472691342286
2018-08-14,-3.456764610296117e-05
2018-08-15,0.008448967509873237
2018-08-16,7.248856293713224e-05
2018-08-17,0.0015059217065767304
2018-08-20,-0.0030257512953170765
2018-08-21,-0.004367470900398727
2018-08-22,0.0010160635657100272
2018-08-23,0.006950601905299513
2018-08-24,-0.002647598815702723
2018-08-27,-0.007560383419238704
2018-08-28,0.0015525361933219047
2018-08-29,-0.0005126725123407401
2018-08-30,-0.0002594745497367774
2018-08-31,0.0023007756889850965
2018-09-04,0.009037982736339965
2018-09-05,0.0037742652134171006
2018-09-06,0.0031722853264996246
2018-09-07,-0.004973777618839465
2018-09-10,0.0027578542576870515
2018-09-11,0.0005323760082689877
2018-09-12,0.0010335176866901577
2018-09-13,-0.008032015259872013
2018-09-14,3.410062922400072e-05
2018-09-17,0.0019440239796816227
2018-09-18,-0.004712790832150804
2018-09-19,-0.007794902468025454
2018-09-20,-0.000670998880932033
2018-09-21,0.0025896175246855765
2018-09-24,-0.006834534579596118
2018-09-25,-0.001510331220095869
2018-09-26,-0.0008938536730659741
2018-09-27,-0.000501311407102672
2018-09-28,-0.004555703117849045
2018-10-01,0.003290560805656244
2018-10-02,-0.004815460874622502
2018-10-03,-0.004989517158942227
2018-10-04,0.004641075303614726
2018-10-05,-0.0010999956117706392
2018-10-08,0.004008181354626773
2018-10-09,0.0014042082203421034
2018-10-10,0.001045351589717913
2018-10-11,-0.009023231058294983
2018-10-12,-0.0034774898151878533
2018-10-15,0.0016258874451600073
2018-10-16,-0.00663313566533577
2018-10-17,0.0023670506841738815
2018-10-18,0.004364087927010993
2018-10-19,0.0026129424108590604
2018-10-22,0.0020728052447367543
2018-10-23,0.008176129022073361
2018-10-24,0.009156502711170914
2018-10-25,-0.010878817649734735
2018-10-26,-0.001551595330608722
2018-10-29,0.017569061012851796
2018-10-30,-0.0031001402122755456
2018-10-31,-0.006504520029644775
2018-11-01,-0.021599253555272716
2018-11-02,0.002783313837824196
2018-11-05,0.0032882131916771983
2018-11-06,-0.006311559148292869
2018-11-07,-0.011635192105055868
2018-11-08,0.00758888966424419
2018-11-09,0.0020394291620613294
2018-11-12,0.0078029613080382795
2018-11-13,-0.004121641429730344
2018-11-14,0.0011383146678524219
2018-11-15,-0.007223300287988896
2018-11-16,0.0038302816249912663
2018-11-19,0.014110413086072818
2018-11-20,-0.005369171981315599
2018-11-21,-0.011420692805850528
2018-11-23,0.003423351330854908
2018-11-26,-0.010257922207376523
2018-11-27,0.004538837625863764
2018-11-28,-0.013997874834590963
2018-11-29,0.000680641181366698
2018-11-30,0.0013835064363885165
2018-12-03,-0.009299925983198041
2018-12-04,0.00664665479372219
2018-12-06,-0.008239617958049237
2018-12-07,0.0058098231334486605
2018-12-10,-0.0027325321248144983
2018-12-11,0.0044081629627291145
2018-12-12,-0.0033841293297069727
2018-12-13,0.0046582229147771725
2018-12-14,0.0014147854229137264
2018-12-17,0.0009381119813854147
2018-12-18,-0.0048881168129494895
2018-12-19,0.0026364516247276114
2018-12-20,0.006615742834979784
2018-12-21,0.0058400692677914035
2018-12-24,-0.005125800166776873
2018-12-26,-0.009373621062492479
2018-12-27,-0.0021258729634519246
2018-12-28,0.0022982801595293327
2018-12-31,-0.0035920844893659555
2019-01-02,-0.02186960802103188
2019-01-03,-0.009026578638385914
2019-01-04,-0.009951961022202612
2019-01-07,-0.003818666534615711
2019-01-08,-0.002684457412735484
2019-01-09,-0.005138496978573891
2019-01-10,-0.0049999400528758205
2019-01-11,0.0016775013208105668
2019-01-14,-0.007614691071117691
2019-01-15,0.004514645680799949
2019-01-16,-0.0090834141322068
2019-01-17,-0.002491955345461323
2019-01-18,-0.010688843726941238
2019-01-22,0.009979710314252717
2019-01-23,-0.0013184006422226478
2019-01-24,-0.006521456129209704
2019-01-25,-0.008549164593872387
2019-01-28,-0.0008806770788234356
2019-01-29,0.0007359492467191046
2019-01-30,-0.0005634760573251841
2019-01-31,-0.012856880010817823
2019-02-01,0.0030476350254700687
2019-02-04,-0.0021606631699274325
2019-02-05,-0.003344890412438703
2019-02-06,0.007814661467645586
2019-02-07,0.002151252365166036
2019-02-08,0.004179579571206232
2019-02-11,0.002198742154806383
2019-02-12,-0.003054787968160285
2019-02-13,-0.006203845801546655
2019-02-14,-0.00168593908313866
2019-02-15,-0.00755509662003228
2019-02-19,-0.002629371141287489
2019-02-20,0.0007194404009978877
2019-02-21,0.0026288091845486574
2019-02-22,0.008948267679414638
2019-02-25,-0.002301189434926394
2019-02-26,0.0037464236376550724
2019-02-27,0.003274059228982723
2019-02-28,-0.0066521615590571515
2019-03-01,-0.0021136199521989783
2019-03-04,0.0019450956991350224
2019-03-05,-0.001368363116321353
2019-03-06,0.0015058774552680347
2019-03-07,0.0020398120533903323
2019-03-08,0.0016281840090124392
2019-03-11,-0.005704444541757477
2019-03-12,-0.0022352391860359496
2019-03-13,-0.006162856549142975
2019-03-14,0.0015974874738813
2019-03-15,0.0005053314252794813
2019-03-18,-0.0017482273971583802
2019-03-19,-0.008307458897172037
2019-03-20,-0.003618856127281262
2019-03-21,0.0027525727030954256
2019-03-22,5.3267367944743104e-05
2019-03-25,0.004702299273984574
2019-03-26,-0.003293432674207748
2019-03-27,6.571470169970358e-05
2019-03-28,-0.0014206249415458657
2019-03-29,-0.0006171196182272388
2019-04-01,-0.004960825824576675
2019-04-02,0.005922269248968163
2019-04-03,-0.0010430880169170341
2019-04-04,-0.00966368073198925
2019-04-05,-0.007183185976003198
2019-04-08,0.0007830857215996793
2019-04-09,0.0020966862902122895
2019-04-10,-0.0009458859635050821
2019-04-11,0.0011509890443059624
2019-04-12,-0.00605058552747814
2019-04-15,0.0015790665329717846
2019-04-16,0.002895933024424193
2019-04-17,0.008526677048583915
2019-04-18,-0.001464948744759269
2019-04-22,-0.000778728554052539
2019-04-23,-0.005594001328712205
2019-04-24,0.005589178607257597
2019-04-25,-0.01111021711958868
2019-04-26,-0.007563606006704249
2019-04-29,-0.004016908690822435
2019-04-30,0.004484120571560159
2019-05-01,-0.0031244385539355166
2019-05-02,9.975219204651415e-05
2019-05-03,0.002950013457570148
2019-05-06,-0.0043311396050941696
2019-05-07,0.0017982590376844948
2019-05-08,-0.0022210425278309
2019-05-09,0.0026184437409498733
2019-05-10,0.002663644489749326
2019-05-13,0.0015821072239850036
2019-05-14,-0.0008767361100895557
2019-05-15,0.0030622945812168595
2019-05-16,0.004631782104382246
2019-05-17,0.004224576835144717
2019-05-20,-0.005273219056436855
2019-05-21,-0.009247507547274703
2019-05-22,0.001325848145342913
2019-05-23,0.003766145875377776
2019-05-24,-0.003214941322250953
2019-05-28,0.006663849553574205
2019-05-29,-0.005344171777794576
2019-05-30,0.009886219467040706
2019-05-31,0.006034753010541935
2019-06-03,-0.009169141217811138
2019-06-04,-0.007657517550590542
2019-06-05,0.011418709213067405
2019-06-06,0.0009683073933481265
2019-06-07,0.0005538947856964613
2019-06-10,-0.006732310434814378
2019-06-11,-0.006232728108016281
2019-06-12,0.007747682276809193
2019-06-13,-0.008883850129901796
2019-06-14,0.008812766722738164
2019-06-17,-0.010253845447619715
2019-06-18,-0.013153336340688992
2019-06-19,0.001467570999427622
2019-06-20,-0.00836730991170131
2019-06-21,-0.007332969961283849
2019-06-24,0.003770675955491566
2019-06-25,-0.0058614296700261696
2019-06-26,-0.015402521883247798
2019-06-27,-0.001975693069347566
2019-06-28,-0.004763126586808333
2019-07-01,-0.001517253792891094
2019-07-02,0.004548274353526121
2019-07-03,0.0014937166994306317
2019-07-05,-0.00011251315714020358
2019-07-08,0.002462122068535461
2019-07-09,-3.2482187630508697e-05
2019-07-10,-0.002680703859823075
2019-07-11,-0.0032168022123925093
2019-07-12,-0.0026023698763836
2019-07-15,-0.0016463068633724993
2019-07-16,-0.0008496989899641173
2019-07-17,0.004182795014463508
2019-07-18,-0.00185695911266201
2019-07-19,-0.008843524678362219
2019-07-22,-0.005039857254795949
2019-07-23,-0.0027613751360473712
2019-07-24,-0.0031838931501365912
2019-07-25,0.0010026020545376017
2019-07-26,-0.0032858089550861867
2019-07-29,0.0030641394487650265
2019-07-30,-0.005835790527481394
2019-07-31,-0.007169182114114329
2019-08-01,0.009442390952329353
2019-08-02,0.0003429565443144372
2019-08-05,0.0013546461213198354
2019-08-06,0.00820481014890563
2019-08-07,0.00463026801778019
2019-08-08,-0.0008917810390409902
2019-08-09,0.0063852423597680705
2019-08-12,0.0028617570222470544
2019-08-13,-0.0008213942064149128
2019-08-14,0.0054170683471536415
2019-08-15,0.011316420394737544
2019-08-16,-0.004436855458676919
2019-08-19,-0.005348338410508034
2019-08-20,0.004782621607665989
2019-08-21,0.0023510305035295553
2019-08-22,-0.003198558089589683
2019-08-23,0.0021063358146723617
2019-08-26,0.003489142124573665
2019-08-27,0.004371243225415792
2019-08-28,-0.008633825816310822
2019-08-29,-0.00386866820823175
2019-08-30,0.0001452419018739188
2019-09-03,0.0005297723457449201
2019-09-04,0.0015325933169896553
2019-09-05,-0.007124127100981812
2019-09-06,-0.000918759586773663
2019-09-09,-0.018382479928859732
2019-09-10,-0.016837392005273337
2019-09-11,-0.0026743704291145335
2019-09-12,0.0015213927438628896
2019-09-13,-0.007188460902892736
2019-09-16,-0.010354254801434676
2019-09-17,0.0023413869072055047
2019-09-18,0.00389782638732012
2019-09-19,-0.0049988564633634165
2019-09-20,-0.0032287938747655627
2019-09-23,0.0008900860871591291
2019-09-24,0.003791582247117405
2019-09-25,-0.00011807436183185866
2019-09-26,0.0034401566506010385
2019-09-27,-0.006187218855510073
2019-09-30,-0.0018799001209103042
2019-10-01,0.0003123769979125636
2019-10-02,0.0023342349972238986
2019-10-03,-0.0002507995361388911
2019-10-04,0.003659466727320244
2019-10-07,-0.0015878224763750072
2019-10-08,0.003210797769683535
2019-10-09,-0.00015989391131871942
2019-10-10,-0.0053500859981275
2019-10-11,-0.01041990494539925
2019-10-14,-0.0003582853202952857
2019-10-15,-0.008031438202573963
2019-10-16,0.0030842221436281434
2019-10-17,0.0008008105655313468
2019-10-18,0.0020585549105970858
2019-10-21,-0.012208951664181528
2019-10-22,-0.002262965367185014
2019-10-23,-0.010146413451943458
2019-10-24,0.003909508832092481
2019-10-25,-0.003619366899663961
2019-10-28,0.0022072707526695746
2019-10-29,-0.008916683646429047
2019-10-30,0.0019910956858571163
2019-10-31,-0.006216650047664264
2019-11-01,0.0003104616700383839
2019-11-04,-0.005483905023276984
2019-11-05,5.052990650213519e-06
2019-11-06,-0.003210458990614863
2019-11-07,0.0013200080005833505
2019-11-08,-0.0020780233514994086
2019-11-11,-0.000858233017235232
2019-11-12,-0.004188184298363877
2019-11-13,-0.0018549273392432415
2019-11-14,-0.0008345268150326437
2019-11-15,0.0013570078775373658
2019-11-18,0.0019262413110954998
2019-11-19,-0.002565448023246645
2019-11-20,-0.008091054714230888
2019-11-21,0.0004819467705855531
2019-11-22,-0.001384776104227908
2019-11-25,5.807607246447529e-05
2019-11-26,-0.011249225686416276
2019-11-27,-0.0018472493395392635
2019-11-29,-0.0007394542371580985
2019-12-02,0.002620155258626308
2019-12-03,-0.002111564306576989
2019-12-04,-0.003095787280321789
2019-12-05,0.003120648990333565
2019-12-06,-0.003641451049630823
2019-12-09,-0.0019680954766463686
2019-12-10,0.002235689487130173
2019-12-11,-0.0016274514770532535
2019-12-12,0.000660831530187547
2019-12-13,-0.005524059347972097
2019-12-16,0.0008024357850945689
2019-12-17,0.0023641414547571687
2019-12-18,-0.0014381935070545359
2019-12-19,-0.0034571147013826233
2019-12-20,-0.0026428910873020793
2019-12-23,0.0008652638031528305
2019-12-24,0.00025365201756115006
2019-12-26,0.0013537217798948588
2019-12-27,-0.0028478927465217536
2019-12-30,-0.0006752917818435718
2019-12-31,-0.002168117133973177
2020-01-02,-0.006860322224067732
2020-01-03,-0.002101847944666462
2020-01-06,-0.0008329564701516235
2020-01-07,-0.01646598243821483
2020-01-08,-0.005142846332137794
2020-01-09,-0.013759811688232641
2020-01-10,-0.005077381564355835
2020-01-13,-0.0286206420464365
2020-01-14,-0.0036421220818078255
2020-01-15,-0.01951734268187618
2020-01-16,0.004876753672335643
2020-01-17,-0.00818889624085941
2020-01-21,-0.0041617594754447245
2020-01-22,-0.011002366852898399
2020-01-23,0.006219863711434076
2020-01-24,-0.02389524619035887
2020-01-27,-0.001073650278248045
2020-01-28,-0.012299153267355239
2020-01-29,-9.289855782518112e-05
2020-01-30,-0.008637333842945748
2020-01-31,-0.014757108074420964
2020-02-03,-0.015115766409751739
2020-02-04,-0.02568107692140351
2020-02-05,-0.012750638130467552
2020-02-06,-0.008807036043921551
2020-02-07,0.009314407909373029
2020-02-10,-0.012677309700983094
2020-02-11,-0.006578042248992883
2020-02-12,-0.005820797916347792
2020-02-13,-0.01065224329604105
2020-02-14,-0.009977966086674176
2020-02-18,-0.013661408562546384
2020-02-19,-0.008271826163038997
2020-02-20,-0.011432957654620757
2020-02-21,-0.015580015037638808
2020-02-24,0.007826566294344774
2020-02-25,-0.022323742545713093
2020-02-26,-0.0106597689006863
2020-02-27,-0.0019546837337882077
2020-02-28,-0.006764103584436706
2020-03-02,-0.017648702667063643
2020-03-03,-0.015151420064113704
2020-03-04,-0.021204540579252095
2020-03-05,-0.013359413739956659
2020-03-06,-0.04784405026235467
2020-03-09,-0.010995726592948746
2020-03-10,-0.02411557182498819
2020-03-11,0.009347198332421175
2020-03-12,-0.016862216280790654
2020-03-13,-0.05225461785273434
2020-03-16,-0.028373396172517655
2020-03-17,-0.036960210647863416
2020-03-18,-0.04098922637602557
2020-03-19,-0.03522641201743711
2020-03-20,-0.020567932440293757
2020-03-23,-0.038315607517948456
2020-03-24,-0.05875376005200751
2020-03-25,-0.09176125462215896
2020-03-26,-0.036533427884628725
2020-03-27,-0.01846384064036236
2020-03-30,-0.06320009246639344
2020-03-31,-0.01669536443900916
2020-04-01,-0.03282891555702041
2020-04-02,-0.03614188643149667
2020-04-03,-0.012959925964781538
2020-04-06,-0.07513781473140907
2020-04-07,-0.04119432247672322
2020-04-08,-0.04730455931321291
2020-04-09,-0.027354082006863695
2020-04-13,-0.02424187043111324
2020-04-14,-0.035853411849921274
2020-04-15,-0.008176659623723305
2020-04-16,-0.018996498236737148
2020-04-17,-0.008590774651548852
2020-04-20,-0.04099361411420582
2020-04-21,-0.02860367767847423
2020-04-22,0.04080517769129208
2020-04-23,-0.04379546442944732
2020-04-24,-0.024629388098526134
2020-04-27,-0.005213576093972791
2020-04-28,-0.04084983771978038
2020-04-29,-0.009306210491759618
2020-04-30,-0.008456298673201657
2020-05-01,-0.01044585128313352
2020-05-04,-0.022891979623188174
2020-05-05,-0.0007623395074440589
2020-05-06,-0.01299913522272065
2020-05-07,-0.014741789636529255
2020-05-08,-0.02336063934147964
2020-05-11,-0.029796010167792722
2020-05-12,-0.014226192660809944
2020-05-13,-0.018298017041690505
2020-05-14,-0.029760768365926414
2020-05-15,-0.010258465623138074
2020-05-18,-0.052906259650593826
2020-05-19,-0.006637416751956438
2020-05-20,-6.418720759491375e-05
2020-05-21,-0.007966998438394091
2020-05-22,-0.061504449447965924
2020-05-26,-0.01252865279568661
2020-05-27,-0.028970274128118846
2020-05-28,0.013058982455874588
2020-05-29,-0.012264134012578646
2020-06-01,-0.014936167826432018
2020-06-02,-0.014764277534970387
2020-06-03,0.01097937352809638
2020-06-04,-0.009180252153268073
2020-06-05,-0.004812427799021562
2020-06-08,0.0029894251723895995
2020-06-09,-0.022400369973364434
2020-06-10,-0.030176979819852436
2020-06-11,-0.003657643803236932
2020-06-12,-0.010179292834316029
2020-06-15,-0.011918510241816817
2020-06-16,-0.023641529493122416
2020-06-17,-0.015396652140019661
2020-06-18,-0.008798812526396211
2020-06-19,-0.013669358787673013
2020-06-22,-0.011448592359742878
2020-06-23,-0.03387818459364018
2020-06-24,-0.011362501475444932
2020-06-25,-0.01344349653602107
2020-06-26,-0.009747723512714714
2020-06-29,-0.003135971192743064
2020-06-30,-0.02652925399036595
2020-07-01,-0.0170753997417756
2020-07-02,-0.019623519416852003
2020-07-06,-0.029315345697059632
2020-07-07,-0.03125487870405237
2020-07-08,-0.025604445251761435
2020-07-09,-0.004192467215439418
2020-07-10,-0.008433781657935211
2020-07-13,-0.026407472339048832
2020-07-14,-0.010661285816415206
2020-07-15,-0.06934979975297832
2020-07-16,-0.009806283396262733
2020-07-17,-0.028685533409496936
2020-07-20,-0.014336785792997091
2020-07-21,-0.022302626048893444
2020-07-22,-0.0166300947203695
2020-07-23,-0.025559462138327202
2020-07-24,-0.007169404895358418
2020-07-27,-0.0015423989958147262
2020-07-28,-0.004771986062370609
2020-07-29,-0.01827061979968191
2020-07-30,-0.018668503355808885
2020-07-31,-0.003341264587899016
2020-08-03,-0.011484865503714397
2020-08-04,-0.020283260709622608
2020-08-05,-0.013967398595707161
2020-08-06,-0.021086699068764987
2020-08-07,-0.0016096329592873472
2020-08-10,-0.002457449974045678
2020-08-11,-0.06914699511194339
2020-08-12,-0.02260031403377398
2020-08-13,-0.013086300905154863
2020-08-14,-0.01638678687910955
2020-08-17,-0.006199785654978441
2020-08-18,-0.004876418516222991
2020-08-19,-0.012586303098400954
2020-08-20,-0.02084427510051446
2020-08-21,-0.01875923672750014
2020-08-24,-0.007143632789226419
2020-08-25,-0.001951291653940708
2020-08-26,-0.03912645147036288
2020-08-27,-0.004407816281219258
2020-08-28,-0.04965840483009813
2020-08-31,-0.015542134240870486
2020-09-01,-0.008376186537545058
2020-09-02,-0.052441387388100925
2020-09-03,-0.03326759511413109
2020-09-04,-0.040690929178316265
2020-09-08,-0.012264628341475202
2020-09-09,-0.009320703286475142
2020-09-10,-0.007448468561722689
2020-09-11,-0.009638473400326796
2020-09-14,-0.02094675392193833
2020-09-15,-0.004879719270766681
2020-09-16,-0.01915143007636148
2020-09-17,-0.011148566630576442
2020-09-18,-0.010796452946643604
2020-09-21,-0.016552427959989777
2020-09-22,-0.02520370907220483
2020-09-23,-0.008208581408991828
2020-09-24,0.014978266583450695
2020-09-25,-0.027958767844637668
2020-09-28,-0.006177961537437577
2020-09-29,-0.009901588579727845
2020-09-30,-0.00938383402436821
2020-10-01,-0.014981509650169457
2020-10-02,0.008263878737865372
2020-10-05,-0.0018201205482072918
2020-10-06,-0.018636601746006867
2020-10-07,-0.010056126882690806
2020-10-08,-0.013770995324398355
2020-10-09,-0.004344541907875327
2020-10-12,-0.019068708760682222
2020-10-13,-0.02993339213421814
2020-10-14,-0.010849866901206453
2020-10-15,-0.00791608782633827
2020-10-16,-0.003048075712079266
2020-10-19,-0.01652439790035421
2020-10-20,-0.030862043383358316
2020-10-21,-0.015247252313320404
2020-10-22,-0.013698333051990618
2020-10-23,-0.008129220473279972
2020-10-26,-0.018281507415876933
2020-10-27,-0.014865726739571088
2020-10-28,-0.005479303188338617
2020-10-29,1.7316472094141416e-05
2020-10-30,-0.023223478572634015
2020-11-02,0.00299183094714677
2020-11-03,-0.006521987537577275
2020-11-04,-0.0012499881534608322
2020-11-05,0.006490897469050974
2020-11-06,-0.016506144341603718
2020-11-09,-0.2925499599743956
2020-11-10,-0.015762070473450702
2020-11-11,-0.016852081569902144
2020-11-12,-0.01186285460185103
2020-11-13,-0.016515475012003948
2020-11-16,-0.028188198284035307
2020-11-17,-0.010667857750659069
2020-11-18,-0.014776109325260665
2020-11-19,-0.03215501147771503
2020-11-20,-0.011511452414536952
2020-11-23,0.004657704609939039
2020-11-24,-0.020700892571473103
2020-11-25,-0.030346600103918042
2020-11-27,-0.022132494710991376
2020-11-30,-0.054415838082465105
2020-12-01,-0.006402205308938927
2020-12-02,-0.013247400398154745
2020-12-03,-0.018147958144637814
2020-12-04,-0.012553144411672927
2020-12-07,-0.020658024255237613
2020-12-08,-0.01990061703554247
2020-12-09,0.00602941705865033
2020-12-10,-0.009201113385459845
2020-12-11,-0.004213549325661989
2020-12-14,-0.0017320037508074468
2020-12-15,-0.03519913479595237
2020-12-16,-0.0017056686217260392
2020-12-17,-0.011120584523949196
2020-12-18,-0.01749122326241616
2020-12-21,-0.03297487204987869
2020-12-22,-0.021881674395302888
2020-12-23,-0.005128635131576503
2020-12-24,-0.006532447013411835
2020-12-28,-0.005087613873440812
2020-12-29,0.0018413330583952926
2020-12-30,-0.010477079465731351
2020-12-31,-0.012167406257876668
2021-01-04,-0.0023783726415417387
2021-01-05,0.004712052739344042
2021-01-06,0.009951535539575583
2021-01-07,0.009773677273033403
2021-01-08,-0.008440401003730216
2021-01-11,-0.0027543374599257814
2021-01-12,0.017121690746189445
2021-01-13,-0.0043752610089670685
2021-01-14,0.010215371662375988
2021-01-15,-0.02096711396462992
2021-01-19,0.010723336661615152
2021-01-20,-0.002642472995962717
2021-01-21,-0.0025794439716384492
2021-01-22,-0.005645753532334468
2021-01-25,-0.005752721309329498
2021-01-27,-0.0034651049847355376
2021-01-28,0.003772827281733772
2021-01-29,-0.01486647996701624
2021-02-01,-0.008663306531304312
2021-02-02,-0.0016085903829997088
2021-02-03,0.006084639931364402
2021-02-04,-0.003204843585546382
2021-02-05,-0.00387682942634694
2021-02-08,0.005956553293248951
2021-02-09,-0.01324272873781408
2021-02-10,0.0025595653274527617
2021-02-11,-0.002964826740060049
2021-02-12,0.003999262217471565
2021-02-16,0.013404131963542556
2021-02-17,-0.002374398922549519
2021-02-18,-0.013359290111549144
2021-02-19,0.018653484573230808
2021-02-22,0.006955971330972135
2021-02-23,0.003573074485362226
2021-02-24,0.019107637451969806
2021-02-25,-0.03150025246389751
2021-02-26,0.011862861427892215
2021-03-01,0.0017268003873469632
2021-03-02,-0.004825811869407058
2021-03-03,-0.007161650142958215
2021-03-04,-0.01073978332749292
2021-03-05,-0.018919192888725924
2021-03-08,-0.004375020066483251
2021-03-09,0.018133561161843587
2021-03-10,-0.008278986144732088
2021-03-11,0.0016796778001378914
2021-03-12,-0.0013857200406037487
2021-03-15,0.005337019675667782
2021-03-16,-0.018930938866841773
2021-03-17,0.013598414288071549
2021-03-18,-0.029257708527482156
2021-03-19,0.0013034829487793965
2021-03-22,-0.013944598089950553
2021-03-23,-0.015832071781475335
2021-03-24,-0.012571371738026872
2021-03-25,0.0007158678062154054
2021-03-26,-0.00627846271162465
2021-03-29,-0.011976689428086624
2021-03-30,0.006755242175230386
2021-03-31,0.0020253993882123713
2021-04-01,-0.001294372223206725
2021-04-05,-0.003848739417876868
2021-04-06,0.0003286529956186852
2021-04-07,-0.004302315322658446
2021-04-08,-0.0025345278157714504
2021-04-09,-0.009461475174491106
2021-04-12,-0.014934739004268909
2021-04-13,0.0015712471937619817
2021-04-14,-0.004809970229212514
2021-04-15,-0.01284028875398129
2021-04-16,-0.0075484962929412945
2021-04-19,-0.004705010845529831
2021-04-20,-0.021166078472745795
2021-04-21,0.011366982969889902
2021-04-22,-0.010436134221952583
2021-04-23,0.007014056536655148
2021-04-26,0.011092269346604728
2021-04-27,-0.00019353419784624284
2021-04-28,0.0021843331877172607
2021-04-29,-0.008655258590676855
2021-04-30,-0.005281905951135412
2021-05-03,-0.0032271585900960254
2021-05-04,-0.009010058072264529
2021-05-05,0.00348834333951258
2021-05-06,-0.00930111830526091
2021-05-07,0.0056868044374879904
2021-05-10,-0.008729528010296474
2021-05-11,-0.002643971427990067
2021-05-12,-0.006919001400405854
2021-05-13,-0.009643662895907153
2021-05-14,0.018456743897693903
2021-05-17,0.00110953923785913
2021-05-18,-0.005865239968110938
2021-05-19,-0.007416033178015701
2021-05-20,-0.00021136134973933404
2021-05-21,-0.0013829952827176502
2021-05-24,0.001160356111590551
2021-05-25,-0.0011556924369535
2021-05-26,0.010093408934340763
2021-05-27,0.008666496015209366
2021-05-28,-0.00359309982499157
2021-06-01,0.0036718461518552474
2021-06-02,0.0031413221446714417
2021-06-03,-0.005910526397633436
2021-06-04,-0.0013961196835110333
2021-06-07,0.00884538271321318
2021-06-08,-0.0044892558492108
2021-06-09,-0.008261855413969555
2021-06-10,-0.003176521108605613
2021-06-11,-0.0041816441101452705
2021-06-14,-0.009972691874970796
2021-06-15,-0.005250950608196709
2021-06-16,0.0026066158891431598
2021-06-17,-0.01178503731411187
2021-06-18,-0.0038670623469875317
2021-06-21,-9.858592829210377e-05
2021-06-22,-0.002506472046226805
2021-06-23,0.010161022376725353
2021-06-24,0.001457307344909529
2021-06-25,-0.0005357156297911298
2021-06-28,-0.008371615566649199
2021-06-29,-0.0004117082641531414
2021-06-30,0.0016933719679252616
2021-07-01,-0.0035729903379958837
2021-07-02,-0.00400489783536606
2021-07-06,-0.010993136556202118
2021-07-07,-0.018329412433493036
2021-07-08,-0.004715756875626201
2021-07-09,0.011615167484489838
2021-07-12,-0.002051813229749831
2021-07-13,-0.013069907415938501
2021-07-14,-0.010622061169545277
2021-07-15,-0.013094354066820836
2021-07-16,-0.018907865114427866
2021-07-19,-0.0128869375613569
2021-07-20,-0.003326437672779805
2021-07-21,0.02227076682880718
2021-07-22,-0.009502294033719745
2021-07-23,-0.013871836242355055
2021-07-26,0.008710111840841188
2021-07-27,-0.013017119184860588
2021-07-28,0.005797193264410515
2021-07-29,-0.004583147766878207
2021-07-30,-0.00930650958385246
2021-08-02,0.16425267544445016
2021-08-03,-0.019770644719548137
2021-08-04,-0.009470037568232023
2021-08-05,0.018118248154494924
2021-08-06,0.0005192443931484581
2021-08-09,-0.004211845136786281
2021-08-10,0.007719112107860842
2021-08-11,-0.0016204677821413747
2021-08-12,-0.008935352822480938
2021-08-13,-0.00659743301556967
2021-08-16,-0.016386722014741312
2021-08-17,-0.012136434969181827
2021-08-18,0.00302897181557092
2021-08-19,-0.015696140528657913
2021-08-20,-0.0007994993615159126
2021-08-23,0.014904958904138087
2021-08-24,0.010516588547775475
2021-08-25,0.004194829152311648
2021-08-26,-0.006036510017655374
2021-08-27,0.005365936653285466
2021-08-30,-0.012539254263663965
2021-08-31,-0.0006521355799687188
2021-09-01,-0.009762791968449057
2021-09-02,0.00533652746641669
2021-09-03,-0.00911878698531647
2021-09-07,0.007804511157141163
2021-09-08,-0.012961190594347388
2021-09-09,0.006328546405895062
2021-09-10,-0.008642008599229967
2021-09-13,0.007750617773814557
2021-09-14,-0.007164893394154643
2021-09-15,0.0018094440716440608
2021-09-16,-0.0040922942632159705
2021-09-17,-0.0018376859824346511
2021-09-20,-0.004940359303531001
2021-09-21,-0.007831755696858761
2021-09-22,0.011067858000290753
2021-09-23,0.013794303699576531
2021-09-24,0.0040957121395294276
2021-09-27,0.009487433703798785
2021-09-28,-0.0027698658640437222
2021-09-29,-0.01078834380241836
2021-09-30,0.004307835736217996
2021-10-01,0.005777004555801461
2021-10-04,-0.004687774212787956
2021-10-05,-0.014152714410568203
2021-10-06,-0.009740440105976928
2021-10-07,0.001096266897131458
2021-10-08,0.00020077558728084574
2021-10-11,-0.0009574835476961114
2021-10-12,0.0012809529575513014
2021-10-13,-0.010770834438318975
2021-10-14,-0.006178835608927038
2021-10-15,-0.0029302784910125784
2021-10-18,-0.005553625238436702
2021-10-19,-0.011254101995426728
2021-10-20,-0.004624682751914286
2021-10-21,-0.007258250081150293
2021-10-22,-0.006832373041951707
2021-10-25,0.0023354032103353817
2021-10-26,-0.0018546373132510242
2021-10-27,-0.013831613496257793
2021-10-28,-0.0026067866720923746
2021-10-29,-0.0030432001839584936
2021-11-01,0.009401381428822103
2021-11-02,-0.010994887827617948
2021-11-03,-0.005274205365763928
2021-11-04,-0.001238446110020473
2021-11-05,0.007249615765201788
2021-11-08,0.005058818772939149
2021-11-09,-0.014779488220990894
2021-11-10,-0.013640920951062934
2021-11-11,0.0023612277638554715
2021-11-12,-0.008625656083877258
2021-11-15,-0.0017087842102378695
2021-11-16,-0.005716215725443141
2021-11-17,-0.005420350743236497
2021-11-18,-0.006879651624349082
2021-11-19,-0.009336682818267814
2021-11-22,0.0005942809471261344
2021-11-23,-0.0063428623794929365
2021-11-24,0.0031333088951127465
2021-11-26,-0.0218985338061308
2021-11-29,0.06488470687855895
2021-11-30,0.0016643898012382308
2021-12-01,-0.027647024997333215
2021-12-02,0.01268520169374277
2021-12-03,-0.02344667210692178
2021-12-06,-0.0019403173175841278
2021-12-07,0.004972098119485476
2021-12-08,0.005539486981142391
2021-12-09,-0.01602958684792559
2021-12-10,-0.0051683569696572024
2021-12-13,-0.02206047126703093
2021-12-14,-0.0023557625378789176
2021-12-15,-0.0001984443029989496
2021-12-16,-0.026808637382857485
2021-12-17,0.00709591127679894
2021-12-20,-0.0009764690364019585
2021-12-21,0.019392731668651433
2021-12-22,0.0030595892797519726
2021-12-23,-0.0002777510052208148
2021-12-27,-0.0032123182380848925
2021-12-28,-0.006671547805227218
2021-12-29,-0.010736323326939214
2021-12-30,-0.008290923384810276
2021-12-31,-0.005793133784832044
2022-01-03,0.009043055272040305
2022-01-04,-0.007105867244951512
2022-01-05,-0.0143887076050666
2022-01-06,-0.010368771216519752
2022-01-07,0.005267267311895571
2022-01-10,-0.009713960766963473
2022-01-11,-0.00997523302923936
2022-01-12,-0.005624544351542781
2022-01-13,-0.010000307321233684
2022-01-14,-0.004658544901669004
2022-01-18,-0.007195246726150249
2022-01-19,-0.01641938410736462
2022-01-20,-0.014929436776223914
2022-01-21,-0.006247723360590658
2022-01-24,0.0072456568193985365
2022-01-25,0.003280047971034615
2022-01-26,-0.009901347665807277
2022-01-27,-0.014892823611845433
2022-01-28,0.0012002444251202286
2022-01-31,-0.01951916054839939
2022-02-01,-0.0022268653211736707
2022-02-02,-0.002802176180088797
2022-02-03,-0.007576156122718344
2022-02-04,0.0010705066354832603
2022-02-07,-0.0003800043123973508
2022-02-08,-0.00837771665114948
2022-02-09,-0.012554691782536504
2022-02-10,0.002798569420051352
2022-02-11,-0.016785141147852213
2022-02-14,0.0001267418105975176
2022-02-15,0.012410100080232262
2022-02-16,-0.008198697036963165
2022-02-17,0.0029218169261903343
2022-02-18,-0.01627716728253277
2022-02-22,-0.007639174188755784
2022-02-23,-0.013461014876820512
2022-02-24,0.021703153281016022
2022-02-25,0.003203478941109359
2022-02-28,-0.011214947699103332
2022-03-01,-0.013613373510133385
2022-03-02,-0.0021302713516960633
2022-03-03,-0.005817223299697738
2022-03-04,-0.027743990469711738
2022-03-07,-0.03929559545022605
2022-03-08,-0.0016314901745563782
2022-03-09,-0.032918759062578525
2022-03-10,0.0003362656938183115
2022-03-11,-0.011843940059692568
2022-03-14,-0.011215855623474005
2022-03-15,0.004520322607516497
2022-03-16,-0.017141305333462198
2022-03-17,-0.003877990982272067
2022-03-18,-0.014472475442137865
2022-03-21,0.008707255653052103
2022-03-22,-0.004694331606604999
2022-03-23,0.001410586461138728
2022-03-24,-0.009546435651248873
2022-03-25,0.0013955144021123803
2022-03-28,-0.0026458457864017917
2022-03-29,-0.015971593074529136
2022-03-30,-0.0004678018366650605
2022-03-31,-0.013192339136487147
2022-04-01,-0.006702078303221549
2022-04-04,-0.006669261399096018
2022-04-05,0.003759491304279638
2022-04-06,-0.024577925627886008
2022-04-07,-0.017667045976359794
2022-04-08,-0.009070771938051503
2022-04-11,-0.006183634545450867
2022-04-12,-0.007990552832353049
2022-04-13,-0.006084321533943287
2022-04-14,-0.002666930541438555
2022-04-18,-0.011204042170192312
2022-04-19,-0.008480665125019108
2022-04-20,0.005591880227453253
2022-04-21,-0.013205572755989997
2022-04-22,-0.013090471705847286
2022-04-25,-0.00010484779323167341
2022-04-26,-0.014475468133997395
2022-04-27,-0.012386485591399949
2022-04-28,-0.016414808931300286
2022-04-29,-0.006296811859654507
2022-05-02,-0.009402197536564724
2022-05-03,-0.0023820412786187215
2022-05-04,-0.017966928182370112
2022-05-05,0.004513563915737425
2022-05-06,-0.025698892747568872
2022-05-09,-0.014737237214927507
2022-05-10,-0.00127495041110497
2022-05-11,-0.006923309205552668
2022-05-12,0.0010188390211524206
2022-05-13,-0.00729216306342023
2022-05-16,0.004287258748039871
2022-05-17,0.008240425877600903
2022-05-18,0.0012834503109016007
2022-05-19,-0.008135211774068899
2022-05-20,-0.01333296450735552
2022-05-23,-0.0005428338552854409
2022-05-24,0.0016373146574360066
2022-05-25,0.007612451607076897
2022-05-26,-0.015901563616295494
2022-05-27,-0.024740413018689025
2022-05-31,-0.0006642036033035065
2022-06-01,-0.0018212606457448342
2022-06-02,0.0019809801488494694
2022-06-03,-0.004779024102393932
2022-06-06,-0.012630661664320522
2022-06-07,-0.008621967112120942
2022-06-08,-0.015935568913221308
2022-06-09,-0.008655991825945645
2022-06-10,-0.007446983535698522
2022-06-13,-0.017063109546216957
2022-06-14,-0.006892061265909115
2022-06-15,-0.02507317056152113
2022-06-16,0.00321477113163516
2022-06-17,-0.0015474852432378087
2022-06-21,0.0033646043220724297
2022-06-22,-0.008094113382065896
2022-06-23,-0.022470794001287528
2022-06-24,0.0033312065437993517
2022-06-27,0.003970842360123409
2022-06-28,-0.0170217094722347
2022-06-29,0.018433145269751674
2022-06-30,-0.015515975597569393
2022-07-01,-0.012840904229088087
2022-07-05,-0.006326797804756112
2022-07-06,-0.006508797684688543
2022-07-07,-0.014357815765155591
2022-07-08,-0.01038131577535148
2022-07-11,-0.0003649048111045647
2022-07-12,0.000548227724489472
2022-07-13,-0.005909470297347077
2022-07-14,-0.016102270308942047
2022-07-15,0.006619690699561847
2022-07-18,-0.004787853576159148
2022-07-19,-0.011605324882759152
2022-07-20,-0.013485589082953046
2022-07-21,-0.008494894827863185
2022-07-22,-0.005212756295548855
2022-07-25,-0.010956270310032427
2022-07-26,-0.008220379266274723
2022-07-27,0.009340481782255765
2022-07-28,-0.018564023995755304
2022-07-29,-0.008233786427565209
2022-08-01,0.0007444074937311782
2022-08-02,-0.005847183503730577
2022-08-03,-0.0011785639379634722
2022-08-04,-0.021407216037399354
2022-08-05,-0.002299470331537337
2022-08-08,0.0007602791002014721
2022-08-09,-0.009208341376794826
2022-08-10,0.003845210890351204
2022-08-11,-0.005147158065460854
2022-08-12,-0.00925676046397291
2022-08-15,-0.012598331318511598
2022-08-16,0.002484661017769259
2022-08-17,-0.001313722759779902
2022-08-18,-0.01483269034468152
2022-08-19,-7.97695545290784e-05
2022-08-22,-0.010247842990110965
2022-08-23,-0.020694693395004477
2022-08-24,-0.014224446832908372
2022-08-25,-0.007027820450016957
2022-08-26,-0.002003839296631782
2022-08-29,-0.009905272370681851
2022-08-30,-0.006591820725949519
2022-08-31,-0.009177647355526305
2022-09-01,0.0023644256638767703
2022-09-02,-0.0019572245170122442
2022-09-06,-0.0013278608548562224
2022-09-07,-0.012604922354267162
2022-09-08,-0.011489569680548543
2022-09-09,0.0006168530172559611
2022-09-12,-0.004026229097726192
2022-09-13,0.0034324807286599535
2022-09-14,-0.014658389514478514
2022-09-15,0.004261690259057559
2022-09-16,-0.011272094779800398
2022-09-19,-0.002459139027776806
2022-09-20,-0.00726254601641046
2022-09-21,-0.017909668067727504
2022-09-22,-0.007263627771672322
2022-09-23,-0.021128449313047547
2022-09-26,-0.011189379917944081
2022-09-27,0.002268634763427325
2022-09-28,-0.015793921996548263
2022-09-29,-0.011873207256280865
2022-09-30,-0.031110734177850374
2022-10-03,-0.016206440487528496
2022-10-04,0.009839641382890826
2022-10-05,-0.009317842681020214
2022-10-06,-0.0089608076831886
2022-10-07,-0.01039023392514906
2022-10-10,-0.007153276109854532
2022-10-11,-0.018149714015448334
2022-10-12,-0.0034435798070449426
2022-10-13,-0.005889930106425054
2022-10-14,-0.0012095875195537783
2022-10-17,-0.00630605715725562
2022-10-18,-0.0022853415262831496
2022-10-19,-0.009320323552755916
2022-10-20,-0.009196798187813573
2022-10-21,-0.008431983967509929
2022-10-24,-0.007194072892424354
2022-10-25,-0.012169537100679457
2022-10-26,0.0045882924216939175
2022-10-27,-0.013296029489027843
2022-10-28,-0.008506725088351043
2022-10-31,-0.005331641901217877
2022-11-01,-0.006537517402697513
2022-11-02,-0.018078255631284307
2022-11-03,-0.0168657366785642
2022-11-04,-0.007635612583726034
2022-11-07,-0.018955851062676686
2022-11-08,-0.006031061792053827
2022-11-09,-0.007428241095410764
2022-11-10,-0.010912089662777883
2022-11-11,-0.012880000647115095
2022-11-14,-0.003648327866644403
2022-11-15,-0.00953274779034307
2022-11-16,-0.006230055552541785
2022-11-17,-0.008974785156200694
2022-11-18,-0.006648947719846254
2022-11-21,-0.009725371811835703
2022-11-22,-0.004892002607132343
2022-11-23,-0.0056844890711839945
2022-11-25,-0.005592974953446239
2022-11-28,-0.00819859451114132
2022-11-29,-0.014564235839372231
2022-11-30,0.006633093486876814
2022-12-01,-0.003975607178372264
2022-12-02,-0.008218098534644582
2022-12-05,-0.014056149636257812
2022-12-06,-0.008421234386065115
2022-12-07,-0.007391660232222717
2022-12-08,-0.010270010863434582
2022-12-09,-0.006191227816296962
2022-12-12,-0.009192564772723219
2022-12-13,-0.010175034565276686
2022-12-14,-0.012812021521212575
2022-12-15,-0.00873224805325004
2022-12-16,-0.002949499654721797
2022-12-19,-0.01486299529011497
2022-12-20,-0.005647935329851085
2022-12-21,-0.007880883871816066
2022-12-22,0.00011060415102756875
2022-12-23,-0.0026490109000801548
2022-12-27,-0.008103755697278232
2022-12-28,-0.004501351963264806
2022-12-29,-0.015511015938077096
2022-12-30,-0.007839926896683487
2023-01-03,0.002486787673428277
2023-01-04,0.019581674263452618
2023-01-05,0.005721557342329202
2023-01-06,0.008618207494788492
2023-01-09,0.006368969877040076
2023-01-10,0.0033826319156822614
2023-01-11,-0.0045875521392373395
2023-01-12,0.01157623513752232
2023-01-13,-0.0033160442670968253
2023-01-17,0.0006883261807103932
2023-01-18,-0.006992818878564529
2023-01-19,-0.005820098752057067
2023-01-20,0.007647335858683178
2023-01-23,0.008230538287378934
2023-01-24,-0.004598182550851905
2023-01-25,0.0038072756275877666
2023-01-26,0.0009225675451648733
2023-01-27,0.00423883300680834
2023-01-30,-0.01132669254932742
2023-01-31,-0.0032731153452228716
2023-02-01,0.006773058628110196
2023-02-02,0.0034091027403436456
2023-02-03,-0.006064964478795685
2023-02-06,-0.00909626452866982
2023-02-07,0.004851448090721069
2023-02-08,-0.009371622822800019
2023-02-09,-0.011594029610677707
2023-02-10,-0.009744857592819914
2023-02-13,0.001751748832120704
2023-02-14,0.005128409821276649
2023-02-15,-0.003939703623199922
2023-02-16,-0.003977955775381238
2023-02-17,-0.016546775090031784
2023-02-21,-0.008358057442264782
2023-02-22,-0.002755968088730387
2023-02-23,-0.0059114917499619255
2023-02-24,-0.006523795864736489
2023-02-27,0.00029112716553561903
2023-02-28,7.147914287161227e-05
2023-03-01,-0.0024214442490843244
2023-03-02,-0.0041789979874826836
2023-03-03,-4.19590103858912e-05
2023-03-06,-0.007565745534136836
2023-03-07,-0.0055839613538546
2023-03-08,-0.0011491972338494379
2023-03-09,-0.01731805468358512
2023-03-10,-0.012084499998459489
2023-03-13,-0.001479276919580711
2023-03-14,-0.008556454892778476
2023-03-15,-0.011684965829838908
2023-03-16,0.004771173578878718
2023-03-17,-0.005088495308200361
2023-03-20,-0.0034256964369290903
2023-03-21,0.011967318777951083
2023-03-22,-0.007495992000033031
2023-03-23,-0.006937095162197532
2023-03-24,-0.009059665982437327
2023-03-27,-0.0032819547175892486
2023-03-28,-0.0037952628537770883
2023-03-29,0.009150128089874886
2023-03-30,-0.0019263748809480613
2023-03-31,0.0036880951483571883
2023-04-03,0.0007209861422761664
2023-04-04,-0.009484687759020323
2023-04-05,-0.014426829213207697
2023-04-06,-0.0008769753979534973
2023-04-10,0.0008466922054895598
2023-04-11,0.00011692241269457252
2023-04-12,-0.01642206163591839
2023-04-13,-0.0012537829709666393
2023-04-14,-0.003484504884683235
2023-04-17,0.0020794814640669626
2023-04-18,-0.004816692415444685
2023-04-19,-0.0021448978474678717
2023-04-20,-0.012481611402143293
2023-04-21,-0.004689639609533358
2023-04-24,-0.006215545813419713
2023-04-25,-0.009021123828086633
2023-04-26,-0.0060252019074404205
2023-04-27,0.006208486697337861
2023-04-28,0.003150715957543726
2023-05-01,-0.0007451974972712012
2023-05-02,-0.013861542148532822
2023-05-03,-0.00474735663372483
2023-05-04,-0.006747095324838507
2023-05-05,0.003507619306289739
2023-05-08,0.004206412771921994
2023-05-09,-0.0030345245750567195
2023-05-10,-0.008148337910704555
2023-05-11,-0.010774136069018558
2023-05-12,-0.009055419739923014
2023-05-15,0.01135487498791126
2023-05-16,-0.007566583956502131
2023-05-17,0.005549122371868236
2023-05-18,0.0005176026183805965
2023-05-19,-0.005946315755030443
2023-05-22,0.004151649650711825
2023-05-23,0.0007139821429587119
2023-05-24,-0.002793608940085342
2023-05-25,-0.005104766888917374
2023-05-26,-0.007589194670419783
2023-05-30,-0.0015372576381801426
2023-05-31,-0.0025605981794161146
2023-06-01,-0.0012935982511496965
2023-06-02,0.0013358173745932193
2023-06-05,-0.0029209570370776587
2023-06-06,0.006630347819879754
2023-06-07,-0.0009663861141535213
2023-06-08,-8.431928880676606e-05
2023-06-09,-0.003899039804177916
2023-06-12,-0.0012343285682229954
2023-06-13,0.0019285278497399535
2023-06-14,0.0006826133004213721
2023-06-15,-0.008412783668262657
2023-06-16,-0.0035040169468572562
2023-06-20,-0.00420742604053163
2023-06-21,-0.007672593320324213
2023-06-22,-0.009125725929963212
2023-06-23,-0.005494384892087393
2023-06-26,-0.002664522429205204
2023-06-27,0.011574240955236195
2023-06-28,0.0037394020806878125
2023-06-29,-0.006915211048175536
2023-06-30,0.00124820907976685
2023-07-03,0.007988112753347293
2023-07-05,-0.004322902573194803
2023-07-06,-0.009360134943923824
2023-07-07,0.006599437062237679
2023-07-10,-0.001806273629050509
2023-07-11,-0.0010484750425546812
2023-07-12,0.0011031183719747097
2023-07-13,-0.0018755872097617546
2023-07-14,-0.015319515574173149
2023-07-17,-0.004544226060482502
2023-07-18,0.007789475120579879
2023-07-19,0.0032708676041599072
2023-07-20,-0.01935776648462557
2023-07-21,-0.003654821225884405
2023-07-24,-0.00363352480225112
2023-07-25,-0.004176396122238189
2023-07-26,-0.0013495957453667647
2023-07-27,-0.0017827338127727218
2023-07-28,-0.0015617403902059967
2023-07-31,0.0033707965690365042
2023-08-01,-0.013438612991126857
2023-08-02,-0.010132706003524195
2023-08-03,0.000535596138847988
2023-08-04,-0.0036500540226201738
2023-08-07,-0.00928663551152735
2023-08-08,-0.007212547462710979
2023-08-09,-0.011168782130591238
2023-08-10,-0.0073015342175396574
2023-08-11,-0.01311389960232428
2023-08-14,0.0014843481889660485
2023-08-15,-0.005245453606549259
2023-08-16,-0.0073607189608214454
2023-08-17,-0.011792570103814728
2023-08-18,-0.0029553254553897727
2023-08-21,-0.0007678802795140355
2023-08-22,-0.0046777473915456756
2023-08-23,0.0004058686718825303
2023-08-24,-0.0072984122169921185
2023-08-25,-0.008814292179456583
2023-08-28,-0.0005164211724458727
2023-08-29,0.002824852943466431
2023-08-30,-0.003115151034062147
2023-08-31,-0.0024929969108260083
2023-09-01,-0.00405042504996543
2023-09-05,-0.006132468033215562
2023-09-06,-0.005390867699392721
2023-09-07,-0.012697707425413634
2023-09-08,0.0005221217659140639
2023-09-11,-0.0035279856632330036
2023-09-12,-0.0021605709431134195
2023-09-13,-0.01185703821446261
2023-09-14,0.00030432858321094436
2023-09-15,-0.006739371902661812
2023-09-18,-0.008710606940064345
2023-09-19,-0.0013359096962908316
2023-09-20,-0.009715263908370936
2023-09-21,-0.012913089322851831
2023-09-22,-0.004433661692555299
2023-09-25,-0.005185319052047306
2023-09-26,-0.005290971926329949
2023-09-27,-0.0031486849820597266
2023-09-28,0.0010506707281055473
2023-09-29,0.000989631759414987
2023-10-02,-0.006584680920717188
2023-10-03,-0.010595667870569307
2023-10-04,0.0023195604862024473
2023-10-05,-0.006519348768756624
2023-10-06,-0.0038046915384804623
2023-10-09,-0.010405456038756306
2023-10-10,0.002769775784714211
2023-10-11,-0.0008231050084001245
2023-10-12,-0.01064319732429595
2023-10-13,-0.01754318206696416
2023-10-16,0.0022491644508091874
2023-10-17,-0.0014421586738731272
2023-10-18,-0.011507433211579023
2023-10-19,-0.005133951921264296
2023-10-20,-0.014520095582076434
2023-10-23,0.0034998320886843685
2023-10-24,0.0042643565243133995
2023-10-25,-0.007152514162867907
2023-10-26,-0.008318361936626849
2023-10-27,5.979443186901684e-05
2023-10-30,-0.0052166322352320115
2023-10-31,-0.005117806940140525
2023-11-01,-0.007941714925657262
2023-11-02,0.006034340673085272
2023-11-03,0.013957713019579966
2023-11-06,-0.011567949814586328
2023-11-07,-0.005018468034642997
2023-11-08,-0.008530694589167338
2023-11-09,-0.01079403107670563
2023-11-10,0.0023100854769631503
2023-11-13,-0.007152812451089221
2023-11-14,0.01672621806422955
2023-11-15,0.004711708782232154
2023-11-16,-0.011844581973457651
2023-11-17,0.003789350617795461
2023-11-20,-0.005425172218533004
2023-11-21,-0.012264787048744993
2023-11-22,-0.00018267968602946136
2023-11-24,-0.001406533159485886
2023-11-27,0.0006531864009517996
2023-11-28,-0.0008383018690253695
2023-11-29,0.00024041366506538696
2023-11-30,-0.014706103091778756
2023-12-01,0.008175341515411178
2023-12-04,-0.004594948064548894
2023-12-05,-0.00470066118860535
2023-12-06,0.0012332373222371158
2023-12-07,0.005625060259441277
2023-12-08,-0.0018459699760171033
2023-12-11,-0.008342326770086108
2023-12-12,-0.0112755314066893
2023-12-13,0.0015614028360758196
2023-12-14,0.008767254777442881
2023-12-15,-0.004208684294365113
2023-12-18,-0.004736862779711647
2023-12-19,0.007355405576761483
2023-12-20,-0.009804703353950395
2023-12-21,0.00645375094225159
2023-12-22,-0.006691530097681256
2023-12-26,-0.002653149482343632
2023-12-27,-0.00688150820363481
2023-12-28,-0.003966143734089897
2023-12-29,-0.008186997956487883
2024-01-02,-0.01700732331217089
2024-01-03,-0.002640438024452973
2024-01-04,0.005054687693504768
2024-01-05,0.006310333818064487
2024-01-08,0.0018167438859717708
2024-01-09,0.0023952292927598845
2024-01-10,0.0002335623903936331
2024-01-11,-0.0013297400537141024
2024-01-12,-0.007690327635572807
2024-01-16,0.006436231254834676
2024-01-17,0.0004919509487586247
2024-01-18,0.005907896496963495
2024-01-19,0.013625078199289467
2024-01-22,-0.00749104809828615
2024-01-23,-0.0017637752290330694
2024-01-24,0.008778971055803515
2024-01-25,0.009647066590362307
2024-01-26,-0.010843810494132695
2024-01-29,-0.00027600577627669544
2024-01-30,-0.0005210620186311839
2024-01-31,-0.004450348266655296
2024-02-01,-0.002224593652526052
2024-02-02,0.015612152564934397
2024-02-05,0.003286371969039378
2024-02-06,-0.008499981427412394
2024-02-07,0.005205375619136736
2024-02-08,-0.0027867160306722415
2024-02-09,-0.000881545949326594
2024-02-12,-0.0039685795196802215
2024-02-13,0.001175346326058746
2024-02-14,0.012569457564087916
2024-02-15,-0.0018688318537710932
2024-02-16,-0.005024174055633976
2024-02-20,-0.004235731374001155
2024-02-21,-0.0161340292233823
2024-02-22,0.017013823019286247
2024-02-23,-0.006541205020421271
2024-02-26,0.002713854174079419
2024-02-27,0.000537814240027834
2024-02-28,-0.0023763459949120167
2024-02-29,0.004941386788421276
2024-03-01,0.0090359261522448
2024-03-04,0.006834209200448556
2024-03-05,-0.0019227380385712788
2024-03-06,0.0011844134616001039
2024-03-07,0.0025429937451282563
2024-03-08,-0.016837528309891273
2024-03-11,-0.014783515482252048
2024-03-12,0.009278825506080151
2024-03-13,-0.005198898712787242
2024-03-14,0.0019696787146307767
2024-03-15,0.003243627744338403
2024-03-18,0.0020326397096195646
2024-03-19,-0.002469582457765026
2024-03-20,0.0013311147434118208
2024-03-21,0.006116442065118466
2024-03-22,0.007144430244210226
2024-03-25,0.004926196199782598
2024-03-26,-0.0015682500208135369
2024-03-27,-0.012038077132682373
2024-03-28,-0.00013373668305109986
2024-04-01,0.008964938420836187
2024-04-02,0.009075418224509045
2024-04-03,0.009738709989587374
2024-04-04,-0.006918265650667108
2024-04-05,0.009947645029658092
2024-04-08,-0.0059075566787623445
2024-04-09,-0.006099257241859818
2024-04-10,0.009117811104134663
2024-04-11,0.005678164199027457
2024-04-12,-0.0028208713719198157
2024-04-15,-0.001914204535947489
2024-04-16,0.0007211752650688511
2024-04-17,-0.0011928157888556141
2024-04-18,0.002859537304606818
2024-04-19,-0.01006794942774375
2024-04-22,0.0038150554978383516
2024-04-23,0.0013780028693708619
2024-04-24,-0.001972672239579567
2024-04-25,0.01063090018573426
2024-04-26,0.005730231151497129
2024-04-29,-0.004860725002372787
2024-04-30,-0.00873999580890534
2024-05-01,-0.006015929925365005
2024-05-02,0.002997191766770024
2024-05-03,-0.0019803208956632144
2024-05-06,0.007854174332644515
2024-05-07,-0.009007758441008634
2024-05-08,0.0012918580249960086
2024-05-09,-0.0005402841149560163
2024-05-10,-0.0029036094184011164
2024-05-13,0.00021080968439717756
2024-05-14,0.003099487264135293
2024-05-15,-0.00042526162945231565
2024-05-16,-0.006809202764163471
2024-05-17,0.0021948917700332273
2024-05-20,0.0038627028451178854
2024-05-21,0.002693366451493818
2024-05-22,-0.007214003311424215
2024-05-23,0.0013965236303417124
2024-05-24,0.008892257469977537
2024-05-28,0.00903034379264615
2024-05-29,-0.0019995193209184823
2024-05-30,-0.0006142385159632399
2024-05-31,-0.007587056114044733
2024-06-03,0.0003013859275972238
2024-06-04,-0.004169925011767739
2024-06-05,0.004961276857355031
2024-06-06,-0.002918777921944091
2024-06-07,-0.003962762575856041
2024-06-10,0.0015456932044805938
2024-06-11,-0.003108322795573621
2024-06-12,0.009230234293406749
2024-06-13,0.00627559650306393
2024-06-14,-0.006025153535063411
2024-06-17,0.0024853041903252176
2024-06-18,0.005999086217527766
2024-06-20,-0.017050452500902855
2024-06-21,-0.008163913193182994
2024-06-24,-0.007932534428598096
2024-06-25,0.008681497882609187
2024-06-26,-0.00144030345827868
2024-06-27,-0.002740460641164922
2024-06-28,-0.006442179650425861
2024-07-01,0.007431010151821023
2024-07-02,0.003900348254627644
2024-07-03,0.009421957009905696
2024-07-05,0.0015770102961058228
2024-07-08,0.002269055963112003
2024-07-09,0.006326323938267938
2024-07-10,0.0033135250883922092
2024-07-11,-0.02103901725015881
2024-07-12,-0.005159500793044034
2024-07-15,0.0009057755721261578
2024-07-16,-0.008761841865586076
2024-07-17,-0.013230799230323035
2024-07-18,0.00480463725218787
2024-07-19,-0.009775893353428483
2024-07-22,0.001518622626755142
2024-07-23,-0.0006064358247629581
2024-07-24,-0.013690656902952025
2024-07-25,-0.014764311295087394
2024-07-26,0.004307881112088648
2024-07-29,-0.004934901959326044
2024-07-30,-0.009444454892359367
2024-07-31,0.0001464462121067415
2024-08-01,0.001130187520952354
2024-08-02,0.005026809854876138
2024-08-05,-0.003689838359672463
2024-08-06,-0.004378092637262526
2024-08-07,0.0001453610055565189
2024-08-08,-0.005808991295584263
2024-08-09,0.0008754606585689474
2024-08-12,0.005447758069707413
2024-08-13,0.004918142146198181
2024-08-14,0.0014729730130610356
2024-08-15,-0.01157291646856399
2024-08-16,0.000789516761941925
2024-08-19,-0.0008238455856583351
2024-08-20,0.007699797926977234
2024-08-21,-0.0033825073093105987
2024-08-22,0.0011858755712752787
2024-08-23,-0.0017463647979119156
2024-08-26,0.003473809945735042
2024-08-27,0.0008894486954512493
2024-08-28,0.0010051821306594447
2024-08-29,0.005921441924460711
2024-08-30,-0.002611516553298396
2024-09-03,0.013261187166028065
2024-09-04,0.003741414359200635
2024-09-05,0.0025769753994483798
2024-09-06,0.0018166041290646826
2024-09-09,0.0038991118110564653
2024-09-10,0.004066703896226314
2024-09-11,-0.015399837387763115
2024-09-12,0.002874749647725611
2024-09-13,-0.0019842200469814045
2024-09-16,0.002140371990937264
2024-09-17,-0.01168962069611905
2024-09-18,5.584776737389027e-05
2024-09-19,-0.005420441421600414
2024-09-20,0.006354392020430042
2024-09-23,0.00037702242128036744
2024-09-24,0.0026398128505081327
2024-09-25,0.000726423441844291
2024-09-26,-0.007840463361907255
2024-09-27,-0.004855580903153973
2024-09-30,0.004727073160433011
2024-10-01,0.004921134228610574
2024-10-02,-0.0011695351782860367
2024-10-03,-0.0012239414190816445
2024-10-04,-0.00019432656447904454
2024-10-07,0.00029989885770418745
2024-10-08,-0.0018936922068901766
2024-10-09,-0.0015867086682064017
2024-10-10,-0.0013523075217583267
2024-10-11,-0.0018314105493380224
2024-10-14,-0.002302075539550886
2024-10-15,0.010832467277588112
2024-10-16,0.008624257864770378
2024-10-17,-0.0009165616666061173
2024-10-18,0.0030976562532239347
2024-10-21,0.003801288679419782
2024-10-22,0.0035266666999011938
2024-10-23,0.003435113023670381
2024-10-24,-0.007615292733747386
2024-10-25,-0.008297267465399182
2024-10-28,0.004773969373292044
2024-10-29,0.002953379837520493
2024-10-30,-0.0029529546031473574
2024-10-31,0.00042701164764988656
2024-11-01,-0.005671068177056861
2024-11-04,-0.007032645216364742
2024-11-05,0.006559050425528538
2024-11-06,0.031780062859368415
2024-11-07,-0.012421504471930326
2024-11-08,0.0026753163265564725
2024-11-11,0.02123439687613128
2024-11-12,0.0038172818240821645
2024-11-13,-0.0003183380534106864
2024-11-14,0.0011386309171410283
2024-11-15,0.01567256459544301
2024-11-18,-0.0014275168662573317
2024-11-19,0.008076809424367084
2024-11-20,-0.002669618996594854
2024-11-21,-0.0052019247388980835
2024-11-22,-0.0016519504177834206
2024-11-25,-0.011000662891864596
2024-11-26,0.0012979215494091072
2024-11-27,-0.006684872869184484
2024-11-29,-0.0011785040594075634
2024-12-02,-0.002138160988449769
2024-12-03,0.00019920476642592611
2024-12-04,0.012393585672012925
2024-12-05,0.009144069088060189
2024-12-06,0.0008145811107938118
2024-12-09,-0.018585441692908763
2024-12-10,0.0063960537320373705
2024-12-11,0.013761449389291136
2024-12-12,8.905813183548376e-05
2024-12-13,0.004091279682443462
2024-12-16,0.01656321819934959
2024-12-17,-8.925784487959373e-05
2024-12-18,-0.011029506072642694
2024-12-19,0.006506605244452768
2024-12-20,0.0009128024066605837
2024-12-23,-0.0037132321487111735
2024-12-24,0.007113158184216229
2024-12-26,-0.001003570371225075
2024-12-27,-0.007899557374401414
2024-12-30,-0.0014722426181670127
2024-12-31,-0.008874071110650774
2025-01-02,-0.007557908418290899
2025-01-03,-0.006214671817298664
2025-01-06,-0.0014472850225451211
2025-01-07,-0.0059927673130600444
2025-01-08,-0.02119184312211631
2025-01-10,0.0005983925958492138
2025-01-13,-0.0037122679575047604
2025-01-14,-0.0037883255666265703
2025-01-15,0.0029762818122386434
2025-01-16,-9.674989689579128e-05
2025-01-17,0.008300467477019166
2025-01-21,-0.004115870810048914
2025-01-22,-0.00823420475531625
2025-01-23,-0.013151623686513065
2025-01-24,-0.005894519021285884
2025-01-27,-0.06262277625154428
2025-01-28,0.002359440180449467
2025-01-29,-0.008588542186315492
2025-01-30,-0.019371172502451
2025-01-31,-0.005635715661409989
2025-02-03,0.0032794463117266507
2025-02-04,-0.0005478127435107711
2025-02-05,-0.009618740916920783
2025-02-06,-0.0010475836013110569
2025-02-07,0.0007622088336092792
2025-02-10,0.003139347700654347
2025-02-11,-0.005718908958960073
2025-02-12,0.01560151341258324
2025-02-13,0.008024631711493233
2025-02-14,0.003072495271180967
2025-02-18,0.00251269263685999
2025-02-19,0.002605525213353714
2025-02-20,-0.0072117744016198335
2025-02-21,-0.011172183028731193
2025-02-24,-0.023854141536455428
2025-02-25,-0.02345789293813096
2025-02-26,-0.003900431702803505
2025-02-27,-0.006339365656498388
2025-02-28,-0.002853408731502262
2025-03-03,0.00790006602523407
2025-03-04,-0.007343828854805641
2025-03-05,-0.015432911730117876
2025-03-06,0.006118754930507491
2025-03-07,-0.008345892086638905
2025-03-10,0.01556229716653623
2025-03-11,-0.013439900795048651
2025-03-12,-0.030263659824339702
2025-03-13,0.0036476786330371007
2025-03-14,-0.006385239556913793
2025-03-17,-0.004601346019749427
2025-03-18,-0.0034609549045629155
2025-03-19,-0.005535100521358007
2025-03-20,-0.0017373545334318499
2025-03-21,-0.007764858473960674
2025-03-24,-0.015507457669205596
2025-03-25,-0.00375146002333438
2025-03-26,-0.018334705009785686
2025-03-27,-0.018836720183074647
2025-03-28,-0.01107413600587988
2025-03-31,-0.00517970713202763
2025-04-01,-0.014098920801902328
2025-04-02,-0.011311121507762777
2025-04-03,0.0138480231257522
2025-04-04,-0.022559068218732062
2025-04-07,-0.02799800054046518
2025-04-08,-0.013709102373469456
2025-04-09,-0.03781946157817538
2025-04-10,-0.005068695810607102
2025-04-11,-0.007210359413629612
2025-04-14,-0.0036309978391998133
2025-04-15,0.006195684460404485
2025-04-16,-0.004057397821456741
2025-04-17,-0.021010615957901015
2025-04-21,-0.011915324405774145
2025-04-22,-0.008825299049690833
2025-04-23,-0.0045246015273961385
2025-04-24,0.019534511039092622
2025-04-25,-0.009979561646158363
2025-04-28,-0.004435022240619739
2025-04-29,-0.008751761278877867
2025-04-30,-0.016095392391163334
2025-05-01,0.0017891476634300449
2025-05-02,0.00972829087824274
2025-05-05,-0.005527189734105105
2025-05-06,-0.006782194702405002
2025-05-07,-0.00363628705483132
2025-05-08,0.005556474686391603
2025-05-09,0.0036117200525658186
2025-05-12,0.03470920876549436
2025-05-13,0.032131990284125146
2025-05-14,0.004405780754318606
2025-05-15,-0.027870803541399362
2025-05-16,-0.010760529683853144
2025-05-19,-0.016592408306774206
2025-05-20,-0.008751246479787537
2025-05-21,-0.007422369328434444
2025-05-22,-0.000892695097480193
2025-05-23,-0.00974902179322537
2025-05-27,0.00377267947430492
2025-05-28,-0.001327957448814276
2025-05-29,-0.009848158429695879
2025-05-30,-0.011155871286833713
2025-06-02,-0.0012758739302702379
2025-06-03,0.003997468025705284
2025-06-04,-0.004903730635042637
2025-06-05,-0.013000905236714402
2025-06-06,-0.007678787704907114
2025-06-09,0.006860203885039462
2025-06-10,-0.003803891394079277
2025-06-11,-0.0037929004357811266
2025-06-12,-0.0031644587871565077
2025-06-13,-0.00280897499928263
2025-06-16,0.004862322513360683
2025-06-17,-0.0016618884014761868
2025-06-18,0.0009050018269955119
2025-06-20,-0.008845142349834887
2025-06-23,-0.012059352324950121
2025-06-24,-0.002702958900892537
2025-06-25,0.0007866273957441972
2025-06-26,-0.0014819329057314387
2025-06-27,-0.014062746131370502
2025-06-30,-0.00536343766690266
2025-07-01,-0.010203744441054086
2025-07-02,0.011932012976990447
2025-07-03,-0.0038852536360948174
2025-07-07,-0.014138244560238815
2025-07-08,0.0008843565062431505
2025-07-09,-0.0019285606298810186
2025-07-10,0.010992370856781019
2025-07-11,-0.004702381771372525
2025-07-14,-0.004930678748808985
2025-07-15,0.0013509791881053746
2025-07-16,-0.004232005343789813
2025-07-17,0.005129657635469643
2025-07-18,-0.0021404936841143644
2025-07-21,-0.005277562869128668
2025-07-22,-0.013702908886044411
2025-07-23,-0.011423469601939514
2025-07-24,0.0003058121627681678
2025-07-25,-0.00468414583626727
2025-07-28,-0.000806269841902605
2025-07-29,-0.00795942900710663
2025-07-30,0.0003803857745757382
2025-07-31,0.00568210549619324
2025-08-01,-0.010367602237072962
2025-08-04,-0.0008962098781351256
2025-08-05,0.0015794933708212135
2025-08-06,0.002172774324801308
2025-08-07,0.007062928563289451
2025-08-08,-0.0048889390126212046
2025-08-11,-0.00035152662421773263
2025-08-12,-0.000906089344253251
2025-08-13,-0.015724410441909614
2025-08-14,0.0009324457730016215
2025-08-15,-0.011242652860764077
2025-08-18,-0.004482190689725295
2025-08-19,-0.0027965200452866436
2025-08-20,-0.01827428523702059
2025-08-21,-0.007018012198967775
2025-08-22,0.0013959153727794373
2025-08-25,-0.0011899758350249453
2025-08-26,-0.005914683944030809
2025-08-27,-0.00028230226271051123
2025-08-28,-0.005044216825783257
2025-08-29,-0.004251407435143345
2025-09-02,-0.00545271414395951
2025-09-03,-0.0038091872312158463
2025-09-04,-0.005992331823222618
2025-09-05,-0.003934781929087326
2025-09-08,-0.004472525331065862
2025-09-09,0.003243078913951358
2025-09-10,0.00043204902381000724
2025-09-11,-0.007290700521135849
2025-09-12,0.002010538867045218
2025-09-15,0.008024133832593892
2025-09-16,-0.0030202479329906797
2025-09-17,-0.012904138179092856
2025-09-18,0.004952645019692667
2025-09-19,-0.00019130550419675652
2025-09-22,-0.0015901109798538383
2025-09-23,-0.004897437572643208
2025-09-24,-0.008033390518870441
2025-09-25,0.0059441225063267475
2025-09-26,-0.003160632369135826
2025-09-29,-0.008835821554056638
2025-09-30,-0.00955063767003449
2025-10-01,0.013094513504445252
2025-10-02,-0.007586037107649194
2025-10-03,-0.009798793954865805
2025-10-06,0.01418729841233711
2025-10-07,-0.006623985288054809
2025-10-08,0.012388660471478317
2025-10-09,-0.008359450196131565
2025-10-10,-0.019561182629236423
2025-10-13,0.0062097485913243464
2025-10-14,-0.017176229294577194
2025-10-15,0.014237603205171132
2025-10-16,-0.0037017655893801784
2025-10-17,-0.012506546767393479
2025-10-20,-0.0007426278669705137
2025-10-21,-0.005649520666825271
2025-10-22,-0.012745299843793098
2025-10-23,-0.002248093593030307
2025-10-24,-0.00020316513010629677
2025-10-27,0.004201558988954142
2025-10-28,-0.004586003094663673
2025-10-29,0.0068786884366301496
2025-10-30,-0.014921341077487348
2025-10-31,-0.0009170502830342089
2025-11-03,0.007490194343674495
2025-11-04,-0.022555230395296066
2025-11-05,0.013661524850541508
2025-11-06,-0.0008811010115171852
2025-11-07,-0.012785241698188392
2025-11-10,0.0037490484730051486
2025-11-11,-0.006167932755736617
2025-11-12,-0.002055071747512358
2025-11-13,-0.008138765944599252
2025-11-14,-0.006223255517124217
2025-11-17,-0.002142739645933283
2025-11-18,-0.004512130823553199
2025-11-19,-0.006483086506505227
2025-11-20,-0.0004407627565905176
2025-11-21,-0.019816099690832204
2025-11-24,-0.009138203785266521
2025-11-25,0.005391644594557814
2025-11-26,-0.005044591435492176
2025-11-28,-0.004303371504931713
2025-12-01,-0.0037191647063835242
2025-12-02,-0.007166577850383735
2025-12-03,-0.0006916783809132079
2025-12-04,-0.004316965360766106
2025-12-05,0.0017191392563093884
2025-12-08,-0.0036006486990843717
2025-12-09,0.0005670833255728806
2025-12-10,0.0008158399848684642
2025-12-11,-0.01034553447421136
2025-12-12,-0.00515335589601808
2025-12-15,-0.006951159627444467
2025-12-16,0.0033567467537095157
2025-12-17,0.0014601840695082843
2025-12-18,0.00799254459134969
2025-12-19,0.004352460837713043
2025-12-22,-0.0034473277497373603
2025-12-23,-0.007213868948985288
2025-12-24,-0.0005669433590861713
2025-12-26,-0.007361583886581099
2025-12-29,-0.0071412632493636835
2025-12-30,-0.006451564183716881
2025-12-31,-0.006075229236037457
2026-01-02,0.010253198415772997
2026-01-05,0.007865157217958222
2026-01-06,0.0032981006807030503
2026-01-07,-0.009794453558053962
2026-01-08,-0.0137902536517762
2026-01-09,0.010903314395369557
2026-01-12,0.00031785875111806864
2026-01-13,0.0016689814755014758
2026-01-14,-0.013662953975354445
2026-01-15,-0.00650239434760339
2026-01-16,-0.008859250559450962
2026-01-20,-0.004012847956459865
2026-01-21,0.0016724052213443474
2026-01-22,-0.006821371647896457
2026-01-23,-0.008660392173640383
2026-01-26,-4.568392784183757e-05
2026-01-27,-0.0009067589899288378
2026-01-28,-0.00017359037698035703
2026-01-29,-0.00574715419983302
2026-01-30,-0.02919948501127094
2026-02-02,0.0020386339555262525
2026-02-03,0.0009918350021625938
2026-02-04,-0.025947762723045203
2026-02-05,-0.021061051981991305
2026-02-06,0.01385198651939702
2026-02-09,0.007621528767698539
2026-02-10,-0.011044163957472708
2026-02-11,-0.022959050837339453
2026-02-12,-0.02033559230874746
2026-02-13,0.006753414292599143
2026-02-17,-0.008304773257766953
2026-02-18,0.007102438869753239
2026-02-19,-0.008667479082782072
2026-02-20,-0.0071810228807034585
2026-02-23,-0.0351966198637024
2026-02-24,0.00290810816544965
2026-02-25,0.016792056918937183
2026-02-26,0.005039761213289647
2026-02-27,-0.005820234971345692
2026-03-02,0.0032354870336795344
2026-03-03,-0.009971170648474243
2026-03-04,0.010641123754698525
2026-03-05,0.018523047271885633
2026-03-06,-0.012492088702677215
2026-03-09,0.007282109790634353
2026-03-10,0.001440105848978395
2026-03-11,0.0036593786349233427
2026-03-12,-0.008244203326757866
2026-03-13,-0.001876643526789081
2026-03-16,0.006437966694016889
2026-03-17,0.0009755434263678635
2026-03-18,-0.0007825802485059005
2026-03-19,0.0019314245691124552
2026-03-20,-0.019295188224767522
2026-03-23,-0.001115540023173526
2026-03-24,-0.00021701260894643314
2026-03-25,-0.0100536218106039
2026-03-26,-0.01535785770833318
2026-03-27,-0.007411535688150717
2026-03-30,-0.011220180281332238
2026-03-31,0.021133826478115125
2026-04-01,0.009968838047557414
2026-04-02,-0.0039092407889385564
2026-04-06,-0.0020523529556367524
2026-04-07,-0.002222945463569113
2026-04-08,0.002893109499284675
2026-04-09,-0.016004818604150598
2026-04-10,-0.005968829058418232
2026-04-13,0.022683435894556184
2026-04-14,0.003354431863674869
2026-04-15,0.011508492574685053
2026-04-16,-0.0017387644707123782
2026-04-17,-0.002573901673439972
2026-04-20,-0.0040795156424402535
2026-04-21,-0.005777696450484954
2026-04-22,0.004418538601711172
2026-04-23,-0.013034615920232081
2026-04-24,0.012929083274463203
2026-04-27,-0.00975550295864893
2026-04-28,-0.016235233496351264
2026-04-29,0.014971521366773387
2026-04-30,0.00023557125901699574
2026-05-01,-0.005910737252646771
2026-05-04,3.284769589404456e-05
2026-05-05,0.01572225340760186
2026-05-06,0.012865368330645534
2026-05-07,-0.0026415349456492643
2026-05-08,0.010403838787213477
2026-05-11,-0.0029277616412340998
2026-05-12,-0.017365242950903848
2026-05-13,0.0009722894601632663
2026-05-14,-0.004481583201916291
2026-05-15,-0.006881476812169048
2026-05-18,-0.01035501270192295
2026-05-19,-0.004649278852978575
2026-05-20,0.0053538204812443825
2026-05-21,-0.010041590576035264
2026-05-22,0.007642429130548342
2026-05-26,0.01561953820101231
2026-05-27,-0.0002661020397842738
2026-05-28,0.0028579235880207294
2026-05-29,0.03819606299104416
2026-06-01,0.019102698767651836
2026-06-02,-0.013911906597457361
2026-06-03,-0.018098121219284224
2026-06-04,-0.017879425317121105
2026-06-05,-0.033611660139827415
2026-06-08,0.018374276393014366
2026-06-09,-0.021923799707395067
2026-06-10,-0.03308902380098839
2026-06-11,0.036844362708739996
2026-06-12,-0.0017121052869399516
2026-06-15,0.026689682759937938
2026-06-16,-0.01487614412205964
2026-06-17,0.003000078693180113
2026-06-18,0.0109899610701764
2026-06-22,-0.0024678601927627204
2026-06-23,-0.019449226063653124
2026-06-24,-0.010342056033301454
2026-06-25,0.004133160915881626
2026-06-26,-0.02750096310944529
2026-06-29,0.012552343644642543
2026-06-30,0.015172822895416136
2026-07-01,-0.028363218093671292
2026-07-02,-0.030538365706478783
2026-07-06,0.009959919277112796
2026-07-07,-0.01981759533759994
2026-07-08,0.005496919640138797
2026-07-09,0.009206342522656822
2026-07-10,-0.007885123729254784
2026-07-13,-0.020052003594577712
2026-07-14,0.007869182833749835
2026-07-15,-0.020934260789278854
2026-07-16,-0.040397989456911386
2026-07-17,-0.0045672783113435
2026-07-20,-0.004235032573429786
2026-07-21,0.004165763114934561
2026-07-22,-0.0015839447961778388
2026-07-23,-0.010654683758564
2026-07-24,-0.007774321964053055
2026-07-27,-0.00201196646473552
2026-07-28,-0.032902978900068894
2026-07-29,-0.010987938900077838
2026-07-30,0.03326673378148107
2026-07-31,-0.004211608424719231
2026-08-03,0.004854851653472286
2026-08-04,0.019351227472502546
2026-08-05,-0.016499018114059655
2026-08-06,-0.015910982845574108
2026-08-07,0.002982241876349743
2026-08-10,-0.00013513809464791703
2026-08-11,-0.002125386477467538
2026-08-12,0.007040847464545795
2026-08-13,0.005027203946363999
