,0
2006-01-03,0.018399009705196107
2006-01-04,0.0033521450987238606
2006-01-05,-0.009020036890076107
2006-01-06,0.012446564225177214
2006-01-09,0.0037545996264039304
2006-01-10,0.009756071614022407
2006-01-11,0.003936231133702093
2006-01-12,-0.004182808168924786
2006-01-13,0.009235843473128244
2006-01-17,0.011396035965374727
2006-01-18,-0.0018456822586652
2006-01-19,0.010069203078214635
2006-01-20,0.006109850139703977
2006-01-23,0.0021055782121851777
2006-01-24,0.004446931563189431
2006-01-25,-0.011050343418472417
2006-01-26,-0.001462980238268001
2006-01-27,0.01104409918707492
2006-01-30,0.010592660105950662
2006-01-31,0.002963665921383513
2006-02-01,-0.011418572970018023
2006-02-02,-0.007687292203859464
2006-02-03,0.001995055323702786
2006-02-06,0.00986328000024969
2006-02-07,-0.022055271044586544
2006-02-08,-0.0065231297828501015
2006-02-09,-0.016849989823043223
2006-02-10,-0.004742325889043297
2006-02-13,-0.004545357830049327
2006-02-14,-0.0037057569304953346
2006-02-15,-0.005173971608885919
2006-02-16,0.016140872614567304
2006-02-17,-0.0048858693960922035
2006-02-21,0.006695172615692707
2006-02-22,-0.003126993758517625
2006-02-23,-0.0040100607134160434
2006-02-24,0.0036950221157632263
2006-02-27,-0.010286226497470689
2006-02-28,-0.002667859457876376
2006-03-01,0.015977251667217154
2006-03-02,0.013509901846395287
2006-03-03,-0.0033742127701745462
2006-03-06,-0.016229826755375727
2006-03-07,-0.012781067459971743
2006-03-08,-0.0022853845374758743
2006-03-09,-0.004668913816884315
2006-03-10,-0.0013335631583860888
2006-03-13,0.008357064110702606
2006-03-14,0.011730362597091091
2006-03-15,0.004675967799241769
2006-03-16,-0.00024128490169759254
2006-03-17,-0.002931707685518551
2006-03-20,-0.012307323934448245
2006-03-21,-0.004151982062559073
2006-03-22,-0.007559152476795964
2006-03-23,0.010783112159417239
2006-03-24,0.006495505055761329
2006-03-27,0.0043771892836915295
2006-03-28,0.006351264621476555
2006-03-29,0.01356827042836717
2006-03-30,0.0010899431609221872
2006-03-31,-0.004617600520661745
2006-04-03,0.00895843237587832
2006-04-04,0.0035647251742396244
2006-04-05,0.015052165928995345
2006-04-06,0.0029727660759979895
2006-04-07,-0.006853649076090108
2006-04-10,0.0026719366844879227
2006-04-11,-0.0036854713360412166
2006-04-12,0.002731097280406431
2006-04-13,0.0003427707383901982
2006-04-17,0.006287907161002295
2006-04-18,0.007403072906800239
2006-04-19,0.011583051134851547
2006-04-20,-0.005292624067890712
2006-04-21,0.0025496185794539367
2006-04-24,-0.00614104914345988
2006-04-25,-0.006651538252282721
2006-04-26,-0.016834382229902002
2006-04-27,-0.015963081060053414
2006-04-28,0.0002558889716333958
2006-05-01,0.01094562135338114
2006-05-02,0.007917333593739192
2006-05-03,-0.004363914223149551
2006-05-04,-0.0016448147695905697
2006-05-05,0.0006946993669508126
2006-05-08,-0.006764173036620575
2006-05-09,0.0009127322665674598
2006-05-10,0.0011872670336502045
2006-05-11,-0.014039986937788625
2006-05-12,-0.016396537004453586
2006-05-15,-0.01760200808437037
2006-05-16,-0.0020854080987768656
2006-05-17,-0.005184118226629683
2006-05-18,-0.011001033223048459
2006-05-19,0.007561311948745905
2006-05-22,-0.014033474529437784
2006-05-23,-0.0003692240903676751
2006-05-24,-0.0078122152992776625
2006-05-25,0.014826012607497772
2006-05-26,0.0049889710755766665
2006-05-30,-0.009855736297056439
2006-05-31,0.011190242577656951
2006-06-01,0.00392777193976745
2006-06-02,0.001547234489302772
2006-06-05,-0.01757218876605303
2006-06-06,-0.0032780771105658433
2006-06-07,-0.02642553109047187
2006-06-08,-0.0016839219753900525
2006-06-09,-0.002132167109739131
2006-06-12,-0.0203048861803996
2006-06-13,-0.010858710591003217
2006-06-14,0.01769537807571244
2006-06-15,0.028538852601670682
2006-06-16,-0.004039081973383865
2006-06-19,-0.018085905292774884
2006-06-20,-0.0026050644279009376
2006-06-21,0.017332112083797573
2006-06-22,0.0023877587555340882
2006-06-23,0.00882270388505607
2006-06-26,0.008644708991342747
2006-06-27,-0.0015983777086411117
2006-06-28,0.006921435637879186
2006-06-29,0.01940510618553167
2006-06-30,0.003317039545298327
2006-07-03,0.006890977273563331
2006-07-05,-0.005769490462257359
2006-07-06,-0.0029107573206739817
2006-07-07,-0.013271226351344229
2006-07-10,-0.010460283211514803
2006-07-11,0.012482630540650443
2006-07-12,-0.004445563660231165
2006-07-13,-0.009674602367946858
2006-07-14,0.007084947737991126
2006-07-17,-0.01976540505660064
2006-07-18,0.0014759907219335088
2006-07-19,0.006862310958053094
2006-07-20,-0.013699507318773441
2006-07-21,-0.030568164388791067
2006-07-24,0.013624349890248782
2006-07-25,0.008336273835463296
2006-07-26,0.0003525323629044124
2006-07-27,-0.006428548620927149
2006-07-28,0.0031077777299432403
2006-07-31,0.012882745512726255
2006-08-01,-0.005280718843380803
2006-08-02,0.005133885483361492
2006-08-03,0.005916114219088671
2006-08-04,-0.008893633747773707
2006-08-07,0.006812712688972558
2006-08-08,-0.004977332726654408
2006-08-09,0.0064651331266384095
2006-08-10,-0.004278360535874047
2006-08-11,-0.008042520773792089
2006-08-14,-0.0070113067033273375
2006-08-15,0.012375109107003119
2006-08-16,0.010935229058575843
2006-08-17,-0.01113238221620513
2006-08-18,0.004886207551243236
2006-08-21,0.0029637007160859224
2006-08-22,0.004211824037945616
2006-08-23,-0.007322097434222805
2006-08-24,-0.0007585590022974586
2006-08-25,0.003003687679770942
2006-08-28,-0.012237432143300588
2006-08-29,-0.003946706039179624
2006-08-30,-0.004136563548665502
2006-08-31,-0.0012442242092588303
2006-09-01,0.0018108026739066788
2006-09-05,0.01643638973392182
2006-09-06,-0.017304034302652548
2006-09-07,-0.0011280864211024083
2006-09-08,-0.009274471960887239
2006-09-11,-0.02044096527611339
2006-09-12,-0.004061179956403749
2006-09-13,0.008331694083468701
2006-09-14,-0.011338741725203686
2006-09-15,0.0016249098174819932
2006-09-18,0.019718436570091986
2006-09-19,-0.008289460830180808
2006-09-20,-0.005049095050020812
2006-09-21,0.000858707534636907
2006-09-22,-0.007186338047471965
2006-09-25,0.0009936405000137444
2006-09-26,0.002314018050795548
2006-09-27,0.00706462337042977
2006-09-28,-0.003163257527314871
2006-09-29,0.0012985212989747056
2006-10-02,-0.0032628454658076454
2006-10-03,-0.022916357048731684
2006-10-04,0.003684899355854883
2006-10-05,0.010509157351314004
2006-10-06,-0.005052733628965981
2006-10-09,0.0019282736854121575
2006-10-10,0.004945657379816696
2006-10-11,-0.00214205889806988
2006-10-12,0.009782083766697825
2006-10-13,0.016105688409562398
2006-10-16,0.009914664227872657
2006-10-17,-0.009460819969333819
2006-10-18,-0.00927884435736056
2006-10-19,0.0063738483359820205
2006-10-20,-0.013148225114395017
2006-10-23,-0.0013083142737499377
2006-10-24,0.012293571186195196
2006-10-25,-0.003695923899607564
2006-10-26,-0.0038537959492332976
2006-10-27,-0.00697786952094316
2006-10-30,-0.0002019197834399023
2006-10-31,0.00447103741979772
2006-11-01,-0.00839683755828937
2006-11-02,4.3883803789857684e-05
2006-11-03,0.007417916597301448
2006-11-06,0.00615340870908131
2006-11-07,-0.003340481018158553
2006-11-08,0.003409732042688488
2006-11-09,0.009518298546937164
2006-11-10,-0.007325698531339937
2006-11-13,0.004073280866708832
2006-11-14,-0.0020868199087926195
2006-11-15,6.325107050502804e-05
2006-11-16,-0.00936372645853657
2006-11-17,0.0037751399801789266
2006-11-20,0.0012972815521629258
2006-11-21,0.007621350635143936
2006-11-22,-0.00018420237471029427
2006-11-24,0.002153170175783973
2006-11-27,-0.0047118291161283255
2006-11-28,0.004906222528870258
2006-11-29,0.010252377134315054
2006-11-30,-0.0040155143482057485
2006-12-01,-0.004153001134482758
2006-12-04,0.004983497801350605
2006-12-05,-0.0026135853199991755
2006-12-06,-0.00316970909263239
2006-12-07,-0.002956574261937929
2006-12-08,0.0012088721125800951
2006-12-11,-0.0035141558521396697
2006-12-12,-0.010937638455094935
2006-12-13,0.0013988435365474001
2006-12-14,0.003220009284306072
2006-12-15,-2.3711979712439963e-05
2006-12-18,-0.01053899137288653
2006-12-19,0.0031423292807685596
2006-12-20,-0.0070365470125825225
2006-12-21,-0.005891651406194145
2006-12-22,-0.002540057929888252
2006-12-26,-0.0018463025365804662
2006-12-27,0.005674396161992427
2006-12-28,-0.0011987495960835495
2006-12-29,-0.001739306089574548
2007-01-03,0.00040308168036929276
2007-01-04,-0.015296398589423266
2007-01-05,-0.002960707231409059
2007-01-08,0.0021072363274486803
2007-01-09,-0.0008202560504033463
2007-01-10,0.00043164904550185927
2007-01-11,0.00018717621775448946
2007-01-12,0.003713676823181091
2007-01-16,0.005095437487445829
2007-01-17,0.00034935679368848033
2007-01-18,0.005954149456626031
2007-01-19,-0.0011231903151476934
2007-01-22,0.0004653933128644234
2007-01-23,0.008833288342778498
2007-01-24,-0.0007631846244396987
2007-01-25,-0.0046871685680432845
2007-01-26,0.0009396737837059214
2007-01-29,-0.005013526557176869
2007-01-30,-0.0019035578734870897
2007-01-31,0.003020521645171031
2007-02-01,0.0037694673336733744
2007-02-02,-0.002778404171535241
2007-02-05,0.0021381399376517144
2007-02-06,0.0023326801168742843
2007-02-07,-0.0018908419020536736
2007-02-08,-0.003056959659437783
2007-02-09,-0.0008440156859547431
2007-02-12,0.0032865137060142384
2007-02-13,0.0015832572702286643
2007-02-14,-0.0019628791335738584
2007-02-15,-0.0012422699617701345
2007-02-16,-5.8517780695254966e-05
2007-02-20,0.0013733508308035733
2007-02-21,0.004321872491017529
2007-02-22,-0.013846648785902686
2007-02-23,-0.0005047685595670557
2007-02-26,-0.0019780429074713487
2007-02-27,-0.004540792711098996
2007-02-28,0.005499528303711081
2007-03-01,-0.0006587877058970303
2007-03-02,0.0004008167485126987
2007-03-05,0.004014503376979931
2007-03-06,0.0020192299749953006
2007-03-07,-0.0007572578355488259
2007-03-08,0.00757699568845512
2007-03-09,0.0016339847953263068
2007-03-12,0.007119396763110835
2007-03-13,-0.004843477309364667
2007-03-14,-0.00255087603923025
2007-03-15,0.00039618716800212403
2007-03-16,0.0005844464976449681
2007-03-19,0.006959810821381509
2007-03-20,0.0022729875925119533
2007-03-21,0.00038665811075625666
2007-03-22,0.001734663153249797
2007-03-23,0.001217353079707509
2007-03-26,0.0038304688470998565
2007-03-27,-0.0018414102288482018
2007-03-28,-0.0006610502959722594
2007-03-29,0.007494758297241704
2007-03-30,-0.0009077911347097061
2007-04-02,-0.002026512786216933
2007-04-03,0.0002348432077464993
2007-04-04,-0.0011954757359951048
2007-04-05,0.0010937230901909266
2007-04-09,0.0035110198787622724
2007-04-10,-0.004103954240060581
2007-04-11,0.0036721392947289943
2007-04-12,-0.0037370729526922148
2007-04-13,0.0003909744332977068
2007-04-16,-0.0065972760274910945
2007-04-17,-0.003704896938943106
2007-04-18,-0.0022644335418574727
2007-04-19,0.003032270624679967
2007-04-20,0.004364638052057281
2007-04-23,0.0007981883825766599
2007-04-24,-0.01143097115717375
2007-04-25,-0.0034663578473584917
2007-04-26,-0.00854122527166058
2007-04-27,0.005942293352352572
2007-04-30,0.004141898455324546
2007-05-01,-0.0017441077879364146
2007-05-02,-0.004694689045420185
2007-05-03,0.0002476026323901843
2007-05-04,0.0009707257244806439
2007-05-07,0.0024801015598405374
2007-05-08,-0.0009601990940201456
2007-05-09,-0.0027185463451974506
2007-05-10,0.006541771240026488
2007-05-11,-0.002102320267335708
2007-05-14,0.0012941211948241556
2007-05-15,0.006857396511460569
2007-05-16,-0.0012831961876010088
2007-05-17,0.0004558081521062844
2007-05-18,-0.0005557431005549797
2007-05-21,-0.005388392466759818
2007-05-22,-0.006128855194021285
2007-05-23,-0.001226833988624992
2007-05-24,-0.0007115301875090268
2007-05-25,0.0015355610603992082
2007-05-29,0.0007318945090777304
2007-05-30,0.002921971693162709
2007-05-31,-0.0018935637672378987
2007-06-01,-0.0007936069674436465
2007-06-04,-0.007768328917632061
2007-06-05,0.0035567565575825625
2007-06-06,-0.0001071408153712117
2007-06-07,0.0009593548965087335
2007-06-08,-0.002559528635587088
2007-06-11,0.0010307257989055404
2007-06-12,-0.0018245794972807938
2007-06-13,-0.0002599146253194455
2007-06-14,-0.00047238518187061066
2007-06-15,-0.002551718199615644
2007-06-18,-0.0010877551765292096
2007-06-19,0.005045037822776529
2007-06-20,-0.004880938548604524
2007-06-21,-0.00411660163347081
2007-06-22,-0.003461148083836525
2007-06-25,0.006850081054164491
2007-06-26,0.0014564482852160298
2007-06-27,-0.0005760003046616017
2007-06-28,0.005115949473367247
2007-06-29,0.002464851054777817
2007-07-02,0.0034726438637674483
2007-07-03,0.00540670713785752
2007-07-05,-0.0006239061221108551
2007-07-06,-0.00652037397870909
2007-07-09,-0.001963600596348294
2007-07-10,-0.0034922735152057094
2007-07-11,0.003403690964440957
2007-07-12,0.005645617516363926
2007-07-13,-0.0022975519882856565
2007-07-16,0.0022316036813525694
2007-07-17,0.0006542433399757359
2007-07-18,-2.0136434972735204e-05
2007-07-19,-0.0008422803140584738
2007-07-20,-0.0038801069928712456
2007-07-23,0.011930370514828696
2007-07-24,-0.001862930032351291
2007-07-25,0.00470634416347479
2007-07-26,0.0010969589298322683
2007-07-27,0.0005311359246530113
2007-07-30,0.0003122096127292121
2007-07-31,-0.0025304613597017735
2007-08-01,0.004828628986941282
2007-08-02,-0.0012294092159725735
2007-08-03,0.0016101777438207118
2007-08-06,0.004531271997348449
2007-08-07,-0.0037728741370025554
2007-08-08,-0.012454846613180184
2007-08-09,-0.016532256612298218
2007-08-10,0.006359547999598581
2007-08-13,0.008896430112680235
2007-08-14,0.004126135356886432
2007-08-15,0.005314803307971408
2007-08-16,0.0034036498865674483
2007-08-17,0.004205620594914389
2007-08-20,0.0016470428130205478
2007-08-21,0.0012701532115961954
2007-08-22,0.008243703043402073
2007-08-23,-0.003995028436396338
2007-08-24,0.0040572836201869305
2007-08-27,0.005466938395230018
2007-08-28,-0.004571393115398359
2007-08-29,0.0025765724911140293
2007-08-30,-0.00038155725443442446
2007-08-31,-0.000372479283328301
2007-09-04,-0.0015329954593324131
2007-09-05,0.0014180628652127123
2007-09-06,0.0034419715065278932
2007-09-07,0.0022719528088826386
2007-09-10,0.006395632126294075
2007-09-11,0.0005208278177807132
2007-09-12,0.0045966381517062
2007-09-13,0.004164023416969622
2007-09-14,-0.001709754196690954
2007-09-17,-0.0017453078105817907
2007-09-18,0.003247523552412887
2007-09-19,4.493410759481319e-06
2007-09-20,0.006688773336411566
2007-09-21,0.006330878981876125
2007-09-24,0.006685930617036016
2007-09-25,0.009989957140559405
2007-09-26,0.005134401609689015
2007-09-27,-0.0025759133623050367
2007-09-28,-0.0010817240053147311
2007-10-01,0.0023353456333244423
2007-10-02,-0.010490898278873752
2007-10-03,-0.00719682530479198
2007-10-04,0.003704136743736247
2007-10-05,-0.001921453563889015
2007-10-08,0.005454896102260867
2007-10-09,0.0030469803212606096
2007-10-10,-0.0010691016069028763
2007-10-11,-0.007754838047280528
2007-10-12,0.006384644168983922
2007-10-15,0.0064137316503106905
2007-10-16,0.01080437979550512
2007-10-17,0.0040681988649583336
2007-10-18,0.006000796212389451
2007-10-19,-0.0005745908995434606
2007-10-22,-0.008887805772323011
2007-10-23,0.01096888868483774
2007-10-24,0.0035714729571307826
2007-10-25,0.009023234506830055
2007-10-26,-0.004626898148005172
2007-10-29,0.004044784179703081
2007-10-30,-0.0085657862694445
2007-10-31,0.008275066516473344
2007-11-01,0.007342430028579306
2007-11-02,0.005662085811434727
2007-11-05,0.005055945369651895
2007-11-06,0.010576815886612403
2007-11-07,0.005645925336202027
2007-11-08,0.0038101030966154253
2007-11-09,-0.007101022571517155
2007-11-12,-0.0027980500554323725
2007-11-13,-0.016181684758141558
2007-11-14,0.004879214257090997
2007-11-15,-0.0003857763362525068
2007-11-16,0.01429062308668652
2007-11-19,0.01822505989192434
2007-11-20,0.028020797905020323
2007-11-21,0.004708037385658141
2007-11-23,-0.009335578137592289
2007-11-26,0.012650772158489823
2007-11-27,0.003341224980609469
2007-11-28,-0.006770073135405743
2007-11-29,0.012217192817594053
2007-11-30,-0.011459590485855316
2007-12-03,0.01002601730810917
2007-12-04,0.004263582892712174
2007-12-05,0.004930119040897
2007-12-06,-0.015090090723406427
2007-12-07,0.00441198598228906
2007-12-10,-0.007826740991036054
2007-12-11,0.021534448303770718
2007-12-12,0.015139772905542118
2007-12-13,0.006046832200237571
2007-12-14,0.009629592178096284
2007-12-17,-0.007611532715053476
2007-12-18,-0.00013036464484740925
2007-12-19,0.010784426758224388
2007-12-20,0.00820100344760081
2007-12-21,0.007758121139822848
2007-12-24,-0.002851406516909277
2007-12-26,0.006368095345730216
2007-12-27,0.003664431297811484
2007-12-28,0.010117801107758222
2007-12-31,-0.012002588432252397
2008-01-02,0.015556546625820513
2008-01-03,0.01540200472358855
2008-01-04,0.0048088226861669
2008-01-07,-0.0022238808039702516
2008-01-08,0.017704015451757288
2008-01-09,0.002929306212244609
2008-01-10,-0.0256530237968507
2008-01-11,-0.018738623332438097
2008-01-14,0.006115872775529329
2008-01-15,-0.00017621309476887763
2008-01-16,-0.03593467042912521
2008-01-17,-0.005561026063191065
2008-01-18,0.00496176857780885
2008-01-22,-0.04352822898739992
2008-01-23,-0.04355046562734132
2008-01-24,0.00701576259122263
2008-01-25,0.003565411796768829
2008-01-28,-0.013446817720316034
2008-01-29,-0.016743975526862166
2008-01-30,0.006731053324121776
2008-01-31,-0.01575919123101768
2008-02-01,-0.02155764474143217
2008-02-04,0.01441744499605954
2008-02-05,0.002780907373208469
2008-02-06,0.0016211528998997327
2008-02-07,-0.012224900805372087
2008-02-08,0.01801346509147417
2008-02-11,0.012268065081013354
2008-02-12,0.002796811710835358
2008-02-13,0.0012927356407978845
2008-02-14,0.005264336152556452
2008-02-15,-0.00627994828075554
2008-02-19,0.009684114093592405
2008-02-20,-0.0005123239731832116
2008-02-21,-0.0005610604447799716
2008-02-22,0.0007665580594549183
2008-02-25,-0.0026219496635908482
2008-02-26,-0.008142744742707245
2008-02-27,-0.00553556773408119
2008-02-28,0.03282461679708493
2008-02-29,0.005479151377204401
2008-03-03,0.01108554759237307
2008-03-04,0.0008037287781336061
2008-03-05,0.015004585349779623
2008-03-06,0.016558303198101986
2008-03-07,-0.011621738427811446
2008-03-10,0.01711968972044898
2008-03-11,-0.008567390740675342
2008-03-12,0.008748868675176446
2008-03-13,0.006825634140215155
2008-03-14,0.012275337497891862
2008-03-17,0.0003553921239256183
2008-03-18,-0.02554809259759143
2008-03-19,-0.02200542779757847
2008-03-20,-0.031227445903953252
2008-03-24,-0.01176700207860239
2008-03-25,0.016494252559820188
2008-03-26,0.02583055374427531
2008-03-27,0.00346511882363059
2008-03-28,0.022493627084483374
2008-03-31,-0.011104170188712117
2008-04-01,-0.03508685572984608
2008-04-02,-0.00469836170107089
2008-04-03,-0.0017211515097283127
2008-04-04,0.013280543260226266
2008-04-07,0.00222972975418305
2008-04-08,0.014871216053983748
2008-04-09,0.014331452602059426
2008-04-10,0.002397007460730591
2008-04-11,0.0032079201728589047
2008-04-14,0.020992950427532443
2008-04-15,0.0013803779097481363
2008-04-16,0.005776348897440482
2008-04-17,-0.015406070782308882
2008-04-18,-0.002365106787155688
2008-04-21,0.007342166421554853
2008-04-22,0.011038421856416734
2008-04-23,8.178485888800076e-06
2008-04-24,-0.028309057477906095
2008-04-25,-0.0023143372536918454
2008-04-28,-0.0049781657481724065
2008-04-29,-0.021510896720512766
2008-04-30,0.013139750108697444
2008-05-01,-0.03759279441632653
2008-05-02,0.004123374023131237
2008-05-05,0.014974683654337176
2008-05-06,0.002354791668122719
2008-05-07,0.009166617472868099
2008-05-08,0.018518422885184654
2008-05-09,0.00309170465969776
2008-05-12,-0.008722849380803947
2008-05-13,0.011671483144090845
2008-05-14,-0.019146093333221644
2008-05-15,-0.003313491126124215
2008-05-16,0.017188719101721487
2008-05-19,0.008135394584467687
2008-05-20,0.020190353493154834
2008-05-21,0.00747715165238442
2008-05-22,-0.004186163022156191
2008-05-23,0.006763883359789651
2008-05-27,-0.002898289871254217
2008-05-28,0.003679378493991133
2008-05-29,-0.018878024865092595
2008-05-30,0.004342735723631361
2008-06-02,0.006443476058268568
2008-06-03,-0.006935358393246482
2008-06-04,-0.001169844585782694
2008-06-05,0.008296887815884259
2008-06-06,0.020376552248525918
2008-06-09,0.029733047547380296
2008-06-10,-0.006471800559899228
2008-06-11,0.01913835002496967
2008-06-12,-0.019127082023775995
2008-06-13,-0.01381146855003924
2008-06-16,-0.0025222761609544225
2008-06-17,0.014625410568397957
2008-06-18,0.015298978056803378
2008-06-19,-0.008701232147309784
2008-06-20,0.023186943082106847
2008-06-23,0.04158287401165242
2008-06-24,-0.017931487436210387
2008-06-25,-0.009363840646971695
2008-06-26,0.019915966626156367
2008-06-27,0.01564367477710184
2008-06-30,0.01212823760393814
2008-07-01,0.005469855599746986
2008-07-02,-0.017167504163519823
2008-07-03,0.006504427963452298
2008-07-07,0.007351907313153212
2008-07-08,-0.03415562606707168
2008-07-09,0.03148461893228797
2008-07-10,0.039852054987037214
2008-07-11,0.019502373800233445
2008-07-14,0.016844237620766127
2008-07-15,-0.00708535006747974
2008-07-16,-0.06759377453551785
2008-07-17,-0.05695575560608397
2008-07-18,-0.0035304609704692232
2008-07-21,0.020146102152607297
2008-07-22,-0.019495261536588017
2008-07-23,-0.0494198547266426
2008-07-24,0.04976035660623356
2008-07-25,0.012489268063498324
2008-07-28,0.025116108458750112
2008-07-29,-0.03319699726977995
2008-07-30,0.019183077078873425
2008-07-31,-0.01840711312392821
2008-08-01,-0.014091381189004475
2008-08-04,-0.034719722720616526
2008-08-05,-0.031762303415973095
2008-08-06,0.02155456793234165
2008-08-07,0.01017792076501643
2008-08-08,-0.03279287206249318
2008-08-11,-0.01705780200207276
2008-08-12,0.01644652412893666
2008-08-13,0.028269943466050943
2008-08-14,-0.029845152371619665
2008-08-15,-0.025558035707736525
2008-08-18,0.02411035503139835
2008-08-19,0.03554733305498486
2008-08-20,0.0278404101349986
2008-08-21,0.015608794554416059
2008-08-22,-0.020118043465061002
2008-08-25,0.0010149522252018651
2008-08-26,-0.0003681542494560592
2008-08-27,-0.016250739267892823
2008-08-28,-0.040245340064643385
2008-08-29,0.0019471065058551632
2008-09-02,-0.037496222260667345
2008-09-03,-0.021707478059259547
2008-09-04,0.017766645793930592
2008-09-05,-0.023915510800264304
2008-09-08,0.019480204195089636
2008-09-09,-0.009376543249067202
2008-09-10,0.03761466968373348
2008-09-11,0.017602436174890636
2008-09-12,0.026163271200799632
2008-09-15,0.033063607043572724
2008-09-16,0.012688568892132842
2008-09-17,0.016627391311942807
2008-09-18,-0.044725269956507475
2008-09-19,-0.03663734750092521
2008-09-22,0.01587737694330637
2008-09-23,-0.010586200801495665
2008-09-24,0.011662364646529996
2008-09-25,-0.008065101210682095
2008-09-26,-0.011403136142147897
2008-09-29,0.024227615921882606
2008-09-30,-0.02786627843614889
2008-10-01,-0.024670342526187394
2008-10-02,-0.01905950962000095
2008-10-03,0.013625899832724504
2008-10-06,0.0021128294993347173
2008-10-07,0.010838104729319205
2008-10-08,0.029829987584707063
2008-10-09,0.028299475649046422
2008-10-10,-0.02260912804240899
2008-10-13,-0.00963926637781455
2008-10-14,-0.033453474097046534
2008-10-15,-0.00047481748039153346
2008-10-16,0.009637031338352376
2008-10-17,0.00613353336154171
2008-10-20,0.018981837905759386
2008-10-21,-0.007866609007105204
2008-10-22,0.00988535945467366
2008-10-23,0.020910121641013458
2008-10-24,0.018000836080646385
2008-10-27,0.0022711755464634715
2008-10-28,-0.01718146220166437
2008-10-29,0.013199795574371339
2008-10-30,0.000726610019542697
2008-10-31,-0.019383296652788276
2008-11-03,-0.017607435424789212
2008-11-04,-0.01020974323783532
2008-11-05,0.020367357545907724
2008-11-06,0.006896233152938544
2008-11-07,-0.003536052605276548
2008-11-10,0.024637499776817357
2008-11-11,0.010282626263320797
2008-11-12,0.02159593530984838
2008-11-13,0.01647728199456456
2008-11-14,-0.002411349219457186
2008-11-17,0.017162876323408793
2008-11-18,0.01605695990137412
2008-11-19,0.0387557713682042
2008-11-20,0.009235039747619035
2008-11-21,0.0005144162226252397
2008-11-24,-0.058213823660013125
2008-11-25,-0.014091576145312902
2008-11-26,-0.0295685879429426
2008-11-28,-0.023398287886662754
2008-12-01,0.022531580206700524
2008-12-02,-0.02220306553934316
2008-12-03,-0.007156872473200375
2008-12-04,0.003387357999150956
2008-12-05,-0.020025785010200664
2008-12-08,-0.01860090591640276
2008-12-09,-0.011690963310472499
2008-12-10,0.004657456232313572
2008-12-11,0.0032904503902785845
2008-12-12,-0.01932564183712467
2008-12-15,0.011362397175267736
2008-12-16,-0.013964525435743325
2008-12-17,-0.017555214701888405
2008-12-18,0.004737930039719823
2008-12-19,-0.0097560155898827
2008-12-22,0.03126163720144192
2008-12-23,0.006610082888382647
2008-12-24,-0.0033332981569418525
2008-12-26,-0.0017863134525207469
2008-12-29,0.0016892851291647314
2008-12-30,-0.014054102101787983
2008-12-31,-0.007903910978850374
2009-01-02,-0.01735999847231104
2009-01-05,-0.0183039341605693
2009-01-06,-0.030698585408451076
2009-01-07,0.007022253176018193
2009-01-08,-0.020577150952659395
2009-01-09,0.003154541948797835
2009-01-12,0.0058245741318435455
2009-01-13,0.01351935069110476
2009-01-14,0.01454858429457865
2009-01-15,0.0007389797221651671
2009-01-16,-0.007476347367907811
2009-01-20,0.029543365540516706
2009-01-21,-0.011302256376347077
2009-01-22,0.02234864633601457
2009-01-23,-0.018334188884824364
2009-01-26,0.01371012013566408
2009-01-27,-0.011803739194701611
2009-01-28,-0.035368749213262524
2009-01-29,0.023148634721686264
2009-01-30,0.018828607838027825
2009-02-02,-0.005744370806257066
2009-02-03,0.020169963516367368
2009-02-04,0.010410210673347959
2009-02-05,-0.0003373504953321856
2009-02-06,-0.015001456718946541
2009-02-09,-0.012625477082666496
2009-02-10,0.029876881453438465
2009-02-11,-0.01688656654262188
2009-02-12,-0.0014959620566935353
2009-02-13,0.000938216605614936
2009-02-17,0.016441164612386143
2009-02-18,0.002662268263793466
2009-02-19,0.029726102401723756
2009-02-20,0.016678443601238158
2009-02-23,-0.007268394253259121
2009-02-24,-0.026139017436309923
2009-02-25,-0.005413097359277012
2009-02-26,0.009937740761205053
2009-02-27,0.030041883182910796
2009-03-02,0.01906873964462709
2009-03-03,0.007908191798943486
2009-03-04,-0.009205341829866988
2009-03-05,0.028748381107804134
2009-03-06,0.007343989810917881
2009-03-09,-0.014230171647294553
2009-03-10,-0.06628822381988435
2009-03-11,-0.015344873420312159
2009-03-12,-0.021827442877183512
2009-03-13,-0.02719003639619406
2009-03-16,-0.002439699338356224
2009-03-17,-0.01953160057497281
2009-03-18,-0.05752728928605703
2009-03-19,0.023259020467490843
2009-03-20,0.022215811652678392
2009-03-23,-0.03936718688547706
2009-03-24,-0.0005114431191049688
2009-03-25,0.0037680983287941587
2009-03-26,-0.03020081719733748
2009-03-27,0.0011053266846340988
2009-03-30,0.039230847915693756
2009-03-31,-0.0186022529030053
2009-04-01,-0.015961866111786436
2009-04-02,-0.01766135675627001
2009-04-03,-0.015040061783470534
2009-04-06,-0.005760787135007081
2009-04-07,0.004104030978121657
2009-04-08,-0.009405697839557881
2009-04-09,-0.04229951317533646
2009-04-13,-0.018890550145851257
2009-04-14,0.01133126181337687
2009-04-15,-0.01044516902389103
2009-04-16,-0.017920241644870223
2009-04-17,0.004834576385491922
2009-04-20,0.03786537756273151
2009-04-21,-0.02007989186394121
2009-04-22,-0.015837770048392957
2009-04-23,-0.0006576488920618259
2009-04-24,-0.0076477416305260545
2009-04-27,0.015060590360823538
2009-04-28,0.0033176206810615755
2009-04-29,-0.01678195963289801
2009-04-30,-0.016215120953188566
2009-05-01,0.0030018955128284577
2009-05-04,-0.0238215194114311
2009-05-05,-0.02723877544110497
2009-05-06,-0.013419134724323479
2009-05-07,0.0017075976745022322
2009-05-08,-0.005500761388609638
2009-05-11,0.013237361442800405
2009-05-12,0.027846858305733732
2009-05-13,0.016367370109306
2009-05-14,-0.024915083042897315
2009-05-15,5.7774326257379314e-05
2009-05-18,-0.017405374958450542
2009-05-19,-0.004621760570194393
2009-05-20,0.005350919890540479
2009-05-21,0.003059012423540732
2009-05-22,0.009250693030515657
2009-05-26,-0.007306489860723503
2009-05-27,-0.007096771463474032
2009-05-28,0.00677901367788154
2009-05-29,0.0038639100910202355
2009-06-01,-0.015268386505410987
2009-06-02,-0.0025925932066885255
2009-06-03,0.016745780545639057
2009-06-04,-0.015979576118343386
2009-06-05,-0.0009882718178914958
2009-06-08,0.00050656182887326
2009-06-09,-0.004980475303438027
2009-06-10,0.00042525757706969884
2009-06-11,0.008966855680464167
2009-06-12,0.005013581446586377
2009-06-15,0.007337390698227438
2009-06-16,0.006216551544674259
2009-06-17,0.011304380388228633
2009-06-18,0.0017875794695567492
2009-06-19,-0.009183940133253526
2009-06-22,0.01960150244974811
2009-06-23,0.00018703787857442917
2009-06-24,0.00047903493456242737
2009-06-25,-0.006279215029000372
2009-06-26,-0.00300506859484291
2009-06-29,-0.005502553521242806
2009-06-30,0.0011948097565662632
2009-07-01,0.006190917738676327
2009-07-02,0.008611456021136932
2009-07-06,0.007644159139874495
2009-07-07,0.015402758164572193
2009-07-08,0.017061025390097788
2009-07-09,0.0031441916015875065
2009-07-10,-0.0104191876775865
2009-07-13,-0.016947452889878447
2009-07-14,-0.0016131572050764385
2009-07-15,-0.01739736410428689
2009-07-16,0.002126390324227551
2009-07-17,0.00419917294413978
2009-07-20,-0.006102018970452864
2009-07-21,0.006434986844057458
2009-07-22,-0.002046627721332343
2009-07-23,-0.0064204292709928576
2009-07-24,-0.004534503169355075
2009-07-27,-0.006963054259141285
2009-07-28,-0.0018630775061637894
2009-07-29,0.012719233053181478
2009-07-30,-0.01028863090701835
2009-07-31,-0.0006002780955855335
2009-08-03,-0.0033681684985342056
2009-08-04,-0.011986580363962353
2009-08-05,-0.027938362616312624
2009-08-06,-0.011352199854798701
2009-08-07,-0.012434301109549994
2009-08-10,-0.0011709638651989547
2009-08-11,0.018420225195233626
2009-08-12,-0.010231679849215943
2009-08-13,-0.00792423349065066
2009-08-14,0.0037180029304311212
2009-08-17,0.008844604903783334
2009-08-18,-0.007962617148166762
2009-08-19,0.005947944502519276
2009-08-20,-0.010961438426917575
2009-08-21,-0.010915517382812502
2009-08-24,-0.009409254376515196
2009-08-25,-0.004462506747143137
2009-08-26,-0.002585201663478982
2009-08-27,-0.026267674193686474
2009-08-28,-0.009980069189417965
2009-08-31,0.00965619183810595
2009-09-01,0.025928993413053675
2009-09-02,-0.002459677063562204
2009-09-03,-0.00821444328738734
2009-09-04,-0.0020850575172036596
2009-09-08,-0.0021890460693212424
2009-09-09,-0.006663848523673852
2009-09-10,-0.008514740460023491
2009-09-11,-0.005872275937510463
2009-09-14,-0.010403097043359124
2009-09-15,-0.0018246812497178817
2009-09-16,-0.0052510868704227455
2009-09-17,-0.004094762909416852
2009-09-18,-0.0033519821738447913
2009-09-21,-0.001385312333288399
2009-09-22,-0.01098415945812812
2009-09-23,0.002759869969192613
2009-09-24,0.016512870680158234
2009-09-25,0.0004475624682461368
2009-09-28,-0.011439216654874008
2009-09-29,0.004844419625547803
2009-09-30,0.0038542582604796072
2009-10-01,0.011783865414816826
2009-10-02,0.002406165661970948
2009-10-05,-0.005108577034896803
2009-10-06,-0.0016336933240596882
2009-10-07,-0.004524371047318329
2009-10-08,-0.00028912564133381575
2009-10-09,0.0060086868077032654
2009-10-12,-0.0008046194824660031
2009-10-13,0.00555354563053371
2009-10-14,-0.005307285805294414
2009-10-15,0.000777884947792723
2009-10-16,0.009842084758035309
2009-10-19,-0.002583215316685174
2009-10-20,0.00021131695091765256
2009-10-21,-0.004683876882253162
2009-10-22,-0.0047114510328994195
2009-10-23,0.01047132975616536
2009-10-26,0.011143441929607973
2009-10-27,0.00877564156895027
2009-10-28,0.011262119745536975
2009-10-29,-0.012104398131387228
2009-10-30,0.015999092769242218
2009-11-02,0.003702391362797952
2009-11-03,-0.008029815384784363
2009-11-04,0.0029754001832192675
2009-11-05,-0.0023242730183116065
2009-11-06,0.005783407331664586
2009-11-09,-0.014009764433122247
2009-11-10,0.010870574345441947
2009-11-11,-0.00524325384633154
2009-11-12,0.005295961546687054
2009-11-13,0.0024631862023813504
2009-11-16,-0.0074532165654952525
2009-11-17,-0.005883933203552243
2009-11-18,-0.006782368421819242
2009-11-19,0.009850092832473982
2009-11-20,0.005334303461761298
2009-11-23,0.00170723158826351
2009-11-24,0.0024730549795493203
2009-11-25,-0.003520847704313076
2009-11-27,0.00777147022802218
2009-11-30,0.0012604323710695801
2009-12-01,-0.003156568484954806
2009-12-02,-0.0009737435214108943
2009-12-03,0.0028035621135966576
2009-12-04,-0.001429910635638736
2009-12-07,-0.009295271452535649
2009-12-08,0.006570037338052415
2009-12-09,-0.0023236605701498375
2009-12-10,0.002921999464410474
2009-12-11,-0.005830318072632499
2009-12-14,-0.0006059593268633564
2009-12-15,0.0005441759569802039
2009-12-16,-0.0078599097403634
2009-12-17,0.0031474513872320636
2009-12-18,0.004526022923478876
2009-12-21,-0.001611871378307465
2009-12-22,-0.00229742653805141
2009-12-23,-0.0011763011957837601
2009-12-24,-0.005089971546465722
2009-12-28,0.0016544410784924354
2009-12-29,0.00042530362283979393
2009-12-30,0.0007739143790374682
2009-12-31,0.00026935886779846983
2010-01-04,-0.007207495951418435
2010-01-05,-0.007522545354087167
2010-01-06,-0.009760782489944215
2010-01-07,-0.005080057826791801
2010-01-08,-0.006499767141825538
2010-01-11,-0.005293402506982183
2010-01-12,-0.0006584649031830374
2010-01-13,0.0023915356288543585
2010-01-14,0.001124073372319548
2010-01-15,-6.920968918297591e-05
2010-01-19,-0.0008615191538253145
2010-01-20,-0.0040032610576032565
2010-01-21,0.005614394685667954
2010-01-22,-0.0024167073924097554
2010-01-25,0.001373816549263113
2010-01-26,0.006870080261778882
2010-01-27,0.0014662509635241885
2010-01-28,-0.004830587474860579
2010-01-29,-0.008235225294233423
2010-02-01,-0.00040758245637980317
2010-02-02,-0.0016930172528385149
2010-02-03,0.007562324437335192
2010-02-04,0.0022572743543114292
2010-02-05,0.00214165289556956
2010-02-08,0.007717752947682687
2010-02-09,0.0013489839421096728
2010-02-10,-0.004648731447464928
2010-02-11,0.006351809385972991
2010-02-12,0.0011458333565997278
2010-02-16,-0.00497047839026522
2010-02-17,0.00013643193329230735
2010-02-18,0.002651523233468415
2010-02-19,-0.001603543761727691
2010-02-22,-0.006485560812616986
2010-02-23,0.006081303975435581
2010-02-24,0.002018590705376221
2010-02-25,0.005060230077126548
2010-02-26,0.0034473171606803875
2010-03-01,0.008530421838930767
2010-03-02,-0.005634848255725151
2010-03-03,-0.0012919968286096918
2010-03-04,-0.0022436904997407184
2010-03-05,-0.0013645645352454816
2010-03-08,-0.003750082975824175
2010-03-09,-0.0063267586089808476
2010-03-10,-0.005146972440706578
2010-03-11,-0.0006298885761976651
2010-03-12,0.003881553677110037
2010-03-15,0.0017800555941725276
2010-03-16,-0.0008757870738178178
2010-03-17,-0.003322185739214451
2010-03-18,-0.0016912566272669098
2010-03-19,-0.0027777634786214744
2010-03-22,0.00890112268429845
2010-03-23,-0.0015614244747664593
2010-03-24,-0.0018957653710168765
2010-03-25,0.004778107666206629
2010-03-26,-0.0002695492085463246
2010-03-29,-0.0019071916496142167
2010-03-30,0.0022603930283213564
2010-03-31,-0.004995707948256198
2010-04-01,-0.0022413405434822055
2010-04-05,-0.0003595185685679254
2010-04-06,-0.002340754198797865
2010-04-07,-0.0050014419296811816
2010-04-08,-0.0008039763602832116
2010-04-09,0.0008793317522607207
2010-04-12,-0.0040204090880025245
2010-04-13,0.0028399194504771475
2010-04-14,0.0027071319198346965
2010-04-15,0.005403345659422399
2010-04-16,-0.0038493004482508127
2010-04-19,-0.00669620798221681
2010-04-20,-0.0017005915130811245
2010-04-21,0.013274385253427131
2010-04-22,0.008091703562150897
2010-04-23,-0.0019273628249096937
2010-04-26,0.009343397955725339
2010-04-27,0.00046778612336738096
2010-04-28,-0.010270608328572533
2010-04-29,-0.006673727372583326
2010-04-30,-0.0097920943131698
2010-05-03,0.004332040554882724
2010-05-04,0.0006439908985628777
2010-05-05,-0.007775570717738834
2010-05-06,0.0031111368890610583
2010-05-07,-0.00883573996834724
2010-05-10,0.010762626639081962
2010-05-11,-0.00665032969482913
2010-05-12,0.009694888840776869
2010-05-13,-0.0048981080331788026
2010-05-14,-0.001704521795390411
2010-05-17,0.001759709745492339
2010-05-18,-0.004453142937917418
2010-05-19,-0.0038051861259921645
2010-05-20,0.0059292531663809045
2010-05-21,0.003970908366590552
2010-05-24,0.006171460096390843
2010-05-25,-0.0012743756548926621
2010-05-26,0.007257007914548582
2010-05-27,0.0063780271881089135
2010-05-28,-0.0023592100329154647
2010-06-01,0.009050631593684012
2010-06-02,-0.0036013956722580425
2010-06-03,-0.0004588903815321625
2010-06-04,-0.0017110275475980719
2010-06-07,-0.0020257721657652183
2010-06-08,-0.001557704697658136
2010-06-09,0.0014330577744150542
2010-06-10,0.0007618980471314027
2010-06-11,0.0015868035365390947
2010-06-14,0.0019367761674762979
2010-06-15,-0.0010865128240680096
2010-06-16,0.004526286969758715
2010-06-17,0.00157136311683867
2010-06-18,-0.0014675189495587985
2010-06-21,0.0016168057354540779
2010-06-22,-0.0011182553268886876
2010-06-23,-0.00246438187893897
2010-06-24,0.0004864487328798829
2010-06-25,-0.0012132311644500518
2010-06-28,-0.0009363230780001298
2010-06-29,-0.0054452903001462345
2010-06-30,-0.000139491501863528
2010-07-01,0.005657692869714341
2010-07-02,-0.009086971068934564
2010-07-06,0.00015310430509236586
2010-07-07,0.0021735422257016584
2010-07-08,-0.00029023118125409404
2010-07-09,0.00037308795111786147
2010-07-12,0.0019561428085937923
2010-07-13,-0.0013046951104563062
2010-07-14,0.002819772060775247
2010-07-15,-0.0023207847882271595
2010-07-16,0.0008246770973962509
2010-07-19,-0.0034446867258447994
2010-07-20,-0.003524940605575092
2010-07-21,0.0014461680811828166
2010-07-22,0.0013579744363438442
2010-07-23,0.006852173431141181
2010-07-26,-0.0017396643399685595
2010-07-27,-0.0018310415227183099
2010-07-28,0.0010409335570403116
2010-07-29,0.0029791107601899137
2010-07-30,0.003921692255083569
2010-08-02,-0.0032150651876911083
2010-08-03,-0.0008876871665069054
2010-08-04,0.0009597712635353812
2010-08-05,-0.00028435388951825283
2010-08-06,-0.0013763178230407275
2010-08-09,0.0030406455732778586
2010-08-10,0.0017830632185693671
2010-08-11,0.002388788105036361
2010-08-12,-0.006416769218493291
2010-08-13,0.0008024526833603186
2010-08-16,0.0028470212584854075
2010-08-17,0.0002924723000278307
2010-08-18,0.001898257152462797
2010-08-19,0.0005981985006746328
2010-08-20,-0.0010584704980514923
2010-08-23,-0.0037571712310902517
2010-08-24,-0.0025339419814067415
2010-08-25,0.00023756567340279915
2010-08-26,0.001231339952941318
2010-08-27,-0.0002022158595817151
2010-08-30,0.002693575447105134
2010-08-31,0.0005183807845128294
2010-09-01,0.0014929423878173884
2010-09-02,-0.000731470491373463
2010-09-03,0.0009634542550350351
2010-09-07,0.0033115354579456983
2010-09-08,0.00016670968447980052
2010-09-09,-0.005775145037351624
2010-09-10,-0.0022703253426259967
2010-09-13,0.0011942135189016026
2010-09-14,0.0001842993992166032
2010-09-15,0.0018561343697169068
2010-09-16,0.0015009414007385177
2010-09-17,0.006576643798934347
2010-09-20,-0.00038772807778598924
2010-09-21,-0.002765833672882021
2010-09-22,0.005231553007269055
2010-09-23,-9.097047018067691e-05
2010-09-24,-0.00018010053812375756
2010-09-27,-0.0021796151630506465
2010-09-28,-0.001761103218946443
2010-09-29,8.505643006039133e-05
2010-09-30,-0.007353572149715628
2010-10-01,-0.004818071850884112
2010-10-04,0.0018463605900610035
2010-10-05,-0.0001602628997244157
2010-10-06,-0.0019243517421853825
2010-10-07,-0.002875111526823661
2010-10-08,0.0035599769500616082
2010-10-11,-0.001939284128393189
2010-10-12,-0.0013807163164436158
2010-10-13,-0.002291671225893518
2010-10-14,0.007887643576176915
2010-10-15,0.0015794679054763772
2010-10-18,-0.006518976292402891
2010-10-19,0.0029627226043063564
2010-10-20,-0.0020690627668313605
2010-10-21,0.00443145253628149
2010-10-22,0.0028702693764426535
2010-10-25,0.002824342839329427
2010-10-26,-0.0009875077816887663
2010-10-27,-0.0037831110914457265
2010-10-28,-0.0024472698729603986
2010-10-29,0.003106689306766039
2010-11-01,0.0017450072795332468
2010-11-02,0.0010743381890672055
2010-11-03,-0.0005701839537197832
2010-11-04,-0.0027740539850020576
2010-11-05,-0.009974768791797735
2010-11-08,-0.0029515294211174465
2010-11-09,-8.168931245519005e-05
2010-11-10,-0.0029223477660694336
2010-11-11,-0.003171336004130914
2010-11-12,0.0025781621893311863
2010-11-15,0.003190635305416983
2010-11-16,0.0013410645873333103
2010-11-17,-0.000797088328335146
2010-11-18,0.00238042314845752
2010-11-19,-0.0021595198100533685
2010-11-22,0.008340477739044165
2010-11-23,0.0026125405564719874
2010-11-24,0.002082651496817771
2010-11-26,0.002937243560272442
2010-11-29,-0.0036265517823394983
2010-11-30,0.001037963074645589
2010-12-01,8.179198132793023e-05
2010-12-02,-0.004177471539233808
2010-12-03,-0.000647248914510777
2010-12-06,0.0013133384618729505
2010-12-07,1.7358969959064245e-05
2010-12-08,-0.00572782822423378
2010-12-09,-0.004289661652756661
2010-12-10,-0.0024091631051559423
2010-12-13,0.0021032686630581966
2010-12-14,0.0019693119946996005
2010-12-15,0.0016296326228048075
2010-12-16,-0.003602792143122253
2010-12-17,-0.0030099037482071564
2010-12-20,0.0012368408838839078
2010-12-21,-0.001872224170092645
2010-12-22,-0.006050261432378484
2010-12-23,-0.0025711077576618313
2010-12-27,-0.0033142572464174612
2010-12-28,-0.0018540685041666164
2010-12-29,-0.0023946370281204463
2010-12-30,-0.00013259533471465974
2010-12-31,-0.0011210977965701108
2011-01-03,7.639371956304371e-05
2011-01-04,-0.0051096500509077766
2011-01-05,-0.0030707132721942334
2011-01-06,-0.00444583978398768
2011-01-07,0.005367027685864166
2011-01-10,0.004767121289544019
2011-01-11,-0.006848895139147186
2011-01-12,-0.01000535340684621
2011-01-13,0.0036278309991048885
2011-01-14,-0.0017656847982283007
2011-01-18,0.0006939143063397143
2011-01-19,0.009251837084574442
2011-01-20,-0.015236533017623713
2011-01-21,-0.0036685082431705597
2011-01-24,-0.0024408064966535193
2011-01-25,-0.0025608952885500334
2011-01-26,0.0015644259684905915
2011-01-27,0.004937350227795415
2011-01-28,0.0013285004917118202
2011-01-31,-0.004198965190635593
2011-02-01,-0.0034909013271846078
2011-02-02,0.0017724912614739974
2011-02-03,0.004245871946715447
2011-02-04,0.0019920400495390417
2011-02-07,-0.001972834902108214
2011-02-08,0.0031823465143449295
2011-02-09,0.00757274276268053
2011-02-10,0.004086844859840883
2011-02-11,0.0017684709108788418
2011-02-14,0.003490768156780196
2011-02-15,-0.0010339083969018164
2011-02-16,-0.0029573107597163583
2011-02-17,-0.005424242110160676
2011-02-18,-0.001945035859615055
2011-02-22,0.00336829876840982
2011-02-23,-0.0011799581191710353
2011-02-24,0.0021582204491955577
2011-02-25,-0.0006676113955974563
2011-02-28,0.0002678805986356101
2011-03-01,-0.001777364688690555
2011-03-02,0.004028678577315186
2011-03-03,-4.460997050359522e-05
2011-03-04,0.002498285824355354
2011-03-07,2.5772705504041224e-05
2011-03-08,-0.004720006628072335
2011-03-09,-0.0019989153631489965
2011-03-10,0.0036660216746794345
2011-03-11,-0.0032091961401423084
2011-03-14,-0.0011179242908824882
2011-03-15,0.00411729077615926
2011-03-16,-0.0023489292954724456
2011-03-17,0.0017184176201488857
2011-03-18,-0.0035391455341780968
2011-03-21,0.009622269610471213
2011-03-22,-0.00036756026727726094
2011-03-23,0.004419322930218683
2011-03-24,0.003795860969946922
2011-03-25,0.004801090493542466
2011-03-28,-0.00041173365649706055
2011-03-29,0.004662991484362623
2011-03-30,0.00046214899669704327
2011-03-31,0.005947985144565532
2011-04-01,-0.0011249580680974542
2011-04-04,-0.0004943063997747852
2011-04-05,0.00040294114753020054
2011-04-06,-0.0131768011124808
2011-04-07,-0.0006001772144955599
2011-04-08,0.0041684846873353346
2011-04-11,-0.0022163642179657403
2011-04-12,-0.00523099431277314
2011-04-13,0.00824596094252503
2011-04-14,0.0026862309550008522
2011-04-15,0.0011785272191860024
2011-04-18,0.0003757472633324407
2011-04-19,0.0026083847816293195
2011-04-20,0.005455524600750972
2011-04-21,0.014103948092476273
2011-04-25,0.0020149483257869264
2011-04-26,-0.007376571149206376
2011-04-27,-0.0011624435062486567
2011-04-28,-0.0033790917276224925
2011-04-29,0.0039688786702651606
2011-05-02,-0.003298645610999519
2011-05-03,-0.01212894683700996
2011-05-04,-0.006839765643371164
2011-05-05,-0.0014683368824454544
2011-05-06,0.00019122544883113965
2011-05-09,0.007568612892169388
2011-05-10,0.0010075447590011362
2011-05-11,-0.006634393647002548
2011-05-12,0.0005867747657973614
2011-05-13,0.002763460099746098
2011-05-16,-0.005945537286898107
2011-05-17,-0.0046730222352421875
2011-05-18,0.012974805712841063
2011-05-19,0.004827730712196714
2011-05-20,0.005344727818177463
2011-05-23,-0.0017590043484300025
2011-05-24,-0.0008311470950813287
2011-05-25,0.006266097662430652
2011-05-26,0.0020664490855950746
2011-05-27,-0.0018697166833880816
2011-05-31,-0.0005568153286465136
2011-06-01,0.004008364579304129
2011-06-02,0.0037683892983451355
2011-06-03,0.0009580669376587506
2011-06-06,0.0013606980138910695
2011-06-07,0.0020665830926511856
2011-06-08,0.005363719655830187
2011-06-09,0.0018985858303420006
2011-06-10,-0.008867717928991966
2011-06-13,-0.0065335279167381115
2011-06-14,0.008022850520450096
2011-06-15,-0.0038158724196971686
2011-06-16,-0.0029711054177262337
2011-06-17,-0.0015460028656961024
2011-06-20,0.0050081871110700844
2011-06-21,0.005297688389385889
2011-06-22,0.00034270433433399933
2011-06-23,0.00157131476322695
2011-06-24,0.0017725722458697805
2011-06-27,0.0015134910061716752
2011-06-28,0.007756470200815707
2011-06-29,-0.010655445374751998
2011-06-30,0.003609035111647311
2011-07-01,-0.00199249506044272
2011-07-05,0.011205020999424725
2011-07-06,0.006421001907362533
2011-07-07,-0.0063950923159017195
2011-07-08,0.007637482259120299
2011-07-11,0.003945182847281345
2011-07-12,-0.004870140172525996
2011-07-13,6.579784240657487e-06
2011-07-14,0.002522754968000447
2011-07-15,0.0026535426592450588
2011-07-18,0.006467336465792541
2011-07-19,0.004165460937424168
2011-07-20,-0.010722790393805817
2011-07-21,-0.00951146105974421
2011-07-22,-0.0066293883503397485
2011-07-25,0.0023636701956998045
2011-07-26,-0.0014862228287301138
2011-07-27,0.0021515620055508767
2011-07-28,0.0017064622908222638
2011-07-29,-0.00029799601543408405
2011-08-01,0.005463078506320012
2011-08-02,0.0002460805488875694
2011-08-03,-0.003219131065229684
2011-08-04,0.0009859778085488295
2011-08-05,0.009247987565875436
2011-08-08,0.014032047090242056
2011-08-09,-0.002290635267688933
2011-08-10,0.019883003330189348
2011-08-11,-0.0166052254303214
2011-08-12,0.013740684986549543
2011-08-15,-0.005534289939324552
2011-08-16,-0.0010596229045126949
2011-08-17,0.0023877492486846404
2011-08-18,-9.246835787261951e-05
2011-08-19,0.005234303738124598
2011-08-22,0.0047857098473326806
2011-08-23,0.003809665056321538
2011-08-24,-0.007275150563643288
2011-08-25,-0.005656224313018224
2011-08-26,0.0029511591000655397
2011-08-29,-0.013959777883013927
2011-08-30,0.008179060643519094
2011-08-31,-0.0026472139314138708
2011-09-01,0.010565170820664651
2011-09-02,0.013115949539389117
2011-09-06,0.011035249581636035
2011-09-07,-0.020825554470933223
2011-09-08,0.005006550409162668
2011-09-09,-0.0008040354747379532
2011-09-12,-0.0037584501757202435
2011-09-13,-4.096084404215723e-06
2011-09-14,-0.002530527791488666
2011-09-15,-0.008250962518585068
2011-09-16,0.0033822252330789333
2011-09-19,0.01183371711598584
2011-09-20,0.0007034218362862669
2011-09-21,0.00507260887020856
2011-09-22,0.004862352325532959
2011-09-23,-0.007498617995919796
2011-09-26,-0.009222181303157773
2011-09-27,-0.002847847697487223
2011-09-28,0.006900114753995607
2011-09-29,-0.017269883860924595
2011-09-30,0.010763917675115914
2011-10-03,0.0190731210742498
2011-10-04,-0.020448111313539297
2011-10-05,-0.00483289764990546
2011-10-06,-0.01584117967742642
2011-10-07,0.021960094565552923
2011-10-10,-0.0066138766806795365
2011-10-11,3.495778424783292e-05
2011-10-12,-0.014703955306841454
2011-10-13,0.00928080514469731
2011-10-14,0.005938233645358903
2011-10-17,0.011819532373149056
2011-10-18,-0.02875176476725012
2011-10-19,0.010364367259787536
2011-10-20,-0.00566870160574259
2011-10-21,0.0014268019903278055
2011-10-24,-0.013134210335816326
2011-10-25,0.015185734525213879
2011-10-26,-0.006645486931616974
2011-10-27,-0.030770947435506676
2011-10-28,-0.009727374073549854
2011-10-31,0.013928445001259015
2011-11-01,0.020247562502668123
2011-11-02,-0.010800722364175099
2011-11-03,-0.003352303206526569
2011-11-04,-0.0029435632816635754
2011-11-07,0.00022122159498574482
2011-11-08,-0.005215848627617813
2011-11-09,0.019995564223474697
2011-11-10,-0.0003172466021404201
2011-11-11,-0.008700806428511875
2011-11-14,0.007267461541689093
2011-11-15,0.000782722382758821
2011-11-16,-0.0004406684719655258
2011-11-17,0.00913886866664076
2011-11-18,-0.0027083138641849826
2011-11-21,0.008235140407985144
2011-11-22,0.010547468191440444
2011-11-23,0.010722620582169674
2011-11-25,-0.00013731412937552218
2011-11-28,-0.008889523762868822
2011-11-29,0.011096920492468125
2011-11-30,-0.028443400411356016
2011-12-01,0.006550578149362059
2011-12-02,-0.012975600426712478
2011-12-05,-0.017187889628327443
2011-12-06,0.006773360472583863
2011-12-07,-0.00730408705181334
2011-12-08,0.021257716668906027
2011-12-09,-0.006116104052861809
2011-12-12,0.014278705919410295
2011-12-13,0.01455125397730615
2011-12-14,0.006525534254227559
2011-12-15,0.005498992277694875
2011-12-16,-0.00043640403990692265
2011-12-19,0.02196475974291166
2011-12-20,-0.015276264270311916
2011-12-21,0.004171075578240983
2011-12-22,-0.027682025709276484
2011-12-23,0.003848532075541551
2011-12-27,0.009153978996158973
2011-12-28,0.009296420384507039
2011-12-29,-0.006353332846173974
2011-12-30,-0.005495596032683489
2012-01-03,-0.025240017151251407
2012-01-04,-0.003301554483397689
2012-01-05,-0.002995268790500867
2012-01-06,-0.0029199014431389473
2012-01-09,-0.013315288790397818
2012-01-10,-0.013237009923453625
2012-01-11,-0.011362828262236608
2012-01-12,-0.0019060012390464693
2012-01-13,0.017550213325830302
2012-01-17,0.010517735828678288
2012-01-18,-0.02038277473849908
2012-01-19,-0.013610264139502632
2012-01-20,-0.003159624666667071
2012-01-23,-0.007026548098575703
2012-01-24,-0.0032003387720705425
2012-01-25,0.005144261753869988
2012-01-26,0.002834502180155109
2012-01-27,-0.010031830734987023
2012-01-30,0.008706793326893683
2012-01-31,0.002134924581761902
2012-02-01,-0.010856831711729926
2012-02-02,-0.004585877245866262
2012-02-03,-0.01748571459499029
2012-02-06,-0.004061007758578223
2012-02-07,0.005812052738374111
2012-02-08,-0.003892815475491786
2012-02-09,-0.004036083402270239
2012-02-10,0.018240147051311228
2012-02-13,0.004663674276313731
2012-02-14,0.007734544877835417
2012-02-15,-0.006158756220804241
2012-02-16,-0.01353006378475992
2012-02-17,0.0033818375299932172
2012-02-21,-0.0001565842488981354
2012-02-22,0.012129112526019262
2012-02-23,-0.0007867086649683623
2012-02-24,0.0028513161830868846
2012-02-27,6.286913072711591e-05
2012-02-28,0.0025384657167541297
2012-02-29,0.013180020890726818
2012-03-01,-0.0010837843354222542
2012-03-02,0.006347565078289589
2012-03-05,0.017436389547222805
2012-03-06,0.011784259754088573
2012-03-07,-0.0032802413014514004
2012-03-08,-0.00239996744755658
2012-03-09,-0.006192267358682101
2012-03-12,0.011379787417933348
2012-03-13,-0.01714386107307638
2012-03-14,0.006166766610554831
2012-03-15,-0.019581114652784268
2012-03-16,-0.010878619823597549
2012-03-19,-0.0008321091705740324
2012-03-20,0.0046314235225649765
2012-03-21,0.0028656415041030023
2012-03-22,0.01725110101359815
2012-03-23,-0.00717640206655846
2012-03-26,0.001397521647589521
2012-03-27,0.005889282735615106
2012-03-28,0.00593122387422705
2012-03-29,0.0020315615632177314
2012-03-30,0.003081089600523965
2012-04-02,-0.0017065608264034541
2012-04-03,0.013601821775686066
2012-04-04,0.008486500220238937
2012-04-05,0.012974948431659203
2012-04-09,0.006541718238446354
2012-04-10,-0.000617576610603822
2012-04-11,-0.0036327838639393806
2012-04-12,-0.01740549187503662
2012-04-13,0.020400900176147006
2012-04-16,0.0030724972353360007
2012-04-17,-0.011987118231354137
2012-04-18,0.007629825354237239
2012-04-19,-0.0016145523435846232
2012-04-20,0.015923092318696323
2012-04-23,0.002525757450965866
2012-04-24,-0.003550684090945067
2012-04-25,0.0067922183172899366
2012-04-26,0.0009951118153365484
2012-04-27,0.005563258229560188
2012-04-30,-0.0059523165127303886
2012-05-01,-0.006876684656597864
2012-05-02,0.014215351144859245
2012-05-03,0.01273099697234929
2012-05-04,0.011961228382180751
2012-05-07,0.0009751845742422807
2012-05-08,0.005375208057380624
2012-05-09,-0.005402441642273637
2012-05-10,0.010395270942433747
2012-05-11,0.005299755607524029
2012-05-14,0.0024994868776927405
2012-05-15,0.020700674576567154
2012-05-16,0.01515214585626447
2012-05-17,-0.008028974551329166
2012-05-18,0.00787506148447061
2012-05-21,-0.009483552371941406
2012-05-22,0.008216828962936134
2012-05-23,-0.007271369097688727
2012-05-24,0.013610418348451893
2012-05-25,-0.006430108455773791
2012-05-29,-0.007496300646779964
2012-05-30,0.018697506723277933
2012-05-31,0.011775979926195276
2012-06-01,-0.0013824582862132374
2012-06-04,0.006125719954594964
2012-06-05,-0.012434240327575315
2012-06-06,-0.008012053992260182
2012-06-07,0.007040727020033245
2012-06-08,0.002093592194096254
2012-06-11,0.013712471709185865
2012-06-12,-0.012877903969347196
2012-06-13,0.004068328687528791
2012-06-14,0.001742832034909154
2012-06-15,-0.009336319515743848
2012-06-18,0.01200087642037604
2012-06-19,-0.014551386197590077
2012-06-20,-0.001101204866565006
2012-06-21,0.016807609187370707
2012-06-22,0.00045874725633513315
2012-06-25,0.010868129538756084
2012-06-26,0.0029501720738821587
2012-06-27,-0.01772026404574476
2012-06-28,-0.009787807821617629
2012-06-29,-0.0022173597300256054
2012-07-02,0.005097766902838828
2012-07-03,-0.020414280253093657
2012-07-05,0.00555517391108011
2012-07-06,0.01148110897443242
2012-07-09,0.010761994863719515
2012-07-10,0.012260301740592689
2012-07-11,-0.0067533767460630076
2012-07-12,0.008486766049749234
2012-07-13,-0.0014021992727802593
2012-07-16,0.003781371720859599
2012-07-17,0.00141420471422944
2012-07-18,-0.004719394626414142
2012-07-19,-0.008596511053922564
2012-07-20,-0.005318703441203274
2012-07-23,-0.0014865956375651767
2012-07-24,0.008140908360662908
2012-07-25,0.0067880617097118645
2012-07-26,0.0018016900616579688
2012-07-27,-0.016124956373321758
2012-07-30,-0.00025374899950131796
2012-07-31,-0.007161818667074266
2012-08-01,-0.002099016379818838
2012-08-02,0.009140094302439854
2012-08-03,-0.007304043332820978
2012-08-06,-0.021516190018194208
2012-08-07,-0.01956890036492118
2012-08-08,-0.0034605718205370493
2012-08-09,-0.012845364866702746
2012-08-10,-0.0019902580662457337
2012-08-13,0.009318568991275762
2012-08-14,0.011165976061892496
2012-08-15,-0.0005620939364664612
2012-08-16,-0.009351594650035376
2012-08-17,0.0026643663080237827
2012-08-20,-0.004891118073185501
2012-08-21,-0.010089092660005305
2012-08-22,-0.00025449385353203574
2012-08-23,0.010061295415720118
2012-08-24,0.00802686904986754
2012-08-27,0.004685521142233504
2012-08-28,0.003125109522230742
2012-08-29,0.0021437711452626925
2012-08-30,0.016075335724384427
2012-08-31,-0.005240675035420919
2012-09-04,0.016571883362501254
2012-09-05,-0.001407153769244331
2012-09-06,-0.012804574365543468
2012-09-07,-0.02880915820118283
2012-09-10,0.002114516266149466
2012-09-11,-0.018777913269016767
2012-09-12,-0.004295200214189545
2012-09-13,-0.007347644776896381
2012-09-14,-0.02004765848530595
2012-09-17,0.0184326709669055
2012-09-18,0.006610047286361002
2012-09-19,0.0035705585802336607
2012-09-20,0.011320879743376039
2012-09-21,0.0074715400484469735
2012-09-24,0.00999574512180974
2012-09-25,0.015382536349399371
2012-09-26,-0.001201556316865984
2012-09-27,-0.009351254738896695
2012-09-28,0.005855867777585474
2012-10-01,0.0031694397610341593
2012-10-02,0.0007434572986723906
2012-10-03,0.014948347651430454
2012-10-04,-0.010269995779688667
2012-10-05,0.007978339419288714
2012-10-08,-0.007469033842131221
2012-10-09,-0.009467056612760299
2012-10-10,0.006023791731618215
2012-10-11,-0.017485796390549417
2012-10-12,0.006140233980424978
2012-10-15,-0.00032346627037351764
2012-10-16,-0.01300449882843671
2012-10-17,-0.009450186345178644
2012-10-18,-0.002036919040806693
2012-10-19,0.010713777441018632
2012-10-22,-0.00282538888050824
2012-10-23,0.004923821814314956
2012-10-24,0.01531103612008366
2012-10-25,-0.000533597067402069
2012-10-26,0.00012103448621035599
2012-10-31,-0.006192326943488839
2012-11-01,-0.010764615413110384
2012-11-02,0.010615743731864535
2012-11-05,-0.005703609091378366
2012-11-06,-0.011787278031485073
2012-11-07,0.012367881627832094
2012-11-08,0.005843658273396786
2012-11-09,0.00050583077487886
2012-11-12,0.004646776137201762
2012-11-13,0.006510234535292337
2012-11-14,0.001791645252630124
2012-11-15,-0.0023517970126031647
2012-11-16,0.011793209023683006
2012-11-19,-0.002809322802407879
2012-11-20,0.01971891947331644
2012-11-21,-0.002247027730331961
2012-11-23,-0.0009324404991926602
2012-11-26,-0.004360907651252951
2012-11-27,-0.004580710647566861
2012-11-28,-0.0024007378277420845
2012-11-29,0.0018667868848864693
2012-11-30,0.00389660928078242
2012-12-03,0.0007930776209067161
2012-12-04,-0.008180245769966229
2012-12-05,-0.004969095883858408
2012-12-06,-0.004179643592643643
2012-12-07,-0.0026046133325373505
2012-12-10,-0.007470658616243178
2012-12-11,-0.005310427286250269
2012-12-12,-0.007326311101137465
2012-12-13,-0.010620680952282503
2012-12-14,-0.003119612765376161
2012-12-17,0.005754857512610038
2012-12-18,-0.01143990226232568
2012-12-19,-0.0074085884375385625
2012-12-20,0.003548469818556358
2012-12-21,-0.00282551657777212
2012-12-24,0.004571184318702437
2012-12-26,-0.0035541200575918423
2012-12-27,0.0029323080308951703
2012-12-28,0.005313835507341016
2012-12-31,-0.011085679080858219
2013-01-02,-0.001925384176355933
2013-01-03,-0.004080852528212398
2013-01-04,-0.005750280271022879
2013-01-07,0.0038016883144706814
2013-01-08,0.005200726719570544
2013-01-09,0.0019747209008420504
2013-01-10,-0.004596551563136677
2013-01-11,0.0008599226105741048
2013-01-14,-0.0017067982585352102
2013-01-15,-0.004147691868391367
2013-01-16,0.0015908863808661129
2013-01-17,0.0003778426847070231
2013-01-18,-0.005910434360082889
2013-01-22,-0.005264734721599272
2013-01-23,0.008284267893364174
2013-01-24,-0.00947813354858587
2013-01-25,-0.008836950522533532
2013-01-28,0.002582984561824193
2013-01-29,0.00017687695045152311
2013-01-30,0.001615276192471237
2013-01-31,-0.0041371209513300705
2013-02-01,0.002268647955191234
2013-02-04,-0.001447941239328798
2013-02-05,0.0006406078298305041
2013-02-06,-0.004164682852607643
2013-02-07,0.004251840713892859
2013-02-08,0.00045853040362370056
2013-02-11,-0.0020081754976009015
2013-02-12,-0.002162281220488018
2013-02-13,0.005162385586256614
2013-02-14,-0.006063188094464581
2013-02-15,0.00960960742308171
2013-02-19,-0.0021373782714566103
2013-02-20,0.012801373964693536
2013-02-21,0.006505784290544854
2013-02-22,-0.003981637558400125
2013-02-25,0.007163398744650552
2013-02-26,0.0025271204999278837
2013-02-27,0.0010352952332358903
2013-02-28,0.005368414648313738
2013-03-01,0.008983823606736436
2013-03-04,0.015350101242689556
2013-03-05,0.0006149137320688156
2013-03-06,-0.008548039903119179
2013-03-07,-0.007180058004294529
2013-03-08,-0.0018483927766101789
2013-03-11,-0.00097720556962628
2013-03-12,-0.002807655146282322
2013-03-13,-0.0009326411002995906
2013-03-14,-0.002499070760934407
2013-03-15,-0.007953910585218315
2013-03-18,-0.0003891271852591957
2013-03-19,0.010408178436625741
2013-03-20,0.0021455306867608787
2013-03-21,0.005826419877892604
2013-03-22,0.004164519459821788
2013-03-25,0.0007220820831167849
2013-03-26,0.003981802992912947
2013-03-27,0.002430255980996159
2013-03-28,0.005250404177548237
2013-04-01,0.009722511706956209
2013-04-02,0.012995339172293036
2013-04-03,0.0011239661243330032
2013-04-04,0.0019331543904834638
2013-04-05,0.00020889071184373195
2013-04-08,0.0019078723314226221
2013-04-09,-0.018675126000034414
2013-04-10,0.0031028061821889922
2013-04-11,0.005131735381279821
2013-04-12,0.007534143139436529
2013-04-15,0.013506478173361997
2013-04-16,0.0009377722892615463
2013-04-17,0.010516412007631851
2013-04-18,-0.003935408178360168
2013-04-19,0.01617552221557644
2013-04-22,-0.00393565820318661
2013-04-23,-0.005549758514296969
2013-04-24,-0.026183925305672977
2013-04-25,-0.0043485890959004386
2013-04-26,-0.0019724124999701896
2013-04-29,-0.008700892081883486
2013-04-30,-0.0058630932691612755
2013-05-01,0.006508950723217404
2013-05-02,0.002588505573094309
2013-05-03,-0.00875469748478992
2013-05-06,-0.007044314074280963
2013-05-07,0.004197319147901702
2013-05-08,-0.013370949415403401
2013-05-09,-0.003303468491652805
2013-05-10,-0.001262429407309558
2013-05-13,0.009830520265916928
2013-05-14,0.006562984640266018
2013-05-15,0.00869317790686402
2013-05-16,-0.010616317152127738
2013-05-17,-0.0017875551975654474
2013-05-20,-0.01552742447827101
2013-05-21,0.0034475187877245745
2013-05-22,0.0065473941668171606
2013-05-23,-0.003552457626448769
2013-05-24,0.00649187693038388
2013-05-28,0.0008565715582723422
2013-05-29,-0.009599958644608907
2013-05-30,-0.00502413485467966
2013-05-31,-0.001281279735664282
2013-06-03,-0.0021956869826168283
2013-06-04,-0.003292395125427803
2013-06-05,-0.00417031804069529
2013-06-06,0.004102289777132304
2013-06-07,0.003694447785665181
2013-06-10,-0.0013869522444039282
2013-06-11,0.007693537127770684
2013-06-12,-0.004020832828781993
2013-06-13,-0.002288917349392961
2013-06-14,0.00787299326300666
2013-06-17,-0.0032840885322255493
2013-06-18,-8.37419922659481e-05
2013-06-19,-0.005410486335994232
2013-06-20,0.00047848845800701556
2013-06-21,0.008519564458413153
2013-06-24,0.01035021673033718
2013-06-25,-0.0027313054442710616
2013-06-26,0.01052099932653889
2013-06-27,-0.004170417410950867
2013-06-28,-0.0045479965884593935
2013-07-01,-0.0009311813047244994
2013-07-02,-0.0012032235041189
2013-07-03,0.002516564917443962
2013-07-05,0.005198365947376855
2013-07-08,0.002946440997336518
2013-07-09,0.0001228825905319018
2013-07-10,-0.0006636432729581908
2013-07-11,-0.0060504414623613
2013-07-12,0.007452806651695603
2013-07-15,-0.004388639283043508
2013-07-16,-0.002941595827305912
2013-07-17,0.007556450794399681
2013-07-18,-0.0029953164943858535
2013-07-19,0.0048369773971099015
2013-07-22,0.0015392177890609258
2013-07-23,-0.0042736705949747
2013-07-24,0.005407153241992385
2013-07-25,-0.004569372555949612
2013-07-26,-0.002578640794911531
2013-07-29,-0.0045697952050197796
2013-07-30,0.006054791051871022
2013-07-31,0.003952704782436533
2013-08-01,0.0012908617839618231
2013-08-02,0.003990535012689015
2013-08-05,-0.0016089153559367283
2013-08-06,0.004952825034110866
2013-08-07,0.0004204141045274707
2013-08-08,-0.01586718746803994
2013-08-09,-0.0070473169055467935
2013-08-12,-0.00799290705039027
2013-08-13,0.005000677013173979
2013-08-14,-0.011306393629219053
2013-08-15,-0.011940706948359248
2013-08-16,0.004408185566682229
2013-08-19,0.008413922436555803
2013-08-20,-0.002408895383785427
2013-08-21,0.003758953899391779
2013-08-22,-0.003163128449517138
2013-08-23,-0.004429441684643053
2013-08-26,0.00010958049246677899
2013-08-27,9.083402647479041e-05
2013-08-28,0.0030741060573504547
2013-08-29,0.006374503009456093
2013-08-30,-0.0065540495619197635
2013-09-03,0.003969569418329754
2013-09-04,-0.0007002512195137885
2013-09-05,-0.004034612927059199
2013-09-06,-0.004151357429316474
2013-09-09,-0.004714385432217247
2013-09-10,0.006432082106410538
2013-09-11,0.004264122798663048
2013-09-12,0.004958153136675549
2013-09-13,0.002262317861813409
2013-09-16,0.006690782694246057
2013-09-17,-0.0038363640881963054
2013-09-18,-0.004124718417104892
2013-09-19,0.002993511629375955
2013-09-20,0.007218656949152085
2013-09-23,-0.004680526363603498
2013-09-24,0.0025371242942389687
2013-09-25,0.0008201167156470813
2013-09-26,0.0034197618349873973
2013-09-27,0.01234166101335889
2013-09-30,-0.001500630159040053
2013-10-01,0.0024561315660901147
2013-10-02,-0.006452657859351215
2013-10-03,0.0008726683942679568
2013-10-04,0.0014777805295329348
2013-10-07,-0.006319792771092389
2013-10-08,-0.0019179137459553056
2013-10-09,-0.0012699401353006483
2013-10-10,0.01541034275037539
2013-10-11,0.00017639296531679434
2013-10-14,0.002465930907509637
2013-10-15,0.0009207042525030413
2013-10-16,0.0048172877633684795
2013-10-17,0.005451274377697386
2013-10-18,-0.00011601669296401524
2013-10-21,-0.002688127636467859
2013-10-22,0.0030356091379588846
2013-10-23,0.007109955569270457
2013-10-24,-0.0001543329821372186
2013-10-25,-0.0037832979859938175
2013-10-28,-0.007869621966802574
2013-10-29,0.0019317657258557462
2013-10-30,-0.002490942160770564
2013-10-31,-0.00030544227122984203
2013-11-01,-0.000982979737198604
2013-11-04,-0.01031499153636621
2013-11-05,0.003902714794923635
2013-11-06,-0.005932635415707582
2013-11-07,-0.00644313554037256
2013-11-08,0.007790190034988142
2013-11-11,-0.002415221610336073
2013-11-12,-0.000775972729022335
2013-11-13,0.0012559730622611171
2013-11-14,0.009205436741720927
2013-11-15,-0.00356494704053957
2013-11-18,0.0024554158419536846
2013-11-19,-0.001417874527627727
2013-11-20,-0.001920110887589675
2013-11-21,0.011157816577456337
2013-11-22,0.00844181042362138
2013-11-25,0.002195210122899937
2013-11-26,0.0032932919997513952
2013-11-27,-0.0037805686202124476
2013-11-29,-0.003511323107272085
2013-12-02,0.0037217755585952314
2013-12-03,-0.007867612312143848
2013-12-04,-0.009539705601784833
2013-12-05,4.360450859961231e-05
2013-12-06,0.0071418613194945985
2013-12-09,-0.001508093534878142
2013-12-10,-0.0012862134054227228
2013-12-11,0.0042593561691714995
2013-12-12,0.0025493263814419928
2013-12-13,0.005136802801315374
2013-12-16,-0.0036921846197518187
2013-12-17,-0.0007995644488624032
2013-12-18,0.008159082635914916
2013-12-19,-0.004145683782146423
2013-12-20,0.0011025003477660685
2013-12-23,-0.004915772181580179
2013-12-24,-0.003234038612188197
2013-12-26,0.0021056449483823573
2013-12-27,-0.0075671813569900236
2013-12-30,-0.00035678133614176294
2013-12-31,0.000902010690134666
2014-01-02,-0.00045753433850196783
2014-01-03,0.004427682981036864
2014-01-06,-0.00028176475761623634
2014-01-07,-0.0015991976095292846
2014-01-08,0.010085604349111054
2014-01-09,0.007795388486437171
2014-01-10,-0.006415674971567752
2014-01-13,-0.0032465818329067615
2014-01-14,-0.002025920285385607
2014-01-15,-0.0026508745493197634
2014-01-16,-0.0021506327503316588
2014-01-17,0.0033316882763945823
2014-01-21,0.0031017590584322486
2014-01-22,0.008610810113659507
2014-01-23,-0.0023222234470230787
2014-01-24,-0.006298926004183677
2014-01-27,-0.004441858629927945
2014-01-28,0.004057826796091164
2014-01-29,-0.005154922361323937
2014-01-30,0.006953007636434785
2014-01-31,-0.000997704613800256
2014-02-03,-0.004429726949898102
2014-02-04,0.0008533372320237034
2014-02-05,0.003553302969228683
2014-02-06,-0.002356966988772099
2014-02-07,0.0030103505745914527
2014-02-10,-3.433834635983436e-05
2014-02-11,1.4458111407562147e-05
2014-02-12,0.0008804928615922168
2014-02-13,0.0004528695686586089
2014-02-14,-0.0022755769320469475
2014-02-18,0.0021404798612507806
2014-02-19,-0.0052888808484216785
2014-02-20,0.002753007193627758
2014-02-21,0.004107251072907826
2014-02-24,0.006223057064971777
2014-02-25,0.003238654857725696
2014-02-26,-0.002613270909780504
2014-02-27,0.00018133868172573293
2014-02-28,0.00300822974399377
2014-03-03,-0.0037008793572494325
2014-03-04,0.00957737418780121
2014-03-05,0.0022973353020549533
2014-03-06,-0.004493612143368716
2014-03-07,0.0035055092920532618
2014-03-10,0.002940022919819489
2014-03-11,-0.002236700265233234
2014-03-12,-0.0014367854040575915
2014-03-13,-0.004059810683298546
2014-03-14,-0.005298140973841966
2014-03-17,0.0037575558919309355
2014-03-18,-0.00034389110305935497
2014-03-19,-0.00037934739162496026
2014-03-20,0.002226720893239725
2014-03-21,-0.01351793672620888
2014-03-24,-0.003318200090167381
2014-03-25,-0.005679300328958631
2014-03-26,-0.0024636217382065467
2014-03-27,-0.008382138653924003
2014-03-28,-0.006508618650133086
2014-03-31,0.004086204230730115
2014-04-01,0.0026135959675902525
2014-04-02,-0.001484865191339285
2014-04-03,-0.007438676058873123
2014-04-04,-0.013812672164618876
2014-04-07,-0.006317733457608289
2014-04-08,-0.006506974189443305
2014-04-09,0.013409210736727682
2014-04-10,-0.016882873182427576
2014-04-11,-0.0009410150677346992
2014-04-14,-0.0006923910536321005
2014-04-15,0.00198179363515671
2014-04-16,0.007048336649569818
2014-04-17,0.004105109942917532
2014-04-21,0.002018363158465381
2014-04-22,0.006779807247074075
2014-04-23,0.00287030446103735
2014-04-24,-0.0029555933814954453
2014-04-25,-0.012471928102197456
2014-04-28,-0.00753256750344374
2014-04-29,0.007904149949910894
2014-04-30,0.007368251428364102
2014-05-01,0.0013439251880923184
2014-05-02,0.0013933889262550132
2014-05-05,0.005876276573943663
2014-05-06,-0.004183201209891241
2014-05-07,0.003279644302401282
2014-05-08,0.0014538795507994078
2014-05-09,0.0028801729976676376
2014-05-12,0.007593770840397509
2014-05-13,-0.004336108042954229
2014-05-14,-0.004114399233401023
2014-05-15,-0.0033532551130759365
2014-05-16,0.0025983113545909316
2014-05-19,0.008046739502659874
2014-05-20,-0.0020524229933228753
2014-05-21,0.008014532443850995
2014-05-22,0.0035203071986097357
2014-05-23,0.0034975882790415306
2014-05-27,0.006074664797125546
2014-05-28,0.0028728288903495285
2014-05-29,-0.0011547901602882071
2014-05-30,-0.001551909709009868
2014-06-02,0.0018299358409392646
2014-06-03,-0.0025857874371321182
2014-06-04,0.0029522101516080124
2014-06-05,-0.0009935743798542313
2014-06-06,0.001106743645764697
2014-06-09,-0.0023878397228270436
2014-06-10,0.0025489236932343695
2014-06-11,0.0026908329307808883
2014-06-12,-0.008036936415923011
2014-06-13,0.0001902822490533965
2014-06-16,-0.008476939045453796
2014-06-17,0.00021670727816429592
2014-06-18,0.002649692666824785
2014-06-19,0.0004869822479099743
2014-06-20,0.001531455493845434
2014-06-23,-0.0022628106669991587
2014-06-24,0.001081488440676449
2014-06-25,0.004823220670071559
2014-06-26,0.002021294911795182
2014-06-27,-0.0010669895726751531
2014-06-30,-0.0003595786932928632
2014-07-01,0.007616806239334521
2014-07-02,-0.0033548621037049744
2014-07-03,0.0020527315341915607
2014-07-07,-0.002623984657594896
2014-07-08,-0.004237670473742216
2014-07-09,0.002532056996473523
2014-07-10,-0.0011762436174238319
2014-07-11,0.00010465090720379121
2014-07-14,0.005253314983631144
2014-07-15,-0.0014812338681322178
2014-07-16,-0.003578847461998594
2014-07-17,-0.0062369715972184344
2014-07-18,0.004590771010506288
2014-07-21,0.00038130583015195913
2014-07-22,0.0032733443826901657
2014-07-23,-0.006984328275899423
2014-07-24,-9.977863089327692e-05
2014-07-25,-0.0006438376493957692
2014-07-28,-0.0009018331073106958
2014-07-29,-0.005606894678459161
2014-07-30,0.0027415625768848705
2014-07-31,-0.0060641621718747355
2014-08-01,0.0014325128888698583
2014-08-04,0.001905466405236782
2014-08-05,-0.0048810962623493685
2014-08-06,-0.0099815790317813
2014-08-07,-0.001551252474322221
2014-08-08,-0.0013911150509136594
2014-08-11,0.0030944938902329063
2014-08-12,-0.0008778244368254624
2014-08-13,0.006776119673606499
2014-08-14,-0.003444182291332381
2014-08-15,0.0030756321345600302
2014-08-18,-0.0005002279151123988
2014-08-19,-0.0015562363885099411
2014-08-20,0.0023425857504285087
2014-08-21,-0.003220108287442133
2014-08-22,0.0015857244696428757
2014-08-25,0.0007109772038658334
2014-08-26,-0.002851679813632211
2014-08-27,-0.00039344804430132955
2014-08-28,-0.0015797897650111884
2014-08-29,-0.0014226382423523111
2014-09-02,0.0032044900736978754
2014-09-03,-0.0005061912764538488
2014-09-04,0.0003373504547791715
2014-09-05,0.002681331852666651
2014-09-08,0.0029277588515317266
2014-09-09,0.0007184908027269881
2014-09-10,-0.0008187154709680327
2014-09-11,-0.001960665128773113
2014-09-12,-0.0017933096232436833
2014-09-15,-0.004019788324670137
2014-09-16,0.005598825735932924
2014-09-17,0.001041666769329492
2014-09-18,0.0033096765248529438
2014-09-19,-0.0016253441525329814
2014-09-22,-0.0026368928331594135
2014-09-23,-0.0019313863214820636
2014-09-24,0.002018848555456063
2014-09-25,-0.0023424079837545127
2014-09-26,0.005077033483123946
2014-09-29,0.0032229207318493778
2014-09-30,-0.0015082698676320235
2014-10-01,-0.006373658975019519
2014-10-02,-0.0025818831130344313
2014-10-03,0.008496909980245068
2014-10-06,-0.0052991868736572325
2014-10-07,-0.0015109725801107574
2014-10-08,0.0008142566624241309
2014-10-09,-0.0004382158852583134
2014-10-10,-0.01023386545197594
2014-10-13,-0.010509791759831084
2014-10-14,-0.004120911680672521
2014-10-15,-0.0030268367573316993
2014-10-16,0.004318508487360774
2014-10-17,0.00696303628120606
2014-10-20,0.001128137481734303
2014-10-21,0.01128085571596724
2014-10-22,-0.001531579871641836
2014-10-23,0.007006501272145417
2014-10-24,0.010026740088231586
2014-10-27,0.004194227756353752
2014-10-28,0.0010734219348876356
2014-10-29,0.004309843951560353
2014-10-30,-0.005160380620893409
2014-10-31,0.010833425144411598
2014-11-03,0.0015337953599623652
2014-11-04,0.005742879969533593
2014-11-05,0.0017271509789366245
2014-11-06,-0.0037186231134340012
2014-11-07,-0.007743131475812515
2014-11-10,0.004558899516396229
2014-11-11,-0.003289759665566188
2014-11-12,0.0008536705013279255
2014-11-13,0.0031087383082084035
2014-11-14,-0.0059069653663802145
2014-11-17,-0.0024767668769194694
2014-11-18,0.0036364503294834477
2014-11-19,-0.004974158360390072
2014-11-20,-0.0009298555625566747
2014-11-21,-0.0015973288758763698
2014-11-24,0.006623734613884454
2014-11-25,0.0009222893179461245
2014-11-26,0.010571400523833707
2014-11-28,0.008253051987763731
2014-12-01,-0.0009098175905450656
2014-12-02,0.0063887467759971
2014-12-03,-0.0023646456396474182
2014-12-04,0.0059134214620986565
2014-12-05,0.00471171997091427
2014-12-08,0.00786725074839124
2014-12-09,-0.004897200604529723
2014-12-10,0.00443670723974088
2014-12-11,0.0030189309401167323
2014-12-12,0.002577439558076006
2014-12-15,0.005032512894359666
2014-12-16,-0.005202696908665193
2014-12-17,-0.007659614096407704
2014-12-18,0.001171224642466368
2014-12-19,-0.007369624601270534
2014-12-22,0.003615969545877246
2014-12-23,-0.005657306913731312
2014-12-24,0.0042157046375928525
2014-12-26,-0.001744449893442656
2014-12-29,-0.0005947995735694947
2014-12-30,-0.0021903962133110935
2014-12-31,-0.003219766568863013
2015-01-02,-0.0016753808688466665
2015-01-05,0.009031205945684078
2015-01-06,0.003679587652900335
2015-01-07,0.004498885890302687
2015-01-08,0.005989837977496922
2015-01-09,-0.0022020372392851724
2015-01-12,0.0006944544932583366
2015-01-13,-0.0006875438038289392
2015-01-14,0.00838589848602188
2015-01-15,0.004590406111202875
2015-01-16,-0.0014139650134658095
2015-01-20,0.0032086673604652793
2015-01-21,-0.010508039920927172
2015-01-22,0.0060961907521161485
2015-01-23,0.0015353169646744168
2015-01-26,-0.00827191438501256
2015-01-27,-0.008502789970051884
2015-01-28,0.008779134466811826
2015-01-29,0.004485514848065417
2015-01-30,-0.018427110364167575
2015-02-02,-0.01372119204605838
2015-02-03,-0.01023406739231567
2015-02-04,0.006118908202082889
2015-02-05,0.0003684960944184628
2015-02-06,-0.004461531198105248
2015-02-09,-0.013509228261873927
2015-02-10,0.010346912481846755
2015-02-11,0.006919152395340523
2015-02-12,-0.003005920090466163
2015-02-13,-0.015148029116070742
2015-02-17,0.003263184469670132
2015-02-18,0.0050104759317639
2015-02-19,-0.0020443000124474343
2015-02-20,0.0052733481862036555
2015-02-23,0.00789019582549725
2015-02-24,-0.003790763066628119
2015-02-25,-0.011155442252234716
2015-02-26,0.004793475368997901
2015-02-27,-0.0031042802486670102
2015-03-02,0.0035675339712538385
2015-03-03,-0.0069040736856627195
2015-03-04,0.0016800694391160109
2015-03-05,0.004788315903829345
2015-03-06,0.0023187709882520145
2015-03-09,0.010357937065759559
2015-03-10,0.00284530595936988
2015-03-11,-0.0017867772152905474
2015-03-12,0.008900721955319763
2015-03-13,0.006767653651770945
2015-03-16,0.007248649997552517
2015-03-17,0.00268209877966788
2015-03-18,-0.010729033445063851
2015-03-19,0.01185747335863503
2015-03-20,-0.005492346404819693
2015-03-23,-0.007008941261098575
2015-03-24,-0.0007222255127186227
2015-03-25,-0.018459356486935866
2015-03-26,0.0003896266645652468
2015-03-27,0.011739351972938409
2015-03-30,-0.003152854754770502
2015-03-31,-0.0033370772812375267
2015-04-01,-0.008579678667468341
2015-04-02,-0.0036495385485730194
2015-04-06,-0.0130500015413918
2015-04-07,0.0021899841086322064
2015-04-08,0.005643249172031963
2015-04-09,-0.011431178832192806
2015-04-10,0.0012900005168074078
2015-04-13,-0.00043839323463165214
2015-04-14,-0.009746773878317527
2015-04-15,-0.02101304966758178
2015-04-16,0.001967032115914484
2015-04-17,0.0005078155329659727
2015-04-20,0.00030741395501605385
2015-04-21,0.01405644441213118
2015-04-22,-0.0007364917783781876
2015-04-23,-0.008190116241581868
2015-04-24,0.0007212965123218575
2015-04-27,-0.01217656431716651
2015-04-28,-0.004233212654342124
2015-04-29,-0.012901887981280105
2015-04-30,-0.009711698081978845
2015-05-01,0.010542439846555151
2015-05-04,0.00457690768561142
2015-05-05,-0.003534815296267859
2015-05-06,0.005309565739921428
2015-05-07,0.013213783847319346
2015-05-08,0.0016000889715390354
2015-05-11,0.006864258748020235
2015-05-12,-0.0021132734069557965
2015-05-13,-0.0029157278501237547
2015-05-14,0.010601270167315322
2015-05-15,0.0023970816702140693
2015-05-18,0.00486065834371977
2015-05-19,0.012025339462927158
2015-05-20,-0.00623651897015603
2015-05-21,-0.008228969208216945
2015-05-22,0.0016250012688809508
2015-05-26,0.007019961200636595
2015-05-27,0.01776586282939351
2015-05-28,0.004126024805793669
2015-05-29,0.0013769791155778866
2015-06-01,0.00326187630593319
2015-06-02,-0.013184593207579904
2015-06-03,0.004113750189913805
2015-06-04,-0.000517088756905651
2015-06-05,-0.006133789629920303
2015-06-08,0.0037250870259208113
2015-06-09,0.0020479105571310843
2015-06-10,-0.0020296963352749386
2015-06-11,0.005414726613411347
2015-06-12,-0.0002660155103461059
2015-06-15,0.003793418423183524
2015-06-16,0.0015127767495232438
2015-06-17,0.00012223731393615285
2015-06-18,0.010241473792926194
2015-06-19,0.005336280055507377
2015-06-22,0.00017725508465304648
2015-06-23,-0.0013759328101626462
2015-06-24,-0.0012681951028799604
2015-06-25,0.011228451167654618
2015-06-26,0.0030890501758620596
2015-06-29,0.0018518326491808608
2015-06-30,0.0022728449427887967
2015-07-01,0.01640207161426921
2015-07-02,-0.0037627045725743477
2015-07-06,0.012371681951959196
2015-07-07,-0.002451351534779983
2015-07-08,0.00826754745539002
2015-07-09,0.0004046467885447762
2015-07-10,0.012834309625788593
2015-07-13,-0.000546254087134803
2015-07-14,-0.0014115311660749352
2015-07-15,0.012496275363786254
2015-07-16,0.006779785840185462
2015-07-17,0.008491620141680825
2015-07-20,0.01033375551300722
2015-07-21,-0.0055141759718074345
2015-07-22,0.012783845858974845
2015-07-23,-0.00837737248082256
2015-07-24,0.01086973424633709
2015-07-27,0.0033196646066931414
2015-07-28,-0.012885396101897541
2015-07-29,-0.0037802234970916093
2015-07-30,-0.0029303689649729818
2015-07-31,0.013006269115012317
2015-08-03,0.013607231779439326
2015-08-04,0.0028697682790921174
2015-08-05,0.005638667024863485
2015-08-06,-0.01256647596149618
2015-08-07,0.0063614858053942
2015-08-10,-0.021290389763962997
2015-08-11,0.006239820493588797
2015-08-12,-0.010628409701112567
2015-08-13,0.01597038574061746
2015-08-14,0.006778493937282581
2015-08-17,0.0045602614852383065
2015-08-18,0.0059071247411673754
2015-08-19,0.013376296223354118
2015-08-20,-0.0006693877273789423
2015-08-21,-0.009130104826465377
2015-08-24,0.00191729448505836
2015-08-25,0.006600893898854792
2015-08-26,0.00999757662018324
2015-08-27,-0.03203320111459227
2015-08-28,-0.013988618408586496
2015-08-31,-0.019494852089154618
2015-09-01,0.002824573796520553
2015-09-02,0.007662715503613641
2015-09-03,-0.004679028646951713
2015-09-04,0.0023357330388200617
2015-09-08,0.006681009747756826
2015-09-09,0.0043955366595519576
2015-09-10,-0.00043742612948644575
2015-09-11,0.011412525535099142
2015-09-14,-0.001408731085523645
2015-09-15,0.0019310504248260636
2015-09-16,-0.018656877977917305
2015-09-17,0.008724590732837849
2015-09-18,0.01407818688968668
2015-09-21,0.0032633463528531316
2015-09-22,0.005448653110396834
2015-09-23,0.019757234803582324
2015-09-24,-0.0059024748335519085
2015-09-25,-0.004265920109929974
2015-09-28,-0.001692411219337444
2015-09-29,-0.0051996702303434
2015-09-30,-0.0023497536088283714
2015-10-01,0.013607431308087913
2015-10-02,-0.034082668219071015
2015-10-05,-0.016929150360158133
2015-10-06,-0.03323878112198126
2015-10-07,-0.011014434628296309
2015-10-08,-0.013882865147791653
2015-10-09,0.008479001595136218
2015-10-12,0.019864540947364943
2015-10-13,0.0014699910797203034
2015-10-14,-0.01791384768882184
2015-10-15,0.0035248695814361374
2015-10-16,0.01234007736728951
2015-10-19,0.011711153043823766
2015-10-20,-0.009197830382677364
2015-10-21,0.002264207073422829
2015-10-22,-0.0013188310358943037
2015-10-23,0.006336346739906515
2015-10-26,0.022416624032369766
2015-10-27,0.020400093094571695
2015-10-28,-0.008572629658994465
2015-10-29,0.0024382777855026898
2015-10-30,-0.008795863676206089
2015-11-02,-0.007524851436422662
2015-11-03,-0.018700602630729705
2015-11-04,0.005719198054411049
2015-11-05,0.013500604114241395
2015-11-06,0.0032254925165710762
2015-11-09,-0.0038291170234570297
2015-11-10,0.008900792362534611
2015-11-11,0.016396498941107226
2015-11-12,0.0026518754734629916
2015-11-13,-0.007446444524075217
2015-11-16,-0.006785307708125767
2015-11-17,0.016292155452759065
2015-11-18,0.00055645943863006
2015-11-19,-0.005444426622111258
2015-11-20,0.012854069377111848
2015-11-23,0.0030646391048521457
2015-11-24,-0.01767104355137649
2015-11-25,0.004762413766661098
2015-11-27,0.01106868926951634
2015-11-30,-0.01216557416792455
2015-12-01,0.0047151224621073675
2015-12-02,0.011023547563942606
2015-12-03,-0.0018190253140440093
2015-12-04,0.02576314553916274
2015-12-07,-0.011982859784855032
2015-12-08,0.013568347579631155
2015-12-09,-0.017971426968268617
2015-12-10,-0.002558474658054905
2015-12-11,0.0028623411621225446
2015-12-14,0.013837695119612598
2015-12-15,-0.007844728366781628
2015-12-16,0.01240202207371648
2015-12-17,0.01656023849109575
2015-12-18,-0.004915883125780198
2015-12-21,0.0018644806784874008
2015-12-22,-0.012675947201350433
2015-12-23,-0.02380077432966098
2015-12-24,0.0013539138486091847
2015-12-28,0.015462596706746887
2015-12-29,0.0017158425447813485
2015-12-30,0.0090316019981668
2015-12-31,-0.011213269945239421
2016-01-04,-0.0154840262950945
2016-01-05,-0.0026808143187441965
2016-01-06,0.027556531498618933
2016-01-07,0.010558043395263299
2016-01-08,-0.001087221536935758
2016-01-11,0.023191918487244736
2016-01-12,0.015003226425685709
2016-01-13,-0.003065018772939439
2016-01-14,-0.016308499218356712
2016-01-15,0.003318581237953717
2016-01-19,0.01943288081445426
2016-01-20,0.0099421488539259
2016-01-21,-0.026745917283900803
2016-01-22,-0.0013355387382283975
2016-01-25,0.020052045762178616
2016-01-26,-0.022600677026521725
2016-01-27,-0.01830895696982899
2016-01-28,-0.006255962897379615
2016-01-29,-0.009469992145301608
2016-02-01,0.008974055381123508
2016-02-02,0.005509749224031232
2016-02-03,-0.02894935837971134
2016-02-04,-0.019771251136384428
2016-02-05,-0.011167822121487458
2016-02-08,0.00042556789420584377
2016-02-09,0.021120042663347497
2016-02-10,0.014375673472033598
2016-02-11,8.869422063007691e-06
2016-02-12,-0.015397124392563783
2016-02-16,-0.006663264314189926
2016-02-17,-0.010153743166022987
2016-02-18,-0.006569739198464958
2016-02-19,0.010933992534955765
2016-02-22,-0.015390012065674806
2016-02-23,0.01663678208004931
2016-02-24,-0.0023025490820693497
2016-02-25,0.009292734749287207
2016-02-26,-0.013730868560527206
2016-02-29,-0.005860946697955082
2016-03-01,0.0031228983221927658
2016-03-02,-0.026882672579637053
2016-03-03,-0.017562789800459434
2016-03-04,-0.017183723360991377
2016-03-07,-0.02078148425456324
2016-03-08,0.03494592366350003
2016-03-09,-0.007777346162426902
2016-03-10,0.002099453099216347
2016-03-11,-0.012882016050286339
2016-03-14,0.004019768002637256
2016-03-15,0.008282578802864064
2016-03-16,-0.012453048596849082
2016-03-17,-0.01618224382382797
2016-03-18,0.00017732356089858605
2016-03-21,0.002169579135288112
2016-03-22,0.0034328273048526794
2016-03-23,0.02408134450575489
2016-03-24,-0.0019685036332654894
2016-03-28,0.004436855945802765
2016-03-29,0.004009173015120439
2016-03-30,0.00020457018895475663
2016-03-31,-0.0071921451880498245
2016-04-01,0.019896581953968474
2016-04-04,0.00664066775768775
2016-04-05,-0.0020461690926773185
2016-04-06,-0.0058707489802711675
2016-04-07,-0.0020224631116142647
2016-04-08,-0.013057867804593375
2016-04-11,-0.006264997331363156
2016-04-12,-0.015217990104845293
2016-04-13,-0.007705731768590309
2016-04-14,0.0002364929217603798
2016-04-15,0.004508608733043946
2016-04-18,-0.0020985757434272786
2016-04-19,-0.02217349739219213
2016-04-20,-0.0073084513608889295
2016-04-21,0.004392277982537639
2016-04-22,-0.01565430563400669
2016-04-25,0.016396326696477437
2016-04-26,-0.01312042333256273
2016-04-27,-0.015164836805561684
2016-04-28,0.004938279372885935
2016-04-29,0.004214133092272436
2016-05-02,0.010210256661739728
2016-05-03,0.011767257333517448
2016-05-04,0.01347846315947824
2016-05-05,-0.0032242511059539635
2016-05-06,0.0017451117249833413
2016-05-09,0.018844443438610754
2016-05-10,-0.004601718304597413
2016-05-11,-0.007564143370544214
2016-05-12,0.00518301320655332
2016-05-13,0.005494698511710141
2016-05-16,-0.00788636397662252
2016-05-17,-0.01410354801821306
2016-05-18,0.003824732107087487
2016-05-19,-0.003636836756645711
2016-05-20,-0.010871713907461894
2016-05-23,-0.005118810446476042
2016-05-24,0.0033555032437179184
2016-05-25,-0.014156005991490474
2016-05-26,0.0041080539535771204
2016-05-27,9.935689930862379e-07
2016-05-31,-0.00799874003646731
2016-06-01,0.0011365237884229408
2016-06-02,-0.0022883739540987148
2016-06-03,0.002445254729311401
2016-06-06,-0.01689715619350291
2016-06-07,-0.004485749550425632
2016-06-08,0.0031045013910459326
2016-06-09,0.007794241606724376
2016-06-10,0.016430616668849426
2016-06-13,0.0005400490123946955
2016-06-14,0.004422694571270684
2016-06-15,-0.00031308673269616764
2016-06-16,0.004670938889751184
2016-06-17,-0.017662931573723773
2016-06-20,-0.003200819442902334
2016-06-21,-0.0029314364697663837
2016-06-22,0.002414952413867911
2016-06-23,-0.014482534896667712
2016-06-24,0.02198526020327531
2016-06-27,0.024718323025156683
2016-06-28,-0.011308464233756078
2016-06-29,-0.009611363461475725
2016-06-30,-0.0034930556026191244
2016-07-01,-0.0014824073496557397
2016-07-05,0.022707117393234576
2016-07-06,-0.004903297329737946
2016-07-07,-0.005313245414067759
2016-07-08,-0.006720919184737532
2016-07-11,-0.003095919916717571
2016-07-12,-0.023743352348077725
2016-07-13,0.0023790860281943643
2016-07-14,-0.004017958761838344
2016-07-15,6.397213131846835e-05
2016-07-18,-0.003914387714251122
2016-07-19,0.00351929075481103
2016-07-20,-0.002971385144870344
2016-07-21,-0.0012760077955589237
2016-07-22,0.0026900474924767166
2016-07-25,0.0033646736307837576
2016-07-26,-0.0072861719816505474
2016-07-27,0.0008180637157977329
2016-07-28,0.004256014909993933
2016-07-29,-0.0008362858685617729
2016-08-01,0.013236722589194741
2016-08-02,0.0007510039876730175
2016-08-03,-0.015296383386665134
2016-08-04,0.0030738503104370384
2016-08-05,-0.010792185008608351
2016-08-08,-0.009458589110298697
2016-08-09,0.00235218555132409
2016-08-10,0.01153548600724982
2016-08-11,-0.012651662991271125
2016-08-12,-0.0005921430281852569
2016-08-15,-0.01335644694780197
2016-08-16,-0.007844241805118954
2016-08-17,-0.0013946834672377993
2016-08-18,-0.011939404053436952
2016-08-19,0.0006016258042136135
2016-08-22,0.005171995475028696
2016-08-23,-0.005040105889236347
2016-08-24,0.00927732688212465
2016-08-25,-0.0011575312199189197
2016-08-26,-0.000727292855152038
2016-08-29,-0.0008143880321488357
2016-08-30,-0.003326346294268662
2016-08-31,0.00852718315684749
2016-09-01,0.0006495211500212167
2016-09-02,-0.002165908770499106
2016-09-06,-0.0038846063914369355
2016-09-07,-0.008423185290884611
2016-09-08,-0.013144533797440192
2016-09-09,0.0028930980731401122
2016-09-12,-0.0020837042115887656
2016-09-13,0.0067881310105352395
2016-09-14,0.005617714305051546
2016-09-15,-0.0009817180194657553
2016-09-16,0.0005063099050222003
2016-09-19,0.0008606694782859626
2016-09-20,0.004980601262480389
2016-09-21,-0.00600361480240618
2016-09-22,-0.002485521052112129
2016-09-23,0.00459633163114165
2016-09-26,0.0010811484843677418
2016-09-27,0.0036518949866218738
2016-09-28,-0.011958356312108976
2016-09-29,-0.0005984831803007036
2016-09-30,-0.004779168891219629
2016-10-03,8.021390729142894e-05
2016-10-04,-0.003017298621477554
2016-10-05,-0.011724006618502937
2016-10-06,0.002580429379340214
2016-10-07,0.0015016253820710008
2016-10-10,-0.005749325660978242
2016-10-11,0.008974673254947704
2016-10-12,0.008158836205191066
2016-10-13,0.00044301140951312257
2016-10-14,0.004983289728787878
2016-10-17,0.002970688716206658
2016-10-18,-0.004205905082352112
2016-10-19,-0.009876978426170498
2016-10-20,-0.008333384713996706
2016-10-21,0.0027134157717793486
2016-10-24,0.005436721691411957
2016-10-25,0.002335594115275416
2016-10-26,-0.00394209374097119
2016-10-27,-0.0032035079229187267
2016-10-28,0.012602467754558947
2016-10-31,0.007553389227822524
2016-11-01,-0.004698619052924562
2016-11-02,0.0008343358305275483
2016-11-03,-0.003109689960600872
2016-11-04,-0.005712890074378295
2016-11-07,-0.004192381272778783
2016-11-08,0.007453531417182448
2016-11-09,-0.03486085174366513
2016-11-10,-0.02569465845514388
2016-11-11,0.002735893867564151
2016-11-14,-0.023880778230054987
2016-11-15,0.0022008993690631395
2016-11-16,0.010452837748451311
2016-11-17,-0.0009188950755132336
2016-11-18,0.0006021308760355888
2016-11-21,-0.004688006692586557
2016-11-22,0.0027062374895207002
2016-11-23,-0.00508899539560357
2016-11-25,0.005372148929236297
2016-11-28,0.006045403679055812
2016-11-29,0.006173407963279913
2016-11-30,-0.02652158848595219
2016-12-01,-0.009547074437817672
2016-12-02,0.003438073918616967
2016-12-05,-0.001589687303080718
2016-12-06,-0.00021353100748684026
2016-12-07,0.0036034261734916675
2016-12-08,-0.004692664531906368
2016-12-09,0.0014196569803568457
2016-12-12,0.009266355950182442
2016-12-13,0.001126169605564267
2016-12-14,0.0030011106428826477
2016-12-15,-0.004516450131562276
2016-12-16,-0.0019664019133024636
2016-12-19,0.00480252606208091
2016-12-20,0.00041501864750083134
2016-12-21,-0.0024873747704047926
2016-12-22,0.0018832284388101736
2016-12-23,-0.005920490418231826
2016-12-27,-0.0009179089401998929
2016-12-28,0.004284313538131415
2016-12-29,0.0037975686931874786
2016-12-30,-0.001791059388167938
2017-01-03,-0.010795467710607737
2017-01-04,-0.008510707037398736
2017-01-05,0.0023463098840585694
2017-01-06,0.002054307288253012
2017-01-09,0.0018989825159855852
2017-01-10,-0.007418136702825766
2017-01-11,0.007596574838393078
2017-01-12,0.0016668320192003336
2017-01-13,-3.474454004144067e-05
2017-01-17,0.0032713587648353893
2017-01-18,0.0007539250012797322
2017-01-19,0.007469849077326783
2017-01-20,0.0026120200097516266
2017-01-23,0.005557290837234698
2017-01-24,-0.0013303172277134823
2017-01-25,-0.001156935226150378
2017-01-26,0.010040529381872556
2017-01-27,0.006193043537772861
2017-01-30,-0.0012327660251964699
2017-01-31,-0.003959560280444824
2017-02-01,-0.002712728648834573
2017-02-02,0.0028867558939810224
2017-02-03,-0.0009502551577863754
2017-02-06,-0.0013473200683579618
2017-02-07,0.004581379652449412
2017-02-08,-0.0004410801158416768
2017-02-09,-0.0065683280307883155
2017-02-10,0.0030975006133182824
2017-02-13,-0.003391511097153217
2017-02-14,-0.006318784924812355
2017-02-15,-0.005514805011085912
2017-02-16,0.006465366624276284
2017-02-17,-0.0018175598444392842
2017-02-21,0.0020172567609652104
2017-02-22,0.0018134733358852158
2017-02-23,-0.0020907995684216144
2017-02-24,0.0015576732302716566
2017-02-27,-0.0016290268856219152
2017-02-28,0.00906742895469248
2017-03-01,0.0015174354447508717
2017-03-02,-0.002159644717501751
2017-03-03,0.003535980771716878
2017-03-06,0.007178643030204224
2017-03-07,0.011018931685506229
2017-03-08,-0.003767658840381061
2017-03-09,0.001004876654511812
2017-03-10,0.0014497511402350757
2017-03-13,0.004719533585557755
2017-03-14,0.0017372906484742247
2017-03-15,-0.0009332517257369234
2017-03-16,-7.069844017930846e-05
2017-03-17,0.006572250164889283
2017-03-20,0.0037361576730125497
2017-03-21,0.0002358496602750676
2017-03-22,0.0007247435315853343
2017-03-23,-0.00027720573643358386
2017-03-24,-0.0007731338537880503
2017-03-27,-0.006692193226612107
2017-03-28,-3.5757585817446205e-05
2017-03-29,-0.005130181645789736
2017-03-30,0.00312769352198359
2017-03-31,0.0006033007130399425
2017-04-03,0.002308445160508894
2017-04-04,0.0043150158653509066
2017-04-05,0.0013115864450270068
2017-04-06,-0.002437914814053315
2017-04-07,-0.0024861206481084108
2017-04-10,-0.005196970231951946
2017-04-11,0.00012531226778409794
2017-04-12,-0.0016034008679670793
2017-04-13,-0.004532100345752925
2017-04-17,0.005454719854974048
2017-04-18,0.004871387338295031
2017-04-19,-0.003156651645206132
2017-04-20,0.00018633035280257124
2017-04-21,0.002541664607174225
2017-04-24,0.0030957030381425126
2017-04-25,0.006362719182047111
2017-04-26,-0.006881421322288426
2017-04-27,-0.0036478157149045874
2017-04-28,-0.0014550634875567189
2017-05-01,0.004096116304692312
2017-05-02,-0.00586478849541161
2017-05-03,0.0029701069831684864
2017-05-04,-0.003699362010264539
2017-05-05,0.0022694939714955377
2017-05-08,0.002483488988093469
2017-05-09,-0.006382841817550959
2017-05-10,0.009172600840460041
2017-05-11,0.007177033357133547
2017-05-12,0.006690843270378039
2017-05-15,0.004911563143361727
2017-05-16,0.009632666751253498
2017-05-17,-0.009926944354834509
2017-05-18,0.005203246002541183
2017-05-19,0.0023170968824193657
2017-05-22,0.003568824255042541
2017-05-23,0.004065337409599609
2017-05-24,0.007079776134390386
2017-05-25,0.003817897562501008
2017-05-26,0.003501474625730491
2017-05-30,0.005166370103791039
2017-05-31,-0.004149560415703609
2017-06-01,-0.00903160001314334
2017-06-02,0.003532958886911834
2017-06-05,0.0020183475669653408
2017-06-06,0.006197151973432893
2017-06-07,0.004919737180561386
2017-06-08,0.001229872522347223
2017-06-09,-0.0231894358406685
2017-06-12,-0.0056724524990346276
2017-06-13,0.0054192670320790965
2017-06-14,-0.005702874586625482
2017-06-15,0.011007464264372394
2017-06-16,0.010407831462249561
2017-06-19,0.004436273712018584
2017-06-20,0.000306000307709536
2017-06-21,-0.002127981180548848
2017-06-22,-0.009561638963410581
2017-06-23,-0.00020038797549424176
2017-06-26,-0.0054938150502141184
2017-06-27,-0.004001435296654981
2017-06-28,0.0037248790577470736
2017-06-29,-0.005427018110114599
2017-06-30,-0.0045805274423069186
2017-07-03,-0.008695868438345033
2017-07-05,0.014718937511184006
2017-07-06,0.009599267492964234
2017-07-07,0.005672748570699772
2017-07-10,0.010073483772790316
2017-07-11,0.0019668264275551025
2017-07-12,0.002387223442125433
2017-07-13,-0.006740084222885551
2017-07-14,0.0010002221704640871
2017-07-17,-0.0019307614436147298
2017-07-18,0.007482385044858956
2017-07-19,-0.0034575998875150706
2017-07-20,-0.0033111354896438712
2017-07-21,0.0006023879657123207
2017-07-24,0.003372761077234385
2017-07-25,-0.007360054375817662
2017-07-26,0.003656064480698523
2017-07-27,-0.007847470191714181
2017-07-28,-0.0033041527229083867
2017-07-31,-0.004373677485654973
2017-08-01,0.005720954197861385
2017-08-02,0.002859239018409128
2017-08-03,0.00570406077564069
2017-08-04,0.0024922189015726902
2017-08-07,0.0035381712477479134
2017-08-08,0.0014666935387245375
2017-08-09,-0.00021124452092623523
2017-08-10,-0.005991481455387588
2017-08-11,0.0020334011745160177
2017-08-14,0.012048263226031754
2017-08-15,0.0063874691379774235
2017-08-16,-0.00017255475764075293
2017-08-17,-0.004947857746578646
2017-08-18,0.005689891679938525
2017-08-21,-0.00120716323448375
2017-08-22,0.003944344093727473
2017-08-23,-0.0019691719374430347
2017-08-24,0.0011874645493237064
2017-08-25,-0.00688129145970125
2017-08-28,0.00043269200714939965
2017-08-29,0.004896136329621444
2017-08-30,0.002963245822722549
2017-08-31,-0.00387836317646931
2017-09-01,-0.004996960224415591
2017-09-05,-0.009910597245984521
2017-09-06,-0.008806877056364312
2017-09-07,-0.004849482647663886
2017-09-08,0.0033447335357013196
2017-09-11,0.005876314027916546
2017-09-12,-0.004654096285527075
2017-09-13,-0.005378170307349558
2017-09-14,0.0016916768394531446
2017-09-15,0.0034934657958382623
2017-09-18,0.007944472666299504
2017-09-19,0.006806451538263498
2017-09-20,-0.002787139213422583
2017-09-21,0.00023822956489367555
2017-09-22,-0.004113730070539131
2017-09-25,-0.019062488281608746
2017-09-26,0.0010417257983518348
2017-09-27,0.011932440472107947
2017-09-28,0.006468365340284855
2017-09-29,0.004882765731292713
2017-10-02,-0.0024403842517138953
2017-10-03,0.0015595500041285268
2017-10-04,-0.0027112310380347166
2017-10-05,0.0017458603293344184
2017-10-06,0.009379932555492052
2017-10-09,0.007912398432163561
2017-10-10,-0.004783117314160914
2017-10-11,0.002974835562538047
2017-10-12,0.0006065507721684158
2017-10-13,0.002435682199095788
2017-10-16,0.00696594650499316
2017-10-17,-0.0036844376543595046
2017-10-18,0.005903552517859437
2017-10-19,-0.0039685483935342
2017-10-20,0.002436622591192142
2017-10-23,0.003627575536621751
2017-10-24,0.00623512602842281
2017-10-25,0.0033744910751948363
2017-10-26,0.008304697735803961
2017-10-27,0.01698185706544317
2017-10-30,0.0025828728546751605
2017-10-31,0.013740935964631273
2017-11-01,-0.008399261309812283
2017-11-02,0.007131002713611068
2017-11-03,-0.0011406846319473559
2017-11-06,-0.0021265378672253895
2017-11-07,-0.0037648312771027185
2017-11-08,-0.005095739191126359
2017-11-09,-0.016557331297418904
2017-11-10,-0.0005612536678120959
2017-11-13,0.008179915409103568
2017-11-14,0.009968357133858309
2017-11-15,-0.0014257917807387604
2017-11-16,0.0017815367503806747
2017-11-17,-0.012664428274682019
2017-11-20,0.0079050785591223
2017-11-21,0.009071012792797567
2017-11-22,-0.00845791306315534
2017-11-24,0.004321230287891645
2017-11-27,0.003997237395429114
2017-11-28,-0.003186084347546897
2017-11-29,-0.025704875017277928
2017-11-30,0.002442505591106222
2017-12-01,-0.005258758232074038
2017-12-04,-0.02098799025678796
2017-12-05,0.008941802082796591
2017-12-06,0.008618457758345412
2017-12-07,0.0032236557173022508
2017-12-08,-0.008032293475865546
2017-12-11,-0.00255620790193595
2017-12-12,-0.00250316703823887
2017-12-13,0.00033556518752825986
2017-12-14,0.002391773514770965
2017-12-15,-0.005131370576964791
2017-12-18,-0.004026048563192081
2017-12-19,-0.0017211549468602184
2017-12-20,-0.0022789455776634354
2017-12-21,-0.008947430136901132
2017-12-22,-0.00176596543516061
2017-12-26,-0.009296210655173531
2017-12-27,0.005850030522935017
2017-12-28,0.0020529380862084473
2017-12-29,0.0006128147945999028
2018-01-02,-0.009621575575864167
2018-01-03,-0.0006259630614695651
2018-01-04,0.0014959046866161066
2018-01-05,0.004239661268340252
2018-01-08,0.003357656000044332
2018-01-09,0.0021035718121422257
2018-01-10,-0.0031646989097836127
2018-01-11,-0.005143430400908364
2018-01-12,0.002302840493354205
2018-01-16,-0.0011127521202776156
2018-01-17,0.01083723998927199
2018-01-18,0.0014333231401446897
2018-01-19,0.0017070314880861307
2018-01-22,-0.0012208893153911346
2018-01-23,-0.000358382962205074
2018-01-24,0.003367475246483483
2018-01-25,0.00531317189885285
2018-01-26,0.00805666318158968
2018-01-29,-0.0055459658411809165
2018-01-30,-0.0007152850574951808
2018-01-31,0.005048848223329206
2018-02-01,0.0004843277378592759
2018-02-02,-0.0025051622029026266
2018-02-05,-0.0027911944432312077
2018-02-06,0.009203928171216326
2018-02-07,0.0024933072587305745
2018-02-08,-0.007883004578436093
2018-02-09,0.014631306030401971
2018-02-12,0.0044346587857457325
2018-02-13,0.005549844926748195
2018-02-14,0.0007441655043193594
2018-02-15,0.0038699615598438205
2018-02-16,-0.00195778876757888
2018-02-20,0.0026800366976607293
2018-02-21,0.003996023903936604
2018-02-22,0.0037404856226002335
2018-02-23,-0.001124684777929879
2018-02-26,0.0032901864644930235
2018-02-27,0.0023129424053724658
2018-02-28,0.0005885809088261893
2018-03-01,-0.010393485452143303
2018-03-02,-0.0028653878459405234
2018-03-05,-0.0027760590023100436
2018-03-06,0.0008632036474301978
2018-03-07,-0.002454468096253916
2018-03-08,-0.002452621578124827
2018-03-09,0.00895069715246192
2018-03-12,-0.009209153518279795
2018-03-13,0.00026397480061953377
2018-03-14,0.000354062981393467
2018-03-15,0.004449059245212999
2018-03-16,-0.0012580989908331478
2018-03-19,0.0037371112707736635
2018-03-20,0.01571810172260655
2018-03-21,-0.0025138700508900483
2018-03-22,-0.017149832828945086
2018-03-23,-0.0009942095266327242
2018-03-26,0.016861325540328348
2018-03-27,-0.018116611144901127
2018-03-28,-0.016815798279022274
2018-03-29,0.011126757042504876
2018-04-02,0.001844634743430523
2018-04-03,0.00010169452495259957
2018-04-04,-0.004846460461973543
2018-04-05,0.005902949212193167
2018-04-06,-0.0076245929994954685
2018-04-09,0.0027852934332589564
2018-04-10,0.005887562475155633
2018-04-11,-0.00045172012811950835
2018-04-12,0.010730924364088547
2018-04-13,-0.00815134542004385
2018-04-16,-0.0016606986390880925
2018-04-17,0.008402624103147458
2018-04-18,0.006395824944222337
2018-04-19,0.008747247560679497
2018-04-20,0.0011608447519866826
2018-04-23,-0.0033329863031198253
2018-04-24,-0.013145857871724885
2018-04-25,-0.0011563618389054163
2018-04-26,-0.001407354011196115
2018-04-27,-0.004633782901533764
2018-04-30,0.0048982708925474116
2018-05-01,0.005715336660806438
2018-05-02,0.003808183216589776
2018-05-03,0.014312475315912098
2018-05-04,-0.005376451140242648
2018-05-07,0.005747255928255278
2018-05-08,0.009199464811492114
2018-05-09,0.006225516824106774
2018-05-10,-0.002875325995320045
2018-05-11,-0.006557022391176051
2018-05-14,-0.003339449177486478
2018-05-15,0.00039515040014271116
2018-05-16,-0.004278215996802984
2018-05-17,-0.0008964733122781457
2018-05-18,0.004745650838935012
2018-05-21,0.009208639176982501
2018-05-22,-0.0036530447103669916
2018-05-23,0.0030965926679182975
2018-05-24,-0.0007474967411915099
2018-05-25,-0.008277515082459172
2018-05-29,-7.364452603900108e-05
2018-05-30,0.0033321750916250024
2018-05-31,-0.004783527013866579
2018-06-01,0.006092578453580938
2018-06-04,3.5763856200680643e-06
2018-06-05,0.003910552634434328
2018-06-06,-0.0015082238806239693
2018-06-07,-0.006026707229737815
2018-06-08,-0.004829611978786797
2018-06-11,-0.004729825461490212
2018-06-12,0.0012762954272794308
2018-06-13,0.00018929493000126839
2018-06-14,-0.004822988414336751
2018-06-15,-0.011799693507373352
2018-06-18,0.011285863782693261
2018-06-19,-0.011938439424675476
2018-06-20,-0.00011549824607035951
2018-06-21,-0.0060345778337370665
2018-06-22,-0.0041069612100733234
2018-06-25,-0.01240308253698524
2018-06-26,0.006677238711110394
2018-06-27,-0.0008432972868409463
2018-06-28,0.005943675039754941
2018-06-29,0.0033386950331341625
2018-07-02,-0.002200126604528156
2018-07-03,-0.005308627775687417
2018-07-05,-0.0060014127064020855
2018-07-06,-0.005649977480880216
2018-07-09,0.006534494476223863
2018-07-10,-0.0004893416464422322
2018-07-11,0.0012343696117790893
2018-07-12,0.005855474073562114
2018-07-13,-0.0014348840190337134
2018-07-16,-0.004379145518275121
2018-07-17,-0.0015421054072410163
2018-07-18,0.0033363357040954184
2018-07-19,0.0019889701396429483
2018-07-20,0.0016213868782125975
2018-07-23,0.0030373976315856517
2018-07-24,-0.000531400894698512
2018-07-25,0.007834078344906795
2018-07-26,-0.009173532939070148
2018-07-27,-0.011768066002792692
2018-07-30,-0.016220445410997025
2018-07-31,-0.0037967314041191793
2018-08-01,0.006141694073366837
2018-08-02,0.008211134363550924
2018-08-03,-0.010885567732671412
2018-08-06,0.006211632669847192
2018-08-07,0.002919598368543057
2018-08-08,0.003862794560461032
2018-08-09,0.0016129086329109395
2018-08-10,0.006335283815313555
2018-08-13,0.00014555466910636672
2018-08-14,0.002367868101138437
2018-08-15,-0.010462310695339937
2018-08-16,-0.0061454108492639435
2018-08-17,-0.0015998759261292002
2018-08-20,0.0018669617297383237
2018-08-21,0.0007976116223445959
2018-08-22,0.013249406751897369
2018-08-23,0.008933591278678323
2018-08-24,0.006502487304215798
2018-08-27,-0.005697411687867433
2018-08-28,0.0008017495927263196
2018-08-29,0.005326454274264908
2018-08-30,0.0031294609895539368
2018-08-31,0.0018449638914119573
2018-09-04,0.011589964980495932
2018-09-05,-0.01102830941130951
2018-09-06,0.007271071381536987
2018-09-07,-0.0016973953916857836
2018-09-10,0.0004682740515684361
2018-09-11,0.008752646635176357
2018-09-12,-0.0020054664997302507
2018-09-13,-0.0030557813172270238
2018-09-14,-0.0008996007728749436
2018-09-17,-0.009323117019469853
2018-09-18,0.0041885246194008595
2018-09-19,-0.010887030600831203
2018-09-20,-0.004080449490066067
2018-09-21,-0.002352154847783983
2018-09-24,0.01425279817148197
2018-09-25,0.009094527496996707
2018-09-26,0.002949438981260877
2018-09-27,0.0026723871618731148
2018-09-28,0.002202169690732227
2018-10-01,0.0044908023300868965
2018-10-02,-0.010041763544506008
2018-10-03,-0.0037961070097929663
2018-10-04,-0.006772407215549421
2018-10-05,1.1822385544305028e-05
2018-10-08,-0.007729726076998249
2018-10-09,0.009328343481013326
2018-10-10,-0.013151603495976846
2018-10-11,0.0046288332831573385
2018-10-12,0.017805467998341686
2018-10-15,-0.009800554157246188
2018-10-16,0.008917440218817196
2018-10-17,-0.006803642311307206
2018-10-18,0.003249134144266221
2018-10-19,-0.0067431355156472444
2018-10-22,0.016707793963106416
2018-10-23,-0.002996632212636708
2018-10-24,0.0066405847374797185
2018-10-25,-0.0010373323261543572
2018-10-26,-0.001045369770741578
2018-10-29,0.0007452013849493463
2018-10-30,-0.004460176144258364
2018-10-31,0.0008808129084325368
2018-11-01,-0.014089646189204646
2018-11-02,-0.0008322121119321154
2018-11-05,0.0003567315166380952
2018-11-06,-0.004668952990452801
2018-11-07,0.01456625773676764
2018-11-08,0.0055153248226801135
2018-11-09,0.0069596406569874016
2018-11-12,0.0015536928220402767
2018-11-13,-0.004968032594199875
2018-11-14,-0.0032112934881669327
2018-11-15,-0.0062173227071691435
2018-11-16,0.004227155085714826
2018-11-19,-0.007170887620518539
2018-11-20,-0.006505307386012144
2018-11-21,-0.007518371785546405
2018-11-23,0.007262972617023972
2018-11-26,-0.005157226040287847
2018-11-27,0.007343811046298525
2018-11-28,0.007626200319035161
2018-11-29,0.007385737845514073
2018-11-30,0.0020484600842334702
2018-12-03,-0.004698690154984317
2018-12-04,0.015907256295830348
2018-12-06,0.007197174280811825
2018-12-07,-0.0012223040737476011
2018-12-10,0.011236290816258656
2018-12-11,0.004095053103151012
2018-12-12,-0.0015101901727646546
2018-12-13,0.006034435369996925
2018-12-14,-0.005971931128623896
2018-12-17,-0.012098057580949817
2018-12-18,-0.0010124257726912083
2018-12-19,0.007721858839409542
2018-12-20,-0.0045675928003627644
2018-12-21,0.009400007674458463
2018-12-24,0.00016317454009279127
2018-12-26,-0.003056305829975083
2018-12-27,-0.0004973566235687307
2018-12-28,0.0021013221790162893
2018-12-31,0.005556985824623372
2019-01-02,-0.018011420485972707
2019-01-03,-0.01682543792642309
2019-01-04,-0.001095352621643434
2019-01-07,5.009587936111721e-06
2019-01-08,0.0073400246984481575
2019-01-09,0.0005192313150401346
2019-01-10,-0.0010123817076628078
2019-01-11,-0.0020178018420106145
2019-01-14,-0.0032530541164063932
2019-01-15,0.007876314324080076
2019-01-16,-0.0028279223541036094
2019-01-17,0.0008612231703319442
2019-01-18,-0.00698455531902258
2019-01-22,0.003557215663609883
2019-01-23,-0.002499896298537545
2019-01-24,-0.005566890160101278
2019-01-25,-0.009522883990289327
2019-01-28,-0.00670257062001885
2019-01-29,-0.0016056781341974797
2019-01-30,0.01237933000883627
2019-01-31,-0.004980318163442904
2019-02-01,-0.0042880722981721835
2019-02-04,0.004408373949730775
2019-02-05,0.0013902493293028609
2019-02-06,-0.0015463842397067894
2019-02-07,0.005836270484194855
2019-02-08,0.0011603924325059756
2019-02-11,0.0007963462198760085
2019-02-12,0.0009225851991168138
2019-02-13,-0.00501561913750126
2019-02-14,0.008934737449750693
2019-02-15,4.6972539672346664e-05
2019-02-19,-0.003858243570354348
2019-02-20,-0.0007497976537213365
2019-02-21,0.006575333668997562
2019-02-22,0.013406860620006494
2019-02-25,-0.00705366526054297
2019-02-26,0.0025514276021579045
2019-02-27,0.0020296948295176905
2019-02-28,0.003516413263646601
2019-03-01,0.0024874548443490725
2019-03-04,-0.003985951405604519
2019-03-05,0.006049096495686748
2019-03-06,0.006461697613046014
2019-03-07,0.0008084429584073481
2019-03-08,-0.0023386197463497933
2019-03-11,-0.000424418899870758
2019-03-12,0.0024426540222264106
2019-03-13,0.0003252096484811258
2019-03-14,0.0011969177638670842
2019-03-15,0.0009728749594994318
2019-03-18,-0.0026871985645351387
2019-03-19,0.0019320838635777135
2019-03-20,0.008422402891196695
2019-03-21,-0.002295977662016499
2019-03-22,0.007014091780252365
2019-03-25,0.007899761741508922
2019-03-26,-0.0044559725246876136
2019-03-27,0.0021523411077329297
2019-03-28,-0.0008919154434260248
2019-03-29,-0.00325175046214634
2019-04-01,-0.008291975653844935
2019-04-02,-0.000721908536490491
2019-04-03,-0.0010770182683489762
2019-04-04,-0.007525115432251456
2019-04-05,-0.002214873106461925
2019-04-08,-0.0008911951851051793
2019-04-09,0.00702650244767229
2019-04-10,0.00022206677977472663
2019-04-11,-0.005605110546495098
2019-04-12,-0.011534802911706731
2019-04-15,0.005319110566751041
2019-04-16,-0.016320867260049964
2019-04-17,-0.005234734710891236
2019-04-18,0.0034062278004460163
2019-04-22,0.0027691652319557516
2019-04-23,0.001145056867281205
2019-04-24,0.005222967387004919
2019-04-25,0.008870501671677479
2019-04-26,-0.005064040108404656
2019-04-29,-0.007910735779846282
2019-04-30,0.0020978405783468393
2019-05-01,-0.001741453094583406
2019-05-02,0.005311434352503569
2019-05-03,-0.0024189936523850196
2019-05-06,0.0032188647064644105
2019-05-07,0.0002757977074844363
2019-05-08,0.0015371224508231168
2019-05-09,0.0004301144578421418
2019-05-10,0.006339276747578773
2019-05-13,0.008350777113739636
2019-05-14,-0.0036523237158407698
2019-05-15,0.0007540312221937044
2019-05-16,0.004855822389357103
2019-05-17,0.006563346110851706
2019-05-20,0.006095421228131079
2019-05-21,-0.002751054343055559
2019-05-22,0.011426292796245024
2019-05-23,0.005060711082224326
2019-05-24,0.004516704252104699
2019-05-28,0.009006998745219154
2019-05-29,-0.004756947148199666
2019-05-30,0.012476784073561398
2019-05-31,0.008634777704292067
2019-06-03,-0.009529199222563204
2019-06-04,-0.013547444090971267
2019-06-05,0.016301123014990326
2019-06-06,0.0028658955735864906
2019-06-07,0.005040578483989609
2019-06-10,-0.010359752347058509
2019-06-11,-0.006632223331105611
2019-06-12,0.014814465248664298
2019-06-13,-0.010744669395163714
2019-06-14,0.006872382340548823
2019-06-17,-0.000855591627751039
2019-06-18,-0.008878748794804929
2019-06-19,0.0041690937864994485
2019-06-20,-0.00429454667699199
2019-06-21,-0.0038923362395504486
2019-06-24,0.0038502969325710738
2019-06-25,-0.0031876688856425266
2019-06-26,-0.018511526543815025
2019-06-27,-0.006709338257002118
2019-06-28,-0.008522089259024857
2019-07-01,0.0011512856359748639
2019-07-02,0.00887896780543576
2019-07-03,0.005361688914741951
2019-07-05,4.572035388011511e-05
2019-07-08,0.0033881849041443412
2019-07-09,-0.00044767928661050517
2019-07-10,-0.000774267184702744
2019-07-11,-0.003935549467062751
2019-07-12,-0.004990233422747299
2019-07-15,0.005237508592941009
2019-07-16,0.001925290555306099
2019-07-17,0.004930257228044005
2019-07-18,-0.0010131807210297177
2019-07-19,-0.010197648728988463
2019-07-22,-0.00783126574768272
2019-07-23,-0.008260133955885783
2019-07-24,-0.010236746646261206
2019-07-25,0.005891956480704339
2019-07-26,0.0022109676256629636
2019-07-29,0.005576293963742127
2019-07-30,-0.005920235449383185
2019-07-31,-0.0030555072541366196
2019-08-01,0.007642591920584325
2019-08-02,0.005847439131204499
2019-08-05,0.00559049701542016
2019-08-06,0.011649766584124359
2019-08-07,0.004261248934715727
2019-08-08,0.004214487725925565
2019-08-09,0.008897830482707954
2019-08-12,0.0010620869476007362
2019-08-13,-0.0003458098376919162
2019-08-14,0.00920225013055061
2019-08-15,0.010824794347729677
2019-08-16,-0.009821890932956006
2019-08-19,-0.009740668667414134
2019-08-20,0.0016989890775593018
2019-08-21,0.008082579834972717
2019-08-22,-0.0004780095809593641
2019-08-23,0.008594396578247784
2019-08-26,0.006902359750588213
2019-08-27,0.011981008705714133
2019-08-28,-0.005310856436249794
2019-08-29,-0.005229295991389799
2019-08-30,-0.013966727521086707
2019-09-03,0.0014652052463690903
2019-09-04,-0.009934273181525155
2019-09-05,-0.00916068527028091
2019-09-06,-0.0018860758991015652
2019-09-09,-0.029676483995231852
2019-09-10,-0.023171373657538248
2019-09-11,-0.0033394486696955916
2019-09-12,0.005905523938749643
2019-09-13,-0.00955853458049653
2019-09-16,-0.012373000948115283
2019-09-17,0.015666503706178322
2019-09-18,0.0069417061365573945
2019-09-19,0.003198268734338892
2019-09-20,0.0027025103572803034
2019-09-23,0.0031057658869685506
2019-09-24,0.008885218914849388
2019-09-25,-0.006033066118885108
2019-09-26,0.008944940544048515
2019-09-27,0.000999648870850312
2019-09-30,0.00437475986593129
2019-10-01,0.00904275048194472
2019-10-02,0.0011165341440426753
2019-10-03,0.0013562913591820024
2019-10-04,0.005507779126237871
2019-10-07,-2.369527134163404e-05
2019-10-08,0.002361502667863407
2019-10-09,0.0026800557826576346
2019-10-10,-0.007735528778747047
2019-10-11,-0.01269185262248142
2019-10-14,-0.0020592994795531946
2019-10-15,-0.008635115357978021
2019-10-16,0.0033319298125411103
2019-10-17,-0.0018708245110541522
2019-10-18,0.00021249159184713923
2019-10-21,-0.011725147944301293
2019-10-22,-0.022031989363813252
2019-10-23,-0.008567846061792422
2019-10-24,0.007574679857180018
2019-10-25,-0.009041409275771269
2019-10-28,-0.0005956490043504058
2019-10-29,-0.0017635902934845598
2019-10-30,0.010006818222125843
2019-10-31,0.0036946386597086407
2019-11-01,-0.0195976929905534
2019-11-04,-0.027560767810403224
2019-11-05,-0.0049853464976372525
2019-11-06,0.011815994195839511
2019-11-07,-0.0076596752077903955
2019-11-08,-0.003632657876911746
2019-11-11,0.006495785864557303
2019-11-12,0.0032771032346850925
2019-11-13,0.016167370987897427
2019-11-14,0.003950985101865584
2019-11-15,-0.007375795179737148
2019-11-18,0.005023599868437371
2019-11-19,0.003124916834717869
2019-11-20,-0.003323749019596087
2019-11-21,-0.010321361848048894
2019-11-22,-0.004767160962772221
2019-11-25,-0.008054798927054713
2019-11-26,0.01444921666293257
2019-11-27,-0.0029549774838683964
2019-11-29,0.0022125111299820875
2019-12-02,-0.003388428950522892
2019-12-03,0.009324002980442768
2019-12-04,-0.005568894976626697
2019-12-05,0.003940085783363106
2019-12-06,-0.0103727528356159
2019-12-09,0.001213575113395993
2019-12-10,-0.0013447176209769492
2019-12-11,-0.0005574021707405411
2019-12-12,-0.013617843403966287
2019-12-13,0.008420898672561081
2019-12-16,-0.005969085798212915
2019-12-17,-0.0019419772911430616
2019-12-18,0.0002319669184824154
2019-12-19,0.002267379868463283
2019-12-20,-0.00017926513378120995
2019-12-23,-0.00898142747424898
2019-12-24,0.0018961401200634142
2019-12-26,0.0018126944243402753
2019-12-27,0.004526457353584582
2019-12-30,-0.00035909280046474476
2019-12-31,-0.0029617450771313243
2020-01-02,-0.0003305432084617147
2020-01-03,0.0025806871879565925
2020-01-06,-0.007641031301797642
2020-01-07,-0.0018459016701373968
2020-01-08,0.005415584465921085
2020-01-09,0.003490546917741626
2020-01-10,0.0021174272541863077
2020-01-13,0.00516003794275799
2020-01-14,-0.003912802706521174
2020-01-15,0.008302102251023173
2020-01-16,0.001740591669187269
2020-01-17,0.009103722227350416
2020-01-21,0.01163843493498517
2020-01-22,0.0076840315604765706
2020-01-23,0.0017533076540814083
2020-01-24,0.003977365735440114
2020-01-27,0.01290210971690636
2020-01-28,0.0017451600883904015
2020-01-29,0.0038857103523681383
2020-01-30,0.007027945865044836
2020-01-31,-0.001271969680869012
2020-02-03,0.007105392203283164
2020-02-04,-0.0033720836409756707
2020-02-05,-0.023214004352890703
2020-02-06,-0.0026426681789524834
2020-02-07,0.004507886150860938
2020-02-10,0.006626727493407059
2020-02-11,-0.0070749574332871846
2020-02-12,-0.008933755880625628
2020-02-13,0.010698813080379121
2020-02-14,0.011393221400514152
2020-02-18,0.0011199464228236326
2020-02-19,-0.004327193015531594
2020-02-20,-0.0039009555697137083
2020-02-21,0.0005174305397340102
2020-02-24,0.013192118615077771
2020-02-25,0.007691969468390616
2020-02-26,0.009332110706340858
2020-02-27,-0.0034115451087122816
2020-02-28,-0.006566039316404979
2020-03-02,0.01718761891402201
2020-03-03,0.0065926127058733
2020-03-04,0.012025891484843076
2020-03-05,0.0037149342784724188
2020-03-06,0.0163561617158373
2020-03-09,0.06692273013348497
2020-03-10,-0.00820391218131725
2020-03-11,0.018445675125556393
2020-03-12,0.024579651696383962
2020-03-13,-0.008436810097354695
2020-03-16,0.0016106947867858964
2020-03-17,0.028067569008437456
2020-03-18,0.02756789780088135
2020-03-19,-0.02142768582677632
2020-03-20,-0.035035245544796235
2020-03-23,0.004645062450652093
2020-03-24,-0.036692658240030214
2020-03-25,-0.026257519718109232
2020-03-26,0.012241888350369948
2020-03-27,0.02386447119020995
2020-03-30,0.019614240898559107
2020-03-31,-0.023220362250642525
2020-04-01,0.016145610020889534
2020-04-02,-0.008398170592530821
2020-04-03,-0.005669340861866235
2020-04-06,0.0017829392898349467
2020-04-07,-0.01674140854030276
2020-04-08,-0.026765874751787433
2020-04-09,0.0018469996353650817
2020-04-13,0.0082259610308238
2020-04-14,0.019130688776798375
2020-04-15,0.015714059505837603
2020-04-16,0.028153034093825347
2020-04-17,-0.03621681466197875
2020-04-20,0.0030097786411439754
2020-04-21,-0.0037889873717728397
2020-04-22,0.005803395052403266
2020-04-23,-0.023400028491407845
2020-04-24,0.007267827974187063
2020-04-27,-0.012943763991739875
2020-04-28,-0.027974741595735684
2020-04-29,-0.03519537911207795
2020-04-30,0.014866116179493901
2020-05-01,0.028853440931002564
2020-05-04,-0.00044871331916747164
2020-05-05,0.017389766794178484
2020-05-06,0.013019510795829822
2020-05-07,-0.011563061608462386
2020-05-08,-0.026730414433466188
2020-05-11,0.022334605355852525
2020-05-12,0.006794940063184485
2020-05-13,0.029669724484986438
2020-05-14,-0.004433657111735291
2020-05-15,0.008790379138590756
2020-05-18,-0.06043138707265292
2020-05-19,0.009668829325942652
2020-05-20,-0.021758876430603695
2020-05-21,-0.00400290838464165
2020-05-22,0.008305162333761065
2020-05-26,-0.04170508054424338
2020-05-27,-0.012739408366304689
2020-05-28,0.0214874359886675
2020-05-29,0.02002688149372845
2020-06-01,-0.01240926901495299
2020-06-02,-0.016204544125584478
2020-06-03,-0.033722486294064366
2020-06-04,-0.025076208784078985
2020-06-05,-0.04234930019898358
2020-06-08,-0.03970578565129935
2020-06-09,0.03177122470000805
2020-06-10,0.046409628818401105
2020-06-11,0.04095866212780734
2020-06-12,-0.030194250117698343
2020-06-15,0.0014297354438461282
2020-06-16,-0.0031924684631562256
2020-06-17,0.020189774544649423
2020-06-18,-0.005346386011014757
2020-06-19,0.009701632309305644
2020-06-22,0.010600035896313227
2020-06-23,-0.0008338581247344539
2020-06-24,0.0266490588587115
2020-06-25,-0.008545506947607615
2020-06-26,0.011473409580453122
2020-06-29,-0.01921586721758059
2020-06-30,0.00446720183027705
2020-07-01,0.017577119859705944
2020-07-02,-0.004334375137658889
2020-07-06,-0.005768869758695147
2020-07-07,0.020932806746816305
2020-07-08,0.005669374766753591
2020-07-09,0.03420788504808195
2020-07-10,-0.025610545122934925
2020-07-13,-0.009716861967102025
2020-07-14,-0.0038833172061696736
2020-07-15,-0.027973215887014985
2020-07-16,0.0017084810512885769
2020-07-17,0.013950974348156385
2020-07-20,0.02387000057937813
2020-07-21,-0.030572761540524924
2020-07-22,0.009532444684544379
2020-07-23,-0.01619622666351072
2020-07-24,0.001903060638143462
2020-07-27,0.012905406681137793
2020-07-28,-0.0017969043291109462
2020-07-29,0.00022505075221312265
2020-07-30,0.02331770817630569
2020-07-31,0.01124938179347917
2020-08-03,0.007105151130192746
2020-08-04,-0.0015651736510075222
2020-08-05,-0.013378315849943046
2020-08-06,0.006058899813475029
2020-08-07,-0.010393905484940267
2020-08-10,-0.03370834244849538
2020-08-11,-0.0169063247355162
2020-08-12,0.02002666779074835
2020-08-13,0.012731971024629515
2020-08-14,-0.007573593975454206
2020-08-17,0.019451779968667413
2020-08-18,0.01023072194349268
2020-08-19,0.0019576902681809464
2020-08-20,0.017507399348718602
2020-08-21,0.007928350572431988
2020-08-24,-0.03223094171269341
2020-08-25,0.011241039362128263
2020-08-26,0.02460599595397244
2020-08-27,-0.014126527403233691
2020-08-28,-0.008452174249500193
2020-08-31,0.01837900742143825
2020-09-01,0.010686165743471
2020-09-02,0.004286980939150424
2020-09-03,-0.028952915207506903
2020-09-04,-0.016703177500968114
2020-09-08,-0.0015325429386921648
2020-09-09,0.021477389318995194
2020-09-10,0.00607448510607414
2020-09-11,-0.008218748275763589
2020-09-14,-0.0007536171063465501
2020-09-15,0.014334738189568918
2020-09-16,-0.03714680055317031
2020-09-17,-0.007535704343340382
2020-09-18,0.006734590451107182
2020-09-21,0.03646120119197884
2020-09-22,0.013848075240457176
2020-09-23,0.0003418468538726671
2020-09-24,0.0023314267817436092
2020-09-25,0.009461009158665542
2020-09-28,-0.009640918678664604
2020-09-29,0.01878799987293944
2020-09-30,-0.00020753135652714055
2020-10-01,0.014281050582823378
2020-10-02,-0.0256270774956617
2020-10-05,0.0004823746743399161
2020-10-06,0.00010112763042651565
2020-10-07,-0.003309501217494054
2020-10-08,-0.019087356997946805
2020-10-09,0.015848592371250782
2020-10-12,0.007106703981087193
2020-10-13,0.02035029144635313
2020-10-14,-0.0036815223476637723
2020-10-15,-0.010682227761962924
2020-10-16,0.00909093669201199
2020-10-19,-0.0050733670104677825
2020-10-20,-0.007000721665668787
2020-10-21,0.0062278699772144435
2020-10-22,-0.029408983247362994
2020-10-23,0.0020516272289224143
2020-10-26,0.016492204362593327
2020-10-27,0.019962224696595334
2020-10-28,0.002137236295492591
2020-10-29,-0.00845240414405932
2020-10-30,-0.01753324845538128
2020-11-02,-0.013981489558511992
2020-11-03,0.00022715694506893647
2020-11-04,0.04220419558270764
2020-11-05,0.002250952213837201
2020-11-06,0.012252110042691219
2020-11-09,-0.1366988340757877
2020-11-10,-0.026645943034055337
2020-11-11,0.03278386089727777
2020-11-12,0.019570721650470805
2020-11-13,-0.026875608818813766
2020-11-16,-0.03737412954060671
2020-11-17,-0.0021168615806189182
2020-11-18,0.0015897721144649767
2020-11-19,0.0004064296171902947
2020-11-20,0.0037453976175242276
2020-11-23,-0.037589519276791106
2020-11-24,-0.03840517535276723
2020-11-25,0.013197230722994538
2020-11-27,0.011505592988649213
2020-11-30,0.03197311325443146
2020-12-01,-0.002442593790821546
2020-12-02,-0.02377878111688774
2020-12-03,-0.01928591205111503
2020-12-04,-0.019101332108496575
2020-12-07,0.013272364175131616
2020-12-08,-0.005242069458427783
2020-12-09,-0.016132426007275984
2020-12-10,-0.009517669899046786
2020-12-11,0.007509704437928198
2020-12-14,0.02139388530325537
2020-12-15,-0.009809573224220214
2020-12-16,0.01009906387485377
2020-12-17,0.011020011291466257
2020-12-18,0.010094013439883991
2020-12-21,0.005468443645838968
2020-12-22,0.0158958701427143
2020-12-23,-0.023486457768246653
2020-12-24,0.008477862056178063
2020-12-28,0.0015752211286965804
2020-12-29,0.0027005370785306115
2020-12-30,-0.008552884440130623
2020-12-31,0.0013505523606715032
2021-01-04,-0.004692177358866114
2021-01-05,-0.008139893303328405
2021-01-06,-0.014535124602200541
2021-01-07,0.008751231163630661
2021-01-08,0.00926019603246518
2021-01-11,-0.005535688223526802
2021-01-12,-0.00618899491047024
2021-01-13,-0.0019452258995837062
2021-01-14,-0.016826990164723186
2021-01-15,0.0028780820204095457
2021-01-19,0.003284128192533736
2021-01-20,0.005112518611709975
2021-01-21,0.010270535969400344
2021-01-22,0.0026465634135013558
2021-01-25,-0.003226113960329479
2021-01-27,-0.021504401202677714
2021-01-28,0.006903647536069713
2021-01-29,-0.0036331480063189706
2021-02-01,0.011840195202582811
2021-02-02,0.014146341177312786
2021-02-03,-0.01308192758312203
2021-02-04,-0.00022878881809213685
2021-02-05,-0.000810997541535732
2021-02-08,0.005647259052430368
2021-02-09,-3.0479047510749354e-05
2021-02-10,-0.00503577405478299
2021-02-11,0.012185220120318078
2021-02-12,0.005549161873371016
2021-02-16,0.0021625148473754215
2021-02-17,-0.01528617791264077
2021-02-18,-0.0044442374976833956
2021-02-19,0.008512437937528003
2021-02-22,-0.024099887405969342
2021-02-23,-0.006993973320995539
2021-02-24,0.009135035309473818
2021-02-25,-0.015102211932953104
2021-02-26,0.018143621082578335
2021-03-01,0.01768292718297905
2021-03-02,-0.01261485127931115
2021-03-03,-0.014985489581704464
2021-03-04,-0.019269837048219603
2021-03-05,-0.0006633485377044928
2021-03-08,-0.02060520311391529
2021-03-09,0.021870202846559834
2021-03-10,-0.003780799758549716
2021-03-11,0.012145402109360028
2021-03-12,-0.0038225889513041488
2021-03-15,-0.004462074446648226
2021-03-16,-0.004609566120932907
2021-03-17,0.007234976506852963
2021-03-18,-0.010912215799514662
2021-03-19,-0.00020844648243227947
2021-03-22,-0.004430240705117165
2021-03-23,-0.014509057524740441
2021-03-24,-0.003329729753045505
2021-03-25,0.00389889421334211
2021-03-26,0.001923795591664636
2021-03-29,-0.01576591532505144
2021-03-30,0.01617271064381489
2021-03-31,0.0021887833784350213
2021-04-01,0.010037389372427003
2021-04-05,0.0030375220931262267
2021-04-06,0.003138929514778232
2021-04-07,-0.0015908864930216774
2021-04-08,0.004039439442495297
2021-04-09,-0.0028417044025369274
2021-04-12,-0.001277681691260633
2021-04-13,-0.006251435726869447
2021-04-14,0.0007584908117606428
2021-04-15,-0.012286750063382068
2021-04-16,-0.004859573831638481
2021-04-19,-0.0050818944807468356
2021-04-20,-0.024467193512068594
2021-04-21,0.01262927089190914
2021-04-22,-0.004885509490542812
2021-04-23,0.011542443264947938
2021-04-26,0.0078644649196644
2021-04-27,0.008601182577813305
2021-04-28,-0.000537099698190747
2021-04-29,0.002155117326022418
2021-04-30,-0.008639391511367911
2021-05-03,-0.005547016003997254
2021-05-04,0.0008359176339442949
2021-05-05,0.009115772420736683
2021-05-06,0.005166882529228661
2021-05-07,0.004200341289372365
2021-05-10,-0.008941116402063236
2021-05-11,-0.009324111930421448
2021-05-12,-0.01031761571360506
2021-05-13,0.005734622879068446
2021-05-14,0.012457986012992953
2021-05-17,0.0030196378887555114
2021-05-18,-0.00848551624038909
2021-05-19,-0.0032966207748202957
2021-05-20,-0.008210821455844317
2021-05-21,0.009246058770497924
2021-05-24,0.007226362855536286
2021-05-25,-0.0014672253162768655
2021-05-26,0.007762764292941473
2021-05-27,0.012573716392755636
2021-05-28,-0.004887238882165178
2021-06-01,0.011860043404657378
2021-06-02,-0.003339345461755795
2021-06-03,0.005809827868933125
2021-06-04,-0.004841899978034595
2021-06-07,-0.011861926725633562
2021-06-08,0.00078657317383491
2021-06-09,-0.01340024758590271
2021-06-10,-0.019560314145173275
2021-06-11,0.007705215261279238
2021-06-14,-0.010069240502603116
2021-06-15,0.005314425746364748
2021-06-16,-0.0011704027709193144
2021-06-17,-0.02495543692271512
2021-06-18,-0.012895422789855126
2021-06-21,0.015335787394441466
2021-06-22,-0.0016840769246833354
2021-06-23,0.004857147340965705
2021-06-24,0.0032585308062661293
2021-06-25,-0.0029715559410666737
2021-06-28,-0.007616965365440125
2021-06-29,-0.008471113279751096
2021-06-30,0.0009994051098073907
2021-07-01,-3.142086398278577e-05
2021-07-02,-0.004067104285567165
2021-07-06,-0.011028302349155514
2021-07-07,0.0009567368059872942
2021-07-08,-0.006282156422137413
2021-07-09,0.013317007187936675
2021-07-12,0.006595832365156468
2021-07-13,-0.004235159427302709
2021-07-14,-0.0029937731856053452
2021-07-15,-0.0003341727958089784
2021-07-16,-0.008312008688139985
2021-07-19,-0.009324275865929751
2021-07-20,0.00940432196239512
2021-07-21,0.007925182874610456
2021-07-22,-0.006926668825823574
2021-07-23,-0.0015311265007466135
2021-07-26,0.004642270446233136
2021-07-27,-0.0028442501691706666
2021-07-28,-0.004198723083232959
2021-07-29,0.0037489293347872537
2021-07-30,-0.0036817526047739583
2021-08-02,0.06164725366669922
2021-08-03,0.007067754592630735
2021-08-04,-0.002096672511596526
2021-08-05,-0.003524296889517574
2021-08-06,0.007432358910274116
2021-08-09,0.004370366936536207
2021-08-10,0.002627963396844429
2021-08-11,2.7119393745149992e-05
2021-08-12,0.0025404426462986352
2021-08-13,-0.0035252294920302173
2021-08-16,0.003283269666795142
2021-08-17,-0.004937338479797296
2021-08-18,-0.006068206819091166
2021-08-19,0.002023849980283087
2021-08-20,0.0005569992150342668
2021-08-23,-0.006168562232065118
2021-08-24,-0.004439757313211166
2021-08-25,0.003438659838545343
2021-08-26,0.0037326910366821692
2021-08-27,0.0008045524343648908
2021-08-30,0.0034051768078777814
2021-08-31,-0.007702012683266972
2021-09-01,0.000612239223388747
2021-09-02,-0.001037474653076219
2021-09-03,0.003939427891514792
2021-09-07,-0.004226885480094846
2021-09-08,-0.0018251232106872345
2021-09-09,0.0006628451329275759
2021-09-10,0.004216679110485173
2021-09-13,-0.003448087603699952
2021-09-14,0.009154587644359025
2021-09-15,0.0041630008089101845
2021-09-16,0.0005519987059117736
2021-09-17,-0.0059449320032457205
2021-09-20,-0.004176124613293586
2021-09-21,0.009034169984541231
2021-09-22,-0.0008916613739870147
2021-09-23,-0.0024117950887951717
2021-09-24,-0.0027509970553240616
2021-09-27,-0.009696789294462927
2021-09-28,-0.013752281474102778
2021-09-29,0.001300655161377374
2021-09-30,-0.004607219722581004
2021-10-01,-0.009709599494963615
2021-10-04,-0.005328559799928925
2021-10-05,-0.005758009328153025
2021-10-06,0.0024306221119141983
2021-10-07,0.005497275502848317
2021-10-08,0.000446841755752308
2021-10-11,0.001641659125780162
2021-10-12,-2.21015818165381e-05
2021-10-13,0.0061579078986267015
2021-10-14,0.0016321924946180123
2021-10-15,0.002237014500852828
2021-10-18,0.011724581976986552
2021-10-19,-0.0007995317453748487
2021-10-20,-0.0034182193841933058
2021-10-21,0.0014428273709249067
2021-10-22,0.011822989462013956
2021-10-25,-0.0005205768854186589
2021-10-26,0.0016583091351160893
2021-10-27,0.016142881946012433
2021-10-28,0.0019949100569426883
2021-10-29,0.007824351433837766
2021-11-01,-0.01832364758849391
2021-11-02,0.014149606410985748
2021-11-03,-0.004638927277785892
2021-11-04,-0.0020527101547754747
2021-11-05,-0.016758033678481568
2021-11-08,0.0030415215265526298
2021-11-09,0.001982157487726056
2021-11-10,-0.0039819036998096375
2021-11-11,0.005226889968629459
2021-11-12,0.004825755388262929
2021-11-15,-0.0014734832530097647
2021-11-16,0.0140655270303262
2021-11-17,0.0032688231952339923
2021-11-18,0.006082568375178251
2021-11-19,0.004995935845790753
2021-11-22,0.0009367868407761803
2021-11-23,0.0008962220716260779
2021-11-24,0.0044131955692652295
2021-11-26,0.006722134571065703
2021-11-29,-0.10770173346135489
2021-11-30,-0.00422154375485725
2021-12-01,0.00777097780209677
2021-12-02,-0.011684425014397875
2021-12-03,-0.00910460860371858
2021-12-06,-0.02109817172281007
2021-12-07,0.014820395710136259
2021-12-08,-0.010109443948845115
2021-12-09,0.0018213916226047626
2021-12-10,0.019067075949011306
2021-12-13,-0.003313223213087688
2021-12-14,-0.01093172393405769
2021-12-15,0.010605691791869334
2021-12-16,-0.008960670895542562
2021-12-17,-0.017454884248605917
2021-12-20,-0.0024552545719438443
2021-12-21,-0.011464279865746588
2021-12-22,0.004439519733081623
2021-12-23,-0.003624942405373421
2021-12-27,0.01530009276562691
2021-12-28,-0.008217037085929186
2021-12-29,-0.0003478534579432485
2021-12-30,-0.00152884765721235
2021-12-31,0.00384744087854688
2022-01-03,-0.014180340346739685
2022-01-04,-0.0018971352384910746
2022-01-05,-0.01688317689176308
2022-01-06,0.0041538804043849175
2022-01-07,-0.01688055833125159
2022-01-10,0.0018693744336718554
2022-01-11,-0.008487620376536399
2022-01-12,0.005876565108033574
2022-01-13,-0.01877491262333224
2022-01-14,-0.012632142522274023
2022-01-18,-0.010857807275571096
2022-01-19,-0.00609882419914366
2022-01-20,-0.003465241703160651
2022-01-21,0.00236370841961572
2022-01-24,0.004770123051017338
2022-01-25,-0.008477015435109139
2022-01-26,0.007320636052106028
2022-01-27,0.00335770859361272
2022-01-28,0.003359512448674018
2022-01-31,0.0021859800785354925
2022-02-01,-0.0007660472678411763
2022-02-02,0.005252682167405341
2022-02-03,-0.005946953483308628
2022-02-04,0.005179816863034606
2022-02-07,-0.013953529797617107
2022-02-08,0.0021967091755554008
2022-02-09,0.0020083919413830683
2022-02-10,-0.0039602214392671625
2022-02-11,-0.009136221682979699
2022-02-14,-0.0037548175506292893
2022-02-15,0.0028848337088218465
2022-02-16,3.246172754929215e-05
2022-02-17,-0.010057727913859726
2022-02-18,0.002062542156328275
2022-02-22,-0.004449307055776363
2022-02-23,-0.006110464591208132
2022-02-24,0.00802869420190633
2022-02-25,-0.0002887421296941586
2022-02-28,-0.00020918848540197043
2022-03-01,-0.0017905656093110765
2022-03-02,0.005356715887770409
2022-03-03,0.002585769737907663
2022-03-04,-0.008268848932066832
2022-03-07,-0.007063870344489292
2022-03-08,0.0070504573730745404
2022-03-09,0.008783036469773357
2022-03-10,-0.0010417489235944122
2022-03-11,0.0022198387346523503
2022-03-14,0.003372180099374605
2022-03-15,-0.005080069604091613
2022-03-16,0.002197338881004383
2022-03-17,0.002420726869597802
2022-03-18,-0.0002970593166692486
2022-03-21,0.0012264788754100479
2022-03-22,0.003194017174194158
2022-03-23,-0.003674173140659145
2022-03-24,-0.005076098956156256
2022-03-25,-0.002411635304640681
2022-03-28,-0.002553029382375569
2022-03-29,-0.007149853734564765
2022-03-30,-0.002720949654150756
2022-03-31,-0.0069389390181321215
2022-04-01,-0.006889695067344495
2022-04-04,-0.0012379397776997145
2022-04-05,-0.004424313167325451
2022-04-06,-0.0036607296166688225
2022-04-07,0.008703553344592031
2022-04-08,0.007044487106539759
2022-04-11,-0.009266816702061973
2022-04-12,0.00012976196710440735
2022-04-13,-0.0033236224762618212
2022-04-14,0.0005754400913950812
2022-04-18,0.007968963500978924
2022-04-19,-0.006286029568307029
2022-04-20,0.017712139539426148
2022-04-21,-0.008775331281801463
2022-04-22,-0.005182418028518782
2022-04-25,-0.00508292008861102
2022-04-26,-0.0025471903352118153
2022-04-27,0.0021057903744116685
2022-04-28,-0.005210570590127178
2022-04-29,0.00044364914580920635
2022-05-02,0.007579913337858136
2022-05-03,0.00028136184965442716
2022-05-04,0.006528128823837872
2022-05-05,-0.001119705080291898
2022-05-06,0.0050695560824161575
2022-05-09,0.0001518774747293309
2022-05-10,0.0034048155712914033
2022-05-11,-0.00048513265582969973
2022-05-12,-0.008804932673249225
2022-05-13,-0.00811389849330167
2022-05-16,0.002179925826203657
2022-05-17,0.0009466885645638267
2022-05-18,-0.01124166669368228
2022-05-19,-0.00472257523385781
2022-05-20,-0.009384392564001228
2022-05-23,0.015251072085112831
2022-05-24,0.007060253839704599
2022-05-25,-0.0025612767850825614
2022-05-26,0.005503131254369677
2022-05-27,0.001128049426894979
2022-05-31,-0.004625876489581674
2022-06-01,0.0026506150726814475
2022-06-02,-0.0064207008985051476
2022-06-03,0.006431907211189488
2022-06-06,-0.0007866315598940372
2022-06-07,0.003137308423761365
2022-06-08,-0.004759444159942639
2022-06-09,0.0008865013950317262
2022-06-10,0.0017899215883351888
2022-06-13,0.008372010554769025
2022-06-14,7.836410878383707e-05
2022-06-15,-0.0127365863711626
2022-06-16,0.0019590511704590283
2022-06-17,-0.019895503432074843
2022-06-21,0.011942930233337453
2022-06-22,-0.014567674673003227
2022-06-23,-0.017655932007912697
2022-06-24,-0.008227403545260805
2022-06-27,0.010600670038795114
2022-06-28,0.013035137547055963
2022-06-29,-0.004288277563862748
2022-06-30,0.003085295038076507
2022-07-01,-0.006516899518846855
2022-07-05,-0.02379059165660158
2022-07-06,0.002228891070545446
2022-07-07,0.008173861718435909
2022-07-08,0.005504735861082965
2022-07-11,0.008596207198180645
2022-07-12,-0.008409674240227441
2022-07-13,3.154926666574093e-05
2022-07-14,-0.0018906945415788918
2022-07-15,-0.0028885392077712766
2022-07-18,0.002260372496153532
2022-07-19,-0.0013537785298911047
2022-07-20,-0.009063539067403894
2022-07-21,-0.004694698003183157
2022-07-22,0.00620308216741465
2022-07-25,0.013926010520460419
2022-07-26,-0.00041612152475550325
2022-07-27,-0.004243483626621265
2022-07-28,0.004487180395339634
2022-07-29,0.014265702946799541
2022-08-01,-0.01043947211309436
2022-08-02,-0.0093614625544178
2022-08-03,-0.008169076960303494
2022-08-04,-0.00786065002352802
2022-08-05,0.009616995857972778
2022-08-08,-0.0014281581231829845
2022-08-09,0.016837109249385498
2022-08-10,-0.01096424701497416
2022-08-11,0.007902320353565232
2022-08-12,-0.003325402786624699
2022-08-15,-0.008259646330817142
2022-08-16,0.0029428337656952817
2022-08-17,0.011776261999109132
2022-08-18,0.005732082042051725
2022-08-19,0.011612648106887303
2022-08-22,0.010165311046086386
2022-08-23,0.010944085025156529
2022-08-24,-0.003148421338812459
2022-08-25,-0.00597669831711351
2022-08-26,0.012517547742720542
2022-08-29,0.0035127568883596546
2022-08-30,-0.002886830557020946
2022-08-31,-0.0034938561201551875
2022-09-01,-0.0004578278434928438
2022-09-02,0.00544140280521888
2022-09-06,0.001594396521453071
2022-09-07,-0.011961565562515855
2022-09-08,0.003979171154045707
2022-09-09,-0.005649954474581652
2022-09-12,-0.0027065646735607413
2022-09-13,0.008835637769003401
2022-09-14,0.0015561533498755333
2022-09-15,-0.0021251504136165335
2022-09-16,0.00762209333764868
2022-09-19,0.0028953332477200857
2022-09-20,0.007442788319823131
2022-09-21,0.004998272096904385
2022-09-22,0.010613771599808952
2022-09-23,-0.00530559062914361
2022-09-26,0.0016822401785547756
2022-09-27,0.0005821735556796538
2022-09-28,-0.009509931518581564
2022-09-29,0.009123472562281616
2022-09-30,0.01463769689639643
2022-10-03,0.006481039909005567
2022-10-04,-0.012788892978394946
2022-10-05,-0.00016594434621349457
2022-10-06,0.0024914403720089776
2022-10-07,0.009087705590916182
2022-10-10,0.008284725924245014
2022-10-11,0.008418376210000451
2022-10-12,-0.006545213078814088
2022-10-13,0.008709951696947878
2022-10-14,-0.004624786305718298
2022-10-17,-0.010015553869500695
2022-10-18,-0.0005638910481406982
2022-10-19,0.003929332033851315
2022-10-20,-0.007318922647168104
2022-10-21,0.0072456200254598846
2022-10-24,0.007532054034098378
2022-10-25,-0.015182815657143607
2022-10-26,0.008239665747934517
2022-10-27,0.0022134288341337984
2022-10-28,-0.0026414602159208493
2022-10-31,0.0058466885900174655
2022-11-01,0.007062774808897292
2022-11-02,0.009141774354677553
2022-11-03,0.0167712704203002
2022-11-04,-0.009909140318683193
2022-11-07,0.002999616093590077
2022-11-08,-0.0036715043956883214
2022-11-09,0.004919648755423388
2022-11-10,-0.03583784420660771
2022-11-11,-0.024122514181323815
2022-11-14,0.007008732810561818
2022-11-15,-0.005453626804680034
2022-11-16,0.014238896677298031
2022-11-17,0.012963432595972992
2022-11-18,0.0049871593987308085
2022-11-21,0.0032040104966325074
2022-11-22,0.005762731868565259
2022-11-23,-0.010994229972355335
2022-11-25,0.0016566328036984185
2022-11-28,0.0003280595534501445
2022-11-29,-0.003882956020495262
2022-11-30,-0.01522991469815295
2022-12-01,-0.00468304910787697
2022-12-02,0.007610135220394406
2022-12-05,0.003919693761861975
2022-12-06,0.004501606851601437
2022-12-07,0.006044942587481272
2022-12-08,-0.006097611133115083
2022-12-09,-0.009497692369822838
2022-12-12,-0.0018912516197369831
2022-12-13,-0.0023814221220452123
2022-12-14,0.011043154506040076
2022-12-15,0.010326773620616563
2022-12-16,-0.002445707009184776
2022-12-19,0.013603521285221102
2022-12-20,0.005633584801596234
2022-12-21,-0.0021531205011442876
2022-12-22,0.004553778650852426
2022-12-23,0.0034369645394268507
2022-12-27,0.006337677866296267
2022-12-28,0.0007105206746191947
2022-12-29,-0.01651490870322763
2022-12-30,0.0012226879281949643
2023-01-03,-0.0193138146520422
2023-01-04,-0.027574840142089895
2023-01-05,0.006616807282495078
2023-01-06,-0.005195087940553084
2023-01-09,-0.019766580403731967
2023-01-10,-0.007030575203955933
2023-01-11,-0.010752375658052633
2023-01-12,-0.004733569259916753
2023-01-13,-0.005592493553122744
2023-01-17,-0.0049061491989905014
2023-01-18,-1.6862771109147688e-05
2023-01-19,0.006974697757903609
2023-01-20,-0.019391542193272354
2023-01-23,-0.01791511600261541
2023-01-24,0.006162225460854732
2023-01-25,-0.0001591303458615505
2023-01-26,-0.004754502743504379
2023-01-27,-0.014303354035369984
2023-01-30,0.007418616115360463
2023-01-31,-0.0059891610058696145
2023-02-01,-0.023445668590952998
2023-02-02,-0.049719974930020325
2023-02-03,0.01461402490772021
2023-02-06,0.014064845285953526
2023-02-07,-8.357033608036765e-06
2023-02-08,0.014216564693390709
2023-02-09,0.009456435878704036
2023-02-10,0.02356889288462372
2023-02-13,-0.008575142476961384
2023-02-14,-0.002627517249072801
2023-02-15,-0.017218685306760576
2023-02-16,0.005795392811629572
2023-02-17,0.006247264501919757
2023-02-21,0.01943122785467659
2023-02-22,-0.004175981545772639
2023-02-23,0.0028939663901266844
2023-02-24,0.012095438560494479
2023-02-27,-0.0010601703908990764
2023-02-28,-0.00757169451367614
2023-03-01,0.011012552633389343
2023-03-02,-0.006432738989194047
2023-03-03,-0.010537827473393059
2023-03-06,0.009454276445262904
2023-03-07,0.006747950062769414
2023-03-08,-0.00428353996511563
2023-03-09,0.010189884073508793
2023-03-10,0.009089538807767774
2023-03-13,-0.0019737106894353027
2023-03-14,-0.007328435127722193
2023-03-15,-0.014553263011893372
2023-03-16,-0.013631984966775323
2023-03-17,-0.006524487936693991
2023-03-20,0.013407708796724834
2023-03-21,-0.009114457673531274
2023-03-22,0.006307098969551264
2023-03-23,-0.01157824943299503
2023-03-24,0.0023870022865255676
2023-03-27,0.008997897276119738
2023-03-28,0.005176969355489465
2023-03-29,-0.010446181982770848
2023-03-30,-0.0026926137890271803
2023-03-31,-0.011898351738880184
2023-04-03,0.02313994890939266
2023-04-04,-0.006640489830175794
2023-04-05,0.014527297193882191
2023-04-06,-0.006961291822616653
2023-04-10,0.0019162425493384004
2023-04-11,0.0008021242986841999
2023-04-12,0.01563572799778078
2023-04-13,-0.006477028648121036
2023-04-14,-0.0010604904595316268
2023-04-17,-0.00679453356267864
2023-04-18,0.00427811878880863
2023-04-19,-0.006284239614769037
2023-04-20,0.007356023393627032
2023-04-21,-0.005948212440618805
2023-04-24,0.006125733330741033
2023-04-25,0.011720605686521059
2023-04-26,-0.009049835056078852
2023-04-27,-0.015726915248277715
2023-04-28,-0.009589643299572303
2023-05-01,0.011279669490248905
2023-05-02,0.0028071748627952215
2023-05-03,-0.0005826887496337268
2023-05-04,0.0022857545281566604
2023-05-05,-0.003936716485917291
2023-05-08,-0.002306053192219025
2023-05-09,0.007512236016383562
2023-05-10,-0.0035645332042760643
2023-05-11,0.0013399681658496098
2023-05-12,0.01028711906539641
2023-05-15,-0.010504347621589426
2023-05-16,0.0010673262269924031
2023-05-17,-0.007572101227130193
2023-05-18,-0.01107721604409589
2023-05-19,0.006508003280555833
2023-05-22,-0.015105488000436595
2023-05-23,0.0013590917544728457
2023-05-24,0.006673560853757798
2023-05-25,-0.0007573839888174493
2023-05-26,-0.013184159970863358
2023-05-30,-0.00892463629892677
2023-05-31,0.0004920436938996616
2023-06-01,-0.007416448618675661
2023-06-02,-0.006260592588244347
2023-06-05,8.163230535680301e-05
2023-06-06,-0.012371784716744189
2023-06-07,0.0001849699546162627
2023-06-08,0.0033670182195988095
2023-06-09,-0.0030934658522843717
2023-06-12,-0.01025720697359247
2023-06-13,-0.007384049201845418
2023-06-14,-0.007772890505198736
2023-06-15,0.0012197864354576112
2023-06-16,0.0025293569368969007
2023-06-20,-0.0008834913440649601
2023-06-21,0.016008640229346265
2023-06-22,-0.0003542318175570333
2023-06-23,-0.0013175806518174065
2023-06-26,0.003078467623405236
2023-06-27,-0.007321363797642269
2023-06-28,-0.006209709939804457
2023-06-29,0.005277486767181875
2023-06-30,0.00020497936568482497
2023-07-03,-0.010999673458644792
2023-07-05,0.001951999609089139
2023-07-06,0.003973325593716859
2023-07-07,-0.004693246413101393
2023-07-10,0.0013446084823808067
2023-07-11,-0.008465715281889621
2023-07-12,-0.00399804181380959
2023-07-13,-0.005697764517460177
2023-07-14,0.008327488877563766
2023-07-17,0.0030165502437972318
2023-07-18,-0.005152171613865875
2023-07-19,-0.006630775411766036
2023-07-20,0.010078688785103053
2023-07-21,-0.0017168942922934482
2023-07-24,-0.0010050433148751912
2023-07-25,0.00541166830367276
2023-07-26,-0.011531208538300714
2023-07-27,0.0017148696963638303
2023-07-28,-0.0024950845980605905
2023-07-31,-0.003002843939015744
2023-08-01,0.008169692448401886
2023-08-02,0.005468526322725618
2023-08-03,0.012118255635489501
2023-08-04,-0.0023537403271617283
2023-08-07,0.0058243094253238245
2023-08-08,0.007345862663762492
2023-08-09,0.0019635224568349103
2023-08-10,-0.0014951162167197898
2023-08-11,0.0039969842959615655
2023-08-14,0.007014035151324672
2023-08-15,0.005931874909643046
2023-08-16,0.00306000026350717
2023-08-17,-0.004614162153261244
2023-08-18,0.005550964323527374
2023-08-21,0.004671361966650736
2023-08-22,0.00044871321790537137
2023-08-23,0.0021285492242265986
2023-08-24,-0.0005288776452647892
2023-08-25,0.0026061717048399
2023-08-28,-0.0034425851971125973
2023-08-29,-0.0013302787705224107
2023-08-30,1.3095525584958113e-05
2023-08-31,0.0008452450653399699
2023-09-01,0.005171765552188785
2023-09-05,0.004743751055711281
2023-09-06,0.002540128030194095
2023-09-07,0.006062019121469177
2023-09-08,-5.1260933697091384e-05
2023-09-11,-0.004770278230646977
2023-09-12,-0.006877685048990029
2023-09-13,-0.00020209825252042986
2023-09-14,-0.004311986930550817
2023-09-15,-0.010555402825588596
2023-09-18,0.009843459531450773
2023-09-19,-0.0010503329346974722
2023-09-20,0.0015721887795187366
2023-09-21,0.0013671621603762675
2023-09-22,0.009701000203392233
2023-09-25,0.0019817671310834962
2023-09-26,0.0021562706335275694
2023-09-27,0.005220811358242838
2023-09-28,0.0022055368832817066
2023-09-29,-0.012282205872743316
2023-10-02,0.01078087291390049
2023-10-03,-0.0019889349042113732
2023-10-04,0.0032745359954072595
2023-10-05,0.00032897342685964044
2023-10-06,0.0037133630488344212
2023-10-09,0.0004326252287196507
2023-10-10,-0.0035062230291582385
2023-10-11,0.0010202306412952578
2023-10-12,0.006417335065741587
2023-10-13,-0.005114527845468984
2023-10-16,-0.0037809932300596604
2023-10-17,-0.0045815233180662674
2023-10-18,0.00778056372455728
2023-10-19,0.0029155201439217794
2023-10-20,0.002065276275941042
2023-10-23,0.008052417455718539
2023-10-24,0.001285256551498293
2023-10-25,-0.0014059181637883888
2023-10-26,-0.010070567792776609
2023-10-27,0.015458838251827915
2023-10-30,-0.0036751719212565833
2023-10-31,-0.010333517812503398
2023-11-01,0.021910478294613987
2023-11-02,-0.007489996230137083
2023-11-03,-0.012801071713933507
2023-11-06,0.01390277015690501
2023-11-07,-0.0015345571545548793
2023-11-08,0.01417141025611104
2023-11-09,0.006702984026681506
2023-11-10,0.011294033431745603
2023-11-13,0.0056814467903998815
2023-11-14,-0.018463358656073212
2023-11-15,-0.021506484790729388
2023-11-16,0.005610189752001481
2023-11-17,-0.004090420300372256
2023-11-20,0.005077938681505894
2023-11-21,-0.0016490522016039942
2023-11-22,-0.003542473764952433
2023-11-24,-0.0034790476660147714
2023-11-27,0.0005012729617802292
2023-11-28,-0.009293008365571004
2023-11-29,-0.00987148156166574
2023-11-30,-0.0023716307809246344
2023-12-01,-0.013045141054607355
2023-12-04,-0.009485982603764324
2023-12-05,0.004399654778801479
2023-12-06,-0.006720911227856677
2023-12-07,0.005040316871330356
2023-12-08,0.005993316998291516
2023-12-11,0.006846194420826466
2023-12-12,0.010700021448292947
2023-12-13,-0.012651237085385722
2023-12-14,-0.020505153554157052
2023-12-15,0.009689444084102576
2023-12-18,0.006471084337567403
2023-12-19,-0.010371869147971745
2023-12-20,-0.0004246582768460072
2023-12-21,-0.0014149717791621175
2023-12-22,-0.0022033189258190153
2023-12-26,-0.0006853019459150787
2023-12-27,-0.0013847652293281982
2023-12-28,-0.0021927630998800638
2023-12-29,0.0026865998211921542
2024-01-02,-0.026519389059331152
2024-01-03,0.010631659738973032
2024-01-04,-0.0004894161578697954
2024-01-05,-0.0033683527720951277
2024-01-08,0.0067847368705532
2024-01-09,0.008240171216898063
2024-01-10,0.013005802578890328
2024-01-11,0.012330261521302158
2024-01-12,0.011405702663263531
2024-01-16,0.01522872602088272
2024-01-17,0.007982592859467792
2024-01-18,0.009282556619969764
2024-01-19,0.016055912545223955
2024-01-22,-0.000588015661447415
2024-01-23,-0.009266847161339197
2024-01-24,0.014460552645851167
2024-01-25,0.0023536028462613334
2024-01-26,-0.007607742893986436
2024-01-29,0.00017640352321417625
2024-01-30,0.004212422858673823
2024-01-31,-0.002492003843798906
2024-02-01,-0.00023868318288359683
2024-02-02,0.020472796422016052
2024-02-05,0.011047455588148796
2024-02-06,-0.019650605430372847
2024-02-07,0.00436021371231788
2024-02-08,0.006144660851324185
2024-02-09,0.005238310597772069
2024-02-12,-0.017218091859247033
2024-02-13,0.010351070049053059
2024-02-14,0.009134611772126365
2024-02-15,-0.009817057858222447
2024-02-16,-0.006234326914380404
2024-02-20,-0.0035949082482471207
2024-02-21,-0.01441517256224596
2024-02-22,0.025410804758860487
2024-02-23,0.000514286422615917
2024-02-26,0.011286579723983668
2024-02-27,-0.006171367551480861
2024-02-28,-0.0023222096652176626
2024-02-29,-0.001615594050952852
2024-03-01,0.007347268693740791
2024-03-04,0.010450682754271438
2024-03-05,-0.006918580565343776
2024-03-06,-0.003374080292974556
2024-03-07,0.0018834647560442381
2024-03-08,-0.014108357432799938
2024-03-11,-0.022865985125151454
2024-03-12,0.020373836914407195
2024-03-13,-0.00816075765549912
2024-03-14,0.006829138447893619
2024-03-15,-0.007752157674368081
2024-03-18,0.002000741177736518
2024-03-19,0.003048629438786767
2024-03-20,-0.002164657099877601
2024-03-21,0.007513863601178862
2024-03-22,0.0007899914193234238
2024-03-25,-0.003686086865878336
2024-03-26,0.0037419630037142234
2024-03-27,-0.020942541676011873
2024-03-28,-0.00592371520348301
2024-04-01,0.002927537336572308
2024-04-02,0.007258822425163822
2024-04-03,0.004973833424690935
2024-04-04,-0.00770875174008981
2024-04-05,0.013513771734907212
2024-04-08,-0.008795464223328133
2024-04-09,-0.012589882177818682
2024-04-10,0.008022695114003655
2024-04-11,0.0034923244352068976
2024-04-12,0.002978509285179047
2024-04-15,-0.003191684598278244
2024-04-16,0.006234906766060764
2024-04-17,-0.016305171294217734
2024-04-18,-0.006458129069187817
2024-04-19,-0.012374637213757908
2024-04-22,0.001640425143551265
2024-04-23,0.0074620889918620105
2024-04-24,-0.004587078024828467
2024-04-25,-0.0009377920049023992
2024-04-26,0.005216090561852174
2024-04-29,-0.01358539752768229
2024-04-30,0.0009261045776553662
2024-05-01,8.158658602459823e-05
2024-05-02,-0.0010626389886797722
2024-05-03,0.0025432294372275776
2024-05-06,0.008661062734692814
2024-05-07,0.0008060729422203498
2024-05-08,0.0009199427576297782
2024-05-09,-0.002599932743674249
2024-05-10,0.00601902369963874
2024-05-13,-0.016093455597484707
2024-05-14,-0.00312165840566961
2024-05-15,0.012423800059514049
2024-05-16,-0.006804897020901046
2024-05-17,0.0025848712144420465
2024-05-20,0.0023806197581031697
2024-05-21,0.003186988602993869
2024-05-22,-0.009387602359773407
2024-05-23,0.016151897268299756
2024-05-24,0.0011971130389344985
2024-05-28,0.0055786310353286425
2024-05-29,0.006341528607276265
2024-05-30,-0.013474674785994133
2024-05-31,-0.00637604542298004
2024-06-03,-0.00536812795324041
2024-06-04,-0.000958377667188091
2024-06-05,0.012640013636850751
2024-06-06,-0.0010083128920204182
2024-06-07,0.005225951999616474
2024-06-10,0.0037472398930585744
2024-06-11,-0.0017888865082351403
2024-06-12,0.00858431502264699
2024-06-13,0.009779889172854921
2024-06-14,0.004991401886488016
2024-06-17,0.009174196335312771
2024-06-18,0.014341957986661245
2024-06-20,-0.010089176429803223
2024-06-21,-0.012007500981770653
2024-06-24,-0.00954367509964697
2024-06-25,0.011402484454076812
2024-06-26,-0.005924399065756809
2024-06-27,-0.005150783661854677
2024-06-28,0.004841448448096119
2024-07-01,0.005954116627451132
2024-07-02,0.00041448627743195663
2024-07-03,0.004195128550344877
2024-07-05,2.394483879258125e-05
2024-07-08,0.0011685673587350138
2024-07-09,0.006608387740913461
2024-07-10,-0.001168026886408777
2024-07-11,-0.01962052970500841
2024-07-12,-0.010550942317357447
2024-07-15,0.005935428062197812
2024-07-16,-0.012121618944602973
2024-07-17,-0.026392392776978482
2024-07-18,0.0007886157557289715
2024-07-19,-0.00263437327056077
2024-07-22,0.009345212895084021
2024-07-23,0.011984444576900212
2024-07-24,-0.012775243908631563
2024-07-25,-0.007034580082674363
2024-07-26,-0.004235845601024172
2024-07-29,-0.005030137431269795
2024-07-30,-0.013470145622307236
2024-07-31,0.01949751168728095
2024-08-01,0.0026696370971931965
2024-08-02,-0.006871738951588962
2024-08-05,0.004431873440702725
2024-08-06,0.007081480377082198
2024-08-07,-0.001065052980161046
2024-08-08,0.003976241612064058
2024-08-09,0.011666931981588597
2024-08-12,0.008808199586711744
2024-08-13,-0.010129487906141476
2024-08-14,0.011207797687099931
2024-08-15,-0.015329548584104857
2024-08-16,-0.002942311984467703
2024-08-19,-0.0014912907129268262
2024-08-20,0.0049845565142382755
2024-08-21,-0.0038877595635440055
2024-08-22,0.005390387817836019
2024-08-23,-0.0067800546970920115
2024-08-26,-0.0022171126056246978
2024-08-27,0.007194415010327186
2024-08-28,0.006179261953611079
2024-08-29,0.004791521647669326
2024-08-30,0.004541153651553616
2024-09-03,-0.0053249572566081834
2024-09-04,0.007973154454922032
2024-09-05,-0.0062303325861409265
2024-09-06,-0.0035344185298710716
2024-09-09,0.007600586211767729
2024-09-10,0.004414287219323257
2024-09-11,4.033050196108903e-05
2024-09-12,0.0035891304152786577
2024-09-13,-0.00200670330667229
2024-09-16,-0.0029682543111421433
2024-09-17,-0.01498551383280844
2024-09-18,-0.003770321377792523
2024-09-19,0.0030754164218987985
2024-09-20,0.006815921083838184
2024-09-23,-0.003032137718389718
2024-09-24,-0.008122946189407532
2024-09-25,0.00675173968111458
2024-09-26,-0.01618625956661676
2024-09-27,-0.010815615527601831
2024-09-30,0.011134098321527576
2024-10-01,0.003283449440695808
2024-10-02,0.008055714196277125
2024-10-03,-0.0034648677069194058
2024-10-04,-0.01005536750004801
2024-10-07,-0.004454538629462307
2024-10-08,0.009571763041633204
2024-10-09,0.0037886507415405618
2024-10-10,-0.003560477982811989
2024-10-11,0.0036270590539703176
2024-10-14,0.006381201802875675
2024-10-15,0.012298630837493307
2024-10-16,-0.001991688666621093
2024-10-17,0.003442869868988378
2024-10-18,0.005864091402332672
2024-10-21,-6.362601122554762e-05
2024-10-22,-0.002750646024570869
2024-10-23,0.008162302131075135
2024-10-24,-0.0140182970656113
2024-10-25,-0.012642189238374684
2024-10-28,-0.00017092839655829514
2024-10-29,-0.0006545857382958699
2024-10-30,0.0022585581314343126
2024-10-31,0.007023634746942788
2024-11-01,-0.01269026700487546
2024-11-04,-0.0008813676600009792
2024-11-05,0.005467639337560709
2024-11-06,0.006989301519354334
2024-11-07,-0.004622318249843032
2024-11-08,0.020143515368386062
2024-11-11,-0.0002592986017293465
2024-11-12,0.0052985915718268784
2024-11-13,-0.00539370650767814
2024-11-14,-0.006864456649525546
2024-11-15,0.01065725212713633
2024-11-18,-0.007881999799254533
2024-11-19,0.007992443301740619
2024-11-20,0.0010064322183011346
2024-11-21,0.0027933417599378643
2024-11-22,-0.00702716487626246
2024-11-25,-0.020134761391915033
2024-11-26,0.018813129827903136
2024-11-27,-0.008182147545711909
2024-11-29,-0.0004669913820308382
2024-12-02,-0.015099274187910766
2024-12-03,0.007336367801292887
2024-12-04,0.01167817015325389
2024-12-05,0.015252991765557077
2024-12-06,-0.0036241299605165923
2024-12-09,-0.024426231947538134
2024-12-10,0.008734493589992101
2024-12-11,0.0024908214005316654
2024-12-12,0.0046660180054274745
2024-12-13,0.006334170343107556
2024-12-16,0.008816970928181591
2024-12-17,-6.95221535328296e-07
2024-12-18,-0.004259033146198813
2024-12-19,0.012551746114304882
2024-12-20,-0.004026087051190787
2024-12-23,-0.006992304427188431
2024-12-24,0.005857822136100048
2024-12-26,-0.0027600529022895615
2024-12-27,-0.005570921401808666
2024-12-30,0.0002362418600082937
2024-12-31,-0.008724540411301876
2025-01-02,0.004146046712567987
2025-01-03,0.00488349878743679
2025-01-06,0.010126753093913095
2025-01-07,-0.01242318269813406
2025-01-08,0.0005145321186795376
2025-01-10,-0.0027792327752864197
2025-01-13,-0.012064410292558616
2025-01-14,0.00620535469474556
2025-01-15,0.013253611027854764
2025-01-16,-0.002037325887304617
2025-01-17,0.004772636748755015
2025-01-21,0.0003459552437857264
2025-01-22,0.010600177634431369
2025-01-23,-0.00545666276534836
2025-01-24,0.0023628597990886582
2025-01-27,-0.027238609124337353
2025-01-28,0.0133355608458654
2025-01-29,0.005509198580801419
2025-01-30,0.006426413450736109
2025-01-31,0.002521629627318129
2025-02-03,0.0010214161070546774
2025-02-04,0.017955592790859516
2025-02-05,-0.00021930901393424468
2025-02-06,0.01748591100075945
2025-02-07,0.005593473371096232
2025-02-10,0.0037434435053244042
2025-02-11,-0.005265632458548525
2025-02-12,0.0056766766901031164
2025-02-13,0.0014465820548612252
2025-02-14,0.006955543527514164
2025-02-18,-0.00832124365980386
2025-02-19,-0.006698292866666429
2025-02-20,-0.013860209852781592
2025-02-21,-0.008423747685194528
2025-02-24,-0.01513825952511589
2025-02-25,-0.009029694787632263
2025-02-26,0.011882482750106263
2025-02-27,-0.010793298110387406
2025-02-28,0.008378183277016941
2025-03-03,-0.004479313672035186
2025-03-04,-0.01266266572674505
2025-03-05,0.0005529698467102864
2025-03-06,-0.0248373522895772
2025-03-07,-0.004444551767668779
2025-03-10,-0.02191493557910917
2025-03-11,0.012198499993247252
2025-03-12,0.0181146213917323
2025-03-13,-0.006272663409252918
2025-03-14,0.011997782961499575
2025-03-17,-0.0068010095684931686
2025-03-18,-0.008695852990022991
2025-03-19,0.014245586018432689
2025-03-20,0.0015022340421697573
2025-03-21,0.005335155312629303
2025-03-24,0.008578368647367406
2025-03-25,0.002787888999335846
2025-03-26,-0.011074588193426648
2025-03-27,-0.007835657507369621
2025-03-28,-0.003695965974050752
2025-03-31,0.0005547994938452657
2025-04-01,0.0035676278975457372
2025-04-02,0.0011050859773096974
2025-04-03,-0.011764761629855038
2025-04-04,-0.012576316481801608
2025-04-07,0.018794024435084863
2025-04-08,0.007949264944191096
2025-04-09,0.015805040900165032
2025-04-10,0.0030708864928768206
2025-04-11,-0.0018433607601635509
2025-04-14,0.0009399663488923246
2025-04-15,0.015725813917607984
2025-04-16,-0.007201243852255767
2025-04-17,-0.0025861880448612984
2025-04-21,-0.0037912862864776468
2025-04-22,0.0018947636075596025
2025-04-23,0.012113130111778088
2025-04-24,0.00607371122294864
2025-04-25,0.0021914799935109095
2025-04-28,0.0022191219869078693
2025-04-29,0.001052168893093021
2025-04-30,-0.000254078468258862
2025-05-01,0.008695419642567282
2025-05-02,0.0056943460201335505
2025-05-05,0.0009306948558159344
2025-05-06,0.004437582266096798
2025-05-07,-0.00354594237643447
2025-05-08,0.0009937959378383202
2025-05-09,-0.0019736387342783705
2025-05-12,-0.009119821860554439
2025-05-13,0.01728914555168699
2025-05-14,0.007801521138519298
2025-05-15,-0.002334440458079082
2025-05-16,-0.003086958492157647
2025-05-19,0.0005938514309211894
2025-05-20,-0.005943935741266104
2025-05-21,0.004538673127230154
2025-05-22,0.006454121881147537
2025-05-23,0.005020163544364251
2025-05-27,0.0002519353312907035
2025-05-28,0.0053684677132793054
2025-05-29,-0.0032880362163586205
2025-05-30,0.007905881459784674
2025-06-02,0.0033628372668025393
2025-06-03,-0.010977591943516184
2025-06-04,-0.004147507685093515
2025-06-05,-0.0021306223152032654
2025-06-06,0.006503225689404171
2025-06-09,-0.003195435392202032
2025-06-10,-0.006720054345270498
2025-06-11,0.0032315030613719637
2025-06-12,-0.0016856586357785767
2025-06-13,0.0020280005369513318
2025-06-16,0.0042385166076246185
2025-06-17,0.0022812964160114292
2025-06-18,0.004875596081409344
2025-06-20,0.0001605078832183911
2025-06-23,0.01057054936317715
2025-06-24,0.001485994310142689
2025-06-25,0.0006416057104908267
2025-06-26,-0.000578418587635331
2025-06-27,-0.0051390324723843625
2025-06-30,0.004835286005142785
2025-07-01,-0.01681240689789157
2025-07-02,0.001932197564038987
2025-07-03,0.0028763922601160964
2025-07-07,0.0063732804021058
2025-07-08,-0.014195806968161166
2025-07-09,0.003826643560723866
2025-07-10,-0.00010570793556566523
2025-07-11,0.00048450471828647627
2025-07-14,0.01154026678154845
2025-07-15,0.004685808801766894
2025-07-16,0.0008121034035907664
2025-07-17,0.004798996224187543
2025-07-18,0.0036982782429008016
2025-07-21,0.006531571391687097
2025-07-22,-0.017295239038964565
2025-07-23,0.0002737396820240813
2025-07-24,0.0076336443889370815
2025-07-25,0.004067741464910971
2025-07-28,-0.003115144725399178
2025-07-29,0.0005748249625850035
2025-07-30,0.0047183536949620625
2025-07-31,0.009625866221372181
2025-08-01,-0.003112881461347844
2025-08-04,0.0076970647423499116
2025-08-05,0.0033600927961846255
2025-08-06,0.015743517070639347
2025-08-07,0.007700775527918264
2025-08-08,0.007882110111336002
2025-08-11,0.00521508355866627
2025-08-12,-0.0008271986004664887
2025-08-13,-0.018429308654184018
2025-08-14,0.004272188430750687
2025-08-15,-0.012001125410912333
2025-08-18,0.0003137071302915551
2025-08-19,-0.011529410586491384
2025-08-20,0.0012506576849312986
2025-08-21,-6.0749581799858626e-05
2025-08-22,-0.005886449344330534
2025-08-25,0.0070778202907436985
2025-08-26,0.007161562879889111
2025-08-27,-0.002515570063368527
2025-08-28,0.003920733710026263
2025-08-29,-0.0024865737054907034
2025-09-02,-0.0001137360343654784
2025-09-03,0.007273428267023858
2025-09-04,0.005061544714726585
2025-09-05,-0.0059157405394403085
2025-09-08,0.0024927968416709055
2025-09-09,0.010914881291329377
2025-09-10,0.01878155188177476
2025-09-11,-0.007329261201359379
2025-09-12,0.009640613508551728
2025-09-15,0.00492372409896643
2025-09-16,-0.006994131241461385
2025-09-17,-0.001550014819126703
2025-09-18,-0.000695819165527841
2025-09-19,0.00790540464428769
2025-09-22,-0.007522137863529425
2025-09-23,-0.0007073525884391112
2025-09-24,-0.007555225378119512
2025-09-25,0.005376244576642805
2025-09-26,-0.003422629807707465
2025-09-29,-0.0029594113012282194
2025-09-30,-0.005007357902389065
2025-10-01,-0.011270450361976669
2025-10-02,-0.005953914221362375
2025-10-03,-0.00820628864453525
2025-10-06,0.003108387806314978
2025-10-07,0.002331150275479094
2025-10-08,0.0005202989280512747
2025-10-09,0.0041407546049900485
2025-10-10,0.003001859391189978
2025-10-13,0.003953657891847653
2025-10-14,0.002784849191210738
2025-10-15,0.005818295194792398
2025-10-16,-0.0041852055516833
2025-10-17,-0.0002104125316056583
2025-10-20,0.0015102250415018757
2025-10-21,-0.005408315482983188
2025-10-22,-0.007747845658609988
2025-10-23,-0.002121089137161136
2025-10-24,0.007723116251905837
2025-10-27,0.0007870794899806567
2025-10-28,0.0037821620008152614
2025-10-29,0.012775600569278666
2025-10-30,-0.0003187248214601354
2025-10-31,0.005089329585423213
2025-11-03,0.011072318981524
2025-11-04,-0.013802340404114991
2025-11-05,0.002917840549584898
2025-11-06,0.0008118884875743802
2025-11-07,-0.0008993675449086739
2025-11-10,0.015602103296334893
2025-11-11,-0.009648128127936051
2025-11-12,-0.00025255312946780223
2025-11-13,-0.011088674868069914
2025-11-14,-0.0006890352580883021
2025-11-17,-4.43710017526421e-05
2025-11-18,-0.002177233606279606
2025-11-19,0.006202613046088222
2025-11-20,-0.013069549101698198
2025-11-21,-0.012355814736725122
2025-11-24,0.015971539555463595
2025-11-25,-0.0071292999990714674
2025-11-26,0.00556694753475679
2025-11-28,0.003676874691276845
2025-12-01,0.0019448169162478556
2025-12-02,0.00010370507614322031
2025-12-03,-0.007649071851065132
2025-12-04,0.0015307387339353314
2025-12-05,-0.0051354767256751475
2025-12-08,0.005335466621603598
2025-12-09,0.003584533691298666
2025-12-10,-0.005430704166567381
2025-12-11,-0.008493756136184829
2025-12-12,-0.007647330609216519
2025-12-15,-0.002261075111126935
2025-12-16,0.0038326110068491624
2025-12-17,-0.011334580772639654
2025-12-18,0.008366239550578851
2025-12-19,0.01485365724435662
2025-12-22,0.0010602588615663433
2025-12-23,0.004161441789190527
2025-12-24,0.0002497345924585288
2025-12-26,-0.0017941586696418072
2025-12-29,-0.004340762681246576
2025-12-30,-9.67472232524445e-06
2025-12-31,-0.0007195578103992912
2026-01-02,-0.003387804491604672
2026-01-05,-0.0032056253294841064
2026-01-06,-0.0035935914414703327
2026-01-07,0.0015553413948732942
2026-01-08,-0.015845917820752422
2026-01-09,0.0077611912168316834
2026-01-12,0.005521051042386781
2026-01-13,0.0065519727020436945
2026-01-14,-0.014067208844095196
2026-01-15,0.005484919236837163
2026-01-16,0.0029971173952502528
2026-01-20,-0.0035688180550337177
2026-01-21,-0.007988758474167102
2026-01-22,-0.00494528040274233
2026-01-23,-0.002454175439088985
2026-01-26,0.009060027743936633
2026-01-27,0.025907584883709128
2026-01-28,-0.001002536779787141
2026-01-29,0.015717259100214712
2026-01-30,-0.014935634370434938
2026-02-02,0.00695350615508661
2026-02-03,0.01705724133850473
2026-02-04,-0.04189439737778155
2026-02-05,0.012853378484327698
2026-02-06,0.01696976158237274
2026-02-09,0.00996385062896586
2026-02-10,-0.011402909606621905
2026-02-11,-0.0008950473008460424
2026-02-12,-0.008766604954830249
2026-02-13,-0.0054504461405574575
2026-02-17,0.006048882360889652
2026-02-18,0.002237189192984095
2026-02-19,-0.0028789686824261624
2026-02-20,0.004194091494814332
2026-02-23,-0.004590617026017156
2026-02-24,-0.001970939091535554
2026-02-25,0.010883770116001973
2026-02-26,-0.00555369877229021
2026-02-27,-0.014924939432099067
2026-03-02,0.00429809648577599
2026-03-03,-0.013796837343779542
2026-03-04,0.007730900712602712
2026-03-05,-0.015642239036443295
2026-03-06,-0.009338277995039881
2026-03-09,0.01616226696804915
2026-03-10,0.0105607893502181
2026-03-11,0.0026056271348596405
2026-03-12,-0.00013636517432576135
2026-03-13,0.00022447856684453354
2026-03-16,0.001319734244138209
2026-03-17,0.0049108164688713846
2026-03-18,0.003225785195504812
2026-03-19,-0.002377878097340587
2026-03-20,-0.00736147434223505
2026-03-23,0.009273699993653423
2026-03-24,0.010633485888557207
2026-03-25,0.004041487630609895
2026-03-26,-0.026164499069285436
2026-03-27,0.007814852422173087
2026-03-30,-0.025442112105579416
2026-03-31,0.01956639035444939
2026-04-01,0.021871808536286216
2026-04-02,-0.0031490192648931502
2026-04-06,0.005364853761860319
2026-04-07,0.0077866793028662186
2026-04-08,0.027049725668921807
2026-04-09,0.010760679588095397
2026-04-10,0.014250465585261454
2026-04-13,-0.014572637485584164
2026-04-14,0.013117810978703223
2026-04-15,-0.01535449798927401
2026-04-16,-0.010038046445265658
2026-04-17,0.005240113378062547
2026-04-20,-0.008609916609503145
2026-04-21,-0.007438227488704351
2026-04-22,0.008011589363908885
2026-04-23,0.01738483794242418
2026-04-24,0.0006453364093478943
2026-04-27,0.001688345677672229
2026-04-28,-0.010528229716255999
2026-04-29,-0.007400002972572388
2026-04-30,0.014857371450941665
2026-05-01,-0.002165812754635562
2026-05-04,0.0018778512544529728
2026-05-05,0.0167977421636694
2026-05-06,0.016256668789716322
2026-05-07,-0.0208211565336833
2026-05-08,0.013227551293057908
2026-05-11,0.018169761995782796
2026-05-12,-0.004880929148433144
2026-05-13,0.015584133490158492
2026-05-14,0.004151174429016118
2026-05-15,-0.022195127688751287
2026-05-18,-0.023829588606081444
2026-05-19,-0.0063793961257397344
2026-05-20,0.012761617214348575
2026-05-21,0.012910694999952335
2026-05-22,-0.0017968306966348916
2026-05-26,0.028946449438380498
2026-05-27,-0.0033316630569105382
2026-05-28,-0.0004121558464431269
2026-05-29,-0.010943082685970187
2026-06-01,-0.013771545170476567
2026-06-02,0.03067645759043974
2026-06-03,0.018341437037162973
2026-06-04,-0.007031903578210104
2026-06-05,-0.027581668785467296
2026-06-08,0.01796654305093404
2026-06-09,-0.004323939348753026
2026-06-10,-0.00629358763685672
2026-06-11,0.03754144964140986
2026-06-12,0.011616447035190387
2026-06-15,0.016266250340921655
2026-06-16,-0.005895491459471588
2026-06-17,0.027634502096111492
2026-06-18,0.01766135506969013
2026-06-22,0.01778118622549119
2026-06-23,-0.031206557402648483
2026-06-24,-0.006869355189455605
2026-06-25,0.023148430485031152
2026-06-26,-0.04726064956623672
2026-06-29,0.02597221707728697
2026-06-30,0.02072036091940828
2026-07-01,-0.04393658943622766
2026-07-02,-0.03489869697138314
2026-07-06,0.018731970171227304
2026-07-07,-0.025590685075474455
2026-07-08,0.01623291830555087
2026-07-09,0.004990898380505789
2026-07-10,-0.0021613722138231197
2026-07-13,-0.02715737681126135
2026-07-14,0.030668780133430766
2026-07-15,-0.01637789067952126
2026-07-16,-0.035330116373726614
2026-07-17,0.00553544619852296
2026-07-20,-0.0018306089720307595
2026-07-21,0.03318700319364728
2026-07-22,0.01355271920617717
2026-07-23,0.012356030281927392
2026-07-24,-0.030387136142512164
2026-07-27,-0.029824882139017492
2026-07-28,-0.039859736661619516
2026-07-29,-0.029065612672539133
2026-07-30,0.047766474815626805
2026-07-31,0.008645079376797324
2026-08-03,-0.012812843465568467
2026-08-04,0.01975660306193899
2026-08-05,-0.004303500035494774
2026-08-06,-0.010346351832886841
2026-08-07,-0.0018789091925095352
2026-08-10,-0.005360003763815485
2026-08-11,-0.0018051678164685344
2026-08-12,0.015377087909953423
2026-08-13,-0.019333507842383663
