date,0
2006-01-03,0.46799585891622486
2006-01-04,0.8287598554929743
2006-01-05,0.5248336288288027
2006-01-06,0.4816898555586517
2006-01-09,0.4715573871676155
2006-01-10,0.437608933165724
2006-01-11,0.4163267754380111
2006-01-12,0.3597803111047094
2006-01-13,0.3821786235829663
2006-01-17,0.3927077043222057
2006-01-18,0.38548879536423974
2006-01-19,0.3262397097426555
2006-01-20,0.42350158803311533
2006-01-23,0.4344643962739333
2006-01-24,0.25444176679461245
2006-01-25,0.3627465998924589
2006-01-26,0.3856479584940407
2006-01-27,0.4285926912217388
2006-01-30,0.36939410342791956
2006-01-31,0.32515781907740016
2006-02-01,0.36027912354215863
2006-02-02,0.37113337487254683
2006-02-03,0.3285833121196871
2006-02-06,0.36037297225139603
2006-02-07,0.354919213453663
2006-02-08,0.41528586732610884
2006-02-09,0.4073624098581518
2006-02-10,0.4248625715062684
2006-02-13,0.355188464561022
2006-02-14,0.35330615901090573
2006-02-15,0.47443154116656927
2006-02-16,0.3850946074563694
2006-02-17,0.4076963810209798
2006-02-21,0.36552486003456275
2006-02-22,0.44016961524654596
2006-02-23,0.4894734513535792
2006-02-24,0.4002119577521512
2006-02-27,0.38996522638035647
2006-02-28,0.5348823674289684
2006-03-01,0.37128949922334437
2006-03-02,0.4831017733020445
2006-03-03,0.464222997674423
2006-03-06,0.3887917835185851
2006-03-07,0.4783045039550022
2006-03-08,0.3879141903752389
2006-03-09,0.3651337152832988
2006-03-10,0.3176295385081135
2006-03-13,0.3277230220656131
2006-03-14,0.4326029536845948
2006-03-15,0.533654987048002
2006-03-16,0.4368323135217015
2006-03-17,0.4191917683385941
2006-03-20,0.3781192373341185
2006-03-21,0.45103485126376325
2006-03-22,0.42237142059603283
2006-03-23,0.4186072234308571
2006-03-24,0.5057941412432696
2006-03-27,0.4473114766026167
2006-03-28,0.3951618685100543
2006-03-29,0.3775080926297508
2006-03-30,0.4577968413415432
2006-03-31,0.32400671357895283
2006-04-03,0.324868207889702
2006-04-04,0.4251501066850365
2006-04-05,0.38646017587477133
2006-04-06,0.46091297956464783
2006-04-07,0.43704850473236845
2006-04-10,0.3539340142379701
2006-04-11,0.38913659275201073
2006-04-12,0.37371587322628347
2006-04-13,0.37345990371805715
2006-04-17,0.38376209326777166
2006-04-18,0.40196079857134004
2006-04-19,0.5372716898937426
2006-04-20,0.47885420818807367
2006-04-21,0.4001181588356831
2006-04-24,0.39927653864829726
2006-04-25,0.3921827086727617
2006-04-26,0.3944779891425009
2006-04-27,0.44257449413773764
2006-04-28,0.49828064458655774
2006-05-01,0.3676072993111925
2006-05-02,0.4214078178426162
2006-05-03,0.41132803816980823
2006-05-04,0.4068880193219019
2006-05-05,0.4162226404220409
2006-05-08,0.4430781026162014
2006-05-09,0.40171827267179616
2006-05-10,0.39752025625218174
2006-05-11,0.4279470303837914
2006-05-12,0.4433759763435189
2006-05-15,0.46800402693066484
2006-05-16,0.3891578801867288
2006-05-17,0.37145234949034023
2006-05-18,0.4385693921745779
2006-05-19,0.34728812899212747
2006-05-22,0.37098214613091995
2006-05-23,0.3828267452222922
2006-05-24,0.411399684542305
2006-05-25,0.42092534731427156
2006-05-26,0.4689576334379377
2006-05-30,0.38630847415945097
2006-05-31,0.46895383706617655
2006-06-01,0.40676859839888563
2006-06-02,0.49832603728599134
2006-06-05,0.415125470658365
2006-06-06,0.44283288672038584
2006-06-07,0.3792118178407713
2006-06-08,0.4691981469742959
2006-06-09,0.37989829252374574
2006-06-12,0.3714376238405759
2006-06-13,0.43895891287049504
2006-06-14,0.33107712027391734
2006-06-15,0.3628938910110241
2006-06-16,0.5231701927634855
2006-06-19,0.3758131620246352
2006-06-20,0.3584801509369049
2006-06-21,0.34127875143763386
2006-06-22,0.44389068865992365
2006-06-23,0.4001453096400019
2006-06-26,0.4537445794364414
2006-06-27,0.4234296413358916
2006-06-28,0.4546236572771811
2006-06-29,0.4186434868893794
2006-06-30,0.587420262831994
2006-07-03,0.4305906885414227
2006-07-05,0.39851647833983245
2006-07-06,0.46561610885538857
2006-07-07,0.42974717399866214
2006-07-10,0.4477183318093215
2006-07-11,0.4359677719477829
2006-07-12,0.4721939495773285
2006-07-13,0.45850001912020655
2006-07-14,0.4227859890394546
2006-07-17,0.35832864337356146
2006-07-18,0.34928614325942964
2006-07-19,0.37709132784903393
2006-07-20,0.582576341231045
2006-07-21,0.38980307266756165
2006-07-24,0.31510975753095294
2006-07-25,0.36528410557643576
2006-07-26,0.394782806266078
2006-07-27,0.39988140069160233
2006-07-28,0.34402709731019304
2006-07-31,0.4810907200505439
2006-08-01,0.37132184703156634
2006-08-02,0.3591100579033194
2006-08-03,0.38840922206696255
2006-08-04,0.5262912435415685
2006-08-07,0.4329742470623901
2006-08-08,0.39880025913359973
2006-08-09,0.36579069286695653
2006-08-10,0.4606339139221344
2006-08-11,0.5204626019509205
2006-08-14,0.392297529743207
2006-08-15,0.44773788727141195
2006-08-16,0.5086701211094365
2006-08-17,0.3942648951656632
2006-08-18,0.3965211638016388
2006-08-21,0.2832108896790453
2006-08-22,0.3915253058901498
2006-08-23,0.3969568273426817
2006-08-24,0.3973190709761957
2006-08-25,0.39531609872092155
2006-08-28,0.409907833021779
2006-08-29,0.5008734683185356
2006-08-30,0.32344785673083076
2006-08-31,0.3275437722928177
2006-09-01,0.3494050710885833
2006-09-05,0.3631577230920916
2006-09-06,0.46378348569164884
2006-09-07,0.42355623066166515
2006-09-08,0.44574164742363315
2006-09-11,0.45044495421590935
2006-09-12,0.5224820451895642
2006-09-13,0.47011551559655995
2006-09-14,0.3514618214680181
2006-09-15,0.3368988524363673
2006-09-18,0.345538214794217
2006-09-19,0.4750117150108098
2006-09-20,0.3947422069077333
2006-09-21,0.47764393681583733
2006-09-22,0.40227996750657835
2006-09-25,0.37732866324655623
2006-09-26,0.40376725009938613
2006-09-27,0.40766323585853403
2006-09-28,0.37756839337446774
2006-09-29,0.35837737171279527
2006-10-02,0.4019247504537792
2006-10-03,0.3831101689570765
2006-10-04,0.44256115546517727
2006-10-05,0.4533089811046437
2006-10-06,0.4927182380025844
2006-10-09,0.4154584272879355
2006-10-10,0.4468619836319509
2006-10-11,0.4991353779714517
2006-10-12,0.52495522597174
2006-10-13,0.486173902892321
2006-10-16,0.4278148444503095
2006-10-17,0.43822431393645234
2006-10-18,0.37679920947686085
2006-10-19,0.5379489677596652
2006-10-20,0.6183133517378216
2006-10-23,0.3922165384980402
2006-10-24,0.451532895052611
2006-10-25,0.48915234851159395
2006-10-26,0.5033782235213804
2006-10-27,0.4127217219173232
2006-10-30,0.3271798296187593
2006-10-31,0.38042103436644586
2006-11-01,0.3867926241839907
2006-11-02,0.41700030623589834
2006-11-03,0.32664810240240216
2006-11-06,0.4139079895834066
2006-11-07,0.4435143920905755
2006-11-08,0.40985563714947004
2006-11-09,0.35726561232070725
2006-11-10,0.39012242395555236
2006-11-13,0.42637331870988093
2006-11-14,0.42021556352579187
2006-11-15,0.4094344881817336
2006-11-16,0.3604591629788618
2006-11-17,0.4327764978546752
2006-11-20,0.3678385204974658
2006-11-21,0.4582627723304685
2006-11-22,0.5059206201738324
2006-11-24,0.41890984956940125
2006-11-27,0.3645812795632343
2006-11-28,0.46270226097065514
2006-11-29,0.4639803218771207
2006-11-30,0.4693682667517793
2006-12-01,0.46589170058588714
2006-12-04,0.4002376445117047
2006-12-05,0.6616205670254307
2006-12-06,0.5097191087959572
2006-12-07,0.4343693828974349
2006-12-08,0.41343989285670557
2006-12-11,0.4167563603374759
2006-12-12,0.5069827207530397
2006-12-13,0.40949235094119596
2006-12-14,0.5341766612931478
2006-12-15,0.5348625852510251
2006-12-18,0.47873924610291047
2006-12-19,0.47067258539298434
2006-12-20,0.3857244022720598
2006-12-21,0.3883450592981038
2006-12-22,0.3132257048398276
2006-12-26,0.269752391470295
2006-12-27,0.31960209258846006
2006-12-28,0.35814510737687333
2006-12-29,0.30090420318116584
2007-01-03,0.12977478347360777
2007-01-04,0.4063790750710343
2007-01-05,0.1966632193994105
2007-01-08,0.19510091604514568
2007-01-09,0.17715954509810328
2007-01-10,0.18319333114241662
2007-01-11,0.1887249538412135
2007-01-12,0.16240245113128154
2007-01-16,0.158379438383905
2007-01-17,0.13787905274994755
2007-01-18,0.13934567617056196
2007-01-19,0.18367027182550272
2007-01-22,0.20233942997078114
2007-01-23,0.1810131094818439
2007-01-24,0.20138153331512815
2007-01-25,0.1819882715935369
2007-01-26,0.18917406407505155
2007-01-29,0.19341789662069614
2007-01-30,0.16667024432785854
2007-01-31,0.17066401646671336
2007-02-01,0.17961028658055425
2007-02-02,0.1714278776574092
2007-02-05,0.16186380416878476
2007-02-06,0.15998230278670725
2007-02-07,0.16847631552958303
2007-02-08,0.20461741204365783
2007-02-09,0.19288582393791937
2007-02-12,0.18917875844183907
2007-02-13,0.17335895667832135
2007-02-14,0.1526412837035324
2007-02-15,0.17641555440967663
2007-02-16,0.173916699080379
2007-02-20,0.16558869851418762
2007-02-21,0.16642646872544337
2007-02-22,0.16913459190851007
2007-02-23,0.18926803409547446
2007-02-26,0.18815305923501835
2007-02-27,0.19577046316480712
2007-02-28,0.1545905560737785
2007-03-01,0.11720443554696999
2007-03-02,0.10449797391397397
2007-03-05,0.10969948384436909
2007-03-06,0.10299665303495242
2007-03-07,0.12352777463581358
2007-03-08,0.16761326381032615
2007-03-09,0.17167198950545542
2007-03-12,0.17043832990902413
2007-03-13,0.17045810489357793
2007-03-14,0.15117981256405527
2007-03-15,0.13612720831108094
2007-03-16,0.1394821166690367
2007-03-19,0.14855881470572868
2007-03-20,0.1316506219670341
2007-03-21,0.160109828238834
2007-03-22,0.17240984554350153
2007-03-23,0.20569083343933997
2007-03-26,0.1637860703940494
2007-03-27,0.1688731811075117
2007-03-28,0.1651794319820339
2007-03-29,0.16616021262442882
2007-03-30,0.14039529502580264
2007-04-02,0.11700147287895904
2007-04-03,0.13454707371224067
2007-04-04,0.1474172733649536
2007-04-05,0.13817625092400798
2007-04-09,0.1398764182678639
2007-04-10,0.1539373628850999
2007-04-11,0.1481367887070819
2007-04-12,0.14500758601354685
2007-04-13,0.1465533694921039
2007-04-16,0.1545591599845937
2007-04-17,0.14828746974616253
2007-04-18,0.16647490633876255
2007-04-19,0.21436708936811555
2007-04-20,0.2541363917299676
2007-04-23,0.2589746700558142
2007-04-24,0.23015917258408963
2007-04-25,0.23827510950906572
2007-04-26,0.21803129344151503
2007-04-27,0.2225992189591562
2007-04-30,0.21173351187846737
2007-05-01,0.21397434752046895
2007-05-02,0.20942568465776226
2007-05-03,0.19434312870302495
2007-05-04,0.16535112763727686
2007-05-07,0.15365248931745706
2007-05-08,0.15537967751679108
2007-05-09,0.1638000772128636
2007-05-10,0.1540077555985389
2007-05-11,0.16064062182387967
2007-05-14,0.1544502772158426
2007-05-15,0.15936522713152435
2007-05-16,0.1632293520322478
2007-05-17,0.1751939589487949
2007-05-18,0.2051476842216591
2007-05-21,0.21958164010029824
2007-05-22,0.20568296288009844
2007-05-23,0.19056403666361063
2007-05-24,0.1823120970928523
2007-05-25,0.1968693394286899
2007-05-29,0.16517995338123648
2007-05-30,0.17805460027035735
2007-05-31,0.17008626895420292
2007-06-01,0.1700405356925317
2007-06-04,0.1802711094298831
2007-06-05,0.15949714838289247
2007-06-06,0.16002561829950793
2007-06-07,0.1607753493821546
2007-06-08,0.1615432423206673
2007-06-11,0.16166666736642882
2007-06-12,0.15394702542399108
2007-06-13,0.13193983377450838
2007-06-14,0.14720292879505056
2007-06-15,0.1566677433630725
2007-06-18,0.15696238872198046
2007-06-19,0.1476347006312374
2007-06-20,0.14582335506012242
2007-06-21,0.1361603622102946
2007-06-22,0.1508343743226916
2007-06-25,0.14350894647086293
2007-06-26,0.14167844744927144
2007-06-27,0.15486303132750925
2007-06-28,0.1522171333468264
2007-06-29,0.15676302685359608
2007-07-02,0.14193634140784317
2007-07-03,0.15561890541941592
2007-07-05,0.15550438000317526
2007-07-06,0.15659416125668796
2007-07-09,0.16054571697022516
2007-07-10,0.14866887647989827
2007-07-11,0.15684440140819303
2007-07-12,0.14153417722767314
2007-07-13,0.14029153250936777
2007-07-16,0.15840331290291193
2007-07-17,0.14788248366046752
2007-07-18,0.15083994176729232
2007-07-19,0.15647558913902304
2007-07-20,0.19733892996914154
2007-07-23,0.18433641223870095
2007-07-24,0.2001912126383454
2007-07-25,0.17776420551498817
2007-07-26,0.16959233384669334
2007-07-27,0.12112819239275988
2007-07-30,0.10492135532101929
2007-07-31,0.09315947344402697
2007-08-01,0.09831695310296751
2007-08-02,0.1414285567882193
2007-08-03,0.16583340159125154
2007-08-06,0.1773850938980907
2007-08-07,0.22180156979386662
2007-08-08,0.22803888539009773
2007-08-09,0.19883073516659933
2007-08-10,0.2256240906093432
2007-08-13,0.20571859837288928
2007-08-14,0.14445603528302278
2007-08-15,0.170097698369834
2007-08-16,0.16773104836828961
2007-08-17,0.2107613490066795
2007-08-20,0.18333838318806864
2007-08-21,0.20929995488133146
2007-08-22,0.22289291875980607
2007-08-23,0.23437263659030688
2007-08-24,0.18992451117592746
2007-08-27,0.1840374653136139
2007-08-28,0.17091728545631546
2007-08-29,0.14997388242287857
2007-08-30,0.17495853434588918
2007-08-31,0.19098962700271124
2007-09-04,0.17555055975173334
2007-09-05,0.17592318397140072
2007-09-06,0.17555771304232173
2007-09-07,0.18364617588940385
2007-09-10,0.1792458178695547
2007-09-11,0.19692433816740662
2007-09-12,0.18576759013728844
2007-09-13,0.18304318374662526
2007-09-14,0.2009166736901309
2007-09-17,0.18213142740747001
2007-09-18,0.1605721610906532
2007-09-19,0.1675122254177692
2007-09-20,0.1929581131672472
2007-09-21,0.15387508533512478
2007-09-24,0.17208061346381065
2007-09-25,0.16931879373249414
2007-09-26,0.19437056653948284
2007-09-27,0.18420319654654993
2007-09-28,0.18897714497366117
2007-10-01,0.17144955216914182
2007-10-02,0.16733015308964647
2007-10-03,0.186007400457694
2007-10-04,0.2042148317876647
2007-10-05,0.21414530536720483
2007-10-08,0.24491261999197395
2007-10-09,0.247980616852878
2007-10-10,0.20673442075018272
2007-10-11,0.2119187418076276
2007-10-12,0.22278159526814625
2007-10-15,0.19998844775445285
2007-10-16,0.2313935221062663
2007-10-17,0.1936589117529694
2007-10-18,0.1807180477430218
2007-10-19,0.17889608992021022
2007-10-22,0.1355481302769868
2007-10-23,0.13489686343247753
2007-10-24,0.13763648106201581
2007-10-25,0.11969200358079958
2007-10-26,0.14695617074562722
2007-10-29,0.13519041111002106
2007-10-30,0.1212672437154389
2007-10-31,0.12452518634196033
2007-11-01,0.11831622116812576
2007-11-02,0.12725305887851712
2007-11-05,0.14347800139695852
2007-11-06,0.1493381753393617
2007-11-07,0.1481031349421169
2007-11-08,0.15568276186984614
2007-11-09,0.13416665252196713
2007-11-12,0.16743642164429842
2007-11-13,0.16780513905739414
2007-11-14,0.20159829289702888
2007-11-15,0.19589117954538582
2007-11-16,0.199113713951936
2007-11-19,0.16736108852652934
2007-11-20,0.15730648045673848
2007-11-21,0.1752328477916305
2007-11-23,0.1829787780436411
2007-11-26,0.17062860619773207
2007-11-27,0.17134816688357463
2007-11-28,0.17955315453952825
2007-11-29,0.20936923483609896
2007-11-30,0.18942559048911728
2007-12-03,0.19003580359507544
2007-12-04,0.13771557888367963
2007-12-05,0.13512570002034302
2007-12-06,0.14030795437478583
2007-12-07,0.14805911112500275
2007-12-10,0.16147551612322097
2007-12-11,0.16310633582380715
2007-12-12,0.18379144537442166
2007-12-13,0.202354222310772
2007-12-14,0.19661316196093565
2007-12-17,0.1820075032568415
2007-12-18,0.14390744508375672
2007-12-19,0.14301773046287222
2007-12-20,0.13746671822807327
2007-12-21,0.13833089108361774
2007-12-24,0.1378163434469492
2007-12-26,0.13340885370752073
2007-12-27,0.1197834889057865
2007-12-28,0.12194948591062574
2007-12-31,0.1181842206936553
2008-01-02,0.14789630583311206
2008-01-03,0.3980645901834615
2008-01-04,0.13523222343107355
2008-01-07,0.17931867926273098
2008-01-08,0.16861260194788324
2008-01-09,0.17719691721048048
2008-01-10,0.13254500556006235
2008-01-11,0.20419070497335143
2008-01-14,0.1641117157373334
2008-01-15,0.16581391122145295
2008-01-16,0.18081850247221398
2008-01-17,0.2584236633819966
2008-01-18,0.2707274677800475
2008-01-22,0.2794173603628556
2008-01-23,0.26573882815142336
2008-01-24,0.2708610977690279
2008-01-25,0.29215252340366926
2008-01-28,0.1791938646783022
2008-01-29,0.24181672070441784
2008-01-30,0.228725732374313
2008-01-31,0.23764804533898753
2008-02-01,0.28744662678381716
2008-02-04,0.36744318603861953
2008-02-05,0.23219806458180337
2008-02-06,0.17900140893759048
2008-02-07,0.16429396280404213
2008-02-08,0.18196176134705894
2008-02-11,0.20692201226769563
2008-02-12,0.21221433922304847
2008-02-13,0.2105441539767599
2008-02-14,0.16948045102460907
2008-02-15,0.16522376221877538
2008-02-19,0.18088100436987686
2008-02-20,0.20823698968345344
2008-02-21,0.22599395134826458
2008-02-22,0.14702278854377532
2008-02-25,0.15371817672100946
2008-02-26,0.14990991696053532
2008-02-27,0.14655354892879277
2008-02-28,0.14059908030473223
2008-02-29,0.13514494868586255
2008-03-03,0.17500092977523668
2008-03-04,0.11912419282628346
2008-03-05,0.17182957577886993
2008-03-06,0.15308390926982207
2008-03-07,0.15411099941049794
2008-03-10,0.2388672331365002
2008-03-11,0.1881459769789019
2008-03-12,0.217968590391556
2008-03-13,0.1524728325694398
2008-03-14,0.17495261282919267
2008-03-17,0.1695307521829288
2008-03-18,0.1942859205884322
2008-03-19,0.21876690013134398
2008-03-20,0.1675379620314859
2008-03-24,0.198803326120556
2008-03-25,0.2552627215768611
2008-03-26,0.17873462937855972
2008-03-27,0.1708212425655852
2008-03-28,0.11802143829302544
2008-03-31,0.1443845681116058
2008-04-01,0.20509642498179692
2008-04-02,0.26604212928984894
2008-04-03,0.1605072090144543
2008-04-04,0.18612099258508508
2008-04-07,0.18421648412620506
2008-04-08,0.12029676427552129
2008-04-09,0.16368737495698643
2008-04-10,0.11725331649236947
2008-04-11,0.10586084471424109
2008-04-14,0.12580118991868428
2008-04-15,0.11123506888302467
2008-04-16,0.10471138784268008
2008-04-17,0.14373667496389997
2008-04-18,0.10968333606379102
2008-04-21,0.11510591100427373
2008-04-22,0.11240858466756232
2008-04-23,0.14942326341341614
2008-04-24,0.14532233623026508
2008-04-25,0.160025672301818
2008-04-28,0.12991900921715044
2008-04-29,0.15031414211690577
2008-04-30,0.1805434575574425
2008-05-01,0.12067491099769512
2008-05-02,0.1963446862730548
2008-05-05,0.14875407970447613
2008-05-06,0.1399878535893636
2008-05-07,0.12688171041031446
2008-05-08,0.12806202078740994
2008-05-09,0.15011541990588706
2008-05-12,0.1520030123625282
2008-05-13,0.15662304122995302
2008-05-14,0.1278118485275176
2008-05-15,0.13510243245477271
2008-05-16,0.16635223904730248
2008-05-19,0.11855413021958167
2008-05-20,0.1199535599665305
2008-05-21,0.14681692202935276
2008-05-22,0.1321248513891345
2008-05-23,0.15301005528635198
2008-05-27,0.1581814477305752
2008-05-28,0.13627315954573327
2008-05-29,0.11645460683505804
2008-05-30,0.19048963466673421
2008-06-02,0.12341787534857979
2008-06-03,0.1513894220537811
2008-06-04,0.16887761703209342
2008-06-05,0.16942994993228455
2008-06-06,0.23635594965198758
2008-06-09,0.17713570520286132
2008-06-10,0.14948491961271487
2008-06-11,0.136513699219429
2008-06-12,0.15448501073587567
2008-06-13,0.15831780082444608
2008-06-16,0.14853343754845566
2008-06-17,0.13392205664792511
2008-06-18,0.14026088986494428
2008-06-19,0.15103094367383402
2008-06-20,0.14226404118466196
2008-06-23,0.17852944924985903
2008-06-24,0.16339801406631216
2008-06-25,0.17966328870719644
2008-06-26,0.18622661414190916
2008-06-27,0.18390789792478768
2008-06-30,0.17886238758172993
2008-07-01,0.1816848826052136
2008-07-02,0.18931339178471523
2008-07-03,0.19596910844041254
2008-07-07,0.17955509881535553
2008-07-08,0.17592297888108083
2008-07-09,0.2340390323399708
2008-07-10,0.23698224101202933
2008-07-11,0.24793884650399828
2008-07-14,0.1970696508624798
2008-07-15,0.16147570140067213
2008-07-16,0.27618316692150313
2008-07-17,0.37521929738746884
2008-07-18,0.23729913688046225
2008-07-21,0.21693199902336627
2008-07-22,0.21935593869785786
2008-07-23,0.22112345295461028
2008-07-24,0.2550175875776137
2008-07-25,0.20611222509922023
2008-07-28,0.25389184949881144
2008-07-29,0.15486805439835122
2008-07-30,0.24703237953313104
2008-07-31,0.2545377691970211
2008-08-01,0.17254118954243275
2008-08-04,0.16079854449735365
2008-08-05,0.18110461849515716
2008-08-06,0.2825760126303726
2008-08-07,0.23285952412173055
2008-08-08,0.16810141420147334
2008-08-11,0.2043376161089575
2008-08-12,0.271388914004961
2008-08-13,0.15587987202208656
2008-08-14,0.17470319352272706
2008-08-15,0.17487290284185786
2008-08-18,0.14974451349512477
2008-08-19,0.11009573366354794
2008-08-20,0.1305204176136736
2008-08-21,0.10419018106683951
2008-08-22,0.10943494601466361
2008-08-25,0.11315674334268128
2008-08-26,0.11670684093779632
2008-08-27,0.1357943091086548
2008-08-28,0.12155785367013072
2008-08-29,0.13370106883786081
2008-09-02,0.12929197470819745
2008-09-03,0.21251434359893387
2008-09-04,0.15854732543691835
2008-09-05,0.1494868891896232
2008-09-08,0.16208973320903808
2008-09-09,0.1994050059734721
2008-09-10,0.1673816740272765
2008-09-11,0.1523518495706357
2008-09-12,0.12584768363404958
2008-09-15,0.15226879824727346
2008-09-16,0.19933340996780763
2008-09-17,0.1441489615685129
2008-09-18,0.15997165241646785
2008-09-19,0.15958021655446455
2008-09-22,0.2808488777651047
2008-09-23,0.24192171126040157
2008-09-24,0.1615644050565287
2008-09-25,0.19460065840837004
2008-09-26,0.19984886795760892
2008-09-29,0.1902725301843824
2008-09-30,0.3006388007598493
2008-10-01,0.23738663673395435
2008-10-02,0.21392739949111
2008-10-03,0.23383746471753242
2008-10-06,0.18254464033490939
2008-10-07,0.22829479213161524
2008-10-08,0.1995935034042851
2008-10-09,0.24862723348308652
2008-10-10,0.240395611594873
2008-10-13,0.25317205854295244
2008-10-14,0.2562889595398061
2008-10-15,0.19451103782950052
2008-10-16,0.2534871533782369
2008-10-17,0.22515821087244065
2008-10-20,0.2510914145122191
2008-10-21,0.20010803379552916
2008-10-22,0.22497147607590245
2008-10-23,0.23122507782179744
2008-10-24,0.2624804664708701
2008-10-27,0.2925586011460688
2008-10-28,0.290997927925094
2008-10-29,0.3399713558423865
2008-10-30,0.29171388413522703
2008-10-31,0.20880432202340837
2008-11-03,0.2763446192178921
2008-11-04,0.18281164261650984
2008-11-05,0.1962397566563342
2008-11-06,0.1493819745148101
2008-11-07,0.20875745655135086
2008-11-10,0.2207735891085315
2008-11-11,0.15221581956600605
2008-11-12,0.2232823930864018
2008-11-13,0.2196421707005116
2008-11-14,0.26553908092119693
2008-11-17,0.20067110584282083
2008-11-18,0.23344376888244522
2008-11-19,0.2372584505693198
2008-11-20,0.23896763753538192
2008-11-21,0.22577522728505212
2008-11-24,0.23883247898471827
2008-11-25,0.31440079552913125
2008-11-26,0.232526414777695
2008-11-28,0.23481599609583947
2008-12-01,0.2107919135372459
2008-12-02,0.21697324834286436
2008-12-03,0.2254209494137081
2008-12-04,0.2790148822787535
2008-12-05,0.20979826458908385
2008-12-08,0.23763814228532892
2008-12-09,0.2516039391348112
2008-12-10,0.24831961887898668
2008-12-11,0.19356517718794133
2008-12-12,0.1913067447254955
2008-12-15,0.2349385000161225
2008-12-16,0.18330435800891237
2008-12-17,0.25511606899892875
2008-12-18,0.18668312039379115
2008-12-19,0.16675343623067848
2008-12-22,0.1826324694426155
2008-12-23,0.15270199490384395
2008-12-24,0.09399821157702949
2008-12-26,0.12111038483547304
2008-12-29,0.12588038718359043
2008-12-30,0.09876854486035974
2008-12-31,0.1482605880983548
2009-01-02,0.7537498524329256
2009-01-05,0.9369781851044612
2009-01-06,0.8656522325953186
2009-01-07,0.7402151424435777
2009-01-08,0.8123724579872362
2009-01-09,0.7028478827408398
2009-01-12,0.758533854791294
2009-01-13,0.7978164091368894
2009-01-14,0.7676701587146139
2009-01-15,0.7230608811140768
2009-01-16,0.7760123575402261
2009-01-20,0.7317968217218456
2009-01-21,0.7482572140757263
2009-01-22,0.8223993995356023
2009-01-23,0.8144600756991529
2009-01-26,0.7457071435479508
2009-01-27,0.6873537590429082
2009-01-28,0.649014779064009
2009-01-29,0.7061488086233734
2009-01-30,0.7240779356701297
2009-02-02,0.7195840171005321
2009-02-03,0.7655764705042677
2009-02-04,0.6362154288360029
2009-02-05,0.6744813936167307
2009-02-06,0.6550253189169883
2009-02-09,0.7851640614155694
2009-02-10,0.7316415592643939
2009-02-11,0.7834468013953515
2009-02-12,0.7562116450266106
2009-02-13,0.7097300232127766
2009-02-17,0.6920940672611873
2009-02-18,0.8083292643383346
2009-02-19,0.7226560880515862
2009-02-20,0.8696613760587435
2009-02-23,1.0007082943250747
2009-02-24,0.7957752243403661
2009-02-25,0.9058841546269445
2009-02-26,0.7428272932446005
2009-02-27,0.9161661675960495
2009-03-02,0.960851672184653
2009-03-03,0.7385462375670961
2009-03-04,0.7582773464056256
2009-03-05,0.7468268564007221
2009-03-06,0.7872574201974538
2009-03-09,0.6931039761691078
2009-03-10,0.7117406500506427
2009-03-11,0.7823885168378736
2009-03-12,0.7447998456840335
2009-03-13,0.7416347317630967
2009-03-16,0.6813365062386458
2009-03-17,0.7885068878860785
2009-03-18,0.7836362749291665
2009-03-19,0.8121466663816397
2009-03-20,0.9139787962254755
2009-03-23,0.9592343845007589
2009-03-24,0.8061260639297034
2009-03-25,0.7382960763062314
2009-03-26,0.7347553905014603
2009-03-27,0.6775959729397362
2009-03-30,0.7575237952336316
2009-03-31,0.7397080488324737
2009-04-01,0.7501576412949014
2009-04-02,0.8361867044726867
2009-04-03,0.6771816588836178
2009-04-06,0.6871233673041522
2009-04-07,0.6580024023627428
2009-04-08,0.6537195780515355
2009-04-09,0.5943486604686233
2009-04-13,0.6471533359489878
2009-04-14,0.7854203936614683
2009-04-15,0.801554512523281
2009-04-16,0.7762470869149867
2009-04-17,0.6796353073989339
2009-04-20,0.697667569919022
2009-04-21,0.7236278830783871
2009-04-22,0.7906321253377457
2009-04-23,0.6775638538582188
2009-04-24,0.6794332363659255
2009-04-27,0.6655881548563005
2009-04-28,0.7150604373733542
2009-04-29,0.7217015621490992
2009-04-30,0.756172257881762
2009-05-01,0.7485734886070559
2009-05-04,0.78956619232244
2009-05-05,0.8592680097268777
2009-05-06,0.7721392887838069
2009-05-07,0.806453283594303
2009-05-08,0.8814529344143076
2009-05-11,0.7101122189414348
2009-05-12,0.8878288052105201
2009-05-13,0.771704543566593
2009-05-14,0.7324194783101012
2009-05-15,0.7118445032999008
2009-05-18,0.6777872884293124
2009-05-19,0.7173983212773527
2009-05-20,0.6382429701300063
2009-05-21,0.7736608296823267
2009-05-22,0.844883893333118
2009-05-26,0.765104701797462
2009-05-27,0.8133492965198574
2009-05-28,0.6303684761103281
2009-05-29,0.7652508619596718
2009-06-01,0.7054261555761552
2009-06-02,0.7511082567473195
2009-06-03,0.8447497483784698
2009-06-04,0.7958807053321362
2009-06-05,0.711721396917422
2009-06-08,0.7780955140491678
2009-06-09,0.8599550736963284
2009-06-10,0.7674610128614214
2009-06-11,0.7335390967676558
2009-06-12,0.6715653352551153
2009-06-15,0.7813626771506448
2009-06-16,0.6601739618875314
2009-06-17,0.6540071440185029
2009-06-18,0.7533445750480527
2009-06-19,0.8153947735838492
2009-06-22,0.7131025705934129
2009-06-23,0.6842821439983002
2009-06-24,0.719544137002603
2009-06-25,0.7635656606301136
2009-06-26,0.7997214114581903
2009-06-29,0.7854195120183691
2009-06-30,0.8538250032507579
2009-07-01,0.8076977370823747
2009-07-02,0.6916329081629076
2009-07-06,0.7600674378453025
2009-07-07,0.9923607005459281
2009-07-08,0.9364481442631574
2009-07-09,1.0147867419068053
2009-07-10,0.8963105763556061
2009-07-13,0.9033756905297688
2009-07-14,0.8444085209624529
2009-07-15,0.8236570452108458
2009-07-16,0.9199660787921942
2009-07-17,0.8097710160165712
2009-07-20,0.6472959610981441
2009-07-21,0.7454246825088553
2009-07-22,0.7188148728812362
2009-07-23,0.7370169772768368
2009-07-24,0.5942436960691051
2009-07-27,0.6372534750595988
2009-07-28,0.5771360443656885
2009-07-29,0.6705699087094757
2009-07-30,0.7478632449063239
2009-07-31,0.6557562064813272
2009-08-03,0.5638416215883131
2009-08-04,0.8202775028642244
2009-08-05,0.8048450725596212
2009-08-06,0.7574224042254971
2009-08-07,0.7009365030175851
2009-08-10,0.7373793281148812
2009-08-11,0.8703234339659784
2009-08-12,0.7896807297857451
2009-08-13,0.7635873956702459
2009-08-14,0.7180410669107448
2009-08-17,0.7374760165032102
2009-08-18,0.9297205216323049
2009-08-19,0.8244271289341683
2009-08-20,0.7000404159466449
2009-08-21,0.8294421124239019
2009-08-24,0.8789394260120433
2009-08-25,0.7409093521605163
2009-08-26,0.6907533460617761
2009-08-27,0.7123809181766079
2009-08-28,0.7284478746887413
2009-08-31,0.7490845364225008
2009-09-01,0.8916542020437337
2009-09-02,0.8769325423950513
2009-09-03,0.7876453126910281
2009-09-04,0.8158178351437604
2009-09-08,0.7315822156135823
2009-09-09,0.9208872476353015
2009-09-10,0.8269266998820781
2009-09-11,0.6509379830009703
2009-09-14,0.6997928282260797
2009-09-15,0.8135407138322084
2009-09-16,0.8116567465078044
2009-09-17,0.8082780517155939
2009-09-18,0.6527539853867648
2009-09-21,0.7412270249650647
2009-09-22,0.8308329096589292
2009-09-23,0.7219505179780941
2009-09-24,0.6570171128889728
2009-09-25,0.5703503162833601
2009-09-28,0.5983877057464575
2009-09-29,0.7206117084260902
2009-09-30,0.6707226123118342
2009-10-01,0.7046946279500463
2009-10-02,0.5030347882706006
2009-10-05,0.6940417679157065
2009-10-06,0.7359376915526776
2009-10-07,0.7263732963164884
2009-10-08,0.7290573301394178
2009-10-09,0.7589106277451327
2009-10-12,0.80551948120143
2009-10-13,0.6717662046196118
2009-10-14,0.7689756157494547
2009-10-15,0.7545197452157116
2009-10-16,0.8507012113978853
2009-10-19,0.7341844949515373
2009-10-20,0.7731445752606145
2009-10-21,0.7482742037966964
2009-10-22,0.7364519321156036
2009-10-23,0.6591458340781835
2009-10-26,0.6620181785902421
2009-10-27,0.636963341638968
2009-10-28,0.6975883336122506
2009-10-29,0.7551592279372354
2009-10-30,0.8418756241003937
2009-11-02,0.7921604600830776
2009-11-03,0.6366007138155303
2009-11-04,0.7447192250301435
2009-11-05,0.7190057853579215
2009-11-06,0.7288138668217008
2009-11-09,0.7090501500954179
2009-11-10,0.7842522662450766
2009-11-11,0.6442021738613027
2009-11-12,0.6250108120832297
2009-11-13,0.6539717561851535
2009-11-16,0.7105097942274928
2009-11-17,0.7547882152452416
2009-11-18,0.798377558259557
2009-11-19,0.7935630057272802
2009-11-20,0.7349733037412167
2009-11-23,0.7409813033959807
2009-11-24,0.670812162471931
2009-11-25,0.7218307524451034
2009-11-27,0.784392641718185
2009-11-30,0.8461079380059935
2009-12-01,1.0895226631454404
2009-12-02,0.8946401559576138
2009-12-03,0.770904993185484
2009-12-04,0.7299962275366567
2009-12-07,0.7722187564429189
2009-12-08,0.7062744019946355
2009-12-09,0.6957986056006833
2009-12-10,0.7291627642881112
2009-12-11,0.8287374001088403
2009-12-14,0.8094045684642013
2009-12-15,0.8652335875115403
2009-12-16,0.8304165827264698
2009-12-17,0.7183041813331419
2009-12-18,0.7729282271753114
2009-12-21,0.8368784020237516
2009-12-22,0.9644326788026829
2009-12-23,0.6878645621449845
2009-12-24,0.6474112044548883
2009-12-28,0.714567550176969
2009-12-29,0.6235856332839067
2009-12-30,0.6121801273274133
2009-12-31,0.6424539791659708
2010-01-04,0.26828158970479876
2010-01-05,0.5893033781443571
2010-01-06,0.3364249532559789
2010-01-07,0.2649895085084555
2010-01-08,0.2866788685395874
2010-01-11,0.24355014874258352
2010-01-12,0.1819976541334079
2010-01-13,0.31002761496370235
2010-01-14,0.2115666490059976
2010-01-15,0.241757141821181
2010-01-19,0.2517289741108596
2010-01-20,0.27373699808391094
2010-01-21,0.3336786252905409
2010-01-22,0.41810683325743214
2010-01-25,0.4022980014527628
2010-01-26,0.17088900982203953
2010-01-27,0.22014397407883074
2010-01-28,0.22840794847590157
2010-01-29,0.21637479872966137
2010-02-01,0.2166488585515417
2010-02-02,0.2226670468179205
2010-02-03,0.30122290764571713
2010-02-04,0.32193839787146084
2010-02-05,0.40643510921298964
2010-02-08,0.2380437352529055
2010-02-09,0.23663158315589622
2010-02-10,0.296869155547663
2010-02-11,0.3169255271793674
2010-02-12,0.2707194424879099
2010-02-16,0.2540236148986158
2010-02-17,0.2983092821321529
2010-02-18,0.2652339327024773
2010-02-19,0.22498870387119427
2010-02-22,0.22462248171668792
2010-02-23,0.2849084013185297
2010-02-24,0.28083047381749593
2010-02-25,0.25343043724075226
2010-02-26,0.27395752852095057
2010-03-01,0.25089228772852845
2010-03-02,0.2528100713196505
2010-03-03,0.26605325352228826
2010-03-04,0.2385510798396235
2010-03-05,0.2596644940340666
2010-03-08,0.280206324323481
2010-03-09,0.20926425331429876
2010-03-10,0.261343812832165
2010-03-11,0.24169226462579294
2010-03-12,0.2579302815295068
2010-03-15,0.24945156807213836
2010-03-16,0.3957851410147809
2010-03-17,0.28473680512355404
2010-03-18,0.274612322089249
2010-03-19,0.291403871233716
2010-03-22,0.36188918444273227
2010-03-23,0.260268990961901
2010-03-24,0.2907708746982819
2010-03-25,0.27480742271827274
2010-03-26,0.29519112210156057
2010-03-29,0.2879122371112778
2010-03-30,0.33608876074655997
2010-03-31,0.30449289345400976
2010-04-01,0.3314538210933681
2010-04-05,0.32176119717664975
2010-04-06,0.3055331971444666
2010-04-07,0.32427274376099025
2010-04-08,0.26993223851513665
2010-04-09,0.32001095500845156
2010-04-12,0.2587883021614448
2010-04-13,0.22362702048271924
2010-04-14,0.26839319936847883
2010-04-15,0.3001429603666792
2010-04-16,0.1847250279686991
2010-04-19,0.36297951482445634
2010-04-20,0.34342972469691546
2010-04-21,0.36825605622032564
2010-04-22,0.264060558842937
2010-04-23,0.2592049782248359
2010-04-26,0.2611798013665227
2010-04-27,0.19684629011239832
2010-04-28,0.34942716544248476
2010-04-29,0.28467110787175665
2010-04-30,0.37954650916083815
2010-05-03,0.30795035228602496
2010-05-04,0.2036005588928929
2010-05-05,0.45897794087672805
2010-05-06,0.3578850506983401
2010-05-07,0.5103278609236053
2010-05-10,0.16880821055793163
2010-05-11,0.3680394208621398
2010-05-12,0.18750419840828958
2010-05-13,0.2526466830045934
2010-05-14,0.2689260781245937
2010-05-17,0.3508161325651642
2010-05-18,0.2079646021209265
2010-05-19,0.18102190281271988
2010-05-20,0.234064719310352
2010-05-21,0.3167209978042276
2010-05-24,0.15194099122401694
2010-05-25,0.19916500917317384
2010-05-26,0.2027164617364754
2010-05-27,0.23462089401931854
2010-05-28,0.29873382335607696
2010-06-01,0.23397062887409478
2010-06-02,0.2794460720513755
2010-06-03,0.2871981497956201
2010-06-04,0.2961683016627764
2010-06-07,0.3406516985947886
2010-06-08,0.30274559721562266
2010-06-09,0.26116515891653047
2010-06-10,0.25041436511969184
2010-06-11,0.2655316054497444
2010-06-14,0.21384056957239034
2010-06-15,0.2605503321015599
2010-06-16,0.22333150057130013
2010-06-17,0.20451863577312887
2010-06-18,0.20643469186888003
2010-06-21,0.1966066751219377
2010-06-22,0.2683000560415024
2010-06-23,0.27364026354703497
2010-06-24,0.2762373463243979
2010-06-25,0.2651120054183268
2010-06-28,0.2734728479568459
2010-06-29,0.20245713854452324
2010-06-30,0.3486409272421813
2010-07-01,0.21366286199882734
2010-07-02,0.1801253864191736
2010-07-06,0.20194792182291849
2010-07-07,0.22135960945331878
2010-07-08,0.2449313524802173
2010-07-09,0.24443788651673543
2010-07-12,0.23329664328948646
2010-07-13,0.20799727005569735
2010-07-14,0.2943972834913392
2010-07-15,0.258315026090886
2010-07-16,0.2594627694858533
2010-07-19,0.3335970937849773
2010-07-20,0.2604824572763689
2010-07-21,0.37323097387759524
2010-07-22,0.3139186479777709
2010-07-23,0.33894169406033003
2010-07-26,0.28631196209353904
2010-07-27,0.24291634000993623
2010-07-28,0.26648735011718094
2010-07-29,0.2823890486001114
2010-07-30,0.26797870593163153
2010-08-02,0.26602713920780396
2010-08-03,0.2712979602403018
2010-08-04,0.2552992672635624
2010-08-05,0.2544803857827379
2010-08-06,0.2150517645945912
2010-08-09,0.23101594225687136
2010-08-10,0.2179622681653163
2010-08-11,0.2987094085023878
2010-08-12,0.3011758113032836
2010-08-13,0.26396463446694174
2010-08-16,0.20990251688115558
2010-08-17,0.2408332702499384
2010-08-18,0.34326665501182063
2010-08-19,0.2763321651408447
2010-08-20,0.3963695919788913
2010-08-23,0.3427815834212414
2010-08-24,0.22847467858419554
2010-08-25,0.42084666048793584
2010-08-26,0.22542182431137153
2010-08-27,0.2202068268772004
2010-08-30,0.22627870405032424
2010-08-31,0.23810442212498695
2010-09-01,0.2791817682854507
2010-09-02,0.4299125309403884
2010-09-03,0.28231628085638377
2010-09-07,0.27401801795261205
2010-09-08,0.26220101884020974
2010-09-09,0.22683172256719247
2010-09-10,0.2928918916768023
2010-09-13,0.21028002955642433
2010-09-14,0.25765529830277023
2010-09-15,0.2489217203679836
2010-09-16,0.22953037706671592
2010-09-17,0.2700883502302985
2010-09-20,0.266395519362704
2010-09-21,0.30905479199606933
2010-09-22,0.2612174126049202
2010-09-23,0.3575868170004476
2010-09-24,0.3250044777227733
2010-09-27,0.3400658550128702
2010-09-28,0.20864070155166703
2010-09-29,0.24601272787119677
2010-09-30,0.27890011937743603
2010-10-01,0.2666178648872267
2010-10-04,0.2659163886415413
2010-10-05,0.30504427122499056
2010-10-06,0.35177219923629577
2010-10-07,0.2452361020464976
2010-10-08,0.26896783668207713
2010-10-11,0.2914077071013176
2010-10-12,0.19380913954777235
2010-10-13,0.2905862114629927
2010-10-14,0.34875622114513316
2010-10-15,0.29720080594158194
2010-10-18,0.3006118097278182
2010-10-19,0.26627665008068035
2010-10-20,0.3937983645494959
2010-10-21,0.3390806172272246
2010-10-22,0.33593891199514014
2010-10-25,0.2902973793460787
2010-10-26,0.23398701554759127
2010-10-27,0.31500656345909595
2010-10-28,0.29711628890092656
2010-10-29,0.2773662621464352
2010-11-01,0.2921731398473639
2010-11-02,0.2989278045187117
2010-11-03,0.3098041970665877
2010-11-04,0.27516585828496243
2010-11-05,0.44957771348719244
2010-11-08,0.2495696283082831
2010-11-09,0.2158079157455075
2010-11-10,0.2103655836201065
2010-11-11,0.2001176393442033
2010-11-12,0.2507454175246613
2010-11-15,0.2626055273026322
2010-11-16,0.23978047362077898
2010-11-17,0.33722468157177443
2010-11-18,0.20726816017920235
2010-11-19,0.30901445846042
2010-11-22,0.25401960468780344
2010-11-23,0.27930560476663385
2010-11-24,0.28892475617272984
2010-11-26,0.27359674579511584
2010-11-29,0.19930989950470623
2010-11-30,0.2648988829881959
2010-12-01,0.23214643214256286
2010-12-02,0.34046386424717456
2010-12-03,0.21946804666655884
2010-12-06,0.19176965544374425
2010-12-07,0.20238500561745665
2010-12-08,0.2127002708573854
2010-12-09,0.26221667261938864
2010-12-10,0.2613623912239543
2010-12-13,0.19892566394931058
2010-12-14,0.2578820002791892
2010-12-15,0.2604087923257569
2010-12-16,0.27882600040010386
2010-12-17,0.3055840005105342
2010-12-20,0.28317852346298333
2010-12-21,0.24452250123062239
2010-12-22,0.251201501807432
2010-12-23,0.2091360869980579
2010-12-27,0.19836278785204509
2010-12-28,0.2283403826855761
2010-12-29,0.20418771794337798
2010-12-30,0.28794692717533843
2010-12-31,0.2344986236301778
2011-01-03,0.007555986122858172
2011-01-04,0.26743427607295966
2011-01-05,0.01076372240052033
2011-01-06,0.007551441672020452
2011-01-07,0.01010010210099177
2011-01-10,0.009412810205179858
2011-01-11,0.007814902250343956
2011-01-12,0.009521689925625656
2011-01-13,0.009655400901614517
2011-01-14,0.010108178198864223
2011-01-18,0.011657966400550914
2011-01-19,0.007445525038183637
2011-01-20,0.01347281036504846
2011-01-21,0.008015396080211474
2011-01-24,0.007933330256276586
2011-01-25,0.008522736702885919
2011-01-26,0.017735511752940192
2011-01-27,0.013321594236697407
2011-01-28,0.014283298370871871
2011-01-31,0.009599112508063161
2011-02-01,0.03272737342509449
2011-02-02,0.007579024293453499
2011-02-03,0.010012776481579277
2011-02-04,0.009164585528234619
2011-02-07,0.01296049027059142
2011-02-08,0.018078952379083343
2011-02-09,0.006617490985078472
2011-02-10,0.012062385189833106
2011-02-11,0.009790127624697182
2011-02-14,0.008789181361458714
2011-02-15,0.01363663969541538
2011-02-16,0.01336795376766662
2011-02-17,0.009162366639070213
2011-02-18,0.009266009356040779
2011-02-22,0.006664497828057369
2011-02-23,0.03627584422250663
2011-02-24,0.03614763671053771
2011-02-25,0.009764875746544211
2011-02-28,0.012069293105489213
2011-03-01,0.0078112480881174385
2011-03-02,0.023151092675604844
2011-03-03,0.007160049980816502
2011-03-04,0.016401066710882067
2011-03-07,0.006493327024668232
2011-03-08,0.008289363625063745
2011-03-09,0.01788880491664919
2011-03-10,0.01878512867436862
2011-03-11,0.017329946461172717
2011-03-14,0.010356653949637222
2011-03-15,0.015645011500540606
2011-03-16,0.009685623041604245
2011-03-17,0.02471462127750516
2011-03-18,0.017733958785398976
2011-03-21,0.012998129274198973
2011-03-22,0.00695614494699688
2011-03-23,0.006726740202477699
2011-03-24,0.007912599452257214
2011-03-25,0.008236797554826534
2011-03-28,0.008154070827654658
2011-03-29,0.016159389920883133
2011-03-30,0.007302198991098654
2011-03-31,0.014222243977742518
2011-04-01,0.011969562749001713
2011-04-04,0.007338665864393929
2011-04-05,0.009774137716744796
2011-04-06,0.005635878433269132
2011-04-07,0.00941154792289009
2011-04-08,0.014783678839355857
2011-04-11,0.007963894614198313
2011-04-12,0.011578275192040653
2011-04-13,0.01965677814235564
2011-04-14,0.009937349771673981
2011-04-15,0.007660156665415202
2011-04-18,0.005156358045859134
2011-04-19,0.008657775882837816
2011-04-20,0.007052725008720002
2011-04-21,0.009830611469522044
2011-04-25,0.00843398905279753
2011-04-26,0.006956491718702033
2011-04-27,0.009068286463392812
2011-04-28,0.00805983626508695
2011-04-29,0.006961692280528167
2011-05-02,0.009666809906806873
2011-05-03,0.010550778888454435
2011-05-04,0.02680343427578785
2011-05-05,0.009636928182721122
2011-05-06,0.01182006056013244
2011-05-09,0.005607250837961219
2011-05-10,0.009058287615064848
2011-05-11,0.00662709724532213
2011-05-12,0.012309261312251027
2011-05-13,0.01171083107260365
2011-05-16,0.011341226407900164
2011-05-17,0.008979369448283366
2011-05-18,0.011779424343543277
2011-05-19,0.014014694262271865
2011-05-20,0.006508849487294739
2011-05-23,0.016530538082872
2011-05-24,0.007061915707251441
2011-05-25,0.013442602821221509
2011-05-26,0.007001947582132548
2011-05-27,0.009081587143546316
2011-05-31,0.007171145394433128
2011-06-01,0.007297585711827021
2011-06-02,0.011460284267398584
2011-06-03,0.007971770433576792
2011-06-06,0.009207883029488308
2011-06-07,0.011306252918901999
2011-06-08,0.005062542569226303
2011-06-09,0.007959050644816026
2011-06-10,0.0066582685018500495
2011-06-13,0.006616466186513353
2011-06-14,0.016754560175731043
2011-06-15,0.010327714809847621
2011-06-16,0.009677502223126671
2011-06-17,0.012096441405507653
2011-06-20,0.00696913951937087
2011-06-21,0.006524396679673642
2011-06-22,0.010183226776527656
2011-06-23,0.00919198118345306
2011-06-24,0.0065953973997097196
2011-06-27,0.013532166757567207
2011-06-28,0.008425729765339639
2011-06-29,0.007419285744681866
2011-06-30,0.010944935511509594
2011-07-01,0.008704311336863967
2011-07-05,0.0064568006553513795
2011-07-06,0.008945894348916687
2011-07-07,0.006088369298591362
2011-07-08,0.006111228005921161
2011-07-11,0.0095964635751681
2011-07-12,0.009405974698837576
2011-07-13,0.0075757253828455575
2011-07-14,0.0057176175981996655
2011-07-15,0.011884285873760059
2011-07-18,0.038736263660331324
2011-07-19,0.00812416378029306
2011-07-20,0.007961498797653078
2011-07-21,0.0072421817033647175
2011-07-22,0.009900888276005597
2011-07-25,0.007542381038811708
2011-07-26,0.008388532465492437
2011-07-27,0.010163647647733219
2011-07-28,0.008949329936215077
2011-07-29,0.00880348725019411
2011-08-01,0.01559019971727332
2011-08-02,0.007381340359181736
2011-08-03,0.011965296193146086
2011-08-04,0.009306613116730453
2011-08-05,0.021930805670185138
2011-08-08,0.015014155188866899
2011-08-09,0.030060670237656056
2011-08-10,0.018103757223288316
2011-08-11,0.020985101818781656
2011-08-12,0.016482043948133726
2011-08-15,0.010100552774141021
2011-08-16,0.010589937797580266
2011-08-17,0.01286145289512086
2011-08-18,0.007066447996081706
2011-08-19,0.015296624850622508
2011-08-22,0.009799327454039539
2011-08-23,0.018285740023311133
2011-08-24,0.011365856852926199
2011-08-25,0.011289018790582653
2011-08-26,0.011651748623655755
2011-08-29,0.011335750857622536
2011-08-30,0.010985216265580178
2011-08-31,0.012592455383489746
2011-09-01,0.008796202363984956
2011-09-02,0.018387837899155688
2011-09-06,0.00831523205905378
2011-09-07,0.017771978754410257
2011-09-08,0.0156668279279566
2011-09-09,0.015231404244977678
2011-09-12,0.01548478802858981
2011-09-13,0.008314851765634033
2011-09-14,0.01022849431544794
2011-09-15,0.009646664998813777
2011-09-16,0.01168457430219657
2011-09-19,0.00875659206633517
2011-09-20,0.012570171673612424
2011-09-21,0.012742942387645284
2011-09-22,0.013434455541400245
2011-09-23,0.027376205579239147
2011-09-26,0.024739556139391588
2011-09-27,0.020290300620812957
2011-09-28,0.010274192749855839
2011-09-29,0.014451543192623519
2011-09-30,0.01769035881069896
2011-10-03,0.015069365677894554
2011-10-04,0.02122065189437996
2011-10-05,0.01566317065156466
2011-10-06,0.015923238008973654
2011-10-07,0.009406655500341896
2011-10-10,0.013840266851877864
2011-10-11,0.016302824005082515
2011-10-12,0.009719111680913224
2011-10-13,0.009581221609526305
2011-10-14,0.00940057086783988
2011-10-17,0.012950300722772874
2011-10-18,0.013392317408138033
2011-10-19,0.01870219793219458
2011-10-20,0.011149329367004045
2011-10-21,0.00910914930544394
2011-10-24,0.008714566383472695
2011-10-25,0.010480772275997875
2011-10-26,0.014079919704692466
2011-10-27,0.015727463756825974
2011-10-28,0.014487528542407407
2011-10-31,0.011195615389281072
2011-11-01,0.020405057674722716
2011-11-02,0.012227177851981751
2011-11-03,0.014564076258767569
2011-11-04,0.011619900283201508
2011-11-07,0.03314721830592375
2011-11-08,0.009470882890214534
2011-11-09,0.0074809488850201104
2011-11-10,0.015026947262288306
2011-11-11,0.011072729538653299
2011-11-14,0.0110920856897825
2011-11-15,0.01222534497537993
2011-11-16,0.008803507155094984
2011-11-17,0.01439504631331761
2011-11-18,0.011658637155794219
2011-11-21,0.009859195555306767
2011-11-22,0.01098810431455131
2011-11-23,0.011442620703505432
2011-11-25,0.013232333082266403
2011-11-28,0.009055056675105701
2011-11-29,0.012926340131833709
2011-11-30,0.013314198403402025
2011-12-01,0.019144901045436258
2011-12-02,0.007531512041040919
2011-12-05,0.009625158798319194
2011-12-06,0.015230313669023577
2011-12-07,0.013474229463439949
2011-12-08,0.010948713518607994
2011-12-09,0.017766170692842656
2011-12-12,0.008574998002172039
2011-12-13,0.016725751524084724
2011-12-14,0.010408444929463776
2011-12-15,0.017775663419984863
2011-12-16,0.01132043905068469
2011-12-19,0.016243523275604167
2011-12-20,0.018453620438881418
2011-12-21,0.011712554529599833
2011-12-22,0.01232153934137253
2011-12-23,0.011785182109231365
2011-12-27,0.007506340723134293
2011-12-28,0.008105813151831197
2011-12-29,0.01364208722008398
2011-12-30,0.008976279226719317
2012-01-03,0.010194327324086375
2012-01-04,0.13390973675096712
2012-01-05,0.01033512498826398
2012-01-06,0.011611893837158322
2012-01-09,0.012593167171416713
2012-01-10,0.014238477944921201
2012-01-11,0.013978269579148973
2012-01-12,0.01898889692964485
2012-01-13,0.009912633634717668
2012-01-17,0.015237017926775655
2012-01-18,0.01605427446531876
2012-01-19,0.015078543893397951
2012-01-20,0.02364257843673491
2012-01-23,0.014830656960071204
2012-01-24,0.03320880393537755
2012-01-25,0.01161954091627487
2012-01-26,0.01935429401354557
2012-01-27,0.0295145192641851
2012-01-30,0.009122620151088143
2012-01-31,0.009770330814059671
2012-02-01,0.014766841957613745
2012-02-02,0.014089723338122244
2012-02-03,0.027953537082781532
2012-02-06,0.010893618910702542
2012-02-07,0.01238949575923716
2012-02-08,0.013064611747177615
2012-02-09,0.008074867006526713
2012-02-10,0.009400836313202494
2012-02-13,0.008001583327796226
2012-02-14,0.011157207205117849
2012-02-15,0.008519632956755811
2012-02-16,0.012072850057414068
2012-02-17,0.012751413553397145
2012-02-21,0.01923875059395908
2012-02-22,0.009329161617089896
2012-02-23,0.012731311129268594
2012-02-24,0.01803756095875745
2012-02-27,0.011360194931476456
2012-02-28,0.012442456492113448
2012-02-29,0.009468711621084713
2012-03-01,0.00834583080692788
2012-03-02,0.010351737422121206
2012-03-05,0.014015767826406992
2012-03-06,0.010193632130963482
2012-03-07,0.010776197510301214
2012-03-08,0.009623853846817368
2012-03-09,0.008537292950530968
2012-03-12,0.00935328647929034
2012-03-13,0.008557743111948356
2012-03-14,0.008685538676112287
2012-03-15,0.011361804718557956
2012-03-16,0.012127647718080534
2012-03-19,0.014458201449749328
2012-03-20,0.01031895274790595
2012-03-21,0.010660478910955735
2012-03-22,0.010687348700341479
2012-03-23,0.013970663417194391
2012-03-26,0.007743884934078697
2012-03-27,0.017179657017937517
2012-03-28,0.007679500117998987
2012-03-29,0.018202061126001583
2012-03-30,0.008038490809666985
2012-04-02,0.006705257806021812
2012-04-03,0.006296995875984377
2012-04-04,0.011786534461233806
2012-04-05,0.00903900621157885
2012-04-09,0.0062529127414013164
2012-04-10,0.010491590334933541
2012-04-11,0.01150640235088217
2012-04-12,0.019017654964442875
2012-04-13,0.015476935819407112
2012-04-16,0.012788973174003411
2012-04-17,0.017810387086700012
2012-04-18,0.011676641097275052
2012-04-19,0.024597951948043675
2012-04-20,0.012837979458789279
2012-04-23,0.01585587540463812
2012-04-24,0.025689601695167905
2012-04-25,0.011916877835914441
2012-04-26,0.012820445832878218
2012-04-27,0.018215482731243033
2012-04-30,0.013206354157013895
2012-05-01,0.023829081970856904
2012-05-02,0.02813616872383337
2012-05-03,0.06917896875821171
2012-05-04,0.022903101987225002
2012-05-07,0.020172483220554864
2012-05-08,0.010819600765401137
2012-05-09,0.007845462758778309
2012-05-10,0.01893996635556406
2012-05-11,0.013246577615542935
2012-05-14,0.06620349430092401
2012-05-15,0.031189914236944085
2012-05-16,0.025213940737863084
2012-05-17,0.0185518123379484
2012-05-18,0.013304823662643323
2012-05-21,0.03735488747909676
2012-05-22,0.015481022019219753
2012-05-23,0.01242321659419577
2012-05-24,0.012251410511473557
2012-05-25,0.02041497781975524
2012-05-29,0.01520933040672896
2012-05-30,0.012632161432923613
2012-05-31,0.014678244819712286
2012-06-01,0.01697110242203849
2012-06-04,0.028890786369486395
2012-06-05,0.0272415015864178
2012-06-06,0.013172177754889478
2012-06-07,0.021181498883689334
2012-06-08,0.01487975201846202
2012-06-11,0.012019974325495963
2012-06-12,0.016803723330666348
2012-06-13,0.016925718454300718
2012-06-14,0.01480620609488201
2012-06-15,0.010190869229738189
2012-06-18,0.015627338028199378
2012-06-19,0.017146795799100556
2012-06-20,0.023688663257019592
2012-06-21,0.010427381755338815
2012-06-22,0.016711445807415227
2012-06-25,0.01150890627258877
2012-06-26,0.032750897684790864
2012-06-27,0.006587642132747287
2012-06-28,0.02151183456492914
2012-06-29,0.010723004299056128
2012-07-02,0.013713601679575818
2012-07-03,0.008543227461587793
2012-07-05,0.01600729379788339
2012-07-06,0.013501934751365685
2012-07-09,0.01756233212248751
2012-07-10,0.009548146421360572
2012-07-11,0.02787000602665602
2012-07-12,0.012907761291973713
2012-07-13,0.0106480615948081
2012-07-16,0.009342629556802876
2012-07-17,0.00982244571871945
2012-07-18,0.007947529286072154
2012-07-19,0.013598336734391814
2012-07-20,0.02793164728862915
2012-07-23,0.026109911895770183
2012-07-24,0.017536792052588086
2012-07-25,0.01716257405767622
2012-07-26,0.02284486047376636
2012-07-27,0.022752702378298087
2012-07-30,0.014693371537197259
2012-07-31,0.012204164789883721
2012-08-01,0.010018168716667357
2012-08-02,0.008739264294308635
2012-08-03,0.018910951159457186
2012-08-06,0.016543901155543567
2012-08-07,0.01341057803230641
2012-08-08,0.0385902831483516
2012-08-09,0.016095487276596137
2012-08-10,0.013694277653305366
2012-08-13,0.019082041757678934
2012-08-14,0.014998915202612303
2012-08-15,0.010298194932471225
2012-08-16,0.011650197209783792
2012-08-17,0.010580126637559585
2012-08-20,0.006808757802433092
2012-08-21,0.010943491902977465
2012-08-22,0.01209013818246478
2012-08-23,0.009182138047985016
2012-08-24,0.013942433814100014
2012-08-27,0.007055453117850219
2012-08-28,0.005630704377933386
2012-08-29,0.0073410187624268495
2012-08-30,0.007095716299705662
2012-08-31,0.01012443522121536
2012-09-04,0.008301859652555959
2012-09-05,0.008305625689665062
2012-09-06,0.01168043743823989
2012-09-07,0.013980173824135224
2012-09-10,0.021162626350286515
2012-09-11,0.016850191321951914
2012-09-12,0.01535391986410551
2012-09-13,0.009954443759195762
2012-09-14,0.012569883042323106
2012-09-17,0.014716634322306701
2012-09-18,0.009434884401040549
2012-09-19,0.0073443673830367266
2012-09-20,0.0112104946977813
2012-09-21,0.007964008654803505
2012-09-24,0.006928250153649533
2012-09-25,0.010641562657392294
2012-09-26,0.008084946323067875
2012-09-27,0.009362763990232073
2012-09-28,0.007898800828689975
2012-10-01,0.006314670894137702
2012-10-02,0.01278431734845041
2012-10-03,0.021051966771613046
2012-10-04,0.018328271705444037
2012-10-05,0.012912134158946462
2012-10-08,0.008540208522166855
2012-10-09,0.010292050757875947
2012-10-10,0.013946950381962479
2012-10-11,0.00586239363845928
2012-10-12,0.021225323268904958
2012-10-15,0.009403710914743556
2012-10-16,0.012107726836702758
2012-10-17,0.009561898518443879
2012-10-18,0.01699423239206852
2012-10-19,0.015560899749016982
2012-10-22,0.013887417919143451
2012-10-23,0.012461537798134869
2012-10-24,0.009391100164325414
2012-10-25,0.012040509268996972
2012-10-26,0.00841202220224584
2012-10-31,0.010008490056986778
2012-11-01,0.010966331318196888
2012-11-02,0.017513044776409255
2012-11-05,0.03495924267637963
2012-11-06,0.010489938308085858
2012-11-07,0.010188939604282559
2012-11-08,0.018253272170122428
2012-11-09,0.007452678455902531
2012-11-12,0.008657390910163192
2012-11-13,0.011949322986028587
2012-11-14,0.013305237110366342
2012-11-15,0.011024379741486982
2012-11-16,0.013898882462348987
2012-11-19,0.012698565525459891
2012-11-20,0.0181602665003436
2012-11-21,0.011842675376909766
2012-11-23,0.007139874473068898
2012-11-26,0.006381860775922274
2012-11-27,0.016042040808015127
2012-11-28,0.0112668213862928
2012-11-29,0.00907093945160247
2012-11-30,0.006413161519859615
2012-12-03,0.0148897316006644
2012-12-04,0.005851644188107387
2012-12-05,0.009630396161820303
2012-12-06,0.010692518431082437
2012-12-07,0.007606089181452805
2012-12-10,0.00777437295156057
2012-12-11,0.011173154084116722
2012-12-12,0.007908941786053269
2012-12-13,0.008620929481877738
2012-12-14,0.007794720327007603
2012-12-17,0.008546763149260117
2012-12-18,0.011964385448523716
2012-12-19,0.012791595771284707
2012-12-20,0.007693994034950876
2012-12-21,0.01284549065592287
2012-12-24,0.00823966724259839
2012-12-26,0.009455980478039805
2012-12-27,0.008904896741769483
2012-12-28,0.00845050152746476
2012-12-31,0.005893607732602883
2013-01-02,0.7085188151124493
2013-01-03,0.8236750157441122
2013-01-04,0.3480706821001158
2013-01-07,0.43138523380087823
2013-01-08,0.43809024121053647
2013-01-09,0.37827679416339266
2013-01-10,0.3906532988647933
2013-01-11,0.320858523539608
2013-01-14,0.3032897887746412
2013-01-15,0.33868341445312533
2013-01-16,0.26664298804200987
2013-01-17,0.3055944383508417
2013-01-18,0.4175626240838856
2013-01-22,0.26671824808786004
2013-01-23,0.37114665026456467
2013-01-24,0.3281382877340433
2013-01-25,0.30038784174528005
2013-01-28,0.2228328441940067
2013-01-29,0.23157191256945847
2013-01-30,0.35438413756764053
2013-01-31,0.3095653740211637
2013-02-01,0.35641533594222774
2013-02-04,0.3782486036948132
2013-02-05,0.3339991151314029
2013-02-06,0.4293440830467556
2013-02-07,0.38063752785046134
2013-02-08,0.43788432936098975
2013-02-11,0.3987597000273867
2013-02-12,0.3967976420855815
2013-02-13,0.39025527306322794
2013-02-14,0.37270108639648086
2013-02-15,0.3879173051148479
2013-02-19,0.45242314286173013
2013-02-20,0.3941640718035787
2013-02-21,0.5217911490519561
2013-02-22,0.40792847390883974
2013-02-25,0.3866392051884
2013-02-26,0.6519500490962717
2013-02-27,0.34261585216212576
2013-02-28,0.5040623659787469
2013-03-01,0.3007338473433496
2013-03-04,0.3067043628101665
2013-03-05,0.2882562762343989
2013-03-06,0.29566377014159956
2013-03-07,0.23927110124972745
2013-03-08,0.3185935835508819
2013-03-11,0.312326954615671
2013-03-12,0.2293019589209771
2013-03-13,0.281223377282397
2013-03-14,0.2414693907622645
2013-03-15,0.3682706425901783
2013-03-18,0.38642347515789177
2013-03-19,0.36974578570056205
2013-03-20,0.37178106929454396
2013-03-21,0.38493174903286553
2013-03-22,0.388798547778052
2013-03-25,0.3389928404679888
2013-03-26,0.288092026458454
2013-03-27,0.39957756059977245
2013-03-28,0.24202617727775766
2013-04-01,0.29788979910044777
2013-04-02,0.3367657113431674
2013-04-03,0.37106169164743996
2013-04-04,0.37980479230402797
2013-04-05,0.25103283011270366
2013-04-08,0.29365116460933405
2013-04-09,0.32480824410412157
2013-04-10,0.39865554740240283
2013-04-11,0.520077140637897
2013-04-12,0.3239894965975809
2013-04-15,0.42994857200479886
2013-04-16,0.6340171472667961
2013-04-17,0.376597263290473
2013-04-18,0.3757477275748413
2013-04-19,0.40250106631723964
2013-04-22,0.4235697425668342
2013-04-23,0.22522196976040934
2013-04-24,0.3698644927910753
2013-04-25,0.487624155343984
2013-04-26,0.4553635875326904
2013-04-29,0.2668440943273541
2013-04-30,0.4000521503310332
2013-05-01,0.2774452852552355
2013-05-02,0.4967461018822296
2013-05-03,0.4394143426327098
2013-05-06,0.4448450075262476
2013-05-07,0.3073874593607582
2013-05-08,0.3212650590930011
2013-05-09,0.30687905283195605
2013-05-10,0.23929735232063615
2013-05-13,0.2659841461304242
2013-05-14,0.275427413657781
2013-05-15,0.3560322617569147
2013-05-16,0.36637090686362417
2013-05-17,0.36404546884971273
2013-05-20,0.29443140354220765
2013-05-21,0.3624075656582613
2013-05-22,0.27229950355763366
2013-05-23,0.3237583115791074
2013-05-24,0.3360911589237157
2013-05-28,0.3299551328846364
2013-05-29,0.35545347844188846
2013-05-30,0.4584703828252107
2013-05-31,0.30206328872007465
2013-06-03,0.4706770553677313
2013-06-04,0.33615201347960516
2013-06-05,0.34538875410804304
2013-06-06,0.5168602696416207
2013-06-07,0.4028155152927015
2013-06-10,0.5747094353731438
2013-06-11,0.38868038006658545
2013-06-12,0.5277252541492423
2013-06-13,0.32751263210630804
2013-06-14,0.5697079469693885
2013-06-17,0.4049004234279921
2013-06-18,0.5201688640946766
2013-06-19,0.3656214797409303
2013-06-20,0.5881210933669103
2013-06-21,0.7085587905497079
2013-06-24,0.37035309470899425
2013-06-25,0.44792025139857405
2013-06-26,0.39880155650533244
2013-06-27,0.5393413702025815
2013-06-28,0.41944090189516003
2013-07-01,0.4059193347013594
2013-07-02,0.4096994651665234
2013-07-03,0.3638507873351337
2013-07-05,0.22476349709642074
2013-07-08,0.37766623241631314
2013-07-09,0.30447768491388116
2013-07-10,0.34452559930418564
2013-07-11,0.24930050703785667
2013-07-12,0.40649071162928485
2013-07-15,0.2736052715422609
2013-07-16,0.28207011936032567
2013-07-17,0.3077458723884993
2013-07-18,0.3406615422112458
2013-07-19,0.42398286615135317
2013-07-22,0.30091053724783673
2013-07-23,0.25192816196776857
2013-07-24,0.2874693556058424
2013-07-25,0.4294207301838505
2013-07-26,0.38092226629854775
2013-07-29,0.3215573604792027
2013-07-30,0.35324733867399716
2013-07-31,0.338531296486852
2013-08-01,0.29761125637384767
2013-08-02,0.50433315666482
2013-08-05,0.3522140803570639
2013-08-06,0.2746963106256367
2013-08-07,0.3996997428129053
2013-08-08,0.37510774665880475
2013-08-09,0.44710802192966703
2013-08-12,0.34811035805213175
2013-08-13,0.26669008852534043
2013-08-14,0.300681341392515
2013-08-15,0.37739817039677537
2013-08-16,0.4122945893219392
2013-08-19,0.22633773152007808
2013-08-20,0.3509360668879862
2013-08-21,0.2857205986605742
2013-08-22,0.3572755101531515
2013-08-23,0.5083320924711686
2013-08-26,0.31773931219477336
2013-08-27,0.29388409675827315
2013-08-28,0.5237734111000132
2013-08-29,0.29048080795789893
2013-08-30,0.32045410973490746
2013-09-03,0.2932696415889313
2013-09-04,0.49356664940818673
2013-09-05,0.40814067261679854
2013-09-06,0.3525167551282279
2013-09-09,0.24126741172299718
2013-09-10,0.4201159962821852
2013-09-11,0.40037550199671834
2013-09-12,0.34147889932961584
2013-09-13,0.3515564665032609
2013-09-16,0.30589658656258034
2013-09-17,0.3650182801691941
2013-09-18,0.26210455501351326
2013-09-19,0.39406109781242304
2013-09-20,0.2206340402173627
2013-09-23,0.30765153687523733
2013-09-24,0.4204722928921857
2013-09-25,0.3690240887484717
2013-09-26,0.3957587019548028
2013-09-27,0.3106129796193464
2013-09-30,0.3221296608800826
2013-10-01,0.32539149008178536
2013-10-02,0.3160647630555856
2013-10-03,0.3364848957264989
2013-10-04,0.4337057224735462
2013-10-07,0.4407569678806059
2013-10-08,0.5023834933285496
2013-10-09,0.4726692453134246
2013-10-10,0.3092776033521827
2013-10-11,0.9210278786498822
2013-10-14,0.42369061518137363
2013-10-15,0.31446695834216676
2013-10-16,0.4706391017338958
2013-10-17,0.6373480659965141
2013-10-18,0.4528018344598457
2013-10-21,0.30302887783200205
2013-10-22,0.2529263965354623
2013-10-23,0.3309720674911194
2013-10-24,0.43697274718846657
2013-10-25,0.33625898885529093
2013-10-28,0.2766258038178789
2013-10-29,0.28527809812475513
2013-10-30,0.28833848316001953
2013-10-31,0.3005906764033359
2013-11-01,0.34818854317474573
2013-11-04,0.2887909753198554
2013-11-05,0.31393575383105066
2013-11-06,0.4018439055429102
2013-11-07,0.4324031161435439
2013-11-08,0.5066613696098764
2013-11-11,0.5827034088251081
2013-11-12,0.26444431009393615
2013-11-13,0.4234036808061524
2013-11-14,0.4588894683508653
2013-11-15,0.37460810009403145
2013-11-18,0.30598846137632396
2013-11-19,0.39319042221613754
2013-11-20,0.3408365717805524
2013-11-21,0.32904144161051385
2013-11-22,0.43253028897060053
2013-11-25,0.32435922786681043
2013-11-26,0.39037209665520445
2013-11-27,0.2677028515043918
2013-11-29,0.26810658161496675
2013-12-02,0.1907458952920636
2013-12-03,0.2985260671702623
2013-12-04,0.40057774116605316
2013-12-05,0.4546232788735232
2013-12-06,0.4280857371697699
2013-12-09,0.6143018712177832
2013-12-10,0.2929687905998607
2013-12-11,0.3960370013089197
2013-12-12,0.6539768929249755
2013-12-13,0.40589302989513953
2013-12-16,0.3372256749390941
2013-12-17,0.3861332830943154
2013-12-18,0.39270985682191273
2013-12-19,0.6676873731004276
2013-12-20,0.3467651054332743
2013-12-23,0.3469998635604164
2013-12-24,0.2699640894598623
2013-12-26,0.21010807893029082
2013-12-27,0.2673333738185856
2013-12-30,0.22267933966652306
2013-12-31,0.20101723877908972
2014-01-02,0.23203900831398672
2014-01-03,0.543416724282546
2014-01-06,0.2387555598703645
2014-01-07,0.2598691466324094
2014-01-08,0.32638324594253976
2014-01-09,0.3318227990071255
2014-01-10,0.23330486138995743
2014-01-13,0.18509179331532932
2014-01-14,0.21581523905222405
2014-01-15,0.2607319400520417
2014-01-16,0.273390846294993
2014-01-17,0.22927983246614903
2014-01-21,0.2645729061254849
2014-01-22,0.21487466457072396
2014-01-23,0.2277442945039192
2014-01-24,0.19552999109718183
2014-01-27,0.2635799060725023
2014-01-28,0.2219606448661475
2014-01-29,0.2980624807155092
2014-01-30,0.3023116391517218
2014-01-31,0.34556419894935786
2014-02-03,0.20858253785063988
2014-02-04,0.21329584697787096
2014-02-05,0.19981788968116537
2014-02-06,0.17878025690788685
2014-02-07,0.21039091730154008
2014-02-10,0.21306481137330707
2014-02-11,0.17342174118071274
2014-02-12,0.15756338365746472
2014-02-13,0.14937743354779975
2014-02-14,0.2088023641952315
2014-02-18,0.2233257975798288
2014-02-19,0.23606989884125767
2014-02-20,0.24336748481955162
2014-02-21,0.21781452563875536
2014-02-24,0.26707771859822654
2014-02-25,0.27750386599306043
2014-02-26,0.2203863773623401
2014-02-27,0.205603913725732
2014-02-28,0.258126579134539
2014-03-03,0.3333538134615567
2014-03-04,0.23820775018718057
2014-03-05,0.3356712556112874
2014-03-06,0.3832577879788944
2014-03-07,0.32714040062162464
2014-03-10,0.23799147159210576
2014-03-11,0.2917458958694086
2014-03-12,0.2857441694499979
2014-03-13,0.2684886563578262
2014-03-14,0.2763113853245833
2014-03-17,0.22729750953413425
2014-03-18,0.32582620266771806
2014-03-19,0.31578789353919867
2014-03-20,0.32876083015383717
2014-03-21,0.3260785145159457
2014-03-24,0.3265146855263974
2014-03-25,0.21555093290570937
2014-03-26,0.24871807250297323
2014-03-27,0.2051094793005769
2014-03-28,0.1971103457084577
2014-03-31,0.19529033495672252
2014-04-01,0.20363788766287658
2014-04-02,0.25861813511701437
2014-04-03,0.20111635589815763
2014-04-04,0.2475599967351912
2014-04-07,0.215133586412728
2014-04-08,0.19572488326124507
2014-04-09,0.19288344218487896
2014-04-10,0.21543221130980167
2014-04-11,0.25466965397889824
2014-04-14,0.18433936420589328
2014-04-15,0.2180884414820134
2014-04-16,0.22790019324324806
2014-04-17,0.2262786266318545
2014-04-21,0.24232792168016443
2014-04-22,0.19160506592453558
2014-04-23,0.18293000011997854
2014-04-24,0.19685238468455568
2014-04-25,0.23263608465472618
2014-04-28,0.19108990645564355
2014-04-29,0.2216627413912029
2014-04-30,0.17041955597033948
2014-05-01,0.19122342959513638
2014-05-02,0.2103945712801349
2014-05-05,0.2296553875788601
2014-05-06,0.2263636073943694
2014-05-07,0.22982928446322484
2014-05-08,0.22493211912550642
2014-05-09,0.22963852417043668
2014-05-12,0.14925285773661365
2014-05-13,0.2270106866613778
2014-05-14,0.20816464935077456
2014-05-15,0.2228282072761203
2014-05-16,0.2655782839963936
2014-05-19,0.25516496621954765
2014-05-20,0.27060237318438785
2014-05-21,0.22421542751526066
2014-05-22,0.26151477586164484
2014-05-23,0.24556025291384706
2014-05-27,0.24754823380330263
2014-05-28,0.3186932688722366
2014-05-29,0.26970866174794966
2014-05-30,0.2743812043184054
2014-06-02,0.30366428209202134
2014-06-03,0.26671717627873165
2014-06-04,0.2828338410094611
2014-06-05,0.30604241938098165
2014-06-06,0.30771795403686797
2014-06-09,0.2958340049822921
2014-06-10,0.28525369363316244
2014-06-11,0.25271757290568075
2014-06-12,0.2752861524767562
2014-06-13,0.17743120724619277
2014-06-16,0.16539176354287383
2014-06-17,0.24250989030818954
2014-06-18,0.22314085701905456
2014-06-19,0.2799809985587567
2014-06-20,0.23309131190025406
2014-06-23,0.2358618319059628
2014-06-24,0.16787347839929942
2014-06-25,0.25735962663371226
2014-06-26,0.29328864045523345
2014-06-27,0.12627880261704266
2014-06-30,0.17276324087441144
2014-07-01,0.1785978191247818
2014-07-02,0.2386146986662087
2014-07-03,0.21309280173264744
2014-07-07,0.22587307649525767
2014-07-08,0.2419188843152063
2014-07-09,0.2728262476448048
2014-07-10,0.26821137977438486
2014-07-11,0.23150549719744837
2014-07-14,0.24437352300497583
2014-07-15,0.26074204313095023
2014-07-16,0.2794193340104256
2014-07-17,0.43669031364058125
2014-07-18,0.3245168595340884
2014-07-21,0.24528120085735444
2014-07-22,0.1769479429601315
2014-07-23,0.262882621476748
2014-07-24,0.2513807746949935
2014-07-25,0.19528517114813473
2014-07-28,0.1839608751313262
2014-07-29,0.1986796231817588
2014-07-30,0.20709247658313143
2014-07-31,0.20169938757636216
2014-08-01,0.2425632363971903
2014-08-04,0.1696773303266862
2014-08-05,0.23987381232765076
2014-08-06,0.24696137214386138
2014-08-07,0.2491305778595146
2014-08-08,0.20706237949714285
2014-08-11,0.27942413967904023
2014-08-12,0.19625095678534393
2014-08-13,0.199144477224458
2014-08-14,0.22803265422180868
2014-08-15,0.22516915207939273
2014-08-18,0.1957718198620659
2014-08-19,0.21127087549249463
2014-08-20,0.22463447222724722
2014-08-21,0.24004607143935586
2014-08-22,0.2361609820535039
2014-08-25,0.1936286849617668
2014-08-26,0.2655585782369511
2014-08-27,0.2559672200590285
2014-08-28,0.2948182141610155
2014-08-29,0.23543655622220716
2014-09-02,0.2351454904938472
2014-09-03,0.35859098296300906
2014-09-04,0.23725657054529953
2014-09-05,0.26027722652004603
2014-09-08,0.25666387910358485
2014-09-09,0.2415345467081962
2014-09-10,0.18530297793790118
2014-09-11,0.17758026248131067
2014-09-12,0.17916996562797122
2014-09-15,0.18300452065973752
2014-09-16,0.2790510412708678
2014-09-17,0.26863552735381535
2014-09-18,0.2187518261661248
2014-09-19,0.25018095084430386
2014-09-22,0.22140735350267046
2014-09-23,0.2123521728549736
2014-09-24,0.22405187481554648
2014-09-25,0.26449195265516423
2014-09-26,0.2348751554422149
2014-09-29,0.17143903360651724
2014-09-30,0.16445091886893548
2014-10-01,0.1797526015032616
2014-10-02,0.2782585034891729
2014-10-03,0.19475278093401815
2014-10-06,0.2654017899604676
2014-10-07,0.16406330835224767
2014-10-08,0.2589321713668655
2014-10-09,0.32565829853433037
2014-10-10,0.2239815805359815
2014-10-13,0.37366689753198074
2014-10-14,0.3945413513819481
2014-10-15,0.4510540491313221
2014-10-16,0.5052940109066454
2014-10-17,0.5054385142317102
2014-10-20,0.5332976331836112
2014-10-21,0.34537791859729894
2014-10-22,0.2179862311546074
2014-10-23,0.19687384698154314
2014-10-24,0.1949548237476102
2014-10-27,0.17798522888756146
2014-10-28,0.1502871222504223
2014-10-29,0.19236904481601824
2014-10-30,0.24462772290073748
2014-10-31,0.2650139745348209
2014-11-03,0.3211214812759279
2014-11-04,0.25261955077937887
2014-11-05,0.28458021488065693
2014-11-06,0.29292158384307954
2014-11-07,0.28778986853082456
2014-11-10,0.2663326278508998
2014-11-11,0.28443765270903826
2014-11-12,0.2170923216519669
2014-11-13,0.21101559982041412
2014-11-14,0.25066060749612895
2014-11-17,0.2545779242562404
2014-11-18,0.25185479016388584
2014-11-19,0.24679719357872199
2014-11-20,0.19689754512653782
2014-11-21,0.22828799624268026
2014-11-24,0.2599388621833293
2014-11-25,0.26141302231798813
2014-11-26,0.2789780370061776
2014-11-28,0.2313780684995315
2014-12-01,0.3348221727024415
2014-12-02,0.1928702941140084
2014-12-03,0.2537660680804073
2014-12-04,0.2831477009078387
2014-12-05,0.2665000934813666
2014-12-08,0.25715725003263307
2014-12-09,0.2371962936004892
2014-12-10,0.20906507842522565
2014-12-11,0.2228350542137213
2014-12-12,0.18685166999030245
2014-12-15,0.23811103727069613
2014-12-16,0.16816553291893055
2014-12-17,0.3171892847633214
2014-12-18,0.27585699461527946
2014-12-19,0.3287260270985237
2014-12-22,0.2671566982934053
2014-12-23,0.30819245208264046
2014-12-24,0.31290660275585125
2014-12-26,0.16517874986121686
2014-12-29,0.190256394957401
2014-12-30,0.2826449489737488
2014-12-31,0.20348685280637177
2015-01-02,0.4049298854683916
2015-01-05,0.5826227395377286
2015-01-06,0.5854017298496561
2015-01-07,0.5357865821523013
2015-01-08,0.49975480774967296
2015-01-09,0.3921592905847747
2015-01-12,0.3634998747642257
2015-01-13,0.422939656603766
2015-01-14,0.3686589817914214
2015-01-15,0.43131492822801165
2015-01-16,0.3600862277441065
2015-01-20,0.37483254504162755
2015-01-21,0.38427985135394305
2015-01-22,0.3784831404453216
2015-01-23,0.41859003430702985
2015-01-26,0.40909063611331653
2015-01-27,0.37301294250936584
2015-01-28,0.4198428408629413
2015-01-29,0.3852132634088672
2015-01-30,0.3719615192704805
2015-02-02,0.48562727844516085
2015-02-03,0.3989719497414672
2015-02-04,0.4047102656812782
2015-02-05,0.38419060424166857
2015-02-06,0.33809948317046423
2015-02-09,0.4005218808648837
2015-02-10,0.3926462290063023
2015-02-11,0.4304529256131301
2015-02-12,0.44702491556759094
2015-02-13,0.4394577054865382
2015-02-17,0.4750352621093375
2015-02-18,0.4407408824419538
2015-02-19,0.540430404704984
2015-02-20,0.45350504624753796
2015-02-23,0.40759885849384836
2015-02-24,0.4726914232021044
2015-02-25,0.46191519868674275
2015-02-26,0.47106243834777084
2015-02-27,0.5617804631858525
2015-03-02,0.3790654265305534
2015-03-03,0.3942402173864474
2015-03-04,0.4448480406598986
2015-03-05,0.38863008964067036
2015-03-06,0.38320551805570824
2015-03-09,0.4292497912379023
2015-03-10,0.29826070053657316
2015-03-11,0.37882649085385545
2015-03-12,0.41206910880681735
2015-03-13,0.47178424577881417
2015-03-16,0.3830533122484642
2015-03-17,0.31565296498632445
2015-03-18,0.3291254629060706
2015-03-19,0.42147381371630355
2015-03-20,0.38342512886432367
2015-03-23,0.3454098406407908
2015-03-24,0.3530083423667866
2015-03-25,0.4222002331053336
2015-03-26,0.6419106239243714
2015-03-27,0.38573968037355677
2015-03-30,0.3663022167828984
2015-03-31,0.4152512004448182
2015-04-01,0.44020760049421276
2015-04-02,0.6059416546197124
2015-04-06,0.43337297621495496
2015-04-07,0.3755107735334594
2015-04-08,0.33011063231454363
2015-04-09,0.37269298553653657
2015-04-10,0.4045089134682649
2015-04-13,0.4082263832303886
2015-04-14,0.40781161747960837
2015-04-15,0.3633855002128188
2015-04-16,0.43954452302624
2015-04-17,0.3673496977758325
2015-04-20,0.41951468682320947
2015-04-21,0.415121735595136
2015-04-22,0.533162877594767
2015-04-23,0.4771322406784906
2015-04-24,0.5204689884266384
2015-04-27,0.5028520770618293
2015-04-28,0.5103020333141867
2015-04-29,0.39206400663463314
2015-04-30,0.429099736884234
2015-05-01,0.3619118938238173
2015-05-04,0.3399808258448443
2015-05-05,0.39460070954150883
2015-05-06,0.432892450252339
2015-05-07,0.36527321664007895
2015-05-08,0.5333436347126961
2015-05-11,0.41224460507778193
2015-05-12,0.3573245759979068
2015-05-13,0.33395349969940535
2015-05-14,0.35114289818231614
2015-05-15,0.37206155521787476
2015-05-18,0.32306343039825586
2015-05-19,0.28311214096623993
2015-05-20,0.3672563653544091
2015-05-21,0.35296117440862096
2015-05-22,0.37466354030838234
2015-05-26,0.3561840261079363
2015-05-27,0.41431544232600054
2015-05-28,0.3860526572083582
2015-05-29,0.3163502571457281
2015-06-01,0.3952083980666681
2015-06-02,0.2778511870716457
2015-06-03,0.3955033708536231
2015-06-04,0.42586612366994603
2015-06-05,0.40526539822179675
2015-06-08,0.40067936841499124
2015-06-09,0.41424733138533487
2015-06-10,0.37747032095982713
2015-06-11,0.4362396579192326
2015-06-12,0.43040480238601864
2015-06-15,0.39518149671016073
2015-06-16,0.45673439375624864
2015-06-17,0.3955734023754901
2015-06-18,0.3708849000531316
2015-06-19,0.44699395215252724
2015-06-22,0.31049516945806377
2015-06-23,0.316741040380555
2015-06-24,0.3538774595492078
2015-06-25,0.4141811671148733
2015-06-26,0.3559813597766832
2015-06-29,0.38477943250554114
2015-06-30,0.41666453450352625
2015-07-01,0.3450873745298527
2015-07-02,0.504119265229934
2015-07-06,0.30989279673068665
2015-07-07,0.3564943421198883
2015-07-08,0.4665660813511645
2015-07-09,0.3451516606517985
2015-07-10,0.37223754248889973
2015-07-13,0.38847329797248764
2015-07-14,0.2877979941554938
2015-07-15,0.24803101679838593
2015-07-16,0.3301636940080631
2015-07-17,0.3342807970107263
2015-07-20,0.31403916044272084
2015-07-21,0.30194158528347237
2015-07-22,0.33816734734719933
2015-07-23,0.34830450935443596
2015-07-24,0.385255106876899
2015-07-27,0.3990664644616485
2015-07-28,0.29544870061215145
2015-07-29,0.36568129912312475
2015-07-30,0.34234096707445355
2015-07-31,0.3868147616902423
2015-08-03,0.36837767836313806
2015-08-04,0.3391873524281276
2015-08-05,0.3051274545671032
2015-08-06,0.3731132198985304
2015-08-07,0.4756505944418803
2015-08-10,0.33995057269992496
2015-08-11,0.31040718541939294
2015-08-12,0.4741781385183026
2015-08-13,0.45641744761407516
2015-08-14,0.36141885607093677
2015-08-17,0.28029693998709204
2015-08-18,0.32006837579843284
2015-08-19,0.34403567502871857
2015-08-20,0.4833537782274542
2015-08-21,0.49796382657707794
2015-08-24,0.5703412659123417
2015-08-25,0.6581852612667012
2015-08-26,0.7875060304587536
2015-08-27,0.5790764780523223
2015-08-28,0.5836026487631344
2015-08-31,0.4384340092891058
2015-09-01,0.4936849696835373
2015-09-02,0.4267249096936799
2015-09-03,0.4001665868264809
2015-09-04,0.38899626325739933
2015-09-08,0.37047619835388457
2015-09-09,0.45786181440833623
2015-09-10,0.4052526795885747
2015-09-11,0.40698345980378653
2015-09-14,0.36561798818190017
2015-09-15,0.3232917378651727
2015-09-16,0.28606107509208756
2015-09-17,0.4295613651070539
2015-09-18,0.5284372945609309
2015-09-21,0.4556726155266252
2015-09-22,0.43339390627517405
2015-09-23,0.3295706864296228
2015-09-24,0.32616181182817033
2015-09-25,0.3877403574865596
2015-09-28,0.5642702105318997
2015-09-29,0.4489180727925294
2015-09-30,0.4072906617780181
2015-10-01,0.41465395539034844
2015-10-02,0.3662809168505447
2015-10-05,0.4807952279860954
2015-10-06,0.45485964663424727
2015-10-07,0.4028104229996011
2015-10-08,0.28628089750402497
2015-10-09,0.29472017055504873
2015-10-12,0.335381797170742
2015-10-13,0.4377691609264952
2015-10-14,0.4356854442432961
2015-10-15,0.6167447776737043
2015-10-16,0.534751265822578
2015-10-19,0.5476485118139295
2015-10-20,0.5054250694230509
2015-10-21,0.5216405779336806
2015-10-22,0.5120889684697945
2015-10-23,0.6093777050393206
2015-10-26,0.4498348692415187
2015-10-27,0.3979840528481887
2015-10-28,0.42648029295377743
2015-10-29,0.45313488457752227
2015-10-30,0.3518195104254147
2015-11-02,0.5292024866191174
2015-11-03,0.4328375326206279
2015-11-04,0.4012723391246378
2015-11-05,0.4136607488583835
2015-11-06,0.4581996591791732
2015-11-09,0.46953759914067217
2015-11-10,0.3401603532079559
2015-11-11,0.36930771884733715
2015-11-12,0.47022401846174555
2015-11-13,0.3984371156517714
2015-11-16,0.44657346154918315
2015-11-17,0.32928730246494275
2015-11-18,0.4053734549038179
2015-11-19,0.31672331172072943
2015-11-20,0.42276836439137966
2015-11-23,0.3405465374047984
2015-11-24,0.30014305711375255
2015-11-25,0.4659365535445317
2015-11-27,0.31641860654820814
2015-11-30,0.33812109155420944
2015-12-01,0.532607468951605
2015-12-02,0.44770392226194844
2015-12-03,0.5317553676685545
2015-12-04,0.5172785391224781
2015-12-07,0.4709882007169138
2015-12-08,0.35415474599529106
2015-12-09,0.3874759213640351
2015-12-10,0.3999526520663014
2015-12-11,0.28870513956711585
2015-12-14,0.4330201173708408
2015-12-15,0.33122493535695663
2015-12-16,0.4553662843925551
2015-12-17,0.3724479599377035
2015-12-18,0.3459860761441388
2015-12-21,0.5692760592119539
2015-12-22,0.34858479390743047
2015-12-23,0.3194325865092386
2015-12-24,0.3867316997136209
2015-12-28,0.21445373251665664
2015-12-29,0.31510251254233523
2015-12-30,0.3742052294641319
2015-12-31,0.23092544135116694
2016-01-04,0.4484073331964066
2016-01-05,0.9924490353433424
2016-01-06,0.3832180239817718
2016-01-07,0.4741294669512035
2016-01-08,0.3286439215899224
2016-01-11,0.2619078539836619
2016-01-12,0.29987243418842424
2016-01-13,0.28639259506126047
2016-01-14,0.3984125915099565
2016-01-15,0.2959956633233321
2016-01-19,0.31620361812585185
2016-01-20,0.26905748895455084
2016-01-21,0.3333574773187159
2016-01-22,0.3271373471502277
2016-01-25,0.41243888299839215
2016-01-26,0.30878185185523027
2016-01-27,0.2624724022709854
2016-01-28,0.3613538517760738
2016-01-29,0.5995921790779519
2016-02-01,0.37361357479399426
2016-02-02,0.22862200711824834
2016-02-03,0.3070024357287101
2016-02-04,0.348545732167003
2016-02-05,0.4414795418534459
2016-02-08,0.41364349724681676
2016-02-09,0.44061880499005834
2016-02-10,0.2600758825339087
2016-02-11,0.32275788372137126
2016-02-12,0.45601299233745884
2016-02-16,0.3725766550993199
2016-02-17,0.48967132345318043
2016-02-18,0.41396137609978767
2016-02-19,0.26066121561929645
2016-02-22,0.30705080613593305
2016-02-23,0.389204352566905
2016-02-24,0.3369497969052537
2016-02-25,0.3451620262596439
2016-02-26,0.39450767021196886
2016-02-29,0.38667005552630807
2016-03-01,0.40415289072884997
2016-03-02,0.4560520372428571
2016-03-03,0.4042342784152042
2016-03-04,0.32650936262471797
2016-03-07,0.2602847967866003
2016-03-08,0.317661921521715
2016-03-09,0.3020080261214674
2016-03-10,0.3479270763558924
2016-03-11,0.3277229463575029
2016-03-14,0.44268499144790974
2016-03-15,0.2914995376086115
2016-03-16,0.36111465769768003
2016-03-17,0.2985422535930049
2016-03-18,0.39368550693026083
2016-03-21,0.36413901846430863
2016-03-22,0.33141409073494776
2016-03-23,0.28576696660146716
2016-03-24,0.42904156257446546
2016-03-28,0.5474838762829879
2016-03-29,0.2847515721678876
2016-03-30,0.3530534832024641
2016-03-31,0.39267482996945996
2016-04-01,0.32509801298179397
2016-04-04,0.4355349066096925
2016-04-05,0.2822283669191961
2016-04-06,0.38405130240423024
2016-04-07,0.3563683344981543
2016-04-08,0.391195236976328
2016-04-11,0.32102182769910503
2016-04-12,0.28407547543289535
2016-04-13,0.36138921435235993
2016-04-14,0.6461040228344909
2016-04-15,0.2470221651857083
2016-04-18,0.24651011575060675
2016-04-19,0.33482773994125214
2016-04-20,0.46774217834351467
2016-04-21,0.2988639408843118
2016-04-22,0.3691331773775097
2016-04-25,0.334414631916494
2016-04-26,0.21682354622211814
2016-04-27,0.25273574071438665
2016-04-28,0.30196060815221704
2016-04-29,0.38202574210719287
2016-05-02,0.4088833749569714
2016-05-03,0.2475968598771141
2016-05-04,0.33441173801097834
2016-05-05,0.33627643496637094
2016-05-06,0.29944864989787057
2016-05-09,0.27794218089470435
2016-05-10,0.4067307343480062
2016-05-11,0.26324064807745357
2016-05-12,0.355947928222549
2016-05-13,0.30722940220181405
2016-05-16,0.29870096222761733
2016-05-17,0.3062153806028847
2016-05-18,0.3586714409231416
2016-05-19,0.5471946545884523
2016-05-20,0.426812292851268
2016-05-23,0.48875954901233837
2016-05-24,0.26167306964564746
2016-05-25,0.40947923245834156
2016-05-26,0.3829933960389904
2016-05-27,0.3334536169228447
2016-05-31,0.2655133148494553
2016-06-01,0.2984652105544324
2016-06-02,0.3858368729986762
2016-06-03,0.3552219923349208
2016-06-06,0.4132629694035934
2016-06-07,0.385098414426125
2016-06-08,0.4122455113702357
2016-06-09,0.33709575462106134
2016-06-10,0.36197853906299504
2016-06-13,0.38525784410338726
2016-06-14,0.3492475865031386
2016-06-15,0.3319035735232073
2016-06-16,0.21140360777209438
2016-06-17,0.3848434634520935
2016-06-20,0.4551122568260858
2016-06-21,0.4253739486071272
2016-06-22,0.3163905903348554
2016-06-23,0.29466634166866545
2016-06-24,0.4157547211988436
2016-06-27,1.009637753499345
2016-06-28,0.4426171295885143
2016-06-29,0.2778310602056715
2016-06-30,0.5150679336329765
2016-07-01,0.4058078243143932
2016-07-05,0.3529585752553077
2016-07-06,0.3683465231162289
2016-07-07,0.23360388010890776
2016-07-08,0.3302289527171669
2016-07-11,0.4558741517529544
2016-07-12,0.35342325008774805
2016-07-13,0.45887815703636137
2016-07-14,0.23208179689199004
2016-07-15,0.30591915564830074
2016-07-18,0.2330442368307654
2016-07-19,0.27684357118865033
2016-07-20,0.3052563362764489
2016-07-21,0.2738137562974493
2016-07-22,0.31344131582815626
2016-07-25,0.3228833702927318
2016-07-26,0.28750008350967005
2016-07-27,0.3373698030078752
2016-07-28,0.3077345501458122
2016-07-29,0.30987629292732466
2016-08-01,0.23645967699456436
2016-08-02,0.28077246881958196
2016-08-03,0.3890916377073665
2016-08-04,0.35005344876973066
2016-08-05,0.2585589288383017
2016-08-08,0.397796409645087
2016-08-09,0.24823244554805438
2016-08-10,0.2164003796604258
2016-08-11,0.27940361557610643
2016-08-12,0.2707740505862031
2016-08-15,0.2569038595945516
2016-08-16,0.312625250976683
2016-08-17,0.30759285936945185
2016-08-18,0.289295319077735
2016-08-19,0.3131704006764332
2016-08-22,0.2773259283648713
2016-08-23,0.22464355732396613
2016-08-24,0.3560095631739799
2016-08-25,0.3603408295800783
2016-08-26,0.35456585501164306
2016-08-29,0.28552793543404914
2016-08-30,0.23299290088371055
2016-08-31,0.26718626039783
2016-09-01,0.3441059574202635
2016-09-02,0.2904409470135701
2016-09-06,0.38820598705007076
2016-09-07,0.38936939228043155
2016-09-08,0.3817876706132747
2016-09-09,0.3161470851158171
2016-09-12,0.5198996718944383
2016-09-13,0.27066087334569333
2016-09-14,0.38017907336673157
2016-09-15,0.31922400597151496
2016-09-16,0.3913334193350725
2016-09-19,0.3594917948037975
2016-09-20,0.293388608915507
2016-09-21,0.24043927021468317
2016-09-22,0.3891789795657637
2016-09-23,0.4541797666957261
2016-09-26,0.3990135760885933
2016-09-27,0.5962734139859334
2016-09-28,0.450019033589304
2016-09-29,0.6234917440615468
2016-09-30,0.48290371354383005
2016-10-03,0.3830765558358512
2016-10-04,0.27611760858457346
2016-10-05,0.3418573850613556
2016-10-06,0.3241102935459669
2016-10-07,0.30666591367778584
2016-10-10,0.26093480244745526
2016-10-11,0.336390420602779
2016-10-12,0.4917706372205029
2016-10-13,0.33444521969534474
2016-10-14,0.4130653486249998
2016-10-17,0.35339419466135297
2016-10-18,0.33225219937171974
2016-10-19,0.40815407542678456
2016-10-20,0.37722482186692374
2016-10-21,0.34444410919219043
2016-10-24,0.35661087383907986
2016-10-25,0.38916910899498747
2016-10-26,0.39448424581706587
2016-10-27,0.3424054604990549
2016-10-28,0.35540531982644374
2016-10-31,0.4432539314951097
2016-11-01,0.30211536395619565
2016-11-02,0.30946179492802994
2016-11-03,0.3738686299307563
2016-11-04,0.36914509865186707
2016-11-07,0.2931304138321934
2016-11-08,0.5901131777978181
2016-11-09,0.2972464548333381
2016-11-10,0.7021646016675689
2016-11-11,0.44494577444215644
2016-11-14,0.23688848069643587
2016-11-15,0.23987500730829636
2016-11-16,0.33451188395582454
2016-11-17,0.24097441286190094
2016-11-18,0.34298759967276404
2016-11-21,0.22758896442637527
2016-11-22,0.31708037422444535
2016-11-23,0.29206114046112586
2016-11-25,0.2133484910773523
2016-11-28,0.20622006829701545
2016-11-29,0.25021074744849153
2016-11-30,0.36413868008187483
2016-12-01,0.7248450461541174
2016-12-02,0.3923943055449609
2016-12-05,0.21778888617121267
2016-12-06,0.27359837472248516
2016-12-07,0.27096117797450525
2016-12-08,0.47625983205658284
2016-12-09,0.3372511579808831
2016-12-12,0.3322909164663287
2016-12-13,0.43861858803427317
2016-12-14,0.3640894485610782
2016-12-15,0.26987018856249745
2016-12-16,0.32149404633677753
2016-12-19,0.3395480046020257
2016-12-20,0.2337333572861438
2016-12-21,0.2953286695402916
2016-12-22,0.2610362316613757
2016-12-23,0.31938946414496017
2016-12-27,0.2950423097328533
2016-12-28,0.2180568349377398
2016-12-29,0.31734347224892373
2016-12-30,0.3500449319373137
2017-01-03,0.01278768878716227
2017-01-04,0.22290214645315765
2017-01-05,0.015824412009429793
2017-01-06,0.014961926127304659
2017-01-09,0.015228624116267107
2017-01-10,0.01436543974522568
2017-01-11,0.017361650249918426
2017-01-12,0.01728634800481738
2017-01-13,0.012789736506572072
2017-01-17,0.012158473064209974
2017-01-18,0.017317738270113483
2017-01-19,0.013210274506612186
2017-01-20,0.016516401705522814
2017-01-23,0.01356387198213501
2017-01-24,0.014264908937775822
2017-01-25,0.01820902526148003
2017-01-26,0.014633890182607844
2017-01-27,0.016928385456520173
2017-01-30,0.015281321113649778
2017-01-31,0.015821311343442335
2017-02-01,0.016544032174967617
2017-02-02,0.015752515186235973
2017-02-03,0.014450191348291792
2017-02-06,0.015331902018016996
2017-02-07,0.013115294441711316
2017-02-08,0.014439472169603344
2017-02-09,0.015735055987035874
2017-02-10,0.01493708614384911
2017-02-13,0.012710050983485611
2017-02-14,0.012576143319562116
2017-02-15,0.013347588835937292
2017-02-16,0.01483653070682592
2017-02-17,0.014228971044946734
2017-02-21,0.010348778008075609
2017-02-22,0.013130340543625765
2017-02-23,0.014250910750701177
2017-02-24,0.014377611023664513
2017-02-27,0.012302657063897798
2017-02-28,0.011999550381327238
2017-03-01,0.012404722884961321
2017-03-02,0.014389054195822858
2017-03-03,0.0337777272812568
2017-03-06,0.013649654618639154
2017-03-07,0.010601791420875842
2017-03-08,0.01301987407243759
2017-03-09,0.014223622557225686
2017-03-10,0.01434744375024189
2017-03-13,0.010373241054239788
2017-03-14,0.013173608877491857
2017-03-15,0.013938184521813973
2017-03-16,0.016514994698164774
2017-03-17,0.013729007007933633
2017-03-20,0.016441385483786784
2017-03-21,0.013394110270289588
2017-03-22,0.015096914814086293
2017-03-23,0.019211562203356673
2017-03-24,0.014511067076863197
2017-03-27,0.013434933791696482
2017-03-28,0.016282296163379888
2017-03-29,0.01460597832264111
2017-03-30,0.01605921154391993
2017-03-31,0.014063396694637449
2017-04-03,0.013438961739934306
2017-04-04,0.012436710146116555
2017-04-05,0.04219265198871613
2017-04-06,0.01286659044032103
2017-04-07,0.012518337917316227
2017-04-10,0.011124491620138212
2017-04-11,0.012580555650471476
2017-04-12,0.010455841675176478
2017-04-13,0.013063008345757441
2017-04-17,0.011064799301154098
2017-04-18,0.010952075623047071
2017-04-19,0.01139091300815754
2017-04-20,0.011696654006431335
2017-04-21,0.012822393866645564
2017-04-24,0.011750739049898944
2017-04-25,0.014336103802794736
2017-04-26,0.013672060970635891
2017-04-27,0.014113192614801316
2017-04-28,0.018145859781289964
2017-05-01,0.012910855788565816
2017-05-02,0.013148921008444801
2017-05-03,0.011481310526378321
2017-05-04,0.01577885367121546
2017-05-05,0.016112588377190845
2017-05-08,0.013769588966463991
2017-05-09,0.01276716625779609
2017-05-10,0.014458005322131717
2017-05-11,0.018845515030363063
2017-05-12,0.010871039161463262
2017-05-15,0.012426904459040586
2017-05-16,0.013467681128820137
2017-05-17,0.012543017478445226
2017-05-18,0.014438100285044473
2017-05-19,0.014432816092359364
2017-05-22,0.012807778178368083
2017-05-23,0.012102327967480482
2017-05-24,0.013933734507064388
2017-05-25,0.012335552752110924
2017-05-26,0.014408644525934175
2017-05-30,0.010065541676773683
2017-05-31,0.011750688837853906
2017-06-01,0.011331827280793098
2017-06-02,0.00995725157978225
2017-06-05,0.017113859716947556
2017-06-06,0.011176113440329325
2017-06-07,0.010080520248018025
2017-06-08,0.012795870273015675
2017-06-09,0.01244995228736994
2017-06-12,0.023517940968101395
2017-06-13,0.014363963753455698
2017-06-14,0.012500289137939451
2017-06-15,0.011908760934681645
2017-06-16,0.016089522117142686
2017-06-19,0.013740894378750132
2017-06-20,0.016924652279393434
2017-06-21,0.015388063862071647
2017-06-22,0.016540730074454106
2017-06-23,0.013565531963132841
2017-06-26,0.013289548379309912
2017-06-27,0.01403452222013408
2017-06-28,0.014707970916579514
2017-06-29,0.012558028422340498
2017-06-30,0.013874306452699093
2017-07-03,0.012768358943185669
2017-07-05,0.01442816130774428
2017-07-06,0.019502010863673612
2017-07-07,0.012351643168999428
2017-07-10,0.01118221775359266
2017-07-11,0.011866946922604395
2017-07-12,0.00961032859433782
2017-07-13,0.011382224841101978
2017-07-14,0.011081220002592455
2017-07-17,0.011227284665401724
2017-07-18,0.00887460473015858
2017-07-19,0.01253899203798732
2017-07-20,0.013486358015372263
2017-07-21,0.01420309666213464
2017-07-24,0.01201549742495862
2017-07-25,0.009824401540105346
2017-07-26,0.019422132514189207
2017-07-27,0.015057470947192049
2017-07-28,0.021651767153842337
2017-07-31,0.013516848692654005
2017-08-01,0.01588149480624954
2017-08-02,0.015330997065460795
2017-08-03,0.01633011372939721
2017-08-04,0.014958718130268556
2017-08-07,0.013392492245774885
2017-08-08,0.016157695783233915
2017-08-09,0.013864135163309033
2017-08-10,0.0135738491854014
2017-08-11,0.013787221852724203
2017-08-14,0.013882391401644122
2017-08-15,0.014113927882566657
2017-08-16,0.011700352303673472
2017-08-17,0.014894269565469085
2017-08-18,0.010696294784218626
2017-08-21,0.01107622927172826
2017-08-22,0.011664686099613322
2017-08-23,0.013070503598103338
2017-08-24,0.011314517986983585
2017-08-25,0.011337005441084548
2017-08-28,0.011578346907528268
2017-08-29,0.013008537932266638
2017-08-30,0.012268691991220429
2017-08-31,0.011511321891610556
2017-09-01,0.011359078369301738
2017-09-05,0.017236826248084352
2017-09-06,0.013607438986276765
2017-09-07,0.013687025689687157
2017-09-08,0.01753678445689293
2017-09-11,0.015759410403133035
2017-09-12,0.014361177278723266
2017-09-13,0.013403395123109164
2017-09-14,0.015391309895428232
2017-09-15,0.013091558201266843
2017-09-18,0.011990294621804457
2017-09-19,0.016076444340282558
2017-09-20,0.01400143538862296
2017-09-21,0.014423645325962093
2017-09-22,0.01270757841708426
2017-09-25,0.013105139093129353
2017-09-26,0.01675649120942526
2017-09-27,0.010614102716709102
2017-09-28,0.015484272079276452
2017-09-29,0.013209542772521028
2017-10-02,0.012530475215597527
2017-10-03,0.013812751277582913
2017-10-04,0.01166520740850057
2017-10-05,0.011288909268974658
2017-10-06,0.012563949919739213
2017-10-09,0.0133839326024798
2017-10-10,0.012956201555110564
2017-10-11,0.012538885851544643
2017-10-12,0.011034714306374148
2017-10-13,0.013341683085903382
2017-10-16,0.013497877741441051
2017-10-17,0.01151086596313337
2017-10-18,0.011615945815935924
2017-10-19,0.012708396415769095
2017-10-20,0.012885999531386891
2017-10-23,0.01461952281607177
2017-10-24,0.013909666511596492
2017-10-25,0.011493737724392505
2017-10-26,0.01797764736401225
2017-10-27,0.020829089815626728
2017-10-30,0.02573952022734591
2017-10-31,0.017554639764465724
2017-11-01,0.018247296267837936
2017-11-02,0.015649273385657022
2017-11-03,0.02079626241593032
2017-11-06,0.015795623517800686
2017-11-07,0.022299967448139557
2017-11-08,0.016127894683073657
2017-11-09,0.016661658002570766
2017-11-10,0.01568189128601726
2017-11-13,0.015494142350407605
2017-11-14,0.012917945409217996
2017-11-15,0.015578120478178796
2017-11-16,0.013651935698668257
2017-11-17,0.015522778646558648
2017-11-20,0.015426342242706118
2017-11-21,0.013955393612480941
2017-11-22,0.01214337179129859
2017-11-24,0.012661090470866358
2017-11-27,0.00940298637794577
2017-11-28,0.012925581983356419
2017-11-29,0.014190121116570281
2017-11-30,0.023873984907202515
2017-12-01,0.01603385727604963
2017-12-04,0.013934656838586853
2017-12-05,0.025129376506557492
2017-12-06,0.01216384500318642
2017-12-07,0.01472534309332201
2017-12-08,0.014102442667832903
2017-12-11,0.013306709037461869
2017-12-12,0.01331915307672571
2017-12-13,0.014515363602971863
2017-12-14,0.013425167301101515
2017-12-15,0.012147791223858805
2017-12-18,0.015837404222253555
2017-12-19,0.015413489623702358
2017-12-20,0.011223629281647364
2017-12-21,0.013774774012518691
2017-12-22,0.01655511142170213
2017-12-26,0.009074107427607944
2017-12-27,0.0110445599153254
2017-12-28,0.00988246374234179
2017-12-29,0.009042101914538386
2018-01-02,0.18615593712662543
2018-01-03,0.5997749336792619
2018-01-04,0.4109023301246221
2018-01-05,0.3302892629190395
2018-01-08,0.27097396910527594
2018-01-09,0.2247596098907655
2018-01-10,0.22393374278768788
2018-01-11,0.1880523144886202
2018-01-12,0.16835710389337366
2018-01-16,0.20083846036432884
2018-01-17,0.21492297173026098
2018-01-18,0.19182330626967659
2018-01-19,0.1474149580459142
2018-01-22,0.20371887440863792
2018-01-23,0.19980202951452825
2018-01-24,0.22655466335898505
2018-01-25,0.27243022384998383
2018-01-26,0.23456448979449565
2018-01-29,0.2044981440087716
2018-01-30,0.21083303114421187
2018-01-31,0.3669343017430284
2018-02-01,0.31402785441421366
2018-02-02,0.28141891665586705
2018-02-05,0.3715263468452781
2018-02-06,0.536190165683814
2018-02-07,0.2491203750157286
2018-02-08,0.3521339752993517
2018-02-09,0.3572525177547451
2018-02-12,0.22481045156191154
2018-02-13,0.2625019320311095
2018-02-14,0.1366671819673859
2018-02-15,0.3081656204854637
2018-02-16,0.32104352676912923
2018-02-20,0.2624688197357937
2018-02-21,0.23084356065358347
2018-02-22,0.2776450060790964
2018-02-23,0.20343631120543848
2018-02-26,0.3818832747126084
2018-02-27,0.3531931672783869
2018-02-28,0.24992897327360883
2018-03-01,0.3263028188189008
2018-03-02,0.42154204988358523
2018-03-05,0.3137172299785072
2018-03-06,0.3609492756276932
2018-03-07,0.31747649412696
2018-03-08,0.25377662347377644
2018-03-09,0.2984120453853777
2018-03-12,0.26838323830348493
2018-03-13,0.2169396005337102
2018-03-14,0.22983232681711901
2018-03-15,0.2171637402740479
2018-03-16,0.22504869897119456
2018-03-19,0.2155692697767106
2018-03-20,0.4465264766159462
2018-03-21,0.2626309225115512
2018-03-22,0.34807072409805834
2018-03-23,0.6255093120775865
2018-03-26,0.32077927913245524
2018-03-27,0.3374473148355017
2018-03-28,0.2590530640224613
2018-03-29,0.4103484349600084
2018-04-02,0.3320497374801116
2018-04-03,0.3549464214544553
2018-04-04,0.272672116337791
2018-04-05,0.3153478181572116
2018-04-06,0.39118742000490114
2018-04-09,0.4113270598589613
2018-04-10,0.25909160294219435
2018-04-11,0.38037325824240376
2018-04-12,0.25759460818442614
2018-04-13,0.37197401181004475
2018-04-16,0.20913803475548548
2018-04-17,0.2953756702983502
2018-04-18,0.404300359126852
2018-04-19,0.31625015764954884
2018-04-20,0.2826157730474768
2018-04-23,0.23688066841525687
2018-04-24,0.1653852847496397
2018-04-25,0.338691095488053
2018-04-26,0.39675431442086007
2018-04-27,0.461976473995972
2018-04-30,0.24061132314514702
2018-05-01,0.18209797372712613
2018-05-02,0.22854060202758433
2018-05-03,0.23211181911630888
2018-05-04,0.2554632741148579
2018-05-07,0.28436965543455145
2018-05-08,0.2541371357582756
2018-05-09,0.21699159933836665
2018-05-10,0.24203650401266727
2018-05-11,0.18761297635889324
2018-05-14,0.22515183668966188
2018-05-15,0.28267991034077555
2018-05-16,0.2889233062180702
2018-05-17,0.2528383641596901
2018-05-18,0.2694501118254148
2018-05-21,0.23835903109381412
2018-05-22,0.2513571080173164
2018-05-23,0.2501776924991052
2018-05-24,0.3174580105582766
2018-05-25,0.28911901827316966
2018-05-29,0.35077952398760215
2018-05-30,0.44551185094815987
2018-05-31,0.35227484529970765
2018-06-01,0.3277576825414408
2018-06-04,0.26727278033385443
2018-06-05,0.2426829109614276
2018-06-06,0.21055491861424663
2018-06-07,0.2736144981628934
2018-06-08,0.31074447766256874
2018-06-11,0.22650085118745533
2018-06-12,0.22610077856478367
2018-06-13,0.19380812983320883
2018-06-14,0.278802765917693
2018-06-15,0.2422012513109776
2018-06-18,0.2492799516440856
2018-06-19,0.21923267521108558
2018-06-20,0.2254120515731024
2018-06-21,0.22566785989801483
2018-06-22,0.21050102412694682
2018-06-25,0.2694143709951153
2018-06-26,0.3539963745063278
2018-06-27,0.2056474557204154
2018-06-28,0.2935345662778729
2018-06-29,0.29879459308235007
2018-07-02,0.2890334848216366
2018-07-03,0.2353681864710752
2018-07-05,0.2568346317561757
2018-07-06,0.21726348339148754
2018-07-09,0.25358936125146775
2018-07-10,0.43364023185772327
2018-07-11,0.3019322023802761
2018-07-12,0.36151969352903013
2018-07-13,0.318591079000662
2018-07-16,0.24521128946285525
2018-07-17,0.27204982125490906
2018-07-18,0.23714882372104806
2018-07-19,0.30960576401357215
2018-07-20,0.2655439214613011
2018-07-23,0.1866734517866711
2018-07-24,0.19331252261577775
2018-07-25,0.2542325825529698
2018-07-26,0.2599150246588305
2018-07-27,0.34832491998699366
2018-07-30,0.3765255045561215
2018-07-31,0.48903656399158923
2018-08-01,0.30723731409127364
2018-08-02,0.2741827607269177
2018-08-03,0.2732422400103047
2018-08-06,0.19224092295375866
2018-08-07,0.16195118074010412
2018-08-08,0.25536683870763555
2018-08-09,0.24935582679965085
2018-08-10,0.29503126571583066
2018-08-13,0.27181072370781034
2018-08-14,0.17432170828626825
2018-08-15,0.1597958203795146
2018-08-16,0.29715894927854225
2018-08-17,0.24922101083085008
2018-08-20,0.19194752746872157
2018-08-21,0.2202787324577728
2018-08-22,0.2927042178751605
2018-08-23,0.29063668588708647
2018-08-24,0.26760009050999223
2018-08-27,0.25154445326183594
2018-08-28,0.4002089913004866
2018-08-29,0.227166038399459
2018-08-30,0.22731360115014787
2018-08-31,0.22084568244797592
2018-09-04,0.23283430280390843
2018-09-05,0.3170887382396287
2018-09-06,0.27039854771729877
2018-09-07,0.34718101680354096
2018-09-10,0.2561348072252379
2018-09-11,0.2670686059574453
2018-09-12,0.23842656082029604
2018-09-13,0.30784683761251286
2018-09-14,0.2587121141976431
2018-09-17,0.19389740119353377
2018-09-18,0.33189118847535143
2018-09-19,0.20823133860766196
2018-09-20,0.23075195790352998
2018-09-21,0.2824866039744257
2018-09-24,0.26558347342353844
2018-09-25,0.3549274700996472
2018-09-26,0.3191802399371315
2018-09-27,0.27357882936662303
2018-09-28,0.252163229894376
2018-10-01,0.21055487935835587
2018-10-02,0.23899625183983858
2018-10-03,0.285446884188291
2018-10-04,0.2733956861515856
2018-10-05,0.4312054076525242
2018-10-08,0.3090456180243602
2018-10-09,0.21307225702805707
2018-10-10,0.2294669933922689
2018-10-11,0.4536715962251525
2018-10-12,0.5053904678455575
2018-10-15,0.25336693868963167
2018-10-16,0.19969942973474597
2018-10-17,0.4168338365662593
2018-10-18,0.35199616262026756
2018-10-19,0.31561772336515515
2018-10-22,0.25704719433950757
2018-10-23,0.23818680741042175
2018-10-24,0.23309965098441834
2018-10-25,0.24048773636648194
2018-10-26,0.20839924608192797
2018-10-29,0.20020877001065057
2018-10-30,0.19871763580341728
2018-10-31,0.20544787326447997
2018-11-01,0.39921015723492626
2018-11-02,0.25610302861860146
2018-11-05,0.33546600013908223
2018-11-06,0.22211389342664517
2018-11-07,0.311480596472364
2018-11-08,0.42873757963595005
2018-11-09,0.18525056103376075
2018-11-12,0.25552947976994006
2018-11-13,0.316006809134863
2018-11-14,0.2877287233685801
2018-11-15,0.2103417434812201
2018-11-16,0.3476824564419906
2018-11-19,0.30314791235748245
2018-11-20,0.3102089570667275
2018-11-21,0.3495103268132964
2018-11-23,0.2631826503456669
2018-11-26,0.21948990923868622
2018-11-27,0.32334118921943483
2018-11-28,0.25341714599096155
2018-11-29,0.5283437108252579
2018-11-30,0.3189906090247046
2018-12-03,0.3057143619635784
2018-12-04,0.3851204492824015
2018-12-06,0.4986962630905969
2018-12-07,0.4531801431951213
2018-12-10,0.42706789774355486
2018-12-11,0.37665514179639276
2018-12-12,0.3215012942627145
2018-12-13,0.31118808868190817
2018-12-14,0.25146923242036695
2018-12-17,0.5564075087456695
2018-12-18,0.4491762263976082
2018-12-19,0.2863825559146099
2018-12-20,0.2634601618917498
2018-12-21,0.2965819275372933
2018-12-24,0.19083074571045483
2018-12-26,0.17074416573533704
2018-12-27,0.2230426171987747
2018-12-28,0.20676479288286162
2018-12-31,0.21475943944181392
2019-01-02,0.11079356928837408
2019-01-03,0.30313736924096407
2019-01-04,0.1332316209471844
2019-01-07,0.12785668495695068
2019-01-08,0.1377351650288136
2019-01-09,0.13921977180448603
2019-01-10,0.1503146411558395
2019-01-11,0.15297875285325685
2019-01-14,0.17126570568232008
2019-01-15,0.18798646138852898
2019-01-16,0.17286148326121475
2019-01-17,0.19497853387398084
2019-01-18,0.1782516520783149
2019-01-22,0.1806431666369337
2019-01-23,0.16983729085285
2019-01-24,0.17749996039765056
2019-01-25,0.19999807760741886
2019-01-28,0.18928802779738096
2019-01-29,0.1681342827618721
2019-01-30,0.17521432837226014
2019-01-31,0.21148229699234838
2019-02-01,0.24044772684891202
2019-02-04,0.21116234096059777
2019-02-05,0.22698033673078638
2019-02-06,0.20266373846847857
2019-02-07,0.23150114330791982
2019-02-08,0.1750499348240551
2019-02-11,0.15789509275690866
2019-02-12,0.22099756932495662
2019-02-13,0.19149066885873775
2019-02-14,0.21301190191142966
2019-02-15,0.226821140814226
2019-02-19,0.22875418233670491
2019-02-20,0.20194554365298029
2019-02-21,0.2256800645818198
2019-02-22,0.2397857318982896
2019-02-25,0.18867910641548355
2019-02-26,0.20773269227337443
2019-02-27,0.1776629704438659
2019-02-28,0.21747262545899104
2019-03-01,0.24179618070300624
2019-03-04,0.20952747623974205
2019-03-05,0.24204987405332748
2019-03-06,0.17180467403734923
2019-03-07,0.17046892597194513
2019-03-08,0.17518840084470932
2019-03-11,0.13055860941593045
2019-03-12,0.18140818952749788
2019-03-13,0.12280788990966145
2019-03-14,0.15073319198348584
2019-03-15,0.13877811890113412
2019-03-18,0.19826783250116348
2019-03-19,0.16489963753673198
2019-03-20,0.15013420682340883
2019-03-21,0.13348323497433806
2019-03-22,0.20171877319578055
2019-03-25,0.18790449491826497
2019-03-26,0.16568849499912702
2019-03-27,0.15580036277619108
2019-03-28,0.1690001536987788
2019-03-29,0.14248752259378267
2019-04-01,0.14552922697713128
2019-04-02,0.1486026715227882
2019-04-03,0.18227558505796376
2019-04-04,0.1397152585445488
2019-04-05,0.16120351017258602
2019-04-08,0.16362929281791705
2019-04-09,0.14030972453615326
2019-04-10,0.13066796373051615
2019-04-11,0.13479310018844998
2019-04-12,0.14366101604915463
2019-04-15,0.22340976529696052
2019-04-16,0.1610097065311329
2019-04-17,0.18489123558666565
2019-04-18,0.17554139780570222
2019-04-22,0.15337773253451517
2019-04-23,0.1496786307798052
2019-04-24,0.1452879578020012
2019-04-25,0.171341997969928
2019-04-26,0.1696478485143159
2019-04-29,0.1869000295152976
2019-04-30,0.16248175368458745
2019-05-01,0.16487859380138506
2019-05-02,0.15956807375099508
2019-05-03,0.1425793876643482
2019-05-06,0.13402929881442793
2019-05-07,0.1398762124311641
2019-05-08,0.1590068118747396
2019-05-09,0.13006067880196687
2019-05-10,0.13954002176272062
2019-05-13,0.14328014563549188
2019-05-14,0.1513554349533205
2019-05-15,0.14270617595342988
2019-05-16,0.15479180243411866
2019-05-17,0.1701985855717608
2019-05-20,0.14347398015631838
2019-05-21,0.16038859896557262
2019-05-22,0.1667529811524843
2019-05-23,0.1931066158676023
2019-05-24,0.19839984207738331
2019-05-28,0.1825980717616217
2019-05-29,0.2071125274962205
2019-05-30,0.18569837201431366
2019-05-31,0.16051997740561913
2019-06-03,0.16099909111874078
2019-06-04,0.21092133064074398
2019-06-05,0.16941189908299964
2019-06-06,0.18730304885435
2019-06-07,0.1550270356483672
2019-06-10,0.1824635757537953
2019-06-11,0.2145940574307315
2019-06-12,0.22774748417791268
2019-06-13,0.15414391285848944
2019-06-14,0.178464476934452
2019-06-17,0.18286237900853008
2019-06-18,0.15774196864289966
2019-06-19,0.18688129419601748
2019-06-20,0.18309235305135518
2019-06-21,0.1955833957656024
2019-06-24,0.21366675369016588
2019-06-25,0.2027291132432992
2019-06-26,0.1952314159477689
2019-06-27,0.18691095528155335
2019-06-28,0.162697482369817
2019-07-01,0.19862461765465342
2019-07-02,0.2088266565126761
2019-07-03,0.17137567536829784
2019-07-05,0.17590949656555654
2019-07-08,0.16157509098241352
2019-07-09,0.13988663418940472
2019-07-10,0.1495583145670673
2019-07-11,0.14098695655059673
2019-07-12,0.21546531484280412
2019-07-15,0.20287632246136417
2019-07-16,0.18120435846764574
2019-07-17,0.17245273468980565
2019-07-18,0.1820432688895915
2019-07-19,0.18983119758850447
2019-07-22,0.18299634553393435
2019-07-23,0.15842780247875796
2019-07-24,0.16994960754124938
2019-07-25,0.20123744732656884
2019-07-26,0.1740596303214334
2019-07-29,0.20157027518221726
2019-07-30,0.16584068285195094
2019-07-31,0.1393451807707773
2019-08-01,0.14511005239908703
2019-08-02,0.15015619064813568
2019-08-05,0.11894981858885534
2019-08-06,0.11073628417311665
2019-08-07,0.1177886878487544
2019-08-08,0.14083889628178287
2019-08-09,0.14108396959512823
2019-08-12,0.15358139873375376
2019-08-13,0.14393935615539633
2019-08-14,0.14578084361278637
2019-08-15,0.12207314945482561
2019-08-16,0.1248934959689437
2019-08-19,0.10633376507073883
2019-08-20,0.1306144269520749
2019-08-21,0.148485653171941
2019-08-22,0.11970271971972271
2019-08-23,0.15819862413660485
2019-08-26,0.14190819382750852
2019-08-27,0.13720030126655836
2019-08-28,0.15651235046614845
2019-08-29,0.14721134329167226
2019-08-30,0.14499234528670152
2019-09-03,0.11690570738504506
2019-09-04,0.12836136588725372
2019-09-05,0.14790352845072302
2019-09-06,0.155134557848188
2019-09-09,0.15626020585595693
2019-09-10,0.16871827216461405
2019-09-11,0.13791864187979377
2019-09-12,0.17670754862853247
2019-09-13,0.14734219501625356
2019-09-16,0.13092818652616717
2019-09-17,0.16294522561993818
2019-09-18,0.16384201400245985
2019-09-19,0.14014861822447378
2019-09-20,0.12952741136937435
2019-09-23,0.17311155156837127
2019-09-24,0.1424287488685097
2019-09-25,0.12335984026004995
2019-09-26,0.12626832794498172
2019-09-27,0.1300633181158027
2019-09-30,0.12583897200041366
2019-10-01,0.11994345249804333
2019-10-02,0.13039574171898063
2019-10-03,0.10829328333703632
2019-10-04,0.11260644656109565
2019-10-07,0.11538494787352735
2019-10-08,0.12390113726402224
2019-10-09,0.11343416318936791
2019-10-10,0.12184951662359532
2019-10-11,0.1255955287698994
2019-10-14,0.1514645471480191
2019-10-15,0.1484505731127691
2019-10-16,0.16648796538175603
2019-10-17,0.1473596504152943
2019-10-18,0.17414547675586334
2019-10-21,0.1522668579814607
2019-10-22,0.13936448107106036
2019-10-23,0.1689077549377175
2019-10-24,0.1865118689327414
2019-10-25,0.2078150957789276
2019-10-28,0.17961340421901995
2019-10-29,0.16544659666325606
2019-10-30,0.17965404666260257
2019-10-31,0.17775477624106073
2019-11-01,0.17135095064720834
2019-11-04,0.19105818520955453
2019-11-05,0.17732318005025344
2019-11-06,0.1836890572555831
2019-11-07,0.15448322035544249
2019-11-08,0.1555783612849035
2019-11-11,0.16634864391928408
2019-11-12,0.16061587401874636
2019-11-13,0.17914100880216033
2019-11-14,0.15053676124236204
2019-11-15,0.15323286397855918
2019-11-18,0.21451816783112498
2019-11-19,0.1549857287168286
2019-11-20,0.14773936629896522
2019-11-21,0.175086943057077
2019-11-22,0.16521398263300624
2019-11-25,0.16475505763067383
2019-11-26,0.1663410965408654
2019-11-27,0.2158895858885489
2019-11-29,0.2130584316915335
2019-12-02,0.17012599943780285
2019-12-03,0.17152208949760017
2019-12-04,0.15526924817435384
2019-12-05,0.17106925295328046
2019-12-06,0.1755635359309342
2019-12-09,0.18733707678061712
2019-12-10,0.17991606499921475
2019-12-11,0.17397983383933918
2019-12-12,0.18919776865855054
2019-12-13,0.18917046195281945
2019-12-16,0.18605300300072955
2019-12-17,0.18640761641826664
2019-12-18,0.17026821181918061
2019-12-19,0.17982369706266393
2019-12-20,0.16389599961848184
2019-12-23,0.16849138173308192
2019-12-24,0.1901050874954
2019-12-26,0.16647438631406233
2019-12-27,0.1702881250614564
2019-12-30,0.1384773416514702
2019-12-31,0.14239388931923402
2020-01-02,0.38638727578637455
2020-01-03,0.8730393606906521
2020-01-06,0.48805382370434097
2020-01-07,0.40246791327191495
2020-01-08,0.4253303513751193
2020-01-09,0.3857691733149127
2020-01-10,0.43446137556637365
2020-01-13,0.3284849946291722
2020-01-14,0.3594185364802826
2020-01-15,0.40793275186726147
2020-01-16,0.42826626756173414
2020-01-17,0.4045566923010109
2020-01-21,0.40631254772128644
2020-01-22,0.4581511528275951
2020-01-23,0.3795181899513944
2020-01-24,0.34736624871916416
2020-01-27,0.39181639919767425
2020-01-28,0.45469432073279975
2020-01-29,0.31174755334395166
2020-01-30,0.3769495158457512
2020-01-31,0.43563054158811665
2020-02-03,0.4045246908242409
2020-02-04,0.3211532094462486
2020-02-05,0.4265430722131073
2020-02-06,0.4148226835839185
2020-02-07,0.3475613193064126
2020-02-10,0.383046861493996
2020-02-11,0.3428724594143142
2020-02-12,0.3509373205617726
2020-02-13,0.4297103700971914
2020-02-14,0.3706039993727997
2020-02-18,0.4079879032841873
2020-02-19,0.3977906612559408
2020-02-20,0.34721466887762586
2020-02-21,0.3960267705110467
2020-02-24,0.5204122390253677
2020-02-25,0.6331734090910087
2020-02-26,0.3933970958488049
2020-02-27,0.29950143262710716
2020-02-28,0.5117824669941279
2020-03-02,0.751255461082065
2020-03-03,0.6818219926689767
2020-03-04,0.47108548398610817
2020-03-05,0.460756129905162
2020-03-06,0.36985249936190967
2020-03-09,0.46028349527380025
2020-03-10,0.6568898925700037
2020-03-11,0.45044257438292057
2020-03-12,0.5560993443036337
2020-03-13,1.0116485033085396
2020-03-16,0.8268833849603856
2020-03-17,0.8541926210320858
2020-03-18,0.6448669672123744
2020-03-19,0.48711426124232227
2020-03-20,0.4901046106414755
2020-03-23,0.7665405803778922
2020-03-24,0.6340159351941428
2020-03-25,0.5657695305997278
2020-03-26,0.6889517158510086
2020-03-27,0.5651973149894278
2020-03-30,0.6475745122663271
2020-03-31,0.5653572292611622
2020-04-01,0.588326832874935
2020-04-02,0.5930720088216908
2020-04-03,0.4355106261325301
2020-04-06,0.43538068333158597
2020-04-07,0.3209697602895161
2020-04-08,0.5050036565865038
2020-04-09,0.4871386762716978
2020-04-13,0.7185264816328806
2020-04-14,0.7069901150365443
2020-04-15,0.6548483030915847
2020-04-16,0.5048554851468248
2020-04-17,0.3637861222958767
2020-04-20,0.44763214832924614
2020-04-21,0.4547316422685403
2020-04-22,0.5360912288623787
2020-04-23,0.5324936278623774
2020-04-24,0.5601716067903579
2020-04-27,0.4669168336816486
2020-04-28,0.530393147102466
2020-04-29,0.8086454660066832
2020-04-30,0.580533772157336
2020-05-01,0.6083421309974177
2020-05-04,0.6350737806085298
2020-05-05,0.46751059993374355
2020-05-06,0.30624515738046276
2020-05-07,0.31200933465464487
2020-05-08,0.34700377196175153
2020-05-11,0.40086376672611984
2020-05-12,0.3867539146591932
2020-05-13,0.3628589278750347
2020-05-14,0.37285215748792333
2020-05-15,0.30441100040419256
2020-05-18,0.3886223693608404
2020-05-19,0.5179044785058926
2020-05-20,0.50788708902284
2020-05-21,0.4340316227786555
2020-05-22,0.3442825623129945
2020-05-26,0.3018778678406392
2020-05-27,0.4851122933474711
2020-05-28,0.5429128782573205
2020-05-29,0.5060914467987291
2020-06-01,0.762043136235123
2020-06-02,0.5717306017150144
2020-06-03,0.5540518775955394
2020-06-04,0.5936022153333993
2020-06-05,0.6406285845273512
2020-06-08,0.49702978244654666
2020-06-09,0.48077257686550634
2020-06-10,0.5784436938043639
2020-06-11,0.7491565217091104
2020-06-12,0.7470396692701036
2020-06-15,0.4807779028275566
2020-06-16,0.36495557965453496
2020-06-17,0.5431799810892111
2020-06-18,0.37697022574931804
2020-06-19,0.2999162389053618
2020-06-22,0.457053697176231
2020-06-23,0.437253589207455
2020-06-24,0.3232548169626972
2020-06-25,0.40441059706624416
2020-06-26,0.27205498909424
2020-06-29,0.4688109730671437
2020-06-30,0.3860241012394471
2020-07-01,0.3375870469754647
2020-07-02,0.48919438785564573
2020-07-06,0.30741996609083166
2020-07-07,0.3275480036622299
2020-07-08,0.29869088483876
2020-07-09,0.21864855800163002
2020-07-10,0.29376165907814267
2020-07-13,0.22725309782304448
2020-07-14,0.4315461137406887
2020-07-15,0.45318152101996684
2020-07-16,0.432490519470479
2020-07-17,0.38908381294184174
2020-07-20,0.39402233912191853
2020-07-21,0.6033172833748748
2020-07-22,0.4842212424007269
2020-07-23,0.5730610316991445
2020-07-24,0.5704197927710635
2020-07-27,0.43448798187917137
2020-07-28,0.5571329409480938
2020-07-29,0.3868554554845941
2020-07-30,0.4336322322815266
2020-07-31,0.5106421563950887
2020-08-03,0.4492123895934306
2020-08-04,0.3540439116740135
2020-08-05,0.33023735078506744
2020-08-06,0.4122945741600455
2020-08-07,0.4423175043446285
2020-08-10,0.41820775758956386
2020-08-11,0.5764243607388024
2020-08-12,0.4646719876212172
2020-08-13,0.3404556334387474
2020-08-14,0.4916373015111767
2020-08-17,0.29573726074766693
2020-08-18,0.4102970422877309
2020-08-19,0.46255671379133434
2020-08-20,0.42721100228731557
2020-08-21,0.4895986778272755
2020-08-24,0.28997449382573126
2020-08-25,0.3902656825494055
2020-08-26,0.3853628324213718
2020-08-27,0.4472671672314288
2020-08-28,0.4001344462278217
2020-08-31,0.3627372177860902
2020-09-01,0.41198195021889344
2020-09-02,0.34440680564658804
2020-09-03,0.3386508448735062
2020-09-04,0.6391933894244388
2020-09-08,0.4881725930677633
2020-09-09,0.387803852490631
2020-09-10,0.3862871455606919
2020-09-11,0.3549304932704904
2020-09-14,0.2970052450753686
2020-09-15,0.34289710922911465
2020-09-16,0.3683672203433999
2020-09-17,0.40212284227719
2020-09-18,0.5004254415340976
2020-09-21,0.4072894012889211
2020-09-22,0.7413236544091446
2020-09-23,0.3829678698939747
2020-09-24,0.3749523373180075
2020-09-25,0.43718979145219505
2020-09-28,0.3584539453828862
2020-09-29,0.3944110503110007
2020-09-30,0.3761197327738007
2020-10-01,0.3605374062437661
2020-10-02,0.37819835324355344
2020-10-05,0.3900124549212719
2020-10-06,0.4246280487187265
2020-10-07,0.39340241964201145
2020-10-08,0.3378228635288555
2020-10-09,0.365677380973011
2020-10-12,0.38496815372216703
2020-10-13,0.3909130286175606
2020-10-14,0.5918925726207627
2020-10-15,0.41369977190061125
2020-10-16,0.46701814708694805
2020-10-19,0.4772280623958323
2020-10-20,0.5009749712085915
2020-10-21,0.38224277163952247
2020-10-22,0.4656415024787823
2020-10-23,0.4945912892750072
2020-10-26,0.3414258578983226
2020-10-27,0.45861709263781775
2020-10-28,0.45839760778444893
2020-10-29,0.5170729810337229
2020-10-30,0.534071143231439
2020-11-02,0.6766253079891906
2020-11-03,0.46438837696088797
2020-11-04,0.41077426740057277
2020-11-05,0.7524788076645876
2020-11-06,0.4835695928884741
2020-11-09,0.3710633236764311
2020-11-10,0.8917782060072803
2020-11-11,0.5257552925875604
2020-11-12,0.3847607578855051
2020-11-13,0.4378184708916536
2020-11-16,0.3179788408521335
2020-11-17,0.5406885174567255
2020-11-18,0.4107329264373681
2020-11-19,0.36758246010378576
2020-11-20,0.3714646621362532
2020-11-23,0.36778822202852973
2020-11-24,0.35477281695337026
2020-11-25,0.43794489692526056
2020-11-27,0.3598320976277638
2020-11-30,0.3594794187156074
2020-12-01,0.557843897640504
2020-12-02,0.5244844319022406
2020-12-03,0.3870852628198848
2020-12-04,0.33155744761532746
2020-12-07,0.43667276478870787
2020-12-08,0.3997432988221244
2020-12-09,0.39421490409922855
2020-12-10,0.6318008469079316
2020-12-11,0.4618636573154959
2020-12-14,0.35018187645113763
2020-12-15,0.4092560287228088
2020-12-16,0.4366336250239514
2020-12-17,0.39947249126361983
2020-12-18,0.3704909414890874
2020-12-21,0.3006394879359532
2020-12-22,0.38993893425340587
2020-12-23,0.26397253379014063
2020-12-24,0.23542174855805995
2020-12-28,0.24792852657914555
2020-12-29,0.3591618739253083
2020-12-30,0.3783567424799271
2020-12-31,0.28603375328542724
2021-01-04,0.12139514957271828
2021-01-05,0.3103664024969035
2021-01-06,0.12662967153570004
2021-01-07,0.14204437042467494
2021-01-08,0.12321979723695216
2021-01-11,0.11889530935815372
2021-01-12,0.14766229896301267
2021-01-13,0.14178788760111782
2021-01-14,0.1379180358113246
2021-01-15,0.13566383302194085
2021-01-19,0.1434893446313005
2021-01-20,0.13151540118708738
2021-01-21,0.12246402648045594
2021-01-22,0.14443800076993707
2021-01-25,0.13760848800797865
2021-01-26,0.15262856157336077
2021-01-27,0.14299735231989577
2021-01-28,0.13877812088141925
2021-01-29,0.11686379771849395
2021-02-01,0.13808206012059443
2021-02-02,0.1207638605291056
2021-02-03,0.12170610422980388
2021-02-04,0.13844635242436315
2021-02-05,0.16048022800053985
2021-02-08,0.13526632046650391
2021-02-09,0.14980894662188954
2021-02-10,0.139461218587196
2021-02-11,0.12453100521897095
2021-02-12,0.13660337206450224
2021-02-16,0.13119786459699234
2021-02-17,0.1571665895286152
2021-02-18,0.12076933406364318
2021-02-19,0.1284929556830567
2021-02-22,0.13549417700834182
2021-02-23,0.1417724572242247
2021-02-24,0.1202745315786104
2021-02-25,0.13052191821968961
2021-02-26,0.12139549384899523
2021-03-01,0.1487407299058998
2021-03-02,0.11942799189467421
2021-03-03,0.12516812256887916
2021-03-04,0.12810555652959588
2021-03-05,0.10496749506092615
2021-03-08,0.09599711831441392
2021-03-09,0.11033837262411447
2021-03-10,0.1063165520212812
2021-03-11,0.110254757600562
2021-03-12,0.12074830717619138
2021-03-15,0.11686333082428786
2021-03-16,0.1532206915837082
2021-03-17,0.12344106787406524
2021-03-18,0.10605603587149051
2021-03-19,0.12375104524927136
2021-03-22,0.21186781240389257
2021-03-23,0.1849006829706621
2021-03-24,0.1406864214473037
2021-03-25,0.12596101086016492
2021-03-26,0.12455623472007314
2021-03-29,0.11689835739671378
2021-03-30,0.10494978881380504
2021-03-31,0.10863666466118371
2021-04-01,0.11264462060222717
2021-04-05,0.09933002777208971
2021-04-06,0.12873915625819726
2021-04-07,0.12133119314926008
2021-04-08,0.1290864866182257
2021-04-09,0.13877351987375264
2021-04-12,0.11891805585994088
2021-04-13,0.12869021964662572
2021-04-14,0.13981927849460274
2021-04-15,0.11927052205267909
2021-04-16,0.13102699037480525
2021-04-19,0.14658134923626415
2021-04-20,0.1468647128622925
2021-04-21,0.16672449177654575
2021-04-22,0.13634527305782151
2021-04-23,0.12226289210080869
2021-04-26,0.12379076659568031
2021-04-27,0.1072817978681985
2021-04-28,0.13053931879187455
2021-04-29,0.15161205272083556
2021-04-30,0.16540039245003335
2021-05-03,0.14929579474613247
2021-05-04,0.128151465847601
2021-05-05,0.1227411025403509
2021-05-06,0.1295094364893489
2021-05-07,0.16557657861895525
2021-05-10,0.1216554951056292
2021-05-11,0.12645757491712767
2021-05-12,0.12503395151158886
2021-05-13,0.0950489620135913
2021-05-14,0.08577000957682879
2021-05-17,0.1074276059265317
2021-05-18,0.1342729423391411
2021-05-19,0.1295842527554189
2021-05-20,0.11415329330285794
2021-05-21,0.1273928248226353
2021-05-24,0.13296088068726708
2021-05-25,0.12297562901193551
2021-05-26,0.11759374725307731
2021-05-27,0.13268422662807047
2021-05-28,0.20608960949321037
2021-06-01,0.20458491604939094
2021-06-02,0.1500990370779824
2021-06-03,0.1187873036457471
2021-06-04,0.12627409151644892
2021-06-07,0.11810294092844881
2021-06-08,0.1477458515848198
2021-06-09,0.14752354834969258
2021-06-10,0.14621993418711732
2021-06-11,0.13373782764194414
2021-06-14,0.14097059549205138
2021-06-15,0.14515828673105427
2021-06-16,0.1304017031627566
2021-06-17,0.12793033343769866
2021-06-18,0.13514193148669973
2021-06-21,0.14715422076819462
2021-06-22,0.12372823502920026
2021-06-23,0.1065442219021697
2021-06-24,0.12099982007435707
2021-06-25,0.14300462794216218
2021-06-28,0.24333362860933397
2021-06-29,0.27690581908608436
2021-06-30,0.1371983741697022
2021-07-01,0.13514302619255564
2021-07-02,0.12111732864088265
2021-07-06,0.13517343323020245
2021-07-07,0.13215550096095244
2021-07-08,0.11817860528477217
2021-07-09,0.12240282986791311
2021-07-12,0.11371346522200475
2021-07-13,0.1413033815941112
2021-07-14,0.14303446820169916
2021-07-15,0.14403598293448694
2021-07-16,0.1384967359998347
2021-07-19,0.13873099338436568
2021-07-20,0.13943644876735917
2021-07-21,0.12313704236737012
2021-07-22,0.10766100824700611
2021-07-23,0.15104912190706038
2021-07-26,0.12460973124071009
2021-07-27,0.11984995560460136
2021-07-28,0.15321492660240293
2021-07-29,0.14564584532532537
2021-07-30,0.1609968453634953
2021-08-02,0.15416233044358563
2021-08-03,0.15101959060532327
2021-08-04,0.14145631618089166
2021-08-05,0.16167040675126193
2021-08-06,0.15126167979940044
2021-08-09,0.15757477735766673
2021-08-10,0.12640453917539402
2021-08-11,0.13916288383148884
2021-08-12,0.13183110043342827
2021-08-13,0.13970192530608436
2021-08-16,0.12664970758084604
2021-08-17,0.13452159199670638
2021-08-18,0.12643201130389461
2021-08-19,0.13143240963715017
2021-08-20,0.15760541104321685
2021-08-23,0.11904736317393963
2021-08-24,0.13148073621306455
2021-08-25,0.11900259255706605
2021-08-26,0.1265244455103852
2021-08-27,0.13406819726053665
2021-08-30,0.13671019797684114
2021-08-31,0.1323930410846927
2021-09-01,0.1464789099605518
2021-09-02,0.12391744292955587
2021-09-03,0.1303015096014043
2021-09-07,0.14030894276367176
2021-09-08,0.15026036003271342
2021-09-09,0.1363430950251114
2021-09-10,0.1489992941102813
2021-09-13,0.14476987232191957
2021-09-14,0.14706320459594413
2021-09-15,0.14179351260870401
2021-09-16,0.13258168425042655
2021-09-17,0.11448945602179628
2021-09-20,0.17618369233098516
2021-09-21,0.1492152449543006
2021-09-22,0.12810285347537614
2021-09-23,0.12333074322061346
2021-09-24,0.11094026159198717
2021-09-27,0.10264940121722663
2021-09-28,0.11664022316377742
2021-09-29,0.13346938155340374
2021-09-30,0.10641652847023744
2021-10-01,0.14378969693432372
2021-10-04,0.12502011566106114
2021-10-05,0.13305399818903763
2021-10-06,0.10598250714542734
2021-10-07,0.10993670405437378
2021-10-08,0.11652176431741526
2021-10-11,0.12143718794807462
2021-10-12,0.14123253002292252
2021-10-13,0.15018466797430036
2021-10-14,0.1548192232371206
2021-10-15,0.1386869617445946
2021-10-18,0.14449077228630477
2021-10-19,0.15163212438940338
2021-10-20,0.13656879045164322
2021-10-21,0.15885153143966138
2021-10-22,0.14592786477511505
2021-10-25,0.15348086813611383
2021-10-26,0.13289891766072912
2021-10-27,0.15151345863027033
2021-10-28,0.18060119182982715
2021-10-29,0.16955332522655908
2021-11-01,0.1691829445673413
2021-11-02,0.148990532230544
2021-11-03,0.14813767802840383
2021-11-04,0.15511441766750353
2021-11-05,0.14778504409565152
2021-11-08,0.18301731026769746
2021-11-09,0.15498033596048744
2021-11-10,0.1308205436109477
2021-11-11,0.12392696186868567
2021-11-12,0.15120506022581165
2021-11-15,0.14409080097882848
2021-11-16,0.14563100496437648
2021-11-17,0.16037587901785388
2021-11-18,0.14907021808120996
2021-11-19,0.14762242700463812
2021-11-22,0.16057573998509594
2021-11-23,0.12628262705924748
2021-11-24,0.13632681178210074
2021-11-26,0.12494801937435726
2021-11-29,0.20760404254676046
2021-11-30,0.14861365634656315
2021-12-01,0.12268133343705799
2021-12-02,0.14100655813731974
2021-12-03,0.10014592015526622
2021-12-06,0.13114145887813836
2021-12-07,0.12631413448418793
2021-12-08,0.11144993874820355
2021-12-09,0.11772786746241806
2021-12-10,0.12955561751693911
2021-12-13,0.12053000415679477
2021-12-14,0.12316293629967726
2021-12-15,0.11994307495716039
2021-12-16,0.12971627477089137
2021-12-17,0.11034719530123367
2021-12-20,0.14017386877206464
2021-12-21,0.12810578588735388
2021-12-22,0.11612926188662337
2021-12-23,0.11826511781155619
2021-12-27,0.11833014300776468
2021-12-28,0.11823265566064099
2021-12-29,0.10322348320475504
2021-12-30,0.11797988836815919
2021-12-31,0.11132856473963657
2022-01-03,0.16050569169813586
2022-01-04,0.5894616198910594
2022-01-05,0.466110742731203
2022-01-06,0.3103089389487208
2022-01-07,0.27862963043488903
2022-01-10,0.30139145648637855
2022-01-11,0.276239455087436
2022-01-12,0.26136581451228014
2022-01-13,0.21992125958861475
2022-01-14,0.2233961932664293
2022-01-18,0.26938381489337515
2022-01-19,0.2714325830990014
2022-01-20,0.28234158463675557
2022-01-21,0.217771759272105
2022-01-24,0.270672283947724
2022-01-25,0.23693084879323595
2022-01-26,0.25426064102812995
2022-01-27,0.2239400081701334
2022-01-28,0.23519034280944795
2022-01-31,0.21123617229341854
2022-02-01,0.21490453283048297
2022-02-02,0.24559080114020254
2022-02-03,0.26217650910483786
2022-02-04,0.22660811608844472
2022-02-07,0.22174834649735323
2022-02-08,0.24514702745699385
2022-02-09,0.26280268574534166
2022-02-10,0.24294154251770028
2022-02-11,0.2339409670083502
2022-02-14,0.22580511567243355
2022-02-15,0.18320714860179022
2022-02-16,0.29744531404477215
2022-02-17,0.17840910331214094
2022-02-18,0.25168436717512344
2022-02-22,0.21967033389228968
2022-02-23,0.2276183183641053
2022-02-24,0.2638816321518523
2022-02-25,0.28796381979977764
2022-02-28,0.3662874799450444
2022-03-01,0.2466643474485311
2022-03-02,0.22802986986867357
2022-03-03,0.27935184374213007
2022-03-04,0.26958972547060284
2022-03-07,0.24463908899908468
2022-03-08,0.2544030912624088
2022-03-09,0.27631336210332363
2022-03-10,0.2386014712780147
2022-03-11,0.2374964033415905
2022-03-14,0.19935214072777122
2022-03-15,0.27006759982655304
2022-03-16,0.23736921120241022
2022-03-17,0.27356030177777674
2022-03-18,0.2223232943369246
2022-03-21,0.2913784722057947
2022-03-22,0.19223851849165488
2022-03-23,0.19613880061719996
2022-03-24,0.19250646279615424
2022-03-25,0.212737527872642
2022-03-28,0.17214152431748864
2022-03-29,0.21973081254730553
2022-03-30,0.2538243619981798
2022-03-31,0.20458192090549696
2022-04-01,0.19763172018661593
2022-04-04,0.1881672181341067
2022-04-05,0.2299054229762985
2022-04-06,0.23735786256647276
2022-04-07,0.2644306377185142
2022-04-08,0.22323879665442667
2022-04-11,0.2510080348920513
2022-04-12,0.2309771843462174
2022-04-13,0.21878581082946244
2022-04-14,0.2782691619721774
2022-04-18,0.2732421363445607
2022-04-19,0.2923293458253948
2022-04-20,0.40663394417872634
2022-04-21,0.31847837058180334
2022-04-22,0.30909188300489127
2022-04-25,0.3902752859710885
2022-04-26,0.2832249847406787
2022-04-27,0.27017839299790036
2022-04-28,0.2982646902520286
2022-04-29,0.33381335205650364
2022-05-02,0.2709478565671258
2022-05-03,0.2690831012218744
2022-05-04,0.2726688198213023
2022-05-05,0.34541034144287197
2022-05-06,0.29770070075871347
2022-05-09,0.25835886950509723
2022-05-10,0.3239562192802055
2022-05-11,0.23775238076499566
2022-05-12,0.22561986917650567
2022-05-13,0.21583766163278784
2022-05-16,0.27502982373458995
2022-05-17,0.24406920617175987
2022-05-18,0.284948187550674
2022-05-19,0.25803931154537585
2022-05-20,0.23189737997365628
2022-05-23,0.17872097316803792
2022-05-24,0.26344812129266876
2022-05-25,0.2407789734554398
2022-05-26,0.20353062477825448
2022-05-27,0.29694814299221584
2022-05-31,0.28856991158741946
2022-06-01,0.28348549066085055
2022-06-02,0.2993168151635244
2022-06-03,0.26104013868973797
2022-06-06,0.20457607861545007
2022-06-07,0.1817113140320808
2022-06-08,0.1861806337775617
2022-06-09,0.18231939417789
2022-06-10,0.1934957038994708
2022-06-13,0.2518148810100235
2022-06-14,0.275984393114201
2022-06-15,0.24566577221981184
2022-06-16,0.2270746154432757
2022-06-17,0.2597997874445213
2022-06-21,0.2548073102300196
2022-06-22,0.2221563222660462
2022-06-23,0.1689099041141518
2022-06-24,0.17383263316846098
2022-06-27,0.22364384644197435
2022-06-28,0.1629541289144072
2022-06-29,0.20498854709071915
2022-06-30,0.1630632651012014
2022-07-01,0.14310442486578284
2022-07-05,0.18538894748951346
2022-07-06,0.18644443541776073
2022-07-07,0.16438980604084424
2022-07-08,0.1794561969787947
2022-07-11,0.16479836112025165
2022-07-12,0.19287614390661117
2022-07-13,0.2756449662477659
2022-07-14,0.22995825481409396
2022-07-15,0.21328568567810602
2022-07-18,0.3815324196608398
2022-07-19,0.39448245333389753
2022-07-20,0.381093189305064
2022-07-21,0.3618364495033166
2022-07-22,0.2834907221621699
2022-07-25,0.23273019837865874
2022-07-26,0.26512599045588414
2022-07-27,0.32681541698306815
2022-07-28,0.37677387064101153
2022-07-29,0.3424990934674036
2022-08-01,0.29121838086703755
2022-08-02,0.2381550248028833
2022-08-03,0.16736920109312792
2022-08-04,0.26724907583556484
2022-08-05,0.18480419098704276
2022-08-08,0.19751734526886278
2022-08-09,0.19346632892410726
2022-08-10,0.22062155498049496
2022-08-11,0.27072106122093337
2022-08-12,0.23728918212818895
2022-08-15,0.2196180710649289
2022-08-16,0.25920469932488555
2022-08-17,0.2847733043653127
2022-08-18,0.17082485920874463
2022-08-19,0.22115902511983673
2022-08-22,0.2633475510842964
2022-08-23,0.2089676612526827
2022-08-24,0.26594357575958677
2022-08-25,0.2472868585378922
2022-08-26,0.28325149886546486
2022-08-29,0.3001160648650519
2022-08-30,0.2512059277290229
2022-08-31,0.2689462361786352
2022-09-01,0.3623974380610524
2022-09-02,0.3093330862837431
2022-09-06,0.24772958341405743
2022-09-07,0.33508660799409495
2022-09-08,0.33568662164034146
2022-09-09,0.30417485055076443
2022-09-12,0.2678190098618106
2022-09-13,0.31227261230626024
2022-09-14,0.3173154552213211
2022-09-15,0.3681630013279662
2022-09-16,0.3898474426570982
2022-09-19,0.41010409803435655
2022-09-20,0.3577860464134621
2022-09-21,0.2505585711519571
2022-09-22,0.31658276388049356
2022-09-23,0.35843806941193274
2022-09-26,0.30177324072005146
2022-09-27,0.2870530815049288
2022-09-28,0.21501414323370083
2022-09-29,0.23111000571762025
2022-09-30,0.19940890317861237
2022-10-03,0.23457864489518096
2022-10-04,0.2374023635442024
2022-10-05,0.2411806004857528
2022-10-06,0.17993239869527278
2022-10-07,0.15881536286283773
2022-10-10,0.16403843246090286
2022-10-11,0.23655602621972205
2022-10-12,0.25920627353812603
2022-10-13,0.24304890368599896
2022-10-14,0.3577893982260516
2022-10-17,0.25648901431209686
2022-10-18,0.33188013559212265
2022-10-19,0.26451117077799047
2022-10-20,0.28900206035949294
2022-10-21,0.3443418786289497
2022-10-24,0.34419392733454524
2022-10-25,0.2888621615831233
2022-10-26,0.3382162758657592
2022-10-27,0.28601144994434446
2022-10-28,0.27596556546411893
2022-10-31,0.2924674855669252
2022-11-01,0.22154426388093776
2022-11-02,0.2098096284195142
2022-11-03,0.27448541004685945
2022-11-04,0.2977108471082026
2022-11-07,0.3142872995327445
2022-11-08,0.23840463483486612
2022-11-09,0.25621417182108375
2022-11-10,0.2589795236322812
2022-11-11,0.5189557995486379
2022-11-14,0.3044359756578654
2022-11-15,0.23400612290418182
2022-11-16,0.2448003033853799
2022-11-17,0.23368578910330837
2022-11-18,0.219800797986254
2022-11-21,0.220750851702474
2022-11-22,0.22730159900615005
2022-11-23,0.2094196793401002
2022-11-25,0.19657971068062355
2022-11-28,0.1941931207764791
2022-11-29,0.19713890550818075
2022-11-30,0.20090695675224673
2022-12-01,0.2579219608088449
2022-12-02,0.2646497412875737
2022-12-05,0.2166047216256696
2022-12-06,0.22373136499099405
2022-12-07,0.21646454011532612
2022-12-08,0.25359658059035617
2022-12-09,0.3143458664197942
2022-12-12,0.2175619846363683
2022-12-13,0.30392969168982237
2022-12-14,0.3606648275309565
2022-12-15,0.23501072103255574
2022-12-16,0.2838436252191372
2022-12-19,0.3046780058888242
2022-12-20,0.2732970466534581
2022-12-21,0.23681043787227296
2022-12-22,0.24009788776043756
2022-12-23,0.24262668724722872
2022-12-27,0.2611591546099058
2022-12-28,0.22719933184905977
2022-12-29,0.22820428161101852
2022-12-30,0.2302540277636449
2023-01-03,0.17949282257127863
2023-01-04,0.37052117940363405
2023-01-05,0.1813529261580174
2023-01-06,0.1939569288709606
2023-01-09,0.2519496077091465
2023-01-10,0.22400292448846837
2023-01-11,0.22362961423326128
2023-01-12,0.19243805119817167
2023-01-13,0.1862408969165446
2023-01-17,0.21338778785374743
2023-01-18,0.22895724032439174
2023-01-19,0.19700298168776956
2023-01-20,0.21903996963791922
2023-01-23,0.253950583476953
2023-01-24,0.23937977294184304
2023-01-25,0.2892662366198371
2023-01-26,0.2809991498784012
2023-01-27,0.2601765790964431
2023-01-30,0.2652633852621014
2023-01-31,0.20716319005756217
2023-02-01,0.25421037437904187
2023-02-02,0.26644999563070476
2023-02-03,0.23547861984067736
2023-02-06,0.21243895487529924
2023-02-07,0.22855440416646572
2023-02-08,0.2089334481248341
2023-02-09,0.20679996763628347
2023-02-10,0.1885992609836842
2023-02-13,0.2304793382610533
2023-02-14,0.22865515379552975
2023-02-15,0.21936591485498533
2023-02-16,0.22467280368306503
2023-02-17,0.2138246154036076
2023-02-21,0.2268683396272983
2023-02-22,0.2607659794637908
2023-02-23,0.2503820722283699
2023-02-24,0.2553711044104049
2023-02-27,0.23299088980580002
2023-02-28,0.21923096223485058
2023-03-01,0.2512458803346477
2023-03-02,0.25465025515370265
2023-03-03,0.2507456197646988
2023-03-06,0.2215214212984774
2023-03-07,0.23479857406070676
2023-03-08,0.2267359836571827
2023-03-09,0.22419681991647905
2023-03-10,0.24953073216570099
2023-03-13,0.20457353038030074
2023-03-14,0.2085335492652851
2023-03-15,0.17109894712780702
2023-03-16,0.1673967805829092
2023-03-17,0.18722832148228016
2023-03-20,0.29243646440264864
2023-03-21,0.2914503997376898
2023-03-22,0.16277301547144363
2023-03-23,0.19776861269853974
2023-03-24,0.19893511255822766
2023-03-27,0.21695758338191976
2023-03-28,0.20671394666313597
2023-03-29,0.20813286001302264
2023-03-30,0.2040448226340335
2023-03-31,0.21524302352017619
2023-04-03,0.24338305117677458
2023-04-04,0.2473690134969956
2023-04-05,0.2447576549161309
2023-04-06,0.22108472391318035
2023-04-10,0.24472775506076122
2023-04-11,0.24062853027662917
2023-04-12,0.22018231391924217
2023-04-13,0.2123032542157297
2023-04-14,0.19961407596612346
2023-04-17,0.20078364367991872
2023-04-18,0.22119217084954815
2023-04-19,0.2201711661330995
2023-04-20,0.2641420599975952
2023-04-21,0.24399507059690817
2023-04-24,0.25210167397745653
2023-04-25,0.27352512183569544
2023-04-26,0.2370140104468967
2023-04-27,0.2486474924389941
2023-04-28,0.28159192469432415
2023-05-01,0.22533801675692106
2023-05-02,0.24000619404828452
2023-05-03,0.22348820457427315
2023-05-04,0.2675490217936607
2023-05-05,0.2722895719201829
2023-05-08,0.2444327532483116
2023-05-09,0.2155229101836741
2023-05-10,0.2214155288833377
2023-05-11,0.18013520152648754
2023-05-12,0.20769842458879914
2023-05-15,0.218513238713089
2023-05-16,0.2147440976629392
2023-05-17,0.22167435366085456
2023-05-18,0.21820873163131033
2023-05-19,0.20873646530522272
2023-05-22,0.2086716043545041
2023-05-23,0.25771955954617676
2023-05-24,0.2387812024470318
2023-05-25,0.24235172983170433
2023-05-26,0.2479598227923475
2023-05-30,0.23501034530225456
2023-05-31,0.22534615873182362
2023-06-01,0.3265326689683385
2023-06-02,0.34115800395201834
2023-06-05,0.24421843554034411
2023-06-06,0.2590037176195253
2023-06-07,0.22682964281053225
2023-06-08,0.24959034788247542
2023-06-09,0.2048851757001598
2023-06-12,0.21996527151234702
2023-06-13,0.2225581508663842
2023-06-14,0.22341582170439184
2023-06-15,0.27099482455887625
2023-06-16,0.23847279615011685
2023-06-20,0.25335414589181443
2023-06-21,0.28223802220773886
2023-06-22,0.2000547811095718
2023-06-23,0.19953461311581067
2023-06-26,0.2975535821320963
2023-06-27,0.30913001862009837
2023-06-28,0.24855729694030748
2023-06-29,0.21412468523612366
2023-06-30,0.21838909350331293
2023-07-03,0.2102634462727287
2023-07-05,0.22565507485124708
2023-07-06,0.2259520045585863
2023-07-07,0.18723164968698786
2023-07-10,0.21686309235359094
2023-07-11,0.2622164733295968
2023-07-12,0.2579547345454681
2023-07-13,0.2562032365046959
2023-07-14,0.18684611805749107
2023-07-17,0.2062003466221441
2023-07-18,0.2639918960946115
2023-07-19,0.23381639807205246
2023-07-20,0.24386392035181914
2023-07-21,0.2698396091923094
2023-07-24,0.42981489289659275
2023-07-25,0.45923548052068597
2023-07-26,0.2853575259989227
2023-07-27,0.273367989708181
2023-07-28,0.27738540207436746
2023-07-31,0.23768973146181419
2023-08-01,0.2733499251257179
2023-08-02,0.23924578267686344
2023-08-03,0.23629038763910504
2023-08-04,0.23338975889052277
2023-08-07,0.20836696178535136
2023-08-08,0.2261388875864392
2023-08-09,0.23748080120349097
2023-08-10,0.2400110175217755
2023-08-11,0.19613205258628014
2023-08-14,0.17971599268429594
2023-08-15,0.1990677375831847
2023-08-16,0.19200342914875046
2023-08-17,0.20689244512224356
2023-08-18,0.21597141352156562
2023-08-21,0.19912270825992143
2023-08-22,0.21494765534395244
2023-08-23,0.21880574149266463
2023-08-24,0.2487084392151393
2023-08-25,0.22280632787761506
2023-08-28,0.2035062439282443
2023-08-29,0.22515203383273052
2023-08-30,0.19966900181486394
2023-08-31,0.2120545484655492
2023-09-01,0.2541421128302641
2023-09-05,0.2375789485765965
2023-09-06,0.21384772179606754
2023-09-07,0.2210497101400402
2023-09-08,0.22171793475903973
2023-09-11,0.24221455600617525
2023-09-12,0.230727381978717
2023-09-13,0.21890932451092884
2023-09-14,0.2483274563734107
2023-09-15,0.20194297558161872
2023-09-18,0.2739337627246837
2023-09-19,0.2932838939831143
2023-09-20,0.22180565420801834
2023-09-21,0.2156342071804328
2023-09-22,0.24298979304751345
2023-09-25,0.2038431115445521
2023-09-26,0.19232438307163813
2023-09-27,0.21252469214838543
2023-09-28,0.22035356450693444
2023-09-29,0.2140629325699725
2023-10-02,0.19624407594861554
2023-10-03,0.19217996481841393
2023-10-04,0.2077227306880487
2023-10-05,0.18332179947333202
2023-10-06,0.195375898063678
2023-10-09,0.21872625747104274
2023-10-10,0.2616826024819003
2023-10-11,0.22481145753505796
2023-10-12,0.29842566391049274
2023-10-13,0.21566777561595396
2023-10-16,0.2310076683136825
2023-10-17,0.24522424168942325
2023-10-18,0.23163646957169348
2023-10-19,0.24942982850104978
2023-10-20,0.2051826327049589
2023-10-23,0.22383820290598228
2023-10-24,0.21711634119089782
2023-10-25,0.2505907251749041
2023-10-26,0.23784574061971658
2023-10-27,0.25662063997584517
2023-10-30,0.24651323793870478
2023-10-31,0.21515354477017612
2023-11-01,0.21517874660333802
2023-11-02,0.29023509900069144
2023-11-03,0.25285086810854857
2023-11-06,0.22841585103313788
2023-11-07,0.22802127127076116
2023-11-08,0.24213014964860144
2023-11-09,0.2535050597716816
2023-11-10,0.21273803260212798
2023-11-13,0.20772038069982385
2023-11-14,0.22140526351223433
2023-11-15,0.25757690053383275
2023-11-16,0.23347374535504944
2023-11-17,0.2579052121982309
2023-11-20,0.21444334730344658
2023-11-21,0.2581721878015735
2023-11-22,0.23182968054316322
2023-11-24,0.2555094871773582
2023-11-27,0.20809476625976142
2023-11-28,0.21724587900653247
2023-11-29,0.2377643762456395
2023-11-30,0.256411494889694
2023-12-01,0.28048889929434484
2023-12-04,0.2981760464906221
2023-12-05,0.23817475630358237
2023-12-06,0.2307198569439982
2023-12-07,0.23965790453880764
2023-12-08,0.21841440545023277
2023-12-11,0.23168790516677648
2023-12-12,0.26157259680988126
2023-12-13,0.24993989458353771
2023-12-14,0.24935829475912621
2023-12-15,0.2514812920918258
2023-12-18,0.3201200915839753
2023-12-19,0.27906552513457555
2023-12-20,0.23040748125363433
2023-12-21,0.24357363313943614
2023-12-22,0.21199251077707776
2023-12-26,0.2175502442368783
2023-12-27,0.2147061692515545
2023-12-28,0.21021540883654732
2023-12-29,0.17663441290720577
2024-01-02,0.260762365643715
2024-01-03,0.7740694736325456
2024-01-04,0.39036691684522584
2024-01-05,0.22611673192593817
2024-01-08,0.22090432912537827
2024-01-09,0.38807693121405573
2024-01-10,0.2585694581863547
2024-01-11,0.3204116409915329
2024-01-12,0.2621699587247925
2024-01-16,0.3212431002533541
2024-01-17,0.2779771432322513
2024-01-18,0.19898543627840265
2024-01-19,0.27578029922108727
2024-01-22,0.27597570718187925
2024-01-23,0.19877080497318902
2024-01-24,0.26423460021458683
2024-01-25,0.26258169523387975
2024-01-26,0.26974960288179195
2024-01-29,0.26090723594007315
2024-01-30,0.17771606029812353
2024-01-31,0.3171401929356892
2024-02-01,0.27454652214885444
2024-02-02,0.2679450779206881
2024-02-05,0.23023141846003226
2024-02-06,0.2281648712933573
2024-02-07,0.2853125707907661
2024-02-08,0.2557699762943636
2024-02-09,0.3072400857575145
2024-02-12,0.26631969849435644
2024-02-13,0.2892675570146035
2024-02-14,0.3462812914928417
2024-02-15,0.2743198141585919
2024-02-16,0.3482589878643952
2024-02-20,0.2908968684904012
2024-02-21,0.30442689756556685
2024-02-22,0.33990953496289217
2024-02-23,0.4311829493251248
2024-02-26,0.2773261076096417
2024-02-27,0.296454117590454
2024-02-28,0.3267803358487802
2024-02-29,0.282349141793728
2024-03-01,0.3019451913477932
2024-03-04,0.37361283012588475
2024-03-05,0.3716194272174256
2024-03-06,0.3817154762503491
2024-03-07,0.24929337038583965
2024-03-08,0.29842399084660376
2024-03-11,0.3199653666795744
2024-03-12,0.38647713685108753
2024-03-13,0.3183525412017194
2024-03-14,0.4126582606247937
2024-03-15,0.33716599632768174
2024-03-18,0.2620555076502784
2024-03-19,0.2632111769208537
2024-03-20,0.23388904760433643
2024-03-21,0.3042117322913447
2024-03-22,0.31398928472578436
2024-03-25,0.232404249215674
2024-03-26,0.25915723277439534
2024-03-27,0.22492188926802925
2024-03-28,0.3703240826416159
2024-04-01,0.24290488594557266
2024-04-02,0.315471284620769
2024-04-03,0.3220519839251315
2024-04-04,0.2802562617980567
2024-04-05,0.2407919798637825
2024-04-08,0.21417708184336826
2024-04-09,0.22766709369646945
2024-04-10,0.27428532567583747
2024-04-11,0.2791870257990903
2024-04-12,0.2574259169261697
2024-04-15,0.26920672698746373
2024-04-16,0.25009727400035997
2024-04-17,0.300386556504047
2024-04-18,0.3466772550881482
2024-04-19,0.34971509958624103
2024-04-22,0.3390902445628792
2024-04-23,0.19547889873333907
2024-04-24,0.2775333689847519
2024-04-25,0.3327284140693645
2024-04-26,0.3628568116164933
2024-04-29,0.31300150273432903
2024-04-30,0.24408736170143058
2024-05-01,0.2833129883570168
2024-05-02,0.38697603134041775
2024-05-03,0.24985891804467658
2024-05-06,0.2816020938553205
2024-05-07,0.2111991543150002
2024-05-08,0.25811904694571197
2024-05-09,0.21907836915858775
2024-05-10,0.2555951467271648
2024-05-13,0.253736936709943
2024-05-14,0.2685290002230376
2024-05-15,0.26467080339761817
2024-05-16,0.37501589509284217
2024-05-17,0.3091727354705026
2024-05-20,0.2039531249644303
2024-05-21,0.30526538584096563
2024-05-22,0.26829651872076177
2024-05-23,0.31272892577278966
2024-05-24,0.24106028486364023
2024-05-28,0.2318100041971896
2024-05-29,0.2909894452413847
2024-05-30,0.24468826698777835
2024-05-31,0.33097384859050394
2024-06-03,0.3427499280809996
2024-06-04,0.27069381486885086
2024-06-05,0.2232061926487446
2024-06-06,0.25456267591232856
2024-06-07,0.2365576659198447
2024-06-10,0.23223187090304348
2024-06-11,0.24095961042634303
2024-06-12,0.2683411797539275
2024-06-13,0.3190413728200388
2024-06-14,0.25159684427137813
2024-06-17,0.21716043886978945
2024-06-18,0.2586904673689908
2024-06-20,0.24209411535785208
2024-06-21,0.3311580178128837
2024-06-24,0.3018239420307375
2024-06-25,0.38077402428104024
2024-06-26,0.3114901394478529
2024-06-27,0.2564663608356088
2024-06-28,0.28914178460560414
2024-07-01,0.3964596677377172
2024-07-02,0.29824912776975476
2024-07-03,0.22947222395831818
2024-07-05,0.218873073079774
2024-07-08,0.2683901085890345
2024-07-09,0.24682916542248215
2024-07-10,0.23162935534324872
2024-07-11,0.26498469602044095
2024-07-12,0.43409617649741034
2024-07-15,0.29312962788185404
2024-07-16,0.31069051750074583
2024-07-17,0.2908948704568405
2024-07-18,0.4862068266879545
2024-07-19,0.2546765969500947
2024-07-22,0.2600598418233307
2024-07-23,0.3355698445187746
2024-07-24,0.36282007916553705
2024-07-25,0.41167285097830797
2024-07-26,0.33613734648438653
2024-07-29,0.20956332090112528
2024-07-30,0.2018286503554712
2024-07-31,0.25220991885478966
2024-08-01,0.288493106350564
2024-08-02,0.3492593586421542
2024-08-05,0.31432013922107427
2024-08-06,0.20734372928595043
2024-08-07,0.19194004731671704
2024-08-08,0.2221556979315833
2024-08-09,0.23992083921932356
2024-08-12,0.16260323035068175
2024-08-13,0.22620626408473815
2024-08-14,0.23950313502331855
2024-08-15,0.1885609946348947
2024-08-16,0.29512958244085064
2024-08-19,0.17432035473555724
2024-08-20,0.1824396684241198
2024-08-21,0.2593106834017772
2024-08-22,0.22724506194126853
2024-08-23,0.24044988203958284
2024-08-26,0.3179706690998974
2024-08-27,0.2718617989545689
2024-08-28,0.22908971111318507
2024-08-29,0.27783155393773556
2024-08-30,0.3262790160431418
2024-09-03,0.2910637323965014
2024-09-04,0.5067320363612796
2024-09-05,0.23727263323407427
2024-09-06,0.24467930784191627
2024-09-09,0.22172508767407328
2024-09-10,0.265161302115381
2024-09-11,0.22430910217363975
2024-09-12,0.2908764806847829
2024-09-13,0.24535173774743907
2024-09-16,0.22267985387703826
2024-09-17,0.2519321170209652
2024-09-18,0.3142436863411972
2024-09-19,0.24493592480385518
2024-09-20,0.4082908610512651
2024-09-23,0.3208971891093574
2024-09-24,0.2671329233683306
2024-09-25,0.2822192310744074
2024-09-26,0.28173371578727735
2024-09-27,0.35842358853245093
2024-09-30,0.25167905117155365
2024-10-01,0.2282362312100425
2024-10-02,0.36408035607602185
2024-10-03,0.27594372324140437
2024-10-04,0.26341518215761384
2024-10-07,0.26810235724223874
2024-10-08,0.2220954621366748
2024-10-09,0.2887889149767545
2024-10-10,0.2790617479634514
2024-10-11,0.24223763488503874
2024-10-14,0.2920354506452712
2024-10-15,0.2709620246918003
2024-10-16,0.46708811900817065
2024-10-17,0.307164711415273
2024-10-18,0.2633501447712884
2024-10-21,0.293902265920479
2024-10-22,0.25343128490434996
2024-10-23,0.30722633181700354
2024-10-24,0.2780264209632545
2024-10-25,0.29533082970768654
2024-10-28,0.2748842414255248
2024-10-29,0.24083283307977232
2024-10-30,0.3241415511381103
2024-10-31,0.28730956690424225
2024-11-01,0.368999458005141
2024-11-04,0.2830522650127953
2024-11-05,0.2614012467260718
2024-11-06,0.22381718493734787
2024-11-07,0.5389599566922942
2024-11-08,0.2582976138434713
2024-11-11,0.2783266467016976
2024-11-12,0.28373022043314267
2024-11-13,0.20333996124772807
2024-11-14,0.2323254842366907
2024-11-15,0.22822727387006816
2024-11-18,0.2920569482069056
2024-11-19,0.22266859512617837
2024-11-20,0.21405260458266662
2024-11-21,0.220299163051972
2024-11-22,0.2659178245588891
2024-11-25,0.2576086025610326
2024-11-26,0.34477154817423616
2024-11-27,0.28457395377352335
2024-11-29,0.2425165707281297
2024-12-02,0.1652196504802585
2024-12-03,0.35677323919063497
2024-12-04,0.306044848497639
2024-12-05,0.4289271116563994
2024-12-06,0.32836278170826
2024-12-09,0.24743537529500195
2024-12-10,0.4067626430248203
2024-12-11,0.2903576123563181
2024-12-12,0.2499626361485882
2024-12-13,0.21502125609634304
2024-12-16,0.19785355682407385
2024-12-17,0.1964121636074751
2024-12-18,0.19261272001826707
2024-12-19,0.33266339562960356
2024-12-20,0.2965896186872192
2024-12-23,0.21983821180224988
2024-12-24,0.247989359653358
2024-12-26,0.18567884258725934
2024-12-27,0.15068635992665097
2024-12-30,0.20053220361038288
2024-12-31,0.4273758618625947
2025-01-02,0.4783782870545984
2025-01-03,0.7166225212536179
2025-01-06,0.6148642964859272
2025-01-07,0.6391303646838855
2025-01-08,0.6526381734358047
2025-01-10,0.6586204292179773
2025-01-13,0.5924262476658773
2025-01-14,0.613895821829509
2025-01-15,0.6141767439885647
2025-01-16,0.5666032567450551
2025-01-17,0.7145591109132259
2025-01-21,0.7223151781915139
2025-01-22,0.565454034923404
2025-01-23,0.4485029143590832
2025-01-24,0.6649261925240628
2025-01-27,0.6455732833848982
2025-01-28,0.9089600855854422
2025-01-29,0.6985852065958462
2025-01-30,0.6991700339963314
2025-01-31,0.661691525917351
2025-02-03,0.7183279156054299
2025-02-04,0.637782862104638
2025-02-05,0.6046265881109394
2025-02-06,0.5385622986290136
2025-02-07,0.5314430143168332
2025-02-10,0.5444512274143509
2025-02-11,0.5809762379219556
2025-02-12,0.548560477609683
2025-02-13,0.5286658745786705
2025-02-14,0.5228405047509963
2025-02-18,0.5454056282316104
2025-02-19,0.5998107706477626
2025-02-20,0.592480024102101
2025-02-21,0.6296040757139871
2025-02-24,0.6301426406258752
2025-02-25,0.5557939633463571
2025-02-26,0.6374843638397606
2025-02-27,0.5532341096644194
2025-02-28,0.4896166307117623
2025-03-03,0.7523671724857472
2025-03-04,0.7164656735675485
2025-03-05,0.5665956301244766
2025-03-06,0.6361772158609114
2025-03-07,0.6059252572954953
2025-03-10,0.6011032112656541
2025-03-11,0.6029781844033913
2025-03-12,0.5912150880264704
2025-03-13,0.5436946130165763
2025-03-14,0.561993971319791
2025-03-17,0.5034895045310647
2025-03-18,0.5929230785040809
2025-03-19,0.6216316845237853
2025-03-20,0.593418166965854
2025-03-21,0.6411695978623771
2025-03-24,1.0301969193591685
2025-03-25,1.0595581001568322
2025-03-26,0.6918194736700946
2025-03-27,0.6890230925110061
2025-03-28,0.5950237012542783
2025-03-31,0.6089443048879122
2025-04-01,0.6841714803911247
2025-04-02,0.7304680005946482
2025-04-03,0.5441956861193213
2025-04-04,0.867745606560406
2025-04-07,0.5856238203650008
2025-04-08,0.6253940245415235
2025-04-09,0.6376667340453493
2025-04-10,0.5932149863360275
2025-04-11,0.5958488245335618
2025-04-14,0.6123005067906693
2025-04-15,0.5321899017389418
2025-04-16,0.5036988112057819
2025-04-17,0.5086531035818893
2025-04-21,0.6627840942477123
2025-04-22,0.6387233609294632
2025-04-23,0.5630585606697422
2025-04-24,0.66169110993555
2025-04-25,0.6267244813150687
2025-04-28,0.503885871916732
2025-04-29,0.6030306794413176
2025-04-30,0.5524624329090577
2025-05-01,0.6561807481810589
2025-05-02,0.5925488603215211
2025-05-05,0.5769347360770849
2025-05-06,0.6671524151302098
2025-05-07,0.4872512343929407
2025-05-08,0.5381201191569809
2025-05-09,0.5242865851482632
2025-05-12,0.587280344069436
2025-05-13,0.8154154853952824
2025-05-14,0.8460498320205645
2025-05-15,0.5446931693282031
2025-05-16,0.5693284366952895
2025-05-19,0.5770474136582658
2025-05-20,0.6391831036493254
2025-05-21,0.570859962485502
2025-05-22,0.600313692125896
2025-05-23,0.6507756684274901
2025-05-27,0.5866741830844102
2025-05-28,0.6521236910314245
2025-05-29,0.5991128378390586
2025-05-30,0.6827277083107202
2025-06-02,1.0271121236145253
2025-06-03,0.9057749380167579
2025-06-04,0.675216036975842
2025-06-05,0.6185290776928434
2025-06-06,0.6950986972008384
2025-06-09,0.6028697950746258
2025-06-10,0.688671578331475
2025-06-11,0.678803387333961
2025-06-12,0.7966134210603824
2025-06-13,0.784854552837613
2025-06-16,0.6752629773449044
2025-06-17,0.7199440723711976
2025-06-18,0.5544499013302435
2025-06-20,0.6872134454506007
2025-06-23,0.8054681453775546
2025-06-24,0.983160807397167
2025-06-25,0.6512439853004193
2025-06-26,0.6958911295953386
2025-06-27,0.49836286857129397
2025-06-30,0.7959421086395855
2025-07-01,0.7978105537969571
2025-07-02,0.5810775158634027
2025-07-03,0.5701565495447635
2025-07-07,0.6097248514340549
2025-07-08,0.57038882046342
2025-07-09,0.6591444077912209
2025-07-10,0.616946949195491
2025-07-11,0.5555636304319878
2025-07-14,0.544077520647611
2025-07-15,0.5662923442204164
2025-07-16,0.6562275046038601
2025-07-17,0.6404889697518615
2025-07-18,0.5753470757939299
2025-07-21,0.5925576555198518
2025-07-22,0.5495746209261527
2025-07-23,0.5575789273235761
2025-07-24,0.49916983367578455
2025-07-25,0.6136415466836915
2025-07-28,0.5695344532316493
2025-07-29,0.5840350581801391
2025-07-30,0.6088902304160262
2025-07-31,0.5628330518977844
2025-08-01,0.6658820855101344
2025-08-04,0.5903643335600195
2025-08-05,0.6315961804391603
2025-08-06,0.49743447245557126
2025-08-07,0.5539514507042106
2025-08-08,0.5642933997646251
2025-08-11,0.42120735149034794
2025-08-12,0.4757589000958563
2025-08-13,0.4872189293131605
2025-08-14,0.6222166324892313
2025-08-15,0.5992980163683836
2025-08-18,0.5689842487700452
2025-08-19,0.579060983054599
2025-08-20,0.6490813612553135
2025-08-21,0.7328002771671857
2025-08-22,0.7061479807001604
2025-08-25,0.6989441284312693
2025-08-26,0.7215904351512451
2025-08-27,0.8497045439955833
2025-08-28,0.7800563730643135
2025-08-29,0.5660278710744131
2025-09-02,0.6141704966145944
2025-09-03,0.7306226512340848
2025-09-04,0.6744471720231293
2025-09-05,0.7062962256965768
2025-09-08,0.7916926383219157
2025-09-09,0.7951602886572489
2025-09-10,0.8079647867241081
2025-09-11,0.7375849455080519
2025-09-12,0.7748370046471234
2025-09-15,0.694844665372317
2025-09-16,0.5819246291795952
2025-09-17,0.6312519805928694
2025-09-18,0.6510050090280193
2025-09-19,0.6849373889188104
2025-09-22,0.8320904482425209
2025-09-23,0.7321252670677
2025-09-24,0.5597208958919244
2025-09-25,0.5106301139664362
2025-09-26,0.45531257869062003
2025-09-29,0.4396476449684055
2025-09-30,0.4066721087409413
2025-10-01,0.46022826370984304
2025-10-02,0.4604225254372031
2025-10-03,0.4797957023979006
2025-10-06,0.5127000813193953
2025-10-07,0.5840639578933573
2025-10-08,0.43609024197706847
2025-10-09,0.46340050606947153
2025-10-10,0.5008491991793793
2025-10-13,0.5140452155818027
2025-10-14,0.4829440314978174
2025-10-15,0.4354793340015434
2025-10-16,0.40693959662765955
2025-10-17,0.4792836177749738
2025-10-20,0.570226850686339
2025-10-21,0.6350765764752946
2025-10-22,0.5995566499414515
2025-10-23,0.6513011209083128
2025-10-24,0.729009545783704
2025-10-27,0.533745580578768
2025-10-28,0.5437573326006708
2025-10-29,0.5819014491904215
2025-10-30,0.6558489231392346
2025-10-31,0.58657321983301
2025-11-03,0.5331787746045629
2025-11-04,0.46393477355857426
2025-11-05,0.5578623540710065
2025-11-06,0.6163455712307955
2025-11-07,0.5906033680823939
2025-11-10,0.592890213726136
2025-11-11,0.5834379079500627
2025-11-12,0.518360365055666
2025-11-13,0.5908883445816016
2025-11-14,0.61546710261175
2025-11-17,0.620338936903684
2025-11-18,0.5846608839495764
2025-11-19,0.6089925218044527
2025-11-20,0.633574400718175
2025-11-21,0.6844525003977822
2025-11-24,0.7438814765992483
2025-11-25,0.7315862009145393
2025-11-26,0.7314516596804554
2025-11-28,0.5593280883508329
2025-12-01,0.5590150326256444
2025-12-02,0.6406088436405535
2025-12-03,0.5959014751573588
2025-12-04,0.6389815881377627
2025-12-05,0.6476142608697972
2025-12-08,0.6499570057166726
2025-12-09,0.6716851122371601
2025-12-10,0.6203978128744034
2025-12-11,0.6519435114839023
2025-12-12,0.7280214595714278
2025-12-15,0.6689097892055922
2025-12-16,0.6397843746560252
2025-12-17,0.5902473033137303
2025-12-18,0.5733435558652298
2025-12-19,0.6320496333690315
2025-12-22,0.7971097761747192
2025-12-23,0.7738084420700707
2025-12-24,0.39549525986154244
2025-12-26,0.43041265383810945
2025-12-29,0.3204716193673257
2025-12-30,0.3361316275000412
2025-12-31,0.40067099919970095
2026-01-02,0.3981693848111172
2026-01-05,0.8383358879673273
2026-01-06,1.0124194490225134
2026-01-07,0.6955915138070101
2026-01-08,0.7494697906966201
2026-01-09,0.8932101012156703
2026-01-12,0.8382579698557093
2026-01-13,0.6569591407935776
2026-01-14,0.650615080635861
2026-01-15,0.7226021862386689
2026-01-16,0.677421951535018
2026-01-20,0.5977102650093276
2026-01-21,0.7751415429769937
2026-01-22,0.7088333437469891
2026-01-23,0.643510268570595
2026-01-26,0.612143710940211
2026-01-27,0.6468179928217971
2026-01-28,0.6777070965472797
2026-01-29,0.6998535040352605
2026-01-30,0.9063233465180318
2026-02-02,0.8506858316389057
2026-02-03,0.7874353113990056
2026-02-04,0.8440539258614119
2026-02-05,0.7541319705596472
2026-02-06,0.7564652100132047
2026-02-09,0.5545011250000467
2026-02-10,0.6637080049525512
2026-02-11,0.5711018195360786
2026-02-12,0.6057255359734156
2026-02-13,0.6517959320610499
2026-02-17,0.7265530232718905
2026-02-18,0.6218296313681909
2026-02-19,0.5885727507546473
2026-02-20,0.5529111021031773
2026-02-23,0.589848716825075
2026-02-24,0.8310170711317146
2026-02-25,0.7490947262071617
2026-02-26,0.6110038632714694
2026-02-27,0.7031665463376972
2026-03-02,0.7657062356687068
2026-03-03,0.6830864273802066
2026-03-04,0.5839507453637824
2026-03-05,0.4917104108734036
2026-03-06,0.624423716271652
2026-03-09,0.7165936846050096
2026-03-10,0.5602025556531989
2026-03-11,0.5911998538992238
2026-03-12,0.5539511225079092
2026-03-13,0.6241679366159242
2026-03-16,0.5424404203445394
2026-03-17,0.5797262892720754
2026-03-18,0.5698381845848137
2026-03-19,0.6172183071205681
2026-03-20,0.6055771378731202
2026-03-23,0.8254455763774746
2026-03-24,0.6991861334510487
2026-03-25,0.8498201951380047
2026-03-26,0.6676049711047158
2026-03-27,0.7153252356319758
2026-03-30,0.8075485085312508
2026-03-31,0.7719241066636233
2026-04-01,0.625775089287297
2026-04-02,0.4989168454033042
2026-04-06,0.5707798129060953
2026-04-07,0.5540076446019291
2026-04-08,0.6392179362685122
2026-04-09,1.04665601670743
2026-04-10,0.589991469964265
2026-04-13,0.5560855128012075
2026-04-14,0.6047279119099865
2026-04-15,0.634266643956273
2026-04-16,0.5658088947197741
2026-04-17,0.694171637737433
2026-04-20,0.59880723873904
2026-04-21,0.6318160160235035
2026-04-22,0.7882839753280173
2026-04-23,0.7552369000807786
2026-04-24,0.683398818553344
2026-04-27,0.802289763470583
2026-04-28,0.6548958425898996
2026-04-29,0.6857988713209531
2026-04-30,0.7809770146986263
2026-05-01,0.672999172429991
2026-05-04,0.6166749678256228
2026-05-05,0.6814647903052979
2026-05-06,0.69859850176401
2026-05-07,0.6918802747400659
2026-05-08,0.6666658122455835
2026-05-11,0.7659409844576383
2026-05-12,0.6606432592210074
2026-05-13,0.6493557344494165
2026-05-14,0.6534663879327155
2026-05-15,0.5905165724000396
2026-05-18,0.5654554835704217
2026-05-19,0.6694057287545021
2026-05-20,0.8485409285143795
2026-05-21,0.6945008238395529
2026-05-22,0.6830250355719412
2026-05-26,0.5472116123367481
2026-05-27,0.5649614929580017
2026-05-28,0.6670295825430324
2026-05-29,0.6179133796535798
2026-06-01,0.8184226825045275
2026-06-02,0.8665221327062469
2026-06-03,0.6656732727093289
2026-06-04,0.6025071338344207
2026-06-05,0.7069913603900615
2026-06-08,0.8134986683878309
2026-06-09,0.65240562474373
2026-06-10,0.601481178969508
2026-06-11,0.712941228528863
2026-06-12,0.7272974593451744
2026-06-15,0.6715169259858089
2026-06-16,0.7012350074521143
2026-06-17,0.5543257335003395
2026-06-18,0.6752570751504101
2026-06-22,0.7628407907376631
2026-06-23,0.6900160465761922
2026-06-24,0.6024043192000099
2026-06-25,0.5575475239520061
2026-06-26,0.6062266060447844
2026-06-29,0.8842407681671106
2026-06-30,0.7892948937782597
2026-07-01,0.6172059687975007
2026-07-02,0.6684663758584093
2026-07-06,0.6386647117344525
2026-07-07,0.7639475785212929
2026-07-08,0.6049113042631435
2026-07-09,0.61169451729151
2026-07-10,0.6956617936090749
2026-07-13,0.8083553763643234
2026-07-14,0.7117528692268482
2026-07-15,0.711316100797647
2026-07-16,0.7732050097973481
2026-07-17,0.7552349444475891
2026-07-20,0.8856703749741158
2026-07-21,0.6598495369232531
2026-07-22,0.6578255945202477
2026-07-23,0.6491345031204038
2026-07-24,0.641350211797938
2026-07-27,0.6487946061751722
2026-07-28,0.5871238341512275
2026-07-29,0.6968881224830465
2026-07-30,0.6600681844037813
2026-07-31,0.90964525363201
2026-08-03,0.6936287142402722
2026-08-04,0.7811114049065895
2026-08-05,0.7837731659355153
2026-08-06,0.7840606447835236
2026-08-07,0.6711611005190539
2026-08-10,0.6364707094379829
2026-08-11,0.562094823007643
2026-08-12,0.5178392316435086
2026-08-13,0.4615051642182542
