date,0
2006-01-03,0.003929583101839404
2006-01-04,0.0023542382720254202
2006-01-05,0.00847703275662375
2006-01-06,0.004451756721193071
2006-01-09,-0.0037289140450701827
2006-01-10,-0.004048204066945371
2006-01-11,0.0019445036906769661
2006-01-12,0.005473781151901319
2006-01-13,-0.003888997502217674
2006-01-17,-0.0067240994024546875
2006-01-18,-0.004172782301560873
2006-01-19,0.007032823718105854
2006-01-20,-0.013356571201677598
2006-01-23,-0.0019148637621733122
2006-01-24,0.006664632686073605
2006-01-25,0.002130963877988483
2006-01-26,0.012988059123991355
2006-01-27,0.004748769262739836
2006-01-30,-0.005477530641432022
2006-01-31,-0.002411351901528753
2006-02-01,0.00438195581448688
2006-02-02,-0.006126584516663091
2006-02-03,-0.002341356644627909
2006-02-06,0.0021884609258929415
2006-02-07,0.002100394968829345
2006-02-08,0.0013350354883995155
2006-02-09,0.004035944023576366
2006-02-10,-0.00457698593234129
2006-02-13,-8.160914402877126e-05
2006-02-14,0.0035659614788379917
2006-02-15,0.002438972204658234
2006-02-16,-0.0033714748741341563
2006-02-17,-0.00500193298671526
2006-02-21,-0.011744449034433346
2006-02-22,0.010552993701614749
2006-02-23,0.0008271716796466771
2006-02-24,-0.0015442134001156895
2006-02-27,0.009451864920230304
2006-02-28,-0.005194578993650121
2006-03-01,0.008505675210318529
2006-03-02,-0.005078658757010707
2006-03-03,-0.0024655523296244044
2006-03-06,0.00023272623994968306
2006-03-07,0.00018757454482193394
2006-03-08,-0.000676927083435325
2006-03-09,-0.002760480513935863
2006-03-10,0.0010778570840031733
2006-03-13,-0.006283459372688548
2006-03-14,0.006026493118047903
2006-03-15,0.004226848143787426
2006-03-16,-0.008771110468917155
2006-03-17,0.005490976205356649
2006-03-20,0.00010806322828921128
2006-03-21,-0.0057577228578287966
2006-03-22,0.003562679945221859
2006-03-23,-0.0011306451451639952
2006-03-24,-0.00025520005084880056
2006-03-27,-0.0020954742027414364
2006-03-28,-0.0026756688576532284
2006-03-29,0.004792076069146367
2006-03-30,-0.0012458830100412542
2006-03-31,-0.0008834042225655911
2006-04-03,0.0016179258892903162
2006-04-04,0.0023291977331757517
2006-04-05,0.004004039856018054
2006-04-06,0.0011769803938595095
2006-04-07,0.0009439811729358304
2006-04-10,-0.006296187212073156
2006-04-11,-0.004038878964374395
2006-04-12,0.004100106820758999
2006-04-13,0.007872614233641401
2006-04-17,-0.0036620656375714834
2006-04-18,0.004190299706805754
2006-04-19,-0.0014690490727156333
2006-04-20,-0.0068650138469728735
2006-04-21,-0.004106786118910495
2006-04-24,0.001968981417622249
2006-04-25,-0.006867201869773182
2006-04-26,-0.004904340008729054
2006-04-27,-0.00998594553492388
2006-04-28,-0.004480614053254109
2006-05-01,0.003014158179858962
2006-05-02,-0.0004973978948647481
2006-05-03,0.0013099430609695426
2006-05-04,-0.005042961444127081
2006-05-05,0.00036403345324654657
2006-05-08,-0.002776012298671903
2006-05-09,-0.005508035150282357
2006-05-10,-0.000976850864559425
2006-05-11,-0.007073257938940544
2006-05-12,8.002769967867757e-05
2006-05-15,-0.0006604621998230293
2006-05-16,-0.0007284358466013783
2006-05-17,-0.0032401470453651245
2006-05-18,0.006853562951178897
2006-05-19,-0.0039029765670800533
2006-05-22,-0.004087847159844862
2006-05-23,-7.26185472313701e-05
2006-05-24,0.002877564921449612
2006-05-25,-0.0013270906528482073
2006-05-26,-0.0023492867257809778
2006-05-30,-0.0042298956243954355
2006-05-31,-0.004283582060873633
2006-06-01,0.011597809107946442
2006-06-02,-0.0055707756548801675
2006-06-05,-0.0030204732498578437
2006-06-06,-0.004704503665796615
2006-06-07,0.008696207626655706
2006-06-08,0.00220592162448539
2006-06-09,0.001258458232476004
2006-06-12,-0.001933178560184538
2006-06-13,0.005897019526365274
2006-06-14,-0.0024434972285419603
2006-06-15,-0.012670479705747733
2006-06-16,-0.0028990505497160294
2006-06-19,0.005036566649756763
2006-06-20,0.0014659591760672692
2006-06-21,0.006220990351975537
2006-06-22,-0.0029938697083487903
2006-06-23,0.0059158305781068345
2006-06-26,0.004874120974772693
2006-06-27,0.0012792693552827927
2006-06-28,-0.0024753620704744683
2006-06-29,0.0041046306513697105
2006-06-30,-0.002626655079169551
2006-07-03,-0.00396508759395272
2006-07-05,-0.0038319885822232823
2006-07-06,0.0009463036279701781
2006-07-07,-0.002891200771222899
2006-07-10,-0.0005221578456518019
2006-07-11,-0.002804858406772066
2006-07-12,-0.005386881683268055
2006-07-13,-0.00014083526904975021
2006-07-14,-0.003293317731818429
2006-07-17,0.009584813837667362
2006-07-18,0.0015054730160695038
2006-07-19,-0.002984734917657401
2006-07-20,-0.001557418676475453
2006-07-21,0.007013137667304601
2006-07-24,0.006692765736193213
2006-07-25,-0.012442312719535796
2006-07-26,-0.011435159368921652
2006-07-27,-0.007310850665179194
2006-07-28,0.002785665877844382
2006-07-31,-0.0042345543954489095
2006-08-01,-0.005102252306247253
2006-08-02,-0.0003294430125374069
2006-08-03,0.01389341200123372
2006-08-04,-0.0008263968226950418
2006-08-07,0.0015082370116414993
2006-08-08,0.006571450030973378
2006-08-09,-0.0016467354942623401
2006-08-10,-0.002802349789790558
2006-08-11,-0.0011872176562256044
2006-08-14,0.005654163826172504
2006-08-15,0.000714422980705307
2006-08-16,-0.0034780277331810066
2006-08-17,-0.007949209503515173
2006-08-18,0.0004715110697798478
2006-08-21,0.0016105068345461855
2006-08-22,-0.0007130134929386408
2006-08-23,-0.001220789011609102
2006-08-24,0.00014050695358949032
2006-08-25,-0.0030745035623072838
2006-08-28,0.004222238259465296
2006-08-29,-0.00039385746208607205
2006-08-30,-0.004054777398630095
2006-08-31,-0.0028582991558943893
2006-09-01,0.0012587968350574982
2006-09-05,-0.009937015656150015
2006-09-06,0.0008129832236949206
2006-09-07,0.004084573893523708
2006-09-08,0.0016805234492025915
2006-09-11,0.001114395136827651
2006-09-12,-0.004430936380572618
2006-09-13,-0.0002476536921264476
2006-09-14,-0.0014831828413311397
2006-09-15,0.00208923464224104
2006-09-18,0.0011202013994079708
2006-09-19,0.0007371095995316921
2006-09-20,0.0003039756071758715
2006-09-21,-0.0007912031274102751
2006-09-22,0.0074585650370358495
2006-09-25,-0.0038871352504855406
2006-09-26,0.00146074143623232
2006-09-27,0.0024009423223648246
2006-09-28,-0.0012034883258856947
2006-09-29,-0.0007396303900877113
2006-10-02,0.0015005910987842886
2006-10-03,0.0042029524030057835
2006-10-04,-0.0036916587275376456
2006-10-05,-0.0091804995632688
2006-10-06,0.0005498080545416017
2006-10-09,-0.00028416714390581125
2006-10-10,-0.0027589904116684556
2006-10-11,0.004131266754628995
2006-10-12,-0.007610222592387707
2006-10-13,-0.001675142465592631
2006-10-16,-0.0038214535816305842
2006-10-17,0.006892517222661632
2006-10-18,0.003582269637802456
2006-10-19,-0.0026590554339454378
2006-10-20,0.00806436567491124
2006-10-23,-0.001347009977017462
2006-10-24,-0.002165969499264271
2006-10-25,-0.007247911475939818
2006-10-26,-0.006241809203501988
2006-10-27,0.0036385096458185825
2006-10-30,-0.0017048726186627658
2006-10-31,0.00198090779697628
2006-11-01,0.0011181502665816995
2006-11-02,-0.0025038042478311637
2006-11-03,-0.006397062075547478
2006-11-06,0.0011078552259512447
2006-11-07,-0.001046082149316083
2006-11-08,-0.00012094492408303904
2006-11-09,0.003213290863130955
2006-11-10,9.912766975897231e-06
2006-11-13,-0.00011504661721428124
2006-11-14,-0.007325809266497485
2006-11-15,-0.0036725796720842186
2006-11-16,0.0004365366314460211
2006-11-17,0.0035958564613522846
2006-11-20,0.0004087615724073103
2006-11-21,-0.006200852342382818
2006-11-22,-0.0050200310500275284
2006-11-24,9.922998209494158e-05
2006-11-27,0.00045095380492822523
2006-11-28,0.005529167528889083
2006-11-29,-0.0028629890276084926
2006-11-30,-0.002048595176424111
2006-12-01,-0.0011716400005317912
2006-12-04,0.002684673041531374
2006-12-05,-0.007383451044927917
2006-12-06,-0.006993334844946848
2006-12-07,0.006456256429413286
2006-12-08,0.0002073252788763736
2006-12-11,0.0068140772392966805
2006-12-12,0.0033303070719483447
2006-12-13,0.0009114556857892191
2006-12-14,-0.008687795663056342
2006-12-15,0.004318013000631288
2006-12-18,-0.0017896972920595647
2006-12-19,0.003106429537267361
2006-12-20,0.0010616486522378927
2006-12-21,0.003751872122251789
2006-12-22,-0.0022630024962737075
2006-12-26,0.0031293806612319795
2006-12-27,-0.0005862848779120171
2006-12-28,0.0010766553683230966
2006-12-29,-0.0021012710121932317
2007-01-03,0.0030274832824476517
2007-01-04,-0.0007269124053670851
2007-01-05,0.0010762181274181065
2007-01-08,-0.0004136956715478571
2007-01-09,0.0028312435953053833
2007-01-10,-0.0022861683070517116
2007-01-11,0.00245326828809736
2007-01-12,-0.0009504582642051242
2007-01-16,3.556119850954773e-05
2007-01-17,-0.0021516827662541294
2007-01-18,-0.0031803858329351254
2007-01-19,0.000994232792301051
2007-01-22,1.7906767953866664e-05
2007-01-23,-0.004449267770381815
2007-01-24,0.001152919547095151
2007-01-25,-0.002851818589296625
2007-01-26,-7.77459285961699e-05
2007-01-29,0.0029786781912977244
2007-01-30,-0.0013682821252039223
2007-01-31,-0.0006018324203820861
2007-02-01,0.0002327823852028181
2007-02-02,0.0010917851270789017
2007-02-05,-0.00222251505578674
2007-02-06,-0.00046720308019789267
2007-02-07,0.002301930680334328
2007-02-08,-0.0018751740715284501
2007-02-09,-0.0016381538586537829
2007-02-12,0.0020820178622513756
2007-02-13,-0.00015349730625352658
2007-02-14,-0.0018100037786723511
2007-02-15,0.0017000307490089494
2007-02-16,-0.000317488470243836
2007-02-20,0.0020700845162247386
2007-02-21,-0.001245526971113057
2007-02-22,-0.004635683690838108
2007-02-23,-0.002056419141983636
2007-02-26,7.803624749951018e-05
2007-02-27,-0.0008589334516146114
2007-02-28,0.0001544957845170267
2007-03-01,-7.098330536333135e-05
2007-03-02,-0.0006838216046914724
2007-03-05,0.001357328106066084
2007-03-06,0.004473759964047668
2007-03-07,-0.005141928380612294
2007-03-08,-0.0009348477589288816
2007-03-09,-0.0009386223698719732
2007-03-12,0.0016261829579812207
2007-03-13,-0.007009287124502383
2007-03-14,0.0031560588084317996
2007-03-15,-0.005877015405188906
2007-03-16,-0.0019736917643295164
2007-03-19,0.0040027831087135046
2007-03-20,0.0014542067414070573
2007-03-21,0.0024473475781027925
2007-03-22,0.004141946052118186
2007-03-23,-0.0007285406872393544
2007-03-26,0.0031337763474653074
2007-03-27,0.0011594415854751625
2007-03-28,0.0013193550189192886
2007-03-29,-0.001988476449741077
2007-03-30,-0.0035676680991896803
2007-04-02,0.005813226607908477
2007-04-03,0.0010738886330369333
2007-04-04,0.0025167630340609554
2007-04-05,0.0012012954280072696
2007-04-09,-0.0008318736773254161
2007-04-10,0.0020827322841520893
2007-04-11,-0.0016708874503691576
2007-04-12,0.002236446285617482
2007-04-13,-0.0021656011885612223
2007-04-16,-0.0021300307360550557
2007-04-17,-0.0046850423313746625
2007-04-18,-0.008692880343861512
2007-04-19,-0.006753596036718277
2007-04-20,0.005583278675605374
2007-04-23,0.0021465887270656256
2007-04-24,-0.006500489087501641
2007-04-25,-0.0038306849714711505
2007-04-26,0.0008430567978052767
2007-04-27,0.0017640566675237222
2007-04-30,0.001268809081731869
2007-05-01,0.0002238755411329979
2007-05-02,0.00024818351391998433
2007-05-03,0.0019817569882377302
2007-05-04,-0.004417707439150001
2007-05-07,0.0006682463988859706
2007-05-08,0.0033687944555139925
2007-05-09,-0.006684271336131005
2007-05-10,0.0014986629577251778
2007-05-11,0.0019387318508865283
2007-05-14,0.0017352206889103482
2007-05-15,0.0013874288073568316
2007-05-16,-0.0011264761349312725
2007-05-17,0.0014434682842253547
2007-05-18,-0.0012646406992713204
2007-05-21,0.0007255506813175874
2007-05-22,-0.001285127514074509
2007-05-23,-0.004008279923222647
2007-05-24,-0.0046103834292700345
2007-05-25,0.00491582637308104
2007-05-29,0.0003072262324781603
2007-05-30,0.006342587691626919
2007-05-31,-0.002564440543716817
2007-06-01,1.1755233543668926e-05
2007-06-04,0.005725464225170388
2007-06-05,0.002627883269646314
2007-06-06,0.0028036117368070777
2007-06-07,-0.0023168371729898733
2007-06-08,0.001367908205383379
2007-06-11,-0.0022488149925586997
2007-06-12,-0.00396071385180171
2007-06-13,0.001054785674049651
2007-06-14,0.00448242426472026
2007-06-15,0.002657168400446314
2007-06-18,0.0007266203544873877
2007-06-19,0.0018174271012961587
2007-06-20,-0.0050156137162715
2007-06-21,0.0034639914137555815
2007-06-22,0.007849040517843091
2007-06-25,-0.004463280453944547
2007-06-26,-0.0037277318468577
2007-06-27,-0.0008827696759206653
2007-06-28,0.0001600972475742227
2007-06-29,0.0040957305790321665
2007-07-02,0.00433941996529419
2007-07-03,-0.0035428076379964654
2007-07-05,0.005554970153185983
2007-07-06,0.00025174262509879077
2007-07-09,0.002421708700590441
2007-07-10,0.0012665508019943424
2007-07-11,-0.0021277840752251045
2007-07-12,-5.359187497035341e-05
2007-07-13,0.002202120253948072
2007-07-16,-0.004418573144402024
2007-07-17,0.005243311059850962
2007-07-18,0.008075945968690903
2007-07-19,-3.8103456522303004e-06
2007-07-20,9.598758624881367e-05
2007-07-23,-0.004441645387738349
2007-07-24,0.008853030495823698
2007-07-25,-0.005403835255124679
2007-07-26,0.0011568549721701947
2007-07-27,-0.005539880136668437
2007-07-30,0.003989004409246868
2007-07-31,0.001843770289438624
2007-08-01,0.0015186738791145783
2007-08-02,0.0059656969652335644
2007-08-03,0.008686826093876089
2007-08-06,-0.0185968989688456
2007-08-07,-0.0026025906110165834
2007-08-08,-0.00648270890924867
2007-08-09,0.006897486760249067
2007-08-10,0.009211279847585133
2007-08-13,0.004227633849068024
2007-08-14,0.0073391969671177
2007-08-15,-0.0022707829111837104
2007-08-16,-0.021732747034521896
2007-08-17,-0.007264537540129481
2007-08-20,0.009038068062371148
2007-08-21,-0.008536224024881352
2007-08-22,0.0037105138968662426
2007-08-23,0.0005276715034642208
2007-08-24,0.008748094456155367
2007-08-27,0.0013341808152963657
2007-08-28,0.005391125248446703
2007-08-29,0.0067296485239452366
2007-08-30,0.00781969412152871
2007-08-31,-0.0021307139950158746
2007-09-04,0.006464454323500944
2007-09-05,0.014016673585872873
2007-09-06,0.007701194941070984
2007-09-07,-0.001755591103525471
2007-09-10,-0.0014052339916709295
2007-09-11,-0.00036153972400805655
2007-09-12,0.00184012836458653
2007-09-13,-0.015813616529487977
2007-09-14,-0.0010503583590240778
2007-09-17,0.0008513431062036194
2007-09-18,-0.008477913932299068
2007-09-19,0.0031416394507074548
2007-09-20,0.01356475452328781
2007-09-21,0.006323414431400199
2007-09-24,0.008130619803269849
2007-09-25,0.00480437421034981
2007-09-26,-0.005806809063312934
2007-09-27,-0.0018970368437333102
2007-09-28,0.00252572140754183
2007-10-01,-0.007053715353543249
2007-10-02,-0.011561244442456783
2007-10-03,-0.007744998011712589
2007-10-04,0.003968900093689907
2007-10-05,-0.003027926945201733
2007-10-08,0.008617482272453899
2007-10-09,0.004462129175325826
2007-10-10,0.009903005342575709
2007-10-11,-0.005802229037792022
2007-10-12,0.010125105700403045
2007-10-15,0.01227160435565751
2007-10-16,0.011267036125808955
2007-10-17,0.010411372353703607
2007-10-18,0.013252544648536353
2007-10-19,-0.0044173473901450554
2007-10-22,-0.004580022753961228
2007-10-23,0.002252633328926432
2007-10-24,-0.0004205689379591825
2007-10-25,0.01247540725211162
2007-10-26,-0.023049654250612756
2007-10-29,-0.0013159738179805646
2007-10-30,-0.003282716940894589
2007-10-31,0.013770039915293025
2007-11-01,0.025533847314298176
2007-11-02,0.026178672022231037
2007-11-05,0.011578311357967835
2007-11-06,0.004376793959280692
2007-11-07,0.021758170702420886
2007-11-08,-0.005685135288841108
2007-11-09,-0.013921778828357649
2007-11-12,-0.01718814186667445
2007-11-13,-0.01969012520437942
2007-11-14,-0.001507778643153089
2007-11-15,0.015885314691439983
2007-11-16,0.01685352090152803
2007-11-19,0.019619415426553617
2007-11-20,0.023326266822063003
2007-11-21,0.006470343038372552
2007-11-23,-0.014591722978649472
2007-11-26,0.018516318382177266
2007-11-27,-0.011978356481686771
2007-11-28,-0.02563617306696696
2007-11-29,0.00923708263018267
2007-11-30,-0.03744477469097494
2007-12-03,0.012547677052692907
2007-12-04,0.009422910234846893
2007-12-05,0.0025669358989964743
2007-12-06,-0.014947188643030672
2007-12-07,0.002589615641237296
2007-12-10,-0.011923427168364135
2007-12-11,0.03203910612154461
2007-12-12,0.024239195989339567
2007-12-13,0.0027930315272518894
2007-12-14,0.002898179844283581
2007-12-17,-0.009314663555007565
2007-12-18,0.004929663358737221
2007-12-19,0.0052410414431357825
2007-12-20,0.012851402489505307
2007-12-21,0.0009590710212795086
2007-12-24,-0.009238595043116709
2007-12-26,0.009052475850082403
2007-12-27,0.0027875112218187156
2007-12-28,0.007897271510824654
2007-12-31,-0.014432896276087195
2008-01-02,0.017501571441236118
2008-01-03,0.002705168653649113
2008-01-04,0.0006156906855076113
2008-01-07,-0.0007495485658858855
2008-01-08,0.030279403269557095
2008-01-09,-0.007743684862798514
2008-01-10,-0.04276130056932169
2008-01-11,-0.012315638743550667
2008-01-14,0.006495343533063001
2008-01-15,0.0043404513384684516
2008-01-16,-0.03423399624879538
2008-01-17,0.013606887906590334
2008-01-18,0.010301983636018355
2008-01-22,-0.04810549243469208
2008-01-23,-0.059996765607598056
2008-01-24,0.012992368123642304
2008-01-25,0.012680675852545967
2008-01-28,-0.014081840849612311
2008-01-29,-0.005904784373791864
2008-01-30,-0.001914725980450419
2008-01-31,-0.026283101504003533
2008-02-01,0.0010127752310068214
2008-02-04,0.027108538355605904
2008-02-05,0.0038319438848634863
2008-02-06,0.0002477364816725106
2008-02-07,-0.00627882682397079
2008-02-08,0.0210524180935361
2008-02-11,0.02424947659340593
2008-02-12,-0.003737771478242818
2008-02-13,0.01179119022358488
2008-02-14,0.002067351375637933
2008-02-15,-0.00917345544733454
2008-02-19,0.01671650229467762
2008-02-20,-0.0028982710260478917
2008-02-21,-0.0026255723415041167
2008-02-22,-0.0029382979864251203
2008-02-25,0.004716364168485869
2008-02-26,0.0027539102215297945
2008-02-27,-0.009312376495883535
2008-02-28,0.019435356260862843
2008-02-29,0.009484575346165336
2008-03-03,0.011793476486108376
2008-03-04,0.0077966008416850505
2008-03-05,0.018013737004897598
2008-03-06,0.015025939659228256
2008-03-07,-0.004327325287769076
2008-03-10,0.021589427987676327
2008-03-11,-0.03691891245774485
2008-03-12,0.004949470463745531
2008-03-13,0.005619610203636432
2008-03-14,0.021460367492461746
2008-03-17,0.017940658479092333
2008-03-18,-0.06594243003322729
2008-03-19,-0.011559272011765214
2008-03-20,-0.06356357954204558
2008-03-24,-0.008582291581655164
2008-03-25,0.008605647227252138
2008-03-26,0.0365723448446966
2008-03-27,0.012536931319129354
2008-03-28,0.017736421998932484
2008-03-31,0.004051290005336433
2008-04-01,-0.04077492890885546
2008-04-02,0.00821692395699124
2008-04-03,0.001219642077647876
2008-04-04,0.01900383899469619
2008-04-07,-0.021295056129207207
2008-04-08,0.012938658751134969
2008-04-09,0.015139983524095348
2008-04-10,0.01077095416435268
2008-04-11,-0.0006572088223785618
2008-04-14,0.02114241973372715
2008-04-15,-0.004979374585245079
2008-04-16,-0.0010037913558577174
2008-04-17,-0.017969468099266462
2008-04-18,-0.008351568457982957
2008-04-21,0.01467237332559043
2008-04-22,-0.006903823894248128
2008-04-23,0.010205661222221258
2008-04-24,-0.03570802671294188
2008-04-25,-0.021705234868862035
2008-04-28,0.0020018349846022626
2008-04-29,0.004791323554454102
2008-04-30,4.447550973255384e-05
2008-05-01,-0.016475134321124137
2008-05-02,-0.008885506441923431
2008-05-05,0.017820259979416296
2008-05-06,-0.00019803405600056644
2008-05-07,0.017067334469622684
2008-05-08,0.018761949784949987
2008-05-09,0.0005246438530977146
2008-05-12,-0.002775446265259677
2008-05-13,0.013956752539409874
2008-05-14,-0.008521975942856013
2008-05-15,-0.0019660423108270784
2008-05-16,0.009861156567829418
2008-05-19,0.008414292774175498
2008-05-20,0.010908157748583431
2008-05-21,0.013950714538832369
2008-05-22,-0.005009507221843654
2008-05-23,0.009115363660805936
2008-05-27,0.0020987522290788502
2008-05-28,0.0014193876467550105
2008-05-29,-0.0017360382248525368
2008-05-30,0.004558194594399106
2008-06-02,0.0036932546064490143
2008-06-03,0.007449888093461111
2008-06-04,0.008398899276683369
2008-06-05,-0.0032621129760166613
2008-06-06,0.016704575938218086
2008-06-09,0.02409601458791564
2008-06-10,-0.009510156371936843
2008-06-11,0.00796067213948031
2008-06-12,-0.010836825891152563
2008-06-13,0.0021113628639215527
2008-06-16,-0.005514170995207945
2008-06-17,0.013203180508867688
2008-06-18,-0.001466567314965566
2008-06-19,0.007887617920354478
2008-06-20,0.0007783192052395499
2008-06-23,0.01098443930274263
2008-06-24,-0.010644331775918968
2008-06-25,0.010441533929432154
2008-06-26,0.013834583875117311
2008-06-27,0.0018052426365810263
2008-06-30,0.008111094463229072
2008-07-01,-0.00898720467964128
2008-07-02,-1.7321082037762616e-05
2008-07-03,0.005782228907120174
2008-07-07,0.02682809321044999
2008-07-08,-0.034033329494282845
2008-07-09,0.01811830268564669
2008-07-10,0.023075950104067634
2008-07-11,0.024338666187052844
2008-07-14,0.04799366406583457
2008-07-15,0.02875088169609463
2008-07-16,-0.07657416277338648
2008-07-17,-0.05605569409141803
2008-07-18,-0.024648229601724594
2008-07-21,-0.0021492105659653886
2008-07-22,-0.03581012220561902
2008-07-23,0.01329207483941881
2008-07-24,0.03782988590371028
2008-07-25,0.02321165516816623
2008-07-28,0.014845432672275689
2008-07-29,-0.034358074989293684
2008-07-30,-0.029135681584364203
2008-07-31,0.005632432244655933
2008-08-01,-0.024926437630607725
2008-08-04,0.024126978746351314
2008-08-05,-0.02625716283621953
2008-08-06,0.010924724376379308
2008-08-07,0.0328070548882814
2008-08-08,0.014127784875365493
2008-08-11,0.001428221035062766
2008-08-12,0.025886621003265935
2008-08-13,0.0004530259887649703
2008-08-14,-0.008718770188747567
2008-08-15,0.003142585273284345
2008-08-18,0.025039265348261338
2008-08-19,-0.0016289362620449854
2008-08-20,-0.01075215975096275
2008-08-21,0.005722483868704042
2008-08-22,0.011968144115898699
2008-08-25,-0.001576779327671258
2008-08-26,-0.020738384365985952
2008-08-27,-0.021976427244108518
2008-08-28,-0.020372433619557134
2008-08-29,-0.00346134605872448
2008-09-02,-0.0015498412601798323
2008-09-03,-0.019389321161751058
2008-09-04,0.010224971210773318
2008-09-05,-0.02458002869560709
2008-09-08,0.049430591022048546
2008-09-09,0.03846231032289738
2008-09-10,0.026477703241727556
2008-09-11,0.006794090955067982
2008-09-12,0.01556737836795526
2008-09-15,0.10247268209761418
2008-09-16,-0.0543198166400586
2008-09-17,0.0449562240696438
2008-09-18,-0.061261743615031394
2008-09-19,-0.201861082190304
2008-09-22,0.00016103351017113937
2008-09-23,0.009004005585676511
2008-09-24,0.0380688836931492
2008-09-25,0.017139774658243442
2008-09-26,0.04600927566668488
2008-09-29,0.0621687983225775
2008-09-30,-0.06579506294805808
2008-10-01,-0.015506520107513112
2008-10-02,0.011425380664571015
2008-10-03,-0.022801844610777514
2008-10-06,0.008536490291348032
2008-10-07,0.04400676202499611
2008-10-08,-0.0019862353581732196
2008-10-09,0.0758628573609343
2008-10-10,-0.009798277093199716
2008-10-13,-0.050509184280646297
2008-10-14,-0.048530442226601744
2008-10-15,0.03499499645414403
2008-10-16,-0.009738395789597473
2008-10-17,-0.002849512082706054
2008-10-20,-0.046817038558662497
2008-10-21,-0.01526907287988046
2008-10-22,0.04062561698997779
2008-10-23,-0.02581581799870696
2008-10-24,0.009577223849870106
2008-10-27,0.020138909212746508
2008-10-28,-0.017625134020333767
2008-10-29,-0.01749286448892052
2008-10-30,0.0032290457491121866
2008-10-31,-0.012996079957062291
2008-11-03,0.011172293912140823
2008-11-04,-0.02106981053495924
2008-11-05,0.012680524642051603
2008-11-06,0.0200228918081189
2008-11-07,-0.024213307644163518
2008-11-10,-0.02879029639082869
2008-11-11,0.005444467526753349
2008-11-12,0.008024194147957036
2008-11-13,-0.02212401878899369
2008-11-14,-0.01200698164269281
2008-11-17,-0.0023225125184139052
2008-11-18,-0.010631344881189152
2008-11-19,0.002960237786007104
2008-11-20,0.06920425541045251
2008-11-21,-0.05548091664527704
2008-11-24,-0.038389988019667406
2008-11-25,0.022679321144897964
2008-11-26,-0.011226522123900556
2008-11-28,0.012158139717558329
2008-12-01,0.033623013873457626
2008-12-02,-0.0043405555902241415
2008-12-03,0.011384633180432837
2008-12-04,0.03329160615492869
2008-12-05,0.02388998794127345
2008-12-08,-0.044269632957325854
2008-12-09,0.008780947996769291
2008-12-10,-0.028081829345466845
2008-12-11,0.004918281187232446
2008-12-12,0.01538506780554514
2008-12-15,-0.010155743415553094
2008-12-16,0.0011158179113801244
2008-12-17,-0.00237000602379016
2008-12-18,0.03439965078260212
2008-12-19,0.00445492343775218
2008-12-22,-0.0017546739228601978
2008-12-23,-0.0022289625486411916
2008-12-24,-0.0030337778372333643
2008-12-26,-0.008117388219570401
2008-12-29,-0.01498390698643521
2008-12-30,0.0005194186345603922
2008-12-31,-0.0028158158675195186
2009-01-02,0.003083301904488901
2009-01-05,0.006517843558053385
2009-01-06,0.004861768772714801
2009-01-07,0.01647773628111609
2009-01-08,0.003379554640081662
2009-01-09,0.010835923977894233
2009-01-12,0.021280225520554565
2009-01-13,-0.016542714328711062
2009-01-14,0.013692994388846174
2009-01-15,0.019664765760292777
2009-01-16,0.01447935076560332
2009-01-20,0.01633393152107956
2009-01-21,-0.03987678410481736
2009-01-22,0.019026999993581827
2009-01-23,-0.00784122632944013
2009-01-26,-0.005284665223437945
2009-01-27,-0.008433007452871647
2009-01-28,-0.007403365535514278
2009-01-29,0.0032440377950113527
2009-01-30,-0.0018713946149300313
2009-02-02,0.028021685231763332
2009-02-03,0.0067286780345453415
2009-02-04,-0.014135120701072593
2009-02-05,0.008410382644499151
2009-02-06,-0.021241692634550422
2009-02-09,-0.005528120253537188
2009-02-10,0.02069940524877476
2009-02-11,-0.012050325752802326
2009-02-12,0.010042470257592811
2009-02-13,0.010141946315875883
2009-02-17,0.032038724852959506
2009-02-18,0.005260043312362699
2009-02-19,-0.0017432941596428923
2009-02-20,0.017136857738294
2009-02-23,-0.0011667410176690294
2009-02-24,-0.020947820257636064
2009-02-25,-0.00021332850241845595
2009-02-26,-0.040538126494084226
2009-02-27,0.03330551857793193
2009-03-02,0.022823766498556518
2009-03-03,0.003746466079310527
2009-03-04,0.005033183773725298
2009-03-05,0.02298591654938862
2009-03-06,-0.015224808070220504
2009-03-09,-0.028811723595665764
2009-03-10,-0.036840849648636154
2009-03-11,0.008017765516924095
2009-03-12,-0.019353803875182377
2009-03-13,0.01944850710053397
2009-03-16,-0.026187360942253563
2009-03-17,0.011116835518394035
2009-03-18,-0.006389831477695701
2009-03-19,0.018304689428148793
2009-03-20,0.01630469224886898
2009-03-23,-0.04856720883881787
2009-03-24,0.013704481923910205
2009-03-25,-0.02063212465564401
2009-03-26,0.029102634100669343
2009-03-27,0.005382489907887358
2009-03-30,0.030121929065457173
2009-03-31,-0.033016818720974395
2009-04-01,-0.011786508957661401
2009-04-02,0.004038917828990127
2009-04-03,0.0014943108616355435
2009-04-06,0.012977349884460152
2009-04-07,-0.008149424401868997
2009-04-08,0.01810323828370282
2009-04-09,-0.06608932608325854
2009-04-13,-0.04721335897616021
2009-04-14,0.02943272208870712
2009-04-15,-0.031232386195209533
2009-04-16,0.019488482514972205
2009-04-17,-0.0017906486280333098
2009-04-20,0.04912414419388977
2009-04-21,-0.03331306338750733
2009-04-22,0.027522583045497595
2009-04-23,-0.011793438710275205
2009-04-24,-0.00505294385892506
2009-04-27,0.012152206142527515
2009-04-28,0.021195156668384587
2009-04-29,-0.01169182981525425
2009-04-30,0.0012875318366108032
2009-05-01,0.006558750055971447
2009-05-04,-0.03906115319485211
2009-05-05,-0.0018721786777584977
2009-05-06,-0.038003925425231753
2009-05-07,-0.01153824586258698
2009-05-08,-0.03728155311534777
2009-05-11,0.03263636988988775
2009-05-12,0.007691961511495141
2009-05-13,0.01391849598632091
2009-05-14,-0.010865552214868283
2009-05-15,0.0041126291715431525
2009-05-18,-0.02056789522495111
2009-05-19,0.01656747942169214
2009-05-20,0.013312925350939196
2009-05-21,-0.012871894067059476
2009-05-22,0.013868485664371415
2009-05-26,-0.007191674857692916
2009-05-27,0.01853119232121612
2009-05-28,-0.005764667007425994
2009-05-29,-0.003993530935053545
2009-06-01,0.012452245134681576
2009-06-02,-0.0006448925031868294
2009-06-03,-0.0050773266814922455
2009-06-04,-0.01163467144021535
2009-06-05,0.0004850538000505829
2009-06-08,-0.0037342711022708354
2009-06-09,-0.0039020793941007335
2009-06-10,-0.0009125896330335633
2009-06-11,-0.006931208810392789
2009-06-12,-0.00503047123725404
2009-06-15,0.006463437418393586
2009-06-16,-0.0012940098783909542
2009-06-17,0.009082830428570068
2009-06-18,-0.01705266583715004
2009-06-19,-0.012482213366758267
2009-06-22,0.015151352229738076
2009-06-23,-0.007866323560976649
2009-06-24,-0.006932718522286513
2009-06-25,-0.0010644236606294566
2009-06-26,-0.007356391012098836
2009-06-29,-0.004917028751829195
2009-06-30,0.001773611892048485
2009-07-01,0.006091386861021259
2009-07-02,0.0015012008673916646
2009-07-06,0.0008427883586074645
2009-07-07,-0.007251359071719367
2009-07-08,0.011045441011704023
2009-07-09,0.007163970650858958
2009-07-10,-0.0005401390621615667
2009-07-13,-0.021276492136051397
2009-07-14,0.001737320491932519
2009-07-15,-0.005746528954887256
2009-07-16,0.005092611861420482
2009-07-17,0.008365111665418059
2009-07-20,0.005678437031670582
2009-07-21,0.0037035542360352508
2009-07-22,-0.0009945435277106756
2009-07-23,-0.009253399437571542
2009-07-24,-0.0018801003565663418
2009-07-27,-0.006384730070124375
2009-07-28,-0.008631943973280482
2009-07-29,-0.004283626910215401
2009-07-30,-0.0013569781915704338
2009-07-31,-0.005826993408484985
2009-08-03,-0.0010332968728223922
2009-08-04,-0.008038119803972968
2009-08-05,-0.02684361141066976
2009-08-06,-0.0013515267408713038
2009-08-07,-0.009868478763118383
2009-08-10,-0.0023429549515952175
2009-08-11,0.010312876159595941
2009-08-12,-0.001622748645163395
2009-08-13,-0.007378679186086337
2009-08-14,-0.0018788741905680908
2009-08-17,-0.0011002151750402716
2009-08-18,-0.002904358731931652
2009-08-19,0.007386785065616676
2009-08-20,-0.012187878727641304
2009-08-21,-0.0021991305702420355
2009-08-24,-0.0011429000992437565
2009-08-25,-0.005330292232562153
2009-08-26,0.0005194143249261179
2009-08-27,-0.018680213947173983
2009-08-28,-0.005162381234575015
2009-08-31,0.0030056153217720206
2009-09-01,0.018779723533629035
2009-09-02,-0.0008357991102618509
2009-09-03,-0.009322481589639225
2009-09-04,0.0027775894706305194
2009-09-08,0.012083003582855974
2009-09-09,-0.008488898896063673
2009-09-10,-0.00014318035025615182
2009-09-11,-0.0009393804911419882
2009-09-14,-0.0001869277770172194
2009-09-15,0.007705662643236412
2009-09-16,-0.00021532129836107636
2009-09-17,0.0009886309401185842
2009-09-18,6.279081939672643e-06
2009-09-21,-0.010063214737493211
2009-09-22,0.0007849805927575679
2009-09-23,-0.006067429369880161
2009-09-24,0.005798679524049556
2009-09-25,-0.001961222395270398
2009-09-28,-0.0029136097856567096
2009-09-29,-0.0005135734857495476
2009-09-30,0.004521553860710275
2009-10-01,0.001190852847262022
2009-10-02,0.0008326327484436517
2009-10-05,-0.00013474475346060528
2009-10-06,0.0028111819432918377
2009-10-07,-0.0023518677675377297
2009-10-08,0.011314041537085075
2009-10-09,-0.0016272362322942951
2009-10-12,0.000615739862923213
2009-10-13,0.0035798872994076336
2009-10-14,-0.0027232962058506543
2009-10-15,0.014919727481005101
2009-10-16,0.011094858026619563
2009-10-19,0.004253651509415913
2009-10-20,0.003245490876910643
2009-10-21,0.006407692482214881
2009-10-22,-0.004050488579222867
2009-10-23,-0.004932423200310742
2009-10-26,0.003829452845814789
2009-10-27,0.007537238210212606
2009-10-28,-0.0006591130741208092
2009-10-29,-0.002409211672806215
2009-10-30,-0.0035538969327270614
2009-11-02,-0.001252200917471404
2009-11-03,0.005377331406785043
2009-11-04,0.0006777385280097941
2009-11-05,-0.0036115967521365396
2009-11-06,-0.003986953610520878
2009-11-09,-0.006064019985941844
2009-11-10,0.002015445458708468
2009-11-11,-0.002942425636452673
2009-11-12,-0.010536826399650282
2009-11-13,-0.0030120800256114287
2009-11-16,0.0015704061924911342
2009-11-17,-0.004905900747829705
2009-11-18,-0.007226460381855649
2009-11-19,-0.00038030689000328235
2009-11-20,-0.002929533459904505
2009-11-23,0.0005504887572946788
2009-11-24,0.0014302694167635213
2009-11-25,-0.001906256222016049
2009-11-27,0.00016364547238243197
2009-11-30,0.007667087390830211
2009-12-01,-0.00512721238721304
2009-12-02,-0.008744871378213837
2009-12-03,-0.005835821933348993
2009-12-04,-0.005208961158613194
2009-12-07,-0.013996361963388392
2009-12-08,-0.00755909211915724
2009-12-09,0.0019132315822718373
2009-12-10,0.0017268796807733571
2009-12-11,-0.0012488977749222229
2009-12-14,-0.002015761542154047
2009-12-15,-0.003731603355963379
2009-12-16,0.002152094868627522
2009-12-17,0.0014362941557152242
2009-12-18,-0.003662790848562442
2009-12-21,-0.00275860437515759
2009-12-22,0.0013368660136046135
2009-12-23,0.000621338518525754
2009-12-24,-0.002980377250938008
2009-12-28,0.0001623809895483763
2009-12-29,-0.0015079356294488272
2009-12-30,0.001350808220863026
2009-12-31,0.002373816399924605
2010-01-04,0.003626641357845816
2010-01-05,-0.00472772235051524
2010-01-06,-0.005099869860132629
2010-01-07,-0.005587185394397771
2010-01-08,-0.0030184527984844453
2010-01-11,-0.005952696507347785
2010-01-12,0.010875751809658859
2010-01-13,-0.0047767654949906774
2010-01-14,-0.0033577560430934597
2010-01-15,0.0008307798467379424
2010-01-19,-0.0037404675170207404
2010-01-20,-0.00282650123019962
2010-01-21,-0.001806473841232929
2010-01-22,0.001338879548377446
2010-01-25,0.0010762885250695919
2010-01-26,0.0004989887450547897
2010-01-27,-0.0053118140720689894
2010-01-28,0.002149874831703766
2010-01-29,0.0027028512428863023
2010-02-01,0.004322157282184485
2010-02-02,-0.00534155391410761
2010-02-03,-0.001101095635543426
2010-02-04,0.0007841140795372978
2010-02-05,-2.371486809900251e-05
2010-02-08,-0.008048618346181868
2010-02-09,0.005812897005758575
2010-02-10,-0.0023435656542842645
2010-02-11,0.006502966823944653
2010-02-12,0.0008340758873867164
2010-02-16,0.006527119705793005
2010-02-17,-0.00672443993649091
2010-02-18,0.0008105780030440593
2010-02-19,-0.0005200401559287755
2010-02-22,-0.010742296397505735
2010-02-23,0.0004878611219565548
2010-02-24,0.0003285126403054686
2010-02-25,-0.0006497706238370428
2010-02-26,0.00482370778896578
2010-03-01,-0.007923376987158002
2010-03-02,0.0012662451283397774
2010-03-03,-0.004316979459468968
2010-03-04,-0.0012190840834525182
2010-03-05,-0.0022247304184230664
2010-03-08,-0.0030739709879373926
2010-03-09,-0.006838064521305021
2010-03-10,-0.003414028351632996
2010-03-11,-0.0002636761599467874
2010-03-12,0.003077774592247295
2010-03-15,0.002138808333006715
2010-03-16,-0.0061881555206653475
2010-03-17,-0.00040204626911984764
2010-03-18,-0.008217494626104932
2010-03-19,-0.000417966381105831
2010-03-22,-0.002708247771069978
2010-03-23,-0.003277979394161957
2010-03-24,0.00025610997525855645
2010-03-25,-0.0020891105821253027
2010-03-26,-0.003067416129156839
2010-03-29,0.002912455400926219
2010-03-30,-0.0006145502752333159
2010-03-31,0.004789424872847383
2010-04-01,0.0017109552764609979
2010-04-05,-0.001838886373094069
2010-04-06,-0.0005465749860663375
2010-04-07,-0.0018908147891142076
2010-04-08,0.005752377353606229
2010-04-09,0.0012173189071621765
2010-04-12,-0.0010442294728826634
2010-04-13,0.0025845295228611484
2010-04-14,0.0024260646348170586
2010-04-15,0.002440813506384267
2010-04-16,-0.005381375616385778
2010-04-19,0.0014265171460243174
2010-04-20,0.004096011737116371
2010-04-21,0.006208699943645805
2010-04-22,0.0008766865532936989
2010-04-23,-0.0020040568332996664
2010-04-26,0.0028352314650509987
2010-04-27,0.00437961121317397
2010-04-28,-0.0036997672521433566
2010-04-29,0.00045322141980374213
2010-04-30,0.01140312036162207
2010-05-03,0.00496454894882851
2010-05-04,0.004937039646008122
2010-05-05,-0.005611567650957474
2010-05-06,-0.0014714564087599893
2010-05-07,-0.0034100408664284503
2010-05-10,0.001798118623942154
2010-05-11,-0.0026634604156347804
2010-05-12,0.0006573109924672204
2010-05-13,-0.00654628331093844
2010-05-14,-0.003723787766922362
2010-05-17,0.0020477477905206797
2010-05-18,-0.0022598100924540823
2010-05-19,-0.0015941930778617178
2010-05-20,0.0038139836099912693
2010-05-21,0.009139535566578295
2010-05-24,-0.008460746236915439
2010-05-25,-0.008795482410973875
2010-05-26,0.0009527456804383731
2010-05-27,0.002370286001775766
2010-05-28,0.0017814508322489839
2010-06-01,0.009705510467998018
2010-06-02,-0.001395996449839269
2010-06-03,-0.0018748908817025956
2010-06-04,-0.004269214693397118
2010-06-07,0.0003479012795697418
2010-06-08,0.004385404579747469
2010-06-09,-0.002814043984421273
2010-06-10,-0.0009053051262566676
2010-06-11,-0.005338649708408099
2010-06-14,-0.003106513334107019
2010-06-15,-0.00315628170730287
2010-06-16,-0.0010925833633113075
2010-06-17,0.0036158804805519877
2010-06-18,0.0014100741268128368
2010-06-21,0.0025421903272952132
2010-06-22,0.0005558278460278383
2010-06-23,-0.003963042801943916
2010-06-24,-0.00194898590744076
2010-06-25,0.007040013895389601
2010-06-28,0.0012515426792525444
2010-06-29,0.0003810116029021488
2010-06-30,-0.004531100179737092
2010-07-01,-0.00484274125232433
2010-07-02,-0.008151582287102764
2010-07-06,0.001034552493195084
2010-07-07,0.001515191182396025
2010-07-08,-0.004721773258864343
2010-07-09,0.002092744848833317
2010-07-12,-0.0033671767084398176
2010-07-13,0.003629326063764916
2010-07-14,-0.00615533140546333
2010-07-15,-0.004701242986499447
2010-07-16,-0.005370839590739436
2010-07-19,-0.005073783262807804
2010-07-20,-0.004023854340332162
2010-07-21,-0.0011706382417650723
2010-07-22,0.005979098007916395
2010-07-23,0.005857916417761231
2010-07-26,0.001531767879456078
2010-07-27,0.0011472827141701812
2010-07-28,9.598826983665972e-05
2010-07-29,-0.002654692496060777
2010-07-30,0.002823715381172434
2010-08-02,-0.005624674347414629
2010-08-03,-0.002999010069328421
2010-08-04,-0.007773053424110462
2010-08-05,-0.0033209949582759793
2010-08-06,0.0001841020570443442
2010-08-09,-0.000396516423025502
2010-08-10,0.002113617123097342
2010-08-11,-0.006909195602662376
2010-08-12,-0.007845602446627463
2010-08-13,-0.0003281290329251381
2010-08-16,-0.0023201545795754524
2010-08-17,-0.005544345905707316
2010-08-18,-0.0005232912058875596
2010-08-19,0.0011223207743128775
2010-08-20,0.001240667841979362
2010-08-23,-4.0856935183350874e-05
2010-08-24,-0.0016799952028800657
2010-08-25,-0.0010503656967004648
2010-08-26,0.005177445171201344
2010-08-27,0.005976780957316832
2010-08-30,-0.00623532457161472
2010-08-31,0.009360750681476187
2010-09-01,0.004421579511242603
2010-09-02,0.00014325693673071358
2010-09-03,0.003247824304414795
2010-09-07,-0.006806109598587979
2010-09-08,0.0009111840040366682
2010-09-09,0.0016680432938510465
2010-09-10,0.0012946580000182612
2010-09-13,-0.0010233792124806655
2010-09-14,-0.006731564304948301
2010-09-15,0.0011329077787450063
2010-09-16,-0.0027410122460861342
2010-09-17,0.0004991595777475475
2010-09-20,0.001728599538995913
2010-09-21,0.001097654058100794
2010-09-22,-0.0044020748517654045
2010-09-23,-0.007762707182644901
2010-09-24,0.0030259065602212115
2010-09-27,-0.002057316475541598
2010-09-28,-0.0028199899423233857
2010-09-29,-0.006995853907376763
2010-09-30,0.0030700116202196422
2010-10-01,0.004815735340970498
2010-10-04,0.0021742703562644375
2010-10-05,0.0003475875736872998
2010-10-06,0.0019651177040244765
2010-10-07,-0.007362713024217484
2010-10-08,-0.007704018997624961
2010-10-11,-0.0005480394101725231
2010-10-12,-0.002346472803566779
2010-10-13,-0.0036339182311894594
2010-10-14,0.003430141605484564
2010-10-15,-0.01583249127105862
2010-10-18,0.005334070288193594
2010-10-19,0.002782104826733191
2010-10-20,-0.00139367030003637
2010-10-21,0.004778373699787345
2010-10-22,-0.008270002039809593
2010-10-25,-0.004489008931954805
2010-10-26,0.0015122530343726255
2010-10-27,-0.004906361156546973
2010-10-28,0.004013675455725488
2010-10-29,-0.0044166241350281025
2010-11-01,-0.000855928040608468
2010-11-02,-0.006566373887189327
2010-11-03,0.004080555095726605
2010-11-04,0.0010396671649260706
2010-11-05,0.01131579776096175
2010-11-08,-0.0018388715286484448
2010-11-09,-0.007967240938644283
2010-11-10,0.003115138301768519
2010-11-11,0.0027088612056834016
2010-11-12,0.002117634146703506
2010-11-15,0.0020047023003487863
2010-11-16,-0.002899226389767303
2010-11-17,-0.002027051758590257
2010-11-18,-0.0011260824074081424
2010-11-19,-0.002327942056463337
2010-11-22,-0.007489603455919765
2010-11-23,-0.005317081146407498
2010-11-24,0.0015781566100516614
2010-11-26,-0.0014216729288572926
2010-11-29,0.001437474347726174
2010-11-30,0.002018145336388854
2010-12-01,0.00184295768688007
2010-12-02,0.00571093456625653
2010-12-03,-0.0010430625490743344
2010-12-06,0.0004600820240070289
2010-12-07,0.003246966562767435
2010-12-08,-0.0016195448884717255
2010-12-09,0.005824526045694483
2010-12-10,0.0033179730775050697
2010-12-13,0.0029263052221742782
2010-12-14,0.005861079063617477
2010-12-15,-0.0011669799100896459
2010-12-16,0.0011074117204919172
2010-12-17,-0.003349799196546985
2010-12-20,0.0025367357670874066
2010-12-21,0.004609519818403965
2010-12-22,0.0041767089226031374
2010-12-23,-0.003037025671096204
2010-12-27,0.002077019909330545
2010-12-28,-0.0006055639188300752
2010-12-29,-0.0036333581823089077
2010-12-30,-0.0012044529476756495
2010-12-31,0.0010575268098614889
2011-01-03,-0.002969006595798476
2011-01-04,-0.007567515658080102
2011-01-05,-0.006998057567272483
2011-01-06,-0.006917231039825218
2011-01-07,0.006081351070225598
2011-01-10,0.004186152089852161
2011-01-11,-0.007132328522321441
2011-01-12,-0.009744663895431082
2011-01-13,0.003949919531054323
2011-01-14,-0.001757445877053964
2011-01-18,-0.0004715922412453299
2011-01-19,0.00736273472445633
2011-01-20,-0.015156259295656132
2011-01-21,-0.0035412056565992667
2011-01-24,-0.0010174775399109416
2011-01-25,-0.0012487296388170395
2011-01-26,0.005384889997367977
2011-01-27,0.004641461841633695
2011-01-28,0.0024106024059354883
2011-01-31,-0.0012071612498900104
2011-02-01,-0.0012943605227751058
2011-02-02,-0.001937160688145734
2011-02-03,0.0025254535962767524
2011-02-04,0.003463537494584631
2011-02-07,-0.002916188043091413
2011-02-08,0.002010410584784456
2011-02-09,0.00710471905000092
2011-02-10,0.005658252679886115
2011-02-11,0.002705024272411101
2011-02-14,0.0011436158400625056
2011-02-15,-0.0027963512674199676
2011-02-16,-0.002499878295523193
2011-02-17,-0.0023254892053636415
2011-02-18,-0.0027821942028839726
2011-02-22,0.00033232554993564483
2011-02-23,0.002077050337561976
2011-02-24,0.0010612284843377275
2011-02-25,0.0005079565559035957
2011-02-28,0.0018557834576730392
2011-03-01,-0.00031135220491683674
2011-03-02,0.0042588355405816635
2011-03-03,0.004954881247368457
2011-03-04,0.001418302348612515
2011-03-07,-0.0007735386769968334
2011-03-08,-0.0050117839778104495
2011-03-09,-0.00695071416926703
2011-03-10,-0.0007357629106379133
2011-03-11,-0.0014461099397818059
2011-03-14,0.0005054740266554986
2011-03-15,0.004843736185723245
2011-03-16,-0.00015403889396692566
2011-03-17,0.005095973523641777
2011-03-18,-0.006109119452581827
2011-03-21,0.011664812219770273
2011-03-22,-0.0036819182556446194
2011-03-23,0.004891278510671173
2011-03-24,0.0018556976541397397
2011-03-25,0.005826189524665632
2011-03-28,-0.0003494113459302589
2011-03-29,0.00721000896255343
2011-03-30,-0.002030879102298369
2011-03-31,0.004959545739972688
2011-04-01,-0.0006123261752234783
2011-04-04,-0.0011168523157836273
2011-04-05,-0.002102529846519717
2011-04-06,-0.014636645192816265
2011-04-07,-0.003455717870786172
2011-04-08,0.0040614874790240825
2011-04-11,-0.0049921959100340816
2011-04-12,-0.00778061704827287
2011-04-13,0.009868372565686416
2011-04-14,0.0027047110904750557
2011-04-15,0.003885141371934079
2011-04-18,-0.002462628397987481
2011-04-19,0.003912011854685064
2011-04-20,0.005428549688926637
2011-04-21,0.013429460558346018
2011-04-25,-0.0016618073284765974
2011-04-26,-0.0067219695637808505
2011-04-27,-0.0007215493256495298
2011-04-28,0.002804424393193891
2011-04-29,0.005052403282326784
2011-05-02,-0.004958764970856826
2011-05-03,-0.012154996636093636
2011-05-04,-0.010622673469583527
2011-05-05,-0.0014478734363921853
2011-05-06,0.00030100732435999974
2011-05-09,0.009061165056894386
2011-05-10,0.0007243935001452289
2011-05-11,-0.007885039204958645
2011-05-12,0.0012129002837245558
2011-05-13,0.0015240032829454634
2011-05-16,-0.0015616985947233598
2011-05-17,-0.002340121137622389
2011-05-18,0.016020913525866164
2011-05-19,0.0032581272463130992
2011-05-20,0.002497381594692274
2011-05-23,-0.004685138816078098
2011-05-24,-0.0017404278217580452
2011-05-25,0.008467470858766674
2011-05-26,0.003625068204693224
2011-05-27,-0.0025788903189133128
2011-05-31,-0.0010481950105673153
2011-06-01,0.002095184190363241
2011-06-02,0.0007684646270733086
2011-06-03,0.0005655088755490893
2011-06-06,0.002623390688322302
2011-06-07,0.0043831958350615255
2011-06-08,0.005720697033858702
2011-06-09,0.0008142457878799321
2011-06-10,-0.008465491461521289
2011-06-13,-0.006157290931117751
2011-06-14,0.004746208583607421
2011-06-15,-0.0005511224032818041
2011-06-16,-0.0011039559344208946
2011-06-17,0.0005817342171408079
2011-06-20,0.006050662921154587
2011-06-21,0.00012702314915105555
2011-06-22,-0.0004926340320785707
2011-06-23,-6.988353520000611e-06
2011-06-24,0.004112775265587312
2011-06-27,0.003343183794674738
2011-06-28,0.006660947788812126
2011-06-29,-0.008717938030109033
2011-06-30,0.000676209629783948
2011-07-01,-0.0029420985255979486
2011-07-05,0.009070965957367899
2011-07-06,0.005192009844810733
2011-07-07,-0.007550001392359279
2011-07-08,0.006990570536543099
2011-07-11,0.005745985060250429
2011-07-12,-0.004155366140172044
2011-07-13,-0.0012504859165653492
2011-07-14,0.006019717968378049
2011-07-15,0.00014545976372632834
2011-07-18,0.007311381868790129
2011-07-19,-0.0004950876671267481
2011-07-20,-0.00949251396136855
2011-07-21,-0.01116232741209649
2011-07-22,-0.008066441107622311
2011-07-25,0.0016540427871194422
2011-07-26,-0.0033074639133267515
2011-07-27,0.005953267039302688
2011-07-28,0.003940662948214815
2011-07-29,-0.0016035793290606287
2011-08-01,0.001462366400317186
2011-08-02,-0.0010617576991945028
2011-08-03,-0.0013478958332023155
2011-08-04,0.0061567656672285925
2011-08-05,0.01115636378773552
2011-08-08,0.01626250691168977
2011-08-09,-0.004924238207691297
2011-08-10,0.017040061456613194
2011-08-11,-0.016574893264172417
2011-08-12,0.010488887219105267
2011-08-15,-0.0054082669575778635
2011-08-16,0.003154854482548863
2011-08-17,0.003274659331940894
2011-08-18,0.005880741891898742
2011-08-19,0.00632928118440174
2011-08-22,0.00506048336384138
2011-08-23,0.004533917267573813
2011-08-24,-0.00809995642813652
2011-08-25,-0.007101983226286583
2011-08-26,0.002679470622666416
2011-08-29,-0.017468733236293228
2011-08-30,0.009994714645393294
2011-08-31,-0.0003473991936201569
2011-09-01,0.012037448008262555
2011-09-02,0.014529515107806392
2011-09-06,0.0117580939944232
2011-09-07,-0.02189943850464381
2011-09-08,0.0033983338289308024
2011-09-09,-0.0001407281928540337
2011-09-12,-0.0007003237450475572
2011-09-13,0.0010099019907582126
2011-09-14,-0.0037810295248307314
2011-09-15,-0.009879835654221698
2011-09-16,0.007807850739153085
2011-09-19,0.01643551201048275
2011-09-20,0.0065327663360250305
2011-09-21,0.00785137740695807
2011-09-22,0.012099730367207124
2011-09-23,-0.007302511654301291
2011-09-26,-0.014383063561668115
2011-09-27,-0.005654971443925059
2011-09-28,0.012000879254520485
2011-09-29,-0.01832985112866761
2011-09-30,0.013811487725648034
2011-10-03,0.018918169377526568
2011-10-04,-0.023237389041531067
2011-10-05,-0.013307369092009686
2011-10-06,-0.016051988561802854
2011-10-07,0.02064292427330204
2011-10-10,-0.00891112199529349
2011-10-11,-0.0024507464486848204
2011-10-12,-0.012528475736061293
2011-10-13,0.00912873243735042
2011-10-14,-9.582005787593614e-05
2011-10-17,0.0139029659049336
2011-10-18,-0.030187414652031865
2011-10-19,0.010551847604967439
2011-10-20,-0.00810789859458425
2011-10-21,-0.0007588113234350536
2011-10-24,-0.01723270022250687
2011-10-25,0.019227455575618703
2011-10-26,-0.011661665573233901
2011-10-27,-0.040245743648036764
2011-10-28,-0.012893086288963674
2011-10-31,0.02222795004713506
2011-11-01,0.022304836221543462
2011-11-02,-0.014454844234190821
2011-11-03,-0.005616656045503585
2011-11-04,-0.004757583115152887
2011-11-07,0.0009575302763695407
2011-11-08,-0.00540588463379688
2011-11-09,0.023071432865093618
2011-11-10,-0.0017382502209558977
2011-11-11,-0.008545578416538432
2011-11-14,0.007094744653834319
2011-11-15,0.0027468995735362048
2011-11-16,0.0012822737888754901
2011-11-17,0.01675588486508701
2011-11-18,-0.0006635644305661725
2011-11-21,0.010186070501705693
2011-11-22,0.013565291707986362
2011-11-23,0.011006988537974329
2011-11-25,0.0021893483500113687
2011-11-28,-0.012861546862161396
2011-11-29,0.007261337073270957
2011-11-30,-0.03164178884201213
2011-12-01,0.006247094400563326
2011-12-02,-0.010710496921618497
2011-12-05,-0.019321415083951344
2011-12-06,0.005792781425509718
2011-12-07,-0.0034873270409541786
2011-12-08,0.02457685224346741
2011-12-09,-0.007226207420607402
2011-12-12,0.017710083334696706
2011-12-13,0.015072458021701486
2011-12-14,0.01228429142933735
2011-12-15,0.00788783692457203
2011-12-16,-0.0010244482450934246
2011-12-19,0.02492373797602611
2011-12-20,-0.018699237011554678
2011-12-21,0.0037194510990210955
2011-12-22,-0.026612295029118667
2011-12-23,0.005188490748694598
2011-12-27,0.011627802023532913
2011-12-28,0.010811729400960984
2011-12-29,-0.005875803275530368
2011-12-30,-0.007491579825354967
2012-01-03,-0.026803924551744494
2012-01-04,-0.001957823493139102
2012-01-05,-0.002658907493193753
2012-01-06,-0.0007513695831302024
2012-01-09,-0.01269493437447066
2012-01-10,-0.014661803711974168
2012-01-11,-0.012018143472322421
2012-01-12,-0.0016967047405803968
2012-01-13,0.015409965956039056
2012-01-17,0.011478771280228306
2012-01-18,-0.019034935986920475
2012-01-19,-0.011750395331973227
2012-01-20,-0.005500317987935828
2012-01-23,-0.003918170887820822
2012-01-24,-0.002974471352743578
2012-01-25,0.0029279470000620166
2012-01-26,0.001985128602174113
2012-01-27,-0.01119898818066486
2012-01-30,0.009118602434451777
2012-01-31,0.004639338996754979
2012-02-01,-0.009912727491310747
2012-02-02,-0.008384668967457553
2012-02-03,-0.01668952920020194
2012-02-06,-0.004153437187316327
2012-02-07,0.008937038352510977
2012-02-08,-0.0015031747456150759
2012-02-09,-0.0039031701879219645
2012-02-10,0.017768125992978088
2012-02-13,0.004851966189550861
2012-02-14,0.011095024329430065
2012-02-15,-0.006768080852263576
2012-02-16,-0.01237316727142207
2012-02-17,-0.0007047423128662697
2012-02-21,-0.0025974450575698637
2012-02-22,0.010281226543086242
2012-02-23,0.0003258145167524959
2012-02-24,0.002095304031968329
2012-02-27,0.001323196079040404
2012-02-28,0.0015016022697677167
2012-02-29,0.011591858079847655
2012-03-01,0.0005592372576602728
2012-03-02,0.007773455728744694
2012-03-05,0.01740954189482898
2012-03-06,0.011120193617859757
2012-03-07,-0.0034292099159397
2012-03-08,-0.0011647332955156148
2012-03-09,-0.004637087842855048
2012-03-12,0.009869955947941801
2012-03-13,-0.01798182915240588
2012-03-14,0.005639635652074563
2012-03-15,-0.018990222681784037
2012-03-16,-0.011322662115054383
2012-03-19,0.0003343327069155799
2012-03-20,0.002897144518717398
2012-03-21,0.00512226406510388
2012-03-22,0.017147307456818032
2012-03-23,-0.005849672380602302
2012-03-26,0.002190851450804339
2012-03-27,0.007052688752478803
2012-03-28,0.0072692205284361
2012-03-29,0.003475786818930204
2012-03-30,0.002848901815757297
2012-04-02,-0.0015368774161094892
2012-04-03,0.01310026793688365
2012-04-04,0.005713148045756716
2012-04-05,0.01236435626963947
2012-04-09,0.006890411357364359
2012-04-10,-0.0017194788300841958
2012-04-11,-0.005646169264103117
2012-04-12,-0.017808281618231205
2012-04-13,0.02000234717529533
2012-04-16,0.001286031494963845
2012-04-17,-0.012029900154373847
2012-04-18,0.007665406127981713
2012-04-19,-0.0012480453859546692
2012-04-20,0.015209540907890756
2012-04-23,0.00034037433325169914
2012-04-24,-0.006492425817628262
2012-04-25,0.00764664139495095
2012-04-26,0.0013668805114796288
2012-04-27,0.00484584409752204
2012-04-30,-0.007960812217192583
2012-05-01,-0.008051492675957528
2012-05-02,0.01819860725361524
2012-05-03,0.009752171845382827
2012-05-04,0.010152088393485715
2012-05-07,-0.0010670323368136962
2012-05-08,0.006724041592419042
2012-05-09,-0.00389814036269265
2012-05-10,0.00844241825131103
2012-05-11,0.01008699449836947
2012-05-14,0.0025358823619866144
2012-05-15,0.022814060205644054
2012-05-16,0.017986982089230243
2012-05-17,-0.006591494515446591
2012-05-18,0.006696514002099372
2012-05-21,-0.008521877603795903
2012-05-22,0.007722804677609659
2012-05-23,-0.01176750364197258
2012-05-24,0.013254301240318078
2012-05-25,-0.005001594783035509
2012-05-29,-0.010776790795932663
2012-05-30,0.020614287243727217
2012-05-31,0.00842596168226706
2012-06-01,0.0036591480638474357
2012-06-04,0.004022330557023616
2012-06-05,-0.00975754173492076
2012-06-06,-0.00820788659360993
2012-06-07,0.008302368402621812
2012-06-08,0.003895594610420602
2012-06-11,0.018278509243894524
2012-06-12,-0.013367855685075702
2012-06-13,0.003947340400971401
2012-06-14,-0.0011033823215697857
2012-06-15,-0.011404630333085485
2012-06-18,0.014466027095481835
2012-06-19,-0.01638098687265942
2012-06-20,-0.0028321658221659644
2012-06-21,0.019880335696936043
2012-06-22,-0.0006236097862516892
2012-06-25,0.015907147630796016
2012-06-26,0.005098062150220615
2012-06-27,-0.01754997512563533
2012-06-28,-0.009732587008833555
2012-06-29,-0.01399587265778864
2012-07-02,0.004932534251534951
2012-07-03,-0.021061220474184093
2012-07-05,0.00530013429023014
2012-07-06,0.011524574349046822
2012-07-09,0.012630912237145204
2012-07-10,0.014388390278626447
2012-07-11,-0.007730699027081341
2012-07-12,0.009112345506536503
2012-07-13,-0.003364507956205899
2012-07-16,0.0035718712350347875
2012-07-17,0.0023771612659659307
2012-07-18,-0.0036988993870370386
2012-07-19,-0.005374971268496151
2012-07-20,-0.0032783578826250607
2012-07-23,-0.0032604828633825203
2012-07-24,0.009930258311289552
2012-07-25,0.004559511875810508
2012-07-26,-0.001073027170598382
2012-07-27,-0.017070292290122937
2012-07-30,-0.001001728465180344
2012-07-31,-0.005745211936927075
2012-08-01,0.0009989274445316417
2012-08-02,0.008760948248927772
2012-08-03,-0.00672801056342639
2012-08-06,-0.016258734120558414
2012-08-07,-0.022257303753686546
2012-08-08,-0.003980970058987123
2012-08-09,-0.017453464054396024
2012-08-10,-0.0026765685709410434
2012-08-13,0.011030691739527181
2012-08-14,0.01099458656340791
2012-08-15,0.003148802456251459
2012-08-16,-0.007091989437162422
2012-08-17,0.0021255848484566927
2012-08-20,-0.008665190477073204
2012-08-21,-0.012382572104547795
2012-08-22,-0.00041236335510474857
2012-08-23,0.012198799812990982
2012-08-24,0.006154838827804796
2012-08-27,0.006375856551723155
2012-08-28,0.0028149579846035184
2012-08-29,0.0016003043136546197
2012-08-30,0.017980269627437238
2012-08-31,-0.0044388691692112915
2012-09-04,0.01591096825809084
2012-09-05,-0.004404482080604226
2012-09-06,-0.00959931984947525
2012-09-07,-0.03523256922502021
2012-09-10,0.002729991866137865
2012-09-11,-0.021961008964355055
2012-09-12,-0.0038464109904217214
2012-09-13,-0.0077896895009341265
2012-09-14,-0.019864762345565955
2012-09-17,0.01766923890319636
2012-09-18,0.007460378730376286
2012-09-19,0.0044434528672903815
2012-09-20,0.012961944431083602
2012-09-21,0.008178407406840088
2012-09-24,0.012342101399262506
2012-09-25,0.016595866117019756
2012-09-26,-0.0010373639608972482
2012-09-27,-0.010852704379833987
2012-09-28,0.008684033877796378
2012-10-01,0.0013690437518822627
2012-10-02,0.0017667924999461746
2012-10-03,0.018438235489369712
2012-10-04,-0.008184127390831995
2012-10-05,0.010112277919790073
2012-10-08,-0.009332701421371704
2012-10-09,-0.013007079670285186
2012-10-10,0.004878857090261688
2012-10-11,-0.021623504585691615
2012-10-12,0.0045852688942037145
2012-10-15,-0.0003764606961896043
2012-10-16,-0.012087444619905538
2012-10-17,-0.011558984492207706
2012-10-18,-0.004516903982874855
2012-10-19,0.015678234042851076
2012-10-22,-0.008198677277264144
2012-10-23,0.005324747494162833
2012-10-24,0.016839022198194727
2012-10-25,-0.003898839777572867
2012-10-26,0.0017691655339372907
2012-10-31,-0.002917014028436044
2012-11-01,-0.011600772000861294
2012-11-02,0.011985439003465829
2012-11-05,-0.0063490827169503635
2012-11-06,-0.011272545011416092
2012-11-07,0.014582739908326208
2012-11-08,0.0049594030675251324
2012-11-09,0.0011566284007227879
2012-11-12,0.006111521025783751
2012-11-13,0.004423078329857741
2012-11-14,0.0010982168222360557
2012-11-15,-0.0004096659268275401
2012-11-16,0.00939677282872158
2012-11-19,-0.005392925393820459
2012-11-20,0.019316233623332155
2012-11-21,-0.004515071604967308
2012-11-23,-0.0026553496358554278
2012-11-26,-0.0012776480317048537
2012-11-27,-0.00327088679666386
2012-11-28,-0.0017410302568046374
2012-11-29,0.001173897056052221
2012-11-30,0.004132404747146379
2012-12-03,-0.0025424916194866937
2012-12-04,-0.010009814623661396
2012-12-05,-0.0019052282074545658
2012-12-06,-0.005096783723785995
2012-12-07,-0.0032945483338064725
2012-12-10,-0.006776950896461997
2012-12-11,-0.006294387815857278
2012-12-12,-0.008615908051758178
2012-12-13,-0.006527794198680112
2012-12-14,-0.006822630235545804
2012-12-17,0.010385790118153786
2012-12-18,-0.010556322103450089
2012-12-19,-0.007694099476009563
2012-12-20,0.004973621510378555
2012-12-21,-0.003408923108684647
2012-12-24,0.006077396925762754
2012-12-26,-0.0052147631781820315
2012-12-27,0.004279575160232893
2012-12-28,0.005716348948375038
2012-12-31,-0.01205907886094864
2013-01-02,-0.00017576204285836723
2013-01-03,-0.001481147187420803
2013-01-04,0.007902637630740866
2013-01-07,0.0004542877925825889
2013-01-08,-0.001670885942039251
2013-01-09,0.0012287861741143145
2013-01-10,0.002336515362942558
2013-01-11,0.0034000101894761923
2013-01-14,-0.005891344392751221
2013-01-15,-0.002102185581911513
2013-01-16,0.003065667317709106
2013-01-17,-0.0011539255339584756
2013-01-18,0.0051952490816726095
2013-01-22,0.0029607607549136865
2013-01-23,0.005021222906648373
2013-01-24,0.005355975050450573
2013-01-25,0.006971528627477942
2013-01-28,-0.005316130136607755
2013-01-29,-0.001904255475768959
2013-01-30,-0.0019430844070831292
2013-01-31,-0.0039801208777062325
2013-02-01,0.0036918240032405196
2013-02-04,-0.00026073765661879914
2013-02-05,0.0024126514113376515
2013-02-06,-0.0015117825257464543
2013-02-07,-0.00225939783754651
2013-02-08,0.0012856771132694214
2013-02-11,-0.0028384610999855862
2013-02-12,0.005555532377539698
2013-02-13,0.012833445919941459
2013-02-14,0.0076525277594425255
2013-02-15,-0.0012793527486463696
2013-02-19,-3.081168038272808e-05
2013-02-20,-0.011911960805998392
2013-02-21,-0.009374435604628181
2013-02-22,-0.005579129292379482
2013-02-25,-0.009559684448542218
2013-02-26,0.004103625422770915
2013-02-27,0.006795450429087405
2013-02-28,0.0066286957964088395
2013-03-01,-0.003296291809512061
2013-03-04,0.002638165212402373
2013-03-05,0.0031792187083867773
2013-03-06,0.001167715660237576
2013-03-07,0.0036473247066554676
2013-03-08,0.002616026265297759
2013-03-11,0.0023789220946078744
2013-03-12,-0.005315205884655983
2013-03-13,0.0019623555668682137
2013-03-14,0.005272558488777945
2013-03-15,-3.330847488776126e-05
2013-03-18,-0.009488880821979103
2013-03-19,-0.005703939495445006
2013-03-20,-0.0016215303890544006
2013-03-21,-0.005220473521618007
2013-03-22,-0.002371773031767393
2013-03-25,-0.005833098089553189
2013-03-26,0.002724969464518421
2013-03-27,0.009378842598944838
2013-03-28,-0.00589910960495036
2013-04-01,-0.0013508522461929133
2013-04-02,-0.0005736580242482967
2013-04-03,-0.006185672457952312
2013-04-04,-0.002489075654587296
2013-04-05,0.0012848383879989372
2013-04-08,0.00012606275842035367
2013-04-09,0.00616696643615669
2013-04-10,0.0018111233221596418
2013-04-11,0.0024712576432929555
2013-04-12,-0.005485621338743
2013-04-15,-0.006758371306943005
2013-04-16,0.001870324517118173
2013-04-17,-0.005453683699179919
2013-04-18,-0.000722133248296769
2013-04-19,-0.004259021198601579
2013-04-22,-0.001962062858182754
2013-04-23,-0.0011602675033264022
2013-04-24,0.0020990857659220516
2013-04-25,-0.01225701920973442
2013-04-26,-0.007975341615649627
2013-04-29,0.0016918254759491574
2013-04-30,0.0026727864730923543
2013-05-01,-0.002536196732140967
2013-05-02,0.003949519051718939
2013-05-03,-0.0008849520463261246
2013-05-06,0.003483194981117876
2013-05-07,0.0034900010323018096
2013-05-08,-0.002932968713865788
2013-05-09,0.00013348097181287592
2013-05-10,-0.005034388853882411
2013-05-13,0.0013883896999688336
2013-05-14,0.008971027330825726
2013-05-15,0.002076951594940122
2013-05-16,0.0001785730763280362
2013-05-17,0.00470965228650924
2013-05-20,-0.00043186559274043993
2013-05-21,-0.003404134572838707
2013-05-22,-0.0020649865628014426
2013-05-23,-0.0047473572714563875
2013-05-24,-0.0007424314486993425
2013-05-28,0.0022973859564362114
2013-05-29,0.005266489358363765
2013-05-30,-0.0034488672303685398
2013-05-31,-0.0005653549974703831
2013-06-03,-0.003014183041559307
2013-06-04,-0.008272200026077066
2013-06-05,-0.0014936712503194952
2013-06-06,-0.0007370401226805184
2013-06-07,0.008382969252232288
2013-06-10,0.0025729273203882394
2013-06-11,-0.004840183194495294
2013-06-12,-0.0009512811897751008
2013-06-13,-0.0004987008369265229
2013-06-14,0.0033936831627840473
2013-06-17,0.002686982490160446
2013-06-18,0.0005169594069983565
2013-06-19,0.000701900887818951
2013-06-20,0.0008786846392593232
2013-06-21,-0.0013549758952296823
2013-06-24,0.003330032312049533
2013-06-25,-0.001088309773009347
2013-06-26,0.0041388535150092415
2013-06-27,-0.0033166638193662455
2013-06-28,-0.005775971382691873
2013-07-01,0.0022757228102485193
2013-07-02,0.006791870704988637
2013-07-03,0.0020287867754529704
2013-07-05,0.004737202375818175
2013-07-08,0.003925021370313872
2013-07-09,0.0047215568837242
2013-07-10,-0.0016071400113186474
2013-07-11,-0.006707137424138949
2013-07-12,0.006471374499879392
2013-07-15,-0.005408433427570386
2013-07-16,-0.003355199951514925
2013-07-17,1.6185305583944862e-05
2013-07-18,0.004041601217938131
2013-07-19,0.002151664435759415
2013-07-22,-0.007488571388101316
2013-07-23,-0.0005561604330427941
2013-07-24,-0.0007653850639527921
2013-07-25,-0.0020386640029281576
2013-07-26,-0.00225446856773055
2013-07-29,0.0012114975545437986
2013-07-30,0.0007221696609112798
2013-07-31,0.00396718739840329
2013-08-01,0.0081709892233609
2013-08-02,-0.0008288215977968471
2013-08-05,-0.00022963508519873571
2013-08-06,-0.0005408870455957356
2013-08-07,-0.0006792595020205226
2013-08-08,-0.010052417528706321
2013-08-09,-0.006964186993928922
2013-08-12,-0.002082033663092026
2013-08-13,0.003451930856093562
2013-08-14,-0.0073125887811739355
2013-08-15,-0.0026936753139903047
2013-08-16,0.007355397063294987
2013-08-19,-0.0002215467218562983
2013-08-20,0.0031148436759079264
2013-08-21,0.0018874167742839168
2013-08-22,-0.0004852589221567671
2013-08-23,-0.002841276422566266
2013-08-26,-0.00013151882002280425
2013-08-27,0.0014586889451956876
2013-08-28,0.003683779379738145
2013-08-29,9.44810477840708e-05
2013-08-30,-0.0032877787048592568
2013-09-03,0.00016223603563726013
2013-09-04,-0.00300991922353876
2013-09-05,-0.0013816292667536206
2013-09-06,-0.0021910066563368687
2013-09-09,-0.0016823753202489236
2013-09-10,0.004124046001804665
2013-09-11,0.00063495601990972
2013-09-12,0.0043283833086007
2013-09-13,-0.0004165308274528709
2013-09-16,-0.0009736926285952107
2013-09-17,-0.002076220630978263
2013-09-18,-0.00825622368198591
2013-09-19,0.001680196556431337
2013-09-20,0.001167766829118051
2013-09-23,-2.2574634282056475e-05
2013-09-24,0.0037844525590393497
2013-09-25,0.0051653766199317285
2013-09-26,-0.001417670471770532
2013-09-27,0.005928591222777418
2013-09-30,0.0009770750782391523
2013-10-01,0.002607801464368005
2013-10-02,-0.002411015811573819
2013-10-03,-0.00010531376627771313
2013-10-04,0.003037760329307092
2013-10-07,-0.004886967681905081
2013-10-08,0.001642104189950217
2013-10-09,-0.00028323334382013743
2013-10-10,0.0077910229798980315
2013-10-11,0.005773101486236309
2013-10-14,-0.00021516092012011762
2013-10-15,0.0026561903721975706
2013-10-16,0.005725442261293831
2013-10-17,-0.0021301589776631367
2013-10-18,0.007493843612460218
2013-10-21,0.002230010060072163
2013-10-22,-0.004447752637959648
2013-10-23,-0.003923645984306954
2013-10-24,0.004546317530942229
2013-10-25,0.0013902043897153396
2013-10-28,-0.010624172446252739
2013-10-29,-0.0026303854410444174
2013-10-30,0.002040392620020758
2013-10-31,0.003298080641798145
2013-11-01,-0.0029275012780523475
2013-11-04,-0.008432145255818447
2013-11-05,0.0012180164097865464
2013-11-06,-0.0017367534951928502
2013-11-07,-0.007413090876086578
2013-11-08,0.0076225836309927976
2013-11-11,-0.0034282476304399036
2013-11-12,-0.003405289143448088
2013-11-13,-0.0018415301075049928
2013-11-14,0.004111400935984226
2013-11-15,-0.005446294178945483
2013-11-18,0.0019458118177934404
2013-11-19,0.0019304223857253314
2013-11-20,-0.004097193761383854
2013-11-21,0.0057396010572342195
2013-11-22,0.0008361478123838045
2013-11-25,0.0031720271152598976
2013-11-26,0.00016066907112491515
2013-11-27,-0.00454796803682781
2013-11-29,-0.0017979781210081887
2013-12-02,0.003169030149002049
2013-12-03,-0.002499161933688632
2013-12-04,-0.003118204873752753
2013-12-05,0.0007855410799900743
2013-12-06,0.0006803481113605915
2013-12-09,-0.0024883018543095346
2013-12-10,0.0006870592714270328
2013-12-11,-0.0002328977642383675
2013-12-12,0.0016209752371906408
2013-12-13,-0.0035224466915670795
2013-12-16,-0.0018698738715385583
2013-12-17,-0.003573920896757096
2013-12-18,0.01009089909243798
2013-12-19,-0.003683545117353504
2013-12-20,-0.0043571218559470245
2013-12-23,0.0030631524661661395
2013-12-24,-0.0024405013031688514
2013-12-26,-0.0008220286621023891
2013-12-27,-0.002884395579333111
2013-12-30,0.0013213467380845897
2013-12-31,-0.0014539497482465157
2014-01-02,-0.0015422168777578743
2014-01-03,-0.0027628163764329937
2014-01-06,-0.0030856177837371703
2014-01-07,0.0045624502947645
2014-01-08,-0.001986950241982694
2014-01-09,0.002873929892901834
2014-01-10,-0.0006263920057793884
2014-01-13,-0.005122446530409193
2014-01-14,0.005187206767262457
2014-01-15,-0.004332528141438926
2014-01-16,0.002546595327564025
2014-01-17,0.006396692961148671
2014-01-21,0.004113822078824719
2014-01-22,0.0017230763897967201
2014-01-23,-0.00618140859715977
2014-01-24,-0.0002180051303389443
2014-01-27,0.0005425386154221689
2014-01-28,0.002621407992762912
2014-01-29,5.26976069929934e-05
2014-01-30,0.009024095913468675
2014-01-31,-0.0044008733047340666
2014-02-03,0.001741936784517432
2014-02-04,0.005109124712044197
2014-02-05,-0.003197168948055565
2014-02-06,-0.0025524128163304785
2014-02-07,0.004685322065866945
2014-02-10,0.0024252750441945297
2014-02-11,-5.526386351082586e-05
2014-02-12,0.0006913954936696945
2014-02-13,0.0014090753131119635
2014-02-14,-4.507345732569733e-05
2014-02-18,0.006185419194352854
2014-02-19,0.003318261819775728
2014-02-20,-4.943270194078262e-06
2014-02-21,0.0022034719045716904
2014-02-24,0.0031548379536730214
2014-02-25,-0.0005013683365296066
2014-02-26,-0.006537442249725261
2014-02-27,0.0021500758223575987
2014-02-28,0.0016650806074614884
2014-03-03,0.0005553021684655441
2014-03-04,-0.0023331001832322946
2014-03-05,-0.004706523335063225
2014-03-06,-0.0039708862972814155
2014-03-07,-0.002129863943143658
2014-03-10,0.0031198216290195505
2014-03-11,-0.0003750126846971253
2014-03-12,-0.0006418698632206067
2014-03-13,-0.0017634900920427555
2014-03-14,-0.0007695101756208078
2014-03-17,0.0015669902363105565
2014-03-18,-0.0020705855547261723
2014-03-19,-0.0024397995593151665
2014-03-20,-0.00513920153473962
2014-03-21,-0.007112103981216035
2014-03-24,-0.0018401460302449903
2014-03-25,-8.810717414365211e-06
2014-03-26,-0.0017459034591487024
2014-03-27,0.006209534046155084
2014-03-28,-0.0035367653959462947
2014-03-31,0.0019345987867767228
2014-04-01,-0.000715713010747137
2014-04-02,9.878973134582253e-05
2014-04-03,-7.07942722136384e-06
2014-04-04,-0.0003363298057267281
2014-04-07,0.00201931719228872
2014-04-08,-0.00396184613326503
2014-04-09,0.007814239574247064
2014-04-10,-0.002607561406727507
2014-04-11,0.0014532037009773143
2014-04-14,0.0010756328548558467
2014-04-15,0.0020956888990351255
2014-04-16,0.002351562888060481
2014-04-17,0.00042616675466148224
2014-04-21,0.002705437835254608
2014-04-22,0.0029490373659057535
2014-04-23,0.0012489961323418994
2014-04-24,-0.002956969888535364
2014-04-25,0.0013976718732610323
2014-04-28,-0.0009316840407243051
2014-04-29,0.003964899485352728
2014-04-30,0.0012501564214275106
2014-05-01,0.0009637024151246457
2014-05-02,-0.002515248868088566
2014-05-05,0.004653839335116019
2014-05-06,0.005283521879426676
2014-05-07,0.006280281357856861
2014-05-08,-0.007830368087167144
2014-05-09,0.003332735936966095
2014-05-12,0.0004524084762368258
2014-05-13,-0.002314461962890372
2014-05-14,0.00029125156720415075
2014-05-15,1.4234838264389725e-05
2014-05-16,-0.003253347230686493
2014-05-19,0.0006323289747994778
2014-05-20,-0.0014469228393903986
2014-05-21,0.0012112244640203708
2014-05-22,0.00035314893367989676
2014-05-23,-0.0037266298030571815
2014-05-27,0.0015581945829771606
2014-05-28,-0.0008965094099422801
2014-05-29,0.0002361215218366106
2014-05-30,0.00013097748650651346
2014-06-02,0.0009484961399503653
2014-06-03,-0.0007292895520413512
2014-06-04,-0.0018047172421301772
2014-06-05,-0.00344447936395198
2014-06-06,-0.002155777054828569
2014-06-09,-0.0006941337610475995
2014-06-10,-0.0014922657747900477
2014-06-11,0.0028838520218925643
2014-06-12,0.0014002972120685721
2014-06-13,-0.0026375393485936005
2014-06-16,-0.0014229056320338106
2014-06-17,-0.006553707468743573
2014-06-18,0.0013309466946291304
2014-06-19,0.002058598880681401
2014-06-20,0.005380402121032304
2014-06-23,-0.0033726077422496256
2014-06-24,-0.0002231645922521985
2014-06-25,0.004592084236663058
2014-06-26,0.0021636050025021264
2014-06-27,-0.0004950281625308217
2014-06-30,-0.0017553482383792624
2014-07-01,-0.0014206121997770201
2014-07-02,-0.0005536534569650716
2014-07-03,-0.00026520742198173997
2014-07-07,-0.0034448650855210903
2014-07-08,0.001089343689625992
2014-07-09,0.0003193086427596466
2014-07-10,-0.0012447227424131429
2014-07-11,-0.004692025982375514
2014-07-14,-0.001115979751828544
2014-07-15,-0.005563752374615395
2014-07-16,0.002110262232664589
2014-07-17,-0.0041837512123544815
2014-07-18,-0.00021487186921073184
2014-07-21,-7.946825602193874e-05
2014-07-22,0.0013479039228968227
2014-07-23,0.0006910396200161135
2014-07-24,-0.0005900657410458118
2014-07-25,0.0022258063002479705
2014-07-28,-0.0029482051632670806
2014-07-29,0.002518666654860792
2014-07-30,-9.298151289531764e-05
2014-07-31,-0.002241635386554178
2014-08-01,0.002418423146967123
2014-08-04,0.002129264873817575
2014-08-05,-0.0017979075252004646
2014-08-06,-0.005201885383476988
2014-08-07,-0.0029333288350711583
2014-08-08,0.0021764156761972598
2014-08-11,-0.0016591191674922067
2014-08-12,-0.0031584986923760615
2014-08-13,0.002605468704836435
2014-08-14,-0.0020754244398651068
2014-08-15,0.0010474040937280746
2014-08-18,-0.0028781808694022014
2014-08-19,0.0006268462310276814
2014-08-20,0.001969713533172677
2014-08-21,-0.003968774811671642
2014-08-22,-0.002434038104562232
2014-08-25,0.003744307597884214
2014-08-26,-0.0011243698476920926
2014-08-27,-0.0025892728453964457
2014-08-28,-0.00039250031204887074
2014-08-29,0.00013247387006005222
2014-09-02,-0.0014389301165027174
2014-09-03,0.003756539510750206
2014-09-04,-0.0063446896789580084
2014-09-05,-0.00017553273413516474
2014-09-08,-0.0008525730056967562
2014-09-09,0.001939575609566876
2014-09-10,-0.0009586901253821411
2014-09-11,-0.001005027432522838
2014-09-12,-0.0019113022445006705
2014-09-15,-0.0004668261904001801
2014-09-16,0.005375458296551716
2014-09-17,-0.0032363550786334706
2014-09-18,-0.0012894114383348826
2014-09-19,-0.00011275358278046975
2014-09-22,-0.0006662964242596309
2014-09-23,0.0003982582464065361
2014-09-24,0.005391153780523442
2014-09-25,-0.001806380385669627
2014-09-26,-0.0015041111240817519
2014-09-29,0.0034441744950408954
2014-09-30,-0.004075826355623917
2014-10-01,-0.001070021404790113
2014-10-02,-0.003727725453611617
2014-10-03,0.005055929121114011
2014-10-06,-0.005408051250591473
2014-10-07,-0.0010004637135428642
2014-10-08,0.0012119779908441879
2014-10-09,-0.0026568396753873075
2014-10-10,0.002143971908913918
2014-10-13,-0.007828632027329823
2014-10-14,-0.010155016250171263
2014-10-15,0.0037704310032387915
2014-10-16,0.01625309877451686
2014-10-17,0.004512109488785894
2014-10-20,-0.0011747544897242398
2014-10-21,0.007762457089749396
2014-10-22,-0.00930112412274225
2014-10-23,0.007163551276382439
2014-10-24,0.0037381277747018287
2014-10-27,-0.002379735408511203
2014-10-28,0.0030217323284178585
2014-10-29,-0.0010358726337297813
2014-10-30,0.005809833339561996
2014-10-31,-0.0002363446500984043
2014-11-03,-0.002890746507617395
2014-11-04,-0.0023569559706094006
2014-11-05,-0.0002836832601457195
2014-11-06,-0.00033932607744520307
2014-11-07,-0.005565415256218651
2014-11-10,0.0015432183081125475
2014-11-11,-0.0020896288414832443
2014-11-12,-0.0020730056822326607
2014-11-13,-0.0034038449524474283
2014-11-14,-0.005433912198142665
2014-11-17,0.0013741718838977588
2014-11-18,0.002776510637239304
2014-11-19,0.001391469093582971
2014-11-20,-0.004162642581285936
2014-11-21,0.001984778050995498
2014-11-24,0.002936803169716603
2014-11-25,-0.0010695651243953323
2014-11-26,-0.0017879095012855674
2014-11-28,-0.004477784220761771
2014-12-01,0.00367736258914272
2014-12-02,0.00458064633743766
2014-12-03,5.770042264684407e-05
2014-12-04,-0.00029635653200845097
2014-12-05,0.0017225496662092018
2014-12-08,0.0032993349832509218
2014-12-09,1.3904130970683701e-05
2014-12-10,-0.00040979274513910046
2014-12-11,0.00022316765527248016
2014-12-12,0.003028984697992976
2014-12-15,0.0040785843873263035
2014-12-16,-0.003291494451371109
2014-12-17,-0.006026209848774717
2014-12-18,0.0039428646040257295
2014-12-19,0.0023601900458680098
2014-12-22,-0.006319232928247188
2014-12-23,-0.004226987434669177
2014-12-24,0.0008613816251826761
2014-12-26,-0.0004446038561258854
2014-12-29,-0.0003457785773985889
2014-12-30,-0.0030673344825552554
2014-12-31,-0.000850493097080863
2015-01-02,-0.0015217342188771563
2015-01-05,0.010208771845689062
2015-01-06,0.004785072268036502
2015-01-07,0.002421320860137047
2015-01-08,0.0010548586865414137
2015-01-09,-0.0005763179093217505
2015-01-12,0.00771190278438457
2015-01-13,0.0015733485279668406
2015-01-14,-0.004378072545651447
2015-01-15,-0.002833806790539687
2015-01-16,-0.013650020866068301
2015-01-20,0.004188717567085745
2015-01-21,-0.010549841038251248
2015-01-22,0.009585013436894602
2015-01-23,0.0024913937822786
2015-01-26,-0.010619755100985883
2015-01-27,-0.012635831293904432
2015-01-28,0.019356707170811602
2015-01-29,0.010228063849088044
2015-01-30,-0.01810222171565069
2015-02-02,-0.018256255244918924
2015-02-03,-0.011690384229500141
2015-02-04,0.017370005129591398
2015-02-05,-0.006050590988557193
2015-02-06,-0.0003242310446431924
2015-02-09,-0.011123495092544868
2015-02-10,0.017481417408049225
2015-02-11,0.009383103090736105
2015-02-12,0.0013830313685544784
2015-02-13,-0.015443668693433067
2015-02-17,-0.0018792302109696762
2015-02-18,0.007741704169246543
2015-02-19,0.005269830815920387
2015-02-20,0.0086624503625407
2015-02-23,0.006316766728795795
2015-02-24,0.0016729554450622334
2015-02-25,-0.002017049780226474
2015-02-26,0.01702759820652014
2015-02-27,-7.86822046707973e-05
2015-03-02,0.007362846466250597
2015-03-03,-0.006368368439978516
2015-03-04,-9.380147136679448e-05
2015-03-05,0.010761187196647572
2015-03-06,0.0055467574983826505
2015-03-09,0.014830386306241153
2015-03-10,-0.0007885333635892617
2015-03-11,-0.0033894056627957816
2015-03-12,0.01512954514632525
2015-03-13,0.003333871454303005
2015-03-16,0.0013381249728523312
2015-03-17,0.0034841463299190413
2015-03-18,-0.01745468959372006
2015-03-19,0.015849772310747186
2015-03-20,-0.009186927023302954
2015-03-23,-0.004233159796814008
2015-03-24,0.003620862555191815
2015-03-25,-0.025486923333041967
2015-03-26,-0.00011269452020053077
2015-03-27,0.00809100632770109
2015-03-30,-0.00442805671307814
2015-03-31,-0.00091057420647477
2015-04-01,-0.005588483276468946
2015-04-02,-0.003152548547558758
2015-04-06,-0.014238083392109534
2015-04-07,-0.0011902591965648511
2015-04-08,0.010450807424576948
2015-04-09,-0.010495442594096176
2015-04-10,0.0012854062577363225
2015-04-13,0.005143425737324731
2015-04-14,-0.015447384646538886
2015-04-15,-0.022636265641434495
2015-04-16,0.00731072428967966
2015-04-17,-0.0011965753370323728
2015-04-20,0.0031921119214766112
2015-04-21,0.015907504372931654
2015-04-22,-0.0011005566205037772
2015-04-23,-0.005488370451502095
2015-04-24,0.005938757771114476
2015-04-27,-0.0052845028156698
2015-04-28,-0.007001072062982399
2015-04-29,-0.011035465391859636
2015-04-30,-0.014147836962920591
2015-05-01,0.003613525339362474
2015-05-04,0.0030451196644439987
2015-05-05,-0.0012039125199055458
2015-05-06,0.004119619799706139
2015-05-07,0.009793917946831371
2015-05-08,-0.00721966280141573
2015-05-11,0.008235263472103304
2015-05-12,-0.004692450136789726
2015-05-13,0.004675660119354551
2015-05-14,0.010710229670375496
2015-05-15,-0.0031915113284017643
2015-05-18,0.006448718212128514
2015-05-19,0.01080849750349269
2015-05-20,-0.004181260495349169
2015-05-21,-0.008006394752975087
2015-05-22,0.004647809344599909
2015-05-26,0.0009280515480405801
2015-05-27,0.0079801415349109
2015-05-28,0.005971426680536721
2015-05-29,-0.00010309982225693762
2015-06-01,0.007370825072342113
2015-06-02,-0.008468835904297955
2015-06-03,0.00687123631294438
2015-06-04,0.0034550640072655617
2015-06-05,-0.0021479775108961966
2015-06-08,-0.00289519678205403
2015-06-09,-0.00039904266173362667
2015-06-10,0.0024184878505207692
2015-06-11,0.006514311592918441
2015-06-12,0.0035036353197525345
2015-06-15,0.0011890192871548098
2015-06-16,-0.0011422584537078375
2015-06-17,0.0011731328129038234
2015-06-18,0.007162227991460868
2015-06-19,0.0020131614329325655
2015-06-22,0.002321089472869627
2015-06-23,0.0014374781778960567
2015-06-24,0.0028438684223119214
2015-06-25,0.00890858203178293
2015-06-26,-0.005786520303387228
2015-06-29,-0.0010666988193728506
2015-06-30,0.003635196134192632
2015-07-01,0.011486385605444986
2015-07-02,-0.0037139733075495177
2015-07-06,0.009401824773788035
2015-07-07,-0.00813096850266256
2015-07-08,0.004373005763546519
2015-07-09,-0.003186442130842479
2015-07-10,0.01375575918220172
2015-07-13,0.007210317588178008
2015-07-14,-0.004069267091773769
2015-07-15,0.008750044194985847
2015-07-16,0.009869826476396146
2015-07-17,0.015635274013772536
2015-07-20,0.010460673236732687
2015-07-21,-0.0004452361223667088
2015-07-22,0.011644734724202785
2015-07-23,0.0020744638856511214
2015-07-24,0.01833635282218915
2015-07-27,0.0004941040948122686
2015-07-28,-0.01889389113556439
2015-07-29,0.0015530276048863454
2015-07-30,0.00017015911377917745
2015-07-31,0.014165882634481451
2015-08-03,0.01371962868766817
2015-08-04,0.0067187023100814995
2015-08-05,0.013950736653053292
2015-08-06,-0.020080860832061988
2015-08-07,0.005304115921447957
2015-08-10,-0.02220715739142911
2015-08-11,0.009041360864309022
2015-08-12,-0.006183099634449576
2015-08-13,0.017414235763407664
2015-08-14,0.005771129175769743
2015-08-17,-0.00017559773996505686
2015-08-18,0.0035212809853107712
2015-08-19,0.007849498861280783
2015-08-20,-0.002784577673281803
2015-08-21,-0.011079470448551782
2015-08-24,0.0025814891318556763
2015-08-25,0.011084953890260619
2015-08-26,0.012916978787498241
2015-08-27,-0.03590543518326869
2015-08-28,-0.01153671645785368
2015-08-31,-0.015958440191731937
2015-09-01,0.00498211960564503
2015-09-02,0.009034815801454153
2015-09-03,-0.003493576816871126
2015-09-04,0.002288576445930997
2015-09-08,-0.0006993199340223874
2015-09-09,0.0024093769128645634
2015-09-10,0.0005235926881020305
2015-09-11,0.0052662884536710496
2015-09-14,-0.008008827616245173
2015-09-15,0.0014576600180624438
2015-09-16,-0.018791844997324277
2015-09-17,0.008167515398738572
2015-09-18,0.008182756410454189
2015-09-21,0.00841061662692275
2015-09-22,0.002990178515212187
2015-09-23,0.016978511340648563
2015-09-24,-0.0026053534018543336
2015-09-25,-0.0011621712010206537
2015-09-28,0.0029871356965038044
2015-09-29,-0.0071969112262634275
2015-09-30,-0.006443331675261692
2015-10-01,0.009016337011940528
2015-10-02,-0.023659352852870567
2015-10-05,-0.00899520147354636
2015-10-06,-0.021625409617372148
2015-10-07,-0.005547324655867014
2015-10-08,-0.005592472952661691
2015-10-09,0.008997744965107642
2015-10-12,0.020741948633036286
2015-10-13,0.0013345036510410049
2015-10-14,-0.014691033076137571
2015-10-15,0.000888868533538175
2015-10-16,0.006210139528876594
2015-10-19,0.011992588684498543
2015-10-20,-0.00415585710813749
2015-10-21,0.004139336841437947
2015-10-22,0.0019980828172691243
2015-10-23,-0.0008915197104978347
2015-10-26,0.011259146248280422
2015-10-27,0.006175868680794645
2015-10-28,-0.0033176794680419516
2015-10-29,0.002386259691363092
2015-10-30,0.0028681195214872624
2015-11-02,-0.007618200663404613
2015-11-03,-0.004896113219809039
2015-11-04,0.004520440563400873
2015-11-05,0.006425635976404048
2015-11-06,0.00413462063790655
2015-11-09,-0.0077800049682390515
2015-11-10,0.005481703685632735
2015-11-11,0.009781577632047305
2015-11-12,0.005928164407750935
2015-11-13,-0.013938438683915885
2015-11-16,-0.007331290040908252
2015-11-17,0.010490353439882577
2015-11-18,-0.000973813207211115
2015-11-19,0.009331109783578484
2015-11-20,0.011500952131789675
2015-11-23,0.005711618037795333
2015-11-24,-0.01104231307740943
2015-11-25,-0.0016225548756389823
2015-11-27,0.008392549796938589
2015-11-30,-0.004022751678924915
2015-12-01,-0.0014141210599816182
2015-12-02,0.004003839318942529
2015-12-03,0.006523548748490667
2015-12-04,0.016585528411735977
2015-12-07,-0.011024748998009827
2015-12-08,0.00722665076467928
2015-12-09,-0.01672957554508576
2015-12-10,-0.005858489239873063
2015-12-11,-0.0005061237987566584
2015-12-14,0.012105385349796051
2015-12-15,0.003375922303227494
2015-12-16,0.0019580043915825556
2015-12-17,0.01367280394921223
2015-12-18,-0.011748002123332546
2015-12-21,-0.0011033558019763927
2015-12-22,-0.0049348622744951175
2015-12-23,-0.020900604781387794
2015-12-24,-0.00020784291310751028
2015-12-28,0.006865521969128894
2015-12-29,-0.0013657371381714419
2015-12-30,0.008836012272114018
2015-12-31,-0.010598847126383726
2016-01-04,-0.008018089357417595
2016-01-05,-0.006490335707822799
2016-01-06,0.02277233362690165
2016-01-07,0.006806013476860779
2016-01-08,-0.004882094354982415
2016-01-11,0.022708635202565434
2016-01-12,0.02109663051479146
2016-01-13,-0.011026974712909924
2016-01-14,-0.013150089952025297
2016-01-15,-0.006740943700292298
2016-01-19,0.010855376153375439
2016-01-20,-0.006633532697058443
2016-01-21,-0.032392129708678274
2016-01-22,-0.004658158844716224
2016-01-25,0.010973688629242808
2016-01-26,-0.018344647063232467
2016-01-27,-0.014587593267527035
2016-01-28,-0.017594192310886134
2016-01-29,-0.0019055299120310858
2016-02-01,0.009089028318961403
2016-02-02,0.012435768002325093
2016-02-03,-0.019710791852728827
2016-02-04,-0.005814095240512796
2016-02-05,-0.004485144935650164
2016-02-08,0.00833518536632723
2016-02-09,0.01607767031848582
2016-02-10,-0.00024014585543753655
2016-02-11,-0.00019072860954818843
2016-02-12,-0.025040583336612594
2016-02-16,0.000700011514008475
2016-02-17,-0.014308146935169951
2016-02-18,0.006534571589437006
2016-02-19,0.016010543155685616
2016-02-22,-0.013280444253142107
2016-02-23,0.02073497961950123
2016-02-24,-0.0031617174709443275
2016-02-25,0.0044776888081211694
2016-02-26,-0.009192261398762433
2016-02-29,0.0021397703466164418
2016-03-01,0.002768862703988401
2016-03-02,-0.03307473209357472
2016-03-03,-0.023029280290943022
2016-03-04,-0.018342226766242094
2016-03-07,-0.0051538069466250825
2016-03-08,0.029540977565721167
2016-03-09,-0.000999281752332506
2016-03-10,-0.00010450435238295067
2016-03-11,-0.015847295197011658
2016-03-14,0.0016351482521893732
2016-03-15,0.004441925665560654
2016-03-16,-0.01528146578578784
2016-03-17,-0.01335032323136648
2016-03-18,0.0036245817141870845
2016-03-21,0.003663024411384224
2016-03-22,-0.0023329776941544934
2016-03-23,0.022897589275840742
2016-03-24,-0.006738654762546266
2016-03-28,0.005119831665720138
2016-03-29,0.0014707756190999774
2016-03-30,1.2352314042452477e-05
2016-03-31,-0.0107667434816885
2016-04-01,0.011361857918869152
2016-04-04,0.004325138758482371
2016-04-05,-0.0019028383758322124
2016-04-06,-0.008404457167633432
2016-04-07,-0.0030690439826784985
2016-04-08,-0.01756855780424684
2016-04-11,-0.009427514861404545
2016-04-12,-0.034218689953617855
2016-04-13,-0.0009663806341654289
2016-04-14,-0.005981949638715221
2016-04-15,0.0052077184595494186
2016-04-18,-0.006661885105227627
2016-04-19,-0.018210913864064822
2016-04-20,-0.008797818074778772
2016-04-21,0.004785481545986795
2016-04-22,-0.021634670939968882
2016-04-25,0.00963539999629183
2016-04-26,-0.01042745189532623
2016-04-27,-0.015624793055277865
2016-04-28,0.004261398431721107
2016-04-29,-0.017641492164655496
2016-05-02,0.012402287238088918
2016-05-03,0.01969953287821118
2016-05-04,0.00867948836046494
2016-05-05,-0.0030184241207388564
2016-05-06,0.017496550253876662
2016-05-09,0.021971037756002707
2016-05-10,-0.013770513170684277
2016-05-11,-0.008440753901529638
2016-05-12,0.000612007370722894
2016-05-13,0.004217323833584147
2016-05-16,-0.00016105718519232506
2016-05-17,-0.01488827813518748
2016-05-18,0.0020723684261619284
2016-05-19,-0.0015835281393176417
2016-05-20,0.005955277034639724
2016-05-23,-4.186939812073637e-05
2016-05-24,0.0012014689534727068
2016-05-25,-0.01129178098217853
2016-05-26,0.010343329299354812
2016-05-27,0.005350573979021121
2016-05-31,-0.00566449087938652
2016-06-01,-0.0042223257411175006
2016-06-02,-0.0007063401271523957
2016-06-03,0.004970644863005657
2016-06-06,-0.022797247667949192
2016-06-07,-0.002893912470146608
2016-06-08,-0.0009576682930292151
2016-06-09,0.004423172502680052
2016-06-10,0.022291170810610047
2016-06-13,0.0009872311051714786
2016-06-14,0.00450498966097382
2016-06-15,-0.0014936660013965418
2016-06-16,0.010774893350086563
2016-06-17,-0.012645210244747985
2016-06-20,-0.008948188288497125
2016-06-21,-0.0018539068324650932
2016-06-22,0.003963984903145084
2016-06-23,-0.009293471498102572
2016-06-24,0.013232238988304279
2016-06-27,0.0167703831049302
2016-06-28,-0.025106359312202786
2016-06-29,-0.00343540133188055
2016-06-30,0.004346784439812461
2016-07-01,-0.010256908712590076
2016-07-05,0.01361924374973254
2016-07-06,-0.0037140371844170115
2016-07-07,-0.003630612657990616
2016-07-08,-0.0011391770111850075
2016-07-11,0.001220413230529872
2016-07-12,-0.018396118236178993
2016-07-13,0.00551966154690915
2016-07-14,-0.006236786896462695
2016-07-15,0.005751509211000182
2016-07-18,-0.0054900559376403
2016-07-19,-0.0013959384195954554
2016-07-20,-0.0060452957591555
2016-07-21,0.0022609832714067064
2016-07-22,-0.0029418000771317333
2016-07-25,-0.0012746310180433177
2016-07-26,0.0001209084025720687
2016-07-27,0.003513293696446563
2016-07-28,-0.0002519445085905803
2016-07-29,-0.0017786347824195864
2016-08-01,0.0037053598163131383
2016-08-02,0.007797017895984
2016-08-03,-0.01011574653923603
2016-08-04,0.0010141267660595085
2016-08-05,-0.0007129738247031665
2016-08-08,-0.0022520486009214007
2016-08-09,-0.006077178084756203
2016-08-10,0.0041206203436853295
2016-08-11,-0.004831493752646786
2016-08-12,-0.004864908812490074
2016-08-15,-0.0066539425277835195
2016-08-16,-0.004830348391264292
2016-08-17,0.006649667590437995
2016-08-18,-0.0056646092662450435
2016-08-19,-0.002860046891938372
2016-08-22,0.0003037218260334994
2016-08-23,-0.007653894613629259
2016-08-24,0.000966420061710395
2016-08-25,-0.0034757458657951484
2016-08-26,-0.0006469750458238327
2016-08-29,0.0034762146602726274
2016-08-30,-0.003457005390736536
2016-08-31,-0.0005719156822940792
2016-09-01,0.0034996892541933533
2016-09-02,0.0008812431537889003
2016-09-06,0.0025671190078283023
2016-09-07,-0.001469824030053824
2016-09-08,-0.007867678013199729
2016-09-09,-0.003258677619315641
2016-09-12,0.0025440210249383006
2016-09-13,0.0025622845568565554
2016-09-14,0.002262905519155594
2016-09-15,0.002215749486082274
2016-09-16,-0.0006388815919760695
2016-09-19,0.003028677169333782
2016-09-20,0.00256903060895273
2016-09-21,0.004114115383169555
2016-09-22,-0.0019678072792036205
2016-09-23,-0.005867781529488026
2016-09-26,0.0020291248909030694
2016-09-27,0.002043530296427558
2016-09-28,0.008444654893444018
2016-09-29,0.008792526952958587
2016-09-30,0.005437064700646214
2016-10-03,-0.002834404939914563
2016-10-04,-0.0035118495804585866
2016-10-05,0.00012461526792184602
2016-10-06,-0.0030746373481123856
2016-10-07,0.0032810033672268702
2016-10-10,-0.0007061285810531786
2016-10-11,0.00019439493632425107
2016-10-12,0.0006173688483568943
2016-10-13,-0.0039111270844800665
2016-10-14,-0.003058613728021308
2016-10-17,0.005167580827885969
2016-10-18,0.003864531661165587
2016-10-19,0.0013228745429638986
2016-10-20,-0.005844876354199207
2016-10-21,-0.0019325457187446527
2016-10-24,0.0012702757328148975
2016-10-25,-0.0038892306626544648
2016-10-26,0.0006880746259235596
2016-10-27,-0.004746912866328394
2016-10-28,-0.0015728822349966184
2016-10-31,0.00496782641468555
2016-11-01,0.0031539202790045883
2016-11-02,-0.003947591940038344
2016-11-03,0.001434640400533855
2016-11-04,-0.0018262686817934462
2016-11-07,0.0007317756937802183
2016-11-08,0.011937980977418813
2016-11-09,-0.005881842094400983
2016-11-10,-0.008232486734279992
2016-11-11,-0.0024766247033999964
2016-11-14,-0.005407126523658409
2016-11-15,0.008386012458409272
2016-11-16,4.24870213017895e-05
2016-11-17,-0.006815835714318383
2016-11-18,0.00213845520919812
2016-11-21,0.008016756666208527
2016-11-22,0.0006470021854362301
2016-11-23,0.000935819233717141
2016-11-25,-0.0055962390698223495
2016-11-28,-0.0011429884566801747
2016-11-29,-0.007237778453000222
2016-11-30,0.016011991059161044
2016-12-01,-0.004442787344159788
2016-12-02,0.0009383356425164333
2016-12-05,-0.00257230828743709
2016-12-06,0.00038362687299417925
2016-12-07,-0.005210434618504593
2016-12-08,0.0008242226655766622
2016-12-09,-0.00529786773557334
2016-12-12,0.00673703495617003
2016-12-13,5.8580140681860473e-05
2016-12-14,-0.005561429927808285
2016-12-15,-0.004439378461112981
2016-12-16,-0.002269430653398716
2016-12-19,-0.00014899916039504607
2016-12-20,-0.000742161583732187
2016-12-21,0.0022765352557912945
2016-12-22,-0.00040381602187331564
2016-12-23,-0.0033062171100502954
2016-12-27,0.000855363447641347
2016-12-28,-0.0026283358622262477
2016-12-29,-0.0017044468663626822
2016-12-30,-0.002563451003671131
2017-01-03,0.009129533654535477
2017-01-04,0.004523895592432669
2017-01-05,0.003988632880776222
2017-01-06,-0.005138441457678459
2017-01-09,-2.7457202178062735e-05
2017-01-10,0.00792618267628997
2017-01-11,-0.014353495547329688
2017-01-12,0.00028786230750345825
2017-01-13,-0.002817577526711169
2017-01-17,0.004894326110829073
2017-01-18,-0.0031652253732762266
2017-01-19,-0.01357847636014266
2017-01-20,-0.007319957020098126
2017-01-23,-0.003697172464759018
2017-01-24,-0.00740113896642813
2017-01-25,-0.0032907068056618714
2017-01-26,-0.010396349481473987
2017-01-27,-0.004520959856934984
2017-01-30,0.005573137886742184
2017-01-31,0.0059532662985341475
2017-02-01,-0.00027151945135195745
2017-02-02,0.0013613739260287005
2017-02-03,-0.004578046135686049
2017-02-06,0.000744862385600001
2017-02-07,-0.001641727011976092
2017-02-08,0.004029221220541317
2017-02-09,0.004346595541261181
2017-02-10,-0.00347165156694623
2017-02-13,-0.0008055006299710492
2017-02-14,0.00653863918218885
2017-02-15,0.00921601562877307
2017-02-16,-0.004703455889567667
2017-02-17,0.0019206006290856431
2017-02-21,-0.0016708862633309683
2017-02-22,-0.002090104302285207
2017-02-23,0.006015547911571459
2017-02-24,0.0007079542589497745
2017-02-27,-0.0011006887274233113
2017-02-28,-0.006204971682247303
2017-03-01,-0.00842527326360172
2017-03-02,0.004762288353025735
2017-03-03,-0.004644299991805179
2017-03-06,-0.0051191660442516185
2017-03-07,-0.010810958016622005
2017-03-08,0.0036943063728961346
2017-03-09,0.0009651631364350059
2017-03-10,-0.0009993729045654491
2017-03-13,-0.003635228246992096
2017-03-14,-9.271968747817842e-05
2017-03-15,0.002205429091275548
2017-03-16,-0.001163135166317041
2017-03-17,-0.003611061391418534
2017-03-20,-0.0017096586699602437
2017-03-21,0.005968102216778407
2017-03-22,-0.002319972507524804
2017-03-23,-0.0007922756473210979
2017-03-24,0.0012061592946655368
2017-03-27,0.006054362733933086
2017-03-28,-0.0033814699004531042
2017-03-29,0.013573860675636696
2017-03-30,-0.005828017468486344
2017-03-31,0.0004356303159120112
2017-04-03,-0.004997441453969824
2017-04-04,0.0010396373822570118
2017-04-05,0.00013284992409011946
2017-04-06,0.0008091493730360593
2017-04-07,0.002061900285513805
2017-04-10,0.004601754272719877
2017-04-11,4.01392227594228e-05
2017-04-12,0.004217440701853482
2017-04-13,0.003690837893610171
2017-04-17,-0.007304819351420047
2017-04-18,-0.0032771694392649967
2017-04-19,0.0017833701679870826
2017-04-20,-0.003411722895885202
2017-04-21,-0.0020808206558517767
2017-04-24,-0.003905670210064059
2017-04-25,-0.00963940755407602
2017-04-26,0.0058163946135239035
2017-04-27,0.00429391052885128
2017-04-28,0.0011276219446907008
2017-05-01,-0.006872296894256918
2017-05-02,9.717397962299192e-05
2017-05-03,0.0008101137756173107
2017-05-04,0.0003055251609493726
2017-05-05,-0.00033284706436840144
2017-05-08,-0.00015463330213428734
2017-05-09,0.0005187712731169748
2017-05-10,-0.005410456041930805
2017-05-11,-0.0018528051654749678
2017-05-12,-0.0071227153250108975
2017-05-15,-0.0036499522861940963
2017-05-16,-0.010155474572497198
2017-05-17,0.011979645936932262
2017-05-18,-0.0034721255561467232
2017-05-19,-0.0003994767020286456
2017-05-22,-0.004154353139990844
2017-05-23,-0.008377052021308172
2017-05-24,-0.008870731802947786
2017-05-25,-0.0068586413099655475
2017-05-26,-0.00099017261058519
2017-05-30,-0.003383490474266306
2017-05-31,-0.00021060424632899868
2017-06-01,0.008239305020791067
2017-06-02,-0.004936608642556518
2017-06-05,-0.0010031053715482176
2017-06-06,-0.002047884112586535
2017-06-07,-0.009352595599929424
2017-06-08,-0.0025204151765951485
2017-06-09,0.02886372407240067
2017-06-12,0.009615985117165526
2017-06-13,-0.005602274103220394
2017-06-14,0.0004014044680137381
2017-06-15,-0.015105719427273361
2017-06-16,-0.011001930514638497
2017-06-19,-0.006525771104838494
2017-06-20,-0.0014655047042325883
2017-06-21,-0.004101272427015771
2017-06-22,0.006628841936877035
2017-06-23,-0.00020765425740187704
2017-06-26,0.007975456886348629
2017-06-27,0.004995452953723339
2017-06-28,-0.0045067242494090986
2017-06-29,0.008342420308224387
2017-06-30,0.005878709489352053
2017-07-03,0.012551499085259855
2017-07-05,-0.02116322743138413
2017-07-06,-0.010255185296238978
2017-07-07,-0.009652053638410695
2017-07-10,-0.004743040823786702
2017-07-11,-0.0008193175922800102
2017-07-12,-0.005841651084359461
2017-07-13,0.00733869689289511
2017-07-14,0.0003064857418243841
2017-07-17,0.0013276700033060262
2017-07-18,-0.009238708244315904
2017-07-19,0.004369449418620641
2017-07-20,0.0014915828170217068
2017-07-21,-0.0034074282339211573
2017-07-24,-0.00546006086239217
2017-07-25,0.012932095623074147
2017-07-26,-0.0030832172997362008
2017-07-27,0.013564434396518178
2017-07-28,0.0020151741939208093
2017-07-31,0.006947969175172089
2017-08-01,-0.007449214159534312
2017-08-02,-0.004284282542629703
2017-08-03,-0.010561004771798933
2017-08-04,0.001052608663902561
2017-08-07,-0.0070736654507627785
2017-08-08,0.0012839928127954337
2017-08-09,0.00014895912095567353
2017-08-10,0.001565663125166417
2017-08-11,-0.004759645711184067
2017-08-14,-0.012452185401696904
2017-08-15,-0.00842532944786897
2017-08-16,-0.003420632103070649
2017-08-17,0.0023756709024914716
2017-08-18,-0.002863728264544881
2017-08-21,-0.0027283553748825534
2017-08-22,-0.005837642921228651
2017-08-23,0.0039126874402694925
2017-08-24,-0.002480058016443978
2017-08-25,0.007740492270483533
2017-08-28,-0.004290983447725866
2017-08-29,-0.006024952743955593
2017-08-30,-0.003862658072326471
2017-08-31,9.311199835520819e-05
2017-09-01,0.00670317807623508
2017-09-05,0.007310062801854271
2017-09-06,0.010771486499110772
2017-09-07,-0.0038351226580600776
2017-09-08,-0.008691534387372482
2017-09-11,-0.0038818214553752233
2017-09-12,0.009029166247999517
2017-09-13,0.011935606908327661
2017-09-14,0.00019432770248556183
2017-09-15,0.001582802987476778
2017-09-18,-0.0031128739953953572
2017-09-19,-0.004347317182892252
2017-09-20,0.005988047899685841
2017-09-21,0.004231201920551166
2017-09-22,0.006526892372394527
2017-09-25,0.022687305796770103
2017-09-26,-0.001182606527669402
2017-09-27,-0.004603256127884145
2017-09-28,-0.008730661609770717
2017-09-29,-0.005789951658745826
2017-10-02,0.002360691033617013
2017-10-03,-0.0007375013183044673
2017-10-04,0.0022544920304806604
2017-10-05,-0.001709513056779935
2017-10-06,-0.009921627677182668
2017-10-09,-0.00793375519864737
2017-10-10,0.0010829122569328922
2017-10-11,-0.003934291269545594
2017-10-12,-0.006092739137387231
2017-10-13,-0.00011296579415314193
2017-10-16,-0.0020093012830431738
2017-10-17,0.0004255101744654634
2017-10-18,-0.0044766200583878325
2017-10-19,0.0005272550060661347
2017-10-20,0.0004934098140332107
2017-10-23,-0.005950908573529324
2017-10-24,-0.004757785591671399
2017-10-25,-0.006452016317771625
2017-10-26,-0.0043683418597934304
2017-10-27,-0.007728081122074177
2017-10-30,0.0018265298365885225
2017-10-31,-0.01208257663173723
2017-11-01,0.0077456103571557
2017-11-02,-0.006891968051303101
2017-11-03,0.00023606538985598613
2017-11-06,0.01567968113488413
2017-11-07,-0.00044004116678093765
2017-11-08,-0.0007970476654136713
2017-11-09,0.012625383299012012
2017-11-10,-0.0012360288509885896
2017-11-13,-0.008499045869478784
2017-11-14,-0.014362739335102908
2017-11-15,0.0011424702700054527
2017-11-16,-0.006639776182929182
2017-11-17,0.017661229937305702
2017-11-20,-0.00879255339981587
2017-11-21,-0.009817933868547485
2017-11-22,0.010259441748621206
2017-11-24,-0.005871472619688403
2017-11-27,-0.008062072521505162
2017-11-28,0.006700569413731864
2017-11-29,0.030599258523752795
2017-11-30,-0.0016507883547899542
2017-12-01,0.0077882857499326635
2017-12-04,0.02220057309283133
2017-12-05,-0.010989841151282535
2017-12-06,-0.0120349910166466
2017-12-07,-0.0036625689312660597
2017-12-08,0.0053784028051785905
2017-12-11,0.00475324070649743
2017-12-12,0.003176506644164298
2017-12-13,-0.006324597744484755
2017-12-14,-0.0010524667616605373
2017-12-15,0.0008363784996344333
2017-12-18,0.006102596704812306
2017-12-19,0.0022167909947765894
2017-12-20,0.005070671271008805
2017-12-21,0.014039304477676342
2017-12-22,0.001499108010709421
2017-12-26,0.007655640799255017
2017-12-27,-0.007629273337875266
2017-12-28,0.0006953823378183871
2017-12-29,-0.0013022351567460414
2018-01-02,-0.010135458548736155
2018-01-03,-0.007173580897990485
2018-01-04,0.0021901648026820954
2018-01-05,-0.002526671499425998
2018-01-08,-0.003851230710925869
2018-01-09,0.0061590559978089605
2018-01-10,0.0033186671462452195
2018-01-11,-4.9092780606701576e-05
2018-01-12,0.0024107872512151565
2018-01-16,-0.002567505302084606
2018-01-17,7.283517876182196e-06
2018-01-18,-0.0013311495076533556
2018-01-19,0.0034343955649552174
2018-01-22,0.0020542742836744676
2018-01-23,-0.004516927987828494
2018-01-24,0.004161321915947965
2018-01-25,0.0012080234317695387
2018-01-26,-0.0008477453194123724
2018-01-29,-0.001886190068869928
2018-01-30,-0.0031383746540373067
2018-01-31,-0.0030917808367807056
2018-02-01,0.006229818363839537
2018-02-02,-0.002313201569960107
2018-02-05,-0.0050191341547631855
2018-02-06,-0.0037836680953899243
2018-02-07,0.0028535883113240466
2018-02-08,-0.0013474955592966738
2018-02-09,0.0037100278214361286
2018-02-12,0.0022876366897556
2018-02-13,0.0014664493312221095
2018-02-14,0.0005220635036521982
2018-02-15,-0.003207754655157068
2018-02-16,-0.007610441347186871
2018-02-20,-0.00036112941681466413
2018-02-21,0.003556900714623953
2018-02-22,0.006592082503901535
2018-02-23,-0.0013116035307991847
2018-02-26,-0.0026519356366598705
2018-02-27,0.0004581820820786847
2018-02-28,-0.005279159797423801
2018-03-01,-0.0041562669199751425
2018-03-02,-0.0018727038867104948
2018-03-05,-0.005270661432199393
2018-03-06,-0.004281272436326721
2018-03-07,-0.0003123122339782902
2018-03-08,-0.001855155686950183
2018-03-09,0.003952273306431843
2018-03-12,-0.005742339950499364
2018-03-13,0.004170430600620461
2018-03-14,-0.0030618344160780616
2018-03-15,0.0022535955114125787
2018-03-16,0.0023122294369676125
2018-03-19,0.002625050657474752
2018-03-20,0.0070356135802486066
2018-03-21,-0.002915524563570318
2018-03-22,-0.0064536615207743874
2018-03-23,0.0007357406538826307
2018-03-26,0.0003894603380024213
2018-03-27,-0.0007666942207948408
2018-03-28,-0.0013074690817785981
2018-03-29,0.003931420633667145
2018-04-02,0.002679148656899013
2018-04-03,0.0018601060624116668
2018-04-04,-0.0045598951988616125
2018-04-05,0.006291653498118358
2018-04-06,-0.0029164210246433644
2018-04-09,0.000668672812136435
2018-04-10,-0.004410594018455721
2018-04-11,-0.0061859043045414085
2018-04-12,0.0005242768742988503
2018-04-13,-0.004196773823170569
2018-04-16,0.00017544098965816126
2018-04-17,-0.007916894588271118
2018-04-18,0.01136148982286897
2018-04-19,0.009412353034488995
2018-04-20,0.0016548955636738133
2018-04-23,-0.0005652438307662782
2018-04-24,0.0033338810411925987
2018-04-25,-0.0041037068963378645
2018-04-26,0.001072948504628444
2018-04-27,0.003223245340339304
2018-04-30,-0.0012518175700643056
2018-05-01,-0.00011166185737156273
2018-05-02,-0.0031437120808464115
2018-05-03,-0.0017035616924475497
2018-05-04,-0.005292404725654214
2018-05-07,-0.002203466167259529
2018-05-08,0.0014596935118654484
2018-05-09,-0.004073530154421322
2018-05-10,-0.002902491209214468
2018-05-11,0.004581336806945568
2018-05-14,0.001518359747207757
2018-05-15,0.00432597213380887
2018-05-16,0.00253137345046352
2018-05-17,0.007039266582152999
2018-05-18,0.003995515963856817
2018-05-21,-0.0038435784895644726
2018-05-22,-0.0054798094292910875
2018-05-23,-0.003928472983433917
2018-05-24,-0.001334458579329714
2018-05-25,-0.001019580860444005
2018-05-29,-0.008357320567184098
2018-05-30,0.004589377604542769
2018-05-31,0.0011318744896554
2018-06-01,0.00218802820072115
2018-06-04,0.0048967522007381595
2018-06-05,0.0009346668446828219
2018-06-06,0.004493855825615375
2018-06-07,0.00019623052416295667
2018-06-08,-0.0031260009714328403
2018-06-11,0.005714210690954132
2018-06-12,-0.000296819260060892
2018-06-13,0.0016824771363563769
2018-06-14,-0.0017419269591008174
2018-06-15,-0.0017198191490941919
2018-06-18,0.006170674812730016
2018-06-19,-0.005840329519114631
2018-06-20,8.38279548704554e-06
2018-06-21,-0.0014016956357212338
2018-06-22,0.0004596043695136719
2018-06-25,-0.0020306823263978773
2018-06-26,-0.0034955417615831048
2018-06-27,0.0006828714696075254
2018-06-28,-0.0039050004085550314
2018-06-29,0.002518616408942898
2018-07-02,0.0002166348006928961
2018-07-03,0.003694377743900195
2018-07-05,-0.00517650228307153
2018-07-06,0.0023759698445189772
2018-07-09,0.00696519937459937
2018-07-10,-0.007105220595780864
2018-07-11,-0.00045269122063559136
2018-07-12,0.0012954551571487476
2018-07-13,0.0003134966527368337
2018-07-16,-0.0032734062486461054
2018-07-17,0.0010683588553202334
2018-07-18,0.0017651740930265411
2018-07-19,0.00692580227797667
2018-07-20,-0.0013483026822750223
2018-07-23,0.0036862501777333973
2018-07-24,-0.005512684941504963
2018-07-25,0.0017337406000375501
2018-07-26,0.005793557540866328
2018-07-27,-0.007710225088672662
2018-07-30,0.0022165791383378848
2018-07-31,-0.0033730028862208224
2018-08-01,0.0017817377281295307
2018-08-02,0.0017935643946784233
2018-08-03,-0.0013061227435071212
2018-08-06,-0.0004993114530972724
2018-08-07,-0.00011591718053897463
2018-08-08,0.0012533438396673225
2018-08-09,-0.00012323529483458727
2018-08-10,0.005681352072722847
2018-08-13,-0.0016212293770602973
2018-08-14,0.0075154196963889645
2018-08-15,-0.003936716575164003
2018-08-16,-0.0009821868994948032
2018-08-17,-0.001299633067709858
2018-08-20,0.004186307579275791
2018-08-21,0.003828330730791678
2018-08-22,0.006295648387291721
2018-08-23,0.004839913348666745
2018-08-24,-0.0012993198082808526
2018-08-27,-0.0038091323070583204
2018-08-28,0.0011506043405462617
2018-08-29,0.001786181684081984
2018-08-30,0.0013075326290011564
2018-08-31,0.003561685572310981
2018-09-04,0.003837298345586003
2018-09-05,-0.0029699842649539066
2018-09-06,0.0028835129577835968
2018-09-07,-0.002868915810600933
2018-09-10,-0.004179461431403653
2018-09-11,0.0037750105952224573
2018-09-12,-0.002092512217719493
2018-09-13,-0.0030065213131590936
2018-09-14,-0.003026789664679602
2018-09-17,-0.0017920599590120088
2018-09-18,-4.908532443508598e-05
2018-09-19,0.0012474739366185282
2018-09-20,-0.004743052595104273
2018-09-21,0.0007552751382043129
2018-09-24,0.0035424874055041914
2018-09-25,0.0024979013003416737
2018-09-26,0.0022018808201408713
2018-09-27,0.0005554302179824161
2018-09-28,0.005274389311531717
2018-10-01,0.0014585447279101469
2018-10-02,-0.0024156948526506228
2018-10-03,-0.00043486531274039396
2018-10-04,-0.0014565608845876245
2018-10-05,0.00015172198775617037
2018-10-08,0.0017100208107579925
2018-10-09,0.002828535032322367
2018-10-10,0.0012253247258445783
2018-10-11,-0.003187171969083129
2018-10-12,0.00010050504912169957
2018-10-15,-0.00035426503937333476
2018-10-16,-0.0036436860528720255
2018-10-17,-0.009055623756374885
2018-10-18,0.007203881724816722
2018-10-19,-0.0029569249071494906
2018-10-22,-0.0014452152584099962
2018-10-23,-0.005636419430001735
2018-10-24,0.0002374787431682504
2018-10-25,-0.003176915583766103
2018-10-26,0.010314555890987934
2018-10-29,0.008867391730266825
2018-10-30,0.002987816831764268
2018-10-31,-0.016950817935300212
2018-11-01,-0.005314866289384349
2018-11-02,-0.0015749671150529845
2018-11-05,0.004601591739553564
2018-11-06,0.0028749351786459877
2018-11-07,0.0034272611715097166
2018-11-08,0.0034268259664593063
2018-11-09,0.006921287494207538
2018-11-12,0.0029616323071496114
2018-11-13,-0.005552930733708654
2018-11-14,-0.006756159445235424
2018-11-15,-0.01113262535555193
2018-11-16,-0.0010750447338569685
2018-11-19,0.0030830461010266973
2018-11-20,-0.011934482648619012
2018-11-21,0.0010410001440809991
2018-11-23,-2.0404563623546072e-05
2018-11-26,-0.006511071356073036
2018-11-27,0.00478384671881023
2018-11-28,-0.002418708823232666
2018-11-29,-0.0002867658149168764
2018-11-30,-0.0034294849153863375
2018-12-03,-0.0011084989101735876
2018-12-04,0.009399862839356348
2018-12-06,-0.002962524315289332
2018-12-07,0.002274586916227724
2018-12-10,-0.005560390724196815
2018-12-11,-0.0013576766769345246
2018-12-12,0.0018079494580293155
2018-12-13,-0.0029872400025961043
2018-12-14,-0.0011987662607543328
2018-12-17,0.001976349041678824
2018-12-18,-0.010704934815619987
2018-12-19,-0.006950259672002938
2018-12-20,-0.0010217617904958408
2018-12-21,0.005520623192507034
2018-12-24,0.00110197635962004
2018-12-26,-0.00318195585882701
2018-12-27,-0.0017793948515836553
2018-12-28,-0.0016438399716687609
2018-12-31,0.0003956100283734126
2019-01-02,-0.006061552530269073
2019-01-03,0.006420312990803163
2019-01-04,-0.006428725819558263
2019-01-07,7.241176776895282e-05
2019-01-08,0.0002947377026208313
2019-01-09,0.0036679003235199482
2019-01-10,0.0017062475261306756
2019-01-11,0.0012555546575559967
2019-01-14,0.004568626782152383
2019-01-15,0.002755300173069346
2019-01-16,-0.0023753904144366267
2019-01-17,0.006101942181193027
2019-01-18,-0.0020476382293725553
2019-01-22,0.0025456711026422794
2019-01-23,0.00279608640210609
2019-01-24,0.004379729450791631
2019-01-25,-0.00797971697610877
2019-01-28,8.536933504631059e-05
2019-01-29,0.0020044275860420678
2019-01-30,-0.00937111915971428
2019-01-31,-0.0003875616228260608
2019-02-01,0.001861461780907534
2019-02-04,-0.0013911750600957326
2019-02-05,-0.0009708088418479715
2019-02-06,0.003965997499242383
2019-02-07,0.0052337823942604665
2019-02-08,-0.004054825301363276
2019-02-11,0.003342044200238863
2019-02-12,-0.00041990476964173524
2019-02-13,-6.0684861799061425e-05
2019-02-14,0.003042737953428092
2019-02-15,0.0016869831257437864
2019-02-19,-0.0031026108819172974
2019-02-20,0.001521312440468541
2019-02-21,0.0011881395402777906
2019-02-22,-0.003069029230690069
2019-02-25,-0.00564391353486227
2019-02-26,0.0013839429339934494
2019-02-27,0.002150332240373623
2019-02-28,0.0012689085309879001
2019-03-01,-0.005968560304487004
2019-03-04,0.002557993174708661
2019-03-05,0.00492988054883115
2019-03-06,-3.7464007213686346e-05
2019-03-07,-0.0032457716730828834
2019-03-08,-0.0006309049227518543
2019-03-11,-0.004463903052580125
2019-03-12,0.0006459092777374334
2019-03-13,-0.004290149537902636
2019-03-14,0.0007831171241094125
2019-03-15,0.008014078538987493
2019-03-18,-0.007157794462657751
2019-03-19,-0.002890191890180481
2019-03-20,-0.0009827517096906656
2019-03-21,-0.009376204540226103
2019-03-22,0.0026771434099717053
2019-03-25,0.00332940424324029
2019-03-26,0.0011337693013120887
2019-03-27,0.0035652734608800887
2019-03-28,-0.0015522678290065346
2019-03-29,0.00010200412253022072
2019-04-01,-0.001157790858181099
2019-04-02,0.001381281547899218
2019-04-03,0.003689350910617821
2019-04-04,-0.0008306573177885192
2019-04-05,-0.0014644859326164018
2019-04-08,-0.00024315884901095116
2019-04-09,0.0006047434611212829
2019-04-10,0.002064764283557732
2019-04-11,0.002344968876319773
2019-04-12,-0.00017583366095066428
2019-04-15,0.0014357672316987302
2019-04-16,0.00041898942107133
2019-04-17,-0.001998233811785733
2019-04-18,-0.0018798758135254569
2019-04-22,-0.006378036601954929
2019-04-23,0.00010933128309758934
2019-04-24,0.002783152330079932
2019-04-25,0.0019710932627752973
2019-04-26,-0.008992081679257946
2019-04-29,-0.0005409546364057587
2019-04-30,-0.005113959069545932
2019-05-01,-0.0029585303571494155
2019-05-02,0.00356977773340586
2019-05-03,0.0002857333890705862
2019-05-06,-0.005756561340214285
2019-05-07,-9.360365292145488e-05
2019-05-08,5.098945253750609e-06
2019-05-09,0.003161898297681985
2019-05-10,-0.0021059271883769027
2019-05-13,-0.0009175099095818604
2019-05-14,-0.0021394752239547645
2019-05-15,-0.0008798367227852127
2019-05-16,-0.000561456555108147
2019-05-17,-0.0004932588873151953
2019-05-20,-0.0006343434179339179
2019-05-21,-0.0012109879382868702
2019-05-22,0.004367035624704592
2019-05-23,-3.0168480566102157e-05
2019-05-24,-1.5803491110678164e-05
2019-05-28,0.0024040577820959998
2019-05-29,-0.002590628464943219
2019-05-30,0.007915805297192486
2019-05-31,-0.0006240138935003205
2019-06-03,-0.01013177948527661
2019-06-04,0.004028454523489737
2019-06-05,0.007997757490029513
2019-06-06,0.00037093699634285776
2019-06-07,0.003617577807007299
2019-06-10,-5.756682292601178e-05
2019-06-11,0.00034086391141527534
2019-06-12,0.0009633194437910511
2019-06-13,-0.006641486767318165
2019-06-14,0.005137350251761006
2019-06-17,-0.004690139379201281
2019-06-18,0.0010088558816673486
2019-06-19,-0.0020204762254836983
2019-06-20,-0.004546447821601056
2019-06-21,-0.008696433698515839
2019-06-24,0.006372794122185137
2019-06-25,-0.008238946554075916
2019-06-26,-0.00022503553214447096
2019-06-27,0.0017409435497344698
2019-06-28,0.00018369843750397322
2019-07-01,0.006800321979233724
2019-07-02,0.005039264859073768
2019-07-03,0.0030490704665516013
2019-07-05,-0.00014621732130130758
2019-07-08,0.0014962576621370912
2019-07-09,0.0021818317778172437
2019-07-10,-0.004584369379979353
2019-07-11,-0.003936848568800308
2019-07-12,0.00725369372062387
2019-07-15,0.004010451117828747
2019-07-16,0.0025714333608895445
2019-07-17,-0.0008904185235109668
2019-07-18,0.002515744172879208
2019-07-19,-0.005695450584273152
2019-07-22,-0.0023706360777292278
2019-07-23,0.0008225863930927013
2019-07-24,0.006028297756956201
2019-07-25,0.002821123418577908
2019-07-26,0.00761471652913482
2019-07-29,0.001005323931992449
2019-07-30,-0.0067937514744926914
2019-07-31,-0.0067779335306560416
2019-08-01,-0.005783154751880021
2019-08-02,0.0018551152710048853
2019-08-05,-0.005931425011651084
2019-08-06,0.007302658322715189
2019-08-07,0.003895349206379155
2019-08-08,0.002156858332924158
2019-08-09,-0.0013359081091374211
2019-08-12,0.0011743491312397678
2019-08-13,0.0034031165188195887
2019-08-14,0.000499365180951489
2019-08-15,0.0012544891687756255
2019-08-16,-4.945281861542685e-05
2019-08-19,-0.002594039903648844
2019-08-20,4.5870092101429625e-05
2019-08-21,-0.0015372630649425076
2019-08-22,0.000390062839378285
2019-08-23,1.4964966359434396e-05
2019-08-26,0.004322006706669798
2019-08-27,0.006931623033610298
2019-08-28,-0.004960497653821347
2019-08-29,0.0005829310657811348
2019-08-30,-0.003410371369500258
2019-09-03,-0.0004748324022259868
2019-09-04,0.006294589047568874
2019-09-05,0.0016445708270379487
2019-09-06,-0.002500287200448373
2019-09-09,-0.006551810188792392
2019-09-10,-0.015011964924454441
2019-09-11,-0.0014276794670588142
2019-09-12,0.00780416138154039
2019-09-13,-0.0046544786589150355
2019-09-16,-0.01744685596130429
2019-09-17,0.013921930053466647
2019-09-18,0.008254143105944828
2019-09-19,-0.006129703555479339
2019-09-20,-0.007558422601923809
2019-09-23,0.003797796839797597
2019-09-24,0.0011769273214409619
2019-09-25,0.007792032179384657
2019-09-26,0.005843107137266334
2019-09-27,-0.008985302238336811
2019-09-30,0.0025414326435124423
2019-10-01,0.0027074921309949607
2019-10-02,-0.0014090007544761138
2019-10-03,-0.001701217382632702
2019-10-04,0.005813463983968927
2019-10-07,-0.00017588155375888938
2019-10-08,-0.0014864743646368973
2019-10-09,0.0031357374364380532
2019-10-10,-0.0007733635819253511
2019-10-11,-0.0021266971269309045
2019-10-14,-0.0014943388545935242
2019-10-15,-0.0034849334665882793
2019-10-16,0.0035651019228539723
2019-10-17,-0.0038632989289815946
2019-10-18,-0.0015555650445247778
2019-10-21,-0.002973901090672481
2019-10-22,-0.024920056552104743
2019-10-23,-0.01028913794517703
2019-10-24,0.00646749588596254
2019-10-25,0.0006842994916260565
2019-10-28,0.0013745225283877491
2019-10-29,-0.007646501036263199
2019-10-30,0.010736401462472487
2019-10-31,0.003979319558825529
2019-11-01,-0.010662497747036394
2019-11-04,-0.007719160873440175
2019-11-05,0.0003170916718425131
2019-11-06,0.008120703077606152
2019-11-07,-0.005497858847860716
2019-11-08,-0.0065237968741999365
2019-11-11,0.00304041621317665
2019-11-12,0.0005383609750802026
2019-11-13,0.0038488757266579915
2019-11-14,0.0038261536958089414
2019-11-15,-0.008628606903829827
2019-11-18,0.006751950868133425
2019-11-19,0.000492898246040799
2019-11-20,-0.011809590898340295
2019-11-21,-0.01001442697703224
2019-11-22,-0.0037398320471812856
2019-11-25,0.0002814838460391892
2019-11-26,0.003681628594492357
2019-11-27,-0.0005916280898220849
2019-11-29,0.001379661244860632
2019-12-02,-0.007125205623319036
2019-12-03,0.0004209592539488503
2019-12-04,-0.0055156248954289595
2019-12-05,0.004594736542146006
2019-12-06,-0.00892862141384364
2019-12-09,-0.0025723459635109977
2019-12-10,-0.0008701460664050136
2019-12-11,0.0015684444248597002
2019-12-12,-0.0006398443008573128
2019-12-13,0.0011719379831713118
2019-12-16,-0.0010410508086143425
2019-12-17,0.0029725418417793407
2019-12-18,0.0037289417225198213
2019-12-19,0.002328121383084392
2019-12-20,0.001480717634771327
2019-12-23,-0.006713341422827059
2019-12-24,0.0008595895909271852
2019-12-26,0.004189768236310948
2019-12-27,-0.0010250217940949364
2019-12-30,-0.0023746128572079
2019-12-31,-0.0012938690695271859
2020-01-02,0.006982954337414186
2020-01-03,-0.005688035507649181
2020-01-06,-0.008655287575485494
2020-01-07,-0.0005317872903949737
2020-01-08,0.0019073684126792141
2020-01-09,-0.0020736587153657475
2020-01-10,-0.003257804130256802
2020-01-13,0.00445623643789829
2020-01-14,-0.0037957892748919737
2020-01-15,0.0006493325707509665
2020-01-16,0.004344710127650998
2020-01-17,0.00613212374098753
2020-01-21,0.0028318332235368533
2020-01-22,0.0023297005372980182
2020-01-23,0.00787787580231037
2020-01-24,-0.0021403326236157146
2020-01-27,-0.001758841181021059
2020-01-28,0.005849384525841932
2020-01-29,0.0031149038913974203
2020-01-30,-0.00033498011611450887
2020-01-31,-0.001554750575945598
2020-02-03,0.0010259918037242534
2020-02-04,0.007595886530299945
2020-02-05,-0.01178558835310377
2020-02-06,0.0036109880376527133
2020-02-07,-0.0037482227036111575
2020-02-10,0.005183729442103524
2020-02-11,-0.0023946699045006635
2020-02-12,-0.00187586130763206
2020-02-13,0.0019108364113003455
2020-02-14,0.00431491250606439
2020-02-18,-0.0011459374360195107
2020-02-19,0.0018463104522897036
2020-02-20,-0.0016582652357997455
2020-02-21,-0.00484434951574351
2020-02-24,0.0013984155249310278
2020-02-25,0.004121412200555811
2020-02-26,0.007932245666449888
2020-02-27,-0.0038625037616288236
2020-02-28,0.001299330537871332
2020-03-02,0.004399412475844353
2020-03-03,0.001975337713289909
2020-03-04,0.008581630964941215
2020-03-05,0.003733191403731089
2020-03-06,0.01068100956149375
2020-03-09,0.04568402703327039
2020-03-10,-0.008825721933446131
2020-03-11,0.005611867449203434
2020-03-12,-0.0024504424844261174
2020-03-13,0.0012868798599508853
2020-03-16,-0.01761295061178036
2020-03-17,0.036497571890380394
2020-03-18,0.020723653853764
2020-03-19,-0.002963891647286773
2020-03-20,-0.012053249516775895
2020-03-23,0.023517761150400343
2020-03-24,-0.03555791529145417
2020-03-25,-0.034537270490457454
2020-03-26,0.016594171755802484
2020-03-27,0.01984308688567358
2020-03-30,0.026472353177643935
2020-03-31,-0.013256010306300687
2020-04-01,0.009763785978205864
2020-04-02,-0.015499926641371864
2020-04-03,0.0010320736737184839
2020-04-06,0.005785773022688189
2020-04-07,-0.009648637855888898
2020-04-08,-0.01955273284220287
2020-04-09,-0.013092742212999378
2020-04-13,0.01920553004889139
2020-04-14,0.016748970834067917
2020-04-15,0.01362003266430523
2020-04-16,0.038597507511235835
2020-04-17,-0.041947134737316254
2020-04-20,0.012071831252410136
2020-04-21,-0.006516809045280514
2020-04-22,0.011225758666902327
2020-04-23,-0.01785422878419506
2020-04-24,0.013962370299120829
2020-04-27,-0.004033916397924445
2020-04-28,-0.028971808117929453
2020-04-29,-0.031732605873167376
2020-04-30,0.009119660070567075
2020-05-01,0.015389704415226808
2020-05-04,0.009770404591450154
2020-05-05,0.016501161021490608
2020-05-06,0.0216535107729793
2020-05-07,-0.016523055872275465
2020-05-08,-0.022998644023317173
2020-05-11,0.0205697343914939
2020-05-12,0.003491928795880438
2020-05-13,0.020558715024103343
2020-05-14,0.0007950658388798651
2020-05-15,0.005440242872445499
2020-05-18,-0.04779921904342262
2020-05-19,0.012688819452993865
2020-05-20,-0.013945626037377432
2020-05-21,-0.008591661345842164
2020-05-22,0.009653312180268391
2020-05-26,-0.04016808834389451
2020-05-27,-0.008884425698292838
2020-05-28,0.01801225021335937
2020-05-29,0.02269497696384972
2020-06-01,-0.025003337190189455
2020-06-02,-0.0029437799730717036
2020-06-03,-0.03548915441886325
2020-06-04,-0.046192912217231964
2020-06-05,-0.04066601720148654
2020-06-08,-0.04164357016910604
2020-06-09,0.028429093646182985
2020-06-10,0.040424930426868656
2020-06-11,0.03709672814209921
2020-06-12,-0.04053146059198918
2020-06-15,0.0016290403983024427
2020-06-16,0.0036042997615504044
2020-06-17,0.016285654245160448
2020-06-18,-0.0010880435237829375
2020-06-19,0.014523471619796788
2020-06-22,0.006770081761466075
2020-06-23,0.0034590386957534095
2020-06-24,0.026583614976705954
2020-06-25,-0.005171696208653057
2020-06-26,0.01965426557492082
2020-06-29,-0.023586031126136168
2020-06-30,0.014896227303647556
2020-07-01,0.016357946074917064
2020-07-02,-0.0003275469709695266
2020-07-06,-0.003537655904857732
2020-07-07,0.018161706313743937
2020-07-08,0.0007503941301663432
2020-07-09,0.027596523954165664
2020-07-10,-0.031382280986155725
2020-07-13,-0.0035263751166431786
2020-07-14,0.005847532722791773
2020-07-15,-0.03602175393521983
2020-07-16,0.012415424236925356
2020-07-17,0.018239227444523134
2020-07-20,0.017855197494638257
2020-07-21,-0.020695738358141067
2020-07-22,0.010639371726349994
2020-07-23,-0.0094233876361143
2020-07-24,0.005895171924642649
2020-07-27,0.01707665664873627
2020-07-28,-0.012084118970014343
2020-07-29,0.010906227311273118
2020-07-30,0.02489833794913769
2020-07-31,0.004585010557594899
2020-08-03,-0.0030732670393289747
2020-08-04,-6.122835944266883e-05
2020-08-05,-0.017013890468667872
2020-08-06,-0.00585283430436969
2020-08-07,-0.007355215686716387
2020-08-10,-0.03001851512009083
2020-08-11,-0.012754520245887573
2020-08-12,0.01967070066674201
2020-08-13,0.00496005132696778
2020-08-14,-0.003319212115199631
2020-08-17,0.018944928162511088
2020-08-18,0.007270132327398267
2020-08-19,0.0026955335933489897
2020-08-20,0.004540395740973414
2020-08-21,0.008710954672864705
2020-08-24,-0.03647936185788715
2020-08-25,0.008906390039469084
2020-08-26,0.01595256663635529
2020-08-27,-0.016255128038057315
2020-08-28,-0.009683051422213436
2020-08-31,0.017937242931100404
2020-09-01,0.005599782109743909
2020-09-02,0.0010378852240001003
2020-09-03,-0.015308381765842375
2020-09-04,-0.011417344172873826
2020-09-08,0.001091980731543922
2020-09-09,0.021117841992671842
2020-09-10,0.0011785781157144595
2020-09-11,0.0015974867541876795
2020-09-14,-0.000701641237169134
2020-09-15,0.007181352275156162
2020-09-16,-0.02235611413744732
2020-09-17,0.0019381626183305248
2020-09-18,0.009515071637255325
2020-09-21,0.018891935787486387
2020-09-22,0.002175937384145709
2020-09-23,0.012901851046705527
2020-09-24,0.004167800470286458
2020-09-25,0.0005741171457561934
2020-09-28,-0.011428644514067913
2020-09-29,0.014502329145397015
2020-09-30,-0.0005715845717587647
2020-10-01,-0.0007919160081898239
2020-10-02,-0.014057364453829055
2020-10-05,0.0008788933973838498
2020-10-06,0.0057366189825214945
2020-10-07,0.0006581433810703621
2020-10-08,-0.01327970586768557
2020-10-09,0.011716055231360819
2020-10-12,-0.0008026215787700089
2020-10-13,0.016463638830829755
2020-10-14,0.002617405008698111
2020-10-15,0.0008040412141974887
2020-10-16,0.003182434057734802
2020-10-19,-0.004276102153278971
2020-10-20,-0.012733289564262163
2020-10-21,0.001557102980509788
2020-10-22,-0.015656944243331087
2020-10-23,0.007553409983214429
2020-10-26,0.01312928963624202
2020-10-27,0.01248840136854139
2020-10-28,0.005173401926696175
2020-10-29,-0.0173518550325551
2020-10-30,-0.005522479570210832
2020-11-02,0.0014848985171204664
2020-11-03,0.007224506304170241
2020-11-04,0.03244950363224536
2020-11-05,-0.011815488007964258
2020-11-06,0.005955118593477248
2020-11-09,-0.09849783597575708
2020-11-10,-0.002180806121242683
2020-11-11,0.016605660467288133
2020-11-12,0.01593463501035821
2020-11-13,-0.018291804829257165
2020-11-16,-0.024815812434513522
2020-11-17,-0.003093498963086683
2020-11-18,-0.003788233754260195
2020-11-19,-0.006783632327810481
2020-11-20,0.006755288690429148
2020-11-23,-0.027696820588095358
2020-11-24,-0.034387347629119006
2020-11-25,0.005013701438518779
2020-11-27,0.007907780985834292
2020-11-30,0.024343244421938356
2020-12-01,-0.0007835092560861338
2020-12-02,-0.01677647076005637
2020-12-03,-0.01525870159537134
2020-12-04,-0.006057619524036821
2020-12-07,0.0042425723228202115
2020-12-08,-0.003963749928384061
2020-12-09,-0.003426158729207827
2020-12-10,-0.015499565158054916
2020-12-11,0.010046679020088694
2020-12-14,0.0171205385667121
2020-12-15,-0.0034381097548969344
2020-12-16,0.008455032984059788
2020-12-17,0.00806434462561622
2020-12-18,0.011148449348498266
2020-12-21,-0.0008436238977030872
2020-12-22,0.01072321317537026
2020-12-23,-0.018142833456749694
2020-12-24,0.009637777975237613
2020-12-28,-4.7937908136123564e-05
2020-12-29,0.001301189001381617
2020-12-30,-0.0009591196081587492
2020-12-31,0.00964837329937914
2021-01-04,0.0019618743442953884
2021-01-05,-0.014935337689326249
2021-01-06,-0.004315057444682887
2021-01-07,0.00794116783191737
2021-01-08,0.006198405706750951
2021-01-11,-0.0031513039207882445
2021-01-12,-0.01826956088294038
2021-01-13,-0.004988054254252079
2021-01-14,-0.021640899717633316
2021-01-15,0.018422912374564733
2021-01-19,-0.004483084409389754
2021-01-20,0.0035375075494192385
2021-01-21,0.005214867715008438
2021-01-22,-0.0013466312392073655
2021-01-25,0.007747987239044701
2021-01-26,0.0006318761925867972
2021-01-27,-0.017831023468090464
2021-01-28,-0.000187444552570127
2021-01-29,0.004110152005426073
2021-02-01,0.005201377397229205
2021-02-02,0.004489830406102792
2021-02-03,-0.01934670162670452
2021-02-04,-0.0021626204721203837
2021-02-05,0.0021839190363046727
2021-02-08,-0.00796716540185034
2021-02-09,0.006428449296618096
2021-02-10,0.0008852723438130708
2021-02-11,0.009888076434172615
2021-02-12,-0.005111013322633928
2021-02-16,-0.009707375768097356
2021-02-17,-0.01135498402975966
2021-02-18,0.007073604921605975
2021-02-19,-0.005614159414236768
2021-02-22,-0.017075046081898745
2021-02-23,-0.0003795334551924552
2021-02-24,-0.006063983032116081
2021-02-25,-0.004564638463360395
2021-02-26,0.008546294077446689
2021-03-01,0.004043318163771362
2021-03-02,-0.007525676872056566
2021-03-03,-0.014692150216493402
2021-03-04,-0.010711082110532323
2021-03-05,-0.002352288841175198
2021-03-08,-0.017210641749367477
2021-03-09,0.015647955100781867
2021-03-10,-0.0066269410689598005
2021-03-11,0.012312726308879104
2021-03-12,-0.00704991313989345
2021-03-15,0.007400840855322221
2021-03-16,0.0008773457756523405
2021-03-17,-0.0014250626416996836
2021-03-18,-0.004056917295408069
2021-03-19,-0.0013314214880458892
2021-03-22,0.0004781481391739606
2021-03-23,-0.0016601617657921767
2021-03-24,-0.0052939996091930395
2021-03-25,0.002440774713860949
2021-03-26,-0.0036869914573166443
2021-03-29,-0.004599174107876629
2021-03-30,0.006525806124251645
2021-03-31,0.006855945792205435
2021-04-01,0.0054102145495427655
2021-04-05,0.0043469934141281835
2021-04-06,-0.0007545750266003496
2021-04-07,0.00028638299346397977
2021-04-08,0.003557802055336478
2021-04-09,-0.0006111835431572535
2021-04-12,0.001979505946009927
2021-04-13,0.004965295373405445
2021-04-14,-0.004510901460863833
2021-04-15,-0.0006633952329338896
2021-04-16,0.0006817428066468118
2021-04-19,-0.002860579555259313
2021-04-20,-0.008396257100611853
2021-04-21,0.005970797698200854
2021-04-22,-0.002641673079807719
2021-04-23,0.006140150786670181
2021-04-26,0.006152246736328851
2021-04-27,0.00028677649284780275
2021-04-28,-0.0027519108283418393
2021-04-29,-0.00916604020627206
2021-04-30,0.005767233478274212
2021-05-03,-0.005696092382414091
2021-05-04,-0.008212520528701993
2021-05-05,-0.004873677694486163
2021-05-06,-0.007902364841812596
2021-05-07,0.007938013070992988
2021-05-10,-0.0073085897738505825
2021-05-11,-0.0017750574359388157
2021-05-12,-0.009359161764355022
2021-05-13,-0.0006868905568012468
2021-05-14,0.01231060806517933
2021-05-17,-0.0007394333842328321
2021-05-18,0.005232559437033025
2021-05-19,-0.003111711000633918
2021-05-20,-0.001956781165859124
2021-05-21,0.0014026009743362056
2021-05-24,0.009250511676927245
2021-05-25,0.0047645493082733685
2021-05-26,0.006677386757708049
2021-05-27,0.005098162343286536
2021-05-28,-0.0025593106629434657
2021-06-01,0.008164895444293123
2021-06-02,-0.006621181764972111
2021-06-03,-0.013753617488030898
2021-06-04,-0.001546293306155404
2021-06-07,0.0006426289567843179
2021-06-08,0.0031420949466214533
2021-06-09,-0.009708647229644114
2021-06-10,-0.0072563963689928155
2021-06-11,0.0054015262855468035
2021-06-14,-0.0036895699441383102
2021-06-15,-0.0027619485666037693
2021-06-16,0.005614238386836681
2021-06-17,-0.009185493780439874
2021-06-18,0.0029547550636035945
2021-06-21,0.003687285711902566
2021-06-22,-0.0024487918624474044
2021-06-23,0.005249368445597054
2021-06-24,0.001368619706258119
2021-06-25,-0.002596867217403276
2021-06-28,-0.012684982886471996
2021-06-29,-0.0021577517755446045
2021-06-30,0.0025661623157185337
2021-07-01,0.0030952087053031036
2021-07-02,-0.0012021123496223386
2021-07-06,-0.008404746243725704
2021-07-07,-0.009855610461023137
2021-07-08,-0.002072388039975372
2021-07-09,0.009380456367371951
2021-07-12,0.0026475550902678438
2021-07-13,-0.011393943906759456
2021-07-14,-0.0032473634487970244
2021-07-15,-0.0056316822879895565
2021-07-16,-0.013999089498280647
2021-07-19,-0.01344664878371382
2021-07-20,0.0215655824182502
2021-07-21,0.013110331820227746
2021-07-22,-0.0028790302544392326
2021-07-23,-0.004579738293185812
2021-07-26,0.010807585770972088
2021-07-27,-0.00749004489251681
2021-07-28,0.005300062882476662
2021-07-29,-0.004585605676560814
2021-07-30,-0.01206798688448763
2021-08-02,-0.0013246359961005768
2021-08-03,-0.0027212098700063925
2021-08-04,-0.0007416150494376436
2021-08-05,0.015350391176984252
2021-08-06,0.0028517467592365114
2021-08-09,-0.004154321319065046
2021-08-10,0.007634448924385958
2021-08-11,0.005204164016418252
2021-08-12,-1.3851654534412455e-05
2021-08-13,-0.008424420633174017
2021-08-16,-0.006933051392226578
2021-08-17,-0.01288761370576758
2021-08-18,0.006155550507852144
2021-08-19,-0.007357548044640226
2021-08-20,0.002819415538014936
2021-08-23,0.009793263143334117
2021-08-24,0.0120344318994382
2021-08-25,0.007319411780498692
2021-08-26,-0.0037456355461094196
2021-08-27,0.007522726132997802
2021-08-30,-0.004332069440036434
2021-08-31,0.0030654219033982143
2021-09-01,-0.005601460722750062
2021-09-02,0.0013927117862774575
2021-09-03,-0.004646169755261499
2021-09-07,0.0076468835463261485
2021-09-08,-0.008349950060986683
2021-09-09,0.010792686337607384
2021-09-10,-0.008296850716881356
2021-09-13,0.007703334663050017
2021-09-14,-0.0024290899202250296
2021-09-15,0.003743573269797544
2021-09-16,0.0027332624855812564
2021-09-17,-0.0013701531805129486
2021-09-20,-0.0006616063516494264
2021-09-21,0.0009527391178976866
2021-09-22,0.011448426341157412
2021-09-23,0.005384967334460768
2021-09-24,0.007397430192584957
2021-09-27,0.004306888022786836
2021-09-28,-0.0048587214973795255
2021-09-29,-0.0012422017345434717
2021-09-30,-0.0020645480917585455
2021-10-01,0.008953714894415583
2021-10-04,-0.0025949911658547003
2021-10-05,0.003876350238616052
2021-10-06,-0.0023548981395503012
2021-10-07,-0.00445396301639722
2021-10-08,-0.0043973071200566725
2021-10-11,0.0007469393710250563
2021-10-12,0.0049026757024745555
2021-10-13,-0.009094153527276615
2021-10-14,-0.0026203409212827416
2021-10-15,0.002437472678131664
2021-10-18,0.007280093845802422
2021-10-19,-0.007853548677045586
2021-10-20,-0.007879850683401562
2021-10-21,0.0034812614484459685
2021-10-22,-0.0027302198354442705
2021-10-25,0.003780154696664358
2021-10-26,-0.00353376326837037
2021-10-27,0.006405836639494706
2021-10-28,-0.004483466087004171
2021-10-29,0.0006057073906625853
2021-11-01,0.004065264301368906
2021-11-02,0.00013405767394901344
2021-11-03,0.004062215962746911
2021-11-04,-0.003546052881867129
2021-11-05,0.016378681676977837
2021-11-08,-0.005972976087406715
2021-11-09,-0.005227651682413147
2021-11-10,-0.006178592844407565
2021-11-11,-0.00450524320494163
2021-11-12,-0.007260964773828226
2021-11-15,0.00041439014975877265
2021-11-16,-0.003683249094449283
2021-11-17,0.0035629323483090383
2021-11-18,0.003437020936386442
2021-11-19,-0.00221543926799552
2021-11-22,0.0028577195222590965
2021-11-23,-0.0019156442969048956
2021-11-24,-0.00019783744267963657
2021-11-26,-0.016633180935055253
2021-11-29,0.008428087983213284
2021-11-30,0.0041010578483585405
2021-12-01,-0.01487357118357343
2021-12-02,0.009870684550137591
2021-12-03,-0.014311628494526557
2021-12-06,0.006284504569174289
2021-12-07,0.005365012570373693
2021-12-08,0.0022864208390696904
2021-12-09,-0.002505647920577764
2021-12-10,-0.00023746908235632247
2021-12-13,-0.013263670743161328
2021-12-14,-0.003831345420250948
2021-12-15,0.0005611526265230587
2021-12-16,-0.01214689534159051
2021-12-17,0.0014080766943506125
2021-12-20,-0.00071936460091264
2021-12-21,0.005607545346703077
2021-12-22,0.0038692843761814187
2021-12-23,-0.0005211862998928108
2021-12-27,0.0020787744890469455
2021-12-28,-0.001784422512590407
2021-12-29,-0.001794296958564984
2021-12-30,-0.00268761923786465
2021-12-31,0.0005263879833980598
2022-01-03,0.003035686679866218
2022-01-04,0.003292237817246313
2022-01-05,-0.008976280487726718
2022-01-06,0.0018317606194385016
2022-01-07,0.004502611714699078
2022-01-10,0.0005321207166375171
2022-01-11,0.0012442088406736766
2022-01-12,0.0035744976215541222
2022-01-13,8.744804245952164e-05
2022-01-14,-0.007646741314470296
2022-01-18,-0.013198639290006278
2022-01-19,-0.005461324816013084
2022-01-20,-0.0015480920534203288
2022-01-21,-0.006832114845271305
2022-01-24,0.0044912130447781915
2022-01-25,0.004320062108934497
2022-01-26,0.0007385611138968585
2022-01-27,-0.006228207267530876
2022-01-28,-0.00623255159959728
2022-01-31,0.0040054539586967825
2022-02-01,0.013338208880839407
2022-02-02,-0.004501476155108998
2022-02-03,0.003267019807066523
2022-02-04,0.011212212941146766
2022-02-07,0.00812849401912716
2022-02-08,0.0043969305798959015
2022-02-09,-0.002180545843250517
2022-02-10,0.005122912509378509
2022-02-11,0.003212474324156666
2022-02-14,-0.007283604227377618
2022-02-15,0.0056893603363277895
2022-02-16,-0.0021095670739178785
2022-02-17,-2.715326361648116e-05
2022-02-18,-0.006232987964327396
2022-02-22,-0.008639211451056724
2022-02-23,-0.0017105612270424406
2022-02-24,0.002135672125022056
2022-02-25,0.004868960016910864
2022-02-28,0.010788123583822171
2022-03-01,0.00025882885583743815
2022-03-02,-0.0026759832101291244
2022-03-03,0.0007527101141609592
2022-03-04,-0.002438359080109609
2022-03-07,-0.007264199578630538
2022-03-08,0.004897038187928188
2022-03-09,0.006324997693020272
2022-03-10,0.007592300898072649
2022-03-11,0.000983206124870545
2022-03-14,0.00802065966177208
2022-03-15,-0.0005979069238724878
2022-03-16,0.0033960771730539557
2022-03-17,0.006206269343682811
2022-03-18,-0.002814214664817445
2022-03-21,-0.0028445661442361462
2022-03-22,0.004647222876583134
2022-03-23,0.0002319187812002375
2022-03-24,-0.004108457964545282
2022-03-25,-0.0028518340797384226
2022-03-28,-0.0007465768132863083
2022-03-29,-0.0030215473609346132
2022-03-30,-0.0007329551755238364
2022-03-31,-0.0005687474450332852
2022-04-01,-0.0021993175389033955
2022-04-04,-0.001861677944981346
2022-04-05,-0.003999129922588799
2022-04-06,-0.0013630613287076239
2022-04-07,1.990486353431768e-05
2022-04-08,0.005896891127478366
2022-04-11,0.001104315366677516
2022-04-12,0.0021007323086941984
2022-04-13,0.006097296830260001
2022-04-14,0.004907915804978008
2022-04-18,-0.002993574585465217
2022-04-19,-0.0027005077421963027
2022-04-20,0.004109903348937714
2022-04-21,-0.0005404068698157869
2022-04-22,0.0016498781141053168
2022-04-25,2.682268440316497e-06
2022-04-26,-0.006796844230853795
2022-04-27,-0.0013317481422984612
2022-04-28,-0.008711101505357133
2022-04-29,0.0004284910880620351
2022-05-02,-0.006787392483110531
2022-05-03,0.00558097077225054
2022-05-04,-0.01134574290375767
2022-05-05,-0.0016118788321272846
2022-05-06,-0.008417744365665237
2022-05-09,-0.01174017804884752
2022-05-10,-0.0006365134806159548
2022-05-11,-0.0015457860907730594
2022-05-12,-0.004785601220536463
2022-05-13,-0.0026851346041281625
2022-05-16,0.0015611871729140348
2022-05-17,0.005759046903742158
2022-05-18,-0.0016437383717759749
2022-05-19,2.229486360277836e-05
2022-05-20,-0.002859785440053518
2022-05-23,0.008298334449973365
2022-05-24,-0.00502493986073898
2022-05-25,-0.0056415046987875785
2022-05-26,0.003016059680634851
2022-05-27,0.0010191316417382146
2022-05-31,-0.0008038574595158421
2022-06-01,-0.0013775671216659066
2022-06-02,-0.017286808545629608
2022-06-03,0.004938021027518895
2022-06-06,0.006950095282054055
2022-06-07,0.0018859914172357885
2022-06-08,0.001420328248302675
2022-06-09,-0.010998353059565966
2022-06-10,0.00047758615610846633
2022-06-13,-0.0055545309828169956
2022-06-14,0.013541836665583803
2022-06-15,-0.003068761848581268
2022-06-16,0.00032267107600138586
2022-06-17,-0.0015957158990236827
2022-06-21,-0.0005257078588152559
2022-06-22,-0.005764800317056912
2022-06-23,-0.010015014211932023
2022-06-24,0.006295719810032143
2022-06-27,0.006195884831408289
2022-06-28,0.009185478131997087
2022-06-29,-0.00025313901392172677
2022-06-30,0.0013863964746049535
2022-07-01,0.0045509617635271955
2022-07-05,-0.011920020213193161
2022-07-06,0.0009987879967986247
2022-07-07,-0.00098959813531314
2022-07-08,0.002367616448808819
2022-07-11,0.005467829424627298
2022-07-12,0.005177184241927438
2022-07-13,-0.002566299520690812
2022-07-14,-0.004793628539812635
2022-07-15,0.00031029927682842866
2022-07-18,-0.004141890494618935
2022-07-19,-0.006304354999134955
2022-07-20,-0.013369609195011107
2022-07-21,-0.0030721995948878316
2022-07-22,0.006138509639257126
2022-07-25,0.006118582244340042
2022-07-26,0.008340109831644606
2022-07-27,-0.01788387434353197
2022-07-28,-0.007434010351056582
2022-07-29,0.00037269638387335834
2022-08-01,-0.0011375219096471374
2022-08-02,-0.00729351588706191
2022-08-03,0.00493682696563825
2022-08-04,-0.006086393818198912
2022-08-05,0.002408945054336641
2022-08-08,0.0017975829190045036
2022-08-09,0.010655648678896066
2022-08-10,-0.019874156808784415
2022-08-11,0.0030545516258996953
2022-08-12,-0.002837805463721677
2022-08-15,-0.000928290002193398
2022-08-16,0.0022270508580355605
2022-08-17,0.004752437258585564
2022-08-18,-0.003259417347332379
2022-08-19,0.0129410464429124
2022-08-22,0.008716257268569717
2022-08-23,-0.0022855935046239314
2022-08-24,-0.008047178668378254
2022-08-25,-0.00670561878827565
2022-08-26,0.016192774456437117
2022-08-29,0.004262266052844282
2022-08-30,0.0014285253220102324
2022-08-31,-0.002178188895173372
2022-09-01,0.00886988495821092
2022-09-02,0.003088625913890917
2022-09-06,0.0004933844681556832
2022-09-07,-0.008244131970154979
2022-09-08,0.004858029157729829
2022-09-09,-0.005237461798272801
2022-09-12,-0.0009844873227469303
2022-09-13,0.011294729353348751
2022-09-14,-0.006239934055272737
2022-09-15,0.00868574606232133
2022-09-16,-0.006426386114897362
2022-09-19,-0.0020137006259235025
2022-09-20,0.005246196729539767
2022-09-21,-0.0044613888682517215
2022-09-22,0.011092833655409324
2022-09-23,-0.0004939571044025184
2022-09-26,0.003235707309033803
2022-09-27,-0.005534021427752763
2022-09-28,-0.006049665341146587
2022-09-29,0.00789415693791462
2022-09-30,0.01592041542549534
2022-10-03,-0.0003065543863277335
2022-10-04,-0.005467868857741171
2022-10-05,0.0006999690839688208
2022-10-06,-0.0023734313791546357
2022-10-07,0.01790294332925613
2022-10-10,0.010049423661218939
2022-10-11,0.004820001473956688
2022-10-12,-0.007452086874124523
2022-10-13,0.007953005505237013
2022-10-14,0.011110261942020213
2022-10-17,-0.0108881711487244
2022-10-18,-0.003735023484282445
2022-10-19,-0.0032670400143626935
2022-10-20,-0.004288111910898814
2022-10-21,0.0006432451978906765
2022-10-24,0.003079318150246151
2022-10-25,-0.02010591694929377
2022-10-26,0.005868032008875339
2022-10-27,0.009127225779814566
2022-10-28,-0.0004942673361738061
2022-10-31,0.0033287759141408927
2022-11-01,0.01279505948586182
2022-11-02,0.012161529693815067
2022-11-03,-0.0038711331369464218
2022-11-04,-0.00412116522735194
2022-11-07,0.005664757662712326
2022-11-08,-0.008319532683470495
2022-11-09,0.004974990318899232
2022-11-10,-0.04711851950763583
2022-11-11,-0.02388086081807463
2022-11-14,0.005344816827913571
2022-11-15,-0.012286308539372032
2022-11-16,0.018339960338253445
2022-11-17,0.009312915910225605
2022-11-18,0.007312028981069573
2022-11-21,0.005384370105921107
2022-11-22,-0.005298222457233382
2022-11-23,-0.007330653537948653
2022-11-25,0.007702734222615247
2022-11-28,0.003657502444213111
2022-11-29,0.0028284530099604768
2022-11-30,-0.022882279683256918
2022-12-01,-0.0052415176215359046
2022-12-02,0.001668464735588918
2022-12-05,0.004774536507980631
2022-12-06,0.007807008583729371
2022-12-07,-0.001280777094243768
2022-12-08,-0.0077706314308612695
2022-12-09,-0.002650733352446373
2022-12-12,0.00021743375530579176
2022-12-13,-0.009020554398053946
2022-12-14,0.010564471759448983
2022-12-15,0.009989605580704922
2022-12-16,-0.004035770929075907
2022-12-19,0.007455091073207333
2022-12-20,0.003988849903441277
2022-12-21,-0.006794682117038326
2022-12-22,0.0049349772530985735
2022-12-23,0.0029808922820925903
2022-12-27,0.005271098363089219
2022-12-28,-0.003323471860355657
2022-12-29,-0.013360474059379283
2022-12-30,0.00261327027785935
2023-01-03,-0.004510980432760718
2023-01-04,-0.01606138454192317
2023-01-05,0.010897218737254771
2023-01-06,-0.002205813998155856
2023-01-09,-0.015929540830358205
2023-01-10,-0.0012668156001023236
2023-01-11,-0.005855559719122943
2023-01-12,0.00015211475103343077
2023-01-13,-0.004878458380495226
2023-01-17,-0.006753726650330315
2023-01-18,0.0009445459780632864
2023-01-19,0.009296538368218235
2023-01-20,-0.015575656120170502
2023-01-23,-0.016088777632309682
2023-01-24,0.0035862830714659816
2023-01-25,0.0013819137332535462
2023-01-26,-0.005002868971915116
2023-01-27,-0.006093454341234539
2023-01-30,0.0023699986267549287
2023-01-31,-0.00825615562860399
2023-02-01,-0.01898786924210922
2023-02-02,-0.034305957973770104
2023-02-03,0.012668666724685168
2023-02-06,0.006172081108485668
2023-02-07,0.001451734141898205
2023-02-08,0.009112127558339433
2023-02-09,0.004669983578806464
2023-02-10,0.01773599615651421
2023-02-13,-0.00653482433600467
2023-02-14,-4.629964755437809e-06
2023-02-15,-0.014382924384187458
2023-02-16,0.00802742158146573
2023-02-17,-0.0036320855469781227
2023-02-21,0.00866766529356243
2023-02-22,-0.006360173356187718
2023-02-23,-0.0003786727661537893
2023-02-24,0.007338274527682455
2023-02-27,-0.004524566248988814
2023-02-28,-0.002695496507416118
2023-03-01,0.008573026867715548
2023-03-02,-0.0035878158478191025
2023-03-03,-0.0033041907009198172
2023-03-06,0.005264439534448861
2023-03-07,8.388898003675397e-05
2023-03-08,-0.003020201379148051
2023-03-09,-0.001656420571596672
2023-03-10,0.0057485908708743835
2023-03-13,-0.01257028816269583
2023-03-14,-0.008409369014013648
2023-03-15,-0.022438438486514365
2023-03-16,-0.0019246790742912909
2023-03-17,-0.0023601520381241877
2023-03-20,0.005844516287734717
2023-03-21,-0.00322715156817568
2023-03-22,0.0011740085909357166
2023-03-23,-0.007209254527720888
2023-03-24,-0.0018156985816185764
2023-03-27,0.00797164189510084
2023-03-28,0.006116391122825455
2023-03-29,-0.0011309489370344694
2023-03-30,-0.001611033403724114
2023-03-31,-0.007498782664636702
2023-04-03,0.016432544395479066
2023-04-04,-0.00806242209420791
2023-04-05,0.005577144861839013
2023-04-06,-0.004325986480858718
2023-04-10,0.0017199369386876977
2023-04-11,0.0020244955462443027
2023-04-12,-0.0006134120842650616
2023-04-13,-0.004843110307871095
2023-04-14,0.004756924037747862
2023-04-17,-0.011528623882091842
2023-04-18,0.006283121764681243
2023-04-19,0.003997191730456979
2023-04-20,0.001963275679454172
2023-04-21,-0.0015007685935612125
2023-04-24,0.0009346004187709107
2023-04-25,0.00016890926326158605
2023-04-26,0.0037217119230648866
2023-04-27,-0.007709332195688546
2023-04-28,0.000734861317323446
2023-05-01,0.005874223892712741
2023-05-02,0.0031171435660025926
2023-05-03,-0.009689283213267928
2023-05-04,0.0014595849282262392
2023-05-05,0.003448698296420604
2023-05-08,0.0034685734642610484
2023-05-09,0.00488576661449387
2023-05-10,-0.006518708061246601
2023-05-11,-0.0006159404776823867
2023-05-12,-0.0019501017079684765
2023-05-15,-0.0009585577223541584
2023-05-16,0.0010784929001912324
2023-05-17,0.0014004845596459425
2023-05-18,-0.0003590817662159282
2023-05-19,-0.0017255497643222561
2023-05-22,-0.011307327805096228
2023-05-23,0.007374445330716327
2023-05-24,0.0008927823191291724
2023-05-25,0.00819331896364093
2023-05-26,-0.006454934497519079
2023-05-30,-0.007249095120134647
2023-05-31,-0.00726802529370066
2023-06-01,-0.002052276733852809
2023-06-02,0.00323163532019868
2023-06-05,0.0029636242389038565
2023-06-06,-0.0003120479227827541
2023-06-07,0.00118655231540905
2023-06-08,-0.001220292050800524
2023-06-09,-0.0017035161590265905
2023-06-12,-0.0017191082786017866
2023-06-13,-0.002100564463186471
2023-06-14,0.0015064610189525994
2023-06-15,-0.002345863412892027
2023-06-16,0.0012137489969240988
2023-06-20,-0.005084594933355337
2023-06-21,0.007554498986960114
2023-06-22,-0.0029734739547713205
2023-06-23,0.0007746243151031645
2023-06-26,0.0033228610746492446
2023-06-27,0.007295050932499963
2023-06-28,0.004099959622389567
2023-06-29,-0.0005900232074311476
2023-06-30,0.0008968476269575762
2023-07-03,-0.005934673459529235
2023-07-05,0.002251272537924863
2023-07-06,-0.004940795200532345
2023-07-07,0.006028416914908226
2023-07-10,0.002325928938848404
2023-07-11,-0.005926464119459739
2023-07-12,0.0019003671379210071
2023-07-13,-0.0016140535830058745
2023-07-14,-0.012173263152773933
2023-07-17,0.00045076234993396023
2023-07-18,-0.003981584787147434
2023-07-19,-0.0054351226284222315
2023-07-20,0.008182911393704478
2023-07-21,-0.00031837221104386395
2023-07-24,-0.0021991987062016335
2023-07-25,0.0035667124808799722
2023-07-26,-0.0015073491168764957
2023-07-27,0.004928530921262326
2023-07-28,0.0020120621494540856
2023-07-31,0.002088895915823583
2023-08-01,-0.0056729155155212955
2023-08-02,-0.006871201292665729
2023-08-03,0.0055721316990387125
2023-08-04,0.0031239528571753114
2023-08-07,0.0016982112341040654
2023-08-08,-0.0021841580233833186
2023-08-09,-0.00014341175176987405
2023-08-10,-0.0010721301716353152
2023-08-11,0.0014915943171496205
2023-08-14,0.005399769821811278
2023-08-15,-0.0033915379183514717
2023-08-16,-0.0005255811836666589
2023-08-17,0.005602376896271256
2023-08-18,0.0035473319801972744
2023-08-21,0.004560844335639123
2023-08-22,0.0034395301455742043
2023-08-23,0.0011837169378469308
2023-08-24,-0.0046224240669221
2023-08-25,0.00046054149442721084
2023-08-28,-0.0019892409854122346
2023-08-29,-0.0014092716907910393
2023-08-30,-0.0015422318592359212
2023-08-31,0.006704652899668962
2023-09-01,0.01076674828428237
2023-09-05,-0.0011717605946784766
2023-09-06,0.0027774243612383957
2023-09-07,-0.007126077365522963
2023-09-08,0.0008807574202557235
2023-09-11,-0.006777654532663501
2023-09-12,0.008752491820987397
2023-09-13,-0.003983773271612745
2023-09-14,0.0019288110511660427
2023-09-15,-0.007761618648868591
2023-09-18,0.008408463109127129
2023-09-19,-0.0022277473163313626
2023-09-20,-0.008122609712234061
2023-09-21,-0.001884376303772321
2023-09-22,0.0038760029984683704
2023-09-25,-0.00036312466479512757
2023-09-26,0.0031227516198768816
2023-09-27,0.012681634423027555
2023-09-28,0.003197975056529717
2023-09-29,-0.010577998112885727
2023-10-02,0.0009587194660806451
2023-10-03,-0.0029314890700039412
2023-10-04,-0.002364013465957352
2023-10-05,-0.0014781668111816034
2023-10-06,0.006353588535434721
2023-10-09,0.0019454828400453103
2023-10-10,-0.004827983615121448
2023-10-11,0.0007292585442394007
2023-10-12,0.004964453120553742
2023-10-13,-0.0075163331055212905
2023-10-16,-0.007382665395561218
2023-10-17,-0.004386220641593573
2023-10-18,-0.001977375469642576
2023-10-19,0.002414838164812382
2023-10-20,0.0006027897186692576
2023-10-23,0.003565080248972819
2023-10-24,-0.004647210796521678
2023-10-25,-0.006073873381939255
2023-10-26,-0.01014926300800088
2023-10-27,0.008321984125707534
2023-10-30,0.0027879711064508713
2023-10-31,-0.006531020763281443
2023-11-01,0.017144302694904284
2023-11-02,0.0009799968281750224
2023-11-03,-0.0030855194907062782
2023-11-06,0.004199167774660606
2023-11-07,-0.0071804075780859825
2023-11-08,0.00794501460597486
2023-11-09,0.004576376374209199
2023-11-10,0.015787599662388
2023-11-13,0.00018827150129924425
2023-11-14,-0.008975640227080759
2023-11-15,-0.01573471049501585
2023-11-16,0.003289208749700955
2023-11-17,0.0002596645084824514
2023-11-20,0.002395196748545502
2023-11-21,-0.006709505966673534
2023-11-22,-0.004408340693874083
2023-11-24,-0.00418671568189572
2023-11-27,0.0030530359103567066
2023-11-28,-0.0057586811949747315
2023-11-29,-0.00806167220266019
2023-11-30,-0.0016678371580477877
2023-12-01,-0.005923845712499814
2023-12-04,-0.010263893044394746
2023-12-05,0.0018793543244199375
2023-12-06,-0.005696763470382758
2023-12-07,0.00961074022340439
2023-12-08,0.007448929856190436
2023-12-11,0.004535584540997914
2023-12-12,0.007904128604319065
2023-12-13,-0.008636592597629687
2023-12-14,0.0015579993146563904
2023-12-15,0.007974175880784124
2023-12-18,0.003474296388683224
2023-12-19,-0.009054049935877339
2023-12-20,0.004136610667339013
2023-12-21,0.0027674851106857445
2023-12-22,-0.0004202502505597412
2023-12-26,0.0022863011840834947
2023-12-27,-0.0021832889734025064
2023-12-28,-0.00401233026398058
2023-12-29,-0.00028246547612753624
2024-01-02,-0.02105075488306354
2024-01-03,0.008141910947223847
2024-01-04,-0.002300107298821543
2024-01-05,0.0005011012812199009
2024-01-08,0.00269248924016821
2024-01-09,0.0038313641419321087
2024-01-10,0.007228594829768758
2024-01-11,0.009440974960933312
2024-01-12,0.006319878621927897
2024-01-16,0.004793865608864231
2024-01-17,0.003458769291240974
2024-01-18,0.010602504822177596
2024-01-19,0.01129726214218153
2024-01-22,-0.0057936359775198005
2024-01-23,-0.009001013183372151
2024-01-24,0.016627290027381208
2024-01-25,0.0033173199368142937
2024-01-26,-0.0032300292146959747
2024-01-29,0.0005029300007373913
2024-01-30,0.003967637517573196
2024-01-31,-0.004057029186949026
2024-02-01,-0.0024097941228635234
2024-02-02,0.013257008350244296
2024-02-05,0.006607795813865233
2024-02-06,-0.014292344308387573
2024-02-07,0.0039600853155195735
2024-02-08,0.0005651064062574553
2024-02-09,0.0038320870097275305
2024-02-12,-0.009798298427715433
2024-02-13,0.007824249302274898
2024-02-14,0.0022622173721305915
2024-02-15,-0.0022267301414357205
2024-02-16,-0.004766850941780479
2024-02-20,-0.0041684239605713075
2024-02-21,-6.474616944041682e-05
2024-02-22,0.018671306826503243
2024-02-23,-0.005990912649517055
2024-02-26,0.007559443454410562
2024-02-27,-0.0018351642469565373
2024-02-28,-0.0033393347347110726
2024-02-29,0.0031238449208144618
2024-03-01,0.002304985327238484
2024-03-04,0.004132632524198777
2024-03-05,-0.0010658087625798286
2024-03-06,-0.009341795998580898
2024-03-07,0.004036306890016835
2024-03-08,-0.0040062868302862
2024-03-11,-0.014371476469837077
2024-03-12,0.013914673464699233
2024-03-13,0.004301146414849635
2024-03-14,0.008351558256459949
2024-03-15,-0.0021400725066676564
2024-03-18,0.0060292709443817115
2024-03-19,0.0038144764862831884
2024-03-20,0.0034637167089429538
2024-03-21,0.0037258739096637035
2024-03-22,0.0032759190778475764
2024-03-25,-0.0013852754509380437
2024-03-26,0.0019762353590860844
2024-03-27,-0.012436721906002108
2024-03-28,-0.006352461161168699
2024-04-01,0.006322474851967105
2024-04-02,0.007674301727994144
2024-04-03,0.008596369747862466
2024-04-04,0.0007570066392250885
2024-04-05,0.0073853484044400005
2024-04-08,-0.0023618559875738607
2024-04-09,-0.007236141620147973
2024-04-10,0.0059025322156620865
2024-04-11,0.0022326649264207306
2024-04-12,0.0029232285465595146
2024-04-15,-0.007599818138480111
2024-04-16,0.0003983243647054012
2024-04-17,-0.013659591636864518
2024-04-18,-0.008260199458067044
2024-04-19,-0.010534051946322303
2024-04-22,-0.0009151778955957973
2024-04-23,0.007074848051135057
2024-04-24,0.0040268686138653495
2024-04-25,-0.0023526984016110954
2024-04-26,0.008395831909324606
2024-04-29,-0.0028690386404707047
2024-04-30,-0.011122168414685071
2024-05-01,-0.0006121180046838138
2024-05-02,-0.002176166616891841
2024-05-03,0.0047913753552377095
2024-05-06,0.004238215565323594
2024-05-07,-0.0036488198399203245
2024-05-08,-0.000890540665483081
2024-05-09,-0.004757888561814604
2024-05-10,-0.0019342441427300343
2024-05-13,-0.010035565521350645
2024-05-14,-0.0004343034609515575
2024-05-15,0.005010671430593485
2024-05-16,-0.00671127545476775
2024-05-17,0.005015449391732259
2024-05-20,0.005769826228587623
2024-05-21,0.0063059845448071245
2024-05-22,-0.009271568099952596
2024-05-23,0.00589971863961211
2024-05-24,-0.0019231788039073617
2024-05-28,0.004746577037563044
2024-05-29,0.006755673090322619
2024-05-30,-0.014470834253570736
2024-05-31,-0.0015955329465756982
2024-06-03,-0.007418932146364043
2024-06-04,-0.0005133975694540665
2024-06-05,0.006215265032351367
2024-06-06,0.0024772333958985723
2024-06-07,0.003864754705855772
2024-06-10,0.0008594887842243146
2024-06-11,0.00026783824203344944
2024-06-12,0.008841129830446883
2024-06-13,0.002726665559362436
2024-06-14,0.0009961035894896165
2024-06-17,0.00736600678835425
2024-06-18,0.005918379773692924
2024-06-20,-0.001978849364891415
2024-06-21,-0.001978465014765617
2024-06-24,-0.002037964973614451
2024-06-25,0.015334122451819315
2024-06-26,0.0038257350472770298
2024-06-27,0.005362996523063448
2024-06-28,0.006649446249515029
2024-07-01,0.004550360068258218
2024-07-02,0.010458564293149814
2024-07-03,-0.00020004234333806045
2024-07-05,0.0019253500753610773
2024-07-08,-0.00025613441725586613
2024-07-09,0.008707358257689054
2024-07-10,-0.004512050509705864
2024-07-11,-0.0163592860661906
2024-07-12,-0.004649027309232581
2024-07-15,0.010333562429380532
2024-07-16,-0.011596042709435043
2024-07-17,-0.016448175872990536
2024-07-18,-0.0005652449595777693
2024-07-19,-0.005192804705380473
2024-07-22,0.003065854455726975
2024-07-23,0.0005900461524626097
2024-07-24,-0.011838464486725934
2024-07-25,-0.0027297402844693895
2024-07-26,-0.02132174468829052
2024-07-29,0.0004732568275949185
2024-07-30,0.000712930625915983
2024-07-31,0.004228146033024376
2024-08-01,-0.004307370352116016
2024-08-02,-0.013948333344537784
2024-08-05,0.0025588781242993665
2024-08-06,0.006677947675377563
2024-08-07,3.028211172670614e-05
2024-08-08,0.0013487923045695403
2024-08-09,0.006183663238841787
2024-08-12,0.0034899060454766004
2024-08-13,-0.01655309958113909
2024-08-14,0.005884995714489126
2024-08-15,-0.006077109562813789
2024-08-16,0.0019446418906859159
2024-08-19,0.0015276321506753675
2024-08-20,-0.0042453143678857965
2024-08-21,-0.0037676351991767086
2024-08-22,0.002536629029104223
2024-08-23,0.00010879309331690969
2024-08-26,-0.002281396479452716
2024-08-27,-0.004524776229501415
2024-08-28,0.005646144481456423
2024-08-29,-0.0014206701460114594
2024-08-30,0.0012710838583487286
2024-09-03,0.002866323939628057
2024-09-04,0.0008263682498310833
2024-09-05,0.0009492723748755742
2024-09-06,-0.00820854708855407
2024-09-09,0.002067945925077715
2024-09-10,0.0004219647171004814
2024-09-11,-0.008719273661727932
2024-09-12,0.004389531608969688
2024-09-13,-0.002346831748287366
2024-09-16,-0.0014662536840111008
2024-09-17,-0.00011762225187028839
2024-09-18,0.0034539561696984244
2024-09-19,0.01126000807073641
2024-09-20,-0.000732713144229818
2024-09-23,-0.0023437450282393297
2024-09-24,-0.0038032601636880823
2024-09-25,-0.0031484914352948503
2024-09-26,-0.020462080434664114
2024-09-27,-6.805203862177522e-05
2024-09-30,0.00806825622230676
2024-10-01,0.005258078466827647
2024-10-02,0.001804890842497471
2024-10-03,0.004176698599146799
2024-10-04,0.0015023751449686814
2024-10-07,-0.0025131596879239613
2024-10-08,-0.00012794145682241517
2024-10-09,0.000812708624809485
2024-10-10,-0.002334310730361616
2024-10-11,-0.0011019503883329214
2024-10-14,0.0002995916641433507
2024-10-15,-0.0019083023593612723
2024-10-16,-0.0012341818554636643
2024-10-17,-0.0014076959190299418
2024-10-18,0.006350099713512362
2024-10-21,0.004037590976690938
2024-10-22,-4.744566876021682e-05
2024-10-23,-0.0017604225075729565
2024-10-24,0.002825549580279742
2024-10-25,0.0005340078934267288
2024-10-28,-0.0005619625094502439
2024-10-29,-7.859350922189318e-06
2024-10-30,0.001250718608890399
2024-10-31,0.010677888100913288
2024-11-01,-0.013004982245341795
2024-11-04,0.003554314232516561
2024-11-05,0.004915455062782577
2024-11-06,0.019440687215283445
2024-11-07,-0.0065736859650655545
2024-11-08,0.008086581885291481
2024-11-11,0.010995776220291355
2024-11-12,0.0038743040281160692
2024-11-13,-0.0013765892629167748
2024-11-14,-0.00314866850345899
2024-11-15,0.008859909984800468
2024-11-18,-0.002041181608609626
2024-11-19,0.008816996236564017
2024-11-20,0.00032553129134530254
2024-11-21,-0.009762943972624104
2024-11-22,-0.007740262171119533
2024-11-25,-0.014953570711785139
2024-11-26,0.008786495742397345
2024-11-27,-0.005392257939715027
2024-11-29,0.0013597307082671062
2024-12-02,-0.0019949003507354897
2024-12-03,0.004186711913682651
2024-12-04,0.0034018429210324543
2024-12-05,0.007883340455792616
2024-12-06,-0.001335056876608785
2024-12-09,-0.014490024518152053
2024-12-10,0.007981183220077938
2024-12-11,0.012403108458307659
2024-12-12,-0.0004067385950450375
2024-12-13,0.0020768016769546335
2024-12-16,0.005918268554551754
2024-12-17,0.0012415128824831505
2024-12-18,-0.009896521531773407
2024-12-19,0.009367014919236456
2024-12-20,-0.0012243572822863542
2024-12-23,0.0009468137098177225
2024-12-24,0.006430422267632849
2024-12-26,-0.0050812691946899345
2024-12-27,-0.005132784173706517
2024-12-30,0.001523852296085599
2024-12-31,-0.009397216626779364
2025-01-02,0.0010026430460093716
2025-01-03,0.0009382407069546562
2025-01-06,0.0011848145780530381
2025-01-07,-0.01312559225188645
2025-01-08,0.0073671720560202466
2025-01-10,-0.009392770682197623
2025-01-13,0.0016517588891992092
2025-01-14,0.007984620295401984
2025-01-15,0.009711286626413785
2025-01-16,-0.004746480816317528
2025-01-17,0.004582212084962927
2025-01-21,-0.0023113234186198294
2025-01-22,9.095630289149238e-05
2025-01-23,-0.002680506957270468
2025-01-24,0.003475049942986111
2025-01-27,-0.02499350855388928
2025-01-28,0.0061855673607124585
2025-01-29,0.006314569754646432
2025-01-30,0.00017531175008760543
2025-01-31,0.000934846041581208
2025-02-03,-0.0007196408066463605
2025-02-04,0.00271370821211349
2025-02-05,-0.0025971554915068013
2025-02-06,0.004852277718304246
2025-02-07,0.0027147907492740854
2025-02-10,-0.00012729699196220543
2025-02-11,-0.003856653200531288
2025-02-12,-0.004150765350486701
2025-02-13,-0.002975376517959642
2025-02-14,0.006372652631827737
2025-02-18,-0.016590621507693627
2025-02-19,-0.0064826310111113965
2025-02-20,-0.008144278229505529
2025-02-21,-0.014907935297159208
2025-02-24,0.0010897278179807872
2025-02-25,-0.005686976320971856
2025-02-26,0.0097081692981409
2025-02-27,-0.002852520546333938
2025-02-28,0.004310051178797463
2025-03-03,-0.010351904796906218
2025-03-04,-0.00667358429988024
2025-03-05,-0.008414185748533035
2025-03-06,-0.012717202003018542
2025-03-07,-0.01024102575958081
2025-03-10,-0.009806097480375482
2025-03-11,0.005953653235708483
2025-03-12,0.008817178799568915
2025-03-13,-0.010759483053586242
2025-03-14,0.007059839024717834
2025-03-17,-0.0021539255773260347
2025-03-18,-0.005727493434764552
2025-03-19,0.015382689330269345
2025-03-20,0.001609094451958329
2025-03-21,-0.0011326420642997976
2025-03-24,0.008504827303089319
2025-03-25,0.0073911531398708616
2025-03-26,-0.008711038186814736
2025-03-27,-0.005525388944670638
2025-03-28,-0.00906564346011403
2025-03-31,-0.00048155713161922287
2025-04-01,0.009363064814993842
2025-04-02,-0.00022038035317766466
2025-04-03,-0.030092822400360077
2025-04-04,-0.0036469551654305593
2025-04-07,0.003998570696007182
2025-04-08,0.006266017054730008
2025-04-09,0.0210235114155386
2025-04-10,-0.0008614682289211382
2025-04-11,-0.0016425774175036897
2025-04-14,-0.0047291591801271494
2025-04-15,0.003754867315166086
2025-04-16,-0.008666815394812337
2025-04-17,-0.003913281882505712
2025-04-21,-0.012403244766728916
2025-04-22,0.00171482408475537
2025-04-23,0.0072160124556759665
2025-04-24,0.004750345287751551
2025-04-25,0.0067683669089681035
2025-04-28,-0.002245883204258097
2025-04-29,0.004264673723545096
2025-04-30,-0.009536190091363186
2025-05-01,0.00602590262628715
2025-05-02,0.0009480214844242922
2025-05-05,0.002671160845335433
2025-05-06,0.015265390230118293
2025-05-07,0.002673171482366822
2025-05-08,0.004689766951541688
2025-05-09,-0.0037223752359210865
2025-05-12,0.0019569020314377074
2025-05-13,0.016248501300523913
2025-05-14,0.021200939313674012
2025-05-15,-0.0003080519717319203
2025-05-16,-0.00035096737749107246
2025-05-19,-0.00159653825942335
2025-05-20,-0.005822827898952412
2025-05-21,-0.0006666826357034702
2025-05-22,0.001848517883330392
2025-05-23,-0.003995421086241176
2025-05-27,0.0035541874543357586
2025-05-28,5.172601304983621e-05
2025-05-29,-0.002929477460687014
2025-05-30,0.00929540858740036
2025-06-02,0.005699391560257584
2025-06-03,0.004855868518195717
2025-06-04,-0.0035931401095740017
2025-06-05,0.0038112505164656406
2025-06-06,-0.01059364581017052
2025-06-09,-0.003810414195636349
2025-06-10,-0.006860281741011598
2025-06-11,0.002644989593792837
2025-06-12,-0.0030139603203525474
2025-06-13,-0.010673357323445935
2025-06-16,0.012749489813747059
2025-06-17,0.013578701128792786
2025-06-18,0.00018060476033353347
2025-06-20,0.001589304058649043
2025-06-23,-0.0024660401527651604
2025-06-24,0.004752256787797641
2025-06-25,0.006984801565604107
2025-06-26,0.003910678704077056
2025-06-27,0.002326285176637792
2025-06-30,0.003859194586791897
2025-07-01,-0.015491614944664087
2025-07-02,-0.005768955554751198
2025-07-03,0.004498814843020107
2025-07-07,0.004959665300129484
2025-07-08,-0.003225590353469372
2025-07-09,0.000260247903478196
2025-07-10,-0.01023385642182403
2025-07-11,-0.00463668193303764
2025-07-14,0.0011196485862679279
2025-07-15,0.013052840012419215
2025-07-16,-0.002489784173372469
2025-07-17,-0.005743279823217573
2025-07-18,0.006932815995584142
2025-07-21,0.0014135400679290678
2025-07-22,-0.0222089474265722
2025-07-23,0.009527608880504359
2025-07-24,0.0023229654531262845
2025-07-25,-0.0011206911467837044
2025-07-28,0.008143179269808143
2025-07-29,-0.0033529791062341975
2025-07-30,0.010881357279130527
2025-07-31,0.006502851023016822
2025-08-01,-0.0027332767079318587
2025-08-04,0.007122029834511772
2025-08-05,-0.007410951541019707
2025-08-06,-0.004283550882409865
2025-08-07,-0.005309074012427422
2025-08-08,-0.0024238471104386108
2025-08-11,0.002126352819443582
2025-08-12,0.00020868563615097813
2025-08-13,-0.009489226313934007
2025-08-14,0.0013774944513147748
2025-08-15,-0.016459433103868847
2025-08-18,-0.001161414682068622
2025-08-19,-0.008375246643361235
2025-08-20,-0.0006834559147103739
2025-08-21,0.003057423981001201
2025-08-22,-0.005816461131766413
2025-08-25,0.007045959384061869
2025-08-26,0.0066119403050665555
2025-08-27,0.0015084707638857394
2025-08-28,0.0022158277265017404
2025-08-29,-0.016867574813734368
2025-09-02,0.003968148304198528
2025-09-03,-0.002571198620798862
2025-09-04,0.003508457544354921
2025-09-05,-0.0019153216850307968
2025-09-08,0.004732731566023853
2025-09-09,-3.004314238317968e-05
2025-09-10,0.013480795855741636
2025-09-11,-0.0022487544337673735
2025-09-12,0.006574210923781207
2025-09-15,0.004220033708725271
2025-09-16,-0.004098159278255973
2025-09-17,-0.0018380807387041996
2025-09-18,0.00353480348363018
2025-09-19,-0.000716856483579971
2025-09-22,-0.0029390904566727726
2025-09-23,0.0031508578819351694
2025-09-24,-0.003935604696793675
2025-09-25,0.004014616427077721
2025-09-26,-0.001584535261826591
2025-09-29,-0.0012909073104774794
2025-09-30,0.0030061120408575014
2025-10-01,-4.753019436486025e-05
2025-10-02,-0.004379802527471781
2025-10-03,-0.009155172510477243
2025-10-06,0.0003008924499667973
2025-10-07,0.00044090031403887947
2025-10-08,0.0031811461763701075
2025-10-09,-0.0022928022170992353
2025-10-10,-0.0018291523215342507
2025-10-13,0.007707184009013534
2025-10-14,-0.0012446578995043917
2025-10-15,0.002491484430211653
2025-10-16,-0.0027027540905273486
2025-10-17,-0.001767756218871629
2025-10-20,0.00038074003242434453
2025-10-21,-0.004828150677208668
2025-10-22,-0.006529653565888871
2025-10-23,0.0013885518287712318
2025-10-24,0.006443501520608935
2025-10-27,0.004571575883457456
2025-10-28,-0.00327867280625796
2025-10-29,0.020486875641468567
2025-10-30,0.0012875719368170813
2025-10-31,-0.002795403235268291
2025-11-03,0.00484239234879257
2025-11-04,-0.00420966964496593
2025-11-05,-0.008394424308913491
2025-11-06,0.004540323567962166
2025-11-07,-0.002910590553467495
2025-11-10,0.007305142809725384
2025-11-11,-0.0023946838340591866
2025-11-12,-0.0071371047313330644
2025-11-13,-0.010230947712324415
2025-11-14,0.004669515341752489
2025-11-17,-0.004674817900384134
2025-11-18,0.00409684088344579
2025-11-19,0.001011667747767083
2025-11-20,-0.006422257568890614
2025-11-21,-0.009697507991398313
2025-11-24,0.009062500907764566
2025-11-25,-0.008258537249030879
2025-11-26,0.004892045934630848
2025-11-28,0.002264257774252253
2025-12-01,-0.005044636795960138
2025-12-02,0.0024293845753288177
2025-12-03,-0.003523015697062912
2025-12-04,0.007767154061962483
2025-12-05,-0.0016309355539071305
2025-12-08,0.005612376043376588
2025-12-09,0.002134498883455694
2025-12-10,0.00015623791378290353
2025-12-11,0.004447653768186316
2025-12-12,-0.013336898466143879
2025-12-15,-0.00131196674902262
2025-12-16,-0.0026084982967020977
2025-12-17,-0.014386932493734648
2025-12-18,0.0034808557969016477
2025-12-19,0.011834350938624293
2025-12-22,0.003288650903705086
2025-12-23,0.0005782095135799087
2025-12-24,-0.003200693355493637
2025-12-26,-0.0037964634395732996
2025-12-29,-0.005951766503042098
2025-12-30,-0.003345115201002354
2025-12-31,-0.0024739901150083164
2026-01-02,0.011088634921435943
2026-01-05,-0.0003964524103377946
2026-01-06,0.0012661176348900875
2026-01-07,-0.005254376830283954
2026-01-08,-0.002597090092927223
2026-01-09,0.0023472687371383963
2026-01-12,-0.004763133629589828
2026-01-13,0.00690927388456184
2026-01-14,-0.0027305696521096536
2026-01-15,0.005350789218421944
2026-01-16,-0.008657603591307926
2026-01-20,0.004212543931513483
2026-01-21,-0.002395200999100601
2026-01-22,-0.003831943725505337
2026-01-23,-0.0029782667111473045
2026-01-26,-0.0015147937373651173
2026-01-27,-0.00957135061410585
2026-01-28,0.002134699536525401
2026-01-29,-0.00692591597788746
2026-01-30,-0.010674094340237509
2026-02-02,-0.001708910507252213
2026-02-03,0.01946361640473733
2026-02-04,-0.006050013908525281
2026-02-05,0.00018324177251493072
2026-02-06,0.009228650257078322
2026-02-09,0.002089964297389635
2026-02-10,-0.0029831159401962383
2026-02-11,7.352263162333525e-06
2026-02-12,-0.010896730347704414
2026-02-13,0.010264501126224722
2026-02-17,-0.0030093546235181136
2026-02-18,-0.00034733497866437863
2026-02-19,-5.9892063892758924e-05
2026-02-20,-3.0408564296138677e-05
2026-02-23,-0.0024503965828738816
2026-02-24,-0.005818918262797367
2026-02-25,-1.5640809501962267e-05
2026-02-26,-0.006165450347349671
2026-02-27,-0.007332279498096545
2026-03-02,-0.0033086206432818193
2026-03-03,-0.013368504553544243
2026-03-04,0.005734658262614031
2026-03-05,-0.016053689347120127
2026-03-06,-0.003605251536145466
2026-03-09,0.008750814464884741
2026-03-10,0.0052774568713822665
2026-03-11,0.0023603315517612172
2026-03-12,-0.004089967065950939
2026-03-13,-0.005384426790288978
2026-03-16,-0.0032549134359392586
2026-03-17,-0.0027633480445371085
2026-03-18,0.002085706566534763
2026-03-19,-0.005535824662773089
2026-03-20,-0.006396827176026926
2026-03-23,0.00011104875700964056
2026-03-24,0.0070530262722332164
2026-03-25,0.008322401003459214
2026-03-26,-0.011524074888997479
2026-03-27,0.0013882827386636823
2026-03-30,-0.0061084864211637235
2026-03-31,0.013855967902262165
2026-04-01,0.007834873034540132
2026-04-02,-0.006835309009123767
2026-04-06,0.0007608288146445781
2026-04-07,0.0031425769854750247
2026-04-08,0.0024170823064412514
2026-04-09,0.00579220547082839
2026-04-10,0.0023863016557652385
2026-04-13,-0.01573016489661709
2026-04-14,0.005718810566776201
2026-04-15,-0.0011981761160558676
2026-04-16,-0.0031072590572648515
2026-04-17,0.007544325915653624
2026-04-20,-0.003917405437152555
2026-04-21,-0.001253411769132148
2026-04-22,-0.0035151686074765794
2026-04-23,0.019864355446529147
2026-04-24,-0.006280642965210451
2026-04-27,-0.00287148544908665
2026-04-28,-0.0033363465830984706
2026-04-29,-0.00855562003979268
2026-04-30,0.011043560507082634
2026-05-01,-0.0009458683733687434
2026-05-04,-0.005645584916777149
2026-05-05,-0.005055447240075009
2026-05-06,-0.0011643597762503572
2026-05-07,-0.006390935541234841
2026-05-08,-0.0010690971470933785
2026-05-11,0.0010201461549892718
2026-05-12,0.010086414144988164
2026-05-13,0.007140900861401156
2026-05-14,-8.590000921485696e-05
2026-05-15,-0.00816717387019948
2026-05-18,-0.01253908986934701
2026-05-19,0.0033140300836674696
2026-05-20,-0.008978712200108664
2026-05-21,8.654965289418251e-06
2026-05-22,-0.006344893448624392
2026-05-26,-0.0077471746395368106
2026-05-27,0.007537032557505428
2026-05-28,-0.0032376662648458806
2026-05-29,-0.02745065613750088
2026-06-01,-0.021558387048575014
2026-06-02,-0.0012781188511960255
2026-06-03,0.008239231419681827
2026-06-04,0.006920201292580219
2026-06-05,0.011026579293780063
2026-06-08,-0.0024205845939290634
2026-06-09,0.006244053906461042
2026-06-10,0.011815869399496085
2026-06-11,-2.3839931631757525e-05
2026-06-12,0.0016040980093787367
2026-06-15,-0.01068704275546995
2026-06-16,0.004877335414718908
2026-06-17,0.001682287341785261
2026-06-18,-0.01221663593411744
2026-06-22,-0.006346958079014641
2026-06-23,0.0056780582057013316
2026-06-24,0.0023602171479095075
2026-06-25,0.0006009583769953238
2026-06-26,0.01038786320049902
2026-06-29,0.0057390458298034125
2026-06-30,-0.0033300617479844045
2026-07-01,0.009157663479222589
2026-07-02,0.004458767185834245
2026-07-06,-0.005104319455147921
2026-07-07,0.0036650117131965276
2026-07-08,-0.006120359908157648
2026-07-09,-0.002318407422655978
2026-07-10,-0.000957385741804329
2026-07-13,0.0024454463881581332
2026-07-14,0.0009403612374936974
2026-07-15,0.0035435732157771452
2026-07-16,-0.003825839388509254
2026-07-17,-0.00025466939103215545
2026-07-20,-0.005650376902728663
2026-07-21,0.001208485639563153
2026-07-22,-0.011156602799008914
2026-07-23,-0.007156442056854818
2026-07-24,-0.0018454435962394996
2026-07-27,-0.007291901811384131
2026-07-28,0.0002667705117468164
2026-07-29,0.009624548874303652
2026-07-30,-5.039318954369598e-05
2026-07-31,0.0009581162488534785
2026-08-03,-5.5082832683777126e-05
2026-08-04,-0.01147781198153841
2026-08-05,-0.0013527324166098113
2026-08-06,-0.00038280414237175646
2026-08-07,-0.007812701914853743
2026-08-10,0.005823030025075148
2026-08-11,-0.00643138488166582
2026-08-12,-0.005783277033908592
2026-08-13,0.0024374274281276104
