date,0
2006-01-03,-0.0019617984820496023
2006-01-04,0.0016951905365707582
2006-01-05,0.00674058606622643
2006-01-06,-0.0024237269410297903
2006-01-09,-0.002560031449163926
2006-01-10,-0.004826546025116267
2006-01-11,0.003224160200017606
2006-01-12,0.002959789234486976
2006-01-13,-0.002165208224594572
2006-01-17,-0.012192335770641488
2006-01-18,-0.00016305591095354177
2006-01-19,0.0026960236281295593
2006-01-20,-0.005918462748537483
2006-01-23,-0.004097037873392274
2006-01-24,-0.0039044272049463292
2006-01-25,0.009121897324530906
2006-01-26,0.004675728848721714
2006-01-27,-0.00455458623143527
2006-01-30,-0.0076080533396779
2006-01-31,-0.004961043219644186
2006-02-01,0.010113579048105186
2006-02-02,0.0035763052432709304
2006-02-03,-0.001993961600003958
2006-02-06,-0.005601725741699455
2006-02-07,0.018307939906249064
2006-02-08,0.008200009262738622
2006-02-09,0.006307597857529151
2006-02-10,0.004437252542281539
2006-02-13,-6.913235892204877e-05
2006-02-14,0.0047861219677635385
2006-02-15,0.0056383670480650615
2006-02-16,-0.004659489260791239
2006-02-17,0.0006530598720752368
2006-02-21,-0.010335475618437695
2006-02-22,0.0043521830905812265
2006-02-23,-0.0018845221897475992
2006-02-24,-0.003609676601254887
2006-02-27,0.009819222767610906
2006-02-28,0.007917606365219147
2006-03-01,-0.0015585869919539103
2006-03-02,-0.0071400027738914565
2006-03-03,0.0017095272059579952
2006-03-06,0.0106523021081341
2006-03-07,0.004127437550761379
2006-03-08,0.0006508514694510991
2006-03-09,0.0027546118288819875
2006-03-10,-0.002555282604766922
2006-03-13,0.0010187534957581729
2006-03-14,-0.00645556940632057
2006-03-15,-0.002271817185200694
2006-03-16,-0.007652539788433863
2006-03-17,0.0017571343572465791
2006-03-20,0.011574689193229067
2006-03-21,0.0059312835983413225
2006-03-22,-0.00244819323519346
2006-03-23,-0.011874491646442404
2006-03-24,0.00022532826056373092
2006-03-27,-0.0012774624511418416
2006-03-28,-0.0053222838279273375
2006-03-29,0.0013742098740171405
2006-03-30,-0.0004472105885202714
2006-03-31,0.0010719711781548812
2006-04-03,0.0035727838640409013
2006-04-04,-0.004118933113364603
2006-04-05,-0.004264496228470757
2006-04-06,-0.0013537978700128759
2006-04-07,-0.000251216579394689
2006-04-10,-0.007904393901054529
2006-04-11,0.0023248136035397176
2006-04-12,-0.0007341194679865019
2006-04-13,0.0031969688708325095
2006-04-17,-0.011129044726471967
2006-04-18,-0.006608024853243527
2006-04-19,0.0004048119776650102
2006-04-20,0.004706626948140009
2006-04-21,-0.009180951008486237
2006-04-24,0.0022701209184760726
2006-04-25,0.007957416578361855
2006-04-26,0.002557320432872799
2006-04-27,0.0150739524179767
2006-04-28,-0.0047507174058287974
2006-05-01,-0.002581586072425723
2006-05-02,-0.006557111501571263
2006-05-03,0.006402597596809005
2006-05-04,0.007100659420126948
2006-05-05,-0.0050602763971080225
2006-05-08,0.0031022475847651745
2006-05-09,-0.005159157535267761
2006-05-10,-0.009288613433515431
2006-05-11,0.006116381925868552
2006-05-12,0.00495340603498462
2006-05-15,0.015852735825831594
2006-05-16,-0.0009102297018241108
2006-05-17,0.0015146520309778603
2006-05-18,-0.0008634210178547581
2006-05-19,0.0010377111590027992
2006-05-22,0.002391223405869642
2006-05-23,-0.000965532657257437
2006-05-24,0.008561418152947382
2006-05-25,-0.0075974406284016315
2006-05-26,-0.0046368305238207825
2006-05-30,0.0013323114492508573
2006-05-31,-0.005991826742422426
2006-06-01,0.001343477928020388
2006-06-02,-0.005196871713613337
2006-06-05,0.006911418005433963
2006-06-06,0.004546537619008839
2006-06-07,0.009396294604044989
2006-06-08,-0.0021176595865880312
2006-06-09,-0.0012252216667434698
2006-06-12,0.00938387816264525
2006-06-13,0.012697538617626508
2006-06-14,-0.007136844154769718
2006-06-15,0.0005895020070496085
2006-06-16,0.0010876065009458675
2006-06-19,0.0090494398431653
2006-06-20,0.004105473037232845
2006-06-21,-0.009687059538978068
2006-06-22,-0.003001454010376131
2006-06-23,-0.014758549314933879
2006-06-26,-0.002336636737175569
2006-06-27,-0.0009306846871052842
2006-06-28,-0.0010018105533559322
2006-06-29,-0.005089348478067394
2006-06-30,-0.004847829650528052
2006-07-03,-0.0043145455387615435
2006-07-05,-0.00033509644569047433
2006-07-06,-0.00012676960177443225
2006-07-07,0.002413047378414315
2006-07-10,-0.005961487295162812
2006-07-11,-0.0036597023488200964
2006-07-12,-0.006719504951878806
2006-07-13,0.005338263786662923
2006-07-14,-0.004180083716993366
2006-07-17,0.01784137322004599
2006-07-18,0.008078008691458135
2006-07-19,-0.0021459446317532694
2006-07-20,0.011020467095994994
2006-07-21,0.011340939968012088
2006-07-24,-0.004295003616153208
2006-07-25,-0.012851144032222326
2006-07-26,-0.0078102203194077065
2006-07-27,0.011871759400014423
2006-07-28,0.004222387591241426
2006-07-31,-0.010160086873338131
2006-08-01,-0.007324512899497688
2006-08-02,-0.002169709334820659
2006-08-03,-0.0041977120621644794
2006-08-04,0.0011781003720117457
2006-08-07,-0.006421086299414486
2006-08-08,0.004379990444242979
2006-08-09,0.00480418874644371
2006-08-10,0.0008851932813583386
2006-08-11,0.002178523261570722
2006-08-14,0.011206170653344515
2006-08-15,-0.0005022318514942239
2006-08-16,-0.0023029771734318413
2006-08-17,0.0047778012696056
2006-08-18,-0.002685470325928668
2006-08-21,-0.0018240901464655344
2006-08-22,-0.00046785169537519534
2006-08-23,0.0069564351736807134
2006-08-24,-0.0010510273475457656
2006-08-25,0.002006036918912632
2006-08-28,0.010058047987421303
2006-08-29,0.008505016459766479
2006-08-30,0.00883110186226191
2006-08-31,-0.002649619094765369
2006-09-01,2.9422062836752807e-05
2006-09-05,-0.007770337994972055
2006-09-06,0.005640372452586881
2006-09-07,0.004766085316999216
2006-09-08,0.007409548529829859
2006-09-11,0.015710947323934268
2006-09-12,-0.0028281171227652214
2006-09-13,-0.010585905999773337
2006-09-14,0.006340603134963385
2006-09-15,-0.001859746790406893
2006-09-18,-0.011308533742641912
2006-09-19,0.006368759310450775
2006-09-20,0.013250769927907545
2006-09-21,-0.0027984817419055004
2006-09-22,0.002862519817165315
2006-09-25,0.0025759754818707016
2006-09-26,-0.0031774900068706913
2006-09-27,-0.0034491612844599075
2006-09-28,0.0021600402081859947
2006-09-29,0.0005480346082193318
2006-10-02,-0.004582500068556292
2006-10-03,0.011990707281523289
2006-10-04,0.00035519324351683263
2006-10-05,-0.012314556686442117
2006-10-06,0.002110565477330204
2006-10-09,0.004203945324220208
2006-10-10,-0.010432110602107534
2006-10-11,0.007416616311239869
2006-10-12,-0.005291377201186612
2006-10-13,-0.0016817438784453949
2006-10-16,-0.006282202299595647
2006-10-17,0.0020129660940626636
2006-10-18,0.006958296356395145
2006-10-19,-0.0021580244178519645
2006-10-20,0.01010314206682887
2006-10-23,0.0028105141011096017
2006-10-24,-0.009875036063920756
2006-10-25,0.005560984241731334
2006-10-26,-0.0008623527123525371
2006-10-27,0.0024138005402358307
2006-10-30,0.0034579992153802855
2006-10-31,0.0004374632427084986
2006-11-01,0.0030213030680289093
2006-11-02,-0.0008713058128816504
2006-11-03,-0.005410597251813598
2006-11-06,0.002073842583300818
2006-11-07,0.007974515979524898
2006-11-08,0.00021885015383076945
2006-11-09,-0.000746056835168013
2006-11-10,0.0005210291661644655
2006-11-13,0.0036072909627353333
2006-11-14,-0.00010691118846032476
2006-11-15,-0.006045890815786472
2006-11-16,0.01155677285873273
2006-11-17,-0.005494102589064575
2006-11-20,-0.007237371128169177
2006-11-21,-0.006542747227947699
2006-11-22,-0.001765833718730138
2006-11-24,-0.0012832606176605367
2006-11-27,0.00038936444497486653
2006-11-28,0.000862829242893638
2006-11-29,-0.007733670057332568
2006-11-30,-0.0033575573748557755
2006-12-01,-0.004285801853497831
2006-12-04,0.0007454270994577645
2006-12-05,-0.0005843331814060132
2006-12-06,-0.0051085217426065765
2006-12-07,-0.00202395162212645
2006-12-08,-0.0010754804363950462
2006-12-11,0.0034727107389004096
2006-12-12,0.004258375822463795
2006-12-13,0.0004645018857424183
2006-12-14,-0.001562670380221637
2006-12-15,0.0009478465559255937
2006-12-18,0.006458932240673505
2006-12-19,-0.0005155431302740483
2006-12-20,0.004005167424232867
2006-12-21,0.003509225238244189
2006-12-22,-0.0005578406059948575
2006-12-26,0.002051663846749304
2006-12-27,-0.00332560251358383
2006-12-28,0.0016965958077928105
2006-12-29,-0.0006899940618151184
2007-01-03,0.012106755382579156
2007-01-04,0.010911744172768599
2007-01-05,-0.007050917494936067
2007-01-08,-0.0018861094240749062
2007-01-09,0.0062551232343960065
2007-01-10,0.005256051339001062
2007-01-11,0.001287282186736061
2007-01-12,-0.006007887615395895
2007-01-16,-0.0007817800460827842
2007-01-17,-0.007825142818284744
2007-01-18,-0.003982765637664151
2007-01-19,-0.01135676408009616
2007-01-22,-0.0003090676974540484
2007-01-23,-0.014001597998019357
2007-01-24,0.005192417258734898
2007-01-25,0.005174918089936584
2007-01-26,-0.0015264556745763736
2007-01-29,0.0036842595207438322
2007-01-30,-0.010121688905667775
2007-01-31,-0.003271446867121653
2007-02-01,-0.0033261749076760466
2007-02-02,-0.0030436252312522755
2007-02-05,0.002824121443171905
2007-02-06,0.0013097259211190039
2007-02-07,0.005441410269801165
2007-02-08,-0.00031787047233446943
2007-02-09,-0.0009617052864755662
2007-02-12,0.006753499905853626
2007-02-13,-0.004527509477331341
2007-02-14,-0.0017121840103466622
2007-02-15,0.002061966719230341
2007-02-16,-0.001224982307542206
2007-02-20,0.0019215179299924884
2007-02-21,-0.005689952526048194
2007-02-22,0.003187643591988825
2007-02-23,-0.0003991021260172543
2007-02-26,-0.0007694231025623967
2007-02-27,0.001089756083682342
2007-02-28,0.0033385215964378137
2007-03-01,-0.002055586481488094
2007-03-02,9.884182841716924e-05
2007-03-05,0.0059931908529660795
2007-03-06,-0.00241927855233497
2007-03-07,-0.006706442979992405
2007-03-08,-0.0008475570432446959
2007-03-09,0.0023519627718135354
2007-03-12,0.003487895822625099
2007-03-13,0.0033314124650509667
2007-03-14,-0.0037707448912513808
2007-03-15,-0.002096700282526401
2007-03-16,0.006864555935178396
2007-03-19,-0.0051100544067816224
2007-03-20,0.0007585733016085563
2007-03-21,-0.0022848639918047788
2007-03-22,0.0009063221135321854
2007-03-23,-0.006195781104087137
2007-03-26,0.002025208493550463
2007-03-27,0.002280178159622687
2007-03-28,-0.00011517225909397913
2007-03-29,-0.0003081952568190985
2007-03-30,0.0038712607513568574
2007-04-02,-0.0005336012270509972
2007-04-03,0.0007493333209106755
2007-04-04,-0.00045937350083973216
2007-04-05,0.000459095235214951
2007-04-09,-0.003207046349830597
2007-04-10,-0.0009698136638209135
2007-04-11,0.0007786717726989136
2007-04-12,-0.0026540677486579676
2007-04-13,0.0031122139301099066
2007-04-16,-0.0059114858378522765
2007-04-17,0.003604633492940563
2007-04-18,0.000989063448790534
2007-04-19,0.00497098578919578
2007-04-20,-0.0004935008591466482
2007-04-23,-0.0026482027702951494
2007-04-24,0.008962474204261326
2007-04-25,0.004846576993418809
2007-04-26,0.002306481473808263
2007-04-27,-0.0009845355907832246
2007-04-30,0.004453818224851272
2007-05-01,0.0010258597422395572
2007-05-02,-0.002378553656081449
2007-05-03,7.296217832079743e-05
2007-05-04,0.0003815527636538895
2007-05-07,0.0014038869578115933
2007-05-08,-0.001148569605513373
2007-05-09,0.0013472494308331459
2007-05-10,0.001348020963578707
2007-05-11,-0.0024527750140955398
2007-05-14,0.0035188069944670926
2007-05-15,-0.001284687957682288
2007-05-16,0.001411367215052346
2007-05-17,-0.008076765702284815
2007-05-18,-0.0009992779161050944
2007-05-21,0.0002099915466549809
2007-05-22,0.0033039860627281786
2007-05-23,-0.003281025414805225
2007-05-24,0.005010426033396691
2007-05-25,0.0009974488709710446
2007-05-29,0.0005915997363894113
2007-05-30,-0.004667021185472617
2007-05-31,0.006579646789966658
2007-06-01,-0.0015934339516966941
2007-06-04,-0.0005173362947248786
2007-06-05,-0.00017010373800221783
2007-06-06,0.002309851680372489
2007-06-07,0.0037935192153250043
2007-06-08,-0.0036969914047850034
2007-06-11,-0.003517686919807816
2007-06-12,0.002039008249735343
2007-06-13,-0.0054982010831789606
2007-06-14,0.0003641244085473658
2007-06-15,0.0026497189639593647
2007-06-18,0.0015844930748645332
2007-06-19,-0.0029609236381924415
2007-06-20,0.007314515926742331
2007-06-21,0.00115134326012398
2007-06-22,0.0001505621257431812
2007-06-25,0.006123673939322348
2007-06-26,0.005339388488344261
2007-06-27,0.0040560422623341546
2007-06-28,0.0007989334573880463
2007-06-29,-0.0019805851605613485
2007-07-02,0.00018749677863648607
2007-07-03,0.0023614983482904786
2007-07-05,0.004282210052269424
2007-07-06,-0.002787923705636297
2007-07-09,0.0011809251297991365
2007-07-10,0.006077165106381635
2007-07-11,0.0010251693474245078
2007-07-12,-0.0007401448238756314
2007-07-13,-0.0024373242608841713
2007-07-16,0.008382215018457262
2007-07-17,0.0028743925485242806
2007-07-18,-0.006735402654712478
2007-07-19,0.004310956571633327
2007-07-20,0.0027794046434253196
2007-07-23,0.0038231497995747533
2007-07-24,0.00866609771537554
2007-07-25,0.00669300341631068
2007-07-26,0.009049390840891949
2007-07-27,0.002809889894369964
2007-07-30,-0.0054201512407559055
2007-07-31,0.0046066470537502084
2007-08-01,0.011148275614501227
2007-08-02,0.0043791154193630185
2007-08-03,0.012339911868454964
2007-08-06,-0.005904217009624181
2007-08-07,-0.011491068743148583
2007-08-08,-0.006597786433600231
2007-08-09,0.006894426977318487
2007-08-10,-0.003731615265202994
2007-08-13,0.003167671409485922
2007-08-14,0.007343655390779848
2007-08-15,0.009973937901938311
2007-08-16,-0.006359036494339614
2007-08-17,-0.011341317589052794
2007-08-20,0.003062036336551865
2007-08-21,0.007469823456660219
2007-08-22,-0.004609195823150215
2007-08-23,-0.001049561769520181
2007-08-24,-0.003963739118823163
2007-08-27,0.007895107731936614
2007-08-28,0.006137249829742895
2007-08-29,0.0007091208714122491
2007-08-30,0.003478073075742847
2007-08-31,-0.004878676499549403
2007-09-04,-0.0033213923090067584
2007-09-05,0.003466751954482982
2007-09-06,0.0007271738380811524
2007-09-07,-0.0012822007268361263
2007-09-10,0.003659687635158728
2007-09-11,0.0029272095705895475
2007-09-12,-0.004264577107521505
2007-09-13,-0.010953656512404165
2007-09-14,-0.005032234369813619
2007-09-17,0.0031323087205522857
2007-09-18,-0.01271350759912606
2007-09-19,-0.001873683981148804
2007-09-20,0.003772049603741324
2007-09-21,0.00011810999348184275
2007-09-24,0.011758712666752377
2007-09-25,0.007274942024911568
2007-09-26,-0.003524085757160356
2007-09-27,-0.006474289137332197
2007-09-28,0.00041176371003918705
2007-10-01,-0.006777165211128886
2007-10-02,-0.002888567029311964
2007-10-03,-0.0050768452179051566
2007-10-04,0.000365989604571307
2007-10-05,-0.0028234739696661472
2007-10-08,0.009648487967429417
2007-10-09,-0.007246247043804388
2007-10-10,-0.004483856856155994
2007-10-11,-0.001558508295733804
2007-10-12,0.0045419832643115695
2007-10-15,-0.004409373773146982
2007-10-16,0.0073151379791655665
2007-10-17,0.01346835649256711
2007-10-18,-0.0028078894979633017
2007-10-19,0.016680196852476317
2007-10-22,0.00525238176033117
2007-10-23,-0.0007199360639796719
2007-10-24,-0.006312292958443951
2007-10-25,-0.009380540614450905
2007-10-26,-0.01356046466223979
2007-10-29,-0.001449092401303759
2007-10-30,0.01440681075638214
2007-10-31,-0.0057908732910052045
2007-11-01,0.012134446984449892
2007-11-02,0.004672048692004033
2007-11-05,0.006256446573271112
2007-11-06,-0.01119204654952232
2007-11-07,0.016070975559681632
2007-11-08,-0.017223064552280634
2007-11-09,-0.0020453320598903045
2007-11-12,0.01595531320987899
2007-11-13,-0.006629106866321587
2007-11-14,-0.0032109906861022665
2007-11-15,0.019594697209427046
2007-11-16,0.0020239439663826075
2007-11-19,0.011590760208492543
2007-11-20,0.010132869346557709
2007-11-21,0.00655169657028841
2007-11-23,-0.012409451397663189
2007-11-26,0.00823900853723104
2007-11-27,0.004084751508921234
2007-11-28,-0.012481176782786393
2007-11-29,0.00058284422365596
2007-11-30,-0.018646356846722407
2007-12-03,0.0027827117739695905
2007-12-04,0.011478484074038372
2007-12-05,-0.007180315864629368
2007-12-06,-0.016828437928183972
2007-12-07,-2.2637679566847775e-05
2007-12-10,-0.006568411223544432
2007-12-11,0.016884472908873082
2007-12-12,-0.0028094495148676367
2007-12-13,-0.0005132425965360811
2007-12-14,-0.0002778920786754433
2007-12-17,-0.0008043314390010775
2007-12-18,-0.0021720937423688005
2007-12-19,-0.00202465992629389
2007-12-20,0.0058909579118850645
2007-12-21,-0.008917039535549865
2007-12-24,-0.005030594227539255
2007-12-26,-0.003584375534985878
2007-12-27,0.002987884023804766
2007-12-28,-0.0015849588594494739
2007-12-31,-0.0065568098717491445
2008-01-02,-0.006361457472984792
2008-01-03,-0.006276918047916014
2008-01-04,0.005069320938578348
2008-01-07,0.017434641090534594
2008-01-08,0.0193458295822163
2008-01-09,-0.0017302887981301349
2008-01-10,-0.01377195169149838
2008-01-11,-0.007880418612953622
2008-01-14,-0.008769743876089845
2008-01-15,0.018000483629947633
2008-01-16,0.008656574264313904
2008-01-17,0.023281289741274348
2008-01-18,-0.0062403611737063625
2008-01-22,-0.014702284861570132
2008-01-23,-0.011971691475818185
2008-01-24,-0.009501781997690683
2008-01-25,-0.005517190999557757
2008-01-28,-0.009353180976457397
2008-01-29,-0.0036831873179092207
2008-01-30,0.0063353574036233
2008-01-31,0.00030454001343187563
2008-02-01,-0.009180580030362212
2008-02-04,-0.002111282200374051
2008-02-05,0.014139993862103161
2008-02-06,0.0046466485911119855
2008-02-07,-0.017011470262286613
2008-02-08,-0.004771917182839842
2008-02-11,0.00012915840197901866
2008-02-12,0.00962351621545522
2008-02-13,-0.0009881893034933843
2008-02-14,-0.0051586279048815385
2008-02-15,-0.0012871106962099414
2008-02-19,-0.013573326408262828
2008-02-20,-0.009364725746773007
2008-02-21,0.00533795269996717
2008-02-22,0.00030843580491433866
2008-02-25,-0.004341824545218417
2008-02-26,0.001022670582437261
2008-02-27,0.0052402335028600994
2008-02-28,-0.003468080602747953
2008-02-29,0.010672948066620568
2008-03-03,-0.0018359750550718547
2008-03-04,0.013329689016253218
2008-03-05,-0.005619452775922746
2008-03-06,0.009077234644954975
2008-03-07,0.012328363155826584
2008-03-10,0.017304194798364033
2008-03-11,-0.022495723590591262
2008-03-12,0.0033622551160209834
2008-03-13,-0.012089188040606408
2008-03-14,0.013864947873516869
2008-03-17,0.050962913920879885
2008-03-18,-0.03987039847827613
2008-03-19,0.02283198674332216
2008-03-20,-0.0122469369355764
2008-03-24,-0.01677306567106303
2008-03-25,-0.007978989204588541
2008-03-26,-0.008204272279061018
2008-03-27,0.013329676357635007
2008-03-28,0.005581069048785103
2008-03-31,0.0004775743367704534
2008-04-01,-0.01538708316429441
2008-04-02,-0.005928004663570745
2008-04-03,0.00048741920273967206
2008-04-04,-0.005508540128879426
2008-04-07,-0.0011758341316789893
2008-04-08,-0.007756360852594752
2008-04-09,0.00014135114844465117
2008-04-10,0.010442192768327996
2008-04-11,0.002983978593401537
2008-04-14,-0.0019431899089790384
2008-04-15,-0.004460715792529817
2008-04-16,-0.010416119769961076
2008-04-17,-0.008191748559627168
2008-04-18,-0.0031342463292996147
2008-04-21,0.0029185678889092005
2008-04-22,0.00015808614831353674
2008-04-23,0.01026636952099211
2008-04-24,0.00423074240449132
2008-04-25,-0.019115403886082617
2008-04-28,0.007435984338687042
2008-04-29,0.021879266145539214
2008-04-30,0.001994879691417828
2008-05-01,0.01618191980992376
2008-05-02,-0.013214757510509757
2008-05-05,-0.0018387000007303183
2008-05-06,-0.012815859208916494
2008-05-07,0.00439065423569065
2008-05-08,-0.0035946297619304356
2008-05-09,0.004940189105965408
2008-05-12,-6.689893577914151e-05
2008-05-13,-0.004091564046549439
2008-05-14,0.0063409790348756346
2008-05-15,-0.006599622374359699
2008-05-16,-0.0072784036722025065
2008-05-19,0.004941228783443636
2008-05-20,-0.0036106719583114785
2008-05-21,0.01327713940266764
2008-05-22,0.006421742292183801
2008-05-23,0.008735795542375776
2008-05-27,0.007760899258482417
2008-05-28,-0.009058158858414956
2008-05-29,0.01890668638250777
2008-05-30,-0.0031508754727058415
2008-06-02,-0.0037259408805609667
2008-06-03,0.005508025479053199
2008-06-04,0.013620235541478188
2008-06-05,-0.013240169662705522
2008-06-06,-0.002079342589609678
2008-06-09,-0.00419861491622414
2008-06-10,0.008676467152217298
2008-06-11,-0.00460071067929267
2008-06-12,0.007752243404281545
2008-06-13,-0.006630941524136086
2008-06-16,-0.004758294755924544
2008-06-17,-0.00600216120675762
2008-06-18,-0.010515993342511626
2008-06-19,0.010196080684739416
2008-06-20,-0.006800571729456984
2008-06-23,-0.019507094045375817
2008-06-24,0.009423313420705296
2008-06-25,0.013542613365574236
2008-06-26,-0.005231233756320511
2008-06-27,-0.00824072411212105
2008-06-30,0.0007658492221039676
2008-07-01,-0.004487504833096408
2008-07-02,0.014577276681106376
2008-07-03,-0.0006440284963537506
2008-07-07,0.013593622425830178
2008-07-08,0.010351469762238047
2008-07-09,0.011103022741752249
2008-07-10,-9.741343038477462e-05
2008-07-11,0.009161753790754823
2008-07-14,0.0003239232564317342
2008-07-15,0.03149329660327848
2008-07-16,-0.006753285471255169
2008-07-17,-0.01133984910846838
2008-07-18,-0.019749080172097387
2008-07-21,-0.024131417959334503
2008-07-22,-0.002378478512225526
2008-07-23,0.03367720898750267
2008-07-24,0.019482122522983862
2008-07-25,0.003536294818305547
2008-07-28,0.0006573132971843364
2008-07-29,-0.00485898266418389
2008-07-30,-0.030414009422125018
2008-07-31,0.022661972468153074
2008-08-01,0.002128690423175829
2008-08-04,0.040382681681014054
2008-08-05,0.00021651394102968188
2008-08-06,-0.009041340111392945
2008-08-07,0.01861521630376567
2008-08-08,0.023029511898053516
2008-08-11,0.013205399337814413
2008-08-12,0.009243265036918054
2008-08-13,-0.01936272079389761
2008-08-14,0.0034172822041695135
2008-08-15,0.011489841380549001
2008-08-18,0.01429578128117334
2008-08-19,-0.018413533018407417
2008-08-20,-0.011302921066808858
2008-08-21,-0.008061911225661389
2008-08-22,0.01448385790121132
2008-08-25,-0.001438129396981999
2008-08-26,-0.01682380071912972
2008-08-27,-0.01581797903415085
2008-08-28,-0.002650838367443345
2008-08-29,-0.004378396599573569
2008-09-02,0.02416516224049954
2008-09-03,-0.004328077079968609
2008-09-04,0.007999196882570572
2008-09-05,-0.011588466585500955
2008-09-08,0.040401718172270895
2008-09-09,0.04329519473683822
2008-09-10,-0.006837738151701504
2008-09-11,0.00927226112272361
2008-09-12,3.0493491580209543e-05
2008-09-15,0.06724530939898425
2008-09-16,-0.027298334418610532
2008-09-17,0.022899164269455156
2008-09-18,-0.0016366971253894088
2008-09-19,-0.12362470063007068
2008-09-22,-0.02323238786259917
2008-09-23,0.01428146024658657
2008-09-24,0.018023874512587412
2008-09-25,0.011973034917308977
2008-09-26,0.014934399319026029
2008-09-29,0.04166864829346938
2008-09-30,-0.02289653022351496
2008-10-01,-0.014699534305911185
2008-10-02,0.04168878683477169
2008-10-03,-0.000208893722160816
2008-10-06,0.005591328170577654
2008-10-07,0.028448452696802896
2008-10-08,-0.022143989747177965
2008-10-09,0.04666838691969157
2008-10-10,0.011004269003319828
2008-10-13,-0.05256582700963309
2008-10-14,-0.019379665016688565
2008-10-15,0.050613027806353
2008-10-16,-0.005841654430651886
2008-10-17,-0.007574690311527202
2008-10-20,-0.03397355930999034
2008-10-21,-0.004941509640928261
2008-10-22,0.051123455585764206
2008-10-23,-0.003943451236425292
2008-10-24,0.015059738966810496
2008-10-27,0.046031409246013885
2008-10-28,-0.007059279597388077
2008-10-29,-0.03161280684066485
2008-10-30,-0.006034413688505122
2008-10-31,-0.016772260817339527
2008-11-03,0.011328158925862688
2008-11-04,-0.03374839409746683
2008-11-05,0.006079768517376199
2008-11-06,0.018223050467785173
2008-11-07,-0.009498144518717291
2008-11-10,-0.017524635541874643
2008-11-11,0.004579661544348997
2008-11-12,0.023291896555063144
2008-11-13,-0.016944835056631215
2008-11-14,0.006515836980482879
2008-11-17,0.010805130722390392
2008-11-18,-0.000940252801371019
2008-11-19,0.02151041891285716
2008-11-20,0.06888987786896202
2008-11-21,-0.032816939702098376
2008-11-24,-0.05484341841422718
2008-11-25,-0.011865455548774953
2008-11-26,-0.021754807665084232
2008-11-28,0.015520630564137654
2008-12-01,0.05603646930361429
2008-12-02,-0.007553643061182136
2008-12-03,0.013168623034013456
2008-12-04,0.028034883818151064
2008-12-05,0.004452294499379053
2008-12-08,-0.04858504911727867
2008-12-09,-0.0008484082979911396
2008-12-10,-0.02934922481328097
2008-12-11,1.7220324367100102e-06
2008-12-12,0.021268301436931803
2008-12-15,-0.002901508014844865
2008-12-16,-0.010916239511362526
2008-12-17,-0.002708425811307665
2008-12-18,0.03645622736777036
2008-12-19,0.001301470474095403
2008-12-22,0.004682062710704888
2008-12-23,-0.007625631724561873
2008-12-24,-0.00028113552674186986
2008-12-26,-0.006415753115537832
2008-12-29,-0.012240287429493348
2008-12-30,-0.0016722269292488363
2008-12-31,-0.007857022844882228
2009-01-02,-0.012658209572192965
2009-01-05,-0.006755855698266604
2009-01-06,-0.0013982812478139555
2009-01-07,0.016487217491705307
2009-01-08,-0.007641637727642076
2009-01-09,0.010587465993567108
2009-01-12,0.02702616066294847
2009-01-13,-0.013538211647294109
2009-01-14,0.015513853852925492
2009-01-15,0.008502952718577629
2009-01-16,0.008034743893374408
2009-01-20,0.032884545211658754
2009-01-21,-0.03625176857908916
2009-01-22,0.012813898224909186
2009-01-23,-0.016604566565111646
2009-01-26,-0.0018411409541745204
2009-01-27,-0.00514834251743217
2009-01-28,-0.01837813803064137
2009-01-29,0.015172756099258212
2009-01-30,0.01043047167585994
2009-02-02,0.02080813710050345
2009-02-03,0.012826390882120984
2009-02-04,-0.01843603228176206
2009-02-05,-0.004964069022881104
2009-02-06,-0.0074183790207572224
2009-02-09,-0.009516089493920979
2009-02-10,0.01381963137160599
2009-02-11,-0.006936697544526919
2009-02-12,0.008089093976531205
2009-02-13,-0.0012960722019906097
2009-02-17,0.03576918007322143
2009-02-18,0.006455884320152299
2009-02-19,0.005735727340557139
2009-02-20,0.01178227171951774
2009-02-23,0.01847534853567803
2009-02-24,-0.0058204993345769744
2009-02-25,0.0059807615372709
2009-02-26,-0.0340957011818617
2009-02-27,0.015720330714676416
2009-03-02,0.03802400457498466
2009-03-03,-0.00359977971079522
2009-03-04,-0.009440137506122737
2009-03-05,0.013254299661327809
2009-03-06,-0.0050377987655589734
2009-03-09,-0.01893840479630931
2009-03-10,-0.02255427069079331
2009-03-11,0.010382677526378812
2009-03-12,-0.0011048000808396123
2009-03-13,0.021443134520079968
2009-03-16,-0.04068814315101765
2009-03-17,0.0008416186022922928
2009-03-18,-0.007001012294030788
2009-03-19,-0.013572204856409257
2009-03-20,0.02100762722141216
2009-03-23,-0.0373822662058606
2009-03-24,0.001766917301923394
2009-03-25,-0.005934504305419652
2009-03-26,0.024658425406789725
2009-03-27,0.016641710436052372
2009-03-30,0.020023843785710798
2009-03-31,-0.006562010294500383
2009-04-01,0.0014389976699717894
2009-04-02,-0.009843536863610464
2009-04-03,-0.00856113646160109
2009-04-06,0.02182351875316008
2009-04-07,0.0024999194682174732
2009-04-08,0.006157626275047254
2009-04-09,-0.026947701965185346
2009-04-13,-0.03375285281791771
2009-04-14,0.005189247514390516
2009-04-15,-0.006554749599728061
2009-04-16,0.0033776565651301546
2009-04-17,-0.00813083509721571
2009-04-20,0.0350458606243395
2009-04-21,-0.017450807486236185
2009-04-22,0.007459805422667391
2009-04-23,-0.004183538341137507
2009-04-24,-0.015066751167215132
2009-04-27,0.01799052645527931
2009-04-28,0.0057342564768952725
2009-04-29,-0.014606883987671503
2009-04-30,0.011690126807098548
2009-05-01,-0.012429453378102725
2009-05-04,-0.029718050123080146
2009-05-05,0.005144185444385138
2009-05-06,-0.04117540033943253
2009-05-07,-0.009190104920336914
2009-05-08,-0.04241895722588134
2009-05-11,0.024071465033199634
2009-05-12,-0.0044153956034399654
2009-05-13,0.02027311612849465
2009-05-14,-0.005446546674030358
2009-05-15,0.010834629676910167
2009-05-18,-0.016002618186229476
2009-05-19,0.002034232657575003
2009-05-20,0.0012551043102240116
2009-05-21,0.015541966348660499
2009-05-22,-0.0043310533673431495
2009-05-26,-0.0021490199469683512
2009-05-27,0.0017509616446719396
2009-05-28,-0.014921738333428454
2009-05-29,-0.01041394990838568
2009-06-01,-0.007005096770319705
2009-06-02,-0.0008712322314178246
2009-06-03,0.01846481275956337
2009-06-04,-0.016299304271765683
2009-06-05,0.0027572088921446964
2009-06-08,0.007764522164647211
2009-06-09,-0.00571370879638104
2009-06-10,-0.0022140387993277734
2009-06-11,-0.0078407512355613
2009-06-12,0.010811462086060007
2009-06-15,0.009457695485595843
2009-06-16,0.007298135734954972
2009-06-17,0.017798995876794066
2009-06-18,-0.0025008314448545293
2009-06-19,0.00705149712715047
2009-06-22,0.025514788795194084
2009-06-23,-0.007862376320153266
2009-06-24,0.004732035284969808
2009-06-25,-7.126073710165878e-05
2009-06-26,0.0045605025337475
2009-06-29,0.005588843783271611
2009-06-30,0.006263177749412082
2009-07-01,0.008157688087482485
2009-07-02,0.009958820704211722
2009-07-06,0.011583661301399616
2009-07-07,-0.00019792575561849236
2009-07-08,0.0030545398118715966
2009-07-09,-0.0017133103890301967
2009-07-10,0.0028974860088645162
2009-07-13,-0.013344734705172983
2009-07-14,-0.002451042998171792
2009-07-15,-0.005892134418198873
2009-07-16,0.0015172791735248744
2009-07-17,0.002036217993127993
2009-07-20,-0.004478228757193854
2009-07-21,0.0033591508617004254
2009-07-22,0.015817208079909977
2009-07-23,-0.00482358147333435
2009-07-24,-0.003016230666133965
2009-07-27,-0.0008853347747375496
2009-07-28,0.004655969584291458
2009-07-29,0.007421049824535198
2009-07-30,-0.0114433604267088
2009-07-31,-0.0047445350470621
2009-08-03,-0.016351721253666757
2009-08-04,-0.0037328567719067483
2009-08-05,-0.019108600363713455
2009-08-06,-0.002707221617216876
2009-08-07,-0.007166181781037121
2009-08-10,-0.005336256066395004
2009-08-11,0.012774750123334372
2009-08-12,-0.004525014073928711
2009-08-13,-0.005940576269165226
2009-08-14,0.00901945473785421
2009-08-17,0.008843104396853848
2009-08-18,-0.006590063478860729
2009-08-19,-0.002124135197533263
2009-08-20,-0.007794404421525232
2009-08-21,-0.008100105045752447
2009-08-24,-0.001089236051311382
2009-08-25,0.00744428081385459
2009-08-26,0.0023120630598611556
2009-08-27,-0.007667166677552162
2009-08-28,0.0010704291320843325
2009-08-31,0.009996688226739756
2009-09-01,0.007140337723215206
2009-09-02,0.0030693395028653925
2009-09-03,-0.004595911417338436
2009-09-04,0.0012846444789460954
2009-09-08,-0.003932687922186652
2009-09-09,-0.001221835775483142
2009-09-10,-0.0020706422284792695
2009-09-11,-0.006880221256854664
2009-09-14,-0.009278666749756206
2009-09-15,-0.01048974034366432
2009-09-16,-0.01737590773910938
2009-09-17,-0.00229742263198154
2009-09-18,0.005956656107729104
2009-09-21,-0.0011687426926158017
2009-09-22,-0.009962841426872801
2009-09-23,0.011169470211363398
2009-09-24,0.008405121039719174
2009-09-25,0.004518228226877838
2009-09-28,-0.002275351569079792
2009-09-29,-0.0014594642010325924
2009-09-30,0.0018033360380332794
2009-10-01,0.00989328181368101
2009-10-02,0.0019929898262273987
2009-10-05,-0.014203411334546778
2009-10-06,-0.0034283568078389832
2009-10-07,-0.0046700896741325455
2009-10-08,-0.006515785295713403
2009-10-09,0.0011183227496245041
2009-10-12,-0.0016272515984637151
2009-10-13,-0.0018388902560121372
2009-10-14,-0.00507485182509978
2009-10-15,-0.005001951700736727
2009-10-16,0.003582760974468999
2009-10-19,0.0010102256142785389
2009-10-20,0.0036259709887063187
2009-10-21,0.0033307803455336414
2009-10-22,-0.005154323052811767
2009-10-23,0.016532013013525127
2009-10-26,0.01132282901807091
2009-10-27,-0.0016425097752528536
2009-10-28,0.02067120032395167
2009-10-29,-0.015180432299541807
2009-10-30,0.010745743876881625
2009-11-02,-0.002602548036546719
2009-11-03,-0.020580510092747337
2009-11-04,0.005490080395987524
2009-11-05,-0.006800237017030716
2009-11-06,0.012473653561080664
2009-11-09,-0.003240214759539303
2009-11-10,0.0015602019040728565
2009-11-11,0.005450051968746332
2009-11-12,0.01852736172699278
2009-11-13,0.0019121370229174574
2009-11-16,-0.007951958407344173
2009-11-17,0.0035686128192495828
2009-11-18,0.005497876862660062
2009-11-19,0.0046328105032807125
2009-11-20,0.004919443975634514
2009-11-23,0.0009609848359374424
2009-11-24,-0.0009535587224473522
2009-11-25,-0.004629800490614024
2009-11-27,0.0055804608468475155
2009-11-30,0.0017828007480618067
2009-12-01,-0.0030804405374219718
2009-12-02,0.005199983089328427
2009-12-03,0.01702408449223831
2009-12-04,0.0059612269448343245
2009-12-07,0.010223067385326317
2009-12-08,-6.661643799138554e-05
2009-12-09,0.00038462592637835726
2009-12-10,-0.002124584587307216
2009-12-11,0.0009872639350930012
2009-12-14,-0.011314729234051244
2009-12-15,-0.004297994888240156
2009-12-16,-0.0033025773904271274
2009-12-17,0.00138543018299707
2009-12-18,-0.001996392336563391
2009-12-21,-0.0019265830041007748
2009-12-22,-0.0032891224249943806
2009-12-23,-0.0016612896501674247
2009-12-24,-0.0018585781333199881
2009-12-28,-0.0013303481771395874
2009-12-29,0.006133131185584075
2009-12-30,0.0044920575088699035
2009-12-31,-0.0004760230333479825
2010-01-04,-0.01357463308782292
2010-01-05,-0.008510526145845567
2010-01-06,-0.014933581144277916
2010-01-07,-0.0043234809725926845
2010-01-08,-0.006275632666799569
2010-01-11,0.008612038851819926
2010-01-12,0.007318976815612045
2010-01-13,-0.0033193193607609344
2010-01-14,7.329466745219285e-05
2010-01-15,0.004977034133445922
2010-01-19,-0.003419067620202664
2010-01-20,0.00530279682922338
2010-01-21,0.015506894376869139
2010-01-22,0.0029692960165563663
2010-01-25,-0.002049676159676382
2010-01-26,0.00695758038598702
2010-01-27,0.006187755202475425
2010-01-28,-0.002191387400556206
2010-01-29,0.008112723349283058
2010-02-01,-0.018058728704637962
2010-02-02,-0.002573319434754765
2010-02-03,0.0017324960428000261
2010-02-04,0.015381811171755222
2010-02-05,-0.0020789408038121935
2010-02-08,0.009141059660935555
2010-02-09,-0.011838300685677688
2010-02-10,-0.0011001612573759327
2010-02-11,-0.013872290081028988
2010-02-12,-0.0026239899432441765
2010-02-16,-0.009754997815110267
2010-02-17,0.002533829732526422
2010-02-18,-0.00474224955616468
2010-02-19,-0.0005619847786257831
2010-02-22,0.002390887960662962
2010-02-23,0.012099398368784596
2010-02-24,0.0030509797001455614
2010-02-25,-0.005797567052434482
2010-02-26,-0.0019436385149807411
2010-03-01,2.1961000465150042e-05
2010-03-02,-0.009867403349800997
2010-03-03,-0.0053213122553162845
2010-03-04,0.004810942035331734
2010-03-05,-0.0059779769794892955
2010-03-08,0.006918886506171358
2010-03-09,0.001253433558110873
2010-03-10,-0.0032651930493274874
2010-03-11,7.595970867053367e-05
2010-03-12,-0.003800369230940035
2010-03-15,0.0092483993835937
2010-03-16,-0.004719846280521812
2010-03-17,0.0027001437190290406
2010-03-18,0.010637264620747985
2010-03-19,0.0040528807860142685
2010-03-22,0.004354475145266285
2010-03-23,-0.0007687266359177058
2010-03-24,-0.0019204715373950074
2010-03-25,0.014145286970765778
2010-03-26,-0.0027172206158176176
2010-03-29,-0.014754073976792759
2010-03-30,0.002604745190457847
2010-03-31,-0.004502774672926889
2010-04-01,-0.00841684759538438
2010-04-05,-0.009814445588868431
2010-04-06,0.0018565051197484649
2010-04-07,0.0026901495960951357
2010-04-08,0.0033868085684453817
2010-04-09,0.001597110446995261
2010-04-12,0.000826929347794796
2010-04-13,0.007166712631259041
2010-04-14,1.3059755754367607e-05
2010-04-15,0.004278075103024052
2010-04-16,0.009809710135793775
2010-04-19,0.0013422410856310778
2010-04-20,-0.007077711132454818
2010-04-21,-0.001972816671787507
2010-04-22,-0.002335128058517594
2010-04-23,-0.01264139334524605
2010-04-26,0.005426011281335054
2010-04-27,0.011785554769076365
2010-04-28,-0.006618493198734471
2010-04-29,0.007624082708647464
2010-04-30,0.009376299637704297
2010-05-03,0.0003519135238515042
2010-05-04,0.006445861606555301
2010-05-05,0.0047578249153949195
2010-05-06,0.0004989958848266844
2010-05-07,0.0012065543872726992
2010-05-10,-0.011391335758481353
2010-05-11,0.0033633375504976406
2010-05-12,-0.008121637161334358
2010-05-13,0.003175295050385476
2010-05-14,0.0040740415235659
2010-05-17,0.011982078202921756
2010-05-18,0.0031267444870277683
2010-05-19,0.0028607668395782106
2010-05-20,0.008729184581964564
2010-05-21,-0.01740255677518404
2010-05-24,0.016949197289368317
2010-05-25,-0.007933688386310239
2010-05-26,-0.0062839857679202376
2010-05-27,-0.010791671021012124
2010-05-28,0.009828531909963046
2010-06-01,0.028020784408572485
2010-06-02,-0.02109757757685345
2010-06-03,-0.002963058912063354
2010-06-04,0.00607598461275787
2010-06-07,0.0033639061909130886
2010-06-08,-0.005426547988619895
2010-06-09,0.0019469655219069239
2010-06-10,-0.019196777323438063
2010-06-11,-0.00016923925295393217
2010-06-14,0.00022512514471455432
2010-06-15,-0.00916450195185287
2010-06-16,0.0006697743019397389
2010-06-17,0.004508899440907512
2010-06-18,-0.00313988115218322
2010-06-21,-0.006723592899537098
2010-06-22,0.01144822932450901
2010-06-23,0.0011953817335751931
2010-06-24,0.004093063738887092
2010-06-25,-0.012406393530935693
2010-06-28,0.011983577793230091
2010-06-29,0.011182573892567431
2010-06-30,-0.0015138231433941083
2010-07-01,0.0025903301215933934
2010-07-02,0.0015721791324855153
2010-07-06,-0.0035096537778057865
2010-07-07,-0.012049079404452852
2010-07-08,-0.0052290037311332645
2010-07-09,-0.0036951225039750196
2010-07-12,0.011380097953202783
2010-07-13,0.0014716898332269048
2010-07-14,0.0005078826484537802
2010-07-15,0.0046742684576091455
2010-07-16,0.001064524928200415
2010-07-19,-0.0017260581531293121
2010-07-20,-0.013698576071228399
2010-07-21,-0.003728235382913298
2010-07-22,-0.004336416874324946
2010-07-23,-0.007885644560969173
2010-07-26,-0.0018057168617709972
2010-07-27,0.009054762898215137
2010-07-28,-0.0018555242679647714
2010-07-29,-0.013535267009399676
2010-07-30,-0.0005701690964229199
2010-08-02,-0.010738091640588508
2010-08-03,0.0050290125075353525
2010-08-04,0.0028567879175378195
2010-08-05,0.0035763156731972692
2010-08-06,0.0011021417228744114
2010-08-09,0.0033691128480969204
2010-08-10,0.003526963328401426
2010-08-11,0.009476742477319472
2010-08-12,0.0014581526069127652
2010-08-13,-0.0006006714493930139
2010-08-16,-0.005794640573521475
2010-08-17,-0.004205353277772872
2010-08-18,0.003331990933802144
2010-08-19,0.0061620766971909584
2010-08-20,0.0037772052203980575
2010-08-23,0.0014588674735774403
2010-08-24,0.0028602567912911956
2010-08-25,0.005220493892344236
2010-08-26,0.0026437249830521246
2010-08-27,-0.009462758970924811
2010-08-30,0.0015257271808909833
2010-08-31,2.8621494830680787e-05
2010-09-01,-0.009270634580555093
2010-09-02,-0.00015666532145503556
2010-09-03,-0.0023617867721730215
2010-09-07,0.0034056683055579406
2010-09-08,-0.007498915396141724
2010-09-09,0.0014383926240961686
2010-09-10,-0.0023918295994275504
2010-09-13,-0.0025540884250110202
2010-09-14,0.007233799712158543
2010-09-15,0.002529057862316962
2010-09-16,0.002438377942337953
2010-09-17,0.002975927945709355
2010-09-20,0.0012215494167271612
2010-09-21,0.0036987124262267508
2010-09-22,0.0016774367193692534
2010-09-23,0.004927871588016989
2010-09-24,-0.0026196735182715996
2010-09-27,0.004299688458945069
2010-09-28,0.004939611121448771
2010-09-29,-0.011530489997695629
2010-09-30,-9.620746024634315e-05
2010-10-01,-0.0074631319064735165
2010-10-04,0.00902011361556974
2010-10-05,-0.0032542523447928466
2010-10-06,-0.005931665738134161
2010-10-07,-0.001625779514508966
2010-10-08,-0.006647703516506359
2010-10-11,-0.0006237685325128114
2010-10-12,0.002676330374570295
2010-10-13,-0.0026415519103485047
2010-10-14,0.010516556726453373
2010-10-15,0.005628639412011591
2010-10-18,0.0007660542422727311
2010-10-19,0.0034553677099591765
2010-10-20,-0.002043198646065934
2010-10-21,0.004753694645686033
2010-10-22,0.0006588884066688444
2010-10-25,-0.0013408841592942849
2010-10-26,-0.0004389961128028759
2010-10-27,-0.007429288807686198
2010-10-28,0.0029449058250704484
2010-10-29,-0.0024215535558355364
2010-11-01,-0.002637482397417173
2010-11-02,-0.006253457646102469
2010-11-03,0.002409855017162777
2010-11-04,-0.012624263579028454
2010-11-05,-0.006891558245766145
2010-11-08,-0.004644876693394374
2010-11-09,0.005308932579721587
2010-11-10,-0.006612535435744336
2010-11-11,-0.007470544790408954
2010-11-12,0.008135425957982115
2010-11-15,-0.00012750365829175292
2010-11-16,0.003944019782317356
2010-11-17,-0.0011915994075570539
2010-11-18,-0.0036794035995263734
2010-11-19,-0.0032065257168577836
2010-11-22,-0.00047489997433848433
2010-11-23,0.004471071365991758
2010-11-24,-0.0032074470700291196
2010-11-26,0.002035103904408101
2010-11-29,-0.007832250718826117
2010-11-30,-0.004277823658575644
2010-12-01,-0.006488666929900379
2010-12-02,-0.005091812966685268
2010-12-03,-0.0026312223968649137
2010-12-06,-0.003452084210244363
2010-12-07,0.0078913459286169
2010-12-08,0.004967954368374999
2010-12-09,0.00031164944437835947
2010-12-10,-0.0022130072724184094
2010-12-13,-0.005149221369649579
2010-12-14,0.0031836141287902918
2010-12-15,0.003790816629007598
2010-12-16,-0.001609595938357516
2010-12-17,0.0006952270955252088
2010-12-20,-0.0037547594279866837
2010-12-21,-0.004646123063011074
2010-12-22,-8.284643256458696e-05
2010-12-23,-0.0010857997956716123
2010-12-27,0.001594156113251082
2010-12-28,0.00019266287697863367
2010-12-29,-0.005973414175353116
2010-12-30,-0.00391370775440728
2010-12-31,-0.0004933763453789746
2011-01-03,0.000665127091768647
2011-01-04,0.005247172745042049
2011-01-05,-0.000575950058875089
2011-01-06,0.009434720284014741
2011-01-07,-0.0019011385413208542
2011-01-10,0.0013095082324774028
2011-01-11,-0.014904271761326063
2011-01-12,0.0038027868807141217
2011-01-13,0.0030521045260193985
2011-01-14,-0.0027267616478647136
2011-01-18,-0.00626238687498295
2011-01-19,0.008797526879855196
2011-01-20,0.007599797822870642
2011-01-21,-0.002405150463581049
2011-01-24,0.0015790030510852533
2011-01-25,0.009461171541079992
2011-01-26,-0.014405682805905793
2011-01-27,0.010436992944633185
2011-01-28,-0.005080838523327391
2011-01-31,-0.016088445778458433
2011-02-01,-0.0017335312835027915
2011-02-02,-0.0020342173602497828
2011-02-03,0.0015029391135679118
2011-02-04,0.008125501076620389
2011-02-07,-0.004334425026961231
2011-02-08,-0.0007116434362649428
2011-02-09,0.0074906845136424646
2011-02-10,-0.0037048590979173526
2011-02-11,-0.0019747210421168075
2011-02-14,-0.009356368625308259
2011-02-15,0.003436283200135425
2011-02-16,-0.0004572763983357867
2011-02-17,0.0033472138533676894
2011-02-18,0.005424609704865506
2011-02-22,0.003203047017581043
2011-02-23,-0.014598685622632727
2011-02-24,0.00401567301274467
2011-02-25,-0.005047348088663922
2011-02-28,0.006736626330450487
2011-03-01,0.003773835609398633
2011-03-02,-0.004604893234368228
2011-03-03,-0.002470106464777052
2011-03-04,0.0017131380788280078
2011-03-07,0.002782992160398642
2011-03-08,0.0026283983022912104
2011-03-09,0.005353547939613779
2011-03-10,0.01640708071233692
2011-03-11,-0.007666126502601441
2011-03-14,-0.007254770936904854
2011-03-15,-0.006059834371751799
2011-03-16,-0.0017360432918703853
2011-03-17,-0.007135356678306294
2011-03-18,0.003335780310313046
2011-03-21,-0.010775936292239467
2011-03-22,-0.0007837934965537631
2011-03-23,0.0010154017973009227
2011-03-24,0.005769266920237667
2011-03-25,-0.004057944852580621
2011-03-28,0.0024504926545796187
2011-03-29,-0.006351652577803356
2011-03-30,-0.0017798639108533706
2011-03-31,-0.0028046997073370742
2011-04-01,-0.0013103797242050902
2011-04-04,0.0009360398451755663
2011-04-05,3.250163942218729e-05
2011-04-06,0.012163233636476714
2011-04-07,-0.0006064936062315808
2011-04-08,-0.0009195100742184975
2011-04-11,0.00930232877920017
2011-04-12,0.01322226886680716
2011-04-13,-0.0015610118251688288
2011-04-14,0.002248611935855617
2011-04-15,-0.0019455353534537456
2011-04-18,-0.002361784598060616
2011-04-19,-0.004515987615142784
2011-04-20,-0.00460391550072893
2011-04-21,-0.0051676260195623065
2011-04-25,0.004706129385285342
2011-04-26,-0.0008291304582419814
2011-04-27,0.008408509993422974
2011-04-28,0.005964837301227161
2011-04-29,-0.005018181507657046
2011-05-02,0.009521093325358918
2011-05-03,0.01271332365847941
2011-05-04,0.012902304822789262
2011-05-05,0.0032234329017682153
2011-05-06,0.00026304031673654024
2011-05-09,-0.010998512003138844
2011-05-10,-0.00041087536024399777
2011-05-11,0.013352952005257117
2011-05-12,0.004049558491972919
2011-05-13,-0.00021725397965507163
2011-05-16,-0.002227177051813009
2011-05-17,0.0008441442382734255
2011-05-18,-0.01155305407918309
2011-05-19,0.001871824731728351
2011-05-20,-0.0038277784040901836
2011-05-23,0.004450751502265103
2011-05-24,-0.007067048174831752
2011-05-25,-0.00878100547820941
2011-05-26,-0.0027499723919509555
2011-05-27,0.0008562932226202622
2011-05-31,0.0037871461441903787
2011-06-01,0.0028108731863982976
2011-06-02,-0.005811968102330139
2011-06-03,-0.004594663798404878
2011-06-06,0.007470026072049959
2011-06-07,-9.582142762930385e-05
2011-06-08,-0.00031786922476496464
2011-06-09,-0.005720234940172369
2011-06-10,0.0005884582312368848
2011-06-13,0.011889250974863238
2011-06-14,-0.010298009292951655
2011-06-15,0.0038942763956107598
2011-06-16,-8.52407579131879e-05
2011-06-17,0.0017373950824839022
2011-06-20,-0.0018898017925667102
2011-06-21,-0.005028569427253271
2011-06-22,-0.0024869386875318237
2011-06-23,0.003910672012115233
2011-06-24,0.00036019334397283836
2011-06-27,0.0010968645430343752
2011-06-28,-0.011343470774456547
2011-06-29,-0.0007735652416908562
2011-06-30,-0.005123165548049986
2011-07-01,0.00279201000513643
2011-07-05,-0.004155283076694412
2011-07-06,-0.0008802234305737409
2011-07-07,-0.0006944341233754387
2011-07-08,-0.0014610081619555655
2011-07-11,0.007848650891843906
2011-07-12,-0.0007061991486533952
2011-07-13,-0.0024766595130868013
2011-07-14,1.0141483455124333e-05
2011-07-15,-0.012919003380436316
2011-07-18,-0.003428022051835753
2011-07-19,-0.0022646513215268923
2011-07-20,0.0011784664164717381
2011-07-21,-0.002312871429321961
2011-07-22,0.000725055181421226
2011-07-25,0.0015600549880245272
2011-07-26,0.0005109598125561701
2011-07-27,0.00776909286721659
2011-07-28,9.729899700379864e-05
2011-07-29,-0.0020148229779012147
2011-08-01,0.0035215259655754882
2011-08-02,0.0007976176855323935
2011-08-03,0.0046893202943427605
2011-08-04,0.014041167366859009
2011-08-05,0.007717788318111582
2011-08-08,0.015563099681138665
2011-08-09,-0.007812192780336043
2011-08-10,-0.008453350966923363
2011-08-11,-0.0031177238352503747
2011-08-12,-0.0049174797367489516
2011-08-15,-0.002563622845474672
2011-08-16,0.013301548766293367
2011-08-17,9.406203528849028e-05
2011-08-18,0.013476161927678875
2011-08-19,0.002653937834170173
2011-08-22,0.00512865523129419
2011-08-23,-0.003594736916751253
2011-08-24,-0.0045429158697153065
2011-08-25,0.003549944114106986
2011-08-26,-0.008129432338048907
2011-08-29,-0.003309312642491973
2011-08-30,-0.0038101991012183226
2011-08-31,-0.00041559555247464746
2011-09-01,-0.0007934472683357914
2011-09-02,0.0014743656424381735
2011-09-06,0.004438653055488871
2011-09-07,-0.005743593655285847
2011-09-08,0.005628160976330509
2011-09-09,0.005155146151179638
2011-09-12,0.002351331887769633
2011-09-13,-0.0028106050998356457
2011-09-14,0.0032339020558521817
2011-09-15,-0.004049971747890851
2011-09-16,0.0057307319171636005
2011-09-19,-0.00024506988169361595
2011-09-20,0.00859321336055942
2011-09-21,0.013553547651086212
2011-09-22,0.021299762943225484
2011-09-23,0.011953652495914837
2011-09-26,-0.014773913874762904
2011-09-27,-0.005459954828014657
2011-09-28,0.019081694662126447
2011-09-29,-0.001025440418466617
2011-09-30,0.008271080953163881
2011-10-03,0.005901724978085699
2011-10-04,-0.009661816182748102
2011-10-05,-0.008780987540526997
2011-10-06,-0.011240682495931782
2011-10-07,0.007675009142560364
2011-10-10,-0.014585572671221026
2011-10-11,0.00038198863699177594
2011-10-12,0.0026537921622166605
2011-10-13,0.009032613438247532
2011-10-14,-0.013613131535389053
2011-10-17,0.005828278936830725
2011-10-18,-0.0026181887583559414
2011-10-19,0.002715449127207463
2011-10-20,-0.0060574066672309445
2011-10-21,-0.006627059941151689
2011-10-24,-0.012952625787088787
2011-10-25,0.00039421738606826566
2011-10-26,-0.017701038575064942
2011-10-27,-0.01990018254313113
2011-10-28,-0.003928156978040733
2011-10-31,0.014645470244940286
2011-11-01,0.004419002609050672
2011-11-02,-0.007321371174586757
2011-11-03,0.001047061840765133
2011-11-04,-0.001550685909479656
2011-11-07,0.003988411737553127
2011-11-08,-0.001992349315315438
2011-11-09,0.009495623776978249
2011-11-10,-0.00011080391363386801
2011-11-11,-0.0005105257854423063
2011-11-14,0.0003008994033959077
2011-11-15,-0.0017196518779548533
2011-11-16,0.00411404352181684
2011-11-17,0.004056963066435964
2011-11-18,0.0016168285648246656
2011-11-21,0.001163346027079563
2011-11-22,0.00828879203794344
2011-11-23,0.005467538609761586
2011-11-25,-0.0029299399475424463
2011-11-28,-0.005326069365200042
2011-11-29,-0.002505435667552249
2011-11-30,-0.024266837060492236
2011-12-01,0.0038424051177701687
2011-12-02,-0.0003229506562599751
2011-12-05,0.001289301402474089
2011-12-06,5.41566191255668e-05
2011-12-07,0.008943011832896931
2011-12-08,0.007500274212297333
2011-12-09,-0.007493101770310583
2011-12-12,0.012714136665647774
2011-12-13,0.0032097505714817082
2011-12-14,0.013822597469346533
2011-12-15,0.004804493581194095
2011-12-16,-0.004598275964604744
2011-12-19,0.006388483545467958
2011-12-20,-0.00794926933921734
2011-12-21,-0.002681751664131163
2011-12-22,-0.0013655002042710978
2011-12-23,0.00234431478784306
2011-12-27,0.00016986047379311065
2011-12-28,0.0070586466453517235
2011-12-29,0.0010179441920056148
2011-12-30,-0.0010387129967051147
2012-01-03,-0.013576847051758103
2012-01-04,0.001995162244508669
2012-01-05,0.004239765096410313
2012-01-06,0.001068441127912477
2012-01-09,0.00023346595571935693
2012-01-10,-0.0065234782368660885
2012-01-11,-0.0007433252457935692
2012-01-12,0.0019170702401604858
2012-01-13,0.007541487773994848
2012-01-17,0.001329659200570848
2012-01-18,-0.005765634664298574
2012-01-19,0.0009291386115595315
2012-01-20,0.002009545744341206
2012-01-23,-0.007383187581978912
2012-01-24,-0.0009783733925996525
2012-01-25,-0.011894854843130572
2012-01-26,0.010303692599175464
2012-01-27,-0.007398135979274339
2012-01-30,0.0058158551558731425
2012-01-31,0.003991783434566218
2012-02-01,-0.0023994923983722658
2012-02-02,-0.00997379314830578
2012-02-03,-0.0010111909331173533
2012-02-06,-0.0007756306879192402
2012-02-07,0.0023620819867315695
2012-02-08,0.005404150772769202
2012-02-09,-0.0031139981968079824
2012-02-10,0.0076809250630110815
2012-02-13,0.0012323714293440617
2012-02-14,0.00463345107335763
2012-02-15,-0.003508091159775201
2012-02-16,-0.0020005088297984845
2012-02-17,-0.0004764822544193538
2012-02-21,-0.009600769606072323
2012-02-22,-0.006171486069012672
2012-02-23,0.0032711789556727007
2012-02-24,-0.0015587685117602176
2012-02-27,0.006874909138340441
2012-02-28,0.008608910616092464
2012-02-29,0.006321594483052691
2012-03-01,-0.001866575490442486
2012-03-02,0.009895478384723195
2012-03-05,0.006645820397701512
2012-03-06,0.008619016258436772
2012-03-07,-0.0001751501491996398
2012-03-08,0.0014257347135845702
2012-03-09,0.0004892743690489255
2012-03-12,0.007941227994454953
2012-03-13,-0.007372951909520002
2012-03-14,0.005705756395395347
2012-03-15,0.0007810974846435473
2012-03-16,-0.007417223286547325
2012-03-19,-0.0017667766417479981
2012-03-20,0.012662587318267748
2012-03-21,0.006059513121711164
2012-03-22,0.013264583628098665
2012-03-23,-0.004048088960422036
2012-03-26,0.0036551488241630755
2012-03-27,0.007069583878401408
2012-03-28,0.008951123795400306
2012-03-29,-0.003919696947641126
2012-03-30,-0.0029697637371983014
2012-04-02,-0.004230710457137016
2012-04-03,0.0049960528226573216
2012-04-04,0.004602008845638789
2012-04-05,0.006398191871733429
2012-04-09,0.0065697133569200365
2012-04-10,-0.001338835824774835
2012-04-11,0.0031604552532695507
2012-04-12,-0.012740805465391124
2012-04-13,0.008675751895935313
2012-04-16,0.0032135863004297835
2012-04-17,-0.004470214816443895
2012-04-18,0.002309022371148007
2012-04-19,-0.0023005770971653862
2012-04-20,0.006211970544331727
2012-04-23,-0.00306024977070023
2012-04-24,-0.005974192666805185
2012-04-25,0.0025585302768243966
2012-04-26,0.0032988675507555445
2012-04-27,0.0024823686200804167
2012-04-30,-0.002788122597105619
2012-05-01,-0.004418592475498983
2012-05-02,0.010267594506023367
2012-05-03,0.004025531614959944
2012-05-04,0.008141577917532622
2012-05-07,0.004787884022664111
2012-05-08,0.0010865222792211973
2012-05-09,0.002840398175731585
2012-05-10,0.00645422599221413
2012-05-11,0.00797013708986102
2012-05-14,0.005835366315739036
2012-05-15,0.01490260158367647
2012-05-16,0.01055850229664444
2012-05-17,-0.0010123801551135646
2012-05-18,-0.0010394928352864979
2012-05-21,-0.016441593807636875
2012-05-22,0.004336855765229064
2012-05-23,-0.009341756264219571
2012-05-24,0.00965151300740717
2012-05-25,0.0032766130307139547
2012-05-29,-0.005279763567001616
2012-05-30,0.008800813912621355
2012-05-31,0.010019000268897155
2012-06-01,0.003896262796486092
2012-06-04,-6.818327987438317e-06
2012-06-05,-0.008252254526540881
2012-06-06,-0.004779985904416686
2012-06-07,-2.1240771115961564e-05
2012-06-08,0.00843444966418282
2012-06-11,0.010657721468257537
2012-06-12,-0.00814577141183995
2012-06-13,0.006619435400554023
2012-06-14,-0.0015173617474646068
2012-06-15,-0.00666299662709318
2012-06-18,0.007224542940126677
2012-06-19,-0.007937965989824814
2012-06-20,0.002755039228135892
2012-06-21,0.016891541712936223
2012-06-22,-0.00011530137728042709
2012-06-25,0.0036591902068261943
2012-06-26,0.0009319411235226368
2012-06-27,-0.01074487043759239
2012-06-28,-0.0024308597473306215
2012-06-29,-0.009316346666203469
2012-07-02,0.0048638094985327986
2012-07-03,-0.012700044876171438
2012-07-05,0.0048478183636851135
2012-07-06,0.010517268379742279
2012-07-09,0.004369954458601661
2012-07-10,0.009279227942478105
2012-07-11,-0.0034105102678093965
2012-07-12,0.0027341114894286413
2012-07-13,-0.002169510839193274
2012-07-16,-0.0013334598789865703
2012-07-17,0.0010537498538182944
2012-07-18,-0.004349687623501591
2012-07-19,-0.005779262068921198
2012-07-20,-0.008624423056756784
2012-07-23,-0.0009808256145059278
2012-07-24,0.005433267379429033
2012-07-25,-0.011754800105746257
2012-07-26,-0.009460951077862925
2012-07-27,-0.0029592716101474992
2012-07-30,0.002551797517591244
2012-07-31,0.003334390650248612
2012-08-01,-0.002942029112225102
2012-08-02,0.004705252734139336
2012-08-03,-0.003549810339937213
2012-08-06,-0.004080203055541966
2012-08-07,-0.011957559472025307
2012-08-08,0.0030612042277231525
2012-08-09,-0.004978677396439136
2012-08-10,0.00012834737734219906
2012-08-13,0.006932141345826926
2012-08-14,0.004640038940997754
2012-08-15,0.00012034977507742898
2012-08-16,-0.008071009877457154
2012-08-17,0.0008879822091076583
2012-08-20,-0.0017736478293553797
2012-08-21,-0.006742455347888504
2012-08-22,-0.005601736688970098
2012-08-23,0.0021313433489580365
2012-08-24,0.0034019099986984506
2012-08-27,-0.0029465463400361602
2012-08-28,0.003313018980752933
2012-08-29,0.0026770938575433993
2012-08-30,0.008536754751125341
2012-08-31,-0.005209993805484199
2012-09-04,0.006930887301978087
2012-09-05,0.0003343290076010247
2012-09-06,-0.0023975740805713443
2012-09-07,-0.021301054438763064
2012-09-10,0.004177917542091704
2012-09-11,-0.006111094763699057
2012-09-12,-0.00045179337539265205
2012-09-13,-0.0023534143949964378
2012-09-14,-0.012132607451038363
2012-09-17,0.005785283788527731
2012-09-18,-0.0033799364679589616
2012-09-19,0.0060311014226675065
2012-09-20,0.005494279954911246
2012-09-21,0.0032455528613472917
2012-09-24,0.003716758187336127
2012-09-25,0.000796100459089938
2012-09-26,0.0034689684878874247
2012-09-27,-0.0042628805031118535
2012-09-28,0.0004395791219521227
2012-10-01,-0.004150739250481219
2012-10-02,-0.0031611693063661175
2012-10-03,0.00939262156563796
2012-10-04,-0.0005952318232584174
2012-10-05,0.005359474376527107
2012-10-08,-0.002031990763091086
2012-10-09,-0.011630241085946765
2012-10-10,0.004504714298347688
2012-10-11,-0.007742350083458395
2012-10-12,-0.003815722828911599
2012-10-15,0.0010563180853661114
2012-10-16,-0.009290334205524314
2012-10-17,-0.002643167898849489
2012-10-18,-0.003993362413485735
2012-10-19,-0.007064763800215858
2012-10-22,-0.004262766642298048
2012-10-23,0.009192019700009048
2012-10-24,4.338010545126565e-05
2012-10-25,0.0037225503510554736
2012-10-26,0.005103468340179082
2012-10-31,0.00573193482243709
2012-11-01,-0.0028000723209802856
2012-11-02,0.011633872199898547
2012-11-05,-0.0007347437960228541
2012-11-06,-0.004191084350396422
2012-11-07,0.005273569044409734
2012-11-08,0.00376154242307052
2012-11-09,-0.0007223620853664535
2012-11-12,-0.00039870927001671593
2012-11-13,0.004014045692951864
2012-11-14,0.004928681333143948
2012-11-15,-0.002916843011203009
2012-11-16,-0.004706223372873246
2012-11-19,-0.0005934796033817045
2012-11-20,0.0019285414376135907
2012-11-21,0.0011945022188698728
2012-11-23,0.0007278930052238746
2012-11-26,0.005352005214477457
2012-11-27,0.0023998365201766364
2012-11-28,0.001084638460485867
2012-11-29,0.00031721677694055247
2012-11-30,0.006190772561054039
2012-12-03,0.0005457086209965438
2012-12-04,0.005041511032066224
2012-12-05,-0.001645682641637834
2012-12-06,0.0018789363229378023
2012-12-07,-0.0028264395178105427
2012-12-10,-0.0020584691873921338
2012-12-11,-0.0014397496072084898
2012-12-12,-0.0031917806124209837
2012-12-13,0.0024730425581824637
2012-12-14,0.0006486164833490075
2012-12-17,0.0008433338030048071
2012-12-18,-0.005084672811624732
2012-12-19,0.0004056286062340998
2012-12-20,-0.002342718864201218
2012-12-21,0.0001100707801611452
2012-12-24,0.003317690885340743
2012-12-26,-0.001473501275612002
2012-12-27,0.0020205078820478327
2012-12-28,0.0023133667310083253
2012-12-31,-0.0054858472731097695
2013-01-02,0.003866450712450481
2013-01-03,0.0029932677445705805
2013-01-04,-0.0025525757256933336
2013-01-07,0.0005962367692214002
2013-01-08,0.0015243457669666357
2013-01-09,-0.004294401798514884
2013-01-10,0.0029823200669573265
2013-01-11,0.004945436952354994
2013-01-14,0.004810500112419909
2013-01-15,-0.0029884846943270225
2013-01-16,-0.0009684026537383629
2013-01-17,0.0008051320330981003
2013-01-18,-0.00228540523427845
2013-01-22,-0.00675498161915823
2013-01-23,0.00555342164113277
2013-01-24,0.011080878008611034
2013-01-25,0.005396900949611575
2013-01-28,0.00019334070313073163
2013-01-29,-0.005041191428351771
2013-01-30,0.00185304748660134
2013-01-31,-0.005622136462421577
2013-02-01,0.0007487181195632377
2013-02-04,0.0020069522908999836
2013-02-05,0.0026962761795813446
2013-02-06,0.0021343320386629132
2013-02-07,0.003426058878025773
2013-02-08,-0.00271627176661463
2013-02-11,0.0049122484102129445
2013-02-12,0.000729754853429177
2013-02-13,0.004594681633475706
2013-02-14,-0.0018129014612741226
2013-02-15,0.0038007477198658355
2013-02-19,0.0004919470336924559
2013-02-20,0.0032356330331797588
2013-02-21,0.002280017304444457
2013-02-22,0.003932403554543754
2013-02-25,0.006360871233161826
2013-02-26,0.002074606062436575
2013-02-27,0.0023296465501691692
2013-02-28,0.005591711974053223
2013-03-01,0.001585449812385971
2013-03-04,0.006867222751353198
2013-03-05,0.0017727920077515397
2013-03-06,-0.0017690627148063743
2013-03-07,-0.0033930743708369985
2013-03-08,-0.002736022826733939
2013-03-11,0.0023544513123936253
2013-03-12,-0.0024823684567300756
2013-03-13,0.005228519781893469
2013-03-14,-0.0021091307243481204
2013-03-15,-0.0028474249281277473
2013-03-18,-0.00061226099821086
2013-03-19,0.009830971318536623
2013-03-20,0.0011342203236941759
2013-03-21,0.000581766993346824
2013-03-22,0.007714052202271477
2013-03-25,0.0018429974884795954
2013-03-26,-0.0007974596084831582
2013-03-27,-0.0012689821897997567
2013-03-28,0.0011089424969561838
2013-04-01,0.00019272445859658447
2013-04-02,0.0013413898415144754
2013-04-03,5.685999643100203e-05
2013-04-04,0.0013912921860434356
2013-04-05,0.0008624805656225333
2013-04-08,-0.0008950078085949683
2013-04-09,-0.009062202056918997
2013-04-10,0.0017316873245954998
2013-04-11,-0.002143571723329764
2013-04-12,0.0065611007172344995
2013-04-15,0.01738942727433679
2013-04-16,-0.0034036420979197367
2013-04-17,0.0005813922223392439
2013-04-18,-0.005937386833085996
2013-04-19,0.00926146091659238
2013-04-22,0.000392519648711819
2013-04-23,0.008995632443168864
2013-04-24,-0.009511114695663549
2013-04-25,-0.006744427039841151
2013-04-26,-1.6370840981963275e-05
2013-04-29,-0.0033824975505845384
2013-04-30,0.00029050150158733994
2013-05-01,0.004711866277497914
2013-05-02,-0.003468994403023431
2013-05-03,-0.00431560158026474
2013-05-06,-0.0025718021124699025
2013-05-07,-0.002129564128741903
2013-05-08,-0.0008897395760183158
2013-05-09,0.00035585680583904696
2013-05-10,0.0012444120324807998
2013-05-13,0.0010898485658332154
2013-05-14,0.002389101605850468
2013-05-15,0.008986478614192259
2013-05-16,0.006086640246934503
2013-05-17,-0.0027096935301529693
2013-05-20,-0.006976081914112609
2013-05-21,-0.002542071698628733
2013-05-22,0.0017428732632926804
2013-05-23,0.003945982306866318
2013-05-24,0.0021309926842735683
2013-05-28,-0.0032282881421108055
2013-05-29,-0.0010128276309464704
2013-05-30,3.899551231989572e-05
2013-05-31,0.007073745058530187
2013-06-03,0.004215141580833158
2013-06-04,0.004476432935841949
2013-06-05,0.0035839350350062946
2013-06-06,-0.005423062971315568
2013-06-07,0.002374453982491395
2013-06-10,0.00035150248957243604
2013-06-11,0.0031141888355347407
2013-06-12,0.005746794158845001
2013-06-13,-0.0011714834083242321
2013-06-14,0.002244135118508041
2013-06-17,0.0019893763583177346
2013-06-18,-0.0008308797964877353
2013-06-19,0.0023515685804023196
2013-06-20,0.006586647327512652
2013-06-21,-0.0010328143660675935
2013-06-24,0.003587546289357507
2013-06-25,-0.0017818237477018489
2013-06-26,-0.0024817429979085578
2013-06-27,0.0004184317971903666
2013-06-28,0.0008576531668546223
2013-07-01,0.0005029891773804685
2013-07-02,0.003812645099929776
2013-07-03,0.001222174931612832
2013-07-05,-0.0007962852492908923
2013-07-08,0.0023862731483576182
2013-07-09,0.0018177105501085164
2013-07-10,-0.002896042797287898
2013-07-11,-0.005316812365729194
2013-07-12,0.0014245955523891067
2013-07-15,-0.0035304789000312822
2013-07-16,0.004137415545342457
2013-07-17,0.0010300013059862305
2013-07-18,-0.007001511921960265
2013-07-19,-0.006803123354393853
2013-07-22,-0.0005839336390322534
2013-07-23,0.0027083002929260127
2013-07-24,0.005423879795714608
2013-07-25,-0.0022823194973923067
2013-07-26,0.0014479145152519993
2013-07-29,0.002736197139490102
2013-07-30,-0.0016277035338377978
2013-07-31,-0.0041327859445367795
2013-08-01,0.0009348085415478114
2013-08-02,0.003410046340806123
2013-08-05,0.0007384982341042957
2013-08-06,0.004351293730293181
2013-08-07,0.0005089907443635833
2013-08-08,-0.004414188762249243
2013-08-09,-0.001963044653553625
2013-08-12,-0.0001408967383945765
2013-08-13,0.002836774117891509
2013-08-14,0.0007220286408897897
2013-08-15,-0.004463156578736294
2013-08-16,0.003294807258362076
2013-08-19,0.000673906971336606
2013-08-20,-0.0018374501463254542
2013-08-21,4.782569172230546e-05
2013-08-22,-0.01093791823965277
2013-08-23,0.000727698850711418
2013-08-26,-0.006156330690289952
2013-08-27,0.0017127518361354868
2013-08-28,-0.0017600664590099856
2013-08-29,0.0019690599784762267
2013-08-30,-0.0029147563220805928
2013-09-03,-0.004305826545244862
2013-09-04,0.007166475246557635
2013-09-05,-0.003035387755702828
2013-09-06,0.0007308778721551282
2013-09-09,-0.0043232160562458564
2013-09-10,0.0012812504253468797
2013-09-11,-0.0025770052071809693
2013-09-12,0.00032607301093180187
2013-09-13,0.0016961544456384962
2013-09-16,-0.0018940967538334376
2013-09-17,0.0007389511962099844
2013-09-18,-0.00165654982812502
2013-09-19,-0.00296432787666198
2013-09-20,0.0015084657857137168
2013-09-23,0.00030662833830801656
2013-09-24,0.0016336667340036547
2013-09-25,-0.0010865853736771421
2013-09-26,0.00037936537756930747
2013-09-27,-0.0008571151849208367
2013-09-30,0.0033494642948465776
2013-10-01,-0.002342912458328757
2013-10-02,-0.0036070827035610442
2013-10-03,0.0009098631238400539
2013-10-04,-0.003436810569774039
2013-10-07,0.0015858990350913766
2013-10-08,0.004036499127198589
2013-10-09,0.0030754902626904898
2013-10-10,-0.002636487319002685
2013-10-11,-0.003759056299107213
2013-10-14,0.0006398588531312043
2013-10-15,-0.001064501480144675
2013-10-16,-0.0018877510106581695
2013-10-17,0.0008095404917023536
2013-10-18,0.007497539003915025
2013-10-21,-0.0012492354760086418
2013-10-22,-0.004826435383003191
2013-10-23,0.00503530467264981
2013-10-24,-0.0005052658858095057
2013-10-25,0.004220492999452249
2013-10-28,5.2594286653387786e-05
2013-10-29,0.006733429377717929
2013-10-30,0.0010081655148921809
2013-10-31,0.003306869192687623
2013-11-01,-0.004788315345299362
2013-11-04,-0.0016452478267703482
2013-11-05,0.0011463424057438364
2013-11-06,0.00555170541534099
2013-11-07,0.001528498268751375
2013-11-08,0.001108964073743839
2013-11-11,-0.0019317956104520292
2013-11-12,0.0011954382018368524
2013-11-13,-0.0019682833685668606
2013-11-14,-0.0022695098075857425
2013-11-15,4.663811118802742e-05
2013-11-18,0.0005103899498137716
2013-11-19,0.0039184381435326855
2013-11-20,-0.0008620845651398191
2013-11-21,0.0007081126932140379
2013-11-22,-0.0044091475793447575
2013-11-25,0.003765957528995379
2013-11-26,0.00037625722919203293
2013-11-27,0.005290595178194384
2013-11-29,-0.00020829340043770808
2013-12-02,-0.00020212739372124842
2013-12-03,0.0014074503741162573
2013-12-04,-0.00013179516472843782
2013-12-05,-0.0026621514352876846
2013-12-06,0.004112175203203195
2013-12-09,-0.0005941140927387989
2013-12-10,-0.003064871527693158
2013-12-11,0.004707366935635978
2013-12-12,-0.0017373224104557231
2013-12-13,-0.0030751295065975354
2013-12-16,-0.001166031552468915
2013-12-17,0.0007976396254697435
2013-12-18,-0.0015386974041792986
2013-12-19,-0.003476248504155104
2013-12-20,-0.0013227327440835767
2013-12-23,0.0021619633623484766
2013-12-24,-0.0012847105603564892
2013-12-26,-0.002210589521720057
2013-12-27,-0.000770155917875845
2013-12-30,-0.00024817696704197375
2013-12-31,0.0004390576798901229
2014-01-02,-0.0008176651133925185
2014-01-03,0.002265994844975704
2014-01-06,0.004197542347727523
2014-01-07,-0.00557166647008659
2014-01-08,-0.0016463011678910836
2014-01-09,-0.000368520063648728
2014-01-10,-0.0032650218416478693
2014-01-13,0.008767920610659197
2014-01-14,-0.011331585544626595
2014-01-15,0.005976130451773093
2014-01-16,-0.002881055392769449
2014-01-17,-0.0064234315648963956
2014-01-21,-0.005961060501383581
2014-01-22,-0.0028573506560989432
2014-01-23,0.006664135304391072
2014-01-24,0.003916784798859465
2014-01-27,0.0005573807225983283
2014-01-28,-0.006236337728823884
2014-01-29,-0.0022972543553570752
2014-01-30,-0.012490229782297387
2014-01-31,0.0047835577871795385
2014-02-03,-0.0006811753937677795
2014-02-04,-0.00953110376114075
2014-02-05,0.004141263281950302
2014-02-06,-0.0005890957821708317
2014-02-07,-0.008194716213190244
2014-02-10,-0.0027113244041958215
2014-02-11,-0.0013259722372921479
2014-02-12,-0.0006598440523651584
2014-02-13,-0.004726461567516483
2014-02-14,-0.0008215335632404349
2014-02-18,-0.009240058438201604
2014-02-19,-0.0019647682330861346
2014-02-20,4.100319900145412e-05
2014-02-21,-0.002657718450989925
2014-02-24,-0.004061443484964727
2014-02-25,0.0016977260812805792
2014-02-26,0.007798941278841243
2014-02-27,-0.0037432781745144477
2014-02-28,0.00237644244021089
2014-03-03,-0.0005995165690523256
2014-03-04,0.0005094822126023606
2014-03-05,0.003246697305379699
2014-03-06,0.004676987675070459
2014-03-07,0.005849156001686937
2014-03-10,-0.0011471907307582414
2014-03-11,0.0015772238395478561
2014-03-12,-0.0016089399948005718
2014-03-13,0.0034364040089863916
2014-03-14,0.00011725492005484588
2014-03-17,-0.002630331757723791
2014-03-18,-0.0009174471050531768
2014-03-19,-7.158674696552809e-05
2014-03-20,0.007235956592375177
2014-03-21,0.008007717731534298
2014-03-24,0.00476608379923678
2014-03-25,0.0007860906491977475
2014-03-26,0.006629667502511671
2014-03-27,-0.006428990368320773
2014-03-28,0.0044697870762892946
2014-03-31,-0.0036352115957277538
2014-04-01,-0.005916984676763009
2014-04-02,-0.000412559760993157
2014-04-03,0.004034065125905356
2014-04-04,0.005766818643478885
2014-04-07,0.0005769523186489562
2014-04-08,0.0014803291658971559
2014-04-09,-0.013497245271733104
2014-04-10,0.009405027508876696
2014-04-11,0.0024507423785357263
2014-04-14,-0.00375661826011397
2014-04-15,-0.0027433524391549274
2014-04-16,-0.005824843275718802
2014-04-17,-0.0005317362800422976
2014-04-21,-0.005359734710732696
2014-04-22,-0.007746256563440071
2014-04-23,0.0012194307589951053
2014-04-24,0.0033596709273781317
2014-04-25,0.0047381370276114556
2014-04-28,0.007829576088079288
2014-04-29,-0.010547663066197647
2014-04-30,-0.004256639907518844
2014-05-01,-0.004911252108998923
2014-05-02,0.00239846544101407
2014-05-05,-0.006839950191570252
2014-05-06,-0.002501859391926923
2014-05-07,0.0056228203268134614
2014-05-08,0.008049480058252801
2014-05-09,-0.002890818527411128
2014-05-12,-0.008796565548872398
2014-05-13,0.0035987996039537036
2014-05-14,0.0008907279184948106
2014-05-15,0.0031395914689181935
2014-05-16,0.00395979789171413
2014-05-19,-0.004895127957351063
2014-05-20,0.0026970449982041335
2014-05-21,-0.0016392181390238163
2014-05-22,-0.004180218533272593
2014-05-23,0.0015187444966101092
2014-05-27,-0.005796442116707441
2014-05-28,0.0024404028746468276
2014-05-29,-0.002227500411408264
2014-05-30,0.004262761422850263
2014-06-02,-0.0018786181923422414
2014-06-03,0.0008429798256877402
2014-06-04,0.00039372630587769427
2014-06-05,0.0016956606128298943
2014-06-06,0.0014373396749695867
2014-06-09,0.0024267419817070195
2014-06-10,0.0003081584476731465
2014-06-11,-0.006974804691311254
2014-06-12,-0.0007627779380601936
2014-06-13,0.0023414910870375753
2014-06-16,0.0020853908068875844
2014-06-17,0.003377363102716661
2014-06-18,-0.0020310277776450177
2014-06-19,0.0030270340525086516
2014-06-20,-0.0035272599384808217
2014-06-23,0.003077176349326009
2014-06-24,-0.007446576049284202
2014-06-25,-0.004950748883211789
2014-06-26,-0.0030918193250890876
2014-06-27,2.869248145574836e-05
2014-06-30,0.0004962583808337587
2014-07-01,-0.0025878445022155827
2014-07-02,0.000210328735321209
2014-07-03,0.00018315845122946013
2014-07-07,0.007068153470993439
2014-07-08,0.004389278253146292
2014-07-09,-0.0022514191733465413
2014-07-10,0.0021636933758870215
2014-07-11,0.0017767037864476014
2014-07-14,0.0022392841620519598
2014-07-15,0.005579223989096247
2014-07-16,-0.001484871046741134
2014-07-17,0.006121706088326862
2014-07-18,-0.0020227355227156766
2014-07-21,-0.0005200066597193035
2014-07-22,-0.0022853789859267363
2014-07-23,-0.006178937340799337
2014-07-24,-0.0011815611934500622
2014-07-25,-0.0019521529537646933
2014-07-28,0.0029145795821514464
2014-07-29,-0.005101380370181174
2014-07-30,-0.003081534876771274
2014-07-31,0.001241583652302043
2014-08-01,-0.0026216503529212687
2014-08-04,-0.003621678396073642
2014-08-05,0.001218536526081505
2014-08-06,0.008203656676357746
2014-08-07,0.002704671369344714
2014-08-08,-0.0033526643700707206
2014-08-11,-4.408515685540561e-06
2014-08-12,0.005062245972520906
2014-08-13,-0.005627653410725979
2014-08-14,0.0007141747628743641
2014-08-15,-0.0026196046950457915
2014-08-18,-0.00012884651950504443
2014-08-19,-0.0017907834495884728
2014-08-20,-0.00227797012226072
2014-08-21,0.005965941665543331
2014-08-22,-0.000504363789806793
2014-08-25,-0.002980732567950283
2014-08-26,-0.0003330059875835709
2014-08-27,0.003200790709548279
2014-08-28,0.0016992751640275254
2014-08-29,-0.0007841716574826893
2014-09-02,0.00149026858354213
2014-09-03,-0.0021925031297675758
2014-09-04,0.005624379682329717
2014-09-05,-0.00041343502798356927
2014-09-08,0.0006532780963145536
2014-09-09,-7.691768223131609e-05
2014-09-10,-2.7743564690613614e-05
2014-09-11,0.0011433517980272922
2014-09-12,0.0037152052315428345
2014-09-15,0.0043928483290486976
2014-09-16,-0.00774667236696846
2014-09-17,0.004401293991495592
2014-09-18,0.0018775073199638328
2014-09-19,0.0019033839307267327
2014-09-22,0.00651120473624777
2014-09-23,-0.003682239296112418
2014-09-24,-0.0061987873126146745
2014-09-25,0.003353616709777688
2014-09-26,-0.0016958710148684665
2014-09-29,-0.0030731225934937296
2014-09-30,0.005361282721794007
2014-10-01,0.003511932820202129
2014-10-02,0.003198880981946479
2014-10-03,-0.004177167387125912
2014-10-06,0.006786378281029546
2014-10-07,0.0008139142691816312
2014-10-08,-0.0015364122854301177
2014-10-09,0.008325179433027014
2014-10-10,0.00552157613392456
2014-10-13,0.013945729611088965
2014-10-14,0.008615682631905186
2014-10-15,-0.009982588230971227
2014-10-16,-0.020247040107266454
2014-10-17,-0.0038818065116303885
2014-10-20,-0.0030194939062450957
2014-10-21,-0.015246794775728888
2014-10-22,0.012459027156859715
2014-10-23,-0.011541866512716704
2014-10-24,-0.0022205769971586336
2014-10-27,0.005749277702565979
2014-10-28,-0.008304883603109298
2014-10-29,0.0024014076918671664
2014-10-30,-0.0011819481686405659
2014-10-31,-0.004096165659501457
2014-11-03,0.004417749072486441
2014-11-04,0.009138144829009884
2014-11-05,-0.0012537622223557127
2014-11-06,-0.0027875387872120573
2014-11-07,0.006444497338383194
2014-11-10,-0.00010326343097557
2014-11-11,0.00048737312104053836
2014-11-12,0.00506602783256693
2014-11-13,0.004650844904536948
2014-11-14,0.0011264824511815752
2014-11-17,0.0017296597445671635
2014-11-18,-0.005125970108248084
2014-11-19,0.0010259263108234754
2014-11-20,-3.344986024750063e-06
2014-11-21,-0.003195294449417712
2014-11-24,-0.0035697324833460008
2014-11-25,0.0023682437855023913
2014-11-26,0.005972280569277022
2014-11-28,0.021410106772818426
2014-12-01,6.998567795770471e-05
2014-12-02,-0.004196564233933436
2014-12-03,-0.0050915516098275675
2014-12-04,0.00290096319948454
2014-12-05,0.002009684804872226
2014-12-08,0.008377875664590466
2014-12-09,-0.007944994430862263
2014-12-10,0.007667691708901149
2014-12-11,0.002268478782861345
2014-12-12,-0.002096058622198084
2014-12-15,-0.0006783152344075907
2014-12-16,-0.0021993469062821847
2014-12-17,-0.005744985577771281
2014-12-18,-0.0019410958496192225
2014-12-19,-0.013290994732403562
2014-12-22,0.016417498838011687
2014-12-23,0.004264767867447584
2014-12-24,-0.00043795913351366033
2014-12-26,-0.002137537278845519
2014-12-29,-0.002159706321882957
2014-12-30,0.00475644417476286
2014-12-31,-0.0003267537905130272
2015-01-02,-0.0030755593288765374
2015-01-05,0.005521032074667313
2015-01-06,0.002144096063791609
2015-01-07,-0.002047173960460966
2015-01-08,-0.000822734063970634
2015-01-09,-0.0012849285329954898
2015-01-12,0.00712217904357241
2015-01-13,-0.0015267196428639378
2015-01-14,-0.007029212812069986
2015-01-15,0.002578719547198427
2015-01-16,-0.006501484148208513
2015-01-20,-0.00021747328112773674
2015-01-21,-0.0015859818733675237
2015-01-22,0.006024456669083204
2015-01-23,-0.0038825019657162713
2015-01-26,-0.005027002541953975
2015-01-27,-0.004681703867126464
2015-01-28,0.00527727401302511
2015-01-29,-0.0021801806972834223
2015-01-30,0.0029694390725701386
2015-02-02,-0.002304812142049099
2015-02-03,-0.00042582318711380284
2015-02-04,0.007526231695487697
2015-02-05,-0.0018182554442940425
2015-02-06,0.006258468007661272
2015-02-09,0.001515448999630424
2015-02-10,0.00464236089856062
2015-02-11,0.0010754247897786305
2015-02-12,0.0012315664271568762
2015-02-13,-0.004547143638417753
2015-02-17,-0.002894682596577841
2015-02-18,0.00041316032248751454
2015-02-19,-0.0023062183521030725
2015-02-20,-0.003348752943269509
2015-02-23,-0.00016137969327671375
2015-02-24,0.0034957481487860095
2015-02-25,0.000839923837542292
2015-02-26,0.0022103526077409856
2015-02-27,0.0005589767452336537
2015-03-02,0.0008821136588562774
2015-03-03,-0.0025354820587384077
2015-03-04,-0.0020244941381171388
2015-03-05,-0.004047917328097094
2015-03-06,0.00336430141227464
2015-03-09,0.0013329670392225814
2015-03-10,-0.0023326307130420295
2015-03-11,-0.0024319836549992085
2015-03-12,0.0020983063447294835
2015-03-13,-0.0018489657055340372
2015-03-16,-0.007269030588832088
2015-03-17,-0.005147947818852444
2015-03-18,-0.0020367854854155387
2015-03-19,-0.006584820334071825
2015-03-20,0.0008298071357846121
2015-03-23,0.005033214626985298
2015-03-24,0.001087481036639046
2015-03-25,0.005799332342062459
2015-03-26,0.0010916186150094582
2015-03-27,-0.003317456744980016
2015-03-30,0.0012424302709882224
2015-03-31,0.006365863222490439
2015-04-01,-0.001625681535626544
2015-04-02,-0.0007553152947513558
2015-04-06,-0.0007395850552213536
2015-04-07,-0.003972105806261428
2015-04-08,-0.0023132867768501783
2015-04-09,-0.003929023016293019
2015-04-10,-0.0012914105016410353
2015-04-13,0.006667200816797074
2015-04-14,-0.0028887684101860838
2015-04-15,-0.0010052446886769002
2015-04-16,0.007872065754941671
2015-04-17,0.0034354721788178795
2015-04-20,0.0022415685752801805
2015-04-21,-0.003476463610622518
2015-04-22,0.0010447613019621347
2015-04-23,0.000898806642750902
2015-04-24,0.008696589458760761
2015-04-27,0.004494141607547412
2015-04-28,0.0009267660799404752
2015-04-29,0.004514005435755946
2015-04-30,-1.1778952507867442e-05
2015-05-01,-0.0043315538615606095
2015-05-04,0.0033492015773124006
2015-05-05,0.0011227367215757129
2015-05-06,0.002186524439343516
2015-05-07,0.0011917210642188878
2015-05-08,-0.0029376013451781983
2015-05-11,0.0050686708565823545
2015-05-12,-0.002728833686828103
2015-05-13,0.0007738657080455844
2015-05-14,-0.0027541060722718357
2015-05-15,0.0028409472322650543
2015-05-18,-0.0002452074463927653
2015-05-19,0.0024203301239733113
2015-05-20,-0.0034729969019223956
2015-05-21,-0.003972672624044964
2015-05-22,-0.0037320362853182536
2015-05-26,0.00131384819154791
2015-05-27,0.00194644660770162
2015-05-28,0.005638300283569214
2015-05-29,7.849696713822872e-05
2015-06-01,-0.00040870614788550245
2015-06-02,0.001026831985166998
2015-06-03,0.002190164786299222
2015-06-04,-4.6214249488088895e-05
2015-06-05,-0.0053672019017661
2015-06-08,0.00295276039698965
2015-06-09,0.001180374116633878
2015-06-10,0.0009352596541760615
2015-06-11,-0.00031473165968864746
2015-06-12,0.0010546046415712085
2015-06-15,-0.006333947394880863
2015-06-16,0.0021719793063801457
2015-06-17,0.002165212753994751
2015-06-18,-0.0007631860221068926
2015-06-19,-0.0016914855048154344
2015-06-22,-0.002144068570228691
2015-06-23,0.0011851615489291056
2015-06-24,0.005189282840768133
2015-06-25,-0.0030330987614853736
2015-06-26,0.0011779548908627039
2015-06-29,0.0019625269272258348
2015-06-30,-0.004301093175675662
2015-07-01,0.000341158657434224
2015-07-02,-0.0012463282949150179
2015-07-06,0.0021398479828879957
2015-07-07,-0.004886470989846711
2015-07-08,0.0005505260614060603
2015-07-09,-0.003335414229920433
2015-07-10,0.0007732311745156492
2015-07-13,0.002123576230815689
2015-07-14,-0.005795826244008812
2015-07-15,0.0002295517329543894
2015-07-16,0.004474975781909206
2015-07-17,0.0032989189087496247
2015-07-20,-0.0013919475651780135
2015-07-21,0.0011623354612917847
2015-07-22,0.0013387675144211901
2015-07-23,-0.0032201421353718934
2015-07-24,0.012281605547342115
2015-07-27,0.000255801239461081
2015-07-28,-0.004649446790905362
2015-07-29,0.003881459847433064
2015-07-30,-0.003164092516814825
2015-07-31,-0.0029066084256238753
2015-08-03,0.0023457830456819757
2015-08-04,-0.0023388517888767264
2015-08-05,-0.0022245999558042737
2015-08-06,0.00455757274906167
2015-08-07,-0.0021814903041406544
2015-08-10,-0.007789716672980287
2015-08-11,-0.0013909602989065268
2015-08-12,-0.003061791796290394
2015-08-13,0.010209757290528605
2015-08-14,0.00438117301389259
2015-08-17,-0.0031590195690821
2015-08-18,-0.00045737158762116856
2015-08-19,0.004037690795339861
2015-08-20,0.006967784397578277
2015-08-21,0.0013432229187620433
2015-08-24,-0.0023885865197684863
2015-08-25,-0.008372326843869316
2015-08-26,-0.006573789905915789
2015-08-27,0.009449653617955082
2015-08-28,-0.0019386326293132756
2015-08-31,0.003544496411587651
2015-09-01,-0.003169535262711929
2015-09-02,-0.006357842057065549
2015-09-03,0.0011836767526418603
2015-09-04,-0.003679277540653792
2015-09-08,-0.003635320831428525
2015-09-09,0.0010490008962339152
2015-09-10,0.002704233534950479
2015-09-11,-0.0010365053464393567
2015-09-14,-0.0006443071616381261
2015-09-15,0.0013961080570047532
2015-09-16,0.0009402484596293293
2015-09-17,-0.004083382687654909
2015-09-18,-0.002531784586988349
2015-09-21,0.0032019981793013955
2015-09-22,-0.005278052482955634
2015-09-23,-0.002226085923844901
2015-09-24,0.00760862334638453
2015-09-25,0.010942025770467757
2015-09-28,0.00960238971200747
2015-09-29,-0.0026032080928559583
2015-09-30,-0.00269585575064595
2015-10-01,-0.00844178723176278
2015-10-02,-0.008626123973029164
2015-10-05,0.008701652373542989
2015-10-06,0.004368598445811947
2015-10-07,0.0014047873922702087
2015-10-08,-0.003228191540471645
2015-10-09,-0.0009479313613045647
2015-10-12,0.0025436555278620216
2015-10-13,0.003883354563312099
2015-10-14,-0.00506285816749354
2015-10-15,-0.006901133692026207
2015-10-16,-0.0027258570620726018
2015-10-19,-0.0001755931543405742
2015-10-20,0.007136150024601233
2015-10-21,-0.0010312723262269512
2015-10-22,0.005677167529538545
2015-10-23,-0.0016813833876949918
2015-10-26,-0.003490450920092344
2015-10-27,-0.008304487805891663
2015-10-28,0.007243901749929658
2015-10-29,-0.005865134146438591
2015-10-30,-0.002514894986976615
2015-11-02,-0.007478481330331577
2015-11-03,-3.5827606942588955e-05
2015-11-04,0.0037148032440063477
2015-11-05,-0.003961162633976072
2015-11-06,0.0022046187032741665
2015-11-09,-0.0007809167483421172
2015-11-10,0.0005644818872046359
2015-11-11,0.0021179248236258353
2015-11-12,0.00043112998609520634
2015-11-13,-0.0036718299103767793
2015-11-16,0.0003915883800579272
2015-11-17,0.0009321225584521759
2015-11-18,0.000707380935692812
2015-11-19,0.007803839247758623
2015-11-20,-0.005752586837133234
2015-11-23,-0.0027260501609475455
2015-11-24,-0.0047501654110961265
2015-11-25,-0.0025984981579037464
2015-11-27,0.002012682831502852
2015-11-30,0.004833176223708966
2015-12-01,-0.006297056038247413
2015-12-02,-0.0030679378543862013
2015-12-03,0.006080995427034412
2015-12-04,0.0007400434755444549
2015-12-07,-0.01586366259975215
2015-12-08,-0.012105195345213161
2015-12-09,-0.0009731997340709788
2015-12-10,-0.00044471449479185107
2015-12-11,0.0018517495814945179
2015-12-14,-0.005924703287640145
2015-12-15,0.0028090658938046847
2015-12-16,0.0008835909284156773
2015-12-17,-0.006343531001800602
2015-12-18,-0.00037757774784840384
2015-12-21,0.00043251651232750825
2015-12-22,0.0002405041842231084
2015-12-23,0.0007379094924253579
2015-12-24,-0.0022176074627381706
2015-12-28,0.001587333793320925
2015-12-29,-0.004661339078691602
2015-12-30,-0.004590354906899378
2015-12-31,0.00024216967659464466
2016-01-04,0.0020204324177493624
2016-01-05,-0.002701209469095965
2016-01-06,-0.0004994808125435102
2016-01-07,0.005265247458845684
2016-01-08,0.0013254615450796806
2016-01-11,0.007054674884644943
2016-01-12,-0.005127244931105119
2016-01-13,0.005379768767027872
2016-01-14,-0.0034997179108040757
2016-01-15,0.0006176982710469667
2016-01-19,0.003143382675404716
2016-01-20,-0.0057566692636844986
2016-01-21,0.00785934706954812
2016-01-22,-0.010439570747251457
2016-01-25,0.007744801504881441
2016-01-26,0.003449218164155003
2016-01-27,0.009101853998398902
2016-01-28,0.0013985581689390488
2016-01-29,0.0011105946036110035
2016-02-01,0.0023798060409215794
2016-02-02,0.0012415508660471317
2016-02-03,-0.0058619955513623395
2016-02-04,0.009672862420668128
2016-02-05,0.012817330751509499
2016-02-08,0.014437838693009665
2016-02-09,-0.007248504073322305
2016-02-10,-0.0020914488520075354
2016-02-11,-0.004842845180607608
2016-02-12,0.009570437298854399
2016-02-16,-0.004090059676591122
2016-02-17,-0.0012708729039042806
2016-02-18,0.002567553244693408
2016-02-19,-0.00641848649579604
2016-02-22,-0.0022302791137389665
2016-02-23,-0.0015374954039441271
2016-02-24,-0.006912164530143905
2016-02-25,-0.0010467592566326227
2016-02-26,-0.002843266857201391
2016-02-29,0.006353105654847491
2016-03-01,-0.007299578335784698
2016-03-02,0.004139660795612495
2016-03-03,0.0004792293927343022
2016-03-04,0.0062648291085803665
2016-03-07,-0.004977350022629214
2016-03-08,0.005884569189085163
2016-03-09,-0.0017044225935667295
2016-03-10,-0.0010363114765002466
2016-03-11,-0.007103662686049622
2016-03-14,0.006395734794824667
2016-03-15,0.008521800729343451
2016-03-16,-8.449256187717682e-05
2016-03-17,0.0015894921126701068
2016-03-18,-0.005845818896270039
2016-03-21,0.00010582773160442571
2016-03-22,-0.004747308669866501
2016-03-23,0.0027839484150139135
2016-03-24,-0.004162824688657667
2016-03-28,0.00436000247060076
2016-03-29,0.0009116674852325533
2016-03-30,0.006317259312560221
2016-03-31,-0.0034008783290927587
2016-04-01,9.420369732190018e-05
2016-04-04,-0.0015044039692824792
2016-04-05,0.004966769482037758
2016-04-06,-0.011909758654023403
2016-04-07,-0.00042505291868041905
2016-04-08,0.004680615915886671
2016-04-11,0.002385183911192842
2016-04-12,-0.006021027052202278
2016-04-13,0.004610817988692738
2016-04-14,-0.0007408119130671744
2016-04-15,0.0026634694763926783
2016-04-18,-0.007994346768053828
2016-04-19,-0.00022231873016561587
2016-04-20,-0.000703098644436812
2016-04-21,-0.011485900318890968
2016-04-22,-0.003072438017792262
2016-04-25,0.0027065808896321285
2016-04-26,0.0017421697401548957
2016-04-27,0.0016270408039095888
2016-04-28,-0.0005652179664666295
2016-04-29,0.0015060441804915115
2016-05-02,-0.0018622171717199872
2016-05-03,0.0012437594831450883
2016-05-04,0.0068653854796455905
2016-05-05,-0.0015710463367980105
2016-05-06,0.016856961159947108
2016-05-09,0.002765653861349024
2016-05-10,-0.005220581686336139
2016-05-11,0.007331816022559174
2016-05-12,0.0015712252154053798
2016-05-13,-0.0011590331778268696
2016-05-16,-0.0021784614858895634
2016-05-17,-0.001726376632555316
2016-05-18,0.005201453751075863
2016-05-19,0.005102667870735904
2016-05-20,0.004959908080931088
2016-05-23,0.0016996736729309164
2016-05-24,-0.0032549902334757003
2016-05-25,-0.0015845904607742706
2016-05-26,-0.0016542718537365401
2016-05-27,0.00025119122207637476
2016-05-31,-0.0010090759666653319
2016-06-01,-0.005901426108658273
2016-06-02,-0.006568684245799568
2016-06-03,-0.000748348714175415
2016-06-06,-0.00040339559475055834
2016-06-07,0.005582342310794241
2016-06-08,-0.0050020906249597
2016-06-09,0.0023823972776956717
2016-06-10,0.0017047606161381087
2016-06-13,9.693808983853231e-06
2016-06-14,-0.0004959643376597683
2016-06-15,0.00021302962632426648
2016-06-16,0.0033219487767145793
2016-06-17,0.0006307184735640152
2016-06-20,-0.0007604045152882829
2016-06-21,0.0006727278857439883
2016-06-22,0.0010324889944282154
2016-06-23,0.00280610084007207
2016-06-24,0.004308935739306446
2016-06-27,0.012189740273325526
2016-06-28,-0.004221520517253036
2016-06-29,-0.003780323426130828
2016-06-30,0.003539456076163912
2016-07-01,-0.004277236702998126
2016-07-05,0.003954184723841197
2016-07-06,-0.00094837829653516
2016-07-07,0.00209181606073837
2016-07-08,-6.70445338366132e-05
2016-07-11,0.0006632095081398051
2016-07-12,-0.0036539659196816684
2016-07-13,0.006091647595920057
2016-07-14,-0.0010332945060800196
2016-07-15,-0.0034057555099039215
2016-07-18,-0.0011499494531126068
2016-07-19,0.0022786148441046143
2016-07-20,-0.003872103978109823
2016-07-21,-0.005213863462526643
2016-07-22,-0.0036606569775010675
2016-07-25,0.0039342011262406594
2016-07-26,-0.0037619432488076275
2016-07-27,-0.0022159798456321753
2016-07-28,-0.007636562973244326
2016-07-29,0.002402327260779877
2016-08-01,-0.0008703718546062729
2016-08-02,-0.002346184581465482
2016-08-03,-0.0007646651668769909
2016-08-04,-0.00096795699633373
2016-08-05,0.0036528312020234553
2016-08-08,-0.0006543576402223195
2016-08-09,0.0036663686758984853
2016-08-10,-0.001168562780169772
2016-08-11,-0.0023038305289717832
2016-08-12,-0.0012611559443959247
2016-08-15,-0.0030922686792172875
2016-08-16,-0.000728416744067122
2016-08-17,0.00302473068232746
2016-08-18,-0.0011394772248061516
2016-08-19,-0.00026764057045689123
2016-08-22,-0.004249064675565726
2016-08-23,-0.0016713895140316145
2016-08-24,0.009127920291247527
2016-08-25,0.008890408621184547
2016-08-26,0.0012050036941458938
2016-08-29,0.002000045009786206
2016-08-30,0.0006570746048206775
2016-08-31,0.004676737426351511
2016-09-01,0.0009018585484502101
2016-09-02,-0.00020275870123201368
2016-09-06,-0.001140024650687276
2016-09-07,-0.0008991625962878434
2016-09-08,-0.006799231033732206
2016-09-09,-0.0012785605977002632
2016-09-12,-0.0036384913047201794
2016-09-13,0.001678645292827866
2016-09-14,-0.0006922538648786337
2016-09-15,-0.0006242702937380212
2016-09-16,-0.002524937009258175
2016-09-19,0.0020580988157678825
2016-09-20,0.00017290864393328743
2016-09-21,-0.0032686767216210163
2016-09-22,0.00019980246518210622
2016-09-23,0.0037727270233329315
2016-09-26,6.138848826944674e-05
2016-09-27,0.0004645470473742706
2016-09-28,-0.003938916991368839
2016-09-29,0.0038340472478249174
2016-09-30,0.0025725202796171996
2016-10-03,-0.0016357867157602269
2016-10-04,-0.0007262192298533366
2016-10-05,0.0006842319167566336
2016-10-06,0.00027127904762471903
2016-10-07,-0.001482845139305057
2016-10-10,-0.007050886665695261
2016-10-11,0.006752688741938392
2016-10-12,0.0065165948647021325
2016-10-13,-0.004992349334713869
2016-10-14,0.0029349083412690594
2016-10-17,-0.0008610446227416261
2016-10-18,-0.0006800157886611561
2016-10-19,0.0007015115685921278
2016-10-20,-0.006917084720887937
2016-10-21,0.0033091208674684903
2016-10-24,0.006696940427179624
2016-10-25,-0.001090878561515102
2016-10-26,-0.002086949823946442
2016-10-27,-0.004392788627017171
2016-10-28,0.005723986588053374
2016-10-31,0.002338331845220094
2016-11-01,-0.00508807458290379
2016-11-02,-0.001310784752563264
2016-11-03,0.013904157763578798
2016-11-04,-0.007980355206021281
2016-11-07,-0.0015276862632399235
2016-11-08,0.003110590258719634
2016-11-09,-0.01046994118679204
2016-11-10,-0.0052531194364036525
2016-11-11,0.012713861339078375
2016-11-14,-0.00308040629516003
2016-11-15,0.0027827544668080906
2016-11-16,0.0028856035916104313
2016-11-17,-0.0029795455719555464
2016-11-18,0.006758681353633684
2016-11-21,0.0012418670085804929
2016-11-22,0.005022278114076885
2016-11-23,0.0019891842358838244
2016-11-25,0.0009939326461025104
2016-11-28,0.001526687241084066
2016-11-29,-0.005297368891660469
2016-11-30,0.005274868661569363
2016-12-01,-0.001007094844853008
2016-12-02,-0.0014253251410498201
2016-12-05,0.00010225240986447303
2016-12-06,-0.00121132721355304
2016-12-07,0.01383661690933625
2016-12-08,0.0019177279163120659
2016-12-09,0.002105805652959011
2016-12-12,0.0016963884304338605
2016-12-13,-0.0008345701726900813
2016-12-14,0.0016007847436337141
2016-12-15,-0.00023234194647255512
2016-12-16,-0.0036618636266316502
2016-12-19,0.005507795146436283
2016-12-20,0.0010770769400993932
2016-12-21,0.002403731020012091
2016-12-22,-0.0029700903582860244
2016-12-23,-0.002447330344106721
2016-12-27,-0.0007737335265255036
2016-12-28,0.001106267047987356
2016-12-29,-0.00019044469141810453
2016-12-30,0.0002463217208097026
2017-01-03,-0.00020709369489307742
2017-01-04,0.00022296758944647592
2017-01-05,-0.004151594977988585
2017-01-06,0.001020093491181257
2017-01-09,-0.002105437349641869
2017-01-10,-0.0036545160225319524
2017-01-11,0.0030205552598144897
2017-01-12,-0.002275329785611419
2017-01-13,0.001695094072295483
2017-01-17,-0.0005757094782950376
2017-01-18,0.000695666579331926
2017-01-19,0.009694137807767211
2017-01-20,9.303851232014875e-05
2017-01-23,0.001539133376083488
2017-01-24,0.004692628011666724
2017-01-25,-0.0023182163851804267
2017-01-26,0.00347585620159966
2017-01-27,0.00017913975873393444
2017-01-30,0.0002184538071975413
2017-01-31,-0.0059284842592841405
2017-02-01,-0.0015796840551141897
2017-02-02,0.003879190254421097
2017-02-03,-0.0021470120226423773
2017-02-06,-0.0006557494260656801
2017-02-07,0.0010613383108670753
2017-02-08,-0.004707307484546294
2017-02-09,-0.007719903243290329
2017-02-10,0.0011951277696850167
2017-02-13,-0.004536032960766786
2017-02-14,-0.0010805423355665935
2017-02-15,-0.002804554560101013
2017-02-16,0.002001242447266268
2017-02-17,0.0017612753314428067
2017-02-21,0.0038428643840788214
2017-02-22,0.0007698549614840739
2017-02-23,0.0004881965263658804
2017-02-24,-0.004086668049649634
2017-02-27,-0.005082327955983809
2017-02-28,0.0015521765041246651
2017-03-01,-0.003015392199910748
2017-03-02,0.0013588780017664208
2017-03-03,-0.0028780536095459
2017-03-06,0.0007651425620861766
2017-03-07,0.0021684482851522667
2017-03-08,-0.0005042457831354226
2017-03-09,0.0006676563132962667
2017-03-10,0.0022288937186790633
2017-03-13,-0.0015227204119663983
2017-03-14,0.0031694563092228597
2017-03-15,-0.0022422826783445207
2017-03-16,0.004845357045252626
2017-03-17,0.0003317470722786178
2017-03-20,0.0018963580195389036
2017-03-21,0.0005260323708071108
2017-03-22,0.0004939956942205176
2017-03-23,0.0009555163465780267
2017-03-24,0.0016559520121518843
2017-03-27,-0.0009409168261336237
2017-03-28,-0.0018455943654351722
2017-03-29,-0.0037277965227377335
2017-03-30,0.002001789760486149
2017-03-31,-0.0002793696494196692
2017-04-03,1.7479964735014734e-05
2017-04-04,-0.002553466847740377
2017-04-05,0.00027846364594033215
2017-04-06,-0.004105943926979888
2017-04-07,-0.0011544590385654725
2017-04-10,-0.0019416723241525834
2017-04-11,-0.0015741849817705739
2017-04-12,0.002575035527301088
2017-04-13,0.002093169094696329
2017-04-17,0.0015299344847047127
2017-04-18,0.0044875814863754825
2017-04-19,-0.0006611277195908207
2017-04-20,-0.003399245415133877
2017-04-21,0.0008152446624976608
2017-04-24,-0.0029754436452726182
2017-04-25,-0.0006673568110721986
2017-04-26,0.001061645801977483
2017-04-27,0.005257674336619326
2017-04-28,-0.0013144076113665308
2017-05-01,-0.0014415511954381903
2017-05-02,-0.00398294358708671
2017-05-03,-0.0016450519991839752
2017-05-04,-0.003229033452292004
2017-05-05,0.0010842409489381275
2017-05-08,0.0025098910180745295
2017-05-09,-0.0014469784228702616
2017-05-10,0.008740091779866668
2017-05-11,0.00016920926494653078
2017-05-12,0.00028512230766506824
2017-05-15,0.00026823759042138393
2017-05-16,-0.000169440327979385
2017-05-17,-0.001839350317113954
2017-05-18,-0.0022590605732902965
2017-05-19,-0.0008337916010353605
2017-05-22,0.0007978241785864024
2017-05-23,0.0054687201058239
2017-05-24,-0.003511897172029393
2017-05-25,0.0008245505975749416
2017-05-26,-0.0016465972130276984
2017-05-30,0.0048139491615922115
2017-05-31,-0.001758576745282062
2017-06-01,-0.006160963018085498
2017-06-02,-0.002474771040932901
2017-06-05,0.0013739193628437875
2017-06-06,0.0008431094177344613
2017-06-07,3.694667832686592e-05
2017-06-08,0.002474075627045797
2017-06-09,0.002048648592349991
2017-06-12,0.0019069640554767726
2017-06-13,-0.006238893196700988
2017-06-14,-0.002155988725629645
2017-06-15,-0.00396133897330006
2017-06-16,0.0010654237610199656
2017-06-19,-0.0012797716478854361
2017-06-20,-0.005209844066871948
2017-06-21,-0.0056569311379199815
2017-06-22,0.001051599891944138
2017-06-23,-0.00022186904444685123
2017-06-26,0.002509693245390143
2017-06-27,0.0006253346681511398
2017-06-28,-0.0012728718782356087
2017-06-29,0.0032880294803182388
2017-06-30,-0.000447926303848256
2017-07-03,0.002778819489998683
2017-07-05,-0.0006801672874121873
2017-07-06,0.0014862152145640967
2017-07-07,-0.00025041518158846576
2017-07-10,-0.0011483743630561595
2017-07-11,-0.005410204090047857
2017-07-12,-0.00021079006062764112
2017-07-13,-0.0015224265289583122
2017-07-14,0.0023114752489316556
2017-07-17,-0.001179021659833049
2017-07-18,0.001023571733722637
2017-07-19,-0.005019199212250257
2017-07-20,0.0006063181455829976
2017-07-21,-0.003908085689184782
2017-07-24,-0.0045707682423531916
2017-07-25,0.007122091488410364
2017-07-26,-0.002830106808356699
2017-07-27,0.003106954610618781
2017-07-28,-0.004276307199371001
2017-07-31,0.0008632339338220697
2017-08-01,0.0009986874693463058
2017-08-02,-0.001246641329207884
2017-08-03,0.002655826569739283
2017-08-04,0.0013951929269059246
2017-08-07,-0.00031877438548662815
2017-08-08,-0.0005942053451198596
2017-08-09,-0.003460776654713587
2017-08-10,0.0020694740812560257
2017-08-11,-0.004232489462536926
2017-08-14,0.0022285635415167826
2017-08-15,-0.00019573247716097688
2017-08-16,-0.0027594431247050756
2017-08-17,-0.00230295935047078
2017-08-18,-0.000800266810189772
2017-08-21,-0.0019619586899681735
2017-08-22,-0.00509676958023335
2017-08-23,0.0049003090762099796
2017-08-24,-0.0034855314880540477
2017-08-25,0.001073303506918936
2017-08-28,-0.0012624672740984846
2017-08-29,-0.002227869871680088
2017-08-30,-0.0031572029354643015
2017-08-31,-0.005832889931331247
2017-09-01,-0.0003932196940030047
2017-09-05,-0.0008261140362072179
2017-09-06,0.005128293286820569
2017-09-07,-0.005119421390488247
2017-09-08,-0.006881447153230803
2017-09-11,0.005948247047911416
2017-09-12,0.003448942145252615
2017-09-13,0.0013607875884688765
2017-09-14,0.0012169767165320605
2017-09-15,0.005471001324772311
2017-09-18,0.002481862923023392
2017-09-19,0.006289807172402517
2017-09-20,-0.001520557191888686
2017-09-21,-0.0005313888742415603
2017-09-22,-0.0016963696461377762
2017-09-25,0.0026603371001513616
2017-09-26,0.0006191512124528926
2017-09-27,-0.0004952892560794388
2017-09-28,-0.0009207313336244509
2017-09-29,-0.006406977521003584
2017-10-02,-0.006331363178543887
2017-10-03,-0.00016759883432350604
2017-10-04,0.002316494355348791
2017-10-05,0.0020560949076197767
2017-10-06,0.000981497102299651
2017-10-09,0.004121522847172391
2017-10-10,0.004521959876476621
2017-10-11,-1.2948883587261042e-05
2017-10-12,-0.0010953733297688166
2017-10-13,0.0032669779883433584
2017-10-16,0.0015053457971651767
2017-10-17,-0.0025818481990784042
2017-10-18,-0.002210080753688845
2017-10-19,-2.0085276469288362e-05
2017-10-20,0.0007265147269355311
2017-10-23,0.0034288740495946944
2017-10-24,0.005635857355495471
2017-10-25,-0.008713886603941972
2017-10-26,0.010159900068787732
2017-10-27,0.006202055679925703
2017-10-30,-0.0007926974397869411
2017-10-31,-0.0028332953732183733
2017-11-01,-0.0005476920620478931
2017-11-02,0.005353657259232928
2017-11-03,-0.006533499629798444
2017-11-06,0.0005719715467866272
2017-11-07,-0.0038588942606821693
2017-11-08,0.0012524771897811909
2017-11-09,-0.002085874344673737
2017-11-10,0.0002902225288798018
2017-11-13,0.001075924165518415
2017-11-14,0.0027693032384995125
2017-11-15,-0.00039788654552260703
2017-11-16,-0.001059777295546622
2017-11-17,-0.00032336028933185857
2017-11-20,0.002709848827359223
2017-11-21,-0.001811919161361963
2017-11-22,-0.0036122225652059077
2017-11-24,0.0011984958408184107
2017-11-27,-0.0016726537956897368
2017-11-28,0.0044603801476976405
2017-11-29,0.002068296416324182
2017-11-30,-0.0024769070373079267
2017-12-01,0.006087813999995333
2017-12-04,0.009122694791918236
2017-12-05,-0.0015939258614664884
2017-12-06,-0.0021499832658622223
2017-12-07,-0.0020222149441941834
2017-12-08,-0.002092890777550917
2017-12-11,0.0010562064383897976
2017-12-12,0.0031554848013502163
2017-12-13,-0.001559832588723947
2017-12-14,0.0020513961933334196
2017-12-15,-0.0017518600045573836
2017-12-18,0.003292554512714863
2017-12-19,0.001794184092365559
2017-12-20,-0.0024607552307141516
2017-12-21,0.0023229210788432227
2017-12-22,-0.0005025276315022626
2017-12-26,-0.0004006846751732547
2017-12-27,-0.0002365630662278776
2017-12-28,-0.0002594557955482307
2017-12-29,-0.0021007252454835657
2018-01-02,-0.002512896973187115
2018-01-03,-0.0026533577439281112
2018-01-04,0.0031587878992018225
2018-01-05,7.075714544385738e-05
2018-01-08,0.004494340933081574
2018-01-09,-0.007548200735821767
2018-01-10,-0.0009422778588056143
2018-01-11,-0.0013530518233933217
2018-01-12,-0.0038966056471650603
2018-01-16,7.114001735906934e-05
2018-01-17,0.00026338712549814434
2018-01-18,0.002217032506496764
2018-01-19,0.0026942474183894653
2018-01-22,-0.001836009886406375
2018-01-23,-0.0009745265565339839
2018-01-24,0.004947968810341554
2018-01-25,-0.005591323687922879
2018-01-26,0.003057722438837301
2018-01-29,0.0017745853571217505
2018-01-30,-0.0005230020813254401
2018-01-31,0.004089135963359303
2018-02-01,0.001973845736013653
2018-02-02,-0.004593827256922632
2018-02-05,-0.0016742098740646371
2018-02-06,0.0006650336933486634
2018-02-07,-0.0049950177024785805
2018-02-08,0.0037901816571877696
2018-02-09,-0.004315517005266763
2018-02-12,0.00429588647286763
2018-02-13,0.004761861105214229
2018-02-14,0.0074177835235947915
2018-02-15,0.0007750493187982809
2018-02-16,0.001560453331136395
2018-02-20,-0.001794112212372529
2018-02-21,-0.0026881373402800396
2018-02-22,-0.007146387374816703
2018-02-23,-0.0022935703039677065
2018-02-26,0.0010141091164023086
2018-02-27,-0.0007633850758004871
2018-02-28,0.003795192101865442
2018-03-01,0.004053063540234301
2018-03-02,0.002959736631604524
2018-03-05,-0.0021087682115423136
2018-03-06,0.0038718265611079783
2018-03-07,-0.006413307891135404
2018-03-08,-0.0026961862719670038
2018-03-09,-0.0040470961250893885
2018-03-12,0.003583945799659487
2018-03-13,0.0008458847023252008
2018-03-14,-0.0015799526193662347
2018-03-15,-0.003479130888332246
2018-03-16,-0.006121657380058554
2018-03-19,0.00352618911010435
2018-03-20,-0.0025820966290301317
2018-03-21,0.007047027844475704
2018-03-22,0.003468861539776024
2018-03-23,-0.0024890775870617735
2018-03-26,-0.0016643680637928187
2018-03-27,0.004766274403576946
2018-03-28,-0.0011516596176490163
2018-03-29,-0.000437744559364479
2018-04-02,-0.00499666689803605
2018-04-03,0.006042108847531926
2018-04-04,-0.0021419138875303843
2018-04-05,0.0035090042816349662
2018-04-06,0.0028433865115101878
2018-04-09,-0.002619295299630435
2018-04-10,-0.003064267013281783
2018-04-11,0.0023686811743278526
2018-04-12,-0.005365358484966619
2018-04-13,0.0019950074872034777
2018-04-16,0.0005553707913003628
2018-04-17,-0.00685614198028179
2018-04-18,-0.0033382533060040743
2018-04-19,-0.0025242916667274746
2018-04-20,-0.0008298492622084479
2018-04-23,0.00108754295065192
2018-04-24,0.009673894713425764
2018-04-25,0.0004013415607448152
2018-04-26,0.002239880154141032
2018-04-27,0.001877902708409302
2018-04-30,-0.0014319817206520523
2018-05-01,-0.0016235173781695832
2018-05-02,-0.0027151005929210246
2018-05-03,-0.0005176384215241415
2018-05-04,0.0036643456404554043
2018-05-07,-0.001741842562219425
2018-05-08,0.0018838695462098827
2018-05-09,-0.0016930085791494278
2018-05-10,0.000296321934300084
2018-05-11,-0.00517938182414836
2018-05-14,0.0007813160609723433
2018-05-15,0.0061229559978837654
2018-05-16,0.0008428886064802201
2018-05-17,2.1093293342062307e-05
2018-05-18,-0.007446291594031033
2018-05-21,0.0018301039061423626
2018-05-22,0.004341997902396354
2018-05-23,-0.002640216557356965
2018-05-24,0.00025201906833613046
2018-05-25,-0.0009397215419380115
2018-05-29,-0.000831600822951588
2018-05-30,-0.000467555891528179
2018-05-31,0.005068099715874876
2018-06-01,0.0008856624920468298
2018-06-04,0.002169649296104231
2018-06-05,-0.000589902818286418
2018-06-06,-0.0005138962402128563
2018-06-07,-0.0020300643131053
2018-06-08,-0.0006220845000539097
2018-06-11,0.0008601791654831478
2018-06-12,-0.0011894248484886597
2018-06-13,-0.00010581332211271114
2018-06-14,-0.0007199647024259941
2018-06-15,0.0035803560737943706
2018-06-18,-0.0016927022250790842
2018-06-19,0.0036340082815296405
2018-06-20,-0.00223386051420738
2018-06-21,0.0026678112145174537
2018-06-22,-0.000322666120568063
2018-06-25,0.0013782087419998037
2018-06-26,-0.0012121727891680888
2018-06-27,-0.0018964138611956677
2018-06-28,-0.0005269212857715258
2018-06-29,-0.003032847040609671
2018-07-02,0.0008792455795813884
2018-07-03,-0.00023603677937842054
2018-07-05,0.000657051383715163
2018-07-06,-0.005428838180456703
2018-07-09,-0.0016532444059928937
2018-07-10,-0.0012182697627201142
2018-07-11,-0.002598070833329621
2018-07-12,-0.009724188093843225
2018-07-13,-0.005214289669332234
2018-07-16,0.003448296947461567
2018-07-17,0.003992083156553527
2018-07-18,-0.000968617192839374
2018-07-19,-0.002717798004221063
2018-07-20,0.000807913690313164
2018-07-23,-0.0006950173305318686
2018-07-24,-0.0006788376191697902
2018-07-25,-0.00665412085850135
2018-07-26,0.013993364941884676
2018-07-27,0.007321099019879215
2018-07-30,0.01203435684565555
2018-07-31,-0.010534325401812924
2018-08-01,-0.005253144942827018
2018-08-02,-0.0005209777623008728
2018-08-03,0.004518310207834274
2018-08-06,0.00031363991133481306
2018-08-07,-0.001743420444461844
2018-08-08,0.004218358162836648
2018-08-09,-0.0032981240080780174
2018-08-10,-0.0011901395408845904
2018-08-13,-0.0024741144586964275
2018-08-14,-0.0008992076265576709
2018-08-15,0.005901632082280927
2018-08-16,0.0022705105434365517
2018-08-17,-0.0006968928852626695
2018-08-20,0.002009678065532693
2018-08-21,0.0025221255174763773
2018-08-22,-0.0011302026384059276
2018-08-23,-0.001144126968988618
2018-08-24,-0.0033486397478369023
2018-08-27,-0.001729315790789926
2018-08-28,-0.0018195946612947862
2018-08-29,-0.005408806690731134
2018-08-30,-0.0014595919864225154
2018-08-31,-0.0005585132855926996
2018-09-04,0.0010039853894273192
2018-09-05,0.0038570386651397342
2018-09-06,-0.0011419519460924964
2018-09-07,-0.002339835611300768
2018-09-10,-0.0003965436361714809
2018-09-11,-0.005342112155183628
2018-09-12,-0.0007809531898342063
2018-09-13,-0.002923206867485492
2018-09-14,0.0010599326657587931
2018-09-17,0.005305778581760783
2018-09-18,-0.002567413116339852
2018-09-19,0.0024566662675592167
2018-09-20,-0.0023374721869353896
2018-09-21,0.0032237094331059395
2018-09-24,-0.006254982471101512
2018-09-25,-0.002119812578666595
2018-09-26,-0.005541505098558788
2018-09-27,-0.005932320156361046
2018-09-28,0.002141341758162616
2018-10-01,-0.0008715965236220963
2018-10-02,0.0025651541296888136
2018-10-03,-0.0008724550432925843
2018-10-04,0.007423214590151738
2018-10-05,0.000870835237985138
2018-10-08,0.005502426114377361
2018-10-09,-0.00036468199590633505
2018-10-10,0.005557267736043528
2018-10-11,-0.0052719563589610574
2018-10-12,-0.008799654928314847
2018-10-15,0.0069370979151740925
2018-10-16,-0.012577922437901694
2018-10-17,0.0036859973777359175
2018-10-18,0.003237206576694997
2018-10-19,0.006473722789111465
2018-10-22,-0.00419218159700789
2018-10-23,0.004693007703198876
2018-10-24,0.0037238594820225815
2018-10-25,-0.0008148294288241144
2018-10-26,0.0019880681868104004
2018-10-29,0.011916982029312954
2018-10-30,0.011665464244254143
2018-10-31,-0.006430718948936034
2018-11-01,-0.004148373624953113
2018-11-02,0.0017281070462433334
2018-11-05,-7.340733815505563e-05
2018-11-06,0.0021126045858711018
2018-11-07,-0.01623465355263164
2018-11-08,0.0031796916423620803
2018-11-09,0.005235818692675959
2018-11-12,0.005243794976681656
2018-11-13,-0.002208453914281366
2018-11-14,0.0019652238543131856
2018-11-15,-0.003876546194279018
2018-11-16,-0.004415204058936769
2018-11-19,0.014537829966935057
2018-11-20,-0.004717385060355646
2018-11-21,-0.0049131003203729965
2018-11-23,-0.0008181637148759642
2018-11-26,-0.005156695779852063
2018-11-27,-0.0009104506599285952
2018-11-28,-0.008654921395152206
2018-11-29,-0.003668786049137819
2018-11-30,0.003985975118293047
2018-12-03,-0.007142546892005673
2018-12-04,-0.0012881602529240094
2018-12-06,-0.00887095509432827
2018-12-07,0.010288334416084781
2018-12-10,-0.006991312536630002
2018-12-11,0.0002274048654553465
2018-12-12,-0.0023344925268430658
2018-12-13,0.001842132284063898
2018-12-14,0.005241167496911536
2018-12-17,0.007117643192943768
2018-12-18,-0.002606123861493132
2018-12-19,0.0016081479168361462
2018-12-20,0.0019682778664202646
2018-12-21,0.004496014202563694
2018-12-24,-0.004515096024247111
2018-12-26,-0.008038171128768161
2018-12-27,-0.0030559822138080677
2018-12-28,0.004948625834376245
2018-12-31,-0.005418791302938457
2019-01-02,0.007684166859982006
2019-01-03,0.002114256938806321
2019-01-04,-0.004924800755911228
2019-01-07,-0.0037218475336862197
2019-01-08,-0.005014702698479278
2019-01-09,0.0006660991617693806
2019-01-10,-0.004582172358729607
2019-01-11,0.0041884214122106045
2019-01-14,0.0019364031135100253
2019-01-15,-0.002844744936167324
2019-01-16,-0.004259311720259609
2019-01-17,-0.003178520410734064
2019-01-18,0.002660702862294932
2019-01-22,-0.000962266992136943
2019-01-23,0.002208281896097044
2019-01-24,0.0012930661408090721
2019-01-25,-0.0010848129376550178
2019-01-28,-0.0019916695041783013
2019-01-29,-0.0013142292930826407
2019-01-30,-0.004353773035445909
2019-01-31,-0.005520924467991429
2019-02-01,-0.00014408105654997163
2019-02-04,0.001683571179928857
2019-02-05,-0.0027770464653762194
2019-02-06,0.0069053934195592685
2019-02-07,0.0028811257242154983
2019-02-08,-0.005144404970596915
2019-02-11,0.0010139508160189074
2019-02-12,-0.0053842710455838435
2019-02-13,0.0010391041001701607
2019-02-14,-0.005034422787442419
2019-02-15,-0.0005966283614672891
2019-02-19,0.005988748799910413
2019-02-20,0.0011297298319108784
2019-02-21,0.0034305704810716764
2019-02-22,-0.004012923040593796
2019-02-25,-0.0025277705924085696
2019-02-26,-0.0009660700859263096
2019-02-27,0.0010735223474501474
2019-02-28,0.00046399379167836804
2019-03-01,-0.006688507684229819
2019-03-04,0.008551668691746514
2019-03-05,0.004287653443046008
2019-03-06,0.005344301897466708
2019-03-07,-0.0015400180393184866
2019-03-08,-0.0004198281221427751
2019-03-11,0.002790423221112533
2019-03-12,0.0005491826025650588
2019-03-13,-0.004781825230379509
2019-03-14,-4.175738076198383e-05
2019-03-15,0.004336551318354831
2019-03-18,0.0004565783151455507
2019-03-19,0.00035650183759699665
2019-03-20,-0.0035543029339981927
2019-03-21,0.006063499880247593
2019-03-22,0.005928421423734582
2019-03-25,-0.003044373835049586
2019-03-26,0.0018883764864771543
2019-03-27,0.002005503442573354
2019-03-28,-0.0020789240301974745
2019-03-29,-0.003488223240820791
2019-04-01,-0.0009708458869684857
2019-04-02,-0.0025088851338977225
2019-04-03,0.002272654018642451
2019-04-04,0.001137573781070734
2019-04-05,-0.005948193716639768
2019-04-08,0.0034983464444613495
2019-04-09,0.0022657344885616635
2019-04-10,0.00037215671824761997
2019-04-11,0.00282111673826333
2019-04-12,-0.0011993605078098608
2019-04-15,-0.0006883599683233676
2019-04-16,0.01140975431805576
2019-04-17,0.010156293944939325
2019-04-18,-0.007549068802486122
2019-04-22,-0.0041953090626119715
2019-04-23,-0.008348208809535216
2019-04-24,0.0001764220666211135
2019-04-25,-0.011482926599640623
2019-04-26,-0.0019645715775817034
2019-04-29,0.004169185801474061
2019-04-30,-0.0011763464059838962
2019-05-01,0.0034924030817909957
2019-05-02,0.0009556622495125295
2019-05-03,-0.001842494777739296
2019-05-06,-0.00548038991795995
2019-05-07,0.006802009411267488
2019-05-08,-0.0061940134372289075
2019-05-09,-0.0006565587168059589
2019-05-10,0.0029786226768362856
2019-05-13,0.0007802897631647561
2019-05-14,0.0012437483738999865
2019-05-15,-0.0031414684967259756
2019-05-16,-0.003952695939576699
2019-05-17,0.0028463556075658467
2019-05-20,-0.0020649407106587882
2019-05-21,-0.004994931498043174
2019-05-22,-0.0038687652031276754
2019-05-23,0.0028705470554605417
2019-05-24,-0.003823335044496179
2019-05-28,-0.0030937713094277165
2019-05-29,0.0012418863101318835
2019-05-30,-0.0032441613150348734
2019-05-31,-0.0037447813967294947
2019-06-03,0.007870462714388755
2019-06-04,0.0008791343095550733
2019-06-05,-0.005814785004159085
2019-06-06,0.0037538682048813598
2019-06-07,-0.00719405868714442
2019-06-10,0.0007606961567595504
2019-06-11,0.008642990767110777
2019-06-12,-0.0038854295333355013
2019-06-13,0.00039835750650592846
2019-06-14,-0.0011296669520844877
2019-06-17,-0.003460590711490445
2019-06-18,-0.00036084682822539783
2019-06-19,-0.008142916587909738
2019-06-20,-0.006538191063998235
2019-06-21,-0.002793740790685053
2019-06-24,0.0017860967577269975
2019-06-25,-0.0031204220368658557
2019-06-26,0.0037239411958869283
2019-06-27,-0.0004408473698025566
2019-06-28,-0.004019443575537255
2019-07-01,0.0011404682513486439
2019-07-02,-0.0005842777525542702
2019-07-03,-0.002879471100913185
2019-07-05,0.004261654850233734
2019-07-08,0.000367703621569657
2019-07-09,-0.0022021149176096708
2019-07-10,-0.0016971641794736956
2019-07-11,0.0007524807412507221
2019-07-12,0.004162148168439055
2019-07-15,0.0018291077259624487
2019-07-16,0.0015103018869055136
2019-07-17,-0.004187445248372187
2019-07-18,0.0019575244148114504
2019-07-19,-0.000310185375651193
2019-07-22,0.0029140106705325326
2019-07-23,0.0018883672937164133
2019-07-24,0.0076326784444809784
2019-07-25,0.0016401754878256623
2019-07-26,0.00961123543110271
2019-07-29,0.0016789062196657363
2019-07-30,-0.005238473321548778
2019-07-31,-0.002822323487731654
2019-08-01,-0.0038897200580109426
2019-08-02,0.000390536599087021
2019-08-05,0.000852045053062799
2019-08-06,-0.004905195773359583
2019-08-07,0.00033371857830904225
2019-08-08,-0.0034438364902499305
2019-08-09,-0.0017249541987598652
2019-08-12,0.00029589535669963073
2019-08-13,-0.0007493115238026806
2019-08-14,-0.00030154644311680917
2019-08-15,-0.006931909289980053
2019-08-16,0.004524719858608533
2019-08-19,0.004815719245514183
2019-08-20,-0.00248193261536391
2019-08-21,-0.0015796169033275038
2019-08-22,0.002436350528581491
2019-08-23,-0.0032435314110846646
2019-08-26,0.0008529041305567617
2019-08-27,-0.0016891403474800265
2019-08-28,0.003804919622187643
2019-08-29,-0.003022061797061321
2019-08-30,0.008566058272303981
2019-09-03,0.008232105125620677
2019-09-04,0.006412506919564907
2019-09-05,0.001761488290078275
2019-09-06,-0.0016479181890692977
2019-09-09,0.01586631694871081
2019-09-10,0.001638098779305057
2019-09-11,0.002112325594318519
2019-09-12,-0.00022098536211120654
2019-09-13,-0.0034845589023670457
2019-09-16,-0.0035643875750766326
2019-09-17,-0.0009109207583053072
2019-09-18,0.002871240697689261
2019-09-19,-0.004989202603899549
2019-09-20,-0.00016169407249990177
2019-09-23,0.002328872328952216
2019-09-24,-0.0002851149175644
2019-09-25,0.0026945700476786972
2019-09-26,0.00020530441962158055
2019-09-27,0.002763399981934027
2019-09-30,-0.001346326929962071
2019-10-01,-0.003058728454171839
2019-10-02,-0.005326682394871481
2019-10-03,-0.0018084371860961255
2019-10-04,0.0019379606080902583
2019-10-07,0.00035237752786941644
2019-10-08,-0.001182756384782321
2019-10-09,-0.0021926444564798987
2019-10-10,0.0009233275838614262
2019-10-11,0.002546632563430234
2019-10-14,-0.001697301008945347
2019-10-15,-0.004166250227768155
2019-10-16,0.0005150030056770116
2019-10-17,0.0004136346325048487
2019-10-18,0.004629678662668601
2019-10-21,0.007081796616630364
2019-10-22,-0.002161250414728537
2019-10-23,-0.003070681787510725
2019-10-24,-0.009715757217306433
2019-10-25,0.006648929950362002
2019-10-28,-0.004037061009565046
2019-10-29,-0.0062381155758985994
2019-10-30,-0.003651049248860794
2019-10-31,0.0026115005413726126
2019-11-01,0.0012095384473965675
2019-11-04,0.006053131234760408
2019-11-05,0.005539268220767056
2019-11-06,-0.0003377033748139394
2019-11-07,-0.0009021091473307923
2019-11-08,-0.002864761189647731
2019-11-11,-0.0007267055735611211
2019-11-12,-0.003552638015443023
2019-11-13,-0.005337638694070908
2019-11-14,-0.0009447275231970847
2019-11-15,-0.00494699790562104
2019-11-18,0.002615139885192927
2019-11-19,-0.003931290678809862
2019-11-20,-0.001901929498057369
2019-11-21,0.0021219473446482022
2019-11-22,0.0014169898136489497
2019-11-25,-0.0014608345110920904
2019-11-26,0.0019238432523334822
2019-11-27,0.0005785466843158818
2019-11-29,-0.0006590777119294638
2019-12-02,0.0034173903338712997
2019-12-03,-0.0035374978650887824
2019-12-04,-0.0002129647712734211
2019-12-05,0.0007711062647469749
2019-12-06,-0.003028209684296811
2019-12-09,0.0032375607771634577
2019-12-10,-0.0011426963545707553
2019-12-11,0.0010944184862863675
2019-12-12,0.002411641201429184
2019-12-13,-0.003887032475906761
2019-12-16,-0.00044618709797257066
2019-12-17,0.004822935158544656
2019-12-18,0.0012925875376816047
2019-12-19,-0.0012593375712747104
2019-12-20,-0.002535194510995028
2019-12-23,-0.0029420806851685657
2019-12-24,-0.0002442446519626338
2019-12-26,0.0009854073689189058
2019-12-27,-0.0018474198683176885
2019-12-30,0.0020259738910120314
2019-12-31,-0.00011677120467498499
2020-01-02,0.003113763910684651
2020-01-03,-0.006599491711620846
2020-01-06,-0.0025080460432884053
2020-01-07,0.0019958021879290123
2020-01-08,-0.007887069687701379
2020-01-09,-0.0025610602512393357
2020-01-10,-0.001969117948593013
2020-01-13,0.0036368202980553766
2020-01-14,-0.0013235203791418246
2020-01-15,-0.004571659649840468
2020-01-16,0.002295936787173762
2020-01-17,0.000862646065561151
2020-01-21,0.00044555449474111664
2020-01-22,0.0015575126881691114
2020-01-23,-0.00045191623047722754
2020-01-24,0.0022707648791006393
2020-01-27,-3.531636919663387e-05
2020-01-28,0.0005153730653251493
2020-01-29,-0.0006248354012413604
2020-01-30,0.008220765258388473
2020-01-31,0.0005203190335665646
2020-02-03,0.0019336038993569217
2020-02-04,-0.0007982084235387237
2020-02-05,-0.009844694369583847
2020-02-06,0.001554412712557442
2020-02-07,0.004302336119168215
2020-02-10,0.002267911612388858
2020-02-11,-0.0022771600981513957
2020-02-12,-0.0014822820326800359
2020-02-13,-0.0003402690049084857
2020-02-14,-0.0038229594215104926
2020-02-18,-0.003960882672449549
2020-02-19,-0.00019834578383031942
2020-02-20,0.002912101154911034
2020-02-21,-0.004640898984335287
2020-02-24,-0.0051628952965641585
2020-02-25,-0.0008398814096934998
2020-02-26,0.0008072696091428736
2020-02-27,-0.007340928063219458
2020-02-28,0.002783587075954132
2020-03-02,-0.002280879258704489
2020-03-03,-0.005776386899968938
2020-03-04,-0.015974441906633646
2020-03-05,-0.005292811997182438
2020-03-06,-0.011140716047265844
2020-03-09,-0.02767591482558317
2020-03-10,0.004339148775671514
2020-03-11,-0.0012937885314517324
2020-03-12,-0.013680553735498563
2020-03-13,0.014344660214115689
2020-03-16,0.008339423641489579
2020-03-17,-0.004914775757640787
2020-03-18,-0.004783268006510087
2020-03-19,-0.002737106848701932
2020-03-20,0.006920423650051464
2020-03-23,0.01057926045318634
2020-03-24,0.009913764689585707
2020-03-25,-0.012742464726767778
2020-03-26,-0.00885421580088415
2020-03-27,-0.005148375618258395
2020-03-30,-0.009774226214619992
2020-03-31,0.00936596856748558
2020-04-01,-0.004363832790101479
2020-04-02,0.007987862741605258
2020-04-03,0.0013560912829429122
2020-04-06,-0.012022915648491662
2020-04-07,0.013274763027977293
2020-04-08,0.002117253577508724
2020-04-09,7.721060651314025e-06
2020-04-13,0.001647500746739324
2020-04-14,-0.004074614466712925
2020-04-15,-0.009864076356693348
2020-04-16,-0.024346717669246596
2020-04-17,0.00887311388449703
2020-04-20,-0.0029273643083050135
2020-04-21,-0.004785914991887109
2020-04-22,0.005272654669143926
2020-04-23,0.008706100630839873
2020-04-24,-0.0020181792565797233
2020-04-27,0.00018387988653870702
2020-04-28,0.01041002969509604
2020-04-29,0.017678701673499185
2020-04-30,-0.010151952910260125
2020-05-01,-0.013271697174361866
2020-05-04,-0.00439428867982479
2020-05-05,-0.010939430687639395
2020-05-06,-0.007009494612769342
2020-05-07,0.005776873715053884
2020-05-08,0.019590144183204282
2020-05-11,-0.007269264516854281
2020-05-12,-0.0013379336363574814
2020-05-13,-0.014978364797758248
2020-05-14,0.008830877944588221
2020-05-15,-0.010085491489199693
2020-05-18,0.019861427588746206
2020-05-19,-0.00416208640748744
2020-05-20,0.010238492172943174
2020-05-21,-0.0013755905871213475
2020-05-22,-0.005183278985785164
2020-05-26,0.015125856531353196
2020-05-27,-0.0038360889002013506
2020-05-28,-0.017783267203600146
2020-05-29,-0.003815446436645541
2020-06-01,0.00702172192511588
2020-06-02,0.003711343425557589
2020-06-03,0.010700923914968491
2020-06-04,0.025415437595881194
2020-06-05,0.018203361210504518
2020-06-08,0.012281924427276911
2020-06-09,0.0015814773962635601
2020-06-10,-0.011477726012190409
2020-06-11,-0.01202138266788532
2020-06-12,0.00907051929072277
2020-06-15,0.002398259392913592
2020-06-16,-0.0009939837089700558
2020-06-17,-0.0069122209238196295
2020-06-18,0.0012012676975185735
2020-06-19,-0.005386377993653869
2020-06-22,0.003968775098538639
2020-06-23,-0.004629992687055679
2020-06-24,-0.0012849850713210894
2020-06-25,0.002912751268886675
2020-06-26,-0.01202400859421788
2020-06-29,0.005147241365252825
2020-06-30,-0.0013021938889426848
2020-07-01,-0.009178237269421274
2020-07-02,-0.00161185421779903
2020-07-06,0.009166923799670811
2020-07-07,-0.0032512827469397335
2020-07-08,0.002878233007084959
2020-07-09,-0.0036800553805689464
2020-07-10,0.017334341430212535
2020-07-13,-0.0020550650889108613
2020-07-14,-0.004311198883598164
2020-07-15,0.008281454369450663
2020-07-16,-0.0014828734867401783
2020-07-17,-0.013697531108953545
2020-07-20,-0.0032255917059646026
2020-07-21,0.012680799065285762
2020-07-22,-0.002665872076109592
2020-07-23,0.006246786053607501
2020-07-24,-0.0038655454971733803
2020-07-27,-0.004591234635620159
2020-07-28,0.0029075081649992374
2020-07-29,-0.003588231175119121
2020-07-30,-0.0072823524232156185
2020-07-31,-0.00041153733089748906
2020-08-03,0.001234804222731827
2020-08-04,0.005266460980522719
2020-08-05,0.0014150173263476687
2020-08-06,0.00041018744946751476
2020-08-07,0.00030572591165176045
2020-08-10,0.012675209304859297
2020-08-11,0.003444906706562682
2020-08-12,-0.005101387912845148
2020-08-13,-0.011781972241226547
2020-08-14,0.002563549042122649
2020-08-17,-0.0067057444482464005
2020-08-18,-0.0009914228792825474
2020-08-19,0.0006635616964784905
2020-08-20,-0.0048135189091144115
2020-08-21,-0.007091182422759293
2020-08-24,0.01755460468038106
2020-08-25,-0.004572581163761595
2020-08-26,-0.009243348822159552
2020-08-27,0.004805641045691011
2020-08-28,0.007579940801320713
2020-08-31,-0.008335909716603033
2020-09-01,0.0010968825912403945
2020-09-02,-0.0026198796995257094
2020-09-03,0.009199828984709866
2020-09-04,0.009144584127101736
2020-09-08,-0.0032363644332694297
2020-09-09,-0.01424321952850172
2020-09-10,-0.0030226819419663874
2020-09-11,0.001433806610732812
2020-09-14,-0.0030704453458025157
2020-09-15,-0.0026578449987204166
2020-09-16,0.015559839342329343
2020-09-17,0.0032180812114896273
2020-09-18,-0.0026242962369437397
2020-09-21,-0.010578443950037271
2020-09-22,-0.004817676582371147
2020-09-23,-0.005072026867472128
2020-09-24,0.0006417457065554151
2020-09-25,-0.008737970302911057
2020-09-28,0.004980731897306486
2020-09-29,-0.010767533221026684
2020-09-30,-0.0020604425429357224
2020-10-01,-0.00033925577475035513
2020-10-02,0.0065173840582101504
2020-10-05,-7.587327097181753e-05
2020-10-06,-0.0008909784102395805
2020-10-07,0.002615865972833683
2020-10-08,0.008724312086855802
2020-10-09,-0.006616058303447566
2020-10-12,1.5266246189763968e-05
2020-10-13,-0.007583596204105997
2020-10-14,-0.0008975774825597069
2020-10-15,0.008964337578022178
2020-10-16,-0.009415795390058249
2020-10-19,0.00561090836882224
2020-10-20,0.008197606377961056
2020-10-21,-0.0023322659653514733
2020-10-22,0.008202344083606136
2020-10-23,-0.005958697605151881
2020-10-26,-0.006021535663801181
2020-10-27,-0.009398090282466262
2020-10-28,-0.0021013648775795543
2020-10-29,0.01223342982378823
2020-10-30,0.00533149501330381
2020-11-02,-0.00042119970732732326
2020-11-03,-0.0017275489973440268
2020-11-04,-0.032874506496010245
2020-11-05,0.010775883481863893
2020-11-06,-0.0007233077441499039
2020-11-09,0.05996104601258257
2020-11-10,0.0029357478073307316
2020-11-11,-0.0025384836781364574
2020-11-12,-0.007269418160581388
2020-11-13,0.006910977532733685
2020-11-16,0.019489372954086908
2020-11-17,0.002271940407594845
2020-11-18,0.0030342785824668235
2020-11-19,0.005678509140913444
2020-11-20,-0.001718004377927899
2020-11-23,0.014559861466103718
2020-11-24,0.0184323476305542
2020-11-25,-0.00265654711322428
2020-11-27,-0.005268331266229025
2020-11-30,-0.01280718018581519
2020-12-01,0.0053260216778437345
2020-12-02,0.010595827795740132
2020-12-03,0.006560749704669125
2020-12-04,0.007838427194874441
2020-12-07,0.0026165277815621162
2020-12-08,0.0055162222849328025
2020-12-09,0.000568870568159413
2020-12-10,0.00660208943186644
2020-12-11,-0.0034579172956368696
2020-12-14,-0.008978996201743215
2020-12-15,0.004617164432254895
2020-12-16,-0.0023054393279408588
2020-12-17,-0.008934983846938416
2020-12-18,-0.0052386282629175145
2020-12-21,0.0014824726195977894
2020-12-22,-0.007739338922579591
2020-12-23,0.006713987813464974
2020-12-24,-0.005659715617142597
2020-12-28,0.0017127445793597889
2020-12-29,-0.000871288174773119
2020-12-30,0.003956712014013676
2020-12-31,-0.006655359020872367
2021-01-04,0.0021499745635702693
2021-01-05,0.008318930579949611
2021-01-06,0.004601617106741301
2021-01-07,0.00018880178701228235
2021-01-08,-0.00516412368882726
2021-01-11,0.0017377965547677795
2021-01-12,0.011301271000264079
2021-01-13,0.0005317319520755993
2021-01-14,0.01818106231546436
2021-01-15,-0.01649798669051264
2021-01-19,0.007294163374181849
2021-01-20,0.0015301536628241868
2021-01-21,-0.0015633280522308211
2021-01-22,0.00036107885292062326
2021-01-25,-0.007062753899002979
2021-01-26,0.0020626134434541766
2021-01-27,0.00806344832782411
2021-01-28,-0.0013213459155414328
2021-01-29,-0.0066673786429145435
2021-02-01,-0.0024531363215363183
2021-02-02,-0.0006154628863143972
2021-02-03,0.020883871261872577
2021-02-04,0.001511913948613918
2021-02-05,0.0037363704768572405
2021-02-08,0.008954426383647865
2021-02-09,-0.005920173559170314
2021-02-10,0.003302675201020873
2021-02-11,-0.00487777185995726
2021-02-12,-0.0022639925081130363
2021-02-16,0.012249867195531911
2021-02-17,0.006860802999442248
2021-02-18,-0.0016294996139607513
2021-02-19,0.010943994508070008
2021-02-22,0.01394567677597698
2021-02-23,0.0008002693161308452
2021-02-24,0.01213169521411113
2021-02-25,-0.005166368111522369
2021-02-26,-0.004645257765202487
2021-03-01,-0.0013978742760911132
2021-03-02,0.004756186343251273
2021-03-03,0.015644800800083243
2021-03-04,0.003463900656388958
2021-03-05,-0.006822904249388006
2021-03-08,0.008284750834523453
2021-03-09,-0.007370693213482273
2021-03-10,0.0037739389122558465
2021-03-11,-0.009125876641244743
2021-03-12,0.009252523956474605
2021-03-15,0.001874531079299486
2021-03-16,-0.004151735037230036
2021-03-17,0.004004359352172524
2021-03-18,-0.004819452935828221
2021-03-19,-0.0024792805855713344
2021-03-22,-0.00674975546037852
2021-03-23,-0.008624106191711365
2021-03-24,-0.0017416397794073138
2021-03-25,0.002521963636291018
2021-03-26,-0.0031312922480738617
2021-03-29,-0.0022180391728454725
2021-03-30,0.006760881875918739
2021-03-31,-0.0051077862552189705
2021-04-01,0.00381361266277222
2021-04-05,0.0016085639375824441
2021-04-06,0.0008604581420662101
2021-04-07,0.002533618628605409
2021-04-08,-0.007821561316265447
2021-04-09,-0.005728197773095852
2021-04-12,-0.00426403391803697
2021-04-13,-0.003984426844764893
2021-04-14,0.004958852930614654
2021-04-15,-0.009753750610152885
2021-04-16,-0.0015946779706345227
2021-04-19,-0.0005636951796820497
2021-04-20,-0.012077850442707162
2021-04-21,0.0028152630566646328
2021-04-22,-0.004951472129874797
2021-04-23,0.0016746216493026126
2021-04-26,0.004564934253194218
2021-04-27,0.0007885793841523873
2021-04-28,0.007732345348725939
2021-04-29,-0.005333949360942099
2021-04-30,0.0017531719692459608
2021-05-03,0.0035094591393338903
2021-05-04,-0.005466221514409631
2021-05-05,0.01137322411478612
2021-05-06,0.0009644349534499964
2021-05-07,-0.0011578353985152172
2021-05-10,-0.0017569210773395862
2021-05-11,-0.003484020681400723
2021-05-12,0.0008103064046129356
2021-05-13,-0.0036426736263372944
2021-05-14,0.007577276183095031
2021-05-17,0.008339634717054397
2021-05-18,-0.0017638170515999977
2021-05-19,-0.004894174697671861
2021-05-20,-0.0018314917042720896
2021-05-21,0.002718651464784987
2021-05-24,0.004256055109778485
2021-05-25,-0.002072415333481027
2021-05-26,0.007387859765116049
2021-05-27,0.004515613446712052
2021-05-28,-0.0018728742360376624
2021-06-01,0.00945460440925037
2021-06-02,0.005869170878569845
2021-06-03,0.0012055890202181275
2021-06-04,-0.0026472789014715505
2021-06-07,-0.00684476187065854
2021-06-08,-0.0034661013921241995
2021-06-09,-0.0018360570390818238
2021-06-10,-0.006377339069134224
2021-06-11,0.0030504893552864847
2021-06-14,-0.006169692960253943
2021-06-15,0.00022053322689486552
2021-06-16,0.004230574457278965
2021-06-17,-0.012985051708329618
2021-06-18,-0.005104848589494439
2021-06-21,0.0008533924992593293
2021-06-22,-0.0015249463499248158
2021-06-23,0.0025559488934234283
2021-06-24,-0.0014463234985777243
2021-06-25,0.0012512098073126415
2021-06-28,-0.009090803797581301
2021-06-29,-0.0030916645014876717
2021-06-30,0.0032446665429477772
2021-07-01,-0.0010772757628296004
2021-07-02,-0.0035319298740747727
2021-07-06,-0.008310250065414878
2021-07-07,-0.009133070904870023
2021-07-08,-0.001488929475141515
2021-07-09,0.00655120646042484
2021-07-12,0.0011542519876128882
2021-07-13,-0.004772204182765818
2021-07-14,0.0009774033550924196
2021-07-15,-0.0059445817492640215
2021-07-16,-0.010389343999528504
2021-07-19,-0.0036516913485238603
2021-07-20,0.002144751858666154
2021-07-21,0.014134863436156329
2021-07-22,-0.005490336541549551
2021-07-23,-0.007432443623876014
2021-07-26,0.010264892748505755
2021-07-27,-0.0031960152990711936
2021-07-28,0.005531215862876325
2021-07-29,-0.002168789243330291
2021-07-30,-0.00956008311386124
2021-08-02,0.0008484880794998983
2021-08-03,0.0018568324631041933
2021-08-04,-0.008313480155467
2021-08-05,0.009502420793261156
2021-08-06,0.0026873417170487704
2021-08-09,-0.0016054651268684037
2021-08-10,0.007955911770887955
2021-08-11,0.001305409731746325
2021-08-12,-0.0026840675940067987
2021-08-13,-0.0038781503613850754
2021-08-16,-0.007509983154275563
2021-08-17,-0.006466502274264128
2021-08-18,-0.0002513571609250707
2021-08-19,-0.006344380845498683
2021-08-20,-0.0015187490601147667
2021-08-23,0.009391965152080836
2021-08-24,0.00547259578355877
2021-08-25,0.0017708376120263935
2021-08-26,-0.0012043570630932295
2021-08-27,0.008252449108211246
2021-08-30,-0.005727601645108373
2021-08-31,0.0009917313189275153
2021-09-01,-0.005015174914721153
2021-09-02,0.002925198630478217
2021-09-03,-0.0024839301900894547
2021-09-07,0.003046020820204753
2021-09-08,-0.008482817534797486
2021-09-09,0.00567111296691258
2021-09-10,-0.00013098470320139865
2021-09-13,0.008042051103452217
2021-09-14,-0.00503421339393551
2021-09-15,0.006102545450645187
2021-09-16,-0.0013350250684380691
2021-09-17,-0.0016587422993871459
2021-09-20,-0.002792983526514091
2021-09-21,-0.0016050572198550274
2021-09-22,0.011671224209741203
2021-09-23,0.006356726549150967
2021-09-24,0.0024107752275038634
2021-09-27,0.011182870496597963
2021-09-28,0.005474660111415914
2021-09-29,-0.002690780773638399
2021-09-30,0.0006457631220535581
2021-10-01,0.009995610817375931
2021-10-04,0.00859763262961414
2021-10-05,-0.003286877169259475
2021-10-06,-0.004628329664887297
2021-10-07,-0.002259267148368402
2021-10-08,0.00261211019628351
2021-10-11,0.00032938626699527385
2021-10-12,-0.002209973005750856
2021-10-13,-0.006504039593787799
2021-10-14,-0.0032270108934805575
2021-10-15,-0.0016429136831521412
2021-10-18,-0.003060731597143426
2021-10-19,-0.0010704397762765772
2021-10-20,-0.0010869586021794737
2021-10-21,-0.00571415255229741
2021-10-22,-0.009291558740253236
2021-10-25,-0.0011926324283263534
2021-10-26,0.003580865680057732
2021-10-27,-0.004100764359206778
2021-10-28,0.0036983172126231856
2021-10-29,-0.0032453811092871
2021-11-01,0.011947033814864802
2021-11-02,-0.0008074708603602182
2021-11-03,-0.00047513327718878894
2021-11-04,-0.0035334223414079814
2021-11-05,0.013949935099112354
2021-11-08,0.00012956931583568031
2021-11-09,0.0008728265507432959
2021-11-10,-0.004143471754426649
2021-11-11,0.0017183808074951936
2021-11-12,-0.007731068680192058
2021-11-15,0.0021857887305089703
2021-11-16,-0.012408005572719647
2021-11-17,0.0022142705419053088
2021-11-18,-0.0014777784452127214
2021-11-19,-0.009510151447264244
2021-11-22,0.014100486899495907
2021-11-23,0.0032755023456916706
2021-11-24,0.0013788734043081118
2021-11-26,-0.008752683015331823
2021-11-29,-0.0036878430568979795
2021-11-30,0.0015993311597936857
2021-12-01,-0.003771123685824601
2021-12-02,0.002366358072073495
2021-12-03,0.00034127032916562555
2021-12-06,0.005250293835940174
2021-12-07,-0.00737927384374766
2021-12-08,-0.002365613258921826
2021-12-09,-0.0005643422716528805
2021-12-10,0.002685378985739366
2021-12-13,-0.0066859445342010975
2021-12-14,0.007180608688822084
2021-12-15,-0.004772059040423387
2021-12-16,0.00986628417063157
2021-12-17,-0.002877013654291427
2021-12-20,0.007723324993897598
2021-12-21,0.0038102114959173844
2021-12-22,-0.0027022224920656914
2021-12-23,-0.0013372652978469297
2021-12-27,-0.0031407786869655707
2021-12-28,0.002466547370872541
2021-12-29,-0.007173780034424039
2021-12-30,0.0008433777066421408
2021-12-31,-0.0005530642495267386
2022-01-03,0.017516184143830375
2022-01-04,0.01398831829243618
2022-01-05,0.012308444152879374
2022-01-06,0.0002891020514548661
2022-01-07,0.02016243405644791
2022-01-10,-0.0051174854494625945
2022-01-11,0.010388007198688601
2022-01-12,-0.0034258946208270877
2022-01-13,0.020655034446426575
2022-01-14,0.006642463907504581
2022-01-18,0.011482944864352028
2022-01-19,-0.0027949195859940626
2022-01-20,8.904688864852005e-05
2022-01-21,-0.004308268405406266
2022-01-24,-0.002891135143373055
2022-01-25,0.02108667848325087
2022-01-26,-0.004664393944059029
2022-01-27,-0.008461191754573518
2022-01-28,-0.009654858569603578
2022-01-31,-0.00538909154301527
2022-02-01,0.009783655864720919
2022-02-02,-0.01792338894903377
2022-02-03,0.0015396527669392255
2022-02-04,0.002611151203208099
2022-02-07,0.016141559895932554
2022-02-08,0.0032225193611562764
2022-02-09,0.0010056459284150275
2022-02-10,0.00780116389180301
2022-02-11,0.012776999029137752
2022-02-14,-0.007742337918842155
2022-02-15,0.005917880854725037
2022-02-16,-0.004677562587537572
2022-02-17,0.0021658614868365097
2022-02-18,-0.0067779939325697735
2022-02-22,-0.0013677522605250719
2022-02-23,0.0011879496345821377
2022-02-24,-0.004903428835255168
2022-02-25,-0.0004280893509997556
2022-02-28,0.00019845465881461564
2022-03-01,-0.0036640525153517085
2022-03-02,-0.0056244742992784405
2022-03-03,-0.008022515927346931
2022-03-04,-0.013043197385296761
2022-03-07,-0.019095185263354526
2022-03-08,0.010109933791027108
2022-03-09,0.007386858603938046
2022-03-10,0.003029017196954661
2022-03-11,-0.004138266867068873
2022-03-14,0.007307447684777783
2022-03-15,-0.0005380749632631695
2022-03-16,0.011744432007140718
2022-03-17,0.000835671974286888
2022-03-18,0.00417958978505585
2022-03-21,-0.008059193186600137
2022-03-22,0.006710296629046685
2022-03-23,-0.001748012205075279
2022-03-24,-0.0006146474121885104
2022-03-25,-0.007642073255976216
2022-03-28,0.004498117628016233
2022-03-29,0.011359148719071928
2022-03-30,-0.002722451371843173
2022-03-31,0.002463244677629785
2022-04-01,0.006942122544898278
2022-04-04,0.014400561252263164
2022-04-05,-0.0021806582473318766
2022-04-06,-0.004874723806030555
2022-04-07,-0.009677607943908652
2022-04-08,-0.0027701263099820365
2022-04-11,0.010618018765332722
2022-04-12,-0.007473536029387921
2022-04-13,0.004444766318693498
2022-04-14,0.0010736971363618857
2022-04-18,-0.007750101358468652
2022-04-19,0.002841284106442568
2022-04-20,-0.020718930819362727
2022-04-21,0.0028402874260611646
2022-04-22,0.005559611563749265
2022-04-25,0.012416545513511859
2022-04-26,-0.014009899991363409
2022-04-27,-0.00521754003102687
2022-04-28,0.0023228718540805947
2022-04-29,-0.0031364843071168525
2022-05-02,0.006597844548669527
2022-05-03,0.0035270630764958747
2022-05-04,-0.0007410628288734869
2022-05-05,-0.02256097794590335
2022-05-06,-0.022630572034145178
2022-05-09,-0.0009310639938168893
2022-05-10,0.00038880388474091693
2022-05-11,-0.019993789543053763
2022-05-12,0.004039526343879762
2022-05-13,0.023130176912216877
2022-05-16,-0.017108874624995125
2022-05-17,0.01660932441424058
2022-05-18,0.0009305786419724394
2022-05-19,0.009949700541340105
2022-05-20,-0.00451042598443816
2022-05-23,-0.008321468885291452
2022-05-24,-0.032252663195188935
2022-05-25,0.006428672371868744
2022-05-26,0.014359982123835234
2022-05-27,0.010692460997405
2022-05-31,0.00427453700317409
2022-06-01,-0.007447622594575426
2022-06-02,0.014438815073883221
2022-06-03,-0.014818115034398133
2022-06-06,0.0010288048493534564
2022-06-07,-0.00030248702387572376
2022-06-08,0.005516481627851264
2022-06-09,-0.012923717172418522
2022-06-10,-0.018758905743826704
2022-06-13,-0.022975136446522184
2022-06-14,0.008630335346873432
2022-06-15,0.0204253442235285
2022-06-16,-0.026453493224585817
2022-06-17,0.023994382522679186
2022-06-21,-0.010592705163804485
2022-06-22,0.014456090565661777
2022-06-23,0.01388431405604467
2022-06-24,0.02082690721222448
2022-06-27,-0.00950413471638729
2022-06-28,-0.017181617902234138
2022-06-29,-0.0036700161715187414
2022-06-30,-0.0075709114875021424
2022-07-01,-4.1519516201675216e-05
2022-07-05,0.027788070076658063
2022-07-06,-0.005203538183062062
2022-07-07,0.01714847831458251
2022-07-08,-0.0029771204758133056
2022-07-11,-0.019326655626393973
2022-07-12,0.006438314774637189
2022-07-13,0.002481362738598016
2022-07-14,1.885290638164685e-06
2022-07-15,0.016153802226460776
2022-07-18,0.0021722757077806128
2022-07-19,0.014168339934910606
2022-07-20,0.025123376085286746
2022-07-21,0.015932079135333357
2022-07-22,-0.014541686878129501
2022-07-25,-0.016962164357597485
2022-07-26,-0.01354919041560982
2022-07-27,0.022918019250716223
2022-07-28,0.004478493420115707
2022-07-29,-0.004610959036750461
2022-08-01,0.011459840546035778
2022-08-02,0.003291089109035588
2022-08-03,0.02758085152188253
2022-08-04,0.011865914668805743
2022-08-05,-0.011672749515291075
2022-08-08,-0.00010108026747892703
2022-08-09,-0.032307183748797964
2022-08-10,0.025100891728268456
2022-08-11,5.7957591102858746e-05
2022-08-12,0.007098554168487772
2022-08-15,0.0017179476950018198
2022-08-16,-0.0013869904443475447
2022-08-17,-0.017392920628614823
2022-08-18,0.001472837230980452
2022-08-19,-0.022108380632486702
2022-08-22,-0.01798322468258815
2022-08-23,0.0002582926524870408
2022-08-24,0.00514463412108422
2022-08-25,0.01119584129439649
2022-08-26,-0.0193154702961899
2022-08-29,-0.003932888322292195
2022-08-30,0.001068430469938588
2022-08-31,-0.0009283475310240108
2022-09-01,-0.007766416610066477
2022-09-02,0.0012082403425052151
2022-09-06,-0.003638206023429284
2022-09-07,0.011834426805655973
2022-09-08,0.0020106927631637597
2022-09-09,0.009511719149258968
2022-09-12,0.0013933999702430608
2022-09-13,-0.018393387167079098
2022-09-14,0.001555463906155806
2022-09-15,0.00045936440909950143
2022-09-16,-0.009252861389536696
2022-09-19,0.006836367670927855
2022-09-20,-0.008147670662853294
2022-09-21,-0.007336802983698138
2022-09-22,-0.023806796601291463
2022-09-23,-0.002678337931907789
2022-09-26,0.0006567150807610416
2022-09-27,0.0025670977969577177
2022-09-28,-0.004171981419992055
2022-09-29,-0.01325004491466949
2022-09-30,-0.011876606949771256
2022-10-03,-0.0027484423940821534
2022-10-04,0.027113756853673704
2022-10-05,0.0010542363894924423
2022-10-06,0.0015871546501878431
2022-10-07,-0.021593390022876264
2022-10-10,-0.014773197894847668
2022-10-11,-0.016653871343096843
2022-10-12,0.010670801770307554
2022-10-13,-0.007247459313276344
2022-10-14,-0.014214418370141422
2022-10-17,0.017480494850922908
2022-10-18,0.0045779826155677075
2022-10-19,0.0014825412179142446
2022-10-20,0.0002052386061152435
2022-10-21,0.006077104413802341
2022-10-24,-0.007092407630162038
2022-10-25,0.019948036224008727
2022-10-26,-0.020018894468732857
2022-10-27,-0.014137726816545345
2022-10-28,-0.0007280489582254873
2022-10-31,-0.01248739316275517
2022-11-01,-0.0024373544996921107
2022-11-02,-0.023141675288508856
2022-11-03,-0.017036936919904086
2022-11-04,0.013907092938441395
2022-11-07,0.004659360619656945
2022-11-08,0.0004242956153442467
2022-11-09,-0.01452762536324642
2022-11-10,0.051766356177760015
2022-11-11,0.026027617360311166
2022-11-14,-0.010401278511614872
2022-11-15,0.017687246019379658
2022-11-16,-0.028899920331000504
2022-11-17,-0.009719148446251574
2022-11-18,-0.002763817960100682
2022-11-21,-0.01465866466923312
2022-11-22,0.005667552602834368
2022-11-23,0.013578026819696849
2022-11-25,-0.002112652887730068
2022-11-28,-0.007281344508387477
2022-11-29,0.004612911851872659
2022-11-30,0.009870546140457608
2022-12-01,-0.006074342931014955
2022-12-02,-0.008523062172324593
2022-12-05,-0.007337684333360276
2022-12-06,-0.0021224612286096243
2022-12-07,-0.01565610643799731
2022-12-08,0.0013525634500217837
2022-12-09,0.005643905474294535
2022-12-12,-0.00019723254520274768
2022-12-13,-0.0008470017512529871
2022-12-14,-0.0072715577878737885
2022-12-15,-0.002188117947732309
2022-12-16,-0.005712963760472651
2022-12-19,-0.005784890472573414
2022-12-20,0.0015531527595566363
2022-12-21,0.003801595051316103
2022-12-22,-0.012815860070026193
2022-12-23,0.002662940300011473
2022-12-27,-0.008378121723741572
2022-12-28,-0.0021811718431816204
2022-12-29,0.010362330330054799
2022-12-30,0.0017098259372111228
2023-01-03,0.0067835943308569785
2023-01-04,0.014136126305540895
2023-01-05,0.017525877308639082
2023-01-06,0.005795418560815569
2023-01-09,0.002616452910269342
2023-01-10,0.005662185905041755
2023-01-11,-0.008334183703071627
2023-01-12,0.00896559170567148
2023-01-13,-0.001487801368116864
2023-01-17,-0.0012144816044507287
2023-01-18,-0.007503623000676506
2023-01-19,0.0016289884726602313
2023-01-20,-0.0006997680985618962
2023-01-23,0.0006532939355149714
2023-01-24,-8.667383349293082e-05
2023-01-25,0.010738612812486972
2023-01-26,-0.005530759808337959
2023-01-27,-0.0027662581742100086
2023-01-30,-0.0033932651340515597
2023-01-31,-0.0012316425707321363
2023-02-01,0.001935471584281753
2023-02-02,-0.0014687769315593932
2023-02-03,0.0009815791884820253
2023-02-06,-0.0016276771602694957
2023-02-07,0.0005275056147970573
2023-02-08,-0.0002251373938858693
2023-02-09,-0.002570422643272752
2023-02-10,-0.003088474819941325
2023-02-13,0.0014780869838459437
2023-02-14,0.002918475044706436
2023-02-15,0.000988439185480856
2023-02-16,0.00721705988239964
2023-02-17,-0.0021670933116289997
2023-02-21,0.001028688899163241
2023-02-22,-0.0027346834609421533
2023-02-23,-0.0003701911948986252
2023-02-24,0.006840208197096752
2023-02-27,-0.0020719607633606025
2023-02-28,-0.0034148812837394085
2023-03-01,0.002777048350466639
2023-03-02,-0.0016658916567845493
2023-03-03,-0.003583826311186479
2023-03-06,-0.004687321511502047
2023-03-07,0.000578348704597948
2023-03-08,0.002249177612139183
2023-03-09,-0.007544374654788132
2023-03-10,0.004158699752203958
2023-03-13,-0.020018364268424876
2023-03-14,-0.00422896872554267
2023-03-15,-0.005371479358504374
2023-03-16,-0.0001724395832408636
2023-03-17,-0.0013341672931078835
2023-03-20,-0.0014931004152544931
2023-03-21,0.0013346873864009008
2023-03-22,0.000503384248871295
2023-03-23,-0.0043827795857961805
2023-03-24,-0.002567234218851778
2023-03-27,0.006106491027994636
2023-03-28,0.007533441497558924
2023-03-29,0.005676868452769291
2023-03-30,0.00023210970398571573
2023-03-31,-0.005177056964877097
2023-04-03,0.0018643650881514176
2023-04-04,0.00011491218638343833
2023-04-05,0.001269385707603718
2023-04-06,0.0011739077929155844
2023-04-10,0.0008521853749956649
2023-04-11,0.0009352266604787004
2023-04-12,-0.010741306301772563
2023-04-13,-0.005659739000561872
2023-04-14,0.0025380269435420996
2023-04-17,0.0032880546419285
2023-04-18,0.0015645555876726137
2023-04-19,0.0005575003512372544
2023-04-20,-0.007901948569286023
2023-04-21,0.0019181884689684519
2023-04-24,-0.0021110347220893388
2023-04-25,0.0028302806375491304
2023-04-26,0.0065558855268358675
2023-04-27,0.0051336863814340035
2023-04-28,0.0011038747591222142
2023-05-01,0.005984392973896135
2023-05-02,-0.002587473340022502
2023-05-03,0.0015066293343428882
2023-05-04,-0.00784622536522522
2023-05-05,0.003017814256439523
2023-05-08,0.007822773296494655
2023-05-09,-0.0013022820926587614
2023-05-10,-0.007784611360977842
2023-05-11,-0.0029668335347250354
2023-05-12,-0.0039230464606317935
2023-05-15,0.007073192486925022
2023-05-16,-0.000777431997831651
2023-05-17,0.003797684480447579
2023-05-18,0.0018974749116745658
2023-05-19,-0.00431475547895888
2023-05-22,-0.002390469493329371
2023-05-23,0.0076602107895868445
2023-05-24,-0.0017955737925878068
2023-05-25,0.0004849944473754381
2023-05-26,0.00011807128345312548
2023-05-30,0.002548992178917864
2023-05-31,-0.000945894986047793
2023-06-01,-0.00034501874533034225
2023-06-02,-0.0025185852529588312
2023-06-05,0.00011667867686899808
2023-06-06,0.005569559925177196
2023-06-07,0.013824856064828034
2023-06-08,-0.002003047673741798
2023-06-09,0.0016606186172505805
2023-06-12,-1.0602770671422598e-05
2023-06-13,0.0029614734664595546
2023-06-14,0.006760414214908588
2023-06-15,-0.007823174611856878
2023-06-16,0.0012215241846321454
2023-06-20,-0.001834896868449362
2023-06-21,0.0010960804735542793
2023-06-22,-0.0029616877531955027
2023-06-23,-0.0008173571574422976
2023-06-26,0.0006602434565852977
2023-06-27,0.007438748739500885
2023-06-28,0.005433515543573164
2023-06-29,-0.0022544615343067604
2023-06-30,0.00160760704221848
2023-07-03,0.006096593011314201
2023-07-05,-0.0005850469432621275
2023-07-06,-0.0027469367077976163
2023-07-07,0.0047429821508035985
2023-07-10,-0.0054860402143366346
2023-07-11,0.00029954142339477715
2023-07-12,-0.005499083319943495
2023-07-13,-0.0016283772254504906
2023-07-14,-0.015069997778713687
2023-07-17,-0.007989995704906548
2023-07-18,0.008082179999907521
2023-07-19,0.005614231663504732
2023-07-20,0.005237949177690109
2023-07-21,-0.003950659867775714
2023-07-24,0.00043323048085595347
2023-07-25,-0.007267521847638832
2023-07-26,0.003813554748524313
2023-07-27,-0.005788234367172665
2023-07-28,0.0014538865010947036
2023-07-31,0.0033949948472500216
2023-08-01,-0.0097872380588595
2023-08-02,-0.002640602581534741
2023-08-03,0.003956706588908008
2023-08-04,0.0008545297194142648
2023-08-07,0.002288891269607944
2023-08-08,-0.0002297496569986427
2023-08-09,-0.002974489490393432
2023-08-10,-0.004667408000150242
2023-08-11,-0.00025290338754280076
2023-08-14,-0.004353231806793741
2023-08-15,-0.0009584547270163893
2023-08-16,-0.0007767066773224338
2023-08-17,0.003600488063061056
2023-08-18,0.003357506171793049
2023-08-21,-0.003925794326383901
2023-08-22,-0.003321892798265887
2023-08-23,-0.0009081307109496668
2023-08-24,0.0033806467062655267
2023-08-25,-0.005982514508429949
2023-08-28,0.0012414058080557463
2023-08-29,-0.0036820224299365842
2023-08-30,-0.0030982378636950822
2023-08-31,0.0038248533505465714
2023-09-01,-0.0048713509770911285
2023-09-05,-0.002569523442413044
2023-09-06,0.0002870833519435521
2023-09-07,-0.003916457679953631
2023-09-08,0.006553896177170496
2023-09-11,-0.0022459504718111323
2023-09-12,0.010508175599352448
2023-09-13,-0.005432927155990064
2023-09-14,0.0017822477733985453
2023-09-15,0.007130205791217972
2023-09-18,-0.0016184244600655898
2023-09-19,0.0010154814117028228
2023-09-20,-0.0018017492949972955
2023-09-21,0.00423662328527001
2023-09-22,-0.0040732654280695325
2023-09-25,-0.004334043072940181
2023-09-26,0.0020176543693215055
2023-09-27,-0.0024188941012313133
2023-09-28,-0.0023287766468238227
2023-09-29,-0.0007202664369927225
2023-10-02,-0.010995507284021839
2023-10-03,0.002317706768594899
2023-10-04,-0.010126509080530711
2023-10-05,-0.002345720923465812
2023-10-06,-0.005555583667701317
2023-10-09,-0.0019298625343810308
2023-10-10,0.001203538675408472
2023-10-11,-0.005112655585936409
2023-10-12,-0.0030953495041657645
2023-10-13,0.0004538692303357376
2023-10-16,0.0011937933021393468
2023-10-17,0.0035247698213023066
2023-10-18,-0.002811588120908979
2023-10-19,0.009160995814297674
2023-10-20,0.004428836124507679
2023-10-23,-0.0018007696039692906
2023-10-24,0.007409077856031717
2023-10-25,0.004850790370019098
2023-10-26,0.007955209707021491
2023-10-27,-0.004796796929506415
2023-10-30,0.006575463590541547
2023-10-31,0.000325463675952541
2023-11-01,-0.004292186061117329
2023-11-02,0.003976961173179839
2023-11-03,0.010850810500179763
2023-11-06,-0.009393546516057972
2023-11-07,-0.006656585939305893
2023-11-08,-0.008711568683426364
2023-11-09,-0.0007711789929869085
2023-11-10,-0.0024809771780189924
2023-11-13,-0.0026655084861696896
2023-11-14,0.0004296030159530154
2023-11-15,0.00826460720306126
2023-11-16,-0.007013853179844346
2023-11-17,0.005147446742225374
2023-11-20,-0.004945471210051193
2023-11-21,-0.0032471693503451212
2023-11-22,0.00024925111109823047
2023-11-24,0.0003249719706128064
2023-11-27,0.0031792190374440497
2023-11-28,-0.0010763905855758708
2023-11-29,0.006194125609678712
2023-11-30,2.4319644559982355e-05
2023-12-01,0.007119178564327599
2023-12-04,0.0021187363341905927
2023-12-05,-0.0012732128709407348
2023-12-06,0.002972353324394006
2023-12-07,3.579441673263172e-05
2023-12-08,0.006635061665324074
2023-12-11,-0.00799144271817672
2023-12-12,-0.006158767438561933
2023-12-13,-0.0037749617155573433
2023-12-14,0.012308269531737059
2023-12-15,-0.0038497649910454635
2023-12-18,-0.003894144341694542
2023-12-19,0.00010847436664035935
2023-12-20,0.00044334310441959457
2023-12-21,0.0003394237574709397
2023-12-22,-0.0009672867596759424
2023-12-26,-0.001049832680690219
2023-12-27,-0.004236348529979231
2023-12-28,0.0010725242127128899
2023-12-29,-0.001672789883978696
2024-01-02,0.0013864645466066413
2024-01-03,0.0036230791955579214
2024-01-04,0.0029235873449028763
2024-01-05,0.007510568552272778
2024-01-08,-0.0013681466532717546
2024-01-09,-0.0028808589559059217
2024-01-10,-0.004612676505783889
2024-01-11,-0.0011109324078937592
2024-01-12,-0.0052196058524629566
2024-01-16,-0.002897526396713855
2024-01-17,-0.0022892244216722825
2024-01-18,0.0015119271034139074
2024-01-19,0.0009195262604052213
2024-01-22,-0.007041120848701827
2024-01-23,0.006581114956004138
2024-01-24,0.0020613306649113067
2024-01-25,0.020066199221354733
2024-01-26,-0.00322144150303349
2024-01-29,-0.004944115292104751
2024-01-30,0.0022017754123755486
2024-01-31,0.002389840086389985
2024-02-01,-0.003034557657584824
2024-02-02,-0.004360153284730488
2024-02-05,-0.005321437443933476
2024-02-06,0.006420977847837484
2024-02-07,-0.007990619107816335
2024-02-08,-0.004274212362641826
2024-02-09,-0.00603212586667197
2024-02-12,0.004926851746737589
2024-02-13,0.002319592700379489
2024-02-14,-0.0019889517272960715
2024-02-15,0.003471511139908986
2024-02-16,0.0001139853449502226
2024-02-20,0.008568918318133882
2024-02-21,0.005166202760926807
2024-02-22,-0.008765481190387878
2024-02-23,-6.71612384419164e-05
2024-02-26,-0.006319148450367663
2024-02-27,0.0014673964502020748
2024-02-28,-0.0009207478727768035
2024-02-29,-0.0007794419552350099
2024-03-01,-0.006748033279007806
2024-03-04,0.006213904046929296
2024-03-05,0.011867802148172395
2024-03-06,8.422867635132176e-05
2024-03-07,-0.006928928673980435
2024-03-08,0.006601454310480978
2024-03-11,0.0056034602133734025
2024-03-12,-0.00560773647956443
2024-03-13,0.011151491177226209
2024-03-14,0.001734100623325147
2024-03-15,0.007806553575483936
2024-03-18,-0.0010511833364913827
2024-03-19,-0.0013559182476516282
2024-03-20,0.005905756387376832
2024-03-21,-7.871616827884963e-05
2024-03-22,0.0034125867028191263
2024-03-25,0.005375841690667015
2024-03-26,-0.0012176957936007435
2024-03-27,0.0033300161194945396
2024-03-28,0.0031339193399715025
2024-04-01,0.003403664456560922
2024-04-02,0.007031433303180858
2024-04-03,-0.0034903222562709594
2024-04-04,0.0017004449136334286
2024-04-05,-0.0012492752275801422
2024-04-08,-0.00342196510575281
2024-04-09,-0.0013565626315980672
2024-04-10,0.00010907769193935464
2024-04-11,-0.004566757605298212
2024-04-12,0.003369634153619028
2024-04-15,0.006616050909708449
2024-04-16,-0.0035437853873318426
2024-04-17,0.004003198800017942
2024-04-18,0.00765162294321011
2024-04-19,0.009516426922974488
2024-04-22,0.0007626635832497852
2024-04-23,-0.006390191216893514
2024-04-24,-0.0009556246726393319
2024-04-25,0.006303192024533939
2024-04-26,-0.006835263041393723
2024-04-29,-0.004150150326697188
2024-04-30,-0.0037425884413720832
2024-05-01,0.0007177941343162724
2024-05-02,-0.006050600830083474
2024-05-03,-0.009383607528530043
2024-05-06,-0.0003232603818454208
2024-05-07,-0.0034451527845423464
2024-05-08,0.003322040659537686
2024-05-09,0.0025689442933689876
2024-05-10,-0.0023398923271680506
2024-05-13,0.004772179652596638
2024-05-14,-0.0035781485093253217
2024-05-15,-0.008278365317979014
2024-05-16,0.001509718914932136
2024-05-17,0.0002342154865943047
2024-05-20,-0.003280069562613703
2024-05-21,-0.00207998196334765
2024-05-22,-0.006890728518765493
2024-05-23,-0.005552417139401725
2024-05-24,-0.0013264102507428257
2024-05-28,-0.0016515637474949056
2024-05-29,-0.0006327911627077186
2024-05-30,0.012830308478659734
2024-05-31,0.006502809106135728
2024-06-03,-0.004579916017542987
2024-06-04,-0.0007166997653288186
2024-06-05,-0.008710232701559645
2024-06-06,-0.0008190254670426874
2024-06-07,0.0037215462709135876
2024-06-10,-0.0011337892734651954
2024-06-11,-0.00585545052496749
2024-06-12,-0.006472728258849703
2024-06-13,-0.0030845657461723245
2024-06-14,-0.0061153208750245784
2024-06-17,-0.0009307697449377077
2024-06-18,0.002880786655879631
2024-06-20,0.007933047582891874
2024-06-21,0.0007112403839610152
2024-06-24,0.010618048441397741
2024-06-25,-0.002549452531971298
2024-06-26,-0.004184858148782918
2024-06-27,-0.0016142011717915805
2024-06-28,0.0036597452279458526
2024-07-01,-0.0006117233536840272
2024-07-02,-0.0036430322484633302
2024-07-03,-0.0025834750327955475
2024-07-05,-0.005771957317219284
2024-07-08,-0.001855120912531256
2024-07-09,0.0024672341607422437
2024-07-10,-0.0023795580633111345
2024-07-11,0.00678947749543947
2024-07-12,-0.006086115785535482
2024-07-15,0.0021142355263655548
2024-07-16,0.001814147893870457
2024-07-17,0.02094369417048428
2024-07-18,0.0016300129492581785
2024-07-19,-0.0001909193591721746
2024-07-22,-0.015670733269906766
2024-07-23,-0.006850369878709503
2024-07-24,0.014913504007280387
2024-07-25,-0.003560851958243134
2024-07-26,-0.0020321030586797667
2024-07-29,-0.002015329372574897
2024-07-30,0.008261226383460784
2024-07-31,-0.013863837225138053
2024-08-01,0.0042906571030229415
2024-08-02,-0.0037299819709134237
2024-08-05,-0.0024350333700338504
2024-08-06,0.00272896741133294
2024-08-07,0.010349674682491594
2024-08-08,-0.0049095709679067715
2024-08-09,-0.004015401957775835
2024-08-12,-0.0016581751257178743
2024-08-13,-0.00831768538194182
2024-08-14,0.0010841617068774322
2024-08-15,-0.0031505434738819944
2024-08-16,0.0019339377000889852
2024-08-19,-0.00013899042329000347
2024-08-20,-0.001250549468084451
2024-08-21,-0.0001403840333472371
2024-08-22,0.006808555577682155
2024-08-23,0.004881309328800323
2024-08-26,0.007297577339074874
2024-08-27,-0.0037583853913488916
2024-08-28,0.003097735583060372
2024-08-29,0.004346987507182949
2024-08-30,-0.0014539868807881666
2024-09-03,0.012802073291057963
2024-09-04,-0.004795256503942759
2024-09-05,0.00454897025949661
2024-09-06,0.006131871005723126
2024-09-09,0.0012602174678530006
2024-09-10,-0.007882030816369168
2024-09-11,-0.016075093116923726
2024-09-12,0.000806567617474436
2024-09-13,0.003854377074870143
2024-09-16,0.009598847146671677
2024-09-17,0.004521936750426313
2024-09-18,0.002935767489579327
2024-09-19,-0.009582388049335946
2024-09-20,0.0078112433675936585
2024-09-23,-0.00010821796356844554
2024-09-24,0.004365251500171648
2024-09-25,-0.005329878130543652
2024-09-26,-0.005745366767204249
2024-09-27,0.0047587353747302365
2024-09-30,0.0018153271064250743
2024-10-01,0.012054924207095183
2024-10-02,0.0011659398477754355
2024-10-03,0.002034676676628941
2024-10-04,0.0036040755363453206
2024-10-07,0.0031863506749761667
2024-10-08,-0.007388223681226075
2024-10-09,0.0006599505032455322
2024-10-10,0.003981696476710692
2024-10-11,0.0027096283557107646
2024-10-14,-0.0036388879686837673
2024-10-15,0.012859721092111323
2024-10-16,0.007097122125333602
2024-10-17,-0.0009879745837960093
2024-10-18,0.0007563218912653927
2024-10-21,-0.00020391950276931687
2024-10-22,0.007939917449597041
2024-10-23,0.009142811300479288
2024-10-24,-0.010854125385580705
2024-10-25,-0.008606087135852156
2024-10-28,0.0056209835850082315
2024-10-29,-0.009855704905578942
2024-10-30,0.005299284217641511
2024-10-31,0.016177413356728343
2024-11-01,-0.012075111866638465
2024-11-04,-0.0009439700949687695
2024-11-05,-0.0007459404307894147
2024-11-06,0.003720546689184115
2024-11-07,-0.015759535423566336
2024-11-08,0.0020953670063863987
2024-11-11,0.002942928588819069
2024-11-12,0.005167714349634927
2024-11-13,0.00396355169604439
2024-11-14,0.004827994095812961
2024-11-15,0.013421397883243476
2024-11-18,0.0035834415388689054
2024-11-19,0.0002783824078756337
2024-11-20,-0.00280995068894367
2024-11-21,-0.0018627498820309157
2024-11-22,0.005097266722629533
2024-11-25,-0.001742483329077367
2024-11-26,-0.00476975837874343
2024-11-27,0.005589361205012773
2024-11-29,-0.004632125780207824
2024-12-02,-0.00951596213071105
2024-12-03,-0.0045281471278707545
2024-12-04,-0.010505093086190562
2024-12-05,0.009368046630317962
2024-12-06,-0.010139988661853701
2024-12-09,-0.00593251699518596
2024-12-10,0.0023701635265714837
2024-12-11,-0.0042766293455632235
2024-12-12,0.008960759216165341
2024-12-13,-0.006186057385312019
2024-12-16,-0.008611923163881386
2024-12-17,0.004477258251656836
2024-12-18,0.001444523888159439
2024-12-19,0.00533488481366895
2024-12-20,0.002908610306338965
2024-12-23,-0.005879712983553339
2024-12-24,-0.0014784107388098335
2024-12-26,0.0022229010714328607
2024-12-27,0.00290040752011975
2024-12-30,0.002207421632504769
2024-12-31,0.007098730392321668
2025-01-02,0.0013364711573841633
2025-01-03,-0.010337400347826866
2025-01-06,-0.005962766526390735
2025-01-07,0.0071220751087742494
2025-01-08,-0.002233100803815896
2025-01-10,-0.003833685578325528
2025-01-13,0.0022932496601695226
2025-01-14,0.0029439657771237384
2025-01-15,-0.004944674223614601
2025-01-16,0.003919391345851709
2025-01-17,-0.0008920246718992691
2025-01-21,-0.002655092509365349
2025-01-22,-0.010721538406692991
2025-01-23,-9.092862673982967e-05
2025-01-24,0.001866398570591419
2025-01-27,0.02779662577978799
2025-01-28,-0.012636784164782928
2025-01-29,0.006287681997590457
2025-01-30,-0.0058767715318696154
2025-01-31,-0.007468471572323964
2025-02-03,0.003127019262305828
2025-02-04,-0.004321423789073588
2025-02-05,-0.0027078251733389275
2025-02-06,-0.004182171105953912
2025-02-07,0.006907838465742569
2025-02-10,0.0007028518853173082
2025-02-11,0.01027603716702505
2025-02-12,0.012718414595424466
2025-02-13,0.004247043555491875
2025-02-14,0.0031942515042383142
2025-02-18,0.0035661038941660586
2025-02-19,0.005827031677872415
2025-02-20,0.004666615219048031
2025-02-21,0.012633614744368906
2025-02-24,0.007484997471012806
2025-02-25,0.00024238179597057256
2025-02-26,-0.0075933200217006185
2025-02-27,0.011267201967466303
2025-02-28,0.00028344528040259026
2025-03-03,0.008815059641626197
2025-03-04,-0.012607093597374785
2025-03-05,-0.004553487001656466
2025-03-06,0.00841989721218925
2025-03-07,0.006096873871431151
2025-03-10,0.01206859120707861
2025-03-11,-0.011181565575810402
2025-03-12,-0.009090559527150079
2025-03-13,0.01316854028530594
2025-03-14,-0.006497772219428652
2025-03-17,0.0024451550653149987
2025-03-18,0.006939692941081594
2025-03-19,-0.0032098976697681704
2025-03-20,-9.400764380941317e-05
2025-03-21,-0.0034776951529978347
2025-03-24,-0.009600493780562722
2025-03-25,-0.00500268361149091
2025-03-26,0.012378732907827834
2025-03-27,0.004006154062047081
2025-03-28,0.007087088421982668
2025-03-31,0.0057637592240659345
2025-04-01,-0.009001304756107689
2025-04-02,-0.006998527534255397
2025-04-03,-0.0036890568767762506
2025-04-04,0.002252593656938719
2025-04-07,-0.0038463656101344456
2025-04-08,-0.01294340398494491
2025-04-09,-0.016584109402904564
2025-04-10,-0.003317286706694948
2025-04-11,0.00028173482635142745
2025-04-14,0.004754480779432913
2025-04-15,-0.0015173027743929951
2025-04-16,0.005204060441835713
2025-04-17,0.010097923386808828
2025-04-21,0.01193025620621429
2025-04-22,-0.006952469538453266
2025-04-23,-0.011271672233297413
2025-04-24,-0.007551645246264398
2025-04-25,-0.012093854080592874
2025-04-28,0.001647225701944016
2025-04-29,-0.0009470498266243128
2025-04-30,-0.004996053087669175
2025-05-01,-0.002136116210018307
2025-05-02,-0.0009716316414320362
2025-05-05,-0.006489946321084072
2025-05-06,0.0042248534380911855
2025-05-07,-0.004156479613661892
2025-05-08,0.005510336669144297
2025-05-09,0.0020770095092742832
2025-05-12,-0.009629103525192494
2025-05-13,-0.001971342807678
2025-05-14,-0.002825159546941931
2025-05-15,0.008497834272168634
2025-05-16,-0.0022651561925373497
2025-05-19,-0.0010531522689811326
2025-05-20,0.00020352845985635115
2025-05-21,-0.0016189653901937402
2025-05-22,-0.001381737493455218
2025-05-23,0.004391731635505699
2025-05-27,-0.003451330498470533
2025-05-28,-0.002293489471058043
2025-05-29,0.00334399642860404
2025-05-30,-0.00010720287050558195
2025-06-02,0.0003607954841679289
2025-06-03,0.004880514531722514
2025-06-04,-0.00272532552379101
2025-06-05,0.0023813976862600388
2025-06-06,0.004677277156740871
2025-06-09,0.002711060810614921
2025-06-10,0.0065859975480854985
2025-06-11,-0.0017024083640018338
2025-06-12,-0.0013740620967635391
2025-06-13,0.000993886111878911
2025-06-16,0.003920248631413315
2025-06-17,0.00031906960608833675
2025-06-18,0.0025549962230061317
2025-06-20,0.00625672923041012
2025-06-23,-0.005460998510742854
2025-06-24,-0.0011022004936735114
2025-06-25,-0.0015323229073994577
2025-06-26,0.0023710890607972217
2025-06-27,0.0011025590611639048
2025-06-30,-0.006199022392620608
2025-07-01,0.014598878742951989
2025-07-02,0.007307312879686638
2025-07-03,-0.006667705557181767
2025-07-07,0.0003538315630748139
2025-07-08,0.005318665150627874
2025-07-09,-0.0016282683487436958
2025-07-10,0.008235003559748457
2025-07-11,-0.00023091505290809364
2025-07-14,-0.0027316834244510133
2025-07-15,-0.005070441049287261
2025-07-16,-0.003934935024687095
2025-07-17,0.0032217186709120973
2025-07-18,0.0010667850081650544
2025-07-21,0.0027592454275366723
2025-07-22,0.0022569828930131632
2025-07-23,-0.005406352929085512
2025-07-24,-0.0012996021544421554
2025-07-25,-0.0010946494021307285
2025-07-28,-0.003063733897646474
2025-07-29,-0.004489251942438173
2025-07-30,-0.010123663844625866
2025-07-31,0.0005586474607347149
2025-08-01,-0.00012544896933317943
2025-08-04,-0.005860634728220777
2025-08-05,0.007962020830857596
2025-08-06,-0.004590187183263383
2025-08-07,0.013519806096402279
2025-08-08,0.0009086501353667514
2025-08-11,0.0017493106683089624
2025-08-12,0.000591654136810778
2025-08-13,0.001419915567235613
2025-08-14,0.003012082971498417
2025-08-15,-0.0065991635531494576
2025-08-18,-0.0026592252593543595
2025-08-19,0.00864537925657619
2025-08-20,-0.0025594433316113567
2025-08-21,0.001373770664852848
2025-08-22,0.0038699238429719474
2025-08-25,0.000815566427318379
2025-08-26,-0.00443855875245457
2025-08-27,0.0027206050389492974
2025-08-28,-0.00516665806732044
2025-08-29,0.006609259738916374
2025-09-02,0.0014807857745651135
2025-09-03,-0.00233915715120233
2025-09-04,-0.0008758123942763512
2025-09-05,-0.0037524832051029932
2025-09-08,-0.008755012158645364
2025-09-09,0.0003206687962468372
2025-09-10,0.002641708979574027
2025-09-11,-0.0030420322108655313
2025-09-12,-0.00219861913953221
2025-09-15,-0.004318598340450733
2025-09-16,0.0024700292201748153
2025-09-17,0.00033035567430393957
2025-09-18,0.0005415190470185363
2025-09-19,-0.007055919018280902
2025-09-22,-0.008423247713255384
2025-09-23,0.007681969745919318
2025-09-24,-0.003367992735317566
2025-09-25,0.005338464616043495
2025-09-26,0.0029155487093808956
2025-09-29,-0.0015914793680509205
2025-09-30,-0.002928545721442888
2025-10-01,-0.0008417753834271558
2025-10-02,-0.006150851267282186
2025-10-03,0.0038327068017529583
2025-10-06,-0.010852056832615404
2025-10-07,0.0018918874344574807
2025-10-08,-0.009447539036163192
2025-10-09,-0.003056287144600994
2025-10-10,0.005617785265136815
2025-10-13,-0.00440928571678064
2025-10-14,0.010999880715250123
2025-10-15,0.0014779025398208537
2025-10-16,-0.0039080727226002586
2025-10-17,0.004197119920470256
2025-10-20,0.0019762152178783503
2025-10-21,0.0034238156597232133
2025-10-22,-0.0002935018629737055
2025-10-23,-0.012095171682161829
2025-10-24,-0.0024160607382511545
2025-10-27,-0.004651611980444839
2025-10-28,-0.007422697732167474
2025-10-29,-0.008817413652572452
2025-10-30,0.0068551925383853575
2025-10-31,-0.0017776890369878395
2025-11-03,-0.0036039778843483866
2025-11-04,-0.00020338576676236328
2025-11-05,-0.0009451552363598778
2025-11-06,0.010447895084130163
2025-11-07,0.008692309302459586
2025-11-10,-0.007729061890627158
2025-11-11,0.011983284420373877
2025-11-12,0.0022280290996755012
2025-11-13,0.00826678235205695
2025-11-14,-0.004559576193815336
2025-11-17,-0.0038612725501916347
2025-11-18,0.012541381483301708
2025-11-19,-0.008310119539269932
2025-11-20,0.003962562342625673
2025-11-21,0.008565343658771516
2025-11-24,-0.01626917529472271
2025-11-25,0.002508495618328498
2025-11-26,-0.0007113041157328279
2025-11-28,0.0034160954736971835
2025-12-01,0.003146718536158299
2025-12-02,-0.005267775795183236
2025-12-03,0.005147036409841281
2025-12-04,-0.000612939688923343
2025-12-05,-0.0046215496848035975
2025-12-08,-0.0001994574835023651
2025-12-09,-0.00016047395984103977
2025-12-10,-0.000979017128294881
2025-12-11,0.0012541727180869855
2025-12-12,0.014242256416980128
2025-12-15,0.001111893485024826
2025-12-16,-0.004220729114629015
2025-12-17,0.018799697303148597
2025-12-18,-0.010910669693429237
2025-12-19,-0.0066090947468783025
2025-12-22,-0.004825203335060158
2025-12-23,-0.004507077502629279
2025-12-24,0.0010669919759468095
2025-12-26,-0.00019011372954675873
2025-12-29,0.0009710422950891455
2025-12-30,0.0030757831697874193
2025-12-31,0.002661239223112916
2026-01-02,0.004243821404730883
2026-01-05,-0.0005496841739409699
2026-01-06,-0.008046415521432676
2026-01-07,0.0008545638595503485
2026-01-08,0.012252475655930056
2026-01-09,0.0014680131642328478
2026-01-12,-0.0019251285315565842
2026-01-13,0.006956047646159739
2026-01-14,0.0117787426646387
2026-01-15,-0.003364530493656881
2026-01-16,-0.00024526379005607196
2026-01-20,0.01222471156657542
2026-01-21,0.003954238701463046
2026-01-22,-0.00421830977976749
2026-01-23,0.0007127366801286907
2026-01-26,-0.004443513090837115
2026-01-27,0.015555572006049866
2026-01-28,-0.006898419571751202
2026-01-29,0.010832121757392142
2026-01-30,0.013667543873420486
2026-02-02,0.0011815844877878696
2026-02-03,0.02392150459539196
2026-02-04,0.0190116022006905
2026-02-05,0.008352818355925731
2026-02-06,-0.006317078224801758
2026-02-09,-0.013150116294490812
2026-02-10,0.0036695035000580004
2026-02-11,0.005927046436031648
2026-02-12,0.005525263268276695
2026-02-13,-0.0103727091747738
2026-02-17,0.0016000892859186382
2026-02-18,-0.0037418815551102788
2026-02-19,-0.0008473441304279396
2026-02-20,-0.0016236290928647742
2026-02-23,0.01946541652564101
2026-02-24,-0.0040855318351201205
2026-02-25,-0.012285024194477344
2026-02-26,-0.00045975907065304745
2026-02-27,0.008567233555037723
2026-03-02,-0.005160691675016661
2026-03-03,-0.00047403505782507837
2026-03-04,-0.011057572397313226
2026-03-05,-0.004599462492931821
2026-03-06,0.003396676515125774
2026-03-09,-0.0115927704989865
2026-03-10,0.005951209008430989
2026-03-11,-0.0017353776425997633
2026-03-12,0.0033922581675874183
2026-03-13,0.0042994904683042725
2026-03-16,-0.0060464413878417965
2026-03-17,-0.0006293603331087798
2026-03-18,-0.006812693830942214
2026-03-19,0.0029716347361236108
2026-03-20,0.004511978553617913
2026-03-23,0.00044098246707904013
2026-03-24,0.010967846984534346
2026-03-25,0.0022812729310117026
2026-03-26,0.015110640362263563
2026-03-27,0.011421799064554166
2026-03-30,0.003871343768246905
2026-03-31,-0.012415786013901581
2026-04-01,-0.013981007117487097
2026-04-02,0.004417510675276434
2026-04-06,-0.00278947411948613
2026-04-07,-0.007950061038130153
2026-04-08,-0.002722997673734012
2026-04-09,0.006929252016722625
2026-04-10,-0.00045453328986986153
2026-04-13,-0.015538378273276733
2026-04-14,-0.007184532749595909
2026-04-15,-0.00861123856198981
2026-04-16,0.0007421234914343992
2026-04-17,-0.0062694938706246185
2026-04-20,-0.0016675915499514181
2026-04-21,-0.003501784235066617
2026-04-22,-0.013374391546158552
2026-04-23,0.016143940053403492
2026-04-24,-0.010838619238240447
2026-04-27,-0.004549812228602206
2026-04-28,0.01061724408751218
2026-04-29,0.006325566843350147
2026-04-30,-0.004280403890550895
2026-05-01,-0.010409711981496927
2026-05-04,-0.015150797200643851
2026-05-05,-0.005603532642395711
2026-05-06,-0.001718915006577395
2026-05-07,-0.005074922572570756
2026-05-08,-0.013556921125360832
2026-05-11,-0.010932969052146713
2026-05-12,0.011300266790845365
2026-05-13,0.002289152790285866
2026-05-14,0.001552112935476937
2026-05-15,0.0018166459238728105
2026-05-18,0.014206563062396486
2026-05-19,0.0038809181160293893
2026-05-20,-0.006879789415047074
2026-05-21,-0.0004509465383017351
2026-05-22,1.053648882199854e-05
2026-05-26,-0.014546425560729406
2026-05-27,0.00010075464477545181
2026-05-28,-0.008540054090928206
2026-05-29,-0.013966974507780854
2026-06-01,-0.009172495793192523
2026-06-02,-0.0013389085407561519
2026-06-03,-0.0028660816623645017
2026-06-04,0.002167564292935473
2026-06-05,0.02526996322810445
2026-06-08,-0.008595858823239539
2026-06-09,0.009253703301933484
2026-06-10,0.013798119737730223
2026-06-11,-0.01123426359421618
2026-06-12,0.0008816540328557259
2026-06-15,-0.026306058203682373
2026-06-16,0.006594996204972315
2026-06-17,-0.010236293991726212
2026-06-18,-0.010155231333746071
2026-06-22,-0.0001330581360309876
2026-06-23,0.02273878761407344
2026-06-24,-0.002312196104362312
2026-06-25,-0.012924486502456908
2026-06-26,0.010109261049571267
2026-06-29,-0.018362739012037478
2026-06-30,-0.018265116445619636
2026-07-01,0.003176994407820804
2026-07-02,0.019813404255756423
2026-07-06,-0.018082132181173535
2026-07-07,0.019138412399255393
2026-07-08,-0.004136642673618196
2026-07-09,-0.009049668796685797
2026-07-10,0.005204912068944517
2026-07-13,0.01899933100574018
2026-07-14,-0.011765154619190255
2026-07-15,0.010160971032287072
2026-07-16,0.025682613624863182
2026-07-17,0.005916071821355862
2026-07-20,-0.006625586336129787
2026-07-21,-0.011886120241684213
2026-07-22,0.010909507333369496
2026-07-23,-0.0014546010431440164
2026-07-24,0.01823370285959707
2026-07-27,0.006519900002862322
2026-07-28,0.018901010134835042
2026-07-29,0.01962652343118967
2026-07-30,-0.03499704251917538
2026-07-31,-0.0016106372589946764
2026-08-03,-0.009574253604926431
2026-08-04,-0.015761341396948136
2026-08-05,-0.0009817272671453026
2026-08-06,0.011943401942962378
2026-08-07,-0.007943568559354042
2026-08-10,0.0024983023579981988
2026-08-11,0.002538595986712456
2026-08-12,-0.0029544860395803382
2026-08-13,-0.0016963961354824035
