date,0
2006-01-03,-0.007503715445142433
2006-01-04,-0.0021712676779908962
2006-01-05,0.002093378499730101
2006-01-06,-0.0023892231758371506
2006-01-09,-0.007746097852537232
2006-01-10,-0.006218899565012592
2006-01-11,-0.010125161471438167
2006-01-12,-0.008347152057742188
2006-01-13,-0.005864087662581724
2006-01-17,-0.01522135311806349
2006-01-18,-0.0031809144360704644
2006-01-19,0.003091151125535225
2006-01-20,-0.011810991985429967
2006-01-23,-0.013434118247395366
2006-01-24,-0.0050606313003962984
2006-01-25,-0.011300512910318904
2006-01-26,-0.011911246607782745
2006-01-27,-0.009185378142604492
2006-01-30,-0.011179644620878906
2006-01-31,-0.007807034244432012
2006-02-01,-0.005633017486301843
2006-02-02,-0.008938096823871911
2006-02-03,-0.006977135967765395
2006-02-06,-0.0026671580867201885
2006-02-07,0.008623454937377666
2006-02-08,-0.013929825088462975
2006-02-09,-0.011520811223975918
2006-02-10,-0.011170583176006969
2006-02-13,-0.008305992891641488
2006-02-14,-0.008688632821289606
2006-02-15,-0.011898851329367846
2006-02-16,0.0010312528629790206
2006-02-17,-0.0073737225486941544
2006-02-21,-0.013251196129140433
2006-02-22,0.003094765601306908
2006-02-23,-0.009066385693229616
2006-02-24,-0.009149289765681247
2006-02-27,-0.003939690348645649
2006-02-28,-0.0012949619548175808
2006-03-01,-0.010989572150038656
2006-03-02,-0.012952902095275307
2006-03-03,-0.006350733631640375
2006-03-06,-0.0014804011393199368
2006-03-07,-0.014155515619229946
2006-03-08,-0.011439324768671617
2006-03-09,-0.008280166613014511
2006-03-10,-0.010219185591005516
2006-03-13,-0.0017552517010131323
2006-03-14,-0.0045337924649928776
2006-03-15,-0.002749294042117975
2006-03-16,-0.009372845636836949
2006-03-17,-0.0005986489731766515
2006-03-20,-0.011849815432528606
2006-03-21,-0.004937483075406151
2006-03-22,-0.005798712798057312
2006-03-23,-0.005630363074367022
2006-03-24,-0.007672618162868903
2006-03-27,-0.0069245881148818295
2006-03-28,-0.00920215496021126
2006-03-29,-0.006563048794533162
2006-03-30,-0.01107436552241354
2006-03-31,-0.0059536515073544015
2006-04-03,-0.0006271265831765994
2006-04-04,-0.007557900355028737
2006-04-05,-0.009089866007764798
2006-04-06,-0.006934050731168259
2006-04-07,-0.008828388656522792
2006-04-10,-0.00301302631156972
2006-04-11,-0.007522716272626748
2006-04-12,-0.007772947951882197
2006-04-13,-0.00421882355391967
2006-04-17,-0.018672934213388843
2006-04-18,-0.007368541064207569
2006-04-19,-0.005194158879638458
2006-04-20,0.0052333877078435875
2006-04-21,-0.010012409401847205
2006-04-24,-0.0030234134351754503
2006-04-25,-0.01077821325932927
2006-04-26,-0.010660249828045979
2006-04-27,-0.009866315567854493
2006-04-28,0.002017871943584385
2006-05-01,-0.016355435865970283
2006-05-02,-0.016229054274318613
2006-05-03,-0.0017860375460714102
2006-05-04,-0.00909321753021938
2006-05-05,-0.00361641202926599
2006-05-08,-0.0036545485531578343
2006-05-09,-0.009011591400377265
2006-05-10,-0.008774920256856455
2006-05-11,-0.00855895911642502
2006-05-12,-0.01364473143092605
2006-05-15,-0.01995512934184739
2006-05-16,-0.007867283457696037
2006-05-17,-0.0022823730354298013
2006-05-18,-0.013516593457968198
2006-05-19,-0.0046922909902753236
2006-05-22,-0.005655190893902498
2006-05-23,-0.01170631152775885
2006-05-24,-0.006704422547199537
2006-05-25,0.0001008605097441613
2006-05-26,-0.009159800540876773
2006-05-30,-0.005086394088770646
2006-05-31,-0.011273461662046095
2006-06-01,-0.0034320491680136633
2006-06-02,-0.006348438626140425
2006-06-05,-0.0035109079376054314
2006-06-06,-0.010010568665754421
2006-06-07,-0.008856719163929671
2006-06-08,-0.004963261068409743
2006-06-09,-0.006659704626601897
2006-06-12,-0.008160254162934425
2006-06-13,-0.0236162557109668
2006-06-14,0.006447334036982272
2006-06-15,-0.0055726206547067215
2006-06-16,-0.005780039404259258
2006-06-19,-0.004934277336568919
2006-06-20,-0.010334380354412054
2006-06-21,0.0012267310829516369
2006-06-22,-0.013521333046434676
2006-06-23,-0.0228831962873964
2006-06-26,-0.009676814335385567
2006-06-27,-0.0124243884420368
2006-06-28,-0.008652051470768297
2006-06-29,-0.005924645723083193
2006-06-30,-0.007664622255388722
2006-07-03,-0.007055924454266735
2006-07-05,-0.006925373887582914
2006-07-06,-0.012433181428614
2006-07-07,-0.00842625995290914
2006-07-10,-0.013936159694191581
2006-07-11,-0.0026415348200853348
2006-07-12,-0.012668361988579678
2006-07-13,-0.007992074893154802
2006-07-14,-0.006211426909726571
2006-07-17,0.0005607770130567364
2006-07-18,-0.005035336190041658
2006-07-19,-0.005733289981219806
2006-07-20,-0.0038734400458528603
2006-07-21,-0.014482264540049809
2006-07-24,-0.002035813481142016
2006-07-25,-0.013900095382446109
2006-07-26,-0.017006530180287784
2006-07-27,-0.009682043062651031
2006-07-28,-0.008306342007633102
2006-07-31,-0.013102831634559957
2006-08-01,-0.0101319086389088
2006-08-02,-0.004225006794532806
2006-08-03,-0.012045788397233212
2006-08-04,-0.007594639212006037
2006-08-07,-0.0063617746701513656
2006-08-08,-0.008127051455004716
2006-08-09,-0.01598045028317753
2006-08-10,-0.0019573468494639553
2006-08-11,-0.012142473215606148
2006-08-14,-0.005171889504554468
2006-08-15,-0.009584086695893362
2006-08-16,-0.014730186676619048
2006-08-17,-0.004402287958383142
2006-08-18,-0.0008466754051819226
2006-08-21,-0.011522688704047174
2006-08-22,-0.00694260439562855
2006-08-23,-0.0025831272087454595
2006-08-24,-0.01477395616932018
2006-08-25,-0.005212070593141198
2006-08-28,-0.0017322983755048427
2006-08-29,-0.007556083754279594
2006-08-30,-0.00251827689000711
2006-08-31,-0.00695249275360895
2006-09-01,-0.007574093928119688
2006-09-05,-0.008790579885714925
2006-09-06,-0.0026898275302933957
2006-09-07,-0.00871602145908138
2006-09-08,-0.009203987995880967
2006-09-11,-0.02522317929505919
2006-09-12,-0.01867492393674006
2006-09-13,0.0012406194191417136
2006-09-14,-0.00010108039474227351
2006-09-15,-0.01197419846903429
2006-09-18,-0.005572398148274751
2006-09-19,-0.0020683366161069585
2006-09-20,-0.02063383329252126
2006-09-21,0.0008358419590846437
2006-09-22,-0.00501683343906688
2006-09-25,-0.011494398545181972
2006-09-26,0.0002451735665709009
2006-09-27,-0.012769435517068049
2006-09-28,-0.0046442482481769964
2006-09-29,-0.0016989855959214824
2006-10-02,-0.003462521823561538
2006-10-03,-0.014646775419719036
2006-10-04,-0.007320822692743836
2006-10-05,-0.00835022645176121
2006-10-06,-0.00780933166384391
2006-10-09,-0.005918276994859357
2006-10-10,-0.00572177037549731
2006-10-11,0.001071195635918511
2006-10-12,-0.0034497917942092546
2006-10-13,-0.006860522453392144
2006-10-16,-0.010018222292707452
2006-10-17,-0.007345520271502772
2006-10-18,-0.02017736819966506
2006-10-19,0.003358201906773186
2006-10-20,-0.004173432032679624
2006-10-23,-0.007798947545435073
2006-10-24,-0.006500662177697414
2006-10-25,-0.0028730643116240393
2006-10-26,-0.0038758026465808932
2006-10-27,-0.005018274531366777
2006-10-30,-0.00584263583166718
2006-10-31,-0.0037123851798372635
2006-11-01,-0.010237346249115173
2006-11-02,-0.007154975656116079
2006-11-03,-0.011477062144929944
2006-11-06,-0.007393174433769658
2006-11-07,-0.0004409493182830279
2006-11-08,-0.008844286134633606
2006-11-09,-0.01694889154870472
2006-11-10,0.006566576894317421
2006-11-13,-0.00989201266613483
2006-11-14,-0.00944718200071627
2006-11-15,-0.005932732351867996
2006-11-16,0.0018841899465603263
2006-11-17,-0.0019483893448120852
2006-11-20,-0.015211440372985465
2006-11-21,-0.004299222217486344
2006-11-22,-0.007487359230077547
2006-11-24,-0.0055898651409451
2006-11-27,0.0014576358204195254
2006-11-28,-0.010931785317050932
2006-11-29,-0.011589315151058155
2006-11-30,-0.005515365114187711
2006-12-01,-0.010790160634114823
2006-12-04,0.006370383721855286
2006-12-05,-0.0038162966057369227
2006-12-06,-0.009439068538979105
2006-12-07,-0.006933734143608705
2006-12-08,-0.008532581863084988
2006-12-11,-0.006438991067556076
2006-12-12,-0.01046517361416317
2006-12-13,-0.009119153595777578
2006-12-14,-0.0013692678830403522
2006-12-15,-0.0033993188550379564
2006-12-18,-0.006418485521198038
2006-12-19,-0.0014473486851326652
2006-12-20,-0.002129205043539326
2006-12-21,-0.009974994086498684
2006-12-22,-0.005098391788672074
2006-12-26,-0.008703482052124786
2006-12-27,-0.006095225170984639
2006-12-28,-0.004331762252562179
2006-12-29,-0.007214532441294432
2007-01-03,0.0008693713352271263
2007-01-04,0.007241295519753485
2007-01-05,-0.001873241262586482
2007-01-08,-0.0015935098263496115
2007-01-09,-0.0009073605186356664
2007-01-10,0.0008046548998636954
2007-01-11,-0.005246305219502619
2007-01-12,-0.0035630447452955102
2007-01-16,-0.007463393558857537
2007-01-17,-0.006280029591940063
2007-01-18,-0.011412580196198485
2007-01-19,-0.005469506849694011
2007-01-22,-0.0017277958122157771
2007-01-23,-0.011938544312110397
2007-01-24,0.009706489816598485
2007-01-25,0.005282654200314052
2007-01-26,-0.001456457010567466
2007-01-29,-0.003046260232453429
2007-01-30,-0.0030532659680217117
2007-01-31,-0.009937858526724068
2007-02-01,-0.004113740905409422
2007-02-02,-0.005085919952658569
2007-02-05,-0.0008382683344761873
2007-02-06,-0.0014082640024190502
2007-02-07,0.0020452356531800355
2007-02-08,0.0035026721372396355
2007-02-09,-0.004741935223474306
2007-02-12,-0.001305497076157068
2007-02-13,-0.0030399624688811195
2007-02-14,-0.0007220834898342485
2007-02-15,-0.001526713161762341
2007-02-16,-0.0023405120805335567
2007-02-20,-0.0039039529359874633
2007-02-21,-0.003429002789599983
2007-02-22,0.0009058483996843233
2007-02-23,-0.0017724534432460976
2007-02-26,0.0004646494626088021
2007-02-27,-0.007555396319059101
2007-02-28,0.0005325684276784358
2007-03-01,-0.0036569164226151396
2007-03-02,-0.0023986609352558835
2007-03-05,0.0012023867029436399
2007-03-06,0.0028241223899699054
2007-03-07,-0.004846859528857689
2007-03-08,-0.0023775536540612
2007-03-09,-0.003213717600091867
2007-03-12,0.0014595680672128662
2007-03-13,0.0007627172633455758
2007-03-14,0.0007069904911613403
2007-03-15,0.0022107122821826376
2007-03-16,0.0022116969628790005
2007-03-19,-0.004918653714080677
2007-03-20,-0.0006466383546248526
2007-03-21,0.0011995391494377945
2007-03-22,-0.004510880494413816
2007-03-23,-0.0050040967157899225
2007-03-26,0.0023425437657511143
2007-03-27,0.0012322963226796518
2007-03-28,-0.0019965521924194896
2007-03-29,-0.0007417813660513008
2007-03-30,-0.00028566899953491685
2007-04-02,-0.0016646121628937133
2007-04-03,0.0005719572442576299
2007-04-04,-0.0013328943037766486
2007-04-05,-0.0006803729726792526
2007-04-09,-0.002219005602839689
2007-04-10,-0.0016462266441107816
2007-04-11,-0.0006739471265819461
2007-04-12,-0.0033453431902993125
2007-04-13,0.0018548988137869727
2007-04-16,-0.005310213059002426
2007-04-17,0.00011681869359180235
2007-04-18,-0.0017266057566439293
2007-04-19,0.002995933347535352
2007-04-20,-0.002529474693608426
2007-04-23,-0.007949283762634742
2007-04-24,0.006966601070934084
2007-04-25,0.004032034364872679
2007-04-26,0.0003928350724254474
2007-04-27,-0.003965687194327886
2007-04-30,0.0003045376517364501
2007-05-01,-0.0027083173512418932
2007-05-02,-0.0016336784023091699
2007-05-03,-0.0017585105436899013
2007-05-04,0.0026135994939034896
2007-05-07,-0.002115265799000663
2007-05-08,-0.002577210601416641
2007-05-09,-0.0013521114187538593
2007-05-10,-0.003338688281730216
2007-05-11,-0.0021903018783641886
2007-05-14,-0.00027695614767980943
2007-05-15,-0.005602958090244297
2007-05-16,0.0003482599352053401
2007-05-17,-0.00683532364513919
2007-05-18,-0.0036707127655933027
2007-05-21,6.680975266024525e-05
2007-05-22,-0.0023575592380002345
2007-05-23,-0.0038035177814866213
2007-05-24,-0.003881426257666217
2007-05-25,-0.0002580132933494763
2007-05-29,-0.002672519774151296
2007-05-30,-0.003966554472902218
2007-05-31,0.004658302523063708
2007-06-01,-0.0010867458199357576
2007-06-04,-0.00275541665240452
2007-06-05,-0.0010920365027006682
2007-06-06,-0.0003395314254700818
2007-06-07,0.0006047726765914608
2007-06-08,-0.0004937206550205023
2007-06-11,-0.00365091746218804
2007-06-12,-0.0012908084287999197
2007-06-13,-0.002254778325576489
2007-06-14,0.0021697161656610738
2007-06-15,0.0030527928975736204
2007-06-18,0.001168703694096685
2007-06-19,-0.0032478124300778038
2007-06-20,0.005152875223907227
2007-06-21,0.00381622359659945
2007-06-22,-0.0033124508439862496
2007-06-25,0.002547548530697047
2007-06-26,0.00191341402524467
2007-06-27,0.005386867710037907
2007-06-28,-0.0013163457302018716
2007-06-29,-0.005993594305418354
2007-07-02,-0.0030895931175215947
2007-07-03,0.004103154718880613
2007-07-05,0.000322500465926081
2007-07-06,-0.001397498194564588
2007-07-09,-0.00037856124717991165
2007-07-10,0.005943951752245098
2007-07-11,0.0006008289090581218
2007-07-12,0.004521437602853102
2007-07-13,-0.00444379177495644
2007-07-16,0.003234228289577989
2007-07-17,0.0008138816755753273
2007-07-18,-0.010486419329187847
2007-07-19,0.002397719946244446
2007-07-20,0.0005879846731248898
2007-07-23,0.00016040042525682844
2007-07-24,-0.000529521942227788
2007-07-25,0.007584437450472187
2007-07-26,0.00021801463354666401
2007-07-27,0.0007017699670905252
2007-07-30,-0.0029065922413801554
2007-07-31,-0.0019224612175768193
2007-08-01,0.0006716799800297055
2007-08-02,-0.0033804549599424274
2007-08-03,-0.010193340449841212
2007-08-06,0.001731846611201856
2007-08-07,-0.003762507237905101
2007-08-08,0.00782691192064425
2007-08-09,-0.006291213104326967
2007-08-10,-0.005907868663925959
2007-08-13,0.0007921401452874689
2007-08-14,-0.003393494937069883
2007-08-15,-0.006707389270885595
2007-08-16,0.0032051273334112325
2007-08-17,0.00565326468772389
2007-08-20,-0.004771478766925852
2007-08-21,0.008513539531311336
2007-08-22,-0.004914721719371839
2007-08-23,-0.003977160995391061
2007-08-24,-0.0030664224613867544
2007-08-27,0.0024190365390085173
2007-08-28,-0.0034692744085337308
2007-08-29,0.0006850999798514827
2007-08-30,0.0005855098578150541
2007-08-31,0.0003203666156886588
2007-09-04,0.000386808173910133
2007-09-05,-0.00564854927348744
2007-09-06,-0.006509766928073198
2007-09-07,-0.006178684191768723
2007-09-10,0.0003209070094387489
2007-09-11,0.002605697881760481
2007-09-12,-0.0035201404958403212
2007-09-13,0.0033062162178294266
2007-09-14,-0.004274423630574423
2007-09-17,0.00033551402441233877
2007-09-18,-0.002643376408569034
2007-09-19,-0.0024630869654949394
2007-09-20,-0.0013465380131463852
2007-09-21,-0.0007459413320171321
2007-09-24,0.004823798320686042
2007-09-25,0.001170984546236281
2007-09-26,-8.898812058179837e-05
2007-09-27,-0.004819211622596485
2007-09-28,-0.0003696409135011385
2007-10-01,-0.001888453195833058
2007-10-02,-2.3460686972679367e-05
2007-10-03,-0.0065886212405841275
2007-10-04,-0.00443903231111476
2007-10-05,-0.0010966889629422695
2007-10-08,0.0036301204247663347
2007-10-09,-0.005738300131472767
2007-10-10,-0.00400189129752446
2007-10-11,-0.0054064005318154845
2007-10-12,0.002467994905732589
2007-10-15,-0.0061294117678945045
2007-10-16,-0.004535399176082662
2007-10-17,0.00807427411235817
2007-10-18,-0.00848270494354178
2007-10-19,-0.0020081913817935073
2007-10-22,0.0034716081217584737
2007-10-23,0.0009096625218932204
2007-10-24,-0.01412576418260857
2007-10-25,-0.01892401195589928
2007-10-26,0.013952993551288232
2007-10-29,-0.0031830977178774955
2007-10-30,0.0037750319771007257
2007-10-31,-0.004010634665452839
2007-11-01,-0.00703176646699117
2007-11-02,-0.010062437661855472
2007-11-05,-0.008780558716662588
2007-11-06,-0.009730664982131796
2007-11-07,-0.008550803496539782
2007-11-08,-0.02105289388862672
2007-11-09,-0.004274183691112655
2007-11-12,0.005795899000808655
2007-11-13,0.013141086899089617
2007-11-14,-0.003933256981213985
2007-11-15,-0.0011408108092229824
2007-11-16,-0.004273964647905968
2007-11-19,-0.010363213684358767
2007-11-20,-0.016794547776407858
2007-11-21,-0.0004314715443955266
2007-11-23,0.002235324124722424
2007-11-26,-0.01505756208243389
2007-11-27,0.003069290417078669
2007-11-28,0.008934999363889109
2007-11-29,-0.0008082627929658085
2007-11-30,0.005702916430141846
2007-12-03,-0.008961839928648907
2007-12-04,-0.005242928756805786
2007-12-05,-0.003306291223451274
2007-12-06,-0.002121264121919236
2007-12-07,-0.006195451911769902
2007-12-10,-0.0014659850220378363
2007-12-11,-0.00698269190595497
2007-12-12,-0.015499313574618563
2007-12-13,-0.01045613962015609
2007-12-14,-0.0017760050650023687
2007-12-17,-0.005575710921436408
2007-12-18,-0.005726861757288015
2007-12-19,-0.0010104360824822497
2007-12-20,-0.0012835093675338033
2007-12-21,-0.0074665491462291645
2007-12-24,-0.00029178119550672546
2007-12-26,-0.0037557620361398747
2007-12-27,-0.00017729105705005738
2007-12-28,-0.00686435263767774
2007-12-31,0.0005345201861886228
2008-01-02,-0.002450492382301518
2008-01-03,-0.022527703990090332
2008-01-04,-0.009672593015846845
2008-01-07,-0.002174084960661111
2008-01-08,-0.016667637312132135
2008-01-09,-0.004874433413271413
2008-01-10,0.0066799961335778195
2008-01-11,-0.007207693666529154
2008-01-14,-0.0021675615080443775
2008-01-15,0.004734303682352016
2008-01-16,-0.0049523317572830825
2008-01-17,-0.004820348354699484
2008-01-18,-0.003424127270849407
2008-01-22,0.0018475792627372358
2008-01-23,0.0035560891273742753
2008-01-24,-0.0009071461740055879
2008-01-25,-0.014725872084224642
2008-01-28,-0.008716081577284172
2008-01-29,-0.0036658631882906783
2008-01-30,-0.0038820010790054406
2008-01-31,0.0029194663302637685
2008-02-01,0.002090081026501542
2008-02-04,-0.01582521081451271
2008-02-05,0.000981770249475023
2008-02-06,-0.013922200788187632
2008-02-07,0.0059561185727185426
2008-02-08,-0.017176022921671398
2008-02-11,-0.009112299876805459
2008-02-12,0.0025314826197657845
2008-02-13,0.006827075374888348
2008-02-14,-0.013450584357454332
2008-02-15,-0.009617571458593394
2008-02-19,-0.02681525501390495
2008-02-20,-0.00342086579392946
2008-02-21,-0.002866669904710602
2008-02-22,-0.0018708747365055478
2008-02-25,-0.01289561184228168
2008-02-26,-0.006216265568765993
2008-02-27,0.008464648912753017
2008-02-28,-0.012847931974275568
2008-02-29,-0.0013603925108612042
2008-03-03,-0.015818019501064574
2008-03-04,0.0026036582613850542
2008-03-05,-0.009821873057527183
2008-03-06,-0.015316527859531553
2008-03-07,0.006534012180455549
2008-03-10,-0.020097063088237735
2008-03-11,0.0223602842570936
2008-03-12,-0.007700109945727777
2008-03-13,-0.010738882043591448
2008-03-14,-0.010244129044034347
2008-03-17,-0.01994578258370485
2008-03-18,0.012330825400784647
2008-03-19,0.011735808447855937
2008-03-20,0.034217406328986344
2008-03-24,0.010891628799226002
2008-03-25,-0.013503435940142017
2008-03-26,-0.02445845252732389
2008-03-27,-0.00650778460647521
2008-03-28,-0.016310472545724382
2008-03-31,-0.01135312188727063
2008-04-01,0.012111906316243051
2008-04-02,-0.010040850417848503
2008-04-03,0.0007059157425208414
2008-04-04,-0.014805340299627174
2008-04-07,0.00915346572228641
2008-04-08,-0.01722584985562684
2008-04-09,-0.010489715705312048
2008-04-10,-0.010203472802828312
2008-04-11,-0.00454599532284906
2008-04-14,-0.023801238091834574
2008-04-15,-0.009969372834623708
2008-04-16,-0.008481741507542424
2008-04-17,0.00037114797427664336
2008-04-18,-0.001526173670976897
2008-04-21,-0.005751381405435157
2008-04-22,-0.006550908902164184
2008-04-23,0.002760928798761884
2008-04-24,0.023060262707509455
2008-04-25,-0.011952409246450874
2008-04-28,-0.000264178422683615
2008-04-29,0.007400320745774149
2008-04-30,0.003942925857744112
2008-05-01,0.028409879026692994
2008-05-02,-0.017394187469370298
2008-05-05,-0.018351299809542622
2008-05-06,-0.012423920565358706
2008-05-07,-0.006612527492878453
2008-05-08,-0.026822318901725737
2008-05-09,-0.004400345950263787
2008-05-12,0.006319862410168522
2008-05-13,-0.015333208530701577
2008-05-14,0.01104975983015782
2008-05-15,-0.0006596629248618799
2008-05-16,-0.01629326161736583
2008-05-19,-0.002099847749116265
2008-05-20,-0.01761341138242875
2008-05-21,-0.0006888654225988278
2008-05-22,-0.007525373799583057
2008-05-23,-0.007393969617130918
2008-05-27,-0.0042517659241015195
2008-05-28,-0.01301727305703319
2008-05-29,0.01637255106866236
2008-05-30,-0.005266055497988602
2008-06-02,-0.012762643943653071
2008-06-03,-0.008837964282328147
2008-06-04,-0.0058480664632836665
2008-06-05,-0.0001893669439335128
2008-06-06,-0.016519846838779554
2008-06-09,-0.0203508885361564
2008-06-10,0.011134123087910773
2008-06-11,-0.020301573874243303
2008-06-12,0.011373954219047494
2008-06-13,0.0027200671527899426
2008-06-16,-0.0020771464556718702
2008-06-17,-0.018460375889500138
2008-06-18,-0.018731792206504998
2008-06-19,0.01067690656197778
2008-06-20,-0.010307861695034266
2008-06-23,-0.01116378976744032
2008-06-24,0.016762307080489588
2008-06-25,0.002214069454536895
2008-06-26,-0.03441265437448301
2008-06-27,-0.021315969689967747
2008-06-30,-0.012639442045051207
2008-07-01,-0.003432369504202774
2008-07-02,0.006086588069868265
2008-07-03,-0.014974272634491055
2008-07-07,-0.013816455530598674
2008-07-08,0.015684959134563994
2008-07-09,-0.011460656879463932
2008-07-10,-0.03125544163870873
2008-07-11,-0.026231563030811745
2008-07-14,-0.04882683312688182
2008-07-15,0.004296731300331109
2008-07-16,0.05737618181270767
2008-07-17,0.01643178012477755
2008-07-18,0.007672593079545614
2008-07-21,-0.01295260828650691
2008-07-22,0.02351273837471583
2008-07-23,0.019029663269844316
2008-07-24,-0.02712397253118414
2008-07-25,-0.015419190906645713
2008-07-28,-0.02234628260215321
2008-07-29,0.02779451195265336
2008-07-30,-0.014782121462882852
2008-07-31,0.013981275437828905
2008-08-01,-0.00158627058660129
2008-08-04,-0.008397847121380106
2008-08-05,-0.006334835587855828
2008-08-06,-0.015256994014761728
2008-08-07,-0.00168551633948546
2008-08-08,0.008076073831539833
2008-08-11,0.003906452178676736
2008-08-12,-0.021275807837783232
2008-08-13,-0.031147481905281313
2008-08-14,0.015349724784051257
2008-08-15,-0.0009817646309056701
2008-08-18,-0.026072627058652653
2008-08-19,-0.019565527992041108
2008-08-20,-0.03216725487622653
2008-08-21,-0.012277977652213185
2008-08-22,0.008311771529709607
2008-08-25,0.0009552953178988723
2008-08-26,-0.01413775143478203
2008-08-27,0.005777217734444348
2008-08-28,-0.0017035260000469689
2008-08-29,-0.016854246705288123
2008-09-02,0.01869881769033968
2008-09-03,-0.007337066665133491
2008-09-04,-0.01063769785100386
2008-09-05,0.01063518357279845
2008-09-08,-0.024904420873255416
2008-09-09,-0.0006575495521353204
2008-09-10,-0.025802966236026667
2008-09-11,-0.03154173581242551
2008-09-12,-0.021745408832976796
2008-09-15,-0.02696586130388319
2008-09-16,0.02643056324957703
2008-09-17,-0.028284604002866025
2008-09-18,0.03099437106183462
2008-09-19,0.09242694976584177
2008-09-22,-0.044198431497156784
2008-09-23,0.011628857384611738
2008-09-24,-0.005955610785942974
2008-09-25,-0.0041944083285332815
2008-09-26,-0.014435854918950636
2008-09-29,-0.01649553078589372
2008-09-30,0.07377277659335314
2008-10-01,-0.008815580003901573
2008-10-02,0.01984276609922656
2008-10-03,0.0165470487495185
2008-10-06,-0.004258943585135393
2008-10-07,-0.0077266086818911055
2008-10-08,-0.005428553845209808
2008-10-09,0.003697317054757239
2008-10-10,0.0075309254533139445
2008-10-13,0.011178657375695135
2008-10-14,-0.0003808559761042194
2008-10-15,0.016529326009282242
2008-10-16,-0.004040657466163826
2008-10-17,-0.013265544134265693
2008-10-20,-0.001816268238487434
2008-10-21,-0.012746605212152137
2008-10-22,0.012439298458252163
2008-10-23,0.00808555063418737
2008-10-24,-0.0025786015417135974
2008-10-27,0.029474620876685585
2008-10-28,0.010773631513325593
2008-10-29,-0.0348265125491502
2008-10-30,0.007893908249353612
2008-10-31,-0.01819758132273663
2008-11-03,0.007112235122566005
2008-11-04,-0.0027538357231113786
2008-11-05,-0.01592859779837605
2008-11-06,-0.018471922225084682
2008-11-07,-0.018050102331617274
2008-11-10,-0.03730321283207001
2008-11-11,-0.007307812255381101
2008-11-12,-0.003713564813727985
2008-11-13,-0.008785240132316529
2008-11-14,-0.0011538586818061287
2008-11-17,-0.014735129584985886
2008-11-18,-0.0018363713467468585
2008-11-19,-0.030863092178495095
2008-11-20,0.00452198066856443
2008-11-21,-0.016263233761020405
2008-11-24,0.023895511653871455
2008-11-25,0.0029215659505805484
2008-11-26,-0.011905386151826094
2008-11-28,0.01747299702491524
2008-12-01,0.012765243589063911
2008-12-02,0.013805356516300729
2008-12-03,-0.002081991088341383
2008-12-04,0.0056151311269494065
2008-12-05,-0.007484638740651436
2008-12-08,-0.013542279406901982
2008-12-09,-0.005755538742242705
2008-12-10,-0.019736832424372686
2008-12-11,-0.02838114208816348
2008-12-12,0.0007666297295733614
2008-12-15,-0.019602101784925732
2008-12-16,0.007355265290043912
2008-12-17,-0.005410050891867017
2008-12-18,-0.00391749828391915
2008-12-19,-0.013006011450566235
2008-12-22,-0.006470506521923934
2008-12-23,-0.021072952090664697
2008-12-24,-0.0003244324689247232
2008-12-26,-0.01000462879103583
2008-12-29,-0.016974194288913128
2008-12-30,0.0011372681083472802
2008-12-31,-0.010456103881923444
2009-01-02,-0.004379809597429193
2009-01-05,0.011639816268756886
2009-01-06,0.035583776837633085
2009-01-07,-0.012748387136363934
2009-01-08,-0.013691208178090027
2009-01-09,-0.022314863700129334
2009-01-12,0.0046770422740394935
2009-01-13,-0.009930432139601972
2009-01-14,-0.02355479346546239
2009-01-15,-0.032791814244224636
2009-01-16,-0.003645014642866597
2009-01-20,0.01249662557196668
2009-01-21,-0.01850659612293053
2009-01-22,-0.011064343413581479
2009-01-23,-0.030458066837767115
2009-01-26,-0.026681700333813486
2009-01-27,-0.014823885860639867
2009-01-28,0.025866070868247958
2009-01-29,-0.04444365050036696
2009-01-30,0.0012546133895326769
2009-02-02,0.001566439164227198
2009-02-03,-0.031934074252901484
2009-02-04,-0.008196527373758127
2009-02-05,0.0002711925225979267
2009-02-06,0.015645218519208755
2009-02-09,0.005797308840418364
2009-02-10,-0.04624685709427799
2009-02-11,-0.009171462551521662
2009-02-12,-0.024592071379911838
2009-02-13,-0.013106475761313423
2009-02-17,-0.013919582601414545
2009-02-18,-0.006867425606449291
2009-02-19,-0.01834050569383845
2009-02-20,-0.00425444201775322
2009-02-23,-0.008484835015015351
2009-02-24,0.024407182564614098
2009-02-25,-0.001972061117469146
2009-02-26,0.022152868823841262
2009-02-27,-0.015621569600917172
2009-03-02,-0.008960113894485828
2009-03-03,-0.021817319748456472
2009-03-04,-0.012171507887262612
2009-03-05,-0.0037845913024014237
2009-03-06,-0.01077124648160754
2009-03-09,-0.004385695132785881
2009-03-10,0.04403685133629584
2009-03-11,-0.0016371845639245415
2009-03-12,0.010135823388475226
2009-03-13,0.002855958591753381
2009-03-16,-0.015123334883417633
2009-03-17,-0.012180326648917553
2009-03-18,-0.0015863321917370058
2009-03-19,-0.05104803302547209
2009-03-20,-0.0023155950284945003
2009-03-23,-0.018586691129888026
2009-03-24,-0.025067210341043908
2009-03-25,-0.00501338436998751
2009-03-26,0.0005545374687687555
2009-03-27,0.005385280291995557
2009-03-30,-0.022943171089115068
2009-03-31,-0.009797779666905383
2009-04-01,0.0008839400462902595
2009-04-02,0.0003012990754343572
2009-04-03,-0.010008356313944056
2009-04-06,-0.025892772628361174
2009-04-07,-0.0017419463224834153
2009-04-08,-0.01294730005110999
2009-04-09,0.0035156731870965765
2009-04-13,0.03150411046345866
2009-04-14,-0.027268608622975407
2009-04-15,-0.007034384485470446
2009-04-16,-0.017718827855470347
2009-04-17,-0.005431125582710295
2009-04-20,-0.03645715011559496
2009-04-21,-0.02777330262436062
2009-04-22,-0.0395559165264209
2009-04-23,0.014017102537011248
2009-04-24,-0.005919086693537196
2009-04-27,-0.01755795924539436
2009-04-28,-0.01627433707943726
2009-04-29,-0.003374920524336072
2009-04-30,-0.016146331606274093
2009-05-01,-0.00664850460239115
2009-05-04,0.01627850498501547
2009-05-05,-0.017503846961214594
2009-05-06,0.008886089032704412
2009-05-07,0.009190888421188374
2009-05-08,-0.02098271464509742
2009-05-11,-0.027603677378762008
2009-05-12,-3.348528004249243e-05
2009-05-13,0.023608012124642502
2009-05-14,-0.013681515400775723
2009-05-15,-0.007618504724621072
2009-05-18,-0.010004441907730742
2009-05-19,-0.011744016650255925
2009-05-20,0.002010288579951486
2009-05-21,0.025466398353894384
2009-05-22,-0.033150747373536314
2009-05-26,-0.008795725891481102
2009-05-27,-0.024815622226497816
2009-05-28,-0.01681340925078888
2009-05-29,-0.025892900648818003
2009-06-01,-0.016034760415920737
2009-06-02,0.008810201084310677
2009-06-03,0.011647018514833813
2009-06-04,-0.01420604199045904
2009-06-05,-0.008108431876778554
2009-06-08,0.006547663555580946
2009-06-09,-0.01515676799604241
2009-06-10,0.002107723682460068
2009-06-11,0.005047410101066093
2009-06-12,0.005943208753841965
2009-06-15,0.0005099157244385722
2009-06-16,0.004448258053520217
2009-06-17,0.013934244441045206
2009-06-18,0.006732741500110551
2009-06-19,-0.0013421164019132145
2009-06-22,0.006485934744078533
2009-06-23,-0.002029729988258666
2009-06-24,-0.006676114503537629
2009-06-25,-0.005177974075238647
2009-06-26,-0.013688783947224014
2009-06-29,-0.0004302982666651422
2009-06-30,-0.003189637099417933
2009-07-01,0.0013419309744127621
2009-07-02,-0.001527675439391844
2009-07-06,-0.006772319198951186
2009-07-07,-0.00138389930498725
2009-07-08,0.0007462408389196868
2009-07-09,-0.02078029365410695
2009-07-10,-0.01716226202812349
2009-07-13,0.021428145265998615
2009-07-14,-0.005617700342493256
2009-07-15,0.004543585926075373
2009-07-16,-0.008875602259022446
2009-07-17,-0.013375461545348528
2009-07-20,-0.0068179220374968135
2009-07-21,-0.0010255137702202249
2009-07-22,-0.012065050022663601
2009-07-23,-0.01408840259551165
2009-07-24,0.0040258621231294926
2009-07-27,-0.0013726060446161755
2009-07-28,0.007712602499006235
2009-07-29,0.005831906269991655
2009-07-30,-0.004928605861696715
2009-07-31,-0.005246351463838745
2009-08-03,0.0029443500234458443
2009-08-04,-0.0021719652680975434
2009-08-05,0.02134205816297769
2009-08-06,0.0009534629174886714
2009-08-07,-0.008657649994361975
2009-08-10,-0.002502314538260498
2009-08-11,-0.018251464338126716
2009-08-12,-0.011271087979205795
2009-08-13,-0.005643895686264874
2009-08-14,-0.004926177736292622
2009-08-17,0.00875692392058088
2009-08-18,-0.011143482930770275
2009-08-19,-0.005947773743182285
2009-08-20,0.020586807486277493
2009-08-21,0.001738325206618329
2009-08-24,0.002975089006042512
2009-08-25,-0.0067409379333954016
2009-08-26,-0.0020637992035083927
2009-08-27,0.006196314773908059
2009-08-28,0.0008461982366556398
2009-08-31,-0.005640259530624617
2009-09-01,-0.015990065385127327
2009-09-02,0.0027462644017006827
2009-09-03,0.004378594375671963
2009-09-04,-0.0046861562504872615
2009-09-08,0.000587158301769997
2009-09-09,-0.012803536721259891
2009-09-10,-0.010094778770185655
2009-09-11,-0.011888747940128744
2009-09-14,-0.0019208077158254701
2009-09-15,-0.003666268176696132
2009-09-16,0.0048938299107179235
2009-09-17,-0.003340913910178198
2009-09-18,-0.0061703757140393
2009-09-21,-0.002907293310029308
2009-09-22,-0.01148153522430319
2009-09-23,0.0010810839697529698
2009-09-24,0.0037952261308118592
2009-09-25,0.002124716898939747
2009-09-28,-0.0072902034546873055
2009-09-29,-0.012590820050144783
2009-09-30,-0.013319659298628871
2009-10-01,0.000701643661730882
2009-10-02,0.0028338610307836656
2009-10-05,-0.003273821935606074
2009-10-06,-0.0033789216086320692
2009-10-07,-0.008989930831151165
2009-10-08,-0.013952528506402141
2009-10-09,-0.008163137416670819
2009-10-12,-0.0011743755356049337
2009-10-13,-0.005821689263825252
2009-10-14,-0.008087183900778606
2009-10-15,-0.013505350861378867
2009-10-16,-0.006874335038570937
2009-10-19,-0.006673990686620481
2009-10-20,-0.0002795940338572002
2009-10-21,-0.007793551105052305
2009-10-22,-0.006846609529686304
2009-10-23,-0.000690899695347782
2009-10-26,-0.00561121820254994
2009-10-27,-0.006835169394831139
2009-10-28,0.01314683965810053
2009-10-29,-0.01729969295519585
2009-10-30,-0.01728204720547836
2009-11-02,-0.015400427792972403
2009-11-03,-0.009186984933018937
2009-11-04,-0.015069908777160383
2009-11-05,-0.015875096567744277
2009-11-06,-0.009894723671859791
2009-11-09,0.0007864021127760258
2009-11-10,-0.018727154336767617
2009-11-11,0.0004844826095511106
2009-11-12,0.006222250297871845
2009-11-13,-0.0030238745415585434
2009-11-16,-0.005918698232450328
2009-11-17,-0.0031516941492611807
2009-11-18,0.003792317192238736
2009-11-19,-0.001415376381664842
2009-11-20,-0.0019694840337631954
2009-11-23,-0.0022068284534836934
2009-11-24,-0.00943497689458834
2009-11-25,-0.00809739848071197
2009-11-27,-0.005969089266400596
2009-11-30,-0.001456068705145819
2009-12-01,-0.012892800991695472
2009-12-02,-0.0007258154567393194
2009-12-03,-0.006016587981468723
2009-12-04,0.0013695961030279593
2009-12-07,0.004191752534862397
2009-12-08,-0.007374238090997503
2009-12-09,-0.006544807839179614
2009-12-10,-0.009560292234985432
2009-12-11,-0.004411221007781474
2009-12-14,-0.018092691878980945
2009-12-15,-0.0074870157544987825
2009-12-16,0.0027021747137922422
2009-12-17,-0.009571091274490684
2009-12-18,-0.0019333629420796436
2009-12-21,-0.004579028132686482
2009-12-22,-0.010441391172848535
2009-12-23,-0.008594824521033089
2009-12-24,-0.0019228678892306448
2009-12-28,-0.00559760520222358
2009-12-29,0.0008166348684921845
2009-12-30,-0.0020153683549182285
2009-12-31,-0.001119475168186155
2010-01-04,-0.01749165552414363
2010-01-05,-0.0077521067673530656
2010-01-06,-0.010923450355030066
2010-01-07,-0.0075908900683295845
2010-01-08,-0.00615057474733134
2010-01-11,-0.001702497688874754
2010-01-12,-0.007062890586393143
2010-01-13,-0.00471921437808878
2010-01-14,-0.005137320965737045
2010-01-15,-0.003991057520029735
2010-01-19,-0.004652880036794943
2010-01-20,-0.003961092389770476
2010-01-21,-0.011016070441377129
2010-01-22,-0.010172416781474163
2010-01-25,-0.0003508991680044064
2010-01-26,-0.00799777027402961
2010-01-27,-0.008402742450489475
2010-01-28,-0.010116826655646007
2010-01-29,-0.017549822446894466
2010-02-01,0.013799599845150855
2010-02-02,-0.011803854020799988
2010-02-03,-0.00480877055303627
2010-02-04,-0.008430468896339884
2010-02-05,-6.825789489381222e-06
2010-02-08,-0.007483268144404964
2010-02-09,-0.0017742514903237782
2010-02-10,-0.00898860818182198
2010-02-11,-0.00014315563580754621
2010-02-12,-0.0046840502751840825
2010-02-16,-0.005723131141377747
2010-02-17,-0.0037650447347775434
2010-02-18,-0.008338896758349687
2010-02-19,-0.00770400151649385
2010-02-22,-0.004535107904740112
2010-02-23,-0.008501847659134538
2010-02-24,-0.008732649745099057
2010-02-25,-0.0029497944175373037
2010-02-26,-0.005729503671266592
2010-03-01,-0.01056332310590959
2010-03-02,-0.0065180463165221865
2010-03-03,-0.009991157457799542
2010-03-04,0.0002534229430090438
2010-03-05,-0.00490161199677217
2010-03-08,-0.0021486427837000893
2010-03-09,-6.238903627186782e-05
2010-03-10,-0.0006723558928711463
2010-03-11,-0.006411721377308504
2010-03-12,-0.010064464168156225
2010-03-15,-0.002054431611068071
2010-03-16,-0.005563654881920118
2010-03-17,-0.0043690077629805054
2010-03-18,-0.00989155625362402
2010-03-19,-0.014107371413950099
2010-03-22,-0.009720900386285092
2010-03-23,-0.013327727493286848
2010-03-24,-0.0006386036969265561
2010-03-25,-0.01668704298819819
2010-03-26,-0.004570877660304628
2010-03-29,-0.0009853867003867664
2010-03-30,-0.0067735015913546245
2010-03-31,-0.005077541368222675
2010-04-01,-0.002988301561564101
2010-04-05,-0.00812446852795428
2010-04-06,-0.005568247192723383
2010-04-07,-0.0025025262774104194
2010-04-08,-0.006926079057831999
2010-04-09,-0.005607890136434378
2010-04-12,-0.003335969281940768
2010-04-13,-0.0029535658089638334
2010-04-14,-0.00700361723757254
2010-04-15,-0.0018869873799241708
2010-04-16,-0.0013862442992697735
2010-04-19,-0.0065349494105628216
2010-04-20,-0.008436832996252969
2010-04-21,-0.010556732331486912
2010-04-22,-0.005985709401310171
2010-04-23,-0.0139699868979751
2010-04-26,-0.00964302011755238
2010-04-27,0.0007474028924594053
2010-04-28,0.00287100114063768
2010-04-29,0.0014474771089512777
2010-04-30,-0.005681737539818564
2010-05-03,-0.006048565478344231
2010-05-04,-0.00013742412384934802
2010-05-05,-0.016182561948046393
2010-05-06,-0.006790819832179889
2010-05-07,-0.007465289666616512
2010-05-10,0.014648905190240544
2010-05-11,-0.007338837389651516
2010-05-12,-0.0054132392842320375
2010-05-13,-0.004608915095475131
2010-05-14,-0.005511557699704472
2010-05-17,-0.00046110922657486945
2010-05-18,-0.014203897740339453
2010-05-19,-0.0010851917713180525
2010-05-20,-0.005251144969355996
2010-05-21,0.005320976993890477
2010-05-24,-0.007305699117710968
2010-05-25,-0.001507676528573579
2010-05-26,-0.003316375911480614
2010-05-27,-0.0073683150471887185
2010-05-28,-0.013455453610079776
2010-06-01,-0.01658159682567744
2010-06-02,0.010277511883886767
2010-06-03,-0.00168714389004832
2010-06-04,-0.0015447958047745437
2010-06-07,-0.005284027901496775
2010-06-08,-0.008749490669158267
2010-06-09,-0.01279288936958992
2010-06-10,0.007685871589968552
2010-06-11,-0.00904828084438857
2010-06-14,-0.002063894960525243
2010-06-15,-0.01509284883335312
2010-06-16,-0.008267013201529828
2010-06-17,-0.000570683996516606
2010-06-18,-0.008472175297664291
2010-06-21,-0.010218063723714694
2010-06-22,-0.007720035426514181
2010-06-23,-0.007351467371504258
2010-06-24,-0.0032601230199309043
2010-06-25,-0.014777538451371924
2010-06-28,0.0015223473188978494
2010-06-29,0.002586264420541842
2010-06-30,-0.011416778969869944
2010-07-01,-0.005178673672575808
2010-07-02,-0.008942263243397593
2010-07-06,-0.013201301570610184
2010-07-07,-0.016701773635871477
2010-07-08,-0.008238140762186204
2010-07-09,-0.00758007195427896
2010-07-12,0.007432557089316717
2010-07-13,-8.647813414036122e-05
2010-07-14,-0.007485998131055523
2010-07-15,-0.004162092742664167
2010-07-16,-0.005332809928520744
2010-07-19,-0.006546992850178591
2010-07-20,-0.022103566162466635
2010-07-21,-0.009245695472369826
2010-07-22,-0.011914917419685086
2010-07-23,-0.006289424105757245
2010-07-26,0.00015923886871719792
2010-07-27,-0.004008516785824468
2010-07-28,-0.006866473915792851
2010-07-29,-0.01059187349312794
2010-07-30,-0.007068801533140246
2010-08-02,-0.014972283692293982
2010-08-03,-0.0004735987498871927
2010-08-04,-0.004769891562745642
2010-08-05,-0.004667408338380676
2010-08-06,0.0005829007110196537
2010-08-09,-0.004766179519483166
2010-08-10,-2.0062804235913487e-05
2010-08-11,0.0003332419525132438
2010-08-12,-0.010079476906090542
2010-08-13,-0.015664484479124004
2010-08-16,-0.005287339893419864
2010-08-17,-0.004289245280517302
2010-08-18,0.0021132919630551597
2010-08-19,0.0023863186735880457
2010-08-20,-0.004233002653554779
2010-08-23,-0.005893893233796717
2010-08-24,-0.007367739475020431
2010-08-25,-0.005427918356592175
2010-08-26,-0.011349684237421475
2010-08-27,-0.01092900843247776
2010-08-30,-0.008728192320951242
2010-08-31,-0.0027593068058179046
2010-09-01,-0.0107113553748694
2010-09-02,-0.003509462872019162
2010-09-03,-0.003869648162770474
2010-09-07,-0.00017971562346151158
2010-09-08,-0.0136088110759296
2010-09-09,-0.006135342030091452
2010-09-10,-0.007938262314114519
2010-09-13,-0.00034567020941232447
2010-09-14,0.007275142570087255
2010-09-15,-0.005811968892243375
2010-09-16,-0.0047363621995273365
2010-09-17,-0.003992266617725426
2010-09-20,-0.010493770345117009
2010-09-21,-0.009852268670811768
2010-09-22,-0.013511790732365424
2010-09-23,-0.009956371591989418
2010-09-24,-0.004519691655858665
2010-09-27,-0.005063733487897983
2010-09-28,-0.008249347071989092
2010-09-29,-0.015168401611354056
2010-09-30,-0.007525606551070533
2010-10-01,-0.007464426368580437
2010-10-04,-0.0048197152993262665
2010-10-05,-0.005370224394263863
2010-10-06,-0.005724904363501837
2010-10-07,0.0018198102376962653
2010-10-08,-0.011252254838856437
2010-10-11,-0.0027669376991394097
2010-10-12,0.002809288288770222
2010-10-13,-0.005806945244744996
2010-10-14,-0.014643953801986302
2010-10-15,-0.014349250716664454
2010-10-18,-0.0008828398259190821
2010-10-19,0.0015137196973818625
2010-10-20,-0.006174367931115778
2010-10-21,-0.004283757028458887
2010-10-22,-0.006900732562303951
2010-10-25,-0.00801350457818535
2010-10-26,-0.0014379481907440934
2010-10-27,0.001990611421417771
2010-10-28,-0.003778913305816852
2010-10-29,-0.010271211574993905
2010-11-01,-0.009147799166792703
2010-11-02,-0.0037516106607730143
2010-11-03,-0.0023432193033183354
2010-11-04,-0.0055758647453490705
2010-11-05,-0.008079728798076818
2010-11-08,-0.00657325334670078
2010-11-09,-0.00352123580379744
2010-11-10,0.0022581809719317315
2010-11-11,-0.009424948465311764
2010-11-12,0.003732480736594975
2010-11-15,-0.013612165291530556
2010-11-16,-0.0029638247395582353
2010-11-17,-0.005916927561238272
2010-11-18,-0.007691669404493933
2010-11-19,-0.00608432241300805
2010-11-22,-0.0016392690948042886
2010-11-23,0.0008389364522796818
2010-11-24,-0.0101882280940061
2010-11-26,-0.005460312999154637
2010-11-29,-0.0026929258633358226
2010-11-30,-0.00932777786046741
2010-12-01,-0.0060592627684466945
2010-12-02,-0.012266556956009346
2010-12-03,-0.004627396554029413
2010-12-06,-0.009667946083144974
2010-12-07,0.002160499432215429
2010-12-08,-0.01014308811376021
2010-12-09,-0.000776835304686703
2010-12-10,-0.009718851931276707
2010-12-13,-0.007112412664527553
2010-12-14,-0.007356289107417895
2010-12-15,-0.00821054018318366
2010-12-16,-0.013480185656109327
2010-12-17,-0.004670010780390027
2010-12-20,-0.009890237944445001
2010-12-21,-0.008721750182225627
2010-12-22,-0.0035980716650435268
2010-12-23,-0.0045788087446900095
2010-12-27,0.0044098238946408096
2010-12-28,-0.0024133851898871083
2010-12-29,-0.008070943828256827
2010-12-30,-0.005913450221862619
2010-12-31,1.0644726253121635e-05
2011-01-03,0.0026431754835591842
2011-01-04,-0.012319247600297043
2011-01-05,-0.007869606814784985
2011-01-06,-0.012469082118646146
2011-01-07,-0.006394556665219972
2011-01-10,-0.012593514539659534
2011-01-11,0.0035475342534678437
2011-01-12,-0.008781955106242224
2011-01-13,-0.009737765815180453
2011-01-14,-0.008381151737783135
2011-01-18,-0.006519585443016347
2011-01-19,-0.0026896749625300235
2011-01-20,-0.011277105377363948
2011-01-21,-0.004761876318334364
2011-01-24,0.0002224347363629425
2011-01-25,-0.010278492795755573
2011-01-26,-0.005049868151714342
2011-01-27,0.005976905466829339
2011-01-28,0.00032319905979118473
2011-01-31,-0.019323894906110767
2011-02-01,2.8118259779840588e-06
2011-02-02,-0.005085175656935624
2011-02-03,-0.00045052948904658434
2011-02-04,0.0027579695775868922
2011-02-07,-0.0022222033019886076
2011-02-08,-0.013491798894153754
2011-02-09,-0.012809005117645284
2011-02-10,0.0002734408676987243
2011-02-11,-0.004722318242666268
2011-02-14,0.004131166700640902
2011-02-15,-0.0047826881448926484
2011-02-16,-0.003626462527154879
2011-02-17,-0.01377193563848793
2011-02-18,-0.002086491327074353
2011-02-22,-0.009772801901646855
2011-02-23,-0.006674252935506624
2011-02-24,0.0038853137237985155
2011-02-25,-0.0026733176257688228
2011-02-28,-0.008432444965088375
2011-03-01,-0.002772927765842338
2011-03-02,-0.009242273239072757
2011-03-03,-0.004419478623656414
2011-03-04,-0.006468554466149865
2011-03-07,-0.0060149793031402925
2011-03-08,-0.006321049851627668
2011-03-09,-0.01251946654156099
2011-03-10,-0.01988592922140787
2011-03-11,9.813418864384159e-05
2011-03-14,-0.006392890794999521
2011-03-15,-0.006617900100706918
2011-03-16,-0.007185532111963034
2011-03-17,-0.0069115633919010055
2011-03-18,-0.004758853033983056
2011-03-21,-7.554691961869382e-05
2011-03-22,-0.0036726380275301463
2011-03-23,-0.006633423101821259
2011-03-24,-0.0025494144744939435
2011-03-25,-0.0010619278053216547
2011-03-28,-0.0053688143265751866
2011-03-29,-0.005026426220259451
2011-03-30,-0.002112978002361962
2011-03-31,-0.0060538061439611175
2011-04-01,-0.00617512607615885
2011-04-04,-0.011086565247793178
2011-04-05,-0.006429404477610963
2011-04-06,-0.006121976935778955
2011-04-07,-0.007404124938937353
2011-04-08,-0.0033066017274742247
2011-04-11,-0.010052072251859973
2011-04-12,-0.019383074778313254
2011-04-13,-0.002246246138528334
2011-04-14,-0.011256972567697773
2011-04-15,-0.00801599652154476
2011-04-18,-0.006101969460044113
2011-04-19,-0.008170213502211148
2011-04-20,-0.011535757227648328
2011-04-21,-0.0022994340497046115
2011-04-25,-0.006330614159840633
2011-04-26,-0.005244924359555703
2011-04-27,0.0006158138207463457
2011-04-28,-0.007306371051982034
2011-04-29,-0.009465558419015963
2011-05-02,-0.004375045414581886
2011-05-03,-0.01114132919008105
2011-05-04,-0.012481300404285868
2011-05-05,-0.0010082417324447385
2011-05-06,-0.006537597075774398
2011-05-09,0.002728938711183344
2011-05-10,-0.0005403004310767937
2011-05-11,-0.0029275518564627675
2011-05-12,-0.01273888221860733
2011-05-13,-0.009252402520607661
2011-05-16,-0.0022750484402894646
2011-05-17,-0.005966459066422804
2011-05-18,-0.0008284021897186356
2011-05-19,-0.007440012578235716
2011-05-20,-0.005951697782485473
2011-05-23,-0.0009327088875125782
2011-05-24,-0.014403618637213941
2011-05-25,-0.016337831123309787
2011-05-26,-0.009546612223737271
2011-05-27,-0.0047593928045027364
2011-05-31,-0.0035673560268117887
2011-06-01,0.002598981294103843
2011-06-02,-0.011438132751842517
2011-06-03,-0.001983502755279913
2011-06-06,0.0007825184796917493
2011-06-07,-0.009822661361679197
2011-06-08,0.0008116869675307732
2011-06-09,-0.006453680637866148
2011-06-10,-0.006247109924009582
2011-06-13,-0.011877552235015255
2011-06-14,0.0040053733448940365
2011-06-15,-0.00209284167106064
2011-06-16,-0.010678426918760572
2011-06-17,-0.011583667933740788
2011-06-20,-0.007500637687836101
2011-06-21,0.004803987646453909
2011-06-22,-0.005209313926074432
2011-06-23,-0.005276899922674604
2011-06-24,-0.0008697775626381439
2011-06-27,-0.004603433490618902
2011-06-28,-0.003026399422583438
2011-06-29,-0.0031543006939208766
2011-06-30,-0.003176869448686479
2011-07-01,0.0015485216267448572
2011-07-05,-0.0030419819871057435
2011-07-06,-0.0064682492757391925
2011-07-07,-0.008803688448137162
2011-07-08,-0.002450999665045179
2011-07-11,-0.007787215759911725
2011-07-12,-0.007370591271692601
2011-07-13,-0.007492730831191776
2011-07-14,-0.006891382030547764
2011-07-15,-0.003159626932995255
2011-07-18,-0.0120751681963456
2011-07-19,-0.0005461865443309724
2011-07-20,-0.009463132507974214
2011-07-21,-0.01890880967764714
2011-07-22,-0.005018733916089149
2011-07-25,-0.006177942152012691
2011-07-26,-0.010245417018762387
2011-07-27,0.0013999040379276137
2011-07-28,0.0005893024647253692
2011-07-29,-0.005175219253882031
2011-08-01,-0.006270213404072638
2011-08-02,-0.0011730525504184746
2011-08-03,-0.002653225421594239
2011-08-04,-0.009900825558622973
2011-08-05,-0.0008278921286809498
2011-08-08,-0.03531238503470685
2011-08-09,0.004001338937535591
2011-08-10,-0.015164353742678213
2011-08-11,-0.013247313698922885
2011-08-12,-0.007274199880807468
2011-08-15,0.006839926781009562
2011-08-16,-0.010753809064855829
2011-08-17,-0.00906288736845307
2011-08-18,-0.026048132300850863
2011-08-19,-0.026303761603598173
2011-08-22,-0.008264109279483501
2011-08-23,0.004112207291635287
2011-08-24,-0.002202777201881322
2011-08-25,-0.015200914228333449
2011-08-26,-0.013433464703497565
2011-08-29,-0.004798591238954223
2011-08-30,-0.004151994545148581
2011-08-31,-0.00920536387601022
2011-09-01,-0.0009368859811890243
2011-09-02,-0.004181498409960772
2011-09-06,0.0039595314846905694
2011-09-07,0.0016250212724039739
2011-09-08,-0.006784105821107321
2011-09-09,-0.003661114666538212
2011-09-12,-0.01083644420490134
2011-09-13,-0.0012848096916023358
2011-09-14,-0.01593042550805185
2011-09-15,-0.012356705913561573
2011-09-16,-0.015257523053118997
2011-09-19,-0.012959525669733286
2011-09-20,-0.01070515998553527
2011-09-21,-0.016922221673519294
2011-09-22,-0.015978194635823027
2011-09-23,-0.009344236732760667
2011-09-26,0.005170046856548937
2011-09-27,-0.0019399238428170038
2011-09-28,-0.01141449878895061
2011-09-29,-0.01777379809666058
2011-09-30,-0.007736800070375582
2011-10-03,0.005384190293458439
2011-10-04,-0.011973153948587152
2011-10-05,-0.008626977111752827
2011-10-06,-0.0065157342848036915
2011-10-07,0.0033050967764317596
2011-10-10,0.0018705475269979168
2011-10-11,-0.010906068483709053
2011-10-12,-0.005101723928841462
2011-10-13,0.010396875239326185
2011-10-14,-0.013975322746344884
2011-10-17,0.0014177806797830133
2011-10-18,-0.004260041513284381
2011-10-19,0.005148546875027625
2011-10-20,-0.0053294608659496135
2011-10-21,-0.002196288124540709
2011-10-24,0.008015493180974448
2011-10-25,0.009282958178639122
2011-10-26,-0.004413799413458969
2011-10-27,-0.0007255319186063305
2011-10-28,-0.006787571490600704
2011-10-31,0.015160631038169035
2011-11-01,0.005697896087347906
2011-11-02,-0.01370096647156524
2011-11-03,-0.014715850194485194
2011-11-04,-0.005395725399597389
2011-11-07,-0.010592983459821055
2011-11-08,-0.0003092020591370882
2011-11-09,-0.014785558565180962
2011-11-10,-0.005467279798677251
2011-11-11,-0.00036997356922918636
2011-11-14,-0.011311315295605823
2011-11-15,-0.007469090227558241
2011-11-16,-0.004017113370138217
2011-11-17,-0.007430632088294312
2011-11-18,-0.014279531781663598
2011-11-21,0.0032726464812866543
2011-11-22,-0.009615223069263601
2011-11-23,-0.011178998626298545
2011-11-25,-0.009950010223216385
2011-11-28,0.006041082513029034
2011-11-29,-0.0031536721080653593
2011-11-30,0.01182108595811051
2011-12-01,-0.0005694565382851017
2011-12-02,-0.014640791981259883
2011-12-05,-0.012017291922079846
2011-12-06,-0.00036758596760937817
2011-12-07,-0.015279980710159425
2011-12-08,0.0012558929816918907
2011-12-09,-0.006399015575995894
2011-12-12,0.0001929574284234934
2011-12-13,-0.01307022544163015
2011-12-14,-0.015303408783529805
2011-12-15,-0.010556455790205598
2011-12-16,-0.004224565315209718
2011-12-19,-0.005690038190164001
2011-12-20,0.0011539183534907474
2011-12-21,-0.011742275249679242
2011-12-22,0.012745614320619086
2011-12-23,-0.004976308464986916
2011-12-27,-0.010339221601893246
2011-12-28,-0.008147899676321657
2011-12-29,-0.011740758338104458
2011-12-30,-0.008811210598546369
2012-01-03,-0.018432793864632153
2012-01-04,-0.011369404974998828
2012-01-05,-0.014238922566114327
2012-01-06,-0.011488138142954556
2012-01-09,-0.007884417207185943
2012-01-10,-0.01341098061579082
2012-01-11,-0.019213108582981628
2012-01-12,-0.011630130379697007
2012-01-13,-0.0019108108934593115
2012-01-17,-0.013227474696151393
2012-01-18,-0.0019190738463442806
2012-01-19,-0.012015269942602132
2012-01-20,0.0002740149188382706
2012-01-23,-0.011761577995685175
2012-01-24,-0.011128639690332539
2012-01-25,-0.0069681924554256276
2012-01-26,-0.0007948457977006076
2012-01-27,-0.0073652649276432286
2012-01-30,-0.0012523035517155185
2012-01-31,-0.009830601340048591
2012-02-01,-0.005316461133992523
2012-02-02,-0.0056985889789746644
2012-02-03,-0.007122018500234278
2012-02-06,-0.00969053210860438
2012-02-07,0.0012949754928374014
2012-02-08,-0.011434109390417183
2012-02-09,-0.006422623122250135
2012-02-10,-0.0005569386696021991
2012-02-13,-0.011114987852983912
2012-02-14,-0.007842105613194211
2012-02-15,-0.009517325703070272
2012-02-16,-0.011801323992532961
2012-02-17,-0.0035455589270815047
2012-02-21,-0.008932295710054935
2012-02-22,-0.01477840919025785
2012-02-23,-0.0027622958534515773
2012-02-24,-0.0059331637237571505
2012-02-27,-0.0037264891461021013
2012-02-28,-0.011931628151032325
2012-02-29,-0.012528573953496495
2012-03-01,-0.004101726833366154
2012-03-02,-0.00440685619130908
2012-03-05,-0.016843142445875703
2012-03-06,-0.010711687623604192
2012-03-07,-0.0015512129364261447
2012-03-08,-0.006451172632877337
2012-03-09,-0.004067952865701191
2012-03-12,-0.0038323982685169616
2012-03-13,-0.0025730083592892966
2012-03-14,-0.005293046862204756
2012-03-15,-0.0033808958732052946
2012-03-16,-0.010309427853925877
2012-03-19,-0.005087481927894566
2012-03-20,-0.003039500860456721
2012-03-21,-0.015730524352865052
2012-03-22,-0.013653055683132354
2012-03-23,0.003085259461854454
2012-03-26,-0.005167250111592023
2012-03-27,-0.006175330383172935
2012-03-28,-0.01039867699098283
2012-03-29,0.0004458448464385199
2012-03-30,-0.0074788451662084225
2012-04-02,-0.00567187756243997
2012-04-03,-0.00803671505127932
2012-04-04,-0.002127610893615352
2012-04-05,-0.012740993953982788
2012-04-09,-0.0045376973761956044
2012-04-10,-0.0050463481729571096
2012-04-11,-0.007178058545324538
2012-04-12,-0.0038385910775450283
2012-04-13,-0.00043484052319456984
2012-04-16,-0.011315596931510354
2012-04-17,-0.0017379506157520954
2012-04-18,-0.004768874499677183
2012-04-19,-0.004617261911379469
2012-04-20,-0.014672757451411465
2012-04-23,0.0001957641323211451
2012-04-24,-0.01155865631630871
2012-04-25,0.004242181645896731
2012-04-26,-0.006397398160984234
2012-04-27,-0.008705259883834814
2012-04-30,-0.0034313071746809613
2012-05-01,-0.015831071789693788
2012-05-02,0.00934319569261972
2012-05-03,-0.011399235810875919
2012-05-04,-0.009543671166607082
2012-05-07,-0.010080450251480095
2012-05-08,-0.005183397043418824
2012-05-09,-0.005096473164416939
2012-05-10,0.0021943606519246733
2012-05-11,-0.015433820765037666
2012-05-14,-0.007553535492183198
2012-05-15,-0.008326571458687369
2012-05-16,-0.023326086833166608
2012-05-17,-0.006937260950211999
2012-05-18,0.0014899494659060264
2012-05-21,-0.004019777387082901
2012-05-22,0.0020351323118332487
2012-05-23,0.0012250394321969699
2012-05-24,-0.0026599594263672973
2012-05-25,-0.007136218623728017
2012-05-29,-0.014067756252673373
2012-05-30,0.003020931175547567
2012-05-31,-0.017945364289098365
2012-06-01,0.00426203736854037
2012-06-04,-0.008042264230238315
2012-06-05,-0.003144330885323541
2012-06-06,-0.014794995107134803
2012-06-07,-0.006760218767985344
2012-06-08,-0.009662323547381365
2012-06-11,-0.007151813884096662
2012-06-12,-0.004282824438672728
2012-06-13,-0.006717659518499754
2012-06-14,-0.01174240514501418
2012-06-15,-0.008060278451195996
2012-06-18,8.060082818763317e-05
2012-06-19,-0.003688112875710793
2012-06-20,-0.007864542984824276
2012-06-21,-0.008662687846047842
2012-06-22,-0.009894722272466502
2012-06-25,-0.006049131274190973
2012-06-26,-0.009342753222932257
2012-06-27,8.350291722747719e-05
2012-06-28,-0.013076293099717478
2012-06-29,-0.0061172549738924935
2012-07-02,-0.0034273926555572877
2012-07-03,-0.005015273298159029
2012-07-05,-0.0018881511439323862
2012-07-06,-0.006584963330589357
2012-07-09,-0.014323286978831723
2012-07-10,-0.01979239416586647
2012-07-11,-0.007522166524977985
2012-07-12,-0.0013366458552535381
2012-07-13,-0.0020297381451481935
2012-07-16,-0.013159535481084044
2012-07-17,-0.014555111816225961
2012-07-18,0.002888554503852267
2012-07-19,-0.018541312775391082
2012-07-20,-0.006821869884913095
2012-07-23,-0.00993822715472328
2012-07-24,-0.006940716349764132
2012-07-25,-0.0006362732614651114
2012-07-26,-0.0052579039701647805
2012-07-27,0.003007726498997729
2012-07-30,-0.001514452892098392
2012-07-31,-0.004377967631650707
2012-08-01,-0.006067193145775114
2012-08-02,0.005756393318954231
2012-08-03,0.004001167449287869
2012-08-06,-0.006946709673175526
2012-08-07,-0.007462186256387808
2012-08-08,-0.007529651212432611
2012-08-09,-0.0022021012841795173
2012-08-10,-0.009988328870873784
2012-08-13,-0.006166001386562554
2012-08-14,-0.013853870437827813
2012-08-15,-0.0035745193542983753
2012-08-16,-0.008932694139177504
2012-08-17,-0.008963546121381439
2012-08-20,-0.003850294187474357
2012-08-21,-0.013226929149084198
2012-08-22,-0.012227852747637921
2012-08-23,-0.0049733287856367865
2012-08-24,-0.012974718073007456
2012-08-27,-0.008559230781615221
2012-08-28,-0.010768155402211925
2012-08-29,-0.006856753177687951
2012-08-30,-0.008446366180456775
2012-08-31,-0.0048842878886437915
2012-09-04,-0.011521080336339515
2012-09-05,-0.005878321002870268
2012-09-06,-0.005618145390833145
2012-09-07,-0.012177013259961535
2012-09-10,-0.0024577083891443694
2012-09-11,-0.002603189753604836
2012-09-12,-0.009733846106358067
2012-09-13,-0.004118176793647298
2012-09-14,-0.015607049851978421
2012-09-17,-0.0002089691622512036
2012-09-18,-0.010670747429382947
2012-09-19,-0.0100352371437912
2012-09-20,-0.009929097383890048
2012-09-21,-0.008941904087326345
2012-09-24,-0.0027973000613906104
2012-09-25,-0.014955644594351888
2012-09-26,-0.004953571400771669
2012-09-27,-0.00942371093030929
2012-09-28,-0.007075457682734969
2012-10-01,-0.009390853527867359
2012-10-02,-0.008818120178032718
2012-10-03,-0.008339406708017482
2012-10-04,-0.001173607934882046
2012-10-05,-0.003060271587094629
2012-10-08,-0.004407403521600622
2012-10-09,-0.019984719039524822
2012-10-10,-0.0013447990748536214
2012-10-11,-0.010623803279344368
2012-10-12,-0.001698136377724234
2012-10-15,-0.008037783406982836
2012-10-16,-0.010990439608209309
2012-10-17,-0.008011419972986822
2012-10-18,-0.009270012107559733
2012-10-19,-0.009143865945403364
2012-10-22,-0.0056244337013810815
2012-10-23,0.002220921883363647
2012-10-24,-0.00044097233159072144
2012-10-25,-0.010683837650988253
2012-10-26,-0.006148421446262939
2012-10-31,-0.008254370881084216
2012-11-01,-0.006976390731819589
2012-11-02,-0.005198844368259622
2012-11-05,-0.0034903744191605354
2012-11-06,-0.009527591101665369
2012-11-07,0.009883196497032358
2012-11-08,-0.008712659208811657
2012-11-09,-0.005823510602565692
2012-11-12,-0.010250037267127293
2012-11-13,-0.005978181928846343
2012-11-14,-0.009640429838485232
2012-11-15,-0.007147851271964782
2012-11-16,-0.012200334869107706
2012-11-19,-0.0040130829935616785
2012-11-20,-0.010054598739406305
2012-11-21,-0.0036170976777492115
2012-11-23,0.0008321456038334956
2012-11-26,-0.005254745747899351
2012-11-27,-0.012235940572862078
2012-11-28,-0.010332561598286893
2012-11-29,-0.005338757619312647
2012-11-30,-0.005662542141570677
2012-12-03,-0.004431532341718611
2012-12-04,-0.00043849862106622867
2012-12-05,-0.010408698504161751
2012-12-06,-0.0031892214385136532
2012-12-07,-0.006826222637171862
2012-12-10,-0.006448582072116798
2012-12-11,-0.008671654132177697
2012-12-12,-0.0026858703825472117
2012-12-13,-0.009381949868602812
2012-12-14,-0.011113961146404705
2012-12-17,-0.0021743853666892727
2012-12-18,-0.009250761652400224
2012-12-19,-0.00918494082655895
2012-12-20,-0.005615032304080805
2012-12-21,-0.006680706824033839
2012-12-24,-0.005056157080606388
2012-12-26,-0.007079699073619952
2012-12-27,0.001168793522135221
2012-12-28,-0.01095934323713809
2012-12-31,-0.009753472024253067
2013-01-02,-0.008431482552783202
2013-01-03,-0.004281844703292517
2013-01-04,-0.011027396148245959
2013-01-07,-0.0015878762631898677
2013-01-08,-0.01009080496108521
2013-01-09,-0.00745412558380149
2013-01-10,-0.004383778524312873
2013-01-11,-0.0072109630293803635
2013-01-14,-0.00708115991006908
2013-01-15,-0.007354085227532986
2013-01-16,-0.004059873777024516
2013-01-17,-0.0025372484715195593
2013-01-18,-0.00865096481437573
2013-01-22,-0.00019042060938277098
2013-01-23,-0.011030860322667384
2013-01-24,-0.015419521128426473
2013-01-25,-0.011013638137487389
2013-01-28,-0.004834029885486842
2013-01-29,-0.006348608175456345
2013-01-30,-0.006205687085396144
2013-01-31,-0.010928431487350733
2013-02-01,-0.006202959665859259
2013-02-04,-0.0024415699999398035
2013-02-05,-0.0067402547455502945
2013-02-06,-0.0035124788907427013
2013-02-07,-0.0038029179727662827
2013-02-08,-0.005139761300266568
2013-02-11,-0.0038306433514997025
2013-02-12,-0.007990721443829719
2013-02-13,0.0004879057047557766
2013-02-14,-0.005966334749860342
2013-02-15,-0.006285426777682519
2013-02-19,-0.004879669205471245
2013-02-20,-0.009729217937055097
2013-02-21,-0.0126705333290279
2013-02-22,-0.0024603869922979744
2013-02-25,-0.012045236908312554
2013-02-26,-0.010028565528769531
2013-02-27,-0.007672210285504577
2013-02-28,-0.012164584020175333
2013-03-01,-0.009727474199299943
2013-03-04,-0.019108906507311202
2013-03-05,-0.005086576429490706
2013-03-06,-0.003203450005750756
2013-03-07,-0.009183578999157428
2013-03-08,-0.007853314590525833
2013-03-11,-0.007740450413087699
2013-03-12,-0.002372551142938616
2013-03-13,-0.006130389994494655
2013-03-14,-0.0037175994467319464
2013-03-15,-0.00471301026004233
2013-03-18,-0.002128889219579661
2013-03-19,-0.014167558381474436
2013-03-20,-0.008912627662588959
2013-03-21,-0.009115914235277744
2013-03-22,-0.004713220916145398
2013-03-25,-0.008231458524677417
2013-03-26,-0.00873407854907774
2013-03-27,-0.012152944423462275
2013-03-28,-0.008664284445219887
2013-04-01,-0.007218047421151811
2013-04-02,-0.01652741290001651
2013-04-03,-0.0075041118536109865
2013-04-04,-0.009955437966668968
2013-04-05,-0.005340691578069545
2013-04-08,-0.006352608218174134
2013-04-09,0.010743348081855661
2013-04-10,0.0001087943929169036
2013-04-11,-0.004353487929991448
2013-04-12,-0.005984134770802998
2013-04-15,-0.015232739046396208
2013-04-16,-0.008363049940606687
2013-04-17,-0.00825734455874108
2013-04-18,-0.013397754913546812
2013-04-19,0.001552180188474965
2013-04-22,-0.007583600804348472
2013-04-23,-0.009428396196431753
2013-04-24,-0.008403994933861798
2013-04-25,-0.01197679843053701
2013-04-26,0.00229450202286754
2013-04-29,-0.003756967509819539
2013-04-30,-0.011633974286289267
2013-05-01,-0.004457390060137644
2013-05-02,-0.010653490892626247
2013-05-03,-0.0006205139007327072
2013-05-06,-0.007948455979358466
2013-05-07,-0.006808351321357128
2013-05-08,-0.00216154345452846
2013-05-09,-0.0059601981500283716
2013-05-10,-0.012838267470310069
2013-05-13,-0.010069975447357146
2013-05-14,-0.01049212300194525
2013-05-15,-0.011028677826770094
2013-05-16,-0.0006344205980509257
2013-05-17,-0.005090638430867275
2013-05-20,-0.007330506186000773
2013-05-21,-0.004243417367579107
2013-05-22,-0.008153017439637108
2013-05-23,-0.010075478248740447
2013-05-24,-0.009682751422021199
2013-05-28,-0.001825290784974253
2013-05-29,-0.009041074798174651
2013-05-30,-0.010513538071320778
2013-05-31,-0.006777958940628137
2013-06-03,-0.004862312480098182
2013-06-04,-0.01183816649949215
2013-06-05,-0.007213057293489756
2013-06-06,-0.004313507846913612
2013-06-07,-0.00045880058356229103
2013-06-10,-0.004036158138452459
2013-06-11,-0.0005336602872051373
2013-06-12,-0.011912804347146758
2013-06-13,-0.013746348165578508
2013-06-14,-0.007938968215409268
2013-06-17,-0.004759187032347654
2013-06-18,-0.00530335254529863
2013-06-19,-0.006646361879137137
2013-06-20,0.00028157609558607287
2013-06-21,-0.0037323935802569836
2013-06-24,-0.011041482267544915
2013-06-25,0.0002760026984998127
2013-06-26,-0.0025088061075090287
2013-06-27,-0.004313496670957398
2013-06-28,-0.00640291774521078
2013-07-01,-0.0021511262538342407
2013-07-02,-0.009316661297021479
2013-07-03,-0.009611819866961272
2013-07-05,-0.006292417910157043
2013-07-08,-0.002000415303356367
2013-07-09,-0.008815289273299855
2013-07-10,-0.00921417069593074
2013-07-11,-0.010693568211628972
2013-07-12,0.00019098366771165814
2013-07-15,-0.004358835981386857
2013-07-16,-0.0065974730068743305
2013-07-17,-0.002027982598162132
2013-07-18,-0.00477257866953049
2013-07-19,-0.011093162835687585
2013-07-22,-0.006101176151255922
2013-07-23,-0.00806687805857332
2013-07-24,-0.001942439385178916
2013-07-25,-0.008937946942324668
2013-07-26,-0.01106105209897179
2013-07-29,-0.0075668337829817925
2013-07-30,-0.005917090117685646
2013-07-31,-0.009626488571882183
2013-08-01,-0.005858897825514013
2013-08-02,-0.010993202990149695
2013-08-05,-0.005295176063263428
2013-08-06,-0.007972418170992621
2013-08-07,-0.0025582690462785957
2013-08-08,-0.0017053706819206418
2013-08-09,-0.011671281514506388
2013-08-12,-0.009810218571066603
2013-08-13,-0.0035573605710172403
2013-08-14,-0.00174649853665239
2013-08-15,-0.011122316542591878
2013-08-16,-0.0027159816382026814
2013-08-19,-0.008755582363179448
2013-08-20,-0.0069289751199050065
2013-08-21,-0.004161769316202724
2013-08-22,-0.00998352755251617
2013-08-23,-0.005858191922621245
2013-08-26,-0.007917978924167467
2013-08-27,0.0007823546718916793
2013-08-28,-0.01070094160405711
2013-08-29,-0.0030428147015089894
2013-08-30,-0.004938167605777612
2013-09-03,0.001552975023523721
2013-09-04,-0.010246644250154494
2013-09-05,-0.003219938581773194
2013-09-06,-0.007602287614395331
2013-09-09,-0.004511268502825775
2013-09-10,-0.008969868157762588
2013-09-11,-0.005283963204871562
2013-09-12,-0.00838901315704
2013-09-13,-0.0052033642292446565
2013-09-16,-0.007722292257950953
2013-09-17,-0.004672080257788012
2013-09-18,-0.0060675687290086865
2013-09-19,-0.00906228985347602
2013-09-20,-0.006009302097367076
2013-09-23,0.0009653262973410583
2013-09-24,-0.010597238240287169
2013-09-25,-0.008887738896148384
2013-09-26,0.0017242986939803723
2013-09-27,-0.011702479552194273
2013-09-30,-0.005052045886414844
2013-10-01,-0.00380637963719811
2013-10-02,-0.00904944501800156
2013-10-03,-0.005001723077667271
2013-10-04,-0.009743770190932786
2013-10-07,-0.0049235903644973275
2013-10-08,-0.009184841099182727
2013-10-09,-0.011736715911312411
2013-10-10,0.0033869645979035996
2013-10-11,-0.006967155202122832
2013-10-14,-0.003145046035621074
2013-10-15,-0.009944506476453277
2013-10-16,-0.008475688550487533
2013-10-17,-0.0063104656763816715
2013-10-18,-8.428166166905273e-05
2013-10-21,-0.008027654843605014
2013-10-22,-0.001108289886133278
2013-10-23,-0.016650597356664968
2013-10-24,-0.006398489086521625
2013-10-25,-0.008799415177955443
2013-10-28,-0.004647389695140244
2013-10-29,-0.003169756062296926
2013-10-30,-0.006535301654323172
2013-10-31,-0.008686593578193406
2013-11-01,-0.011700064500269582
2013-11-04,-0.0059242985037345364
2013-11-05,-0.0014945408493935329
2013-11-06,-0.007719561860330889
2013-11-07,-0.013163664877705854
2013-11-08,-0.01147530581751352
2013-11-11,-0.00842798642617205
2013-11-12,-0.004051777283780244
2013-11-13,-0.0053163412534628415
2013-11-14,-0.0018767960102566371
2013-11-15,-0.004749656069823452
2013-11-18,-0.011985112713047977
2013-11-19,-0.013021619043935163
2013-11-20,-0.0030227378671413806
2013-11-21,-0.007989223318110672
2013-11-22,-0.008360468541007747
2013-11-25,-0.00703590300113313
2013-11-26,-0.005167617916319707
2013-11-27,-0.004974351061652505
2013-11-29,-0.007510869362149541
2013-12-02,-0.003026634975711136
2013-12-03,-0.005155053948338349
2013-12-04,-0.0029141518759296953
2013-12-05,-0.004002898759845469
2013-12-06,-0.0062419307795424685
2013-12-09,-0.00476471958114241
2013-12-10,-0.005829670525875864
2013-12-11,-0.0025950877481070783
2013-12-12,-0.00428111791804928
2013-12-13,-0.007375149868150946
2013-12-16,-0.004420608517084486
2013-12-17,-0.007827936925883837
2013-12-18,-0.002524466759264166
2013-12-19,-0.004861320991020797
2013-12-20,8.414476001106577e-05
2013-12-23,-0.0022487931668143733
2013-12-24,-0.0045061748029276635
2013-12-26,-0.0038823451701582067
2013-12-27,-0.004774860333628826
2013-12-30,-0.004411250272924133
2013-12-31,-0.0022797887875274283
2014-01-02,-7.052450673378056e-05
2014-01-03,-0.007127195329038677
2014-01-06,-0.010910446339965685
2014-01-07,-0.00561156203775209
2014-01-08,-0.005263953440950826
2014-01-09,-0.011404456729441178
2014-01-10,-0.007088941342230664
2014-01-13,-0.0012032535812676213
2014-01-14,-0.003393135630922259
2014-01-15,-0.006282122531041277
2014-01-16,-0.0051473517392392285
2014-01-17,-0.008768041920527603
2014-01-21,-0.007820879317894639
2014-01-22,-0.013669623925963728
2014-01-23,-0.0029040068268220602
2014-01-24,-0.012713743834092
2014-01-27,-0.007963044662874983
2014-01-28,0.0020657627589720905
2014-01-29,-0.00880100107904426
2014-01-30,0.00012331667524140364
2014-01-31,-0.003957608471616616
2014-02-03,-0.008820482927839334
2014-02-04,-0.0020227784215544617
2014-02-05,-0.0058260768024323535
2014-02-06,-0.012058262679238204
2014-02-07,-0.003592953120413547
2014-02-10,-0.010105816311747225
2014-02-11,-0.0034390001825177997
2014-02-12,-0.003945313567975109
2014-02-13,-0.01097838572576034
2014-02-14,-0.004212992368852152
2014-02-18,-0.0030683690603233523
2014-02-19,-0.01127872459703924
2014-02-20,-0.007227031078954857
2014-02-21,-0.007240776486299115
2014-02-24,-0.004513486979996438
2014-02-25,-0.006485848432851279
2014-02-26,-0.01109686586204199
2014-02-27,-0.008166193484361858
2014-02-28,-0.006570608173732241
2014-03-03,-0.004306068160526873
2014-03-04,-0.0016318476714615375
2014-03-05,-0.009528095845452859
2014-03-06,-0.008259266684311869
2014-03-07,-0.008525271926839393
2014-03-10,-0.010538472713988865
2014-03-11,-0.006072476783097808
2014-03-12,-0.008719948595313812
2014-03-13,-0.005907065394939432
2014-03-14,-0.011626209911739075
2014-03-17,-0.003039255486717852
2014-03-18,-0.003379696217162328
2014-03-19,-0.010967374020918068
2014-03-20,-0.015199623872104863
2014-03-21,-0.011644677421165432
2014-03-24,-0.005506032551739879
2014-03-25,-0.010203932426381962
2014-03-26,-0.00895195904521058
2014-03-27,-0.004060584660609368
2014-03-28,-0.0018985909969148878
2014-03-31,-0.00047522575102976455
2014-04-01,-0.003446226282433192
2014-04-02,-0.003540811564042756
2014-04-03,-0.012768896134369706
2014-04-04,-0.020377674079090094
2014-04-07,-0.003622577457121607
2014-04-08,-0.007089654732074756
2014-04-09,-0.003029386120906992
2014-04-10,0.003634809312936681
2014-04-11,-0.00638501687151892
2014-04-14,-0.004662400603502246
2014-04-15,-0.01427345110727753
2014-04-16,-0.005836868067863964
2014-04-17,-0.008114425021939117
2014-04-21,-0.004859364485081537
2014-04-22,-0.011986137511897851
2014-04-23,-9.24791767724989e-05
2014-04-24,-0.008537407020789301
2014-04-25,-0.005745244356090999
2014-04-28,-0.01577260775278801
2014-04-29,0.011126600359901147
2014-04-30,-0.009003713152139329
2014-05-01,-0.009089758624529529
2014-05-02,-0.005371122590093513
2014-05-05,-0.0066824478009956615
2014-05-06,-0.010646318783359726
2014-05-07,-0.017129716312412918
2014-05-08,-0.0013207533845846402
2014-05-09,-0.005968412930600457
2014-05-12,-0.005585255237719492
2014-05-13,-0.0016170553162284228
2014-05-14,-0.007412048485915975
2014-05-15,-0.002658711996615215
2014-05-16,-0.007168041680865987
2014-05-19,-0.0023987871050282477
2014-05-20,-0.004607286237324041
2014-05-21,-0.006624550343968722
2014-05-22,-0.004010927605958004
2014-05-23,-0.008321788743973307
2014-05-27,-0.00723656666909573
2014-05-28,-0.00543067166970589
2014-05-29,-0.0047382604399386664
2014-05-30,-0.005459476248844023
2014-06-02,-0.002540874893105961
2014-06-03,-0.007587869058448838
2014-06-04,-0.007614639942185503
2014-06-05,-0.0011045345365000231
2014-06-06,-0.007476123579167408
2014-06-09,-0.006250733992522662
2014-06-10,-0.0056292844357137455
2014-06-11,-0.0067735120761388354
2014-06-12,-0.010719214454793766
2014-06-13,-0.006895118241177053
2014-06-16,-0.005929547923623787
2014-06-17,-0.011518193720829843
2014-06-18,-0.004645475491067958
2014-06-19,-0.011569604134289063
2014-06-20,-0.01503442983434183
2014-06-23,-0.002982071147315747
2014-06-24,-0.01674801047583346
2014-06-25,-0.005198495416311583
2014-06-26,-0.008326316052420839
2014-06-27,-0.007146530540630648
2014-06-30,-0.002343488387051773
2014-07-01,-0.00038836067458424516
2014-07-02,-0.00668984369711946
2014-07-03,-0.0034648261522322883
2014-07-07,-0.0025660795141586963
2014-07-08,-0.010636345222003608
2014-07-09,-0.0035058802564205127
2014-07-10,-0.004019274423558007
2014-07-11,-0.010580999021684617
2014-07-14,-0.00191173857163341
2014-07-15,-0.005274170281178948
2014-07-16,-0.00730957211508457
2014-07-17,-0.0026993604228860006
2014-07-18,-0.005397073075022459
2014-07-21,-0.007232534157622285
2014-07-22,-0.006784431582517786
2014-07-23,-0.0069959731457604445
2014-07-24,-0.006905792603046256
2014-07-25,-0.0074771583487976065
2014-07-28,-0.00396275382298499
2014-07-29,-0.005679732532260846
2014-07-30,-0.009974143071292359
2014-07-31,-0.0016185744348557692
2014-08-01,-0.007546237908215274
2014-08-04,-0.0014315344189802714
2014-08-05,-0.0031429547877508115
2014-08-06,-0.013195555859928694
2014-08-07,-0.006938858499285071
2014-08-08,-0.005679128637607035
2014-08-11,0.0011859061353921268
2014-08-12,-0.005107509122128342
2014-08-13,-0.00700701452356498
2014-08-14,-0.005374100072271625
2014-08-15,-0.003183568447412833
2014-08-18,0.0008148660001161788
2014-08-19,-0.0012876542462745572
2014-08-20,-0.006689075061812865
2014-08-21,-0.004377551662777585
2014-08-22,-0.0015037073126554427
2014-08-25,-0.004829191842815662
2014-08-26,-0.0051255053275065824
2014-08-27,-0.0013807517028547834
2014-08-28,-0.006320465738121428
2014-08-29,-0.005389204703761054
2014-09-02,-0.0010136429152816425
2014-09-03,-0.00477870286360989
2014-09-04,-0.0025627486261708965
2014-09-05,-0.007462925537288161
2014-09-08,-0.0023835826155611277
2014-09-09,-0.0034524889077633767
2014-09-10,-0.0046201962145420656
2014-09-11,-0.007075143382874971
2014-09-12,-0.0044841703914605
2014-09-15,-0.004962477541123802
2014-09-16,-0.0023891133099211677
2014-09-17,-0.0036615847381977515
2014-09-18,-0.012495009034233822
2014-09-19,-0.00404391915486237
2014-09-22,-0.004157266587341471
2014-09-23,-0.004261019731924812
2014-09-24,-0.010004755765399668
2014-09-25,-0.005604748111662809
2014-09-26,-0.011455389151514487
2014-09-29,-0.012770674032480788
2014-09-30,-0.0004889886848185301
2014-10-01,-0.0037418575399169275
2014-10-02,-0.01389992127417937
2014-10-03,-0.005853446098573042
2014-10-06,-0.0036793010464598406
2014-10-07,-0.005868158752388155
2014-10-08,-0.008171464082544669
2014-10-09,-0.016308920759759937
2014-10-10,-0.014770932721601158
2014-10-13,-0.01068066451468366
2014-10-14,-0.018225733630970773
2014-10-15,-0.0005727910191082675
2014-10-16,-0.01978554696718949
2014-10-17,-0.0004493432526768647
2014-10-20,-0.005605737932177748
2014-10-21,-0.006389687845953692
2014-10-22,0.004674878050129531
2014-10-23,-0.0017925481704742941
2014-10-24,-0.012309980280668651
2014-10-27,-0.014791567188494269
2014-10-28,0.0035614745785967003
2014-10-29,-0.005754339638633488
2014-10-30,-0.0026593285921141414
2014-10-31,0.0030722454958616308
2014-11-03,-0.001214919973887449
2014-11-04,-0.020931182241859365
2014-11-05,0.002810102567253998
2014-11-06,-0.004119277583514521
2014-11-07,-0.01378791727238306
2014-11-10,-0.0006633552211040899
2014-11-11,-0.006597125971353242
2014-11-12,-0.007142688142381095
2014-11-13,-0.012993615627423358
2014-11-14,-0.002836806195115431
2014-11-17,-0.0043443498361279385
2014-11-18,-0.0058244713398307784
2014-11-19,-0.008892574475258107
2014-11-20,-0.0062415689732974065
2014-11-21,-0.008362485996061882
2014-11-24,0.0016396223422291403
2014-11-25,-0.01306542716554788
2014-11-26,-0.011028741569350308
2014-11-28,-0.04261947157059882
2014-12-01,-0.0021199029147248435
2014-12-02,-0.01376752092662537
2014-12-03,-0.010523882551053285
2014-12-04,-0.002702232596907914
2014-12-05,-0.008974520188795746
2014-12-08,-0.020980163220520195
2014-12-09,0.004668548818378894
2014-12-10,-0.006369872999785163
2014-12-11,-0.013318709186288694
2014-12-12,-0.01064524967372793
2014-12-15,-0.005097926512945748
2014-12-16,-0.007471254995151628
2014-12-17,-0.027579279896013303
2014-12-18,-0.004719865252367592
2014-12-19,-0.002589315298767317
2014-12-22,0.008690155591081598
2014-12-23,-0.010806219261822283
2014-12-24,0.002032212922934604
2014-12-26,-0.013787562243297446
2014-12-29,-0.00448180270550787
2014-12-30,-0.0053601395277004076
2014-12-31,-0.0069068394899829645
2015-01-02,-0.007264906996668534
2015-01-05,0.004781255431028611
2015-01-06,-0.01283094028708498
2015-01-07,-0.004817522374171328
2015-01-08,0.003684108579573466
2015-01-09,-0.009218287738377708
2015-01-12,-0.0012194528946051306
2015-01-13,-0.011231349542087876
2015-01-14,-0.01533723104537787
2015-01-15,-0.007259603786335502
2015-01-16,-0.004718345406856092
2015-01-20,-0.005449606658498808
2015-01-21,-0.007908991906675007
2015-01-22,-0.004135854765362071
2015-01-23,-0.006033067076803225
2015-01-26,-0.01149669630449384
2015-01-27,-0.015810011849938094
2015-01-28,0.006282507100982396
2015-01-29,-0.011787523315048568
2015-01-30,0.0021889435413543212
2015-02-02,-0.018646743066486463
2015-02-03,-0.010442076439188267
2015-02-04,-0.002624494974885032
2015-02-05,-0.001949796588661813
2015-02-06,-0.00609326485176856
2015-02-09,-0.008702999010516136
2015-02-10,0.0028866941523903837
2015-02-11,-0.011756193726233707
2015-02-12,-0.0019702752922865423
2015-02-13,-0.006349827199363265
2015-02-17,-0.00496340834899571
2015-02-18,-0.004427474966938437
2015-02-19,-0.011218263784754413
2015-02-20,-0.01222719295674381
2015-02-23,-0.0057491825042527605
2015-02-24,-0.0027563476662481393
2015-02-25,-0.005143034665094003
2015-02-26,-0.0005957828516879845
2015-02-27,-0.005964807052171466
2015-03-02,-0.007894571579615563
2015-03-03,-0.006888208673708476
2015-03-04,-0.004913334561718654
2015-03-05,0.0011998424191215296
2015-03-06,-0.007658456470000385
2015-03-09,-0.010916098616233745
2015-03-10,-0.004095999097830037
2015-03-11,-0.010708276024302011
2015-03-12,-0.005586613847222473
2015-03-13,-0.0044810114893764
2015-03-16,-0.009807503991126974
2015-03-17,-0.01114147260410758
2015-03-18,-0.010068747554074334
2015-03-19,0.0017883584800096677
2015-03-20,-0.0005720282227255416
2015-03-23,-0.007116875654159565
2015-03-24,-0.006673011457561623
2015-03-25,0.002426491753903453
2015-03-26,-0.007700918507693041
2015-03-27,-0.0024095028739907127
2015-03-30,-0.0004044949264952668
2015-03-31,-0.0016797680186538492
2015-04-01,-0.005525059540427502
2015-04-02,-0.008959519552960099
2015-04-06,-0.009205336844727952
2015-04-07,-0.0036737021471541014
2015-04-08,-0.009101919362423428
2015-04-09,-0.001329258918164421
2015-04-10,-0.0031963471830095957
2015-04-13,-0.003044997788640553
2015-04-14,-0.0042585887832193876
2015-04-15,-0.011377700508312452
2015-04-16,0.0068588896764025025
2015-04-17,-0.004498756053506475
2015-04-20,-0.0028456660180161833
2015-04-21,-0.007517057884080976
2015-04-22,-0.006899223674312781
2015-04-23,-0.00469333297745781
2015-04-24,0.0056098310911618585
2015-04-27,-0.0051483374911920655
2015-04-28,-0.010609030956727994
2015-04-29,-0.00777759651618716
2015-04-30,-0.010360192273569026
2015-05-01,0.001413591655729159
2015-05-04,-0.008670125633478699
2015-05-05,-0.00371100928150689
2015-05-06,-0.008412944118054568
2015-05-07,-0.015945725507730067
2015-05-08,-0.002546233973856112
2015-05-11,-0.008065410913491248
2015-05-12,-6.642608512702312e-06
2015-05-13,-0.007466643368963218
2015-05-14,-0.014121585085412725
2015-05-15,0.0037784563840689324
2015-05-18,-0.007700836859613948
2015-05-19,-0.011982444118538394
2015-05-20,-0.004273890618201444
2015-05-21,-0.004582337741878732
2015-05-22,-0.004787036649783348
2015-05-26,-0.006015109439536221
2015-05-27,-0.020815656270440505
2015-05-28,-0.008146869850681299
2015-05-29,-0.004835324662196892
2015-06-01,-0.0064868932693277846
2015-06-02,-0.0076778972681992436
2015-06-03,-0.005870427308711809
2015-06-04,-0.008284253307985106
2015-06-05,-0.003673311387645272
2015-06-08,-0.002636687252567495
2015-06-09,-0.003380432575240303
2015-06-10,-0.00698273447511431
2015-06-11,-0.004595667911567413
2015-06-12,-0.001800346477816273
2015-06-15,-0.0005895132305821695
2015-06-16,-0.0049385557188629595
2015-06-17,-0.00689323517224906
2015-06-18,-0.01149584541759897
2015-06-19,-0.007976278841384852
2015-06-22,-0.007897829612444833
2015-06-23,-0.004162547093349832
2015-06-24,-0.0058188111559531654
2015-06-25,-0.003463814756075597
2015-06-26,-0.003862042076160559
2015-06-29,-0.00251723592236953
2015-06-30,-0.005057335130993579
2015-07-01,-0.0029883659550366476
2015-07-02,-0.003962077756561158
2015-07-06,-0.0018304051846607708
2015-07-07,-0.006957884327005973
2015-07-08,-0.011420140709900278
2015-07-09,-0.005693940237690282
2015-07-10,-0.005674999994034578
2015-07-13,-0.00530219461382102
2015-07-14,0.001658332762148953
2015-07-15,-0.007639096446089356
2015-07-16,-0.008786541674764366
2015-07-17,-0.007072938503618623
2015-07-20,-0.018083564422927332
2015-07-21,-0.006730171586603904
2015-07-22,-0.004970709229717323
2015-07-23,-0.001280414972106481
2015-07-24,-0.005950084008610269
2015-07-27,0.0003311328216111945
2015-07-28,-0.004766028781014008
2015-07-29,-0.0032203683112380123
2015-07-30,-0.004609188726160743
2015-07-31,-0.005363124858051823
2015-08-03,-0.012809503977302975
2015-08-04,-0.011862557316580173
2015-08-05,-0.0164310997205081
2015-08-06,0.006376695614625103
2015-08-07,0.0009526634566137185
2015-08-10,-0.004312430155359625
2015-08-11,-0.005044024357377223
2015-08-12,-0.011208674997704601
2015-08-13,0.005555181988486911
2015-08-14,-0.01894103556215768
2015-08-17,0.000608509850838105
2015-08-18,-0.0075543134411572175
2015-08-19,0.003677098144242427
2015-08-20,-0.004551539789769587
2015-08-21,-0.005918225499473101
2015-08-24,-0.0022627527009444932
2015-08-25,-0.0035780687898049556
2015-08-26,-0.0007766211123725643
2015-08-27,0.016588376230864958
2015-08-28,-0.01206679741066868
2015-08-31,-0.02019370063498443
2015-09-01,0.0015486093816638735
2015-09-02,-0.0031628943483442973
2015-09-03,-0.004437800869407879
2015-09-04,-0.0022424333312398297
2015-09-08,-0.0014723566989273589
2015-09-09,-0.012624244339228008
2015-09-10,-0.017514330541890746
2015-09-11,-0.01160886959077215
2015-09-14,-0.0069148513710703885
2015-09-15,-0.00958945114801598
2015-09-16,0.0060054176464034575
2015-09-17,-0.004293389575767166
2015-09-18,-0.012168792717864085
2015-09-21,-0.009074593573162164
2015-09-22,-0.011306508799447619
2015-09-23,-0.013425148222345938
2015-09-24,-0.0014647505470890198
2015-09-25,-0.013590452621422208
2015-09-28,-0.016754588025801896
2015-09-29,-0.0063380534711573525
2015-09-30,-0.006503287827751621
2015-10-01,-0.015179683473843983
2015-10-02,0.0025384538284066813
2015-10-05,0.000939569789913686
2015-10-06,-0.017526974337640958
2015-10-07,-0.010280441979888264
2015-10-08,-0.007150677374399443
2015-10-09,-0.0005470784900904364
2015-10-12,-0.019815155572351043
2015-10-13,-0.009386129260409031
2015-10-14,-0.0009583995400766427
2015-10-15,-0.011351903758955676
2015-10-16,-0.014256973246656694
2015-10-19,-0.0043715154263464515
2015-10-20,0.00013153395418994372
2015-10-21,-0.008753782169274475
2015-10-22,-0.021323790033690258
2015-10-23,0.005876877495092803
2015-10-26,-0.013819539832962354
2015-10-27,-0.0222537822660255
2015-10-28,0.006744475004415339
2015-10-29,-0.00502206885925713
2015-10-30,-0.003432081111975136
2015-11-02,-0.010727447829859198
2015-11-03,-0.004424863443178927
2015-11-04,-0.004213712342848791
2015-11-05,-0.014743590240330305
2015-11-06,-0.0016498851659236197
2015-11-09,-0.005545649592038392
2015-11-10,-0.007562245701562387
2015-11-11,-0.017660753971836113
2015-11-12,-0.006948228850903416
2015-11-13,0.0010626566356918329
2015-11-16,-0.014212560684726039
2015-11-17,-0.006184849693009212
2015-11-18,-0.007674758893333107
2015-11-19,0.010809012817246975
2015-11-20,-0.006163476244244606
2015-11-23,-0.008823583374624792
2015-11-24,-0.009574023059372978
2015-11-25,-0.001535318221487312
2015-11-27,-0.011697780026130469
2015-11-30,0.006347728658103093
2015-12-01,-0.011344249622678014
2015-12-02,-0.013908156688204111
2015-12-03,-0.006326698895155382
2015-12-04,-0.0020068751728293255
2015-12-07,-0.00604906679459326
2015-12-08,-0.007905650150769005
2015-12-09,0.0012682717721074453
2015-12-10,-0.012812500222201744
2015-12-11,-0.00637586164164582
2015-12-14,-0.009207467570277204
2015-12-15,-0.005942147973161059
2015-12-16,-0.0023446284246461937
2015-12-17,-0.018487443023754213
2015-12-18,-0.008436446908844642
2015-12-21,-0.009484843431141997
2015-12-22,-0.003232833713022603
2015-12-23,0.010536214916333792
2015-12-24,-0.004873381401375374
2015-12-28,-0.010040734035483324
2015-12-29,-0.0013887155056587909
2015-12-30,-0.01443998251603093
2015-12-31,0.0034365692611606907
2016-01-04,-0.025052168570974136
2016-01-05,-0.0043396827275900066
2016-01-06,0.005951885952646557
2016-01-07,-0.010886892105889936
2016-01-08,-0.009274039854801129
2016-01-11,-0.0027875026612026307
2016-01-12,-0.0087871858570796
2016-01-13,-0.013949172946411128
2016-01-14,-0.00399150300648877
2016-01-15,-0.003453902768981552
2016-01-19,-0.015710109533494797
2016-01-20,-0.007614125880653928
2016-01-21,-0.010539393325027333
2016-01-22,-0.0029486870956070303
2016-01-25,-0.014131775640603306
2016-01-26,-0.009606417789361527
2016-01-27,-0.008041722900904845
2016-01-28,-0.01952358143999557
2016-01-29,-0.00692820917508145
2016-02-01,-0.005628666994677994
2016-02-02,0.0028683440902010342
2016-02-03,-0.013747422360748574
2016-02-04,-0.014373779960084028
2016-02-05,-0.012476061914896412
2016-02-08,-0.021805431093333463
2016-02-09,-0.000888922000242127
2016-02-10,-0.018706543229500612
2016-02-11,-0.0026305134426766468
2016-02-12,-0.00021999062815001268
2016-02-16,-0.0011959622588855572
2016-02-17,0.0005633454863845336
2016-02-18,-0.0019269027329423113
2016-02-19,-0.010767316905642435
2016-02-22,0.0015187760580171591
2016-02-23,-0.0017241867403492202
2016-02-24,0.0005052042349422536
2016-02-25,0.002044328683184802
2016-02-26,-0.0021095393105143414
2016-02-29,-0.012720912807186218
2016-03-01,-0.012918723337730191
2016-03-02,0.0020196284099360823
2016-03-03,-0.016422505763529733
2016-03-04,-0.005949896507442955
2016-03-07,-0.001020726063244685
2016-03-08,-0.01736900991816901
2016-03-09,-0.005688853062048865
2016-03-10,-0.014089633344996282
2016-03-11,-0.008693542654056478
2016-03-14,-0.0011528450469058434
2016-03-15,-0.01661746697552692
2016-03-16,-0.010083467369411368
2016-03-17,-0.015902062403255122
2016-03-18,-0.003254083094007507
2016-03-21,-0.0033339854251958987
2016-03-22,-0.010644380700035849
2016-03-23,0.001196933258475529
2016-03-24,-0.0027449917193480633
2016-03-28,-0.003646869042893377
2016-03-29,-0.005114256631028777
2016-03-30,0.0011934007961150956
2016-03-31,-0.003915109081274475
2016-04-01,-0.002588642091202825
2016-04-04,-0.008933996927582993
2016-04-05,-0.0010242774707592498
2016-04-06,-0.0059723455161679
2016-04-07,-0.0034659586164659008
2016-04-08,-0.018365741454905604
2016-04-11,-0.018494867559330087
2016-04-12,-0.02734213319619121
2016-04-13,0.0041033148484405264
2016-04-14,-0.0004903499537786682
2016-04-15,-0.004411032317828876
2016-04-18,-0.006730838441191497
2016-04-19,-0.0011702036791638804
2016-04-20,-0.0068595402410650055
2016-04-21,-0.0019154555697205788
2016-04-22,-0.00692124549820048
2016-04-25,-0.0015213239675556274
2016-04-26,-0.00397688925539731
2016-04-27,-0.01651684240793381
2016-04-28,-0.004498156427205826
2016-04-29,-0.0032767966878240054
2016-05-02,-0.0009342458673027047
2016-05-03,-0.013956265556587556
2016-05-04,-0.010590409763548636
2016-05-05,-0.002663950482264948
2016-05-06,-0.016478725718273322
2016-05-09,-0.0029670394186260126
2016-05-10,-0.00029226036766161374
2016-05-11,-0.0176365657819438
2016-05-12,-0.0063114740544428505
2016-05-13,-0.0015937275809862214
2016-05-16,-0.013463073938008968
2016-05-17,-0.007191284859272253
2016-05-18,-0.009556394076777473
2016-05-19,0.005920080652640616
2016-05-20,-0.005841027557220973
2016-05-23,-0.004937624281127444
2016-05-24,-0.004087314552855501
2016-05-25,-0.0026818974516699496
2016-05-26,0.0004921523559542843
2016-05-27,-0.007371000048620193
2016-05-31,-0.004545815662841915
2016-06-01,-0.006156576477032209
2016-06-02,-0.009044089082098203
2016-06-03,-0.00826579738076014
2016-06-06,-0.010517983776615305
2016-06-07,-0.0077134257184235545
2016-06-08,-0.009118572511122214
2016-06-09,-0.009403289459555141
2016-06-10,-0.008191580993453431
2016-06-13,-0.0026020236082617216
2016-06-14,-0.014277817769956428
2016-06-15,-0.003388542699497725
2016-06-16,-0.003263957741261466
2016-06-17,0.0008781433975438933
2016-06-20,-0.007046721344681718
2016-06-21,-0.009201212914178816
2016-06-22,-0.00700154709719117
2016-06-23,-0.0012779475083834766
2016-06-24,0.002280044845480154
2016-06-27,-0.0179133676404331
2016-06-28,0.00305401247636924
2016-06-29,-0.004258137208373438
2016-06-30,-0.0049614023928100165
2016-07-01,-0.004961857848925954
2016-07-05,-0.000444966513075116
2016-07-06,-0.015750419956845327
2016-07-07,0.00014738884591221964
2016-07-08,-0.009506837975289078
2016-07-11,-0.005029443993903445
2016-07-12,-0.0012254850141475942
2016-07-13,-0.0012904134886762043
2016-07-14,-0.003717303004715445
2016-07-15,-0.009145425645505323
2016-07-18,-0.004796451293425102
2016-07-19,-0.005587458068358897
2016-07-20,0.00230764415889503
2016-07-21,-0.015055727800888312
2016-07-22,-0.007790463742748605
2016-07-25,-0.004906555449924198
2016-07-26,-0.0019923354661568003
2016-07-27,-0.001929388242701056
2016-07-28,-0.007106056262444498
2016-07-29,-0.0018637219931745544
2016-08-01,0.0017629409229904984
2016-08-02,0.0017513810425523486
2016-08-03,-0.0036774371907079247
2016-08-04,-0.006846588532749345
2016-08-05,-0.00851698541075697
2016-08-08,-0.0024441819694500876
2016-08-09,0.002934154030638512
2016-08-10,-0.007419088377054597
2016-08-11,-0.0004500379620016653
2016-08-12,-0.006278213699704769
2016-08-15,-0.0006551483137702137
2016-08-16,-0.01071012595722004
2016-08-17,-0.008309409837609517
2016-08-18,-0.00331813316537264
2016-08-19,-8.427397894737731e-05
2016-08-22,-0.0006670794791952162
2016-08-23,-0.004678408245895528
2016-08-24,-0.007824314758432009
2016-08-25,-0.012555672267784122
2016-08-26,-0.0036623940119387814
2016-08-29,-0.0038823461541117486
2016-08-30,-0.002573658671348559
2016-08-31,-0.0035684421918726725
2016-09-01,-0.007638439590201157
2016-09-02,-0.00225332601818716
2016-09-06,-0.009107576344581307
2016-09-07,-0.005351108214547589
2016-09-08,-0.0024854584498686326
2016-09-09,-0.006822651917350495
2016-09-12,-0.00506729007032071
2016-09-13,-0.01155712055776537
2016-09-14,-0.014441795845950737
2016-09-15,-0.0078444889154186
2016-09-16,-0.012376198274570007
2016-09-19,0.0027900354813099864
2016-09-20,-0.008092663364148128
2016-09-21,-0.001117652307564252
2016-09-22,-0.0022714332149142316
2016-09-23,-0.0069101148194896985
2016-09-26,0.00039775650134599855
2016-09-27,-0.0010545864190774088
2016-09-28,0.011731781979939543
2016-09-29,-0.005387224553103398
2016-09-30,-0.006502267532320636
2016-10-03,-0.006930742522315885
2016-10-04,-0.005735303707634287
2016-10-05,-0.0044957592859508925
2016-10-06,0.0004336326340778794
2016-10-07,-0.009133953576155273
2016-10-10,-0.0036101833753937104
2016-10-11,-0.009248375306480726
2016-10-12,-0.011573961747907896
2016-10-13,0.004901412666943031
2016-10-14,-0.003972053739794697
2016-10-17,-0.004371282569515845
2016-10-18,0.0014112769616813781
2016-10-19,0.00039166271590504627
2016-10-20,-0.004007051456375565
2016-10-21,-0.0019533047586235844
2016-10-24,-0.008299858935283504
2016-10-25,-0.01348834119284378
2016-10-26,-0.012984080439380385
2016-10-27,-0.003586013755832913
2016-10-28,0.0011376481414369748
2016-10-31,-0.010180356237980396
2016-11-01,-0.0041356098415989175
2016-11-02,-0.006058698783275059
2016-11-03,-0.0038084343012417914
2016-11-04,-0.00353111924381784
2016-11-07,-0.010643387072061375
2016-11-08,-0.008998452397415627
2016-11-09,0.010226896534542292
2016-11-10,-0.01635931830733892
2016-11-11,-0.0019058773142968397
2016-11-14,-0.011672156671337731
2016-11-15,-0.009899152252875219
2016-11-16,-0.005823491906158667
2016-11-17,-0.008582188233304899
2016-11-18,-0.0038271844145726956
2016-11-21,-0.015909952169723886
2016-11-22,-0.006741369802229495
2016-11-23,-0.003356019678635455
2016-11-25,-0.0015495397208543336
2016-11-28,-0.012894573375766598
2016-11-29,-0.01027113854541228
2016-11-30,0.022788372497996964
2016-12-01,-0.012730028035772872
2016-12-02,0.0015357911636225338
2016-12-05,-0.007638215343727736
2016-12-06,-0.006332924440194797
2016-12-07,-0.0032132614269692592
2016-12-08,-0.00328825416460659
2016-12-09,-0.00290644640911712
2016-12-12,-0.007135572632308051
2016-12-13,-0.011307821525776288
2016-12-14,-0.004396486752877428
2016-12-15,-0.011693182403928755
2016-12-16,-0.0073967744245672104
2016-12-19,-0.002684523836614848
2016-12-20,-0.0065392020045129265
2016-12-21,-0.003297246023222932
2016-12-22,-0.0007843574437729657
2016-12-23,-0.006100513893886188
2016-12-27,-0.005317151040006853
2016-12-28,-0.004661086750772194
2016-12-29,-0.006636331489538456
2016-12-30,-0.005118305601674944
2017-01-03,-0.007227608775950557
2017-01-04,-0.006254964207409059
2017-01-05,-0.006466163589826431
2017-01-06,-0.004163577870904503
2017-01-09,-0.0039944277951152385
2017-01-10,-0.001670711263449788
2017-01-11,-0.004939373167983778
2017-01-12,-0.00468663970837814
2017-01-13,-0.004525237223265145
2017-01-17,-0.007188370229003472
2017-01-18,-0.006665150691891797
2017-01-19,0.00597460147807709
2017-01-20,-0.0016036734116323223
2017-01-23,-0.0036709474600121004
2017-01-24,-0.0033207166254441037
2017-01-25,-0.003923265892908366
2017-01-26,0.0010331154202727483
2017-01-27,-0.005331277259294073
2017-01-30,-0.0016986607417176754
2017-01-31,-0.017320947644962663
2017-02-01,-0.0072726310766945005
2017-02-02,-0.005583649121467587
2017-02-03,-0.006125893991041681
2017-02-06,-0.002676574186782015
2017-02-07,-0.0011796761377994222
2017-02-08,-0.005877084965607978
2017-02-09,-0.008436655672381199
2017-02-10,-0.0018407354056083707
2017-02-13,-0.007396911414664097
2017-02-14,-0.007423378704285026
2017-02-15,-0.006074807518998943
2017-02-16,-0.002350975983876901
2017-02-17,-0.005838062481748254
2017-02-21,0.0007075605237361836
2017-02-22,-0.002899003587083117
2017-02-23,-0.00804503622926932
2017-02-24,-0.009236303612618069
2017-02-27,-0.0039209148110495575
2017-02-28,-0.006117061138657816
2017-03-01,-0.006619613206423458
2017-03-02,-0.0001621929386318036
2017-03-03,-0.008104603467157533
2017-03-06,-0.0052955963786648665
2017-03-07,-0.0016113815973352826
2017-03-08,-0.002784117551418719
2017-03-09,-0.004905130019805475
2017-03-10,-0.0032658415599070953
2017-03-13,-0.0079268455487113
2017-03-14,-0.004618596375556109
2017-03-15,-0.004101445690146524
2017-03-16,0.0011951189771454871
2017-03-17,-0.001755349092691487
2017-03-20,-0.00322957641952555
2017-03-21,-0.003742733269120238
2017-03-22,-0.0017881966455235553
2017-03-23,-0.0033943345160490947
2017-03-24,-0.0016113914278770517
2017-03-27,-0.0059744842881619825
2017-03-28,-0.0016628782976328223
2017-03-29,-0.007807136003363568
2017-03-30,-0.0033166112111349924
2017-03-31,-0.001173636449876175
2017-04-03,-0.005789390420803637
2017-04-04,-0.0060355686025079895
2017-04-05,-0.002204839391658984
2017-04-06,-0.006512492439234414
2017-04-07,-0.0044821144294152765
2017-04-10,-0.006842985280628808
2017-04-11,-0.006210020202696046
2017-04-12,-0.007867822133230808
2017-04-13,-0.007864401891348547
2017-04-17,-0.0033200656405363927
2017-04-18,-0.003822729348379459
2017-04-19,-0.0046148965999057
2017-04-20,-0.003835656820432733
2017-04-21,-0.006761951056840812
2017-04-24,-0.0031799832697016034
2017-04-25,-0.0018163827730965287
2017-04-26,-0.0031651271907850937
2017-04-27,0.0017402828118797987
2017-04-28,-0.005285988934539021
2017-05-01,-0.006294189110846142
2017-05-02,-0.0019869630540026674
2017-05-03,-0.007532592930268136
2017-05-04,-0.00914745523515939
2017-05-05,0.0052346165082417465
2017-05-08,-0.005240905726203994
2017-05-09,-0.0028232914727327743
2017-05-10,0.003432727745475494
2017-05-11,-0.004598699181049619
2017-05-12,-0.005474720410723744
2017-05-15,-0.004777641546909276
2017-05-16,-0.007249615282114524
2017-05-17,0.002279891669194005
2017-05-18,-0.005238429591613191
2017-05-19,-0.0023001069906808183
2017-05-22,-0.0014222295250030225
2017-05-23,-0.0038096083088509187
2017-05-24,-0.006679669124492063
2017-05-25,-0.01025320093039522
2017-05-26,-0.004438209040240879
2017-05-30,-0.002381831367737365
2017-05-31,-0.004578015048797591
2017-06-01,-0.006556912046338583
2017-06-02,-0.0018336747896490267
2017-06-05,-0.0028381457389821717
2017-06-06,-0.004308330680337792
2017-06-07,0.002905743328075862
2017-06-08,-0.0027815450450786577
2017-06-09,0.0009863640478054055
2017-06-12,-0.009148634356812018
2017-06-13,-0.00521690387051215
2017-06-14,-0.00378596669589792
2017-06-15,-0.012673351708062872
2017-06-16,-0.004190110411284894
2017-06-19,-0.0005347895747330532
2017-06-20,-0.012083089608800564
2017-06-21,-0.007355694570190527
2017-06-22,-0.004125886790211062
2017-06-23,-0.00544931250914399
2017-06-26,-0.00012043259306794476
2017-06-27,-0.007378115074811179
2017-06-28,-0.004173291678199383
2017-06-29,0.002710856387126419
2017-06-30,-0.0027060528545400685
2017-07-03,-0.004627750462667451
2017-07-05,0.0036495360529497124
2017-07-06,-0.004168961010697229
2017-07-07,-0.00426743373378293
2017-07-10,-0.009730813302856137
2017-07-11,-0.007636378287613748
2017-07-12,-0.004090111606742285
2017-07-13,-0.0034407353977110185
2017-07-14,0.0002284482450456071
2017-07-17,-0.00427324267268706
2017-07-18,-4.5406460225430254e-05
2017-07-19,-0.008796891293385203
2017-07-20,-0.005187053875699758
2017-07-21,-0.0066571756267064346
2017-07-24,-0.00920676826016709
2017-07-25,-0.0030477409213742583
2017-07-26,-0.003315733952468626
2017-07-27,0.003572956503812145
2017-07-28,-0.008210801294690729
2017-07-31,-0.007752345438928748
2017-08-01,-0.008795113481013384
2017-08-02,-0.00781340171984375
2017-08-03,-0.004330940501650457
2017-08-04,-0.006839861959737079
2017-08-07,-0.00341571304338036
2017-08-08,-0.002418867745569023
2017-08-09,-0.007450605688645991
2017-08-10,0.0006624780524141722
2017-08-11,-0.00875613235311595
2017-08-14,0.0014123232218182383
2017-08-15,-0.009851935786533591
2017-08-16,-0.0058067524748729865
2017-08-17,-0.0032485768130387474
2017-08-18,-0.005758529146058396
2017-08-21,-0.005845604981195022
2017-08-22,-0.003928631690695716
2017-08-23,-0.0035528669386019527
2017-08-24,-0.004394298178594828
2017-08-25,0.0019831427341900354
2017-08-28,-0.004657242798611323
2017-08-29,-0.0052707613295299325
2017-08-30,-0.008665184770247115
2017-08-31,-0.008173493515546942
2017-09-01,-0.0031958001853680928
2017-09-05,-0.0017846878749907232
2017-09-06,-0.00451829320957943
2017-09-07,-0.006290144605366452
2017-09-08,-0.00543051343158692
2017-09-11,-0.004734139433750114
2017-09-12,-0.0009575341784348211
2017-09-13,-0.006480338228746722
2017-09-14,-0.0032861501229686733
2017-09-15,-0.0026267348954689064
2017-09-18,-0.004212032747441154
2017-09-19,-0.005090957685882681
2017-09-20,-0.005641141868364543
2017-09-21,-0.0078050812970108865
2017-09-22,-0.002486564157018858
2017-09-25,-0.004951738726248753
2017-09-26,-0.004251349264590015
2017-09-27,-0.00040824316960336084
2017-09-28,-0.004575853800941839
2017-09-29,-0.009839973871539776
2017-10-02,-0.004009447595852206
2017-10-03,-0.0006225159744937827
2017-10-04,-0.002719749342036417
2017-10-05,-0.0028793537994254393
2017-10-06,-0.005097731039330044
2017-10-09,-0.00422020532870464
2017-10-10,-0.005201501912297682
2017-10-11,-0.0067380984835918
2017-10-12,-0.007502729050422132
2017-10-13,-0.00451882359170943
2017-10-16,-0.0013958278567067287
2017-10-17,-0.002335156401592325
2017-10-18,-0.005393960008530881
2017-10-19,-0.003784744534030824
2017-10-20,-0.004743416812974107
2017-10-23,-0.0022143785066907284
2017-10-24,-0.003868205939967304
2017-10-25,-0.0077648274385801585
2017-10-26,0.0009996413698302176
2017-10-27,-0.004854213222051922
2017-10-30,-0.004494251175625777
2017-10-31,-0.01129919293842865
2017-11-01,-0.006349023883978687
2017-11-02,-0.008988972679755122
2017-11-03,-0.0025798048452201875
2017-11-06,0.0024407018801116146
2017-11-07,-0.013274855023008864
2017-11-08,-0.006611821391522708
2017-11-09,0.0011995575032804915
2017-11-10,-0.001028238945369209
2017-11-13,-0.0020877853879573112
2017-11-14,-0.0045036432331336885
2017-11-15,-0.0061781586882686985
2017-11-16,-0.006307010161485025
2017-11-17,0.0020478073109515566
2017-11-20,-0.0016645096667148671
2017-11-21,-0.005193643300251141
2017-11-22,-0.007093698312198321
2017-11-24,-0.0035585254089942875
2017-11-27,-0.004012199322464597
2017-11-28,-0.00297739328877303
2017-11-29,-0.01604069966159733
2017-11-30,-0.005744020655559425
2017-12-01,-0.0007001893105433943
2017-12-04,0.0005926423143870611
2017-12-05,-0.004015506874565675
2017-12-06,-0.0013504068226199203
2017-12-07,-0.0029935942009224423
2017-12-08,-0.005487068952081065
2017-12-11,-0.0027177512824104865
2017-12-12,-0.006129235412076913
2017-12-13,-0.004880243748982342
2017-12-14,-0.0007777508177503646
2017-12-15,-0.008060996776351897
2017-12-18,0.0016636173368136482
2017-12-19,-0.008709588283829508
2017-12-20,-0.004820027164175225
2017-12-21,-0.006021457609326988
2017-12-22,-0.006800778651451224
2017-12-26,-0.0036211856211001855
2017-12-27,-0.0038038863211402973
2017-12-28,-0.0021292640547654965
2017-12-29,-0.005958797092484842
2018-01-02,-0.0026663584555737113
2018-01-03,-0.006754578474855317
2018-01-04,0.00046217542014286885
2018-01-05,-0.003352463629617778
2018-01-08,-0.0043766134294248105
2018-01-09,-0.011222466592268363
2018-01-10,-0.006274078839698107
2018-01-11,-0.0036777899128492956
2018-01-12,-0.011069291844081182
2018-01-16,-0.00457596353599111
2018-01-17,-0.0027439512027415433
2018-01-18,-0.002422375213074921
2018-01-19,-0.0011558387891115814
2018-01-22,-0.004026615217890233
2018-01-23,-0.005265352680115382
2018-01-24,-0.003262035303406676
2018-01-25,-0.005144054999891487
2018-01-26,-0.004720651387426522
2018-01-29,-0.0066332196615419585
2018-01-30,-0.0031834806781813685
2018-01-31,-0.0017572702737137895
2018-02-01,0.0009146896112045199
2018-02-02,-0.009189968327450644
2018-02-05,-0.002421436710023478
2018-02-06,-0.004588478736705856
2018-02-07,-0.0038395228110349763
2018-02-08,-0.00873614779599977
2018-02-09,-0.005003032891166002
2018-02-12,-2.8237956059270347e-05
2018-02-13,-0.006047792240465364
2018-02-14,0.006689417666589944
2018-02-15,-0.0028895118775038304
2018-02-16,-0.0026779649669926493
2018-02-20,-0.001517136184266848
2018-02-21,-0.0070902718524487335
2018-02-22,-0.00877074817822858
2018-02-23,-0.0027086612965462747
2018-02-26,0.0007071642009790179
2018-02-27,-0.0057000339194010295
2018-02-28,-0.012733507437780237
2018-03-01,-0.004984631565154628
2018-03-02,-0.00622218585285078
2018-03-05,-0.0049536144153727295
2018-03-06,-0.006813980867555664
2018-03-07,-0.00674485640431159
2018-03-08,-0.000810717287836874
2018-03-09,-0.0013259831788924297
2018-03-12,-0.0023809264138279205
2018-03-13,-0.005247131659775946
2018-03-14,-0.013390327150958382
2018-03-15,-0.009529076040644426
2018-03-16,-0.01023601546653322
2018-03-19,-0.0013883218368378847
2018-03-20,-0.005917811665851681
2018-03-21,-0.007496900905096167
2018-03-22,-0.009884878008376223
2018-03-23,-0.0006465654042562747
2018-03-26,-0.014176582326605833
2018-03-27,0.0011621302124470902
2018-03-28,0.0028609671836275627
2018-03-29,-0.006237487654363442
2018-04-02,-0.005263645078954483
2018-04-03,-0.01840515391278235
2018-04-04,-0.0046212926295657935
2018-04-05,0.004391872041970148
2018-04-06,-0.007612429682578046
2018-04-09,-0.010521269958819544
2018-04-10,-0.005171709703504793
2018-04-11,-0.0061211303591522746
2018-04-12,-0.0008630562250239457
2018-04-13,-0.0030978639826129686
2018-04-16,-0.010310141228599832
2018-04-17,-0.002949734452906399
2018-04-18,-0.003812768751776088
2018-04-19,-0.0025029628929549453
2018-04-20,-0.00887671766646303
2018-04-23,-0.012099738482405248
2018-04-24,-0.008549474351829213
2018-04-25,-0.006460021501374423
2018-04-26,0.0046811806754150625
2018-04-27,-0.009052620888159467
2018-04-30,-0.0016524193363409607
2018-05-01,0.002903797650991101
2018-05-02,-0.009653181618786155
2018-05-03,0.0029764355718752437
2018-05-04,-0.0027233574532568106
2018-05-07,-0.006984938776755403
2018-05-08,-0.00391230714032118
2018-05-09,-0.004496371026556046
2018-05-10,-0.004351743028585102
2018-05-11,-0.008768450035444558
2018-05-14,-0.00740064089784202
2018-05-15,0.0005557190842760402
2018-05-16,-0.006155791037658054
2018-05-17,-0.007040335702139864
2018-05-18,-0.006726548078834571
2018-05-21,-0.0037124989596748247
2018-05-22,0.001967742437754787
2018-05-23,-0.005610504407041203
2018-05-24,-0.005115323945625803
2018-05-25,-0.005191090279093527
2018-05-29,-0.003419419748326712
2018-05-30,-0.007135223247277283
2018-05-31,0.0018151631292868866
2018-06-01,0.0010480565761993047
2018-06-04,-2.767412442648571e-05
2018-06-05,-0.0063479127071774475
2018-06-06,-0.0017408527193707728
2018-06-07,-0.0020240946602231575
2018-06-08,-0.009039624378438187
2018-06-11,-0.008715034487436853
2018-06-12,-0.007687227291509557
2018-06-13,-0.009458783077781068
2018-06-14,-0.010315988619652605
2018-06-15,-0.00912413521163841
2018-06-18,-0.004250525057196036
2018-06-19,-0.008685888365338425
2018-06-20,-0.010804539605067963
2018-06-21,-0.005545730954114914
2018-06-22,-0.0006305319174801979
2018-06-25,0.0005355162586913433
2018-06-26,-0.012153126914769696
2018-06-27,-0.016460477847578463
2018-06-28,-0.012516747704281647
2018-06-29,0.0026955661142466034
2018-07-02,-0.001083541067899015
2018-07-03,-0.001056326296098922
2018-07-05,-0.0056813397976483715
2018-07-06,-0.011182471309629008
2018-07-09,-0.007615395869979242
2018-07-10,-0.0006387138535470854
2018-07-11,-0.0023517592901625287
2018-07-12,-0.006869044170704911
2018-07-13,-0.006225957147974019
2018-07-16,-0.010972973044448595
2018-07-17,-0.0010167958456403859
2018-07-18,-0.004743733168303505
2018-07-19,-0.007141370617936212
2018-07-20,-0.005845508515602568
2018-07-23,-0.004244315361780391
2018-07-24,-0.0003695240265428872
2018-07-25,-0.007946817480278536
2018-07-26,0.004301673838346607
2018-07-27,0.0008686168354079416
2018-07-30,0.004903791151218096
2018-07-31,-0.009095893134291742
2018-08-01,-0.006272582442968158
2018-08-02,-0.007346565123793957
2018-08-03,0.0016654667370175407
2018-08-06,-0.0018112851374123603
2018-08-07,-0.0032178581320929296
2018-08-08,-0.0001053356813109016
2018-08-09,-0.002348783381331911
2018-08-10,-0.0038966676384996437
2018-08-13,-0.0021518007692971383
2018-08-14,-0.009234483491262465
2018-08-15,-0.002943047903552507
2018-08-16,-0.002148477643368461
2018-08-17,-0.00594256157879725
2018-08-20,-0.0018258186076920051
2018-08-21,-0.007907947252735279
2018-08-22,-0.00016693911277427045
2018-08-23,-0.00950495916874197
2018-08-24,-0.0061331143670935815
2018-08-27,0.0004985239280017122
2018-08-28,-0.004651206522807512
2018-08-29,-0.007186502570986208
2018-08-30,-0.004889219073636083
2018-08-31,-0.007514143262531849
2018-09-04,-0.0034300922657350577
2018-09-05,-0.002928091000081557
2018-09-06,-0.014095353749677879
2018-09-07,-0.01206274037890357
2018-09-10,-0.0017302905154866315
2018-09-11,-0.005846046608048253
2018-09-12,-0.00892876143746564
2018-09-13,-0.005676852171795818
2018-09-14,-0.005924760208922368
2018-09-17,-0.0068669262198828305
2018-09-18,-0.001998731835733873
2018-09-19,-0.0029045208013067604
2018-09-20,-0.006084922157765457
2018-09-21,-0.009947365284686652
2018-09-24,-0.0006039941799411992
2018-09-25,-0.006142640321542856
2018-09-26,-0.0074439089547522165
2018-09-27,-0.004271070751171863
2018-09-28,-0.004402459698855134
2018-10-01,-0.005577117544771431
2018-10-02,-0.0038213880677640645
2018-10-03,-0.003708551537872116
2018-10-04,-0.008860327172827824
2018-10-05,-0.0056428966517871135
2018-10-08,0.004681385196075653
2018-10-09,-0.011128897129574612
2018-10-10,-0.009211623552303214
2018-10-11,0.004171171870745801
2018-10-12,0.0019460175480193152
2018-10-15,-0.006379220496648375
2018-10-16,-0.0034888161767556384
2018-10-17,-0.00390760879841928
2018-10-18,-0.009852486146544716
2018-10-19,-0.0026885178291839546
2018-10-22,-0.004872187355279837
2018-10-23,-0.00046034706357991895
2018-10-24,-0.006971801171461649
2018-10-25,-0.012539775374758073
2018-10-26,-0.008340695999834145
2018-10-29,-0.009193751177274346
2018-10-30,-0.01022449751949068
2018-10-31,0.006021191121735177
2018-11-01,0.006044953129076011
2018-11-02,-0.003444023108428885
2018-11-05,-0.018793218323406243
2018-11-06,-0.0057935534836076686
2018-11-07,-0.007314045132482419
2018-11-08,-0.008543162749647667
2018-11-09,-0.013386879839226196
2018-11-12,-0.005291366032895541
2018-11-13,-0.0007224188827840445
2018-11-14,-0.011858779486723953
2018-11-15,-0.0031062304643623105
2018-11-16,-0.014861574102099304
2018-11-19,-0.007598449434583006
2018-11-20,-0.006432266403665263
2018-11-21,-0.005683251324323454
2018-11-23,-0.011259036889734871
2018-11-26,0.0064662138218383675
2018-11-27,-0.007322850086374604
2018-11-28,0.001989547661500111
2018-11-29,-0.0006000559778186233
2018-11-30,0.0008976787606436252
2018-12-03,0.010737261839351312
2018-12-04,-0.017885156890596353
2018-12-06,-0.003260155876230539
2018-12-07,-0.009674988399494173
2018-12-10,0.0016279351683087962
2018-12-11,-0.00926680451220953
2018-12-12,-0.008152022532961881
2018-12-13,-0.005556750973595338
2018-12-14,-0.006325503143049969
2018-12-17,-0.003620518450392265
2018-12-18,-0.0030971202392764694
2018-12-19,-0.016672098038243807
2018-12-20,-0.0035110237377503897
2018-12-21,-0.010894619015281392
2018-12-24,-0.0096880850125784
2018-12-26,-0.005390293257814682
2018-12-27,-0.012001206453127005
2018-12-28,0.001682512957508341
2018-12-31,-0.010048417016722783
2019-01-02,-0.002303292463211263
2019-01-03,-0.013815279707626905
2019-01-04,0.0013407255053972493
2019-01-07,-0.015523591930193623
2019-01-08,-0.012542215169412521
2019-01-09,-0.0023749437209438402
2019-01-10,-0.009403108988911541
2019-01-11,-2.36138247284327e-05
2019-01-14,0.007087712030151228
2019-01-15,-0.0017952592428617997
2019-01-16,-0.014835165963692595
2019-01-17,-0.005549412150529697
2019-01-18,-0.0062915874222758605
2019-01-22,0.0006777541280733419
2019-01-23,-0.010322631428153985
2019-01-24,0.006495681913618586
2019-01-25,-0.00872286004450689
2019-01-28,0.001782258749445668
2019-01-29,-0.0037626297093093426
2019-01-30,0.0027042605065010286
2019-01-31,-0.011977747963120924
2019-02-01,-0.0013792330534885032
2019-02-04,-0.0006088601196507417
2019-02-05,-0.003944656953710512
2019-02-06,0.00421742585065187
2019-02-07,-0.0054718828195251795
2019-02-08,-0.013618576065614911
2019-02-11,-0.00511490849880007
2019-02-12,-0.005476634279494966
2019-02-13,0.0005955680806284721
2019-02-14,-0.009315461823503735
2019-02-15,-0.006264425005765537
2019-02-19,0.0007196682475421601
2019-02-20,-0.0007080947907425828
2019-02-21,-0.00588313061254458
2019-02-22,-0.00540445079443648
2019-02-25,-0.003779993460332381
2019-02-26,-0.006185593941069976
2019-02-27,-0.011403735555233994
2019-02-28,-0.0023975729193443833
2019-03-01,-0.007683578663914547
2019-03-04,0.0005824142236016032
2019-03-05,-0.001165488315369773
2019-03-06,-0.008597986766986481
2019-03-07,-0.011522952100735145
2019-03-08,-0.009517116889327819
2019-03-11,-0.006632492488667017
2019-03-12,-0.0025369724849890647
2019-03-13,-0.005437061152168785
2019-03-14,-0.004061458703881874
2019-03-15,-0.0011414376947170447
2019-03-18,0.004144988097083881
2019-03-19,-0.000842975615025744
2019-03-20,-0.009340648904944423
2019-03-21,-0.00011197312633103636
2019-03-22,0.0002910405344192929
2019-03-25,-0.009618244961014082
2019-03-26,-0.0029263069743771493
2019-03-27,-0.005269222006658785
2019-03-28,-0.008755666723171646
2019-03-29,-0.0026177190007516038
2019-04-01,0.0034048852814195997
2019-04-02,-0.011194823502082544
2019-04-03,-0.009614928308236794
2019-04-04,-0.004736780375447855
2019-04-05,-0.008971386206863882
2019-04-08,-0.004325274023051906
2019-04-09,-0.0009959206958419738
2019-04-10,-0.0005656448844973128
2019-04-11,-0.006396109631704155
2019-04-12,-0.01404008487901634
2019-04-15,-0.0005123329918261272
2019-04-16,0.011725809955273173
2019-04-17,-0.013975672204433805
2019-04-18,-0.011293470720345922
2019-04-22,-0.011106988073060911
2019-04-23,-0.015304140427409366
2019-04-24,-0.0005266162387712204
2019-04-25,-0.009674115885397527
2019-04-26,-0.007829632583211623
2019-04-29,-0.0005111595224111115
2019-04-30,-0.0015739302494886826
2019-05-01,-0.004569522548830843
2019-05-02,-0.0041102881638670746
2019-05-03,0.00041654577368091007
2019-05-06,-0.002205423920409871
2019-05-07,0.004135691859647575
2019-05-08,-0.009015984764232378
2019-05-09,-0.006852641713116286
2019-05-10,-0.00370380354568779
2019-05-13,0.0018122763342629067
2019-05-14,0.0005139116307416626
2019-05-15,-0.007976327824981888
2019-05-16,-0.007569099831315833
2019-05-17,-0.005442518140738128
2019-05-20,-0.01394481022840892
2019-05-21,-0.006211612734351588
2019-05-22,-0.000990763439219399
2019-05-23,-0.012459882708846444
2019-05-24,-0.005281261338802348
2019-05-28,-0.002689678968226971
2019-05-29,0.0036560168899559846
2019-05-30,-0.0029899034679668015
2019-05-31,-0.013120850704203442
2019-06-03,-0.004070259348191281
2019-06-04,0.009568280056303552
2019-06-05,-0.013018793085560051
2019-06-06,-0.001299830252828275
2019-06-07,-0.0069491155256927
2019-06-10,-0.002424195933066863
2019-06-11,0.0014805619803639402
2019-06-12,-0.011409478210061086
2019-06-13,-0.00261034871030625
2019-06-14,-0.0071190717689141435
2019-06-17,-0.005411910837448117
2019-06-18,-0.0033216356114314023
2019-06-19,-0.008442037685273384
2019-06-20,-0.0045086851657803635
2019-06-21,-0.0095030428342648
2019-06-24,0.0008138013246106433
2019-06-25,-0.009528190828504236
2019-06-26,0.012706663118000741
2019-06-27,-0.003915393382361707
2019-06-28,-0.010900752111227135
2019-07-01,0.0033348529556238788
2019-07-02,-0.010576877555472229
2019-07-03,-0.008349668680364762
2019-07-05,0.002172674957271921
2019-07-08,-0.005351134455909303
2019-07-09,-0.007124090908886381
2019-07-10,-0.005337879272439648
2019-07-11,-0.005813687679841445
2019-07-12,-0.005364660860352438
2019-07-15,-0.004741223242208418
2019-07-16,-0.0054523835642166524
2019-07-17,-0.0041981754142246495
2019-07-18,-0.005654588443940629
2019-07-19,-0.0021206781204558653
2019-07-22,-0.006735323925182729
2019-07-23,-0.00139275199535087
2019-07-24,-0.0016539856878491832
2019-07-25,-0.0030545419063218748
2019-07-26,-0.0014431490473554606
2019-07-29,-0.0030403354708063
2019-07-30,-0.009669894003926139
2019-07-31,-0.008692210041319015
2019-08-01,-0.01128953927374747
2019-08-02,-0.004200188889292441
2019-08-05,-0.0030002429027811872
2019-08-06,-0.017724008961277342
2019-08-07,-0.004522261738530911
2019-08-08,-0.005770011036960868
2019-08-09,-0.005548770653813984
2019-08-12,-0.005628452053403902
2019-08-13,-0.00608322546501119
2019-08-14,-0.0050298282284323625
2019-08-15,-0.014130812289320588
2019-08-16,0.007095497960332562
2019-08-19,-0.0016653518866184657
2019-08-20,-0.011373228793571916
2019-08-21,-0.007845518674627317
2019-08-22,-0.007139296980791305
2019-08-23,-0.008564012973595202
2019-08-26,-0.008518161273341786
2019-08-27,-0.01372907881343152
2019-08-28,0.004812554011463545
2019-08-29,-0.009925198926525257
2019-08-30,-0.00419616752998511
2019-09-03,0.0019042161165533796
2019-09-04,-0.0003951960755395165
2019-09-05,0.0013189047429966049
2019-09-06,-0.00515443493139996
2019-09-09,0.0016084576752481636
2019-09-10,-0.014006285825824824
2019-09-11,-0.008343065425810998
2019-09-12,-0.0016450176489657708
2019-09-13,-0.015813228668448635
2019-09-16,-0.009317322543316117
2019-09-17,0.0008245191547073876
2019-09-18,-0.0064717481209602785
2019-09-19,-0.005976540551852661
2019-09-20,-0.011095076725853296
2019-09-23,0.002782191280535915
2019-09-24,-0.009010786929634298
2019-09-25,-0.0005228968354271607
2019-09-26,-0.009039224721051018
2019-09-27,-0.00285998449077418
2019-09-30,-0.006037604761847617
2019-10-01,-0.016916910412101534
2019-10-02,-0.009595667028170234
2019-10-03,-0.004820519668169904
2019-10-04,-0.0012397816697046165
2019-10-07,-0.0054217232001395575
2019-10-08,-0.007931364435222046
2019-10-09,-0.005791926298302746
2019-10-10,-0.0023588925999438615
2019-10-11,-0.0008351854372919128
2019-10-14,-0.004908628800410931
2019-10-15,-0.004250543060041152
2019-10-16,-0.002421874612670895
2019-10-17,-0.005628073064504844
2019-10-18,-0.004051559210453055
2019-10-21,0.006383307152139958
2019-10-22,-0.0077612254948441865
2019-10-23,-0.01117555934166585
2019-10-24,0.00018955282191338973
2019-10-25,-0.001038205031663614
2019-10-28,-0.013610585350026717
2019-10-29,-0.005561660128393245
2019-10-30,0.0002969154584990495
2019-10-31,-0.00623714144998821
2019-11-01,0.0008836345068407199
2019-11-04,-0.0168951311507985
2019-11-05,-0.0024675225612755306
2019-11-06,-0.007414643552720031
2019-11-07,-0.0008859387351573562
2019-11-08,-0.005793440136436133
2019-11-11,-0.002758427814783478
2019-11-12,-0.007320787451270024
2019-11-13,-0.01210409370859503
2019-11-14,-0.006563044703556396
2019-11-15,-0.0028957646483344706
2019-11-18,-0.0033549543777790566
2019-11-19,-0.009568132187430581
2019-11-20,-0.009818968075481669
2019-11-21,-0.009655370617356732
2019-11-22,-0.0019447776688293547
2019-11-25,-0.004916150633323328
2019-11-26,0.002756024769744403
2019-11-27,-0.002172140897351217
2019-11-29,-0.005079922386480757
2019-12-02,0.00035615602404164264
2019-12-03,-0.013074412091085487
2019-12-04,0.0057555736452353555
2019-12-05,-0.005025658355543748
2019-12-06,0.00482796384295253
2019-12-09,-0.0016304720146248868
2019-12-10,-0.0049873528576780644
2019-12-11,-0.002364324923423156
2019-12-12,-0.0016315113516104105
2019-12-13,-0.002341804571358467
2019-12-16,-0.0031634961151496815
2019-12-17,0.0028243614834403477
2019-12-18,-0.003784037379007742
2019-12-19,-0.006449079367439134
2019-12-20,-0.006054368387194291
2019-12-23,-0.002495027479739017
2019-12-24,-0.0023382658648721842
2019-12-26,-0.00021964490600883714
2019-12-27,-0.005240598111545023
2019-12-30,-0.00048416338667476135
2019-12-31,-0.001825430043475793
2020-01-02,-0.003921355083329315
2020-01-03,-0.004011132366312495
2020-01-06,-0.011771113463180789
2020-01-07,-0.0023146285410614617
2020-01-08,-0.002848472557629947
2020-01-09,-0.00770221887035612
2020-01-10,-0.008107083093309372
2020-01-13,-0.004580307691103941
2020-01-14,-0.002076022520561249
2020-01-15,-0.004403146001656538
2020-01-16,-0.004132515454629
2020-01-17,-0.008085746567865428
2020-01-21,-0.005858429392990215
2020-01-22,-0.012769363812646128
2020-01-23,0.0009458016369586686
2020-01-24,-0.013345588179666194
2020-01-27,-0.008209148752951468
2020-01-28,0.00288048288125283
2020-01-29,-0.01186523284126206
2020-01-30,-0.0032423084289576716
2020-01-31,-0.008306688925610053
2020-02-03,-0.010646623880273567
2020-02-04,-0.00765116601225738
2020-02-05,-0.006729615676445526
2020-02-06,0.001984277199148686
2020-02-07,-0.0065707425031732904
2020-02-10,-0.00980071306043883
2020-02-11,-0.003548280400869762
2020-02-12,-0.012128165775970387
2020-02-13,-0.001474165655992679
2020-02-14,-0.010443252977106705
2020-02-18,-0.004060272744858803
2020-02-19,-0.0028525503809285796
2020-02-20,-0.0004946000258631445
2020-02-21,-0.013298001297345808
2020-02-24,-0.017736015075037196
2020-02-25,-0.011740257469367283
2020-02-26,-0.009199114465477226
2020-02-27,0.0008400726362114627
2020-02-28,-0.005283047790598848
2020-03-02,0.0027746198039234667
2020-03-03,-0.021700956478862173
2020-03-04,-0.010966292069911307
2020-03-05,-0.02692863237156053
2020-03-06,-0.0027625698498184997
2020-03-09,-0.04422261122642258
2020-03-10,-0.002311627048955354
2020-03-11,-0.0191763124319791
2020-03-12,0.005670391850115063
2020-03-13,-0.01294650477287975
2020-03-16,-0.004501152598510827
2020-03-17,-0.012291553118652498
2020-03-18,-0.08074269472427843
2020-03-19,0.013715919761701317
2020-03-20,-0.02419603197083669
2020-03-23,-0.011128432931968812
2020-03-24,0.007641039208599928
2020-03-25,-0.03970725281777017
2020-03-26,-0.012972336746586387
2020-03-27,-0.02965322903975743
2020-03-30,-0.013248495915146038
2020-03-31,-0.012449281460538766
2020-04-01,-0.012336581375217572
2020-04-02,-0.02674235325084442
2020-04-03,-0.022162226236808625
2020-04-06,0.012906770422648763
2020-04-07,0.004615713506987425
2020-04-08,-0.03584671442112268
2020-04-09,-0.012677835991338355
2020-04-13,0.009134489386905021
2020-04-14,-0.021735147086549875
2020-04-15,-0.029156764715304193
2020-04-16,-0.014133446691016068
2020-04-17,0.04536050327528156
2020-04-20,-0.006785336066124852
2020-04-21,-0.0029985524344575435
2020-04-22,0.0002726752142351973
2020-04-23,-0.0014877500322891084
2020-04-24,-0.005532045783918388
2020-04-27,-0.0052951722618467265
2020-04-28,-0.005998955613524323
2020-04-29,-0.030981477375622738
2020-04-30,-0.002972287704450207
2020-05-01,-0.01161323443323238
2020-05-04,-0.011160051341552587
2020-05-05,-0.013013994000535479
2020-05-06,-0.017763700708611326
2020-05-07,-0.0054104844320834655
2020-05-08,-0.004718244805678406
2020-05-11,0.0060909854225499015
2020-05-12,-0.02143594721180444
2020-05-13,0.004647487639549303
2020-05-14,-0.0032153299406154
2020-05-15,-0.005267826593497739
2020-05-18,0.03914056436864404
2020-05-19,-0.007492562582346582
2020-05-20,-0.015737790498375225
2020-05-21,-0.0003192276114058132
2020-05-22,-0.0061393585393796956
2020-05-26,0.02363799075833605
2020-05-27,-0.0291925844106099
2020-05-28,0.0016668248193268554
2020-05-29,-0.020666601057022994
2020-06-01,0.013199062370651191
2020-06-02,-0.010585026096266253
2020-06-03,-0.009339887945501588
2020-06-04,-0.02308572075373868
2020-06-05,-0.019009622446789137
2020-06-08,-0.01261831189537937
2020-06-09,0.01716440569172956
2020-06-10,-0.03325840886799202
2020-06-11,-0.03604465153021179
2020-06-12,-0.007558704265624729
2020-06-15,-0.019316826904182287
2020-06-16,0.006300067113648995
2020-06-17,-0.012923233125778748
2020-06-18,-0.008774304915564284
2020-06-19,-0.004831705238785582
2020-06-22,-0.0005183758230903161
2020-06-23,-0.00589905917790826
2020-06-24,-0.0054006858050033805
2020-06-25,-0.013122321443863149
2020-06-26,-0.01071472384241795
2020-06-29,-0.006635211398457288
2020-06-30,0.0034412340665124497
2020-07-01,-0.01550783060619378
2020-07-02,-0.0012570998267368771
2020-07-06,-0.008503353426992403
2020-07-07,-0.00642240997117321
2020-07-08,-0.01145593219978443
2020-07-09,-0.02413134524480111
2020-07-10,0.006912068526662044
2020-07-13,-0.017497358539010986
2020-07-14,-0.010026579237950408
2020-07-15,0.016782643152616718
2020-07-16,1.2985057841613523e-05
2020-07-17,-0.00674788990287995
2020-07-20,-0.01488518803816516
2020-07-21,0.01646208292810391
2020-07-22,-0.01287429168349224
2020-07-23,-0.004714837972594387
2020-07-24,-0.003955478687498067
2020-07-27,-0.0004365720120295428
2020-07-28,0.0036716682778610496
2020-07-29,-0.00141347989516003
2020-07-30,-0.018229810148879106
2020-07-31,-0.013840461784535168
2020-08-03,-0.010591864123047034
2020-08-04,-0.0035339546383537333
2020-08-05,-0.006441529503280602
2020-08-06,-0.006148014034243582
2020-08-07,-0.0029289266687850483
2020-08-10,-0.01307967726454809
2020-08-11,-0.018623254696408048
2020-08-12,0.008870702737807927
2020-08-13,-0.01811380093524244
2020-08-14,-0.0012508599870353666
2020-08-17,-0.0018293808368219124
2020-08-18,-0.013693634599676808
2020-08-19,-0.004861361069327408
2020-08-20,-0.0038667020463709913
2020-08-21,-0.007942288048066137
2020-08-24,0.0015052802953237094
2020-08-25,-0.0019715295987360283
2020-08-26,-0.025737658656
2020-08-27,0.009431262035656845
2020-08-28,-0.01335105859386438
2020-08-31,0.0020238636776115267
2020-09-01,-0.0055140842820922825
2020-09-02,-0.004971500941672032
2020-09-03,0.0017865826389250865
2020-09-04,-0.029146170919692627
2020-09-08,-0.0050150063419980625
2020-09-09,0.008208563333298939
2020-09-10,-0.0162377660233756
2020-09-11,-0.014439279242387859
2020-09-14,-0.0008769668515285923
2020-09-15,-0.012183322189775879
2020-09-16,0.008722341134952771
2020-09-17,-0.014930110131138638
2020-09-18,-0.010739736326007998
2020-09-21,-0.0026483124322931742
2020-09-22,-0.012367758265847129
2020-09-23,-0.012267449556922452
2020-09-24,-0.007344926250989616
2020-09-25,-0.011489785369059174
2020-09-28,0.000997508176066126
2020-09-29,-0.009041081277631762
2020-09-30,-0.010618335336952143
2020-10-01,-0.008795314756303836
2020-10-02,0.01329701773420917
2020-10-05,-0.0047332493095839055
2020-10-06,-0.00981722442910201
2020-10-07,-0.014292893972894027
2020-10-08,0.004963541513488703
2020-10-09,-0.0014784978860223272
2020-10-12,-0.008668167262125298
2020-10-13,-0.013124002340232099
2020-10-14,-0.0045846761717814035
2020-10-15,-0.019065339445492428
2020-10-16,-0.0010305088202331768
2020-10-19,-0.009729328352477085
2020-10-20,-0.016161338178330882
2020-10-21,-0.016785227075808217
2020-10-22,-0.012810325129286811
2020-10-23,-0.005631409939525174
2020-10-26,-0.0040634271583850955
2020-10-27,-0.006142634285706249
2020-10-28,-0.0009633087283235217
2020-10-29,-0.017003563796273952
2020-10-30,0.0013425206724909117
2020-11-02,-0.018327348107415584
2020-11-03,-0.005214122433247862
2020-11-04,-0.000499474937178601
2020-11-05,0.004363296094680598
2020-11-06,-0.012144345039267247
2020-11-09,0.031800519544518145
2020-11-10,-0.024367489949658264
2020-11-11,0.012923455416892481
2020-11-12,-0.015956916432914865
2020-11-13,-0.001082522599571506
2020-11-16,-0.00792573960653125
2020-11-17,-0.007678861888397517
2020-11-18,-0.015590682610771468
2020-11-19,-0.012856501831875047
2020-11-20,-0.00890225546437906
2020-11-23,-0.013936832532607005
2020-11-24,-0.02300829964352323
2020-11-25,0.0009098477786492806
2020-11-27,-0.011006162681149189
2020-11-30,-0.02501211208374298
2020-12-01,-0.004842342945759927
2020-12-02,-0.010346107841199373
2020-12-03,-0.015334015368286356
2020-12-04,-0.012316766688317174
2020-12-07,0.005721265578454021
2020-12-08,-0.013381729059966301
2020-12-09,-0.003921808579863125
2020-12-10,-0.004875280093762636
2020-12-11,-0.004507051994402278
2020-12-14,-0.012608795592984052
2020-12-15,-0.0020952299691131323
2020-12-16,-0.006715952203665781
2020-12-17,-0.009194073553501308
2020-12-18,-0.014591002573085866
2020-12-21,0.004158705309574659
2020-12-22,-0.008120933880881686
2020-12-23,0.0059362521280311616
2020-12-24,-0.0022129341475292923
2020-12-28,-0.0056858384047800345
2020-12-29,-0.007327464411737827
2020-12-30,-0.0053799974949180155
2020-12-31,-0.00454587326649708
2021-01-04,-0.006417729212494923
2021-01-05,-0.010739099249823258
2021-01-06,0.0011715739890988935
2021-01-07,-0.002663248426060898
2021-01-08,-0.01331619634594334
2021-01-11,0.0015315108015458894
2021-01-12,-0.013154411674500557
2021-01-13,-0.004447111328223499
2021-01-14,-0.015178799410759568
2021-01-15,0.010475954888167372
2021-01-19,-0.011960786786056148
2021-01-20,-0.005683573738117212
2021-01-21,-0.005809426582407145
2021-01-22,-0.007581327393357505
2021-01-25,-0.014317870306082055
2021-01-26,-0.010755637584312359
2021-01-27,-0.010026321168376063
2021-01-28,-0.0017613122871121501
2021-01-29,-0.009561202723813248
2021-02-01,-0.00557101996094026
2021-02-02,-0.014550719979143052
2021-02-03,0.003144188080319103
2021-02-04,-0.009222726536678676
2021-02-05,-0.00598373262786583
2021-02-08,-0.005445167209132181
2021-02-09,-0.007611075251882125
2021-02-10,-0.0059986790435294516
2021-02-11,-0.01844096654599442
2021-02-12,-0.012353981865708734
2021-02-16,-0.002693303932350989
2021-02-17,-0.0007534367229824505
2021-02-18,-0.008640337423195945
2021-02-19,-0.0035101811446709343
2021-02-22,-0.008943235332581224
2021-02-23,-0.017353865951786007
2021-02-24,-0.015689168345646598
2021-02-25,0.0015010873575934374
2021-02-26,0.004992374943362948
2021-03-01,-0.008166028525263791
2021-03-02,0.0007918821788058077
2021-03-03,-0.022790104589417933
2021-03-04,-0.011010840745973915
2021-03-05,-0.002108223247187729
2021-03-08,0.006941421961865476
2021-03-09,0.02432485624473403
2021-03-10,0.0017586341851553375
2021-03-11,-0.010737361390460845
2021-03-12,0.006838450284241858
2021-03-15,-0.0008297764979497656
2021-03-16,-0.012129609114864926
2021-03-17,0.0030669648892965307
2021-03-18,-0.017409809205562524
2021-03-19,0.001241768212091236
2021-03-22,-0.008432310304943095
2021-03-23,-0.01351701634889797
2021-03-24,-0.005451489262789922
2021-03-25,-0.008751993583114305
2021-03-26,-0.0018614118517827336
2021-03-29,-0.002492338254557287
2021-03-30,-0.009325461063770921
2021-03-31,-0.0002951093311064218
2021-04-01,-0.016140265880833518
2021-04-05,-0.009516343150468462
2021-04-06,-0.0019770337340975605
2021-04-07,-0.005532573719840343
2021-04-08,-0.004809823776026152
2021-04-09,-0.004905420742506977
2021-04-12,-0.010954621780697869
2021-04-13,-0.0019208879575121763
2021-04-14,0.002612137793094195
2021-04-15,-0.001123977500901427
2021-04-16,-0.004939668600546666
2021-04-19,-0.00564007824313544
2021-04-20,-0.0034897070206236225
2021-04-21,0.005810381067766145
2021-04-22,-0.009685487401173974
2021-04-23,-0.004309735855602211
2021-04-26,-0.007572868218504086
2021-04-27,-0.004172580256043426
2021-04-28,-0.008114718942921033
2021-04-29,-0.013762331204838225
2021-04-30,0.0010959730517980937
2021-05-03,-0.01184551815161726
2021-05-04,-0.014032090776177272
2021-05-05,-0.010974207050525616
2021-05-06,-0.015719446414002324
2021-05-07,0.0039255752257626245
2021-05-10,0.008316897863689717
2021-05-11,0.0076087606936606714
2021-05-12,-0.013746344898893339
2021-05-13,-0.0031943736828163945
2021-05-14,-0.002565752199502151
2021-05-17,0.00065440359637353
2021-05-18,-0.005853674087363579
2021-05-19,-0.011540853634324257
2021-05-20,-0.0017204954976779297
2021-05-21,-0.0015609589629622155
2021-05-24,-0.009407681038045868
2021-05-25,-0.01096411448300242
2021-05-26,-0.005170835908194913
2021-05-27,-0.007665999683545834
2021-05-28,0.0023191323114659613
2021-06-01,-0.008466521331553595
2021-06-02,-0.005261332961762007
2021-06-03,-0.006144258410571816
2021-06-04,4.6738932752344274e-05
2021-06-07,-0.01417089309145
2021-06-08,-0.006601139852566987
2021-06-09,-0.004355082982590126
2021-06-10,-0.021903626242757483
2021-06-11,-0.0015339224521651214
2021-06-14,-0.0017933133358845215
2021-06-15,-0.0023207888705862757
2021-06-16,-0.010222818177731335
2021-06-17,-0.013510792511374783
2021-06-18,-0.008060147023104071
2021-06-21,-0.00017947298190205702
2021-06-22,-0.008852963010144179
2021-06-23,-0.005621797705650855
2021-06-24,-0.006689940018716232
2021-06-25,-0.0012488796868427897
2021-06-28,-0.0029761726941822633
2021-06-29,-0.012526641959790485
2021-06-30,-0.002273491371926497
2021-07-01,-0.0031179193304422727
2021-07-02,-0.0019159995010213779
2021-07-06,-0.02121015681771892
2021-07-07,-0.011516593462903096
2021-07-08,-0.0071209114601925175
2021-07-09,0.0016454941572012164
2021-07-12,-0.013902274440799563
2021-07-13,-0.011902436200963668
2021-07-14,-0.009366680965496546
2021-07-15,-0.010384352768118606
2021-07-16,-0.015498129634482553
2021-07-19,-0.0064450588928005705
2021-07-20,0.009258533400664768
2021-07-21,-0.0057786836905681215
2021-07-22,-0.0036408028754217926
2021-07-23,-0.01583162217949783
2021-07-26,0.008967148569261705
2021-07-27,-0.005700609593972025
2021-07-28,-0.005208124907654365
2021-07-29,-0.004690960929173416
2021-07-30,-0.007833154984727617
2021-08-02,-0.00757000518676388
2021-08-03,-0.01415059079974807
2021-08-04,-0.010202294045787633
2021-08-05,0.0008723771652247112
2021-08-06,-0.0029003873966266733
2021-08-09,-0.0046356958352553965
2021-08-10,-0.0018281863883110256
2021-08-11,-0.013006624840412762
2021-08-12,-0.010734348301385237
2021-08-13,-0.0038773751179012285
2021-08-16,-0.01100547024680602
2021-08-17,-0.014994204786473009
2021-08-18,0.00109600026563326
2021-08-19,0.0001986951364274991
2021-08-20,-0.005341831440391964
2021-08-23,0.0062164587337984675
2021-08-24,-0.0140522517609791
2021-08-25,-0.0052643113098098035
2021-08-26,-0.003390552004454427
2021-08-27,-0.004473068806370589
2021-08-30,-0.005809265207787144
2021-08-31,-0.0033990505501719755
2021-09-01,-0.007545584485356202
2021-09-02,-0.0030431638252787084
2021-09-03,-0.005659523227147572
2021-09-07,-0.0035218099990271747
2021-09-08,-0.0018593504468012393
2021-09-09,-0.003811170791709999
2021-09-10,-0.0052506837786013005
2021-09-13,-0.0027701862227443785
2021-09-14,-0.0028892092074192365
2021-09-15,-0.008078019661822648
2021-09-16,-0.010421509000215809
2021-09-17,-0.009910990029887698
2021-09-20,-0.0066441459425315985
2021-09-21,-0.0009504130028950772
2021-09-22,-0.006131632087786026
2021-09-23,-0.0031204515616676215
2021-09-24,-0.005187887274988633
2021-09-27,-0.012134331867205882
2021-09-28,-0.016028986007023356
2021-09-29,-0.008244612270373182
2021-09-30,-0.002207520215451217
2021-10-01,-0.007453496289307769
2021-10-04,-0.008117529147230119
2021-10-05,-0.0016948710480662252
2021-10-06,-0.013694190394329408
2021-10-07,-0.0013007626894883336
2021-10-08,-0.008499933856094311
2021-10-11,-0.010529935795934241
2021-10-12,-0.00487442056626256
2021-10-13,-0.011002592412878721
2021-10-14,-0.009220771165544933
2021-10-15,-0.008592027628817115
2021-10-18,-0.008948378659840515
2021-10-19,-0.007003371230556981
2021-10-20,-0.01330227400347612
2021-10-21,-0.00847598872022451
2021-10-22,-0.009950844335024389
2021-10-25,-0.006723528426372139
2021-10-26,-0.0017047436434252158
2021-10-27,-0.015502340767252012
2021-10-28,-0.012976627722790405
2021-10-29,-0.01225572921187782
2021-11-01,-0.0025906578126339798
2021-11-02,-0.0025599482546352064
2021-11-03,-0.006192771185236513
2021-11-04,-0.012799666242149597
2021-11-05,0.0005420282295828345
2021-11-08,-0.007066516573824778
2021-11-09,-0.006441506909818555
2021-11-10,-0.00025627303420770915
2021-11-11,-0.00037400003391057333
2021-11-12,-0.01760222523166944
2021-11-15,-0.0037665575245562706
2021-11-16,-0.00767857803271589
2021-11-17,-0.001430311442634044
2021-11-18,-0.009293518662583244
2021-11-19,-0.009400312820985905
2021-11-22,-0.0013197542531521922
2021-11-23,-0.013819818331669498
2021-11-24,-0.005569841896513512
2021-11-26,-0.01344549803252464
2021-11-29,0.003058302776991665
2021-11-30,-0.006309453604342236
2021-12-01,-0.002783457228055765
2021-12-02,-0.007494076172378167
2021-12-03,-0.0032512085714612856
2021-12-06,0.004252805014037605
2021-12-07,-0.007213036648014128
2021-12-08,-0.00629066633890113
2021-12-09,-0.007961407442676195
2021-12-10,-0.010947076078947703
2021-12-13,-0.0051093474790035965
2021-12-14,-0.01431330991858637
2021-12-15,-0.0027561038222088784
2021-12-16,0.010002987473000994
2021-12-17,0.002341576958011372
2021-12-20,-0.008847734967264284
2021-12-21,0.010352769057390708
2021-12-22,-0.014724078138128791
2021-12-23,-0.0018123901157048932
2021-12-27,-0.003138990294472621
2021-12-28,-0.0015391919465869651
2021-12-29,-0.008508236736835605
2021-12-30,-0.0024469173736604176
2021-12-31,-0.0072820360845923995
2022-01-03,0.00933557076469714
2022-01-04,-0.02209253751348685
2022-01-05,-0.025170274687972272
2022-01-06,-0.007743381989731166
2022-01-07,-0.007861497182811176
2022-01-10,-0.0028265919939547035
2022-01-11,0.000465900910474
2022-01-12,-0.004536073012833478
2022-01-13,-0.0019412606371139842
2022-01-14,-0.0067163402596816775
2022-01-18,-0.007773257604717758
2022-01-19,-0.009618363122538885
2022-01-20,-0.017225712563607824
2022-01-21,-0.00406739098382434
2022-01-24,0.0007958793232318261
2022-01-25,-0.0009393349279228289
2022-01-26,-0.012661288661849956
2022-01-27,0.004727317374824146
2022-01-28,-0.007742108241799295
2022-01-31,-0.009328349331726257
2022-02-01,-0.005747536922248411
2022-02-02,-0.000775422552036496
2022-02-03,-0.0076786199982674256
2022-02-04,0.002229389054040059
2022-02-07,-0.00766777415997265
2022-02-08,-0.018050215213614426
2022-02-09,-0.0047588778499535606
2022-02-10,0.003597159490793011
2022-02-11,-0.020893658586949845
2022-02-14,0.005032866663042542
2022-02-15,-0.015816373097974602
2022-02-16,-0.011680649687635339
2022-02-17,-0.009474297410060666
2022-02-18,-0.014031889732535129
2022-02-22,-0.0034663913035955685
2022-02-23,-0.012754776098259476
2022-02-24,0.027796190164905057
2022-02-25,0.005114615231231903
2022-02-28,-0.017290240595400228
2022-03-01,-0.022331144186930392
2022-03-02,0.00025884430548175213
2022-03-03,-0.014677844000175133
2022-03-04,-0.034226560362165044
2022-03-07,-0.04050171860792735
2022-03-08,-0.0023607231672679706
2022-03-09,-0.01805184560942072
2022-03-10,0.0024638340054787544
2022-03-11,-0.02853676360841908
2022-03-14,-0.017569488972315295
2022-03-15,0.0015278694722557357
2022-03-16,-0.012579382070179786
2022-03-17,-0.0011422700856125218
2022-03-18,-0.011485543421299522
2022-03-21,0.0068905177592087155
2022-03-22,0.0012183626847652451
2022-03-23,0.0029930387761846807
2022-03-24,-0.010518889780130089
2022-03-25,-0.005727620773242594
2022-03-28,0.003877776650734443
2022-03-29,-0.016361231704493575
2022-03-30,0.009151501069336609
2022-03-31,-0.01825046991159819
2022-04-01,-0.004819796921852088
2022-04-04,-0.004417058223717504
2022-04-05,0.003063136477668517
2022-04-06,-0.03261770383824264
2022-04-07,-0.014823536046435003
2022-04-08,-0.01296241296966191
2022-04-11,-0.010035242803507557
2022-04-12,-0.010081632126924667
2022-04-13,-0.015720439960073426
2022-04-14,-0.006963257996835056
2022-04-18,-0.007860654755494443
2022-04-19,0.0004173957785326525
2022-04-20,-0.001880422425987998
2022-04-21,-0.02486428320937153
2022-04-22,-0.01574275130160686
2022-04-25,0.0005979882466640865
2022-04-26,-0.013910586079859118
2022-04-27,-0.011368524094690252
2022-04-28,-0.010558928680125633
2022-04-29,-0.0023554090744358942
2022-05-02,-0.010636718194010054
2022-05-03,-0.009558088317336674
2022-05-04,-0.01790100761299733
2022-05-05,-0.0003567641936282513
2022-05-06,-0.024705840339392625
2022-05-09,-0.01170706674254431
2022-05-10,0.0008967825559364068
2022-05-11,-0.0038611743431392655
2022-05-12,0.000757998976952742
2022-05-13,-0.004336044065132893
2022-05-16,0.004310976080694431
2022-05-17,0.0017245693715976975
2022-05-18,-0.020687183517817502
2022-05-19,-0.00997053037514152
2022-05-20,-0.016423893680207618
2022-05-23,-1.8531767944363065e-06
2022-05-24,-0.026429894362794026
2022-05-25,0.006865085371249694
2022-05-26,-0.013243154206089175
2022-05-27,-0.0170776923650851
2022-05-31,0.002554885956254877
2022-06-01,-0.0093847402548204
2022-06-02,-0.0018262821199357708
2022-06-03,-0.0008057799404557753
2022-06-06,-0.011279245200849093
2022-06-07,-0.0066785782430200365
2022-06-08,-0.012059762660400031
2022-06-09,1.7978508453647332e-05
2022-06-10,-0.0057765247437212095
2022-06-13,-0.0026628741472746135
2022-06-14,0.001147443717540773
2022-06-15,-0.015389078331863194
2022-06-16,-0.004708203758824541
2022-06-17,-0.006165813702529422
2022-06-21,0.006358527754220333
2022-06-22,-0.010366885303306322
2022-06-23,-0.03763634013246586
2022-06-24,0.01720972313790757
2022-06-27,0.0040195809663068046
2022-06-28,-0.029997019191393377
2022-06-29,0.016744603394720704
2022-06-30,-0.015333282292974093
2022-07-01,-0.008174036126951618
2022-07-05,-0.009594178892673234
2022-07-06,-0.004743727012910676
2022-07-07,-0.00016731257776599062
2022-07-08,-0.013432655441407539
2022-07-11,-0.01222153732501457
2022-07-12,-0.0096526949523458
2022-07-13,-0.010271898328991117
2022-07-14,-0.014138673978886959
2022-07-15,0.006454596587916724
2022-07-18,0.002719664727041584
2022-07-19,-0.022212491177018207
2022-07-20,-0.009516133140507633
2022-07-21,-0.01763045685405659
2022-07-22,-0.006679089251978522
2022-07-25,-0.006933278496724832
2022-07-26,-0.013054793617638975
2022-07-27,0.013154202569819515
2022-07-28,-0.02565594043148816
2022-07-29,-0.01429659024525567
2022-08-01,-0.000502758367658087
2022-08-02,-0.0069461817143516465
2022-08-03,-0.0032424646242783543
2022-08-04,-0.016314259581711697
2022-08-05,-0.0023279625154859823
2022-08-08,-0.005742692879785084
2022-08-09,-0.008442934885192257
2022-08-10,0.01878803401325917
2022-08-11,-0.00022326559629935912
2022-08-12,-0.010931571171189616
2022-08-15,-0.00761853160320711
2022-08-16,0.00035654664946292453
2022-08-17,-0.009092663024600874
2022-08-18,-0.013301651061473511
2022-08-19,-0.002950898833828111
2022-08-22,-0.015385269935988218
2022-08-23,-0.009437161835134348
2022-08-24,-0.010689993732943392
2022-08-25,-0.006151201838072009
2022-08-26,0.0002039548034419008
2022-08-29,-0.00670351687487606
2022-08-30,-0.0005001721353326627
2022-08-31,-0.005294581830764632
2022-09-01,-0.004628913150177803
2022-09-02,4.692230157160755e-05
2022-09-06,-0.004210529426349784
2022-09-07,-0.010945543797449477
2022-09-08,-0.016413147583238082
2022-09-09,0.0015401019094693868
2022-09-12,-0.0020639470076945377
2022-09-13,-0.0026335137512844566
2022-09-14,-0.014328597173266316
2022-09-15,0.004763124898115166
2022-09-16,-0.006604507334462221
2022-09-19,-0.0034757991700440534
2022-09-20,-0.009747334235383322
2022-09-21,-0.004662941996568119
2022-09-22,-0.002829562689794094
2022-09-23,-0.0029224961611630496
2022-09-26,-0.01187864231740073
2022-09-27,-0.007858257070420937
2022-09-28,-0.02762772574255571
2022-09-29,-0.013809396514007376
2022-09-30,-0.010125972524520882
2022-10-03,-0.0028738077448705306
2022-10-04,0.016154732830453003
2022-10-05,-0.007209540963786859
2022-10-06,-0.018407215478175434
2022-10-07,-0.004793810746948674
2022-10-10,-0.00279938462892761
2022-10-11,-0.017245902889912033
2022-10-12,-0.005367796497822401
2022-10-13,-0.009950616685095486
2022-10-14,-0.01063931957973558
2022-10-17,-0.007513734067082231
2022-10-18,-0.005717681242550342
2022-10-19,-0.00027704822641464854
2022-10-20,-0.020697799772413338
2022-10-21,-0.009037389653941328
2022-10-24,-0.009423110545496924
2022-10-25,0.006558311113347896
2022-10-26,0.004412524685486996
2022-10-27,-0.015627410079927163
2022-10-28,0.0003518283333186741
2022-10-31,-0.009820773030251468
2022-11-01,-0.015351282359173636
2022-11-02,-0.011245140939467749
2022-11-03,-0.01898190245808782
2022-11-04,-0.000310870227904431
2022-11-07,-0.01265068639879675
2022-11-08,-0.005737710133683009
2022-11-09,-0.013078671560877431
2022-11-10,0.0072771562728868935
2022-11-11,-0.01769592126720779
2022-11-14,0.006699078333583986
2022-11-15,-0.004211901389368928
2022-11-16,0.00011477867050558796
2022-11-17,-0.012718311706317629
2022-11-18,-0.009756253312572212
2022-11-21,-0.014524726336552829
2022-11-22,0.005079574710194828
2022-11-23,-0.00329834558483406
2022-11-25,-0.005137269641549908
2022-11-28,-0.005428109255693396
2022-11-29,-0.012791226930429476
2022-11-30,0.006585646451433067
2022-12-01,-0.007546582801876849
2022-12-02,-0.007061532605682543
2022-12-05,-0.015921594790050807
2022-12-06,-0.007132161855558477
2022-12-07,0.00011175997018737348
2022-12-08,-0.007715439511592263
2022-12-09,-0.0014335097316811951
2022-12-12,-0.011859310106027697
2022-12-13,-0.0047051988634582076
2022-12-14,0.0007581592311895063
2022-12-15,-0.00745903570216302
2022-12-16,-0.0011624074196658562
2022-12-19,-0.0029880528412932076
2022-12-20,-0.006648651454317923
2022-12-21,-0.005579184569715015
2022-12-22,-0.007140529660084597
2022-12-23,-0.011457562753048735
2022-12-27,-0.019902606232752754
2022-12-28,-0.0038599898435613387
2022-12-29,-0.013096792837553179
2022-12-30,-0.00756938418262583
2023-01-03,0.001840954250879664
2023-01-04,-0.018553066712217618
2023-01-05,0.0009262984949582271
2023-01-06,-0.0023630696984319223
2023-01-09,-0.0003031662257499462
2023-01-10,-0.009754238882089438
2023-01-11,-0.009438854529128644
2023-01-12,-0.00358552577073788
2023-01-13,-0.007034717919819917
2023-01-17,-0.006545284903145836
2023-01-18,-0.005495501882989863
2023-01-19,0.001881830481829873
2023-01-20,-0.002686524085853524
2023-01-23,-0.014265223870924158
2023-01-24,0.0015725469493793262
2023-01-25,-0.007936689368388533
2023-01-26,-0.0011754614497320875
2023-01-27,-0.008895946137430041
2023-01-30,-0.00012839833299439253
2023-01-31,-0.008990520720589723
2023-02-01,-0.011508254488551414
2023-02-02,-0.03693530350564222
2023-02-03,0.0123159622937772
2023-02-06,-0.012768233544963335
2023-02-07,0.0021607703427504047
2023-02-08,-0.0003730643552741948
2023-02-09,-0.01596160239150966
2023-02-10,0.0006170242204338382
2023-02-13,0.005293953570869014
2023-02-14,-0.00345137172319737
2023-02-15,-0.0053024436452129686
2023-02-16,-0.0027944261059424033
2023-02-17,-0.006249736355386235
2023-02-21,-0.009521138412542707
2023-02-22,-0.005032308467820499
2023-02-23,-0.008728522089261179
2023-02-24,-0.005470059943319745
2023-02-27,-0.004982650332694799
2023-02-28,-0.01034130765275925
2023-03-01,-0.0026414967515438637
2023-03-02,-0.009111831300203004
2023-03-03,-0.005375903763460666
2023-03-06,-0.0073388043525927085
2023-03-07,-0.008078208942072548
2023-03-08,-0.010339403767249783
2023-03-09,-0.011642505909272332
2023-03-10,-0.013830984898433298
2023-03-13,-0.008139865270524967
2023-03-14,0.0004798356430318956
2023-03-15,-0.008497338462006645
2023-03-16,-0.006027995498506328
2023-03-17,-0.015383731452544243
2023-03-20,-0.0017882924581756644
2023-03-21,-0.0005518531561770961
2023-03-22,-0.0021565987173816567
2023-03-23,-0.011590486565954943
2023-03-24,-0.008456048048116364
2023-03-27,-0.0014233790537026489
2023-03-28,-0.007585318588610348
2023-03-29,0.002340673300515326
2023-03-30,-0.00796649929402852
2023-03-31,-0.006683302010475143
2023-04-03,0.0066830542459913825
2023-04-04,-0.008854797690295119
2023-04-05,-0.007770613924851011
2023-04-06,-0.005048094463788361
2023-04-10,0.00013389742466764568
2023-04-11,-0.008969226219205775
2023-04-12,-0.00769459009401843
2023-04-13,-0.005332484694881056
2023-04-14,-0.005910723433775466
2023-04-17,-0.004846907398459882
2023-04-18,-0.011755588905934356
2023-04-19,-0.0070460815636220865
2023-04-20,-0.007834780749953153
2023-04-21,-0.004016037655077606
2023-04-24,-0.0076619701661110855
2023-04-25,-0.006885694716040963
2023-04-26,-0.0023958270092449456
2023-04-27,-0.00607960676549134
2023-04-28,-0.0017546767282044786
2023-05-01,-0.004091083327065858
2023-05-02,-0.014539214804193045
2023-05-03,-0.008480903275743083
2023-05-04,0.0009511182220493918
2023-05-05,-0.00902970045129163
2023-05-08,0.0006396975795227664
2023-05-09,-0.004105712992065897
2023-05-10,-0.0021213856445744823
2023-05-11,-0.013069252417602002
2023-05-12,-0.006330719545303355
2023-05-15,0.0006943776263991577
2023-05-16,-0.005853325329181308
2023-05-17,-0.012588669790351312
2023-05-18,-0.012114425207049567
2023-05-19,-0.0020359548425943627
2023-05-22,-0.007033463561458326
2023-05-23,-0.006970652710330793
2023-05-24,-0.003851699137518339
2023-05-25,0.006288065178083956
2023-05-26,-0.02416266327292142
2023-05-30,-0.009586624175068986
2023-05-31,-0.007289078905775858
2023-06-01,-0.007861930876196285
2023-06-02,-0.0043981191402716275
2023-06-05,-0.003950682918805351
2023-06-06,0.001977848383488889
2023-06-07,-0.009230708814934561
2023-06-08,0.0027623964189249454
2023-06-09,-0.011724281647626891
2023-06-12,-0.007043317230117927
2023-06-13,-0.007330872447067459
2023-06-14,-0.009503122381424348
2023-06-15,-0.006278121758603197
2023-06-16,-0.005930030040179756
2023-06-20,-0.0007602414457087555
2023-06-21,-0.00776080737934921
2023-06-22,-0.005419059629362092
2023-06-23,-0.007567315861279575
2023-06-26,-0.00404964380697351
2023-06-27,-0.007291760436310122
2023-06-28,-0.0038910589695052653
2023-06-29,-0.004812757191464926
2023-06-30,0.001791078397880951
2023-07-03,0.004026380741159906
2023-07-05,-0.0017150866657621496
2023-07-06,-0.005541418753733403
2023-07-07,-0.00463606699471525
2023-07-10,-0.011702621654161055
2023-07-11,-0.003916829336468621
2023-07-12,0.00031568839666812646
2023-07-13,-0.009371631144344462
2023-07-14,-0.010991031796432032
2023-07-17,-0.006450612925659039
2023-07-18,-0.003967186107624011
2023-07-19,-0.005771019713645053
2023-07-20,-0.01330974214795682
2023-07-21,-0.006874829901754935
2023-07-24,-0.004487290095583666
2023-07-25,-0.002377337275078351
2023-07-26,0.00343261787235522
2023-07-27,-0.007726638602997902
2023-07-28,-0.010290667367493433
2023-07-31,-0.0016711830189196416
2023-08-01,-0.011506310033234424
2023-08-02,-0.0033896369498512646
2023-08-03,-0.004896821388453484
2023-08-04,-0.007481444368463324
2023-08-07,-0.010830398875835295
2023-08-08,-0.010015453341456905
2023-08-09,-0.01560972525623205
2023-08-10,-0.0056801517401077065
2023-08-11,-0.0074713703268425415
2023-08-14,0.0037841231105318358
2023-08-15,-0.007721805732728563
2023-08-16,-0.0058389017417860714
2023-08-17,-0.008621674114409004
2023-08-18,-0.004157670947216675
2023-08-21,-0.005884245799341868
2023-08-22,-0.0057854899211499874
2023-08-23,-0.004934753851957768
2023-08-24,-0.003055514584981144
2023-08-25,-0.0032398518203159594
2023-08-28,-0.0030574212757656562
2023-08-29,-0.006269530593188626
2023-08-30,-0.004739315054240553
2023-08-31,-0.001514315144989366
2023-09-01,-0.008724360571902793
2023-09-05,-0.006851034039621441
2023-09-06,-0.0031816240861973575
2023-09-07,-0.0027376228443630113
2023-09-08,-0.009341173524617588
2023-09-11,-0.004125858544314138
2023-09-12,-5.171095444320324e-05
2023-09-13,-0.0034150223357073822
2023-09-14,-0.006386593762858376
2023-09-15,-0.00999848648236882
2023-09-18,0.001774704516396517
2023-09-19,-0.006143448060248391
2023-09-20,-0.0076975790062106236
2023-09-21,-0.01269502271404823
2023-09-22,0.00013646581830015127
2023-09-25,-0.010685478050812804
2023-09-26,-0.0019077218573604398
2023-09-27,-0.011793160484226016
2023-09-28,-0.009817955410470739
2023-09-29,0.0005006353243123193
2023-10-02,-0.004272237737717125
2023-10-03,0.0006268570220142574
2023-10-04,0.006510675793067229
2023-10-05,-0.014785578196943785
2023-10-06,-0.009382110990680842
2023-10-09,-0.00970426331151145
2023-10-10,0.0033239288094583123
2023-10-11,-0.006992887809653783
2023-10-12,-0.01544869265468737
2023-10-13,-0.00876809581173144
2023-10-16,-0.004001383348035134
2023-10-17,-0.009802226633717367
2023-10-18,-0.008521133923112824
2023-10-19,-0.015387340051012565
2023-10-20,-0.005224126220016207
2023-10-23,-0.0009857512737640201
2023-10-24,-0.010855227768541083
2023-10-25,0.00299706713430421
2023-10-26,-0.015126013866284888
2023-10-27,0.004640857760187175
2023-10-30,0.0012595623985687324
2023-10-31,-0.005043678721065888
2023-11-01,-0.005175718144443405
2023-11-02,0.004716092547220651
2023-11-03,0.011279560810561251
2023-11-06,-0.0022171678148357795
2023-11-07,-0.013537766186644443
2023-11-08,-0.012911278394057507
2023-11-09,-0.009053206537578781
2023-11-10,-0.007887354196744122
2023-11-13,-0.011141912689865892
2023-11-14,0.012180110297689235
2023-11-15,-0.014552795710264858
2023-11-16,-0.0016801193253785842
2023-11-17,0.004876019200345994
2023-11-20,-0.007030883508496811
2023-11-21,-0.008192554720406274
2023-11-22,-0.003754841600629117
2023-11-24,-0.004131906654441132
2023-11-27,-0.00044240505539571307
2023-11-28,-0.008996563907824351
2023-11-29,-0.002572926181525153
2023-11-30,-0.010875088521461178
2023-12-01,1.0491256898190714e-05
2023-12-04,-0.01228668346687456
2023-12-05,-0.002474310449235605
2023-12-06,-0.004535389880181686
2023-12-07,-0.004560762061960073
2023-12-08,-0.0024530429720927786
2023-12-11,-0.0075174391405017655
2023-12-12,-0.011351718131325975
2023-12-13,0.004643404289720537
2023-12-14,-0.00479916431310241
2023-12-15,-0.004963454887947682
2023-12-18,-0.0031563880883370386
2023-12-19,-0.0052738456440158815
2023-12-20,-0.008009062757353847
2023-12-21,-0.004668905129711144
2023-12-22,-0.008338359074872374
2023-12-26,-0.006484647092223506
2023-12-27,-0.008413274681000869
2023-12-28,-0.0060829508546162096
2023-12-29,-0.005303688450486383
2024-01-02,-0.018538137917830256
2024-01-03,-0.005853026803818458
2024-01-04,0.000494847767321907
2024-01-05,-0.003370187430175607
2024-01-08,0.0020635196188047147
2024-01-09,-0.008019060815399716
2024-01-10,-0.009819315804135174
2024-01-11,-0.004693487726822907
2024-01-12,-0.008226793689947057
2024-01-16,-0.010434789784149284
2024-01-17,-0.006707132506676396
2024-01-18,-0.004624216076060806
2024-01-19,0.0008633864391714551
2024-01-22,-0.005490685558660057
2024-01-23,0.0034161712252349947
2024-01-24,-0.003564476615034309
2024-01-25,-0.013304840431741407
2024-01-26,-0.015151757743544346
2024-01-29,0.00014718765596884956
2024-01-30,-0.003281324841835958
2024-01-31,-0.006576587130989976
2024-02-01,-0.008287162835606276
2024-02-02,-0.0030587737671548152
2024-02-05,-0.009874673742366474
2024-02-06,0.0033440252851518974
2024-02-07,-0.007705655918573921
2024-02-08,-0.015328637703326865
2024-02-09,0.000778445600192022
2024-02-12,0.002560680300626164
2024-02-13,-0.002519376375562902
2024-02-14,-0.011868016047140058
2024-02-15,0.0022326968321431063
2024-02-16,-0.006035337917749968
2024-02-20,-0.011560310415704014
2024-02-21,-0.00021683918615143533
2024-02-22,-0.003341428081365434
2024-02-23,-0.00032010193830931104
2024-02-26,-0.00416150810561753
2024-02-27,-0.002250717494835717
2024-02-28,-0.0072452652128306375
2024-02-29,0.004662090119447673
2024-03-01,-0.013293033232032141
2024-03-04,-0.0041288786190083054
2024-03-05,-0.003738569834302751
2024-03-06,-0.005018672510006915
2024-03-07,0.00020013971215510507
2024-03-08,0.005375014376526962
2024-03-11,-0.012466301268698089
2024-03-12,-0.004879082194063134
2024-03-13,0.009692863342295292
2024-03-14,-0.006977392803987908
2024-03-15,0.0008243296740260385
2024-03-18,0.0016655175917121645
2024-03-19,-0.007611188737506774
2024-03-20,0.005317965084855132
2024-03-21,-0.004979293803092736
2024-03-22,0.002813157896459152
2024-03-25,-0.0005715453069149615
2024-03-26,-0.009260962762012527
2024-03-27,-0.003250672315761845
2024-03-28,-0.003058387254586187
2024-04-01,0.0021404423433478543
2024-04-02,-0.004807183500329184
2024-04-03,-0.009444470492910908
2024-04-04,-0.0056374091168082665
2024-04-05,-0.0026137139621809453
2024-04-08,-0.004311861177883654
2024-04-09,-0.0063716631376381505
2024-04-10,0.0009633121032988625
2024-04-11,0.0014545521064127367
2024-04-12,-0.00013381600543216354
2024-04-15,-0.012237414640961312
2024-04-16,5.188867439301446e-05
2024-04-17,-0.004124715355720487
2024-04-18,-0.012821325745131467
2024-04-19,-0.015915286615646285
2024-04-22,-0.0009615597886458095
2024-04-23,-0.007031945015741363
2024-04-24,-0.0023628039971221536
2024-04-25,0.006543181298243718
2024-04-26,-0.011341771350485882
2024-04-29,-0.001269003261563967
2024-04-30,-0.005664828581582794
2024-05-01,-0.008720961902680794
2024-05-02,0.006177121238912105
2024-05-03,-0.01006483025050766
2024-05-06,-0.001245735706809018
2024-05-07,-0.007086272473413447
2024-05-08,-0.0021824422936017754
2024-05-09,-0.004630711444018625
2024-05-10,-0.005452164600317005
2024-05-13,0.006972100035943425
2024-05-14,0.001057702410948917
2024-05-15,-0.014167918199042484
2024-05-16,0.003202514706444984
2024-05-17,-0.0062859182348131305
2024-05-20,0.002952818462174891
2024-05-21,-0.0001706008205089077
2024-05-22,-0.011047876022371029
2024-05-23,-0.009968449085387129
2024-05-24,0.0019760583512731574
2024-05-28,-0.0045542979103236365
2024-05-29,-0.003691786793936847
2024-05-30,0.005386931454045154
2024-05-31,-0.009541410207918289
2024-06-03,5.205773237103436e-05
2024-06-04,-0.009563137553409425
2024-06-05,-0.0025782676750164893
2024-06-06,-0.004014963549236212
2024-06-07,0.00045466081842702403
2024-06-10,-0.0003451633269022751
2024-06-11,-0.007914416984270223
2024-06-12,-0.005089245969954352
2024-06-13,-0.011749477757546702
2024-06-14,-0.011418917872497547
2024-06-17,-0.0034960553354122926
2024-06-18,-0.002391782481278601
2024-06-20,-0.0035150329631906695
2024-06-21,-0.008620677602343084
2024-06-24,0.002017251435153182
2024-06-25,0.008540668986956724
2024-06-26,-0.0035553679027841875
2024-06-27,-0.0034098441972312517
2024-06-28,0.001344952280315368
2024-07-01,0.00437193429596054
2024-07-02,-0.00969650063750567
2024-07-03,-0.0009742981923609693
2024-07-05,-0.0022262826749823023
2024-07-08,0.001286665759000246
2024-07-09,-0.004051493501259209
2024-07-10,-0.00236827750960029
2024-07-11,-0.0035296711389905056
2024-07-12,-0.004320645719891717
2024-07-15,-0.0057874726930191205
2024-07-16,-0.006568875886330848
2024-07-17,-0.010340082892414455
2024-07-18,0.0006415969982096863
2024-07-19,-0.004820738609525794
2024-07-22,0.0035155734630869864
2024-07-23,-0.0066331707879323226
2024-07-24,-0.013762633422039563
2024-07-25,-0.01602446135630265
2024-07-26,-0.01359893362038423
2024-07-29,-0.008470848323362246
2024-07-30,-0.015856544281141704
2024-07-31,0.024696926622222393
2024-08-01,-0.009453592362804691
2024-08-02,-0.04341377600396866
2024-08-05,0.00018658666162092632
2024-08-06,-0.007663751416736843
2024-08-07,-0.0037331793056019132
2024-08-08,0.01982788521024508
2024-08-09,-0.009156892085996437
2024-08-12,-0.0014945334076365171
2024-08-13,0.005495984852153043
2024-08-14,-0.004846162312202211
2024-08-15,0.018763777437330823
2024-08-16,-0.0014007499840027271
2024-08-19,0.0018639408666584582
2024-08-20,-0.008068831254054352
2024-08-21,-0.005086085791077849
2024-08-22,-0.006312098235058825
2024-08-23,0.0060831399248592296
2024-08-26,-0.0042156921226130725
2024-08-27,-0.009451519373652566
2024-08-28,-0.005846492630778511
2024-08-29,-0.004727382624960072
2024-08-30,0.002793635033815144
2024-09-03,-0.003437483393193477
2024-09-04,-0.00925149843615158
2024-09-05,0.00247149167182327
2024-09-06,-0.010383963418464787
2024-09-09,-0.006256126044370358
2024-09-10,-0.009734352155524872
2024-09-11,-0.009531948392588733
2024-09-12,-0.002134550625129305
2024-09-13,0.007032877808368431
2024-09-16,0.004618631384379072
2024-09-17,0.004134068639148695
2024-09-18,-0.008074184920884908
2024-09-19,0.014621118564839594
2024-09-20,-0.0020507142177182613
2024-09-23,-0.0010369671724374673
2024-09-24,0.0027481804326109104
2024-09-25,-0.010984650774908499
2024-09-26,-0.009266083218300514
2024-09-27,-0.0008134882238215848
2024-09-30,-0.009696730926431196
2024-10-01,-0.002051042187811274
2024-10-02,-0.00012269301454158072
2024-10-03,-0.002094389009910825
2024-10-04,0.002064331653407268
2024-10-07,-0.0026030508660921142
2024-10-08,-0.0018144514238584522
2024-10-09,-0.005708527003467684
2024-10-10,-0.0030518173150319654
2024-10-11,0.0010879341172393888
2024-10-14,-0.008015592183544073
2024-10-15,0.00036650091199990536
2024-10-16,-0.0003790254084334189
2024-10-17,-0.006629090376463585
2024-10-18,0.0002071690211115848
2024-10-21,0.0009779012806275496
2024-10-22,0.006904567199460124
2024-10-23,0.001253713858037327
2024-10-24,0.009487804382148258
2024-10-25,-0.004504429063570159
2024-10-28,-0.002242450365611699
2024-10-29,0.0012645599594888245
2024-10-30,-0.0007455621486292113
2024-10-31,-0.009785502153473735
2024-11-01,0.00022388050668207225
2024-11-04,-0.004662979646297614
2024-11-05,0.0010477481917335156
2024-11-06,0.010146590839339676
2024-11-07,-0.009977218968780635
2024-11-08,-0.011109384318956209
2024-11-11,-0.014387787561930888
2024-11-12,-0.004474743115857985
2024-11-13,-0.003927886155231822
2024-11-14,-0.004394737112620455
2024-11-15,0.003363993648221919
2024-11-18,0.0034167253850583158
2024-11-19,-0.0019020725578189094
2024-11-20,-0.0095794724504403
2024-11-21,-0.005808151027189086
2024-11-22,0.0027499619344887004
2024-11-25,-0.008205169521567834
2024-11-26,-0.007805805654090699
2024-11-27,-0.0002746030123155301
2024-11-29,-0.0035433492633929657
2024-12-02,-0.0017890487467952347
2024-12-03,-0.00478973547508552
2024-12-04,-0.015129056243547453
2024-12-05,-0.0001642339245525432
2024-12-06,-0.007222492931464175
2024-12-09,-0.003343318970314865
2024-12-10,-0.0022769253903479458
2024-12-11,0.007314302417893478
2024-12-12,0.0023648255578259426
2024-12-13,-0.005424279468793029
2024-12-16,-0.0034816743432055314
2024-12-17,-0.003285634706961349
2024-12-18,-0.007456889006187186
2024-12-19,-0.005792925213167279
2024-12-20,-0.005280107373601415
2024-12-23,-0.002037620168217528
2024-12-24,-0.0035506961513676613
2024-12-26,-0.001243642228752436
2024-12-27,-0.003592131248596508
2024-12-30,-0.0009041097681015339
2024-12-31,-0.00046555035635304377
2025-01-02,-0.0044731128200778325
2025-01-03,-0.00941776662262279
2025-01-06,-0.020868372930663966
2025-01-07,-0.0032158930209497867
2025-01-08,-0.002653410838387009
2025-01-10,-0.0020983763214822947
2025-01-13,-0.0038119600808328405
2025-01-14,-0.00689717376266055
2025-01-15,-0.006213827282177557
2025-01-16,-0.007236615421759173
2025-01-17,0.003494377450717563
2025-01-21,-0.0013451101202285416
2025-01-22,-0.01876809700620158
2025-01-23,-0.005577955191001363
2025-01-24,-0.003476430213446387
2025-01-27,-0.013964144205100493
2025-01-28,0.004511928752679255
2025-01-29,-0.0030466978274432555
2025-01-30,-0.012820508072607952
2025-01-31,-0.007223240626580332
2025-02-03,-0.0030710922372452617
2025-02-04,-0.00826951528811862
2025-02-05,0.0018326607456902507
2025-02-06,-0.007801624222762302
2025-02-07,-0.015704713462543016
2025-02-10,-0.013788065723023884
2025-02-11,-0.005107332118224329
2025-02-12,-0.010147708639125065
2025-02-13,-0.007596962810102458
2025-02-14,-0.006111277776963561
2025-02-18,-0.018721789578177703
2025-02-19,-0.0032736821493378407
2025-02-20,-0.015146227717521945
2025-02-21,-0.023587955512996008
2025-02-24,-0.01921954558731452
2025-02-25,-0.024546259116774573
2025-02-26,0.018201090424448615
2025-02-27,0.021662402370191645
2025-02-28,-0.01279896726074663
2025-03-03,-0.019350418488894704
2025-03-04,0.003601215890478452
2025-03-05,-0.0030783937875236422
2025-03-06,-0.0037197553655343423
2025-03-07,-0.019367598201979228
2025-03-10,-0.02411734336865056
2025-03-11,0.015445836585093124
2025-03-12,-0.028831436305140082
2025-03-13,0.005944125445423557
2025-03-14,0.00510396394871953
2025-03-17,-0.0027789964897639123
2025-03-18,-0.014565563796531757
2025-03-19,0.0025559255812997
2025-03-20,-0.010398429845458194
2025-03-21,-0.00388333113565307
2025-03-24,-0.009153452053525354
2025-03-25,-0.01498053625640727
2025-03-26,-0.003344154322491184
2025-03-27,-0.0198377161346163
2025-03-28,-0.012069358898586837
2025-03-31,-0.011355364472387853
2025-04-01,-0.005762627738342126
2025-04-02,-0.013330410762244966
2025-04-03,0.028818137397596207
2025-04-04,-0.013190778515483004
2025-04-07,-0.005266158128587335
2025-04-08,-0.012710126665574003
2025-04-09,0.009643290456126335
2025-04-10,-0.002720108453605787
2025-04-11,-0.015068971641913138
2025-04-14,0.0006361338569638468
2025-04-15,-0.007323491159126847
2025-04-16,0.0034030583684104233
2025-04-17,-0.006914105993384255
2025-04-21,-0.015377732034156922
2025-04-22,-0.000919836519291675
2025-04-23,-0.007413699342435069
2025-04-24,-0.03416530338869005
2025-04-25,-0.016170713679373103
2025-04-28,-0.007094360685503469
2025-04-29,-0.006918368656175518
2025-04-30,-0.01425900270158262
2025-05-01,0.008341624354569178
2025-05-02,-0.011180640643263367
2025-05-05,-0.010891416221274843
2025-05-06,-0.012101442674791085
2025-05-07,0.0006200302663540566
2025-05-08,-0.002380126593850877
2025-05-09,-0.01700991311247705
2025-05-12,-0.008185514711442929
2025-05-13,-0.028322869232893934
2025-05-14,-0.023316364162148214
2025-05-15,0.0024672249289430584
2025-05-16,-0.006138736176916224
2025-05-19,-0.01600334678187557
2025-05-20,-0.011644616596754824
2025-05-21,-0.0011203884650290087
2025-05-22,-0.00502234333998367
2025-05-23,-0.0038172059573393525
2025-05-27,0.0023033665931031866
2025-05-28,-0.0067126399209159636
2025-05-29,-0.00951661259363767
2025-05-30,0.003293076004258477
2025-06-02,-0.005192928692895771
2025-06-03,-0.004392595278045124
2025-06-04,-0.007522705427185167
2025-06-05,-0.011011103075964899
2025-06-06,-0.006727278604541179
2025-06-09,-0.006120674386550271
2025-06-10,-0.020189666415134894
2025-06-11,-0.0025530657025329157
2025-06-12,-0.0032220506110632718
2025-06-13,-0.015153669457951827
2025-06-16,0.005290925689766531
2025-06-17,-0.00889928590437165
2025-06-18,-0.001980079365112894
2025-06-20,-0.012687630405192152
2025-06-23,-0.004802332685648536
2025-06-24,-0.0021216667826957467
2025-06-25,-0.011376225901807063
2025-06-26,-0.011540499305735684
2025-06-27,-0.004330365559219057
2025-06-30,-0.002146100454489666
2025-07-01,0.010358830310484214
2025-07-02,-0.003169522971363082
2025-07-03,-0.004115051952742746
2025-07-07,-0.01337973235791759
2025-07-08,0.0007577566831901365
2025-07-09,-0.0034705235380395666
2025-07-10,-0.009731168140292304
2025-07-11,-0.009610231189975093
2025-07-14,-0.004897839911423382
2025-07-15,-0.002862421154140489
2025-07-16,-0.0005208413634843773
2025-07-17,-0.0018968277135274136
2025-07-18,-0.0023146508238407384
2025-07-21,-0.009155014336456218
2025-07-22,0.0010409630145564643
2025-07-23,-0.00162838479334399
2025-07-24,-0.007525119625022905
2025-07-25,-0.005475820955758829
2025-07-28,-0.007615221058585118
2025-07-29,1.8252573172989825e-05
2025-07-30,-0.016416460733815197
2025-07-31,0.002878997148919712
2025-08-01,0.001594893671554575
2025-08-04,0.0032973185996072706
2025-08-05,0.004187824796176602
2025-08-06,-0.00931309376579874
2025-08-07,-0.005092854519296821
2025-08-08,-0.017078030481612584
2025-08-11,-0.008963540883817777
2025-08-12,-0.008543002756223921
2025-08-13,-0.005491510851371721
2025-08-14,-0.0038642337773247652
2025-08-15,-0.001243248332826765
2025-08-18,-0.008844705656515892
2025-08-19,-0.001155702194717301
2025-08-20,-0.012696800575634975
2025-08-21,-0.007082782102531935
2025-08-22,0.004336920772455279
2025-08-25,-0.010200157319024607
2025-08-26,-0.0042244397021414465
2025-08-27,-0.002422539739295056
2025-08-28,-0.008007077390422036
2025-08-29,0.0026633841168144552
2025-09-02,-0.009362551585905054
2025-09-03,-0.002414164129502302
2025-09-04,-0.0038616762077975913
2025-09-05,-0.0015425848936833145
2025-09-08,-0.00563041968466694
2025-09-09,-0.00615922583492831
2025-09-10,-0.024858142374185106
2025-09-11,0.001382326058860915
2025-09-12,-0.008072242696314418
2025-09-15,-0.01100102601181861
2025-09-16,-0.006280103235505168
2025-09-17,-0.005851449693388712
2025-09-18,-0.003512045129285629
2025-09-19,-0.0033326715333054906
2025-09-22,-0.013046462676767545
2025-09-23,0.0002744589741984311
2025-09-24,-0.010893317505569742
2025-09-25,-0.003957250172222473
2025-09-26,-0.00660929329360234
2025-09-29,-0.007300737341873302
2025-09-30,-0.007596416989295161
2025-10-01,-0.025291358158995234
2025-10-02,-0.00374243479678064
2025-10-03,-0.005737198240711924
2025-10-06,0.00408146688437001
2025-10-07,0.0010039136755228117
2025-10-08,-0.010316565903003977
2025-10-09,-0.008158365681145726
2025-10-10,-0.009845188626034389
2025-10-13,0.006929697437958603
2025-10-14,-0.002285697943764275
2025-10-15,-0.00523933402582352
2025-10-16,-0.010443486942046096
2025-10-17,-0.001960699580536852
2025-10-20,-0.004956083610192438
2025-10-21,-0.00425200261948914
2025-10-22,-0.008077638448826682
2025-10-23,-0.0017510351754005064
2025-10-24,-0.012284239719180984
2025-10-27,-0.010132551837333796
2025-10-28,-0.015262030064099603
2025-10-29,0.003498530465728471
2025-10-30,-0.0016510545587874632
2025-10-31,-0.0022477357715857613
2025-11-03,-0.010342351807249604
2025-11-04,0.006421256313058529
2025-11-05,0.003600978224411454
2025-11-06,-0.011831056963353355
2025-11-07,-0.008540907300513939
2025-11-10,0.0027507060926305824
2025-11-11,0.008061102456949503
2025-11-12,-0.009126250196554272
2025-11-13,-0.007551497987837824
2025-11-14,-0.0030333186138204677
2025-11-17,-0.010191917919372857
2025-11-18,-0.01424362421854359
2025-11-19,0.003782831200080575
2025-11-20,-0.0036146799494973262
2025-11-21,-0.015016234294517622
2025-11-24,0.005252822768437332
2025-11-25,-0.003351431513494787
2025-11-26,0.005042556798129608
2025-11-28,-0.008858887124980529
2025-12-01,-0.008662824795395931
2025-12-02,-0.006275547161302648
2025-12-03,-0.021115186077562596
2025-12-04,-0.0020906489845900424
2025-12-05,-0.010280273147273533
2025-12-08,-0.005427883764933037
2025-12-09,-0.011373548294489099
2025-12-10,-0.009476162568205524
2025-12-11,-0.005665609615478392
2025-12-12,-0.0158538067377796
2025-12-15,-0.011621446577173535
2025-12-16,-0.0038642371751792387
2025-12-17,0.002280652308371397
2025-12-18,0.0055626078553165734
2025-12-19,-0.017908619069558908
2025-12-22,-0.014195003897187286
2025-12-23,-0.004384763803022158
2025-12-24,-0.0037141059581683347
2025-12-26,-0.006770532204815634
2025-12-29,-0.005389626882242286
2025-12-30,-0.0060762772527096776
2025-12-31,-0.0060607704981432906
2026-01-02,0.0059180084420075345
2026-01-05,0.004518440739407043
2026-01-06,-0.006859256310205281
2026-01-07,-0.0006043018223774871
2026-01-08,0.006061954382058955
2026-01-09,0.0007584624528265111
2026-01-12,-0.0031111147349952894
2026-01-13,0.00676674184285107
2026-01-14,0.007720124336198281
2026-01-15,-0.00637237800848316
2026-01-16,-0.003451014727058777
2026-01-20,0.0043351367968983276
2026-01-21,0.00234013491655251
2026-01-22,0.0011342652028023049
2026-01-23,0.001373440100494389
2026-01-26,-0.0070047974494163645
2026-01-27,0.007864926287455262
2026-01-28,-0.010309426349527114
2026-01-29,-0.00028019120440705953
2026-01-30,0.0053514404453341964
2026-02-02,-0.007974676393717147
2026-02-03,0.007849177181636378
2026-02-04,0.01707706450605553
2026-02-05,-0.009642864460227997
2026-02-06,0.006168348387117404
2026-02-09,-0.00450792815925706
2026-02-10,0.011125107771318248
2026-02-11,-0.009593250579330225
2026-02-12,-0.009522212066452148
2026-02-13,0.001804414414833788
2026-02-17,0.004297017639390351
2026-02-18,-0.002233320307448916
2026-02-19,-0.0023896335683686403
2026-02-20,-0.005825358179602075
2026-02-23,-1.0765771554527173e-06
2026-02-24,0.0038756619340522777
2026-02-25,0.001635294773258463
2026-02-26,0.004735783642935572
2026-02-27,0.0038126528225342236
2026-03-02,-0.0013372998977793028
2026-03-03,0.0038983007601687083
2026-03-04,-0.0006057361920335196
2026-03-05,0.011266211742231077
2026-03-06,6.614286432465353e-05
2026-03-09,-0.012077382988161425
2026-03-10,-0.0022000359406346903
2026-03-11,-0.0019346599848213842
2026-03-12,-0.0028786640882927307
2026-03-13,0.001658438917367283
2026-03-16,-0.00301171458041805
2026-03-17,0.0021043527209699403
2026-03-18,-0.0072875935950632
2026-03-19,0.003361458440026968
2026-03-20,-0.003999041876020421
2026-03-23,0.007724525002276359
2026-03-24,0.0009169687763319811
2026-03-25,0.004529698569498632
2026-03-26,0.011260101051127498
2026-03-27,0.0017520494445386332
2026-03-30,0.0031627243447200173
2026-03-31,-0.0005887308105938711
2026-04-01,-0.01423453410846168
2026-04-02,0.005442857001746273
2026-04-06,-0.004888753377982911
2026-04-07,-0.004467789564310716
2026-04-08,-0.004180014188348436
2026-04-09,-0.0061663332995329665
2026-04-10,0.00048052005350264764
2026-04-13,-0.0009747422608287946
2026-04-14,0.001069872728967789
2026-04-15,0.00785658813824089
2026-04-16,0.005462211800486735
2026-04-17,-0.001976880855305051
2026-04-20,0.004123870330206465
2026-04-21,-0.0036865441423998553
2026-04-22,-0.00989444717109331
2026-04-23,-0.0036609344609963546
2026-04-24,0.0010584379312603138
2026-04-27,-0.005470469462775812
2026-04-28,0.006601505155329603
2026-04-29,0.0008292706486882275
2026-04-30,-0.0069368576950722205
2026-05-01,-0.003064050644075896
2026-05-04,-0.009120344477887617
2026-05-05,-0.010021649737648006
2026-05-06,-0.000540284937726268
2026-05-07,0.004623599369102706
2026-05-08,-0.015345134051469884
2026-05-11,-0.015852738778333406
2026-05-12,0.006588310483788725
2026-05-13,-0.006640330794316606
2026-05-14,0.007404602374580296
2026-05-15,0.0017182971076455404
2026-05-18,0.014348456688227904
2026-05-19,-0.0014568266580214015
2026-05-20,0.00225357682018215
2026-05-21,-0.0009502845203509677
2026-05-22,0.0029545433413806794
2026-05-26,-0.01301227126211472
2026-05-27,0.0019084579190085222
2026-05-28,0.001877816342202002
2026-05-29,0.0010336893392067206
2026-06-01,-0.003465823049187461
2026-06-02,-0.010275421228933775
2026-06-03,-0.0157529086315723
2026-06-04,0.0032485954987262256
2026-06-05,0.01302385015046959
2026-06-08,-0.004912065787847697
2026-06-09,0.0062333670175774465
2026-06-10,0.004735549107585348
2026-06-11,-0.009425279888421194
2026-06-12,-0.0027269973549565664
2026-06-15,-0.01747784309973517
2026-06-16,0.0054501528742871745
2026-06-17,-0.01618953466981511
2026-06-18,-0.008222036058025078
2026-06-22,-0.005593904122086967
2026-06-23,0.019025971197718386
2026-06-24,-0.003912569923353227
2026-06-25,-0.02050722221435591
2026-06-26,0.020052716303066636
2026-06-29,-0.019251219432766465
2026-06-30,-0.019893061088685594
2026-07-01,0.01234497900190478
2026-07-02,0.018709076247407384
2026-07-06,-0.012627687161677099
2026-07-07,0.017163356964913706
2026-07-08,-0.003325361105213404
2026-07-09,-0.005166931632349783
2026-07-10,0.0032137282324208676
2026-07-13,0.016936341325214207
2026-07-14,-0.011727526157089203
2026-07-15,0.014487544348709197
2026-07-16,0.01747054114596967
2026-07-17,0.0022039431306530148
2026-07-20,-0.005214902969775094
2026-07-21,-0.006287373353823441
2026-07-22,0.0062853044646869706
2026-07-23,-0.008337771482690718
2026-07-24,0.015997656233809377
2026-07-27,0.01471912771979844
2026-07-28,0.016044643630193468
2026-07-29,0.0174332227923967
2026-07-30,-0.02876025935009807
2026-07-31,-0.0017701229870732966
2026-08-03,-0.0006961889176589531
2026-08-04,-0.0033756933200680336
2026-08-05,-0.003906544288179409
2026-08-06,0.0072347683746201005
2026-08-07,0.0008886784760477962
2026-08-10,0.0007222769677890284
2026-08-11,0.0033049519154840588
2026-08-12,-0.0013927378284123869
2026-08-13,0.005487470741099993
