date,0
2006-01-03,-0.008798659649553727
2006-01-04,0.0015516722920910758
2006-01-05,0.018014808897577925
2006-01-06,-0.003039597010537534
2006-01-09,0.001858427017154825
2006-01-10,-0.006625574060836604
2006-01-11,0.002208067494389834
2006-01-12,0.0030931605892540884
2006-01-13,-0.0016964293176970396
2006-01-17,-0.01638460887413751
2006-01-18,0.0002064933718336563
2006-01-19,0.006125907001537054
2006-01-20,-0.007759061873767569
2006-01-23,-0.0007337282761320614
2006-01-24,0.001066741865636802
2006-01-25,0.011995679501427372
2006-01-26,0.006687256884078712
2006-01-27,-0.008717929298946313
2006-01-30,-0.006841272243414813
2006-01-31,-0.005428854997407482
2006-02-01,0.014400615127197206
2006-02-02,-0.00029624080994516424
2006-02-03,-0.003653893365009343
2006-02-06,-0.005449271922099117
2006-02-07,0.018100852234761697
2006-02-08,0.00794202230471045
2006-02-09,0.009375833311796615
2006-02-10,0.0007926656951545842
2006-02-13,0.0013687118816067625
2006-02-14,0.0004739785509169785
2006-02-15,0.0025367966976244712
2006-02-16,-0.0050954458702014045
2006-02-17,-0.003232069345499362
2006-02-21,-0.01584309310028983
2006-02-22,0.005041954473772333
2006-02-23,-0.0025502004362170623
2006-02-24,-0.004617642762972787
2006-02-27,0.010118747599142698
2006-02-28,0.003646216693667129
2006-03-01,-0.001308697418382524
2006-03-02,-0.010840320669026503
2006-03-03,-0.0019037064351222193
2006-03-06,0.012152082630090062
2006-03-07,0.003915027077215683
2006-03-08,-0.0021813601994029024
2006-03-09,0.003489230551717787
2006-03-10,-0.00204907616292271
2006-03-13,-0.001300015521570087
2006-03-14,-0.006465282041788321
2006-03-15,-0.0016705158945621431
2006-03-16,-0.009551617827867055
2006-03-17,-0.0008829900989581089
2006-03-20,0.013151778831410579
2006-03-21,0.0070111212785226446
2006-03-22,-0.0014436911490181125
2006-03-23,-0.008300508876311617
2006-03-24,-0.0005313387595182004
2006-03-27,-0.0010921673768355972
2006-03-28,-0.006076264255768823
2006-03-29,-0.00032286125366836314
2006-03-30,-0.0023928164753816137
2006-03-31,0.001661684037323976
2006-04-03,-0.0018030217106996132
2006-04-04,-0.006373264717768989
2006-04-05,-0.0017394368333551104
2006-04-06,0.0034787315173935855
2006-04-07,-0.0017858573499627487
2006-04-10,-0.008986374695586037
2006-04-11,1.0247743712457902e-05
2006-04-12,7.972795247820663e-05
2006-04-13,0.0034506216740843574
2006-04-17,-0.010216555484053928
2006-04-18,-0.0006560118060876407
2006-04-19,-0.0019052129554611823
2006-04-20,0.005687780819905289
2006-04-21,-0.01631149261409137
2006-04-24,0.00359895263963559
2006-04-25,0.009875696516183256
2006-04-26,0.01089339347081815
2006-04-27,0.020652666174682473
2006-04-28,-0.009246131172185711
2006-05-01,-0.007684451955308514
2006-05-02,-0.009697899945788891
2006-05-03,0.011332255774889126
2006-05-04,0.0025258346173347985
2006-05-05,-0.006756951049811281
2006-05-08,0.004859857145803737
2006-05-09,0.001196383933011546
2006-05-10,-0.012260888684487633
2006-05-11,0.0038474503335454388
2006-05-12,0.008854161155975815
2006-05-15,0.014439137017745355
2006-05-16,-0.0033239731894084373
2006-05-17,0.0036127907270567874
2006-05-18,0.0007427089354461573
2006-05-19,0.0011867150339342541
2006-05-22,0.0020441840526129016
2006-05-23,-0.004014522503304078
2006-05-24,0.014461289512871511
2006-05-25,-0.010018041047149966
2006-05-26,-0.004546810679789651
2006-05-30,0.00438895719613428
2006-05-31,-0.0043840592332892395
2006-06-01,-0.0015985934907070194
2006-06-02,-0.0053346044442227885
2006-06-05,0.00808560707317325
2006-06-06,0.001266286774073657
2006-06-07,0.011246205173619968
2006-06-08,-0.0013128983461890298
2006-06-09,-0.0004774260687237634
2006-06-12,0.014358062796145337
2006-06-13,0.01539771021593976
2006-06-14,-0.013698660879417198
2006-06-15,0.00041886395489710844
2006-06-16,0.00020495448577235794
2006-06-19,0.013556968163634215
2006-06-20,0.00032589023921771455
2006-06-21,-0.00998675489174273
2006-06-22,-0.0046561767746534834
2006-06-23,-0.018685855679854063
2006-06-26,-0.0044778501586023745
2006-06-27,-0.006424642503497451
2006-06-28,-0.004128358138357224
2006-06-29,-0.005968934314616554
2006-06-30,-0.0029296490251821817
2006-07-03,-0.0036675551041615746
2006-07-05,-0.0025785871294333952
2006-07-06,-0.0009465326345880221
2006-07-07,0.0019306340626417287
2006-07-10,-0.005466062192950685
2006-07-11,-0.004837669762516834
2006-07-12,-0.004703930186435029
2006-07-13,0.004780920882849319
2006-07-14,-0.0006364544324394308
2006-07-17,0.01453598456080688
2006-07-18,0.0054797587551660785
2006-07-19,-0.0031922158583774373
2006-07-20,0.004634250666536399
2006-07-21,0.007034848847854045
2006-07-24,-0.003167026374429455
2006-07-25,-0.009362273700399383
2006-07-26,0.0014702181257720886
2006-07-27,0.01537280152300689
2006-07-28,0.007034627559900515
2006-07-31,-0.012138865788684564
2006-08-01,-0.0056007726550131795
2006-08-02,-0.004966669913417204
2006-08-03,-0.004418498222283523
2006-08-04,-0.0010943983577694505
2006-08-07,-0.009000062881714828
2006-08-08,0.0036129411625751267
2006-08-09,0.005782022185043076
2006-08-10,0.0033851743928747955
2006-08-11,0.0012434147888907292
2006-08-14,0.011534274055497801
2006-08-15,0.001424621072490051
2006-08-16,0.0051968797447580475
2006-08-17,0.009578254180008053
2006-08-18,-0.0038104906967003573
2006-08-21,-0.004559959417621324
2006-08-22,0.00019168439075246607
2006-08-23,0.010467224065101833
2006-08-24,0.002256139804805205
2006-08-25,-1.5496566951419408e-05
2006-08-28,0.014145975245903438
2006-08-29,0.010640121091975402
2006-08-30,0.009020664219571838
2006-08-31,-0.0012899742045486841
2006-09-01,-0.0017091571064003247
2006-09-05,-0.010660221233937816
2006-09-06,0.006896089921700745
2006-09-07,-0.0011307598677369
2006-09-08,0.010618203641442777
2006-09-11,0.018199002217825697
2006-09-12,0.008139187427526248
2006-09-13,-0.015087006079676472
2006-09-14,0.009033584101834394
2006-09-15,-0.0011522947527563495
2006-09-18,-0.013919774798361487
2006-09-19,0.0021094870954858646
2006-09-20,0.012671108227263745
2006-09-21,-0.005498909659516411
2006-09-22,0.002697476198292895
2006-09-25,0.0052548820336275025
2006-09-26,-0.006474234625497292
2006-09-27,-0.008949223910466342
2006-09-28,0.005307575468062146
2006-09-29,-0.0037934831860150417
2006-10-02,0.00284332345450669
2006-10-03,0.014520416210665538
2006-10-04,0.002821168101593955
2006-10-05,-0.01400893554030599
2006-10-06,0.0009059676109290272
2006-10-09,0.011584663280144968
2006-10-10,-0.01063533202011314
2006-10-11,0.00591873466439612
2006-10-12,-0.005499451147377479
2006-10-13,-0.004485428006142824
2006-10-16,-0.005953393957578778
2006-10-17,-0.0014252208358111476
2006-10-18,-0.009119294652951334
2006-10-19,-0.005384818118761343
2006-10-20,0.009734104292982562
2006-10-23,0.002875293397979734
2006-10-24,-0.013700838378317336
2006-10-25,0.010745559252086935
2006-10-26,0.003451757885119124
2006-10-27,0.0016585698159649516
2006-10-30,0.010165501098648378
2006-10-31,0.001403997350110257
2006-11-01,0.003527079172588633
2006-11-02,-0.0010812013228825668
2006-11-03,-0.0039006259576830097
2006-11-06,0.005009093484013493
2006-11-07,0.00778390646830835
2006-11-08,0.001731674695904305
2006-11-09,-0.0018599374905409328
2006-11-10,0.0030829803802899245
2006-11-13,0.003742578979461142
2006-11-14,0.0025139369630163043
2006-11-15,-0.003970046410623804
2006-11-16,0.013821718325029453
2006-11-17,-0.007336403901687116
2006-11-20,-0.00812438010808343
2006-11-21,-0.005367851748753885
2006-11-22,0.0043090684619670255
2006-11-24,-0.0022025279712203716
2006-11-27,-0.0020435643341172797
2006-11-28,-0.005370775318644597
2006-11-29,-0.012242510834551006
2006-11-30,-0.00044881482578052487
2006-12-01,-0.00015830166599043155
2006-12-04,0.0017554525977195752
2006-12-05,0.0008030476105017717
2006-12-06,-0.004662261091209273
2006-12-07,-0.002190057858162019
2006-12-08,-0.0030391334552255433
2006-12-11,0.003940376682595991
2006-12-12,0.004585108274642011
2006-12-13,-0.0010943958328394577
2006-12-14,-0.001288946784813409
2006-12-15,-0.00047697888217995433
2006-12-18,0.005050703873758527
2006-12-19,-0.007615163045049698
2006-12-20,0.006511019931350884
2006-12-21,0.002669323727005836
2006-12-22,8.727433864838966e-05
2006-12-26,0.004140574035113033
2006-12-27,-0.0022273815429845927
2006-12-28,0.0007900698404742459
2006-12-29,0.0018611629695615365
2007-01-03,0.005467664733691717
2007-01-04,0.02011605992210587
2007-01-05,-0.0038382490141458166
2007-01-08,-0.003404819173337741
2007-01-09,0.0010633532299545371
2007-01-10,0.005712309501061244
2007-01-11,0.0020297952068982
2007-01-12,-0.008032568427274274
2007-01-16,-0.00401524850746059
2007-01-17,-0.006534645980075053
2007-01-18,-0.00667724827458665
2007-01-19,-0.005107499612224156
2007-01-22,-1.0459533632533746e-05
2007-01-23,-0.010956824530174783
2007-01-24,-0.00016456929896754028
2007-01-25,0.0026353336077597636
2007-01-26,-0.003704686520188181
2007-01-29,0.007502366293607942
2007-01-30,0.0014545460756075065
2007-01-31,-0.003999339973350243
2007-02-01,-0.005716028643966785
2007-02-02,0.0017494902308709155
2007-02-05,9.225213454439721e-05
2007-02-06,-0.004048541002229084
2007-02-07,0.007324229759294593
2007-02-08,0.003010287672281698
2007-02-09,-0.0013233687613473189
2007-02-12,-0.0004569836323088542
2007-02-13,-0.0025071965224857406
2007-02-14,0.0003384175275355473
2007-02-15,0.002686299113050045
2007-02-16,-0.0001924718937134269
2007-02-20,0.0015765778471957565
2007-02-21,-0.0057909304504202
2007-02-22,0.013986292073501192
2007-02-23,0.0037128341533833533
2007-02-26,0.0012399504088733673
2007-02-27,0.005289903500121208
2007-02-28,-0.005125183243279163
2007-03-01,-0.00012556916200141973
2007-03-02,0.00016984802285593443
2007-03-05,-0.00219834653623525
2007-03-06,-0.0022720801893482056
2007-03-07,-0.0033493994647628917
2007-03-08,-0.006911833900996117
2007-03-09,-0.0007990206836042647
2007-03-12,-0.0030961842653828334
2007-03-13,0.008580386854759304
2007-03-14,0.0017127184042349188
2007-03-15,-0.0020467940322646022
2007-03-16,0.0002755585747615663
2007-03-19,-0.008943532844556129
2007-03-20,-0.0013702695455542525
2007-03-21,-0.0029431419620774947
2007-03-22,-0.0010623821281649487
2007-03-23,-0.004960299434423265
2007-03-26,-0.0012099434027285731
2007-03-27,0.0019623686649232284
2007-03-28,-0.001590173422913621
2007-03-29,-0.008298119360912164
2007-03-30,0.00233077332035067
2007-04-02,0.0018190937266448488
2007-04-03,-0.002545433741763051
2007-04-04,0.00031850951400565447
2007-04-05,0.001434125478486098
2007-04-09,-0.005784100563026254
2007-04-10,0.003457734067414002
2007-04-11,-0.002174402527305522
2007-04-12,0.0033926896934918737
2007-04-13,-0.00042836373355311763
2007-04-16,-0.001284468666392404
2007-04-17,0.0038493750548308867
2007-04-18,0.0024732965121023283
2007-04-19,-0.00118681635390763
2007-04-20,-0.002767567208626671
2007-04-23,0.000378876694521547
2007-04-24,0.012081873303368634
2007-04-25,0.003808857198155096
2007-04-26,0.009211357117769032
2007-04-27,-0.004723373877273615
2007-04-30,-0.003445329327203083
2007-05-01,0.0023970438464863382
2007-05-02,0.0010860054360396932
2007-05-03,-0.0014875067706478378
2007-05-04,-0.00033920036219867763
2007-05-07,-0.001033227780071128
2007-05-08,0.0005205617355234519
2007-05-09,0.004528191245955724
2007-05-10,-0.00622900207571752
2007-05-11,0.0004810249652654274
2007-05-14,-0.0017408818596400836
2007-05-15,-0.008587117149989013
2007-05-16,0.0032657972950586537
2007-05-17,-0.00462720241513855
2007-05-18,0.00030842081314731424
2007-05-21,0.003963112767070802
2007-05-22,0.003334497938693928
2007-05-23,-0.002395089548041536
2007-05-24,0.0018690793983226922
2007-05-25,-0.0008165879653804868
2007-05-29,-0.0005917182599792336
2007-05-30,-0.003316969793209114
2007-05-31,0.006181912746346785
2007-06-01,-0.0036043563780826624
2007-06-04,0.0081949127463531
2007-06-05,-0.002077063743788729
2007-06-06,-0.002610961753020787
2007-06-07,0.00011929484723077847
2007-06-08,0.0019435990537088764
2007-06-11,-0.0020828676628541973
2007-06-12,0.000533081949465066
2007-06-13,-0.0019503975167199264
2007-06-14,0.002220589288457915
2007-06-15,0.002296942020140453
2007-06-18,-0.00024044892951352777
2007-06-19,-0.0049634244609894395
2007-06-20,0.003747157514442927
2007-06-21,0.0063324027868364
2007-06-22,0.0028599485919636844
2007-06-25,-0.0015151497304506751
2007-06-26,0.000688450655830663
2007-06-27,0.0038863286724594164
2007-06-28,-0.004376770413745512
2007-06-29,0.0028378543716182348
2007-07-02,-0.0024661546649677587
2007-07-03,-0.0047097649287099015
2007-07-05,0.0026852995683307092
2007-07-06,0.004450600308375571
2007-07-09,0.0015555702926835164
2007-07-10,0.006415919107502883
2007-07-11,-0.0028439147727453767
2007-07-12,-0.0026248501160177997
2007-07-13,-0.00019878475079490186
2007-07-16,0.0017770469549379159
2007-07-17,0.0008542620311092252
2007-07-18,-0.0010060929703871663
2007-07-19,0.004416869039099679
2007-07-20,0.0037113651285111387
2007-07-23,-0.005918957830184906
2007-07-24,0.0026564989336742874
2007-07-25,0.004001102736279825
2007-07-26,0.007855420440910033
2007-07-27,-0.003718296334752842
2007-07-30,-0.004126633804825744
2007-07-31,0.002119199299815305
2007-08-01,-0.0012309215603142473
2007-08-02,0.003791471963856582
2007-08-03,-0.0022055641607585915
2007-08-06,-0.005578597951252477
2007-08-07,-0.002701547580698944
2007-08-08,0.007830635225831743
2007-08-09,0.018472963872439113
2007-08-10,-0.004718484623382948
2007-08-13,-0.006177300333649508
2007-08-14,-0.0012223198996199529
2007-08-15,-0.0059496776037285485
2007-08-16,-0.007557379721900279
2007-08-17,-0.0029578398445856942
2007-08-20,-0.005516219188287725
2007-08-21,-0.0004918243864044849
2007-08-22,-0.005439384953296481
2007-08-23,0.003590426199282767
2007-08-24,-0.003729664938881935
2007-08-27,-0.003573064651809331
2007-08-28,0.002439589251676627
2007-08-29,0.0020054181947753626
2007-08-30,0.0021707611523421027
2007-08-31,-0.00199998726851074
2007-09-04,0.0021800130843954136
2007-09-05,-0.002386150654216127
2007-09-06,0.00027882434718494773
2007-09-07,-0.0035743775895398814
2007-09-10,-0.005546318768471281
2007-09-11,0.0019160726281528498
2007-09-12,-0.005824663011812132
2007-09-13,-0.004481288902986017
2007-09-14,0.0011830056577577966
2007-09-17,0.0026223876995320043
2007-09-18,-0.001680821788563594
2007-09-19,-0.00370839631285199
2007-09-20,-0.002290636036539882
2007-09-21,-0.0015095757535160755
2007-09-24,-0.00042282865881741185
2007-09-25,0.0012349109303998363
2007-09-26,-0.006760969367337285
2007-09-27,-0.0014874355312063485
2007-09-28,-0.0010363212443548846
2007-10-01,3.2415551696412235e-05
2007-10-02,0.0045467838247351035
2007-10-03,0.0027346007535451757
2007-10-04,-0.0008214742649986188
2007-10-05,0.002264164541674666
2007-10-08,8.64291806858166e-05
2007-10-09,-0.004931145361310927
2007-10-10,-0.001980803640996241
2007-10-11,0.002531804410185308
2007-10-12,-0.003004570969317151
2007-10-15,-0.0027385565738309984
2007-10-16,-0.008563452901512898
2007-10-17,0.0019501840851448727
2007-10-18,-0.00883417077481849
2007-10-19,0.0019380936841336968
2007-10-22,0.013935972591950379
2007-10-23,-0.008421323035854507
2007-10-24,-0.00826870672215865
2007-10-25,-0.013582656389859752
2007-10-26,0.007777427646985469
2007-10-29,-0.00833392065718378
2007-10-30,0.013873756812954836
2007-10-31,-0.01178472643869127
2007-11-01,-0.004885864782299226
2007-11-02,-0.001225058819772976
2007-11-05,0.0017679035330985307
2007-11-06,-0.009915928061087868
2007-11-07,-0.009731423339062047
2007-11-08,-0.012162462670796096
2007-11-09,0.009852898269752403
2007-11-12,0.012698845262539914
2007-11-13,0.011083058415450289
2007-11-14,-0.007047010716738456
2007-11-15,0.0033014681883562175
2007-11-16,-0.009465513997307523
2007-11-19,-0.014003450558195912
2007-11-20,-0.015521754747874093
2007-11-21,-0.005187301763139643
2007-11-23,-0.0005462342648117104
2007-11-26,-0.01548334592895918
2007-11-27,0.003567029980161729
2007-11-28,0.0053020830805699136
2007-11-29,-0.006340002131863276
2007-11-30,0.011398411388709591
2007-12-03,-0.004510266026688145
2007-12-04,-0.0040847171274511936
2007-12-05,-0.004292150148012944
2007-12-06,0.013694809028833651
2007-12-07,-0.00447866905779123
2007-12-10,0.008902194157018352
2007-12-11,-0.017105700262165614
2007-12-12,-0.01757291973393468
2007-12-13,-0.010077180648483423
2007-12-14,-0.007723110192811531
2007-12-17,0.003704997490992182
2007-12-18,-0.003717431499672601
2007-12-19,-0.00817901084830537
2007-12-20,-0.0020642818382302958
2007-12-21,-0.014612524556583077
2007-12-24,-0.00202232040455906
2007-12-26,-0.006296019211471589
2007-12-27,-0.004155282488826995
2007-12-28,-0.011090921024065796
2007-12-31,0.008947801321263637
2008-01-02,-0.018010478605674757
2008-01-03,-0.01864843220386004
2008-01-04,-0.010267209268317304
2008-01-07,-0.007916792234545538
2008-01-08,-0.03294009979687232
2008-01-09,-0.0036139042566663486
2008-01-10,0.05069014644519258
2008-01-11,0.011897358636007344
2008-01-14,-0.00872125908100533
2008-01-15,-0.007648556067770065
2008-01-16,0.038701997675929044
2008-01-17,0.0007834912283115439
2008-01-18,-0.006698062397860315
2008-01-22,0.038198325106479435
2008-01-23,0.05136053920566852
2008-01-24,-0.006203792979702955
2008-01-25,-0.006799244942833748
2008-01-28,0.011555113117222892
2008-01-29,0.01824451510099823
2008-01-30,-0.0011272321808868241
2008-01-31,0.023920869055803835
2008-02-01,0.023594947829892368
2008-02-04,-0.020063424371253614
2008-02-05,-0.007212942214001681
2008-02-06,-0.00261351451787507
2008-02-07,0.009432393204467829
2008-02-08,-0.02149626040966179
2008-02-11,-0.019312744550527474
2008-02-12,-0.0014883765163929386
2008-02-13,0.0023085867596628934
2008-02-14,-0.009757115916305665
2008-02-15,0.006679229484018255
2008-02-19,-0.01851069105194618
2008-02-20,0.0007875830788152138
2008-02-21,0.0002837868185387954
2008-02-22,0.003889911346009382
2008-02-25,-0.005848429212351537
2008-02-26,-0.0007432257452914263
2008-02-27,0.009845999281652206
2008-02-28,-0.03864064409868088
2008-02-29,-0.011580792296120865
2008-03-03,-0.019866713912374396
2008-03-04,-0.00211131235646953
2008-03-05,-0.01825454007336121
2008-03-06,-0.023089435894114253
2008-03-07,0.009409334353348831
2008-03-10,-0.02674777258489048
2008-03-11,0.01938900843086085
2008-03-12,-0.012187267846699785
2008-03-13,-0.009404511804127928
2008-03-14,-0.035016523509900935
2008-03-17,-0.04649401459931959
2008-03-18,0.058627076400839355
2008-03-19,0.018863630852182872
2008-03-20,0.05246408879259995
2008-03-24,0.037570342999583325
2008-03-25,-0.021866331926793173
2008-03-26,-0.030452202128459595
2008-03-27,-0.0076977435505303
2008-03-28,-0.02125875212577753
2008-03-31,0.002223753953651878
2008-04-01,0.049038108744836176
2008-04-02,-0.0006779986708287716
2008-04-03,0.0023761868523572986
2008-04-04,-0.020986469627739805
2008-04-07,0.00805090615257666
2008-04-08,-0.018481935011222937
2008-04-09,-0.012877510747640743
2008-04-10,-0.006249779639382904
2008-04-11,-0.0038134590091875313
2008-04-14,-0.03070708865027357
2008-04-15,-0.0037338896568270183
2008-04-16,-0.00325833473263839
2008-04-17,0.018572982864781686
2008-04-18,0.009054112995856302
2008-04-21,-0.010668005825217847
2008-04-22,-0.013241423300065147
2008-04-23,0.013374074888246306
2008-04-24,0.03538844034297048
2008-04-25,0.003531148689786666
2008-04-28,0.0003925415339647205
2008-04-29,0.019574537928766362
2008-04-30,-0.014229364232598027
2008-05-01,0.03999696541119699
2008-05-02,-0.011901993635519479
2008-05-05,-0.023085850585666385
2008-05-06,-0.010885688496597544
2008-05-07,-0.01449931477671368
2008-05-08,-0.023571326700107878
2008-05-09,-0.002822874728756234
2008-05-12,0.013810370419923819
2008-05-13,-0.01558269466731773
2008-05-14,0.016979603932810904
2008-05-15,0.0009521599880401838
2008-05-16,-0.023991151127874488
2008-05-19,-0.0050065042515747785
2008-05-20,-0.020861743602113802
2008-05-21,-0.003663329516906744
2008-05-22,0.012344758600558246
2008-05-23,-0.005532106571581819
2008-05-27,0.003727385787217837
2008-05-28,-0.009809608401637524
2008-05-29,0.020420233457165735
2008-05-30,-0.007633081140386263
2008-06-02,-0.006347162060431003
2008-06-03,0.004575353852640513
2008-06-04,-0.0017267329722596941
2008-06-05,-0.02200175933762929
2008-06-06,-0.029077018098702247
2008-06-09,-0.042687283994153585
2008-06-10,0.01610144062084293
2008-06-11,-0.025123167679779162
2008-06-12,0.019159937837018907
2008-06-13,0.008945440461577428
2008-06-16,-0.0013208011766644462
2008-06-17,-0.02615323941647745
2008-06-18,-0.019999530174257932
2008-06-19,0.014654764529289786
2008-06-20,-0.019703310982904454
2008-06-23,-0.045342813509749495
2008-06-24,0.025510999942135147
2008-06-25,0.008270699843332034
2008-06-26,-0.0298685465446696
2008-06-27,-0.022429308517846493
2008-06-30,-0.01870946472838203
2008-07-01,0.0013623757152555218
2008-07-02,0.022937859618939748
2008-07-03,-0.0008403805091439923
2008-07-07,-0.005130084343242094
2008-07-08,0.046274062359089485
2008-07-09,-0.03373013115371919
2008-07-10,-0.057982642036581586
2008-07-11,-0.034038719366043094
2008-07-14,-0.04608072478453789
2008-07-15,0.01118390400792213
2008-07-16,0.09843817938364399
2008-07-17,0.08684041535360686
2008-07-18,0.008839800117227002
2008-07-21,-0.023119201603368604
2008-07-22,0.05707100930991305
2008-07-23,0.047707371691235075
2008-07-24,-0.06705003609015703
2008-07-25,-0.018023825874942195
2008-07-28,-0.03325046251457076
2008-07-29,0.054178653046122925
2008-07-30,-0.013447528992077294
2008-07-31,0.01507058598580102
2008-08-01,0.004850601350010834
2008-08-04,0.024015600513658614
2008-08-05,0.04160268809320299
2008-08-06,-0.023064598813608936
2008-08-07,-0.030271374464383407
2008-08-08,0.03283380297706019
2008-08-11,0.013869228717967566
2008-08-12,-0.02987181867194392
2008-08-13,-0.038870128329398825
2008-08-14,0.028135706682299547
2008-08-15,0.020943475210623713
2008-08-18,-0.04368658047401743
2008-08-19,-0.037606598742047394
2008-08-20,-0.02395123131746447
2008-08-21,-0.016523876568874933
2008-08-22,0.017794133710507767
2008-08-25,-0.007343928947288753
2008-08-26,0.004648760535942925
2008-08-27,0.023726975646049017
2008-08-28,0.0452501598607411
2008-08-29,0.0018480617946830462
2008-09-02,0.03245861082209717
2008-09-03,0.028166932354660612
2008-09-04,-0.030967902785737415
2008-09-05,0.034160759301197004
2008-09-08,-0.04809845399591497
2008-09-09,-0.03835322819882773
2008-09-10,-0.04821057828585535
2008-09-11,-0.023320451252097724
2008-09-12,-0.03818169013763495
2008-09-15,-0.12447994477022492
2008-09-16,0.018453016365021894
2008-09-17,-0.06284357465111479
2008-09-18,0.05269563402021483
2008-09-19,0.26272500229991713
2008-09-22,-0.02524454860975124
2008-09-23,-0.0020004364970039744
2008-09-24,-0.03893622466730869
2008-09-25,-0.013638157988528462
2008-09-26,-0.04754443751044043
2008-09-29,-0.0704097790751233
2008-09-30,0.07208746137877882
2008-10-01,0.03311390649266868
2008-10-02,-0.013554453867145395
2008-10-03,0.01113958246663555
2008-10-06,-0.00043832371283499764
2008-10-07,-0.02963912851557733
2008-10-08,-0.007739929863340326
2008-10-09,-0.06650420007310388
2008-10-10,0.03736970196906259
2008-10-13,0.0671599539811346
2008-10-14,0.02241507751230391
2008-10-15,-0.03920862554171599
2008-10-16,0.0033966595855926458
2008-10-17,-0.005507038531762472
2008-10-20,0.0188068003421322
2008-10-21,-0.002423716947848421
2008-10-22,-0.03808300869412913
2008-10-23,-0.017861928867634838
2008-10-24,-0.025417043178314093
2008-10-27,-0.04811884916226202
2008-10-28,0.025170473744587002
2008-10-29,0.016930682643587054
2008-10-30,0.004830898375317991
2008-10-31,0.015111496242096407
2008-11-03,0.00687994580520242
2008-11-04,0.039250228753378726
2008-11-05,-0.022647669231723302
2008-11-06,-0.026526537981642763
2008-11-07,0.009252813571942426
2008-11-10,0.00256638259540795
2008-11-11,-0.01214309017088079
2008-11-12,-0.03452595114275379
2008-11-13,0.016228141937964177
2008-11-14,0.00024553097114798087
2008-11-17,-0.023775584565866714
2008-11-18,-0.0010617805166592978
2008-11-19,-0.044628428756954205
2008-11-20,-0.06367860146918061
2008-11-21,0.040742415588584054
2008-11-24,0.07278662174527888
2008-11-25,0.007236275013764679
2008-11-26,0.039388495587405516
2008-11-28,-0.003287962363168224
2008-12-01,-0.06043156330259236
2008-12-02,0.019633739514949535
2008-12-03,-0.01871331725353174
2008-12-04,-0.03523870384607186
2008-12-05,-0.0006210193931195232
2008-12-08,0.06375137828056339
2008-12-09,0.008093448301062324
2008-12-10,0.02454911536531481
2008-12-11,0.00045217597874974
2008-12-12,-0.015058000266065982
2008-12-15,0.0017468705943277218
2008-12-16,0.01210862674693354
2008-12-17,0.009930713494491516
2008-12-18,-0.04560888203139428
2008-12-19,0.002943933281439471
2008-12-22,-0.023829850976950364
2008-12-23,0.000467356147792078
2008-12-24,0.0027527270470324374
2008-12-26,0.008802366526048192
2008-12-29,0.007342515396937376
2008-12-30,0.010096132287360875
2008-12-31,0.010197933089956788
2009-01-02,0.022949865123181236
2009-01-05,0.008771999341178647
2009-01-06,0.02379868456585061
2009-01-07,-0.013487569493827093
2009-01-08,0.01564089636095739
2009-01-09,-0.00464165511006
2009-01-12,-0.023905892526196723
2009-01-13,-0.007958605255332247
2009-01-14,-0.02413975668072295
2009-01-15,-0.009113088449818847
2009-01-16,7.378279966039768e-05
2009-01-20,-0.043964731799713316
2009-01-21,0.03117327104394892
2009-01-22,-0.01885942978803601
2009-01-23,0.02206829739555909
2009-01-26,-0.005862866747868818
2009-01-27,0.015082750339053751
2009-01-28,0.031165560233002
2009-01-29,-0.024699013289772857
2009-01-30,-0.018973591757840462
2009-02-02,-0.020241420950879285
2009-02-03,-0.018035637675499785
2009-02-04,0.019163746199424254
2009-02-05,0.011335743737638
2009-02-06,0.016475055380882234
2009-02-09,0.012758485368808681
2009-02-10,-0.02764007774945422
2009-02-11,0.013500964704350993
2009-02-12,-0.0044063706282087495
2009-02-13,0.004651569673255886
2009-02-17,-0.04235306498478077
2009-02-18,-0.011962203958345826
2009-02-19,-0.01517080573850196
2009-02-20,-0.019836838333724693
2009-02-23,-0.017369047314029558
2009-02-24,0.021431263548271
2009-02-25,0.003488940190462799
2009-02-26,0.031554902334423915
2009-02-27,-0.02450663179994438
2009-03-02,-0.04420214098782299
2009-03-03,0.00523898168428943
2009-03-04,0.02608898166649223
2009-03-05,-0.023504529273944648
2009-03-06,-0.00457676749515964
2009-03-09,0.017168866790490095
2009-03-10,0.04942965235176033
2009-03-11,0.002935219412278785
2009-03-12,0.0015360144648432525
2009-03-13,-0.005135282352245172
2009-03-16,0.04546348440791212
2009-03-17,-0.0009704643507452457
2009-03-18,0.041174468326676116
2009-03-19,0.020219767664808895
2009-03-20,-0.027990450591432587
2009-03-23,0.04234221839583724
2009-03-24,0.003844777645135617
2009-03-25,-0.0047841586425336
2009-03-26,-0.0067174614326073355
2009-03-27,-0.015842565408335965
2009-03-30,-0.04477171080740092
2009-03-31,0.00432907966209871
2009-04-01,0.016334938336579157
2009-04-02,0.022145206106645582
2009-04-03,0.018105930791254308
2009-04-06,-0.02274138555975986
2009-04-07,-0.008460210395649424
2009-04-08,-0.002098225552697242
2009-04-09,0.04233162348455428
2009-04-13,0.031519134665214964
2009-04-14,-0.0060692878516346365
2009-04-15,0.008975387621278504
2009-04-16,0.0032577513132951005
2009-04-17,0.00820181930349164
2009-04-20,-0.04684284832017237
2009-04-21,0.02770130964962818
2009-04-22,0.002795184151973128
2009-04-23,0.0033372924732763386
2009-04-24,0.02384710773724767
2009-04-27,-0.021542797223050632
2009-04-28,-0.016656326600688463
2009-04-29,0.02213531604874939
2009-04-30,-0.0006361807027780604
2009-05-01,0.02017576678412323
2009-05-04,0.03461263805716869
2009-05-05,0.0027448748257197357
2009-05-06,0.037386569408499735
2009-05-07,0.0009088158370939699
2009-05-08,0.0415693578512694
2009-05-11,-0.03005793680620956
2009-05-12,-0.006421725291343905
2009-05-13,-0.030682222603082947
2009-05-14,0.006888345506855806
2009-05-15,-0.00927102600373442
2009-05-18,0.022699977057914024
2009-05-19,0.005291020828234862
2009-05-20,0.004255779774853784
2009-05-21,-0.012405781450847328
2009-05-22,-0.0033351877801132694
2009-05-26,0.0027330723950776434
2009-05-27,-0.004981548923383861
2009-05-28,0.013865430974981748
2009-05-29,0.0037770841213922374
2009-06-01,0.01596757311438741
2009-06-02,-0.006757762552353782
2009-06-03,-0.026013533809065924
2009-06-04,0.025262780678533468
2009-06-05,0.0014965256391122092
2009-06-08,-0.011435208371906041
2009-06-09,0.010333344606473806
2009-06-10,0.006469625542991503
2009-06-11,0.012739029860196417
2009-06-12,-0.010589783858892827
2009-06-15,-0.013772306788891736
2009-06-16,-0.011390137489765145
2009-06-17,-0.027681391951742598
2009-06-18,0.0013170042605494744
2009-06-19,-0.0019025651845156247
2009-06-22,-0.029371725447098075
2009-06-23,0.008893147603762978
2009-06-24,-0.004165638056118046
2009-06-25,0.0013120673675879268
2009-06-26,-0.0011748562242952512
2009-06-29,-0.005505194549504062
2009-06-30,-0.007800904832282944
2009-07-01,-0.012466478925869467
2009-07-02,-0.008071306673826046
2009-07-06,-0.013684861550563176
2009-07-07,-0.011240515616831502
2009-07-08,-0.004148922994085366
2009-07-09,-0.004554568532754858
2009-07-10,0.00541676633523428
2009-07-13,0.020906837783688945
2009-07-14,0.0013929353692337012
2009-07-15,0.013639859261733443
2009-07-16,0.0007053517066681205
2009-07-17,-0.0063510154326106745
2009-07-20,0.0035533760980139637
2009-07-21,-0.005922397432013768
2009-07-22,-0.00741142942670833
2009-07-23,0.015060349649892587
2009-07-24,0.0040947826795766805
2009-07-27,0.006248116288696547
2009-07-28,-0.0023837905438412583
2009-07-29,-0.005381499883686397
2009-07-30,0.016700165909509023
2009-07-31,0.005517237954137395
2009-08-03,0.01491864381467952
2009-08-04,0.00902940365919987
2009-08-05,0.03982688306692842
2009-08-06,0.007027470163347634
2009-08-07,0.011328265223616771
2009-08-10,0.009778236155966884
2009-08-11,-0.017647264906985528
2009-08-12,0.005431863760724116
2009-08-13,0.006202791079540982
2009-08-14,-0.003173144227048633
2009-08-17,-0.011852441088802143
2009-08-18,0.005264339267460019
2009-08-19,0.0010615871314687028
2009-08-20,0.014153072640485499
2009-08-21,0.00885309653165838
2009-08-24,0.00687278995969209
2009-08-25,-0.005917320369108966
2009-08-26,0.004188034564948914
2009-08-27,0.018545845493172973
2009-08-28,0.0021368871159182295
2009-08-31,-0.007819444750821683
2009-09-01,-0.019989106172421483
2009-09-02,-0.006940770263020445
2009-09-03,0.010558465378558188
2009-09-04,9.477849830989067e-05
2009-09-08,-0.003522006623881496
2009-09-09,-0.0002125124919790048
2009-09-10,-0.003821238623947913
2009-09-11,-0.00015587452119026577
2009-09-14,0.005378347475703424
2009-09-15,0.002588151561708256
2009-09-16,0.009872063222237135
2009-09-17,0.004261324300975585
2009-09-18,-0.0035893213943952334
2009-09-21,0.0034177969514512224
2009-09-22,0.0033146295265297572
2009-09-23,0.001998258217760901
2009-09-24,-0.0023500115200805255
2009-09-25,0.0025279053902358154
2009-09-28,-0.0035917352252077253
2009-09-29,-0.0042294136145556525
2009-09-30,-0.002838002042702365
2009-10-01,0.0028251577064845757
2009-10-02,0.002202626442851982
2009-10-05,0.000327347744600385
2009-10-06,-0.004904970600868284
2009-10-07,2.8767689390873073e-05
2009-10-08,0.004629758850531556
2009-10-09,-0.007724205226366463
2009-10-12,0.0014713490357910616
2009-10-13,-0.002091472224212432
2009-10-14,-0.004247994797865606
2009-10-15,0.003915916158373939
2009-10-16,-0.0005171164068055189
2009-10-19,-0.008144511478472888
2009-10-20,0.003897459469007509
2009-10-21,-0.002330615156839717
2009-10-22,0.0017390590971236648
2009-10-23,-0.0007646062624048818
2009-10-26,-0.005859099949324249
2009-10-27,-0.0002668448166411024
2009-10-28,0.009106305363974002
2009-10-29,-0.013889890734660423
2009-10-30,0.0031669352777106935
2009-11-02,-0.00769540520853067
2009-11-03,-0.0004568827044476471
2009-11-04,-0.0029286031363878694
2009-11-05,0.0028709066410291394
2009-11-06,0.003902724794170236
2009-11-09,-0.007315978816579932
2009-11-10,0.0006393010090651979
2009-11-11,0.004464797844795482
2009-11-12,0.006432818259883173
2009-11-13,-0.01018063331083544
2009-11-16,-0.0029073142623309584
2009-11-17,0.002069954393347261
2009-11-18,0.00900086917466405
2009-11-19,0.003486564456841547
2009-11-20,0.006591171972739768
2009-11-23,-0.0035528496084668787
2009-11-24,0.0005323285094990407
2009-11-25,-0.002550534867437269
2009-11-27,0.0033077188690572123
2009-11-30,-0.0021177162577234545
2009-12-01,-0.002578552975221487
2009-12-02,0.0038856308712307487
2009-12-03,0.006649309608168678
2009-12-04,0.001994082696711577
2009-12-07,0.008874404241384441
2009-12-08,-0.0006890289989218183
2009-12-09,-0.0030121226193057017
2009-12-10,-0.004995765026852511
2009-12-11,0.002567217591850424
2009-12-14,-0.010849869193646004
2009-12-15,-0.007288230908208981
2009-12-16,-0.005472013944922671
2009-12-17,-0.003039859866364758
2009-12-18,-0.0008867095575080901
2009-12-21,-0.0031609786409161596
2009-12-22,-0.0024420539479319925
2009-12-23,-0.006992956745749143
2009-12-24,0.00015999276357263483
2009-12-28,0.002326664693539173
2009-12-29,0.005851948566109654
2009-12-30,0.0032322290675416577
2009-12-31,0.00046102954077760895
2010-01-04,0.015562853603406143
2010-01-05,0.011454038475108168
2010-01-06,0.011388252764900266
2010-01-07,0.007519021357556837
2010-01-08,0.004083293261757669
2010-01-11,-0.00014491099028087116
2010-01-12,-0.008875194374750319
2010-01-13,0.0025234735851613474
2010-01-14,0.002254382493368669
2010-01-15,-0.005162177126690487
2010-01-19,0.004741346563664425
2010-01-20,0.004034091711858425
2010-01-21,-0.011255038537603608
2010-01-22,-0.012754681821849523
2010-01-25,-0.00031684943099244585
2010-01-26,-0.007771883611926809
2010-01-27,-0.00010358544613302938
2010-01-28,-0.0012978754087044327
2010-01-29,-0.0048103532542579566
2010-02-01,0.006478909483594926
2010-02-02,0.0065138755479929485
2010-02-03,-0.0058056862969418
2010-02-04,-0.012364384159895662
2010-02-05,0.003847313139708098
2010-02-08,-0.004396729292669844
2010-02-09,0.0012820248256300811
2010-02-10,0.005532720718253101
2010-02-11,-0.001227667048708769
2010-02-12,0.00042331218451024
2010-02-16,0.007780877338277725
2010-02-17,-0.002286818639196375
2010-02-18,-0.0032538626442386053
2010-02-19,0.006183744134766263
2010-02-22,0.006821606867710827
2010-02-23,-0.011407504332742633
2010-02-24,0.002924360399670119
2010-02-25,-0.003293465869937384
2010-02-26,-0.0009701225178755866
2010-03-01,-0.001238958294357434
2010-03-02,0.007195530784321231
2010-03-03,0.002167735478910298
2010-03-04,0.004668637361962521
2010-03-05,0.006937920484997125
2010-03-08,0.003686607831941343
2010-03-09,0.00367277942130932
2010-03-10,0.009515053138269615
2010-03-11,0.00017118161122822685
2010-03-12,-0.0028527688611513745
2010-03-15,-0.002856394866071753
2010-03-16,0.005780974970760033
2010-03-17,0.003844414638831632
2010-03-18,-0.004550593264235363
2010-03-19,-0.0003671578172010299
2010-03-22,-0.006478491370218434
2010-03-23,0.0023420504084360853
2010-03-24,0.0042382751608161795
2010-03-25,-0.007841585255758189
2010-03-26,0.001646510522298796
2010-03-29,0.0009524770456598669
2010-03-30,-0.002161287174901511
2010-03-31,0.0016484862647860605
2010-04-01,0.004794036921003762
2010-04-05,0.008795038286992806
2010-04-06,0.0077053825038400775
2010-04-07,0.0009072932630123725
2010-04-08,-0.004370825567718141
2010-04-09,-0.0023316866103148854
2010-04-12,0.00533150322782164
2010-04-13,-0.006167031390702866
2010-04-14,0.0043995704643614315
2010-04-15,-0.0034330416427578218
2010-04-16,-0.010540126906785904
2010-04-19,0.00039939411339354257
2010-04-20,0.006448602582424004
2010-04-21,-0.0017890206614750866
2010-04-22,0.005019327553522018
2010-04-23,0.008527908007847819
2010-04-26,-0.004309991099328612
2010-04-27,-0.014273297546173274
2010-04-28,0.011240388080173186
2010-04-29,0.006637167448276215
2010-04-30,-0.006901508253783048
2010-05-03,-0.00242758621969278
2010-05-04,-0.009100061519291821
2010-05-05,0.0003591162635998582
2010-05-06,-0.004928260293453459
2010-05-07,-0.0011851951838487576
2010-05-10,0.009832513145661376
2010-05-11,0.0007255504492000149
2010-05-12,-0.004169216614809586
2010-05-13,0.0011483383611419176
2010-05-14,-0.006633120383617594
2010-05-17,-0.008657132125857695
2010-05-18,-0.005561418541508218
2010-05-19,0.002648203730988752
2010-05-20,-0.011196976800947894
2010-05-21,0.005451357412035244
2010-05-24,-0.012940877912964662
2010-05-25,0.007427441812062961
2010-05-26,0.0025700232702853634
2010-05-27,0.009691341757707089
2010-05-28,-0.007298862062555265
2010-06-01,-0.018204563183318014
2010-06-02,0.013676249547816675
2010-06-03,0.0006659471308948321
2010-06-04,-0.007052589538813258
2010-06-07,-0.012348087071800653
2010-06-08,0.007465375745018505
2010-06-09,0.003656724550940221
2010-06-10,0.011312588300869904
2010-06-11,-0.00042141744236902866
2010-06-14,0.002141654192265667
2010-06-15,0.009522317177677346
2010-06-16,-0.005816866659330221
2010-06-17,-0.0022554004112985966
2010-06-18,0.0031680913102340004
2010-06-21,0.005076182318231845
2010-06-22,-0.007406508960350098
2010-06-23,0.0019232237471965214
2010-06-24,-0.006350382681997511
2010-06-25,0.008764751633610582
2010-06-28,-0.007916373843144904
2010-06-29,-0.012478628622244867
2010-06-30,0.0008651710641950231
2010-07-01,-0.006573619775685145
2010-07-02,0.0037641617061284953
2010-07-06,0.0016240250684856255
2010-07-07,0.011375046888843419
2010-07-08,0.0024001088850679328
2010-07-09,0.006288963710643525
2010-07-12,-0.012200307763327147
2010-07-13,0.004363269018802002
2010-07-14,-0.0025715176811684924
2010-07-15,-0.0004961902759111008
2010-07-16,-0.008698162905144228
2010-07-19,0.007265634052427889
2010-07-20,0.016217911640547797
2010-07-21,0.0011519119258081507
2010-07-22,0.01278505433883631
2010-07-23,0.004465960403233616
2010-07-26,0.003918755836819382
2010-07-27,-0.004761351430411901
2010-07-28,-0.0003225402906569443
2010-07-29,0.006773689846387629
2010-07-30,-0.00624416769660804
2010-08-02,0.012505900475039201
2010-08-03,-0.0026336547711997265
2010-08-04,-0.0028583833882713625
2010-08-05,-0.004921389669766723
2010-08-06,0.001189893130028278
2010-08-09,-0.0028138616243799344
2010-08-10,-0.007779224233914278
2010-08-11,-0.010146200018358267
2010-08-12,-0.0021646211478619573
2010-08-13,0.001111692059101921
2010-08-16,0.002016730631104755
2010-08-17,0.003932611576834849
2010-08-18,-0.0017396958032555282
2010-08-19,-0.005356706023915934
2010-08-20,-0.007402443833909299
2010-08-23,0.0007788131449771385
2010-08-24,-0.004494806934488335
2010-08-25,-0.008086707959375435
2010-08-26,-0.0010801138889551145
2010-08-27,0.012822672797972057
2010-08-30,-0.0027334265240305513
2010-08-31,0.00416296399391825
2010-09-01,0.009785927274618049
2010-09-02,0.0017272825613508591
2010-09-03,0.0006344970843444335
2010-09-07,-0.005719670631772325
2010-09-08,0.003835343675627831
2010-09-09,0.0008529700828283926
2010-09-10,0.001578284094365578
2010-09-13,0.00429627839515151
2010-09-14,-0.007492149843033005
2010-09-15,-0.007540021462459298
2010-09-16,0.0003924872929502971
2010-09-17,-0.0065909593367165205
2010-09-20,0.0010011366960081423
2010-09-21,-0.0008578674888444709
2010-09-22,-0.007383331441350462
2010-09-23,-0.0061077612604886165
2010-09-24,0.009190861442629003
2010-09-27,-0.00020129955027253516
2010-09-28,-0.0008444390821899957
2010-09-29,0.006752947515432392
2010-09-30,0.0043155832584091435
2010-10-01,0.007304008557078676
2010-10-04,-0.006385208966034445
2010-10-05,0.005387334353562687
2010-10-06,0.008674047009005686
2010-10-07,0.0020442452604033925
2010-10-08,0.005940324629934617
2010-10-11,0.00254908144909439
2010-10-12,0.0014289410648719576
2010-10-13,0.003817639249559131
2010-10-14,-0.00969047010471991
2010-10-15,-0.008704497358906835
2010-10-18,0.0026721338192048196
2010-10-19,-0.00622130084861524
2010-10-20,0.002880979332218912
2010-10-21,-0.003968634163794606
2010-10-22,-0.004657792798573817
2010-10-25,-0.0014242176835617833
2010-10-26,0.003342998055301993
2010-10-27,0.0002694640198582629
2010-10-28,-0.0007965945029430083
2010-10-29,0.0004062061252666022
2010-11-01,-0.0012647160398095794
2010-11-02,-0.005667729495723022
2010-11-03,0.0026270272858064693
2010-11-04,0.008497683821363317
2010-11-05,0.009891962264693362
2010-11-08,0.003708595570027217
2010-11-09,-0.004106026596236232
2010-11-10,0.0038984446617054747
2010-11-11,0.003055102088241048
2010-11-12,-0.007583893629882644
2010-11-15,-0.0031814904683652194
2010-11-16,-0.002585321502409036
2010-11-17,-0.005090648159006627
2010-11-18,0.00021422744197575262
2010-11-19,-0.0008688047889876819
2010-11-22,-0.01149009169470702
2010-11-23,-0.004953657645221565
2010-11-24,-0.00027046800421200043
2010-11-26,-0.0021730248931335376
2010-11-29,0.0028040462900919072
2010-11-30,-0.002394362665668167
2010-12-01,0.002606340123378674
2010-12-02,0.00737442385976917
2010-12-03,0.003827357824665259
2010-12-06,0.0018306038482580598
2010-12-07,0.005620480426713037
2010-12-08,0.0028976871360305743
2010-12-09,0.009774024988373296
2010-12-10,0.004552338678187266
2010-12-13,-0.0024473644862310845
2010-12-14,0.0009804679037891595
2010-12-15,-0.0027606555796380167
2010-12-16,0.006849341436042242
2010-12-17,0.008865337964151416
2010-12-20,0.0026201637242282035
2010-12-21,0.006152629279299757
2010-12-22,0.005279110069255094
2010-12-23,0.00067382793697414
2010-12-27,0.005408190739358629
2010-12-28,0.0008283135259859236
2010-12-29,0.001517416211600668
2010-12-30,-0.00022583954285418132
2010-12-31,0.000882987209483274
2011-01-03,0.004903870452239766
2011-01-04,0.00840114140088963
2011-01-05,0.004752408127924933
2011-01-06,0.013462543495264878
2011-01-07,-0.004426291896695852
2011-01-10,-0.0014034684605247017
2011-01-11,-0.00611983708565774
2011-01-12,0.007420101190508448
2011-01-13,0.0002461649715008778
2011-01-14,8.530616687825907e-05
2011-01-18,-0.0018637502706670469
2011-01-19,0.00428461475737903
2011-01-20,0.015529378565914369
2011-01-21,0.0050268526927186846
2011-01-24,0.001636919979907303
2011-01-25,0.008572391128510813
2011-01-26,-0.01743522120361875
2011-01-27,0.004994735965284989
2011-01-28,-0.007535816281384349
2011-01-31,-0.016867996110766812
2011-02-01,-0.0032623867430361755
2011-02-02,-0.00028449168964841747
2011-02-03,0.0012074964919694614
2011-02-04,0.004975598418349703
2011-02-07,-0.0008930057471501365
2011-02-08,0.0017150527993448595
2011-02-09,0.004820888351886056
2011-02-10,-0.009075367399794513
2011-02-11,-0.0012146733483507685
2011-02-14,-0.010449078211037894
2011-02-15,0.006590334172671144
2011-02-16,-0.001843090640858762
2011-02-17,0.0005366109910043181
2011-02-18,0.0041486760997857626
2011-02-22,0.002399570078995914
2011-02-23,-0.013630637878405507
2011-02-24,0.002769006036579305
2011-02-25,-0.008808331697507152
2011-02-28,-0.00020618948325458532
2011-03-01,0.004864937933060449
2011-03-02,-0.0071289722001463786
2011-03-03,-0.008757185874101823
2011-03-04,0.0013243561692940994
2011-03-07,0.0027562867810297406
2011-03-08,0.0056309599240874685
2011-03-09,0.011045257485218885
2011-03-10,0.018880762497042753
2011-03-11,-0.005496367189861057
2011-03-14,-0.007921500194002883
2011-03-15,-0.0036711221848623175
2011-03-16,-0.002103432449208204
2011-03-17,-0.011800256964028413
2011-03-18,0.006542027003373482
2011-03-21,-0.015921840346107583
2011-03-22,0.0017574087224976503
2011-03-23,-0.002594108566848897
2011-03-24,0.003446041852622782
2011-03-25,-0.007426240683404023
2011-03-28,0.003129970200778067
2011-03-29,-0.00893632398459311
2011-03-30,0.0005126786578138172
2011-03-31,-0.004144835843517207
2011-04-01,-0.001716388485725322
2011-04-04,-0.00038116911860818024
2011-04-05,0.0026098545020446745
2011-04-06,0.018981135941475054
2011-04-07,0.0014504350175462137
2011-04-08,-0.006056356015553991
2011-04-11,0.01118260163038216
2011-04-12,0.020049869801820143
2011-04-13,-0.0076082544475843325
2011-04-14,-0.003225423275960245
2011-04-15,-0.004312289162209259
2011-04-18,0.004057942764018941
2011-04-19,-0.006560724553213646
2011-04-20,-0.005461223025244476
2011-04-21,-0.011324451699925468
2011-04-25,0.004078965878917465
2011-04-26,0.0009818585684220568
2011-04-27,0.003079274392116241
2011-04-28,-0.00034029062116277967
2011-04-29,-0.00678081255141934
2011-05-02,0.006418140648977793
2011-05-03,0.014998087798573994
2011-05-04,0.014151443719420299
2011-05-05,0.004226538489317674
2011-05-06,-0.0002993470045154411
2011-05-09,-0.015354885638689185
2011-05-10,-0.00011975535590099377
2011-05-11,0.012141751665197093
2011-05-12,0.0015511637385383073
2011-05-13,-0.002467339275788039
2011-05-16,-0.001796290484723848
2011-05-17,0.0022129427799350526
2011-05-18,-0.013395710494066114
2011-05-19,-0.0007024878020626302
2011-05-20,-0.0019088581506016616
2011-05-23,0.004764749208641001
2011-05-24,-0.0035338790385989307
2011-05-25,-0.010236153390814002
2011-05-26,-0.0016718223420339078
2011-05-27,0.006120155333986313
2011-05-31,0.0013413644800755254
2011-06-01,-0.006471181914616861
2011-06-02,-0.002912879277928486
2011-06-03,-0.00252336962092369
2011-06-06,-0.0007419097733967334
2011-06-07,-0.003197922237638111
2011-06-08,-0.007519012656608391
2011-06-09,-0.0026068182020724663
2011-06-10,0.010309680079792376
2011-06-13,0.007549661517923343
2011-06-14,-0.007466298827927927
2011-06-15,-0.0003231603214283935
2011-06-16,0.0006579415972331877
2011-06-17,0.0012190070786303026
2011-06-20,-0.007442369122089442
2011-06-21,0.002747721711293794
2011-06-22,0.00021354313642022783
2011-06-23,0.0030239660539962123
2011-06-24,-0.0056742892417667775
2011-06-27,-0.0018999983391725613
2011-06-28,-0.009871244438160598
2011-06-29,0.009159616826888622
2011-06-30,0.0010346682953887296
2011-07-01,0.0022668615661198947
2011-07-05,-0.009233020256428566
2011-07-06,-0.008091070181079633
2011-07-07,0.00855146641812686
2011-07-08,-0.008214260018778688
2011-07-11,-0.003758286253239474
2011-07-12,-0.001264940743590027
2011-07-13,-4.853964363882139e-05
2011-07-14,-0.006563692916283797
2011-07-15,-0.003984073612258098
2011-07-18,-0.009833341062990785
2011-07-19,0.0010669358649979372
2011-07-20,0.009031455403608748
2011-07-21,0.009337251727661174
2011-07-22,0.008832911092797605
2011-07-25,-0.0026261544784903106
2011-07-26,0.003170062924184719
2011-07-27,-0.0061623089706982
2011-07-28,-0.0071462278845828165
2011-07-29,0.0020395899972999215
2011-08-01,0.0007942298495495324
2011-08-02,-0.002415318127352882
2011-08-03,0.0032794515255171186
2011-08-04,0.0008547662481548273
2011-08-05,-0.0091693348305136
2011-08-08,-0.012358548490701386
2011-08-09,0.0014736081999043018
2011-08-10,-0.020787474792429133
2011-08-11,0.012623150868633337
2011-08-12,-0.010505284575390654
2011-08-15,0.00571059118439485
2011-08-16,-0.004363224551155828
2011-08-17,-0.00401050246081217
2011-08-18,-0.010363050622914857
2011-08-19,-0.008395532470331493
2011-08-22,-0.007210620679350306
2011-08-23,-0.0028137481025991983
2011-08-24,0.0068083327109298595
2011-08-25,0.004354810756236889
2011-08-26,-0.0010613499069907265
2011-08-29,0.022413725747543346
2011-08-30,-0.01042757300863371
2011-08-31,0.0006185172418289109
2011-09-01,-0.014234283574875078
2011-09-02,-0.020057940539455896
2011-09-06,-0.01578800459027289
2011-09-07,0.025991763482460385
2011-09-08,-0.010350344003492521
2011-09-09,-0.0009547341151369685
2011-09-12,0.0025601553663251266
2011-09-13,0.0026842307747072937
2011-09-14,0.0027899378033290905
2011-09-15,0.007370201803262781
2011-09-16,-0.010623010082529102
2011-09-19,-0.020147634043344985
2011-09-20,-0.014511276839866173
2011-09-21,-0.011932942558836073
2011-09-22,-0.018942810907714235
2011-09-23,0.005066221593384506
2011-09-26,0.020214036320504926
2011-09-27,0.009472196609404697
2011-09-28,-0.01824391816315525
2011-09-29,0.02130784051624799
2011-09-30,-0.019741491990067955
2011-10-03,-0.024195193535997764
2011-10-04,0.02770537164896044
2011-10-05,0.017070455520938204
2011-10-06,0.020140890741637774
2011-10-07,-0.02674308283875294
2011-10-10,0.013265451977761921
2011-10-11,0.002283755060166362
2011-10-12,0.014384265254189014
2011-10-13,-0.012957585046231563
2011-10-14,0.006500912075312314
2011-10-17,-0.016607963647997652
2011-10-18,0.030966627595987544
2011-10-19,-0.014905489097849677
2011-10-20,0.009960109166784376
2011-10-21,0.004566014432437656
2011-10-24,0.023945348665344576
2011-10-25,-0.029196930637561177
2011-10-26,0.020215983637809177
2011-10-27,0.052869911658059626
2011-10-28,0.018744769662982004
2011-10-31,-0.031105023724981504
2011-11-01,-0.02349373234379522
2011-11-02,0.018079998356524202
2011-11-03,0.005970863367175401
2011-11-04,0.004795418543728213
2011-11-07,-0.005261524564445671
2011-11-08,0.005344291984901826
2011-11-09,-0.027099306308362322
2011-11-10,-0.00026755688941458567
2011-11-11,0.00825938495915648
2011-11-14,-0.008518515920652236
2011-11-15,-0.002456380130222435
2011-11-16,-0.0028717130025837758
2011-11-17,-0.014999640112190002
2011-11-18,0.0006288771477859332
2011-11-21,-0.012818204841822427
2011-11-22,-0.016637400746933005
2011-11-23,-0.009869171145958868
2011-11-25,-0.004612650167171637
2011-11-28,0.017524717070678212
2011-11-29,-0.010249842851327426
2011-11-30,0.03943492115895137
2011-12-01,-0.008698102318626874
2011-12-02,0.013781654650861388
2011-12-05,0.018688216831240407
2011-12-06,-0.0077793874724712995
2011-12-07,0.004877802268284906
2011-12-08,-0.028369494281079082
2011-12-09,0.006464566238975676
2011-12-12,-0.019475028668002943
2011-12-13,-0.013790917996255517
2011-12-14,-0.01832531916702753
2011-12-15,-0.010287202729501708
2011-12-16,-0.00037789037518213604
2011-12-19,-0.026608562726708907
2011-12-20,0.02111534571348922
2011-12-21,-0.005917735509454822
2011-12-22,0.027994903920662253
2011-12-23,-0.006220375024797079
2011-12-27,-0.012998696285312134
2011-12-28,-0.011812910188667737
2011-12-29,0.004061836835886856
2011-12-30,0.007702347844592095
2012-01-03,0.010095561490463999
2012-01-04,-0.001336704050601956
2012-01-05,0.007042725828706865
2012-01-06,-0.00024430634896454727
2012-01-09,0.006855412459471407
2012-01-10,0.003945589985971216
2012-01-11,0.008095925716103904
2012-01-12,0.002592729443503159
2012-01-13,-0.006788463929534131
2012-01-17,-0.006403185657679702
2012-01-18,0.008980468136130489
2012-01-19,-0.0013604000138940783
2012-01-20,0.007003818841395029
2012-01-23,0.0011020399804658875
2012-01-24,-0.0012423651949825486
2012-01-25,-0.011727825475027216
2012-01-26,0.005155082615691943
2012-01-27,0.007510302311531264
2012-01-30,-0.002949830558763399
2012-01-31,-0.00026055076386491063
2012-02-01,0.004634090432632941
2012-02-02,0.0009312173039605457
2012-02-03,0.008323240912519903
2012-02-06,0.0020870659244130382
2012-02-07,-0.001376063751684677
2012-02-08,0.0043284882593793575
2012-02-09,0.0015385258267104826
2012-02-10,-0.009007157657618196
2012-02-13,-0.004489198847421186
2012-02-14,-0.007199174954717148
2012-02-15,0.007347280961205244
2012-02-16,0.009413217792260157
2012-02-17,-0.0010269659229059675
2012-02-21,-0.00835260972481768
2012-02-22,-0.01549631254314317
2012-02-23,0.0002133210505151396
2012-02-24,-0.0037261176540592553
2012-02-27,0.004638436968968577
2012-02-28,0.003643873944138412
2012-02-29,-0.008714862118280878
2012-03-01,-0.00032787185414660363
2012-03-02,-0.0008212427329320748
2012-03-05,-0.010517441670498734
2012-03-06,-0.0021046335303764262
2012-03-07,7.020553712002001e-06
2012-03-08,0.001792695831979402
2012-03-09,0.003864287667301406
2012-03-12,-0.0030678721952914923
2012-03-13,0.009675474484605703
2012-03-14,-0.002497028965730411
2012-03-15,0.014412334320656153
2012-03-16,0.0042559737169804044
2012-03-19,1.4380305190185618e-05
2012-03-20,0.004317347493739779
2012-03-21,-0.003043726823944288
2012-03-22,-0.0036443111277994727
2012-03-23,-0.00015651773830190676
2012-03-26,-0.0010297422750322706
2012-03-27,-7.727150631933673e-06
2012-03-28,0.001827989180445287
2012-03-29,-0.00830942614876324
2012-03-30,-0.0035441815349438175
2012-04-02,-0.0015719803069971338
2012-04-03,-0.011784424386058237
2012-04-04,-0.0033723362753503173
2012-04-05,-0.008830100409252539
2012-04-09,-0.0024060696875917668
2012-04-10,0.0035878813879468108
2012-04-11,0.0068411093617551265
2012-04-12,0.006018362274876846
2012-04-13,-0.013664704311004071
2012-04-16,0.004340069237012082
2012-04-17,0.007068350309117345
2012-04-18,-0.009223232079547136
2012-04-19,0.005326050277222724
2012-04-20,-0.00593752760451786
2012-04-23,-0.0022192241801532605
2012-04-24,0.0028314461462166478
2012-04-25,-0.003854639321671222
2012-04-26,-0.0009228213726393072
2012-04-27,-0.003395664755781875
2012-04-30,0.006995168144487197
2012-05-01,0.004755905481973588
2012-05-02,-0.011871263409849933
2012-05-03,-0.0019395517007629467
2012-05-04,-0.004804557100536371
2012-05-07,0.008213440416455598
2012-05-08,-0.005235054296238039
2012-05-09,0.004981683113131013
2012-05-10,-0.0024487658138402316
2012-05-11,-0.009398407920258676
2012-05-14,0.002035384512211774
2012-05-15,-0.011007807012834834
2012-05-16,-0.00932161483046397
2012-05-17,0.007704646009324245
2012-05-18,-0.010541255924046356
2012-05-21,-0.007470788921671152
2012-05-22,-0.0015243979581334615
2012-05-23,4.165724504585676e-05
2012-05-24,0.000517011950798538
2012-05-25,0.005204685619350941
2012-05-29,0.005374831375383678
2012-05-30,-0.011194336915701236
2012-05-31,0.0026062263002003447
2012-06-01,-0.004141557982972012
2012-06-04,-0.0039623450242351884
2012-06-05,0.0009638561264235751
2012-06-06,0.0042031608504882485
2012-06-07,-0.007976433035598323
2012-06-08,0.0025041585609377253
2012-06-11,-0.008734208999150403
2012-06-12,0.007129138303325737
2012-06-13,0.0008882858856842661
2012-06-14,0.001290345744055935
2012-06-15,0.005411875283538062
2012-06-18,-0.009682756114231321
2012-06-19,0.011989808229569406
2012-06-20,0.005894298615769813
2012-06-21,-0.007255511133467082
2012-06-22,0.003042013011728446
2012-06-25,-0.010458761006206374
2012-06-26,-0.0042410002335993065
2012-06-27,0.013151166408310287
2012-06-28,0.004083986138078903
2012-06-29,0.005539606234006534
2012-07-02,0.003393363897018156
2012-07-03,0.009153170552373892
2012-07-05,-0.007364610742937141
2012-07-06,-0.0018556746493084409
2012-07-09,-0.009134185935502328
2012-07-10,-0.004336905306268802
2012-07-11,0.006322659873603624
2012-07-12,-0.009041229879244925
2012-07-13,0.0050190933305718066
2012-07-16,-0.0023232449738856843
2012-07-17,-0.0023802658548793417
2012-07-18,-0.0046874646738687305
2012-07-19,-0.005864336839489402
2012-07-20,-0.0019842173839938553
2012-07-23,0.001571130381881367
2012-07-24,-0.006336603989545384
2012-07-25,-0.004175206205622819
2012-07-26,-0.000711555018793349
2012-07-27,0.013593748490126505
2012-07-30,0.0035456413337093024
2012-07-31,0.010208082517282946
2012-08-01,-0.0014163918421129327
2012-08-02,-0.0015750395867082452
2012-08-03,0.003804209138794087
2012-08-06,0.011099672808332172
2012-08-07,0.009159033113209444
2012-08-08,0.006510302299377939
2012-08-09,0.012888798417134967
2012-08-10,-0.0036234332027753314
2012-08-13,-0.005448178164261513
2012-08-14,-0.006573670618234308
2012-08-15,-0.0013049807133350146
2012-08-16,0.0006105976309025813
2012-08-17,-0.0014752410083795728
2012-08-20,0.007286240375448011
2012-08-21,0.009158139185655305
2012-08-22,-0.0025656772767132818
2012-08-23,-0.011460573856666158
2012-08-24,-0.0035069757705381613
2012-08-27,-0.005600592167203864
2012-08-28,-0.0006905607317962195
2012-08-29,-0.00247662231999787
2012-08-30,-0.010046618310129716
2012-08-31,0.0013078034408225928
2012-09-04,-0.005511604023006046
2012-09-05,0.005591630776375843
2012-09-06,0.009227842162569076
2012-09-07,0.01628486508681476
2012-09-10,-9.041124993258227e-05
2012-09-11,0.015323452135871548
2012-09-12,0.0026399016761820752
2012-09-13,0.0069973174731240585
2012-09-14,0.008203572686609822
2012-09-17,-0.012690669455199824
2012-09-18,-0.009295860183529358
2012-09-19,-0.0015660987094961295
2012-09-20,-0.006569326888432224
2012-09-21,-0.00821445019322678
2012-09-24,-0.00667257011451087
2012-09-25,-0.013294389229453018
2012-09-26,0.003141798780646411
2012-09-27,0.008441642008605229
2012-09-28,-0.007763708049423127
2012-10-01,-0.002164164859316831
2012-10-02,-0.0003347159063523013
2012-10-03,-0.007657380442755875
2012-10-04,0.00937100696182487
2012-10-05,-0.004323987369428802
2012-10-08,0.005105677039726658
2012-10-09,0.008549417185189744
2012-10-10,0.0014776024929720455
2012-10-11,0.015917069797474766
2012-10-12,-0.008634056043615397
2012-10-15,0.0014963910823936383
2012-10-16,0.005490435030563221
2012-10-17,0.012231821288660164
2012-10-18,0.002543865507950546
2012-10-19,-0.011897550983732406
2012-10-22,0.003773904460729243
2012-10-23,-0.002862007288640747
2012-10-24,-0.007394128309458156
2012-10-25,0.005507348409370634
2012-10-26,-0.002974065402701207
2012-10-31,0.0037182048791572393
2012-11-01,0.006828658574787171
2012-11-02,-0.009518988883552812
2012-11-05,0.003429277670421312
2012-11-06,0.007420247138117265
2012-11-07,-0.017798035192649893
2012-11-08,-0.0009616785241476907
2012-11-09,-0.002497251291012117
2012-11-12,-0.0013202754810700851
2012-11-13,-0.004047716081585426
2012-11-14,-0.0015624779363615634
2012-11-15,-0.0003624411353423732
2012-11-16,-0.008614431798527668
2012-11-19,0.0033368152567537536
2012-11-20,-0.012139601108034767
2012-11-21,0.002327751827541537
2012-11-23,0.000951477475498933
2012-11-26,0.0030182753167365918
2012-11-27,0.0036194746749603525
2012-11-28,0.0006629287396271199
2012-11-29,-0.0011774160821386313
2012-11-30,-0.0018219671301490325
2012-12-03,-0.0004369403955388844
2012-12-04,0.009089192087028262
2012-12-05,0.005363306986408021
2012-12-06,0.005170996726117672
2012-12-07,0.001461945715668125
2012-12-10,0.0038219119346943635
2012-12-11,0.005587317136140928
2012-12-12,0.0053498242411586135
2012-12-13,0.0036346682843309626
2012-12-14,0.009343470767126777
2012-12-17,-0.005240312035691699
2012-12-18,0.011242616672793467
2012-12-19,0.008496533240064398
2012-12-20,-0.0007770853897386943
2012-12-21,-0.0028472567139273086
2012-12-24,-0.003357803835437171
2012-12-26,0.00808309442113698
2012-12-27,-0.005749044958805962
2012-12-28,-0.0029025374266719362
2012-12-31,0.006475457333354723
2013-01-02,0.0015408039760387853
2013-01-03,0.00320624814770531
2013-01-04,0.006153689456450691
2013-01-07,-0.0025535415200021038
2013-01-08,-0.008409456416543743
2013-01-09,-0.00318151871697054
2013-01-10,0.00416250325617729
2013-01-11,-0.002395374594746838
2013-01-14,0.0018070199556597807
2013-01-15,0.006070189993616527
2013-01-16,-0.002100051830962308
2013-01-17,6.743928746553705e-05
2013-01-18,0.006989029770645043
2013-01-22,0.007257467650427919
2013-01-23,-0.011176066508296317
2013-01-24,0.0023211041734266615
2013-01-25,0.0052954313757293744
2013-01-28,-0.003367157101771219
2013-01-29,0.00286830359186753
2013-01-30,-0.0007609449432940334
2013-01-31,0.0015385763958956655
2013-02-01,-0.002566198941947024
2013-02-04,0.001479492382345536
2013-02-05,-0.0018019054371302176
2013-02-06,0.003553233046422253
2013-02-07,-0.0023612312602916156
2013-02-08,-0.0018114740814604564
2013-02-11,0.0005439268229971922
2013-02-12,0.0012400514325081448
2013-02-13,-0.005962852118099261
2013-02-14,0.0037133771578017165
2013-02-15,-0.00972243460322898
2013-02-19,0.0006249422699267094
2013-02-20,-0.009251532162565287
2013-02-21,-0.004929093573896073
2013-02-22,3.664621007389993e-05
2013-02-25,-0.007213969111191545
2013-02-26,-0.002040556540990857
2013-02-27,-0.002490867816774757
2013-02-28,-0.006804963516177867
2013-03-01,-0.012367697599340881
2013-03-04,-0.016315483108914428
2013-03-05,-0.0029081526695339047
2013-03-06,0.009574605559977691
2013-03-07,0.006312339716717451
2013-03-08,-0.0002096582106710019
2013-03-11,-0.0006702546211040274
2013-03-12,0.0038995190737328277
2013-03-13,-0.0016761557807473215
2013-03-14,0.0012316015156630755
2013-03-15,0.007281365774344291
2013-03-18,0.0021684488156771134
2013-03-19,-0.010557353488021894
2013-03-20,-0.002661793660743222
2013-03-21,-0.002382408413370743
2013-03-22,-0.002598517358066497
2013-03-25,0.002413202418719346
2013-03-26,-0.0054771936245126916
2013-03-27,-0.0035900558729535306
2013-03-28,-0.004946352624088312
2013-04-01,-0.007966319723304941
2013-04-02,-0.014458057803525529
2013-04-03,-0.00038165367246295677
2013-04-04,0.00028179749701812395
2013-04-05,-0.0028546298125621396
2013-04-08,-0.002171980164626554
2013-04-09,0.011398283429888249
2013-04-10,-0.006185472020782323
2013-04-11,-0.004974398240686659
2013-04-12,-0.005161570768845596
2013-04-15,-0.006494290204439574
2013-04-16,-0.0028643992703870015
2013-04-17,-0.00878694747141103
2013-04-18,0.006683181011193687
2013-04-19,-0.015474251313624792
2013-04-22,0.0015717934930008829
2013-04-23,0.005815147685851628
2013-04-24,0.02038980140005962
2013-04-25,0.005835009781046634
2013-04-26,0.0005413598639007641
2013-04-29,0.005883033465991734
2013-04-30,0.005916675029835404
2013-05-01,-0.002087885642116616
2013-05-02,-0.006365752342591005
2013-05-03,0.005594922935860233
2013-05-06,0.005575066482935043
2013-05-07,-0.005468859276830321
2013-05-08,0.013609184408395333
2013-05-09,0.0022801439805678766
2013-05-10,0.0007854655472340841
2013-05-13,-0.010015223966921548
2013-05-14,-0.009800925751850991
2013-05-15,-0.004661642696911532
2013-05-16,0.01057495874674459
2013-05-17,-0.001610671462428513
2013-05-20,0.01305851353182829
2013-05-21,-0.0046211744260766
2013-05-22,-0.003784380706863187
2013-05-23,0.002151957820939943
2013-05-24,-0.003852756175135002
2013-05-28,-0.002358176254905707
2013-05-29,0.003628283231791526
2013-05-30,0.0021582208534596213
2013-05-31,0.0028909061125748136
2013-06-03,0.002965343660129144
2013-06-04,0.007581889922371619
2013-06-05,0.006830768745681873
2013-06-06,-0.006474362638504485
2013-06-07,-0.006848365503909453
2013-06-10,-0.0009712510055322456
2013-06-11,-0.004031753717415483
2013-06-12,0.006566045397258245
2013-06-13,0.002289599626180589
2013-06-14,-0.007648700560208477
2013-06-17,0.0016200689367257873
2013-06-18,-0.0001244042468043421
2013-06-19,0.002784034060304561
2013-06-20,0.002780979042203969
2013-06-21,-0.004985698001552464
2013-06-24,-0.008435453953510997
2013-06-25,0.00012253482689103274
2013-06-26,-0.012483350699648673
2013-06-27,0.005021336457739793
2013-06-28,0.005194660581837453
2013-07-01,-0.0012993233556579569
2013-07-02,0.002370111060827622
2013-07-03,-0.0045868305346827044
2013-07-05,-0.006447448744073025
2013-07-08,0.00048128468555154626
2013-07-09,-0.0011297221523856769
2013-07-10,-0.0012616615633438898
2013-07-11,0.0062994127483895716
2013-07-12,-0.005346009291208844
2013-07-15,0.0008443575802357959
2013-07-16,0.005040463357132335
2013-07-17,-0.005669132203841716
2013-07-18,-0.0002541710408935656
2013-07-19,-0.009052415969728562
2013-07-22,-0.0009178321295679441
2013-07-23,0.007536313544325449
2013-07-24,-0.005159962196680159
2013-07-25,-8.786016481293533e-05
2013-07-26,0.004693515321297087
2013-07-29,0.00433211005197961
2013-07-30,-0.007123389893195227
2013-07-31,-0.0060071772890110155
2013-08-01,-0.0029741595304959736
2013-08-02,-0.0023962081309132524
2013-08-05,0.0005207721480002195
2013-08-06,-0.0009230646447356984
2013-08-07,0.0005174038365815095
2013-08-08,0.014910762119080517
2013-08-09,0.00883032137443573
2013-08-12,0.008057875467762172
2013-08-13,-0.004685773714342685
2013-08-14,0.010677550917325737
2013-08-15,0.006723461550612378
2013-08-16,-0.005109459658521222
2013-08-19,-0.008330127227039926
2013-08-20,0.001475478374261634
2013-08-21,-0.0047024949658300745
2013-08-22,-2.16052587633899e-05
2013-08-23,0.005434647197782148
2013-08-26,-0.0015343864450893827
2013-08-27,-0.0004662167234413913
2013-08-28,-0.004699387585466223
2013-08-29,-0.004655594997627486
2013-08-30,0.004448288156228586
2013-09-03,-0.004929145900567223
2013-09-04,0.004973768496037529
2013-09-05,0.002619832287900941
2013-09-06,0.004270224292224477
2013-09-09,0.002472889872602609
2013-09-10,-0.0032884410860338337
2013-09-11,-0.004196036349154748
2013-09-12,-0.005403826892205173
2013-09-13,-0.0011511279393719024
2013-09-16,-0.0062877703335116365
2013-09-17,0.0030532477681795974
2013-09-18,0.0022461312319043574
2013-09-19,-0.006045981265519094
2013-09-20,-0.005654180891609968
2013-09-23,0.0020500233577807297
2013-09-24,-0.0016573906089070686
2013-09-25,-0.003510613817709396
2013-09-26,-0.0029489960761833675
2013-09-27,-0.012014405440953498
2013-09-30,0.0023881023732669356
2013-10-01,-0.002341789009480808
2013-10-02,0.003956973943359843
2013-10-03,-0.0012722305030962349
2013-10-04,-0.0024248075056117328
2013-10-07,0.005391544606149123
2013-10-08,0.0022271204570962788
2013-10-09,0.0031744021454515555
2013-10-10,-0.010303550553379788
2013-10-11,-0.003575549267158773
2013-10-14,0.0021155881458297305
2013-10-15,-0.0003375002231528111
2013-10-16,-0.004110619893694693
2013-10-17,-0.002227769821756492
2013-10-18,0.0006785300204379308
2013-10-21,0.001450067564995347
2013-10-22,-0.0027324241388871845
2013-10-23,-0.002933680542680196
2013-10-24,-0.001591930887868938
2013-10-25,0.0046991753099459785
2013-10-28,0.00678932132879879
2013-10-29,0.003429487966459989
2013-10-30,0.0026280546750014596
2013-10-31,-0.0009066026982285266
2013-11-01,-0.0022395840976409576
2013-11-04,0.009133302946252097
2013-11-05,-0.002184365599601687
2013-11-06,0.004626355207554493
2013-11-07,0.006220129021431771
2013-11-08,-0.0015882353240534023
2013-11-11,-0.0006124675067645525
2013-11-12,-0.0003524543117626938
2013-11-13,-0.00034882426420140275
2013-11-14,-0.0069597267722776536
2013-11-15,0.00245921057453535
2013-11-18,-0.003396614932369947
2013-11-19,0.002582161506165451
2013-11-20,-0.00018572856774611352
2013-11-21,-0.010276201862020818
2013-11-22,-0.00986091204543123
2013-11-25,-0.0003149502173218788
2013-11-26,-0.0026197580197411994
2013-11-27,0.005247653203583478
2013-11-29,0.0026188694943416746
2013-12-02,-0.0037748815807184767
2013-12-03,0.005473676231572906
2013-12-04,0.006172474160957068
2013-12-05,-0.0005090286949228158
2013-12-06,-0.003842520781682072
2013-12-09,0.0025494013945073246
2013-12-10,-0.0008875757777171859
2013-12-11,-0.002069555520720429
2013-12-12,-0.0010781106679781272
2013-12-13,-0.0041524161724577355
2013-12-16,0.0033940584652772817
2013-12-17,0.0019237200188737715
2013-12-18,-0.00875605538585318
2013-12-19,0.002500699819644825
2013-12-20,-0.0019710477184735156
2013-12-23,0.005157642551673689
2013-12-24,0.0027809232052588865
2013-12-26,-0.0017179360175468689
2013-12-27,0.006808775133318288
2013-12-30,-0.0014113699433055665
2013-12-31,0.0013896203002267283
2014-01-02,0.0010248425946242428
2014-01-03,-0.0020266655352658147
2014-01-06,0.003042405900670163
2014-01-07,-0.005401859215381923
2014-01-08,-0.010066409491953478
2014-01-09,-0.004111519178864927
2014-01-10,0.0034413714738561183
2014-01-13,0.008681072742101479
2014-01-14,-0.004238076837342396
2014-01-15,0.004274352822913274
2014-01-16,0.0009333040063765652
2014-01-17,-0.003949155023913582
2014-01-21,-0.0025714413940613645
2014-01-22,-0.005783534367485317
2014-01-23,0.007641891178968275
2014-01-24,0.006114169755353138
2014-01-27,0.004489240532133425
2014-01-28,-0.007695778814879606
2014-01-29,0.005555889825102402
2014-01-30,-0.020302655208002698
2014-01-31,0.0004890452125476999
2014-02-03,0.0030381534677653885
2014-02-04,-0.005738989106160013
2014-02-05,0.001802045747895549
2014-02-06,-0.0012991267980837322
2014-02-07,-0.01048649335864768
2014-02-10,-0.0011691472546898772
2014-02-11,0.0009211418203528882
2014-02-12,-0.0030715676496371374
2014-02-13,-0.008475471978954803
2014-02-14,0.0027562950320749835
2014-02-18,-0.006372349032073571
2014-02-19,0.0038223090232255463
2014-02-20,-0.003026961412000295
2014-02-21,-0.004810659536861982
2014-02-24,-0.0030785253623215377
2014-02-25,-0.00045401114586161303
2014-02-26,0.0035317366837828395
2014-02-27,-0.0003280758661666463
2014-02-28,0.0039657048901166865
2014-03-03,0.0016248636321805592
2014-03-04,-0.0048179446909121905
2014-03-05,-0.0005605615183269482
2014-03-06,0.005085925616668261
2014-03-07,0.00289390408488342
2014-03-10,-0.0033393663530935187
2014-03-11,0.0019323237907203396
2014-03-12,-0.001651611397863223
2014-03-13,0.005817288912692058
2014-03-14,0.0023272911785449323
2014-03-17,-0.004296277965556568
2014-03-18,-0.00040104148077963565
2014-03-19,0.004363040638474674
2014-03-20,0.004842841616358827
2014-03-21,0.017036135421395475
2014-03-24,0.008272355298814815
2014-03-25,0.004635799322586563
2014-03-26,0.006085770920599277
2014-03-27,0.0005269606287844543
2014-03-28,0.003708423782353794
2014-03-31,-0.006409070947709249
2014-04-01,-0.0071240864881523605
2014-04-02,0.0037946955051599706
2014-04-03,0.0080576988837855
2014-04-04,0.013311356374449915
2014-04-07,0.005784017471730266
2014-04-08,0.004225403801050649
2014-04-09,-0.0162031776861439
2014-04-10,0.013460084235767044
2014-04-11,-0.00046030774633586
2014-04-14,0.00043185831123660335
2014-04-15,-0.004181834550670103
2014-04-16,-0.0065487181871546314
2014-04-17,-0.0035903628105128666
2014-04-21,-0.002094450046067972
2014-04-22,-0.005936468358540279
2014-04-23,-0.0017033973530872968
2014-04-24,0.003674220329293311
2014-04-25,0.006829427415074156
2014-04-28,0.004139327189303402
2014-04-29,-0.005936543651408436
2014-04-30,-0.0020447788169874583
2014-05-01,-0.0027484540998260663
2014-05-02,-0.0020328053796022532
2014-05-05,-0.006990162869425149
2014-05-06,-0.007273500553294241
2014-05-07,-0.012648213156633583
2014-05-08,0.008874824112277573
2014-05-09,0.00024181036429696793
2014-05-12,-0.0011599787836531837
2014-05-13,-0.0015299665420626428
2014-05-14,0.0016171507234809413
2014-05-15,0.0026161697569417786
2014-05-16,0.0017696765333280297
2014-05-19,-0.0018239331245432568
2014-05-20,-0.0008127475408193365
2014-05-21,-0.0014281982028820468
2014-05-22,0.002754752290175889
2014-05-23,0.0007459016112676365
2014-05-27,0.0023252646830272177
2014-05-28,-0.003872450029707713
2014-05-29,-0.0028741607782121724
2014-05-30,-0.0015091198628670753
2014-06-02,-0.0023895093961023065
2014-06-03,0.0013712355700020533
2014-06-04,0.001328524711118371
2014-06-05,0.003825323813570065
2014-06-06,0.00044996596809830755
2014-06-09,0.005025147728357084
2014-06-10,0.0003341058418911641
2014-06-11,-0.004366870706722857
2014-06-12,0.004541941055470883
2014-06-13,0.000571402826179506
2014-06-16,-0.0008196800835995892
2014-06-17,0.005267852588324196
2014-06-18,-0.00406617754988794
2014-06-19,-0.006201581988441011
2014-06-20,-0.00955421892449843
2014-06-23,0.00458553911494131
2014-06-24,0.008437585476610094
2014-06-25,-0.008049916230689966
2014-06-26,-0.0018955462297780999
2014-06-27,0.0002766286539555232
2014-06-30,0.00046292496713088306
2014-07-01,-3.4784666068716726e-05
2014-07-02,0.00534801909166349
2014-07-03,0.00020348474998594317
2014-07-07,0.004613399693684024
2014-07-08,-0.0011158756576136405
2014-07-09,-0.0005945064828754358
2014-07-10,5.7967814491643085e-05
2014-07-11,0.004675356438908073
2014-07-14,-0.00424308010932563
2014-07-15,0.004244626515337359
2014-07-16,-0.005650391347355334
2014-07-17,0.011859173778459839
2014-07-18,-0.002020407404618539
2014-07-21,-0.002344379788078997
2014-07-22,-0.0037447596395546777
2014-07-23,-0.0007448974448578802
2014-07-24,0.003175998435959682
2014-07-25,-0.001727835544501855
2014-07-28,0.005962990384845486
2014-07-29,0.0032560042823196775
2014-07-30,0.003644167240826645
2014-07-31,0.006322037637864651
2014-08-01,-0.0041602655166784
2014-08-04,-0.00539530064867414
2014-08-05,0.011145732766489858
2014-08-06,0.007866425113946541
2014-08-07,0.005026057465157714
2014-08-08,0.00037079742872719325
2014-08-11,-0.000454102317836291
2014-08-12,-0.0006788230727239363
2014-08-13,-0.007357538942011637
2014-08-14,0.0063127578458855105
2014-08-15,-0.007036430434012575
2014-08-18,0.005905832285608928
2014-08-19,0.0011428924910072517
2014-08-20,0.0007412589212417662
2014-08-21,0.0012222177685276444
2014-08-22,0.00201201207558164
2014-08-25,-0.007245391992161277
2014-08-26,0.0008499211530674826
2014-08-27,0.003592805218075458
2014-08-28,-0.002102264384640959
2014-08-29,-0.00133539891446317
2014-09-02,-0.002920124895731475
2014-09-03,-0.0038984571544528716
2014-09-04,0.007953351149668796
2014-09-05,-0.004368008452349161
2014-09-08,-0.0029913357332058
2014-09-09,-0.0017545224214658805
2014-09-10,-0.0016360816783778987
2014-09-11,0.001395294705735142
2014-09-12,0.0024249924228899288
2014-09-15,0.0030227300846786633
2014-09-16,-0.0077910261314006355
2014-09-17,0.0012110484711465926
2014-09-18,-0.002719012758946907
2014-09-19,-0.0005885521862847006
2014-09-22,-0.001146256884319068
2014-09-23,-0.0020876051518633957
2014-09-24,-0.008398224563597791
2014-09-25,0.0025084406548978905
2014-09-26,-0.0036788971837087084
2014-09-29,-0.005786448121175163
2014-09-30,0.002978667263090036
2014-10-01,0.0019721717471811646
2014-10-02,0.0040700405512916656
2014-10-03,-0.012447418441317469
2014-10-06,0.008235078659836787
2014-10-07,-0.0006752694893188435
2014-10-08,-0.005020179864331316
2014-10-09,-0.003513377909815668
2014-10-10,0.004394053088541349
2014-10-13,0.00640130069577455
2014-10-14,0.00900574392719476
2014-10-15,0.009484553884297595
2014-10-16,0.0012144819073999944
2014-10-17,-0.01326482763239543
2014-10-20,-0.004665474111299586
2014-10-21,-0.003425636241734785
2014-10-22,-0.0033847526374749903
2014-10-23,-0.003702026679134888
2014-10-24,-0.01317379594889357
2014-10-27,-0.011172885809785397
2014-10-28,0.008681206236614563
2014-10-29,0.0017151643519416977
2014-10-30,-0.0059426434546286195
2014-10-31,0.003974174243651482
2014-11-03,-0.0060968193191158725
2014-11-04,-0.017474702743797265
2014-11-05,0.011247292641241906
2014-11-06,0.002290209261141024
2014-11-07,0.008583305605479945
2014-11-10,-0.011967696913551094
2014-11-11,0.000604555434258914
2014-11-12,-0.0027593633288257474
2014-11-13,-0.0022237181783800433
2014-11-14,0.013854413428991236
2014-11-17,-0.00499392293656682
2014-11-18,-0.007661327206627841
2014-11-19,0.0006965940969205104
2014-11-20,0.008836574836501616
2014-11-21,0.0049774808717946125
2014-11-24,-0.008976897372035388
2014-11-25,-0.0042653336544912525
2014-11-26,-0.013744534933203949
2014-11-28,-0.03156093222048019
2014-12-01,-0.0033800775219684125
2014-12-02,-0.0072568753241024206
2014-12-03,0.007610608988756015
2014-12-04,-0.008541116104432561
2014-12-05,-0.008204554270918
2014-12-08,-0.026029238067807832
2014-12-09,0.008393633080248758
2014-12-10,-0.008570237299429257
2014-12-11,-0.006349131450331055
2014-12-12,0.0006876794712770033
2014-12-15,-0.003645767070453015
2014-12-16,0.012003361079503866
2014-12-17,0.014875155781756062
2014-12-18,-0.0036273192197678085
2014-12-19,0.01631831274427306
2014-12-22,-0.0069184775429495995
2014-12-23,0.02002169510800064
2014-12-24,-0.009559438127112201
2014-12-26,-0.0019573144899466873
2014-12-29,0.0012940155410984867
2014-12-30,-0.002600926775560985
2014-12-31,0.000621837812700128
2015-01-02,-0.0011856733487094172
2015-01-05,-0.007983513703438794
2015-01-06,-0.0002553008670797433
2015-01-07,-0.008415787733591081
2015-01-08,-0.0018727139128460065
2015-01-09,-0.0011558245107696364
2015-01-12,0.0022184705179773214
2015-01-13,-0.002105076900514801
2015-01-14,-0.006877409769108118
2015-01-15,0.00124691784967509
2015-01-16,-0.000929748740667466
2015-01-20,-0.005486122773266419
2015-01-21,0.010411494374697875
2015-01-22,0.0017651616114113878
2015-01-23,-0.005328391790872323
2015-01-26,0.002743288880284419
2015-01-27,0.004206900150714254
2015-01-28,-0.006356213194179424
2015-01-29,-0.002547128538340234
2015-01-30,0.011862633072320578
2015-02-02,0.013959674241875983
2015-02-03,0.01076299539122581
2015-02-04,-0.0017477983395121285
2015-02-05,-0.0023611424140587076
2015-02-06,0.00885875632860318
2015-02-09,0.009823232049985664
2015-02-10,-0.007023694556977374
2015-02-11,-0.005241355917771768
2015-02-12,0.0022124008854204204
2015-02-13,0.008434902833646424
2015-02-17,-0.0040860586574431555
2015-02-18,-0.0024146265166300586
2015-02-19,-0.004290410014538789
2015-02-20,-0.00776778509538665
2015-02-23,-0.005130885491830348
2015-02-24,0.006140442067090567
2015-02-25,0.0032536708592819626
2015-02-26,-0.006095989112192312
2015-02-27,0.00035225974536039217
2015-03-02,-0.00330671125314586
2015-03-03,0.0043827682761211455
2015-03-04,-0.003422768830006838
2015-03-05,-0.007321482669961933
2015-03-06,-0.0032078431203737268
2015-03-09,-0.010143490210094683
2015-03-10,-0.002597750500421676
2015-03-11,3.020403752491697e-05
2015-03-12,-0.006405862468333748
2015-03-13,-0.0075706190848776585
2015-03-16,-0.007648444421071755
2015-03-17,-0.00467899014615272
2015-03-18,0.0066200131709715625
2015-03-19,-0.01596104162420736
2015-03-20,0.003047570632554549
2015-03-23,0.010058656643075502
2015-03-24,0.001348058990077287
2015-03-25,0.01584694489491537
2015-03-26,0.00254052672244088
2015-03-27,-0.009340838255364015
2015-03-30,0.0032446578461590857
2015-03-31,0.006498146867899712
2015-04-01,0.0038768634300049578
2015-04-02,0.00464882969005408
2015-04-06,0.010704591407238577
2015-04-07,-0.002972897934649967
2015-04-08,-0.008051715980052712
2015-04-09,0.005320289681674804
2015-04-10,-0.0030605120280992916
2015-04-13,0.0028726918370335923
2015-04-14,0.007705239213168105
2015-04-15,0.014729082414098276
2015-04-16,0.0014580319862444891
2015-04-17,0.002899282685904745
2015-04-20,-0.00024010109284955484
2015-04-21,-0.01661078916879866
2015-04-22,-0.0017469195831915877
2015-04-23,0.0073104027968296775
2015-04-24,0.0022923108447065674
2015-04-27,0.01036191251979222
2015-04-28,0.0021641125198052385
2015-04-29,0.012048747752060463
2015-04-30,0.011365269838551503
2015-05-01,-0.01021256701021292
2015-05-04,-0.0014798438180938702
2015-05-05,0.0031777136408340997
2015-05-06,-0.004898187543462137
2015-05-07,-0.013088446199830205
2015-05-08,-0.0018027597133483725
2015-05-11,-0.005401328226038002
2015-05-12,0.004500454298759721
2015-05-13,-0.0008858844630625848
2015-05-14,-0.011588112542182678
2015-05-15,0.0013756857369130204
2015-05-18,-0.0027653815627245873
2015-05-19,-0.010019730742765945
2015-05-20,0.002161429923203942
2015-05-21,0.007752528050160421
2015-05-22,-0.005333193753824922
2015-05-26,-0.006155611192985173
2015-05-27,-0.015583660868961723
2015-05-28,-0.003984131909684427
2015-05-29,0.0004062886655724988
2015-06-01,-0.003747968925643048
2015-06-02,0.012597742785670173
2015-06-03,-0.0030748233453301143
2015-06-04,-0.0027982581386647777
2015-06-05,0.0022884747485078585
2015-06-08,-0.002002693404685429
2015-06-09,-0.0009098434864590907
2015-06-10,-0.0008745844578766838
2015-06-11,-0.0072912968070742885
2015-06-12,-0.0008150502622677852
2015-06-15,-0.003399352170957039
2015-06-16,0.0010040091993980538
2015-06-17,-0.0020363034739399495
2015-06-18,-0.011460848594463714
2015-06-19,-0.004671247196758358
2015-06-22,-0.0033232134132565867
2015-06-23,0.0011706671185793024
2015-06-24,0.0025160046433029813
2015-06-25,-0.011186361843255999
2015-06-26,0.0030942422349706155
2015-06-29,0.0003577857570598299
2015-06-30,-0.002941751520429803
2015-07-01,-0.016374153608514023
2015-07-02,0.0015833100103406878
2015-07-06,-0.01056862722989318
2015-07-07,0.006754978040908899
2015-07-08,-0.007317631941016042
2015-07-09,0.0022351014856032488
2015-07-10,-0.013411143205960749
2015-07-13,-0.0009265354943029664
2015-07-14,0.0004922869159839797
2015-07-15,-0.01541963017342121
2015-07-16,-0.003943051579152014
2015-07-17,-0.012841567146340946
2015-07-20,-0.014638393760471144
2015-07-21,7.397633995643011e-05
2015-07-22,-0.01241910045323925
2015-07-23,0.00386121328369011
2015-07-24,-0.0014299517379110394
2015-07-27,-0.00531035030218178
2015-07-28,0.010138556185681871
2015-07-29,0.008196335177312527
2015-07-30,-0.0013618106401873037
2015-07-31,-0.014929537852450636
2015-08-03,-0.02021381009719721
2015-08-04,-0.005065677433329148
2015-08-05,-0.01099716519481928
2015-08-06,0.03050510316731644
2015-08-07,-0.007792925602202031
2015-08-10,0.02330934891810823
2015-08-11,-0.004954433873106189
2015-08-12,0.008139560117383648
2015-08-13,-0.014834429832664026
2015-08-14,-0.0068693060539451005
2015-08-17,-0.004431315215501332
2015-08-18,-0.0016135305401756925
2015-08-19,-0.01608822626669726
2015-08-20,0.0010680950702702924
2015-08-21,0.006182201594126577
2015-08-24,-0.005637498500056399
2015-08-25,-0.007472218793426954
2015-08-26,-0.008771546159923897
2015-08-27,0.03411768412318373
2015-08-28,0.016844179583271106
2015-08-31,0.023959186387009744
2015-09-01,-0.005485462760403628
2015-09-02,-0.012108040829160645
2015-09-03,0.004881486749528882
2015-09-04,-0.003861835057938546
2015-09-08,-0.00759772777976539
2015-09-09,-0.0019836618213645058
2015-09-10,0.00015813176880962902
2015-09-11,-0.01180786299767902
2015-09-14,0.00036482351034125874
2015-09-15,-0.0009970458122492056
2015-09-16,0.025614770878302374
2015-09-17,-0.012671510434933113
2015-09-18,-0.011707404000447553
2015-09-21,0.00042180834503147786
2015-09-22,-0.005779238581219135
2015-09-23,-0.019804621510602322
2015-09-24,0.008821436294627043
2015-09-25,0.0077656805720208244
2015-09-28,-0.002212670386029868
2015-09-29,0.0026159807488554134
2015-09-30,0.003460341677184932
2015-10-01,-0.016720545844193337
2015-10-02,0.03192324980527162
2015-10-05,0.020486452004400746
2015-10-06,0.038072345491123184
2015-10-07,0.0066290461365904095
2015-10-08,0.013043643127464338
2015-10-09,-0.01202244297970568
2015-10-12,-0.024749584284390017
2015-10-13,0.0018194557111158396
2015-10-14,0.018703516565196712
2015-10-15,-0.00519794539637468
2015-10-16,-0.013405204906527074
2015-10-19,-0.016850095507138826
2015-10-20,0.014133250862533519
2015-10-21,-0.0043761511819694595
2015-10-22,0.004593364986248844
2015-10-23,-0.008076169052858689
2015-10-26,-0.024314535897662595
2015-10-27,-0.02555096980283593
2015-10-28,0.014104761618746553
2015-10-29,-0.003463186223416141
2015-10-30,0.011662284114956784
2015-11-02,0.006140728222306345
2015-11-03,0.019463482849180654
2015-11-04,-0.0029386588519518036
2015-11-05,-0.010967159121982638
2015-11-06,0.00045050082236719246
2015-11-09,0.001239711883231227
2015-11-10,-0.010832537813903679
2015-11-11,-0.014816077048123762
2015-11-12,-0.004078435521476747
2015-11-13,0.005973546691765438
2015-11-16,0.008863431163730855
2015-11-17,-0.020518374674420373
2015-11-18,-0.0020610809362922697
2015-11-19,-0.0005456431696444498
2015-11-20,-0.016993576099665012
2015-11-23,-0.0004592940195036845
2015-11-24,0.020573805912281404
2015-11-25,-0.0034288573178047166
2015-11-27,-0.01257978649843589
2015-11-30,0.01604445698279602
2015-12-01,-0.0024766118320144145
2015-12-02,-0.008816325640135963
2015-12-03,5.7202811834912506e-05
2015-12-04,-0.02812752038030798
2015-12-07,0.00019506307219105398
2015-12-08,-0.014900686082264915
2015-12-09,0.019405151618368765
2015-12-10,-0.0023562443778368134
2015-12-11,-0.012445472161534556
2015-12-14,-0.013859662202135779
2015-12-15,0.006720761434599099
2015-12-16,-0.012219419505317405
2015-12-17,-0.01862765164081114
2015-12-18,0.009005828272277664
2015-12-21,-0.0028532675248596003
2015-12-22,0.00940071292157048
2015-12-23,0.028119998227195315
2015-12-24,-0.0020374992819799046
2015-12-28,-0.015548911379901869
2015-12-29,0.0005876201755456484
2015-12-30,-0.01003287082805617
2015-12-31,0.01295613126239854
2016-01-04,0.009147349147688834
2016-01-05,0.0005440094922527954
2016-01-06,-0.018711114965081196
2016-01-07,-0.007871724745575034
2016-01-08,0.006697258793470985
2016-01-11,-0.01928366221731046
2016-01-12,-0.011196930252850923
2016-01-13,0.004306572258177509
2016-01-14,0.012332258872503301
2016-01-15,-0.001321880540854097
2016-01-19,-0.010899502238557153
2016-01-20,0.0005198872241542253
2016-01-21,0.013352386795138073
2016-01-22,0.00010985292674680841
2016-01-25,-0.009093786297085609
2016-01-26,0.011616215028257717
2016-01-27,0.013198762525393506
2016-01-28,-0.009941429513251903
2016-01-29,0.007791343173207127
2016-02-01,-0.0020139349772785526
2016-02-02,-0.001862934849064382
2016-02-03,0.022181064572208767
2016-02-04,0.01127895998802387
2016-02-05,0.015966891587803376
2016-02-08,-0.0013029009198369313
2016-02-09,-0.005139988778848475
2016-02-10,-0.011729184811827798
2016-02-11,-0.006218391656297267
2016-02-12,0.006081744981478534
2016-02-16,0.010516478664009477
2016-02-17,-0.002807052991064153
2016-02-18,0.007613525850466204
2016-02-19,-0.004390240277866354
2016-02-22,0.0037237411255362537
2016-02-23,-0.003166290612696117
2016-02-24,0.0030154518476488285
2016-02-25,-0.00473901966043697
2016-02-26,0.0015837695457884145
2016-02-29,-0.00022105165908167337
2016-03-01,-0.004106464444505369
2016-03-02,0.004220074323259481
2016-03-03,-0.0007589196979078178
2016-03-04,-0.001489890719988347
2016-03-07,0.013918879804633858
2016-03-08,-0.011571241674634644
2016-03-09,-0.0019082842978326725
2016-03-10,-0.0032173242568217584
2016-03-11,0.0057771931416514
2016-03-14,-0.004001488309602929
2016-03-15,-0.009388711677641895
2016-03-16,-0.0021808245244604053
2016-03-17,-0.0024927777123407817
2016-03-18,0.01262090964558837
2016-03-21,-0.0012459202796047926
2016-03-22,0.005237143850047301
2016-03-23,-0.004305885947430145
2016-03-24,-0.007003358585565098
2016-03-28,-0.002482126705338654
2016-03-29,-0.0010994200813947037
2016-03-30,0.0027331121406011885
2016-03-31,0.0011213132126520991
2016-04-01,0.0030657810625658514
2016-04-04,0.003166283129486332
2016-04-05,-0.007416303397174596
2016-04-06,0.009035745529090046
2016-04-07,-0.006048520322094427
2016-04-08,-0.002937206422976993
2016-04-11,-0.0016399809224474037
2016-04-12,-0.007551366506202333
2016-04-13,0.007660754564173632
2016-04-14,0.0019237040552258665
2016-04-15,-0.0036887523740049845
2016-04-18,-0.0008750520511114202
2016-04-19,-0.00022165039367543982
2016-04-20,0.006443735865487101
2016-04-21,0.010712138628433343
2016-04-22,0.004510056774009053
2016-04-25,-0.005926912122221508
2016-04-26,-0.0011415281875416777
2016-04-27,-0.013792302989563653
2016-04-28,-0.003983885216983465
2016-04-29,-0.020878694200538145
2016-05-02,-0.0035633705215733155
2016-05-03,0.01076206416364153
2016-05-04,-0.004071881255153394
2016-05-05,0.0014652413440425407
2016-05-06,-0.016702565925000662
2016-05-09,0.013140581248160466
2016-05-10,-0.004480123791987856
2016-05-11,-0.009502078484173063
2016-05-12,-0.006516146570022426
2016-05-13,0.010379324668793216
2016-05-16,0.005150079843636585
2016-05-17,-0.0006724373374374303
2016-05-18,0.01417556313859329
2016-05-19,-0.0013975274779662247
2016-05-20,0.007457556365409699
2016-05-23,-0.0022515779407504127
2016-05-24,0.0014014601294420146
2016-05-25,-0.005519991625342408
2016-05-26,0.0006238639056509336
2016-05-27,0.004358842563629576
2016-05-31,0.004713898778644839
2016-06-01,0.004635635757767471
2016-06-02,0.003978747395724117
2016-06-03,-0.006849351763027569
2016-06-06,-0.01049712399141595
2016-06-07,-0.012762648434465377
2016-06-08,-0.000886403565946432
2016-06-09,-0.001874771240769009
2016-06-10,0.002137085837068933
2016-06-13,-0.00576646443560323
2016-06-14,-0.007602554038910589
2016-06-15,-0.0015617830046271354
2016-06-16,0.0059083842768362
2016-06-17,-0.009286323493031393
2016-06-20,-0.003893275903411621
2016-06-21,-0.00963896571470281
2016-06-22,0.0036202070905245833
2016-06-23,0.0026671516280928034
2016-06-24,8.161272023874582e-06
2016-06-27,-0.004924743923031843
2016-06-28,0.004031702352804291
2016-06-29,0.005956841824271743
2016-06-30,-0.0034174209428592082
2016-07-01,-0.005692827214037871
2016-07-05,0.00332127503602847
2016-07-06,0.004646667854141779
2016-07-07,0.003994138052348815
2016-07-08,6.853774130011436e-05
2016-07-11,-0.00012463754780779083
2016-07-12,-0.006983140384024152
2016-07-13,0.005341369207989173
2016-07-14,0.009844499355419183
2016-07-15,0.00023215300957020132
2016-07-18,0.002708399232587413
2016-07-19,0.0014215363312383826
2016-07-20,0.00862379400745296
2016-07-21,0.005437450444074345
2016-07-22,-0.0029384121700876866
2016-07-25,0.006761963745366301
2016-07-26,-0.00507943940683572
2016-07-27,0.008079845225940206
2016-07-28,-0.0028031584837797385
2016-07-29,-0.007689487301434217
2016-08-01,0.01304583567939498
2016-08-02,-0.0016546891704544773
2016-08-03,0.0030143528472517346
2016-08-04,-0.004753073616840406
2016-08-05,0.005796385847958545
2016-08-08,-0.006536149111263039
2016-08-09,0.007808475236158946
2016-08-10,0.0016478188384819222
2016-08-11,-0.0017990028192268687
2016-08-12,0.0030287151978420183
2016-08-15,-0.0033669787247487034
2016-08-16,-0.0007632705021260811
2016-08-17,-0.0035588619914320137
2016-08-18,-0.008544409699997377
2016-08-19,0.004735097305485837
2016-08-22,0.009232152795421812
2016-08-23,-0.002937073086921931
2016-08-24,-2.985191927323787e-05
2016-08-25,-0.005872747702517257
2016-08-26,0.00250497913346227
2016-08-29,-0.00501638263492945
2016-08-30,0.008282169408708727
2016-08-31,0.0056535397442679935
2016-09-01,-0.004379612334723779
2016-09-02,-0.005524399322983779
2016-09-06,-0.003915762028937395
2016-09-07,0.001212938002379283
2016-09-08,-0.008708156183327334
2016-09-09,0.0072190726518014245
2016-09-12,-0.0016352793335370108
2016-09-13,0.00970166494432552
2016-09-14,0.0009069481029483995
2016-09-15,-8.10740651440952e-05
2016-09-16,0.0014922900905127233
2016-09-19,0.0029664159257005965
2016-09-20,0.0021235267300328685
2016-09-21,-0.013244501650023508
2016-09-22,0.0011956170265308933
2016-09-23,0.009468613694723441
2016-09-26,-0.008338053467775847
2016-09-27,0.00941730587142237
2016-09-28,-0.02205615907204642
2016-09-29,-0.014442957438821168
2016-09-30,-0.0009244779136614407
2016-10-03,0.0023685931252766987
2016-10-04,0.009084922479002397
2016-10-05,-0.004602670870641396
2016-10-06,-0.0012847462593471733
2016-10-07,0.0027594308081381066
2016-10-10,0.0013425663105059086
2016-10-11,-0.001830442763026832
2016-10-12,-0.004366770166172496
2016-10-13,0.0034232758309383064
2016-10-14,0.0022918494230697445
2016-10-17,-0.002220322536834942
2016-10-18,0.009843910206554937
2016-10-19,-0.005757980770978861
2016-10-20,0.005030037682707751
2016-10-21,0.0073898685003272215
2016-10-24,0.003097740948187086
2016-10-25,-7.86961430518484e-05
2016-10-26,-0.002479835529787573
2016-10-27,0.0026222669654747503
2016-10-28,-0.0025108545604412827
2016-10-31,0.0005549013477079084
2016-11-01,-0.001572009626167822
2016-11-02,0.007379659855294744
2016-11-03,-0.011997992403356094
2016-11-04,0.00768458462118682
2016-11-07,0.004277307532675036
2016-11-08,-0.0032639528944319782
2016-11-09,0.014204900987208769
2016-11-10,0.008690105085224492
2016-11-11,0.003247869253375829
2016-11-14,0.0072241352372377915
2016-11-15,-0.01693424615671401
2016-11-16,0.0029675904748339053
2016-11-17,0.006855021709476743
2016-11-18,-0.008634010447651535
2016-11-21,-0.012681983105807355
2016-11-22,-0.0023878452389978076
2016-11-23,-0.00909738716430232
2016-11-25,0.0027258281562136917
2016-11-28,0.0035497079388817194
2016-11-29,0.006876799218945872
2016-11-30,-0.03560321754312971
2016-12-01,0.001381308068204944
2016-12-02,-0.0019516676627970846
2016-12-05,-0.0012421189199888286
2016-12-06,-0.0026230993962316584
2016-12-07,0.0015043758117237373
2016-12-08,0.0002619771659541814
2016-12-09,0.0015031039502675266
2016-12-12,-0.0010319295231383898
2016-12-13,-0.00042432037235538747
2016-12-14,0.007990519313765602
2016-12-15,0.003214534387474156
2016-12-16,0.0030903824975029924
2016-12-19,-0.001961487747208054
2016-12-20,-0.00021915597377385968
2016-12-21,-0.003336783015699384
2016-12-22,-0.0026304615528155934
2016-12-23,0.004825227035077175
2016-12-27,-0.0020650086376639196
2016-12-28,0.0028641641729192846
2016-12-29,0.002628684534394103
2016-12-30,0.0003142657754832819
2017-01-03,0.01106715482972096
2017-01-04,0.004262884062383954
2017-01-05,0.0008370100050455584
2017-01-06,-0.005328787623209662
2017-01-09,-0.0007986842365535067
2017-01-10,0.009428563345555262
2017-01-11,-0.0094321712441267
2017-01-12,-0.0029618847028968125
2017-01-13,-0.0014982386233882885
2017-01-17,-0.004835187904594006
2017-01-18,0.0012637881007870361
2017-01-19,-0.00503961432717055
2017-01-20,-0.0026624837005703897
2017-01-23,-0.0033118652011223607
2017-01-24,-4.810344075879777e-06
2017-01-25,-0.0005872740337131585
2017-01-26,-0.00870733299201422
2017-01-27,-0.004777388365290281
2017-01-30,-0.0005023792189872716
2017-01-31,0.00342580587383497
2017-02-01,0.00572300961727923
2017-02-02,-0.002113756790870015
2017-02-03,-0.0006312354243669475
2017-02-06,0.002729353471413755
2017-02-07,-0.0017811659477110523
2017-02-08,-0.0013913876265705832
2017-02-09,0.0007507432311621345
2017-02-10,-0.0063241193076280155
2017-02-13,-0.00048254425041985906
2017-02-14,0.007568441602580048
2017-02-15,0.006148971588581749
2017-02-16,-0.005567648304998146
2017-02-17,0.001434523636406898
2017-02-21,0.00023737917680620227
2017-02-22,-0.0017134450238487093
2017-02-23,0.001006044922244723
2017-02-24,-0.003819023476005842
2017-02-27,0.0033612253428509566
2017-02-28,-0.0050573395320171665
2017-03-01,-0.0058681058745724945
2017-03-02,-0.0008705851333832658
2017-03-03,-0.0007320875427524358
2017-03-06,-0.004651613393507425
2017-03-07,-0.011398325677398688
2017-03-08,0.003422008808277862
2017-03-09,0.00013146393186107277
2017-03-10,-0.0007150739520536048
2017-03-13,-0.0034815723098595916
2017-03-14,-0.0006130464837771942
2017-03-15,0.0018035456620968948
2017-03-16,0.0007289797202643893
2017-03-17,-0.008302442176776035
2017-03-20,-0.00030940327313693915
2017-03-21,-0.003090133894578114
2017-03-22,-0.0008573786413923004
2017-03-23,0.001086032152404901
2017-03-24,0.00330497278906125
2017-03-27,0.006301925298455402
2017-03-28,-0.0017455726424110624
2017-03-29,0.010293930684241868
2017-03-30,-0.001443325936646389
2017-03-31,-0.0012212605870854953
2017-04-03,-0.005256885645429525
2017-04-04,-0.004177393021926107
2017-04-05,-0.002526592510033843
2017-04-06,0.00017060702062455838
2017-04-07,0.0017737262663152606
2017-04-10,0.000874290247295184
2017-04-11,-0.0003674302932353813
2017-04-12,0.0012418777233416597
2017-04-13,0.0048329881530262036
2017-04-17,-0.0025520848091343733
2017-04-18,-0.0041992381362605646
2017-04-19,0.003270835818995235
2017-04-20,0.0003444011122227238
2017-04-21,-0.001952628156875739
2017-04-24,-0.001601758960872584
2017-04-25,-0.007791441003595105
2017-04-26,0.002306364829860117
2017-04-27,0.007190361211058919
2017-04-28,0.0013820091347229234
2017-05-01,-0.0020809948864871698
2017-05-02,0.0009873786590264906
2017-05-03,-0.0013951369410820345
2017-05-04,0.003687130100601701
2017-05-05,-0.0016092928099976415
2017-05-08,-0.0008251870723990755
2017-05-09,0.0034434871509768403
2017-05-10,-0.0021432969248292863
2017-05-11,0.0002379835738835205
2017-05-12,-0.005984700588292863
2017-05-15,-0.002464845382118952
2017-05-16,-0.007496683256134813
2017-05-17,0.0036377303790789835
2017-05-18,-0.0007251056121205939
2017-05-19,-0.0020923574982369183
2017-05-22,-0.0006249748619203946
2017-05-23,-0.004961547725357523
2017-05-24,-0.0068816990501125615
2017-05-25,-0.0011393917035050854
2017-05-26,-0.0016609755960433393
2017-05-30,0.0007828233473678611
2017-05-31,-0.00014525498910708794
2017-06-01,0.004761237385458278
2017-06-02,0.00010726646324831423
2017-06-05,0.0013278239836346745
2017-06-06,-0.004527987343782723
2017-06-07,-0.0020886460490181008
2017-06-08,0.0012079151515069703
2017-06-09,0.014736908596472692
2017-06-12,0.005027568228878719
2017-06-13,-0.006383397103101277
2017-06-14,0.0044106541490078295
2017-06-15,-0.010375811879624306
2017-06-16,-0.013489275609999386
2017-06-19,-0.0002233045520229235
2017-06-20,-0.003078720157630598
2017-06-21,0.0024002955293400768
2017-06-22,0.008031724387526666
2017-06-23,-0.0007439830107074214
2017-06-26,0.0067524041027640655
2017-06-27,0.0006044417366135545
2017-06-28,-0.0022102442091870584
2017-06-29,0.0017944487582575522
2017-06-30,0.002598368561222149
2017-07-03,0.0033884610276814645
2017-07-05,-0.012071569134124306
2017-07-06,-0.006948530747151583
2017-07-07,-0.0038770447981563445
2017-07-10,-0.003665209472494463
2017-07-11,-0.002518146875816021
2017-07-12,-0.0009999859808125875
2017-07-13,0.004276944338732855
2017-07-14,0.001752026909937833
2017-07-17,0.00012138162617138126
2017-07-18,-0.0024935747480766997
2017-07-19,0.0009202808130952892
2017-07-20,0.004714965481240574
2017-07-21,-0.0011311929076449137
2017-07-24,-0.005400078323535228
2017-07-25,0.006824357612516365
2017-07-26,-0.003274192420292586
2017-07-27,0.006766348129969542
2017-07-28,-0.0006968078671053581
2017-07-31,0.002751780330269593
2017-08-01,-0.004286865527964326
2017-08-02,-0.0014500325067474567
2017-08-03,-0.00391180703573858
2017-08-04,-0.0017252465460729136
2017-08-07,-0.001787871628108456
2017-08-08,-0.0019599745056789004
2017-08-09,-0.001195612829267244
2017-08-10,0.0015347408826894185
2017-08-11,-0.003286854992007586
2017-08-14,-0.006490333807319751
2017-08-15,-0.006653474510878269
2017-08-16,-0.0013625390150828684
2017-08-17,0.0023326139467938012
2017-08-18,-0.004351227571772844
2017-08-21,-0.0013769900846205582
2017-08-22,-0.003126578297683162
2017-08-23,0.00328169998251379
2017-08-24,-0.0024282254300346463
2017-08-25,0.0058170668241393116
2017-08-28,-0.00040421197721774555
2017-08-29,-0.0052072011729236605
2017-08-30,-0.0024820700916191006
2017-08-31,-0.0006262041385741147
2017-09-01,0.0038660016266015102
2017-09-05,0.007079361703380022
2017-09-06,0.009100311701570801
2017-09-07,0.0004034260570339023
2017-09-08,-0.006525276534642103
2017-09-11,-0.0019157415045493683
2017-09-12,0.005480270794917534
2017-09-13,0.0064503811677323365
2017-09-14,-0.0024007932160424895
2017-09-15,0.001669363830721773
2017-09-18,-0.003811480157184957
2017-09-19,-0.004226259837462288
2017-09-20,0.0014623935818597463
2017-09-21,0.0008114437387451285
2017-09-22,0.0047907706257785425
2017-09-25,0.015966208607591688
2017-09-26,-0.0016930903185906653
2017-09-27,-0.006833096037817734
2017-09-28,-0.007093846224137047
2017-09-29,-0.005744742537313523
2017-10-02,-0.0004421642931322011
2017-10-03,-0.0027488609715012103
2017-10-04,0.004274139422487689
2017-10-05,-0.0005309885466536765
2017-10-06,-0.008004832443295676
2017-10-09,-0.006428683717025227
2017-10-10,0.00463200516502956
2017-10-11,-0.0019104871444409828
2017-10-12,-0.0015098516274279035
2017-10-13,0.001259210025485019
2017-10-16,-0.0028750213044457648
2017-10-17,0.0006391396481466502
2017-10-18,-0.005133959396241919
2017-10-19,0.0043543120229361755
2017-10-20,-0.0008933940721414185
2017-10-23,-0.0037992971313674565
2017-10-24,-0.0035737304984221788
2017-10-25,-0.005590158071605688
2017-10-26,-0.004669765781334272
2017-10-27,-0.005620335543133683
2017-10-30,-0.0005904047958994247
2017-10-31,-0.012343830624441507
2017-11-01,0.0050640444972046665
2017-11-02,-0.005124322373648312
2017-11-03,0.0004111593396601995
2017-11-06,0.006182229098976289
2017-11-07,0.004554831228011958
2017-11-08,0.004832843865124884
2017-11-09,0.009994801494172052
2017-11-10,0.0003115178008927376
2017-11-13,-0.006048590798105682
2017-11-14,-0.008137743215893934
2017-11-15,-6.930623588439724e-05
2017-11-16,-0.0009411798315004531
2017-11-17,0.012568998807752708
2017-11-20,-0.006750118209453595
2017-11-21,-0.00809952029977059
2017-11-22,0.007538912516205637
2017-11-24,-0.003684343740318283
2017-11-27,-0.005667618911829795
2017-11-28,0.004268394366118977
2017-11-29,0.01894704887855825
2017-11-30,-0.005051694567251876
2017-12-01,0.005219186432184832
2017-12-04,0.017035837219387874
2017-12-05,-0.0069359476508515094
2017-12-06,-0.007262753019607508
2017-12-07,-0.0051150587438742534
2017-12-08,0.004414527495926375
2017-12-11,0.003867796544239305
2017-12-12,0.0012794385960639425
2017-12-13,-0.004807431621564001
2017-12-14,0.0009712471731036583
2017-12-15,0.0019349292200238454
2017-12-18,0.006406995885533089
2017-12-19,0.0018949166947779543
2017-12-20,0.0025417914737820976
2017-12-21,0.008374172635698488
2017-12-22,0.0012012691812076028
2017-12-26,0.00659045640700681
2017-12-27,-0.005901783967262344
2017-12-28,-0.0003495306286432853
2017-12-29,-0.0014304858194785052
2018-01-02,0.008002798758616779
2018-01-03,-0.0023444565548207644
2018-01-04,0.0009638366571519302
2018-01-05,-0.004122154808351262
2018-01-08,-0.0003048721188544623
2018-01-09,-0.004249746835352474
2018-01-10,0.0018332095284715854
2018-01-11,0.00991406941205578
2018-01-12,-0.002241958274048085
2018-01-16,-0.004372107983672593
2018-01-17,-0.009979985053283994
2018-01-18,-0.0018216258025585286
2018-01-19,-0.0019820408174389525
2018-01-22,0.0007207365809500529
2018-01-23,-3.6961874803747238e-06
2018-01-24,-0.002182261385193064
2018-01-25,-0.008121586161375044
2018-01-26,-0.0015583037875699641
2018-01-29,0.0031613009109774234
2018-01-30,-0.0043373859693959585
2018-01-31,-0.007739785780822146
2018-02-01,0.0021181858807429233
2018-02-02,-0.005591991829375682
2018-02-05,-0.0014493786245753381
2018-02-06,-0.005009996470883704
2018-02-07,-0.0077775144961757
2018-02-08,0.006385187283442775
2018-02-09,-0.012267665210516851
2018-02-12,-0.0015737834991733637
2018-02-13,-0.004588793953791537
2018-02-14,0.007763479574469034
2018-02-15,-0.00458457564309753
2018-02-16,-0.0007382189044012327
2018-02-20,-0.0018045862976637855
2018-02-21,-0.006684079614218537
2018-02-22,0.00637164331856806
2018-02-23,-0.003061202146659919
2018-02-26,-0.0019097911628467089
2018-02-27,-0.00789591267278065
2018-02-28,-0.005355114432597936
2018-03-01,0.008183261318372293
2018-03-02,0.003730396070113305
2018-03-05,0.0025736077871257256
2018-03-06,0.00024676937461106903
2018-03-07,-0.008693677103623183
2018-03-08,-0.0004058718437547217
2018-03-09,-0.003395283635534971
2018-03-12,0.0068890242188402295
2018-03-13,-0.0007410719580287881
2018-03-14,-0.0032050522220886534
2018-03-15,-0.0033688438689275756
2018-03-16,0.0016619890293496625
2018-03-19,-0.0016920811307474905
2018-03-20,-0.008514892399543674
2018-03-21,0.01077506514820005
2018-03-22,0.011777199781366514
2018-03-23,0.0018365142127427965
2018-03-26,-0.010538084564933351
2018-03-27,0.013055962201965225
2018-03-28,0.0065396073300772704
2018-03-29,-0.004477904479584081
2018-04-02,-0.00758711296114148
2018-04-03,0.0051789812179428765
2018-04-04,0.0013405497266949533
2018-04-05,-0.00047711155335712543
2018-04-06,0.005632674719180413
2018-04-09,-0.0022561577560055316
2018-04-10,-0.0019712237972515337
2018-04-11,0.00169477821908531
2018-04-12,-0.006835915523450544
2018-04-13,0.005693852550774609
2018-04-16,0.00142683104810579
2018-04-17,-0.008648688413303462
2018-04-18,-0.005584232377298073
2018-04-19,-0.004142194924011665
2018-04-20,0.000959968998931384
2018-04-23,0.003687164803889605
2018-04-24,0.014889922363731578
2018-04-25,0.0005619509512884336
2018-04-26,0.002296917169049446
2018-04-27,0.0035783681161774697
2018-04-30,-0.004297153269461636
2018-05-01,-0.005030474272863722
2018-05-02,-0.004377276860418528
2018-05-03,-0.010235659803784833
2018-05-04,0.005620457456506747
2018-05-07,-0.005870407108776189
2018-05-08,-0.006366394334374471
2018-05-09,-0.0036370736201397588
2018-05-10,0.0010079483626714764
2018-05-11,0.0012367256410179453
2018-05-14,0.00453583792366176
2018-05-15,0.004789246017536444
2018-05-16,0.0044410827583996025
2018-05-17,0.0022524856316307905
2018-05-18,-0.007709601474977447
2018-05-21,-0.007044568446268729
2018-05-22,0.004876877580162175
2018-05-23,-0.006381911527185669
2018-05-24,-0.000647810125150336
2018-05-25,0.002515714353313473
2018-05-29,-0.0002763161822341515
2018-05-30,-0.0018475854427433152
2018-05-31,0.006591076535051166
2018-06-01,-0.003710442749520759
2018-06-04,-0.001024766429973591
2018-06-05,-0.003486250562729401
2018-06-06,0.0002221098797969307
2018-06-07,0.0054436018397636225
2018-06-08,0.0021547359489196382
2018-06-11,0.0036298913032626915
2018-06-12,-0.003810506407182521
2018-06-13,0.0009964361205294196
2018-06-14,0.003131597833897656
2018-06-15,0.0056105869324324705
2018-06-18,-0.006498735684793507
2018-06-19,0.010363476623230061
2018-06-20,0.001190035800961181
2018-06-21,0.002183496280208239
2018-06-22,0.008479664411601206
2018-06-25,0.004859546711599506
2018-06-26,-0.0026938358408225404
2018-06-27,0.0030896065732937505
2018-06-28,-0.008473806671805806
2018-06-29,-0.0033514097168589664
2018-07-02,0.0015300870203641416
2018-07-03,0.00524549240273832
2018-07-05,0.004067559537216025
2018-07-06,0.0061102796374606985
2018-07-09,-0.00522305822590802
2018-07-10,-0.0012247389235429456
2018-07-11,-0.0026164540262879126
2018-07-12,-0.00860595861944398
2018-07-13,-0.000588798729882027
2018-07-16,0.002058824178816373
2018-07-17,0.0007088397442098061
2018-07-18,-0.002702495950223096
2018-07-19,-0.0018418052152757499
2018-07-20,-0.0022411313299122767
2018-07-23,-0.0015887079995423633
2018-07-24,0.00040530529193773024
2018-07-25,-0.006771296762846243
2018-07-26,0.010451837524742874
2018-07-27,0.011165282032971199
2018-07-30,0.01637581801417366
2018-07-31,-0.006161280277021761
2018-08-01,-0.004245055293337653
2018-08-02,-0.002988778759991157
2018-08-03,0.0053846457923443425
2018-08-06,-0.002686448062053589
2018-08-07,-0.0035111215536870605
2018-08-08,-0.002183879713696275
2018-08-09,-0.00032890249610335144
2018-08-10,-0.0028572310121530047
2018-08-13,-0.00035144393590607237
2018-08-14,-0.0010143411770836257
2018-08-15,0.011833020663522473
2018-08-16,0.0024380391648463062
2018-08-17,0.002027101128971806
2018-08-20,0.00038098528615616373
2018-08-21,0.0005312266816227566
2018-08-22,-0.010067551808992709
2018-08-23,-0.003940565411704083
2018-08-24,-0.005982631270574774
2018-08-27,0.0013098284473360303
2018-08-28,-0.0003398730722167894
2018-08-29,-0.003468299331896181
2018-08-30,-0.0005153512368373815
2018-08-31,-0.0007614272217262132
2018-09-04,-0.00617048882698203
2018-09-05,0.012068070114866514
2018-09-06,-0.003771335752400131
2018-09-07,0.0024912827575150048
2018-09-10,0.0015140288227389995
2018-09-11,-0.008759682559474045
2018-09-12,0.0035930313930057165
2018-09-13,-0.0024288194352338178
2018-09-14,-0.0008271904002857479
2018-09-17,0.010405311162804918
2018-09-18,-0.004753255967217094
2018-09-19,0.006297498314824253
2018-09-20,0.0025390565591588473
2018-09-21,0.00216620048018455
2018-09-24,-0.013719139905828804
2018-09-25,-0.00838444875750262
2018-09-26,-0.0003218338018865247
2018-09-27,-0.0026274357554647468
2018-09-28,-0.0024246403411636356
2018-10-01,-0.005804609228048071
2018-10-02,0.007278834356569566
2018-10-03,0.00019867281825268674
2018-10-04,0.00854333945220717
2018-10-05,0.001762402704808838
2018-10-08,0.01304755968392343
2018-10-09,-0.005867689150908432
2018-10-10,0.01561987062234872
2018-10-11,-0.011145518834371067
2018-10-12,-0.015554705335611116
2018-10-15,0.013425477306233096
2018-10-16,-0.010250540210916355
2018-10-17,0.009854258403143721
2018-10-18,0.003237378283210247
2018-10-19,0.011189089732053976
2018-10-22,-0.013211518856096869
2018-10-23,0.0072671825164641836
2018-10-24,0.00048554700320056066
2018-10-25,-0.009954268825213405
2018-10-26,-0.0014007437322298697
2018-10-29,0.010046759460181466
2018-10-30,0.0032075707931762108
2018-10-31,-0.007803203717476386
2018-11-01,0.007771912249593606
2018-11-02,0.001696913547908864
2018-11-05,0.00033743524858887537
2018-11-06,0.0015668472004750267
2018-11-07,-0.02060991334532088
2018-11-08,0.001215021920695993
2018-11-09,-0.0014764011641956985
2018-11-12,0.005346734141381894
2018-11-13,0.008015497583262232
2018-11-14,0.003059841870980436
2018-11-15,-0.00243156774599089
2018-11-16,-0.004406434740961296
2018-11-19,0.01670309596061382
2018-11-20,0.0027869938058878766
2018-11-21,-0.0021837757408983242
2018-11-23,0.0014728334659031249
2018-11-26,-0.0020470003870763994
2018-11-27,-0.003486076443195271
2018-11-28,-0.014558732654473919
2018-11-29,-0.0047108034564518
2018-11-30,-0.0015861666505700754
2018-12-03,-0.006883293470156897
2018-12-04,-0.005172045528155413
2018-12-06,-0.0028853027306176156
2018-12-07,0.005018079853412001
2018-12-10,-0.007685431321638269
2018-12-11,-0.004786416921827653
2018-12-12,-0.0024551850196774276
2018-12-13,-0.0034349991836813806
2018-12-14,0.00976992127087428
2018-12-17,0.010949119051254485
2018-12-18,-0.001155831862146533
2018-12-19,-0.0024171189570610916
2018-12-20,0.0027087475290868868
2018-12-21,-0.004937979726431314
2018-12-24,0.0002596360960841872
2018-12-26,-0.0115237025962626
2018-12-27,-0.0020225313126769973
2018-12-28,0.001968748258093909
2018-12-31,-0.00607199836817526
2019-01-02,0.029963507302251786
2019-01-03,0.0059075628961615745
2019-01-04,0.011563109143135696
2019-01-07,0.00948810540230242
2019-01-08,-0.00033496029173800076
2019-01-09,0.004708556518286724
2019-01-10,0.004556568327831401
2019-01-11,-0.0015586931781434515
2019-01-14,0.0005941686161274424
2019-01-15,-0.008789510168053275
2019-01-16,0.010152783542174084
2019-01-17,-0.0010380545402227039
2019-01-18,0.016523588016125256
2019-01-22,-0.011147431577237516
2019-01-23,-0.003370511302244901
2019-01-24,0.015716916460542022
2019-01-25,0.015839157413164006
2019-01-28,0.004026684793879912
2019-01-29,-0.0037709866696094226
2019-01-30,0.0017118031373773903
2019-01-31,0.0010395303832245772
2019-02-01,0.005065656035882035
2019-02-04,0.0015019158909889347
2019-02-05,0.002492058444103524
2019-02-06,-0.007241540457813088
2019-02-07,-0.009600818996533037
2019-02-08,-0.0030800713034155242
2019-02-11,-0.0019344321436319568
2019-02-12,0.0017237495425767315
2019-02-13,0.012062722843488324
2019-02-14,-0.005330997702322446
2019-02-15,0.0016015251001611024
2019-02-19,0.004546560969825255
2019-02-20,-0.006205347347703091
2019-02-21,-0.013902038913856465
2019-02-22,-0.0025615558784580815
2019-02-25,0.007741539923299811
2019-02-26,-0.0027077595888857675
2019-02-27,-0.002837874401445749
2019-02-28,-0.006108303761955578
2019-03-01,0.0017070271835397455
2019-03-04,0.006331192628757373
2019-03-05,-0.004301190030801932
2019-03-06,-0.006586207012141298
2019-03-07,-0.0031374983751518313
2019-03-08,-0.006034703965505906
2019-03-11,0.006402488035207469
2019-03-12,0.0028600206281192532
2019-03-13,0.004385432942814302
2019-03-14,-0.002433233510073601
2019-03-15,-0.0029414246101228643
2019-03-18,0.009962285813399835
2019-03-19,-3.1384184423855456e-05
2019-03-20,-0.0007242425056935873
2019-03-21,0.0003868951981302745
2019-03-22,-0.010015251431633884
2019-03-25,-0.0074042836406357174
2019-03-26,0.004632104525913018
2019-03-27,-0.0012509447182813419
2019-03-28,0.0021252458093990526
2019-03-29,-0.0005229420791836136
2019-04-01,0.010572696955503752
2019-04-02,-0.003009686029214451
2019-04-03,0.0014441432855549026
2019-04-04,0.009832280742454883
2019-04-05,0.005382479510968523
2019-04-08,0.0033808728240347892
2019-04-09,-0.005897597027256521
2019-04-10,0.000296130173272907
2019-04-11,0.00011564371254046656
2019-04-12,0.014664282454684732
2019-04-15,-0.006078806651997353
2019-04-16,0.006923472359909892
2019-04-17,0.007076850072846832
2019-04-18,-0.001325081278187231
2019-04-22,0.003678740703912913
2019-04-23,-0.0014818684121940579
2019-04-24,-0.004541518502928475
2019-04-25,-0.0038662021295587526
2019-04-26,0.003706665210827981
2019-04-29,0.00635129087252698
2019-04-30,-0.007065710748390008
2019-05-01,0.00522190981892719
2019-05-02,-0.0041296411359085915
2019-05-03,-0.0014606250621243934
2019-05-06,0.004700617441245542
2019-05-07,0.0003779054895869689
2019-05-08,-0.0009381738942102117
2019-05-09,-0.0049654882482890895
2019-05-10,-0.004253153771977989
2019-05-13,0.00025471589180750835
2019-05-14,-0.0005047542294460882
2019-05-15,-0.002072090278644366
2019-05-16,-0.006082717594588873
2019-05-17,-0.0024722691411421644
2019-05-20,-0.00014058771286402312
2019-05-21,0.0050890558279227446
2019-05-22,-0.01016284501534304
2019-05-23,-0.004989355593041038
2019-05-24,-0.002591624741865112
2019-05-28,-0.008035978734736842
2019-05-29,0.0043291750111593905
2019-05-30,-0.015358980053449784
2019-05-31,-0.010349922952045577
2019-06-03,0.013129223787587995
2019-06-04,0.010789182738313844
2019-06-05,-0.020960491662516324
2019-06-06,-0.0035104740268346313
2019-06-07,-0.006252470267606532
2019-06-10,0.00597651786257627
2019-06-11,0.008125312147777777
2019-06-12,-0.014611118076226663
2019-06-13,0.011932291718443035
2019-06-14,-0.010419523880044475
2019-06-17,0.006718845949872136
2019-06-18,0.009879549527224297
2019-06-19,-0.0065407578573420215
2019-06-20,0.002916044401314895
2019-06-21,0.007099167973343864
2019-06-24,-0.00686987551775836
2019-06-25,0.010063482351011715
2019-06-26,0.018393091112752467
2019-06-27,0.00413462197717311
2019-06-28,0.005962907650291588
2019-07-01,-5.450957656659768e-05
2019-07-02,-0.011549792417617673
2019-07-03,-0.00667229843100064
2019-07-05,0.0016576994587629071
2019-07-08,-0.0023185715539876667
2019-07-09,-0.001180310997839916
2019-07-10,0.0016280363101515236
2019-07-11,0.0034093729014284986
2019-07-12,0.005919466733350804
2019-07-15,-0.003698730614450788
2019-07-16,0.0010549009980014424
2019-07-17,-0.006957356288196079
2019-07-18,-1.0514688209898278e-05
2019-07-19,0.007447851391698614
2019-07-22,0.00038507026043361776
2019-07-23,0.005935735316121315
2019-07-24,0.0036861623169349676
2019-07-25,-0.007016559705095562
2019-07-26,0.0005264762511926153
2019-07-29,-0.0022399188910984177
2019-07-30,0.007737819974384
2019-07-31,0.008111333673289834
2019-08-01,-0.01245040697902926
2019-08-02,-0.0016453841776164994
2019-08-05,0.001793920768830879
2019-08-06,-0.016844188997855156
2019-08-07,-0.004226236624949129
2019-08-08,0.0002373941478570348
2019-08-09,-0.003693320448255608
2019-08-12,-0.002630877825793345
2019-08-13,-0.0024402647815981895
2019-08-14,-0.009213516634958242
2019-08-15,-0.010415827433027802
2019-08-16,0.007847694667681432
2019-08-19,0.008839241127896207
2019-08-20,-0.005052314851002978
2019-08-21,-0.0014283866166987054
2019-08-22,0.0023379463939392363
2019-08-23,-0.006782480859489288
2019-08-26,-0.00890742640231821
2019-08-27,-0.01214881896495144
2019-08-28,0.008731049281204606
2019-08-29,0.005781229621349036
2019-08-30,0.004066762250312091
2019-09-03,-0.004643423216993501
2019-09-04,0.0026792808639763163
2019-09-05,0.007821103735022886
2019-09-06,5.719246703818131e-06
2019-09-09,0.03388655731567786
2019-09-10,0.02869406206469922
2019-09-11,0.004454799056369576
2019-09-12,-0.015372061774234468
2019-09-13,0.009204076570943258
2019-09-16,0.016453476736208707
2019-09-17,-0.01617248710317891
2019-09-18,-0.009945588693312102
2019-09-19,0.0015542496458973993
2019-09-20,0.007980516726448119
2019-09-23,-0.003929522832564594
2019-09-24,-0.0073665384087981565
2019-09-25,-0.0038286988351605715
2019-09-26,-0.01168540938695335
2019-09-27,0.006961562917164761
2019-09-30,-0.003188352189376867
2019-10-01,-0.005843950729499633
2019-10-02,-0.002183317279083084
2019-10-03,0.00022068216008727795
2019-10-04,-0.008208524948874887
2019-10-07,0.0019986847029404313
2019-10-08,-0.002092212619368298
2019-10-09,-0.0027400862357471363
2019-10-10,0.007578651747291875
2019-10-11,0.013118902196549497
2019-10-14,0.00024591852008438227
2019-10-15,0.011076337230315142
2019-10-16,-0.006867104613508628
2019-10-17,0.0030202603785569205
2019-10-18,-0.0034034193376949588
2019-10-21,0.012343080992554024
2019-10-22,0.024554316327631696
2019-10-23,0.012004773850863012
2019-10-24,-0.011971496076266942
2019-10-25,0.007040653792204173
2019-10-28,-0.0028632744655476866
2019-10-29,0.006321760213660943
2019-10-30,-0.009715139646900364
2019-10-31,-0.001335705610032138
2019-11-01,0.01107077109262383
2019-11-04,0.022313977113018586
2019-11-05,0.009954593607319123
2019-11-06,-0.012832990018826209
2019-11-07,0.009718127357388992
2019-11-08,0.002089019487725299
2019-11-11,-0.003298574551339116
2019-11-12,-0.002029532001418171
2019-11-13,-0.01202539093034891
2019-11-14,-0.006121748699376423
2019-11-15,0.005340282667423389
2019-11-18,-0.0042089728506806735
2019-11-19,-0.000517237444138597
2019-11-20,0.006020895375253625
2019-11-21,0.01003374233107886
2019-11-22,0.006470172196166473
2019-11-25,0.004657580748466148
2019-11-26,-0.0069941847730473905
2019-11-27,0.0028440750111528995
2019-11-29,-0.00308839782108749
2019-12-02,0.004801686303193908
2019-12-03,-0.008126074215145348
2019-12-04,0.006980003359013232
2019-12-05,-0.00705930971968367
2019-12-06,0.012367504823477793
2019-12-09,0.00016697450233406987
2019-12-10,-0.0027571189529098034
2019-12-11,0.001318165007119423
2019-12-12,0.009201663964499538
2019-12-13,-0.006090331513950194
2019-12-16,0.002785337470021265
2019-12-17,0.003505338431326198
2019-12-18,0.0029791657302449238
2019-12-19,0.0016469442532307953
2019-12-20,0.00024720137744302503
2019-12-23,0.0029731362459303797
2019-12-24,-0.0015962578725695106
2019-12-26,-0.0016037625256117175
2019-12-27,-0.0032409021841470747
2019-12-30,0.00012875808931409998
2019-12-31,0.002148212642107933
2020-01-02,0.0032956706577253344
2020-01-03,-0.006108390699905066
2020-01-06,-0.002327161751864971
2020-01-07,0.001508541118650927
2020-01-08,-0.008213811137068034
2020-01-09,-0.004745947832296
2020-01-10,-0.0036689304034824
2020-01-13,-0.00114028645791439
2020-01-14,0.004848468408491772
2020-01-15,-0.0073985580630035255
2020-01-16,0.00032253349635679655
2020-01-17,-0.003233259162841536
2020-01-21,-0.00791629847502518
2020-01-22,-0.003177361215913674
2020-01-23,0.003289952121539269
2020-01-24,-0.0010373974665709542
2020-01-27,-0.007123114194040784
2020-01-28,-0.00409762258838831
2020-01-29,-0.006739763755052072
2020-01-30,0.003142067941409247
2020-01-31,0.0013882054312716254
2020-02-03,-0.007750631472825957
2020-02-04,0.001428089122166053
2020-02-05,0.01578811291221014
2020-02-06,-0.00234215877196896
2020-02-07,-0.003392888725300494
2020-02-10,-0.004434334780574066
2020-02-11,0.00746135036172259
2020-02-12,0.005403039905405872
2020-02-13,-0.00426636076669234
2020-02-14,-0.011594814505784777
2020-02-18,-0.001271394538746435
2020-02-19,0.001270202394064203
2020-02-20,0.007731205084219895
2020-02-21,0.00010605098169971566
2020-02-24,-0.007522675261472205
2020-02-25,-0.008154642236096604
2020-02-26,-0.01297661593213549
2020-02-27,-4.7588746204794237e-05
2020-02-28,-0.0007200339638707232
2020-03-02,-0.017894838250087315
2020-03-03,-0.00681349885951913
2020-03-04,-0.022763131516845257
2020-03-05,-0.016103363537815933
2020-03-06,-0.006036112094854207
2020-03-09,-0.05552508581232634
2020-03-10,0.012446921115913433
2020-03-11,-0.02276038596203883
2020-03-12,-0.03938023115326847
2020-03-13,0.011723772934128728
2020-03-16,-0.005668756519315132
2020-03-17,-0.046274522379806664
2020-03-18,-0.06575321049879104
2020-03-19,0.03068696880459944
2020-03-20,0.043783586461081055
2020-03-23,-0.005734529482835961
2020-03-24,0.07014879916969848
2020-03-25,0.061240962954155306
2020-03-26,-0.011293886539427651
2020-03-27,-0.024337377330965387
2020-03-30,-0.038320248513752236
2020-03-31,0.005905095222173175
2020-04-01,-0.027756731506306004
2020-04-02,-0.005601764574079684
2020-04-03,-0.005793279033280847
2020-04-06,0.018326961313946167
2020-04-07,0.028489393891732558
2020-04-08,0.030303000360964397
2020-04-09,0.017932432714113714
2020-04-13,-0.020646950365775102
2020-04-14,-0.020499289681679224
2020-04-15,-0.02232875772375511
2020-04-16,-0.052393912658492026
2020-04-17,0.05404352304160929
2020-04-20,-0.01899881996614097
2020-04-21,0.002526365847468896
2020-04-22,-0.013985381640141934
2020-04-23,0.01917926420761999
2020-04-24,-0.012240664941481426
2020-04-27,0.015376508287778165
2020-04-28,0.04654934690700816
2020-04-29,0.04193598351170537
2020-04-30,-0.027144509597585183
2020-05-01,-0.030669496305943733
2020-05-04,-0.01765939961104438
2020-05-05,-0.026386509148482434
2020-05-06,-0.019067875195721014
2020-05-07,0.011754757573788332
2020-05-08,0.037670900242903774
2020-05-11,-0.03131911117394661
2020-05-12,-0.007550202143225758
2020-05-13,-0.034232456235091115
2020-05-14,0.008084456003632888
2020-05-15,-0.021042191009376654
2020-05-18,0.0764793353457988
2020-05-19,-0.014156330391352955
2020-05-20,0.019612807556176105
2020-05-21,0.007463625942311495
2020-05-22,-0.01187275343690218
2020-05-26,0.06109780441122215
2020-05-27,0.021280804087059277
2020-05-28,-0.030003907764986126
2020-05-29,-0.02137169393702887
2020-06-01,0.016249134815532775
2020-06-02,0.009420212292877875
2020-06-03,0.041812212817735006
2020-06-04,0.048036208778166875
2020-06-05,0.036138742204728756
2020-06-08,0.03625940645114004
2020-06-09,-0.02959423394954053
2020-06-10,-0.041819710735787205
2020-06-11,-0.03458378923735293
2020-06-12,0.027466974739591123
2020-06-15,-0.0029150042913075273
2020-06-16,-0.000513346726259127
2020-06-17,-0.02096344466987438
2020-06-18,-0.0015767878428239706
2020-06-19,-0.014522115796279069
2020-06-22,-0.01099974378190822
2020-06-23,-0.006907209516178788
2020-06-24,-0.01988631616215195
2020-06-25,0.0021117712511323264
2020-06-26,-0.013650883545099282
2020-06-29,0.02767689156875945
2020-06-30,-0.012460289621754727
2020-07-01,-0.02026219890880446
2020-07-02,0.0005189648459166074
2020-07-06,0.001823652223810514
2020-07-07,-0.021064684208158695
2020-07-08,-0.0076865337836704755
2020-07-09,-0.03452717052394172
2020-07-10,0.033049453438195424
2020-07-13,0.01870332131267818
2020-07-14,-0.0017705173111943109
2020-07-15,0.03221033633400806
2020-07-16,-0.003175110019662379
2020-07-17,-0.019419054877650197
2020-07-20,-0.029260023655392188
2020-07-21,0.03357513028823448
2020-07-22,-0.008120236301877713
2020-07-23,0.015309169141199546
2020-07-24,-0.005287419611960433
2020-07-27,-0.019417190502194016
2020-07-28,0.010611354507621252
2020-07-29,-0.006193157860672794
2020-07-30,-0.023940452961784865
2020-07-31,-0.01541957988416452
2020-08-03,-0.005634263796453465
2020-08-04,0.00483459599002146
2020-08-05,0.011447400719976823
2020-08-06,-0.0008378753796585568
2020-08-07,0.017284896322731842
2020-08-10,0.03294326976891354
2020-08-11,0.015931788714096368
2020-08-12,-0.0172327253058967
2020-08-13,-0.01791399616757097
2020-08-14,0.008748327461828445
2020-08-17,-0.019659682027616646
2020-08-18,-0.009561769901836064
2020-08-19,-0.004041982686959979
2020-08-20,-0.019375571717762528
2020-08-21,-0.007462326444883126
2020-08-24,0.02706978810413814
2020-08-25,-0.007659713291580869
2020-08-26,-0.03160564252826564
2020-08-27,0.018763997959330266
2020-08-28,0.009464891585352155
2020-08-31,-0.015225749595763432
2020-09-01,-0.01474385552595229
2020-09-02,-0.0002603816309460239
2020-09-03,0.028403248894643355
2020-09-04,0.020530521715890804
2020-09-08,-0.0016976391714760895
2020-09-09,-0.02667021559843698
2020-09-10,-0.008066880042880446
2020-09-11,0.00563924952450354
2020-09-14,0.004476067830106683
2020-09-15,-0.01277549412366009
2020-09-16,0.03482900935083451
2020-09-17,0.008941283958407958
2020-09-18,-0.0020021855605929367
2020-09-21,-0.029258545545646646
2020-09-22,-0.016813029385907605
2020-09-23,-0.007390419595122691
2020-09-24,-0.0007801472584788743
2020-09-25,-0.0067148995769353865
2020-09-28,0.006932555074512486
2020-09-29,-0.016759086614333493
2020-09-30,0.00014257000814304365
2020-10-01,-0.012883515624428585
2020-10-02,0.01994794209849049
2020-10-05,0.002678780331475766
2020-10-06,-0.0016714247524569625
2020-10-07,0.0010167467226035408
2020-10-08,0.01679963865173875
2020-10-09,-0.01703886516024637
2020-10-12,-0.006496487568825363
2020-10-13,-0.01755373022981681
2020-10-14,0.005646512604539283
2020-10-15,0.007603317153637636
2020-10-16,-0.010009685130656623
2020-10-19,0.0011755004454459639
2020-10-20,0.004117887584545343
2020-10-21,-0.008600065881131628
2020-10-22,0.026425383172608483
2020-10-23,-0.0029415575598982255
2020-10-26,-0.011743563875779697
2020-10-27,-0.022567302096724272
2020-10-28,0.0010005577399213005
2020-10-29,0.004053604621340165
2020-10-30,0.02426755460241132
2020-11-02,0.012261556575970268
2020-11-03,-0.0072796922057959635
2020-11-04,-0.0009710676292350206
2020-11-05,-0.010011432320112758
2020-11-06,-0.011410428571011705
2020-11-09,0.1139568015670118
2020-11-10,0.024886704567442297
2020-11-11,-0.022743096658210084
2020-11-12,-0.015932877911889465
2020-11-13,0.021108857629215987
2020-11-16,0.02994257700915027
2020-11-17,0.00035272700759060783
2020-11-18,0.002235978035545064
2020-11-19,0.0018981933950042212
2020-11-20,-0.003829628818723397
2020-11-23,0.025393785510270626
2020-11-24,0.024393040308094856
2020-11-25,-0.010116931212398103
2020-11-27,-0.005434338551085733
2020-11-30,-0.026467898213268698
2020-12-01,0.0022719169284957327
2020-12-02,0.01794741271700615
2020-12-03,0.013488666451056714
2020-12-04,0.018798463354524342
2020-12-07,-0.009743766170108824
2020-12-08,0.005134670119968255
2020-12-09,0.010586199035185206
2020-12-10,0.0033896956468291344
2020-12-11,-0.0034191168433606745
2020-12-14,-0.014727957518535399
2020-12-15,0.0044287362825828425
2020-12-16,-0.007515237178430747
2020-12-17,-0.011703780053390202
2020-12-18,-0.00811238313927356
2020-12-21,-0.005878834321755266
2020-12-22,-0.01736877657189273
2020-12-23,0.019682585378868283
2020-12-24,-0.006719659613561381
2020-12-28,0.002069999540627308
2020-12-29,0.001678986907643571
2020-12-30,0.004894249063721617
2020-12-31,-0.005368393787510288
2021-01-04,0.002467583761267663
2021-01-05,0.005739860921947473
2021-01-06,0.008673280282938038
2021-01-07,-0.011499256065672933
2021-01-08,-0.012734981012539717
2021-01-11,0.009119441489275215
2021-01-12,0.0034199857162049247
2021-01-13,-0.0023329220055729027
2021-01-14,0.015905641247127227
2021-01-15,-0.006979738011388275
2021-01-19,-0.0021249344723188444
2021-01-20,1.2819241337008009e-05
2021-01-21,-0.005839885257621242
2021-01-22,-0.002091962553747961
2021-01-25,-0.006780493166352524
2021-01-26,0.00036745395434323194
2021-01-27,0.010065165941197104
2021-01-28,-0.001047798726609318
2021-01-29,-0.003309667305228517
2021-02-01,-0.01216466705959332
2021-02-02,-0.0013403671838593209
2021-02-03,0.021148971357609524
2021-02-04,-0.0009957238111633596
2021-02-05,-0.0009795035933823544
2021-02-08,0.0009919814665343884
2021-02-09,-0.0016655273856897614
2021-02-10,0.006654188198053274
2021-02-11,-0.013370280831423552
2021-02-12,-0.012149861385309345
2021-02-16,0.007732405316325335
2021-02-17,0.012973974633365148
2021-02-18,0.004310812660809427
2021-02-19,0.00255239606599512
2021-02-22,0.03287692917472871
2021-02-23,0.00868949329515667
2021-02-24,0.004205408840287685
2021-02-25,0.006930386290735578
2021-02-26,-0.010112194317208634
2021-03-01,-0.01362905698448837
2021-03-02,0.014413217740622201
2021-03-03,0.020461210116557483
2021-03-04,0.017907067346401555
2021-03-05,-0.0059585878650653765
2021-03-08,0.02058929630871148
2021-03-09,-0.01366531866777001
2021-03-10,0.0037118171546931433
2021-03-11,-0.011242482765829662
2021-03-12,0.011367387964100417
2021-03-15,0.005908930932883821
2021-03-16,-6.910904458990428e-05
2021-03-17,-0.0016665266221914609
2021-03-18,-0.0002338176812459455
2021-03-19,0.0013567132913217747
2021-03-22,-0.0008280042932556617
2021-03-23,-0.002529841668539109
2021-03-24,0.0010231358005274708
2021-03-25,0.0029864847279917474
2021-03-26,-0.007997181504425618
2021-03-29,0.004876007703715229
2021-03-30,1.1725957316843717e-05
2021-03-31,-0.0029202578868271953
2021-04-01,-0.0020319412733862154
2021-04-05,-0.004332877281383239
2021-04-06,0.0003781551066897467
2021-04-07,-0.0001245386303810392
2021-04-08,-0.011868561837294695
2021-04-09,-0.004866627673175505
2021-04-12,-0.00701559377231563
2021-04-13,-0.0012917112224538787
2021-04-14,0.008744153823088227
2021-04-15,-0.004712393000053224
2021-04-16,-0.0019042902929209185
2021-04-19,0.002456699420612918
2021-04-20,-0.009255191876170845
2021-04-21,0.004886202425718199
2021-04-22,-0.0037621650128929554
2021-04-23,0.0007251460744402993
2021-04-26,0.0065055827579822865
2021-04-27,-0.0009025701045032681
2021-04-28,0.005504993907667116
2021-04-29,-0.006870817430503222
2021-04-30,0.007146376763278864
2021-05-03,0.008612841212193242
2021-05-04,-0.00858873235843819
2021-05-05,0.004913754006698931
2021-05-06,-0.005923523222153267
2021-05-07,0.002208965910673089
2021-05-10,-0.0006470110361528859
2021-05-11,0.005489812626465049
2021-05-12,0.005086194236745799
2021-05-13,-0.008093846265296151
2021-05-14,0.006846505357115563
2021-05-17,0.005971305387931742
2021-05-18,0.005636766620780859
2021-05-19,0.00035404514633018467
2021-05-20,0.002586297444174733
2021-05-21,0.00010771872808751273
2021-05-24,-0.0010255385668374
2021-05-25,-0.001332578634490401
2021-05-26,0.003662351547439784
2021-05-27,0.0008659850497096147
2021-05-28,-1.98838882580505e-05
2021-06-01,0.004595721985763079
2021-06-02,0.006231705072297945
2021-06-03,-0.0007679696171224638
2021-06-04,-0.0021636378270722834
2021-06-07,0.007292320690471157
2021-06-08,-0.0024780171229486364
2021-06-09,0.0051940591743365565
2021-06-10,0.0025794297070092834
2021-06-11,-0.003539302786864048
2021-06-14,-0.005112122060641223
2021-06-15,0.001564983788916509
2021-06-16,0.004270980515582924
2021-06-17,-0.004840223300781504
2021-06-18,0.00017996019332930618
2021-06-21,-0.0024782165954431905
2021-06-22,-0.006402746212618152
2021-06-23,-0.0032845655165205144
2021-06-24,-0.004604270463479015
2021-06-25,0.0025949913192633927
2021-06-28,-0.011958154919913352
2021-06-29,-0.005125502781228767
2021-06-30,0.006687748355472048
2021-07-01,0.005744154821101057
2021-07-02,-0.00591135628518278
2021-07-06,-0.012300605630014007
2021-07-07,-0.010946006118128432
2021-07-08,0.0010251597533307167
2021-07-09,0.00683421452934767
2021-07-12,-0.004068238296406124
2021-07-13,-0.006769257164623943
2021-07-14,-0.0024104156541484172
2021-07-15,-0.006163050914380078
2021-07-16,-0.01365657373658034
2021-07-19,-0.008524739790360633
2021-07-20,0.008016611757533503
2021-07-21,0.017800642998453162
2021-07-22,-0.010929301289412923
2021-07-23,-0.014226410976851407
2021-07-26,0.013638811970199664
2021-07-27,-0.002228933964124853
2021-07-28,0.007434995605000594
2021-07-29,-0.00329441570071279
2021-07-30,-0.012676742913740779
2021-08-02,-0.00478564469828925
2021-08-03,-0.007823661924661237
2021-08-04,-0.017069369633084176
2021-08-05,0.01554413434763302
2021-08-06,0.00488086535459517
2021-08-09,-0.00783638015501526
2021-08-10,0.010888318673893066
2021-08-11,0.004827787629135568
2021-08-12,-0.006653822488043924
2021-08-13,-0.006703753398128729
2021-08-16,-0.012945767453528583
2021-08-17,-0.006063518461588736
2021-08-18,0.002752419281049533
2021-08-19,-0.01761860811875276
2021-08-20,-0.004979527021414748
2021-08-23,0.01973529988343594
2021-08-24,0.016518536743256238
2021-08-25,-0.0012767212601695907
2021-08-26,-0.004179460836522591
2021-08-27,0.009175709880747476
2021-08-30,-0.013931405475908527
2021-08-31,0.0067938756814200875
2021-09-01,-0.007610990090950885
2021-09-02,0.005670379464138916
2021-09-03,-0.008897535764915976
2021-09-07,0.004765154624212731
2021-09-08,-0.006405092186303454
2021-09-09,0.004661730334261901
2021-09-10,-0.005557941780390748
2021-09-13,0.01774879654793173
2021-09-14,-0.015945097543324488
2021-09-15,0.0007553392659395285
2021-09-16,-0.003781233033674423
2021-09-17,0.005475941351046819
2021-09-20,0.0022450160706627056
2021-09-21,-0.0114352138422727
2021-09-22,0.003313922095918329
2021-09-23,0.008376714400989582
2021-09-24,0.002584551727118249
2021-09-27,0.0181388638914765
2021-09-28,0.018750220622887417
2021-09-29,-0.0010437993199346122
2021-09-30,-0.001376434371944657
2021-10-01,0.009897763091710582
2021-10-04,0.00840191892726549
2021-10-05,-0.009248501005303307
2021-10-06,-0.0025578173914097896
2021-10-07,-0.0029012918953119906
2021-10-08,0.003778228778560559
2021-10-11,0.0003530031795526276
2021-10-12,-0.001195616938150697
2021-10-13,-0.007015286786014193
2021-10-14,-0.004924105373612069
2021-10-15,-0.002944881478879867
2021-10-18,-0.014431178859533503
2021-10-19,-0.0008990964076652681
2021-10-20,0.004142520267194684
2021-10-21,-0.00919125462765812
2021-10-22,-0.013685678208564206
2021-10-25,-0.0036141586417497524
2021-10-26,0.0012836325565599596
2021-10-27,-0.013628332140769375
2021-10-28,0.00010927520472401594
2021-10-29,-0.013374288425375296
2021-11-01,0.026392179095529347
2021-11-02,-0.01222217977582832
2021-11-03,0.00531978389747209
2021-11-04,-0.011507111900223577
2021-11-05,0.029397419893094023
2021-11-08,-0.000624365391424529
2021-11-09,-0.0031315727777977615
2021-11-10,0.002395615600624734
2021-11-11,-0.005128528096451672
2021-11-12,-0.011902552404344251
2021-11-15,0.005294780792531754
2021-11-16,-0.025446858589720445
2021-11-17,-0.0008356661231592546
2021-11-18,-0.010818821466064953
2021-11-19,-0.01695548212120344
2021-11-22,0.012211520156498198
2021-11-23,0.005508329547954954
2021-11-24,-0.003648187091884221
2021-11-26,-0.016851363130920588
2021-11-29,-0.019709856423632866
2021-11-30,0.002337913504274608
2021-12-01,-0.01109446889725644
2021-12-02,0.022300621986894715
2021-12-03,0.0038919416831178495
2021-12-06,0.02776577775186029
2021-12-07,-0.01939392611046347
2021-12-08,0.010856257354471701
2021-12-09,0.0015042195540179153
2021-12-10,-0.016080834872893204
2021-12-13,-0.005174675608004154
2021-12-14,0.013827460088285205
2021-12-15,-0.019791547954366655
2021-12-16,0.011762934364844657
2021-12-17,0.01608298422352572
2021-12-20,0.00214792976231645
2021-12-21,0.021533147067956615
2021-12-22,-0.007826900984628897
2021-12-23,0.0032977683078739455
2021-12-27,-0.017151394721171838
2021-12-28,0.005647119001878613
2021-12-29,-0.006449327058041387
2021-12-30,0.003439666746396052
2021-12-31,-0.004563921415577227
2022-01-03,0.026338158242942188
2022-01-04,0.00887919533178401
2022-01-05,0.0023086756097803842
2022-01-06,0.012515711340086616
2022-01-07,0.01461205419109174
2022-01-10,-0.0003584986062804209
2022-01-11,0.00032357690574091527
2022-01-12,0.004466721627565816
2022-01-13,0.007226432942495781
2022-01-14,0.011739508216388288
2022-01-18,-0.0016062203841844945
2022-01-19,-0.011469723692512335
2022-01-20,-0.007557708503722502
2022-01-21,-0.01291674048218036
2022-01-24,-0.006202469553899065
2022-01-25,0.007556622008259187
2022-01-26,0.005862659351955742
2022-01-27,-0.006522836760260114
2022-01-28,-0.007715265925276094
2022-01-31,0.009776145760339817
2022-02-01,0.006486285890801791
2022-02-02,-0.0043482667551634265
2022-02-03,-0.01038707899766903
2022-02-04,0.005522469874933049
2022-02-07,0.0035923788735328366
2022-02-08,0.00017424388614417226
2022-02-09,0.00304412485203584
2022-02-10,0.007649729299124211
2022-02-11,-0.0010442381963717492
2022-02-14,0.0005988758686524934
2022-02-15,0.011105817169316235
2022-02-16,-0.004036845601388747
2022-02-17,-0.0014577739429873372
2022-02-18,-0.0005278961593743628
2022-02-22,-0.005055202604216812
2022-02-23,-0.006847903001605316
2022-02-24,-0.001599742427780058
2022-02-25,-0.0009987734857524887
2022-02-28,0.0012212346643349832
2022-03-01,-0.01142076779290803
2022-03-02,0.005854500258209519
2022-03-03,-0.01019044318390954
2022-03-04,-0.00742447085897376
2022-03-07,-0.009453164801822386
2022-03-08,0.012392042674147058
2022-03-09,0.005162092705239069
2022-03-10,0.001688246687485169
2022-03-11,-0.0005188040147963625
2022-03-14,-0.007411935017199563
2022-03-15,0.003034488550279099
2022-03-16,0.011161674836231757
2022-03-17,-0.003001044557443347
2022-03-18,0.002457954426232532
2022-03-21,0.0016299950856275994
2022-03-22,0.004698359390071288
2022-03-23,0.006881581192433254
2022-03-24,0.004934848568863735
2022-03-25,0.0011549927978217567
2022-03-28,-0.003058412108563853
2022-03-29,0.00019382461632918522
2022-03-30,-0.004084505753527125
2022-03-31,-0.003519215666430942
2022-04-01,-0.008677276657247584
2022-04-04,0.010616563622258886
2022-04-05,-0.011390370305366477
2022-04-06,-0.01586586289908107
2022-04-07,-0.008676017396801359
2022-04-08,-0.002888346392990704
2022-04-11,0.0032291665123660505
2022-04-12,0.0037849455685643935
2022-04-13,0.005134583815650902
2022-04-14,-0.005655921860755392
2022-04-18,0.008933080047625603
2022-04-19,-0.0032880454496973708
2022-04-20,-0.019095466564341537
2022-04-21,0.004450216011397615
2022-04-22,0.007822666265567184
2022-04-25,-0.0011538718291550071
2022-04-26,-0.010305739449195052
2022-04-27,-0.003672812114177004
2022-04-28,0.010355464200643844
2022-04-29,-0.001940334165197557
2022-05-02,0.017357996087281773
2022-05-03,0.008067247485038252
2022-05-04,-0.00014605620590187686
2022-05-05,-0.003077084767669155
2022-05-06,0.006832492196084075
2022-05-09,-0.010736700648250719
2022-05-10,0.006834360981352016
2022-05-11,-0.010095860085135808
2022-05-12,-0.012002228554769762
2022-05-13,0.009464651453595358
2022-05-16,-0.0028006247560443793
2022-05-17,0.015080567643580121
2022-05-18,-0.00488425230198409
2022-05-19,-0.00756715879570335
2022-05-20,-0.009921780605992017
2022-05-23,0.006098345211578958
2022-05-24,-0.01944463957182359
2022-05-25,0.007010094287560605
2022-05-26,0.01000112822593954
2022-05-27,0.002916763614825614
2022-05-31,0.010477099509380116
2022-06-01,0.004017766281778941
2022-06-02,-0.0022387417481522513
2022-06-03,-0.006888083498703989
2022-06-06,-0.0004103051621769691
2022-06-07,0.0016243148154983247
2022-06-08,-0.000843256604040769
2022-06-09,-0.008058941494008614
2022-06-10,-0.004909687079785409
2022-06-13,-0.01484984408931473
2022-06-14,0.0018506964108895593
2022-06-15,0.006551558114762874
2022-06-16,-0.010593839072439964
2022-06-17,-0.0017534149020845646
2022-06-21,0.005168095810559217
2022-06-22,-0.007276418085064738
2022-06-23,-0.016206601742370538
2022-06-24,0.01218153409636496
2022-06-27,0.000754975587818713
2022-06-28,0.003015155368247018
2022-06-29,-0.013840191952881968
2022-06-30,-0.00976971616294937
2022-07-01,-0.00877855656831944
2022-07-05,0.009579378381494738
2022-07-06,-0.005607651861703132
2022-07-07,0.015047272669213869
2022-07-08,-0.003268385630528485
2022-07-11,-0.013723803106277252
2022-07-12,0.01346672486247011
2022-07-13,0.0043233414249987355
2022-07-14,-0.001085450217071575
2022-07-15,0.008791694099958251
2022-07-18,0.011795832310447792
2022-07-19,0.0034456897132762606
2022-07-20,0.010509701402920998
2022-07-21,-0.013694485317349956
2022-07-22,-0.0097784517726941
2022-07-25,-0.0020665800617106723
2022-07-26,-0.014082108569365022
2022-07-27,0.01815327771393298
2022-07-28,-0.011216768598485978
2022-07-29,0.006796899343676278
2022-08-01,0.006133739341148988
2022-08-02,-0.0022148564772802057
2022-08-03,0.006308120090355508
2022-08-04,-0.006084354560739928
2022-08-05,-0.0036127470826894516
2022-08-08,0.0005699069280904693
2022-08-09,-0.005166764230596334
2022-08-10,0.006834109764860229
2022-08-11,0.007555127838528188
2022-08-12,0.0037594811888982706
2022-08-15,-0.005553293378797968
2022-08-16,0.002134155977429828
2022-08-17,-0.00288138041753533
2022-08-18,0.005889331164784104
2022-08-19,-0.005004824743230849
2022-08-22,-0.006374674826187035
2022-08-23,0.01058957727543053
2022-08-24,0.0004783652048613736
2022-08-25,0.005149016368317258
2022-08-26,-0.0023428158302858603
2022-08-29,-0.0022284050718130296
2022-08-30,-0.003624802005432537
2022-08-31,-0.003118059946172782
2022-09-01,-0.007347550440745616
2022-09-02,0.003983462606744673
2022-09-06,-0.004300169002723854
2022-09-07,-0.004574737736654293
2022-09-08,-0.005024780259013606
2022-09-09,0.007701062023546526
2022-09-12,0.0015514816534042718
2022-09-13,-0.005435545683191943
2022-09-14,0.009399798937083993
2022-09-15,-0.0014064397104809779
2022-09-16,0.00321580576605922
2022-09-19,0.005288561775466683
2022-09-20,-0.002579628754784751
2022-09-21,-0.0033359851303521844
2022-09-22,0.0015835083384750676
2022-09-23,-0.013565841391766925
2022-09-26,-0.0019616857035830203
2022-09-27,0.004801815953878798
2022-09-28,-0.006366822199303749
2022-09-29,-0.009143744209319224
2022-09-30,-0.012563572196110326
2022-10-03,-0.00411764077478976
2022-10-04,0.012166374758103744
2022-10-05,-0.00030975102379773964
2022-10-06,0.0028302467508392513
2022-10-07,-0.01131119236664516
2022-10-10,-0.0075055107217856885
2022-10-11,-0.006683231013197199
2022-10-12,0.013533172587662179
2022-10-13,0.004146547202722531
2022-10-14,-0.00010037175481407938
2022-10-17,0.0037090582363684963
2022-10-18,0.0009253362643936002
2022-10-19,0.010008299238196126
2022-10-20,0.009662526001297373
2022-10-21,0.0033719962389003985
2022-10-24,-0.004195246872216127
2022-10-25,0.001192421781194745
2022-10-26,-0.013105826704990926
2022-10-27,-0.0070907173298166756
2022-10-28,-0.001160285216001868
2022-10-31,-0.0017976917393619867
2022-11-01,0.0040806043138155315
2022-11-02,-0.003323559203314476
2022-11-03,0.004308266160185897
2022-11-04,0.005880717983481231
2022-11-07,1.226587978325248e-05
2022-11-08,0.0007727928628745616
2022-11-09,-0.011732951503782472
2022-11-10,0.008802497801666045
2022-11-11,0.017029524697563168
2022-11-14,0.004371826193666214
2022-11-15,0.006675146098802775
2022-11-16,-0.012611269741416714
2022-11-17,-0.0001037896251213455
2022-11-18,-0.004668807769922504
2022-11-21,-0.006914160615182888
2022-11-22,0.0031197838045558366
2022-11-23,0.004410038352103631
2022-11-25,-0.005648879266511873
2022-11-28,-0.004267973371195784
2022-11-29,0.004062416609474645
2022-11-30,0.005915509231137836
2022-12-01,-0.002061338793577371
2022-12-02,-0.0057751168033799375
2022-12-05,-0.005210746803635299
2022-12-06,-0.00764629768115263
2022-12-07,-0.008805606675810306
2022-12-08,-5.974847896885818e-05
2022-12-09,0.0050662594991430126
2022-12-12,0.0022084165389102653
2022-12-13,-0.0021326130256707917
2022-12-14,0.0005361666633469403
2022-12-15,-0.006474869845449824
2022-12-16,-0.00033440240915838656
2022-12-19,-0.0025491901259903963
2022-12-20,-0.002122895546159266
2022-12-21,0.002421690231364085
2022-12-22,-0.016321121157516907
2022-12-23,0.0024666335560003423
2022-12-27,-0.008475932382400133
2022-12-28,-0.003908200618938383
2022-12-29,0.007883923136187135
2022-12-30,0.004787532396238271
2023-01-03,0.012645491809328098
2023-01-04,0.017469106922427927
2023-01-05,-0.016143549913858843
2023-01-06,0.006760175721368478
2023-01-09,0.025393970592722356
2023-01-10,0.0023422092491429372
2023-01-11,0.01386485708935131
2023-01-12,0.002137327218771594
2023-01-13,0.0021354988561821057
2023-01-17,0.0061997696675183
2023-01-18,0.0016648747106272164
2023-01-19,-0.0027491971624282272
2023-01-20,0.020773014815876987
2023-01-23,0.01603458035346673
2023-01-24,-0.008942504736595663
2023-01-25,-0.0012289264513233302
2023-01-26,0.0053122370498070795
2023-01-27,0.016899743848632742
2023-01-30,-0.007284726584199411
2023-01-31,0.008094984337684925
2023-02-01,0.01547242673884881
2023-02-02,0.033596569837049395
2023-02-03,-0.010996425655254096
2023-02-06,-0.014374468573257158
2023-02-07,0.004704410785242846
2023-02-08,-0.013183592051526577
2023-02-09,-0.00676954189770531
2023-02-10,-0.00835564874324428
2023-02-13,0.007145731853298605
2023-02-14,-0.0007951338150424183
2023-02-15,0.00420575278907967
2023-02-16,-0.0032695474069455188
2023-02-17,-0.003848099303542559
2023-02-21,-0.006440475759920008
2023-02-22,-0.0015830382968118316
2023-02-23,0.0005892576133370537
2023-02-24,-0.009976749888479849
2023-02-27,-0.0029190544684804705
2023-02-28,0.0061689080232500216
2023-03-01,-0.0041194843784753766
2023-03-02,0.003493915396033498
2023-03-03,0.003184534681882378
2023-03-06,-0.0013885118843992316
2023-03-07,-0.004615369121530775
2023-03-08,0.005276520801675877
2023-03-09,-0.004601068508206458
2023-03-10,-0.000844211178679199
2023-03-13,0.016409393949541197
2023-03-14,0.0033459831712019153
2023-03-15,0.013449066656613913
2023-03-16,0.0025413020356639337
2023-03-17,0.0026715415649705898
2023-03-20,-0.007346779585764086
2023-03-21,0.00397077334834825
2023-03-22,-0.0023493300791123913
2023-03-23,0.001822179087547617
2023-03-24,0.0072966842822097915
2023-03-27,-0.0007341762366358687
2023-03-28,-0.004698095558452998
2023-03-29,0.008234915210736646
2023-03-30,-0.0014097905014834595
2023-03-31,0.0013485990878590675
2023-04-03,-0.004267590804076967
2023-04-04,0.004092938205533446
2023-04-05,-0.003164124611063846
2023-04-06,0.005501297820996436
2023-04-10,0.0011319485277719514
2023-04-11,0.0021951527114214796
2023-04-12,-0.01158020182421779
2023-04-13,0.002036154558334856
2023-04-14,-0.00029460620979264776
2023-04-17,0.002445652691069617
2023-04-18,-0.00600300027146716
2023-04-19,-0.0002186270535394797
2023-04-20,-0.008270688459319464
2023-04-21,-0.0024314068302426035
2023-04-24,-0.0038645381844955996
2023-04-25,-0.010778992638579404
2023-04-26,0.003033226394394121
2023-04-27,0.0048420760157385926
2023-04-28,0.007133828008414269
2023-05-01,-0.005161910291855597
2023-05-02,-0.011490174542634214
2023-05-03,-0.008849898276963735
2023-05-04,0.0016437168251530261
2023-05-05,0.007938445865125609
2023-05-08,-0.002521426709479744
2023-05-09,-0.005689533640675089
2023-05-10,0.0005955554023886658
2023-05-11,-0.0039020294422071004
2023-05-12,-0.0017645184588000354
2023-05-15,0.008301402930920854
2023-05-16,-0.011832968207478992
2023-05-17,0.006274223664931046
2023-05-18,-0.001953183119467172
2023-05-19,0.0012538871645635676
2023-05-22,0.015926464367675933
2023-05-23,0.0184780481529729
2023-05-24,-0.00869592254038432
2023-05-25,-0.021004477074773275
2023-05-26,-0.0015978698769686568
2023-05-30,0.00021061246964995727
2023-05-31,0.0011696453057358095
2023-06-01,-0.00011743358246348013
2023-06-02,0.00895128708185458
2023-06-05,-0.0026992276562001188
2023-06-06,0.005692152702821242
2023-06-07,0.01501381458495372
2023-06-08,-0.011222636746265717
2023-06-09,-0.00535322895128585
2023-06-12,-0.0069232786884027495
2023-06-13,0.00425483254225524
2023-06-14,-0.006330171819618235
2023-06-15,0.0028640623766506466
2023-06-16,0.0015868054023698767
2023-06-20,-0.009161434251098062
2023-06-21,0.0011766505310894346
2023-06-22,-0.007586701300559794
2023-06-23,-0.0015059124900725271
2023-06-26,0.011966011559124443
2023-06-27,-0.013394538388300112
2023-06-28,-0.0005665058064384265
2023-06-29,0.00020500493896173937
2023-06-30,-0.00799952010147334
2023-07-03,0.010371989194097996
2023-07-05,-0.004085020919760845
2023-07-06,-0.007560274819040315
2023-07-07,0.005560777847660159
2023-07-10,-0.0011471544729950395
2023-07-11,0.00847963146258579
2023-07-12,-0.0014568513613294855
2023-07-13,-0.0008707265615318708
2023-07-14,-0.011144156719569101
2023-07-17,-0.011705584982965079
2023-07-18,0.00462645336041657
2023-07-19,0.015893706864325348
2023-07-20,0.010544206974563668
2023-07-21,0.010608984104969464
2023-07-24,0.002378202958879075
2023-07-25,-0.008249870236937011
2023-07-26,0.006523261181983504
2023-07-27,-0.004276855307884214
2023-07-28,-0.0013922953310508955
2023-07-31,0.0035905689391951164
2023-08-01,-0.011537379038612171
2023-08-02,0.0010115088893474676
2023-08-03,-0.004205307641312792
2023-08-04,0.0024776777209876
2023-08-07,-0.01046377079478978
2023-08-08,-0.003941506554576026
2023-08-09,0.004730741277931638
2023-08-10,-0.004750862160465608
2023-08-11,-0.0006910665302910081
2023-08-14,-0.0067373751028291665
2023-08-15,-0.007363588501954484
2023-08-16,0.0004902845486890289
2023-08-17,0.013697855588683751
2023-08-18,-0.004232394897978447
2023-08-21,-0.005222418296924016
2023-08-22,-0.002961730858089804
2023-08-23,-0.0041105453377153316
2023-08-24,0.000516821808098562
2023-08-25,-0.005181964454766772
2023-08-28,0.0013165758410611482
2023-08-29,-0.0007537884853225816
2023-08-30,0.0003029659718536614
2023-08-31,-0.008303810027394904
2023-09-01,-0.0035264387518611977
2023-09-05,-0.0078059217504239335
2023-09-06,-0.006194009164676611
2023-09-07,-0.004874196627370154
2023-09-08,-0.001040542149459619
2023-09-11,-0.005317059686582072
2023-09-12,0.009186772412314468
2023-09-13,-0.002148735285391005
2023-09-14,0.0057307338725423
2023-09-15,0.007452218043995685
2023-09-18,-0.014053695762109629
2023-09-19,0.00300142079028992
2023-09-20,0.0026827345825639884
2023-09-21,-0.000781720640438494
2023-09-22,-0.007200179360235683
2023-09-25,-0.005120196634948532
2023-09-26,0.0013884372768046976
2023-09-27,-0.005193293463981318
2023-09-28,-0.0018014572021417185
2023-09-29,0.015257527114467862
2023-10-02,-0.0151932834982938
2023-10-03,0.0035183218813748486
2023-10-04,-0.00460768024419444
2023-10-05,-0.004333095389695442
2023-10-06,-0.00681449922426451
2023-10-09,-0.0003930347281366031
2023-10-10,0.006995611532084641
2023-10-11,-0.007997940415760872
2023-10-12,-0.010119384724053533
2023-10-13,0.006715698636550337
2023-10-16,0.001839365575493453
2023-10-17,0.0044110050342794594
2023-10-18,-0.007143133933779522
2023-10-19,-0.001691856922307655
2023-10-20,0.0046302885071002895
2023-10-23,-0.006223841077543661
2023-10-24,-0.0021381636222617085
2023-10-25,0.0076500432199570825
2023-10-26,0.004594469161481407
2023-10-27,-0.015411099894863164
2023-10-30,-0.0033141782868942376
2023-10-31,0.005529827621311888
2023-11-01,-0.025828313618482777
2023-11-02,0.0059591005367564355
2023-11-03,0.020062899433075588
2023-11-06,-0.01931304105313984
2023-11-07,0.00048668715048282897
2023-11-08,-0.014070908561490167
2023-11-09,-0.009849967470033751
2023-11-10,-0.014722903362773451
2023-11-13,-0.0056779698637995325
2023-11-14,0.02392065091015898
2023-11-15,0.02342605998781116
2023-11-16,-0.012317189963763363
2023-11-17,0.007025284434573315
2023-11-20,-0.0029124836735512786
2023-11-21,-0.002187635059627891
2023-11-22,0.0034567742535306645
2023-11-24,0.00298369343721641
2023-11-27,-0.001810859023317443
2023-11-28,0.005541811732206542
2023-11-29,0.0135689860905298
2023-11-30,0.0017471779435995682
2023-12-01,0.01691413719570249
2023-12-04,0.012142770758908728
2023-12-05,-0.011507894936178674
2023-12-06,0.007552798986234507
2023-12-07,-0.004952615142942891
2023-12-08,-0.0007801542258464609
2023-12-11,-0.003307502753216563
2023-12-12,-0.013318914490173077
2023-12-13,0.012030383071969046
2023-12-14,0.03115553147305192
2023-12-15,-0.012534457002483146
2023-12-18,-0.003490699688699979
2023-12-19,0.012116506824432941
2023-12-20,-0.002995620200542603
2023-12-21,0.002565022888597589
2023-12-22,0.0017231343519431772
2023-12-26,0.00031158580904079716
2023-12-27,-0.0016108633168429019
2023-12-28,0.00012278210677858212
2023-12-29,-0.002806516224558679
2024-01-02,-0.007344998386779658
2024-01-03,-0.021533445447228405
2024-01-04,0.0022091614517043825
2024-01-05,0.004714758076338784
2024-01-08,0.008391159028504073
2024-01-09,-0.0035504032783156433
2024-01-10,-0.0007187363081424477
2024-01-11,-0.005615800356861962
2024-01-12,-0.010919779441855574
2024-01-16,-0.00449383220916204
2024-01-17,-0.005061603888739872
2024-01-18,0.00370769468372726
2024-01-19,0.004005285702934653
2024-01-22,-0.0031981666506057096
2024-01-23,-0.0002779752339276405
2024-01-24,-0.007077834396041561
2024-01-25,0.004827346728191042
2024-01-26,-0.00014361538980376933
2024-01-29,0.0065521708486600515
2024-01-30,-0.01198601421494261
2024-01-31,-0.005172558855639053
2024-02-01,0.002381562820959271
2024-02-02,-0.0073333955883961325
2024-02-05,-0.01167494003121225
2024-02-06,0.008405897477531316
2024-02-07,-0.004299914280935237
2024-02-08,-0.004395213947448024
2024-02-09,0.0025895332657439106
2024-02-12,0.007798658923562371
2024-02-13,-0.015503001383305978
2024-02-14,0.002878820285992419
2024-02-15,0.007810611823408307
2024-02-16,-0.0043858943054241855
2024-02-20,0.004221207808279913
2024-02-21,0.0037653932359221647
2024-02-22,-0.005087476713261459
2024-02-23,0.0012424246529673497
2024-02-26,-0.010746589197664127
2024-02-27,0.008292629823834701
2024-02-28,0.0015284523758282028
2024-02-29,0.008119533587991105
2024-03-01,-0.004708076377286013
2024-03-04,-0.0030226738620752532
2024-03-05,0.002308433434113594
2024-03-06,0.0015833290762786569
2024-03-07,-0.0013758398356750405
2024-03-08,0.009951261099051124
2024-03-11,0.008550229342960151
2024-03-12,-0.00968841284106937
2024-03-13,-0.0007373376482146914
2024-03-14,-0.013434172707378452
2024-03-15,-0.0014923771855902184
2024-03-18,0.0022252907725639794
2024-03-19,-0.00803974944891674
2024-03-20,0.007128774715323696
2024-03-21,-0.00038621965834606677
2024-03-22,-0.005616328863249219
2024-03-25,0.002884343847202656
2024-03-26,-0.003202823905502141
2024-03-27,0.012622327327121203
2024-03-28,0.0037940788051560063
2024-04-01,-0.005444762154340583
2024-04-02,-0.006109410884305384
2024-04-03,-0.004394660280271458
2024-04-04,0.0005593788739674733
2024-04-05,-0.009351937306332483
2024-04-08,0.009100383968005499
2024-04-09,0.010941874173905216
2024-04-10,-0.015343342878870637
2024-04-11,0.001085597031705422
2024-04-12,-0.00861885447678951
2024-04-15,0.0011510612603134174
2024-04-16,-0.004395409735108274
2024-04-17,0.0033227881398493887
2024-04-18,0.0054402987573729505
2024-04-19,0.0010278725051586395
2024-04-22,-0.0007318056313735376
2024-04-23,0.0009439765115214422
2024-04-24,0.0003682235082193866
2024-04-25,0.00017300991472637603
2024-04-26,2.504959969562272e-07
2024-04-29,0.006588082345946411
2024-04-30,-0.000224303387196692
2024-05-01,-0.0020133064725107687
2024-05-02,0.007153798211350051
2024-05-03,-0.003671109810902297
2024-05-06,-0.0037651102736828436
2024-05-07,-0.007547165636875017
2024-05-08,-0.0015674161609265762
2024-05-09,0.0006135592594631223
2024-05-10,-0.0059395342595177265
2024-05-13,0.011023683190019989
2024-05-14,0.006824728074594685
2024-05-15,-0.010728401544471109
2024-05-16,0.009998288432772204
2024-05-17,-0.0067846956513782485
2024-05-20,-0.0024243224469972214
2024-05-21,-0.0003443192522827997
2024-05-22,-0.0060437658278556135
2024-05-23,-0.014332018938213347
2024-05-24,0.002618794387407361
2024-05-28,-0.0027658645218206963
2024-05-29,-0.0033657541031145996
2024-05-30,0.011373667526552016
2024-05-31,0.006094231138373497
2024-06-03,0.003763857617058087
2024-06-04,-0.004212861903369787
2024-06-05,-0.008732165304355832
2024-06-06,-0.0004763622368354395
2024-06-07,-0.007364591221853609
2024-06-10,-0.0010994033388533877
2024-06-11,-0.00853607171696386
2024-06-12,-0.0071409528022342685
2024-06-13,-0.010651908956865337
2024-06-14,-0.008301523148741639
2024-06-17,-0.005770534527995599
2024-06-18,-0.010029544731178563
2024-06-20,0.0011924372182515763
2024-06-21,0.008286185069201066
2024-06-24,0.006437600904124476
2024-06-25,-0.010818439138629064
2024-06-26,0.0017164798092188837
2024-06-27,-0.00010799640617074102
2024-06-28,-0.0022810086406902523
2024-07-01,-0.002997942973560718
2024-07-02,0.0008204930697240561
2024-07-03,-0.0001749726283029919
2024-07-05,-0.0007336650035334965
2024-07-08,-0.001987450659250026
2024-07-09,0.0002277165588965157
2024-07-10,0.0010308197496050058
2024-07-11,0.016620442622098174
2024-07-12,0.003543812077308625
2024-07-15,-0.005686133070913882
2024-07-16,0.009185720887870641
2024-07-17,0.01824410680957554
2024-07-18,-0.005576615404656359
2024-07-19,-0.0018623095866325938
2024-07-22,-0.009087452253655459
2024-07-23,-0.01006307936549468
2024-07-24,0.012274019056338865
2024-07-25,0.001109463251427991
2024-07-26,0.010497931441650636
2024-07-29,0.0007577559598228748
2024-07-30,0.012263832544504284
2024-07-31,-0.01626948551180408
2024-08-01,-0.00650899017793173
2024-08-02,-0.0023748590925204566
2024-08-05,-0.004552914167050193
2024-08-06,-0.010183884304285015
2024-08-07,0.0005457920333979573
2024-08-08,-0.007230008207506205
2024-08-09,-0.008722753818509961
2024-08-12,-0.01050180193267645
2024-08-13,0.0035781126552837886
2024-08-14,-0.009468416868961209
2024-08-15,0.008890125427311515
2024-08-16,0.003929542136175203
2024-08-19,0.002474774029606522
2024-08-20,-0.002525386511934997
2024-08-21,0.0035193613542000494
2024-08-22,-0.003991819015389433
2024-08-23,0.010480949714846017
2024-08-26,0.004641141471958711
2024-08-27,-0.00641131129398457
2024-08-28,-0.0016539890082995943
2024-08-29,-0.01138181300714392
2024-08-30,-0.004333412482616692
2024-09-03,0.011396398669272341
2024-09-04,-0.005717409693803626
2024-09-05,0.008149076324662942
2024-09-06,0.0019857659003861077
2024-09-09,-0.005623332368124595
2024-09-10,-0.0031600060287792406
2024-09-11,-0.00936250018472959
2024-09-12,-0.007502073348092118
2024-09-13,0.002511723643749374
2024-09-16,0.005186084132066918
2024-09-17,0.008893223116625383
2024-09-18,0.003781406839702722
2024-09-19,-0.011268967298803867
2024-09-20,-0.0008463047496136286
2024-09-23,0.0030491124925138367
2024-09-24,0.006778350785792436
2024-09-25,-0.007597414561324863
2024-09-26,0.0062753750371584045
2024-09-27,0.009470844837789072
2024-09-30,-0.0032810096183373385
2024-10-01,-6.503769257285717e-05
2024-10-02,-0.010082276064756406
2024-10-03,-0.004723796872625667
2024-10-04,0.005399987307999197
2024-10-07,0.0028703025121323746
2024-10-08,-0.009734647908862895
2024-10-09,-0.0024293856437429665
2024-10-10,-0.0006228006885018351
2024-10-11,-0.003257068498627763
2024-10-14,-0.004002735520312426
2024-10-15,0.005744981378114359
2024-10-16,0.0069163643122899885
2024-10-17,-0.005263285251521017
2024-10-18,-0.0018968296721719143
2024-10-21,-0.0064819833254412635
2024-10-22,0.008259456440776691
2024-10-23,0.0015491056819092405
2024-10-24,0.004781603267122089
2024-10-25,-0.0009029534916521237
2024-10-28,0.004824436095636172
2024-10-29,-0.013921553032217303
2024-10-30,0.00306755536184642
2024-10-31,0.009129554388131745
2024-11-01,-0.0005190878886100974
2024-11-04,-0.0006562834674349648
2024-11-05,-0.002551866848330958
2024-11-06,-0.011500466642763253
2024-11-07,-0.013712783538513112
2024-11-08,-0.006074561618620649
2024-11-11,0.00430039739233415
2024-11-12,-0.006026034480916306
2024-11-13,0.010555403276284204
2024-11-14,0.002064521686437535
2024-11-15,0.008967150810645834
2024-11-18,0.008624906949334278
2024-11-19,-0.001874662476727471
2024-11-20,-0.0026165963315073044
2024-11-21,-0.004198438126669168
2024-11-22,0.012784701745496745
2024-11-25,0.010525511644229674
2024-11-26,-0.015268560083967818
2024-11-27,0.012652497730286505
2024-11-29,-0.0038066277106846374
2024-12-02,-0.00042874007473946743
2024-12-03,-0.005986076608382621
2024-12-04,-0.013652531695295917
2024-12-05,0.006667400290065793
2024-12-06,-0.002456516231588737
2024-12-09,0.010481439957881882
2024-12-10,-0.002077337077431014
2024-12-11,-0.008467227200520674
2024-12-12,0.004190967202063148
2024-12-13,-0.006759859110619094
2024-12-16,-0.012764593180937414
2024-12-17,-0.00021823655130917883
2024-12-18,0.0011063629337470214
2024-12-19,-0.0013001996686524977
2024-12-20,0.00642851209602246
2024-12-23,-0.002472275800247308
2024-12-24,-0.002580929756769758
2024-12-26,0.0031997212886018113
2024-12-27,0.003191661963548297
2024-12-30,0.0006373379071819595
2024-12-31,0.00788312977462761
2025-01-02,0.006048421947727089
2025-01-03,-0.003238477345231281
2025-01-06,0.0034042071417178478
2025-01-07,0.019091270844830165
2025-01-08,-0.011495918725943119
2025-01-10,0.0011957533366055845
2025-01-13,0.012113960203929195
2025-01-14,-0.006784930069519543
2025-01-15,-0.015424938007785013
2025-01-16,0.002934546905795767
2025-01-17,-0.00667000396362238
2025-01-21,0.0012792439927365594
2025-01-22,-0.009376039405705952
2025-01-23,0.008330930393807758
2025-01-24,-0.005269153664755376
2025-01-27,0.023296086096273788
2025-01-28,-0.01962756477548135
2025-01-29,-0.006064823487110574
2025-01-30,-0.008114135332667517
2025-01-31,-0.007474523037364929
2025-02-03,-0.005156009831369809
2025-02-04,-0.008806843576243674
2025-02-05,-0.002632937195405688
2025-02-06,-0.007887225835504632
2025-02-07,0.0013031629971150406
2025-02-10,0.006183387000850449
2025-02-11,0.0039957798480700826
2025-02-12,0.0009564663431988796
2025-02-13,0.004268155830296982
2025-02-14,0.003732517300510133
2025-02-18,0.016237963048536294
2025-02-19,0.014803777802727172
2025-02-20,0.01923986662549922
2025-02-21,0.010131040256491138
2025-02-24,0.005527571139698314
2025-02-25,-0.0010340177969577061
2025-02-26,-0.002296975767657413
2025-02-27,-0.007565525204817426
2025-02-28,-0.011242657325010242
2025-03-03,-0.008162483488255053
2025-03-04,0.014897889418938158
2025-03-05,0.0072930137078610745
2025-03-06,0.02086564064883943
2025-03-07,0.022995750417367396
2025-03-10,0.01464889844857281
2025-03-11,-0.0019347925498781515
2025-03-12,-0.005147453899862274
2025-03-13,0.005688785355908498
2025-03-14,0.0020037920678120788
2025-03-17,0.0017311235202931666
2025-03-18,-0.002990726577095902
2025-03-19,-0.001647788130129352
2025-03-20,-0.00218145550146631
2025-03-21,-0.0014639013581620615
2025-03-24,0.001390124886438528
2025-03-25,-0.006736914753743727
2025-03-26,-0.007739044448455346
2025-03-27,-0.008036004256146262
2025-03-28,-0.004309425765617901
2025-03-31,-0.010767302655316013
2025-04-01,-0.0028181479076726393
2025-04-02,0.004637391392962406
2025-04-03,-0.041497032876012065
2025-04-04,0.010505001411104858
2025-04-07,0.008507337059497558
2025-04-08,-0.027949884907195053
2025-04-09,0.045884686078374426
2025-04-10,-0.04033218979659584
2025-04-11,0.0030409413810837975
2025-04-14,0.0013690477788403234
2025-04-15,-0.011842297466814434
2025-04-16,-0.009594924691693785
2025-04-17,0.007631428260078849
2025-04-21,0.005248921559583458
2025-04-22,0.004790551086110167
2025-04-23,0.0069372078786933584
2025-04-24,0.026548946020529793
2025-04-25,0.009231595920497831
2025-04-28,-0.004709142514904438
2025-04-29,-0.01294873875311905
2025-04-30,-0.007756425850397357
2025-05-01,-0.0009239686701076511
2025-05-02,0.007514633773081453
2025-05-05,-0.008403644906071284
2025-05-06,-0.0077061902232091264
2025-05-07,0.00684073483252033
2025-05-08,0.01474524227295577
2025-05-09,0.005234319843703311
2025-05-12,0.04566738029209703
2025-05-13,0.004546335668312943
2025-05-14,-0.003247928516484841
2025-05-15,-0.008394525344969235
2025-05-16,-0.001119517067665532
2025-05-19,-0.008292876449457802
2025-05-20,0.0044968587685097795
2025-05-21,-0.009573332552469706
2025-05-22,-0.008974571815138414
2025-05-23,-0.008340047967020155
2025-05-27,0.007127035750861567
2025-05-28,-0.005226917252316093
2025-05-29,0.010140606693945323
2025-05-30,-0.02190369007923186
2025-06-02,-0.005440335905585699
2025-06-03,0.01237419285985534
2025-06-04,0.005828309442526004
2025-06-05,-0.0010608433370411978
2025-06-06,0.007676727950331925
2025-06-09,0.01555933989627986
2025-06-10,0.019982604172031425
2025-06-11,-0.00909950827987901
2025-06-12,0.0026357536943078584
2025-06-13,0.001615950345727323
2025-06-16,-0.00447070490337274
2025-06-17,-0.020752233582820467
2025-06-18,0.0013485135595560616
2025-06-20,0.0042478162943691
2025-06-23,-0.011469363950198732
2025-06-24,0.005041763116177101
2025-06-25,0.0013382943561525726
2025-06-26,0.0003578994450835303
2025-06-27,0.0024075016264181624
2025-06-30,-0.01029761030370043
2025-07-01,0.03380681153380741
2025-07-02,0.003568996610610292
2025-07-03,-0.007809494984475673
2025-07-07,-0.01402308048176467
2025-07-08,0.012724968460600148
2025-07-09,-0.005244478171626001
2025-07-10,0.007719686150157868
2025-07-11,-0.0027294391622461204
2025-07-14,-0.00983529661472743
2025-07-15,-0.01136142271442179
2025-07-16,0.001035024473267643
2025-07-17,-0.0032735933848301374
2025-07-18,-0.007265149292965269
2025-07-21,0.00019158757302649123
2025-07-22,0.024774575595590966
2025-07-23,-0.009416561164476726
2025-07-24,-0.008477661945647965
2025-07-25,-0.004806030635331466
2025-07-28,-0.008679319592827505
2025-07-29,-0.00743344203392345
2025-07-30,-0.014552212622476217
2025-07-31,-0.013754184020773183
2025-08-01,0.003568573443383018
2025-08-04,-0.013935803511934264
2025-08-05,0.011271301484862183
2025-08-06,-0.008099751179946602
2025-08-07,0.004576252885967341
2025-08-08,0.0003064579191584139
2025-08-11,-0.001957116085806008
2025-08-12,-0.001967908003152044
2025-08-13,0.02511189554001898
2025-08-14,-0.0028034456528284505
2025-08-15,0.024003780354349042
2025-08-18,0.0021278536549126557
2025-08-19,0.02421378024264555
2025-08-20,-0.0016353738207870567
2025-08-21,-0.0021110918771582066
2025-08-22,0.007163219991443094
2025-08-25,-0.006928290652200561
2025-08-26,-0.01264643128463917
2025-08-27,0.005428523194059781
2025-08-28,-0.008170600377992476
2025-08-29,0.01745940883221297
2025-09-02,-0.0028723929948138204
2025-09-03,-0.006642654308125374
2025-09-04,-0.00948395987449915
2025-09-05,0.003930973279908094
2025-09-08,-0.008613113766410772
2025-09-09,-0.005346267387864361
2025-09-10,-0.02147188156523099
2025-09-11,0.0021297595182841857
2025-09-12,-0.006070807586079345
2025-09-15,-0.01270488647982911
2025-09-16,0.005604173385236616
2025-09-17,0.006443428943635624
2025-09-18,-0.0023604385793055812
2025-09-19,-0.008070360387969575
2025-09-22,-0.0003284921428690448
2025-09-23,-0.0007415082832445002
2025-09-24,0.005166826088073319
2025-09-25,-0.004663601990816559
2025-09-26,0.005264847788253125
2025-09-29,0.002323379756432816
2025-09-30,-0.0015078050253111304
2025-10-01,-0.00015184974691087943
2025-10-02,-0.0005476424364196123
2025-10-03,0.012578027243923009
2025-10-06,-0.01662509267654222
2025-10-07,0.006466742686295513
2025-10-08,-0.008926272503385823
2025-10-09,-0.00025064538513252003
2025-10-10,0.0074666338153038915
2025-10-13,-0.016679049411101713
2025-10-14,0.008846009866133568
2025-10-15,-0.014835248485475922
2025-10-16,-0.0028601759802125808
2025-10-17,0.01328927449584519
2025-10-20,0.0028829404387160184
2025-10-21,0.020149949430162094
2025-10-22,0.00855145543482784
2025-10-23,-0.016092369925114404
2025-10-24,-0.013479760514881539
2025-10-27,-0.006472894240213136
2025-10-28,-0.004867670029764193
2025-10-29,-0.044085614039934405
2025-10-30,0.0009388099363952858
2025-10-31,-0.0004667608416619221
2025-11-03,-0.008905971193321805
2025-11-04,0.011322098918423987
2025-11-05,-0.007637311712872275
2025-11-06,-0.0009225506456389835
2025-11-07,0.01393896680947628
2025-11-10,-0.02016304438331242
2025-11-11,0.01528233116037933
2025-11-12,0.0016725696007646661
2025-11-13,0.02022211201741482
2025-11-14,-0.005012941314200777
2025-11-17,-0.005282129327254117
2025-11-18,0.005168699441390737
2025-11-19,-0.012225188437219441
2025-11-20,0.015153655956830022
2025-11-21,0.012983918450831843
2025-11-24,-0.03104453075868684
2025-11-25,0.0074468004283852335
2025-11-26,-0.009385759708781423
2025-11-28,0.0008469829174449148
2025-12-01,0.00980827589689054
2025-12-02,0.002032250555585076
2025-12-03,0.010459459910249356
2025-12-04,-0.001498732753338574
2025-12-05,0.002560469096493962
2025-12-08,-0.005586920687682025
2025-12-09,-0.003591978330231221
2025-12-10,-0.01042304281997873
2025-12-11,0.006592249053461297
2025-12-12,0.025613903284944995
2025-12-15,-0.002763941588379156
2025-12-16,0.0029378495247632972
2025-12-17,0.022922100643619166
2025-12-18,-0.016947072172864303
2025-12-19,-0.017113593035255028
2025-12-22,-0.007826917383567982
2025-12-23,-0.005195820833564344
2025-12-24,-0.0002543544133097946
2025-12-26,0.0028515356090942734
2025-12-29,0.005874151654366457
2025-12-30,0.004954351898027856
2025-12-31,0.0034409768644869105
2026-01-02,0.009125312015637042
2026-01-05,0.0020677416722475993
2026-01-06,1.655287655486175e-05
2026-01-07,0.0007074089246860616
2026-01-08,0.01396334282857657
2026-01-09,-0.005872574034720991
2026-01-12,-0.005013447961350951
2026-01-13,0.0035469126988222415
2026-01-14,0.014924567369999323
2026-01-15,-0.0023506577599087873
2026-01-16,-0.0053821649886612475
2026-01-20,0.014391020801799185
2026-01-21,0.00919672428242506
2026-01-22,-0.00012536763091123632
2026-01-23,0.0005399289755060241
2026-01-26,-0.008682373735746114
2026-01-27,-0.020543010412125612
2026-01-28,-0.002843793050578645
2026-01-29,-0.009370245455648019
2026-01-30,0.013818313284267416
2026-02-02,-0.002071175048163384
2026-02-03,0.006047733597786729
2026-02-04,0.03514052241058275
2026-02-05,0.0002179156803187716
2026-02-06,-0.012236683487885782
2026-02-09,-0.01602664887652212
2026-02-10,0.0068781168994934624
2026-02-11,0.006408787548137893
2026-02-12,0.010299394714531155
2026-02-13,-8.193848606039326e-05
2026-02-17,-0.005094825739716514
2026-02-18,-0.0017315219307071552
2026-02-19,0.0008701782245301655
2026-02-20,-0.005959426240971817
2026-02-23,0.01272749890967742
2026-02-24,-0.006020921869383855
2026-02-25,-0.013211186076153974
2026-02-26,0.0033774943972744386
2026-02-27,0.012378332966867816
2026-03-02,-0.007394310515740189
2026-03-03,0.003968451659196786
2026-03-04,-0.010902840955724375
2026-03-05,0.004158324668705752
2026-03-06,0.008437209713824648
2026-03-09,-0.014415376004565356
2026-03-10,-0.005363326500227104
2026-03-11,0.0008722703572354266
2026-03-12,-0.00253130253899484
2026-03-13,0.0005650119702627897
2026-03-16,-0.0024781438744597203
2026-03-17,-0.002221585617560858
2026-03-18,-0.002612299832269759
2026-03-19,0.003503045054488143
2026-03-20,0.007922455175414596
2026-03-23,-0.007071141378740054
2026-03-24,0.0010846134791787814
2026-03-25,-0.0005235834199125594
2026-03-26,0.021062435316906457
2026-03-27,-0.0013319522597825147
2026-03-30,0.012926746390693158
2026-03-31,-0.009524837756368632
2026-04-01,-0.014953781248056998
2026-04-02,0.007222024333376789
2026-04-06,-0.003620465927516443
2026-04-07,-0.0030506496868858276
2026-04-08,-0.017924938614905572
2026-04-09,-0.0033251285740717893
2026-04-10,-0.009998953535963074
2026-04-13,0.004379111343362518
2026-04-14,-0.013895465158203404
2026-04-15,0.005269888652725934
2026-04-16,0.009884686628154653
2026-04-17,-0.0058674457711965005
2026-04-20,0.008130845154345904
2026-04-21,0.010189910554984983
2026-04-22,-0.007792542833902036
2026-04-23,-0.004009061093226521
2026-04-24,0.0029950728598260082
2026-04-27,0.0001265681050280827
2026-04-28,0.0103366590550891
2026-04-29,0.017863092930528606
2026-04-30,-0.014341365968360751
2026-05-01,-0.0018080803517081484
2026-05-04,-0.0069745299106548485
2026-05-05,-0.007301172378052471
2026-05-06,-0.006217571654814093
2026-05-07,0.008646893995192853
2026-05-08,-0.0009762502644353086
2026-05-11,-0.014313095176038543
2026-05-12,0.00634797565113564
2026-05-13,-0.005237987431200112
2026-05-14,-0.0039790144612629925
2026-05-15,0.012996630264903023
2026-05-18,0.01275009615891868
2026-05-19,0.00992902188109406
2026-05-20,-0.011751999164069328
2026-05-21,-0.012423043018351605
2026-05-22,0.00617336844796269
2026-05-26,-0.02253589803301898
2026-05-27,0.0018400410120824923
2026-05-28,-0.004361735962624096
2026-05-29,0.0007103083241142341
2026-06-01,0.014599591463285337
2026-06-02,-0.021022003635549163
2026-06-03,-0.005634651644104331
2026-06-04,0.0047834741248400335
2026-06-05,0.015286739932032462
2026-06-08,-0.007077128980541737
2026-06-09,0.003975997247823479
2026-06-10,0.004365879770691641
2026-06-11,-0.02456795166867494
2026-06-12,-0.0056077742681983735
2026-06-15,-0.027778573797701024
2026-06-16,-0.0024816269219673044
2026-06-17,-0.019348306792053533
2026-06-18,-0.014039176968193045
2026-06-22,-0.0023874764929222216
2026-06-23,0.0210471396672061
2026-06-24,0.0038614572285024756
2026-06-25,-0.011268665036644915
2026-06-26,0.027528007209634397
2026-06-29,-0.02689891419376609
2026-06-30,-0.015946538782203652
2026-07-01,0.0231232955015549
2026-07-02,0.0237935131179875
2026-07-06,-0.02337834393271059
2026-07-07,0.025075176988827358
2026-07-08,-0.006397143298819051
2026-07-09,-0.003710817618502446
2026-07-10,0.003143404788845306
2026-07-13,0.024626482901952365
2026-07-14,-0.0205480287455403
2026-07-15,0.005440653698900058
2026-07-16,0.025118475427474782
2026-07-17,0.0029978436881929523
2026-07-20,-6.073287187923629e-05
2026-07-21,-0.01835327094659517
2026-07-22,-0.007054880141975539
2026-07-23,-0.0017319661266302147
2026-07-24,0.022472092447360526
2026-07-27,0.01609342215819865
2026-07-28,0.026518757009526307
2026-07-29,0.026581198484007494
2026-07-30,-0.0327354097776291
2026-07-31,-0.007426545884363327
2026-08-03,-0.0023155986983713606
2026-08-04,-0.01769072307224478
2026-08-05,-0.0015980813068698135
2026-08-06,0.011479712674311512
2026-08-07,0.005168478666496074
2026-08-10,0.00719970667668513
2026-08-11,-0.0010806291355261125
2026-08-12,-0.005918107532722446
2026-08-13,0.012572130925583297
