date,0
2006-01-03,0.0021969875829240377
2006-01-04,-0.006222489139810744
2006-01-05,-0.009147752931798392
2006-01-06,-0.006276022358001992
2006-01-09,-0.0019660899084824944
2006-01-10,0.003797555605547059
2006-01-11,0.004093559206019505
2006-01-12,-0.0055706270191627
2006-01-13,-0.0022363252487348417
2006-01-17,-0.001300373555596787
2006-01-18,-0.004934918989196499
2006-01-19,0.01019333236287998
2006-01-20,0.0034190102199826607
2006-01-23,0.004569252524013594
2006-01-24,0.00011975945175579704
2006-01-25,-0.003761682279900284
2006-01-26,0.0066536300538061095
2006-01-27,0.01223754160673762
2006-01-30,0.004955367687492855
2006-01-31,-0.001928459953174367
2006-02-01,-0.00505036219224894
2006-02-02,-0.0035719002811062626
2006-02-03,0.0027191528396869565
2006-02-06,0.011276776681307497
2006-02-07,-0.02082904232451488
2006-02-08,-0.0033107469339681917
2006-02-09,-0.010046657107964251
2006-02-10,-0.007595890571319277
2006-02-13,-0.005522333899868625
2006-02-14,-0.0027238151142468855
2006-02-15,-0.0025903020073712625
2006-02-16,0.003310590807175923
2006-02-17,-0.002043249873530461
2006-02-21,0.001529279565122792
2006-02-22,0.0008207288056708903
2006-02-23,-0.004027029465441788
2006-02-24,0.0015002943274542277
2006-02-27,-0.003509638716519163
2006-02-28,-0.0011236310310584485
2006-03-01,0.0044437306693208695
2006-03-02,0.001640560300149981
2006-03-03,0.001716320656150698
2006-03-06,-0.004241722613734095
2006-03-07,-0.004916796560826618
2006-03-08,0.00021309030017649735
2006-03-09,0.00018046546806471404
2006-03-10,0.002872833040507882
2006-03-13,-0.006177321722786743
2006-03-14,-0.0020817849802926827
2006-03-15,-0.00011772632983704859
2006-03-16,-0.0007903079265474327
2006-03-17,0.0010073574278378005
2006-03-20,-0.0017383794602193149
2006-03-21,-0.003081518644387728
2006-03-22,0.0002480645240881055
2006-03-23,-0.004916838618436365
2006-03-24,-0.0015923768107403658
2006-03-27,0.006300868835935786
2006-03-28,-0.004381041275650035
2006-03-29,0.0018696369456953337
2006-03-30,-0.0034892347958874383
2006-03-31,0.0009280829263163287
2006-04-03,0.007393290587382895
2006-04-04,0.0035104948998852664
2006-04-05,0.0008640050807629494
2006-04-06,-0.003153265679620214
2006-04-07,-0.0006214202218103646
2006-04-10,-0.000752385760990313
2006-04-11,-0.0018012912292780414
2006-04-12,0.0007970018598416888
2006-04-13,-0.001411029573000305
2006-04-17,0.004142905569378575
2006-04-18,0.002526947094980612
2006-04-19,-0.0007781524463527334
2006-04-20,-0.005884528552731497
2006-04-21,-0.0005747072989590329
2006-04-24,0.00017895163839825993
2006-04-25,-0.0026514597867116165
2006-04-26,-0.002116491832885918
2006-04-27,0.0060699616199008394
2006-04-28,-0.001776771391600556
2006-05-01,0.0023852618792187235
2006-05-02,0.004439463835425621
2006-05-03,0.008287083817346663
2006-05-04,0.0034179737027486322
2006-05-05,-0.00015850152712702662
2006-05-08,-0.00024221915647337224
2006-05-09,0.0087604267193311
2006-05-10,-0.0009778929086088524
2006-05-11,-0.004108615967777335
2006-05-12,-0.011739137199810876
2006-05-15,-0.00824014545630818
2006-05-16,0.0022325587069131885
2006-05-17,-0.008085625893572972
2006-05-18,-0.0034294021344017612
2006-05-19,-0.003016370666222325
2006-05-22,0.001085605591883562
2006-05-23,0.005376000741903052
2006-05-24,-0.0051219598971517215
2006-05-25,0.007568724603215213
2006-05-26,-0.001148636654302386
2006-05-30,-0.003321080714659857
2006-05-31,0.003567939630839646
2006-06-01,-0.005733232364372682
2006-06-02,0.0034127611522955
2006-06-05,-0.0018034892176091643
2006-06-06,0.004158335161109265
2006-06-07,-0.01151281485611804
2006-06-08,9.86357454369779e-05
2006-06-09,-0.004817983194536859
2006-06-12,-0.0009734736897261409
2006-06-13,-0.011424942586318881
2006-06-14,-0.0035698220980099242
2006-06-15,-0.012235592727721472
2006-06-16,-0.0023431643365231123
2006-06-19,-0.0035865608840274137
2006-06-20,0.0006649709666468838
2006-06-21,-0.0054498365337580824
2006-06-22,0.004533923206277163
2006-06-23,-0.002869218584512219
2006-06-26,0.0008406076695444105
2006-06-27,0.006642435253505687
2006-06-28,0.003177622229267145
2006-06-29,-0.004890597992827029
2006-06-30,0.004350061590257446
2006-07-03,0.0012192039316981408
2006-07-05,0.006403516927866408
2006-07-06,0.004365890892938665
2006-07-07,0.0023893264386378316
2006-07-10,0.011914645567445235
2006-07-11,-0.002059240582784975
2006-07-12,0.01109141143591778
2006-07-13,-0.003545413187920265
2006-07-14,0.003547018152978045
2006-07-17,-0.003509437481989096
2006-07-18,-0.003661448303357213
2006-07-19,-0.007433650202361025
2006-07-20,0.0006196686944721448
2006-07-21,0.01584345835658745
2006-07-24,-0.0067518308229751025
2006-07-25,-0.006789293905887265
2006-07-26,0.0007572556357685557
2006-07-27,-0.0047800334660843095
2006-07-28,-0.01677903168022102
2006-07-31,0.0012628358139270502
2006-08-01,0.012716344025510183
2006-08-02,-0.0016512985763283085
2006-08-03,-0.016688959263297155
2006-08-04,0.0010635155743499137
2006-08-07,0.0013594336467970894
2006-08-08,0.010204743561291757
2006-08-09,-3.417997716565011e-05
2006-08-10,-0.009690140682091232
2006-08-11,0.004977849341167568
2006-08-14,-0.010607830378608175
2006-08-15,-0.013274448541382898
2006-08-16,-0.021356346740778815
2006-08-17,-0.013682733329288163
2006-08-18,-0.0008853886983722486
2006-08-21,0.010287527986624235
2006-08-22,-0.00255684030295328
2006-08-23,0.0021657473145819703
2006-08-24,0.0011615361448235684
2006-08-25,-0.002238723819302165
2006-08-28,-0.003726404837865605
2006-08-29,-0.004057900952858415
2006-08-30,-0.006912859430856844
2006-08-31,-0.002276105333867168
2006-09-01,-0.003915335604656683
2006-09-05,-0.008352762196715378
2006-09-06,0.0063010287732768
2006-09-07,0.006850404450322242
2006-09-08,-0.0020428170904313995
2006-09-11,-0.001510861814117195
2006-09-12,-0.007387972705217777
2006-09-13,-0.008566910051104906
2006-09-14,0.004104847777108926
2006-09-15,-0.0005702315000350393
2006-09-18,-0.01024408632370317
2006-09-19,0.010359106310845972
2006-09-20,0.00960509485843188
2006-09-21,-0.0023121504257657566
2006-09-22,-0.000559152966078785
2006-09-25,0.0005538475562736139
2006-09-26,-0.012420668133896386
2006-09-27,-0.007818660316155418
2006-09-28,0.0004050613137136584
2006-09-29,-0.0015753936144176257
2006-10-02,0.0006351476890898593
2006-10-03,0.018046848316824106
2006-10-04,-0.0062328882976531086
2006-10-05,-0.018531412735182926
2006-10-06,-0.0013552567686729087
2006-10-09,0.005640272760755371
2006-10-10,-0.008255976303684926
2006-10-11,0.0038002919527176248
2006-10-12,-0.005150020195749457
2006-10-13,-0.0034824615757940297
2006-10-16,-0.010074347510469235
2006-10-17,-0.0009867656907876633
2006-10-18,0.006390553775338465
2006-10-19,-0.015678616496368893
2006-10-20,0.006718739131581195
2006-10-23,0.0029787957632894167
2006-10-24,-0.014284232513564931
2006-10-25,-0.013996632537117831
2006-10-26,0.002386801761211691
2006-10-27,0.0003114094342667649
2006-10-30,0.005265901511068609
2006-10-31,-0.0052606436785529965
2006-11-01,-0.00020161101805908166
2006-11-02,-0.001016431403533548
2006-11-03,-0.014714475058921058
2006-11-06,0.0029371563082198964
2006-11-07,0.003227289700962999
2006-11-08,0.003464061529483911
2006-11-09,0.005157906082569613
2006-11-10,-0.0013136345138791943
2006-11-13,-0.0021561080915811653
2006-11-14,-0.007562081256036458
2006-11-15,-0.007606947425947959
2006-11-16,0.010483602774233368
2006-11-17,-0.0050517466318928065
2006-11-20,-0.000755714644527986
2006-11-21,-0.003158567921511429
2006-11-22,-0.0003467851754385199
2006-11-24,-0.0021955474686686438
2006-11-27,-0.010239520890189837
2006-11-28,-0.007136200629036311
2006-11-29,-0.006986749094602609
2006-11-30,-0.008948003701359392
2006-12-01,-0.0020597190055314405
2006-12-04,4.1917940499799824e-05
2006-12-05,-0.00535833556626329
2006-12-06,-0.0004090932075860056
2006-12-07,0.0011498646931141993
2006-12-08,-7.703549171045928e-05
2006-12-11,0.0022155188674881426
2006-12-12,-0.0014923583118172786
2006-12-13,0.004580278462315703
2006-12-14,-0.003515439501682208
2006-12-15,-0.00034987589156281666
2006-12-18,-0.005896050916488986
2006-12-19,0.005832338132736621
2006-12-20,-0.00395313482644871
2006-12-21,-0.0005485086947527575
2006-12-22,-0.0013990617729585438
2006-12-26,0.0029712295604349508
2006-12-27,0.0004397639382629073
2006-12-28,-0.0006056006931678254
2006-12-29,-0.00443107423361957
2007-01-03,-0.008768523839081999
2007-01-04,-0.009737854845289044
2007-01-05,-0.0028120823310927206
2007-01-08,0.003600606604897651
2007-01-09,-0.0003341925901570519
2007-01-10,-0.0017798895277902312
2007-01-11,0.003124979811092223
2007-01-12,-0.004700422075241245
2007-01-16,0.005411093728810041
2007-01-17,-0.00322793437782118
2007-01-18,-0.003064221702844337
2007-01-19,-0.01227529464659264
2007-01-22,-2.248933956896788e-06
2007-01-23,-0.005253601226848216
2007-01-24,-0.00446678393655661
2007-01-25,-0.005262731790886969
2007-01-26,4.1846173700083294e-05
2007-01-29,0.00037567244055505453
2007-01-30,-0.002950040558305703
2007-01-31,0.00017431878546003872
2007-02-01,-0.007044934299181853
2007-02-02,-0.004076080577089127
2007-02-05,0.00030781362645677956
2007-02-06,-0.0011936445396232929
2007-02-07,-0.0004397692170766245
2007-02-08,-0.0018228996029907851
2007-02-09,-0.0029835246777126477
2007-02-12,0.0038822692130412568
2007-02-13,-0.004156211008263053
2007-02-14,-0.004911121105733551
2007-02-15,0.00413872678325371
2007-02-16,0.0002539724559717145
2007-02-20,0.0032094092861448173
2007-02-21,6.109327620451045e-05
2007-02-22,-0.012523851209965011
2007-02-23,-0.0016714483645477727
2007-02-26,-0.001685814576351218
2007-02-27,-0.001554710632546923
2007-02-28,-0.0012952944508898671
2007-03-01,-0.002159844464641478
2007-03-02,-0.0012468143320998144
2007-03-05,0.004573578098237073
2007-03-06,-0.006483460194601325
2007-03-07,-0.005510371152019781
2007-03-08,0.001636766468435574
2007-03-09,0.0013814158675724193
2007-03-12,0.003325108757099817
2007-03-13,0.003262369055341964
2007-03-14,-0.005999867639488418
2007-03-15,0.000208582139885098
2007-03-16,-0.0014893266889556072
2007-03-19,-0.00035778825885928876
2007-03-20,-0.0005097535275722923
2007-03-21,-0.008331351566905277
2007-03-22,-0.0006898748982083899
2007-03-23,0.0012108295243549658
2007-03-26,0.004195384860611535
2007-03-27,0.001524664126816733
2007-03-28,0.002440902016948693
2007-03-29,0.00025257465092179843
2007-03-30,-0.0035542205350265316
2007-04-02,0.010529067167668448
2007-04-03,-0.004822866314858708
2007-04-04,0.004496744769836834
2007-04-05,-0.0014550760830597121
2007-04-09,0.0032223340996181847
2007-04-10,0.0035049924561413783
2007-04-11,-0.0010606369507493974
2007-04-12,0.003235472981339281
2007-04-13,0.001870923459242561
2007-04-16,-0.007792165345556869
2007-04-17,-0.009519413968531567
2007-04-18,-0.011415198077772916
2007-04-19,-0.0048576280205433996
2007-04-20,-0.0006874444573230324
2007-04-23,0.0031203649153594944
2007-04-24,0.0031908292004859872
2007-04-25,0.010205612591903312
2007-04-26,-0.00236767100902571
2007-04-27,-0.00016982563887196615
2007-04-30,-0.00036966403321461966
2007-05-01,-0.0037595403741030584
2007-05-02,0.0012181225374989298
2007-05-03,0.0033194034972009604
2007-05-04,-0.0021053459988624092
2007-05-07,-0.00039167372226106285
2007-05-08,-0.00023501012504768262
2007-05-09,-0.00032032897414276243
2007-05-10,-0.00024290900474182567
2007-05-11,0.001661399108275132
2007-05-14,0.003578399431369517
2007-05-15,0.004013364279370245
2007-05-16,-0.0012984841093648088
2007-05-17,0.00574362340821645
2007-05-18,0.003045585491430627
2007-05-21,0.0033170136891120844
2007-05-22,-0.005823037481371082
2007-05-23,-0.0016456359378602453
2007-05-24,-0.0018733012298711074
2007-05-25,0.004615077261240276
2007-05-29,-0.003933517761957797
2007-05-30,0.008752531936270867
2007-05-31,-0.008408575081088717
2007-06-01,-0.001872421033449181
2007-06-04,0.004473923984407393
2007-06-05,-0.0003748316751406558
2007-06-06,-0.0010398481940624709
2007-06-07,-0.00012744290350679723
2007-06-08,-0.006887625357656276
2007-06-11,0.0038006242045737623
2007-06-12,0.0011818844192943816
2007-06-13,0.0015694366734611506
2007-06-14,0.0035180709745144326
2007-06-15,0.001920212265020119
2007-06-18,0.004375535020243136
2007-06-19,0.0012857489899811515
2007-06-20,-0.01007045656617938
2007-06-21,0.005047571353990457
2007-06-22,0.003174904470222343
2007-06-25,-0.0035719350866177703
2007-06-26,-0.004191045329308161
2007-06-27,-0.003982832002226973
2007-06-28,0.0001250714390311678
2007-06-29,0.0030734946901207747
2007-07-02,0.005116506343875853
2007-07-03,0.0026458071545205296
2007-07-05,-0.0009964095849795786
2007-07-06,-0.004115128752012765
2007-07-09,0.00482970583556153
2007-07-10,0.006397469246780059
2007-07-11,-0.0025484288935831113
2007-07-12,0.004662543070316005
2007-07-13,-0.0001985985880155421
2007-07-16,-0.001850011995782567
2007-07-17,-0.0018266698763969302
2007-07-18,0.0016525585033428521
2007-07-19,0.00338283450464293
2007-07-20,0.004954319583068012
2007-07-23,0.005265542951727608
2007-07-24,0.001274579466824934
2007-07-25,0.004385295125834335
2007-07-26,0.000810298029647323
2007-07-27,-0.0027557365636216337
2007-07-30,-0.001172417747057718
2007-07-31,0.0015697609420012313
2007-08-01,0.0024431490321508847
2007-08-02,-0.0007470206243170704
2007-08-03,0.010286452776694379
2007-08-06,-0.015827156007916492
2007-08-07,-0.004984072066947759
2007-08-08,-0.010531704729224206
2007-08-09,0.0012688363120062758
2007-08-10,-0.006772903755731462
2007-08-13,-0.0016053274298624912
2007-08-14,0.005829694221645468
2007-08-15,-0.005552207382737306
2007-08-16,-0.016634273669996008
2007-08-17,-0.003045862662686993
2007-08-20,0.002326044345385663
2007-08-21,-0.003101053707654053
2007-08-22,-0.0012656064704143874
2007-08-23,-0.005161288480351062
2007-08-24,0.0010935036187823444
2007-08-27,0.00592403195090157
2007-08-28,0.002639461713840167
2007-08-29,0.002897405900672425
2007-08-30,0.006531033778092683
2007-08-31,-0.0049024513231480105
2007-09-04,-0.0010531779778411988
2007-09-05,0.005745077523081915
2007-09-06,0.000321619694902183
2007-09-07,-0.0011993022882152051
2007-09-10,0.007014629188741404
2007-09-11,0.0028316473834379538
2007-09-12,-0.0016558538382139515
2007-09-13,-0.017136117130723806
2007-09-14,-0.006912210239175309
2007-09-17,-0.0011122781445748735
2007-09-18,-0.006280706587843542
2007-09-19,0.0011860358379727667
2007-09-20,0.009509625414855413
2007-09-21,0.0005007497038743958
2007-09-24,0.0110927056470535
2007-09-25,0.004113226279315342
2007-09-26,-0.002819156750318757
2007-09-27,-0.003329701698488608
2007-09-28,-2.5463447134252892e-05
2007-10-01,-0.009106186584314353
2007-10-02,-0.013640471209744338
2007-10-03,-0.003943319480473584
2007-10-04,0.0005705735115897948
2007-10-05,-0.008535958082413857
2007-10-08,0.005196766889106836
2007-10-09,0.0035358833621379976
2007-10-10,0.004943829552713184
2007-10-11,-0.000173893055726391
2007-10-12,0.0086097154011823
2007-10-15,0.007212359796920294
2007-10-16,0.0011900787579642096
2007-10-17,0.002475127210252376
2007-10-18,0.00531413309331735
2007-10-19,0.0021935599030201538
2007-10-22,-0.010598777078194918
2007-10-23,0.01183198558392801
2007-10-24,0.0007387660212858141
2007-10-25,0.020507702223823584
2007-10-26,-0.014677520144536823
2007-10-29,-0.002788701221326393
2007-10-30,-0.010331325289711762
2007-10-31,0.01294687479680179
2007-11-01,0.012324826663263757
2007-11-02,0.014365178205780647
2007-11-05,0.006452929480786091
2007-11-06,0.00021395293132132702
2007-11-07,0.013945370553089411
2007-11-08,0.0028364392472168473
2007-11-09,-0.014777680492054369
2007-11-12,-0.026796699612922848
2007-11-13,-0.01712490547695434
2007-11-14,0.006197529797726053
2007-11-15,0.009976902659995656
2007-11-16,0.018126725636837034
2007-11-19,0.020890753655221053
2007-11-20,0.030563267550541305
2007-11-21,2.1422064756687316e-05
2007-11-23,-0.009539639161080103
2007-11-26,0.017287671173769073
2007-11-27,-0.006406352948353861
2007-11-28,-0.01888740936208912
2007-11-29,0.003331080337827046
2007-11-30,-0.024839919186195682
2007-12-03,0.002765911670082704
2007-12-04,0.007850615429581997
2007-12-05,-0.0006462239998624198
2007-12-06,-0.011240287634138703
2007-12-07,0.0015989306112789204
2007-12-10,-0.001231820034806588
2007-12-11,0.013372353083261108
2007-12-12,0.020559149033798026
2007-12-13,0.0011992790404715442
2007-12-14,0.005464616482709993
2007-12-17,-0.004595943443234267
2007-12-18,0.00045833250326333225
2007-12-19,0.007244448479304799
2007-12-20,0.0014325901450850053
2007-12-21,0.010929429910049995
2007-12-24,-0.0011183759483563052
2007-12-26,0.005534958378679939
2007-12-27,0.0015398192508932888
2007-12-28,0.00990689611916613
2007-12-31,-0.011050726718393229
2008-01-02,0.016050399602136434
2008-01-03,0.011645837127090646
2008-01-04,0.008666275794418482
2008-01-07,0.0018810877445160827
2008-01-08,0.026747710839672926
2008-01-09,0.005355348754880537
2008-01-10,-0.047443451627277394
2008-01-11,-0.011130938495829046
2008-01-14,0.0026526775802369162
2008-01-15,0.00751136152283494
2008-01-16,-0.03643561400633061
2008-01-17,-0.0024731310058541366
2008-01-18,-0.0020568369855652607
2008-01-22,-0.031133504682526063
2008-01-23,-0.045172591172474526
2008-01-24,-0.01063085616764596
2008-01-25,0.0033869037830101738
2008-01-28,-0.010283499390734849
2008-01-29,-0.017492181166130043
2008-01-30,0.0008220733166079364
2008-01-31,-0.013844481411560063
2008-02-01,-0.036419199243335906
2008-02-04,0.009521210496714847
2008-02-05,0.004710093953456898
2008-02-06,0.009019658572362817
2008-02-07,-0.009559559259669398
2008-02-08,0.01543279257623968
2008-02-11,0.015621066417871534
2008-02-12,-0.0052129252969100705
2008-02-13,-0.004408278336506271
2008-02-14,0.006116370376923936
2008-02-15,-0.006025817591143861
2008-02-19,0.019515880242649913
2008-02-20,-0.0011572399493518645
2008-02-21,-0.002382283293224589
2008-02-22,-0.0033488609389341
2008-02-25,0.0050603671966581824
2008-02-26,0.0037345196576919564
2008-02-27,-0.011861229987368925
2008-02-28,0.037232155889353385
2008-02-29,0.0067387789458897215
2008-03-03,0.021066657845625874
2008-03-04,0.0030170496339317157
2008-03-05,0.019037148692175765
2008-03-06,0.024333295398378987
2008-03-07,-0.01147714698867277
2008-03-10,0.024717167477625424
2008-03-11,-0.02037314864128361
2008-03-12,0.012233430219423764
2008-03-13,0.00663774937397123
2008-03-14,0.03322547459978629
2008-03-17,0.03480716407867858
2008-03-18,-0.05485054861134352
2008-03-19,-0.022138835998584842
2008-03-20,-0.04318525660264425
2008-03-24,-0.03331375964136736
2008-03-25,0.014315947673621342
2008-03-26,0.02609322603486399
2008-03-27,0.0035685924513169046
2008-03-28,0.01943774540643011
2008-03-31,-0.0008710219528905243
2008-04-01,-0.04618803193385304
2008-04-02,-0.0015252007132380997
2008-04-03,-0.005097794769701814
2008-04-04,0.01874696087102685
2008-04-07,-0.012162424062531697
2008-04-08,0.017986459934288216
2008-04-09,0.009017064638516356
2008-04-10,0.004404535882831489
2008-04-11,0.002951711763029452
2008-04-14,0.02845748240429318
2008-04-15,0.0036587562688256974
2008-04-16,0.0034933203107881607
2008-04-17,-0.0168652602139596
2008-04-18,-0.00625334517230907
2008-04-21,0.00610253929085599
2008-04-22,0.011015036012797847
2008-04-23,-0.015931967341924872
2008-04-24,-0.0292607169773362
2008-04-25,-0.005214972191017704
2008-04-28,-0.0011541268540224035
2008-04-29,-0.02005898587755141
2008-04-30,0.010170156396920413
2008-05-01,-0.04088878983211215
2008-05-02,0.008565373980685154
2008-05-05,0.018895917742262854
2008-05-06,0.007173983277932788
2008-05-07,0.009546565577630634
2008-05-08,0.02469709500844903
2008-05-09,0.000745788251183989
2008-05-12,-0.013509324852119049
2008-05-13,0.017077534164394604
2008-05-14,-0.019442696519717494
2008-05-15,-0.0017906010047911267
2008-05-16,0.01951925964620683
2008-05-19,0.004468520254731399
2008-05-20,0.016954627386665512
2008-05-21,0.002178057873234215
2008-05-22,-0.015437774431052313
2008-05-23,0.006608329891011344
2008-05-27,-0.0026547747136734974
2008-05-28,0.007818738609890418
2008-05-29,-0.019506448971842966
2008-05-30,0.007678454272384372
2008-06-02,0.006747078944698883
2008-06-03,-0.004807230939813206
2008-06-04,0.0021501660283027883
2008-06-05,0.014129294062426231
2008-06-06,0.02581152591561602
2008-06-09,0.038860501542043464
2008-06-10,-0.012538065699508784
2008-06-11,0.024116411647798642
2008-06-12,-0.01921944085888375
2008-06-13,-0.011049807784957276
2008-06-16,-0.001706170807167193
2008-06-17,0.021590542022669888
2008-06-18,0.019182960330605694
2008-06-19,-0.011260106832813518
2008-06-20,0.01787614776840797
2008-06-23,0.04448945524383421
2008-06-24,-0.026169009867762688
2008-06-25,-0.005353151426360475
2008-06-26,0.027533877122832603
2008-06-27,0.021178788436890274
2008-06-30,0.019222209242693376
2008-07-01,0.002495537903040953
2008-07-02,-0.01770917433357257
2008-07-03,0.008999692220502613
2008-07-07,0.006462601901850737
2008-07-08,-0.040122274355391827
2008-07-09,0.03277609370749206
2008-07-10,0.052790360171484516
2008-07-11,0.0283688833964962
2008-07-14,0.04584294664476462
2008-07-15,-0.004442762749711488
2008-07-16,-0.10152483590626561
2008-07-17,-0.07673911297898592
2008-07-18,-0.011088696608324176
2008-07-21,0.01655645323344437
2008-07-22,-0.04369481568026957
2008-07-23,-0.04621060557010449
2008-07-24,0.059391916569575536
2008-07-25,0.007217080278064
2008-07-28,0.02786314646894251
2008-07-29,-0.04217045237760839
2008-07-30,0.009709518978314728
2008-07-31,-0.013260986341758272
2008-08-01,-0.005437911153354179
2008-08-04,-0.016959658541843035
2008-08-05,-0.030239143795291183
2008-08-06,0.007804475943835874
2008-08-07,0.01553667845054635
2008-08-08,-0.01937374275203148
2008-08-11,-0.014537283929175769
2008-08-12,0.015378742375681157
2008-08-13,0.013287026538656658
2008-08-14,-0.025420146799149942
2008-08-15,-0.014504276887481706
2008-08-18,0.032235186011555846
2008-08-19,0.021266714789245394
2008-08-20,0.00956183399352837
2008-08-21,0.014607599368910033
2008-08-22,-0.016596904136595397
2008-08-25,0.0041579649652563905
2008-08-26,-0.0022543146219863486
2008-08-27,-0.01875990429244635
2008-08-28,-0.03818799973983404
2008-08-29,-0.002962008408274198
2008-09-02,-0.02491684532336225
2008-09-03,-0.015333645676348717
2008-09-04,0.021614028998303746
2008-09-05,-0.028202761211261675
2008-09-08,0.052578587667905394
2008-09-09,0.03261495287258531
2008-09-10,0.0200410912743894
2008-09-11,0.01991189946032537
2008-09-12,0.005017178882154395
2008-09-15,0.09037117158611345
2008-09-16,-0.015667204189002436
2008-09-17,0.03235115148210352
2008-09-18,-0.04434325920079498
2008-09-19,-0.1868404480305314
2008-09-22,0.006357890448328918
2008-09-23,-0.002077082738909786
2008-09-24,0.015434412453159225
2008-09-25,0.002530453210725896
2008-09-26,0.05214108883186032
2008-09-29,0.06299813824728612
2008-09-30,-0.06698212641027206
2008-10-01,0.0024747705119993945
2008-10-02,0.032284423437023146
2008-10-03,-0.025022375038144657
2008-10-06,0.013778355565056891
2008-10-07,0.03578346014600939
2008-10-08,0.002696653041848761
2008-10-09,0.050896101275222795
2008-10-10,-0.0015890683351590905
2008-10-13,-0.11893325407078206
2008-10-14,-0.032137725095684674
2008-10-15,0.05200230244230405
2008-10-16,-0.01944066421006127
2008-10-17,-0.010426941655276405
2008-10-20,-0.03333087717556787
2008-10-21,0.0033874477131973293
2008-10-22,0.034876915237899334
2008-10-23,0.01592598431189464
2008-10-24,0.01770025430763704
2008-10-27,0.034973009299915946
2008-10-28,-0.0158772693565143
2008-10-29,-0.039122263189634104
2008-10-30,-0.03137763970507945
2008-10-31,-6.37978122968822e-05
2008-11-03,-0.008114122760066005
2008-11-04,-0.042646820668325834
2008-11-05,0.012406961438220272
2008-11-06,0.02751176916217225
2008-11-07,-0.006019510466216344
2008-11-10,0.01812629525159426
2008-11-11,0.027727996339308038
2008-11-12,0.04798179624204494
2008-11-13,-0.018771173959968714
2008-11-14,0.011004036213728472
2008-11-17,0.022831026890961635
2008-11-18,0.017683977444202425
2008-11-19,0.056503349674901594
2008-11-20,0.04937954884575506
2008-11-21,-0.037655864380941415
2008-11-24,-0.10230276651728468
2008-11-25,-0.025275401438909217
2008-11-26,-0.06490437126461003
2008-11-28,-0.01904598454111917
2008-12-01,0.06250424054794367
2008-12-02,-0.02804351966586038
2008-12-03,0.0033199443911016177
2008-12-04,0.03604067064488532
2008-12-05,-0.01317731532061692
2008-12-08,-0.07377632528637233
2008-12-09,-0.030375426857960356
2008-12-10,-0.022673711666274847
2008-12-11,0.013121348125985702
2008-12-12,0.0002390047869736602
2008-12-15,0.005114049619883632
2008-12-16,-0.021357377167401218
2008-12-17,-0.01730184600183326
2008-12-18,0.040246071041373684
2008-12-19,-0.014104675191324407
2008-12-22,0.04269794367500556
2008-12-23,0.011819880960817108
2008-12-24,-0.004968322451189948
2008-12-26,-0.01422662176275112
2008-12-29,-0.0029946111342724286
2008-12-30,-0.015885142753998483
2008-12-31,-0.008262395058943182
2009-01-02,-0.03737876046937703
2009-01-05,-0.024585183145553198
2009-01-06,-0.04174703868689355
2009-01-07,0.00918892203580333
2009-01-08,-0.009596176122727517
2009-01-09,0.009859919424229046
2009-01-12,0.023911406512732457
2009-01-13,0.0007139809821583327
2009-01-14,0.029617545551413098
2009-01-15,0.017910126420813466
2009-01-16,0.01447874400222221
2009-01-20,0.06516929458649721
2009-01-21,-0.06693447141994899
2009-01-22,0.019112825474386412
2009-01-23,-0.02352506219528771
2009-01-26,0.012749181255208363
2009-01-27,-0.027384048499528198
2009-01-28,-0.0625160328183774
2009-01-29,0.03165940379686637
2009-01-30,0.00041964235025315245
2009-02-02,0.015997173557583334
2009-02-03,0.021324725989832875
2009-02-04,-0.007218433144423182
2009-02-05,-0.00878572779358688
2009-02-06,-0.045104502812236054
2009-02-09,-0.012332084524990083
2009-02-10,0.048060232561558044
2009-02-11,-0.02426480157572837
2009-02-12,0.022731174643874058
2009-02-13,0.016913051899510465
2009-02-17,0.045866690523651124
2009-02-18,0.006173525446085603
2009-02-19,0.025889047237682112
2009-02-20,0.013943781885133767
2009-02-23,-0.007138036683670407
2009-02-24,-0.05217407039188221
2009-02-25,-0.015396457444888288
2009-02-26,-0.04437286181113601
2009-02-27,0.04018479309593651
2009-03-02,0.02897202613656806
2009-03-03,0.0015483267770418847
2009-03-04,0.010658673647291776
2009-03-05,0.04240952062742009
2009-03-06,0.003533455944964269
2009-03-09,-0.03082066377834073
2009-03-10,-0.0618927292444024
2009-03-11,-0.004109487143371008
2009-03-12,-0.03570532637363734
2009-03-13,-0.006612266118713981
2009-03-16,-0.04684720252446366
2009-03-17,-0.004301783888664245
2009-03-18,-0.04502979552399723
2009-03-19,0.020147377106408376
2009-03-20,0.005981558240250279
2009-03-23,-0.04382424556516204
2009-03-24,0.014842174712628128
2009-03-25,-0.005872041760215286
2009-03-26,-0.003900837268105622
2009-03-27,-0.004580078968244086
2009-03-30,0.04134129841024346
2009-03-31,-0.025206271562596114
2009-04-01,-0.012297654522088112
2009-04-02,-0.018247327676915743
2009-04-03,-0.01283314468082351
2009-04-06,-0.002385419562065795
2009-04-07,0.0022177096722884493
2009-04-08,0.008687289970828356
2009-04-09,-0.06626391190065531
2009-04-13,-0.031007431523020716
2009-04-14,0.007675179384741472
2009-04-15,-0.027426278446009783
2009-04-16,1.161918392264755e-05
2009-04-17,0.005875366579580106
2009-04-20,0.027501291327493564
2009-04-21,-0.018916581694733734
2009-04-22,0.011761737618148034
2009-04-23,-0.02215725962408882
2009-04-24,-0.003693381672783635
2009-04-27,-0.0030759955883344235
2009-04-28,0.004216195000954662
2009-04-29,-0.008902428105497415
2009-04-30,0.006496488058090435
2009-05-01,-0.004627742601073516
2009-05-04,-0.0366313185614973
2009-05-05,-0.01180748622756023
2009-05-06,-0.029383052805977337
2009-05-07,-0.02197453988949698
2009-05-08,-0.021820581234972262
2009-05-11,0.018559707830563175
2009-05-12,0.02094043050669054
2009-05-13,0.004740470744035472
2009-05-14,-0.015683045775138755
2009-05-15,0.0014146137568677632
2009-05-18,-0.01877384207252281
2009-05-19,-0.005463862857620297
2009-05-20,-0.010646829460102647
2009-05-21,-0.03651612140032368
2009-05-22,0.02696633209872279
2009-05-26,-0.014300073040292082
2009-05-27,0.010845193213346078
2009-05-28,-0.004310238511557926
2009-05-29,0.012890082570438045
2009-06-01,-0.003957875693663872
2009-06-02,0.00971009116688197
2009-06-03,0.010516994755687643
2009-06-04,-0.03830526129686558
2009-06-05,0.0039229312979947575
2009-06-08,-0.014217779803438892
2009-06-09,-0.01183227926072698
2009-06-10,0.00029095326041213765
2009-06-11,-0.00828291652462594
2009-06-12,-0.00514841341810684
2009-06-15,0.002348203360751395
2009-06-16,0.004315313661514837
2009-06-17,0.019872213440376717
2009-06-18,-0.005139405771564734
2009-06-19,0.00020412634735149176
2009-06-22,0.03192557827009554
2009-06-23,-0.01917986405283673
2009-06-24,0.0054240378353349805
2009-06-25,-0.008494511540364555
2009-06-26,0.0008418860109571436
2009-06-29,0.00048033624673607324
2009-06-30,0.0014860804366496015
2009-07-01,0.005718614545439252
2009-07-02,0.012484122957420603
2009-07-06,0.0245232815215688
2009-07-07,0.012833756930634528
2009-07-08,0.00944091699324125
2009-07-09,-0.010997188048509451
2009-07-10,-0.0050919782840812035
2009-07-13,-0.025563270063130646
2009-07-14,-0.0082212497135623
2009-07-15,-0.017776603749395485
2009-07-16,0.0026664230932521814
2009-07-17,-0.0026751058680541725
2009-07-20,-0.008731170205611621
2009-07-21,0.009065093999934113
2009-07-22,0.009542101655614157
2009-07-23,-0.0027622377012569556
2009-07-24,-0.0011545470312360375
2009-07-27,-0.011747132957477908
2009-07-28,0.0006046510905394907
2009-07-29,0.011759631308836813
2009-07-30,-0.013456725676032445
2009-07-31,-0.0076127361518752955
2009-08-03,-0.022716169726908524
2009-08-04,0.0001448986503715039
2009-08-05,-0.04563975099397491
2009-08-06,-0.007868692705820059
2009-08-07,-0.009147686847357724
2009-08-10,-0.01212322913787127
2009-08-11,0.016396217396697322
2009-08-12,-0.005991995416059517
2009-08-13,-0.016009415640229337
2009-08-14,0.009319207082865991
2009-08-17,0.017902719934336904
2009-08-18,-0.010876222493883852
2009-08-19,-0.004076538226687455
2009-08-20,-0.01622427716802504
2009-08-21,-0.014388185353939958
2009-08-24,-0.004444676370171304
2009-08-25,0.009642682094952431
2009-08-26,-0.007280535714051456
2009-08-27,-0.013793823051597159
2009-08-28,-0.010218395153239277
2009-08-31,0.016062001454746355
2009-09-01,0.012029535002821478
2009-09-02,0.0030506818474432566
2009-09-03,-0.014677203729065192
2009-09-04,-0.0055306599954113075
2009-09-08,-0.01632108584018212
2009-09-09,-0.008509209751242251
2009-09-10,-0.007947343248290084
2009-09-11,-0.004954036367553358
2009-09-14,-0.016745899059309264
2009-09-15,-0.0109084965023975
2009-09-16,-0.022202323404406497
2009-09-17,-0.002185500417671625
2009-09-18,-0.007475821844262102
2009-09-21,-0.012145534942893506
2009-09-22,-0.012245329492699956
2009-09-23,-0.0022850969072692765
2009-09-24,0.012755425886775244
2009-09-25,-0.0004829776600763229
2009-09-28,-0.007056861280194613
2009-09-29,0.0005652780954984137
2009-09-30,0.0016038516283525118
2009-10-01,0.016149319465151482
2009-10-02,0.0032049693119700967
2009-10-05,-0.015550656197191481
2009-10-06,-0.0042429393735002995
2009-10-07,-0.008767480864189962
2009-10-08,0.003029571045768606
2009-10-09,-0.0014350558786268958
2009-10-12,-0.0022781393796463085
2009-10-13,0.002102340370370384
2009-10-14,-0.007770680432779665
2009-10-15,0.004773201395132883
2009-10-16,0.007342107051358671
2009-10-19,-0.003699769504589106
2009-10-20,0.002217782737327512
2009-10-21,-0.002485707962362216
2009-10-22,-0.006458758720705864
2009-10-23,-0.005188197981366673
2009-10-26,0.006200576054004779
2009-10-27,0.006282296269203997
2009-10-28,0.007133929735135543
2009-10-29,-0.013813472050147754
2009-10-30,0.012303867616526746
2009-11-02,0.004751053078200032
2009-11-03,-0.016296256724037252
2009-11-04,0.008887501861896397
2009-11-05,-0.00968090072397475
2009-11-06,-0.0011332198181248068
2009-11-09,-0.02043387059559356
2009-11-10,0.01435283518060877
2009-11-11,-0.0066029651753620675
2009-11-12,0.004389214926958858
2009-11-13,-0.00048361676203740103
2009-11-16,-0.006320710521169035
2009-11-17,-0.001971054027549691
2009-11-18,-0.004844768772726041
2009-11-19,0.009206129364508086
2009-11-20,0.0024596974450425725
2009-11-23,0.0005459757019700554
2009-11-24,0.00012640908177377402
2009-11-25,-0.005861543865121468
2009-11-27,0.007674016979405037
2009-11-30,-0.0003247015649044
2009-12-01,-0.0014458380572694176
2009-12-02,-0.004402382175756238
2009-12-03,0.003467899059294226
2009-12-04,-0.003535394849688524
2009-12-07,-0.011110325112391871
2009-12-08,-0.0004801036349816305
2009-12-09,-0.003775121911188169
2009-12-10,-0.0025510300913347585
2009-12-11,0.0017520377735517245
2009-12-14,-0.010992403385191208
2009-12-15,-0.001334311157768114
2009-12-16,-0.005870695770046026
2009-12-17,0.003326701619496281
2009-12-18,-0.0074378865713098175
2009-12-21,-0.0047346826235321595
2009-12-22,-0.00265668892590364
2009-12-23,-0.0009713033775573975
2009-12-24,-0.005150220253102107
2009-12-28,0.001951100675948826
2009-12-29,-6.387402421254235e-05
2009-12-30,-0.002917735761913207
2009-12-31,-0.0028545732035441607
2010-01-04,-0.009024835227627846
2010-01-05,-0.010717610488782234
2010-01-06,-0.0030452937211736704
2010-01-07,-0.01065505873896401
2010-01-08,0.010290579965882486
2010-01-11,-0.0054863112783869825
2010-01-12,-0.00823622716581046
2010-01-13,-0.0015633080761912651
2010-01-14,0.00029280150868139624
2010-01-15,-0.004855587924245508
2010-01-19,0.005817862875554443
2010-01-20,-0.004356214203620144
2010-01-21,-0.01069409103031593
2010-01-22,-0.003705997878344863
2010-01-25,-0.002718897655948027
2010-01-26,-0.0010331706391207935
2010-01-27,-0.0018174910127571908
2010-01-28,-0.0020395931769284356
2010-01-29,-0.00758951026188296
2010-02-01,-0.010290169002074105
2010-02-02,-0.0029646731147816487
2010-02-03,-0.005086087600778498
2010-02-04,-0.002017317491021381
2010-02-05,-0.012206574412128196
2010-02-08,0.0008767501051978315
2010-02-09,-0.008493392385204097
2010-02-10,-0.01015693146980937
2010-02-11,-0.002269596499917607
2010-02-12,-0.003874276605517076
2010-02-16,-0.0054385817327853815
2010-02-17,0.0028945909034985206
2010-02-18,-0.0007938264800745564
2010-02-19,0.0004925816669431348
2010-02-22,-0.004217522639938118
2010-02-23,-0.0005709986292071617
2010-02-24,-0.0019307503363793783
2010-02-25,0.002757822148579484
2010-02-26,0.0007353516980581523
2010-03-01,0.0074653891502687465
2010-03-02,-0.005403208060086803
2010-03-03,-0.0010790167554437912
2010-03-04,-0.005062282037597619
2010-03-05,0.0031301009932240935
2010-03-08,-0.00563621100848603
2010-03-09,-0.005635905014728053
2010-03-10,0.0012457017133571987
2010-03-11,-0.004038639079197924
2010-03-12,0.0008779213506187132
2010-03-15,0.0015235853807529071
2010-03-16,0.0009297553244269961
2010-03-17,0.002821486446582075
2010-03-18,-0.005880238733535608
2010-03-19,-0.00010094837074902134
2010-03-22,0.00263167174095139
2010-03-23,5.683491686003339e-05
2010-03-24,-0.0007933094432535033
2010-03-25,0.003936776499612566
2010-03-26,-9.752398795983023e-06
2010-03-29,-0.00955057480964582
2010-03-30,-0.0055225479423079765
2010-03-31,-0.006681247600690348
2010-04-01,-0.0026033498762196732
2010-04-05,-0.0008196030056777141
2010-04-06,0.0002745774774001017
2010-04-07,-0.0015924563379595695
2010-04-08,0.0015382849128509856
2010-04-09,-0.0021395324130393514
2010-04-12,0.002180061492193865
2010-04-13,0.001115231353970058
2010-04-14,0.013598283637016024
2010-04-15,0.005314247953658029
2010-04-16,-0.01242301076417789
2010-04-19,-0.0033572253229133516
2010-04-20,0.00363944413405298
2010-04-21,0.005101581424919628
2010-04-22,0.01367385777485359
2010-04-23,-1.5587918558772297e-06
2010-04-26,0.004558218163879823
2010-04-27,-0.01576545569824849
2010-04-28,-0.004054625205867876
2010-04-29,0.010657987467552995
2010-04-30,-0.006457771392212154
2010-05-03,0.011730466529787474
2010-05-04,-0.007619366155597363
2010-05-05,-0.013142387653413514
2010-05-06,-0.001268700031283522
2010-05-07,-0.0057863588682554035
2010-05-10,0.01378750741510405
2010-05-11,0.011349522133650747
2010-05-12,-0.006181477402603901
2010-05-13,-0.007101613755709471
2010-05-14,0.0007947427124549674
2010-05-17,0.005495788123169058
2010-05-18,0.0006639114470612586
2010-05-19,-0.00994392552886959
2010-05-20,0.0019809999858435737
2010-05-21,-0.007242138900509349
2010-05-24,0.006092562127732118
2010-05-25,-0.003769555870142731
2010-05-26,-0.0026366693141849375
2010-05-27,0.0033957111737879598
2010-05-28,0.004053195493880449
2010-06-01,0.020459556595662762
2010-06-02,-0.014298577506083194
2010-06-03,-0.0016550516286572233
2010-06-04,-0.0011906010434823227
2010-06-07,0.0009842567479135707
2010-06-08,-0.0008783150529277147
2010-06-09,0.005823226596348588
2010-06-10,-0.011302907300733996
2010-06-11,-0.005605321653201839
2010-06-14,0.003151512494578993
2010-06-15,-0.009935657299314315
2010-06-16,0.0019869949120609864
2010-06-17,0.00235500792884979
2010-06-18,-0.0039028053564462753
2010-06-21,-0.006375628385174048
2010-06-22,-0.0011573083854954352
2010-06-23,-0.0008650233053179787
2010-06-24,0.0030918375391006973
2010-06-25,-0.0019284333818151362
2010-06-28,0.0031323840264316774
2010-06-29,0.0032093713866868153
2010-06-30,-0.0025641485487570325
2010-07-01,-0.005065919948273904
2010-07-02,-0.005303812932447117
2010-07-06,-6.533989126166363e-05
2010-07-07,-0.012192525335269265
2010-07-08,-0.0019874745601219444
2010-07-09,-0.011369227248661587
2010-07-12,0.00349768919983394
2010-07-13,-0.011374280877852534
2010-07-14,-0.005375511752866149
2010-07-15,-0.0011638698560950977
2010-07-16,0.008562513135684766
2010-07-19,-0.001036887491416073
2010-07-20,-0.013719628501695294
2010-07-21,0.0009369157056081142
2010-07-22,-0.009412985938333115
2010-07-23,-0.004419782617005
2010-07-26,-0.0019774128050821646
2010-07-27,-0.004154855182576062
2010-07-28,0.0053062320584225196
2010-07-29,0.0030090219151796592
2010-07-30,-0.00714886161783844
2010-08-02,0.0032632839437760353
2010-08-03,-0.00023276686933484492
2010-08-04,0.0012594066682494309
2010-08-05,0.00612063620444432
2010-08-06,-0.0036948073870465767
2010-08-09,-0.0026843471762797912
2010-08-10,0.0035725909193986692
2010-08-11,0.0003749411857115813
2010-08-12,0.0025509203257688
2010-08-13,-0.0008680669683964501
2010-08-16,0.0017693157838823256
2010-08-17,0.0007835149855087898
2010-08-18,-0.00867426127604342
2010-08-19,-0.00027872323169299046
2010-08-20,0.0010893275945180643
2010-08-23,0.0001589387332961307
2010-08-24,0.006441102987803125
2010-08-25,-0.005398243074126973
2010-08-26,0.0037219966815455483
2010-08-27,0.001631740741321191
2010-08-30,0.0018599387079665224
2010-08-31,0.006314061480146629
2010-09-01,-0.004758973103942435
2010-09-02,-0.005348394007393906
2010-09-03,-0.003369633003815972
2010-09-07,0.004536345469386142
2010-09-08,0.002805511139239663
2010-09-09,-0.007064217987683267
2010-09-10,0.0003859316407066717
2010-09-13,-0.003141624559577975
2010-09-14,-0.008199330768824634
2010-09-15,-0.004866844527718657
2010-09-16,0.0014451347187844675
2010-09-17,0.005315874472266849
2010-09-20,-0.0012915848711640477
2010-09-21,-0.0008234555253624785
2010-09-22,-0.00024239869784178924
2010-09-23,0.0026361660474105188
2010-09-24,-0.006212827466316337
2010-09-27,0.0027375434578682852
2010-09-28,-0.001234936041582624
2010-09-29,-0.004546515359977115
2010-09-30,-0.0056436099794545
2010-10-01,-0.004782869665357853
2010-10-04,-0.0018052066038702257
2010-10-05,0.0018371892574021364
2010-10-06,-0.0018146031488270537
2010-10-07,-0.0017717240490199586
2010-10-08,0.005354560624230386
2010-10-11,-0.0004839686286187305
2010-10-12,-0.006878973802846388
2010-10-13,0.0006644518863107166
2010-10-14,0.0044280036915507566
2010-10-15,0.008444353285995474
2010-10-18,-0.015023287937781779
2010-10-19,-0.01016440888935536
2010-10-20,0.002597229116075077
2010-10-21,0.0006587816935641443
2010-10-22,0.0031212783674382403
2010-10-25,0.0051620531577918315
2010-10-26,0.0027892807944519616
2010-10-27,-0.002542029478339839
2010-10-28,-0.006487762901987765
2010-10-29,-0.002289662879802692
2010-11-01,-0.00227979638609842
2010-11-02,0.0006211013261644789
2010-11-03,-0.004136828281413685
2010-11-04,0.000659344743567136
2010-11-05,-0.0021900613294248794
2010-11-08,-0.005634944732720881
2010-11-09,-0.0029280562992962528
2010-11-10,0.0030782257914418816
2010-11-11,0.002784776431620695
2010-11-12,-0.004330362952323303
2010-11-15,-0.0031295824741699105
2010-11-16,-0.004847207240836333
2010-11-17,0.008234934583266582
2010-11-18,0.006556686207817121
2010-11-19,0.0031275827880830106
2010-11-22,0.002653951457410212
2010-11-23,6.022289571825854e-05
2010-11-24,0.006215485951432097
2010-11-26,-0.0008982987113540968
2010-11-29,0.00047160410953102377
2010-11-30,0.0012565579710512504
2010-12-01,0.00630431564036213
2010-12-02,-0.002257146327930428
2010-12-03,-0.0009441981259188275
2010-12-06,-0.001921232481087897
2010-12-07,-0.004592496331975123
2010-12-08,-0.011395520976636873
2010-12-09,-0.0018859165194456424
2010-12-10,-0.003859315297205976
2010-12-13,-0.0009105420408837755
2010-12-14,-0.004034450694844232
2010-12-15,-0.0014482775479576823
2010-12-16,0.004311712010403006
2010-12-17,0.001991692979531908
2010-12-20,0.001589408005323634
2010-12-21,0.009748320013343026
2010-12-22,-0.0019533318300409253
2010-12-23,-0.00378799442541511
2010-12-27,0.0008352620780952384
2010-12-28,-0.0011739048659424824
2010-12-29,6.162266006568494e-05
2010-12-30,0.0018829989511769119
2010-12-31,-0.0014530381729576654
2011-01-03,-0.0027027038119556528
2011-01-04,-0.005665583802985548
2011-01-05,-0.0037102941024091288
2011-01-06,-0.009220318759624726
2011-01-07,0.00037459166616777054
2011-01-10,-0.0007935702452171487
2011-01-11,0.004607256683965647
2011-01-12,-0.003030087111019683
2011-01-13,-0.000535721780219277
2011-01-14,0.0041220243426832465
2011-01-18,0.0012945034490331468
2011-01-19,-0.009225244108693636
2011-01-20,-0.011299048659222356
2011-01-21,0.00295680108917203
2011-01-24,-0.006515598294811596
2011-01-25,-0.004140390727426715
2011-01-26,0.013426046292460444
2011-01-27,-0.006651678702942316
2011-01-28,0.0022426442285604876
2011-01-31,0.014164683904466312
2011-02-01,0.005863205178055593
2011-02-02,-0.0006775471855018271
2011-02-03,-0.003100675742397463
2011-02-04,-0.008638904269928754
2011-02-07,0.00032930492853133644
2011-02-08,-0.0033962011603101807
2011-02-09,-0.003672363856463696
2011-02-10,0.0058716767803777
2011-02-11,0.00131039515953398
2011-02-14,0.005416290683518006
2011-02-15,-0.0062828607954225875
2011-02-16,0.002282326789198317
2011-02-17,0.0011170620996819019
2011-02-18,-0.00010046392688461048
2011-02-22,-0.002369372436363758
2011-02-23,0.011544532886501492
2011-02-24,-0.00891957471258819
2011-02-25,0.0025867756537535187
2011-02-28,0.0030136426924611145
2011-03-01,-0.009720654599168443
2011-03-02,0.0002493452589690449
2011-03-03,0.008527367080181316
2011-03-04,-0.0018589196614130351
2011-03-07,-0.0010018100742076597
2011-03-08,-0.005937198459866839
2011-03-09,-0.007125521646450254
2011-03-10,-0.01390451183977254
2011-03-11,-0.0011625348209370022
2011-03-14,0.005250465878356946
2011-03-15,0.0029112304618719945
2011-03-16,-3.463541144378018e-05
2011-03-17,0.00583699427508514
2011-03-18,-0.0038684943898057928
2011-03-21,0.007874904424349306
2011-03-22,-0.0007558172937410539
2011-03-23,0.00026906479111250955
2011-03-24,-0.0012068805369173314
2011-03-25,0.004885673265708861
2011-03-28,-0.003505711065392458
2011-03-29,0.0034670715535545277
2011-03-30,-0.001938853360770528
2011-03-31,0.0020792932380355013
2011-04-01,-8.95490798200815e-05
2011-04-04,0.0010962333359665355
2011-04-05,-0.005172329735496353
2011-04-06,-0.015377263588910308
2011-04-07,-0.0016501292517105471
2011-04-08,0.0030734012539483835
2011-04-11,-0.002882076518446326
2011-04-12,-0.012479559350005933
2011-04-13,0.0031040475549260257
2011-04-14,0.005185697801352186
2011-04-15,0.0052443287941034795
2011-04-18,-0.003934435187427077
2011-04-19,0.001854846603063556
2011-04-20,-5.6625192707048324e-05
2011-04-21,0.009008266095633108
2011-04-25,-0.0020936424028009477
2011-04-26,-0.0018109587566138615
2011-04-27,-0.0009865504967221327
2011-04-28,0.004571735905915433
2011-04-29,0.0004035233116235667
2011-05-02,0.0019472217411126969
2011-05-03,-0.004586167725525198
2011-05-04,0.00038122710936599785
2011-05-05,-0.0012501988444202842
2011-05-06,0.00011344225397336735
2011-05-09,0.002797089563751386
2011-05-10,-0.002883380895816356
2011-05-11,0.0029980437664709576
2011-05-12,0.00368249379381134
2011-05-13,0.007467762148938441
2011-05-16,0.000750120982031635
2011-05-17,0.00035438760586937275
2011-05-18,-0.0028179276734676575
2011-05-19,0.002585059710028239
2011-05-20,-0.002257542965753366
2011-05-23,0.0027461516683624327
2011-05-24,-0.0074732712125669875
2011-05-25,-0.005351441502919807
2011-05-26,-0.002467556151652587
2011-05-27,-0.006680682734685776
2011-05-31,-0.00041476222527098193
2011-06-01,0.010317536590507962
2011-06-02,-0.0028328592163239484
2011-06-03,-0.0017533798533627147
2011-06-06,0.006222466595710935
2011-06-07,0.0008165565795386332
2011-06-08,0.006369390768378467
2011-06-09,-0.004229934073865223
2011-06-10,-0.006632950044242466
2011-06-13,0.0031586566969223663
2011-06-14,-0.008161797912893858
2011-06-15,0.005623606836839757
2011-06-16,-0.001575573218049977
2011-06-17,0.0005267507051112693
2011-06-20,0.006908066496632805
2011-06-21,-0.014606675579545121
2011-06-22,-0.0029736165412843395
2011-06-23,0.0002090421835393415
2011-06-24,0.0036243177142808477
2011-06-27,0.0011168123508538204
2011-06-28,-0.004517939979439854
2011-06-29,-0.010390364104330136
2011-06-30,-0.0063331702844486625
2011-07-01,0.0012653992998724706
2011-07-05,0.0017221936132132284
2011-07-06,0.007744585032770212
2011-07-07,-0.009144266971683825
2011-07-08,0.007430358651422911
2011-07-11,0.007402742015853104
2011-07-12,0.0015614416233257075
2011-07-13,-0.002730610448743824
2011-07-14,0.0033645544983178627
2011-07-15,-0.0022611775658131785
2011-07-18,0.006247655967684064
2011-07-19,-0.003346583693164189
2011-07-20,-0.00651467034359401
2011-07-21,-0.009588402486701073
2011-07-22,-0.0054361391603605785
2011-07-25,0.0017099445492316577
2011-07-26,0.0014115834316588106
2011-07-27,0.007805204251566736
2011-07-28,0.0025496153715029294
2011-07-29,-0.0030580944323191322
2011-08-01,0.00041637511776013137
2011-08-02,-0.00019668529841996955
2011-08-03,-0.0007797476131920033
2011-08-04,-0.006153625679315346
2011-08-05,0.0023428533990316413
2011-08-08,0.009249394913104655
2011-08-09,-0.000399774880570883
2011-08-10,-0.00019090296043419545
2011-08-11,0.0005506797623008339
2011-08-12,-0.004217568660989985
2011-08-15,-0.0033563372941095215
2011-08-16,0.001114102267940086
2011-08-17,-0.0007217872120548717
2011-08-18,0.0065419748927236735
2011-08-19,0.0005510408873014316
2011-08-22,0.0024798974578106956
2011-08-23,-0.0017614958107569738
2011-08-24,-0.007020732723687501
2011-08-25,0.002855006687084107
2011-08-26,-0.0039010663070451843
2011-08-29,-0.011938921664877635
2011-08-30,0.0027184433710176685
2011-08-31,-0.003693573707435533
2011-09-01,0.005939805725365453
2011-09-02,0.010138290932256553
2011-09-06,0.008178565912208445
2011-09-07,-0.015116747630130743
2011-09-08,0.01105678093894934
2011-09-09,0.0015624060761266143
2011-09-12,-0.000733502487029994
2011-09-13,-0.0021303532567188525
2011-09-14,0.0005005560051469687
2011-09-15,-0.007600806169384074
2011-09-16,0.008914109698438977
2011-09-19,0.014213088567352327
2011-09-20,0.011935319461384836
2011-09-21,0.015091208894578673
2011-09-22,0.014996586774674704
2011-09-23,0.00615118179398764
2011-09-26,-0.02091525891624293
2011-09-27,-0.009315992887517773
2011-09-28,0.017951020201284223
2011-09-29,-0.009163818214221818
2011-09-30,0.011187931088132033
2011-10-03,0.008521190454824974
2011-10-04,-0.012744601228370633
2011-10-05,-0.011088854099995172
2011-10-06,-0.014995263335310842
2011-10-07,0.00816096258413782
2011-10-10,-0.014259486931850059
2011-10-11,-0.0032987072060714816
2011-10-12,-0.0074777503303202295
2011-10-13,0.009997640154590823
2011-10-14,-0.014001545587692217
2011-10-17,0.010059932420381012
2011-10-18,-0.015620793447371724
2011-10-19,0.0030327431943548986
2011-10-20,-0.007451174625914583
2011-10-21,-0.003967875925725487
2011-10-24,-0.02456261421029384
2011-10-25,0.018716658990342062
2011-10-26,-0.016998398725659565
2011-10-27,-0.042416838915107294
2011-10-28,-0.024144218028681386
2011-10-31,0.01703142086448761
2011-11-01,0.017973716724038115
2011-11-02,-0.01609408609924196
2011-11-03,-0.007014803135426253
2011-11-04,-0.007170622257994282
2011-11-07,0.0016057954004888636
2011-11-08,-0.005333067416819153
2011-11-09,0.018349689432771737
2011-11-10,-0.0006609417077306603
2011-11-11,-0.00649599501371853
2011-11-14,0.003249601541190385
2011-11-15,-0.001791039786071252
2011-11-16,0.0017018738192912325
2011-11-17,0.010421752883161946
2011-11-18,-0.0012544651693269682
2011-11-21,0.005012905175571578
2011-11-22,0.004217501987260463
2011-11-23,0.0029262133258780468
2011-11-25,0.0022488120131460582
2011-11-28,-0.009882941953123498
2011-11-29,0.0031499229776509536
2011-11-30,-0.027382842296018953
2011-12-01,-0.0002090363315178222
2011-12-02,-0.004997787202957841
2011-12-05,-0.012012605305573068
2011-12-06,0.005657640229302716
2011-12-07,-0.0027865344819087224
2011-12-08,0.015094477643702971
2011-12-09,-0.004541309186340174
2011-12-12,0.011458334247083007
2011-12-13,0.0065513462570504204
2011-12-14,0.012028623969283243
2011-12-15,0.005337215607006679
2011-12-16,-0.003447584348394023
2011-12-19,0.012384896401054474
2011-12-20,-0.01357304658199891
2011-12-21,0.00914529484313073
2011-12-22,-0.01516924260064837
2011-12-23,0.002363100510845833
2011-12-27,0.0073402173711514425
2011-12-28,0.004721079157388479
2011-12-29,-0.003479491098619374
2011-12-30,-0.005380846644013692
2012-01-03,-0.00022602846145879985
2012-01-04,0.0034592653993685066
2012-01-05,0.004669834908262587
2012-01-06,0.00023831603812261176
2012-01-09,0.002562048291773675
2012-01-10,-0.0011710244900602729
2012-01-11,0.0029433240982466766
2012-01-12,0.002183614502688266
2012-01-13,0.0023948785977080237
2012-01-17,-0.003609214758285703
2012-01-18,0.0049338722727608475
2012-01-19,0.003391655965491926
2012-01-20,0.0028119009061294527
2012-01-23,-0.004738862344008353
2012-01-24,0.0025760228992686633
2012-01-25,-0.007190739338340421
2012-01-26,0.006952333018459152
2012-01-27,-0.0009747270806793474
2012-01-30,0.0028538323447870953
2012-01-31,0.003771880952135813
2012-02-01,-0.0012891257206081325
2012-02-02,-0.0059504264555027
2012-02-03,0.0055818573146696575
2012-02-06,0.0016840092410091059
2012-02-07,-0.0017236692435180186
2012-02-08,0.006812527674643459
2012-02-09,-0.0025135665971037567
2012-02-10,-0.00032999251153317404
2012-02-13,-0.0009415630173382407
2012-02-14,0.00012036049298594297
2012-02-15,-0.0038190888857379175
2012-02-16,0.002565812446127694
2012-02-17,-0.0021074108867539425
2012-02-21,-0.004112345120390123
2012-02-22,-0.007041765757662808
2012-02-23,0.0038837495742496237
2012-02-24,-0.000862804641917156
2012-02-27,0.00532809180571033
2012-02-28,0.008459067048897071
2012-02-29,-0.00014429291657035582
2012-03-01,0.00027071363556963306
2012-03-02,0.004187194771447112
2012-03-05,-0.004534517952562624
2012-03-06,0.0029218539575643927
2012-03-07,0.002672885267584763
2012-03-08,0.0030617611214633694
2012-03-09,0.0005922234476545354
2012-03-12,0.0030790104945204117
2012-03-13,0.0014602020873620118
2012-03-14,0.0011377267252914089
2012-03-15,0.0033168946228580337
2012-03-16,-0.0023002523396785223
2012-03-19,0.0011638999488769051
2012-03-20,0.012417508902904554
2012-03-21,0.0033226972188323298
2012-03-22,0.003506112885000663
2012-03-23,-0.00013039437022926636
2012-03-26,0.001700524261580542
2012-03-27,0.0022838845767449443
2012-03-28,0.005228718113783617
2012-03-29,-0.004834245518592553
2012-03-30,-0.004400773627915846
2012-04-02,-0.0011225163378201454
2012-04-03,0.0012596436126119854
2012-04-04,-0.0007590608083990864
2012-04-05,0.0015233303244930568
2012-04-09,0.0050971049154734105
2012-04-10,-0.001834522481194212
2012-04-11,0.004924293082092334
2012-04-12,-0.0013509042418910191
2012-04-13,7.441565150562965e-05
2012-04-16,0.0010869003974435373
2012-04-17,0.00041381963499843405
2012-04-18,0.0008194476629127685
2012-04-19,-0.006745417821338428
2012-04-20,-0.0035307329116639006
2012-04-23,-0.0035158768775380984
2012-04-24,-0.004001092906924468
2012-04-25,0.0008208689836391129
2012-04-26,0.0059439884420928995
2012-04-27,-0.000768353830093738
2012-04-30,-0.0016302548163566175
2012-05-01,0.0005315842825034764
2012-05-02,0.004489120462132012
2012-05-03,-0.0021896759234276766
2012-05-04,-0.0005598746067690737
2012-05-07,0.006802694270613634
2012-05-08,-0.003923599194946048
2012-05-09,0.0047626363042847075
2012-05-10,-0.0017137830995889553
2012-05-11,0.001755043059306867
2012-05-14,0.00025233587639999995
2012-05-15,0.003914159538956491
2012-05-16,0.0018396530843732412
2012-05-17,-0.0004999504265218085
2012-05-18,-0.0026837905070779865
2012-05-21,-0.009043375356453916
2012-05-22,0.003030293366907853
2012-05-23,-0.0028358577769345933
2012-05-24,0.00025690729839904106
2012-05-25,0.0029033343970581403
2012-05-29,-0.0006658462909482688
2012-05-30,0.0003006223828692976
2012-05-31,0.004780393840016759
2012-06-01,0.002756169644903369
2012-06-04,-0.002433053092713672
2012-06-05,-0.0021492380940047666
2012-06-06,0.00016722690926383117
2012-06-07,-0.003765749331419582
2012-06-08,0.0045161003746232884
2012-06-11,0.0009836954964061635
2012-06-12,-0.001000019666531431
2012-06-13,0.0059342435309679056
2012-06-14,-0.002444597891655684
2012-06-15,-0.0010818677818177536
2012-06-18,0.0028415730555788016
2012-06-19,-6.554473260602922e-05
2012-06-20,0.005494267193387741
2012-06-21,0.005384254379857916
2012-06-22,0.0008829883087094698
2012-06-25,0.00010305471199964906
2012-06-26,0.000739590730970431
2012-06-27,-0.00639049285185281
2012-06-28,-0.0031522670592259447
2012-06-29,-0.003857175057401585
2012-07-02,0.0041099818242698915
2012-07-03,-0.006016151320248097
2012-07-05,0.0012730522758597597
2012-07-06,0.00512909097757111
2012-07-09,-0.000500595265438543
2012-07-10,0.003801824181100047
2012-07-11,-0.0026371160592922474
2012-07-12,0.0006181665876751382
2012-07-13,0.0022889029172835492
2012-07-16,-0.0038013003469460206
2012-07-17,-0.0020749781559637765
2012-07-18,-0.0017477621728561351
2012-07-19,-0.0010714185008606502
2012-07-20,-0.0023057176829036274
2012-07-23,0.0036212367981784425
2012-07-24,0.00707173977213483
2012-07-25,-0.01646213732827006
2012-07-26,-0.010928655181448501
2012-07-27,0.00429816055960268
2012-07-30,0.0006407993139023987
2012-07-31,0.0016496373779426759
2012-08-01,-0.0037893159340163457
2012-08-02,0.0029571793671638352
2012-08-03,-0.001595719243765389
2012-08-06,0.001769336877568656
2012-08-07,-0.005608543794033089
2012-08-08,-0.0025733339140058408
2012-08-09,0.002412939598942097
2012-08-10,0.0006208919061405462
2012-08-13,0.004707343103954419
2012-08-14,0.0016388218466237068
2012-08-15,0.0009279044821842186
2012-08-16,-0.0032638428743417716
2012-08-17,-9.488456022855194e-06
2012-08-20,0.00011498005295614479
2012-08-21,-0.0023157807888265027
2012-08-22,-0.0027438705154290977
2012-08-23,-0.0007416105848046912
2012-08-24,0.001544357397336099
2012-08-27,-0.0028719475612802034
2012-08-28,0.002228101117814112
2012-08-29,0.0006856463526205554
2012-08-30,0.0010215121154639986
2012-08-31,-0.0019010648502815444
2012-09-04,0.0005464003691298617
2012-09-05,0.0029352456249257903
2012-09-06,0.0039611408159382815
2012-09-07,-0.004831387569479292
2012-09-10,0.0014929232820011182
2012-09-11,0.001640490971969183
2012-09-12,0.0010520483274876642
2012-09-13,0.002906754914417483
2012-09-14,-0.00432946315066366
2012-09-17,-0.0011132743692369807
2012-09-18,-0.001992376193618542
2012-09-19,0.004822611219268881
2012-09-20,-0.0004052199059975413
2012-09-21,-0.0011345496334299204
2012-09-24,-0.000911432694949925
2012-09-25,-0.0033203433695004696
2012-09-26,0.003159010911332907
2012-09-27,0.0022201639506408835
2012-09-28,-0.004203878203616464
2012-10-01,-0.004553163292094698
2012-10-02,-0.003273297900393204
2012-10-03,0.008613655174312026
2012-10-04,0.0007658430422465218
2012-10-05,0.0008231830200921763
2012-10-08,0.00036859514335502554
2012-10-09,-0.008275035210315232
2012-10-10,0.0025827612279180866
2012-10-11,-0.0023207633414364737
2012-10-12,-0.0037233896009384038
2012-10-15,0.002552707934994247
2012-10-16,-0.004276687574372459
2012-10-17,0.0008668372699855788
2012-10-18,-0.007490016435989528
2012-10-19,-0.010005415703463298
2012-10-22,-0.0036921320432655603
2012-10-23,0.005856366212296725
2012-10-24,-0.0002596599412005331
2012-10-25,-0.001170998116369523
2012-10-26,0.003924627031115143
2012-10-31,0.003599204266884068
2012-11-01,0.0019941221550682803
2012-11-02,0.008633726035247173
2012-11-05,-0.0004902979880967477
2012-11-06,-6.305667691249928e-05
2012-11-07,0.0006463328170663698
2012-11-08,0.002741725694192836
2012-11-09,-0.001077260051737491
2012-11-12,-0.0018051791071334801
2012-11-13,-0.00024196749552537572
2012-11-14,0.0020787166213786074
2012-11-15,-0.0024723538607129797
2012-11-16,-0.003953106021570887
2012-11-19,0.0032371886111150195
2012-11-20,-0.002088671034345241
2012-11-21,0.0031106679017258365
2012-11-23,-0.0001806563833673309
2012-11-26,0.006193583162467227
2012-11-27,0.000864758899625354
2012-11-28,0.00045142124547691004
2012-11-29,0.00019457896882386398
2012-11-30,0.003972769566696864
2012-12-03,-1.440976216397896e-05
2012-12-04,0.006337858728158082
2012-12-05,-0.007143276510448602
2012-12-06,0.001835468606203278
2012-12-07,-0.002125869376980595
2012-12-10,-0.0019265173754340686
2012-12-11,0.0026937168290204023
2012-12-12,-0.002328826342747626
2012-12-13,0.003258754704024173
2012-12-14,0.0022550640348545235
2012-12-17,0.002614942518375897
2012-12-18,-0.00421979315051201
2012-12-19,0.002035109929054165
2012-12-20,-0.0019324161892467326
2012-12-21,-0.0023529376459667474
2012-12-24,0.003454965315007676
2012-12-26,0.0007922056784369711
2012-12-27,0.00025734249710889065
2012-12-28,0.0015544510969565024
2012-12-31,-0.0008220189086669084
2013-01-02,0.006933593227382802
2013-01-03,0.0013480661396876848
2013-01-04,-0.003244480868100689
2013-01-07,-0.0004680839246986723
2013-01-08,0.0013262952174871643
2013-01-09,-0.007098253985572279
2013-01-10,0.004145914517563109
2013-01-11,0.0019721685742367908
2013-01-14,0.0012165260015580468
2013-01-15,-0.0013548522214292453
2013-01-16,-0.0007466715000734544
2013-01-17,-0.0029907050375564182
2013-01-18,-0.002719324457765662
2013-01-22,-0.005256468854001982
2013-01-23,0.0038014881534968407
2013-01-24,0.006196891487081918
2013-01-25,0.0042098659522297605
2013-01-28,-0.00021336867290083758
2013-01-29,-0.003552551885178093
2013-01-30,0.002519324194779464
2013-01-31,-0.004039513978763498
2013-02-01,-0.0007548666955575513
2013-02-04,0.0003241994941964851
2013-02-05,0.0034328538967290695
2013-02-06,0.0021159785459554823
2013-02-07,0.0025265624716931043
2013-02-08,-0.0023686004133147585
2013-02-11,0.0052923121598789915
2013-02-12,0.0014534627868352686
2013-02-13,0.00047951501251026547
2013-02-14,0.002461509305331135
2013-02-15,-0.0007024460487483212
2013-02-19,0.0004050095080351242
2013-02-20,-0.0018104318375224302
2013-02-21,0.002147225147218259
2013-02-22,0.0032108480864242546
2013-02-25,0.0034383166137013387
2013-02-26,0.0007851229165837888
2013-02-27,-0.0016001845343525866
2013-02-28,-0.001468628200365495
2013-03-01,0.0011434271133595416
2013-03-04,0.0028336311202800646
2013-03-05,-0.001844502401942249
2013-03-06,0.001012727435878755
2013-03-07,-0.0014463702053162386
2013-03-08,-0.0034017417907644355
2013-03-11,0.0001531824900080368
2013-03-12,-0.0002093494231499418
2013-03-13,0.0002005861857366998
2013-03-14,-0.004034779790498139
2013-03-15,-0.0010031139249640283
2013-03-18,0.002261501105134872
2013-03-19,0.004265905625375366
2013-03-20,0.002661800320754538
2013-03-21,-0.0009569318326718667
2013-03-22,0.004346767414662601
2013-03-25,0.0016774576679595035
2013-03-26,-0.0023012426883671847
2013-03-27,-0.0055113198144697735
2013-03-28,-0.0015065858437840205
2013-04-01,-0.0031192519405922547
2013-04-02,-0.005208912379545231
2013-04-03,-0.001721600631248113
2013-04-04,0.0018896354033307258
2013-04-05,0.0037854293066143466
2013-04-08,0.0005568361460989286
2013-04-09,0.0022836014069959874
2013-04-10,6.291694427924252e-05
2013-04-11,-0.0029103088687641287
2013-04-12,0.002670849660185391
2013-04-15,0.01114192045230861
2013-04-16,-9.15645775891469e-05
2013-04-17,-0.005104065745030306
2013-04-18,-0.004570500389414162
2013-04-19,0.006425919387193285
2013-04-22,0.00394847846053872
2013-04-23,0.007910415829204381
2013-04-24,0.00022894919906725527
2013-04-25,-0.003334302929075124
2013-04-26,0.0026964417869132186
2013-04-29,-0.0008335285668858838
2013-04-30,0.0010488379249449925
2013-05-01,0.0028320699298439197
2013-05-02,-0.001503073982129195
2013-05-03,-0.0002509466069717961
2013-05-06,0.002595582406180051
2013-05-07,-0.006575765197751996
2013-05-08,0.006645591169025007
2013-05-09,0.00042578832958719236
2013-05-10,0.0035804766297651593
2013-05-13,0.0014201913966786811
2013-05-14,8.594924230688121e-05
2013-05-15,0.005237154750121337
2013-05-16,0.005260041477022401
2013-05-17,-0.00011598868188046773
2013-05-20,-0.0006745888701344027
2013-05-21,-0.004222389617644791
2013-05-22,4.778488447650884e-05
2013-05-23,0.0026970279769921997
2013-05-24,0.0002846855108758464
2013-05-28,-0.0040052660555285665
2013-05-29,0.0002956114579351437
2013-05-30,0.0035122861597411013
2013-05-31,0.0052994652130378735
2013-06-03,0.002339267268051238
2013-06-04,0.0032480388062292144
2013-06-05,0.002779110531870244
2013-06-06,-0.0016396167143099426
2013-06-07,0.0007649338699854958
2013-06-10,-2.0285977369438894e-05
2013-06-11,0.0006964330813435701
2013-06-12,0.003625795280087364
2013-06-13,0.00024678456248616436
2013-06-14,-0.001133329089918605
2013-06-17,0.0014852720195415701
2013-06-18,0.0001959955671029468
2013-06-19,0.0024340737655330997
2013-06-20,0.0030199591294818146
2013-06-21,-0.0034714516182953186
2013-06-24,3.7155928991473353e-05
2013-06-25,0.0020642434632502592
2013-06-26,-0.0023171207529295687
2013-06-27,0.0016779668280724178
2013-06-28,0.0032331694005777157
2013-07-01,0.00030675973399343177
2013-07-02,0.0029186956044043007
2013-07-03,0.0005039417130211453
2013-07-05,-0.002208310833877053
2013-07-08,0.0010146191301253049
2013-07-09,0.0017811729915318722
2013-07-10,-0.0028565210043344016
2013-07-11,-0.0007725242107624469
2013-07-12,0.0025392959777729676
2013-07-15,2.2327859236879907e-05
2013-07-16,0.0038208331262120114
2013-07-17,0.0019029585006615113
2013-07-18,-0.008570546368305138
2013-07-19,-0.009094067857233405
2013-07-22,0.0031966670491800713
2013-07-23,0.003016158012391829
2013-07-24,0.0024810055977088344
2013-07-25,-0.0007601538963394762
2013-07-26,0.003135517517729173
2013-07-29,0.002652595276449756
2013-07-30,-0.0020335378841142126
2013-07-31,-0.006369083212155445
2013-08-01,6.641907798396045e-06
2013-08-02,0.0011468127458854446
2013-08-05,0.00041387673395605916
2013-08-06,0.0016075876884075661
2013-08-07,-0.0010078682471772826
2013-08-08,0.0015028165713754913
2013-08-09,0.0001163271410343764
2013-08-12,0.002146264198368553
2013-08-13,0.0012331017570799381
2013-08-14,0.00447786800687921
2013-08-15,-0.0025040962777786724
2013-08-16,0.00038686314690511837
2013-08-19,-0.0020499830495365676
2013-08-20,0.0003174033374572007
2013-08-21,0.0002007133582817621
2013-08-22,-0.007729672916571805
2013-08-23,0.0029934367578259365
2013-08-26,-0.004767919448503689
2013-08-27,-0.002440324951782129
2013-08-28,-0.0010941202174131167
2013-08-29,0.0022155625764829004
2013-08-30,-0.001968936444724461
2013-09-03,-0.0025889037654119747
2013-09-04,0.006603715724121
2013-09-05,-0.0018618097528573254
2013-09-06,0.0006598588824464371
2013-09-09,0.0007230859592012363
2013-09-10,0.0024638139668553584
2013-09-11,-0.005386337740491636
2013-09-12,-0.00206136292846375
2013-09-13,0.0009517110875949614
2013-09-16,-0.00447577816806648
2013-09-17,0.0014611162099053647
2013-09-18,0.0023892357055204957
2013-09-19,-0.004403340258232165
2013-09-20,-0.0007288999090128132
2013-09-23,-0.002256787530001782
2013-09-24,0.0009706760576594016
2013-09-25,-0.0021098342309960163
2013-09-26,0.0011338323297771168
2013-09-27,-0.0028975525568349083
2013-09-30,0.001374743669501415
2013-10-01,-0.0005797286445581631
2013-10-02,0.0011782020116272297
2013-10-03,-0.0007612132760987035
2013-10-04,-0.002286420378163128
2013-10-07,-0.0005799878932514178
2013-10-08,1.3112949033320116e-05
2013-10-09,0.0027873693498099276
2013-10-10,-0.0018503959008075524
2013-10-11,-0.005154504710669649
2013-10-14,0.0019353664437748595
2013-10-15,-0.0001353663030440389
2013-10-16,-0.0009242214326195608
2013-10-17,0.0010929460160360182
2013-10-18,0.007046055400700416
2013-10-21,-0.0006566142023239455
2013-10-22,-0.0035478592015801805
2013-10-23,0.005492869149655289
2013-10-24,0.000599141898897848
2013-10-25,0.002560661404377548
2013-10-28,-0.00077627473975132
2013-10-29,0.008988167404971208
2013-10-30,0.0030630319888630734
2013-10-31,0.001209606950465653
2013-11-01,0.0007180771803087725
2013-11-04,0.0021095439328035316
2013-11-05,0.001132483556735195
2013-11-06,0.0011060311603755097
2013-11-07,-0.0003028723079671797
2013-11-08,0.005932878864252621
2013-11-11,0.0011980495008269718
2013-11-12,-9.539237230067325e-05
2013-11-13,0.0017948099678246115
2013-11-14,-0.001528864917154449
2013-11-15,0.0009069824700238508
2013-11-18,-0.0033354096234347818
2013-11-19,0.0006892553613321821
2013-11-20,0.0015701107724323503
2013-11-21,0.0026034755245822635
2013-11-22,-0.005378326667708994
2013-11-25,0.0029288778675440495
2013-11-26,0.0003830551981647063
2013-11-27,0.0072616688250027855
2013-11-29,0.0007400122072806257
2013-12-02,-7.384003552593794e-05
2013-12-03,0.0007269016112307798
2013-12-04,0.0025252982647000076
2013-12-05,-0.0028928764671330375
2013-12-06,0.0007287766563793638
2013-12-09,0.0005120900921806949
2013-12-10,-0.0006291521292138028
2013-12-11,0.002715451404816853
2013-12-12,-0.00041862793100658853
2013-12-13,-0.001351093153095377
2013-12-16,-0.0018722461205935269
2013-12-17,0.001581910675482156
2013-12-18,-0.004314237181811952
2013-12-19,-0.0036432039316859847
2013-12-20,-0.0006338752609165877
2013-12-23,0.00164553249513181
2013-12-24,-0.001047878946313521
2013-12-26,-0.0021749017253218385
2013-12-27,-0.0013223137888769864
2013-12-30,-0.0015885024639013
2013-12-31,0.0010345828370683834
2014-01-02,-0.0022223920526024707
2014-01-03,-0.012338983362655695
2014-01-06,0.006679092856647375
2014-01-07,-0.02796367007141393
2014-01-08,0.004705371591878583
2014-01-09,-0.007399057925708649
2014-01-10,-0.010047361247688388
2014-01-13,0.0122958187146549
2014-01-14,-0.002166477512440997
2014-01-15,-0.00020861138489760488
2014-01-16,-0.004573706856197377
2014-01-17,-0.008562340969559826
2014-01-21,0.0006537320749623093
2014-01-22,0.006665050757920039
2014-01-23,0.07055858104763381
2014-01-24,0.007094967464418411
2014-01-27,-0.003718458467189714
2014-01-28,0.02157534944719951
2014-01-29,-0.0044955799953994395
2014-01-30,-0.0015673321913979403
2014-01-31,0.011002679393232705
2014-02-03,0.008146332419502517
2014-02-04,-0.005224143829947443
2014-02-05,0.0012142041963427949
2014-02-06,-0.004492507388427599
2014-02-07,0.016938191081098303
2014-02-10,0.00027298449930059814
2014-02-11,-0.0037733476635055173
2014-02-12,-0.008129034041397988
2014-02-13,0.005039690585169893
2014-02-14,-0.007046516044261901
2014-02-18,-0.0035005409905175745
2014-02-19,-0.01189554215969556
2014-02-20,-3.224944965151799e-05
2014-02-21,-0.006179878695638549
2014-02-24,0.012311132408120627
2014-02-25,0.005601211646027236
2014-02-26,-0.005711382755153094
2014-02-27,0.0014251879149092866
2014-02-28,-0.009598879661959532
2014-03-03,0.0027838443954342085
2014-03-04,0.005507061807292425
2014-03-05,0.0029269237297784956
2014-03-06,-0.004474302265453478
2014-03-07,-0.001212921557039131
2014-03-10,-0.007451486180712663
2014-03-11,-0.0015831435891616717
2014-03-12,-0.00031968735013642916
2014-03-13,-0.00023352507361326224
2014-03-14,-0.010704898945242068
2014-03-17,-0.005570415366334923
2014-03-18,-0.004970539520772856
2014-03-19,0.003412971908155892
2014-03-20,0.0066583197977130295
2014-03-21,-0.017641444637737383
2014-03-24,-0.0232912039014099
2014-03-25,-0.011256958034883037
2014-03-26,0.0033233312365832965
2014-03-27,-0.014209757750609947
2014-03-28,-0.011271420296935555
2014-03-31,-0.013436207421560226
2014-04-01,0.015028040979999093
2014-04-02,-0.006847177076327918
2014-04-03,-0.011236246804160323
2014-04-04,-0.022602758421939477
2014-04-07,0.007962851233046754
2014-04-08,0.015507477263783926
2014-04-09,-0.003100429582651436
2014-04-10,-0.016902419448540196
2014-04-11,-0.006387370600546943
2014-04-14,0.0027978150456951217
2014-04-15,-0.016726569243169932
2014-04-16,6.506802957215602e-05
2014-04-17,0.02190450420655299
2014-04-21,0.0002171237362109925
2014-04-22,0.01219588341261479
2014-04-23,-0.025336101891459795
2014-04-24,-0.007890277235330277
2014-04-25,0.0025709968728089244
2014-04-28,0.023456078191047457
2014-04-29,-0.0071959546102063334
2014-04-30,-0.004585808685450964
2014-05-01,-0.002688407540203814
2014-05-02,0.0009800727305339005
2014-05-05,0.006470756867154866
2014-05-06,-0.002580656744975473
2014-05-07,-0.002897693415861179
2014-05-08,0.005018829528777029
2014-05-09,-0.00536065487108011
2014-05-12,-0.001296498407086087
2014-05-13,0.0007026589117026721
2014-05-14,0.00317490062861802
2014-05-15,0.004452678130452964
2014-05-16,0.0072374109512982595
2014-05-19,0.0032454709179170153
2014-05-20,0.006063769147688846
2014-05-21,0.0012697093584960748
2014-05-22,-0.00426742389803373
2014-05-23,0.00758250624121656
2014-05-27,-0.0015802404014169133
2014-05-28,0.0034042498993414067
2014-05-29,0.010905140966083578
2014-05-30,-0.0002606650482946275
2014-06-02,-0.0019096456678268999
2014-06-03,0.0029554754601540966
2014-06-04,0.006997938980253904
2014-06-05,0.000657065685796906
2014-06-06,-0.0016564259871054046
2014-06-09,0.0012585922027382413
2014-06-10,0.008127864338927251
2014-06-11,-0.001430896690865432
2014-06-12,-0.010221894260739285
2014-06-13,0.0007717229634123161
2014-06-16,0.004755019872740778
2014-06-17,0.00791963379740478
2014-06-18,-0.002682351439815094
2014-06-19,-0.010837893512521898
2014-06-20,-0.005678697834201262
2014-06-23,-0.00047737727755143905
2014-06-24,-0.0010014810602285947
2014-06-25,0.00500297909659794
2014-06-26,-0.005063226737119084
2014-06-27,0.005046335442226136
2014-06-30,0.0012028959240069162
2014-07-01,0.035446741816696464
2014-07-02,-0.011604865289979633
2014-07-03,0.0035632408946422753
2014-07-07,-0.005264306281385234
2014-07-08,-0.015915551543768995
2014-07-09,-0.006153562009816534
2014-07-10,-0.0018788844034280223
2014-07-11,0.0026471083647276136
2014-07-14,0.018927475046453007
2014-07-15,-0.00311837180167443
2014-07-16,-0.009840030895019454
2014-07-17,-0.0008501104622434688
2014-07-18,0.0008752731291386163
2014-07-21,0.009104292171406188
2014-07-22,-0.02492935598834827
2014-07-23,-0.005869241478966348
2014-07-24,-0.002956353416659413
2014-07-25,-0.0037638828538016913
2014-07-28,0.006833412977544454
2014-07-29,-0.0025008566152424838
2014-07-30,0.01052578364409996
2014-07-31,-0.006093071170229538
2014-08-01,0.00259727347227822
2014-08-04,-0.008898203898299314
2014-08-05,0.004621896348468114
2014-08-06,0.009711674188845573
2014-08-07,0.027397994500142575
2014-08-08,-0.015934466975398555
2014-08-11,0.008623371003280622
2014-08-12,-0.0033139680213218775
2014-08-13,0.006401990548951925
2014-08-14,-0.00432241583506279
2014-08-15,0.008043877348988118
2014-08-18,0.0033262918612106166
2014-08-19,-0.0023162166515384246
2014-08-20,0.0016402077413155494
2014-08-21,0.000814668698203992
2014-08-22,0.008780495269171136
2014-08-25,-0.0015565052449775926
2014-08-26,-0.0032026272226923177
2014-08-27,-0.002158362889984263
2014-08-28,0.0005058440734859276
2014-08-29,0.0008716738396511668
2014-09-02,0.005687066056853248
2014-09-03,-0.013536748402736385
2014-09-04,-0.003533024146602315
2014-09-05,0.0006813857638629849
2014-09-08,0.006934855364861184
2014-09-09,-0.00027444436618000926
2014-09-10,0.012650278303804705
2014-09-11,0.0004008464238719351
2014-09-12,0.006317405472611172
2014-09-15,-0.01250580829198147
2014-09-16,-0.011119182603240064
2014-09-17,-0.0005077535993768564
2014-09-18,0.0025206721653049944
2014-09-19,-0.0015542930986209267
2014-09-22,-0.0022539831297811487
2014-09-23,0.007667285386828408
2014-09-24,-0.003307886350254073
2014-09-25,-0.006624179299401815
2014-09-26,0.007828699509389145
2014-09-29,-0.00044530437045135014
2014-09-30,0.008609734942555347
2014-10-01,-0.004307072342620694
2014-10-02,0.0097102138142247
2014-10-03,0.002612591201556741
2014-10-06,0.00558036910347878
2014-10-07,-0.0001508270311244709
2014-10-08,0.0016394490355322497
2014-10-09,0.010643273979031802
2014-10-10,-0.0005023171909353001
2014-10-13,0.0046760671097729085
2014-10-14,0.010835987866601993
2014-10-15,-0.00922715429940419
2014-10-16,-0.1123009112657478
2014-10-17,-0.013399693435163867
2014-10-20,-0.003598684343486557
2014-10-21,-0.0041735837677083975
2014-10-22,0.02208050951184368
2014-10-23,0.004879984128011158
2014-10-24,-0.003439093082201703
2014-10-27,-0.002514757230359484
2014-10-28,0.0011654281862388963
2014-10-29,-0.0035212570143421094
2014-10-30,-0.006146316090048554
2014-10-31,0.00466368582518796
2014-11-03,0.00494445050399898
2014-11-04,0.0017506700111925024
2014-11-05,-0.007978781885821915
2014-11-06,-0.004050836124303571
2014-11-07,0.00279803599881137
2014-11-10,0.0036697827577198234
2014-11-11,-0.0029234711196593154
2014-11-12,0.007136396720705077
2014-11-13,0.00484109966355592
2014-11-14,0.0065663145799399894
2014-11-17,-0.0027834811908366516
2014-11-18,-0.002231217569514649
2014-11-19,-0.008086647203174277
2014-11-20,0.004788061886973156
2014-11-21,-0.009623864058120157
2014-11-24,0.004200706889235936
2014-11-25,-0.0029244831567318717
2014-11-26,0.008320456358549316
2014-11-28,0.011890813958174656
2014-12-01,-0.01417888217207306
2014-12-02,0.0015743901458931135
2014-12-03,-0.0004913794087191291
2014-12-04,-0.0028210483954749415
2014-12-05,0.0009781040347827687
2014-12-08,-0.0042264065711864
2014-12-09,0.002604044029107979
2014-12-10,0.0012760675308527327
2014-12-11,-0.0018243406598481492
2014-12-12,0.0020032824379125702
2014-12-15,-0.006924133182670377
2014-12-16,-0.010162701393611844
2014-12-17,0.00567418096056026
2014-12-18,-0.0069887912726247035
2014-12-19,-0.008932444152400569
2014-12-22,0.009697807932490617
2014-12-23,-0.0014737423532689294
2014-12-24,0.0005454419832263579
2014-12-26,0.0036875694265319156
2014-12-29,-5.938753301027076e-05
2014-12-30,-4.403880933541191e-05
2014-12-31,-0.0036110677278545535
2015-01-02,-0.003222673923397314
2015-01-05,0.010247560707709515
2015-01-06,0.004945130908208811
2015-01-07,0.007133128313359151
2015-01-08,-0.004229412049530153
2015-01-09,-0.0023924321097445146
2015-01-12,0.010601967637497866
2015-01-13,0.004968505482319574
2015-01-14,0.002950652695115581
2015-01-15,0.005415191388909027
2015-01-16,-0.005261249896662182
2015-01-20,-0.0015172568700325085
2015-01-21,-0.014006024291743944
2015-01-22,-2.0464943536499893e-06
2015-01-23,-0.0016486502357776589
2015-01-26,-0.008214920473205926
2015-01-27,0.0014746453105095821
2015-01-28,0.009823464625392618
2015-01-29,0.003909661018275597
2015-01-30,-0.013572829288523248
2015-02-02,-0.013592319702830511
2015-02-03,-0.009823547457884477
2015-02-04,0.008890355890586166
2015-02-05,0.0004221363734632467
2015-02-06,-0.005490800763781728
2015-02-09,-0.007514599994178933
2015-02-10,-0.0004890914808902767
2015-02-11,0.002297978608913709
2015-02-12,-0.007529823661105779
2015-02-13,-0.010900825074836957
2015-02-17,0.0008771401990037505
2015-02-18,0.00296821643680826
2015-02-19,0.0019969478460420895
2015-02-20,0.005983392609211826
2015-02-23,0.005455442020918971
2015-02-24,-0.0037908286703551507
2015-02-25,-0.0029528104643764845
2015-02-26,0.0035759044968831227
2015-02-27,-0.0026559683500267483
2015-03-02,0.0002536803331086002
2015-03-03,0.0017705782753539615
2015-03-04,0.0010814070781279884
2015-03-05,0.0052692583370738165
2015-03-06,0.0016549998620979662
2015-03-09,0.006623166053220896
2015-03-10,0.002447137568052255
2015-03-11,-0.00309740486213664
2015-03-12,0.0026093315982168366
2015-03-13,0.004305193184733066
2015-03-16,0.00555885749984818
2015-03-17,0.003989209906592122
2015-03-18,-0.0040326503086083425
2015-03-19,0.008564490744635818
2015-03-20,-0.0029163957671582276
2015-03-23,-0.007408789155934335
2015-03-24,-0.001099355671131388
2015-03-25,-0.012547123925725056
2015-03-26,0.003610290472681559
2015-03-27,0.007076440444937274
2015-03-30,-0.0012605664114092375
2015-03-31,-0.007850817752514741
2015-04-01,-0.0035981004003538958
2015-04-02,-0.0013058196112663875
2015-04-06,-0.005765178249229034
2015-04-07,-0.002830618510967259
2015-04-08,-0.0015229617338519616
2015-04-09,-0.004239557161516205
2015-04-10,0.0025764126356608253
2015-04-13,-0.006671350805792146
2015-04-14,0.00030733583451503243
2015-04-15,-0.008557526230642007
2015-04-16,-0.0026730925268428677
2015-04-17,-0.00473588482060334
2015-04-20,-0.0024465367326342072
2015-04-21,0.0030992017290458144
2015-04-22,-0.004188154245596211
2015-04-23,0.0017099414275650992
2015-04-24,-0.009501391670314533
2015-04-27,-0.006402246425966256
2015-04-28,-0.0014305381311294206
2015-04-29,-0.0009499971497144415
2015-04-30,-0.008864914716280255
2015-05-01,-0.003752771886181236
2015-05-04,-0.0006082029167664969
2015-05-05,-0.002193998635050955
2015-05-06,0.0030342890394349457
2015-05-07,0.001049841733057686
2015-05-08,-0.0028223382694395937
2015-05-11,-0.0014696267304961453
2015-05-12,0.0007981312199085126
2015-05-13,0.0009450650593504777
2015-05-14,0.00642553014448629
2015-05-15,-0.000952493588506908
2015-05-18,0.0015278637215629933
2015-05-19,0.005155779061702546
2015-05-20,0.0006885619999106134
2015-05-21,-0.005219595640831539
2015-05-22,0.004874370071235861
2015-05-26,0.006319465429281164
2015-05-27,0.004706050708656408
2015-05-28,-0.00028254370808101364
2015-05-29,0.0014036680596144545
2015-06-01,-0.0016913033787014696
2015-06-02,-0.006519044372523655
2015-06-03,0.0008945861825480558
2015-06-04,0.00031852556641797926
2015-06-05,0.003618060043463657
2015-06-08,0.0013298065586392388
2015-06-09,0.004468516862726619
2015-06-10,0.0007714333954891126
2015-06-11,0.0012516590336190134
2015-06-12,-0.0018375522698105518
2015-06-15,0.00324169588568857
2015-06-16,0.000904311268237951
2015-06-17,-0.005542696007041395
2015-06-18,0.00027825208816498653
2015-06-19,-0.0009400793888080104
2015-06-22,0.003753543137927833
2015-06-23,-0.00039064352648687887
2015-06-24,-0.0009877482639799686
2015-06-25,0.0071117613344172746
2015-06-26,0.0038894172348329483
2015-06-29,2.754733446225661e-05
2015-06-30,0.0029986609256865953
2015-07-01,0.0075681929994606935
2015-07-02,-0.0011199526138649676
2015-07-06,0.005447641543734622
2015-07-07,-0.006158316249085277
2015-07-08,0.0032862991184786504
2015-07-09,-0.0005619832694915535
2015-07-10,0.008619497320125265
2015-07-13,0.0005909656437488217
2015-07-14,-0.003702852020261549
2015-07-15,0.011104424649274273
2015-07-16,0.0026118885097342203
2015-07-17,0.00708083695092617
2015-07-20,0.012843418130498106
2015-07-21,-0.004456763459467428
2015-07-22,0.009985470638991066
2015-07-23,-0.00555943223437517
2015-07-24,-0.0038591519488015537
2015-07-27,0.003037277165586868
2015-07-28,-0.008433678112219014
2015-07-29,-0.009161491473755109
2015-07-30,0.0016542208058625408
2015-07-31,0.011638850306348234
2015-08-03,0.014023668567485869
2015-08-04,0.003974497049612865
2015-08-05,0.007191093061723671
2015-08-06,-0.020430229341142817
2015-08-07,0.006951669087889713
2015-08-10,-0.014573628470635602
2015-08-11,0.005772162719263804
2015-08-12,-0.0063126191788045885
2015-08-13,0.006514476022495914
2015-08-14,0.0032192541032885717
2015-08-17,0.0007845787615745738
2015-08-18,0.003908193369293914
2015-08-19,0.011961536733800893
2015-08-20,0.0007617952133820437
2015-08-21,-0.006928695398093762
2015-08-24,0.002226458267180682
2015-08-25,0.00942070544799911
2015-08-26,0.007167149917394019
2015-08-27,-0.02765199134015945
2015-08-28,-0.01155373364821626
2015-08-31,-0.01710920553161479
2015-09-01,0.006705904845630525
2015-09-02,0.008626588157039617
2015-09-03,-0.002997571172472381
2015-09-04,0.00461464884958104
2015-09-08,0.004396136648567353
2015-09-09,6.886305062868913e-05
2015-09-10,-0.001166665471249546
2015-09-11,0.006611460964020328
2015-09-14,-0.0010241627320644203
2015-09-15,-0.002121723357709579
2015-09-16,-0.014533858612444345
2015-09-17,0.01034086314645425
2015-09-18,0.007672668947089302
2015-09-21,-0.0013787007717943568
2015-09-22,0.005860263161834212
2015-09-23,0.012338408881690749
2015-09-24,-0.006190358567980941
2015-09-25,-0.006767856384327853
2015-09-28,0.0019511270525523349
2015-09-29,-0.004463367012228411
2015-09-30,-0.004160618598341464
2015-10-01,0.009591555880006179
2015-10-02,-0.018255816677170463
2015-10-05,-0.014263405606080104
2015-10-06,-0.012104716184227583
2015-10-07,-0.00869429356860902
2015-10-08,-0.0009711617594094028
2015-10-09,0.0027394815834317454
2015-10-12,0.006515485452226241
2015-10-13,0.0019935004287076783
2015-10-14,-0.0029854944972129436
2015-10-15,-0.004676145381396545
2015-10-16,0.007237267956591655
2015-10-19,0.0019870953761558677
2015-10-20,-0.0021344427378754763
2015-10-21,0.002844616365579691
2015-10-22,0.007689741083309512
2015-10-23,-0.010355232277632145
2015-10-26,0.005781006627824394
2015-10-27,0.002482230120820003
2015-10-28,-0.014917503680010954
2015-10-29,-0.003312733532061939
2015-10-30,-0.0033757629650077014
2015-11-02,-0.007970327552444615
2015-11-03,-0.004141381021842172
2015-11-04,-0.0016345773714456662
2015-11-05,0.006925763487295825
2015-11-06,-0.004019725570756383
2015-11-09,-0.0016370102272047296
2015-11-10,0.00329900122102981
2015-11-11,0.00871199438517821
2015-11-12,0.0034591269875552007
2015-11-13,-0.004003333182325092
2015-11-16,-0.004994159785236132
2015-11-17,0.0032356855618404508
2015-11-18,-0.0022620936708177427
2015-11-19,0.0019216890569992095
2015-11-20,0.004167266716231903
2015-11-23,0.0007140185346478452
2015-11-24,-0.012975560091303967
2015-11-25,-0.002382183801435057
2015-11-27,0.005325054684541392
2015-11-30,-0.01173117501917159
2015-12-01,-0.0002929939614416888
2015-12-02,0.002120508601225381
2015-12-03,0.004512919782618546
2015-12-04,0.01143647518088602
2015-12-07,-0.004073197987291742
2015-12-08,0.009906955991300835
2015-12-09,-0.007554545717406358
2015-12-10,-0.005208261580008549
2015-12-11,0.007049166215614146
2015-12-14,0.012310047397745166
2015-12-15,-0.006894792817750279
2015-12-16,-0.00045306634877924595
2015-12-17,0.011608701749485953
2015-12-18,-0.008555755838837048
2015-12-21,0.000666439423407424
2015-12-22,-0.005852082644061871
2015-12-23,-0.021154917735212175
2015-12-24,0.0015977063842518731
2015-12-28,0.012751903845946209
2015-12-29,-0.0014494580777396097
2015-12-30,0.010037748108567604
2015-12-31,-0.008121175186225514
2016-01-04,-0.020964766333867374
2016-01-05,-0.00841289716151249
2016-01-06,0.032219935602400454
2016-01-07,-0.005863174383657439
2016-01-08,0.00014170768818174459
2016-01-11,0.02749110526319386
2016-01-12,0.00534446623563596
2016-01-13,-0.013904343695842633
2016-01-14,-0.013038737582918422
2016-01-15,-0.008013635503602394
2016-01-19,0.018092441245134715
2016-01-20,-0.0003159629325662606
2016-01-21,-0.02795628062867911
2016-01-22,-0.006161628458054283
2016-01-25,0.01579978165256606
2016-01-26,-0.015663979496802403
2016-01-27,-0.027774649133900074
2016-01-28,0.03105201846256257
2016-01-29,-0.030375504544880066
2016-02-01,0.00778734451854648
2016-02-02,0.0030313252626278184
2016-02-03,-0.02787683101537156
2016-02-04,-0.0067300955954726835
2016-02-05,-0.01953392456179874
2016-02-08,0.02131565479229664
2016-02-09,0.006854232033387978
2016-02-10,0.009333817037915011
2016-02-11,0.006873848057934882
2016-02-12,-0.011902883856941248
2016-02-16,-0.009257577421129266
2016-02-17,0.003360155818262652
2016-02-18,-0.009311089979518227
2016-02-19,-0.00015801866257233533
2016-02-22,-0.004328091532291229
2016-02-23,0.00033692301995488197
2016-02-24,-0.0012964334580324985
2016-02-25,-0.0016406941904998436
2016-02-26,-0.010098016465085407
2016-02-29,0.00598086458528128
2016-03-01,-0.001616072068317108
2016-03-02,-0.0008350000971284486
2016-03-03,-0.01279677221863575
2016-03-04,0.003830963242145776
2016-03-07,-0.013874771111653549
2016-03-08,0.006726388451666645
2016-03-09,0.0025524042606993973
2016-03-10,0.006686938131471371
2016-03-11,-0.012561662469745528
2016-03-14,0.009277276679734311
2016-03-15,0.0030175369048860436
2016-03-16,0.013511769799113121
2016-03-17,0.004563268362348901
2016-03-18,-0.01552021517507553
2016-03-21,0.0015933817987066827
2016-03-22,0.003106047354369512
2016-03-23,-0.00796461818274059
2016-03-24,0.006377593255679427
2016-03-28,0.002956093615875347
2016-03-29,0.004503960109396803
2016-03-30,0.003964129813407597
2016-03-31,-0.0011116040852023
2016-04-01,-0.006252668122095854
2016-04-04,-0.003854490758318096
2016-04-05,0.0034428270984619407
2016-04-06,-0.008338491865317373
2016-04-07,-0.0038689266080866643
2016-04-08,0.004637739488156598
2016-04-11,0.005081819539829175
2016-04-12,0.0038236324782929074
2016-04-13,-0.0037726744077156583
2016-04-14,0.0025816307060682756
2016-04-15,-0.0011757712530277107
2016-04-18,-0.009612282664274002
2016-04-19,-0.000355039937354806
2016-04-20,-5.247568893726424e-05
2016-04-21,-0.01902033664857742
2016-04-22,-0.0047094650732121355
2016-04-25,-0.0013248911798858826
2016-04-26,-0.0024801418288242782
2016-04-27,-0.0025637735564528106
2016-04-28,-0.0026634167275237743
2016-04-29,0.020601987322657046
2016-05-02,-0.007344495188752946
2016-05-03,-0.014678620336635547
2016-05-04,0.0005171669954257869
2016-05-05,-0.01161309655500571
2016-05-06,0.01940438428162858
2016-05-09,-0.01759246863270593
2016-05-10,0.007017532858847931
2016-05-11,0.021868654343324995
2016-05-12,-0.0014104590900733817
2016-05-13,-0.008135454589194726
2016-05-16,0.001789219090443468
2016-05-17,0.0007080591344510233
2016-05-18,-0.001311845896465454
2016-05-19,0.008012307248537676
2016-05-20,0.00032469133624602874
2016-05-23,0.004877863423556555
2016-05-24,-0.006440507419320992
2016-05-25,0.0058921156603323095
2016-05-26,-0.0005425389947045893
2016-05-27,-0.0031975169288651914
2016-05-31,0.0011627787921831185
2016-06-01,-0.010040529732837852
2016-06-02,-0.0019845940064246864
2016-06-03,-0.00013381770385607967
2016-06-06,-0.002191566596939192
2016-06-07,-0.004130855532625698
2016-06-08,-0.003494336404214255
2016-06-09,-0.00035941429092553937
2016-06-10,-0.006007395931235415
2016-06-13,0.002754855161479939
2016-06-14,2.9855382810853103e-05
2016-06-15,0.0034053303433216188
2016-06-16,0.0010400520480549921
2016-06-17,-0.00331686465937872
2016-06-20,0.003135065434129575
2016-06-21,0.0022304849984158366
2016-06-22,-0.004149078125263219
2016-06-23,0.006661667077669739
2016-06-24,-0.001238037216632266
2016-06-27,0.000343564222979786
2016-06-28,0.008197697997376182
2016-06-29,-0.0027645411643121938
2016-06-30,0.0005347716322093536
2016-07-01,-0.003004888093450173
2016-07-05,-0.005760443751385399
2016-07-06,0.0023145767904677104
2016-07-07,0.0020000529656144517
2016-07-08,0.001649159296920184
2016-07-11,-0.0006508718680324916
2016-07-12,0.0026364669980274403
2016-07-13,0.001218695899626278
2016-07-14,-0.003979405394516514
2016-07-15,-0.0012473823195772022
2016-07-18,0.0016153021121939797
2016-07-19,-0.005792022053913289
2016-07-20,0.00031158955118774185
2016-07-21,-0.00491006514667393
2016-07-22,-0.0017419572799297965
2016-07-25,0.0038408798834432033
2016-07-26,0.0016941499836111407
2016-07-27,0.0043188600667340964
2016-07-28,-0.0022430760228235105
2016-07-29,0.0034765613992291896
2016-08-01,0.006296061187250957
2016-08-02,-0.002749489812400032
2016-08-03,-0.008072721921324817
2016-08-04,0.007941203838498074
2016-08-05,0.0042390648913157815
2016-08-08,-0.0017623215467729206
2016-08-09,0.0005042543675629409
2016-08-10,-0.0015302089006572787
2016-08-11,-0.0043499635246298605
2016-08-12,0.0015061575391786995
2016-08-15,-0.0017542727063855497
2016-08-16,-0.00023371461868723409
2016-08-17,0.002077743813844811
2016-08-18,-0.001791060246512186
2016-08-19,-0.001031073950222906
2016-08-22,-0.004017936915511433
2016-08-23,0.0006918575962946815
2016-08-24,0.0001951647364983279
2016-08-25,0.0076804144055753025
2016-08-26,0.003512000892709982
2016-08-29,0.0003979356672656946
2016-08-30,-0.0020165556300321933
2016-08-31,0.004690522292526671
2016-09-01,0.004742389595469875
2016-09-02,-0.0008867766835747404
2016-09-06,0.002625461002520146
2016-09-07,-0.003054462544909171
2016-09-08,-0.010732666441783516
2016-09-09,-0.0006892868956953199
2016-09-12,0.0017636308376638224
2016-09-13,0.011050831244837767
2016-09-14,0.011781254765868636
2016-09-15,0.0060299246678495256
2016-09-16,0.0016858431911013828
2016-09-19,-0.0035365087632153545
2016-09-20,0.0011791308427070136
2016-09-21,-0.009308153770179692
2016-09-22,0.0003150551702359392
2016-09-23,-0.0006548728484954739
2016-09-26,0.00015558051188199854
2016-09-27,0.005501044657924341
2016-09-28,-0.004460927854376824
2016-09-29,-0.00031263598128548334
2016-09-30,0.0054417992847299234
2016-10-03,0.0016348710574493142
2016-10-04,0.005235550755933296
2016-10-05,0.0036854198085368136
2016-10-06,0.0016474849226531755
2016-10-07,0.002798761171458578
2016-10-10,-0.00017507784028145677
2016-10-11,0.0030968040172475097
2016-10-12,0.001898197424295701
2016-10-13,-0.004937344791088761
2016-10-14,0.005452122328389243
2016-10-17,0.000302982057720668
2016-10-18,0.017464215262278166
2016-10-19,-0.00019211303847991207
2016-10-20,-0.0026506839974249348
2016-10-21,0.008719635525635866
2016-10-24,0.006607275497183758
2016-10-25,0.0038226939333516094
2016-10-26,-0.009641339533203439
2016-10-27,-0.00431769185851447
2016-10-28,-0.0020422981387126604
2016-10-31,0.0005684864655166903
2016-11-01,-0.0025947736295083416
2016-11-02,-0.0019390828000263336
2016-11-03,0.005905589005185821
2016-11-04,-0.00828260649212492
2016-11-07,0.0015991227901151696
2016-11-08,0.0031807264970912788
2016-11-09,-0.020490756781210966
2016-11-10,-0.019716245318724197
2016-11-11,0.010434205081345
2016-11-14,-0.004453222371619062
2016-11-15,0.0010122475091622557
2016-11-16,0.0034188329462305545
2016-11-17,0.0031507237845115324
2016-11-18,0.004949364593837886
2016-11-21,0.006807544199090549
2016-11-22,0.002854685536821771
2016-11-23,-7.961183673268492e-05
2016-11-25,0.0023360086675724835
2016-11-28,-0.006380026813765598
2016-11-29,-0.0018687967591780872
2016-11-30,0.008480048491953603
2016-12-01,0.0070787086524778005
2016-12-02,-0.0006903957164750777
2016-12-05,0.004105636481249983
2016-12-06,0.008591419549158107
2016-12-07,0.006979805449706145
2016-12-08,0.0039664935656149565
2016-12-09,-0.0001978990041498639
2016-12-12,-0.006960694195857477
2016-12-13,-0.0037284999017659524
2016-12-14,0.0053307239900653855
2016-12-15,0.008064909375598832
2016-12-16,-0.012298917369875276
2016-12-19,0.0021439550930912503
2016-12-20,0.008333455671171601
2016-12-21,0.0005168433463936957
2016-12-22,-0.0001342720092343167
2016-12-23,-0.002500899296054443
2016-12-27,0.0024512354189182195
2016-12-28,-0.0027274649863143373
2016-12-29,-0.007556931604502553
2016-12-30,-0.00046559685813070775
2017-01-03,0.003472329633702494
2017-01-04,0.004584538721593127
2017-01-05,-0.013433176362919687
2017-01-06,0.007666390760939538
2017-01-09,0.02625349122210556
2017-01-10,-0.0038550405368124627
2017-01-11,-0.006863230131254422
2017-01-12,-0.008487963779899755
2017-01-13,0.0018591210833538558
2017-01-17,-0.016802389381155212
2017-01-18,0.01215511632992217
2017-01-19,0.019994554460085263
2017-01-20,-0.009486509107713403
2017-01-23,0.0129175873670064
2017-01-24,0.012542117515093052
2017-01-25,-0.0002780582551148744
2017-01-26,0.009857214134932917
2017-01-27,0.013038762731153425
2017-01-30,-0.005295459086969922
2017-01-31,-0.005715173001602496
2017-02-01,0.030988415100748137
2017-02-02,0.006833602285919974
2017-02-03,-0.011875509356671957
2017-02-06,0.01699118262378488
2017-02-07,0.011669565866226883
2017-02-08,-0.004806599252864086
2017-02-09,-0.01688583674372155
2017-02-10,-0.017013559162300584
2017-02-13,-0.028170934348072156
2017-02-14,-0.0007255692114102331
2017-02-15,-0.00238101186010648
2017-02-16,-0.004352515838633546
2017-02-17,0.00017517459835054522
2017-02-21,0.018165732131647225
2017-02-22,0.0027714335393024658
2017-02-23,-0.054982738493565136
2017-02-24,0.0023111446603281158
2017-02-27,0.014780020566464666
2017-02-28,-0.012313478948190971
2017-03-01,-0.0010315388991484222
2017-03-02,-0.01715030725666799
2017-03-03,-0.0029391208683039287
2017-03-06,-0.002206440869322364
2017-03-07,0.010313903753738444
2017-03-08,0.0021747381405606463
2017-03-09,-0.0010310131367619751
2017-03-10,0.002567666768480096
2017-03-13,0.015576650165604725
2017-03-14,0.0042173913738355094
2017-03-15,-0.003592715511554008
2017-03-16,0.010617281768209644
2017-03-17,0.011822800458948825
2017-03-20,0.021145129322251155
2017-03-21,-0.016120053154683053
2017-03-22,0.012089491121119537
2017-03-23,-0.004193681294742219
2017-03-24,0.0030627773375951016
2017-03-27,0.003999653262170087
2017-03-28,-0.004900599227161323
2017-03-29,-0.006401304960284786
2017-03-30,0.012684495932214454
2017-03-31,-0.0010317224657338097
2017-04-03,-0.0003101145118347059
2017-04-04,-0.04068501802639176
2017-04-05,-0.0035423267571856936
2017-04-06,-0.0003116743074837346
2017-04-07,-0.004135838509599121
2017-04-10,-0.01660460045514058
2017-04-11,0.0010164799456029979
2017-04-12,-0.0025472271145546574
2017-04-13,-0.006420743441471495
2017-04-17,0.02309486666547219
2017-04-18,0.0035733171354341963
2017-04-19,0.003064528798573258
2017-04-20,0.005998678191114467
2017-04-21,0.004321657049153047
2017-04-24,0.0017067180041978778
2017-04-25,0.009121306660642852
2017-04-26,-0.005916949126038661
2017-04-27,0.00840224659066398
2017-04-28,-0.006070890022508531
2017-05-01,0.017720236016364927
2017-05-02,-0.01881305338759647
2017-05-03,0.00505068097072992
2017-05-04,-0.0028727895246354026
2017-05-05,-0.0035606331254672417
2017-05-08,0.0002434916388779026
2017-05-09,0.0009332275414132825
2017-05-10,0.08850407607098952
2017-05-11,0.023923510113260587
2017-05-12,0.01068533502569801
2017-05-15,0.02351280694242925
2017-05-16,0.01239474946222348
2017-05-17,-0.03489703739505715
2017-05-18,0.02577556074658949
2017-05-19,0.00745283741036276
2017-05-22,0.010804549450939395
2017-05-23,-0.006328799834671267
2017-05-24,0.005117005854443443
2017-05-25,-0.0007646018672348789
2017-05-26,0.01428166482547791
2017-05-30,0.01725440083278449
2017-05-31,-0.005430260163298327
2017-06-01,-0.009916955117271902
2017-06-02,-0.0039396958367363755
2017-06-05,0.019261977682208657
2017-06-06,-0.0010973813108217665
2017-06-07,0.010212094937579717
2017-06-08,0.045366130605265134
2017-06-09,-0.05046671211040259
2017-06-12,-0.001922557809373177
2017-06-13,0.0032096483900039244
2017-06-14,0.001289744761275461
2017-06-15,0.005450479875202274
2017-06-16,-0.0030432498793208206
2017-06-19,0.021568001320226057
2017-06-20,0.0010838756433060419
2017-06-21,0.010638665571927833
2017-06-22,-0.006430494870784973
2017-06-23,-0.019430686360635437
2017-06-26,-0.008581060448662279
2017-06-27,-0.02201704573516845
2017-06-28,0.01947146561665743
2017-06-29,-0.01824023252406639
2017-06-30,-0.014456516718303628
2017-07-03,-0.03025626626882776
2017-07-05,0.021455537622309867
2017-07-06,0.009293868349797852
2017-07-07,0.013538674346430099
2017-07-10,0.03332754244294166
2017-07-11,0.008907153578859604
2017-07-12,0.024893653176907546
2017-07-13,-0.0086695112518702
2017-07-14,0.014831552457546438
2017-07-17,-0.0020084787242845383
2017-07-18,0.01414341860421011
2017-07-19,-0.010914479566733859
2017-07-20,0.008854778713459419
2017-07-21,0.0019145976650308723
2017-07-24,-0.0055555795026494435
2017-07-25,-0.005752702915590829
2017-07-26,0.006639493864012905
2017-07-27,-0.022141037539608697
2017-07-28,0.008325414611069514
2017-07-31,-0.012089337126758847
2017-08-01,0.011087740995665223
2017-08-02,0.0035725787114467607
2017-08-03,0.008449675599538646
2017-08-04,0.003641514651340446
2017-08-07,0.02061058965611457
2017-08-08,-0.0069357363644045955
2017-08-09,0.006009862166552251
2017-08-10,-0.021613001823441218
2017-08-11,-0.031820316290653565
2017-08-14,0.04681932400067434
2017-08-15,-0.0035781321551317945
2017-08-16,-0.009372893187137106
2017-08-17,-0.005382354508571067
2017-08-18,0.0013157071075541123
2017-08-21,-0.01148686820263757
2017-08-22,0.008056074043838608
2017-08-23,0.014926347835294809
2017-08-24,-0.0010353920184863678
2017-08-25,-0.008164025297520658
2017-08-28,0.005462481701795642
2017-08-29,0.0005774633819558498
2017-08-30,0.0027477149096617093
2017-08-31,0.008076857366447816
2017-09-01,0.000618736384721946
2017-09-05,-0.017145003861727702
2017-09-06,-0.00014448927224167994
2017-09-07,-0.0009022037988397618
2017-09-08,-0.01556846502067362
2017-09-11,0.016570229148348693
2017-09-12,0.0016358138255664469
2017-09-13,-0.0001530521852445386
2017-09-14,-0.003941895249099909
2017-09-15,0.03686292371436597
2017-09-18,0.021893159697125818
2017-09-19,0.002482078353332796
2017-09-20,-0.007429704856539208
2017-09-21,-0.01590840169794606
2017-09-22,-0.011002162562318108
2017-09-25,-0.031237069264294367
2017-09-26,0.005218261206385008
2017-09-27,0.013955252684657084
2017-09-28,-0.00036497428339290474
2017-09-29,0.0062260523169553675
2017-10-02,-0.006192622450493702
2017-10-03,0.0007037277200530474
2017-10-04,0.0038272139580065715
2017-10-05,0.0022749393299961625
2017-10-06,0.0050398731249836695
2017-10-09,0.017594952516097828
2017-10-10,0.01085731655281429
2017-10-11,0.006417829694009916
2017-10-12,0.00015651111944010027
2017-10-13,0.014467474735400568
2017-10-16,0.014010250739014768
2017-10-17,-0.0016761718394613188
2017-10-18,-0.004167827957039619
2017-10-19,-0.0030071443873247923
2017-10-20,-0.0068791562563349585
2017-10-23,0.002100759562898326
2017-10-24,0.009817682989887114
2017-10-25,-0.02005161458598
2017-10-26,0.009702012610527335
2017-10-27,0.028007754647602214
2017-10-30,0.00844050184129462
2017-10-31,0.011569739118110853
2017-11-01,-0.002640110024440612
2017-11-02,0.0014768784094801792
2017-11-03,0.004818272068375921
2017-11-06,-0.00214480799477463
2017-11-07,0.0049158691710537526
2017-11-08,-0.00480566453167807
2017-11-09,-0.00815598982633431
2017-11-10,0.027973155524863364
2017-11-13,-0.006511174390911329
2017-11-14,0.007311940877438433
2017-11-15,-0.005414150936345293
2017-11-16,-0.0003865404279743188
2017-11-17,-0.0022185808376559025
2017-11-20,0.007327019830397688
2017-11-21,0.001835850982505281
2017-11-22,-0.001187925739377218
2017-11-24,0.006113987746898581
2017-11-27,-0.005894993114049135
2017-11-28,-0.01311761787128743
2017-11-29,-0.043838561085992586
2017-11-30,0.0021181531577702337
2017-12-01,-0.007422797997923116
2017-12-04,-0.02973175636159137
2017-12-05,0.006350776869473671
2017-12-06,0.006740956861783768
2017-12-07,0.005225974600070459
2017-12-08,-0.00787344000156159
2017-12-11,0.006977289881123677
2017-12-12,-0.010058702620945928
2017-12-13,-0.012479504733907553
2017-12-14,0.0047621367585680375
2017-12-15,0.007960410042867037
2017-12-18,0.017010282866740365
2017-12-19,-0.004971263141569379
2017-12-20,-0.0028388186885672934
2017-12-21,-0.008100012742397807
2017-12-22,-0.0016965909926070295
2017-12-26,-0.0007647288794963922
2017-12-27,-0.0005944926736616302
2017-12-28,0.00015474920868498133
2017-12-29,-0.009528008474706664
2018-01-02,-0.013073639335197913
2018-01-03,-0.0035865851537976476
2018-01-04,0.0018239998385850067
2018-01-05,0.00019741854395617322
2018-01-08,-0.0008870829232492562
2018-01-09,0.00522620496872067
2018-01-10,-0.0013262144254221533
2018-01-11,-4.861385727020265e-05
2018-01-12,0.0069595890131187175
2018-01-16,-0.0010911124316680485
2018-01-17,0.0053722889616333765
2018-01-18,-0.00247731670695478
2018-01-19,0.0028982988443523173
2018-01-22,-0.0007866214548953746
2018-01-23,-0.006218136726995401
2018-01-24,-0.0008187558905648642
2018-01-25,0.0038094371618705024
2018-01-26,-0.005566247175776248
2018-01-29,-0.004664894206297435
2018-01-30,0.0012882078882774008
2018-01-31,0.00072602057919192
2018-02-01,0.0012592630948349568
2018-02-02,-0.00016326375958916457
2018-02-05,-0.0005871128469507654
2018-02-06,0.0005243388371466962
2018-02-07,0.006084886125044723
2018-02-08,-0.0026628026421635998
2018-02-09,0.002949465130166817
2018-02-12,-0.003225872347185074
2018-02-13,0.002469772301408383
2018-02-14,-0.006431498519152702
2018-02-15,-0.001494008955804643
2018-02-16,-0.0011107810694156823
2018-02-20,-0.0017554042547949999
2018-02-21,0.004907745535622336
2018-02-22,-0.0014030612354598234
2018-02-23,-0.002378516652969289
2018-02-26,-0.0006986026144335095
2018-02-27,-0.0002506140551960488
2018-02-28,0.001232109198253129
2018-03-01,-0.005829636351295986
2018-03-02,-0.005547691299825342
2018-03-05,-0.0035153729511336407
2018-03-06,-0.005499095777906144
2018-03-07,0.003060900931973199
2018-03-08,0.0013352663870270735
2018-03-09,0.0022614811061072194
2018-03-12,-0.006029587682572767
2018-03-13,-0.0013467114656952476
2018-03-14,-0.0008665825572733592
2018-03-15,0.00019960919946087014
2018-03-16,-0.0007449956010781114
2018-03-19,0.002343700667384815
2018-03-20,0.007907322547409145
2018-03-21,-0.008815389207041158
2018-03-22,-0.010178596867884875
2018-03-23,0.0013438121332640443
2018-03-26,0.006063011753577069
2018-03-27,-0.012065736595261244
2018-03-28,-0.009143962441481208
2018-03-29,0.00241626792161704
2018-04-02,0.006466969576832764
2018-04-03,-0.005715384769908083
2018-04-04,-0.0004201905344640045
2018-04-05,0.0001487279337764326
2018-04-06,-0.004705448634042693
2018-04-09,0.00477368174801757
2018-04-10,0.00011013374123629581
2018-04-11,-0.00267104728410973
2018-04-12,0.005501225316748476
2018-04-13,-0.004289192308667746
2018-04-16,-0.0005496449814454467
2018-04-17,0.009330022877879917
2018-04-18,0.0032830653954920366
2018-04-19,0.0021167229039183726
2018-04-20,0.00038026892955669335
2018-04-23,-0.0012055028036232123
2018-04-24,-0.01035500484290684
2018-04-25,-0.003473927096617854
2018-04-26,-0.0032540474115619307
2018-04-27,-0.003382680376403826
2018-04-30,0.005918333694888805
2018-05-01,0.00021343022700047587
2018-05-02,0.003377247665595832
2018-05-03,0.006299156723544602
2018-05-04,-0.00599048832301496
2018-05-07,0.003279954425480836
2018-05-08,0.0017499400414100852
2018-05-09,0.0031554034321024274
2018-05-10,-0.004198918420180059
2018-05-11,-0.002368425779283279
2018-05-14,-0.006031983755195087
2018-05-15,-0.000163848272286695
2018-05-16,-0.0034529475941979023
2018-05-17,0.00308726747056631
2018-05-18,0.003960512149630059
2018-05-21,0.0019490821775534843
2018-05-22,-0.0037018611010752106
2018-05-23,-0.0013565782955960828
2018-05-24,-0.002875674399540089
2018-05-25,-0.006142239388004572
2018-05-29,0.00590550059994376
2018-05-30,0.002282296510088906
2018-05-31,0.001144740211692209
2018-06-01,-0.0007144562677455222
2018-06-04,-0.0022884878077874897
2018-06-05,0.000612753172269778
2018-06-06,-0.002772247290329214
2018-06-07,-0.0012394397018471225
2018-06-08,-0.0018345008835279962
2018-06-11,-0.0014763384169526191
2018-06-12,0.002039567056493314
2018-06-13,0.0001199680371900643
2018-06-14,0.0006522224236518011
2018-06-15,-0.006246988220669981
2018-06-18,0.006475538449636116
2018-06-19,-0.0049783512416131485
2018-06-20,0.002783016089947413
2018-06-21,-0.002562298991955525
2018-06-22,-0.0012701819797891493
2018-06-25,-0.002733572140370064
2018-06-26,0.001603101105837024
2018-06-27,0.0035077215832045776
2018-06-28,0.0009998773430259554
2018-06-29,-0.000707609793794468
2018-07-02,-0.0012662306088534383
2018-07-03,0.002150850656643884
2018-07-05,-0.0017836771251150676
2018-07-06,0.003902531559099924
2018-07-09,-0.003530914297018267
2018-07-10,0.0003593421295746617
2018-07-11,0.008313739139888327
2018-07-12,0.0078061494581656635
2018-07-13,0.003865057860344431
2018-07-16,-0.006616131091325212
2018-07-17,-0.0017922005658747983
2018-07-18,-0.003220255542280153
2018-07-19,0.005961714943421273
2018-07-20,0.00030373279343981876
2018-07-23,0.001698136262296319
2018-07-24,0.002237861669272884
2018-07-25,0.009375304823291719
2018-07-26,-0.02266797092194711
2018-07-27,-0.011957449667106016
2018-07-30,-0.015888601517023954
2018-07-31,0.0058949830135731004
2018-08-01,0.010384503049241359
2018-08-02,0.008321478226505943
2018-08-03,-0.003618971289232821
2018-08-06,-0.0023186917768667835
2018-08-07,0.0014777737341268166
2018-08-08,-0.0011978788918983246
2018-08-09,0.004057042018810567
2018-08-10,0.003855623452249245
2018-08-13,0.0027367184580415725
2018-08-14,0.0017598298247484966
2018-08-15,0.003670647527760859
2018-08-16,-0.0011914187084743088
2018-08-17,-0.001483373817869046
2018-08-20,-0.002785511951303614
2018-08-21,-0.005542906043380164
2018-08-22,0.0012492685913150176
2018-08-23,0.0049337872756094504
2018-08-24,-0.0015374712243106472
2018-08-27,-0.005290084660284338
2018-08-28,0.002816319229873611
2018-08-29,0.007242130260354784
2018-08-30,0.004557288252112046
2018-08-31,0.00339966808196952
2018-09-04,0.002771111603069846
2018-09-05,0.0008156585886509756
2018-09-06,0.011278909057861237
2018-09-07,0.0006013326075840864
2018-09-10,-0.004040302445293617
2018-09-11,0.0037409706153342494
2018-09-12,-0.0030396112365285595
2018-09-13,0.003986086658886679
2018-09-14,-0.007328948938872077
2018-09-17,-0.0044012403889926825
2018-09-18,-0.0012083843180735868
2018-09-19,-0.006915577723582104
2018-09-20,0.0006863046985191831
2018-09-21,-0.0013956988744832951
2018-09-24,0.001252091434756971
2018-09-25,0.0020481879164600384
2018-09-26,0.004787822358522627
2018-09-27,0.0038490148381934777
2018-09-28,0.0010782893927366946
2018-10-01,0.002164250239799525
2018-10-02,-0.002638357528064355
2018-10-03,-0.006630415010930101
2018-10-04,-0.0013922590093078287
2018-10-05,0.0010408569106546796
2018-10-08,-0.0009521282638777608
2018-10-09,0.0018381868810557396
2018-10-10,0.0011778762179440578
2018-10-11,-0.0012031160550165082
2018-10-12,0.005344511563381803
2018-10-15,-0.0038138462408774994
2018-10-16,0.00637109565254682
2018-10-17,-0.0036922390120941433
2018-10-18,0.007199303051491535
2018-10-19,0.00021104554670919748
2018-10-22,0.005349519983202916
2018-10-23,0.0005965302735477147
2018-10-24,0.011926029012371183
2018-10-25,-0.005458722988490023
2018-10-26,0.001994742851060408
2018-10-29,0.00768944388851781
2018-10-30,-0.011910937774209774
2018-10-31,-0.004830871879078115
2018-11-01,-0.01608886824097366
2018-11-02,0.0029411050407435893
2018-11-05,0.005491926188165501
2018-11-06,-0.0018699592324369838
2018-11-07,0.007301558238428112
2018-11-08,0.010722924060335794
2018-11-09,0.007560293254903518
2018-11-12,0.010124436027417477
2018-11-13,-0.003465592697035367
2018-11-14,-0.003751107471633108
2018-11-15,-0.011106922899326185
2018-11-16,0.01018302671298252
2018-11-19,0.0028182984770900436
2018-11-20,-0.0034878456440604402
2018-11-21,-0.00786634363908767
2018-11-23,0.01045626578530306
2018-11-26,-0.00701652569271372
2018-11-27,0.006009853308115729
2018-11-28,-5.466975861755448e-05
2018-11-29,0.006007047415321096
2018-11-30,0.0001090214733552369
2018-12-03,-0.009102971436318497
2018-12-04,0.017852016836580553
2018-12-06,0.0031187103977992625
2018-12-07,-0.0024234648649337255
2018-12-10,0.004847096906750289
2018-12-11,0.0029399809417009065
2018-12-12,-0.003170161026882564
2018-12-13,0.00489406474194909
2018-12-14,-0.007975260544636991
2018-12-17,-0.006299778033020414
2018-12-18,-0.006619998574645577
2018-12-19,0.009586222906772093
2018-12-20,-0.0029367314369457297
2018-12-21,0.006282508189521006
2018-12-24,0.005812904850995102
2018-12-26,-0.007523576409944004
2018-12-27,0.0025321730423997595
2018-12-28,-0.0014236099977990484
2018-12-31,0.003341230483083414
2019-01-02,-0.019913728015748436
2019-01-03,0.0035434197735661555
2019-01-04,-0.0115572571622569
2019-01-07,-0.005848532046058202
2019-01-08,-0.0036989123143761483
2019-01-09,-0.0002256623575044713
2019-01-10,0.0015290134045181487
2019-01-11,-0.000686916664989704
2019-01-14,0.0023530840012516126
2019-01-15,0.005643674320357518
2019-01-16,-0.0016907464957494223
2019-01-17,0.0030964794366055387
2019-01-18,-0.011502636781957802
2019-01-22,0.005034915581556091
2019-01-23,-0.0009215896679445379
2019-01-24,-0.013399371666918588
2019-01-25,-0.008589798747468904
2019-01-28,0.0014501041389681705
2019-01-29,0.008351144712593675
2019-01-30,-0.005026760078532605
2019-01-31,-0.0017043022082193426
2019-02-01,-0.0020337913654983227
2019-02-04,-0.00024204305948259848
2019-02-05,-0.0005184966691428447
2019-02-06,0.0005524765409322464
2019-02-07,0.005729038479951984
2019-02-08,0.0017092748686763268
2019-02-11,0.0022830447005231735
2019-02-12,0.0010475036306285663
2019-02-13,-0.01046146985410972
2019-02-14,0.004554810888654061
2019-02-15,0.0024376650044567925
2019-02-19,-0.006524536365363726
2019-02-20,0.005853999637301739
2019-02-21,0.0010881934434901993
2019-02-22,0.003395290157127387
2019-02-25,-0.00721459971269613
2019-02-26,0.010126728321059696
2019-02-27,0.0010350186970950626
2019-02-28,0.0073052426210872224
2019-03-01,-0.002944632952289811
2019-03-04,-0.0036987119121729135
2019-03-05,-0.0003306266070451384
2019-03-06,0.001800925967561256
2019-03-07,0.0029699406795184718
2019-03-08,0.0017068742721926744
2019-03-11,-0.009873689858112274
2019-03-12,-0.007204502649197452
2019-03-13,-0.005003396747636748
2019-03-14,0.001865691332552319
2019-03-15,0.0032354857614445265
2019-03-18,-0.003970384182334062
2019-03-19,-0.006818395185992581
2019-03-20,0.0011381141578097234
2019-03-21,-0.0032322694050737517
2019-03-22,0.0012588165938411775
2019-03-25,0.008520381805156508
2019-03-26,-0.0035317688740892144
2019-03-27,0.0024710070799983047
2019-03-28,-0.00018747708693700986
2019-03-29,0.0026445393932979433
2019-04-01,-0.00490623228014176
2019-04-02,0.004734989536793748
2019-04-03,-0.004520480168397902
2019-04-04,-0.006352555787244617
2019-04-05,-0.0012100001967317946
2019-04-08,-0.0015195358780032949
2019-04-09,0.0011047855329519355
2019-04-10,0.0009377823529619388
2019-04-11,0.0030457820860634137
2019-04-12,-0.008241560555142401
2019-04-15,0.002796101810650973
2019-04-16,-0.005351600914125934
2019-04-17,-0.002260284935221614
2019-04-18,-0.0009878020251354639
2019-04-22,-0.0019063354005890644
2019-04-23,0.0021476611890609847
2019-04-24,0.0007898498588079438
2019-04-25,0.0023893640439757403
2019-04-26,-0.003826161234017541
2019-04-29,-0.007370016974110897
2019-04-30,0.005794257649891561
2019-05-01,-0.003403164397588964
2019-05-02,0.0039057836558546097
2019-05-03,0.00021782687901448838
2019-05-06,-0.0007335911642957361
2019-05-07,0.00044612321704986315
2019-05-08,-0.0005136482974829143
2019-05-09,0.00427483903213354
2019-05-10,-0.0002541106519349372
2019-05-13,0.002905278211336991
2019-05-14,-0.001918750269638796
2019-05-15,-0.0012137956960709398
2019-05-16,0.006252406581685829
2019-05-17,0.00380126128542439
2019-05-20,0.0025993849383566126
2019-05-21,0.0037664536096775813
2019-05-22,0.008260986965269794
2019-05-23,0.003045108556839402
2019-05-24,0.003694560099524588
2019-05-28,0.005359396654165244
2019-05-29,-0.009025103598711615
2019-05-30,0.00974650369976014
2019-05-31,0.005807092637560659
2019-06-03,-0.006470456069366208
2019-06-04,-0.012792662016917653
2019-06-05,0.01653241931361915
2019-06-06,0.0012519492423231572
2019-06-07,0.003764386720327097
2019-06-10,-0.004328768770399786
2019-06-11,-0.012439574280080318
2019-06-12,0.01065791671511792
2019-06-13,-0.004527862673269068
2019-06-14,0.009302522615822765
2019-06-17,-0.0035037774454801914
2019-06-18,-0.011942403850096883
2019-06-19,0.004549747071548987
2019-06-20,-0.0005300423457058335
2019-06-21,-0.0052395338555352305
2019-06-24,0.0001492106343736938
2019-06-25,-0.002470351609530141
2019-06-26,-0.01445688089934669
2019-06-27,-0.004184238372392215
2019-06-28,0.0011826472312540094
2019-07-01,-0.006692628642326867
2019-07-02,0.008767639790704714
2019-07-03,0.005164265184585926
2019-07-05,-0.0004641826174803388
2019-07-08,0.0034639088305958646
2019-07-09,-0.0004163436702091151
2019-07-10,-0.0012486293781884758
2019-07-11,0.0024850174521605945
2019-07-12,-0.006030907309946912
2019-07-15,-0.0010029244971318787
2019-07-16,-0.0005734652119993292
2019-07-17,0.0041492978956563795
2019-07-18,-0.003253832667078756
2019-07-19,-0.0020734411605345
2019-07-22,-0.004047188873972226
2019-07-23,-0.006882048161848566
2019-07-24,-0.008855164647604823
2019-07-25,0.005491105135439397
2019-07-26,-0.005816296227230834
2019-07-29,0.0017711770039805204
2019-07-30,-0.003676316828970675
2019-07-31,-0.0029468589231546726
2019-08-01,0.010342485020582869
2019-08-02,0.001773943276172112
2019-08-05,0.005807560601501522
2019-08-06,0.010987219072407902
2019-08-07,0.001125561506278152
2019-08-08,-0.004610004472865072
2019-08-09,0.007510179635442014
2019-08-12,0.0016493987815890912
2019-08-13,-0.003979352330305981
2019-08-14,0.00622584478013807
2019-08-15,0.013041092108460552
2019-08-16,-0.009340367373661273
2019-08-19,-0.009021060638166779
2019-08-20,0.0050200202155381915
2019-08-21,-0.0019515274254574366
2019-08-22,-0.004777331781009165
2019-08-23,0.009402262977005513
2019-08-26,0.001769020893133162
2019-08-27,0.005298896369416703
2019-08-28,-0.004926680248060651
2019-08-29,-0.0022712954825626235
2019-08-30,-0.01005092242710444
2019-09-03,0.0011114194415448903
2019-09-04,-0.005346163657253658
2019-09-05,-0.010508076413917268
2019-09-06,0.002481337860458263
2019-09-09,-0.027523605315718958
2019-09-10,-0.010605778509474119
2019-09-11,-0.004752933920800883
2019-09-12,-0.0009496560725135467
2019-09-13,-0.001005541738884452
2019-09-16,-0.004921769359454737
2019-09-17,0.005476709325465537
2019-09-18,0.00516945112117465
2019-09-19,-0.002753530808968441
2019-09-20,-0.004115380973874083
2019-09-23,-0.003073949859880436
2019-09-24,-0.00029753851078541426
2019-09-25,-0.0048338929803074015
2019-09-26,0.005601456402527798
2019-09-27,-0.0049403513945457285
2019-09-30,-0.0011455550396557088
2019-10-01,0.002604474161967538
2019-10-02,0.0051659457306677085
2019-10-03,-0.0022706467830840293
2019-10-04,0.0022313869848616294
2019-10-07,0.0013233274984829188
2019-10-08,0.0055258507370189195
2019-10-09,-0.001745686445997135
2019-10-10,-0.005207559353033067
2019-10-11,-0.015395896042537821
2019-10-14,0.0024795218095666153
2019-10-15,-0.009120769245102243
2019-10-16,0.005243656482803173
2019-10-17,-0.0025285096828734756
2019-10-18,-0.00048395063124741515
2019-10-21,-0.015341699610089706
2019-10-22,-0.001272198071573393
2019-10-23,-0.0033528499023300507
2019-10-24,0.007552045624813792
2019-10-25,-0.009730654875412264
2019-10-28,0.005427740838888487
2019-10-29,0.0006245572063319685
2019-10-30,0.003643642250853063
2019-10-31,0.0011992662964471499
2019-11-01,-0.002038711753380426
2019-11-04,-0.01434046368482295
2019-11-05,-0.00264271152307017
2019-11-06,0.001884955895113849
2019-11-07,-0.0022876578186468936
2019-11-08,-0.0012770393164195965
2019-11-11,0.004066128441370559
2019-11-12,-0.0002538965291346379
2019-11-13,0.005040754633002843
2019-11-14,-0.0006303067174160833
2019-11-15,0.00026231611156051523
2019-11-18,0.0023077415665270153
2019-11-19,0.0021686890345746267
2019-11-20,-0.0034719346993770054
2019-11-21,-0.00022088641476778929
2019-11-22,2.867896892412862e-06
2019-11-25,-0.0008190642938427225
2019-11-26,-0.0023011505486083407
2019-11-27,-0.0009292853340395739
2019-11-29,0.0016913976076839824
2019-12-02,-0.0010818567565479542
2019-12-03,0.0054761062674803344
2019-12-04,-0.007962338754285737
2019-12-05,0.003255426278524167
2019-12-06,-0.005766904777192428
2019-12-09,-0.004586508115683516
2019-12-10,0.0059787589375188644
2019-12-11,-0.005608233917399303
2019-12-12,-0.012217107484806627
2019-12-13,0.004403741703410024
2019-12-16,-0.0014017536904055237
2019-12-17,-0.004935733188958914
2019-12-18,0.0011360627466880176
2019-12-19,-0.0033146053130287505
2019-12-20,-0.0009648099468626498
2019-12-23,-0.0012936303061396545
2019-12-24,0.00044129928621902085
2019-12-26,-0.000874501383803163
2019-12-27,0.0003342965919370806
2019-12-30,-0.001400044394885184
2019-12-31,-0.0009602721186547992
2020-01-02,0.005809875144538582
2020-01-03,-0.008411160605990776
2020-01-06,-0.0005352429207977023
2020-01-07,0.0032184729572392063
2020-01-08,-0.007417500974135473
2020-01-09,-0.0033131017231593286
2020-01-10,-0.0023166632995119713
2020-01-13,0.0044288653426399335
2020-01-14,-0.0027320829620143374
2020-01-15,-0.004806924903972859
2020-01-16,0.002758950424984566
2020-01-17,0.0007555789386780818
2020-01-21,0.00033465900852741533
2020-01-22,0.0010979167296496254
2020-01-23,-0.0010935327344690207
2020-01-24,0.00012537574801637567
2020-01-27,-0.004356646990567876
2020-01-28,0.004628135288845486
2020-01-29,0.0008176674373737034
2020-01-30,0.009120689977064968
2020-01-31,-0.002612194683188125
2020-02-03,0.005325419410785498
2020-02-04,0.0006211202349104723
2020-02-05,-0.019800730720142833
2020-02-06,0.00232635145676949
2020-02-07,0.001883126070148137
2020-02-10,0.004548165285763294
2020-02-11,-0.004267340076972096
2020-02-12,-0.00033250916214553765
2020-02-13,-0.0007910994832379067
2020-02-14,-0.0006001346451473511
2020-02-18,-0.0016536596746057808
2020-02-19,0.0017242015072211699
2020-02-20,-0.0025253031181882496
2020-02-21,-0.010893796430060897
2020-02-24,-0.0050194274931176005
2020-02-25,0.0036676431756355603
2020-02-26,0.005382225419739425
2020-02-27,-0.009162549256574467
2020-02-28,0.009569370470529451
2020-03-02,-0.0014613407429681536
2020-03-03,-0.0040304060090781265
2020-03-04,-0.005643648440616033
2020-03-05,0.0014125336578296615
2020-03-06,-0.009533211825994113
2020-03-09,-0.007383900128035322
2020-03-10,0.0019850453207920656
2020-03-11,0.007650386769371022
2020-03-12,-0.0038855419749713738
2020-03-13,0.012832464215151825
2020-03-16,0.008872984550170495
2020-03-17,0.009700549125727072
2020-03-18,0.017371993054549333
2020-03-19,-0.02247641300003238
2020-03-20,-0.008263833376918574
2020-03-23,0.02870956053347541
2020-03-24,-0.015849113495238203
2020-03-25,-0.03728017785218887
2020-03-26,-0.010599552228205847
2020-03-27,-8.045593960010985e-05
2020-03-30,-9.603151405958028e-05
2020-03-31,0.005073050470156125
2020-04-01,0.0023249522187260793
2020-04-02,0.008014612693683214
2020-04-03,0.002203526046662144
2020-04-06,-0.01882502397900349
2020-04-07,-0.00020293797402859583
2020-04-08,-0.009866029504941103
2020-04-09,-0.007697363353616658
2020-04-13,0.01069082741958198
2020-04-14,0.007696545979844481
2020-04-15,0.0028504091195939475
2020-04-16,-0.00646125915295536
2020-04-17,-0.013654457448667503
2020-04-20,0.0013295988479687416
2020-04-21,-0.0055266259928367836
2020-04-22,0.007445582928650683
2020-04-23,0.00018134151511206792
2020-04-24,-8.691066045995007e-05
2020-04-27,-0.007700432159296001
2020-04-28,-0.006216768207986383
2020-04-29,0.0015127391077101042
2020-04-30,-0.002460780370099122
2020-05-01,-0.008077872428357936
2020-05-04,0.003505074498477005
2020-05-05,-0.004703855514739048
2020-05-06,-0.0003688979126729787
2020-05-07,-3.910551515880873e-05
2020-05-08,0.00977988793849181
2020-05-11,0.0065961594184222976
2020-05-12,0.0015815518789126643
2020-05-13,-0.0031912326002450486
2020-05-14,0.006245058571289677
2020-05-15,-0.003926163359729158
2020-05-18,-0.010448849683163485
2020-05-19,0.0027171833956917903
2020-05-20,0.005839420883606314
2020-05-21,-0.006473173538237737
2020-05-22,-0.0012703769313855743
2020-05-26,-0.00803201382154298
2020-05-27,-0.01397209870852909
2020-05-28,-0.01494411951978419
2020-05-29,0.006994731763616147
2020-06-01,0.0007558643025517957
2020-06-02,0.0011544381256747074
2020-06-03,-0.0008477174004854255
2020-06-04,0.01686060455739734
2020-06-05,0.0176991009504706
2020-06-08,0.013655330001661383
2020-06-09,-0.003240272039160335
2020-06-10,-0.01774993031311136
2020-06-11,-0.017930461857662092
2020-06-12,0.0147958771052903
2020-06-15,0.004139722369205484
2020-06-16,-0.0024738428842413025
2020-06-17,-0.006758615016625924
2020-06-18,0.002840413015087641
2020-06-19,-0.009130163386071487
2020-06-22,0.007740682804641318
2020-06-23,-0.0040623329398926655
2020-06-24,-0.0031507988259038408
2020-06-25,0.006180091669976399
2020-06-26,-0.014833362762469741
2020-06-29,0.0003870945326277823
2020-06-30,0.0003657815364714918
2020-07-01,-0.007725778438863464
2020-07-02,-0.0027918794192951387
2020-07-06,0.013472899919375624
2020-07-07,-0.005825380753033615
2020-07-08,0.007594041930946393
2020-07-09,0.004841641390968252
2020-07-10,0.01091270014619881
2020-07-13,-0.014735700965282672
2020-07-14,-0.003687450339812528
2020-07-15,0.005943163338011638
2020-07-16,-0.003902495683472554
2020-07-17,-0.013426652069342711
2020-07-20,0.0038763704132281827
2020-07-21,0.001506442196638556
2020-07-22,-0.0054016826333194
2020-07-23,-0.00035689327967348646
2020-07-24,-0.0016326279816684303
2020-07-27,0.0039837506263005
2020-07-28,-0.003972506949436027
2020-07-29,-3.3657770482955194e-05
2020-07-30,0.003075451254546347
2020-07-31,0.003536688007771256
2020-08-03,0.0031584365949971103
2020-08-04,0.006655224873469142
2020-08-05,-0.00041539866899949446
2020-08-06,0.002540215446813263
2020-08-07,-0.009442517829475605
2020-08-10,0.009357307216175309
2020-08-11,-0.0006901562965842664
2020-08-12,-0.003931244713390026
2020-08-13,-0.00749573893552739
2020-08-14,0.0007974326992010099
2020-08-17,-0.0036090024570760593
2020-08-18,6.075086238927657e-05
2020-08-19,0.0032872328131494555
2020-08-20,0.0021577860933201273
2020-08-21,-0.00505033606878459
2020-08-24,0.014185604832423189
2020-08-25,-0.005061736426738767
2020-08-26,0.0034022636103937364
2020-08-27,-0.004108387457691271
2020-08-28,0.005850621562033849
2020-08-31,-0.002486816483780046
2020-09-01,0.011840520062440687
2020-09-02,-0.00543536761788514
2020-09-03,-0.008124900166622949
2020-09-04,0.0012192525918729431
2020-09-08,-0.0023213818769041807
2020-09-09,-0.0038703420485670637
2020-09-10,0.00099495947062877
2020-09-11,-0.0012640901007738342
2020-09-14,-0.0054506751898677
2020-09-15,0.0030510473771066587
2020-09-16,0.0025551351018593942
2020-09-17,0.0017138879289273024
2020-09-18,-0.005004479903135101
2020-09-21,-0.007599952572299176
2020-09-22,0.002418393021375115
2020-09-23,-0.0029752814677199654
2020-09-24,0.00029474253860742013
2020-09-25,-0.007459026211989466
2020-09-28,0.004141551841229359
2020-09-29,-0.006902304471565285
2020-09-30,-0.004166080303787884
2020-10-01,0.005139539353890444
2020-10-02,0.003363120437743304
2020-10-05,-0.002664428610845419
2020-10-06,-0.0002617355249285809
2020-10-07,0.004608454188351781
2020-10-08,0.0019994289245307178
2020-10-09,-0.004228169519434906
2020-10-12,-0.0004261431053685218
2020-10-13,-0.0053302620144867995
2020-10-14,-0.0016964360955499737
2020-10-15,0.00989024180671438
2020-10-16,-0.007334286497633427
2020-10-19,0.006849252663020063
2020-10-20,0.009614281064376676
2020-10-21,-0.0002555515413859219
2020-10-22,0.005174316682805673
2020-10-23,-0.006535021189383579
2020-10-26,-0.009718885157001499
2020-10-27,-0.0062871462128584596
2020-10-28,-0.004084865562056259
2020-10-29,0.01898646114942241
2020-10-30,-0.0038761704374000038
2020-11-02,-0.005438321077790878
2020-11-03,0.0015046590699277676
2020-11-04,-0.04029521495860337
2020-11-05,0.01419331825470818
2020-11-06,0.001880796846474945
2020-11-09,0.024871632590584065
2020-11-10,-0.006120974567630687
2020-11-11,-0.0102695710908174
2020-11-12,-0.007712638631906082
2020-11-13,0.007756833081479341
2020-11-16,0.024605988958627364
2020-11-17,0.0025537435365831085
2020-11-18,0.004436736650769532
2020-11-19,0.004090633211464448
2020-11-20,-0.0032031638979476773
2020-11-23,0.02200804476345345
2020-11-24,0.024581232160058402
2020-11-25,-0.006973406033131867
2020-11-27,-0.00840751357154349
2020-11-30,-0.021271649446174996
2020-12-01,0.004386845486342146
2020-12-02,0.015172189990830065
2020-12-03,0.009606690133531316
2020-12-04,0.011625854430983988
2020-12-07,0.00019523476156276833
2020-12-08,0.0046959439750854735
2020-12-09,-0.0012171779462322237
2020-12-10,0.009975518180920073
2020-12-11,-0.009279731406219259
2020-12-14,-0.014753775087226004
2020-12-15,0.006809616147422305
2020-12-16,-0.004539212154503628
2020-12-17,-0.011730152248738974
2020-12-18,-0.00861702415611856
2020-12-21,0.0028392407787447456
2020-12-22,-0.009015435122322883
2020-12-23,0.009991510939289794
2020-12-24,-0.007774042446579129
2020-12-28,-0.0005730251515193804
2020-12-29,-0.004702974874204039
2020-12-30,0.009493221491933688
2020-12-31,-0.008630362754418891
2021-01-04,0.0032307752092138905
2021-01-05,0.010979680649247472
2021-01-06,0.006293100868956738
2021-01-07,0.002060599155070137
2021-01-08,-0.006140525391893632
2021-01-11,0.0012196353250055003
2021-01-12,0.013264142577890015
2021-01-13,2.3165882940027636e-05
2021-01-14,0.019887193131825784
2021-01-15,-0.019655800042269876
2021-01-19,0.008778634879248933
2021-01-20,0.0013647475337637096
2021-01-21,-0.001775810720540365
2021-01-22,-0.0011623408265528361
2021-01-25,-0.008872729689404352
2021-01-26,-0.0008507014646066916
2021-01-27,0.006988014252600797
2021-01-28,0.0016958639849401539
2021-01-29,-0.007824293346096396
2021-02-01,-0.00193875927275631
2021-02-02,0.00022059291662380884
2021-02-03,0.021352030950989868
2021-02-04,0.0007921307807896573
2021-02-05,0.0031535131205703026
2021-02-08,0.010374420395717463
2021-02-09,-0.007508766351596207
2021-02-10,0.005056994487755099
2021-02-11,-0.0056509054626841864
2021-02-12,-0.0007088257947625519
2021-02-16,0.013687687379939526
2021-02-17,0.0065794408393408275
2021-02-18,-0.00240646236602009
2021-02-19,0.014456114640779828
2021-02-22,0.01466930347511636
2021-02-23,0.0026834380107888006
2021-02-24,0.013103738846893104
2021-02-25,-0.009740875296920193
2021-02-26,0.0008210838263289624
2021-03-01,-0.00016951533461012717
2021-03-02,0.0034236706728206236
2021-03-03,0.013706946976779337
2021-03-04,-0.0005505678488139839
2021-03-05,-0.008876580383769215
2021-03-08,0.0023777108217380356
2021-03-09,0.0006487423714680983
2021-03-10,-0.0008431042992465185
2021-03-11,-0.003860817208010299
2021-03-12,0.007435816814892938
2021-03-15,0.004947807085358696
2021-03-16,-0.00668777775431969
2021-03-17,0.006770066237174548
2021-03-18,-0.011605384712318973
2021-03-19,0.00014144525423130633
2021-03-22,-0.006738774528683257
2021-03-23,-0.012040633145374326
2021-03-24,-0.005249440161040475
2021-03-25,0.002269789349848541
2021-03-26,-0.0011635413824455276
2021-03-29,-0.005451281979575278
2021-03-30,0.008768981464714328
2021-03-31,-0.0013065313411675832
2021-04-01,0.007580982423076381
2021-04-05,0.0019876661066683906
2021-04-06,0.0019738160377222235
2021-04-07,0.0014084575195513211
2021-04-08,-0.006895076483074105
2021-04-09,-0.007741517144318118
2021-04-12,-0.0070682403583290036
2021-04-13,-0.002693567418802152
2021-04-14,0.004295440663347094
2021-04-15,-0.010667208241503336
2021-04-16,-0.0032666204769391154
2021-04-19,-0.001950064854852065
2021-04-20,-0.015655675483824738
2021-04-21,0.007755157606820788
2021-04-22,-0.00778701138388801
2021-04-23,0.004347572920122821
2021-04-26,0.007957089030796106
2021-04-27,0.00034652412771294245
2021-04-28,0.007369989125143804
2021-04-29,-0.006244466878491414
2021-04-30,0.0009901104231035919
2021-05-03,0.0018277921498927431
2021-05-04,-0.005223246353980055
2021-05-05,0.011523870964245815
2021-05-06,-0.0028838668947028787
2021-05-07,0.002134616698573204
2021-05-10,-0.005598542352596417
2021-05-11,-0.000705392569635224
2021-05-12,-0.0025576868091294544
2021-05-13,-0.006499708157346269
2021-05-14,0.012278871772483945
2021-05-17,0.008886400592821524
2021-05-18,-0.0017664031867474833
2021-05-19,-0.005520933796320716
2021-05-20,-0.0004168619271056654
2021-05-21,0.001452159444985104
2021-05-24,0.006177958347333898
2021-05-25,-0.0012164751024324831
2021-05-26,0.009370112078245759
2021-05-27,0.005214426760009698
2021-05-28,-0.0021547166999617375
2021-06-01,0.011385992031397984
2021-06-02,0.0066651450395415895
2021-06-03,-0.0011913465133066635
2021-06-04,-0.0024753204598456273
2021-06-07,-0.003367797551739815
2021-06-08,-0.0028933663102104178
2021-06-09,-0.0029719539928600176
2021-06-10,-0.0069843629831049334
2021-06-11,0.0023761801046546056
2021-06-14,-0.006838100289330752
2021-06-15,-0.0006774918860783278
2021-06-16,0.0054439337986127425
2021-06-17,-0.015107707857916286
2021-06-18,-0.004416115442501544
2021-06-21,0.0015907615589627138
2021-06-22,-0.0019005122572414847
2021-06-23,0.004522738426593133
2021-06-24,-0.0005417645955905638
2021-06-25,0.0003426765909654767
2021-06-28,-0.011215529841956813
2021-06-29,-0.003582760914347059
2021-06-30,0.005448631071398536
2021-07-01,-0.001857974743621323
2021-07-02,-0.004594761352469724
2021-07-06,-0.010791055512183295
2021-07-07,-0.01333152195039386
2021-07-08,-0.0022556779571289523
2021-07-09,0.010173059533918687
2021-07-12,0.0005752185159386036
2021-07-13,-0.008175549328203108
2021-07-14,-0.0033583690274721994
2021-07-15,-0.008212144317928499
2021-07-16,-0.015672908980633175
2021-07-19,-0.006135846207897158
2021-07-20,0.008835995897596429
2021-07-21,0.021245092623442624
2021-07-22,-0.008721374600221224
2021-07-23,-0.011241681297092422
2021-07-26,0.013197883577209598
2021-07-27,-0.0056333315942857
2021-07-28,0.007984806222725028
2021-07-29,-0.0024435176225985652
2021-07-30,-0.010476766531134
2021-08-02,-0.00041821840958884167
2021-08-03,-0.0018025754407083225
2021-08-04,-0.00967549658136338
2021-08-05,0.014159845955285457
2021-08-06,0.003057925972228109
2021-08-09,-0.004219761452555492
2021-08-10,0.010084560673967298
2021-08-11,0.002066905514679864
2021-08-12,-0.006544862376380212
2021-08-13,-0.005714364934739306
2021-08-16,-0.011423308400145169
2021-08-17,-0.009205511570629599
2021-08-18,0.0018586031039656992
2021-08-19,-0.010731731366812857
2021-08-20,-0.0019379821407436246
2021-08-23,0.015003490087969449
2021-08-24,0.011063255785753526
2021-08-25,0.0036033195251521386
2021-08-26,-0.002641359981377165
2021-08-27,0.010744550293838022
2021-08-30,-0.010203177468491215
2021-08-31,0.0020785500001850605
2021-09-01,-0.007660794623838981
2021-09-02,0.003992443759210878
2021-09-03,-0.004215639915713624
2021-09-07,0.005463103037729841
2021-09-08,-0.010608968058980784
2021-09-09,0.007165349194079786
2021-09-10,-0.0016207206474526817
2021-09-13,0.010756629910173296
2021-09-14,-0.008035534654006124
2021-09-15,0.005898785305462846
2021-09-16,-0.0026501691200708772
2021-09-17,-0.0008548568240517442
2021-09-20,-0.0034264266518862193
2021-09-21,-0.0043142412630540585
2021-09-22,0.014010460090132303
2021-09-23,0.009833159883475013
2021-09-24,0.003298260030420897
2021-09-27,0.01522100609802092
2021-09-28,0.007280666324245159
2021-09-29,-0.004840327047774716
2021-09-30,0.003051805113021576
2021-10-01,0.012174724079654546
2021-10-04,0.008275063927564717
2021-10-05,-0.002807389494101177
2021-10-06,-0.007216004913276821
2021-10-07,-0.0012146571897539305
2021-10-08,0.0033853561338149313
2021-10-11,0.0008202619658599193
2021-10-12,0.0007337270056825872
2021-10-13,-0.006604945267601334
2021-10-14,-0.003113633770207398
2021-10-15,-0.001490942267341385
2021-10-18,-0.002768623714485714
2021-10-19,-0.0022585502927871294
2021-10-20,-0.0021861743638508513
2021-10-21,-0.005982547853835669
2021-10-22,-0.00970135016541457
2021-10-25,-0.001233036480145503
2021-10-26,0.003468634457715664
2021-10-27,-0.00599045916097106
2021-10-28,0.0017469287624037571
2021-10-29,-0.0034269797210185657
2021-11-01,0.013823813533420748
2021-11-02,-0.004208764846838133
2021-11-03,0.00038458403113755715
2021-11-04,-0.0036632732261732775
2021-11-05,0.015372533584349325
2021-11-08,0.0015575850509924332
2021-11-09,-0.002908459083783525
2021-11-10,-0.005882748582939887
2021-11-11,0.003819723422927546
2021-11-12,-0.008889286272840894
2021-11-15,0.0022336263387522652
2021-11-16,-0.014353736035080574
2021-11-17,0.00021389255918146608
2021-11-18,-0.003305523856316518
2021-11-19,-0.010446276533450441
2021-11-22,0.01178437023161515
2021-11-23,0.0020474907161231563
2021-11-24,0.002545842278408377
2021-11-26,-0.012459353383179099
2021-11-29,-0.0060046783912756346
2021-11-30,0.0018986769379730091
2021-12-01,-0.009903949256504268
2021-12-02,0.008495129180394105
2021-12-03,-0.005245731049684002
2021-12-06,0.009300868019359433
2021-12-07,-0.005767397598259642
2021-12-08,0.0010277514497955258
2021-12-09,-0.004356632046330944
2021-12-10,0.00012186389918507524
2021-12-13,-0.011794619043662321
2021-12-14,0.006753362651843161
2021-12-15,-0.004931550361633511
2021-12-16,0.004331459089681525
2021-12-17,0.0021418254254129297
2021-12-20,0.0071963560644928625
2021-12-21,0.010564480432635496
2021-12-22,-0.0013444388029461081
2021-12-23,-5.97123599131896e-05
2021-12-27,-0.0042792542159423705
2021-12-28,0.0002113905836617018
2021-12-29,-0.008947671169068973
2021-12-30,-0.0007797633785072576
2021-12-31,-0.0013884126756835715
2022-01-03,-0.025900497022432398
2022-01-04,-0.013239936308637758
2022-01-05,-0.004428674129730876
2022-01-06,-0.012917873564900352
2022-01-07,-0.017587891733002303
2022-01-10,0.001333926746147541
2022-01-11,-0.0021985938716198544
2022-01-12,-0.003307189524755969
2022-01-13,-0.009412039415291585
2022-01-14,-0.012515688384170803
2022-01-18,-0.0007346845774964431
2022-01-19,0.00895881722971545
2022-01-20,0.00712987523956893
2022-01-21,0.011570065849163908
2022-01-24,0.005472108930442944
2022-01-25,-0.009112436827540047
2022-01-26,-0.004556037852973254
2022-01-27,0.00702469382674981
2022-01-28,0.009802197010203285
2022-01-31,-0.009849333536361827
2022-02-01,-0.006890228760409196
2022-02-02,0.005085069379120307
2022-02-03,0.005645591257848543
2022-02-04,-0.004985119506551429
2022-02-07,-0.007284365494338092
2022-02-08,-0.0019508812365071058
2022-02-09,-0.004071773411375219
2022-02-10,-0.007638652196469382
2022-02-11,-0.0004961883498488422
2022-02-14,-0.0007152952675522437
2022-02-15,-0.011064719402236186
2022-02-16,0.004896992810489429
2022-02-17,2.4419375900678597e-05
2022-02-18,0.0004363354048282008
2022-02-22,0.004238065100568214
2022-02-23,0.005374020026764046
2022-02-24,0.0036176803200720755
2022-02-25,-0.0008231792122981274
2022-02-28,-8.826532068448977e-05
2022-03-01,0.011119379675282967
2022-03-02,-0.007788314135168906
2022-03-03,0.008310732889192375
2022-03-04,0.005641749186172063
2022-03-07,0.010664030199977918
2022-03-08,-0.01316137200037492
2022-03-09,-0.005196796355136566
2022-03-10,-0.002849474439816731
2022-03-11,0.0009883270963469515
2022-03-14,0.00721445972920222
2022-03-15,-0.003629140785256786
2022-03-16,-0.01010655316367157
2022-03-17,0.00244276725593969
2022-03-18,-0.000737588931580311
2022-03-21,-0.0019946315858709726
2022-03-22,-0.002853932902698707
2022-03-23,-0.00752388813321567
2022-03-24,-0.005567031376559039
2022-03-25,-0.002625846372846567
2022-03-28,0.004562675834154371
2022-03-29,-0.001002661888727518
2022-03-30,0.0034446153716767417
2022-03-31,0.002203286166285368
2022-04-01,0.008267847989606777
2022-04-04,-0.010290686758804483
2022-04-05,0.009943653886007731
2022-04-06,0.01411723754523771
2022-04-07,0.010196950685069815
2022-04-08,0.002408089329131449
2022-04-11,-0.006150324307062987
2022-04-12,-0.00412963475703855
2022-04-13,-0.0069066043135945065
2022-04-14,0.003282764724739101
2022-04-18,-0.0091510310315176
2022-04-19,0.002097584673220552
2022-04-20,0.017522040255383963
2022-04-21,-0.005587903301225393
2022-04-22,-0.008618285995742622
2022-04-25,0.0023783827076282547
2022-04-26,0.008752991411179037
2022-04-27,0.003415680373082529
2022-04-28,-0.008748016783290857
2022-04-29,-0.00031033896903844905
2022-05-02,-0.01572319147947032
2022-05-03,-0.008801162941613356
2022-05-04,0.0011858381967829726
2022-05-05,0.0009149456728084382
2022-05-06,-0.005340143707450271
2022-05-09,0.012425262550077643
2022-05-10,-0.00615517891184722
2022-05-11,0.008882030191748607
2022-05-12,0.011305666515158738
2022-05-13,-0.01186445933393551
2022-05-16,0.003967332106733517
2022-05-17,-0.01622018254994996
2022-05-18,0.004411355423316852
2022-05-19,0.006051311198098336
2022-05-20,0.008321822918383398
2022-05-23,-0.003394510938881243
2022-05-24,0.021526667596642648
2022-05-25,-0.00934424874772091
2022-05-26,-0.014494434586010421
2022-05-27,-0.0020662019965024254
2022-05-31,-0.010804691282590049
2022-06-01,-0.0016215515174836262
2022-06-02,0.0019725310680434654
2022-06-03,0.006088309662129844
2022-06-06,-0.0004168581636132474
2022-06-07,-0.0013003882238927836
2022-06-08,0.0014659283677557965
2022-06-09,0.008184089392112667
2022-06-10,0.0045526278650856985
2022-06-13,0.018027885103509608
2022-06-14,-0.0012677702168157052
2022-06-15,-0.006332374862433398
2022-06-16,0.01454139648083113
2022-06-17,-0.0006352175512208993
2022-06-21,-0.0026336435905413413
2022-06-22,0.007684829516170153
2022-06-23,0.01777856159642521
2022-06-24,-0.01736963235306093
2022-06-27,-0.00016365166997972877
2022-06-28,-0.005558350219800059
2022-06-29,0.01830202902334137
2022-06-30,0.010195369587971792
2022-07-01,0.006360237009693275
2022-07-05,-0.009088793942528487
2022-07-06,0.009471219285406375
2022-07-07,-0.015266419218728707
2022-07-08,0.005943973455735001
2022-07-11,0.0166403751778765
2022-07-12,-0.01832828351065625
2022-07-13,-0.0044609417301980404
2022-07-14,0.003229001520961841
2022-07-15,-0.010099170200568237
2022-07-18,-0.015490074965704656
2022-07-19,-0.005034297182123638
2022-07-20,-0.01225920159998157
2022-07-21,0.016910562398350135
2022-07-22,0.008787537932890594
2022-07-25,0.0018994335849775966
2022-07-26,0.01278304084196589
2022-07-27,-0.018012918207933645
2022-07-28,0.009156621882830819
2022-07-29,-0.004657247895562336
2022-08-01,-0.006276175744678246
2022-08-02,-0.0005930740505243997
2022-08-03,-0.0035747655554140157
2022-08-04,0.006969982851787803
2022-08-05,0.0026486132016437258
2022-08-08,-0.0028971483856489433
2022-08-09,0.0063659613936446575
2022-08-10,-0.007959692519217642
2022-08-11,-0.009425300608464861
2022-08-12,-0.0043341456443670295
2022-08-15,0.0065211891073383476
2022-08-16,-0.004479433302556768
2022-08-17,0.004661182354984678
2022-08-18,-0.006380221914355223
2022-08-19,0.005532961745873716
2022-08-22,0.006803915602154926
2022-08-23,-0.012363155623459252
2022-08-24,-0.003252051926414281
2022-08-25,-0.007078102062670998
2022-08-26,0.002304074009423211
2022-08-29,0.0012551121209407779
2022-08-30,0.0045911359766281695
2022-08-31,0.003323590347261696
2022-09-01,0.00882587370387902
2022-09-02,-0.006162279474525723
2022-09-06,0.004185097674198415
2022-09-07,0.0017820852715172391
2022-09-08,0.004203261589833871
2022-09-09,-0.009000113978259776
2022-09-12,-0.0031410279014789104
2022-09-13,0.003712445142977226
2022-09-14,-0.007923367493675346
2022-09-15,-0.0043902302959920566
2022-09-16,-0.0009756614168723094
2022-09-19,-0.006734210001298581
2022-09-20,0.0033658363640845256
2022-09-21,0.006412224518686861
2022-09-22,0.001181193371149788
2022-09-23,0.014326158567320224
2022-09-26,9.852009720307623e-05
2022-09-27,-0.006107900334950459
2022-09-28,0.0037159820429531164
2022-09-29,0.00892604890650749
2022-09-30,0.014580637224381403
2022-10-03,0.0042108100049036415
2022-10-04,-0.017820187220470317
2022-10-05,0.0004590789064772522
2022-10-06,-0.0019204609311933248
2022-10-07,0.009005383178203995
2022-10-10,0.009199446892824384
2022-10-11,0.006726927237547592
2022-10-12,-0.015900247656350362
2022-10-13,-0.0014888489533146552
2022-10-14,-0.0014605893798100692
2022-10-17,-0.001303905069139016
2022-10-18,-0.003434796155547603
2022-10-19,-0.00867319246465204
2022-10-20,-0.011508778689908232
2022-10-21,-0.004381091543542876
2022-10-24,0.005612153992655484
2022-10-25,-0.0010216684073253994
2022-10-26,0.0074465656610258465
2022-10-27,0.004319554730792015
2022-10-28,-0.0006973150095839539
2022-10-31,9.72347261754895e-05
2022-11-01,-0.0064789086471808725
2022-11-02,0.0029308171336050147
2022-11-03,-0.002755212568563588
2022-11-04,-0.008967144611826726
2022-11-07,0.0009572335989789415
2022-11-08,-0.0010031605514756812
2022-11-09,0.010508038716545192
2022-11-10,-0.008731925651817492
2022-11-11,-0.0198701582414344
2022-11-14,-0.003374394509206516
2022-11-15,-0.0064996249846663735
2022-11-16,0.014062365288160671
2022-11-17,0.0007443389128230588
2022-11-18,0.0037069274475841664
2022-11-21,0.005855721248579384
2022-11-22,-0.002397238894154592
2022-11-23,-0.00409964150278737
2022-11-25,0.005073231709897804
2022-11-28,0.004020364472879057
2022-11-29,-0.00830982178454327
2022-11-30,-0.004711106110639647
2022-12-01,0.0005900132051514708
2022-12-02,0.005181142611185086
2022-12-05,0.004401755751125283
2022-12-06,0.006963223767093663
2022-12-07,0.009906214310961382
2022-12-08,-0.00046642405183510327
2022-12-09,-0.005814030208860881
2022-12-12,-0.003653797594832363
2022-12-13,0.005146465373511907
2022-12-14,-0.0002639435184445155
2022-12-15,0.006579869741993998
2022-12-16,-2.552499921485808e-05
2022-12-19,0.0047269897898318935
2022-12-20,0.002295264635385997
2022-12-21,-0.001145596952120735
2022-12-22,0.015050503480348292
2022-12-23,-0.00218485413631937
2022-12-27,0.007008614515559256
2022-12-28,0.005398566849628063
2022-12-29,-0.009111907522818045
2022-12-30,-0.0050222955072041
2023-01-03,0.0019513548471735433
2023-01-04,-0.009749306680849149
2023-01-05,-0.00017166697339504155
2023-01-06,0.003302102207978526
2023-01-09,-0.011748377185989572
2023-01-10,-0.0013462217489398326
2023-01-11,-0.01103960530043655
2023-01-12,-0.0034563731303268817
2023-01-13,-0.002710551573741633
2023-01-17,-0.008819822016439691
2023-01-18,-0.0037993730900086516
2023-01-19,-0.009774571956554241
2023-01-20,-0.01020425153803128
2023-01-23,-0.003055572611657589
2023-01-24,0.0024160041469627937
2023-01-25,-0.001512785024375862
2023-01-26,-0.006586608338607788
2023-01-27,-0.00494296318724689
2023-01-30,-0.004434931180374722
2023-01-31,-0.007500077676440829
2023-02-01,0.01438620658964137
2023-02-02,0.024655773853470665
2023-02-03,-0.012994046876343864
2023-02-06,-0.009521129193837878
2023-02-07,-0.005896185237988654
2023-02-08,-0.0094509752335388
2023-02-09,-0.0032210663172331008
2023-02-10,-0.025136265335415287
2023-02-13,0.0025689157743198337
2023-02-14,0.0032660324337329873
2023-02-15,0.009847162000487927
2023-02-16,-0.00525803794296942
2023-02-17,-0.0068137417767590944
2023-02-21,-0.010908802956508054
2023-02-22,0.0017679674320817838
2023-02-23,0.004435215967508895
2023-02-24,-0.005490446205229129
2023-02-27,0.00045435196477934677
2023-02-28,0.007238815760272039
2023-03-01,-0.0022306593631266523
2023-03-02,-0.0007288534261114311
2023-03-03,0.007073956344957397
2023-03-06,-0.007862455219297758
2023-03-07,0.0007701436680690177
2023-03-08,0.005237541861306227
2023-03-09,-0.008116925804393353
2023-03-10,-0.010832697472835948
2023-03-13,-0.011454757374447646
2023-03-14,0.005139402105578273
2023-03-15,-0.008366596179576014
2023-03-16,0.012907064703750108
2023-03-17,0.007521084178467577
2023-03-20,-0.010261247011563739
2023-03-21,-0.0004428066750313072
2023-03-22,0.001082597559793844
2023-03-23,0.015465101451054834
2023-03-24,-0.011831282134024504
2023-03-27,-0.013822596701649729
2023-03-28,-0.0034693764520508353
2023-03-29,0.005945800604947474
2023-03-30,0.007111016628871358
2023-03-31,0.0019952028672093965
2023-04-03,-0.016768758187443552
2023-04-04,0.000735285968669958
2023-04-05,-0.010668980151981733
2023-04-06,-0.001064713062461331
2023-04-10,-0.00419626632678422
2023-04-11,-0.01054095790456371
2023-04-12,0.0027139069357488797
2023-04-13,0.0009762362215657494
2023-04-14,-0.003550202958141066
2023-04-17,-0.006615045690801366
2023-04-18,0.0008517781160981349
2023-04-19,-0.001695726912584067
2023-04-20,0.001083923023885976
2023-04-21,0.003051949108777734
2023-04-24,-0.00048056645974628486
2023-04-25,0.006678309208315847
2023-04-26,0.002138529705562709
2023-04-27,-0.006990606865924997
2023-04-28,-0.009098812214678413
2023-05-01,0.004591389586005721
2023-05-02,0.008057440037181134
2023-05-03,0.005536244916647335
2023-05-04,0.008005180496183335
2023-05-05,-0.01472088853093668
2023-05-08,-0.0013322379913340116
2023-05-09,-0.0010721096042178974
2023-05-10,0.009736013033327802
2023-05-11,0.006855795903673415
2023-05-12,0.0031201849666009883
2023-05-15,-0.012164046523311007
2023-05-16,0.015313231043644092
2023-05-17,-0.016976195026593085
2023-05-18,0.007974034219024916
2023-05-19,0.003248375562879368
2023-05-22,-0.012497271369549132
2023-05-23,-0.014927726284968216
2023-05-24,0.005323565334867144
2023-05-25,0.01631503321030946
2023-05-26,0.007241926897959371
2023-05-30,0.00024045335523750256
2023-05-31,0.0026842974151791723
2023-06-01,0.001379726304685798
2023-06-02,-0.017652319781210967
2023-06-05,0.00496545252745293
2023-06-06,-0.011083718946987415
2023-06-07,-0.02384662056115635
2023-06-08,0.0025388310029119364
2023-06-09,0.009041825169988102
2023-06-12,0.009421623760738917
2023-06-13,-0.0005251834332731669
2023-06-14,0.007823079035107327
2023-06-15,-0.008060851886147625
2023-06-16,-0.0049827153531688895
2023-06-20,0.007283444834904939
2023-06-21,-0.007232906256632909
2023-06-22,0.004396716703693311
2023-06-23,0.0028074345825716547
2023-06-26,-0.014337197149744012
2023-06-27,0.01620275029207218
2023-06-28,0.006367746919449352
2023-06-29,-0.0025408873039254425
2023-06-30,0.007871241492434953
2023-07-03,-0.0058675571200676405
2023-07-05,0.0007487960052937098
2023-07-06,0.0027586111880656154
2023-07-07,-0.0015341414768272636
2023-07-10,0.00124286774964176
2023-07-11,-0.010782890363432236
2023-07-12,0.0024259232700262656
2023-07-13,0.004723047498019911
2023-07-14,0.0017229650632155967
2023-07-17,0.013047545660271784
2023-07-18,0.002685199182300995
2023-07-19,-0.01493497653082068
2023-07-20,-0.023343249695895813
2023-07-21,-0.013189752112134379
2023-07-24,-0.0015480983501021581
2023-07-25,0.0027534490140322544
2023-07-26,-0.00243473538354476
2023-07-27,0.0057876326225014705
2023-07-28,0.0026652639019294575
2023-07-31,0.00019172476675204195
2023-08-01,0.002182795685534703
2023-08-02,-0.010597821548812723
2023-08-03,-0.001217717896610588
2023-08-04,-0.00322102648387664
2023-08-07,0.006851678384749472
2023-08-08,0.0018038058804004703
2023-08-09,-0.009342283570286413
2023-08-10,-0.0004910171737483851
2023-08-11,-0.0031321520073659434
2023-08-14,-0.0010165615413557142
2023-08-15,0.0002857443757508817
2023-08-16,-0.0025556076125838444
2023-08-17,-0.005740739303700147
2023-08-18,0.0005983807990673655
2023-08-21,0.0019803637128330883
2023-08-22,-0.002066043614420268
2023-08-23,-0.0001519260554664764
2023-08-24,0.0021239013019022333
2023-08-25,-5.291135418385661e-05
2023-08-28,-0.0011909835833516917
2023-08-29,-0.002103407817339683
2023-08-30,-0.0016339519352154427
2023-08-31,0.00908290662308443
2023-09-01,0.0034899785471733708
2023-09-05,0.0022571198202277604
2023-09-06,0.0046483765852719456
2023-09-07,0.0052046536069085495
2023-09-08,0.0009494495386032813
2023-09-11,-0.0007232233227519203
2023-09-12,0.0013401521078572898
2023-09-13,-0.003498359811465364
2023-09-14,-0.0019101588507165188
2023-09-15,-0.006950052539404779
2023-09-18,0.009930121465064258
2023-09-19,-0.0065395996105198275
2023-09-20,-0.001829066237762827
2023-09-21,0.0035756549753554892
2023-09-22,0.005075162966154275
2023-09-25,0.005772062974113611
2023-09-26,-4.61693207465247e-05
2023-09-27,0.009248266694724172
2023-09-28,-0.005294714557024516
2023-09-29,-0.013061984667651813
2023-10-02,0.004885515971048676
2023-10-03,0.004634168085228046
2023-10-04,-0.00973619922349389
2023-10-05,0.0022429008927286765
2023-10-06,0.0022807773543365288
2023-10-09,0.006867499952321799
2023-10-10,-0.009928332551845005
2023-10-11,0.006276015532180221
2023-10-12,0.013742716387735344
2023-10-13,0.0022514917280904647
2023-10-16,-0.00539374825134103
2023-10-17,-0.007141487687125092
2023-10-18,0.014218851457076737
2023-10-19,-0.003521277395086556
2023-10-20,-0.00034764012878541123
2023-10-23,-0.001559960414663298
2023-10-24,-7.758175121404622e-05
2023-10-25,-0.0020228382565927517
2023-10-26,-0.005919208827743067
2023-10-27,0.00351262723829962
2023-10-30,0.00038266358490408056
2023-10-31,-0.004574028001371356
2023-11-01,0.01174666337616065
2023-11-02,-0.014447702086031813
2023-11-03,-0.024919513729512913
2023-11-06,0.01018130232744022
2023-11-07,-0.002406167111047187
2023-11-08,0.004126050528578743
2023-11-09,0.00993103844083976
2023-11-10,0.006516085737899411
2023-11-13,0.0028210101876414858
2023-11-14,-0.0231582648101207
2023-11-15,-0.018023956217093604
2023-11-16,0.010597812152332969
2023-11-17,-0.008205920163399506
2023-11-20,-0.00039652477544304754
2023-11-21,-0.00046782737564393824
2023-11-22,-0.0020321371594161654
2023-11-24,-0.0022122276377017423
2023-11-27,0.0034140919031535807
2023-11-28,-0.00504459582956388
2023-11-29,-0.010165723852735264
2023-11-30,0.003402404875555363
2023-12-01,-0.009560254450392557
2023-12-04,-0.006342043916377664
2023-12-05,0.00925010538681239
2023-12-06,-0.005095444709466968
2023-12-07,0.0013493653912856306
2023-12-08,-0.00036868150934854917
2023-12-11,-0.0020283134727360234
2023-12-12,0.012160906297965613
2023-12-13,-0.014105558768749473
2023-12-14,-0.02046510152325681
2023-12-15,0.006488754876761754
2023-12-18,-0.006553811364499572
2023-12-19,-0.006631481213429495
2023-12-20,-0.0015865602095861619
2023-12-21,0.0030737787019548693
2023-12-22,-0.005115658975823507
2023-12-26,-0.0004999892534319387
2023-12-27,0.0016277064865378474
2023-12-28,0.0025159661128029693
2023-12-29,-0.00022182054193493558
2024-01-02,-0.018404571986486044
2024-01-03,-0.007407153211884063
2024-01-04,0.008080479303981647
2024-01-05,0.001095387020621819
2024-01-08,-0.000498831324254872
2024-01-09,0.0056892085406246564
2024-01-10,0.005332877022054185
2024-01-11,9.640294882549136e-05
2024-01-12,-0.00028174221321879047
2024-01-16,0.008188233014576867
2024-01-17,0.004759300939350186
2024-01-18,0.006518852766463054
2024-01-19,0.01064277550910879
2024-01-22,-0.004675044661894027
2024-01-23,-0.010451348377099514
2024-01-24,0.0009990616172779233
2024-01-25,0.00664334792652878
2024-01-26,-0.008040967967734536
2024-01-29,0.002295221859183588
2024-01-30,0.0020744661267571404
2024-01-31,-0.002187757302665778
2024-02-01,0.004020323185167737
2024-02-02,0.015262982750681733
2024-02-05,0.008551964228733855
2024-02-06,-0.012120164649495953
2024-02-07,0.004272803803834225
2024-02-08,-0.0017297225381945063
2024-02-09,-0.001488724094052286
2024-02-12,-0.007940021407231839
2024-02-13,0.005749227902605449
2024-02-14,0.00951023704627719
2024-02-15,-0.004751350612747073
2024-02-16,-8.64626830298312e-05
2024-02-20,-0.004375316884524574
2024-02-21,-0.013547393451494574
2024-02-22,0.01421297711850179
2024-02-23,-0.0016141692022367468
2024-02-26,0.004287406645003717
2024-02-27,-0.002303718107415556
2024-02-28,-0.001024234569013577
2024-02-29,-0.004056170743666038
2024-03-01,0.009484189640519697
2024-03-04,0.006795442335119402
2024-03-05,-0.0034899678320832453
2024-03-06,0.0018641334061932917
2024-03-07,0.0005795709039784135
2024-03-08,-0.014957424360224219
2024-03-11,-0.020186331367678008
2024-03-12,0.010314443070834806
2024-03-13,-0.0061490406699854245
2024-03-14,0.005369376334300288
2024-03-15,0.001973892216996398
2024-03-18,9.116438288863543e-05
2024-03-19,0.0023918113769013064
2024-03-20,-0.006763596360111123
2024-03-21,0.0026509341703167422
2024-03-22,0.007309783567608275
2024-03-25,-0.0008069833232195477
2024-03-26,0.0024930673056011913
2024-03-27,-0.01617445201525107
2024-03-28,-0.0008973238597126158
2024-04-01,0.004232983078344929
2024-04-02,0.014068785993415244
2024-04-03,0.009244088094837958
2024-04-04,-0.004945551343785149
2024-04-05,0.013355768392066083
2024-04-08,-0.008144274947307274
2024-04-09,-0.011538195648485653
2024-04-10,0.013434473151030966
2024-04-11,0.0006774989875133814
2024-04-12,0.001116872380540348
2024-04-15,-0.0037647959749599284
2024-04-16,-0.0021659732004919085
2024-04-17,-0.004193169300663677
2024-04-18,-0.0025680130356769133
2024-04-19,-0.0014657980847272505
2024-04-22,0.0021020002777998137
2024-04-23,-4.609928769501654e-05
2024-04-24,-0.004341243583426234
2024-04-25,0.005819309843247742
2024-04-26,-0.001103645196310743
2024-04-29,-0.005026449437057512
2024-04-30,-0.00564913058163636
2024-05-01,-0.007488797088444694
2024-05-02,-0.0037832930060928017
2024-05-03,-0.005785459643358599
2024-05-06,0.005370822592726104
2024-05-07,-0.003673389104588842
2024-05-08,-0.0004175527770951009
2024-05-09,0.0031515193134041006
2024-05-10,-0.0020478161947883617
2024-05-13,-0.006167066095001931
2024-05-14,0.0012088240009050558
2024-05-15,-0.0010448562212443061
2024-05-16,-0.00938755180543384
2024-05-17,0.005200669398682136
2024-05-20,0.004106966625745168
2024-05-21,0.004414515580497886
2024-05-22,0.0003320596260286095
2024-05-23,0.005110555155052867
2024-05-24,0.006131214835969462
2024-05-28,0.005259314184771532
2024-05-29,-0.0013051125017706105
2024-05-30,-0.0005552685325787795
2024-05-31,-0.009479016850462095
2024-06-03,-0.0003792573282322834
2024-06-04,-0.004951916606139235
2024-06-05,0.006067131135322087
2024-06-06,-0.003124863331627857
2024-06-07,-0.004668163013547766
2024-06-10,0.0030972948186673804
2024-06-11,-0.0025069396032518405
2024-06-12,0.00849509006997922
2024-06-13,0.003979481994013615
2024-06-14,-0.008007940154652836
2024-06-17,-0.001966024189581292
2024-06-18,0.005345128464005079
2024-06-20,-0.020595948921197597
2024-06-21,-0.008172858747522172
2024-06-24,-0.007041415594650189
2024-06-25,0.010823772635767375
2024-06-26,-0.008463948900116033
2024-06-27,-0.0013323612927047123
2024-06-28,-0.006878182971355715
2024-07-01,0.006634419525698389
2024-07-02,0.0033730636473360423
2024-07-03,0.0027400009536054796
2024-07-05,0.006716167137389432
2024-07-08,0.0036853355777298944
2024-07-09,0.008401499750177897
2024-07-10,0.004863550952639506
2024-07-11,-0.020046290194941654
2024-07-12,-0.0018860182784076363
2024-07-15,0.0017777978975724081
2024-07-16,-0.008309272414554742
2024-07-17,-0.014993720643941381
2024-07-18,0.0015808200001478766
2024-07-19,-0.006181675375143491
2024-07-22,0.004351341033942136
2024-07-23,0.006444012483521253
2024-07-24,-0.011184751232158799
2024-07-25,-0.0059104175006382655
2024-07-26,0.01476898049589152
2024-07-29,-0.004290924915163357
2024-07-30,-0.0015273297429653832
2024-07-31,-0.01217777376867346
2024-08-01,0.02109568939347808
2024-08-02,0.02250581178045461
2024-08-05,-0.0019374357961908038
2024-08-06,-0.006663804033021226
2024-08-07,0.0019327856731015435
2024-08-08,-0.017581027156945563
2024-08-09,0.002501797731304355
2024-08-12,0.004596173856767221
2024-08-13,-0.002073248591272039
2024-08-14,0.005579056585071299
2024-08-15,-0.025788835014589416
2024-08-16,-0.0009499777651751288
2024-08-19,-0.006371876818373443
2024-08-20,0.010825887626135032
2024-08-21,-0.005726362742543829
2024-08-22,0.010717742770063097
2024-08-23,-0.011902485991085813
2024-08-26,0.007138901173865819
2024-08-27,0.005466977075023413
2024-08-28,0.007636526457318155
2024-08-29,0.009254524145091696
2024-08-30,-0.005330817275332778
2024-09-03,0.02558259317636142
2024-09-04,0.008639056941356596
2024-09-05,-0.0055478646791672186
2024-09-06,0.011258733356510803
2024-09-09,0.0036054123175883667
2024-09-10,0.005201218838225055
2024-09-11,-0.024777433216542365
2024-09-12,0.0057764711790861106
2024-09-13,-0.008035625009650616
2024-09-16,0.001766211775007826
2024-09-17,-0.02010386077055159
2024-09-18,-0.0018459553702077406
2024-09-19,-0.01018744496616488
2024-09-20,0.004422050044174885
2024-09-23,-1.9288656545414723e-05
2024-09-24,-0.003803257784376883
2024-09-25,0.0008324600727280976
2024-09-26,-0.012414253097831096
2024-09-27,-0.005367169200449043
2024-09-30,0.007102660833936698
2024-10-01,0.009085845332568341
2024-10-02,0.0020188748208121907
2024-10-03,-0.0031427941029590627
2024-10-04,-0.009961116937163506
2024-10-07,-0.0020542096841001385
2024-10-08,-0.0014004056276477638
2024-10-09,-0.0019354702538433412
2024-10-10,-0.003777073026888099
2024-10-11,-0.0014360397778611714
2024-10-14,0.00030643837329001036
2024-10-15,0.016448554112696596
2024-10-16,0.005730870448138249
2024-10-17,0.00012338038502401872
2024-10-18,0.0038105935580741816
2024-10-21,0.0022613620618160543
2024-10-22,-0.005857649458308195
2024-10-23,0.004372053820605917
2024-10-24,-0.008193428922388625
2024-10-25,-0.01342673011745518
2024-10-28,0.004124601751410647
2024-10-29,0.005250806655673486
2024-10-30,-0.0019120219117314558
2024-10-31,-0.0005410104139175812
2024-11-01,-0.002328375440985966
2024-11-04,-0.004654896818411975
2024-11-05,0.004938533444938853
2024-11-06,0.028200794349850646
2024-11-07,-0.009129381330626742
2024-11-08,0.005087305543438876
2024-11-11,0.025149837339623584
2024-11-12,0.005150613518685316
2024-11-13,0.0013357994383144142
2024-11-14,-0.002738889472909312
2024-11-15,0.01729652513529438
2024-11-18,-0.007212873802789633
2024-11-19,0.0034829897060230128
2024-11-20,9.024195982430718e-05
2024-11-21,2.5946127083104184e-05
2024-11-22,-0.004340483954345198
2024-11-25,-0.012722321004569787
2024-11-26,0.00693368649273622
2024-11-27,-0.009998975084744453
2024-11-29,-0.0010680961698151011
2024-12-02,-0.005809433772123009
2024-12-03,0.0022946537523898017
2024-12-04,0.014905211550829283
2024-12-05,0.004821858650076584
2024-12-06,0.006893646797259917
2024-12-09,-0.02455674406068937
2024-12-10,0.009979925622585739
2024-12-11,0.014587312231860656
2024-12-12,2.5733093875054275e-05
2024-12-13,-0.0007647029925526039
2024-12-16,0.01790719424950262
2024-12-17,-0.002645555489123798
2024-12-18,-0.014505938567094237
2024-12-19,0.012537346607642018
2024-12-20,-0.0022372746576219712
2024-12-23,-0.0061775906247533785
2024-12-24,0.008046528359199416
2024-12-26,-0.001143425270872596
2024-12-27,-0.007848847344930921
2024-12-30,-0.0015355281716447726
2024-12-31,-0.011071611915868827
2025-01-02,-0.006226575848888332
2025-01-03,0.0045925464325152566
2025-01-06,0.0002659691182214247
2025-01-07,-0.0029364803169890396
2025-01-08,0.006066699036175922
2025-01-10,0.005908882704231411
2025-01-13,0.008409991234993934
2025-01-14,-0.005926266893919896
2025-01-15,-0.0017093927203001794
2025-01-16,-0.006019035939299911
2025-01-17,-0.000386566758885293
2025-01-21,0.001210467030527616
2025-01-22,0.004705125390952079
2025-01-23,0.001473227707117841
2025-01-24,0.0007450039597117066
2025-01-27,-0.025722181461416662
2025-01-28,0.009557284361743383
2025-01-29,-0.002596610294393557
2025-01-30,0.005033905480907982
2025-01-31,0.006412495636132465
2025-02-03,-0.0015070813229090877
2025-02-04,0.003574262738510171
2025-02-05,-0.003426250811515455
2025-02-06,-0.003216469114574647
2025-02-07,-0.009542921733769168
2025-02-10,-0.001904133291150609
2025-02-11,-0.010252976799808126
2025-02-12,-0.008608798788797584
2025-02-13,-0.006713852203452194
2025-02-14,-0.007004034687607342
2025-02-18,-0.010770874228973567
2025-02-19,-0.006506985012813919
2025-02-20,-0.005448616029910452
2025-02-21,-0.01299202989001282
2025-02-24,-0.007998694745921634
2025-02-25,-0.0019626352952395705
2025-02-26,0.007634519323659841
2025-02-27,-0.003963150697008166
2025-02-28,0.0014790254494439188
2025-03-03,-0.006847030108574428
2025-03-04,0.0061018946057362035
2025-03-05,0.00121504820715924
2025-03-06,-0.008359499172391805
2025-03-07,-0.010171173710028448
2025-03-10,-0.018046248353743098
2025-03-11,0.014163992431809273
2025-03-12,0.012682360122436287
2025-03-13,-0.010979603061826921
2025-03-14,0.008315907019805986
2025-03-17,-0.0028542814373718
2025-03-18,-0.007724186623254355
2025-03-19,0.0031247766970660673
2025-03-20,-0.0004987445726229271
2025-03-21,0.006642808569821276
2025-03-24,0.012297619984396348
2025-03-25,0.004955408096281279
2025-03-26,-0.012732255508133634
2025-03-27,-0.0021484922097078072
2025-03-28,-0.007031101726723031
2025-03-31,-0.005246937536461467
2025-04-01,0.007767006552165539
2025-04-02,0.007172861203403476
2025-04-03,0.006464728032180701
2025-04-04,0.002369077667579534
2025-04-07,0.0027922352056308137
2025-04-08,0.008170575986958537
2025-04-09,0.02249672174018501
2025-04-10,-0.007683325771394037
2025-04-11,-0.0013800419202432807
2025-04-14,-0.005270512088078371
2025-04-15,4.614226130986938e-05
2025-04-16,-0.006704762076456527
2025-04-17,-0.005949789434433118
2025-04-21,-0.010351131077177503
2025-04-22,0.0074499056388003014
2025-04-23,0.012100865505035774
2025-04-24,0.012762112090579331
2025-04-25,0.012201102333927757
2025-04-28,-0.002246624835516066
2025-04-29,-0.0013203870614127509
2025-04-30,0.0017486234523839126
2025-05-01,0.003823157897422994
2025-05-02,0.003455520137308571
2025-05-05,0.005179054197503729
2025-05-06,-0.0062198318584099814
2025-05-07,0.0027266535186839867
2025-05-08,-0.006992542240045842
2025-05-09,-0.004616036828699389
2025-05-12,0.023323723245581553
2025-05-13,-0.003363205963471512
2025-05-14,-0.0007794557615637271
2025-05-15,-0.017447862620291254
2025-05-16,0.003473293804707731
2025-05-19,0.00311056628480509
2025-05-20,0.0030108051994704858
2025-05-21,-0.0014273152859726184
2025-05-22,0.00496278109317283
2025-05-23,-0.004602337650714798
2025-05-27,0.0065629180440503945
2025-05-28,-0.000707164780770743
2025-05-29,-0.0041842883682912365
2025-05-30,-0.006175211629885477
2025-06-02,0.00129087129348676
2025-06-03,-0.0047603810593968435
2025-06-04,0.000731251512763056
2025-06-05,-0.005022567676850306
2025-06-06,-0.0064579840089314085
2025-06-09,-9.356714158378031e-05
2025-06-10,-0.0061187973022631134
2025-06-11,0.006429546679409885
2025-06-12,-0.0012426331324351995
2025-06-13,-0.0026282850414705177
2025-06-16,0.001573473933968876
2025-06-17,0.0023091273511369457
2025-06-18,0.000582468486023133
2025-06-20,-0.006404063361693078
2025-06-23,0.007101547005082761
2025-06-24,0.0038491197781967616
2025-06-25,0.0010767584951089438
2025-06-26,-0.0011930967312800723
2025-06-27,0.0012526729941631071
2025-06-30,0.006789381528561094
2025-07-01,-0.021154836378955006
2025-07-02,-0.003955459908648747
2025-07-03,0.007247595975754842
2025-07-07,0.00028349748318674486
2025-07-08,-0.0032844163757937564
2025-07-09,0.00020258587702740312
2025-07-10,-0.007591191193070519
2025-07-11,0.003897349138292057
2025-07-14,0.0034184171492083588
2025-07-15,0.005497123161056376
2025-07-16,0.0032825976286570404
2025-07-17,-4.242021481406591e-05
2025-07-18,-0.0011865286616956757
2025-07-21,-0.0029447019954659333
2025-07-22,-0.005824876802377772
2025-07-23,0.013438578532037466
2025-07-24,-0.0017234696356657046
2025-07-25,0.00368190362499422
2025-07-28,0.002913422970898216
2025-07-29,0.003368662195872362
2025-07-30,0.012464558001583834
2025-07-31,0.0034833225127640505
2025-08-01,-0.0055481593548083056
2025-08-04,0.005395354516444844
2025-08-05,-0.00802731160191705
2025-08-06,0.0037114395347613424
2025-08-07,-0.011254197875327715
2025-08-08,-0.0037430063504932934
2025-08-11,-0.002136180247297869
2025-08-12,0.0024552377790070233
2025-08-13,-0.005237130926099328
2025-08-14,0.00028384238199861663
2025-08-15,0.0024616220577127136
2025-08-18,0.001605368857580629
2025-08-19,-0.01289851277227258
2025-08-20,-0.0006966793909164527
2025-08-21,0.0017301771005063886
2025-08-22,-0.0031550978622185075
2025-08-25,-0.0013848775090336187
2025-08-26,0.005082763803673935
2025-08-27,-0.0018652459918958456
2025-08-28,0.005429468761062352
2025-08-29,-0.005810391639984449
2025-09-02,-0.000885814846598241
2025-09-03,0.002802873795704559
2025-09-04,0.001865727017430813
2025-09-05,0.0015913961435174457
2025-09-08,0.009055646351917798
2025-09-09,-0.0016444569741635058
2025-09-10,-0.011436719960623357
2025-09-11,0.005491309405280138
2025-09-12,-0.0020128192986203844
2025-09-15,0.003350446891695193
2025-09-16,-0.0017760490837537598
2025-09-17,-0.0048971432543252385
2025-09-18,0.003168305388397235
2025-09-19,0.006171554412865895
2025-09-22,0.00946305099923245
2025-09-23,-0.007074991009168163
2025-09-24,-0.00021025751157611832
2025-09-25,-0.004631670878734412
2025-09-26,-0.0015488278742059553
2025-09-29,-0.0009444728431232697
2025-09-30,0.004982578471560441
2025-10-01,0.0029282260092635547
2025-10-02,-1.303882124578941e-05
2025-10-03,0.0005180513320519513
2025-10-06,0.006833547468497151
2025-10-07,-0.004891123143888859
2025-10-08,0.006139370580066365
2025-10-09,-7.795674915373548e-05
2025-10-10,-0.005584295712755761
2025-10-13,0.005148978207155869
2025-10-14,-0.00895682487306218
2025-10-15,0.0034038934543035985
2025-10-16,0.005841894646066674
2025-10-17,-0.0051602841835080345
2025-10-20,-0.0029583025328541127
2025-10-21,-0.006524871149519697
2025-10-22,0.0012829088708569037
2025-10-23,0.012929499233371982
2025-10-24,0.007542131581033538
2025-10-27,0.004992642679192137
2025-10-28,0.0010601125576636795
2025-10-29,0.015603729133946403
2025-10-30,-0.004101458482908159
2025-10-31,0.0015148502933109444
2025-11-03,0.004501105439212502
2025-11-04,-0.0033553871300118785
2025-11-05,0.005413741926233966
2025-11-06,-0.005024067640588652
2025-11-07,-0.00871624967672731
2025-11-10,0.009279805823217635
2025-11-11,-0.010478962644307805
2025-11-12,-0.0036997464447954707
2025-11-13,-0.007995841713540203
2025-11-14,0.0028177921433501377
2025-11-17,0.011202441396972417
2025-11-18,-0.00958366637379573
2025-11-19,0.009906338934904174
2025-11-20,0.0005764403578846911
2025-11-21,-0.00725884684875568
2025-11-24,0.01688019431298072
2025-11-25,0.0012930812772101374
2025-11-26,0.0005848207718195448
2025-11-28,-0.005566238040695007
2025-12-01,-0.005675308911091777
2025-12-02,0.0011742514660915827
2025-12-03,-0.008726169607329191
2025-12-04,-0.00046812560384887255
2025-12-05,-0.0002373406032978749
2025-12-08,-0.002635992290613038
2025-12-09,-0.004102472156020405
2025-12-10,0.0033663990065958263
2025-12-11,-0.0021985080109787037
2025-12-12,-0.015880532685858546
2025-12-15,0.002964845804820551
2025-12-16,0.0025168982356974443
2025-12-17,-0.017748390814017165
2025-12-18,0.010426964106614575
2025-12-19,0.005927791335081224
2025-12-22,0.005172782795412902
2025-12-23,0.004140880846946297
2025-12-24,-0.000995016500395632
2025-12-26,-0.0007859899491170308
2025-12-29,-0.0007326841183802342
2025-12-30,-0.0025249456925535703
2025-12-31,-0.00139743223815124
2026-01-02,0.005129214805095587
2026-01-05,0.0045381867406971204
2026-01-06,-0.009743956381123946
2026-01-07,0.0007570039623520273
2026-01-08,0.0028811732380532667
2026-01-09,0.0031945871922541406
2026-01-12,-0.0005710220682498444
2026-01-13,0.008915236622715227
2026-01-14,0.006420085869588078
2026-01-15,-0.00773620851006938
2026-01-16,-0.0023614455267487165
2026-01-20,0.0041557992338819485
2026-01-21,0.0022978508677836957
2026-01-22,0.0009322491785106981
2026-01-23,0.00232896757495176
2026-01-26,-0.00694064908186218
2026-01-27,0.01072708879855242
2026-01-28,-0.010531881336250567
2026-01-29,-0.00022531639836133202
2026-01-30,0.0028121801990536053
2026-02-02,-0.007605506627977413
2026-02-03,0.010736072451449107
2026-02-04,0.005173732348194654
2026-02-05,-0.011894318456698723
2026-02-06,0.00783292918819991
2026-02-09,-0.00025119308449788946
2026-02-10,0.008725223449933539
2026-02-11,-0.010516934207030319
2026-02-12,-0.010705477723209771
2026-02-13,-0.0005838223311887241
2026-02-17,0.00455365448286759
2026-02-18,-0.0019730555511828954
2026-02-19,-0.0027635037223134535
2026-02-20,-0.005651501104329763
2026-02-23,-0.0002509363918394732
2026-02-24,0.005115977766034345
2026-02-25,0.005053112682036314
2026-02-26,0.001870175471405651
2026-02-27,0.003686860527595608
2026-03-02,0.002227512702339394
2026-03-03,0.00322572076516853
2026-03-04,0.002098056333887133
2026-03-05,0.012385061461067182
2026-03-06,6.412663986294428e-05
2026-03-09,-0.009921699954825601
2026-03-10,-0.0006644581337441997
2026-03-11,0.0016577036972954282
2026-03-12,-0.001228584715874224
2026-03-13,-0.0005427698629025394
2026-03-16,-0.0024346017351501207
2026-03-17,0.0023917298891131702
2026-03-18,-0.006962291139855298
2026-03-19,0.0030019558821940137
2026-03-20,-0.005623360251171295
2026-03-23,0.005328907043796604
2026-03-24,-0.001211978569616839
2026-03-25,0.005771974095397456
2026-03-26,0.0065023631981462405
2026-03-27,0.0017168358216036806
2026-03-30,0.000205454646200876
2026-03-31,0.0018804443662425966
2026-04-01,-0.010724295220849792
2026-04-02,0.00597524072092306
2026-04-06,-0.005191787832761085
2026-04-07,-0.004291791664229095
2026-04-08,-0.007500109368715705
2026-04-09,-0.0049287544378150885
2026-04-10,0.0018542489064436141
2026-04-13,0.0012691362598830469
2026-04-14,0.004107357564616612
2026-04-15,0.0118394009974148
2026-04-16,0.006029907791392641
2026-04-17,-0.00475790465847461
2026-04-20,0.0022439054554271487
2026-04-21,-0.002483490932557593
2026-04-22,-0.005398841591998594
2026-04-23,-0.006309165646506489
2026-04-24,0.006092748631424027
2026-04-27,-0.004933078067751416
2026-04-28,0.00549935568963187
2026-04-29,0.0024547419510365996
2026-04-30,-0.007231913435136633
2026-05-01,-0.0009864955245661483
2026-05-04,-0.007865379426022043
2026-05-05,-0.007748273744869471
2026-05-06,0.005026292299352707
2026-05-07,0.0036477984756595506
2026-05-08,-0.009511868033274038
2026-05-11,-0.010570772336081563
2026-05-12,0.00277379745108498
2026-05-13,-0.0036985535400196868
2026-05-14,0.00863796562848831
2026-05-15,0.00021282779306779716
2026-05-18,0.013468666120844158
2026-05-19,-0.0016124652121952028
2026-05-20,0.002482203506278088
2026-05-21,-0.0006673422521989662
2026-05-22,0.0028259005825028373
2026-05-26,-0.012338715623309043
2026-05-27,-0.0016864950453420464
2026-05-28,0.003678208607191094
2026-05-29,0.00846218851567869
2026-06-01,0.0028653812477165866
2026-06-02,-0.010654869985425346
2026-06-03,-0.01637984458602378
2026-06-04,0.0013810460374459842
2026-06-05,0.005057735255745316
2026-06-08,0.000369707248343133
2026-06-09,-0.0001702277198512144
2026-06-10,0.004461450489557737
2026-06-11,-0.006528129842451415
2026-06-12,-0.0029353893968529607
2026-06-15,-0.014507160260651514
2026-06-16,0.000799097860127497
2026-06-17,-0.013404504823612894
2026-06-18,-0.0056612245491359245
2026-06-22,-0.007427725784739829
2026-06-23,0.015637891503776334
2026-06-24,-0.00823663922475781
2026-06-25,-0.023120685249981596
2026-06-26,0.01783421263090282
2026-06-29,-0.012607620845733617
2026-06-30,-0.014856046986526499
2026-07-01,0.008470444018482574
2026-07-02,0.015225651615179204
2026-07-06,-0.009583459044742995
2026-07-07,0.01451941095780206
2026-07-08,-0.0006053761992598941
2026-07-09,-0.005507845996481308
2026-07-10,0.001805674984524686
2026-07-13,0.014740812950648415
2026-07-14,-0.010681772628349078
2026-07-15,0.013116333695020013
2026-07-16,0.014051300271703973
2026-07-17,0.0018518220926700753
2026-07-20,-0.004364917299911091
2026-07-21,-0.005217775981084986
2026-07-22,0.006055259957589721
2026-07-23,-0.011232150842853972
2026-07-24,0.012941109262974343
2026-07-27,0.013012865987228058
2026-07-28,0.013021522485870773
2026-07-29,0.0161690059544822
2026-07-30,-0.02329954989446384
2026-07-31,0.002709353973936941
2026-08-03,0.0015587613389013164
2026-08-04,0.0026833674576337225
2026-08-05,-0.0057884895955115714
2026-08-06,0.008227419919038383
2026-08-07,0.0023215254173020194
2026-08-10,0.0015549976077720788
2026-08-11,0.0012652877903701512
2026-08-12,3.427888164215219e-05
2026-08-13,0.004721809151785035
